{
  "type": "FeatureCollection",
  "crs": {
    "type": "name",
    "properties": {
      "name": "EPSG:32613"
    }
  },
  "metadata": {
    "title": "US_PIPELINE PIRL Route (7D Slope Optimization)",
    "description": "Reinforcement learning generated pipeline route optimized for terrain slope",
    "model_type": "PPO",
    "state_space_dim": 7,
    "action_space_dim": 2,
    "optimization_focus": "slope_minimization",
    "generation_date": "2025-11-21T14:15:40.856284",
    "total_length_m": 13008.68,
    "total_segments": 255,
    "average_slope_percent": 36.64,
    "max_slope_percent": 6962.57,
    "crs": "EPSG:32613"
  },
  "features": [
    {
      "type": "Feature",
      "geometry": {
        "type": "MultiLineString",
        "coordinates": [
          [
            [
              484838.28,
              4933184.19
            ],
            [
              484810.21,
              4933141.6
            ]
          ],
          [
            [
              484810.21,
              4933141.6
            ],
            [
              484788.71,
              4933106.98
            ]
          ],
          [
            [
              484788.71,
              4933106.98
            ],
            [
              484767.91,
              4933071.74
            ]
          ],
          [
            [
              484767.91,
              4933071.74
            ],
            [
              484745.75,
              4933032.61
            ]
          ],
          [
            [
              484745.75,
              4933032.61
            ],
            [
              484726.81,
              4932997.92
            ]
          ],
          [
            [
              484726.81,
              4932997.92
            ],
            [
              484709.23,
              4932964.65
            ]
          ],
          [
            [
              484709.23,
              4932964.65
            ],
            [
              484690.02,
              4932927.46
            ]
          ],
          [
            [
              484690.02,
              4932927.46
            ],
            [
              484669.7,
              4932887.48
            ]
          ],
          [
            [
              484669.7,
              4932887.48
            ],
            [
              484646.88,
              4932842.22
            ]
          ],
          [
            [
              484646.88,
              4932842.22
            ],
            [
              484624.03,
              4932797.07
            ]
          ],
          [
            [
              484624.03,
              4932797.07
            ],
            [
              484601.09,
              4932751.91
            ]
          ],
          [
            [
              484601.09,
              4932751.91
            ],
            [
              484578.07,
              4932706.76
            ]
          ],
          [
            [
              484578.07,
              4932706.76
            ],
            [
              484554.94,
              4932661.65
            ]
          ],
          [
            [
              484554.94,
              4932661.65
            ],
            [
              484534.4,
              4932621.73
            ]
          ],
          [
            [
              484534.4,
              4932621.73
            ],
            [
              484511.85,
              4932578.25
            ]
          ],
          [
            [
              484511.85,
              4932578.25
            ],
            [
              484496.05,
              4932547.82
            ]
          ],
          [
            [
              484496.05,
              4932547.82
            ],
            [
              484477.23,
              4932511.82
            ]
          ],
          [
            [
              484477.23,
              4932511.82
            ],
            [
              484460.12,
              4932479.29
            ]
          ],
          [
            [
              484460.12,
              4932479.29
            ],
            [
              484445.23,
              4932451.13
            ]
          ],
          [
            [
              484445.23,
              4932451.13
            ],
            [
              484427.14,
              4932417.26
            ]
          ],
          [
            [
              484427.14,
              4932417.26
            ],
            [
              484402.92,
              4932372.79
            ]
          ],
          [
            [
              484402.92,
              4932372.79
            ],
            [
              484378.31,
              4932328.55
            ]
          ],
          [
            [
              484378.31,
              4932328.55
            ],
            [
              484353.28,
              4932284.6
            ]
          ],
          [
            [
              484353.28,
              4932284.6
            ],
            [
              484327.8,
              4932240.89
            ]
          ],
          [
            [
              484327.8,
              4932240.89
            ],
            [
              484301.89,
              4932197.41
            ]
          ],
          [
            [
              484301.89,
              4932197.41
            ],
            [
              484275.54,
              4932154.21
            ]
          ],
          [
            [
              484275.54,
              4932154.21
            ],
            [
              484248.74,
              4932111.28
            ]
          ],
          [
            [
              484248.74,
              4932111.28
            ],
            [
              484221.48,
              4932068.67
            ]
          ],
          [
            [
              484221.48,
              4932068.67
            ],
            [
              484193.73,
              4932026.4
            ]
          ],
          [
            [
              484193.73,
              4932026.4
            ],
            [
              484165.46,
              4931984.53
            ]
          ],
          [
            [
              484165.46,
              4931984.53
            ],
            [
              484136.68,
              4931942.92
            ]
          ],
          [
            [
              484136.68,
              4931942.92
            ],
            [
              484107.43,
              4931901.6
            ]
          ],
          [
            [
              484107.43,
              4931901.6
            ],
            [
              484077.72,
              4931860.6
            ]
          ],
          [
            [
              484077.72,
              4931860.6
            ],
            [
              484047.55,
              4931819.96
            ]
          ],
          [
            [
              484047.55,
              4931819.96
            ],
            [
              484016.89,
              4931779.7
            ]
          ],
          [
            [
              484016.89,
              4931779.7
            ],
            [
              483985.73,
              4931739.8
            ]
          ],
          [
            [
              483985.73,
              4931739.8
            ],
            [
              483954.08,
              4931700.29
            ]
          ],
          [
            [
              483954.08,
              4931700.29
            ],
            [
              483921.94,
              4931661.13
            ]
          ],
          [
            [
              483921.94,
              4931661.13
            ],
            [
              483889.32,
              4931622.36
            ]
          ],
          [
            [
              483889.32,
              4931622.36
            ],
            [
              483856.22,
              4931584.03
            ]
          ],
          [
            [
              483856.22,
              4931584.03
            ],
            [
              483822.61,
              4931546.13
            ]
          ],
          [
            [
              483822.61,
              4931546.13
            ],
            [
              483788.5,
              4931508.68
            ]
          ],
          [
            [
              483788.5,
              4931508.68
            ],
            [
              483753.88,
              4931471.65
            ]
          ],
          [
            [
              483753.88,
              4931471.65
            ],
            [
              483718.77,
              4931435.05
            ]
          ],
          [
            [
              483718.77,
              4931435.05
            ],
            [
              483683.18,
              4931398.93
            ]
          ],
          [
            [
              483683.18,
              4931398.93
            ],
            [
              483647.09,
              4931363.3
            ]
          ],
          [
            [
              483647.09,
              4931363.3
            ],
            [
              483610.51,
              4931328.07
            ]
          ],
          [
            [
              483610.51,
              4931328.07
            ],
            [
              483573.47,
              4931293.37
            ]
          ],
          [
            [
              483573.47,
              4931293.37
            ],
            [
              483535.93,
              4931259.21
            ]
          ],
          [
            [
              483535.93,
              4931259.21
            ],
            [
              483497.89,
              4931225.6
            ]
          ],
          [
            [
              483497.89,
              4931225.6
            ],
            [
              483459.35,
              4931192.48
            ]
          ],
          [
            [
              483459.35,
              4931192.48
            ],
            [
              483430.43,
              4931168.09
            ]
          ],
          [
            [
              483430.43,
              4931168.09
            ],
            [
              483391.1,
              4931135.87
            ]
          ],
          [
            [
              483391.1,
              4931135.87
            ],
            [
              483351.3,
              4931104.2
            ]
          ],
          [
            [
              483351.3,
              4931104.2
            ],
            [
              483311.02,
              4931073.11
            ]
          ],
          [
            [
              483311.02,
              4931073.11
            ],
            [
              483270.27,
              4931042.54
            ]
          ],
          [
            [
              483270.27,
              4931042.54
            ],
            [
              483229.08,
              4931012.51
            ]
          ],
          [
            [
              483229.08,
              4931012.51
            ],
            [
              483187.47,
              4930983.08
            ]
          ],
          [
            [
              483187.47,
              4930983.08
            ],
            [
              483150.11,
              4930957.33
            ]
          ],
          [
            [
              483150.11,
              4930957.33
            ],
            [
              483107.67,
              4930929.08
            ]
          ],
          [
            [
              483107.67,
              4930929.08
            ],
            [
              483064.77,
              4930901.42
            ]
          ],
          [
            [
              483064.77,
              4930901.42
            ],
            [
              483021.43,
              4930874.39
            ]
          ],
          [
            [
              483021.43,
              4930874.39
            ],
            [
              482977.66,
              4930848.01
            ]
          ],
          [
            [
              482977.66,
              4930848.01
            ],
            [
              482945.96,
              4930829.35
            ]
          ],
          [
            [
              482945.96,
              4930829.35
            ],
            [
              482909.43,
              4930808.41
            ]
          ],
          [
            [
              482909.43,
              4930808.41
            ],
            [
              482864.64,
              4930783.69
            ]
          ],
          [
            [
              482864.64,
              4930783.69
            ],
            [
              482819.43,
              4930759.72
            ]
          ],
          [
            [
              482819.43,
              4930759.72
            ],
            [
              482773.78,
              4930736.47
            ]
          ],
          [
            [
              482773.78,
              4930736.47
            ],
            [
              482727.73,
              4930713.89
            ]
          ],
          [
            [
              482727.73,
              4930713.89
            ],
            [
              482681.3,
              4930691.97
            ]
          ],
          [
            [
              482681.3,
              4930691.97
            ],
            [
              482634.51,
              4930670.72
            ]
          ],
          [
            [
              482634.51,
              4930670.72
            ],
            [
              482587.37,
              4930650.18
            ]
          ],
          [
            [
              482587.37,
              4930650.18
            ],
            [
              482547.81,
              4930633.49
            ]
          ],
          [
            [
              482547.81,
              4930633.49
            ],
            [
              482516.35,
              4930620.52
            ]
          ],
          [
            [
              482516.35,
              4930620.52
            ],
            [
              482474.31,
              4930603.59
            ]
          ],
          [
            [
              482474.31,
              4930603.59
            ],
            [
              482426.42,
              4930584.69
            ]
          ],
          [
            [
              482426.42,
              4930584.69
            ],
            [
              482378.45,
              4930565.94
            ]
          ],
          [
            [
              482378.45,
              4930565.94
            ],
            [
              482330.49,
              4930547.18
            ]
          ],
          [
            [
              482330.49,
              4930547.18
            ],
            [
              482282.61,
              4930528.26
            ]
          ],
          [
            [
              482282.61,
              4930528.26
            ],
            [
              482234.84,
              4930509.05
            ]
          ],
          [
            [
              482234.84,
              4930509.05
            ],
            [
              482187.25,
              4930489.51
            ]
          ],
          [
            [
              482187.25,
              4930489.51
            ],
            [
              482139.87,
              4930469.52
            ]
          ],
          [
            [
              482139.87,
              4930469.52
            ],
            [
              482092.72,
              4930448.97
            ]
          ],
          [
            [
              482092.72,
              4930448.97
            ],
            [
              482045.86,
              4930427.77
            ]
          ],
          [
            [
              482045.86,
              4930427.77
            ],
            [
              481999.34,
              4930405.8
            ]
          ],
          [
            [
              481999.34,
              4930405.8
            ],
            [
              481953.21,
              4930383.04
            ]
          ],
          [
            [
              481953.21,
              4930383.04
            ],
            [
              481907.53,
              4930359.47
            ]
          ],
          [
            [
              481907.53,
              4930359.47
            ],
            [
              481862.32,
              4930335.14
            ]
          ],
          [
            [
              481862.32,
              4930335.14
            ],
            [
              481817.57,
              4930309.96
            ]
          ],
          [
            [
              481817.57,
              4930309.96
            ],
            [
              481773.34,
              4930283.98
            ]
          ],
          [
            [
              481773.34,
              4930283.98
            ],
            [
              481729.63,
              4930257.15
            ]
          ],
          [
            [
              481729.63,
              4930257.15
            ],
            [
              481686.48,
              4930229.44
            ]
          ],
          [
            [
              481686.48,
              4930229.44
            ],
            [
              481643.91,
              4930200.85
            ]
          ],
          [
            [
              481643.91,
              4930200.85
            ],
            [
              481601.98,
              4930171.37
            ]
          ],
          [
            [
              481601.98,
              4930171.37
            ],
            [
              481560.69,
              4930141.05
            ]
          ],
          [
            [
              481560.69,
              4930141.05
            ],
            [
              481520.07,
              4930109.85
            ]
          ],
          [
            [
              481520.07,
              4930109.85
            ],
            [
              481480.13,
              4930077.79
            ]
          ],
          [
            [
              481480.13,
              4930077.79
            ],
            [
              481440.91,
              4930044.87
            ]
          ],
          [
            [
              481440.91,
              4930044.87
            ],
            [
              481402.43,
              4930011.05
            ]
          ],
          [
            [
              481402.43,
              4930011.05
            ],
            [
              481364.72,
              4929976.36
            ]
          ],
          [
            [
              481364.72,
              4929976.36
            ],
            [
              481327.82,
              4929940.88
            ]
          ],
          [
            [
              481327.82,
              4929940.88
            ],
            [
              481291.71,
              4929904.63
            ]
          ],
          [
            [
              481291.71,
              4929904.63
            ],
            [
              481256.39,
              4929867.63
            ]
          ],
          [
            [
              481256.39,
              4929867.63
            ],
            [
              481221.86,
              4929829.91
            ]
          ],
          [
            [
              481221.86,
              4929829.91
            ],
            [
              481188.13,
              4929791.47
            ]
          ],
          [
            [
              481188.13,
              4929791.47
            ],
            [
              481155.21,
              4929752.37
            ]
          ],
          [
            [
              481155.21,
              4929752.37
            ],
            [
              481123.09,
              4929712.6
            ]
          ],
          [
            [
              481123.09,
              4929712.6
            ],
            [
              481091.79,
              4929672.22
            ]
          ],
          [
            [
              481091.79,
              4929672.22
            ],
            [
              481061.28,
              4929631.26
            ]
          ],
          [
            [
              481061.28,
              4929631.26
            ],
            [
              481031.58,
              4929589.66
            ]
          ],
          [
            [
              481031.58,
              4929589.66
            ],
            [
              481002.72,
              4929547.46
            ]
          ],
          [
            [
              481002.72,
              4929547.46
            ],
            [
              480974.69,
              4929504.72
            ]
          ],
          [
            [
              480974.69,
              4929504.72
            ],
            [
              480947.48,
              4929461.51
            ]
          ],
          [
            [
              480947.48,
              4929461.51
            ],
            [
              480921.08,
              4929417.76
            ]
          ],
          [
            [
              480921.08,
              4929417.76
            ],
            [
              480895.49,
              4929373.52
            ]
          ],
          [
            [
              480895.49,
              4929373.52
            ],
            [
              480870.75,
              4929328.77
            ]
          ],
          [
            [
              480870.75,
              4929328.77
            ],
            [
              480846.86,
              4929283.52
            ]
          ],
          [
            [
              480846.86,
              4929283.52
            ],
            [
              480823.81,
              4929237.86
            ]
          ],
          [
            [
              480823.81,
              4929237.86
            ],
            [
              480801.56,
              4929191.87
            ]
          ],
          [
            [
              480801.56,
              4929191.87
            ],
            [
              480780.09,
              4929145.48
            ]
          ],
          [
            [
              480780.09,
              4929145.48
            ],
            [
              480759.4,
              4929098.73
            ]
          ],
          [
            [
              480759.4,
              4929098.73
            ],
            [
              480739.5,
              4929051.61
            ]
          ],
          [
            [
              480739.5,
              4929051.61
            ],
            [
              480720.38,
              4929004.17
            ]
          ],
          [
            [
              480720.38,
              4929004.17
            ],
            [
              480702.03,
              4928956.43
            ]
          ],
          [
            [
              480702.03,
              4928956.43
            ],
            [
              480684.41,
              4928908.42
            ]
          ],
          [
            [
              480684.41,
              4928908.42
            ],
            [
              480667.52,
              4928860.16
            ]
          ],
          [
            [
              480667.52,
              4928860.16
            ],
            [
              480651.34,
              4928811.64
            ]
          ],
          [
            [
              480651.34,
              4928811.64
            ],
            [
              480635.91,
              4928762.82
            ]
          ],
          [
            [
              480635.91,
              4928762.82
            ],
            [
              480621.18,
              4928713.82
            ]
          ],
          [
            [
              480621.18,
              4928713.82
            ],
            [
              480607.14,
              4928664.62
            ]
          ],
          [
            [
              480607.14,
              4928664.62
            ],
            [
              480593.73,
              4928615.31
            ]
          ],
          [
            [
              480593.73,
              4928615.31
            ],
            [
              480580.94,
              4928565.79
            ]
          ],
          [
            [
              480580.94,
              4928565.79
            ],
            [
              480568.81,
              4928516.06
            ]
          ],
          [
            [
              480568.81,
              4928516.06
            ],
            [
              480557.33,
              4928466.16
            ]
          ],
          [
            [
              480557.33,
              4928466.16
            ],
            [
              480546.48,
              4928416.16
            ]
          ],
          [
            [
              480546.48,
              4928416.16
            ],
            [
              480536.24,
              4928366.0
            ]
          ],
          [
            [
              480536.24,
              4928366.0
            ],
            [
              480526.61,
              4928315.71
            ]
          ],
          [
            [
              480526.61,
              4928315.71
            ],
            [
              480517.59,
              4928265.3
            ]
          ],
          [
            [
              480517.59,
              4928265.3
            ],
            [
              480509.18,
              4928214.76
            ]
          ],
          [
            [
              480509.18,
              4928214.76
            ],
            [
              480501.36,
              4928164.14
            ]
          ],
          [
            [
              480501.36,
              4928164.14
            ],
            [
              480494.14,
              4928113.41
            ]
          ],
          [
            [
              480494.14,
              4928113.41
            ],
            [
              480487.5,
              4928062.59
            ]
          ],
          [
            [
              480487.5,
              4928062.59
            ],
            [
              480481.42,
              4928011.73
            ]
          ],
          [
            [
              480481.42,
              4928011.73
            ],
            [
              480475.9,
              4927960.79
            ]
          ],
          [
            [
              480475.9,
              4927960.79
            ],
            [
              480470.93,
              4927909.79
            ]
          ],
          [
            [
              480470.93,
              4927909.79
            ],
            [
              480466.51,
              4927858.74
            ]
          ],
          [
            [
              480466.51,
              4927858.74
            ],
            [
              480462.66,
              4927807.62
            ]
          ],
          [
            [
              480462.66,
              4927807.62
            ],
            [
              480459.4,
              4927756.43
            ]
          ],
          [
            [
              480459.4,
              4927756.43
            ],
            [
              480457.0,
              4927705.91
            ]
          ],
          [
            [
              480457.0,
              4927705.91
            ],
            [
              480455.42,
              4927655.34
            ]
          ],
          [
            [
              480455.42,
              4927655.34
            ],
            [
              480454.51,
              4927603.93
            ]
          ],
          [
            [
              480454.51,
              4927603.93
            ],
            [
              480454.49,
              4927552.33
            ]
          ],
          [
            [
              480454.49,
              4927552.33
            ],
            [
              480455.42,
              4927500.69
            ]
          ],
          [
            [
              480455.42,
              4927500.69
            ],
            [
              480457.27,
              4927449.12
            ]
          ],
          [
            [
              480457.27,
              4927449.12
            ],
            [
              480460.18,
              4927397.5
            ]
          ],
          [
            [
              480460.18,
              4927397.5
            ],
            [
              480464.25,
              4927345.92
            ]
          ],
          [
            [
              480464.25,
              4927345.92
            ],
            [
              480469.84,
              4927294.24
            ]
          ],
          [
            [
              480469.84,
              4927294.24
            ],
            [
              480477.29,
              4927242.59
            ]
          ],
          [
            [
              480477.29,
              4927242.59
            ],
            [
              480487.17,
              4927191.01
            ]
          ],
          [
            [
              480487.17,
              4927191.01
            ],
            [
              480500.26,
              4927139.67
            ]
          ],
          [
            [
              480500.26,
              4927139.67
            ],
            [
              480517.61,
              4927088.88
            ]
          ],
          [
            [
              480517.61,
              4927088.88
            ],
            [
              480540.09,
              4927039.35
            ]
          ],
          [
            [
              480540.09,
              4927039.35
            ],
            [
              480568.12,
              4926992.01
            ]
          ],
          [
            [
              480568.12,
              4926992.01
            ],
            [
              480601.77,
              4926947.84
            ]
          ],
          [
            [
              480601.77,
              4926947.84
            ],
            [
              480640.66,
              4926907.69
            ]
          ],
          [
            [
              480640.66,
              4926907.69
            ],
            [
              480684.16,
              4926872.21
            ]
          ],
          [
            [
              480684.16,
              4926872.21
            ],
            [
              480731.64,
              4926841.85
            ]
          ],
          [
            [
              480731.64,
              4926841.85
            ],
            [
              480782.46,
              4926816.94
            ]
          ],
          [
            [
              480782.46,
              4926816.94
            ],
            [
              480835.9,
              4926797.7
            ]
          ],
          [
            [
              480835.9,
              4926797.7
            ],
            [
              480891.2,
              4926784.19
            ]
          ],
          [
            [
              480891.2,
              4926784.19
            ],
            [
              480947.71,
              4926776.34
            ]
          ],
          [
            [
              480947.71,
              4926776.34
            ],
            [
              481004.75,
              4926773.96
            ]
          ],
          [
            [
              481004.75,
              4926773.96
            ],
            [
              481061.86,
              4926776.83
            ]
          ],
          [
            [
              481061.86,
              4926776.83
            ],
            [
              481118.6,
              4926784.69
            ]
          ],
          [
            [
              481118.6,
              4926784.69
            ],
            [
              481174.56,
              4926797.27
            ]
          ],
          [
            [
              481174.56,
              4926797.27
            ],
            [
              481229.43,
              4926814.27
            ]
          ],
          [
            [
              481229.43,
              4926814.27
            ],
            [
              481281.89,
              4926835.15
            ]
          ],
          [
            [
              481281.89,
              4926835.15
            ],
            [
              481331.87,
              4926859.48
            ]
          ],
          [
            [
              481331.87,
              4926859.48
            ],
            [
              481381.95,
              4926888.3
            ]
          ],
          [
            [
              481381.95,
              4926888.3
            ],
            [
              481430.08,
              4926920.36
            ]
          ],
          [
            [
              481430.08,
              4926920.36
            ],
            [
              481476.17,
              4926955.26
            ]
          ],
          [
            [
              481476.17,
              4926955.26
            ],
            [
              481520.23,
              4926992.61
            ]
          ],
          [
            [
              481520.23,
              4926992.61
            ],
            [
              481562.32,
              4927032.25
            ]
          ],
          [
            [
              481562.32,
              4927032.25
            ],
            [
              481602.46,
              4927073.96
            ]
          ],
          [
            [
              481602.46,
              4927073.96
            ],
            [
              481640.65,
              4927117.55
            ]
          ],
          [
            [
              481640.65,
              4927117.55
            ],
            [
              481676.93,
              4927162.81
            ]
          ],
          [
            [
              481676.93,
              4927162.81
            ],
            [
              481711.36,
              4927209.56
            ]
          ],
          [
            [
              481711.36,
              4927209.56
            ],
            [
              481743.77,
              4927246.37
            ]
          ],
          [
            [
              481743.77,
              4927246.37
            ],
            [
              481779.27,
              4927280.22
            ]
          ],
          [
            [
              481779.27,
              4927280.22
            ],
            [
              481817.55,
              4927310.81
            ]
          ],
          [
            [
              481817.55,
              4927310.81
            ],
            [
              481858.35,
              4927337.96
            ]
          ],
          [
            [
              481858.35,
              4927337.96
            ],
            [
              481901.35,
              4927361.44
            ]
          ],
          [
            [
              481901.35,
              4927361.44
            ],
            [
              481946.25,
              4927381.08
            ]
          ],
          [
            [
              481946.25,
              4927381.08
            ],
            [
              481992.67,
              4927396.74
            ]
          ],
          [
            [
              481992.67,
              4927396.74
            ],
            [
              482040.27,
              4927408.28
            ]
          ],
          [
            [
              482040.27,
              4927408.28
            ],
            [
              482088.71,
              4927415.64
            ]
          ],
          [
            [
              482088.71,
              4927415.64
            ],
            [
              482137.6,
              4927418.74
            ]
          ],
          [
            [
              482137.6,
              4927418.74
            ],
            [
              482186.51,
              4927417.58
            ]
          ],
          [
            [
              482186.51,
              4927417.58
            ],
            [
              482235.14,
              4927412.15
            ]
          ],
          [
            [
              482235.14,
              4927412.15
            ],
            [
              482283.11,
              4927402.51
            ]
          ],
          [
            [
              482283.11,
              4927402.51
            ],
            [
              482330.03,
              4927388.73
            ]
          ],
          [
            [
              482330.03,
              4927388.73
            ],
            [
              482375.56,
              4927370.92
            ]
          ],
          [
            [
              482375.56,
              4927370.92
            ],
            [
              482419.37,
              4927349.2
            ]
          ],
          [
            [
              482419.37,
              4927349.2
            ],
            [
              482461.12,
              4927323.75
            ]
          ],
          [
            [
              482461.12,
              4927323.75
            ],
            [
              482500.49,
              4927294.76
            ]
          ],
          [
            [
              482500.49,
              4927294.76
            ],
            [
              482537.17,
              4927262.47
            ]
          ],
          [
            [
              482537.17,
              4927262.47
            ],
            [
              482570.91,
              4927227.07
            ]
          ],
          [
            [
              482570.91,
              4927227.07
            ],
            [
              482601.44,
              4927188.87
            ]
          ],
          [
            [
              482601.44,
              4927188.87
            ],
            [
              482628.26,
              4927148.57
            ]
          ],
          [
            [
              482628.26,
              4927148.57
            ],
            [
              482670.02,
              4927106.45
            ]
          ],
          [
            [
              482670.02,
              4927106.45
            ],
            [
              482718.52,
              4927072.53
            ]
          ],
          [
            [
              482718.52,
              4927072.53
            ],
            [
              482768.18,
              4927048.93
            ]
          ],
          [
            [
              482768.18,
              4927048.93
            ],
            [
              482822.53,
              4927032.71
            ]
          ],
          [
            [
              482822.53,
              4927032.71
            ],
            [
              482880.71,
              4927023.93
            ]
          ],
          [
            [
              482880.71,
              4927023.93
            ],
            [
              482939.44,
              4927022.71
            ]
          ],
          [
            [
              482939.44,
              4927022.71
            ],
            [
              482997.8,
              4927028.43
            ]
          ],
          [
            [
              482997.8,
              4927028.43
            ],
            [
              483055.14,
              4927040.45
            ]
          ],
          [
            [
              483055.14,
              4927040.45
            ],
            [
              483110.93,
              4927058.12
            ]
          ],
          [
            [
              483110.93,
              4927058.12
            ],
            [
              483162.64,
              4927080.0
            ]
          ],
          [
            [
              483162.64,
              4927080.0
            ],
            [
              483214.3,
              4927107.05
            ]
          ],
          [
            [
              483214.3,
              4927107.05
            ],
            [
              483263.72,
              4927137.86
            ]
          ],
          [
            [
              483263.72,
              4927137.86
            ],
            [
              483310.9,
              4927171.93
            ]
          ],
          [
            [
              483310.9,
              4927171.93
            ],
            [
              483352.89,
              4927197.0
            ]
          ],
          [
            [
              483352.89,
              4927197.0
            ],
            [
              483396.96,
              4927218.34
            ]
          ],
          [
            [
              483396.96,
              4927218.34
            ],
            [
              483442.7,
              4927235.74
            ]
          ],
          [
            [
              483442.7,
              4927235.74
            ],
            [
              483489.74,
              4927249.09
            ]
          ],
          [
            [
              483489.74,
              4927249.09
            ],
            [
              483537.79,
              4927258.29
            ]
          ],
          [
            [
              483537.79,
              4927258.29
            ],
            [
              483586.42,
              4927263.26
            ]
          ],
          [
            [
              483586.42,
              4927263.26
            ],
            [
              483635.31,
              4927263.97
            ]
          ],
          [
            [
              483635.31,
              4927263.97
            ],
            [
              483684.05,
              4927260.42
            ]
          ],
          [
            [
              483684.05,
              4927260.42
            ],
            [
              483732.24,
              4927252.65
            ]
          ],
          [
            [
              483732.24,
              4927252.65
            ],
            [
              483779.58,
              4927240.7
            ]
          ],
          [
            [
              483779.58,
              4927240.7
            ],
            [
              483825.69,
              4927224.68
            ]
          ],
          [
            [
              483825.69,
              4927224.68
            ],
            [
              483870.23,
              4927204.69
            ]
          ],
          [
            [
              483870.23,
              4927204.69
            ],
            [
              483912.87,
              4927180.9
            ]
          ],
          [
            [
              483912.87,
              4927180.9
            ],
            [
              483953.29,
              4927153.46
            ]
          ],
          [
            [
              483953.29,
              4927153.46
            ],
            [
              484006.84,
              4927128.69
            ]
          ],
          [
            [
              484006.84,
              4927128.69
            ],
            [
              484061.84,
              4927112.78
            ]
          ],
          [
            [
              484061.84,
              4927112.78
            ],
            [
              484118.8,
              4927104.68
            ]
          ],
          [
            [
              484118.8,
              4927104.68
            ],
            [
              484173.3,
              4927104.03
            ]
          ],
          [
            [
              484173.3,
              4927104.03
            ],
            [
              484231.64,
              4927110.2
            ]
          ],
          [
            [
              484231.64,
              4927110.2
            ],
            [
              484288.92,
              4927122.58
            ]
          ],
          [
            [
              484288.92,
              4927122.58
            ],
            [
              484344.62,
              4927140.5
            ]
          ],
          [
            [
              484344.62,
              4927140.5
            ],
            [
              484398.41,
              4927163.29
            ]
          ],
          [
            [
              484398.41,
              4927163.29
            ],
            [
              484450.09,
              4927190.33
            ]
          ],
          [
            [
              484450.09,
              4927190.33
            ],
            [
              484495.27,
              4927209.15
            ]
          ],
          [
            [
              484495.27,
              4927209.15
            ],
            [
              484541.89,
              4927223.95
            ]
          ],
          [
            [
              484541.89,
              4927223.95
            ],
            [
              484589.61,
              4927234.64
            ]
          ],
          [
            [
              484589.61,
              4927234.64
            ],
            [
              484637.95,
              4927241.1
            ]
          ],
          [
            [
              484637.95,
              4927241.1
            ],
            [
              484686.75,
              4927243.33
            ]
          ],
          [
            [
              484686.75,
              4927243.33
            ],
            [
              484732.1,
              4927241.44
            ]
          ],
          [
            [
              484732.1,
              4927241.44
            ],
            [
              484780.5,
              4927235.17
            ]
          ],
          [
            [
              484780.5,
              4927235.17
            ],
            [
              484828.16,
              4927224.71
            ]
          ],
          [
            [
              484828.16,
              4927224.71
            ],
            [
              484874.72,
              4927210.13
            ]
          ],
          [
            [
              484874.72,
              4927210.13
            ],
            [
              484919.8,
              4927191.57
            ]
          ]
        ]
      },
      "properties": {
        "type": "full_route",
        "total_length_m": 13008.68,
        "total_segments": 255,
        "success": false,
        "average_slope_percent": 36.64,
        "max_slope_percent": 6962.57,
        "generation_timestamp": "2025-11-21T14:15:40.856273",
        "model_path": "/opt/agrs/Projects/US_PIPELINE/PIRL/outputs/production_500k_cpu_20251121_140212/eval/best_model.zip",
        "crs": "EPSG:32613"
      }
    },
    {
      "type": "Feature",
      "geometry": {
        "type": "LineString",
        "coordinates": [
          [
            484838.28,
            4933184.19
          ],
          [
            484810.21,
            4933141.6
          ]
        ]
      },
      "properties": {
        "segment_id": 1,
        "step": 1,
        "length_m": 51.01,
        "cumulative_distance_m": 51.01,
        "elevation_start_m": 1207.98,
        "elevation_end_m": 1210.09,
        "max_slope_percent": 25.17,
        "reward": -3.4,
        "total_reward_cumulative": -3.4,
        "distance_to_aoi_boundary_m": 114.28
      }
    },
    {
      "type": "Feature",
      "geometry": {
        "type": "LineString",
        "coordinates": [
          [
            484810.21,
            4933141.6
          ],
          [
            484788.71,
            4933106.98
          ]
        ]
      },
      "properties": {
        "segment_id": 2,
        "step": 2,
        "length_m": 40.75,
        "cumulative_distance_m": 91.76,
        "elevation_start_m": 1210.09,
        "elevation_end_m": 1219.1,
        "max_slope_percent": 24.96,
        "reward": 0.43,
        "total_reward_cumulative": -2.97,
        "distance_to_aoi_boundary_m": 135.7
      }
    },
    {
      "type": "Feature",
      "geometry": {
        "type": "LineString",
        "coordinates": [
          [
            484788.71,
            4933106.98
          ],
          [
            484767.91,
            4933071.74
          ]
        ]
      },
      "properties": {
        "segment_id": 3,
        "step": 3,
        "length_m": 40.92,
        "cumulative_distance_m": 132.68,
        "elevation_start_m": 1219.1,
        "elevation_end_m": 1221.7,
        "max_slope_percent": 20.91,
        "reward": 40.89,
        "total_reward_cumulative": 37.92,
        "distance_to_aoi_boundary_m": 156.42
      }
    },
    {
      "type": "Feature",
      "geometry": {
        "type": "LineString",
        "coordinates": [
          [
            484767.91,
            4933071.74
          ],
          [
            484745.75,
            4933032.61
          ]
        ]
      },
      "properties": {
        "segment_id": 4,
        "step": 4,
        "length_m": 44.97,
        "cumulative_distance_m": 177.65,
        "elevation_start_m": 1221.7,
        "elevation_end_m": 1217.84,
        "max_slope_percent": 26.28,
        "reward": -25.57,
        "total_reward_cumulative": 12.34,
        "distance_to_aoi_boundary_m": 178.49
      }
    },
    {
      "type": "Feature",
      "geometry": {
        "type": "LineString",
        "coordinates": [
          [
            484745.75,
            4933032.61
          ],
          [
            484726.81,
            4932997.92
          ]
        ]
      },
      "properties": {
        "segment_id": 5,
        "step": 5,
        "length_m": 39.52,
        "cumulative_distance_m": 217.17,
        "elevation_start_m": 1217.84,
        "elevation_end_m": 1215.76,
        "max_slope_percent": 28.13,
        "reward": -62.56,
        "total_reward_cumulative": -50.22,
        "distance_to_aoi_boundary_m": 197.34
      }
    },
    {
      "type": "Feature",
      "geometry": {
        "type": "LineString",
        "coordinates": [
          [
            484726.81,
            4932997.92
          ],
          [
            484709.23,
            4932964.65
          ]
        ]
      },
      "properties": {
        "segment_id": 6,
        "step": 6,
        "length_m": 37.63,
        "cumulative_distance_m": 254.8,
        "elevation_start_m": 1215.76,
        "elevation_end_m": 1224.32,
        "max_slope_percent": 23.92,
        "reward": 10.83,
        "total_reward_cumulative": -39.38,
        "distance_to_aoi_boundary_m": 214.86
      }
    },
    {
      "type": "Feature",
      "geometry": {
        "type": "LineString",
        "coordinates": [
          [
            484709.23,
            4932964.65
          ],
          [
            484690.02,
            4932927.46
          ]
        ]
      },
      "properties": {
        "segment_id": 7,
        "step": 7,
        "length_m": 41.86,
        "cumulative_distance_m": 296.66,
        "elevation_start_m": 1224.32,
        "elevation_end_m": 1231.82,
        "max_slope_percent": 20.91,
        "reward": 40.85,
        "total_reward_cumulative": 1.47,
        "distance_to_aoi_boundary_m": 233.98
      }
    },
    {
      "type": "Feature",
      "geometry": {
        "type": "LineString",
        "coordinates": [
          [
            484690.02,
            4932927.46
          ],
          [
            484669.7,
            4932887.48
          ]
        ]
      },
      "properties": {
        "segment_id": 8,
        "step": 8,
        "length_m": 44.85,
        "cumulative_distance_m": 341.51,
        "elevation_start_m": 1231.82,
        "elevation_end_m": 1232.39,
        "max_slope_percent": 15.08,
        "reward": 59.83,
        "total_reward_cumulative": 61.3,
        "distance_to_aoi_boundary_m": 254.2
      }
    },
    {
      "type": "Feature",
      "geometry": {
        "type": "LineString",
        "coordinates": [
          [
            484669.7,
            4932887.48
          ],
          [
            484646.88,
            4932842.22
          ]
        ]
      },
      "properties": {
        "segment_id": 9,
        "step": 9,
        "length_m": 50.69,
        "cumulative_distance_m": 392.2,
        "elevation_start_m": 1232.39,
        "elevation_end_m": 1230.97,
        "max_slope_percent": 3.55,
        "reward": 100.0,
        "total_reward_cumulative": 161.3,
        "distance_to_aoi_boundary_m": 276.92
      }
    },
    {
      "type": "Feature",
      "geometry": {
        "type": "LineString",
        "coordinates": [
          [
            484646.88,
            4932842.22
          ],
          [
            484624.03,
            4932797.07
          ]
        ]
      },
      "properties": {
        "segment_id": 10,
        "step": 10,
        "length_m": 50.6,
        "cumulative_distance_m": 442.8,
        "elevation_start_m": 1230.97,
        "elevation_end_m": 1228.43,
        "max_slope_percent": 7.65,
        "reward": 89.4,
        "total_reward_cumulative": 250.7,
        "distance_to_aoi_boundary_m": 299.66
      }
    },
    {
      "type": "Feature",
      "geometry": {
        "type": "LineString",
        "coordinates": [
          [
            484624.03,
            4932797.07
          ],
          [
            484601.09,
            4932751.91
          ]
        ]
      },
      "properties": {
        "segment_id": 11,
        "step": 11,
        "length_m": 50.64,
        "cumulative_distance_m": 493.45,
        "elevation_start_m": 1228.43,
        "elevation_end_m": 1228.16,
        "max_slope_percent": 11.52,
        "reward": 73.91,
        "total_reward_cumulative": 324.61,
        "distance_to_aoi_boundary_m": 322.49
      }
    },
    {
      "type": "Feature",
      "geometry": {
        "type": "LineString",
        "coordinates": [
          [
            484601.09,
            4932751.91
          ],
          [
            484578.07,
            4932706.76
          ]
        ]
      },
      "properties": {
        "segment_id": 12,
        "step": 12,
        "length_m": 50.68,
        "cumulative_distance_m": 544.13,
        "elevation_start_m": 1228.16,
        "elevation_end_m": 1230.26,
        "max_slope_percent": 13.47,
        "reward": 66.12,
        "total_reward_cumulative": 390.73,
        "distance_to_aoi_boundary_m": 345.41
      }
    },
    {
      "type": "Feature",
      "geometry": {
        "type": "LineString",
        "coordinates": [
          [
            484578.07,
            4932706.76
          ],
          [
            484554.94,
            4932661.65
          ]
        ]
      },
      "properties": {
        "segment_id": 13,
        "step": 13,
        "length_m": 50.7,
        "cumulative_distance_m": 594.83,
        "elevation_start_m": 1230.26,
        "elevation_end_m": 1221.53,
        "max_slope_percent": 20.81,
        "reward": 41.95,
        "total_reward_cumulative": 432.67,
        "distance_to_aoi_boundary_m": 368.44
      }
    },
    {
      "type": "Feature",
      "geometry": {
        "type": "LineString",
        "coordinates": [
          [
            484554.94,
            4932661.65
          ],
          [
            484534.4,
            4932621.73
          ]
        ]
      },
      "properties": {
        "segment_id": 14,
        "step": 14,
        "length_m": 44.89,
        "cumulative_distance_m": 639.71,
        "elevation_start_m": 1221.53,
        "elevation_end_m": 1215.12,
        "max_slope_percent": 16.7,
        "reward": 56.59,
        "total_reward_cumulative": 489.27,
        "distance_to_aoi_boundary_m": 388.88
      }
    },
    {
      "type": "Feature",
      "geometry": {
        "type": "LineString",
        "coordinates": [
          [
            484534.4,
            4932621.73
          ],
          [
            484511.85,
            4932578.25
          ]
        ]
      },
      "properties": {
        "segment_id": 15,
        "step": 15,
        "length_m": 48.99,
        "cumulative_distance_m": 688.71,
        "elevation_start_m": 1215.12,
        "elevation_end_m": 1205.99,
        "max_slope_percent": 31.34,
        "reward": -140.09,
        "total_reward_cumulative": 349.18,
        "distance_to_aoi_boundary_m": 411.34
      }
    },
    {
      "type": "Feature",
      "geometry": {
        "type": "LineString",
        "coordinates": [
          [
            484511.85,
            4932578.25
          ],
          [
            484496.05,
            4932547.82
          ]
        ]
      },
      "properties": {
        "segment_id": 16,
        "step": 16,
        "length_m": 34.28,
        "cumulative_distance_m": 722.98,
        "elevation_start_m": 1205.99,
        "elevation_end_m": 1205.41,
        "max_slope_percent": 25.02,
        "reward": -0.42,
        "total_reward_cumulative": 348.76,
        "distance_to_aoi_boundary_m": 427.06
      }
    },
    {
      "type": "Feature",
      "geometry": {
        "type": "LineString",
        "coordinates": [
          [
            484496.05,
            4932547.82
          ],
          [
            484477.23,
            4932511.82
          ]
        ]
      },
      "properties": {
        "segment_id": 17,
        "step": 17,
        "length_m": 40.63,
        "cumulative_distance_m": 763.61,
        "elevation_start_m": 1205.41,
        "elevation_end_m": 1206.98,
        "max_slope_percent": 28.87,
        "reward": -77.46,
        "total_reward_cumulative": 271.3,
        "distance_to_aoi_boundary_m": 445.8
      }
    },
    {
      "type": "Feature",
      "geometry": {
        "type": "LineString",
        "coordinates": [
          [
            484477.23,
            4932511.82
          ],
          [
            484460.12,
            4932479.29
          ]
        ]
      },
      "properties": {
        "segment_id": 18,
        "step": 18,
        "length_m": 36.75,
        "cumulative_distance_m": 800.36,
        "elevation_start_m": 1206.98,
        "elevation_end_m": 1218.3,
        "max_slope_percent": 33.72,
        "reward": -211.54,
        "total_reward_cumulative": 59.76,
        "distance_to_aoi_boundary_m": 462.84
      }
    },
    {
      "type": "Feature",
      "geometry": {
        "type": "LineString",
        "coordinates": [
          [
            484460.12,
            4932479.29
          ],
          [
            484445.23,
            4932451.13
          ]
        ]
      },
      "properties": {
        "segment_id": 19,
        "step": 19,
        "length_m": 31.86,
        "cumulative_distance_m": 832.22,
        "elevation_start_m": 1218.3,
        "elevation_end_m": 1225.49,
        "max_slope_percent": 27.24,
        "reward": -44.71,
        "total_reward_cumulative": 15.04,
        "distance_to_aoi_boundary_m": 477.66
      }
    },
    {
      "type": "Feature",
      "geometry": {
        "type": "LineString",
        "coordinates": [
          [
            484445.23,
            4932451.13
          ],
          [
            484427.14,
            4932417.26
          ]
        ]
      },
      "properties": {
        "segment_id": 20,
        "step": 20,
        "length_m": 38.39,
        "cumulative_distance_m": 870.61,
        "elevation_start_m": 1225.49,
        "elevation_end_m": 1224.74,
        "max_slope_percent": 13.91,
        "reward": 64.38,
        "total_reward_cumulative": 79.42,
        "distance_to_aoi_boundary_m": 495.66
      }
    },
    {
      "type": "Feature",
      "geometry": {
        "type": "LineString",
        "coordinates": [
          [
            484427.14,
            4932417.26
          ],
          [
            484402.92,
            4932372.79
          ]
        ]
      },
      "properties": {
        "segment_id": 21,
        "step": 21,
        "length_m": 50.65,
        "cumulative_distance_m": 921.26,
        "elevation_start_m": 1224.74,
        "elevation_end_m": 1219.76,
        "max_slope_percent": 11.9,
        "reward": 72.38,
        "total_reward_cumulative": 151.8,
        "distance_to_aoi_boundary_m": 519.78
      }
    },
    {
      "type": "Feature",
      "geometry": {
        "type": "LineString",
        "coordinates": [
          [
            484402.92,
            4932372.79
          ],
          [
            484378.31,
            4932328.55
          ]
        ]
      },
      "properties": {
        "segment_id": 22,
        "step": 22,
        "length_m": 50.62,
        "cumulative_distance_m": 971.88,
        "elevation_start_m": 1219.76,
        "elevation_end_m": 1216.9,
        "max_slope_percent": 8.55,
        "reward": 85.8,
        "total_reward_cumulative": 237.6,
        "distance_to_aoi_boundary_m": 544.29
      }
    },
    {
      "type": "Feature",
      "geometry": {
        "type": "LineString",
        "coordinates": [
          [
            484378.31,
            4932328.55
          ],
          [
            484353.28,
            4932284.6
          ]
        ]
      },
      "properties": {
        "segment_id": 23,
        "step": 23,
        "length_m": 50.58,
        "cumulative_distance_m": 1022.46,
        "elevation_start_m": 1216.9,
        "elevation_end_m": 1217.03,
        "max_slope_percent": 10.2,
        "reward": 79.22,
        "total_reward_cumulative": 316.82,
        "distance_to_aoi_boundary_m": 569.22
      }
    },
    {
      "type": "Feature",
      "geometry": {
        "type": "LineString",
        "coordinates": [
          [
            484353.28,
            4932284.6
          ],
          [
            484327.8,
            4932240.89
          ]
        ]
      },
      "properties": {
        "segment_id": 24,
        "step": 24,
        "length_m": 50.6,
        "cumulative_distance_m": 1073.06,
        "elevation_start_m": 1217.03,
        "elevation_end_m": 1220.78,
        "max_slope_percent": 11.33,
        "reward": 74.67,
        "total_reward_cumulative": 391.49,
        "distance_to_aoi_boundary_m": 594.6
      }
    },
    {
      "type": "Feature",
      "geometry": {
        "type": "LineString",
        "coordinates": [
          [
            484327.8,
            4932240.89
          ],
          [
            484301.89,
            4932197.41
          ]
        ]
      },
      "properties": {
        "segment_id": 25,
        "step": 25,
        "length_m": 50.61,
        "cumulative_distance_m": 1123.67,
        "elevation_start_m": 1220.78,
        "elevation_end_m": 1224.68,
        "max_slope_percent": 10.28,
        "reward": 78.88,
        "total_reward_cumulative": 470.37,
        "distance_to_aoi_boundary_m": 620.41
      }
    },
    {
      "type": "Feature",
      "geometry": {
        "type": "LineString",
        "coordinates": [
          [
            484301.89,
            4932197.41
          ],
          [
            484275.54,
            4932154.21
          ]
        ]
      },
      "properties": {
        "segment_id": 26,
        "step": 26,
        "length_m": 50.6,
        "cumulative_distance_m": 1174.27,
        "elevation_start_m": 1224.68,
        "elevation_end_m": 1220.02,
        "max_slope_percent": 10.58,
        "reward": 77.66,
        "total_reward_cumulative": 548.03,
        "distance_to_aoi_boundary_m": 646.66
      }
    },
    {
      "type": "Feature",
      "geometry": {
        "type": "LineString",
        "coordinates": [
          [
            484275.54,
            4932154.21
          ],
          [
            484248.74,
            4932111.28
          ]
        ]
      },
      "properties": {
        "segment_id": 27,
        "step": 27,
        "length_m": 50.61,
        "cumulative_distance_m": 1224.88,
        "elevation_start_m": 1220.02,
        "elevation_end_m": 1217.09,
        "max_slope_percent": 8.24,
        "reward": 87.03,
        "total_reward_cumulative": 635.06,
        "distance_to_aoi_boundary_m": 673.36
      }
    },
    {
      "type": "Feature",
      "geometry": {
        "type": "LineString",
        "coordinates": [
          [
            484248.74,
            4932111.28
          ],
          [
            484221.48,
            4932068.67
          ]
        ]
      },
      "properties": {
        "segment_id": 28,
        "step": 28,
        "length_m": 50.58,
        "cumulative_distance_m": 1275.46,
        "elevation_start_m": 1217.09,
        "elevation_end_m": 1216.2,
        "max_slope_percent": 5.72,
        "reward": 97.1,
        "total_reward_cumulative": 732.16,
        "distance_to_aoi_boundary_m": 700.52
      }
    },
    {
      "type": "Feature",
      "geometry": {
        "type": "LineString",
        "coordinates": [
          [
            484221.48,
            4932068.67
          ],
          [
            484193.73,
            4932026.4
          ]
        ]
      },
      "properties": {
        "segment_id": 29,
        "step": 29,
        "length_m": 50.56,
        "cumulative_distance_m": 1326.02,
        "elevation_start_m": 1216.2,
        "elevation_end_m": 1215.82,
        "max_slope_percent": 1.76,
        "reward": 100.0,
        "total_reward_cumulative": 832.16,
        "distance_to_aoi_boundary_m": 728.17
      }
    },
    {
      "type": "Feature",
      "geometry": {
        "type": "LineString",
        "coordinates": [
          [
            484193.73,
            4932026.4
          ],
          [
            484165.46,
            4931984.53
          ]
        ]
      },
      "properties": {
        "segment_id": 30,
        "step": 30,
        "length_m": 50.52,
        "cumulative_distance_m": 1376.54,
        "elevation_start_m": 1215.82,
        "elevation_end_m": 1214.12,
        "max_slope_percent": 8.17,
        "reward": 87.3,
        "total_reward_cumulative": 919.46,
        "distance_to_aoi_boundary_m": 756.34
      }
    },
    {
      "type": "Feature",
      "geometry": {
        "type": "LineString",
        "coordinates": [
          [
            484165.46,
            4931984.53
          ],
          [
            484136.68,
            4931942.92
          ]
        ]
      },
      "properties": {
        "segment_id": 31,
        "step": 31,
        "length_m": 50.6,
        "cumulative_distance_m": 1427.14,
        "elevation_start_m": 1214.12,
        "elevation_end_m": 1212.17,
        "max_slope_percent": 10.14,
        "reward": 79.45,
        "total_reward_cumulative": 998.92,
        "distance_to_aoi_boundary_m": 785.03
      }
    },
    {
      "type": "Feature",
      "geometry": {
        "type": "LineString",
        "coordinates": [
          [
            484136.68,
            4931942.92
          ],
          [
            484107.43,
            4931901.6
          ]
        ]
      },
      "properties": {
        "segment_id": 32,
        "step": 32,
        "length_m": 50.62,
        "cumulative_distance_m": 1477.76,
        "elevation_start_m": 1212.17,
        "elevation_end_m": 1210.07,
        "max_slope_percent": 10.14,
        "reward": 79.45,
        "total_reward_cumulative": 1078.37,
        "distance_to_aoi_boundary_m": 814.18
      }
    },
    {
      "type": "Feature",
      "geometry": {
        "type": "LineString",
        "coordinates": [
          [
            484107.43,
            4931901.6
          ],
          [
            484077.72,
            4931860.6
          ]
        ]
      },
      "properties": {
        "segment_id": 33,
        "step": 33,
        "length_m": 50.63,
        "cumulative_distance_m": 1528.39,
        "elevation_start_m": 1210.07,
        "elevation_end_m": 1208.58,
        "max_slope_percent": 9.01,
        "reward": 83.94,
        "total_reward_cumulative": 1162.31,
        "distance_to_aoi_boundary_m": 843.79
      }
    },
    {
      "type": "Feature",
      "geometry": {
        "type": "LineString",
        "coordinates": [
          [
            484077.72,
            4931860.6
          ],
          [
            484047.55,
            4931819.96
          ]
        ]
      },
      "properties": {
        "segment_id": 34,
        "step": 34,
        "length_m": 50.62,
        "cumulative_distance_m": 1579.01,
        "elevation_start_m": 1208.58,
        "elevation_end_m": 1208.07,
        "max_slope_percent": 7.41,
        "reward": 90.36,
        "total_reward_cumulative": 1252.67,
        "distance_to_aoi_boundary_m": 873.87
      }
    },
    {
      "type": "Feature",
      "geometry": {
        "type": "LineString",
        "coordinates": [
          [
            484047.55,
            4931819.96
          ],
          [
            484016.89,
            4931779.7
          ]
        ]
      },
      "properties": {
        "segment_id": 35,
        "step": 35,
        "length_m": 50.61,
        "cumulative_distance_m": 1629.62,
        "elevation_start_m": 1208.07,
        "elevation_end_m": 1204.71,
        "max_slope_percent": 7.9,
        "reward": 88.39,
        "total_reward_cumulative": 1341.06,
        "distance_to_aoi_boundary_m": 904.44
      }
    },
    {
      "type": "Feature",
      "geometry": {
        "type": "LineString",
        "coordinates": [
          [
            484016.89,
            4931779.7
          ],
          [
            483985.73,
            4931739.8
          ]
        ]
      },
      "properties": {
        "segment_id": 36,
        "step": 36,
        "length_m": 50.62,
        "cumulative_distance_m": 1680.25,
        "elevation_start_m": 1204.71,
        "elevation_end_m": 1202.02,
        "max_slope_percent": 6.82,
        "reward": 92.73,
        "total_reward_cumulative": 1433.79,
        "distance_to_aoi_boundary_m": 935.5
      }
    },
    {
      "type": "Feature",
      "geometry": {
        "type": "LineString",
        "coordinates": [
          [
            483985.73,
            4931739.8
          ],
          [
            483954.08,
            4931700.29
          ]
        ]
      },
      "properties": {
        "segment_id": 37,
        "step": 37,
        "length_m": 50.62,
        "cumulative_distance_m": 1730.87,
        "elevation_start_m": 1202.02,
        "elevation_end_m": 1202.37,
        "max_slope_percent": 9.83,
        "reward": 80.66,
        "total_reward_cumulative": 1514.45,
        "distance_to_aoi_boundary_m": 967.06
      }
    },
    {
      "type": "Feature",
      "geometry": {
        "type": "LineString",
        "coordinates": [
          [
            483954.08,
            4931700.29
          ],
          [
            483921.94,
            4931661.13
          ]
        ]
      },
      "properties": {
        "segment_id": 38,
        "step": 38,
        "length_m": 50.66,
        "cumulative_distance_m": 1781.53,
        "elevation_start_m": 1202.37,
        "elevation_end_m": 1199.85,
        "max_slope_percent": 9.83,
        "reward": 80.66,
        "total_reward_cumulative": 1595.11,
        "distance_to_aoi_boundary_m": 999.11
      }
    },
    {
      "type": "Feature",
      "geometry": {
        "type": "LineString",
        "coordinates": [
          [
            483921.94,
            4931661.13
          ],
          [
            483889.32,
            4931622.36
          ]
        ]
      },
      "properties": {
        "segment_id": 39,
        "step": 39,
        "length_m": 50.67,
        "cumulative_distance_m": 1832.19,
        "elevation_start_m": 1199.85,
        "elevation_end_m": 1199.92,
        "max_slope_percent": 7.09,
        "reward": 91.65,
        "total_reward_cumulative": 1686.76,
        "distance_to_aoi_boundary_m": 1031.64
      }
    },
    {
      "type": "Feature",
      "geometry": {
        "type": "LineString",
        "coordinates": [
          [
            483889.32,
            4931622.36
          ],
          [
            483856.22,
            4931584.03
          ]
        ]
      },
      "properties": {
        "segment_id": 40,
        "step": 40,
        "length_m": 50.65,
        "cumulative_distance_m": 1882.84,
        "elevation_start_m": 1199.92,
        "elevation_end_m": 1197.14,
        "max_slope_percent": 6.42,
        "reward": 94.33,
        "total_reward_cumulative": 1781.08,
        "distance_to_aoi_boundary_m": 1064.65
      }
    },
    {
      "type": "Feature",
      "geometry": {
        "type": "LineString",
        "coordinates": [
          [
            483856.22,
            4931584.03
          ],
          [
            483822.61,
            4931546.13
          ]
        ]
      },
      "properties": {
        "segment_id": 41,
        "step": 41,
        "length_m": 50.65,
        "cumulative_distance_m": 1933.49,
        "elevation_start_m": 1197.14,
        "elevation_end_m": 1194.54,
        "max_slope_percent": 5.68,
        "reward": 97.29,
        "total_reward_cumulative": 1878.37,
        "distance_to_aoi_boundary_m": 1098.17
      }
    },
    {
      "type": "Feature",
      "geometry": {
        "type": "LineString",
        "coordinates": [
          [
            483822.61,
            4931546.13
          ],
          [
            483788.5,
            4931508.68
          ]
        ]
      },
      "properties": {
        "segment_id": 42,
        "step": 42,
        "length_m": 50.66,
        "cumulative_distance_m": 1984.15,
        "elevation_start_m": 1194.54,
        "elevation_end_m": 1194.64,
        "max_slope_percent": 8.59,
        "reward": 85.65,
        "total_reward_cumulative": 1964.02,
        "distance_to_aoi_boundary_m": 1132.2
      }
    },
    {
      "type": "Feature",
      "geometry": {
        "type": "LineString",
        "coordinates": [
          [
            483788.5,
            4931508.68
          ],
          [
            483753.88,
            4931471.65
          ]
        ]
      },
      "properties": {
        "segment_id": 43,
        "step": 43,
        "length_m": 50.7,
        "cumulative_distance_m": 2034.85,
        "elevation_start_m": 1194.64,
        "elevation_end_m": 1192.34,
        "max_slope_percent": 8.59,
        "reward": 85.65,
        "total_reward_cumulative": 2049.67,
        "distance_to_aoi_boundary_m": 1166.73
      }
    },
    {
      "type": "Feature",
      "geometry": {
        "type": "LineString",
        "coordinates": [
          [
            483753.88,
            4931471.65
          ],
          [
            483718.77,
            4931435.05
          ]
        ]
      },
      "properties": {
        "segment_id": 44,
        "step": 44,
        "length_m": 50.71,
        "cumulative_distance_m": 2085.56,
        "elevation_start_m": 1192.34,
        "elevation_end_m": 1190.23,
        "max_slope_percent": 7.75,
        "reward": 88.99,
        "total_reward_cumulative": 2138.66,
        "distance_to_aoi_boundary_m": 1201.75
      }
    },
    {
      "type": "Feature",
      "geometry": {
        "type": "LineString",
        "coordinates": [
          [
            483718.77,
            4931435.05
          ],
          [
            483683.18,
            4931398.93
          ]
        ]
      },
      "properties": {
        "segment_id": 45,
        "step": 45,
        "length_m": 50.71,
        "cumulative_distance_m": 2136.27,
        "elevation_start_m": 1190.23,
        "elevation_end_m": 1190.34,
        "max_slope_percent": 6.05,
        "reward": 95.82,
        "total_reward_cumulative": 2234.48,
        "distance_to_aoi_boundary_m": 1237.26
      }
    },
    {
      "type": "Feature",
      "geometry": {
        "type": "LineString",
        "coordinates": [
          [
            483683.18,
            4931398.93
          ],
          [
            483647.09,
            4931363.3
          ]
        ]
      },
      "properties": {
        "segment_id": 46,
        "step": 46,
        "length_m": 50.71,
        "cumulative_distance_m": 2186.98,
        "elevation_start_m": 1190.34,
        "elevation_end_m": 1187.29,
        "max_slope_percent": 11.62,
        "reward": 73.5,
        "total_reward_cumulative": 2307.98,
        "distance_to_aoi_boundary_m": 1273.27
      }
    },
    {
      "type": "Feature",
      "geometry": {
        "type": "LineString",
        "coordinates": [
          [
            483647.09,
            4931363.3
          ],
          [
            483610.51,
            4931328.07
          ]
        ]
      },
      "properties": {
        "segment_id": 47,
        "step": 47,
        "length_m": 50.78,
        "cumulative_distance_m": 2237.77,
        "elevation_start_m": 1187.29,
        "elevation_end_m": 1185.42,
        "max_slope_percent": 7.77,
        "reward": 88.91,
        "total_reward_cumulative": 2396.89,
        "distance_to_aoi_boundary_m": 1309.77
      }
    },
    {
      "type": "Feature",
      "geometry": {
        "type": "LineString",
        "coordinates": [
          [
            483610.51,
            4931328.07
          ],
          [
            483573.47,
            4931293.37
          ]
        ]
      },
      "properties": {
        "segment_id": 48,
        "step": 48,
        "length_m": 50.76,
        "cumulative_distance_m": 2288.52,
        "elevation_start_m": 1185.42,
        "elevation_end_m": 1183.38,
        "max_slope_percent": 5.38,
        "reward": 98.47,
        "total_reward_cumulative": 2495.36,
        "distance_to_aoi_boundary_m": 1346.73
      }
    },
    {
      "type": "Feature",
      "geometry": {
        "type": "LineString",
        "coordinates": [
          [
            483573.47,
            4931293.37
          ],
          [
            483535.93,
            4931259.21
          ]
        ]
      },
      "properties": {
        "segment_id": 49,
        "step": 49,
        "length_m": 50.75,
        "cumulative_distance_m": 2339.28,
        "elevation_start_m": 1183.38,
        "elevation_end_m": 1182.53,
        "max_slope_percent": 3.83,
        "reward": 100.0,
        "total_reward_cumulative": 2595.36,
        "distance_to_aoi_boundary_m": 1384.18
      }
    },
    {
      "type": "Feature",
      "geometry": {
        "type": "LineString",
        "coordinates": [
          [
            483535.93,
            4931259.21
          ],
          [
            483497.89,
            4931225.6
          ]
        ]
      },
      "properties": {
        "segment_id": 50,
        "step": 50,
        "length_m": 50.76,
        "cumulative_distance_m": 2390.04,
        "elevation_start_m": 1182.53,
        "elevation_end_m": 1180.36,
        "max_slope_percent": 8.39,
        "reward": 86.42,
        "total_reward_cumulative": 2681.78,
        "distance_to_aoi_boundary_m": 1422.15
      }
    },
    {
      "type": "Feature",
      "geometry": {
        "type": "LineString",
        "coordinates": [
          [
            483497.89,
            4931225.6
          ],
          [
            483459.35,
            4931192.48
          ]
        ]
      },
      "properties": {
        "segment_id": 51,
        "step": 51,
        "length_m": 50.82,
        "cumulative_distance_m": 2440.86,
        "elevation_start_m": 1180.36,
        "elevation_end_m": 1172.53,
        "max_slope_percent": 27.94,
        "reward": -58.71,
        "total_reward_cumulative": 2623.07,
        "distance_to_aoi_boundary_m": 1460.61
      }
    },
    {
      "type": "Feature",
      "geometry": {
        "type": "LineString",
        "coordinates": [
          [
            483459.35,
            4931192.48
          ],
          [
            483430.43,
            4931168.09
          ]
        ]
      },
      "properties": {
        "segment_id": 52,
        "step": 52,
        "length_m": 37.83,
        "cumulative_distance_m": 2478.69,
        "elevation_start_m": 1172.53,
        "elevation_end_m": 1174.08,
        "max_slope_percent": 7.51,
        "reward": 89.96,
        "total_reward_cumulative": 2713.03,
        "distance_to_aoi_boundary_m": 1489.47
      }
    },
    {
      "type": "Feature",
      "geometry": {
        "type": "LineString",
        "coordinates": [
          [
            483430.43,
            4931168.09
          ],
          [
            483391.1,
            4931135.87
          ]
        ]
      },
      "properties": {
        "segment_id": 53,
        "step": 53,
        "length_m": 50.84,
        "cumulative_distance_m": 2529.53,
        "elevation_start_m": 1174.08,
        "elevation_end_m": 1174.59,
        "max_slope_percent": 7.51,
        "reward": 89.96,
        "total_reward_cumulative": 2802.99,
        "distance_to_aoi_boundary_m": 1528.73
      }
    },
    {
      "type": "Feature",
      "geometry": {
        "type": "LineString",
        "coordinates": [
          [
            483391.1,
            4931135.87
          ],
          [
            483351.3,
            4931104.2
          ]
        ]
      },
      "properties": {
        "segment_id": 54,
        "step": 54,
        "length_m": 50.87,
        "cumulative_distance_m": 2580.4,
        "elevation_start_m": 1174.59,
        "elevation_end_m": 1173.17,
        "max_slope_percent": 6.52,
        "reward": 93.91,
        "total_reward_cumulative": 2896.9,
        "distance_to_aoi_boundary_m": 1568.46
      }
    },
    {
      "type": "Feature",
      "geometry": {
        "type": "LineString",
        "coordinates": [
          [
            483351.3,
            4931104.2
          ],
          [
            483311.02,
            4931073.11
          ]
        ]
      },
      "properties": {
        "segment_id": 55,
        "step": 55,
        "length_m": 50.88,
        "cumulative_distance_m": 2631.28,
        "elevation_start_m": 1173.17,
        "elevation_end_m": 1175.8,
        "max_slope_percent": 11.1,
        "reward": 75.6,
        "total_reward_cumulative": 2972.51,
        "distance_to_aoi_boundary_m": 1608.66
      }
    },
    {
      "type": "Feature",
      "geometry": {
        "type": "LineString",
        "coordinates": [
          [
            483311.02,
            4931073.11
          ],
          [
            483270.27,
            4931042.54
          ]
        ]
      },
      "properties": {
        "segment_id": 56,
        "step": 56,
        "length_m": 50.94,
        "cumulative_distance_m": 2682.22,
        "elevation_start_m": 1175.8,
        "elevation_end_m": 1173.45,
        "max_slope_percent": 12.02,
        "reward": 71.92,
        "total_reward_cumulative": 3044.42,
        "distance_to_aoi_boundary_m": 1649.34
      }
    },
    {
      "type": "Feature",
      "geometry": {
        "type": "LineString",
        "coordinates": [
          [
            483270.27,
            4931042.54
          ],
          [
            483229.08,
            4931012.51
          ]
        ]
      },
      "properties": {
        "segment_id": 57,
        "step": 57,
        "length_m": 50.97,
        "cumulative_distance_m": 2733.19,
        "elevation_start_m": 1173.45,
        "elevation_end_m": 1174.11,
        "max_slope_percent": 9.08,
        "reward": 83.68,
        "total_reward_cumulative": 3128.1,
        "distance_to_aoi_boundary_m": 1690.46
      }
    },
    {
      "type": "Feature",
      "geometry": {
        "type": "LineString",
        "coordinates": [
          [
            483229.08,
            4931012.51
          ],
          [
            483187.47,
            4930983.08
          ]
        ]
      },
      "properties": {
        "segment_id": 58,
        "step": 58,
        "length_m": 50.97,
        "cumulative_distance_m": 2784.16,
        "elevation_start_m": 1174.11,
        "elevation_end_m": 1177.7,
        "max_slope_percent": 20.6,
        "reward": 43.99,
        "total_reward_cumulative": 3172.08,
        "distance_to_aoi_boundary_m": 1732.01
      }
    },
    {
      "type": "Feature",
      "geometry": {
        "type": "LineString",
        "coordinates": [
          [
            483187.47,
            4930983.08
          ],
          [
            483150.11,
            4930957.33
          ]
        ]
      },
      "properties": {
        "segment_id": 59,
        "step": 59,
        "length_m": 45.37,
        "cumulative_distance_m": 2829.54,
        "elevation_start_m": 1177.7,
        "elevation_end_m": 1177.65,
        "max_slope_percent": 2.63,
        "reward": 100.0,
        "total_reward_cumulative": 3272.08,
        "distance_to_aoi_boundary_m": 1769.31
      }
    },
    {
      "type": "Feature",
      "geometry": {
        "type": "LineString",
        "coordinates": [
          [
            483150.11,
            4930957.33
          ],
          [
            483107.67,
            4930929.08
          ]
        ]
      },
      "properties": {
        "segment_id": 60,
        "step": 60,
        "length_m": 50.97,
        "cumulative_distance_m": 2880.51,
        "elevation_start_m": 1177.65,
        "elevation_end_m": 1179.83,
        "max_slope_percent": 9.65,
        "reward": 81.41,
        "total_reward_cumulative": 3353.49,
        "distance_to_aoi_boundary_m": 1811.67
      }
    },
    {
      "type": "Feature",
      "geometry": {
        "type": "LineString",
        "coordinates": [
          [
            483107.67,
            4930929.08
          ],
          [
            483064.77,
            4930901.42
          ]
        ]
      },
      "properties": {
        "segment_id": 61,
        "step": 61,
        "length_m": 51.06,
        "cumulative_distance_m": 2931.57,
        "elevation_start_m": 1179.83,
        "elevation_end_m": 1180.84,
        "max_slope_percent": 7.54,
        "reward": 89.86,
        "total_reward_cumulative": 3443.35,
        "distance_to_aoi_boundary_m": 1854.52
      }
    },
    {
      "type": "Feature",
      "geometry": {
        "type": "LineString",
        "coordinates": [
          [
            483064.77,
            4930901.42
          ],
          [
            483021.43,
            4930874.39
          ]
        ]
      },
      "properties": {
        "segment_id": 62,
        "step": 62,
        "length_m": 51.07,
        "cumulative_distance_m": 2982.64,
        "elevation_start_m": 1180.84,
        "elevation_end_m": 1180.76,
        "max_slope_percent": 7.43,
        "reward": 90.28,
        "total_reward_cumulative": 3533.63,
        "distance_to_aoi_boundary_m": 1897.79
      }
    },
    {
      "type": "Feature",
      "geometry": {
        "type": "LineString",
        "coordinates": [
          [
            483021.43,
            4930874.39
          ],
          [
            482977.66,
            4930848.01
          ]
        ]
      },
      "properties": {
        "segment_id": 63,
        "step": 63,
        "length_m": 51.1,
        "cumulative_distance_m": 3033.74,
        "elevation_start_m": 1180.76,
        "elevation_end_m": 1173.25,
        "max_slope_percent": 29.15,
        "reward": -82.94,
        "total_reward_cumulative": 3450.69,
        "distance_to_aoi_boundary_m": 1941.5
      }
    },
    {
      "type": "Feature",
      "geometry": {
        "type": "LineString",
        "coordinates": [
          [
            482977.66,
            4930848.01
          ],
          [
            482945.96,
            4930829.35
          ]
        ]
      },
      "properties": {
        "segment_id": 64,
        "step": 64,
        "length_m": 36.8,
        "cumulative_distance_m": 3070.53,
        "elevation_start_m": 1173.25,
        "elevation_end_m": 1170.77,
        "max_slope_percent": 23.96,
        "reward": 10.44,
        "total_reward_cumulative": 3461.13,
        "distance_to_aoi_boundary_m": 1973.16
      }
    },
    {
      "type": "Feature",
      "geometry": {
        "type": "LineString",
        "coordinates": [
          [
            482945.96,
            4930829.35
          ],
          [
            482909.43,
            4930808.41
          ]
        ]
      },
      "properties": {
        "segment_id": 65,
        "step": 65,
        "length_m": 42.1,
        "cumulative_distance_m": 3112.63,
        "elevation_start_m": 1170.77,
        "elevation_end_m": 1169.87,
        "max_slope_percent": 3.42,
        "reward": 100.0,
        "total_reward_cumulative": 3561.13,
        "distance_to_aoi_boundary_m": 2009.64
      }
    },
    {
      "type": "Feature",
      "geometry": {
        "type": "LineString",
        "coordinates": [
          [
            482909.43,
            4930808.41
          ],
          [
            482864.64,
            4930783.69
          ]
        ]
      },
      "properties": {
        "segment_id": 66,
        "step": 66,
        "length_m": 51.16,
        "cumulative_distance_m": 3163.79,
        "elevation_start_m": 1169.87,
        "elevation_end_m": 1169.69,
        "max_slope_percent": 0.75,
        "reward": 100.0,
        "total_reward_cumulative": 3661.13,
        "distance_to_aoi_boundary_m": 2054.37
      }
    },
    {
      "type": "Feature",
      "geometry": {
        "type": "LineString",
        "coordinates": [
          [
            482864.64,
            4930783.69
          ],
          [
            482819.43,
            4930759.72
          ]
        ]
      },
      "properties": {
        "segment_id": 67,
        "step": 67,
        "length_m": 51.18,
        "cumulative_distance_m": 3214.97,
        "elevation_start_m": 1169.69,
        "elevation_end_m": 1169.57,
        "max_slope_percent": 1.62,
        "reward": 100.0,
        "total_reward_cumulative": 3761.13,
        "distance_to_aoi_boundary_m": 2099.53
      }
    },
    {
      "type": "Feature",
      "geometry": {
        "type": "LineString",
        "coordinates": [
          [
            482819.43,
            4930759.72
          ],
          [
            482773.78,
            4930736.47
          ]
        ]
      },
      "properties": {
        "segment_id": 68,
        "step": 68,
        "length_m": 51.22,
        "cumulative_distance_m": 3266.19,
        "elevation_start_m": 1169.57,
        "elevation_end_m": 1168.42,
        "max_slope_percent": 5.99,
        "reward": 96.03,
        "total_reward_cumulative": 3857.16,
        "distance_to_aoi_boundary_m": 2145.12
      }
    },
    {
      "type": "Feature",
      "geometry": {
        "type": "LineString",
        "coordinates": [
          [
            482773.78,
            4930736.47
          ],
          [
            482727.73,
            4930713.89
          ]
        ]
      },
      "properties": {
        "segment_id": 69,
        "step": 69,
        "length_m": 51.29,
        "cumulative_distance_m": 3317.48,
        "elevation_start_m": 1168.42,
        "elevation_end_m": 1168.89,
        "max_slope_percent": 8.81,
        "reward": 84.77,
        "total_reward_cumulative": 3941.93,
        "distance_to_aoi_boundary_m": 2191.12
      }
    },
    {
      "type": "Feature",
      "geometry": {
        "type": "LineString",
        "coordinates": [
          [
            482727.73,
            4930713.89
          ],
          [
            482681.3,
            4930691.97
          ]
        ]
      },
      "properties": {
        "segment_id": 70,
        "step": 70,
        "length_m": 51.35,
        "cumulative_distance_m": 3368.83,
        "elevation_start_m": 1168.89,
        "elevation_end_m": 1168.51,
        "max_slope_percent": 8.73,
        "reward": 85.09,
        "total_reward_cumulative": 4027.01,
        "distance_to_aoi_boundary_m": 2237.5
      }
    },
    {
      "type": "Feature",
      "geometry": {
        "type": "LineString",
        "coordinates": [
          [
            482681.3,
            4930691.97
          ],
          [
            482634.51,
            4930670.72
          ]
        ]
      },
      "properties": {
        "segment_id": 71,
        "step": 71,
        "length_m": 51.39,
        "cumulative_distance_m": 3420.22,
        "elevation_start_m": 1168.51,
        "elevation_end_m": 1169.25,
        "max_slope_percent": 6.82,
        "reward": 92.71,
        "total_reward_cumulative": 4119.73,
        "distance_to_aoi_boundary_m": 2284.24
      }
    },
    {
      "type": "Feature",
      "geometry": {
        "type": "LineString",
        "coordinates": [
          [
            482634.51,
            4930670.72
          ],
          [
            482587.37,
            4930650.18
          ]
        ]
      },
      "properties": {
        "segment_id": 72,
        "step": 72,
        "length_m": 51.42,
        "cumulative_distance_m": 3471.64,
        "elevation_start_m": 1169.25,
        "elevation_end_m": 1173.05,
        "max_slope_percent": 23.38,
        "reward": 16.24,
        "total_reward_cumulative": 4135.96,
        "distance_to_aoi_boundary_m": 2331.33
      }
    },
    {
      "type": "Feature",
      "geometry": {
        "type": "LineString",
        "coordinates": [
          [
            482587.37,
            4930650.18
          ],
          [
            482547.81,
            4930633.49
          ]
        ]
      },
      "properties": {
        "segment_id": 73,
        "step": 73,
        "length_m": 42.93,
        "cumulative_distance_m": 3514.57,
        "elevation_start_m": 1173.05,
        "elevation_end_m": 1183.77,
        "max_slope_percent": 32.07,
        "reward": -162.0,
        "total_reward_cumulative": 3973.96,
        "distance_to_aoi_boundary_m": 2341.03
      }
    },
    {
      "type": "Feature",
      "geometry": {
        "type": "LineString",
        "coordinates": [
          [
            482547.81,
            4930633.49
          ],
          [
            482516.35,
            4930620.52
          ]
        ]
      },
      "properties": {
        "segment_id": 74,
        "step": 74,
        "length_m": 34.03,
        "cumulative_distance_m": 3548.6,
        "elevation_start_m": 1183.77,
        "elevation_end_m": 1188.07,
        "max_slope_percent": 21.07,
        "reward": 39.33,
        "total_reward_cumulative": 4013.3,
        "distance_to_aoi_boundary_m": 2309.61
      }
    },
    {
      "type": "Feature",
      "geometry": {
        "type": "LineString",
        "coordinates": [
          [
            482516.35,
            4930620.52
          ],
          [
            482474.31,
            4930603.59
          ]
        ]
      },
      "properties": {
        "segment_id": 75,
        "step": 75,
        "length_m": 45.32,
        "cumulative_distance_m": 3593.92,
        "elevation_start_m": 1188.07,
        "elevation_end_m": 1190.55,
        "max_slope_percent": 8.38,
        "reward": 86.46,
        "total_reward_cumulative": 4099.76,
        "distance_to_aoi_boundary_m": 2267.62
      }
    },
    {
      "type": "Feature",
      "geometry": {
        "type": "LineString",
        "coordinates": [
          [
            482474.31,
            4930603.59
          ],
          [
            482426.42,
            4930584.69
          ]
        ]
      },
      "properties": {
        "segment_id": 76,
        "step": 76,
        "length_m": 51.49,
        "cumulative_distance_m": 3645.41,
        "elevation_start_m": 1190.55,
        "elevation_end_m": 1194.64,
        "max_slope_percent": 10.01,
        "reward": 79.97,
        "total_reward_cumulative": 4179.73,
        "distance_to_aoi_boundary_m": 2219.78
      }
    },
    {
      "type": "Feature",
      "geometry": {
        "type": "LineString",
        "coordinates": [
          [
            482426.42,
            4930584.69
          ],
          [
            482378.45,
            4930565.94
          ]
        ]
      },
      "properties": {
        "segment_id": 77,
        "step": 77,
        "length_m": 51.5,
        "cumulative_distance_m": 3696.91,
        "elevation_start_m": 1194.64,
        "elevation_end_m": 1197.21,
        "max_slope_percent": 10.18,
        "reward": 79.28,
        "total_reward_cumulative": 4259.01,
        "distance_to_aoi_boundary_m": 2171.87
      }
    },
    {
      "type": "Feature",
      "geometry": {
        "type": "LineString",
        "coordinates": [
          [
            482378.45,
            4930565.94
          ],
          [
            482330.49,
            4930547.18
          ]
        ]
      },
      "properties": {
        "segment_id": 78,
        "step": 78,
        "length_m": 51.5,
        "cumulative_distance_m": 3748.41,
        "elevation_start_m": 1197.21,
        "elevation_end_m": 1199.06,
        "max_slope_percent": 10.39,
        "reward": 78.44,
        "total_reward_cumulative": 4337.45,
        "distance_to_aoi_boundary_m": 2123.98
      }
    },
    {
      "type": "Feature",
      "geometry": {
        "type": "LineString",
        "coordinates": [
          [
            482330.49,
            4930547.18
          ],
          [
            482282.61,
            4930528.26
          ]
        ]
      },
      "properties": {
        "segment_id": 79,
        "step": 79,
        "length_m": 51.49,
        "cumulative_distance_m": 3799.89,
        "elevation_start_m": 1199.06,
        "elevation_end_m": 1202.23,
        "max_slope_percent": 11.46,
        "reward": 74.18,
        "total_reward_cumulative": 4411.62,
        "distance_to_aoi_boundary_m": 2076.15
      }
    },
    {
      "type": "Feature",
      "geometry": {
        "type": "LineString",
        "coordinates": [
          [
            482282.61,
            4930528.26
          ],
          [
            482234.84,
            4930509.05
          ]
        ]
      },
      "properties": {
        "segment_id": 80,
        "step": 80,
        "length_m": 51.49,
        "cumulative_distance_m": 3851.38,
        "elevation_start_m": 1202.23,
        "elevation_end_m": 1200.15,
        "max_slope_percent": 6.19,
        "reward": 95.23,
        "total_reward_cumulative": 4506.85,
        "distance_to_aoi_boundary_m": 2028.43
      }
    },
    {
      "type": "Feature",
      "geometry": {
        "type": "LineString",
        "coordinates": [
          [
            482234.84,
            4930509.05
          ],
          [
            482187.25,
            4930489.51
          ]
        ]
      },
      "properties": {
        "segment_id": 81,
        "step": 81,
        "length_m": 51.44,
        "cumulative_distance_m": 3902.82,
        "elevation_start_m": 1200.15,
        "elevation_end_m": 1197.97,
        "max_slope_percent": 6.25,
        "reward": 95.01,
        "total_reward_cumulative": 4601.87,
        "distance_to_aoi_boundary_m": 1980.91
      }
    },
    {
      "type": "Feature",
      "geometry": {
        "type": "LineString",
        "coordinates": [
          [
            482187.25,
            4930489.51
          ],
          [
            482139.87,
            4930469.52
          ]
        ]
      },
      "properties": {
        "segment_id": 82,
        "step": 82,
        "length_m": 51.43,
        "cumulative_distance_m": 3954.25,
        "elevation_start_m": 1197.97,
        "elevation_end_m": 1199.93,
        "max_slope_percent": 8.44,
        "reward": 86.26,
        "total_reward_cumulative": 4688.13,
        "distance_to_aoi_boundary_m": 1933.59
      }
    },
    {
      "type": "Feature",
      "geometry": {
        "type": "LineString",
        "coordinates": [
          [
            482139.87,
            4930469.52
          ],
          [
            482092.72,
            4930448.97
          ]
        ]
      },
      "properties": {
        "segment_id": 83,
        "step": 83,
        "length_m": 51.43,
        "cumulative_distance_m": 4005.68,
        "elevation_start_m": 1199.93,
        "elevation_end_m": 1201.32,
        "max_slope_percent": 9.99,
        "reward": 80.05,
        "total_reward_cumulative": 4768.18,
        "distance_to_aoi_boundary_m": 1886.5
      }
    },
    {
      "type": "Feature",
      "geometry": {
        "type": "LineString",
        "coordinates": [
          [
            482092.72,
            4930448.97
          ],
          [
            482045.86,
            4930427.77
          ]
        ]
      },
      "properties": {
        "segment_id": 84,
        "step": 84,
        "length_m": 51.43,
        "cumulative_distance_m": 4057.12,
        "elevation_start_m": 1201.32,
        "elevation_end_m": 1201.36,
        "max_slope_percent": 13.82,
        "reward": 64.72,
        "total_reward_cumulative": 4832.9,
        "distance_to_aoi_boundary_m": 1839.71
      }
    },
    {
      "type": "Feature",
      "geometry": {
        "type": "LineString",
        "coordinates": [
          [
            482045.86,
            4930427.77
          ],
          [
            481999.34,
            4930405.8
          ]
        ]
      },
      "properties": {
        "segment_id": 85,
        "step": 85,
        "length_m": 51.45,
        "cumulative_distance_m": 4108.57,
        "elevation_start_m": 1201.36,
        "elevation_end_m": 1198.76,
        "max_slope_percent": 13.82,
        "reward": 64.72,
        "total_reward_cumulative": 4897.62,
        "distance_to_aoi_boundary_m": 1793.25
      }
    },
    {
      "type": "Feature",
      "geometry": {
        "type": "LineString",
        "coordinates": [
          [
            481999.34,
            4930405.8
          ],
          [
            481953.21,
            4930383.04
          ]
        ]
      },
      "properties": {
        "segment_id": 86,
        "step": 86,
        "length_m": 51.44,
        "cumulative_distance_m": 4160.0,
        "elevation_start_m": 1198.76,
        "elevation_end_m": 1196.75,
        "max_slope_percent": 12.18,
        "reward": 71.26,
        "total_reward_cumulative": 4968.88,
        "distance_to_aoi_boundary_m": 1747.2
      }
    },
    {
      "type": "Feature",
      "geometry": {
        "type": "LineString",
        "coordinates": [
          [
            481953.21,
            4930383.04
          ],
          [
            481907.53,
            4930359.47
          ]
        ]
      },
      "properties": {
        "segment_id": 87,
        "step": 87,
        "length_m": 51.41,
        "cumulative_distance_m": 4211.41,
        "elevation_start_m": 1196.75,
        "elevation_end_m": 1197.75,
        "max_slope_percent": 6.48,
        "reward": 94.09,
        "total_reward_cumulative": 5062.97,
        "distance_to_aoi_boundary_m": 1701.58
      }
    },
    {
      "type": "Feature",
      "geometry": {
        "type": "LineString",
        "coordinates": [
          [
            481907.53,
            4930359.47
          ],
          [
            481862.32,
            4930335.14
          ]
        ]
      },
      "properties": {
        "segment_id": 88,
        "step": 88,
        "length_m": 51.34,
        "cumulative_distance_m": 4262.75,
        "elevation_start_m": 1197.75,
        "elevation_end_m": 1200.96,
        "max_slope_percent": 8.21,
        "reward": 87.18,
        "total_reward_cumulative": 5150.15,
        "distance_to_aoi_boundary_m": 1656.45
      }
    },
    {
      "type": "Feature",
      "geometry": {
        "type": "LineString",
        "coordinates": [
          [
            481862.32,
            4930335.14
          ],
          [
            481817.57,
            4930309.96
          ]
        ]
      },
      "properties": {
        "segment_id": 89,
        "step": 89,
        "length_m": 51.34,
        "cumulative_distance_m": 4314.09,
        "elevation_start_m": 1200.96,
        "elevation_end_m": 1199.46,
        "max_slope_percent": 5.54,
        "reward": 97.83,
        "total_reward_cumulative": 5247.98,
        "distance_to_aoi_boundary_m": 1611.78
      }
    },
    {
      "type": "Feature",
      "geometry": {
        "type": "LineString",
        "coordinates": [
          [
            481817.57,
            4930309.96
          ],
          [
            481773.34,
            4930283.98
          ]
        ]
      },
      "properties": {
        "segment_id": 90,
        "step": 90,
        "length_m": 51.3,
        "cumulative_distance_m": 4365.39,
        "elevation_start_m": 1199.46,
        "elevation_end_m": 1198.07,
        "max_slope_percent": 4.98,
        "reward": 100.0,
        "total_reward_cumulative": 5347.98,
        "distance_to_aoi_boundary_m": 1567.62
      }
    },
    {
      "type": "Feature",
      "geometry": {
        "type": "LineString",
        "coordinates": [
          [
            481773.34,
            4930283.98
          ],
          [
            481729.63,
            4930257.15
          ]
        ]
      },
      "properties": {
        "segment_id": 91,
        "step": 91,
        "length_m": 51.28,
        "cumulative_distance_m": 4416.68,
        "elevation_start_m": 1198.07,
        "elevation_end_m": 1198.5,
        "max_slope_percent": 6.47,
        "reward": 94.11,
        "total_reward_cumulative": 5442.09,
        "distance_to_aoi_boundary_m": 1524.0
      }
    },
    {
      "type": "Feature",
      "geometry": {
        "type": "LineString",
        "coordinates": [
          [
            481729.63,
            4930257.15
          ],
          [
            481686.48,
            4930229.44
          ]
        ]
      },
      "properties": {
        "segment_id": 92,
        "step": 92,
        "length_m": 51.29,
        "cumulative_distance_m": 4467.96,
        "elevation_start_m": 1198.5,
        "elevation_end_m": 1198.93,
        "max_slope_percent": 6.47,
        "reward": 94.11,
        "total_reward_cumulative": 5536.2,
        "distance_to_aoi_boundary_m": 1480.93
      }
    },
    {
      "type": "Feature",
      "geometry": {
        "type": "LineString",
        "coordinates": [
          [
            481686.48,
            4930229.44
          ],
          [
            481643.91,
            4930200.85
          ]
        ]
      },
      "properties": {
        "segment_id": 93,
        "step": 93,
        "length_m": 51.27,
        "cumulative_distance_m": 4519.23,
        "elevation_start_m": 1198.93,
        "elevation_end_m": 1198.3,
        "max_slope_percent": 6.57,
        "reward": 93.73,
        "total_reward_cumulative": 5629.93,
        "distance_to_aoi_boundary_m": 1438.46
      }
    },
    {
      "type": "Feature",
      "geometry": {
        "type": "LineString",
        "coordinates": [
          [
            481643.91,
            4930200.85
          ],
          [
            481601.98,
            4930171.37
          ]
        ]
      },
      "properties": {
        "segment_id": 94,
        "step": 94,
        "length_m": 51.26,
        "cumulative_distance_m": 4570.49,
        "elevation_start_m": 1198.3,
        "elevation_end_m": 1198.35,
        "max_slope_percent": 4.21,
        "reward": 100.0,
        "total_reward_cumulative": 5729.93,
        "distance_to_aoi_boundary_m": 1396.61
      }
    },
    {
      "type": "Feature",
      "geometry": {
        "type": "LineString",
        "coordinates": [
          [
            481601.98,
            4930171.37
          ],
          [
            481560.69,
            4930141.05
          ]
        ]
      },
      "properties": {
        "segment_id": 95,
        "step": 95,
        "length_m": 51.22,
        "cumulative_distance_m": 4621.72,
        "elevation_start_m": 1198.35,
        "elevation_end_m": 1199.96,
        "max_slope_percent": 5.24,
        "reward": 99.02,
        "total_reward_cumulative": 5828.95,
        "distance_to_aoi_boundary_m": 1355.42
      }
    },
    {
      "type": "Feature",
      "geometry": {
        "type": "LineString",
        "coordinates": [
          [
            481560.69,
            4930141.05
          ],
          [
            481520.07,
            4930109.85
          ]
        ]
      },
      "properties": {
        "segment_id": 96,
        "step": 96,
        "length_m": 51.22,
        "cumulative_distance_m": 4672.94,
        "elevation_start_m": 1199.96,
        "elevation_end_m": 1201.8,
        "max_slope_percent": 5.45,
        "reward": 98.19,
        "total_reward_cumulative": 5927.14,
        "distance_to_aoi_boundary_m": 1314.88
      }
    },
    {
      "type": "Feature",
      "geometry": {
        "type": "LineString",
        "coordinates": [
          [
            481520.07,
            4930109.85
          ],
          [
            481480.13,
            4930077.79
          ]
        ]
      },
      "properties": {
        "segment_id": 97,
        "step": 97,
        "length_m": 51.21,
        "cumulative_distance_m": 4724.16,
        "elevation_start_m": 1201.8,
        "elevation_end_m": 1204.12,
        "max_slope_percent": 6.02,
        "reward": 95.9,
        "total_reward_cumulative": 6023.05,
        "distance_to_aoi_boundary_m": 1275.05
      }
    },
    {
      "type": "Feature",
      "geometry": {
        "type": "LineString",
        "coordinates": [
          [
            481480.13,
            4930077.79
          ],
          [
            481440.91,
            4930044.87
          ]
        ]
      },
      "properties": {
        "segment_id": 98,
        "step": 98,
        "length_m": 51.21,
        "cumulative_distance_m": 4775.37,
        "elevation_start_m": 1204.12,
        "elevation_end_m": 1205.74,
        "max_slope_percent": 8.84,
        "reward": 84.63,
        "total_reward_cumulative": 6107.68,
        "distance_to_aoi_boundary_m": 1235.92
      }
    },
    {
      "type": "Feature",
      "geometry": {
        "type": "LineString",
        "coordinates": [
          [
            481440.91,
            4930044.87
          ],
          [
            481402.43,
            4930011.05
          ]
        ]
      },
      "properties": {
        "segment_id": 99,
        "step": 99,
        "length_m": 51.23,
        "cumulative_distance_m": 4826.59,
        "elevation_start_m": 1205.74,
        "elevation_end_m": 1207.63,
        "max_slope_percent": 10.18,
        "reward": 79.27,
        "total_reward_cumulative": 6186.95,
        "distance_to_aoi_boundary_m": 1197.55
      }
    },
    {
      "type": "Feature",
      "geometry": {
        "type": "LineString",
        "coordinates": [
          [
            481402.43,
            4930011.05
          ],
          [
            481364.72,
            4929976.36
          ]
        ]
      },
      "properties": {
        "segment_id": 100,
        "step": 100,
        "length_m": 51.23,
        "cumulative_distance_m": 4877.83,
        "elevation_start_m": 1207.63,
        "elevation_end_m": 1205.03,
        "max_slope_percent": 6.84,
        "reward": 92.62,
        "total_reward_cumulative": 6279.57,
        "distance_to_aoi_boundary_m": 1159.95
      }
    },
    {
      "type": "Feature",
      "geometry": {
        "type": "LineString",
        "coordinates": [
          [
            481364.72,
            4929976.36
          ],
          [
            481327.82,
            4929940.88
          ]
        ]
      },
      "properties": {
        "segment_id": 101,
        "step": 101,
        "length_m": 51.19,
        "cumulative_distance_m": 4929.02,
        "elevation_start_m": 1205.03,
        "elevation_end_m": 1203.44,
        "max_slope_percent": 6.18,
        "reward": 95.27,
        "total_reward_cumulative": 6374.84,
        "distance_to_aoi_boundary_m": 1123.16
      }
    },
    {
      "type": "Feature",
      "geometry": {
        "type": "LineString",
        "coordinates": [
          [
            481327.82,
            4929940.88
          ],
          [
            481291.71,
            4929904.63
          ]
        ]
      },
      "properties": {
        "segment_id": 102,
        "step": 102,
        "length_m": 51.17,
        "cumulative_distance_m": 4980.19,
        "elevation_start_m": 1203.44,
        "elevation_end_m": 1202.21,
        "max_slope_percent": 5.05,
        "reward": 99.78,
        "total_reward_cumulative": 6474.62,
        "distance_to_aoi_boundary_m": 1087.15
      }
    },
    {
      "type": "Feature",
      "geometry": {
        "type": "LineString",
        "coordinates": [
          [
            481291.71,
            4929904.63
          ],
          [
            481256.39,
            4929867.63
          ]
        ]
      },
      "properties": {
        "segment_id": 103,
        "step": 103,
        "length_m": 51.15,
        "cumulative_distance_m": 5031.34,
        "elevation_start_m": 1202.21,
        "elevation_end_m": 1200.47,
        "max_slope_percent": 4.88,
        "reward": 100.0,
        "total_reward_cumulative": 6574.62,
        "distance_to_aoi_boundary_m": 1051.95
      }
    },
    {
      "type": "Feature",
      "geometry": {
        "type": "LineString",
        "coordinates": [
          [
            481256.39,
            4929867.63
          ],
          [
            481221.86,
            4929829.91
          ]
        ]
      },
      "properties": {
        "segment_id": 104,
        "step": 104,
        "length_m": 51.14,
        "cumulative_distance_m": 5082.48,
        "elevation_start_m": 1200.47,
        "elevation_end_m": 1198.8,
        "max_slope_percent": 4.57,
        "reward": 100.0,
        "total_reward_cumulative": 6674.62,
        "distance_to_aoi_boundary_m": 1017.53
      }
    },
    {
      "type": "Feature",
      "geometry": {
        "type": "LineString",
        "coordinates": [
          [
            481221.86,
            4929829.91
          ],
          [
            481188.13,
            4929791.47
          ]
        ]
      },
      "properties": {
        "segment_id": 105,
        "step": 105,
        "length_m": 51.13,
        "cumulative_distance_m": 5133.61,
        "elevation_start_m": 1198.8,
        "elevation_end_m": 1196.98,
        "max_slope_percent": 3.94,
        "reward": 100.0,
        "total_reward_cumulative": 6774.62,
        "distance_to_aoi_boundary_m": 983.92
      }
    },
    {
      "type": "Feature",
      "geometry": {
        "type": "LineString",
        "coordinates": [
          [
            481188.13,
            4929791.47
          ],
          [
            481155.21,
            4929752.37
          ]
        ]
      },
      "properties": {
        "segment_id": 106,
        "step": 106,
        "length_m": 51.12,
        "cumulative_distance_m": 5184.73,
        "elevation_start_m": 1196.98,
        "elevation_end_m": 1195.99,
        "max_slope_percent": 3.63,
        "reward": 100.0,
        "total_reward_cumulative": 6874.62,
        "distance_to_aoi_boundary_m": 951.12
      }
    },
    {
      "type": "Feature",
      "geometry": {
        "type": "LineString",
        "coordinates": [
          [
            481155.21,
            4929752.37
          ],
          [
            481123.09,
            4929712.6
          ]
        ]
      },
      "properties": {
        "segment_id": 107,
        "step": 107,
        "length_m": 51.11,
        "cumulative_distance_m": 5235.85,
        "elevation_start_m": 1195.99,
        "elevation_end_m": 1195.77,
        "max_slope_percent": 2.5,
        "reward": 100.0,
        "total_reward_cumulative": 6974.61,
        "distance_to_aoi_boundary_m": 919.12
      }
    },
    {
      "type": "Feature",
      "geometry": {
        "type": "LineString",
        "coordinates": [
          [
            481123.09,
            4929712.6
          ],
          [
            481091.79,
            4929672.22
          ]
        ]
      },
      "properties": {
        "segment_id": 108,
        "step": 108,
        "length_m": 51.09,
        "cumulative_distance_m": 5286.94,
        "elevation_start_m": 1195.77,
        "elevation_end_m": 1195.49,
        "max_slope_percent": 1.52,
        "reward": 100.0,
        "total_reward_cumulative": 7074.61,
        "distance_to_aoi_boundary_m": 887.94
      }
    },
    {
      "type": "Feature",
      "geometry": {
        "type": "LineString",
        "coordinates": [
          [
            481091.79,
            4929672.22
          ],
          [
            481061.28,
            4929631.26
          ]
        ]
      },
      "properties": {
        "segment_id": 109,
        "step": 109,
        "length_m": 51.08,
        "cumulative_distance_m": 5338.02,
        "elevation_start_m": 1195.49,
        "elevation_end_m": 1195.74,
        "max_slope_percent": 4.32,
        "reward": 100.0,
        "total_reward_cumulative": 7174.61,
        "distance_to_aoi_boundary_m": 857.56
      }
    },
    {
      "type": "Feature",
      "geometry": {
        "type": "LineString",
        "coordinates": [
          [
            481061.28,
            4929631.26
          ],
          [
            481031.58,
            4929589.66
          ]
        ]
      },
      "properties": {
        "segment_id": 110,
        "step": 110,
        "length_m": 51.11,
        "cumulative_distance_m": 5389.13,
        "elevation_start_m": 1195.74,
        "elevation_end_m": 1197.02,
        "max_slope_percent": 5.74,
        "reward": 97.05,
        "total_reward_cumulative": 7271.66,
        "distance_to_aoi_boundary_m": 827.99
      }
    },
    {
      "type": "Feature",
      "geometry": {
        "type": "LineString",
        "coordinates": [
          [
            481031.58,
            4929589.66
          ],
          [
            481002.72,
            4929547.46
          ]
        ]
      },
      "properties": {
        "segment_id": 111,
        "step": 111,
        "length_m": 51.12,
        "cumulative_distance_m": 5440.25,
        "elevation_start_m": 1197.02,
        "elevation_end_m": 1195.44,
        "max_slope_percent": 4.76,
        "reward": 100.0,
        "total_reward_cumulative": 7371.66,
        "distance_to_aoi_boundary_m": 799.25
      }
    },
    {
      "type": "Feature",
      "geometry": {
        "type": "LineString",
        "coordinates": [
          [
            481002.72,
            4929547.46
          ],
          [
            480974.69,
            4929504.72
          ]
        ]
      },
      "properties": {
        "segment_id": 112,
        "step": 112,
        "length_m": 51.11,
        "cumulative_distance_m": 5491.36,
        "elevation_start_m": 1195.44,
        "elevation_end_m": 1195.45,
        "max_slope_percent": 1.5,
        "reward": 100.0,
        "total_reward_cumulative": 7471.66,
        "distance_to_aoi_boundary_m": 771.36
      }
    },
    {
      "type": "Feature",
      "geometry": {
        "type": "LineString",
        "coordinates": [
          [
            480974.69,
            4929504.72
          ],
          [
            480947.48,
            4929461.51
          ]
        ]
      },
      "properties": {
        "segment_id": 113,
        "step": 113,
        "length_m": 51.07,
        "cumulative_distance_m": 5542.43,
        "elevation_start_m": 1195.45,
        "elevation_end_m": 1196.72,
        "max_slope_percent": 4.44,
        "reward": 100.0,
        "total_reward_cumulative": 7571.65,
        "distance_to_aoi_boundary_m": 744.28
      }
    },
    {
      "type": "Feature",
      "geometry": {
        "type": "LineString",
        "coordinates": [
          [
            480947.48,
            4929461.51
          ],
          [
            480921.08,
            4929417.76
          ]
        ]
      },
      "properties": {
        "segment_id": 114,
        "step": 114,
        "length_m": 51.1,
        "cumulative_distance_m": 5593.53,
        "elevation_start_m": 1196.72,
        "elevation_end_m": 1198.89,
        "max_slope_percent": 4.94,
        "reward": 100.0,
        "total_reward_cumulative": 7671.65,
        "distance_to_aoi_boundary_m": 718.01
      }
    },
    {
      "type": "Feature",
      "geometry": {
        "type": "LineString",
        "coordinates": [
          [
            480921.08,
            4929417.76
          ],
          [
            480895.49,
            4929373.52
          ]
        ]
      },
      "properties": {
        "segment_id": 115,
        "step": 115,
        "length_m": 51.11,
        "cumulative_distance_m": 5644.64,
        "elevation_start_m": 1198.89,
        "elevation_end_m": 1201.4,
        "max_slope_percent": 7.54,
        "reward": 89.83,
        "total_reward_cumulative": 7761.48,
        "distance_to_aoi_boundary_m": 692.56
      }
    },
    {
      "type": "Feature",
      "geometry": {
        "type": "LineString",
        "coordinates": [
          [
            480895.49,
            4929373.52
          ],
          [
            480870.75,
            4929328.77
          ]
        ]
      },
      "properties": {
        "segment_id": 116,
        "step": 116,
        "length_m": 51.14,
        "cumulative_distance_m": 5695.77,
        "elevation_start_m": 1201.4,
        "elevation_end_m": 1206.07,
        "max_slope_percent": 9.97,
        "reward": 80.12,
        "total_reward_cumulative": 7841.6,
        "distance_to_aoi_boundary_m": 667.95
      }
    },
    {
      "type": "Feature",
      "geometry": {
        "type": "LineString",
        "coordinates": [
          [
            480870.75,
            4929328.77
          ],
          [
            480846.86,
            4929283.52
          ]
        ]
      },
      "properties": {
        "segment_id": 117,
        "step": 117,
        "length_m": 51.17,
        "cumulative_distance_m": 5746.94,
        "elevation_start_m": 1206.07,
        "elevation_end_m": 1207.1,
        "max_slope_percent": 8.07,
        "reward": 87.72,
        "total_reward_cumulative": 7929.33,
        "distance_to_aoi_boundary_m": 644.2
      }
    },
    {
      "type": "Feature",
      "geometry": {
        "type": "LineString",
        "coordinates": [
          [
            480846.86,
            4929283.52
          ],
          [
            480823.81,
            4929237.86
          ]
        ]
      },
      "properties": {
        "segment_id": 118,
        "step": 118,
        "length_m": 51.14,
        "cumulative_distance_m": 5798.08,
        "elevation_start_m": 1207.1,
        "elevation_end_m": 1206.27,
        "max_slope_percent": 4.07,
        "reward": 100.0,
        "total_reward_cumulative": 8029.33,
        "distance_to_aoi_boundary_m": 621.29
      }
    },
    {
      "type": "Feature",
      "geometry": {
        "type": "LineString",
        "coordinates": [
          [
            480823.81,
            4929237.86
          ],
          [
            480801.56,
            4929191.87
          ]
        ]
      },
      "properties": {
        "segment_id": 119,
        "step": 119,
        "length_m": 51.09,
        "cumulative_distance_m": 5849.17,
        "elevation_start_m": 1206.27,
        "elevation_end_m": 1208.63,
        "max_slope_percent": 6.23,
        "reward": 95.06,
        "total_reward_cumulative": 8124.39,
        "distance_to_aoi_boundary_m": 599.18
      }
    },
    {
      "type": "Feature",
      "geometry": {
        "type": "LineString",
        "coordinates": [
          [
            480801.56,
            4929191.87
          ],
          [
            480780.09,
            4929145.48
          ]
        ]
      },
      "properties": {
        "segment_id": 120,
        "step": 120,
        "length_m": 51.12,
        "cumulative_distance_m": 5900.29,
        "elevation_start_m": 1208.63,
        "elevation_end_m": 1211.16,
        "max_slope_percent": 6.79,
        "reward": 92.83,
        "total_reward_cumulative": 8217.22,
        "distance_to_aoi_boundary_m": 577.85
      }
    },
    {
      "type": "Feature",
      "geometry": {
        "type": "LineString",
        "coordinates": [
          [
            480780.09,
            4929145.48
          ],
          [
            480759.4,
            4929098.73
          ]
        ]
      },
      "properties": {
        "segment_id": 121,
        "step": 121,
        "length_m": 51.13,
        "cumulative_distance_m": 5951.42,
        "elevation_start_m": 1211.16,
        "elevation_end_m": 1212.74,
        "max_slope_percent": 7.99,
        "reward": 88.03,
        "total_reward_cumulative": 8305.25,
        "distance_to_aoi_boundary_m": 557.3
      }
    },
    {
      "type": "Feature",
      "geometry": {
        "type": "LineString",
        "coordinates": [
          [
            480759.4,
            4929098.73
          ],
          [
            480739.5,
            4929051.61
          ]
        ]
      },
      "properties": {
        "segment_id": 122,
        "step": 122,
        "length_m": 51.14,
        "cumulative_distance_m": 6002.57,
        "elevation_start_m": 1212.74,
        "elevation_end_m": 1213.7,
        "max_slope_percent": 8.51,
        "reward": 85.94,
        "total_reward_cumulative": 8391.19,
        "distance_to_aoi_boundary_m": 537.55
      }
    },
    {
      "type": "Feature",
      "geometry": {
        "type": "LineString",
        "coordinates": [
          [
            480739.5,
            4929051.61
          ],
          [
            480720.38,
            4929004.17
          ]
        ]
      },
      "properties": {
        "segment_id": 123,
        "step": 123,
        "length_m": 51.15,
        "cumulative_distance_m": 6053.72,
        "elevation_start_m": 1213.7,
        "elevation_end_m": 1213.32,
        "max_slope_percent": 7.94,
        "reward": 88.22,
        "total_reward_cumulative": 8479.41,
        "distance_to_aoi_boundary_m": 518.57
      }
    },
    {
      "type": "Feature",
      "geometry": {
        "type": "LineString",
        "coordinates": [
          [
            480720.38,
            4929004.17
          ],
          [
            480702.03,
            4928956.43
          ]
        ]
      },
      "properties": {
        "segment_id": 124,
        "step": 124,
        "length_m": 51.15,
        "cumulative_distance_m": 6104.87,
        "elevation_start_m": 1213.32,
        "elevation_end_m": 1212.32,
        "max_slope_percent": 6.69,
        "reward": 93.22,
        "total_reward_cumulative": 8572.63,
        "distance_to_aoi_boundary_m": 500.37
      }
    },
    {
      "type": "Feature",
      "geometry": {
        "type": "LineString",
        "coordinates": [
          [
            480702.03,
            4928956.43
          ],
          [
            480684.41,
            4928908.42
          ]
        ]
      },
      "properties": {
        "segment_id": 125,
        "step": 125,
        "length_m": 51.13,
        "cumulative_distance_m": 6156.0,
        "elevation_start_m": 1212.32,
        "elevation_end_m": 1211.19,
        "max_slope_percent": 6.49,
        "reward": 94.06,
        "total_reward_cumulative": 8666.69,
        "distance_to_aoi_boundary_m": 482.9
      }
    },
    {
      "type": "Feature",
      "geometry": {
        "type": "LineString",
        "coordinates": [
          [
            480684.41,
            4928908.42
          ],
          [
            480667.52,
            4928860.16
          ]
        ]
      },
      "properties": {
        "segment_id": 126,
        "step": 126,
        "length_m": 51.13,
        "cumulative_distance_m": 6207.13,
        "elevation_start_m": 1211.19,
        "elevation_end_m": 1212.15,
        "max_slope_percent": 7.32,
        "reward": 90.73,
        "total_reward_cumulative": 8757.42,
        "distance_to_aoi_boundary_m": 466.15
      }
    },
    {
      "type": "Feature",
      "geometry": {
        "type": "LineString",
        "coordinates": [
          [
            480667.52,
            4928860.16
          ],
          [
            480651.34,
            4928811.64
          ]
        ]
      },
      "properties": {
        "segment_id": 127,
        "step": 127,
        "length_m": 51.15,
        "cumulative_distance_m": 6258.28,
        "elevation_start_m": 1212.15,
        "elevation_end_m": 1217.18,
        "max_slope_percent": 11.4,
        "reward": 74.38,
        "total_reward_cumulative": 8831.8,
        "distance_to_aoi_boundary_m": 450.12
      }
    },
    {
      "type": "Feature",
      "geometry": {
        "type": "LineString",
        "coordinates": [
          [
            480651.34,
            4928811.64
          ],
          [
            480635.91,
            4928762.82
          ]
        ]
      },
      "properties": {
        "segment_id": 128,
        "step": 128,
        "length_m": 51.21,
        "cumulative_distance_m": 6309.48,
        "elevation_start_m": 1217.18,
        "elevation_end_m": 1214.84,
        "max_slope_percent": 7.86,
        "reward": 88.54,
        "total_reward_cumulative": 8920.34,
        "distance_to_aoi_boundary_m": 434.84
      }
    },
    {
      "type": "Feature",
      "geometry": {
        "type": "LineString",
        "coordinates": [
          [
            480635.91,
            4928762.82
          ],
          [
            480621.18,
            4928713.82
          ]
        ]
      },
      "properties": {
        "segment_id": 129,
        "step": 129,
        "length_m": 51.16,
        "cumulative_distance_m": 6360.64,
        "elevation_start_m": 1214.84,
        "elevation_end_m": 1212.05,
        "max_slope_percent": 7.86,
        "reward": 88.54,
        "total_reward_cumulative": 9008.88,
        "distance_to_aoi_boundary_m": 420.26
      }
    },
    {
      "type": "Feature",
      "geometry": {
        "type": "LineString",
        "coordinates": [
          [
            480621.18,
            4928713.82
          ],
          [
            480607.14,
            4928664.62
          ]
        ]
      },
      "properties": {
        "segment_id": 130,
        "step": 130,
        "length_m": 51.16,
        "cumulative_distance_m": 6411.8,
        "elevation_start_m": 1212.05,
        "elevation_end_m": 1212.2,
        "max_slope_percent": 3.6,
        "reward": 100.0,
        "total_reward_cumulative": 9108.88,
        "distance_to_aoi_boundary_m": 406.37
      }
    },
    {
      "type": "Feature",
      "geometry": {
        "type": "LineString",
        "coordinates": [
          [
            480607.14,
            4928664.62
          ],
          [
            480593.73,
            4928615.31
          ]
        ]
      },
      "properties": {
        "segment_id": 131,
        "step": 131,
        "length_m": 51.11,
        "cumulative_distance_m": 6462.92,
        "elevation_start_m": 1212.2,
        "elevation_end_m": 1213.71,
        "max_slope_percent": 5.18,
        "reward": 99.28,
        "total_reward_cumulative": 9208.16,
        "distance_to_aoi_boundary_m": 393.11
      }
    },
    {
      "type": "Feature",
      "geometry": {
        "type": "LineString",
        "coordinates": [
          [
            480593.73,
            4928615.31
          ],
          [
            480580.94,
            4928565.79
          ]
        ]
      },
      "properties": {
        "segment_id": 132,
        "step": 132,
        "length_m": 51.14,
        "cumulative_distance_m": 6514.05,
        "elevation_start_m": 1213.71,
        "elevation_end_m": 1217.35,
        "max_slope_percent": 8.85,
        "reward": 84.6,
        "total_reward_cumulative": 9292.76,
        "distance_to_aoi_boundary_m": 380.47
      }
    },
    {
      "type": "Feature",
      "geometry": {
        "type": "LineString",
        "coordinates": [
          [
            480580.94,
            4928565.79
          ],
          [
            480568.81,
            4928516.06
          ]
        ]
      },
      "properties": {
        "segment_id": 133,
        "step": 133,
        "length_m": 51.19,
        "cumulative_distance_m": 6565.25,
        "elevation_start_m": 1217.35,
        "elevation_end_m": 1220.23,
        "max_slope_percent": 8.85,
        "reward": 84.6,
        "total_reward_cumulative": 9377.36,
        "distance_to_aoi_boundary_m": 368.49
      }
    },
    {
      "type": "Feature",
      "geometry": {
        "type": "LineString",
        "coordinates": [
          [
            480568.81,
            4928516.06
          ],
          [
            480557.33,
            4928466.16
          ]
        ]
      },
      "properties": {
        "segment_id": 134,
        "step": 134,
        "length_m": 51.2,
        "cumulative_distance_m": 6616.45,
        "elevation_start_m": 1220.23,
        "elevation_end_m": 1220.22,
        "max_slope_percent": 6.03,
        "reward": 95.87,
        "total_reward_cumulative": 9473.23,
        "distance_to_aoi_boundary_m": 357.17
      }
    },
    {
      "type": "Feature",
      "geometry": {
        "type": "LineString",
        "coordinates": [
          [
            480557.33,
            4928466.16
          ],
          [
            480546.48,
            4928416.16
          ]
        ]
      },
      "properties": {
        "segment_id": 135,
        "step": 135,
        "length_m": 51.17,
        "cumulative_distance_m": 6667.61,
        "elevation_start_m": 1220.22,
        "elevation_end_m": 1217.97,
        "max_slope_percent": 7.27,
        "reward": 90.92,
        "total_reward_cumulative": 9564.14,
        "distance_to_aoi_boundary_m": 346.46
      }
    },
    {
      "type": "Feature",
      "geometry": {
        "type": "LineString",
        "coordinates": [
          [
            480546.48,
            4928416.16
          ],
          [
            480536.24,
            4928366.0
          ]
        ]
      },
      "properties": {
        "segment_id": 136,
        "step": 136,
        "length_m": 51.19,
        "cumulative_distance_m": 6718.81,
        "elevation_start_m": 1217.97,
        "elevation_end_m": 1216.01,
        "max_slope_percent": 7.27,
        "reward": 90.92,
        "total_reward_cumulative": 9655.06,
        "distance_to_aoi_boundary_m": 336.38
      }
    },
    {
      "type": "Feature",
      "geometry": {
        "type": "LineString",
        "coordinates": [
          [
            480536.24,
            4928366.0
          ],
          [
            480526.61,
            4928315.71
          ]
        ]
      },
      "properties": {
        "segment_id": 137,
        "step": 137,
        "length_m": 51.2,
        "cumulative_distance_m": 6770.0,
        "elevation_start_m": 1216.01,
        "elevation_end_m": 1216.6,
        "max_slope_percent": 7.66,
        "reward": 89.35,
        "total_reward_cumulative": 9744.41,
        "distance_to_aoi_boundary_m": 326.9
      }
    },
    {
      "type": "Feature",
      "geometry": {
        "type": "LineString",
        "coordinates": [
          [
            480526.61,
            4928315.71
          ],
          [
            480517.59,
            4928265.3
          ]
        ]
      },
      "properties": {
        "segment_id": 138,
        "step": 138,
        "length_m": 51.21,
        "cumulative_distance_m": 6821.22,
        "elevation_start_m": 1216.6,
        "elevation_end_m": 1218.75,
        "max_slope_percent": 8.59,
        "reward": 85.63,
        "total_reward_cumulative": 9830.04,
        "distance_to_aoi_boundary_m": 318.03
      }
    },
    {
      "type": "Feature",
      "geometry": {
        "type": "LineString",
        "coordinates": [
          [
            480517.59,
            4928265.3
          ],
          [
            480509.18,
            4928214.76
          ]
        ]
      },
      "properties": {
        "segment_id": 139,
        "step": 139,
        "length_m": 51.23,
        "cumulative_distance_m": 6872.45,
        "elevation_start_m": 1218.75,
        "elevation_end_m": 1217.0,
        "max_slope_percent": 7.21,
        "reward": 91.16,
        "total_reward_cumulative": 9921.2,
        "distance_to_aoi_boundary_m": 309.78
      }
    },
    {
      "type": "Feature",
      "geometry": {
        "type": "LineString",
        "coordinates": [
          [
            480509.18,
            4928214.76
          ],
          [
            480501.36,
            4928164.14
          ]
        ]
      },
      "properties": {
        "segment_id": 140,
        "step": 140,
        "length_m": 51.22,
        "cumulative_distance_m": 6923.68,
        "elevation_start_m": 1217.0,
        "elevation_end_m": 1213.38,
        "max_slope_percent": 7.69,
        "reward": 89.24,
        "total_reward_cumulative": 10010.44,
        "distance_to_aoi_boundary_m": 302.12
      }
    },
    {
      "type": "Feature",
      "geometry": {
        "type": "LineString",
        "coordinates": [
          [
            480501.36,
            4928164.14
          ],
          [
            480494.14,
            4928113.41
          ]
        ]
      },
      "properties": {
        "segment_id": 141,
        "step": 141,
        "length_m": 51.24,
        "cumulative_distance_m": 6974.92,
        "elevation_start_m": 1213.38,
        "elevation_end_m": 1210.12,
        "max_slope_percent": 7.15,
        "reward": 91.38,
        "total_reward_cumulative": 10101.82,
        "distance_to_aoi_boundary_m": 295.05
      }
    },
    {
      "type": "Feature",
      "geometry": {
        "type": "LineString",
        "coordinates": [
          [
            480494.14,
            4928113.41
          ],
          [
            480487.5,
            4928062.59
          ]
        ]
      },
      "properties": {
        "segment_id": 142,
        "step": 142,
        "length_m": 51.25,
        "cumulative_distance_m": 7026.16,
        "elevation_start_m": 1210.12,
        "elevation_end_m": 1209.16,
        "max_slope_percent": 4.87,
        "reward": 100.0,
        "total_reward_cumulative": 10201.82,
        "distance_to_aoi_boundary_m": 288.57
      }
    },
    {
      "type": "Feature",
      "geometry": {
        "type": "LineString",
        "coordinates": [
          [
            480487.5,
            4928062.59
          ],
          [
            480481.42,
            4928011.73
          ]
        ]
      },
      "properties": {
        "segment_id": 143,
        "step": 143,
        "length_m": 51.23,
        "cumulative_distance_m": 7077.39,
        "elevation_start_m": 1209.16,
        "elevation_end_m": 1210.17,
        "max_slope_percent": 4.13,
        "reward": 100.0,
        "total_reward_cumulative": 10301.82,
        "distance_to_aoi_boundary_m": 282.64
      }
    },
    {
      "type": "Feature",
      "geometry": {
        "type": "LineString",
        "coordinates": [
          [
            480481.42,
            4928011.73
          ],
          [
            480475.9,
            4927960.79
          ]
        ]
      },
      "properties": {
        "segment_id": 144,
        "step": 144,
        "length_m": 51.23,
        "cumulative_distance_m": 7128.62,
        "elevation_start_m": 1210.17,
        "elevation_end_m": 1211.47,
        "max_slope_percent": 4.13,
        "reward": 100.0,
        "total_reward_cumulative": 10401.82,
        "distance_to_aoi_boundary_m": 277.27
      }
    },
    {
      "type": "Feature",
      "geometry": {
        "type": "LineString",
        "coordinates": [
          [
            480475.9,
            4927960.79
          ],
          [
            480470.93,
            4927909.79
          ]
        ]
      },
      "properties": {
        "segment_id": 145,
        "step": 145,
        "length_m": 51.25,
        "cumulative_distance_m": 7179.87,
        "elevation_start_m": 1211.47,
        "elevation_end_m": 1212.0,
        "max_slope_percent": 2.19,
        "reward": 100.0,
        "total_reward_cumulative": 10501.81,
        "distance_to_aoi_boundary_m": 272.46
      }
    },
    {
      "type": "Feature",
      "geometry": {
        "type": "LineString",
        "coordinates": [
          [
            480470.93,
            4927909.79
          ],
          [
            480466.51,
            4927858.74
          ]
        ]
      },
      "properties": {
        "segment_id": 146,
        "step": 146,
        "length_m": 51.24,
        "cumulative_distance_m": 7231.12,
        "elevation_start_m": 1212.0,
        "elevation_end_m": 1211.3,
        "max_slope_percent": 1.93,
        "reward": 100.0,
        "total_reward_cumulative": 10601.81,
        "distance_to_aoi_boundary_m": 268.2
      }
    },
    {
      "type": "Feature",
      "geometry": {
        "type": "LineString",
        "coordinates": [
          [
            480466.51,
            4927858.74
          ],
          [
            480462.66,
            4927807.62
          ]
        ]
      },
      "properties": {
        "segment_id": 147,
        "step": 147,
        "length_m": 51.26,
        "cumulative_distance_m": 7282.38,
        "elevation_start_m": 1211.3,
        "elevation_end_m": 1211.56,
        "max_slope_percent": 2.71,
        "reward": 100.0,
        "total_reward_cumulative": 10701.81,
        "distance_to_aoi_boundary_m": 264.5
      }
    },
    {
      "type": "Feature",
      "geometry": {
        "type": "LineString",
        "coordinates": [
          [
            480462.66,
            4927807.62
          ],
          [
            480459.4,
            4927756.43
          ]
        ]
      },
      "properties": {
        "segment_id": 148,
        "step": 148,
        "length_m": 51.3,
        "cumulative_distance_m": 7333.67,
        "elevation_start_m": 1211.56,
        "elevation_end_m": 1208.36,
        "max_slope_percent": 15.92,
        "reward": 58.17,
        "total_reward_cumulative": 10759.98,
        "distance_to_aoi_boundary_m": 261.4
      }
    },
    {
      "type": "Feature",
      "geometry": {
        "type": "LineString",
        "coordinates": [
          [
            480459.4,
            4927756.43
          ],
          [
            480457.0,
            4927705.91
          ]
        ]
      },
      "properties": {
        "segment_id": 149,
        "step": 149,
        "length_m": 50.57,
        "cumulative_distance_m": 7384.24,
        "elevation_start_m": 1208.36,
        "elevation_end_m": 1206.25,
        "max_slope_percent": 15.92,
        "reward": 58.17,
        "total_reward_cumulative": 10818.15,
        "distance_to_aoi_boundary_m": 259.15
      }
    },
    {
      "type": "Feature",
      "geometry": {
        "type": "LineString",
        "coordinates": [
          [
            480457.0,
            4927705.91
          ],
          [
            480455.42,
            4927655.34
          ]
        ]
      },
      "properties": {
        "segment_id": 150,
        "step": 150,
        "length_m": 50.6,
        "cumulative_distance_m": 7434.84,
        "elevation_start_m": 1206.25,
        "elevation_end_m": 1206.53,
        "max_slope_percent": 4.85,
        "reward": 100.0,
        "total_reward_cumulative": 10918.15,
        "distance_to_aoi_boundary_m": 257.73
      }
    },
    {
      "type": "Feature",
      "geometry": {
        "type": "LineString",
        "coordinates": [
          [
            480455.42,
            4927655.34
          ],
          [
            480454.51,
            4927603.93
          ]
        ]
      },
      "properties": {
        "segment_id": 151,
        "step": 151,
        "length_m": 51.42,
        "cumulative_distance_m": 7486.26,
        "elevation_start_m": 1206.53,
        "elevation_end_m": 1204.88,
        "max_slope_percent": 14.46,
        "reward": 62.15,
        "total_reward_cumulative": 10980.29,
        "distance_to_aoi_boundary_m": 256.97
      }
    },
    {
      "type": "Feature",
      "geometry": {
        "type": "LineString",
        "coordinates": [
          [
            480454.51,
            4927603.93
          ],
          [
            480454.49,
            4927552.33
          ]
        ]
      },
      "properties": {
        "segment_id": 152,
        "step": 152,
        "length_m": 51.6,
        "cumulative_distance_m": 7537.85,
        "elevation_start_m": 1204.88,
        "elevation_end_m": 1206.18,
        "max_slope_percent": 14.46,
        "reward": 62.15,
        "total_reward_cumulative": 11042.44,
        "distance_to_aoi_boundary_m": 257.11
      }
    },
    {
      "type": "Feature",
      "geometry": {
        "type": "LineString",
        "coordinates": [
          [
            480454.49,
            4927552.33
          ],
          [
            480455.42,
            4927500.69
          ]
        ]
      },
      "properties": {
        "segment_id": 153,
        "step": 153,
        "length_m": 51.65,
        "cumulative_distance_m": 7589.51,
        "elevation_start_m": 1206.18,
        "elevation_end_m": 1204.65,
        "max_slope_percent": 6.51,
        "reward": 93.98,
        "total_reward_cumulative": 11136.42,
        "distance_to_aoi_boundary_m": 258.2
      }
    },
    {
      "type": "Feature",
      "geometry": {
        "type": "LineString",
        "coordinates": [
          [
            480455.42,
            4927500.69
          ],
          [
            480457.27,
            4927449.12
          ]
        ]
      },
      "properties": {
        "segment_id": 154,
        "step": 154,
        "length_m": 51.6,
        "cumulative_distance_m": 7641.11,
        "elevation_start_m": 1204.65,
        "elevation_end_m": 1206.75,
        "max_slope_percent": 7.62,
        "reward": 89.52,
        "total_reward_cumulative": 11225.93,
        "distance_to_aoi_boundary_m": 260.21
      }
    },
    {
      "type": "Feature",
      "geometry": {
        "type": "LineString",
        "coordinates": [
          [
            480457.27,
            4927449.12
          ],
          [
            480460.18,
            4927397.5
          ]
        ]
      },
      "properties": {
        "segment_id": 155,
        "step": 155,
        "length_m": 51.71,
        "cumulative_distance_m": 7692.81,
        "elevation_start_m": 1206.75,
        "elevation_end_m": 1206.78,
        "max_slope_percent": 1.83,
        "reward": 100.0,
        "total_reward_cumulative": 11325.93,
        "distance_to_aoi_boundary_m": 263.28
      }
    },
    {
      "type": "Feature",
      "geometry": {
        "type": "LineString",
        "coordinates": [
          [
            480460.18,
            4927397.5
          ],
          [
            480464.25,
            4927345.92
          ]
        ]
      },
      "properties": {
        "segment_id": 156,
        "step": 156,
        "length_m": 51.74,
        "cumulative_distance_m": 7744.55,
        "elevation_start_m": 1206.78,
        "elevation_end_m": 1208.62,
        "max_slope_percent": 7.4,
        "reward": 90.41,
        "total_reward_cumulative": 11416.34,
        "distance_to_aoi_boundary_m": 267.5
      }
    },
    {
      "type": "Feature",
      "geometry": {
        "type": "LineString",
        "coordinates": [
          [
            480464.25,
            4927345.92
          ],
          [
            480469.84,
            4927294.24
          ]
        ]
      },
      "properties": {
        "segment_id": 157,
        "step": 157,
        "length_m": 51.98,
        "cumulative_distance_m": 7796.53,
        "elevation_start_m": 1208.62,
        "elevation_end_m": 1207.7,
        "max_slope_percent": 5.55,
        "reward": 97.79,
        "total_reward_cumulative": 11514.13,
        "distance_to_aoi_boundary_m": 273.25
      }
    },
    {
      "type": "Feature",
      "geometry": {
        "type": "LineString",
        "coordinates": [
          [
            480469.84,
            4927294.24
          ],
          [
            480477.29,
            4927242.59
          ]
        ]
      },
      "properties": {
        "segment_id": 158,
        "step": 158,
        "length_m": 52.18,
        "cumulative_distance_m": 7848.72,
        "elevation_start_m": 1207.7,
        "elevation_end_m": 1206.94,
        "max_slope_percent": 5.17,
        "reward": 99.33,
        "total_reward_cumulative": 11613.46,
        "distance_to_aoi_boundary_m": 280.85
      }
    },
    {
      "type": "Feature",
      "geometry": {
        "type": "LineString",
        "coordinates": [
          [
            480477.29,
            4927242.59
          ],
          [
            480487.17,
            4927191.01
          ]
        ]
      },
      "properties": {
        "segment_id": 159,
        "step": 159,
        "length_m": 52.52,
        "cumulative_distance_m": 7901.24,
        "elevation_start_m": 1206.94,
        "elevation_end_m": 1206.17,
        "max_slope_percent": 2.15,
        "reward": 100.0,
        "total_reward_cumulative": 11713.46,
        "distance_to_aoi_boundary_m": 290.89
      }
    },
    {
      "type": "Feature",
      "geometry": {
        "type": "LineString",
        "coordinates": [
          [
            480487.17,
            4927191.01
          ],
          [
            480500.26,
            4927139.67
          ]
        ]
      },
      "properties": {
        "segment_id": 160,
        "step": 160,
        "length_m": 52.98,
        "cumulative_distance_m": 7954.22,
        "elevation_start_m": 1206.17,
        "elevation_end_m": 1206.5,
        "max_slope_percent": 2.77,
        "reward": 99.99,
        "total_reward_cumulative": 11813.45,
        "distance_to_aoi_boundary_m": 304.13
      }
    },
    {
      "type": "Feature",
      "geometry": {
        "type": "LineString",
        "coordinates": [
          [
            480500.26,
            4927139.67
          ],
          [
            480517.61,
            4927088.88
          ]
        ]
      },
      "properties": {
        "segment_id": 161,
        "step": 161,
        "length_m": 53.67,
        "cumulative_distance_m": 8007.9,
        "elevation_start_m": 1206.5,
        "elevation_end_m": 1206.18,
        "max_slope_percent": 1.73,
        "reward": 99.99,
        "total_reward_cumulative": 11913.44,
        "distance_to_aoi_boundary_m": 321.64
      }
    },
    {
      "type": "Feature",
      "geometry": {
        "type": "LineString",
        "coordinates": [
          [
            480517.61,
            4927088.88
          ],
          [
            480540.09,
            4927039.35
          ]
        ]
      },
      "properties": {
        "segment_id": 162,
        "step": 162,
        "length_m": 54.39,
        "cumulative_distance_m": 8062.28,
        "elevation_start_m": 1206.18,
        "elevation_end_m": 1206.23,
        "max_slope_percent": 2.11,
        "reward": 99.99,
        "total_reward_cumulative": 12013.43,
        "distance_to_aoi_boundary_m": 315.22
      }
    },
    {
      "type": "Feature",
      "geometry": {
        "type": "LineString",
        "coordinates": [
          [
            480540.09,
            4927039.35
          ],
          [
            480568.12,
            4926992.01
          ]
        ]
      },
      "properties": {
        "segment_id": 163,
        "step": 163,
        "length_m": 55.02,
        "cumulative_distance_m": 8117.3,
        "elevation_start_m": 1206.23,
        "elevation_end_m": 1206.91,
        "max_slope_percent": 4.02,
        "reward": 99.99,
        "total_reward_cumulative": 12113.42,
        "distance_to_aoi_boundary_m": 267.96
      }
    },
    {
      "type": "Feature",
      "geometry": {
        "type": "LineString",
        "coordinates": [
          [
            480568.12,
            4926992.01
          ],
          [
            480601.77,
            4926947.84
          ]
        ]
      },
      "properties": {
        "segment_id": 164,
        "step": 164,
        "length_m": 55.53,
        "cumulative_distance_m": 8172.83,
        "elevation_start_m": 1206.91,
        "elevation_end_m": 1207.17,
        "max_slope_percent": 4.75,
        "reward": 99.99,
        "total_reward_cumulative": 12213.41,
        "distance_to_aoi_boundary_m": 223.87
      }
    },
    {
      "type": "Feature",
      "geometry": {
        "type": "LineString",
        "coordinates": [
          [
            480601.77,
            4926947.84
          ],
          [
            480640.66,
            4926907.69
          ]
        ]
      },
      "properties": {
        "segment_id": 165,
        "step": 165,
        "length_m": 55.9,
        "cumulative_distance_m": 8228.73,
        "elevation_start_m": 1207.17,
        "elevation_end_m": 1207.67,
        "max_slope_percent": 2.36,
        "reward": 99.99,
        "total_reward_cumulative": 12313.4,
        "distance_to_aoi_boundary_m": 183.83
      }
    },
    {
      "type": "Feature",
      "geometry": {
        "type": "LineString",
        "coordinates": [
          [
            480640.66,
            4926907.69
          ],
          [
            480684.16,
            4926872.21
          ]
        ]
      },
      "properties": {
        "segment_id": 166,
        "step": 166,
        "length_m": 56.13,
        "cumulative_distance_m": 8284.86,
        "elevation_start_m": 1207.67,
        "elevation_end_m": 1208.2,
        "max_slope_percent": 3.56,
        "reward": 99.99,
        "total_reward_cumulative": 12413.39,
        "distance_to_aoi_boundary_m": 148.47
      }
    },
    {
      "type": "Feature",
      "geometry": {
        "type": "LineString",
        "coordinates": [
          [
            480684.16,
            4926872.21
          ],
          [
            480731.64,
            4926841.85
          ]
        ]
      },
      "properties": {
        "segment_id": 167,
        "step": 167,
        "length_m": 56.36,
        "cumulative_distance_m": 8341.22,
        "elevation_start_m": 1208.2,
        "elevation_end_m": 1210.12,
        "max_slope_percent": 7.2,
        "reward": 91.2,
        "total_reward_cumulative": 12504.58,
        "distance_to_aoi_boundary_m": 118.23
      }
    },
    {
      "type": "Feature",
      "geometry": {
        "type": "LineString",
        "coordinates": [
          [
            480731.64,
            4926841.85
          ],
          [
            480782.46,
            4926816.94
          ]
        ]
      },
      "properties": {
        "segment_id": 168,
        "step": 168,
        "length_m": 56.6,
        "cumulative_distance_m": 8397.82,
        "elevation_start_m": 1210.12,
        "elevation_end_m": 1211.22,
        "max_slope_percent": 10.03,
        "reward": 76.58,
        "total_reward_cumulative": 12581.16,
        "distance_to_aoi_boundary_m": 93.46
      }
    },
    {
      "type": "Feature",
      "geometry": {
        "type": "LineString",
        "coordinates": [
          [
            480782.46,
            4926816.94
          ],
          [
            480835.9,
            4926797.7
          ]
        ]
      },
      "properties": {
        "segment_id": 169,
        "step": 169,
        "length_m": 56.79,
        "cumulative_distance_m": 8454.61,
        "elevation_start_m": 1211.22,
        "elevation_end_m": 1209.69,
        "max_slope_percent": 10.03,
        "reward": 67.03,
        "total_reward_cumulative": 12648.2,
        "distance_to_aoi_boundary_m": 74.36
      }
    },
    {
      "type": "Feature",
      "geometry": {
        "type": "LineString",
        "coordinates": [
          [
            480835.9,
            4926797.7
          ],
          [
            480891.2,
            4926784.19
          ]
        ]
      },
      "properties": {
        "segment_id": 170,
        "step": 170,
        "length_m": 56.93,
        "cumulative_distance_m": 8511.54,
        "elevation_start_m": 1209.69,
        "elevation_end_m": 1207.74,
        "max_slope_percent": 9.42,
        "reward": 62.82,
        "total_reward_cumulative": 12711.01,
        "distance_to_aoi_boundary_m": 61.0
      }
    },
    {
      "type": "Feature",
      "geometry": {
        "type": "LineString",
        "coordinates": [
          [
            480891.2,
            4926784.19
          ],
          [
            480947.71,
            4926776.34
          ]
        ]
      },
      "properties": {
        "segment_id": 171,
        "step": 171,
        "length_m": 57.04,
        "cumulative_distance_m": 8568.58,
        "elevation_start_m": 1207.74,
        "elevation_end_m": 1208.34,
        "max_slope_percent": 5.74,
        "reward": 73.67,
        "total_reward_cumulative": 12784.68,
        "distance_to_aoi_boundary_m": 53.31
      }
    },
    {
      "type": "Feature",
      "geometry": {
        "type": "LineString",
        "coordinates": [
          [
            480947.71,
            4926776.34
          ],
          [
            481004.75,
            4926773.96
          ]
        ]
      },
      "properties": {
        "segment_id": 172,
        "step": 172,
        "length_m": 57.09,
        "cumulative_distance_m": 8625.68,
        "elevation_start_m": 1208.34,
        "elevation_end_m": 1209.33,
        "max_slope_percent": 5.09,
        "reward": 75.19,
        "total_reward_cumulative": 12859.87,
        "distance_to_aoi_boundary_m": 51.08
      }
    },
    {
      "type": "Feature",
      "geometry": {
        "type": "LineString",
        "coordinates": [
          [
            481004.75,
            4926773.96
          ],
          [
            481061.86,
            4926776.83
          ]
        ]
      },
      "properties": {
        "segment_id": 173,
        "step": 173,
        "length_m": 57.18,
        "cumulative_distance_m": 8682.86,
        "elevation_start_m": 1209.33,
        "elevation_end_m": 1208.23,
        "max_slope_percent": 5.23,
        "reward": 76.13,
        "total_reward_cumulative": 12935.99,
        "distance_to_aoi_boundary_m": 54.1
      }
    },
    {
      "type": "Feature",
      "geometry": {
        "type": "LineString",
        "coordinates": [
          [
            481061.86,
            4926776.83
          ],
          [
            481118.6,
            4926784.69
          ]
        ]
      },
      "properties": {
        "segment_id": 174,
        "step": 174,
        "length_m": 57.28,
        "cumulative_distance_m": 8740.14,
        "elevation_start_m": 1208.23,
        "elevation_end_m": 1206.88,
        "max_slope_percent": 4.8,
        "reward": 81.05,
        "total_reward_cumulative": 13017.04,
        "distance_to_aoi_boundary_m": 62.12
      }
    },
    {
      "type": "Feature",
      "geometry": {
        "type": "LineString",
        "coordinates": [
          [
            481118.6,
            4926784.69
          ],
          [
            481174.56,
            4926797.27
          ]
        ]
      },
      "properties": {
        "segment_id": 175,
        "step": 175,
        "length_m": 57.36,
        "cumulative_distance_m": 8797.5,
        "elevation_start_m": 1206.88,
        "elevation_end_m": 1206.71,
        "max_slope_percent": 4.86,
        "reward": 87.42,
        "total_reward_cumulative": 13104.46,
        "distance_to_aoi_boundary_m": 74.85
      }
    },
    {
      "type": "Feature",
      "geometry": {
        "type": "LineString",
        "coordinates": [
          [
            481174.56,
            4926797.27
          ],
          [
            481229.43,
            4926814.27
          ]
        ]
      },
      "properties": {
        "segment_id": 176,
        "step": 176,
        "length_m": 57.44,
        "cumulative_distance_m": 8854.94,
        "elevation_start_m": 1206.71,
        "elevation_end_m": 1205.77,
        "max_slope_percent": 16.07,
        "reward": 53.84,
        "total_reward_cumulative": 13158.3,
        "distance_to_aoi_boundary_m": 91.99
      }
    },
    {
      "type": "Feature",
      "geometry": {
        "type": "LineString",
        "coordinates": [
          [
            481229.43,
            4926814.27
          ],
          [
            481281.89,
            4926835.15
          ]
        ]
      },
      "properties": {
        "segment_id": 177,
        "step": 177,
        "length_m": 56.46,
        "cumulative_distance_m": 8911.4,
        "elevation_start_m": 1205.77,
        "elevation_end_m": 1201.49,
        "max_slope_percent": 16.89,
        "reward": 56.22,
        "total_reward_cumulative": 13214.52,
        "distance_to_aoi_boundary_m": 113.01
      }
    },
    {
      "type": "Feature",
      "geometry": {
        "type": "LineString",
        "coordinates": [
          [
            481281.89,
            4926835.15
          ],
          [
            481331.87,
            4926859.48
          ]
        ]
      },
      "properties": {
        "segment_id": 178,
        "step": 178,
        "length_m": 55.6,
        "cumulative_distance_m": 8967.0,
        "elevation_start_m": 1201.49,
        "elevation_end_m": 1202.58,
        "max_slope_percent": 13.3,
        "reward": 66.78,
        "total_reward_cumulative": 13281.3,
        "distance_to_aoi_boundary_m": 137.48
      }
    },
    {
      "type": "Feature",
      "geometry": {
        "type": "LineString",
        "coordinates": [
          [
            481331.87,
            4926859.48
          ],
          [
            481381.95,
            4926888.3
          ]
        ]
      },
      "properties": {
        "segment_id": 179,
        "step": 179,
        "length_m": 57.77,
        "cumulative_distance_m": 9024.77,
        "elevation_start_m": 1202.58,
        "elevation_end_m": 1207.01,
        "max_slope_percent": 13.3,
        "reward": 66.78,
        "total_reward_cumulative": 13348.08,
        "distance_to_aoi_boundary_m": 166.43
      }
    },
    {
      "type": "Feature",
      "geometry": {
        "type": "LineString",
        "coordinates": [
          [
            481381.95,
            4926888.3
          ],
          [
            481430.08,
            4926920.36
          ]
        ]
      },
      "properties": {
        "segment_id": 180,
        "step": 180,
        "length_m": 57.83,
        "cumulative_distance_m": 9082.6,
        "elevation_start_m": 1207.01,
        "elevation_end_m": 1209.15,
        "max_slope_percent": 9.37,
        "reward": 82.53,
        "total_reward_cumulative": 13430.61,
        "distance_to_aoi_boundary_m": 198.62
      }
    },
    {
      "type": "Feature",
      "geometry": {
        "type": "LineString",
        "coordinates": [
          [
            481430.08,
            4926920.36
          ],
          [
            481476.17,
            4926955.26
          ]
        ]
      },
      "properties": {
        "segment_id": 181,
        "step": 181,
        "length_m": 57.81,
        "cumulative_distance_m": 9140.41,
        "elevation_start_m": 1209.15,
        "elevation_end_m": 1207.55,
        "max_slope_percent": 3.35,
        "reward": 99.99,
        "total_reward_cumulative": 13530.6,
        "distance_to_aoi_boundary_m": 233.64
      }
    },
    {
      "type": "Feature",
      "geometry": {
        "type": "LineString",
        "coordinates": [
          [
            481476.17,
            4926955.26
          ],
          [
            481520.23,
            4926992.61
          ]
        ]
      },
      "properties": {
        "segment_id": 182,
        "step": 182,
        "length_m": 57.76,
        "cumulative_distance_m": 9198.17,
        "elevation_start_m": 1207.55,
        "elevation_end_m": 1206.83,
        "max_slope_percent": 4.48,
        "reward": 99.99,
        "total_reward_cumulative": 13630.59,
        "distance_to_aoi_boundary_m": 271.11
      }
    },
    {
      "type": "Feature",
      "geometry": {
        "type": "LineString",
        "coordinates": [
          [
            481520.23,
            4926992.61
          ],
          [
            481562.32,
            4927032.25
          ]
        ]
      },
      "properties": {
        "segment_id": 183,
        "step": 183,
        "length_m": 57.83,
        "cumulative_distance_m": 9256.0,
        "elevation_start_m": 1206.83,
        "elevation_end_m": 1206.73,
        "max_slope_percent": 5.23,
        "reward": 99.06,
        "total_reward_cumulative": 13729.66,
        "distance_to_aoi_boundary_m": 310.87
      }
    },
    {
      "type": "Feature",
      "geometry": {
        "type": "LineString",
        "coordinates": [
          [
            481562.32,
            4927032.25
          ],
          [
            481602.46,
            4927073.96
          ]
        ]
      },
      "properties": {
        "segment_id": 184,
        "step": 184,
        "length_m": 57.88,
        "cumulative_distance_m": 9313.88,
        "elevation_start_m": 1206.73,
        "elevation_end_m": 1209.54,
        "max_slope_percent": 7.31,
        "reward": 90.77,
        "total_reward_cumulative": 13820.43,
        "distance_to_aoi_boundary_m": 352.68
      }
    },
    {
      "type": "Feature",
      "geometry": {
        "type": "LineString",
        "coordinates": [
          [
            481602.46,
            4927073.96
          ],
          [
            481640.65,
            4927117.55
          ]
        ]
      },
      "properties": {
        "segment_id": 185,
        "step": 185,
        "length_m": 57.96,
        "cumulative_distance_m": 9371.84,
        "elevation_start_m": 1209.54,
        "elevation_end_m": 1212.41,
        "max_slope_percent": 7.83,
        "reward": 88.68,
        "total_reward_cumulative": 13909.11,
        "distance_to_aoi_boundary_m": 396.38
      }
    },
    {
      "type": "Feature",
      "geometry": {
        "type": "LineString",
        "coordinates": [
          [
            481640.65,
            4927117.55
          ],
          [
            481676.93,
            4927162.81
          ]
        ]
      },
      "properties": {
        "segment_id": 186,
        "step": 186,
        "length_m": 58.0,
        "cumulative_distance_m": 9429.85,
        "elevation_start_m": 1212.41,
        "elevation_end_m": 1209.56,
        "max_slope_percent": 8.56,
        "reward": 85.77,
        "total_reward_cumulative": 13994.87,
        "distance_to_aoi_boundary_m": 441.73
      }
    },
    {
      "type": "Feature",
      "geometry": {
        "type": "LineString",
        "coordinates": [
          [
            481676.93,
            4927162.81
          ],
          [
            481711.36,
            4927209.56
          ]
        ]
      },
      "properties": {
        "segment_id": 187,
        "step": 187,
        "length_m": 58.05,
        "cumulative_distance_m": 9487.9,
        "elevation_start_m": 1209.56,
        "elevation_end_m": 1203.88,
        "max_slope_percent": 10.46,
        "reward": 78.15,
        "total_reward_cumulative": 14073.02,
        "distance_to_aoi_boundary_m": 488.57
      }
    },
    {
      "type": "Feature",
      "geometry": {
        "type": "LineString",
        "coordinates": [
          [
            481711.36,
            4927209.56
          ],
          [
            481743.77,
            4927246.37
          ]
        ]
      },
      "properties": {
        "segment_id": 188,
        "step": 188,
        "length_m": 49.05,
        "cumulative_distance_m": 9536.95,
        "elevation_start_m": 1203.88,
        "elevation_end_m": 1201.27,
        "max_slope_percent": 9.08,
        "reward": 83.68,
        "total_reward_cumulative": 14156.7,
        "distance_to_aoi_boundary_m": 525.47
      }
    },
    {
      "type": "Feature",
      "geometry": {
        "type": "LineString",
        "coordinates": [
          [
            481743.77,
            4927246.37
          ],
          [
            481779.27,
            4927280.22
          ]
        ]
      },
      "properties": {
        "segment_id": 189,
        "step": 189,
        "length_m": 49.04,
        "cumulative_distance_m": 9585.99,
        "elevation_start_m": 1201.27,
        "elevation_end_m": 1199.79,
        "max_slope_percent": 5.15,
        "reward": 99.39,
        "total_reward_cumulative": 14256.08,
        "distance_to_aoi_boundary_m": 559.41
      }
    },
    {
      "type": "Feature",
      "geometry": {
        "type": "LineString",
        "coordinates": [
          [
            481779.27,
            4927280.22
          ],
          [
            481817.55,
            4927310.81
          ]
        ]
      },
      "properties": {
        "segment_id": 190,
        "step": 190,
        "length_m": 49.01,
        "cumulative_distance_m": 9635.0,
        "elevation_start_m": 1199.79,
        "elevation_end_m": 1198.07,
        "max_slope_percent": 5.48,
        "reward": 98.07,
        "total_reward_cumulative": 14354.15,
        "distance_to_aoi_boundary_m": 590.11
      }
    },
    {
      "type": "Feature",
      "geometry": {
        "type": "LineString",
        "coordinates": [
          [
            481817.55,
            4927310.81
          ],
          [
            481858.35,
            4927337.96
          ]
        ]
      },
      "properties": {
        "segment_id": 191,
        "step": 191,
        "length_m": 49.01,
        "cumulative_distance_m": 9684.01,
        "elevation_start_m": 1198.07,
        "elevation_end_m": 1196.98,
        "max_slope_percent": 4.48,
        "reward": 99.99,
        "total_reward_cumulative": 14454.14,
        "distance_to_aoi_boundary_m": 617.36
      }
    },
    {
      "type": "Feature",
      "geometry": {
        "type": "LineString",
        "coordinates": [
          [
            481858.35,
            4927337.96
          ],
          [
            481901.35,
            4927361.44
          ]
        ]
      },
      "properties": {
        "segment_id": 192,
        "step": 192,
        "length_m": 48.99,
        "cumulative_distance_m": 9733.0,
        "elevation_start_m": 1196.98,
        "elevation_end_m": 1197.2,
        "max_slope_percent": 7.75,
        "reward": 88.98,
        "total_reward_cumulative": 14543.13,
        "distance_to_aoi_boundary_m": 640.96
      }
    },
    {
      "type": "Feature",
      "geometry": {
        "type": "LineString",
        "coordinates": [
          [
            481901.35,
            4927361.44
          ],
          [
            481946.25,
            4927381.08
          ]
        ]
      },
      "properties": {
        "segment_id": 193,
        "step": 193,
        "length_m": 49.0,
        "cumulative_distance_m": 9782.0,
        "elevation_start_m": 1197.2,
        "elevation_end_m": 1199.43,
        "max_slope_percent": 7.75,
        "reward": 88.98,
        "total_reward_cumulative": 14632.11,
        "distance_to_aoi_boundary_m": 660.72
      }
    },
    {
      "type": "Feature",
      "geometry": {
        "type": "LineString",
        "coordinates": [
          [
            481946.25,
            4927381.08
          ],
          [
            481992.67,
            4927396.74
          ]
        ]
      },
      "properties": {
        "segment_id": 194,
        "step": 194,
        "length_m": 49.0,
        "cumulative_distance_m": 9831.0,
        "elevation_start_m": 1199.43,
        "elevation_end_m": 1200.87,
        "max_slope_percent": 6.68,
        "reward": 93.27,
        "total_reward_cumulative": 14725.38,
        "distance_to_aoi_boundary_m": 676.5
      }
    },
    {
      "type": "Feature",
      "geometry": {
        "type": "LineString",
        "coordinates": [
          [
            481992.67,
            4927396.74
          ],
          [
            482040.27,
            4927408.28
          ]
        ]
      },
      "properties": {
        "segment_id": 195,
        "step": 195,
        "length_m": 48.98,
        "cumulative_distance_m": 9879.98,
        "elevation_start_m": 1200.87,
        "elevation_end_m": 1196.29,
        "max_slope_percent": 10.51,
        "reward": 77.96,
        "total_reward_cumulative": 14803.34,
        "distance_to_aoi_boundary_m": 688.18
      }
    },
    {
      "type": "Feature",
      "geometry": {
        "type": "LineString",
        "coordinates": [
          [
            482040.27,
            4927408.28
          ],
          [
            482088.71,
            4927415.64
          ]
        ]
      },
      "properties": {
        "segment_id": 196,
        "step": 196,
        "length_m": 48.99,
        "cumulative_distance_m": 9928.97,
        "elevation_start_m": 1196.29,
        "elevation_end_m": 1194.89,
        "max_slope_percent": 10.2,
        "reward": 79.18,
        "total_reward_cumulative": 14882.52,
        "distance_to_aoi_boundary_m": 695.66
      }
    },
    {
      "type": "Feature",
      "geometry": {
        "type": "LineString",
        "coordinates": [
          [
            482088.71,
            4927415.64
          ],
          [
            482137.6,
            4927418.74
          ]
        ]
      },
      "properties": {
        "segment_id": 197,
        "step": 197,
        "length_m": 48.98,
        "cumulative_distance_m": 9977.96,
        "elevation_start_m": 1194.89,
        "elevation_end_m": 1194.19,
        "max_slope_percent": 4.28,
        "reward": 99.99,
        "total_reward_cumulative": 14982.51,
        "distance_to_aoi_boundary_m": 698.9
      }
    },
    {
      "type": "Feature",
      "geometry": {
        "type": "LineString",
        "coordinates": [
          [
            482137.6,
            4927418.74
          ],
          [
            482186.51,
            4927417.58
          ]
        ]
      },
      "properties": {
        "segment_id": 198,
        "step": 198,
        "length_m": 48.93,
        "cumulative_distance_m": 10026.89,
        "elevation_start_m": 1194.19,
        "elevation_end_m": 1194.05,
        "max_slope_percent": 6.54,
        "reward": 93.84,
        "total_reward_cumulative": 15076.35,
        "distance_to_aoi_boundary_m": 697.86
      }
    },
    {
      "type": "Feature",
      "geometry": {
        "type": "LineString",
        "coordinates": [
          [
            482186.51,
            4927417.58
          ],
          [
            482235.14,
            4927412.15
          ]
        ]
      },
      "properties": {
        "segment_id": 199,
        "step": 199,
        "length_m": 48.93,
        "cumulative_distance_m": 10075.82,
        "elevation_start_m": 1194.05,
        "elevation_end_m": 1195.74,
        "max_slope_percent": 6.54,
        "reward": 93.84,
        "total_reward_cumulative": 15170.19,
        "distance_to_aoi_boundary_m": 692.57
      }
    },
    {
      "type": "Feature",
      "geometry": {
        "type": "LineString",
        "coordinates": [
          [
            482235.14,
            4927412.15
          ],
          [
            482283.11,
            4927402.51
          ]
        ]
      },
      "properties": {
        "segment_id": 200,
        "step": 200,
        "length_m": 48.92,
        "cumulative_distance_m": 10124.74,
        "elevation_start_m": 1195.74,
        "elevation_end_m": 1198.05,
        "max_slope_percent": 5.35,
        "reward": 98.6,
        "total_reward_cumulative": 15268.79,
        "distance_to_aoi_boundary_m": 683.06
      }
    },
    {
      "type": "Feature",
      "geometry": {
        "type": "LineString",
        "coordinates": [
          [
            482283.11,
            4927402.51
          ],
          [
            482330.03,
            4927388.73
          ]
        ]
      },
      "properties": {
        "segment_id": 201,
        "step": 201,
        "length_m": 48.9,
        "cumulative_distance_m": 10173.64,
        "elevation_start_m": 1198.05,
        "elevation_end_m": 1200.72,
        "max_slope_percent": 6.58,
        "reward": 93.67,
        "total_reward_cumulative": 15362.46,
        "distance_to_aoi_boundary_m": 669.4
      }
    },
    {
      "type": "Feature",
      "geometry": {
        "type": "LineString",
        "coordinates": [
          [
            482330.03,
            4927388.73
          ],
          [
            482375.56,
            4927370.92
          ]
        ]
      },
      "properties": {
        "segment_id": 202,
        "step": 202,
        "length_m": 48.9,
        "cumulative_distance_m": 10222.54,
        "elevation_start_m": 1200.72,
        "elevation_end_m": 1204.84,
        "max_slope_percent": 7.86,
        "reward": 88.55,
        "total_reward_cumulative": 15451.0,
        "distance_to_aoi_boundary_m": 651.71
      }
    },
    {
      "type": "Feature",
      "geometry": {
        "type": "LineString",
        "coordinates": [
          [
            482375.56,
            4927370.92
          ],
          [
            482419.37,
            4927349.2
          ]
        ]
      },
      "properties": {
        "segment_id": 203,
        "step": 203,
        "length_m": 48.9,
        "cumulative_distance_m": 10271.43,
        "elevation_start_m": 1204.84,
        "elevation_end_m": 1208.73,
        "max_slope_percent": 9.23,
        "reward": 83.06,
        "total_reward_cumulative": 15534.06,
        "distance_to_aoi_boundary_m": 630.11
      }
    },
    {
      "type": "Feature",
      "geometry": {
        "type": "LineString",
        "coordinates": [
          [
            482419.37,
            4927349.2
          ],
          [
            482461.12,
            4927323.75
          ]
        ]
      },
      "properties": {
        "segment_id": 204,
        "step": 204,
        "length_m": 48.9,
        "cumulative_distance_m": 10320.33,
        "elevation_start_m": 1208.73,
        "elevation_end_m": 1212.35,
        "max_slope_percent": 9.23,
        "reward": 83.06,
        "total_reward_cumulative": 15617.12,
        "distance_to_aoi_boundary_m": 604.77
      }
    },
    {
      "type": "Feature",
      "geometry": {
        "type": "LineString",
        "coordinates": [
          [
            482461.12,
            4927323.75
          ],
          [
            482500.49,
            4927294.76
          ]
        ]
      },
      "properties": {
        "segment_id": 205,
        "step": 205,
        "length_m": 48.89,
        "cumulative_distance_m": 10369.22,
        "elevation_start_m": 1212.35,
        "elevation_end_m": 1213.26,
        "max_slope_percent": 6.84,
        "reward": 92.63,
        "total_reward_cumulative": 15709.75,
        "distance_to_aoi_boundary_m": 575.89
      }
    },
    {
      "type": "Feature",
      "geometry": {
        "type": "LineString",
        "coordinates": [
          [
            482500.49,
            4927294.76
          ],
          [
            482537.17,
            4927262.47
          ]
        ]
      },
      "properties": {
        "segment_id": 206,
        "step": 206,
        "length_m": 48.87,
        "cumulative_distance_m": 10418.09,
        "elevation_start_m": 1213.26,
        "elevation_end_m": 1210.76,
        "max_slope_percent": 11.1,
        "reward": 75.6,
        "total_reward_cumulative": 15785.35,
        "distance_to_aoi_boundary_m": 543.7
      }
    },
    {
      "type": "Feature",
      "geometry": {
        "type": "LineString",
        "coordinates": [
          [
            482537.17,
            4927262.47
          ],
          [
            482570.91,
            4927227.07
          ]
        ]
      },
      "properties": {
        "segment_id": 207,
        "step": 207,
        "length_m": 48.9,
        "cumulative_distance_m": 10466.99,
        "elevation_start_m": 1210.76,
        "elevation_end_m": 1208.78,
        "max_slope_percent": 15.03,
        "reward": 59.93,
        "total_reward_cumulative": 15845.27,
        "distance_to_aoi_boundary_m": 508.39
      }
    },
    {
      "type": "Feature",
      "geometry": {
        "type": "LineString",
        "coordinates": [
          [
            482570.91,
            4927227.07
          ],
          [
            482601.44,
            4927188.87
          ]
        ]
      },
      "properties": {
        "segment_id": 208,
        "step": 208,
        "length_m": 48.91,
        "cumulative_distance_m": 10515.89,
        "elevation_start_m": 1208.78,
        "elevation_end_m": 1206.35,
        "max_slope_percent": 15.55,
        "reward": 58.89,
        "total_reward_cumulative": 15904.16,
        "distance_to_aoi_boundary_m": 470.27
      }
    },
    {
      "type": "Feature",
      "geometry": {
        "type": "LineString",
        "coordinates": [
          [
            482601.44,
            4927188.87
          ],
          [
            482628.26,
            4927148.57
          ]
        ]
      },
      "properties": {
        "segment_id": 209,
        "step": 209,
        "length_m": 48.41,
        "cumulative_distance_m": 10564.3,
        "elevation_start_m": 1206.35,
        "elevation_end_m": 1208.76,
        "max_slope_percent": 12.92,
        "reward": 68.33,
        "total_reward_cumulative": 15972.49,
        "distance_to_aoi_boundary_m": 430.04
      }
    },
    {
      "type": "Feature",
      "geometry": {
        "type": "LineString",
        "coordinates": [
          [
            482628.26,
            4927148.57
          ],
          [
            482670.02,
            4927106.45
          ]
        ]
      },
      "properties": {
        "segment_id": 210,
        "step": 210,
        "length_m": 59.31,
        "cumulative_distance_m": 10623.61,
        "elevation_start_m": 1208.76,
        "elevation_end_m": 1206.23,
        "max_slope_percent": 12.92,
        "reward": 68.32,
        "total_reward_cumulative": 16040.81,
        "distance_to_aoi_boundary_m": 388.04
      }
    },
    {
      "type": "Feature",
      "geometry": {
        "type": "LineString",
        "coordinates": [
          [
            482670.02,
            4927106.45
          ],
          [
            482718.52,
            4927072.53
          ]
        ]
      },
      "properties": {
        "segment_id": 211,
        "step": 211,
        "length_m": 59.18,
        "cumulative_distance_m": 10682.8,
        "elevation_start_m": 1206.23,
        "elevation_end_m": 1204.11,
        "max_slope_percent": 18.53,
        "reward": 52.92,
        "total_reward_cumulative": 16093.73,
        "distance_to_aoi_boundary_m": 354.25
      }
    },
    {
      "type": "Feature",
      "geometry": {
        "type": "LineString",
        "coordinates": [
          [
            482718.52,
            4927072.53
          ],
          [
            482768.18,
            4927048.93
          ]
        ]
      },
      "properties": {
        "segment_id": 212,
        "step": 212,
        "length_m": 54.98,
        "cumulative_distance_m": 10737.78,
        "elevation_start_m": 1204.11,
        "elevation_end_m": 1198.49,
        "max_slope_percent": 16.96,
        "reward": 56.07,
        "total_reward_cumulative": 16149.8,
        "distance_to_aoi_boundary_m": 330.78
      }
    },
    {
      "type": "Feature",
      "geometry": {
        "type": "LineString",
        "coordinates": [
          [
            482768.18,
            4927048.93
          ],
          [
            482822.53,
            4927032.71
          ]
        ]
      },
      "properties": {
        "segment_id": 213,
        "step": 213,
        "length_m": 56.72,
        "cumulative_distance_m": 10794.5,
        "elevation_start_m": 1198.49,
        "elevation_end_m": 1194.58,
        "max_slope_percent": 11.15,
        "reward": 75.37,
        "total_reward_cumulative": 16225.17,
        "distance_to_aoi_boundary_m": 314.71
      }
    },
    {
      "type": "Feature",
      "geometry": {
        "type": "LineString",
        "coordinates": [
          [
            482822.53,
            4927032.71
          ],
          [
            482880.71,
            4927023.93
          ]
        ]
      },
      "properties": {
        "segment_id": 214,
        "step": 214,
        "length_m": 58.84,
        "cumulative_distance_m": 10853.34,
        "elevation_start_m": 1194.58,
        "elevation_end_m": 1194.91,
        "max_slope_percent": 10.59,
        "reward": 77.65,
        "total_reward_cumulative": 16302.81,
        "distance_to_aoi_boundary_m": 306.08
      }
    },
    {
      "type": "Feature",
      "geometry": {
        "type": "LineString",
        "coordinates": [
          [
            482880.71,
            4927023.93
          ],
          [
            482939.44,
            4927022.71
          ]
        ]
      },
      "properties": {
        "segment_id": 215,
        "step": 215,
        "length_m": 58.74,
        "cumulative_distance_m": 10912.08,
        "elevation_start_m": 1194.91,
        "elevation_end_m": 1192.67,
        "max_slope_percent": 9.39,
        "reward": 82.43,
        "total_reward_cumulative": 16385.24,
        "distance_to_aoi_boundary_m": 305.02
      }
    },
    {
      "type": "Feature",
      "geometry": {
        "type": "LineString",
        "coordinates": [
          [
            482939.44,
            4927022.71
          ],
          [
            482997.8,
            4927028.43
          ]
        ]
      },
      "properties": {
        "segment_id": 216,
        "step": 216,
        "length_m": 58.64,
        "cumulative_distance_m": 10970.73,
        "elevation_start_m": 1192.67,
        "elevation_end_m": 1190.31,
        "max_slope_percent": 10.08,
        "reward": 79.65,
        "total_reward_cumulative": 16464.89,
        "distance_to_aoi_boundary_m": 310.9
      }
    },
    {
      "type": "Feature",
      "geometry": {
        "type": "LineString",
        "coordinates": [
          [
            482997.8,
            4927028.43
          ],
          [
            483055.14,
            4927040.45
          ]
        ]
      },
      "properties": {
        "segment_id": 217,
        "step": 217,
        "length_m": 58.58,
        "cumulative_distance_m": 11029.31,
        "elevation_start_m": 1190.31,
        "elevation_end_m": 1189.56,
        "max_slope_percent": 10.39,
        "reward": 78.42,
        "total_reward_cumulative": 16543.31,
        "distance_to_aoi_boundary_m": 323.07
      }
    },
    {
      "type": "Feature",
      "geometry": {
        "type": "LineString",
        "coordinates": [
          [
            483055.14,
            4927040.45
          ],
          [
            483110.93,
            4927058.12
          ]
        ]
      },
      "properties": {
        "segment_id": 218,
        "step": 218,
        "length_m": 58.52,
        "cumulative_distance_m": 11087.83,
        "elevation_start_m": 1189.56,
        "elevation_end_m": 1184.38,
        "max_slope_percent": 17.07,
        "reward": 55.85,
        "total_reward_cumulative": 16599.16,
        "distance_to_aoi_boundary_m": 340.89
      }
    },
    {
      "type": "Feature",
      "geometry": {
        "type": "LineString",
        "coordinates": [
          [
            483110.93,
            4927058.12
          ],
          [
            483162.64,
            4927080.0
          ]
        ]
      },
      "properties": {
        "segment_id": 219,
        "step": 219,
        "length_m": 56.15,
        "cumulative_distance_m": 11143.98,
        "elevation_start_m": 1184.38,
        "elevation_end_m": 1183.1,
        "max_slope_percent": 5.34,
        "reward": 98.61,
        "total_reward_cumulative": 16697.77,
        "distance_to_aoi_boundary_m": 362.91
      }
    },
    {
      "type": "Feature",
      "geometry": {
        "type": "LineString",
        "coordinates": [
          [
            483162.64,
            4927080.0
          ],
          [
            483214.3,
            4927107.05
          ]
        ]
      },
      "properties": {
        "segment_id": 220,
        "step": 220,
        "length_m": 58.31,
        "cumulative_distance_m": 11202.29,
        "elevation_start_m": 1183.1,
        "elevation_end_m": 1183.42,
        "max_slope_percent": 4.19,
        "reward": 99.99,
        "total_reward_cumulative": 16797.76,
        "distance_to_aoi_boundary_m": 390.1
      }
    },
    {
      "type": "Feature",
      "geometry": {
        "type": "LineString",
        "coordinates": [
          [
            483214.3,
            4927107.05
          ],
          [
            483263.72,
            4927137.86
          ]
        ]
      },
      "properties": {
        "segment_id": 221,
        "step": 221,
        "length_m": 58.24,
        "cumulative_distance_m": 11260.53,
        "elevation_start_m": 1183.42,
        "elevation_end_m": 1182.82,
        "max_slope_percent": 4.19,
        "reward": 99.99,
        "total_reward_cumulative": 16897.76,
        "distance_to_aoi_boundary_m": 421.04
      }
    },
    {
      "type": "Feature",
      "geometry": {
        "type": "LineString",
        "coordinates": [
          [
            483263.72,
            4927137.86
          ],
          [
            483310.9,
            4927171.93
          ]
        ]
      },
      "properties": {
        "segment_id": 222,
        "step": 222,
        "length_m": 58.19,
        "cumulative_distance_m": 11318.72,
        "elevation_start_m": 1182.82,
        "elevation_end_m": 1182.77,
        "max_slope_percent": 1.25,
        "reward": 99.99,
        "total_reward_cumulative": 16997.75,
        "distance_to_aoi_boundary_m": 455.23
      }
    },
    {
      "type": "Feature",
      "geometry": {
        "type": "LineString",
        "coordinates": [
          [
            483310.9,
            4927171.93
          ],
          [
            483352.89,
            4927197.0
          ]
        ]
      },
      "properties": {
        "segment_id": 223,
        "step": 223,
        "length_m": 48.91,
        "cumulative_distance_m": 11367.63,
        "elevation_start_m": 1182.77,
        "elevation_end_m": 1185.18,
        "max_slope_percent": 11.98,
        "reward": 72.06,
        "total_reward_cumulative": 17069.81,
        "distance_to_aoi_boundary_m": 480.42
      }
    },
    {
      "type": "Feature",
      "geometry": {
        "type": "LineString",
        "coordinates": [
          [
            483352.89,
            4927197.0
          ],
          [
            483396.96,
            4927218.34
          ]
        ]
      },
      "properties": {
        "segment_id": 224,
        "step": 224,
        "length_m": 48.97,
        "cumulative_distance_m": 11416.6,
        "elevation_start_m": 1185.18,
        "elevation_end_m": 1184.51,
        "max_slope_percent": 8.94,
        "reward": 84.21,
        "total_reward_cumulative": 17154.02,
        "distance_to_aoi_boundary_m": 501.87
      }
    },
    {
      "type": "Feature",
      "geometry": {
        "type": "LineString",
        "coordinates": [
          [
            483396.96,
            4927218.34
          ],
          [
            483442.7,
            4927235.74
          ]
        ]
      },
      "properties": {
        "segment_id": 225,
        "step": 225,
        "length_m": 48.94,
        "cumulative_distance_m": 11465.54,
        "elevation_start_m": 1184.51,
        "elevation_end_m": 1185.23,
        "max_slope_percent": 3.87,
        "reward": 99.99,
        "total_reward_cumulative": 17254.01,
        "distance_to_aoi_boundary_m": 519.4
      }
    },
    {
      "type": "Feature",
      "geometry": {
        "type": "LineString",
        "coordinates": [
          [
            483442.7,
            4927235.74
          ],
          [
            483489.74,
            4927249.09
          ]
        ]
      },
      "properties": {
        "segment_id": 226,
        "step": 226,
        "length_m": 48.89,
        "cumulative_distance_m": 11514.43,
        "elevation_start_m": 1185.23,
        "elevation_end_m": 1188.13,
        "max_slope_percent": 9.81,
        "reward": 80.76,
        "total_reward_cumulative": 17334.78,
        "distance_to_aoi_boundary_m": 532.87
      }
    },
    {
      "type": "Feature",
      "geometry": {
        "type": "LineString",
        "coordinates": [
          [
            483489.74,
            4927249.09
          ],
          [
            483537.79,
            4927258.29
          ]
        ]
      },
      "properties": {
        "segment_id": 227,
        "step": 227,
        "length_m": 48.92,
        "cumulative_distance_m": 11563.35,
        "elevation_start_m": 1188.13,
        "elevation_end_m": 1189.13,
        "max_slope_percent": 5.88,
        "reward": 96.48,
        "total_reward_cumulative": 17431.26,
        "distance_to_aoi_boundary_m": 542.2
      }
    },
    {
      "type": "Feature",
      "geometry": {
        "type": "LineString",
        "coordinates": [
          [
            483537.79,
            4927258.29
          ],
          [
            483586.42,
            4927263.26
          ]
        ]
      },
      "properties": {
        "segment_id": 228,
        "step": 228,
        "length_m": 48.89,
        "cumulative_distance_m": 11612.24,
        "elevation_start_m": 1189.13,
        "elevation_end_m": 1192.65,
        "max_slope_percent": 7.98,
        "reward": 88.07,
        "total_reward_cumulative": 17519.32,
        "distance_to_aoi_boundary_m": 547.3
      }
    },
    {
      "type": "Feature",
      "geometry": {
        "type": "LineString",
        "coordinates": [
          [
            483586.42,
            4927263.26
          ],
          [
            483635.31,
            4927263.97
          ]
        ]
      },
      "properties": {
        "segment_id": 229,
        "step": 229,
        "length_m": 48.89,
        "cumulative_distance_m": 11661.13,
        "elevation_start_m": 1192.65,
        "elevation_end_m": 1193.64,
        "max_slope_percent": 6.56,
        "reward": 93.74,
        "total_reward_cumulative": 17613.06,
        "distance_to_aoi_boundary_m": 548.15
      }
    },
    {
      "type": "Feature",
      "geometry": {
        "type": "LineString",
        "coordinates": [
          [
            483635.31,
            4927263.97
          ],
          [
            483684.05,
            4927260.42
          ]
        ]
      },
      "properties": {
        "segment_id": 230,
        "step": 230,
        "length_m": 48.87,
        "cumulative_distance_m": 11709.99,
        "elevation_start_m": 1193.64,
        "elevation_end_m": 1194.31,
        "max_slope_percent": 1.42,
        "reward": 99.99,
        "total_reward_cumulative": 17713.06,
        "distance_to_aoi_boundary_m": 544.73
      }
    },
    {
      "type": "Feature",
      "geometry": {
        "type": "LineString",
        "coordinates": [
          [
            483684.05,
            4927260.42
          ],
          [
            483732.24,
            4927252.65
          ]
        ]
      },
      "properties": {
        "segment_id": 231,
        "step": 231,
        "length_m": 48.82,
        "cumulative_distance_m": 11758.81,
        "elevation_start_m": 1194.31,
        "elevation_end_m": 1195.23,
        "max_slope_percent": 3.77,
        "reward": 99.99,
        "total_reward_cumulative": 17813.05,
        "distance_to_aoi_boundary_m": 537.08
      }
    },
    {
      "type": "Feature",
      "geometry": {
        "type": "LineString",
        "coordinates": [
          [
            483732.24,
            4927252.65
          ],
          [
            483779.58,
            4927240.7
          ]
        ]
      },
      "properties": {
        "segment_id": 232,
        "step": 232,
        "length_m": 48.83,
        "cumulative_distance_m": 11807.64,
        "elevation_start_m": 1195.23,
        "elevation_end_m": 1196.54,
        "max_slope_percent": 2.97,
        "reward": 99.99,
        "total_reward_cumulative": 17913.04,
        "distance_to_aoi_boundary_m": 525.26
      }
    },
    {
      "type": "Feature",
      "geometry": {
        "type": "LineString",
        "coordinates": [
          [
            483779.58,
            4927240.7
          ],
          [
            483825.69,
            4927224.68
          ]
        ]
      },
      "properties": {
        "segment_id": 233,
        "step": 233,
        "length_m": 48.81,
        "cumulative_distance_m": 11856.45,
        "elevation_start_m": 1196.54,
        "elevation_end_m": 1197.81,
        "max_slope_percent": 5.06,
        "reward": 99.76,
        "total_reward_cumulative": 18012.8,
        "distance_to_aoi_boundary_m": 509.36
      }
    },
    {
      "type": "Feature",
      "geometry": {
        "type": "LineString",
        "coordinates": [
          [
            483825.69,
            4927224.68
          ],
          [
            483870.23,
            4927204.69
          ]
        ]
      },
      "properties": {
        "segment_id": 234,
        "step": 234,
        "length_m": 48.82,
        "cumulative_distance_m": 11905.27,
        "elevation_start_m": 1197.81,
        "elevation_end_m": 1199.45,
        "max_slope_percent": 7.04,
        "reward": 91.82,
        "total_reward_cumulative": 18104.62,
        "distance_to_aoi_boundary_m": 489.5
      }
    },
    {
      "type": "Feature",
      "geometry": {
        "type": "LineString",
        "coordinates": [
          [
            483870.23,
            4927204.69
          ],
          [
            483912.87,
            4927180.9
          ]
        ]
      },
      "properties": {
        "segment_id": 235,
        "step": 235,
        "length_m": 48.83,
        "cumulative_distance_m": 11954.1,
        "elevation_start_m": 1199.45,
        "elevation_end_m": 1201.55,
        "max_slope_percent": 10.67,
        "reward": 77.33,
        "total_reward_cumulative": 18181.95,
        "distance_to_aoi_boundary_m": 465.82
      }
    },
    {
      "type": "Feature",
      "geometry": {
        "type": "LineString",
        "coordinates": [
          [
            483912.87,
            4927180.9
          ],
          [
            483953.29,
            4927153.46
          ]
        ]
      },
      "properties": {
        "segment_id": 236,
        "step": 236,
        "length_m": 48.85,
        "cumulative_distance_m": 12002.95,
        "elevation_start_m": 1201.55,
        "elevation_end_m": 1202.48,
        "max_slope_percent": 9.42,
        "reward": 82.31,
        "total_reward_cumulative": 18264.26,
        "distance_to_aoi_boundary_m": 438.5
      }
    },
    {
      "type": "Feature",
      "geometry": {
        "type": "LineString",
        "coordinates": [
          [
            483953.29,
            4927153.46
          ],
          [
            484006.84,
            4927128.69
          ]
        ]
      },
      "properties": {
        "segment_id": 237,
        "step": 237,
        "length_m": 59.0,
        "cumulative_distance_m": 12061.96,
        "elevation_start_m": 1202.48,
        "elevation_end_m": 1201.51,
        "max_slope_percent": 16.5,
        "reward": 56.98,
        "total_reward_cumulative": 18321.24,
        "distance_to_aoi_boundary_m": 413.86
      }
    },
    {
      "type": "Feature",
      "geometry": {
        "type": "LineString",
        "coordinates": [
          [
            484006.84,
            4927128.69
          ],
          [
            484061.84,
            4927112.78
          ]
        ]
      },
      "properties": {
        "segment_id": 238,
        "step": 238,
        "length_m": 57.25,
        "cumulative_distance_m": 12119.21,
        "elevation_start_m": 1201.51,
        "elevation_end_m": 1199.94,
        "max_slope_percent": 16.18,
        "reward": 57.62,
        "total_reward_cumulative": 18378.86,
        "distance_to_aoi_boundary_m": 398.11
      }
    },
    {
      "type": "Feature",
      "geometry": {
        "type": "LineString",
        "coordinates": [
          [
            484061.84,
            4927112.78
          ],
          [
            484118.8,
            4927104.68
          ]
        ]
      },
      "properties": {
        "segment_id": 239,
        "step": 239,
        "length_m": 57.53,
        "cumulative_distance_m": 12176.74,
        "elevation_start_m": 1199.94,
        "elevation_end_m": 1196.71,
        "max_slope_percent": 18.72,
        "reward": 52.54,
        "total_reward_cumulative": 18431.4,
        "distance_to_aoi_boundary_m": 390.15
      }
    },
    {
      "type": "Feature",
      "geometry": {
        "type": "LineString",
        "coordinates": [
          [
            484118.8,
            4927104.68
          ],
          [
            484173.3,
            4927104.03
          ]
        ]
      },
      "properties": {
        "segment_id": 240,
        "step": 240,
        "length_m": 54.5,
        "cumulative_distance_m": 12231.25,
        "elevation_start_m": 1196.71,
        "elevation_end_m": 1198.75,
        "max_slope_percent": 10.25,
        "reward": 78.97,
        "total_reward_cumulative": 18510.37,
        "distance_to_aoi_boundary_m": 389.65
      }
    },
    {
      "type": "Feature",
      "geometry": {
        "type": "LineString",
        "coordinates": [
          [
            484173.3,
            4927104.03
          ],
          [
            484231.64,
            4927110.2
          ]
        ]
      },
      "properties": {
        "segment_id": 241,
        "step": 241,
        "length_m": 58.67,
        "cumulative_distance_m": 12289.91,
        "elevation_start_m": 1198.75,
        "elevation_end_m": 1203.01,
        "max_slope_percent": 10.61,
        "reward": 77.57,
        "total_reward_cumulative": 18587.93,
        "distance_to_aoi_boundary_m": 395.97
      }
    },
    {
      "type": "Feature",
      "geometry": {
        "type": "LineString",
        "coordinates": [
          [
            484231.64,
            4927110.2
          ],
          [
            484288.92,
            4927122.58
          ]
        ]
      },
      "properties": {
        "segment_id": 242,
        "step": 242,
        "length_m": 58.6,
        "cumulative_distance_m": 12348.51,
        "elevation_start_m": 1203.01,
        "elevation_end_m": 1207.72,
        "max_slope_percent": 10.1,
        "reward": 79.58,
        "total_reward_cumulative": 18667.51,
        "distance_to_aoi_boundary_m": 408.51
      }
    },
    {
      "type": "Feature",
      "geometry": {
        "type": "LineString",
        "coordinates": [
          [
            484288.92,
            4927122.58
          ],
          [
            484344.62,
            4927140.5
          ]
        ]
      },
      "properties": {
        "segment_id": 243,
        "step": 243,
        "length_m": 58.52,
        "cumulative_distance_m": 12407.03,
        "elevation_start_m": 1207.72,
        "elevation_end_m": 1208.25,
        "max_slope_percent": 8.05,
        "reward": 87.78,
        "total_reward_cumulative": 18755.3,
        "distance_to_aoi_boundary_m": 426.58
      }
    },
    {
      "type": "Feature",
      "geometry": {
        "type": "LineString",
        "coordinates": [
          [
            484344.62,
            4927140.5
          ],
          [
            484398.41,
            4927163.29
          ]
        ]
      },
      "properties": {
        "segment_id": 244,
        "step": 244,
        "length_m": 58.41,
        "cumulative_distance_m": 12465.44,
        "elevation_start_m": 1208.25,
        "elevation_end_m": 1211.56,
        "max_slope_percent": 6.82,
        "reward": 92.71,
        "total_reward_cumulative": 18848.0,
        "distance_to_aoi_boundary_m": 449.51
      }
    },
    {
      "type": "Feature",
      "geometry": {
        "type": "LineString",
        "coordinates": [
          [
            484398.41,
            4927163.29
          ],
          [
            484450.09,
            4927190.33
          ]
        ]
      },
      "properties": {
        "segment_id": 245,
        "step": 245,
        "length_m": 58.33,
        "cumulative_distance_m": 12523.77,
        "elevation_start_m": 1211.56,
        "elevation_end_m": 1215.35,
        "max_slope_percent": 9.51,
        "reward": 81.95,
        "total_reward_cumulative": 18929.95,
        "distance_to_aoi_boundary_m": 460.58
      }
    },
    {
      "type": "Feature",
      "geometry": {
        "type": "LineString",
        "coordinates": [
          [
            484450.09,
            4927190.33
          ],
          [
            484495.27,
            4927209.15
          ]
        ]
      },
      "properties": {
        "segment_id": 246,
        "step": 246,
        "length_m": 48.95,
        "cumulative_distance_m": 12572.71,
        "elevation_start_m": 1215.35,
        "elevation_end_m": 1217.83,
        "max_slope_percent": 9.96,
        "reward": 80.17,
        "total_reward_cumulative": 19010.12,
        "distance_to_aoi_boundary_m": 415.44
      }
    },
    {
      "type": "Feature",
      "geometry": {
        "type": "LineString",
        "coordinates": [
          [
            484495.27,
            4927209.15
          ],
          [
            484541.89,
            4927223.95
          ]
        ]
      },
      "properties": {
        "segment_id": 247,
        "step": 247,
        "length_m": 48.91,
        "cumulative_distance_m": 12621.63,
        "elevation_start_m": 1217.83,
        "elevation_end_m": 1221.75,
        "max_slope_percent": 12.29,
        "reward": 70.84,
        "total_reward_cumulative": 19080.96,
        "distance_to_aoi_boundary_m": 368.86
      }
    },
    {
      "type": "Feature",
      "geometry": {
        "type": "LineString",
        "coordinates": [
          [
            484541.89,
            4927223.95
          ],
          [
            484589.61,
            4927234.64
          ]
        ]
      },
      "properties": {
        "segment_id": 248,
        "step": 248,
        "length_m": 48.9,
        "cumulative_distance_m": 12670.52,
        "elevation_start_m": 1221.75,
        "elevation_end_m": 1227.37,
        "max_slope_percent": 15.11,
        "reward": 59.76,
        "total_reward_cumulative": 19140.73,
        "distance_to_aoi_boundary_m": 321.16
      }
    },
    {
      "type": "Feature",
      "geometry": {
        "type": "LineString",
        "coordinates": [
          [
            484589.61,
            4927234.64
          ],
          [
            484637.95,
            4927241.1
          ]
        ]
      },
      "properties": {
        "segment_id": 249,
        "step": 249,
        "length_m": 48.78,
        "cumulative_distance_m": 12719.3,
        "elevation_start_m": 1227.37,
        "elevation_end_m": 1226.82,
        "max_slope_percent": 12.52,
        "reward": 69.92,
        "total_reward_cumulative": 19210.64,
        "distance_to_aoi_boundary_m": 272.83
      }
    },
    {
      "type": "Feature",
      "geometry": {
        "type": "LineString",
        "coordinates": [
          [
            484637.95,
            4927241.1
          ],
          [
            484686.75,
            4927243.33
          ]
        ]
      },
      "properties": {
        "segment_id": 250,
        "step": 250,
        "length_m": 48.84,
        "cumulative_distance_m": 12768.15,
        "elevation_start_m": 1226.82,
        "elevation_end_m": 1225.75,
        "max_slope_percent": 18.56,
        "reward": 52.87,
        "total_reward_cumulative": 19263.52,
        "distance_to_aoi_boundary_m": 224.04
      }
    },
    {
      "type": "Feature",
      "geometry": {
        "type": "LineString",
        "coordinates": [
          [
            484686.75,
            4927243.33
          ],
          [
            484732.1,
            4927241.44
          ]
        ]
      },
      "properties": {
        "segment_id": 251,
        "step": 251,
        "length_m": 45.4,
        "cumulative_distance_m": 12813.54,
        "elevation_start_m": 1225.75,
        "elevation_end_m": 1226.55,
        "max_slope_percent": 11.23,
        "reward": 75.07,
        "total_reward_cumulative": 19338.58,
        "distance_to_aoi_boundary_m": 178.68
      }
    },
    {
      "type": "Feature",
      "geometry": {
        "type": "LineString",
        "coordinates": [
          [
            484732.1,
            4927241.44
          ],
          [
            484780.5,
            4927235.17
          ]
        ]
      },
      "properties": {
        "segment_id": 252,
        "step": 252,
        "length_m": 48.8,
        "cumulative_distance_m": 12862.34,
        "elevation_start_m": 1226.55,
        "elevation_end_m": 1224.22,
        "max_slope_percent": 11.42,
        "reward": 74.33,
        "total_reward_cumulative": 19412.91,
        "distance_to_aoi_boundary_m": 130.27
      }
    },
    {
      "type": "Feature",
      "geometry": {
        "type": "LineString",
        "coordinates": [
          [
            484780.5,
            4927235.17
          ],
          [
            484828.16,
            4927224.71
          ]
        ]
      },
      "properties": {
        "segment_id": 253,
        "step": 253,
        "length_m": 48.79,
        "cumulative_distance_m": 12911.13,
        "elevation_start_m": 1224.22,
        "elevation_end_m": 1224.78,
        "max_slope_percent": 12.02,
        "reward": 63.22,
        "total_reward_cumulative": 19476.13,
        "distance_to_aoi_boundary_m": 82.59
      }
    },
    {
      "type": "Feature",
      "geometry": {
        "type": "LineString",
        "coordinates": [
          [
            484828.16,
            4927224.71
          ],
          [
            484874.72,
            4927210.13
          ]
        ]
      },
      "properties": {
        "segment_id": 254,
        "step": 254,
        "length_m": 48.79,
        "cumulative_distance_m": 12959.93,
        "elevation_start_m": 1224.78,
        "elevation_end_m": 1227.71,
        "max_slope_percent": 7.91,
        "reward": 56.36,
        "total_reward_cumulative": 19532.49,
        "distance_to_aoi_boundary_m": 36.0
      }
    },
    {
      "type": "Feature",
      "geometry": {
        "type": "LineString",
        "coordinates": [
          [
            484874.72,
            4927210.13
          ],
          [
            484919.8,
            4927191.57
          ]
        ]
      },
      "properties": {
        "segment_id": 255,
        "step": 255,
        "length_m": 48.75,
        "cumulative_distance_m": 13008.68,
        "elevation_start_m": 1227.71,
        "elevation_end_m": 0.0,
        "max_slope_percent": 6962.57,
        "reward": -1000.01,
        "total_reward_cumulative": 18532.49,
        "distance_to_aoi_boundary_m": 0.0
      }
    }
  ]
}