#{"t_start": 1763712042.3587961, "env_id": "None"}
r,l,t
153.95926,2,0.980438
90.11413,2,0.980532
39.153732,2,0.980551
107.813675,2,0.980558
2.5193024,3,1.006837
-706.0237,3,1.006893
320.36313,3,1.006908
113.1539,3,1.006914
141.04108,5,1.071367
-145.30637,6,1.095292
223.9758,6,1.095591
119.245575,3,1.095727
404.47134,7,1.114357
194.36404,7,1.114456
370.5484,8,1.137933
-341.7757,6,1.152085
470.89334,10,1.17046
392.2819,5,1.189249
175.59018,8,1.227156
364.82242,14,1.307641
-491.99597,18,1.332974
348.20126,19,1.339028
1374.6807,19,1.376897
-278.36868,9,1.402004
672.244,20,1.402092
-1137.4495,23,1.428697
105.86708,2,1.428924
945.43884,18,1.449397
-210.53442,21,1.449483
636.8841,13,1.449507
109.08365,3,1.474365
465.1329,10,1.509217
977.61005,28,1.542794
137.76218,4,1.543008
-128.55927,23,1.561777
575.4224,23,1.600248
1279.8402,23,1.650152
329.72772,5,1.672601
759.0704,18,1.706806
868.4365,36,1.749969
321.37436,18,1.824972
3246.405,41,1.825053
-976.0094,9,1.852025
692.73175,19,1.853446
290.78226,10,1.879532
-895.43225,4,1.91123
152.13216,5,1.911518
651.08655,18,1.911615
1721.9008,47,1.932052
2031.1914,48,1.952766
2998.0447,49,1.960608
977.5976,21,1.960769
210.96973,18,1.96085
106.090324,13,1.960925
197.34192,3,1.979183
1118.6669,27,1.99989
117.82515,5,1.999966
142.44958,3,2.016798
-990.16565,2,2.038956
-110.27978,5,2.062038
126.346596,2,2.081911
911.4642,11,2.081982
2510.7068,54,2.095945
414.79877,7,2.118185
810.7495,17,2.139905
1437.9891,31,2.139985
-532.30554,17,2.157363
833.2172,14,2.171199
122.93878,11,2.213263
13.460645,2,2.213852
135.2151,8,2.21387
478.81747,13,2.213878
1456.9169,38,2.213885
-331.39496,6,2.21389
242.18427,4,2.269256
-692.12476,4,2.269358
208.82169,9,2.290624
3937.6191,68,2.315719
773.93945,20,2.315872
1513.3008,46,2.315892
371.1164,7,2.337157
-733.2449,12,2.33723
-807.3342,2,2.357629
1052.0771,18,2.357685
-92.292625,8,2.357698
1250.2888,15,2.357703
1315.74,46,2.378258
120.131744,4,2.37834
345.3659,6,2.394279
27.641026,3,2.394343
-100.49011,14,2.421294
172.47934,3,2.421364
143.01242,3,2.439631
223.64827,5,2.4523
96.76308,4,2.474673
565.97925,9,2.489732
302.06018,8,2.48977
-281.7912,7,2.489779
2995.1523,73,2.554295
351.51352,13,2.575845
592.07654,10,2.58744
301.80933,27,2.587854
2202.246,76,2.614677
813.2432,10,2.615057
-156.91989,12,2.615145
4153.2466,65,2.63936
-806.39905,2,2.658807
-902.68286,5,2.678342
124.136116,5,2.711384
4349.1733,50,2.711517
-846.97925,3,2.745382
256.0273,12,2.745584
469.07983,16,2.764251
-756.3552,6,2.785848
185.21399,4,2.820893
737.4861,12,2.838704
-84.24048,7,2.873421
-1153.875,6,2.942096
1864.6232,55,2.9946
-60.660065,13,2.994763
894.25085,20,3.012382
-124.088135,14,3.012568
1371.5914,42,3.054327
220.63339,3,3.054503
3502.2332,55,3.054601
1765.0648,32,3.111679
115.29116,3,3.111715
82.3805,3,3.111722
154.15662,3,3.111726
244.64319,46,3.136766
86.79654,3,3.17708
1434.7977,32,3.207564
-1308.4576,5,3.232696
455.35425,7,3.249017
1173.9158,38,3.265242
166.33012,3,3.26529
158.21014,14,3.290287
758.5482,15,3.290478
1873.6031,43,3.290571
155.49658,40,3.312641
413.0423,11,3.337432
118.70207,2,3.337614
159.35103,7,3.382707
1413.8774,29,3.382761
5988.3433,111,3.382773
607.192,12,3.417034
-1343.2086,6,3.417109
276.21198,3,3.445935
800.6449,10,3.496741
-1015.57336,3,3.497025
955.3816,23,3.497071
2049.0244,42,3.497085
519.21606,7,3.497092
373.96976,4,3.514091
143.68732,3,3.514163
4089.0193,68,3.514178
181.11491,3,3.559805
156.37851,2,3.559893
164.38525,2,3.609114
-235.6472,5,3.634914
1761.1034,37,3.634989
399.46457,7,3.670855
825.1807,15,3.698742
-948.39844,5,3.698838
755.07697,13,3.698855
108.760574,2,3.744694
173.05287,4,3.744754
118.96398,3,3.768424
-0.47546387,4,3.79411
2910.2983,64,3.85131
827.6031,11,3.882812
5265.692,53,3.928576
689.35944,12,3.942527
413.79507,14,3.958898
1184.8759,22,4.002285
1791.8077,40,4.002349
283.65607,12,4.002366
-470.64276,10,4.002372
-335.71216,32,4.022224
42.911514,2,4.052232
138.3865,6,4.052348
42.935978,3,4.067946
128.83624,4,4.102963
-985.14294,2,4.12185
701.72876,28,4.14345
-794.0037,4,4.143519
3056.387,85,4.183668
194.59682,5,4.206147
647.0564,19,4.29286
3290.7104,47,4.310553
347.16925,12,4.310695
718.7255,18,4.326228
276.16907,14,4.326284
2514.8918,66,4.326298
-660.22595,10,4.346405
1335.933,37,4.346477
127.11789,2,4.36709
1650.2603,47,4.368841
-1942.387,13,4.390457
203.00768,4,4.390525
879.245,12,4.39054
61.492363,3,4.415122
-81.52971,4,4.415237
41.941315,2,4.438335
-424.01257,7,4.439264
4015.9087,102,4.471417
133.71732,22,4.498913
77.45939,2,4.521637
4940.5107,52,4.576963
328.83496,9,4.577083
41.395508,6,4.577103
76.743484,2,4.577109
1882.3674,37,4.577115
2482.507,57,4.577121
75.18941,11,4.641123
417.0126,13,4.641211
-42.45098,6,4.641227
1075.3539,19,4.641235
-24.784447,3,4.641241
332.7154,9,4.650831
-200.96902,11,4.663425
1642.3523,32,4.663507
-924.605,3,4.677807
1248.2065,24,4.699489
-34.994473,5,4.711397
148.76193,3,4.711441
425.0942,9,4.73977
539.90173,9,4.739858
-68.21691,6,4.765173
376.28012,7,4.765248
3435.7732,101,4.803461
483.6645,7,4.803548
1656.6422,50,4.828958
-158.2733,7,4.848956
-508.11353,12,4.849064
165.14325,4,4.876853
489.74338,9,4.88751
1053.7239,29,4.887855
76.03338,2,4.904989
353.45078,19,4.905074
220.72118,4,4.905093
964.0825,10,4.9051
121.25214,6,4.905106
114.25218,2,4.929242
853.60205,20,4.929311
-904.41296,2,4.948324
2540.1597,69,4.962677
-923.4949,11,4.96279
187.29614,9,4.982296
104.889854,2,5.001105
154.06937,5,5.02869
-551.77136,8,5.04838
133.7902,8,5.064562
136.5393,2,5.064657
4998.8936,101,5.090517
161.79796,5,5.090636
-467.21625,13,5.090658
303.93594,3,5.111456
-1.6336765,2,5.148317
3388.3958,38,5.148364
263.06067,6,5.148376
1565.5078,35,5.148382
2183.9204,38,5.180345
274.60715,4,5.180391
247.59058,5,5.205166
615.1979,12,5.205268
400.08344,14,5.227363
-979.69666,3,5.227405
677.6926,15,5.250119
197.44968,5,5.27359
436.62985,6,5.291094
-542.4634,8,5.29117
95.34944,7,5.342445
135.51324,9,5.366384
264.67395,6,5.386026
-701.8949,8,5.386122
-192.06639,3,5.437866
379.9774,15,5.437999
819.5761,22,5.452868
419.29175,6,5.465766
234.44948,5,5.488451
-17.36944,2,5.488522
210.36412,10,5.488532
1980.1251,44,5.516832
103.48076,2,5.53771
864.0882,17,5.537782
3687.454,49,5.555945
188.16594,3,5.580201
77.45961,2,5.580242
235.62003,8,5.596909
-973.71155,11,5.617847
187.72278,2,5.651116
768.52637,9,5.664582
4433.332,87,5.664638
-528.0127,12,5.70314
105.79178,3,5.719006
789.2355,25,5.742436
219.58287,9,5.742499
-193.68271,4,5.779298
-143.23268,29,5.779337
-615.8722,9,5.826325
235.33951,6,5.868242
217.1865,6,5.954965
1035.6896,24,5.975198
755.22235,12,6.00436
1330.9487,35,6.004437
3022.4697,63,6.049296
2011.8107,71,6.049367
89.77646,3,6.049389
769.4578,25,6.077662
71.6362,5,6.077712
-352.41968,9,6.119591
686.128,10,6.119636
123.73319,5,6.151588
-701.76807,7,6.151654
1458.5265,54,6.190861
410.87506,4,6.19091
542.60565,18,6.190922
4793.399,65,6.268148
-0.9994726,3,6.26823
1300.1582,25,6.268245
3165.9307,69,6.307325
290.75943,9,6.348714
744.0011,9,6.348918
1117.1198,16,6.395774
-948.48206,2,6.395845
2634.2998,85,6.395861
269.2035,6,6.395868
346.77524,11,6.422698
1504.2185,21,6.437865
3611.3955,48,6.456111
81.022064,2,6.456178
-920.1725,3,6.50164
-344.0835,13,6.501721
4274.1206,50,6.520636
2270.925,57,6.520681
1672.286,42,6.520691
5374.3237,69,6.56608
694.3807,20,6.58437
49.83053,3,6.584415
2709.2205,43,6.607022
628.9542,50,6.627616
672.9037,13,6.627657
5670.402,113,6.649769
698.6048,10,6.649849
-966.333,17,6.72508
369.28836,5,6.725135
-28.041586,2,6.76028
476.0562,9,6.760334
938.5258,22,6.79057
2862.4504,38,6.790617
4231.2695,105,6.82349
31.426266,2,6.823719
-624.78973,14,6.847589
105.710556,9,6.847829
394.02255,12,6.93839
277.83884,6,6.938713
12.11384,5,6.97143
1146.1654,27,7.136861
401.20743,5,7.136922
858.56976,23,7.13693
318.2291,11,7.182132
688.41736,20,7.182323
148.77847,2,7.223566
268.10678,7,7.223781
-10.0001335,2,7.223891
2050.6958,37,7.276609
135.9642,3,7.302448
127.640686,2,7.302496
4852.594,78,7.311054
815.63745,18,7.311683
3231.9417,36,7.326555
1016.64343,25,7.326614
-574.089,11,7.330595
603.354,17,7.330657
330.38162,3,7.361373
-162.18051,7,7.406351
934.8757,17,7.406476
26.597204,9,7.442827
1777.8916,26,7.442918
3397.3428,103,7.46403
1754.7101,33,7.464167
128.9276,2,7.486836
510.81873,21,7.486878
1710.7635,48,7.486887
-833.8916,5,7.486896
-743.6905,5,7.518369
130.8231,3,7.535388
3505.9263,59,7.556284
1775.0569,46,7.556345
112.86644,5,7.55636
497.22388,11,7.556367
139.83643,8,7.572302
78.13044,2,7.593543
135.62762,3,7.593584
484.3907,34,7.593593
369.32474,12,7.593599
-477.07806,7,7.616123
537.7396,11,7.616326
1044.8651,18,7.663689
86.60721,2,7.663998
385.28476,5,7.664116
98.08179,5,7.684217
238.28177,4,7.703594
239.19543,5,7.704101
904.0667,17,7.723895
-421.62134,23,7.745727
124.68721,2,7.774911
103.267975,4,7.792577
1034.0911,24,7.792696
461.42163,12,7.792713
38.855934,3,7.825703
1029.391,20,7.825862
-1045.7339,2,7.825951
463.51416,10,7.84784
1526.5464,25,7.848102
-11.656369,2,7.872331
24.544235,4,7.901301
-100.79828,20,7.901439
1344.784,15,7.927264
27.435669,20,7.927309
4470.042,61,7.965576
336.63336,6,8.011463
1095.8513,22,8.011642
482.28336,18,8.035061
123.168785,2,8.057857
3283.4478,50,8.05791
437.2248,9,8.102479
-538.9364,15,8.137437
1741.0934,26,8.153255
940.44775,48,8.153298
829.5755,20,8.153308
164.76956,2,8.168587
106.30255,2,8.189205
154.3776,2,8.189495
102.95355,5,8.247428
1775.53,23,8.27454
1545.5847,23,8.337779
1876.0156,34,8.337945
1095.0464,20,8.349421
939.442,22,8.349467
199.72208,6,8.431337
47.65918,6,8.455481
728.5863,24,8.46117
754.9107,20,8.461393
150.4404,2,8.461464
1106.0172,28,8.494413
128.1077,4,8.513932
1398.3492,28,8.525356
-541.0039,7,8.554965
3047.8442,54,8.571113
4360.87,62,8.592203
4251.5884,45,8.592259
733.1337,9,8.613368
520.0039,25,8.628872
-320.37634,9,8.662277
-493.90344,10,8.691837
-711.7296,7,8.713643
412.72894,8,8.727287
2382.432,63,8.727714
42.324707,25,8.750147
5288.712,71,8.767645
121.5081,11,8.767816
2352.8843,53,8.767909
80.8222,2,8.798828
264.7644,4,8.798989
40.286377,15,8.799078
542.1113,11,8.79916
203.49783,4,8.836746
458.60056,8,8.854016
3195.9072,80,8.917617
330.53,9,8.917774
146.01393,12,8.94709
969.8339,15,8.965319
72.94724,2,8.965458
318.52127,9,8.965544
1626.2653,31,9.000683
88.01106,2,9.000863
-2.3289633,4,9.00096
5930.9634,75,9.00105
784.0459,13,9.044793
568.9962,13,9.044946
433.86813,15,9.083254
-1167.2029,9,9.118284
731.32855,14,9.118369
477.66132,7,9.138505
1247.521,46,9.146451
-5.1979675,6,9.146532
3301.1445,51,9.164035
34.64157,3,9.164109
-22.59109,4,9.183993
6.7227497,6,9.184064
3797.6191,77,9.213542
-477.745,56,9.223283
871.47504,12,9.248627
225.00298,5,9.265781
-848.47705,5,9.265845
-911.7769,3,9.297344
1329.1469,18,9.309915
659.8169,19,9.332111
-418.6657,7,9.346198
1.0460262,3,9.346276
838.68475,22,9.346291
539.32294,12,9.360432
4961.4844,67,9.360512
986.02637,15,9.382548
38.53283,3,9.382631
12.126789,8,9.406266
3047.588,70,9.406334
91.950165,5,9.450713
1817.2448,47,9.471747
1080.2275,35,9.471822
-170.14859,6,9.605831
-922.4242,3,9.629391
4482.5947,121,9.629562
562.7665,10,9.648038
825.4618,33,9.660037
-567.31433,13,9.711754
688.394,19,9.711793
-854.53735,4,9.74518
4130.135,50,9.767543
3123.8076,90,9.767685
220.96368,7,9.767774
103.84444,3,9.820327
-901.6508,6,9.844839
295.74377,21,9.863141
1986.5338,66,9.863487
-312.286,19,9.880033
997.6346,19,9.922062
268.2481,4,9.948222
1097.489,20,9.984985
406.63,19,9.985045
244.79288,8,10.00505
975.26337,15,10.057518
227.23343,9,10.057668
-1534.827,8,10.057756
3950.583,42,10.074072
1540.6168,44,10.080969
-706.3146,8,10.120112
181.5083,8,10.120921
545.1356,11,10.139229
167.34027,6,10.153927
914.33923,22,10.154108
367.95358,5,10.179291
15.654404,7,10.179453
278.9995,5,10.244014
519.4889,10,10.244348
2793.2761,43,10.267506
185.07794,4,10.267711
1965.754,54,10.288019
2119.1687,51,10.312835
2997.0913,83,10.336045
1952.7719,28,10.336204
395.39572,8,10.336313
107.27214,2,10.353508
236.56203,5,10.353576
-798.5011,11,10.353587
1896.9003,44,10.377528
634.64087,23,10.460934
242.67003,5,10.479899
146.89726,14,10.479995
5784.2827,71,10.480019
155.11269,9,10.480035
440.5791,11,10.502862
2360.915,47,10.580758
-802.43726,5,10.595292
181.87198,7,10.625193
787.4421,18,10.625277
585.7859,15,10.648365
381.05078,30,10.689343
267.93423,5,10.706476
794.2723,17,10.70657
980.5771,19,10.730802
842.60547,38,10.730888
362.01117,7,10.761573
283.05896,5,10.797337
857.05756,10,10.827989
2419.561,60,10.845263
1097.3204,14,10.929828
236.94096,6,10.943099
954.51996,27,10.983663
3584.7249,58,10.983726
1776.6205,34,10.983741
1424.8372,17,11.004791
1546.7156,35,11.032061
-47.089558,17,11.032192
101.50194,5,11.081683
1720.4823,29,11.11352
-203.13043,9,11.113591
4277.9097,47,11.180679
230.50665,6,11.205258
-164.80466,5,11.227762
-95.45883,5,11.22789
5447.3916,89,11.245265
2885.9434,41,11.262062
457.4152,5,11.280866
-427.92255,15,11.280979
67.4208,4,11.304602
820.93884,18,11.352518
-714.2834,8,11.352581
4788.853,61,11.352597
1106.3549,46,11.352605
328.6818,4,11.352611
1962.3325,31,11.372758
78.15957,4,11.43329
5383.3794,98,11.433709
2885.4307,56,11.433798
805.6727,12,11.459409
3823.7856,68,11.459673
214.0095,9,11.483657
15.576782,23,11.4837
500.72028,24,11.506136
131.667,3,11.506669
316.03757,8,11.527096
289.32043,9,11.550307
34.037457,3,11.550699
302.09662,9,11.570349
110.02517,5,11.572461
157.14668,3,11.62516
566.6635,6,11.646433
372.35907,9,11.705052
-516.5993,11,11.705371
189.72069,4,11.721523
221.61742,9,11.741529
96.18727,3,11.76744
-90.754036,13,11.811071
7.0538483,6,11.837024
254.20892,5,11.874553
263.23096,7,11.904008
945.7975,23,11.996722
5571.967,70,12.055866
1107.9963,21,12.056089
1977.791,38,12.078092
-584.2234,8,12.078277
102.48136,2,12.099975
71.83647,8,12.100212
4346.9834,68,12.114071
6296.218,82,12.13533
4816.429,117,12.1601
2133.385,60,12.203389
103.12708,6,12.203825
565.0115,38,12.203941
1693.4658,39,12.232451
-968.94965,6,12.232662
136.6385,2,12.258938
1046.1809,25,12.29444
693.65424,13,12.294495
-907.7759,2,12.349987
87.093475,2,12.402611
868.43024,13,12.427272
224.95212,8,12.427471
491.27014,53,12.445918
-178.80457,17,12.445997
1040.4059,28,12.479499
61.779366,3,12.499327
-759.1204,6,12.556435
375.14297,16,12.556588
3247.2515,42,12.556746
-977.2562,8,12.556908
1165.0005,23,12.584387
22.859009,20,12.584549
1517.128,24,12.615563
1219.076,20,12.653986
132.37177,4,12.654104
4505.5293,87,12.678798
571.574,10,12.702053
-739.2522,7,12.702116
-585.8518,7,12.714495
775.1503,23,12.714628
38.441616,3,12.714657
1600.0358,22,12.744676
237.94594,17,12.744732
-1249.8478,7,12.744746
682.704,9,12.744764
163.22693,4,12.762153
280.47794,8,12.78569
181.22336,2,12.785766
2182.9707,71,12.816016
211.20328,4,12.837552
4096.109,87,12.837597
-1358.9568,7,12.856719
1472.5593,33,12.857216
-775.3013,6,12.893512
-446.6175,3,12.893624
-462.48618,8,12.924954
-445.3949,10,12.925
952.371,25,12.925011
-747.9282,6,12.943272
318.53506,8,12.963459
563.9663,21,12.984439
-521.9829,14,13.00634
216.0583,4,13.006447
-223.20706,3,13.051462
319.96472,11,13.051518
1273.0762,19,13.074905
224.22017,9,13.074962
3377.6807,70,13.07497
206.3026,7,13.097289
-156.33914,8,13.127063
174.39183,4,13.127156
1887.7588,34,13.153902
265.6089,4,13.153951
4400.749,80,13.153961
-658.6229,6,13.191053
155.70566,6,13.19118
-934.85693,4,13.211269
123.0701,2,13.225513
1499.2932,34,13.225603
834.8679,14,13.263759
255.87505,6,13.263837
419.8332,10,13.28769
98.65175,4,13.287797
4138.4937,71,13.319829
136.8725,4,13.31989
196.33453,3,13.339899
354.18274,5,13.423725
-191.16664,21,13.466735
1368.1085,35,13.504804
404.313,32,13.504876
324.95355,10,13.504895
497.60107,35,13.565311
2023.9473,46,13.565377
208.7622,5,13.607988
1415.8167,33,13.60805
2922.67,67,13.633157
-15.083929,3,13.63326
1185.9531,16,13.654147
-16.312515,4,13.654237
842.1474,11,13.654251
3517.6199,105,13.675396
76.974464,4,13.701643
-361.6787,4,13.73235
340.4472,10,13.732411
1032.091,25,13.77851
1503.5392,29,13.778595
168.9754,5,13.804982
422.89328,7,13.823654
53.21308,8,13.847158
758.07837,15,13.847204
105.0524,3,13.847215
80.6548,2,13.887605
376.34393,11,13.887685
125.89433,4,13.887708
937.09564,27,13.92423
1112.6802,31,13.942184
-57.43537,6,13.955241
169.37553,4,13.955325
6731.5913,154,13.955341
201.21472,17,13.9831
-1546.4922,11,14.051668
-193.86627,17,14.070386
138.60263,9,14.070482
1050.1561,47,14.142807
393.85748,20,14.14287
4695.2065,68,14.180586
116.253105,3,14.227543
43.191566,3,14.247765
908.3287,12,14.247867
3588.488,65,14.270763
4639.281,67,14.330044
178.63533,4,14.353862
185.99,6,14.381911
1763.3444,33,14.382032
20.943314,14,14.382061
-769.7187,10,14.382069
204.2604,2,14.400318
205.5631,7,14.400427
3081.3987,57,14.428483
-180.62422,4,14.460979
-274.77048,3,14.46106
3377.371,75,14.505253
36.148857,5,14.546875
2168.6152,33,14.558958
123.399025,2,14.58187
421.09213,13,14.614999
3673.2817,54,14.615073
318.8433,7,14.615094
4197.3887,65,14.655898
245.80182,3,14.686198
1400.5433,23,14.686275
2545.1309,45,14.702266
-1389.1139,19,14.702348
1281.098,17,14.730997
3984.476,39,14.73103
48.90582,3,14.751259
33.176765,3,14.769524
46.729065,2,14.769655
3837.2744,79,14.798449
328.9491,4,14.82256
1089.4008,44,14.855094
-742.57996,7,14.855339
1654.2427,25,14.87584
1213.8615,41,14.902977
107.37347,2,14.903152
570.3442,16,14.903246
115.51605,6,14.94437
-879.32776,4,14.944675
101.084114,3,14.944701
414.0531,26,14.992738
835.5571,17,14.992872
364.67307,9,14.992965
46.4038,5,15.010832
59.357086,6,15.031594
2413.051,63,15.056979
350.45462,6,15.075286
251.16647,5,15.092867
2974.463,63,15.146447
1675.4069,26,15.176855
407.64923,37,15.176918
314.548,4,15.176931
907.42926,24,15.205062
2388.542,60,15.230605
83.94043,9,15.242564
75.34882,3,15.242673
2531.502,62,15.263655
264.2907,5,15.285332
-403.36606,6,15.30963
574.79944,8,15.326814
79.41156,6,15.326899
933.567,20,15.326916
-630.7876,5,15.344858
180.72568,5,15.34493
531.79846,17,15.34494
130.08177,5,15.37044
20.776295,2,15.401194
-995.4962,2,15.448896
-913.2782,4,15.448963
982.3763,52,15.467887
2032.0757,33,15.467971
285.05548,33,15.48722
403.14282,7,15.517238
226.57466,3,15.53446
236.95062,5,15.565259
2144.7046,45,15.565331
961.0531,37,15.588291
287.43716,13,15.588364
1998.827,76,15.588378
278.3364,6,15.588384
401.37027,5,15.62203
1726.691,31,15.622106
-923.4969,3,15.651181
1257.6647,29,15.676641
460.87463,32,15.715111
306.49298,12,15.730382
431.5456,9,15.730534
-24.102264,2,15.747591
159.85774,2,15.768536
198.03668,3,15.794949
572.3132,8,15.795023
111.89186,10,15.840702
-566.37305,13,15.859468
412.876,5,15.859542
212.16464,3,15.859556
120.24519,2,15.906745
1420.9098,33,15.941471
3053.955,41,15.962643
54.73928,6,15.962734
5220.3433,62,15.997185
1309.878,25,16.021185
-579.07007,10,16.060464
1691.1362,34,16.060542
-317.18167,8,16.060562
1288.6849,51,16.079453
940.0139,26,16.1036
-1163.9283,13,16.123854
141.85925,6,16.137943
3488.9126,101,16.194574
291.22855,3,16.194649
2393.4307,42,16.198529
374.35513,9,16.211397
-585.3177,10,16.230511
-37.660618,3,16.230565
1113.7626,24,16.250606
-860.6199,5,16.292558
331.56824,18,16.292595
-724.70325,5,16.326277
555.99536,17,16.365141
385.8651,15,16.365241
1556.5979,31,16.365253
796.9131,20,16.365259
1451.7028,23,16.387134
456.90628,8,16.38721
531.77954,19,16.421912
2477.7979,40,16.421956
393.92474,9,16.421965
-1010.3142,8,16.44508
46.024094,2,16.473347
115.764656,2,16.473439
1894.0214,56,16.473457
313.83948,6,16.519375
2408.4648,47,16.51969
113.46085,3,16.519721
291.6885,4,16.565587
-1283.6355,4,16.565676
176.193,5,16.587658
-824.7919,15,16.606197
238.4735,9,16.623773
3485.599,52,16.623843
-916.6994,4,16.644057
92.47679,3,16.680092
1045.3743,26,16.701338
4244.048,58,16.720602
1924.194,70,16.747434
66.26135,2,16.772268
95.07786,3,16.772383
-7.521553,2,16.812449
59.641785,11,16.812538
641.7161,22,16.829253
1320.7341,23,16.864461
452.7362,13,16.882393
882.49316,48,16.882468
139.01715,7,16.882484
323.248,5,16.899282
16.387993,6,16.93417
1319.6759,30,16.957174
2658.8271,38,16.957267
3994.7576,100,16.967921
696.788,19,16.987101
-838.9463,6,17.034191
187.3977,11,17.051425
1694.4863,50,17.073025
373.81705,8,17.11674
968.1112,75,17.13395
807.8684,18,17.134015
1366.5483,40,17.159322
122.99932,5,17.188657
513.5318,11,17.18883
290.79022,16,17.188859
-350.72443,10,17.206091
258.47806,6,17.242731
132.51405,4,17.284478
872.52295,22,17.302872
493.1716,21,17.30304
-912.3907,3,17.341549
1839.4758,25,17.370059
2166.268,43,17.370269
123.559456,4,17.393655
-220.03348,4,17.442579
446.9411,7,17.467766
754.85944,14,17.468076
-43.71737,5,17.485181
238.87872,12,17.522157
691.1363,16,17.543621
1914.8539,46,17.543695
2104.0615,58,17.566408
1073.1907,18,17.593128
1784.12,42,17.634088
-43.97703,9,17.664732
-1212.6349,6,17.684619
554.285,8,17.726263
203.47598,6,17.726368
5487.7188,58,17.778103
510.4837,9,17.778147
164.18083,3,17.80743
-473.54028,12,17.808169
1568.264,34,17.80827
1165.0157,16,17.862958
161.27873,2,17.862999
-697.2665,4,17.886187
-722.2821,9,17.886306
179.38661,4,17.906214
294.6819,4,17.906355
628.0034,11,17.906367
511.7458,8,17.918667
3191.3757,66,17.918791
139.11195,4,17.945091
37.10161,7,17.945136
17.141693,3,17.966984
-1032.2649,3,17.967175
906.18445,22,17.991742
303.26242,7,18.018139
4862.4443,63,18.047815
-556.5233,27,18.047882
56.425835,2,18.073322
2532.906,49,18.097704
-216.73074,6,18.097956
-1003.558,6,18.123274
-951.46936,3,18.123319
1975.6766,43,18.143778
876.3909,11,18.144019
161.07948,5,18.167101
3703.7095,85,18.167305
2596.6995,77,18.192461
2138.8176,45,18.192537
99.06695,2,18.212182
283.1667,5,18.224932
-806.42334,7,18.224981
106.04001,2,18.224992
257.62198,6,18.224999
47.823055,3,18.225006
112.53489,5,18.225011
470.0461,7,18.244432
-463.0677,15,18.375011
-737.1279,3,18.402818
1845.7327,39,18.402863
-1030.3314,2,18.402872
75.28025,2,18.442391
89.20312,2,18.479739
259.10693,9,18.515121
93.890945,6,18.515195
367.63885,8,18.526939
41.37555,7,18.527341
79.51282,2,18.548914
1226.2671,26,18.56894
60.03355,2,18.569098
6664.495,58,18.596699
5497.0923,150,18.637581
2040.5564,39,18.660731
-94.060425,8,18.70031
451.10217,18,18.700362
310.30655,4,18.729455
-704.5181,12,18.729666
381.5426,31,18.729772
108.75205,2,18.753105
1808.5604,31,18.753151
163.46759,7,18.75316
637.6368,21,18.776927
3025.3071,73,18.789036
-436.43372,12,18.81399
1027.8486,27,18.814047
-66.108765,26,18.831893
-305.56317,13,18.844585
-84.863396,6,18.844818
135.92683,5,18.894789
152.45935,2,18.894856
368.0561,5,18.94168
655.5021,10,18.941974
215.53741,5,18.966712
769.2104,21,18.966767
-605.1049,8,18.989947
456.09906,14,19.005856
387.7486,12,19.00594
2222.5034,43,19.02962
-899.1249,2,19.029683
81.99023,3,19.063775
1277.5505,36,19.063856
1038.3484,48,19.063869
101.3611,15,19.063875
1937.645,36,19.081579
3402.436,41,19.100618
-375.0897,10,19.100698
88.23705,4,19.100718
98.18045,2,19.140931
159.065,2,19.141026
5209.897,71,19.166544
157.20514,2,19.192242
322.34793,5,19.192289
-680.4408,7,19.218306
1238.9525,26,19.218395
478.21927,11,19.239332
102.21922,3,19.239386
-406.4378,25,19.252913
1027.9182,15,19.252957
340.95605,5,19.252966
250.93573,4,19.311134
438.55484,14,19.350593
774.29156,19,19.350667
1068.4247,15,19.366868
530.89465,7,19.385103
1998.3977,24,19.385201
770.3452,18,19.385211
966.80176,18,19.416906
239.8363,4,19.416997
360.8549,5,19.45481
-744.79407,15,19.490687
1004.0346,36,19.490742
-981.1029,2,19.49082
190.76437,8,19.53383
1448.1493,47,19.534005
1.0129013,6,19.534079
283.55533,10,19.579195
289.60486,25,19.587972
1415.1777,21,19.588062
97.5919,4,19.606493
510.4043,21,19.606579
-998.2891,5,19.62813
140.15656,2,19.628285
334.13467,7,19.628326
406.62073,14,19.69743
106.73514,3,19.697499
782.4707,25,19.718074
137.69133,19,19.718325
110.202095,8,19.750767
514.1135,13,19.776956
-956.7937,2,19.777439
427.10754,5,19.847088
1005.70447,22,19.847174
162.44843,10,19.847199
660.6337,9,19.847208
-862.2184,4,19.873993
668.4489,10,19.874801
179.6482,8,19.897023
586.764,8,19.897097
-598.48566,3,19.918846
124.88505,4,19.961315
722.5339,21,19.961404
2598.0715,59,19.977152
56.65935,6,19.977228
-906.31824,4,19.996309
3676.9094,51,20.013796
5.821932,2,20.013863
252.42334,8,20.032419
622.8377,15,20.060029
-413.63605,21,20.060107
310.24515,5,20.089605
794.8765,13,20.099717
-994.2981,5,20.099795
-1058.8756,7,20.140198
3682.1235,89,20.161231
623.25586,10,20.161274
170.0849,6,20.177094
460.95868,18,20.202881
133.91183,7,20.219744
229.4141,3,20.281502
-280.59277,18,20.297137
2204.4045,69,20.342301
1001.40826,23,20.342349
-282.29462,13,20.386903
6551.8877,56,20.425113
4448.2017,120,20.461035
595.6621,8,20.486234
136.28941,20,20.486291
-1272.4093,25,20.507852
318.8579,10,20.535963
339.5353,5,20.536007
143.45967,3,20.565714
1966.5289,34,20.622124
1062.7126,25,20.650581
120.952034,2,20.683228
-959.9935,10,20.706215
2720.9194,43,20.727223
837.86914,17,20.727367
3115.643,57,20.749473
5110.6377,96,20.749554
1181.7374,29,20.766232
268.07068,8,20.766324
988.7816,33,20.802452
193.37465,5,20.803085
734.11884,15,20.825716
4346.511,79,20.825761
605.1098,15,20.844751
286.84818,6,20.88267
376.509,8,20.882733
-997.9452,5,20.895587
75.80544,2,20.914926
804.98755,23,20.914985
127.06462,3,20.93361
2154.4617,34,20.959873
132.08096,4,20.980585
326.52106,8,20.980656
375.19043,5,21.017624
88.97853,4,21.03584
1486.7528,40,21.055409
-772.91,15,21.090584
-371.2311,5,21.140113
299.2168,20,21.140193
616.43713,11,21.182202
278.81024,13,21.182279
2270.5002,55,21.243329
1016.1133,27,21.243439
1317.65,29,21.243461
-38.148346,9,21.270324
1434.1938,28,21.292969
2130.5671,41,21.293036
836.70935,20,21.320037
708.84204,16,21.342555
4851.4043,91,21.366944
299.23633,5,21.367049
-13.956345,66,21.367105
404.88834,9,21.38368
-191.30127,10,21.394341
147.99811,2,21.417414
112.211685,5,21.425339
-973.0699,9,21.425394
6973.1553,112,21.474927
-695.3947,6,21.475069
2609.2107,87,21.492661
-1193.8708,3,21.492719
-334.7553,10,21.492734
102.17691,2,21.539901
1112.2157,40,21.539997
5331.1846,118,21.540015
-1002.7306,8,21.558388
3274.33,37,21.558472
915.1143,15,21.55849
-793.3521,8,21.600735
192.85721,7,21.619292
480.05255,7,21.670035
122.60986,10,21.699869
5422.373,83,21.730112
721.1523,20,21.767529
-979.1471,10,21.767635
128.5747,4,21.767656
887.2393,30,21.767662
105.069725,10,21.767667
-43.531403,11,21.784492
73.28015,2,21.812944
576.3033,16,21.813036
-1061.37,2,21.813055
2367.26,39,21.833071
429.35587,24,21.877766
138.52017,5,21.906758
-422.93628,7,22.003958
3273.6904,53,22.00407
867.5146,19,22.026809
16.141886,2,22.044806
343.78223,27,22.071232
853.8798,33,22.099498
580.285,18,22.099579
-230.61781,4,22.148215
2485.2898,38,22.16758
2616.442,56,22.205313
100.68014,2,22.244975
1327.8446,32,22.245058
874.7588,30,22.245271
-1011.1299,13,22.270704
1427.1936,28,22.270771
1345.0535,28,22.389456
-459.8271,14,22.447964
4.6684723,29,22.448067
830.90466,20,22.475634
102.17691,2,22.500001
660.01605,12,22.538455
151.90161,5,22.560441
1154.4443,31,22.560544
5419.0894,67,22.632715
318.40015,5,22.644982
2192.733,62,22.645099
-517.81384,29,22.684926
450.95105,11,22.704934
-670.8592,13,22.713356
147.90152,5,22.727754
2064.8438,35,22.727832
776.4319,27,22.779153
-106.56577,10,22.801444
-764.1841,4,22.801525
1854.7922,44,22.829269
709.3259,46,22.82935
79.37008,3,22.85064
18.751188,3,22.86514
167.21385,7,22.865219
3549.2163,49,22.865232
4021.0571,113,22.890755
27.2583,32,22.890825
190.8645,12,22.92186
1132.7087,35,22.96083
730.2057,13,22.987547
4302.762,55,22.987633
-763.6813,6,23.016897
84.71408,3,23.046204
126.15941,16,23.046287
-140.71545,5,23.120607
801.4212,14,23.163595
-1165.5702,6,23.16366
97.92572,12,23.185227
2924.7185,53,23.185363
-378.81833,7,23.185396
877.8922,16,23.225344
2581.3816,65,23.238394
798.39575,31,23.274566
965.00525,21,23.274658
392.3623,9,23.325988
370.5056,8,23.326065
2113.0125,47,23.326087
1241.4476,52,23.326098
-760.3971,4,23.358505
424.47522,28,23.399807
-935.3612,4,23.421849
132.47295,4,23.421935
273.4182,8,23.44125
122.316574,2,23.485826
-311.62283,7,23.48592
-819.75037,3,23.485937
-277.2714,4,23.501725
224.48785,13,23.50179
75.11331,2,23.516047
835.4966,18,23.516141
123.739555,2,23.54633
4650.0522,77,23.546375
2096.1648,69,23.587192
621.9286,20,23.587262
-912.136,3,23.587278
20.641436,5,23.587285
69.86535,2,23.627338
267.327,7,23.666161
-154.13818,5,23.687054
187.68806,8,23.704668
901.3889,40,23.704729
50.047974,18,23.704738
-198.57721,39,23.704745
391.75507,17,23.704751
-337.57468,4,23.764423
2743.616,44,23.781569
975.2256,32,23.80782
4895.9575,93,23.807916
162.70808,7,23.831961
-788.626,3,23.832062
2167.5022,45,23.896047
637.02747,25,23.89613
4607.291,69,23.918644
2387.0845,38,23.981686
-383.69467,18,24.020663
-978.0398,2,24.020721
608.84875,16,24.020736
335.0634,7,24.039097
508.8787,11,24.053768
-382.67578,24,24.05381
345.69547,4,24.097961
768.26526,50,24.111044
502.21573,10,24.111155
1323.966,57,24.128842
1.6854005,4,24.128908
-10.355836,2,24.161324
546.9642,17,24.199443
313.63593,9,24.228197
563.3266,13,24.228279
1871.7268,39,24.270497
-719.9181,11,24.283093
-292.6002,5,24.283193
151.51834,3,24.283212
366.56052,4,24.302402
1756.8683,33,24.302449
923.9894,36,24.327935
-233.26135,19,24.328041
130.47467,4,24.360068
1991.1582,40,24.360132
-138.51564,4,24.360159
1379.6715,48,24.39362
-913.22516,2,24.414789
89.293594,3,24.414847
-855.5826,5,24.414862
714.8762,16,24.414868
-903.1816,4,24.436604
3004.4983,81,24.436692
1338.9703,22,24.436709
1900.6565,42,24.490672
59.114624,18,24.490771
-800.0327,4,24.490792
-298.12305,5,24.490802
118.377556,3,24.542934
-1097.9814,7,24.561223
-1131.2434,11,24.583633
1896.1685,30,24.60481
-182.0954,10,24.604895
1105.5723,16,24.623706
-605.01807,11,24.623832
7853.5513,108,24.657106
250.80313,10,24.675316
1481.2019,31,24.675359
375.2325,7,24.675368
2758.3718,58,24.675374
-972.81696,3,24.67538
205.71625,6,24.675385
-114.75763,10,24.675392
130.02809,4,24.675397
2942.5767,46,24.692229
1279.4375,17,24.692342
1418.6335,48,24.709299
67.05113,2,24.709352
-297.25513,15,24.709363
396.23743,7,24.709369
131.67877,2,24.746452
279.00336,4,24.779341
-550.43243,6,24.779531
3.2275696,6,24.828046
-934.10144,2,24.828157
3942.3652,71,24.854955
-97.37127,9,24.855044
906.9653,30,24.855057
544.56067,10,24.883792
775.3763,14,24.883858
1191.088,25,24.906026
87.207275,3,24.906161
3747.9866,59,24.906187
-5.2030945,8,24.906197
715.58405,13,24.924706
904.25964,13,24.924763
468.03198,13,24.924777
138.1845,8,24.946355
76.61514,2,24.946449
234.56442,5,24.946468
2645.0789,34,24.946478
2663.0144,61,24.97406
-24.135132,17,24.993606
-441.9021,9,25.002476
-820.3845,3,25.002547
202.45326,4,25.019777
1091.0063,28,25.019911
400.95444,23,25.039607
917.8731,22,25.097527
335.69724,10,25.100261
967.0803,20,25.100345
197.98894,11,25.100358
-600.5437,11,25.148163
205.92456,6,25.176254
168.43445,11,25.200553
-976.4573,5,25.216358
255.66367,4,25.256519
196.40947,8,25.270986
308.47635,13,25.291402
708.2222,17,25.291481
-139.88562,22,25.291496
40.343506,18,25.291504
1698.0033,20,25.310253
218.8766,10,25.310462
108.31776,2,25.343887
107.70478,3,25.343937
98.67327,3,25.368639
191.64001,6,25.413933
-1324.4707,11,25.414004
1526.2943,25,25.439781
1557.2805,27,25.439852
-1021.3183,2,25.459766
-94.76142,9,25.515645
1027.3958,29,25.575721
492.0339,15,25.599677
1283.7255,24,25.612813
-230.07,9,25.615567
1374.1796,17,25.615636
11.373724,2,25.641467
-468.30444,13,25.657308
112.33783,2,25.691395
994.86816,39,25.718935
66.87694,5,25.719019
-488.5702,53,25.74582
156.70825,16,25.745907
83.95269,7,25.761028
193.01144,7,25.786137
82.57636,3,25.786194
1849.0331,38,25.786217
980.27313,41,25.80222
586.66364,23,25.802371
179.53447,3,25.837675
251.86977,11,25.837761
242.48494,4,25.858055
-833.76514,7,25.858146
-153.47018,5,25.894017
-435.47388,5,25.894125
1648.084,29,25.894156
1209.1598,35,25.942309
4839.397,78,25.942417
1229.4485,27,25.966851
-485.36975,11,25.967025
-210.68369,7,25.996473
2556.5632,66,25.996559
103.3605,2,25.996574
2009.7457,59,26.017097
2452.3914,40,26.017148
190.80824,6,26.045475
746.301,14,26.064182
2866.9463,38,26.087699
357.04703,10,26.12826
417.94208,11,26.151723
37.507515,6,26.151838
45.743877,8,26.178978
885.84546,22,26.17902
197.73404,2,26.17903
3952.4458,63,26.20107
562.7366,12,26.22154
632.3382,10,26.265715
636.6286,13,26.287425
403.58606,6,26.287484
750.6195,34,26.29849
210.9811,9,26.340966
347.39188,4,26.341091
351.1845,17,26.341124
875.87024,30,26.38243
77.57922,14,26.382655
325.17096,5,26.420091
349.95587,11,26.420221
274.69577,6,26.420235
456.3813,13,26.454618
117.87311,2,26.454711
-343.7633,6,26.481874
-389.48395,14,26.481958
670.49164,10,26.501837
995.2727,25,26.528964
569.95746,30,26.529041
-2.133812,3,26.529057
250.72076,6,26.546006
102.479164,4,26.571193
262.96954,4,26.571279
197.5578,5,26.666402
442.7776,4,26.666484
1612.7961,35,26.757139
4066.6453,45,26.757256
-584.2102,10,26.777844
629.93695,14,26.828952
564.0365,37,26.829261
1890.7151,30,26.860667
179.22818,2,27.038957
-688.2683,4,27.039044
636.09827,20,27.056942
3011.7295,49,27.061874
1223.8099,24,27.097547
-1013.8152,3,27.097614
540.84894,10,27.149993
26.843077,4,27.202363
687.07556,16,27.202485
3453.877,90,27.202513
3868.298,96,27.233282
-58.354813,8,27.277996
3053.1333,73,27.307359
-581.3428,11,27.338029
1513.1401,28,27.391531
107.92443,4,27.391629
-663.3701,9,27.391646
317.62415,4,27.434155
-55.637543,2,27.492053
-418.95087,10,27.492134
13.808575,2,27.532141
170.80608,11,27.53229
63.806488,2,27.580352
3022.3809,44,27.604166
-630.5309,10,27.604275
5650.2246,66,27.604307
988.03357,15,27.627874
900.52295,14,27.628009
199.92361,3,27.645574
719.93774,18,27.681822
1875.9214,41,27.681881
4269.11,49,27.706223
-91.519,5,27.744002
92.467834,2,27.744075
438.18286,25,27.762608
-801.6963,6,27.784868
38.7911,3,27.784927
5413.7544,54,27.817025
2531.6443,69,27.817089
113.52721,3,27.82067
1767.1448,38,27.820707
370.38596,22,27.834353
521.5398,11,27.849942
-739.7385,4,27.867908
196.7075,8,27.897198
1533.6261,56,27.89726
-2.6341553,3,27.897274
-720.8462,13,27.919999
-580.5703,16,27.935049
124.1845,4,27.935132
430.4407,11,27.947989
728.9907,25,27.967692
1359.7338,19,27.967803
-803.31476,3,27.98815
76.10875,2,27.99786
3624.1238,78,27.997941
133.05804,3,28.025854
397.46774,10,28.082849
341.52405,13,28.086826
46.498375,24,28.086902
-5.289551,21,28.086918
264.84824,48,28.148072
3533.9062,48,28.148168
4267.022,61,28.181182
1681.4043,42,28.189618
3380.2617,85,28.189839
208.2667,8,28.202202
201.10405,8,28.202273
188.61359,4,28.202292
136.95514,3,28.224578
-25.68425,9,28.224648
93.625984,4,28.23992
1765.3713,49,28.273505
189.62704,4,28.304169
203.97664,3,28.332383
235.17891,8,28.332474
6797.876,82,28.332488
898.54034,25,28.336466
43.9303,8,28.336539
59.41664,2,28.359132
114.1471,3,28.359214
167.07455,3,28.390335
857.8598,15,28.428369
928.4256,16,28.438689
235.19487,8,28.438756
1406.8846,30,28.450321
-600.8107,18,28.453344
1903.1829,43,28.470675
105.3875,4,28.483256
53.72527,3,28.487911
1255.2214,39,28.487952
807.91956,30,28.487962
2836.7852,52,28.487969
1527.2874,70,28.487974
5253.2856,66,28.500427
5.4034348,3,28.521276
-1195.237,3,28.521351
242.14746,3,28.521367
160.09468,6,28.539015
313.09406,5,28.539084
-862.94586,4,28.539099
126.49576,5,28.583439
2791.0403,97,28.605189
2194.5764,31,28.626779
2093.2349,52,28.62688
-794.5829,7,28.637895
188.71548,2,28.652877
781.40045,15,28.652919
120.96774,5,28.65293
574.89935,10,28.678636
1440.7205,40,28.678731
74.569115,2,28.678757
106.89325,2,28.719412
870.0134,29,28.737462
3671.3835,84,28.746518
516.7446,9,28.750108
1651.1583,33,28.750188
261.57526,6,28.754108
108.690475,2,28.754201
-653.5005,6,28.754229
-139.64911,27,28.777293
103.06104,5,28.777391
903.1852,32,28.792725
347.25354,6,28.806242
2037.5936,63,28.828264
6401.3467,94,28.833866
2572.3213,40,28.853665
1616.8076,33,28.857435
1343.0853,38,28.890547
-359.20752,12,28.903013
972.45776,11,28.903088
-90.80005,23,28.923794
-759.38916,11,28.939032
-940.3069,3,28.939091
-256.12042,23,28.955121
789.8936,23,28.955201
102.112785,4,28.966742
3611.5322,49,28.976354
786.5623,13,28.976422
644.1404,28,29.00163
520.52026,12,29.001685
271.94693,3,29.001716
-840.6692,3,29.005652
-225.89122,10,29.005721
-500.6046,11,29.020986
27.485939,8,29.031587
201.00027,42,29.035323
4146.753,46,29.079379
4573.0586,45,29.083063
351.73737,8,29.119607
-10.766846,34,29.152316
4306.264,102,29.156095
-190.86176,17,29.170444
-976.965,3,29.188621
-85.84932,19,29.202189
964.50696,26,29.210485
58.48386,3,29.223636
-222.724,23,29.243773
3358.8896,41,29.256336
-32.26297,4,29.256386
1570.669,22,29.272924
340.78952,5,29.296052
178.10132,5,29.320693
35.914345,17,29.330491
2557.888,41,29.330552
144.0055,5,29.330571
494.34802,22,29.337367
2061.7659,52,29.337426
2616.1716,51,29.349759
194.45807,3,29.349835
327.731,6,29.365467
-1051.8275,3,29.365555
-978.46405,13,29.387309
125.57477,23,29.396203
1448.0408,37,29.399094
222.95773,7,29.401884
-350.0414,12,29.401911
3024.724,47,29.405064
-771.29553,4,29.437276
327.56076,6,29.437355
870.1982,16,29.451499
273.50946,3,29.451566
275.84097,4,29.451591
3594.8665,52,29.455241
4126.516,66,29.455308
2859.2556,52,29.468686
-543.5459,3,29.46874
357.11145,10,29.468755
2368.9714,50,29.468762
678.5457,18,29.474264
173.96805,7,29.501517
113.98245,2,29.501584
1500.5386,33,29.513586
260.19772,5,29.536228
618.3832,41,29.547939
331.83078,13,29.552889
3710.901,60,29.552956
149.83627,3,29.599634
-754.3731,18,29.620323
110.621666,6,29.620388
987.1144,14,29.620404
135.64255,2,29.638788
2939.7012,42,29.638861
-484.03625,15,29.63888
1802.7946,105,29.638889
251.48515,11,29.648253
94.75514,3,29.66489
-518.74335,11,29.67099
-804.49603,6,29.671046
925.3037,30,29.696812
400.16824,7,29.696873
739.7356,8,29.700682
190.61938,4,29.711091
-0.5470581,17,29.752096
291.57175,9,29.752189
4898.8657,54,29.770051
158.47447,5,29.77013
3709.1174,69,29.770144
1949.4662,92,29.770153
139.55273,29,29.795737
130.03015,7,29.795801
-79.98195,3,29.815086
880.14374,17,29.843526
732.5448,18,29.843619
162.62811,12,29.843637
810.2916,37,29.843642
117.0611,4,29.843647
3.5213623,18,29.862378
276.01828,12,29.862493
-1001.67816,6,29.862521
29.215317,3,29.867023
1952.3334,40,29.867105
165.00305,7,29.871219
97.58581,5,29.891203
27.371895,6,29.899749
434.47354,6,29.899803
134.08061,6,29.925618
568.53815,14,29.938094
543.08167,12,29.938142
251.72694,4,29.938154
293.48297,40,29.946258
43.835007,2,29.956337
72.81227,3,29.978259
590.0431,19,29.994384
828.4515,15,30.036173
701.39496,16,30.051666
236.99905,6,30.065715
1151.6908,27,30.065779
98.9106,12,30.072347
1271.9188,19,30.072407
2334.3088,54,30.084077
-677.65295,5,30.084136
739.4686,27,30.094449
204.31146,3,30.126468
-213.78464,6,30.126563
5357.796,75,30.126578
164.60556,2,30.162351
1138.7089,28,30.165906
236.38387,12,30.171905
5482.213,131,30.171962
195.80981,9,30.192089
137.30563,10,30.192187
345.06012,12,30.192218
298.92297,7,30.214039
223.43323,3,30.226008
2005.6737,28,30.242469
3755.8662,81,30.242963
156.3033,3,30.326011
1129.056,41,30.356006
684.84155,12,30.386092
-780.73267,4,30.431664
189.10634,11,30.488496
424.4719,20,30.488807
1142.3727,23,30.510783
905.61346,15,30.544991
197.17398,4,30.587363
2027.5935,38,30.623876
4976.883,97,30.624012
458.7654,11,30.737463
4273.214,51,30.786868
912.5755,18,30.863214
1459.1517,36,30.923583
3122.521,61,30.995736
-371.63672,16,30.995879
211.0585,10,31.044405
45.54616,2,31.044518
3239.173,52,31.044541
3960.804,63,31.060928
170.62813,2,31.081657
116.84766,3,31.123734
-12.938147,3,31.133279
228.76807,12,31.165254
4787.399,93,31.188633
242.06366,9,31.188694
103.40581,5,31.204227
625.2059,17,31.204303
5735.034,112,31.204321
-890.67346,3,31.237585
1218.6478,39,31.237635
127.55914,4,31.256437
1704.207,70,31.288588
-28.932686,53,31.288648
971.12036,16,31.30008
432.75208,8,31.345069
1334.6599,39,31.345195
-702.99634,7,31.392334
95.79299,3,31.427927
-580.88226,6,31.428009
-126.53839,25,31.458215
3154.3215,56,31.458337
267.2242,7,31.458365
-768.10284,14,31.479664
112.95032,2,31.50209
182.7088,8,31.52601
4656.851,61,31.526114
582.21265,17,31.560693
200.71037,8,31.595871
3813.107,66,31.673097
116.35555,8,31.712759
125.60549,2,31.738442
2278.3345,53,31.768934
-95.233826,19,31.769122
100.35147,3,31.792884
2444.7285,48,31.827913
-555.21136,13,31.902323
1030.464,29,31.902442
2537.0156,75,31.925864
-361.45087,20,31.92593
277.51926,11,32.027375
36.742287,4,32.027524
2539.3423,66,32.112479
-821.6409,5,32.139476
-106.77547,16,32.15246
1625.7521,32,32.176206
744.86554,28,32.176274
4942.161,81,32.17629
1836.5109,49,32.176295
-147.14438,22,32.200907
4425.775,77,32.201029
4851.576,49,32.226486
1591.5264,33,32.226551
-434.79788,6,32.271267
240.55826,8,32.304735
209.62614,5,32.304793
178.87912,7,32.319737
1287.8608,36,32.319812
272.02518,10,32.334706
485.8595,51,32.3348
-4.209687,2,32.358418
727.9946,14,32.385025
-13.787285,3,32.412292
2590.7808,40,32.412392
-605.80756,8,32.440638
-95.565765,4,32.44081
82.057556,2,32.48801
225.74615,7,32.488157
467.72406,16,32.488183
656.36053,14,32.488193
1271.2943,34,32.517664
312.60965,5,32.541756
646.93866,10,32.541842
3689.425,45,32.568003
2731.1401,53,32.61142
2095.1006,33,32.611482
214.5303,3,32.611498
1143.9222,32,32.621621
1428.6003,32,32.661675
2800.7651,43,32.661742
164.85956,6,32.676795
1465.3424,114,32.700724
1012.7338,16,32.719657
474.40747,11,32.719737
330.80673,6,32.719759
16.3111,12,32.744666
-502.24054,10,32.744748
304.49963,4,32.797543
352.01477,33,32.797744
74.04178,3,32.827207
-51.13449,3,32.827384
-1042.4602,7,32.849262
1486.058,21,32.879034
397.33936,14,32.900774
1123.8826,45,32.901049
107.74022,2,32.919547
-626.06604,4,32.981907
1268.7604,18,32.998581
76.938446,2,33.022731
160.40973,7,33.03632
635.9152,11,33.055661
-168.6167,16,33.055742
122.955246,2,33.055761
135.03506,2,33.068737
-530.61084,15,33.087015
1134.4763,16,33.111044
1248.987,29,33.11117
2935.295,38,33.111194
607.57477,16,33.144578
6314.5283,154,33.144662
1805.0482,33,33.19144
-158.78943,35,33.191583
736.69977,47,33.21764
177.78693,5,33.237784
246.7021,5,33.252904
417.10345,7,33.252955
-904.9824,5,33.252965
547.86743,10,33.272068
-298.7058,13,33.272115
1359.3202,23,33.28225
344.0161,8,33.282349
273.05466,4,33.304004
-782.95337,3,33.304096
100.21538,3,33.304117
558.91113,14,33.321843
925.522,43,33.351328
763.9049,39,33.355057
1733.4828,36,33.355164
126.372536,2,33.364103
384.36057,7,33.377376
684.78375,10,33.377449
503.8992,8,33.393355
364.20367,14,33.393397
1377.3943,27,33.39341
-1055.2642,3,33.39347
-710.49426,11,33.411591
-935.30865,2,33.411681
265.7023,5,33.439934
1459.4053,23,33.440018
209.44666,4,33.440037
2429.6934,42,33.469548
309.50644,5,33.46962
553.36755,43,33.472967
819.63196,16,33.495317
996.2588,14,33.495387
278.02567,5,33.495399
-606.5512,12,33.516943
385.60437,9,33.517068
455.75214,9,33.517092
3146.0542,78,33.522404
80.216354,5,33.550966
4390.958,50,33.551044
1095.5149,21,33.555346
528.1309,12,33.555423
2747.7905,63,33.555454
-923.42474,2,33.58491
95.26271,3,33.584985
-448.73206,15,33.589029
-718.0022,6,33.589133
-32.074646,13,33.607761
2659.0574,33,33.607901
765.3478,12,33.648834
196.49576,2,33.648939
-938.1096,3,33.690966
293.21863,10,33.69111
180.14769,6,33.763938
92.28073,2,33.764078
425.003,14,33.791685
-116.19824,9,33.813352
61.102623,2,33.813404
286.12216,8,33.813417
504.81723,12,33.834512
1450.0312,23,33.834584
-136.6054,4,33.848484
95.61214,3,33.848523
25.53126,3,33.866237
269.77527,3,33.866341
1023.95654,37,34.111805
105.38288,3,34.136066
847.72925,21,34.154475
-245.52107,4,34.154692
65.58382,3,34.199519
990.15186,48,34.207911
-580.48364,21,34.229419
167.35693,5,34.229495
-342.82983,13,34.258502
2678.9055,31,34.258615
-1139.1946,8,34.258646
543.47107,50,34.276631
3638.8203,59,34.276702
476.35126,12,34.27672
234.51178,5,34.276725
-338.84412,3,34.288402
741.4067,17,34.288471
-488.38867,19,34.292932
1988.9935,55,34.293003
113.62977,3,34.316851
139.3917,5,34.333548
59.594917,7,34.333615
244.53986,7,34.333631
547.7257,34,34.33364
2876.6975,38,34.337388
9.727414,2,34.341086
29.458767,3,34.354629
-694.77783,7,34.354722
183.4856,3,34.354743
112.7249,8,34.373504
-832.264,2,34.373574
284.38397,11,34.384598
958.1197,36,34.408045
131.81918,8,34.425267
1061.9585,23,34.446661
-1156.7517,6,34.457444
202.48512,6,34.472592
-508.23523,11,34.482997
-11.610935,2,34.502154
983.45917,15,34.502257
3348.4963,60,34.502281
1187.1836,22,34.515355
106.86938,2,34.534706
-417.30695,16,34.542519
77.74505,5,34.586562
193.04834,6,34.586654
2154.0542,50,34.621233
948.08325,29,34.621301
3260.467,55,34.621316
3612.4026,66,34.638839
1684.4512,36,34.638917
646.3356,30,34.638936
1184.876,27,34.65697
593.377,13,34.657046
28.156399,2,34.678477
267.994,3,34.69152
92.17507,3,34.705842
-1016.34595,32,34.705905
1508.566,39,34.736593
2384.6309,43,34.743054
350.92184,11,34.754426
65.921555,12,34.775336
-672.1887,7,34.775445
2141.8594,55,34.793499
1331.795,26,34.806811
807.23566,18,34.806875
-981.4131,7,34.80689
277.69315,4,34.821344
157.25879,3,34.837064
60.089638,3,34.837188
292.66986,8,34.850609
4060.0425,82,34.850672
-363.19858,10,34.853966
4762.1333,71,34.857698
586.7185,33,34.857776
106.00781,8,34.870089
176.5552,5,34.8778
248.94614,8,34.889645
-123.177055,7,34.893428
221.46773,3,34.917868
894.2837,29,34.917926
1744.6212,44,34.922528
-918.0228,10,34.937144
2726.1453,30,34.955536
200.80928,7,34.955636
3195.4114,72,34.966933
297.49634,23,34.967015
293.47098,11,34.967041
-206.54541,5,34.970349
194.07649,11,34.975076
-1049.8436,2,34.975159
-199.11066,6,34.975182
-77.50989,6,34.995344
29.715446,4,34.995424
719.3535,16,35.040996
137.83315,3,35.053909
296.51987,5,35.058403
92.279526,5,35.058722
-935.6131,7,35.069217
644.4686,23,35.06931
-1025.6012,2,35.087402
5588.567,55,35.087491
-728.19617,5,35.095901
2823.5845,41,35.114805
21.020645,3,35.132559
-494.52563,15,35.132633
102.17691,2,35.141079
-65.304955,4,35.176993
6824.056,109,35.19584
-175.08334,3,35.204506
1477.0173,39,35.204604
620.17303,18,35.234294
4353.434,56,35.238454
3978.5647,77,35.244738
1835.5844,28,35.244814
1224.4514,25,35.244831
-669.95154,7,35.260546
82.86824,2,35.260609
78.78805,4,35.273833
698.5627,18,35.306886
1385.1921,32,35.330815
308.38162,7,35.341709
-329.54498,16,35.374097
-273.81348,9,35.37417
3807.523,64,35.391573
1176.9229,24,35.391663
373.89655,29,35.391688
647.68646,9,35.391699
146.85004,12,35.420463
206.19945,4,35.423682
302.17566,11,35.446377
-149.94385,9,35.470729
466.6977,20,35.50603
875.1318,14,35.521648
2290.3677,45,35.524688
4591.201,53,35.536292
4062.291,50,35.536407
2304.1145,90,35.551665
-104.80884,18,35.55174
400.31723,20,35.55176
6112.5283,75,35.557974
274.78012,4,35.55805
111.41582,2,35.576798
195.92142,3,35.60635
99.27906,2,35.606416
-836.01465,6,35.616772
3698.2727,86,35.616859
1010.7953,20,35.637889
1921.2609,51,35.641184
366.27554,5,35.65609
222.86299,5,35.668588
98.68377,2,35.668663
149.97572,13,35.675087
1932.5736,28,35.675176
119.361374,4,35.675197
37.957924,4,35.707611
215.68527,5,35.716868
804.153,14,35.716921
4573.7407,49,35.720144
134.23087,2,35.735574
168.71451,6,35.764474
92.28474,5,35.772149
983.9834,44,35.772223
215.6647,12,35.772241
9576.608,174,35.772251
622.56573,11,35.77615
1640.991,23,35.799388
55.945847,4,35.81047
2772.171,73,35.810551
-856.6747,3,35.810572
193.06659,4,35.822872
2671.5193,44,35.839624
-851.6676,15,35.839674
1022.1769,22,35.86147
80.88388,2,35.861542
291.19202,4,35.872299
235.15703,4,35.872362
187.13474,7,35.872377
2425.9824,44,35.892269
4213.195,42,35.903806
745.5394,33,35.908268
384.4691,15,35.908335
369.7499,10,35.908352
297.6983,4,35.90836
-960.65265,2,35.908386
5005.1147,60,35.923478
1824.121,30,35.938021
133.5194,9,35.942834
858.8936,13,35.958121
214.30035,11,35.991922
353.85782,7,36.00305
1053.0371,29,36.006471
7019.0874,104,36.059616
-250.62529,16,36.059673
-1710.7595,12,36.059683
3845.6787,89,36.082834
365.50504,14,36.099876
242.39633,3,36.107637
274.22943,10,36.122714
-984.5282,3,36.122875
413.8614,6,36.145614
784.2023,22,36.14569
271.86685,6,36.145708
299.06866,29,36.145717
2155.5986,59,36.168633
-675.7809,16,36.168729
721.695,20,36.193627
733.2209,17,36.211931
-978.1471,3,36.22861
-283.14444,14,36.228666
1430.8071,28,36.228682
232.96799,7,36.26899
306.6149,11,36.283921
225.75809,8,36.293681
-476.80383,10,36.312738
184.29283,7,36.31284
1275.4905,36,36.31286
156.71432,7,36.327711
213.19989,12,36.347576
1108.8269,17,36.365912
-889.69446,4,36.385786
269.33575,6,36.386045
-165.21135,11,36.41214
282.95367,4,36.412623
-1040.8606,7,36.440153
1628.8948,52,36.440403
2369.4766,40,36.440494
2672.0493,36,36.455119
2607.2522,35,36.455466
111.98217,11,36.455565
113.53623,4,36.461789
553.8268,9,36.462109
230.1545,5,36.52015
47.150253,3,36.520203
300.0976,10,36.547065
309.28342,3,36.555876
190.7232,8,36.556024
-118.27599,7,36.556112
370.67126,14,36.59352
1205.4824,20,36.615382
4067.048,80,36.628551
209.86104,16,36.672033
1079.5485,31,36.678862
685.4056,19,36.694342
-733.288,7,36.705996
207.94336,13,36.718297
254.00949,11,36.739268
157.2071,4,36.739418
-179.86417,18,36.745872
2634.335,58,36.772666
2154.2708,45,36.791188
403.67627,26,36.819898
348.62128,42,36.819968
50.182735,4,36.856291
1771.8159,28,36.868538
252.63281,5,36.893281
178.58426,11,36.893347
2332.8765,52,36.901647
36.62,2,36.906124
5521.6353,64,36.926445
1866.6361,53,36.926503
178.0261,14,36.926518
-767.41254,11,36.939556
5070.918,74,36.9396
0.9431877,2,36.939612
1267.8315,30,36.93962
-903.01904,3,36.970982
143.21442,5,36.971053
313.87323,8,36.975914
1349.3552,44,36.975987
314.51538,4,36.976007
628.84174,17,36.986403
399.02063,9,37.006507
255.50702,8,37.015539
1693.4729,51,37.015618
427.0856,7,37.056004
-891.6698,4,37.068968
419.7521,8,37.069016
-752.18964,7,37.113034
316.2601,12,37.143094
-691.11316,9,37.143263
2483.2092,49,37.162275
867.36554,28,37.181826
1143.9268,37,37.182051
98.80194,2,37.203853
169.77562,6,37.203965
1343.1453,40,37.221664
1535.3374,28,37.240472
321.42032,4,37.258169
4628.0947,53,37.258215
946.1255,30,37.291841
378.59903,4,37.291886
231.50606,8,37.339567
2159.7249,56,37.36517
514.7273,51,37.365259
680.6866,38,37.365278
5418.0967,73,37.373679
413.58533,19,37.373738
92.51759,6,37.373753
-401.44977,29,37.3778
-807.6643,4,37.377856
408.5866,14,37.550178
6283.9473,147,37.550276
2980.8025,53,37.550292
86.912254,5,37.5503
955.3533,15,37.550308
-637.9037,5,37.550315
2578.4097,54,37.576917
527.2719,10,37.588251
-846.36926,3,37.588353
-799.50305,4,37.592128
-795.31635,4,37.635847
805.10364,16,37.643288
735.6032,10,37.660589
2250.4224,47,37.660642
899.69684,14,37.737295
664.7849,15,37.741514
2638.4778,37,37.785951
59.804543,3,37.789466
1177.7977,37,37.794474
140.56602,9,37.794964
2793.0002,53,37.811896
1195.3325,26,37.811977
1202.0891,17,37.811995
365.13272,17,37.824457
106.78327,2,37.824543
95.29787,2,37.850751
45.77642,3,37.850853
2198.4082,39,37.858196
303.20413,6,37.873577
2503.0618,46,37.873661
2219.8816,45,37.901651
498.26346,11,37.905413
-650.87396,9,37.90548
3028.2405,55,37.905493
220.5214,2,37.908936
3213.8694,55,37.908992
426.78223,22,37.930036
-7.1405907,2,37.930087
-728.7196,7,37.956831
1179.2565,19,37.97492
268.89627,7,37.975003
678.4302,6,38.007782
-725.2306,4,38.088565
1595.2239,38,38.088663
399.97382,7,38.088681
4460.8794,47,38.092758
1926.0736,49,38.109093
779.2267,14,38.126671
1066.2327,29,38.126709
684.8839,23,38.161401
687.40125,15,38.161503
596.99756,23,38.161524
184.96193,6,38.161532
126.17983,6,38.216308
29.951021,2,38.216385
143.04834,5,38.216402
-708.557,8,38.228409
1953.0012,39,38.228491
132.58307,4,38.244401
162.24402,15,38.274827
-892.88196,9,38.274899
1418.2008,21,38.287266
3120.2837,59,38.308854
1756.6144,38,38.308987
1754.9354,33,38.309016
4991.9014,93,38.309024
221.89923,3,38.327051
3998.7683,66,38.327125
-460.1897,12,38.327142
599.1226,6,38.337555
70.18745,2,38.33761
-330.225,4,38.369158
-191.7755,4,38.376303
1079.7847,23,38.393025
127.551445,8,38.40427
184.7008,15,38.404343
318.47128,12,38.40436
681.7643,19,38.404367
-801.27155,7,38.407753
-877.47424,3,38.419009
175.242,3,38.429392
-647.6057,6,38.442996
258.84134,4,38.443114
122.6088,3,38.443137
99.97409,4,38.443147
150.94656,2,38.471617
-966.8257,14,38.471706
-819.654,3,38.475938
127.36511,5,38.476027
1461.9501,28,38.503513
1433.7921,59,38.507668
-797.07764,8,38.507738
1890.9308,48,38.507755
1.8763428,5,38.511894
50.492302,4,38.54407
161.16632,5,38.553331
2836.9392,37,38.553389
-816.8153,7,38.560594
90.21318,3,38.572011
-82.66992,15,38.580316
142.3327,3,38.580397
297.62082,16,38.594835
2732.2864,81,38.611402
1572.2677,24,38.611473
854.761,28,38.611487
181.31845,4,38.611492
4586.606,64,38.619103
72.65114,2,38.624185
154.61359,4,38.624245
535.8773,13,38.64073
367.55804,5,38.659319
207.4302,4,38.659366
2110.2915,52,38.659375
343.99033,3,38.693101
412.942,7,38.693163
1015.71826,23,38.705951
307.22092,8,38.706038
788.09155,12,38.710002
109.46115,7,38.71007
692.05273,7,38.727534
35.23973,8,38.727591
-8.441837,8,38.758669
255.20657,3,38.768361
2267.404,55,38.768432
170.94292,7,38.772322
270.33365,7,38.780102
281.14145,3,38.79532
-801.316,7,38.795401
158.834,9,38.795415
88.14885,3,38.81219
4133.79,57,38.823812
129.88474,2,38.824174
1.9557667,2,46.649637
2250.5544,73,46.689062
1538.5109,38,46.710778
-73.02304,9,46.740868
283.4533,12,46.790734
289.26456,12,46.832991
2971.3425,50,46.833097
1216.6515,22,46.842285
72.94901,2,46.897362
736.35345,20,46.897468
586.6338,15,46.910189
362.82727,62,46.910263
5929.531,135,46.947416
-713.73303,6,46.947458
25.59217,6,46.947469
114.943756,3,46.947475
185.55156,4,46.969947
6478.4307,94,46.970066
57.725624,3,47.009583
289.79388,3,47.009664
101.69453,3,47.009681
-762.9429,6,47.017139
141.29272,5,47.040586
226.6737,3,47.060738
-974.9692,3,47.060834
3449.651,57,47.09421
627.48456,40,47.099469
-379.8084,21,47.099773
301.524,3,47.099812
4262.167,47,47.127863
3173.8755,73,47.127997
-110.74744,14,47.178748
-164.44601,9,47.217558
259.53217,4,47.217661
143.36638,4,47.25368
828.97345,23,47.273043
120.87821,3,47.275292
1061.385,15,47.304464
2701.751,61,48.014339
281.7508,4,48.014437
217.21472,13,48.041008
240.34622,5,48.086776
-82.64938,3,48.117844
62.000225,6,48.24524
3822.838,46,48.312911
534.6471,11,48.336191
1702.5555,38,48.33629
900.5594,17,48.398816
807.5384,20,48.463712
457.99432,7,48.547099
190.52792,5,48.54723
860.33734,14,48.547255
2342.3691,50,48.564197
-16.795546,2,48.591763
824.3146,25,48.654162
3336.507,61,48.676729
54.538338,4,48.676828
194.06845,6,48.70029
3811.3464,46,48.700364
2041.1876,35,48.700383
367.93225,4,48.743463
-994.32416,8,48.743532
2957.6345,63,48.743546
3484.3137,36,48.768028
1414.7997,23,48.788351
1537.0887,27,48.788436
278.5121,6,48.812914
194.01971,3,48.813013
-756.9347,17,48.827765
176.16669,4,48.828097
82.26653,7,48.864165
118.0437,4,48.864434
2172.9597,37,48.864569
2176.7898,58,48.864688
870.4762,23,48.891615
24.888535,3,48.919503
139.38354,2,48.919609
70.07077,2,48.948157
153.33112,3,48.94823
348.12128,15,48.973664
-1011.7543,2,49.03072
135.35468,2,49.075521
-792.3546,4,49.075598
383.31506,10,49.102042
573.7791,27,49.124176
56.24977,8,49.124264
787.07275,25,49.167736
295.63608,13,49.18507
243.04544,4,49.185431
1091.2341,27,49.185455
227.33514,10,49.210299
1086.6301,48,49.219211
275.88843,6,49.21932
941.30115,42,49.219342
264.29245,6,49.26802
123.2834,4,49.303842
1054.508,25,49.303934
239.91724,4,49.303983
635.0029,12,49.304004
340.50955,13,49.304013
915.3176,18,49.30402
643.5161,21,49.335433
14.723454,2,49.39641
201.13695,16,49.476442
99.0333,6,49.50019
905.2498,24,49.500666
312.81107,12,49.500718
1427.0764,50,49.614455
5799.1465,105,49.663413
1684.0684,34,49.711492
-467.09277,13,49.876684
511.79297,12,49.905837
57.256817,4,49.946719
885.0983,15,49.9468
71.27295,20,49.980046
898.93933,28,50.045158
780.3965,20,50.096478
371.34818,5,50.096521
701.9177,20,50.09653
148.1685,7,50.104576
205.36166,13,50.120608
5723.1733,124,50.129627
3730.8608,49,50.129673
2191.5947,49,50.14855
229.81633,5,50.173279
661.1006,32,50.174171
1663.4297,41,50.174254
1088.0695,21,50.208848
62.983246,7,50.223397
113.86829,2,50.224004
902.1775,13,50.244044
417.84665,6,50.272609
3231.7454,51,50.293698
1364.0919,20,50.330272
154.45505,3,50.330316
3.3117676,6,50.330327
293.88818,7,50.348666
104.596436,2,50.371298
390.25867,11,50.387155
1362.3262,35,50.387234
705.73535,9,50.400467
967.3883,15,50.411304
276.14447,13,50.414636
201.80153,3,50.435898
79.21878,2,50.450338
-1582.6956,5,50.476475
266.83447,11,50.484423
991.1428,21,50.502507
522.7845,12,50.511613
1332.1798,55,50.521118
3623.4917,49,50.546493
2958.19,45,50.552488
15.277745,2,50.574344
1045.2434,26,50.574747
235.5686,6,50.574974
2031.6449,36,50.612752
2887.6125,50,50.61291
989.05414,12,50.616706
-1160.0862,16,50.616745
92.76049,2,50.62721
67.33659,3,50.631841
-7.1530457,3,50.65105
1063.0459,25,50.663685
-958.5767,3,50.702961
947.14777,31,50.703086
983.9268,15,50.721308
1229.7726,55,50.721416
804.87146,15,50.736885
1982.4448,51,50.748044
-701.39215,3,50.760422
-334.6346,14,50.765145
2186.0496,51,50.784988
429.545,7,50.795733
1208.8822,30,50.818977
1536.0226,38,50.819024
5034.458,45,50.819034
92.620605,5,50.819041
1361.9427,24,50.8376
1507.4133,24,50.837685
2683.4004,80,50.837723
128.98279,7,50.837755
278.27676,4,50.837786
4894.167,54,50.837816
43.84082,3,50.866627
61.78077,3,50.866698
286.20877,6,50.893081
3792.5684,58,50.896627
335.6721,6,50.901407
3167.4495,39,50.90145
953.7764,37,50.970194
98.50785,8,50.970344
-587.36646,9,50.996529
-786.7704,7,50.996605
524.3694,18,51.024479
1296.6375,38,51.024604
1097.4868,51,51.046231
-327.11603,24,51.098431
407.39664,14,51.129484
313.5871,5,51.129608
500.4258,16,51.297993
299.75827,6,51.29882
198.88838,7,51.298871
332.49332,12,51.325479
1897.7264,35,51.325554
92.07042,9,51.325576
103.72004,2,51.344904
452.3097,10,51.345018
243.32446,19,51.345045
108.695335,2,51.345054
-11.458704,2,51.360244
382.01947,10,51.403975
-87.31628,5,51.404126
221.81274,4,51.428718
150.01364,9,51.42889
-948.56287,5,51.443305
259.07928,6,51.443444
79.423584,2,51.46297
2879.7556,95,51.48576
240.90378,5,51.533445
137.81819,6,51.533688
205.41466,4,51.533712
-503.68365,13,51.533721
828.19617,18,51.572993
1173.0596,24,51.573188
-6.695835,3,51.642957
109.641846,2,51.643116
237.14877,5,51.713774
497.71463,10,51.752236
1798.5371,32,51.792312
648.0539,18,51.828395
680.1868,11,51.837198
5139.2773,56,51.925038
105.196976,10,51.98386
2609.2678,49,51.98395
1349.3193,20,51.983966
210.15077,10,52.026035
2335.4575,40,52.02611
64.11281,4,52.032671
1537.3243,21,52.03272
635.895,18,52.044561
497.62878,9,52.050966
462.96118,11,52.082086
1.5734491,3,52.08342
340.5159,10,52.115108
401.97018,6,52.116568
1110.7347,32,52.116686
466.1009,8,52.181626
-12.9729,2,52.181942
2276.6812,31,52.283102
319.878,5,52.289784
2986.4114,65,52.290573
226.98132,5,52.390686
1392.6147,60,52.39079
1460.2811,31,52.390815
126.260056,2,52.390826
412.7049,9,52.438575
4995.042,46,52.438638
336.37634,5,52.463034
-892.66174,3,52.467363
271.4087,5,52.467441
120.855644,3,52.467461
151.07507,23,52.485972
-1065.7357,3,52.50151
4084.1511,54,52.529197
275.62238,11,52.529263
83.7484,3,52.534204
-1535.6821,11,52.534286
5377.5796,62,52.534306
1127.603,14,52.556576
271.75195,8,52.571776
707.17993,17,52.57212
123.04582,2,52.579618
470.98795,18,52.621264
-903.75323,9,52.650485
272.55585,9,52.677259
2028.7101,43,52.677325
310.93338,8,52.699182
-7.5546355,2,52.699242
133.30646,2,52.710809
1525.9126,28,52.714145
-11.392653,3,52.73577
260.15448,4,52.735859
3066.1738,38,52.745831
3649.587,46,52.745889
358.53314,6,52.745904
819.0405,17,52.749338
63.837147,2,52.749398
736.8955,18,52.770921
1754.0947,29,52.771025
888.81964,18,52.771052
2012.082,31,52.779965
174.49522,4,52.780061
166.76746,2,52.797546
150.02197,2,52.797613
52.640717,5,52.797634
-929.6441,2,52.814069
1711.8607,37,52.814178
-61.346893,5,52.83597
748.1048,10,52.851158
-55.660652,5,52.851235
310.97675,9,52.862007
64.936386,4,52.865641
2791.844,61,52.879751
-963.4479,4,52.884876
-758.56287,5,52.894955
838.10364,23,52.913832
146.32527,8,52.913899
-26.488287,3,52.91785
-292.5548,11,52.917901
1766.092,29,52.931652
4522.419,61,52.932867
4856.004,56,52.956853
1584.8398,21,52.985053
160.85391,4,52.99394
354.6294,6,52.997141
-1108.5903,9,53.001621
3315.3174,58,53.001706
-118.09705,11,53.013758
2420.819,39,53.034134
965.59106,22,53.034553
44.976273,2,53.034607
348.65738,10,53.034621
4706.7305,47,53.053711
159.32442,11,53.053762
1792.9478,49,53.072166
408.39166,5,53.101836
-390.16238,7,53.116141
179.97151,2,53.116226
-652.46967,6,53.133765
762.99554,14,53.147717
72.26242,2,53.169236
162.22939,3,53.169309
116.66144,2,53.18364
386.4576,10,53.183688
1464.119,21,53.205795
3544.5427,42,53.224149
363.68484,7,53.245437
585.4634,32,53.245525
6521.295,82,53.250482
2597.6802,38,53.276149
670.36597,33,53.27623
-575.2832,17,53.276256
226.6552,3,53.276265
31.412626,7,53.29888
282.83087,20,53.313151
312.63538,8,53.338098
3084.6406,39,53.360303
331.29755,4,53.368984
113.42461,2,53.386304
438.45798,8,53.411333
4268.494,76,53.411413
328.8999,6,53.416335
-898.07043,4,53.416405
1879.703,40,53.416433
-881.7264,2,53.43218
1917.3171,32,53.436907
193.75185,4,53.46845
1613.4888,36,53.468511
282.57477,5,53.468528
-362.30493,22,53.468535
771.72534,16,53.468543
297.89417,4,53.501677
1213.8444,19,53.523956
-410.60626,4,53.556307
2405.4373,42,53.57086
3644.466,39,53.590508
-283.84308,22,53.59062
406.53503,9,53.59065
3050.8845,54,53.600234
152.91008,12,53.626683
981.20233,44,53.647007
-1436.336,10,53.662438
-787.42694,4,53.662523
613.5282,9,53.704427
336.37064,7,53.732317
-951.23975,3,53.732402
262.39746,36,53.732428
1348.0775,30,53.75505
2562.6812,78,53.755133
4.8915615,2,53.783853
307.5611,8,53.784061
145.0715,4,53.843298
-844.5741,9,53.843436
-211.35933,9,53.873308
4095.783,77,53.911901
1706.6306,41,53.912052
257.49036,3,53.954907
4504.2017,43,53.955074
401.53836,7,53.979249
-713.8002,6,53.979328
-891.2374,2,53.979346
108.336,2,54.013315
87.85328,3,54.03868
-1533.5115,24,54.038814
577.88446,11,54.038891
514.4941,10,54.057609
230.20532,5,54.057666
-13.412964,30,54.077144
-915.55054,15,54.095499
136.6263,3,54.095572
463.05484,22,54.09559
528.69214,18,54.113235
2551.1196,49,54.113358
-688.7327,7,54.147848
379.9552,7,54.156726
556.9309,17,54.156783
111.57313,3,54.156797
812.49725,15,54.173871
-306.12683,11,54.173944
391.49863,8,54.173958
138.6073,4,54.237924
269.3627,8,54.237974
109.28338,10,54.25451
939.6048,13,54.378563
669.5186,18,54.894208
661.18304,12,54.926513
104.4558,2,54.956636
300.42413,15,54.977413
2571.451,42,54.977551
607.2822,14,54.977642
322.91034,28,55.020044
1121.7709,49,55.030767
108.1074,4,55.042883
533.1639,15,55.07122
3410.6248,50,55.090535
-733.8136,5,55.109941
2156.3386,32,55.165473
-548.1937,12,55.165563
-633.9769,9,55.184854
747.96564,14,55.223423
2446.7192,42,55.241364
3469.2952,56,55.273373
208.64842,5,55.273553
-820.0417,13,55.285109
926.2408,33,55.285216
415.48294,7,55.313489
249.2182,3,55.337593
456.79733,12,55.337667
666.764,15,55.357145
613.5597,11,55.41514
1262.625,30,55.415273
-853.2551,5,55.431037
-886.877,6,55.431135
489.57837,11,55.447706
298.58734,13,55.447767
-21.347084,9,55.451368
2187.6587,57,55.464928
5757.64,76,55.486757
178.66043,6,55.486824
5158.8716,84,55.509039
976.45013,27,55.534836
52.353607,2,55.53498
-12.177051,4,55.549111
-365.51193,7,55.549191
1186.4092,20,55.564675
224.17937,6,55.564753
1466.501,20,55.586819
-11.480384,3,55.586942
-1026.2408,2,55.618988
313.90622,6,55.619064
5342.6704,55,55.637268
3810.3655,60,55.649044
137.78442,3,55.6736
859.39874,14,55.67365
-158.5445,12,55.67366
4111.879,53,55.700047
586.2903,22,55.708879
-350.83734,5,55.708921
1187.7904,26,55.728986
608.2048,12,55.746109
-876.45593,2,55.75247
183.03563,5,55.77012
-736.65796,7,55.770218
-64.154594,11,55.789096
2645.196,65,55.789183
1722.0033,27,55.789211
84.86787,2,55.79447
-981.3008,4,55.794557
4.560005,2,55.798288
406.09964,10,55.798339
4499.943,72,55.812551
230.00174,11,55.81262
2722.225,54,55.840856
1247.7231,57,55.852546
308.54947,15,55.880454
6838.886,123,55.902309
493.82397,13,55.902385
-17.155281,9,55.915696
-273.64777,6,55.931059
564.05444,10,55.931118
188.37915,2,55.946347
235.995,10,55.946397
158.70331,5,55.962086
1780.7167,30,55.962155
499.24036,9,55.965564
1042.4922,18,55.984091
149.85396,2,55.991605
373.59772,7,55.991646
215.53296,6,55.995605
1756.9802,35,55.995656
-23.272482,18,56.007137
282.33292,3,56.023267
282.64014,8,56.033168
1009.54236,12,56.03717
83.97809,14,56.052382
245.73328,4,56.110863
1282.4807,26,56.132699
1391.7358,29,56.179446
2763.427,56,56.179898
1006.5831,28,56.203546
1968.9692,48,56.226162
-344.66162,13,56.22981
2273.8623,48,56.246622
147.61823,3,56.298756
1322.8353,19,56.332985
490.7403,17,56.3523
-1204.313,5,56.378421
69.9136,2,56.378528
872.66425,13,56.378549
37.075172,2,56.419151
93.40917,3,56.425168
3500.4312,40,56.425226
2211.8164,31,56.430001
1096.272,79,56.451764
5110.858,70,56.459425
1416.4713,40,56.472606
73.25009,2,56.488992
185.63077,5,56.523746
1631.7816,58,56.565441
391.9747,5,56.56553
102.85956,16,56.565545
1422.7302,34,56.582135
340.96936,4,56.632641
641.95874,19,56.640421
1.8639112,5,56.640519
405.97003,28,56.683147
-957.13403,3,56.711575
3053.482,62,56.753875
1374.9087,33,56.828869
4065.0679,123,56.829002
118.40152,7,56.904245
-1127.1008,4,57.081597
417.76596,19,57.120825
202.44305,4,57.147153
1900.1719,38,57.195748
-845.0035,4,57.250283
111.68457,31,57.280196
-973.01917,8,57.30679
264.01685,36,57.34397
191.55165,3,57.344564
866.2075,15,57.344629
3793.712,66,57.34464
4499.594,58,57.381974
2254.157,62,57.483529
1341.5795,37,57.502608
420.08362,31,57.522331
330.00803,7,57.542483
224.09923,7,57.563197
1524.8971,25,57.586699
1612.3004,31,57.586746
389.40173,11,57.586757
770.96875,58,57.634815
315.43024,6,57.656229
147.46066,5,57.656326
-856.7229,8,57.678331
85.71741,3,57.68279
1422.9058,32,57.682864
46.423584,3,57.687681
-616.14355,12,57.687758
695.1765,39,57.687775
-549.93896,11,57.687784
1200.3362,30,57.693568
348.09793,8,57.693628
662.128,18,57.698325
118.03819,2,57.698392
581.4185,18,57.698408
-70.494286,4,57.723043
426.14047,11,57.72315
-922.03406,4,57.741598
1175.9647,73,57.741715
419.6421,7,57.753855
85.08255,3,57.77177
585.90955,31,57.771859
202.8714,9,57.78755
683.7915,58,57.787617
-218.96411,10,57.787633
315.5634,9,57.818079
623.8336,16,57.818134
-84.57445,5,57.818143
143.32878,2,57.818147
92.78727,3,57.841327
27.398384,2,57.858027
103.8298,9,57.858099
87.918915,3,57.878186
113.64456,4,57.898417
-980.6914,2,57.913566
-535.8364,9,57.913619
1658.2758,36,57.925466
11.883996,7,57.92918
-491.02374,6,57.936575
45.61518,3,57.936631
-1047.6646,3,57.94834
337.62927,11,57.959036
145.7985,2,57.959128
-188.73209,5,57.959149
3.5560732,2,57.959158
-417.851,14,57.962745
2501.6484,54,57.962795
643.9428,13,57.965931
672.7954,12,57.968992
1748.7714,26,57.977656
318.0042,8,57.981505
171.63594,4,57.997557
354.2199,24,57.997648
4120.56,112,58.015906
2881.8438,43,58.040201
4074.728,44,58.040289
267.2759,5,58.040309
343.24716,6,58.063162
-775.3789,5,58.081929
-955.86957,4,58.081977
158.67029,19,58.081988
-88.46684,3,58.081994
-607.6542,6,58.105053
301.59842,8,58.118807
-171.24988,14,58.123709
-370.4888,8,58.129941
46.806213,2,58.129987
317.2649,6,58.144535
851.9978,29,58.149173
1397.0935,33,58.153263
795.3333,21,58.16837
1314.2709,23,58.183574
683.27576,22,58.20306
2145.2146,44,58.253444
1111.3191,42,58.253526
398.03833,15,58.253541
984.46136,15,58.272825
708.7618,11,58.287435
165.13876,4,58.287524
592.3352,13,58.32569
-368.81406,12,58.328994
869.8251,23,58.341886
108.18054,2,58.354762
14.160336,5,58.354875
728.7809,8,58.376456
394.64453,6,58.376557
70.555534,15,58.396082
200.90894,4,58.407594
2723.846,54,58.424259
341.6022,5,58.44852
639.14886,12,58.448657
691.2635,22,58.469229
844.0233,14,58.469353
147.89513,2,58.512633
6967.38,124,58.542408
243.33324,3,58.542495
48.788235,2,58.600652
-729.3862,3,58.621991
23.98925,6,58.649473
1361.1687,16,58.666669
1896.0627,37,58.666739
70.47156,4,58.666756
353.34778,28,58.681282
2729.0234,38,58.700075
211.1582,2,58.715237
1583.3193,18,58.715284
1724.0546,62,58.77853
51.067993,6,58.778576
1062.3696,57,58.801204
3241.7534,59,58.81498
-848.10254,5,58.838794
85.015915,2,58.838861
187.72656,40,58.844717
1436.6655,51,58.844802
4758.1294,62,58.844862
2137.641,31,58.848655
409.31177,7,58.848712
75.79127,2,58.853018
176.07948,6,58.853102
163.83162,3,58.853121
150.49011,3,58.853128
848.9301,19,58.880745
145.01784,5,58.880802
102.92349,3,58.880818
5701.156,135,58.880824
983.3499,20,58.885457
-889.32544,6,58.885529
1239.075,34,58.895563
1444.0336,30,58.895646
773.3938,21,58.895664
39.980118,3,58.902014
303.56403,6,58.902091
134.62341,2,58.902117
70.12708,2,58.907407
4264.213,46,58.907481
59.906357,2,58.923786
-1127.632,4,58.943091
192.77638,4,58.952747
169.38739,3,58.952812
-399.4649,8,58.956618
114.54074,2,58.967952
3294.6863,65,59.006503
-569.1771,15,59.006585
235.03615,11,59.006604
449.72488,17,59.0476
686.2871,29,59.047669
166.25116,2,59.047686
1290.7365,42,59.069996
283.45505,7,59.070112
164.9031,11,59.090361
117.93965,3,59.090501
2403.658,50,59.096076
563.5811,7,59.107788
386.63535,6,59.140165
76.791504,24,59.155073
-805.02246,4,59.155158
288.1431,18,59.155178
4259.538,54,59.183892
147.34717,6,59.184074
55.374916,3,59.184092
866.9525,17,59.189181
89.46385,14,59.189228
206.12453,9,59.18924
1256.2489,25,59.202735
667.17175,14,59.222791
248.58882,4,59.242367
1232.973,28,59.242476
579.77997,12,59.242496
77.02264,3,59.242507
408.2242,6,59.250667
567.0643,16,59.250729
51.64222,8,59.268023
1725.8419,30,59.268107
65.17206,5,59.268127
182.83167,2,59.298248
1930.4243,59,59.319174
-415.3388,16,59.331036
317.57263,7,59.339712
619.3334,17,59.365441
883.1516,15,59.394871
-892.0635,6,59.39493
1154.7355,20,59.399068
622.3234,13,59.399131
791.4147,15,59.399148
-549.18616,9,59.399154
897.3978,17,59.410647
-407.42218,7,59.410696
2293.3071,35,59.434231
160.54733,3,59.434305
-698.48755,8,59.437448
4908.604,84,59.450364
-81.12366,5,59.450423
-173.57968,21,59.484491
760.1056,12,59.488856
3215.5872,66,59.488897
766.02985,46,59.488907
344.2461,8,59.488914
-364.20886,10,59.504868
223.52179,6,59.504938
55.32123,3,59.532916
392.6112,7,59.533001
184.11783,5,59.548242
47.15684,5,59.573617
-7.258033,2,59.585894
340.0098,13,59.589845
598.44055,14,59.596242
109.259155,8,59.596395
1306.5146,30,59.618834
2518.225,48,59.630646
-716.20654,5,59.638187
3359.4927,83,59.638519
773.2612,27,59.664123
156.62692,2,59.668889
-225.31757,6,59.668944
1249.6628,36,59.668959
-1231.5254,12,59.674763
3235.5393,34,59.696973
491.01602,17,59.700725
198.84041,5,59.715371
-156.00568,19,59.735142
-87.05559,8,59.739311
197.69595,4,59.739373
3514.678,44,59.747728
430.39755,6,59.747826
-128.79913,10,59.774187
-696.0924,4,59.774258
155.98306,3,59.774277
47.853027,8,59.793885
-823.38684,6,59.793941
-927.416,2,59.793954
-762.8383,3,59.802088
260.3819,16,59.802138
1102.0269,35,59.804696
1231.9431,29,59.826321
314.72675,5,59.826386
1980.2948,41,59.844228
122.27409,7,59.861118
-1291.5886,12,59.861209
230.72061,10,59.893144
1312.6401,25,59.893325
63.51743,2,59.91965
-53.261276,6,59.919748
116.76944,5,59.940678
-14.447703,4,60.001982
1618.5079,33,60.002118
-84.25033,19,60.002135
30.590689,8,60.037296
249.07591,7,60.10475
-274.95294,10,60.136108
1941.4652,36,60.160833
340.23587,11,60.19694
85.244026,3,60.197035
2391.0493,40,60.197056
2953.876,36,60.311315
4888.257,57,60.31143
86.303406,10,60.349101
7146.566,102,60.349238
-874.4312,5,60.386668
1726.74,60,60.38676
2215.3787,37,60.420944
214.84702,7,60.421008
819.4509,15,60.440578
127.18617,2,60.440639
1463.1871,16,60.440653
2955.0068,52,60.478448
2893.0393,65,60.52362
-10.497545,2,60.523715
71.994286,17,60.563348
384.56012,7,60.563434
1029.8109,22,60.652435
937.50275,13,60.653867
166.8855,2,60.653949
62.920525,7,60.674102
-893.93463,15,60.700437
724.23413,13,60.741222
-34.66196,4,60.752362
-725.48254,5,60.75242
410.71677,13,60.752435
3062.145,53,60.752442
1577.8157,34,60.757864
-506.2685,7,60.757944
-135.80603,13,60.757963
791.51355,16,60.765792
282.9234,12,60.778656
516.9382,9,60.778723
602.9206,12,60.795346
153.31866,3,60.795421
1057.013,17,60.799696
1331.442,26,60.799757
-766.1737,6,60.803826
3390.429,45,60.804031
1508.9811,31,60.819656
-816.96045,7,60.819719
218.24144,3,60.823583
286.75214,6,60.823642
606.91187,10,60.836465
339.09357,8,60.859087
335.8328,6,60.859128
223.91731,3,60.859138
65.67044,3,60.920696
1132.656,24,60.946816
341.688,11,60.946971
297.41766,7,60.993597
2663.188,43,60.993709
268.2572,5,61.003814
2325.9329,33,61.003891
-316.98907,10,61.020123
1009.263,13,61.020187
1286.4937,25,61.038223
287.2989,8,61.038323
-866.29175,2,61.038345
1161.4458,25,61.051472
477.29767,8,61.054866
97.375244,9,61.076126
328.9996,7,61.076183
-722.2435,6,61.076198
912.78577,19,61.118889
159.76045,4,61.135924
-934.1609,3,61.136029
-740.74084,12,61.197227
-815.22656,9,61.197407
-675.12244,6,61.227062
9.404457,4,61.227144
659.0148,12,61.264897
408.38483,29,61.302289
526.77124,15,61.32703
2578.0178,45,61.348263
2811.5579,55,61.348975
367.98123,6,61.349088
3454.3354,73,61.349108
2753.0376,33,61.349118
986.1821,35,61.349137
14.408848,2,61.36495
234.99646,8,61.366267
1588.4191,39,61.366436
99.039505,2,61.391142
141.43665,14,61.391229
1889.8972,40,61.42664
275.5648,4,61.426771
116.06855,2,61.42679
-770.0231,5,61.443873
-848.61334,5,61.468179
3153.649,44,61.468317
117.59837,8,61.510514
303.29456,18,61.545084
-923.8179,5,61.545157
481.8653,5,61.591739
240.11917,6,61.591813
4821.0957,158,61.591827
125.41938,3,61.618089
-1057.609,2,61.635325
-83.06909,17,61.635438
653.5833,10,61.656625
4465.447,72,61.66012
1015.8524,18,61.663772
226.28938,9,61.663824
-550.45264,10,61.663839
133.30707,15,61.677392
-842.2129,5,61.696543
5244.7144,54,61.696591
-869.3305,3,61.707376
5050.1855,47,61.707422
1913.0267,54,61.707433
-1141.313,11,61.728578
108.46077,2,61.728637
-995.51624,2,61.728653
962.1644,12,61.778719
199.0688,3,61.778775
181.46155,7,61.778784
33.56616,2,61.802191
126.31389,3,61.805397
1551.446,31,61.835976
648.50446,22,61.839545
112.55365,10,61.839615
4904.686,49,61.845653
185.64351,3,61.84572
-32.377686,13,61.862492
1836.783,36,61.86259
1149.9104,36,61.875102
-55.590515,22,61.890221
576.89325,11,61.890292
304.65512,7,61.893936
-646.963,19,61.897702
235.49658,7,61.9011
1859.166,33,61.941868
1064.2828,18,61.957739
2862.9941,43,61.957834
156.48637,4,61.979839
147.69821,8,62.034455
927.02264,27,62.03454
120.393715,4,62.052325
6.8654776,2,62.065662
3224.9446,57,62.065726
586.73236,16,62.069219
-258.3327,18,62.094202
-879.06415,3,62.094262
1892.2786,42,62.114476
20.817814,2,62.143443
894.8472,21,62.143485
4498.298,65,62.143495
125.54973,2,62.147323
66.43201,8,62.150214
-991.29645,3,62.153481
116.05443,3,62.153522
427.60114,18,62.169939
531.3079,10,62.180037
1703.0372,25,62.184359
641.64966,20,62.184431
315.21146,14,62.184448
107.34135,2,62.220173
2410.5571,72,62.237253
-963.5971,5,62.253922
618.41516,12,62.253988
-477.7521,4,62.258375
2171.3179,53,62.258439
-6.8944745,2,62.258456
91.58879,2,62.27015
209.71732,7,62.270236
51.331425,2,62.283854
-837.39624,3,62.288611
293.19098,4,62.288681
1698.5134,37,62.288698
104.97758,12,62.288704
3831.5942,71,62.308212
1894.1073,51,62.327729
1832.3888,44,62.347945
96.86701,3,62.37319
1001.7556,21,62.373458
276.07474,5,62.396548
1025.027,20,62.396626
123.48577,2,62.412224
1252.2845,35,62.412298
1826.2666,24,62.412312
-895.26917,2,62.435531
2065.9016,44,62.458804
438.32883,12,62.479608
94.11005,13,62.498662
-200.00555,6,62.49874
-1445.2415,12,62.503605
253.09906,8,62.507238
-315.82745,12,62.552401
401.16168,14,62.552573
97.55386,3,62.591019
159.50266,21,62.591113
-63.49437,9,62.611436
234.83792,5,62.625681
1294.7021,76,62.664663
1490.4705,25,62.691593
4634.1387,109,62.710191
978.1208,17,62.736089
19.579319,7,62.736264
1679.2559,31,62.759276
143.25366,4,62.770801
4115.119,57,62.796101
1055.7904,24,62.796177
43.788574,2,62.827904
20.436035,37,62.827966
140.14154,9,62.827983
648.834,27,62.867747
108.62415,2,62.867787
148.34306,15,62.867798
-188.7619,6,62.867805
3894.3447,71,62.867811
3093.5337,47,62.882332
209.24887,14,62.882419
181.0554,6,62.882437
1908.4858,27,62.886194
-163.5223,5,62.890246
77.58139,2,62.890285
805.79663,29,62.902028
181.17874,3,62.90213
-267.02258,7,62.941418
232.35297,5,62.958766
3398.0298,40,62.998959
502.5219,11,63.003706
3648.8237,63,63.006891
530.29224,12,63.018359
873.23236,14,63.022045
120.28973,2,63.044902
-339.28784,6,63.066823
3107.2512,53,63.088931
3908.274,75,63.088996
818.65625,18,63.101735
444.66464,15,63.118521
101.46932,3,63.13264
2404.1006,53,63.132744
868.57764,13,63.132759
123.42302,3,63.132764
135.54646,2,63.156049
113.254814,4,63.201714
5870.1724,116,63.201783
494.1361,14,63.206106
58.74552,25,63.206201
883.43054,14,63.223494
989.2296,33,63.223561
49.06681,2,63.255279
84.83759,5,63.291128
462.74942,14,63.291176
-54.259724,7,63.308413
2545.0796,35,63.308486
72.76404,11,63.327339
1914.9121,34,63.327385
769.42236,15,63.366367
5579.6064,61,63.366475
-78.37512,4,63.387451
1554.1102,33,63.41486
1102.8154,23,63.415036
2716.6206,44,63.415123
430.89642,10,63.426481
-111.072876,18,63.426552
103.00537,2,63.426569
298.33545,4,63.444676
-663.1986,9,63.476959
-946.2442,2,63.577814
2028.6381,49,63.577862
-101.69712,5,63.587764
170.47977,4,63.58782
-857.0955,4,63.626413
-81.19006,7,63.626499
958.62244,20,63.626521
2568.1296,44,63.67681
183.64844,17,63.676883
2817.1003,41,63.701407
274.8494,17,63.701476
-81.34274,9,63.705397
0.6672945,8,63.705467
-754.6421,6,63.705485
1282.6384,49,63.732652
1204.1648,20,63.732733
89.243835,3,63.757823
220.38678,4,63.778449
455.3175,12,63.801958
405.32608,5,63.814933
97.82748,3,63.828596
360.10126,4,63.83937
115.12334,8,63.839459
173.60986,9,63.849908
2006.9792,32,63.895313
526.7877,8,63.91929
1002.4166,16,63.919378
2813.359,44,63.948065
-966.64197,24,63.973197
2584.1057,41,64.017527
69.77966,4,64.046547
688.9444,11,64.074932
-402.7666,11,64.075071
-178.48782,8,64.096259
5211.9834,56,64.108326
1486.3492,28,64.126729
-990.3331,4,64.142098
1878.958,39,64.155559
122.77642,2,64.155638
-865.1975,4,64.170939
-415.93958,11,64.187009
100.56019,4,64.206407
3491.253,40,64.229197
31.969242,2,64.242941
550.8698,17,64.261924
2291.6382,30,64.273443
3839.3875,63,64.273523
856.9971,35,64.27972
1455.3359,31,64.279782
1040.144,45,64.279798
-987.06903,3,64.279808
1170.4767,24,64.294883
193.00111,3,64.294943
-92.34392,3,64.309811
-407.23416,10,64.309902
297.68515,3,64.333308
98.73652,7,64.333423
141.03015,4,64.33963
517.48785,12,64.339729
1010.3024,49,64.355992
-604.4585,12,64.372275
267.31134,7,64.390997
1540.2657,45,64.39107
69.2431,8,64.391087
839.112,27,64.400314
443.80157,8,64.412934
431.72192,9,64.413125
1133.4149,23,64.420876
114.37427,7,64.442019
-1015.555,4,64.459563
-1280.3339,7,64.501855
-757.5176,6,64.521615
176.3244,9,64.546125
43.74378,4,64.546207
6699.8594,114,64.558469
440.38373,9,64.574338
5383.7466,77,64.582697
-799.8154,6,64.582756
853.5795,20,64.592592
544.5122,23,64.604679
300.84872,5,64.60474
331.80988,8,64.611128
580.29895,20,64.61125
1379.9312,33,64.628193
283.8543,7,64.649307
969.2603,25,64.649366
179.0552,3,64.649381
1842.4902,22,64.657349
-184.29666,25,64.657417
-773.9198,5,64.657432
1380.4712,20,64.677984
56.988533,3,64.691807
639.6976,15,64.691845
136.1323,2,64.691854
235.6833,6,64.705453
-106.85591,5,64.705515
188.63367,5,64.718246
-795.3231,13,64.736058
3557.0557,48,64.750295
-794.1317,7,64.754349
279.9401,8,64.757775
135.32072,3,64.770937
307.2212,8,64.7788
347.51624,7,64.778873
180.15007,11,64.77889
204.75354,6,64.778898
4918.083,69,64.78788
976.5005,15,64.787932
626.3191,16,64.815901
89.51338,2,64.81596
248.03247,10,64.815976
808.8721,25,64.815983
2878.4595,57,64.833191
351.6253,7,64.833358
465.09302,6,64.847378
-818.2052,5,64.847448
-1179.6371,4,64.847464
296.10843,3,64.872977
-292.80096,5,64.873057
422.33005,5,64.873074
394.3415,9,64.882881
-550.58246,5,64.888773
2525.4602,75,64.901695
-777.0558,3,64.908097
-650.4834,5,64.908162
38.045593,11,64.914511
-126.557495,11,64.917366
-995.6981,2,64.92973
84.29253,4,64.929794
-666.70776,23,64.941344
2179.6912,53,64.945709
49.522682,11,64.945761
176.44435,11,64.962061
-173.04993,14,64.9998
250.33742,5,64.999864
192.80515,3,65.008575
2099.0625,45,65.008625
392.73505,6,65.008635
-400.19757,24,65.017881
-954.1877,5,65.06872
529.18805,11,65.099021
136.78058,6,65.120103
476.9283,14,65.120177
278.58447,9,65.147916
635.22473,12,65.148212
215.55008,12,65.148264
2048.8872,32,65.162436
-672.08545,20,65.178188
1575.4574,33,65.194786
1926.9955,44,65.195013
874.7681,13,65.195106
4019.4807,67,65.19533
2007.969,46,65.226324
1237.8643,45,65.226763
404.8225,5,65.226803
-721.6361,6,65.226811
412.32053,8,65.244319
14.208641,5,65.244431
50.58829,3,65.269372
248.52695,9,65.269421
66.97885,3,65.269429
86.71743,4,65.293158
1519.0269,37,65.293243
474.77478,9,65.293262
607.08105,19,65.313942
707.3284,18,65.314022
120.73426,4,65.320624
251.44693,5,65.320702
-394.75183,13,65.320716
46.437397,4,65.32878
-936.3404,6,65.328871
84.45033,3,65.370748
107.59288,2,65.370826
180.03938,9,65.386986
168.63403,9,65.387058
3508.0334,97,65.395228
-752.02716,6,65.399978
1217.7917,44,65.400086
392.0985,17,65.400096
266.7835,6,65.409719
302.50015,5,65.423886
121.08086,4,65.423937
156.85666,10,65.423944
133.07333,3,65.451031
1104.1129,14,65.451118
-513.3635,6,65.45496
-1170.0715,12,65.455029
1072.3887,13,65.45863
-55.599266,6,65.473257
-894.99536,4,65.473333
302.906,3,65.49371
144.52869,7,65.516135
2032.0396,61,65.516211
460.60248,12,65.519725
469.61996,15,65.519778
-745.41614,5,65.522652
-759.55945,7,65.543559
625.91364,28,65.551739
485.9509,21,65.558011
91.77932,5,65.606423
299.89673,12,65.640689
-854.7034,3,65.640828
192.13014,3,65.659972
32.362007,4,65.660036
3683.036,102,65.660048
836.6018,19,65.677775
2340.042,37,65.677843
55.73712,16,65.696705
2937.8706,43,65.725082
7834.9316,118,65.788965
617.13794,15,65.81242
310.14523,5,65.877427
418.27042,15,65.877608
1460.1841,31,65.877629
144.28079,2,65.92128
400.2342,48,65.932244
2009.6749,51,65.932329
37.807575,4,65.95889
73.52481,13,65.964695
1671.6875,35,65.987554
134.0807,3,65.994618
4398.452,49,65.99468
-767.5936,4,65.994697
3831.7397,85,66.013352
7.8960295,2,66.02635
3641.8865,45,66.048373
2147.0122,58,66.048467
1141.4293,23,66.05275
231.85284,7,66.06055
391.7699,6,66.064353
1870.4906,55,66.100521
386.4524,11,66.105089
-351.39935,18,66.12375
1905.1827,32,66.140673
1645.5286,61,66.16979
1394.9767,57,66.193645
245.61664,4,66.193695
479.2398,12,66.207636
4164.075,52,66.246349
3125.401,39,66.280033
978.8649,12,66.280143
882.8987,20,66.304243
386.01425,6,66.332937
-128.26582,4,66.35824
207.28293,11,66.378012
5721.4272,92,66.392745
70.50415,2,66.392788
483.85934,12,66.417199
774.1856,15,66.536023
3445.7546,39,66.582786
2804.999,54,66.582917
3416.741,52,66.582992
1454.2328,20,66.592271
1262.2449,45,66.642954
293.0786,35,66.64301
2699.6716,35,66.655992
75.93934,2,66.678795
3458.859,59,66.67884
1302.1527,15,66.678849
1240.978,25,66.710458
274.41742,8,66.748703
198.06738,9,66.771073
4129.909,91,66.829571
282.34616,28,66.847045
1362.9617,28,66.863517
683.0538,10,66.883261
120.3293,7,66.88334
889.1592,15,66.883356
662.0703,12,66.906943
-249.40115,15,66.907034
3171.284,63,66.919646
131.92204,2,66.919691
562.4911,26,66.940262
-549.65497,4,66.984344
182.43048,3,66.984428
288.48874,6,67.00098
-652.08704,6,67.026898
3313.375,62,67.051221
1131.5056,35,67.102674
344.78613,5,67.102738
-92.54571,7,67.126262
830.5198,58,67.126328
1293.0746,22,67.126341
855.1044,14,67.141668
-196.25858,6,67.141729
-3069.7031,15,67.141745
208.97343,6,67.179082
1322.3289,26,67.179148
143.04161,3,67.204505
2563.6167,33,67.216677
-626.30176,11,67.216737
1778.6013,60,67.241044
204.16153,6,67.260157
364.42603,17,67.279755
523.98193,31,67.312618
391.22543,8,67.312703
-109.663994,8,67.312728
327.10104,7,67.31274
503.42798,11,67.326654
161.92099,2,67.342025
-447.41562,4,67.342154
192.56795,3,67.391466
189.97614,4,67.391569
317.94568,6,67.413331
139.60657,28,67.433677
301.36285,13,67.466924
480.71017,17,67.467039
-42.016663,3,67.494712
292.03275,5,67.515986
522.7991,12,67.537994
151.50195,11,67.560351
2511.4233,63,67.607879
1551.3613,39,67.607947
207.66544,6,67.630746
695.62,26,67.630818
-15.091064,23,67.664381
1275.0457,23,67.694808
1683.1642,45,67.694898
187.25134,4,67.724767
-43.666054,10,67.724869
280.86734,8,67.724893
2902.675,78,67.778644
131.26213,2,67.819384
46.353672,2,67.861319
-904.59875,17,67.861421
-29.55338,2,67.891153
608.8779,27,67.920876
-44.412704,9,67.949782
-90.82656,7,67.983242
1758.4987,35,68.035141
160.41925,10,68.03525
192.36803,12,68.088155
204.94424,8,68.115279
-131.15997,18,68.115357
117.89288,10,68.208075
3566.9683,53,68.208132
3940.8787,96,68.257478
-356.11584,19,68.260089
-920.1048,2,68.298147
134.10574,3,68.374119
295.48972,4,68.417294
150.05276,3,68.417613
245.52312,9,68.417676
4084.3044,50,68.455064
636.36804,10,68.455457
24.235588,16,68.487992
94.81313,2,68.488045
-866.40686,3,68.510772
-31.75049,8,68.511568
-859.97644,6,68.574106
170.0399,3,68.574195
2821.4102,46,68.600914
450.40567,7,68.650067
462.67847,27,68.674294
182.66151,4,68.674633
1420.7878,45,68.722528
1430.5609,34,68.722731
-706.7664,8,68.754626
-32.41221,7,68.788913
1501.3075,28,68.789224
117.993416,3,68.821036
4042.0981,83,68.821126
70.65487,3,68.912304
329.13116,8,68.947676
116.69125,2,68.979674
873.4776,16,68.982174
3624.776,104,69.009269
-474.79828,8,69.010123
3178.8503,66,69.071321
994.54395,22,69.128435
157.9457,18,69.159638
-242.76062,12,69.193273
147.86188,4,69.193366
1265.2346,39,69.237619
258.0955,15,69.237719
175.63004,9,69.237737
3471.9648,59,69.260213
-903.82404,3,69.301855
-778.90485,3,69.301937
355.22278,8,69.331575
792.87445,13,69.363307
111.423325,3,69.419444
120.864334,2,69.419527
-859.69543,6,69.492498
2777.2173,56,69.561015
309.89822,4,69.561162
2092.833,66,69.561194
184.65991,5,69.637043
961.79614,11,69.63712
45.047005,4,69.664491
70.71057,2,69.664694
61.459457,4,69.768072
166.93523,3,69.768682
5876.1953,67,69.768773
98.94861,17,69.768787
1039.1885,30,69.768795
514.2838,13,69.812943
803.632,27,69.829452
1527.4076,20,69.908377
-391.58008,19,69.935447
-54.82303,4,69.935537
-728.79175,6,70.006971
135.66539,3,70.009447
1481.8776,61,70.043571
-24.821144,3,70.043743
1752.7407,32,70.074561
51.897034,3,70.11874
1319.0677,61,70.118827
-406.77722,11,70.118836
362.83673,10,70.16188
194.25421,5,70.161966
-119.02518,10,70.189792
325.0437,5,70.189873
-594.3414,31,70.21313
134.34567,5,70.21323
233.57666,6,70.213259
198.3118,4,70.21327
4374.3564,52,70.213277
2749.5093,50,70.255105
62.87697,3,70.255292
1935.2402,40,70.274332
1745.6791,49,70.274489
-72.57861,5,70.274564
150.98749,5,70.274595
-889.02466,18,70.294195
80.79448,10,70.307877
162.79645,3,70.330008
3746.5393,62,70.330136
-873.99744,3,70.330168
72.35953,2,70.362427
931.94604,10,70.383948
960.2509,23,70.384063
113.876434,3,70.42949
93.89896,9,70.433604
194.25583,6,70.433673
-975.7957,2,70.465722
-240.45691,16,70.473734
564.2467,8,70.499844
-955.0551,4,70.504216
5386.241,95,70.504301
-459.99957,21,70.52385
86.72035,2,70.523943
2140.6133,40,70.560107
932.48364,21,70.565794
1398.4065,41,70.586857
427.367,5,70.586927
631.68207,8,70.595926
104.24057,2,70.596022
693.95355,12,70.631665
124.14692,26,70.656636
138.44717,4,70.656715
77.81587,6,70.680262
211.03589,12,70.747223
280.48254,10,70.747299
3951.1353,51,70.789697
1510.1091,29,70.872122
1698.815,46,70.872217
2804.4277,44,70.872239
518.72955,12,70.906178
1289.5798,28,70.906259
-1195.6029,10,70.935488
1336.4697,35,70.946324
3398.8347,46,70.993927
2211.747,43,71.022718
1000.8983,15,71.04941
95.667404,2,71.049498
1813.3923,60,71.049516
1116.0529,25,71.07941
3870.7307,46,71.079452
222.0064,8,71.079461
-858.49475,6,71.091723
307.45963,10,71.119163
266.59625,3,71.146613
-1391.0403,5,71.175618
4340.5776,54,71.196953
978.28345,15,71.197023
432.17493,16,71.226132
3079.5535,48,71.226264
41.496994,2,71.265182
128.39865,6,71.265337
-1214.9847,13,71.26538
1729.0718,28,71.265389
1094.4319,29,71.265397
-236.58733,9,71.285444
130.6093,11,71.321823
169.10857,11,71.337652
1381.4033,25,71.33772
103.476234,6,71.3953
6036.3525,113,71.426757
-1021.1642,4,71.426823
-795.08966,5,71.443568
512.04675,11,71.443634
139.45346,2,71.462369
619.04663,11,71.485092
661.3753,41,71.548616
279.33255,5,71.548763
168.31992,14,71.548925
3414.453,90,71.57419
3809.6248,52,71.57474
-939.0779,2,71.659258
-726.7291,6,71.736835
995.01996,11,71.960241
55.692436,9,71.960351
2023.8066,36,71.978567
950.78375,23,71.978703
3.703041,5,71.978739
189.05763,3,72.037442
2942.1216,82,72.061944
984.299,15,72.070534
1896.9651,32,72.085882
408.51962,8,72.085972
720.7103,29,72.115148
807.07935,27,72.115307
675.9351,13,72.136091
146.88438,2,72.136162
146.52359,3,72.142672
94.87565,10,72.160545
418.19342,11,72.160682
237.11934,2,72.160718
924.1565,38,72.160728
3304.4146,91,72.178275
-32.6859,4,72.21337
-536.88586,18,72.213435
411.29114,7,72.213446
169.87463,2,72.238113
393.41257,5,72.274588
148.90399,14,72.274685
-912.79376,4,72.312454
2226.1606,36,72.332722
72.78421,5,72.33319
1466.8788,22,72.429753
-328.01605,28,72.446348
1285.1483,40,72.473066
593.6104,16,72.510878
297.54462,5,72.511475
172.07822,12,72.51152
803.5365,17,72.533062
3435.9023,52,72.558684
1152.6093,18,72.558851
-1303.1063,25,72.580973
179.45401,3,72.581107
1524.0988,48,72.581193
192.50586,27,72.607643
-39.08972,17,72.614005
96.81391,7,72.614069
-1052.865,3,72.621615
150.11674,3,72.621762
127.80994,5,72.637832
1088.6555,26,72.637912
336.1766,8,72.661491
204.77922,7,72.661582
208.26915,5,72.665811
-242.27441,13,72.677269
169.90738,4,72.677328
209.26385,3,72.728803
1023.26044,16,72.732561
707.4873,13,72.732724
-403.25848,12,72.808831
1499.7057,31,72.809106
107.65523,2,72.91108
-452.75452,13,72.948118
90.87213,4,72.948192
686.2621,34,72.960261
343.2091,11,72.960328
65.753624,6,72.987917
-9.55704,2,72.987985
2383.0327,68,72.988001
849.88934,33,72.991064
5960.256,70,73.009403
439.4626,16,73.009535
54.975327,4,73.009554
-1.256062,3,73.072643
162.33115,3,73.072748
167.89502,3,73.092801
-16.93606,2,73.11761
-870.5694,3,73.117731
1000.88574,25,73.131605
1239.208,22,73.131745
2515.2876,48,73.131784
3487.4783,60,73.152002
441.391,10,73.152133
755.0761,39,73.152158
100.962204,2,73.162154
-691.1396,5,73.162237
-470.18558,14,73.172467
278.99567,4,73.172565
-1059.3212,7,73.184113
125.39881,9,73.184275
373.92172,6,73.184304
-948.957,2,73.184314
1074.5825,21,73.184321
324.91397,5,73.189386
-902.5867,6,73.189469
123.85277,3,73.206513
341.51138,9,73.213748
350.388,7,73.221268
2840.6199,77,73.231514
126.1651,19,73.247116
-1259.4446,11,73.25122
1607.1034,39,73.251285
2648.7358,40,73.255217
1722.4872,31,73.260126
3088.8037,64,73.267249
137.11143,8,73.283059
321.95245,5,73.283149
-942.16394,8,73.301858
58.89247,2,73.323724
690.2079,19,73.324183
3536.964,61,73.324222
-48.437447,4,73.324234
104.20596,3,73.334126
750.35675,18,73.429182
-698.776,7,73.429261
109.92761,22,73.42928
-26.10637,4,73.455751
583.0173,21,73.455811
73.53757,2,73.455825
988.12854,32,73.45583
357.288,7,73.455835
171.61472,3,73.475095
-27.336708,4,73.48258
-171.38684,25,73.482654
587.54224,24,73.482671
126.980896,4,73.482678
1114.8768,29,73.482684
454.19128,29,73.504924
1320.6228,25,73.514004
-812.16675,11,73.514089
481.93094,12,73.517637
260.7803,6,73.521883
263.0826,5,73.521944
298.7348,5,73.526878
-155.7345,20,73.526944
131.95581,6,73.526966
937.8046,15,73.552544
247.72119,3,73.552605
-629.48785,4,73.556004
140.00613,2,73.55916
3794.4016,54,73.562623
260.9076,4,73.58443
55.210632,11,73.587794
409.20972,17,73.595517
4490.743,47,73.595605
-918.456,17,73.595623
-413.8576,6,73.595633
135.53577,4,73.60942
1200.8202,14,73.609485
3246.7122,59,73.614045
218.32368,15,73.614104
269.0323,5,73.620748
2316.913,37,73.624021
108.27994,4,73.624099
803.70404,24,73.640444
1524.5643,28,73.640532
-930.1168,2,73.672345
763.10394,22,73.672507
-742.63257,4,73.685354
239.61232,6,73.685448
1321.9832,35,73.685462
1530.0997,34,73.703362
187.81805,6,73.731479
155.09016,19,73.739633
299.26178,18,73.743062
252.76491,5,73.753471
544.848,24,73.753553
716.77124,10,73.773148
3945.2932,98,73.77324
83.78819,3,73.779064
-2.6780243,3,73.801652
402.2685,14,73.807498
2813.9348,44,73.807556
26.943626,3,73.810503
327.61246,11,73.813719
237.77563,4,73.827195
65.165436,2,73.827291
-18.753706,5,73.848242
603.6282,17,73.852051
600.20685,9,73.860348
1577.6467,43,73.860426
738.4407,26,73.875468
5070.838,59,73.880583
16.51108,2,73.890568
161.20457,5,73.890655
53.217026,4,73.899521
-121.14096,10,73.909454
228.26477,4,73.929696
640.0233,30,73.93522
239.69287,24,73.935312
1460.7922,38,73.939524
222.9001,21,73.939589
668.26337,9,73.948026
2785.5056,39,73.957746
-1020.8343,7,73.957842
4002.0706,43,73.969284
189.63144,3,73.96936
2286.1482,45,73.994088
154.59558,5,74.00276
194.14415,7,74.002807
3626.8765,71,74.002819
202.68282,4,74.002824
133.24146,2,74.010641
1208.8644,15,74.029364
2417.35,34,74.029468
120.91212,2,74.045634
18.293678,3,74.054907
1041.3916,19,74.080272
528.83514,6,74.080356
2526.0208,47,74.084205
-0.36930847,3,74.089808
121.22159,6,74.093332
537.43884,12,74.093396
691.0936,20,74.093412
3442.563,43,74.107615
491.92618,8,74.120527
519.6061,9,74.134291
-984.60596,6,74.134365
129.95119,4,74.134382
-946.2541,8,74.143038
2400.0425,58,74.143126
1937.384,38,74.155558
265.47607,10,74.173246
935.35626,33,74.176519
-44.46289,26,74.179885
14.213285,2,74.192405
148.65503,15,74.202484
252.14296,7,74.202554
85.819275,11,74.20257
5371.7607,74,74.202577
34.151463,2,74.209177
546.48193,10,74.209245
158.58696,4,74.213322
5256.8574,71,74.213396
274.76752,12,74.213414
401.3256,4,74.2173
360.1848,13,74.217366
101.916855,3,74.221243
369.64893,15,74.225592
85.833664,3,74.225675
1818.1808,33,74.225696
4869.8423,95,74.246734
297.36145,5,74.250446
179.53455,5,74.254935
107.44376,4,74.258773
188.09009,3,74.263234
6061.813,122,74.263328
137.579,2,74.273051
-564.06946,9,74.273152
2334.469,44,74.283182
443.65942,46,74.283286
2576.5093,50,74.291083
121.01538,2,74.29118
60.224945,2,74.309817
106.82363,9,74.309896
1760.991,38,74.314603
399.80746,5,74.314683
181.09195,3,74.319664
108.860916,2,74.31973
185.75764,2,74.33479
446.88324,15,74.334856
95.50664,2,74.342752
-263.61658,5,74.342838
1574.077,29,74.342874
1070.2245,14,74.342882
202.00851,3,74.346691
282.86893,9,74.359391
1134.7931,23,74.359492
1249.0278,28,74.373734
455.83643,10,74.377339
256.45807,11,74.391522
-755.6771,5,74.391607
796.71967,14,74.391629
322.5512,6,74.413733
277.24054,8,74.413817
4189.7437,76,74.413841
25.410938,2,74.413851
3234.474,58,74.439649
-878.58185,2,74.439722
352.40576,8,74.439743
137.08165,4,74.439767
597.495,64,74.455801
609.0552,12,74.460671
62.402046,2,74.461036
79.38618,5,74.472486
140.49207,3,74.472548
641.455,11,74.484637
120.73577,3,74.484728
-371.20917,3,74.492923
1730.8798,38,74.496763
4010.8599,44,74.509757
289.12222,10,74.509823
437.85126,5,74.50984
2079.299,37,74.509849
3785.208,75,74.523676
129.68404,4,74.544628
586.9226,7,74.565721
739.02515,15,74.565794
550.3,9,74.569189
1487.9763,34,74.572152
-898.0862,3,74.575377
347.37436,17,74.579138
-1109.0267,16,74.579195
-1069.2351,2,74.592917
1295.4648,43,74.592967
306.89227,11,74.606462
3628.6548,39,74.606545
166.59491,20,74.610348
655.3276,19,74.616122
215.74603,3,74.616197
128.5075,4,74.616219
17.368607,3,74.620534
47.50521,2,74.620604
247.15578,7,74.639811
1177.0955,15,74.643211
1304.3242,20,74.651664
121.345345,3,74.666691
-297.50803,14,74.666773
-617.01337,12,74.68746
1362.2201,26,74.687547
1610.0691,57,74.687559
75.219955,2,74.699484
-37.671677,4,74.69955
516.66327,12,74.71013
21.34534,7,74.724108
2497.7136,49,74.724188
4105.498,57,74.72421
-1058.787,8,74.742934
214.39558,6,74.756206
136.53549,5,74.760376
159.41797,4,74.770719
1443.5575,29,74.790586
79.33507,2,74.790638
392.7616,23,74.79946
1933.7131,52,74.812829
-889.70404,3,74.823848
718.20483,15,74.823927
1500.004,39,74.837545
176.8262,4,74.837651
481.66455,34,74.837669
278.0283,25,74.837677
-445.63892,13,74.850773
387.48154,5,74.872731
1720.6967,33,74.872826
1168.0284,30,74.887633
136.28189,30,74.887704
-322.7321,6,74.891447
507.47562,7,74.895172
-638.40753,6,74.895216
794.3511,10,74.909505
1028.8289,22,74.912798
235.41922,5,74.917372
199.38855,7,74.94085
1432.2495,51,74.943744
277.95404,8,74.9473
2425.9075,55,74.959387
792.9808,17,74.965107
155.4505,6,74.98651
-409.82257,3,74.986582
799.0189,20,74.992266
824.90454,23,75.003827
81.27928,2,75.003955
-603.3773,8,75.024786
3074.2893,38,75.024847
3219.1995,83,75.028255
374.03143,8,75.032605
-25.79585,2,75.036772
1217.2106,79,75.036811
-565.0284,14,75.036821
735.2957,16,75.036827
963.9193,29,75.063904
910.6842,52,75.069497
120.67051,2,75.069553
-1026.0132,2,75.069567
-979.3139,3,75.072922
-1042.3672,3,75.077113
738.4355,26,75.077176
1710.1041,45,75.080753
2488.6829,42,75.091916
45.993202,5,75.107359
-902.0633,2,75.114285
1941.7506,30,75.11832
2688.414,56,75.121839
322.92114,8,75.121883
2409.495,37,75.12624
702.2208,16,75.126329
905.2536,38,75.126348
-237.61127,13,75.126354
535.6501,11,75.12636
19.9622,4,75.139971
-582.917,17,75.140068
165.4896,3,75.16168
-18.418236,4,75.161776
2953.769,37,75.169552
267.0962,4,75.182804
6145.8003,103,75.182871
1493.0204,25,75.190312
896.3429,17,75.19688
356.94775,5,75.208632
2323.8057,33,75.222903
220.82986,6,75.222978
-90.36005,12,75.234499
88.76365,4,75.241624
302.42905,15,75.241688
854.9883,16,75.241698
219.83809,9,75.270497
-73.877846,19,75.27443
881.94214,25,75.274482
-9.612729,2,75.278765
-23.630606,2,75.296026
101.786766,7,75.29611
94.59593,7,75.296131
1438.3616,20,75.309231
806.9105,19,75.309307
286.34787,3,75.331914
239.35684,3,75.332006
695.9773,20,75.347769
277.21225,6,75.358424
278.0159,10,75.361673
4136.814,40,75.368857
2602.0024,45,75.3689
-632.80524,12,75.368908
-774.4558,3,75.377077
1185.0566,17,75.37715
83.41208,5,75.377166
1856.4784,51,75.391251
1166.7275,34,75.408949
1112.6716,21,75.409014
105.85016,2,75.409026
1561.1617,32,75.425831
287.80783,4,75.425904
36.9161,4,75.446641
273.98856,3,75.462941
-359.6018,12,75.463014
-415.73022,4,75.473625
-900.5907,5,75.473696
82.88897,7,75.473711
140.24811,2,75.478436
1896.1152,28,75.478496
45.755226,2,75.490414
324.54037,9,75.49047
3.865075,2,75.504806
4.34568,5,75.504901
2265.1638,42,75.515141
367.5218,5,75.515197
3321.1765,77,75.529597
130.46887,2,75.529664
158.02362,5,75.52968
4912.397,82,75.536801
162.47363,4,75.536864
203.70576,9,75.53688
221.7059,2,75.540017
654.518,14,75.557948
133.99394,4,75.558019
569.2761,23,75.558042
94.3885,2,75.562768
30.81969,4,75.562856
-361.7907,9,75.579594
-709.84863,5,75.579726
-852.11444,13,75.579744
4260.288,50,75.579751
119.09888,3,75.591448
144.21707,6,75.597977
99.478836,22,75.598056
-928.6583,2,75.598078
160.12607,7,75.607607
423.21796,9,75.627292
138.733,5,75.627377
80.52753,4,75.631673
252.68105,8,75.631776
79.13325,21,75.639059
-20.078354,5,75.639102
95.11172,2,75.651286
-655.8441,4,75.656496
250.08635,4,75.656579
438.75568,16,75.656596
-1093.8059,7,75.663199
232.61111,3,75.663272
990.1212,20,75.663289
300.79828,10,75.663296
-565.57385,12,75.673488
33.333035,3,75.673563
390.92728,4,75.673579
68.74486,3,75.679004
90.05838,3,75.679093
142.37224,2,75.688336
237.83884,4,75.694545
82.46741,2,75.694665
256.0055,3,75.694691
-1056.4359,2,75.705084
3496.2996,112,75.705375
1047.519,17,75.705431
-563.8941,10,75.716335
51.532776,5,75.716408
2169.1455,75,75.716425
-13.301355,2,75.727202
456.27643,8,75.73654
116.96691,3,75.746855
175.89699,5,75.746926
-580.62036,6,75.750378
1852.9153,27,75.753747
122.900505,3,75.758032
-799.77875,7,75.758137
687.49884,23,75.758157
145.71405,2,75.758164
-9.930393,2,75.770432
245.90913,4,75.781203
835.32965,12,75.791101
356.14526,5,75.808142
123.849174,2,75.808226
412.11716,18,75.812242
799.2709,12,75.816956
4920.37,55,75.820565
253.7305,9,75.825025
838.78253,12,75.825125
148.63483,2,75.832032
632.34705,16,75.832122
1050.6289,31,75.841141
-165.72864,5,75.841195
4049.8086,59,75.865627
60.132,3,75.86571
241.76265,4,75.889271
1281.9846,26,75.894012
-535.58417,7,75.894081
1756.1648,31,75.902362
52.00102,2,75.902434
805.6668,26,75.906051
2298.3806,50,75.918317
955.1517,16,75.922052
284.53656,12,75.926307
314.6529,8,75.92639
1309.8214,35,75.931174
142.73654,2,75.931269
686.72485,18,75.931293
5951.132,104,75.931304
1541.9187,31,75.958647
798.6425,24,75.962958
2371.698,48,75.963
41.674232,16,75.963012
885.90454,20,75.982274
111.05792,3,76.013813
477.62222,11,76.025448
235.4074,7,76.025567
-164.98479,10,76.054175
2573.6716,38,76.059685
1332.2977,20,76.059748
409.63193,14,76.074291
400.92072,7,76.079676
49.258606,3,76.079732
-160.67267,19,76.079744
-508.34894,17,76.079753
989.45544,12,76.079759
89.048965,5,76.107988
769.97595,13,76.108059
1286.4131,22,76.111903
-789.90643,3,76.111937
-572.68604,4,76.128851
-281.0827,11,76.128908
261.08524,6,76.142207
562.86005,16,76.155849
114.93898,3,76.159828
1071.3339,23,76.163945
299.6156,3,76.164096
445.1563,10,76.196278
166.22157,3,76.196346
304.46332,11,76.206663
217.73448,8,76.210568
2659.292,41,76.309031
2252.9805,35,76.309118
97.599335,3,76.309138
241.12115,6,76.315432
72.91277,2,76.315504
534.292,9,76.330129
1023.88306,26,76.330208
870.0867,37,76.348041
574.2903,25,76.360248
-1063.3296,15,76.372277
69.832184,4,76.37684
1539.7699,34,76.396059
38.531513,3,76.412821
47.86309,2,76.412914
2866.5457,61,76.428707
190.66063,3,76.432315
3577.6907,39,76.432372
962.3364,24,76.435574
242.66533,13,76.438871
2059.853,86,76.441903
132.47978,5,76.45977
920.6427,13,76.463647
4902.148,65,76.468367
1253.5378,29,76.468423
189.12152,6,76.475107
2042.5088,39,76.488751
166.43964,4,76.505828
1065.8433,21,76.522276
198.2683,6,76.522347
214.64096,2,76.525708
1336.6256,23,76.544653
678.8226,26,76.544715
-116.1814,14,76.557575
902.2989,33,76.557634
1693.6234,41,76.5639
812.2032,23,76.581493
1279.2156,31,76.585427
262.22348,9,76.585505
-438.75616,4,76.597351
1312.7001,14,76.597443
3436.9856,38,76.612274
448.3166,11,76.619125
835.6112,40,76.633025
8.871452,3,76.636783
-53.6513,13,76.63683
165.702,3,76.641453
1261.2191,18,76.641522
97.43121,7,76.645211
4690.837,44,76.654881
1072.526,24,76.665607
1702.0695,34,76.665699
73.595436,2,76.678063
345.9992,4,76.678152
143.95921,8,76.693489
965.9454,22,76.699666
861.6531,17,76.70377
885.26074,18,76.708533
-1040.8187,8,76.708632
509.67517,10,76.708653
137.77237,16,76.712703
2568.8826,35,76.738815
7.1092334,10,76.74251
-786.48175,7,76.751742
-1265.4559,6,76.757729
-268.24103,15,76.76617
-4.0626755,7,76.782705
2050.2417,64,76.782795
6344.222,173,76.798758
3049.6235,51,76.811932
-947.8197,2,76.815568
-894.03766,6,76.847885
1469.7743,26,76.847982
1067.1757,45,76.864513
-1023.99457,3,76.873486
1453.7402,20,76.87354
-215.97476,4,76.893418
1866.3672,29,76.898969
786.4915,27,76.899462
3984.9092,79,76.907501
597.4747,15,76.918092
442.93402,7,76.933851
1332.9341,37,76.933914
4530.3125,52,76.945755
10.850525,4,76.945822
2274.191,37,76.971844
-504.3835,15,76.975341
-30.277416,5,76.979463
474.38675,9,76.996674
124.3757,2,77.026178
933.963,32,77.029245
3874.9868,74,77.039166
-366.52686,13,77.03924
6703.992,107,77.066638
1416.3876,32,77.076906
712.51245,26,77.076967
1056.0756,36,77.076991
902.9065,16,77.08079
-25.432758,10,77.104466
-290.4014,12,77.111156
1477.4066,19,77.111219
72.68107,2,77.138504
285.8923,9,77.141653
686.3339,18,77.145633
99.57112,3,77.149781
953.403,18,77.149891
-908.50275,2,77.153406
-68.18492,12,77.161447
381.8503,4,77.179284
325.17578,8,77.185849
1045.1224,37,77.185953
2895.8372,64,77.190057
2764.5276,103,77.190132
160.87029,4,77.194616
126.76184,2,77.194687
2883.322,41,77.208251
508.81076,9,77.221218
2635.748,54,77.221282
-789.6618,3,77.221297
86.91002,2,77.227345
339.58514,5,77.230586
1124.1741,42,77.230643
2891.8494,92,77.238069
-87.50238,25,77.238136
73.2638,2,77.242912
579.2667,10,77.247322
907.28796,24,77.261049
-769.1697,9,77.277249
-955.28815,4,77.280654
78.35919,6,77.296731
-1081.0409,7,77.296829
69.0845,2,77.296852
-39.043224,10,77.306761
57.193604,23,77.321325
-1038.407,6,77.321395
70.11752,3,77.348137
-838.3696,5,77.368372
-219.45831,14,77.375044
3045.1028,41,77.375127
-282.92236,5,77.375152
-787.08496,2,77.388177
93.80026,7,77.410594
3070.1877,64,77.410722
-429.45844,8,77.415691
-101.349884,11,77.420263
216.12105,8,77.420338
231.08073,3,77.423817
180.17426,2,77.433268
718.1292,14,77.452666
2852.7856,40,77.452736
153.44556,2,77.452761
207.01285,6,77.461662
5039.8125,69,77.461728
247.53421,27,77.461746
1863.3522,29,77.475726
164.32089,3,77.496673
4765.499,87,77.504414
-1020.4517,2,77.504485
84.36094,3,77.504502
-721.43,7,77.504511
223.84634,5,77.508412
-24.994677,2,77.521649
208.20798,7,77.528787
322.29355,4,77.528842
1140.2173,18,77.52887
236.35254,6,77.532832
521.74365,17,77.532914
143.36345,2,77.537094
97.122116,2,77.54654
7327.1826,105,77.554408
3842.7227,72,77.5545
79.83394,2,77.570291
719.06836,18,77.570355
181.88081,5,77.570371
106.27678,3,77.57399
-673.2276,5,77.574045
5223.857,61,77.57406
690.4648,12,77.578253
276.6245,8,77.578309
94.2026,4,77.594371
596.28723,24,77.594539
361.4611,4,77.598692
-24.14598,14,77.598739
1340.8032,20,77.607047
456.51422,5,77.616427
2749.618,55,77.635428
3000.8848,47,77.635517
236.02283,21,77.63554
7557.768,114,77.644676
42.840652,2,77.667979
2018.4343,46,77.678695
412.89243,14,77.678777
-674.9234,12,77.682999
-29.427624,7,77.702355
532.105,10,77.705775
114.66583,4,77.705818
2519.455,58,77.709133
118.69537,4,77.709259
128.61562,3,77.714647
549.5854,13,77.714731
-906.1291,3,77.731591
821.5602,13,77.731653
1403.2405,26,77.731668
1372.0559,18,77.731676
1236.8818,15,77.745774
119.98706,3,77.74583
-15.314117,10,77.74584
-636.6358,11,77.745847
360.2887,5,77.792436
405.5532,5,77.811251
90.76148,3,77.831061
1196.0156,24,77.831141
438.14526,15,77.831159
-1352.8387,3,77.834753
4001.9207,48,77.834803
455.55426,10,77.841194
376.76254,10,77.841228
-432.05426,15,77.85352
159.37532,27,77.863514
16.046509,8,77.863583
-137.80649,7,77.879465
408.6019,12,77.899024
117.83707,2,77.89909
4676.988,48,77.902706
65.10918,2,77.906942
1219.885,28,77.90702
2900.2795,38,77.914821
82.16151,2,77.914915
280.42334,8,77.921589
2481.2922,47,77.921655
78.053246,2,77.929736
64.303375,3,77.942254
504.98138,18,77.942309
-25.59021,5,77.958315
7.035801,3,77.961278
1658.249,27,77.970595
838.86896,20,77.970671
-945.7612,2,77.981981
-835.8347,8,77.982061
569.7776,16,77.982077
-646.6218,6,78.004495
356.94095,33,78.004546
810.12524,22,78.00456
4834.9565,50,78.013475
248.4776,5,78.01353
308.64853,7,78.043362
313.5959,5,78.05061
342.4198,5,78.05393
183.6417,7,78.057118
1112.6123,39,78.057167
6155.3545,73,78.060328
1509.6217,39,78.060401
184.14667,4,78.069863
-994.52844,11,78.080184
2033.3994,55,78.088692
152.44803,2,78.099369
371.95822,8,78.111446
223.57985,10,78.129046
1473.2723,34,78.129132
595.9126,10,78.133158
219.57146,3,78.14563
481.208,28,78.15092
1286.4648,30,78.150969
5245.9717,179,78.150984
3463.5667,53,78.173655
2539.1892,36,78.188469
-881.1373,3,78.201506
76.42592,11,78.213785
282.61884,5,78.245037
262.82068,19,78.245098
-562.57465,23,78.248306
1906.1986,35,78.278848
783.4951,11,78.28546
427.29996,5,78.285531
706.64954,21,78.288756
1460.9265,31,78.295818
2335.4536,59,78.296238
178.69223,2,78.310935
126.81909,17,78.328538
191.10606,6,78.333397
1448.7604,22,78.333472
3751.6465,70,78.33349
25.378174,16,78.337655
99.733154,2,78.337711
-10.969006,2,78.341248
240.41875,3,78.344944
88.18455,3,78.36701
107.08238,4,78.370248
104.342606,2,78.373432
1410.6655,45,78.373473
1249.4656,27,78.392287
-211.61218,7,78.395597
-621.23285,10,78.399745
669.70953,21,78.404123
1632.6156,57,78.404174
652.54285,6,78.404188
6241.5063,86,78.415743
479.1251,11,78.436067
-1026.8721,8,78.479338
2059.228,50,78.479395
-226.42972,7,78.479413
2842.0896,38,78.488072
193.98402,12,78.492662
1785.56,35,78.492702
-882.1421,3,78.506678
-939.31635,2,78.512706
-522.0469,15,78.53045
196.19519,6,78.530519
1106.6844,49,78.530537
1448.087,31,78.602
433.63165,8,78.664377
1428.893,25,78.72153
-833.1725,6,78.721603
303.2508,11,78.760201
1504.6957,18,78.760315
2271.017,54,78.795331
138.51393,3,78.849037
-750.39514,5,78.928583
404.92065,8,78.99162
5310.7637,84,79.046299
2831.2478,47,79.078474
99.20063,2,79.07858
2.9205475,14,79.083174
3801.9468,50,79.086149
-444.65955,7,79.089773
77.507,3,79.089826
127.72935,4,79.093547
74.16886,2,79.093639
101.867615,2,79.109358
511.83978,7,79.126923
150.70395,5,79.130413
74.28735,15,79.130468
1596.2805,66,79.145072
98.496666,2,79.145229
1993.267,31,79.148695
186.35735,4,79.148759
1533.0093,37,79.152103
108.38236,2,79.155776
524.52136,47,79.15582
515.41943,12,79.15986
288.73218,4,79.159917
786.3139,10,79.159934
-1068.8728,4,79.167885
134.6194,7,79.168052
99.609955,3,79.168091
1871.0227,43,79.173942
1145.8383,52,79.176769
237.97107,5,79.189891
2580.712,38,79.189947
399.44986,7,79.195187
329.74255,12,79.21525
1888.5774,32,79.215351
3920.208,43,79.215375
128.73291,9,79.223516
105.335815,37,79.223583
-404.23297,3,79.223599
132.47488,3,79.223607
-58.373943,6,79.227351
178.01593,2,79.227427
816.93805,11,79.230445
420.24377,63,79.234142
4897.0176,113,79.234211
2349.99,42,79.234227
411.95877,14,79.24577
2357.8943,78,79.245839
-728.33386,5,79.251621
171.40872,4,79.251688
2194.705,48,79.251705
5008.388,121,79.251714
377.96146,6,79.251721
176.34683,7,79.270218
-200.43628,17,79.270286
-1264.721,4,79.273248
122.10515,4,79.276
407.88144,6,79.279106
3405.6758,73,79.282017
338.82364,5,79.296898
431.79922,13,79.300167
-188.41466,3,79.305595
399.51895,14,79.308702
183.66856,15,79.320242
69.8006,3,79.33013
-677.60364,16,79.34258
-204.58948,16,79.356408
178.61606,12,79.356461
55.563934,5,79.359234
902.984,33,79.370778
1379.6948,23,79.370848
1059.4629,22,79.370864
46.493706,2,79.3778
71.79009,2,79.377859
-175.74063,5,79.39051
1028.6216,24,79.39059
-711.0813,24,79.390609
1251.5973,25,79.39564
781.02136,21,79.409171
60.99065,2,79.409242
6215.035,108,79.41313
-905.66003,3,79.413191
-164.38324,9,79.413206
75.13837,2,79.417562
820.1599,12,79.417637
542.41986,6,79.439798
-556.9485,8,79.439855
2022.4358,43,79.445506
-1093.5013,14,79.44555
1859.7228,39,85.183303
108.467285,3,85.183362
-261.26776,22,85.189674
351.5623,27,85.195499
-188.1405,4,85.195571
203.25061,3,85.195589
-671.1451,9,85.195596
431.17407,11,85.195603
-1155.8054,8,85.19561
247.91013,9,85.199784
-904.7162,4,85.199836
2417.5366,34,85.203085
2143.0723,43,85.203129
-862.9332,15,85.211701
0.081417084,7,85.216535
238.53351,6,85.2166
3120.4373,55,85.216616
-831.543,6,85.216624
1700.0789,31,85.219506
836.8227,14,85.222723
1914.3044,50,85.226866
730.554,18,85.226916
233.28287,25,85.226931
-40.057083,5,85.231927
310.7369,4,85.231983
1563.6598,24,85.231998
438.9068,8,85.232006
-14.803566,2,85.232012
-379.98712,10,85.235276
144.93924,2,85.246147
293.6983,10,85.246206
247.02972,3,85.249044
133.07916,2,85.252397
-710.53827,8,85.252453
140.55229,5,85.256869
4091.8328,76,85.25692
-1051.2386,5,85.256935
1218.803,49,85.256943
-130.70259,10,85.268257
48.119,2,85.268367
429.64594,10,85.268379
155.33127,6,85.268386
-923.499,4,85.268392
691.4452,15,85.268397
124.43097,3,85.268402
543.1983,8,85.272526
-915.8396,3,85.276358
220.88986,3,85.27989
303.82,4,85.279938
1505.096,64,85.287694
-926.0664,5,85.287744
720.4598,24,85.328036
263.90152,8,85.328111
2180.8545,33,85.328129
450.59747,10,85.335761
1704.8231,25,85.335826
72.640015,17,85.347575
-759.4906,7,85.347647
-909.58636,3,85.354159
139.68074,2,85.367901
-139.24878,4,85.371415
-50.847908,4,85.37147
218.87932,4,85.375889
314.2557,6,85.375951
1957.1394,23,85.375973
37.036728,4,85.380718
1124.968,17,85.380764
798.52625,14,85.380778
698.6128,14,85.384573
671.8559,16,85.384626
133.03172,3,85.389453
185.6127,5,85.397014
1016.85406,20,85.397077
-561.3412,10,85.415671
2405.6492,42,85.415727
80.19,2,85.415742
-554.9131,8,85.418755
183.08258,4,85.427217
756.27203,13,85.43429
-118.739075,22,85.439471
859.5065,17,85.439519
698.3345,17,85.442298
2885.191,32,85.444935
1447.3018,28,85.44787
1343.3201,28,85.44791
-337.55917,4,85.450539
-157.24585,18,85.45435
2245.2068,37,85.461862
3395.0051,45,85.500746
-92.791954,4,85.501049
725.7767,12,85.511703
347.95993,6,85.511762
431.4191,8,85.532555
2088.6746,49,85.532643
649.1041,16,85.532663
544.15405,10,85.555106
1067.3673,21,85.55518
208.68399,2,85.565351
21.1652,2,85.666069
261.24155,3,85.666136
1628.91,32,85.688956
89.5272,5,85.689044
884.45276,25,85.707862
3452.743,64,85.718002
133.66495,5,85.718075
106.71804,8,85.743562
2592.697,47,85.765691
503.5255,11,85.805751
3606.3687,68,85.838471
1461.8136,29,85.83852
1042.183,25,85.905674
-266.60205,10,85.922417
772.7682,12,85.922546
247.99704,8,85.968706
1033.0393,12,85.992252
-920.8823,4,86.003726
-39.92795,9,86.022634
68.37653,3,86.055456
2588.9006,34,86.062454
3442.9192,54,86.067479
-914.1687,3,86.067529
529.7866,22,86.067544
1024.5917,26,86.077543
1412.1979,53,86.08216
2891.6704,54,86.082207
-9.162567,2,86.082221
712.6271,14,86.087777
129.39957,3,86.08783
561.4712,15,86.087843
-295.08142,19,86.08785
492.32263,10,86.087857
106.22365,2,86.092382
-986.2307,2,86.092432
786.5562,15,86.109676
-116.13167,8,86.116287
1089.0261,45,86.116343
2840.3567,44,86.120257
433.21063,8,86.12388
-282.80618,5,86.126968
1218.741,23,86.132248
857.185,37,86.135953
639.63495,12,86.13601
19.939434,4,86.149261
3607.206,48,86.162708
2634.8162,68,86.162769
3831.778,40,86.16739
2114.7285,43,86.167479
195.43604,10,86.167497
306.6231,15,86.177226
-876.39374,2,86.177283
2034.6409,43,86.1773
584.5762,22,86.181183
113.849205,3,86.181235
-313.2124,12,86.186894
488.64233,11,86.186984
112.727295,17,86.187007
1253.7767,17,86.192398
144.6253,3,86.192464
288.34882,3,86.19563
104.984985,5,86.19945
179.72932,3,86.206491
114.40262,2,86.206545
223.01868,21,86.209522
124.24612,3,86.214812
622.9098,14,86.26711
312.74017,5,86.267163
340.57178,9,86.270393
1003.27765,14,86.274703
-25.627922,2,86.274751
1388.8492,20,86.274765
94.53141,3,86.28388
65.50224,3,86.283931
3062.7874,42,86.287198
87.058914,2,86.290494
1276.8134,45,86.294479
226.3888,3,86.298782
2397.0198,63,86.298842
2775.665,68,86.302094
1523.9,29,86.308589
1494.0986,29,86.320563
4804.1455,51,86.320615
-862.6815,8,86.320628
170.21817,7,86.325114
2522.9883,35,86.325176
136.18587,2,86.330045
1963.6266,58,86.330105
544.95,11,86.33576
2945.8088,42,86.341697
2490.4128,59,86.344686
95.073105,6,86.34924
1061.2551,15,86.349297
203.86488,4,86.349312
7084.8086,130,86.34932
2797.3677,60,86.353616
1129.5063,23,86.353681
138.64897,2,86.353697
352.365,20,86.3602
-999.81665,2,86.360273
50.210205,23,86.362996
19.106216,2,86.366612
397.65796,4,86.366669
221.68752,6,86.381379
91.739624,3,86.381441
563.58716,12,86.381458
-605.9258,18,86.381464
169.85692,10,86.388412
2350.1587,46,86.392587
904.92145,17,86.396817
1087.9434,19,86.403219
187.52031,12,86.407596
9.267141,11,86.418583
222.16064,9,86.418652
112.333115,2,86.42532
546.28485,13,86.425382
5044.2676,59,86.428487
177.73834,2,86.431369
3246.574,59,86.434506
803.1292,11,86.438642
-877.5086,2,86.438684
1151.0161,47,86.442788
2809.5244,87,86.442837
2438.6775,56,86.446039
123.63438,2,86.452173
971.6926,28,86.461229
1656.774,24,86.468371
255.70102,3,86.473098
770.8922,30,86.473181
73.14212,2,86.473207
261.53186,9,86.482034
693.55634,15,86.490209
48.12103,5,86.498499
1062.5717,28,86.498553
4711.386,61,86.498568
1024.767,31,86.498574
254.08173,14,86.502937
2895.6895,38,86.50301
694.2057,8,86.503022
568.6627,9,86.506816
-916.2058,5,86.510371
-401.1178,4,86.517764
848.2149,32,86.518058
153.2593,3,86.524619
5894.648,79,86.524684
2346.7734,51,86.524721
-1040.3668,2,86.528136
120.01116,2,86.53127
343.86597,4,86.53641
-388.44287,13,86.544795
783.3837,14,86.549078
-389.9624,12,86.549139
720.42377,15,86.555999
-667.9807,10,86.556062
203.75679,6,86.565131
1285.0454,43,86.565193
115.66836,4,86.569347
2226.0984,40,86.5694
167.79837,5,86.574366
226.85152,3,86.582858
1285.6646,38,86.585941
1688.8594,32,86.590894
349.05957,5,86.599979
440.87494,7,86.600038
3904.362,42,86.605831
2488.676,29,86.610866
-932.0678,7,86.610912
3055.3945,48,86.610926
1019.5529,22,86.610934
212.20723,3,86.616231
-832.8417,4,86.623503
-378.27148,14,86.627581
173.05579,3,86.634399
3282.9075,45,86.639442
5795.127,83,86.639508
-887.18567,8,86.639525
-38.270992,5,86.645562
173.17422,3,86.648397
280.64786,12,86.652305
1300.6902,29,86.655508
-960.5368,15,86.661098
125.565704,2,86.668827
4519.9966,47,86.668902
-622.5083,5,86.668925
109.1832,8,86.673295
320.80338,11,86.676946
262.90784,3,86.681057
573.73444,14,86.685961
343.7829,8,86.686023
663.55756,11,86.690017
-350.68433,4,86.69653
272.23706,34,86.696625
8.934813,3,86.700211
-701.245,8,86.700274
1986.5455,32,86.703771
2816.8765,43,86.707699
1972.3041,38,86.707746
-995.4771,3,86.711189
4704.18,72,86.711235
301.767,4,86.728395
692.4373,8,86.750779
-835.0182,5,86.753772
513.14087,7,86.766487
3378.3374,54,86.766625
4972.2764,97,86.766644
64.72622,2,86.775153
5336.706,98,86.790333
-630.7834,9,86.790424
105.836044,2,86.81288
2162.917,61,86.817067
-887.79486,9,86.827565
315.36542,4,86.833353
6596.765,101,86.833431
-0.072921276,3,86.83345
1528.2844,23,86.83755
-281.1639,10,86.847235
-1440.3099,10,86.854254
353.9143,8,86.854327
3704.6807,48,86.861042
363.1517,6,86.861111
-851.0134,8,86.877801
38.364952,3,86.882057
429.8762,51,86.885689
129.87953,4,86.89846
-172.79495,9,86.911112
-510.463,17,86.920465
-368.2298,3,86.920543
1723.8123,31,86.932678
1940.7211,35,86.932741
112.37689,3,86.938446
1866.5273,34,86.938491
309.37646,9,86.938501
-663.1171,14,86.944647
35.327866,3,86.952991
8.105125,6,86.973455
-15.950925,4,86.986776
1354.7305,31,86.997943
125.49597,2,87.002028
-123.47151,7,87.002103
720.5828,10,87.01396
185.62752,4,87.019203
5215.141,88,87.019234
679.373,12,87.019241
-70.16002,8,87.019246
351.57132,8,87.031322
2546.6987,41,87.031402
793.06696,13,87.041985
360.51437,7,87.053792
168.55383,4,87.053844
1190.807,28,87.069407
878.1959,23,87.083396
3851.3225,44,87.083472
166.0814,3,87.102859
305.98724,9,87.102922
136.71559,2,87.102937
2580.7039,64,87.112101
1654.1134,25,87.118019
-218.42888,3,87.118082
1177.4343,35,87.121378
1336.7535,30,87.121484
193.12585,3,87.151636
-12.819176,5,87.15169
924.94214,14,87.151705
742.29114,12,87.166979
460.9459,13,87.167128
3473.0935,40,87.182689
-214.01591,5,87.182755
297.6473,5,87.182785
203.40495,4,87.193177
1017.26434,16,87.19324
4047.9065,113,87.193257
4609.376,62,87.193265
-50.781822,10,87.196779
145.81714,3,87.203077
1172.2045,25,87.212618
251.39005,3,87.215263
162.6699,8,87.218234
436.01822,7,87.218271
88.81216,3,87.220905
639.2229,21,87.225702
165.66685,14,87.249594
540.2807,8,87.24964
3690.7102,97,87.252237
116.46051,2,87.258861
3613.7312,67,87.261539
1532.4207,24,87.266806
146.06468,4,87.266844
100.97379,11,87.266855
4673.2188,52,87.281121
2815.8481,41,87.284342
463.98834,9,87.287608
114.545074,17,87.287651
112.67568,4,87.287663
-275.23224,16,87.287669
1738.6437,33,87.290561
1643.0303,49,87.293495
393.02606,26,87.293541
1775.7148,29,87.299065
320.39587,5,87.311445
1083.4785,24,87.322396
1486.9897,31,87.322461
-224.6378,6,87.32843
-53.843513,14,87.328473
261.1947,4,87.331063
390.53815,19,87.348737
78.11266,6,87.348784
-169.6808,13,87.354055
2121.2512,53,87.357609
53.144844,3,87.357652
-104.938545,8,87.360908
-37.825897,12,87.382211
245.0082,15,87.382295
-1190.9058,26,87.389405
338.7268,10,87.389483
5032.453,55,87.393443
1067.7681,27,87.400434
4545.2314,70,87.40369
85.58891,4,87.403721
102.86446,2,87.416028
-319.18182,13,87.420063
487.40192,14,87.420129
92.96119,2,87.431125
249.12486,4,87.431176
71.07012,2,87.436256
2241.994,37,87.44327
4503.059,58,87.446125
73.06825,2,87.451451
405.0587,36,87.45149
1222.6445,16,87.454316
-711.0846,4,87.454362
-822.43695,8,87.470107
214.95561,12,87.498972
368.88312,25,87.499065
182.0183,6,87.510951
2543.4705,29,87.53815
404.07227,5,87.538209
-220.6726,20,87.547643
1869.5051,38,87.547702
545.93005,9,87.551063
-916.8453,2,87.551113
3283.273,49,87.565688
-1226.1086,5,87.565733
3742.1277,47,87.565746
847.516,17,87.571503
469.7169,12,87.586693
140.60333,7,87.586727
-1110.4458,22,87.596967
605.93896,10,87.602962
284.2459,8,87.603036
3592.9187,98,87.613791
675.70654,15,87.613849
2262.0112,36,87.617171
5534.5996,63,87.61722
3592.346,64,87.620309
293.04684,5,87.62036
1210.544,42,87.620373
788.6916,23,87.623286
193.77194,2,87.628412
4308.3223,110,87.632037
6074.209,98,87.632126
247.31282,8,87.651014
2434.4531,50,87.653943
6567.7793,134,87.665936
706.0217,37,87.66599
107.60751,17,87.668544
847.4304,53,87.678998
172.46333,6,87.679053
239.6993,5,87.687158
579.12524,12,87.690124
95.120674,5,87.693622
659.84375,23,87.693664
-185.53284,22,87.698514
807.7031,20,87.701075
-565.7051,21,87.703671
1916.4604,39,87.713254
163.99478,3,87.713309
79.85942,6,87.716336
-6.2388964,2,87.716385
12.18586,3,87.722549
2007.582,50,87.725842
1798.6824,45,87.725883
6936.9067,92,87.728765
-960.1989,2,87.732079
1036.3079,29,87.732124
536.0298,18,87.732135
1924.089,32,87.735068
116.3952,4,87.740876
72.95711,3,87.740928
490.5067,9,87.740942
1177.3306,20,87.740948
293.21283,4,87.743616
207.70935,3,87.748952
-217.96913,3,87.748996
178.23589,3,87.749007
181.29367,12,87.752134
1519.2236,35,87.75218
1825.1509,28,87.752192
3975.5088,37,87.756639
-906.4102,3,87.759441
477.4308,22,87.762957
512.12726,10,87.762993
-860.5571,5,87.765675
-999.28577,2,87.76895
1194.3623,17,87.76901
129.87727,4,87.774031
174.12018,3,87.777967
950.16504,13,87.778002
2571.8787,39,87.791052
299.58206,5,87.79109
3064.2307,56,87.791099
71.59862,4,87.794121
301.05743,13,87.794168
1392.4167,34,87.799522
56.265038,5,87.79956
135.88393,3,87.802879
1647.0339,30,87.802911
676.50885,13,87.812922
3250.7698,50,87.812986
-47.71262,5,87.813003
2169.6,45,87.813012
190.31514,3,87.816245
178.04605,2,87.820178
-364.52747,8,87.820223
352.79773,14,87.820235
380.9813,11,87.831139
-915.8195,3,87.831181
172.04439,4,87.831195
154.42387,11,87.837178
309.03683,3,87.837245
367.10403,4,87.84765
61.82728,4,87.851531
135.24573,7,87.851578
1421.2631,29,87.851597
224.75903,4,87.851603
446.61014,7,87.854243
108.72851,2,87.857312
-17.893534,2,87.863072
2540.5166,91,87.86313
158.45781,11,87.863142
246.93484,4,87.863146
637.1112,10,87.866415
264.078,7,87.866461
-670.0252,5,87.869682
-762.0149,3,87.881669
590.7141,8,87.881715
393.73203,6,87.886874
917.69366,12,87.898597
1256.4829,26,87.903818
1755.5071,37,87.903847
-41.368553,9,87.903855
1472.5385,36,87.92811
457.04175,14,87.934691
313.20526,6,87.935002
1395.7406,29,87.935032
2042.5815,59,87.938267
1401.6532,33,87.944201
1872.0021,34,87.954742
386.95248,14,88.004
1160.614,58,88.004088
430.5683,11,88.007605
950.5225,27,88.012985
630.9413,16,88.017254
1014.9719,22,88.017311
1079.5658,34,88.017327
-925.4612,3,88.017333
1030.1493,18,88.017339
603.14984,24,88.017347
84.18417,2,88.021205
151.89696,2,88.02838
-294.76184,16,88.028437
988.364,27,88.032391
610.9688,16,88.032454
321.44064,5,88.03926
-97.28247,4,88.113481
963.1315,32,88.113526
763.2694,20,88.113538
174.82307,4,88.116795
309.07312,25,88.116836
327.7858,6,88.120364
834.345,19,88.120404
484.21664,9,88.132922
2856.3232,64,88.138396
587.80884,12,88.141213
244.05501,5,88.143968
-789.6667,21,88.148035
838.6876,12,88.151236
135.64168,3,88.151285
631.33307,12,88.166298
1018.2975,23,88.170308
147.16954,4,88.170357
855.38184,13,88.170371
889.08685,19,88.170378
1640.7019,47,88.170383
1332.6586,24,88.174253
979.67303,20,88.174301
935.1805,53,88.174313
408.87814,8,88.177361
-950.6333,3,88.181574
-710.9998,4,88.184647
672.9675,15,88.184696
-582.57196,5,88.195715
1060.282,25,88.199794
175.91391,3,88.205224
384.90945,11,88.208163
3629.529,98,88.219355
1555.0581,25,88.219414
75.09078,2,88.219429
134.93562,3,88.219436
190.55702,10,88.232255
1416.6305,20,88.235447
111.82652,4,88.238975
222.25586,27,88.242035
233.7189,6,88.244956
748.46313,14,88.245001
110.10426,5,88.257386
1058.8524,18,88.257549
2434.9307,78,88.257567
118.289894,3,88.269246
208.01921,4,88.269313
700.79315,11,88.277996
399.74115,24,88.280854
123.489265,4,88.2809
12.145691,3,88.286489
540.4638,26,88.28654
-694.20935,3,88.297098
2797.6133,82,88.297152
252.66205,9,88.300212
4598.6396,102,88.309404
221.43642,4,88.309482
-77.087326,17,88.313278
1429.4636,25,88.31333
85.704315,2,88.317077
445.9984,33,88.317157
-572.41626,10,88.320793
1.8449707,22,88.320843
-50.07209,9,88.324775
862.89606,19,88.331078
1834.815,36,88.33113
3593.116,50,88.333781
2890.5845,43,88.336373
-696.17847,7,88.344811
271.59393,6,88.344863
4754.5337,48,88.344877
1232.4551,22,88.349234
972.31464,13,88.34931
151.43704,3,88.349325
552.8683,10,88.352523
-159.68823,11,88.356273
226.93947,6,88.356328
39.65576,16,88.356343
308.4181,3,88.359826
290.02213,9,88.359869
23.575676,4,88.365482
-90.55619,13,88.369519
41.51944,4,88.369571
368.01538,10,88.369587
2995.948,62,88.381688
145.10007,2,88.384936
1055.7427,19,88.388316
-876.2488,2,88.388365
-852.12177,11,88.402865
-353.76154,8,88.402923
151.80475,7,88.414137
395.95248,10,88.414187
602.9996,13,88.417444
62.77893,5,88.417486
1784.2375,37,88.420206
2664.9607,54,88.442238
905.77264,12,88.448134
268.30255,4,88.448188
3144.6182,58,88.458301
-675.8419,4,88.473798
-856.8133,29,88.492353
1830.9282,43,88.497485
746.9361,10,88.500528
1104.5259,22,88.504703
667.6606,14,88.509008
1236.3239,23,88.512443
270.4286,6,88.512496
116.454926,4,88.515643
118.51326,2,88.515694
315.9282,7,88.51924
9.784996,2,88.519303
676.9017,9,88.519317
718.0095,24,88.526709
148.07773,12,88.526749
248.68729,4,88.526759
2132.9275,45,88.526766
1510.8549,19,88.529953
1316.6453,18,88.53
1803.6403,55,88.535679
368.7718,6,88.53572
2034.2739,36,88.544058
-929.3785,2,88.546949
5539.3,89,88.551064
1544.1273,37,88.551127
68.22399,2,88.551144
637.1146,15,88.554926
111.146286,7,88.55499
567.7168,9,88.566885
190.26042,3,88.570371
1501.3414,41,88.570401
4204.3076,42,88.580506
265.86896,6,88.58058
120.89599,5,88.580597
-201.7406,5,88.591419
302.59253,7,88.594218
44.759365,2,88.597206
782.44775,14,88.600344
1187.7214,15,88.600402
1378.766,18,88.603938
851.5421,18,88.603993
1015.34454,20,88.625283
738.84216,16,88.628815
306.22778,9,88.62887
630.43787,11,88.636284
941.10614,22,88.647652
140.71278,5,88.651443
234.99689,9,88.651492
239.68686,10,88.655197
1050.3455,14,88.655303
4174.711,46,88.655327
2038.7035,29,88.667564
1167.059,20,88.667622
284.78778,4,88.670842
144.61346,3,88.68022
-830.955,2,88.680282
668.03217,10,88.683227
154.65314,2,88.686653
-803.52075,6,88.686694
224.29181,3,88.686706
500.005,21,88.699593
856.6282,20,88.699658
172.5239,9,88.7058
109.696686,2,88.705848
242.13477,21,88.717498
324.78644,4,88.717621
257.69504,9,88.717642
331.17133,4,88.72087
4040.4817,56,88.720914
912.8884,23,88.743503
202.3999,3,88.743571
274.91724,8,88.746294
3512.8062,57,88.748902
40.404007,10,88.751698
125.00407,15,88.754626
4022.9973,53,88.754685
4102.232,61,88.757894
128.21887,5,88.757933
-792.24475,9,88.757944
524.5632,10,88.763152
169.94028,4,88.763198
322.65213,12,88.766797
-0.2246418,4,88.766846
261.6267,10,88.766862
92.44389,3,88.784341
855.32263,14,88.784406
120.3463,3,88.784423
817.44366,48,88.784431
770.1232,12,88.787872
100.432526,2,88.801584
330.35693,7,88.80449
-31.123466,3,88.814661
-969.089,2,88.814706
1322.875,31,88.817847
-204.827,7,88.8323
2267.7676,39,88.832363
995.7673,17,88.83238
284.3071,14,88.835646
273.57498,4,88.835687
168.40115,5,88.835699
1539.6141,29,88.83834
285.80792,3,88.841508
4461.361,64,88.841556
687.9569,25,88.846924
34.670197,3,88.849478
1579.0413,20,88.852354
-941.5985,4,88.852392
57.33557,21,88.855284
263.46213,7,88.855321
349.42004,9,88.867336
2385.1628,39,88.867401
421.13745,7,88.867419
-854.0106,20,88.87059
-936.18225,4,88.870633
3067.7358,57,88.873321
181.47586,2,88.879395
316.79523,4,88.879444
191.19115,4,88.882906
1137.8337,30,88.882954
-830.5723,6,88.882969
603.36273,7,88.888592
780.54065,15,88.888637
2268.119,53,88.888648
24.950516,10,88.892299
5588.18,56,88.892349
459.94122,9,88.892364
326.24765,3,88.897595
-201.97762,6,88.897636
941.8491,11,88.900543
1555.9637,23,88.900583
210.3327,7,88.903124
-746.62085,8,88.910866
815.75903,18,88.913678
500.92432,7,88.916336
-214.0774,20,88.934253
177.36938,10,88.93433
525.4304,11,88.934356
1527.6455,38,88.934367
2655.8535,54,88.937401
-832.04926,2,88.941127
521.7101,12,88.946459
-683.6368,11,88.95023
2660.846,39,88.950277
-335.602,10,88.950291
406.8606,9,88.950298
-815.31885,6,88.95398
1046.0297,40,88.954031
-9.411171,2,88.957243
352.1399,9,88.9774
1170.013,19,88.977491
1189.7368,12,88.977515
899.6933,25,88.98575
264.1628,9,88.985824
5089.369,52,88.985841
809.1422,20,88.991739
-189.1037,21,88.99471
171.82082,9,88.99475
854.79785,14,88.997352
495.83426,10,89.000776
242.38933,9,89.000819
4841.6636,43,89.000831
-822.9025,4,89.003629
-594.12256,8,89.015031
161.19882,3,89.018321
536.3204,9,89.018384
201.1203,2,89.02436
-765.1853,4,89.027045
-719.80896,14,89.032561
1630.6837,20,89.032618
-326.35516,6,89.036575
-48.7416,17,89.036637
4828.62,43,89.036654
468.75134,18,89.040144
1837.0385,35,89.04021
145.37505,2,89.043855
138.77441,14,89.043905
1947.6543,55,89.04773
-372.34576,13,89.047999
94.48049,5,89.051526
3567.7021,59,89.05157
-711.66077,5,89.051583
1376.2614,17,89.064464
372.1117,8,89.07185
286.1599,6,89.075889
61.154312,6,89.07594
313.07474,5,89.075955
320.9148,6,89.079724
54.11091,8,89.079774
263.52945,4,89.079788
2888.6167,48,89.082507
-447.28394,15,89.085149
257.15973,4,89.087671
2559.2988,38,89.095257
3571.3425,56,89.097945
478.8481,8,89.10115
147.14142,2,89.101195
-1134.1279,17,89.101208
128.30922,2,89.11307
97.22783,40,89.113129
515.6729,10,89.113143
580.36993,32,89.118971
-1070.5963,2,89.119027
569.3226,26,89.119041
599.6507,14,89.119047
76.38505,4,89.123991
-462.5884,8,89.127365
658.0051,12,89.127438
184.91605,3,89.127454
2438.361,38,89.130646
-982.22943,2,89.130686
342.6378,5,89.13351
1401.2723,25,89.133537
121.74094,2,89.136133
70.2001,4,89.139788
-331.90164,4,89.139837
52.20975,4,89.139851
88.2435,2,89.139859
2770.4102,50,89.139865
33.11734,2,89.145824
-893.78186,5,89.145867
42.55567,3,89.145879
42.485043,3,89.148506
130.95473,2,89.151746
159.57762,2,89.151785
764.19995,13,89.157651
93.368515,5,89.16063
891.747,19,89.163264
-1021.7355,2,89.167952
1920.3501,29,89.170496
987.5294,12,89.178237
631.30493,32,89.178292
3128.665,38,89.181364
5276.661,68,89.181389
2490.6204,45,89.19952
108.427086,2,89.205945
2063.9321,29,89.206018
2355.1387,64,89.206036
3730.7588,47,89.209211
148.99254,7,89.211936
598.7396,9,89.215012
3819.6743,41,89.21506
162.81697,6,89.229653
67.82405,20,89.229706
190.80275,3,89.229718
-1.3359604,4,89.229723
1604.896,25,89.233051
1421.5216,34,89.233101
373.56213,8,89.237065
13.006302,8,89.26002
1481.3573,25,89.260085
310.094,8,89.260101
318.43793,8,89.260106
1793.3167,28,89.260111
1306.1664,33,89.262848
1725.335,37,89.2684
1058.3938,17,89.268447
166.35307,4,89.271155
322.72778,5,89.273933
1790.8519,57,89.276573
107.095856,3,89.282402
568.1629,8,89.28264
104.45325,2,89.282672
2372.4204,31,89.287851
97.241264,2,89.287891
341.9434,8,89.291128
1614.5142,25,89.293793
26.838772,3,89.296963
116.978264,13,89.297029
1680.7518,38,89.311654
3449.394,49,89.314367
1196.7772,49,89.322214
4763.3877,94,89.322267
1677.5139,37,89.330098
-340.23962,14,89.333669
-271.99396,26,89.333699
446.38736,9,89.346811
1191.8572,21,89.346866
1770.6564,37,89.34688
6189.1025,80,89.352687
432.6383,21,89.352728
-347.3189,24,89.355893
136.87244,3,89.355966
1510.9824,22,89.359503
1070.8815,39,89.359564
322.08685,8,89.362477
87.315445,7,89.362523
413.2571,14,89.370083
274.34378,3,89.370129
-890.32623,5,89.386526
176.6896,7,89.386592
138.02194,2,89.386609
-909.6765,2,89.386616
3214.212,60,89.393597
196.66516,8,89.396912
479.2717,12,89.396961
88.93439,3,89.400156
208.64339,3,89.40021
-404.26068,12,89.403117
163.88235,4,89.409396
1929.1932,32,89.409451
492.51495,14,89.412893
119.94626,3,89.412938
5339.183,54,89.415669
1036.1389,44,89.41836
5589.113,56,89.421626
415.55267,20,89.421657
347.65417,8,89.433702
-42.500443,3,89.436774
292.89893,6,89.43682
294.71634,5,89.440501
133.98308,3,89.444656
4563.6914,75,89.444708
808.3762,15,89.448167
2589.2227,31,89.448211
683.75073,14,89.451212
532.5732,13,89.451258
1929.3575,44,89.454919
-678.7143,4,89.458771
-413.8168,11,89.458817
272.38287,13,89.494103
58.182205,4,89.494169
-971.25555,6,89.494186
-7.404731,2,89.494193
424.4855,6,89.497247
378.62915,4,89.501272
-394.72388,12,89.501337
99.41741,3,89.504095
-829.53845,3,89.512705
59.247707,3,89.51632
446.58795,33,89.516368
749.8906,13,89.516381
214.26306,3,89.519005
129.36902,3,89.522061
2956.5803,39,89.522085
711.5603,14,89.522093
235.2167,18,89.524728
164.70721,4,89.528214
-86.61438,12,89.52826
4648.2085,49,89.528272
899.1752,68,89.528277
365.6831,5,89.531011
4236.7144,110,89.536453
44.419884,5,89.546247
-62.034023,10,89.551419
-884.72736,7,89.555788
335.99945,10,89.555824
1968.5901,43,89.559692
-761.63806,5,89.570425
302.93784,9,89.570487
2525.5242,75,89.582645
955.46375,19,89.588732
354.46228,36,89.592505
342.98944,4,89.592566
-610.4016,7,89.592582
41.96218,3,89.592589
1228.3184,27,89.595552
324.25174,7,89.59559
3512.981,44,89.598185
2.709015,3,89.6012
458.20053,13,89.601234
106.94492,3,89.601245
1059.4011,26,89.603821
291.93057,3,89.612109
2835.1855,35,89.612176
569.2392,6,89.612195
2697.0984,47,89.616114
-887.7053,3,89.616146
1164.5608,21,89.616158
-546.77075,11,89.619336
388.25534,5,89.623123
446.73065,6,89.626933
188.26538,8,89.626994
319.9422,4,89.630448
118.29979,5,89.630505
213.09192,7,89.636162
-263.8011,25,89.636215
211.07178,4,89.63988
-503.52985,12,89.639923
-601.86786,9,89.643013
-949.29877,3,89.646215
282.0987,4,89.652024
1072.1002,30,89.652071
915.9495,23,89.656582
1824.104,24,89.656903
152.35828,2,89.661309
498.609,35,89.66487
91.818535,15,89.668735
1384.239,36,89.668783
-1142.0789,12,89.672566
-183.46727,22,89.672622
-1.0695648,8,89.676012
282.0311,16,89.676061
205.62637,3,89.679006
-114.81647,18,89.679053
4739.94,49,89.68677
3755.8958,50,89.69047
-90.93317,10,89.690519
822.33356,15,89.69451
3082.644,56,89.694574
52.84797,2,89.694589
100.142365,8,89.697742
58.472122,2,89.697794
364.6188,7,89.697806
-466.76636,12,89.701766
984.13196,14,89.701833
292.68423,8,89.704474
117.52332,3,89.715775
513.6566,11,89.715827
-63.64453,5,89.715839
250.6908,3,89.724588
597.8843,10,89.729973
-1723.2799,22,89.733259
1319.3907,30,89.733308
124.17745,7,89.745196
1224.5974,33,89.745259
1235.8121,13,89.745273
173.02956,8,89.749124
1341.9376,22,89.749181
86.48707,3,89.749209
547.3233,13,89.752451
-271.40033,7,89.75579
145.76443,4,89.759405
-57.71884,21,89.759452
4786.696,58,89.762141
1646.584,34,89.764934
-1640.6604,8,89.769757
247.63182,7,89.772854
1440.7756,41,89.772897
188.36523,21,89.776115
2597.9878,47,89.776161
3.358696,8,89.779817
1802.7654,40,89.77988
-401.94354,10,89.779899
1248.2744,22,89.783524
356.28406,5,89.78677
156.40825,2,89.786809
644.74365,9,89.786821
326.6412,15,89.790832
197.57495,2,89.795938
1185.079,39,89.805234
1303.9873,31,89.810866
590.7551,13,89.810914
2577.1597,34,89.814179
463.78098,12,89.817383
-761.4863,6,89.833868
1455.9412,26,89.840755
-199.13736,10,89.840806
1238.1191,30,89.840819
1621.4221,43,89.844082
601.9724,26,89.844131
439.06903,15,89.844145
1101.2122,73,89.847529
2957.14,31,89.847578
1502.4309,23,89.850228
637.1325,11,89.853079
365.28976,6,89.853125
76.71705,4,89.857097
-95.855385,3,89.85718
-787.93933,5,89.857204
1787.199,36,89.857211
852.4698,22,89.857219
408.58017,6,89.860732
-928.6406,2,89.860789
235.80017,27,89.863476
-412.0878,4,89.868436
-202.52301,10,89.870898
-1058.0325,7,89.945868
430.41364,8,89.949254
464.48706,11,89.949317
156.59677,4,89.949335
-851.07886,8,89.961803
1469.3638,31,89.96187
1742.8473,38,89.96189
55.49211,2,89.961898
14.172783,4,89.998507
94.00029,4,89.998612
-112.83188,49,90.004792
1414.0144,26,90.004822
2817.976,70,90.004829
44.438103,6,90.004834
2828.6287,40,90.007875
-702.0631,16,90.007923
1049.7305,22,90.013137
223.34554,4,90.016374
201.33803,3,90.016424
712.5711,14,90.016437
140.77141,7,90.01914
86.243225,3,90.021798
98.83049,2,90.026895
1088.5781,27,90.032074
1026.4178,25,90.035001
519.67554,11,90.035044
1886.885,56,90.046705
1000.31464,31,90.049729
1434.7734,22,90.049778
700.82263,9,90.052718
2158.0662,30,90.052756
997.10626,14,90.055901
3617.5984,57,90.055941
-752.9641,7,90.055953
-981.55597,2,90.066662
2966.141,39,90.069818
-978.958,4,90.069867
1080.187,58,90.072561
1177.8174,29,90.076368
505.63205,7,90.076437
131.86682,5,90.079909
-826.08276,4,90.083099
301.05966,7,90.086637
1450.5518,21,90.086688
213.7716,3,90.090571
179.61351,2,90.090628
218.23157,8,90.093564
1134.8312,30,90.096261
143.82738,3,90.099198
144.68405,3,90.099243
2197.833,37,90.103003
1515.2794,20,90.103062
149.81592,46,90.103083
446.28326,9,90.107318
-234.50273,15,90.107407
135.83823,2,90.111654
51.970623,2,90.111719
1263.6134,33,90.115094
454.50012,13,90.117842
-713.34753,4,90.120863
1485.5242,36,90.133619
1539.2402,34,90.139225
780.97076,11,90.142174
-5.879738,4,90.144907
233.67825,9,90.147603
192.09317,3,90.150293
-944.0995,3,90.153548
-833.2545,12,90.153587
575.5435,11,90.159666
1453.4381,28,90.15971
2136.2454,46,90.159722
-732.1293,4,90.159727
-885.6729,8,90.162871
241.2595,4,90.166229
751.26245,55,90.166267
133.40277,2,90.172504
1752.6565,32,90.177937
325.55893,8,90.177983
216.65442,3,90.180822
1245.1711,22,90.183806
348.544,9,90.18646
1341.4346,26,90.194239
552.1356,11,90.194305
-906.8551,5,90.194323
-740.233,11,90.194331
-780.65985,3,90.197745
1965.0381,47,90.197784
1982.4191,55,90.203825
-913.05457,2,90.203878
226.63821,2,90.2039
-807.58545,2,90.203908
556.1187,7,90.215361
519.4426,32,90.219471
-916.9098,2,90.219547
266.63324,5,90.226882
-852.65784,4,90.226938
791.9632,11,90.226955
46.476696,4,90.226961
419.61047,9,90.226967
3097.261,38,90.226973
-30.528147,8,90.232787
143.24368,2,90.232837
-334.9812,19,90.235494
1902.7766,37,90.238305
33.62655,9,90.23833
323.2746,5,90.247502
498.47388,9,90.247567
-41.27201,9,90.250483
296.51736,7,90.253108
2883.4836,43,90.256256
497.91653,8,90.256314
-35.464607,4,90.256326
-832.89166,4,90.259073
-927.8577,2,90.261862
65.96957,3,90.264982
1868.398,52,90.265027
1736.7122,58,90.268398
4510.886,50,90.268443
1323.9313,32,90.268455
437.839,5,90.26846
149.27261,3,90.284788
505.73175,11,90.284841
2891.0212,46,90.294836
-338.71338,19,90.29489
1846.0211,33,90.297968
-146.1109,7,90.301129
91.48024,3,90.304615
657.5593,12,90.304663
-773.0151,10,90.314229
888.00714,21,90.314281
-18.626526,10,90.317276
320.0758,7,90.317327
-308.0584,12,90.322861
1872.1139,21,90.322927
-841.5133,5,90.326694
-430.88937,7,90.330133
975.8407,17,90.33536
1782.745,24,90.350477
337.96378,12,90.350511
-97.60844,8,90.353348
-921.55444,3,90.360589
139.45963,4,90.360659
-976.1674,2,90.366321
227.26631,3,90.369194
4306.8867,71,90.36924
2.9930506,2,90.381913
219.78845,4,90.384936
50.170074,2,90.391978
4293.211,58,90.395412
4088.9658,44,90.398502
-529.98566,8,90.402315
3510.1895,44,90.405448
993.8795,24,90.416431
1408.5864,24,90.419466
72.13927,2,90.422632
2065.0854,37,90.422678
410.31335,18,90.425493
1361.068,29,90.428258
165.17831,3,90.431225
292.37537,7,90.431272
1986.8835,50,90.438218
1437.5645,29,90.442313
337.3962,3,90.442446
2879.1445,49,90.44872
113.16241,8,90.451983
-18.54948,3,90.452031
600.64453,14,90.452043
3415.1543,43,90.464581
2921.1565,50,90.47487
1147.0017,21,90.484165
-626.5568,15,90.484215
1477.4434,37,90.484229
1584.4775,36,90.484236
129.17831,2,90.489467
103.107796,2,90.489498
156.80272,8,90.492584
40.43172,3,90.492617
216.94713,5,90.499536
553.83966,17,90.499594
816.83887,14,90.49961
295.09003,5,90.510869
176.98341,4,90.51377
3042.7522,69,90.516459
102.17691,2,90.519064
63.88056,8,90.533832
497.24643,11,90.533883
946.49854,11,90.533897
691.1638,16,90.537221
206.96165,4,90.537283
-608.3727,9,90.537301
1454.1663,20,90.546615
102.410286,2,90.549822
1412.5728,21,90.549865
1334.128,26,90.555104
219.85782,6,90.558762
1495.8748,33,90.558812
414.868,6,90.558827
148.18263,4,90.569225
375.0611,5,90.569273
-849.19684,4,90.569286
1817.6514,21,90.571752
-222.24045,9,90.576514
2264.7583,42,90.576577
-866.4173,2,90.576594
-482.10205,16,90.581732
486.1642,9,90.584548
4106.1333,60,90.584586
1423.9866,36,90.589772
3078.9114,71,90.59357
2624.18,42,90.593618
96.8594,3,90.593632
497.95837,8,90.593638
277.9425,9,90.598928
-1011.70514,8,90.598976
2435.847,58,90.601818
112.01425,3,90.601858
1424.238,19,90.605091
141.89996,8,90.605153
109.77903,3,90.613635
264.6897,12,90.616941
340.75134,7,90.616988
-44.155533,6,90.617001
334.00528,4,90.619787
563.86743,7,90.625165
810.8191,26,90.625216
522.0349,10,90.628051
-523.3068,13,90.628098
196.3752,5,90.631021
2503.6372,77,90.631066
181.12427,6,90.634575
79.174385,2,90.634621
188.23291,6,90.634635
1265.9282,20,90.634641
-848.2887,2,90.637212
609.61206,10,90.646974
2421.8462,48,90.64704
8727.566,197,90.647057
-235.11319,4,90.647065
1893.4015,33,90.65089
265.87448,5,90.654079
42.428104,4,90.663876
-233.10541,12,90.663934
119.69766,4,90.679997
4411.325,92,90.680061
-754.7436,5,90.684089
382.49756,10,90.684144
1308.4563,25,90.684159
377.4937,5,90.684167
146.2646,3,90.687486
686.3396,12,90.696929
-1012.0598,2,90.69699
5900.8413,75,90.707558
224.822,6,90.707658
240.38892,5,90.707685
98.325165,4,90.711612
211.27977,8,90.711744
594.0843,13,90.71177
58.06923,2,90.714879
-691.8301,7,90.714918
78.647514,2,90.717766
181.79068,2,90.717803
74.2623,8,90.72363
-198.95934,11,90.723687
788.8495,17,90.723705
161.754,6,90.733209
-879.6236,4,90.73729
118.55699,2,90.737342
1912.2737,24,90.737358
1740.4154,47,90.737365
101.4739,2,90.756897
-1017.3247,14,90.756947
6.4413147,2,90.756959
1310.9326,32,90.765429
2129.1682,33,90.765476
-1111.6112,11,90.768012
369.9151,5,90.770574
41.51725,10,90.782211
-175.76965,16,90.785658
-473.80023,10,90.785697
1892.395,26,90.785708
602.8826,12,90.785715
3664.9456,67,90.794404
177.19072,4,90.798297
732.18524,21,90.798355
-704.6299,18,90.798371
37.099007,3,90.807769
61.350807,3,90.80785
-174.53076,16,90.811549
1429.5714,35,90.81161
365.0487,10,90.815177
-1017.9837,2,90.815236
139.37117,3,90.81868
773.32587,13,90.818729
88.52642,2,90.826367
44.753677,4,90.829358
198.89223,6,90.832302
1840.2336,30,90.83563
422.81345,6,90.835668
-624.7278,7,90.835687
-1.7711334,13,90.838843
589.8514,12,90.838871
2721.1199,42,90.849319
215.3774,17,90.84936
4521.7065,46,90.849372
-756.3605,4,90.855235
91.83652,2,90.855288
-696.4203,4,90.859136
-89.79032,6,90.859188
560.8815,49,90.8592
134.01834,2,90.861976
1703.7191,63,90.864747
638.2612,11,90.868236
-913.8657,4,90.8683
4739.9946,46,90.876435
352.0726,8,90.87649
140.81976,3,90.876504
242.94505,5,90.876511
479.77466,14,90.882692
3149.2202,39,90.882748
432.30768,12,90.882791
89.92525,2,90.882817
51.48806,6,90.888477
-40.346107,8,90.888518
-1012.6151,3,90.892166
2090.2656,35,90.892217
263.6326,6,90.89507
291.74692,6,90.895116
292.41238,5,90.897937
-155.77335,16,90.897981
1317.9292,34,90.90372
297.79434,5,90.903761
2093.908,39,90.903773
-26.621677,10,90.906579
-918.9805,3,90.906606
1353.8743,16,90.909545
538.423,9,90.909584
67.906555,2,90.912438
-871.3557,10,90.912483
426.07867,9,90.915662
3532.9417,47,90.91894
366.99808,4,90.922854
155.54913,6,90.922889
3608.0266,44,90.922901
-8.380432,8,90.929397
98.196625,2,90.92945
1711.0178,53,90.932206
908.243,35,90.937474
328.41025,8,90.93752
1668.7311,25,90.937531
1696.7996,29,90.944098
389.60098,7,90.947695
4399.184,48,90.950892
-572.72766,8,90.964916
302.5132,5,90.964999
221.52058,4,90.973882
1113.4899,21,90.978895
947.7114,22,90.98315
133.92253,3,90.986748
315.35724,6,90.986791
189.80774,11,90.986803
-39.932484,6,90.998002
176.73894,3,91.000942
989.118,14,91.008571
478.6265,16,91.011529
1093.4879,25,91.011569
1395.8296,33,91.016388
240.68634,8,91.019439
508.74585,11,91.019477
196.57121,3,91.019489
609.1765,11,91.02201
1913.1749,43,91.025183
249.66846,7,91.038288
344.69983,9,91.048568
432.73145,6,91.051405
7776.163,129,91.054679
553.4663,8,91.054723
175.41798,3,91.054735
77.1723,5,91.067687
-836.2836,7,91.06773
1777.21,23,91.07053
1809.57,36,91.073367
1710.0859,40,91.076932
3948.789,64,91.076979
53.114513,3,91.076991
673.17145,16,91.07958
65.440926,2,91.082288
378.276,6,91.085489
951.0487,18,91.085537
135.5963,6,91.092337
1701.7523,46,91.092393
248.04793,6,91.095052
150.67203,2,91.097659
143.60352,2,91.101627
2553.3477,53,91.101681
293.91852,8,91.101698
-302.00494,3,91.101707
2410.4124,57,91.101714
181.71347,7,91.109037
67.73159,3,91.109099
1476.701,54,91.109112
283.0619,10,91.112357
2519.581,54,91.115289
429.84158,4,91.115336
1578.7423,27,91.118152
82.528725,2,91.121214
-983.91675,4,91.121262
1251.4229,13,91.124528
-35.971535,8,91.127987
2787.4053,38,91.128035
-786.77704,5,91.128047
-706.932,8,91.128052
3225.3591,52,91.13387
266.18155,8,91.133919
93.46594,2,91.133934
-451.24304,3,91.137732
5128.5713,48,91.137779
1232.3638,46,91.137794
448.03867,11,91.137801
5558.458,58,91.137807
75.511116,5,91.15901
26.607216,8,91.165354
2006.237,34,91.165405
443.0244,9,91.168396
459.46698,12,91.17131
2919.1023,76,91.175589
207.78366,5,91.175641
-40.3881,11,91.175661
127.490906,2,91.179659
54.793694,2,91.182847
-9.279422,2,91.182886
1035.7639,40,91.18643
689.4331,45,91.186479
467.75485,6,91.186497
-1104.227,7,91.190109
205.99255,3,91.193173
415.28,7,91.200524
78.49881,2,91.20058
992.532,24,91.205561
1491.3097,41,91.20886
127.11974,7,91.208899
1778.075,29,91.208911
40.867943,5,91.214405
335.86313,12,91.217302
1440.1129,30,91.217347
185.18391,2,91.21982
62.51647,2,91.222333
247.77644,12,91.226784
243.72316,32,91.226845
1891.9666,42,91.226876
178.8541,3,91.226898
-403.0371,9,91.226907
1690.7251,54,91.226915
-669.7358,8,91.230674
-8.722573,2,91.234344
126.02698,2,91.234395
215.92155,3,91.237592
1558.082,35,91.241788
447.44092,11,91.251056
-697.43506,5,91.251105
2818.4004,45,91.267236
-18.058418,8,91.267303
140.63962,5,91.270367
163.30273,11,91.270406
2284.4412,36,91.284052
-969.7602,3,91.287504
94.73439,9,91.287555
1747.6501,25,91.295837
-863.3282,3,91.298894
904.92816,20,91.302068
884.2975,28,91.302117
331.0682,4,91.309017
-27.342896,3,91.316752
578.51807,12,91.320337
542.0714,11,91.320392
592.7269,10,91.330455
333.72623,4,91.330511
-166.95549,12,91.330528
1848.4476,36,91.330538
-20.695435,25,91.333738
-936.1481,2,91.33688
695.50977,22,91.336924
84.360115,3,91.340067
3490.469,52,91.34015
3970.647,56,91.343363
341.1355,27,91.343402
2358.9932,46,91.346401
86.11849,6,91.349669
-897.48956,3,91.349761
-158.85474,25,91.354311
1655.5569,56,91.354345
-789.6444,6,91.354356
872.9615,20,91.367277
4118.995,38,91.370363
1655.8055,59,91.373223
302.42914,4,91.38679
29.44262,4,91.386862
737.08594,20,91.386883
371.11057,5,91.40131
395.04333,8,91.404234
22.809692,30,91.417486
1481.0852,38,91.417557
522.243,15,91.421198
160.18884,6,91.421248
3000.4844,38,91.42126
2398.863,36,91.430848
73.7659,2,91.430902
409.6726,6,91.43418
725.8797,14,91.434226
-41.448364,22,91.434239
354.32062,4,91.43694
200.83188,2,91.441483
-11.966665,3,91.441556
386.1466,5,91.447287
208.66681,9,91.447336
185.38565,13,91.450168
-491.27362,15,91.450211
314.3648,10,91.476286
-134.34003,9,91.488373
104.61148,4,91.488412
713.7472,24,91.488421
831.82745,24,91.488427
584.20074,32,91.491689
343.99173,12,91.491732
192.97095,24,91.49443
168.67397,2,91.507286
2484.958,30,91.51071
-108.238945,9,91.510751
1595.0393,22,91.513729
300.71918,5,91.513795
3204.681,34,91.516478
976.00024,14,91.519229
-677.55206,4,91.522432
618.32227,19,91.522491
678.2012,14,91.526343
211.03596,4,91.526407
-1039.7288,7,91.529451
517.3338,10,91.532103
704.2453,19,91.534999
4109.2617,49,91.535044
-5.693263,3,91.537849
-670.8115,12,91.545082
304.86768,6,91.547992
494.45892,11,91.550828
-1037.9115,8,91.550874
506.50818,10,91.555251
799.02246,17,91.555312
169.54768,4,91.555334
108.88594,2,91.570267
2066.7246,28,91.57314
719.26794,20,91.573186
2827.5728,104,91.58114
2533.4429,42,91.584799
344.60538,5,91.584847
255.59302,5,91.588428
1598.1777,50,91.588461
2605.8152,46,91.58847
3024.865,34,91.588477
176.49768,15,91.592283
2.856264,2,91.602499
1034.4156,16,91.60596
54.58153,3,91.60603
1092.8196,24,91.606045
774.249,13,91.609176
661.9096,16,91.612109
260.7798,4,91.612163
1512.9801,18,91.619817
2902.2898,37,91.619858
212.33081,5,91.62243
571.5393,10,91.625392
975.7708,18,91.625439
-375.56287,8,91.698904
850.63605,25,91.701667
750.68805,11,91.704854
364.06488,8,91.7049
81.34698,4,91.709646
1132.0906,22,91.709695
145.92609,6,91.712903
268.56802,3,91.712941
-644.7988,5,91.712954
492.87405,13,91.71557
-982.5164,3,91.721236
127.14373,6,91.729988
3134.9802,46,91.730042
265.30682,24,91.732829
-176.9148,15,91.735661
1957.1332,43,91.738558
-839.875,11,91.745819
1209.4395,29,91.752103
180.64609,4,91.752143
-181.56824,15,91.752154
133.19577,2,91.758689
1042.1802,26,91.761703
3092.5447,57,91.76174
1.5612783,2,91.767042
-732.5596,5,91.767092
-687.7181,4,91.772562
961.34436,17,91.772589
147.68651,3,91.780559
1083.502,37,91.780621
1631.1415,22,91.780638
450.26718,6,91.780645
36.354584,2,91.786241
1461.3834,18,91.788993
1242.1238,19,91.792662
81.795364,2,91.792713
3657.8481,50,91.79601
902.60406,13,91.796057
71.38329,6,91.79607
-823.24426,6,91.799027
-937.8971,2,91.799073
1375.3171,49,91.805021
2303.3208,62,91.813496
363.30533,6,91.816948
-2176.9277,14,91.819808
1099.3967,37,91.822725
-102.68818,12,91.82275
1798.9388,27,91.83185
1525.7639,34,91.834797
376.19968,4,91.837486
166.02448,2,91.841205
146.64073,11,91.841272
456.56372,16,91.841294
22.460598,2,91.844776
429.1111,9,91.844823
387.7605,8,91.844835
139.58578,2,91.848283
173.74101,3,91.851349
91.58945,3,91.851532
36.611023,43,91.85664
2452.2192,56,91.87999
3306.659,52,91.882953
1314.5914,36,91.889004
656.94336,14,91.88906
94.38437,9,91.889075
409.96533,9,91.889082
1603.1853,23,91.905657
1053.9796,23,91.905728
525.84485,66,91.917716
739.1234,13,91.924173
132.32938,6,91.924223
-533.11993,9,91.924241
790.6333,45,91.924248
1546.8773,58,91.934053
1173.614,30,91.934111
821.9602,22,91.934125
255.58217,3,91.934131
-960.92505,10,91.936708
107.715256,2,91.939253
340.8562,12,91.948188
7.318049,2,91.951542
628.8034,28,91.955135
4071.742,41,91.955191
966.09375,23,91.963518
482.4645,11,91.963557
505.41187,13,91.982318
1577.5989,39,91.982394
164.05803,2,91.982412
124.03364,2,91.992704
191.4061,2,91.99886
-778.3368,5,92.001775
151.25174,3,92.006825
367.1701,8,92.009512
4036.6973,103,92.01262
-451.74475,10,92.012665
444.7605,19,92.012677
2597.5872,36,92.01803
1369.6512,24,92.018077
221.7504,6,92.018089
488.41815,6,92.023087
-325.8582,5,92.025954
159.9725,17,92.026001
183.84769,4,92.028902
824.2146,33,92.028938
922.7073,18,92.031532
855.69763,56,92.038659
-109.91223,31,92.044328
163.09073,3,92.046858
1736.8876,30,92.049561
634.91907,11,92.052281
18.411469,3,92.054834
2023.288,33,92.068134
-571.6598,12,92.06825
2432.5347,48,92.072304
259.607,4,92.072347
315.8048,13,92.078349
310.33176,7,92.085044
1597.261,20,92.085104
246.50868,5,92.089563
-49.383663,39,92.089596
-860.72375,3,92.089607
270.05637,5,92.089614
246.09346,6,92.089621
-733.4056,24,92.098385
706.26685,12,92.098442
567.9891,25,92.10577
1986.1514,41,92.116605
-62.752228,12,92.119795
-1197.0707,5,92.119835
1559.4062,56,92.125453
280.99454,4,92.128714
406.3925,10,92.128769
72.21241,7,92.133804
619.95667,13,92.138943
962.72516,20,92.138974
90.94061,6,92.145489
866.78687,10,92.148237
4607.9546,55,92.15077
168.73026,7,92.153285
3420.0725,42,92.156114
62.151123,2,92.156165
710.8651,20,92.159766
174.09842,7,92.159817
69.99427,3,92.165001
3010.925,41,92.167921
4602.3657,56,92.167976
104.39014,2,92.171262
1974.6836,41,92.17131
-637.4611,5,92.171326
140.42546,2,92.174296
5726.946,90,92.178966
284.74045,6,92.179018
1111.9408,26,92.179031
137.33475,3,92.181895
1248.0568,29,92.184627
2224.7815,30,92.192756
1501.5623,24,92.195768
300.00772,6,92.195807
387.0482,8,92.206236
218.18599,6,92.216029
112.4492,9,92.21608
4977.097,56,92.221492
1942.0792,24,92.221554
3063.5015,95,92.230436
111.71326,2,92.23377
-398.01147,15,92.233811
190.12112,2,92.233822
556.7104,16,92.239496
1404.7583,30,92.239534
221.11357,4,92.250582
128.18991,2,92.250644
16.631592,24,92.255542
71.81736,3,92.259222
-1019.4256,7,92.259271
4132.8257,72,92.259283
2987.5422,50,92.264888
-51.915554,3,92.268784
869.6188,19,92.268839
-724.14294,3,92.268859
573.4673,12,92.275905
170.5551,5,92.286023
1657.699,19,92.28611
918.4815,25,92.290057
224.8428,2,92.293535
216.60355,8,92.293584
-970.1541,2,92.29626
1662.946,20,92.299093
2016.6119,29,92.305511
1827.6372,39,92.313629
510.72375,54,92.31368
1763.325,26,92.313695
226.7049,5,92.313702
465.65976,13,92.316752
113.62993,2,92.320123
104.882286,7,92.32017
752.4598,12,92.320182
2338.851,66,92.323093
-863.9274,7,92.323118
125.273865,4,92.327342
15.048168,2,92.327392
140.63957,2,92.327406
75.853424,4,92.327411
925.6578,24,92.327415
4002.698,50,92.330263
-364.1214,4,92.333473
1512.6257,21,92.333513
-49.098946,4,92.336494
-16.362305,25,92.336535
1639.4336,65,92.346132
923.4804,20,92.346197
94.23537,4,92.346212
361.8075,51,92.346218
-1952.9868,11,92.346223
180.01059,4,92.346227
247.20338,5,92.346232
61.546238,5,92.349727
-5.9979067,3,92.349769
-1004.7471,5,92.34978
3635.5684,49,92.353232
-48.31211,6,92.353286
158.17134,2,92.353301
3206.6108,57,92.353308
47.81023,4,92.355878
139.77454,3,92.368208
-7.7801323,4,92.36828
130.56093,8,92.37155
340.57687,5,92.371591
109.374405,2,92.377818
92.860916,3,92.377885
235.76376,5,92.382764
144.0896,4,92.382823
509.13327,7,92.386681
-307.45364,9,92.386735
5587.486,123,92.389757
-456.81476,9,92.401834
182.0689,4,92.401894
865.5985,27,92.405265
119.997955,2,92.414478
185.19202,5,92.417441
1534.4045,24,92.420527
1022.78723,22,92.420578
-969.7761,4,92.42386
646.16656,8,92.423909
741.5076,15,92.423922
152.92819,3,92.426781
425.12903,9,92.429595
43.963715,2,92.429633
925.93787,14,92.432631
1296.8583,64,92.432686
456.01434,17,92.432701
49.86332,2,92.437818
-406.8468,3,92.437857
-875.3922,12,92.446847
-213.41139,9,92.446894
165.32385,4,92.449694
335.2438,4,92.454796
868.24835,28,92.466155
646.93506,15,92.46624
372.9052,6,92.52873
3270.113,53,92.531742
233.3972,5,92.550699
99.964554,2,92.58058
1399.4769,29,92.580647
86.435005,13,92.61708
1421.0964,31,92.621495
364.05252,8,92.676864
1832.1511,28,92.74391
96.19957,6,92.743967
-693.32983,6,92.774064
1341.3474,23,92.810798
-30.287218,4,92.861381
258.33264,11,92.861428
1572.5043,41,92.896039
146.12473,7,92.896079
730.5829,34,92.896088
514.344,15,92.896094
989.63226,19,92.8961
343.2268,26,92.922189
91.906,2,92.922397
584.36035,12,92.948219
128.79445,3,92.948284
205.89291,13,92.948299
-187.04382,5,92.95751
259.6818,7,92.989082
133.84067,6,92.996701
337.79547,9,92.996763
1698.2854,50,92.99678
1231.5718,14,93.000692
1906.8662,31,93.00467
126.22183,11,93.004766
1002.6426,34,93.004785
-450.99,13,93.01338
42.747395,2,93.016827
1606.219,37,93.016874
783.10626,11,93.019997
237.77847,4,93.020045
1858.2789,34,93.022901
649.84924,14,93.02294
89.53229,3,93.026674
191.2254,7,93.026715
243.5381,5,93.032789
278.99344,7,93.032858
3839.411,68,93.036827
90.91319,5,93.03688
66.015114,5,93.036896
334.17398,11,93.040188
1478.6036,47,93.044795
-984.9402,3,93.044857
65.08412,2,93.044875
-15.24802,3,93.04817
1547.0577,20,93.051672
2771.086,65,93.051721
97.191345,2,93.051734
11.045166,2,93.054453
2118.6345,31,93.066332
204.81152,10,93.066396
141.81943,3,93.069148
236.14737,3,93.08016
-967.2365,6,93.080234
237.73349,8,93.080251
222.60896,10,93.085651
-434.8579,13,93.090971
5352.4224,75,93.09529
-725.5605,5,93.095356
3350.5066,59,93.095375
858.63513,18,93.095385
1583.3351,44,93.099008
156.91107,2,93.099068
1462.9397,28,93.102298
127.78785,2,93.108352
605.5068,24,93.111515
247.40337,13,93.114247
383.3273,7,93.116941
303.58377,8,93.119596
176.05696,8,93.123096
1729.0911,38,93.123187
-111.9657,34,93.129062
1390.8534,23,93.132378
4549.4336,49,93.132417
742.5694,31,93.132428
2643.028,47,93.135674
305.5006,5,93.135711
491.24356,13,93.135723
261.28223,8,93.148937
104.62202,5,93.169465
90.319336,4,93.169527
1514.879,20,93.169543
33.504856,2,93.16955
259.22614,4,93.169557
1747.782,34,93.174903
240.37231,3,93.177973
143.22287,4,93.181954
1549.5653,21,93.182017
94.77603,2,93.18204
-1347.9685,13,93.185602
97.913,2,93.185667
168.49666,6,93.18913
395.3274,14,93.189813
-314.37784,6,93.189854
85.70189,3,93.194082
-794.16064,3,93.197963
-903.03,4,93.198034
1496.2445,33,93.208247
-528.1848,7,93.208327
1513.7704,34,93.211841
2362.2266,51,93.211886
765.0,17,93.215042
664.9324,13,93.215098
141.68298,3,93.218605
342.244,7,93.222855
66.37645,4,93.222932
484.14435,10,93.226436
818.48566,32,93.226479
57.089935,9,93.229271
1152.519,12,93.232137
-945.5668,3,93.232184
774.15674,12,93.236593
252.0193,4,93.236678
2925.3948,45,93.24047
-707.43115,15,93.240532
1639.9374,25,93.240546
103.22324,2,93.243417
1739.6932,38,93.255359
56.277428,13,93.260377
447.9619,14,93.260454
-215.55713,14,93.264462
107.904106,39,93.264521
147.52037,8,93.270713
-993.2795,14,93.27371
642.73303,19,93.277112
-917.87524,4,93.277165
436.20096,12,93.281324
1106.4453,14,93.281422
508.04456,6,93.281449
-26.8988,2,93.297016
1426.6857,16,93.297077
335.02277,4,93.297092
-781.3609,4,93.300177
1476.5416,30,93.302976
32.148895,11,93.314894
-152.9914,20,93.320992
688.95856,20,93.321051
775.5933,14,93.321067
3395.268,82,93.321074
-11.143606,4,93.330956
138.04759,3,93.334272
1590.8774,29,93.33432
1115.9083,15,93.337734
2449.7605,77,93.337771
418.21222,10,93.337782
820.3403,13,93.340919
5117.989,51,93.340967
298.1524,6,93.343826
317.10605,3,93.346838
307.36252,7,93.351665
-340.9808,5,93.35463
1907.4856,61,93.354669
1246.8076,26,93.358531
4530.1436,56,93.358587
4801.5674,80,93.361682
199.09813,4,93.364807
-376.4156,21,93.364847
-329.92346,24,93.369694
-706.8072,14,93.377627
144.6329,2,93.377705
1340.1649,22,93.377722
432.97293,11,93.383805
87.15165,8,93.383859
-334.6636,6,93.383876
2653.9824,41,93.383882
484.86368,7,93.391615
241.78755,2,93.391691
-871.5506,3,93.395939
1260.2744,21,93.396008
680.7025,22,93.399494
213.87497,6,93.406102
228.95871,5,93.415347
1716.0105,32,93.418805
2054.367,50,93.418849
562.3333,21,93.42178
1886.5314,50,93.427887
266.2777,3,93.427941
-33.77257,3,93.427957
72.725266,3,93.431219
-687.7924,9,93.43128
-1041.3893,2,93.4339
-355.39758,16,93.441128
317.86856,5,93.447854
679.91473,14,93.451454
1771.6431,25,93.451515
221.64066,3,93.45792
629.9987,26,93.457969
1552.7306,34,93.474078
200.80484,4,93.474151
13.244387,2,93.474167
101.94633,9,93.489741
2014.0746,29,93.489841
3659.9634,44,93.48987
89.36705,4,93.502401
482.5583,11,93.502465
254.08366,8,93.502483
4067.774,41,93.512856
336.83554,7,93.518474
-230.34528,6,93.518518
-163.58867,8,93.521276
-920.1883,9,93.53419
3140.3027,48,93.537242
-686.5211,12,93.543928
611.9351,14,93.544005
197.73962,16,93.550122
1951.7317,27,93.553225
136.4547,7,93.559857
1919.4382,42,93.566106
298.4104,10,93.566155
968.6281,23,93.571498
272.42444,15,93.571537
2283.4739,39,93.57526
-1.1757519,3,93.575419
2556.105,41,93.585112
-280.6322,3,93.585174
501.53775,12,93.588741
948.3383,54,93.588791
140.57626,2,93.597915
-1020.2927,2,93.597983
3038.4602,46,93.598
1759.9852,65,93.600785
151.89798,3,93.60353
4345.353,51,93.606524
173.15044,3,93.606569
3230.3157,79,93.612347
182.93002,3,93.61258
126.631,3,93.615916
1540.4995,57,93.615956
767.4852,34,93.615968
-831.54205,7,93.618632
-895.0988,2,93.623805
248.59154,5,93.627933
1601.3782,31,93.627992
-931.8714,4,93.628008
22.86713,5,93.632058
108.59088,2,93.63212
645.8182,31,93.63214
133.38953,6,93.634928
-553.9192,10,93.638276
-136.3132,14,93.643259
-10.11381,2,93.643322
500.96753,24,93.643339
4495.213,65,93.643345
14.882057,3,93.64335
1267.6733,16,93.646652
189.44328,5,93.64669
319.64615,4,93.646703
1671.9866,24,93.650026
-965.50806,2,93.650089
266.92194,6,93.650109
2099.7498,40,93.65318
79.84114,3,93.656177
1574.4036,24,93.656222
267.27676,5,93.671471
89.10165,3,93.671539
452.50104,24,93.671556
141.17757,2,93.671564
110.17214,4,93.674523
893.69006,37,93.679947
2064.2786,60,93.679995
49.522514,4,93.68339
77.00197,4,93.683444
-919.8126,3,93.68346
-288.9812,5,93.683468
1137.4746,57,93.687244
275.97382,5,93.687307
-6.232264,2,93.690661
3632.4534,38,93.693989
106.86035,2,93.694037
109.68921,6,93.699327
308.47906,6,93.699376
854.5503,16,93.702609
135.54645,5,93.706339
540.88116,12,93.706381
916.75305,16,93.706393
244.60493,7,93.706398
-493.9784,8,93.715183
305.7064,4,93.7182
-192.8894,19,93.721273
1219.2336,28,93.721319
256.2932,11,93.726989
60.911987,2,93.72704
1427.5745,22,93.732621
246.09229,8,93.732667
1500.1044,36,93.732682
17.401901,8,93.735538
187.06311,7,93.7356
1142.2789,28,93.738469
-493.1648,24,93.738515
835.51,10,93.741125
-45.28509,2,93.743832
-1050.7255,2,93.749193
109.09572,5,93.752185
2147.2935,50,93.752232
158.6875,3,93.835293
602.4908,14,93.835332
854.35706,17,93.835344
5647.555,64,93.841334
239.99586,3,93.845293
1154.1621,20,93.845341
139.1305,6,93.845359
-113.595566,15,93.851047
140.3938,3,93.851095
48.289642,3,93.854327
393.1584,7,93.858264
164.69531,4,93.858317
111.5509,2,93.858343
1002.57526,15,93.86149
419.4534,9,93.864252
89.62498,3,93.867553
95.40681,2,93.86761
524.50006,22,93.867622
98.76579,6,93.877092
115.50777,3,93.877143
-763.2087,10,93.882225
1056.4089,26,93.884837
1291.4813,32,93.887586
31.14399,3,93.890938
494.90936,7,93.896465
674.1544,42,93.899141
-202.09647,5,93.902062
1759.9814,50,93.902107
129.91736,35,93.905803
4084.934,54,93.905848
584.4781,17,93.905874
682.01276,13,93.90588
123.56027,3,93.905886
52.4171,6,93.911416
102.62134,2,93.914818
247.30847,4,93.918885
73.430626,4,93.918931
74.602066,4,93.923059
1968.9329,38,93.929181
-746.2521,5,93.929246
-922.0703,3,93.93256
-109.20076,16,93.932606
23.622364,3,93.932625
2131.6443,68,93.938714
-977.8946,2,93.938766
3722.819,40,93.938778
3618.0967,51,93.953597
820.8133,9,93.953659
1623.657,29,93.953676
1955.7881,37,93.956759
5912.0366,67,93.963746
241.05621,5,93.963842
629.24335,10,93.971735
182.44446,13,93.98353
405.44696,6,93.987881
435.74316,8,93.987933
105.62441,2,93.987947
3485.182,61,93.987955
454.53827,9,94.00344
122.852234,4,94.003502
616.39075,10,94.010307
251.84933,6,94.010342
-61.45665,35,94.013231
3444.9834,54,94.016736
489.83963,11,94.016814
21.286686,4,94.01683
-71.4478,22,94.019403
164.94121,4,94.022531
32.177326,2,94.022568
-48.385372,3,94.022581
1964.9912,38,94.026696
82.16231,2,94.029949
577.2063,15,94.038933
453.72095,21,94.043715
603.1633,13,94.04655
526.3766,10,94.049188
207.88629,5,94.057163
3606.1208,51,94.057212
2012.8523,42,94.057225
2295.1045,28,94.068894
-462.7691,12,94.068945
226.10498,32,94.06896
893.20526,32,94.072601
1479.1177,24,94.07265
89.16234,12,94.072664
-942.7633,2,94.072671
129.13556,18,94.076771
466.4712,12,94.07684
44.034904,2,94.076859
83.78663,2,94.080167
218.8681,2,94.080216
-1281.2628,4,94.083196
3441.2588,85,94.086253
121.840965,2,94.086298
156.88857,2,94.09349
1075.4486,29,94.093543
396.21594,6,94.093558
1627.9691,34,94.093565
-622.56335,6,94.097055
1868.185,33,94.097114
215.97818,3,94.097129
211.26518,6,94.099831
3955.2231,49,94.105572
135.95496,3,94.105623
175.28581,4,94.105638
488.8114,10,94.105645
91.63401,5,94.10987
4389.1753,45,94.114851
423.5488,13,94.117617
-699.7962,5,94.120879
-725.5836,4,94.120923
358.59427,10,94.126924
4902.1045,47,94.130455
1160.0164,34,94.136421
389.97525,9,94.14503
2232.815,39,94.151416
636.51855,14,94.151479
3234.3252,37,94.151497
1250.1162,22,94.154755
1492.5027,27,94.154798
1422.1349,20,94.163238
550.2839,12,94.165968
434.01898,7,94.171928
1628.9528,31,94.174539
453.19955,6,94.179781
650.58594,16,94.179822
-101.66846,12,94.184874
1302.2274,32,94.189787
923.9941,21,94.19818
18.156807,6,94.201658
534.1729,18,94.204392
1437.6191,37,94.207076
1289.3236,53,94.220356
853.43274,14,94.220412
1340.2158,32,94.232647
2365.893,54,94.235492
-15.624103,2,94.238356
1504.2333,25,94.238403
117.32937,2,94.244109
891.8433,17,94.244159
2553.5708,45,94.244172
-284.35718,42,94.248512
614.0817,11,94.248598
122.501915,3,94.248621
-556.2823,11,94.254776
-342.39386,9,94.254829
-357.75937,9,94.254843
279.2117,6,94.275601
185.93924,6,94.279317
234.50331,4,94.279371
2060.4102,39,94.28759
961.53064,19,94.287634
-747.7329,9,94.293355
4757.251,54,94.296566
231.7356,3,94.296609
353.76633,6,94.304559
1828.5298,38,94.3046
1512.094,29,94.304613
178.05525,12,94.310882
4642.322,55,94.313777
961.9333,39,94.31661
2529.9487,77,94.319385
1291.6521,20,94.325045
-771.6604,5,94.325099
1545.8787,27,94.328099
-16.89122,4,94.328145
740.1557,13,94.330849
111.08093,3,94.333438
170.77747,7,94.338306
4520.5405,81,94.342401
860.7114,28,94.342457
4640.8726,47,94.345661
527.49115,11,94.345781
4810.5635,59,94.35336
66.24554,6,94.35651
786.14667,11,94.360979
221.8353,12,94.364496
-1007.9211,2,94.364557
-935.05475,3,94.364573
5017.7764,74,94.367136
298.64832,4,94.372154
418.77844,5,94.380616
1054.3992,19,94.380676
-837.7721,6,94.380697
56.594368,2,94.38753
202.8942,3,94.3924
1490.5394,29,94.3925
2037.2936,33,94.396716
684.49866,16,94.396782
1184.9833,18,94.399784
-13.49614,3,94.405191
521.5247,11,94.409292
-805.2216,6,94.409364
223.77289,5,94.40938
2212.0557,49,94.409387
-749.23834,5,94.415166
1883.0281,27,94.418623
127.58447,3,94.418674
-4.2666855,4,94.422215
364.54172,8,94.422267
129.40643,3,94.425881
1760.0221,48,94.425937
227.33572,3,94.431571
717.2292,8,94.431624
347.08713,5,94.439377
35.667763,6,94.439428
647.0781,36,94.443466
3012.602,115,94.446585
3673.1492,48,94.452626
2646.9758,64,94.452667
1575.7761,19,94.452679
1727.949,51,94.459873
216.84,3,94.459917
2055.6523,62,94.483087
759.20386,13,94.486722
-1042.9573,10,94.486772
3273.8928,35,94.489831
4278.3037,78,94.489872
102.465576,8,94.499132
-797.2505,5,94.499196
80.68848,3,94.502017
-81.96173,5,94.506883
150.67206,4,94.510899
2194.4758,40,94.510951
278.2541,5,94.510967
183.14462,10,94.51386
-55.108116,9,94.516602
3271.0798,79,94.520331
2239.466,37,94.520388
4943.7393,50,94.520403
555.8972,7,94.520409
677.50616,17,94.520414
122.73568,3,94.532165
-672.59863,4,94.534921
247.00247,6,94.539885
3271.8635,56,94.543535
508.97745,15,94.549079
1460.1981,35,94.54913
267.37448,28,94.55174
1458.2263,34,94.565131
2185.283,43,94.570446
75.34598,10,94.570491
569.6105,9,94.573204
1187.9945,41,94.578479
5958.386,85,94.578559
118.20772,3,94.581925
1149.7567,29,94.585208
560.09686,12,94.588585
646.6002,16,94.596345
980.2213,22,94.59943
688.54785,8,94.599467
-474.53503,21,94.602107
-39.0207,3,94.605157
5353.2056,57,94.605205
1250.3083,32,94.608044
137.40695,2,94.610907
2122.5703,35,94.614046
3473.0374,46,94.61409
362.4111,4,94.614102
114.686516,2,94.616606
113.34346,2,94.636688
2827.4016,63,94.636744
474.03665,20,94.639876
-995.9566,9,94.639924
3028.3867,39,94.645991
614.6239,8,94.646044
942.513,38,94.6487
963.6424,10,94.65766
1027.6917,24,94.662777
241.12025,10,94.665569
233.21277,7,94.668624
-94.997894,10,94.668672
4860.841,47,94.671764
172.68472,2,94.671802
-887.15967,5,94.677489
522.47687,16,94.6845
3407.5173,53,94.684561
276.03915,7,94.69392
618.19507,36,94.693975
-510.55267,13,94.697191
489.02563,51,94.697243
834.2293,29,94.699823
660.67413,12,94.705446
-77.070435,35,94.705485
556.5768,12,94.7055
2244.8562,38,94.705507
119.79596,5,94.708632
279.75153,4,94.708675
109.25988,3,94.708687
422.78973,10,94.714891
-640.4758,10,94.714945
1468.6796,23,94.714961
2347.6685,85,94.718328
407.95016,5,94.721812
896.93384,16,94.721849
3901.2412,43,94.725267
-64.51736,3,94.725523
445.73883,7,94.734145
634.2476,11,94.737506
1159.8405,37,94.737547
234.03018,7,94.737559
-211.05093,9,94.740171
240.4136,5,94.74828
178.47876,3,94.757656
410.7367,7,94.757726
-395.0349,13,94.766685
542.49335,10,94.769983
175.50223,4,94.776027
776.71375,17,94.783956
-799.0315,13,94.784006
82.274155,15,94.786932
-102.690346,13,94.786981
294.57584,10,94.79671
182.05566,3,94.796781
-260.67358,12,94.800377
-352.5277,5,94.800437
5184.06,86,94.804021
947.4275,23,94.80408
95.89383,2,94.810935
1216.481,20,94.810996
261.84564,4,94.811013
526.15985,9,94.813702
232.40024,4,94.816267
2506.2063,31,94.819164
1211.2139,16,94.819213
1223.0604,24,94.822588
312.26318,4,94.822634
118.925964,4,94.830732
296.7733,4,94.833832
518.38776,18,94.83707
110.058914,4,94.837121
-240.76239,13,94.842904
2093.758,36,94.842956
-42.452053,5,94.84297
90.04496,33,94.842976
-677.08105,13,94.845938
-482.4186,13,94.845986
2282.8547,62,94.850931
123.12851,3,94.85098
1409.2332,32,94.853557
170.37598,6,94.861627
3231.267,100,94.86168
-776.10284,4,94.864482
176.15004,12,94.870347
3069.4758,66,94.870436
719.40326,16,94.876298
178.47235,3,94.879592
4635.943,85,94.879635
1350.6151,19,94.882697
620.59143,22,94.882746
141.9926,8,94.885533
4552.877,78,94.888183
-810.4934,3,94.894375
3663.7705,59,94.897482
775.55273,14,94.897528
3124.3567,81,94.897541
1011.7453,19,94.901273
66.416176,2,94.904451
1196.0409,30,94.907265
50.790657,13,94.911151
82.61461,3,94.916397
-833.0261,8,94.919897
4388.2593,71,94.919936
104.04654,3,94.919948
1136.384,28,94.922977
234.24011,8,94.923023
218.97485,3,94.931904
1759.1681,30,94.935054
188.787,2,94.935102
182.38013,28,94.937727
38.33422,2,94.940276
194.92021,6,94.946152
718.5376,18,94.946229
-149.16937,12,94.946248
145.68701,5,94.946258
-926.11005,2,94.949426
1713.2491,21,94.952341
108.79484,3,94.955801
336.43414,23,94.955833
-730.7302,5,96.266315
393.12677,17,96.285779
92.69006,3,96.285851
267.12494,9,96.285884
183.4657,5,96.291676
329.7488,10,96.296947
-241.66025,6,96.303114
286.79486,11,96.303181
-119.041565,14,96.303197
2249.158,37,96.303205
2297.019,42,96.308696
1022.6091,30,96.308741
1583.0264,39,96.311832
356.88312,10,96.311889
2067.135,29,96.315523
2092.7803,35,96.315589
411.91803,16,96.315619
-97.064156,9,96.319033
179.28944,23,96.319086
704.70355,12,96.321977
142.47238,4,96.325711
296.33917,7,96.325765
954.9912,25,96.32578
361.24518,7,96.325789
245.07056,7,96.33212
891.6267,19,96.332181
58.438625,3,96.334884
-682.35223,4,96.337866
182.58986,5,96.337905
-97.044754,6,96.343405
-869.50134,4,96.34704
3607.6377,73,96.3471
884.09174,10,96.347116
22.277779,3,96.354276
3332.8245,34,96.357492
-674.60455,4,96.357538
3648.743,61,96.35755
201.9733,7,96.368479
-1008.7527,3,96.368524
608.50757,16,96.368536
1973.5125,28,96.373601
691.149,19,96.378382
2262.6733,67,96.388279
-42.738617,6,96.394816
1330.2126,27,96.394872
4491.176,75,96.398325
24.959229,17,96.398378
318.0515,17,96.404986
4551.3154,60,96.405051
608.781,12,96.405068
-59.372192,12,96.405076
147.34741,2,96.405082
250.50836,3,96.41816
363.54105,6,96.420965
451.63605,13,96.423829
4218.1675,39,96.431817
2132.3992,38,96.434958
1605.906,36,96.435003
651.87646,12,96.437613
320.97495,10,96.450197
761.28204,11,96.459656
137.93335,4,96.459717
-306.53864,10,96.47485
16.043076,3,96.474898
80.535095,6,96.474911
142.50977,4,96.483918
404.12024,7,96.488158
95.34083,2,96.488225
-921.6445,42,96.491067
1119.97,27,96.498422
132.48297,4,96.498471
1005.0701,15,96.498486
29.903025,2,96.498493
126.9164,3,96.501725
-1.2553844,2,96.504959
1908.5338,47,96.508045
722.2047,13,96.508106
-684.11554,4,96.51188
-29.925346,2,96.511921
351.64166,8,96.514682
194.33011,10,96.517756
56.044445,2,96.520695
3685.8257,45,96.52387
428.89886,12,96.536567
1145.3914,51,96.536623
1194.7742,34,96.539649
132.91315,2,96.543386
81.07244,3,96.549529
993.39124,15,96.549577
3073.5151,57,96.549592
1031.5868,42,96.55229
940.45844,15,96.555253
1376.7211,49,96.555297
395.44965,7,96.558048
-757.0612,3,96.558095
-526.21674,16,96.561768
397.95352,15,96.564658
-14.120857,4,96.567551
1263.123,49,96.567575
905.192,15,96.570706
2193.5134,46,96.570744
-38.755768,7,96.570756
4634.224,42,96.573321
301.8392,6,96.575928
2471.58,71,96.578595
691.6735,28,96.581943
87.11447,5,96.585012
-1243.6477,5,96.588329
98.22856,3,96.588381
331.1479,9,96.591214
1320.2007,27,96.595675
815.2008,15,96.595735
797.7777,12,96.595766
-776.81915,3,96.599121
90.973816,2,96.602831
1286.9958,41,96.602877
-9.275301,3,96.60589
579.09656,21,96.609071
3790.4678,55,96.618941
-381.3566,16,96.622615
462.59558,15,96.622663
700.92206,16,96.622677
1709.8408,23,96.697717
-1135.4132,7,96.697771
295.1028,6,96.697788
-44.161774,9,96.701557
-239.44232,3,96.70873
316.23755,4,96.712765
3531.8594,84,96.716096
1406.7367,25,96.716157
-307.07062,8,96.719424
-838.6461,3,96.719486
-108.73004,12,96.722657
1266.4524,24,96.722699
1276.3208,19,96.725762
1337.7339,20,96.725807
-627.9787,11,96.733621
299.41766,4,96.733675
588.8075,24,96.733704
-29.087105,2,96.733711
-979.334,2,96.739738
2468.2048,48,96.739784
214.43436,6,96.748241
4611.1313,55,96.760067
-506.39252,6,96.760143
2744.5586,48,96.760158
846.1484,18,96.76391
162.8269,40,96.776921
42.28659,3,96.777002
278.77948,7,96.777018
208.93167,2,96.777025
131.12657,4,96.780512
272.85406,4,96.780582
108.63878,2,96.783672
636.13983,10,96.788704
109.49528,5,96.791433
-832.84247,4,96.794929
621.60315,23,96.807922
209.39667,5,96.807988
1571.9597,21,96.816844
1340.9326,24,96.819866
3708.4229,37,96.819921
2.2731032,3,96.823068
2788.8503,42,96.826389
462.78912,8,96.826439
1557.3075,46,96.830288
89.605194,2,96.830341
972.3109,15,96.833873
86.201256,2,96.833934
606.2574,28,96.837196
109.858604,6,96.840726
2057.1724,32,96.840771
-398.12598,36,96.845033
217.34596,3,96.845104
250.20142,29,96.852942
2297.4695,32,96.855735
4200.834,51,96.859583
189.04546,2,96.859638
1688.2946,21,96.863201
1904.5153,34,96.863251
-159.86676,8,96.865985
2815.3464,45,96.869143
-1025.7664,2,96.869187
2970.1052,98,96.869198
782.5267,16,96.871998
-94.35215,9,96.872043
174.00797,2,96.87546
151.09796,5,96.875527
-967.81146,2,96.875545
992.6235,20,96.879328
-139.27919,4,96.87939
506.67972,8,96.88215
352.52664,6,96.887157
-163.12338,4,96.887202
128.52026,4,96.890429
465.46753,7,96.897646
246.26845,7,96.897691
1141.8104,22,96.897703
315.2337,9,96.901101
2764.5657,58,96.901158
137.13214,3,96.901172
376.77023,6,96.90118
89.44201,2,96.904061
1315.7737,23,96.904106
-977.4674,11,96.907365
182.83395,2,96.907423
-975.4317,4,96.91415
2760.4348,41,96.920386
1033.6941,24,96.920443
1116.8248,52,96.920457
497.17285,9,96.920464
-685.4767,6,96.92047
56.52607,6,96.927147
-818.67334,3,96.930666
9.819464,4,96.933861
301.2696,6,96.93956
533.2779,9,96.93961
2093.363,36,96.956604
226.75693,3,96.956665
-300.3943,18,96.956678
556.903,11,96.971108
45.5328,3,96.974566
-1354.2317,10,96.974608
1429.013,39,96.9849
145.28986,3,96.988266
-135.30481,39,96.988306
180.98494,2,97.001453
469.9481,21,97.001515
1357.7227,34,97.004683
-740.06055,8,97.004734
2461.9885,31,97.009757
460.9331,8,97.015348
3305.3032,39,97.01539
330.24783,5,97.019004
113.04644,2,97.022241
-10.366989,9,97.029052
312.822,5,97.031993
168.40587,5,97.034906
996.7613,15,97.034945
107.02485,2,97.037517
2519.8667,32,97.040102
924.0775,17,97.045289
3226.3213,37,97.048653
3430.5574,63,97.048694
335.56412,4,97.051809
74.3598,2,97.051847
-58.68204,5,97.051859
111.03634,2,97.054577
275.05756,16,97.057173
3143.4124,79,97.070567
749.9233,10,97.070618
184.89716,5,97.073863
-779.5625,21,97.0739
717.40283,34,97.073911
147.82602,2,97.077644
1214.4272,39,97.077706
104.760956,2,97.077723
336.45618,8,97.084084
73.311035,13,97.08415
-998.7816,6,97.084166
815.20734,16,97.087752
125.52585,4,97.09156
-930.1913,2,97.091615
290.3942,4,97.095999
-4.5477524,4,97.096061
-14.21492,3,97.099718
75.60032,2,97.099765
359.16354,5,97.099779
-977.1676,9,97.099785
2190.3594,39,97.102454
4332.5464,44,97.107805
169.03575,5,97.122523
421.4389,6,97.125205
1956.3807,42,97.134247
248.90016,7,97.134296
45.20198,3,97.137259
3123.9595,55,97.140646
290.43036,3,97.144503
179.0627,5,97.147988
5176.716,60,97.148034
1983.8938,40,97.151079
-949.1573,2,97.15417
-214.4036,7,97.157592
963.3744,14,97.157638
-101.834045,15,97.157652
5781.6016,84,97.165347
1590.343,50,97.168632
235.79608,7,97.168672
109.092026,4,97.168683
1081.4186,33,97.180839
911.4004,19,97.180886
98.80075,2,97.187125
-17.90564,25,97.187198
-713.3677,7,97.190917
-16.109924,32,97.195349
55.459335,2,97.198082
1640.167,49,97.202261
2443.1829,32,97.202322
2249.9512,27,97.202336
-555.82263,4,97.207486
2451.6409,35,97.211192
-1074.7688,8,97.21381
818.4397,20,97.216494
626.52313,16,97.219302
83.45857,2,97.219338
1142.1104,17,97.221911
-566.2334,5,97.224782
1186.875,24,97.224824
2516.1443,39,97.228054
3214.612,43,97.2281
1288.7744,23,97.228113
2032.7585,29,97.230904
349.92422,10,97.230984
-27.026474,2,97.234083
300.35016,4,97.234127
-41.64584,3,97.234139
183.71582,6,97.236937
4004.8025,51,97.23698
12.682858,2,97.240543
414.8315,7,97.249683
-121.63258,9,97.252316
4295.009,94,97.255103
341.95068,3,97.25779
2542.4412,34,97.268081
282.28494,9,97.268136
89.18597,9,97.271941
36.085693,16,97.271997
-808.35114,8,97.272013
-787.5178,3,97.27202
158.95494,2,97.272026
99.42406,2,97.274708
1044.6708,17,97.278366
651.2419,14,97.282166
5075.66,139,97.285712
193.19658,5,97.289207
367.52756,6,97.289266
252.55655,7,97.297394
1892.1102,46,97.297464
288.33893,5,97.301528
961.0359,19,97.301588
-347.90604,4,97.301604
1757.5382,36,97.308979
4212.985,52,97.309041
577.17017,13,97.315093
1773.1726,37,97.320486
-482.51813,13,97.320534
4846.1323,42,97.320546
-864.073,4,97.326838
368.32065,6,97.326895
124.44739,16,97.326911
499.94424,10,97.33045
118.79225,3,97.330513
69.19643,14,97.333214
315.59323,5,97.335794
4053.8335,53,97.338802
3361.5647,37,97.352747
202.1755,8,97.352802
165.30484,8,97.352814
511.33218,11,97.355662
1720.6245,31,97.358966
1823.7543,38,97.364508
1583.6437,20,97.369435
1231.1826,33,97.377597
-27.615791,2,97.377685
2396.3242,53,97.381813
160.20364,9,97.381871
3462.0996,55,97.381899
33.806473,5,97.381907
126.88816,2,97.388212
295.2677,17,97.388278
2398.48,57,97.388292
-199.9063,12,97.391508
1630.9688,30,97.391549
102.067825,5,97.394731
93.86943,3,97.397998
-739.37683,5,97.398051
52.215317,6,97.401714
1411.9009,20,97.401763
115.57582,4,97.401777
120.143654,2,97.401784
1306.5924,25,97.408237
-823.7728,5,97.408302
-49.57373,17,97.412217
304.13193,3,97.412285
767.05804,17,97.415108
2668.5022,41,97.421474
-713.44775,6,97.421539
3460.82,38,97.421554
531.53503,6,97.421562
2173.9382,39,97.425642
-269.39554,8,97.429498
201.80217,2,97.42954
44.4609,2,97.429552
779.3212,16,97.432549
1018.0929,15,97.432601
1698.7258,32,97.435676
988.2001,29,97.435724
164.7205,3,97.438941
-996.544,3,97.438985
595.94116,12,97.438997
31.35234,5,97.442425
-973.8786,2,97.442469
630.0417,10,97.442481
129.2237,6,97.442489
52.907066,2,97.445982
123.49495,2,97.446038
1468.1885,53,97.446053
272.2048,5,97.44606
745.4322,17,97.44864
385.77515,6,97.453997
508.5778,20,97.454237
-697.57324,8,97.456863
-216.48952,15,97.459876
360.00342,14,97.459918
164.47928,7,97.468024
196.85886,5,97.484149
1887.636,38,97.48925
1073.377,25,97.492101
-122.67863,13,97.492146
172.4942,2,97.496518
-876.7693,4,97.496595
1006.3376,12,97.496617
99.08592,3,97.505129
1104.6643,25,97.50518
89.92505,3,97.505192
1086.2295,23,97.507816
1396.9148,20,97.517184
338.02625,8,97.517213
-906.6128,2,97.522166
1027.5125,21,97.524652
1165.7515,18,97.533214
1075.5985,20,97.533283
3159.703,69,97.533302
162.5386,3,97.536095
88.94458,2,97.538832
42.511024,2,97.54775
-436.02084,8,97.547809
-619.5961,6,97.551281
161.48001,4,97.551319
101.03633,2,97.554448
3233.867,65,97.557727
1320.1837,31,97.565908
5876.524,96,97.57138
1675.6477,28,97.571419
24.887672,11,97.574722
-761.4348,6,97.585165
3033.4998,36,97.588931
96.921875,8,97.588982
2370.9038,37,97.591712
78.5366,3,97.595717
63.30229,2,97.598707
3551.2705,43,97.598747
416.5213,9,97.606162
569.3183,10,97.611111
1792.7174,39,97.613822
-9.645674,2,97.616796
2065.9824,35,97.616843
457.61877,8,97.619985
-803.2921,5,97.620048
1246.304,13,97.626568
86.477005,5,97.632333
1177.1914,52,97.632384
-224.6861,21,97.632397
1655.1995,39,97.641951
-907.8558,3,97.642019
-906.4465,3,97.642036
-55.76471,19,97.645877
-583.1237,11,97.649405
1077.5071,41,97.649449
2040.2009,44,97.649468
280.43918,7,97.649477
258.7333,10,97.652809
414.81073,10,97.652848
837.89923,25,97.655474
202.5026,3,97.658272
3415.7036,57,97.665015
120.49487,4,97.665063
335.67145,5,97.665075
127.23696,5,97.66508
1315.2699,64,97.670914
1725.62,41,97.675203
1430.183,37,97.675251
590.11115,13,97.675266
291.0656,6,97.675272
3325.1243,75,97.675278
151.71207,4,97.67863
155.50388,6,97.691824
2059.1917,31,97.691881
-21.436672,9,97.691901
-897.5406,3,97.700501
37.164917,8,97.700552
8.187134,3,97.700567
-623.26105,10,97.703162
499.0716,37,97.705751
703.7234,30,97.708266
296.1227,4,97.711759
-822.5138,5,97.714961
-565.2538,9,97.718513
564.19025,18,97.718561
1335.054,24,97.721839
49.875893,2,97.724464
1140.6676,18,97.731181
1563.118,19,97.735484
137.6155,2,97.735538
1424.2188,29,97.735552
389.5326,10,97.735559
-27.368492,4,97.738358
99.24945,2,97.741651
1360.2855,31,97.741689
3157.2285,57,97.7417
180.74368,3,97.744821
228.88211,4,97.74487
2853.4023,71,97.74761
372.775,5,97.751075
2385.0522,34,97.751122
133.17813,2,97.751136
85.27109,4,97.751143
193.27548,16,97.756407
514.15015,14,97.756452
-246.10846,6,97.759312
-19.075783,2,97.763474
-936.8513,3,97.766786
2563.281,31,97.770473
4680.16,63,97.770533
-876.45,2,97.770549
3609.2397,38,97.773682
109.61875,3,97.776921
-921.8335,4,97.784243
-771.5976,4,97.784316
922.99835,15,97.784333
1234.5754,38,97.787575
-163.51538,21,97.787633
1079.3673,14,97.787645
139.96353,5,97.79045
183.15971,3,97.795697
-460.82867,13,97.795749
-859.32526,3,97.795764
-850.0238,2,97.795771
-302.00848,24,97.795776
164.23935,6,97.798977
94.55847,4,97.799025
1104.2582,24,97.801647
4479.0933,49,97.804717
232.44418,4,97.804754
304.36713,5,97.804765
582.67834,11,97.807529
284.9501,6,97.814223
26.390732,6,97.814288
840.1743,20,97.817833
843.7418,9,97.823032
-101.539856,10,97.828176
103.648346,10,97.831275
364.30304,11,97.831321
167.51126,5,97.831333
1605.5046,28,97.834135
1050.9015,27,97.834162
164.1086,2,97.836771
170.5029,4,97.840948
325.422,28,97.841023
201.25682,4,97.848263
379.2417,13,97.857958
57.86731,13,97.858031
781.4349,19,97.858047
-476.55615,9,97.879127
-1802.9052,9,97.883013
70.59117,3,97.883073
435.54843,9,97.883089
754.54974,14,97.886347
2804.505,60,97.886397
51.784134,2,97.88897
147.91821,2,97.89198
205.27411,2,97.892025
111.57367,6,97.892037
2676.5903,39,97.897355
2663.6543,42,97.897419
518.5961,23,97.897437
775.58777,28,97.897446
133.72821,2,97.900834
-991.8654,3,97.904109
588.4159,38,97.904156
773.05676,26,97.906873
74.57196,3,97.91335
97.2073,2,97.913407
-1158.8958,17,97.916701
471.55154,6,97.916741
-838.08563,5,97.919516
2408.8457,35,97.924266
68.48041,4,97.926811
436.26532,18,97.929475
-1005.90576,14,97.932206
235.4159,8,97.934853
481.90482,15,97.939842
238.14362,4,97.939878
1748.3878,39,97.94248
1920.2484,30,97.969446
129.7826,5,97.969495
482.9491,11,97.972422
197.71844,8,97.97247
642.6452,14,97.992272
458.44492,12,98.005729
1257.7162,40,98.008811
6105.189,141,98.011848
57.262863,4,98.015012
347.83606,10,98.01506
961.7233,30,98.017669
2712.7263,43,98.020673
475.62097,11,98.020711
162.29477,7,98.0261
890.80676,14,98.030223
256.54663,5,98.030276
2499.0598,58,98.034133
1103.9563,29,98.042354
4290.3345,108,98.055765
137.86673,3,98.059254
216.70676,7,98.059315
1423.3834,94,98.06281
164.09686,7,98.065625
695.0945,13,98.069041
958.2303,15,98.069107
350.91074,13,98.072407
2166.5955,47,98.075631
566.47095,15,98.079629
626.63135,12,98.079692
5078.5757,53,98.084873
3020.664,55,98.090533
1208.5161,31,98.090581
-676.18604,6,98.094029
417.8787,10,98.094085
119.02698,22,98.094101
105.65579,5,98.094107
-989.536,2,98.096883
165.23657,2,98.105564
1001.87177,38,98.105613
82.13552,3,98.108763
446.97797,11,98.108804
108.10574,3,98.108816
2597.7847,56,98.1144
-912.3065,3,98.117616
1121.6716,17,98.117703
869.9903,16,98.117724
463.59134,9,98.121064
1253.2446,24,98.124341
1287.148,53,98.130249
161.91336,3,98.130299
2055.1653,54,98.130315
281.66092,3,98.130324
189.16553,9,98.137048
129.96124,4,98.141953
1485.8993,38,98.157349
905.093,19,98.157415
-148.17648,4,98.157431
4460.28,62,98.16114
211.74788,12,98.161201
-389.90356,3,98.161214
929.1152,14,98.168616
82.93298,5,98.174921
2431.1814,30,98.174962
752.1548,12,98.174976
-97.64273,5,98.180545
-761.0896,5,98.180596
794.63617,18,98.188497
99.90756,4,98.18854
778.34204,20,98.191601
338.17722,4,98.191642
-900.1073,26,98.203889
700.4156,14,98.211844
2520.968,43,98.30569
437.96988,11,98.305762
2883.9744,31,98.313351
1517.1255,35,98.313415
10.228651,3,98.31624
945.96484,16,98.321834
1184.0111,27,98.324569
105.15041,4,98.332782
840.1976,19,98.332824
1310.2605,21,98.338511
128.48471,4,98.341434
-684.05554,9,98.345751
-970.0666,4,98.345806
61.01934,2,98.350213
3564.6995,56,98.350263
299.08875,28,98.35029
245.68663,11,98.353934
98.62132,2,98.358469
1510.4884,24,98.358511
1363.1335,32,98.358527
105.43156,2,98.358534
265.45,3,98.358539
-963.7322,2,98.365834
3270.0361,109,98.369117
138.14024,24,98.369175
978.96625,18,98.371835
132.82904,2,98.374562
455.42508,8,98.378423
627.151,11,98.378462
3040.7456,52,98.378473
467.13104,6,98.378479
-922.6167,2,98.387463
1320.6237,49,98.387548
3597.631,65,98.394988
234.0348,9,98.395133
109.98564,9,98.395168
3791.4644,43,98.395181
1989.8866,39,98.400396
324.68845,6,98.404525
348.52625,3,98.408235
310.25916,4,98.413372
292.1448,5,98.413422
877.5695,8,98.416672
281.89465,8,98.416716
359.94974,5,98.420079
-41.652405,12,98.420136
440.92447,6,98.420151
-30.168152,2,98.423145
267.2637,11,98.425964
139.9171,2,98.437852
1350.4176,16,98.441512
1755.3503,23,98.441564
233.36858,4,98.441586
731.79224,21,98.444662
-1251.2262,10,98.453291
1774.3105,52,98.45336
435.8145,8,98.468205
1005.458,22,98.471487
-190.8476,5,98.475094
2076.1987,32,98.475197
415.7097,10,98.47524
1827.7017,26,98.475249
293.78683,7,98.488101
1765.2184,68,98.49235
260.0829,6,98.492448
1039.2205,13,98.492465
656.20886,36,98.492492
-683.06067,3,98.497077
-49.376316,5,98.500075
158.34889,3,98.50309
160.40663,10,98.503135
15.592873,8,98.50622
-810.62317,8,98.513517
1141.4076,25,98.517379
253.44244,8,98.517438
63.410126,4,98.517455
3018.1177,84,98.520431
3854.3025,77,98.523469
299.44864,8,98.534543
260.35052,5,98.538641
743.5374,18,98.538696
775.1852,32,98.538711
895.5053,18,98.538717
-343.59186,10,98.538723
1343.6362,30,98.547637
1247.7249,18,98.552871
73.92337,3,98.55609
-52.078735,19,98.556135
4184.8237,149,98.562673
134.40591,3,98.565347
3500.9607,36,98.571126
302.40668,6,98.587479
207.81393,6,98.590833
80.01466,5,98.593973
29.524971,16,98.594019
2027.2073,45,98.599397
878.82104,20,98.605844
299.1923,5,98.605887
1049.3159,21,98.608763
2393.6238,29,98.615469
2122.2078,53,98.618757
56.490944,4,98.622731
710.93604,11,98.62278
2038.007,38,98.622794
1339.2086,41,98.625541
88.81534,2,98.628672
67.148926,2,98.628715
405.99292,22,98.632061
293.29404,5,98.632101
2328.4102,35,98.63478
3246.527,45,98.637922
350.0805,4,98.637969
3555.1091,42,98.637981
2810.4204,38,98.642992
-7.6887417,2,98.643038
71.59058,3,98.6464
1385.4222,35,98.649406
873.10675,18,98.649447
-246.76303,7,98.652612
222.11107,6,98.652663
3376.2676,43,98.655766
545.88806,16,98.655803
99.99078,2,98.662766
-579.20044,12,98.666143
354.09662,23,98.666395
173.41321,6,98.669294
5094.039,60,98.669339
-803.35895,17,98.674888
2778.2556,42,98.674933
600.20325,12,98.674948
77.564476,7,98.674956
274.3304,5,98.677785
23.77874,4,98.681917
213.63213,2,98.681996
267.1308,4,98.682013
44.020035,6,98.686587
170.99533,9,98.695075
756.8639,15,98.701166
1144.5219,17,98.701206
1955.0808,46,98.70413
208.35928,7,98.704167
1673.0833,21,98.710282
2532.4766,29,98.710351
3239.532,64,98.710367
387.42957,5,98.710374
241.88852,4,98.714621
502.65198,11,98.714686
-984.0388,3,98.719966
285.71375,16,98.724961
312.20145,7,98.725008
692.8733,25,98.73412
-371.86035,3,98.734173
329.81635,7,98.740321
205.50119,8,98.740372
267.16666,3,98.7404
5438.137,61,98.740409
1334.9219,34,98.743845
130.10962,2,98.747362
246.5942,4,98.747415
303.7989,7,98.754577
-740.0974,7,98.760556
171.19339,8,98.76355
224.66356,5,98.76912
346.52014,11,98.774264
-3.524353,9,98.774323
839.7689,14,98.774337
285.7299,4,98.786601
445.43854,22,98.786652
4682.234,57,98.789895
51.773155,2,98.792542
1504.5365,28,98.795557
2552.433,35,98.79901
-704.4134,8,98.799065
4721.716,49,98.801685
-26.315678,4,98.807427
1178.7057,39,98.807469
181.60268,2,98.812706
508.46378,17,98.815706
5696.489,68,98.815746
11.200376,2,98.821437
2808.7046,61,98.821491
-345.3921,12,98.824467
-158.08081,10,98.832956
4016.201,55,98.836223
2048.8748,29,98.841145
148.38243,3,98.841214
1161.0894,39,98.841229
484.73877,22,98.851317
3835.205,44,98.854676
-56.715576,9,98.854718
1361.7535,54,98.859703
-476.15387,5,98.869651
872.63055,22,98.872765
1564.6427,20,98.872805
62.61082,5,98.875621
-486.7516,7,98.879337
176.72473,4,98.879385
1033.9999,20,98.883515
31.213566,7,98.883578
1080.8529,34,98.886722
448.77206,15,98.890741
219.17113,4,98.890792
771.41144,11,98.890819
-25.907082,5,98.890825
435.89136,6,98.890831
35.211895,2,98.897066
342.29593,7,98.902118
239.3774,12,98.909197
-550.1271,10,98.912003
2813.965,59,98.914964
411.03946,12,98.918152
7472.218,117,98.918196
-1203.5043,15,98.923744
282.7452,12,98.923782
513.18933,13,98.923793
762.68005,13,98.926532
356.9599,7,98.933905
5100.4297,56,98.93396
1140.3817,28,98.936738
32.89002,2,98.939739
147.92383,2,98.939785
234.06967,8,98.942523
7.275196,7,98.949833
806.14624,12,98.949888
256.66034,3,98.955658
473.91904,19,98.967868
4412.623,82,98.985573
4762.583,54,98.985626
44.465755,3,98.988664
1893.4913,47,98.988706
3139.847,38,98.991796
491.04767,12,98.991837
620.7851,22,98.999622
400.47296,14,98.999683
-132.06929,9,98.999699
-1047.499,2,99.002824
2072.0854,44,99.002863
-324.52255,10,99.00545
121.912476,3,99.009779
52.085735,5,99.009825
4016.3833,40,99.00984
-1712.3633,5,99.009847
216.50464,49,99.009852
546.29034,17,99.009857
566.2028,19,99.009861
1590.6575,21,99.018955
-28.14283,9,99.024438
234.387,3,99.024494
3669.8904,48,99.027105
-36.801914,5,99.030471
-268.65103,11,99.03051
77.33913,6,99.030522
1063.5199,19,99.033518
5451.205,96,99.033588
223.24542,7,99.036518
102.78923,2,99.036557
1326.4885,18,99.042864
-353.5546,5,99.042918
-7.106514,5,99.046305
933.87915,21,99.049312
1128.0029,21,99.049341
680.5695,15,99.052048
4829.323,42,99.055225
183.19386,6,99.055272
285.94147,5,99.057859
-879.4845,2,99.061003
-834.59174,3,99.06105
-694.0431,6,99.061063
-986.0471,3,99.070736
171.79831,2,99.07392
-670.23804,4,99.076949
690.63586,18,99.076995
430.81586,9,99.088571
214.07594,3,99.088622
1530.0222,22,99.09348
3055.4402,53,99.104348
919.89075,18,99.107409
352.3355,10,99.107456
1466.4078,28,99.107468
112.115906,3,99.117873
147.46077,3,99.120885
1489.0372,32,99.120924
687.4125,14,99.123387
251.69772,10,99.126167
132.2055,2,99.126227
-86.93042,15,99.138881
1453.3284,29,99.142964
144.57059,3,99.143024
1263.1857,22,99.143037
231.60762,3,99.146324
198.28989,7,99.149621
1505.5063,31,99.149718
147.03958,3,99.152636
2564.9407,36,99.155351
285.22797,5,99.159044
-475.31436,9,99.159103
2085.5122,40,99.162968
-50.34143,27,99.163032
-919.53,3,99.163052
2840.303,41,99.166303
833.3937,16,99.172701
4479.7812,40,99.172758
191.569,4,99.17573
112.25169,9,99.175768
-1.5944672,11,99.191646
1256.3364,42,99.196672
71.79165,6,99.196727
425.95526,14,99.196739
-756.07404,7,99.199898
4405.5684,46,99.207555
160.66364,4,99.207608
-647.6571,5,99.21091
278.4123,16,99.210955
1498.466,28,99.210968
82.96296,17,99.216338
-1066.8721,6,99.216385
215.94269,15,99.219511
400.61902,22,99.21955
1307.1228,25,99.219561
1248.9135,20,99.22217
282.4828,7,99.22771
3124.003,38,99.230884
-1573.4258,7,99.230926
173.45987,3,99.236066
-499.351,9,99.236112
-21.007725,4,99.241318
-1688.2089,8,99.241368
859.9009,11,99.246228
96.1405,6,99.251384
1781.985,36,99.251432
1003.3996,21,99.255102
1892.2649,49,99.255153
1311.6946,51,99.255168
149.37675,2,99.258435
-328.14172,9,99.261411
-894.8695,3,99.264369
-121.955444,22,99.27012
-941.09705,5,99.270188
708.4037,12,99.276691
1194.5931,20,99.276739
905.1083,20,99.276752
-879.1891,4,99.282253
4015.6362,48,99.282302
165.8481,2,99.287076
-270.62805,11,99.289657
964.9361,18,99.292249
35.418915,2,99.300712
3390.7705,78,99.3009
1906.7366,27,99.311939
970.94495,25,99.314938
4774.651,86,99.318726
201.7427,3,99.318778
3310.1545,46,99.321825
390.74396,12,99.324794
4910.6177,51,99.330399
179.77652,5,99.33044
308.85324,5,99.335429
2104.692,39,99.34113
-362.46155,22,99.341183
1416.2273,28,99.341196
923.9906,27,99.34397
5197.458,78,99.347041
2932.1436,58,99.347093
1461.8477,21,99.35177
-947.5378,3,99.354568
551.95374,19,99.357143
388.37964,4,99.361514
156.12532,4,99.361568
-163.21954,16,99.361583
324.61865,10,99.361592
-879.26746,2,99.367681
-66.79935,3,99.370886
1017.81384,15,99.370926
-549.5739,6,99.373949
262.95798,5,99.374006
112.99121,2,99.376871
1518.9208,29,99.389914
61.427464,2,99.389982
3669.4749,60,99.389999
147.15404,4,99.393538
219.31296,8,99.393608
820.5758,17,99.397972
974.27625,27,99.398024
1316.6589,38,99.39804
-787.62915,2,99.398045
149.01804,8,99.400926
-158.12961,4,99.404372
806.86926,25,99.404431
-811.90027,4,99.40765
233.31273,3,99.407705
2691.533,39,99.411467
-621.72504,3,99.41153
709.10034,7,99.417169
-700.6684,7,99.419939
187.94916,5,99.42265
211.54329,12,99.42846
-49.542732,8,99.431321
894.26025,27,99.434645
83.6194,4,99.43469
3508.4062,69,99.438564
-252.61264,9,99.438627
1458.2499,28,99.438643
1633.4548,23,99.442337
-979.571,2,99.4424
198.72186,2,99.449474
3627.188,48,99.449533
2558.0479,35,99.454894
748.99506,22,99.468217
1311.1155,40,99.468299
670.1969,16,99.471939
1653.623,19,99.476616
101.96867,2,99.476715
266.44318,4,99.481015
-394.01025,18,99.481071
1384.614,26,99.481085
451.48434,10,99.485054
1814.7876,33,99.485111
408.6591,9,99.485125
85.189186,6,99.485132
84.6692,2,99.485138
377.289,4,99.487824
4043.378,49,99.491319
277.8452,4,99.496614
149.07956,4,99.496656
382.63794,13,99.499679
-28.185135,5,99.505584
-663.9369,11,99.505632
-1166.1718,4,99.511538
-737.8042,5,99.511588
463.94543,10,99.511603
799.9013,10,99.51161
580.94324,18,99.514372
630.75616,11,99.518263
1816.2834,26,99.518318
126.00966,2,99.518332
1007.2205,17,99.518338
-88.241455,8,99.521415
78.26512,3,99.524347
87.803375,4,99.524379
324.85016,5,99.527102
182.11743,4,99.530513
203.98166,3,99.5339
623.4422,16,99.533944
2814.3171,77,99.533957
2619.9038,39,99.539333
92.930176,3,99.542111
1977.9187,32,99.548632
-613.48755,9,99.556599
-965.302,4,99.559116
987.8666,15,99.570533
5356.1396,64,99.574006
322.55237,17,99.574059
1395.9354,45,99.574074
431.18457,14,99.579658
128.41177,4,99.583416
198.75914,7,99.593873
2505.9702,38,99.596947
771.8934,13,99.602079
-52.026627,13,99.618337
418.66608,12,99.61838
1075.6628,24,99.618391
2778.2903,35,99.621195
2309.3047,44,99.621243
2348.6973,52,99.624295
1882.0132,34,99.62434
4725.0083,44,99.624351
794.892,11,99.63056
1662.26,32,99.633236
1546.0171,21,99.636039
377.4028,6,99.636084
426.9171,12,99.640234
936.85693,26,99.640284
3567.6758,43,99.640301
-578.6397,6,99.644199
3465.3313,52,99.644261
547.72656,17,99.647636
3535.2058,38,99.647683
785.7708,9,99.647694
2384.9253,60,99.650597
75.69568,2,99.650642
365.12473,9,99.653566
3591.4375,41,99.653611
75.933,8,99.669504
449.54477,7,99.67486
435.35846,8,99.674905
759.40094,13,99.679892
-830.73175,10,99.679935
90.010056,6,99.679946
338.1296,8,99.679952
-195.11035,12,99.679956
274.20374,9,99.682874
-980.6235,2,99.685842
1680.6558,35,99.688614
424.13068,8,99.694515
138.86328,12,99.69735
252.64523,5,99.702758
964.062,23,99.702794
1709.5851,19,99.702806
799.9909,16,99.70574
74.07448,3,99.705783
955.5876,20,99.708641
-842.40985,8,99.70868
402.50543,12,99.719895
1829.376,28,99.719939
58.064556,2,99.719952
4646.218,87,99.72312
59.88155,2,99.72734
3712.9993,63,99.727409
387.94818,13,99.727425
117.335266,6,99.727434
-886.9723,3,99.730773
252.21216,11,99.734327
389.7722,4,99.734386
1824.1854,29,99.74232
218.12631,4,99.746761
-156.914,5,99.746812
432.4343,6,99.746827
2334.7285,63,99.749658
735.5036,14,99.753402
577.346,23,99.75347
773.9211,22,99.753486
194.71768,3,99.757632
64.26792,3,99.757685
283.92645,7,99.757706
986.94366,15,99.761458
1545.0483,25,99.766994
532.5827,11,99.767063
1315.3375,16,99.767079
165.57523,2,99.767089
2723.106,41,99.767094
293.1019,17,99.7671
2421.4802,33,99.771266
165.3038,2,99.774467
-1037.9636,3,99.778018
192.1073,10,99.781962
-141.38394,4,99.790565
173.93875,5,99.790611
458.51718,10,99.805032
1775.1056,22,99.805101
746.05115,11,99.805114
2095.745,36,99.872682
151.74419,2,99.875419
419.45935,18,99.879698
456.80948,10,99.879753
5177.928,92,99.883356
933.9522,25,99.883415
272.43585,4,99.886141
1078.5339,18,99.889297
110.22958,3,99.889344
-152.64902,20,99.892459
474.0569,7,99.8925
108.19948,2,99.895894
93.0805,4,99.895935
303.52432,4,99.89596
142.4223,2,99.901086
-30.290176,3,99.903614
-1524.8103,7,99.906176
-134.44171,11,99.909877
746.5177,38,99.909936
117.21649,3,99.909951
110.03456,2,99.9146
850.4011,18,99.914654
229.318,2,99.917475
74.733086,3,99.920496
335.70645,9,99.920543
1190.1729,30,99.923835
15.031723,3,99.923874
846.5073,23,99.923886
-275.64133,3,99.929553
1458.3019,55,99.929592
-660.66016,13,99.932316
86.704346,18,99.935665
248.24606,5,99.935702
686.1732,31,99.935715
2721.8604,33,99.935723
45.461235,3,99.949486
1279.8247,16,99.949541
127.76474,3,99.949556
306.6187,6,99.952554
3497.772,47,99.965753
172.51086,38,99.984281
772.5032,15,99.984345
1708.6622,32,99.984362
967.62866,43,99.987811
561.1208,14,99.987865
141.63068,6,99.996237
172.84981,5,99.999185
307.03784,5,99.999233
2233.6836,47,100.00222
1068.0931,44,100.002268
418.93582,29,100.005235
-6.94158,3,100.005275
66.31723,2,100.007955
126.01788,2,100.010464
1723.5803,21,100.013248
2064.6965,28,100.015862
362.1542,23,100.019911
299.96887,6,100.019985
-186.87732,17,100.024698
137.81323,15,100.044312
150.64374,20,100.047836
151.3836,6,100.051066
754.17535,18,100.051113
40.837257,2,100.054298
637.5418,11,100.054343
-182.92737,14,100.054355
217.80733,27,100.057171
675.29504,15,100.057214
124.5492,3,100.05969
153.56213,2,100.063077
-1681.7928,15,100.063125
1561.9749,31,100.063139
356.41452,5,100.068515
1775.7812,36,100.071368
64.08387,5,100.071414
170.4638,5,100.074202
-100.51878,10,100.074228
4846.6743,55,100.077166
354.41797,8,100.077216
2.9866676,4,100.087095
-553.4789,8,100.090768
1122.723,17,100.090819
1823.703,30,100.093933
433.12085,22,100.097173
192.18668,9,100.100449
2883.0625,37,100.100489
313.37717,4,100.1005
1503.7632,50,100.107715
292.77795,8,100.114057
-219.82364,16,100.114109
1262.3801,42,100.114122
229.509,8,100.116715
-910.00867,7,100.119607
8.07991,28,100.119643
-218.80194,16,100.122254
487.96252,16,100.125071
7.267452,2,100.125115
1074.8475,34,100.12873
189.9162,5,100.128785
828.50806,35,100.136604
292.25867,3,100.136655
295.64255,5,100.139152
131.07327,2,100.141826
298.80432,4,100.146793
678.57947,18,100.149388
2459.536,34,100.152007
615.53314,26,100.154527
4255.7764,65,100.16653
-1530.8936,9,100.166571
281.01147,36,100.169717
1385.5365,22,100.169759
809.269,17,100.173388
2685.7734,66,100.173436
330.39346,9,100.176052
1227.3259,25,100.186634
-736.00684,4,100.186697
316.3875,7,100.189802
1438.8289,28,100.193003
575.43427,9,100.201327
2790.0925,39,100.207779
426.17432,10,100.207823
5871.195,149,100.207834
122.54358,5,100.210796
219.07285,6,100.210843
325.0188,7,100.213685
466.5,6,100.216614
-912.4751,3,100.216658
122.832344,3,100.220256
297.58713,5,100.223112
310.31943,4,100.228323
1160.1074,20,100.231221
3966.5989,59,100.23383
211.81815,5,100.237981
188.25204,8,100.242041
314.31253,4,100.2421
84.41124,2,100.242116
396.89062,14,100.2448
-942.292,2,100.247873
2457.9714,55,100.247911
1383.9967,31,100.250758
60.300407,5,100.254311
184.2262,27,100.254371
354.7728,6,100.26043
330.23206,3,100.272268
173.78503,3,100.272332
4647.2046,49,100.272347
846.306,9,100.277673
2174.6738,46,100.277742
411.52914,31,100.281766
18.258774,4,100.284815
747.8628,39,100.287767
383.2744,22,100.291339
3939.4695,52,100.291384
5265.3594,53,100.291398
133.17935,5,100.294335
643.4817,12,100.294376
325.8399,6,100.301508
125.531815,2,100.301578
51.039936,3,100.305137
751.3533,8,100.305194
-5.9188023,2,100.308207
-48.973022,31,100.318293
-569.51416,9,100.318361
615.5591,14,100.318376
5819.8413,76,100.322309
-206.10704,15,100.322368
5249.615,55,100.322385
789.9369,23,100.328862
321.99854,7,100.328949
-551.508,6,100.338159
2511.7039,36,100.356114
140.69412,7,100.35617
1601.4744,28,100.359568
87.49512,4,100.371854
1758.2489,21,100.375637
1389.1787,28,100.37571
503.67975,12,100.375726
676.1014,12,100.375775
1587.5779,25,100.382528
522.35443,22,100.389279
388.49533,4,100.389336
2961.0527,87,100.393498
1257.5548,26,100.393576
424.36145,6,100.405622
109.283966,2,100.405695
232.02454,4,100.40571
7.1724243,3,100.416702
925.8406,12,100.419953
130.08124,10,100.425334
43.876667,4,100.425381
149.32191,7,100.437654
1734.1206,51,100.445125
287.88107,4,100.445168
623.3749,32,100.459941
2080.8726,30,100.475668
317.6705,4,100.475726
-99.07095,5,100.489613
3441.7034,35,100.489659
2984.3157,64,100.489671
1118.9951,30,100.492585
694.15674,27,100.492626
94.12257,2,100.496769
250.24527,11,100.496811
2384.139,42,100.496822
159.32678,23,100.4999
695.2259,16,100.502939
84.21317,4,100.50606
3506.19,105,100.506107
-608.21265,8,100.509068
113.454575,4,100.509153
1094.651,11,100.51256
586.0442,7,100.515558
210.69237,3,100.51886
548.9848,6,100.5189
838.7167,13,100.52377
-23.071968,9,100.528789
1761.5952,27,100.531916
276.0361,8,100.531958
393.71155,10,100.534623
275.95007,3,100.539502
-2355.5142,18,100.542363
1195.8218,14,100.553083
-449.6908,7,100.55314
-602.10596,6,100.556233
-972.8688,10,100.556283
2413.8396,35,100.55962
3820.1387,43,100.559652
-394.89343,11,100.565193
1689.452,57,100.565245
187.95631,3,100.56893
2284.7954,31,100.569005
-1009.35986,2,100.572327
765.9615,19,100.575518
3974.738,45,100.586308
126.033035,2,100.591858
420.06146,28,100.591907
-427.11652,11,100.601827
599.4617,10,100.601891
6468.681,84,100.601908
184.54224,7,100.605757
-285.97156,8,100.605806
-1158.263,14,100.608933
18.927723,3,100.611687
5427.693,68,100.616691
289.17944,6,100.619242
3221.8633,41,100.622655
1196.9955,17,100.622715
3680.1145,65,100.622731
-792.46783,7,100.628812
-859.98413,4,100.631863
515.18286,7,100.637426
2915.4019,39,100.637466
2519.911,61,100.649889
685.8167,11,100.65332
2380.6497,46,100.65336
-37.087746,15,100.656477
-971.5232,3,100.656535
338.32074,9,100.659455
150.48177,7,100.659502
1807.7518,25,100.666775
93.539276,2,100.666824
3078.6558,33,100.666838
5207.148,49,100.666844
-912.31085,4,100.669522
181.89151,2,100.673046
186.29546,4,100.67633
7.430786,5,100.676379
731.3392,11,100.679897
340.32706,16,100.685914
-782.19666,5,100.685956
1190.746,25,100.688895
300.55658,9,100.691813
334.6502,11,100.691855
2429.122,38,100.694487
-54.320095,10,100.697235
1483.4906,28,100.702529
300.076,6,100.707021
602.838,13,100.707079
1181.4359,18,100.707095
29.345047,11,100.707102
177.05624,7,100.707107
104.64519,2,100.709752
354.05838,7,100.718647
-723.5139,4,100.723811
1859.6987,30,100.738296
-400.66348,11,100.738344
265.69928,7,100.744292
427.53116,6,100.747378
1613.0242,64,100.75183
223.29074,4,100.75188
490.0337,11,100.751895
1871.392,30,100.757285
1573.612,24,100.760318
113.66634,4,100.763432
1033.378,21,100.766487
176.76465,27,100.770372
2641.7454,48,100.770417
-1046.138,2,100.770435
47.461533,2,100.773332
1660.8307,29,100.783158
421.9615,11,100.78322
579.62683,20,100.783234
538.85986,10,100.783241
1496.9034,23,100.783247
123.25697,4,100.786506
110.799675,2,100.789777
100.97687,3,100.792647
144.52234,13,100.797041
710.6394,11,100.79711
6005.3633,79,100.797126
7826.7295,172,100.800568
-644.2757,5,100.800619
2853.1848,64,100.803797
-562.17,4,100.803843
213.9033,6,100.803854
259.8365,4,100.806726
821.1286,10,100.806762
72.669266,2,100.812644
10.855755,3,100.812707
133.92198,8,100.812722
261.91293,9,100.812729
-738.02295,14,100.820997
-52.018585,15,100.821056
123.64,6,100.821072
1050.2888,32,100.821079
269.364,8,100.823642
104.268555,2,100.827015
89.74106,2,100.827048
91.28112,5,100.827057
492.95203,9,100.834026
94.6842,2,100.834078
140.6669,3,100.837178
193.6937,8,100.837226
1065.0928,51,100.840486
103.778145,2,100.843703
268.20575,8,100.847467
90.096634,2,100.850563
663.12714,14,100.855748
-968.40625,4,100.858434
4304.0576,45,100.861021
1284.4584,16,100.868647
2190.6606,34,100.868689
4393.691,80,100.876138
-1002.3937,6,100.876187
3355.503,41,100.878824
649.7914,10,100.882069
108.59947,5,100.882115
57.31878,2,100.882128
154.29019,6,100.884984
-914.32465,3,100.88503
1483.6696,31,100.891931
1441.8818,15,100.891994
185.30219,3,100.892011
848.167,18,100.892019
1839.5325,31,100.895679
3878.0671,65,100.899518
1467.5432,34,100.899566
353.9762,3,100.902634
2231.675,30,100.902672
1202.4132,24,100.905911
-495.27637,6,100.905949
3596.058,100,100.908862
1588.8976,37,100.908907
139.93243,3,100.911564
242.27252,9,100.914593
824.07336,11,100.917281
-710.3014,8,100.920418
187.9361,6,100.920469
254.7901,5,100.925341
536.99036,13,100.93054
-6.5601387,5,100.933072
146.89334,6,100.935845
3735.8677,49,100.941028
226.51474,13,100.943719
167.8814,4,100.947066
3355.3877,68,100.947111
937.91296,19,100.947124
941.1745,22,100.94713
1838.6193,43,100.951087
-910.4617,8,100.95848
-946.1795,3,100.972171
240.51953,4,100.975988
313.531,6,100.976046
1644.6887,23,100.976063
1156.9929,22,100.978862
261.17557,6,100.982155
1145.583,18,100.982211
298.74677,3,100.985289
3791.8308,82,100.988151
377.8455,9,100.991437
-636.0791,8,100.991704
-434.60657,5,100.991729
3863.5144,48,100.995306
221.04272,3,100.999193
-873.9039,4,101.004867
696.9795,28,101.007859
407.73096,12,101.007899
4318.273,38,101.010459
2555.6821,57,101.021117
-989.6872,8,101.024618
2747.3618,34,101.02467
83.07245,2,101.027792
726.94556,16,101.032928
142.51741,14,101.035518
2911.2964,57,101.043463
2160.3013,31,101.043527
229.5728,12,101.043547
1255.3667,17,101.047724
882.60297,15,101.052022
1289.1533,19,101.052081
689.3562,25,101.0521
891.3911,23,101.052108
255.62848,6,101.052113
1519.86,22,101.052118
1380.9854,46,101.054907
94.66968,2,101.057622
236.6546,5,101.060581
115.09616,3,101.066968
750.64905,14,101.067027
2220.3386,29,101.067043
229.1601,5,101.067049
402.0259,6,101.069747
1032.6793,22,101.080354
-930.24854,4,101.0804
317.35394,9,101.080428
-911.9077,3,101.080433
188.43808,10,101.080437
-292.9151,13,101.085617
225.9323,3,101.088283
384.45978,4,101.091263
3881.201,50,101.094651
520.57306,11,101.101011
1734.9358,27,101.106734
3766.6763,57,101.106787
832.89777,18,101.109892
261.03677,5,101.115653
410.47867,12,101.115695
71.956726,3,101.11868
21.11363,4,101.118719
522.0689,13,101.123687
-27.683044,13,101.126261
274.29947,5,101.131717
987.98474,28,101.135917
256.34283,3,101.135983
4942.9775,57,101.136003
-713.53986,6,101.136014
1441.8535,20,101.140209
1306.6787,26,101.140267
2540.3564,37,101.15513
3104.0293,40,101.155195
66.66972,4,101.155214
502.80405,10,101.160215
2405.8423,57,101.165748
455.22076,8,101.165791
1526.9274,17,101.171687
5834.1797,108,101.174758
-927.9635,8,101.177785
2992.9045,41,101.181564
6396.225,85,101.184982
201.6348,7,101.187769
80.7881,2,101.19087
1517.2236,35,101.190908
-907.1345,7,101.201181
566.81744,21,101.203953
648.84204,31,101.206616
2542.4653,45,101.209756
258.79095,3,101.209793
3332.7148,64,101.209805
178.4541,2,101.212419
1397.3416,24,101.217812
224.84444,12,101.224442
927.56824,14,101.224502
3692.8352,43,101.228007
258.4466,6,101.22807
1944.0653,31,101.23647
165.63666,6,101.236521
1293.1493,22,101.239066
-43.6868,4,101.255101
773.5123,13,101.255177
877.0513,35,101.255195
7.029602,19,101.255203
2288.1843,34,101.255208
432.0391,5,101.260381
976.38385,32,101.265423
90.513916,4,101.268101
2980.3982,47,101.270996
272.07892,5,101.271039
1585.2284,37,101.273839
740.87115,18,101.273884
71.95217,2,101.276611
604.34155,15,101.28019
-1543.4001,8,101.28024
1324.9465,28,101.282992
269.29846,7,101.293079
564.8669,10,101.293135
556.56433,10,101.307328
-806.97534,3,101.310205
2141.2917,35,101.330557
2725.6606,85,101.330614
5082.1694,70,101.334602
2532.9272,29,101.33465
1329.1066,21,101.334664
742.5553,19,101.334671
993.74664,46,101.337702
-94.93021,3,101.34496
302.1557,4,101.345036
704.5796,29,101.348227
3084.7603,56,101.348275
307.91278,19,101.427781
611.46173,11,101.427815
1565.2472,39,101.427824
55.21118,2,101.434481
69.52241,2,101.43467
2390.2522,56,101.439182
1199.4204,38,101.445525
189.62195,4,101.445563
688.8766,15,101.450702
1510.2361,24,101.467216
1604.832,28,101.467283
1049.011,13,101.491228
-846.68994,9,101.49428
-385.7199,7,101.506
359.85358,7,101.508872
920.1928,16,101.512024
429.04633,9,101.518993
1532.8782,18,101.519041
-452.36633,7,101.519054
3983.2285,47,101.521747
523.445,14,101.527115
82.46116,2,101.527162
3700.981,101,101.538605
4041.6743,44,101.542105
157.37328,5,101.542167
16.007812,10,101.547131
1359.5618,23,101.547194
-456.3026,12,101.547212
821.84534,15,101.550104
2130.0215,26,101.553273
843.51,15,101.55332
761.44446,24,101.556391
292.595,4,101.556438
-671.7899,7,101.559541
22.453896,4,101.562596
-577.267,7,101.565785
673.88135,12,101.565835
-679.60016,4,101.568821
155.27109,4,101.568859
354.6475,6,101.571415
199.9477,4,101.577102
876.4083,31,101.57715
108.177795,2,101.584246
3361.8105,48,101.584307
41.140892,5,101.584322
1074.005,15,101.587036
-308.61407,15,101.594861
1861.9828,47,101.594899
4856.8423,52,101.594908
307.36945,5,101.594913
749.5748,30,101.594919
776.4237,16,101.598321
178.15668,3,101.598598
-637.0906,4,101.607033
234.49667,5,101.609732
3400.2134,60,101.614474
-53.670776,9,101.614525
-846.30206,6,101.61454
1052.1372,20,101.617605
88.66108,3,101.617644
2111.79,44,101.624175
159.91106,3,101.624235
883.9325,9,101.62742
670.52057,7,101.641708
135.10706,12,101.641759
-608.25635,7,101.645034
1697.5347,41,101.654278
263.0809,7,101.657552
-892.3867,2,101.657594
201.94287,28,101.661249
-889.6224,2,101.661281
1837.7902,35,101.661291
1428.7563,25,101.661297
102.444885,6,101.666865
99.687675,4,101.6699
1608.5952,44,101.669939
149.1333,4,101.672723
551.2418,8,101.672768
-891.55255,2,101.675478
40.33775,2,101.67813
2533.495,39,101.681427
-1143.4517,17,101.68773
466.64255,9,101.687768
153.5636,2,101.68778
1482.94,50,101.690505
578.5108,35,101.694227
512.0672,11,101.69426
119.08158,6,101.69427
362.00238,9,101.700457
-267.20453,17,101.717261
1563.1873,44,101.720984
3516.5286,55,101.721042
-933.3617,2,101.727067
489.99738,11,101.736689
-362.08026,9,101.736742
334.46802,5,101.742007
368.46326,13,101.742053
627.0039,23,101.744833
675.8882,36,101.747625
-42.257767,5,101.750269
3904.3997,46,101.753076
-46.28679,3,101.753119
2517.1042,46,101.760521
1232.4897,24,101.77011
238.61868,5,101.770174
1671.1576,22,101.777907
476.08954,11,101.777973
1029.7495,20,101.792518
-843.19495,2,101.799024
377.44568,6,101.803423
839.2005,19,101.803469
616.37335,13,101.803496
4511.6714,61,101.809884
139.39938,4,101.818494
231.47221,13,101.821353
1153.6328,22,101.82436
4369.22,54,101.824407
122.36051,3,101.827008
1540.315,33,101.83136
96.879196,2,101.831401
1309.2935,27,101.831413
1703.8304,55,101.836355
671.73816,10,101.839424
2931.16,48,101.842107
1283.7545,68,101.845433
-629.6609,6,101.848282
499.41168,7,101.850909
393.5142,8,101.859955
359.36703,8,101.863331
-1295.2177,20,101.870605
1410.9502,29,101.870676
1837.6584,33,101.870701
660.1063,9,101.874474
565.47504,15,101.874522
4437.2065,50,101.874536
147.81766,2,101.877778
310.9427,4,101.877817
50.136276,3,101.881592
653.9414,34,101.884933
100.56136,3,101.884986
51.87686,2,101.89078
218.33797,4,101.890819
170.29756,2,101.890831
419.11465,10,101.893529
485.6584,14,101.903696
422.20474,8,101.904004
199.22993,3,101.908413
243.49384,8,101.908462
2648.9712,35,101.90848
90.999084,7,101.90849
4330.906,96,101.91973
475.0027,6,101.922805
334.07718,27,101.922843
-969.61176,2,101.925921
614.5791,10,101.925959
287.77832,4,101.92597
331.15497,5,101.929043
102.66106,2,101.931973
191.36324,3,101.934963
177.62407,9,101.938065
291.82312,8,101.938111
589.9647,36,101.940703
492.22888,12,101.943404
174.95471,3,101.953094
3112.7976,36,101.953132
3233.1494,40,101.953141
2374.5889,34,101.968559
5241.621,56,101.968643
-399.79114,10,101.972835
50.58435,21,101.972876
129.72148,3,101.978935
281.19302,5,101.99043
5429.603,76,101.996033
210.10892,4,101.996102
246.0476,8,101.996119
77.022865,2,101.996128
840.61304,12,101.999702
225.09738,7,101.999755
504.9353,11,102.002545
66.31311,2,102.005194
98.56292,2,102.015872
279.08014,4,102.015917
4634.2866,87,102.015929
179.00784,4,102.025747
1075.5671,21,102.025797
353.3435,15,102.028607
-31.041878,3,102.033715
322.80743,11,102.036879
5511.0933,109,102.036914
1148.6439,17,102.036925
-418.07104,22,102.042112
3285.0654,89,102.042161
-103.00989,17,102.052492
717.95795,13,102.055262
39.445015,5,102.060129
-876.9454,4,102.066808
49.603703,2,102.078471
-605.6412,6,102.083621
983.79224,25,102.086675
1110.188,26,102.086721
4090.3257,62,102.092345
4270.245,47,102.092402
677.6092,18,102.095234
3694.2102,42,102.09804
-1681.6635,17,102.101243
2887.0496,47,102.101283
464.8586,10,102.104163
-1441.0269,6,102.104208
451.27673,32,102.107608
380.41104,6,102.110394
190.65593,9,102.119658
-735.19995,6,102.123414
3096.0789,45,102.123468
110.83388,2,102.126704
-1197.1407,9,102.126742
33.02709,2,102.131022
218.75577,6,102.131072
253.1142,5,102.134366
1084.9102,17,102.13783
-207.65723,9,102.137869
976.43787,53,102.13788
260.47723,4,102.140597
1036.82,36,102.143226
5530.9023,60,102.145928
681.3395,15,102.149879
171.59576,4,102.149933
5861.451,76,102.149949
-838.29407,6,102.153258
86.16107,2,102.156808
4247.655,51,102.156857
-904.6173,2,102.16008
142.55067,4,102.171526
330.49362,4,102.171596
186.20155,7,102.174499
1003.0177,12,102.177457
2883.4336,39,102.190845
720.8043,11,102.190902
470.91077,15,102.190919
-624.3324,13,102.195552
109.98598,5,102.195619
336.85425,14,102.199592
-893.81256,23,102.20538
31.469303,5,102.208554
439.34875,8,102.225696
3471.6777,46,102.230937
2186.7485,51,102.238078
1055.005,57,102.244506
5259.0,44,102.25062
29.75253,23,102.25757
393.77957,15,102.257621
301.83002,6,102.257636
61.89763,3,102.267189
-285.67023,13,102.270184
927.8921,25,102.275964
3324.821,42,102.27958
4394.953,46,102.279646
1219.8044,19,102.282969
297.6301,9,102.286246
514.5189,6,102.297993
1008.7833,56,102.305911
671.8063,8,102.309794
3869.8494,40,102.31283
2050.6719,88,102.312884
5174.553,47,102.315932
141.51837,3,102.315979
329.34998,24,102.324419
-176.11829,18,102.324482
349.08017,4,102.324497
-773.444,4,102.324504
2546.0125,37,102.327609
412.24036,10,102.327651
5188.5645,81,102.330891
74.978,6,102.334879
1211.1213,25,102.33494
3788.3972,50,102.334957
860.91095,18,102.334964
155.24149,4,102.338406
167.72525,4,102.338465
1188.514,45,102.342727
3626.7441,45,102.342779
178.69144,2,102.342793
572.27856,8,102.3428
-958.26556,2,102.342806
889.2513,25,102.345899
2139.3389,32,102.345927
-206.69037,7,102.34963
-556.18054,4,102.349825
4548.579,50,102.349855
-1076.7312,6,102.349866
140.3696,3,102.364433
281.47495,6,102.368022
42.321312,3,102.368083
-465.21466,8,102.373504
109.54167,5,102.373544
659.5748,13,102.378563
1233.6432,31,102.387908
62.93518,10,102.388
223.00754,5,102.388022
-1784.6709,9,102.38803
4346.507,63,102.391573
424.28632,12,102.400199
986.5541,22,102.400265
-1590.3987,8,102.404191
279.97552,3,102.404259
-79.62777,6,102.40428
1347.3481,17,102.408267
186.99715,3,102.408325
315.2454,6,102.417058
-899.27826,5,102.420452
636.00885,14,102.423225
910.8317,12,102.42635
-129.3476,9,102.426396
-694.1476,5,102.426408
368.92572,8,102.429295
170.97754,4,102.432624
882.01544,21,102.432671
118.719696,4,102.437982
335.3456,4,102.438029
304.23834,5,102.441785
-9.807011,3,102.44183
1051.3105,22,102.441844
3375.0935,68,102.441851
1612.6171,43,102.441857
213.67297,3,102.458658
393.21497,17,102.458693
88.06404,3,102.458701
2219.204,30,102.471011
285.72937,5,102.47108
84.74747,2,102.47437
3085.0273,89,102.474409
663.10913,17,102.477991
-569.2799,16,102.490288
-795.7918,4,102.490335
87.53458,2,102.495373
-544.86005,14,102.49803
334.24524,12,102.500646
4527.7354,42,102.503802
1529.373,24,102.503839
236.23778,5,102.50385
-851.49585,8,102.508298
505.4382,14,102.508332
144.80133,2,102.508342
378.96283,4,102.508349
74.71473,3,102.515684
62.086487,2,102.515731
1583.7186,20,102.515745
5046.813,92,102.518942
135.87245,4,102.522394
156.66681,4,102.52244
111.59518,2,102.525921
221.99527,2,102.531734
79.59032,5,102.53178
709.4232,18,102.531793
333.90048,7,102.536714
1873.8875,25,102.539862
546.9177,12,102.542597
105.68267,2,102.545564
180.89833,3,102.54562
3265.1838,41,102.556233
1180.9,28,102.55951
1146.8087,29,102.574372
508.03992,19,102.574425
251.45049,4,102.577712
286.02066,9,102.577752
1445.0946,49,102.577764
667.1722,14,102.58194
1285.6061,24,102.581999
-228.93036,35,102.582014
360.8672,10,102.585185
221.93956,3,102.589017
621.7844,19,102.589088
388.8031,6,102.589106
1905.2725,62,102.592282
1388.3202,51,102.600564
-645.2158,5,102.600618
71.954285,24,102.603344
3822.003,65,102.606213
123.794876,2,102.606257
105.64661,23,102.608772
190.29086,2,102.611921
162.41248,32,102.611963
553.3109,13,102.615896
73.17585,3,102.616168
-1.9738617,2,102.616192
71.59964,2,102.62189
1611.9554,43,102.62194
-176.10529,14,102.624868
148.54686,4,102.624907
-667.0583,10,102.639713
112.693954,6,102.639796
266.39835,4,102.645982
806.25775,9,102.651741
3095.0457,39,102.651781
1904.3707,35,102.654997
352.3987,8,102.655044
987.00586,22,102.655056
1288.9612,21,102.660175
-1016.6492,3,102.66022
1411.8706,65,102.674261
453.14883,11,102.674342
324.24023,14,102.67862
176.71916,6,102.688348
14.223999,24,102.688397
-110.84715,3,102.688411
147.86514,3,102.693486
62.044434,8,102.696181
187.1188,7,102.701797
4675.233,90,102.701839
-718.7317,5,102.701851
382.97574,8,102.704697
111.13083,6,102.704738
636.4876,37,102.730075
165.82504,7,102.73014
-101.28575,8,102.730153
1791.523,24,102.733583
1401.5752,34,102.736881
-1517.2692,3,102.740278
3374.5771,43,102.743697
1066.5178,18,102.754277
-138.28412,14,102.758107
1639.0862,31,102.758154
353.7481,5,102.758168
70.057465,2,102.758176
47.702248,7,102.760859
135.64491,3,102.772043
136.68913,5,102.780441
2342.7983,52,102.780488
306.25653,12,102.780502
3323.6973,61,102.784281
430.83112,31,102.784344
3378.4998,53,102.787669
852.1002,39,102.793345
-299.04382,11,102.79339
-1071.6602,11,102.79655
383.8779,7,102.80435
2223.4688,29,102.809216
1537.8427,34,102.815591
82.16753,12,102.819374
1745.1892,46,102.823495
1421.5725,19,102.823553
-950.721,2,102.823567
-45.570007,12,102.826437
4000.365,96,102.829529
86.54672,3,102.834241
465.24942,11,102.834289
1489.406,46,102.834315
377.02,12,102.834321
1126.3695,37,102.837501
2224.4863,47,102.843731
229.63458,2,102.843801
1194.9451,26,102.848345
-780.4723,4,102.848411
430.77277,10,102.848423
1188.8649,16,102.848431
25.311071,2,102.854295
188.70872,2,102.854359
301.22293,6,102.859487
2883.5923,44,102.859539
172.936,2,102.859558
1623.3829,76,102.863035
-806.9314,4,102.867214
558.4909,10,102.873782
3993.4104,75,102.876963
180.98863,7,102.87701
473.54547,6,102.882706
2723.8418,38,102.882764
46.37348,5,102.88278
129.4451,7,102.886487
2245.685,32,102.886547
907.2819,29,102.886562
266.11365,3,102.889333
-891.99475,3,102.892065
241.50136,3,102.894989
366.32834,6,102.903772
-684.6442,7,102.903824
148.76706,4,102.903839
2130.4744,35,102.903846
1662.5872,24,102.911029
465.74094,10,102.921687
74.95691,2,102.925626
406.00467,16,102.925669
148.04004,5,102.925682
1097.2261,14,102.939799
1055.9552,17,102.943491
300.2991,3,102.943541
968.12427,30,102.962534
-1063.7394,7,102.988932
-917.31464,4,102.988997
2778.1697,34,102.989014
2448.1326,27,102.991822
2046.648,48,102.995234
209.32751,2,102.99528
394.66223,28,102.995292
4292.722,58,102.995298
-582.7174,5,103.013379
4406.546,43,103.018399
1379.6296,25,103.021289
971.1942,19,103.024704
427.03247,13,103.024756
244.74379,12,103.027992
2499.0122,26,103.039122
-857.5494,5,103.039179
-919.4506,3,103.039195
3188.7122,50,103.041792
170.16354,6,103.044787
115.91536,4,103.044825
177.31654,3,103.053779
3120.7275,60,103.066418
1112.5675,20,103.069785
816.67773,17,103.075415
4882.1025,51,103.152342
271.59872,10,103.152392
-734.5385,5,103.152404
791.2264,34,103.155075
2599.1409,59,103.157716
4455.814,47,103.163552
260.60394,15,103.163598
115.30182,4,103.16361
544.2363,9,103.166524
-647.359,16,103.169994
-340.83234,30,103.170045
3187.9004,37,103.170071
819.2766,19,103.173252
3453.8376,60,103.173296
1988.2941,34,103.183519
269.42828,10,103.183574
2801.165,48,103.183593
4077.8235,57,103.186319
-209.18152,7,103.189459
229.77258,6,103.189505
521.00116,5,103.189518
2219.2578,38,103.19288
570.8307,7,103.192929
1030.35,14,103.195814
-105.10927,4,103.195844
620.7967,11,103.20157
-566.03094,9,103.201628
87.45376,6,103.204478
826.66113,32,103.207399
408.77182,5,103.210516
80.955185,5,103.210555
106.97187,2,103.210567
1202.161,21,103.221191
3672.185,48,103.22919
463.76678,8,103.231997
39.112812,2,103.238847
3255.4553,37,103.238901
880.28357,19,103.242223
328.40314,8,103.24227
133.58029,2,103.245093
-97.520325,18,103.250603
2282.7004,67,103.254498
57.88565,3,103.25738
-911.16345,6,103.260638
933.26825,29,103.260677
80.44258,4,103.263414
2511.1235,32,103.271523
104.268265,7,103.271577
590.6482,15,103.281706
204.18027,20,103.281773
-898.26294,2,103.286448
1274.3088,21,103.286516
-40.106922,4,103.286534
102.29483,2,103.28654
3107.9377,44,103.286546
-1007.8678,2,103.289906
286.24652,7,103.289947
138.39645,2,103.29503
-127.1485,5,103.305071
1635.2896,35,103.305134
1366.367,27,103.30515
-264.402,3,103.305157
1050.8538,22,103.305162
94.1521,2,103.307914
1839.2942,71,103.310622
158.1206,4,103.321046
729.04846,26,103.321114
110.17037,3,103.321133
2202.026,29,103.321142
-98.53603,10,103.324367
541.67084,11,103.327399
545.8762,36,103.333212
278.98523,18,103.333262
819.41675,14,103.33591
-56.40465,2,103.341046
1417.2272,47,103.341091
1094.5284,18,103.346535
1436.6576,35,103.346596
842.47864,10,103.349984
-372.2354,15,103.350032
-973.3245,2,103.352824
696.3021,12,103.355473
95.26629,2,103.35966
462.79163,13,103.359708
734.2854,25,103.359721
-86.84783,9,103.359726
2380.1323,46,103.359731
25.16558,3,103.368945
1433.2034,24,103.377749
424.1846,12,103.377812
334.39774,7,103.377828
601.5928,20,103.383826
-583.5873,12,103.387897
852.45886,17,103.397139
2670.735,47,103.400414
2660.586,31,103.403825
-693.4353,6,103.403874
4554.3276,60,103.410375
2908.3774,37,103.410414
151.59819,9,103.410425
204.84476,4,103.413325
1041.9236,12,103.420113
853.8319,12,103.420169
871.25885,11,103.422869
297.17227,7,103.425484
822.47394,10,103.428438
-839.353,9,103.436056
1163.402,50,103.43611
1833.4932,28,103.439593
182.40024,8,103.44256
884.6339,26,103.473666
708.8613,17,103.490697
397.04868,8,103.490756
1198.1396,32,103.490773
1170.4387,33,103.494095
954.8544,34,103.507782
2619.3196,35,103.510783
13.082886,21,103.518123
1471.2235,17,103.518187
106.10344,2,103.525789
3312.4,56,103.525839
-732.43384,6,103.525853
263.12433,6,103.525859
70.36244,2,103.538631
770.83386,23,103.541777
94.74327,7,103.541818
128.82019,5,103.547156
-409.72687,17,103.547217
2845.8032,75,103.550163
3668.3325,57,103.552806
-11.458006,3,103.555362
76.25813,3,103.55796
1411.0024,32,103.560866
973.97833,19,103.560904
-902.26654,4,103.563875
4785.157,53,103.567293
-997.3963,10,103.570383
3887.8044,60,103.570419
1637.6029,32,103.573459
-863.9357,4,103.573518
4176.05,64,103.576958
1249.7645,28,103.577011
896.3891,13,103.577026
1094.5096,17,103.577032
944.00055,14,103.583526
-455.3202,12,103.583579
61.71981,5,103.589655
67.65532,4,103.589719
1792.9473,33,103.589735
1021.85803,20,103.592577
838.45087,24,103.595812
330.0647,26,103.595842
241.9217,8,103.601798
316.06256,11,103.605328
65.86986,4,103.605369
8.192945,3,103.605381
51.86924,6,103.608099
-846.82416,11,103.611237
600.5943,12,103.635338
150.67166,4,103.635419
229.40198,2,103.641382
1552.4517,24,103.649176
3920.1836,88,103.649239
209.11462,14,103.653903
0.10632324,24,103.664415
261.49048,3,103.664502
2827.3472,62,103.669947
191.51132,6,103.677827
2201.3423,44,103.677898
-829.1194,10,103.690944
38.364788,3,103.702756
2258.4707,58,103.70283
946.7258,22,103.723366
1415.2749,26,103.72345
1184.6948,28,103.723472
201.04741,5,103.72735
2274.3694,35,103.741695
374.97836,9,103.741736
752.54865,22,103.74744
-850.1503,5,103.756688
-298.5766,5,103.764214
-1204.6859,3,103.767737
1399.6477,29,103.771859
3502.6274,44,103.775946
-932.24286,7,103.776011
3674.8645,54,103.780862
257.90027,23,103.780911
56.46788,3,103.784642
101.78482,2,103.787398
910.6938,14,103.79264
330.7009,5,103.792676
37.04428,5,103.797367
1444.1466,18,103.797436
2970.588,27,103.807623
152.09932,8,103.807663
2587.1746,41,103.819707
2194.3672,44,103.823148
3864.4895,46,103.830537
418.90173,27,103.8306
122.64974,3,103.834906
224.29817,4,103.834958
283.96396,10,103.841097
1134.625,23,103.841144
88.97474,3,103.844987
213.80356,15,103.845044
-924.9373,4,103.845066
2958.0574,64,103.855858
128.588,2,103.860703
2394.7795,58,103.865484
113.87923,3,103.865543
3580.2183,64,103.869087
-107.8667,6,103.872654
1474.9299,34,103.872691
502.38388,29,103.876276
297.49072,7,103.876334
102.08469,3,103.879232
378.2396,5,103.883179
1320.5231,26,103.883234
1273.3999,50,103.883249
-282.66113,10,103.888616
125.66586,3,103.888657
129.30154,5,103.891453
281.1172,4,103.894405
232.78381,29,103.900752
172.53836,4,103.903892
548.99,10,103.909447
1466.6138,22,103.918757
3513.7488,53,103.935408
5715.9395,84,103.939218
5161.115,60,103.981414
-257.95056,5,103.981482
1167.7164,32,103.989893
7.4976425,7,103.994022
597.2617,28,103.998108
1297.9724,17,103.998174
4191.8193,54,104.011507
-24.73917,2,104.011563
2387.775,50,104.021821
103.72971,4,104.025816
499.45535,6,104.025867
44.87911,2,104.029344
172.02406,2,104.039013
1437.0999,19,104.039086
51.303375,3,104.042954
75.0356,2,104.043024
381.559,6,104.047464
-861.33105,2,104.047548
177.4784,2,104.068224
1263.7579,40,104.068288
359.05518,5,104.073613
1273.2905,36,104.076501
954.2907,15,104.080942
1618.6005,40,104.080997
5808.0635,82,104.084394
263.3731,5,104.084433
2831.8801,38,104.092251
1596.8254,37,104.092297
276.87433,6,104.098793
95.53173,2,104.098837
2666.4258,50,104.102389
515.62177,15,104.102446
2604.847,43,104.105508
585.2097,27,104.108751
661.1082,13,104.119502
548.7641,11,104.119555
797.73364,11,104.122714
696.53973,16,104.122754
11.039383,2,104.126834
1801.2456,53,104.126895
79.22915,2,104.126912
2725.2598,43,104.130518
5250.192,47,104.134803
5040.38,52,104.134864
-1006.00323,3,104.138216
-23.348404,13,104.141103
-25.908695,3,104.144547
4799.415,100,104.144584
-677.4293,6,104.144596
99.687805,7,104.155648
-11.886093,11,104.155704
2259.6804,40,104.170223
1243.9442,19,104.179593
1576.6954,25,104.182746
-47.31004,12,104.185931
5024.7974,84,104.188573
1714.502,30,104.19185
835.1973,14,104.195595
-552.0975,12,104.195641
47.427242,2,104.195656
650.00604,13,104.202532
1898.2489,93,104.211626
615.1825,7,104.211674
201.59177,3,104.211687
2442.2346,41,104.215661
97.13956,3,104.22957
-588.04114,6,104.241122
175.87718,7,104.24877
143.18036,7,104.248846
607.82794,10,104.248864
143.9165,5,104.255271
-353.26752,30,104.259882
3084.3667,55,104.25993
3023.3257,49,104.259943
545.92175,13,104.25995
343.77966,13,104.271297
1540.2699,34,104.275426
-876.7896,4,104.27548
1636.1606,26,104.278896
79.319695,9,104.296232
-937.31726,3,104.305712
55.57368,8,104.305756
-783.0124,8,104.308579
114.835556,2,104.312516
-114.30005,9,104.312575
156.763,4,104.312591
4165.491,48,104.319218
-1697.5122,17,104.322276
1626.931,46,104.322315
-995.3998,2,104.334179
2687.1985,38,104.334252
553.9223,10,104.33427
817.06964,16,104.339355
611.4114,8,104.342453
2487.6196,44,104.345825
1704.4404,44,104.354115
4234.361,44,104.354188
1944.5035,34,104.364672
391.7106,7,104.371587
814.6866,14,104.41271
503.7082,6,104.412787
2239.6038,62,104.437854
140.68178,2,104.443162
1282.9188,28,106.503189
209.53027,3,106.50325
1013.99,35,106.506357
537.52606,10,106.509312
1587.8763,29,106.515001
542.1355,19,106.51505
-742.41064,6,106.52121
1028.2646,17,106.521263
479.8072,23,106.521277
1346.2922,26,106.524121
86.34072,2,106.527022
1125.2959,17,106.529759
444.78503,10,106.538119
103.00042,9,106.541374
375.01263,5,106.541415
-588.13916,8,106.545709
370.15073,8,106.545762
2521.2566,35,106.545778
522.0127,22,106.545787
125.43299,3,106.545794
1216.9996,25,106.549586
1154.0288,37,106.549637
261.59814,3,106.553582
6130.777,81,106.553643
304.3988,7,106.557194
918.7333,14,106.557243
3734.1782,63,106.560042
2068.3076,39,106.563223
399.98776,6,106.566665
1580.5687,36,106.569983
293.19382,7,106.57003
192.64606,9,106.572835
121.64308,4,106.576372
-796.3476,6,106.576419
22.573593,9,106.576433
635.4158,9,106.584733
1963.1481,37,106.588746
2204.8052,44,106.5888
368.6999,7,106.598857
357.16086,5,106.598894
1149.0594,19,106.601781
251.74596,7,106.612873
-499.0331,15,106.612928
1112.3834,20,106.616621
107.175896,2,106.621459
4908.477,69,106.624335
1244.9609,28,106.624373
7011.296,96,106.626864
2778.7961,49,106.629802
1128.6326,27,106.635328
5074.328,90,106.641527
722.3946,8,106.649209
925.8036,15,106.649262
699.97656,16,106.652918
601.7762,13,106.652965
463.6496,26,106.652992
1534.6445,18,106.661956
231.13976,7,106.665697
1408.7474,34,106.665752
384.94006,5,106.668792
331.79565,6,106.668841
2271.9119,26,106.673205
2781.7256,37,106.673271
1320.4869,35,106.673287
2415.8591,31,106.673295
46.445793,2,106.673303
102.17691,2,106.679785
-76.17819,34,106.69108
2424.431,50,106.694618
93.91378,4,106.694667
174.34349,6,106.69468
1777.5013,26,106.697345
119.06739,22,106.700564
191.58264,8,106.700628
750.36456,21,106.700641
148.8287,3,106.703303
-1021.50745,5,106.708364
983.99554,19,106.713551
215.65991,5,106.7136
912.5097,31,106.718704
207.92293,8,106.721334
1527.783,18,106.724648
456.46667,28,106.724692
-180.49515,18,106.728228
2770.8972,47,106.728282
1655.7697,25,106.728297
130.85461,7,106.733405
126.50214,4,106.739235
20.171986,4,106.739286
315.61792,7,106.74508
4736.6963,54,106.745126
849.45215,20,106.75106
2158.9468,28,106.751111
189.89154,8,106.756431
1655.923,25,106.761521
2050.3467,33,106.76731
1493.1108,48,106.770899
370.23358,8,106.779699
3510.2185,72,106.79195
1969.1595,27,106.79481
741.1089,40,106.797757
5875.2896,69,106.801041
1874.9869,28,106.804368
760.5483,23,106.808059
2777.4468,46,106.808118
1292.5198,26,106.810874
1518.0135,18,106.813382
4882.937,44,106.819409
1611.4388,32,106.822057
1164.1687,22,106.82521
1004.02637,28,106.825245
145.46706,4,106.825257
128.45213,6,106.827794
1208.1561,15,106.831023
156.72653,2,106.83433
1008.40753,12,106.834359
622.92993,10,106.837061
924.8961,16,106.842903
1039.3376,24,106.84295
873.11786,13,106.842964
825.71466,21,106.845572
-928.92773,2,106.855951
250.66013,4,106.856014
-151.66025,6,106.8594
-450.51688,48,106.863684
3072.4678,49,106.863745
2821.2122,34,106.86376
166.96439,4,106.863767
318.99493,3,106.867715
33.150406,11,106.867757
327.26306,13,106.880744
661.05835,9,106.880829
-610.1975,8,106.888728
410.8306,8,106.888793
1929.3254,39,106.892347
1020.7915,21,106.892406
4870.1587,44,106.895685
1248.6326,21,106.898493
-899.1505,12,106.902136
1164.7585,30,106.902192
2064.644,34,106.902207
1082.1144,20,106.902214
130.74529,4,106.905278
-452.5677,7,106.905322
301.94,4,106.905334
190.42065,13,106.908089
1819.2053,31,106.911378
71.456024,3,106.921179
165.28185,7,106.924866
382.27838,9,106.924921
12.993923,8,106.924942
4443.184,46,106.927968
-625.9415,8,106.931808
4795.127,61,106.931859
3704.3164,42,106.931875
56.66462,2,107.005827
-637.2112,4,107.009701
-594.0342,9,107.009752
2631.783,34,107.013439
60.452457,3,107.013485
404.01505,8,107.023996
1703.1387,30,107.027329
536.4457,17,107.041656
-38.21497,22,107.041708
1653.8538,29,107.041722
1114.3936,25,107.057675
208.97952,3,107.057731
1532.9974,28,107.064475
885.3646,22,107.064503
-753.8269,12,107.067727
1339.0261,25,107.075256
1865.4138,40,107.077825
1057.2327,51,107.090076
55.062115,2,107.090135
353.62143,17,107.116134
847.9381,20,107.116198
507.2409,16,107.116213
448.01648,7,107.124161
159.15619,4,107.127033
971.31335,15,107.13111
4632.392,53,107.131185
1749.2173,37,107.131204
133.78311,2,107.136898
3239.9526,30,107.136937
2275.2385,27,107.136948
139.17493,4,107.143023
2636.6462,34,107.143069
288.8598,9,107.143082
1213.2472,19,107.14309
1452.7013,15,107.145874
91.2677,3,107.157695
396.26654,8,107.160923
291.09366,4,107.163908
211.91644,5,107.163956
2266.021,37,107.169869
2049.7524,43,107.173379
541.8703,13,107.173417
649.1199,15,107.176073
-555.52106,10,107.178822
925.9187,13,107.181367
1396.8956,43,107.184018
1924.5842,36,107.187222
-914.3913,13,107.187257
1029.3817,33,107.187267
197.79614,5,107.190396
122.5622,4,107.190434
223.12773,3,107.190445
49.22721,2,107.193438
152.74335,8,107.193475
297.81363,3,107.196231
2715.6812,39,107.19628
-252.3284,3,107.198975
90.67081,3,107.205376
177.36682,16,107.205418
83.66107,2,107.20543
-265.44333,6,107.208321
-8.12209,2,107.211339
194.12398,2,107.211375
1206.2792,25,107.217306
1695.7524,34,107.222916
-27.4162,4,107.222956
1311.3794,40,107.228352
821.96295,11,107.228399
232.6676,8,107.22841
1392.786,31,107.234745
629.7597,10,107.237607
106.329185,2,107.240646
357.34857,4,107.240683
1004.3598,27,107.240695
293.71692,11,107.243302
-815.0654,3,107.248641
1441.9757,26,107.2487
-589.86926,5,107.254555
226.46425,9,107.254611
4106.5557,68,107.254626
-189.12914,5,107.254633
1428.7802,57,107.257715
-333.88843,10,107.257761
2378.098,55,107.257774
257.53198,4,107.260542
663.05347,13,107.260578
-77.520874,4,107.265718
73.45969,3,107.265769
-708.37146,5,107.272074
736.03595,12,107.272154
4723.738,97,107.278523
195.7692,6,107.285022
2168.599,87,107.285091
78.45606,2,107.291715
2427.1406,43,107.291765
1003.8465,13,107.294384
1385.8228,45,107.297263
261.28375,10,107.304375
937.4762,39,107.307193
-197.96465,5,107.31003
167.86348,3,107.313089
1558.6051,40,107.313137
2429.0015,44,107.320462
1417.6014,46,107.324271
74.29317,4,107.324332
1073.6838,22,107.327463
393.2825,4,107.327502
1411.4653,26,107.343833
2379.6956,47,107.343885
790.105,24,107.343899
3295.6028,55,107.347354
1456.4485,16,107.351599
351.2633,19,107.354944
191.80077,3,107.357992
235.03098,9,107.361049
239.09286,9,107.363853
826.92706,12,107.372595
637.1055,14,107.372638
1492.0765,34,107.375686
381.35254,27,107.38085
-169.05173,7,107.390932
260.2464,4,107.390984
259.3904,11,107.401619
2660.3694,38,107.407992
112.36558,2,107.408064
1547.784,17,107.416637
1645.3918,22,107.419823
1784.2777,39,107.42393
1350.3853,28,107.424003
683.01587,10,107.424021
1178.8209,19,107.424029
194.48788,3,107.428502
281.53986,13,107.428552
-313.24405,4,107.428581
2134.241,50,107.428587
68.15969,3,107.434539
1194.5253,25,107.434584
343.64578,4,107.437647
974.787,37,107.437695
1146.97,13,107.441159
306.13956,5,107.441215
104.36931,2,107.444403
213.92673,5,107.44445
307.49152,6,107.447699
976.7609,21,107.447746
221.61916,2,107.447759
267.31995,3,107.458365
200.52863,3,107.48254
1507.2289,24,107.493605
2.9379044,4,107.493658
656.0122,10,107.493674
306.64462,12,107.493681
650.7735,9,107.508799
3470.3037,69,107.508851
476.84363,11,107.511949
39.852173,4,107.516477
-157.02399,12,107.516538
3240.2507,63,107.519394
152.33548,6,107.522638
760.289,20,107.522675
-791.63525,6,107.522687
1014.42413,12,107.525589
-687.4246,6,107.528831
118.43816,2,107.53365
3046.11,78,107.533718
93.39274,3,107.533735
2822.775,39,107.533745
101.38425,4,107.537149
1558.0491,33,107.540671
355.57697,4,107.54863
1044.0088,25,107.551615
-35.090942,12,107.554742
110.30958,12,107.55478
1017.5675,60,107.559733
-647.449,4,107.564975
1501.8828,42,107.573556
-495.39334,6,107.576753
1215.6555,28,107.580912
155.70407,6,107.60132
743.775,34,107.60137
4863.7637,46,107.614657
205.2703,2,107.620754
1773.453,31,107.628207
2136.0232,35,107.628258
944.4642,19,107.639394
1840.6732,35,107.643065
-443.56915,14,107.647012
3806.2158,72,107.647079
657.5501,15,107.652299
2799.7825,46,107.65236
108.44106,2,107.655233
229.49112,4,107.65992
1954.8981,47,107.65996
2965.6785,34,107.662994
2868.339,47,107.666595
41.036797,8,107.669658
3191.7612,48,107.673706
132.38019,2,107.673771
494.20755,6,107.677371
143.97849,4,107.67763
-420.98495,8,107.681155
1830.862,42,107.681217
3586.4397,47,107.681232
124.477875,2,107.687444
1111.0516,18,107.687492
4618.0513,46,107.687506
-953.3854,3,107.695486
4579.4043,50,107.698087
2474.6519,48,107.717108
-578.6291,13,107.722679
1017.13525,25,107.722729
675.0215,13,107.725604
1743.3395,50,107.725641
2179.0557,47,107.728949
-818.4297,3,107.735991
546.98004,15,107.739337
68.90898,5,107.742122
166.2338,7,107.744796
1247.5255,26,107.747492
5119.112,52,107.758453
634.1041,25,107.75851
9043.145,134,107.766042
304.1526,3,107.766098
77.67916,2,107.771996
805.42584,29,107.772063
2.1407166,10,107.772078
4028.1313,74,107.77522
56.984726,3,107.78168
798.9453,18,107.781753
1266.6334,20,107.781771
2555.8052,36,107.784852
-881.28625,3,107.78977
793.6657,34,107.792297
-454.82306,5,107.795197
1172.3623,20,107.795242
197.75705,6,107.79866
739.09686,18,107.798722
799.6193,21,107.80168
263.91092,3,107.807041
1174.822,35,107.807073
22.525253,7,107.812077
226.39801,3,107.814927
4434.0225,53,107.814984
1310.5531,30,107.82175
292.40546,11,107.821802
207.83441,7,107.821849
2775.9805,42,107.825318
252.82863,4,107.825369
870.0376,21,107.829085
83.99722,2,107.829129
3445.8772,38,107.829142
-823.98846,5,107.832172
125.062004,2,107.832221
3305.4023,58,107.835314
4658.8516,56,107.835352
122.31318,2,107.84209
112.29424,6,107.842137
136.02748,3,107.84215
1167.5201,17,107.848453
-1091.8068,8,107.84849
177.2968,5,107.848498
63.031128,4,107.848505
1021.50476,17,107.85222
183.43369,8,107.852278
3078.2847,113,107.852292
-780.1362,3,107.852299
102.48349,2,107.855841
220.80536,2,107.855887
717.1235,23,107.855901
335.20084,4,107.855909
-1.6694794,5,107.859882
102.17691,2,107.859938
194.47696,3,107.859968
164.8815,4,107.864349
377.13794,34,107.864406
77.91082,2,107.86442
102.165184,2,107.870557
79.47725,5,107.875958
668.35,19,107.879726
133.20131,8,107.879774
1514.0536,22,107.879788
108.65218,7,107.882935
-896.51825,2,107.885961
157.07092,10,107.889455
82.50623,2,107.889502
646.79913,11,107.889518
-596.97424,20,107.895072
107.967316,2,107.895118
295.17734,6,107.897839
750.24426,14,107.901904
120.36138,2,107.901955
122.294846,3,107.904829
45.535576,7,107.907617
-860.88226,3,107.910226
4239.5366,45,107.91275
281.61124,6,107.918209
457.2936,7,107.918257
477.88956,13,107.918269
938.41187,18,107.923284
1375.9083,22,107.926219
247.9819,6,107.926257
4366.447,51,107.931349
3751.961,45,107.941137
96.05004,3,107.941203
154.7569,3,107.941221
-815.3003,8,107.975415
161.41565,3,107.985541
2556.168,39,108.011132
427.7362,6,108.011173
616.65656,15,108.011183
1604.6439,90,108.022499
77.1143,3,108.022575
2934.87,101,108.022592
243.33923,18,108.025594
6138.9595,92,108.028746
254.52315,8,108.028786
1419.8156,25,108.031628
143.98952,5,108.042616
2253.951,44,108.042656
1437.8365,28,108.048412
124.858505,5,108.053994
1837.907,34,108.057383
260.6352,9,108.057432
2411.5012,41,108.060785
859.693,15,108.060837
807.83105,23,108.066303
2377.4204,44,108.066356
413.43848,7,108.066368
99.4453,4,108.069134
-46.80623,13,108.07208
90.775085,6,108.072126
140.38313,2,108.078333
127.45656,6,108.078421
-755.5335,5,108.096518
605.9689,7,108.108093
-670.3286,18,108.108166
-790.26196,4,108.111308
74.94263,2,108.121299
637.04706,10,108.121353
-245.6098,19,108.126762
206.27797,6,108.126804
1077.6401,27,108.135107
4152.3896,56,108.135172
842.43256,15,108.135193
2006.4618,57,108.139092
164.2908,4,108.139177
86.94682,2,108.142352
100.02947,2,108.145179
952.7381,18,108.157587
371.94968,5,108.15764
148.61357,3,108.157655
1126.6163,17,108.160974
2130.322,30,108.161021
1099.9534,42,108.161034
5784.449,92,108.163729
-766.192,5,108.168746
4157.58,46,108.168796
159.67737,2,108.168811
189.44005,2,108.168818
171.44945,2,108.174407
3485.3376,38,108.180088
142.75421,4,108.180126
2281.7192,55,108.189452
-90.87861,14,108.199442
1156.2307,25,108.203157
217.28523,8,108.203208
809.70435,26,108.206087
1171.8923,39,108.208858
3228.0166,45,108.217494
1486.2739,16,108.221174
-876.0102,4,108.22122
-501.43033,18,108.221234
21.390688,3,108.226631
2651.7617,53,108.226673
815.26263,8,108.2304
-558.52985,10,108.230445
-862.1912,9,108.230459
2757.1602,59,108.230466
-293.66968,16,108.244593
3468.6897,40,108.248173
958.6568,27,108.248201
107.89865,2,108.258523
5254.385,56,108.258564
1452.8043,27,108.261609
73.83671,2,108.261648
2399.9492,27,108.264394
-1853.6743,8,108.275733
749.8807,16,108.275783
-589.32794,10,108.275797
4628.358,55,108.279603
-189.5178,9,108.279658
368.40775,12,108.282976
1253.4513,32,108.283028
50.88088,2,108.283047
-860.91974,4,108.285972
1432.1592,35,108.289341
-8.607651,3,108.289392
3318.8167,40,108.289409
3290.1567,43,108.289416
-261.74182,4,108.291989
254.46071,6,108.295183
78.11784,3,108.29941
596.807,15,108.303088
493.7161,6,108.303146
-768.9267,5,108.305908
-128.49039,6,108.30888
882.4555,17,108.308918
804.02484,13,108.312415
3569.459,56,108.315495
155.92459,5,108.319506
770.03455,15,108.319554
-683.78094,5,108.319568
342.81918,5,108.322395
568.86285,11,108.326494
2460.3706,50,108.326546
27.487902,4,108.326561
102.17691,2,108.32657
-24.108452,2,108.332738
275.62665,4,108.336041
1926.4028,26,108.339848
214.87573,2,108.343219
1876.0664,45,108.346926
960.08966,15,108.346984
73.27765,2,108.346999
621.1503,9,108.353459
1831.7716,33,108.356453
390.7942,11,108.359622
296.07,10,108.362716
974.81635,11,108.366132
1987.8102,30,108.366193
203.24315,5,108.371625
180.70792,7,108.371677
1491.8987,27,108.37584
108.808525,5,108.375897
127.44218,3,108.375912
1125.9678,18,108.379554
765.313,24,108.382711
-27.967762,2,108.388618
176.67116,11,108.392083
106.92919,8,108.395947
139.74295,14,108.396019
-97.6418,4,108.399694
514.8655,7,108.404275
613.2184,10,108.41197
61.345856,14,108.414931
2243.2366,30,108.425556
1810.1704,43,108.425612
686.3755,9,108.428789
84.72482,2,108.44148
441.0821,9,108.441546
1636.3069,42,108.444908
-423.2265,34,108.444966
1444.5522,30,108.448041
-975.1101,2,108.460393
3262.206,54,108.483188
594.5022,20,108.4872
375.4538,10,108.496189
3354.1763,53,108.496275
631.77423,15,108.50167
2703.0647,34,108.501721
1640.6217,20,108.517289
708.3698,13,108.517366
3803.4539,53,108.526422
1255.3374,14,108.52984
40.646362,14,108.533263
-792.1702,2,108.53927
3405.2898,55,108.542732
1162.7799,26,108.546218
-763.1029,12,108.549408
64.459076,4,108.56694
203.0787,3,108.56701
1746.3386,43,108.567027
629.08746,11,108.567034
-359.60132,6,108.5815
205.84148,2,108.597441
-978.28076,3,108.610342
1953.7898,68,108.617255
151.53003,3,108.624685
1209.5638,27,108.646996
808.2912,20,108.661185
1343.486,17,108.661263
1388.4556,22,108.661281
2066.4155,35,108.661287
306.42255,7,108.67374
220.6767,12,108.67706
4914.65,49,108.683299
-9.926491,3,108.683372
-1044.4371,9,108.68339
247.54659,3,108.694933
1811.5287,37,108.698426
3852.0952,60,108.708929
-284.69788,11,108.71557
2706.7024,32,108.715607
790.0138,27,108.725824
528.4967,22,108.729396
-962.2277,3,108.729478
4124.86,41,108.741775
910.2831,16,108.744899
2986.6025,40,108.81295
295.7042,5,108.816138
1731.9988,44,108.819521
5544.325,58,108.835226
2342.081,30,108.835276
325.71332,14,108.841982
2661.1865,38,108.846547
2160.2354,27,108.846596
138.72467,2,108.849259
177.01462,2,108.853025
668.8323,24,108.853085
-394.41754,26,108.859724
93.64608,4,108.859787
79.323044,3,108.862995
374.93576,9,108.86585
2015.7515,35,108.877369
6388.14,79,108.877419
5203.7905,63,108.880467
2083.7896,29,108.880514
262.08188,8,108.89583
-47.424263,4,108.895874
-1171.5581,5,108.899398
5927.817,79,108.899465
2162.5166,42,108.913009
364.29556,6,108.913073
278.17093,3,108.916566
407.359,10,108.916628
2950.6733,34,108.928771
-2.7166595,6,108.93282
208.15283,9,108.932893
-3.152504,8,108.939165
3542.6965,43,108.942971
2118.1716,29,108.943025
51.601894,5,108.946042
136.42647,22,108.951061
3173.5618,34,108.951174
-226.76035,8,108.958259
108.82376,2,108.958317
2432.9702,46,108.98253
603.14764,8,108.99153
-6.344574,10,108.99159
23.068016,12,108.995471
1174.025,30,108.995534
2315.7063,37,108.99878
3290.7869,45,109.026457
-96.10381,7,109.026529
31.443075,3,109.026546
-1069.6595,9,109.029838
-1084.5724,7,109.036157
553.7705,12,109.042264
-88.435844,10,109.046055
110.045815,6,109.046108
658.0854,12,109.049408
592.1035,18,109.052769
282.00742,6,109.055386
-745.9601,5,109.060131
203.87186,6,109.078067
-4.970811,8,109.078162
4697.638,58,109.080976
157.38083,9,109.090343
1533.6008,46,109.094131
1538.2562,58,109.094189
1608.6772,28,109.097274
1062.1002,29,109.09732
4137.1914,85,109.108262
99.502106,2,109.108345
305.18353,5,109.111933
94.20204,2,109.115683
-31.187378,21,109.115719
-272.2994,4,109.119054
-1.3906847,2,109.121829
4088.9226,51,109.125345
141.49031,5,109.125397
327.24976,10,109.125413
79.96289,3,109.125421
4829.152,54,109.135559
165.67523,11,109.135613
536.85895,5,109.135628
384.97333,5,109.138532
484.80362,11,109.14779
3970.3333,42,109.164879
565.40576,12,109.164933
4157.464,52,109.164946
180.83977,5,109.180877
3903.796,44,109.184257
737.1809,15,109.184311
387.07935,20,109.187459
2644.5742,90,109.187499
193.58353,14,109.192703
2909.5305,42,109.19539
921.04846,17,109.207726
902.8624,10,109.210521
1715.6191,65,109.214978
202.97406,8,109.215036
1540.5272,24,109.219396
-531.4303,6,109.219446
3558.8,34,109.21946
3376.3171,62,109.222422
36.129814,6,109.22846
184.50662,3,109.228508
443.1614,13,109.228524
504.3487,11,109.228531
1291.7041,14,109.236146
677.6411,10,109.243848
-620.719,6,109.243915
470.88184,8,109.243932
1207.8131,30,109.246629
1592.1306,31,109.259155
969.9499,14,109.262557
2423.6006,44,109.265609
317.89694,27,109.274554
263.05316,3,109.27461
4663.295,64,109.278919
4719.2637,58,109.278989
5330.542,73,109.28248
108.023575,2,109.286678
3482.121,57,109.286729
2863.5225,57,109.289983
66.52782,3,109.290034
259.15442,7,109.292663
196.34782,6,109.295741
479.1977,13,109.29882
284.30182,6,109.30995
247.98997,5,109.31284
145.28004,4,109.315709
649.254,37,109.315741
22.410759,8,109.319202
2025.1083,59,109.322226
1634.1113,25,109.324911
622.595,10,109.32755
-848.6564,3,109.330218
-40.88141,29,109.33532
553.0018,24,109.340474
921.88025,15,109.343361
1334.8315,32,109.343408
-762.58093,15,109.348768
-246.37292,12,109.348811
1134.9996,23,109.352241
1429.2518,38,109.352283
-408.2237,14,109.355547
-904.1692,2,109.355594
162.92558,3,109.361822
-609.5773,9,109.371403
2199.7234,30,109.371487
2333.8572,35,109.37151
-41.769966,5,109.377256
617.961,9,109.377303
611.35364,12,109.380308
1796.7831,48,109.386071
256.17938,4,109.386163
67.59209,2,109.386182
153.86638,2,109.386192
573.5031,9,109.386199
1377.9403,25,109.392164
83.57899,5,109.392243
-859.5989,3,109.40006
-422.38757,3,109.400122
549.46875,17,109.400135
148.00024,2,109.406119
110.98423,2,109.406163
242.2653,3,109.40928
183.44637,2,109.413042
-146.82275,23,109.413111
1285.7977,29,109.413129
2469.0083,33,109.41701
89.78881,8,109.417062
159.23972,2,109.417073
2047.956,48,109.420839
-617.47363,9,109.420896
2463.6633,29,109.424422
665.7138,11,109.424472
-2.8742943,4,109.427242
300.8937,5,109.430654
756.1199,42,109.430702
1051.446,21,109.430715
3826.2922,55,109.437772
2685.5112,71,109.44138
165.34784,5,109.441446
1661.9393,19,109.444512
2409.34,66,109.447551
67.211266,11,109.474941
275.06412,5,109.475024
-731.6286,8,109.475036
3781.7964,38,109.483557
770.6719,14,109.510862
-639.1595,11,109.522114
-906.87396,5,109.522177
-626.9601,34,109.522195
649.6166,13,109.525732
213.49512,6,109.525786
-267.95505,7,109.528809
1121.488,13,109.550542
-400.20538,19,109.566718
476.06522,9,109.576247
1405.4702,24,109.576301
198.91841,6,109.581725
-903.61096,10,109.58175
270.96057,5,109.59463
747.6322,12,109.59749
65.90347,8,109.60086
926.67285,38,109.600944
703.9524,15,109.600963
2006.3337,30,109.613376
226.69945,3,109.616712
-104.54614,18,109.619934
4885.233,42,109.623177
-349.5412,4,109.623224
115.02139,5,109.626334
1023.2081,36,109.626381
-271.17282,7,109.632316
542.26807,37,109.642477
110.703285,3,109.642544
276.89175,7,109.64256
3495.1753,101,109.645591
3706.9348,37,109.65346
135.63364,3,109.657493
1128.4148,16,109.65754
2002.8204,30,109.657569
-561.60657,9,109.664152
253.3911,6,109.6642
141.3121,18,109.664214
5062.925,72,109.664221
3721.0378,48,109.66864
122.39477,2,109.672046
1447.2345,29,109.672083
663.6623,8,109.675287
206.50671,6,109.675327
1577.1493,19,109.679281
277.70886,6,109.679323
290.17892,4,109.679335
3347.0054,57,109.683151
368.23163,13,109.683198
198.37964,3,109.683212
683.0617,15,109.683228
4095.1536,44,109.686182
1403.0054,18,109.689309
-1042.4208,2,109.689347
-909.2011,4,109.692732
5058.4785,53,109.692777
-875.93524,3,109.692791
23.256447,3,109.696108
76.24693,2,109.700534
-56.115604,6,109.703652
1747.0109,20,109.714923
2268.6143,35,109.714976
590.16077,12,109.723985
1949.3126,25,109.724042
114.33485,7,109.727371
1137.4126,20,109.730791
40.39962,2,109.730837
2608.9316,54,109.73085
1278.9761,23,109.73362
2022.9303,22,109.736538
107.06039,2,109.739986
-871.9414,3,109.740034
1054.4218,14,109.743456
448.54865,12,109.746475
380.08356,4,109.753376
-844.704,3,109.756491
1611.1068,20,109.759813
597.19434,7,109.763038
52.94356,13,109.763092
748.56464,10,109.763105
11.931978,4,109.76564
1204.7142,15,109.774381
-353.7118,3,109.777174
175.26369,3,109.782743
2378.4165,32,109.782818
1380.6492,28,109.782832
2750.1284,31,109.785857
1065.6444,14,109.785896
-1025.2761,2,109.789056
1751.8647,37,109.795463
1499.8547,29,109.795527
1744.5385,35,109.799495
253.27502,3,109.799566
652.2503,12,109.806123
671.38336,14,109.806175
3610.7344,39,109.809441
-313.07526,4,109.809479
321.16263,7,109.80949
-16.443481,36,109.814917
875.96906,15,109.814976
434.17688,26,109.814993
-1028.9808,7,109.823554
-79.45703,18,109.823611
511.84778,19,109.830999
-267.61823,16,109.842056
406.1643,10,109.845827
-1139.9458,7,109.845877
-193.36926,10,109.849052
679.683,10,109.849098
862.3256,19,109.852453
-922.39795,3,109.852523
285.49323,4,109.858796
4340.2646,54,109.858839
1076.0309,18,109.867125
1705.3264,34,109.870038
1919.3219,41,109.873215
-648.7529,6,109.873261
600.47406,14,109.878588
-552.0635,7,109.878636
429.9938,5,109.878648
143.84341,2,109.888199
4229.515,57,109.888252
1575.0709,54,109.89332
-31.613052,4,109.908197
1482.2634,17,109.910825
323.402,8,109.914159
-244.60815,22,109.917538
253.00935,15,109.923964
143.24654,3,109.92402
-1039.1638,3,109.93341
4042.6821,102,109.933459
1017.9502,21,109.933473
-202.2127,9,109.936474
412.7873,59,109.939365
3286.672,38,109.942696
3811.9338,44,109.942745
52.233425,5,109.94857
3139.3232,37,109.948607
819.6189,30,109.948621
-123.66752,13,109.953277
-1208.9109,6,109.953322
74.35054,2,109.976773
-197.78273,8,109.976844
1149.6816,32,109.980025
-332.4823,9,109.983331
1224.6873,44,109.983358
939.4093,57,109.991328
224.47699,5,109.991379
1871.001,52,109.996182
173.9482,7,109.999242
187.71468,3,109.999297
1341.6418,15,110.011412
3251.2258,50,110.011467
59.955418,3,110.019526
-129.7155,13,110.019579
361.07892,11,110.019594
614.05115,15,110.019599
2387.2744,53,110.026527
3062.4167,39,110.026591
-580.3125,21,110.026608
2485.5422,40,110.029626
108.84825,2,110.032972
78.31139,2,110.033024
380.9237,9,110.033036
417.0575,11,110.048894
167.12846,2,110.048948
126.94715,7,110.052626
443.12067,25,110.052717
-902.32904,14,110.055746
176.40985,9,110.068991
71.29216,4,110.06907
276.7596,7,110.069093
886.5104,28,110.072177
2353.4792,29,110.075413
144.17764,2,110.075461
-0.44646454,7,110.08124
3148.7686,55,110.081286
-476.6106,9,110.0813
845.9603,17,110.088945
280.66754,4,110.094802
817.51227,11,110.10443
2278.66,58,110.1079
1226.3577,31,110.107942
153.71532,2,110.113029
372.34985,4,110.116593
730.82056,15,110.126042
1162.2311,25,110.129848
-861.72064,3,110.129898
3406.469,58,110.154421
2035.1469,57,110.157475
78.683136,2,110.160915
4008.4539,76,110.174726
3286.2131,79,110.17956
3006.9165,49,110.17961
847.1386,28,110.182904
5461.5903,56,110.190503
1439.3269,41,110.193781
564.4623,8,110.197563
138.97925,2,110.197607
274.6937,14,110.197621
264.5739,4,110.202196
186.5462,5,110.20227
-872.22876,7,110.208125
429.18994,12,110.208179
316.1986,3,110.211561
605.8186,27,110.211598
218.86101,3,110.21161
280.01892,7,110.216948
121.773926,2,110.217002
1516.0734,36,110.219889
2047.0371,51,110.225689
841.45013,23,110.225737
375.86975,9,110.225751
929.8049,25,110.228728
3286.312,45,110.228765
116.15224,5,110.231527
4474.702,39,110.237012
1239.7694,41,110.237072
112.16107,4,110.240447
1839.9269,38,110.240509
92.631,2,110.243191
332.49982,5,110.246172
-225.70062,20,110.246218
2618.9248,62,110.252294
-304.46124,6,110.255309
210.2942,5,110.259332
-116.94891,10,110.259392
2433.5317,57,110.259409
87.76735,2,110.259416
426.63245,19,110.25942
97.79132,7,110.262222
38.882538,2,110.265188
259.22723,3,110.265234
445.24643,7,110.27003
-406.2002,3,110.270097
-37.911163,4,110.273242
92.79334,2,110.273282
548.97815,24,110.276863
956.0205,43,110.276912
26.889145,4,110.279665
2827.1208,63,110.291943
-611.67554,6,110.297019
4587.2275,58,110.30801
227.77023,3,110.310761
1745.6626,20,110.3134
2105.91,27,110.316517
-554.7678,7,110.316581
182.05579,10,110.319716
191.08334,4,110.319755
2561.7458,33,110.324597
228.48041,6,110.334174
222.93701,25,110.341871
711.9604,20,110.341911
3469.1619,39,110.344424
-853.6861,3,110.349627
3647.7039,40,110.356987
-1375.0015,12,110.357048
676.93054,28,110.359897
2877.8179,48,110.362849
145.41457,3,110.366022
687.88745,19,110.370553
2242.8699,34,110.370635
1365.6415,14,110.37715
2326.8896,71,110.377207
54.005886,3,110.377224
263.24707,4,110.385614
68.943886,35,110.385669
571.1141,10,110.385684
105.242004,2,110.385691
1722.081,24,110.389531
1690.7014,26,110.394267
4218.534,44,110.394338
-1542.955,8,110.394356
44.55133,15,110.397893
583.7838,10,110.397937
1612.4054,57,110.401325
1894.89,30,110.404918
253.8249,6,110.408268
699.2191,7,110.411597
4228.973,45,110.415134
513.0761,8,110.415182
151.9527,3,110.415195
209.91629,6,110.421852
3913.0303,57,110.4252
83.59874,3,110.425273
43.621586,3,110.432402
169.2153,4,110.439265
548.5038,18,110.443047
358.76892,13,110.443118
204.38556,4,110.446139
344.51984,11,110.458027
104.162704,2,110.458078
2898.8174,56,110.484368
3966.8867,56,110.488304
6113.9326,77,110.488353
887.2499,16,110.488367
229.12943,9,110.491115
-983.30743,2,110.495939
1081.9425,31,110.498507
327.6922,12,110.509946
438.69916,10,110.582565
3211.791,79,110.582624
1829.499,30,110.587825
280.8686,7,110.587894
4923.618,55,110.587913
2872.5208,42,110.591361
1032.6715,19,110.5951
1929.3574,33,110.595156
2015.2734,34,110.597987
126.84033,2,110.600986
238.21582,6,110.604039
593.82855,15,110.604084
2578.5037,37,110.607077
507.8202,16,110.60737
-12.456741,7,110.610087
1586.305,37,110.628727
136.27522,4,110.632317
3235.9238,46,110.632392
2376.2434,34,110.635386
282.10602,6,110.648447
460.88834,10,110.64851
1492.9044,17,110.648526
495.48108,14,110.654003
547.49335,36,110.657291
345.7334,4,110.660025
-801.6207,18,110.662658
26.3816,3,110.678199
830.754,13,110.681125
4146.503,56,110.681164
1588.2942,34,110.693517
492.9845,10,110.696936
386.4758,6,110.700377
2111.4304,55,110.700433
1460.0692,27,110.706499
108.740456,3,110.711284
708.4895,33,110.711333
558.4177,10,110.711346
269.9706,15,110.711352
524.55817,17,110.711357
3562.8823,79,110.711362
907.64404,47,110.711367
2082.8992,67,110.714077
-992.1564,3,110.721409
55.558716,5,110.728119
1075.1454,17,110.728165
1821.4666,36,110.728179
77.534256,2,110.733901
2672.0974,50,110.733951
4200.9697,39,110.733965
323.6089,5,110.736972
3491.0571,37,110.742204
254.44116,3,110.742251
371.76697,6,110.744789
240.24608,5,110.747288
412.57288,12,110.749984
1729.8815,23,110.755666
1635.2001,19,110.755706
827.3255,18,110.75853
552.80365,16,110.75858
-969.1158,2,110.761719
398.47098,7,110.764832
-749.22034,5,110.775706
766.564,12,110.77846
3611.695,37,110.781189
4840.8345,49,110.785681
186.47353,3,110.785723
1054.5956,22,110.788482
2329.9539,46,110.794736
749.967,24,110.79478
-1209.1595,8,110.794794
105.71586,2,110.794801
340.47873,13,110.794807
443.58823,9,110.794812
236.74475,25,110.798288
-92.05713,6,110.805822
-59.54203,7,110.815804
1281.1261,32,110.819561
1274.8077,37,110.822562
444.24445,9,110.822602
2635.7324,55,110.825173
1745.0325,32,110.832798
533.25146,8,110.838483
858.18823,17,110.84391
7.49028,8,110.843961
256.93198,5,110.846895
4373.242,76,110.849693
1781.486,44,110.85408
-863.57153,2,110.854142
942.5994,24,110.854158
1327.8444,20,110.854183
551.0894,7,110.865079
-826.2512,4,110.86514
187.25526,2,110.879291
258.7106,6,110.879337
1677.2068,25,110.884243
1815.9718,39,110.887501
833.74304,28,110.887551
660.0864,14,110.887563
2194.0688,33,110.890505
2591.6343,37,110.890542
2714.4834,90,110.893219
4398.8535,46,110.895792
2132.083,46,110.900492
208.16528,5,110.905995
501.649,7,110.906044
915.14685,37,110.909586
2369.6055,27,110.909664
456.7598,8,110.912515
2741.154,44,110.916433
1104.3325,19,110.916482
915.2812,10,110.916502
228.78653,3,110.916511
259.4054,6,110.930981
126.70286,3,110.931045
78.80204,4,110.931059
-183.30598,5,110.943652
147.11137,5,110.946296
949.5741,17,110.948834
1469.643,21,110.960047
155.34023,2,110.969834
-882.26715,2,110.985433
3704.8633,65,110.985518
854.541,11,110.988612
4535.3555,42,110.991611
1012.4646,12,110.991649
1849.7732,32,110.994838
-1062.9426,8,110.994875
-549.459,7,110.994886
1448.2606,53,110.998104
108.519,2,110.99814
246.88826,4,110.998152
1550.1199,26,111.002823
67.56242,2,111.006876
1844.7205,47,111.006952
2885.647,36,111.006969
1000.6689,18,111.006976
1610.394,29,111.006982
201.8024,4,111.009766
302.89438,7,111.013302
297.62253,4,111.013346
373.99084,4,111.013359
84.385994,2,111.016764
-965.553,2,111.020918
96.85033,4,111.020988
104.675934,2,111.021003
3706.6787,70,111.026175
95.20137,3,111.028676
82.23085,4,111.032474
633.14264,8,111.032535
-488.53088,9,111.036363
-499.95328,9,111.036426
1147.377,16,111.036443
252.06989,3,111.047352
2035.4272,50,111.050276
594.0709,18,111.050323
13.046791,9,111.061374
253.36195,7,111.069689
1075.5426,32,111.073221
122.203,5,111.073279
821.3821,14,111.073294
1440.6396,21,111.076169
215.79376,8,111.078844
282.9656,4,111.081949
184.74391,11,111.081994
434.64825,13,111.082006
3165.6396,38,111.084607
81.790695,4,111.087699
6153.0557,47,111.087737
197.8815,7,111.09315
241.18436,4,111.093196
-525.5112,7,111.098593
160.35423,4,111.098632
-936.73804,5,111.098644
369.8528,5,111.101438
1820.0188,27,111.106391
179.49985,6,111.109889
756.3815,31,111.109941
197.4276,5,111.112975
1255.441,27,111.126523
644.52747,13,111.126593
-118.8764,18,111.132858
332.28757,4,111.132905
483.98917,26,111.142129
2241.795,30,111.142213
4866.5024,54,111.144871
-800.2768,2,111.14751
536.51025,15,111.150209
5325.0884,65,111.153182
1289.0612,42,111.153226
4177.332,47,111.156559
20.641304,4,111.159882
26.875778,7,111.162754
-155.85295,4,111.166343
1448.3374,26,111.16639
6.8180695,3,111.166404
341.36697,4,111.166412
442.9469,18,111.172573
36.99886,2,111.172616
321.98227,6,111.177656
-270.71436,18,111.181089
629.9968,16,111.181112
127.45978,5,111.181119
444.86496,13,111.189934
3715.6667,45,111.189988
1703.7981,57,111.190002
38.775352,4,111.193099
1005.133,22,111.193162
902.73096,11,111.195902
-700.54016,7,111.202874
146.58632,5,111.209184
-1014.50574,3,111.212688
1275.4044,33,111.21822
3206.5146,39,111.218276
638.5966,9,111.218288
984.19006,14,111.221537
316.81915,37,111.221576
-524.2804,12,111.226642
169.60077,3,111.226688
90.10176,4,111.229206
186.88498,4,111.233285
623.9547,13,111.233371
168.28012,2,111.233392
2504.9045,55,111.233401
467.57822,15,111.238272
2322.4717,40,111.238336
-566.919,8,111.252796
482.89307,7,111.256211
1064.6372,34,111.256238
4528.184,89,111.256247
4249.5347,47,111.256252
52.13562,7,111.258829
9.877789,2,111.26215
194.0914,3,111.262187
-567.17786,10,111.272734
2132.7454,34,111.27551
4833.6743,66,111.284057
-72.17716,8,111.28411
1297.0916,35,111.284125
169.02322,4,111.287307
-1066.9523,9,111.287355
1560.477,29,111.290193
30.756746,3,111.295462
650.87415,16,111.300771
4627.388,120,111.300816
729.1942,22,111.304134
3474.7112,44,111.304183
4807.794,43,111.307018
-511.34033,10,111.314085
58.410828,8,111.314147
1729.5554,26,111.31686
-388.41742,6,111.320418
3188.485,60,111.320457
2592.9446,44,111.320468
-1086.077,7,111.323349
2256.6138,29,111.329325
892.5168,30,111.32939
359.78662,9,111.332183
115.68067,2,111.336182
4738.1357,38,111.339697
449.83804,6,111.339761
188.31215,4,111.344314
1517.663,28,111.34437
851.67694,11,111.344388
942.52356,42,111.348097
-163.9501,11,111.363043
-394.3761,9,111.363114
276.03766,6,111.367377
2877.5745,38,111.371271
515.9858,6,111.371323
235.68948,4,111.375776
441.25092,25,111.380361
650.80145,16,111.384565
94.93991,2,111.388775
527.75433,39,111.394452
-561.47644,9,111.398324
1139.8464,28,111.404443
-369.15723,3,111.407942
845.1851,16,111.411227
-388.87915,8,111.411277
676.0404,30,111.425362
867.2588,15,111.425415
1289.2577,27,111.432629
709.4819,18,111.437632
2764.1414,42,111.441186
4133.2974,66,111.45137
43.313194,4,111.462736
172.09706,9,111.49029
-1856.8489,5,111.490357
1270.9915,19,111.490374
2352.9124,28,111.494389
3551.1963,57,111.494448
1962.1691,35,111.494464
1728.401,29,111.494471
-913.18866,2,111.499931
377.2633,6,111.5102
346.15558,4,111.51362
116.9826,4,111.513668
12.287916,5,111.513683
147.00336,7,111.532544
-65.112144,5,111.541289
244.76878,4,111.54478
189.26024,2,111.54788
1418.4197,36,111.551836
-25.01791,2,111.555629
2186.8223,39,111.555688
928.4447,21,111.55571
477.0579,9,111.559233
-881.82446,2,111.559304
-696.93665,5,111.562742
739.44147,17,111.562793
2898.118,61,111.568575
85.49516,3,111.568627
2139.352,43,111.568642
166.2305,5,111.571424
128.69583,5,111.574285
878.195,14,111.5782
190.03185,19,111.578259
-842.11914,5,111.578272
215.92966,3,111.578278
383.2849,4,111.581047
3306.0164,71,111.583979
3424.0977,43,111.584004
91.49829,3,111.586781
734.67236,11,111.58983
1220.873,17,111.593368
-135.7867,5,111.593425
2238.7068,36,111.59344
3342.1665,42,111.596201
238.96692,7,111.600399
159.0283,9,111.600434
51.08924,6,111.61111
135.80273,2,111.614581
530.9443,7,111.61463
181.81885,3,111.619111
1769.8339,34,111.633317
5.8042145,12,111.633375
931.874,20,111.651124
691.7254,10,111.651155
612.077,11,111.655946
702.82404,13,111.659604
423.02277,7,111.662906
1016.1767,26,111.666172
561.54663,12,111.67452
460.49863,7,111.678098
367.3709,4,111.678157
1927.7954,40,111.678176
-525.2175,11,111.678184
1581.6384,21,111.68324
1837.5386,25,111.691962
-793.3436,6,111.699756
109.928055,3,111.699786
1477.6726,27,111.699794
218.9497,8,111.712219
230.27715,5,111.722012
266.15176,27,111.722101
1141.4534,19,111.725321
5982.9136,89,111.728647
1193.7616,70,111.744238
4945.693,68,111.744293
155.61578,15,111.751083
444.9025,4,111.751127
1698.0035,32,111.75458
602.74054,18,111.754633
1769.3026,45,111.759952
3103.2175,76,111.76586
343.17108,8,111.775491
918.8815,12,111.784023
5346.0757,94,111.791648
-103.82086,19,111.794741
1868.6503,32,111.794778
160.57433,5,111.802873
2156.8596,51,111.802928
187.71198,3,111.802944
4161.509,49,111.809704
4813.132,49,111.813158
757.69666,15,111.813199
-134.0278,5,111.819764
840.87427,24,111.819815
451.37894,25,111.828058
-101.58074,11,111.828107
870.1569,9,111.830614
832.7776,18,111.833404
139.00504,7,111.833473
-843.2621,2,111.836256
505.88702,9,111.83925
272.5147,7,111.839298
-17.84025,3,111.842515
3703.684,36,111.842552
6135.6904,83,111.842562
3400.4465,48,111.845129
-891.9979,3,111.848286
3716.5684,54,111.848331
2186.2773,43,111.848343
211.00221,3,111.856395
235.99554,5,111.856442
41.482967,3,111.856455
1890.5387,45,111.859275
140.30939,4,111.859322
2495.1724,60,111.862463
138.48476,2,111.862499
156.77121,2,111.86251
3577.2546,35,111.864964
116.84006,2,111.868088
170.19641,2,111.868129
295.43378,10,111.86814
2231.553,41,111.891884
617.5874,12,111.891933
2394.6575,54,111.89485
2473.1702,50,111.898126
-867.4349,8,111.898188
78.36639,6,111.901942
-184.31158,18,111.901993
2127.7085,47,111.902006
-926.28467,3,111.905019
-1063.2662,8,111.907899
113.4477,5,111.907935
1200.438,23,111.910702
1034.3043,23,111.910737
547.3809,10,111.913333
2147.0076,31,111.916198
129.43376,6,111.916277
1068.9268,20,111.924182
147.93279,4,111.924235
213.81671,2,111.92699
315.47943,6,111.929898
777.0028,25,111.929939
553.0799,12,111.932513
358.49612,9,111.937253
224.82071,5,111.937303
414.76712,9,111.942263
112.394485,4,111.944833
-224.88287,8,111.947497
769.08826,15,111.950348
203.41846,5,111.971451
4301.4844,46,111.982122
1444.0791,17,111.99569
3592.7961,52,111.99575
744.5771,28,111.999427
272.36276,5,112.006411
83.630844,2,112.010239
1726.7747,32,112.0103
3418.1914,88,112.010315
168.943,6,112.012927
2447.4922,40,112.015852
127.18115,33,112.01589
169.2872,6,112.019406
92.86015,3,112.025841
-257.46796,6,112.029034
46.862904,2,112.0321
5068.1533,55,112.046009
-602.6462,19,112.052334
412.90927,5,112.052382
43.675,4,112.052394
705.92035,26,112.058973
2181.5818,28,112.059034
2478.8145,38,112.064135
781.28143,32,112.067614
109.86777,5,112.067662
264.70587,20,112.072958
-838.5849,2,112.079043
1711.3887,43,112.079084
1610.7435,37,112.082027
663.3759,18,112.085696
2477.0132,37,112.094104
218.57858,11,112.094198
406.7164,5,112.097351
2847.058,61,112.110654
1036.6904,12,112.110707
-98.87905,4,112.110721
167.73798,20,112.113564
4520.236,45,112.11661
942.85895,12,112.127225
394.94366,7,112.127275
1784.8779,33,112.132445
-929.4055,3,112.13667
-786.878,4,112.140276
2166.9475,45,112.140336
3255.6782,36,112.143265
2414.1526,56,112.147279
19.05371,3,112.147323
336.41544,8,112.147336
1375.6384,38,112.147342
3230.273,61,112.150382
1447.5917,38,112.153519
211.989,3,112.156198
59.34552,8,112.159023
2372.4019,50,112.159068
250.47241,23,112.161639
1922.7458,33,112.167699
53.232876,2,112.16773
1192.6271,19,112.167739
-232.84377,5,112.173657
436.24832,10,112.176368
1331.0261,21,112.249173
793.59985,13,112.258264
1433.385,22,112.258335
2968.147,42,112.267967
1138.3904,18,112.268024
2945.938,39,112.271557
2193.4272,52,112.271602
794.96936,14,112.271616
195.38072,7,112.271622
692.8874,19,112.275172
246.5044,5,112.275252
1497.5208,19,112.2841
120.857765,4,112.284153
-34.302666,5,112.284167
1113.2869,22,112.287281
171.67784,5,112.287328
4373.3076,44,112.290334
31.704195,3,112.293135
477.7801,5,112.300249
642.75757,24,112.30687
-79.8219,27,112.306918
2384.225,39,112.312184
345.0785,10,112.314829
325.51407,9,112.317773
-338.69077,5,112.317828
801.3102,11,112.320817
1105.3104,18,112.326826
-900.88007,3,112.32687
286.80322,6,112.329593
213.79175,2,112.332339
1307.6635,14,112.335306
88.50131,6,112.335332
26.212822,4,112.339162
30.637283,11,112.339208
2123.7258,46,112.339222
965.8278,20,112.344483
1921.9668,34,112.344534
1691.0747,44,112.347223
1118.8674,34,112.350346
66.58884,5,112.350392
58.781982,31,112.350404
-635.9879,15,112.362016
-761.1255,8,112.365309
-813.15027,7,112.369836
1400.3644,30,112.369894
750.59155,15,112.36991
858.9655,30,112.369919
188.51733,6,112.373227
2272.4614,33,112.373275
683.2918,11,112.376652
-981.9587,2,112.376693
337.5951,12,112.379684
242.38211,9,112.383877
-912.0928,3,112.383953
288.6772,9,112.401343
49.69429,3,112.401404
1482.8936,49,112.404536
488.79364,29,112.408416
834.91046,16,112.408479
194.11273,2,112.414936
693.16724,16,112.415004
340.41443,7,112.430818
512.37994,13,112.430875
1632.1521,22,112.430891
2256.1753,51,112.430898
377.55673,6,112.434676
453.16315,15,112.434717
800.48944,15,112.434728
3922.1694,84,112.443073
311.5804,4,112.443117
210.1466,6,112.45003
1379.9775,53,112.450066
501.8515,25,112.47813
-59.488678,18,112.478196
335.86127,5,112.478212
3483.2126,40,112.500907
372.72412,29,112.500943
-64.61726,10,112.504189
597.8737,13,112.504237
5796.7246,71,112.504249
-996.0495,2,112.509681
-695.35864,8,112.513574
73.2464,8,112.51364
1202.8928,20,112.530166
-30.437897,19,112.530218
129.93306,4,112.533744
5233.2515,109,112.533776
2362.9058,33,112.533785
1078.1077,15,112.533792
81.39408,3,112.546494
2158.9685,38,112.546548
8.225708,28,112.546562
-552.482,9,112.546569
90.24388,3,112.549206
255.8956,4,112.551813
36.755653,2,112.555601
117.11777,3,112.555652
683.1611,9,112.555667
358.5436,4,112.559729
235.87843,4,112.559778
153.45764,2,112.559794
572.0,15,112.563362
1428.7401,56,112.563419
465.63794,29,112.566583
93.09794,5,112.573264
465.6426,11,112.573323
-917.8592,3,112.573339
262.41565,9,112.576353
-572.07153,3,112.576391
-432.10846,8,112.583391
88.71587,4,112.59309
977.078,16,112.596316
-537.0697,9,112.596366
3844.1736,47,112.599376
2328.8489,46,112.599425
5167.202,56,112.602608
1737.09,27,112.605754
150.75732,4,112.605802
793.16504,20,112.608454
335.66937,4,112.611395
78.96698,11,112.61144
303.9449,12,112.613989
2788.907,35,112.617233
1270.1724,17,112.61728
657.17883,9,112.617292
362.90955,7,112.621646
757.182,14,112.621678
2781.208,45,112.625185
-803.32935,4,112.625259
118.954025,2,112.625275
120.19853,2,112.639037
742.1714,73,112.639127
3239.5781,31,112.639149
13.495253,2,112.646397
493.40637,9,112.646449
-536.08966,10,112.646464
3845.8604,67,112.659466
36.71954,4,112.659522
105.41022,7,112.659536
-922.4927,2,112.665258
1859.1525,47,112.665318
-583.9474,8,112.668035
546.30664,28,112.670785
232.40761,10,112.680998
1107.2537,14,112.684048
-367.48035,13,112.689671
-562.74854,13,112.689712
2433.7473,37,112.69235
542.5008,11,112.69575
1275.8756,18,112.695797
-29.210587,3,112.711379
52.004993,4,112.714158
3060.05,43,112.716866
272.31088,4,112.733134
2006.3003,29,112.733188
-37.911823,3,112.742438
1361.8405,16,112.745293
1191.3506,24,112.750072
1146.7993,24,112.761344
1363.0282,41,112.761408
2220.7676,37,112.761424
1899.0538,28,112.764286
1805.4631,25,112.76698
405.10507,8,112.781408
-218.89362,21,112.781449
120.20967,33,112.784333
-341.28827,15,112.784381
3033.2258,38,112.787415
120.35242,2,112.792345
661.62036,11,112.797148
83.20828,3,112.799775
5124.2417,47,112.811123
685.3524,24,112.814925
1978.8756,30,112.814997
3502.2395,50,112.818337
386.99686,11,112.821436
4824.225,58,112.824498
1816.7294,50,112.824536
189.59024,6,112.832362
2227.9226,35,112.83241
932.0835,21,112.835591
-498.7566,12,112.841461
347.2842,4,112.844134
350.0092,5,112.846788
746.3509,10,112.852099
75.98656,4,112.866099
2518.4546,46,112.866171
536.55743,22,112.866189
4020.8892,92,112.866197
54.868317,4,112.869929
1027.7731,67,112.869992
862.4949,17,112.874086
2362.011,31,112.874149
-242.31097,9,112.874164
106.9948,2,112.877364
121.15392,3,112.877411
1567.2269,30,112.880947
2902.691,78,112.881013
911.7318,19,112.88382
273.5515,3,112.894817
209.556,2,112.894861
113.755,2,112.900434
1703.9857,30,112.900477
2216.0781,36,112.91156
2055.8733,45,112.915126
145.7113,2,112.915173
-110.72299,4,112.915184
284.06494,3,112.917828
279.6324,9,112.922294
2518.227,40,112.92235
166.23811,3,112.922364
3965.0803,44,112.922371
1383.6016,28,112.922377
98.982506,2,112.925131
611.3536,16,112.940794
122.15177,3,112.940841
527.0072,28,112.943938
715.23596,12,112.947016
1205.1578,32,112.959159
93.62132,20,112.970829
338.29782,4,112.983019
156.90515,9,112.983085
-884.5586,5,112.983098
294.20947,12,112.993964
-25.622833,8,112.99725
-140.2514,11,112.99729
193.48944,2,113.00019
4897.77,47,113.000213
215.97908,4,113.009109
111.46744,6,113.009176
-1161.727,6,113.015025
70.07157,2,113.015074
224.73792,17,113.015086
8.090933,2,113.031928
107.159134,2,113.031999
435.16092,10,113.036308
-366.11945,18,113.03637
396.11508,6,113.036386
2282.8613,36,113.039755
-770.05176,10,113.045254
495.16492,6,113.045298
202.70905,3,113.04531
714.18164,22,113.048203
826.9064,13,113.06258
2694.8542,36,113.062672
104.76853,8,113.066105
-579.2883,10,113.075108
68.78189,4,113.075174
103.07566,27,113.075192
981.72986,12,113.07847
1780.1343,38,113.081931
19.548231,2,113.081987
551.47205,9,113.082001
-889.0359,3,113.085774
-641.10547,6,113.085833
76.91087,2,113.089471
99.46062,2,113.092874
1184.4438,43,113.092923
2573.1785,49,113.106884
2519.5012,48,113.106947
2403.7754,60,113.10697
167.79753,8,113.110542
372.96283,7,113.131558
392.33484,32,113.131806
1010.8753,16,113.137602
5003.856,50,113.140472
4419.1704,40,113.143861
-1579.313,17,113.143903
229.48311,5,113.1491
3974.5598,47,113.149185
1988.9612,32,113.159071
102.17691,2,113.162083
1560.6774,17,113.16727
219.62137,7,113.170222
1920.4714,44,113.173049
2975.0583,67,113.175698
317.2683,8,113.18023
1664.731,37,113.180294
204.15152,3,113.19146
-395.2576,8,113.199065
1243.8558,38,113.199123
269.86194,5,113.202367
-8.351273,15,113.205338
2772.1387,32,113.208693
19.080229,2,113.212554
237.85162,4,113.21563
1547.367,23,113.218367
-175.38751,17,113.221828
477.96805,12,113.225151
742.3895,41,113.2252
1743.6803,37,113.225212
100.29999,2,113.22795
-368.13354,4,113.231046
2133.1958,42,113.231092
1956.6936,36,113.234279
115.35602,3,113.234329
139.20801,4,113.237747
-883.12244,3,113.237797
206.73294,4,113.237813
124.68156,2,113.24386
192.43256,2,113.243904
993.9885,15,113.246634
-688.6407,6,113.249286
1361.4491,23,113.252271
-980.9442,7,113.252322
174.82133,8,113.258931
-886.9355,2,113.258994
569.2976,8,113.259006
388.70123,6,113.26176
2822.152,93,113.264508
61.099957,3,113.268457
360.7638,7,113.268496
127.07502,2,113.268509
78.71545,2,113.273071
508.27728,11,113.273119
341.77774,6,113.273133
967.2203,38,113.273139
2471.787,31,113.277071
4331.7666,65,113.277117
-283.29254,5,113.277131
159.99622,5,113.277138
-761.3124,10,113.277143
1732.384,27,113.279828
311.54358,22,113.285101
21.942238,4,113.285155
234.4011,5,113.289965
-13.33802,5,113.290025
3622.0405,62,113.290042
189.00403,6,113.290051
1040.3403,24,113.290058
3589.7917,33,113.306542
4585.7017,44,113.306599
259.03424,10,113.318997
3783.5269,78,113.319036
385.72964,8,113.322344
885.65063,11,113.322394
49.248035,2,113.325113
3637.5852,62,113.32792
166.93823,7,113.36115
1226.7073,17,113.364203
1032.8136,23,113.36734
1204.6321,19,113.370435
1907.7933,23,113.370483
-792.98694,5,113.375754
1709.1315,22,113.378812
1572.792,24,113.383618
378.37762,4,113.383675
118.20396,6,113.383693
1272.2583,19,113.388356
35.90026,2,113.388423
1254.4998,18,113.392181
1306.4874,17,113.392233
845.0597,29,113.392246
2074.1038,26,113.396478
177.20311,7,113.396528
291.65622,5,113.396543
217.755,3,113.396549
294.3297,5,113.402558
240.78456,21,113.402596
235.97192,36,113.408879
2586.8135,42,113.408923
272.54443,5,113.41291
100.26197,2,113.417162
-59.759552,4,113.417215
2430.5417,33,113.420746
109.22914,2,113.424231
-31.902884,5,113.427399
155.90155,10,113.431132
146.51598,3,113.43119
1987.5377,61,113.431206
267.151,31,113.431214
61.926865,3,113.43451
7714.3096,105,113.434758
-344.09503,14,113.434777
3038.6953,43,113.440178
135.47685,3,113.44338
726.52435,16,113.446052
917.909,18,113.448756
174.20465,6,113.452391
553.8678,8,113.452436
826.68713,17,113.45245
4557.056,47,113.465301
-584.92114,13,113.479313
152.9292,2,113.479353
58.729248,2,113.479364
-202.4656,15,113.496893
1685.1671,40,113.496947
222.62793,2,113.496963
206.7991,3,113.496972
4533.1226,53,113.500431
1397.5084,22,113.500478
529.1987,11,113.500489
787.09985,23,113.509928
314.99625,4,113.51316
-360.41058,13,113.513207
-153.79967,4,113.516429
1927.9625,26,113.516466
-1488.5342,3,113.516477
1987.8453,24,113.526758
7162.3813,93,113.526819
927.5268,13,113.530742
309.13336,4,113.530788
146.55847,3,113.530803
321.72638,4,113.53081
140.91779,5,113.543939
575.66956,10,113.547481
371.97446,3,113.54754
287.67294,3,113.547571
1185.3816,17,113.547578
266.62952,10,113.550714
914.24036,11,113.550752
1042.6844,40,113.553707
56.406414,5,113.559173
149.77158,10,113.559223
1577.536,19,113.561943
301.6088,6,113.56457
-155.79584,27,113.569186
27.30403,3,113.569243
210.10094,3,113.569257
-779.16266,5,113.569265
1120.2308,13,113.575186
-958.08655,2,113.580449
900.3656,16,113.58447
304.38028,5,113.584527
2821.7078,32,113.599677
691.4919,20,113.599721
634.76013,18,113.606593
822.05597,17,113.606643
782.3831,28,113.609572
-343.22168,13,113.612485
-371.85065,17,113.620803
33.5827,4,113.620847
-312.14178,8,113.629259
1723.3655,35,113.629338
4598.214,46,113.632715
404.40973,8,113.638808
2774.8425,36,113.638852
3972.5166,62,113.648772
309.54388,9,113.6613
695.3052,23,113.664602
3345.6162,36,113.667656
3397.6248,40,113.678478
-620.9086,14,113.678552
364.8297,9,113.678572
631.2503,20,113.682356
1162.5587,27,113.685717
235.62076,3,113.689811
248.51697,3,113.689862
-69.37691,5,113.689876
661.69934,14,113.694834
2629.2212,62,113.697786
917.391,25,113.697823
3726.052,44,113.70034
330.6978,6,113.703062
494.95093,8,113.706057
-133.1411,10,113.70873
1455.1865,23,113.711646
3526.8286,59,113.711684
315.0177,9,113.714568
2182.1787,26,113.714603
168.05739,2,113.71735
2903.2913,45,113.717394
3096.2117,40,113.730225
215.51944,2,113.730276
185.86896,27,113.744972
994.15295,37,113.748126
853.08966,12,113.748173
-855.4771,3,113.75926
5540.719,55,113.759324
292.81247,9,113.762194
401.00623,18,113.764954
-875.94977,2,113.767752
959.76404,13,113.772542
321.4842,6,113.772603
1071.2207,25,113.77603
537.9409,10,113.776086
1245.5894,29,113.776101
1217.6638,20,113.783839
777.0748,11,113.788974
58.08618,5,113.789037
998.9356,14,113.789052
209.46571,4,113.789059
141.02592,2,113.794264
4.1952515,10,113.797255
346.83157,7,113.797303
205.71007,9,113.80036
143.57098,2,113.800401
-1062.0209,2,113.805614
-797.9481,4,113.808387
657.8746,12,113.811626
1716.5775,30,113.811665
5516.8696,84,113.811677
51.57321,5,113.814528
338.45343,10,113.817745
1468.1565,31,113.827554
-1027.6173,2,113.827606
402.01727,6,113.833991
245.73984,6,113.837845
-263.4711,8,113.848422
-995.1763,2,113.854446
734.63574,22,113.859443
1683.2261,24,113.862475
-43.185066,4,113.865316
4466.062,47,113.868687
571.52277,12,113.868727
671.6573,17,113.868738
2884.8823,35,113.879133
102.68957,2,113.882267
216.87885,16,113.882328
58.529984,4,113.885072
1050.1692,15,113.88837
2917.9553,61,113.892183
436.6612,4,113.892247
3455.654,49,113.89227
211.64703,5,113.892278
2311.8203,40,113.895428
415.436,9,113.895466
4129.666,49,113.977291
252.62552,3,113.977347
243.89178,7,113.980868
305.93225,6,113.980896
64.14236,2,113.992213
-47.5735,9,113.992276
539.4083,12,113.995286
204.6504,7,113.995334
2726.5195,32,113.99829
1795.9392,27,113.998336
183.50235,2,114.001591
102.17691,2,114.001659
3998.5361,56,114.012816
608.08154,14,114.017439
148.40007,3,114.017589
2668.9812,99,114.017609
-406.50256,18,114.017616
537.2706,11,114.017622
101.36891,3,114.02806
402.6478,9,114.031708
106.64858,3,114.03177
96.64518,2,114.034709
414.5511,4,114.038576
146.7123,2,114.038625
225.56767,4,114.038677
1840.5364,43,114.041611
-738.28284,6,114.044477
450.5393,17,114.047057
1507.7017,19,114.049848
573.8809,10,114.062669
566.5404,12,114.062714
83.79457,3,114.065993
1175.1687,16,114.066054
-818.885,2,114.069022
4366.296,69,114.072271
-874.65955,3,114.075925
588.35254,11,114.075981
1302.3522,17,114.075996
244.3421,20,114.076003
928.9617,13,114.079579
832.94763,10,114.079668
308.98227,6,114.086282
-965.6675,4,114.089794
4334.539,117,114.089845
4982.1245,59,114.089859
234.86378,2,114.092987
187.11337,5,114.093036
-784.62415,5,114.095797
3467.9329,68,114.09853
-599.5897,8,114.102016
727.3837,12,114.102075
68.257675,3,114.10209
1176.1964,17,114.115185
74.773605,3,114.117856
-281.55035,8,114.120912
138.09312,5,114.12364
198.31204,6,114.133189
221.04453,9,114.136361
146.44843,25,114.136411
504.38934,9,114.139262
135.63716,2,114.142222
159.30873,3,114.145268
5946.713,69,114.155065
156.56174,10,114.155116
1782.7773,48,114.158123
108.637436,7,114.158172
2405.1152,33,114.163493
227.84137,3,114.167348
235.68062,9,114.167394
1387.0856,15,114.16741
-4.3459015,4,114.178452
397.87628,4,114.182852
2543.059,32,114.182901
7090.88,110,114.182917
1208.2527,26,114.182926
56.52574,8,114.18613
4200.094,51,114.186182
-36.750504,7,114.192679
108.41957,2,114.192734
168.61604,3,114.192749
-595.30896,5,114.199017
5014.678,54,114.199076
2125.2632,35,114.202788
322.89612,14,114.202848
109.670364,2,114.207342
557.09467,11,114.207421
2933.7866,47,114.207442
2426.4248,39,114.21044
186.94838,2,114.21394
2490.9956,53,114.213997
-549.535,11,114.217533
223.03436,3,114.217588
715.86945,11,114.220969
89.73994,2,114.226191
2137.4614,40,114.229366
2136.1597,46,114.235227
276.07407,8,114.24155
596.69415,17,114.247344
878.70764,37,114.251145
582.51117,12,114.251194
551.36957,15,114.26029
771.3894,17,114.263315
3446.2148,49,114.266603
40.386078,2,114.266641
2523.2798,42,114.270349
105.30039,12,114.27041
177.6639,3,114.274498
-1014.3799,2,114.27456
9.898071,12,114.274577
1839.0011,26,114.277799
-221.84515,3,114.277845
176.10605,2,114.277858
-904.39294,3,114.281104
170.97588,2,114.284116
4403.85,42,114.287192
627.2874,11,114.292469
-45.702545,3,114.295339
2034.2817,33,114.295375
880.4488,16,114.302877
-857.3485,3,114.306385
1579.4648,29,114.318199
730.07465,12,114.321907
-342.65396,7,114.321955
-2.0194864,2,114.324844
683.5377,15,114.324891
225.86172,8,114.327856
1556.8188,22,114.327894
342.44592,8,114.330416
80.54629,2,114.333282
13.0664215,11,114.333325
185.86998,4,114.335994
260.3506,6,114.338668
2974.1357,44,114.341376
11.998508,2,114.34391
409.23428,5,114.346467
1594.3579,25,114.351891
100.4552,26,114.357247
5164.818,51,114.36102
-910.17456,3,114.361084
1619.0361,38,114.361103
5149.9688,96,114.366333
2154.1,31,114.371776
2254.3499,50,114.371818
-946.0798,6,114.375785
272.5199,5,114.375848
4358.3384,81,114.384152
142.8237,3,114.384214
463.94748,9,114.397802
270.09732,4,114.397867
679.72266,9,114.411881
1962.1482,41,114.41193
2469.4226,48,114.417322
823.72064,10,114.417375
240.27939,7,114.426581
1863.651,23,114.433585
2352.5728,67,114.444995
2241.6553,43,114.445061
203.43216,3,114.445079
1606.5568,23,114.445086
800.38855,12,114.448342
350.38663,3,114.44862
3341.5808,34,114.452596
2521.1377,33,114.452649
955.84344,20,114.452665
73.04608,3,114.458046
264.9628,4,114.458073
-263.45782,6,114.480976
-793.651,4,114.481014
2014.2573,31,114.481024
8.276985,3,114.48103
-863.72485,4,114.49774
-739.90784,4,114.514606
2144.5188,39,114.517527
1677.222,42,114.531922
1033.0332,12,114.531984
847.2495,18,114.532
451.8667,12,114.534754
1252.843,46,114.545561
222.1507,7,114.548819
737.5497,11,114.549111
60.4455,3,114.549135
142.93384,2,114.551831
142.04834,2,114.55657
-552.14325,8,114.556625
-377.17316,20,114.562727
315.50348,8,114.562776
-783.0216,9,114.565991
208.22652,3,114.566036
-564.40393,5,114.566048
3197.591,33,114.571301
4069.0469,41,114.574278
104.21707,4,114.577994
439.20685,7,114.578055
125.621216,4,114.578072
929.26086,32,114.581437
188.31065,7,114.592876
128.97882,3,114.592928
2583.2307,34,114.598088
307.10614,5,114.598134
2317.3303,30,114.600691
620.507,8,114.605076
973.0587,33,114.605131
6934.9043,113,114.605146
165.80624,2,114.605153
312.90933,10,114.608315
5933.217,61,114.608381
-816.40906,3,114.611576
80.40963,3,114.614803
306.0831,5,114.614841
-936.4826,3,114.614852
182.05045,16,114.617428
311.96423,3,114.621377
202.27164,9,114.621427
2220.686,32,114.621441
1928.3777,38,114.621448
82.72224,2,114.621453
457.68427,18,114.625068
3696.4946,105,114.62513
-876.2825,2,114.629246
147.77888,3,114.635401
221.09744,4,114.635447
2946.6516,37,114.63883
941.88574,25,114.638884
1089.3427,12,114.64538
875.0699,11,114.645439
-433.9598,8,114.649191
-138.56773,10,114.649246
295.4137,3,114.64926
1558.7576,20,114.665455
3416.0913,42,114.665498
619.9522,10,114.668724
-137.54387,4,114.668753
-1729.2986,8,114.668761
209.4082,5,114.671873
109.96305,3,114.680079
682.6012,15,114.680135
202.15727,3,114.68355
5698.2266,117,114.687318
104.13891,2,114.687372
1876.3184,42,114.690148
2615.3167,29,114.692853
-709.42926,6,114.695744
1318.2678,21,114.695781
349.49854,6,114.698711
317.5257,5,114.698749
243.91422,7,114.708076
44.552673,3,114.716307
1107.5638,23,114.729423
141.52759,8,114.72948
896.05023,23,114.744795
-72.67734,8,114.74485
879.51483,16,114.744865
3221.1733,77,114.744873
99.686035,2,114.750211
781.0366,20,114.760312
595.12366,17,114.764049
323.90616,5,114.764102
-414.60828,14,114.764118
-919.29236,2,114.766887
194.39728,2,114.770014
-18.404633,2,114.77007
2320.3533,41,114.773204
75.26477,2,114.773241
2802.7957,41,114.783907
154.26138,2,114.78396
2012.1199,31,114.788872
45.21665,5,114.788915
355.34967,4,114.794304
1474.7266,29,114.794345
241.1893,3,114.796926
967.3197,15,114.799553
3264.1248,55,114.802473
116.338486,3,114.802501
-907.48834,8,114.806381
4314.6226,43,114.806427
1209.8162,18,114.806442
2770.245,65,114.80645
178.19109,4,114.806455
121.803345,2,114.809238
172.3939,8,114.809283
3400.2324,46,114.813051
206.4455,5,114.813107
168.98126,2,114.813122
1142.678,38,114.813128
4486.0425,46,114.813134
1753.2886,29,114.816005
80.25616,4,114.816048
401.91052,41,114.818776
112.79081,5,114.82206
84.6625,2,114.822104
323.00067,6,114.83112
974.6441,26,114.844554
1513.0737,38,114.847683
484.83453,10,114.847733
1466.6287,21,114.850361
112.46599,2,114.8538
-588.9523,13,114.853842
281.82373,11,114.862423
836.33466,14,114.862475
870.3224,13,114.865619
910.1352,14,114.865659
1318.8021,23,114.865671
1195.2969,25,114.868323
366.7681,7,114.872379
-953.3152,9,114.876369
120.554184,7,114.876422
352.67084,19,114.87977
99.93562,2,114.879809
113.10854,3,114.879821
-17.410898,2,114.88293
2329.235,36,114.882979
118.82229,2,114.886327
86.53454,2,114.890188
207.84193,9,114.896207
34.340256,11,114.901844
1219.8157,28,114.90492
1411.0339,22,114.908816
956.55786,14,114.908862
285.03012,8,114.908882
191.42065,2,114.908888
337.00198,5,114.911594
181.71964,2,114.915816
647.93854,11,114.915859
593.42224,12,114.915872
133.38393,2,114.915878
1764.0889,50,114.9196
4259.54,58,114.923283
265.9616,3,114.926163
-334.73236,4,114.929125
391.59528,4,114.929172
74.159584,2,114.932674
2050.0225,37,114.932719
135.58153,4,114.932733
2410.5503,37,114.932739
3398.971,54,114.9361
4139.5654,41,114.940196
621.0715,10,114.944851
-466.2126,11,114.944901
855.12244,38,114.944919
366.68176,19,114.944926
23.000763,4,114.948795
2170.5015,31,114.948841
1488.8004,18,114.948854
851.39,24,114.948861
1645.4148,18,114.951535
562.08044,6,114.96337
348.58582,7,114.963467
202.6465,3,114.963484
-146.80058,4,114.979217
-1398.7198,5,114.979281
1438.3094,32,114.983518
250.4776,8,114.98357
878.092,9,114.983584
3860.3481,44,114.987005
103.106476,3,114.987061
114.376816,9,114.991453
310.55856,7,114.991543
173.0695,3,114.999687
192.05902,7,114.999738
308.51767,4,114.999754
108.701126,2,115.003544
2501.824,33,115.003599
-811.4619,3,115.008241
381.23615,10,115.008301
911.8408,9,115.008317
-534.1986,9,115.008326
415.10196,7,115.008333
177.86972,7,116.850116
263.7675,7,116.854668
-831.2833,3,116.859308
-395.57208,11,116.859358
594.4348,7,116.859374
6.741707,5,116.864852
471.23654,8,116.870527
1160.7983,14,116.870586
138.09192,6,116.87345
44.99198,2,116.876342
626.2477,10,116.879774
-536.87726,7,116.879824
353.34863,15,116.887618
-131.22513,6,116.887662
-233.6234,4,116.891067
1678.7283,33,116.89114
467.83667,5,116.891154
131.72104,2,116.894692
1211.4684,19,116.894753
66.63854,2,116.898972
1372.9791,18,116.899056
1738.3224,37,116.902366
908.1524,22,116.902423
152.41972,2,116.906029
323.73492,6,116.90874
721.8335,12,116.91159
695.1934,24,116.917967
-936.2283,2,116.918028
137.40291,2,116.924226
4107.2686,45,116.932478
968.7636,28,116.935215
409.01413,7,116.94829
1083.4143,17,116.948347
310.43503,14,116.948362
945.65576,77,116.953968
-675.9871,5,116.960506
747.9361,28,116.960567
2305.468,32,116.960596
173.77798,2,116.960605
642.1009,16,116.98198
144.86584,5,116.993786
1194.2516,19,116.993853
-745.0887,4,116.997369
69.94802,2,116.997457
824.4999,25,117.003394
556.97375,21,117.003508
110.750946,8,117.003524
5122.1777,48,117.003531
2695.2222,40,117.014399
1543.492,26,117.017231
3887.9187,43,117.020112
3564.2314,56,117.030456
559.815,7,117.030512
4148.7993,59,117.030532
95.884865,7,117.033368
-828.8263,2,117.036058
95.299774,3,117.050672
1947.6523,25,117.050727
2035.9484,45,117.055164
569.2031,9,117.055236
1189.0388,21,117.055261
-315.0814,10,117.067047
1469.2557,16,117.067116
-831.20886,5,117.069937
725.24536,12,117.076034
2950.6978,45,117.076083
751.7148,8,117.080035
1233.1206,24,117.080105
647.7314,14,117.083304
159.60939,3,117.086904
107.148384,2,117.086962
240.4849,7,117.090554
-866.1165,2,117.090593
1106.3114,27,117.093261
1365.5775,22,117.097192
4828.7197,46,117.097227
462.64536,9,117.097237
192.08798,2,117.097243
867.15173,22,117.102443
212.19022,5,117.105128
313.12973,6,117.112391
262.4656,6,117.11243
-1784.4233,7,117.11541
219.4292,13,117.115455
5353.2925,53,117.118461
1245.9375,25,117.121155
2097.3267,70,117.128283
637.6547,34,117.131748
3638.044,42,117.134969
2322.161,37,117.14075
4501.2344,43,117.140815
167.13348,7,117.140832
409.7498,7,117.144061
35.3545,10,117.147204
48.679146,4,117.15251
1029.8044,14,117.155674
2780.7185,43,117.158992
350.22372,7,117.165034
-233.85419,10,117.165081
579.2301,26,117.165092
-766.0837,5,117.167921
2424.9941,27,117.167958
805.0417,22,117.170525
540.9694,20,117.175804
34.458122,3,117.179612
88.440605,4,117.179651
213.61737,4,117.179661
325.39407,15,117.182368
4434.7646,54,117.185379
1769.9802,30,117.185425
1414.285,40,117.190716
1349.589,31,117.195018
2905.18,47,117.19508
2964.4387,38,117.195096
235.53297,3,117.195106
116.95865,4,117.19892
211.40295,5,117.19898
1831.2443,36,117.205019
-870.24,3,117.208883
2529.465,55,117.224403
466.50037,7,117.228055
1578.7919,31,117.231039
-966.9141,2,117.231066
705.8899,11,117.234473
389.1729,16,117.234518
917.2167,41,117.244005
697.19604,13,117.244057
1372.081,24,117.244069
739.2804,20,117.246663
73.74905,2,117.249516
-65.6834,5,117.249553
1472.2728,35,117.252586
123.64943,3,117.252625
280.22095,3,117.252637
4151.1733,64,117.263619
1602.9271,28,117.263671
-748.5951,9,117.266547
-923.41077,2,117.269488
82.87744,19,117.280907
-898.72516,2,117.280949
142.67616,3,117.280962
2160.2932,30,117.290439
433.22702,9,117.296413
3058.0112,44,117.299727
317.23987,7,117.303134
431.65088,13,117.313884
-965.303,2,117.313935
3327.7852,30,117.317038
134.34149,3,117.319999
192.1518,24,117.326324
2153.846,34,117.326371
1308.2053,18,117.326385
3963.9297,47,117.326391
3059.9316,36,117.329081
2270.6238,54,117.332014
329.28168,3,117.334983
386.119,8,117.339514
74.5617,2,117.339563
4281.2026,48,117.339576
2246.9407,39,117.34279
755.322,9,117.342829
167.16501,5,117.342839
57.892433,2,117.345395
190.56078,6,117.348897
266.03745,7,117.348952
253.41972,4,117.348967
1341.0541,18,117.354973
49.37476,4,117.355026
118.12934,3,117.35504
1487.1743,22,117.358303
138.38681,2,117.362423
-930.0533,2,117.362479
-88.6794,5,117.365456
-670.0425,16,117.368649
33.119076,8,117.368687
305.05222,13,117.368699
407.43924,7,117.372107
2485.0083,60,117.372161
1888.9849,32,117.372178
168.02739,10,117.376398
2530.191,38,117.376458
4133.615,40,117.376474
595.21783,17,117.376483
126.86193,2,117.381712
166.45386,5,117.381824
127.66528,2,117.38184
291.4182,8,117.39138
-480.62372,14,117.391429
159.34276,3,117.394607
2405.5376,32,117.397965
416.68564,5,117.398051
1368.4001,17,117.402119
197.688,6,117.402183
243.86462,6,117.4022
876.30786,9,117.407991
335.70642,4,117.408062
283.02106,9,117.408078
196.06766,2,117.412222
21.282753,3,117.412301
3610.5286,42,117.412318
2850.0356,41,117.415735
110.481804,8,117.415786
1401.3977,32,117.418854
195.83151,3,117.418896
69.71866,4,117.430491
-790.27515,5,117.430555
-138.34097,6,117.43057
4020.7427,45,117.436599
-588.67303,4,117.436649
3942.937,70,117.443706
160.34872,2,117.443751
1472.984,20,117.44664
-893.631,2,117.449675
78.3774,2,117.449712
731.3523,11,117.517213
-880.6196,3,117.521957
619.971,15,117.522023
502.72873,9,117.525562
1067.1526,14,117.531547
285.71945,3,117.535044
693.621,15,117.5351
718.55084,17,117.535115
-210.9682,23,117.537802
1097.0249,27,117.540569
193.3082,4,117.543452
276.29767,7,117.543497
173.05133,4,117.546074
1654.3977,31,117.549183
102.17691,2,117.54924
195.09596,2,117.557305
514.1737,13,117.557372
-911.5351,9,117.563375
-588.27966,9,117.571971
1483.2954,20,117.572031
482.38608,6,117.572045
238.21921,15,117.572052
167.04047,3,117.572057
1804.0374,31,117.575168
-761.68945,4,117.575216
217.75168,3,117.5805
2986.8667,43,117.584237
2124.9675,26,117.584291
331.66556,4,117.587037
-137.02853,6,117.589842
199.0505,14,117.592876
601.3767,7,117.592918
3419.4387,42,117.598374
-309.8125,11,117.605759
745.4987,18,117.608506
723.91296,30,117.611676
2559.34,39,117.611717
6411.9487,49,117.614649
-677.42096,6,117.614713
4415.2344,39,117.617897
141.27425,2,117.620835
598.56976,14,117.624125
3425.3884,41,117.627997
720.9603,14,117.628033
60.95629,4,117.628048
2148.0476,43,117.630936
122.849106,4,117.634001
154.34158,2,117.63403
188.37404,4,117.643678
252.63818,13,117.649942
3060.3008,41,117.655044
3459.441,69,117.668927
198.19345,7,117.669
464.974,16,117.669019
1422.9379,24,117.669039
2221.571,37,117.679779
127.68449,8,117.679826
1054.777,16,117.682905
57.359287,2,117.683162
98.22052,24,117.686002
-938.2644,6,117.698004
2212.4463,56,117.698083
276.2208,4,117.698103
48.730583,3,117.701823
-616.6161,9,117.701877
-221.48581,5,117.705918
1551.4855,34,117.705962
268.77457,5,117.709047
37.246765,3,117.709094
4738.1704,48,117.716824
1048.0072,11,117.716864
617.83563,7,117.720194
10.897709,7,117.723586
-164.1297,22,117.726185
2362.713,28,117.729258
2918.2195,39,117.729295
356.10428,8,117.731985
712.6057,16,117.734601
241.41045,12,117.737476
0.00060272217,2,117.740417
697.3595,9,117.743593
253.643,6,117.743631
1573.3279,41,117.743642
1054.0332,29,117.74655
129.40024,3,117.746589
1417.123,43,117.751864
4556.8403,50,117.751906
3367.6924,36,117.757708
280.61682,23,117.757757
-436.75262,21,117.757772
701.43066,54,117.760742
173.35469,3,117.760788
200.94775,2,117.76599
-922.36273,13,117.766038
421.5746,38,117.769544
-1047.4867,5,117.773719
135.21843,2,117.773761
449.9777,11,117.779614
603.3057,7,117.779654
763.95166,10,117.782795
204.74252,4,117.785846
1992.8823,28,117.794165
1572.2285,28,117.794221
385.79834,11,117.799757
102.17691,2,117.799801
281.39096,4,117.80251
-934.10205,2,117.807204
-728.7383,4,117.807241
1939.985,34,117.815331
122.92386,3,117.815385
603.16254,18,117.81863
1076.2913,24,117.82219
155.9581,32,117.825411
435.10834,9,117.828818
218.36943,8,117.832247
1731.3081,35,117.832291
86.560425,3,117.832303
362.12665,3,117.835372
2887.7395,43,117.835408
1323.248,28,117.83542
84.996704,13,117.852056
275.1379,3,117.852119
230.28326,5,117.862362
1372.7583,20,117.862423
3437.5237,41,117.862445
2844.2983,39,117.870683
3220.4185,54,117.870753
98.787094,3,117.879115
373.20154,8,117.882648
1090.9862,18,117.89048
134.49811,4,117.89567
1727.2538,45,117.898453
1245.1833,36,117.902185
550.7572,17,117.902235
2880.407,51,117.905118
73.30832,2,117.908137
-42.599426,17,117.913532
-852.3675,2,117.913581
2868.0464,39,117.918577
518.275,29,117.918613
3745.6738,52,117.922155
3639.5076,51,117.92222
132.77444,24,117.922235
413.20496,9,117.925274
211.59088,4,117.925321
2153.8447,29,117.936133
1762.9967,23,117.936184
120.98065,8,117.942381
170.7284,5,117.942434
1469.3962,17,117.945149
1804.5835,49,117.947666
215.54364,3,117.95044
1159.4666,22,117.95052
3399.29,34,117.952995
-615.2383,5,117.957233
-132.41241,5,117.98934
-850.58563,5,117.989421
710.7665,10,117.989437
921.5275,23,118.000814
108.51371,6,118.004787
-151.63544,16,118.004847
376.50278,7,118.011135
128.50668,4,118.01461
1368.433,24,118.014676
-32.499046,7,118.022288
102.17691,2,118.022355
-2.3560305,2,118.022378
3036.3188,51,118.025906
-787.5874,6,118.025961
168.2271,2,118.029211
278.32983,5,118.029258
4656.4517,41,118.035017
-1367.8176,5,118.038804
124.31631,3,118.038862
2206.6301,32,118.038879
102.96893,2,118.041738
131.79298,5,118.044681
1285.4625,14,118.044719
1500.2114,27,118.048149
237.80438,8,118.050971
3701.05,69,118.053865
3664.3486,51,118.057098
1404.4468,26,118.063826
120.86832,2,118.063898
-397.64114,11,118.071572
5766.4307,82,118.076962
449.40735,4,118.083109
792.67316,15,118.086145
692.12933,14,118.091268
107.551636,2,118.09556
3033.3975,37,118.095633
3691.2192,41,118.098877
305.41608,6,118.098924
20.392365,14,118.107231
3393.8662,68,118.107283
1039.3499,18,118.107296
4897.9644,73,118.110076
1654.1199,50,118.114931
2222.617,36,118.118116
232.60048,4,118.118163
-11.192078,7,118.118176
-5.2704315,9,118.12083
3297.4312,40,118.124058
49.023888,3,118.124106
-233.17957,12,118.13037
686.40045,15,118.130421
1620.1477,56,118.130436
2372.4148,37,118.141517
4885.3423,58,118.141588
134.63268,7,118.141602
158.47998,6,118.141609
-274.25244,10,118.141614
-781.64307,7,118.147051
-591.01337,6,118.149623
498.0541,13,118.157907
-915.8188,10,118.160556
622.4711,9,118.165661
4149.2305,42,118.1657
1056.554,21,118.168241
477.95523,11,118.171521
1959.9734,45,118.174848
3354.5476,45,118.180182
2028.067,28,118.180259
564.7021,17,118.188425
-60.24607,7,118.18851
260.23535,15,118.192534
3028.4368,30,118.196322
1811.1519,26,118.196371
2613.3694,47,118.196385
4076.1428,77,118.200057
90.962006,3,118.200117
229.08167,20,118.200135
125.18006,2,118.21337
-96.642914,3,118.21344
3979.309,39,118.216625
190.00467,3,118.216666
544.3037,7,118.219733
1317.9166,19,118.231284
2171.3618,56,118.231336
556.6712,12,118.234883
71.773705,2,118.234938
1561.5764,52,118.239519
583.04834,13,118.239581
1249.9247,18,118.2396
-68.18444,5,118.23961
55.40271,8,118.239618
-794.26355,10,118.245372
137.57791,4,118.245411
1134.2177,23,118.248198
5197.349,69,118.25098
533.2067,9,118.254002
-243.58545,11,118.261307
2475.0896,38,118.261369
-871.77734,3,118.261386
377.9555,5,118.272366
885.02905,12,118.28039
1396.4746,37,118.280448
438.2859,7,118.283542
59.092567,4,118.283598
63.1691,2,118.286134
324.3235,11,118.290487
323.77258,14,118.29389
1763.7528,30,118.293936
4091.5488,39,118.29395
518.37024,15,118.296588
324.38937,6,118.301403
216.8789,5,118.307232
610.93506,15,118.309798
1460.5504,30,118.312818
1666.7008,40,118.315886
944.671,38,118.319433
-1351.8384,10,118.319479
145.13748,2,118.319493
1523.9049,24,118.330431
513.8354,5,118.333619
-969.8928,2,118.333659
1143.6086,16,118.337093
945.3815,11,118.337139
4943.0107,56,118.337152
135.1105,3,118.337157
84.97312,3,118.341063
860.5122,13,118.341111
55.977417,4,118.348375
2500.3232,28,118.358865
846.43835,17,118.358919
1299.1753,34,118.358933
737.66656,15,118.358939
2052.25,24,118.364037
589.05005,11,118.366801
105.889015,2,118.369335
368.52444,5,118.372759
128.25253,16,118.372799
2750.1853,40,118.379767
778.8224,14,118.37983
644.42065,18,118.39181
4842.76,44,118.391858
995.4468,18,118.397938
226.66245,6,118.402057
1108.1423,21,118.402118
3485.5671,50,118.402134
93.695274,3,118.402141
384.37347,12,118.402147
3248.0667,48,118.405346
153.01721,2,118.409153
183.61603,2,118.409203
141.2222,3,118.412276
155.09703,2,118.41504
73.64892,2,118.418109
407.57584,8,118.418173
2324.5952,43,118.43466
241.04778,9,118.438229
477.51416,9,118.43829
3200.3372,35,118.44388
-157.97617,10,118.443923
1903.4126,30,118.451685
4308.978,47,118.468222
4954.888,69,118.479276
2492.9226,59,118.497832
591.08325,14,118.497902
599.54974,11,118.501277
26.329897,2,118.505128
1084.6757,22,118.505189
2016.8823,30,118.510294
120.31031,4,118.513369
2556.396,36,118.513415
123.542625,4,118.516487
177.16043,2,118.51653
2660.565,46,118.519195
-311.45874,13,118.523216
852.14624,20,118.525851
3596.805,48,118.529821
888.4651,37,118.529931
2305.4563,36,118.529951
907.47864,12,118.542897
-1730.1665,8,118.542943
223.71942,5,118.546501
1141.9791,32,118.546586
1047.238,23,118.546603
259.33112,8,118.546612
2228.84,26,118.549331
3604.6394,48,118.552319
-4.884289,3,118.552368
56.562447,2,118.557245
1079.3745,33,118.557295
901.80585,14,118.560541
244.85669,7,118.568425
226.86693,7,118.568467
113.26223,4,118.568479
3129.038,48,118.571736
186.54688,31,118.571776
-73.727905,17,118.571788
870.8234,10,118.574441
-16.352932,3,118.581323
-655.39874,11,118.581368
609.7898,11,118.581382
-281.52084,3,118.581395
280.86008,5,118.586303
1488.4165,33,118.589805
-146.66507,7,118.589859
-927.3216,4,118.593313
-1030.4797,2,118.593353
-586.10223,9,118.596111
1398.3198,17,118.607826
114.97217,26,118.607871
4076.9536,49,118.607886
4887.321,95,118.611239
222.73245,6,118.611288
763.7413,17,118.6113
1905.4933,66,118.616415
653.3845,9,118.616452
529.51154,13,118.620909
10.843304,4,118.620953
1693.0778,42,118.620966
-971.34393,3,118.620973
1423.5933,17,118.620979
103.144264,2,118.630144
1410.7383,25,118.636695
274.38174,3,118.636746
293.21085,6,118.63676
222.28621,3,118.636768
715.1746,12,118.641887
411.27206,7,118.641942
-61.46918,6,118.645311
476.66687,9,118.645351
189.4175,4,118.645362
2613.704,45,118.648304
1138.1924,37,118.64835
1698.2526,36,118.651207
136.40642,4,118.651263
169.65698,5,118.654466
1343.7999,21,118.654519
1493.2998,20,118.662166
308.46793,7,118.66495
3815.35,42,118.667791
1232.5822,26,118.667828
194.32884,6,118.670712
2410.8318,50,118.67685
-1457.7134,12,118.680537
-64.773766,3,118.680589
617.49384,18,118.692542
153.11694,14,118.692605
-45.63733,10,118.695715
-576.18726,6,118.699617
55.86395,3,118.702905
1330.9651,22,118.706864
289.14294,4,118.715978
80.095,8,118.719172
161.77353,2,118.729139
3517.1282,40,118.729198
1911.6857,30,118.729213
-465.80475,14,118.732719
1671.0793,32,118.735986
5444.565,55,118.740099
97.87923,4,118.746355
61.243645,3,118.75007
1182.1285,30,118.753169
679.0686,8,118.762319
-158.65776,9,118.777924
934.14777,38,118.780608
1740.116,39,118.783502
1005.9819,21,118.78354
1371.0049,36,118.786291
2090.7256,39,118.786336
849.0311,22,118.788924
4707.2373,46,118.792151
2393.7034,33,118.792197
3542.0374,33,118.79221
692.0136,12,118.795143
326.85602,7,118.799052
49.493515,3,118.79945
1181.9202,20,118.802784
3753.3848,45,118.810074
1423.2734,21,118.810143
303.7094,10,118.81416
678.14545,8,118.814211
731.7588,22,118.814225
1880.1094,42,118.817274
3578.0425,57,118.817319
564.2383,17,118.820161
307.8241,7,118.824756
447.00085,6,118.8248
1830.276,50,118.827624
315.33157,5,118.830376
499.0655,12,118.83322
115.2675,3,118.833266
48.13038,3,118.836401
3011.1013,43,118.836447
263.6653,4,118.83646
112.11943,2,118.839921
182.07567,3,118.839978
925.58356,11,118.848428
674.38403,13,118.851282
426.96375,26,118.85133
7.4148674,2,118.853943
260.13147,7,118.858243
230.7112,8,118.858313
3961.9402,42,118.861529
1077.3619,14,118.864348
216.2856,4,118.86696
291.9494,11,118.86964
3844.4258,86,118.87391
-25.791214,3,118.873955
991.8466,21,118.876666
1282.4672,27,118.879348
1064.5707,21,118.882128
370.59683,9,118.884744
1412.6666,25,118.890447
1600.2694,32,118.893272
591.8758,9,118.895951
371.24692,11,118.899204
-967.2274,2,118.89925
1664.5356,32,118.899261
-542.2897,10,118.905244
89.15118,3,118.908798
631.2141,16,118.908848
4070.7705,47,118.908862
-876.7529,3,118.916297
190.39139,4,118.91933
1687.1721,24,118.923412
4215.0205,44,118.923472
274.38187,7,118.926884
4590.961,42,118.926924
4111.403,47,118.929914
273.41733,3,118.932771
2107.9902,34,118.95368
2859.098,42,118.964941
828.08264,10,118.979793
1507.0443,23,118.97987
150.955,18,118.983963
328.40198,8,118.98772
-398.91028,32,118.987759
889.7706,12,118.996932
516.89343,13,119.004872
445.21747,9,119.007882
4126.032,45,119.011508
340.76306,33,119.011548
205.74538,4,119.016428
255.12006,11,119.020269
784.82104,10,119.020298
179.31131,10,119.027395
83.12019,3,119.027451
4932.7324,49,119.027467
1230.289,31,119.034918
785.7947,13,119.034966
2540.1946,37,119.034984
-781.34216,4,119.034992
166.207,2,119.035001
145.08508,3,119.037722
1648.2908,38,119.104913
1297.9114,17,119.104995
-822.8658,6,119.10504
120.208,2,119.105059
141.0021,3,119.108937
-160.5228,3,119.108986
3431.4597,51,119.112583
581.68286,44,119.112648
3960.851,35,119.112663
-28.557621,4,119.11267
242.2817,7,119.115737
88.749405,5,119.115777
2734.139,45,119.13155
1266.4921,20,119.134311
-330.0648,36,119.13752
2585.1038,34,119.140815
499.73016,13,119.140861
114.76485,2,119.143876
5389.176,83,119.143923
659.0831,46,119.151237
322.26578,7,119.16729
824.4859,10,119.177681
461.0706,9,119.177725
296.628,4,119.183133
3907.8088,48,119.183191
2061.8696,41,119.197075
2409.1904,35,119.197126
2566.8352,35,119.19714
-856.39404,4,119.203649
1286.7106,18,119.203702
274.42023,3,119.215715
2055.3867,26,119.215786
-905.71216,3,119.221793
2.36349,2,119.221852
2640.9136,31,119.227189
793.40845,37,119.23836
1967.7546,35,119.241314
1894.238,23,119.243904
1724.486,40,119.249566
404.64664,20,119.252261
1501.4061,17,119.25508
-1290.883,42,119.257912
790.1192,14,119.262165
4937.4565,45,119.26222
929.4742,17,119.262237
-115.881226,3,119.26564
2393.858,46,119.272012
4877.6196,46,119.27208
118.85078,5,119.277797
1781.2539,49,119.277848
635.98285,15,119.282742
93.968575,21,119.288527
-847.47644,4,119.288588
46.29562,6,119.288602
63.83069,25,119.28861
6105.0107,74,119.295072
-1000.83746,3,119.29883
178.51741,5,119.298885
4746.4126,58,119.301985
668.95636,18,119.306026
-874.3846,3,119.306081
211.5422,3,119.314883
2613.2808,40,119.314929
653.4672,12,119.314945
5403.282,57,119.3312
59.58902,5,119.333833
106.67815,2,119.336619
4829.511,42,119.336663
50.465324,2,119.343227
1353.471,17,119.345927
263.22592,5,119.348668
1935.2001,29,119.351718
3843.2952,61,119.351757
-588.3804,22,119.365571
221.19629,4,119.365618
3902.2402,76,119.36563
878.45935,17,119.380727
921.75916,48,119.380776
1102.0288,34,119.3808
-814.4342,10,119.383638
2255.8088,39,119.388701
-845.7241,2,119.398057
2294.212,45,119.398116
2170.1687,30,119.411298
-795.3331,9,119.414304
391.97693,6,119.417778
1960.3972,31,119.41782
4242.648,45,119.421409
201.9673,11,119.421469
1035.0203,12,119.434319
1625.4012,38,119.434379
227.52512,6,119.436926
266.58685,7,119.439914
61.467262,3,119.444649
4000.2947,60,119.44806
162.26538,3,119.448105
4790.5347,54,119.451035
3848.137,54,119.467248
-352.4281,7,119.467318
63.160927,4,119.480209
2202.1943,50,119.493382
-847.8076,2,119.493464
-238.1936,5,119.503651
4043.151,47,119.514832
1301.656,20,119.518914
605.9678,9,119.518986
139.73186,4,119.519002
2478.7153,32,119.522224
1863.6874,40,119.522286
6721.924,85,119.525924
1718.4838,23,119.533897
170.28705,2,119.539342
4009.4592,41,119.539513
184.65775,6,119.539562
410.90125,8,119.543477
-6.010066,11,119.543538
1773.5486,54,119.54658
780.62585,20,119.549419
1116.1707,20,119.555213
135.65292,31,119.555261
2553.1943,46,119.55527
-627.2443,10,119.555275
2520.6445,44,119.55842
1544.9366,31,119.558471
-723.39966,7,119.561623
194.25555,2,119.561661
146.60591,2,119.564863
-909.6206,3,119.564916
-22.888685,4,119.567935
2896.8965,53,119.571183
389.57202,5,119.575435
192.00928,4,119.575478
1063.9204,23,119.58266
467.635,22,119.585204
-857.944,2,119.588511
1345.174,26,119.588562
4490.693,50,119.588574
3349.145,55,119.591626
-988.96014,2,119.595509
582.2792,9,119.595553
1303.1697,17,119.595567
182.35793,2,119.595574
-54.69906,7,119.59558
-35.83348,3,119.59812
1648.4315,28,119.600903
-905.6818,3,119.600941
1072.7012,16,119.603647
20.46587,2,119.610242
332.6329,5,119.613333
-888.6368,4,119.613372
5041.626,62,119.625152
594.698,7,119.628029
300.7985,15,119.633054
2824.7244,40,119.641474
115.30522,11,119.644156
2058.7798,33,119.646747
278.88412,9,119.650701
1134.371,18,119.650769
3739.5125,43,119.654347
107.79927,2,119.658031
224.65163,4,119.66197
146.4712,3,119.662031
2731.8674,51,119.662047
866.1616,17,119.665335
890.5181,13,119.668685
3603.6416,42,119.672217
2.158924,3,119.672265
1327.5103,35,119.686047
302.2545,4,119.689018
478.10895,9,119.695572
1477.6018,30,119.69562
2950.823,48,119.695634
547.3197,10,119.701289
100.166565,2,119.701349
401.84277,21,119.703964
149.21231,4,119.712292
816.1512,15,119.712381
417.8271,12,119.715704
4744.4316,52,119.715742
231.00388,4,119.718355
2573.7424,37,119.721383
186.67767,4,119.721415
1295.8346,18,119.724529
1028.2571,23,119.724593
-918.0635,2,119.727963
104.53168,2,119.73206
4500.865,50,119.732116
3605.836,36,119.732131
2833.937,40,119.732138
145.62772,3,119.735084
3951.5376,52,119.73513
157.3399,6,119.737737
83.4048,9,119.747905
238.28256,3,119.747956
-1029.905,3,119.752954
882.7135,20,119.759551
448.9935,8,119.75961
-256.48373,15,119.759626
808.8479,18,119.762845
978.7867,13,119.762884
11.455223,9,119.765596
1233.5282,27,119.770651
3001.4578,36,119.780019
475.72098,13,119.783141
-439.44336,14,119.786639
-610.3579,5,119.78669
-304.1806,17,119.786703
70.36538,2,119.790193
3228.6287,71,119.79334
290.1643,9,119.793388
82.38899,3,119.796274
-454.98053,9,119.796319
147.46567,2,119.799199
-950.9012,3,119.799242
3338.9219,39,119.80497
-610.22736,8,119.805008
145.37555,3,119.805018
1010.63837,71,119.808224
334.4715,4,119.811236
1602.931,21,119.811283
1368.8271,19,119.816866
322.9109,4,119.816904
5118.899,63,119.820327
506.71057,22,119.820357
3314.3555,74,119.834564
757.5515,13,119.834618
801.8137,24,119.834632
2166.6138,33,119.834638
671.9021,17,119.838483
262.4621,3,119.838549
8.251507,3,119.838562
1202.7452,22,119.852002
-792.333,4,119.864248
3059.409,36,119.864301
1062.6329,18,119.867499
172.57855,4,119.871159
558.81964,9,119.871223
250.52599,3,119.880982
1050.1741,19,119.881034
1633.1788,16,119.884066
214.89478,16,119.887078
1737.0292,30,119.887126
827.3787,11,119.897374
290.578,3,119.902711
4330.963,53,119.905393
1350.25,25,119.908841
-366.38928,9,119.908884
816.8229,15,119.908897
-771.085,5,119.911965
1009.13495,21,119.912011
70.489296,2,119.914764
-186.8185,10,119.917805
1236.5409,19,119.920613
403.29068,7,119.930095
225.46246,11,119.93304
325.22394,5,119.938399
297.30127,5,119.948845
469.04456,10,119.948909
-18.063656,2,119.955117
844.8897,19,119.95516
70.67955,2,119.955171
-661.5532,13,119.960948
498.87662,14,119.96098
-1271.0624,7,119.960987
326.68213,23,119.963893
5144.04,56,119.979786
688.3793,13,119.979849
1057.1638,27,119.983838
3993.7488,38,119.983884
798.507,16,119.987262
-191.33607,5,119.98731
1964.5392,31,119.987324
275.69827,5,119.998057
56.892036,4,120.0012
192.73105,4,120.006597
118.315796,3,120.006641
238.94356,3,120.009358
-624.7721,9,120.015406
-801.57495,7,120.015659
125.41355,2,120.015696
2707.2336,58,120.015707
777.60767,20,120.015712
1805.0116,24,120.018929
3072.0332,49,120.018976
2253.0713,44,120.022674
436.08014,13,120.022726
77.8053,2,120.02274
84.93458,2,120.022748
-142.54059,11,120.026108
136.8496,2,120.029105
109.95854,2,120.02915
974.5698,13,120.032027
396.9457,8,120.032073
1576.4573,44,120.034755
-757.36694,4,120.050324
472.1277,9,120.053485
67.093605,2,120.065693
207.3862,3,120.065752
595.2967,13,120.071993
346.08948,11,120.072026
4978.2397,50,120.072035
4134.948,60,120.075363
-1535.7356,11,120.075403
316.10825,11,120.075417
-972.7602,3,120.080418
5322.9556,49,120.083872
1936.7228,35,120.083912
280.39655,19,120.083927
230.32518,4,120.083936
868.8799,23,120.094981
1386.0786,23,120.097665
248.73367,6,120.101289
-1265.0946,6,120.101345
2422.9482,37,120.104586
93.71408,3,120.111191
584.478,12,120.111254
396.7074,6,120.114757
1377.248,41,120.11482
1827.884,40,120.11919
323.13013,15,120.119253
144.90036,2,120.125091
21.261726,5,120.12795
1770.3964,31,120.131205
1328.064,20,120.136897
358.6711,10,120.136937
2051.5996,33,120.147378
580.068,7,120.153287
2002.6664,51,120.153336
2045.7734,38,120.153348
174.8034,4,120.155933
143.77524,2,120.15943
3686.3074,49,120.162181
28.825104,2,120.165256
287.06656,6,120.170564
3650.1008,84,120.173243
326.32578,5,120.17586
3191.8633,51,120.178951
75.15977,3,120.179072
304.91272,30,120.182088
201.83926,2,120.185494
8.357384,2,120.185538
1676.6237,26,120.188252
1114.0177,22,120.191699
794.47516,11,120.197073
2150.7188,27,120.199911
328.9131,9,120.203016
1655.0912,24,120.206466
-833.71606,7,120.206545
664.6489,18,120.206563
1742.9045,28,120.20657
267.34058,4,120.214369
128.11853,3,120.214418
329.97052,5,120.219113
-335.86017,12,120.234805
416.29492,13,120.234855
1469.5605,28,120.234877
2362.8235,52,120.241546
436.92468,9,120.2446
407.43085,6,120.250067
4865.6426,50,120.250113
230.43588,5,120.253934
343.6114,5,120.253995
4572.3804,69,120.254014
3867.47,53,120.254022
267.25696,7,120.261948
446.0895,5,120.262011
-312.55496,3,120.264599
-866.72284,2,120.26877
1804.1149,24,120.26882
110.82692,4,120.268841
306.0353,5,120.268857
5270.2207,60,120.268865
3649.7751,47,120.278634
280.6393,4,120.282692
1319.6981,43,120.282743
-287.3145,5,120.286873
937.1734,18,120.286923
363.47556,9,120.286939
2203.6587,29,120.297645
187.46115,43,120.300658
4130.804,61,120.300707
110.15267,2,120.303756
-640.56494,12,120.303797
1157.5243,28,120.314106
912.12683,10,120.319087
216.09354,4,120.323721
-1098.3062,8,120.334522
-309.28497,13,120.337344
-816.5216,7,120.340689
1105.337,19,120.340733
397.75626,5,120.340745
-523.154,6,120.346
-654.7521,18,120.346048
4390.1147,45,120.352589
467.30243,10,120.352633
172.9491,5,120.355569
432.58868,6,120.355611
121.647514,2,120.365252
2374.404,39,120.365309
1250.0449,22,120.368143
3030.473,73,120.373685
-967.892,3,120.376426
301.20593,3,120.38832
878.5667,10,120.388372
342.61322,10,120.397592
1266.5164,26,120.403114
-635.35364,10,120.417375
-305.69995,4,120.420267
337.4491,8,120.423839
277.89453,28,120.423888
162.09126,2,120.427157
2828.9578,32,120.427204
-439.02066,8,120.427216
4659.315,72,120.433052
1290.7394,52,120.433101
13.154274,3,120.436038
251.03368,3,120.43608
2302.7612,37,120.439478
306.1395,5,120.439521
4552.3896,50,120.442552
2153.936,30,120.449205
489.55478,30,120.449255
170.24522,5,120.452376
931.24506,24,120.452414
70.906746,5,120.452426
433.1974,18,120.455337
4407.7026,47,120.455388
246.0451,3,120.476337
306.29678,11,120.489883
-505.61246,10,120.494116
927.09564,16,120.497842
196.19395,4,120.497899
53.384796,4,120.497915
2124.9949,46,120.500969
482.07834,10,120.501019
111.49189,2,120.503597
4756.5786,42,120.518451
828.42596,10,120.521631
7.9882736,5,120.526628
4551.1934,52,120.526698
804.50085,11,120.529396
341.7157,3,120.532227
2751.3765,36,120.532272
-27.736961,7,120.537535
1004.902,18,120.537606
401.67792,4,120.549991
222.57092,4,120.555862
-820.77527,9,120.559629
560.01483,7,120.55968
948.1661,13,120.559695
356.8788,4,120.563699
376.11902,26,120.563761
1001.3952,20,120.563777
166.39433,3,120.569407
2515.018,31,120.569449
1168.5106,20,120.57729
5116.3384,52,120.577332
139.03879,3,120.577343
1797.1698,25,120.5855
255.92926,3,120.585561
175.33774,2,120.593029
606.826,12,120.59308
1580.2113,33,120.593095
554.5593,27,120.595787
125.21595,2,120.599363
773.96454,14,120.616725
1362.4148,15,120.616785
4744.0312,64,120.62077
4351.098,96,120.620834
1035.0398,35,120.620853
196.17824,3,120.627867
699.16284,17,120.627907
541.8821,9,120.63336
246.02014,4,120.633407
213.6452,6,120.638497
-747.0101,4,120.638546
609.0211,11,120.641781
437.10583,7,120.647075
217.85428,7,120.652174
2200.1262,32,120.652222
782.79816,17,120.655264
1905.1862,28,120.65531
345.15076,27,120.655322
1498.6049,43,120.663025
3160.1094,82,120.663094
1194.6217,25,120.669216
1754.3665,41,120.673043
4057.6511,49,120.673111
-612.2512,5,120.677027
4082.14,81,120.677102
256.42026,4,120.680842
164.68903,9,120.680908
307.99857,3,120.684745
-300.392,8,120.684805
20.218884,2,120.684821
275.36536,9,120.698369
-1623.1205,6,120.698423
830.8225,11,120.701578
773.0769,16,120.70162
3906.6057,50,120.704699
281.4044,5,120.704744
262.22006,8,120.772886
98.51781,3,120.776591
-383.33716,10,120.776638
1693.0378,21,120.782753
519.87744,31,120.782796
3983.43,52,120.782824
-634.89844,8,120.786481
279.46707,7,120.786529
490.3667,15,120.786544
2231.7737,39,120.786551
435.1284,7,120.789834
-798.97107,2,120.789875
-23.761124,5,120.792736
-436.07892,10,120.795719
164.77498,2,120.795761
56.325993,3,120.79857
1.9971542,12,120.798608
75.096176,6,120.809085
143.73596,4,120.80914
-180.9037,9,120.811728
1574.0093,22,120.819857
1230.6139,17,120.823293
3510.6614,38,120.823348
1659.947,43,120.826135
194.4068,5,120.834064
1361.0251,48,120.836795
-31.592407,5,120.840213
550.55255,6,120.840265
-411.50275,43,120.843174
-888.40076,3,120.845968
-979.2451,2,120.84912
1172.426,24,120.854409
2843.2068,68,120.860749
901.20264,28,120.863559
2144.6958,65,120.868643
1070.6359,26,120.868681
129.48343,2,120.873416
157.66255,3,120.882532
684.7155,26,120.882581
5295.9766,53,120.889671
-70.59771,12,120.889731
-416.13028,10,120.889747
2127.577,28,120.889757
336.1539,8,120.893093
2084.3982,48,120.896449
107.45157,4,120.896496
3257.5989,36,120.90063
2139.2205,31,120.904264
51.769917,4,120.904325
752.53937,14,120.907476
1035.4309,25,120.910935
-832.7499,6,120.910997
4984.074,47,120.917336
216.63974,6,120.923237
-705.9552,5,120.928099
4216.5527,47,120.928179
309.56454,6,120.928201
-348.5063,10,120.928211
-8.519845,12,120.931506
1479.3367,35,120.931545
632.60114,12,120.937002
-524.3773,4,120.937047
123.98287,3,120.937059
-873.1645,9,120.946382
183.90851,4,120.946436
-619.4481,5,120.949603
1306.7964,33,120.949651
-211.59645,14,120.954476
-40.298607,19,120.959449
3455.6033,52,120.963806
1992.0767,56,120.963871
-711.33276,7,120.979307
1153.0652,25,120.995659
2226.6567,38,120.995716
3837.2083,71,120.998489
107.41567,7,121.001398
-1025.1768,5,121.001435
1864.9121,24,121.004165
418.26535,8,121.007956
1028.2866,14,121.015164
980.3605,18,121.01521
3785.694,68,121.017761
269.01862,3,121.031065
4028.7388,47,121.031119
376.57462,4,121.037573
2043.163,33,121.041466
-150.8776,20,121.051692
5182.9165,58,121.054665
-942.04456,6,121.054713
433.17422,9,121.06336
248.64754,3,121.069423
1309.5656,30,121.072632
107.655365,3,121.078778
632.08496,14,121.086401
5444.3413,96,121.08645
1346.4972,25,121.088992
1947.3616,40,121.091762
470.32,6,121.101367
511.23145,33,121.101408
2658.4834,43,121.104193
2310.7502,32,121.10424
2303.6262,36,121.109109
5263.921,50,121.114974
147.71657,7,121.124388
972.115,22,121.12445
2075.4778,32,121.12846
1593.7358,35,121.128527
503.59473,14,121.128557
2364.5515,53,121.134231
531.6929,15,121.134275
2227.1326,53,121.134287
171.84387,27,121.137132
4610.3066,46,121.137176
2524.5132,62,121.14297
673.02094,13,121.143049
263.99866,5,121.150507
-652.82837,4,121.150567
-541.2252,4,121.150582
4064.758,56,121.150589
2492.0234,49,121.153445
329.45337,9,121.153492
35.56846,3,121.161207
-17.316921,4,121.161248
1726.6891,38,121.166758
1960.3777,31,121.1668
5197.459,51,121.16681
488.42184,7,121.169345
512.4114,7,121.188123
302.8019,5,121.188177
1100.6224,28,121.191988
1290.7717,28,121.192046
848.0743,20,121.194863
817.50604,19,121.203641
126.82965,4,121.210484
156.13666,2,121.210535
725.2889,12,121.210548
3926.614,64,121.21323
210.50423,7,121.218285
3498.5244,46,121.218322
2704.0066,42,121.221215
1693.8605,21,121.232202
2926.0972,31,121.234834
2056.2517,24,121.237595
34.13902,2,121.240954
132.11905,10,121.244095
1329.7324,20,121.244133
-739.95984,29,121.246924
430.34668,9,121.25292
55.401897,16,121.252991
32.710148,3,121.253091
3548.657,35,121.25613
226.29514,3,121.2694
418.61365,16,121.269453
147.59839,4,121.272156
2011.5482,27,121.275078
235.64542,9,121.277955
450.32483,10,121.277996
945.14294,25,121.280528
2938.6245,50,121.287732
1065.6278,29,121.291866
320.70026,7,121.291916
68.37139,5,121.294634
-962.7374,3,121.300941
162.07564,3,121.301005
4891.0684,56,121.30102
516.6063,9,121.304791
1000.7608,14,121.304841
4385.623,51,121.304858
40.526733,12,121.304865
-1066.9937,2,121.316561
151.23897,2,121.316619
74.89833,2,121.319468
168.94196,2,121.322162
-659.4188,4,121.327528
-1017.52435,3,121.327575
264.88995,6,121.330815
3499.156,54,121.342322
958.03845,19,121.342384
2570.8252,56,121.3424
4877.083,61,121.342409
1214.5261,37,121.342416
-787.49805,8,121.345845
462.30948,16,121.345895
2044.6881,29,121.348592
1084.2909,28,121.351765
2522.824,33,121.351802
155.73138,38,121.351814
-199.9424,8,121.365035
367.36646,19,121.368796
962.5636,19,121.368845
3301.0564,57,121.36886
495.37415,9,121.368873
369.6252,7,121.371724
-718.7355,8,121.371772
87.3356,3,121.379507
82.83853,3,121.382976
-81.03772,14,121.386478
229.76035,5,121.389564
2106.208,48,121.399477
-70.35846,29,121.405831
225.89749,8,121.415663
967.30365,14,121.422748
3585.9248,45,121.422863
252.71263,14,121.422888
755.6283,23,121.422896
528.2309,9,121.427815
671.4375,15,121.427871
103.25909,2,121.430888
79.30337,3,121.435198
325.01617,5,121.435267
-924.1407,3,121.435286
-434.23267,9,121.439085
3352.0466,48,121.443275
2206.6797,26,121.449592
-139.24492,6,121.452865
295.55057,5,121.456795
133.97137,2,121.470029
577.86597,9,121.470116
578.66364,17,121.485242
258.67194,7,121.485335
217.64445,3,121.489405
1269.8474,40,121.493454
2487.6494,71,121.49764
286.42737,4,121.497703
3826.7515,36,121.502195
-1186.7223,4,121.502261
1384.5596,34,121.502277
285.94083,7,121.517553
1833.8231,25,121.517653
-684.8714,4,121.521414
4754.875,45,121.521454
-32.033833,6,121.521466
-986.09863,3,121.527492
235.37515,8,121.537305
-56.17383,20,121.541038
456.9566,23,121.544917
3094.4692,47,121.544977
2387.0542,46,121.544999
2927.3953,40,121.548803
107.82503,2,121.548877
4341.5625,61,121.548894
156.44807,2,121.55199
102.57422,2,121.554796
151.16423,4,121.563782
383.91348,11,121.563859
894.3087,9,121.563881
-332.8946,27,121.568522
298.24963,16,121.571922
-998.63556,2,121.579777
-711.7247,6,121.579855
325.87787,5,121.587813
1859.4532,27,121.587907
378.97604,8,121.595407
787.73694,11,121.616276
63.170853,9,121.61949
300.34103,10,121.619534
962.9042,25,121.62229
2983.905,69,121.625131
171.40692,3,121.627877
-373.32602,3,121.630601
2777.4856,33,121.633608
391.4654,6,121.633656
956.7212,19,121.64017
3509.9473,45,121.647162
2191.5518,26,121.650194
1276.5842,28,121.650241
708.8935,18,121.652877
2171.6104,39,121.666501
495.11987,7,121.669254
-513.5911,11,121.676992
828.31976,25,121.677053
471.9775,6,121.677069
7395.8213,67,121.677076
137.13864,15,121.679768
4776.621,41,121.682464
157.91116,6,121.685445
247.50854,34,121.685491
473.0797,15,121.689332
6426.504,121,121.689399
283.426,4,121.689416
3888.0276,56,121.69377
165.80362,4,121.693826
199.43225,2,121.69717
25.508747,3,121.701066
926.5294,20,121.701125
1271.0222,50,121.701143
361.93234,7,121.706823
192.74673,10,121.709873
142.77556,5,121.709914
76.69883,5,121.713028
1805.2594,34,121.713063
182.26562,4,121.713074
282.68832,5,121.715617
103.76471,4,121.726657
258.6591,5,121.733332
120.3775,7,121.733392
658.9462,16,121.733406
319.96252,5,121.736977
-322.55908,29,121.737251
944.0674,13,121.740592
142.36307,2,121.74066
957.57697,16,121.743981
150.55396,2,121.74403
1462.1221,15,121.744044
4874.0254,60,121.749239
2013.0391,26,121.749277
1079.8907,24,121.75203
1511.7449,40,121.764969
345.33734,8,121.768601
142.3149,6,121.768657
77.724625,4,121.771663
-863.6455,2,121.775971
712.21783,13,121.776024
114.86749,3,121.778766
2523.7122,75,121.782283
1385.0573,26,121.782346
985.60535,50,121.782361
2496.8735,37,121.785107
2724.2053,31,121.787622
130.93147,3,121.79037
122.28997,2,121.793711
167.60931,6,121.793751
732.54333,14,121.793762
796.3576,18,121.797035
1116.604,18,121.797102
-1047.3247,2,121.803054
-319.54492,8,121.803107
2789.4434,31,121.809405
-1172.8876,4,121.809457
187.55945,18,121.812834
493.94955,7,121.812887
6.1896667,7,121.816133
2328.5593,70,121.816171
16.058907,4,121.816184
-17.730457,2,121.819341
1487.7524,23,121.819377
823.9706,21,121.82265
2955.5737,48,121.822701
1051.3492,15,121.822731
1861.5006,33,121.826116
1468.72,20,121.828961
321.65726,4,121.832407
1147.2335,19,121.832452
86.178505,5,121.832464
1051.8696,15,121.832469
132.24832,7,121.835254
-1034.331,5,121.83528
490.59918,9,121.838051
-749.2261,5,121.838103
65.08454,3,121.841837
1097.1532,30,121.845536
-67.51063,3,121.845585
419.8895,4,121.853673
229.5912,5,121.853713
2837.461,41,121.853724
299.58337,10,121.85636
3193.903,43,121.862381
665.5888,11,121.872887
1722.2589,27,121.881745
656.8022,7,121.881799
-750.0448,3,121.881812
390.91425,4,121.881818
1686.821,17,121.884559
0.7030029,2,121.887267
199.07404,2,121.892751
618.87177,15,121.892797
3109.9194,32,121.895944
253.40442,5,121.895993
1260.5969,28,121.896004
369.16183,5,121.89917
-1869.4762,6,121.899216
89.783806,2,121.899229
2508.077,45,121.901859
326.63266,5,121.910862
1510.88,17,121.910918
-322.08148,25,121.914086
1187.7363,15,121.914144
205.20825,9,121.924065
695.62244,18,121.92677
668.0746,12,121.929292
619.62646,14,121.934394
102.130844,3,121.93444
1506.6818,31,121.937496
522.9254,13,121.937571
3726.3647,46,121.946094
1866.1718,27,121.946145
845.9174,14,121.949032
860.7256,14,121.958118
3200.4456,41,121.958158
-118.00287,11,121.969645
693.3663,17,121.985227
1342.3191,36,121.985281
-156.7939,6,121.997872
3928.599,49,121.997917
1826.8148,30,121.997928
-817.8871,2,122.003273
1007.9676,12,122.003333
1236.2095,28,122.005847
2072.1208,51,122.009106
2019.2238,45,122.012244
182.29959,3,122.015363
-856.0504,3,122.018882
912.47327,17,122.022522
949.9181,17,122.022569
219.94092,3,122.026542
159.85948,2,122.029431
402.55673,22,122.029477
751.0986,16,122.034556
84.73737,3,122.043801
7.173977,5,122.043852
95.41407,2,122.049745
1367.3295,15,122.049783
290.74017,17,122.049807
2399.8628,29,122.054789
670.9616,19,122.061807
2032.6428,29,122.06838
5016.3145,52,122.068441
4861.7026,42,122.071147
-2.618988,10,122.073918
1005.8171,69,122.077111
-253.65155,7,122.077165
291.12134,3,122.084576
-881.8141,3,122.084615
68.15297,5,122.087122
1052.1355,24,122.092425
5062.543,77,122.106445
1451.4879,40,122.106498
2246.873,34,122.115649
549.68823,9,122.115704
853.85645,11,122.115723
159.4425,25,122.127978
208.64209,25,122.128047
2208.811,43,122.131214
1.6511612,3,122.133885
2303.4998,40,122.137003
3099.428,47,122.137055
-729.5282,3,122.140643
1161.6588,24,122.144651
-167.94507,18,122.144698
1376.7361,52,122.144714
2523.7505,52,122.147876
1337.0327,24,122.147914
1410.527,38,122.147926
70.603386,2,122.151133
-1412.2009,4,122.151177
4711.2617,52,122.151189
2439.0928,73,122.154057
3552.539,73,122.154102
148.95662,4,122.160622
22.02697,3,122.163837
221.59598,7,122.167204
3491.5903,37,122.167262
1622.6902,26,122.173113
184.04124,4,122.178864
627.81085,8,122.181627
36.091965,18,122.187173
-545.0412,8,122.192459
-508.80176,6,122.195094
-851.2584,14,122.202953
1254.3489,25,122.206749
1503.0723,22,122.2068
1468.8074,24,122.210133
597.0313,22,122.210181
1295.839,28,122.212845
-34.11326,3,122.215469
1283.1177,16,122.219547
640.21155,24,122.21961
77.80898,2,122.219627
1061.2399,23,122.223142
46.57202,5,122.223196
685.1933,9,122.223211
12.67514,4,122.223219
1711.6787,25,122.228544
211.5956,3,122.228582
85.83123,3,122.231107
-614.47107,6,122.235431
646.64264,10,122.235529
2298.672,54,122.238833
1124.7368,24,122.242226
120.305016,2,122.247738
223.99736,9,122.251273
2955.8652,40,122.251333
-724.9845,6,122.251348
993.8788,15,122.256687
3887.0469,62,122.256732
259.6106,4,122.26188
2559.9143,39,122.33094
-1008.1455,2,122.331003
3584.7798,51,122.336548
-764.49646,6,122.336588
1578.2273,29,122.336599
4116.9707,36,122.363519
199.80553,7,122.36869
282.3289,15,122.368745
2324.0168,49,122.371287
1437.5928,27,122.381672
2926.929,50,122.381731
4527.0205,37,122.381748
3051.4712,29,122.385546
75.85404,3,122.393178
87.97279,2,122.393234
-50.254692,22,122.396146
263.46875,8,122.399148
67.22635,5,122.414075
2391.2942,32,122.416898
-270.9331,13,122.420526
5122.496,100,122.420574
2823.2595,30,122.423754
3787.1067,72,122.423797
1462.3536,24,122.426724
-257.77103,8,122.429469
638.11096,11,122.434846
-666.7938,8,122.437692
872.82996,17,122.440317
92.90071,8,122.445571
3743.3015,43,122.448503
1626.7728,34,122.454494
3407.1345,32,122.454543
1521.2443,39,122.465433
335.0403,13,122.465495
15.977295,14,122.469978
787.50616,13,122.488045
-5.5595703,2,122.48811
107.79196,2,122.49903
1316.1028,16,122.502477
-903.2753,14,122.502519
3657.0046,33,122.505152
-314.03702,4,122.511968
337.30386,3,122.515522
-979.001,4,122.521872
3179.2537,60,122.521922
565.203,17,122.521938
4724.5864,54,122.521945
273.02155,8,122.533533
-5.6537833,5,122.533578
4287.4185,44,122.533592
-521.4547,5,122.549816
-13.212463,3,122.549871
3319.4849,66,122.555077
484.8062,8,122.560981
-464.20425,6,122.561065
689.5779,10,122.561085
-58.780518,20,122.56836
2513.362,35,122.573427
3936.7783,71,122.579647
178.18481,6,122.579707
3513.877,44,122.582523
761.33167,16,122.585815
-405.925,16,122.585855
876.9122,26,122.585867
2054.5708,33,122.589111
-935.7984,3,122.589159
187.68088,2,122.589171
4267.707,75,122.592237
1190.0676,28,122.595843
49.58334,7,122.595894
3.5909271,5,122.595911
502.4318,11,122.595917
1623.6154,32,122.598967
174.64882,4,122.599015
2938.384,36,122.60193
3362.4414,53,122.601978
141.57906,3,122.607229
102.30676,6,122.610713
292.35443,5,122.610761
225.27487,7,122.610773
-833.9613,6,122.615671
3490.0125,35,122.621221
594.0619,7,122.62128
903.0473,11,122.621297
197.61807,10,122.624485
581.8107,13,122.624527
-191.3937,6,122.628157
725.1263,14,122.628247
-915.5979,2,122.628264
251.21143,11,122.628273
3915.9646,44,122.63148
1396.7274,36,122.631528
645.1947,23,122.631541
108.94676,3,122.634421
350.37155,8,122.634458
6037.7954,69,122.643354
16.836966,6,122.646374
258.4477,6,122.646415
570.0379,20,122.649528
692.6671,10,122.662157
1476.2107,31,122.662212
1009.98193,35,122.665292
283.2814,10,122.66533
2732.4736,38,122.668526
1359.2407,18,122.675313
114.55813,3,122.675393
-935.35046,2,122.681826
2485.8125,41,122.681871
206.59506,3,122.685044
1837.94,28,122.685114
963.91235,18,122.69049
-659.4662,8,122.690545
1283.7808,26,122.694633
275.67526,18,122.694685
780.03595,22,122.6947
155.60986,30,122.698209
-136.2268,22,122.69827
2607.1943,51,122.704706
-931.8341,5,122.708358
294.2768,3,122.708426
1157.2673,25,122.711872
1028.8608,17,122.731183
1689.6542,22,122.734418
95.03479,10,122.734468
668.73126,11,122.734481
757.22046,11,122.737054
348.39944,17,122.750465
3587.7585,39,122.750513
2835.6265,33,122.753324
1858.4133,23,122.75705
999.54114,18,122.757108
207.54138,2,122.757123
582.7393,19,122.757131
271.79858,8,122.765501
1935.9117,30,122.765552
256.90128,4,122.768739
178.71507,4,122.768776
27.04306,6,122.76879
-626.71686,11,122.771595
250.43134,10,122.783426
3819.5806,46,122.786636
101.93401,3,122.789424
375.7047,5,122.798775
169.43436,3,122.801759
349.6954,10,122.801799
1155.2955,25,122.804397
-145.10468,13,122.809784
-966.7062,4,122.814895
1783.2418,43,122.819789
1895.5277,40,122.822353
2374.5435,53,122.828485
-224.02966,7,122.828537
879.6944,22,122.831573
961.7666,11,122.831612
2334.0288,43,122.831623
1121.7612,16,122.834391
1130.9718,18,122.834437
470.4402,19,122.837348
241.03154,3,122.837413
790.5782,15,122.84155
308.4449,4,122.841601
305.41357,4,122.844889
18.728188,4,122.848258
1810.8616,32,122.851583
447.435,20,122.860332
-189.30156,4,122.860393
-1189.767,7,122.860405
2888.5552,50,122.863323
696.03235,7,122.863373
107.02653,2,122.866184
91.02228,2,122.868821
89.363396,2,122.872213
-968.967,7,122.872272
-25.13684,9,122.872287
4477.9326,41,122.885655
1563.2246,33,122.885714
960.7228,16,122.889008
1789.0793,29,122.889063
-200.6623,5,122.89626
244.8741,3,122.896325
366.74442,5,122.896338
102.647896,2,122.896344
3781.2231,86,122.898966
5417.336,76,122.909652
209.00151,5,122.912257
3463.2131,86,122.919363
2575.3674,46,122.922075
2142.6921,35,122.924897
31.550016,2,122.93003
159.89706,4,122.930075
2052.4082,86,122.932894
1319.1638,31,122.937986
1501.3167,23,122.944059
298.31766,5,122.946998
244.25691,3,122.952203
1972.0482,31,122.955415
2579.0195,45,122.960542
1385.8988,44,122.960617
690.5336,11,122.964743
3588.221,43,122.983527
317.46677,4,123.00006
4510.552,47,123.006021
561.9346,6,123.006075
381.89093,8,123.010273
1799.6742,30,123.010325
2846.0684,48,123.015935
2093.0562,32,123.015984
352.65634,14,123.018564
2697.1836,43,123.021145
2462.7612,37,123.023706
307.37454,4,123.026904
3641.7847,45,123.029992
326.61084,5,123.03004
1537.7354,33,123.034831
-221.11626,14,123.037649
3415.5833,40,123.037687
228.38449,4,123.040856
882.6304,11,123.040898
-1347.8295,4,123.04091
3537.6587,38,123.046287
1285.6055,17,123.048981
-882.89404,4,123.056623
167.08057,6,123.056648
2288.937,38,123.061147
338.71155,13,123.064441
1434.5413,16,123.064493
107.691124,2,123.067908
1029.224,29,123.067978
125.664955,7,123.0718
105.71167,2,123.071849
3050.4648,35,123.071865
100.67958,2,123.085018
-958.9419,3,123.085088
2731.3452,58,123.091808
3272.6787,42,123.091866
269.3937,3,123.094903
329.6558,5,123.094945
352.11,10,123.097837
-16.8037,2,123.097875
-334.76907,5,123.100572
20.382301,4,123.104245
272.96625,3,123.104292
1238.1626,20,123.104305
127.84212,2,123.10431
481.4041,14,123.110831
139.65936,3,123.110877
2322.0076,32,123.113776
297.84634,5,123.113815
753.85406,13,123.116756
209.98607,4,123.116794
90.1893,6,123.122947
7932.669,124,123.122997
3192.4048,73,123.138601
3062.6917,68,123.142029
639.46466,8,123.152041
1862.2797,42,123.152098
2012.0404,31,123.152114
552.36914,12,123.152122
843.2611,11,123.164287
38.256676,2,123.171407
325.39096,7,123.171458
660.99677,11,123.185818
70.16577,3,123.191619
1038.3972,17,123.191697
1660.5817,22,123.191711
264.5218,8,123.194474
360.69272,13,123.197265
687.9989,17,123.204004
38.46888,4,123.20406
389.8756,7,123.204082
102.80198,3,123.204088
3706.8308,41,123.204094
3763.9282,42,123.206912
309.2427,4,123.212032
22.073195,2,123.212093
214.52618,2,123.212109
-338.3836,13,123.212116
4138.7964,44,123.212121
132.2093,2,123.212126
3994.0098,51,123.217581
1284.4792,36,123.217644
6186.197,61,123.21766
17.71259,3,123.223255
1878.6635,24,123.2233
235.84874,7,123.229519
243.93884,7,123.229582
394.66956,5,123.232871
2290.3657,32,123.235848
183.67288,3,123.239172
-633.37427,10,123.251831
773.0381,11,123.255329
99.29905,4,123.2556
4415.2935,66,123.255632
1321.6345,34,123.268503
4069.6384,61,123.268576
1411.9958,26,123.271507
828.7453,13,123.271546
569.9897,7,123.277505
4396.0664,38,123.277574
448.3018,5,123.280566
194.80673,5,123.280607
810.3416,11,123.283546
267.28802,5,123.283586
459.79218,18,123.286138
185.73038,6,123.288683
295.89975,4,123.292941
943.86804,26,123.293007
1352.3386,17,123.293024
431.6531,8,123.296017
111.13739,2,123.298757
122.45879,3,123.30368
1303.532,25,123.316992
1157.7903,23,123.317047
632.7373,11,123.317059
124.73875,2,123.324037
-311.75967,10,123.328733
-651.7986,11,123.328796
2263.8113,35,123.328811
231.10143,8,123.331841
254.97714,6,123.331881
-884.12305,3,123.33479
637.3717,15,123.334829
746.61584,15,123.337706
2929.1763,33,123.340829
408.3915,13,123.34087
1269.666,23,123.344269
29.237656,3,123.344309
1381.619,15,123.347364
112.16402,2,123.347404
1792.6914,44,123.350013
178.19337,3,123.353307
5930.383,70,123.35336
-145.07983,12,123.356906
-957.80054,3,123.356963
895.44904,22,123.367276
191.15128,2,123.367341
103.08641,3,123.370461
120.17844,5,123.373327
4920.999,43,123.376704
713.79346,13,123.376744
371.56433,4,123.376755
51.1615,2,123.382366
-963.2689,2,123.382406
128.8054,2,123.382419
1352.0784,20,123.391586
223.96527,8,123.391717
4187.2812,60,123.403005
87.34609,4,123.407908
2034.2057,38,123.407998
599.15796,19,123.408021
891.2647,15,123.408033
2399.5823,33,123.408042
1614.9373,19,123.412034
190.26668,2,123.412113
80.96923,2,123.416239
291.47803,4,123.416301
765.7268,11,123.420526
-393.88794,22,123.420587
1355.1571,46,123.420602
-4.0181284,3,123.420631
1660.9019,51,123.423432
1004.1396,18,123.426779
144.74669,2,123.426816
266.77243,4,123.426827
2145.2668,24,123.433013
294.80383,5,123.449623
65.791176,3,123.449679
73.826126,8,123.45328
168.71974,6,123.453337
4548.935,47,123.453352
171.1767,2,123.463881
-473.11804,12,123.463948
55.01277,7,123.492497
-69.45996,22,123.492572
320.05222,6,123.496598
1705.7928,28,123.496658
1710.051,35,123.496672
3312.7747,37,123.496679
120.92919,2,123.502851
613.4337,14,123.512164
1023.36066,22,123.51615
-129.72797,22,123.516207
217.10403,4,123.516223
1992.1375,26,123.519912
467.77716,17,123.523952
121.58703,2,123.524018
104.1052,2,123.524034
2856.0989,38,123.530295
147.49272,2,123.530345
744.9813,11,123.533361
219.92812,3,123.533408
-22.759949,5,123.536011
1828.6527,36,123.539773
137.36847,3,123.539839
659.1081,15,123.550935
87.03735,2,123.553891
244.11505,11,123.560148
3094.0198,32,123.562828
2633.8354,40,123.56544
3641.2346,46,123.568671
309.30258,8,123.568708
193.76578,2,123.56872
4085.737,36,123.571719
2843.6064,55,123.584741
-813.2611,4,123.591356
5128.725,44,123.594498
-514.5404,3,123.594548
135.76527,2,123.599597
2701.616,45,123.602363
1347.2329,24,123.604996
584.77875,10,123.610182
324.33646,14,123.610231
816.79285,13,123.613096
57.061356,3,123.613141
5139.4507,52,123.615664
-815.7444,3,123.62466
209.80464,9,123.624717
1134.1101,43,123.627574
528.3406,22,123.630226
793.09827,17,123.633074
1398.4615,30,123.636226
517.77704,27,123.636275
202.33495,5,123.638927
542.76587,6,123.641657
646.5755,9,123.645109
4156.075,42,123.645158
122.68574,3,123.649204
-620.3391,9,123.649272
2270.816,31,123.649287
4323.255,42,123.649294
3035.0898,30,123.652779
438.73157,6,123.652829
-1605.8058,6,123.656344
5106.169,44,123.656394
3816.8538,61,123.656408
525.7224,21,123.680161
68.53953,2,123.685785
201.19824,12,123.691
629.65436,11,123.691066
2073.4802,30,123.696205
1532.9149,24,123.699425
-103.389145,12,123.699473
3848.5437,45,123.699485
87.69467,4,123.702044
-345.01526,16,123.707417
1084.328,26,123.707471
648.198,14,123.707484
-0.2077713,5,123.710462
-461.38983,19,123.716116
-287.6382,20,123.716164
307.06046,7,123.723898
317.93848,21,123.736273
146.24477,5,123.736328
2584.6914,49,123.739176
685.1383,23,123.752261
2955.9163,30,123.752324
530.6669,22,123.752339
1224.2363,16,123.757863
160.24202,2,123.757904
4.394684,7,123.764735
574.37823,14,123.770244
103.93486,12,123.773923
4992.1035,79,123.773995
79.27255,2,123.797065
2456.0369,56,123.80028
364.20477,8,123.800328
10.766243,3,123.800339
1383.0339,21,123.803303
3104.9412,49,123.803351
207.84007,3,123.811804
1992.0503,39,123.814495
2524.107,29,123.822436
421.9279,9,123.822497
4004.885,50,123.825187
1112.5979,22,123.832707
637.71497,12,123.832745
2205.927,30,123.835757
3581.332,46,123.838612
724.32007,16,123.844617
48.502373,3,123.844664
149.73705,2,123.844678
1308.8723,29,123.847659
1023.8445,21,123.847697
289.2508,6,123.850603
622.56177,37,123.853966
279.14774,3,123.854011
571.6478,34,123.854028
2438.0989,30,123.856958
3024.851,46,123.857003
3039.2886,34,123.861087
-430.9544,14,123.864107
140.79666,3,123.864156
1795.7687,61,123.868821
610.5817,11,123.86888
2705.407,31,123.868897
182.95007,6,123.875228
283.87488,10,123.882014
2016.4259,33,123.882074
25.023415,9,123.882088
314.95502,13,123.886945
1827.64,53,123.895164
569.8378,12,123.898271
602.5243,28,123.898319
-315.84543,7,123.901869
3951.4836,48,123.901931
897.5297,15,123.905139
829.5017,17,123.990667
441.92908,27,123.990759
69.34298,2,123.995793
1430.7314,21,123.995846
524.7394,15,123.995863
518.0956,10,123.995869
115.728096,2,123.99868
52.647568,3,124.003561
303.94553,3,124.006723
110.907455,4,124.00675
923.1836,19,124.018389
1218.3783,25,124.018438
1129.2275,22,124.018452
881.5427,12,124.028142
361.51245,12,124.031996
-105.996925,4,124.032075
1987.5592,38,124.032094
1633.4296,45,124.032102
-574.7186,14,124.0352
439.87164,18,124.035247
-1120.5087,8,124.059668
117.82271,2,124.065272
424.20245,11,124.065322
5163.1147,54,124.070973
139.06682,2,124.071034
693.33203,13,124.073715
709.8618,11,124.080151
188.04355,4,124.086813
1487.5205,32,124.086884
695.8596,13,124.086985
1095.1349,19,124.090766
166.77893,2,124.100237
1187.6265,38,124.1003
4708.2485,60,124.109471
374.5051,11,124.112828
1497.6626,43,124.116353
2324.0486,29,124.116399
60.199806,3,124.121291
-742.9204,3,124.123886
1562.3113,24,124.138543
-717.5995,9,124.145506
3330.693,37,124.149644
-904.16626,3,124.149695
-173.38754,5,124.149714
2725.1033,43,124.152572
199.50087,3,124.155275
72.00651,3,124.15841
1675.1138,43,124.158482
2618.2617,34,124.164159
325.4203,4,124.167081
1759.4431,58,124.167125
708.59814,16,124.172169
1054.2893,22,124.174778
1926.0992,60,124.18085
811.8909,10,124.180892
1238.3192,26,124.184231
337.25922,9,124.18428
-830.8683,6,124.184293
1964.197,30,124.1869
1064.132,48,124.189664
4314.191,43,124.195589
388.4144,5,124.195647
873.2814,14,124.198739
3828.7102,45,124.19878
-536.3659,5,124.204443
2944.6655,58,124.207234
708.46967,10,124.21409
1675.4948,22,124.214149
4835.2495,44,124.214165
499.5979,15,124.219359
609.3828,14,124.224871
83.86314,21,124.224905
2400.3916,43,124.230507
66.449745,2,124.230548
1277.8536,25,124.237718
3292.7437,47,124.241072
563.1842,11,124.248582
161.16943,2,124.248631
365.61545,8,124.251539
540.4284,18,124.255426
2312.6687,63,124.255504
-986.8017,2,124.255526
157.06021,2,124.262479
2440.5828,38,124.273158
2303.2366,30,124.273209
146.97263,4,124.283482
307.0023,4,124.283544
633.8592,27,124.28729
1000.86176,28,124.287339
1392.2633,22,124.292068
155.6294,2,124.292133
1271.1829,20,124.295088
55.103226,2,124.298351
347.77725,27,124.298397
2915.2427,56,124.298409
1523.8423,29,124.304327
-715.9743,4,124.304382
-210.254,13,124.310183
562.6973,11,124.313261
580.75146,8,124.313328
1268.7941,21,124.315846
-380.6187,9,124.321173
-887.19794,3,124.32122
3376.7676,41,124.32383
395.91632,10,124.33234
743.7672,15,124.335692
241.23537,3,124.335732
12.060905,11,124.335743
-342.55038,19,124.343869
2221.7114,25,124.346495
-356.65247,12,124.349787
2481.283,31,124.349831
4056.6506,43,124.352778
310.20618,6,124.352818
1414.8857,14,124.360192
1869.2908,43,124.365265
245.9459,8,124.370538
227.80098,3,124.373873
3132.379,74,124.373913
1707.4315,23,124.373924
1419.8726,39,124.384597
103.0845,3,124.384673
928.6295,12,124.389655
2016.2327,48,124.389743
19.461105,2,124.399427
2674.7693,35,124.399499
1026.1841,26,124.402931
254.10823,6,124.402987
-665.47015,9,124.408984
2575.579,35,124.415875
751.3512,10,124.415933
6082.5522,98,124.415948
-37.275455,6,124.421751
3964.162,62,124.432395
1108.2451,28,124.432465
149.72693,4,124.432481
3270.846,42,124.432489
1399.029,29,124.435774
2762.5464,31,124.435819
20.38304,6,124.438993
-1022.6098,2,124.439038
60.567913,2,124.442224
-755.4707,3,124.442257
-1603.83,26,124.453686
604.54614,30,124.456719
30.267395,5,124.462326
2066.7708,31,124.470267
164.79167,4,124.470353
-907.829,8,124.484948
197.72159,3,124.485015
-561.32886,6,124.496095
302.88272,8,124.499114
1950.4695,30,124.501985
193.52483,5,124.50551
-1429.0275,3,124.505565
2328.8289,52,124.530447
-8.302017,3,124.530511
252.5477,8,124.539285
89.604004,2,124.542134
588.6041,10,124.544853
4619.1294,49,124.549722
-694.2933,10,124.553734
1331.3999,28,124.556747
153.61314,5,124.568517
1929.708,34,124.568567
1983.3961,31,124.56858
241.7053,3,124.568588
1053.3583,15,124.575554
130.52652,2,124.575847
151.52103,3,124.575888
2275.7434,35,124.578706
-851.2704,2,124.582065
291.35944,3,124.585468
-151.82452,13,124.585521
485.62958,12,124.588623
228.9583,6,124.588671
192.11456,2,124.591773
2435.04,32,124.591803
104.52534,3,124.591811
3748.1643,54,124.600336
239.80254,6,124.600398
2045.1626,43,124.606034
403.05133,5,124.608731
644.12573,12,124.611712
-545.2851,5,124.611754
3389.049,45,124.615728
-21.533768,6,124.615793
2652.337,35,124.618952
615.63324,18,124.624548
206.93774,4,124.624583
-698.65436,4,124.624592
238.91238,6,124.632907
2681.9949,52,124.632963
73.845604,5,124.638454
103.77231,2,124.638505
419.40585,5,124.638518
573.49194,8,124.641426
676.3435,22,124.641479
598.2866,10,124.645135
-161.42072,18,124.645196
1755.98,30,124.645211
1525.2845,21,124.64887
125.46719,2,124.64892
26.994656,8,124.648934
1392.8824,19,124.651989
5267.984,52,124.652035
154.7316,2,124.654681
2694.3748,46,124.657298
4586.179,46,124.663739
-724.44556,6,124.663794
-107.9292,21,124.669048
86.103264,4,124.669097
260.43054,9,124.671709
41.824818,3,124.679149
-310.73236,11,124.679206
2954.0842,50,124.679221
84.33894,3,124.686871
421.19336,9,124.69026
1411.7141,19,124.69029
31.768684,4,124.690299
-324.34412,9,124.690306
135.08739,2,124.696748
67.03236,9,124.699996
778.8206,17,124.703156
893.3085,19,124.706497
5773.922,97,124.706522
-460.5986,6,124.716973
106.96863,2,124.717022
110.77789,2,124.71973
195.9985,2,124.72337
392.1678,8,124.723431
1015.6948,23,124.73456
1903.2377,60,124.741183
385.5477,10,124.74768
3776.489,43,124.750447
255.74828,14,124.753218
21.299149,2,124.756061
-25.657116,4,124.756108
2649.1797,35,124.763504
165.49434,13,124.763547
2806.736,49,124.766086
586.2419,14,124.773355
414.26193,16,124.782164
-239.13947,18,124.802503
247.7993,6,124.802577
257.54858,3,124.805499
614.7388,43,124.809268
3334.4526,39,124.812185
2446.2236,89,124.815474
61.727364,2,124.815513
4356.637,61,124.820782
598.1071,16,124.823833
75.41219,7,124.823857
1871.8267,33,124.83286
-132.6107,4,124.838789
411.7199,12,124.852023
1708.9536,65,124.857154
1056.985,32,124.865988
-7.531616,22,124.868826
4583.5283,54,124.868861
3788.54,58,124.871406
184.67763,2,127.837409
453.50812,7,127.842916
434.58636,22,127.842979
875.6025,19,127.846726
-160.0675,15,127.846791
89.16236,3,127.846807
106.83194,2,127.853808
-709.0957,6,127.853872
5405.6587,65,127.853889
2197.5706,32,127.859174
116.20589,3,127.869855
1299.9463,24,127.872698
22.686802,11,127.891604
3020.2483,45,127.891654
-518.3857,12,127.89167
900.1966,26,127.895695
565.07666,11,127.898724
242.50926,2,127.902073
5252.1167,51,127.902123
3010.4336,36,127.904928
-602.46454,5,127.907819
144.9908,2,127.910917
-558.4225,6,127.910962
913.7397,12,127.914147
-903.8767,5,127.925438
332.31317,5,127.925508
186.4692,3,127.929796
5834.0283,64,127.933754
5918.5137,74,127.933806
4625.436,74,127.94214
2301.1643,56,127.959012
20.229736,20,127.959338
1160.5704,24,127.971858
118.348854,2,127.971933
112.02458,2,127.975209
2447.7825,60,127.987145
333.12115,11,127.987212
1901.8328,30,127.990842
142.48947,2,127.994362
-122.32141,13,127.998068
4198.5303,41,127.998119
11.493858,4,128.008761
621.9185,8,128.020366
75.45523,3,128.02044
4233.7324,50,128.023392
514.72095,11,128.026392
140.50214,3,128.026489
4711.8237,43,128.035217
1328.6649,19,128.043505
840.7787,14,128.0491
1383.1014,42,128.049151
58.905643,7,128.052795
232.15735,3,128.052847
2443.0276,64,128.061907
1774.6768,26,128.061954
293.95193,9,128.06197
939.51135,11,128.065685
2338.8066,43,128.065731
89.925575,2,128.068743
375.70834,3,128.071794
-249.02641,3,128.074802
-402.464,26,128.088681
66.72545,3,128.088738
4970.982,42,128.092554
368.56488,11,128.092624
1085.8843,23,128.092644
135.25883,2,128.103722
201.32318,12,128.106897
2933.5996,67,128.106936
3676.4314,43,128.109797
2989.6257,31,128.116853
209.11197,5,128.116911
81.67496,4,128.120548
-249.01678,16,128.12059
4024.8542,41,128.123585
336.52316,9,128.126834
1339.871,42,128.126875
1213.9052,28,128.130634
2549.8284,27,128.130683
431.10925,9,128.130698
458.58832,15,128.133392
3342.9377,43,128.135982
670.4869,23,128.138621
64.7007,2,128.151253
2428.0132,35,128.151296
778.8025,13,128.154408
349.18628,7,128.154458
1347.5455,21,128.157142
987.746,36,128.162592
263.88684,4,128.172712
-245.47505,6,128.172761
813.85034,8,128.17571
152.12653,2,128.186248
1606.8512,30,128.186289
1340.6936,22,128.220906
838.4179,29,128.224639
427.07315,8,128.224687
1767.9835,23,128.230402
-693.05536,10,128.230462
2756.1162,32,128.230475
6.9338684,11,128.230481
-2.743929,2,128.236006
-40.386307,4,128.236055
2428.1016,93,128.239023
1459.8599,27,128.239078
2785.9932,73,128.241908
1740.6632,33,128.253487
-968.88544,2,128.25355
98.42318,3,128.253565
1054.8246,26,128.258654
2711.8606,31,128.258693
1965.8894,33,128.267567
841.25757,11,128.271732
580.51483,9,128.271849
2017.2161,39,128.275409
1254.7057,12,128.275466
2037.2418,34,128.302343
-608.67773,5,128.305371
2279.6135,37,128.308382
473.9839,11,128.308428
1739.988,27,128.315976
908.24475,18,128.32196
0.5707321,9,128.322015
544.2395,10,128.322029
804.61505,12,128.322036
19.826591,4,128.324617
139.27788,2,128.327202
1512.3562,43,128.333297
325.83264,5,128.339504
448.14563,6,128.345957
-428.9455,17,128.349114
677.2512,30,128.349172
1338.2306,52,128.352278
829.63416,27,128.352334
1082.2831,25,128.355316
1338.8342,60,128.355363
-252.91222,3,128.358614
82.664536,3,128.358652
974.74945,12,128.358663
464.0921,15,128.37117
5331.6367,62,128.374026
653.2062,10,128.374073
1222.005,20,128.378062
1545.1312,29,128.378177
2657.8083,38,128.37821
-117.46862,7,128.384027
2602.5674,40,128.390964
112.563705,8,128.39102
273.73694,11,128.394591
1414.0194,17,128.394653
-268.7798,5,128.400677
783.05365,12,128.400727
77.295204,3,128.424593
-1028.2015,4,128.428046
209.03989,6,128.428104
3548.6343,42,128.431025
155.28976,12,128.433816
3905.3284,38,128.436725
-481.5064,11,128.439515
-844.70483,15,128.442543
119.73299,5,128.442589
408.0431,9,128.490507
4774.9443,91,128.490562
116.574425,2,128.504216
2233.2432,44,128.508099
2078.188,39,128.508161
-141.23334,4,128.516776
-490.36145,3,128.520345
2057.3918,29,128.520396
102.17691,2,128.523367
981.0983,10,128.523406
67.8857,2,128.534969
2926.429,29,128.538797
6064.1914,91,128.538846
170.29312,6,128.538862
-427.64557,17,128.538869
1057.9495,16,128.538875
2797.492,36,128.541628
2555.7334,51,128.572967
-382.69672,10,128.573035
1317.1392,28,128.573051
468.34204,6,128.576098
2676.6353,33,128.576128
116.587364,2,128.578907
2024.9656,27,128.58617
1673.7539,33,128.58622
581.45483,8,128.586233
1403.5106,45,128.586241
244.57156,7,128.586246
1793.4213,24,128.591769
-26.001595,3,128.597202
1442.677,27,128.600392
1215.1027,13,128.608094
126.93699,2,128.611747
472.4472,6,128.611801
-782.035,11,128.615286
215.57263,2,128.615369
502.0963,10,128.615383
123.022,2,128.618421
1075.5687,20,128.618461
457.94696,9,128.621945
84.53092,2,128.622
1787.8828,46,128.622015
-64.243164,17,128.622024
2396.2705,48,128.624771
261.7233,4,128.630342
242.30319,9,128.630411
63.22166,3,128.633221
2272.8992,70,128.63659
46.573746,4,128.636631
25.477173,25,128.636642
167.86479,5,128.639459
430.23874,4,128.653199
-564.2932,9,128.653265
216.44038,5,128.658631
-336.90472,12,128.675565
614.9142,12,128.678446
229.27704,6,128.681472
1027.3313,19,128.681521
-814.4198,3,128.688442
5040.177,46,128.691201
648.48175,18,128.693924
1098.5323,29,128.704791
791.5741,18,128.707593
219.0005,8,128.712801
3703.0867,71,128.712853
2184.2593,35,128.808278
836.7968,14,128.808361
137.65932,3,128.819531
2453.1926,41,128.819644
-959.89764,4,128.836838
3135.406,42,128.836914
1126.3506,20,128.855675
2034.9337,36,128.855733
-94.69824,25,128.855749
-276.56946,15,128.858661
487.43475,11,128.868801
143.8273,2,128.868859
699.13525,13,128.868875
-796.4269,3,128.874281
2168.08,50,128.874365
2859.3342,43,128.874381
-906.3669,5,128.881101
3081.908,35,128.881166
-111.35715,4,128.884318
263.5947,4,128.884359
211.55127,4,128.887418
104.236664,6,128.887465
288.23648,6,128.890217
829.2481,32,128.893245
1631.0562,35,128.896186
456.45242,8,128.899042
70.39787,7,128.910253
127.894295,6,128.910302
139.62263,8,128.915801
2662.5032,38,128.927467
1405.3146,22,128.943758
2554.4104,36,128.965505
5182.065,45,128.984483
151.79817,17,128.987907
1018.1934,19,128.99072
1191.7246,17,128.99375
178.41852,3,128.99662
1506.3842,63,128.999607
-395.61377,18,129.005227
191.40005,9,129.005289
-45.167915,6,129.013865
3687.5337,41,129.013913
910.45764,19,129.016737
286.9466,4,129.019882
141.5715,2,129.019921
105.11849,11,129.025426
3550.3252,39,129.025472
2048.7195,37,129.025484
527.1698,6,129.033523
105.584496,2,129.033581
951.38666,11,129.037439
-445.03345,9,129.037491
-51.434097,7,129.040802
3262.3655,41,129.040855
176.44841,5,129.044135
237.8725,3,129.044177
4893.115,53,129.047238
117.09946,2,129.05052
-306.57584,7,129.050567
334.9326,9,129.050585
1646.0048,27,129.053538
6574.7227,46,129.053575
994.49695,27,129.058715
289.0095,4,129.058737
-216.54941,4,129.065269
4679.488,50,129.068104
4399.2026,56,129.070736
634.2986,10,129.073411
1217.9551,35,129.077516
560.36444,11,129.077606
242.69217,8,129.077644
790.9255,9,129.081855
564.35266,11,129.081907
2613.9458,48,129.081921
234.04636,6,129.081928
105.29724,2,129.087503
4868.1226,43,129.087544
151.5041,5,129.110208
2314.3074,34,129.110271
2045.5491,45,129.115952
401.55038,14,129.119092
5213.6978,50,129.119143
625.8395,15,129.124251
152.471,5,129.129796
944.7754,25,129.129844
-864.73615,6,129.134999
2708.2512,34,129.140207
1051.2223,12,129.143694
347.1917,19,129.143744
1098.0627,20,129.14376
650.40826,19,129.147662
1703.2903,26,129.147714
766.65137,8,129.147728
1547.5566,43,129.147736
-844.4728,2,129.151608
3449.6462,33,129.151688
520.10986,7,129.151709
2903.9248,66,129.154953
128.20761,2,129.154999
124.75048,4,129.164951
160.00024,6,129.165014
1706.833,24,129.185699
766.33813,17,129.185745
4572.3394,43,129.189273
2129.5312,29,129.19295
-972.6451,3,129.197235
438.842,15,129.197303
75.396,2,129.20462
255.36472,5,129.216217
139.91887,7,129.219838
60.09559,4,129.228729
1123.4404,21,129.228779
3954.2776,48,129.233819
4810.8247,41,129.237171
332.75684,6,129.241289
1230.6947,25,129.241363
113.901566,3,129.241382
550.10614,11,129.252942
268.3742,5,129.258917
3766.8691,47,129.267289
-261.4551,5,129.267365
-769.3523,4,129.267381
-189.11145,13,129.271109
95.07401,6,129.277302
492.3184,5,129.285779
642.81635,21,129.288872
216.56015,7,129.29166
2634.9873,38,129.301666
3299.0303,37,129.301701
-800.57635,4,129.304448
4416.8384,62,129.307273
1196.2864,17,129.31028
1951.0438,42,129.318275
-705.31244,4,129.318306
4744.01,55,129.324311
846.63806,17,129.324363
3644.1492,43,129.324376
-1016.01996,3,129.32761
3720.0056,42,129.327659
129.79662,3,129.343314
3512.5295,66,129.343365
435.1969,8,129.350919
143.84831,3,129.350975
1069.5011,69,129.354377
2549.4214,54,129.354426
377.25464,5,129.357156
241.57082,3,129.368545
1636.6868,48,129.368611
5814.082,69,129.371454
25.3395,4,129.384212
385.35638,11,129.384278
3801.7844,38,129.393106
207.54573,4,129.397884
1686.0461,33,129.397941
2958.8845,59,129.397956
843.50336,28,129.404062
308.79306,10,129.407032
150.18005,5,129.410757
577.4309,12,129.410828
-776.827,4,129.410846
-295.0589,4,129.410853
1168.6492,14,129.413959
-6.207981,16,129.416853
1544.0433,22,129.420293
3392.2651,44,129.423608
3524.4795,41,129.429879
1274.3495,39,129.429923
3032.8174,69,129.432863
344.13403,5,129.43608
1469.184,34,129.436138
-336.4828,10,129.441454
1352.733,26,129.4415
276.048,5,129.444158
2773.1768,36,129.44826
417.19238,13,129.453176
1991.0671,29,129.466089
108.25359,3,129.472241
2438.554,37,129.472295
288.0182,10,129.475443
1236.9249,16,129.475482
760.768,21,129.483785
3683.665,36,129.49032
-296.85828,5,129.490363
176.17575,2,129.502748
341.15753,3,129.505802
2182.9614,56,129.505843
93.89064,3,129.510992
1389.058,21,129.511045
249.68785,6,129.521205
983.8763,21,129.521256
1475.6409,22,129.526419
4871.945,49,129.526462
2340.7139,29,129.53947
236.47794,2,129.549027
2254.7356,40,129.552126
416.92932,7,129.552176
5054.397,45,129.56551
212.95187,2,129.570683
2427.8892,29,129.570724
4680.98,46,129.574143
1218.0554,50,129.574324
1036.5577,42,129.574345
1542.7397,30,129.574352
-335.89984,20,129.577325
-283.12527,4,129.58281
313.17368,4,129.585792
755.18164,17,129.585833
1402.0034,32,129.59179
322.23077,6,129.591837
95.83675,3,129.591852
221.87958,3,129.601983
102.17691,2,129.606113
3099.0112,37,129.60618
4553.9546,46,129.606197
198.50256,2,129.606206
138.36102,2,129.619281
-972.97705,10,129.619351
2130.7456,46,129.61937
2361.9563,32,129.622828
74.84162,3,129.622878
131.20387,2,129.625833
2658.0984,56,129.625877
260.7012,6,129.630069
4791.539,45,129.630123
531.00085,28,129.630138
102.44763,2,129.636617
4449.7915,69,129.636667
2967.3704,34,129.636688
-775.7743,14,129.636693
-735.21765,4,129.643619
330.13202,7,129.643685
3765.6145,52,129.647167
3802.7388,33,129.647219
380.32028,4,129.668299
10.569517,8,129.680752
-882.74884,2,129.685675
5031.668,96,129.706451
-771.22314,7,129.706535
3693.8608,32,129.724339
2395.176,28,129.732008
940.9138,23,129.735886
-177.32703,6,129.740151
1713.7778,31,129.740232
-88.61615,15,129.740249
345.6149,8,129.750286
359.40314,6,129.750343
-890.2336,2,129.750359
-287.3468,6,129.758117
754.20654,18,129.761546
3592.5972,43,129.7657
1179.3429,27,129.765769
-902.5182,5,129.765786
1820.3551,24,129.772022
3167.8552,30,129.789018
5380.5596,50,129.789075
221.49298,7,129.791842
741.50464,13,129.804094
35.184845,6,129.804147
4509.332,41,129.804162
2611.1414,29,129.806983
158.81674,5,129.817371
4013.457,33,129.82567
3310.5112,44,129.829741
195.11938,2,129.832509
2063.8584,26,129.835308
2887.5564,46,129.842941
3160.6528,37,129.846216
1147.821,15,129.849086
161.26108,2,129.851998
2097.1504,30,129.852041
4689.05,46,129.854845
528.0417,14,129.85775
2127.655,26,129.862336
982.7358,17,129.862384
111.52122,3,129.862411
-695.1465,5,129.872751
118.47156,3,129.87281
4060.73,55,129.876791
1561.279,31,129.876845
1178.4141,32,129.876862
332.46762,5,129.890814
5321.9287,57,129.89087
-762.91016,5,129.890885
245.89758,3,129.894085
4460.6694,50,129.897824
21.34877,3,129.897872
125.57237,2,129.897886
112.18768,2,129.897896
221.63524,5,129.900652
93.52539,2,129.903629
168.52734,3,129.906563
2674.696,65,129.906622
-927.5446,3,129.915629
-547.2244,19,129.915673
1259.7665,24,129.918665
664.6144,12,129.932955
3921.471,43,129.935727
1928.0562,29,129.938381
131.17352,2,129.940926
723.50146,11,129.943889
4453.4453,51,129.943914
-452.60278,6,129.96529
4052.7927,40,129.965385
-524.26575,9,129.965407
4994.557,43,129.979335
688.3605,17,129.979496
1188.9274,28,129.982914
201.65924,4,129.982957
-961.41626,7,129.9859
369.02292,12,129.989161
65.47291,3,129.989206
2069.4443,29,129.989218
1427.9912,23,129.991923
827.5708,15,129.997244
124.60402,6,129.997296
-578.11554,4,129.997308
318.0984,9,130.001616
4154.5645,62,130.001658
1659.5267,24,130.001671
-929.6826,2,130.004637
47.09497,2,130.007569
2683.2937,49,130.007606
178.34424,10,130.010278
2045.8763,51,130.020474
405.44275,5,130.023636
3.8143253,7,130.026606
518.1481,10,130.030645
427.34357,10,130.030722
217.09079,2,130.033899
716.40936,12,130.037639
2358.1838,39,130.037697
1778.5878,31,130.037711
141.65976,2,130.037718
-1027.015,3,130.041141
2156.7222,32,130.041187
83.8371,5,130.041199
1811.1774,31,130.055472
1273.1155,22,130.055596
149.78189,3,130.055621
478.78827,9,130.05563
1203.3108,50,130.055639
901.36945,11,130.058804
94.65101,5,130.08396
229.57648,8,130.084034
14.52232,6,130.087251
125.34535,6,130.09059
-708.57135,3,130.094181
911.72485,18,130.102363
1734.4299,26,130.115153
2171.5427,28,130.115224
278.30157,5,130.136511
605.14233,10,130.146572
1892.9414,28,130.146638
4200.462,52,130.151293
461.8612,23,130.151355
1364.3804,22,130.151368
2282.1228,32,130.154474
-26.755863,2,130.160001
797.7506,34,130.17038
2124.5864,42,130.170437
114.95213,5,130.170451
560.0362,14,130.173512
383.30466,6,130.182325
4544.844,42,130.182452
132.82405,2,130.182474
942.8045,20,130.186862
1865.2314,26,130.186916
236.6437,5,130.207924
2396.0483,31,130.207987
2032.9038,31,130.208003
686.9822,12,130.215784
1766.43,21,130.22165
637.62384,8,130.221693
1432.7312,30,130.234779
682.9519,9,130.23489
4019.58,48,130.234906
1458.5271,15,130.241177
3898.923,56,130.245327
358.08865,3,130.245398
-772.56256,3,130.245421
357.51105,11,130.252589
4559.1445,40,130.252634
237.95215,17,130.252645
407.27225,9,130.258661
-1025.4924,4,130.258707
166.70961,2,130.258726
-752.0879,3,130.26245
338.9729,21,130.26672
2644.1963,48,130.270016
2021.6646,28,130.27624
843.4314,17,130.280132
2785.3584,49,130.283403
-381.5418,24,130.283452
-378.70886,10,130.286151
-78.34348,10,130.292763
2157.7554,45,130.292833
509.73682,9,130.29286
264.58408,6,130.302674
-54.901085,6,130.302727
186.83453,3,130.302741
1029.9005,10,130.31077
3274.8938,60,130.310821
2326.413,30,130.31402
1581.1111,35,130.316644
1938.1844,43,130.31959
217.43112,26,130.319636
1657.2186,24,130.332579
2126.3757,26,130.337524
1030.4303,25,130.340808
-768.33856,13,130.347166
1788.6188,38,130.347216
3449.576,55,130.349787
341.74765,12,130.358532
105.25609,2,130.358576
978.6968,20,130.363812
51.516983,5,130.36681
4767.89,51,130.37037
2997.997,48,130.370428
-899.7509,2,130.37578
757.5741,20,130.379941
3734.9365,43,130.380016
255.58484,3,130.388054
-327.44934,13,130.388135
-890.90704,2,130.388152
-305.90823,9,130.388161
1875.1853,36,130.392932
270.7746,3,130.40679
368.9443,4,130.41166
1338.7319,25,130.411731
832.4536,18,130.411764
1578.1989,32,130.415484
3335.3018,51,130.421163
621.11804,15,130.425715
1491.2812,24,130.425767
-680.84247,10,130.425782
145.69081,2,130.433345
-282.112,9,130.433393
3600.413,42,130.433406
517.9865,10,130.433413
-682.6792,7,130.437312
1539.8397,20,130.437366
339.34183,4,130.437381
3730.573,43,130.442755
839.1743,13,130.442804
28.833443,4,130.451398
1069.2223,13,130.47048
559.9684,7,130.470527
4757.7964,56,130.475888
386.21005,6,130.475937
107.55611,3,130.48448
2611.9673,47,130.484536
-144.40012,6,130.484552
3221.0083,45,130.48891
133.41914,2,130.488959
3216.9814,51,130.488972
232.15613,18,130.488979
3235.3608,44,130.488985
93.809616,2,130.491804
-778.37756,3,130.495488
135.54681,2,130.498668
320.02756,5,130.504114
2505.761,32,130.504158
246.01385,7,130.507263
2001.1382,37,130.507309
-988.57007,6,130.507321
1171.7694,17,130.511129
3580.715,33,130.511212
-891.5203,3,130.51804
1497.2219,20,130.518101
739.3658,25,130.526195
3087.7812,30,130.530176
-491.6682,8,130.532943
185.23416,3,130.53562
926.41614,17,130.541784
5272.102,82,130.541832
833.0945,27,130.541846
945.86865,12,130.544583
348.99677,4,130.548406
-613.964,10,130.548455
94.636,2,130.548469
2240.1433,30,130.548477
1204.2446,23,130.553461
1570.3918,23,130.558698
182.38953,4,130.558742
250.56842,3,130.563197
1041.001,19,130.56326
1794.2618,24,130.563276
93.36857,6,130.629673
1507.0728,23,130.632674
2633.6294,32,130.643279
463.34863,12,130.659868
3170.321,42,130.659903
1813.0571,38,130.677326
203.3568,13,130.696992
-8.686451,8,130.701106
37.038902,3,130.707735
581.225,11,130.711063
73.05685,2,130.717095
127.064316,6,130.717177
2918.5486,34,130.717191
3707.408,52,130.717197
4249.461,49,130.72581
616.11163,11,130.725858
1987.7432,27,130.730304
229.76253,5,130.735649
525.4694,22,130.735715
298.6253,6,130.738775
214.07611,2,130.742132
97.58355,4,130.742176
-906.61896,2,130.74717
1208.1495,22,130.750146
67.54831,10,130.753535
260.3855,3,130.75358
-578.33636,7,130.756376
388.61243,24,130.759568
-839.1834,3,130.763859
1636.0529,27,130.772457
2304.7783,38,130.772511
486.9771,17,130.787348
4675.9355,48,130.795837
4840.935,50,130.795896
18.034271,9,130.795912
1234.4913,30,130.798805
3316.9194,48,130.801956
2147.3418,28,130.802003
1304.782,23,130.804844
155.15768,4,130.807628
-27.632034,7,130.824506
2050.332,32,130.831461
1535.5557,26,130.83551
2336.3638,58,130.835603
1044.8373,22,130.835623
-739.2685,4,130.839596
484.15475,10,130.846126
913.5511,15,130.846195
101.919426,2,130.846212
1708.0319,21,130.854872
394.75876,7,130.857617
188.26666,18,130.879749
316.438,8,130.879796
1212.4348,23,130.884311
2083.45,47,130.884365
5405.403,57,130.88438
66.33843,5,130.884387
-985.5308,2,130.887464
3440.4272,55,130.890446
682.1732,23,130.893408
955.485,14,130.905873
878.74805,12,130.909096
189.94849,7,130.909141
3878.8984,39,130.912171
-83.077705,7,130.912221
1136.8153,18,130.912232
38.89181,3,130.91525
344.8798,30,130.919111
1332.8062,44,130.91916
507.59253,9,130.919172
643.2983,19,130.919199
226.70197,3,130.922319
-825.68555,4,130.922374
388.85425,7,130.945062
427.37216,5,130.945117
295.68216,6,130.96271
1289.5328,26,130.962775
2439.9587,40,130.973814
204.25125,16,130.973872
267.50702,11,130.991056
78.053314,10,130.991111
2686.7783,38,131.004395
212.3882,6,131.009999
-403.77563,9,131.021935
-1014.5947,3,131.021985
4086.8594,54,131.021997
-619.02026,8,131.022004
116.42025,2,131.027277
3759.7544,35,131.044711
565.78613,12,131.044772
198.68085,5,131.051957
321.4534,13,131.052022
-759.9829,7,131.055648
3228.7295,57,131.055712
3096.1616,89,131.059253
390.88388,4,131.059325
-57.784622,6,131.063266
-965.83136,3,131.071597
1785.5385,34,131.071647
2559.789,52,131.074327
411.48822,13,131.076913
167.62221,3,131.080142
1626.4205,19,131.08021
1766.8646,36,131.080228
214.52945,2,131.083326
3407.8953,35,131.083372
664.2265,10,131.086357
778.3409,29,131.086404
149.06769,5,131.089281
412.54202,6,131.089327
176.80739,4,131.091883
297.37134,5,131.103284
-30.378975,6,131.103336
921.1709,17,131.106144
124.24071,6,131.106199
90.65129,3,131.111332
1328.6588,38,131.11136
-229.4009,7,131.111369
1238.7499,13,131.120787
-654.38635,6,131.125628
15.770039,7,131.128252
1365.9127,26,131.131014
3147.6113,48,131.133726
4474.7915,57,131.138524
-993.1934,4,131.141049
2522.6245,37,131.151498
2471.8838,40,131.151545
601.86163,7,131.154396
784.02997,10,131.157385
2577.6099,39,131.164823
1636.0284,39,131.173594
310.57474,6,131.173646
202.13635,6,131.173661
2704.69,34,131.180559
3994.5105,44,131.184965
-142.43884,7,131.185029
1751.8673,34,131.185043
248.68468,8,131.18505
5328.4893,66,131.185056
231.30534,3,131.185061
3180.6099,57,131.187785
3031.5813,65,131.190423
2979.3635,38,131.193115
1827.1844,28,131.204013
2539.5488,31,131.207318
2516.622,59,131.207366
5896.427,107,131.210389
278.22073,5,131.219651
14.764114,3,131.222884
252.18565,8,131.222923
199.40097,6,131.225897
147.80205,3,131.22934
1213.0693,30,131.229387
401.29803,22,131.2294
433.4955,10,131.229405
-993.188,2,131.232135
1569.2786,30,131.235076
-282.49915,8,131.235121
307.32422,13,131.237718
2753.0947,40,131.241357
1685.9106,48,131.241405
373.84955,4,131.241417
475.18744,14,131.241424
208.0889,9,131.244618
764.58813,16,131.248172
151.03577,4,131.2515
47.436523,19,131.254602
255.74585,4,131.257515
2289.3833,34,131.269248
101.76118,2,131.269299
58.09252,8,131.272987
268.8174,8,131.273065
4461.738,51,131.280354
359.58862,14,131.287529
1043.5422,29,131.287573
66.92303,5,131.287585
864.81525,20,131.292695
1824.878,23,131.300496
1853.8854,21,131.305961
546.03766,8,131.308637
1251.9594,30,131.311525
908.19147,13,131.311553
998.2312,22,131.314234
-666.1049,11,131.317132
-982.4751,2,131.317167
3094.2478,28,131.320394
-54.603485,5,131.320432
2257.917,39,131.326118
1233.6145,30,131.329752
1627.0037,24,131.334074
2753.9832,32,131.334112
1841.9205,25,131.334123
1252.113,15,131.337463
678.3182,22,131.337507
186.75562,6,131.34042
3979.2124,50,131.343013
1245.4832,24,131.346243
4712.3247,49,131.346291
142.11664,2,131.35249
4890.369,48,131.352547
845.7848,13,131.35811
549.04346,27,131.373244
125.28833,18,131.376067
13.582882,13,131.378955
240.62022,12,131.383396
340.85477,4,131.388031
-10.312618,9,131.388107
-170.37868,4,131.392187
3462.97,48,131.392257
112.006645,2,131.396888
70.14641,11,131.396947
896.1344,16,131.396963
975.70386,17,131.396971
-825.9637,3,131.405891
105.25477,2,131.412425
508.6788,7,131.42536
3658.3582,32,131.429434
2445.2725,27,131.432939
462.97092,9,131.432987
3650.6814,53,131.436147
262.21924,5,131.436193
123.71757,2,131.441083
157.30908,6,131.457175
669.6011,25,131.470378
425.91675,16,131.470423
5263.375,52,131.474301
1762.0764,30,131.474357
1960.5814,36,131.474371
103.25546,2,131.477951
1368.9441,39,131.478011
217.2144,6,131.478027
-661.9341,9,131.487611
4403.8447,44,131.487663
420.72134,11,131.490716
60.44968,3,131.493866
130.2579,3,131.504426
-129.74365,5,131.507857
2996.5623,40,131.511086
1181.374,16,131.511133
201.45914,2,131.523513
1562.3586,43,131.523581
2266.992,71,131.523598
28.686974,9,131.531975
281.3032,10,131.532026
1455.6349,31,131.535134
2325.7231,37,131.542447
292.1533,9,131.548594
249.91487,7,131.552494
155.89969,3,131.552568
1968.4595,38,131.555462
3352.6824,66,131.558896
3337.0225,40,131.558936
4329.284,60,131.558951
1163.228,23,131.558958
779.64996,13,131.561553
-955.81903,2,131.571682
151.64658,5,131.571726
-852.499,3,131.57667
211.6243,4,131.589545
250.83926,15,131.589597
2136.87,60,131.594479
1452.3842,30,131.604911
-78.327156,10,131.604984
948.2632,13,131.610662
7.634613,6,131.62246
2.6591187,4,131.625184
363.65738,7,131.631868
4142.4653,37,131.631919
-521.03613,15,131.631934
2096.9368,30,131.631939
3378.9043,36,131.631944
32.67106,4,131.635033
2882.3213,47,131.635081
1673.9069,59,131.639948
1523.3158,36,131.642781
244.96762,4,131.642822
3233.389,36,131.645807
2818.1345,41,131.645833
470.2423,8,131.649278
7.2325897,15,131.649327
4604.4043,41,131.649339
180.71104,6,131.652058
326.34085,12,131.654632
228.88248,5,131.657483
104.96437,3,131.65753
202.51416,27,131.66086
860.6526,26,131.671932
179.71175,7,131.671994
142.29858,5,131.67201
152.27153,3,131.67511
393.60397,7,131.678864
124.884605,3,131.685695
4802.1816,47,131.693906
196.37659,5,131.693943
2071.608,45,131.693952
506.94055,9,131.704688
409.26343,8,131.704737
5014.4688,43,131.707913
1683.8402,36,131.711979
337.958,4,131.715132
70.36105,6,131.726936
-356.34103,5,131.726985
1093.9507,21,131.726999
479.8407,14,131.737572
627.8455,10,131.750604
2101.2827,38,131.756856
1171.6602,29,131.763548
624.2615,12,131.763609
-692.0869,4,131.768938
1599.1338,32,131.7722
55.808376,2,131.77506
-137.42247,5,131.777657
130.80533,3,131.786339
668.2688,16,131.789658
410.23694,7,131.789718
298.071,4,131.792416
4838.5693,57,131.798662
156.50424,3,131.79871
3238.0085,43,131.798724
3421.3071,44,131.79873
2219.3926,33,131.798736
3347.4612,47,131.807565
4201.6514,48,131.811513
284.8856,8,131.811547
148.60045,4,131.811556
380.23697,9,131.811562
-924.0977,2,131.820621
718.07654,61,131.824053
539.0469,26,131.824104
-755.7256,4,131.839229
4038.7239,45,131.839275
50.9646,5,131.841979
197.44156,4,131.844606
172.65091,3,131.854954
1893.1653,28,131.862748
86.50759,6,131.862802
333.35995,9,131.862816
490.8301,9,131.86654
508.53973,11,131.86659
3637.0334,52,131.870351
239.73264,2,131.870407
2048.0164,36,131.870422
6097.8853,40,131.87344
3466.9475,43,131.876269
433.39597,5,131.882002
1114.7808,25,131.886911
5334.9375,58,131.889976
3934.4539,67,131.890021
1302.237,23,131.890033
582.3322,9,131.892876
1145.5212,15,131.892914
4897.3623,46,131.899988
4489.7114,52,131.900056
147.47205,2,131.900071
239.71599,3,131.907195
603.30914,7,131.91026
882.0484,13,131.91032
663.7374,8,131.913629
855.27936,15,131.913682
2611.5205,32,131.916703
387.6693,8,131.916743
138.85223,2,131.919364
144.69891,7,131.938339
521.9802,8,131.938395
2188.2888,33,131.938409
879.7239,20,131.941387
841.7441,8,131.944445
-37.076176,7,131.944493
2808.2332,30,131.954394
42.55236,3,131.954451
490.1493,9,131.964477
50.908302,2,131.983346
1650.8524,31,131.983406
115.78536,5,131.989611
128.68431,19,131.993302
4242.5513,45,131.99334
-836.2428,7,132.005873
2368.3687,46,132.005934
3004.469,77,132.011746
43.028595,6,132.012012
105.82602,2,132.017498
792.68835,29,132.021713
751.7482,18,132.021763
318.46756,14,132.021777
2209.0103,31,132.021783
65.58594,2,132.024969
3674.0798,38,132.025015
289.57047,4,132.025027
1137.0996,14,132.030874
-271.74573,11,132.034733
306.4175,4,132.034785
1415.1138,41,132.034799
2786.408,41,132.040462
790.519,12,132.040516
3352.8328,62,132.050777
3183.9512,35,132.054427
-241.2146,9,132.054486
98.08411,11,132.057813
169.62285,3,132.066056
-103.004906,9,132.066119
1061.0684,18,132.066135
432.14832,4,132.07119
3244.6653,39,132.078468
-330.9171,9,132.089349
1884.3379,48,132.092694
2350.607,30,132.092734
405.90314,5,132.092745
2107.3152,56,132.095639
1878.5161,22,132.098619
127.56875,4,132.106035
-266.74872,12,132.106079
1739.1414,31,132.109481
2728.3381,40,132.109527
247.54599,6,132.109542
2907.455,40,132.112289
-977.0276,2,132.115809
143.28223,2,132.11586
211.53285,5,132.120877
45.425022,3,132.123512
850.68884,12,132.126216
276.047,5,132.12949
2709.406,39,132.129535
600.30597,21,132.132984
4596.1836,43,132.133033
1609.0131,34,132.136501
51.606777,2,132.136552
-582.99335,6,132.14604
2528.7827,38,132.149205
105.26201,2,132.152736
1070.2461,36,132.152784
2300.1323,31,132.152796
2374.0227,35,132.15536
2345.7788,39,132.162102
63.684353,3,132.162167
3428.2783,40,132.162184
809.2833,18,132.16554
-501.33264,11,132.173133
1709.5577,33,132.1732
174.9524,27,132.173217
478.976,19,132.173227
784.7677,14,132.179872
1482.0676,17,132.179928
98.4223,7,132.185268
925.79755,12,132.188651
207.62375,8,132.188695
3965.1365,45,132.188709
-638.9011,6,132.191298
415.21512,7,132.193941
189.15683,7,132.2008
2454.3137,35,132.200859
334.4074,4,132.200876
145.7134,2,132.200885
713.8776,13,132.204806
373.0189,10,132.204871
2052.9456,39,132.208151
157.80208,3,132.214639
377.23553,8,132.217724
257.1802,5,132.217765
-372.90314,10,132.221503
3146.4932,37,132.224331
304.08017,8,132.227506
30.085732,3,132.231473
1881.5591,32,132.23544
-841.0002,5,132.235488
-256.18225,14,132.235502
494.1498,7,132.240843
200.35979,4,132.243915
137.80205,4,132.256569
214.48251,7,132.256627
969.2613,17,132.259949
912.29126,20,132.266238
2698.247,36,132.268988
4845.391,37,132.271598
538.15094,13,132.27415
1117.1458,29,132.277246
2775.6733,44,132.27729
696.18494,20,132.277302
1776.4933,50,132.288237
2285.2866,35,132.291394
1544.1711,37,132.291444
233.0619,3,132.294612
476.36774,7,132.294636
343.46652,10,132.294644
2956.9949,35,132.298734
183.75842,4,132.302458
186.18146,2,132.302508
2119.9993,51,132.305336
713.551,9,132.371959
160.24933,4,132.374603
1171.4502,13,132.380492
104.201546,2,132.380535
3.4763336,8,132.380544
6112.722,69,132.388584
5156.9814,91,132.388651
214.39787,3,132.404932
406.53687,13,132.404993
-30.278755,5,132.405009
3237.613,31,132.412481
218.87814,3,132.416105
-380.3855,9,132.416182
3938.3945,41,132.41899
79.51071,3,132.421909
2572.953,38,132.425084
3050.9646,37,132.42513
613.8344,12,132.427803
365.5392,13,132.430486
40.203156,2,132.436952
922.28595,10,132.437019
2250.0793,37,132.437035
5239.8745,50,132.439961
197.89255,6,132.440009
-534.7568,6,132.445456
30.064194,3,132.445505
808.97864,22,132.445518
941.1672,28,132.467809
2093.2346,38,132.472142
-27.898922,4,132.472206
330.63593,5,132.475387
112.18421,7,132.475436
2023.8232,31,132.483152
2418.1848,41,132.491498
3580.3352,77,132.491542
1998.444,40,132.502522
1872.3632,25,132.502569
4072.8003,51,132.505837
1371.8334,19,132.505878
551.41595,13,132.508901
1514.2416,30,132.50894
101.15807,3,132.514561
505.03564,9,132.524678
215.64343,3,132.524722
-194.48189,3,132.537135
978.42566,17,132.537189
437.56573,8,132.54084
900.9756,39,132.540882
2756.1377,30,132.540894
3268.6116,52,132.543942
185.90988,7,132.543988
5014.013,53,132.554897
-962.84766,5,132.554955
86.767334,26,132.558091
53.953476,2,132.55814
-812.15326,5,132.560808
63.111076,2,132.578846
3165.6917,40,132.591353
-195.55821,8,132.604031
844.93933,12,132.63555
184.7632,3,132.651559
857.4101,15,132.674148
3104.5308,47,132.674249
2720.2502,39,132.674265
160.19162,2,132.687984
4144.914,33,132.688081
5001.9736,46,132.699366
717.3871,35,132.699435
2087.052,43,132.702562
4428.7944,65,132.706189
266.86063,4,132.706244
213.91241,3,132.706258
1783.2451,30,132.706265
265.48935,8,132.71112
1097.3717,28,132.715551
1659.0049,19,132.719159
866.5706,32,132.726038
259.67972,11,132.729578
771.54834,17,132.729631
981.24774,9,132.729645
82.34674,8,132.732892
1273.2238,25,132.736813
-7.2710686,3,132.73687
88.00379,4,132.742321
993.8638,14,132.744837
-708.0318,4,132.756071
1592.5624,34,132.756147
124.664,2,132.759548
346.27216,7,132.7596
-789.4901,7,132.759613
123.5676,3,132.764902
4417.8237,50,132.76776
362.38004,5,132.770387
217.9573,16,132.773318
2280.4153,37,132.773354
1261.3998,24,132.776565
-921.46027,8,132.782718
3687.581,39,132.787719
43.613174,5,132.79035
1249.4515,31,132.79913
2715.8225,29,132.802912
1867.9543,29,132.802966
-55.59435,9,132.809371
2822.4087,31,132.809419
1487.8193,30,132.812805
1194.9951,22,132.824861
118.79024,5,132.828053
4732.5503,47,132.836847
97.63189,2,132.839769
74.95495,2,132.845004
1797.4305,27,132.8614
2333.0107,62,132.870057
323.59814,4,132.873125
1067.5862,28,132.884719
-868.64294,16,132.887484
5061.268,87,132.890365
2459.1997,42,132.893761
3256.2393,34,132.893818
4684.396,51,132.893831
718.44617,16,132.89669
5448.949,68,132.896734
131.02394,2,132.900602
46.88259,3,132.900652
1657.0255,23,132.900664
918.18475,14,132.900671
2316.6758,44,132.903321
1369.1191,30,132.910316
930.43677,10,132.910368
3988.704,37,132.910383
225.32687,4,132.913129
-739.1412,5,132.916367
-169.95045,7,132.916409
178.50598,14,132.919064
311.40735,31,132.922586
2918.829,56,132.925967
-278.6355,12,132.926021
496.7213,8,132.929049
98.29652,7,132.933139
80.82864,5,132.955037
454.82294,5,132.967893
4371.2607,54,133.000309
5148.658,51,133.000372
145.316,5,133.016966
2348.304,48,133.020557
3842.5107,42,133.023781
818.633,17,133.026908
-245.59106,16,133.030576
678.5991,7,133.030629
849.78503,18,133.041157
128.72977,2,133.044687
1953.4583,26,133.044739
945.7376,22,133.0526
137.68553,2,133.052665
-159.10022,25,133.055821
770.92163,11,133.067071
478.5746,9,133.069892
-28.698105,6,133.073882
2230.1213,30,133.073927
3599.5444,35,133.073941
1266.342,21,133.073948
-996.4351,2,133.073954
724.6381,19,133.077973
3666.912,54,133.07804
3321.0557,42,133.08929
-121.47271,16,133.092391
2588.2336,35,133.092429
-774.48224,4,133.095012
1108.2664,20,133.105307
1607.9528,17,133.105358
-414.8733,8,133.109043
157.96515,2,133.109111
1531.3049,17,133.112716
139.63663,2,133.112755
-25.494133,2,133.124807
4703.8584,46,133.12839
1221.4169,26,133.131659
3077.362,67,133.134903
705.1772,12,133.134947
-781.48474,3,133.140259
-412.0064,9,133.140307
184.56818,4,133.14032
2633.5112,47,133.140326
-421.33597,9,133.140331
2450.893,37,133.140336
295.9885,8,133.144141
125.74485,2,133.147641
2123.1829,49,133.147696
2973.606,82,133.14771
546.3683,12,133.158521
247.48553,6,133.158567
928.01917,26,133.158578
589.256,24,133.178106
45.752922,10,133.178172
309.47546,11,133.185043
617.8614,13,133.185103
758.63226,15,133.188036
2294.4556,27,133.188062
0.67409515,10,133.194826
873.8671,17,133.194897
-428.04224,12,133.202132
-336.7627,9,133.2076
222.49464,8,133.210665
3402.7053,60,133.210704
2401.859,42,133.213355
627.1662,7,133.222579
350.06903,11,133.2262
244.74939,10,133.22624
235.3828,9,133.229961
2026.6586,30,133.230014
1444.0823,27,133.230023
-646.72156,5,133.233821
2988.6274,40,133.241264
1353.0895,28,133.241331
1261.0289,33,133.241345
3708.766,42,133.245549
401.88904,11,133.245607
157.48079,2,133.257472
1343.1667,28,133.257533
388.5434,11,133.261146
-668.9969,6,133.261203
60.301277,3,133.271113
335.4134,7,133.271167
-787.751,2,133.280668
-383.87903,11,133.280725
-908.061,5,133.297934
945.7222,24,133.300996
2437.9053,36,133.304406
-1015.6601,5,133.304445
3938.9614,51,133.309914
2749.0903,48,133.309961
-946.6301,4,133.315824
-845.6189,2,133.321131
-1124.7971,6,133.321189
218.42581,6,133.326237
303.50504,7,133.329179
2840.5073,46,133.333619
86.34039,2,133.333672
55.63376,42,133.339073
728.2474,17,133.343174
2089.5947,29,133.34828
1543.406,26,133.348331
2213.7373,48,133.348346
677.92114,20,133.353533
-87.305786,23,133.356263
177.44174,4,133.359235
-1428.6503,8,133.359281
331.63528,6,133.361789
51.907734,3,133.366196
1700.7683,26,133.36625
155.88686,2,133.372663
145.32614,5,133.378218
-909.875,6,133.382965
1881.6661,33,133.387958
3198.1191,47,133.38802
1578.7125,27,133.388037
3036.9604,33,133.388044
405.33496,38,133.393427
2518.242,41,133.398019
4018.8901,40,133.39811
1589.4222,17,133.401937
277.9029,5,133.405711
315.23053,7,133.412231
-228.83975,18,133.41227
479.43356,8,133.41228
554.22473,13,133.412287
865.0936,23,133.423661
164.97092,5,133.42373
-343.03156,6,133.426554
-946.67664,3,133.429881
-35.726295,3,133.429906
55.847397,6,133.432775
-939.8526,3,133.432827
682.21643,28,133.435712
2765.0183,32,133.439461
1327.9269,41,133.439493
2754.1738,41,133.456428
1969.4778,30,133.478444
-488.03192,12,133.478489
3046.2434,47,133.478501
187.59033,2,133.489594
263.4737,12,133.493229
280.9191,12,133.49329
1333.5664,23,133.496538
-527.0674,13,133.499693
622.29706,13,133.504814
253.27745,4,133.509852
-371.8379,13,133.509897
1258.1628,31,133.512767
1367.0568,34,133.525758
817.87195,11,133.528861
110.82761,2,133.534139
5721.509,69,133.534187
445.25458,16,133.536794
113.00443,15,133.541614
343.69598,6,133.554122
2290.7708,30,133.554186
659.2985,7,133.554205
3138.5977,48,133.561329
321.60416,6,133.561414
921.799,34,133.561428
-796.7009,3,133.572304
131.47789,2,133.578951
202.33089,4,133.579022
1090.2253,14,133.57904
1403.7424,26,133.579048
90.097084,2,133.579053
2952.5916,38,133.590082
79.59805,3,133.593241
151.6926,2,133.59329
5325.274,48,133.596807
2743.599,35,133.596863
1412.9539,43,133.602996
451.2359,5,133.607041
228.2477,4,133.607077
1647.8208,29,133.60709
87.11904,11,133.610493
2256.5007,50,133.610532
286.53165,7,133.610543
4053.2544,62,133.613184
5369.0596,50,133.615949
1144.8422,27,133.619642
5061.4756,74,133.619691
114.99927,5,133.619707
328.71234,3,133.619714
-79.016846,4,133.625562
206.51532,2,133.625601
113.64229,5,133.625613
783.5849,13,133.628314
83.41887,4,133.640344
410.1194,13,133.64312
2657.226,35,133.645783
243.5715,2,133.649158
3193.6719,50,133.649209
278.06992,7,133.649223
488.72015,18,133.652221
4.640007,13,133.661822
166.07571,6,133.661861
-116.4995,11,133.680337
105.31213,7,133.683945
1129.606,23,133.687668
-862.5731,3,133.690876
869.23553,19,133.710251
4442.9395,53,133.725654
1384.6134,24,133.725699
1425.3544,23,133.74456
3712.1824,35,133.748534
-922.2267,7,133.753948
203.71518,2,133.753992
1083.8972,17,133.756582
2211.0847,56,133.75913
234.60912,6,133.772651
-895.5982,2,133.772707
-734.37756,4,133.77666
3380.0293,37,133.77672
1888.6521,49,133.776734
3505.084,36,133.77976
2309.0637,37,133.790543
9.789253,3,133.793544
-707.5381,4,133.796398
4964.07,48,133.79645
4929.691,52,133.799502
2491.5044,46,133.799542
2381.2158,31,133.802171
164.45386,6,133.805531
1947.134,37,133.80557
78.42428,2,133.805581
-546.99475,10,133.812833
-923.95,5,133.812887
3217.522,30,133.812902
1997.1407,50,133.812912
6406.258,78,133.812921
-911.28015,4,133.816751
4276.509,40,133.816801
855.67334,21,133.816816
4887.7173,74,133.81998
372.2055,8,133.823267
193.48897,3,133.82333
100.179115,5,133.828714
179.27231,7,133.843141
366.12915,7,133.843203
225.49173,5,133.843217
485.9454,10,133.845899
3310.069,40,133.848675
715.5692,15,133.853773
1670.7384,25,133.862498
3285.084,65,133.874188
-221.96634,4,133.87937
-674.37085,4,133.893423
110.91594,9,133.893499
651.7575,12,133.902075
4064.2424,56,133.905174
189.48872,3,133.9081
671.60254,27,133.91322
1783.1079,21,133.916475
2374.9058,36,133.916518
1769.8258,33,133.919225
178.62247,10,133.922271
2518.3977,36,133.92555
3775.751,52,133.925599
174.8027,28,133.932913
88.79736,3,133.932982
494.81287,6,133.932997
-858.7401,6,133.938544
321.29727,8,133.942111
256.099,4,133.945342
2064.3691,28,133.945383
158.25668,5,133.953959
108.79277,3,133.95403
4409.7275,50,133.973533
530.87537,12,133.977422
3494.9922,37,133.97747
135.32799,2,133.977485
166.81207,2,133.987713
1085.9305,32,133.987779
4200.2837,36,133.987795
199.80481,5,133.991157
1750.103,32,133.991219
139.27254,4,134.00484
3964.248,42,134.004903
4427.546,45,134.008404
1755.7408,23,134.008451
61.66989,4,134.008463
-955.5848,5,134.013269
-748.8754,4,134.013324
-120.39867,5,134.013339
33.14693,2,134.013348
4688.3145,43,134.013356
5427.8223,54,134.016723
112.042564,2,134.020527
177.77652,2,134.020577
307.18445,4,134.023799
269.71347,4,134.0268
209.1743,7,134.029411
127.149864,4,134.037097
2877.0027,27,134.037144
3217.8308,50,134.040455
61.300457,3,134.040496
43.073746,12,134.04319
715.31256,19,134.045769
1701.4116,25,134.054359
5007.421,48,134.057143
187.79028,6,134.062062
119.1219,5,134.0759
1545.3563,37,134.078916
3348.088,39,134.090011
1572.5337,23,134.093494
255.5463,3,134.093554
1669.9153,19,134.096979
-336.8888,10,134.097035
321.20636,6,134.10001
523.44293,9,134.10314
2310.5127,24,134.111761
2437.8894,31,134.11181
1617.2959,39,134.12271
554.84863,10,134.13119
275.85904,4,134.131248
527.2618,9,134.13126
942.9431,21,134.13416
120.12871,2,134.1374
3621.461,30,134.142794
69.329124,2,134.150145
2341.297,40,134.15329
-870.14624,2,134.156607
1146.0408,33,134.159606
954.5003,20,134.162808
2601.4941,35,134.162863
2557.666,47,134.167088
2928.3162,32,134.167152
537.524,23,134.175816
689.1222,18,134.175866
251.48753,6,134.175882
801.9857,22,134.178709
138.9238,3,134.194148
2753.9592,44,134.194226
614.07587,8,134.211051
114.68463,13,134.28537
4608.0723,44,134.288224
1804.4646,27,134.291416
2377.2021,51,134.291478
2816.0654,42,134.294574
1408.1637,25,134.294622
1113.8943,25,134.305315
129.64946,10,134.308632
322.80557,4,134.312661
217.75615,4,134.312729
250.66183,4,134.316293
154.69006,3,134.32173
-708.6127,8,134.3272
3026.9277,45,134.3304
1544.4878,24,134.330437
179.04724,36,134.336658
1207.3223,45,134.339861
324.74304,3,134.33991
469.34064,10,134.342506
1551.3656,29,134.347347
129.07602,4,134.350456
680.00336,15,134.350515
1088.6243,23,134.353577
1743.4473,29,134.356973
121.028244,9,134.357018
929.75024,11,134.3603
4524.5073,57,134.363552
130.21193,2,134.367249
1452.2847,36,134.367337
938.2069,32,134.370659
4493.119,88,134.374487
2791.6672,70,134.374534
4336.527,41,134.374548
216.00357,6,134.377859
2066.9556,26,134.377906
342.21014,9,134.383082
403.99683,9,134.383147
1210.8069,29,134.387101
-739.15,4,134.390217
338.8098,7,134.394751
630.85425,13,134.394819
842.51953,26,134.394835
219.76134,13,134.420723
327.4484,5,134.424716
894.9966,18,134.424778
236.26578,3,134.424795
342.9756,6,134.424803
1094.8016,22,134.430067
131.30414,3,134.433052
211.28601,7,134.436138
175.05855,6,134.439048
227.74211,14,134.44921
573.77435,10,134.452255
864.2261,21,134.461251
641.65814,9,134.480112
220.32668,3,134.480185
2529.1387,38,134.495619
579.70294,11,134.49568
-905.3258,5,134.504822
846.33875,22,134.50825
325.27078,10,134.5083
3584.8452,54,134.511989
204.15013,2,134.525029
147.43886,2,134.529954
914.79785,45,134.532665
2545.1228,76,134.537614
3906.0054,42,134.540985
-423.0476,15,134.5446
-854.17285,24,134.544656
95.3289,6,134.550891
2481.0825,36,134.550939
632.42865,19,134.550953
537.9099,12,134.550961
-157.159,3,134.554183
731.6598,31,134.554231
3365.799,38,134.554242
3773.0513,72,134.561681
2416.103,38,134.56526
229.80438,4,134.565311
100.51272,4,134.565324
159.75725,2,134.570985
81.50003,2,134.571036
2677.574,41,134.573832
2922.2983,46,134.582234
181.35619,3,134.58227
348.06747,7,134.582279
963.94073,15,134.582285
3792.1438,44,134.58512
640.4017,28,134.589198
191.14218,6,134.589257
1540.6007,26,134.589273
113.79963,3,134.59282
2389.5427,26,134.592867
197.77997,2,134.595687
3330.7087,41,134.605485
1448.8086,18,134.608216
1815.4496,22,134.613375
523.5689,11,134.623453
-660.45544,10,134.626624
1164.7935,25,134.626664
2245.8533,42,134.626675
313.79453,14,134.629368
3420.4402,36,134.638611
252.99779,4,134.638668
217.09312,5,134.642418
1750.7732,33,134.642472
520.24664,12,134.648828
968.4162,21,134.648889
71.74712,3,134.652364
20.563828,3,134.657705
2535.0618,57,134.660714
3592.7212,36,134.66075
673.2628,8,134.663433
-240.84052,5,134.667208
2375.6838,34,134.67516
3623.5913,65,134.677838
-107.821045,29,134.681937
2611.3477,33,134.685787
1661.0027,26,134.685833
748.5248,43,134.685861
36.167137,4,134.688598
-52.43457,22,134.704794
751.16425,11,134.710129
2803.1045,38,134.710154
535.8994,26,134.713471
863.9569,39,134.723569
285.65332,17,134.723612
216.14975,4,134.72663
3269.9404,48,134.726674
5651.144,69,134.72933
4212.3345,55,134.733038
1209.6658,27,134.735971
240.71756,4,134.736019
-5.123619,3,134.741204
2787.9636,43,134.746937
209.815,9,134.750194
787.63684,11,134.75024
818.9651,12,134.762996
1963.2954,30,134.767215
383.35727,5,134.767259
162.16968,37,134.771104
3042.1355,53,134.771185
119.52429,2,134.771198
152.36899,7,134.771206
2133.7004,27,134.777362
1777.4313,43,134.777411
1095.5197,33,134.777425
785.7406,16,134.781585
119.5932,3,134.781642
1364.2499,27,134.785131
3453.8367,35,134.788169
2288.01,29,134.788217
1998.7511,41,134.791457
-740.2035,6,134.791504
111.39758,2,134.794121
3526.2996,31,134.802754
188.04436,6,134.808183
379.2694,5,134.808233
2988.3115,26,134.810872
193.6696,2,134.813807
-831.1487,4,134.813847
672.9313,14,134.816498
2517.5122,39,134.822618
2870.727,27,134.822673
317.21783,3,134.831763
1330.2961,17,134.83509
808.1477,15,134.841059
577.97675,11,134.841346
634.6906,11,134.850013
541.84503,9,134.850075
1080.3218,20,134.853496
219.62387,5,134.85673
142.78818,10,134.863365
163.63527,2,134.863404
3965.8506,52,134.863415
2776.9182,48,134.8667
1337.1094,34,134.874119
1637.0999,32,134.876657
-861.9167,15,134.879357
2116.017,33,134.882905
4413.0713,57,134.886408
1628.54,41,134.895081
-491.51855,12,134.905695
773.90857,14,134.911327
3032.922,41,134.911396
3125.7773,53,134.920423
1670.3728,40,134.920487
5533.453,55,134.920505
-640.3157,5,134.923331
3326.8418,33,134.925896
12.374268,17,134.928507
971.4615,14,134.938236
151.50182,3,134.966317
1530.831,41,134.966407
2802.9785,28,134.973152
-49.084465,8,134.976687
7.5763893,3,134.98059
-284.75476,10,134.980659
498.8844,13,134.98068
81.493,13,134.983943
102.31057,2,134.992115
298.26044,6,134.994864
2835.5613,67,135.009983
1445.485,28,135.010053
-851.2622,6,135.013291
-999.87726,2,135.019095
-1363.0605,10,135.022017
238.34283,9,135.027727
1683.6985,29,135.027766
120.04523,11,135.030808
231.87825,4,135.030855
193.06851,5,135.030869
4162.0264,43,135.034125
203.35715,2,135.034173
178.94295,7,135.034186
2394.7446,45,135.040335
141.3114,2,135.040392
3911.742,39,135.058665
274.7142,7,135.058735
3219.703,72,135.058753
2542.768,53,135.06203
291.9175,5,135.062077
148.56303,2,135.064624
3355.5137,65,135.069626
2534.9768,35,135.075775
-645.9429,7,135.079552
336.64554,5,135.079611
3185.2654,37,135.079629
4798.1973,82,135.083487
382.94977,12,135.083539
4386.0723,40,135.090147
6259.432,41,135.090204
217.31563,5,135.095774
-716.36993,46,135.09932
818.94116,12,135.099375
328.63556,12,135.099407
401.28064,7,135.102811
3136.0244,59,135.10286
2195.3613,34,135.105579
197.61005,3,135.108194
-711.3024,3,135.111562
68.6732,4,135.111599
481.4686,7,135.111611
-1064.6461,9,135.111616
-412.6043,10,135.124662
5176.2593,58,135.124713
2202.676,27,135.127757
135.5643,2,135.130683
122.55623,3,135.130726
1456.4625,36,135.133602
337.66495,3,135.138918
199.89757,5,135.145168
-771.38275,6,135.16579
408.12256,29,135.165848
3743.8735,47,135.171636
2013.0636,40,135.179911
-203.27795,17,135.179987
4797.8555,42,135.187674
591.6058,7,135.187724
524.9278,24,135.187748
450.60986,20,135.193449
1674.5022,47,135.213004
690.3215,15,135.213067
-77.43494,5,135.216421
2732.3982,51,135.216476
922.162,11,135.219508
176.49474,2,135.219549
136.03677,7,135.223248
186.79788,5,135.223309
582.1367,9,135.223325
1838.3965,30,135.223332
480.6573,15,135.226495
2167.4673,34,135.226535
153.0486,2,135.22945
19.048431,3,135.229486
-363.23853,10,135.232872
92.29721,3,135.235573
-23.377876,5,135.238541
2170.5002,33,135.238588
-665.4503,8,135.241525
1662.1378,56,135.241562
67.821884,2,135.246709
1439.8833,18,135.249481
1338.7909,32,135.252558
3985.78,47,135.252597
1392.4867,40,135.255671
2074.1218,47,135.255718
-682.3777,6,135.258901
1514.2827,14,135.261786
4617.0586,40,135.27234
607.62445,14,135.275237
230.06842,8,135.277812
80.088135,3,135.28574
455.67047,10,135.285781
408.81488,9,135.285793
67.23831,2,135.291229
686.3182,16,135.291277
5047.6035,50,135.296062
3817.416,48,135.299449
1365.6958,27,135.302115
1209.6957,23,135.305973
158.87923,3,135.306037
566.1366,18,135.312651
201.26306,55,135.31629
142.8157,2,135.319905
677.67456,15,135.319956
265.6551,11,135.319971
786.87225,19,135.322701
-861.52386,2,135.325335
762.6242,19,135.328358
2178.777,29,135.328395
189.43282,3,135.339562
49.301033,5,135.343307
224.86996,9,135.343364
112.527985,4,135.349068
177.66618,9,135.352931
3028.4443,78,135.356344
1541.9028,27,135.359578
-814.8072,6,135.362891
-276.46,4,135.376385
4159.369,48,135.376439
1046.2822,15,135.388043
575.66156,14,135.388134
1035.635,28,135.388157
3759.6726,47,135.394447
1111.7192,38,135.394501
73.22228,2,135.401982
3685.937,40,135.40205
1430.86,15,135.405206
129.74002,2,135.409033
1198.2864,27,135.4091
61.066803,2,135.409121
3493.6182,36,135.420752
122.02683,4,135.420812
482.90833,33,135.423652
-992.54047,2,135.427443
2631.9585,54,135.427497
5575.2563,57,135.427519
1023.00555,12,135.427528
3246.9785,60,135.43104
2652.8948,31,135.434443
755.4756,14,135.447408
324.93988,11,135.450909
297.31427,24,135.450957
-879.74274,6,135.464397
2496.8079,31,135.476019
294.02112,5,135.476088
298.91138,10,135.481946
2626.618,30,135.481999
2464.2373,31,135.486976
334.43774,19,135.490849
281.5927,8,135.490896
2492.6343,47,135.49091
475.41418,7,135.490916
-458.69434,12,135.490922
2586.0608,27,135.50318
188.24626,4,135.506686
189.01535,4,135.50673
-385.32855,10,135.510556
259.10767,8,135.510616
508.90668,6,135.510632
2344.3135,30,135.513425
3136.6392,57,135.516411
1942.5546,26,135.519207
204.39856,4,135.523431
71.30145,3,135.523501
83.89703,5,135.523518
1822.3218,35,135.523527
2846.9893,80,135.523532
40.93315,5,135.527149
219.8643,5,135.527198
835.7525,13,135.527211
-1000.68994,2,135.530531
441.40033,7,135.530569
-463.12866,11,135.53058
104.9653,3,135.533231
147.70253,4,135.535818
378.7525,8,135.541979
105.17932,4,135.542042
2036.1604,25,135.55567
120.68602,2,135.5619
2892.7368,39,135.571082
664.01996,15,135.571146
5003.071,52,135.574242
2847.1501,39,135.580275
300.1748,4,135.583385
740.3623,19,135.596877
1622.071,22,135.601139
4955.011,43,135.60119
1727.3159,23,135.607511
513.61096,9,135.612969
1295.2351,35,135.613017
1304.5142,28,135.621186
-849.7652,9,135.627393
180.79076,2,135.627442
2617.4414,43,135.627455
1444.912,34,135.627463
765.26074,23,135.630265
-73.75319,8,135.63439
259.62622,3,135.637844
2303.801,77,135.637897
-1261.73,11,135.640742
16.783962,2,135.643531
1819.8899,43,135.64675
496.04974,5,135.646796
1231.8403,19,135.655812
599.7677,14,135.66259
-1501.73,4,135.662645
160.94582,2,135.662661
4597.4033,53,135.672259
166.66539,3,135.672314
3545.8562,38,135.675925
1886.2528,34,135.675984
116.21335,2,135.675997
-870.20886,4,135.678958
-812.5542,3,135.682291
2553.0083,34,135.682341
3624.8135,41,135.687487
649.9136,17,135.69036
308.8525,5,135.690406
586.49866,14,135.693462
546.8315,13,135.693513
2196.32,43,135.698587
593.879,7,135.701897
296.57687,5,135.701946
1000.9662,23,135.701959
1040.0881,29,135.706854
276.16733,4,135.710963
89.731674,8,135.714158
1746.3629,25,135.717109
4301.6704,52,135.723372
242.34628,6,135.72693
507.05585,17,135.73014
1341.0016,29,135.733858
200.84692,2,135.733901
241.0898,7,135.736579
959.57263,14,135.744546
1243.564,26,135.747582
569.7345,16,135.751304
-696.54333,5,135.751599
68.38957,2,135.754953
74.88483,11,135.75787
598.88367,11,135.766651
-24.714825,3,135.766706
700.1824,32,135.770075
2822.229,31,135.770123
999.53973,29,135.777866
240.81837,5,135.781425
188.51776,9,135.781463
3040.3633,60,135.781482
414.95328,5,135.781487
2164.6895,48,135.795089
-980.6727,2,135.800694
436.25452,9,135.800738
2491.861,43,135.804064
-689.88055,6,135.804119
983.30304,20,135.809906
312.96945,9,135.809954
144.14876,3,135.812795
91.88551,2,135.816694
4132.4907,46,135.820698
-828.65326,6,135.820749
5668.411,105,135.820768
2212.5938,38,135.823821
47.375736,2,135.829408
2429.6274,43,135.829454
4402.918,47,135.829496
112.47364,4,135.832339
127.72197,6,135.83788
2885.508,39,135.841217
2918.9373,41,135.841265
3598.2937,64,135.904645
710.45636,19,135.904682
-1051.7736,3,135.911071
113.571884,2,135.911141
262.62787,5,135.914486
-136.93582,22,135.914515
3654.6663,39,135.917425
875.8109,11,135.922988
-747.12756,3,135.923012
1657.7518,18,135.926309
2692.7705,30,135.926354
105.4257,2,135.929245
479.41455,14,135.94218
1188.0908,20,135.944913
145.31795,4,135.947485
1392.1125,42,135.950534
82.91725,3,135.950587
1572.8384,24,135.97369
56.32689,3,135.973764
254.9992,7,135.973784
4830.26,74,135.986918
1164.383,44,135.98699
4355.85,64,135.990296
3914.0723,55,135.9981
-836.81165,4,135.998155
1370.3295,17,135.998169
3782.5671,36,136.008165
218.11656,5,136.011234
1799.276,32,136.011334
260.2017,6,136.013956
98.51721,2,136.032932
4521.3555,46,136.033004
-863.0426,2,136.039999
1021.20764,15,136.040052
954.2152,17,136.047817
668.48914,22,136.055307
3043.2124,38,136.062969
3733.3083,43,136.065667
1516.1692,20,136.068974
498.3807,11,136.072141
887.90546,16,136.072212
3446.4688,47,136.077178
1658.8181,29,136.079865
2693.7405,31,136.083863
124.08377,5,136.083919
2525.3928,38,136.086812
273.32135,4,136.089786
35.993427,9,136.089824
-140.80934,3,136.096775
1889.3772,23,136.100024
37.390633,3,136.105198
104.45309,3,136.108329
677.1893,9,136.108377
968.85077,22,136.111647
3741.447,51,136.111684
483.4522,9,136.111695
2364.3835,32,136.114608
4015.71,43,136.120611
4272.9385,71,136.120654
2490.4797,55,136.120666
2745.2363,42,136.123713
70.99726,4,136.123762
170.79138,3,136.136428
428.40118,7,136.139559
244.41104,3,136.139617
3891.9617,35,136.147134
321.03497,6,136.152789
856.26,12,136.152833
496.98633,16,136.157956
2451.5354,31,136.161149
2984.1987,69,136.161196
816.7431,13,136.163769
1971.3323,32,136.170296
2161.6445,59,136.170362
187.94493,2,136.170377
-44.845215,12,136.17439
156.45636,9,136.174451
2079.4624,69,136.174468
34.634094,7,136.186449
880.9734,19,136.186519
278.4616,3,136.186538
1212.2112,22,136.190189
2314.0842,43,136.190251
116.24563,6,136.19324
276.0013,7,136.19647
702.0464,11,136.196506
-1051.9509,3,136.196517
3946.1863,37,136.204372
1261.1024,27,136.204429
65.50563,3,136.204444
3124.8508,36,136.210181
2828.0981,44,136.215649
1051.6271,11,136.215693
308.64386,8,136.215704
-872.4429,2,136.221406
2458.7295,25,136.221455
66.902374,4,136.221469
455.12372,9,136.221476
325.18265,4,136.230399
860.4946,10,136.233766
264.23315,4,136.236689
-263.0808,12,136.236731
3779.578,38,136.240232
520.70233,15,136.240282
2582.4658,34,136.242976
1056.3429,13,136.245571
205.85571,4,136.248284
131.8091,10,136.258897
5007.5405,91,136.262421
112.8424,7,136.262466
1957.1599,26,136.270364
-748.02826,5,136.27044
137.66498,4,136.270458
-647.71643,7,136.275128
46.08254,2,136.275179
-698.25525,3,136.275194
864.947,11,136.275202
2387.1912,31,136.278476
3994.6643,77,136.281661
1445.4712,29,136.285174
299.64615,6,136.299785
212.45078,3,136.299838
245.95427,7,136.299855
425.3902,5,136.299861
195.80566,3,136.309058
2025.2191,31,136.315986
460.52484,11,136.316073
319.99164,5,136.316096
5112.933,45,136.318954
93.20022,2,136.322846
373.1831,7,136.322894
955.32245,14,136.322913
30.61351,3,136.325778
408.69922,34,136.328568
237.48024,4,136.33537
957.4233,19,136.338686
124.70485,39,136.341935
120.74891,2,136.344878
19.960258,2,136.351295
4789.588,42,136.353973
177.35132,7,136.356863
2764.825,32,136.357089
1866.5852,25,136.360158
293.5556,14,136.366991
831.3801,16,136.370661
173.30823,3,136.370722
299.60077,7,136.380892
3558.3242,41,136.395012
4587.143,67,136.398707
1583.3151,44,136.398757
3108.63,33,136.402261
-885.7114,2,136.402317
5067.853,49,136.405807
233.37451,5,136.405862
1522.508,26,136.409208
-824.7058,4,136.412673
1253.2684,16,136.416621
303.3262,4,136.416735
585.58453,6,136.420965
2553.8154,34,136.421015
2805.0747,55,136.421027
4675.12,42,136.421032
41.333748,3,136.426469
110.37927,2,136.426519
2517.4514,44,136.431701
471.75092,8,136.442169
276.8169,6,136.442227
550.8261,21,136.444958
3991.6936,63,136.448802
-815.516,11,136.448889
654.53906,14,136.448913
2231.4568,28,136.448921
-217.85956,9,136.457705
752.30927,15,136.473313
187.54758,4,136.479522
2285.69,43,136.493853
-976.2478,2,136.507649
2892.8572,33,136.511482
2602.4753,51,136.511546
574.92694,12,136.515383
289.3971,7,136.515449
3015.8013,37,136.515465
1485.4993,26,136.518821
535.616,13,136.522357
135.03004,2,136.522405
263.54025,3,136.522421
5144.773,50,136.522427
4687.888,49,136.52509
-71.569626,4,136.528296
1991.7098,25,136.528352
1367.072,25,136.528367
308.96484,3,136.53095
85.5703,4,136.5385
325.7314,4,136.541194
5101.518,52,136.543862
465.77707,8,136.548751
1456.5935,14,136.551853
-373.18225,3,136.551893
4425.6733,41,136.55719
-735.0867,3,136.557227
646.3147,8,136.562852
957.4044,27,136.56289
184.42465,4,136.562902
1557.465,42,136.569701
2471.9124,30,136.569758
559.3959,16,136.569776
3055.9883,33,136.573242
101.51632,4,136.576034
141.21526,5,136.578614
290.6291,3,136.581908
4386.5527,61,136.595682
-128.75885,13,136.595731
427.59143,8,136.59837
2234.2043,28,136.601065
8675.757,147,136.603925
92.97999,3,136.603972
-969.9917,3,138.041302
276.15277,4,138.041356
2092.334,33,138.044975
591.21893,12,138.045035
2221.781,47,138.045051
367.3299,4,138.047888
3915.2234,32,138.05787
1068.1617,20,138.060722
4581.448,36,138.063385
88.84929,5,138.06897
3249.2273,56,138.06903
-6.257637,3,138.069045
1680.7356,37,138.069051
940.068,20,138.069057
813.251,24,138.069062
6.474373,7,138.071675
343.01846,8,138.075512
164.47464,6,138.075755
2962.5828,52,138.075785
4146.159,41,138.075796
200.39545,2,138.078878
-129.13431,8,138.078916
-857.4081,4,138.087903
110.56447,2,138.091462
262.1233,16,138.091509
5287.309,54,138.094171
116.88413,9,138.096765
-605.001,6,138.101694
-72.02717,8,138.104489
708.40594,11,138.107783
-949.99084,3,138.110667
324.96335,9,138.113369
1173.9452,12,138.141527
1909.8164,33,138.141605
3153.988,43,138.141618
1086.31,16,138.148602
4888.65,40,138.163558
3160.5374,61,138.16362
327.75372,4,138.16754
49.144745,14,138.167616
860.79663,10,138.167634
1021.23987,19,138.167641
1110.1212,22,138.178747
3191.0784,53,138.178804
246.33409,5,138.182013
1866.3506,24,138.188866
4808.355,46,138.194749
265.9509,6,138.197604
-994.9707,2,138.208539
88.5616,3,138.214138
603.70306,21,138.231283
2492.8513,36,138.241392
2526.0178,36,138.245569
510.12128,14,138.251544
49.559887,3,138.251615
1237.7012,18,138.275468
4260.8013,48,138.292832
2340.4858,28,138.292915
2864.3445,45,138.292936
111.076904,18,138.292943
177.28409,2,138.314585
888.6507,21,138.31463
-132.45392,12,138.330886
4046.4138,38,138.383704
340.15927,3,138.38432
1964.2823,27,138.384377
4985.103,44,138.38439
2607.1882,43,138.407915
-112.94484,5,138.408
264.95154,5,138.437245
1708.3013,27,138.489448
15.2131,3,138.489504
105.37817,5,138.492709
469.6333,7,138.495636
181.20856,3,138.498429
192.96024,5,138.508579
1593.6051,33,138.508635
-823.51294,3,138.508651
341.4139,6,138.514551
101.64008,2,138.514598
987.8016,15,138.52331
1362.7072,24,138.545609
1189.9314,22,138.564771
1577.2369,27,138.585286
670.6765,9,138.585359
1902.7166,42,138.585381
160.49562,2,138.611432
642.90497,25,138.611488
303.68018,3,138.615865
1183.1934,22,138.615902
2168.3577,38,138.615915
131.11516,3,138.615924
219.53847,3,138.648748
-771.7035,4,138.64881
74.18857,4,138.648829
4592.1016,50,138.668068
2884.695,61,138.692136
-884.8073,5,138.692212
142.39444,2,138.69223
1331.636,29,138.715033
1540.9336,22,138.715078
3182.2349,70,138.730345
-336.40054,6,138.730406
-642.9663,5,138.751829
5423.391,52,138.751892
1098.8932,12,138.784758
342.24948,4,138.802661
1903.6458,25,138.862931
1297.0912,28,138.863023
1533.7056,27,138.87607
1884.9895,40,138.897304
5574.796,68,138.923313
1049.6725,19,138.923366
614.0056,16,138.944727
-677.4703,12,138.944811
631.7583,10,138.944837
-235.24529,12,138.944849
4836.3384,52,138.968574
2593.4373,48,138.984866
78.989204,3,138.984925
839.9978,27,139.000259
-3.501872,2,139.000297
3560.4404,45,139.000304
-581.97473,9,139.042239
-869.2094,2,139.042314
114.13451,2,139.042328
143.20366,3,139.059133
1450.1615,23,139.084538
966.98926,19,139.088126
4067.2625,61,139.097016
2359.0806,42,139.097068
-67.956055,11,139.103659
2483.1167,40,139.112633
38.59959,3,139.112679
-732.9712,7,139.12241
1487.3855,20,139.122463
433.47165,7,139.147457
1226.837,26,139.160223
724.42584,18,139.160277
137.12442,2,139.171118
3644.0715,47,139.176345
730.50195,15,139.176387
513.6224,15,139.178953
4201.7695,47,139.182057
95.14816,2,139.185174
2399.5642,33,139.185226
3258.6086,45,139.187831
137.07835,3,139.192605
4511.381,45,139.195109
271.4691,3,139.206178
898.834,25,139.206246
855.10474,18,139.209776
49.52395,8,139.209821
8.295883,5,139.209839
2434.6318,35,139.209851
4518.1177,44,139.213083
2747.9492,46,139.22329
32.000732,18,139.22901
4083.646,36,139.232847
3419.2725,37,139.23291
4860.911,49,139.232929
3351.0566,57,139.236979
3365.897,49,139.240519
-13.49614,3,139.24056
822.8786,13,139.258793
2859.7646,49,139.258842
105.15111,2,139.307673
91.62365,2,139.307774
194.60657,7,139.307797
452.41382,6,139.341021
313.01602,9,139.378466
1125.3904,33,139.46912
-120.8645,16,139.541216
-61.086914,27,139.628887
1681.9406,70,139.632323
-650.52094,27,139.632363
68.58803,3,139.685831
79.014534,2,139.740197
3489.6577,64,139.740301
2963.9937,65,139.780319
2093.4497,44,139.780404
2378.772,42,139.780416
253.38443,4,139.835623
2749.0212,31,139.894876
-846.86304,4,139.894948
829.70667,16,139.920565
83.62957,2,139.943156
217.43352,5,140.036687
282.937,7,140.08124
992.456,38,140.163968
4332.4893,39,140.164047
860.5294,36,140.202995
2204.579,49,140.215265
1498.4462,28,140.234982
394.7255,10,140.306557
4264.2656,34,140.338961
735.13934,22,140.36696
-120.32507,23,140.367007
3944.2957,94,140.376977
272.02402,3,140.416089
3727.502,46,140.416165
1303.0082,32,140.416187
1189.3783,13,140.416198
516.5808,13,140.434326
472.08215,13,140.446386
3152.5176,43,140.474482
2434.2148,26,140.474566
395.0381,10,140.486151
184.36964,2,140.498582
2572.1335,31,140.498646
-845.6846,2,140.498663
4533.793,60,140.498673
-1076.2156,10,140.512979
-1299.1975,3,140.542543
371.77487,3,140.542619
303.90073,4,140.557025
562.3016,10,140.557153
243.03503,5,140.592509
582.7131,12,140.597584
683.9962,15,140.597647
220.92513,4,140.609931
67.93085,4,140.610015
3252.3767,59,140.640125
124.48629,2,140.640264
183.7936,5,140.681511
155.27434,3,140.725727
3516.4028,85,140.77454
-469.92523,8,140.795495
57.279877,9,140.795755
816.43384,15,140.80767
3394.0496,52,140.807831
216.54483,5,140.813204
3113.7488,43,140.813266
-971.9842,2,140.813278
602.35,11,140.81832
102.29909,4,140.818494
4629.563,42,140.833528
-23.007198,3,140.845579
37.414425,3,140.850037
5085.8765,47,140.878269
-840.32166,4,140.883177
207.30516,2,140.904994
3573.7034,60,140.91179
131.74507,2,140.981639
1838.2048,23,141.004923
-924.9706,2,141.005002
6404.8047,44,141.005021
450.5617,11,141.021989
930.8616,29,141.022056
2878.661,40,141.077576
143.29045,3,141.077642
4628.597,61,141.07766
22.087337,3,141.099586
2948.1475,35,141.099639
3522.7883,67,141.099651
101.451385,2,141.122245
3440.7715,43,141.152004
357.82675,5,141.196526
234.39607,5,141.237684
3639.3928,48,141.260069
81.92472,4,141.278656
170.16112,14,141.300442
1149.4519,28,141.342641
4186.5615,39,141.342703
313.46872,14,141.342719
1820.5381,51,141.358497
139.82367,16,141.407712
2649.0552,31,141.434019
1610.866,29,141.434132
165.41843,6,141.444146
701.53345,35,141.482146
1671.3481,27,141.48222
2494.0,38,141.52936
-836.5886,4,141.545268
3630.8728,59,141.545343
-135.5705,13,141.55876
4260.8438,102,141.571566
269.5535,11,141.596732
3619.498,46,141.641158
2550.769,34,141.789091
3388.6863,37,141.815246
-84.417404,3,141.870997
648.48157,21,141.87108
3390.5613,45,141.893479
1914.8832,35,141.89352
178.02547,4,141.962463
2192.9722,29,141.962553
3202.5908,45,141.975523
1634.326,38,142.018695
629.7881,6,142.018738
3453.028,41,142.047201
112.09148,9,142.047279
799.3731,28,142.062837
4590.411,52,142.067333
5212.7495,71,142.0755
3898.419,36,142.075576
-62.492905,4,142.075596
737.0835,41,142.075605
2938.086,43,142.079236
1690.625,38,142.079294
364.6058,4,142.082444
1424.3251,20,142.090003
136.23743,2,142.090077
297.69662,3,142.090094
3506.252,34,142.090101
3525.283,34,142.094682
105.49623,2,142.094733
39.981037,4,142.094748
325.79694,3,142.094755
1844.5045,32,142.09476
16.446526,5,142.097564
-455.48944,10,142.100412
4256.47,54,142.113717
155.35349,6,142.120171
-30.750858,6,142.120222
440.57465,7,142.126323
3991.3242,36,142.126376
-81.54089,20,142.12639
288.19427,9,142.126397
784.4183,15,142.131331
29.243576,5,142.140518
4568.3447,47,142.143479
679.14075,15,142.146
114.92074,17,142.149011
673.51984,16,142.149055
31.443264,2,142.149068
1719.9854,78,142.152067
833.6039,18,142.152115
882.62305,11,142.152128
-971.9064,2,142.170708
-303.3316,28,142.170749
-904.1248,3,142.174766
-754.55475,3,142.174819
612.99713,12,142.177673
1634.4418,25,142.180311
51.146706,4,142.193457
1538.7274,21,142.19351
154.94305,4,142.199026
4224.1045,58,142.238992
4710.836,44,142.239051
3198.3271,42,142.243523
2329.716,30,142.247384
540.4085,12,142.247435
3844.8848,47,142.35539
2617.644,27,142.371557
84.51201,3,142.393902
4456.187,42,142.458839
1884.9517,21,142.45891
1215.4559,24,142.458932
2036.9344,30,142.475737
218.56445,23,142.492508
3454.6978,39,142.503897
509.3668,6,142.503993
2073.218,29,142.504016
832.1573,19,142.510384
4662.528,59,142.510429
219.39235,3,142.510445
-142.40582,4,142.515925
144.80563,8,142.515976
964.59467,11,142.519282
2579.53,48,142.519334
4346.1475,46,142.519347
229.15524,2,142.524668
177.7399,2,142.524713
1849.9458,41,142.530058
-974.4002,4,142.530106
608.02826,8,142.533057
2165.8787,40,142.533105
2733.653,35,142.536982
1666.1862,34,142.539576
1789.5975,23,142.542215
-155.53117,5,142.547621
556.8839,14,142.550687
150.03036,4,142.557351
1688.2582,36,142.557401
548.1929,18,142.560972
4874.2666,56,142.564982
-1539.0374,4,142.565247
-828.44635,3,142.569659
-849.09766,3,142.569697
2787.2712,48,142.569708
2001.5436,26,142.569718
153.34366,3,142.575162
1865.3275,41,142.578971
301.93,5,142.579031
-286.72507,7,142.579054
292.97897,4,142.590635
720.9692,13,142.605577
1210.4,23,142.605623
1036.9995,32,142.605635
3700.1738,52,142.608719
2186.2903,27,142.612997
3389.294,51,142.613059
734.8442,27,142.613074
2164.478,24,142.613081
145.63031,2,142.613086
2346.373,33,142.615884
1975.9727,32,142.619433
2255.3376,32,142.619475
811.3466,16,142.619492
666.5083,15,142.622739
194.00542,14,142.622787
-477.8869,7,142.627883
79.49214,3,142.63064
5822.0825,71,142.633729
110.99819,5,142.633829
-131.74219,15,142.645079
305.536,6,142.645143
938.6603,22,142.645159
163.28525,4,142.647939
-578.3687,7,142.657545
-993.2069,3,142.657614
158.55902,4,142.663069
-131.18832,6,142.666407
2363.1665,27,142.666467
150.78993,2,142.677495
-86.54234,7,142.677558
533.55597,13,142.677574
1612.3488,16,142.677581
5684.051,62,142.680222
4121.838,41,142.686271
286.29218,3,142.686333
4020.0186,40,142.68635
804.0631,18,142.686358
1727.7456,21,142.694269
437.13498,6,142.697114
348.82062,4,142.697162
-942.8605,6,142.703943
1744.756,19,142.706868
-860.3436,3,142.711869
1880.3698,29,142.717588
92.734436,3,142.728576
-446.22894,13,142.732764
298.27362,6,142.732845
3444.208,56,142.732863
167.93188,2,142.735936
-31.133362,13,142.743843
-601.8314,4,142.746621
226.0244,6,142.751282
217.35574,8,142.76614
1677.0658,52,142.775626
4757.02,44,142.785618
2257.7698,26,142.785664
1806.5051,45,142.789844
1848.8589,35,142.789906
-766.5134,5,142.794497
2926.3157,31,142.794558
2268.3442,37,142.794574
2847.5598,61,142.798121
3431.0532,37,142.798169
4206.266,33,142.801169
1781.7361,27,142.813235
219.78407,3,142.813308
126.96031,3,142.813343
72.44414,6,142.817887
198.12321,3,142.817938
134.89948,4,142.817948
4973.313,54,142.824458
4389.6597,37,142.824513
205.15729,2,142.824527
369.8596,5,142.827677
371.70966,3,142.834752
202.35452,5,142.834791
102.81127,2,142.8348
447.7228,10,142.834807
1048.8743,20,142.838259
2957.1248,55,142.838311
248.45197,3,142.851329
419.5119,11,142.851416
724.7171,13,142.851436
153.83932,5,142.858926
215.86607,4,142.858993
124.79257,12,142.862002
2939.94,41,142.86501
267.02753,11,142.870025
312.33276,8,142.870077
288.07907,5,142.870092
-58.395653,6,142.874837
1606.5393,27,142.874888
259.71915,4,142.874903
229.0332,8,142.881805
145.1692,4,142.881875
882.9795,22,142.8819
1.6036034,2,142.881908
162.79832,4,142.886338
158.71631,28,142.886374
5406.036,59,142.886384
3725.7617,54,142.88639
2144.1565,39,142.890034
-921.8396,2,142.890094
1176.2751,20,142.89287
-386.08252,7,142.9047
-628.39,6,142.904752
28.093328,3,142.904767
147.73038,5,142.908888
3945.7102,40,142.908936
1014.7803,19,142.908951
1352.5802,21,142.908958
795.06445,10,142.908964
1188.8131,16,142.911885
291.57095,6,142.91193
2968.0583,39,142.928739
-915.9806,2,142.928787
356.12036,7,142.928815
-819.8613,4,142.936335
482.44604,7,142.952399
226.6131,7,142.952453
426.35406,8,142.952468
598.34283,11,142.960373
-246.0965,14,142.963238
3992.403,72,142.9684
174.64471,8,142.974211
297.99103,7,142.988177
557.61475,10,142.988221
1247.7839,23,142.993439
452.2168,10,143.004572
2511.0225,41,143.004624
2572.5762,31,143.010285
3087.5737,33,143.015909
2323.4893,37,143.018593
-964.7621,9,143.027828
3130.0605,32,143.037316
709.8026,37,143.037385
229.91925,5,143.037402
126.77689,2,143.041377
39.82746,4,143.041442
3169.528,34,143.045635
200.02487,2,143.045725
2054.0488,32,143.049546
-828.914,15,143.04961
2614.9263,31,143.057728
3946.0234,44,143.057841
604.05884,11,143.057865
4080.6692,38,143.057875
458.23544,7,143.062402
260.0932,3,143.06266
-741.0814,48,143.062691
-936.5668,2,143.079761
2976.7483,43,143.108114
315.6432,7,143.112248
-28.543835,10,143.118473
346.777,6,143.118513
109.22162,4,143.130436
3994.82,39,143.133855
4653.7466,44,143.146205
1169.1427,22,143.14627
699.00824,40,143.164539
3139.5652,32,143.168024
785.244,18,143.184126
407.57996,10,143.184192
1357.7876,19,143.191782
144.22388,2,143.191863
4004.6228,51,143.191879
321.30154,7,143.191888
-610.76855,9,143.197013
-633.56494,11,143.201443
185.43567,5,143.231649
55.881294,6,143.231704
1730.9105,25,143.236336
-877.4535,3,143.242491
5976.7725,87,143.246852
1433.9617,32,143.246922
301.26953,12,143.246938
5091.8076,66,143.2507
2891.955,59,143.250851
137.90747,2,143.259449
2077.4805,31,143.259496
-643.4667,4,143.263648
18.200333,3,143.263699
-1040.0497,3,143.266887
200.98303,8,143.278798
154.35376,3,143.278852
101.29518,2,143.287749
142.61172,2,143.291706
42.24816,5,143.295668
-310.36963,3,143.295735
142.76172,8,143.298915
2920.6182,40,143.305429
3533.417,38,143.305472
1813.5696,25,143.314973
3515.0762,43,143.318912
4799.703,48,143.318982
1366.9606,20,143.323214
1706.698,27,143.323287
609.7389,14,143.3268
794.3134,9,143.32684
1820.3257,30,143.330715
482.2662,10,143.330782
2568.1042,40,143.330797
1686.5447,29,143.330803
-820.5863,4,143.333351
29.539345,3,143.348175
3227.6255,51,143.351607
5236.1895,55,143.35164
5032.7954,48,143.360391
1829.5469,24,143.363291
317.8483,6,143.366588
70.31217,7,143.366637
252.99527,14,143.36665
26.675426,3,143.376479
490.12726,8,143.376536
102.17691,2,143.380615
89.43598,2,143.388568
643.7485,19,143.38865
-119.53506,13,143.393761
724.2383,18,143.39382
-499.1477,14,143.397167
221.07658,6,143.400893
152.19325,2,143.40095
654.7434,15,143.404488
4870.596,52,143.410638
45.64128,5,143.4107
19.386162,12,143.416626
2626.8503,29,143.416672
302.28577,9,143.419762
4480.2573,53,143.425797
201.66232,8,143.425853
278.25714,6,143.428548
249.28523,3,143.43363
47.32681,3,143.438899
2043.2247,26,143.438953
671.3588,18,143.438969
903.7193,28,143.438976
725.63464,13,143.442285
266.85452,8,143.442354
326.00674,10,143.442372
4909.1245,44,143.447854
1342.7761,25,143.447905
94.16399,5,143.456576
1081.1863,19,143.459813
1277.301,45,143.465071
392.2932,27,143.472005
5407.618,66,143.477091
708.22314,14,143.488909
2062.7676,26,143.488968
1542.9385,31,143.492352
20.627953,11,143.492391
4186.8135,48,143.49978
1522.4963,20,143.502764
156.35571,2,143.507298
322.79306,9,143.515077
293.753,5,143.52145
811.3153,48,143.525191
104.549225,3,143.525253
3904.7678,53,143.528437
1968.3063,25,143.528476
2023.1453,35,143.528488
102.33497,19,143.531121
4181.408,30,143.541069
119.29411,2,143.541131
286.72968,4,143.54431
4675.675,52,143.544361
54.43499,5,143.549393
892.4593,18,143.552663
4078.2307,52,143.558289
2907.0046,36,143.558338
3411.6538,43,143.561682
270.96054,11,143.561722
362.2046,3,143.561732
108.26197,7,143.561738
666.2364,9,143.56697
1582.3943,31,143.567017
290.5411,4,143.572264
3380.9595,39,143.572328
18.927856,3,143.572345
54.522305,3,143.572353
1730.0713,31,143.580891
279.34375,3,143.581184
357.60623,4,143.581211
2502.621,29,143.583867
3546.5217,45,143.598424
161.57639,7,143.598476
682.4803,9,143.59849
240.81384,3,143.601256
1429.8735,17,143.610349
-705.1924,5,143.610402
2584.2156,50,143.61341
3066.8765,54,143.616042
3158.2288,31,143.619694
144.02338,2,143.619751
713.8169,22,143.619767
500.84998,11,143.619774
109.741974,5,143.623254
16.104885,6,143.623304
81.39505,2,143.626031
3440.1846,48,143.629172
500.15436,11,143.629219
164.4832,4,143.631816
-298.14447,8,143.634748
151.88403,6,143.643488
233.89935,5,143.643539
164.59142,7,143.643568
616.7312,14,143.661306
1145.6189,12,143.661348
660.6703,22,143.667375
1385.9625,19,143.667427
464.77765,6,143.67194
1100.0496,36,143.674766
183.45366,2,143.677633
133.56796,3,143.677679
3378.645,63,143.681352
-388.72693,6,143.681423
209.67386,3,143.684743
988.37134,12,143.696174
488.92584,8,143.696226
422.36514,5,143.705259
-87.023926,17,143.70531
3196.8794,46,143.710231
2053.3909,35,143.715547
317.41138,4,143.715604
595.0278,8,143.718311
137.86588,2,143.721928
-848.4308,6,143.721977
2101.3682,25,143.72199
2424.8755,62,143.724627
234.96922,4,143.730115
114.08481,5,143.730155
93.5288,4,143.73273
-812.8331,5,143.735429
1325.9204,29,143.738143
-274.14935,17,143.740952
1380.0015,29,143.740997
303.44058,4,143.743907
304.56433,6,143.747022
2252.9954,29,143.747073
170.83676,2,143.750786
704.0017,19,143.750845
1863.1705,26,143.759543
3639.5137,53,143.763061
-181.20721,4,143.769393
-110.89447,6,143.775683
4999.328,57,143.813959
458.8316,12,143.814017
3604.373,61,143.814035
-500.51794,8,143.819513
-1031.2676,7,143.826996
34.116264,6,143.832493
3562.6033,47,143.832535
1729.4221,36,143.835212
1276.7957,36,143.838332
535.58997,9,143.841428
145.5831,17,143.841467
59.81691,3,143.844707
1830.8444,31,143.844744
3990.4194,58,143.844755
106.831474,2,143.847661
51.755157,2,143.847699
1001.4888,20,143.850809
43.91559,2,143.85085
4536.5117,57,143.867904
-13.062378,12,143.879605
176.6078,2,143.879662
2165.2944,33,143.883131
2448.9397,29,143.887097
1760.0234,32,143.887175
2405.9412,29,143.897292
-634.1759,4,143.900346
305.9027,10,143.906096
369.195,3,143.911159
303.01657,7,143.917251
-129.05893,7,143.917297
466.67535,16,143.924355
183.91298,3,143.924409
-876.8398,2,143.929591
3938.6506,58,143.932858
741.8374,12,143.932898
293.35828,3,143.93291
2836.2727,49,143.940372
1192.3344,22,143.943107
3792.707,71,143.946355
58.656364,5,143.946404
195.21414,4,143.958233
4229.4023,48,143.961432
1539.8506,44,143.964362
3579.584,42,143.969819
1456.6548,26,143.974347
-165.43701,3,143.974406
-812.78845,4,143.974423
-663.6347,10,143.974433
1652.9266,21,143.97444
2164.6223,35,143.977665
1066.8617,14,143.977718
154.02136,2,143.982924
563.2572,8,143.982963
2647.3518,44,143.986452
840.1961,21,143.986503
4614.4946,36,143.986534
104.6266,2,143.98946
984.892,21,143.997082
-259.06024,10,144.002233
2541.632,34,144.005395
381.80252,7,144.005435
-272.47656,12,144.008255
2291.0327,49,144.011066
4415.612,44,144.013811
3629.1511,32,144.016809
362.0131,11,144.01685
4186.299,52,144.024784
-236.0932,13,144.024846
1500.9346,24,144.024864
5355.825,58,144.024872
431.05,5,144.030313
303.24548,8,144.033047
261.20322,3,144.043859
81.25398,3,144.046546
-606.155,7,144.049142
183.43843,8,144.057411
3520.01,33,144.060522
105.66305,4,144.060564
4478.023,59,144.079969
836.733,19,144.082865
136.146,6,144.082906
2516.7678,34,144.097636
2633.9905,35,144.105265
28.555351,14,144.105309
97.39051,3,144.108505
3466.908,37,144.108558
2594.5186,41,144.116162
412.05273,11,144.119935
5917.9604,148,144.126024
2285.708,31,144.126074
2583.5103,39,144.128718
185.78552,5,144.132576
3076.9705,33,144.14202
1341.3247,23,144.14208
1727.5104,33,144.142096
2753.7754,38,144.142104
4183.831,63,144.145504
262.64005,6,144.152684
1697.2522,47,144.152722
539.5497,15,144.152734
4013.2205,52,144.15643
735.14276,22,144.156494
128.98965,5,144.159733
2573.7588,38,144.162685
3188.1626,40,144.168083
-665.75287,4,144.168159
-474.93616,6,144.176109
434.10086,9,144.176166
-507.30548,5,144.176181
249.029,9,144.176189
298.47876,6,144.176195
1284.5183,17,144.18023
3758.3496,37,144.186071
59.831177,27,144.196487
187.21504,5,144.19943
-611.3829,9,144.199479
1068.3972,41,144.202748
354.65326,9,144.215401
3221.131,53,144.215466
194.45337,2,144.215482
1760.0782,20,144.22112
537.0106,21,144.221172
1093.6165,16,144.224479
786.5524,15,144.227341
75.81058,2,144.23212
2290.966,38,144.24004
644.5477,32,144.243792
-445.66895,12,144.243844
2520.5342,70,144.249483
2140.3167,35,144.249521
1566.02,29,144.259635
-869.7495,6,144.262865
-269.1574,15,144.262905
3830.7847,38,144.262917
160.97241,2,144.265427
4688.797,47,144.268403
-332.89124,11,144.27525
675.1221,15,144.275316
391.24634,9,144.278882
162.39497,2,144.278941
277.48825,6,144.285335
-425.726,5,144.285376
41.093018,23,144.29048
-883.6393,4,144.290538
-123.46578,7,144.290554
64.74819,2,144.296221
78.96217,3,144.305999
155.24973,4,144.306067
2426.366,27,144.313561
559.1614,10,144.317158
2615.6218,26,144.317213
2367.3452,38,144.317227
1326.7751,29,144.323917
563.2387,12,144.326763
-291.6773,17,144.329625
122.05586,2,144.329671
-5.9513664,4,144.332565
970.2469,16,144.335749
511.9656,12,144.335792
124.003815,3,144.341921
306.11334,11,144.341962
165.08409,7,144.342
56.34079,4,144.357411
-1210.5785,6,144.357465
382.7124,9,144.357481
-860.5211,3,144.360923
3274.3718,49,144.364171
4235.262,41,144.369789
320.40326,12,144.373998
3385.893,52,144.374074
1771.613,32,144.37694
111.45327,2,144.38068
2938.9824,83,144.387154
135.89613,2,144.391228
270.3994,24,144.394123
1526.0376,45,144.397601
1176.6086,12,144.401432
1251.8973,14,144.401496
493.76413,7,144.411467
3878.7234,60,144.411526
1673.4032,27,144.414846
136.96324,4,144.41489
3183.1655,43,144.418048
166.33238,2,144.423119
6.9577255,3,144.423176
847.4136,18,144.423191
4994.737,69,144.428489
-5.6384544,7,144.431855
1502.8136,19,144.431899
4676.7773,45,144.431911
-719.1228,4,144.434735
-779.652,21,144.452427
-650.04803,4,144.452485
164.34721,5,144.466504
411.5783,9,144.466583
5993.4453,73,144.46961
1923.471,27,144.473306
252.40549,7,144.481501
3571.5176,42,144.48665
87.31419,3,144.489959
3935.2852,50,144.490235
3578.5662,40,144.49354
2133.4312,38,144.493582
356.11392,3,144.498808
220.62106,14,144.501916
198.84592,3,144.513442
1669.3982,26,144.513487
427.8158,8,144.518407
814.41064,15,144.521385
2732.0366,38,144.524134
4722.811,40,144.526686
1010.4723,27,144.52925
751.1558,16,144.537956
1596.7625,24,144.541506
341.2268,7,144.541538
157.28001,2,144.54844
2503.183,43,144.587766
4792.605,53,144.587809
1295.777,20,144.587818
3633.4817,36,144.59784
237.73921,6,144.60148
65.50412,2,144.601514
-908.1623,17,144.601523
5344.643,49,144.611608
-861.7853,2,144.61165
168.05493,23,144.611661
109.94856,3,144.620423
3361.1135,47,144.624057
207.88173,5,144.628495
1541.6769,17,144.628558
364.5658,8,144.628578
115.37753,3,144.631861
4338.095,47,144.631899
328.4192,7,144.63191
5625.829,53,144.638389
-988.5321,3,144.638453
387.46024,8,144.638473
3397.5815,51,144.641788
344.84708,4,144.644916
44.887867,3,144.647523
4431.017,45,144.65657
1130.991,18,144.659799
431.25867,6,144.665647
-652.65125,9,144.665696
2037.3756,32,144.675199
306.8199,4,144.678525
958.2405,38,144.681302
2684.2576,35,144.686815
178.56894,4,144.68686
181.49911,2,144.686872
4001.1362,39,144.689587
3688.077,62,144.693157
373.47906,7,144.693412
1373.2894,21,144.698666
1084.2819,21,144.698704
783.5514,17,144.701475
315.2779,5,144.711485
-16.170595,2,144.711554
2139.637,29,144.711571
183.75465,4,144.718287
139.06375,2,144.718321
2360.881,31,144.718332
3336.764,40,144.724977
2733.2866,25,144.730656
1407.4175,28,144.73071
1366.0548,30,144.738766
331.01776,12,144.738816
1820.9637,23,144.741584
2216.3003,61,144.750708
-138.74646,14,144.765228
774.43066,18,144.768649
1535.205,24,144.775663
607.57465,10,144.775731
2658.0933,43,144.778511
3833.75,81,144.784497
848.3676,16,144.794268
102.17691,2,144.797447
1141.9739,24,144.800609
744.78345,8,144.800673
185.03024,4,144.806448
1076.8193,18,144.80649
5448.74,62,144.806502
-519.9839,8,144.827214
544.5585,18,144.827269
2432.3691,53,144.833074
3775.8813,110,144.836802
398.8847,10,144.836837
204.94904,3,144.836845
496.4691,5,144.842425
1536.2131,18,144.842475
3804.3147,31,144.845095
4406.763,43,144.850559
-792.54034,6,144.850601
2614.6,37,144.850613
720.4165,16,144.862056
4845.8184,46,144.862121
2558.2344,40,144.862137
650.4598,16,144.867256
4354.004,49,144.87043
82.76615,6,144.879473
409.39175,10,144.879525
1406.9382,55,144.87954
3493.7397,43,144.883299
164.60725,7,144.883355
3488.6821,39,144.886584
818.1652,9,144.896126
5083.2065,60,144.896194
157.95361,4,144.900467
827.1666,11,144.90051
-385.24188,11,144.900527
174.48346,17,144.906394
-42.181213,25,144.906444
104.756874,10,144.909693
4239.593,40,144.924152
1062.0375,23,144.924221
156.23672,7,144.924239
537.4735,12,144.927491
381.58267,8,144.93255
532.288,11,144.932596
1041.7567,18,144.935721
-790.3233,2,144.939131
3207.9275,37,144.942796
634.5301,12,144.942834
158.72218,4,144.945724
4957.9556,46,144.949528
-265.53415,8,144.949575
-166.09369,8,144.94959
427.38858,9,144.956357
5733.679,65,144.956408
-1073.8087,22,144.961983
2682.8022,34,144.967462
97.09368,4,144.967501
727.66345,9,144.970961
2161.439,37,144.974734
79.06441,4,144.974777
102.36833,2,144.977536
1805.897,28,144.980434
1477.288,27,144.980482
-675.4948,6,144.99146
-681.87244,6,144.991506
2747.104,43,144.999483
93.97633,3,144.999524
5217.149,49,145.003702
1958.6346,26,145.003768
316.10983,8,145.003782
2751.867,34,145.007803
465.69763,9,145.007856
255.99084,20,145.011085
179.61102,5,145.016069
82.77955,4,145.019729
59.268574,5,145.019783
37.31467,2,145.024782
1772.6736,42,145.030096
167.84476,7,145.030132
864.5211,27,145.030143
5428.0894,76,145.03576
1886.3475,47,145.042333
644.31903,13,145.042386
2515.6887,32,145.051316
2342.4614,37,145.054786
351.38174,8,145.054832
220.02715,2,145.054843
316.36865,6,145.054849
684.4541,11,145.057619
-880.1253,2,145.060708
158.42986,14,145.063888
2620.2847,40,145.067183
109.4525,3,145.067229
742.97687,18,145.067241
1511.6144,29,145.069915
4871.508,60,145.077404
137.53168,8,145.077452
305.10263,6,145.080208
1744.1682,26,145.083641
128.39362,2,145.083681
4584.5054,57,145.083694
2144.8125,46,145.089359
91.01781,3,145.08941
-909.3251,2,145.089423
1476.6198,15,145.092094
3708.78,49,145.095252
137.18236,2,145.095306
103.65478,6,145.101387
540.9192,12,145.101448
195.62086,15,145.112687
193.2897,5,145.112744
-71.02997,5,145.115716
420.4617,9,145.118422
1845.3727,26,145.121267
369.76053,4,145.124016
2538.3848,29,145.134401
922.74347,20,145.13444
1477.4489,26,145.137319
-675.6769,8,145.143497
1892.7899,43,145.143557
-657.6296,13,145.148864
3216.6714,58,145.152008
4236.5,58,145.152039
159.37668,7,145.155499
4104.5137,52,145.158539
973.5413,20,145.161284
-370.40625,8,145.166481
3.2670898,15,145.166519
2369.1243,25,145.169311
232.96729,9,145.169361
4017.6416,69,145.172351
508.79468,9,145.179799
-640.1602,5,145.182824
2146.2866,26,145.182865
4790.1235,36,145.195529
2509.6497,31,145.198379
1645.8951,30,145.201936
124.69542,6,145.205654
1010.3334,13,145.205718
2543.4385,44,145.208839
3819.9404,49,145.208879
472.78375,11,145.225259
-898.0313,5,145.225325
209.96878,3,145.232887
297.8982,3,145.232928
5279.98,63,145.235885
442.5291,21,145.235917
1152.8191,27,145.244589
501.06607,13,145.244633
607.84357,12,145.24816
-372.9448,3,145.248216
118.487144,4,145.252563
2908.9563,41,145.252596
2017.2667,27,145.252606
511.26837,13,145.252611
1215.2952,29,145.252617
247.95505,4,145.255766
1112.0734,26,145.259043
2477.1702,36,145.259088
-871.86273,3,145.26202
4807.079,64,145.264786
-119.4507,5,145.268035
174.74284,2,145.268061
291.891,4,145.27192
76.297134,3,145.275386
3372.4314,51,145.280664
234.00212,4,145.280703
2833.6074,66,145.283571
152.7897,6,145.286566
291.80887,10,145.286617
237.34106,3,145.289955
-474.92435,13,145.290018
549.44525,14,145.293827
3061.6787,44,145.305697
1413.7618,27,145.313464
3956.1392,38,145.313527
917.0265,13,145.31354
-870.53546,7,145.323222
146.21437,2,145.33155
158.81355,4,145.353038
1144.5262,20,145.359324
221.87839,13,145.35939
-69.58481,9,145.359405
786.0498,9,145.364973
489.71884,11,145.383141
4313.089,36,145.383226
296.13956,3,145.383253
434.78046,7,145.383263
184.16281,3,145.389183
71.953316,2,145.389251
229.89618,3,145.389275
6.107544,23,145.389287
54.585556,2,145.396047
234.89156,3,145.396103
2137.9512,45,145.434408
128.72943,2,145.444957
4335.972,45,145.445029
-616.9064,7,145.445048
2626.1494,32,145.445055
1207.6124,24,145.448869
1413.4783,18,145.448924
1214.7565,13,145.459234
999.57806,17,145.46196
-1516.085,3,145.467064
25.869728,2,145.467119
4406.716,40,145.478634
4701.047,73,145.478679
2041.2297,39,145.481324
59.42803,4,145.484235
-867.5618,2,145.484281
1359.2501,19,145.488179
-902.9983,6,145.495747
6085.003,68,145.501481
323.0647,19,145.507569
1556.7112,38,145.50761
1714.1852,24,145.510371
396.79623,10,145.513534
2864.5903,52,145.513572
1894.2969,38,145.519611
3002.2278,30,145.52368
2546.9749,40,145.52373
166.28735,5,145.523744
1942.3304,31,145.526415
-466.8639,9,145.529036
-48.708252,27,145.534834
2737.672,33,145.539737
2541.135,42,145.539786
3608.1995,35,145.5398
3071.221,29,145.53984
1371.8711,19,145.543278
-868.75934,2,145.54954
824.19965,8,145.554543
167.28772,3,145.554597
312.08636,8,145.557556
2151.7068,35,145.563042
662.29407,13,145.565939
2821.1406,27,145.569686
6169.3086,44,145.569736
397.95963,4,145.56975
678.971,11,145.569757
455.60538,9,145.582338
532.52356,27,145.58577
4079.0474,41,145.585793
836.1752,14,145.601724
2372.6106,36,145.601785
229.05554,8,145.601798
1130.1952,22,145.601804
156.56818,9,145.615244
79.92703,3,145.615354
244.7156,4,145.618958
-235.5456,15,145.622149
392.2863,11,145.626051
1506.9554,29,145.629987
1299.8848,21,145.630044
2473.7273,49,145.630059
170.70786,2,145.636399
841.31116,32,145.636441
145.07065,3,145.648143
1083.742,30,145.648198
927.223,10,145.65202
317.48425,9,145.652061
1783.0446,19,145.660156
524.4661,8,145.663522
196.43692,5,145.669474
1071.0115,20,145.680953
1685.0603,31,145.681021
1732.5598,33,145.684344
115.17266,2,145.688684
851.7009,16,145.68875
1888.7356,34,145.695157
3070.7207,28,145.69522
1163.0518,21,145.698042
4195.3823,46,145.70147
944.95856,17,145.714252
890.0542,14,145.714327
421.47705,6,145.730619
218.0505,10,145.735751
35.48413,3,145.750637
1306.9514,32,145.754078
349.3806,3,145.76116
2674.797,35,145.764452
789.7979,10,145.764507
172.34837,2,145.768968
325.979,7,145.7693
4246.907,37,145.780767
442.4486,5,145.781178
4931.9834,57,145.785744
586.1735,14,145.785795
1198.8412,19,145.795275
1070.4744,16,145.795337
153.96797,4,145.800203
26.832405,3,145.800268
3009.7258,34,145.800284
3212.6292,72,145.803295
1442.2979,19,145.803343
309.37595,7,145.810143
3005.7388,50,145.815762
40.812336,2,145.831234
825.7834,28,145.831293
2308.277,43,145.838502
509.38498,13,145.838586
3665.5625,48,145.838604
836.6957,9,145.849098
-909.29126,3,145.849172
349.2171,10,145.853467
-883.62103,4,145.869071
743.5493,17,145.87738
2879.264,40,145.886388
3013.1235,44,145.893687
1583.4598,21,145.893734
5052.3135,46,145.897274
120.41582,2,145.897336
1598.4214,24,145.920852
376.64832,13,145.92758
4582.023,47,145.927621
2216.016,54,145.930881
2401.1086,28,145.936784
1012.48285,22,145.936835
2338.6516,32,145.944569
247.43146,4,145.944637
2065.0693,31,145.944651
5338.109,48,145.958413
107.11034,2,145.958475
3.3953133,5,145.963953
2604.8965,38,145.966631
953.10095,20,145.969975
310.8998,7,145.976777
-838.67993,3,145.98385
125.533775,8,145.997413
3252.7773,33,145.997471
3329.3035,39,146.012015
4058.6453,73,146.012084
772.5929,29,146.017466
3164.8418,40,146.020348
2310.6838,40,146.023496
1445.77,17,146.026293
4884.2915,52,146.029596
4815.956,45,146.035377
1979.3485,26,146.035427
84.58244,5,146.063264
-1845.3196,10,146.063551
201.34409,4,146.063589
812.21423,13,146.067326
150.86528,3,146.067389
5025.0127,58,146.067404
1007.6619,19,146.070182
2313.2844,40,146.080352
1234.1334,30,146.080413
2877.079,43,146.086538
237.19997,6,146.094238
237.20065,12,146.111036
670.61743,10,146.114452
2824.2983,66,146.117694
-230.25494,20,146.120692
1925.4326,33,146.123748
4136.796,45,146.126449
1207.1334,19,146.146574
1931.8591,32,146.146631
1056.3732,18,146.149984
358.62604,7,146.153458
1701.5686,34,146.16633
165.53363,5,146.170186
250.47343,4,146.170237
3959.8584,68,146.174358
244.56575,20,146.174422
3146.6392,51,146.178307
1368.919,22,146.178366
3942.8408,49,146.178382
256.28253,8,146.181832
194.97665,3,146.181887
1701.9933,35,146.185342
117.14811,4,146.185392
1596.0477,45,146.194551
-780.88745,5,146.19794
4773.8037,57,146.202303
173.92033,4,146.202386
958.36,32,146.202404
105.84277,3,146.202414
-86.357605,3,146.209579
112.41696,5,146.213534
3275.88,33,146.213586
203.90079,2,146.216915
-87.30065,4,146.220289
-739.7162,6,146.226412
-65.43344,7,146.229525
622.27374,13,146.23582
562.4599,6,146.23586
4388.377,39,146.235872
5113.716,53,146.252599
-916.39636,4,146.252654
123.949,5,146.255978
1712.6805,34,146.259107
2035.5458,36,146.259155
-268.72296,14,146.262251
2978.3445,36,146.26814
3087.1611,47,146.268188
225.96983,4,146.274067
-847.8881,2,146.274138
75.46327,5,146.274161
1478.7788,25,146.274173
152.06384,31,146.27688
986.3515,16,146.280875
956.8515,18,146.280922
4117.9834,55,146.283904
803.5063,34,146.291848
1062.243,16,146.300732
4768.867,49,146.300787
467.28116,8,146.303523
995.76355,12,146.313113
565.7826,11,146.313172
70.93407,3,146.323316
2554.2363,40,146.323395
-135.88593,17,146.328823
-170.48106,11,146.328871
3561.9138,36,146.331744
4188.217,38,146.331783
1985.9719,31,146.336464
2277.5784,63,146.339178
-657.66064,5,146.342205
3610.3616,48,146.342253
1695.506,30,146.3452
1924.7291,29,146.345244
94.3593,3,146.352537
267.88538,4,146.352566
941.3579,18,146.363203
3228.3179,34,146.368786
1080.254,29,146.368827
4109.717,43,146.372395
6555.5063,51,146.372445
1162.4023,22,146.380859
540.4644,11,146.390038
278.05487,3,146.390105
1396.7246,23,146.390123
3424.9268,31,146.393508
559.3421,14,146.393551
122.40684,3,146.399758
635.65875,15,146.399818
3649.6335,36,146.399834
-890.81555,2,146.399842
-161.84111,4,146.402783
627.4501,9,146.405924
-932.6576,3,146.409364
-209.41205,7,146.412606
675.2932,25,146.412867
-723.2268,6,146.417953
327.4226,7,146.421321
267.93286,3,146.427265
1985.7756,72,146.432457
2164.6719,30,146.435547
709.9937,13,146.439883
460.1529,6,146.445417
283.76227,4,146.445466
431.61502,10,146.451093
-864.1139,4,146.451149
4402.1196,52,146.45411
1655.6724,31,146.454149
1091.6176,29,146.456936
993.4588,18,146.459657
1230.9985,59,146.462635
2390.872,29,146.46531
2312.6243,29,146.470445
3502.2693,34,146.473389
1083.111,17,146.483402
-479.45532,28,146.489269
2158.9788,52,146.489311
364.97455,12,146.494578
4421.719,57,146.494616
1526.7196,40,146.497743
5697.812,56,146.522816
4436.805,58,146.525764
3873.863,39,146.52904
198.57416,7,146.529101
102.95622,2,146.532128
277.3133,3,146.537366
20.860985,3,146.537395
3966.2534,47,146.5423
1828.5806,29,146.545
3413.3613,43,146.548241
1157.0311,18,146.548288
424.28513,9,146.548302
1401.1854,44,146.550799
-193.79572,3,146.565813
423.92737,6,146.56849
5676.2515,35,146.571272
1202.4752,23,146.57404
669.91815,8,146.577509
3440.5474,43,146.58521
488.0517,11,146.585257
4325.2153,41,146.58829
148.32162,6,146.588339
3247.3086,29,146.59121
212.58722,4,146.597227
1606.8678,37,146.597286
3806.2356,40,146.597301
2526.6409,47,146.597308
1745.7798,46,146.599959
372.43466,4,146.602968
2454.1882,31,146.603014
113.58162,3,146.610079
-33.379395,20,146.610138
2948.3845,42,146.613523
4178.73,76,146.613563
111.58417,3,146.613574
3836.4985,50,146.621559
86.33117,4,146.624882
77.30777,4,146.62492
241.10411,6,146.627743
4807.9834,51,146.62778
770.69696,21,146.630321
-597.6605,4,146.635043
281.3943,12,146.641217
2942.1716,34,146.644126
902.5533,17,146.649393
3925.3208,38,146.649443
1859.3271,28,146.652027
181.30046,2,146.660709
2906.371,28,146.663748
1572.4191,24,146.666843
175.72958,7,146.66688
4611.2114,40,146.666891
1286.8962,27,146.675838
870.55554,17,146.675883
-829.62524,4,146.678677
969.24536,24,146.681502
3462.954,43,146.687195
3279.554,36,146.696069
67.90415,3,146.696124
1203.2,22,146.701455
881.6378,14,146.704254
1293.568,25,146.727712
-217.05237,20,146.733097
-109.220215,15,146.733199
154.9739,11,146.736973
1325.3433,40,146.737039
2886.2927,45,146.747356
2076.1829,33,146.750457
2580.4243,35,146.753242
741.4609,13,146.760124
14.146976,3,146.763902
2023.494,31,146.76705
2429.289,42,146.767078
2122.6287,26,146.769663
182.33781,4,146.798533
4504.223,51,146.802506
5446.6523,79,146.80254
1974.1173,39,146.824602
3057.575,46,146.824664
1015.7252,29,146.828068
2288.4087,26,146.831188
532.93994,19,146.836446
4846.763,58,146.849174
1891.3665,26,146.854254
843.7955,15,146.869994
2945.611,30,146.878238
4335.445,41,146.881314
3328.34,50,146.881367
2290.839,25,146.884432
297.04425,15,146.884475
4310.5337,48,146.899486
3239.943,34,146.902716
2624.5254,28,146.902763
-917.78754,5,146.921394
112.231064,4,146.927464
1401.4498,14,146.927511
2277.1226,26,146.927525
1679.7037,52,146.927532
2434.5674,29,146.932938
2243.8555,39,146.932994
4572.9653,40,146.935797
571.339,15,146.948474
-781.3378,4,146.948525
133.0577,5,146.951249
3475.901,40,146.954096
4785.15,63,146.957803
-220.84668,9,146.95785
-75.25792,13,146.957864
1618.3372,37,146.957871
1421.0862,15,146.961091
3975.0027,41,146.961138
2010.9642,25,146.961151
96.96986,2,146.964371
-219.90541,9,146.96441
97.83045,3,146.967522
548.49225,17,146.970322
1132.1934,20,146.979045
-471.2151,4,146.982138
436.8861,6,146.982188
357.5321,6,146.984878
230.12384,6,146.997657
261.96985,5,147.000263
431.2422,9,147.003553
2529.4243,39,147.003593
3615.5708,38,147.003609
3431.2654,40,147.003615
1012.13763,12,147.010318
2698.6365,38,147.015435
2178.5972,32,147.036536
1815.9276,26,147.046233
64.05719,10,147.05106
1303.8812,17,147.051139
-46.426052,8,147.055184
832.72156,21,147.055252
204.9903,4,147.067741
107.92961,3,147.070689
153.79913,2,147.079371
190.43019,16,147.085225
166.50684,2,147.085274
800.7453,16,147.085287
3945.993,38,147.096593
1583.6276,32,147.099544
261.12418,4,147.099582
2097.896,38,147.103
2278.3203,37,147.111986
420.63986,23,147.115962
19.49813,7,147.116022
-470.11047,8,147.119531
2481.5042,37,147.119561
173.38997,2,147.11957
1241.7632,31,147.129375
4470.529,42,147.132034
58.860153,3,147.134704
-966.67834,2,147.146015
3497.769,43,147.146065
228.04599,5,147.187211
355.3161,6,147.187351
-1265.531,8,147.198399
3640.9602,43,147.198462
728.3239,13,147.201311
-16.576973,7,147.20952
2801.2136,52,147.212739
-326.34064,7,147.215845
-646.8803,6,147.21589
2114.425,28,147.219041
384.20532,16,147.219088
-165.5921,7,147.219107
-2.4189827,2,147.222054
585.2129,7,147.222105
155.64755,2,147.225013
585.0976,8,147.238453
4000.8403,47,147.244835
1532.419,19,147.244885
2570.6646,41,147.250682
781.4,10,147.250723
5929.3374,74,147.253652
3902.7778,53,147.265065
4829.8306,43,147.26866
-938.8023,3,147.268711
2903.6921,42,147.268725
2205.1357,60,147.275537
2746.7751,36,147.275594
311.07263,6,147.278323
1379.1086,18,147.281349
3755.6943,39,147.286528
5085.181,62,147.291593
1745.4769,24,147.291641
1313.5352,37,147.291652
285.12805,6,147.294634
3178.603,41,147.297824
3484.6714,31,147.29786
222.41914,3,147.300539
1027.5867,14,147.311104
319.46222,4,147.311186
3164.2686,42,147.311209
604.3458,8,147.318483
182.05692,2,147.325745
1632.5955,35,147.331888
863.7036,13,147.331942
1736.9868,21,147.331957
-852.2155,2,147.338333
-531.774,13,147.341495
1071.1215,24,147.347296
2443.8088,36,147.347349
4332.5425,38,147.347362
4241.428,65,147.350359
103.6553,6,147.3504
1713.4275,26,147.353205
131.24323,3,147.360722
392.9577,5,147.360787
1445.2267,34,147.360802
1892.8069,25,147.365125
3428.1309,33,147.365182
664.738,11,147.365196
169.67427,2,147.36863
1361.8802,28,147.372303
-207.8587,5,147.375765
-6.796936,3,147.375808
127.92587,2,147.378645
3405.5796,51,147.399465
1842.7234,44,147.403868
-173.54388,12,147.403936
3292.4675,31,147.403952
-429.5932,10,147.403961
1392.4384,15,147.407602
1919.6208,28,147.411361
174.5726,2,147.411431
2298.0168,32,147.415922
157.91656,3,147.41599
168.72923,3,147.416003
2864.1868,38,147.416008
138.31053,2,147.416013
-13.089355,36,147.41923
244.69833,3,147.427044
4453.8667,46,147.430254
197.46437,20,147.433632
181.50392,2,147.4375
90.012764,6,147.437552
1333.6069,23,147.447007
1566.3159,28,147.463581
3951.02,41,147.466813
2815.6868,44,147.476281
243.28003,7,147.48552
-149.5137,5,147.491615
102.223206,2,147.497693
2465.2058,41,147.501868
1738.4117,23,147.501923
1134.0034,23,147.50195
-317.79718,18,147.51033
2467.692,36,147.517501
4441.477,50,147.52069
2402.897,26,147.520723
4052.7493,46,147.524101
196.29053,2,147.524165
914.1935,29,147.5278
2083.954,33,147.527841
3556.4502,34,147.537955
303.13992,6,147.538009
1625.0566,35,147.541298
4460.1714,45,147.541351
125.6918,2,147.544359
284.18643,8,147.544407
359.429,12,147.547075
898.6518,10,147.552526
3478.642,49,147.552572
-11.992531,4,147.552585
105.65038,5,147.562129
822.1304,11,147.562181
1263.5089,34,147.569643
319.439,6,147.57824
581.4234,7,147.581149
2078.0017,38,147.584717
4997.1914,46,147.584774
88.32807,3,147.58867
1191.8807,26,147.588756
-932.03125,5,147.588773
3397.966,59,147.591953
176.77234,2,147.592004
123.63827,2,147.594949
3537.6538,43,147.594994
204.88162,3,147.600135
125.143036,2,147.600182
360.5131,16,147.603022
418.46655,5,147.619369
1635.3872,30,147.619451
606.94293,25,147.624488
30.906664,11,147.630653
4932.2393,49,147.636648
132.11394,3,147.6404
241.64429,5,147.640449
-225.62305,6,147.640461
4585.742,81,147.649024
171.6459,2,147.649101
166.42714,2,147.671418
3612.205,41,147.674691
1204.7103,27,147.683044
810.40955,17,147.683096
4258.2515,40,147.69083
4865.0493,46,147.690875
1113.9181,18,147.698066
2539.1455,33,147.698162
567.6378,10,147.701092
3511.5757,61,147.704538
3884.8289,37,147.704573
2118.9229,33,147.704583
2028.1008,36,147.707307
-720.4386,3,147.710103
187.99089,3,147.713052
371.9299,5,147.713097
2477.0447,34,147.717858
3512.5276,45,147.731985
4819.07,41,147.735415
2852.6577,61,147.735471
700.1325,15,147.735487
1592.0747,42,147.735493
2271.9917,37,147.738098
-832.9083,2,147.743222
1125.6355,13,147.745784
3322.0603,32,147.752836
-52.42233,5,147.755587
4636.37,49,147.758649
2873.5798,47,147.758689
102.17691,2,147.761444
3114.9663,36,147.764422
995.5748,17,147.764461
864.6195,13,147.769213
3754.9824,39,147.776128
244.55566,6,147.782462
4711.778,42,147.782528
2855.8948,27,147.782546
1866.0631,31,147.785334
2953.6948,37,147.788417
1708.314,31,147.792303
900.53265,21,147.792365
160.09654,3,147.795728
167.87567,5,147.798462
-1050.7548,8,147.801326
2818.222,32,147.804596
-183.71426,8,147.808143
250.3273,6,147.811875
341.42502,5,147.811935
386.61597,9,147.811949
122.94539,2,147.818047
2225.0613,40,147.821001
2191.2925,49,147.827111
1322.4797,22,147.82738
4410.076,46,147.827406
400.17865,9,147.830518
-202.62238,6,147.830556
102.167404,8,147.83321
-881.8639,2,147.836623
-957.43317,2,147.843693
441.8213,17,147.846975
2032.9153,57,147.847001
226.32764,8,147.849961
37.318657,6,147.85003
189.07208,19,147.860895
-881.24976,9,147.860975
-388.27332,7,147.860991
-813.6489,6,147.863607
593.74817,19,147.873302
2586.2842,36,147.879295
1171.3015,49,147.884696
4872.926,46,147.887527
1188.961,26,147.887555
4752.477,42,147.890319
50.374836,2,147.899262
4161.8047,55,147.94522
230.45538,5,147.945311
5310.339,55,147.945337
4405.6206,46,147.97097
1986.8873,31,148.007092
448.67664,10,148.007158
974.8486,19,148.012917
4677.394,47,148.012991
1378.5715,23,148.013006
3234.8325,68,148.013013
262.92477,6,148.016069
4182.8525,42,148.018976
154.28725,3,148.029974
202.91566,8,148.030033
317.03986,5,148.033756
9.307213,4,148.033835
227.86162,3,148.036905
1391.9872,35,148.040069
1994.8524,26,148.043677
5251.295,60,148.043727
1362.605,16,148.043742
2297.3293,34,148.048817
258.36038,4,148.052305
3006.4788,39,148.052347
2424.2324,28,148.05236
96.37265,4,148.06507
118.156845,5,148.069466
214.79276,2,148.069516
-884.1197,2,148.06953
311.19006,6,148.086245
75.0226,3,148.09698
453.05298,14,148.097039
352.95435,11,148.102878
994.1187,13,148.102932
100.14381,5,148.108142
37.234226,3,148.110877
835.4324,16,148.113495
2487.4153,34,148.116912
718.0136,10,148.120136
67.94417,8,148.120193
284.25864,4,148.131686
91.66571,2,148.13176
3132.8362,33,148.137462
267.01392,7,148.137507
1980.9019,50,148.143166
1401.2559,32,148.143218
3264.351,45,148.151792
601.1883,8,148.155069
1146.7695,21,148.163188
246.11937,10,148.163276
1648.2128,21,148.163298
186.54399,11,148.163308
3578.3286,37,148.163316
190.34636,14,148.167162
229.46436,4,148.167222
108.59944,2,148.170878
3756.196,59,148.170945
207.02219,2,148.170963
139.0866,2,148.175086
164.2634,3,148.175149
2043.0648,38,148.180189
634.3188,12,148.180238
177.82686,6,148.180254
107.95085,2,148.180263
127.357315,3,148.18027
1820.6859,23,148.180278
29.95919,3,148.183573
119.81882,2,148.186875
581.1072,13,148.190645
-41.36698,3,148.190708
354.15878,8,148.200908
1367.4125,28,148.200953
2154.356,37,148.207179
211.37944,9,148.210459
863.86304,12,148.210507
182.49886,2,148.213237
1628.7443,39,148.215838
869.8374,13,148.218682
4593.489,49,148.218728
479.01596,18,148.221428
4926.12,52,148.224386
4708.9614,50,148.227231
3432.3132,52,148.234432
-272.40576,10,148.237305
123.04376,7,148.241755
2538.384,25,148.241806
5641.106,79,148.247393
187.52916,3,148.247434
3688.9102,35,148.252683
462.75806,13,148.252721
1172.5012,23,148.256207
3534.7686,41,148.256271
1244.1544,23,148.256286
-870.4617,3,148.264853
178.48488,4,148.264897
2234.1687,30,148.268095
82.471954,8,148.272609
95.689125,2,148.272672
191.81596,3,148.279228
2946.8438,46,148.282163
212.2178,3,148.282208
2588.5188,37,148.28995
309.7569,10,148.295103
2443.4028,32,148.295149
952.601,18,148.304528
-629.2524,11,148.307579
538.78516,22,148.310247
1579.5309,31,148.313617
4048.6016,36,148.313662
2245.6511,33,148.313676
1869.2933,35,148.313683
2537.437,34,148.316237
2311.0945,48,148.319391
103.96606,14,148.319459
232.89136,43,148.339346
267.3982,5,148.343574
3409.8276,32,148.349735
1903.7819,55,148.352494
-598.0462,9,148.355501
1623.6387,21,148.355539
2632.9805,54,148.358598
94.15709,2,148.358638
-822.52435,2,148.361215
216.50197,6,148.366504
184.94403,2,148.366543
5060.05,42,148.371668
4804.336,40,148.371712
156.56201,5,148.380805
787.7627,14,148.382326
1450.1737,21,148.382375
1015.3612,39,148.388877
1766.5505,26,148.388978
1118.7004,23,148.398826
195.5581,6,148.399146
591.88184,16,148.399165
3930.506,51,148.399171
-944.23615,8,148.399176
-1334.894,42,148.402148
398.88556,39,148.408406
12.133396,3,148.408473
2223.3633,35,148.41523
-1142.8792,4,148.415275
921.0439,16,148.415288
836.7912,19,148.424869
382.76318,12,148.428451
1648.5808,30,148.428513
-1102.8579,5,148.431307
-267.8203,8,148.450329
113.38011,8,148.450386
345.77423,5,148.453521
368.40894,11,148.45357
2753.9255,41,148.470715
1385.3777,31,148.470756
4396.0415,39,148.473934
2567.217,41,148.476649
4412.1274,51,148.48173
1865.0264,25,148.481776
-746.24634,10,148.484848
223.19705,14,148.484887
4599.4795,46,148.488264
900.72327,44,148.488338
245.8117,12,148.49169
2279.402,28,148.497371
2390.4739,31,148.497411
-289.34296,15,148.497422
380.9694,5,148.502409
486.32428,10,148.50618
191.03156,2,148.511471
2892.7446,37,148.516633
2695.5322,35,148.516671
1511.59,23,148.519818
405.93225,11,148.519866
910.91974,13,148.533017
259.2788,13,148.533071
3371.342,35,148.53593
489.593,9,148.539535
2837.6501,40,148.54334
1042.1335,12,148.543389
1627.5577,31,148.543403
253.14232,5,148.543411
4649.9517,45,148.549581
148.29623,2,148.549621
95.51443,6,148.553102
386.29794,6,148.557792
206.20596,4,148.566747
1530.8608,23,148.571576
601.55035,14,148.58473
972.7735,27,148.588846
4116.1646,55,148.588898
3401.5603,62,148.591894
959.45337,24,148.60359
3661.9111,52,148.603646
1370.3726,27,148.60366
2308.082,37,148.603667
4105.524,40,148.603673
5071.3433,42,148.607422
1647.7158,24,148.612656
5048.819,45,148.615636
1349.633,29,148.615672
1365.2404,24,148.620739
2246.1692,24,148.620784
3754.7705,44,148.624286
1042.4825,20,148.624332
299.0065,3,148.624345
2179.0745,30,148.633564
172.13832,6,148.633629
487.1454,23,148.640443
3881.0625,45,148.64363
175.02393,5,148.648757
229.35356,3,148.648805
2728.5225,40,148.651615
811.6085,17,148.654703
4629.599,40,148.654744
2684.577,36,148.662339
1309.4716,22,148.667609
-1015.7375,5,148.66765
1003.85443,28,148.670148
2815.8257,29,148.68102
5284.901,46,148.694911
1300.3538,20,148.698742
-248.61652,31,148.698797
113.18068,5,148.701888
3533.8557,35,148.704609
1816.024,27,148.708588
422.98096,13,148.708647
1131.2937,20,148.708662
1854.6381,29,148.70867
2246.2427,25,148.711538
1831.0841,25,148.714224
-982.56415,3,148.71763
261.27704,4,148.72058
-593.14575,4,148.720623
-735.4761,4,148.725327
259.20383,7,148.725372
1635.6901,23,148.728872
485.9499,9,148.728931
555.22046,6,148.728947
14.555546,4,148.728955
2980.877,31,148.731936
110.88252,2,148.731982
1150.7643,14,148.734852
4657.0693,38,148.734891
239.48915,4,148.7381
103.31171,3,148.738173
146.32146,4,148.741618
-835.66077,2,148.741658
213.85959,3,148.746767
157.01268,2,148.746805
24.355309,3,148.780911
-566.04236,10,148.784543
5022.563,44,148.784602
-45.281372,6,148.788143
330.10968,7,148.788205
-384.6986,12,148.791234
1644.7866,24,148.79127
648.98145,11,148.796073
169.48009,4,148.798966
3302.5972,42,148.798992
559.164,14,148.801675
2189.9211,31,148.804522
2452.3765,36,148.804579
354.61697,8,148.811734
161.07683,4,148.814333
424.32782,6,148.820442
4749.4854,41,148.820503
283.10715,4,148.823778
4031.9873,59,148.826431
4943.8384,45,148.829585
2450.341,38,148.829621
1082.1323,11,148.829633
1371.9319,20,148.83601
400.78918,26,148.847219
2807.5366,37,148.850855
4269.9404,35,148.850903
3461.3833,31,148.850916
1277.633,30,148.856983
3279.3105,40,148.857038
1132.8837,18,148.859784
348.98322,5,148.866201
-200.22511,4,148.868795
2216.8235,28,148.874516
218.0914,2,148.87457
306.93253,5,148.874584
100.846596,2,148.881046
1055.24,31,148.881108
641.82684,18,148.884495
418.72137,14,148.887653
-202.13367,18,148.887705
1093.8524,24,148.896304
1240.7927,19,148.896356
2185.5847,33,148.901164
-427.54663,23,148.903802
223.18375,4,148.907357
-315.613,10,148.910913
-101.18044,3,148.920208
884.24536,18,148.920269
796.358,12,148.923993
3653.921,47,148.927295
3638.1724,40,148.930097
3294.065,35,148.935113
806.3955,18,148.9383
513.7401,17,148.938369
5172.908,50,148.942089
811.20667,13,148.945018
126.18466,5,148.945064
109.69554,2,148.960717
-1051.2804,2,148.967559
194.46648,5,148.967631
4236.77,39,148.967646
4626.297,54,148.971033
340.09665,9,148.985266
1017.786,15,148.985341
4939.9053,57,148.985358
3131.5283,43,148.988493
2468.7197,30,148.993247
3722.6975,32,148.993317
712.60486,12,148.993334
1861.8667,41,148.993341
2826.192,41,148.996246
258.15625,7,149.001774
-1510.6459,4,149.005387
398.13144,6,149.005446
216.02931,4,149.030843
-403.54443,11,149.038627
516.03937,14,149.041684
1839.686,34,149.045159
1722.5665,30,149.045207
132.28383,3,149.053724
1774.6681,21,149.053775
24.25737,6,149.063544
53.21653,9,149.063601
167.72362,19,149.063616
447.13797,32,149.063622
144.47278,5,149.067209
1583.9028,19,149.067267
-32.89612,3,149.069946
4888.6553,61,149.081509
2069.3254,46,149.081565
5147.3955,56,149.084666
636.36816,7,149.084707
2741.9287,41,149.087367
1297.3248,23,149.092841
855.9923,11,149.09604
815.73315,10,149.096087
397.24243,6,149.103135
64.76895,4,149.106546
3104.4521,57,149.106588
4293.1797,43,149.113238
3246.4863,45,149.11329
100.161316,2,149.118089
667.4603,36,149.120636
376.56982,9,149.128987
202.36954,8,149.138468
2864.5496,85,149.141981
1158.0981,13,149.142286
3922.8828,45,149.14232
2939.1274,51,149.146127
2428.347,54,149.155459
874.97595,26,149.155552
1738.7555,24,149.162028
2150.484,36,149.165215
1326.1724,24,149.165261
1355.9528,34,149.167811
3157.1052,37,149.172961
-52.4563,10,149.173128
70.294556,2,149.179078
840.33527,9,149.182308
393.60547,16,149.18813
483.42502,9,149.195002
3324.0596,39,149.198298
3072.8008,46,149.201911
1531.4026,40,149.20611
3367.8928,62,149.20961
3294.4556,53,149.209648
-161.7056,13,149.20966
1219.3224,16,149.214915
350.46823,6,149.217557
2194.394,35,149.220887
387.92822,10,149.227019
171.95398,14,149.227077
1283.2441,13,149.232466
161.06627,5,149.232511
-573.7184,10,149.235408
4721.5444,51,149.238419
2485.6436,45,149.243959
103.82721,7,149.252727
315.86108,6,149.25278
2673.8389,35,149.252796
145.43344,5,149.252801
2985.9092,63,149.252805
1122.1188,26,149.2561
4503.8315,36,149.256154
863.2156,19,149.259008
130.30753,2,149.262616
3251.449,83,149.262663
574.50543,16,149.262675
36.117485,3,149.262681
231.9746,13,149.265364
1168.2156,28,149.271134
3048.9927,49,149.271163
-66.14599,7,149.284432
1448.3143,18,149.287305
2600.1194,41,149.297599
170.84229,7,149.297644
163.23499,6,149.297656
127.68403,2,149.300406
-850.62476,12,149.303574
0.57357025,6,149.303611
-932.97845,7,149.306227
646.1458,11,149.309208
1332.4222,25,149.309253
3042.746,50,149.314556
-852.2207,4,149.314597
120.17352,2,149.319763
1921.7609,25,149.319802
763.3231,12,151.486524
3401.0923,61,151.501209
-426.39325,8,151.501281
184.76294,4,151.52283
947.3059,23,151.529589
2965.4229,41,151.532559
1954.4957,54,151.535628
1033.3134,30,151.535676
187.08951,11,151.548921
3472.3826,46,151.554249
1256.5112,32,151.56159
265.55728,5,151.561642
291.83572,3,151.561658
1324.1437,22,151.578266
-764.7157,6,151.584269
2372.6125,53,151.584337
1168.0305,12,151.584355
1123.7534,30,151.593439
2425.7075,43,151.599419
1011.22284,12,151.602139
2140.1619,33,151.605184
159.4361,2,151.605221
2611.4966,36,151.608254
4340.2163,49,151.615529
4751.041,47,151.619535
-180.84546,36,151.619586
3545.8,32,151.619602
5107.384,49,151.625726
61.484245,4,151.632415
4676.922,44,151.632465
1693.4819,38,151.632479
827.11316,16,151.632486
3160.6833,35,151.637351
188.51334,8,151.640062
5103.0435,51,151.650778
53.365906,12,151.653545
2134.6482,36,151.656589
1903.7125,25,151.656644
93.00651,3,151.661907
1536.1365,30,151.665101
2747.5908,41,151.66515
2221.968,23,151.667848
141.26619,5,151.670378
587.99536,16,151.680174
923.9007,19,151.683952
261.8379,6,151.687289
3188.3374,34,151.690989
3155.6274,37,151.691054
2506.0894,32,151.69665
106.18332,3,151.7003
4684.8115,47,151.700338
3892.008,34,151.703186
2295.7258,29,151.703231
4153.8574,50,151.711306
255.73045,9,151.717119
2950.5063,40,151.724084
2425.368,32,151.724142
154.85948,2,151.73142
2492.5781,67,151.731469
4338.023,64,151.731495
4231.226,37,151.735218
567.3013,15,151.735275
510.02057,14,151.74117
2472.9338,28,151.746631
3449.0144,40,151.751117
638.24976,8,151.751176
2927.349,31,151.75119
485.08862,15,151.751198
67.39392,23,151.757169
823.41077,11,151.765488
4894.7876,42,151.765534
-826.5526,6,151.768166
1650.8788,20,151.774035
4874.778,38,151.783555
4590.427,46,151.792178
39.681587,3,151.795103
376.9282,8,151.795151
116.98715,2,151.800279
3077.6914,46,151.806944
2907.7996,41,151.81761
2189.8804,36,151.820607
4086.1365,49,151.823696
2852.5857,39,151.830103
1269.6372,23,151.837359
345.73602,6,151.84166
1856.3363,26,151.841723
5306.6875,66,151.841745
3033.1372,30,151.844722
1514.677,33,151.847423
755.22284,13,151.851283
144.41748,2,151.851345
3022.0845,35,151.851362
422.57202,9,151.854678
386.66434,7,151.871867
1134.8297,15,151.875813
1124.3099,29,151.875856
2663.29,41,151.878586
482.87735,9,151.88525
1824.0673,48,151.888141
4140.573,44,151.892098
3317.988,54,151.892148
91.374,10,151.89216
4543.313,42,151.900819
-296.67834,8,151.904158
2658.5327,46,151.910279
3901.4673,46,151.913242
1711.6268,29,151.916934
1257.6472,21,151.916992
572.4904,8,151.917007
631.4086,17,151.917015
249.24225,6,151.919689
281.3891,3,151.922294
638.06226,19,151.931288
1786.4305,27,151.931341
2240.3054,29,151.938628
-17.83797,8,151.938677
866.75555,11,151.947487
48.802498,12,151.954643
1292.2548,31,151.957574
2876.0452,38,151.984121
3442.6729,55,151.987242
1103.8939,31,151.990687
2366.4656,61,151.990734
3779.4004,56,151.993892
109.299355,3,151.993933
3878.2354,48,151.996551
178.54364,3,151.999488
170.974,3,151.999535
3468.2224,36,152.007381
3168.1301,41,152.007438
5993.5654,71,152.010487
1986.8201,24,152.01053
2692.089,39,152.015772
371.79654,8,152.015812
1194.1378,23,152.018612
-178.58261,9,152.01865
2990.2566,38,152.024593
391.0711,10,152.024637
2653.4072,37,152.032657
2380.9016,35,152.032711
1639.4374,30,152.036477
1107.4391,20,152.044916
4327.777,41,152.048259
-446.29828,11,152.048306
1894.6211,29,152.048317
5057.4937,43,152.051236
945.71375,17,152.056772
-957.0672,8,152.056799
3885.508,58,152.056807
292.6977,4,152.067724
380.74625,7,152.070543
22.821045,28,152.077893
2020.247,23,152.080776
2224.8884,50,152.084858
217.53438,24,152.089032
1310.407,24,152.089081
150.321,5,152.103079
-704.2611,5,152.110741
4980.5786,50,152.114703
776.5792,17,152.114755
1885.5808,29,152.117514
1866.9478,22,152.120254
3596.2249,40,152.123626
120.86207,4,152.123658
2351.9485,31,152.123668
3131.1086,38,152.127214
1400.5217,29,152.127269
4015.6804,58,152.127283
-1334.3555,4,152.12729
532.25446,10,152.132782
4066.5117,41,152.137512
1394.7739,22,152.140115
226.6214,8,152.146218
5442.643,83,152.146269
18.511757,3,152.148891
3360.9487,34,152.151781
2067.6885,31,152.154418
3004.9177,49,152.171134
76.14839,2,152.176691
1264.7715,17,152.176737
437.7621,15,152.179452
1121.4792,17,152.182379
75.76469,6,152.182425
138.28134,8,152.185528
324.59372,9,152.185572
-264.42438,3,152.185584
1270.8389,19,152.18814
3112.2178,30,152.191667
-513.77594,5,152.195898
1572.5002,20,152.195947
271.78693,3,152.195961
291.43698,4,152.199008
463.2328,14,152.199055
5189.6304,50,152.20303
-688.921,5,152.203084
-214.07092,15,152.203099
-163.06825,8,152.203106
2078.902,26,152.215967
199.64984,3,152.218885
577.25726,10,152.221903
4203.4316,52,152.233134
8.490974,7,152.236001
-1146.7806,7,152.236047
4841.911,51,152.250898
4877.367,47,152.250942
-134.24352,16,152.250953
2685.1628,32,152.253632
1220.309,16,152.256625
4873.9795,47,152.256655
454.8916,10,152.259277
-229.75525,13,152.262181
3151.4802,39,152.262216
5373.9146,64,152.26482
-2071.103,6,152.267412
1.1437244,3,152.270249
340.64874,8,152.272806
3320.228,43,152.283889
208.60397,3,152.286949
576.39136,11,152.289925
2164.184,28,152.30128
2039.2112,28,152.304653
3931.8694,49,152.304711
664.3881,12,152.318632
377.75354,10,152.334639
3845.2302,40,152.341555
1555.2994,23,152.341619
-155.51416,18,152.341631
4929.71,43,152.354828
1268.7365,17,152.368669
170.51938,2,152.368717
1049.648,26,152.371309
2496.4482,41,152.374519
31.649794,2,152.374573
3328.4414,43,152.374586
1378.5985,46,152.377819
2147.9963,29,152.446833
6275.953,73,152.450126
4900.651,41,152.483432
4055.0603,36,152.486166
1917.3136,32,152.493647
1837.4286,50,152.493691
182.99239,2,152.493703
4911.4233,64,152.496832
1694.076,22,152.50222
4948.9214,53,152.502274
949.8533,19,152.510358
-298.27832,9,152.521058
1356.486,20,152.521123
1163.395,22,152.521154
369.12955,9,152.523995
191.87064,2,152.527366
2120.9783,38,152.527407
585.3116,12,152.530039
2608.1812,43,152.537515
4157.5483,43,152.537565
5392.144,56,152.540861
57.413193,4,152.540904
3790.7197,68,152.540915
3614.1606,36,152.543653
122.350494,2,152.54659
264.52716,5,152.546629
523.29626,5,152.552289
3567.3967,36,152.557387
2627.6177,39,152.557416
496.27216,8,152.560442
804.4159,21,152.560482
513.449,10,152.563118
3280.0999,57,152.567378
1930.0935,38,152.56745
513.5993,10,152.570871
155.3459,5,152.57424
634.9171,10,152.574266
530.14923,11,152.59688
130.52353,2,152.597213
2658.6138,39,152.602924
4074.1614,43,152.602983
2098.1997,29,152.615195
985.6966,12,152.618045
102.11948,8,152.62395
5344.818,55,152.627876
3372.589,50,152.627936
199.42097,5,152.631974
1424.4518,30,152.637898
1580.5116,29,152.641873
1042.416,21,152.650092
4459.955,38,152.650153
592.89636,6,152.650168
129.50043,2,152.661545
3830.5225,48,152.667873
424.0717,12,152.667915
2191.9343,29,152.667927
135.81735,6,152.667933
2149.8845,28,152.671176
-1041.2615,5,152.671342
-838.7712,3,152.671371
2075.9082,24,152.674607
177.40639,3,152.680064
306.4851,5,152.682943
1371.2874,23,152.682987
228.73846,2,152.685547
1989.4799,38,152.688404
519.0944,6,152.688449
2846.4873,48,152.691528
5136.901,46,152.701213
-102.343475,8,152.701267
1585.26,20,152.704331
1274.082,20,152.70437
291.1705,5,152.707756
-915.6864,2,152.710923
2746.7876,29,152.710954
210.52393,5,152.715977
1548.2266,38,152.718738
945.1644,17,152.722552
3302.9653,41,152.722592
-242.68913,17,152.728378
3924.311,39,152.731653
84.20373,3,152.734544
2070.4797,29,152.744536
-1010.9303,2,152.749381
1965.8107,45,152.749427
-177.34497,18,152.7527
1286.0164,24,152.755796
4285.3774,41,152.759843
225.5704,4,152.763164
945.77185,19,152.76321
254.66739,11,152.766249
649.16046,17,152.770478
183.05353,3,152.770526
-4.599121,10,152.770541
4104.083,49,152.770549
2065.4246,24,152.773343
321.21255,4,152.784864
775.2755,9,152.784955
5848.007,38,152.804664
1268.1383,21,152.807504
150.90062,6,152.810284
903.05676,14,152.81304
390.68628,12,152.821278
1243.3458,25,152.826931
1321.0331,21,152.826989
476.68475,12,152.827004
-89.27843,5,152.827011
-713.5472,4,152.838547
5115.26,46,152.849299
4695.8315,50,152.849352
3680.3972,38,152.849366
-19.139736,9,152.854484
1398.4202,15,152.857159
3515.68,38,152.862388
153.0722,4,152.86245
747.3452,23,152.866607
102.64427,2,152.866674
1380.7291,27,152.872853
260.16852,3,152.876526
859.9368,14,152.876572
2769.5713,49,152.880148
1157.0304,26,152.883346
1237.7598,23,152.883438
2387.75,33,152.886187
171.67859,2,152.889509
169.13838,5,152.889556
2908.174,41,152.889568
384.85297,9,152.903325
1228.3604,23,152.903404
2660.6497,38,152.91621
479.7075,8,152.919354
478.45355,22,152.919395
5073.114,50,152.922064
-672.80225,6,152.942024
85.912254,4,152.942067
2936.3613,56,152.961272
1085.2964,18,152.961314
-521.2657,13,152.973652
1332.3281,18,152.983649
1729.5554,23,152.988656
4750.964,45,153.000255
89.5416,4,153.011894
75.91124,3,153.020659
5368.9175,52,153.039235
509.33313,18,153.054228
4601.044,44,153.062103
716.0255,18,153.062155
848.5354,29,153.077885
4741.4927,39,153.077947
4576.304,41,153.07797
2509.7175,27,153.081761
141.66295,3,153.085078
44.6316,2,153.087898
270.02243,4,153.090652
1516.602,29,153.120685
518.3832,11,153.120748
452.9116,6,153.120764
261.2822,4,153.120774
991.3961,41,153.120781
44.937843,2,153.127361
-350.69342,4,153.133269
3213.363,37,153.133314
-1782.7705,7,153.133327
2245.7031,33,153.133334
3353.8406,41,153.136137
83.23246,3,153.136184
3794.2373,40,153.13867
-323.3101,7,153.143326
-110.914825,3,153.14337
-313.08057,3,153.146932
380.63104,4,153.146978
2070.1948,28,153.14699
93.85292,4,153.149744
-896.5974,2,153.154568
2524.3838,45,153.157258
1461.8818,20,153.169194
2761.1455,29,153.175435
2285.9094,41,153.175476
3432.051,41,153.186954
3923.09,61,153.187018
854.8887,18,153.187034
450.0086,42,153.187042
456.83536,11,153.190107
554.5525,11,153.196815
121.02151,3,153.199922
247.63936,3,153.199964
303.9588,8,153.20471
2136.685,36,153.204762
23.041443,20,153.204776
156.91797,14,153.208394
78.787415,4,153.208446
226.85104,3,153.211402
156.24246,4,153.211443
700.358,8,153.216304
544.0432,9,153.21892
4650.0073,89,153.221743
69.92757,2,153.227458
-65.657455,8,153.227509
40.925167,7,153.230126
426.66687,10,153.23263
1187.9286,18,153.236161
3032.4365,41,153.236218
319.5957,12,153.236233
50.129448,4,153.242312
987.3283,18,153.242374
2703.9902,34,153.24515
1097.7504,15,153.259655
638.22314,9,153.259711
647.3477,20,153.262337
3342.4695,38,153.264907
180.70683,10,153.268466
3359.6787,39,153.268523
2442.722,58,153.268535
2304.101,36,153.271874
4235.9834,50,153.271924
305.63644,4,153.274867
4607.685,40,153.283092
-567.1701,3,153.28315
143.7026,6,153.290077
-1017.53076,8,153.290143
-210.21594,21,153.293494
3114.108,40,153.293536
590.29785,12,153.296362
156.66203,3,153.302493
2193.3752,32,153.320008
264.67468,12,153.32006
2687.3684,41,153.322716
1025.1375,11,153.333421
9.407749,3,153.336354
1931.4949,43,153.336392
3468.2854,58,153.350184
3783.775,42,153.350251
2795.742,34,153.353418
3205.417,52,153.35347
-763.40845,4,153.356441
2824.0408,40,153.356491
2515.2344,35,153.366884
2891.3545,38,153.366941
1745.2792,26,153.370702
807.4129,16,153.370773
223.73766,2,153.370788
476.5299,8,153.37396
6348.753,44,153.385717
912.8424,16,153.388509
3120.7175,37,153.39285
-751.87524,7,153.392939
198.26001,2,153.401776
3061.1602,36,153.40183
3650.4229,57,153.401846
33.135727,4,153.412838
251.85234,4,153.416026
2801.3694,34,153.418823
3612.041,41,153.432369
275.49777,5,153.432437
-752.4617,5,153.432454
419.52026,5,153.435662
736.25085,16,153.438967
4436.4185,44,153.4488
559.1485,5,153.453972
1484.7139,27,153.468919
27.584976,6,153.472482
572.22876,27,153.47677
1995.0737,24,153.480116
193.82819,14,153.483631
494.77353,8,153.488598
2291.0405,31,153.491622
4865.7256,48,153.491679
4837.1465,47,153.49169
-306.40735,4,153.494432
295.69812,8,153.502233
4684.7046,53,153.506264
3238.3943,34,153.506293
213.50256,5,153.5063
1402.0376,36,153.512364
538.066,21,153.51598
2221.3696,35,153.516029
887.31006,39,153.516041
85.725716,3,153.516047
97.32194,9,153.518865
4125.3203,47,153.518904
-771.5378,3,153.521602
419.93918,6,153.524576
197.19073,3,153.527859
132.25195,2,153.527899
274.6577,4,153.52791
334.0468,6,153.532933
170.50703,2,153.537658
25.392532,9,153.541586
3184.3462,51,153.547207
-203.18599,12,153.549949
1342.837,22,153.558775
1870.7684,42,153.558828
777.2849,20,153.562022
395.4684,5,153.565164
949.9403,10,153.570545
4852.1816,58,153.57332
4107.1685,46,153.579366
1529.2051,21,153.57943
-375.88968,7,153.583196
118.507095,4,153.583248
5052.134,46,153.586451
-195.0721,4,153.594977
4322.903,43,153.598992
4209.361,37,153.599055
3477.597,47,153.59907
-204.00653,5,153.602019
3863.0156,42,153.602063
4343.347,62,153.607071
2475.4138,28,153.607096
58.491135,3,153.610445
14.550929,5,153.614648
1117.904,23,153.617713
397.1037,6,153.617753
213.73178,9,153.622609
2838.6345,45,153.626186
-406.01263,15,153.62624
4361.6553,61,153.631779
-971.09705,6,153.631823
983.0558,18,153.634493
4180.6826,37,153.637461
142.55501,2,153.637506
676.2793,19,153.640732
591.2264,10,153.640791
1624.6178,26,153.651434
2401.582,42,153.660605
49.479706,12,153.660661
152.88412,13,153.663484
200.89352,6,153.666432
694.5067,19,153.66647
3853.1184,63,153.668975
31.869003,9,153.672459
-620.3318,9,153.686391
2.6906128,3,153.689198
4874.176,50,153.697937
897.4655,17,153.697998
285.91193,9,153.703502
659.3535,8,153.703541
3552.8882,42,153.70654
3424.2942,37,153.706585
-106.35245,5,153.706598
5141.9956,51,153.71309
1148.918,15,153.719052
365.88452,7,153.731223
5293.5996,48,153.731286
242.23665,9,153.739225
252.32365,9,153.739275
2419.8286,31,153.750754
1721.8407,40,153.750798
644.7339,14,153.750823
5084.359,74,153.758182
-711.3104,5,153.758234
424.03177,11,153.761089
3552.4133,43,153.766292
3958.145,40,153.771191
466.71008,9,153.773768
2437.9182,39,153.77692
219.73459,6,153.776958
3969.9004,38,153.780489
1559.3397,25,153.780545
631.83923,21,153.783677
1350.7556,27,153.783725
215.28464,5,153.789624
701.51483,14,153.789681
-1141.7327,4,153.789702
341.75473,4,153.802344
-349.8695,11,153.805365
33.65649,7,153.811852
233.05154,9,153.811899
5339.6216,57,153.814883
3747.0217,40,153.818248
285.95383,10,153.818286
775.5849,18,153.818297
177.28255,4,153.824248
3496.7144,51,153.824318
326.80524,4,153.83191
569.15295,8,153.831986
1555.7351,30,153.832001
11.906494,24,153.844381
2719.7585,27,153.844436
4843.291,47,153.84445
545.876,9,153.84969
4653.0024,52,153.852359
2774.0706,42,153.854928
163.11913,3,153.863171
5386.1323,61,153.865984
390.50397,5,153.86603
-436.60077,7,153.86864
4708.0576,50,153.874095
1864.1559,27,153.874166
837.56036,14,153.877533
5060.2354,45,153.880201
-104.5249,16,153.88306
47.55633,3,153.883104
165.22044,2,153.888101
-338.951,4,153.888145
1933.254,31,153.893762
5147.2437,48,153.896442
210.91718,2,153.898993
708.57135,10,153.902291
4397.323,40,153.902328
-910.1429,5,153.90234
1412.1444,25,153.902345
-880.9058,2,153.905284
1766.5662,23,153.908653
3291.8472,40,153.918934
-67.04069,9,153.922334
1823.2375,21,153.926028
1863.7233,40,153.926073
1284.8041,31,153.926084
1624.1152,23,153.928962
187.65405,3,153.933952
4528.6074,46,153.936908
2123.5054,40,153.940951
-766.53406,5,153.94102
2881.1228,42,153.941036
2490.7131,39,153.951784
73.88948,2,153.954702
3527.8298,43,153.957562
3434.9019,37,153.957588
1946.7212,31,153.963123
670.791,13,153.965845
617.9808,9,153.969003
1183.7488,20,153.96905
-620.9291,7,153.969063
117.08442,2,153.973976
320.208,8,153.976622
-243.39789,8,153.998761
3316.4177,31,154.002177
4355.9316,56,154.021948
4588.793,41,154.039445
2437.2102,40,154.039488
1443.2074,50,154.047581
4458.859,36,154.047652
5361.9634,53,154.053378
2915.5388,27,154.053421
1323.5322,29,154.053432
1279.986,23,154.055969
-757.20056,4,154.115263
3268.026,39,154.115565
3939.919,52,154.115605
1193.0741,18,154.118494
62.910927,6,154.123077
-768.34235,4,154.123174
3243.3481,50,154.127439
5590.8784,63,154.131231
-20.80381,16,154.131289
73.26844,4,154.131301
2625.367,38,154.134278
3574.0815,52,154.134328
123.792915,5,154.15074
-313.1121,6,154.157907
3241.8054,42,154.161212
1141.1354,12,154.163871
481.34338,5,154.167085
114.44983,3,154.16713
3118.6528,41,154.167142
3654.5764,49,154.170826
1060.1882,16,154.170876
792.12915,10,154.170891
114.67297,3,154.184123
599.0669,21,154.184182
260.38123,22,154.186889
703.76526,15,154.196512
14.543266,2,154.202044
4596.0146,49,154.205443
167.21126,3,154.211499
1730.4775,24,154.217409
3861.0137,64,154.217471
4558.7163,54,154.220024
362.04193,6,154.222619
733.91174,16,154.225356
748.86456,14,154.228182
1249.9536,17,154.230999
2023.5555,27,154.233893
-629.3232,8,154.233939
201.78569,7,154.236548
973.0637,23,154.239111
-594.2731,5,154.2418
2380.6572,31,154.244603
270.83704,11,154.254147
3196.6936,39,154.254213
3271.6724,39,154.261181
2597.5076,40,154.261255
345.83942,8,154.264818
115.85377,3,154.264879
2189.6191,28,154.264893
124.36453,3,154.270537
2929.8884,29,154.273343
890.9935,20,154.278556
-76.45772,7,154.278672
179.94214,5,154.28287
281.7375,5,154.28292
495.75385,18,154.282943
3706.944,49,154.28297
4012.0422,36,154.286594
2571.8677,35,154.286646
3159.2148,50,154.289824
1707.7839,33,154.293049
143.30807,4,154.293103
1405.3204,37,154.295882
111.05152,2,154.298817
5386.722,86,154.298854
133.81226,2,154.304107
-740.87695,8,154.304151
218.8414,3,154.304163
354.16406,7,154.306648
1207.0719,14,154.317137
170.20639,6,154.317414
1946.5405,23,154.317452
-897.15063,5,154.320584
5814.698,74,154.323522
-118.59527,4,154.335865
1539.0105,16,154.335908
1921.1957,29,154.335919
-769.9432,4,154.338661
208.11314,2,154.341665
30.492218,7,154.341694
2555.366,28,154.34688
240.74911,3,154.349797
212.28055,5,154.349836
544.4636,6,154.362726
2110.6885,30,154.366489
3847.0867,39,154.366554
1796.9851,25,154.383456
1078.7894,14,154.383521
2442.7324,28,154.387398
2100.1694,44,154.391862
840.73004,22,154.391943
1437.3503,21,154.395818
1268.4126,20,154.399194
828.84924,25,154.403853
-384.86295,5,154.40391
1780.7316,34,154.403924
3578.7305,45,154.406994
328.36536,3,154.412024
4319.32,34,154.412099
97.60541,9,154.42472
4537.959,58,154.424777
274.47296,4,154.424792
378.8936,14,154.4248
1878.6182,30,154.427868
9.934204,14,154.437696
3189.7173,43,154.437746
1620.4011,26,154.44109
116.40303,3,154.450449
3787.0469,35,154.457664
3249.0293,51,154.460325
1613.6646,20,154.465871
-690.23303,3,154.469539
286.9431,4,154.469589
2391.59,27,154.472784
1922.1029,24,154.477065
2547.0188,44,154.484206
266.8893,3,154.487022
138.95079,2,154.489756
412.83017,4,154.498066
1393.9641,26,154.501477
1979.9911,27,154.504673
164.73863,2,154.507853
1064.5687,12,154.519172
1025.3496,14,154.519224
1348.8616,29,154.522745
1226.2268,25,154.522785
1083.788,26,154.526965
2022.8555,35,154.527038
4297.005,68,154.527055
4952.612,51,154.527065
4059.4897,62,154.527072
22.874723,2,154.532949
3640.025,39,154.533007
21.185745,3,154.535839
4813.4556,45,154.535887
67.60453,10,154.538826
111.102135,4,154.538867
2410.9539,36,154.543045
189.69205,8,154.543117
749.0203,21,154.546773
2172.7166,30,154.55254
377.2535,10,154.555721
-900.38135,7,154.55576
460.1673,10,154.559813
2672.8066,58,154.568013
547.42175,10,154.568064
2827.7493,60,154.571676
341.67358,4,154.571726
2545.318,29,154.571741
3096.6475,26,154.582478
3166.068,55,154.585748
1024.2302,19,154.59697
-26.286572,9,154.599639
284.3125,26,154.602632
104.94885,2,154.602671
105.164,2,154.608523
941.04004,20,154.608565
951.61456,15,154.614307
4690.103,67,154.614357
4633.9194,60,154.617614
1169.3147,21,154.617652
1499.5348,26,154.624783
1296.6646,26,154.624823
-615.9961,5,154.624833
1141.605,31,154.631598
-991.52167,2,154.631647
429.00232,16,154.634442
711.4796,7,154.637556
284.92026,5,154.640132
2702.4482,40,154.654382
1878.7762,38,154.670411
2853.0745,30,154.673496
570.147,29,154.673537
1191.3933,15,154.676132
4730.4766,47,154.679111
2216.777,37,154.682344
1006.05347,23,154.684974
2280.9397,39,154.687601
282.4697,5,154.692961
4830.5977,50,154.693011
-248.42715,6,154.693023
5160.371,48,154.698949
2481.9238,38,154.699015
2815.099,30,154.702803
517.87177,17,154.702848
-931.22156,2,154.706406
112.756096,6,154.706458
289.84717,3,154.709838
473.1247,10,154.716626
-781.41583,7,154.716667
333.69373,4,154.719703
2510.7048,62,154.719761
34.197784,10,154.725147
-621.8862,19,154.728169
348.80966,20,154.734259
247.08046,3,154.742896
4022.69,36,154.746014
2441.188,38,154.746064
1103.3754,25,154.749319
4440.2305,44,154.761047
1686.6823,27,154.764487
4027.9456,41,154.76779
4457.63,43,154.781547
2976.0015,39,154.784469
4644.063,44,154.78749
6135.2295,46,154.787534
1340.5233,22,154.79018
-827.2301,3,154.802927
1578.1765,31,154.821146
5432.621,60,154.83455
3626.4412,38,154.840101
1685.2898,20,154.840149
259.2382,4,154.840161
710.62634,17,154.846367
5456.9,74,154.848938
3167.4216,42,154.860157
1258.463,30,154.862921
652.95166,11,154.872022
4623.0527,46,154.875422
2084.438,33,154.875451
259.0406,4,154.875458
4042.6492,42,154.880574
263.26807,3,154.883207
129.38742,2,154.886238
1231.2119,24,154.888872
217.54599,6,154.891391
381.9848,5,154.896248
90.45379,5,154.89903
5072.188,52,154.899073
3616.3994,55,154.902835
2460.005,43,154.902892
3452.5178,31,154.906835
3178.9868,54,154.906887
2989.7783,39,154.906903
2688.85,54,154.910355
4408.7974,52,154.913394
-655.4917,4,154.917798
3886.0032,41,154.921578
114.32309,5,154.921628
294.30072,9,154.921642
-639.53644,8,154.924786
1300.1104,25,154.924844
-651.811,4,154.933864
2946.1018,44,154.944973
935.9386,15,154.958384
270.39545,10,154.969465
3284.097,37,154.96952
3487.7505,31,154.972332
2870.85,40,154.987591
1335.4742,17,154.998132
4652.879,52,154.998196
-815.97876,5,154.998211
-242.97028,3,154.998219
-165.66069,21,155.00156
998.97864,16,155.001613
189.58035,2,155.004366
3232.6526,36,155.009456
1156.896,36,155.012588
593.99725,13,155.015352
3426.702,52,155.018584
2415.6013,61,155.018623
1593.3477,25,155.023765
661.4577,9,155.029004
1573.2214,36,155.029079
302.88995,5,155.029096
31.159245,6,155.035004
892.6704,14,155.040879
159.8555,7,155.040934
-18.708286,4,155.040949
349.64233,14,155.040957
20.392761,5,155.044329
-26.628769,2,155.04702
2897.0771,36,155.049825
142.15982,5,155.049861
1561.0616,30,155.052436
3689.0088,40,155.057395
2824.7039,27,155.068554
3908.9292,41,155.068605
3017.541,43,155.06862
134.3316,5,155.071587
3555.5598,43,155.080551
148.2755,4,155.080607
908.62354,21,155.088398
595.1975,11,155.090972
-676.76245,8,155.100601
-59.11125,4,155.100654
2951.7085,40,155.103221
5266.0996,51,155.107927
102.11654,4,155.111247
3390.2605,78,155.111294
361.81503,5,155.113936
2349.3638,38,155.116992
186.20872,2,155.11704
509.99646,5,155.117053
-369.8444,20,155.122031
1243.5706,24,155.122076
-933.8987,3,155.124575
255.10071,4,155.133842
2545.553,29,155.133901
267.32388,5,155.133917
78.38189,3,155.157637
2663.058,38,155.170344
-716.8189,7,155.200414
129.63795,3,155.200491
1056.4116,49,155.203834
3895.9717,52,155.206842
2084.0513,38,155.215611
233.54681,18,155.235722
3694.4773,46,155.241495
228.14441,2,155.247833
-814.3933,6,155.247883
1472.017,16,155.251006
4859.9326,45,155.251054
4941.6147,68,155.253987
4543.317,56,155.254033
139.834,2,155.256992
4907.4014,47,155.257097
5121.002,46,155.269802
1184.8232,20,155.269871
-983.7334,4,155.275762
769.5498,15,155.279303
4941.9937,46,155.282767
203.4259,7,155.28288
-111.87164,3,155.28567
-70.111916,7,155.289019
561.99805,16,155.293093
2375.3672,33,155.296551
3935.582,49,155.296599
258.5304,5,155.299237
2823.927,49,155.307281
386.89044,9,155.30734
1728.1517,24,155.307353
-299.98007,13,155.315975
154.79463,8,155.336629
1165.6676,20,155.336689
1626.0122,26,155.342088
4324.071,59,155.358641
122.569725,5,155.363992
736.0072,15,155.369084
4954.4136,58,155.371957
3598.4822,40,155.372003
2695.0603,26,155.375046
1604.8055,36,155.375089
114.56966,4,155.375101
-395.18793,9,155.390342
5117.0195,50,155.396628
5171.174,51,155.400009
4680.6924,54,155.404052
1526.3572,31,155.404106
259.49353,19,155.404121
14.494965,3,155.418528
219.0415,4,155.418586
-744.9788,3,155.422139
262.57608,3,155.422181
312.3612,21,155.422193
502.50555,8,155.424886
2212.2703,32,155.440961
291.6114,4,155.451954
499.44382,15,155.452016
210.0709,6,155.452032
-423.8404,7,155.454868
152.71198,2,155.457519
3333.881,30,155.468758
157.72668,3,155.471705
1876.296,25,155.474402
2719.7349,47,155.485612
4657.1743,40,155.485722
540.7095,6,155.485751
1845.9098,31,155.491004
297.67554,14,155.501572
749.816,16,155.507171
280.1238,3,155.507236
2010.3181,26,155.517776
4964.517,45,155.520977
2306.5977,28,155.521025
650.4437,16,155.534647
424.97192,15,155.5347
213.6424,9,155.534715
1028.8761,15,155.540029
3506.3696,46,155.549617
3632.7563,49,155.54967
5296.593,54,155.549683
113.45058,7,155.552929
1690.7705,36,155.552984
190.38799,4,155.555665
-901.8215,2,155.558281
-895.89954,2,155.571196
4723.299,40,155.577518
3805.6716,70,155.580913
-853.37683,3,155.580954
427.72168,6,155.580967
-888.64935,2,155.586902
661.22626,10,155.587023
94.301895,4,155.592029
1657.1621,23,155.594842
2499.3335,27,155.597998
281.02692,4,155.598043
646.4492,18,155.598055
2795.1653,42,155.601371
903.1206,19,155.601417
3189.5662,41,155.607574
120.98401,18,155.611809
174.69492,4,155.615671
1422.544,33,155.615733
506.4702,12,155.615749
180.05817,2,155.621494
83.46955,2,155.621536
381.7027,7,155.621551
3528.793,54,155.621558
247.02689,5,155.641935
1443.0953,31,155.641978
2834.6877,38,155.64206
1019.811,12,155.653135
2389.3894,31,155.653174
-986.75006,2,155.656285
129.76,5,155.659026
1840.9447,35,155.662583
203.30536,2,155.662645
-12.207436,3,155.662668
1235.3011,14,155.665675
1586.9968,19,155.679331
478.59103,9,155.679402
2952.0706,46,155.682737
628.2273,6,155.682779
1187.252,14,155.687751
-736.5731,4,155.690381
927.2953,14,155.699547
328.72464,12,155.702321
3258.896,56,155.707102
437.36148,5,155.710244
3663.7625,48,155.713058
779.201,9,155.717784
4818.9043,45,155.720509
424.55472,8,155.720555
4178.299,50,155.72313
560.6677,9,155.786989
649.76135,16,155.787054
4077.7969,34,155.78707
809.9466,17,155.787138
1053.1234,42,155.790303
573.6434,10,155.79949
-87.36789,30,155.799556
57.56478,3,155.818685
189.48172,3,155.83596
118.63508,5,155.844513
4086.6777,37,155.856812
3498.3464,43,155.866101
623.5762,17,155.868948
2483.2224,50,155.871475
3754.3115,38,155.874274
3935.3435,38,155.874301
1303.4608,21,155.877162
1001.5713,17,155.87721
662.1013,66,155.880233
1140.5529,18,155.885324
3930.0076,50,155.890132
4300.4224,59,155.902394
885.0504,16,155.904998
3435.714,36,155.907595
-187.01506,9,155.913304
4376.56,52,155.913367
2769.7437,37,155.916044
2574.8113,37,155.918898
2603.2502,72,155.918936
2136.2256,46,155.924063
1148.3048,24,155.930322
-352.66513,3,155.937916
1399.9055,31,155.951337
3058.476,30,155.956239
310.37775,5,155.966745
3268.149,66,155.966802
3505.0344,34,155.972978
4510.795,54,155.978165
945.06213,24,155.98096
643.8823,40,155.983669
314.65915,7,155.986347
415.94055,25,155.989416
4292.0786,42,155.989464
1289.2009,31,155.992358
4600.1323,44,155.992408
4951.665,43,155.995301
188.42752,20,155.995349
-335.82523,4,155.998205
279.89056,3,155.998251
-926.45197,2,156.001112
2348.8403,31,156.001157
3498.0232,36,156.004325
3467.2263,43,156.004371
688.8523,11,156.017244
651.3232,9,156.03356
2454.3438,33,156.033612
-242.26442,9,156.041686
2383.4258,39,156.041731
156.9195,7,156.045975
1521.7222,17,156.048725
1070.1931,15,156.054194
69.29886,4,156.054242
2213.876,29,156.0568
1074.2483,15,156.064326
186.05568,7,156.064392
245.72998,5,156.064414
6447.261,46,156.067389
910.6446,21,156.070119
167.40826,3,156.073447
1025.9159,20,156.07748
1.9024658,3,156.077546
3954.6492,54,156.0894
2359.228,35,156.094943
3188.3345,28,156.097727
6858.026,84,156.100813
-953.52795,6,156.100852
4233.0996,81,156.103733
3762.831,84,156.103773
-4.7808685,3,156.10872
6314.0493,90,156.108749
-709.73987,11,156.12358
-2.6329956,11,156.135194
1884.9672,41,156.135251
1971.13,31,156.138019
1031.6748,17,156.141364
3319.007,34,156.14144
4070.4458,41,156.152316
97.02745,3,156.157385
132.29338,5,156.165558
106.55047,6,156.178347
1412.031,23,156.178404
1217.6455,29,156.178419
906.33435,15,156.18414
3328.8672,35,156.18419
114.5509,2,156.184202
604.6792,17,156.189018
-228.25977,3,156.192755
994.40784,13,156.192849
4452.693,47,156.198804
1111.1683,21,156.198843
159.60107,2,156.205064
274.88193,5,156.205139
4196.617,35,156.205155
26.25719,9,156.217876
854.022,29,156.217921
-732.6391,3,156.22064
201.62,4,156.224014
247.87418,4,156.237994
1620.5621,16,156.241386
2374.8823,27,156.241743
453.49255,9,156.25091
238.90454,3,156.25445
4255.144,45,156.254499
99.147125,2,156.258702
3437.748,45,156.258737
3730.9265,35,156.258747
674.8446,7,156.258754
2143.332,31,156.267894
290.63605,5,156.267948
330.4344,4,156.275261
1430.1569,26,156.280747
2395.6833,28,156.280796
229.75287,7,156.280808
510.594,7,156.284145
3210.933,43,156.284197
2156.5918,27,156.289032
3445.8367,49,156.292368
3587.5586,41,156.292396
2613.548,63,156.292403
1624.1687,19,156.292408
-362.31512,11,156.29519
-247.64012,6,156.297763
151.97124,7,156.300759
257.62097,4,156.303488
3541.6719,39,156.308273
575.5121,8,156.311599
251.04355,6,156.31165
736.9663,13,156.318962
236.33987,4,156.321744
1098.8809,20,156.321791
841.9846,23,156.328249
3559.0706,39,156.343179
204.14023,3,156.343472
970.7312,34,156.343513
-525.48694,8,156.349063
1477.3827,19,156.35173
3568.3342,55,156.360838
1.18676,4,156.360884
1841.1445,32,156.36437
5015.7646,59,156.364422
2818.15,47,156.367383
-930.55396,4,156.36743
3852.076,48,156.370027
726.0743,17,156.372522
177.73833,3,156.375347
145.67987,23,156.375375
1156.2942,23,156.379213
2530.1284,33,156.383558
156.73543,3,156.387884
104.92825,2,156.3947
2515.3865,34,156.394756
-368.4906,39,156.394772
3597.6138,27,156.397826
91.785866,2,156.400706
828.6565,12,156.403729
-33.219032,4,156.412062
2477.7356,31,156.415322
-717.5687,10,156.415375
4428.6113,38,156.418122
1430.1453,23,156.421082
126.02725,2,156.421131
177.24438,4,156.423935
3791.0017,58,156.431554
-834.8346,6,156.436486
-434.8266,9,156.439097
4005.8125,50,156.442398
226.86945,3,156.446929
1719.721,29,156.452243
219.17487,3,156.455512
616.09015,12,156.455566
4937.6914,52,156.458368
62.068916,3,156.463636
153.8142,4,156.466238
2278.338,37,156.468829
1445.8289,35,156.472017
176.35883,3,156.475263
3478.609,29,156.478573
576.2823,12,156.478614
1576.9801,35,156.482191
3178.9893,49,156.482237
2288.9775,40,156.482251
82.609604,9,156.485377
-604.5857,7,156.49517
1115.9978,14,156.495224
4976.8335,45,156.498383
2120.5125,43,156.502785
-1076.5017,5,156.502862
1865.9009,21,156.506872
2232.2036,34,156.506912
1398.1401,24,156.506928
694.39514,15,156.512876
5388.596,54,156.516106
3324.6526,46,156.516152
273.01968,3,156.516165
-467.2077,7,156.519811
4146.803,60,156.51988
248.64821,6,156.523926
2899.9543,41,156.523987
3492.1582,35,156.534315
-1030.7208,19,156.544953
1142.4907,21,156.550739
103.04485,3,156.554049
322.47772,12,156.554098
4217.0156,59,156.561957
4861.6494,58,156.569652
4533.586,53,156.576765
1054.5845,18,156.583518
171.78413,5,156.583575
3200.7996,36,156.588467
1497.4216,15,156.591253
-189.45117,14,156.591296
235.80396,4,156.595758
2919.8394,39,156.595812
1106.4757,25,156.595827
1264.7706,27,156.598606
4147.0522,47,156.610032
2965.7544,32,156.612987
4121.809,41,156.616291
1683.4377,35,156.616327
2772.9287,38,156.616338
4583.7686,41,156.618972
4458.073,42,156.624146
2916.241,41,156.624193
209.15143,6,156.637933
110.57119,2,156.637987
4605.994,50,156.637999
120.130775,2,156.643922
518.8965,7,156.644003
3227.5493,43,156.647824
1590.8451,17,156.647871
74.57742,4,156.650785
323.64447,7,156.653787
845.1482,22,156.653823
4503.8784,48,156.659348
1621.3093,33,156.662857
-108.253075,5,156.662903
857.3984,11,156.670335
5009.8345,50,156.670383
1329.4376,30,156.681519
5231.0356,67,156.68439
1418.6772,31,156.687553
-343.95123,6,156.687589
783.5625,22,156.687599
1659.893,25,156.690556
595.5085,10,156.690596
62.3125,14,156.695552
5025.7314,48,156.698508
2213.8076,42,156.707224
2297.395,36,156.707276
108.5394,2,156.713338
-557.32275,7,156.716431
1680.4335,25,156.719254
717.4471,18,156.725559
1507.2875,28,156.737091
3512.492,44,156.737142
1766.4635,30,156.740087
177.53564,2,156.743616
1881.4672,46,156.74754
46.674065,3,156.747587
906.55945,20,156.750683
-1132.1903,10,156.750731
272.64838,7,156.754453
143.65598,3,156.754513
2132.2407,49,156.754529
1303.0471,12,156.766317
420.37628,8,156.783183
1945.318,38,156.785963
123.20004,2,156.788622
3458.2502,51,156.793775
3574.9568,50,156.793819
869.7529,11,156.797561
4230.56,39,156.79761
3784.7349,27,156.797624
493.9286,11,156.797632
4022.2014,43,156.797637
-234.17801,10,156.800566
172.97147,2,156.803413
16.608883,2,156.808558
314.09796,8,156.812209
108.55747,3,156.819678
2891.8186,38,156.822293
2089.293,40,156.825235
3165.3215,40,156.825281
922.237,11,156.8253
124.46449,12,156.83936
936.22876,25,156.84202
3972.6416,38,156.85395
70.84111,6,156.85964
3722.7358,45,156.859677
195.8943,7,156.863918
461.95596,8,156.863985
846.5012,9,156.863999
137.59778,2,156.867283
4653.7627,50,156.870594
2471.939,35,156.874215
4724.161,60,156.87426
1434.82,19,156.874273
125.78638,8,156.888796
968.8212,26,156.900161
3775.847,39,156.900213
4543.506,39,156.902828
-76.60798,9,156.907827
69.97246,5,156.920213
2652.4126,35,156.923795
930.55475,16,156.923839
-375.8341,11,156.939332
280.0243,6,156.945298
4159.6875,42,156.950735
1470.0421,26,156.951045
3111.3296,54,156.95509
5805.7896,73,156.955169
3128.1582,31,156.9552
5571.0615,63,156.955212
-72.381454,4,156.968227
3686.6619,52,156.972607
385.63168,6,156.972682
331.211,5,156.972705
102.00757,2,156.976356
3170.6318,36,156.976413
440.47293,7,156.976427
661.4125,10,156.979203
107.22193,4,156.995434
2348.0928,37,156.999337
2106.4019,28,156.999404
-541.27893,7,157.003514
3680.4722,35,157.003571
164.02087,6,157.003587
2567.0854,39,157.007017
-828.7932,2,157.007052
107.35907,2,157.017986
-924.1215,2,157.018052
2240.7722,49,157.023638
273.2834,9,157.023681
4441.6953,43,157.026916
931.2755,12,157.026971
2186.6577,38,157.026985
1807.5679,25,157.02699
45.68477,8,157.032706
4375.6934,42,157.03275
402.52963,7,157.032762
120.749214,3,157.035824
-784.94354,4,157.035866
3354.6821,65,157.038813
3382.3628,46,157.038861
641.5994,8,157.041775
-746.05756,3,157.041813
-7.071022,10,157.050896
127.86276,4,157.050941
4215.006,63,157.054204
2824.6416,42,157.056998
-56.20923,4,157.060409
232.28183,4,157.060461
2332.7354,34,157.060476
233.22556,5,157.066444
554.9356,8,157.069759
-26.298073,5,157.069797
162.4426,3,157.069808
-388.4259,10,157.074736
-195.85803,9,157.091959
491.52478,7,157.10896
3691.3826,41,157.108995
402.5714,20,157.109004
333.81754,6,157.112133
2179.8794,35,157.119262
-47.02825,25,157.124357
2276.254,28,157.133104
43.64319,10,157.13831
-198.23096,18,157.138349
3648.724,35,157.141101
-737.9475,3,157.154912
1055.4121,27,157.154944
3282.497,33,157.154954
731.11426,14,157.154961
2780.4365,38,157.167676
4532.2036,42,157.16774
1427.8652,35,157.173678
241.90456,4,157.173729
4881.986,48,157.173744
3896.6938,35,157.176649
1221.6107,26,157.176702
334.62405,6,157.179922
146.25256,2,157.179963
2493.3633,28,157.179974
5305.5933,57,157.182516
-875.75214,4,157.185527
950.74725,13,157.185565
5214.4746,59,157.189182
-886.36615,4,157.18923
-393.17737,10,157.191938
4067.27,41,157.194668
230.9881,7,157.199622
398.8999,14,157.202841
3349.312,38,157.202884
369.49768,6,157.205863
266.45166,11,157.217971
152.8912,2,157.221519
2923.8538,41,157.221586
892.2786,20,157.2216
1699.9741,22,157.245999
941.9635,10,157.246053
1391.674,33,157.248636
1455.3839,18,157.252261
4236.7446,36,157.252326
3341.6062,41,157.255481
1776.4807,22,157.258168
1226.3663,12,157.267524
1280.2495,24,157.270624
170.19339,5,157.270661
879.11426,23,157.273267
2077.9438,25,157.276419
2325.101,24,157.279786
1237.7539,24,157.283615
386.2824,8,157.343743
102.132965,6,157.347409
2274.2756,50,157.347484
99.396484,6,157.350672
801.1222,22,157.353379
57.94646,2,157.360823
3276.3826,55,157.360866
-936.56934,5,157.360877
-689.0932,4,157.377543
2580.6025,39,157.382846
430.5847,5,157.382931
88.572525,3,157.386246
1026.6211,17,157.38923
2284.0898,30,157.392236
654.99426,13,157.396058
-841.7066,4,157.396109
110.569885,19,157.407377
3088.5198,51,157.407432
-188.81607,7,157.416889
-782.79724,3,157.416935
4513.0063,40,157.419514
-481.57605,11,157.423119
-173.69322,6,157.427444
1323.0392,17,157.436706
2729.5886,53,157.439655
236.38171,2,157.442716
1835.8147,36,157.454524
3298.9,45,157.459705
1470.4387,39,157.463138
352.2907,6,157.463187
4315.0576,46,157.463202
80.873085,2,157.466699
1414.688,19,157.466746
225.40439,10,157.46676
2779.9612,36,157.466767
115.73605,2,157.472141
331.1878,4,157.47499
5044.248,43,157.489275
1904.9092,29,157.49219
102.06715,2,157.501556
2841.8162,37,157.504529
4842.514,44,157.507263
2913.6438,64,157.513664
524.0433,12,157.516905
1162.7289,13,157.519571
1859.0359,26,157.524393
173.51012,5,157.527057
3547.2285,42,157.530365
3659.394,41,157.536965
5398.37,52,157.542489
4877.4795,41,157.542517
3195.142,46,157.545606
4166.3867,49,157.548965
2697.6296,36,157.552192
3141.524,36,157.559866
500.11548,6,157.559914
891.83014,20,157.562892
106.64177,18,157.567842
300.24698,4,157.570655
1441.0029,25,157.5707
2283.237,37,157.575862
428.00583,6,157.5759
566.6811,12,157.579576
252.46826,4,157.579619
2487.621,36,157.584172
621.7571,19,157.586981
-363.27063,3,157.589919
587.85596,9,157.589957
3633.5469,38,157.592797
2806.2869,45,157.601611
286.9898,6,157.601661
2262.728,33,157.604925
1813.4861,27,157.604962
1238.7737,16,157.604974
338.8037,4,157.608357
134.64423,2,157.617486
796.9788,11,157.617539
305.9153,8,157.621048
-788.3183,3,157.621105
4025.4907,55,157.621122
436.15384,7,157.626694
645.15216,12,157.626739
1908.6748,36,157.626751
4255.234,47,157.629476
1684.7316,32,157.632245
229.01445,6,157.637805
674.7327,10,157.653356
172.59447,8,157.657382
-115.944405,8,157.657422
-143.428,4,157.657433
4879.0557,52,157.670726
232.2361,3,157.676307
4770.9126,37,157.676337
2416.691,36,157.684383
-9.109055,4,157.687257
4447.862,58,157.690012
2124.4854,34,157.71471
775.97925,12,157.714759
111.29271,10,157.717577
718.37976,9,157.721013
998.32965,17,157.721061
4666.063,53,157.730976
770.1604,14,157.731027
223.85773,6,157.735911
1114.4758,61,157.738636
261.2925,4,157.742794
830.00714,10,157.742835
1768.918,25,157.742848
4220.9385,48,157.752571
158.92986,2,157.75601
203.77686,2,157.756075
-858.0345,2,157.758997
3700.7114,41,157.770403
3624.5063,44,157.774431
2872.2114,43,157.774481
2260.176,31,157.774496
2215.2068,30,157.777955
3519.8606,48,157.77801
94.07467,3,157.781696
2866.139,42,157.781738
716.15125,9,157.781753
2634.8699,49,157.784812
218.40616,6,157.784851
268.23816,4,157.787686
-60.062958,4,157.787733
833.8662,14,157.790893
1914.2994,42,157.790931
3392.2988,41,157.790943
130.69156,6,157.793505
3255.0627,49,157.80233
383.6801,7,157.802382
4188.6177,49,157.807393
-288.1485,27,157.810507
679.3155,12,157.813482
480.17743,10,157.818405
5139.844,62,157.82638
691.80975,13,157.82642
2195.7046,59,157.826433
772.8703,16,157.833345
-29.759697,17,157.833408
245.53043,14,157.854315
2825.9517,29,157.854369
279.8711,22,157.860965
124.32681,2,157.86665
106.74372,6,157.872164
262.56744,6,157.872219
799.4166,10,157.8749
2475.54,26,157.885227
2085.9397,37,157.895799
4561.0684,40,157.900995
4599.462,50,157.901065
2728.2646,36,157.903824
344.44623,4,157.906415
163.51445,3,157.908983
3282.3535,46,157.920841
196.52881,13,157.925879
392.70074,5,157.92879
160.7845,3,157.92884
3696.3687,40,157.934119
444.8833,7,157.937923
2488.4856,45,157.937979
1803.2441,29,157.937994
3029.294,45,157.944456
2687.4167,37,157.944514
1536.7,36,157.94453
3806.1719,39,157.947323
178.5793,5,157.950328
3183.4578,34,157.953586
-136.79199,5,157.953623
4388.4473,43,157.953635
965.31555,10,157.967233
5960.1104,71,157.967324
4591.732,41,157.974361
481.94348,7,157.97444
683.6779,8,157.977501
3608.948,35,157.984204
4675.4824,42,157.984261
4203.6475,47,157.984276
1216.9698,31,157.984283
102.17691,2,157.989522
159.49875,5,157.992363
2596.5532,36,157.992406
999.9193,23,157.998413
2743.827,38,157.998543
2346.3315,29,157.998559
150.52908,3,158.001329
328.56586,10,158.003987
42.29381,3,158.017569
1199.3007,20,158.020347
115.979706,2,158.025219
207.72223,7,158.028628
3969.771,73,158.028671
-200.93488,13,158.04789
-160.86139,11,158.047947
1957.8301,32,158.056019
269.5165,3,158.056067
2356.3516,46,158.070458
3494.1821,40,158.070522
456.70462,22,158.073682
683.3229,23,158.078655
3470.9395,38,158.078711
72.866516,2,158.078738
2567.752,35,158.092889
4657.97,39,158.095761
181.40884,4,158.098386
2361.259,40,158.101304
1851.399,34,158.104173
507.5971,17,158.104209
417.02655,7,158.113967
613.2042,25,158.114033
3703.9224,46,158.117306
1387.3788,18,158.120931
2884.2825,37,158.120997
3536.5571,36,158.126124
98.68964,5,158.138916
3854.418,57,158.142524
525.4678,12,158.142573
827.7934,13,158.142587
21.243881,4,158.151089
1344.416,18,158.151138
3787.0767,46,158.154864
422.05197,7,158.154927
-977.78296,2,158.158099
886.0592,26,158.17715
2479.2136,39,158.177209
3185.8333,43,158.177228
12.986052,5,158.180317
4807.297,39,158.18491
2673.7734,36,158.184964
1581.2521,26,158.184979
231.3871,8,158.19089
4746.295,37,158.190933
844.0843,10,158.190945
1471.6868,21,158.193545
1514.2716,24,158.207132
192.02014,3,158.210373
370.07764,7,158.218039
134.59677,6,158.220844
1418.655,25,158.225635
1970.5209,41,158.241078
2245.1616,38,158.244483
255.54175,5,158.247466
1251.04,14,158.250297
-676.678,5,158.255322
523.32513,11,158.258279
496.88953,13,158.261966
159.87805,8,158.267317
2207.2756,25,158.270843
2112.4673,23,158.270882
199.51517,6,158.273683
3407.3694,42,158.273725
888.92065,28,158.280603
2017.0563,33,158.280669
2579.0566,44,158.301412
2784.0767,33,158.304613
4225.958,40,158.304665
2573.7214,33,158.308091
1982.8921,57,158.308148
268.23273,10,158.308162
537.85114,11,158.317469
4832.725,49,158.317535
3041.3728,29,158.32086
-843.1067,3,158.324057
514.9381,13,158.332073
157.97546,3,158.332122
3334.0156,37,158.332136
1851.2211,47,158.373601
4613.0454,42,158.379552
1107.589,25,158.385897
2690.765,54,158.386001
2630.8904,35,158.398537
314.5067,20,158.402156
3600.6963,38,158.407044
2478.4116,33,158.407125
1778.094,28,158.411625
894.1642,31,158.417068
3388.9543,35,158.423378
4294.571,66,158.426286
402.43,10,158.436818
4862.999,71,158.436863
3595.2456,33,158.441978
465.15454,6,158.442028
2231.7783,33,158.44525
-142.95007,12,158.448675
1220.453,34,158.451855
2232.8625,32,158.451916
95.2114,3,158.454585
3607.6187,51,158.46017
37.600197,3,158.4602
703.43567,7,158.464311
2244.9392,32,158.464372
3407.2063,38,158.46775
2833.9458,38,158.467792
2267.5728,35,158.473814
1557.4073,22,158.477679
-1.3236427,2,158.481718
265.96405,7,158.485251
287.04697,22,158.485297
3510.2297,34,158.490502
2790.2043,40,158.490572
719.5711,15,158.497418
94.913734,2,158.497488
471.4785,10,158.50056
384.14972,10,158.500606
1710.9637,32,158.50334
2932.813,35,158.505979
2574.881,53,158.511986
247.10686,11,158.512068
161.2843,6,158.515441
579.4443,11,158.51822
1396.9683,18,158.521179
-154.51625,6,158.521229
1537.1755,28,158.52382
383.19485,5,158.527002
3358.5508,38,158.536558
3024.7476,43,158.539407
1465.1232,28,158.539453
1678.7158,33,158.542422
369.35153,9,158.54602
201.87888,3,158.546069
2114.5415,27,158.546082
2937.7036,40,158.555732
915.53357,20,158.555773
1888.6139,56,158.558473
903.1841,18,158.566339
666.28687,18,158.569374
1578.6189,18,158.573529
2521.0896,39,158.573589
3174.3389,31,158.576442
321.66,7,158.587899
97.08602,4,158.590961
123.11952,2,158.594333
164.94458,7,158.597738
2964.7407,33,158.604028
3461.3745,44,158.604099
3293.5725,31,158.606888
2773.15,39,158.613555
-48.01825,4,158.619629
3894.21,41,158.625542
3464.3901,30,158.629377
1852.0747,25,158.63276
483.86893,8,158.632807
474.91574,11,158.632819
869.3048,16,158.635849
3908.1199,33,158.635888
108.074265,4,158.642835
488.91028,19,158.642888
4858.1714,76,158.642902
17.467216,4,158.652054
188.13824,12,158.655134
2176.459,45,158.655183
3888.4866,33,158.661172
2073.63,32,158.66454
2148.921,31,158.675404
110.67465,6,158.678383
465.6664,6,158.682071
-874.46497,2,158.686009
2136.5222,39,158.686067
1864.1736,41,158.692025
-73.47608,4,158.698826
932.5267,19,158.69888
90.65615,3,158.701796
1614.0482,23,158.704571
4279.668,40,158.707521
3886.2832,32,158.707559
3757.8333,57,158.721994
761.0016,10,158.725053
690.59174,22,158.725104
2362.212,30,158.736036
607.0675,32,158.7361
4703.0376,53,158.738848
151.28899,4,158.74414
460.8705,10,158.747081
1033.3276,10,158.755232
2002.7109,30,158.760132
-752.5763,4,158.765576
2778.7424,47,158.765638
261.27155,10,158.768224
3101.1572,57,158.77075
210.55423,2,158.776325
2880.7996,40,158.779547
12.72971,2,158.785347
1542.9957,23,158.785401
-39.78235,7,158.788204
1563.4802,44,158.793534
2690.397,44,158.793575
1854.7733,22,158.805274
1095.1323,12,158.805317
2574.8223,24,158.808294
130.52757,2,158.816981
4926.791,49,158.825101
231.6609,3,158.825151
2532.6624,40,158.825163
4595.678,50,158.830006
327.138,7,158.833151
443.00934,12,158.833197
2068.4817,41,158.833209
4922.8975,51,158.83688
-340.59036,4,158.836924
1822.2739,34,158.836937
471.14923,5,158.839822
-259.03436,11,158.844152
-870.391,2,158.84419
2465.3347,30,158.855219
210.72333,5,158.855283
222.46388,4,158.858154
1385.0522,16,158.861326
-857.99164,4,158.86138
3607.414,56,158.861393
2483.1636,43,158.87165
1094.8857,11,158.875563
2426.0757,39,158.875609
64.31952,7,158.875622
495.97464,12,158.884939
135.4102,2,158.888346
3423.7925,43,158.891634
139.62413,2,158.89544
1651.0453,35,158.895505
134.9657,25,158.895522
604.7929,12,158.902497
163.53833,3,158.971597
2309.8984,56,158.971647
421.23505,6,158.971666
757.83734,15,158.975006
3014.2397,37,158.975276
2283.9949,46,158.984885
1395.6731,24,158.984931
2785.0598,50,158.987641
818.6292,11,158.990298
3659.7693,41,158.999214
346.8005,7,158.999287
-874.60095,14,159.002207
3324.9539,30,159.007132
1179.6995,17,159.010131
659.43365,12,159.010162
1920.4696,24,159.024202
238.56436,10,159.024263
2372.0735,31,159.024277
6.910095,4,159.034107
6485.5107,53,159.039104
-19.49421,7,159.042439
2798.7976,44,159.069019
857.78656,8,159.078733
983.90247,10,159.082599
2346.2866,38,159.082644
-903.98303,3,159.093997
4474.45,40,159.094066
-35.40075,3,159.096993
1021.6041,19,159.099878
122.58077,3,159.099919
3620.8823,44,159.106269
5256.714,58,159.106359
669.5167,27,159.106373
2102.8142,52,159.114375
3149.9841,34,159.114417
1983.3472,30,159.114429
2591.475,39,159.117926
2944.8389,35,159.121777
201.08922,2,159.121835
712.4172,10,159.125276
4259.0537,58,159.125321
150.46892,5,159.138766
2234.2832,43,159.138819
2704.8433,57,159.138832
575.8342,13,159.141652
2558.81,35,159.141677
102.17691,2,159.157009
1030.7017,45,159.157132
179.94896,8,159.15976
2752.7292,36,159.17177
2806.5918,38,159.177174
171.58105,7,159.177232
3078.2612,40,159.180891
513.1439,18,159.180942
3520.0264,46,159.184279
87.59607,2,159.184326
390.0718,8,159.184339
1181.647,13,159.189139
-12.788452,12,159.191743
4164.089,38,159.194541
353.3713,5,159.207509
141.39401,6,159.210927
343.48462,8,159.213967
1414.7952,28,159.216739
-671.2162,3,159.219498
1303.2288,16,159.222165
198.40097,6,159.224897
3360.4346,31,159.232225
42.31266,3,159.23942
1533.7655,36,159.23946
403.60736,36,159.252591
3573.154,34,159.255297
564.561,12,159.261885
4813.4507,41,159.268126
1368.3813,17,159.26819
585.324,25,159.271121
164.43076,2,159.274837
-740.3563,6,159.284143
3678.8472,40,159.284225
1971.2961,32,159.284242
2792.889,37,159.294306
3989.2837,34,159.294362
-684.04785,13,159.297674
281.83032,7,159.297716
4621.0293,45,159.297727
3574.2285,56,159.300314
615.2907,7,159.303862
186.53716,2,159.303939
1862.6644,33,159.307093
-955.15656,3,159.307148
189.23544,9,159.309928
251.78761,3,159.314322
3996.0393,39,159.31436
5335.7856,50,159.317049
448.30542,9,159.32309
394.8386,6,159.326312
3975.5305,43,159.335444
5246.857,51,159.335525
1256.4423,21,159.338486
298.8529,5,159.349062
472.53287,17,159.352922
3746.2183,43,159.352983
439.512,7,159.359435
74.2291,2,159.359485
3671.5278,63,159.368399
682.63635,17,159.371933
372.05542,4,159.371985
2192.0283,44,159.372006
2058.2173,39,159.374899
1354.985,25,159.382061
1654.3717,30,159.382149
3622.7058,40,159.386763
973.06586,22,159.390501
2493.6191,43,159.390556
1659.8619,27,159.402393
2064.7188,24,159.405477
577.4649,8,159.409225
187.61356,8,159.426939
168.97742,14,159.431153
258.71875,3,159.431211
946.5917,15,159.434506
2409.2144,28,159.434555
178.51085,4,159.439668
6043.95,71,160.835239
884.0617,16,160.838002
5094.227,69,160.845215
1283.6791,33,160.845263
1709.6445,56,160.852947
230.5931,4,160.853009
1635.6144,31,160.856391
4165.1133,49,160.856441
357.79416,6,160.856453
4727.6963,46,160.859561
322.05756,18,160.859604
2271.8174,30,160.865293
-127.06476,4,160.868318
308.84335,7,160.871653
-2089.9617,4,160.871692
4935.0664,50,160.871703
445.30762,8,160.874822
3288.3894,49,160.88371
150.00233,2,160.883767
3208.8137,36,160.889636
589.2925,8,160.889675
2028.1993,36,160.89247
-955.0345,5,160.906822
2482.089,26,160.906884
3591.3052,39,160.912771
70.90674,13,160.912819
3370.1318,41,160.912831
2965.36,41,160.92875
2878.4985,31,160.931774
3319.0571,34,160.937058
4413.2407,40,160.942435
1204.0931,15,160.942483
195.01385,14,160.942495
-63.201973,12,160.947664
1809.8792,27,160.947706
1010.8045,24,160.953091
177.62755,6,160.953147
133.48273,4,160.959355
4422.751,41,160.971489
4984.884,43,160.97159
3516.245,33,160.981581
34.490425,3,160.981626
-358.5123,7,160.987227
3394.2214,67,161.004033
991.7253,20,161.004098
3783.889,35,161.004114
-853.05774,7,161.007442
3215.0352,39,161.00748
241.56705,9,161.010029
4904.265,38,161.02352
2138.5403,26,161.023577
-1016.7997,10,161.023592
4270.107,40,161.0236
4746.859,43,161.02667
-1262.5728,4,161.026721
1559.2378,23,161.040713
1831.3483,27,161.040774
1472.798,31,161.040791
4344.1587,42,161.046506
-565.78894,8,161.046574
3754.6453,36,161.049479
1953.7426,24,161.054577
372.30914,4,161.064909
2963.887,43,161.072797
2318.8774,26,161.07284
3622.6675,54,161.078741
3553.0894,36,161.081973
135.75098,3,161.082037
539.9985,15,161.089575
1609.154,24,161.092761
2243.1262,42,161.092804
1848.9681,43,161.095854
423.49097,11,161.095898
433.17422,6,161.098728
156.92007,3,161.107225
732.6352,24,161.107384
4031.6367,36,161.107428
221.19125,5,161.107442
1154.5833,27,161.117191
600.0737,27,161.123852
901.2511,15,161.123908
353.47925,4,161.137265
3146.4954,40,161.137322
2351.9146,39,161.142591
4210.3706,41,161.159123
766.7029,18,161.159191
162.93182,7,161.159208
383.47388,4,161.168272
-898.2843,2,161.180308
3449.33,45,161.180382
3597.3438,45,161.205658
5046.8047,49,161.209479
191.29814,4,161.20953
1876.392,46,161.219652
5244.1963,51,161.224051
1381.0701,19,161.224122
2326.9023,28,161.241987
2249.5593,23,161.24205
5034.878,52,161.245418
-300.14124,13,161.253067
174.52153,6,161.25315
4954.785,47,161.253175
1890.6342,30,161.256806
1443.5118,16,161.256853
85.124306,3,161.259894
992.4402,17,161.271667
3207.7996,30,161.274588
2370.2705,40,161.277473
2171.4934,57,161.29014
3371.0735,49,161.310099
368.12018,8,161.320486
2513.9326,38,161.32055
284.96866,12,161.320566
1090.7268,14,161.323497
328.6315,4,161.331286
4238.3335,47,161.333922
125.92444,21,161.33652
3332.285,28,161.339218
539.3221,13,161.342877
2673.2288,38,161.345882
608.37134,13,161.35411
2125.9795,24,161.354159
771.6698,38,161.364518
4358.6895,49,161.364573
61.682068,2,161.364595
-933.3777,10,161.364604
1910.68,29,161.364613
1181.6517,15,161.368123
2317.0913,28,161.368176
1320.5845,15,161.371406
3126.0857,35,161.371452
2873.7656,37,161.374222
61.763405,3,161.377075
4352.4556,40,161.37712
321.4399,5,161.379978
2801.9539,41,161.382694
342.99005,8,161.388798
327.22388,7,161.388887
1923.6364,32,161.393498
287.0899,7,161.399357
144.6415,2,161.399439
754.54333,8,161.399463
2872.846,49,161.403181
431.94772,8,161.406303
53.34127,3,161.409278
892.51575,20,161.414126
-257.76495,4,161.414218
3508.0461,42,161.434163
197.59216,6,161.436921
2861.5466,46,161.439752
154.86044,2,161.447533
-42.541718,3,161.447577
301.2184,7,161.447589
1577.0808,17,161.450959
175.89117,2,161.451027
2183.7483,28,161.456512
4964.991,45,161.459293
-934.1514,5,161.465965
1607.7047,35,161.466022
185.49237,8,161.472903
-761.4139,5,161.472956
2120.1746,32,161.484344
2192.9102,25,161.491755
4377.384,44,161.494643
1931.5083,33,161.507519
3355.4585,35,161.524061
1143.3232,49,161.526747
1122.0934,17,161.530894
652.5829,15,161.530954
2483.4666,35,161.530975
2149.0198,23,161.534011
-941.5891,2,161.53725
1489.8336,34,161.537293
3445.012,34,161.545956
2933.3967,48,161.546026
113.51858,6,161.549544
4269.0557,51,161.549592
5339.17,65,161.554804
571.10803,15,161.554842
3511.342,51,161.560197
4006.1304,40,161.563096
5910.4854,56,161.568746
4810.804,47,161.568794
138.04565,6,161.571492
1422.6553,20,161.574625
986.5206,15,161.580417
4680.1465,41,161.583694
549.20105,11,161.586437
1784.3038,43,161.589549
1930.8811,37,161.589598
709.6385,12,161.594856
4553.2036,41,161.594899
2273.747,31,161.59774
3317.1226,39,161.600417
1707.5369,23,161.603036
345.04822,6,161.610446
-29.4173,6,161.618914
1204.9988,30,161.622387
-258.10406,13,161.629123
2379.347,27,161.629219
2774.7083,33,161.629249
306.5402,5,161.62926
600.8975,11,161.63263
1385.9221,30,161.64142
4391.244,37,161.64148
2803.8003,31,161.644309
1448.5916,22,161.648093
513.3458,12,161.648139
208.13371,7,161.656572
1901.1501,28,161.671848
4504.121,56,161.671906
1133.7218,12,161.671926
755.1151,35,161.674726
5006.995,49,161.679964
126.01309,9,161.684453
2198.8308,31,161.684513
302.4086,4,161.694915
2414.3936,40,161.697655
3723.4727,42,161.700993
534.31165,19,161.704367
4629.4146,40,161.712984
463.6787,15,161.716291
4109.222,41,161.719193
265.07822,7,161.719237
3579.113,30,161.724
-308.18594,16,161.726726
4781.132,59,161.731825
299.8884,6,161.731894
-709.4981,8,161.740461
44.23474,4,161.740523
1260.1425,46,161.740543
673.67865,17,161.754694
-382.91144,7,161.754739
2356.7615,38,161.759887
3646.6804,42,161.771182
4024.223,42,161.77416
1052.3792,10,161.787935
2430.8833,23,161.791021
1243.065,31,161.794439
506.73193,13,161.798521
77.40904,3,161.801363
1188.8976,46,161.804141
1180.0747,49,161.806733
258.7307,3,161.809431
5533.5376,73,161.812245
131.65424,2,161.812296
5334.567,57,161.816292
2190.775,34,161.816359
834.36414,14,161.820826
4800.474,57,161.820886
3771.324,43,161.820904
441.74023,8,161.824096
1002.1181,18,161.835376
4564.4956,46,161.844862
388.33963,4,161.844895
112.24556,3,161.849527
3590.5593,48,161.865387
1515.5266,32,161.868525
267.90765,4,161.888469
4229.035,39,161.891876
932.85876,17,161.891916
521.19086,15,161.894613
836.76404,12,161.905322
263.40894,16,161.905406
4239.242,67,161.90543
-835.3708,3,161.905441
4184.376,43,161.911055
2225.3472,33,161.922568
260.43057,3,161.922652
2691.508,28,161.926524
267.98685,3,161.933069
140.27557,3,161.933128
404.36682,9,161.935966
5156.062,46,161.94136
-3.6068592,2,161.941398
193.00208,10,161.944139
2604.8093,37,161.952736
5059.6,46,161.955922
204.43427,6,161.955961
2959.396,31,162.021463
186.31505,5,162.021519
254.1283,5,162.038117
3424.1067,32,162.038168
3227.4792,40,162.041268
4203.5674,46,162.04476
1685.4122,34,162.048815
173.61803,2,162.048863
136.53185,3,162.048877
3484.062,35,162.05154
2729.182,38,162.059422
3340.429,35,162.059463
1196.7327,23,162.062757
307.86313,5,162.062821
389.99686,7,162.065936
1303.7411,22,162.072269
71.05131,4,162.076774
218.8374,4,162.076823
4198.798,37,162.076842
1374.8994,17,162.076851
114.25558,2,162.080065
-823.63354,3,162.086352
208.22357,4,162.089765
5936.7163,37,162.095467
1058.3558,26,162.099125
1231.8444,27,162.099174
-618.90424,11,162.102582
3791.5657,39,162.109338
5187.0674,50,162.1094
4579.4766,50,162.117324
1804.5353,26,162.117364
2525.2842,41,162.121206
364.7715,10,162.124984
478.33698,15,162.134773
2927.1804,42,162.137648
-658.21094,19,162.142707
-329.60236,15,162.15151
286.48624,3,162.151579
3284.9563,41,162.154923
1927.3354,29,162.157912
3599.5254,41,162.169001
138.50293,4,162.171965
-840.8487,4,162.179646
219.68695,8,162.179692
3329.3765,61,162.183422
3560.152,40,162.186723
20.182533,3,162.190729
3607.9,38,162.190768
1580.276,21,162.194137
321.39343,7,162.19419
1929.331,46,162.202839
633.7598,8,162.208429
2159.7468,39,162.208467
2969.768,48,162.208477
1709.8743,35,162.224485
290.07425,5,162.227461
1317.1562,36,162.2449
-86.03473,10,162.24918
2557.1914,32,162.249231
3857.9849,40,162.252084
4005.856,63,162.255609
4453.065,45,162.258961
4189.993,42,162.259018
-592.25757,9,162.263014
3138.5425,43,162.266424
3504.9963,43,162.266461
239.97043,6,162.269342
2409.8818,41,162.275049
425.81284,22,162.288085
2618.2715,38,162.2918
1385.0543,26,162.291864
979.64435,18,162.295762
4718.55,55,162.295846
243.5367,7,162.299596
794.8102,11,162.299653
3639.097,39,162.302722
3114.4138,30,162.306812
3528.0017,31,162.306863
384.4314,3,162.306877
2995.982,31,162.306883
35.126358,5,162.314816
221.20566,6,162.317502
580.6158,30,162.330116
2538.8237,42,162.36328
5350.858,70,162.390177
1471.814,20,162.422446
1228.3926,20,162.426574
760.4998,19,162.44696
2383.614,26,162.456997
2906.4297,29,162.457061
2773.2124,36,162.460383
2454.5593,31,162.460423
3031.3281,35,162.479705
707.1512,15,162.479772
301.27335,4,162.479789
134.39986,3,162.500633
2304.4146,40,162.500693
1033.8857,12,162.506216
319.60687,3,162.50983
1584.8536,39,162.509888
1020.8324,26,162.522318
1709.0292,23,162.528198
4635.121,48,162.545268
5193.1323,53,162.551572
1702.2048,43,162.56108
4124.058,43,162.571611
1206.9519,24,162.580014
2667.6062,43,162.58013
5248.984,75,162.580149
4074.232,44,162.583741
219.61078,11,162.583791
4064.2583,41,162.583804
1352.1635,27,162.58668
186.9494,5,162.59691
2058.9253,26,162.596947
1922.6226,26,162.596956
1815.7135,29,162.596962
684.75916,7,162.600013
3273.381,31,162.603066
281.67255,13,162.60909
5233.68,49,162.609149
1517.9509,22,162.609166
4306.454,53,162.609173
3406.1743,54,162.611828
29.123257,4,162.620164
648.5485,13,162.623297
-848.31036,3,162.629911
139.24991,3,162.633093
61.5012,9,162.635916
4820.683,48,162.638636
3930.1938,39,162.644402
1764.4996,21,162.64445
132.94687,3,162.653855
3702.86,29,162.657004
14.242176,2,162.657053
813.499,19,162.659766
875.6844,20,162.662272
2472.6765,43,162.671475
4508.8457,36,162.67152
-863.88745,7,162.67668
5220.853,45,162.676721
2003.9581,27,162.682853
153.75146,2,162.682901
836.841,15,162.685653
-15.339218,12,162.688344
4496.4976,51,162.690889
4745.2,37,162.693691
2851.005,27,162.69373
216.89569,3,162.696418
2007.1705,39,162.699263
-839.2572,3,162.702013
2062.1184,30,162.704624
-973.17224,2,162.707216
2551.0715,35,162.710291
2659.7693,36,162.710342
674.44745,7,162.714135
3463.196,48,162.714199
1702.3915,28,162.720556
1917.7465,45,162.720609
1345.1941,18,162.72344
5117.1816,42,162.727199
-805.0778,5,162.727451
559.1749,10,162.727483
164.46245,3,162.736665
2324.1484,27,162.736707
404.4079,6,162.739363
4657.8184,43,162.742524
1587.3373,23,162.755279
1831.9005,30,162.772329
59.16784,12,162.77861
211.8158,7,162.782068
4371.363,39,162.784769
424.83472,15,162.7877
2125.0798,42,162.791466
211.78862,2,162.791524
-558.99915,4,162.79154
4211.636,39,162.794278
891.57227,27,162.800043
3851.541,36,162.800098
-92.72381,4,162.805677
760.30945,10,162.805718
152.89975,4,162.810913
3247.6982,41,162.816926
151.92836,3,162.816979
-23.768509,8,162.820759
71.43686,4,162.820818
-443.83813,8,162.826639
5376.766,61,162.82934
2814.436,31,162.83395
179.23706,6,162.836743
163.09952,2,162.842212
1390.1975,16,162.844962
467.05457,10,162.856644
3144.1921,41,162.866485
3516.377,43,162.866547
443.32764,8,162.866562
4831.1553,52,162.86946
-299.99188,14,162.872709
259.60144,6,162.872746
2658.064,25,162.872757
3939.5107,39,162.877882
1004.4141,43,162.877921
4568.8965,39,162.889069
1916.4431,49,162.889133
20.256454,2,162.891831
-1006.8535,3,162.894613
4185.23,48,162.904709
5426.0396,57,162.908412
218.03513,3,162.908457
331.16116,7,162.908471
1664.5078,21,162.908478
1382.9446,24,162.911104
252.65363,4,162.921895
-196.41742,14,162.929474
6460.1836,81,162.935499
536.44006,11,162.935541
4165.2407,61,162.941057
401.0622,10,162.953494
830.72955,18,162.956622
618.4172,11,162.959463
1485.6138,25,162.96245
4196.5586,68,162.962491
527.58203,10,162.967851
894.72,15,162.975542
594.3126,11,162.978308
161.86723,4,162.981904
2614.5364,38,162.984613
4278.011,40,162.987576
-57.865936,14,162.987618
1198.3885,22,162.991102
5230.1675,51,162.995168
102.15001,3,162.995231
3065.7822,33,162.999188
186.05724,4,163.002225
2722.1543,35,163.007578
2003.4836,31,163.007624
5324.5005,58,163.010216
2315.7427,29,163.012838
510.54837,12,163.017928
103.96067,3,163.020982
204.16075,5,163.025428
991.2715,17,163.028263
1673.021,50,163.035969
3133.0767,36,163.03602
328.82123,12,163.039821
3409.1985,38,163.039878
3076.0117,28,163.043414
453.61652,14,163.053641
-1270.25,3,163.05371
198.88611,6,163.056326
1243.0994,22,163.059009
264.0888,3,163.061935
448.3522,13,163.061985
5422.038,54,163.064739
1848.5977,27,163.07502
2118.7756,25,163.075077
3722.2295,38,163.075093
4350.8706,38,163.080295
4048.1116,43,163.093032
653.7394,18,163.093104
292.34464,6,163.093125
4322.96,44,163.098825
4931.3022,50,163.105186
4078.6418,66,163.105251
2660.377,41,163.105267
4157.5483,39,163.112583
72.64902,4,163.116618
1826.7386,42,163.12241
3133.498,31,163.122451
1424.7533,25,163.128709
1785.3179,23,163.128762
661.8882,18,163.128782
4134.972,35,163.132297
1513.6597,24,163.135301
-2.4166412,17,163.143478
627.466,21,163.143519
430.55792,7,163.149484
-341.8131,14,163.154534
4199.166,51,163.160025
4746.3657,44,163.17321
2073.9558,36,163.173262
1569.62,26,163.177452
824.5525,14,163.177545
-1209.4227,6,163.183275
-391.24365,19,163.18332
1778.2572,23,163.183332
4815.2314,40,163.186331
1972.4717,27,163.189244
150.69138,3,163.192602
3173.339,53,163.192662
5168.4478,49,163.196773
3445.4194,48,163.206629
2291.1677,26,163.212949
-263.1687,9,163.218852
335.47498,5,163.221596
1262.0745,21,163.224555
6073.514,47,163.227712
356.8126,11,163.227749
-64.143074,12,163.230456
493.44638,8,163.235454
-223.00125,4,163.238178
3626.0007,47,163.243532
4833.015,44,163.246415
864.5893,9,163.246468
379.6192,7,163.253655
2179.858,43,163.260151
-1002.1042,2,163.260208
292.23288,8,163.260223
95.46747,3,163.268611
1242.1381,15,163.271438
3734.8262,44,163.274102
3764.2803,36,163.276751
4274.9663,35,163.279249
4696.0225,44,163.282046
128.55585,3,163.28549
4745.025,45,163.285543
1929.9502,35,163.285558
4466.011,40,163.295857
-935.15326,4,163.295927
-838.95276,4,163.295947
1708.5098,41,163.302853
2946.0818,55,163.302901
1814.868,43,163.306089
2229.161,31,163.306137
-304.8106,12,163.308825
321.61902,10,163.311454
5102.661,60,163.314793
379.21753,4,163.314835
1066.0988,19,163.314846
4339.432,48,163.318981
1044.3832,11,163.319048
221.80182,4,163.319064
125.81242,2,163.324527
2272.0762,29,163.327353
236.97545,3,163.327401
911.92065,11,163.330116
83.16785,12,163.333085
3625.9612,52,163.345486
839.2586,12,163.345528
3911.3835,45,163.357432
376.80496,4,163.368003
-247.931,5,163.371019
5031.4023,63,163.379268
2012.8142,27,163.391809
4429.849,37,163.391868
3376.039,46,163.395267
804.1051,25,163.432296
4150.5244,57,163.449473
1537.522,26,163.463781
3271.5342,39,163.463855
1818.8735,27,163.510521
68.32361,6,163.514377
269.85257,5,163.514449
399.55908,5,163.514464
3271.7483,36,163.514469
3623.2058,35,163.523415
4182.271,41,163.534825
2670.5146,42,163.534885
4158.883,40,163.537831
5573.705,56,163.54125
843.2069,20,163.541312
4781.935,39,163.546216
2664.9563,39,163.556855
1740.8087,30,163.559716
424.30225,8,163.567397
-1313.7551,5,163.567461
4214.0015,46,163.570154
439.96338,9,163.573019
1025.2495,12,163.583379
4090.4185,48,163.583444
646.04626,19,163.58625
2553.052,36,163.589016
330.87506,8,163.592327
395.32642,10,163.59235
198.92067,6,163.592357
4403.162,76,163.596764
1289.2092,25,163.596819
4709.471,43,163.600063
1893.0795,27,163.603281
519.9558,14,163.603347
128.20024,2,163.603358
-569.9161,4,163.605951
589.75964,13,163.608488
-157.29077,3,163.613667
224.41972,9,163.617111
3214.0842,39,163.617158
3644.1848,43,163.617171
331.22382,6,163.619866
4493.686,44,163.623802
-194.85706,10,163.623852
552.9535,13,163.62387
169.4181,2,163.626832
4290.5664,93,163.633996
1290.1766,39,163.696623
4098.284,58,163.700072
140.40163,6,163.705795
4554.189,42,163.70943
-241.73874,4,163.709483
4400.0093,41,163.727979
2756.3513,48,163.728051
1626.561,23,163.731212
2749.6582,32,163.731273
481.85147,8,163.734804
728.7011,13,163.734864
170.73058,3,163.737962
902.9607,16,163.756493
2115.6296,29,163.759309
2994.602,36,163.762349
4437.8896,56,163.779992
568.43555,8,163.78005
622.0725,13,163.780064
4441.4995,43,163.785962
301.10062,3,163.789263
-268.09644,11,163.792751
353.69708,18,163.792798
3775.2454,41,163.795916
3425.0867,37,163.799921
114.57414,4,163.803248
-631.4955,23,163.806475
326.25525,6,163.811882
3062.3677,41,163.819005
3912.5696,44,163.822469
193.18907,2,163.828675
190.85236,9,163.828721
4143.348,46,163.828736
3047.7275,40,163.839745
359.16156,13,163.83981
5289.207,56,163.839831
3089.789,34,163.85026
98.6727,7,163.854295
345.45474,4,163.854358
1476.5676,36,163.854375
2175.0454,29,163.857456
2611.3772,53,163.861184
5809.984,63,163.861235
333.6706,4,163.867903
1548.7721,22,163.867955
211.45569,6,163.871054
161.80382,3,163.871103
2075.69,40,163.874736
1258.1635,28,163.874785
699.83704,17,163.878607
4890.129,63,163.878659
4723.594,59,163.887547
5271.5054,52,163.890477
3129.4167,64,163.893581
-85.16458,6,163.901701
492.68958,26,163.905289
416.55795,10,163.905351
133.50816,2,163.908872
652.7566,14,163.908914
3604.396,38,163.911502
2140.8289,24,163.915808
359.32947,6,163.928106
105.82811,4,163.928162
4201.6504,42,163.931756
612.4367,15,163.931828
105.16193,2,163.9362
3142.4807,38,163.936262
325.07935,7,163.936278
362.68494,8,163.936287
745.1006,15,163.939529
4693.6973,40,163.944885
1715.2118,34,163.955917
132.21692,4,163.955966
350.64713,8,163.958984
369.82477,8,163.959032
2081.6094,30,163.961589
475.4037,28,163.968778
366.616,4,163.972366
3514.0986,35,163.975769
-869.76263,3,163.981681
330.5414,4,163.981755
739.6398,28,163.984723
2969.0212,33,163.995128
2808.5415,31,163.995189
2899.7998,47,163.999288
1728.2212,35,164.004721
1541.8737,37,164.008097
516.22516,12,164.008144
340.34198,3,164.008156
1329.6729,29,164.010881
790.5521,10,164.016097
2650.3552,42,164.019948
-365.36237,7,164.019995
-713.3639,4,164.020007
2047.2463,26,164.02534
49.488277,3,164.025386
2034.3345,25,164.025398
2684.8457,28,164.028136
237.27187,8,164.028163
4895.005,54,164.030771
302.1885,3,164.034494
687.2618,13,164.034563
150.99628,3,164.037911
208.81851,4,164.037954
209.64935,4,164.040972
601.87946,7,164.041021
465.49475,8,164.043861
207.80112,4,164.047206
-987.71985,3,164.051758
317.8086,5,164.054969
3886.44,36,164.059926
13.602314,6,164.062593
-1594.0471,10,164.07009
546.79694,20,164.070156
2341.0542,26,164.073545
3519.5154,42,164.077188
1771.9263,24,164.077246
191.02791,4,164.085096
768.91223,43,164.088015
49.79989,5,164.093315
4784.1655,39,164.09691
232.05145,6,164.096958
5335.5034,56,164.096986
-809.1442,2,164.102888
73.61549,2,164.102929
290.07898,4,164.108026
714.1698,10,164.114123
5012.9727,46,164.117541
70.22726,4,164.120754
3585.8225,80,164.127753
652.0004,8,164.127801
935.2841,18,164.127823
330.7881,43,164.127832
3662.7532,31,164.130633
2771.671,28,164.138157
296.4464,10,164.143536
1377.0447,19,164.143585
3105.6326,34,164.147087
5047.3735,45,164.14715
5028.8877,55,164.147165
301.62793,11,164.152065
1774.9067,32,164.158401
5302.4727,48,164.158448
-816.4513,5,164.166553
2817.356,25,164.166597
557.60944,12,164.17182
5146.252,50,164.177104
3540.129,39,164.186563
1718.3441,49,164.193437
-48.347263,13,164.193507
340.3019,3,164.19742
1667.6478,19,164.197484
392.33194,9,164.202822
670.30023,14,164.206249
11.202827,4,164.206298
2782.0532,38,164.21123
637.68054,24,164.215036
-864.0201,3,164.215095
-1013.1445,4,164.215109
1347.1526,17,164.215116
115.09571,8,164.221176
1797.56,27,164.22441
2489.4966,29,164.227353
8.034782,3,164.230278
209.66685,6,164.234624
3043.2412,60,164.234667
3536.312,37,164.234679
5628.461,59,164.239881
760.52386,15,164.239919
359.6735,3,164.242466
2153.9585,41,164.246681
3347.4058,41,164.247066
4016.8643,45,164.250498
193.10237,12,164.254447
170.06361,2,164.25451
239.7094,3,164.254527
102.17691,2,164.254536
-940.6406,3,164.262864
2782.532,48,164.268745
1342.5421,17,164.268796
2388.142,33,164.272152
1162.203,24,164.272213
98.918945,3,164.272229
771.0421,14,164.277201
268.64365,3,164.280227
4636.869,46,164.283456
5272.381,83,164.286187
578.8804,12,164.289093
2024.281,45,164.291877
130.44708,2,164.294616
300.19946,6,164.305395
588.854,18,164.31109
2946.0273,94,164.31114
2927.3237,27,164.314956
353.24557,8,164.315024
3125.589,27,164.317919
2584.8618,33,164.321231
1684.2601,24,164.321277
1880.4557,27,164.321289
173.84085,6,164.324226
1244.802,25,164.324265
334.43506,4,164.326881
3729.2368,38,164.330412
390.6983,6,164.330484
5583.5415,66,164.333963
241.2042,2,164.33401
377.2053,6,164.35639
2506.213,41,164.356436
473.48703,8,164.365418
228.39743,13,164.368184
1109.4529,21,164.379069
-688.45056,5,164.379267
232.87311,2,164.395072
3488.47,42,164.399521
1536.6536,31,164.402711
1996.7866,38,164.405789
3025.3032,28,164.409201
2556.4702,31,164.409249
-15.377464,3,164.412927
217.43039,5,164.413008
419.47827,6,164.413023
1126.9441,22,164.416026
925.47815,22,164.426629
434.8022,5,164.426672
4368.151,45,164.426683
192.12172,8,164.429515
-82.43653,6,164.433098
-907.99066,3,164.436335
371.10587,9,164.436378
767.6056,15,164.439162
895.6787,30,164.441889
2958.333,46,164.444717
94.5512,3,164.447803
1144.5074,47,164.44805
499.34863,8,164.451563
3115.8804,35,164.451605
545.8635,14,164.451617
2951.2666,34,164.454947
543.5713,10,164.457638
2853.653,42,164.46858
4949.607,56,164.480711
2907.4993,38,164.480779
1026.4224,13,164.484757
3553.3916,42,164.484808
23.439072,4,164.484824
743.52124,17,164.488194
863.117,12,164.488243
948.3165,18,164.488256
-934.1506,3,164.493166
1191.5933,17,164.498876
4673.325,39,164.49893
-542.8592,4,164.504527
2899.5273,59,164.514052
600.98114,11,164.514128
5220.6133,53,164.517816
804.753,12,164.52072
1684.0282,23,164.524017
4526.1357,41,164.527499
4614.626,37,164.527547
4644.1836,46,164.531621
-1029.6556,5,164.531675
2290.8098,30,164.53169
75.151794,7,164.537221
651.4874,13,164.539892
1795.171,27,164.543399
189.9229,4,164.543444
1306.9473,18,164.543458
282.41605,3,164.552109
528.17694,13,164.557099
4319.7495,49,164.562391
2240.9138,26,164.565548
272.70334,6,164.568419
52.40149,16,164.573306
1085.6152,17,164.57885
109.21863,4,164.578944
4084.1003,44,164.584421
4545.18,35,164.587558
3858.8147,50,164.590329
1371.2334,19,164.600815
40.701332,3,164.600871
290.2589,5,164.600886
1663.3651,37,164.600893
97.77384,2,164.606196
210.4644,2,164.606237
2342.0603,41,164.609114
699.36615,8,164.612414
4487.081,52,164.612459
6613.332,52,164.612472
-766.96313,4,164.623391
2761.2432,32,164.623591
3813.149,35,164.626848
3712.1147,56,164.626894
1972.3071,34,164.632658
171.48674,3,164.63271
3989.8364,43,164.635345
1845.824,25,164.638599
811.60876,19,164.638636
1769.9731,38,164.638648
2238.0015,47,164.641546
-369.80762,7,164.644328
400.39728,7,164.647459
297.55084,4,164.650839
1337.5045,25,164.650876
2824.408,32,164.653623
2122.7393,40,164.658938
827.67847,8,164.661643
3816.8271,41,164.671314
512.3773,11,164.671397
1365.7961,21,164.676728
207.11145,5,164.680681
259.5124,3,164.680733
4290.4756,46,164.680753
-467.22815,7,164.680762
207.54517,4,164.680768
292.965,3,164.689711
257.52753,5,164.692621
937.4392,28,164.695527
3443.9988,32,164.711864
117.667114,28,164.722139
4653.284,38,164.725192
162.90643,2,164.72524
448.06146,14,164.728374
2579.0786,37,164.728428
1238.8273,14,164.72844
-265.8463,3,164.733994
3752.8792,53,164.737557
4383.1074,50,164.74293
3618.3376,32,164.746157
3796.4136,41,164.746212
269.59732,7,164.749137
185.99855,6,164.755194
-1018.195,2,164.755244
4052.6274,35,164.758238
-1410.3503,4,164.758277
1848.7438,25,164.760992
-979.77747,2,164.764074
2328.2952,35,164.766876
4198.869,38,164.769559
2180.3457,29,164.772444
4353.199,54,164.772489
5283.6533,45,164.78909
5378.3467,51,164.791646
992.552,24,164.794954
3573.581,41,164.795003
816.7269,12,164.795017
-873.6089,2,164.806759
578.2866,16,164.810059
-1077.939,5,164.810126
5329.818,51,164.821536
4116.5127,31,164.824719
915.43896,16,164.827851
1288.1112,26,164.827891
-879.7597,2,164.830782
3704.5088,41,164.830837
5155.044,61,164.835922
156.45828,4,164.846642
3714.3955,41,164.855072
4922.0137,51,164.860464
3528.0771,40,164.863083
3264.5605,38,164.868521
4326.3413,56,164.871144
2915.5977,37,164.876237
3787.3826,39,164.878865
1539.8085,17,164.881953
2416.6707,40,164.882003
409.85522,8,164.8847
296.02994,3,164.887566
2424.2927,37,164.890252
1910.3928,31,164.895114
570.19617,11,164.905255
4559.885,47,164.913451
5174.3745,61,164.91351
5337.41,48,164.913531
704.59375,13,164.916605
155.77835,2,164.919711
4450.207,37,164.923021
2924.0508,38,164.926297
182.30103,6,164.933254
2552.76,35,164.933307
443.34564,6,164.933326
-264.99738,4,164.933337
143.83745,3,164.937292
692.897,29,164.93735
1922.7054,37,164.937367
280.40555,4,164.937374
3163.4146,39,164.94288
80.32036,2,164.942922
423.20612,21,164.947483
4533.019,47,164.947531
170.45816,6,164.965784
241.77002,23,164.974752
-280.16013,4,164.974806
-653.61676,4,164.97821
4080.0352,30,164.978244
5126.0645,47,164.981257
3451.043,33,164.991343
181.64125,3,164.994318
4940.1074,55,164.997387
2906.2495,27,165.00376
640.0737,13,165.003814
154.00916,16,165.009629
3807.6135,35,165.012969
159.8826,2,165.024334
5757.5034,59,165.024393
188.02557,11,165.027453
-952.7882,6,165.031856
111.40499,3,165.040753
475.01736,21,165.04424
3835.2537,35,165.058076
1355.4263,27,165.062968
542.12726,11,165.073306
5022.157,46,165.081181
1240.9761,19,165.081223
4492.86,61,165.088241
2373.7698,61,165.096274
4014.0242,37,165.107927
364.77237,6,165.107993
1236.3591,26,165.108009
204.34073,3,165.110789
1690.8472,23,165.195177
-144.8327,8,165.195221
3990.662,39,165.204398
3662.697,42,165.209502
4662.565,43,165.215056
241.12244,4,165.215128
4371.9453,48,165.221261
2603.4712,57,165.221324
5203.2544,50,165.224568
3879.541,33,165.228348
3504.4856,37,165.228409
3261.5059,37,165.231999
4628.2026,45,165.232072
4713.068,55,165.23525
177.78473,4,165.244797
4006.312,48,165.251654
3351.3853,37,165.257308
4030.4548,32,165.257351
2957.0806,29,165.262848
4212.116,59,165.269278
108.26872,2,165.26933
3252.387,31,165.271915
-327.82538,10,165.274563
4759.839,42,165.284383
4824.9697,44,165.287228
5066.2896,51,165.294526
3719.5295,35,165.3072
5615.7837,60,165.307253
5099.6187,44,165.310729
2197.3303,33,165.310771
1254.463,28,165.31337
-25.49528,2,165.316426
2483.8276,31,165.316473
-585.6807,7,165.326931
2475.693,37,165.326988
4684.801,42,165.327003
2403.4434,39,165.333362
334.91907,7,165.336154
80.13256,2,165.341913
4039.2395,38,165.345886
524.04486,38,165.345937
4931.43,40,165.345954
-96.647705,16,165.35678
2898.1328,29,165.359826
1066.3545,21,165.362719
-300.3831,7,165.372032
3985.6035,35,165.3721
251.66925,4,165.374999
2683.3892,34,165.379922
4955.081,53,165.392802
3032.178,44,165.396842
522.64233,10,165.400189
-1084.9504,11,165.409141
484.55487,11,165.41209
2354.633,38,165.415369
3158.3542,42,165.415427
3247.783,51,165.42329
1226.751,24,165.42878
1525.2313,24,165.428822
4441.254,45,165.438607
231.46039,8,165.438677
3420.905,49,165.438695
3458.5652,37,165.441661
64.5643,2,165.444995
3727.193,37,165.445045
90.98879,4,165.448653
48.902405,3,165.451719
4531.256,38,165.459903
1843.3575,32,165.459945
-809.2262,4,165.463485
5523.506,72,165.463756
51.392303,3,165.479166
3425.3792,41,165.479236
4357.7837,39,165.479251
3507.5186,47,165.479257
812.8982,11,165.489996
-905.02704,3,165.495943
97.688515,4,165.508856
3865.1665,34,165.508916
86.18631,3,165.519896
-104.30321,16,165.52887
3417.937,38,165.528927
736.0658,30,165.528943
1921.1068,28,165.541104
166.62231,4,165.544755
389.88953,8,165.547511
3922.8542,41,165.561943
1295.4388,26,165.562002
2237.8965,36,165.570256
4107.931,62,165.573448
4839.0693,45,165.578764
631.471,14,165.57881
3472.9092,50,165.581483
3690.678,35,165.597576
4413.635,36,165.597626
336.90192,8,165.608502
1146.8949,18,165.611799
499.8676,14,165.61185
3452.4167,36,165.614965
2764.9546,28,165.615018
195.6995,4,165.62531
4203.137,45,165.625355
364.926,4,165.625367
1608.8552,21,165.628259
2238.2805,32,165.628299
172.7834,5,165.648289
683.24805,13,165.651574
2857.5989,38,165.65164
1121.5529,20,165.656963
3897.195,37,165.66004
4661.1826,43,165.660088
4957.943,59,165.662664
1907.3735,25,165.672271
934.5942,10,165.672341
842.68066,20,165.684598
3605.471,50,165.697503
3908.894,51,165.697645
1307.2744,16,165.717922
2719.837,31,165.728585
2046.2987,45,165.734492
882.4388,36,165.734537
782.6753,17,165.737182
173.33066,2,165.740333
3793.191,40,165.740381
5213.9707,58,165.743017
-825.964,5,165.748523
2833.874,44,165.755884
71.879944,5,165.761238
2269.1572,31,165.770673
149.88,15,165.770739
-25.512115,5,165.77076
575.84357,14,165.777952
4665.607,47,165.778011
181.05914,2,165.778032
4054.8337,42,165.778043
2644.768,34,165.781641
1225.2096,14,165.781693
-1009.5492,2,165.785362
120.335236,2,165.78541
3423.1223,49,165.785425
326.1826,5,165.788129
1031.1133,30,165.798382
69.603035,4,165.811675
4264.646,39,165.814293
282.304,4,165.822963
4179.0728,51,165.823027
4456.3433,60,165.826363
3955.5327,54,165.829206
4489.8696,50,165.846103
5107.7485,50,165.846175
4101.045,40,165.8462
1799.2837,44,165.846214
-777.3392,4,165.849972
1678.4352,21,165.866772
821.85724,13,165.873599
192.2688,3,165.890739
3736.35,39,165.890795
4689.2266,60,165.890808
1317.4501,13,165.893665
16.593065,2,165.896291
1796.599,28,165.906567
3123.2454,31,165.911576
1308.1016,29,165.914432
239.43494,2,165.918586
4723.548,38,165.91864
2154.6787,32,165.922273
695.9327,13,165.922333
4070.4893,56,165.925539
206.62386,3,165.928707
2887.2498,31,165.935462
3268.546,50,165.935523
1462.8829,27,165.939476
3924.7612,37,165.939603
61.2333,4,165.942447
2115.064,27,165.946313
896.8234,13,165.946383
3542.3865,40,165.946401
3250.9697,73,165.950686
-877.79236,3,165.950719
362.99353,9,165.950729
673.30884,8,165.963367
-91.213486,4,165.991311
2851.5593,33,165.997842
-42.953278,5,165.99788
-770.70435,8,165.997889
-69.00078,5,165.997895
4041.282,34,166.012742
5117.503,46,166.023105
322.32968,4,166.027204
4296.5825,41,166.027263
5284.6553,53,166.027279
328.0891,18,166.030059
2442.1616,29,166.045631
615.1111,8,166.059384
155.54811,3,166.062638
3426.0942,31,166.082323
1326.0212,26,166.082384
153.28836,3,166.0906
1395.9204,40,166.097985
3428.145,53,166.100772
3237.8577,34,166.118744
889.072,25,166.124856
-89.59534,17,166.128654
255.82936,3,166.128703
2025.8052,36,166.131585
179.0434,2,166.134649
3761.8318,39,166.138066
5343.632,48,166.138115
366.07806,5,166.140714
1295.2288,41,166.14408
4041.542,45,166.147942
2407.774,32,166.148011
335.3455,6,166.148027
116.88759,2,166.152777
742.80444,41,166.159199
3263.5737,40,166.162471
497.42886,8,166.16251
2772.912,30,166.165898
137.89897,37,166.165942
3941.115,41,166.165955
1090.1881,26,166.168796
2436.1702,39,166.174107
91.600945,6,166.182306
609.05566,13,166.182382
2086.759,68,166.186006
2788.8452,49,166.189038
146.36731,19,166.192191
5223.675,59,166.192238
879.4359,12,166.197592
475.17383,5,166.203689
482.85306,6,166.203737
731.34125,14,166.208833
4375.474,54,166.211785
2069.9287,38,166.214998
4342.415,62,166.215046
885.44275,22,166.21506
594.7295,19,166.220225
40.664207,3,166.220273
1143.3511,21,166.225021
3170.9714,27,166.227669
837.58044,17,166.230631
4698.5117,45,166.230676
373.27087,7,166.240889
188.026,17,166.246628
-73.450325,4,166.24668
3881.365,36,166.253731
232.7006,5,166.253788
-527.2658,14,166.257299
957.8106,11,166.260449
1482.2285,23,166.267593
3608.8438,36,166.267665
-937.3057,4,166.271536
1817.1313,22,166.271599
-3.7370834,3,166.277807
4265.629,38,166.280939
3034.056,69,166.287323
218.44485,2,166.292625
65.94057,4,166.309571
1735.8901,24,166.312379
4253.122,54,166.315167
-678.3918,12,166.318681
3393.2034,52,166.318729
3455.245,44,166.318747
4079.9187,50,166.323904
3582.0364,37,166.326541
1845.6692,25,166.329226
66.77963,5,166.332448
1868.4233,22,166.332475
2467.1274,34,166.335509
98.413925,5,166.338364
-996.4601,2,166.341504
142.85606,8,166.341553
3601.0366,33,166.346723
3082.2607,40,166.346761
-1362.7136,4,166.351595
143.699,6,166.351683
2193.5962,36,166.354547
2529.4243,24,166.357197
1186.4584,33,166.360536
978.1126,16,166.360587
184.23805,3,166.364144
5002.0522,45,166.364207
4677.3765,40,166.380576
287.14066,5,166.392548
544.83777,24,166.395928
361.5753,3,166.403822
5273.228,64,166.403877
4218.421,37,166.403891
544.8258,12,166.403898
5069.047,58,166.407542
160.70901,2,166.411129
-75.64392,4,166.418079
834.60425,20,166.425759
4057.9688,45,166.428775
579.8999,19,166.435416
923.4974,10,166.439816
1125.3123,20,166.439871
5234.795,49,166.439888
167.36815,3,166.450208
4595.8574,56,166.450271
651.52637,12,166.450287
367.41974,7,166.453434
-106.66835,5,166.456884
4065.4153,42,166.463512
3171.1567,33,166.463563
2756.6155,43,166.468515
421.75854,10,166.471148
4071.88,41,166.474388
887.0741,15,166.474522
661.7971,13,166.478081
2523.464,35,166.478141
508.31604,10,166.48102
1891.7126,38,166.490361
895.3135,35,166.490425
-32.806618,3,166.490438
34.905422,2,166.495673
458.1297,7,166.498473
162.18741,6,166.498525
5203.573,50,166.503778
212.22076,3,166.507037
3872.8218,49,166.507086
3694.035,37,166.512269
487.27325,9,166.515095
-26.353767,4,166.523366
3449.8254,37,166.523421
-197.95468,3,166.523436
5115.408,47,166.528614
4307.3027,42,166.531409
253.59642,5,166.536765
2091.5818,29,166.539788
3356.1748,43,166.539841
1888.3099,26,166.543225
-150.71222,7,166.543285
1388.0728,19,166.543303
2086.6384,31,166.546018
3729.3684,32,166.558289
3020.828,29,166.558345
2515.8225,64,166.563561
3563.039,45,166.563611
181.38953,20,166.57248
165.96397,8,166.572526
1388.3969,20,166.575835
876.8752,23,166.575876
-811.86,8,166.578497
80.0999,4,166.588441
154.68454,9,166.591191
458.61932,13,166.594029
2276.0093,33,166.594075
389.30988,4,166.599128
-411.35205,11,166.601926
245.30942,5,166.605023
4108.341,41,166.605262
2531.2869,32,166.61627
-950.73035,3,166.619264
3800.111,38,166.622074
4207.644,43,166.626013
290.23517,9,166.626072
2400.498,26,166.62609
2428.0723,29,166.626098
292.19226,7,166.626102
3173.7195,53,166.635911
1297.1298,26,166.635965
579.70465,18,166.635984
243.60239,9,166.635993
233.75092,4,166.636002
553.1342,19,166.63601
259.3474,20,166.63897
4903.463,48,166.642382
210.13159,2,166.642441
253.04265,5,166.65098
2517.818,33,166.65633
726.8456,10,166.656382
150.6266,8,166.659019
721.91705,13,166.665582
329.5372,12,166.689956
4639.5684,42,166.693831
3235.981,51,166.697275
2605.214,47,166.701571
914.8793,20,166.701622
3822.9258,40,166.70465
2159.7112,31,166.70469
101.32425,3,166.710847
207.37296,5,166.710892
2180.8723,51,166.772821
1510.4763,19,166.772875
216.30812,5,166.775818
2034.588,32,166.779359
499.83762,8,166.779449
2065.725,42,166.783244
3884.572,40,166.794976
3634.1611,40,166.804668
4268.292,56,166.808456
-928.8932,8,166.814205
162.2132,4,166.814255
3971.1858,41,166.814268
3770.9714,39,166.817255
232.93236,5,166.820706
-813.0316,2,166.820745
3610.9158,38,166.820757
-1071.729,2,166.823689
3432.845,41,166.823737
2641.4653,32,166.826353
2230.713,36,166.829016
-626.76483,6,166.831907
133.41771,4,166.831934
3473.1277,48,166.835243
352.1319,4,166.835294
5153.2197,46,166.838506
907.05396,17,166.838545
1593.0999,28,166.841799
165.91739,25,166.841846
156.5668,3,166.841858
408.75943,10,166.845104
3755.414,47,166.845153
1348.7797,20,166.845169
-910.5914,2,166.850641
370.29086,8,166.85344
318.45868,4,166.856331
212.97153,4,166.856375
3321.8845,50,166.871244
372.30853,9,166.891758
3856.053,34,166.896403
2855.2065,36,166.896469
1030.7511,17,166.896484
705.69977,16,166.905558
2787.3684,38,166.908517
1726.0475,19,166.912776
3962.272,42,166.916956
1940.3745,26,166.92653
1871.8855,25,166.929483
5644.69,41,166.932243
170.76392,10,166.942853
3308.3215,42,166.945831
443.54272,11,166.960115
4103.8906,39,166.989936
552.1525,15,166.9937
2749.807,31,167.00023
3755.3074,38,167.011616
1883.2312,39,167.011684
2462.0166,33,167.0117
5739.423,37,167.028501
89.06242,3,167.028556
674.6827,27,167.028572
100.30623,6,167.045057
636.11584,19,167.045115
2064.1113,39,167.048283
-821.71234,6,167.090342
1763.8873,27,167.090409
501.66333,16,167.098271
320.68118,5,167.11296
394.70084,14,167.11303
91.32888,2,167.12714
4686.4136,43,167.127216
3183.8013,32,167.127248
215.84506,2,167.145607
2419.6292,34,167.149315
4296.256,51,167.149373
455.42862,10,167.149388
164.1695,2,167.153264
2643.827,29,167.153315
1361.8728,23,167.153329
1567.3704,31,167.153336
3308.3977,33,167.156149
251.89893,3,167.158838
609.18964,10,167.169866
17.79978,5,167.172743
4811.2974,53,167.175968
3036.599,45,167.179257
702.53296,8,167.179493
-908.57916,7,167.182574
-791.1199,2,167.182615
297.3444,5,167.192327
454.27658,9,167.192409
2434.0881,46,167.212764
1119.4731,13,167.228691
69.21071,2,167.245854
125.49099,5,167.245907
-766.56323,6,167.245936
276.40198,8,167.24911
3094.2864,42,167.25985
2963.245,32,167.272509
-56.580574,6,167.277709
5772.807,69,167.277749
3713.09,42,167.280781
2733.3494,35,167.290625
1202.7427,23,167.290694
1215.1439,22,167.290712
1320.3022,20,167.298252
3465.6055,39,167.298282
1186.0703,18,167.304151
4668.1396,45,167.307059
480.2788,14,167.307106
291.64984,7,167.309852
285.50537,8,167.327363
1622.4023,26,167.33055
3986.1692,51,167.330593
1305.9346,23,167.336404
232.58134,4,167.341619
2790.508,39,167.358542
1022.4911,20,167.358599
302.2536,5,167.358613
3467.808,46,167.362125
1792.5679,20,167.362188
1900.5027,71,167.36597
1965.2793,29,167.366035
137.48962,2,167.37054
663.6988,15,167.370593
-985.0839,6,167.370611
151.9006,3,167.370621
888.4477,24,167.37718
1698.9321,19,167.377289
547.1719,6,167.383479
123.73534,6,167.383557
4731.935,55,167.383574
645.85876,15,167.396996
183.20996,2,167.397063
271.4792,8,167.40728
202.3953,7,167.411076
2607.1216,34,167.414505
5188.4233,48,167.429949
228.02965,4,167.441476
173.30576,10,167.441543
482.8791,10,167.450145
-175.50137,9,167.453467
1146.5631,43,167.453515
160.64859,2,167.453527
5834.4688,63,167.457283
3569.1958,39,167.457354
4221.023,36,167.463735
116.86543,2,167.463763
111.8696,3,167.468022
4009.9727,34,167.468102
272.5475,7,167.477319
3371.5835,45,167.477372
550.89105,10,167.479978
68.0871,13,167.498089
-853.6189,3,167.501198
2107.9973,42,167.505121
-106.91789,12,167.50518
114.26876,8,167.505195
612.97906,10,167.51036
3267.665,29,167.513253
2030.8665,28,167.516304
102.9927,2,167.520121
2399.0166,29,167.523237
220.72963,3,167.532169
5176.9863,46,167.532248
663.7194,15,167.54819
4126.151,40,167.558951
3719.3528,41,167.559003
2751.3503,42,167.561692
769.82086,13,167.585648
3650.8723,38,167.593125
3067.4558,34,167.593173
1974.7864,27,167.598185
4687.948,47,167.602065
3264.6084,49,167.602118
4805.3115,54,167.602133
1512.127,30,167.605214
652.49713,24,167.605268
131.19847,2,167.607973
3697.1309,41,167.613391
605.3409,18,167.625299
1931.7562,32,167.62882
-327.70215,4,167.628864
638.3117,13,167.631604
3131.4863,38,167.63478
3850.6924,36,167.63484
1822.9395,29,167.640771
2513.9287,34,167.640824
55.270622,2,167.640842
24.16032,2,167.647408
-345.56628,6,167.647471
6290.7744,95,167.655621
3071.3066,30,167.665128
385.48856,8,167.665171
1777.0535,46,167.671564
3708.3572,58,167.671627
5208.8955,52,167.675439
1172.9629,20,167.691177
39.819073,4,167.697501
398.79434,10,167.709188
3717.1912,40,167.70924
-455.823,8,167.709253
1455.3116,25,167.716173
1365.5896,26,167.722137
538.54663,22,167.726097
5164.8276,52,167.732599
117.69444,2,167.732665
3062.3281,34,167.732681
2642.623,37,167.743208
2677.4263,33,167.764709
730.54333,17,167.76477
4892.288,47,167.775908
2292.5889,39,167.779272
2190.8599,27,167.783593
969.67303,15,167.783668
4672.5767,49,167.783683
3871.2844,33,167.792504
333.61517,24,167.795928
175.62682,4,167.795983
4985.0293,51,167.795998
438.50528,4,167.796005
2618.4844,39,167.801827
7017.7,100,167.801875
67.93985,2,167.801887
344.21893,9,167.804561
1826.2684,44,167.812175
-1194.9138,6,167.812242
-1167.2039,6,167.817604
421.40027,14,167.822671
117.17167,3,167.825994
3694.5938,41,167.82604
2840.5474,49,167.826051
3554.0117,41,167.832744
5248.312,62,167.832779
780.10565,11,167.836036
68.58427,5,167.839133
2995.4944,40,167.841917
3367.4832,33,167.845163
1408.6754,15,167.845201
1298.7373,17,167.852319
445.3921,9,167.855592
310.59857,7,167.855634
97.11665,2,167.860927
532.0597,9,167.863765
2401.04,40,167.873867
2450.0781,42,167.879409
168.2402,2,167.884609
1022.1692,23,167.887666
4312.9673,41,167.887935
912.3184,10,167.890862
4512.03,32,167.896533
3125.8628,54,167.899626
-72.979034,4,167.89968
305.82632,12,167.905481
4324.653,78,167.905521
4212.527,35,167.905533
4112.7827,44,167.910966
2215.8745,26,167.911012
189.95363,2,167.911024
1509.6147,44,167.916075
4727.468,46,167.916128
3916.8792,41,167.918826
726.4703,35,167.922065
3225.852,31,167.924929
-144.13588,3,167.931822
2472.7312,31,167.939359
323.58118,27,167.946606
421.5154,12,167.952983
3201.0728,34,167.953038
292.35852,6,167.955989
-971.2082,2,167.958614
-18.786009,2,167.963511
2761.1577,43,167.966155
76.967674,2,167.969341
903.89124,19,167.972726
1204.8271,22,167.976129
695.81537,19,167.976197
1099.64,43,167.979337
2716.7673,44,167.979386
1239.9459,23,167.979404
3467.1895,33,167.98616
4177.837,44,167.990315
280.07886,4,167.990375
2630.9312,29,167.993092
3321.2585,38,167.997859
360.99054,7,168.009105
169.17392,4,168.009167
193.50853,2,168.014561
2529.6848,40,168.022927
2429.5305,31,168.027983
514.0182,7,168.030763
-118.91317,4,168.04161
121.01464,2,168.044508
4920.1216,44,168.049823
4399.141,43,168.052744
3395.993,42,168.055458
122.03877,5,168.058621
3701.4612,47,168.058668
2729.5088,29,168.058681
2612.1726,30,168.069989
2437.6797,36,168.077977
2369.662,62,168.081405
1832.48,32,168.094547
-836.7759,3,168.097538
816.7876,26,168.110376
5078.0605,45,168.110443
76.920074,9,168.113466
2856.0295,32,168.117777
5342.0283,60,168.117827
110.77586,3,168.120629
569.1047,9,168.132127
1040.0735,41,168.135637
3326.0696,39,168.138363
665.8978,27,168.143486
67.26709,4,168.148223
1621.3372,27,168.151603
-671.1334,6,168.151641
4799.473,45,168.151653
3973.7334,38,168.154379
4081.8347,48,168.156929
481.29053,27,168.159767
3510.467,44,168.159805
5017.8916,46,168.162932
2621.257,31,168.166003
1044.2268,17,168.166034
204.43063,9,168.168731
2248.1565,26,168.171567
2719.8188,41,168.176685
1244.5942,25,168.179745
586.05475,10,168.179787
3480.4333,36,168.182433
102.82471,3,168.190001
116.168434,2,168.195313
886.9217,14,168.202265
-553.345,13,168.214537
3632.2585,36,168.214604
960.38684,47,168.218219
3327.6182,51,168.231708
5188.2407,63,168.235255
3022.074,29,168.235304
448.9431,11,168.23787
3023.1404,41,168.240521
2538.6038,29,168.243106
3179.4053,45,168.245708
220.69144,6,168.252287
4307.789,41,168.252351
18.811321,3,168.255158
3266.5132,48,168.257787
608.6027,14,168.260362
-367.539,7,168.263298
940.1266,10,168.263322
229.64438,2,168.265989
534.6397,6,168.279348
387.5221,9,168.282463
3619.0073,42,168.288079
2058.4785,35,168.288121
3497.0212,41,168.290771
129.85643,2,168.295873
1189.8958,18,168.295918
3243.5532,41,168.295938
292.38034,8,168.295945
-655.59753,4,168.29595
3559.5918,46,168.295956
2045.7079,26,168.298953
4075.0625,45,168.29898
-1006.9847,2,168.302124
4465.4033,49,168.302174
4790.8613,50,168.30483
62.95071,4,168.307682
1280.0416,24,168.307719
3248.451,46,168.313234
3055.809,50,168.318446
254.99268,8,168.326284
-729.15027,5,168.326335
2776.1138,37,168.329074
3973.9666,50,168.331844
683.99713,13,168.340771
-948.74866,3,168.34082
3118.0024,28,168.34735
735.24536,12,168.347411
110.99404,5,168.361413
5058.1816,51,168.364781
-873.8252,3,168.376724
1266.1873,22,168.376778
1270.3359,23,168.379494
628.0741,12,168.382157
1531.7206,23,168.385336
3425.2085,32,168.391875
1502.6659,41,168.395796
-688.9007,7,168.408859
292.14914,3,168.408912
1628.0233,19,168.408927
3512.9187,41,168.416339
4541.3794,50,168.420389
-977.15283,3,168.420436
3682.841,35,168.423815
2629.5703,38,168.441561
301.60214,6,168.441622
1284.8059,17,168.444629
2878.6233,38,168.447247
196.94817,4,168.515433
1527.2478,31,168.520741
71.505775,3,168.520791
2997.8079,32,168.520806
569.46106,25,168.520813
4526.69,38,168.523558
4038.0771,49,168.526957
1042.0715,28,168.535903
3901.3948,62,168.54473
3007.4785,52,168.544789
414.57562,8,168.548714
3028.2913,32,168.548774
4883.236,39,168.559819
361.81403,8,168.559873
-887.8718,2,168.563252
1805.3043,56,168.563298
818.4215,12,168.56331
1459.0405,41,168.566165
1764.0941,25,168.56619
1092.6438,13,168.568872
388.84103,6,168.576528
525.69525,9,168.579786
209.3629,9,168.579829
1676.4896,33,168.582847
173.66309,2,168.582892
2457.2158,40,168.602132
-89.52114,10,168.609779
3134.1526,49,168.612461
3211.622,35,168.615456
772.1109,17,168.615492
3523.2131,43,168.62594
995.3328,21,168.62891
1248.8308,22,168.631818
155.71231,2,168.631855
504.13937,7,168.639791
2595.8665,30,168.639846
3157.1475,35,168.639863
1493.3334,35,168.639871
209.6089,2,168.639879
5151.1416,82,168.646196
3596.3406,37,168.646243
4064.743,54,168.646255
4352.361,42,168.648919
1613.0698,22,168.659797
196.53291,4,168.665149
-134.30238,9,168.673898
4453.359,58,168.67893
321.3622,10,168.681956
2946.8154,36,168.686312
396.70752,7,168.694348
3332.8442,39,168.6944
730.50165,27,168.69733
340.28992,4,168.697369
1411.873,15,168.700125
1532.5715,21,168.713965
1691.095,25,168.725317
2590.023,26,168.728605
-212.51868,4,168.728647
3263.4678,39,168.731775
1988.8331,29,168.742197
4938.3403,49,168.745332
130.87004,7,168.7454
35.419518,3,168.75703
150.02496,2,168.757093
451.95026,8,168.759772
4995.628,53,168.765489
-876.87854,4,168.775861
5044.692,58,168.783309
1328.4729,30,168.783379
2729.9055,32,168.783396
3798.8977,35,168.783406
121.32483,4,168.790011
107.85794,2,168.790076
571.1414,9,168.793503
118.70507,2,168.796919
2458.4216,37,168.800559
88.6369,3,168.800612
128.59769,2,168.803767
3418.7808,39,168.806559
1439.2434,19,168.809477
3114.3152,37,168.812261
1632.5786,23,168.8176
175.55171,4,168.822548
2387.773,37,168.830482
4864.7803,66,168.830532
4696.4014,43,168.839607
1230.9493,17,168.839674
130.05374,6,168.845369
865.2296,13,168.845418
93.22711,3,168.845431
1000.9704,21,168.857476
381.3614,3,168.861053
1641.0887,22,168.861107
4096.3433,55,168.864293
872.87964,13,168.867177
1456.0146,20,168.880541
2020.7261,42,168.884959
3464.8262,40,168.885025
3432.4524,46,168.88504
3053.018,33,170.526974
-710.5619,5,170.527026
-803.5143,7,170.52984
-573.6088,4,170.537727
3543.7932,45,170.543385
661.1433,37,170.543435
4452.9644,44,170.543448
1133.0369,12,170.554274
2029.8987,31,170.557618
404.8637,5,170.557665
-130.22977,5,170.557678
-231.02948,12,170.563791
4776.5444,50,170.567511
-331.99838,6,170.573929
975.19434,18,170.573988
2745.0898,38,170.576737
125.77382,8,170.582407
4336.169,42,170.582438
5931.2065,64,170.594992
189.14638,7,170.59819
2447.9727,33,170.601757
-885.318,4,170.611724
4388.902,37,170.627118
3848.178,36,170.630341
1777.7631,29,170.630396
2925.6482,40,170.636912
4326.1284,56,170.636958
3762.8906,44,170.640254
186.39374,4,170.643485
2494.016,41,170.657758
206.09308,7,170.660412
4739.2124,45,170.663792
1331.8445,18,170.663835
4724.7773,39,170.676585
3451.4934,49,170.68004
2965.1345,28,170.690081
2606.1006,28,170.700962
1496.2097,41,170.707156
5694.2344,64,170.709843
283.08633,6,170.715651
4005.4797,43,170.718884
122.64574,5,170.722757
3738.2146,41,170.722822
1175.6251,38,170.722838
4794.1123,48,170.728001
4355.843,40,170.730934
3942.966,56,170.730979
1762.0488,21,170.733922
107.50612,4,170.733989
3416.612,34,170.751181
-504.34473,8,170.757442
1528.9493,21,170.757499
372.08884,7,170.757514
153.21469,6,170.75752
2689.6277,36,170.757526
171.73322,2,170.763082
749.04114,24,170.763128
4968.7046,53,170.765945
4220.429,39,170.776381
-191.48749,23,170.78189
176.05399,2,170.795318
615.34033,15,170.795369
326.5833,9,170.804318
3021.7866,36,170.807063
5272.053,62,170.809959
270.4793,3,170.810003
-108.612915,15,170.819971
1596.253,43,170.820239
1298.328,18,170.823402
4583.0586,56,170.830002
-933.22925,2,170.838307
429.05994,18,170.838375
5174.79,47,170.84683
4158.953,62,170.852698
2518.3455,35,170.855881
4827.4316,97,170.855922
1330.5188,14,170.858469
2546.3364,25,170.871853
3153.4333,39,170.874674
123.66028,2,170.877971
188.83145,5,170.87803
3890.1238,45,170.881178
3155.4797,31,170.881225
184.11838,3,170.886186
654.6777,19,170.891051
4487.0757,42,170.894406
252.87436,3,170.903225
1724.0826,29,170.903291
4893.482,52,170.908038
3750.7656,50,170.908108
4088.1184,38,170.908127
4431.8237,37,170.911263
4636.29,41,170.911323
1190.3054,12,170.91626
1661.4978,20,170.919671
2318.7595,23,170.919715
39.609863,3,170.925765
726.4891,13,170.92581
199.17912,2,170.930675
1938.83,25,170.947339
1585.1102,16,170.954094
4727.823,48,170.957
96.70419,3,170.962112
4887.936,44,170.962159
645.36926,7,170.966924
3283.8264,32,170.970936
2502.8462,51,170.971074
4726.679,41,170.97658
1995.9197,24,170.976621
4681.356,41,170.97927
4991.3135,46,170.981958
-727.45776,8,170.985086
3250.9568,29,170.990602
3407.3486,50,170.99329
2642.766,27,170.995883
5419.1978,58,171.001318
4145.032,35,171.004486
2012.8928,29,171.00722
180.22961,3,171.009818
-671.7853,7,171.015099
3955.6443,70,171.015145
4265.356,41,171.020686
1136.4979,41,171.027034
4717.0845,42,171.029798
432.06964,6,171.032807
3955.7327,37,171.040884
143.58952,3,171.048658
5049.6143,60,171.063646
53.3648,4,171.078569
-219.05194,11,171.078619
2793.7095,39,171.082363
3784.5806,35,171.082426
282.854,14,171.086146
3473.2126,38,171.094921
1465.9318,35,171.100038
264.348,6,171.100084
2997.6272,59,171.108545
4063.6252,39,171.119369
4368.724,37,171.125937
12.350811,3,171.12977
4059.9927,73,171.132687
630.56104,8,171.144819
4513.2,51,171.144867
3310.9138,47,171.14749
-889.29443,3,171.153772
3937.3726,40,171.157567
-93.61797,9,171.163994
425.57278,8,171.170334
157.37988,17,171.175066
5485.331,53,171.175126
1641.965,37,171.175138
1047.032,24,171.175144
5271.9966,57,171.175148
2856.5337,41,171.175152
2059.2595,40,171.177896
4850.2974,46,171.18057
-561.8627,4,171.187361
567.31335,7,171.187429
2986.3982,28,171.190334
83.07672,7,171.195965
132.65198,23,171.196011
-798.72906,5,171.207501
3081.5425,40,171.20757
698.0957,10,171.210684
3803.704,34,171.210724
1.7434471,3,171.215674
640.50006,13,171.226844
161.75793,19,171.229661
3638.944,37,171.232504
4795.407,70,171.232542
3996.0586,59,171.241301
119.84459,2,171.241358
2510.4675,28,171.24417
4040.5193,68,171.249254
234.1848,5,171.255284
186.22253,5,171.255357
1752.1724,27,171.258336
1418.2108,15,171.261347
3537.8628,35,171.261394
285.39984,3,171.264005
-886.89166,8,171.267793
1130.8646,18,171.271209
4532.8936,48,171.282929
678.4878,8,171.282975
1422.4618,29,171.282987
2908.3718,30,171.282994
-198.39238,8,171.286867
-552.2819,4,171.300409
523.86365,15,171.304393
300.3221,9,171.304444
615.74164,13,171.307464
4753.1025,44,171.312664
1982.1234,31,171.312737
3182.7715,35,171.312759
1400.5851,26,171.31277
201.80142,5,171.329849
-711.6672,3,171.32994
1135.6991,20,171.333281
3292.0847,40,171.333307
-364.33508,12,171.336499
832.95746,25,171.3393
118.87276,3,171.342535
152.55751,5,171.345865
-47.611954,13,171.351532
4966.7876,42,171.351586
4253.801,44,171.351599
-138.39056,12,171.356702
351.6144,5,171.364642
198.77881,2,171.369836
4476.687,39,171.377483
4887.5386,46,171.377678
3213.5698,43,171.384098
248.36836,5,171.390582
3543.7156,47,171.39414
4401.756,36,171.394211
3022.0771,49,171.394228
817.847,12,171.397361
130.00714,4,171.397408
689.85394,7,171.40917
28.921257,4,171.41239
2621.9421,28,171.415187
884.22217,10,171.418139
726.5679,24,171.418194
2541.0134,42,171.421088
-45.286118,9,171.426497
1204.9031,22,171.42676
845.12933,33,171.429308
1047.2068,24,171.431817
4951.9824,44,171.454038
3471.3926,41,171.45912
4013.7788,39,171.459165
3885.6614,53,171.462032
4572.021,53,171.46208
3156.246,51,171.475019
5227.7993,56,171.478148
3034.6516,43,171.478197
-98.151245,8,171.480847
2988.9053,28,171.495335
1663.3882,28,171.498422
1900.0831,27,171.501594
189.78453,6,171.501642
4892.974,54,171.50446
3161.0837,28,171.507387
-786.0511,3,171.507423
2633.5464,53,171.522464
130.59824,3,171.522528
3530.4001,44,171.545247
4156.3364,38,171.548006
4270.01,44,171.550923
2771.6187,34,171.550966
4500.751,46,171.553932
2048.1782,37,171.556697
713.1411,13,171.56004
148.82312,2,171.560084
4687.9995,41,171.566211
3560.9517,46,171.572804
6333.287,43,171.575553
4690.7964,52,171.579752
137.56859,6,171.583094
-168.93935,3,171.583121
3235.5967,30,171.588164
985.7756,24,171.594952
3956.923,35,171.595035
6031.0796,35,171.595051
782.8915,14,171.607694
308.6923,5,171.619486
4319.315,37,171.629282
4771.7266,40,171.63187
-790.0168,2,171.637335
4999.68,47,171.641075
5179.7397,52,171.641138
43.64962,2,171.701683
2246.1492,43,171.706717
75.5423,2,171.70958
4044.1682,35,171.712562
4827.667,45,171.725977
4810.511,45,171.726039
-27.714909,9,171.726054
3543.315,39,171.729671
571.7212,10,171.729922
5695.222,56,171.729941
4402.1787,40,171.729947
186.30789,2,171.733128
3882.6545,41,171.743224
3088.8079,39,171.743278
290.2677,13,171.752447
3115.4526,39,171.752535
5000.0044,67,171.752557
2854.4023,37,171.759295
3219.11,35,171.759356
3431.0574,38,171.759377
-336.08087,8,171.759388
588.1002,9,171.762688
518.587,9,171.765976
-756.32764,5,171.769759
3714.906,40,171.769811
4414.054,42,171.769825
3219.0247,29,171.774926
470.71924,5,171.783
404.96237,10,171.78867
4975.2188,43,171.788714
137.33134,2,171.794284
4650.583,48,171.806753
2517.7305,48,171.806807
848.81824,22,171.812581
4843.3384,39,171.81557
-904.46967,7,171.818198
2954.6548,34,171.820776
69.95117,11,171.823792
892.3841,20,171.823833
32.642166,7,171.827567
237.18669,4,171.832601
1419.78,20,171.832664
1837.6882,30,171.832685
2308.6863,25,171.840971
385.33673,8,171.841051
1582.6029,28,171.84479
75.07637,5,171.852112
4274.499,42,171.857092
324.27673,6,171.857181
4015.9575,37,171.860742
281.69617,7,171.867587
2572.1704,28,171.875504
4146.1343,41,171.880797
4078.0,40,171.91075
3713.4915,36,171.914555
4773.397,39,171.914608
122.35352,5,171.914624
2628.4656,46,171.920094
66.36043,3,171.923141
-492.83487,6,171.928311
4722.251,51,171.93121
-356.508,4,171.934711
4623.2744,48,171.939914
268.66357,24,171.943053
2450.5703,28,171.943099
1803.9554,23,171.948752
130.56418,2,171.94882
316.29807,11,171.95153
3645.4053,38,171.954478
4290.621,45,171.954518
2391.414,36,171.957113
1018.57263,26,171.960118
-136.1293,4,171.960154
715.03046,18,171.965826
672.3817,13,171.975353
-851.9373,6,171.975432
88.54798,2,171.979067
80.952866,4,171.979123
5235.7715,58,171.982114
-816.75085,4,171.994535
3036.693,40,171.994599
4671.6636,38,172.000104
1075.885,31,172.000161
-857.3681,3,172.002995
2843.1758,28,172.0089
184.62415,14,172.00896
4123.718,44,172.008976
-707.5562,8,172.011786
2295.3792,41,172.016763
821.079,25,172.027508
4925.331,52,172.031176
4244.558,42,172.031239
1646.7472,21,172.036974
4736.997,45,172.064165
4499.0728,59,172.083786
881.2567,15,172.113942
133.53714,3,172.117282
1448.3768,27,172.132145
4893.6562,43,172.135078
117.18891,2,172.147815
4673.9805,42,172.160142
3565.1343,39,172.160209
2558.6187,44,172.168701
2683.81,38,172.168808
3433.4507,36,172.179809
2888.101,34,172.194442
-6.026581,5,172.200264
767.1987,28,172.200319
2989.1982,31,172.213311
-130.18253,10,172.216669
33.070305,2,172.216699
1033.2549,24,172.231062
2262.2178,30,172.231126
3548.863,31,172.24104
132.32451,3,172.244224
3117.0376,30,172.244262
324.7475,5,172.259232
1429.0067,33,172.259297
250.26071,3,172.262903
746.5613,24,172.266208
3897.277,43,172.266259
4335.542,55,172.282967
3638.6912,43,172.297508
108.78679,6,172.300502
5397.3135,54,172.312351
553.3179,13,172.329488
423.009,8,172.332318
4843.7964,52,172.334986
3746.9353,57,172.352432
838.8958,26,172.352485
138.699,5,172.355875
2335.621,25,172.359413
1612.6349,37,172.362645
4109.436,44,172.365722
563.37024,17,172.365762
123.48279,21,172.371128
2897.526,30,172.374336
2788.9333,41,172.374375
4651.2046,38,172.381686
778.8185,9,172.381733
5421.9434,68,172.384281
4908.7363,43,172.388392
127.27533,5,172.388463
1296.3833,30,172.392865
2695.8665,28,172.396572
318.8564,3,172.401116
636.5625,20,172.406186
570.18585,14,172.40626
4607.4814,37,172.410336
4577.142,44,172.410407
218.7977,8,172.415007
226.45166,7,172.415068
-514.02905,17,172.422479
1619.3785,26,172.43362
-931.2114,5,172.443521
2959.6873,37,172.460716
669.93634,15,172.468054
4186.47,45,172.468158
1667.4651,20,172.476318
1730.6287,28,172.476388
4149.392,51,172.482865
-786.0127,3,172.491668
1174.6388,30,172.49598
125.11817,3,172.4993
4925.9297,60,172.512876
3100.822,35,172.512939
200.5867,4,172.519156
3013.312,30,172.522577
234.09616,4,172.526035
122.1802,2,172.533464
3816.6929,57,172.546365
2917.746,31,172.552064
4638.8545,49,172.555738
3984.8452,36,172.555797
-590.30304,10,172.559216
2720.8242,35,172.562284
250.1553,4,172.567906
2574.7253,45,172.577582
2233.7852,40,172.577652
-951.46576,4,172.577669
5222.0986,52,172.583502
1894.5406,41,172.593714
334.7624,5,172.596732
15.787239,12,172.599481
661.00275,15,172.602787
297.68668,8,172.60285
3753.4092,47,172.607396
1848.5972,57,172.607468
4828.4214,46,172.607486
2255.6372,35,172.610638
-1026.7487,5,172.616236
254.53058,5,172.629269
1055.4374,19,172.63213
352.9354,6,172.635669
607.3253,18,172.635728
4823.4824,46,172.635743
262.96033,3,172.650396
4937.6367,48,172.65047
817.0635,14,172.650486
3750.6853,42,172.650493
3519.0042,41,172.653607
3925.5967,39,172.656459
3909.6448,38,172.659163
154.09726,4,172.661993
1503.6407,22,172.667377
2364.582,24,172.667438
2324.6904,27,172.675201
3714.7737,43,172.675252
638.61896,11,172.680367
1050.8951,23,172.684874
3405.3118,40,172.684925
260.99573,5,172.691948
5106.522,59,172.707672
1371.0366,27,172.707741
3503.5408,30,172.713937
-579.5139,8,172.717248
1771.0574,24,172.720765
1959.2715,26,172.720818
5342.7637,58,172.736706
762.5808,11,172.740188
3191.9934,38,172.740223
3576.1606,41,172.740239
183.8887,7,172.740247
1461.4545,24,172.746951
4012.811,34,172.747014
2271.1343,30,172.74703
1829.5586,38,172.750427
-947.30817,2,172.757544
154.24902,3,172.757588
4143.7173,34,172.761429
4322.4907,37,172.761476
3257.4885,33,172.764934
154.41,2,172.764986
206.25401,3,172.768008
1146.1694,23,172.771007
2134.144,26,172.773857
4149.3564,36,172.776994
4395.709,40,172.781951
6156.6465,39,172.787031
-508.50403,8,172.792361
-393.5536,12,172.800984
1030.9565,20,172.80111
1160.105,14,172.805274
1156.6516,22,172.805323
1262.3766,17,172.810814
18.107231,2,172.810853
133.5267,2,172.815601
1283.0125,15,172.818121
4869.646,46,172.821083
2219.5269,38,172.821128
5350.2056,52,172.828258
3203.0361,31,172.831437
1197.5271,31,172.831476
186.86859,6,172.831487
701.1686,19,172.834001
-954.5582,2,172.843722
3976.0164,34,172.847242
278.04584,11,172.847293
57.349358,2,172.850109
357.79166,6,172.853445
3448.693,48,172.863051
3981.1594,48,172.865931
3729.3264,39,172.869018
1239.549,26,172.86908
2625.0771,23,172.874384
718.583,17,172.876971
4644.236,54,172.8846
3089.521,45,172.88465
5132.709,65,172.888331
-72.54547,17,172.888378
4143.008,43,172.891452
195.56276,2,172.891494
115.872696,3,172.899179
184.03595,5,172.899227
990.27765,18,172.90608
3817.6758,48,172.908803
2274.1824,29,172.911996
1295.8398,15,172.912041
109.22283,4,172.912052
-991.0366,9,172.914591
2385.5374,24,172.917806
600.53485,17,172.917857
1682.3495,25,172.925179
292.85428,5,172.92524
3769.1936,39,172.925257
203.50726,2,172.928065
4351.445,52,172.933123
116.98187,4,172.937386
4595.45,42,172.937448
834.6893,10,172.945331
1438.8232,24,172.948715
4551.653,50,172.948764
558.2822,13,172.957489
1042.2253,20,172.983297
3785.3975,44,172.983339
5026.45,47,172.983363
3114.4744,41,172.986642
4676.66,49,172.986683
4153.6826,34,172.995136
1217.511,20,172.99519
131.08899,2,173.001182
2040.5983,44,173.0115
2845.7766,38,173.01668
3300.395,31,173.019548
3763.154,65,173.019602
3464.9355,45,173.02484
1383.2076,15,173.027581
3198.6985,39,173.030196
2581.5696,40,173.038108
538.8321,19,173.038164
-427.90332,9,173.041583
216.14584,5,173.041633
4125.132,44,173.044289
2489.65,35,173.050568
-902.0751,3,173.050597
108.393936,3,173.058403
4038.0974,40,173.058467
4205.0566,38,173.061714
5089.352,49,173.061758
3857.6677,38,173.06471
4950.987,43,173.064758
1538.5908,18,173.067842
4457.5396,36,173.067884
-454.7588,11,173.067896
1909.9607,25,173.078029
300.92133,6,173.080739
4213.556,70,173.084315
4809.598,51,173.084361
2027.9343,32,173.090626
756.66595,8,173.09656
-328.63782,16,173.096609
164.55675,4,173.096623
171.33165,5,173.108225
3611.6924,39,173.110879
103.55812,5,173.13212
800.01965,17,173.135839
2141.7976,35,173.143581
4741.0625,47,173.14654
-1118.7269,4,173.14658
3981.345,43,173.149763
2893.3206,27,173.154711
3512.2957,32,173.157886
4174.366,37,173.157925
278.5832,22,173.160822
622.6713,13,173.160878
3813.7134,41,173.163765
2883.839,28,173.163804
3242.5837,33,173.178037
2289.3105,25,173.181221
4205.746,42,173.192068
55.546814,3,173.194797
3908.3718,42,173.201606
3209.3958,39,173.208568
4728.904,41,173.211748
3583.129,32,173.211801
4557.106,43,173.214725
3132.3335,39,173.214766
2945.8972,45,173.217365
1850.2444,19,173.224253
222.92117,3,173.224295
89.60829,3,173.227795
1795.8884,28,173.227847
276.8168,6,173.245073
4266.3867,41,173.245127
144.41,2,173.2506
1054.3823,16,173.254968
-164.651,8,173.25502
3243.7083,33,173.277753
1682.3403,31,173.280829
98.87639,3,173.291896
3571.5596,40,173.299516
2768.7854,36,173.302532
1818.9359,38,173.30258
4181.3525,42,173.305649
4659.0586,39,173.309023
148.33487,2,173.314047
33.96783,6,173.319243
6008.0615,44,173.324612
4328.6177,66,173.324655
334.97,4,173.394881
2696.6104,51,173.39493
568.6678,10,173.402123
3453.6174,38,173.402196
3741.084,37,173.402215
4164.206,36,173.402225
3488.368,35,173.413026
1190.563,19,173.413097
259.29584,7,173.413112
294.4856,34,173.416834
62.071926,2,173.420409
875.69714,17,173.424208
5228.284,48,173.424272
5521.017,62,173.430666
2666.962,30,173.430735
145.79637,3,173.433567
4368.3354,43,173.441482
4060.0068,37,173.44153
205.58795,5,173.444728
1435.5068,25,173.444816
3907.4873,37,173.449231
138.29495,3,173.45738
467.24927,14,173.463797
3211.8228,58,173.467066
853.1525,17,173.470457
3069.7527,28,173.476534
1807.0004,24,173.481606
158.91829,2,173.481643
754.5359,13,173.484534
3753.1785,38,173.484559
4474.1963,44,173.488621
4412.6426,59,173.48867
-7.2609015,7,173.49234
423.6621,15,173.492402
34.350906,3,173.495277
2578.242,25,173.505553
2726.4927,30,173.509563
-783.4171,6,173.509632
3326.009,31,173.51324
-920.7738,7,173.51653
4047.4404,33,173.525487
99.78203,3,173.53344
2005.3787,25,173.533484
1121.2725,15,173.547981
3101.3525,41,173.548035
5859.7046,64,173.551613
184.50412,4,173.551689
4227.663,41,173.560908
1020.3589,25,173.560964
3529.1577,43,173.563895
3450.801,38,173.569523
1889.825,23,173.569587
-825.7516,2,173.574803
-810.36993,4,173.579632
3093.3396,47,173.582225
1506.6053,28,173.5854
2510.128,25,173.585459
468.4823,9,173.590117
1507.7869,20,173.590193
4994.1577,47,173.593583
12.349525,2,173.593625
4133.133,42,173.596382
3058.5308,39,173.599813
-263.05408,13,173.599855
140.61998,3,173.59987
3398.5327,44,173.608824
474.66,7,173.611521
3649.6208,39,173.616775
217.41568,5,173.624201
-701.9219,10,173.624241
4362.937,35,173.626853
99.630684,8,173.640058
1862.0985,30,173.658973
1763.9524,49,173.664586
3654.1553,37,173.676381
4598.916,39,173.682076
3907.7292,48,173.682129
3443.5166,32,173.684807
4482.727,45,173.690078
218.86105,6,173.69809
621.894,30,173.702471
642.12854,16,173.702535
4457.31,46,173.710942
3739.5938,34,173.714095
5436.8774,58,173.716851
3800.117,38,173.721584
3807.4731,36,173.724445
5053.6826,42,173.729818
1320.3867,18,173.729858
-111.27988,12,173.732439
3835.3223,42,173.742626
2533.9402,26,173.745659
4315.357,60,173.75147
479.20508,11,173.751536
3385.1335,41,173.751554
4045.1628,51,173.75156
4232.2427,70,173.754381
3753.465,47,173.761465
2933.8643,38,173.761525
2860.7356,40,173.764349
3869.2869,40,173.764388
-622.60754,6,173.767281
539.3755,11,173.767326
-710.3167,4,173.772008
2030.6825,27,173.777875
172.94821,3,173.777925
-549.7942,3,173.777941
1110.1425,16,173.782896
514.072,9,173.786224
381.91138,8,173.796927
-423.95972,10,173.79698
596.92194,13,173.806579
316.49255,5,173.806628
226.55426,3,173.80664
839.9057,14,173.813911
2007.5701,29,173.829271
46.76951,3,173.829326
5098.1465,43,173.834662
4253.1235,35,173.838759
4043.0864,38,173.838827
2795.2166,37,173.84238
254.21664,3,173.84579
2724.1443,40,173.848768
3361.1938,38,173.860067
673.9432,13,173.86013
4813.2456,42,173.863097
2572.365,52,173.866647
71.821945,5,173.874561
3238.5564,33,173.874606
2785.0874,30,173.874619
163.78699,5,173.877686
306.2606,4,173.877727
376.7815,26,173.880403
97.0798,3,173.884044
814.9603,12,173.896424
3342.976,31,173.899867
341.64957,9,173.899911
480.18713,17,173.915476
373.58875,8,173.915532
198.95592,9,173.930251
4514.3745,39,173.934593
3331.2524,38,173.959897
4322.5293,57,173.963497
3740.1768,40,173.963551
4067.352,48,173.981395
617.2539,22,173.981459
622.0552,12,173.99419
3847.4797,38,173.999669
5053.1904,52,174.002604
592.8887,12,174.008068
2870.5005,42,174.011026
3720.081,48,174.011073
124.85584,2,174.013862
3144.7236,36,174.013901
3558.9963,41,174.016451
916.1019,17,174.031229
4086.691,43,174.031284
4032.6086,34,174.031296
4151.407,37,174.033866
4301.9272,63,174.046679
87.276566,7,174.046744
2951.6096,32,174.050303
2880.6887,33,174.050364
319.6725,4,174.054695
78.731125,3,174.061501
1267.3801,15,174.061812
4148.761,41,174.061838
3398.9172,34,174.064569
2343.1243,63,174.073976
88.74124,7,174.083488
2803.639,44,174.087142
1576.897,29,174.087198
180.79701,2,174.092705
553.338,17,174.092747
4028.5574,45,174.095414
143.0464,2,174.098138
287.60382,3,174.10136
-983.3656,20,174.117896
2318.9314,28,174.122707
1192.3445,22,174.122774
549.2643,10,174.127571
3856.552,49,174.127631
-291.69775,3,174.135734
2453.8076,33,174.140087
191.32504,8,174.140166
140.51714,6,174.149335
3117.4834,41,174.152732
150.9434,2,174.156005
1956.8517,25,174.156062
-776.8656,3,174.161765
3160.9717,28,174.165612
-615.5084,4,174.16959
443.15048,8,174.169663
3470.6162,36,174.172799
5115.5063,45,174.175669
-555.96155,7,174.179592
83.730255,2,174.185503
3943.885,39,174.185566
583.1914,13,174.189013
179.93073,6,174.189064
3700.8975,38,174.192338
2171.5583,24,174.195431
57.878006,5,174.200525
3829.2183,36,174.205267
727.3088,9,174.205325
5045.1006,46,174.211903
3852.1177,51,174.211956
1696.4944,24,174.215036
4095.8586,44,174.218388
126.48047,9,174.218423
144.91135,2,174.218431
4579.339,55,174.229133
-80.82945,4,174.242353
161.42969,4,174.242438
-122.00183,7,174.245818
6210.472,70,174.248585
132.94585,2,174.251136
5693.0503,75,174.261948
325.71704,3,174.265381
2590.1836,26,174.26543
3620.0667,36,174.26832
3386.3706,42,174.268344
859.27966,13,174.278201
3095.26,28,174.281189
-794.9169,2,174.28414
1344.5061,20,174.296087
2861.599,41,174.296142
115.877396,2,174.301531
159.87386,4,174.301562
137.78607,2,174.314606
4003.936,56,174.31465
1605.1285,28,174.318232
262.89893,5,174.3326
1901.8206,29,174.347211
4784.4243,41,174.347272
1505.003,36,174.350631
161.96994,5,174.350671
4623.4697,48,174.350683
102.17691,2,174.36126
1167.8801,20,174.36532
834.4705,13,174.365405
4810.582,38,174.365421
1031.1831,17,174.368957
-1046.3612,10,174.369023
4222.7725,46,174.374738
3351.863,43,174.383648
480.08383,10,174.395572
-645.74365,7,174.395627
1169.8987,17,174.398579
2135.2493,28,174.401408
2786.3079,39,174.404407
-331.14697,11,174.411033
2986.3618,33,174.411089
-285.2149,12,174.411104
123.053185,3,174.418869
5031.818,51,174.425427
3632.5327,37,174.425577
1750.8817,24,174.435664
455.26147,14,174.44348
4649.209,50,174.443544
2917.0088,41,174.443559
5100.7803,48,174.446297
-860.83026,2,174.44888
793.3187,26,174.460656
3099.4993,32,174.460687
373.94226,6,174.465971
1976.4807,31,174.478063
1319.3884,21,174.480909
4306.422,57,174.483774
1972.755,27,174.489654
1489.7704,38,174.489708
2973.0393,36,174.497408
497.59622,11,174.497458
3797.8953,43,174.503348
2012.4122,30,174.503396
-861.7423,3,174.506971
5426.7544,63,174.510007
106.587616,7,174.510052
2839.181,36,174.512708
329.57596,9,174.515362
3908.9177,41,174.519185
831.6269,16,174.519263
215.15659,3,174.519279
-22.824684,2,174.519286
1357.4009,24,174.525466
121.55511,2,174.525522
2745.653,40,174.528474
3321.3352,33,174.531259
376.4131,5,174.534195
4092.0571,39,174.543185
3786.0078,42,174.550353
3408.7983,39,174.556839
3394.174,38,174.566215
2886.5781,36,174.566302
1502.6058,16,174.569468
302.4553,38,174.575896
5079.914,45,174.575957
1176.7924,26,174.584711
959.54987,18,174.590407
167.5736,7,174.59045
3009.0217,37,174.590461
3148.6382,39,174.598106
-756.79285,3,174.606127
726.9463,11,174.606179
3927.27,41,174.606191
5151.2417,48,174.609373
412.6917,7,174.609411
2916.2876,35,174.609422
986.0025,10,174.612347
115.57139,2,174.615099
3305.8127,31,174.617788
-769.4495,6,174.623591
3017.3308,38,174.623636
4109.915,32,174.626256
3656.2358,45,174.631382
3080.3113,32,174.634309
703.6801,7,174.634334
2526.752,42,174.640173
2581.144,38,174.640237
128.37465,3,174.648767
3955.3413,47,174.652324
364.28656,13,174.652362
-102.15674,14,174.652372
196.60654,2,174.66906
2891.7751,34,174.677929
3861.1897,44,174.677997
2523.5378,48,174.684051
-139.8343,13,174.697565
976.51715,17,174.697635
66.62517,7,174.69765
2992.713,35,174.70034
-956.32764,2,174.702931
893.8772,19,174.715715
3320.3657,40,174.715759
4340.334,45,174.715774
115.98973,6,174.731273
848.9029,14,174.742257
3092.9448,46,174.745831
113.52877,3,174.745882
2491.6082,38,174.745896
113.8314,7,174.748593
133.33737,3,174.759733
4327.028,42,174.7628
3987.0364,42,174.787205
3884.1504,40,174.790142
634.8609,12,174.793112
1229.1863,21,174.79316
450.02283,14,174.795787
4385.9414,35,174.798843
2353.4863,34,174.798886
952.2128,23,174.80199
4470.5405,43,174.807027
147.3263,4,174.807092
17.530907,3,174.807109
1631.961,27,174.81078
2651.6677,41,174.810831
154.51003,2,174.814593
1001.40753,25,174.814669
159.21149,5,174.827407
202.28214,3,174.831172
158.93991,2,174.837305
128.44928,4,174.840788
-212.56412,9,174.84412
4177.4893,44,174.844167
3885.851,43,174.850477
1625.2183,24,174.850528
3796.4902,61,174.853693
251.04779,3,174.853749
2519.7078,29,174.853763
3542.881,48,174.856596
1113.43,13,174.862435
176.70566,4,174.862482
4565.824,40,174.869602
2193.0405,24,174.873084
475.4001,6,174.876826
994.6823,25,174.881965
554.0431,11,174.893016
1661.8041,25,174.900774
5146.6167,46,174.907632
121.19987,2,174.907682
3719.2332,30,174.907693
213.95718,3,174.915215
5347.4053,62,174.917778
5102.601,80,174.924789
3485.8965,35,174.924872
3154.7896,33,174.924894
4329.6177,36,174.936503
4613.33,44,174.942364
5218.6475,54,174.945035
4220.1416,34,174.952365
248.3592,4,174.952421
636.42584,12,175.014371
4529.0337,39,175.01783
4283.8794,37,175.034207
2477.799,34,175.034259
3267.2546,32,175.034274
315.5415,5,175.047819
2103.3127,30,175.047882
62.801056,2,175.047899
1788.3387,37,175.051221
4321.3047,89,175.051271
5031.6616,45,175.056802
107.91981,4,175.056854
4728.2314,42,175.065902
3251.4097,44,175.068702
-683.5933,8,175.081957
90.37529,3,175.08558
3343.3457,41,175.096326
3319.048,31,175.096379
129.39075,20,175.106138
241.5659,10,175.106189
2359.8252,33,175.11478
4920.553,48,175.11827
677.06036,16,175.118316
201.71439,2,175.128204
-404.35892,11,175.133167
3326.0205,40,175.154111
3570.3562,41,175.160821
4382.336,46,175.160865
2115.531,24,175.163704
-786.0479,6,175.166503
1572.4531,36,175.181882
3863.7703,56,175.181939
4832.1875,39,175.181954
5119.2393,49,175.185191
3991.2434,43,175.185235
252.36124,6,175.185246
2165.7283,33,175.207232
395.69598,6,175.21319
137.45338,2,175.213241
1508.2844,28,175.213254
213.03857,7,175.216229
478.13428,7,175.216281
4514.1626,36,175.219048
112.93582,2,175.227246
3130.1782,26,175.227299
3426.8147,45,175.230673
2697.494,38,175.230713
-47.482193,4,175.230725
4142.8984,38,175.233391
938.7811,20,175.236107
55.578606,3,175.23917
213.60136,3,175.23922
96.00539,9,175.247299
278.25195,10,175.247346
389.7323,5,175.247361
699.6107,20,175.247368
3986.2832,38,175.251125
1617.5587,22,175.251185
598.75146,20,175.266297
135.95644,3,175.266366
3290.8572,37,175.277227
4033.7703,48,175.283087
-275.12494,14,175.283147
329.83862,10,175.283162
3283.6296,35,175.286259
606.3159,10,175.286299
4856.997,46,175.28631
299.53256,4,175.302774
3907.7563,43,175.316201
2049.0,24,175.326425
4617.3643,46,175.326504
1260.3718,17,175.326526
119.68616,18,175.332672
3692.038,41,175.332716
1926.2742,30,175.335424
4444.751,39,175.343033
326.99936,7,175.359698
2698.2935,35,175.362405
5234.7183,46,175.365541
91.04537,2,175.365588
1801.0428,23,175.365602
1724.2115,25,175.381044
1364.2046,28,175.387468
1196.6792,19,175.395462
4996.3296,43,175.399142
3168.8545,39,175.405954
1764.7941,37,175.409955
3954.5955,42,175.417685
-215.45251,8,175.420829
3289.7383,35,175.425983
3624.2266,47,175.429049
1735.869,43,175.429097
14.805786,19,175.431664
1063.412,36,175.436772
2595.2627,29,175.440081
4389.614,34,175.440132
4654.229,45,175.44346
484.16818,9,175.443497
-32.428192,5,175.443508
-956.3141,2,175.448619
4644.536,52,175.451856
895.7214,9,175.451902
193.11069,4,175.45508
4165.7485,39,175.455129
175.00354,2,175.460196
1471.7935,39,175.460244
4677.1567,53,175.466784
-1617.0657,13,175.469807
278.28787,3,175.472986
639.67487,7,175.473036
85.55397,2,175.477991
1641.5034,35,175.48085
-94.42761,15,175.493351
559.8636,8,175.497161
3425.339,48,175.497223
2405.473,27,175.497239
70.14756,4,175.497246
5231.2046,74,175.508084
3871.1753,41,175.514354
4351.357,40,175.51779
-112.92087,9,175.53136
1623.5082,21,175.534491
2611.502,40,175.534543
4446.0244,39,175.543188
3743.1167,34,175.543242
1533.6832,24,175.54614
191.63011,3,175.561144
3713.1357,57,175.568727
496.5319,8,175.577433
566.34546,10,175.581022
213.62044,3,175.58933
-953.4032,2,175.596222
225.8002,8,175.596285
3803.6707,38,175.596329
3377.9053,41,175.600012
2871.0,43,175.600075
-732.8791,4,175.61328
3495.3977,37,175.616016
4728.4595,42,175.624155
4204.3213,49,175.632106
4330.936,41,175.635177
1429.549,24,175.63523
5241.985,73,175.646485
2155.3657,31,175.646556
331.18292,13,175.650054
2303.423,36,175.650104
106.668884,3,175.653316
3934.0378,37,175.653347
4772.3003,38,175.653356
4416.0293,44,175.662118
3094.696,42,175.665207
124.420135,3,175.667953
782.45703,30,175.671146
726.68604,19,175.682167
3434.5676,45,175.698824
3037.8528,42,175.712414
3934.6194,39,175.712467
4865.7666,43,175.717766
-877.45667,3,175.722413
246.2974,3,175.727744
225.85878,4,175.734147
-194.54736,19,175.734213
1119.9507,18,175.734228
1594.1039,22,175.748843
2559.3564,37,175.748895
-39.12759,4,175.759643
1587.3982,21,175.767678
1249.9531,17,175.767731
2825.6636,45,175.780864
2499.769,30,175.784494
3454.1987,38,175.784547
4437.164,38,175.792804
406.32123,10,175.815425
2979.7588,34,175.832088
31.25536,2,175.83213
1737.5867,32,175.854024
3569.5698,45,175.854064
2682.6748,27,175.854074
771.91235,14,175.85408
3413.2441,36,175.854087
414.92447,5,175.858187
252.41852,6,175.875501
186.10352,2,175.875559
94.09343,19,175.924825
245.49315,6,175.924873
-107.79814,12,175.929807
3796.6794,38,175.932532
4463.9946,41,175.932579
4453.717,40,175.936418
4709.4136,54,175.936473
4835.7466,48,175.936488
426.34784,8,175.94463
582.5219,10,175.944698
180.87788,6,175.947835
764.5911,10,175.951542
219.67578,4,175.963441
138.97293,2,175.969364
1861.3224,31,175.969417
2124.5608,25,175.977287
3469.3486,39,175.977338
1277.5049,21,175.980425
490.21307,12,175.980478
3703.428,33,175.987239
5052.976,50,175.987276
1597.2906,22,175.987286
891.3735,21,175.990458
2145.211,29,175.9905
514.2103,15,175.993181
709.6404,11,176.002003
2752.395,38,176.01736
1038.2166,18,176.022694
1141.0156,13,176.027839
732.95526,14,176.035071
229.46738,7,176.035127
189.36926,19,176.047549
3475.466,38,176.050136
743.42,18,176.059035
4197.632,32,176.063624
3818.9697,42,176.063679
3862.5867,38,176.068308
812.6806,8,176.080044
673.84,10,176.097671
1716.6742,27,176.100764
2877.8274,41,176.104614
2840.4883,51,176.107543
4773.0767,40,176.124613
3503.307,48,176.127686
558.9577,9,176.127731
5067.2705,50,176.127744
4316.2236,52,176.130554
433.0781,9,176.130591
3923.5505,42,176.144885
5086.2637,59,176.159865
3485.7256,51,176.167336
4038.4675,37,176.167398
157.76306,2,176.173992
4832.36,60,176.185012
1521.9982,26,176.185081
1636.049,41,176.196457
1539.0774,18,176.196512
2650.953,34,176.196527
4211.0137,50,176.196535
173.69728,2,176.201697
2325.9219,32,176.210848
297.47543,3,176.214084
285.91904,5,176.214138
2508.739,50,176.216738
4129.946,61,176.2194
4660.073,42,176.227756
591.706,11,176.234883
1083.9148,17,176.234936
2729.4678,45,176.234954
-860.40295,2,176.246492
475.60434,6,176.249194
-187.7236,4,176.252006
3203.4639,32,176.261144
1931.2837,33,176.264924
4720.085,49,176.270237
4449.269,53,176.275804
-565.5485,7,176.282328
5183.617,68,176.282362
518.8754,10,176.299001
198.88097,7,176.3018
2868.8467,43,176.30877
783.1676,16,176.312322
1649.0247,22,176.312392
285.55362,3,176.312408
4760.771,42,176.315025
159.715,2,176.324767
3687.1128,46,176.324828
71.75432,3,176.32829
4609.069,49,176.331547
2621.6853,33,176.342572
1348.3407,17,176.342631
4230.3203,37,176.342643
3808.873,36,176.345944
1553.0778,28,176.351654
6571.7637,94,176.362127
404.86566,10,176.362184
-35.56273,6,176.367495
2185.8362,32,176.384647
-885.5796,4,176.399948
2598.3198,43,176.400017
-241.3565,13,176.413246
2459.0024,41,176.416641
3079.2446,28,176.425252
3575.3508,38,176.43362
2264.7314,29,176.433669
1040.267,21,176.436903
333.82275,7,176.43695
2810.9766,55,176.449177
2932.574,51,176.454806
5121.8955,53,176.457883
183.01404,2,176.461075
4086.8545,39,176.480074
1049.9237,18,176.480154
44.312187,3,176.480174
193.76196,12,176.495687
61.79551,2,176.49576
2053.2449,34,176.49578
1781.1084,41,176.502196
788.7931,22,176.502232
3923.6416,35,176.502241
2417.4568,30,176.505961
3624.4934,35,176.511813
138.04697,3,176.515543
344.72787,7,176.531255
1542.1476,43,176.535238
926.1557,19,176.535301
769.46045,15,176.54261
345.14273,9,176.542676
2154.3064,44,176.557222
3866.4915,42,176.566201
4369.2764,38,176.566272
2611.7957,33,176.595758
630.05646,14,176.60541
5059.297,48,176.605811
2057.5652,45,176.605869
1472.9861,29,176.610174
507.18616,10,176.615767
655.1388,26,176.625371
3012.0295,36,176.629369
4632.024,46,176.629436
-1006.94885,21,176.638048
3381.4573,43,176.638095
2437.9932,42,176.643501
566.8419,13,176.648426
3041.5884,33,176.662908
4847.0938,42,176.688754
4113.656,38,176.688801
2330.8147,34,176.688813
3758.0532,41,176.697038
4955.745,43,176.697094
1229.5945,19,176.700195
1130.4169,20,176.700246
2494.9119,28,176.709641
337.02228,4,176.709684
361.21387,6,176.733955
4201.915,46,176.739662
2665.5474,46,176.739718
755.87994,24,176.739734
3844.6584,44,176.742542
4632.959,45,176.748548
5050.785,44,176.758001
2649.093,38,176.765856
5010.831,54,176.765901
4107.4507,32,176.768729
4015.6128,45,176.768779
36.979546,2,176.771234
-912.0151,3,176.774762
3035.0469,38,176.77481
158.95245,3,176.777667
3749.1245,34,176.782692
5210.809,50,176.785347
3939.6182,62,176.78837
3556.5078,43,176.788415
2207.1768,27,176.796331
2545.4236,34,176.803582
598.8335,22,176.810126
3408.5835,40,176.813542
1779.5714,27,176.816835
1501.862,30,176.827605
146.9564,17,176.827662
408.10254,20,176.831501
4369.5063,44,176.83155
3746.4666,41,176.83522
2013.4302,25,176.835285
3007.5059,33,176.852526
2738.4624,32,176.852605
563.78,6,176.852625
-540.6416,4,176.864571
232.8341,9,176.93449
4197.408,52,176.934548
-907.5383,6,176.937829
3807.9087,41,176.943396
312.4801,7,176.946086
2133.9048,30,176.95294
1298.6176,18,176.952988
183.10663,3,176.976509
3860.7046,36,176.982613
4207.8154,33,176.982657
3815.6233,33,176.98579
6400.7397,81,176.985834
547.66754,11,176.985846
1847.351,27,176.996479
2310.028,34,177.007176
208.9834,2,177.007216
-808.0204,2,177.013504
-854.55023,5,177.016427
-1028.3026,4,177.019298
4417.411,46,177.02694
341.04053,10,177.029761
-51.01483,4,177.032352
3752.155,40,177.034921
-932.19934,2,177.051592
4967.32,76,177.065902
4797.05,50,177.068532
3284.4382,40,177.08361
2551.9062,29,177.088265
3836.1824,45,177.088318
4872.2866,40,177.088333
3187.4553,42,177.088342
53.590393,5,177.088351
2446.701,32,177.095517
335.28076,3,177.098522
826.19147,17,177.101892
172.538,2,177.104928
2432.4885,35,177.115341
552.5654,7,177.115405
5179.5493,48,177.115422
235.29813,7,177.115429
1532.2565,25,177.118973
152.71066,2,177.126305
3258.7305,42,177.126379
4752.421,48,177.130054
4097.6255,42,177.130115
240.92682,4,177.140151
537.37976,7,177.143465
519.3591,8,177.143515
-58.807907,8,177.143528
35.847416,2,177.14911
2161.1335,31,177.164575
3799.2866,44,177.164627
-114.96647,10,177.167313
1681.8531,35,177.170725
247.0532,7,177.170774
2881.8984,39,177.170788
3634.5957,42,177.170795
3558.7512,31,177.182987
152.43697,3,177.187144
4872.877,61,177.187266
140.70596,2,177.187285
1078.3313,19,177.187293
113.18739,21,177.1873
3826.369,46,177.19018
3595.7834,27,177.199304
325.15088,6,177.199362
3367.5764,28,177.202555
-122.0931,5,177.202606
4218.251,51,177.202619
1056.5667,16,177.218562
155.21635,7,177.221515
2468.3872,37,177.232173
377.8825,15,177.232228
-122.254395,14,177.237391
3098.5881,43,177.241819
3682.8274,34,177.251577
1660.418,28,177.259675
288.35754,4,177.259747
2352.5168,28,177.270516
851.16034,19,177.27055
-6.077486,4,177.270558
3757.7695,44,177.284619
3124.1855,43,177.292659
5131.984,46,177.310209
594.2143,13,177.313006
180.03285,2,177.316558
2473.3872,34,177.316627
1822.5934,43,177.319813
1078.6738,30,177.319862
4024.4805,41,177.325899
198.24678,2,177.331406
-614.9704,6,177.33483
1206.9481,27,177.334882
216.95654,30,177.337894
238.02272,6,177.337922
3595.3,42,177.341023
213.33868,2,177.341082
4061.6826,44,177.343843
3698.24,34,177.35512
4599.5737,46,177.355193
3599.874,45,177.365069
-194.44806,11,177.36518
158.14627,2,177.386387
518.6903,7,177.401171
3889.816,52,177.420791
3048.0742,49,177.423684
4588.6816,39,177.426571
4582.1504,46,177.439774
3109.4565,32,177.445217
3906.1738,37,177.445267
4058.0984,44,177.448514
488.81332,8,177.448553
566.5071,10,177.448564
5285.97,57,177.44857
3881.3745,37,177.451238
2855.8447,41,177.456176
2930.055,36,177.465766
879.9574,9,177.468451
-124.05777,10,177.484414
3437.8518,32,177.4872
3734.1135,36,177.49651
1393.5682,22,177.496561
808.48987,13,177.496577
-906.97424,3,177.505062
1146.9329,18,177.511797
67.077965,3,177.515373
3644.251,46,177.515423
1723.087,21,177.51888
1890.3978,34,177.518921
247.75116,4,177.525111
3922.979,41,177.525167
2920.9932,41,177.52791
4668.4355,42,177.530872
41.80612,4,177.530912
1162.2998,46,177.533456
321.48947,7,177.536337
4927.0947,46,177.536375
3850.1145,44,177.540982
3691.426,49,177.541032
2472.6682,31,177.543629
3090.0244,29,177.546214
3591.2007,46,177.551293
-99.24049,3,177.55134
1502.4879,29,177.554057
96.87238,4,177.565971
225.0721,11,177.571387
2115.8403,25,177.57146
1531.9741,30,177.574266
279.08698,4,177.576865
4460.3076,78,177.579459
-53.88745,22,177.586162
5035.6235,47,177.599472
3057.5574,36,177.604654
1612.275,40,177.609983
822.3801,13,177.610032
4914.0103,47,177.617796
2734.9727,25,177.617839
1845.2383,42,177.620417
1333.2769,24,177.629958
159.44182,6,177.632974
265.64093,4,177.636492
3212.5996,27,177.636537
3324.1387,33,177.646794
1023.9118,17,177.646846
2949.759,38,177.64989
92.782326,3,177.65267
3976.2466,36,177.66781
3869.2805,41,177.67091
4780.1055,45,177.670964
4920.1274,41,177.688206
4977.2783,45,177.694354
3304.1204,42,177.694415
1465.5563,17,177.697737
383.36282,4,177.697779
682.8506,13,177.700585
567.8563,6,177.704338
610.9508,9,177.704386
2498.84,48,177.713256
526.2593,9,177.713297
2821.1333,33,177.713308
107.97347,2,177.718732
3836.999,37,177.718774
182.6646,2,177.718786
4202.3345,35,177.726693
5238.5376,48,177.726799
593.68286,10,177.726817
164.99934,2,177.729802
6.4962616,3,177.732808
91.70337,2,177.732857
1583.1683,19,177.735556
102.38989,2,177.741114
-455.02216,10,177.741176
3870.0596,44,177.747132
-82.849075,3,177.75029
595.2121,13,177.753848
2424.2693,36,177.753901
207.68155,12,177.767298
1103.7404,14,177.77019
459.9547,12,177.774184
2765.9897,32,177.774245
3781.5745,38,177.779501
4042.1934,43,177.77954
28.6744,4,177.784484
3166.3452,40,177.787389
729.5371,21,177.796635
4296.053,40,177.799255
1247.0769,30,177.804261
2243.1702,43,177.804306
415.2232,17,177.804318
2690.2793,41,177.808256
-798.7912,2,177.811105
2832.6924,38,177.819032
950.0687,12,177.82273
4412.5356,38,177.822773
267.61984,3,177.830679
2959.0469,37,177.83072
3749.9807,43,177.834365
4532.244,42,177.834408
275.5656,19,177.837407
349.6428,7,177.84026
4324.4756,44,177.864555
3376.945,36,177.86462
2983.9407,39,177.864637
3681.6602,37,177.87099
4257.975,45,177.871074
1074.4946,23,177.883195
4377.4404,40,177.883249
1461.5046,14,177.888273
985.4148,27,177.895457
1994.6843,38,177.898066
1945.2815,26,177.900677
3808.2131,42,177.906014
3538.7695,39,177.908847
564.23737,15,177.915223
3277.587,32,177.915285
2317.7078,29,177.920324
2820.7896,41,177.923433
3351.2073,36,177.923485
1555.2571,26,177.931335
410.82507,7,177.931382
332.1502,21,177.934289
453.86,4,177.946524
3555.8025,43,177.946571
1781.7257,23,177.949326
3448.7305,39,177.963478
4843.033,42,177.968959
1374.9192,16,177.96901
-527.1907,18,177.978175
246.67924,4,177.981178
3224.3208,37,177.981229
3903.0283,39,177.994153
2066.909,24,177.999527
5068.522,52,177.999575
2641.178,35,177.999588
1649.8982,27,178.002219
3518.1392,42,178.008634
2039.7166,40,178.011597
3758.404,37,178.014169
6501.409,78,178.016691
3541.5073,38,178.025675
799.09186,9,178.02835
126.41253,6,178.030916
3830.8193,43,178.038532
6457.5557,58,178.043792
4569.8076,67,178.043834
2886.6807,41,178.046674
4684.2603,51,178.046712
1162.4158,21,178.053597
3010.9211,37,178.053655
689.196,15,178.053672
-1093.8865,3,178.065298
3045.663,33,178.065351
3739.9272,41,178.071018
-235.60284,17,178.079942
3498.5713,30,178.080005
203.99216,3,178.089882
204.80635,7,178.092891
4678.9004,49,178.100619
426.3847,8,178.103924
3970.5942,42,178.103967
4045.0483,38,178.103981
5189.7573,74,178.114535
945.4261,16,178.114582
2713.076,33,178.11718
1042.8887,12,178.119761
243.67679,4,178.131333
3839.9697,34,178.136545
5188.1045,46,178.147296
4020.2559,38,178.147351
856.01953,9,178.154616
607.5161,9,178.168147
3602.7935,33,178.168199
838.9468,15,178.168212
1164.3619,17,178.171211
4.177395,2,178.171265
1399.0657,44,178.174517
-989.4282,3,178.193322
1236.982,36,178.193378
2594.226,30,178.193392
44.309364,2,178.198384
421.44666,7,178.201021
1174.7399,18,178.208247
528.1136,10,178.208307
3811.955,34,178.211471
133.6278,5,178.214167
35.418995,2,178.218939
221.14542,2,178.224854
4918.727,43,178.228024
856.5982,27,178.22807
5080.7554,46,178.231545
5135.7407,50,178.231599
3238.8977,42,178.234915
1810.9591,31,178.238743
-117.43646,10,178.243825
3286.1973,44,178.24387
-380.23407,11,178.243887
3002.2039,26,178.247233
728.88513,17,178.247272
3922.0293,45,178.250052
2800.0396,36,178.260731
1577.5298,39,178.265917
1932.5463,28,178.269553
241.38742,5,178.269585
1230.207,18,178.269595
280.8583,6,178.278208
153.60085,6,178.286259
3615.2446,41,178.286309
3961.945,33,178.286322
1093.025,41,178.293531
-171.72784,6,178.300715
3011.903,47,178.313284
3730.2412,38,178.317018
4248.87,44,178.319974
2534.8696,24,178.33085
375.94086,8,178.349921
194.19388,4,178.358006
2207.041,23,178.35807
3419.1196,34,178.358086
311.22662,8,178.361202
1953.6677,32,178.366782
196.99635,7,178.372895
1249.9744,38,178.372954
698.1268,11,178.37297
209.2735,6,178.381173
4749.122,38,178.381248
4509.317,48,178.381265
3680.8083,40,178.39898
1186.7255,18,178.405184
4294.1753,40,178.409416
146.45387,2,178.415794
4617.8975,45,178.41845
-30.291912,7,178.422484
2989.3877,44,178.422552
3224.7249,38,178.425647
-976.68713,2,178.42875
17.600676,4,178.443684
55.629738,9,178.448839
4889.6143,44,178.448879
4452.4736,53,178.451647
-729.16797,8,178.451694
4633.485,38,178.459075
4730.868,53,178.459151
117.89032,4,178.462
402.0346,7,178.464712
246.67874,3,178.467343
335.09848,6,178.470324
1260.424,28,178.48649
2157.468,50,178.495077
3393.8633,36,178.500244
467.38898,12,178.50351
4545.3564,54,178.514256
3983.6304,33,178.517682
3113.6147,59,178.520973
106.72165,3,178.521008
2490.783,35,178.530345
110.206,3,178.530425
2999.6072,42,178.590839
82.84675,2,178.594428
307.1483,4,178.594499
141.67337,3,178.59945
3495.2317,40,178.602837
4058.2378,42,178.602885
3632.07,37,178.608127
185.26372,3,178.611594
4577.4253,43,178.611644
-515.5545,8,178.617448
-853.70654,2,178.617496
3170.806,44,178.617508
35.929634,6,178.620626
293.67197,8,178.620665
5784.8936,84,178.620687
45.049946,3,178.6276
-713.3461,6,178.62765
147.94247,2,178.627664
4852.215,44,178.655543
4018.0388,48,178.659189
748.3596,13,178.665018
302.82718,4,178.667771
2632.989,40,178.671267
414.47903,4,178.671326
2342.4978,26,178.671341
3271.9512,39,178.684767
2984.1794,33,178.688822
2433.8308,36,178.688877
4916.648,41,178.68889
-34.3963,3,178.694375
3075.5945,50,178.699797
326.72534,8,178.699837
3351.9028,51,178.699849
4412.7734,47,178.702739
5912.223,73,178.702778
2005.7885,31,178.705539
-947.9744,2,178.708298
3139.3918,34,178.710936
459.8117,9,178.713584
186.53973,2,178.718814
2787.6816,47,178.721433
3755.6294,36,178.729323
236.11072,15,178.729371
-990.60284,4,178.729383
3405.937,33,178.734254
2607.0544,39,178.742515
4842.2397,41,178.747295
1336.7881,19,178.752698
2196.4846,43,178.755871
3941.5977,41,178.755911
4083.316,56,178.761064
2451.3794,32,178.766301
1051.5134,30,178.769898
4196.7295,46,178.769941
4584.0244,36,178.786383
1734.9285,20,178.799126
634.65186,8,178.802325
1152.5519,18,178.802377
205.89404,5,178.805121
219.82701,5,178.808163
1155.3998,20,178.808213
2640.2905,32,178.811127
2740.1401,29,178.811163
