#{"t_start": 1763756444.8246543, "env_id": "None"}
r,l,t
-1027.3075,2,0.816985
-1027.9778,2,0.817057
-1038.9452,2,0.817073
-1030.4307,2,0.81708
-1037.9623,3,0.835416
-1041.6112,3,0.83551
-1034.9716,3,0.835544
-1035.4478,2,0.851129
-949.8825,5,0.868735
-1091.6306,6,0.890024
-1676.2078,7,0.902987
-908.65393,7,0.903054
-1614.5211,8,0.917322
-1108.68,9,0.933536
-1155.61,9,0.933603
-910.32104,5,0.952404
-1312.4233,7,0.952484
-2431.51,10,0.952501
-1532.8912,8,0.952506
-1133.639,4,0.952512
-1031.3297,2,0.989588
-1591.7007,12,0.989685
-2113.9678,12,0.989703
-1059.7703,3,0.98971
-979.8499,5,0.989715
-907.3745,4,1.003125
-1272.7327,10,1.003201
-1021.212,2,1.016783
-1023.3802,2,1.016871
-1403.4644,4,1.016958
-995.53284,3,1.031118
-943.9181,4,1.044798
-452.26178,16,1.044871
-880.3499,6,1.044889
-731.54785,13,1.065591
-1749.8474,4,1.095445
-2031.0417,20,1.107423
-1043.3148,5,1.12305
-921.637,20,1.146142
-1592.7026,13,1.164531
-998.79736,3,1.164635
-211.84735,23,1.164652
-1120.444,10,1.183144
-1388.5024,4,1.199655
162.6977,26,1.21751
-355.65802,24,1.232453
-1704.7849,25,1.232519
-1077.4694,14,1.232534
-2460.1948,14,1.251853
-1334.9949,15,1.25195
-988.08344,5,1.268721
-2340.6106,6,1.268843
-1042.517,2,1.285683
-1259.2756,4,1.299702
-1133.4818,5,1.314848
-2602.189,24,1.314948
-410.17554,33,1.330232
-1344.3036,16,1.362344
-1521.8098,4,1.379821
-1611.6816,7,1.379912
-1591.6458,29,1.37993
-1039.9597,3,1.424918
-2312.2866,10,1.441401
-1522.2338,9,1.441504
-1644.1353,5,1.460489
-1363.8647,8,1.460575
33.631287,41,1.460591
-832.07776,18,1.460597
-1030.7551,3,1.491041
-593.0689,31,1.491124
-644.71094,20,1.491144
109.35382,29,1.521317
-2158.3132,4,1.521398
-827.21155,5,1.521417
-473.81445,19,1.537039
288.7447,36,1.537124
-1001.9354,7,1.564093
-921.0327,8,1.57926
-1304.6277,4,1.599794
-1516.0774,7,1.599884
-1355.5566,16,1.629795
-1288.6721,7,1.629879
-962.1885,8,1.644671
-1349.4275,3,1.644757
-980.46185,5,1.684737
-1501.2635,10,1.684806
-1030.973,4,1.713185
-435.1208,33,1.731688
-881.4479,26,1.73175
-2269.0032,10,1.731765
-578.8158,21,1.764492
-1024.2681,2,1.764546
-858.3899,6,1.792294
-981.34955,3,1.792382
-1215.5142,10,1.806839
-1389.7876,36,1.843782
-1621.8672,9,1.84388
-1030.8019,4,1.864126
-1512.1924,7,1.864181
-265.4124,49,1.864189
-1094.0144,25,1.877739
-593.1749,18,1.891051
-1044.2382,2,1.891132
434.42566,46,1.904796
1282.2067,51,1.904879
-962.2301,4,1.925263
-1507.2886,9,1.925348
-919.5774,6,1.940431
156.45947,36,1.957011
-150.85431,71,1.957089
-1359.2344,25,1.957105
-874.1702,7,1.979343
-1042.8174,2,1.997761
-1297.9402,7,2.028594
-1413.6952,17,2.06037
-772.84796,20,2.060493
1695.752,53,2.13025
-1736.5933,11,2.158372
872.0609,31,2.158446
-1306.9836,10,2.158465
-971.4956,6,2.158472
-1708.4487,15,2.158479
269.82593,70,2.173338
-6085.3135,15,2.173421
410.5121,42,2.187631
-388.54248,15,2.206165
-1025.5787,3,2.206237
-1430.7789,17,2.206253
-1557.2485,21,2.221454
-895.8337,5,2.23592
-1037.5133,2,2.235987
-745.96674,7,2.26726
-833.70605,6,2.289919
-1851.9044,9,2.311701
-1432.1404,5,2.325926
-945.20215,24,2.34098
-1027.2135,2,2.352305
-544.975,30,2.385566
-424.14624,72,2.400043
-143.77795,55,2.400141
-493.3047,31,2.400167
-890.8615,4,2.414507
-1748.7706,36,2.43105
-523.8711,14,2.431134
-1395.1743,18,2.463758
-1362.5994,3,2.463825
-12.798828,17,2.481593
-892.9496,4,2.498027
-2762.1414,14,2.498115
-1034.2147,3,2.527223
-2807.0945,23,2.541851
-1280.7716,7,2.575572
-185.64233,32,2.57562
-946.5278,7,2.575629
-1044.2256,2,2.610862
-861.76685,14,2.626549
-1445.1858,3,2.626598
-1069.9058,4,2.640624
215.13129,23,2.659218
-662.1847,16,2.659305
-971.9334,10,2.659324
-659.1333,18,2.698217
-1275.2214,12,2.698296
-1074.4615,9,2.698309
3177.3467,64,2.714729
-1654.5837,6,2.732078
-790.64624,18,2.732129
-982.63586,5,2.747009
-1251.2834,23,2.761332
-1043.465,38,2.778008
1832.2579,61,2.796279
-309.4118,40,2.796368
-874.1014,5,2.810042
-1882.7053,6,2.825897
-1543.2919,11,2.844943
-857.40607,6,2.84503
-2696.7542,12,2.845059
-905.8434,10,2.862531
-1038.5956,2,2.86262
-1784.3525,10,2.87838
139.64813,33,2.878866
-2120.523,7,2.992726
-928.5564,18,2.992812
-11.550415,24,3.00864
-611.1283,19,3.008755
-1532.8218,14,3.02541
2933.6704,61,3.025548
-1758.7677,12,3.04689
-1425.2385,15,3.046975
-1567.6816,11,3.046997
-760.6411,14,3.047007
-477.03497,17,3.047013
-1002.83856,4,3.065267
-442.42175,47,3.087674
-1044.2637,2,3.089719
-1022.69604,2,3.089773
1865.3123,70,3.126763
-1035.7583,27,3.126862
-705.9935,17,3.143878
-935.88086,5,3.143987
-911.1853,4,3.188253
-2531.9478,6,3.188336
-1046.9823,20,3.218318
-1756.59,23,3.232114
4157.3604,87,3.252648
-3308.5874,12,3.252722
-975.2509,7,3.252739
-1282.567,11,3.272103
-2726.867,14,3.27218
-1059.5957,10,3.286895
-2677.2512,7,3.299169
-948.15533,5,3.327637
-1388.2638,6,3.344064
-816.2855,7,3.35855
-1503.8467,6,3.373919
-1325.5969,10,3.373996
-2558.512,20,3.393032
-999.48737,2,3.411479
-1038.6761,3,3.411557
-1362.1902,26,3.443503
787.153,41,3.458126
-974.04065,5,3.476304
112.50183,24,3.476429
179.86871,29,3.476449
-1252.0914,14,3.492732
-1292.2786,7,3.492816
-1337.6445,3,3.531587
-1062.4993,7,3.53167
-811.91895,40,3.531688
1508.5469,79,3.546661
1562.438,55,3.546731
563.4211,33,3.560615
-1405.3108,8,3.584903
-1229.382,5,3.585011
-1199.0696,4,3.603543
-1042.873,3,3.60365
-1625.4355,11,3.603671
-1822.7322,8,3.619102
-1476.0193,8,3.63444
-993.81696,3,3.649188
-720.76196,28,3.649276
-1756.0142,8,3.668061
-334.88434,68,3.668196
-1300.5935,4,3.668229
-1227.5139,7,3.706755
-1130.2999,7,3.706829
-2450.278,10,3.728566
-1044.2637,2,3.747908
-1099.6896,9,3.763539
-635.17395,13,3.763618
-968.06104,4,3.786115
587.3754,47,3.838148
-1387.3435,10,3.854854
-299.2243,45,3.8979
-1510.6776,13,3.897963
-1239.5323,8,3.897976
-1939.3326,15,3.91814
-901.33374,5,3.935725
-948.59283,4,3.965016
-2336.3616,17,3.965092
-2629.9111,13,3.985465
-1030.4537,2,4.003423
-569.5608,38,4.003524
-354.06158,20,4.003544
490.93958,56,4.003551
549.06366,32,4.032366
-1044.2637,2,4.032447
1740.3223,47,4.032466
-1062.4832,3,4.048267
-982.49884,19,4.1127
-1424.6615,14,4.146954
-1486.8387,13,4.172395
-1783.8751,9,4.172494
-870.282,9,4.207576
1324.0974,37,4.229052
532.6616,55,4.229147
-1076.8477,11,4.245734
-800.9474,5,4.261907
-796.0044,20,4.275154
-846.72076,10,4.29982
-2180.5034,48,4.319034
-993.32074,3,4.344115
-611.15515,57,4.344168
-2833.6187,9,4.344177
-974.24963,5,4.366786
-1026.3496,2,4.389594
7879.5327,126,4.389668
-2570.065,7,4.389687
-970.46796,4,4.389693
-1473.6355,10,4.420037
1911.1748,63,4.420147
-1719.1569,24,4.420166
1198.8014,37,4.420173
-1034.1351,2,4.449645
-1040.0183,2,4.449983
-528.2793,25,4.450005
-1347.468,3,4.464291
-1901.456,5,4.464394
-1472.1299,4,4.488352
-154.78656,38,4.51854
1214.3545,47,4.558893
-2497.9072,9,4.605817
-1512.3018,10,4.63568
-2123.258,17,4.635774
-1068.8157,36,4.654681
-1039.3818,18,4.65477
-1507.4111,35,4.677656
-969.8263,10,4.697613
-1402.7664,14,4.733141
-1025.84,2,4.733227
-1244.4155,5,4.733241
-188.22565,28,4.733247
-1004.34106,4,4.733251
-917.10754,33,4.750225
688.504,39,4.766702
-841.1187,23,4.782677
-533.1249,51,4.813205
-1102.645,21,4.813281
53.948975,27,4.829305
-776.9133,26,4.829403
1701.3904,68,4.852499
155.78088,27,4.852583
-1051.5435,4,4.8526
-1275.6948,6,4.852608
-533.6022,23,4.868026
-1038.0973,3,4.884373
-987.63544,3,4.902785
2844.5056,72,4.902882
-1117.3864,11,4.920859
-1037.0714,3,4.92094
-1386.7485,15,4.936308
-681.07745,21,4.936392
-1378.1744,7,4.951561
-1186.2769,13,4.951693
825.92896,37,4.969427
-1001.24854,9,4.969641
-1585.3513,5,4.993258
-2008.9636,6,4.99338
-808.0631,9,5.009029
-1042.0312,5,5.02907
-150.29694,21,5.029167
821.6502,34,5.045118
-1725.3783,11,5.045233
1835.7935,48,5.060872
-1222.0424,4,5.060992
-1634.7335,4,5.061011
-888.1099,9,5.079345
-1192.123,4,5.07945
-1326.4071,8,5.079468
207.61908,21,5.096746
-463.67798,21,5.125993
-1022.19434,3,5.126064
-2289.5117,8,5.152807
-1613.0281,6,5.152888
-2243.2358,15,5.171436
-1005.71436,14,5.188842
-2187.6248,14,5.188941
-876.0818,17,5.188958
-2362.4146,10,5.202013
-831.15283,8,5.202093
-1136.7628,4,5.215015
-1241.5525,12,5.243583
643.84955,31,5.243657
-2406.5269,13,5.243674
-2853.1194,18,5.265507
-896.5651,5,5.265629
-1847.6882,14,5.280154
-1038.7599,2,5.297417
-3067.493,14,5.297497
-2934.082,10,5.313448
-125.38904,40,5.313545
-1547.9158,8,5.326478
-454.9583,15,5.356892
-970.9292,6,5.373137
-999.1045,16,5.373232
-153.52576,25,5.373251
-1685.7839,5,5.373257
-275.0526,41,5.403429
-1044.2637,2,5.403511
-666.6257,14,5.41981
-1045.1757,3,5.419907
276.08527,37,5.46291
-3056.5571,11,5.477344
-682.76117,13,5.523714
-1613.916,22,5.543384
-1402.861,4,5.543463
-125.36218,18,5.543482
-1473.3911,18,5.543489
1390.8578,57,5.558016
-720.60144,13,5.579385
-1248.5723,19,5.579459
-2142.9395,12,5.579474
-1036.2578,2,5.579481
-1032.1791,3,5.579487
-1002.49866,3,5.596065
-2052.5361,8,5.596151
-1029.7341,2,5.61424
1164.8091,48,5.614306
-1276.0015,14,5.614322
-1952.4592,11,5.614329
-1248.4562,19,5.62604
-1065.3652,5,5.626159
-1447.5974,5,5.662122
-632.317,15,5.679762
498.90442,40,5.679851
-1466.0178,6,5.679869
-1053.4354,4,5.694174
-1294.9115,7,5.694273
132.7818,32,5.710622
-1032.6383,8,5.710701
-1069.1381,2,5.725041
-1002.0551,3,5.725125
-1165.8145,8,5.74163
-1078.2689,3,5.760956
-1144.8479,9,5.761032
-1652.5311,5,5.761048
-1605.4392,5,5.761054
-1029.7877,2,5.778337
-2542.2637,15,5.815993
-2111.5347,12,5.816046
-841.7764,24,5.816059
-1823.5977,12,5.816065
-1306.7389,17,5.830184
-1090.8622,9,5.84612
-1803.0531,7,5.846214
-1050.3885,4,5.846233
-1020.4248,2,5.84624
-1015.902,6,5.866986
1735.7955,47,5.867076
-2610.5435,6,5.867095
-659.53156,28,5.880768
-1205.1892,5,5.896214
-1339.2981,15,5.913126
-1014.68286,4,5.913201
-1044.2268,2,5.944135
-1201.8324,6,5.957913
-1122.7017,10,5.973891
-1737.8037,24,5.989899
-896.57007,5,5.989961
-2884.7583,15,6.010612
-1725.8496,10,6.028815
-968.81903,27,6.04089
-1028.6316,2,6.0634
-1689.6316,50,6.07943
-918.1866,23,6.095623
-2188.3677,29,6.109607
-531.7516,21,6.109702
-1281.4426,7,6.131548
-994.51855,18,6.159452
2388.5425,63,6.202416
-1368.5254,6,6.217713
-1028.7842,2,6.230237
-765.375,64,6.260295
-1458.2692,20,6.260346
-1935.4973,27,6.276191
-2167.3132,8,6.276268
-1694.5258,11,6.276278
-2537.8044,19,6.294415
-2034.9958,16,6.29453
-1044.2637,2,6.294563
-2316.9163,13,6.312321
-1035.6119,2,6.312407
-4116.033,14,6.312426
-1034.2007,3,6.327263
-969.05237,4,6.3451
-1275.6241,19,6.375206
-887.9215,6,6.394633
-83.335144,25,6.394721
-922.10455,6,6.41105
-1296.4135,7,6.411142
-2020.8706,34,6.425682
-21.593079,39,6.441162
-2554.8645,37,6.441285
-1715.1189,24,6.441309
-957.1301,5,6.456585
1225.541,46,6.472849
-1210.2661,15,6.472923
-1031.542,2,6.472938
-2310.367,9,6.487646
-971.4323,4,6.509248
-1019.00964,2,6.509372
860.6706,42,6.525142
-82.50079,73,6.525223
698.9217,39,6.577292
-1920.4531,5,6.591434
-446.35492,19,6.606752
-601.64844,19,6.606824
-2357.3477,14,6.606841
-937.89935,5,6.657051
-980.0574,4,6.657125
-1034.0922,4,6.673694
-1785.1499,28,6.700605
-1170.8976,13,6.700679
-60.440002,52,6.715341
-920.6914,4,6.715475
-2648.2537,21,6.715503
-250.79193,17,6.730699
-1031.3652,2,6.761398
-2229.092,22,6.774975
-1340.5396,8,6.775056
-544.14453,25,6.795799
-1086.0522,4,6.834457
-1028.8188,2,6.834578
-2856.9197,8,6.83461
-530.5586,28,6.865568
-1488.8964,4,6.866092
-933.8309,5,6.891251
-203.17725,41,6.891392
-230.72888,25,6.912642
-146.66241,18,6.928295
-1062.0037,7,6.975238
-1003.583,3,6.97533
-602.91296,21,6.975348
213.52045,30,7.036508
-1725.7893,8,7.050385
-536.6265,45,7.050698
1481.0656,76,7.084691
-529.6439,21,7.099904
-1985.5281,13,7.099991
-1798.6277,35,7.100008
-400.20862,23,7.13095
97.898865,39,7.13105
-1642.0493,9,7.13107
-922.10736,4,7.149314
-1033.5492,3,7.149396
-911.44354,6,7.149412
-2534.2712,15,7.149417
-340.99677,71,7.149422
-1623.6295,5,7.177956
-1599.9934,18,7.178046
-1051.3053,3,7.192578
-2123.827,30,7.192666
-1038.7495,3,7.192681
-1041.4565,4,7.192686
-2102.8584,31,7.242585
-1041.3898,7,7.242692
-1356.1316,7,7.265972
-1019.60236,4,7.266058
-1584.6558,5,7.284832
-1045.8706,3,7.302704
-1035.6014,2,7.302807
-867.5605,30,7.369473
-2791.35,20,7.369526
-791.8084,13,7.369539
-749.64197,19,7.369544
-771.46466,7,7.387062
2250.304,55,7.387149
-1131.0232,7,7.401748
-562.92633,14,7.423491
-1373.6207,3,7.42356
-1408.593,26,7.423573
-681.44165,32,7.440722
-418.0915,18,7.453119
-1075.2947,17,7.466465
-1020.9895,2,7.466546
-799.66473,7,7.482256
-2705.3484,10,7.540831
-545.71387,28,7.556019
-868.64734,16,7.556106
-2053.2537,9,7.556126
409.677,43,7.572737
118.7547,50,7.572827
-1496.2192,29,7.603051
-517.46857,15,7.603438
-808.3285,23,7.619364
-491.15973,17,7.636319
-1311.7858,8,7.664349
-888.497,7,7.664443
-883.42834,5,7.680869
-567.2866,30,7.680955
129.72028,20,7.70916
-840.7134,10,7.725584
-761.96515,8,7.743371
-1304.3779,4,7.743482
-655.7551,19,7.743499
5346.169,80,7.743505
-303.08398,37,7.895801
-982.69965,4,7.911313
-1374.996,16,7.911759
-1054.1097,5,7.930331
-964.8782,5,7.930433
4543.992,91,7.93045
-3033.276,23,7.930461
-1230.0795,12,7.930467
-107.60803,23,7.946352
-3208.9343,15,7.946448
-2318.1572,19,7.958954
-981.5899,3,7.973034
-1021.2672,2,7.992301
-1353.4336,5,8.005049
-998.7544,2,8.021208
-785.2275,6,8.04231
-889.8372,30,8.042382
-2694.6592,18,8.059197
-1139.9758,14,8.075069
-1904.0398,10,8.075161
-1449.8103,10,8.07518
-1205.0146,16,8.089239
-959.5241,17,8.089305
-1010.0709,9,8.08932
-1854.5521,7,8.089328
-996.4221,10,8.089334
-1006.8726,2,8.108091
-916.85455,5,8.122323
-4105.51,12,8.122666
-929.54645,7,8.171113
-1109.8164,5,8.171202
-1367.3158,5,8.17122
-103.76196,50,8.198122
667.1343,70,8.216959
-432.78815,20,8.217024
-1041.2124,2,8.231642
-522.67175,12,8.23173
-533.4404,49,8.261859
-750.86847,47,8.261949
-1531.4097,11,8.261969
-2970.3667,13,8.276982
-3917.4395,13,8.297039
-906.6073,4,8.297121
-1332.1326,5,8.29713
-2355.1516,9,8.313895
-2168.1274,50,8.313963
-1694.3677,12,8.313981
-1182.7584,20,8.345168
-1138.1902,11,8.375135
-174.47809,43,8.391138
-1841.8572,6,8.391224
-1016.8379,2,8.391239
-1046.0465,2,8.408187
-1967.5549,5,8.422874
-708.74506,18,8.436718
-1085.8025,6,8.436782
-864.9363,6,8.436797
-2932.1726,20,8.452533
132.09546,21,8.452637
-1044.2637,2,8.465703
-918.30334,9,8.46579
-1221.106,12,8.496188
-2011.5852,8,8.52539
-1583.6783,7,8.539462
-1058.0361,7,8.558253
-1028.2809,6,8.575684
-1311.7139,8,8.57577
-874.61975,4,8.590782
-1314.2063,9,8.607738
-1178.3546,13,8.607921
-266.2486,51,8.625593
-19.227356,34,8.655114
-197.93463,20,8.6552
-852.978,5,8.677655
-806.6984,23,8.716496
-1044.7478,3,8.716612
-1451.4474,14,8.736742
-1190.4503,12,8.756269
-1745.925,7,8.756427
1347.4104,58,8.776768
-1044.2334,2,8.80896
-980.113,3,8.80908
-1800.2849,30,8.825222
-368.7777,21,8.84795
-599.23035,32,8.848052
-1440.2899,5,8.848073
-997.0774,16,8.848078
-2991.7214,14,8.869038
-2019.4487,16,8.869129
-886.24744,39,8.869149
-356.70685,35,8.869157
-932.6682,4,8.886545
-1093.4622,3,8.90208
-1067.7393,3,8.90218
-1511.2212,27,8.936185
-1513.74,52,8.936268
-1721.4656,6,8.96064
-88.771545,59,8.960716
-2527.163,5,8.96073
-722.1953,17,8.975402
-179.013,21,8.988651
-572.7781,18,9.0026
-1154.0486,9,9.024268
-2332.1423,9,9.039236
-1649.8925,9,9.057165
-959.9916,4,9.05768
-981.54407,5,9.057873
-1048.5421,3,9.073541
-826.3879,28,9.073622
-1024.7021,2,9.097659
-1007.7554,9,9.11286
-1024.3528,2,9.112926
-1909.1151,15,9.112942
-1696.3656,3,9.164791
-990.9802,44,9.182769
-1048.379,16,9.229845
-803.4918,30,9.252129
-1163.0507,9,9.252226
-2309.8965,17,9.252246
-336.391,24,9.282483
-839.8679,13,9.282568
-2721.8745,25,9.298822
-994.4551,2,9.314271
69.342834,53,9.314398
-1713.5684,6,9.329789
-88.42932,35,9.344318
-673.1287,25,9.359018
-842.3812,18,9.359108
-1360.3477,4,9.359124
-1796.0941,8,9.373016
-3050.0222,14,9.404966
-673.1582,24,9.405072
-1674.1958,7,9.422133
-1208.1973,7,9.422235
-6.4001465,29,9.422259
-831.097,4,9.437546
-1063.9318,23,9.453995
-1792.8762,7,9.469018
618.43964,44,9.469101
1651.4631,73,9.488781
-881.2326,5,9.50183
-1308.7501,4,9.501906
-1047.5675,10,9.501927
-3369.5808,8,9.532866
-1664.4153,31,9.552636
-802.2117,17,9.552725
-3104.386,9,9.583034
-678.7923,9,9.583127
113.6322,41,9.608908
-1892.7153,16,9.608977
-1040.7319,2,9.608993
-1910.1255,7,9.609
-1501.7451,26,9.609005
-2541.9834,8,9.650221
-1050.4656,3,9.670727
-1026.3755,3,9.67079
-1115.6111,11,9.686246
-1305.0305,9,9.686346
-998.20776,2,9.686366
-1624.0466,33,9.686373
498.7207,34,9.70064
-164.17743,27,9.724152
-924.5121,6,9.724224
-1360.7943,7,9.724241
-1074.0865,3,9.737955
-2296.7385,10,9.763734
-567.3002,13,9.763803
-908.6484,5,9.76382
-1766.447,18,9.795007
-933.75714,4,9.795076
-973.4335,5,9.810349
-952.2514,7,9.810419
-984.23145,3,9.842429
1083.135,61,9.872097
-1499.062,11,9.87219
-1235.394,17,9.888455
-1461.7345,6,9.904863
1294.584,64,9.935066
-938.35657,11,9.93514
-1000.13654,3,9.935157
-3592.1436,11,9.935164
-802.35205,23,9.951182
819.7032,34,9.951283
-1099.6464,4,9.966009
76.33203,43,9.983628
-828.65375,14,10.012531
-1489.9131,5,10.012876
-1351.7783,3,10.012905
-1219.1779,19,10.048487
-1024.2157,5,10.097909
-826.1305,5,10.097985
-809.4762,29,10.098001
-1616.7644,8,10.113695
-1023.76135,2,10.141675
-1174.3999,3,10.141767
-694.8019,32,10.141783
246.12848,21,10.170855
-1036.5193,3,10.192123
-987.4925,3,10.192218
-537.53894,17,10.227153
-825.9689,8,10.227244
-1044.2411,2,10.227264
1205.4021,51,10.227271
-107.16046,34,10.278761
-302.70404,36,10.290708
-978.72876,8,10.312114
-989.5818,5,10.312194
-93.807434,32,10.331818
-1034.8474,2,10.34671
-938.9983,8,10.362298
-128.84167,30,10.362414
-568.75366,22,10.382506
-120.10516,28,10.397747
-28.070374,34,10.432386
-792.17535,20,10.432476
-1620.4026,5,10.44799
-1076.8208,7,10.448062
588.4182,48,10.463763
-1044.2637,2,10.493282
546.22327,34,10.514658
337.8927,35,10.514726
1449.7828,60,10.531101
765.7755,51,10.531185
-1863.086,13,10.531201
-830.1161,8,10.580293
-1562.3136,9,10.594043
-719.1109,19,10.611484
-375.18213,16,10.62641
1462.0659,54,10.645643
-1463.1411,10,10.663473
-1348.8254,5,10.663566
-1558.9854,17,10.679351
-1435.3785,11,10.70288
-1358.5188,33,10.702972
-2005.1146,21,10.702989
-2083.975,6,10.732379
1419.2789,48,10.732461
-1388.2904,30,10.732474
2737.25,79,10.747308
-944.95966,2,10.763162
-3223.3105,20,10.763257
-859.3155,5,10.779761
-44.15576,30,10.779868
-1727.259,11,10.795781
-1099.73,13,10.810916
646.6675,35,10.811029
-808.1837,10,10.830065
-995.40564,3,10.830167
-1669.5623,5,10.844255
-1172.2422,10,10.844384
-1008.4563,3,10.884452
-1326.0618,9,10.916031
-1037.0319,5,10.916095
-2097.933,44,10.916111
-1236.906,7,10.916117
-800.36633,10,10.916122
73.40405,25,10.916128
-844.50165,7,10.933757
-1405.5568,13,10.933846
-1877.5828,14,10.969378
-1258.8184,4,10.987379
-1655.8801,18,10.987517
-1171.6667,11,11.003574
-2409.238,5,11.017561
-956.2176,31,11.033493
-1131.3893,8,11.058113
-881.3842,17,11.087046
-1615.3643,5,11.105144
-1030.8103,12,11.121516
-1039.585,15,11.173577
-919.99414,32,11.173672
22.287354,31,11.173694
-379.20905,30,11.186965
1451.2549,47,11.203289
-1083.9622,3,11.217408
-1180.562,9,11.234376
1022.6951,55,11.278873
-1335.1511,20,11.298465
-2143.6746,15,11.298587
-1551.4866,13,11.313619
2460.1948,77,11.313699
781.28265,48,11.313716
-1030.408,9,11.332292
-1543.6404,11,11.357566
-807.5085,7,11.357658
-356.6269,25,11.357697
-1018.83496,3,11.378153
-629.4505,10,11.37873
-924.0117,5,11.37879
-2241.0396,24,11.397874
-993.34485,3,11.427216
-344.50665,38,11.427297
-1675.0217,5,11.427316
-2374.1147,7,11.427323
-736.18884,31,11.444615
2612.4202,55,11.444733
-1394.5483,4,11.444756
-18.152893,27,11.463334
-1167.618,45,11.476185
-1031.648,2,11.476267
-953.1325,8,11.492905
-1559.2025,7,11.492981
-991.9332,3,11.523929
-1011.8683,6,11.524016
-1310.8225,6,11.524034
-745.9344,8,11.556844
-964.98315,7,11.556967
-1030.2507,2,11.556987
-1784.8593,24,11.576628
-2635.6426,13,11.576721
-796.96936,7,11.605251
-1041.2521,2,11.605359
-1500.887,9,11.605376
-1042.7303,2,11.605383
-977.18195,4,11.620511
337.75208,46,11.647477
-1042.924,2,11.647547
-2037.0586,8,11.681029
-721.8965,39,11.6811
446.37598,30,11.71437
-1175.9381,8,11.74
-1472.3047,13,11.766953
358.61316,29,11.796411
-803.04535,13,11.814429
-1059.409,3,11.814523
-1787.1113,13,11.814544
2057.2852,58,11.87989
-797.32196,31,11.894701
-1091.9736,6,11.909781
-1364.3477,15,11.922481
-1018.3145,3,11.922568
-1318.01,32,11.986228
-139.40271,21,11.986322
855.4725,43,12.001771
542.1463,36,12.018625
-1832.7617,8,12.018714
-402.72736,34,12.033485
-451.7996,20,12.051315
-1670.4126,43,12.051392
-404.49347,57,12.051409
-1396.461,15,12.051416
-957.6308,8,12.051423
-990.19183,4,12.069855
-1019.98364,2,12.069952
-941.8431,6,12.084816
-2746.5542,18,12.084911
-636.82056,25,12.084928
-994.4203,4,12.111345
-1735.3999,6,12.111683
-1347.6055,3,12.11173
3608.5684,70,12.131457
-1814.3716,30,12.131628
-1029.7057,2,12.146598
-898.4073,6,12.146687
-909.60394,40,12.161234
-962.8445,7,12.191942
-980.17114,3,12.207194
-186.96002,40,12.237899
-1285.9485,15,12.250055
-1207.6345,47,12.267932
-370.44397,56,12.316903
-2331.0286,12,12.316982
326.49847,28,12.343844
-1290.944,5,12.343942
-1044.2172,2,12.343962
-1276.3271,7,12.343969
-1472.6736,16,12.359363
-1085.9731,15,12.373452
-1253.5898,5,12.394555
1621.6509,67,12.394643
-1043.9413,4,12.418165
-925.7678,4,12.418284
-1740.3083,44,12.418304
-1053.3268,15,12.436303
-1036.8499,2,12.436409
-590.225,40,12.450947
-310.99078,29,12.451011
-1036.6095,2,12.475499
354.56476,35,12.493793
-1043.1809,4,12.493895
627.90436,27,12.522026
-1019.3856,2,12.552438
-881.16064,9,12.570758
-2267.961,13,12.57087
-1131.5222,6,12.592728
-814.2264,29,12.606567
-1199.8867,13,12.624394
-9.299255,22,12.624775
794.74274,36,12.642219
-1316.6665,5,12.655515
-1130.3185,6,12.67018
-1583.2816,13,12.684789
-1368.2048,15,12.697986
-1937.2845,7,12.735529
-1466.8538,6,12.749848
-1632.4901,20,12.766363
-1024.2537,2,12.766435
-1730.7498,13,12.766448
-1064.9937,39,12.779393
-66.56415,26,12.794834
145.87714,47,12.806939
-1638.7827,9,12.82514
-3240.75,10,12.825245
1360.72,46,12.825286
-1631.1333,4,12.825303
-1046.0414,2,12.825311
1967.7136,49,12.845409
127.88629,27,12.865911
469.08575,49,12.865978
-1048.4901,5,12.865995
-1031.9264,2,12.866002
-386.02515,29,12.866007
-896.5943,6,12.866013
-2235.4355,16,12.866018
-1039.4858,2,12.894835
-465.0675,26,12.90949
-1018.3932,3,12.909571
671.1254,44,12.924843
-1152.125,21,12.924953
-2710.2102,6,12.924969
-1022.9465,2,12.939896
-1084.9209,3,12.939991
-1015.7282,3,12.980647
-1050.9147,10,12.980716
-931.0832,4,13.000001
-951.64355,5,13.000069
-1535.6858,11,13.016253
-1756.555,9,13.01634
-962.81573,24,13.031321
-852.9042,7,13.069858
837.42566,43,13.069967
-1428.1279,4,13.069987
-1107.8268,13,13.089515
-1339.913,6,13.089587
-1044.2637,2,13.117437
-3011.6719,13,13.152776
528.18695,32,13.152841
-894.66693,5,13.167346
-1044.2637,2,13.183465
17.764404,25,13.183533
47.17926,44,13.183548
-1006.9638,10,13.222031
-1107.7117,4,13.222079
-1011.96814,3,13.222088
440.5985,34,13.254456
-960.3867,5,13.254581
-475.91937,18,13.298355
185.96979,34,13.298444
-2107.13,10,13.298453
-309.57635,29,13.298459
-2788.0366,30,13.31766
-294.9713,23,13.317757
-1942.62,28,13.317774
-593.2389,17,13.331233
-1035.4652,2,13.331306
-2179.5566,6,13.34647
-1287.9485,21,13.346557
-479.04706,22,13.346586
-1044.186,2,13.372673
-2220.8901,8,13.387152
-1191.1278,5,13.402387
2039.7145,80,13.421005
-1048.9004,5,13.436956
-1240.0679,9,13.452346
-841.2982,8,13.452906
-1185.1515,15,13.469572
-1554.5693,8,13.469716
274.20923,30,13.469734
-1060.3198,4,13.519034
-1968.9185,19,13.552135
280.3399,42,13.574208
-1137.0011,3,13.60544
-1015.05817,8,13.623662
-440.31177,18,13.638901
295.9229,29,13.686472
-2090.1187,38,13.686621
-1661.9011,23,13.718729
-1516.4331,18,13.735751
-920.03796,5,13.735874
-1492.4437,7,13.754933
776.00256,53,13.755035
-1675.7786,18,13.79776
-741.3992,27,13.826993
-978.4445,27,13.827102
-912.5937,7,13.842813
-1001.0098,3,13.873182
-1789.3955,10,13.884958
-1272.5537,32,13.913564
-977.6177,30,13.931151
-990.5557,4,13.931247
-116.41412,25,13.931267
-2819.4783,12,13.931274
-1416.6976,8,13.956759
-485.28436,23,13.970276
799.4178,56,13.997936
-950.68445,3,14.012622
-1172.4827,12,14.0127
-897.66486,7,14.039696
-729.29224,8,14.052966
-976.96747,5,14.081376
-2125.4558,51,14.081771
-940.29205,6,14.081821
-1622.9685,11,14.09568
-1028.1777,2,14.134443
-949.2407,4,14.148519
41.788452,31,14.180333
-990.0802,42,14.180437
-924.8821,8,14.198527
-946.00653,4,14.198634
-1023.61865,2,14.241509
256.326,30,14.241575
-970.8042,13,14.24159
-676.70715,47,14.257707
-1431.9573,6,14.257807
-1014.7856,2,14.298171
-2009.7075,21,14.298254
-1725.3319,14,14.324353
-2501.1748,9,14.339248
-1245.2747,40,14.33934
104.67926,34,14.361659
493.29108,63,14.37912
-1360.3672,3,14.379212
-2188.7559,12,14.393597
1115.3784,61,14.427698
3271.242,93,14.427759
-1044.576,3,14.427774
-3787.0303,11,14.427784
2837.3162,78,14.427793
-2224.778,7,14.467618
-1714.0967,10,14.467702
-907.2708,5,14.467721
-320.80078,15,14.495747
-1036.1704,2,14.495845
-2115.725,15,14.513391
-928.19305,5,14.51349
-1068.3741,57,14.531993
-1546.4146,5,14.547398
-1040.7559,2,14.547479
-856.21436,18,14.547496
-1019.9466,4,14.565573
-2964.9858,8,14.565664
-1410.5681,4,14.587538
-981.0899,3,14.61938
-873.20325,11,14.619465
-1855.4031,11,14.619496
-1395.29,3,14.636126
-796.0222,15,14.65118
297.43182,43,14.667129
-1881.2356,7,14.66723
-1511.4423,11,14.688498
-1024.4901,2,14.688561
-1284.7218,13,14.688573
-175.50232,21,14.700801
-859.3546,6,14.716946
-1459.4226,6,14.71703
-816.4091,6,14.737712
-1017.0265,3,14.73782
-1821.6289,23,14.761014
1169.0156,33,14.791188
-1448.3785,13,14.791301
-927.1717,13,14.791319
-1312.1709,4,14.791326
-1044.2283,2,14.806314
-1030.3425,2,14.832007
2245.9072,66,14.832138
-948.3933,4,14.947673
-1719.9849,9,14.947761
-1697.5079,7,14.96816
-1823.6521,9,14.984396
433.6278,60,15.017099
-4148.7305,9,15.030607
4203.4854,86,15.030717
-975.06213,5,15.03074
-1093.7944,15,15.030748
-1432.114,7,15.048465
-1030.7102,2,15.048574
-680.70746,22,15.048599
-1006.488,3,15.081426
-1497.696,10,15.097896
-920.2393,4,15.097996
-1.6519165,21,15.127087
-788.30237,29,15.127175
-1746.6852,6,15.143421
-923.92004,6,15.143511
-1355.7593,4,15.15717
-1037.892,3,15.180109
-1592.749,10,15.193268
-1054.6685,4,15.209772
-934.2815,4,15.226574
-1005.3635,3,15.255203
-1395.459,12,15.269861
-986.4423,34,15.286526
-983.45026,3,15.309862
-473.8623,22,15.352627
2162.2036,69,15.352757
-1615.9362,15,15.373945
-1239.2207,28,15.374036
-989.1004,3,15.407957
-939.1935,8,15.408062
1749.0352,70,15.445918
-2202.585,21,15.448182
-1043.1091,2,15.486956
-471.81403,34,15.487027
-1308.8239,4,15.487039
-780.98535,29,15.559415
-1327.084,5,15.587029
-1005.4168,3,15.587127
-2129.5251,6,15.662491
-197.50739,80,15.662586
-1580.2458,18,15.706156
-1282.4452,6,15.706269
-1543.2664,12,16.088137
-982.67993,6,16.089064
-3264.4565,13,16.089141
-388.81024,20,16.398449
-1227.889,6,16.544399
-1038.2483,3,16.596094
549.7868,34,16.596178
-530.3171,16,16.5962
-20.441528,32,16.596208
1118.1455,44,16.596215
-558.035,23,16.64288
46.606445,41,16.642949
-3291.255,18,16.642966
-1353.7867,3,16.705193
-992.29236,3,16.755428
-375.66943,29,16.755539
-630.7307,26,16.80865
-1884.0839,18,16.809081
-1002.353,4,16.809114
-990.23236,3,16.837284
-1891.375,12,16.837439
-1051.7695,4,16.83746
-806.81177,6,16.87095
-2919.6035,22,16.871081
1109.122,59,16.905144
-584.093,14,16.905214
1819.748,62,16.905224
-1024.9382,3,16.90523
-865.89966,23,16.984265
-1426.4338,9,16.984399
-1370.5735,9,17.049836
-996.81915,4,17.095787
258.69055,25,17.116944
-893.63904,4,17.135106
-764.868,7,17.161278
-1989.0598,7,17.161414
-1005.9634,3,17.192106
-987.038,3,17.234102
-2737.1682,11,17.234252
-1186.9503,17,17.272742
-990.22687,3,17.272868
-1900.0493,14,17.330484
168.92804,45,17.361987
-1683.3835,6,17.362075
-943.2324,6,17.456754
-2648.8853,16,17.456891
-1404.1648,4,17.487859
-528.9759,20,17.527498
3302.6572,96,17.57985
818.61426,77,17.60992
2758.4023,64,17.67337
-1454.1981,8,17.713711
-993.9586,20,17.713928
-1722.2565,15,17.752523
-950.5774,6,17.781555
-1030.4855,2,17.836
-1410.8914,9,17.867022
87.058044,34,17.882366
-1306.1572,9,17.900929
-1415.488,35,17.954293
-984.8512,5,17.954395
-1303.8875,7,17.954412
-1336.734,27,17.97142
-1884.8444,12,17.989353
52.131958,40,17.989423
532.9754,42,17.989437
-1373.5901,3,18.022664
-887.68555,4,18.048863
-1479.7051,7,18.049002
-1034.6893,2,18.049019
-1008.99866,4,18.121819
-1032.3612,4,18.121893
-2169.097,6,18.121907
5508.9707,127,18.121914
233.2049,28,18.13684
-2383.8894,13,18.136909
-1909.3483,21,18.151002
-982.6013,10,18.151091
-1065.8092,4,18.184052
1973.4048,47,18.204745
-1327.001,4,18.222406
243.96753,32,18.222484
-1718.0342,10,18.222509
-635.61096,51,18.235776
465.01263,47,18.269506
1809.6698,49,18.269865
-1748.2443,8,18.269902
-998.91754,5,18.269908
-2191.1182,41,18.269913
-1008.1047,10,18.285387
-920.1432,5,18.285462
-1303.1948,15,18.28548
-632.0283,40,18.298378
-992.49194,3,18.318227
-1001.2661,3,18.318321
-1034.1753,3,18.31834
-949.7968,3,18.332907
-1379.5356,7,18.333025
1597.9067,59,18.348005
-1012.1988,2,18.364569
-1321.1726,5,18.389372
-1043.0632,2,18.405991
-1150.7313,46,18.406093
-707.26715,12,18.423242
-1012.8014,2,18.423341
-1022.76855,3,18.471126
-3374.7017,21,18.47124
-1413.9604,53,18.47126
-763.70184,10,18.485978
-1303.9458,6,18.501885
-994.2241,14,18.525473
-1081.0961,10,18.525557
-211.59558,31,18.541852
-994.08246,5,18.556898
-14.890259,26,18.556977
-2296.341,9,18.556993
-1137.8083,4,18.557
1530.8567,46,18.5715
-877.8111,21,18.600914
683.27435,53,18.600988
-1594.2498,16,18.614597
-767.4886,24,18.626579
-1302.6129,4,18.640639
-354.99744,24,18.671004
-2009.7141,7,18.6711
-1649.7052,5,18.683793
-1068.3562,33,18.684628
-969.3788,10,18.705739
-2157.2964,10,18.718833
-918.51697,9,18.732711
-1446.878,12,18.756031
1087.6252,45,18.756097
-981.6232,4,18.756113
-307.96985,18,18.774551
-341.63806,22,18.788037
-1081.0193,3,18.805731
-1031.8513,6,18.842459
-64.51062,32,18.858176
-5.5111694,43,18.874001
-1249.1454,5,18.874104
48.498596,22,18.927869
-3033.6677,10,18.95145
-2142.1028,12,18.96513
-932.67004,7,18.965235
-190.9444,42,18.98089
-1654.9062,15,18.980968
-545.01965,18,18.980983
-1025.3032,2,19.009768
-2284.3594,25,19.009925
-1408.758,16,19.024772
-969.9804,6,19.024866
-1279.8036,21,19.047739
-1917.0109,31,19.047808
-964.1361,5,19.063506
141.25134,32,19.063592
-969.11255,11,19.063611
-1028.8411,2,19.063618
-1032.803,3,19.08041
-850.65576,13,19.080501
-944.8015,2,19.106328
-1026.0751,2,19.106388
-1282.1654,6,19.126486
-3144.892,36,19.126551
-1063.3855,2,19.126566
635.0398,50,19.140538
-225.91864,40,19.155666
-1000.52893,10,19.155731
781.78217,49,19.155747
-1025.5336,2,19.155755
-1044.7445,26,19.155761
-969.04565,6,19.17197
-1637.7892,7,19.198995
-938.2016,19,19.199441
-1037.7379,3,19.199472
-1046.4218,3,19.19948
-996.87213,4,19.23045
-2496.6418,7,19.23057
-895.7228,5,19.230601
-1067.6544,6,19.230612
-2578.9712,8,19.245392
-1016.8379,2,19.260792
-529.09424,14,19.272277
-1063.4978,19,19.272386
-1791.1761,39,19.272415
-964.13153,4,19.287784
-412.44604,14,19.287886
-1178.8225,6,19.287907
-1003.23315,2,19.319171
-1681.0557,9,19.334032
-1687.6719,24,19.334149
-1566.2695,21,19.353166
-1569.5529,10,19.353261
-919.77966,6,19.384051
-922.09015,6,19.384174
-2315.8425,9,19.3842
-1033.0575,3,19.421619
-667.5945,21,19.421709
-742.92004,7,19.449263
-197.46204,26,19.449368
-822.7499,5,19.493217
-2771.6685,12,19.493311
-1025.2805,3,19.49333
-2309.2825,9,19.50645
-413.1629,36,19.520948
-1019.298,2,19.52102
-2050.4192,18,19.521038
57.87732,22,19.574466
-995.7736,4,19.589918
-2889.3542,32,19.612453
512.8124,59,19.612521
-2116.9817,12,19.629262
-867.03357,6,19.640954
-1825.0891,32,19.65306
-1066.1635,3,19.653131
-1241.7725,25,19.667558
-847.46106,8,19.667697
-1225.8251,4,19.732318
-1605.748,26,19.746706
-1338.2578,30,19.746784
-2161.5667,9,19.772332
-1816.8325,14,19.797655
-2989.4321,12,19.823973
-1219.0927,10,19.824411
-2042.2202,19,19.861451
-1183.2252,12,19.861517
-1120.0458,7,19.86153
-1090.7568,22,19.872943
-942.3264,4,19.892527
-575.5864,26,19.892597
-2065.7178,41,19.892612
-711.499,17,19.892619
-1090.919,6,19.907784
180.40033,44,19.90785
2510.8184,76,19.926187
31.659973,36,19.926571
-2094.667,40,19.926601
-1044.2637,2,19.952227
-910.9455,23,19.969619
-1086.8486,3,19.969709
-1149.2198,5,19.969727
-45.149597,29,19.983058
-1305.1465,8,20.000434
29.2677,21,20.017242
-1017.6793,7,20.017325
-931.3092,6,20.049586
-1489.0983,8,20.049653
860.40186,41,20.049666
-2218.8525,5,20.069304
-1714.9141,19,20.069368
-2581.7485,6,20.06938
533.7151,63,20.163383
-312.84943,19,20.163464
123.86859,24,20.179378
-2159.6184,7,20.179487
-2338.0146,9,20.194612
54.540527,85,20.194701
-1649.5144,20,20.218643
-780.54395,16,20.236743
-1764.7039,21,20.236841
-2205.8232,11,20.252027
-56.387268,22,20.268336
-895.30804,16,20.268446
-1091.7684,4,20.268467
-917.67426,6,20.268474
-342.92847,19,20.286645
-823.401,26,20.286731
-1747.0103,14,20.299193
-314.46692,26,20.320488
-1756.4792,5,20.348512
1373.7632,62,20.368371
-1524.7131,10,20.368485
-341.242,22,20.382582
-1023.7246,2,20.382661
-1612.2737,8,20.398668
-2170.2727,35,20.398759
-1036.6951,2,20.398775
29.279236,40,20.422357
-2265.8293,9,20.422423
-2618.6326,11,20.451872
-847.06714,8,20.451971
-1298.2134,11,20.488636
-1518.9946,15,20.488694
-1726.6418,6,20.504079
-1388.7739,8,20.52831
-2541.8062,10,20.554501
-1335.4512,7,20.554873
-1639.7817,16,20.578674
-1276.5012,7,20.593921
-1070.5017,6,20.622467
-1197.5203,4,20.643481
-1047.6167,4,20.643575
-752.0648,37,20.680412
-1981.3783,29,20.696926
-467.51056,16,20.714477
-2559.2407,13,20.714553
-1025.4899,2,20.731209
-979.1357,3,20.731309
-1039.9808,2,20.768649
-1033.6766,15,20.801377
-1029.3466,2,20.801483
-2679.349,36,20.832266
-236.35992,25,20.874613
672.36884,47,20.888803
-992.7096,3,20.88887
-693.36505,36,20.888886
-965.39984,19,20.888895
-793.11383,6,20.904258
-965.84564,3,20.921993
-488.73654,17,20.938462
982.9323,43,20.957795
-962.47064,4,20.957889
221.10626,31,20.957909
-1000.82666,2,20.988696
-990.17944,3,21.00163
-1142.8602,6,21.075935
-860.30676,14,21.110271
-2489.899,20,21.13249
-656.5006,36,21.132568
-1024.2084,4,21.146083
216.37994,63,21.146186
-65.4552,32,21.146205
-2868.716,30,21.146214
-295.36914,42,21.166485
-1866.3799,13,21.166554
-1024.833,2,21.166567
-1027.1182,2,21.179407
-1031.9036,2,21.179723
-952.0528,3,21.197453
-1147.4888,17,21.197551
-978.07574,3,21.226344
1568.9519,54,21.22648
-1098.5746,6,21.238458
192.35553,32,21.25622
-871.6649,8,21.256324
-1074.2579,7,21.272109
-1490.0107,17,21.272192
-946.86536,7,21.285531
-979.9082,6,21.285614
-136.28015,40,21.285633
-1504.0474,9,21.302624
-1029.3785,2,21.302722
-838.8823,5,21.302741
-1099.9408,27,21.317367
-838.37946,25,21.332893
-1599.396,11,21.332972
-2345.6365,10,21.347776
-1045.3121,4,21.347883
174.71991,41,21.384766
-1744.11,31,21.385111
-1019.36475,7,21.414218
-993.76044,12,21.444083
-1253.481,9,21.444166
4371.031,72,21.444183
-1044.7706,3,21.459999
41.66205,54,21.48607
-652.37744,14,21.486448
-548.8512,13,21.503536
-313.39746,24,21.503647
-805.07043,14,21.503677
-826.0227,13,21.531271
2725.9805,100,21.552591
-1082.0624,6,21.552667
-1253.7053,7,21.566494
-1930.8472,41,21.566599
-1023.5824,4,21.566618
-1628.3225,7,21.593461
-1729.1367,14,21.610386
-948.91974,7,21.610465
-1402.7667,7,21.650252
-1002.1113,18,21.650338
-1013.2239,11,21.650356
-1021.5361,7,21.663903
-82.52283,23,21.67871
-906.17883,5,21.694323
-1110.551,4,21.713664
-1088.3815,9,21.713746
-1553.0339,6,21.738613
-888.13385,36,21.791209
-1775.6528,29,21.791287
-2038.4731,30,21.806914
-1754.5464,36,21.807002
-846.626,33,21.80702
-982.7424,3,21.853545
-1801.6965,16,21.853634
-1097.07,8,21.853648
636.4126,72,21.86831
-2008.059,25,21.868395
-902.87585,28,21.884215
-950.17773,4,21.918364
-1259.9691,4,21.9368
-1685.7517,5,21.969424
-1051.035,8,21.982083
-1620.0995,11,21.982178
-1353.6521,8,21.996336
-160.45996,20,22.011138
2383.896,107,22.021669
-961.3099,4,22.039084
-403.28796,32,22.039175
-939.2839,5,22.039195
-3038.3918,25,22.039202
-1043.0697,3,22.053938
-963.1348,4,22.054005
-1033.1823,2,22.054021
309.29303,38,22.085192
685.34106,45,22.08527
-1056.3013,4,22.099613
-1690.3932,4,22.113457
-336.46954,32,22.128453
-1063.5533,2,22.140264
135.72852,39,22.159398
-1102.0204,16,22.159474
-1031.2856,5,22.15949
-771.96484,40,22.178534
-1453.9865,6,22.178616
-1216.7684,6,22.193026
-986.3971,3,22.209666
-835.8578,41,22.223726
-2899.4927,12,22.237957
-328.79736,15,22.269151
528.6684,39,22.269228
-1105.6223,7,22.285227
-1144.6204,3,22.285316
-445.7478,24,22.307862
-2434.5818,18,22.321258
-831.61804,9,22.337616
-1311.7588,8,22.337719
-959.2873,4,22.366487
-1317.7488,12,22.366626
-2879.164,13,22.391759
-1104.5602,15,22.391805
431.52594,38,22.403449
840.5772,35,22.422362
-1131.9128,38,22.422726
-819.62036,7,22.438434
-1046.996,3,22.46962
-547.37195,15,22.537722
-1255.2615,15,22.566298
-1268.9115,11,22.566393
-603.7403,16,22.596424
-1077.6881,11,22.596508
-718.7723,16,22.611035
-1373.6207,3,22.611121
845.4794,53,22.625076
-916.6505,23,22.649158
-678.51416,26,22.64921
-1640.5195,17,22.64922
-2128.1074,20,22.665617
-1756.1333,9,22.679238
-855.47095,18,22.698685
-557.88855,16,22.719562
-1207.328,6,22.719696
138.84833,43,22.737643
-971.2326,4,22.7377
-450.46796,28,22.73773
1520.25,88,22.753302
-1037.0543,2,22.753387
-983.53,3,22.770023
-1406.5001,24,22.770104
676.7161,68,22.770118
-1027.382,2,22.770123
-1018.4179,2,22.800306
-1388.7874,6,22.800381
-872.64215,4,22.815254
-1557.2344,13,22.829027
142.26654,42,22.863004
-1244.3586,5,22.880998
-702.05615,15,22.881073
1304.941,46,22.897577
-1512.8457,8,22.897666
-669.8977,15,22.897685
-1066.0232,2,22.897693
-1140.7925,6,22.897698
-897.5666,6,22.912226
-1559.6793,4,22.943801
-957.10364,4,22.944098
456.06726,55,22.944155
-2019.8462,14,22.958902
-2296.6934,20,22.971031
-2998.8809,23,22.971114
-843.1079,6,22.98509
-1023.05334,7,23.00358
-2138.5771,40,23.003658
-1036.0457,4,23.003674
-1359.4131,4,23.00368
-1497.1289,7,23.024781
2537.626,83,23.02491
-991.2852,3,23.02493
-1068.9287,6,23.039447
-1432.5785,14,23.056502
-967.0214,6,23.076056
-1941.654,19,23.076176
-2221.3513,12,23.096247
-1076.8167,2,23.096349
-1381.5182,5,23.110226
-1737.5559,6,23.110308
-747.94214,8,23.161054
988.66315,73,23.161166
-1893.3093,30,23.175344
-1896.2073,6,23.243081
-420.1245,15,23.243173
-742.9495,23,23.259271
-1433.8713,21,23.286995
39.190613,23,23.346231
-1421.8434,15,23.471457
-1679.8667,52,23.486624
-1076.1317,25,23.486691
-220.73236,27,23.528464
-1741.8079,7,23.542771
-2105.7573,20,23.558452
-1261.0387,7,23.584293
-953.4847,2,23.584484
-1541.8839,17,23.599213
-838.3108,7,23.599342
-896.04846,28,23.615443
-1590.8116,17,23.615576
-660.22095,31,23.658596
797.8796,53,23.658662
-2155.2202,12,23.675526
-870.9398,5,23.69449
-998.9825,2,23.694606
-63.515564,38,23.694627
473.52148,37,23.708385
868.4223,61,23.708475
-997.97235,2,23.723485
5.654663,35,23.736857
794.64484,56,23.73695
-1702.7196,11,23.736981
-993.05676,5,23.736994
-2318.5586,11,23.753676
-321.8755,50,23.77517
-1035.8907,4,23.775565
631.1237,38,23.791475
-761.37585,17,23.817567
-970.3323,5,23.836593
-191.76678,62,23.836691
-2458.761,16,23.853313
-1610.7993,15,23.853392
-1609.1903,14,23.853411
-1538.9824,10,23.853419
479.2553,29,23.853424
-946.79675,7,23.86977
-1027.199,3,23.900391
-1467.7477,9,23.900471
-924.5252,4,23.900487
-1063.8363,5,23.928191
-1057.6165,5,23.949533
-915.1688,5,23.975576
-2499.6326,9,23.998087
-1585.9768,18,24.018785
-1165.0554,6,24.035007
-1016.5476,5,24.035087
-1363.3002,16,24.05307
-1054.1271,4,24.079961
1219.7626,58,24.09737
-1594.7021,4,24.097447
-596.2965,13,24.112567
-958.2663,21,24.112668
546.27167,88,24.112684
-1384.857,20,24.134948
-889.58746,5,24.135026
-1994.8923,18,24.158907
-268.05237,24,24.159013
-1106.5183,3,24.189557
-1040.3276,3,24.204241
1388.8334,65,24.225387
-908.07916,7,24.225557
-1169.9229,15,24.241332
977.034,55,24.241426
-1426.718,7,24.241445
-624.36084,24,24.241451
-1657.0225,6,24.255892
-1314.7622,4,24.255956
-1762.3467,24,24.25597
-959.58075,3,24.289038
-1432.1432,5,24.289217
-1003.4886,19,24.318098
582.3575,35,24.359054
-748.2638,8,24.359177
-908.97723,4,24.37077
-1137.7772,17,24.386361
-1112.695,11,24.386433
-902.16595,10,24.386449
-2257.4622,12,24.402382
-1364.4757,31,24.402477
-853.2788,9,24.418039
713.75726,44,24.418147
-910.3484,13,24.432952
-935.0356,4,24.446851
-902.37415,4,24.463871
-839.47675,27,24.463934
-1868.6777,15,24.482828
-1236.8208,6,24.482908
-1667.6458,4,24.482924
-1020.53925,2,24.50034
-741.6777,7,24.517259
1724.7056,50,24.517376
-1288.1573,4,24.517404
-2699.8044,27,24.532515
-1892.4111,8,24.549294
-1043.9833,12,24.549376
-2704.678,19,24.549396
-792.97455,19,24.549402
1675.9917,46,24.563077
236.49274,52,24.580125
-1251.016,6,24.618222
-1311.8458,4,24.618313
-1484.1039,9,24.634415
-937.78033,15,24.634532
-1800.2881,8,24.651808
-901.0126,6,24.651893
-2558.7263,18,24.667836
-2868.186,11,24.737065
-1582.1492,16,24.737171
-1118.5192,9,24.751053
-1501.7014,21,24.766536
-1269.9613,8,24.766651
-771.49817,9,24.766667
2223.6797,72,24.766673
1217.3301,44,24.790663
431.8382,42,24.790776
-847.1536,16,24.790799
-955.6382,4,24.804516
-1042.294,2,24.804598
-1034.1825,3,24.819841
-854.59814,7,24.853152
-1260.4866,8,24.880773
-1078.7393,7,24.897803
-1929.2031,16,24.912722
-336.41748,25,24.942511
-24.695251,26,24.959314
1372.7329,52,24.959401
-267.88544,25,24.974184
-1112.9398,3,24.987368
-2123.9907,32,24.98746
-3813.8003,14,25.015878
-1255.9598,32,25.015961
-1467.9951,17,25.03189
-1243.5706,15,25.031948
-1345.6775,4,25.046027
-237.94537,27,25.046127
-974.09424,28,25.046145
-998.5274,3,25.067734
-1355.5801,6,25.067853
-1532.4011,17,25.09746
-1030.2241,13,25.097561
-1335.817,19,25.09758
-1032.1398,16,25.112585
-1006.403,3,25.112656
-983.9495,3,25.128852
-1688.9355,4,25.141965
-242.45734,32,25.154855
-1090.9451,7,25.171122
83.25549,25,25.194477
-778.8345,27,25.210522
-911.4741,6,25.225587
-831.8385,54,25.225734
-1795.2087,6,25.240671
-3902.4792,12,25.240733
2666.7727,61,25.254294
-946.05743,3,25.28321
-1295.1432,7,25.298217
-1036.1232,2,25.312086
-1037.0876,2,25.328087
-2386.583,19,25.328165
513.9079,54,25.328193
-514.0417,26,25.328198
-1663.958,10,25.358734
-1026.251,2,25.358839
-1025.4586,4,25.370426
-1560.6814,22,25.438253
-1680.647,8,25.454074
-921.3852,7,25.471008
-1259.1816,7,25.471123
-663.73535,22,25.49666
634.70447,34,25.496733
-407.09863,34,25.527984
-1878.5271,10,25.528064
246.95618,30,25.528078
-33.901917,27,25.528085
-1908.3813,18,25.52809
-674.5317,21,25.54539
-1149.8113,8,25.558787
258.1883,26,25.579374
-243.92749,32,25.595801
-969.77734,4,25.595874
1338.9873,35,25.595891
-1037.3989,40,25.595897
-1012.98584,5,25.612062
-1282.7361,6,25.631835
-1043.1993,2,25.631902
-1190.1545,6,25.631926
-2794.8489,11,25.64769
-992.9855,4,25.647766
-1027.1118,2,25.664339
-702.36755,36,25.664435
1557.0039,75,25.700204
-1069.721,3,25.700319
-2567.4229,9,25.716089
-971.659,6,25.728927
-955.2922,53,25.740565
324.1308,33,25.740662
-1015.79456,10,25.753028
-1662.9587,11,25.770784
-1568.5062,28,25.770851
-1031.0496,3,25.789469
-1532.5923,8,25.78957
-260.22382,18,25.789592
-983.3821,4,25.809436
-1023.54333,7,25.809562
-993.3622,3,25.823891
-911.6461,4,25.840089
-674.8665,20,25.857719
-1049.4797,10,25.872776
-3019.9348,14,25.886246
-717.82635,28,25.900323
-1382.136,3,25.915685
-1046.918,7,25.91576
-2940.1343,14,25.915773
-1442.8412,32,25.980025
928.38007,31,25.993957
-2519.7817,23,26.00841
-980.75885,7,26.008511
-1203.9812,49,26.008532
-551.8557,17,26.02387
96.10895,27,26.023969
-816.5785,16,26.038934
-951.73584,5,26.055865
-1004.9736,3,26.055987
-966.62616,4,26.056009
-305.6408,28,26.073858
1042.1958,47,26.073967
-1026.3495,2,26.087655
-777.6191,19,26.10347
-1036.5011,2,26.137449
-1138.637,8,26.137522
-2009.324,15,26.155607
-1052.1069,6,26.171818
-1258.8026,10,26.186608
-3287.0498,8,26.186722
-1719.238,10,26.186742
-2302.0757,24,26.207136
-1009.5735,4,26.222654
-1076.7382,42,26.222764
-699.655,28,26.239081
-1312.5226,13,26.251609
-347.23547,29,26.251687
-1444.0725,13,26.276652
-1729.8287,10,26.292332
-991.1013,7,26.29241
347.47437,44,26.309047
-1846.3718,6,26.309132
-1802.2657,11,26.309151
-1949.9558,7,26.309159
-570.05835,26,26.32119
1572.7017,78,26.333295
-711.2178,8,26.333383
-1033.4824,9,26.370618
-1297.5872,10,26.370695
-1497.0261,20,26.38695
500.19098,35,26.387017
-922.11365,5,26.387031
-871.72327,6,26.387038
-1029.5499,2,26.416731
-1654.0591,39,26.430982
305.84772,27,26.466614
1235.2058,48,26.466699
-940.5607,37,26.48783
-1788.8999,23,26.514113
-1031.589,7,26.530259
-1338.7397,17,26.589699
-2610.7656,24,26.605941
-1060.6099,14,26.606001
-2797.0244,14,26.606012
-416.4425,16,26.621042
219.87482,48,26.621132
-1175.7827,13,26.635432
-1225.6014,8,26.635496
-1040.5032,2,26.649307
-1011.92236,6,26.707806
-2608.4429,7,26.707897
-2420.1729,29,26.707915
-172.60742,29,26.723653
320.34595,30,26.737377
-2072.0437,29,26.737484
-1383.7977,7,26.751589
-577.8706,39,26.770231
-1151.6628,17,26.785425
-1347.4692,3,26.785515
-1690.3529,28,26.81159
-2519.6,35,26.825959
-252.54431,35,26.853826
44.486755,25,26.853918
-953.0899,27,26.87224
-985.16656,19,26.885358
-843.78705,4,26.911336
1044.1831,52,26.970862
-789.85516,22,26.971106
-619.33606,16,27.030572
-347.33478,44,27.045027
-1117.9398,9,27.059284
-2160.563,17,27.074264
-154.54364,25,27.088069
-1754.5571,4,27.088167
-1214.7039,3,27.116314
-990.87415,4,27.116363
-733.82074,10,27.132767
2124.9177,75,27.160068
-1308.3364,17,27.160132
-815.02545,34,27.160147
-209.56317,36,27.160153
-797.2434,19,27.174635
-1372.3318,31,27.189296
-2020.2126,14,27.189375
736.6759,30,27.218272
-1084.0935,28,27.218389
-1028.7231,2,27.218422
-1756.3176,7,27.218432
-915.2192,6,27.257371
-1068.1775,3,27.257443
-1038.9095,3,27.257456
2031.8142,64,27.273082
644.2588,35,27.273175
42.575256,28,27.288255
-1734.062,7,27.317864
-2265.2388,11,27.318257
-339.88348,33,27.331318
-1049.4663,3,27.361536
-987.1834,3,27.3616
-1009.9669,18,27.378527
-1078.6945,7,27.378636
-1756.0215,7,27.378662
-948.8803,9,27.3945
-1430.6394,41,27.39457
-1039.9314,2,27.408407
-1368.4807,4,27.443425
-1231.5085,25,27.458615
-1044.2637,2,27.484237
-1023.00714,20,27.498928
302.71643,52,27.514312
-1043.4646,8,27.526505
-392.7365,15,27.526606
-953.83264,4,27.545184
-1740.6077,21,27.545271
-837.746,5,27.573248
-188.81421,20,27.573347
2360.3264,65,27.589236
-2000.2012,14,27.589286
-1043.6516,2,27.606918
-1416.3046,15,27.606986
-1500.4487,13,27.606997
-1027.8391,2,27.623539
-1034.1433,2,27.653816
834.0443,36,27.653888
-1025.9176,3,27.653914
-1068.8976,9,27.653922
-934.03796,7,27.653929
-1013.50226,4,27.653936
-938.2395,26,27.673589
-1635.9744,4,27.716043
-875.4552,5,27.735622
-222.86426,39,27.773946
-409.94818,24,27.774014
-1908.5461,41,27.774029
-1476.2402,15,27.788716
-921.4903,4,27.788783
2171.835,88,27.835108
-1131.1282,4,27.835211
-1649.7952,19,27.835225
-991.68854,3,27.835231
-1341.6614,12,27.868911
-1451.2029,25,27.868975
-325.9937,16,27.869
-1176.0826,14,27.886489
-977.3593,3,27.88662
-1482.9294,17,27.886641
-3135.857,14,27.886647
-1743.4908,4,27.902976
-144.42291,35,27.90305
-974.2629,4,27.903065
-1046.3843,3,27.922274
-890.1037,4,27.938778
-1580.6829,12,27.938876
-507.1677,49,27.938895
-1038.9504,3,27.938901
-1029.0397,2,27.966079
-979.96655,6,27.966169
257.57007,34,27.966186
-976.6352,5,27.980637
279.54083,28,27.980759
-258.50385,27,28.006094
-987.77246,3,28.006168
-2036.8289,7,28.006188
-1030.3479,10,28.03398
-1070.5135,10,28.034047
-1033.6191,2,28.034064
-1717.6101,7,28.034071
-1321.1453,5,28.05019
-1032.9585,2,28.064167
-2231.2166,12,28.064294
-1038.1249,3,28.082381
-766.1636,8,28.082486
-555.8806,27,28.082502
-1245.8892,61,28.108012
-1771.2771,21,28.10809
-965.2301,5,28.136226
-642.3528,14,28.136322
-1304.3663,8,28.153857
-3073.8755,15,28.154019
-909.40094,6,28.176106
-997.35657,26,28.176212
-1711.4169,13,28.204193
-421.81073,17,28.219092
-1899.0715,6,28.232628
-1010.5136,2,28.245802
-1497.0897,8,28.261533
-1631.2517,8,28.27611
-982.7572,3,28.276206
-454.4463,15,28.306328
-373.3943,35,28.306407
-1246.0165,14,28.322766
1126.3657,44,28.339189
-1264.8868,11,28.339321
3575.6733,105,28.357358
-965.6178,4,28.370433
201.32812,33,28.412871
-2282.6553,14,28.41294
-978.6051,3,28.412954
200.98798,35,28.429135
-706.67004,8,28.441699
-405.4478,41,28.456056
-2121.104,14,28.488815
-1021.8782,2,28.488878
-969.452,3,28.488889
-979.4319,4,28.488893
-315.31305,28,28.488898
-1590.721,14,28.488902
-854.3198,11,28.505934
-1092.1815,36,28.520347
-303.48077,27,28.520442
-906.34393,5,28.579887
-1170.6495,5,28.579967
-935.1919,4,28.596402
-703.8744,12,28.610238
-730.0134,7,28.610316
-1825.4282,4,28.656862
-1626.2644,40,28.656917
-541.6334,31,28.656927
24.027527,23,28.680708
-1045.3518,5,28.698826
-1067.0586,2,28.698918
-451.92297,22,28.71285
-1445.5674,12,28.730058
-1044.2637,2,28.730174
-577.9553,30,28.745172
-1681.9938,10,28.745257
-967.99634,47,28.787496
-936.2492,6,28.787582
-314.33582,19,28.802291
4687.948,109,28.802367
-1194.8851,9,28.802383
-1924.5767,6,28.828213
1102.1846,50,28.861053
-1196.6797,5,28.861161
-1069.834,9,28.880206
-1024.6389,2,28.895184
-169.87042,20,28.895403
-697.2866,12,28.914622
948.34454,48,28.914701
-1032.3855,7,28.914718
-854.5019,7,28.914725
-1030.5978,2,28.943923
-141.4513,28,28.957658
1537.211,62,28.9823
-354.32782,31,28.996682
-1316.2021,7,29.011533
-2613.227,25,29.011624
-909.1355,8,29.046619
-748.1896,8,29.046731
-263.73718,34,29.04675
-1433.4985,12,29.066012
-1145.426,6,29.079476
-937.89,20,29.107199
-1688.6115,24,29.107286
-1987.2012,14,29.107306
-1673.9257,28,29.122731
-1001.28827,3,29.122801
-2436.7073,9,29.140164
-253.10736,21,29.140285
-1009.735,2,29.140314
-1272.1555,17,29.192218
-986.21,3,29.19231
-1162.7966,4,29.192327
-1285.0583,4,29.207722
-2395.5771,12,29.207812
-2610.1602,11,29.229519
-1033.7034,3,29.244282
-1027.1646,2,29.24441
2106.0723,56,29.244443
-939.9985,4,29.259212
-893.6803,14,29.275337
-1043.9342,2,29.275416
-1226.4363,28,29.290239
235.22076,55,29.304869
-1260.8303,7,29.304947
-621.34973,7,29.327157
-937.78766,11,29.327249
-1453.058,14,29.342255
2981.4019,69,29.361094
-1248.8198,4,29.361187
-992.4548,6,29.374808
-1316.9504,4,29.374882
-1293.7131,45,29.396464
-1333.3888,4,29.396803
-1028.9634,2,29.411616
-1272.7456,9,29.42449
-2146.15,11,29.424573
-143.33606,45,29.437515
-2710.1084,8,29.437603
1448.2239,64,29.451269
-1444.1177,21,29.467567
-1303.1229,6,29.483117
-1526.2529,5,29.497569
-1503.4644,4,29.497934
-2113.2744,8,29.497977
-1145.2866,26,29.529101
-1310.9595,29,29.529182
-1504.7065,12,29.529202
-1028.9536,2,29.566113
-2098.1418,8,29.566179
-895.24884,10,29.583248
864.34235,43,29.601239
-1003.72864,4,29.601309
-2407.5557,17,29.63272
-1519.2292,4,29.632823
-1155.4067,7,29.646931
-1001.5739,3,29.646997
-1069.6815,3,29.683213
-1084.9662,8,29.735828
-76.581604,47,29.735939
-1411.626,15,29.752007
-37.165527,24,29.752071
1064.4493,43,29.752086
-1456.4397,8,29.767834
-1026.7065,34,29.786886
-1101.9573,8,29.786978
-484.753,24,29.80161
-1319.5494,19,29.815556
578.8599,54,29.831942
-98.13995,25,29.874669
-961.69794,5,29.874769
-209.091,24,29.874788
-1008.0898,15,29.888467
-753.48346,7,29.888542
-1286.4009,21,29.904108
-1035.3278,2,29.904467
-1916.1437,15,29.915869
-2318.1555,12,29.938959
-920.8112,4,29.961058
-1051.8428,3,29.976803
-2238.3982,11,29.98995
-1388.0221,8,30.004221
-1250.3445,7,30.021095
-554.5476,28,30.036675
-1674.6562,5,30.048871
-1181.9773,6,30.188464
-1143.5275,12,30.188571
-1410.2878,10,30.20458
-2227.8516,22,30.232376
-913.2678,50,30.232468
275.73285,56,30.246167
-976.6602,3,30.290563
-1026.1967,2,30.321085
-538.1424,17,30.321453
-1808.6484,32,30.351204
-592.31647,14,30.351292
-598.68164,27,30.351311
-1187.7233,8,30.351319
-248.19293,34,30.370057
-1351.8462,3,30.370142
88.19757,34,30.37016
-1022.59973,3,30.370168
-1078.3237,12,30.370174
-1038.6233,2,30.388223
-93.58136,24,30.388326
-680.24475,26,30.388344
-1001.0933,2,30.38835
-1040.0294,2,30.404085
-1021.1697,2,30.41917
-916.27625,4,30.41926
-1026.174,2,30.41928
-1140.6809,12,30.419287
-1720.3811,16,30.433649
-1570.4165,5,30.449592
-956.9919,5,30.449665
-1102.0709,4,30.44968
744.637,57,30.474446
768.9576,61,30.474544
-1211.3243,7,30.501167
-619.68713,26,30.523108
-999.3443,6,30.523207
-1566.424,5,30.523224
4289.525,87,30.523231
-961.8011,4,30.539529
-776.2893,21,30.539591
1729.0043,74,30.556147
-1028.6726,2,30.556236
-1200.7971,6,30.556267
-1056.2046,3,30.58792
-1108.87,5,30.619045
-977.29926,14,30.633002
-1168.345,11,30.649188
-885.74866,6,30.649281
-491.93427,18,30.666746
1628.345,51,30.666826
-1241.0365,10,30.680861
-1313.9868,4,30.705065
898.4431,53,30.718374
-1264.7263,36,30.732078
-3296.045,39,30.746207
-914.4832,6,30.746359
-1833.998,20,30.74638
-1096.9348,4,30.761044
-1488.5048,6,30.76119
-991.0876,13,30.761207
-2238.3726,10,30.777542
-2748.6526,17,30.777647
-1025.8458,4,30.777666
-975.7683,4,30.816978
-1013.8315,3,30.838665
-1319.4053,8,30.906006
-1864.4717,12,30.940331
-2120.2183,12,30.940399
-1232.0741,10,30.940414
-3257.9546,12,30.955156
299.0429,31,30.955495
-983.06067,3,30.983205
-1038.198,2,30.983306
-515.3782,18,31.010821
-975.37897,3,31.027579
-851.27856,5,31.027662
-290.6917,38,31.027695
-1072.8215,25,31.044107
-1984.1348,37,31.044229
-98.273315,19,31.065171
-1318.5063,16,31.06529
-1030.7041,2,31.065312
-986.1101,3,31.091973
-349.43103,21,31.092095
-139.2732,34,31.092127
-2160.9927,38,31.120435
-950.3813,4,31.120551
-3344.6885,29,31.136643
-1596.7415,6,31.151622
-1099.5935,6,31.151747
-1979.9587,31,31.151771
672.36774,47,31.16626
-2187.4158,16,31.181828
-1055.1072,51,31.181923
-1073.2764,2,31.18194
-1497.1848,4,31.226573
-1332.7214,5,31.226635
-1998.4099,12,31.226648
-1438.084,16,31.226653
-1456.5796,10,31.243893
-819.5025,8,31.243958
-631.2074,14,31.243987
-1150.2245,9,31.257133
-1037.3317,2,31.271588
1511.7112,45,31.286003
-19.556824,23,31.286095
-996.20844,5,31.305697
-808.8679,19,31.325181
-2505.9631,15,31.32527
-1045.4503,2,31.325285
-1103.58,8,31.357198
-1744.4604,13,31.357273
-1459.2411,5,31.373549
-1035.5446,2,31.390117
719.538,36,31.390187
1985.6976,112,31.390198
-3307.8896,20,31.409337
-1176.2302,5,31.409449
-995.78455,3,31.441566
-1144.1711,7,31.441661
-504.1153,17,31.462857
-955.13947,4,31.478451
-2011.6321,12,31.478758
1460.0903,71,31.49479
-696.086,17,31.508527
-912.87646,7,31.50862
-1190.0577,17,31.524148
-1402.5363,11,31.538131
-1449.9364,7,31.555527
-1014.848,25,31.583932
462.9449,36,31.584017
-1193.2487,16,31.584033
-1104.6661,4,31.598691
-927.5684,7,31.610761
2402.495,70,31.630751
-650.567,16,31.630858
-851.38464,4,31.647357
-1765.1111,6,31.647431
-1031.948,2,31.64744
148.58374,27,31.660075
615.90985,49,31.676648
-1662.2665,5,31.676744
-475.40677,27,31.6987
-261.2456,28,31.698797
-1237.0034,17,31.716967
-1045.7295,4,31.717061
-1178.2859,7,31.749885
-1343.835,3,31.765535
-875.3648,19,31.765648
656.64044,40,31.786033
-1485.2804,18,31.817926
-987.05914,4,31.84728
-1434.0817,13,31.847394
-1873.132,21,31.847412
-1479.2783,13,31.868313
-1352.7002,10,31.86838
-1606.7653,12,31.868396
-1021.0508,2,31.883877
-977.15234,3,31.899319
-990.40765,3,31.950763
-1324.1022,16,31.965419
-2023.7621,14,31.984238
-1355.8293,11,32.000186
583.5923,37,32.000261
-927.6193,21,32.000278
-565.3772,16,32.029861
-962.21295,12,32.059867
-905.4855,22,32.076309
-919.3544,15,32.091034
-1747.7351,56,32.091142
-488.78253,48,32.091165
-1583.142,9,32.108097
-1526.8564,7,32.108171
-777.2481,7,32.108187
-4051.946,39,32.108195
-823.8815,35,32.160768
-832.66345,8,32.191792
-1358.1196,13,32.191891
-1118.9656,16,32.207191
-1031.066,2,32.223211
-1334.5872,8,32.247501
-1923.6787,10,32.247568
-818.81525,14,32.261563
-2551.059,9,32.261674
834.3602,49,32.286543
-1125.9849,18,32.309216
-1849.7998,27,32.327018
-3579.8584,13,32.327165
-1286.6255,7,32.345065
-2666.4587,13,32.345165
-793.4458,6,32.357995
-163.20776,41,32.373324
-2175.6907,10,32.373419
-986.2612,3,32.390351
-1040.8201,2,32.407118
-1972.9086,14,32.40722
-1420.7439,9,32.425058
-1678.7568,3,32.425188
-1032.2814,3,32.452498
-2067.4443,12,32.46803
-135.8902,35,32.468119
-1595.1777,48,32.485749
-1175.0175,6,32.48581
-1283.8728,8,32.485826
-3971.9163,12,32.522874
-1062.1726,6,32.522956
-919.6505,5,32.554101
-1049.0356,3,32.56815
-747.1308,20,32.568233
-1703.5715,29,32.585834
-1521.5786,7,32.585909
-1105.6454,4,32.585927
-777.28015,7,32.598669
-491.91446,19,32.612559
3677.579,71,32.655038
-2366.1384,11,32.655129
-488.6949,35,32.678251
3239.1204,57,32.711363
-967.979,8,32.71145
528.73846,37,32.725375
-1045.7441,2,32.744312
-856.0884,12,32.770717
-1116.1227,28,32.770817
-788.98956,8,32.794272
-1455.3971,15,32.808853
-408.12994,18,32.863819
2259.7026,89,32.863887
68.11389,24,32.863902
-2626.9998,17,32.878409
-1068.9653,8,32.892479
-1417.6749,12,32.905127
-1851.7701,17,32.922256
-1356.8673,5,32.937665
144.39075,34,32.937832
-931.4941,24,32.93785
-1380.0424,42,32.952024
-717.7905,16,32.952087
-772.7066,6,32.952103
-523.71844,27,32.966937
-1023.6983,2,32.967027
-987.18024,3,32.967059
-997.96326,3,32.983493
-1037.3145,2,32.983593
136.94641,42,32.998942
-1024.4958,2,32.999007
2236.1843,70,32.999021
48.870605,35,32.999029
1548.4946,48,33.01312
-1022.9692,2,33.013223
-21.6781,23,33.024711
-788.84106,20,33.0491
-910.3972,4,33.049214
-1129.2988,8,33.06569
-1437.877,12,33.134981
3143.802,97,33.149185
-1238.3557,11,33.176957
-1869.5828,14,33.245985
-3113.1375,12,33.246075
-617.1998,29,33.246094
-1008.1526,23,33.2461
1174.8125,54,33.261837
-1468.8579,9,33.282784
-1574.9558,20,33.310032
-1377.316,37,33.339416
-812.68646,7,33.363212
-846.1405,33,33.377092
-2527.7063,7,33.42018
-1315.9943,27,33.42031
-1348.6497,6,33.437115
350.10083,35,33.453933
-1030.4587,2,33.454028
101.042786,31,33.482725
-1372.2246,14,33.482805
-1355.3257,3,33.498777
-759.4587,22,33.517979
-2569.6616,18,33.535116
727.7906,36,33.535187
-1421.8164,37,33.535202
-941.83795,4,33.55384
-974.0288,6,33.553938
-893.3266,20,33.568045
628.6397,35,33.568154
-1021.7069,2,33.600344
-1023.75757,2,33.600396
-1316.9817,4,33.600408
-1077.92,4,33.620254
-966.7553,5,33.62034
-1497.632,12,33.620357
-995.9402,3,33.648837
-885.256,11,33.662585
294.66882,40,33.677341
-1778.459,8,33.677485
-1337.5475,3,33.689707
-1970.6167,6,33.706219
-682.9529,30,33.722846
-854.37915,7,33.722923
983.7317,72,33.722941
-1029.4917,8,33.737746
-1038.1389,2,33.737843
-866.0882,5,33.765527
-1290.2207,6,33.765625
-1033.7422,3,33.765644
-1005.10956,2,33.76565
-998.69666,3,33.765656
1591.7788,49,33.78446
-882.72,7,33.784578
-1458.2015,18,33.800438
529.4368,65,33.800538
-1057.4814,24,33.817638
-977.66907,3,33.817755
-1041.0367,2,33.834419
2991.1802,62,33.850679
-927.93,5,33.850758
333.52515,56,33.850774
767.538,51,33.850779
-2625.0166,20,33.850785
-1035.5707,5,33.869219
-1127.1547,6,33.869337
-1537.0397,18,33.883091
-1615.4553,5,33.883184
-401.12183,18,33.883205
-987.71954,3,33.894564
1084.3003,48,33.909261
-1005.6509,2,33.924092
-1010.12854,4,33.924194
-1029.4299,6,33.950676
-2093.2754,6,33.950797
-1046.7192,2,33.950831
871.5157,42,33.950838
-828.6139,6,33.950844
-2222.6628,9,33.965466
-1456.186,7,33.979357
-1390.2932,12,33.979449
-1033.0238,2,33.979468
-1272.1296,4,33.993655
-2283.3071,16,33.99372
-1399.0361,11,33.993757
319.02228,41,34.005821
-2310.9187,11,34.02452
-553.83826,33,34.024595
-1005.55133,2,34.024614
-2519.1365,6,34.039524
-2733.9238,20,34.039621
-1393.7872,3,34.039634
-1260.5125,8,34.069416
-990.4024,6,34.069498
-1018.45294,12,34.069528
-1034.9495,2,34.097867
-1624.2428,14,34.097966
-996.8611,4,34.122437
-785.18585,7,34.138609
-1469.6869,9,34.150979
-5301.314,19,34.168936
-2033.5266,15,34.169096
-1376.9072,22,34.169153
-1697.5469,14,34.185565
-972.83356,3,34.185646
-908.36774,4,34.24772
-1373.1279,16,34.2478
-677.13165,15,34.247816
-1132.445,5,34.247824
-871.58276,6,34.24783
-1501.3853,12,34.285586
-1936.9557,6,34.285687
-1206.0109,3,34.29996
-1074.276,3,34.300038
-897.5855,11,34.300056
-1030.2234,2,34.317227
-428.37598,35,34.317339
-1343.3015,3,34.338667
-1031.5143,2,34.353428
-1716.2902,4,34.372698
-833.03815,25,34.386773
-1315.4279,4,34.406342
-753.6496,28,34.406425
-999.8675,24,34.422442
-1239.8811,7,34.43418
-1062.9507,8,34.434275
-1704.9022,12,34.449192
-996.4438,3,34.479199
-717.35986,45,34.4796
1669.0215,52,34.479674
468.7708,36,34.506048
-1224.3325,8,34.535026
54.83264,20,34.564971
-1858.1041,7,34.579229
-547.44727,26,34.579323
-1176.2748,8,34.594934
-1286.1305,4,34.595009
-1891.9563,47,34.65334
-1944.3297,5,34.653433
1979.1077,82,34.65345
-360.84015,26,34.653456
-1343.2416,37,34.667022
-1017.4642,2,34.681612
-748.1693,25,34.681723
-1586.4377,8,34.681743
-939.83923,42,34.681749
449.95087,35,34.712691
-1297.0155,4,34.712762
-1489.4856,19,34.712777
-154.8274,21,34.712783
-1059.8884,8,34.712789
-952.0327,6,34.739451
-1028.0807,4,34.739546
-1044.1709,2,34.739566
-3714.0396,18,34.770226
121.88495,53,34.787327
-1059.2281,47,34.78774
-1419.2903,10,34.813818
-1053.806,5,34.813907
-1410.7524,9,34.813924
-1030.4432,2,34.855224
-1279.2178,9,34.855325
-1245.0447,7,34.855345
-679.1097,26,34.870378
-1034.6134,3,34.870431
-1548.8735,5,34.870442
-1855.5618,9,34.885052
-1053.6693,12,34.898102
-966.9641,3,34.911963
-72.10602,15,34.912055
-677.6484,8,34.91208
-1127.9626,14,34.928431
-1343.5762,38,34.928534
-1025.5533,3,34.95787
-1270.1057,18,34.957973
189.99792,35,34.971739
-1397.772,10,35.007122
-1182.7202,7,35.007205
-1107.5448,6,35.007222
-988.90765,10,35.007227
-951.0225,4,35.021775
-1509.0343,5,35.039177
-2667.3276,14,35.039268
-124.25464,29,35.039285
-1043.0066,2,35.053927
-992.01056,3,35.054027
-1682.8973,47,35.094009
-576.077,25,35.095021
591.0671,46,35.095072
-957.68616,5,35.108176
-1233.2953,6,35.127536
-3644.6047,14,35.127653
-1562.7527,14,35.141576
-520.12,32,35.141675
-555.182,21,35.176618
405.1358,54,35.195181
-1037.8573,3,35.195265
-746.2539,16,35.235032
-1040.0012,2,35.235097
4607.9673,79,35.248011
63.26587,44,35.264115
-1295.0791,3,35.28101
-884.0993,22,35.281097
-2104.0027,6,35.281122
-415.68408,26,35.281133
-1522.5588,9,35.298162
-1349.408,12,35.298538
-1044.2301,3,35.319138
-1038.3005,2,35.319216
-1429.3859,13,35.354209
-990.645,3,35.372396
-892.93304,6,35.385277
-752.4989,6,35.401701
-985.61115,18,35.402059
-923.33466,5,35.402091
-2826.0464,18,35.402098
-605.66864,17,35.402103
413.00757,23,35.419467
-2160.6113,8,35.419539
-1715.8665,8,35.431375
-167.08966,26,35.477739
-2531.5842,17,35.477816
-1419.9507,12,35.477832
577.0974,39,35.493649
-1759.0645,27,35.493759
-1031.4967,2,35.507704
-1454.6025,8,35.527608
-1049.7281,3,35.527782
-214.18921,33,35.541854
-1204.8403,10,35.560427
-1041.6554,36,35.594284
-1698.2333,29,35.610903
-984.7425,6,35.611001
-927.21875,5,35.61102
-998.7202,3,35.611026
-1549.2622,8,35.629858
-1295.258,5,35.629941
-408.61047,16,35.645132
-1049.4291,3,35.645208
-1044.2324,2,35.645224
-1141.7198,3,35.660642
-1913.1233,15,35.660727
-2501.2185,20,35.677482
338.4099,28,35.730402
-999.6162,3,35.730508
-935.14294,4,35.773436
-781.98175,9,35.830444
-459.45508,16,35.830521
-683.9908,18,35.862664
-754.8745,63,35.890015
-1475.7727,8,35.905729
-2658.8735,23,35.905813
-972.1449,7,35.921715
-558.359,30,35.953793
-905.1694,14,35.969227
-1045.4275,10,35.969355
-490.35477,29,35.996331
-225.73743,23,36.012824
-1084.0498,6,36.012918
-1475.1603,10,36.031837
-1044.0624,42,36.03193
-488.36346,33,36.046262
-1091.4033,10,36.04636
-1444.073,19,36.046378
-1036.8771,34,36.060295
-955.8042,2,36.085016
-1052.8774,3,36.085107
-1777.5044,3,36.085134
-1703.822,7,36.100912
-826.614,6,36.114131
-1233.4033,6,36.143642
-2418.8955,10,36.157803
-971.4043,5,36.174661
-1071.3346,3,36.189694
-1024.3186,6,36.202586
-1746.0145,31,36.251035
-819.22925,17,36.251152
-320.28796,71,36.269208
647.2647,33,36.269291
-2577.9087,20,36.295941
-1028.2408,2,36.296017
669.11523,49,36.321947
-763.59076,25,36.337929
-1130.7148,30,36.338
-673.7003,27,36.356496
-1085.8923,4,36.356972
44.050964,38,36.357011
-959.07477,5,36.372569
-1014.8992,4,36.398765
-829.9353,5,37.605964
-1137.5107,17,37.620022
-445.07336,25,37.6696
-1391.2441,12,37.684442
-1905.5664,35,37.684516
-590.1655,20,37.684532
-984.4255,4,37.68454
-1537.228,12,37.702177
3318.391,94,37.702258
-1460.1654,11,37.702273
-595.42944,19,37.702279
-1040.292,2,37.717097
-1063.739,17,37.717175
-1027.6226,2,37.730068
-1123.0781,5,37.742948
-898.2272,4,37.766147
-1519.6138,4,37.766246
-123.59888,33,37.781547
-637.9602,15,37.781635
-109.63977,36,37.781654
-1552.1677,4,37.781662
-242.58185,33,37.795753
-1570.0496,7,37.795864
-1259.0166,5,37.795899
-1700.572,8,37.811565
755.4632,40,37.866456
-684.0648,19,37.86655
-852.48376,26,37.882021
-423.94214,26,37.882086
-2288.6108,13,37.8821
-2553.4712,8,37.899782
-1520.6576,53,37.900294
-1130.9535,8,37.929708
-1034.2007,3,37.943663
-1152.4171,12,37.957011
-996.29205,16,38.034555
-1709.0359,8,38.047089
-849.6176,20,38.073119
-2313.665,14,38.21693
-786.0879,22,38.232519
-1113.6693,48,38.251971
-995.2823,2,38.25205
339.88458,23,38.266188
-1120.2292,5,38.266265
-978.3459,17,38.266276
-1023.818,2,38.281643
3084.9326,77,38.281739
-2838.3794,19,38.281764
-2218.2432,26,38.281772
-1013.64594,2,38.281779
-1005.26276,4,38.300219
-2727.8213,29,38.30032
-1027.1713,2,38.300348
-1146.7307,32,38.316433
547.6104,44,38.332718
-1224.8456,17,38.33281
-1002.9242,3,38.348662
-267.49213,61,38.348709
-1003.766,3,38.348719
-1630.8643,13,38.363669
-1048.2887,6,38.363789
-1034.2007,3,38.363811
-813.28516,6,38.381506
-973.8631,3,38.381588
240.2782,26,38.404028
554.15857,34,38.404173
-1013.52356,8,38.419519
-1289.8527,4,38.41962
-1359.4734,45,38.431441
-944.95966,2,38.443951
382.6435,35,38.458903
-1284.3853,11,38.458994
-1047.8619,2,38.459012
-966.3489,5,38.476989
-2051.579,8,38.495932
-1308.9285,7,38.496011
-706.8142,13,38.496027
-1108.6115,13,38.508145
-996.6201,3,38.508229
-1481.2295,32,38.521869
-949.70966,4,38.521943
-965.8701,40,38.52196
-1361.2157,11,38.536628
-750.5066,13,38.548719
-955.9604,4,38.571767
-725.46484,18,38.571871
-1046.1107,13,38.586605
-1049.1489,9,38.616822
-913.245,5,38.616909
-1274.7836,7,38.63015
-1268.4037,10,38.644516
-1626.3727,41,38.644566
-1068.0693,13,38.644576
-1846.1506,11,38.672588
-1611.3904,26,38.672673
-914.2069,5,38.697185
-2188.0327,6,38.732947
-496.58463,18,38.762214
-1201.0917,20,38.762349
-1070.666,13,38.77441
-1734.1893,12,38.790148
-1651.6106,19,38.804152
103.765564,41,38.804224
-789.7091,26,38.804242
-1312.789,11,38.804249
-1076.1034,32,38.818385
-1055.5305,2,38.818485
-958.4817,6,38.848341
-1933.949,6,38.848435
-1401.2856,5,38.895608
-3201.2507,16,38.910337
-838.65875,16,38.91045
-873.513,13,38.923383
1108.8967,39,38.937974
-1043.2504,9,38.938358
-1220.7008,6,38.938405
-1244.2065,4,38.966576
98.56818,32,38.966674
-737.1691,7,38.992463
-648.6413,15,38.992573
-1465.0192,29,38.992598
-2298.3357,7,39.012849
343.04608,34,39.027133
-1023.0519,2,39.027216
-1541.8984,16,39.054986
-985.43823,3,39.073285
1270.2739,65,39.073415
-1146.233,6,39.084284
-997.4221,2,39.101715
-961.8321,12,39.11612
-1736.0767,21,39.116211
-1378.9857,38,39.131437
-1128.3359,6,39.169233
-949.94135,14,39.169348
-1105.8318,5,39.182782
879.7525,44,39.1975
-1037.1396,2,39.210101
-633.69916,44,39.246598
-334.53796,60,39.246717
-2927.9045,19,39.261238
-2057.874,11,39.274758
-3431.855,24,39.27489
-60.87085,32,39.300469
-1114.414,12,39.328844
-1223.5195,5,39.328925
-1984.395,19,39.32894
-1836.5027,6,39.328946
-342.4488,18,39.342977
-955.282,4,39.363847
-1237.9393,11,39.364267
-1035.1588,3,39.378264
-1021.601,2,39.395874
-941.9403,9,39.41109
-1233.2487,5,39.411166
-1038.2758,2,39.411182
-446.9008,22,39.42383
-1503.8097,7,39.436879
-1097.4424,18,39.452329
-863.5868,18,39.510376
-736.9734,8,39.525184
-2498.3472,7,39.543056
153.6192,58,39.543144
510.63794,38,39.603077
-1045.6667,3,39.648125
-493.8108,26,39.662195
-5109.5107,11,39.687163
470.8424,62,39.703197
-3222.5732,11,39.703266
1316.9233,48,39.703282
393.91028,62,39.703288
1866.9385,73,39.703292
-952.3622,5,39.71945
-389.43683,24,39.719539
-1095.1415,48,39.719558
-3086.6775,39,39.73388
-1017.4944,3,39.733962
-1377.4362,13,39.733977
-847.4863,3,39.745195
-1002.765,4,39.758662
1011.23596,59,39.771922
-1013.9924,2,39.78653
2104.5566,60,39.800016
-989.6098,12,39.827642
-1344.8083,8,39.827732
627.1462,31,39.864499
-732.6246,8,39.876042
-844.93225,34,39.87612
-1315.2869,14,39.889648
-1114.97,15,39.903425
-1036.5831,8,39.934568
-1573.4548,19,39.965613
1044.8005,38,40.001311
-966.43494,15,40.017301
-1149.8346,43,40.032387
2966.9246,74,40.032466
-993.3062,3,40.048089
-1435.3301,9,40.048199
-996.4346,3,40.07006
-1034.0614,2,40.070146
3682.7734,114,40.070163
-993.2984,3,40.083914
660.59656,48,40.110148
-914.4,5,40.1231
-318.23633,53,40.1232
-1713.5393,12,40.150099
-1051.46,5,40.177641
-1581.8203,10,40.198278
128.22443,31,40.19837
-1077.539,33,40.198385
-996.10236,9,40.216203
-999.7513,3,40.248888
2112.1255,51,40.271824
-2577.8364,38,40.286332
402.81073,28,40.301406
-741.2646,38,40.301772
-2842.6187,26,40.301818
-908.55743,6,40.314059
-2565.8953,13,40.329035
-964.1729,4,40.329124
-971.6906,4,40.354545
-3460.3123,41,40.354661
-1056.5999,4,40.369814
-1028.7095,3,40.398243
-986.56464,3,40.442661
615.2467,38,40.477898
28.681091,19,40.493903
-958.63446,21,40.542316
984.9235,47,40.556063
-1900.3907,5,40.556165
611.8294,32,40.569488
-261.74896,28,40.569628
-899.42975,5,40.569646
-1044.1975,2,40.597655
-954.9996,4,40.627444
-522.4797,49,40.641737
-765.68005,37,40.641824
-789.0924,26,40.657138
-1004.3077,3,40.672031
-1128.9584,8,40.672137
1161.0967,48,40.691253
-1301.1926,8,40.691376
-932.9306,5,40.716754
566.5388,44,40.744151
-2945.2131,30,40.774878
-1008.0855,4,40.774975
-1036.5966,2,40.774993
-1314.5892,8,40.789531
-690.1139,32,40.789796
-355.2475,33,40.802602
-1564.258,9,40.814678
-1012.6832,4,40.827743
-338.19104,44,40.827837
-1523.538,5,40.841474
-894.788,5,40.841561
-967.9684,3,40.854671
-1958.5493,35,40.854752
-3799.0823,24,40.880481
-871.25543,7,40.921551
-977.7463,5,40.92189
-734.13416,7,40.936578
-2504.272,21,40.936689
-504.87372,21,40.959216
-884.7423,12,40.959296
-1152.1782,5,40.959316
327.937,36,40.979297
-1652.3945,21,41.005932
-2324.3054,44,41.00602
-241.61731,19,41.146652
-2129.1682,21,41.170748
-2276.5454,9,41.170849
740.46655,92,41.205829
2234.722,88,41.205924
-1196.8119,12,41.244833
-1112.738,11,41.291596
-1027.9443,2,41.361314
-953.0892,5,41.361413
595.2919,56,41.392081
-2606.417,16,41.392137
-1021.0626,2,41.487389
-237.31604,45,41.487507
-1924.9573,24,41.487524
-1011.6727,17,41.487531
-931.25146,5,41.571317
-790.5871,29,41.606827
112.405945,19,41.65995
-1016.46606,4,41.660043
-966.98425,4,41.660064
-1524.3982,6,41.660073
-2008.867,13,41.660079
-545.8009,25,41.788532
807.4849,43,41.788629
-1602.5068,12,41.788642
-979.8622,3,41.843113
-1960.2578,27,41.878312
-455.83395,23,41.878364
3692.9985,134,41.878374
-981.16907,6,41.87838
-1000.3925,6,41.928346
-1062.8146,4,41.984083
316.28735,53,41.984194
-716.1384,12,42.040547
-1570.3699,12,42.04066
-1165.1566,8,42.040679
-1341.1521,6,42.127257
-1059.8627,9,42.143631
-1071.5013,3,42.14369
-1177.4965,5,42.167295
-1115.5171,20,42.191377
47.181335,25,42.191475
-785.93085,11,42.191495
-820.3919,15,42.210355
-1307.5706,9,42.224831
-742.6143,9,42.264505
-948.30054,6,42.264618
-1143.5354,10,42.286058
-929.5514,6,42.286362
444.0252,48,42.311592
-1016.8379,2,42.311708
-778.69946,15,42.311729
-1075.4032,16,42.335465
-1353.6676,19,42.356425
-941.29407,6,42.356519
-2279.611,4,42.384303
-42.74164,33,42.384401
-2332.504,4,42.407405
-896.28925,10,42.407477
-1636.7563,12,42.4603
-111.456665,46,42.460436
-1798.2029,7,42.489393
-920.7589,5,42.489502
-959.8326,4,42.489521
-976.7005,3,42.547934
-2376.1963,8,42.548016
-949.84186,4,42.575866
-945.5381,8,42.575963
724.3092,31,42.594423
-3354.3552,19,42.623127
5776.7944,95,42.637717
-1512.9014,18,42.664498
-1182.3829,23,42.664576
-1981.9414,12,42.681447
-1477.7991,7,42.681531
731.3066,28,42.695693
-311.5478,28,42.711407
-1029.3035,5,42.763657
-760.40015,8,42.763725
-41.360596,22,42.807034
-3004.9624,12,42.807123
-994.8159,4,42.821249
-803.8621,18,42.834471
-878.3702,12,42.849672
-359.27948,22,42.849786
-1267.3212,4,42.875401
-1279.4302,13,42.875787
-329.5304,30,42.892041
1240.8003,46,42.892166
-2810.755,20,42.910839
-878.5905,6,42.910933
2355.0085,63,42.927259
-854.0022,5,42.92736
7507.834,124,42.942959
-992.88086,3,42.943081
-23.005737,25,42.974735
-1151.0911,6,42.974839
-266.82416,56,42.985879
-2228.9912,20,43.011046
-2707.558,40,43.011124
-898.2392,6,43.011138
-1281.5149,15,43.011145
-1692.8481,3,43.039215
-1042.431,2,43.039273
-220.85974,20,43.039282
-1316.4568,4,43.069968
-1871.847,8,43.070068
1253.0901,42,43.070088
-2354.7568,16,43.086011
-1441.5314,14,43.086612
-848.08997,5,43.113612
-1438.4417,16,43.13971
-3540.072,15,43.139797
-1307.8263,8,43.139813
-1066.7528,9,43.155245
-933.16785,41,43.155355
1298.2522,43,43.155389
-916.0078,6,43.17722
289.4757,29,43.177368
-967.4001,4,43.219221
-1005.0221,4,43.2193
-968.68384,12,43.232678
-850.3342,6,43.232731
-1073.1277,11,43.260684
-606.1011,12,43.260781
-2267.0999,18,43.260798
725.7166,68,43.286558
-1000.0376,4,43.286627
-659.8368,21,43.301635
233.12549,26,43.315329
-1545.6033,5,43.329192
-1511.51,27,43.343889
-1299.2417,4,43.379704
-1029.7775,7,43.39166
-1027.5842,5,43.444837
-1801.52,25,43.459786
-104.90723,26,43.459931
-261.56036,23,43.47318
-3342.3174,25,43.486362
-390.1797,18,43.486428
-509.08264,31,43.49885
-334.02252,24,43.498929
62.153748,25,43.528678
-1036.4878,2,43.528759
-447.6419,64,43.544353
1067.1064,46,43.557889
-868.92114,7,43.557956
-2582.0835,12,43.557972
-1010.7572,3,43.572129
-1598.7716,6,43.628359
-1334.0042,34,43.628463
-1884.7859,11,43.638135
219.72723,50,43.667535
-1016.9798,4,43.688063
192.85724,28,43.68818
-539.1268,30,43.688195
-410.94806,36,43.732306
738.1603,33,43.732378
-633.7005,12,43.732393
-911.1037,5,43.750817
-1037.0361,2,43.76498
-977.6365,6,43.787114
1605.5724,39,43.787211
1509.917,57,43.805508
-957.0365,10,43.805587
-1831.7224,8,43.81931
-700.20435,25,43.833618
-991.3829,4,43.865491
-1358.6173,3,43.865649
-1032.3989,2,43.899864
40.117188,21,43.899993
-54.576294,40,43.938169
-1163.7102,9,43.938262
-1200.7902,12,43.938277
-1029.9309,10,43.966692
-895.5688,5,43.980638
-1561.8691,7,44.012908
-1962.8516,31,44.013025
855.3257,33,44.013043
-515.3069,47,44.013062
-1001.28613,10,44.025092
-1160.6805,30,44.025422
-2036.2654,22,44.040275
-1181.6074,18,44.040349
-2156.6213,20,44.055059
-1034.3978,2,44.055177
-1391.9138,9,44.076102
-1026.7648,2,44.088563
56.2937,34,44.088634
-268.20935,44,44.115767
-570.60803,42,44.115843
-926.8849,9,44.153798
-1523.979,9,44.15392
-1338.4536,14,44.183495
-1754.4253,7,44.200751
-471.26886,36,44.200816
-879.89886,7,44.200828
-904.1645,6,44.215209
-1070.9976,3,44.227159
-1246.3787,5,44.264842
-108.332825,20,44.278581
573.86774,74,44.278686
1311.9719,64,44.304835
-2378.3616,36,44.337828
-2591.9805,12,44.363054
-1672.4772,22,44.36313
-1566.845,17,44.393847
56.39337,41,44.39392
-720.7503,12,44.393935
-1737.1545,27,44.413995
585.6761,38,44.414085
-466.3388,34,44.446938
-1907.7354,21,44.465947
-1030.3569,3,44.46603
-1618.6489,24,44.484065
-37.014587,29,44.484148
-1449.6157,11,44.484181
1894.4209,65,44.48419
-212.8648,14,44.507663
-971.4532,3,44.521094
-1734.5105,7,44.535127
55.61743,35,44.548578
-610.5671,13,44.548683
-1022.901,2,44.564528
-1494.9021,35,44.564613
-1044.2189,2,44.581999
-907.3199,5,44.58214
-478.82632,26,44.596281
-454.17584,34,44.596367
-1035.859,2,44.613312
-1318.0248,3,44.625275
-1231.6272,10,44.636774
740.1309,39,44.657819
-943.53784,6,44.657884
-335.53516,19,44.672295
697.5721,49,44.685848
-476.3675,26,44.685967
-376.2589,17,44.72836
-905.3133,7,44.759605
-6.5444946,36,44.759932
-1257.2152,5,44.826914
-700.57837,23,44.826983
-3982.2554,12,44.861114
77.68976,39,44.861222
-184.4057,23,44.887802
-112.41791,31,44.919946
-272.94305,27,44.920096
-48.467163,34,44.920115
-1120.3094,30,44.936289
-1400.5458,14,44.936404
-794.5146,6,44.950584
-1384.2977,24,44.964658
-567.1812,33,44.980196
-3319.0903,22,44.980297
319.6056,40,45.007831
-1672.9868,4,45.024782
-1340.7335,3,45.024891
-2424.3784,24,45.041687
-466.53546,32,45.041832
-981.5754,3,45.072681
-790.79517,10,45.087127
-1061.9896,2,45.099819
-1620.0956,6,45.099989
1550.4436,49,45.113481
-1035.3396,2,45.113562
-903.97,6,45.135919
-352.1289,34,45.136031
-924.3297,15,45.168235
-1580.2524,16,45.168377
1036.3833,39,45.185568
526.1646,29,45.199291
-937.28284,4,45.237859
-941.8298,9,45.23795
69.61444,23,45.264221
-449.40723,24,45.285923
172.57446,31,45.303189
-1058.1582,4,45.303296
-4249.162,12,45.303315
1293.1202,46,45.440628
-1415.7645,3,45.453664
-1786.0381,5,45.453756
200.27643,25,45.471009
865.47595,51,45.471092
-821.619,23,45.486127
-993.9321,5,45.486213
515.982,32,45.486229
-1877.2441,12,45.486236
-1488.6844,12,45.53096
-1400.4087,21,45.549573
-766.4285,9,45.577208
-166.7818,34,45.577314
-1029.7506,3,45.602192
-1494.1898,7,45.602276
-1066.4347,10,45.630249
-2271.3374,43,45.630334
-1496.2803,15,45.64693
-1802.3872,29,45.664064
-957.8789,11,45.664136
-970.1018,4,45.664153
-785.3463,5,45.688093
-1889.619,19,45.702541
399.33722,30,45.750939
-1350.8564,13,45.751012
-1570.5803,17,45.763468
-1054.8441,18,45.779291
-1149.4005,7,45.779362
3499.1484,83,45.79505
-123.14874,55,45.795138
-1821.6658,11,45.816765
-1018.47565,2,45.831399
-1337.5077,10,45.844721
-1341.3906,4,45.844792
-3021.33,7,45.859224
-263.67096,25,45.874691
-679.30634,18,45.87477
-1407.597,19,45.888205
-1696.467,6,45.913858
-1163.9359,8,45.913936
-72.85541,29,45.927485
-2634.5654,44,45.944721
-972.79504,3,45.944824
-1012.3652,5,45.944846
-630.48596,23,46.02331
-1122.6857,6,46.02343
-868.0537,7,46.023456
2353.8433,56,46.040384
-343.34637,25,46.040464
581.4408,49,46.058583
-973.8148,3,46.085481
-1014.4886,4,46.119658
-1439.6293,6,46.119723
-1840.2739,17,46.119738
-1039.5574,3,46.164122
-377.86444,21,46.164208
-726.31836,12,46.264453
-729.0141,38,46.264549
-1621.459,19,46.311751
-1296.3635,10,46.311836
-1337.8477,39,46.311892
-1940.2212,28,46.311947
-1886.7478,10,46.312008
-1063.0692,14,46.323137
-904.27234,5,46.335756
-1489.4362,29,46.349045
-1023.29,2,46.349189
366.61176,36,46.349219
427.76898,28,46.365957
-412.36743,32,46.366024
-1062.1731,4,46.366036
-1033.9054,2,46.380652
-69.165344,23,46.380719
-889.3271,8,46.430818
-936.10345,5,46.430875
-931.87286,4,46.430888
-1501.491,6,46.430894
-73.502075,63,46.449031
-1094.1716,8,46.475971
-1045.4194,2,46.476053
-986.8726,3,46.476071
3237.869,80,46.490175
-274.28278,42,46.490301
-830.23395,13,46.506403
-1170.289,6,46.520761
-1327.9501,4,46.534336
-1156.6947,40,46.559606
-1664.6989,9,46.571949
-950.22705,6,46.589952
-955.1935,11,46.648036
-1045.7666,2,46.68361
-1555.3301,21,46.706495
-209.44391,20,46.706579
-898.5444,12,46.720127
-1843.669,10,46.736214
1257.2708,68,46.736298
-257.70294,23,46.736313
-1079.5508,3,46.766391
-907.59674,7,46.797351
-2535.018,13,46.797435
-895.9434,4,46.797451
-1187.98,27,46.817551
-1027.0317,2,46.832436
-1618.2557,4,46.860537
-1314.041,8,46.860628
-1337.5006,3,46.878545
-889.683,21,46.878633
4838.901,135,46.87865
-1475.6387,37,46.892524
-2139.8442,11,46.930364
-1392.725,77,46.948219
-1253.431,7,46.962524
-472.19916,32,46.978792
-1052.1262,3,46.978861
-1830.9117,78,46.978873
-885.319,6,46.978878
-997.6165,3,46.993661
283.4864,33,47.010367
-1038.0919,2,47.010458
1450.5691,59,47.024142
-988.81604,3,47.055088
2199.196,67,47.055183
-1273.6855,5,47.071319
-10.940857,34,47.087047
-1044.3978,7,47.087194
-1435.6759,7,47.087221
-3188.0664,19,47.087231
-435.42065,26,47.10547
-1026.3269,2,47.121411
-825.5017,45,47.13502
-177.69843,17,47.135107
-1171.0883,27,47.147134
-974.3501,19,47.161039
-2286.3071,13,47.161107
-1070.2479,3,47.176296
-1237.6182,12,47.189763
-293.73517,15,47.208977
-751.8556,8,47.209052
-701.7112,10,47.209069
-1090.4425,8,47.209076
-999.41626,9,47.209082
-490.32898,63,47.23431
-991.46106,3,47.247995
-2924.3892,16,47.270563
-1031.5492,4,47.270654
-234.72833,30,47.270669
950.2166,88,47.297117
583.8141,64,47.29722
-1088.9003,8,47.321568
-2618.337,5,47.343186
-2534.204,12,47.343314
-2467.0337,18,47.360935
-1522.4309,11,47.372936
-1242.9238,21,47.373008
25.982239,36,47.400779
-1049.4102,6,47.418457
-1239.4465,18,47.418547
-625.0727,16,47.439387
-2069.6055,13,47.439486
-1022.07733,2,47.453857
153.67645,23,47.466007
-1106.9054,9,47.502521
-1775.4589,7,47.502621
-1614.8844,3,47.502642
-1492.9602,22,47.531848
47.442566,21,47.570118
-812.9063,33,47.590885
-1238.1707,15,47.591012
-1418.6045,32,47.607497
-553.65027,13,47.620253
-1714.3728,20,47.657341
-937.6444,17,47.67026
-1043.1588,6,47.696036
-1025.8138,3,47.709773
-1242.3628,12,47.709855
-490.8589,29,47.728319
-2712.6978,9,47.728393
1930.9407,60,47.771836
-920.99133,5,47.793768
-62.947815,42,47.810189
-973.12317,6,47.827002
-1044.2424,2,47.827067
3749.7776,74,47.827096
623.9294,89,47.871229
-1032.596,6,47.871274
-1399.8086,17,47.88515
-159.83698,19,47.885302
-889.5604,5,47.903115
118.85394,37,47.903201
25.58313,21,47.903222
-1031.8901,2,47.918999
-109.24994,32,47.919079
-1019.96783,4,47.933394
-960.07916,4,47.933498
102.13898,46,47.950103
-1034.697,3,47.976813
-598.4679,10,47.976905
-851.2268,20,48.006155
-484.7198,38,48.028531
75.42084,19,48.028625
-686.577,14,48.042472
-1199.9453,9,48.05955
-1018.52374,2,48.059626
-1035.5127,2,48.074435
-917.72986,17,48.074546
-1044.2637,2,48.102047
134.11469,39,48.102133
-2512.6816,13,48.102152
1017.43744,63,48.115213
-1027.656,2,48.147584
-933.17267,18,48.168246
-937.83,4,48.168312
-2487.8005,15,48.16833
-1045.7438,2,48.182174
-874.9924,13,48.182266
-1438.9362,6,48.199481
-1329.9802,9,48.199558
-1691.113,17,48.213807
-1044.2372,2,48.213876
753.64276,47,48.228763
-2704.3792,38,48.245723
-1670.3046,10,48.260527
-1032.9462,2,48.260632
-1208.9667,7,48.274193
-690.81433,14,48.297867
-525.92554,25,48.297951
2113.8113,67,48.297969
-1034.7766,2,48.313432
-2447.6758,7,48.313532
-1035.6161,4,48.327532
-1038.1376,2,48.327616
-1885.1179,10,48.327636
-1391.2764,3,48.340064
-1059.1201,6,48.35511
-249.20508,20,48.376909
-847.41455,25,48.376988
-1833.731,4,48.392988
-103.5473,23,48.393061
-232.40417,58,48.407529
-1081.845,32,48.424291
-1044.2606,2,48.42441
-416.25824,33,48.424442
-4624.3027,15,48.424451
-934.3907,10,48.461762
-2055.643,11,48.461834
1096.0132,73,48.461851
-906.43805,5,48.477532
-1264.1826,4,48.477618
-376.22583,19,48.501889
-852.5045,5,48.525543
-1108.2001,9,48.545684
-869.64954,11,48.57401
-949.5446,4,48.590969
-1265.1904,38,48.591042
-3117.9917,13,48.60295
-2151.3228,22,48.644461
-926.90845,21,48.671663
-1755.6704,34,48.671741
-3530.9636,16,48.690982
-1995.1611,9,48.709432
-149.0711,31,48.709961
-1037.0302,4,48.71004
-1037.803,2,48.710056
-1040.1816,10,48.740948
-991.6965,3,48.758136
-1063.0676,3,48.758211
-272.73865,68,48.758229
19.147339,27,48.758235
-821.4397,20,48.758241
-1749.5059,26,48.775434
-174.26764,27,48.775542
-915.58795,39,48.788061
-1007.02014,4,48.821484
-970.2745,4,48.821584
377.4165,33,48.821609
-1040.8892,4,48.838634
-1746.6268,5,48.838699
-2107.5593,6,48.838714
-788.7638,36,48.852939
-2686.687,17,48.853016
-1067.6927,2,48.869194
-599.4288,21,48.869285
35.001587,26,48.869308
-1350.4453,25,48.882582
-1038.3357,2,48.882646
4227.856,105,48.896096
-501.72372,14,48.910779
-481.60162,20,48.910871
-2182.2368,10,48.925527
-1143.3456,3,48.925611
-1094.2712,6,48.939569
-1066.6326,5,48.939643
-908.634,6,48.952066
-1263.7819,9,48.952156
-1044.2637,2,48.975295
-997.08887,11,48.994093
856.45514,51,48.994179
-1075.6702,3,49.019981
-1426.5016,8,49.034151
-992.9648,3,49.034222
-1789.5569,8,49.048883
-759.80536,9,49.068992
-611.3417,26,49.089141
-173.4845,22,49.107399
-2334.5789,25,49.107482
-2623.3748,10,49.107502
-959.50385,6,49.152816
-934.4771,4,49.152898
-1210.5288,13,49.168334
-840.27374,13,49.168438
-1386.589,17,49.18481
-912.4637,6,49.204602
-977.0429,6,49.20468
-556.7987,48,49.222517
-1440.8552,20,49.222605
-993.1691,3,49.222625
1513.5605,57,49.222633
-279.3921,31,49.252613
-841.59973,24,49.252697
-1500.1094,9,49.252716
-964.99506,3,49.266316
-1025.5696,3,49.266432
-1287.6709,6,49.298901
-1276.5693,6,49.319798
-1271.7242,11,49.334639
-2196.5056,32,49.334743
-308.37262,34,49.378114
-1111.2217,4,49.378194
-2156.5542,8,49.378208
-984.6415,3,49.378213
-1665.52,9,49.395609
-1496.6025,13,49.395687
-912.7357,6,49.395705
-963.41565,3,49.423441
402.5166,47,49.450717
-1442.9595,5,49.464085
-1045.8467,4,49.474492
-1206.5841,8,49.490859
831.614,45,49.490933
-1035.065,3,49.519135
-1030.633,32,49.519183
-2335.7634,34,49.519192
-1016.8255,2,49.551054
-2122.9807,33,49.551142
-827.75116,7,49.565166
-1029.5126,2,49.578615
-2100.0405,25,49.592383
-2414.763,18,49.592467
-433.88837,24,49.618328
1866.1243,48,49.618412
395.13324,32,49.632176
-1790.9004,18,49.632267
-1309.4478,4,49.632289
-947.0353,2,49.656662
-50.235596,34,49.684944
-1214.8054,6,49.685034
-2.8323364,20,49.685051
-1472.3425,13,49.685058
-941.1772,4,49.698754
-525.74457,44,49.740911
-844.3729,15,49.741245
-938.5577,5,49.756433
-1077.8071,15,49.771173
-2512.5388,27,49.771261
-1576.2168,15,49.785853
-1750.582,19,49.799633
1518.4434,52,49.825588
-1061.2716,10,49.82568
-1505.6763,14,49.840386
-1716.5878,16,49.862114
-2100.6624,12,49.862203
-953.6574,3,49.877545
-955.347,5,49.877627
321.12408,34,49.890903
-160.02771,43,49.905137
-866.6377,5,49.931957
-1144.7626,12,49.960244
-1401.2009,8,49.98075
-1742.3021,27,49.996831
-1921.1862,17,49.996926
-310.46118,54,50.011799
-1479.9971,10,50.02851
-1068.8475,8,50.028615
-2137.9312,18,50.028641
-1363.6277,16,50.07214
-913.22864,4,50.088333
-1148.0413,5,50.088406
3865.9941,82,50.088424
-1296.5449,8,50.088431
-1770.4314,8,50.101379
-1308.3506,31,50.101499
353.58002,25,50.1146
-976.34766,16,50.130722
-1062.39,3,50.130808
-919.8902,5,50.158091
-810.3097,22,50.175247
560.3423,49,50.175343
-1542.334,11,50.190697
-1407.3536,9,50.218654
-1172.1564,4,50.233744
-3124.461,16,50.26994
-1230.9293,6,50.270009
-934.4847,9,50.270026
-1354.9585,4,50.282533
-1642.8567,5,50.312216
-1010.4565,3,50.312331
-1002.4747,3,50.329113
451.94025,37,50.329256
1783.0254,57,50.350541
-2207.127,16,50.350698
-2430.1118,24,50.370656
-1000.47974,3,50.370739
-1069.1512,7,50.384059
2359.3213,76,50.410745
-1301.9006,47,50.41084
-1541.6571,4,50.410859
-1040.863,2,50.424437
-265.2221,19,50.438499
-406.00452,28,50.438566
-210.49811,22,50.438582
-1043.5261,3,50.453693
-1684.5587,22,50.465888
-658.8408,9,50.494158
-779.56726,27,50.49429
-754.9475,9,50.507435
-1041.615,2,50.523488
-997.10565,3,50.535589
-762.97095,8,50.548976
1512.1748,59,50.549054
-587.0177,16,50.565452
-1298.2489,19,50.565533
596.2259,57,50.565549
-1239.0415,11,50.579056
-1002.59973,2,50.579446
-1823.5043,17,50.593376
-598.4761,12,50.608068
-1324.3947,5,50.640805
-1538.4247,31,50.640881
161.86066,51,50.655454
-1767.3887,37,50.66745
-3684.5256,16,50.667524
-1159.531,8,50.667538
-1126.9198,10,50.685194
1482.9318,60,50.685294
-993.829,3,50.685313
-1027.6587,2,50.685321
-1190.0261,4,50.701444
-1003.0739,2,50.70154
-1281.0796,21,50.722275
-1138.9865,7,50.722362
-813.6665,9,50.734424
-1221.7386,11,50.750724
-2391.1,5,50.750796
-985.8125,3,50.750809
-1123.5063,4,50.750818
-1089.3555,4,50.769839
-1028.606,2,50.769936
-995.6172,6,50.785469
-967.976,3,50.801898
-1087.4208,3,50.802
934.1458,56,50.802019
653.1956,40,50.821493
-1876.3923,8,50.821562
-1881.7317,9,50.835674
-648.12244,24,50.835759
-1429.3628,4,50.835777
-1070.3965,2,50.835783
-832.1588,8,50.858948
-1032.5688,2,50.859012
-110.59857,27,50.87255
-26.348083,20,50.885264
-781.4048,10,50.916976
-1348.1313,9,50.917065
-1400.1846,5,50.943791
-847.8124,10,50.943896
-746.5127,6,50.943913
-1765.0166,12,50.943919
-2119.7524,11,50.968128
-845.4052,11,50.968209
-349.43835,26,50.968228
-728.28143,7,50.983565
-1491.9471,5,51.018055
-961.19855,13,51.018151
-983.3016,3,51.018169
-771.11774,43,51.018177
-1845.6582,13,51.037938
-1084.619,43,51.038029
-1145.5535,24,51.061124
-1237.2795,8,51.075103
-1018.3573,3,51.087859
-1311.3898,8,51.100504
1278.2681,39,51.116797
-1515.385,46,51.116879
-1056.8744,5,51.136866
512.6546,36,51.149017
-1301.231,4,51.176678
-1620.1653,15,51.176749
-2121.0369,9,51.176766
-1320.2485,13,51.18934
-985.47455,5,51.189457
-933.28625,28,51.2672
-561.2072,20,51.285262
-1819.8965,10,51.2854
-342.0016,30,51.297714
-1041.1531,2,51.326342
880.03064,38,51.326431
-1731.9233,10,51.341161
-1396.0634,10,51.341253
-921.11115,17,51.355793
-629.26025,30,51.380039
-1178.8363,8,51.396347
-50.366455,24,51.396425
-1484.5419,8,51.411826
-722.85345,15,51.424959
-2271.1638,27,51.440506
-1000.28485,3,51.440625
-1071.5647,4,51.455153
136.50562,40,51.455257
424.48297,37,51.48553
-2198.9102,5,51.485631
-1586.6069,12,51.485651
-1019.64935,3,51.499954
-1368.2638,6,51.537205
-523.7442,22,51.53733
-1316.1162,4,51.554023
887.74677,31,51.580671
111.902466,37,51.596815
349.73395,48,51.596883
103.79315,31,51.62467
-1046.0441,2,51.624734
-1093.5646,30,51.639173
-2122.3655,7,51.662089
-1252.4968,21,51.662185
-2297.836,11,51.662203
-1863.7856,16,51.692585
-654.6168,18,51.70528
90.30676,41,51.705384
-185.38055,45,51.719548
281.77325,25,51.731855
-1018.59515,2,51.731936
-1256.7808,11,51.744934
-1575.626,8,51.744999
-1598.1141,15,51.758726
-3382.1775,9,51.784379
-1031.2477,2,51.784503
-1426.2019,9,51.808761
-956.54474,24,51.808872
-2111.1465,6,51.83153
-1794.8563,8,51.945129
-1020.85693,3,51.959491
131.4541,36,51.959573
502.61127,26,51.976047
-722.48944,17,51.999813
515.0225,35,51.999933
-1095.922,5,52.015235
-1953.0762,12,52.015345
-1418.323,3,52.042436
4668.2363,93,52.042511
-4400.568,29,52.058985
-493.09125,42,52.059062
-1204.5043,10,52.082278
-734.91,24,52.095294
-2314.5476,7,52.108584
-933.5512,5,52.132776
-920.48004,7,52.148031
-2835.689,25,52.171514
-949.6933,30,52.18883
1970.0408,76,52.188915
-353.85376,42,52.212578
-2557.7253,15,52.229388
-892.6493,6,52.267923
-9.507446,33,52.268003
-1260.6665,11,52.28232
-174.6607,28,52.31417
-3458.2974,15,52.314471
-889.4535,10,52.314493
-997.5192,3,52.333036
-1212.4468,10,52.333134
-256.4641,23,52.350471
-360.84338,32,52.350824
-1019.3899,2,52.350858
-845.6719,20,52.389303
-1047.5847,3,52.38939
-1000.6612,3,52.407168
-973.19354,4,52.422439
-169.98883,27,52.451946
-1088.4202,8,52.452327
51.07965,49,52.45236
-1025.0598,5,52.467792
-900.5934,16,52.467897
-1418.6443,7,52.467916
200.48767,45,52.501114
-1020.1224,2,52.501258
-1013.58887,3,52.501275
-1028.7603,2,52.52548
-973.2906,5,52.542481
-1174.5154,7,52.561495
1334.207,40,52.561853
-2353.1562,9,52.586505
-1050.3562,3,52.60831
-2045.3008,43,52.60843
-1214.8557,10,52.62885
-1976.257,33,52.669138
-981.0692,4,52.682695
1221.795,53,52.696661
-824.4574,5,52.696753
-1083.1229,13,52.713318
2653.0342,68,52.727047
-858.8514,13,52.742441
-1003.7897,3,52.742505
-1799.3127,9,52.74252
-749.40936,16,52.756719
-1649.9376,8,52.756809
-984.81665,3,52.787876
2466.6511,91,52.804924
-835.38965,5,52.818124
-1840.9344,11,52.838314
-986.81476,8,52.852526
-1404.0074,39,52.852593
-1039.7578,18,52.852607
-1025.5688,3,52.890883
-134.1419,30,52.890972
-887.51666,6,52.904599
-1035.7388,2,52.917513
-1515.4963,10,52.932469
-1420.6404,6,52.932569
-990.6826,3,52.932586
-1125.3855,12,52.932592
-1047.0032,3,52.949397
-1744.4373,8,52.949484
5.9769897,40,52.949505
-1017.7159,2,52.988168
-1563.9263,5,53.009728
473.4063,62,53.023033
-1029.0308,6,53.044466
732.9804,48,53.044571
1208.1082,45,53.060464
-1017.4053,5,53.108981
282.83923,45,53.124126
-1101.8909,11,53.124199
-679.10657,36,53.124213
-481.75034,28,53.136863
1992.2689,55,53.151736
-1373.5778,3,53.151803
-563.3301,23,53.169858
1751.791,49,53.169945
-1393.696,26,53.169964
-1426.6768,8,53.185031
-814.8358,12,53.209423
-1179.8883,7,53.25392
-950.8114,4,53.269302
-921.7495,8,53.283328
810.57666,77,53.28343
-1258.4076,17,53.318148
1027.5205,41,53.332449
458.1458,88,53.345422
-1872.0708,31,53.345498
-2537.6526,15,53.35877
-1345.3601,6,53.358844
-494.86887,26,53.358861
-2618.7153,21,53.37273
-826.63983,6,53.37279
-673.48254,7,53.407175
-1133.7751,16,53.407243
-2000.7255,20,53.419515
-772.8321,7,53.431854
-1361.4974,8,53.451888
-1062.1616,3,53.451964
-159.71082,31,53.468762
-994.5287,3,53.484946
-1190.6726,12,53.496309
-46.42639,24,53.52143
-1765.1797,7,53.560561
-787.7783,9,53.593993
-4109.542,41,53.594063
-815.611,12,53.594074
-1792.26,8,53.620577
-226.59601,35,53.654222
-1054.2676,45,53.654326
-866.49146,20,53.668835
-1031.5294,3,53.668906
-1469.3336,17,53.684178
71.235535,23,53.719179
-1063.6168,38,53.747252
-1386.9967,16,53.764326
-1444.5895,11,53.764409
-903.33594,5,53.764441
-1593.1111,7,53.77775
-61.924866,20,53.777841
-1383.838,20,53.792923
-1287.1495,8,53.792984
-227.86212,38,53.827079
699.877,37,53.839276
-325.10083,17,53.853132
2351.1216,60,53.866165
3489.3035,73,53.866251
37.177856,36,53.895383
-986.9593,5,53.907636
-1030.6119,2,53.924284
-2251.6924,10,53.924371
-909.96967,11,53.924388
-1954.8081,14,53.954768
-145.599,41,53.975927
3609.8318,82,53.976017
-1059.7495,3,54.022258
-1021.13794,5,54.045352
-1205.9813,11,54.045436
-2125.3772,8,54.045454
-1692.4131,8,54.060485
-1010.6382,3,54.090401
-1259.8984,10,54.090488
2154.5474,61,54.106632
-1969.2104,19,54.127713
-1081.9675,18,54.143819
-1023.7778,2,54.14395
-1250.9686,13,54.143971
-911.21313,7,54.159723
-2225.918,33,54.171803
-1773.8843,8,54.189612
31.408447,36,54.214416
-916.5279,5,54.214498
-1697.2491,13,54.24245
439.75336,70,54.253669
-1393.4585,6,54.253753
-360.12598,33,54.268
-249.81854,31,54.268099
-30.77472,33,54.283028
-445.01764,34,54.283142
-829.3974,7,54.317335
-882.7967,15,54.317427
-1387.4805,11,54.357637
1321.7048,66,54.372642
-853.8971,15,54.386665
-1682.5356,17,54.398585
-323.4187,54,54.42411
736.32495,46,54.424184
-848.8651,11,54.439073
-874.6553,13,54.45036
-1606.6525,12,54.461902
-396.8285,25,54.490056
1880.9443,61,54.490148
-1711.4529,9,54.52473
-1044.2543,2,54.524833
-1355.1458,6,54.539205
-1052.2197,19,54.554204
-18.97821,50,54.554285
-2897.5393,15,54.567633
-1064.3385,3,54.586969
-1428.8676,15,54.587046
-1019.29767,2,54.587062
-233.78278,25,54.625323
-1159.5834,42,54.625402
-939.4261,20,54.625419
-249.59766,49,54.625427
-1041.5585,4,54.625432
-1487.3837,13,54.625438
-2221.3965,9,54.639971
-1189.8184,7,54.640065
-1001.50836,3,54.665832
-1049.9075,3,54.665881
-2577.3335,10,54.679395
-789.2884,24,54.679461
613.60986,37,54.692328
-1292.6656,6,54.705034
-1012.3444,4,54.742851
-1779.1346,11,54.743287
-1433.0476,32,54.762787
-202.11621,50,54.781897
-959.06604,5,54.78198
-1663.0447,12,54.795795
-787.9329,15,54.80918
-1831.2532,28,54.842336
-4323.055,13,54.876369
-832.385,13,54.876473
-824.4039,6,54.876487
-1343.8657,5,54.919523
232.86383,32,54.919603
21.433167,46,54.955468
-1822.418,12,55.002143
-1124.861,52,55.002255
-1228.2876,5,55.002275
-2916.2983,15,55.017189
-1076.1818,4,55.017282
1989.2991,63,55.056393
-1214.6096,19,55.056479
-926.1411,4,55.071247
-1027.139,2,55.085259
-775.7128,6,55.102967
-3847.224,14,55.103033
-2060.5718,14,55.103048
-1156.314,5,55.103055
-1062.3594,12,55.116967
-320.47345,43,55.13063
-1011.28973,4,55.130714
-768.2711,21,55.130731
-972.03577,3,55.146342
-804.07056,6,55.172823
-939.68524,33,55.172901
-3336.1648,28,55.194562
-243.02057,35,55.194642
-1216.1172,7,55.213627
-1024.5276,5,55.213693
-1013.1565,3,55.213709
-281.40698,31,55.227185
-392.23584,25,55.252194
-945.35095,5,55.27858
-947.2314,8,55.29399
-2065.1616,13,55.294059
-967.7233,6,55.308722
-930.86365,6,55.323073
-498.56094,15,55.323202
2046.6736,49,55.337002
-1156.1387,22,55.337217
818.2448,48,55.351615
-1006.45825,2,55.351703
-1186.4893,9,55.351721
2319.7632,64,55.351728
-1172.6074,5,55.367361
-788.8865,49,55.382511
-1001.536,4,55.382601
-1028.6156,2,55.382619
-1285.8997,5,55.382627
-1320.7524,8,55.412843
497.29706,55,55.412914
-494.9816,21,55.412931
-1073.7332,3,55.426733
-1041.8066,5,55.450526
-983.7371,5,55.46382
-1814.6444,29,55.49496
-1956.0132,20,55.507937
-1308.9626,7,55.544084
356.22015,29,55.558747
-994.30023,14,55.558853
-362.9145,16,55.571921
-1042.4429,2,55.612579
-1115.7089,4,55.631487
-480.02408,25,55.667577
-809.9845,14,55.681366
-1018.45184,2,55.698157
-214.00836,23,55.698293
-2078.128,18,55.698311
1186.4863,72,55.74258
-1185.1941,22,55.74269
-1754.415,14,55.742709
490.41235,40,55.759526
-1325.1584,23,55.759598
597.85785,31,55.759616
-2787.419,47,55.759623
-1776.4923,7,55.759629
-818.00635,25,55.759634
-932.79114,5,55.774112
-957.43384,5,55.791139
-1030.0852,2,55.791266
-2131.4194,15,55.82012
561.1531,77,55.840596
-1110.6564,5,55.84067
-2930.4004,9,55.854805
-1000.59467,9,55.85489
-1220.4329,24,55.890055
-917.49713,6,55.890147
-2042.0524,20,55.890167
-2407.3657,9,55.912155
-1033.7336,2,55.935711
-1628.5042,4,55.935791
-1354.0955,10,55.96081
-1037.926,2,55.960898
-2033.9629,11,55.960913
-1420.3889,7,55.973231
2030.5417,52,55.973328
-1496.0604,8,55.984182
-1091.2368,8,56.008469
-996.4033,4,56.019647
-1023.5269,3,56.019719
-1112.688,17,56.043107
-998.897,2,56.060155
-938.6756,7,56.075913
-986.23096,38,56.075981
-929.14996,9,56.088371
188.51276,45,56.105094
-1067.7781,3,56.131456
-1477.0814,12,56.149474
-1501.4099,5,56.149558
-411.6386,25,56.167071
-324.86096,22,56.167166
-485.73572,20,56.167185
397.96637,33,56.184781
-1744.8013,15,56.184866
-1030.4946,2,56.199386
-54.54193,47,56.199721
-1695.5605,8,56.225056
1263.347,62,56.225198
-843.7632,14,56.225219
-643.94366,50,56.238199
-823.2958,14,56.238281
-1221.0231,18,56.251105
-2493.9414,14,56.265043
-1319.3212,3,56.265121
-1025.5404,3,56.265138
-869.6193,7,56.280336
-921.3385,4,56.280416
-1031.423,2,56.280432
-2970.2568,34,56.292616
-1062.7643,3,56.310269
-1549.5573,12,56.310361
-980.4734,3,56.310376
-1166.6914,11,56.331653
-1020.9495,11,56.343219
-884.3653,4,56.372244
-1810.8083,7,56.385131
-1202.861,7,56.41707
-1028.8875,3,56.436337
-962.7734,13,56.436427
-811.24097,11,56.436444
-2272.4126,12,56.470379
-2092.2356,10,56.4983
-395.40045,31,56.556779
-909.5242,17,56.576802
-1026.1013,2,56.605811
-2438.189,10,56.605877
-374.73676,26,56.605906
1581.6868,44,56.605911
121.79791,23,56.605917
-1579.3547,10,56.631967
-1018.22906,2,56.632065
-1912.333,40,56.658087
-538.44745,32,56.6582
-1416.9906,9,56.68406
-2139.2478,7,56.705607
-2595.3486,36,56.705677
-1055.3168,4,56.719765
-1179.747,8,56.754436
-1566.25,10,56.754483
-1024.1877,4,56.754492
-924.8563,5,56.80905
-658.4164,24,56.83198
902.3338,43,56.832075
-1.4985962,25,56.83209
-1737.6321,35,56.844308
-1069.0691,3,56.857799
2731.0498,69,56.874547
152.17096,70,56.889411
-1551.5916,58,56.907967
-1035.6515,2,56.908053
-909.23456,4,56.921458
-1031.155,2,56.935188
-63.15155,19,56.935261
-1114.9612,7,56.935275
-1165.3191,11,56.99908
-5477.532,16,57.013414
-1895.7053,8,57.032102
-294.25806,27,57.032453
-1121.0514,20,57.032494
2495.3135,72,57.046775
-515.07513,39,57.062588
-92.803955,29,57.062698
-1184.8326,46,57.062716
-1036.4485,2,57.062722
831.3172,56,57.078012
-1232.9136,10,57.091502
-1627.2454,17,57.105475
-1034.5431,2,57.105575
-2958.4287,22,57.105594
-1196.3893,12,57.119354
-2711.8862,8,57.119454
-1318.76,4,57.119475
-1605.7661,19,57.119481
-1623.271,6,57.133014
1458.8779,49,57.145984
-994.8148,3,57.160282
-990.7633,3,57.160372
193.73303,27,57.175461
-1630.5023,6,57.202434
-1018.80493,4,57.231289
-1025.2488,15,57.247897
-2056.7273,16,57.261945
-940.95544,11,57.262041
-1389.937,12,57.275032
-1616.3553,14,57.289253
-1728.6782,4,57.30367
-2515.7988,5,57.303756
166.26886,25,57.303791
-1064.5834,4,57.316221
-543.07056,20,57.344338
-1106.7606,21,57.358184
-1640.55,5,57.372774
-1138.9243,33,57.372899
-2067.5,23,57.383228
-734.24384,13,57.383302
-960.05304,4,57.397684
-1252.8822,23,57.427352
-984.7896,4,57.443575
-1357.9435,10,57.443954
838.02747,63,57.459618
-1133.1135,38,57.472707
3037.2185,76,57.472786
352.3636,26,57.494377
-735.03253,33,57.494446
-926.40015,5,57.52334
-2461.3518,18,57.537796
-1433.7477,7,57.558742
-1332.4308,7,57.584183
-1414.9596,14,57.601816
77.88599,31,57.616342
-2554.2224,7,57.630862
-340.15668,15,57.63094
580.97614,35,57.644991
-1144.02,7,57.645427
-1670.0879,4,57.660444
-870.5004,5,57.691818
2740.313,65,57.691942
-878.23395,18,57.708563
-1466.0261,22,57.708653
-1079.8466,5,57.708672
-1087.3473,24,57.721545
-2175.2334,12,57.73372
1732.658,72,57.747293
-1840.9824,17,57.747373
-479.37103,43,57.795419
-903.5337,33,57.816307
-914.60693,5,57.833536
472.3355,48,57.8632
-1380.7689,6,57.88901
723.7054,43,57.902993
-924.28644,20,57.943194
-1710.1665,5,57.973612
-903.03613,19,57.989793
-923.30334,33,58.003224
-1801.1213,13,58.015576
-993.93353,5,58.01566
-139.76141,36,58.02906
-271.21753,26,58.054163
-1247.4668,14,58.072012
-3357.9363,21,58.07207
-970.2892,5,58.085924
-1912.5732,33,58.086001
-1369.7207,41,58.086019
-811.68054,18,58.109115
-1022.88184,2,58.109198
-666.78564,27,58.123846
-778.3781,8,58.123912
-337.6529,28,58.139366
-1044.0055,26,58.139469
1225.1477,52,58.165036
915.8115,34,58.165123
-1206.7234,6,58.197656
-1044.1987,2,58.197752
-2416.5571,20,58.209007
-1257.9977,7,58.225482
379.73096,33,58.22557
-1031.3867,2,58.239212
-1050.9003,10,58.239313
-1023.42444,11,58.239328
-883.51636,13,58.258196
2742.4138,64,58.273799
-1044.9874,4,58.287998
-490.76276,22,58.305407
-955.0542,3,58.305522
-2466.497,15,58.322507
-1598.6387,10,58.350573
1009.5388,43,58.351247
14.0217285,47,58.367099
-456.02307,16,58.367195
-595.75586,9,58.367215
-1176.1628,14,58.482207
-1044.2244,2,58.502598
-1215.0177,6,58.518519
-1026.1497,4,58.533975
-1058.7476,3,58.534062
-144.30304,28,58.566202
-1753.7579,31,58.566345
-755.7374,14,58.566362
-1266.9272,8,58.580793
-427.98206,26,58.59618
535.0274,52,58.613308
-1534.1465,7,58.626811
455.54633,27,58.626883
-1171.3037,26,58.639982
-1034.0421,2,58.659383
-1044.2056,2,58.672585
-2234.0066,10,58.685973
-955.7644,20,58.713128
-1794.4115,9,58.741634
-962.95984,3,58.756149
148.77374,35,58.770955
-1729.3389,13,58.771086
-1027.067,2,58.798748
-1224.2745,14,58.798905
2168.0603,94,58.816568
-999.1049,18,58.832182
-1022.6531,2,58.832297
-871.3268,7,58.846327
-1018.6041,2,58.859884
-2391.973,7,58.876358
-2096.1558,27,58.876478
-3053.3604,36,58.896497
965.23413,39,58.89659
-2332.1316,35,58.907576
-1038.8071,2,58.922887
-2459.8945,18,58.922966
-1007.1262,4,58.958753
428.487,30,58.95882
-270.38324,36,58.958836
-2299.8909,7,58.973596
-2216.2717,6,58.973704
-2412.9717,10,59.004721
-827.1048,6,59.004776
-798.38495,5,59.004786
-0.5276489,44,59.017136
377.55304,38,59.039866
-967.8905,4,59.039936
89.23187,31,59.039951
-2375.039,28,59.058549
-663.81573,14,59.058622
-875.952,8,59.085928
-571.5281,46,59.09902
-195.82898,36,59.111985
-2641.9424,8,59.127337
-1832.9849,9,59.139481
-824.2428,6,59.139555
-1346.7087,10,59.158645
-2619.937,32,59.17232
-1236.6084,6,59.214614
-1381.0304,5,59.214729
-277.41205,37,59.228851
-639.2569,23,59.228953
-933.5814,15,59.257536
-2428.6526,21,59.271588
-913.5475,4,59.271667
-1638.6814,20,59.271686
2251.2778,76,59.271693
-1087.3317,16,59.271698
-2448.7605,8,59.284492
-939.6281,4,59.284585
-903.5446,6,59.297072
848.0679,33,59.297164
-1023.5935,2,59.331625
-973.34674,4,59.349663
-1521.448,5,59.349749
-937.49677,18,59.349768
-877.224,5,59.364243
-1040.1459,7,59.364329
-1632.6301,6,59.364343
-1025.6542,2,59.390523
106.12915,25,59.390609
-1044.2122,2,59.420576
-1043.4049,2,59.420661
-1135.392,6,59.438762
-386.54382,45,59.438858
-1581.793,14,59.477436
-1079.1981,4,59.477523
1345.3374,65,59.506383
228.71808,28,59.50644
-532.0088,21,59.540941
-1903.7031,13,59.555806
-869.8229,8,59.555909
692.01166,35,59.555937
-1364.5018,14,59.580971
-1118.3268,6,59.581038
-1289.7212,15,59.581053
93.201965,35,59.58106
-1021.962,2,59.601198
476.28424,42,59.6013
-1861.4404,34,59.629687
-990.3317,3,59.629804
-1018.88074,2,59.629822
-1069.0814,4,59.642272
-1047.1819,4,59.64235
-1663.1324,7,59.674258
-879.4218,6,59.674321
-1267.8314,34,59.674335
652.4334,57,59.687922
-955.4397,4,59.717386
-2644.9883,18,59.717486
-962.2126,5,59.717516
86.87756,37,59.717523
-1012.79016,4,59.71753
-1026.081,2,59.746381
-985.76886,3,59.761753
118.724915,26,59.761812
-1628.9211,5,59.761825
-226.32727,28,59.775815
-1025.9757,2,59.789298
-2635.652,10,59.789404
-1481.6318,4,59.803357
30.673584,34,59.803439
141.60272,33,59.816638
-1044.2533,2,59.816701
-1363.6183,19,59.816716
-894.35034,5,59.829765
-826.636,22,59.829838
1073.1367,38,59.857793
-811.59393,10,59.857891
965.32135,63,59.882884
-1053.9255,8,59.897381
-1404.4434,5,59.926079
-893.287,5,59.92617
-2728.116,9,59.940001
-1011.558,3,59.940082
-411.18274,16,59.940099
-1899.7375,18,59.940106
-523.4801,27,59.974308
-1027.6439,11,59.974384
-371.1985,36,59.987401
-1019.41125,5,60.014584
-1232.7041,23,60.01468
-175.86322,22,60.027737
-928.89325,4,60.027807
-663.72516,9,60.069302
-1295.3582,8,60.069413
748.3785,37,60.092354
-1586.4034,10,60.092457
-1034.5253,2,60.112214
-881.59546,7,60.112335
-1459.2311,11,60.136904
-1025.4492,2,60.16364
-1199.5515,8,60.198259
-1371.1985,23,60.198481
-1180.5854,5,60.242455
-1028.1057,2,60.242534
-1542.5569,23,60.272133
-1247.4751,37,60.303204
-888.6272,11,60.303303
-1048.7051,2,60.303322
-192.23993,25,60.303328
-858.014,11,60.337866
-2097.0059,9,60.378555
-685.5974,17,60.378676
-950.1871,6,60.393521
-507.19397,28,60.393597
-1339.988,4,60.393612
-128.17792,43,60.393619
-1693.4978,12,60.40937
-1735.436,22,60.422004
-1025.7916,4,60.451253
703.7872,38,60.464626
-1073.7788,12,60.464773
-1215.8932,5,60.464803
-1034.3193,5,60.478028
77.46619,40,60.506411
-1107.8315,3,60.50649
-1849.5759,8,60.506522
-1280.8772,4,60.56219
-1222.6329,17,60.576633
-1234.7468,12,60.589298
-911.29694,18,60.603521
-1030.5276,3,60.618245
-1084.3748,8,60.618333
-1226.4137,30,60.618353
-977.8116,43,60.664981
-1047.9316,3,60.665107
-1206.3745,21,60.678167
-1015.7278,4,60.678217
-978.81116,4,60.678227
-1715.5975,25,60.699073
1007.70654,59,60.715379
-192.36871,26,60.715561
-1050.6418,14,60.715587
-845.34674,25,60.743221
-1067.5098,2,60.743295
-2546.8777,5,60.766074
-1582.367,30,60.766158
-544.6084,36,60.79585
-1226.8953,27,60.7959
-1019.7925,2,60.79591
-1651.6831,7,60.795916
-952.8423,6,60.815498
-1385.7128,15,60.831491
-1532.3315,4,60.861314
-1965.5691,13,60.875845
642.1651,78,60.875908
-1877.165,41,60.913919
2255.0493,64,60.914005
-2576.6902,11,60.936824
-923.3442,4,60.936893
-356.62244,25,60.952229
-917.1096,4,61.025969
-1251.6687,12,61.026064
-1135.4089,7,61.053013
-1652.0388,17,61.071328
-201.8122,17,61.071403
-503.54047,56,61.071417
-840.78754,18,61.093786
-883.2648,5,61.106862
1203.821,42,61.124846
-1050.1183,19,61.124917
-1026.7485,3,61.13982
-999.9146,8,61.157414
-965.59296,5,61.157489
-997.71674,3,61.171575
-1441.7476,19,61.171932
-1692.9575,19,61.191998
-339.81635,32,61.192063
-1547.1873,7,61.19208
593.6724,48,61.206962
-974.75684,5,61.207045
-998.0737,2,61.239722
-953.9099,2,61.239799
-1140.0918,9,61.255707
-796.10986,6,61.255772
-2250.8835,20,61.279682
-1015.4379,2,61.279757
-1224.08,10,61.303807
-684.4988,36,61.33025
-2033.1187,27,61.34135
-844.3263,9,61.373701
-1182.632,41,61.373807
-1221.9802,8,61.39444
-843.7406,14,61.394533
-913.99054,10,61.410868
-2112.1929,14,61.41094
-1098.5513,10,61.424499
-1388.8013,9,61.440641
-1044.2504,2,61.440699
-965.5368,4,61.454472
-1052.0674,3,61.469308
-254.75049,21,61.497545
-331.56763,21,61.513083
-1357.5524,3,61.537128
-1357.124,7,61.554459
637.04987,60,61.55454
-1750.6661,20,61.554558
-1112.5317,56,61.572264
1153.8801,53,61.596744
-970.35925,14,61.597074
1026.5852,72,61.609482
-1718.5725,4,61.624165
1182.9827,35,61.624237
-1888.6357,17,61.637041
-1044.2637,2,61.651965
1223.0536,48,61.668034
-418.66534,39,61.668092
-943.31537,6,61.688833
-1044.2637,2,61.688981
-1026.3048,2,61.708365
-1298.1039,11,61.721868
3085.0083,65,61.736246
-261.1377,26,61.736322
-1017.42065,3,61.785906
-1692.3557,14,61.786042
893.96545,39,61.80484
4646.851,85,61.804937
-613.05457,19,61.821749
-1310.31,15,61.834562
-1370.4792,26,61.845454
-1373.5465,11,61.870821
-1288.9968,5,61.870929
-1509.4202,9,61.870983
-1019.0866,5,61.892541
-1024.5464,13,61.904914
-126.10791,47,61.904995
-1275.9972,18,61.920881
-2214.397,6,61.920945
-1042.1476,3,61.936208
-1555.6597,5,61.936287
-938.8255,6,61.966659
-1297.9777,4,61.966772
-1265.2915,6,61.993595
187.3363,23,62.00759
-946.3268,5,62.007668
-1653.0256,14,62.021188
-852.9675,40,62.042104
-3805.5273,16,62.042227
-1021.8394,2,62.04226
-1098.3356,3,62.056048
-1745.8186,9,62.056139
-836.4113,7,62.076349
-1029.3086,2,62.07645
-3751.4211,38,62.076466
-162.01385,23,62.104837
-1477.9662,8,62.119732
-2139.2725,18,62.119823
-986.2537,4,62.11984
-1448.3224,13,62.119846
-1041.1584,4,62.136828
-1038.5815,3,62.178764
-1303.5474,4,62.178839
-1985.2935,31,62.201115
916.9056,52,62.217672
-1876.9695,13,62.247222
1538.0095,51,62.247295
-791.23413,9,62.260371
-1080.5522,26,62.273567
-1044.2637,2,62.273663
-1020.33813,3,62.29204
-1706.0472,16,62.306846
-603.28143,25,62.329312
-997.2789,24,62.355144
-3081.6128,14,62.355246
-2738.1611,10,62.355277
-1044.203,2,62.384348
-1458.0391,9,62.436915
1798.1411,68,62.437313
-1829.0741,7,62.437365
-895.1809,7,62.451631
-392.0813,49,62.466624
-1607.8619,8,62.492659
-1733.415,4,62.504566
-1347.2278,3,62.518718
-1289.1902,20,62.530609
-1219.4825,7,62.560922
-1033.648,8,62.561053
-2189.9075,12,62.579739
-1031.913,5,62.579816
-967.5449,31,62.579834
-2214.3157,9,62.579841
-496.58676,63,62.579847
-975.2877,3,62.614265
-1408.1105,27,62.629804
-1027.0231,2,62.641841
-360.45892,66,62.641937
-1501.3257,5,62.660786
-984.0644,5,62.660867
1693.7915,65,62.660886
330.3836,49,62.660893
-1032.7076,2,62.688895
-1124.9456,11,62.688971
-1429.2925,9,62.704998
1067.7327,37,62.705073
-1460.6497,8,62.705092
-872.2586,5,62.719188
662.4234,38,62.733685
-561.93085,12,62.760371
-1056.3126,6,62.787751
-1189.2605,11,62.787831
-1448.0305,6,62.787846
-895.45715,8,62.80377
330.344,34,62.803851
-1181.2493,8,62.803869
-845.78357,7,62.803877
1811.2,50,62.837007
-811.849,7,62.837085
1337.4426,52,62.857605
-996.5197,3,62.857942
-1295.0398,4,62.857986
-1357.0443,6,62.857998
-1083.8016,4,62.872957
-2256.3418,11,62.896017
-944.7529,5,62.896088
-443.3719,44,62.922798
-995.0069,4,62.922867
-1900.4481,7,62.922885
-1066.5282,2,62.922893
-1060.5408,2,62.950898
-1267.1506,4,62.951036
-395.66907,25,62.967998
-2451.0024,7,62.968085
74.84436,20,62.968105
-2047.7864,8,62.981978
-1011.98645,4,62.982102
-1025.9021,2,62.982125
-1047.939,31,63.017249
-1935.2261,14,63.017321
-965.0214,11,63.043124
-1023.78595,2,63.043217
-987.13574,5,63.059731
-1135.3503,26,63.059837
-1098.2273,7,63.074234
-1390.0422,8,63.090326
-1373.8335,12,63.113064
-879.00256,5,63.128904
-1818.4065,21,63.129001
-1047.1912,5,63.141225
-1029.4475,2,63.154368
-1236.5513,12,63.167414
735.86676,45,63.181374
-1331.7395,8,63.195594
-1037.9812,2,63.195696
-1067.82,3,63.19573
1702.5317,57,63.195739
-1044.2062,2,63.210651
-1612.3265,18,63.228882
-1037.3829,2,63.228952
-2275.0203,13,63.242287
-1155.321,39,63.270547
-1011.3007,2,63.270627
-748.7625,27,63.289386
-2171.4233,11,63.305159
597.7088,31,63.341609
-929.3666,4,63.341702
-1388.3312,32,63.356657
-1285.363,5,63.356748
-414.84253,28,63.370872
-580.178,27,63.397152
-397.30096,24,63.39723
3174.4556,84,63.413083
-1299.4188,5,63.413173
-1274.6033,11,63.427919
-873.93115,6,63.455172
-1325.3319,4,63.480803
-957.0073,4,63.480891
1514.2551,71,63.480914
-1806.7944,8,63.480949
-1891.3574,12,63.495678
-770.2189,28,63.510462
-885.0219,7,63.510527
-1000.43,11,63.510542
-1690.8685,19,63.526421
-1353.6414,8,63.526581
-1050.0945,3,63.526607
-1023.54,4,63.542538
-980.82623,3,63.572262
-1023.96387,21,63.572384
-937.6491,4,63.572422
-2583.5881,30,63.57243
-835.3179,10,63.590434
215.77899,25,63.605254
-1494.9602,4,63.638114
-867.25305,27,63.638209
-1472.1743,7,63.638228
-1294.8977,33,63.638236
-1715.5729,29,63.666281
1058.1372,66,63.681132
-855.77673,8,63.704733
-1829.5679,7,63.719481
-1564.2535,17,63.740725
-794.40216,7,63.754442
-1102.5502,8,63.76764
-844.302,5,63.782737
-1025.551,3,63.807663
-1088.678,5,63.826795
1643.8541,53,63.826899
-1327.5847,9,63.853009
781.01587,45,63.853066
-975.6933,5,63.891513
-265.09625,36,63.90708
-3262.934,9,63.907166
-556.1129,22,63.907196
-1107.5122,4,63.907207
-908.11383,29,63.927677
-752.22266,13,63.927769
-28.472412,28,63.944324
1311.7825,43,63.956426
-1310.1055,4,63.972308
-1016.5087,4,63.972397
-1243.478,5,63.985836
-1006.4261,9,63.985953
-1015.1545,7,64.002941
-561.4009,34,64.01839
-1555.7598,7,64.018475
-868.19037,15,64.031148
-1511.6503,26,64.03124
-1038.4556,2,64.046225
-1335.5984,15,64.046304
-632.81604,33,64.046319
-995.9615,3,64.076076
-970.09424,3,64.088184
-904.9357,6,64.103559
-1688.3842,9,64.116833
-291.88428,40,64.12911
-1044.2382,2,64.162176
-2273.0698,16,64.162275
-1545.3257,15,64.162293
-1029.225,4,64.178522
-2501.2869,13,64.178589
-1091.9412,8,64.193715
-663.29877,18,64.193824
-957.0928,8,64.2078
-1308.6616,46,64.207893
-851.5847,39,64.224995
-1016.65204,4,64.247922
-941.69,5,64.247988
-980.1369,3,64.286914
-1364.4695,21,64.287016
-1042.4476,2,64.324437
-673.8829,43,64.337332
-1003.17426,2,64.34852
541.56116,53,64.389056
-828.8632,13,64.389139
-532.5965,29,64.389153
-828.1272,29,64.437117
-918.7385,6,64.437479
-1253.4525,17,64.45169
-1045.0645,2,64.466587
-1100.2637,5,64.466674
-1134.981,12,64.466691
-707.64197,10,64.47995
-880.0636,35,64.495921
-812.93036,30,64.496025
223.51471,57,64.521851
-145.3534,20,64.536539
7091.6274,146,64.550953
-879.69324,23,64.551025
-1292.6051,9,64.569642
1.3171997,27,64.569721
876.43475,66,64.569734
-1630.6189,9,64.587121
-939.16394,24,64.587206
-990.74286,7,64.599813
-1609.7223,29,64.599921
-990.21643,3,64.646068
-1481.987,11,64.646146
-1891.4447,7,64.646162
-1223.168,8,64.683222
-904.9701,6,64.683314
1057.0366,45,64.707442
-2087.526,16,64.707525
984.4861,81,64.707545
-773.3325,10,64.743967
-1182.4204,16,64.74438
212.21783,47,64.76444
-1026.4847,3,64.76452
-951.3948,4,64.780925
-210.11462,26,64.795809
474.13153,38,64.795915
-1042.3486,2,64.795933
50.27527,41,64.810167
1527.7031,47,64.823639
-2793.7764,16,64.823705
-1076.2717,16,64.82372
-905.2245,16,64.849649
-1407.596,7,64.850015
-2819.6182,11,64.85006
-2104.485,8,64.864872
-1457.8387,4,64.880774
-974.17053,6,64.880877
-1582.1077,28,64.893092
-1559.2595,15,64.906535
-533.86475,18,64.919733
-1237.3528,18,64.9198
-1120.6017,15,64.940046
-913.7338,4,64.940132
-153.68866,20,64.963022
-32.633545,34,64.988089
-2496.1372,6,65.001545
-1588.9368,13,65.001623
-2712.3225,12,65.001641
-1234.7261,10,65.014848
-1492.0164,5,65.014936
-796.0464,7,65.032066
-1179.403,7,65.032129
-1216.5093,13,65.04699
139.25323,19,65.060792
-400.8368,12,65.061202
-1521.2875,7,65.061247
-951.40234,4,65.195856
-1059.8988,3,65.195951
-1035.3956,3,65.21164
-1086.4707,7,65.225559
-681.6477,18,65.225665
-376.4005,23,65.240805
-938.17255,5,65.272213
104.993225,23,65.272595
1906.3529,45,65.312659
-1094.1117,7,65.31273
-1152.8076,7,65.327165
-1539.6725,25,65.32731
-967.5596,4,65.327327
-1036.1636,2,65.351375
-1602.074,13,65.367281
-441.03345,16,65.367363
-1394.9663,11,65.394004
-1005.57916,2,65.418711
-1634.2805,9,65.44845
-2454.5786,24,65.448543
-1567.0084,3,65.463551
-1412.702,16,65.508313
-1709.5326,10,65.508418
-756.2358,13,65.529978
-1505.2322,12,65.544594
-1072.2639,5,65.544677
-1301.7073,4,65.572803
-1594.5474,6,65.599899
-1003.5193,4,65.599998
-969.752,5,65.600018
1096.4866,63,65.625712
-1041.3806,2,65.625793
-1482.9761,7,65.646921
-1042.1433,4,65.672149
-1035.6085,2,65.672233
-1076.0667,4,65.67225
-801.20856,37,65.672257
155.51361,45,65.688787
-1060.2418,36,65.689097
-1085.4537,4,65.701382
-2386.3706,23,65.701461
656.93445,37,65.737088
-1268.2351,55,65.737181
-1002.55695,2,65.737201
-1044.2465,2,65.737209
-1505.0881,6,65.750793
1911.6177,71,65.750879
-27.357544,34,65.764731
2515.315,84,65.780812
-1031.7089,5,65.808707
692.3039,50,65.808796
-509.237,33,65.845512
-1123.2319,6,65.845601
-990.22205,3,65.858966
-1108.033,50,65.875605
-1987.3193,7,65.87569
-2348.9915,20,65.89202
-1439.1576,11,65.907056
-1026.0403,4,65.919855
-1034.6788,2,65.934087
899.972,41,65.96128
-1070.918,2,65.961365
-718.2378,16,65.976789
452.95428,35,65.991065
-1345.2988,8,65.991238
-1590.8333,22,66.004405
-1122.1371,7,66.019161
592.6231,38,66.035041
-261.54578,24,66.035104
-789.20935,23,66.03512
-775.0455,12,66.049347
-1061.3518,7,66.065359
539.70184,26,66.065454
-1022.4665,2,66.065475
1488.8904,81,66.0936
-2953.7932,9,66.120126
-181.8399,30,66.120255
19.659912,27,66.135844
-1491.781,17,66.135958
-2420.2178,11,66.151632
-1870.061,6,66.151734
831.1994,31,66.151754
-890.21515,7,66.167242
2822.9414,71,66.182631
-2795.4194,13,66.242023
1476.76,29,66.242126
-2597.2922,7,66.253786
-1025.7095,2,66.274532
-721.2824,21,66.274622
-1329.7223,8,66.274637
-895.58765,21,66.290016
-2252.2043,15,66.290087
-1035.6721,2,66.306409
-1255.5743,9,66.306494
-1677.4216,15,66.319759
-1204.0852,20,66.319859
-465.5744,21,66.34645
-1776.2301,8,66.361135
-942.2035,7,66.375957
-665.91833,14,66.398316
-1040.4702,17,66.398404
-1596.1808,7,66.398437
-1073.1438,4,66.411074
-1602.6506,9,66.42667
-1049.461,3,66.439355
-1282.2462,10,66.455747
-1473.6252,4,66.455819
-209.11884,30,66.482711
-1810.6237,13,66.504634
-1245.0754,26,66.520832
17.151855,24,66.521268
-944.8422,7,66.538258
-1056.3097,5,66.538357
-1038.7897,2,66.538385
-857.08167,8,66.538391
243.59674,28,66.55341
-2067.7905,12,66.55352
507.19653,47,66.553549
-1025.2367,2,66.569396
-971.26404,5,66.634118
-1500.987,11,66.634236
-1106.7645,6,66.649311
1696.4614,53,66.649419
-1581.401,26,66.673286
-1022.9718,5,66.698958
-1055.5447,15,66.717541
4129.211,101,66.731917
-1716.9937,6,66.731979
-1025.5559,3,66.762592
-1749.529,15,66.762676
-1040.391,2,66.792122
-357.39862,17,66.792254
509.65857,36,66.808697
-328.55194,32,66.808769
-541.47754,19,66.808785
-880.1409,16,66.808792
-236.54993,19,66.808799
-1396.9108,4,66.824336
-1770.0238,10,66.824416
1094.3287,71,66.824434
-1095.9928,14,66.853255
-1887.3582,8,66.853347
-1286.645,5,66.883414
-1285.7435,10,66.940318
-703.35376,36,66.940407
-837.7079,8,66.940424
-1097.6512,8,66.940431
-2288.1138,17,66.955796
-1752.0381,11,66.970626
-1026.9438,2,66.970687
126.85333,29,66.970701
-1044.1965,2,66.984285
-1006.48486,5,67.016258
-508.35126,15,67.016339
743.19727,59,67.034503
2153.921,83,67.034608
2078.2295,48,67.0486
-1015.9856,14,67.064373
-21.052856,42,67.07695
-658.2168,14,67.090054
-1492.8423,5,67.090132
-261.2735,31,67.090146
-857.2021,6,67.104458
-1290.5833,12,67.117325
-1009.15753,22,67.132557
-1286.2778,4,67.145282
-1678.4194,5,67.159202
-832.7461,7,67.159273
1643.9695,77,67.159289
590.25946,30,67.173943
-1250.1979,3,67.174054
256.3216,54,67.187284
-776.3127,13,67.243208
-1018.5329,28,67.243325
-1085.9082,7,67.259614
-978.0102,4,67.259697
-2163.9827,18,67.297278
-1193.2688,9,67.310858
-956.39545,11,67.334685
-929.45514,7,67.3497
1248.022,37,67.363953
-1374.7573,13,67.364039
-881.7822,26,67.364059
-58.55768,35,67.377338
-1292.1099,8,67.377442
-1365.5304,7,67.402256
1576.4027,57,67.402341
-406.06073,26,67.41563
-1349.1852,7,67.42722
-2629.6943,32,67.43765
-746.17163,7,67.451949
-1008.5507,21,67.466616
-1879.3804,8,67.466712
-900.76917,16,67.480206
-1039.9548,2,67.496501
-1310.1108,11,67.509676
-1661.4641,23,67.509754
-344.5337,37,67.523079
-1265.1444,6,67.523152
-2599.729,10,67.535491
386.29877,29,67.535611
-1192.7292,6,67.548174
-1190.7782,16,67.559954
-952.8977,4,67.584827
-1284.2712,3,67.601706
-957.73346,6,67.601776
-1130.1116,7,67.601793
-1435.8455,10,67.630335
-1618.0908,36,67.630414
-3010.9863,15,67.643451
-1153.0134,6,67.677237
-1195.0974,26,67.693378
-1404.7659,7,67.71466
865.6043,61,67.714733
853.0793,45,67.761421
-924.1065,4,67.761509
-501.96423,24,67.761528
975.7915,49,67.801007
-924.0288,4,67.821465
756.75543,59,67.821566
-781.80786,19,67.836118
-3456.669,14,67.851202
-1027.5723,6,67.851289
-1032.23,3,67.866844
-962.3708,3,67.880561
280.34393,61,67.880655
-1283.5989,5,67.897542
-556.7826,21,67.897617
-1263.2627,3,67.908804
-193.00995,26,67.928681
-1030.8312,6,67.944662
-626.1426,16,67.958613
-656.14575,37,67.972156
-2210.8062,22,67.972239
-1973.492,15,67.985036
-984.923,11,68.009973
-858.97815,10,68.022203
-1859.75,8,68.036374
-1057.5609,4,68.075382
-1528.462,7,68.075822
-1154.029,8,68.114642
-1671.0381,30,68.114764
-1566.9412,11,68.146765
-1027.7853,2,68.146842
-1046.0459,2,68.146859
-1497.4208,23,68.162766
-686.3396,53,68.176775
628.57745,63,68.190047
-1044.2495,2,68.190131
-1216.3721,5,68.223573
-1030.0494,2,68.223815
-1544.254,12,68.223839
718.96954,33,68.223846
-1026.2426,2,68.25773
-224.46722,48,68.257794
47.981384,42,68.257811
-186.27313,37,68.257818
-1223.2852,8,68.27328
-1588.7253,14,68.273403
-1730.1377,6,68.273417
-1010.51917,2,68.290057
-814.4934,4,68.290152
-153.16876,23,68.304046
-2592.1565,13,68.348524
-1065.8245,6,68.348587
-1442.2751,7,68.36465
-651.6171,20,68.399472
960.23553,61,68.399558
1177.0977,68,68.415788
-924.8901,14,68.415863
-1598.9237,11,68.445566
-1319.4526,7,68.456338
-1022.05743,7,68.471344
-368.77576,38,68.498736
-1317.6458,6,68.528736
-654.75757,37,68.528805
-923.1575,5,68.528821
-2171.696,9,68.542296
-820.99255,16,68.542404
-1042.7185,3,68.571856
-1804.1755,24,68.58631
-1736.4534,26,68.618415
-1589.3936,10,68.618479
-965.85974,4,68.650951
-1772.2688,16,68.651031
-579.0199,26,68.651048
-185.17584,26,68.666681
-1322.1501,9,68.66676
-2894.3877,5,68.694256
882.50287,52,68.694359
-1007.00793,28,68.707063
1656.7968,54,68.720074
-2754.5618,15,68.720169
-968.69006,13,68.733685
-764.29614,31,68.746614
886.86383,58,68.759566
-1084.0637,3,68.792185
2864.5566,82,68.792268
-2230.173,18,68.792285
139.45288,37,68.821214
-886.76514,6,68.853564
-943.4926,14,68.853651
-1056.694,4,68.853672
-1295.7908,14,68.86784
-1027.25,2,68.881461
-1079.8761,7,68.896544
-1002.94806,3,68.896629
-1510.3142,17,68.896657
19.584229,25,68.913314
-1424.5378,4,68.913397
-1946.8411,22,68.950898
74.68115,19,68.951014
-1287.5117,5,68.97721
-963.7161,5,68.977307
-924.2455,6,68.999394
-1764.8367,12,69.012011
-1693.4951,5,69.027081
-2316.7122,9,69.027154
-562.4861,25,69.027173
2242.9436,48,69.078608
-5.854553,24,69.093778
-1680.293,6,69.093877
-1716.0232,28,69.130576
-1091.9265,14,69.146057
-1018.3285,4,69.146156
-1044.2496,2,69.164791
-1180.3431,28,69.164909
-1583.9978,9,69.178589
-899.4667,5,69.178659
-681.355,19,69.178675
-1010.40106,7,69.204885
-1004.82526,18,69.204953
-957.6895,4,69.220145
-1163.6797,15,69.220234
-1442.3632,6,69.236029
116.221375,43,69.236109
-1784.5972,5,69.249731
-865.56555,4,69.264042
540.1141,79,69.299868
-858.92645,8,69.299941
-1028.0413,3,69.318309
-2045.2766,23,69.318385
1388.081,40,69.318416
-1031.4238,7,69.349571
1960.7407,63,69.362245
-782.7643,42,69.362339
-1004.52094,5,69.378047
-2998.054,15,69.393381
-1318.3292,4,69.404737
-2324.0388,6,69.40482
-1288.9977,4,69.420397
-999.23834,25,69.420472
1680.8689,70,69.465584
-1313.1913,4,69.465685
-2448.7627,11,69.465703
-1328.5723,5,69.478229
-541.2733,22,69.478309
-2827.7266,32,69.478341
-829.7752,19,69.512127
-1012.63727,3,69.527326
539.1213,24,69.552187
-2451.5435,11,69.565316
-1014.04346,4,69.580099
-1251.116,5,69.646072
-983.01434,4,69.64615
-1194.4326,10,69.646164
-1116.3442,23,69.685569
-1072.8358,2,69.685651
1118.0077,41,69.685665
-823.0566,61,69.699573
-1076.3104,3,69.699642
-1018.49866,2,69.715594
-477.9272,18,69.715691
-65.14203,30,69.731877
-1038.4086,2,69.731961
-123.068115,22,69.731975
-306.14703,32,69.751502
-725.47174,13,69.773922
-1968.4858,6,69.796735
-46.982056,36,69.809976
-1097.5339,10,69.846471
-329.12244,26,69.84655
108.73291,23,69.86238
-927.428,5,69.881956
2376.4707,70,69.915746
342.05304,27,69.915818
-2337.1765,4,69.929381
-295.67792,24,69.929479
-1830.8613,5,69.929501
246.68256,36,69.945013
-1040.4097,2,69.945074
416.86005,46,69.94509
-3175.2156,12,69.960555
-1685.7063,20,69.979166
-1418.8784,13,69.994536
-1211.3455,5,70.010445
-1861.1366,43,70.010525
-856.81744,6,70.025105
-6213.964,17,70.025198
-1067.2822,8,70.046004
681.3278,35,70.046083
256.69458,65,70.060635
-332.81213,13,70.060751
-1975.498,8,70.077965
-1742.2166,9,70.089759
-1655.7368,10,70.117745
-1365.4321,5,70.132944
6443.0454,162,70.133058
-892.2145,26,70.149248
-988.6395,3,70.179066
-953.06244,19,70.179221
-961.34216,5,70.196012
-930.0036,11,70.208656
-2254.84,12,70.225613
-1210.1636,32,70.239181
1002.37915,51,70.285333
-956.9957,7,70.285425
-1340.9421,5,70.28545
-2176.155,7,70.330615
-530.2237,26,70.330721
-896.5968,6,70.371565
1006.78253,45,70.403052
-1407.3761,12,70.425727
-2884.703,27,70.425807
-250.9809,16,70.444504
154.03546,25,70.477188
-818.0918,13,70.495368
-1443.7291,5,70.495471
527.3858,50,70.523051
-1585.5411,8,70.552876
65.658936,28,70.574801
-1034.8782,2,71.880299
721.5911,40,71.896741
1231.5037,58,71.911222
-366.21558,59,71.925548
-920.58997,45,71.95627
-1004.3074,2,71.95637
-384.38818,20,71.971412
-692.6597,16,71.971497
-918.34845,4,71.971513
-764.38385,8,72.016875
-1820.0958,9,72.01694
-1432.6106,47,72.031328
1595.6484,46,72.041713
1144.7438,46,72.055422
-991.10956,3,72.068984
-164.89557,33,72.069072
-1020.25256,2,72.082227
-2823.9854,6,72.09765
-1305.6923,4,72.125739
-969.9864,7,72.141674
-2808.9233,12,72.141781
-1183.6798,14,72.156098
-1513.0898,36,72.156199
-1420.8862,13,72.156217
1659.6855,62,72.174426
-1046.0466,2,72.194297
-1804.3589,16,72.194369
-1025.5715,3,72.206284
-1714.2513,9,72.206348
-155.7193,28,72.216652
-1650.1665,7,72.238377
-1631.0945,41,72.238459
-1032.4373,4,72.238477
383.9405,54,72.25473
-995.9651,8,72.269519
335.5235,63,72.269637
-1030.193,2,72.269658
-940.1447,4,72.282578
-1111.4614,13,72.295061
70.86676,20,72.306912
735.38525,37,72.322646
-1047.04,4,72.322728
-1019.2855,2,72.347302
-1025.6171,6,72.361664
-888.7697,5,72.377522
-350.8523,21,72.396354
-1415.1024,6,72.410435
-1040.1976,2,72.423428
-1940.2878,46,72.474874
-1701.7742,15,72.474967
-1036.1099,3,72.498228
-1108.4637,12,72.561107
-1051.4722,16,72.561203
3153.3223,83,72.576449
-197.54126,25,72.590616
-1000.04724,3,72.603662
-944.2376,3,72.603747
741.0562,75,72.619526
-1086.1763,16,72.635744
2117.4055,57,72.635809
-932.89465,4,72.649178
-1022.59735,2,72.666281
-1126.3812,6,72.701903
-2065.8325,8,72.701994
1407.0757,56,72.702021
-500.6093,22,72.77085
-1814.6813,9,72.770922
-1019.327,8,72.789529
1060.3984,34,72.803901
-1215.8589,39,72.804009
-1536.699,8,72.81889
1378.7214,55,72.818954
-1375.6259,22,72.818983
-873.1331,21,72.818989
-1213.1285,14,72.836928
-102.875916,37,72.837238
27.496094,44,72.964195
-1313.1736,25,72.979288
-964.8761,4,72.991483
849.90717,44,73.005689
-1044.1938,2,73.005809
-1611.7148,9,73.016872
-720.06354,8,73.049893
3099.7217,82,73.08153
-1228.2347,9,73.081607
-1092.9104,10,73.081624
-1211.778,6,73.096713
-2294.7632,11,73.096792
163.95697,53,73.149475
-1444.994,3,73.149594
-846.70184,16,73.164613
-948.01294,5,73.164723
-1373.7181,17,73.183043
-1292.5111,6,73.183144
-999.40594,10,73.205688
-1170.3687,13,73.222428
-1515.6592,8,73.264583
-1668.78,13,73.29662
-1142.5626,5,73.296699
-142.0951,23,73.319212
-1919.2822,10,73.319309
-1174.5481,10,73.336567
-2451.4536,18,73.365882
-94.76807,16,73.392637
264.63995,40,73.420768
2838.3215,69,73.420839
-2414.872,9,73.438024
92.78558,38,73.48269
1120.4768,36,73.500723
25.302551,45,73.500823
-1630.3511,12,73.520249
-1066.9691,2,73.538747
-934.72437,7,73.538823
-838.70715,6,73.538841
-1265.6914,4,73.554928
-1019.6054,3,73.582271
4200.7607,86,73.604672
-2781.6987,19,73.604745
-344.57898,40,73.617728
-1622.5469,12,73.617784
2277.0083,59,73.629776
-1342.8196,21,73.648764
-1111.6171,25,73.661415
-966.3514,8,73.674453
-1029.8352,2,73.704361
-877.97614,7,73.704425
-1858.5006,23,73.719386
1939.5083,47,73.732314
896.6768,37,73.748044
455.27728,57,73.762094
-2369.6592,32,73.804225
-1029.1313,27,73.804322
-541.57214,20,73.833812
-1099.2548,16,73.848526
-938.6846,9,73.848611
-2423.4912,16,73.881174
-840.2349,10,73.881326
-920.5451,6,73.895401
-1966.0352,21,73.915126
-1140.6073,10,73.915206
-1627.3918,14,73.915223
-304.66632,16,73.943794
-1045.2747,3,73.943891
-818.2657,15,73.96907
-450.66193,55,73.997797
-2186.152,14,74.017897
3756.1147,83,74.039297
4232.5146,110,74.082353
-1094.398,28,74.082486
2453.3035,58,74.096253
-806.25903,10,74.096666
-1518.2173,4,74.096697
-2002.2661,17,74.110241
78.907776,41,74.126965
-1207.467,7,74.127075
-759.9107,39,74.127105
-996.44934,3,74.161313
4600.715,108,74.17534
-923.4578,17,74.175436
-1553.365,7,74.190883
-903.7782,6,74.190957
-942.1014,3,74.205739
-1698.6732,8,74.206143
-274.12506,47,74.230409
-495.92416,23,74.230508
-2442.5444,10,74.244462
-998.8511,3,74.244551
-856.3988,8,74.244569
-623.13666,28,74.269086
-1413.9565,27,74.280983
-338.4829,30,74.281058
21.173157,48,74.297126
-932.48285,5,74.309632
-832.0032,6,74.323491
-1032.9203,4,74.323582
-3458.331,10,74.376487
-888.6699,6,74.376579
-856.12396,6,74.393877
-1043.7295,4,74.393963
666.4482,34,74.421417
-1221.6836,7,74.421508
-1028.4237,2,74.449949
87.40173,19,74.450054
-324.57776,23,74.463953
-667.3563,20,74.492707
-1838.8965,8,74.492796
-1047.25,3,74.504385
-1032.7854,2,74.528836
989.6054,62,74.565073
797.9798,32,74.579993
-1192.7327,14,74.609983
-3517.849,28,74.610092
-605.0387,24,74.610112
-1039.601,2,74.623832
-357.33392,23,74.651232
-1405.8599,42,74.651325
-986.55194,3,74.651342
-870.348,17,74.663904
-502.46054,22,74.676865
1293.0374,47,74.702787
-3077.8801,19,74.702866
-1374.7253,17,74.702885
-891.72687,6,74.716403
-1177.1023,7,74.716481
-1658.9111,5,74.729656
-1731.032,6,74.743662
-1705.4878,19,74.757799
-722.05524,15,74.757916
-867.8058,6,74.78516
-1298.0981,4,74.785252
-603.9354,36,74.798777
-1248.0616,8,74.810646
2103.7607,79,74.810741
-1049.7906,9,74.831714
439.94598,43,74.843837
-1256.8208,12,74.84391
-1280.4788,4,74.871764
3165.3289,63,74.871828
-206.67914,24,74.897026
-1374.9774,5,74.897093
-1044.192,2,74.89711
-1345.2877,11,74.911406
-678.24426,53,74.924049
-1044.2637,2,74.924127
-772.7761,11,74.964721
-929.8489,4,74.964799
-1404.6138,6,75.003566
-1066.2668,4,75.01887
-881.83496,10,75.032956
-856.8839,6,75.044104
-1035.835,2,75.081338
-1031.4224,3,75.081416
-114.62439,62,75.109828
-1073.2761,22,75.109908
574.8879,30,75.109924
1559.7048,79,75.130204
-968.8995,4,75.142392
-989.7292,4,75.184782
-1088.6606,24,75.184851
719.2807,50,75.200896
1490.5757,50,75.236678
-2055.0938,9,75.236764
-2148.3123,17,75.265968
-1350.5321,11,75.266058
-1637.1501,47,75.2806
-3486.8445,51,75.304558
-1105.5288,17,75.319132
-517.49786,32,75.344261
-1170.6652,7,75.360225
-2537.5757,13,75.360292
-2392.5916,7,75.360307
1323.8699,44,75.374622
-953.4538,6,75.389256
-1524.3477,12,75.408432
-473.49908,16,75.421317
-1018.1284,5,75.421399
588.0036,37,75.447505
684.58734,43,75.447591
-863.16016,51,75.460916
429.8412,25,75.460986
-1041.1891,3,75.508768
1072.0219,51,75.508878
-1976.5778,8,75.5089
-954.67053,5,75.524044
-882.9344,11,75.524124
-1232.8477,5,75.524141
-1020.1639,2,75.547381
-828.65375,5,75.547569
-993.0367,3,75.572587
-1292.499,11,75.572662
-1773.0881,14,75.586573
813.88556,61,75.586665
-850.2377,4,75.586684
-1053.2422,4,75.600483
-2290.586,25,75.600572
1730.1943,67,75.612834
-1509.7666,8,75.625835
-613.3339,9,75.646917
-669.6735,23,75.6744
829.337,61,75.674842
-1512.0009,18,75.742116
-943.5721,11,75.823763
-4380.939,32,75.854568
-1839.2817,11,75.880162
-875.31213,11,75.903944
-898.5873,24,75.904376
-2125.7908,18,75.949079
-1565.969,11,76.01624
-886.2646,6,76.01651
2302.5886,78,76.049496
-1439.6848,19,76.114307
-1630.5654,15,76.158302
-699.9332,17,76.182481
-1978.6985,23,76.220763
-1095.0278,6,76.250956
-2182.5557,10,76.250999
1966.2761,73,76.251008
-646.698,9,76.297121
-2910.2388,22,76.29719
-1234.3545,7,76.335071
-918.34283,5,76.353968
-1282.0951,8,76.378909
-1187.1459,20,76.500961
-970.1832,4,76.53948
-357.7921,19,76.539558
-937.8009,5,76.539577
-1321.9973,10,76.539588
-1012.7833,4,76.680139
-524.324,65,76.680221
34.378723,27,76.706999
287.2447,31,76.707092
-1044.2583,2,76.72935
-949.36584,6,76.729445
-1023.82697,2,76.753642
-1388.888,25,76.779117
-706.5089,45,76.816521
-1103.5215,9,76.816833
-993.645,4,76.830912
-843.2084,5,76.831004
-1657.2874,30,76.831022
4572.4604,83,76.831029
-1280.8298,5,76.871341
-1249.0347,7,76.894343
-1264.31,5,76.906401
-1282.9407,7,76.943636
1385.5212,81,76.943721
299.82745,51,76.980514
-2995.2065,28,76.991057
-1153.4469,6,77.002925
-867.97595,6,77.037656
-495.91266,30,77.051952
891.98883,58,77.065303
3308.0957,73,77.065389
6598.68,73,77.065409
-3151.9883,16,77.081604
-1435.3601,10,77.102646
-600.3981,18,77.102826
-1207.8867,9,77.118316
-658.4001,15,77.118382
-168.02454,28,77.118394
-192.73322,40,77.133003
-1686.4197,26,77.148477
-1040.9241,2,77.167926
397.0323,44,77.217085
-872.4608,9,77.217184
-1408.3533,3,77.217212
-2021.9858,11,77.217221
-1108.9698,21,77.231332
-1256.1423,10,77.231467
-2486.642,15,77.231499
-924.48126,28,77.260239
-1289.5879,13,77.260307
-1091.4626,9,77.260321
-1017.5178,3,77.276949
324.73004,32,77.277093
-744.921,8,77.277168
3047.1272,72,77.294605
-1284.0553,4,77.2947
-897.29974,30,77.309757
-1038.1704,2,77.309848
-721.37225,14,77.321614
-975.66833,5,77.335271
-1103.1488,5,77.347623
-1210.9606,6,77.347707
275.79926,58,77.363966
-1098.848,10,77.364034
-1029.8386,4,77.364051
-1036.5597,7,77.364057
301.85016,24,77.381981
-1134.1505,7,77.407829
-1789.2449,12,77.407911
-1017.637,2,77.407927
-285.64636,20,77.430697
-993.3622,3,77.445316
-2860.0737,24,77.458245
-1302.9656,23,77.458335
-932.2701,13,77.485875
-1515.2316,17,77.485948
-1354.9528,9,77.500228
-191.74664,30,77.532506
-1243.0236,9,77.532571
-1773.3267,15,77.550168
-822.12305,6,77.55024
-232.07812,22,77.550258
2591.4404,64,77.550265
-1226.9291,11,77.550271
-1891.9762,7,77.566731
-978.7895,14,77.566811
-1000.75977,14,77.566827
-1143.7195,30,77.57771
-1266.021,11,77.589514
-1030.8021,4,77.60043
-924.71594,5,77.619007
-1312.7651,5,77.619078
-427.4676,27,77.619107
-1044.1865,2,77.630054
-1232.9489,6,77.644367
-1024.2617,2,77.64443
-1054.3164,7,77.658023
-1025.8077,9,77.658108
-1912.2905,6,77.658125
-2818.8345,8,77.658133
-1007.0807,4,77.67261
-1183.8392,21,77.67269
-425.7793,16,77.721672
-2420.371,6,77.750338
-1905.988,9,77.780579
-1704.4648,13,77.817642
-1831.668,18,77.848484
-187.71545,29,77.871402
-1583.9414,15,77.890347
-920.0292,18,77.890437
-1895.1497,27,77.890457
-2253.8088,10,77.921458
-973.12866,3,77.934003
-343.93872,19,77.957629
-1536.5481,9,77.981043
-1096.9469,40,77.981129
431.88934,46,78.005924
-1430.7993,7,78.029668
2269.0618,90,78.043499
1361.292,51,78.043624
390.65472,26,78.057659
-1095.2397,3,78.080774
-1498.9414,9,78.106711
-1928.5632,14,78.106789
-1112.439,4,78.137888
-2765.0464,38,78.137952
-1452.179,6,78.137968
-1209.5448,4,78.166325
-1374.9294,20,78.180573
-1069.658,4,78.192427
-2338.4585,48,78.203688
1926.0115,55,78.218737
-1260.6454,19,78.23695
-2367.8381,13,78.249689
-971.0953,40,78.249734
-3702.091,11,78.289497
-1616.3872,23,78.30267
-1095.7439,9,78.31579
480.19415,36,78.332433
-442.6333,41,78.350232
-917.85126,8,78.370291
-1026.9182,4,78.370374
-1944.231,10,78.37039
191.92242,32,78.370397
-728.2234,8,78.370403
-1023.3198,2,78.395154
-111.69751,31,78.455026
-331.21735,19,78.455096
-1116.223,7,78.455113
420.0584,29,78.467135
-2170.3157,19,78.484391
-821.95044,22,78.48455
-1415.7698,10,78.484565
-903.2805,6,78.484571
-869.0076,12,78.508056
-1095.5913,4,78.52387
-1028.6635,2,78.523947
-1126.5778,4,78.536719
2670.8806,58,78.551276
-1831.002,28,78.551347
-759.55615,13,78.568786
736.7284,31,78.56938
652.8625,43,78.5983
-2670.2158,15,78.614277
-1019.42505,2,78.614381
-3699.6682,6,78.614405
-945.7391,7,78.614414
-1551.8262,12,78.654625
-1015.9331,3,78.654737
-1092.0938,24,78.677681
-1391.3835,13,78.67775
4061.2456,75,78.70155
-1012.659,2,78.701621
-1971.3291,7,78.728659
-1996.967,22,78.728723
-1966.2742,13,78.741856
3910.191,92,78.741936
-1294.6305,10,78.756751
-1044.2637,2,78.771985
2374.2827,60,78.788017
-1030.6207,2,78.803524
-1274.596,8,78.855082
-1085.2848,6,78.871931
-1422.3007,32,78.872013
-3454.503,24,78.872031
-367.8661,23,78.903
-1023.5207,2,78.903068
-1121.6302,15,78.903086
-1458.0447,12,78.903093
-2499.8577,18,78.983647
148.82959,25,78.983737
3693.0708,96,78.983755
-879.72797,14,78.996532
-1026.3071,2,79.018195
-1027.799,2,79.03281
-1248.923,9,79.032896
-983.5113,3,79.032913
-806.89124,30,79.032918
-783.2666,30,79.05575
-4035.4258,29,79.09342
-1396.2765,56,79.093595
-684.88336,16,79.112236
-1076.5566,29,79.112334
-1470.4059,6,79.125275
-1035.3308,2,79.139243
-1520.3059,16,79.139308
-1178.8601,9,79.173799
-1693.9456,44,79.173898
-1575.2023,10,79.221129
-991.2967,3,79.221216
-1818.7141,16,79.234872
-909.2332,6,79.234926
-1732.7168,23,79.257463
-806.54114,11,79.270564
1053.1614,46,79.270649
-2361.7852,8,79.270669
-1726.4729,48,79.296356
-620.0321,41,79.311776
-1057.8805,3,79.311846
-770.62024,7,79.325373
569.13947,30,79.352984
-895.04755,9,79.353075
-1316.3181,7,79.364389
667.8752,46,79.378242
-946.3537,6,79.393202
-970.64465,11,79.393307
-1032.9928,2,79.419378
-1005.53235,3,79.442423
-3040.6938,14,79.455895
-695.44086,29,79.485639
246.49084,48,79.485736
81.21442,25,79.485758
-1022.0948,2,79.500108
-1045.8816,3,79.500215
-1020.694,3,79.53685
-1289.6614,27,79.559311
2960.9373,66,79.559402
-1841.6763,5,79.586772
-2093.7844,7,79.608951
-1242.4998,17,79.60903
-1664.2156,12,79.638443
1301.9583,131,79.6646
-142.19702,27,79.664687
-1031.0343,2,79.664721
-555.84143,20,79.679426
-1535.7856,8,79.679492
-948.2216,4,79.737918
329.66437,58,79.755781
-520.10834,46,79.755864
-1186.6018,11,79.755883
-1300.6716,7,79.768139
-1185.03,17,79.803903
2241.8699,51,79.818699
-1382.5391,10,79.832528
-998.6607,6,79.846058
-1648.0691,5,79.846152
-253.08209,19,79.846176
-1216.8413,6,79.846185
-1001.3803,2,79.984743
-1569.1462,14,79.984812
-1041.7583,2,79.984829
-1076.6201,2,79.984835
-926.7654,4,80.003578
-1480.8875,41,80.017964
-592.3147,35,80.037337
1293.8782,68,80.037454
-1039.9443,3,80.037489
-1458.6777,5,80.037512
566.80316,35,80.051288
-1708.1105,9,80.051411
-985.28485,5,80.066812
-2197.8848,5,80.066921
-1034.2007,3,80.08102
-1115.8414,16,80.093242
-1656.1365,4,80.093337
-1183.831,9,80.11835
-1679.2465,7,80.118428
-1259.8651,3,80.13048
-213.99353,30,80.158734
-1027.6317,3,80.15882
-838.04443,8,80.173269
-924.79266,8,80.173401
-1377.3933,9,80.216306
-920.78394,4,80.216369
1025.6995,65,80.216383
-1022.4999,4,80.21639
-1094.4844,4,80.237642
1599.9658,50,80.23771
-1026.0796,2,80.254019
-1040.856,2,80.254084
-1049.2161,5,80.254116
-3213.0786,16,80.277778
-1008.5479,11,80.292507
-1069.0042,4,80.317715
-1023.59674,2,80.317795
-1128.0308,5,80.333899
210.32965,38,80.347296
-581.13354,62,80.362678
-1897.2797,8,80.362948
-548.5948,50,80.378212
-217.90155,25,80.422085
2530.8672,74,80.422164
-2502.9224,6,80.422182
-344.78284,26,80.422188
2681.356,65,80.422194
-1615.6307,16,80.455142
127.06836,23,80.469047
-415.7646,19,80.50906
-827.8005,8,80.525777
2072.8875,56,80.537612
-992.42456,13,80.552202
-749.7302,8,80.566
-2525.8025,12,80.580587
-1383.6515,40,80.580652
-1475.7137,12,80.580667
-2813.8052,20,80.597253
-644.1312,18,80.610844
-912.316,15,80.627977
-742.9248,26,80.62804
-975.3079,3,80.628055
-907.966,5,80.651227
-1064.843,3,80.661872
2702.128,75,80.717806
132.18335,31,80.717905
-1553.4497,8,80.717927
1489.1982,55,80.733032
-2337.3518,18,80.7331
438.75793,45,80.733116
-295.26312,48,80.752353
-918.6076,14,80.752717
-2289.8867,13,80.783627
-158.99164,27,80.808311
1452.3628,64,80.808389
-808.29297,7,80.830678
-1264.1907,8,80.860799
-2634.5378,8,80.860887
266.94647,38,80.916473
-700.4643,25,80.93591
-566.0281,16,80.962475
-1326.9504,4,80.976959
-388.73285,25,81.024948
-1262.913,29,81.025027
-762.49774,14,81.025047
-1185.4917,7,81.039763
-1095.1311,15,81.084265
-1177.6321,19,81.099828
-130.92767,21,81.099948
1591.8447,52,81.114746
-1881.2032,10,81.129218
-1395.4043,7,81.129311
-969.50757,61,81.129343
-497.70978,27,81.12935
-398.88507,42,81.157211
-1934.0165,5,81.172943
-1607.4346,6,81.173033
1424.741,44,81.173048
-1041.1187,4,81.192446
-1014.7152,2,81.205949
-108.58453,36,81.206047
-1773.5828,12,81.206142
-855.8529,6,81.220074
-1673.9082,4,81.232363
-1359.4349,3,81.244745
727.07635,35,81.260851
-1035.9244,5,81.286728
-2491.4358,12,81.286829
-980.8632,9,81.302454
1626.1079,45,81.316211
-1401.1554,6,81.328019
-1663.7462,25,81.342831
-954.5063,4,81.34291
-1280.2712,16,81.367447
-986.4468,22,81.367548
905.47797,41,81.367568
-889.42834,5,81.383663
-1081.5812,8,81.398203
-1624.4667,5,81.398294
-929.0957,7,81.434321
-930.9803,5,81.434406
-1108.1664,4,81.434425
1709.9207,77,81.448
-814.9513,6,81.448071
-936.6796,40,81.448087
-955.8036,2,81.462574
-1038.0741,2,81.462663
-2542.835,12,81.462683
-1061.6171,19,81.462689
-948.7787,5,81.462694
-1044.2637,2,81.490721
548.2582,45,81.490829
-1029.8273,2,81.490856
-1106.4127,8,81.505633
-973.47144,3,81.505704
-3025.9734,28,81.519486
-1959.8286,7,81.556948
-425.30054,27,81.557061
-1022.5187,10,81.568758
-965.9743,7,81.593831
-804.3294,7,81.593912
-1190.4614,11,81.612863
-1328.1713,4,81.625294
-714.35376,11,81.625377
-1020.1726,2,81.625394
1486.7615,67,81.625401
-1041.3634,5,81.637167
-227.01459,26,81.637255
-1704.5,10,81.656162
-3404.634,14,81.65625
389.67572,44,81.668449
-1035.4988,2,81.679387
-1969.5671,23,81.691959
-1533.1736,5,81.706802
-993.8644,6,81.706968
-1039.637,2,81.721609
-862.23663,6,81.732968
-1058.9946,22,81.760952
-1305.4241,11,81.775369
-1736.6562,8,81.77546
-2714.8557,14,81.788056
-1378.0933,8,81.826355
-960.48004,5,81.864019
-1922.0273,11,81.882123
-1503.3867,19,81.897059
-1331.8452,7,81.912207
-594.6443,28,81.912346
-875.6208,4,81.926507
29.53595,47,81.947818
-1395.283,10,81.947901
-998.6586,3,81.978956
638.15845,31,81.979028
1880.1182,90,81.979046
1206.866,58,81.995449
-607.0174,32,82.008502
-986.172,3,82.021431
-1536.3406,13,82.034028
-856.9006,7,82.044747
-1230.6487,5,82.044835
-729.1995,57,82.059224
-898.90717,5,82.059331
-1261.7301,5,82.091896
-291.45203,25,82.1053
-991.71967,3,82.105386
5593.559,95,82.158748
-411.23724,26,82.158835
302.0528,56,82.158856
-909.4639,14,82.175622
-666.2646,36,82.175709
-1031.4406,2,82.19075
-2488.8718,10,82.204334
-823.3818,20,82.204673
-2133.68,22,82.204696
-1410.0391,12,82.217799
-586.2214,22,82.238956
-989.39996,9,82.239058
-245.18597,37,82.239077
-894.294,5,82.251333
-670.4303,15,82.251462
-1006.3988,20,82.304023
-1608.4664,8,82.304108
-1473.8846,4,82.320978
-7.145447,29,82.333531
-1926.6794,6,82.333604
-1023.6946,2,82.333618
-2573.506,13,82.370987
-867.3629,49,82.371079
-987.67676,3,82.39268
-5.289734,22,82.392777
-1048.7545,4,82.392792
-1063.4313,12,82.441094
-1388.6067,14,82.441183
-870.04614,13,82.441198
-1907.4717,16,82.463232
-1034.4797,24,82.476981
-1342.3657,4,82.48919
-1702.1067,10,82.489237
589.9037,57,82.489248
-997.83185,5,82.508733
-1353.3545,20,82.530011
-1806.5537,10,82.543996
-1051.0289,13,82.567401
2104.1655,66,82.583374
-1785.1625,7,82.595277
-1718.1135,8,82.607985
-2051.9067,57,82.608064
-716.87067,20,82.608094
-417.82806,15,82.65196
-253.1341,22,82.667815
-929.96454,5,82.687557
-2888.1035,7,82.68763
-1191.6948,13,82.687645
286.16534,33,82.703173
200.38379,23,82.719125
-982.10175,3,82.719254
-1567.691,17,82.719275
-1370.2021,4,82.749907
-1349.411,3,82.764278
-2454.839,5,82.78902
4456.756,105,82.78911
-815.44617,9,82.826914
-1577.2473,19,82.848606
-2751.0674,14,82.848703
-985.87976,14,82.86315
605.20844,48,82.863236
483.90564,31,82.889085
-950.2514,5,82.889202
-1021.17914,2,82.889221
999.26666,47,82.920782
-848.527,6,82.934699
1439.9958,43,82.934808
-897.87573,5,82.962712
-564.5659,17,82.984377
-952.0863,6,82.984426
-1023.87085,23,83.004688
-1531.0723,14,83.004776
-2069.2588,6,83.040555
185.92096,30,83.064516
-1034.4471,2,83.092772
752.34937,39,83.10811
-1311.2931,8,83.121603
-840.9238,18,83.121673
702.8269,39,83.139249
-1254.3809,7,83.139543
1641.7312,76,83.139578
-978.59375,27,83.167424
-1018.0305,3,83.177802
-165.45789,24,83.177932
-969.9008,7,83.189655
-398.17035,42,83.201903
565.03345,53,83.228346
870.6516,34,83.241949
-1867.9834,9,83.242447
-1491.723,17,83.242515
459.92456,33,83.256651
-1682.3059,9,83.268222
-109.010315,19,83.289773
-1181.3298,10,83.31355
-812.9431,14,83.333511
2329.3606,68,83.333577
-1021.489,4,83.333591
-521.16815,25,83.347398
-865.35156,4,83.374128
-1036.0519,3,83.374218
-1376.5785,12,83.374233
-745.58344,36,83.404257
-941.5923,5,83.404378
-1011.223,2,83.404397
-914.1558,3,83.419216
-336.33258,30,83.445181
-471.81152,12,83.445283
-92.191956,21,83.445301
-1051.4144,3,83.459358
-1081.0356,3,83.45945
-1043.8676,2,83.459467
-1029.2991,2,83.474766
-1715.7651,6,83.499445
-993.75415,4,83.512519
-1455.4639,5,83.526674
-1176.9773,19,83.526741
-916.8465,7,83.538986
-2036.6062,19,83.564515
-828.55597,7,83.56461
-1264.7775,22,83.564912
-1100.8209,3,83.564955
-1038.9935,2,83.589593
-942.1937,6,83.589712
-466.19757,16,83.6028
-694.4528,25,83.602869
-1195.226,9,83.616599
-826.0469,28,83.616691
-1971.6921,8,83.629282
-988.233,4,83.66724
-929.2279,5,83.667775
-1051.6356,18,83.681293
-453.50165,24,83.681397
-2044.2576,9,83.706822
-2130.9858,11,83.706898
-889.772,7,83.718578
-1183.3652,5,83.731622
-1040.9102,2,83.745378
-1095.0847,3,83.74546
-1804.8248,14,83.745487
-2022.0836,5,83.745497
676.7145,31,83.76055
-1131.2861,7,83.760617
-983.7954,3,83.795309
3900.4753,69,83.808523
-18.92218,27,83.821286
-129.59949,46,83.843711
1567.9004,69,83.843782
-874.7976,6,83.843798
1127.3904,48,83.867493
-1311.7196,11,83.867574
-2169.224,8,83.880464
-871.89844,7,83.911161
-976.7872,3,83.911256
1499.6824,55,83.92415
-955.8158,8,83.951741
-2265.8955,8,83.978282
-1119.509,14,84.000296
-2397.9978,31,84.000378
-807.4682,17,84.000403
-1785.8442,18,84.015809
869.47797,75,84.015925
-1168.2153,13,84.03032
-715.1971,8,84.030412
-294.22906,30,84.030432
-1044.3313,3,84.043316
-1020.2877,9,84.05573
-962.6565,3,84.093376
-1204.5557,7,84.128321
-1042.4559,4,84.128415
-1232.74,9,84.128434
-2291.755,7,84.141608
78.92578,36,84.141681
-971.7685,7,84.141696
437.80707,39,84.157269
-991.94794,33,84.179018
4397.2183,87,84.179131
-1369.4999,23,84.194682
911.59015,30,84.195087
-997.9995,6,84.219881
3472.6758,88,84.236127
-836.97046,6,84.236219
-1018.1025,4,84.255876
-1003.69464,5,84.255958
-1589.7084,18,84.303794
1012.86993,36,84.303872
2417.6301,54,84.322018
4079.8994,78,84.359416
-1554.4508,16,84.359515
-154.38599,37,84.373568
-1635.304,7,84.397881
-979.3538,3,84.397996
-482.26538,15,84.439575
-681.8219,30,84.453418
-2515.3086,12,84.468192
-468.339,32,84.468241
-3607.0872,24,84.489444
-1142.8984,7,84.506558
-440.461,28,84.506691
608.1545,42,84.533956
-895.85614,36,84.534069
-843.65015,6,84.549102
-1350.1155,16,84.549217
-1443.3547,5,84.549233
-978.626,3,84.588024
-1692.9468,6,84.588104
-2981.7295,30,84.600594
-855.941,7,84.600683
-1314.8792,25,84.600698
-1074.9155,4,84.600704
-922.71063,45,84.615324
-1069.9896,6,84.615767
-955.4415,5,84.615804
-1305.262,11,84.630442
-2894.0325,16,84.630537
-932.80286,19,84.643724
-1485.3748,8,84.643844
-1018.4082,2,84.658995
-662.2258,31,84.659079
587.8287,37,84.659096
-1649.4558,6,84.675254
-1020.1228,2,84.675391
-1524.4648,6,84.698778
-949.35254,32,84.698854
-562.16876,33,84.69887
-1861.2175,8,84.713067
-2887.7915,16,84.713159
-1389.9487,7,84.713177
-956.4142,5,84.726456
-1543.4951,10,84.762974
-944.84045,6,84.763089
-792.34546,6,84.796167
-68.15765,28,84.796247
-1044.2637,2,84.828691
-372.3849,24,84.841526
-1051.3954,6,84.841593
-1190.063,6,84.841609
-1982.6443,43,84.855011
-1017.9039,4,84.855091
-603.90674,18,84.910728
-1519.2793,11,84.910822
-1105.2014,7,84.910855
1255.8462,67,84.910863
-1499.7168,8,84.92458
-1038.5238,11,84.92467
-1326.2814,11,84.924688
-1462.1902,7,84.951453
-2806.2842,16,84.951527
-1945.1938,12,84.951545
-2749.3433,21,84.951551
-956.0747,4,84.977146
-249.6275,55,84.977226
-931.9506,5,84.988267
-1267.7041,7,85.00329
-966.32214,6,85.003409
-2978.2627,23,85.018668
-793.9874,5,85.018731
-1286.4624,18,85.018745
-1274.1134,4,85.032098
-1051.6685,4,85.032204
-2793.7485,16,85.047166
-946.412,7,85.047263
-877.1158,33,85.128857
-1675.2894,9,85.128939
-14.917053,22,85.142227
-1660.3289,11,85.142564
-1659.0889,15,85.155584
-1685.4489,15,85.155677
-1250.0544,11,85.171589
300.1084,36,85.186455
-565.73364,11,85.200824
-966.17535,6,85.210753
-740.54333,28,85.22929
-1015.8318,2,85.229355
-66.89136,46,85.280457
-325.4336,19,85.280548
-480.9347,19,85.298898
605.84015,34,85.311691
-944.04645,14,85.333255
-1516.0652,36,85.368108
-1025.7966,2,85.3682
-1742.9641,14,85.368218
-531.8904,23,85.382535
-1410.0605,16,85.382602
-1396.327,5,85.38262
-1025.2721,2,85.4125
-997.5685,4,85.493978
2053.0166,86,85.494047
-1308.7927,4,85.494065
-1175.6873,15,85.509653
-3509.4475,30,85.523543
-2176.609,5,85.537163
-484.9123,40,85.537221
-2992.6755,21,85.537235
-1015.13007,2,85.551225
-83.97357,15,85.591957
-1336.5227,3,85.592076
-1036.0745,2,85.623021
-460.19543,19,85.623109
-790.9646,7,85.636571
-1233.7098,16,85.647799
-940.7359,12,85.668455
-1025.3008,5,85.668539
-598.0077,33,85.703518
-985.56525,3,85.725041
-6260.0117,25,85.725178
-1700.2578,16,85.741917
-1245.0497,5,85.741993
-815.25323,7,85.742009
-829.3731,7,85.755722
657.70624,46,85.756099
-3089.401,15,85.767886
-1446.75,25,85.795028
-1028.2894,4,85.817021
-1303.7738,5,85.817151
1008.1515,41,85.817177
-913.02905,6,85.832248
-891.10645,5,85.846412
341.21686,42,85.895547
-759.33374,24,85.895625
-1568.3887,7,85.923424
-882.4002,17,85.92349
619.23834,43,85.923505
-1261.6361,15,85.934806
-1003.5442,3,85.987965
-1233.2671,8,86.020557
-553.3482,35,86.020614
-2491.8,22,86.039554
-397.83844,15,86.070349
-373.7835,43,86.070443
-1039.8306,19,86.109769
-1934.9594,6,86.109858
-1060.2529,4,86.109876
-919.572,6,86.153348
-1554.4651,4,86.170325
-1700.5574,15,86.196655
-350.1479,15,86.196772
328.2093,24,86.210432
-1308.282,16,86.210528
-1010.39526,26,86.244307
-336.39612,20,86.244409
-1206.0652,32,86.244425
-1005.44305,6,86.259301
-1018.8425,4,86.259425
-1452.1974,10,86.270686
-1945.9448,5,86.290375
-1271.9695,33,86.290493
3803.3171,87,86.290525
1614.3562,88,86.305124
-1474.028,5,86.439066
-1052.1802,7,86.453987
-2050.028,38,86.454079
-1797.1274,19,86.471056
-2696.27,11,86.51066
-1295.1582,14,86.510767
-915.1028,4,86.510782
-1589.0835,11,86.510787
4760.386,89,86.526032
-1296.6885,9,86.526124
-1038.7661,2,86.542752
-1150.5151,12,86.542835
1582.6447,59,86.542862
-1730.8362,21,86.54287
-940.21704,4,86.577693
-1465.211,24,86.577743
1245.054,41,86.577753
-992.8248,4,86.596354
-837.90784,9,86.609921
-2080.6692,25,86.610022
-1035.2411,16,86.638914
-1561.1729,22,86.657933
-1585.676,10,86.708801
3501.5476,121,86.708898
2337.4863,89,86.736269
-1865.9778,12,86.73635
-966.03876,13,86.776586
-861.60913,5,86.806427
-1973.219,37,86.819514
2219.5657,70,86.832756
-548.09033,17,86.832827
-1473.1731,8,86.847825
-1876.2712,11,86.861996
-1256.9883,4,86.8796
410.68402,30,86.893927
-1345.0757,6,86.894037
-707.34503,35,86.907233
-1045.4407,2,86.928502
-547.0301,20,86.950906
-1096.7251,6,86.970278
-2110.8489,26,86.987698
328.00586,25,87.001815
-1510.1188,4,87.001943
-1702.4536,31,87.001976
-883.0187,7,87.013027
771.7963,32,87.02819
-1038.3365,2,87.02831
-1030.4657,5,87.028332
-869.3023,38,87.040663
-1012.3324,3,87.040732
-540.18274,28,87.040749
-1040.5853,3,87.06564
-1068.8546,3,87.080389
-816.33276,15,87.080471
-665.7213,19,87.080487
262.92487,37,87.125898
-1097.5696,5,87.125982
-2555.1865,13,87.125998
-1071.7412,35,87.136251
-631.3851,19,87.136331
-1577.3276,19,87.155729
-2037.5298,8,87.155814
-856.1609,6,87.170923
-229.30353,40,87.171031
562.79816,33,87.17106
-951.84717,8,87.18594
-1311.1383,4,87.186057
-1887.6088,10,87.186079
-1060.2557,4,87.202581
-1651.7378,8,87.202685
-923.54486,10,87.20271
-1823.5826,4,87.228597
-329.76874,46,87.229675
-1493.0571,18,87.245169
-921.1738,5,87.25867
286.37555,56,87.258762
1024.9768,57,87.286623
-1345.052,6,87.337126
-891.2761,19,87.337263
-307.3064,23,87.349181
-1029.5231,2,87.366779
-1044.1893,2,87.366849
-976.27655,12,87.366864
-1777.686,19,87.366872
-422.45117,16,87.366877
-1579.4126,10,87.377971
-474.89258,17,87.409501
-995.3973,3,87.40959
1492.0718,46,87.409611
269.18378,34,87.409618
-1022.1327,4,87.421781
-1638.7717,17,87.421869
-628.47644,18,87.450113
-1660.9202,13,87.4502
-1502.8889,19,87.450219
-978.4885,6,87.450226
-1305.7122,4,87.472079
-1067.816,7,87.472263
-985.8945,3,87.499813
-420.18964,17,87.514178
-917.8283,4,87.514281
-1540.1335,9,87.538589
535.18976,31,87.578266
-2127.118,12,87.578329
-1357.3262,4,87.592916
-2232.8052,8,87.617529
-856.67566,20,87.638561
-469.29855,30,87.67402
-1189.7097,17,87.674127
-964.0896,5,87.674147
-830.04364,13,87.687544
-969.8032,5,87.702971
786.2475,35,87.719881
-1117.5194,9,87.719945
-590.01636,21,87.735516
-1059.3707,12,87.759678
-942.0041,4,87.777022
2.373108,27,87.77716
-1020.93475,3,87.77719
7.102722,20,87.808608
-1040.121,2,87.808724
-682.46967,46,87.821791
-922.7931,25,87.82186
-1002.77325,12,87.849613
-990.7423,3,87.849973
-867.26385,5,87.850005
-701.2364,27,87.872871
-1263.3752,45,87.872945
532.7603,45,87.872956
-1034.4679,11,87.872962
-1560.262,10,87.872968
-757.4504,8,87.894006
-1702.689,16,87.945326
-926.0875,6,87.959839
-1456.7036,8,87.959894
175.11243,33,87.986078
1700.9739,65,87.986174
-1159.9513,45,87.986204
-1427.2374,7,88.009754
-1031.89,2,88.033888
-1326.5583,58,88.068125
-876.91956,13,88.068317
-971.4295,7,88.10594
-569.7276,10,88.122365
-1192.7188,13,88.122463
-1413.7253,7,88.122483
-159.3407,43,88.136085
-1032.959,3,88.163778
-1040.7091,2,88.163908
-1029.3401,2,88.190869
-1082.7458,20,88.190962
-982.09564,12,88.205175
62.416443,26,88.205258
-488.73505,10,88.205279
-1050.1697,15,88.205287
-1131.8445,36,88.217804
-1844.865,9,88.251459
160.18097,36,88.251551
-1733.0007,5,88.263278
-2485.9707,17,88.299631
318.38348,31,88.364613
-757.96423,18,88.364685
-1792.1816,13,88.38174
-1522.7644,33,88.381829
-1806.3379,9,88.398391
1208.3926,46,88.398473
1985.5803,66,88.426831
-1237.5466,35,88.426922
899.1388,32,88.454702
-938.9956,5,88.469779
-320.68726,19,88.482455
-845.10144,7,88.482596
-1735.5576,17,88.503202
-1283.4141,5,88.570296
-2130.4683,13,88.570373
-453.68164,50,88.599474
-1249.4033,9,88.599556
-593.3906,8,88.628679
-1349.5308,5,88.644902
-1765.6669,11,88.661052
-1035.6107,2,88.661168
-999.9303,30,88.661189
-928.61346,6,88.68979
-951.05054,4,88.712097
-612.3157,20,88.72609
-1460.7393,6,88.742
-160.84283,23,88.742074
-2640.2197,39,88.742088
1064.6274,90,88.742093
-687.6549,25,88.742098
-771.0653,57,88.758141
115.833496,36,88.758235
-1324.0222,11,88.758257
-1172.5933,6,88.771553
-36.310303,37,88.815051
-1098.3647,10,88.815151
-788.4667,33,88.815181
-1723.792,5,88.829657
498.1101,47,88.829726
-1427.1483,57,88.860709
-1572.5454,8,88.879453
-965.45264,5,88.890923
-1174.8862,11,88.922132
-1846.4692,8,88.942717
-583.12866,48,88.942829
-1933.5643,31,88.963226
-2158.8867,15,88.963311
31.800415,49,88.963327
-900.60944,12,88.963333
-1971.7102,38,88.975885
-1017.2817,16,89.011866
-1073.6946,3,89.011977
-1631.1294,15,89.011998
-974.0376,4,89.022927
1924.8196,74,89.038803
-1346.0413,3,89.065082
-1557.4255,31,89.065234
-878.432,6,89.065255
-1044.2637,2,89.094369
-1826.3859,4,89.108336
-1175.219,12,89.122867
-753.91003,11,89.122943
-1146.0049,5,89.146701
-1126.4984,20,89.146781
-1272.6853,23,89.163279
-855.1457,8,89.163364
1901.9084,46,89.163381
-1016.5232,4,89.163388
-1073.3632,3,89.177504
-842.61523,7,89.177592
-956.8914,4,89.202025
-1679.1084,4,89.215753
-1010.31256,7,89.215841
-750.4319,31,89.234803
-937.6464,6,89.234867
-2351.0762,22,89.234883
-862.89557,25,89.23489
-1026.0944,2,89.250795
-732.1813,8,89.250881
-989.85614,6,89.271296
-1356.1365,3,89.271396
-2687.333,18,89.304232
-1022.4473,2,89.304321
-627.74976,30,89.317557
-1138.6449,11,89.329311
-932.5023,4,89.363089
-1949.592,9,89.375851
-332.09253,26,89.4203
-812.2324,17,89.42038
-1605.7092,7,89.420398
-2709.329,11,89.433235
-3142.4263,13,89.433313
-2918.933,14,89.447728
-2262.3096,10,89.447822
-491.578,13,89.447839
-1062.0012,7,89.478039
-1632.6345,40,89.491101
-1124.257,22,89.50532
-1450.2283,35,89.52061
-459.63,13,89.546056
-192.21637,50,89.546127
398.60547,51,89.546146
-966.1919,8,89.546153
-214.2763,27,89.561134
-1296.6462,5,89.580128
922.3394,45,89.594254
-1874.426,11,89.594355
-1964.2031,9,89.615766
-1028.9204,24,89.615837
-1027.8273,2,89.632698
-953.26764,12,89.632813
-654.0797,64,89.646621
268.02106,44,89.646711
900.48987,46,89.659219
-1039.3928,5,89.694766
-968.94086,19,89.715981
-900.8,6,89.716038
-989.91907,3,89.716047
-1324.2461,10,89.716055
-958.5812,18,89.732749
-1024.3969,3,89.755103
-1508.9894,9,89.781441
-594.17175,13,89.781525
-2110.131,37,89.796433
-1042.5024,31,89.796526
-636.4148,15,89.796545
-1855.5217,12,89.818508
-666.7886,6,89.841442
-1609.043,20,89.857057
-1594.1426,12,89.873044
-1506.5906,17,89.906982
-1031.1289,2,89.90707
260.24658,26,89.919407
-1004.12146,2,89.943058
157.9765,22,89.956666
-2196.4482,7,89.956748
-339.4615,17,89.956765
-1265.1274,8,89.956771
-1141.7646,12,89.956776
-1115.8392,35,89.970381
-1033.2482,3,90.009103
-987.5268,3,90.009218
-1072.6918,4,90.023402
-1016.5309,3,90.023517
-1001.6168,15,90.023536
-1529.5953,23,90.046043
-1106.9417,4,90.081742
-696.32086,13,90.094279
-1357.6996,6,90.107878
-792.7423,11,90.107961
-1330.5762,22,90.125043
866.9977,40,90.154614
-979.0923,7,90.154714
-1033.949,3,90.154728
1075.7107,50,90.179734
-632.11975,26,90.180203
143.46954,33,90.203105
-945.5633,4,90.220481
-983.1111,4,90.260702
-1447.4482,8,90.296953
-882.766,27,90.3099
-404.06036,19,90.30998
637.0447,34,90.325867
3.2836914,25,90.338999
3153.1755,75,90.339108
-1048.7427,4,90.357431
-530.37427,23,90.357511
-2081.7695,17,90.35753
-651.5078,38,90.375223
-1031.3033,2,90.375338
-677.7406,63,90.375358
-1027.1635,2,90.408632
-1496.9219,5,90.423626
-1696.1001,10,90.423692
-79.97089,24,90.452217
-1938.1382,22,90.452368
-4235.3765,16,90.462591
-1085.0657,4,90.476466
-1042.7133,2,90.489054
-1630.8379,12,90.548339
-34.29657,39,90.548469
360.9572,31,90.610649
-1687.2124,18,90.610759
-1017.16376,2,90.646947
777.32086,35,90.647056
-1158.6111,24,90.662459
-1015.2058,19,90.678438
-555.8411,35,90.678515
2743.2258,79,90.678532
-909.6577,4,90.678538
346.5423,35,90.692336
-1206.5026,23,90.692437
2346.2688,67,90.720219
-1002.5906,4,90.73226
-1321.7949,4,90.744476
-1016.12476,5,90.744564
-418.66357,23,90.744585
2618.1375,78,90.760638
-1390.995,15,90.760738
-1751.4648,8,90.784964
-1940.5807,7,90.785061
-1327.0471,9,90.785078
3859.4233,83,90.80441
-1011.56683,3,90.804894
-1733.402,32,90.832839
-985.82776,3,90.872677
-1301.1067,5,90.872752
-3440.1074,8,90.889892
95.06464,36,90.903099
6.121521,31,90.903205
-994.6231,3,90.915714
-308.94775,44,90.955317
-1694.3619,6,90.955412
-1269.4833,15,90.969466
-1392.7098,3,90.996953
-812.69226,35,90.997039
-840.65924,15,90.997059
199.49646,39,91.037934
-665.803,12,91.080153
1257.1149,55,91.120138
-571.35474,26,91.133931
3215.3,78,91.14878
-1625.7273,16,91.176303
-1315.356,11,91.187806
-276.8332,30,91.204479
-953.04346,15,91.204577
-441.45593,30,91.218724
-379.74286,25,91.237332
-1123.0198,19,91.237424
-961.0666,3,91.261774
2029.7344,56,91.261848
-1510.5669,36,91.261865
-1891.5371,10,91.274017
-1476.8032,7,91.294029
857.2657,41,91.294129
-762.4834,39,91.29415
-604.02747,15,91.309755
710.26337,52,91.309851
604.23694,46,91.356077
-1650.9547,6,91.356167
387.456,48,91.35618
-1000.26025,4,91.370322
252.23407,33,91.384692
318.43176,33,91.384801
-1490.7734,11,91.384819
-813.3586,44,91.396795
-1532.6465,7,91.396871
-1044.2249,2,91.396887
-1035.3851,4,91.414863
-1084.3708,10,91.414942
-645.6,12,91.428297
-2118.8027,14,91.441725
-1409.1616,13,91.45731
-1087.5824,21,91.457419
-1015.008,2,91.480973
624.4604,33,91.493837
-1743.8967,6,91.4939
-807.33496,19,91.493919
-1016.22705,10,91.532303
-83.148315,36,91.532685
-1108.6477,11,91.545925
761.64716,52,91.546022
-1010.1141,6,91.546044
-3124.8013,18,91.546051
36.516724,27,91.558852
-944.6998,8,91.5984
-925.5838,8,91.598485
-891.19305,6,91.614095
-1777.6729,14,91.614166
-2466.6992,14,91.628365
-1331.1207,24,91.643907
-890.5379,9,91.676526
-1336.9609,3,91.69061
-1139.2345,6,91.711268
-1629.58,6,91.711361
-1890.7456,12,91.725248
-204.75507,23,91.739874
-1010.98035,23,91.740524
-2097.4043,4,91.769484
-1441.6272,15,91.769605
-984.2851,4,91.783401
-1562.0706,12,91.783531
-1839.5293,5,91.783561
-1332.6094,18,91.800823
160.31842,25,91.828044
-935.87964,4,91.82814
-1057.0193,3,91.828156
-1272.9094,36,91.840889
-1667.143,31,91.840975
-1028.0779,2,91.871281
-2569.4177,22,91.871368
-1013.70154,7,91.884183
-1306.419,6,91.909939
1689.5681,46,91.923644
-743.9573,7,91.936829
-1070.1343,5,91.950377
-1646.1832,18,91.993133
830.20123,44,91.993235
-173.34235,15,91.99325
-1937.0416,9,92.029809
-1434.3586,5,92.065387
-1033.3499,3,92.08093
1962.196,55,92.097732
-931.96606,29,92.097798
-826.03235,26,92.115349
-2827.179,11,92.115419
1142.779,44,92.115435
-1035.3895,2,92.127882
-987.6644,3,92.154618
-515.34973,20,92.154724
88.91052,33,92.170089
-1225.5535,5,92.170183
-195.85767,56,92.170197
-921.9858,8,92.181885
-991.3341,2,92.182008
-1985.4463,14,92.199137
-1665.1642,8,92.199213
-606.14124,19,92.213131
-1009.03284,3,92.213233
403.18512,27,92.213261
429.20483,56,92.228791
-2636.1816,42,92.24909
-243.19183,52,92.249188
-1008.11957,3,92.27742
-1008.39655,5,92.277539
-997.83813,7,92.294394
1103.4966,47,92.294476
-1673.892,8,92.294495
1420.1907,50,92.294503
-1001.3711,3,92.294508
47.288452,36,92.294514
-2114.448,8,92.311617
-1032.8307,2,92.325608
-1393.1108,8,92.336195
-1131.2328,3,92.336306
-1222.0349,5,92.350053
-1158.4972,6,92.377288
-1838.5809,6,92.377363
-1094.4963,15,92.392317
-819.2991,12,92.392413
-1069.1213,42,92.434694
-966.1388,16,92.434796
-1037.7874,7,92.448447
-1006.0652,5,92.448542
-1022.403,2,92.47558
-1838.0403,14,92.488236
-241.95618,20,92.50099
-1224.9934,15,92.538756
-1916.4404,8,92.538834
-1728.0684,9,92.558321
-7.949524,34,92.613201
-1156.7268,6,92.635187
-704.6195,13,92.635293
-1807.4473,7,92.664011
-889.74365,19,92.664095
-91.26947,30,92.681825
-469.0656,20,92.682351
-1077.7574,48,92.704598
-1116.5492,30,92.822317
-3404.5273,17,92.833801
-782.7529,9,92.860639
-1001.8946,6,92.860729
-1235.7291,5,92.900831
-1569.3674,20,92.900911
408.8797,36,92.925059
-2069.9866,12,92.941493
-1328.8601,11,92.94157
-95.51788,24,92.941583
1098.4536,48,92.958204
338.33105,65,92.977334
-1471.5756,5,93.026217
394.55072,43,93.026296
-1302.267,11,93.026311
-892.2952,9,93.042397
1943.9276,78,93.042582
747.5983,57,93.06907
549.87506,44,93.082881
-1190.3954,9,93.082977
-955.8042,2,93.082996
-202.5387,23,93.095265
-1033.0754,3,93.118167
-1059.0543,4,93.12966
-1034.82,8,93.143039
-3388.3955,12,93.157308
-550.8366,46,93.157413
-1087.9893,4,93.180685
-2900.3184,21,93.180782
141.36652,29,93.180799
-1025.5464,3,93.195505
-1149.6416,17,93.208548
-1812.3671,10,93.224263
-912.7152,4,93.224364
-1919.6072,30,93.234018
-983.30145,3,93.248482
-645.9903,19,93.248559
-1017.92834,5,93.248579
-1070.7827,6,93.260388
-986.1914,3,93.274361
1965.742,57,93.274458
-1214.0033,9,93.290373
-1034.9938,3,93.290502
-1709.1191,15,93.309537
3424.0674,92,93.323804
1758.5552,46,93.344776
3098.2808,77,93.356988
-769.04364,6,93.381747
-1222.8553,10,93.396821
213.2096,25,93.396906
-1038.5172,5,93.409314
-989.63983,3,93.420838
-1136.7306,11,93.433467
-1621.3872,7,93.448006
-1041.787,5,93.46166
-826.2698,45,93.474137
-780.9479,7,93.505106
-1281.5847,4,93.505186
-1002.5922,34,93.520551
-302.31873,19,93.520911
-2824.0386,9,93.520942
-1842.4904,17,93.535592
364.82452,36,93.562364
-687.97656,8,93.576452
-928.52997,4,93.576535
-913.7553,5,93.576552
-858.45776,5,93.604896
517.8828,35,93.636767
-1636.9768,10,93.654373
-1360.5295,7,93.666877
-1029.7535,2,93.66694
-1326.5583,12,93.693921
-1751.1128,8,93.694042
-552.8279,36,93.708527
551.0811,45,93.708611
-467.06946,17,93.724613
-421.83496,38,93.724691
1468.3894,57,93.741895
-1969.2141,7,93.775225
-2013.8752,6,93.788141
-386.18817,25,93.803674
-1673.2574,5,93.803776
-903.7647,17,93.827909
-857.99255,10,93.855527
-976.22327,6,93.855594
-1031.0214,2,93.855611
-1615.1531,6,93.871663
-1682.3955,5,93.871774
-1027.6068,16,93.885308
200.14142,23,93.916567
3861.1606,77,93.930672
-1226.7281,5,93.930738
-1037.2883,4,93.945455
-593.688,23,93.945557
-842.67206,8,93.988319
-713.108,33,94.00677
-1462.4026,51,94.021187
-1035.2936,6,94.021277
223.71326,26,94.048158
-1361.2075,3,94.061206
-2232.9954,8,94.061301
-623.1011,53,94.079875
-1080.7543,15,94.080036
511.95892,24,94.080058
66.465454,27,94.093234
453.51617,61,94.10926
-1264.8876,4,94.109351
-1084.1787,28,94.124256
-1049.8368,4,94.144943
630.26495,56,94.14502
-1119.3284,28,94.170729
-123.38989,24,94.170823
-858.8904,5,94.18507
1263.4285,65,94.185164
-1103.8103,6,94.185184
-1161.6761,10,94.185192
-1111.3213,7,94.199048
-1545.7068,5,94.199129
-1020.0481,4,94.213561
-1313.3918,4,94.228229
-3.9822388,23,94.228331
-1283.6143,4,94.241546
-991.5002,9,94.255116
-1535.3992,7,94.255202
-899.2603,6,94.273027
-1212.7595,8,94.286541
-1041.4904,3,94.286628
-1036.3241,3,94.303928
-1324.824,8,94.304013
-1310.1766,9,94.318556
-999.81635,3,94.345177
2323.1516,72,94.345243
-1767.5968,9,94.345255
-1022.64716,3,94.360047
-965.75903,4,94.374572
-722.6096,33,94.374645
1921.8389,96,94.387615
-375.6328,28,94.387713
-1001.1485,3,94.400963
-1107.9379,9,94.401033
565.87445,27,94.412685
-363.34137,14,94.440329
2763.3262,68,94.440418
-642.84827,16,94.440437
-853.13995,8,94.45444
-507.38806,35,94.454556
-1907.392,8,94.504946
-836.75635,9,94.505
-585.9101,29,94.520649
-716.40894,39,94.531576
-2671.2246,9,94.53165
-1044.2637,2,94.5672
-1239.3635,28,94.567285
-1859.058,17,94.587412
-905.2918,5,94.587488
-489.24707,24,94.587506
-1104.3627,17,94.601059
-937.60364,10,94.612643
-1136.3188,18,94.658078
-1876.5183,10,94.658194
-1196.7021,15,94.676161
-1606.1094,17,94.709288
-2661.25,10,94.733282
-304.66473,28,94.782881
-763.4237,7,94.800687
-484.39893,34,94.800754
-1629.4183,10,94.80077
-1720.5171,17,94.813939
603.76935,54,94.825589
1067.8887,53,94.877005
483.94843,31,94.877128
-573.47284,27,94.916191
-1632.0521,32,94.93222
-369.5475,18,94.932315
-895.27734,23,94.945
17.863281,26,94.945077
-1547.6932,10,94.945093
-1051.2826,3,94.957103
-1679.7961,11,94.977442
-2279.3523,27,94.990348
1597.2953,52,95.005236
-1615.0513,20,95.020378
-981.5867,5,95.020492
-1314.8335,31,95.038988
-1697.047,15,95.095672
-1284.2373,5,95.09575
-376.27887,21,95.108432
-1458.3314,17,95.124968
-995.1603,2,95.148743
1389.0228,56,95.163047
-1738.5238,14,95.17784
-240.09338,28,95.191461
-993.9573,3,95.191528
-909.1043,54,95.191544
-1126.9504,9,95.22027
-1308.6819,13,95.220342
2756.735,66,95.246389
-1366.745,4,95.246493
-997.4425,3,95.26002
-862.8723,7,95.260105
-1566.0549,17,95.26012
1328.7238,43,95.272546
-306.30603,23,95.284825
-313.73126,25,95.300782
-1351.804,8,95.300845
-1029.0188,2,95.300861
574.4908,60,95.31539
2080.4434,54,95.315456
-1006.8137,4,95.315471
-1591.1597,6,95.330926
-799.2581,28,95.331006
-1041.2019,11,95.331025
-1044.2363,2,95.348931
-1025.2535,2,95.362447
-2294.4963,7,95.362536
-977.43414,7,95.388809
-2013.7576,4,95.388913
-2064.2498,21,95.400736
-1041.7286,8,95.427946
917.7724,61,95.452485
-1447.4961,36,95.452563
-1063.4639,3,95.473357
-1255.5944,20,95.473508
157.04156,36,95.500614
829.47284,53,95.557809
126.24335,33,95.557899
-896.6563,16,95.570606
-754.2931,13,95.570664
-1580.3446,18,95.570675
-2010.837,9,95.582065
-985.2778,3,95.608586
362.64258,44,95.624367
-2632.4082,19,95.624438
-3134.067,49,95.624453
325.3222,29,95.624459
118.22687,26,95.624465
-823.25916,12,95.637925
-1043.4595,2,95.65
-1030.4017,2,95.650069
-782.6095,25,95.650084
-105.956116,30,95.664057
-1686.156,5,95.674731
-928.01556,26,95.691116
-990.5238,3,95.71854
-1150.8944,7,95.733801
-922.82385,4,95.747743
-176.15002,32,95.747818
-1501.0361,14,95.747834
-1035.357,8,95.763399
-1321.8462,8,95.776243
-912.89874,4,95.776343
-1711.5222,9,95.776362
-733.60333,24,95.792019
254.05542,29,95.808314
-1326.0757,5,95.822858
-1033.0325,2,95.842532
-1027.5133,2,95.861466
955.94904,73,95.879686
-1115.7279,9,95.928832
-672.669,42,95.965844
-888.97955,15,95.995306
-1325.5426,10,96.009713
-1085.7906,26,96.036352
-960.9544,20,96.049309
-1906.3231,33,96.049381
-2671.888,4,96.049397
-2080.3748,13,96.065396
1226.7946,48,96.084471
764.89667,38,96.127877
-857.7842,8,96.128008
-1035.5406,2,96.161531
-940.5476,36,96.161641
537.8477,48,96.17607
-1556.936,8,96.176182
65.33191,28,96.204066
-909.14813,4,96.218525
-375.30334,26,96.233611
-958.7159,4,96.272977
-52.72522,46,96.273079
-1417.6044,43,96.273098
-1026.0432,4,96.297313
-1111.983,10,96.297396
-929.0524,16,96.313412
-249.40637,26,96.327431
-3145.68,35,96.339952
-1065.3986,5,96.354813
-287.25415,42,96.38337
-829.3508,13,96.383458
-195.70258,55,96.383474
-1165.0925,8,96.397972
-156.57196,31,96.451856
-1026.5315,4,96.451962
-1677.7515,8,96.466081
2076.536,79,96.478921
-339.2589,19,96.478994
-1040.1353,3,96.497465
1826.7268,60,96.541843
-1794.1956,6,96.541923
-1546.4155,15,96.556645
1441.3682,52,96.556741
-1664.2527,5,96.570344
-1044.2551,2,96.570445
-698.4823,13,96.588592
-1229.0835,14,96.602474
-138.0957,35,96.615878
-962.7166,3,96.64307
-291.63452,26,96.643186
-944.623,11,96.643204
-875.665,6,96.662972
1181.0901,40,96.663041
-568.82227,23,96.663058
-1035.1146,2,96.678845
-2470.843,9,96.699789
-990.2055,3,96.69989
-1237.765,10,96.722466
-993.5165,3,96.73697
-1125.3239,4,96.737075
1539.9043,44,96.758266
-1202.3177,5,96.782019
-1696.1896,8,96.797216
751.27277,45,96.797317
-990.82526,4,96.797339
-631.9647,22,96.813435
-940.60394,9,96.813492
-386.61603,22,96.826342
-1044.2637,2,96.861807
3168.0513,91,96.88718
-2297.231,13,96.925738
-901.6892,10,96.945129
-3496.8926,11,96.970903
2126.425,53,96.985406
-579.4859,29,96.985496
-800.9275,13,96.985517
3905.451,79,96.999703
-884.55725,10,96.999767
74.0105,48,97.011846
-1337.8435,31,97.050659
-1044.4773,19,97.076498
-892.1127,6,97.098151
-59.93622,26,97.128212
-952.0219,5,97.12833
-1049.863,4,97.139845
-27.613953,31,97.155325
-916.5902,5,97.195957
-417.8886,43,97.210066
2438.2654,61,97.210165
-761.1592,7,97.224384
-1233.5315,3,97.24586
192.80414,25,97.24602
-1118.2806,7,97.246054
-1031.5146,2,97.266617
-1035.8262,4,97.282787
-290.00287,34,97.282878
-542.8721,44,97.282894
-1059.9481,3,97.301641
-1063.3726,2,97.301715
-466.28137,20,97.30173
-1015.7409,9,97.301737
-1032.0735,2,97.315392
-1048.2998,2,97.326509
-1793.6772,16,97.34535
-1000.0466,9,97.359979
-1036.762,4,97.360071
-1046.1442,3,97.38808
-1251.9396,9,97.388209
-896.14874,7,97.401727
-1052.311,4,97.414659
-794.3187,47,97.414725
2416.8484,70,97.414742
-544.8594,9,97.428854
-1133.2793,30,97.428959
-1038.8895,2,97.44048
-1079.8339,12,97.453735
-21.523071,33,97.453832
-1691.3423,6,97.46702
-3159.1406,11,97.478297
-999.72736,3,97.478815
-1013.87787,15,97.502597
-1682.5297,8,97.515837
-873.8709,6,97.515904
-1721.1384,18,97.515921
-1795.9103,12,97.527499
-979.44257,6,97.539901
-1025.5553,2,97.539991
-1016.40674,5,97.561005
-923.74,6,97.561098
-926.6005,5,97.561116
674.299,41,97.586391
-1950.0044,7,97.598689
2706.8208,81,97.611007
3044.935,88,97.611076
-713.49,8,97.632072
-2054.7659,14,97.632167
-1655.3501,7,97.657756
-1050.9125,2,97.686093
-118.44824,28,97.724371
-1909.3599,7,97.72446
-620.88617,10,97.751125
-653.41815,14,97.751199
115.40149,52,97.751214
-1623.127,9,97.771456
-2291.1375,11,97.801138
-2085.7764,13,97.822666
-1555.256,19,97.822758
-939.59375,4,97.837143
426.7564,81,97.864563
-1052.4171,3,97.86465
-1416.6567,5,97.878853
-1401.581,10,97.878929
-960.51495,7,97.967203
-1023.2235,5,98.017079
-1444.7643,10,98.061386
-2199.974,15,98.06149
-446.73096,72,98.075736
-912.42175,18,98.110942
-865.17224,21,98.125838
2833.9976,70,98.125928
-1026.1356,5,98.140613
206.86383,45,98.16828
-1401.9222,13,98.197113
-1875.9141,45,98.210933
-1032.3164,39,98.222441
-1295.334,20,98.23526
-748.13086,39,98.250333
-1468.0232,9,98.250405
-1506.4086,8,98.250424
-939.16284,4,98.279204
-927.6682,5,98.279284
528.7271,45,98.295138
-1306.7351,18,98.29523
-1015.14307,3,98.295247
-946.05304,3,98.295255
-961.87335,16,98.319314
4240.874,97,98.319406
-336.29474,46,98.332276
1161.8345,49,98.332377
499.8988,28,98.360991
-2150.525,27,98.361054
-1231.6707,8,98.361069
-970.047,3,98.375819
2440.5842,92,98.388773
-610.963,11,98.414195
-1024.4552,4,98.414306
-1241.6476,16,98.435523
-276.82782,23,98.450419
-2170.5466,26,98.450578
-1498.81,10,98.450596
-1126.2644,4,98.478431
-990.216,3,98.492767
-1021.4952,4,98.50804
-1093.7063,49,98.508141
-911.33673,13,98.508162
-407.67548,72,98.534169
-1874.7671,10,98.534261
-1071.1554,16,98.545495
-212.49261,49,98.571174
-1763.0989,6,98.597905
-479.72815,33,98.618833
-511.092,23,98.643699
-1592.1621,21,98.678423
-1087.6616,19,98.716015
-1005.59875,2,98.716125
-1205.8035,25,98.754474
-998.0228,18,98.754585
-1236.4967,12,98.782237
-1542.4346,16,98.798546
4660.0273,88,98.816928
-1318.8271,18,98.842723
-1373.463,20,98.842855
-1031.3776,2,98.842873
-117.627686,45,98.842881
-1024.659,2,98.876339
-1385.4443,24,98.876427
450.91815,34,98.876445
-141.59906,18,98.891329
-825.6532,30,98.905787
-1021.4749,4,98.905867
-190.01111,33,98.931203
1412.2446,43,98.931326
-1492.2682,11,98.943232
-1120.8623,30,98.956048
-912.3345,14,98.956183
-269.9992,46,98.980411
-1290.1831,5,98.980521
-993.0352,4,98.997097
-3270.7559,16,98.997192
244.45752,47,99.011333
-1519.4932,7,99.011466
-1475.4825,8,99.011498
-112.632996,21,99.02574
-1028.1409,3,99.025829
-992.1491,13,99.049212
-1347.0016,11,99.049353
-1280.2977,4,99.049414
-987.7706,3,99.069908
-960.70325,6,99.070045
1345.4763,39,99.098845
-933.26886,6,99.221791
-1173.0591,4,99.2356
-1940.7844,14,99.266104
-1709.9016,10,99.266185
-980.41785,29,99.266203
33.354675,41,99.279462
-1850.8774,15,99.311856
-780.32117,57,99.311911
-2238.1577,13,99.327122
-1403.7577,5,99.352365
-2167.8728,13,99.352456
-117.55908,62,99.352473
-1551.6267,17,99.390052
97.64624,22,99.390137
-3281.7678,14,99.406021
-1063.1592,11,99.419364
-903.5856,11,99.419433
-1258.7231,5,99.419446
-455.5238,46,99.453693
-999.3728,2,99.454341
-465.3141,31,99.454386
-185.72717,38,99.480546
-1010.8093,4,99.480633
-554.9392,23,99.495573
-1035.0564,3,99.495661
-1796.1064,10,99.495679
-2507.201,13,99.495687
-1251.9491,20,99.508541
-1253.998,11,99.508617
-1366.4291,4,99.508634
-1032.9802,2,99.523567
-745.2196,16,99.544693
-1317.2883,8,99.544758
-823.3075,19,99.544774
-3388.5166,15,99.544781
-1384.3828,4,99.544787
-962.8947,4,99.557484
-1311.4028,4,99.570128
135.47571,30,99.584234
-951.2752,7,99.635952
-1863.5669,9,99.636036
-1512.5051,10,99.670911
-979.55786,49,99.709263
-1839.0845,13,99.709403
-748.63153,13,99.726628
-1502.2476,6,99.72671
-893.0469,35,99.739375
-1006.0469,18,99.762681
-858.1028,26,99.790143
-2473.6658,27,99.790263
-216.03876,22,99.815864
-2649.1184,18,99.829381
1051.4398,49,99.829499
316.04077,50,99.882365
-1693.0664,5,99.882469
-898.1079,23,99.882491
-884.2205,6,99.909351
15.757263,51,99.909431
-1031.1593,2,99.909451
362.5724,33,99.921285
-1129.1592,11,99.933168
-1882.6157,8,99.933248
-3601.4595,18,99.959668
-2561.4507,31,99.971804
-256.6977,37,100.006677
-1072.8545,17,100.02062
-2812.8467,35,100.033842
-798.7557,7,100.033928
-1869.6432,10,100.047483
-173.22821,25,100.071931
2600.65,78,100.088171
-252.41992,36,100.088246
926.082,32,100.088265
-1666.5525,12,100.099236
-1444.4089,5,100.099364
-890.6137,4,100.13203
-1698.354,22,100.183239
-162.01208,33,100.183951
-923.7554,15,100.184009
-1068.272,7,100.197903
-576.18616,13,100.213523
-201.87878,22,100.213607
-958.8861,6,100.213625
-360.63342,59,100.227624
-377.35284,23,100.246742
-1028.9032,2,100.279668
-768.4178,5,100.279756
-1497.12,4,100.279773
875.6967,42,100.27978
-2074.4,15,100.306223
-2106.0752,4,100.344206
-1004.9852,3,100.358752
1502.1042,45,100.389169
-178.59064,33,100.389274
-1987.1465,62,100.403254
-1277.0251,4,100.417713
-1030.0173,5,100.417794
-1577.2134,9,100.41781
-1689.1125,46,100.417816
-2050.1707,16,100.43128
-1103.6946,13,100.431369
-1344.4913,3,100.446139
-1688.4246,30,100.446228
-998.1793,4,100.446247
-1684.1409,5,100.461572
-969.6681,5,100.485996
-446.73233,27,100.486087
-492.47537,19,100.502059
-1115.5004,21,100.502399
-1251.4213,6,100.515612
-1048.8164,2,100.53092
-792.0135,31,100.54377
-1219.3892,10,100.557354
-1709.1338,9,100.557444
-949.397,20,100.574139
-808.6012,5,100.574207
115.02112,48,100.574222
-2099.5037,12,100.585559
-559.24304,27,100.615705
-924.8512,6,100.615802
-3017.2478,13,100.630987
-1694.0078,8,100.631054
-868.71075,8,100.678115
-832.3939,15,100.691599
-914.94794,5,100.691679
-786.79614,44,100.731851
-2197.5884,12,100.731919
-991.35547,24,100.745682
-1247.5874,5,100.760122
431.73492,37,100.805479
-894.8093,5,100.80587
-2444.8713,15,100.822515
-2332.2776,19,100.822598
-1505.189,10,100.836783
-1546.8027,26,100.850927
-1022.93274,2,100.850997
-976.7263,3,100.866074
855.48474,59,100.866174
474.06964,64,100.880788
734.2953,32,100.893184
-1004.59326,3,100.909416
-465.7752,20,100.909497
-1035.1292,4,100.909515
554.47125,27,100.930246
-987.0389,4,100.930346
-928.4964,6,100.930367
-1065.3706,6,100.966347
-741.5145,6,100.983228
-920.66724,12,100.983301
2777.5374,57,101.01033
-725.74524,8,101.029321
-664.8253,12,101.029441
356.0033,33,101.083736
277.64008,44,101.119971
-1501.4036,12,101.176374
-820.3622,7,101.232792
-644.583,14,101.232915
-934.96045,4,101.285229
-2119.7256,14,101.285406
4622.1895,101,101.385437
-1795.9639,24,101.385522
2678.7563,78,101.446534
-1017.7125,5,101.447077
-1019.31396,9,101.49394
-1306.6494,15,101.494034
-1280.8243,4,101.494049
-31.740967,31,101.494056
1209.7529,52,101.522079
-879.21625,6,101.572292
-880.8537,5,101.696993
-946.08813,4,101.697085
-991.3254,6,101.757834
-966.3114,38,101.862251
1904.9387,50,101.915873
910.3532,55,101.94441
394.43677,29,101.94451
-1377.3567,14,101.974355
-1404.7811,23,101.974682
-894.25854,17,101.974859
-963.1452,4,102.010984
-1031.8107,2,102.011216
-1044.2003,2,102.060885
-1449.1649,9,102.061055
-2248.6094,57,102.061153
-634.1077,14,102.061247
-983.5239,3,102.10545
-1119.5295,35,102.15418
-1005.685,3,102.154378
-1112.0231,3,102.187945
-362.72186,18,102.22009
-523.97266,17,102.236487
-933.5272,6,102.281049
-1041.5431,3,102.308462
-1372.7526,6,102.308543
-1015.703,8,102.308556
-1971.0884,9,102.334858
-993.2817,25,102.357663
-248.93683,20,102.37543
-2126.6074,15,102.416193
-540.927,41,102.416281
-1006.2282,3,102.434648
499.3045,58,102.434742
-1668.1641,11,102.449512
-1642.7458,16,102.449604
-1601.0762,8,102.487102
-686.25824,46,102.543677
-937.0366,4,102.56842
-76.48401,34,102.56847
-998.61536,3,102.56848
-732.4072,28,102.583782
2626.24,71,102.617613
-3050.8425,15,102.642254
-19.671265,23,102.642354
-1612.4487,5,102.663717
-2931.2502,15,102.66381
-1520.5298,6,102.684387
-673.55945,19,102.710134
1649.8047,52,102.726005
245.81952,30,102.726078
-2381.1797,19,102.726094
-967.22577,6,102.763145
-1435.7251,6,102.763278
-923.05194,4,102.763293
-775.1323,17,102.786326
-1240.4088,13,102.833226
-2022.5886,7,102.833317
-492.10663,31,102.845386
-1306.2173,6,102.860614
-1045.6241,8,102.860712
-1707.1931,9,102.8738
-919.74457,7,102.873891
-1028.9164,2,102.888301
-2436.2314,13,102.88838
-2203.9639,5,102.908534
-324.56653,17,102.930195
-324.7873,58,102.9722
-1525.5171,13,102.987769
-1355.81,10,103.006758
-742.5854,9,103.006834
-210.33752,18,103.022155
-1083.4037,8,103.022241
-414.67914,32,103.050401
-1044.0132,11,103.050476
-1071.1306,10,103.050505
-1616.0917,8,103.050511
-951.3813,5,103.065535
-1199.6898,5,103.082595
-1022.92346,2,103.082692
2393.0,68,103.082711
-930.3742,15,103.109081
-687.00256,8,103.123651
-3898.3381,39,103.123731
675.87854,29,103.137762
-1063.0184,6,103.137832
-485.49872,16,103.153543
-895.8217,7,103.153657
-782.55396,9,103.153677
-1852.7207,10,103.189382
-616.7925,12,103.189502
2295.776,55,103.189523
-980.4546,3,103.189532
2762.0588,62,103.203113
-1008.6379,5,103.218583
-1400.6207,10,103.218645
-2382.0293,6,103.218661
-1110.3756,3,103.232963
-1313.0729,6,103.233086
-1030.0187,4,103.247508
-1584.1028,8,103.247591
-384.56342,42,103.247606
-1021.2252,2,103.247611
1105.2524,49,103.272255
-1586.298,5,103.289896
-1092.4436,4,103.289978
-68.32153,35,103.289997
-996.2878,7,103.30721
-925.97705,4,103.307319
-68.246826,55,103.307341
-982.5045,3,103.335056
-1044.2285,2,103.335169
1031.9307,49,103.335197
-938.84937,9,103.350071
-1502.547,6,103.367805
-1144.2837,8,103.367906
-725.50024,18,103.367924
-1100.3901,10,103.402158
-1048.4991,3,103.417425
-1002.0604,5,103.417508
-956.34576,4,103.417526
-1068.817,3,103.441186
-224.50372,25,103.479891
-312.34625,18,103.497156
-1812.501,17,103.497237
-1414.5127,12,103.513407
-733.0382,15,103.513515
-2454.7417,23,103.534552
-423.0014,31,103.535031
-349.81573,25,103.561152
-924.8531,18,103.561239
-756.71515,7,103.587689
-2312.0537,11,103.603405
-819.2815,6,103.60349
2207.5435,72,103.61804
-780.431,14,103.61811
-1285.2697,22,103.634918
-831.5244,8,103.650037
2437.4722,56,103.670835
-991.10406,3,103.670902
-1174.7637,17,103.670919
-345.5528,48,103.687166
-1755.8091,18,103.687242
-886.3445,5,103.687259
-1059.396,4,103.687267
852.04834,43,103.702418
-1002.4763,3,103.715755
-1034.2775,3,103.739346
-767.6547,12,103.755063
-286.30133,28,103.769863
-1499.731,6,103.769964
-1164.9331,47,103.783812
-995.03485,18,103.797608
-248.61676,19,103.797693
-1349.4368,3,103.811553
-832.3544,7,103.811668
-1991.0474,14,103.827221
-975.43427,3,103.827311
-1044.2637,2,103.845869
-1202.6738,31,103.845984
-1207.9218,16,103.846001
2.5825195,49,103.858821
-1081.6316,12,103.874533
-1043.626,3,103.874615
-1205.8917,14,103.89239
-454.18625,28,103.960516
59.614197,40,103.972237
-1168.9695,7,103.993766
-1113.5518,9,103.993861
-1725.4818,20,103.993879
-1116.475,15,104.019211
-1045.3171,6,104.04657
-1127.709,28,104.065375
-1785.4381,28,104.081874
-218.45856,23,104.107471
-465.03442,41,104.120157
-711.0811,29,104.120231
-427.35547,22,104.135418
-756.1465,10,104.135554
-1532.4985,12,104.172637
1902.4302,57,104.172738
-1530.4441,13,104.172756
31.84253,23,104.185994
-771.52136,7,104.186161
-383.7744,23,104.186183
-909.84625,30,104.200206
-996.98395,3,104.217565
-1044.2006,2,104.217663
-1033.602,2,104.21768
-966.5616,33,104.217686
974.2148,43,104.217691
-820.0852,18,104.277628
-1039.0598,5,104.277718
-1717.9121,9,104.306492
112.52881,34,104.319919
-928.077,8,104.320015
-1034.7368,9,104.332739
-988.0162,10,104.34621
-1452.0691,14,104.363913
-1150.6726,6,104.364014
-41.678223,25,104.41752
-1743.7612,7,104.435977
-1184.2078,25,104.474792
721.7436,35,104.501011
-881.3889,32,104.524036
-926.15094,28,104.538497
-1697.3877,31,104.569575
-295.97552,32,104.586786
-986.15137,5,104.601149
-1002.29083,3,104.627015
-1087.2205,19,104.637967
-1422.3862,26,104.650961
-1027.2368,2,104.663251
1074.1089,55,104.663325
-33.514893,36,104.715339
-1327.5251,3,104.715447
-381.03564,28,104.740705
-929.5654,8,104.754402
-1375.5962,28,104.754478
-908.53705,5,104.754497
42.618713,64,104.784319
-979.6946,13,104.800854
-853.3618,45,104.80094
-480.15802,63,104.800954
-1431.7539,18,104.812807
-642.5526,21,104.812887
329.75354,35,104.831455
-978.8578,7,104.849128
-1621.4313,9,106.090585
-494.97955,19,106.090706
-965.7702,3,106.100454
338.63446,50,106.12382
-2251.2737,6,106.123906
946.19775,81,106.147166
551.4986,51,106.173123
-883.75525,8,106.173213
-1086.3419,12,106.184728
-1320.1008,7,106.207344
-1045.1688,4,106.223046
-2255.5256,11,106.223124
-2191.9868,18,106.223141
-3041.3374,84,106.237983
-1042.4569,2,106.251641
2070.1953,49,106.28215
-726.6455,14,106.282241
-2906.5098,19,106.282262
-569.0523,23,106.294831
-2481.0564,10,106.314617
-538.12164,22,106.33077
-1528.0592,10,106.356465
-600.5361,9,106.356547
-1013.29395,4,106.356567
1809.3843,54,106.37366
-1520.9976,11,106.386064
-665.13464,10,106.419419
-619.9281,31,106.437653
1023.8138,56,106.437752
-1170.6023,13,106.43778
678.6534,40,106.453564
-1315.4673,9,106.453655
-1243.2787,23,106.46853
-1040.7993,2,106.468677
-1995.206,9,106.480813
779.8063,32,106.480887
-1043.5143,2,106.516541
-1600.008,17,106.53422
-654.713,14,106.557188
-2435.1948,10,106.571764
-1645.4551,8,106.585295
-1044.0197,6,106.596915
-1210.6187,11,106.621377
-1953.6614,17,106.621422
51.976196,39,106.62143
-159.44391,19,106.633788
-109.15558,49,106.659768
949.2294,52,106.673436
-3250.237,14,106.673536
-599.7137,10,106.707654
-944.98987,7,106.70774
-1230.5956,22,106.734816
319.57306,78,106.750669
-982.13135,18,106.762675
-1018.7804,2,106.762755
-1884.7083,9,106.781441
-1447.5574,6,106.798163
-42.843506,38,106.815344
-1024.7749,3,106.827006
2800.741,82,106.847538
-903.15814,6,106.874954
-2517.641,23,106.875046
-745.26013,31,106.875064
-1105.7793,4,106.875074
-1429.7969,18,106.875082
-1302.1252,9,106.875089
-1032.8428,3,106.91244
-2414.6997,26,106.941262
-1171.5474,6,106.953297
-2333.4749,39,106.966192
-1017.7802,3,106.979264
-1029.9237,3,106.994326
-1351.8455,9,106.99438
-2881.5537,15,107.005532
-3854.2617,18,107.005694
2227.7031,59,107.047363
-677.7154,27,107.084634
-885.1866,7,107.084745
-802.8453,7,107.098228
-1042.5422,2,107.132762
-2367.0762,6,107.154498
-966.28644,3,107.19225
1225.1421,62,107.192348
645.5178,72,107.208796
-951.1478,12,107.208873
-2417.8303,22,107.208904
-1054.644,4,107.222571
-2365.0598,14,107.22264
-2841.5703,33,107.250474
-501.39703,51,107.275926
2610.955,65,107.276004
-276.4798,27,107.276024
1125.7661,47,107.285828
-1039.967,2,107.298819
930.8907,60,107.298893
-2521.155,15,107.315586
-909.31085,8,107.315747
4038.3247,86,107.327707
-1032.8698,2,107.347659
1134.2068,49,107.377177
-1106.3844,10,107.389495
-1378.9551,14,107.389585
1610.9944,51,107.406216
-1998.4653,9,107.406313
-1022.96344,15,107.406338
-965.418,5,107.406346
-1530.476,13,107.406351
-937.6048,3,107.425142
-2604.5266,14,107.425226
-1920.0775,11,107.569348
-2828.295,10,107.569424
-1138.1216,4,107.58259
-1550.7163,12,107.644633
-1633.3728,6,107.655953
-879.29456,7,107.656031
-1161.9027,9,107.680702
-1024.6973,2,107.680778
-3313.98,14,107.692102
-838.52386,11,107.709485
-309.59344,41,107.733557
-300.6582,26,107.733624
-2486.2368,12,107.733639
323.76154,49,107.748006
-82.21515,22,107.775851
-995.7418,3,107.775943
-1062.2268,15,107.788201
-2376.568,38,107.803509
-1290.4901,10,107.803627
1520.514,55,107.803647
-1073.9259,5,107.803654
-1024.8369,2,107.824522
-1007.0781,2,107.83911
-964.287,4,107.868163
253.1228,22,107.881633
-1566.5137,7,107.918332
-940.1244,4,107.933176
1041.6587,53,107.958559
-827.44604,8,107.958641
-808.5922,9,108.013878
-1158.532,17,108.02719
-3571.8513,20,108.027262
-80.332214,37,108.076125
-62.285034,35,108.091745
-310.93665,29,108.106806
-1663.3716,6,108.1069
-1667.4297,7,108.119565
-1250.2268,9,108.13144
-1031.297,3,108.144933
-985.3258,3,108.156763
-934.6475,5,108.174676
-339.3042,27,108.18679
-1046.0421,2,108.199657
-797.0574,27,108.199723
4648.8423,101,108.221986
-412.2663,22,108.235449
-334.2622,54,108.235534
-62.56665,45,108.235552
348.73767,41,108.235558
87.89105,24,108.246989
1690.3054,81,108.247084
-1024.1694,4,108.261529
-1002.70984,3,108.261608
-1322.3433,8,108.272812
-1034.0981,3,108.284477
-1243.3666,12,108.298844
-1046.6733,3,108.299275
-1044.2052,2,108.31611
-566.87915,15,108.350822
-1357.8325,10,108.365252
-1926.6624,11,108.379482
1737.2285,50,108.399724
-1974.8755,14,108.400097
-1024.739,2,108.412863
-892.147,4,108.412961
539.0147,51,108.425489
-1465.6937,12,108.42556
-1953.1835,36,108.454703
-1160.9294,4,108.454813
-989.80035,3,108.454834
-701.90607,11,108.454843
751.77496,36,108.454851
-1144.8046,17,108.480453
-1033.8381,2,108.480549
-1805.8848,4,108.505905
-1041.6144,7,108.520242
-1088.8301,16,108.533817
-924.56836,4,108.533866
23.005798,32,108.533876
-1330.4354,5,108.547027
-1023.07996,2,108.558744
-945.97473,3,108.576795
-1375.7052,10,108.591293
-947.6974,5,108.591395
-483.26767,26,108.591417
-1044.2637,2,108.615251
-920.8624,5,108.615353
888.40466,63,108.62969
-781.1034,13,108.629798
-271.80975,16,108.643401
-593.7266,35,108.666927
93.26691,28,108.682827
3898.4863,95,108.696449
-1163.7822,6,108.711589
-1070.666,32,108.711705
-1595.0693,11,108.723888
583.9986,51,108.777924
-1112.5923,6,108.797031
-1434.7728,9,108.797188
-1000.77075,2,108.823153
-1317.5624,33,108.839988
-327.5509,33,108.870404
-1890.0393,13,108.884371
1496.2627,49,108.929206
-1381.9934,13,108.929601
-993.328,3,108.929634
4062.339,82,108.942738
563.61584,31,108.955892
-936.79553,10,108.968837
257.87897,25,108.983917
-4304.916,27,108.984008
-1090.3368,4,108.984034
3216.5137,90,109.000187
-1005.6427,2,109.014359
-1025.5787,3,109.01445
-1312.0809,15,109.028497
-1459.3337,27,109.028595
-1939.8832,14,109.04186
-1072.0585,33,109.04192
-1829.9253,10,109.071087
-1507.3832,5,109.08535
-1004.36957,9,109.085436
-923.0936,10,109.085456
-1241.9314,27,109.097082
-909.0853,13,109.110532
-1620.5933,5,109.1106
-1183.2494,35,109.123634
-423.6228,18,109.123696
-1129.4618,10,109.12371
-1044.1958,2,109.151816
986.6447,45,109.175019
-763.8181,11,109.175105
-976.7425,5,109.185425
-1010.4924,7,109.206473
6103.3887,113,109.206574
-1032.1489,5,109.221504
-302.17902,31,109.250675
-1224.4799,17,109.250762
-805.09875,12,109.266733
-2716.9536,14,109.282465
-1628.148,44,109.28254
1449.152,62,109.305656
-1485.0923,15,109.305746
-147.51819,41,109.31913
-66.299255,20,109.333408
-1055.6489,7,109.363714
-1043.2834,3,109.363807
-603.7514,20,109.405812
-1735.0232,5,109.433709
-1371.5391,10,109.43379
-1547.0624,18,109.445649
-248.81293,30,109.459787
-691.7593,11,109.459878
1034.2207,34,109.473162
-2912.0876,17,109.473291
-505.05804,19,109.486658
-1064.9937,4,109.502819
-1048.4698,4,109.513368
-839.6367,16,109.527145
-993.7101,37,109.527194
-1003.63043,9,109.527204
-643.64105,37,109.611466
2106.1274,72,109.628953
-866.1499,25,109.629015
-952.37964,7,109.629032
-1289.8352,12,109.651495
1255.7113,84,109.651578
271.65363,26,109.651592
284.24286,34,109.66753
-1007.5513,4,109.682929
-1576.484,11,109.683024
-526.701,16,109.683042
-1286.9878,12,109.697893
-1652.5632,6,109.721459
-235.6095,21,109.734146
-1830.1567,5,109.734207
-1036.6339,6,109.751567
-915.5936,4,109.751639
-1807.8534,6,109.769796
-1038.0219,2,109.791375
-1016.866,2,109.791477
-1020.7023,4,109.791498
-1507.0276,11,109.791506
468.92273,41,109.812942
-962.77924,19,109.813037
-251.2414,32,109.837281
-1211.8079,11,109.837365
-650.0644,14,109.849433
-906.3775,8,109.902917
-707.0874,9,109.902997
-876.78735,5,109.903014
955.8238,57,109.903022
-1480.0669,15,109.959303
-1231.0103,7,109.999291
-1023.4795,15,109.999524
-1304.02,14,110.027535
1011.19037,39,110.039977
-1194.7024,11,110.059277
-4292.8,26,110.074611
-1017.82855,2,110.074678
-1313.1274,13,110.089253
-946.5541,10,110.102803
-1182.4209,43,110.138308
2001.1779,61,110.158472
1333.0244,56,110.158552
-1429.4452,8,110.15857
-1461.3608,25,110.170239
-1724.6472,32,110.184533
-1430.4753,7,110.184638
-1354.0454,10,110.212639
-1026.6722,3,110.234893
5599.303,69,110.235009
-1414.3632,5,110.24911
66.30603,76,110.249248
434.79688,52,110.249269
-552.8656,35,110.262403
641.1582,31,110.262501
468.35663,28,110.26252
-1384.9839,3,110.285633
-661.74023,8,110.285736
-1348.4662,11,110.285755
-1044.1982,2,110.298546
-1364.7954,11,110.310131
-1873.144,11,110.323414
-2156.7512,5,110.323491
-1365.3206,29,110.345376
-3196.5317,23,110.358558
-446.0313,38,110.358638
-1654.249,39,110.379682
-1023.914,2,110.392604
-1822.1777,11,110.392683
-1950.5544,7,110.405098
-1603.9867,22,110.417182
-604.34467,27,110.417271
-1688.0376,5,110.45191
-1087.1498,7,110.465828
-2121.3948,15,110.484965
-667.2801,16,110.510985
-919.4989,6,110.569744
-549.11,18,110.569829
-2365.5967,11,110.569846
-190.71143,20,110.569853
-750.1105,20,110.607737
-1002.39795,27,110.63478
-1457.9604,27,110.650991
-1816.6887,5,110.678621
-1673.4751,13,110.689559
507.5393,32,110.689653
877.9669,42,110.701927
-1540.6116,69,110.702019
-2637.8826,28,110.715382
-1914.24,33,110.741885
-901.0052,5,110.757271
-311.43616,27,110.757365
-1008.30115,23,110.772201
-1020.45026,5,110.772425
-1160.7903,6,110.787171
-489.20013,31,110.787325
-2340.5352,16,110.787349
-1539.7742,5,110.787356
55.63739,29,110.808385
-1089.4907,5,110.827979
-968.0331,6,110.82804
-1359.3306,6,110.841526
-1040.9905,4,110.841596
-709.575,20,110.841613
-1272.6152,15,110.880904
-1038.8673,3,110.88097
-1012.3271,5,110.911393
2098.2537,52,110.925507
-1346.2615,22,110.93816
-1188.1626,10,110.958797
1185.4136,50,110.958877
-911.55817,5,111.003493
-960.7523,16,111.003586
-1833.7441,16,111.022781
98.73328,33,111.041053
-596.1363,62,111.055835
-1049.6622,3,111.071874
889.985,47,111.071945
-862.14825,27,111.090539
-1259.5338,20,111.090621
-1027.9904,4,111.10552
-1014.7657,3,111.105615
-468.27765,19,111.116703
-2246.7734,25,111.161382
-2219.316,6,111.180809
-1029.9474,2,111.197455
-1534.2334,15,111.197538
-1266.5262,8,111.209109
-1452.1876,7,111.209225
-1078.3403,32,111.251002
-878.52167,11,111.271843
-2492.3228,21,111.271924
-1019.26227,27,111.294333
-191.54468,32,111.306675
3613.8958,69,111.331683
-970.05615,22,111.331775
-29.059082,22,111.331793
-3029.2417,19,111.345291
-1065.7462,3,111.370801
-1204.4617,15,111.383746
-1709.5571,14,111.383826
-1346.1362,15,111.41125
-2917.8345,13,111.425229
257.00403,40,111.425308
-881.5034,5,111.452293
-1173.2002,9,111.452396
-1107.0347,4,111.476854
2421.449,70,111.476924
-1299.8746,7,111.491445
-1262.2977,14,111.491537
-1685.5762,30,111.506451
-1246.0199,4,111.51884
-241.02496,60,111.518931
-1875.5105,17,111.544146
1071.6472,45,111.544269
-2151.0432,21,111.555534
-1105.6193,34,111.593785
-824.32214,7,111.593891
-1417.2523,21,111.63196
-224.86328,27,111.632056
7369.412,153,111.651694
-1888.6597,14,111.678782
7.543213,51,111.69958
-1019.71765,17,111.699701
-1674.6243,11,111.710896
-152.40814,20,111.746329
-1799.4852,12,111.766767
-1163.695,9,111.779388
-1196.9801,20,111.798966
-1467.0754,11,111.799056
-72.78357,35,111.822752
-922.89575,64,111.838085
-849.29236,17,111.838208
-913.2863,6,111.849169
-1211.4219,5,111.863523
-2933.4238,15,111.889606
-3103.0972,6,111.90858
-2556.0327,16,111.921233
-1038.3955,2,111.921286
-2049.3623,28,111.93491
395.3636,40,111.934984
-670.2268,31,111.957042
-1596.5798,7,111.957122
-980.5967,11,111.99774
427.49854,40,111.997844
1129.2974,41,112.008503
-917.1943,4,112.008679
-1616.6428,8,112.023535
-1044.2611,2,112.023644
-887.7523,6,112.038406
-1570.928,36,112.051222
1176.9397,61,112.051305
-981.5987,3,112.066531
-1634.8013,10,112.066638
-537.6423,26,112.085658
-756.5699,11,112.100763
-958.59753,4,112.114988
-701.0646,34,112.130824
-500.6834,26,112.169744
-1689.1033,11,112.186561
-1882.6841,6,112.20047
-1081.0145,14,112.200524
-1218.8677,11,112.200536
-2180.5403,11,112.214254
-1017.22327,12,112.236201
-160.44342,22,112.236304
-1906.5974,17,112.250275
-976.5765,5,112.250355
742.76416,40,112.269439
-1270.3557,12,112.26954
-910.4455,8,112.282103
-1925.4857,31,112.282179
-972.7396,6,112.282197
-998.2238,3,112.305925
-1011.2684,5,112.345706
4609.6655,126,112.357781
-1972.4526,10,112.36892
-848.296,7,112.368999
-1738.3937,11,112.381444
-581.03467,34,112.423553
2297.6853,67,112.438508
-594.3414,48,112.438612
-1629.605,8,112.482698
-1638.2776,16,112.482792
-827.589,30,112.496735
598.8067,45,112.509029
4483.0444,92,112.509113
-1549.2955,18,112.520358
-954.7734,7,112.520438
118.37915,23,112.534786
-1067.8109,2,112.549338
-662.9789,26,112.561927
-1386.8494,13,112.561996
-1103.033,9,112.562013
233.31744,32,112.575872
-1785.512,6,112.575955
-1091.3876,6,112.586492
-1475.745,29,112.60349
-2267.7927,15,112.603571
-1052.5684,9,112.603589
1001.36945,80,112.603596
-991.1735,6,112.603602
1779.4938,58,112.603608
-936.58655,5,112.616389
-78.38507,41,112.65919
-3.1869507,27,112.659268
-818.7918,7,112.706258
-2699.5864,23,112.706608
-1252.0062,8,112.722419
-2654.4277,4,112.760967
-2285.892,13,112.784384
-107.57599,31,112.784485
-978.0493,4,112.814005
-360.22968,17,112.814081
381.03864,29,112.840134
-1896.9458,39,112.853682
-1101.0996,4,112.867244
-1165.7395,11,112.867325
-1374.2793,8,112.889707
-1263.1285,15,112.901078
-531.443,19,112.915921
-1028.7379,2,112.928313
-1053.7878,8,112.954825
-1270.5723,5,112.954904
-670.55115,24,112.982466
-764.9347,29,112.982556
-301.79736,31,112.982573
1287.0962,54,112.993916
720.7314,31,113.033402
-1094.3334,4,113.033523
58.88391,32,113.033542
272.83496,33,113.045425
-2211.5957,9,113.045512
-911.67474,36,113.045544
-928.4403,6,113.077918
-602.64264,35,113.077991
-1169.255,10,113.092726
-1008.3894,4,113.09285
-1025.5507,3,113.092871
-1960.0769,5,113.109018
-964.5054,4,113.135015
-68.10669,42,113.13511
-1159.3181,4,113.152207
-1116.6866,5,113.152286
-790.92725,24,113.166098
-1028.7281,2,113.178333
-1773.7358,50,113.191539
-1026.971,2,113.191638
52.562134,47,113.217649
-849.2196,31,113.229705
-814.7474,10,113.27631
-1105.1744,18,113.276381
-986.209,22,113.276399
1073.6544,56,113.290264
-922.41504,14,113.290358
-128.25098,19,113.304852
-970.6108,3,113.321676
310.2033,28,113.335275
-1559.8586,11,113.335358
187.75476,65,113.368295
-908.2726,7,113.380652
-1338.9209,4,113.396008
-1333.4164,5,113.396106
-655.4882,40,113.407621
-1023.3471,2,113.438516
-2330.893,15,113.438588
-1185.8871,10,113.438603
-365.9934,23,113.451243
2390.9556,105,113.46348
-1435.45,7,113.476656
-1011.6334,14,113.490997
-940.62415,7,113.491103
-307.22876,32,113.491123
-1037.5474,4,113.504762
1003.8678,43,113.504868
-1026.7246,2,113.64685
-1039.9347,4,113.659212
-1044.2472,2,113.6593
-1073.0431,3,113.682095
-1856.5151,9,113.707045
-1429.4092,59,113.707111
-2226.5693,37,113.728151
-168.20099,17,113.728219
-150.05243,28,113.728232
-917.0999,6,113.746578
268.50702,36,113.758748
-245.88794,26,113.769432
-910.7944,5,113.781867
-957.79297,3,113.781938
-767.9401,20,113.795229
-1121.476,4,113.813909
-1230.7906,9,113.813992
-974.9536,3,113.814011
-1450.2727,14,113.814018
-1078.1072,29,113.836237
-878.7406,6,113.861355
-1189.9702,22,113.861469
-1443.865,11,113.876123
400.05927,56,113.876208
-1047.3872,3,113.901758
-1636.4194,8,113.901832
-1320.3365,7,113.901848
-2150.8862,10,113.914731
-928.13934,5,113.927248
-792.9115,5,113.942566
2202.3171,54,113.954265
-968.8647,30,113.967974
-1191.9645,14,113.997997
-753.239,7,113.998066
-329.6101,39,113.998083
-1205.0913,12,113.99809
-927.7781,26,114.012917
-997.10913,3,114.012997
194.86322,23,114.024394
-1024.5607,2,114.037964
-3424.4233,11,114.049969
-2987.829,18,114.050066
-1007.2259,2,114.063743
-150.25092,35,114.10252
1944.1011,59,114.102592
-865.195,12,114.102608
-2552.6418,8,114.102615
-4.5308228,31,114.15815
-1449.336,3,114.158256
-1028.835,2,114.18345
-995.2452,7,114.215025
-1274.2933,15,114.279847
-656.08813,20,114.279923
-3207.0103,8,114.291111
-1169.1777,18,114.305289
-1026.2682,50,114.305352
2298.45,54,114.305369
1325.5901,42,114.305376
-1594.8296,28,114.305382
-1482.0453,23,114.318738
-1637.4407,12,114.31883
-1020.83325,2,114.339887
-1994.0767,9,114.339953
-1063.0459,23,114.352905
-988.29144,6,114.372718
-644.61365,18,114.372801
-1363.426,5,114.372823
-1029.8671,3,114.385149
-1751.6284,28,114.395367
-992.14996,3,114.407667
-2154.6536,32,114.407745
6871.3037,105,114.431515
-225.31299,46,114.444582
-1250.4198,3,114.444689
-1404.059,4,114.464126
-728.1499,12,114.47654
-1201.115,4,114.487735
1395.5579,43,114.508914
-1002.6178,3,114.50898
-1676.1729,9,114.508993
-901.0771,6,114.543495
-1034.0168,3,114.560582
-799.4177,11,114.560673
3566.8228,90,114.574258
-336.96594,21,114.586308
-1031.457,2,114.6141
-967.39935,18,114.614177
7.0024414,23,114.640653
-2314.953,6,114.640735
-1738.4707,24,114.666847
-1030.15,3,114.666933
-674.0891,23,114.666952
-575.69586,15,114.678579
-2156.7686,11,114.678663
-1273.7642,9,114.705709
-2070.5344,13,114.705801
-1241.1387,45,114.705822
-1936.4739,23,114.705831
-1029.5681,2,114.730052
-785.32184,7,114.759194
-1978.481,6,114.759637
-758.8676,31,114.759691
-1006.2114,5,114.772114
-955.29926,16,114.786371
2178.8647,55,114.799334
264.33557,66,114.812114
-1128.1261,4,114.825744
-972.778,4,114.838169
-1041.3192,2,114.838275
1182.7661,53,114.868232
-743.8096,8,114.868335
-1332.5474,4,114.879788
-450.62048,18,114.912892
-1399.8622,11,114.912977
2233.0364,72,114.952214
-730.478,9,114.971593
1610.6011,44,114.971683
-1786.4664,8,114.987019
-63.763,23,115.05527
-1451.3433,22,115.072206
-106.8988,27,115.087436
-2375.5676,13,115.14883
-804.8711,45,115.148927
-1268.042,36,115.190638
-1798.563,36,115.222188
-45.92206,41,115.248865
-1322.5543,10,115.280054
711.24756,68,115.290556
-1460.7532,7,115.305773
-1030.3063,2,115.319583
644.6429,48,115.319687
51.44806,32,115.319704
-37.07715,35,115.378756
-531.90686,41,115.378844
-1810.7377,8,115.393314
-1950.6033,34,115.39338
-857.7666,6,115.40799
1834.4814,57,115.421296
-867.8667,10,115.448721
-415.91394,29,115.47068
-745.31824,36,115.498402
-1694.1628,8,115.498482
-925.4757,13,115.510729
-1706.198,48,115.523627
-1215.2141,44,115.537263
-854.0674,21,115.537356
-2573.3132,11,115.537373
-844.2622,40,115.53738
-665.15906,12,115.560962
-1900.6906,6,115.585179
2529.5718,79,115.596665
-1033.1047,5,115.597311
3291.4438,76,115.613308
-2832.6187,38,115.613385
-1361.0007,31,115.613402
-1055.5269,6,115.613409
-1289.5298,14,115.613415
-1044.2637,2,115.627856
-2026.4341,13,115.664949
-914.7087,5,115.665007
-1110.3486,6,115.66502
-1137.3411,4,115.665026
-494.60693,26,115.679521
619.69775,51,115.679633
-955.8042,2,115.691661
-713.466,19,115.706605
-862.9254,7,115.706663
-1374.4269,3,115.727469
-2151.9678,12,115.727565
-947.0786,14,115.727584
-1270.9482,7,115.769475
-1709.543,11,115.782607
-1561.6895,22,115.795897
-921.5954,6,115.809244
-1098.206,6,115.809629
-1215.8477,7,115.82238
-34.060364,26,115.822456
-1720.2043,4,115.834738
-1449.739,11,115.859617
2595.6116,88,115.872618
-1353.5254,55,115.90165
-498.86566,22,115.915346
-1968.4791,30,115.934595
-1448.7661,8,115.934669
-2265.654,7,115.934682
-1203.945,8,115.934687
2961.394,64,115.959346
-1402.3309,14,115.959461
411.56488,32,115.971337
-115.58099,27,115.986186
-1015.87787,2,115.986307
-1329.3557,14,115.986335
-746.2069,7,116.015702
-145.98077,45,116.029131
-320.43353,25,116.057466
-915.264,29,116.0741
-1070.9949,10,116.0742
-957.5497,5,116.107897
-462.6164,18,116.121453
-1067.7843,4,116.136557
-1563.9893,26,116.175336
-1272.8712,21,116.175427
-896.8225,6,116.198806
5620.412,131,116.215328
-1289.8016,4,116.25127
-2194.3967,64,116.276115
-1311.0042,9,116.325516
-999.48553,15,116.325619
506.96844,48,116.348349
20.369812,32,116.361028
-902.31006,16,116.380567
1013.90784,52,116.380734
-1060.9539,55,116.431779
510.18066,39,116.431875
-795.28503,27,116.453465
-913.99146,37,116.478831
-1015.5131,2,116.4789
-1731.9052,32,116.491726
-273.31604,38,116.491803
235.90118,39,116.506052
-265.94196,44,116.519465
1323.1083,68,116.53881
-993.354,3,116.553017
-951.38116,4,116.553101
-1191.684,23,116.55312
-1412.0352,10,116.57258
-1020.6065,2,116.58621
-1031.4766,3,116.586299
-387.8343,21,116.616895
-987.7731,4,116.616955
1017.70404,44,116.61697
2210.6553,49,116.630985
-1062.1326,6,116.657459
-1652.324,21,116.671412
-1324.8998,4,116.671526
-1034.9365,2,116.699168
-813.4818,11,116.710976
-1159.9176,9,116.711027
-925.8376,6,116.735433
1601.9398,59,116.735515
-1888.6516,9,116.735532
-926.45593,7,116.762135
217.4162,36,116.762525
-538.84937,17,116.762561
-1198.7463,6,116.776348
47.818176,33,116.813699
-1025.7126,4,116.813794
-1843.019,7,116.826832
1130.9467,50,116.84048
-935.37964,7,116.858921
-1117.8624,29,116.885853
-699.99567,29,116.905147
-870.4903,40,116.905234
-1559.187,14,116.905252
-1562.8335,5,116.916318
-1925.4043,32,116.929915
-1030.7128,2,116.929984
-1033.9585,2,116.929996
-10.34906,43,116.964262
-962.9022,4,116.978938
-915.9223,6,116.979003
-2498.3838,86,116.979019
-2066.4583,16,116.979026
-1029.3606,2,116.993554
-1034.8573,3,117.021646
-860.02747,45,117.044152
-1508.633,7,117.08173
788.0445,77,117.097306
-1108.7725,27,117.097486
2881.584,84,117.109013
-710.75543,7,117.109075
-2629.1624,14,117.109092
-1277.8986,7,117.132018
-1007.3004,2,117.1321
-1318.3024,4,117.148605
-440.86646,28,117.148687
-1235.4308,14,117.166403
-1067.2555,3,117.184396
-955.47894,4,117.210157
-1030.3993,4,117.21026
230.3017,30,117.225486
-3364.876,22,117.22563
-2115.6091,18,117.225663
-62.769775,67,117.239965
-933.99054,26,117.240047
-1047.9727,6,117.256536
1819.7073,49,117.256619
-1039.7977,2,117.28224
-1998.2247,6,117.295772
-1903.4626,5,117.295867
-1264.3121,13,117.295897
-770.2915,7,117.309928
-982.0846,4,117.310033
-2320.9402,16,117.335292
-816.4251,9,117.346478
-1186.5667,19,117.360415
-61.322693,33,117.360477
-1216.3883,5,117.360491
-1030.9846,2,117.360498
-878.9415,7,117.374965
678.4395,47,117.375035
-926.91364,7,117.405153
-822.40295,13,117.417517
-2538.3604,17,117.417659
174.40869,53,117.436123
-759.48517,27,117.45886
-868.5064,7,117.458931
-971.21436,11,117.458948
-1009.2706,3,117.47316
1374.3838,64,117.486367
-1344.1162,9,117.500441
-1000.5841,2,117.514493
-1165.775,11,117.51461
611.2366,51,117.514627
-539.3252,28,117.530039
-936.5747,5,117.53011
-1017.9016,5,117.530128
-1517.011,13,117.530135
-1082.0536,11,117.568042
1546.3845,52,117.568131
-962.71747,4,117.581968
-985.0849,5,117.58204
-2120.6477,16,117.582057
-1025.5886,2,117.593636
-1365.4739,10,117.593701
-951.84283,16,117.621593
-909.6929,9,117.642915
-906.3194,6,117.671408
-637.6893,22,117.671497
-1289.9988,8,117.71491
1260.0931,53,117.714995
-1417.5446,16,117.752943
-1404.9851,11,117.753032
-24.728455,18,117.784578
-984.0982,6,117.797117
102.68793,23,117.797204
866.6392,37,117.809715
-898.16003,6,117.836659
1708.5205,43,117.836755
-1076.7438,3,117.84896
-1056.502,4,117.849131
2403.834,75,117.865806
980.621,90,117.865923
-2320.1616,22,117.89302
-801.419,22,117.893121
-2636.0068,9,117.905149
-1522.428,19,117.929585
-734.61664,7,117.941376
186.40924,48,117.954435
-699.0092,12,117.954532
-1007.18823,4,117.997798
-1350.5269,3,117.997864
-1590.7712,9,118.011408
-1668.1172,26,118.023237
-1027.8285,2,118.023319
-1032.8375,2,118.023349
-1763.8376,40,118.047752
-1021.45514,3,118.06523
-373.95697,40,118.077894
390.83606,26,118.109062
-1034.1469,3,118.109164
2139.6301,65,118.126935
-234.419,20,118.143299
-1373.7649,22,118.157942
-1790.0354,16,118.185018
-494.9749,21,118.1851
-3869.0557,20,118.18512
-2184.673,26,118.199147
794.3504,45,118.199243
-1852.5159,14,118.220559
312.27075,42,118.220634
-2293.782,22,118.237293
-1016.02374,7,118.23737
-643.2593,9,118.237388
-1084.373,4,118.288004
-536.4546,49,118.304512
-855.97534,32,118.304587
-1314.9568,21,118.343085
-1846.4995,18,118.359614
1921.6365,72,118.375734
-953.1264,5,118.375816
-1325.9489,10,118.375835
-2322.9875,14,118.421755
2485.962,65,118.421823
493.31525,44,118.452718
-433.56122,21,118.479897
-2509.1948,12,118.479984
-1542.1179,9,118.48
1456.5198,56,118.503348
-1033.7487,2,118.516847
-176.37933,25,118.54384
-1049.4847,4,118.543904
-2334.7603,23,118.557601
-1018.3813,14,118.58424
2869.2778,83,118.584337
-1821.8116,39,118.584357
-1873.3356,5,118.608137
-181.82867,34,118.608213
-1229.4392,14,118.624568
-1045.3776,10,118.637332
-1214.9086,11,118.637425
-1132.0693,7,118.674553
423.5462,36,118.687232
411.46326,48,118.687315
-1064.1881,2,118.712759
-1078.9708,12,118.712881
-1326.5162,7,118.712903
-852.0558,8,118.737762
640.1155,43,118.751666
-981.67633,10,118.76546
-2613.4692,15,118.780854
-1970.0,15,118.780941
-1258.3044,26,118.780955
-1839.5288,21,118.795236
-824.7883,7,118.808786
-379.9361,41,118.808866
-176.19061,21,118.823909
-858.09863,9,118.843311
-730.548,17,118.843377
-1992.2776,10,118.863875
-1044.4343,3,118.86397
-966.29877,4,118.863999
-1253.9832,16,118.905905
648.8288,37,118.905989
-1070.2906,3,118.954433
-998.6174,3,118.954503
63.770386,41,118.972697
-1936.5647,7,118.972782
-248.46649,54,118.972805
198.50763,55,118.988306
-1574.8364,20,118.988387
-1510.98,13,118.988404
-366.5628,43,118.98841
-1026.8159,2,119.001568
-915.8634,9,119.001662
-1046.7701,3,119.014825
-1032.0691,2,119.014899
-1029.6217,2,119.014913
-1243.2188,19,119.030218
-1174.7012,6,119.042278
-885.4819,6,119.042352
-645.07996,7,119.068254
-225.47583,19,119.06835
-1037.2854,16,119.068368
-1458.3826,8,119.097218
-949.3643,6,119.136019
-217.80975,37,119.149926
-1081.713,7,119.149973
-2368.0696,23,119.167402
-1030.685,2,119.179466
-809.4826,13,119.192041
-884.35016,7,119.204323
-995.6624,3,119.230536
-1686.0809,11,119.230611
-196.64148,27,119.26165
-1168.4382,9,119.26173
1958.1326,82,119.261749
-922.0302,18,119.277285
-3247.4973,29,119.277338
-950.4751,7,119.277347
-469.94733,19,119.292918
-1198.4463,22,119.306893
-1938.7747,5,119.331477
-1665.4485,14,119.36735
-1840.94,7,119.381727
-693.7064,16,119.381818
155.24854,22,119.395911
-1330.5797,7,119.407945
-638.436,14,119.40803
2922.0535,79,119.438245
-1346.2816,14,119.438323
-986.6424,4,119.438338
427.0345,42,119.606586
-2266.8025,7,119.606694
-972.3442,4,119.606716
-1032.5273,2,119.606725
-960.014,4,119.60673
1109.8806,49,119.619333
-1271.5182,4,119.633486
-1483.9795,7,119.633607
-1352.855,33,119.650312
852.7879,51,119.671826
-1751.8516,6,119.696062
-1947.1313,38,119.696151
-924.90515,19,119.709288
-1553.1328,8,119.723032
-1170.2174,5,119.743325
-1411.4197,4,119.758014
-1914.197,43,119.781457
-1986.0399,13,119.799781
-1387.3894,14,119.82404
-942.43225,15,119.824153
-1140.0413,9,119.836756
-1032.466,10,119.836834
-949.36475,4,119.848955
1212.6118,64,119.863451
-1023.0175,9,119.878527
6.769104,25,119.933701
-1528.5967,51,119.945369
-1038.0946,2,119.959208
-917.90955,10,119.979059
-947.83453,10,119.979145
-903.9294,27,119.996303
-473.84088,43,120.02284
-908.4548,10,120.022913
-1796.8579,15,120.036885
-997.7674,3,120.036962
-1047.05,13,120.053348
3848.5024,101,120.053436
225.13757,44,120.053454
254.77307,23,120.069415
-1059.8688,3,120.069533
-1200.6604,8,120.069554
-469.89346,31,120.084209
-1042.5245,5,120.095702
-1004.9809,4,120.105954
-951.64105,5,120.118384
-988.9738,4,120.131407
-1850.4019,12,120.131515
-335.46802,21,120.144755
-2320.5684,12,120.144834
-888.3293,6,120.14485
-1373.7694,7,120.158813
-794.22534,8,120.172448
-1021.89386,2,120.172541
-931.826,9,120.172567
206.15808,29,120.185688
-1460.4824,5,120.201114
-802.2337,7,120.201193
1429.1818,48,120.201211
-977.81866,5,120.22583
-1629.3752,6,120.225935
-1004.01697,3,120.241826
-1054.94,3,120.241902
2395.7244,55,120.255683
-1022.8582,2,120.255782
-1040.3986,2,120.268709
-1073.0479,17,120.268787
-993.05817,5,120.268803
-1153.6416,9,120.296447
-1295.8315,11,120.325714
-2571.1743,13,120.326081
-1100.3141,8,120.354412
-1251.1343,24,120.366584
254.76874,47,120.379609
-964.8513,4,120.379696
-1010.1116,20,120.405496
-1535.1191,21,120.405564
-208.72089,43,120.431433
824.53455,72,120.43154
-616.10535,13,120.452176
-2964.7463,12,120.452299
1941.847,57,120.465858
-2433.3433,6,120.46592
-915.91315,22,120.490791
-1809.6776,15,120.490861
-1080.9835,8,120.504368
-1048.681,3,120.504449
1699.5375,79,120.504469
4126.2227,77,120.516465
-1404.4314,6,120.536166
-2166.7576,17,120.551058
-1026.0803,3,120.551141
-766.97363,7,120.551158
-1041.074,2,120.565351
-432.81915,20,120.624126
-1340.0393,16,120.624203
150.34235,24,120.624221
-752.15344,17,120.665291
-1461.8555,18,120.683512
-1033.7927,9,120.698631
-836.90515,5,120.698739
-895.7959,15,120.722322
-1881.5674,8,120.742525
-1867.7996,17,120.742624
-891.0882,5,120.742659
3634.498,78,120.760665
437.9956,46,120.760739
-1363.957,54,120.760752
-872.79565,37,120.773723
-571.93555,20,120.79402
-1033.1283,3,120.794108
-996.9833,3,120.807256
-1076.7833,9,120.836834
110.93384,32,120.836935
760.939,27,120.836953
-738.96924,8,120.849314
1165.2759,45,120.849422
-1034.8826,5,120.86161
-777.1835,8,120.875016
-1058.6208,4,120.888331
-1044.2605,2,120.921199
-1108.7896,6,120.933423
-1300.323,28,120.933524
-714.8971,11,120.957627
-47.273254,23,120.957773
-246.35748,34,120.957798
-1251.2435,15,120.971324
-1017.4272,3,121.009826
-786.12317,16,121.0099
-1388.5074,22,121.009917
-1050.6389,3,121.009925
-2193.9937,13,121.023811
-1001.9313,35,121.023887
-1353.7902,10,121.023905
-1068.0273,2,121.04087
-3518.033,17,121.040979
-1646.5566,33,121.041003
-1102.1978,4,121.068558
-973.85535,4,121.068676
-955.72107,9,121.068694
-274.28143,45,121.097927
-1063.1412,3,121.114918
-3725.92,17,121.115024
-971.84204,7,121.126417
-1024.835,2,121.138859
-2260.5527,16,121.151793
-1111.4187,8,121.151895
-145.1278,31,121.15193
-1025.9946,3,121.166353
4.7509155,42,121.166468
-1542.4294,11,121.178406
-1044.2637,2,121.207979
-1278.6467,13,121.220736
-1753.8685,20,121.220811
-1129.6621,12,121.234179
-1019.78564,7,121.259512
-475.48065,16,121.283278
-1218.4001,11,121.295677
-804.53455,24,121.295763
455.8899,41,121.326616
-593.24524,21,121.326744
2624.9922,78,121.373569
-960.3271,4,121.373658
-115.05945,30,121.393172
-1022.3911,4,121.436162
-967.8374,6,121.46164
-2410.2744,25,121.476121
-2322.8457,14,121.476193
-952.26917,11,121.476207
621.7368,51,121.553895
-703.6974,19,121.554014
-1025.814,2,121.577095
143.604,33,121.592607
1094.7064,56,121.606141
4.0578003,29,121.606206
694.3656,36,121.633743
-2864.894,12,121.63384
-1412.8228,19,121.648942
297.06427,41,121.649032
-997.8475,3,121.671176
-3365.4453,32,121.686094
-1190.5217,17,121.686191
-2011.6069,8,121.700823
-1006.579,4,121.700911
3131.7026,70,121.713525
-1667.6965,18,121.713608
-990.22656,3,121.726014
-1594.7788,12,121.739126
-1023.7293,6,121.764066
-1006.6922,5,121.764148
-1130.8678,5,121.777508
-666.3219,57,121.790979
-2382.2693,44,121.791059
-964.6173,5,121.809496
2905.4197,90,121.80958
-1271.8235,12,121.834941
-1044.2473,2,121.835047
-511.70648,64,121.883915
-990.2281,3,121.883993
-1616.6338,13,121.912355
1652.4324,55,121.912454
-1091.0278,28,121.938623
-1044.9182,5,121.954241
-1514.6216,6,121.967344
-1044.1401,5,121.979638
143.06372,40,121.979733
-860.8228,14,121.99788
-2242.892,17,122.020066
-1032.2155,3,122.033413
-1564.4401,6,122.033491
-1033.867,2,122.046129
-209.00934,33,122.064775
-998.1779,6,122.064896
-1419.3097,9,122.064925
-1015.92505,2,122.064933
-245.17969,18,122.10123
1583.6283,47,122.129534
-361.72125,37,122.129628
-1390.7208,4,122.129644
558.6809,36,122.154902
-346.36,27,122.154986
-313.3275,18,122.16849
-1085.5947,26,122.168688
-1045.181,2,122.184752
-1106.8966,15,122.184831
-1060.5415,3,122.20942
-1046.0455,2,122.232212
-757.83856,13,122.244148
-1110.7604,6,122.24422
-1808.3235,9,122.244238
852.2629,46,122.26965
-1272.9924,11,122.269845
-1042.8567,2,122.292308
-3165.7065,17,122.29241
97.263245,24,122.30389
-897.2604,6,122.315059
-349.4544,45,122.315164
1575.3943,77,122.343443
-818.22876,13,122.34351
-1089.321,13,122.343526
-1301.3291,22,122.3568
2185.1003,83,122.3569
1824.6296,93,122.369131
-1508.8369,11,122.402684
-1723.7888,10,122.414889
-937.80396,5,122.426393
-1862.1033,16,122.438814
-2313.4924,9,122.450655
-2849.262,10,122.475075
-2087.1772,12,122.489588
-1080.0514,3,122.489675
-732.81573,8,122.50508
1472.7968,52,122.505174
2754.1616,96,122.505192
-787.91766,8,122.519629
-2841.8367,15,122.537267
-1264.135,3,122.537347
-1440.9473,18,122.537394
-40.37622,27,122.583988
-1477.12,6,122.584114
-1001.9505,41,122.598005
725.3204,43,122.610679
-935.71576,7,122.611054
1736.337,67,122.626531
-879.50714,6,122.626614
-1017.8547,2,122.654995
-996.9214,4,122.668498
-1666.4829,6,122.681464
-826.6872,6,122.711563
788.55023,42,122.712219
-968.2227,3,122.730523
-954.78955,4,122.775316
-1229.9554,14,122.795331
-716.6771,20,122.808871
-1078.5494,3,122.831574
-2332.0415,13,122.849585
154.90686,26,122.865443
-1459.1926,13,122.865533
343.40875,31,122.902862
185.7547,24,122.902951
-1379.54,5,122.935182
843.5412,43,122.979757
185.71368,30,122.979813
-1837.6771,9,122.979826
-1316.3497,16,122.979833
-1914.793,13,123.003181
-1272.852,16,123.019743
-1465.7748,64,123.019825
-784.5138,10,123.019839
887.4091,51,123.019845
-100.43787,33,123.033055
-1039.065,4,123.033139
1379.4604,50,123.033158
-837.05005,52,123.065411
-1028.196,4,123.089334
-778.83575,14,123.101237
-1508.1519,13,123.113086
-3040.562,10,123.113168
-1848.6416,7,123.127779
-781.2926,8,123.128307
-2399.4727,10,123.156527
-1896.7161,13,123.156666
-431.39832,22,123.189152
-2079.1604,6,123.189265
-871.41174,21,123.199659
-2280.716,6,123.213701
-988.324,4,123.213762
-958.32263,15,123.213775
4360.8994,106,123.253856
767.90436,59,123.284093
-1154.9711,8,123.298719
-3415.9595,10,123.298796
-2656.6147,14,123.327087
-2606.7607,23,123.342878
-970.56396,6,123.343009
-582.28564,16,123.343035
-293.95618,21,123.354815
-1517.7372,4,123.396268
-1109.5027,4,123.396391
-924.9997,14,123.411696
1783.8191,63,123.430153
-839.42456,29,123.442793
2533.1628,57,123.442898
3042.507,99,123.481847
-2339.9155,13,123.481951
-1354.3239,4,123.496665
-921.27344,30,123.509735
-1520.188,13,123.525153
-407.61438,17,123.525244
-1044.8273,2,123.538944
-450.4931,16,123.551982
-1051.373,38,123.552076
-3211.482,42,123.563534
-2470.5107,3,123.592198
-339.1635,28,123.592276
-1736.0714,12,123.59229
-2961.1768,12,123.606164
1458.8451,97,123.606244
-1007.79456,4,123.622468
-1108.3846,8,123.635135
-2288.7617,12,123.650804
-995.9032,33,123.65141
-1663.2712,4,123.651453
-1195.3457,18,123.66269
2166.5574,75,123.662788
-1034.6794,2,123.678005
-1044.2637,2,123.703289
-1510.3351,13,123.728656
-1643.3789,10,123.728754
-1419.6328,7,123.745075
348.25812,72,123.745165
-783.06384,21,123.780015
517.56006,28,123.780094
-1477.7738,5,123.793233
1257.4377,49,123.793321
-929.35913,5,123.805149
-2890.7292,22,123.836249
-1181.9413,17,123.836343
1481.8253,46,123.849833
-907.1288,37,123.866801
-699.94336,17,123.892923
-1003.05914,4,123.893027
-1013.3491,3,123.931436
1481.48,47,123.947435
-1344.7341,12,123.947594
-1702.1886,12,123.962431
223.57086,32,123.962521
-3680.601,18,123.97847
-2325.8809,10,123.996143
-834.6077,27,124.028485
-1217.8875,13,124.052861
-940.334,26,124.06724
-933.1881,6,124.067399
-1347.5856,3,124.06744
-827.03723,13,124.085126
-168.0315,34,124.115664
-1189.7507,4,124.129571
-1495.468,5,124.158673
-543.0199,33,124.213193
-1881.5645,9,124.243366
1.1029053,60,124.243471
-453.63757,31,124.258598
296.56628,34,124.283776
-665.2117,9,124.283873
-1068.1648,4,124.319499
-1151.1035,7,124.319587
-991.45557,3,124.334639
-950.19824,4,124.355088
2684.2212,54,124.369759
-1208.158,29,124.3828
-1579.385,5,124.398108
1732.8628,54,124.398182
4241.1357,83,124.398202
157.2301,30,124.410875
-1494.1665,24,124.423738
-647.2113,33,124.423842
-1044.2257,2,124.423862
-919.4051,5,124.44133
-1058.7743,13,124.441407
-1062.09,3,124.441427
159.0224,28,124.477422
-1034.8749,3,124.477524
621.8852,34,124.477543
-1301.8619,4,124.492883
-1809.671,6,124.492954
-2211.0737,4,124.506709
-988.3981,35,124.519587
1480.3217,51,124.535049
-1295.0757,11,124.546755
-2170.7163,28,124.546848
-1083.4501,14,124.560473
-781.5559,10,124.560571
-1114.073,6,124.599108
-1025.2662,2,124.629381
3400.7114,67,124.649464
-190.01819,21,124.666767
-1039.1888,13,124.695954
-1715.7886,17,124.696034
2348.8662,74,124.696053
-667.9944,11,124.709207
686.47675,58,124.709311
-1027.2361,2,124.719759
129.63062,26,124.719845
-1753.9841,18,124.751662
-2463.9038,22,124.805058
3993.8472,92,124.819533
-1080.9802,25,124.81964
-698.1433,9,124.846525
-1046.8925,3,124.861691
-2195.931,15,124.861797
-948.8986,24,124.899387
-989.6111,4,124.91482
459.26855,58,124.933257
-4162.389,46,124.933353
-1410.7216,20,124.945454
-858.65186,17,124.945555
534.9659,33,124.957823
-1418.8903,10,124.957904
-1041.2313,3,124.957921
1058.087,69,124.971727
-1803.6921,9,124.971804
-1455.4056,6,125.007687
-1370.6333,4,125.007784
-1430.8885,11,125.041384
-1054.6875,4,125.063745
377.77997,27,125.063834
-701.14734,26,125.078923
-881.1939,10,125.07901
-1544.5018,6,125.096061
-1013.2824,3,125.096159
-977.16034,3,125.13534
-1657.044,14,125.157144
336.71356,32,125.182143
-713.1127,21,125.208946
-290.18262,46,125.209038
-2307.9465,14,125.250915
-1508.2614,29,125.250985
-2651.1226,33,125.251001
-1336.1465,14,125.265717
-128.94067,24,125.289916
53.07904,55,125.290014
-1308.3035,13,125.329392
-674.99963,28,125.329695
-1377.9929,3,125.329729
1077.491,60,125.329739
257.2657,57,125.342049
-731.2604,7,125.342139
204.42706,30,125.355017
-2150.995,18,125.369458
-961.14465,4,125.381926
119.64807,55,125.382022
398.82074,59,125.38204
-1303.4324,11,125.394407
-988.91534,4,125.394538
-929.5661,13,125.422412
-1457.112,17,125.435038
-1959.1226,12,125.455584
-1526.641,8,125.455677
-1258.0568,40,125.612541
-824.41956,7,125.612649
-1736.5708,12,125.62677
1099.4407,58,125.626849
229.13672,62,125.663517
-301.44678,35,125.663601
-948.9287,4,125.67494
-1029.786,5,125.675068
-985.5708,10,125.697142
-2477.885,9,125.710111
177.70874,36,125.710221
-1049.9644,13,125.747387
-1331.4955,6,125.761038
-625.75085,12,125.776702
-1390.7529,4,125.80431
-1335.8687,10,125.804378
1130.5343,45,125.815654
-1690.219,17,125.815747
-1121.0173,24,125.827664
3836.4736,90,125.827756
-167.61499,26,125.850754
-1041.1075,5,125.876249
-1320.0643,9,125.892749
-1693.2118,27,125.89286
396.2066,27,125.912368
-477.01422,43,125.936601
-889.4607,4,125.952463
429.00385,35,125.952825
-1644.6965,4,125.966639
-556.854,26,125.992106
-1335.7872,11,125.992179
-859.8045,20,125.99221
-990.19147,3,126.006774
-739.4115,15,126.057544
-1015.26953,7,126.057957
-1044.2253,2,126.093761
-904.62427,28,126.093833
1389.3738,49,126.093846
-203.45044,55,126.093852
-241.28784,28,126.103706
-1076.0687,4,126.136958
-1710.3684,6,126.161759
-1400.0199,15,126.162127
-828.8215,7,126.177443
-1407.266,26,126.193701
135.99475,48,126.205019
-1025.3506,2,126.236642
-2402.9922,17,126.236747
892.4353,37,126.236764
-806.913,7,126.280148
343.7155,25,126.292398
-1963.7487,14,126.292475
-1371.677,32,126.311625
-1014.51074,3,126.339996
-530.45013,21,126.356413
-51.80542,25,126.356503
-1000.5242,7,126.382102
-559.6432,14,126.395942
573.04694,37,126.415012
-2099.6343,17,126.415118
-884.9574,53,126.431117
1342.7511,68,126.431206
-887.2719,6,126.443939
-1128.7935,11,126.472935
-1271.5382,5,126.484663
-1027.1875,5,126.509572
-1021.65796,2,126.543
-978.10114,6,126.56777
-1301.6237,14,126.591085
-1248.4722,25,126.591164
469.63898,33,126.60376
-2724.5942,14,126.615482
-1052.0396,3,126.630027
-991.1588,3,126.630121
-36.087097,25,126.641317
-1042.4078,3,126.664912
-849.0745,32,126.677858
-920.1714,21,126.689298
1052.2764,58,126.7019
-1618.638,40,126.71575
-1077.2549,4,126.715825
2439.3794,65,126.715838
-478.9203,47,126.733325
563.4943,36,126.733424
-985.7611,7,126.733443
-1507.7233,29,126.776341
3908.7195,71,126.776383
315.98175,32,126.776392
-1572.5751,12,126.776397
-1021.99023,5,126.791222
-2018.9323,25,126.806505
-720.4844,7,126.818583
-909.7301,4,126.831914
563.8171,62,126.857211
-1084.0039,11,126.87134
-976.6313,3,126.871461
-869.42786,7,126.871476
-1227.7024,5,126.883792
-1910.938,8,126.900794
818.11835,64,126.900865
371.60907,43,126.942195
-178.32782,28,126.942276
-1676.6274,5,126.942293
-850.03796,5,126.942298
-584.2291,20,126.956952
-1845.2869,11,126.957029
2037.8821,82,126.970616
-876.2024,6,126.970698
-1026.7715,2,126.982274
-1066.9114,4,126.997174
-1059.0756,3,127.015363
-991.55725,20,127.01547
-1098.365,18,127.028966
215.86517,24,127.029076
-961.33344,4,127.0291
-1023.6252,2,127.054677
-844.7212,8,127.054742
-713.1938,24,127.070217
-1593.0981,49,127.099564
-1024.73,5,127.099702
1057.612,41,127.099725
-953.9146,6,127.099732
-1429.5774,9,127.12102
-797.25574,6,127.133691
-2573.7427,13,127.133782
563.76794,31,127.133795
-699.2772,21,127.156791
-972.1652,6,127.171884
-1020.26306,11,127.171948
-349.42206,20,127.171963
-566.50146,29,127.171969
-1018.77466,4,127.183229
-1359.5289,6,127.211277
-1908.535,8,127.224495
5505.7144,124,127.235546
-1370.518,6,127.246733
-806.05707,7,127.259892
-1263.7762,7,127.26
-1475.4443,32,127.291394
-1261.6758,4,127.315455
-973.6306,5,127.328526
-992.58704,12,127.342383
-1857.6296,30,127.342474
1229.2979,55,127.370809
-2974.7278,16,127.370875
-999.90125,4,127.402273
-2190.1099,14,127.402639
-180.06207,24,127.424678
148.24213,32,127.424762
2115.088,61,127.439088
-1168.8582,11,127.451759
-1377.6936,6,127.464179
-634.5836,23,127.490286
-1061.4934,7,127.523784
-1609.7566,14,127.523903
126.45215,46,127.54008
-868.49646,9,127.54016
-2068.1677,16,127.575423
-2073.999,4,127.575509
-992.0668,10,127.57553
-1071.0881,4,127.592899
-2177.847,42,127.59298
-860.7237,5,127.593001
936.64435,39,127.628657
-1071.8997,8,127.6438
422.0904,41,127.66791
-1042.4004,7,127.694154
-678.5377,42,127.724934
533.4796,35,127.738188
-887.18176,6,127.738274
-1186.6993,12,127.759983
-1025.2673,3,127.77483
-1068.8359,2,127.774959
-1338.3413,75,127.791224
658.10706,53,127.807964
501.34113,33,127.828156
-745.89056,25,127.828252
-926.41315,6,127.843598
1706.928,40,127.843666
-1026.3821,4,127.858778
877.99457,64,127.858861
-325.1151,18,127.858878
-2592.514,19,127.874283
-418.6136,57,127.8859
-761.6996,7,127.885994
-1155.6094,4,127.907786
-1526.3721,37,127.92087
-993.58234,3,127.920947
-881.46594,6,127.920966
-2084.1746,9,127.949959
-2231.3867,9,127.950048
-899.6924,37,127.950067
-837.9273,9,127.963425
-928.1066,27,127.984669
-916.7676,6,128.006891
-1030.5731,3,128.038847
586.84155,30,128.038941
-658.7333,12,128.038959
-896.89795,11,128.070644
-1221.2925,8,128.070754
-2026.3303,6,128.099147
-906.3738,13,128.112373
-303.13647,44,128.112468
569.5192,62,128.124161
-1869.0981,5,128.137626
-1053.0516,3,128.149171
-475.6856,27,128.158906
-924.3291,16,128.176487
-1068.2614,5,128.190049
-488.0166,24,128.223269
931.3857,36,128.223361
-1414.1633,38,128.22338
-1618.4265,40,128.223385
-1014.95166,2,128.22339
-1209.594,7,128.251114
-837.6321,15,128.251214
1526.4053,59,128.275871
-2595.28,19,128.30037
-1094.731,9,128.337867
-871.9971,30,128.337929
69.41388,27,128.337947
-2033.6564,12,128.379297
-995.6583,4,128.396329
-928.084,4,128.396388
-1050.8711,4,128.396399
-808.9162,12,128.406289
-2217.5762,9,128.418953
266.73785,25,128.445864
-760.03766,18,128.463087
-823.21326,6,128.463174
-72.263794,19,128.477436
-1224.4321,6,128.477519
472.50726,51,128.47755
-3780.0625,40,128.518019
-1628.7183,5,128.553754
-2090.2676,9,128.594312
-823.0996,23,128.594398
-1826.3735,16,128.624363
370.40912,27,128.624464
-1636.3933,12,128.652861
-1284.2361,60,128.652957
1106.748,41,128.665772
-1050.8633,18,128.681744
-835.9739,36,128.681841
1689.7461,60,128.693294
-981.34955,3,128.731901
-1780.9641,42,128.731986
-1014.7789,5,128.732003
2228.5593,63,128.745423
-1002.51166,4,128.745511
-1378.6514,10,128.745531
-160.12958,42,128.756893
-1295.3395,4,128.788972
-1071.588,11,128.789049
-1822.1666,5,128.802408
-966.7076,4,128.802507
-1090.1554,24,128.802521
-990.2117,3,128.827618
-490.86453,17,128.840934
-1620.8293,7,128.841025
-1284.1282,12,128.867641
-2247.1018,58,128.877937
-1042.1583,3,128.898293
131.51971,62,128.898374
-955.06793,12,128.898392
16.034485,26,128.910748
149.42297,37,128.910812
-1022.54846,2,128.929403
-1349.8918,3,128.962164
3158.8389,103,128.962247
-1497.9812,17,128.988455
-983.75867,3,129.001187
-1622.9496,13,129.016357
-1544.175,25,129.016461
-3252.1167,8,129.016488
-569.21875,19,129.055993
-733.79224,11,129.071575
291.15363,27,129.09899
-1037.2893,2,129.128661
1494.248,65,129.128757
-1982.0549,47,129.128778
1120.3251,54,129.173011
813.2059,28,129.173429
-1427.105,4,129.229944
2328.242,52,129.244291
-466.74866,18,129.244407
-709.23517,8,129.244429
-555.73804,34,129.271687
-1030.535,18,129.271773
-1817.7708,6,129.330031
-966.81757,11,129.330101
-21.54596,32,129.330116
-801.4231,8,129.345704
-2819.9404,23,129.345808
1727.9065,62,129.36533
-1040.9777,20,129.365413
-244.6853,38,129.378439
-2374.638,26,129.378525
-773.51953,8,129.39104
-1266.5914,5,129.404314
-1597.3446,4,129.404392
-1043.7441,3,129.404408
-2932.7656,28,129.418698
-1005.9071,3,129.418821
-995.04346,3,129.439324
-1593.3579,8,129.453925
-1027.6382,9,129.454002
-2054.967,5,129.467788
-735.75867,46,129.467891
-292.28723,20,129.529135
-1451.7332,18,129.529242
-1871.5813,62,129.529256
-1706.8568,6,129.5427
360.7021,45,129.568282
-1011.386,3,129.58177
-963.9073,4,129.581835
603.7196,32,129.581848
-867.59,6,129.615753
-1038.7706,2,129.615835
577.2285,39,129.615852
-1346.2205,13,129.64952
-1041.8306,4,129.649605
-1021.7111,3,129.688575
-491.0658,20,129.688658
-869.14404,5,129.688674
1787.314,56,129.709841
-1239.6489,17,129.724278
-1861.8713,9,129.724369
-562.59174,19,129.724385
-272.47894,22,129.745668
-1467.7131,24,129.745773
-1284.2418,9,129.755915
1336.248,56,129.769096
-410.49268,24,129.769253
-265.48956,31,129.79217
-983.9712,3,129.7923
-974.29065,6,129.803088
-1088.2269,7,129.803174
-1030.2152,3,129.83215
-1917.0258,9,129.832221
1873.4502,74,129.855382
-169.55981,33,129.855461
-1686.1604,5,129.869733
-1412.1829,10,129.869805
20.600952,35,129.869823
-1559.5908,9,129.882359
-783.97534,10,129.882443
-991.3352,4,129.904709
-1181.7651,10,129.919872
345.52435,47,129.919935
-1093.989,5,129.919949
-1007.2972,4,129.919956
-885.18427,6,129.953232
-1338.7236,14,129.966218
-92.26538,27,130.015481
-1941.5217,21,130.029975
-1042.641,12,130.042412
-1189.1823,28,130.054397
-196.24615,34,130.068245
-1043.0391,20,130.08543
-2579.1528,14,130.085504
-1521.2227,12,130.099002
-2302.629,12,130.099068
-1274.8259,13,130.11235
-455.80475,21,130.126008
-925.90674,31,130.139742
-958.9601,7,130.152475
-1091.6952,8,130.152551
-1069.5557,8,130.178344
-129.27008,46,130.197861
11.319275,76,130.224024
-304.6408,23,130.236627
235.67804,40,130.288016
-1963.0828,15,130.288141
-1739.6516,18,130.32531
-2049.269,23,130.34577
287.50024,31,130.35992
-957.38,5,130.359983
1173.366,38,130.359997
-971.93365,19,130.371424
-1033.7712,2,130.393821
-1364.9868,19,130.393939
3134.1155,66,130.420368
-626.6732,20,130.436072
-1362.2103,5,130.43618
-1011.75433,2,130.450476
-1257.5717,5,130.45085
-1744.7769,26,130.46771
-448.48322,21,130.479997
-1922.4254,21,130.491022
-325.45264,26,130.51215
-36.64026,39,130.525605
-916.4129,6,130.525693
-1006.9214,2,130.551007
-1385.4912,8,130.551083
6130.313,135,130.5511
-1069.3633,3,130.551108
-822.6117,18,130.551114
497.4024,33,130.564263
-1029.4823,2,130.580289
-1117.7236,12,130.620882
-2436.4844,12,130.620947
-1013.80707,3,130.620961
-1312.5347,6,130.635595
1236.7043,47,130.673464
-1044.0603,4,130.673551
-1097.3708,14,130.673568
-1130.8999,11,130.700577
-3593.235,54,130.712197
-1373.5874,7,130.712287
1699.1436,60,130.73337
-3061.0747,16,130.744637
-1021.4698,7,130.769001
1027.7744,32,130.782421
-952.8303,5,130.796499
-822.989,17,130.796605
-1094.4177,8,130.821432
-925.2906,5,130.835521
-188.62689,22,130.846255
-1702.0184,6,130.858254
-1343.582,3,130.872893
-1218.945,31,130.886645
-294.8944,26,130.902291
-1955.5487,10,130.931633
-1124.7026,33,130.944824
-998.5851,4,130.994888
-200.86255,21,130.994977
1685.7408,55,130.994997
1103.5334,44,131.007642
-980.01874,3,131.033581
-1073.1892,13,131.033665
-2342.184,6,131.033683
-3959.6104,24,131.079068
-244.09271,61,131.101365
652.0306,30,131.101449
-2281.4082,15,131.101469
1575.5845,69,131.12588
2733.9956,97,131.137773
-994.9568,54,131.149451
-1012.95166,2,131.182058
-1052.9619,4,131.182435
-3228.6416,11,131.195301
-2025.3555,8,131.210704
-730.44714,9,131.210777
-1017.65906,2,131.23575
-316.05908,18,131.251216
-1012.2848,5,131.251292
-2326.1729,16,131.267065
813.95575,40,131.279034
-2976.7764,7,131.2908
-876.2472,6,131.291351
-916.489,10,131.32225
-699.26,29,131.32233
212.75903,50,131.337514
-222.93982,37,131.350167
-50.198853,72,131.364621
-1009.14636,3,131.364719
-1464.544,6,131.377498
-861.56384,9,131.377554
57.50586,50,131.377564
-26.586487,41,131.377571
-1543.5596,35,131.39272
-1026.6385,2,131.422148
-85.62091,22,131.448114
-1131.2898,8,131.448195
-1569.5724,5,131.44821
-1008.9101,13,131.461105
2121.7505,79,131.473894
-982.52484,3,131.614821
-342.33057,33,131.630197
-256.15692,18,131.630297
1444.113,37,131.64468
-928.20337,11,131.64477
-380.38263,15,131.657307
-1139.0366,5,131.67319
-1204.0745,15,131.703437
-979.4107,4,131.703563
2893.3918,68,131.703592
-825.5764,7,131.731967
-1032.8169,3,131.746011
-1028.0947,9,131.757757
-1029.9045,10,131.757838
-1034.1432,3,131.778024
-2516.415,25,131.778109
-74.24963,42,131.819875
-1370.7947,6,131.847321
-53.00708,25,131.859621
-2438.2747,12,131.876297
-269.16425,21,131.876406
286.79968,38,131.93298
-1488.513,6,131.956139
-1021.3431,4,131.979198
-39.554993,60,131.979272
-1700.355,11,132.005187
-1896.836,12,132.005305
-834.62024,40,132.032013
-1174.1035,5,132.048221
-965.91644,34,132.048349
-934.1919,4,132.060107
203.99005,35,132.073585
-1621.1055,9,132.102822
2518.2026,79,132.102916
701.1955,53,132.102936
-977.11957,5,132.115424
-1142.4956,4,132.128929
-1883.0977,35,132.128992
-1078.9907,42,132.129007
-385.14148,27,132.141398
-993.49835,3,132.141486
775.336,67,132.155421
-2148.0703,10,132.167222
-996.2271,3,132.186037
-1042.2994,2,132.198626
-322.70612,39,132.1987
-2330.5337,5,132.198719
-1375.3364,13,132.23573
-1152.9734,6,132.250861
-1062.7827,4,132.261639
-1037.214,3,132.28979
675.15076,57,132.302894
-1535.6951,16,132.332884
-1553.647,14,132.345654
-118.10077,47,132.360862
-1738.1528,11,132.387713
-2322.183,23,132.429079
73.44586,40,132.429177
531.66235,56,132.465568
-1573.666,10,132.478778
2081.4097,69,132.478873
-1009.0506,3,132.50834
423.10907,49,132.508426
2248.581,54,132.508442
-1896.021,27,132.520067
-1129.0522,11,132.546227
-1023.82886,2,132.546311
-1026.0787,14,132.546329
-2789.7312,30,132.560397
-375.8109,57,132.560486
-1755.5156,4,132.560502
-739.4556,6,132.623932
508.8675,32,132.635398
-706.46173,15,132.635511
-2083.3582,6,132.635535
-756.7667,8,132.665154
-1564.7866,9,132.665291
404.69208,47,132.665335
-1772.0903,33,132.665358
-1034.034,3,132.679325
810.70447,53,132.699468
118.78088,67,132.713693
-1023.38525,3,132.71377
-439.47104,30,132.713786
1272.1467,46,132.713794
-414.68732,29,132.713804
-1985.6943,7,132.728939
-967.3204,5,132.74683
-1811.1184,8,132.786593
-847.5825,8,132.786678
279.57172,48,132.800231
-1356.4429,4,132.800315
410.12823,39,132.813197
-1024.9905,2,132.81327
-1020.0905,7,132.813288
-1543.2191,10,132.827061
-1027.7701,2,132.841865
-1100.9468,9,132.841963
470.97882,25,132.856593
-1028.1857,2,132.872109
-1083.2612,3,132.872213
-932.6258,4,132.872229
-1283.8871,5,132.884186
-2.2331543,24,132.90054
-1019.41895,2,132.900632
-1287.8484,14,132.915907
-1311.9083,15,132.915987
-1218.6821,8,132.916005
-1111.8994,3,132.937762
-1029.6799,2,132.937835
-829.4819,7,132.952415
-914.6069,6,132.964692
664.0096,53,132.964826
-2089.5251,8,132.977575
-1012.74,5,133.00402
-1345.6556,8,133.032047
-1822.8816,9,133.032154
-843.2991,24,133.07015
-371.2984,24,133.070271
-983.40594,3,133.085376
-623.287,30,133.085514
-1926.9253,52,133.111383
-87.70624,32,133.111448
-533.51013,16,133.111464
443.67786,45,133.123038
603.89453,43,133.123117
-68.65399,45,133.123133
-910.65497,5,133.146093
-718.8726,8,133.16279
-989.5656,4,133.179379
-988.632,3,133.179488
-843.8114,6,133.179507
-845.136,16,133.203485
-1755.7091,9,133.228984
-1425.5287,7,133.22907
1342.3777,46,133.229086
-983.3511,5,133.256501
-1025.8367,3,133.275399
-1126.7562,21,133.290218
-1785.7719,10,133.290683
-1360.5452,9,133.311453
-3907.1328,24,133.324707
-1055.049,14,133.371245
241.75372,45,133.386108
-1443.2026,14,133.418647
713.8488,68,133.418714
-153.47388,33,133.418728
-1044.2637,2,133.443846
-1327.2087,13,133.462607
-712.91656,15,133.491036
-1302.7444,3,133.510633
508.9555,27,133.510717
-1025.2632,2,133.53421
818.7707,36,133.534294
-1117.4808,9,133.552002
-177.65002,28,133.552073
-957.3376,5,133.563568
-1323.9918,10,133.600743
-2048.868,47,133.62335
-1714.8362,5,133.635902
-1449.5822,31,133.65076
-1030.1321,3,133.664182
-182.14227,50,133.664268
1698.499,60,133.690781
437.7774,25,133.690856
640.48816,38,133.690875
6.7681885,44,133.716612
-1337.68,3,133.758656
-822.3873,6,133.779011
-2603.1968,15,133.794067
-1044.148,2,133.79417
-1949.0776,12,133.819825
912.4176,39,133.875054
-1307.4009,15,133.875144
419.95355,25,133.897936
2620.2612,64,133.910984
-289.04657,39,133.938928
-1662.2573,13,133.950663
-486.6496,20,133.970022
-1280.5367,13,133.970096
619.4015,29,133.970114
-290.10974,24,133.97012
1758.5457,53,133.982355
-1034.4458,3,134.010082
-1131.1056,3,134.010176
-870.5344,53,134.024072
-1330.9696,11,134.024149
-1010.03314,4,134.024166
-1593.9163,14,134.056277
1758.278,89,134.070528
-584.23816,31,134.086065
-701.5211,9,134.100352
1026.608,51,134.116482
722.1752,42,134.128689
-1540.0134,4,134.150108
-438.0536,26,134.150194
-1117.1077,7,134.179406
-1551.0662,21,134.192495
-1785.2666,18,134.192575
-1814.519,13,134.192596
1939.8638,55,134.205969
-1020.7811,4,134.206063
-962.96094,4,134.206081
-1104.8716,7,134.206089
-980.71,3,134.226485
-830.1626,17,134.248631
-1838.8076,26,134.277664
232.25537,74,134.303601
-1386.5231,13,134.317075
-163.84802,36,134.31716
-990.2349,3,134.338684
-781.521,24,134.351267
-868.7363,7,134.369598
-965.9696,3,134.39656
-3299.7407,15,134.419297
-771.78986,21,134.419386
2670.1685,58,134.419401
3085.217,91,134.459376
-1298.2554,4,134.45949
-283.87976,32,134.473895
-1016.8389,2,134.488359
-893.53687,6,134.501875
-1369.5186,14,134.515641
-2019.4534,7,134.515818
-2225.2983,40,134.528534
-1038.4585,2,134.541188
-628.0337,24,134.541263
136.29315,43,134.558741
-186.0268,25,134.559239
-856.0486,7,134.581296
-864.8732,26,134.581386
382.82715,36,134.581405
803.9014,76,134.598234
-985.50854,4,134.608664
-1006.43146,2,134.608725
-1160.3696,20,134.640882
-973.2233,4,134.640997
-1118.8007,4,134.64103
-1902.054,7,134.673059
-1002.56824,3,134.6902
-1501.5454,6,134.690288
-1950.4602,12,134.72416
-1044.2356,2,134.753737
-1526.3667,18,134.771822
41.073425,31,134.771922
320.2556,37,134.783995
-1403.7726,3,134.825956
349.15686,44,134.845407
-942.31116,4,134.856701
-1761.499,23,134.868637
-1131.2013,26,134.882252
-2230.8586,17,134.894722
-1656.5189,16,134.907015
-1223.0569,19,134.919428
224.12292,21,134.919515
-1039.3044,11,134.933999
4406.438,87,134.934078
-1295.0876,17,134.934111
103.83484,39,134.949557
1376.336,64,134.949647
-1032.4624,2,134.949666
-1041.0145,2,134.973081
-1566.5352,7,135.001279
-958.35474,4,135.001402
-1755.0315,22,135.001446
-1373.1284,9,135.001457
-1854.4165,14,135.033612
-1737.1995,12,135.06404
-1142.6262,9,135.064176
-1931.1799,16,135.078162
1631.6555,61,135.113039
-1229.3567,8,135.12548
-2808.047,11,135.141397
-1030.7205,2,135.141481
-828.8708,7,135.166805
-1581.033,7,135.18283
-1470.3295,10,135.18295
424.6289,43,135.19629
-1238.1228,23,135.248325
-1736.1309,34,135.248405
-1956.8977,9,135.261283
1409.7004,55,135.2614
-498.31757,23,135.275191
-944.4976,7,135.275284
-1026.1936,2,135.288975
-993.2734,8,135.289361
-1005.46765,3,135.289415
1392.2905,54,135.312545
3032.3687,79,135.326014
1107.1415,36,135.326128
-979.4352,4,135.341342
-1391.383,12,135.363009
-584.57495,14,135.363083
-998.0753,5,135.363097
-2323.2886,21,135.363103
-1269.3301,19,135.388222
2087.2153,68,135.407037
-878.3681,5,135.407166
-853.55115,8,135.40719
-1133.9031,19,135.407199
-1525.9785,9,135.407206
-1792.2063,11,135.423392
-1042.8544,6,135.423601
-1547.1841,5,135.435929
99.29089,57,135.435998
-1963.5413,14,135.472635
-828.9951,6,135.487889
-1271.4487,34,135.487959
-934.58057,4,135.487974
-1274.1936,6,135.502354
-971.3854,7,135.502498
-981.2627,3,135.530054
97.34741,22,135.559513
-920.4254,14,135.55962
-1780.0862,46,135.586311
-720.9348,13,135.603915
418.7032,43,135.613951
564.2165,45,135.637463
-1416.1825,12,135.672999
-1027.5215,13,135.687551
-2083.2207,9,135.687625
-3407.8918,7,135.70088
-1043.6865,2,135.715473
-25.264221,25,135.71558
980.85486,61,135.730663
-462.39587,20,137.290342
-461.1836,26,137.290452
-1725.8027,27,137.313602
-917.6407,15,137.32465
-959.26025,5,137.324739
-981.25226,6,137.360267
-217.21606,25,137.360382
-428.59076,21,137.373772
-1437.2992,15,137.373828
-854.9138,14,137.406944
-964.67145,9,137.449528
-872.4453,6,137.466315
-831.2493,8,137.485371
837.43536,74,137.50953
6.629883,40,137.522298
-1073.376,11,137.52239
-2424.6167,7,137.561297
4863.653,130,137.571829
-1184.7451,19,137.571922
-1710.7324,8,137.586514
-1805.2908,33,137.60107
-1153.8159,8,137.617347
-230.13708,33,137.680543
-1574.0402,12,137.680615
-979.6817,7,137.680632
1939.2319,59,137.69573
1433.939,55,137.695841
2535.8472,60,137.719054
597.70526,37,137.752279
-825.02783,28,137.763639
-1019.6444,2,137.784441
-823.43823,7,137.795382
3118.8696,62,137.795436
-760.36084,8,137.795447
-232.55011,21,137.80502
1671.1321,43,137.830604
-1156.7223,17,137.830673
1600.0264,59,137.830686
-1022.13055,5,137.862814
-1783.7622,7,137.88781
-1596.9124,16,137.920672
-929.63617,4,137.935507
1952.8005,63,137.935592
-258.95905,28,137.961408
-1061.8564,4,137.984899
-1062.4529,4,138.006718
2580.3784,84,138.006796
-2856.875,15,138.031448
-1121.6421,11,138.031533
-1201.2228,9,138.054397
-1046.4697,3,138.054547
-3009.9043,45,138.06917
-1023.1798,7,138.081308
1464.6953,59,138.093771
-1000.3798,4,138.093867
269.6433,25,138.13152
-827.0342,6,138.131605
379.92334,43,138.146652
2005.8931,70,138.159077
207.56732,37,138.190495
-1604.4545,10,138.205034
641.6223,58,138.205166
-788.6537,12,138.205184
-1248.1052,22,138.218076
-2502.7588,15,138.218168
-1289.5818,28,138.218186
-937.5846,47,138.218193
-3602.9858,7,138.235538
-1504.1265,8,138.247281
-1013.636,3,138.258299
-446.03528,13,138.258382
-978.98914,9,138.271373
-979.7231,3,138.285171
-1210.8582,5,138.285259
-1351.405,6,138.29654
-2274.1426,8,138.310537
-1715.6902,4,138.336306
-734.0951,10,138.336382
-1338.6616,10,138.336398
-1309.3416,4,138.361619
-931.7536,7,138.37671
2079.9397,51,138.377159
-1344.6979,3,138.37721
-94.51117,57,138.390385
-2831.7192,11,138.403837
-1158.367,9,138.416432
-2401.289,17,138.41652
-1019.27924,2,138.429587
-1081.2694,7,138.429664
-1448.937,14,138.441423
-975.46265,4,138.474143
-1048.0396,8,138.486887
2386.7488,88,138.52481
181.96844,33,138.540378
-655.543,24,138.540449
453.4848,53,138.552043
-1452.6345,14,138.552124
824.98315,35,138.563558
-979.33386,3,138.584796
-839.8752,8,138.598544
-1641.3918,13,138.613232
2507.2595,66,138.628747
-241.53381,19,138.656886
-1965.2997,17,138.670442
-1220.018,9,138.680687
2018.9365,68,138.694133
-425.6208,15,138.74091
-543.7062,13,138.740977
631.92316,39,138.752662
-1581.1553,14,138.778362
-1580.0204,17,138.797052
-987.7348,2,138.820187
-724.2698,15,138.836547
3780.1455,76,138.836679
-1038.0326,2,138.836703
-2324.783,32,138.836709
754.12256,75,138.836715
626.2685,41,138.846364
-961.52875,7,138.859236
-1039.6925,3,138.878243
691.19037,53,138.903465
-875.2849,7,138.926432
-2551.1301,29,138.945131
-352.28326,20,138.945213
889.93365,44,138.956589
1508.1521,67,138.985013
-1322.9603,12,138.985101
961.3732,37,138.996941
-986.91504,4,139.010251
897.71954,46,139.02231
170.45782,25,139.022399
-1323.6198,15,139.279094
-1361.6504,7,139.279184
-1305.5295,45,139.290654
-1728.8109,4,139.317463
2009.449,47,139.340462
-1624.8221,7,139.36009
-103.79773,32,139.371535
382.6551,28,139.384053
-496.45493,16,139.441156
-1329.2817,9,139.464357
-1136.1735,25,139.477705
-842.85876,14,139.477769
-2903.2695,23,139.477782
-1231.4329,16,139.491772
-1142.9556,10,139.519585
-3667.2185,32,139.54271
-992.68134,3,139.569675
-1440.0302,36,139.607937
-836.93225,18,139.608029
564.3839,46,139.618801
-953.6389,6,139.641381
-1822.1292,6,139.651802
-1885.9949,18,139.663707
1248.3674,46,139.673614
-1020.58105,3,139.673697
-812.4571,13,139.673715
-1627.5895,14,139.700622
-2984.6167,19,139.72398
-1163.5797,12,139.752249
262.96887,35,139.752324
-921.8149,7,139.752342
78.625,30,139.790942
1743.987,44,139.805376
-977.3684,10,139.80547
-967.3233,5,139.818951
3861.41,71,139.844451
995.2021,57,139.890744
-1206.8021,8,139.904783
-912.7015,49,139.904878
-1310.42,5,139.956908
-665.7058,14,139.971969
-1044.2637,2,139.999906
533.73944,55,139.999979
2618.7,82,140.012687
711.5157,39,140.028085
2193.5889,55,140.039156
1810.8936,68,140.053129
-441.74445,21,140.080143
-185.87006,36,140.080229
-673.28235,25,140.08025
-644.73083,9,140.117506
-485.77924,25,140.142854
-428.75488,31,140.158947
-1288.0907,10,140.159368
-1053.3326,4,140.171621
433.80316,25,140.171709
506.03973,42,140.221946
-840.4866,6,140.239945
-274.26807,52,140.276342
-795.7428,31,140.312013
1741.5541,60,140.326003
-751.9932,9,140.34201
760.171,47,140.342086
-1012.30597,3,140.358115
-818.51965,51,140.370978
-1597.3525,22,140.371068
2795.8743,65,140.371086
720.257,38,140.414578
-217.6756,29,140.429
-1879.648,5,140.429074
-869.3372,7,140.441485
-968.8519,5,140.441625
3503.74,101,140.453186
-1019.46954,2,140.45328
-1052.0994,9,140.4698
689.2634,61,140.481005
-976.7599,36,140.481075
-2134.0083,7,140.515685
-1075.3344,11,140.530676
299.3161,42,140.530735
-885.82635,33,140.530775
-1169.0189,9,140.59854
-3349.1848,8,140.598615
-813.2639,19,140.598633
403.58722,45,140.655466
1277.5659,73,140.655572
-1065.9915,2,140.655589
-99.147705,26,140.667123
-1640.6174,11,140.703514
1345.5093,47,140.723055
-2187.3088,15,140.723154
-949.06683,6,140.737746
-1756.4023,10,140.765048
1046.4155,41,140.765138
-1279.0232,10,140.765156
-855.2471,5,140.791083
-1024.2761,2,140.791224
-1305.2739,6,140.809371
-2062.6562,13,140.836517
-985.7954,26,140.849326
230.06738,54,140.849389
-1021.34924,8,140.87665
-1871.2312,30,140.876717
-1323.7126,12,140.876733
-1622.1882,6,140.890651
-95.68378,36,140.907089
-1031.0518,2,140.907166
-186.6377,31,140.919598
-952.7795,9,140.9197
477.82245,33,140.934019
-372.93866,27,140.934135
-1067.8466,3,140.946767
-1567.6145,12,140.957959
330.91656,51,140.972072
2553.7046,57,140.972215
-930.4756,4,140.987473
-2451.31,57,140.987535
-757.10516,8,140.987562
-1332.632,5,140.987568
-1409.0786,61,141.011287
-1021.19476,4,141.021789
-1472.2822,34,141.021881
-1185.1775,5,141.032787
-1335.8441,7,141.071701
-897.13965,11,141.087156
-1549.0917,28,141.127357
-1334.2721,10,141.127479
-1034.0972,16,141.127496
450.643,35,141.140124
-1036.2472,2,141.15572
-263.98303,17,141.155803
-929.4222,4,141.155831
-1459.1672,36,141.167109
-613.5676,15,141.202632
-1084.9633,5,141.227748
-583.5298,15,141.244393
-1114.9718,7,141.258494
-540.4596,34,141.314793
-442.91827,22,141.328064
-1162.1376,9,141.328154
-1052.0778,14,141.340902
1887.9203,57,141.340965
-1551.6641,15,141.340981
656.5315,34,141.363454
126.98859,24,141.363554
-1038.0002,2,141.363575
-798.2258,5,141.376266
-434.95502,29,141.390463
-949.88153,5,141.390624
-73.23651,34,141.401948
-1327.3613,18,141.415087
-480.46808,27,141.415449
-1898.3494,7,141.429451
484.39642,48,141.429533
-606.2477,17,141.449751
-688.6107,8,141.46573
-915.7258,6,141.465827
-451.55716,30,141.489903
447.90295,27,141.489981
-1950.0642,5,141.532863
-908.7648,10,141.54563
-2930.9045,12,141.545693
-1088.402,4,141.545709
-2636.3818,15,141.558895
-1031.2194,2,141.558982
-1542.9124,10,141.559001
-96.27222,45,141.570223
-1637.6156,12,141.570291
-634.50836,21,141.604005
-1696.3567,18,141.604109
-1016.4118,3,141.61684
4037.8232,85,141.64077
-1184.823,13,141.640846
-1165.3408,6,141.640864
-1394.4797,7,141.654202
-969.79596,4,141.654309
-328.22614,18,141.672769
-592.46936,20,141.672857
-1018.2632,4,141.707986
-1573.8269,12,141.720901
-1179.3724,9,141.746825
226.18695,31,141.757682
-927.3623,4,141.772628
-1038.6865,6,141.786326
-1326.1259,18,141.807966
-2983.296,69,141.808064
-6552.613,20,141.830588
-1927.891,4,141.830678
-1739.4639,18,141.858418
621.2884,45,141.872829
-1468.2063,11,141.894683
-1680.4924,48,141.894767
1233.7954,41,141.937864
3433.331,77,141.93796
-864.3972,4,141.952856
-623.64014,11,141.95292
-338.30585,29,141.966417
-1835.6729,13,141.966496
-388.93994,24,141.980227
-890.9643,6,141.980337
-851.22656,16,141.980369
-1008.6607,2,142.009115
-1066.1587,3,142.022544
-1160.1564,12,142.035049
364.30273,27,142.048137
-1098.6133,7,142.062231
645.68774,37,142.09416
-1054.9977,5,142.106924
1600.801,91,142.10703
-2828.931,12,142.119757
-1390.8647,5,142.133003
-989.40204,4,142.16127
-1069.2394,9,142.173293
-157.18896,41,142.240626
-1066.1992,10,142.256426
-1108.154,10,142.290393
74.55841,48,142.30267
-620.07715,14,142.322343
-845.18164,7,142.344425
-1356.3813,4,142.356224
192.72052,37,142.356302
-1009.28644,2,142.386082
-1041.9521,3,142.398386
-1075.8529,2,142.410964
-1022.7694,2,142.425891
653.43585,31,142.425994
-1253.3622,4,142.463807
-1253.0126,10,142.479028
-462.88275,15,142.493228
-1055.4033,50,142.507976
780.3582,74,142.508048
30.985596,43,142.520308
-1007.40607,2,142.520408
-842.477,29,142.574554
956.89,48,142.607893
-1596.6705,9,142.607987
-833.07996,7,142.620125
2226.6726,50,142.644808
-1032.2164,2,142.670008
-1464.8325,18,142.670115
445.50543,29,142.703681
3447.3447,81,142.756377
-1352.0664,12,142.756471
-767.0791,26,142.769676
-1174.831,21,142.781661
25.980225,42,142.794461
-1267.9241,12,142.815699
-155.39209,24,142.815763
2603.0083,87,142.82679
1148.5693,66,142.851921
-2132.1814,15,142.85202
-1344.2417,4,142.865412
-1603.5966,8,142.901919
-1664.4324,10,142.920539
6085.267,130,142.920635
4565.902,109,142.939829
-2783.995,14,142.955426
-1028.1985,2,142.955516
-1027.7966,2,142.955533
-873.23694,6,142.955539
5314.331,86,142.96885
240.17303,76,142.968928
-1030.119,2,142.98351
685.6463,38,142.983856
1599.4708,66,142.983891
3689.7986,87,143.008465
-1622.2766,5,143.008546
-1047.2849,3,143.025246
-974.59467,4,143.025321
-1421.4912,14,143.025336
-962.3552,10,143.025341
1531.5957,75,143.046759
-938.7591,4,143.046828
-1005.71106,3,143.075042
-1802.8751,14,143.075141
-1024.085,3,143.089684
-775.4059,9,143.090189
-743.2751,9,143.115972
-1022.8688,6,143.116048
-1250.186,5,143.136297
-931.44434,6,143.163915
-1276.2551,4,143.18572
-131.62695,45,143.210254
-926.61145,7,143.246237
-189.33832,22,143.246336
-575.94116,42,143.2708
-1987.5868,27,143.270876
-1022.7466,5,143.270894
-1471.5856,50,143.284297
-666.86926,33,143.284392
-1657.4575,17,143.284415
-1219.3507,15,143.29867
-1330.5425,22,143.298765
1798.6055,58,143.298782
-949.2871,5,143.313026
-285.22736,22,143.313148
-963.91876,6,143.350108
-1304.0707,8,143.350185
-942.25116,26,143.362277
156.89838,32,143.375401
659.39594,61,143.375491
-697.9854,9,143.38763
-1479.6229,9,143.387706
-1576.8204,7,143.399047
-2902.4768,18,143.421904
-991.9313,2,143.444561
-1031.279,13,143.458181
-817.6583,12,143.458273
-935.2709,7,143.468392
1153.9122,36,143.484217
-1110.6321,11,143.497746
-1017.84717,3,143.49784
-1444.301,15,143.512538
-963.03186,4,143.512619
254.13263,32,143.527974
-2004.6135,11,143.543388
-2077.0132,19,143.543475
-1735.0264,13,143.543495
-1039.8713,3,143.557653
-2078.125,11,143.557729
-1026.995,2,143.568723
-989.3502,4,143.568807
-1530.7935,4,143.599657
-1262.3334,18,143.62131
-787.3952,9,143.621392
5085.5737,116,143.66652
-889.8655,9,143.666593
-1665.3257,8,143.666616
-1371.3982,27,143.666625
-9.246033,46,143.693722
-880.4657,7,143.693789
1939.7805,71,143.72031
479.71442,31,143.720399
-974.8038,4,143.743826
-1081.8392,14,143.760139
-1008.2466,23,143.805039
-513.89954,19,143.83323
-1047.4794,27,143.868607
-846.3397,14,143.883568
264.65466,36,143.883645
-608.18567,10,143.897413
-201.49371,41,143.909379
1536.439,66,143.928097
-1774.6917,29,143.955017
-1737.0798,17,143.95509
-1033.0818,3,143.955103
-877.6432,11,143.955109
-508.07263,25,143.966424
-2326.9194,41,144.002868
-1605.1934,5,144.021167
1292.9673,40,144.021248
151.93652,30,144.038087
-1041.1987,2,144.047397
-361.9804,25,144.059202
-764.13525,30,144.071911
-2556.9165,17,144.106626
502.74628,42,144.106739
-990.23584,11,144.119614
-1918.6753,8,144.119719
-1801.5381,33,144.119739
-990.26263,6,144.131721
3931.1914,103,144.173269
-1628.0034,5,144.185597
-780.88354,8,144.223102
3659.8047,93,144.237104
-1057.6328,9,144.249014
-1017.24756,3,144.260629
-1162.3446,10,144.273642
3301.2388,74,144.306629
-1077.9908,8,144.306705
-723.14014,18,144.335995
193.04315,49,144.356717
-997.1009,3,144.356809
-1081.1138,6,144.380423
-1048.3228,33,144.380501
846.3426,50,144.380516
-952.4415,5,144.393156
-1046.4569,3,144.393236
-1205.383,37,144.418162
-988.05334,4,144.430437
-1132.477,33,144.430558
813.6472,43,144.443069
-358.60022,29,144.443203
-463.5879,28,144.469643
-1801.1875,9,144.490258
-1990.1831,8,144.507632
-2063.8054,18,144.507721
-1959.658,10,144.522815
-1145.5752,7,144.522891
1435.6165,56,144.547131
-970.12976,5,144.547221
-1077.2987,4,144.547242
-1097.4502,4,144.559223
-1255.3018,15,144.571694
-3143.9062,11,144.58549
-1297.1613,29,144.595939
-1583.6829,7,144.640064
-937.3627,10,144.654564
-759.57715,6,144.654649
-1451.83,37,144.654665
-3841.862,12,144.667932
-1112.2979,50,144.668001
-1459.4504,10,144.682839
860.7838,32,144.705589
-906.89594,24,144.705671
-1279.9495,5,144.71802
-1031.9552,4,144.730758
452.82587,34,144.745992
-1549.3722,8,144.759008
-3001.604,15,144.759131
-1690.7805,13,144.771054
-310.29346,65,144.795734
-2995.2385,11,144.79582
-734.00415,7,144.795838
-2384.8135,10,144.795845
-357.14697,27,144.810861
-1296.2148,13,144.810958
-722.85596,22,144.810989
731.8076,64,144.823961
-3153.3965,14,144.84582
-758.1272,9,144.845906
-1566.2297,12,144.873825
-2086.589,34,144.887018
-458.27463,34,144.899612
-619.5414,24,144.899687
-1296.9856,4,144.899702
-1550.4363,10,144.922472
-1265.6672,5,144.943055
-1061.0488,8,144.963306
-924.18854,5,144.978837
-958.20557,5,144.978918
-308.90906,14,144.993308
-1517.1599,13,144.993399
-1037.9849,6,144.993417
-1323.3386,13,145.006241
-1138.2141,19,145.244089
-2641.6445,19,145.244171
-1401.8616,16,145.257645
-917.8907,5,145.278496
-1073.122,5,145.278598
-1038.6628,3,145.300179
157.3169,23,145.311885
-829.341,23,145.345592
-835.5201,5,145.345716
-1130.9401,32,145.372305
-1278.7991,15,145.432473
-1992.9777,20,145.449902
1582.677,49,145.449996
-756.6076,15,145.462494
-1031.6545,20,145.476349
-1829.8641,19,145.48858
3639.8,89,145.522837
368.2807,36,145.547289
-1026.4418,2,145.547368
3091.5894,99,145.5702
2897.5105,69,145.570273
-2701.3813,9,145.570288
-971.9464,15,145.590387
3645.9448,89,145.590473
-1033.6057,3,145.590491
-2049.4788,4,145.606334
-241.76886,20,145.632213
-1744.7476,27,145.632324
-349.3938,21,145.644142
1683.102,48,145.644232
-1593.9092,14,145.679213
-1691.9648,17,145.679287
-1438.8672,8,145.679306
-267.11316,28,145.69244
-1298.0913,4,145.692542
-1046.3536,8,145.692563
-2206.58,16,145.692573
-966.40784,31,145.70724
-593.62146,20,145.707375
-994.1359,5,145.70741
-1225.0018,19,145.719849
-2106.1174,10,145.719944
-938.0087,4,145.751943
-990.4473,5,145.764767
-942.6676,5,145.785482
1089.824,43,145.810679
-1558.7472,10,145.810755
-898.4179,51,145.824805
-1069.6067,4,145.824886
-1042.7214,12,145.849723
-937.5582,4,145.862254
-1394.0184,14,145.879879
-1130.1943,14,145.879953
-705.12695,13,145.879971
-2610.4675,23,145.879979
-994.108,5,145.879986
-945.9793,5,145.950031
2758.285,68,145.963321
-95.700134,57,145.963642
-1390.4978,21,145.982917
-697.6947,29,145.997952
-1264.6431,9,146.011622
-3427.1836,8,146.057355
-1273.6543,9,146.090788
-1041.6233,2,146.090923
-583.8416,15,146.090945
-371.0871,35,146.107602
-593.83936,39,146.107696
184.94257,38,146.107717
-1115.0884,11,146.134031
-872.375,5,146.164993
-1255.3673,15,146.179451
-457.1175,62,146.179538
242.72266,37,146.193941
-946.4056,7,146.205032
-1066.6536,2,146.205129
-940.2084,6,146.246729
1545.526,73,146.246807
-1028.0863,28,146.246826
-1212.3323,47,146.27121
1286.0818,39,146.306801
-1622.8267,16,146.3176
-1073.4121,3,146.344884
-1806.1985,17,146.344977
-1057.4681,11,146.345024
-2175.7844,13,146.358974
1648.1023,38,146.35908
-871.4885,5,146.388736
-1025.4254,2,146.388813
-837.06635,11,146.400768
-873.0639,11,146.400838
-1060.7937,3,146.431027
-1313.9143,23,146.431094
891.36005,39,146.43111
-1573.3235,16,146.431118
-962.4088,4,146.447101
584.331,48,146.459142
668.1174,42,146.478996
-1040.5577,3,146.479078
-1394.5293,8,146.479096
-984.5816,4,146.500848
-1747.8914,46,146.514076
-40.963135,37,146.530095
-776.1947,9,146.530191
-1023.5159,2,146.541034
-1079.8228,14,146.541109
-938.4421,4,146.556427
-934.5119,21,146.570757
-721.2881,9,146.5971
-1074.783,18,146.597171
-874.0933,5,146.611137
-806.41626,7,146.624125
-928.3786,3,146.641398
-809.08356,8,146.641481
-457.94794,22,146.654522
-1407.9357,3,146.654589
-1101.6482,9,146.668907
-1072.777,3,146.682356
-1962.5406,21,146.719658
-1044.3667,3,146.719732
-1706.498,13,146.731593
669.8593,54,146.745295
-1833.0222,13,146.803353
-1048.3903,8,146.826452
-1536.5068,13,146.826539
-2059.068,8,146.836967
-2617.6943,15,146.858656
-1029.5021,2,146.858725
897.8729,45,146.874005
2033.5319,86,146.874165
-1822.0667,34,146.903849
170.99945,32,146.921185
-2329.2925,12,146.921278
-1028.7697,5,146.944329
-879.1504,6,146.956332
-1042.2922,4,146.956395
-1039.12,2,146.984221
-1146.2378,11,147.008869
-564.7942,42,147.057697
751.8521,43,147.057797
634.82166,48,147.074449
-884.3622,18,147.086347
-868.49207,38,147.098176
978.19574,68,147.155878
761.8679,41,147.189412
1787.8584,57,147.212161
4317.49,78,147.212531
-969.7103,10,147.223666
-919.27466,17,147.238843
-2600.887,28,147.238908
-2243.085,10,147.277788
-1326.0878,5,147.277872
-949.0293,7,147.307474
1646.8114,53,147.319264
513.8443,35,147.31963
-1134.2943,11,147.332431
-1025.4556,2,147.342195
-1584.0574,29,147.342277
-1774.7299,10,147.369216
-976.5287,3,147.383965
-2424.6145,8,147.384052
173.0357,31,147.398742
-834.3679,36,147.39885
-1277.0311,27,147.410859
-1337.6611,3,147.410938
-1052.667,8,147.423829
4774.95,117,147.43824
-1102.7596,3,147.438364
-915.33167,11,147.45231
-964.57935,3,147.467138
-908.3366,5,147.482458
-1039.5398,2,147.482581
-1281.7009,32,147.499136
-2525.4412,17,147.51286
-1044.2593,2,147.512967
-1032.7704,5,147.51299
-1420.3276,10,147.524032
-572.33093,47,147.553087
-1062.8314,15,147.553168
-1002.3686,4,147.567323
571.58185,55,147.567408
-541.8214,13,147.580576
-951.5688,6,147.596604
-1005.7655,3,147.596699
-1334.3801,40,147.596715
-1023.35345,2,147.609097
-690.1911,11,147.647803
1859.9626,71,147.688486
-768.0405,8,147.702929
-429.51416,23,147.70303
-1400.3896,12,147.753948
-986.4565,8,147.75403
-413.85303,21,147.771374
-2857.8398,15,147.77154
-784.9401,15,147.771585
-737.8989,9,147.832831
-622.249,10,147.832971
551.8722,36,147.832991
-694.8214,24,147.854375
-1622.9175,23,147.872345
1099.8267,69,147.893028
-1106.6649,8,147.89312
-223.24219,34,147.893137
-986.47876,5,147.913755
-2304.3457,11,147.933506
-2005.3644,11,147.950986
-228.56342,52,147.963981
7740.695,165,148.013318
-261.4875,55,148.013393
1699.254,98,148.029843
-1282.1266,14,148.044016
-1029.8995,2,148.057331
-997.5785,3,148.081971
-538.8063,28,148.111743
225.6524,36,148.124006
-1201.5513,16,148.124076
-1702.1382,13,148.124093
-485.13257,18,148.137816
-1003.80786,3,148.152483
-868.27124,19,148.166339
-1203.6334,3,148.16643
-471.76318,21,148.166445
7070.95,150,148.185838
-1000.91034,2,148.197766
-1435.7712,5,148.223282
-538.85425,82,148.223392
-1546.3264,8,148.234082
-1260.2231,12,148.246615
-898.2781,6,148.263126
-1015.8122,2,148.275302
-702.51685,10,148.275378
1109.1567,37,148.288939
615.81244,60,148.289026
-1169.2202,36,148.289045
-596.6824,26,148.289052
-1104.2207,18,148.302995
-1259.9587,7,148.316489
1528.3867,51,148.316638
-1028.6265,3,148.327962
-1015.14197,13,148.340677
-447.98523,12,148.356122
-801.4669,5,148.356219
-1103.9392,6,148.368106
-1137.2941,11,148.368192
-919.16125,6,148.415241
-837.4573,7,148.415305
-921.7978,30,148.415321
-1203.0951,31,148.434892
1341.9421,69,148.434963
-1020.24097,2,148.447874
-1219.7483,7,148.447955
-1857.1698,13,148.462143
-2369.0989,12,148.474039
-1902.4719,10,148.50651
-739.3257,28,148.506617
-1088.6951,5,148.519067
992.2967,41,148.519161
-1739.3779,10,148.56407
-1964.3845,10,148.564148
-1113.1477,10,148.590069
-882.631,8,148.616425
-1023.33026,2,148.616502
-1172.97,5,148.628604
-1027.1426,2,148.641024
-2244.964,18,148.674547
609.46014,25,148.674739
1790.4167,86,148.69743
-1030.3927,2,148.709196
-35.14563,65,148.720645
1232.4312,62,148.742778
231.77338,36,148.754602
-329.74323,25,148.802749
-1828.1995,13,148.802837
-1403.4745,8,148.814599
-881.0379,7,148.827869
296.55267,31,148.827966
-1052.0289,3,148.840848
-1650.727,34,148.866684
-1359.6376,12,148.876962
-1026.4349,8,148.904222
2033.9624,49,148.916516
-1169.8867,15,148.943097
1297.6042,60,148.957859
-945.25494,4,148.957936
-1010.51135,2,148.968128
-1078.5089,8,148.982654
-175.65424,38,148.998189
-1317.2296,13,148.998257
-864.47974,6,148.998271
-1024.601,4,149.011191
-871.3735,4,149.036216
-839.8965,7,149.048608
-1624.2561,17,149.048685
-1161.465,18,149.073713
-1375.6937,6,149.073791
233.36017,42,149.111254
-863.4794,35,149.136961
-800.74866,6,149.149
-1288.6008,10,149.183536
2810.5798,66,149.183628
1918.3269,70,149.183652
-1259.9078,14,149.18366
-2614.8303,15,149.208992
-2540.2305,5,149.209085
-46.089905,33,149.246039
-792.0308,5,149.24615
-778.14465,17,149.257018
-995.1599,6,149.257084
5115.6006,102,149.269724
-1337.669,16,149.282682
-1042.4702,2,149.310838
-184.62494,54,149.321474
-1076.737,25,149.321555
3292.0542,73,149.321572
-707.3706,49,149.33527
-1028.8301,2,149.335386
-894.2657,7,149.352881
-1737.6421,11,149.352978
-1269.4587,16,149.365596
-1035.0017,3,149.365681
-1036.0468,3,149.365699
-1491.2126,9,149.377715
-1067.725,3,149.390362
3644.3252,83,149.390446
-1021.11426,3,149.410697
-1735.7134,18,149.425035
-1067.3759,3,149.45022
-1124.0419,8,149.450302
-1005.7102,4,149.450321
3964.7075,91,149.450329
-1253.3168,6,149.460943
-1305.677,4,149.474067
2090.557,64,149.497478
187.95929,28,149.497557
-1454.3899,4,149.510615
-1475.876,22,149.510739
-694.43005,8,149.510765
-900.1795,13,149.522427
-1027.5889,2,149.545317
-1066.5546,3,149.545393
-1279.5808,15,149.567305
919.3554,79,149.567378
-2765.058,23,149.567395
3455.3696,81,149.579825
-838.70844,8,149.615092
-868.0226,6,149.640398
-1333.1997,15,149.640488
-1026.8729,12,149.675072
-1389.1309,10,149.675161
-898.02374,8,149.675173
-1318.7583,17,149.705786
888.48535,54,149.705868
-847.0284,5,149.733009
-828.36554,17,149.747571
-1719.5707,22,149.760158
1901.5381,51,149.760249
2337.999,66,149.773219
-479.96625,17,149.773346
-1278.0786,10,149.797838
-1017.9169,4,149.812701
645.97626,35,149.842716
-848.55786,7,149.857382
-939.233,5,149.871031
-1719.9004,15,149.895744
1485.0227,47,149.909514
-862.86584,8,149.930246
1275.5728,39,149.930365
-1455.909,17,150.009495
239.69067,33,150.009605
-1044.1697,7,150.023833
1632.5618,54,150.037178
-324.03857,22,150.051164
-1009.40894,34,150.069766
-978.8831,4,150.093771
-1139.0137,3,150.093874
-752.7864,64,150.093891
-2013.7878,13,150.10571
-650.3134,28,150.137692
-1137.7305,19,150.152395
-865.453,6,150.17018
-920.8252,5,150.170259
1171.2305,42,150.184579
446.0927,34,150.184668
228.41858,39,150.196871
-1098.9207,3,150.224901
-520.791,29,150.261142
-2001.0234,11,150.291126
165.79541,40,150.291225
-1940.4863,41,150.3043
-507.05585,15,150.304384
-3518.398,27,150.323963
-1029.8704,2,150.324046
288.20905,46,150.343662
-1590.6051,12,150.356127
-917.8644,27,150.39193
-1019.49316,4,150.403726
-1500.6907,9,150.41865
1247.446,40,150.463447
-2589.6597,10,150.474549
-1199.6555,15,150.490238
-1244.6211,18,150.50128
496.11816,36,150.515896
-989.9828,3,150.515959
3327.9744,77,150.515973
-1029.0403,3,150.528495
-1718.7087,27,150.528578
-1021.02875,5,150.528599
-2131.685,78,150.543005
-108.989746,30,150.555178
993.1665,50,150.555254
-897.146,4,150.575398
-909.0342,5,150.575498
-921.62854,6,150.593725
-1314.132,16,150.608221
-1177.1368,10,150.632499
-2084.7837,16,150.632604
-1069.1156,5,150.656234
-781.775,38,150.665898
-1514.4415,4,150.679435
-777.38965,36,150.692697
-737.18555,7,150.692788
-2012.402,23,150.705048
1320.1912,48,150.705126
-687.52576,11,150.720566
-435.7213,16,150.733685
-1191.7587,10,150.763812
-1022.60504,2,150.763904
-783.9654,6,150.776793
-1519.53,17,150.776874
-955.8042,2,150.799076
-924.97974,11,150.79916
-1028.2604,3,150.818563
1515.4722,55,150.832743
3993.7405,77,150.832843
-1425.3323,5,150.870219
-944.77155,7,150.901421
-936.2571,10,150.90151
48.594177,29,150.926295
3110.8394,108,150.940662
223.30737,62,150.940743
-1571.483,9,150.953867
-395.43085,48,150.953952
-1585.7266,7,151.196183
-698.7305,31,151.226274
-1708.0613,21,151.237153
-14.271362,37,151.253682
-1013.46735,5,151.253793
-874.33765,8,151.285604
-652.1802,26,151.285699
-1032.3544,2,151.30886
0.07232666,23,151.308965
2987.9229,68,151.326116
-1025.4435,2,151.35123
-1903.6128,13,151.351313
-51.638367,25,151.396319
-712.29834,12,151.410129
-1488.5492,14,151.410215
-888.99066,6,151.424517
-1690.5715,13,151.42463
464.14825,39,151.424698
124.71417,28,151.424708
1526.2461,39,151.444979
351.2495,22,151.458505
-1748.1497,4,151.469943
1652.4961,69,151.470038
-1059.8127,3,151.470058
1867.446,58,151.52183
446.86578,44,151.540666
-1850.4697,7,151.562135
-2153.882,29,151.575763
1898.2139,59,151.575867
-2019.6519,31,151.61524
-1104.7815,4,151.626526
-566.1918,10,151.6609
2550.3037,86,151.676391
-1576.2034,21,151.710757
-1030.9403,32,151.745019
267.19885,32,151.745126
-1031.975,5,151.745142
-2094.8145,17,151.761417
-1255.0531,25,151.775608
-905.6358,5,151.791086
1374.2539,64,151.820006
-1272.8578,19,151.845009
-2058.7417,11,151.845098
-793.48663,28,151.854259
1845.7942,53,151.854379
1597.1135,55,151.88883
-2161.12,30,151.888923
-1019.42206,4,151.9108
-103.538086,45,151.910897
-975.9211,10,151.910917
-1032.6613,4,151.924042
-1263.1992,10,151.924166
-703.2593,12,151.924199
-1502.817,8,151.936955
-2277.081,13,151.974109
-1453.2075,6,151.995594
-996.07745,4,151.995663
-2799.2495,18,152.006107
193.86896,27,152.006183
1013.6945,42,152.029277
-1016.758,2,152.05234
-2775.3855,11,152.066172
-1192.367,12,152.080604
-861.5916,49,152.080701
-737.5425,7,152.092383
-1018.7175,4,152.106887
-786.00146,8,152.106983
-901.94543,18,152.106997
-251.10706,40,152.118193
-1291.8467,6,152.148654
-794.5956,59,152.163319
1869.511,56,152.193002
-1362.0985,13,152.255815
-2804.749,58,152.2559
-1329.5862,12,152.270683
-879.77625,11,152.270755
725.0539,31,152.322265
163.2702,31,152.348149
-1858.5635,6,152.36517
-617.979,19,152.380897
782.08453,86,152.443335
-952.9828,20,152.464956
1462.5632,74,152.479698
-147.54065,44,152.479839
-121.85632,26,152.491478
-2506.8806,12,152.51422
1450.2004,42,152.525518
-395.39624,32,152.549958
-1066.0734,5,152.55005
-1862.7019,13,152.550071
527.56934,40,152.562064
722.82074,43,152.591775
-1284.5524,5,152.591878
1062.5154,60,152.606604
-1390.0759,7,152.670863
1192.7368,55,152.716235
1170.3431,56,152.716337
-1672.5065,24,152.71636
-1502.7515,11,152.734399
-1596.2483,38,152.734479
-204.50226,35,152.734494
-1748.346,5,152.748636
-1011.8732,2,152.765641
-994.30743,3,152.765729
710.7992,44,152.780312
-1748.9613,13,152.780408
-1187.2325,6,152.830362
-919.29224,7,152.830467
-895.2861,6,152.830487
-1379.3347,15,152.844683
1590.8147,61,152.893969
-894.28455,5,152.894041
-351.7603,41,152.908893
-33.19519,41,152.908966
-311.66632,33,152.950295
-862.1265,5,152.977283
108.04828,29,152.99377
-547.32043,37,153.038903
194.1607,44,153.038989
-815.64355,16,153.05181
106.31586,32,153.082733
-1066.5354,8,153.099647
-2342.1548,24,153.116127
-955.6308,4,153.116205
-2198.9368,43,153.116219
-582.678,17,153.158372
-1757.2908,12,153.180584
-1243.4174,5,153.194499
-1151.5087,12,153.217888
-586.5224,29,153.253878
-254.43512,24,153.253984
-941.64185,5,153.254005
-1628.8315,3,153.267828
-885.4569,5,153.267913
-1030.652,3,153.291736
-1320.5552,4,153.30427
1822.5962,54,153.304372
-986.0051,3,153.304392
1049.7886,50,153.362498
284.0346,36,153.362596
-2056.2092,18,153.37571
-1389.2745,7,153.387383
5091.591,120,153.38747
-2301.6538,13,153.427408
-839.32874,7,153.457327
-1465.4036,6,153.457456
-1140.5774,13,153.490737
-1037.6392,9,153.49127
-710.209,49,153.491332
775.4197,39,153.524032
-997.4296,3,153.547368
-470.68597,16,153.547464
-1790.9934,5,153.547482
-1603.4541,19,153.547489
-896.6883,5,153.547495
446.57465,30,153.561093
1332.904,57,153.561173
-981.09467,4,153.606873
-1810.7377,34,153.606966
-1859.86,14,153.643956
1251.343,77,153.658141
129.48175,42,153.658219
-834.336,9,153.671686
-0.91918945,40,153.671759
-881.6674,7,153.703986
2130.052,67,153.72809
-2470.7036,17,153.742827
-1449.556,24,153.74292
-977.0312,31,153.754514
-1029.7611,3,153.767055
3308.0151,103,153.790183
2536.7788,71,153.811671
-1410.125,23,153.828636
-1417.1042,11,153.828712
-1007.85394,2,153.8397
-1254.8634,5,153.876513
-1202.2689,8,153.876578
-783.3487,10,153.897741
-1993.2573,5,153.921488
-1872.0175,12,153.933793
-1438.3943,18,153.933893
-426.73157,23,153.946535
-1123.3306,12,153.957602
-1723.6274,4,153.988575
19.076843,43,154.014626
-1236.5272,7,154.014708
-985.6477,6,154.029203
-1393.1287,33,154.02933
-39.797913,36,154.061319
-1438.2665,11,154.076123
-1036.9723,3,154.076251
-586.1226,32,154.110358
-1053.3612,10,154.159326
3462.9766,89,154.17224
-1131.7386,9,154.184397
-2070.0605,14,154.197571
-1049.1035,4,154.217735
-704.6886,17,154.217796
-1043.7795,28,154.217823
1144.6575,48,154.217829
1023.4805,74,154.217835
1957.4429,48,154.229906
-1988.9125,24,154.230007
-2514.9006,16,154.270653
-1706.8948,7,154.270727
-1054.8301,5,154.283282
-876.7209,17,154.309384
1707.8584,57,154.350765
-1695.5398,33,154.350851
-1580.9526,47,154.363306
-1035.3868,10,154.363415
92.53693,25,154.363435
4989.124,112,154.377353
-1188.2943,11,154.377427
502.13544,52,154.377446
-1027.2145,3,154.390045
1854.6443,53,154.415022
-1397.5115,39,154.415131
-801.0743,8,154.415168
-541.46356,17,154.431764
-1278.4553,5,154.431879
-639.17114,11,154.431899
-578.26355,42,154.431906
-2933.007,18,154.472555
-1060.7279,4,154.484671
-1940.4714,6,154.498497
-1301.532,5,154.498574
-1022.84045,2,154.521655
-954.3806,4,154.522026
-919.96606,9,154.531508
-1667.6143,32,154.550038
-855.4674,8,154.619973
-3653.2637,56,154.632902
-762.2467,22,154.654116
-934.71674,12,154.668448
2299.7678,83,154.668516
-686.1652,12,154.681548
-599.0983,35,154.69477
-1019.5699,3,154.694834
-827.09546,26,154.694844
-995.8994,3,154.707352
846.84436,27,154.721444
-996.96783,2,154.721596
-335.68622,39,154.751001
-1066.3999,6,154.763055
1131.5767,45,154.804005
24.317993,40,154.804097
-349.0119,32,154.804117
-1900.5823,20,154.804124
1021.1904,34,154.816264
-1825.2705,8,154.854671
-826.7107,7,154.854763
491.18182,39,154.877728
-1984.888,13,154.877826
589.22296,40,154.877842
-1235.5962,14,154.901291
-961.9319,36,154.901373
-2417.7964,15,154.901389
-1149.8367,9,154.929035
-1019.9195,4,154.929129
-804.1113,10,154.94885
-754.15564,20,154.949247
-312.05554,25,154.960622
-1026.0437,3,154.98223
-985.69006,8,154.995851
919.3389,45,155.040488
-66.725586,22,155.040568
-945.193,5,155.053986
1103.6022,57,155.069223
-1189.0781,42,155.069356
-1011.2704,2,155.098961
-1500.3687,13,155.099038
-1042.7258,10,155.099057
-874.3472,4,155.113431
-1009.7395,3,155.152658
-834.7497,6,155.152729
-955.01685,4,155.152745
-1083.5748,4,155.152752
1358.251,71,155.195497
-1083.2319,27,155.210186
-52.342163,42,155.222463
-2278.7983,25,155.236063
1094.2954,56,155.247132
-978.08435,3,155.247213
-1033.9551,18,155.285433
-1794.4305,28,155.298799
-1010.3742,2,155.32045
-1076.9564,4,155.331089
-500.64905,38,155.331165
-663.773,10,155.342553
-1629.7357,36,155.35432
-988.97076,4,155.37023
-993.0858,3,155.395815
-1586.2197,30,155.395906
1495.458,43,155.39593
-1726.628,12,155.39594
-1044.2637,2,155.429528
-1649.5183,16,155.442839
-206.79132,22,155.442976
2617.6165,76,155.443005
-866.1769,8,155.443016
-2793.8872,20,155.467526
-789.83154,23,155.467617
-980.0853,3,155.496198
783.1369,55,155.496282
292.93298,30,155.511123
-1067.8512,5,155.523153
-749.7032,8,155.523256
-983.47565,3,155.538204
-951.8401,6,155.538306
708.82355,29,155.550626
-1578.4258,23,155.564613
720.3348,50,155.564696
-1044.9673,12,155.583525
-974.67334,4,155.600936
-991.222,3,155.614519
-840.8956,17,155.630216
-1217.5186,11,155.630325
-832.6546,7,155.649539
-1038.3746,10,155.665765
-628.67957,13,155.692427
-1121.5544,18,155.708498
-938.0442,6,155.724504
564.82086,55,155.724584
-798.6533,10,155.724603
-1036.3748,2,155.74773
-921.84467,6,155.747815
-941.8989,5,155.760873
-177.43268,28,155.760958
-1253.2314,4,155.773103
-124.13818,25,155.815076
-898.5746,7,155.815197
-1045.8486,3,155.815214
1763.8684,64,155.853107
-1077.762,4,155.864904
1222.5476,37,155.864974
-1018.4144,2,155.878663
-891.45514,9,155.878743
-1589.7087,9,155.927948
-973.113,56,155.928021
-855.0047,5,155.944211
-824.432,13,155.982473
-799.97595,36,156.022701
-940.2424,6,156.022789
-1616.2408,37,156.061378
-961.8288,7,156.079521
-1293.8936,17,156.09636
-277.08783,34,156.096432
-217.95398,26,156.096449
-2574.4563,17,156.096456
-798.9061,6,156.109429
-1326.2687,4,156.141044
-2002.3242,46,156.156858
-887.14374,11,156.209828
930.28345,46,156.244882
-996.82684,3,156.258149
-833.99304,40,156.297845
-1873.141,28,156.316712
490.59058,46,156.364098
-643.1726,36,156.364188
3126.6372,97,156.378194
-288.41663,21,156.378279
1090.1913,55,156.391754
-1026.2957,12,156.406388
-999.4377,4,156.418582
-1005.7671,4,156.430378
-1028.3247,10,156.43045
-2278.5916,10,156.442045
-1139.6189,27,156.44214
-525.3236,27,156.453414
1133.937,63,156.453493
-1007.95953,25,156.485903
-990.218,3,156.485978
-391.1148,74,156.485995
-1079.7224,30,156.501195
-2330.5015,18,156.501272
-989.27374,4,156.513139
414.52087,31,156.528547
-1657.0693,5,156.528631
2413.1062,69,156.528649
-2403.4438,38,156.539752
-1359.3903,4,156.539831
-1145.0461,6,156.562661
-456.47302,15,156.562739
-1044.2131,2,156.587898
1319.6345,50,156.600181
-1715.3495,13,156.611764
-659.70264,9,156.611853
-961.27234,9,156.626502
5858.7134,126,156.638397
-958.88025,4,156.660035
-1816.4875,8,156.660122
-4754.7593,18,156.66014
1822.5093,93,156.679964
-2761.7327,13,156.694069
-1611.1324,19,156.728511
-945.3834,2,156.765483
-985.54254,29,156.785074
950.2244,46,156.785166
-2316.1528,12,156.78518
817.82355,32,156.843951
-1788.4818,14,156.860248
-1960.2627,13,156.88249
347.0152,26,156.903801
5418.2236,141,156.9217
711.07007,31,156.934876
-966.5573,6,156.947231
-1561.7668,8,156.983613
-1352.9253,35,157.021609
5420.7847,97,157.021714
-517.5094,40,157.302925
-2455.0488,21,157.303069
-803.5887,6,157.331386
-993.62396,3,157.348986
1682.3018,50,157.349074
-98.33435,32,157.349091
-1104.1315,3,157.349097
-3733.3333,26,157.379502
1118.0625,54,157.379601
-1034.8915,4,157.428748
-1024.3341,5,157.439207
-654.7865,45,157.452207
-896.4556,9,157.468691
-284.44366,22,157.468773
-1038.1458,3,157.482032
-1022.93976,2,157.493118
1990.7903,55,157.511338
361.6435,46,157.536198
-994.74915,4,157.559583
-2636.1396,15,157.55967
-748.7612,30,157.576714
-879.243,17,157.592239
-2248.2068,41,157.592329
-957.2427,5,157.631677
955.0807,59,157.644497
1666.633,54,157.668252
-427.22394,26,157.696477
-1204.3508,4,157.696561
-1486.5273,10,157.707291
-220.77417,22,157.735774
1051.3098,53,157.735872
2786.2585,63,157.752049
4514.2695,83,157.752126
2230.8801,64,157.752143
-1154.6738,16,157.77329
-1033.8058,2,157.77337
-1130.1058,7,157.785775
13.949768,23,157.797985
-2242.8633,19,157.798065
-1113.8129,13,157.836857
-2271.8086,8,157.836924
-762.4374,7,157.862198
-1057.9407,3,157.878389
294.30023,57,157.895767
-1727.962,14,157.895886
2522.8115,57,157.941823
-2483.8828,12,157.967132
1466.9365,54,158.00482
-918.3257,6,158.004896
-1057.821,16,158.053317
1449.3953,53,158.076994
-1880.2593,19,158.091846
-1980.4447,19,158.105255
-1069.7146,3,158.120702
-1910.8092,6,158.149212
-2728.2402,11,158.149292
-1060.5168,12,158.149309
1249.3857,52,158.165796
-712.5781,10,158.18415
-1037.9701,2,158.184225
-2684.6758,5,158.197357
327.84308,46,158.2219
2417.2378,71,158.221972
-984.25684,3,158.234526
-1159.4928,18,158.282807
-1668.3605,9,158.295622
-1811.4281,25,158.295678
-1027.8477,3,158.330455
275.96698,31,158.330536
-812.49896,7,158.330553
902.5726,32,158.362125
76.890564,49,158.386065
481.32227,50,158.398606
-1042.3634,2,158.398672
-914.0104,6,158.398688
-920.624,5,158.413543
-1019.5434,2,158.426816
-1455.4551,26,158.443602
-1276.7981,19,158.497641
-1128.0629,6,158.497706
-2300.05,8,158.517291
-2742.7278,15,158.531842
327.99652,36,158.531945
-1468.543,22,158.544727
-1275.8491,27,158.557804
-1135.2136,16,158.574335
12.956299,33,158.591842
-1002.1906,3,158.59231
-3278.1338,10,158.59234
1997.2856,69,158.611377
-1453.9901,30,158.61145
-899.3407,4,158.624321
-1046.5344,3,158.640912
-1348.1669,10,158.656679
-1019.3642,2,158.668375
-1111.455,9,158.668485
-1033.6431,3,158.668504
2480.0046,78,158.689108
-1024.2399,43,158.707368
-1048.6471,2,158.721032
-301.86383,37,158.757196
1790.6995,65,158.757307
-1304.374,5,158.757328
1319.4285,62,158.825348
-557.64905,29,158.837806
-2247.0322,17,158.854235
215.37244,49,158.854312
181.89801,22,158.854326
-1029.8378,2,158.867985
-996.94336,11,158.868059
503.9046,31,158.899654
-2169.1003,11,158.911456
622.32886,35,158.911546
-1041.397,2,158.930312
-1069.5941,6,158.94416
-958.49243,9,158.958493
-1185.5917,21,158.971165
2347.4106,52,158.985317
-1071.1997,6,159.009901
-855.6124,10,159.009996
-677.94745,20,159.033227
-495.17896,38,159.062308
-725.56647,9,159.076445
761.8785,34,159.101876
-852.3724,8,159.16116
83.461365,39,159.16125
-954.31976,6,159.186537
209.88245,24,159.218267
-943.76154,14,159.238764
-890.2699,5,159.251426
-1807.5107,20,159.251489
-3928.1267,17,159.251501
1181.6294,48,159.267558
2854.3782,62,159.279476
-1031.112,3,159.279556
-995.02893,3,159.292598
64.17804,40,159.31705
-869.9174,31,159.317287
-621.99176,14,159.333181
692.2581,41,159.359824
-293.01404,33,159.410798
-1212.5865,6,159.423007
-1417.988,18,159.437459
2799.108,117,159.448309
-1574.9281,19,159.460617
-1285.5063,3,159.50412
-1202.876,7,159.517657
1225.4495,59,159.542575
-81.63989,38,159.571205
-1784.0208,10,159.581388
2368.5461,68,159.598089
-979.80035,3,159.623032
-1224.9701,5,159.636803
-209.63385,30,159.63687
-1023.1934,2,159.647359
280.87756,31,159.674368
694.679,29,159.674463
-1058.6842,3,159.686234
-968.57837,5,159.700649
2650.4548,76,159.71946
-883.3279,7,159.732556
3303.6914,74,159.747832
249.14667,37,159.809109
353.13934,30,159.820856
870.05804,60,159.842523
-1266.7336,25,159.865827
-2003.7859,14,159.880699
-871.92365,11,159.906188
-921.82166,16,159.906305
-1221.0869,16,159.922293
873.24097,59,159.922373
-1355.1268,44,159.934128
-184.91132,25,159.946746
-1101.7235,15,159.946812
-1140.5459,76,159.957836
-612.1824,44,159.970242
-1518.9391,75,159.9831
-1010.8942,4,160.004681
-246.35754,52,160.047533
-1088.4388,4,160.06256
-1920.0107,12,160.090077
-770.094,9,160.090186
-1363.6011,27,160.107803
-793.08624,8,160.107869
-1136.9803,18,160.121219
1231.4033,61,160.13516
1755.494,63,160.154835
-1889.191,17,160.190951
-1106.2705,5,160.216713
-1095.0337,12,160.26993
-1184.4424,15,160.270012
844.4548,34,160.295226
561.62787,41,160.29531
-1005.56146,12,160.29533
-124.54535,28,160.308105
-286.29156,27,160.320678
-1075.4867,15,160.320744
-1695.8645,9,160.320772
1102.811,36,160.343865
-1347.6785,4,160.364971
-882.37445,5,160.384143
-1045.991,3,160.397542
-1484.7732,59,160.397634
-1005.16077,3,160.412211
-1266.7863,30,160.424949
-1097.6221,7,160.425033
-1014.59436,3,160.439982
-1550.2593,4,160.46782
-1452.3567,14,160.479474
-1513.6046,10,160.479546
1904.7772,87,160.501225
-1132.1857,29,160.501312
571.26245,40,160.512219
-767.7072,29,160.529479
-1357.9923,7,160.551316
-997.16016,2,160.55139
-181.69922,22,160.564865
-1361.0483,17,160.564938
-1259.9406,4,160.598717
2197.4902,50,160.617422
1110.79,54,160.629569
-925.1319,36,160.642268
17.249695,23,160.664793
3896.7942,84,160.702135
-1718.763,20,160.806384
-799.07324,24,160.806515
-1011.4396,24,160.806538
-1741.164,65,160.855406
-352.8681,18,160.8835
-1260.2772,4,160.883568
-1440.5806,18,160.904372
-1534.4406,19,160.985929
-1505.819,13,161.020299
2600.3884,61,161.030117
-204.73169,38,161.045053
-310.71222,44,161.068443
-1165.9169,32,161.102345
1240.0562,47,161.102468
830.97266,43,161.197108
-831.2071,17,161.273871
1197.5911,56,161.273943
-1092.3247,3,161.326504
-1467.9678,11,161.362595
-1434.0634,11,161.506141
-1032.816,2,161.592215
1194.2358,49,161.636024
-2902.7246,10,161.828035
-2367.742,20,161.828135
-2631.0093,17,161.828152
964.28503,56,161.84598
-2006.414,14,161.860609
-708.6177,17,161.970282
-903.389,5,162.054372
872.30994,52,162.054483
32.303955,38,162.086797
-10.2052,71,162.109087
-586.0557,27,162.137397
1075.409,44,162.137479
-2234.8113,16,162.16174
3079.7168,72,162.210953
-1185.5398,6,162.211001
4573.1865,87,162.240986
-960.40216,4,162.241059
-1870.6279,17,162.286956
-1117.5715,12,162.287054
678.99304,47,162.287076
-1738.1848,9,162.327682
-1825.8423,23,162.327748
-971.47736,4,162.360076
-961.5777,20,162.360194
962.41614,45,162.378719
308.04144,34,162.400775
-1114.62,11,162.483651
9746.909,158,162.503217
-1082.1467,6,162.542853
-738.2106,10,162.542904
3194.4438,81,162.584973
-865.94385,14,162.619989
-1564.6565,5,162.63526
-1579.9714,18,162.66196
1514.441,56,162.688771
-1768.9774,11,162.688846
-3797.547,29,162.688865
-723.48846,30,162.688873
3531.8052,91,162.705175
2988.3564,70,162.705287
-833.0604,23,162.70531
828.9333,29,162.719847
-843.9019,5,162.719915
-2244.6562,14,162.746262
893.7597,44,162.807008
-884.33856,6,162.80713
-2262.232,35,162.807152
-1179.5552,7,162.832297
-989.7199,3,162.844539
6687.4033,115,162.88078
-1641.1558,33,162.880906
-1272.95,4,162.89912
-1110.1844,5,162.899203
-1154.7559,32,162.950944
-998.6191,4,162.96888
407.23718,42,162.968969
-1110.2867,5,162.982458
-1020.35297,21,163.020038
-50.90448,29,163.048417
364.69055,61,163.063396
-1029.8057,6,163.063467
1423.6577,50,163.094375
-1229.9811,26,163.09446
-2481.5542,26,163.113703
-1261.3596,5,163.125083
-1159.6619,5,163.137665
-800.80457,5,163.137721
-962.42444,4,163.15217
1458.2769,47,163.168562
-1989.4663,18,163.168657
-115.78491,19,163.190354
-1204.8086,6,163.190451
-2110.8975,16,163.204658
-1046.0062,3,163.204738
368.1861,38,163.215188
434.17065,50,163.215289
-1021.9333,2,163.215308
-1003.0778,4,163.225757
-898.3936,5,163.261839
-1133.115,35,163.275261
-1629.3174,13,163.291764
-1544.635,6,163.291836
-33.366943,34,163.305521
-1994.4998,14,163.320111
410.96692,50,163.400673
-1109.1599,17,163.400808
-639.7429,16,163.413419
658.1424,50,163.423828
805.88336,49,163.437821
1593.6309,52,163.448394
-939.3075,4,163.49608
-741.9747,8,163.52383
-392.24017,66,163.537011
1654.959,52,163.551995
-789.5095,9,163.552064
-169.0188,59,163.562468
-800.74854,14,163.587599
-587.526,28,163.601974
143.93896,45,163.60207
372.0462,29,163.602092
-1002.5166,4,163.639614
-982.16516,3,163.639699
743.16504,27,163.652657
595.61926,29,163.684414
-1366.5441,27,163.684504
-573.92334,10,163.696919
-1272.669,5,163.709496
467.72583,32,163.709593
911.6347,40,163.721562
-1031.4053,2,163.734305
-1356.9625,7,163.745902
650.48956,36,163.746
-1256.4028,5,163.758312
-1047.4368,8,163.780867
-1190.3484,12,163.793556
-1004.80334,7,163.830473
-915.8939,23,163.845375
-923.0331,4,163.845477
1051.9812,41,163.845496
-974.228,54,163.857862
-2939.4524,10,163.872673
-472.21338,50,163.872771
-126.55493,25,163.92533
3281.6973,67,163.925404
-900.9241,4,163.925422
-1216.513,30,163.925429
-781.5596,70,163.936862
-1370.3973,12,163.936939
-1007.9781,43,163.970903
543.5279,28,163.971008
-928.8854,5,164.008794
-1399.6885,12,164.008898
-719.7633,43,164.023008
-890.9673,15,164.034483
-1217.0725,21,164.034564
-569.49097,28,164.044892
-1039.2588,2,164.04496
-1074.0452,3,164.06947
-906.3735,5,164.069571
-2305.0015,12,164.090505
-89.216675,29,164.115225
483.01697,43,164.115326
-1257.8511,4,164.129779
-1104.8748,15,164.12989
-3145.4146,15,164.129911
-818.8986,20,164.148061
-305.68488,32,164.148166
-763.38696,14,164.161466
-862.79724,5,164.161569
-2378.7478,48,164.161589
-869.89954,79,164.427243
-1091.179,25,164.427319
-2232.0703,12,164.440784
-959.40784,5,164.455221
-1007.38873,3,164.47099
-1706.758,9,164.471066
-1325.2203,9,164.483119
-1542.4624,11,164.50619
-2397.7957,8,164.580653
19.186157,22,164.580717
-1086.2974,15,164.601169
963.13055,42,164.653196
-930.933,5,164.667345
-562.2455,13,164.667429
206.4317,26,164.667445
-1814.6129,24,164.685191
-757.5044,35,164.685299
752.3253,44,164.685317
-1500.4797,18,164.685325
-1027.1423,2,164.697317
-1618.4291,13,164.69739
-5.527466,26,164.733862
-1058.9194,5,164.751118
716.158,37,164.751205
-1674.6627,12,164.751224
272.98175,43,164.763288
-244.07227,30,164.779008
-976.9958,3,164.790417
-1457.1777,9,164.790498
-1019.41125,13,164.827377
-1270.6868,19,164.845074
-1756.9302,12,164.856506
-987.04236,5,164.856621
-309.86798,31,164.87023
-1006.0458,3,164.889785
786.2576,36,164.889893
-1666.4835,15,164.889924
-1381.7958,10,164.88993
1271.758,54,164.901752
-1068.1687,2,164.91741
-920.1626,12,164.91749
-1037.879,3,164.928927
-1250.576,5,164.929
-1564.3435,14,164.9554
788.6429,42,164.955493
-1477.1097,10,164.969454
-991.2215,3,164.96954
178.61395,23,164.979241
617.9106,37,164.9793
-1028.3253,9,165.00177
-904.446,5,165.001861
-1006.22284,2,165.012947
-813.7074,7,165.013025
-1016.8467,4,165.013044
1748.0178,82,165.046622
-1328.3031,22,165.068882
-1389.5918,7,165.083366
1266.2249,60,165.083463
-1199.4952,9,165.083484
4262.1587,102,165.096462
20.578735,24,165.108737
-1206.4058,16,165.124395
-2448.4834,14,165.146913
-2255.8042,7,165.16128
815.7794,37,165.174011
-1184.2054,14,165.186876
-746.77783,9,165.201083
-993.0688,19,165.252534
-1137.9177,4,165.266291
178.88153,29,165.278632
-33.918335,31,165.278714
-1120.4446,15,165.293483
-1352.4314,3,165.316437
-1288.2217,9,165.31652
-179.31915,21,165.331702
-88.49585,33,165.331768
1191.6722,48,165.348006
-629.48334,15,165.404412
241.08112,36,165.404513
-1398.8132,9,165.418199
-275.8698,21,165.428817
-191.38629,33,165.449698
-1336.3342,36,165.464694
-799.76636,8,165.464823
-1041.3456,3,165.46484
-1044.2637,2,165.464846
-528.0821,26,165.47724
-3264.1504,5,165.477409
-730.3294,9,165.495301
-899.3336,22,165.495392
-1071.1724,10,165.49541
1111.197,54,165.495418
521.41693,60,165.524452
-999.48004,3,165.524535
-935.36566,4,165.548422
-943.3555,4,165.548535
-98.47034,31,165.569153
-858.3327,6,165.56958
-1691.012,8,165.569627
-1085.885,8,165.583598
-575.9418,21,165.583677
3975.7803,80,165.583693
-1014.5333,5,165.600374
-330.47607,18,165.600454
-1068.0531,10,165.613007
-1661.1714,11,165.62655
-989.6782,4,165.641344
-839.1124,5,165.641434
-680.6521,12,165.641451
-1403.8451,5,165.66729
-738.3695,35,165.667415
-1033.8374,2,165.667434
-652.46814,23,165.66744
-869.69885,7,165.681677
-938.1761,4,165.694122
1241.1045,43,165.703883
-984.24493,30,165.729374
-942.0642,4,165.729492
-1035.6338,4,165.743357
-2169.7617,15,165.757127
-1021.9527,2,165.770671
-1576.158,8,165.770758
-1270.2445,12,165.770791
-1039.8646,2,165.802423
-938.9517,5,165.802545
-1014.70044,3,165.815723
-879.1085,12,165.827946
88.765625,59,165.840292
-826.1579,6,165.840382
-2192.87,32,165.854631
-1187.6763,24,165.878435
-805.3764,9,165.893059
-186.1206,19,165.893161
-815.7106,5,165.907608
-1984.0925,18,165.907676
-1138.2598,19,165.966081
-1681.3381,32,165.966136
-1125.5977,8,165.966147
-853.70703,5,165.977955
1006.50616,51,165.978061
-315.3211,18,165.978081
-914.53796,7,165.978091
-957.56665,6,165.978098
-1044.2258,2,166.014765
-1163.4934,8,166.028922
-592.47217,38,166.02899
-975.3976,4,166.043285
-1000.3086,4,166.043356
-1053.349,5,166.043387
-995.34265,4,166.07257
-818.9461,7,166.072688
-1295.5526,19,166.072709
-1067.6068,7,166.072719
-1436.8514,7,166.087739
-57.790283,36,166.101064
-929.39,6,166.113246
-567.96545,35,166.113302
-31.470398,41,166.136289
-1083.634,5,166.167797
-1367.469,9,166.179223
520.05255,46,166.210572
-786.2252,11,166.21066
-990.2349,3,166.210678
-2073.9258,8,166.236951
-52.59662,26,166.248873
-1584.2993,16,166.273159
-1406.7452,5,166.273255
-2378.2207,17,166.322963
-865.57227,5,166.323054
475.479,37,166.33813
1990.045,61,166.338231
-990.54376,4,166.338249
-531.08136,24,166.350717
-1012.58636,3,166.365792
1016.86316,44,166.402856
-1606.3287,22,166.403322
-1249.6765,15,166.418094
-89.99866,55,166.418226
-1946.9905,14,166.431393
-744.10925,33,166.431475
5076.543,103,166.448114
1774.1874,65,166.468862
20.840271,20,166.501003
-820.26953,7,166.519346
-12.149658,35,166.531315
-1203.3042,14,166.545631
-1586.5472,7,166.563268
-79.954956,35,166.563377
-2055.3242,12,166.590478
-1578.685,10,166.590536
-1266.2144,4,166.590545
313.82922,39,166.590553
-1876.7949,14,166.639254
-1440.1671,21,166.654701
-910.4607,5,166.674426
-1774.2244,45,166.685733
-1373.5504,3,166.685812
-595.3749,22,166.700275
-947.97546,7,166.700351
-1940.0771,20,166.72292
-920.9021,12,166.733603
-1025.3087,2,166.7604
-601.0137,28,166.760535
-2661.559,14,166.789317
-1044.2119,2,166.789427
-1842.8032,43,166.801947
-966.2116,6,166.802058
-946.6447,11,166.831415
103.06781,25,166.857712
-2883.7192,18,166.893849
-2343.3044,15,166.89393
-1548.0066,9,166.904139
-1278.1415,17,166.917407
-1043.3087,2,166.930173
957.80817,36,166.970344
-60.64032,48,166.994042
136.12836,24,166.994154
-2410.8662,14,167.009147
-2017.9154,16,167.00924
1684.6149,49,167.021009
99.49603,38,167.033927
-995.1418,3,167.047225
-915.8699,6,167.086161
1180.8104,37,167.103149
-930.94293,4,167.113728
-281.28064,21,167.135585
69.73706,27,167.164441
2754.366,80,167.190643
-786.86847,12,167.204572
-1348.7849,5,167.20467
4894.6353,99,167.217899
-792.2523,10,167.241029
5593.361,103,167.2411
-1024.9941,12,167.253748
-1036.2117,2,167.265399
-1757.904,20,167.289278
-1163.1848,26,167.289374
-1195.6223,10,167.304169
-1064.857,3,167.304262
-1375.7557,5,167.316324
-1445.3883,8,167.316409
-1238.136,48,167.316424
-258.0432,32,167.329355
-889.0267,4,167.353676
-1026.2938,2,167.374926
-562.6583,25,167.374998
-1159.6947,8,167.388741
-883.0715,7,167.402155
-1754.4155,31,167.402323
-1874.9441,8,167.434762
2201.0684,64,167.434841
-1089.8359,12,167.462753
680.59546,66,167.476832
1154.4102,50,167.476929
-2223.5835,44,167.513703
218.28912,23,167.527255
-2054.8489,9,167.527336
-3169.7236,15,167.539374
3347.1338,89,167.539692
-1003.30914,3,167.555189
1333.8475,57,167.555271
-340.65167,34,167.568477
-1670.99,15,167.592607
-858.57385,21,167.606009
-1038.3484,3,167.606146
-999.3857,4,167.606191
-1306.3011,6,167.619634
-618.6917,8,167.632128
1916.9014,52,167.652643
-804.8367,15,167.652747
-198.07147,88,167.684813
861.3553,32,167.684882
-1399.7961,17,167.684898
-774.1451,9,167.684905
-690.9462,7,167.712129
-1357.0337,24,167.727356
-1759.31,5,167.72743
-3262.0627,16,167.752801
-1021.9764,2,167.777851
-1100.4403,24,167.804635
-1690.3743,11,167.830247
-1632.0127,17,167.830379
-1020.40173,2,167.8304
-773.49384,17,167.843153
-1028.7119,2,167.85724
-1026.3789,2,167.871646
-426.87683,17,167.871726
544.7537,35,167.894644
1010.1183,43,167.921379
-1703.2114,16,167.921497
-1716.0029,5,167.932435
-1047.5936,9,167.949279
33.17517,44,167.949367
-1032.3297,21,167.972557
-610.1853,19,167.98552
-1052.1348,9,167.985607
-1098.7125,9,169.268045
-887.6754,8,169.282266
-811.6266,7,169.296906
-753.42004,8,169.31211
-1604.692,6,169.312264
-1032.018,2,169.312293
491.6305,41,169.324537
-546.3316,32,169.324641
-1348.9952,5,169.324661
1422.1609,44,169.357418
-1557.9548,7,169.384363
-1903.5721,13,169.404057
-315.66248,31,169.414938
-961.2412,40,169.444709
4280.2905,85,169.459756
-2120.1255,15,169.459876
-1967.9955,14,169.459894
-959.74274,12,169.494944
91.08142,40,169.506363
-3545.084,15,169.518725
193.23401,36,169.541119
471.5871,26,169.569299
-1055.9395,4,169.590647
-875.1911,6,169.590735
-785.99,16,169.653547
-19.313965,27,169.666873
2294.6392,64,169.666956
-1598.8744,28,169.680804
-1005.656,4,169.703621
-603.3163,10,169.703711
-2297.985,19,169.715276
998.83954,59,169.726863
-1235.7183,5,169.758152
-1200.2699,30,169.78138
-1621.908,6,169.796532
-2540.0437,10,169.796682
-1101.1202,9,169.821439
-1178.8943,29,169.821553
-867.6465,5,169.853667
-32.92566,35,169.868826
224.35577,32,169.868952
801.5693,48,169.868996
-3255.3105,24,169.869003
-923.95636,15,169.879416
1953.2705,103,169.879507
294.6938,46,169.903067
-1027.0614,3,169.914716
-1094.7844,4,169.914787
-1011.7269,5,169.926393
2728.576,64,169.938413
-1272.5763,11,169.964091
-1889.5786,5,169.975522
-809.1843,10,169.987588
299.63934,43,169.987681
-3420.685,19,170.014805
-1005.34265,11,170.01488
-1797.581,8,170.03633
-1240.1655,10,170.045374
1912.2,86,170.059541
1496.9216,52,170.059658
-610.6369,19,170.076475
-935.2088,4,170.076563
-1666.708,5,170.089794
-990.0404,4,170.090225
201.29803,40,170.102356
1521.9773,58,170.114006
-1049.8242,3,170.125112
-1304.3337,13,170.137748
-940.1035,7,170.137828
691.77106,39,170.183343
-1334.3628,35,170.200086
-715.8707,10,170.200485
-1355.9032,7,170.219107
-1268.7328,12,170.242719
-585.00354,18,170.242795
-801.8209,5,170.255083
7474.0776,117,170.255165
-1023.49335,2,170.267181
-246.92175,25,170.285069
-900.5763,6,170.285147
-1068.9625,12,170.300896
681.67267,37,170.301006
12.546814,37,170.301024
-268.1562,22,170.301032
-1004.6206,8,170.312818
-858.306,6,170.331771
-1539.0615,8,170.354711
-700.09973,9,170.354797
394.30328,83,170.397877
-41.824646,33,170.420172
-391.2292,29,170.449581
-1068.5122,3,170.463742
2539.4297,75,170.479094
-1070.4089,11,170.479209
-1579.4952,16,170.497567
-1727.2113,10,170.497692
-596.1703,22,170.51393
-408.5865,28,170.530413
6.1678467,20,170.557199
-4716.7964,34,170.557286
-668.417,12,170.567406
-2305.3013,21,170.58661
-2272.2397,7,170.597291
-1097.584,3,170.597387
-824.2711,24,170.620534
-887.4087,6,170.643172
-1040.8619,2,170.643256
-2838.187,13,170.655648
-1024.9874,2,170.685572
2852.3447,65,170.715361
-1025.5787,3,170.715436
-1065.1322,2,170.737294
714.64044,37,170.748267
-1377.6815,34,170.748353
-2441.2024,21,170.748369
3148.524,64,170.748376
-1629.2407,23,170.762641
-1064.9266,3,170.787843
-1185.1245,50,170.802133
-979.91534,5,170.814882
-936.86084,20,170.830976
1384.5083,57,170.856916
-1122.395,4,170.857006
-1199.1548,7,170.886278
-1427.9543,11,170.88638
-715.65717,27,170.932959
-1833.9668,23,170.933328
-870.3841,7,170.943369
-1019.2559,2,170.953494
-2427.9917,12,170.967846
-1966.3984,17,170.968019
-474.1183,20,171.016189
2018.1746,88,171.016331
298.12927,52,171.029486
812.4488,57,171.02957
-857.69507,7,171.056084
-3395.2998,19,171.105563
1840.759,45,171.105644
-240.69708,51,171.162414
91.92279,41,171.162489
-902.1595,32,171.162507
-740.48474,20,171.184579
-1026.7218,2,171.184663
-1043.1257,2,171.208215
-2238.1533,19,171.26484
-1593.3716,9,171.275751
-1387.4893,25,171.287501
1887.4033,63,171.298891
-1195.8738,9,171.327016
4702.0684,97,171.33977
-1021.9112,4,171.586435
758.85516,84,171.617491
426.03577,44,171.632021
-1069.7164,3,171.632148
772.1172,29,171.646868
-1997.983,7,171.666788
1769.9082,69,171.700591
-988.44214,6,171.700665
-1025.5951,11,171.700681
107.03589,33,171.718113
-1496.7323,7,171.740313
1055.6907,43,171.740393
-870.5061,26,171.74041
-1029.9518,3,171.75689
-1299.0776,10,171.756979
-898.3223,6,171.756998
-0.8300781,44,171.768123
1911.592,63,171.768203
-220.09442,39,171.78945
2128.9893,77,171.789517
-983.1471,3,171.789533
-1046.4786,3,171.813503
-1030.8533,2,171.813573
1989.0565,54,171.836091
-1011.2375,5,171.860734
-872.08435,8,171.872822
-1187.2328,11,171.872892
-1043.564,27,171.884302
-437.6388,18,171.884386
-612.9524,13,171.925671
-1964.741,7,171.92575
-1352.927,4,171.925766
3731.3235,95,171.940536
-1603.7219,7,171.96545
-899.38983,18,171.965566
-290.79437,65,171.978985
-1709.7083,5,172.007753
-1014.97235,2,172.007842
-3071.8484,19,172.007859
-318.85406,17,172.019766
-1039.3372,3,172.043676
-958.0246,3,172.043791
-2519.8882,23,172.072198
-929.2832,15,172.120484
-736.33276,16,172.130728
2743.4573,61,172.143249
-2040.5753,11,172.143337
-3194.1587,22,172.143358
619.50116,32,172.189152
-924.0283,53,172.198637
-749.9088,15,172.228373
-642.19867,21,172.228465
-995.0832,13,172.228481
-987.81335,4,172.239681
2611.2554,76,172.249926
-691.79956,10,172.261809
-2641.3953,12,172.261885
-1038.1432,3,172.261902
1728.3939,65,172.27362
-1890.1428,57,172.273705
-867.46765,19,172.273724
-1018.97656,2,172.286059
-1461.3479,13,172.301569
-878.5191,6,172.312923
-953.62225,2,172.341028
3412.7466,78,172.355585
-1475.7806,31,172.355698
1125.03,43,172.355721
-1033.2189,2,172.379905
-3317.4194,21,172.394732
-859.3774,11,172.424894
-1440.7898,14,172.444532
36.773254,48,172.503481
-1847.4803,17,172.51617
0.5582886,40,172.526915
-1028.91,2,172.561213
-896.6077,18,172.595337
-1483.841,23,172.607088
-1075.5453,21,172.631528
101.09808,33,172.631627
895.8587,60,172.659723
-2756.4438,34,172.673448
119.57477,31,172.684513
2330.7737,70,172.707121
270.72296,36,172.707216
-1830.9146,9,172.720917
172.24512,77,172.742348
-1225.969,5,172.773192
-19.63507,50,172.80573
-1645.9607,7,172.841911
-880.9391,14,172.854372
752.60815,34,172.906754
-1008.3367,7,172.941569
-908.9085,42,172.955771
-960.74725,6,172.979939
-550.8493,45,172.98005
556.7997,43,172.991832
-397.96753,28,173.005744
-965.7968,3,173.020106
87.61963,38,173.020504
-949.4625,6,173.02055
-905.4733,5,173.08644
-2241.0544,40,173.098846
1219.4678,64,173.128403
-474.5376,28,173.143863
-1690.2881,10,173.155825
-1027.7786,2,173.168185
-1076.2821,4,173.188588
5460.5117,97,173.20828
-2807.5564,9,173.226735
-1185.6361,38,173.241114
-1024.919,2,173.241223
-1885.0847,6,173.265176
-1747.0637,19,173.265251
-1006.42834,4,173.279337
-1105.9147,45,173.2925
-1234.1176,5,173.311865
-1059.3883,3,173.311951
-1843.617,49,173.311969
-951.9284,4,173.323527
-870.2548,9,173.32361
2162.7603,72,173.323628
-999.1887,4,173.33767
55.529175,53,173.337729
-1044.8674,4,173.357194
-1523.0317,24,173.369347
82.51227,28,173.389082
1590.0955,49,173.389207
-913.1627,6,173.403126
-1067.3169,17,173.421108
-1041.7319,2,173.421191
-1154.8112,12,173.421216
-998.48956,3,173.421227
-392.39587,43,173.453775
-667.6957,9,173.453849
2786.9858,87,173.453868
-885.2382,7,173.453875
693.2185,69,173.466208
12.8446045,30,173.466288
-1023.4572,4,173.479388
-872.8695,12,173.50951
-482.57425,15,173.541375
-953.1626,2,173.541771
-980.39276,14,173.552727
872.5647,43,173.58136
-826.58545,14,173.621234
-1424.2139,15,173.663337
-267.71515,69,173.66344
-636.0523,9,173.683533
-122.96289,22,173.718613
-1340.5043,19,173.718661
621.81055,44,173.718669
-1237.5662,24,173.756141
-692.76794,17,173.768333
-2230.9302,9,173.776702
-1510.7625,19,173.78982
-1382.2295,29,173.810289
-788.0896,6,173.821234
-108.8595,36,173.821348
5571.9453,116,173.855528
-1652.4025,16,173.868488
-1291.4889,7,173.868566
-1022.74835,2,173.891078
4211.5244,81,173.922286
312.89423,36,173.937995
-641.93524,44,173.961746
-1046.4849,3,173.961827
-1667.0349,11,173.973643
-414.89642,40,174.00652
1291.714,42,174.026467
-1748.7424,16,174.109602
-1869.5914,17,174.10967
-1405.5757,7,174.109685
9837.023,171,174.121333
-1889.9764,31,174.132427
-765.96204,39,174.146908
611.30365,33,174.165379
-1035.3247,4,174.16546
1192.7092,53,174.198981
-869.92053,6,174.199051
-2142.1733,5,174.199069
206.41144,55,174.242438
-1046.1184,3,174.242532
-1487.9745,4,174.263646
-1146.222,3,174.295346
-903.05896,8,174.295441
296.73993,44,174.295458
-1332.6833,4,174.308122
-1778.6184,8,174.331164
-1717.6079,11,174.331237
-917.88477,6,174.364188
-954.8093,5,174.381566
-810.33215,5,174.399509
-489.28796,58,174.411952
-1708.3562,20,174.426029
-1489.2295,32,174.426094
-1009.8559,4,174.426108
-1009.86847,4,174.43976
4221.826,82,174.498886
1345.8494,56,174.509881
-402.398,38,174.537594
58.132324,46,174.537656
-856.10846,10,174.550628
-1981.5428,16,174.550735
491.28345,52,174.563886
-15.779053,28,174.576598
-725.41327,58,174.597179
-495.39313,22,174.615551
-1416.7375,14,174.615615
-869.41174,9,174.629114
1325.0859,55,174.629239
-808.0205,14,174.629272
-867.6709,7,174.667432
-1044.2637,2,174.692389
1688.5012,52,174.735782
-373.7611,18,174.774841
645.42505,43,174.774915
-138.03406,28,174.806183
-784.9463,38,174.851808
-1154.8878,32,174.851913
-1624.1901,16,174.873517
-1019.95526,4,174.8736
-1043.0842,22,174.885156
-279.16705,19,174.905822
3657.3745,79,174.949602
-330.76953,22,174.949671
1212.1636,63,174.969492
60.16101,27,174.989191
-1039.2722,20,175.001266
-870.95825,8,175.001343
-123.480835,25,175.0217
-1214.2516,31,175.02177
-335.78864,32,175.037391
-1002.1557,4,175.076715
-1307.2715,8,175.090107
-1244.314,7,175.09019
3719.8562,75,175.090209
7298.4937,118,175.104089
-950.41113,14,175.115137
-2946.2954,7,175.128934
-876.50446,6,175.173503
-923.62933,5,175.184001
914.13196,43,175.206334
-1010.63074,5,175.238943
-991.13684,5,175.260993
-737.73956,40,175.291203
942.19275,50,175.304153
-255.34686,27,175.304272
74.454895,26,175.325313
-995.67053,7,175.325408
-1292.2975,22,175.340699
125.21747,26,175.340779
-1277.1012,4,175.387415
1632.1018,76,175.387501
119.60626,40,175.418553
-808.2795,35,175.44235
-983.2553,3,175.453839
-1135.7671,6,175.472478
-1450.0706,7,175.536196
1753.0865,57,175.536638
3705.4849,83,175.549263
927.2344,41,175.594601
-999.4575,4,175.642058
-1024.0107,26,175.653937
-876.02466,9,175.654039
-955.8042,2,175.679489
-1410.5973,30,175.702558
-2087.9932,15,175.725645
-392.5774,37,175.752537
737.73676,57,175.793508
-1648.2229,15,175.837348
-1489.8385,9,175.873375
-1018.7383,2,175.873463
1320.8269,61,175.873482
2455.2869,64,175.889019
754.5822,57,175.889095
751.2249,43,175.889124
-3960.185,17,175.900638
4248.891,79,175.900707
3177.3716,96,175.916048
-1037.4923,2,175.927563
406.62823,23,175.938858
311.75525,37,175.938937
-864.76807,20,175.978242
3397.7668,86,175.98952
-1574.1384,15,176.004779
-1278.9852,9,176.024957
-1291.5446,11,176.038534
-1418.6731,10,176.069587
-2089.34,9,176.069684
4713.7363,93,176.085073
-1252.2388,6,176.085157
-960.8466,4,176.085169
4402.861,87,176.085188
-1991.426,42,176.118259
-1677.542,9,176.11835
2465.4636,101,176.130015
1339.0586,63,176.130138
-2416.7944,17,176.130156
-994.39954,3,176.15981
-989.6936,3,176.172148
-969.6725,6,176.172529
150.2273,61,176.203052
-989.4003,6,176.215355
-1013.1898,3,176.243049
-224.2544,38,176.257505
-1028.3549,4,176.268937
-1044.2319,2,176.26902
187.51953,29,176.324353
-1636.5493,7,176.357533
569.4106,36,176.371952
77.299194,37,176.38331
2695.8796,75,176.427948
-2011.9915,14,176.428073
-905.63965,6,176.441018
-848.7109,21,176.441128
-428.86548,29,176.456157
-42.382202,26,176.456244
4710.716,92,176.471066
-914.0751,6,176.505914
1292.7407,43,176.530036
-1538.5094,17,176.548626
-3085.778,16,176.575273
-845.01404,7,176.575363
-749.02966,11,176.6039
160.60687,35,176.639717
122.01355,39,176.653731
2330.8145,58,176.689246
2998.77,105,176.70135
-1466.5293,33,176.712787
-687.7085,20,176.732204
-1639.312,8,176.782378
-426.98328,18,176.782481
1204.5527,62,176.803406
-3397.338,29,176.828848
402.90204,56,176.82892
-1158.2693,12,176.842742
-49.549133,25,176.856181
3755.7703,73,176.856259
2166.3464,60,176.877951
310.54407,63,176.878026
-2026.074,19,176.889091
-1046.5145,25,176.889194
-92.36261,31,176.912958
-2118.7812,6,176.960747
-11.462402,39,176.960799
-964.4505,10,176.972727
-445.14105,33,176.994812
-1050.2443,3,177.006778
-1348.5902,20,177.029031
3875.7554,73,177.029161
29.116943,32,177.041594
1206.0746,52,177.056748
-1888.0842,29,177.094245
615.90765,39,177.094349
-1317.3912,7,177.094368
-1299.1624,10,177.094375
-1204.1354,21,177.120693
-1038.8075,2,177.120761
-1503.3413,8,177.163593
1988.0244,56,177.163676
-1410.5732,4,177.175669
-1317.1484,11,177.186889
-4027.8467,15,177.186968
-982.8398,5,177.186986
-2225.9077,17,177.198747
-938.79865,4,177.466646
-142.47473,32,177.516909
-1142.8164,5,177.529127
-1760.856,48,177.54116
-655.4165,39,177.561341
-1350.3185,14,177.574719
-1411.1077,12,177.574819
-1160.5447,43,177.586234
-956.90466,5,177.598765
819.7842,35,177.598833
-1433.7299,14,177.611292
-1026.0488,2,177.629713
-681.09973,19,177.642005
2496.5728,96,177.642073
-933.84735,5,177.652582
-341.79297,46,177.703185
-2017.7507,5,177.764948
380.12195,35,177.776757
-1397.3623,20,177.776866
1310.4387,52,177.788389
-995.5962,2,177.788475
-1469.1357,22,177.824134
527.0236,44,177.824235
-963.37115,6,177.868
2748.2964,67,177.930021
4222.307,125,177.942456
390.46497,49,177.956507
-409.66968,74,177.956584
-1838.9507,27,177.956602
560.1822,44,177.968412
-122.027466,27,177.979926
-749.34534,9,177.98003
1005.2575,53,178.014093
-3449.2976,36,178.041417
173.48175,36,178.071257
-1278.6042,10,178.071837
103.06641,33,178.071945
1321.9014,79,178.090311
915.6723,39,178.090399
-1002.1133,3,178.113126
-1212.6266,11,178.113214
-1040.5073,12,178.144951
-2405.9688,5,178.155569
418.94043,47,178.182081
-1020.5428,4,178.192377
-132.64435,46,178.223469
680.6932,36,178.249367
-140.73193,32,178.249461
391.16638,38,178.279521
-1170.9379,15,178.304366
180.28094,25,178.321024
-1046.1498,5,178.321162
-140.21814,41,178.33434
1596.2639,52,178.334429
-1044.1998,2,178.356246
-987.2381,3,178.367991
-979.43756,4,178.36809
559.4139,31,178.405205
-516.11334,34,178.425059
-1267.7224,8,178.425155
-921.51135,5,178.437932
-1020.28076,2,178.438023
-1494.1191,33,178.467606
-948.3404,6,178.518124
-906.54956,4,178.518222
0.5252075,35,178.550863
-1621.7675,14,178.568295
-1052.0941,6,178.592624
28.513794,39,178.592715
1221.0215,59,178.629382
160.89728,48,178.685542
4609.85,110,178.713082
-10.833557,32,178.713167
-1024.6355,2,178.713199
-321.38287,23,178.728012
-1757.292,40,178.728086
2346.7188,100,178.74708
-1685.6932,9,178.747161
566.6633,25,178.771211
319.8098,49,178.771303
-1406.5012,5,178.783385
1430.6057,42,178.795788
-787.0019,6,178.809013
1883.1282,55,178.809085
1530.3501,64,178.8091
-282.99646,42,178.820172
-2109.1216,7,178.832148
323.61365,65,178.832223
813.92236,49,178.832241
-1170.4537,11,178.862965
-888.1405,8,178.900616
-1035.319,5,178.900696
1486.2156,57,178.916681
-877.574,12,178.926539
-2307.2522,45,178.926618
-2363.69,29,178.940897
-1028.6138,2,178.953457
-1888.3114,7,178.953542
-2375.6782,16,178.9791
848.1246,46,178.991966
-1546.1467,7,179.022419
-1636.0396,10,179.044072
-1382.6068,5,179.104007
-598.21735,20,179.11667
-711.51184,15,179.132472
-1279.1383,4,179.158853
-1431.5248,12,179.170937
-87.86572,20,179.183148
-1138.7307,4,179.225531
-979.41364,4,179.282082
346.03766,34,179.282454
757.95074,35,179.293998
-1740.8752,34,179.307544
1482.619,54,179.307629
-2433.0007,42,179.353586
-1007.0008,7,179.364433
2967.07,73,179.403903
-1006.3044,3,179.403976
618.06586,51,179.403993
-113.96167,28,179.418227
899.9887,51,179.41831
-1026.2499,2,179.430378
58.040527,20,179.440082
-955.8042,2,179.46084
1279.2498,55,179.485268
-1293.454,7,179.497065
-1134.4696,16,179.497194
-1208.1207,12,179.510436
-1106.553,21,179.551139
-1155.8676,10,179.551229
1169.4138,44,179.576367
1248.7612,47,179.576447
2919.8726,74,179.587354
-1013.3863,48,179.601359
4296.1123,82,179.612695
-1246.6908,11,179.612765
-2340.8232,17,179.629888
316.7409,51,179.641796
447.2129,38,179.652951
71.520874,28,179.666872
-894.2592,5,179.707884
-1640.9646,7,179.720811
-1876.794,18,179.733207
-576.1549,13,179.74601
721.7635,71,179.759364
-3.8706055,48,179.759448
-3084.5044,12,179.772543
-1112.1398,37,179.782771
-1371.4795,11,179.808702
-1557.0098,8,179.827327
-927.76166,23,179.884154
-1509.0262,11,179.911253
-242.30096,37,179.923735
-1854.1785,10,179.957403
-1169.4066,14,179.957475
3106.1755,104,179.99104
-492.19604,30,179.99114
-781.5683,31,180.024419
-1029.0238,3,180.02449
-1596.7847,5,180.024506
-278.03223,41,180.034528
-176.71326,41,180.048023
-731.4837,15,180.072594
2875.61,94,180.072697
730.7999,50,180.131264
-1113.4583,15,180.144636
106.85065,57,180.155873
-1400.2185,10,180.173001
-699.78687,34,180.18347
-1051.947,3,180.183535
-1223.5006,3,180.206394
241.87152,53,180.239052
-1665.2775,47,180.270641
-1387.7686,19,180.270705
-1898.1581,11,180.281598
-952.72034,43,180.324185
1684.0515,56,180.337348
-568.45514,20,180.337673
-1639.3904,7,180.337718
2127.7454,62,180.362149
-929.94434,8,180.374532
2277.3154,54,180.413901
-579.01306,10,180.413978
-1555.3191,31,180.428155
-839.92114,8,180.440997
-948.456,5,180.441374
1795.8972,54,180.493256
-1329.3453,52,180.493336
5368.7295,107,180.518542
-545.77246,14,180.518623
-787.2405,8,180.541131
-863.7519,11,180.552755
-746.713,39,180.585495
-976.47003,3,180.585646
-1918.2549,11,180.585665
-1581.1677,15,180.610341
308.8388,34,180.610434
-1012.2936,3,180.621072
1006.14545,48,180.646279
-1254.3195,5,180.679198
-2393.0945,16,180.689693
747.18195,62,180.712381
-963.1037,6,180.724808
-1030.9034,5,180.748445
-1353.6702,10,180.812034
-2074.4468,23,180.861529
573.63947,69,180.861621
-1353.148,30,180.861641
2924.227,55,180.887173
1429.6167,55,180.911014
-143.38977,47,180.911117
-873.3808,5,180.926391
-647.208,29,180.963511
1164.4573,50,180.997871
-1908.2699,20,180.997981
-1025.1178,5,180.997997
-975.6199,3,181.010935
779.8048,32,181.011025
-1335.3046,8,181.029802
-328.97742,26,181.062
1668.2903,67,181.06208
2375.6125,105,181.099956
-1278.6196,5,181.100038
-1546.9658,9,181.125722
-985.65454,42,181.12582
-836.7153,5,181.125847
-3274.5164,50,181.162362
-1472.9054,5,181.162498
310.28082,37,181.188731
3823.129,99,181.199817
-1118.3151,4,181.223795
784.49805,63,181.252162
-1802.354,33,181.26257
-876.3783,5,181.274867
-884.35583,27,181.297115
-514.9782,18,181.310205
-885.1575,4,181.34675
-978.0686,4,181.359008
553.31274,29,181.393896
4038.0322,82,181.406814
-2212.128,41,181.424206
-1239.5837,23,181.441783
401.1759,40,181.441856
-1442.7748,33,181.463183
-1026.6185,5,181.476808
-907.6346,7,181.517413
-1271.302,9,181.517479
-1816.6074,13,181.517493
-1027.142,6,181.517501
3181.503,74,181.536947
329.27045,39,181.537027
-2203.126,26,181.549045
703.8648,33,181.549143
3790.7925,97,181.549159
1621.4974,52,181.585977
-809.0576,8,181.58605
-1088.6306,5,181.597643
-1682.8726,18,181.610222
-1020.83795,2,181.61032
-839.31757,9,181.610337
-1834.5142,8,181.647009
-1038.0474,9,181.64719
-850.2554,6,181.659409
-1098.0995,9,181.65949
-1261.9846,7,181.701269
-893.61206,5,181.714648
6970.437,127,181.714736
737.9081,36,181.740752
2093.9539,45,181.74083
-628.5966,53,181.740847
-1550.9592,14,181.740853
188.53662,35,181.75428
-932.02765,8,181.774431
-1854.6067,6,181.796425
192.72772,26,181.796781
-946.98346,5,181.811093
-1769.9349,12,181.85586
-766.6388,8,181.855947
1101.6895,52,181.870762
-280.31702,21,181.891335
-1295.0388,12,181.905053
-1225.8214,5,181.938259
-1586.9363,17,181.992527
-993.55743,5,182.050411
-652.00354,20,182.050545
-1372.83,18,182.086179
5142.1113,121,182.114992
3091.2588,67,182.115105
172.38538,30,182.126969
-45.51477,31,182.141417
-1268.6396,4,182.166457
-1004.6219,6,182.190218
1534.1586,70,182.190331
1934.5525,54,182.224141
-367.64917,24,182.239171
-1140.8513,9,182.256549
509.43835,48,182.269023
-998.6136,3,182.292255
1306.3591,62,182.336357
2452.0598,56,182.336449
-1756.1532,12,182.38968
1847.7775,56,182.451022
375.46698,31,182.474783
4096.1743,71,182.512689
-1569.2114,31,182.5259
-2636.944,15,182.525978
-947.4762,2,182.537041
-1119.387,9,182.537205
-1994.9811,6,182.603087
-1407.0701,7,182.603162
4576.4805,110,182.60318
1687.7146,79,182.646416
-1405.4083,10,182.666111
498.19403,34,182.666216
-1220.7896,12,182.680726
742.96466,65,182.680792
1843.2822,59,182.680807
3994.6865,86,182.709389
-1021.5204,3,182.720203
-1146.1385,9,182.731194
-1432.0518,9,182.731267
2801.6702,81,182.742686
-993.0127,3,182.75251
-1012.1025,5,182.763822
-725.39734,9,182.763886
420.53406,66,182.77908
-1796.6042,4,182.80974
-2319.8257,13,182.829622
-1605.5134,5,182.829693
2700.6836,79,182.842976
-1022.56836,2,182.855475
-670.43286,9,182.867565
506.5589,43,182.914634
-422.12463,35,182.927665
-1893.8806,15,182.927733
1577.8259,60,182.927749
3719.9556,82,182.941605
-555.1465,17,182.941717
-944.95966,2,182.941732
-838.74414,8,182.955268
-811.87,28,182.970213
275.32355,23,182.970303
-1056.0133,26,183.234637
-1042.0406,14,183.2347
3417.4243,73,183.254769
-1268.2418,6,183.278878
-1046.8579,3,183.293103
2820.2163,62,183.303731
-1027.8656,2,183.319277
-1417.4728,7,183.319357
1253.3235,53,183.381655
-799.26196,8,183.415405
-466.43164,21,183.438101
-1194.0502,11,183.463665
-1474.5924,14,183.502284
3622.335,81,183.502417
104.088684,48,183.529453
1019.72235,78,183.540416
-996.2207,4,183.581428
-2302.3882,33,183.591964
727.293,33,183.613648
-258.1997,51,183.613732
414.52832,32,183.613747
-990.18134,3,183.631025
2270.5947,93,183.631121
-1038.0597,3,183.665107
-2269.8992,47,183.665209
-1067.426,4,183.679102
-11.013672,53,183.701435
4360.784,86,183.713149
-1792.0177,4,183.725187
-2314.366,20,183.725276
-1269.1565,26,183.75402
-1789.7312,7,183.765807
-1018.3995,6,183.800278
-873.2929,9,183.815732
1172.2429,52,183.841826
1431.4226,52,183.855011
-1826.9308,9,183.869042
-1230.7072,10,183.89422
2013.8909,56,183.910062
-684.1841,32,183.924974
-1032.0197,2,183.925036
443.9522,58,183.925049
455.09192,41,183.925056
-333.09595,32,183.925061
571.90094,31,183.939859
205.41815,25,183.950644
-3261.1636,27,183.975551
-685.3866,13,183.987031
126.430725,29,183.98712
-897.6006,19,184.042856
-1609.4156,17,184.054263
-1427.1874,13,184.083389
-1700.5115,13,184.083453
-1026.4242,3,184.083467
-350.85992,32,184.0985
-1145.4503,15,184.098568
-2353.9326,12,184.09858
1899.3127,77,184.098585
-632.2036,11,184.111555
1269.3503,64,184.111645
-1101.7289,3,184.124207
-1154.2634,6,184.134764
-931.8485,4,184.148198
-1089.688,4,184.148295
177.65509,35,184.180122
-1073.7634,25,184.180216
-1342.6173,20,184.180231
2700.8335,76,184.211967
3087.4998,89,184.224927
-1602.4734,24,184.236162
-1032.4376,2,184.258477
-1404.9558,21,184.258604
523.76355,31,184.270715
-1413.169,15,184.304674
-871.99634,16,184.353842
-881.43805,5,184.368495
-1340.0989,11,184.394128
80.53558,22,184.444232
-2352.3127,8,184.457265
-983.6271,25,184.457382
-125.01099,42,184.474238
-1811.8196,21,184.49875
-795.271,6,184.532994
-616.14795,50,184.570712
-2080.8418,10,184.570839
2592.2266,74,184.598658
435.021,47,184.623384
265.7625,70,184.646281
204.85919,40,184.646368
-319.0125,35,184.658055
-1561.9258,5,184.658201
-1460.7557,16,184.686489
-1547.2585,10,184.686582
13.233704,38,184.710296
-1285.51,8,184.710438
-1000.1581,9,184.797289
1301.3376,52,184.81895
-1065.7567,9,184.829944
-302.5965,30,184.83001
4120.014,104,184.843194
304.79108,51,184.866834
967.4873,55,184.880842
-0.6635742,45,184.895067
-1731.2358,7,184.906755
-1059.3187,21,184.917364
-750.5075,40,184.928135
-1184.4312,10,184.961669
2124.1206,52,184.972763
-1020.9407,2,184.987076
-1038.0106,21,184.987191
987.85675,69,185.027422
-1190.7003,5,185.048215
-894.0527,10,185.059092
1576.2898,59,185.083237
-1958.1292,22,185.08332
-2783.738,22,185.108465
-1035.2078,4,185.155345
336.15704,36,185.184617
3273.7905,79,185.184791
-561.6891,26,185.197832
-1259.6101,44,185.197909
-980.066,4,185.218211
-1537.8209,55,185.230702
858.9786,44,185.243409
-1030.3883,2,185.269387
2378.7983,81,185.287607
-934.7222,15,185.287694
-1380.5691,9,185.309771
-1060.7388,9,185.320411
-1079.6733,34,185.333055
-1293.2649,62,185.348061
-1044.2125,2,185.363453
-1747.5186,6,185.363628
724.8895,38,185.376064
-788.6185,10,185.431983
-1230.4637,5,185.43208
-1090.8041,31,185.444142
-1772.022,10,185.444237
2095.7078,60,185.45543
-1033.4752,4,185.491242
-1005.09296,5,185.509639
650.3284,41,185.524068
-1179.6276,13,185.524121
2547.9976,68,185.593693
312.26184,53,185.593761
-1341.977,13,185.604548
-888.9941,9,185.616442
-1044.2056,2,185.616519
-1170.6307,8,185.629273
960.17035,43,185.641458
-770.1377,35,185.665635
-937.8876,4,185.681348
-741.9973,8,185.695118
560.74536,36,185.695215
-1330.9465,41,185.722135
1048.6885,53,185.72222
-1271.0701,4,185.734697
-2123.2026,52,185.734769
3490.7012,59,185.759794
-1502.2596,13,185.786015
-915.936,13,185.830613
4164.081,79,185.843784
483.98242,26,185.86413
-305.68292,23,185.900571
-1244.9801,9,185.90064
-1950.85,15,185.915334
-182.19507,19,185.939646
1655.5591,80,185.952106
728.6186,47,185.952203
1953.502,54,185.964882
-1493.8208,5,185.964951
-1473.3918,11,186.000522
-730.68884,8,186.000602
-191.52386,34,186.057323
-904.6546,49,186.072397
-303.7536,43,186.072512
-840.93384,6,186.083822
-1287.4562,7,186.154695
-963.5532,6,186.15478
368.32782,37,186.195267
-1188.3757,20,186.195379
4302.1943,123,186.25871
-1122.1254,19,186.293081
1310.0759,47,186.293187
-63.54541,37,186.307966
3797.7188,88,186.339201
117.94696,56,186.365238
-321.04993,33,186.380942
-918.84705,4,186.396571
152.37036,34,186.396661
-340.1681,33,186.396677
4095.4648,87,186.411256
-1146.9321,16,186.411376
-927.91235,20,186.433435
-939.2372,5,186.449561
-1011.8562,3,186.461082
-956.25104,19,186.461208
-1377.7759,12,186.475436
2586.9092,61,186.527915
837.18353,36,186.543441
2731.292,84,186.554236
1536.1748,62,186.566836
-752.3225,32,186.583721
-872.2709,4,186.595994
-829.95465,6,186.606899
577.2161,57,186.650587
-3764.0183,22,186.708318
2999.9812,69,186.752407
744.87115,33,186.752465
-1229.6106,12,186.819299
-1351.3331,21,186.865615
472.29797,33,186.890134
-1027.4756,3,186.902596
-719.9966,34,186.902701
3754.3682,89,186.902722
-418.45953,40,186.927052
299.74127,41,186.927162
-1131.8528,28,186.938882
1190.7717,43,186.964822
-1037.9369,2,186.964906
1909.3862,73,186.964922
-447.69482,20,186.977395
2992.1025,77,186.97744
5829.2847,126,186.999356
-2374.5835,34,186.999449
-1851.0944,14,187.068304
-1178.7034,6,187.068433
-2000.2324,8,187.068684
787.2806,53,187.081168
-1244.3829,26,187.081245
-1032.962,2,187.111165
-1227.986,18,187.124099
1321.4707,55,187.124204
-1078.546,4,187.124223
-358.00482,19,187.158887
-1449.39,20,187.182823
-721.1023,16,187.182896
-1016.85645,9,187.193489
-988.7301,3,187.215819
-1781.6995,12,187.227242
-1967.4076,11,187.257181
68.47328,29,187.257326
-473.2901,28,187.257349
-1601.1471,5,187.257355
-1081.4929,24,187.271645
-1446.0259,77,187.271758
-2690.8772,12,187.284658
-1019.46735,2,187.28479
-1043.0532,3,187.295475
-930.96844,4,187.30625
-2059.8748,18,187.320568
3661.282,80,187.35085
-2448.2441,31,187.365358
-759.43176,31,187.365488
-1358.668,3,187.40126
-980.8762,6,187.401341
569.3095,65,187.447596
-971.0427,35,187.461753
-2930.6492,16,187.473669
-2500.0278,15,187.50556
1062.1577,53,187.505625
-984.61334,6,187.519276
3172.1777,70,187.519343
-901.3291,24,187.530629
-1173.2396,10,187.577961
632.277,32,187.588976
568.3744,38,187.611838
-2027.6772,20,187.611926
-1904.0801,4,187.64222
-749.30225,30,187.651669
-1255.8201,12,187.676958
-1107.284,14,187.677051
-1208.5194,21,187.727177
-1259.4254,6,187.7601
3387.266,101,187.773385
-2569.779,37,187.773479
-2516.4597,33,187.820283
-762.92145,6,187.855425
6039.399,109,187.85551
-885.974,9,187.855527
665.8051,45,187.871699
-1045.6196,3,187.896573
-1007.09515,12,187.922401
-882.9641,6,187.963775
597.49677,26,188.014327
486.97516,57,188.042974
-1192.256,40,188.04306
334.66345,51,188.084293
611.45087,35,188.102485
2315.2607,73,188.102583
606.0164,56,188.102607
375.03107,44,188.125654
-466.7496,32,188.225423
-1116.9386,45,188.2359
557.8734,42,188.268853
-1683.1189,25,188.305081
451.05267,36,188.364587
-22.120056,20,188.379514
4574.4214,84,188.403535
1755.8901,65,188.403702
-609.7459,25,188.429063
-827.744,7,188.474811
-2245.7012,34,188.486944
1604.7825,62,188.507753
328.07294,49,188.54405
-348.45508,37,188.562208
-902.49316,6,188.572915
-1011.9961,2,188.572983
4095.3286,100,188.587771
1114.1221,55,188.601196
-1612.4725,17,188.639114
153.33167,25,188.650653
-503.86642,40,188.650733
-917.46,5,188.663067
-469.82074,14,188.688353
3895.4585,115,188.712518
-1520.2778,38,188.96594
-249.06866,35,188.966035
1032.2566,51,188.966054
-854.8708,6,189.000303
1322.0891,48,189.0004
-998.6785,3,189.015568
-1338.3917,3,189.015642
851.24554,65,189.027204
-889.6989,7,189.043731
-1987.7603,30,189.043813
4210.514,91,189.052888
10133.647,156,189.064156
714.4444,56,189.090193
-518.9823,17,189.090278
-1032.4429,2,189.110108
-803.74243,12,189.142636
721.6988,37,189.142742
-1114.584,13,189.162464
-1051.0382,30,189.183325
-845.48267,13,189.195874
-1763.3235,7,189.266871
331.43066,33,189.290994
-1370.0171,21,189.291072
-183.7688,41,189.327747
1319.7568,44,189.340153
538.3792,38,189.351496
-924.4058,5,189.351563
1654.7131,55,189.397629
-1702.8167,27,189.412103
-962.22034,42,189.412194
-1682.0267,33,189.412212
-663.1067,50,189.422999
2726.8452,96,189.423067
-1034.5729,2,189.436003
539.11664,38,189.436387
-739.9144,29,189.459655
-1219.3422,10,189.459735
-1045.744,2,189.487192
-836.2323,5,189.487277
-1197.5393,16,189.546302
-712.9341,9,189.546628
1472.4282,44,189.562422
-779.9181,12,189.583024
-1043.1619,3,189.617227
163.64801,40,189.627708
2184.0093,92,189.640793
-864.4848,13,189.640865
-932.0044,4,189.686569
789.51807,55,189.715622
-215.76898,27,189.728225
-1384.1229,16,189.756186
-181.39075,38,189.794191
-2196.7805,9,189.852502
-1925.7594,16,189.852615
493.89258,27,189.891334
-916.042,29,189.92081
-1196.2621,41,189.944728
2217.4644,74,189.944846
-1023.876,2,189.976533
1538.679,48,189.9766
352.48102,43,189.976615
-1361.7277,74,190.000918
4046.6714,110,190.010902
340.37543,29,190.084614
-998.0131,11,190.111195
1343.1584,72,190.111316
-1687.3635,30,190.126815
-1547.7439,16,190.158523
-1307.281,4,190.175484
161.1352,55,190.190027
2312.2705,80,190.190094
-814.8401,27,190.225535
-1175.2535,5,190.295524
-1025.8206,33,190.308615
-98.668335,26,190.319409
-1618.7322,11,190.319483
2889.8428,91,190.3195
-1454.7994,11,190.33925
3099.9487,81,190.350517
-636.31287,33,190.350616
-280.53082,46,190.425808
-206.61774,19,190.437842
3541.958,73,190.451795
4815.018,94,190.490636
-800.5592,8,190.525435
-787.72314,9,190.560364
1386.5647,70,190.560459
455.74506,37,190.599216
545.49146,52,190.609745
730.7577,50,190.659769
65.57672,29,190.681765
-1277.8723,28,190.681833
4164.1885,97,190.696432
-1308.7943,4,190.720581
287.39368,32,190.731661
-989.34973,5,190.751419
-867.0608,51,190.775073
-987.4925,3,190.775165
1021.7248,49,190.814285
-1030.2485,16,190.828258
-1014.58484,2,190.847013
1438.9313,92,190.858462
-95.228455,39,190.869444
566.1812,33,190.883608
1283.2073,45,190.926148
-880.66327,7,190.937815
-541.7826,34,190.957547
-962.8627,9,190.957661
2578.9922,89,190.969441
-827.78937,14,190.969551
-1078.3873,3,191.007374
-1224.3108,22,191.007481
-1395.9718,10,191.022401
1387.946,54,191.070336
-2579.4858,23,191.07041
-599.7639,12,191.11842
4217.2686,87,191.160801
-1319.2086,8,191.181524
-742.1078,13,191.181617
-829.7623,18,191.194164
-402.32288,25,191.208131
-1003.01227,2,191.208231
1925.7542,52,191.242379
-564.1727,67,191.242477
-968.47314,3,191.254501
-1444.8313,23,191.269163
5007.3394,97,191.282666
-1021.218,26,191.282761
-717.5931,9,191.295722
1249.6846,75,191.311915
1614.1704,54,191.363365
3033.6826,91,191.363471
-1096.085,9,191.375217
-1537.4069,15,191.401408
437.31677,24,191.401499
886.5966,49,191.437758
-1037.2375,2,191.461645
1074.9597,54,191.476148
-414.7583,35,191.476219
-867.7145,7,191.488867
-1877.9625,42,191.508294
583.19104,50,191.5381
-1628.6475,12,191.538184
-1094.2227,7,191.578981
-25.505554,66,191.579059
-1658.3845,14,191.655684
171.75421,30,191.676835
-507.62244,25,191.686691
181.04755,36,191.711808
-1598.1901,16,191.711892
-845.3198,17,191.747765
-1034.6797,7,191.799669
274.8946,40,191.799738
1036.0352,49,191.822972
-984.09235,6,191.823048
-136.82642,19,191.823065
1434.5841,43,191.845918
-930.47754,14,191.859756
-683.77185,15,191.859839
1315.2822,98,191.870385
-1018.4797,2,191.8927
-939.67737,4,191.89278
-119.072754,34,191.892795
2512.1619,68,191.913203
-669.9769,9,191.913622
-1061.2068,5,191.930416
-1037.2167,2,191.930497
-1828.5671,12,191.952079
-1269.1713,37,191.952391
-206.53809,46,191.952412
-1021.83826,5,191.975667
-1400.4697,15,192.011539
1474.6494,60,192.011602
-993.05963,9,192.011631
-960.07025,4,192.023172
-2658.1511,35,192.023253
-927.06836,18,192.044065
-1856.042,10,192.044149
1460.9729,45,192.092977
3695.2695,69,192.093068
293.5348,76,192.106862
4126.7915,117,192.106988
-850.5343,20,192.107008
-844.8372,5,192.107016
-9.460388,25,192.130241
-1132.6991,10,192.130311
-1028.2452,3,192.130326
-938.8479,12,192.158021
-779.25415,12,192.170387
-858.3861,10,192.227926
-689.4297,10,192.228016
-1104.2194,8,192.251688
-880.54376,21,192.299146
-1302.7042,4,192.299245
-1098.0516,26,192.339875
3004.287,84,192.365582
-3882.9658,39,192.391953
-1221.8547,33,192.411792
-1359.612,10,192.424103
-1536.647,25,192.437193
1769.9542,60,192.450239
-906.181,65,192.463541
1148.9961,46,192.486305
-879.28955,11,192.502222
-49.48517,32,192.502299
608.4312,34,192.515034
1034.5111,50,192.515135
-1168.3148,34,192.527124
-1152.3918,6,192.569237
-1219.5446,8,192.569311
-1075.5243,8,192.605164
840.12555,53,192.605294
3818.9856,96,192.605309
603.29755,39,192.62384
-1547.0309,16,192.62391
-993.4002,3,192.654399
-1040.8668,3,192.665712
-803.68976,12,192.665777
-1086.9612,8,192.678838
-1910.8455,18,192.678921
-300.0019,58,192.678936
1016.5092,61,192.711838
-702.6278,39,192.725079
-1203.9125,6,192.761938
-1673.7739,9,192.774598
-1344.7542,3,192.77468
-1009.85736,2,192.787825
-959.6728,9,192.787912
-598.9598,22,192.823716
5828.8433,126,192.866889
1760.0938,58,192.866971
1013.9052,41,192.866986
-1255.3531,18,192.892258
-1279.8547,17,192.892329
-74.08179,55,192.934427
-2724.3098,13,192.934522
-397.8642,39,192.934543
-1806.8331,32,192.934548
482.9485,39,192.966538
-1092.0961,8,192.979205
-1090.8114,3,193.004592
-1032.2422,3,193.016918
-1634.5962,11,193.053696
-1665.3599,8,193.147822
427.88977,34,193.161797
-978.9756,12,193.161884
-1554.671,11,193.161905
-344.33112,18,193.171054
-337.12457,28,193.182698
-1031.0956,3,193.195374
-2265.1628,24,193.243751
4335.746,84,193.243832
1153.4895,53,193.254225
1315.8057,35,193.312976
1046.3923,36,193.326569
3346.4111,74,193.347936
4070.9883,82,193.359374
-449.15326,37,193.369695
-928.75464,5,193.39441
-605.1654,17,193.404256
-862.0195,8,193.416484
-873.98926,14,193.427563
-1029.443,2,193.441154
637.446,53,193.452725
-712.8705,11,193.495476
1654.2515,68,193.495565
-1532.0092,28,193.526577
-1314.5052,7,193.540217
17.706238,50,193.572883
47.986633,50,193.57295
-1096.8237,16,193.593269
2452.183,67,193.617639
-862.61487,11,193.669842
4260.974,87,193.711773
2353.1853,75,193.72498
1690.1453,85,193.751901
3366.2295,92,193.781665
-461.4709,14,193.794858
-736.44946,32,193.808487
-1134.999,7,193.846716
-1929.4185,9,193.846811
-1972.2078,22,193.870983
-1095.196,7,193.871135
1281.6951,56,193.887867
-110.096924,31,193.887947
-2634.1748,19,193.919995
-2205.2148,10,193.947966
-701.4934,11,193.996317
1109.9888,118,194.031564
1241.7861,62,194.031678
-848.98676,13,194.043452
-1214.2579,15,194.079505
-2818.7554,16,194.079583
794.22284,44,194.079597
-1031.1813,4,194.13523
-1760.6158,17,194.135307
1084.978,45,194.154224
4747.1226,80,194.177865
-211.18555,22,194.177949
-256.40118,30,194.189558
-2429.7913,48,194.189636
-1717.1187,13,194.203339
1114.6113,58,194.203426
-2608.7437,15,194.228517
590.4379,30,194.242535
3484.794,85,194.242607
2991.1453,63,194.242622
-961.90436,4,194.242628
-926.7657,5,194.271214
-1902.4407,7,194.271306
-783.0167,65,194.659822
-781.90094,11,194.734017
-630.5935,23,194.750119
4707.45,81,194.750218
3637.3213,89,194.750238
-1489.1675,11,194.750247
-1143.1852,4,194.750255
-705.8241,31,194.76867
-1981.5653,22,194.795186
-1008.4208,4,194.814073
-1230.3071,16,194.825551
-1806.827,21,194.846125
-860.3273,8,194.877238
-1017.5649,8,194.877329
-846.2019,32,194.888232
-27.964111,30,194.918411
-955.5268,6,194.929301
-724.31665,9,194.941008
644.06335,33,194.968013
-1289.4807,16,194.991497
-1359.0508,34,195.025238
-843.98456,14,195.048622
-924.35944,6,195.073928
-808.9174,8,195.074033
-1409.2205,35,195.107915
-270.5511,54,195.134447
-939.7739,4,195.165287
-2164.8257,10,195.191769
-1038.9286,2,195.191863
21.03601,23,195.218924
7456.7866,131,195.219007
989.33026,51,195.235415
712.0064,46,195.235512
-194.84515,24,195.248043
-1181.1963,3,195.285853
-2575.3574,6,195.323831
-4018.6362,35,195.36078
-2124.3552,37,195.372841
-1053.1967,3,195.406838
3311.6304,83,195.435997
1593.1298,61,195.451949
-451.68292,19,195.466847
-1718.9783,11,195.48417
-1983.4114,18,195.497573
-1686.4381,63,195.511824
-2179.1064,15,195.511893
-3184.9707,55,195.528747
-1017.5931,2,195.541342
6542.94,135,195.541461
713.47455,56,195.613732
4201.821,113,195.633506
362.91345,30,195.655592
1252.4421,45,195.669579
1265.2762,62,195.669643
-1426.549,10,195.669656
-1480.9431,33,195.669664
-1047.5419,3,195.704317
-1189.2931,16,195.717334
-2112.326,21,195.717423
-977.86414,14,195.746907
500.36682,36,195.746981
-898.37897,5,195.746997
-1292.5482,4,195.769267
-1748.1421,4,195.80149
447.58502,75,195.801597
-1473.6887,10,195.819441
-1047.1582,2,195.841048
1451.1335,54,195.865674
335.92792,50,195.880017
-945.80225,13,195.90832
1246.2927,68,195.922952
-1163.8527,19,195.923039
-910.5617,6,195.923056
-1083.3175,5,195.937811
1732.5769,59,195.937894
893.2791,35,195.961142
-1031.7537,5,195.975202
-863.55035,6,195.998954
-264.68683,26,195.999051
-1891.2803,6,196.010722
-690.14197,17,196.032345
-774.53186,8,196.032454
936.47046,36,196.048185
-1221.504,9,196.05953
-125.41315,46,196.059636
-1196.9117,27,196.077004
-1144.9595,17,196.089148
862.78326,43,196.089729
-1626.4976,7,196.113055
-1003.00977,17,196.113146
-1757.9526,11,196.132221
-1033.2405,17,196.162016
-806.64886,8,196.162111
-2282.648,8,196.175908
-2229.7896,12,196.199915
2038.4441,51,196.215122
4798.891,102,196.215228
-2158.4028,15,196.215258
-848.8891,6,196.247946
-788.03503,21,196.248008
2294.5715,56,196.297229
-546.84143,43,196.323764
-202.86066,22,196.347044
-852.0081,18,196.359793
-2017.0452,21,196.394453
-991.1147,14,196.394566
-126.55713,33,196.444778
-1399.8337,20,196.458418
1640.9927,52,196.470102
748.8462,57,196.470286
-2168.399,23,196.50468
-789.0548,12,196.504767
-2098.9165,11,196.537987
-3890.2744,18,196.538077
1886.2478,72,196.55296
-788.2913,7,196.564784
-282.7533,37,196.582155
-1033.2197,5,196.582215
-955.014,5,196.582225
-1218.6577,29,196.622399
772.479,42,196.622476
-1338.6775,22,196.645764
-1827.1354,7,196.658515
-2287.911,15,196.658616
1207.7078,40,196.669568
913.88354,36,196.66964
-1053.5085,17,196.669658
-917.55035,5,196.693576
1572.6307,50,196.693656
325.57013,48,196.716374
-1048.9777,5,196.730168
-866.5216,7,196.76978
-343.8471,20,196.793087
-1645.4093,10,196.819872
4228.2046,80,196.837707
-809.7097,12,196.837851
-1802.8057,8,196.872312
-1568.5092,25,196.884578
705.6252,57,196.898173
-321.55774,29,196.911832
-1005.6708,15,196.911906
-4559.2583,18,196.911921
558.707,46,196.923701
747.6434,42,196.942497
-991.3255,4,196.942578
-165.7544,25,196.976018
4236.121,88,196.988667
116.78125,57,196.988749
-1070.6478,4,196.988777
-1033.845,2,197.007282
-1507.3068,8,197.007368
-1408.7817,8,197.020128
-1127.1862,8,197.034494
-1249.9594,10,197.053107
-1270.1101,37,197.066371
-1464.036,20,197.066483
-2525.2275,18,197.081754
-993.40344,3,197.097886
-1994.832,13,197.120634
1108.7292,51,197.120845
-2100.58,12,197.176028
-103.68213,41,197.17612
1043.6565,46,197.189345
-937.5408,5,197.240543
-1460.6115,10,197.252957
-2271.4392,12,197.253033
-1221.6357,26,197.266209
-885.4159,7,197.266298
191.67719,29,197.266324
-1444.7637,20,197.266334
780.7019,42,197.294643
-111.41223,22,197.294737
-1292.4695,16,197.294755
-991.7832,3,197.316958
-1811.9773,23,197.317026
-1259.4784,9,197.363372
498.3352,95,197.376703
-226.14429,23,197.376783
-1044.441,2,197.388532
-845.96094,43,197.409151
-1301.9122,19,197.432756
-510.05826,17,197.467083
687.3067,35,197.467176
-884.8652,14,197.4789
967.02856,55,197.533367
-1707.0446,15,197.553706
-849.50415,11,197.603322
-616.3024,26,197.614625
267.13086,28,197.638755
-2141.5398,19,197.638848
-79.01434,27,197.638865
1024.791,32,197.668423
1051.9617,49,197.668562
-1038.3763,2,197.668577
1431.7537,89,197.702189
-1580.7937,36,197.702266
-1640.7843,5,197.723253
-1154.6453,10,198.910552
-690.7783,11,198.910659
956.70233,39,198.947589
-2048.734,28,198.978662
762.1224,89,198.978785
-345.31866,29,199.00033
-1348.5498,33,199.000433
1754.8529,62,199.010483
3452.144,91,199.022224
-636.608,26,199.022318
-3245.8296,15,199.054046
-901.78174,6,199.054132
-1541.929,18,199.054148
-2321.8372,14,199.068147
-1668.0719,5,199.091122
-2233.1807,6,199.105376
-1041.6886,2,199.116415
1741.9626,67,199.127979
-1829.7214,5,199.163145
-1224.1318,10,199.177932
-229.44983,29,199.188988
-857.6861,7,199.212228
-1266.6921,13,199.212325
-622.14624,36,199.245841
-1015.33887,5,199.245906
2477.9966,67,199.261156
1171.0662,60,199.273716
-14.261597,31,199.284253
2858.9111,70,199.296858
-980.431,5,199.309982
-1342.5586,10,199.337209
-439.7875,36,199.349841
4353.2563,99,199.437808
-2776.8582,41,199.450435
1888.5417,55,199.501821
-2169.0535,24,199.535431
2297.3604,80,199.569005
48.81671,43,199.588966
-53.927063,33,199.616063
761.069,48,199.643354
-1167.9802,7,199.643454
513.3598,50,199.663464
-1368.006,13,199.684749
-891.18317,10,199.697807
454.58417,26,199.697898
-1703.1827,18,199.707514
1514.1556,45,199.707576
-893.9872,34,199.71682
3914.0068,81,199.755318
-804.263,9,199.767044
-1303.9725,5,199.779077
109.14252,37,199.779154
1261.0656,39,199.793207
2588.7224,72,199.793324
-1865.8762,17,199.893561
-1872.4609,17,199.906157
717.69073,46,199.948848
-2222.8503,28,200.038904
1381.4664,60,200.079
1261.554,43,200.132819
-189.83258,65,200.132922
2851.2847,86,200.160186
3319.2422,87,200.160269
-262.12183,41,200.196337
386.80737,60,200.217396
599.28217,34,200.217494
2709.9841,81,200.217515
3332.8867,76,200.232393
-847.583,7,200.232479
-1502.4242,37,200.258435
3163.109,100,200.25852
-1007.9099,6,200.293674
1655.6276,53,200.293788
-1035.0425,3,200.293817
955.5778,49,200.293826
-2898.0867,58,200.305892
-895.0098,12,200.32174
-1076.2313,33,200.335107
-474.8329,16,200.343673
-1004.78876,6,200.3695
-1500.8373,13,200.385692
-59.037292,52,200.42978
-486.16498,18,200.447393
794.31476,65,200.4478
-1254.9644,13,200.468615
-1022.7999,2,200.491916
1530.157,57,200.491997
-24.587097,31,200.585524
2496.8496,66,200.585603
-6242.956,19,200.598048
-1457.4016,13,200.666391
-532.313,12,200.764823
1214.0077,48,200.779494
741.57605,45,200.836359
-3215.044,16,200.882398
-806.90826,52,200.90906
216.5144,42,200.982662
-1335.1636,53,201.0156
868.4899,33,201.015693
-1042.514,4,201.030665
-1122.0834,13,201.030752
-55.04944,34,201.030766
-230.03125,63,201.030771
-1095.1106,12,201.044341
-281.05957,87,201.056429
1732.423,105,201.080163
962.24567,61,201.090738
381.4942,48,201.106049
-1198.0382,6,201.106139
2453.6406,96,201.11735
1411.1069,62,201.117433
-907.03937,6,201.128344
-1001.1392,2,201.137384
-1672.0681,4,201.137474
-1340.1932,11,201.158505
682.8118,27,201.170293
-2169.1638,13,201.210273
400.58453,89,201.22124
-1050.9807,3,201.256006
3696.1475,77,201.268608
-1107.4753,9,201.268713
-1206.694,5,201.268727
-1282.7362,14,201.291879
-797.0807,67,201.291972
-1484.7908,4,201.317807
-813.84265,6,201.485329
-253.0777,26,201.485417
-1225.5045,6,201.51066
719.10223,78,201.510757
2053.1633,86,201.521847
-149.10901,30,201.54158
5244.871,108,201.551668
-931.78955,7,201.588524
-975.55133,7,201.589078
-847.6447,7,201.601288
-1046.4248,5,201.612035
3796.5498,95,201.625829
-1712.7733,22,201.65941
2613.8708,87,201.659517
383.71808,37,201.72545
120.29047,40,201.739399
2236.9534,67,201.739482
1049.0076,68,201.767701
-38.773926,44,201.767812
-835.171,25,201.792602
1836.4985,51,201.804608
-989.5093,17,201.826746
1282.2728,53,201.826837
-1291.4944,14,201.840711
432.27423,37,201.871229
-1794.5574,12,201.898063
941.16754,38,201.933797
-931.6881,3,201.933872
-924.4667,9,201.957299
-1622.7664,16,202.033094
-650.98474,10,202.05794
-345.28357,38,202.070689
-1058.0747,3,202.10569
-1110.5319,11,202.16403
-2453.583,36,202.185319
-2421.111,19,202.185398
184.42023,29,202.216759
-1230.745,7,202.238936
-899.557,6,202.25111
-517.6561,83,202.263545
-478.6218,39,202.295544
-981.6269,10,202.295636
-1686.9365,6,202.31264
-1054.5966,4,202.347674
4257.257,89,202.37359
877.9266,51,202.385663
3345.7695,71,202.411316
3104.0625,91,202.422394
-853.8318,15,202.450619
-987.4659,11,202.450795
1104.2017,64,202.450835
-841.495,7,202.46795
693.10205,80,202.468025
-1074.1458,10,202.515176
2109.8628,48,202.515254
-1166.8535,16,202.553877
-943.8822,9,202.567393
1161.198,63,202.567482
-1044.2637,2,202.593616
8482.025,106,202.59369
-917.4039,6,202.593707
1984.7676,73,202.627481
3027.7988,68,202.639323
3701.341,85,202.658457
-1249.1521,8,202.658546
-1062.2722,5,202.658568
-983.5946,3,202.670055
-434.11414,33,202.670185
-1015.82654,2,202.693915
-1165.5714,15,202.704027
-327.45917,21,202.726379
-777.2159,13,202.74474
-1087.9335,23,202.768088
-1005.0812,4,202.789043
-819.3364,37,202.789131
-2456.555,14,202.789152
-650.75806,12,202.811907
-1083.6459,4,202.835903
3047.5876,112,202.855984
3982.0264,96,202.85607
-1269.9302,5,202.872779
1939.9109,86,202.87287
-951.06976,6,202.887754
1359.1206,63,202.921453
-1881.479,19,202.933826
1825.0541,55,202.946189
-1003.6011,3,202.966462
138.16321,41,202.979795
-1502.4968,12,203.017986
-656.85876,11,203.018085
-878.1046,9,203.029269
-1350.3896,5,203.080375
-2677.4775,12,203.093299
-2033.0515,13,203.130126
-558.8784,13,203.18066
2178.6367,56,203.200346
1325.7412,47,203.211227
1814.0488,128,203.211303
442.9223,31,203.223971
-2119.6677,12,203.23349
-1740.6747,13,203.233588
1124.7715,47,203.265135
1305.0933,67,203.285718
787.3342,46,203.30469
-970.28564,6,203.304795
1253.0715,38,203.331574
-1267.5365,4,203.331688
255.79584,38,203.34359
5687.183,102,203.354351
-962.4819,10,203.370031
-824.683,13,203.370111
-539.99054,16,203.438348
51.84778,55,203.450524
906.7371,49,203.464233
-1598.9191,15,203.476146
-1321.7404,14,203.500811
-352.29364,30,203.546089
-104.1532,20,203.578857
4835.9175,94,203.652122
-1181.604,10,203.662684
-1115.492,29,203.676428
327.08466,71,203.676505
-67.88666,21,203.689472
-988.4342,3,203.713414
-1042.531,4,203.746398
-1040.05,2,203.746511
-1024.8931,13,203.746531
-1616.3438,10,203.793496
5248.0806,88,203.793585
1356.9944,48,203.807888
-1639.8223,5,203.807974
-892.0455,12,203.807999
611.87006,67,203.80801
-933.71466,5,203.808021
-409.64355,29,203.808031
961.9357,37,203.820577
-1017.795,2,203.834596
-534.55444,30,203.8347
-898.9054,39,203.847196
-1042.2218,4,203.847291
-1044.0981,5,203.87094
-2212.9326,5,203.871437
-1010.9008,8,203.896092
-896.3435,7,203.896189
7188.047,86,203.896208
2146.5366,63,203.907783
-629.4595,10,203.953382
-1506.6472,11,203.953487
-881.8921,6,203.965516
-1570.0281,6,203.965665
1878.0416,51,203.981666
2298.3752,79,204.001475
-2771.9275,42,204.012444
-695.84357,8,204.045424
3065.8296,69,204.064544
-1361.8407,18,204.064692
5997.905,108,204.098095
-79.74664,32,204.098436
-1135.3782,18,204.155584
-1761.1886,9,204.155673
-2127.3823,23,204.168103
3026.1438,118,204.191461
238.00055,30,204.216824
-787.04535,8,204.216911
839.0595,37,204.238967
-2049.4097,31,204.250968
-1040.1981,3,204.251056
-634.32764,15,204.285246
3.5611572,23,204.285331
-1028.2449,5,204.302663
521.21594,79,204.314057
274.16608,34,204.326685
-1953.666,18,204.342798
2471.362,67,204.342874
-878.4663,4,204.34289
858.0931,33,204.35552
-1022.47205,2,204.355615
-1308.7339,30,204.379218
585.5932,47,204.429191
-2554.1243,22,204.429322
-409.8676,17,204.429338
-961.0852,6,204.429344
-3665.3733,31,204.443772
3275.6624,91,204.473851
-956.1101,15,204.484527
-753.95636,5,204.496572
-1220.8092,13,204.508969
-2368.8308,20,204.509543
-109.78088,33,204.509608
-1045.9299,3,204.547401
-980.8764,4,204.547482
-1176.9042,5,204.569454
-992.4354,3,204.583011
1133.5706,45,204.583127
532.55133,27,204.595069
-1576.3464,14,204.60975
-1009.0864,5,204.633365
-1086.097,11,204.72709
-1142.8953,9,204.727154
426.02698,46,204.739586
2829.9731,66,204.739675
1191.5386,59,204.739696
530.6501,36,204.761677
-21.517517,26,204.761832
895.7569,34,204.776079
-2160.078,21,204.776177
-940.8293,4,204.776198
-2179.0576,35,204.793933
-402.29877,29,204.816586
-932.3004,4,204.830222
-1179.9453,9,204.852796
-1855.8757,37,204.852882
-859.1648,6,204.867363
-857.0024,8,204.891151
-978.8265,4,204.891256
-979.6061,3,204.933564
-935.87335,5,204.93372
-3.0719604,57,204.933747
-1030.5468,30,204.950662
-1279.0903,29,204.983505
116.065125,21,205.024491
-793.93585,9,205.094213
2722.5054,59,205.094305
-1240.627,12,205.108307
2336.0305,79,205.13437
-680.53955,20,205.146569
-700.2294,54,205.146668
-83.38995,50,205.14669
-715.8768,8,205.203081
633.2574,34,205.2206
-951.08435,6,205.220725
-2008.146,11,205.232305
-1039.8198,2,205.232359
-2564.6301,9,205.247541
-76.68036,35,205.247629
211.70453,73,205.311904
-47.50714,37,205.312066
1504.318,90,205.335108
-504.32477,34,205.367633
-613.11365,13,205.401968
-61.664917,42,205.40206
1003.3311,49,205.402076
584.8559,38,205.418082
-1047.942,3,205.444435
3744.5122,79,205.487051
-1259.441,7,205.508664
-994.07385,5,205.50876
-1039.7284,31,205.536413
-126.0979,27,205.566601
-701.32916,26,205.580577
1505.3447,66,205.608553
2271.749,53,205.621463
2048.936,69,205.644338
3089.7244,78,205.657283
-1034.0106,4,205.669013
-1456.9856,21,205.679277
-1082.0912,10,205.691805
2306.271,63,205.703239
-1936.8367,8,205.703329
-2693.1787,25,205.73913
-1564.137,18,205.739254
-1063.8707,5,205.762835
-2343.9673,41,205.76325
-980.03204,3,205.7751
-1984.5688,11,205.819204
2301.753,95,205.830619
-920.0365,6,205.830721
-3985.888,37,205.84041
1841.8699,40,205.840482
-844.0382,8,205.865686
802.5452,61,205.866021
-1088.3694,4,205.879843
-1031.7407,4,205.893309
1129.6637,48,205.922895
-1293.8945,33,205.934739
1068.053,56,205.934828
922.5179,63,205.945177
1048.8625,74,205.958583
-849.04254,11,206.033097
-779.21606,15,206.0332
2109.3594,56,206.03322
-952.9759,8,206.055364
-922.7303,7,206.055435
-1303.2224,22,206.055452
-1499.2201,13,206.055459
-1904.5005,14,206.08883
-550.65125,13,206.101322
-290.59296,20,206.113386
-871.68494,6,206.113461
-1025.3346,2,206.113475
221.8692,34,206.113481
-981.88196,7,206.129157
1923.7786,69,206.129263
-839.63824,7,206.141954
-1037.3695,4,206.154585
-1010.7055,4,206.165358
-892.78485,46,206.180241
812.59314,45,206.236442
1636.371,58,206.270251
460.89,24,206.288158
-998.7084,8,206.288263
-1362.1743,17,206.347715
236.52069,40,206.347823
-962.1976,9,206.394249
2393.5483,54,206.408661
2991.635,72,206.466239
1840.8933,59,206.466323
-2246.8872,11,206.476845
-1031.4719,3,206.501315
-992.5218,37,206.513744
3268.8914,64,206.546494
-1055.5447,54,206.563883
-848.5304,9,206.578837
884.8876,42,206.578901
1348.4219,39,206.619467
-776.16895,24,206.650436
2123.0098,79,206.671451
284.5918,43,206.684011
-1629.1104,22,206.684105
-46.978333,35,206.71664
-1016.9496,4,206.726391
2185.7368,64,206.747312
1802.8943,58,206.761608
-278.82373,21,206.761675
-2900.1892,15,206.761691
-1672.8577,17,206.78263
-985.9437,6,206.943768
809.0932,59,206.999847
-433.17407,39,207.020339
-98.87482,57,207.020771
-621.64,31,207.044051
-1178.3743,10,207.044185
-996.49084,3,207.055201
-1025.2344,3,207.055344
191.5517,35,207.055369
11.927307,30,207.074071
1636.3392,65,207.074176
-1492.0656,15,207.10605
-1819.6118,13,207.118581
997.8989,66,207.128866
-995.96136,3,207.149614
-90.47992,63,207.162007
-788.2834,9,207.193107
-1266.508,15,207.193218
-1241.8585,9,207.193242
3492.3604,75,207.20665
-3043.955,14,207.231464
-996.55676,3,207.231586
-1831.2418,65,207.231606
-1019.1236,2,207.254066
-589.84705,28,207.254173
481.2716,45,207.284111
-943.6992,4,207.295583
-889.2948,9,207.295661
393.54254,35,207.342985
-1331.5391,5,207.356177
679.62836,47,207.371114
-73.80768,42,207.385848
-667.40356,12,207.399505
-2356.796,11,207.422653
-350.71265,23,207.436308
210.49554,33,207.473454
-340.15533,34,207.487121
-1991.7457,24,207.500874
-1375.2861,50,207.534811
233.45026,61,207.595173
1933.8767,62,207.59528
-722.4983,29,207.595292
-1521.5303,15,207.595298
1442.7083,43,207.648863
-824.01404,33,207.649263
-1339.3108,14,207.673248
-1031.1312,2,207.700046
-2563.6858,51,207.700131
-1767.444,42,207.700151
-1081.3918,8,207.700159
578.5652,32,207.710011
-804.8993,15,207.78694
-153.52179,29,207.809506
-1859.0239,13,207.865669
464.33337,30,207.866044
581.12555,59,207.87709
-1439.4133,20,207.89977
-740.2738,9,207.899998
614.4585,43,207.928885
-1018.4198,2,207.928981
5898.4854,138,207.940208
-347.63434,46,207.9723
4622.6157,96,207.972801
2287.7012,73,207.984739
200.44513,32,207.999544
-1042.3817,2,207.999615
-1458.4353,5,208.031651
-1481.5371,4,208.043178
2569.7556,56,208.055449
-564.1653,34,208.072398
-1044.2609,2,208.07248
-782.93835,38,208.170496
-1208.8053,37,208.170567
-661.0419,24,208.230956
-1867.8708,32,208.273672
2263.571,56,208.300613
-6.2805786,31,208.316187
-1834.4016,11,208.316259
4319.2246,75,208.316274
1047.5591,52,208.34992
-2251.784,23,208.363213
-1290.3792,11,208.374059
-1099.6453,7,208.399702
2046.0343,68,208.399785
-767.30975,44,208.417295
-699.845,35,208.42971
-2133.8352,44,208.449488
534.0158,75,208.449566
-993.0352,4,208.462141
-1076.1794,4,208.473539
1431.7124,64,208.496186
1960.1018,56,208.507697
2523.4827,88,208.529095
862.38446,50,208.551831
3928.9783,108,208.551948
-974.2997,7,208.551977
-2260.4556,16,208.551983
-1033.845,2,208.570099
-51.36743,43,208.61373
696.98236,37,208.639227
-1475.7893,8,208.649912
-358.86737,28,208.662716
-1321.9395,3,208.676991
-43.509155,30,208.69302
-1815.0068,19,208.693105
-1042.0242,13,208.714981
-926.53174,22,208.729299
-812.6107,7,208.760038
-887.9132,7,208.774695
684.43146,58,208.804612
736.1253,60,208.804713
846.6359,42,208.817563
-993.0404,6,208.817658
-925.5751,22,208.843083
-206.65936,43,208.854372
-506.11444,29,208.875668
-1048.7412,4,208.892572
316.52478,38,208.892634
-852.931,5,208.940008
-1041.8192,4,208.940082
-911.417,18,208.954215
2840.9114,75,208.954304
600.63715,45,208.954322
-1040.488,3,208.988456
-933.31213,18,209.032799
-451.13074,13,209.099988
2295.0195,61,209.124494
-661.70166,20,209.124549
-197.22528,29,209.147458
-1076.2666,33,209.161371
622.0732,46,209.187624
654.78754,35,209.224679
4756.6987,109,209.22506
-376.08594,35,209.236929
-966.12915,6,209.257768
-1467.02,14,209.271622
-141.01904,58,209.271716
1824.5222,63,209.297201
296.14404,36,209.376786
2837.8628,65,209.37685
-549.19196,44,209.388562
3499.5352,79,209.388803
2591.9302,58,209.419962
-1176.4783,9,209.420036
-1089.0521,3,209.43098
80.48407,24,209.431112
-1289.6832,5,209.447219
-1005.09125,16,209.481335
2624.3936,67,209.492799
2686.189,65,209.511729
-828.6631,7,209.511814
1122.7435,47,209.528734
607.28217,52,209.5955
-1125.616,34,209.59559
3580.477,90,209.614659
-1862.9453,18,209.627829
-1046.615,3,209.639726
-777.9117,50,209.661828
-1290.4558,12,209.674965
3002.102,73,209.69531
-1075.5354,4,209.695405
-813.0707,10,209.775345
-1405.0068,11,209.775433
-1223.4841,41,209.828451
-589.20294,31,209.85401
-1971.731,11,209.854079
-700.23706,7,209.866731
1157.6729,47,209.866824
664.3044,30,209.894003
-483.02325,38,209.89412
998.6622,52,209.918396
937.7697,36,209.918444
2673.4536,60,209.918454
-1027.9413,8,209.929634
-961.9667,5,209.958065
485.56708,35,209.969356
-1518.3696,9,209.969534
343.09296,29,209.989629
-798.51965,11,210.006025
-857.58716,7,210.006093
3212.037,67,210.031518
-844.4122,16,210.053679
-659.32166,29,210.082
3025.073,87,210.130041
2794.1807,67,210.130126
-3116.3518,15,210.130146
-1552.0787,12,210.130154
-1692.0354,34,210.151563
-2094.333,56,210.207946
-1639.5173,6,210.208033
-1743.7856,26,210.221911
-1023.481,2,210.245405
1997.8359,58,210.297286
-351.66876,17,210.297368
2312.631,68,210.336775
-536.8314,24,210.369722
-1765.2703,21,210.410315
-901.62726,13,210.424173
418.93597,48,210.424263
3200.2961,67,210.424282
-399.80078,35,210.476681
-1044.6876,6,210.497143
-1030.9259,2,210.522456
1086.9751,38,210.522552
-1159.1085,13,210.536688
-356.6126,26,210.548916
181.10284,32,210.562764
-131.1961,44,210.56288
-991.2981,3,210.562902
-1593.6196,18,210.576973
-1836.8337,13,210.577342
-2127.3853,35,210.587472
1241.0599,47,210.598485
-994.2588,3,210.61326
-1113.5105,24,210.613355
-1248.8972,6,210.625326
-790.19965,6,210.63903
-661.82825,17,210.639152
2799.067,71,210.651206
1137.333,56,210.66128
-210.12604,61,210.695438
-906.9216,12,210.709342
-918.5274,9,210.709434
5502.0386,111,210.733489
-1617.7404,57,210.746101
-1331.0808,11,210.774733
1323.6702,47,210.808125
-2190.1616,11,210.840686
-1546.2827,8,210.840827
-2180.8784,34,210.853894
-1916.2319,72,210.877893
-938.9839,6,210.890818
3395.0803,63,210.942091
-2269.6702,14,210.959131
-1688.792,6,210.971872
-802.65356,9,210.971937
-175.0971,29,210.985389
-743.7183,6,211.042754
81.88287,31,211.066657
593.70386,43,211.089104
-494.40836,42,211.089171
2714.769,62,211.113743
1469.4928,42,211.113835
367.5866,42,211.130823
-994.44324,3,211.130911
-544.1447,14,211.142394
-1063.2231,12,211.142474
-922.7613,4,211.142491
-1427.6691,13,211.167323
231.97089,43,211.204905
-695.90247,11,211.219596
-800.9432,8,211.231734
-1411.0994,40,211.243283
-490.61987,28,211.255768
-1003.84045,41,211.255869
-1095.2053,6,211.28478
-1885.7694,52,211.309478
-1349.1375,14,211.322074
4851.1084,95,211.341286
-1270.6812,6,211.341431
510.20758,27,211.341453
-1781.4324,22,211.396327
-1581.5376,6,211.396437
-1044.2538,2,211.428211
-925.0833,19,211.480644
1512.8533,50,211.508903
-336.53687,37,211.535767
-1535.762,10,211.559059
740.9095,33,211.559145
-2100.1768,8,211.585655
2339.96,63,211.585755
5210.525,85,211.600291
-1027.5922,3,211.600412
-1108.3824,16,211.61472
2405.955,76,211.61525
-1030.3252,3,211.627002
-1062.6875,3,211.651253
3945.9736,77,211.664503
-1243.5208,28,211.681438
-986.1572,3,211.700757
2710.988,86,211.731551
-1029.6072,2,211.731643
550.6009,47,211.745095
-1144.8754,17,211.745175
-1016.83777,2,211.756897
-989.93896,11,211.778131
118.00604,37,211.792871
3987.0376,72,211.824043
608.6792,45,211.834837
-1048.9513,5,211.850878
-926.9296,7,211.850944
-264.32446,17,211.850959
-1958.1633,51,211.873
-1538.4973,13,211.873087
-1032.2931,2,211.897094
-996.9468,11,211.897185
-1132.1725,27,211.923128
-1028.7462,2,211.955596
-409.4936,27,211.95574
-1885.5728,8,211.973919
-984.09894,8,211.974004
-1027.9357,2,211.986296
-1911.43,8,212.012622
-998.8631,3,212.026905
-1034.4636,2,212.036483
-1414.075,20,212.048222
-1227.8394,15,212.059747
486.95612,58,212.059843
2186.9333,61,212.090049
-753.85333,34,212.090129
-2077.2134,56,212.111874
1594.7551,56,212.111944
-1026.3368,2,212.111962
-769.0924,6,212.134577
-40.17041,35,212.17295
-603.2939,11,212.19881
-212.36145,45,212.212304
1623.6421,79,212.212389
2525.4263,81,212.236305
611.4568,45,212.248286
-209.15656,35,212.282233
577.6506,30,212.282325
-1933.9497,7,212.306769
3119.9312,72,212.322883
1087.0455,49,212.5437
-772.9663,22,212.556036
-199.69775,33,212.584888
-1307.9266,46,212.584958
877.425,34,212.618439
697.7022,47,212.632197
340.14697,31,212.654889
-906.40076,4,212.667579
868.2973,32,212.667653
-2273.2297,19,212.685612
-1043.0636,44,212.685697
-640.42004,26,212.701017
-929.7601,5,212.701131
-2823.2512,11,212.711192
-1926.9944,9,212.711246
342.8186,47,212.722666
614.1054,49,212.736323
-2079.5464,12,212.747383
1252.834,62,212.761835
-897.387,7,212.772912
-5367.726,24,212.773272
-1029.6924,2,212.8002
-1036.2893,2,212.800277
451.71295,27,212.800292
-1560.2959,10,212.800298
791.077,40,212.835159
-931.97577,5,212.860201
365.5136,40,212.860305
-771.93964,17,212.874669
-458.61188,50,212.902855
2410.87,54,212.925489
-866.9585,14,212.925597
-877.3536,6,212.953983
-276.26764,21,212.966445
-634.71545,46,212.976793
2170.5332,63,212.998445
964.3711,52,213.092206
-1357.8661,8,213.19381
-466.29596,20,213.193875
-910.82526,27,213.193891
-224.99426,32,213.193897
118.24225,43,213.217006
-833.7831,29,213.251772
-868.62195,7,213.272581
-940.6363,45,213.272671
-1518.6079,40,213.286755
1613.085,40,213.32008
-995.8215,3,213.320186
-995.5551,32,213.379859
-1419.1636,11,213.379948
-948.4399,9,213.428864
-1289.2295,14,213.443135
575.7076,53,213.443213
422.35706,40,213.443231
3516.1016,85,213.466191
-883.91455,23,213.477414
-2052.9502,5,213.507993
-1289.9166,6,213.543117
-1510.9557,25,213.543194
-2527.7827,12,213.55433
1832.2068,64,213.566632
2918.67,84,213.617377
-906.5641,6,213.63039
863.32153,53,213.642975
-734.43976,28,213.643068
1670.4844,78,213.660769
-1074.3198,10,213.674021
-1034.9774,2,213.687717
3108.6497,77,213.687801
-870.5498,24,213.719011
1772.7449,80,213.731001
-1507.919,15,213.742902
3375.1792,83,213.754554
3978.3574,81,213.765781
-2878.0647,22,213.781562
-5088.563,20,213.781636
-985.0373,8,213.796062
-988.0825,9,213.796187
-1492.0544,25,213.820656
-2328.1013,14,213.830946
-1018.62866,4,213.843656
-1136.4592,15,213.857866
3239.5364,77,213.857975
-1023.7168,3,213.891798
-353.25684,23,213.966598
1849.8374,81,213.978626
367.25134,59,213.978707
-2035.8037,17,213.992734
-1110.5087,8,214.007161
-584.00366,40,214.007233
-1023.7236,2,214.007247
-1312.3784,12,214.007252
-1046.0427,2,214.035828
-1028.997,3,214.046912
670.6579,45,214.073478
405.64935,37,214.073585
-1682.3474,19,214.073608
-1025.2256,5,214.099946
-1044.2637,2,214.100074
-1688.9824,9,214.113912
2867.9072,91,214.114276
-1759.21,6,214.146074
911.46356,40,214.159576
-2446.1895,10,214.176522
2340.8413,74,214.176578
677.8504,33,214.17659
193.84283,30,214.200766
-1030.4896,2,214.223862
975.51025,41,214.280422
876.2163,43,214.280504
-1280.103,4,214.331748
-879.4973,13,214.331833
-1571.5453,6,214.355625
154.55823,40,214.368813
-1032.389,3,214.404072
1808.239,59,214.517688
1304.261,43,214.528058
-295.58148,30,214.528139
-649.18677,38,214.551087
3253.8792,95,214.551163
3018.9985,69,214.565929
-3170.8545,19,214.578099
-955.60864,2,214.578175
1091.5432,63,214.578194
-35.59082,51,214.589508
637.4881,62,214.601083
-1019.3127,2,214.613171
-2010.0319,18,214.613289
-1031.2985,3,214.613309
-890.5406,7,214.613317
-1121.1614,27,214.657031
2051.3389,53,214.657147
555.7971,39,214.688414
-886.0612,5,214.710088
-124.60138,48,214.722955
-809.5006,13,214.723033
-360.95258,12,214.766023
-1309.71,9,214.766128
1908.7753,55,214.779364
145.3393,66,214.798964
761.5429,38,214.799046
-1981.5337,8,214.832603
-777.9252,19,214.85644
-311.62305,19,214.856771
-1603.0333,6,214.856794
1715.4082,63,214.869482
-1171.8999,14,214.869555
3211.1123,87,214.894087
-998.7821,3,214.907228
18.553589,61,214.916871
-1065.1887,5,214.933218
3239.3643,73,214.962149
-2532.1252,19,214.996234
-416.02545,24,215.015097
-447.93097,39,215.015212
-301.14343,35,215.044516
-989.16785,4,215.05551
-1016.32227,2,215.067352
3839.7104,74,215.067444
4.892639,41,215.067464
-1092.4048,5,215.084845
-1042.3514,2,215.098859
-924.53314,6,215.098943
-1069.7411,2,215.098963
-1047.6619,15,215.109587
-765.44904,43,215.12224
-414.25055,44,215.135009
-563.03015,30,215.170392
304.05908,39,215.214838
217.70728,27,215.226242
-1443.9421,32,215.265049
-146.79889,39,215.265174
-1760.5591,13,215.26521
-647.1985,15,215.291723
-1751.0376,34,215.291796
-2998.1284,56,215.331431
-1825.9937,8,215.331542
-889.79016,6,215.377158
-2108.312,23,215.377272
564.64014,36,215.377301
-192.18433,68,215.399157
-1160.5668,14,215.46801
-716.0588,10,215.481302
-1873.2904,17,215.513669
-399.932,33,215.548043
856.16754,46,215.548147
-1026.9319,2,215.572469
2197.29,65,215.668941
2899.0225,69,215.680382
1378.2302,41,215.713898
-1260.8816,34,215.738794
-1100.4077,27,215.814565
-1255.3983,8,215.84259
-2261.448,60,215.842661
598.61194,47,215.88844
-1407.7244,18,215.911777
784.3323,62,215.924017
-150.46722,31,215.934931
-1045.7676,4,215.959479
-794.1377,8,215.98772
-399.58813,58,216.000813
2968.1626,66,216.001233
1615.4626,91,216.034497
-1264.9811,15,216.034597
6299.4897,155,216.071724
1227.9583,57,216.071829
1728.5886,87,216.101854
996.5402,57,216.115639
2191.8833,48,216.115723
341.0606,57,216.129586
-136.1828,22,216.129658
1905.5813,53,216.140298
-99.51123,36,216.15182
-809.56836,6,216.175921
-631.18097,15,216.187954
-495.14374,10,216.231285
-1809.3429,5,216.245421
3226.7852,74,216.32526
-1152.2773,44,216.377387
1908.6008,103,216.417051
-901.70325,33,216.464274
-1247.5237,5,216.486776
87.530396,28,216.502058
773.5632,29,216.50216
930.9351,37,216.556398
-600.34094,49,216.593156
1233.312,40,216.593245
-1382.0979,28,216.610739
1426.2693,53,216.630393
1766.3553,54,216.630496
-389.77063,37,216.640933
-1024.999,2,216.672769
5414.2437,119,216.685394
1732.1517,52,216.685484
-1250.9197,17,216.728001
-645.95795,9,216.784409
-2960.6626,19,216.806373
-539.10095,42,216.806462
1535.7229,61,216.826977
-966.03864,20,216.853785
-1032.265,2,216.853865
-346.91412,18,216.853886
-1590.8347,6,216.879122
-198.11304,31,216.891265
-1109.3317,8,216.9043
-567.01764,19,216.904352
-786.751,6,216.925296
2894.213,94,216.925371
-36.592957,21,216.937425
4347.847,107,216.9375
-896.2256,6,216.953408
198.31781,31,217.000304
-1381.1052,16,217.047013
1138.7559,75,217.092204
1367.2456,86,217.092311
-3024.4316,14,217.104657
-1645.5634,15,217.126212
2999.0315,62,217.126302
4387.328,137,217.142939
-911.6662,15,217.143032
-1026.0203,2,217.155654
-1135.4182,19,217.165445
1446.0471,47,217.194886
-1974.9753,17,217.222386
-1439.9293,14,217.283962
4717.4033,87,217.321989
-944.9262,14,217.3358
-3668.0227,42,217.347127
-958.3915,16,217.373096
2115.5244,71,217.40527
-1037.8224,5,217.416079
-1211.9308,20,217.43457
482.20135,39,217.434648
1305.1772,79,217.434665
-1036.9716,6,217.458217
-278.59186,43,217.46904
-379.0465,28,217.482641
-1441.4702,14,217.482728
5834.803,104,217.482744
-772.08923,29,217.503347
2672.3572,59,217.503431
-1034.393,3,217.512485
-1950.991,10,217.52576
1409.0068,52,217.537771
-972.4257,11,217.558629
-905.1029,7,217.558955
-1409.4036,6,217.581517
-155.41394,31,217.581599
-1124.0889,6,217.593585
-1014.94165,3,217.604569
2802.0166,54,217.659282
2555.9666,80,217.67851
-1332.2468,13,217.701838
-966.30743,4,217.723344
3740.296,94,217.740089
-1858.3337,42,217.740183
-375.25208,32,217.758611
-1800.2725,15,217.80418
-180.34332,23,217.804339
-867.6443,7,217.823241
-876.2609,10,217.823435
128.54572,56,217.84702
-989.17474,4,217.84714
2572.145,68,217.847172
151.44098,24,217.85798
240.03656,33,217.888048
-495.7528,20,217.888123
-1121.042,6,217.898232
-768.96484,9,217.898309
-841.7981,6,218.072417
378.6441,45,218.098544
26.328003,36,218.109689
-838.1091,7,218.136565
824.1729,37,218.136746
-1291.661,12,218.136869
-862.67944,8,218.179122
-360.84912,35,218.191422
-1051.2865,4,218.191499
-1201.9435,21,218.210053
-1061.1041,16,218.210147
-100.76514,62,218.221601
-389.14215,16,218.244712
314.47296,38,218.255076
-1785.739,11,218.275572
-1012.0478,4,218.287762
-1043.0931,3,218.287857
-1205.9229,20,218.300368
1277.4131,54,218.313172
-1073.982,18,218.361164
-995.1391,4,218.361258
-1234.1345,25,218.395681
-2864.8662,21,218.41951
-1077.6294,14,218.449753
-775.65344,16,218.476877
-1044.2566,2,218.524393
-1190.7168,5,218.524498
-1069.8749,2,218.546657
502.98602,37,218.546731
-1017.2616,3,218.583162
1282.7017,38,218.583265
2592.7812,82,218.595077
-634.5673,38,218.595194
1182.2598,70,218.620679
-996.5773,4,218.631278
-1038.77,2,218.656815
-334.511,28,218.656906
-1340.1044,18,218.669941
-2711.6274,32,218.684367
-2014.7842,34,218.716151
-1583.24,22,218.737023
-1110.6344,27,218.74832
-1047.9827,8,218.748447
1456.4531,59,218.773252
-1572.3525,12,218.819071
-792.7562,7,218.833076
-1844.3002,24,218.844572
-1069.3097,2,218.864866
-1032.3369,2,218.888119
-1655.2845,21,218.919615
725.6507,42,218.935003
297.51538,35,218.958005
2120.9702,49,219.003069
-854.16656,8,219.014613
-504.71643,35,219.030282
-978.17096,35,219.030364
-2477.9976,36,219.03038
330.00604,47,219.062812
-1019.961,4,219.07743
-1034.3223,4,219.077511
-1273.0847,14,219.106417
-470.37738,13,219.115381
3652.795,97,219.126128
-931.7198,7,219.188074
24.74768,35,219.188145
-1517.4307,38,219.188163
23.890625,34,219.188169
4620.117,104,219.198462
-678.2444,10,219.250145
-690.8328,14,219.250224
200.5957,40,219.250242
-1526.5013,20,219.261745
-682.4029,53,219.273631
3234.8188,69,219.296396
-1031.6171,3,219.307954
176.44952,40,219.308053
-973.38336,10,219.321011
-1384.8763,18,219.397688
-2339.9448,14,219.406909
-13.643311,35,219.417349
-925.5463,6,219.467193
-2064.416,14,219.467262
5419.3926,94,219.467278
-1070.3679,4,219.467285
6240.639,115,219.509718
-181.33069,23,219.538663
-2756.487,10,219.540862
2998.7554,70,219.540929
-993.7231,3,219.580568
5106.786,97,219.580651
-1353.7363,33,219.591914
-1082.2471,63,219.616889
114.48114,42,219.626912
-1473.4905,5,219.641905
-757.7864,8,219.642251
-1109.1907,4,219.666235
529.867,36,219.688071
582.54224,41,219.688154
-942.9171,5,219.701117
-1025.569,3,219.727934
-809.0804,33,219.728024
-961.321,7,219.728042
-1009.6129,6,219.761737
-1702.5596,4,219.777975
-1213.7504,40,219.803266
-1694.8318,64,219.81592
-1021.9217,2,219.834617
-1004.5157,5,219.834774
1310.5146,56,219.880763
3932.397,84,219.916162
91.812805,55,219.926732
-1296.356,10,219.948476
4685.991,139,219.964908
626.335,31,219.965346
1557.0409,73,219.98135
1366.694,39,220.006055
84.10022,25,220.019775
-1769.3103,6,220.03642
-777.04395,8,220.036532
-829.3778,14,220.062823
1477.6162,62,220.075066
-2214.3242,8,220.075165
281.00555,48,220.084654
3123.3706,83,220.102763
-851.5941,9,220.122094
-870.90063,6,220.136908
-14.011108,55,220.178863
852.29877,58,220.217748
-1371.1952,15,220.217842
-1576.9655,8,220.228989
-20.45819,43,220.273198
-387.479,48,220.273311
-815.05554,10,220.332489
-2023.0808,17,220.344599
1013.9903,46,220.358211
-232.80304,23,220.358288
-178.21625,28,220.38254
-1170.3433,10,220.394335
-1406.2433,48,220.417083
275.7827,35,220.417173
-1872.9861,37,220.432501
-1676.6013,8,220.482498
-971.8972,5,220.482576
2263.039,62,220.508002
-252.2157,34,220.508085
38.722717,25,220.531214
-631.0949,12,220.544075
-698.8214,84,220.586591
-2205.0303,15,220.598913
-1045.4432,43,220.599029
-41.723328,90,220.599055
592.138,62,220.599065
-955.92834,6,220.613236
-1035.5413,16,220.632453
1587.8722,49,220.644959
-606.6621,26,220.660424
5213.1343,86,220.673675
-1269.5146,48,220.703136
-933.2292,8,220.716674
-979.46436,8,220.716771
-1031.3306,2,220.725767
547.9548,45,220.743824
-142.69165,43,220.75355
-2223.0083,12,220.767278
-395.56305,39,220.767354
-517.74207,10,220.835103
-700.6033,9,220.868253
124.39728,79,220.911644
-8.809265,34,220.911745
-917.7219,7,220.925526
257.2636,29,220.972043
-830.4432,7,221.00729
382.67828,52,221.007367
-953.8445,5,221.035568
1443.2849,44,221.035645
-2919.6343,25,221.049349
-2161.0164,16,221.078084
-1106.8619,14,221.090032
-996.3103,3,221.090104
-100.27545,33,221.162485
-851.75665,8,221.162541
-1324.1616,4,221.162552
-1105.8262,5,221.18734
-1117.3529,7,221.467988
-1472.9634,15,221.468066
-223.2464,58,221.511034
1787.3728,51,221.633125
-928.9944,4,221.633221
-1004.49457,4,221.666074
-491.61188,44,221.770559
2285.8442,59,221.930044
-969.71466,6,221.930226
-695.35913,8,221.952783
3869.2646,83,221.976245
-1076.7122,30,221.976351
2077.4448,56,222.035274
1670.2062,61,222.035614
-996.3986,3,222.092091
1463.2097,67,222.149727
2067.868,62,222.149791
1494.4724,61,222.149806
-1493.2476,8,222.208647
106.00171,46,222.26208
-614.99854,37,222.348878
-1086.523,34,222.379359
-1513.4426,34,222.404703
-976.2176,3,222.449926
-3100.4697,15,222.450047
1345.8435,69,222.466776
3605.7354,102,222.503559
7801.162,161,222.53005
-485.24896,17,222.530158
-540.8646,17,222.530189
-944.95966,2,222.565263
-1167.9365,7,222.587392
161.38354,26,222.587475
-154.82166,25,222.587492
1080.6615,54,222.587499
-977.2275,4,222.624667
-1020.4238,5,222.624746
-113.605774,34,222.624762
3636.275,96,222.642929
-203.54492,20,222.643017
-1468.7102,16,222.68818
-1493.9124,7,222.688259
-914.1756,5,222.719341
1402.7256,42,222.719424
2764.4539,98,222.734606
-2384.3274,4,222.734712
-1130.1185,12,222.734727
-1040.9011,2,222.773161
1.7582397,31,222.816227
-973.5452,10,222.83719
-40.075867,34,222.861151
-409.13385,36,222.86124
-1343.2698,11,222.861258
-2176.9185,8,222.861266
-882.05414,5,222.888506
161.45026,36,222.941325
-822.0623,15,222.941417
-1415.7444,8,222.985718
-438.24457,50,222.985819
-1066.1221,4,222.985836
-309.64667,29,223.009962
-205.94531,38,223.010108
-2246.3442,18,223.021322
-1920.802,12,223.034398
-921.55316,12,223.054811
-1568.6638,6,223.063688
-411.4095,27,223.109715
-981.0489,4,223.109799
-2592.0237,19,223.135575
839.329,41,223.145979
-906.5565,10,223.178068
1426.8757,37,223.223695
-1452.3392,22,223.236269
-1015.1187,2,223.250603
1317.8081,39,223.250694
-330.7907,36,223.264148
-889.87415,14,223.264249
-1230.4352,12,223.276389
-1451.7319,9,223.314194
-762.4415,7,223.348736
-2346.7861,39,223.400335
-529.7766,52,223.423021
-191.15936,34,223.490503
1112.166,48,223.505992
39.86023,20,223.506161
-518.44525,49,223.554111
-344.5923,41,223.55423
-529.7999,37,223.607396
-168.49225,23,223.607482
-1015.92566,4,223.662736
-877.2694,9,223.662813
3793.9988,71,223.662827
-204.91199,52,223.691892
-601.82635,32,223.691961
-866.20154,8,223.71604
-233.65314,36,223.741179
723.90643,31,223.752993
-1883.9158,39,223.785863
-1797.732,13,223.829093
-979.2458,6,223.829235
2602.5227,61,223.829262
-950.8749,6,223.864702
-1920.9125,16,223.864808
565.62695,47,223.864827
-1251.9995,18,223.911169
2933.8833,59,223.92383
-990.6517,8,223.923944
2773.3203,86,223.943089
-1386.5068,10,223.954604
-906.3002,7,223.954683
-1638.7888,9,223.97889
45.082153,40,223.999435
-956.5765,5,224.013459
1239.2427,40,224.013536
-1019.75714,3,224.013553
-1066.4012,8,224.01356
6617.2847,145,224.047798
-424.3003,39,224.147929
3384.109,59,224.148037
-669.62524,9,224.161911
3841.4814,89,224.179289
6282.2104,111,224.247496
842.04456,41,224.270547
491.399,66,224.283074
-2085.9976,11,224.319866
5858.343,116,224.338362
-3133.7654,31,224.360237
1013.96594,41,224.37978
-1016.7863,2,224.406942
-194.90118,33,224.407023
-2790.8665,16,224.421733
-1366.9838,3,224.443386
-555.27185,38,224.443475
-1044.5503,4,224.472465
-1073.4968,14,224.485615
-1339.774,4,224.497158
3850.3413,75,224.49725
-1032.0194,3,224.509806
-641.8382,13,224.509886
-335.45746,20,224.687294
-766.01196,8,224.68741
1030.5459,40,224.697423
-1199.1626,14,224.726919
4112.1094,110,224.748677
1671.4728,46,224.789698
755.2514,37,224.840314
-1277.7128,12,224.840398
3719.9644,91,224.913094
-94.88403,37,224.926945
-1264.8495,13,224.998562
-349.85974,40,225.050316
778.2292,66,225.050433
370.62378,29,225.121513
2830.223,71,225.15907
1213.1819,83,225.159171
-2075.692,17,225.174051
3318.8423,96,225.174138
715.2534,30,225.185163
-840.8271,10,225.20967
770.7419,42,225.232927
140.17194,42,225.246869
6573.303,106,225.284085
2928.2222,70,225.305377
228.45392,48,225.343941
-1096.7479,4,225.344006
-1219.8779,12,225.34402
-1896.532,18,225.374915
259.61646,66,225.427952
1139.4404,43,225.456777
-1126.106,6,225.469762
1592.3927,59,225.494154
-831.9723,10,225.494269
-1633.3638,20,225.513791
1125.7716,98,225.534096
-1085.4365,8,225.534202
3806.0725,106,225.545445
1510.9236,59,225.545543
-357.48132,28,225.57341
-47.610474,60,225.587019
231.33209,44,225.620686
1109.096,52,225.631413
-898.91864,16,225.651314
2770.9932,62,225.664829
-2942.937,12,225.689132
-974.63007,4,225.68927
-1000.9093,16,225.6893
-845.3233,7,225.712375
-1045.0736,3,225.732005
-1046.1171,4,225.74325
1497.5195,43,225.743329
-386.0257,30,225.743353
-890.8113,5,225.800119
-879.49677,14,225.824421
-81.09308,83,225.838501
-375.47998,53,225.862478
-1216.4448,12,225.886545
221.0539,51,225.886635
424.08856,35,225.90778
-1635.4253,9,225.923475
-293.77014,34,225.923558
-917.21387,4,225.947747
2243.6768,58,225.947832
-979.47,4,225.972347
-1804.147,11,225.985471
-878.50476,6,225.996613
1096.9875,77,226.087898
-995.82477,11,226.102056
-1452.5089,13,226.166715
-216.94043,27,226.221174
161.13452,43,226.221261
790.15186,39,226.221277
2036.7288,54,226.234998
144.46637,32,226.252138
1407.0061,73,226.265328
1686.4377,53,226.275654
-985.49976,6,226.298206
2013.6621,56,226.298295
-993.47345,6,226.320603
-116.900085,32,226.361307
-63.266785,36,226.361401
-784.78125,14,226.3915
1406.7576,52,226.391591
-1038.2864,19,226.404378
-925.7036,11,226.427389
-1514.9502,16,226.458662
3537.7983,71,226.458763
-1935.5012,29,226.484642
-1224.8398,21,226.484714
90.315186,45,226.48473
-1580.0715,8,226.50006
-953.46796,8,226.517502
-1073.5892,5,226.528538
-924.205,5,226.528624
3026.0444,82,226.578362
-982.7004,3,226.578458
-970.0246,8,226.604105
-876.283,8,226.617219
-970.4667,4,226.626586
3232.0105,84,226.636796
3533.5022,74,226.647452
-2019.468,13,226.667777
-1085.2932,9,226.701781
79.51752,26,226.718109
4257.0537,105,226.74034
-238.37134,34,226.740471
-421.31512,17,226.76803
1188.1047,78,226.781542
-1043.3015,5,226.801478
407.2224,54,226.844799
-932.3222,10,226.858477
3003.3875,65,226.868857
979.57837,47,226.882192
50.799133,28,226.895933
-783.2647,9,226.917557
-947.8275,5,226.917696
2453.2515,76,226.970348
-1063.5665,4,226.970467
-1369.52,14,227.042233
-817.0591,16,227.042344
1292.0647,37,227.042414
-1218.3508,13,227.054965
-1049.0703,4,227.108978
-902.1383,6,227.123244
6423.541,142,227.13709
2152.1165,57,227.13723
315.46307,30,227.137263
-1242.7859,15,227.165924
-22.069275,33,227.182762
977.80383,41,227.194741
-1044.2151,2,227.219231
-1568.7456,9,227.231693
-887.3939,7,227.23178
-1328.213,15,227.24239
2130.9548,61,228.613138
448.22192,72,228.613221
-1246.5686,5,228.637178
-1022.7166,2,228.637262
1650.6064,48,228.671566
-471.5232,32,228.684441
1690.0215,76,228.703784
643.4093,43,228.703844
3081.5227,70,228.703857
-1081.0854,5,228.715512
-1760.1826,11,228.733502
-2454.8235,22,228.766031
-186.57593,36,228.795583
-831.37463,6,228.795687
-1869.9939,7,228.820086
-1001.39294,5,228.861695
-1378.6205,17,228.896039
-1358.2969,27,228.919092
-823.83704,20,228.943193
3863.5776,74,228.988811
-1659.3894,11,229.000129
2109.437,69,229.028262
1680.2849,42,229.038861
-889.6873,6,229.063106
3128.365,81,229.088518
-842.2914,9,229.113578
97.27893,39,229.123114
-1009.28033,5,229.174224
-332.46643,23,229.184691
-425.46918,38,229.244598
-1082.763,7,229.269097
3457.8394,81,229.269191
1389.7595,46,229.282448
1874.8743,70,229.295793
-782.841,10,229.295886
2290.4265,101,229.295918
-2127.4656,18,229.314109
3484.3735,104,229.327956
1981.9286,67,229.352909
1654.7983,64,229.353003
-1003.77203,4,229.366274
-1317.0072,5,229.414059
-1875.935,13,229.433427
-141.84674,32,229.433503
-1036.4496,10,229.449889
3791.0225,75,229.472929
-1592.4524,16,229.486631
-1000.06836,3,229.508641
1615.2483,65,229.521676
730.2962,38,229.532915
-1115.8865,4,229.53299
-946.9202,3,229.553612
-894.20593,50,229.553708
-1500.3474,10,229.574626
-1789.4476,63,229.585944
1685.8523,80,229.613868
-1044.908,16,229.640605
-813.8787,41,229.640685
-1370.1831,4,229.682404
-1769.9404,33,229.706904
-2593.083,15,229.716117
-1230.9603,17,229.742023
387.04816,37,229.753525
1732.8438,75,229.753612
-2491.689,21,229.793751
1847.5969,64,229.843551
1024.1506,72,229.871381
-2881.43,18,229.881936
-987.1297,15,229.893816
1608.1562,52,229.912797
4478.95,101,229.935002
-949.8385,5,229.945428
-2247.48,16,229.966496
-2615.1592,20,230.002236
-1027.8649,6,230.002284
-2107.268,11,230.002294
975.0672,52,230.013775
1143.2936,48,230.039907
-1035.5948,3,230.039993
5686.307,106,230.040009
-900.55566,7,230.051929
-880.0357,8,230.103024
-3069.4617,21,230.115249
-658.8128,41,230.124091
-1043.8075,3,230.140202
-542.4712,48,230.151693
603.977,64,230.151795
1104.8206,37,230.171948
615.80225,51,230.182678
-415.88116,36,230.222302
650.59186,27,230.254832
-2623.4482,34,230.296929
1545.485,59,230.297039
-620.4195,27,230.351452
1752.3171,50,230.35152
514.9993,90,230.363335
3758.5234,89,230.384073
3233.7397,81,230.396564
-1542.4292,11,230.432379
-601.9574,33,230.516489
581.57635,59,230.51658
-1122.169,19,230.516594
-1046.9856,6,230.592027
-358.12317,38,230.604135
-657.2471,40,230.604235
1179.8047,55,230.663424
2038.8318,93,230.674297
78.85596,23,230.68716
2579.291,59,230.715122
-1601.5674,14,230.76303
-805.88245,8,230.785379
4473.3066,90,230.785455
2111.7744,69,230.797074
-807.24,21,230.836045
-1772.3235,15,230.856703
-703.4532,43,230.8794
167.67621,24,230.879515
3302.2373,74,230.891615
-1328.0769,47,230.904573
1545.0544,71,230.923735
587.07416,40,230.98537
-804.67816,10,230.998742
2333.0054,54,231.02538
1319.1107,73,231.025452
-889.0436,14,231.086692
-955.8769,5,231.104508
1768.394,83,231.115902
-1159.6866,9,231.156601
-69.09564,26,231.178483
-2063.3242,23,231.189234
-3368.8447,80,231.189317
-1874.1881,14,231.2003
-981.5632,9,231.211465
-937.21576,7,231.265468
3373.4756,77,231.285915
-1433.4915,15,231.286011
4136.704,87,231.298052
3173.0444,108,231.298126
-1004.6202,49,231.323799
-2761.5916,26,231.323879
-1034.763,2,231.352854
1262.633,47,231.352929
-1071.2518,16,231.363918
-1090.4573,3,231.538119
1131.245,40,231.58278
-1127.8097,8,231.593725
1851.9797,90,231.605208
823.71173,54,231.615666
1205.064,51,231.638624
-1058.1416,6,231.648251
5757.8877,120,231.691374
-1428.3716,23,231.719102
-2063.2363,11,231.750272
428.4275,37,231.778455
3078.8562,91,231.778561
-2511.8862,11,231.789743
-450.24286,44,231.802957
1309.8257,71,231.812962
-815.62256,8,231.823878
-882.4424,7,231.856497
-246.28497,44,231.882474
2512.2966,88,231.893983
-276.3247,25,231.913222
731.44696,35,231.934044
-1572.1427,10,231.945272
-1251.7227,12,231.945324
372.1723,34,231.945333
-1302.5352,14,231.962272
-1040.0201,3,231.981704
-1055.2443,5,232.001686
-986.0396,6,232.034658
-1094.3186,6,232.034721
-5.9276123,36,232.053475
2713.7515,91,232.075185
-1210.301,5,232.075293
-1029.8743,2,232.106833
-18.686096,27,232.106911
696.24255,51,232.123133
630.77637,55,232.13434
307.85706,57,232.171904
-899.9508,5,232.171974
-1140.0763,27,232.17199
-812.713,12,232.197236
-757.20746,10,232.208242
3575.0137,93,232.226609
1227.9746,65,232.238133
-1035.3839,2,232.259665
2021.5269,73,232.270209
-946.04694,65,232.270291
-786.91174,8,232.280719
-1086.3927,4,232.316386
-1069.581,8,232.316483
-2141.1848,54,232.347393
-1024.6129,20,232.366838
4110.617,86,232.389907
-939.7001,7,232.389997
1207.9917,38,232.422864
-1712.8915,10,232.431928
-2842.571,15,232.431993
-3705.93,25,232.45202
-1830.9575,15,232.470022
-1028.1611,2,232.478673
-1062.58,19,232.515578
327.59253,58,232.534129
472.02338,37,232.534226
-1013.4702,11,232.561081
702.09064,47,232.572897
3085.6274,69,232.583741
2648.6006,55,232.602568
-2624.2463,6,232.603029
-3782.7104,15,232.613437
-2407.1523,23,232.63133
1006.7156,34,232.650134
-413.0345,15,232.650235
-1590.5151,20,232.676572
-1045.4089,17,232.686931
-1003.2098,10,232.721059
414.8675,43,232.721139
-850.82007,43,232.721152
2408.459,63,232.721158
-1492.1057,8,232.744296
750.36115,48,232.74439
-1115.6757,9,232.774643
2092.255,72,232.789042
-921.93945,17,232.789132
-709.1258,12,232.789151
-1589.0127,9,232.820263
-728.4825,22,232.871359
-831.2949,16,232.871473
-1440.864,21,232.871501
-732.894,8,232.882758
-973.98627,29,232.882827
-2758.964,16,232.912635
-906.4023,7,232.912975
-1674.7439,30,232.988587
1463.904,57,232.988668
-781.8032,8,233.007977
-1021.85785,2,233.020383
-1422.761,12,233.046013
1723.7476,83,233.076766
-123.55188,25,233.076854
-888.1494,5,233.088682
-571.32477,17,233.119096
1262.9993,43,233.137161
3164.9624,84,233.137239
-554.7433,11,233.146818
-965.3218,5,233.185396
-3327.7087,22,233.199158
-1387.6304,8,233.199268
828.12085,38,233.219737
2435.0066,64,233.219884
452.65698,46,233.233196
-2520.0796,24,233.245044
3034.8389,68,233.271561
-1986.8539,39,233.301933
922.4175,47,233.34892
771.35455,43,233.372863
-1322.4852,13,233.392022
-2907.9436,16,233.402832
-1327.676,14,233.45246
-2222.7769,5,233.472145
2930.492,87,233.503131
-2534.73,16,233.52804
-764.2448,12,233.538821
1035.4329,57,233.560008
-958.877,4,233.571702
201.49408,33,233.571786
-1047.8552,3,233.611601
-514.3373,16,233.61167
-993.1497,7,233.62291
-793.11414,55,233.622995
1638.3113,43,233.690811
1268.1343,39,233.690882
668.3094,42,233.772065
2810.6248,71,233.85695
2715.5364,65,233.857042
1142.084,64,233.901666
907.76776,56,233.919695
5470.04,110,233.95512
-1053.1642,4,233.977132
-864.2693,8,233.977213
-1539.4901,40,233.990228
-854.0733,7,234.027935
-1533.8757,20,234.060423
-834.6256,8,234.104286
2311.0264,104,234.141165
-798.71484,12,234.141247
-1072.9121,8,234.177578
-2418.0256,43,234.189047
-2324.478,12,234.202311
-844.8598,40,234.239581
4042.9993,85,234.283212
-1421.122,23,234.29301
-1010.9666,6,234.315232
-222.76929,34,234.327223
-831.2656,10,234.327286
1568.7656,57,234.327301
1985.598,84,234.350955
-1423.2465,6,234.370331
-510.9752,19,234.40664
2322.4304,67,234.424271
-755.2457,8,234.458901
-806.2705,7,234.478751
1417.9161,63,234.49165
-948.5657,10,234.504305
-639.2921,28,234.577769
-1051.1937,3,234.614221
5930.6523,114,234.614311
-1010.59314,17,234.636874
-669.5526,23,234.649804
4287.773,77,234.649904
-1781.2489,13,234.667725
-1071.1025,3,234.691741
5780.2603,92,234.724861
-1159.7252,10,234.811171
-396.84827,35,234.829487
5157.6753,117,234.842561
407.2744,61,234.842667
-826.4815,37,234.842685
-714.4591,8,234.842692
-876.3387,14,234.842698
-1085.3181,3,234.864182
-849.4203,12,234.877337
1986.9087,93,234.90598
-929.86694,4,234.906055
1563.3684,55,234.906073
-1646.2429,6,234.941201
7334.5645,120,234.983555
1558.7957,65,234.994213
-1799.3901,8,235.00405
-1507.8368,10,235.025443
5092.618,109,235.036889
-1021.58246,4,235.036995
-1536.0891,16,235.037054
-1026.7421,2,235.067261
-988.7444,19,235.099972
-3615.7769,17,235.120399
5679.676,108,235.172786
-709.2281,9,235.18544
749.7151,65,235.185513
-387.06427,42,235.213774
-1488.0172,15,235.226173
-1027.0425,2,235.237128
-294.41736,32,235.266614
1021.6804,50,235.278518
7154.465,170,235.324039
-1293.0533,13,235.338542
2858.1733,87,235.338674
-620.89813,16,235.421212
-2289.2615,17,235.445575
222.41705,49,235.457927
-251.48468,35,235.469601
3460.9297,85,235.507863
597.4484,43,235.540576
-544.9783,84,235.570858
-1019.49335,4,235.605688
3813.0508,88,235.624545
2925.5386,88,235.65579
1780.9895,54,235.677279
-996.4781,2,235.698686
341.13763,49,235.749822
835.56573,33,235.76214
129.62732,32,235.762232
1370.1746,54,235.79196
-108.03479,36,235.823712
-47.64337,69,235.823783
-1751.9037,20,235.845936
-1305.867,51,235.846026
2699.5264,94,235.856839
-358.0818,30,235.87536
-1380.9836,7,235.920799
-961.19574,36,235.920917
-2591.9087,21,235.935308
-1421.8826,12,235.935406
-814.4541,5,235.986223
-1162.8307,14,236.019537
-748.8518,42,236.057947
-1156.2944,5,236.058022
-3288.0532,24,236.094635
1250.5281,61,236.094737
-1699.989,17,236.094758
-519.00244,35,236.094766
581.1342,29,236.110233
260.5357,42,236.110359
-192.46338,21,236.149966
-1207.8186,4,236.197036
1083.258,58,236.240271
-3855.7468,20,236.312987
2316.8562,88,236.326853
917.3566,33,236.355275
932.0776,59,236.407484
225.14764,30,236.407558
-1477.1775,27,236.429606
3979.5928,111,236.485212
-1535.7095,47,236.499435
-804.5951,7,236.499495
-897.9087,6,236.518497
522.85565,34,236.529547
-1122.5525,4,236.561028
184.16357,39,236.598148
3986.6606,133,236.610685
-1089.9534,8,236.629632
1099.0553,58,236.629719
6279.3545,137,236.641903
-1652.7949,25,236.641981
-1056.0952,5,236.66583
-767.84155,45,236.6659
-595.34973,13,236.665916
-920.5901,5,236.691524
-852.18164,6,236.691615
-1042.4857,2,236.691635
1578.2369,48,236.711337
1608.208,71,236.711464
607.87775,60,236.725481
-1091.7139,5,236.754391
-544.33984,17,236.781796
8119.5493,114,236.781876
492.81104,30,236.7919
-888.6195,9,236.807823
-1457.7506,9,236.827275
-1199.6091,15,236.837897
1997.587,81,236.865561
-320.6297,30,236.898814
-1347.0067,14,236.911624
3457.5952,74,236.911714
-1224.8823,9,236.911741
2645.4956,68,236.987111
-1917.8232,15,236.987195
-987.2891,7,236.999806
749.5374,53,237.195754
18.156128,30,237.208774
-717.22766,29,237.230486
2491.1147,71,237.25389
212.52264,27,237.313224
-541.5472,39,237.440293
-471.90097,26,237.440403
353.68707,34,237.454317
2375.4634,54,237.465408
-987.6918,3,237.502566
3697.752,88,237.502655
85.28577,38,237.512275
-2313.0195,7,237.539425
1803.814,85,237.565025
2470.0684,63,237.57626
-2220.93,35,237.576354
-1024.0549,13,237.606772
-980.772,4,237.618977
1025.2949,48,237.639791
-1192.9609,36,237.663201
5972.1787,116,237.674652
-958.5484,5,237.696422
-2355.0522,12,237.709075
-2402.0347,17,237.709155
796.42426,48,237.709172
-912.4467,10,237.725995
-995.40985,4,237.726073
-927.63727,68,237.754021
-1024.3906,2,237.777805
-1023.6293,6,237.79729
1200.1804,81,237.830611
-1445.9667,8,237.830691
-688.7373,23,237.841421
-1445.9146,21,237.877119
5330.322,99,237.877229
587.19244,71,237.890577
-1839.8384,5,237.890661
-1422.2917,15,237.890675
3757.8022,77,237.901536
-1404.8455,9,237.901612
-2034.166,11,237.914221
-982.88654,3,237.936286
1782.2476,91,237.971583
39.08954,61,238.003168
-2075.9053,9,238.02429
-1235.1401,12,238.02439
-1403.3024,14,238.057266
-1029.7537,3,238.057343
2872.1755,71,238.074873
-1421.8375,12,238.086684
-831.34656,21,238.09518
-509.21915,48,238.10428
207.47284,78,238.137088
96.8418,34,238.137176
69.70935,36,238.151637
-841.80646,23,238.162564
-877.6003,7,238.174876
-513.0706,53,238.174964
137.57886,43,238.228381
-1247.1956,8,238.241282
-228.35309,19,238.274189
2376.6658,81,238.289754
-1067.0005,4,238.289884
776.67993,34,238.309891
-1775.6987,19,238.309994
-1385.2955,25,238.321444
-31.173645,24,238.355584
-1429.2198,19,238.3687
6487.709,114,238.381219
-928.0716,9,238.435001
-1207.3553,26,238.459998
-943.51495,8,238.460079
-1345.6553,15,238.480854
-962.2097,15,238.480918
-1004.0629,2,238.480948
4511.959,86,238.502984
-495.3724,28,238.51514
-1514.5983,18,238.528623
-939.8403,6,238.528737
-1579.2428,7,238.562736
-1041.4668,5,238.588281
-1776.262,7,238.600845
-1024.0403,4,238.612318
1473.6622,64,238.662341
1329.7395,41,238.662426
2730.536,95,238.662438
-637.9211,20,238.681944
-1012.13336,9,238.729277
-503.8691,40,238.729354
-1032.0782,38,238.751551
1148.1653,54,238.762259
-1693.4109,14,238.774857
-1416.2048,8,238.817585
-1144.6835,6,238.837548
-1640.0245,15,238.83767
1301.3186,41,238.873479
-1767.5428,31,238.873612
2346.9932,59,238.887153
522.25806,50,238.908892
-1253.0227,8,238.935951
659.2685,80,238.936045
-965.118,9,238.949904
-960.4348,48,238.949979
1850.8152,90,238.959715
901.90765,41,238.972164
-2521.3281,23,238.993525
6140.151,97,238.993646
6648.836,111,239.013477
23.986633,44,239.013547
-1987.0831,16,239.013563
-793.0347,8,239.01357
-640.55145,9,239.045453
-1089.1663,32,239.045554
-925.25916,7,239.094066
-1282.8176,13,239.12192
4874.718,94,239.141444
949.1851,38,239.141524
-1507.0784,21,239.150451
-1339.1221,12,239.161835
1893.1392,41,239.161917
2176.8108,53,239.172863
-417.90125,18,239.199609
-982.98975,6,239.211937
-1084.9337,5,239.222322
-1022.88824,5,239.222406
-1010.3829,5,239.237245
-1023.8999,4,239.248049
-1025.5701,3,239.268815
-1340.1078,23,239.280803
245.1546,27,239.280886
-813.74963,22,239.280904
-946.7899,12,239.291604
21.17163,45,239.301432
-1500.6411,8,239.31271
4882.05,108,239.353485
-1705.8306,25,239.420441
-1199.4338,37,239.44196
812.2103,43,239.463463
-1239.9999,10,239.476679
1355.3428,62,239.491874
-310.14154,21,239.492009
-384.28168,20,239.559308
-813.9759,6,239.571696
-1010.4315,6,239.571774
-427.34784,29,239.626895
234.8432,36,239.637802
-1264.7979,14,239.648826
-441.646,34,239.701377
-832.96985,8,239.722615
-1263.9045,22,239.722797
-880.17615,37,239.72283
1796.9912,71,239.737877
110.43378,39,239.746974
2027.6879,54,239.776689
2563.7517,69,239.844672
-1451.0479,12,239.878005
1905.7549,68,239.878075
-1016.1188,10,239.878102
1501.5869,69,239.890714
-1234.4064,14,239.902622
2359.9321,84,239.902707
-108.58966,39,239.919993
-1034.1279,3,239.920065
-881.8782,31,239.940776
-527.09564,13,239.940856
2480.5754,70,239.952548
1612.9587,56,239.95263
860.43756,53,239.952642
-2258.443,19,239.965022
-931.50574,6,239.965118
-1001.5523,2,239.989451
3756.3696,119,240.039332
-2811.3594,8,240.039417
-1000.77264,13,240.108734
-881.79767,6,240.125718
-5085.1904,19,240.151062
-226.15778,46,240.151166
-1191.188,20,240.180508
-1041.1111,2,240.180599
-1089.9059,6,240.212355
-717.8563,28,240.246975
-938.12317,22,240.285001
-1700.2095,6,240.285082
2294.9253,87,240.309511
-423.075,32,240.366336
-819.4735,57,240.366472
-2396.6196,16,240.380647
-588.0447,37,240.392267
-1317.7574,10,240.402754
-1804.9414,10,240.432193
-315.7934,22,240.452498
2978.3027,64,240.474281
717.27203,61,240.485539
67.828735,20,240.500761
1034.926,51,240.528936
3401.7798,85,240.542111
-661.79297,48,240.57507
-1435.2161,15,240.575167
1139.3315,52,240.625926
924.3454,46,240.638645
-323.47522,44,240.670343
2966.5764,62,240.688933
6287.301,146,240.746774
-2090.7004,12,240.758325
-1695.9817,10,240.80546
3204.2603,79,240.82979
261.1258,32,240.882386
-512.8424,38,240.902677
-1706.0779,7,240.902753
1477.0171,50,240.902766
-1497.8748,14,240.925177
2265.4807,80,240.971951
1665.3574,66,240.972027
-585.10156,29,240.982249
337.5395,34,240.982387
-2793.8062,20,241.013916
-829.9074,10,241.014006
-1356.3555,5,241.041294
1590.186,49,241.065686
-2583.8398,17,241.139853
2800.2827,63,241.156736
88.98334,39,241.15689
-428.09692,26,241.177639
718.4518,62,241.18715
1176.5137,50,241.19713
6987.3184,116,241.209012
-1460.6371,26,241.229844
-808.0426,57,241.241715
-1107.5369,19,241.255275
-3946.8997,21,241.255403
3669.9072,69,241.255422
2174.0232,72,241.266876
7873.7593,136,241.278267
-1107.9691,11,241.290241
-1008.37,4,241.300975
-1611.1973,21,241.321927
-875.9169,5,241.345547
-1099.4684,11,241.402802
-708.3662,16,241.449416
3377.56,81,241.473109
-1157.335,13,241.510099
-1769.1548,83,241.510181
-623.8978,38,241.510197
-925.68,6,241.52247
1972.2781,50,241.522545
877.72504,48,241.578544
1895.1448,48,241.598638
-859.7618,9,241.598731
-918.1024,7,241.616918
4.935669,38,241.636311
-213.1836,30,241.649319
1282.0231,51,241.660588
-944.20355,6,241.660648
298.22137,38,241.671926
-965.6914,5,241.712183
-803.74786,38,241.722192
174.99536,44,241.750315
-298.33838,38,241.778441
-1901.0702,10,241.846157
155.12225,22,241.866305
-713.6594,57,241.876862
-1679.0198,13,241.87693
1542.3406,53,241.89009
-1032.2948,3,241.890287
-699.1621,10,241.914327
995.8415,42,241.94876
1948.6636,58,241.981021
-1030.4188,2,241.981106
1377.448,67,241.992942
-789.92664,38,242.002882
-807.66846,28,242.013155
-744.4512,10,242.032927
-125.27228,33,242.069688
-1160.5496,23,242.070012
1016.20197,36,242.090381
-545.517,33,242.090579
4241.0894,122,242.10892
-868.843,7,242.109001
-1027.1948,3,242.122815
-806.48785,16,242.150822
-1375.7455,5,242.150895
-1749.1721,19,242.162475
-1457.8566,20,242.191951
4124.1763,78,242.213067
-1246.7051,52,242.224672
-728.3342,17,242.236165
-1774.8965,18,242.271615
-709.99,9,242.271708
675.2513,32,242.330445
-1326.671,16,242.495376
-3707.4114,19,242.509343
494.57825,53,242.53088
-1082.8694,4,242.530972
2754.263,65,242.540672
-441.52332,37,242.56623
-1037.6525,6,242.576522
-1319.8029,4,242.58884
569.89655,26,242.588928
-2192.0835,17,242.588955
-1280.6378,6,242.588967
-1024.4915,3,242.601856
6596.3506,124,242.667261
-2009.5696,14,242.735274
-321.8825,22,242.812142
111.40167,48,242.84778
-1222.8159,38,242.847872
1885.177,58,242.882858
4185.9214,94,242.898074
-2072.2378,26,242.912312
958.79535,47,242.912396
-2559.8333,21,242.912415
20.566467,28,242.923143
4468.309,92,242.93381
-981.182,4,242.955443
-2132.4019,14,242.977412
-1035.4392,3,242.987702
-1021.35016,3,243.011836
1399.3381,61,243.01192
3383.035,64,243.029405
-75.32312,24,243.124643
-1451.8062,9,243.124714
-580.22754,13,243.147928
-3276.1587,20,243.173326
-505.91595,27,243.173405
-664.78796,22,243.192506
-951.24,4,243.204449
-983.7304,16,243.216185
-803.3059,6,243.252611
-873.9976,5,243.272624
-697.29913,8,243.285839
4498.545,83,243.317622
-702.046,10,243.331709
-958.0532,7,243.353219
2209.7822,82,243.377338
-443.67993,18,243.377417
2657.5771,88,243.389523
3968.5608,149,243.389602
2269.2014,70,243.399432
2575.7031,66,243.399532
3508.731,67,243.419616
956.6423,40,243.419684
1498.0278,80,243.419702
5556.9536,98,243.428857
-878.45123,6,243.429003
4161.54,83,243.45005
-1275.2191,5,243.460862
-856.8561,7,243.482582
-801.9518,7,243.492816
-860.8436,5,243.56783
-820.2738,15,243.60692
-2002.2119,23,243.607014
699.54987,37,243.626926
-1026.8834,2,243.63739
3272.5625,86,243.668848
2165.9146,60,243.668944
-576.7372,31,243.679872
-1288.4623,11,243.712638
-1042.573,8,243.742733
-930.3357,8,243.807046
2438.426,85,243.807133
-1371.6368,13,243.821774
2169.451,75,243.864279
-36.182373,38,243.878221
-896.14355,5,243.878638
2059.966,51,243.878694
-3631.402,17,243.896497
-1286.42,37,243.908145
872.45465,71,243.932441
-832.7473,9,243.932507
2575.5703,85,243.967873
74.064514,42,243.967957
-408.85217,52,243.998695
-136.21228,42,243.998818
1991.0637,58,244.02991
-797.76306,9,244.03968
856.18445,50,244.058618
-889.57874,7,244.058707
-2065.1904,36,244.074156
-880.10284,7,244.087709
-928.30255,21,244.105583
1301.8228,43,244.166655
-880.9812,22,244.176609
-821.3426,9,244.199323
-770.2031,11,244.199412
-1400.002,37,244.199426
-1012.2595,4,244.256144
-909.7486,29,244.25624
-1300.5626,16,244.256257
-684.26245,11,244.300687
1320.3059,38,244.341862
-344.66943,38,244.342051
2376.083,57,244.375623
-566.7503,18,244.425942
-1766.6003,11,244.436879
-1455.2592,21,244.457942
2613.6638,87,244.471545
1438.9202,44,244.47166
-1007.6851,4,244.484386
1589.6567,42,244.484477
-816.60736,51,244.499433
816.30304,36,244.499538
-1771.1222,22,244.52104
-1025.5211,2,244.521225
-971.5303,4,244.53165
423.9123,53,244.531749
-1451.7059,5,244.531768
1654.4888,41,244.595731
-802.8037,7,244.595802
931.0767,44,244.595819
-1094.4718,5,244.606374
-1826.339,11,244.617631
-913.29553,7,244.630458
-582.46545,19,244.670577
6319.844,102,244.670663
-1942.6353,6,244.670676
-932.8209,7,244.704671
-732.1075,8,244.730434
-551.3219,16,244.745779
-962.892,10,244.770437
4529.6323,100,244.77054
-854.21606,5,244.80226
5546.2046,104,244.802334
-1520.5972,11,244.825678
-934.7213,9,244.825754
306.95886,45,244.845546
-108.49396,22,244.845715
6224.1196,113,244.84574
-30.806152,30,244.884665
-1440.7988,7,244.884741
-1065.3577,11,244.910608
-1864.7424,16,244.9428
-979.813,4,244.959344
-929.31647,12,244.974855
-1864.2413,14,244.974933
-1846.7162,15,245.017445
1579.5471,49,245.01755
46.614685,33,245.033328
-995.12787,3,245.053029
-1505.4537,9,245.089686
-1431.2821,9,245.122713
2406.4858,68,245.122783
-483.03076,46,245.1228
-1173.3062,13,245.13482
-2327.2957,23,245.176181
-169.0149,64,245.176311
170.2995,32,245.176324
-2724.79,9,245.200617
-822.95764,30,245.21116
-2329.8503,22,245.234839
-2119.2676,13,245.283865
-1077.5695,13,245.352397
584.08014,40,245.37763
872.803,37,245.400716
2829.6714,63,245.45501
-1929.3225,25,245.46748
290.11823,36,245.486671
4500.2393,116,245.486776
-935.17676,4,245.519879
130.3515,35,245.553206
-918.2117,6,245.573095
2336.341,77,245.573187
6579.2725,126,245.581779
-1516.5632,9,245.601725
-827.9958,36,245.615058
954.0696,65,245.637956
-365.51874,24,245.65851
5933.622,117,245.658613
-1279.6414,7,245.689475
891.6289,37,245.689551
-1528.2993,48,245.711372
-827.5011,13,245.731169
-1642.928,8,245.741095
-1555.901,39,245.756805
-526.90466,103,245.756871
3513.3174,89,245.780882
-1270.6803,11,245.819213
1461.551,71,245.904326
1207.2168,63,245.923368
-1732.529,19,245.937
1048.8359,58,245.937127
-184.20306,25,245.960856
-1242.3983,17,245.980158
3891.3044,97,246.045005
-1203.7413,20,246.04509
-796.7199,7,246.045107
-929.2936,7,246.135492
-1401.5431,15,246.178646
-1444.5681,36,246.200905
-891.04266,52,246.220941
-1006.03284,4,246.221037
3131.767,68,246.265718
-988.17786,3,246.266237
-2591.579,18,246.279721
-1424.8309,11,246.279809
4657.217,91,246.314069
1017.2768,66,246.314217
2776.1895,75,246.325748
-1025.6704,6,246.336813
-1553.3748,17,246.415131
1317.7336,65,246.439727
-790.3221,9,246.439793
479.83044,48,246.439809
818.79767,45,246.473887
1699.3838,57,246.48726
2004.7916,75,246.497212
-1363.6134,16,246.508241
5377.3877,80,246.518635
1021.06586,41,246.552466
2453.2014,81,246.574685
-1114.4155,14,246.657949
-796.35785,22,246.67877
3020.2544,81,246.706092
3504.4927,79,246.71753
-417.77606,43,246.729582
-490.41266,39,246.729666
-2102.842,29,246.777375
514.0594,40,246.792341
-898.75836,5,246.792469
12093.134,195,246.792489
1414.0701,74,246.831192
469.0417,48,246.844528
-828.2746,14,246.844624
1075.6289,43,246.856027
16.081787,33,246.868397
-1168.2157,27,246.882928
-1296.3773,5,246.896283
2953.0657,78,246.896358
-959.3244,4,246.896374
-610.4219,13,246.906308
-307.75714,39,246.906373
-1536.1034,16,246.918419
927.0617,39,246.946641
-1057.3296,13,246.946742
196.96515,86,246.982628
-1562.1764,7,247.038784
318.05548,40,247.061111
-943.609,18,247.108765
7962.043,118,247.10884
-1626.2627,22,247.123953
-805.8242,7,247.124039
-730.5161,28,247.142123
721.8943,30,247.151396
-762.0109,21,247.168007
-649.677,24,247.18957
578.6463,42,247.214846
3604.3447,79,247.246024
-677.74805,13,247.288413
-1293.9302,32,247.309206
-1553.033,16,247.356283
-1906.137,19,247.369641
-5392.2866,16,247.36971
-1460.4513,4,247.369727
7.149048,36,247.382342
-494.66956,31,247.391363
-1023.4114,3,247.409933
-1400.4996,13,247.420822
-959.3188,6,247.442621
179.4892,45,247.455811
2319.9253,52,247.455889
-984.2284,4,247.455904
-1040.379,2,247.479783
-1023.19855,3,247.490874
-854.7892,10,247.49097
-961.1367,7,247.54285
-1512.1516,7,247.571637
-1669.4927,13,247.584998
-2078.751,18,247.606142
-935.39655,10,247.660224
4807.122,103,247.693893
720.5239,49,247.693968
3138.7224,95,247.707195
-866.32,8,247.707293
285.06964,30,247.886415
-2321.025,13,247.886488
1446.3232,48,247.898315
-1064.2456,4,247.898423
506.75317,45,247.89844
762.153,37,247.919374
1273.534,52,247.932697
-1736.6921,5,247.963373
-208.36761,25,247.9635
1402.6873,49,247.97701
-889.23096,6,248.001747
6715.243,113,248.051229
-2221.5874,10,248.051359
-974.86975,9,248.064786
163.95038,85,248.064895
-752.57513,15,248.064923
-1195.6267,7,248.079231
433.08765,57,248.090357
3581.21,80,248.112958
3400.309,85,248.113014
-955.5601,9,248.163011
-1039.5051,5,248.172926
-1922.0327,10,248.182931
-1626.815,26,248.208888
155.1106,27,248.208974
-2484.0242,12,248.230418
-1307.6051,23,248.242941
1157.3411,39,248.288644
-1372.1823,14,248.331038
-59.999084,34,248.369781
-82.385864,40,248.383414
-1008.4522,4,248.383509
-65.52429,46,248.421677
-322.85114,46,248.421774
-1265.2667,4,248.433236
5547.119,121,248.525537
1946.8292,56,248.525617
2174.0342,82,248.558919
-1297.0262,12,248.571833
2250.8389,75,248.5719
-1034.2007,3,248.571914
-1186.8622,34,248.62458
-2038.2168,6,248.636821
-3235.6143,18,248.650291
-1802.7227,11,248.66082
794.9489,50,248.660879
-917.1733,4,248.683798
-1112.6971,6,248.702688
1185.7253,54,248.729669
-1570.6128,5,248.779151
2856.9531,57,248.779266
-135.0315,33,248.788872
4699.818,98,248.81218
-437.3833,42,248.823432
-865.786,49,248.852072
-927.47955,14,248.871184
-1317.316,19,248.892034
-169.41577,59,248.916673
4629.578,97,248.931066
1181.1228,66,248.931142
5906.946,169,248.998514
-1047.5898,7,249.008085
-4913.1772,50,249.03494
-511.42377,18,249.035019
-685.24506,17,249.048586
-1041.6377,3,249.078372
-1007.4645,17,249.078469
716.86053,56,249.078487
-1057.2972,3,249.090358
582.80896,36,249.116611
-798.64307,18,249.150482
-994.5867,9,249.162852
-639.58234,19,249.175369
1857.0154,48,249.175423
-836.22644,6,249.175434
-1476.6417,18,249.245273
-1548.9908,16,249.280355
2017.9906,83,249.280462
68.082275,59,249.292786
-939.70056,15,249.316298
-595.3799,51,249.316379
1258.2355,60,249.332391
-3460.0664,46,249.357467
3645.1191,93,249.381032
-1080.2662,7,249.381108
4426.945,108,249.421243
1125.666,57,249.441001
-894.0038,6,249.441082
-1339.4296,11,249.451389
-2889.1367,12,249.451474
-1004.73755,2,249.462825
3924.579,104,249.462906
-1280.1715,4,249.511921
-1676.5386,29,249.524144
-513.1928,21,249.544537
-1489.7207,16,249.556743
-648.6494,13,249.568973
-2313.8098,15,249.624421
-36.821594,27,249.638263
605.6778,38,249.638374
-2795.6953,10,249.649299
3402.4116,72,249.669429
462.4688,43,249.669539
-493.2433,18,249.669558
-822.3035,29,249.69055
1131.2117,72,249.690643
-1222.5938,16,249.702548
989.2364,38,249.702639
-1032.6915,2,249.713909
-892.5776,7,249.74473
945.74976,49,249.744842
1469.4778,71,249.757429
-957.67163,5,249.757506
-708.1426,7,249.780498
-1034.1965,3,249.819999
-898.16705,6,249.836037
2822.0857,68,249.905972
-695.2506,43,249.954033
-958.80255,6,249.969076
-1285.4792,37,249.995129
-3448.7654,22,250.005309
2983.0881,83,250.005398
2814.09,63,250.036865
-2463.3247,35,250.036947
-1003.2808,7,250.106925
-428.123,44,250.11707
332.91943,32,250.117173
3479.0776,86,250.138979
6911.2666,113,250.161017
2984.4119,81,250.16109
-830.3971,39,250.174814
-913.0488,7,250.195758
-816.39087,12,250.19732
1531.6711,46,250.197385
1745.0535,61,250.215463
-1640.248,5,250.236495
1233.1682,50,250.247255
-1195.9205,22,250.247339
-807.53186,10,250.275974
-377.62585,51,250.288893
-967.57355,8,250.298592
-930.10565,6,250.311138
-913.7258,7,250.323599
-1111.9636,41,250.335346
1368.1809,56,250.34739
-1044.004,2,250.372888
-898.33875,11,250.372967
-1178.5251,19,250.404032
-1875.6187,17,250.421979
-1895.2686,12,250.443884
-1612.168,37,250.457158
-1385.0278,12,250.486442
2235.4673,68,250.500256
-1027.8083,2,250.51298
-1799.0881,11,250.529206
-977.635,6,250.529294
-854.5873,26,250.542944
-1804.4243,11,250.552571
-1075.5332,21,250.580245
918.913,59,250.580329
-904.4209,4,250.606241
3560.0117,70,250.638254
1667.9285,69,250.638331
868.888,90,250.666352
1833.904,55,250.748515
-822.7698,19,250.760995
-63.041504,21,250.761073
1671.0684,46,250.784129
795.8431,61,250.800368
-3079.8186,11,250.81367
-937.73627,4,250.813748
1297.4302,56,250.825884
-907.96515,6,250.88233
-1149.4957,30,250.882424
1376.4377,59,250.882445
693.5179,70,250.904331
-1312.2661,14,250.924699
-1770.5922,13,250.944566
851.7865,50,250.961377
-2036.5732,12,250.961441
-1316.4233,7,250.982643
-1358.4504,4,250.997724
1199.5869,72,250.997829
443.3791,54,251.037586
1492.5784,47,251.037711
23.247742,58,251.037728
-1212.9907,35,251.062192
1992.0117,55,251.06227
-897.3931,44,251.084699
120.10663,41,251.114509
-1221.7084,6,251.137347
-1338.3801,3,251.137419
-986.856,4,251.137438
-1036.1821,41,251.161642
-730.59064,13,251.190694
-857.308,16,251.190767
-970.6974,14,251.231583
2089.0625,55,251.272098
2528.7375,59,251.272165
-1687.7991,12,251.325171
-692.36414,8,251.356971
-1029.4454,3,251.357076
-1030.0636,2,251.378512
-1387.2365,23,251.410334
-1590.0068,12,251.41042
868.598,37,251.442307
1308.8687,53,251.536881
-829.9585,11,251.536952
642.9019,39,251.556709
-1287.5035,15,251.567588
-603.0938,19,251.602624
-1012.996,4,251.602697
22.509705,31,251.614444
2509.7273,85,251.642917
459.4165,56,251.642979
-1799.1472,18,251.642995
-895.2232,5,251.676135
-773.6149,51,251.687257
-1026.4662,11,251.732847
2218.2678,51,251.746241
-1455.1543,7,251.758677
1424.4678,81,251.797396
618.1687,64,251.797499
1157.6045,55,251.808317
-1032.6255,3,251.831463
1438.5293,79,251.864399
8.28479,35,251.864494
-904.92194,5,251.895828
719.3101,59,251.907953
-1058.9961,4,251.921319
-1937.1224,29,251.921398
-1030.8475,3,251.931533
-1997.6763,16,251.953126
-980.93823,4,251.965593
8271.122,90,252.008544
535.7702,37,252.058967
6391.761,108,252.100549
-2310.1528,16,252.122596
-858.741,31,252.136089
4521.6284,137,252.136169
435.05487,40,252.136189
2514.7593,81,252.136195
-103.29138,46,252.148841
4786.709,80,252.148916
-412.2478,28,252.16047
-803.3487,9,252.17584
-1016.55566,21,252.17593
1305.2437,44,252.186512
-929.28296,5,252.208628
-1056.444,43,252.239511
214.16107,47,252.239617
-1034.135,3,252.271478
-605.32947,14,252.282533
-998.00714,4,252.323147
-1663.0034,9,252.33364
1010.0401,45,252.3605
-892.69434,32,252.360579
-1034.9543,2,252.389105
8076.087,127,252.408437
-1270.7456,16,252.408528
-1316.8867,23,252.428839
-1084.798,25,252.440045
1254.489,57,252.451329
-86.1236,24,252.464275
-1253.1222,4,252.474847
-82.362305,37,252.474943
163.83234,76,252.498157
-1479.107,26,252.510147
-112.0921,30,252.522137
-900.1473,28,252.522318
-345.19476,35,252.576055
-1556.5189,8,252.576133
-1772.6141,21,252.602119
-952.4016,18,252.623427
-834.8826,9,252.63446
1859.8733,55,252.655522
-1487.5804,16,252.693787
-2236.1514,8,252.693834
2609.8,66,252.693842
-2355.7188,16,252.707605
7639.8467,137,252.718571
-930.7289,4,252.746434
-2758.886,10,252.746517
-1484.2971,66,252.762983
-1188.5115,16,252.772892
-1236.1306,18,252.796218
-1014.9573,7,252.81613
-1636.5583,37,252.861512
2532.9998,58,252.861578
-919.1988,28,252.874785
-1836.9585,35,252.885618
-958.28125,21,252.896345
-1482.5095,8,252.896439
-1002.84265,3,252.908569
-2293.5881,12,252.908649
-1056.1097,13,252.908664
446.5025,62,252.928113
1372.4099,46,252.946883
-2069.3657,54,252.946975
-1027.7748,2,252.946991
-1560.7515,4,252.972667
-1009.48035,5,252.972737
-1025.6788,2,252.993801
-688.3543,25,253.04643
645.21564,70,253.22666
2007.3816,54,253.236623
-905.6835,5,253.29383
-895.7654,7,253.307226
-1476.6074,18,253.307343
-1027.0018,2,253.329619
13.601196,58,253.371076
-309.72705,21,253.381785
2390.6384,71,253.393729
-900.4008,22,253.409313
-2287.7764,16,253.409457
898.6406,62,253.437428
1299.2903,38,253.43753
-2288.3455,16,253.532026
-1128.5145,9,253.544924
856.97565,38,253.566021
-229.09265,36,253.584281
-1033.8003,4,253.594427
61.979248,38,253.622128
957.6929,55,253.622186
3196.6152,82,253.649374
-351.78632,63,253.681265
-54.20453,53,253.713731
2024.029,59,253.738903
-962.15356,10,253.752691
-1941.9888,15,253.763058
-1043.3743,5,253.775228
-2117.5645,17,253.807453
-1048.5911,3,253.807526
2291.6975,65,253.854152
1787.8575,62,253.854265
86.618286,50,253.951077
463.50214,44,253.96244
-1021.2539,5,254.011369
-892.4625,6,254.071984
2843.3608,77,254.07207
-2165.976,27,254.072089
3023.6577,80,254.098269
-187.11035,21,254.113759
1275.6614,59,254.126395
3137.3862,102,254.147839
-1729.8916,10,254.190829
410.23853,38,254.210871
-938.3224,11,254.224538
-1440.9677,48,254.224608
712.8625,72,254.264606
2099.0576,48,254.264705
-866.1174,6,254.27382
-995.81976,3,254.273888
3492.2798,78,254.284738
-675.3036,12,254.295216
2931.1038,117,254.29529
-2084.8125,20,254.317096
-884.8847,5,254.348762
-1440.5226,7,254.349153
470.50287,45,254.391894
-2443.2725,16,254.41295
2466.4094,84,254.434893
-666.2959,9,254.461942
1257.865,45,254.493352
2767.9502,74,254.51544
364.003,27,254.569108
3042.553,82,254.569191
4385.004,100,254.590008
-1215.9182,14,254.613553
3564.4216,95,254.669634
1875.6455,54,254.704464
1262.9885,84,254.795215
-483.17523,28,254.80809
549.9239,44,254.821396
5160.635,86,254.821472
-414.59534,23,254.831317
-548.3483,64,254.86567
962.7642,97,254.8844
1975.8865,51,254.884509
2377.1106,69,254.939198
-168.2027,48,254.999789
1051.5554,35,255.014994
221.83673,63,255.029232
6654.6494,131,255.042882
-698.27124,11,255.053442
-881.6104,30,255.073337
-935.7896,6,255.087929
-751.1526,10,255.08808
684.1683,60,255.10077
-1106.7542,5,255.150273
-148.2987,23,255.150381
-1088.7274,4,255.150403
-791.80225,10,255.168807
-308.36,62,255.181849
-1023.4468,35,255.181963
244.55005,52,255.181993
-1329.7649,13,256.655074
-1510.0397,7,256.676129
-896.35974,15,256.74501
1354.2085,59,256.765064
525.2002,41,256.77675
-798.6394,42,256.776814
-985.6403,4,256.811233
-556.81067,28,256.845841
-993.3622,3,256.845929
606.9373,45,256.845948
-845.51355,8,256.872747
645.0047,45,256.884536
-819.2207,10,256.896739
-916.1404,5,256.907605
-2220.5986,23,256.956288
-890.9877,15,257.018792
-832.81134,50,257.039754
-1202.6779,12,257.03983
6535.9463,113,257.064291
3049.855,67,257.091794
-422.76965,18,257.102731
-491.16794,20,257.113365
-236.25745,47,257.126021
4607.438,105,257.136515
-1085.1986,7,257.170568
-1510.4775,29,257.181036
-1538.4581,21,257.194887
-609.44727,14,257.204889
4666.5664,95,257.204973
975.59717,49,257.227466
-1033.6129,2,257.227525
3254.712,66,257.251751
180.58344,68,257.282113
-1344.2788,5,257.306299
2267.6372,61,257.306376
-742.8018,9,257.306392
-801.1267,14,257.335346
1127.208,40,257.335792
3420.7217,136,257.346874
-999.5438,2,257.358285
-3526.1418,24,257.409189
2440.8833,90,257.432527
-7083.0146,25,257.432599
8966.282,147,257.452193
-984.0147,8,257.474842
-710.8751,34,257.5154
-1109.0261,20,257.561492
-1820.8354,33,257.624419
1999.2288,53,257.648666
1179.8464,35,257.648737
3880.387,92,257.661178
557.3904,94,257.703886
-1295.3799,5,257.715706
-2597.3584,19,257.725778
-418.54266,33,257.739185
1023.4161,49,257.770446
161.9378,63,257.787631
-594.8697,41,257.799798
-1172.77,15,257.799866
-48.75531,32,257.79988
-1160.7529,8,257.810299
401.498,39,257.850431
3565.4038,108,257.850537
-268.01282,37,257.850565
-1161.8734,5,257.869435
195.89569,48,257.87966
-1633.3815,7,257.879753
-194.71649,31,257.911256
2288.3623,62,257.911339
1089.0913,42,257.945042
4617.9326,102,257.945124
86.60431,57,257.965714
-1119.9739,18,257.992675
-726.2405,13,258.015712
-1043.035,11,258.086914
-1073.7466,4,258.105842
-1367.6064,11,258.125432
1161.3378,63,258.125524
-369.11035,24,258.125544
-1768.7825,15,258.20772
-141.79639,28,258.266891
-842.44806,41,258.281659
571.13837,48,258.322642
1298.1389,43,258.345313
-910.20465,37,258.345402
-1172.4839,18,258.345419
-1933.633,37,258.345427
-1021.02313,2,258.368924
2795.3184,80,258.432116
616.2138,44,258.462233
-685.3779,10,258.475204
6196.243,115,258.488554
-372.79852,40,258.488633
-878.204,11,258.488651
2981.689,69,258.527643
510.59674,43,258.539009
546.0301,65,258.5569
803.0458,60,258.568074
-675.71893,10,258.593198
-1948.8594,27,258.593273
-751.0083,31,258.59329
289.99414,53,258.606627
-1185.0038,16,258.630427
-1034.1998,3,258.667465
6558.2305,126,258.689118
758.6754,49,258.700189
-886.8877,6,258.740148
-1920.1321,21,258.740253
3230.4395,89,258.769347
1196.4005,37,258.802845
1555.1912,56,258.817082
-969.6789,3,258.836787
1668.5454,78,258.859971
-1000.3247,4,258.860045
-97.211426,31,258.891992
-1324.2152,26,258.90688
2753.5247,65,258.918055
42.453796,28,258.928536
-1176.8982,21,258.948085
81.48834,36,258.989003
-1646.9753,6,258.989357
1393.1132,43,258.989381
678.57776,37,258.989388
3666.8936,77,259.014319
-1171.1742,11,259.028769
-1068.2614,13,259.038665
702.4421,45,259.068833
-1272.1694,19,259.078952
-917.2404,8,259.088949
896.3315,47,259.156617
1681.3301,58,259.174219
-1132.3624,10,259.203645
-1207.6248,5,259.229529
-1035.3881,2,259.257774
-1498.7976,6,259.280658
170.1034,25,259.292756
-5222.4263,27,259.313013
1677.8467,73,259.325254
671.1026,48,259.325334
4341.7383,87,259.367559
3720.3325,86,259.406082
-652.2937,36,259.432842
-855.0912,9,259.448131
643.9964,51,259.467971
-1146.3071,17,259.46806
587.7836,38,259.478229
-932.9197,9,259.478341
222.07208,38,259.489507
-1684.4153,15,259.49833
-1542.8953,17,259.498382
-858.1354,9,259.51881
1169.7687,43,259.603423
6245.7563,109,259.603506
-455.68427,12,259.628205
-1158.7822,51,259.669973
1506.8048,49,259.681479
1424.6182,62,259.706713
-1775.3579,16,259.706822
4233.8823,93,259.722025
-935.0812,4,259.733534
-2228.6387,13,260.083769
-787.7562,23,260.084116
-792.6898,12,260.103391
-4185.8765,20,260.103473
3620.8098,88,260.132912
1849.5398,76,260.171634
-2238.3623,12,260.193672
-1301.0586,13,260.203306
-938.66736,4,260.22571
-927.0285,11,260.238106
1410.5966,64,260.280926
1157.6567,37,260.292407
-1476.0015,19,260.323999
-325.27313,54,260.324061
-1571.7437,17,260.33891
-1027.8756,2,260.352919
1932.0022,60,260.353021
-498.1917,16,260.380862
4939.9497,113,260.393795
-1032.2202,2,260.404427
-987.8129,3,260.432521
659.0971,54,260.485548
-1681.4843,15,260.485611
-924.87384,7,260.521957
852.83734,44,260.543844
363.72595,30,260.565028
2269.4004,65,260.577742
-628.9321,43,260.577871
-1025.0363,2,260.609809
-648.77277,13,260.699181
-2641.6665,6,260.699295
743.6349,51,260.718338
1568.3911,63,260.734641
-564.1914,30,260.758234
-928.7421,4,260.758367
-1049.9183,14,260.770422
-556.348,21,260.770532
103.71869,54,260.782623
-924.84033,11,260.832549
-942.20526,11,260.843446
4654.1504,144,260.84352
-1756.3337,13,260.876975
-2887.9111,42,260.887573
-972.18207,5,260.899657
1904.8987,66,260.912282
4031.1357,92,260.912363
5573.7593,91,260.955214
-3470.6187,19,260.984489
515.46906,61,261.005472
-42.300964,50,261.037848
-128.8371,56,261.037925
5339.231,101,261.07084
342.43958,52,261.122039
-4087.5598,33,261.138784
-1230.3809,9,261.138863
2022.969,64,261.138881
-1097.767,3,261.162482
457.00287,36,261.184199
10127.845,165,261.184342
1797.7053,51,261.215289
-704.3123,7,261.225285
697.1136,76,261.225437
179.51141,31,261.271945
1829.0471,44,261.305911
-1820.2456,10,261.315484
-1569.6932,9,261.336027
1600.4551,49,261.336109
-1148.1829,23,261.346514
1370.238,40,261.361003
2642.1042,68,261.381663
-246.47382,41,261.404326
1342.1697,48,261.404422
-681.89453,9,261.418227
-1027.3735,4,261.446497
894.10614,46,261.458087
-745.31995,9,261.458186
-585.7871,10,261.458205
1204.1301,43,261.488526
4843.712,105,261.50031
1066.8539,53,261.529168
-1131.7161,28,261.555454
-813.5416,8,261.555551
-1169.1576,45,261.567705
-1810.6498,7,261.578602
-1115.534,11,261.578668
-447.34985,37,261.602015
-984.3437,4,261.627613
-1031.8093,4,261.672323
-1605.438,13,261.702489
838.7183,48,261.702548
2321.1943,62,261.731811
-2435.3215,46,261.73192
1250.0588,47,261.766719
514.6335,40,261.766803
-1021.0557,2,261.792493
2580.2166,71,261.804844
1409.3179,37,261.844723
-1128.6558,12,261.844807
-635.5199,33,261.884691
2808.502,69,261.941009
-1109.174,14,261.941182
-2308.2095,25,261.955024
-1908.605,21,261.966024
533.3388,32,261.966106
-1042.8374,35,261.984457
3767.9663,98,261.995655
-696.52466,15,262.016528
96.10431,55,262.016626
-1823.54,6,262.028878
1170.0212,41,262.040058
-884.3925,7,262.049654
-525.11115,46,262.05797
785.28534,66,262.090852
55.12195,35,262.118617
-2732.125,15,262.142002
1180.9761,59,262.142089
1750.6907,76,262.142107
778.7724,70,262.142114
-982.7764,5,262.192157
-1176.972,6,262.208646
-2563.2883,16,262.225562
-1205.7784,12,262.287787
-1019.53125,17,262.302519
-752.4222,8,262.330623
1446.6382,78,262.377628
2085.294,52,262.377882
-2082.4917,42,262.38868
-377.4901,16,262.400336
-1520.9932,8,262.429403
-1105.0477,5,262.442193
-983.3849,33,262.451488
4401.972,79,262.492257
792.54266,42,262.528446
-1839.9817,18,262.528546
-1334.8401,22,262.561938
-1416.792,41,262.562025
-1123.7463,5,262.629465
-1444.3835,20,262.651345
919.58185,54,262.651441
378.9253,37,262.674703
-1007.7106,4,262.697002
-2225.747,20,262.697067
-492.31046,47,262.71426
-1826.8765,14,262.734192
2269.0454,66,262.744659
2104.3652,81,262.803905
-826.5609,11,262.830239
-787.716,12,262.830329
3160.213,87,262.830348
-1423.1449,35,262.856834
-2177.438,36,262.856916
4885.893,123,262.856934
-1403.3591,3,262.868185
758.8309,78,262.882001
76.23883,31,262.894516
1014.9747,46,262.929423
-1854.7373,16,262.929816
-877.42554,25,262.937856
-1270.7739,3,262.968592
424.36884,30,262.968678
4748.9263,84,263.021956
-924.7616,9,263.022038
-2573.4502,54,263.022055
1826.5747,79,263.0825
-1200.1107,5,263.082623
-987.7348,2,263.108737
-1325.1864,41,263.141955
-1135.3452,14,263.18263
3269.2808,103,263.194134
4339.9053,129,263.219952
994.013,46,263.220008
177.90753,32,263.246013
495.35455,38,263.246087
-1020.0357,4,263.246104
-127.0813,33,263.269778
-1187.6455,13,263.292548
-895.233,5,263.302895
1300.1685,40,263.329364
-287.2849,53,263.340463
-880.9153,5,263.364311
396.74286,36,263.384945
-1144.7993,14,263.385067
-549.2047,49,263.42388
-584.7212,34,263.423959
3084.9517,80,263.459296
-1153.2222,7,263.501214
2040.1741,57,263.51524
-420.71686,20,263.564792
1233.6619,57,263.59679
8.522156,21,263.596908
-1042.4492,2,263.61925
-767.41,9,263.673419
3961.608,102,263.691229
607.2104,40,263.701672
508.21594,38,263.721351
-1035.5181,10,263.733113
2410.9927,81,263.773777
687.1999,49,263.821035
4105.6724,154,263.832469
-1476.0533,6,263.842023
-1540.3058,7,263.899753
-788.266,45,263.899831
2810.0889,94,263.910809
2180.839,59,263.921251
-2570.4434,24,263.943377
-2385.9492,11,263.951874
2067.3074,47,263.985978
-583.7763,44,264.007047
-1729.1117,7,264.0156
5204.9033,84,264.03549
-331.41064,14,264.106904
3841.9402,75,264.144835
1030.2041,44,264.154583
6195.8267,105,264.162357
-670.52185,25,264.180135
4087.5835,116,264.180256
-659.8146,45,264.221167
-950.41907,21,264.221265
-1326.7776,7,264.252278
-1873.7622,15,264.27266
5037.231,97,264.282858
1440.7462,54,264.28293
817.49426,36,264.299138
2844.017,72,264.315798
-442.97803,46,264.326218
-1041.3867,2,264.339364
-874.4142,6,264.370161
-943.7898,5,264.404493
4573.5864,88,264.427198
4555.4893,92,264.439282
-275.3449,26,264.45016
1409.0806,79,264.483983
1912.8169,68,264.484063
587.3466,40,264.512872
-1088.936,5,264.545001
108.15674,56,264.553934
-1277.6016,22,264.565416
-1052.7264,3,264.582196
-1527.0203,14,264.594125
-980.1381,3,264.594205
438.38202,38,264.594224
-1043.893,34,264.617973
-987.36774,3,264.629295
-1012.72595,5,264.653462
-1038.8828,3,264.669894
-378.88434,23,264.688853
-779.84735,10,264.698652
-34.90851,35,264.698722
-1059.8691,5,264.708575
-1299.4519,9,264.719568
-1009.0171,3,264.741208
-1019.81396,6,264.760514
-1013.2807,8,264.77375
1946.0891,67,264.773866
-1047.8802,4,264.79178
-1001.17163,3,264.800807
-1024.3258,2,264.81183
7658.92,153,264.858036
-1185.6997,10,264.890446
8727.772,134,264.890535
272.95502,34,264.890552
-1026.2662,2,264.928469
-958.9419,78,264.928552
2446.9146,55,264.928568
2525.2903,65,264.941139
-1613.3702,19,264.950963
-675.17523,8,264.961262
-963.90894,5,264.961319
-1886.1136,26,264.976216
-2253.8052,15,265.283427
1332.247,94,265.306562
-1040.0332,2,265.306618
-861.908,8,265.317698
2099.4048,49,265.353196
-932.5534,10,265.368348
-982.29407,13,265.4168
-2443.5586,11,265.436168
2251.2957,67,265.445973
-2153.7231,15,265.484696
-633.4225,13,265.517694
-1344.7988,21,265.517803
3823.5356,78,265.548546
2129.9885,75,265.578329
36.751038,49,265.578416
-1681.1979,15,265.606537
-770.22046,21,265.619013
1719.406,44,265.644566
420.6787,48,265.658803
3283.3813,96,265.658888
-919.8858,4,265.658904
2298.0872,95,265.680588
-1074.1543,4,265.703497
-4413.615,11,265.713193
-517.22644,43,265.713289
-1341.8833,24,265.726561
-972.3111,3,265.7653
-875.9613,9,265.765385
-341.04987,48,265.799309
-498.91992,26,265.826425
-1260.5325,12,265.826519
4753.372,93,265.852316
-829.46265,8,265.865193
-67.97107,31,265.865267
-2598.6636,55,265.897604
-1115.8792,11,265.949283
2127.8665,58,265.949361
-215.69214,28,265.969378
-1030.1134,3,265.980768
-1046.1321,12,265.99192
-786.2189,6,266.013436
-1246.9613,5,266.035881
4396.7007,104,266.071773
234.04291,27,266.096937
3434.5398,102,266.127407
3524.817,71,266.183167
748.99493,39,266.183257
2786.7048,64,266.233422
-1893.9048,12,266.245979
412.29205,53,266.26979
896.84686,63,266.282789
-580.7474,15,266.303948
4288.4395,92,266.349859
-412.11475,56,266.349938
-878.4113,16,266.384033
-9.836914,40,266.394909
1171.6812,46,266.42159
-1779.604,14,266.459647
2557.6057,61,266.475355
8681.515,169,266.498576
-990.275,5,266.535058
-1591.4915,5,266.558385
86.98804,30,266.55847
1002.6516,69,266.570521
1699.6434,64,266.59356
-1630.3398,18,266.614996
-1854.897,13,266.615076
139.30792,52,266.626214
-696.4279,22,266.646779
-929.73706,4,266.657102
2818.031,68,266.657187
-981.5813,3,266.657206
2641.7017,66,266.669024
2956.069,90,266.68002
-1750.2563,8,266.702626
1115.3737,58,266.712517
-958.3003,4,266.725321
-1349.3987,9,266.759744
2070.083,60,266.810479
-1030.6635,8,266.821575
1897.0164,49,266.830724
3222.103,107,266.843166
-1079.7805,4,266.851584
-1718.5928,9,266.863978
-1064.2886,2,266.880172
-944.78204,42,266.91096
1468.4941,57,266.911052
-1036.3157,6,266.931901
2303.0427,75,266.953806
2870.9946,65,267.035891
-910.5127,10,267.047435
29.406555,35,267.058878
577.3826,33,267.083834
2570.2546,64,267.094192
2736.5698,90,267.10934
425.20404,38,267.109416
-777.54736,24,267.120347
694.08826,49,267.120449
-996.83295,3,267.143018
1332.5039,53,267.16768
-374.96045,23,267.181149
-1494.8071,11,267.181246
1932.3761,57,267.200143
2140.3716,75,267.200265
-1082.2366,3,267.229926
1694.5524,46,267.256139
-661.9286,11,267.280715
-1213.0071,13,267.280802
-911.8439,33,267.310508
-1272.3943,18,267.310591
254.79602,42,267.320137
2095.6995,89,267.385092
-30.434692,22,267.426507
-2891.3647,11,267.426603
-1451.6721,7,267.472756
-994.732,25,267.487343
-1080.2881,6,267.507091
2440.1235,60,267.538146
365.76886,77,267.5716
186.1015,25,267.57974
-797.445,9,267.610744
-2498.49,28,267.610854
-1561.4465,32,267.63259
-280.25696,49,267.702506
4520.903,96,267.71337
-868.2377,55,267.748715
-2029.0303,19,267.761204
4375.751,95,267.761276
877.7329,59,267.761292
-1680.0947,16,267.797744
-1035.0709,3,267.797823
-1037.2235,2,267.818859
1614.0149,85,267.877924
-2221.3398,8,267.88982
-10.269226,39,267.948666
1405.5808,56,267.982573
1565.0823,74,268.078369
-1775.9509,26,268.092183
4135.487,88,268.101555
-101.53345,22,268.15496
-2750.2922,32,268.155061
2037.0627,72,268.178825
-553.11475,49,268.178931
2110.972,63,268.199
558.2984,49,268.209829
-1294.0173,6,268.245242
3901.3447,96,268.266019
-358.80505,47,268.278862
2896.741,92,268.28912
5055.1543,111,268.289227
-1181.2993,8,268.302429
1070.0815,45,268.302542
-1128.5247,11,268.302562
-490.48007,62,268.313047
419.3062,30,268.347591
-1436.2053,7,268.380671
4678.199,96,268.395761
1425.4741,65,268.460927
-1169.2156,7,268.488709
9272.649,158,268.523554
-2116.505,12,268.523643
-812.851,8,268.568332
-795.7086,19,268.636855
-1425.6597,7,268.651854
-1637.3009,29,268.664277
896.9318,34,268.688662
966.48846,42,268.734154
-1024.8154,3,268.734286
-1435.7563,10,268.854948
-1573.8451,35,268.855025
3629.129,86,268.888511
39.92975,52,268.913217
2993.647,65,268.982783
-994.6666,7,268.993454
1046.3687,54,269.029926
-2235.3596,25,269.043227
4546.564,89,269.043328
6522.6016,119,269.065906
90.49225,41,269.079784
-951.1228,6,269.11294
-464.59558,38,269.124849
-844.651,7,269.139265
505.1397,56,269.139389
-1347.6165,3,269.160774
-765.69275,44,269.16086
-1659.8018,20,269.160877
1128.9424,52,269.17252
-1041.3011,4,269.198532
1029.802,51,269.22854
1634.4636,68,269.260611
3333.3862,69,269.282859
-685.76025,12,269.294801
-989.00604,3,269.322457
-1240.6235,5,269.322559
-766.7876,10,269.349101
-315.8703,19,269.400119
4769.497,105,269.411637
-751.6371,7,269.422706
-1694.2323,15,269.422777
-1386.6422,21,269.441156
1683.7539,61,269.452036
8150.17,114,269.465316
-994.4982,3,269.474256
-2076.8342,7,269.484766
1033.2219,49,269.496241
3633.2485,104,269.519695
-1002.14514,40,269.57024
-247.78125,14,269.587334
3267.016,93,269.612669
-2320.0134,11,269.625228
-905.8418,37,269.655346
-577.03156,23,269.73015
1238.491,49,269.730249
-986.6995,4,269.78154
513.03394,36,269.794309
-1275.3391,15,269.794441
-360.8252,39,269.810658
4591.842,98,269.823534
-473.8512,39,269.838782
-692.61475,28,269.849406
1046.4038,68,269.893118
-858.0757,8,269.937774
-1098.0435,7,269.986512
1188.3054,44,270.027225
-651.1576,19,270.094277
1860.0637,110,270.109867
250.9848,48,270.133586
1837.3501,54,270.169595
-873.9099,44,270.213255
3744.0586,104,270.224889
-972.5895,7,270.224959
-1063.5382,4,270.224975
-2749.193,32,270.224982
-1019.26575,2,270.250576
1508.3298,46,270.268664
4238.3345,96,270.283892
2291.3503,86,270.302128
147.86603,40,270.326917
-1620.2837,15,270.326993
-1652.0503,30,270.347646
943.5368,47,270.361378
3809.7148,97,270.361476
-571.95374,12,270.392642
1252.615,65,270.392756
2092.465,76,270.42964
-737.71954,9,270.429766
-981.65546,6,270.429789
-762.2599,9,270.46687
5182.119,101,270.489075
-871.37933,8,270.522586
-1180.3717,11,270.522666
-1757.6133,11,270.52268
2263.0667,76,270.932882
-1744.8475,14,270.952428
-168.17297,38,271.014259
14.645386,29,271.014619
236.04413,37,271.046731
879.93866,72,271.046864
-991.69855,3,271.063638
-446.268,25,271.063738
3414.549,89,271.063758
-4015.0042,17,271.063765
-1041.0542,8,271.126854
-1051.3384,6,271.139817
1132.5425,61,271.139908
1579.3098,45,271.189189
-1006.3593,5,271.189282
-233.40271,51,271.201836
1637.6472,84,271.201913
258.00702,37,271.218414
-379.00867,50,271.230077
-1433.8944,30,271.230158
-994.09607,3,271.242751
-603.7516,11,271.277522
125.46234,51,271.2776
-1099.3857,5,271.3169
-1244.1746,6,271.31697
7211.7085,91,271.330302
-1936.8107,17,271.409079
-749.2072,8,271.409232
-823.2885,10,271.430463
-1113.8337,5,271.465174
1505.554,53,271.515267
-1357.626,8,271.567109
5183.0674,102,271.609959
-1028.575,2,271.63922
625.9991,50,271.688537
4361.3906,100,271.688636
-92.38519,35,271.715827
1009.1603,41,271.736837
3863.4927,91,271.750584
950.73975,79,271.797004
2615.5168,61,271.810734
-1069.3595,18,271.85867
2746.42,73,271.869019
144.44342,40,271.895002
-1097.6304,15,271.92656
1798.7153,41,271.926637
-1042.2976,4,271.93701
224.45892,38,271.974955
1997.0679,75,271.986202
3736.0315,85,271.986295
-921.1518,8,272.025105
1303.8844,62,272.041593
-956.67957,5,272.055266
-982.7486,3,272.087398
-3251.8584,31,272.087482
668.1759,63,272.087501
2416.5789,72,272.104318
-1462.85,29,272.165839
-801.6613,6,272.165898
-439.47812,40,272.177686
1901.3911,93,272.201509
-987.4925,3,272.213899
-1854.239,6,272.241153
116.52008,26,272.253172
978.22595,58,272.278376
6195.736,99,272.293651
7326.0933,139,272.293729
2809.295,96,272.327186
1353.0623,43,272.327424
3712.3452,99,272.425931
1419.3628,46,272.437862
267.5406,38,272.501299
-91.64087,34,272.513752
1427.4148,49,272.553107
2185.3308,57,272.565124
-2271.0754,10,272.565206
-1111.922,24,272.62793
-95.47766,51,272.628008
-820.94824,7,272.646077
897.69116,40,272.657965
1316.2493,38,272.688263
1628.1425,48,272.701288
-1483.6943,18,272.748035
-2413.0312,11,272.783787
1462.5491,83,272.783871
3874.898,88,272.800693
1551.647,40,272.811809
-850.1428,9,272.82309
-696.64777,11,272.917676
3004.983,73,272.929375
-1066.7783,31,272.986992
-876.0947,7,273.010223
254.51178,30,273.080363
7421.6943,150,273.106924
-786.8893,10,273.117072
-1650.0945,45,273.117183
2064.0159,71,273.14232
3000.5464,80,273.142405
760.5541,37,273.142424
-899.2487,6,273.160469
-1032.2615,2,273.183347
-1405.6873,28,273.183444
1952.5054,72,273.194166
115.41272,30,273.233261
985.2764,73,273.244034
-1028.8778,5,273.25348
-991.30176,3,273.264524
371.9677,36,273.264646
-791.74304,11,273.277673
427.31598,53,273.277778
-1000.223,12,273.289443
1849.184,48,273.321512
147.10114,34,273.428377
-826.1883,5,273.47929
834.81396,55,273.509822
1164.8833,62,273.509885
3105.8926,93,273.521067
-877.6729,36,273.547938
-1101.073,4,273.566508
5214.636,102,273.566578
-979.8901,3,273.600686
6300.842,126,273.644446
972.9485,41,273.719794
-257.2527,47,273.740017
-1745.7683,21,273.740105
-28.95691,40,273.750375
-1032.392,4,273.775545
-1024.0344,4,273.796299
5186.4316,113,273.871624
161.06677,51,273.881569
-940.721,9,273.953038
4501.2803,91,273.974349
-1635.24,15,273.974442
-2090.2625,32,273.98626
6479.9624,131,273.998378
-531.0929,15,274.019418
741.50946,55,274.036418
-1030.867,4,274.046926
-744.2259,9,274.098354
2584.1191,76,274.122072
-2198.651,16,274.122159
3506.8076,79,274.122179
-1216.6146,16,274.169357
-981.0673,11,274.16943
-2342.721,20,274.182827
2088.838,72,274.182937
-56.798706,43,274.182956
-850.85767,6,274.193717
-569.5565,10,274.213517
4363.2075,86,274.213619
3378.6938,102,274.243245
-624.3976,16,274.243392
3937.5303,85,274.274769
-776.43164,8,274.28966
-786.2135,13,274.289736
-1269.25,39,274.289754
-1544.2219,10,274.340145
2205.989,62,274.340245
-866.3402,7,274.364404
-1700.6101,16,274.364674
-895.6862,16,274.383691
478.17987,32,274.383801
-1058.752,2,274.393469
5153.8286,87,274.406567
3057.9148,88,274.406634
1507.6177,64,274.40665
3386.8818,70,274.42957
-1495.8552,10,274.456768
337.1175,33,274.509536
-822.00275,13,274.541233
-1765.4017,17,274.565758
2104.0022,50,274.625889
-1966.3805,22,274.625962
5544.888,109,274.642895
609.58606,39,274.652737
-886.7888,40,274.672007
87.41937,55,274.672077
918.44415,36,274.672095
-289.0141,41,274.736564
-1435.6958,18,274.786363
1127.4512,41,274.786459
-1125.0339,43,274.798332
-1615.1115,5,274.810016
751.1214,49,274.821019
-1019.0706,3,274.831176
-988.81726,3,274.860767
-1032.8541,4,274.911873
-1320.1696,24,274.920991
462.43964,48,274.921054
-114.763,56,274.949304
4119.912,104,274.959934
-2425.769,17,274.976778
-835.8977,15,274.988687
-798.688,16,274.988772
-1034.7072,2,274.999133
-1242.944,52,274.999211
-1382.7633,29,274.999225
-1062.3253,4,275.011822
87.62518,24,275.057426
-862.09375,8,275.090344
-500.7192,17,275.116734
367.20892,37,275.116819
640.3226,52,275.136592
-1547.0829,20,275.149865
4371.3696,82,275.149956
-1379.1343,15,275.168289
660.26746,49,275.216384
-837.1482,6,275.24501
-1132.2479,14,275.266267
2191.2822,72,275.266633
-1118.4539,25,275.287466
-1009.5851,14,275.287554
3140.4443,76,275.298234
-1874.458,10,275.35638
197.09973,29,275.356462
2063.6575,58,275.367379
2004.9182,68,275.385809
-941.9972,6,275.413589
-738.6362,14,275.435882
-1015.37177,9,275.454954
-1586.9303,26,275.455095
-1695.1338,7,275.509392
2698.4614,77,275.576013
-1266.324,15,275.589511
237.79108,35,275.589592
-379.09644,52,275.640249
-1119.4822,14,275.656594
1706.7118,81,275.668055
44.322266,33,275.686984
-734.3352,9,275.697296
2025.1138,105,275.715896
5139.424,108,275.727389
-826.36707,6,275.772797
-1737.4875,19,275.772886
1537.9556,60,275.808747
457.71252,47,275.864306
-1336.6665,18,275.881371
488.46436,45,275.88146
571.8947,42,275.919244
-1000.239,4,275.932978
2767.4807,57,275.944143
-989.9546,7,275.968652
3106.711,88,275.998944
-90.42444,23,275.999032
3754.2656,86,276.084749
-560.918,51,276.123142
-462.7804,36,276.466084
564.3244,43,276.476215
911.5432,44,276.500184
-3197.5059,24,276.510906
-1039.857,4,276.510984
-2516.5144,16,276.511003
1749.4121,71,276.534075
-1037.9554,3,276.543821
-551.31323,11,276.556233
-942.94855,5,276.556304
-513.34894,26,276.580355
8299.225,144,276.580436
-1165.0844,20,276.591726
-1360.4163,39,276.603496
-835.5193,8,276.603858
-933.47235,6,276.624311
-1339.0197,5,276.636545
-1022.1722,3,276.663342
-766.5214,32,276.673391
5271.436,113,276.696076
-1395.5582,9,276.696149
-734.76086,13,276.696167
-1040.8188,18,276.755189
-2509.9539,21,276.767397
-1727.6233,63,276.790441
-897.3521,7,276.790524
-747.719,8,276.80386
-1049.6372,4,276.803916
-2897.6064,12,276.815694
-1028.3866,2,276.825895
323.47736,56,276.858321
-1032.2539,2,276.858416
1729.0264,63,276.858435
3716.0483,114,276.89351
-134.81213,28,276.904912
-964.4339,18,276.930365
1505.3677,65,276.930444
-649.11676,10,276.974375
32.774536,44,277.027782
-1025.487,2,277.048056
81.79968,67,277.109001
2853.6858,61,277.109134
5166.544,132,277.158186
1134.7471,45,277.158276
-2083.5483,29,277.19226
-938.78485,9,277.230028
967.65625,44,277.334442
-25.273926,38,277.347768
-913.6535,57,277.421732
-879.8417,21,277.469616
-281.9026,45,277.489323
-337.4206,41,277.509314
832.5517,53,277.531288
3044.632,85,277.540174
5687.9395,138,277.564961
1299.5701,75,277.589282
-704.20435,12,277.600828
4334.796,127,277.627665
1796.1052,56,277.647105
2334.0159,69,277.689471
-811.36005,9,277.689587
3882.5427,88,277.737814
445.6557,34,277.77086
2417.0032,69,277.780975
2083.6235,94,277.802313
1167.9071,64,277.866371
772.83575,42,277.866442
4086.4954,87,277.889784
-1524.8589,18,277.898937
-1417.3235,30,277.899
3924.2598,89,277.90943
-1443.0906,17,277.918698
-475.80304,22,277.94247
-1424.266,15,277.964011
214.23541,41,277.97585
-473.83954,10,277.975919
-1054.8816,5,277.997732
2565.3784,70,278.017039
-789.1859,8,278.017125
-1262.9937,11,278.032472
-1029.5375,5,278.042188
-1174.6897,19,278.110223
1001.24896,31,278.127167
470.35785,43,278.136822
2352.3208,85,278.145862
7340.5176,102,278.175784
-186.81091,23,278.263907
-1218.864,9,278.293599
-1806.6108,6,278.325183
1497.9258,62,278.421686
-1844.0176,22,278.457401
-1075.1333,6,278.536454
-1110.6959,4,278.589904
4209.413,92,278.635728
-1230.276,17,278.673936
2033.4243,53,278.737623
1472.4377,81,278.737708
-2225.5938,5,278.778847
1370.8823,48,278.853275
1337.488,41,278.959329
7472.9697,109,278.989673
-1389.7178,42,279.011709
3270.648,77,279.03511
-1538.2148,6,279.04525
-664.1245,21,279.058656
1150.0061,44,279.058767
383.27008,38,279.073066
-322.4972,49,279.118832
-1920.6337,21,279.146774
-2119.0813,15,279.16466
-2087.1973,11,279.196197
-1764.2759,11,279.209779
-1007.9153,5,279.262851
655.1374,63,279.272548
963.9345,45,279.285927
-186.92334,24,279.320634
-561.3459,13,279.320729
-852.8552,6,279.332147
3647.0762,78,279.332497
-387.61456,44,279.361634
-1041.4364,3,279.374651
1394.5829,40,279.374721
555.4365,44,279.390701
3815.0474,108,279.404372
-659.5183,18,279.417449
-928.69836,5,279.478937
-2434.3027,8,279.489743
1293.9585,52,279.505126
-561.7383,10,279.544583
4562.4424,130,279.672315
491.78162,38,279.734665
-612.0829,9,279.734777
4198.2134,100,279.747314
5625.5474,123,279.756819
2727.1604,54,279.788874
432.05133,64,279.800423
-1764.8339,7,279.821231
-535.41113,26,279.821312
305.95435,35,279.841259
-2657.2668,16,279.841343
-1740.6754,12,279.852625
-1008.6059,5,279.878068
-936.22424,6,279.896333
-1015.2514,4,279.89641
-886.7876,6,279.918218
-1051.9513,6,279.947329
-933.5884,42,279.967828
4846.1216,90,279.979368
2761.5369,101,279.979441
-2135.824,21,279.99746
2694.7148,78,279.997571
-1138.5615,3,280.014663
-1290.6134,10,280.024103
-1464.3735,25,280.035754
9.664307,37,280.047967
1838.8052,75,280.069392
-1297.4246,18,280.090741
1287.8994,55,280.101405
-311.94238,21,280.128401
-966.9519,8,280.160165
1006.6866,38,280.172017
2172.101,61,280.172094
2393.883,84,280.182347
2112.3438,68,280.203135
2352.312,82,280.203212
-916.1269,11,280.246183
-859.2472,21,280.273179
-1153.7195,11,280.284552
-1376.1963,13,280.297277
1624.2473,72,280.319467
-33.759644,30,280.331394
383.8155,48,280.344655
272.85065,26,280.386997
763.4858,34,280.387112
-1456.6921,6,280.38713
-796.7067,9,280.397197
-295.38354,42,280.410952
4246.932,82,280.452411
829.94226,36,280.50128
89.25519,59,280.526887
953.2726,33,280.56608
2992.837,69,280.588179
1442.5894,52,280.601475
385.14178,24,280.628721
-485.68524,24,280.640487
458.79663,42,280.712672
1397.5281,42,280.763191
-1248.6406,10,280.785192
1113.2642,68,280.785554
-1177.2795,31,280.827734
-139.95868,30,280.868032
-1051.7491,6,280.882789
6772.1455,106,280.895226
432.54144,38,280.925545
641.84454,42,280.949757
-1244.5067,25,280.949824
-677.1946,8,280.964659
4642.262,82,280.987118
-939.0641,5,280.987189
842.36993,78,280.997247
-397.10657,57,281.007463
-627.4033,29,281.018652
-1281.9972,4,281.033047
-1029.5668,2,281.043249
425.18988,54,281.084393
-885.6167,20,281.133114
-1859.2042,9,281.146437
343.9641,33,281.146526
-987.4884,22,281.146544
-583.78436,16,281.146551
3625.3472,93,281.182222
-945.4122,5,281.258662
-139.70447,18,281.293244
-1153.1578,6,281.293344
2132.8022,67,281.370373
-793.4071,11,281.383217
9.013855,54,281.383286
-1485.9839,23,281.438239
-4290.129,25,281.438338
-816.7062,10,281.52461
-138.86328,33,281.550117
-1118.9043,17,281.585166
1907.0266,48,281.60127
-990.1316,5,281.617465
-1726.1272,4,281.66677
-1679.7649,12,281.666952
-1169.8577,15,281.686172
3358.0671,72,281.686313
4166.5947,102,281.717962
-1928.798,17,281.740098
-1434.0671,6,281.784698
-988.6024,23,281.81284
-364.68164,36,281.812951
-846.2672,32,281.812971
-1041.0714,6,281.832995
-31.630493,29,281.86091
-1282.6545,3,281.861002
-2338.2607,19,281.898808
1632.334,66,281.925831
-889.85,18,281.948556
1741.5642,60,282.053693
-200.37134,20,282.30056
-2207.604,18,282.365661
-1087.5659,8,282.365716
2077.721,56,282.526674
-1015.8188,4,282.597235
4862.8833,110,282.74713
3986.267,104,282.775436
104.52655,47,282.838479
6358.6094,144,282.917004
-999.0241,6,282.95075
1181.675,43,283.097852
-1331.0879,10,283.098082
-523.1079,9,283.118808
255.45941,42,283.153691
2937.8083,84,283.165715
2857.1733,75,283.209287
527.9632,53,283.261776
-2491.7559,18,283.274448
-837.3368,13,283.274529
-1372.9475,11,283.606375
431.33868,79,283.639333
-873.84143,7,283.674666
1966.9929,60,283.674769
-1009.24554,4,283.685417
-1126.2776,5,283.734981
9903.046,173,283.880225
11297.608,138,283.917101
-700.9619,68,283.930336
-1019.2115,2,283.950008
-1308.9099,6,283.966984
-152.15497,34,284.001019
7.1381226,35,284.075299
5411.1455,96,284.087489
-496.3455,12,284.114859
3064.2515,83,284.13061
-1967.1584,40,284.154312
4542.573,89,284.177338
394.74957,35,284.177415
5791.935,102,284.177436
-874.22034,5,284.241378
1177.6123,78,284.263877
-701.45264,60,284.296543
-892.2921,5,284.31238
-1728.0077,11,284.324967
-688.40924,21,284.36341
4396.765,107,284.381558
1762.9294,78,284.404049
-1375.9268,9,284.41948
3617.2454,93,284.41964
2468.4248,60,284.434333
-1318.1317,4,284.434423
1520.3613,75,284.447002
1492.9475,55,284.457992
-432.71387,53,284.488142
-1598.8364,17,284.501865
-985.75946,5,284.526137
-899.84,6,284.526292
1127.615,81,284.548327
-1931.9539,36,284.562921
-749.0204,9,284.585374
-801.26825,13,284.596192
-996.1001,8,284.620284
-2639.4385,7,284.650603
-1330.9974,16,284.650705
-579.1592,12,284.678298
6456.2036,107,284.678392
532.7486,54,284.719639
-306.591,13,284.753932
-1303.1198,4,284.764691
1871.0388,62,284.783547
-2163.502,13,284.804122
-724.4988,23,284.837275
157.25696,56,284.849387
-1963.4966,33,284.84952
1657.3752,51,284.849636
-780.42456,9,284.874152
-789.3357,9,284.890939
-1766.5295,58,284.912797
-931.5587,5,284.934007
-841.5151,6,284.95528
-1026.1064,3,284.96842
1052.5234,38,284.981318
6648.918,138,285.005518
-384.46497,17,285.036358
-1169.4392,4,285.05098
-784.5152,9,285.063305
-1120.4589,8,285.077574
70.34064,36,285.088179
2047.3313,45,285.134851
3783.5933,92,285.167883
2131.1592,62,285.189782
-1032.1025,2,285.212819
-465.9795,33,285.212944
-396.23523,28,285.253329
-443.3083,18,285.264512
-1352.5798,17,285.287185
-1281.3284,5,285.287349
3217.8818,77,288.049165
-2306.1443,7,288.062047
-87.130615,42,288.116774
3051.2834,83,288.130494
-846.3954,8,288.130869
-1179.2148,11,288.140563
-928.4072,4,288.159302
11785.825,204,288.168897
1444.5986,38,288.180912
2806.7866,68,288.196763
-1732.3391,7,288.20521
-662.5844,10,288.273248
1582.144,72,288.273324
4714.0073,97,288.295726
-2703.8608,29,288.353997
3372.6135,71,288.35407
-4017.783,31,288.439115
-1750.7825,27,288.439193
1235.7485,76,288.462393
6104.705,105,288.471911
-1937.1962,14,288.499157
2204.4233,61,288.511404
624.3675,42,288.582047
-996.58325,12,288.582143
2104.5696,63,288.592433
5012.6855,89,288.592504
1082.7717,105,288.614857
2862.17,73,288.625124
-369.13043,23,288.688156
607.80316,39,288.688228
1072.2538,49,288.707132
6714.3784,154,288.707208
-1663.1184,11,288.717309
1090.0757,68,288.738181
-1334.7771,5,288.738254
-2095.1604,16,288.757762
2518.9849,82,288.784527
-955.19543,71,288.784621
-1031.6125,2,288.807696
-755.6742,9,288.807776
277.56042,42,288.807794
-936.14417,4,288.807801
3623.6821,93,288.828106
1469.5435,53,288.837791
-991.0953,3,288.865225
-104.13788,35,288.874497
-3370.3389,14,288.884539
-1672.7238,35,288.884652
-1106.6058,28,288.979725
-2784.2446,17,288.979796
-47.167297,39,289.00516
-1186.9874,14,289.048525
78.487854,26,289.091624
2640.8403,58,289.102042
4437.4263,92,289.10213
731.6846,47,289.13096
-836.2566,13,289.152975
3953.634,90,289.163954
472.31586,26,289.164034
3673.8232,87,289.226849
-1087.1373,14,289.247036
-569.8993,45,289.292843
-932.5413,4,289.292911
1312.0688,79,289.292927
5234.7207,119,289.313721
-1922.1273,15,289.324794
-1489.3059,16,289.324873
-886.9351,9,289.324897
-1769.0198,7,289.366001
3245.875,72,289.376977
-1115.2563,9,289.384182
-376.52588,56,289.42004
-2705.5212,41,289.420116
-2543.6865,9,289.446473
2272.5486,64,289.45647
2231.5403,73,289.477686
-1663.2249,6,289.47776
-887.4037,47,289.477779
-1046.2081,3,289.477786
-1069.5184,16,289.477793
-1573.7048,34,289.508436
-1054.8945,3,289.508541
-832.28876,21,289.52023
-750.32263,9,289.615299
-1245.7351,14,289.624935
-774.47925,56,289.672179
5650.9824,98,289.672287
3396.3933,92,289.692215
4467.5063,82,289.730362
-3053.25,22,289.741454
60.010193,25,289.741532
298.11572,32,289.752059
32.46283,49,289.816228
3736.1716,92,289.854351
243.60577,50,289.883877
16.262451,43,289.923517
-1679.6442,26,289.952132
544.5981,35,289.981386
-881.2639,11,289.991022
-518.41174,18,290.024463
1367.6365,42,290.033212
210.06586,31,290.033281
2826.9373,72,290.043067
5239.954,100,290.061471
-1024.4369,5,290.070811
1721.1671,78,290.070882
3978.2334,94,290.082298
3910.712,125,290.092539
-1001.90594,7,290.148017
1807.6802,44,290.185098
-740.10077,9,290.19418
-926.7708,12,290.205843
2011.5654,72,290.218588
-1066.3135,5,290.26506
2883.3843,146,290.265136
-781.51636,7,290.274699
2424.0583,77,290.303025
-670.33044,9,290.313319
4863.0615,85,290.334062
6689.0654,121,290.34888
1130.595,41,290.348953
-1025.411,2,290.372208
-3630.8655,63,290.388664
315.01978,31,290.40001
-828.749,6,290.41102
-790.79034,23,290.431769
-1599.407,11,290.447284
1078.6959,45,290.447356
-3069.669,8,290.463278
3064.814,66,290.491125
-870.1488,7,290.508754
531.96826,41,290.508822
-1308.2775,23,290.528425
3767.267,78,290.541345
-1181.7101,7,290.58138
578.79614,33,290.592018
-1276.3569,33,290.602598
6851.087,120,290.60269
1466.7205,94,290.636339
-523.6738,17,290.64873
2147.2788,71,290.695122
1959.7837,63,290.70344
-507.4321,20,290.730549
1882.1326,72,290.748517
-1055.2556,12,290.772526
-1680.1726,19,290.801956
-1399.0044,10,290.839599
227.85376,44,290.859314
2923.5508,67,290.859403
-2973.3652,15,290.921129
-1554.333,48,290.949739
-1323.0223,33,290.950077
-2447.0452,21,290.960226
-618.8096,26,290.970061
3555.4807,69,290.980143
-932.31323,4,290.992081
-936.77295,8,291.00228
1313.6216,46,291.018894
-829.1333,45,291.018968
1252.2507,39,291.018985
-714.9409,6,291.030264
1390.0903,39,291.382707
-912.267,5,291.402436
-1128.803,11,291.420387
-1090.2772,11,291.432292
4957.1997,102,291.443057
2130.2778,67,291.452651
-2754.777,10,291.452724
1487.5388,80,291.472294
-147.65704,47,291.502286
-1773.9606,15,291.502363
403.41888,34,291.513384
-731.39954,18,291.513466
-1649.307,16,291.571648
-1151.5659,17,291.5995
-1562.225,9,291.599601
-214.43939,64,291.609967
-1307.8281,16,291.620083
-1131.2054,3,291.629724
9467.603,158,291.629808
-1613.9935,5,291.660601
-360.3891,55,291.687551
8145.026,128,291.697595
-1807.6184,18,291.697678
-407.3604,12,291.718113
-1813.031,27,291.718196
3435.7517,96,291.738985
-1776.8872,37,291.748315
545.9619,36,291.758568
-988.8019,5,291.758663
-902.6911,3,291.767796
-1016.4714,8,291.777043
-1027.7844,26,291.788048
5776.167,105,291.788137
104.50458,32,291.809888
-1004.90356,5,291.809951
-972.096,8,291.809968
-1227.2992,19,291.832236
908.943,62,291.832326
-1549.6233,53,291.849175
-999.06525,15,291.891542
-898.4507,5,291.891644
-987.1779,25,291.904392
-1202.9858,37,291.904469
-889.04596,14,291.904489
-1003.3184,9,291.913598
-842.07007,8,291.922566
-257.08313,29,291.933321
-859.9134,16,291.975589
-1656.6545,12,292.014091
-997.4131,14,292.025558
5074.4478,82,292.036813
-1044.207,2,292.050372
-2227.9897,20,292.113313
6110.178,123,292.134303
-813.6322,20,292.146205
-794.7385,11,292.156992
-912.1964,6,292.175358
-932.0238,6,292.203102
-1048.7202,32,292.24956
2152.803,75,292.261411
-977.1406,4,292.29746
-997.075,7,292.319368
1460.4443,61,292.319431
1741.1997,52,292.351926
2975.147,75,292.370844
610.38434,55,292.370916
4461.512,89,292.382747
2036.9277,57,292.412733
-1187.9358,50,292.459095
-1055.2002,8,292.470058
1884.9607,111,292.470145
1129.3718,66,292.478851
101.036316,71,292.478932
-2314.856,17,292.491702
-654.4982,8,292.548325
1702.5632,62,292.567716
655.6552,42,292.57921
-1023.5134,2,292.589693
1181.3286,53,292.628816
-1155.2029,55,292.638294
2921.8823,81,292.638371
-1462.9153,24,292.659477
3073.3684,83,292.700449
-683.3075,38,292.718494
87.66156,25,292.727169
-25.239746,39,292.727235
3648.559,83,292.727251
-1002.18353,11,292.74739
1758.8862,56,292.757313
4430.792,81,292.784264
-1296.1366,13,292.784349
-1181.0933,6,292.801237
-1015.9254,3,292.81334
976.722,68,292.853244
780.0468,37,292.853347
1603.1501,50,292.885937
-760.83777,37,292.923776
1731.1416,46,292.934325
1382.0935,46,292.946206
-1247.6414,24,292.967294
-831.77594,17,292.984884
3105.4443,96,292.993719
-1580.6187,24,293.001415
2039.3838,64,293.009838
-1297.4677,44,293.032136
-669.9714,12,293.063241
-859.7279,7,293.082
2532.5352,63,293.092591
-984.1027,4,293.130718
747.4298,50,293.139767
-930.2377,8,293.149346
-1210.2275,52,293.171312
-1469.1562,46,293.203789
-1615.9839,8,293.228946
-474.59174,33,293.265818
-768.6123,8,293.275913
-981.42377,3,293.297827
510.29388,44,293.306698
1762.9077,49,293.316641
-1033.0,2,293.316716
-1049.4441,3,293.343473
126.515076,58,293.38229
1401.9323,41,293.38235
-733.07367,25,293.392339
-691.7818,8,293.392419
1027.3206,47,293.403507
-1612.2549,53,293.403591
-219.73578,38,293.423223
-45.481873,44,293.43438
-996.0608,4,293.434495
-1184.9813,5,293.453884
2681.2493,72,293.46328
2741.0051,72,293.463343
-394.0031,24,293.474089
-998.45465,2,293.474164
-1643.168,21,293.5004
5706.017,126,293.511467
-1689.4277,12,293.530813
1047.7273,42,293.530882
-1035.1879,11,293.541743
-755.7309,15,293.551838
829.2586,53,293.551902
-918.07806,12,293.561825
-979.0857,3,293.573404
-254.86218,26,293.599491
-1309.3197,22,293.61545
-1058.6058,14,293.627514
432.16968,90,293.6276
1308.5654,50,293.646901
-1065.0706,4,293.65795
3451.4934,75,293.670453
-2122.8242,16,293.701142
-1114.1527,15,293.719015
-818.22,10,293.748673
-1219.2655,27,293.775594
9116.231,138,293.802502
-1246.0344,22,293.814378
86.32434,83,293.840504
-2034.8285,14,293.851645
-471.15912,28,293.85173
-1195.409,6,293.862568
-2435.0579,23,293.88362
5657.703,129,293.89351
-4764.3657,16,293.903036
3484.8386,73,293.912242
-1532.1356,9,293.94447
1492.241,59,293.955438
1610.3865,57,293.96798
-993.49146,3,294.006381
-1410.1521,16,294.016065
-643.1362,13,294.040809
402.09247,55,294.040893
-1010.82855,3,294.051868
-2174.4146,48,294.051926
-2558.4932,15,294.082195
1323.3022,55,294.112308
357.45392,48,294.159698
-2306.3591,17,294.205278
783.9731,46,294.245878
-376.328,36,294.253845
3323.223,79,294.279892
-1460.4686,10,294.306642
-1033.6895,3,294.336181
-163.16077,33,294.371846
-2034.6736,15,294.388684
-1925.2981,25,294.398253
4057.5488,78,294.405687
-962.03754,5,294.416942
1960.8062,91,294.427866
2032.1261,49,294.451706
-869.6335,7,294.463646
1558.0608,46,294.463711
-1759.0884,6,294.474593
-62.4317,39,294.48315
1338.1163,95,294.513122
-1106.999,5,294.532697
-1696.0132,6,294.532766
3272.6567,84,294.542276
2712.701,64,294.560198
-727.3187,10,294.560273
-954.63135,4,294.571045
1923.5928,54,294.571118
97.168396,32,294.571136
-770.94293,9,294.59901
-1039.6277,8,294.647122
6287.568,121,294.65587
4598.2964,104,294.66625
-912.1948,12,294.689111
4969.585,86,294.717206
674.1292,67,294.729415
-2859.4368,21,294.738571
2413.041,71,294.748901
-768.01074,10,294.761722
-720.2838,16,294.809024
1941.2617,50,294.831113
-1017.24426,25,294.852126
-2183.9106,10,294.864195
514.8156,46,294.864295
380.62134,33,294.89483
-1033.199,47,294.895206
4704.384,109,294.912209
2951.6602,68,294.952684
-856.5952,39,294.952766
-872.9104,7,294.981795
5746.6963,151,295.001728
-901.4551,14,295.0021
-1107.8192,16,295.010563
-957.10675,6,295.010621
-596.896,16,295.021117
579.1753,33,295.0212
-1037.4377,4,295.038583
3110.7993,109,295.038645
-1708.2415,7,295.089965
-712.56323,10,295.118693
2082.9407,71,295.167824
2209.4373,52,295.187989
-631.5958,39,295.284173
4574.6323,87,295.305219
-867.16364,7,295.353992
-1631.6174,8,295.389305
2209.879,64,295.389393
7830.733,151,295.38941
-1725.3181,4,295.401108
2120.0862,60,295.425089
-170.65271,37,295.425185
-164.14978,35,295.452151
-1043.1484,4,295.460743
-718.7139,8,295.480594
-223.27057,31,295.494946
456.00006,50,295.495011
-284.7635,48,295.504016
-1065.402,4,295.537356
5621.468,104,295.603485
-699.52466,9,295.603547
-1197.2341,19,295.623313
-1039.1421,3,295.635317
2319.2974,61,295.647105
1078.7847,75,295.670386
-1029.4572,4,296.003221
-168.15009,30,296.034506
1783.0408,85,296.034582
395.7364,49,296.034602
-1238.1716,4,296.044701
5417.3027,116,296.091755
-1119.905,30,296.144777
740.7555,35,296.176064
208.54681,38,296.197443
2124.389,87,296.19751
3602.272,84,296.216833
-1158.2394,28,296.236153
768.82104,42,296.262774
5574.2773,114,296.262844
-992.58624,5,296.262872
-604.61536,53,296.283025
3897.107,87,296.283093
-1101.6373,5,296.31266
-2031.3213,12,296.312721
-1093.1686,4,296.32303
10552.708,152,296.342448
-927.1962,9,296.351927
371.5373,33,296.429278
2408.7642,95,296.441085
-1024.1963,2,296.462325
7292.5786,139,296.483882
1892.2915,55,296.524216
1234.2251,39,296.546251
1304.6455,51,296.566734
2302.9307,69,296.584593
-1032.4147,31,296.62336
1640.5483,62,296.632931
-1599.4341,7,296.658733
2505.2559,59,296.658804
3589.6172,90,296.658818
-476.20032,31,296.669629
-1068.5757,11,296.679451
1827.783,70,296.699612
-52.341797,21,296.69971
-639.36597,65,296.707825
798.48474,53,296.707882
331.50958,45,296.720196
620.4187,46,296.751091
-1341.5195,11,296.751166
-915.79944,6,296.760808
-863.7897,5,296.769966
-720.40204,8,296.780402
6239.274,167,296.780471
-1226.2261,4,296.818063
-886.741,18,296.838578
2141.902,61,296.850573
-807.2753,9,296.865861
-1208.1143,21,296.875581
-1698.7397,19,296.89712
-709.4874,21,296.915342
120.13794,45,296.989836
4070.766,100,297.051186
-1183.5337,16,297.051262
3884.0723,86,297.051277
-233.159,31,297.051283
-774.2084,15,297.058922
2229.978,76,297.070505
2278.0168,66,297.111784
-1898.7709,26,297.111881
934.60736,80,297.140394
890.65393,67,297.152211
-1382.5625,48,297.152262
-835.3799,10,297.170066
193.08527,37,297.204864
-1181.2168,7,297.237511
-1626.9214,12,297.246721
-911.2165,7,297.257017
-1101.6604,11,297.266325
1985.8267,52,297.296654
-2192.8772,18,297.306696
-855.98236,7,297.306788
1064.927,45,297.348214
-739.8981,17,297.418101
-544.553,33,297.418188
-1028.7795,2,297.435938
707.3836,37,297.455091
2220.474,67,297.455162
2017.5369,108,297.45518
-3088.6497,26,297.479114
1576.5046,78,297.489424
3085.6772,94,297.500916
71.44299,27,297.584262
-958.54126,11,297.594239
1263.4199,50,297.594335
-1468.4756,26,297.616819
-1627.3262,14,297.650837
2682.0898,78,297.671532
-481.66455,77,297.691767
4861.0854,102,297.691869
-2035.1895,20,297.701337
1861.7441,46,297.729112
1344.9635,64,297.748215
3123.9658,66,297.776377
1659.6431,109,297.786612
3253.0615,78,297.816106
-2053.67,22,297.885077
1115.7019,45,297.916802
26.440979,45,297.916896
-32.33307,24,297.926695
2198.029,65,297.969117
1263.2546,55,297.984622
869.6402,39,298.000301
-1115.1523,53,298.010391
-903.98486,5,298.052503
-981.04254,14,298.1166
-2201.1472,17,298.116702
-728.9474,8,298.158634
-995.42523,3,298.188586
1645.884,92,298.212851
-1820.373,43,298.291455
1772.7871,86,298.31511
-1086.5674,7,298.336783
1486.0708,47,298.336848
-1114.0319,14,298.353485
-1257.8041,5,298.362333
1211.0964,58,298.3801
-474.62115,22,298.389956
9345.632,141,298.40005
-1333.1431,12,298.400111
-420.38953,95,298.457643
-750.64343,10,298.457729
-640.90137,9,298.457744
3967.8281,83,298.479162
-758.60724,8,298.491064
2645.5667,57,298.501938
3083.3528,71,298.502012
-1325.9426,17,298.512396
-417.90448,40,298.528461
251.42474,26,298.542325
1302.2507,59,298.596575
-731.604,41,298.686309
-2044.6216,26,298.730892
3073.5256,88,298.739796
-1037.1118,25,298.750726
-824.6184,30,298.771844
-57.880493,60,298.782359
-1010.3921,5,298.801761
-549.5779,34,298.81373
-126.243835,23,298.821458
-840.8307,9,298.831367
2995.099,74,298.876047
-1241.275,7,298.896954
-758.3905,10,298.905241
6097.914,109,298.905342
-112.577576,47,298.991341
-2465.3428,59,298.991418
2409.033,105,299.018084
4124.9614,104,299.047124
-195.5144,38,299.081225
-1960.2928,34,299.091586
697.704,53,299.104464
3416.309,71,299.14491
-969.51855,6,299.155175
958.3569,35,299.186918
-1214.8523,11,299.215476
-753.36084,13,299.215544
-1609.5302,6,299.243632
1289.1045,44,299.243704
-2593.584,10,299.258688
3064.5474,73,299.267385
1065.6404,36,299.283537
-1741.2296,7,299.322148
1574.3237,52,299.322262
-833.51044,42,299.322281
8194.101,127,299.33865
652.57495,48,299.347907
2953.4075,82,299.384185
-939.3037,17,299.459388
5554.0103,99,299.468154
5949.9756,100,299.539737
4172.817,95,299.539836
-1675.0444,23,299.571839
-1505.1611,11,299.571935
-4087.7878,35,299.594368
-1158.2815,3,299.612486
-415.25928,33,299.61257
1827.5679,55,299.643617
3005.2112,117,299.665008
3918.2595,65,299.701355
-1846.8711,8,299.701434
-1668.7603,8,299.731227
1170.979,69,299.740466
-1145.8116,52,299.787032
-910.78973,8,299.815653
1331.3801,46,299.828413
2061.289,55,299.885983
-567.7716,28,299.897248
-1041.9987,4,299.926172
802.36676,39,299.951203
2690.9434,88,299.962177
-397.82758,48,299.970654
-128.86322,31,300.009806
-1328.685,12,300.009887
-1254.1294,27,300.0455
58.390503,44,300.114213
6983.284,118,300.149862
-1271.915,23,300.202169
10083.581,174,300.202249
956.6354,82,300.224506
3502.1255,67,300.255472
8031.4497,126,300.255567
881.48956,65,300.29643
5112.905,109,300.3068
3975.881,69,300.306849
-1915.1393,32,300.327173
-494.57135,19,300.337392
5377.013,103,300.365639
-960.6463,17,300.389989
5339.512,100,300.407233
-268.4887,55,300.416161
555.22516,42,300.426461
1024.0374,37,300.472042
1213.9832,69,300.484131
-721.80865,13,300.517447
-1221.5131,26,300.5652
2393.7139,71,301.004422
-692.3762,27,301.025721
1289.6367,53,301.025845
-1018.3851,22,301.062968
-138.1239,46,301.089949
4108.637,92,301.109903
-1038.6161,4,301.10998
-863.4603,6,301.152511
2314.242,78,301.19305
473.94043,36,301.202764
-228.07764,35,301.21171
-736.4114,10,301.251741
-1802.4563,17,301.279255
4330.1616,138,301.279339
-1108.5155,6,301.314575
2608.278,54,301.314629
2858.7603,64,301.314641
-827.81213,44,301.314646
-173.65314,41,301.32619
2084.0603,54,301.326277
-286.29004,38,301.33603
-917.3966,6,301.345215
7288.078,151,301.371711
-1055.2592,18,301.371775
-763.1658,10,301.413347
-962.0087,5,301.424166
-1005.5756,10,301.424253
-607.7797,34,301.456559
870.27423,49,301.476613
159.56024,60,301.52979
5403.452,103,301.541151
-1535.3896,12,301.554504
-1061.6342,22,301.579821
1703.2664,54,301.598407
4125.558,81,301.607149
315.74823,26,301.662205
-774.5687,13,301.709957
-1547.6343,11,301.71839
5119.936,97,301.727337
4170.523,101,301.736404
3649.6794,94,301.772957
-1571.7046,18,301.800999
-3808.6465,36,301.820684
763.27344,47,301.831622
885.62573,48,301.86423
-628.8266,50,301.875971
-582.46387,12,301.876057
-984.54846,3,301.897271
-855.1149,16,301.951658
1327.6213,86,301.951729
2987.2837,90,301.971427
-553.5979,16,301.9913
278.01862,48,301.991386
3417.4792,75,302.021899
-212.15125,54,302.021988
-1343.6724,51,302.042579
2370.1724,69,302.066038
-780.4899,13,302.095558
2983.3223,71,302.095637
626.6231,28,302.112339
-842.9114,51,302.144505
1590.5815,45,302.154469
-18.1333,57,302.164841
-854.3868,16,302.195313
-896.9992,5,302.214407
-1022.96875,3,302.240032
-1575.523,10,302.254928
-1065.9402,5,302.312466
5505.5024,103,302.312541
-1027.2745,2,302.33949
-2597.7798,23,302.339575
-3015.181,43,302.361279
-1307.5338,31,302.361367
-784.82776,39,302.372106
-190.90283,31,302.383416
2723.8862,62,302.383543
974.9287,32,302.41388
-786.70544,7,302.413971
-951.8784,8,302.423681
2881.711,66,302.433947
619.90826,42,302.443809
-535.3943,11,302.475195
-974.8276,6,302.475578
-1694.8452,9,302.512082
-1293.3525,31,302.521257
4738.665,116,302.530351
-1024.8217,12,302.530417
-2610.3318,19,302.570071
-635.9884,11,302.579978
-940.4992,7,302.580062
-786.6646,11,302.580079
-907.25055,7,302.5899
4910.9907,98,302.60038
1655.062,71,302.618557
-982.5388,3,302.628641
1144.3799,50,302.628764
-1020.2042,2,302.64931
915.7287,54,302.649395
2001.0989,64,302.666471
1406.6863,70,302.707862
2307.4106,79,302.70795
-1031.3799,5,302.707966
-1377.8523,8,302.737429
966.857,59,302.75704
-924.9209,9,302.795283
-772.4142,8,302.816509
4089.9392,97,302.84985
-615.0598,10,302.861691
-4.774597,28,302.873836
-987.3156,3,302.90767
-2589.3809,18,302.907763
-345.98047,34,302.962195
1884.2273,67,302.975035
-1032.4125,2,302.995145
-2148.1711,53,303.035778
370.05786,64,303.035837
-1038.1544,5,303.07335
-990.1892,3,303.073407
-1123.0876,7,303.117049
377.2879,37,303.117125
-1148.248,5,303.130014
3081.7432,69,303.140607
-1069.2385,7,303.149843
-585.13446,21,303.164358
-1025.4779,2,303.183725
1400.7052,47,303.183814
-285.99664,31,303.212653
-733.53357,9,303.212714
1223.3677,76,303.241801
-887.8086,5,303.241878
-1009.1977,2,303.27899
2419.8616,60,303.290509
1246.2053,62,303.34163
2496.0378,59,303.353077
-1345.6348,7,303.423828
3795.6182,95,303.455357
-102.20056,26,303.455421
-1892.5009,20,303.455434
10211.848,158,303.496303
-968.97925,5,303.514961
1863.5908,63,303.647047
2338.5732,70,303.681678
-1802.3805,21,303.725146
4009.1072,106,303.750632
1076.4084,72,303.762629
5734.934,102,303.762694
-786.34595,29,303.771806
-1016.9048,2,303.771862
6551.8027,119,303.801353
516.51807,46,303.801451
5345.6484,111,303.813944
1158.1677,53,303.867358
-831.4345,49,303.876462
1318.791,58,303.89779
1047.1324,68,303.90823
-1253.0833,3,303.936791
-1368.4331,14,303.945919
-260.8427,45,303.945975
-2091.5698,12,304.003033
1198.3967,105,304.021165
1885.1841,56,304.036503
204.05054,26,304.057001
-851.10187,19,304.067693
3148.7568,88,304.106523
335.25226,41,304.116322
4511.8804,89,304.13042
-791.57385,8,304.160041
147.20764,35,304.160121
-937.57446,6,304.22149
-248.53644,48,304.239202
-579.1923,11,304.239303
470.63947,27,304.249967
-766.10156,46,304.279689
-1104.9423,21,304.279786
4861.127,115,304.300843
2080.772,72,304.311522
-264.17926,28,304.323193
-1637.8123,15,304.323311
-952.66534,5,304.333222
-1904.9495,19,304.343289
172.49957,58,304.37315
1118.0481,48,304.419323
-903.31995,16,304.468933
1198.0005,65,304.498652
44.975952,51,304.498725
-209.27344,28,304.517103
-248.41797,34,304.590971
3082.936,124,304.602257
-1496.3127,11,304.602329
-904.30676,8,304.602344
-849.728,10,304.639956
855.5361,48,304.640029
2048.6323,63,304.640047
3639.939,80,304.65169
-818.61365,7,304.66272
-886.83,6,304.662808
4268.435,135,304.684874
-946.7317,5,304.69537
-712.8523,9,304.69545
-1043.0609,5,304.713885
-959.4266,6,304.729367
730.5302,38,304.738907
-1275.9725,13,304.738966
8005.0425,182,304.767865
-1474.5385,11,304.767938
656.8794,46,304.806751
2048.1108,69,304.815439
-960.4253,12,304.815507
-1266.5935,56,304.825467
-886.7305,9,304.861254
1822.781,59,304.873651
-638.2256,10,304.873777
-830.6126,7,304.894597
-1384.9664,7,304.934906
-1534.9817,13,304.964285
-370.2843,27,304.973335
-1025.9961,4,304.973433
-123.65442,34,304.992579
-2405.2104,15,305.027445
-1129.1125,7,305.043354
-1297.351,29,305.043426
-1412.3164,17,305.053953
-275.24847,35,305.05402
429.65118,40,305.063947
2998.1965,78,305.168088
5153.615,85,305.19712
1347.17,46,305.214748
3812.1843,86,305.225242
-1376.8193,17,305.225331
-893.75977,24,305.245626
463.90735,34,305.245717
-922.6166,19,305.256677
1994.992,54,305.273634
4652.0615,82,305.284427
1354.271,46,305.299421
-824.07227,8,305.31151
-721.64465,8,305.333976
-2215.251,29,305.334056
41.344116,29,305.359641
-1096.672,7,305.369129
3198.7566,85,305.411843
9169.74,152,305.451847
3110.8452,102,305.462303
1525.042,71,305.480867
-859.2936,11,305.480928
3591.7031,116,305.508482
-591.99133,21,305.889095
-1078.9519,37,305.88932
-645.15704,9,305.903488
-1036.6393,3,305.926888
-434.8758,52,305.92697
8895.634,148,305.947106
-936.96094,28,305.94724
-1027.9872,3,305.957974
-2330.9443,19,305.976729
1523.2083,41,306.025218
-822.6543,9,306.037328
-584.3418,18,306.109821
52.06891,49,306.109923
4354.7754,90,306.12246
-738.80884,13,306.150027
-432.99933,80,306.195621
-1354.844,12,306.245617
895.3293,26,306.263939
-1103.8472,12,306.274662
-72.2923,55,306.284826
300.01105,61,306.293277
-840.90076,31,306.302609
1018.49945,67,306.321662
-1048.1791,4,306.329872
-958.0497,7,306.338243
-1467.3395,8,306.338311
3009.2075,98,306.36775
-1097.1538,7,306.367831
-1190.4026,50,306.38476
1317.5356,55,306.48267
-1090.241,43,306.493381
-875.5811,15,306.515432
-29.988464,46,306.527607
841.76373,70,306.537267
-1483.0212,8,306.575145
2098.9966,82,306.575218
1095.8057,98,306.575237
3471.6924,80,306.596666
326.14886,33,306.606424
648.639,42,306.606502
-720.1014,10,306.625445
-1092.222,68,306.660162
-1862.0989,32,306.671198
1192.461,54,306.680687
-851.50696,8,306.697976
-795.1588,12,306.708677
-793.6627,8,306.740057
1910.3779,52,306.770151
-2097.9705,19,306.778174
-1142.674,18,306.798892
-2478.792,25,306.798976
949.9874,46,306.798992
6679.413,110,306.808807
7868.115,137,306.828697
-1218.9197,15,306.828777
-921.5831,5,306.845612
-781.71313,7,306.865752
-1179.3555,18,306.885799
4695.625,109,306.953907
-688.3928,7,306.953976
600.12714,36,306.964333
-855.005,18,306.983361
-2951.4521,29,306.983441
-1403.2931,22,306.992858
-2039.9238,13,306.992933
-287.46338,64,307.012703
1126.0916,49,307.012785
3017.0227,72,307.076946
1761.3245,50,307.097922
-2844.0137,37,307.11814
3229.1753,72,307.128641
-1084.7654,12,307.156214
3007.0322,82,307.165146
-407.37213,49,307.177603
-485.45685,24,307.230354
-1265.0469,14,307.230458
13672.958,159,307.239597
-637.558,11,307.239651
-1611.2695,7,307.255849
-1823.1309,9,307.255913
-1989.3469,24,307.265948
1376.5974,46,307.285876
-1059.022,5,307.294784
907.41425,44,307.315969
3158.7188,79,307.335303
-898.5105,10,307.335473
-1033.3279,5,307.344123
-1790.4103,17,307.344188
-1631.3309,37,307.364176
2680.3718,69,307.36427
-976.3486,9,307.364289
-3263.5894,32,307.373871
-719.58417,36,307.394363
-1037.9528,3,307.394452
-1055.6272,4,307.404607
-852.7438,7,307.430324
6763.238,129,307.449009
-845.6745,34,307.458791
-1864.3528,8,307.467546
2587.5059,63,307.488821
-714.70844,9,307.488888
-2041.5312,70,307.499289
-2648.3782,15,307.499362
-1722.536,8,307.527423
-1097.3689,5,307.545476
-1886.2576,12,307.545539
1486.8755,54,307.555329
-927.5204,7,307.555382
490.8365,72,307.571288
-883.84106,9,307.630296
207.66766,38,307.630367
-1991.4868,15,307.630384
-1909.1516,11,307.666307
-84.316895,34,307.677402
-898.13824,18,307.677481
-861.33307,53,307.677497
-1396.8617,12,307.677505
-763.4833,8,307.720463
2271.6624,73,307.720528
-474.62567,45,307.772596
-841.9049,22,307.772669
1153.7769,43,307.782135
-417.9256,48,307.826113
768.857,57,307.826194
-1244.1141,5,307.826213
-1562.9763,7,307.864252
-1535.0898,22,307.883659
-858.6457,7,307.913604
2293.0186,90,307.944067
1481.3081,70,307.964284
3164.3496,68,307.989196
-2026.9615,11,308.019313
-1143.9341,6,308.019382
1807.9727,56,308.052759
-169.76129,31,308.066613
330.54767,41,308.121694
-913.6235,42,308.131076
1230.3677,44,308.148798
1272.9812,75,308.171291
-605.07874,22,308.171653
578.5523,37,308.171687
679.1591,44,308.190617
1268.1155,50,308.212301
-1566.3953,9,308.221826
-963.47125,8,308.251551
5144.169,102,308.309001
3059.8162,73,308.341591
-1034.4941,9,308.341681
-218.81744,31,308.370401
2284.955,69,308.370489
1306.6492,40,308.407106
1575.928,54,308.423364
-504.92834,33,308.45075
1775.6493,77,308.470684
4874.4453,97,308.470768
-797.5239,10,308.567573
431.6407,37,308.576635
7200.046,119,308.585982
1839.6313,53,308.586039
1330.4697,43,308.632503
-1597.9895,16,308.643151
2579.7903,74,308.643243
-6185.652,24,308.654474
4809.121,108,308.654555
-879.25885,8,308.66676
-2151.2903,13,308.770333
2813.9275,91,308.790447
-1592.1058,15,308.820639
-624.8977,46,308.830078
-1275.3826,11,308.899871
924.01263,45,308.899944
1197.6184,52,308.911936
-697.0128,9,308.928906
3269.606,89,308.959801
2095.445,60,308.997897
350.67975,65,308.998248
-1768.3818,9,309.009635
2366.695,80,309.009716
-1031.0736,2,309.019539
1231.6133,36,309.02927
-614.83203,44,309.059357
-1897.614,39,309.070175
-1100.8558,15,309.081346
4887.067,93,309.126293
-761.2668,35,309.144696
-1027.6177,7,309.155886
-2790.0889,13,309.155989
-2034.7852,15,309.165298
-1209.2135,25,309.165356
310.81573,34,309.174695
1357.6409,69,309.182887
5221.682,97,309.182944
-955.1329,7,309.192234
3964.1562,81,309.192311
1221.0894,58,309.210571
2269.9927,96,309.219094
2188.3838,57,309.23714
6118.4033,136,309.246284
-1288.4493,8,309.26403
-913.5925,121,309.271988
-1047.9513,25,309.386213
-737.80853,15,309.386281
960.6101,46,309.405083
326.3523,27,309.433527
-947.8506,7,309.451809
470.50092,34,309.478544
-511.8875,25,309.500395
254.9049,46,309.516632
37.24115,40,309.566945
-1894.0173,23,309.625848
-85.682556,57,309.626383
-1511.5433,49,309.626428
806.55,44,309.712184
4855.6875,106,309.744056
751.21216,57,309.744119
3728.6392,85,309.753729
-1000.4576,2,309.772965
-1047.8456,7,309.813374
851.5518,39,309.831087
3889.1196,85,309.84796
-1780.7847,6,309.885041
-1578.2085,27,309.885118
3048.8164,68,309.885135
3072.83,72,309.895801
2452.4304,75,309.895885
-1044.3165,3,309.924521
2681.6277,69,309.924579
1027.507,51,309.924594
1309.9443,44,309.934148
1148.4119,92,309.94389
-1045.7635,6,309.9636
-697.9092,11,309.963682
5711.0957,98,309.974542
-2555.7397,20,309.97463
-976.686,6,309.98359
-681.9092,24,309.98369
-1960.0648,18,309.996675
-1021.2089,3,310.005926
-1045.7437,2,310.015363
215.5003,51,310.025734
-1041.5625,3,310.034334
-3520.2993,34,310.05183
-641.51324,13,310.05189
-791.0697,9,310.069938
-998.4681,3,310.082193
-1065.2139,4,310.092337
-1044.4158,3,310.102614
-2089.2083,18,310.115857
3029.758,63,310.156867
-972.32306,4,310.156983
5676.193,109,310.549056
-1089.7361,9,310.559243
-855.8054,36,310.576349
3362.2212,71,310.585095
2648.2134,68,310.619272
1261.2535,39,310.645591
1684.8768,46,310.782006
10865.593,185,310.818375
-170.5202,52,310.827923
-773.0574,34,310.835612
-1484.3645,19,310.862865
2020.9863,64,310.871327
-789.2655,5,310.882812
-297.45087,33,310.903364
-502.68488,13,310.903467
-1245.7053,6,310.934505
6632.2563,141,310.963823
-682.8718,9,310.980133
5135.07,103,310.999357
1431.1174,56,311.010817
-785.26514,7,311.010891
-1050.7122,5,311.038611
2413.3955,74,311.075538
-280.84668,24,311.075659
7601.0225,129,311.112434
400.77826,74,311.1265
-1005.55676,4,311.126565
1668.5881,50,311.136929
2904.3577,82,311.146685
-286.06055,51,311.182118
-687.2932,13,311.182207
-1639.3401,25,311.227227
-1079.5554,5,311.227322
5245.625,87,311.24664
3746.7952,101,311.267898
3848.4648,98,311.267946
-2612.6865,7,311.296917
-1159.635,17,311.297004
-732.16455,18,311.308426
-2337.0896,4,311.308497
997.1497,39,311.318475
3913.5454,71,311.338673
-881.2474,7,311.338736
-1024.5078,3,311.349155
701.23944,32,311.349225
1265.751,44,311.368151
-941.7221,4,311.378734
-1037.2318,3,311.378798
-893.3185,7,311.378814
-1480.7256,27,311.387532
185.11072,38,311.407922
-553.62476,27,311.464637
-735.842,15,311.464745
-1577.6511,12,311.499923
4686.0386,106,312.636081
-1645.7549,6,312.636165
661.6965,91,312.645949
4080.6938,112,312.64602
-1655.7745,18,312.698419
-945.2033,5,312.708905
-1839.8245,8,312.737468
-904.15216,12,312.765175
-847.9131,24,312.776299
-38.200867,49,312.776573
-1202.3362,9,312.788015
-1173.469,45,312.818254
5619.6094,123,312.826684
322.47797,44,312.911967
1193.5376,44,312.922194
-718.9651,10,312.922267
-122.93396,43,312.939909
1174.8215,52,312.974877
-966.788,5,312.983387
1182.5256,82,312.992164
-1075.9523,5,313.027547
-1724.9067,11,313.059165
-933.96265,9,313.082684
3266.1504,86,313.092845
-1040.5605,3,313.125683
2497.3792,70,313.142528
-801.21594,20,313.173519
3262.6294,78,313.173637
-657.8198,11,313.194471
3722.6091,122,313.203743
-1083.8921,17,313.203807
1957.5276,97,313.251336
-2070.4019,9,313.260763
544.8643,50,313.269277
-687.5139,11,313.280063
-521.81934,51,313.28937
-533.7583,14,313.325249
-870.4033,41,313.33329
890.7558,46,313.372033
-2578.6453,11,313.383157
-415.2757,58,313.400634
-2664.0815,16,313.417654
-349.77228,21,313.472921
3431.4888,72,313.491614
7856.4546,147,313.491692
377.54626,31,313.500643
258.4886,37,313.500724
4639.684,88,313.515733
1415.1462,86,313.550623
2745.2542,89,313.611254
-500.8355,13,313.622161
-2210.9814,10,313.653716
-387.22156,47,313.653794
-1540.3066,33,313.707616
-934.597,11,313.727842
5053.078,97,313.736259
935.81885,45,313.764431
4111.706,119,313.764513
6539.97,130,313.818284
-1036.5212,10,313.818358
-498.6929,21,313.826396
4117.0723,124,313.851852
-1022.2712,2,313.872228
-954.9531,5,313.931681
-4028.9163,70,313.945394
-889.3738,12,313.945498
-1089.7147,17,313.94552
-1116.3405,44,313.945781
164.47455,46,313.955621
-852.39526,5,313.992602
-925.48486,7,314.011166
953.5329,64,314.02102
-979.40643,3,314.037722
1621.0605,100,314.048402
325.917,63,314.098592
593.3907,35,314.098682
2813.5366,84,314.115403
-222.72058,17,314.182036
9597.799,168,314.182108
2049.0764,86,314.182121
2167.251,109,314.193147
-1079.766,4,314.239893
-5282.091,16,314.260309
-2379.2957,28,314.27063
-933.511,10,314.289873
-1028.9513,2,314.289962
631.11346,57,314.33891
609.8044,55,314.383669
-778.16077,15,314.393376
-946.20215,4,314.448716
1481.0979,50,314.459038
2758.4014,78,314.459101
4222.6978,108,314.467639
-1069.9253,4,314.497098
2078.099,75,314.508724
1451.8604,45,314.517916
-1990.0674,25,314.52651
-2285.6025,7,314.526585
-1171.2281,18,314.536719
-1011.66113,6,314.572896
3119.0938,76,314.592602
-822.3419,8,314.604201
583.704,57,314.622512
-922.0232,7,314.6407
-1053.8605,4,314.64078
-1165.6523,13,314.648177
7350.0996,119,314.682442
-1079.5243,21,314.696988
2951.1768,81,314.744203
298.81647,49,314.778279
-1730.7582,4,314.789213
6374.239,113,314.789289
-2085.3132,11,314.802557
-1034.1235,2,314.812945
6416.1157,143,314.839706
-539.1999,33,314.848053
528.82367,44,314.865541
4740.618,95,314.901699
-1961.6904,29,314.90176
3449.3115,71,314.901771
3295.1455,72,314.910271
-740.9258,9,314.930035
7901.8926,141,314.930126
119.274536,36,314.986562
-360.7343,19,314.997396
-1481.966,11,315.024919
4565.046,98,315.107756
-897.9329,25,315.107827
794.4394,47,315.107843
-525.6771,18,315.120494
66.3371,32,315.120568
-773.7462,25,315.13225
6480.017,119,315.132336
-986.9794,3,315.170503
3435.5078,70,315.170592
-162.59442,67,315.178891
-1272.0505,7,315.199762
-827.552,25,315.199828
-992.70306,3,315.229645
2109.3464,67,315.266812
1485.7148,40,315.31125
1283.3406,98,315.365262
-664.6724,16,315.461702
2923.961,82,315.461799
24.736023,36,315.470811
-176.65527,42,315.534405
854.0295,55,315.534517
862.5905,45,315.548027
7420.698,126,315.54812
-680.95026,10,315.558025
369.7373,68,315.576596
8841.2,148,315.576669
1742.8728,49,315.585516
-1050.3778,6,315.604118
-938.9137,6,315.613568
230.818,48,315.647733
103.46777,55,315.658471
1077.7892,46,315.677916
-1382.5779,14,315.68876
3036.3179,93,315.717137
-850.3561,5,315.733502
-1319.9675,17,315.762855
4661.871,108,315.762938
1006.94366,35,315.822801
-974.90967,5,315.822876
-830.74164,24,315.833046
-1069.221,3,316.054011
-908.6957,12,316.08223
4533.4053,98,316.124847
1823.5872,53,316.142992
-215.3263,33,316.162077
1835.0253,73,316.162155
-966.1358,4,316.174718
-1364.5977,3,316.174802
167.5393,28,316.186984
-1008.1474,3,316.209446
1337.4116,97,316.228997
-1403.41,3,316.238781
50.25006,98,316.267781
-2059.002,10,316.298031
-710.4941,44,316.376597
-535.2797,52,316.387219
-1091.0739,38,316.410773
369.22113,30,316.421103
4155.448,92,316.440077
-94.74078,36,316.440153
2922.067,62,316.44017
5951.777,104,316.460696
2608.2883,72,316.460774
-1133.0056,24,316.481121
-1036.6346,24,316.51009
-1045.1079,42,316.528113
-625.9234,18,316.593451
-451.54218,26,316.718657
-1060.5981,24,316.744145
83.70117,44,316.831873
4290.627,95,316.83194
417.825,37,316.831955
6077.1885,179,316.856595
4225.3506,97,316.877239
-28.081604,29,316.888009
768.3,49,316.898501
3253.6467,71,316.898576
-954.7936,10,316.926213
-1058.3126,4,316.937982
4759.884,96,316.938069
-1465.4012,14,316.969103
2905.9883,80,316.979104
3686.6887,76,317.009787
2203.35,63,317.009856
-724.2773,10,317.041332
3088.3652,122,317.049159
-470.21332,22,317.079973
-602.6063,65,317.0949
-1014.78827,2,317.105162
-144.29529,22,317.124441
-1224.1456,24,317.140877
1545.6437,61,317.153779
2466.1074,69,317.181905
-852.14734,8,317.192694
-92.501526,22,317.210106
226.52667,27,317.221291
-671.97595,24,317.221404
1204.0665,41,317.249558
2074.3547,84,317.287768
1026.656,53,317.287848
-2214.6392,10,317.307541
6863.6133,121,317.307618
12006.646,189,317.317822
6585.7246,118,317.360949
-1344.4341,8,317.361017
52.091187,27,317.361033
-1398.327,20,317.372155
541.1253,39,317.4105
-523.59424,12,317.43044
-1692.7582,49,317.430533
3160.979,102,317.470069
5603.2354,121,317.513074
-2195.0303,16,317.523715
399.22125,43,317.565137
657.105,48,317.617275
647.24713,64,317.677039
392.37054,44,317.722624
-1543.9336,21,317.733024
2175.401,54,317.791611
-1029.4667,11,317.804088
-843.0351,8,317.814705
588.5169,69,317.823303
-979.4982,3,317.832785
-453.35504,47,317.849216
6239.466,113,317.857639
-725.3583,9,317.877491
-3093.6277,53,317.898741
638.5327,34,317.958788
-990.9658,14,318.026431
6929.9463,104,318.0421
4392.087,85,318.052495
-3422.8455,24,318.070808
1069.9695,64,318.093154
-3607.4849,30,318.093269
1535.1892,60,318.103704
4209.6973,93,318.103795
2608.7876,81,318.112544
1106.4395,78,318.18641
6781.2734,115,318.18649
-1217.6042,13,318.214523
3935.9482,87,318.214613
-1043.4907,5,318.231707
1782.3057,72,318.266742
548.58264,45,318.291364
1355.2324,45,318.31701
35.311707,30,318.32544
-832.87787,27,318.32552
3064.9258,112,318.325538
2171.4995,54,318.339617
5076.3525,98,318.368434
5985.564,111,318.397036
-495.79965,22,318.406744
1119.0469,37,318.406837
1729.7347,70,318.4173
-855.8463,10,318.417379
-1256.9917,15,318.449729
-1665.5365,6,318.460206
1847.279,52,318.460288
2206.522,107,318.470935
-725.9366,9,318.487225
-1007.3472,2,318.506678
-1783.6758,7,318.531293
-1011.3374,28,318.564043
-1083.1412,23,318.589948
1089.1244,49,318.590015
-1144.7844,81,318.609376
-869.8292,23,318.629452
-644.3527,11,318.62954
-1000.8853,4,318.629558
1352.5715,56,318.646073
-2995.3423,20,318.664311
-1448.9637,5,318.689548
300.80054,61,318.689617
15.5720825,48,318.699585
-497.804,13,318.749273
945.5257,41,318.74937
1125.2715,44,318.75939
-1193.8691,14,318.777519
-1690.082,9,318.795239
-2571.9294,19,318.822381
14624.813,200,318.859528
-997.94934,23,318.905902
2550.8708,69,318.905969
-779.69385,17,318.927166
2593.6553,63,318.948338
1183.5455,38,318.948442
-559.00604,24,318.948459
-529.0678,12,318.948468
-1900.6187,53,319.001019
-662.6278,10,319.012879
3784.1394,94,319.012959
4035.4966,79,319.012976
-332.425,23,319.012997
298.39148,32,319.04243
-945.6372,4,319.042519
714.6912,43,319.079851
-687.62585,13,319.09077
-1025.5488,4,319.090852
2050.366,101,319.10876
-1156.522,5,319.155756
-223.53174,41,319.167849
4997.758,89,319.167961
-492.05496,13,319.177868
-739.2781,10,319.177933
-1025.5787,3,319.187264
1255.6045,46,319.215842
1643.2534,75,319.225672
-1053.4196,5,319.225757
-1261.1631,22,319.236867
1661.2067,51,319.324354
-1498.2773,14,319.379928
-227.42621,53,319.483258
6500.678,106,319.502825
777.6939,50,319.549272
64.04169,35,319.549362
2526.6138,57,319.567134
1164.3384,111,319.584689
5318.1943,102,319.584799
1333.1187,53,319.60337
1710.5923,47,319.612371
-903.6794,5,319.632652
-6.3025513,40,319.698459
-1789.9684,17,319.7271
-1665.3204,18,319.764329
-806.88983,7,319.774293
311.58527,50,319.783208
3321.5806,114,319.818986
-1791.3423,10,319.828711
2349.924,60,319.842094
3488.6787,91,319.862361
2986.1287,75,319.915062
-1201.7521,12,319.915154
-555.0239,16,319.934463
1981.9023,85,319.950097
2873.6392,69,319.960438
1399.7854,35,319.97113
2439.495,54,320.006232
326.12256,37,320.026792
125.27667,45,320.026899
-826.0912,7,320.041723
-795.8423,20,320.122297
-1684.1826,7,320.166171
5576.5483,106,320.209603
3174.9167,88,320.285017
-1436.4829,16,320.319183
-655.3176,9,320.348578
5854.6143,124,320.407734
-483.71722,11,320.423187
2854.7834,72,320.501513
457.40045,48,320.514086
3517.8608,102,320.514162
895.8851,43,320.762499
-334.05652,36,320.778986
-965.26953,5,320.79374
-836.6553,18,320.793829
860.386,74,320.816118
2322.0837,72,320.816235
3261.5386,101,320.852029
-1649.3782,16,320.852138
-983.94684,47,320.875743
1727.2817,51,320.911084
3919.6377,85,320.935642
-1364.5544,12,320.963342
1852.7064,43,320.987682
3276.9565,65,321.077894
-118.72217,41,321.088132
605.4963,77,321.116197
-1261.8604,5,321.158938
-1369.835,19,321.197187
8236.422,162,321.20778
714.2426,35,321.229436
-1340.7063,4,321.246739
396.1695,31,321.24684
-1955.0305,11,321.246859
3788.2632,91,321.259405
93.29474,84,321.270904
-1773.562,36,321.297589
-1160.6702,6,321.331014
-847.093,8,321.341339
-1786.3097,7,321.354174
2094.0225,55,321.36497
5046.616,84,321.383624
258.65393,44,321.480262
-1122.7312,13,321.496304
-551.5747,15,321.506595
-522.505,13,321.530355
-614.31555,26,321.530455
-1017.0726,4,321.543619
1240.3586,46,321.563461
989.37897,49,321.58548
-1526.3947,32,321.62347
-1586.0417,8,321.623526
80.78735,65,321.64803
2940.8687,73,321.682099
2230.0442,45,321.691739
-957.68335,7,321.701108
-1310.0175,14,321.742598
5825.5376,111,321.742713
2365.2012,107,321.765493
-527.1632,49,321.835249
3718.6694,75,321.870082
-608.26,11,321.913129
3884.9307,85,321.941106
-1362.4275,15,322.206739
-228.19757,20,322.224789
904.81287,35,322.255843
5131.0835,98,322.283448
1526.8777,111,322.377125
3894.437,87,322.377221
1531.289,55,322.41576
5017.427,108,322.427643
-979.4219,12,322.427723
-125.59558,54,322.476271
2029.2307,47,322.47636
564.50415,49,322.527813
2055.0227,88,322.588213
2141.5447,57,322.623766
3985.9756,70,322.637568
3584.5317,101,322.672415
-741.16766,8,322.744324
-2888.3423,27,322.756231
2838.3845,73,322.77636
4696.8213,90,322.805164
-989.2036,4,322.816492
1028.3994,37,322.829009
-1589.5063,49,322.842943
4725.4688,94,322.91088
-39.8125,34,322.949058
-1977.9171,33,323.036794
1952.1033,77,323.036925
6661.5527,125,323.264943
1865.5762,49,323.360761
4145.3706,85,323.432534
5207.5757,92,323.432611
-1772.794,21,323.465379
-918.47455,12,323.465583
-448.84167,20,323.465628
-102.78589,38,323.506185
2215.4912,67,323.506488
-2266.6147,21,323.542711
-1038.4028,3,323.542804
1861.5669,60,323.572979
-952.1454,7,323.686487
-777.02454,11,323.686602
-852.51263,8,323.746696
-926.4479,8,323.783443
5903.435,121,323.819178
-1060.7875,21,323.918918
-4125.3,15,323.928895
-114.28674,36,323.947217
3271.0237,78,323.958521
882.99774,31,323.958621
1669.1843,64,324.005555
-744.35144,8,324.05033
-1314.17,12,324.080852
-549.94446,52,324.080916
-1727.8389,34,324.20432
4246.158,85,324.215194
-126.791565,36,324.21527
3447.9736,74,324.231988
8981.6045,178,324.272554
-1479.0068,18,324.272635
-735.08276,9,324.319399
-151.76526,38,324.397562
-2580.8694,16,324.397652
1065.8718,60,324.422685
3341.6814,90,324.422757
2916.0522,64,324.432606
6835.6123,132,324.432699
3066.9907,65,324.453114
-775.1443,60,324.47299
-757.7211,8,324.482384
1965.5972,52,324.537551
-1163.3762,17,324.537625
-752.51807,13,324.564788
3408.6357,64,324.564894
-968.6577,3,324.572169
2904.2344,76,324.599684
-453.99445,17,324.599783
-1013.43085,5,324.610299
3185.1204,102,324.610382
-3759.0176,17,324.610399
2212.6025,99,324.646489
5051.9326,84,324.657892
-1104.7627,40,324.657963
-1048.8241,6,324.666731
-3469.08,42,324.676285
-757.4965,7,324.676358
256.0351,52,324.686168
-857.27295,7,324.729503
5764.6997,143,324.747836
-848.77515,33,324.765982
-789.6972,18,324.774361
-834.9465,7,324.793581
295.74182,40,324.802492
-903.99994,32,324.960457
1956.0176,50,324.960533
3990.8413,84,324.987167
-2103.3367,33,325.007677
-1676.2852,28,325.07733
-784.5492,60,325.077418
-454.6596,11,325.077436
33.56067,42,325.088702
-1002.66223,3,325.111514
3634.4607,102,325.122701
614.3403,50,325.14266
-938.7772,15,325.16304
-1062.8369,8,325.163107
-884.32886,7,325.182133
2222.2297,68,325.205816
-1537.5665,63,325.281269
2276.1196,76,325.291226
5220.084,128,325.31825
4236.5195,108,325.389028
-1542.2981,11,325.408593
-1042.3531,3,325.419671
3214.0642,76,325.419762
-380.26672,39,325.465899
2063.806,71,325.465974
-1575.186,17,325.473907
4635.7007,93,325.484459
40.205444,39,325.509263
4239.6416,94,325.539505
-1859.1091,7,325.539584
-1729.5742,58,325.548797
4643.344,84,325.577441
7978.195,127,325.577524
-942.59503,51,325.609251
2973.3232,83,325.609333
46.301575,116,325.635242
1718.6393,63,325.696195
-878.0017,6,325.725544
-1536.3723,10,325.725629
-987.7348,2,325.773978
1300.5105,89,325.829644
-4082.9568,18,325.839326
229.45953,38,325.861361
-821.50214,13,325.889526
79.37805,30,325.95097
-375.64368,38,325.963027
-1572.1853,17,325.963135
-4113.0464,26,325.972142
-1165.5144,5,326.000214
2734.8066,126,326.011201
-1036.2203,6,326.030054
-434.9724,29,326.061928
-1002.9206,6,326.071555
39.190002,28,326.090278
946.93854,76,326.090355
3218.4863,80,326.108519
-1028.2518,3,326.119311
990.55774,42,326.128128
106.386536,25,326.152781
430.7176,34,326.202247
2634.605,66,326.259079
4882.5405,89,326.259183
-270.12518,26,326.285623
-180.86212,40,326.296359
-613.66797,21,326.296433
3532.0405,90,326.296449
-740.73016,8,326.338663
-986.11444,6,326.348933
-1336.5857,9,326.34904
-754.93176,10,326.420199
-2064.9993,34,326.420276
-318.6599,30,326.430175
835.1174,69,326.674363
-1220.5095,18,326.696149
-423.35498,32,326.741397
-1629.839,5,326.741472
1171.2949,55,326.751586
83.56903,56,326.761431
520.87366,38,326.761502
5129.356,128,326.849737
3673.0537,88,326.891307
-1212.0806,13,326.891371
-600.2729,15,326.92089
-2424.1846,36,326.931471
-750.28394,18,326.931565
749.81134,59,326.940834
-768.9247,9,326.940903
-426.13733,20,326.978708
4030.274,90,326.978809
2869.512,66,326.998524
702.5392,42,327.017252
-1072.1584,43,327.01735
4221.6733,118,327.034729
-949.8855,7,327.0348
-1037.2698,11,327.056983
-1047.6108,7,327.079551
7675.8115,116,327.07966
4646.147,117,327.07968
-1067.146,8,327.103348
-1596.5278,6,327.103789
-1027.7032,5,327.135841
943.94745,50,327.1586
5704.776,102,327.158678
-92.20831,26,327.223197
-556.5342,31,327.233275
-1016.7943,2,327.244139
-157.24335,31,327.272589
-1379.502,32,327.300223
-379.43158,28,327.309851
3387.418,59,327.309923
-1305.7806,23,327.321035
-2650.0588,11,327.347019
761.3253,71,327.372042
-1518.3516,38,327.389374
3276.9211,76,327.424228
4987.604,87,327.434262
3809.4702,103,327.434352
-984.55914,3,327.452415
-438.31128,13,327.484306
-1209.6204,6,327.506741
799.7144,40,327.532634
101.10693,51,327.542004
2527.1108,76,327.573261
-721.66925,10,327.573308
2155.078,50,327.594401
879.982,37,327.646368
-880.3583,10,327.673259
-589.72156,10,327.699095
2084.0752,57,327.707117
117.716,41,327.748042
-3156.3254,7,327.74811
-1031.8599,2,327.767014
4129.679,82,327.777732
5571.968,134,327.777814
-1836.4911,10,327.811893
-1042.4911,12,327.822496
3.244934,42,327.837026
-1883.5918,34,327.898183
-1044.0269,3,327.925025
2413.9287,83,327.952536
-224.8471,44,327.952619
3832.6375,79,327.981886
-956.8773,7,327.989795
-1646.06,19,328.021812
694.4399,95,328.038598
1279.6343,68,328.038671
-1633.5151,52,328.053032
177.65057,87,328.072613
-957.41785,5,328.089464
-1677.3213,7,328.136322
-1381.9224,17,328.147217
-1382.4496,83,328.165824
-770.3452,19,328.165886
-1097.9464,13,328.186223
-961.3878,8,328.227763
-1449.0283,17,328.227843
785.8251,42,328.227859
-914.1555,8,328.247684
3910.0405,88,328.247791
1140.2864,79,328.272936
-447.0249,19,328.282753
-104.770996,51,328.309482
3743.8296,90,328.343217
-869.96106,13,328.354216
-1534.2222,22,328.354293
955.67914,52,328.372029
388.2693,58,328.38615
-1094.4033,8,328.40553
-931.6735,6,328.435556
3772.0732,106,328.435647
-1296.5648,18,328.444816
6584.311,125,328.463868
-929.5024,7,328.463968
-986.7027,3,328.472985
2108.4448,85,328.473074
1664.3079,46,328.481984
-1355.7046,7,328.500237
-2197.3665,32,328.500309
-365.83246,25,328.548877
4720.445,96,328.548957
-1844.8558,18,328.568801
41.41034,54,328.588132
325.73834,33,328.58821
-1083.5538,13,328.608747
-204.06293,40,328.619169
-719.1316,17,328.619223
-646.71936,11,328.627318
-1963.3219,15,328.670596
-1943.9298,7,328.678261
40.015686,26,328.688458
-373.0102,20,328.688534
822.62335,44,328.697206
-1378.8839,15,328.706891
-1308.0969,4,328.733782
-1965.7543,10,328.762913
-735.0129,18,328.799448
-1164.62,14,328.830916
-1719.3918,13,328.841973
429.83014,29,328.850352
-1194.2394,9,328.920664
-343.5926,16,328.930928
99.16193,44,328.940173
796.8823,47,328.961496
-474.7851,28,328.961581
497.15332,66,328.979986
2071.505,119,329.006327
-1442.8647,5,329.020302
2578.042,76,329.048842
763.9163,48,329.059063
-917.0726,7,329.080072
7065.0586,138,329.107472
1401.6776,46,329.107593
-1062.4185,13,329.15424
-720.94336,40,329.154319
-2128.933,20,329.17113
-830.5508,8,329.24312
2561.6787,64,329.255835
1870.8469,85,329.2759
1630.9681,46,329.324543
2782.2183,72,329.3629
-1317.9622,20,329.362992
308.7232,37,329.37266
-1389.78,10,329.372745
5429.0947,100,329.411533
-1070.1273,31,329.43192
-1034.8069,6,329.431986
10949.523,128,329.432001
3727.3545,92,329.432007
1168.5234,50,329.449948
-967.6594,5,329.483499
-2311.4983,14,329.518343
541.98785,64,329.531042
1775.873,49,329.596643
991.9665,49,329.623681
4451.6714,77,329.641641
-999.71204,21,329.677682
-1657.9127,19,329.677782
-1795.3296,11,329.690084
2277.8896,93,329.709845
-257.49652,41,329.720543
1621.6642,49,329.747272
-1633.7358,17,329.747347
12254.163,182,329.784745
2660.4531,79,329.810767
-1123.3757,8,329.821551
-552.25824,22,329.845922
-1177.5382,6,329.846009
277.95288,46,329.855204
-932.39606,16,329.90319
-1093.4095,5,329.913914
2734.3008,77,329.929027
-965.3376,11,329.951174
-1262.6621,4,329.987497
-524.0088,36,330.04019
249.17633,59,330.051508
-992.4279,13,330.063062
3958.5862,76,330.109682
-1638.9885,7,330.14613
8614.841,143,330.146203
-1966.5437,23,330.146222
-216.00958,61,330.199267
-1612.8794,6,330.222116
1082.2803,48,330.222194
-1798.3491,19,330.272368
578.2873,54,330.272454
994.49896,54,330.331715
2903.4836,81,330.356757
5097.593,86,330.356824
410.86322,42,330.372548
2098.366,67,330.383352
-2705.5444,25,330.400892
9192.083,115,330.400963
-1790.4541,4,330.420686
1558.0039,52,330.442235
-806.4851,8,330.496156
1531.9966,96,330.53395
191.51068,31,330.544525
120.55768,31,330.544601
1668.8732,47,330.556869
-2167.9023,17,330.56648
-4257.686,30,330.583899
-1040.9648,3,330.592189
-890.30676,5,330.60321
4407.8633,87,330.611544
1402.0273,85,330.622185
11207.722,155,330.640777
-1087.721,5,330.640854
137.12152,32,330.658562
-995.8623,3,330.669223
-858.33307,6,330.695879
-1714.2153,5,330.731466
1326.355,56,330.750132
-1346.2672,15,330.750211
6291.9243,120,330.771735
883.5335,58,330.771799
-1183.2941,37,330.781042
-4419.041,14,330.822488
-996.9324,6,330.832632
-799.0365,8,330.860027
-430.81323,21,330.86012
356.84442,49,330.880543
-1065.5585,10,330.891201
-630.29926,13,330.891288
4502.446,96,330.891305
-902.69745,5,330.891313
-1672.6819,20,330.948726
800.15015,57,330.959323
209.79407,91,330.970292
2421.6907,82,331.077695
3110.0798,68,331.115582
964.8326,78,331.115657
-2324.6865,20,331.11567
1059.6914,68,331.175511
-888.58484,19,331.383679
307.34503,36,331.454291
-839.8305,49,331.48146
1720.7102,72,331.522044
5347.928,139,331.532125
1795.7363,79,331.561743
-2562.3875,22,331.561833
-1008.9633,6,331.597512
-2461.3152,45,331.59758
-181.03717,65,331.632933
2201.1555,75,331.64368
-665.4016,31,331.658829
-541.1531,12,331.797373
93.33716,39,331.824981
849.1032,71,331.839168
1351.8962,52,331.879808
-640.39514,10,331.902901
3295.6191,72,331.911535
1861.3004,64,331.911597
6155.157,109,331.965574
4605.423,110,331.977248
-940.9981,6,331.977331
-2371.1782,9,331.993648
-740.469,9,332.002283
-2846.7896,17,332.013884
760.61115,56,332.013952
5119.237,108,332.013967
4235.2446,85,332.033001
-1039.2224,3,332.043268
910.0218,42,332.094308
4759.1763,90,332.094469
-596.7836,49,332.123183
584.8464,40,332.134107
-1659.6749,54,332.134194
2216.36,48,332.134212
-1227.976,6,332.146072
-1088.6387,14,332.236181
-1541.7913,14,332.261496
-2101.041,18,332.29643
2132.4778,75,332.296493
134.94012,60,332.330796
-2422.532,26,332.350057
-890.52106,5,332.350147
-1034.1719,2,332.378377
742.107,51,332.378455
5597.971,110,332.387184
1885.865,54,332.449619
1326.3755,45,332.449698
-1080.1593,16,332.487576
1832.7797,50,332.533689
3797.2886,92,332.558485
7765.786,135,332.567755
-1082.0132,13,332.613433
-1277.7969,26,332.624766
-2156.728,19,332.634944
-856.53687,8,332.648391
1183.2615,67,332.69013
-3849.0488,21,332.750208
-1764.5071,15,332.785574
2068.7542,79,332.78564
4809.1562,82,332.846919
550.47125,75,332.855638
1997.8635,77,332.901495
2988.7166,66,332.901959
-5087.5513,25,332.910909
4495.6543,86,332.929392
6988.7666,126,332.941129
-299.69446,20,332.987058
3675.3074,77,333.033599
-3756.3801,49,333.051157
30.89038,36,333.051235
2307.6611,74,333.09411
7249.4727,111,333.120416
-558.7432,11,333.168374
3844.303,79,333.16845
4885.4937,180,333.219233
1546.102,58,333.219316
573.65906,35,333.234932
1573.7695,50,333.277023
1105.0022,43,333.289817
5409.924,100,333.301292
3419.4133,93,333.311799
-1375.7546,24,333.330821
-1001.4863,3,333.338193
-1569.6958,21,333.3711
8660.228,135,333.389128
-147.26923,29,333.398905
-837.5952,12,333.417341
1117.5433,49,333.417389
-912.1356,18,333.417398
-907.0374,6,333.45032
2929.2878,101,333.460972
-2720.6963,29,333.504518
-1343.905,17,333.583586
-3745.565,20,333.594809
-935.00574,20,333.612759
351.8836,47,333.623446
481.6306,43,333.641698
769.736,38,333.699364
1433.2888,74,333.707056
-1098.6714,17,333.741166
5984.0264,97,333.79535
5961.6973,120,333.795419
-1893.7101,46,333.806329
3137.501,81,333.817259
445.08746,50,333.817341
-859.2815,6,333.851074
1313.7773,45,333.874003
-1108.2765,28,333.888626
2815.2236,117,333.897357
8185.0635,182,333.929443
-1028.4023,13,333.939376
3052.103,92,333.947292
5590.4404,106,333.955283
2639.5513,111,333.98371
1614.167,75,334.007494
4875.6177,115,334.018046
-1022.7829,34,334.028941
-955.60706,7,334.029006
541.21564,40,334.029018
2409.7378,65,334.048399
2142.9343,57,334.058033
-1036.1418,5,334.069508
-1523.4985,14,334.086205
1918.6475,64,334.086303
2221.6035,85,334.125427
1523.2089,52,334.12549
-443.03424,38,334.204288
-2364.7305,19,334.224409
-2805.3489,37,334.233661
-1478.2603,19,334.278983
-2620.4993,19,334.27907
-1260.2798,17,334.298954
-4128.2344,27,334.308349
-836.34076,5,334.341355
478.51868,61,334.35072
-1882.398,48,334.363355
-826.6271,7,334.373145
1672.0349,47,334.373217
-1381.4535,18,334.382492
-1678.3573,7,334.437467
-1319.1895,11,334.447598
2041.2656,76,334.457988
-2041.4238,12,334.492289
173.61053,60,334.672
1705.541,88,334.68172
351.69977,69,334.698181
-1729.8665,27,334.707206
2038.6677,80,334.724691
538.7947,47,334.734389
3188.2,76,334.743562
-862.9108,7,334.74362
-1146.8495,12,334.778764
-900.9985,6,334.796002
-969.28906,12,334.814416
-816.5707,11,334.831345
4096.7275,83,334.844411
-912.48145,50,334.853318
-1465.3464,17,334.911569
-833.5039,6,334.911657
-776.6611,11,334.950927
7944.3926,138,334.950999
1572.7056,53,334.980133
4338.377,79,335.00162
776.3416,51,335.001691
-1368.9785,14,335.049572
4948.316,101,335.05863
-1156.2949,11,335.058701
4909.3955,126,335.069837
2419.577,86,335.081071
-1648.3074,27,335.097038
2192.1616,76,335.107374
3349.269,87,335.147046
5458.835,110,335.157933
-357.83582,43,335.166609
6860.5557,122,335.175276
1517.8643,74,335.191344
5434.831,111,335.228774
4444.4487,137,335.255749
-2129.2515,47,335.273217
-1276.9949,30,335.283143
-674.9202,14,335.291684
5696.14,95,335.303395
-1020.69666,23,335.303458
-2044.3518,30,335.303478
-982.79974,4,335.312536
1364.3657,47,335.330936
968.97327,65,335.339144
-1005.3398,6,335.35567
-1882.4099,8,335.367285
-2166.9592,8,335.395692
-777.53143,7,335.413536
272.877,65,335.431333
-676.8938,18,335.431402
-1779.9749,10,335.43142
-2434.285,46,335.458122
147.02875,41,335.458189
-1060.7045,3,335.458207
-1378.1643,23,335.51246
1669.8816,50,335.587878
1387.8081,47,335.844448
648.2275,40,336.074331
-2157.924,31,336.129496
1769.8943,54,336.129719
-21.349548,49,336.307752
251.46661,41,336.332222
1040.9247,64,336.332341
-1067.943,20,336.332418
2883.4658,72,336.364928
1078.1267,46,336.38928
205.26526,45,336.389382
-1052.5653,5,336.43819
-967.286,13,336.438286
3363.9287,95,336.448864
-1842.4048,42,336.470993
1856.6829,42,336.471068
-986.95044,6,336.471087
1318.3279,41,336.530782
1269.9255,49,336.530859
-1265.8141,14,336.573301
-1522.7544,13,336.657032
-793.0978,9,336.657131
4951.323,89,336.667648
5508.9717,96,336.667775
7147.7954,108,336.696697
-890.9597,19,336.726296
-1464.8164,8,337.044143
5856.8555,106,337.129063
-3304.4302,20,337.13401
309.93658,41,337.211656
4557.677,107,337.379701
810.67053,30,337.379832
813.02814,48,337.567701
3946.2998,75,337.567807
2592.2358,57,337.567824
-984.85803,7,337.607183
-878.5005,5,337.733074
-1386.4159,23,337.744523
