ISO3,Country,Dataset,Source,Type,Access,TemporalStart,TemporalEnd,Frequency,Coverage
WLD,World/Global,Sentinel-2 L2A,ESA via Microsoft Planetary Computer Earth Search,"Raster multispectral (13 bands, 10/20/60m)",Open,2015-06,Present,~5 days,Available
WLD,World/Global,ESA WorldCover 10m,ESA (AWS S3),Raster land cover (10m),Open,2020,2021,Annual,Available
WLD,World/Global,Copernicus DEM,Copernicus,Raster DEM (30m/90m),Registration,2020,Present,Irregular,Available
WLD,World/Global,Global Surface Water (GSW),JRC/Google,Raster water occurrence/seasonality,Open,1984,Present,Annual,Available
WLD,World/Global,OpenStreetMap,OpenStreetMap,Vector roads/railways/waterways/landuse/buildings,Open,2004,Present,Continuous,Available
WLD,World/Global,WDPA (Protected Planet),UNEP-WCMC & IUCN,Vector protected areas,Registration,2005,Present,Monthly,Available
WLD,World/Global,WorldPop/GHS-POP,WorldPop / JRC (GHS-POP),Raster population density,Open,2000,Present,1–5 years,Available
WLD,World/Global,FEMA NFHL,FEMA,Vector flood hazard zones,Open,2003,Present,Rolling,N/A
WLD,World/Global,USGS NHD,USGS,Vector hydrography,Open,2000,Present,Rolling,N/A
WLD,World/Global,NPMS,PHMSA,Vector pipelines,Restricted,2002,Present,Annual/Rolling,N/A
WLD,World/Global,LiDAR DEM 1m,National/Provincial/State programs,Raster DEM (1m),Open/Restricted,2000,Present,Project-based,Varies
AFG,Afghanistan,Sentinel-2 L2A,ESA via Microsoft Planetary Computer Earth Search,"Raster multispectral (13 bands, 10/20/60m)",Open,2015-06,Present,~5 days,Available
AFG,Afghanistan,ESA WorldCover 10m,ESA (AWS S3),Raster land cover (10m),Open,2020,2021,Annual,Available
AFG,Afghanistan,Copernicus DEM,Copernicus,Raster DEM (30m/90m),Registration,2020,Present,Irregular,Available
AFG,Afghanistan,Global Surface Water (GSW),JRC/Google,Raster water occurrence/seasonality,Open,1984,Present,Annual,Available
AFG,Afghanistan,OpenStreetMap,OpenStreetMap,Vector roads/railways/waterways/landuse/buildings,Open,2004,Present,Continuous,Available
AFG,Afghanistan,WDPA (Protected Planet),UNEP-WCMC & IUCN,Vector protected areas,Registration,2005,Present,Monthly,Available
AFG,Afghanistan,WorldPop/GHS-POP,WorldPop / JRC (GHS-POP),Raster population density,Open,2000,Present,1–5 years,Available
AFG,Afghanistan,FEMA NFHL,FEMA,Vector flood hazard zones,Open,2003,Present,Rolling,N/A
AFG,Afghanistan,USGS NHD,USGS,Vector hydrography,Open,2000,Present,Rolling,N/A
AFG,Afghanistan,NPMS,PHMSA,Vector pipelines,Restricted,2002,Present,Annual/Rolling,N/A
AFG,Afghanistan,LiDAR DEM 1m,National/Provincial/State programs,Raster DEM (1m),Open/Restricted,2000,Present,Project-based,Varies
ALB,Albania,Sentinel-2 L2A,ESA via Microsoft Planetary Computer Earth Search,"Raster multispectral (13 bands, 10/20/60m)",Open,2015-06,Present,~5 days,Available
ALB,Albania,ESA WorldCover 10m,ESA (AWS S3),Raster land cover (10m),Open,2020,2021,Annual,Available
ALB,Albania,Copernicus DEM,Copernicus,Raster DEM (30m/90m),Registration,2020,Present,Irregular,Available
ALB,Albania,Global Surface Water (GSW),JRC/Google,Raster water occurrence/seasonality,Open,1984,Present,Annual,Available
ALB,Albania,OpenStreetMap,OpenStreetMap,Vector roads/railways/waterways/landuse/buildings,Open,2004,Present,Continuous,Available
ALB,Albania,WDPA (Protected Planet),UNEP-WCMC & IUCN,Vector protected areas,Registration,2005,Present,Monthly,Available
ALB,Albania,WorldPop/GHS-POP,WorldPop / JRC (GHS-POP),Raster population density,Open,2000,Present,1–5 years,Available
ALB,Albania,FEMA NFHL,FEMA,Vector flood hazard zones,Open,2003,Present,Rolling,N/A
ALB,Albania,USGS NHD,USGS,Vector hydrography,Open,2000,Present,Rolling,N/A
ALB,Albania,NPMS,PHMSA,Vector pipelines,Restricted,2002,Present,Annual/Rolling,N/A
ALB,Albania,LiDAR DEM 1m,National/Provincial/State programs,Raster DEM (1m),Open/Restricted,2000,Present,Project-based,Varies
DZA,Algeria,Sentinel-2 L2A,ESA via Microsoft Planetary Computer Earth Search,"Raster multispectral (13 bands, 10/20/60m)",Open,2015-06,Present,~5 days,Available
DZA,Algeria,ESA WorldCover 10m,ESA (AWS S3),Raster land cover (10m),Open,2020,2021,Annual,Available
DZA,Algeria,Copernicus DEM,Copernicus,Raster DEM (30m/90m),Registration,2020,Present,Irregular,Available
DZA,Algeria,Global Surface Water (GSW),JRC/Google,Raster water occurrence/seasonality,Open,1984,Present,Annual,Available
DZA,Algeria,OpenStreetMap,OpenStreetMap,Vector roads/railways/waterways/landuse/buildings,Open,2004,Present,Continuous,Available
DZA,Algeria,WDPA (Protected Planet),UNEP-WCMC & IUCN,Vector protected areas,Registration,2005,Present,Monthly,Available
DZA,Algeria,WorldPop/GHS-POP,WorldPop / JRC (GHS-POP),Raster population density,Open,2000,Present,1–5 years,Available
DZA,Algeria,FEMA NFHL,FEMA,Vector flood hazard zones,Open,2003,Present,Rolling,N/A
DZA,Algeria,USGS NHD,USGS,Vector hydrography,Open,2000,Present,Rolling,N/A
DZA,Algeria,NPMS,PHMSA,Vector pipelines,Restricted,2002,Present,Annual/Rolling,N/A
DZA,Algeria,LiDAR DEM 1m,National/Provincial/State programs,Raster DEM (1m),Open/Restricted,2000,Present,Project-based,Varies
ASM,American Samoa,Sentinel-2 L2A,ESA via Microsoft Planetary Computer Earth Search,"Raster multispectral (13 bands, 10/20/60m)",Open,2015-06,Present,~5 days,Available
ASM,American Samoa,ESA WorldCover 10m,ESA (AWS S3),Raster land cover (10m),Open,2020,2021,Annual,Available
ASM,American Samoa,Copernicus DEM,Copernicus,Raster DEM (30m/90m),Registration,2020,Present,Irregular,Available
ASM,American Samoa,Global Surface Water (GSW),JRC/Google,Raster water occurrence/seasonality,Open,1984,Present,Annual,Available
ASM,American Samoa,OpenStreetMap,OpenStreetMap,Vector roads/railways/waterways/landuse/buildings,Open,2004,Present,Continuous,Available
ASM,American Samoa,WDPA (Protected Planet),UNEP-WCMC & IUCN,Vector protected areas,Registration,2005,Present,Monthly,Available
ASM,American Samoa,WorldPop/GHS-POP,WorldPop / JRC (GHS-POP),Raster population density,Open,2000,Present,1–5 years,Available
ASM,American Samoa,FEMA NFHL,FEMA,Vector flood hazard zones,Open,2003,Present,Rolling,N/A
ASM,American Samoa,USGS NHD,USGS,Vector hydrography,Open,2000,Present,Rolling,N/A
ASM,American Samoa,NPMS,PHMSA,Vector pipelines,Restricted,2002,Present,Annual/Rolling,N/A
ASM,American Samoa,LiDAR DEM 1m,National/Provincial/State programs,Raster DEM (1m),Open/Restricted,2000,Present,Project-based,Varies
AND,Andorra,Sentinel-2 L2A,ESA via Microsoft Planetary Computer Earth Search,"Raster multispectral (13 bands, 10/20/60m)",Open,2015-06,Present,~5 days,Available
AND,Andorra,ESA WorldCover 10m,ESA (AWS S3),Raster land cover (10m),Open,2020,2021,Annual,Available
AND,Andorra,Copernicus DEM,Copernicus,Raster DEM (30m/90m),Registration,2020,Present,Irregular,Available
AND,Andorra,Global Surface Water (GSW),JRC/Google,Raster water occurrence/seasonality,Open,1984,Present,Annual,Available
AND,Andorra,OpenStreetMap,OpenStreetMap,Vector roads/railways/waterways/landuse/buildings,Open,2004,Present,Continuous,Available
AND,Andorra,WDPA (Protected Planet),UNEP-WCMC & IUCN,Vector protected areas,Registration,2005,Present,Monthly,Available
AND,Andorra,WorldPop/GHS-POP,WorldPop / JRC (GHS-POP),Raster population density,Open,2000,Present,1–5 years,Available
AND,Andorra,FEMA NFHL,FEMA,Vector flood hazard zones,Open,2003,Present,Rolling,N/A
AND,Andorra,USGS NHD,USGS,Vector hydrography,Open,2000,Present,Rolling,N/A
AND,Andorra,NPMS,PHMSA,Vector pipelines,Restricted,2002,Present,Annual/Rolling,N/A
AND,Andorra,LiDAR DEM 1m,National/Provincial/State programs,Raster DEM (1m),Open/Restricted,2000,Present,Project-based,Varies
AGO,Angola,Sentinel-2 L2A,ESA via Microsoft Planetary Computer Earth Search,"Raster multispectral (13 bands, 10/20/60m)",Open,2015-06,Present,~5 days,Available
AGO,Angola,ESA WorldCover 10m,ESA (AWS S3),Raster land cover (10m),Open,2020,2021,Annual,Available
AGO,Angola,Copernicus DEM,Copernicus,Raster DEM (30m/90m),Registration,2020,Present,Irregular,Available
AGO,Angola,Global Surface Water (GSW),JRC/Google,Raster water occurrence/seasonality,Open,1984,Present,Annual,Available
AGO,Angola,OpenStreetMap,OpenStreetMap,Vector roads/railways/waterways/landuse/buildings,Open,2004,Present,Continuous,Available
AGO,Angola,WDPA (Protected Planet),UNEP-WCMC & IUCN,Vector protected areas,Registration,2005,Present,Monthly,Available
AGO,Angola,WorldPop/GHS-POP,WorldPop / JRC (GHS-POP),Raster population density,Open,2000,Present,1–5 years,Available
AGO,Angola,FEMA NFHL,FEMA,Vector flood hazard zones,Open,2003,Present,Rolling,N/A
AGO,Angola,USGS NHD,USGS,Vector hydrography,Open,2000,Present,Rolling,N/A
AGO,Angola,NPMS,PHMSA,Vector pipelines,Restricted,2002,Present,Annual/Rolling,N/A
AGO,Angola,LiDAR DEM 1m,National/Provincial/State programs,Raster DEM (1m),Open/Restricted,2000,Present,Project-based,Varies
AIA,Anguilla,Sentinel-2 L2A,ESA via Microsoft Planetary Computer Earth Search,"Raster multispectral (13 bands, 10/20/60m)",Open,2015-06,Present,~5 days,Available
AIA,Anguilla,ESA WorldCover 10m,ESA (AWS S3),Raster land cover (10m),Open,2020,2021,Annual,Available
AIA,Anguilla,Copernicus DEM,Copernicus,Raster DEM (30m/90m),Registration,2020,Present,Irregular,Available
AIA,Anguilla,Global Surface Water (GSW),JRC/Google,Raster water occurrence/seasonality,Open,1984,Present,Annual,Available
AIA,Anguilla,OpenStreetMap,OpenStreetMap,Vector roads/railways/waterways/landuse/buildings,Open,2004,Present,Continuous,Available
AIA,Anguilla,WDPA (Protected Planet),UNEP-WCMC & IUCN,Vector protected areas,Registration,2005,Present,Monthly,Available
AIA,Anguilla,WorldPop/GHS-POP,WorldPop / JRC (GHS-POP),Raster population density,Open,2000,Present,1–5 years,Available
AIA,Anguilla,FEMA NFHL,FEMA,Vector flood hazard zones,Open,2003,Present,Rolling,N/A
AIA,Anguilla,USGS NHD,USGS,Vector hydrography,Open,2000,Present,Rolling,N/A
AIA,Anguilla,NPMS,PHMSA,Vector pipelines,Restricted,2002,Present,Annual/Rolling,N/A
AIA,Anguilla,LiDAR DEM 1m,National/Provincial/State programs,Raster DEM (1m),Open/Restricted,2000,Present,Project-based,Varies
ATA,Antarctica,Sentinel-2 L2A,ESA via Microsoft Planetary Computer Earth Search,"Raster multispectral (13 bands, 10/20/60m)",Open,2015-06,Present,~5 days,Available
ATA,Antarctica,ESA WorldCover 10m,ESA (AWS S3),Raster land cover (10m),Open,2020,2021,Annual,Available
ATA,Antarctica,Copernicus DEM,Copernicus,Raster DEM (30m/90m),Registration,2020,Present,Irregular,Available
ATA,Antarctica,Global Surface Water (GSW),JRC/Google,Raster water occurrence/seasonality,Open,1984,Present,Annual,Available
ATA,Antarctica,OpenStreetMap,OpenStreetMap,Vector roads/railways/waterways/landuse/buildings,Open,2004,Present,Continuous,Available
ATA,Antarctica,WDPA (Protected Planet),UNEP-WCMC & IUCN,Vector protected areas,Registration,2005,Present,Monthly,Available
ATA,Antarctica,WorldPop/GHS-POP,WorldPop / JRC (GHS-POP),Raster population density,Open,2000,Present,1–5 years,Available
ATA,Antarctica,FEMA NFHL,FEMA,Vector flood hazard zones,Open,2003,Present,Rolling,N/A
ATA,Antarctica,USGS NHD,USGS,Vector hydrography,Open,2000,Present,Rolling,N/A
ATA,Antarctica,NPMS,PHMSA,Vector pipelines,Restricted,2002,Present,Annual/Rolling,N/A
ATA,Antarctica,LiDAR DEM 1m,National/Provincial/State programs,Raster DEM (1m),Open/Restricted,2000,Present,Project-based,Varies
ATG,Antigua and Barbuda,Sentinel-2 L2A,ESA via Microsoft Planetary Computer Earth Search,"Raster multispectral (13 bands, 10/20/60m)",Open,2015-06,Present,~5 days,Available
ATG,Antigua and Barbuda,ESA WorldCover 10m,ESA (AWS S3),Raster land cover (10m),Open,2020,2021,Annual,Available
ATG,Antigua and Barbuda,Copernicus DEM,Copernicus,Raster DEM (30m/90m),Registration,2020,Present,Irregular,Available
ATG,Antigua and Barbuda,Global Surface Water (GSW),JRC/Google,Raster water occurrence/seasonality,Open,1984,Present,Annual,Available
ATG,Antigua and Barbuda,OpenStreetMap,OpenStreetMap,Vector roads/railways/waterways/landuse/buildings,Open,2004,Present,Continuous,Available
ATG,Antigua and Barbuda,WDPA (Protected Planet),UNEP-WCMC & IUCN,Vector protected areas,Registration,2005,Present,Monthly,Available
ATG,Antigua and Barbuda,WorldPop/GHS-POP,WorldPop / JRC (GHS-POP),Raster population density,Open,2000,Present,1–5 years,Available
ATG,Antigua and Barbuda,FEMA NFHL,FEMA,Vector flood hazard zones,Open,2003,Present,Rolling,N/A
ATG,Antigua and Barbuda,USGS NHD,USGS,Vector hydrography,Open,2000,Present,Rolling,N/A
ATG,Antigua and Barbuda,NPMS,PHMSA,Vector pipelines,Restricted,2002,Present,Annual/Rolling,N/A
ATG,Antigua and Barbuda,LiDAR DEM 1m,National/Provincial/State programs,Raster DEM (1m),Open/Restricted,2000,Present,Project-based,Varies
ARG,Argentina,Sentinel-2 L2A,ESA via Microsoft Planetary Computer Earth Search,"Raster multispectral (13 bands, 10/20/60m)",Open,2015-06,Present,~5 days,Available
ARG,Argentina,ESA WorldCover 10m,ESA (AWS S3),Raster land cover (10m),Open,2020,2021,Annual,Available
ARG,Argentina,Copernicus DEM,Copernicus,Raster DEM (30m/90m),Registration,2020,Present,Irregular,Available
ARG,Argentina,Global Surface Water (GSW),JRC/Google,Raster water occurrence/seasonality,Open,1984,Present,Annual,Available
ARG,Argentina,OpenStreetMap,OpenStreetMap,Vector roads/railways/waterways/landuse/buildings,Open,2004,Present,Continuous,Available
ARG,Argentina,WDPA (Protected Planet),UNEP-WCMC & IUCN,Vector protected areas,Registration,2005,Present,Monthly,Available
ARG,Argentina,WorldPop/GHS-POP,WorldPop / JRC (GHS-POP),Raster population density,Open,2000,Present,1–5 years,Available
ARG,Argentina,FEMA NFHL,FEMA,Vector flood hazard zones,Open,2003,Present,Rolling,N/A
ARG,Argentina,USGS NHD,USGS,Vector hydrography,Open,2000,Present,Rolling,N/A
ARG,Argentina,NPMS,PHMSA,Vector pipelines,Restricted,2002,Present,Annual/Rolling,N/A
ARG,Argentina,LiDAR DEM 1m,National/Provincial/State programs,Raster DEM (1m),Open/Restricted,2000,Present,Project-based,Varies
ARM,Armenia,Sentinel-2 L2A,ESA via Microsoft Planetary Computer Earth Search,"Raster multispectral (13 bands, 10/20/60m)",Open,2015-06,Present,~5 days,Available
ARM,Armenia,ESA WorldCover 10m,ESA (AWS S3),Raster land cover (10m),Open,2020,2021,Annual,Available
ARM,Armenia,Copernicus DEM,Copernicus,Raster DEM (30m/90m),Registration,2020,Present,Irregular,Available
ARM,Armenia,Global Surface Water (GSW),JRC/Google,Raster water occurrence/seasonality,Open,1984,Present,Annual,Available
ARM,Armenia,OpenStreetMap,OpenStreetMap,Vector roads/railways/waterways/landuse/buildings,Open,2004,Present,Continuous,Available
ARM,Armenia,WDPA (Protected Planet),UNEP-WCMC & IUCN,Vector protected areas,Registration,2005,Present,Monthly,Available
ARM,Armenia,WorldPop/GHS-POP,WorldPop / JRC (GHS-POP),Raster population density,Open,2000,Present,1–5 years,Available
ARM,Armenia,FEMA NFHL,FEMA,Vector flood hazard zones,Open,2003,Present,Rolling,N/A
ARM,Armenia,USGS NHD,USGS,Vector hydrography,Open,2000,Present,Rolling,N/A
ARM,Armenia,NPMS,PHMSA,Vector pipelines,Restricted,2002,Present,Annual/Rolling,N/A
ARM,Armenia,LiDAR DEM 1m,National/Provincial/State programs,Raster DEM (1m),Open/Restricted,2000,Present,Project-based,Varies
ABW,Aruba,Sentinel-2 L2A,ESA via Microsoft Planetary Computer Earth Search,"Raster multispectral (13 bands, 10/20/60m)",Open,2015-06,Present,~5 days,Available
ABW,Aruba,ESA WorldCover 10m,ESA (AWS S3),Raster land cover (10m),Open,2020,2021,Annual,Available
ABW,Aruba,Copernicus DEM,Copernicus,Raster DEM (30m/90m),Registration,2020,Present,Irregular,Available
ABW,Aruba,Global Surface Water (GSW),JRC/Google,Raster water occurrence/seasonality,Open,1984,Present,Annual,Available
ABW,Aruba,OpenStreetMap,OpenStreetMap,Vector roads/railways/waterways/landuse/buildings,Open,2004,Present,Continuous,Available
ABW,Aruba,WDPA (Protected Planet),UNEP-WCMC & IUCN,Vector protected areas,Registration,2005,Present,Monthly,Available
ABW,Aruba,WorldPop/GHS-POP,WorldPop / JRC (GHS-POP),Raster population density,Open,2000,Present,1–5 years,Available
ABW,Aruba,FEMA NFHL,FEMA,Vector flood hazard zones,Open,2003,Present,Rolling,N/A
ABW,Aruba,USGS NHD,USGS,Vector hydrography,Open,2000,Present,Rolling,N/A
ABW,Aruba,NPMS,PHMSA,Vector pipelines,Restricted,2002,Present,Annual/Rolling,N/A
ABW,Aruba,LiDAR DEM 1m,National/Provincial/State programs,Raster DEM (1m),Open/Restricted,2000,Present,Project-based,Varies
AUS,Australia,Sentinel-2 L2A,ESA via Microsoft Planetary Computer Earth Search,"Raster multispectral (13 bands, 10/20/60m)",Open,2015-06,Present,~5 days,Available
AUS,Australia,ESA WorldCover 10m,ESA (AWS S3),Raster land cover (10m),Open,2020,2021,Annual,Available
AUS,Australia,Copernicus DEM,Copernicus,Raster DEM (30m/90m),Registration,2020,Present,Irregular,Available
AUS,Australia,Global Surface Water (GSW),JRC/Google,Raster water occurrence/seasonality,Open,1984,Present,Annual,Available
AUS,Australia,OpenStreetMap,OpenStreetMap,Vector roads/railways/waterways/landuse/buildings,Open,2004,Present,Continuous,Available
AUS,Australia,WDPA (Protected Planet),UNEP-WCMC & IUCN,Vector protected areas,Registration,2005,Present,Monthly,Available
AUS,Australia,WorldPop/GHS-POP,WorldPop / JRC (GHS-POP),Raster population density,Open,2000,Present,1–5 years,Available
AUS,Australia,FEMA NFHL,FEMA,Vector flood hazard zones,Open,2003,Present,Rolling,N/A
AUS,Australia,USGS NHD,USGS,Vector hydrography,Open,2000,Present,Rolling,N/A
AUS,Australia,NPMS,PHMSA,Vector pipelines,Restricted,2002,Present,Annual/Rolling,N/A
AUS,Australia,LiDAR DEM 1m,National/Provincial/State programs,Raster DEM (1m),Open/Restricted,2000,Present,Project-based,Varies
AUT,Austria,Sentinel-2 L2A,ESA via Microsoft Planetary Computer Earth Search,"Raster multispectral (13 bands, 10/20/60m)",Open,2015-06,Present,~5 days,Available
AUT,Austria,ESA WorldCover 10m,ESA (AWS S3),Raster land cover (10m),Open,2020,2021,Annual,Available
AUT,Austria,Copernicus DEM,Copernicus,Raster DEM (30m/90m),Registration,2020,Present,Irregular,Available
AUT,Austria,Global Surface Water (GSW),JRC/Google,Raster water occurrence/seasonality,Open,1984,Present,Annual,Available
AUT,Austria,OpenStreetMap,OpenStreetMap,Vector roads/railways/waterways/landuse/buildings,Open,2004,Present,Continuous,Available
AUT,Austria,WDPA (Protected Planet),UNEP-WCMC & IUCN,Vector protected areas,Registration,2005,Present,Monthly,Available
AUT,Austria,WorldPop/GHS-POP,WorldPop / JRC (GHS-POP),Raster population density,Open,2000,Present,1–5 years,Available
AUT,Austria,FEMA NFHL,FEMA,Vector flood hazard zones,Open,2003,Present,Rolling,N/A
AUT,Austria,USGS NHD,USGS,Vector hydrography,Open,2000,Present,Rolling,N/A
AUT,Austria,NPMS,PHMSA,Vector pipelines,Restricted,2002,Present,Annual/Rolling,N/A
AUT,Austria,LiDAR DEM 1m,National/Provincial/State programs,Raster DEM (1m),Open/Restricted,2000,Present,Project-based,Varies
AZE,Azerbaijan,Sentinel-2 L2A,ESA via Microsoft Planetary Computer Earth Search,"Raster multispectral (13 bands, 10/20/60m)",Open,2015-06,Present,~5 days,Available
AZE,Azerbaijan,ESA WorldCover 10m,ESA (AWS S3),Raster land cover (10m),Open,2020,2021,Annual,Available
AZE,Azerbaijan,Copernicus DEM,Copernicus,Raster DEM (30m/90m),Registration,2020,Present,Irregular,Available
AZE,Azerbaijan,Global Surface Water (GSW),JRC/Google,Raster water occurrence/seasonality,Open,1984,Present,Annual,Available
AZE,Azerbaijan,OpenStreetMap,OpenStreetMap,Vector roads/railways/waterways/landuse/buildings,Open,2004,Present,Continuous,Available
AZE,Azerbaijan,WDPA (Protected Planet),UNEP-WCMC & IUCN,Vector protected areas,Registration,2005,Present,Monthly,Available
AZE,Azerbaijan,WorldPop/GHS-POP,WorldPop / JRC (GHS-POP),Raster population density,Open,2000,Present,1–5 years,Available
AZE,Azerbaijan,FEMA NFHL,FEMA,Vector flood hazard zones,Open,2003,Present,Rolling,N/A
AZE,Azerbaijan,USGS NHD,USGS,Vector hydrography,Open,2000,Present,Rolling,N/A
AZE,Azerbaijan,NPMS,PHMSA,Vector pipelines,Restricted,2002,Present,Annual/Rolling,N/A
AZE,Azerbaijan,LiDAR DEM 1m,National/Provincial/State programs,Raster DEM (1m),Open/Restricted,2000,Present,Project-based,Varies
BHS,Bahamas,Sentinel-2 L2A,ESA via Microsoft Planetary Computer Earth Search,"Raster multispectral (13 bands, 10/20/60m)",Open,2015-06,Present,~5 days,Available
BHS,Bahamas,ESA WorldCover 10m,ESA (AWS S3),Raster land cover (10m),Open,2020,2021,Annual,Available
BHS,Bahamas,Copernicus DEM,Copernicus,Raster DEM (30m/90m),Registration,2020,Present,Irregular,Available
BHS,Bahamas,Global Surface Water (GSW),JRC/Google,Raster water occurrence/seasonality,Open,1984,Present,Annual,Available
BHS,Bahamas,OpenStreetMap,OpenStreetMap,Vector roads/railways/waterways/landuse/buildings,Open,2004,Present,Continuous,Available
BHS,Bahamas,WDPA (Protected Planet),UNEP-WCMC & IUCN,Vector protected areas,Registration,2005,Present,Monthly,Available
BHS,Bahamas,WorldPop/GHS-POP,WorldPop / JRC (GHS-POP),Raster population density,Open,2000,Present,1–5 years,Available
BHS,Bahamas,FEMA NFHL,FEMA,Vector flood hazard zones,Open,2003,Present,Rolling,N/A
BHS,Bahamas,USGS NHD,USGS,Vector hydrography,Open,2000,Present,Rolling,N/A
BHS,Bahamas,NPMS,PHMSA,Vector pipelines,Restricted,2002,Present,Annual/Rolling,N/A
BHS,Bahamas,LiDAR DEM 1m,National/Provincial/State programs,Raster DEM (1m),Open/Restricted,2000,Present,Project-based,Varies
BHR,Bahrain,Sentinel-2 L2A,ESA via Microsoft Planetary Computer Earth Search,"Raster multispectral (13 bands, 10/20/60m)",Open,2015-06,Present,~5 days,Available
BHR,Bahrain,ESA WorldCover 10m,ESA (AWS S3),Raster land cover (10m),Open,2020,2021,Annual,Available
BHR,Bahrain,Copernicus DEM,Copernicus,Raster DEM (30m/90m),Registration,2020,Present,Irregular,Available
BHR,Bahrain,Global Surface Water (GSW),JRC/Google,Raster water occurrence/seasonality,Open,1984,Present,Annual,Available
BHR,Bahrain,OpenStreetMap,OpenStreetMap,Vector roads/railways/waterways/landuse/buildings,Open,2004,Present,Continuous,Available
BHR,Bahrain,WDPA (Protected Planet),UNEP-WCMC & IUCN,Vector protected areas,Registration,2005,Present,Monthly,Available
BHR,Bahrain,WorldPop/GHS-POP,WorldPop / JRC (GHS-POP),Raster population density,Open,2000,Present,1–5 years,Available
BHR,Bahrain,FEMA NFHL,FEMA,Vector flood hazard zones,Open,2003,Present,Rolling,N/A
BHR,Bahrain,USGS NHD,USGS,Vector hydrography,Open,2000,Present,Rolling,N/A
BHR,Bahrain,NPMS,PHMSA,Vector pipelines,Restricted,2002,Present,Annual/Rolling,N/A
BHR,Bahrain,LiDAR DEM 1m,National/Provincial/State programs,Raster DEM (1m),Open/Restricted,2000,Present,Project-based,Varies
BGD,Bangladesh,Sentinel-2 L2A,ESA via Microsoft Planetary Computer Earth Search,"Raster multispectral (13 bands, 10/20/60m)",Open,2015-06,Present,~5 days,Available
BGD,Bangladesh,ESA WorldCover 10m,ESA (AWS S3),Raster land cover (10m),Open,2020,2021,Annual,Available
BGD,Bangladesh,Copernicus DEM,Copernicus,Raster DEM (30m/90m),Registration,2020,Present,Irregular,Available
BGD,Bangladesh,Global Surface Water (GSW),JRC/Google,Raster water occurrence/seasonality,Open,1984,Present,Annual,Available
BGD,Bangladesh,OpenStreetMap,OpenStreetMap,Vector roads/railways/waterways/landuse/buildings,Open,2004,Present,Continuous,Available
BGD,Bangladesh,WDPA (Protected Planet),UNEP-WCMC & IUCN,Vector protected areas,Registration,2005,Present,Monthly,Available
BGD,Bangladesh,WorldPop/GHS-POP,WorldPop / JRC (GHS-POP),Raster population density,Open,2000,Present,1–5 years,Available
BGD,Bangladesh,FEMA NFHL,FEMA,Vector flood hazard zones,Open,2003,Present,Rolling,N/A
BGD,Bangladesh,USGS NHD,USGS,Vector hydrography,Open,2000,Present,Rolling,N/A
BGD,Bangladesh,NPMS,PHMSA,Vector pipelines,Restricted,2002,Present,Annual/Rolling,N/A
BGD,Bangladesh,LiDAR DEM 1m,National/Provincial/State programs,Raster DEM (1m),Open/Restricted,2000,Present,Project-based,Varies
BRB,Barbados,Sentinel-2 L2A,ESA via Microsoft Planetary Computer Earth Search,"Raster multispectral (13 bands, 10/20/60m)",Open,2015-06,Present,~5 days,Available
BRB,Barbados,ESA WorldCover 10m,ESA (AWS S3),Raster land cover (10m),Open,2020,2021,Annual,Available
BRB,Barbados,Copernicus DEM,Copernicus,Raster DEM (30m/90m),Registration,2020,Present,Irregular,Available
BRB,Barbados,Global Surface Water (GSW),JRC/Google,Raster water occurrence/seasonality,Open,1984,Present,Annual,Available
BRB,Barbados,OpenStreetMap,OpenStreetMap,Vector roads/railways/waterways/landuse/buildings,Open,2004,Present,Continuous,Available
BRB,Barbados,WDPA (Protected Planet),UNEP-WCMC & IUCN,Vector protected areas,Registration,2005,Present,Monthly,Available
BRB,Barbados,WorldPop/GHS-POP,WorldPop / JRC (GHS-POP),Raster population density,Open,2000,Present,1–5 years,Available
BRB,Barbados,FEMA NFHL,FEMA,Vector flood hazard zones,Open,2003,Present,Rolling,N/A
BRB,Barbados,USGS NHD,USGS,Vector hydrography,Open,2000,Present,Rolling,N/A
BRB,Barbados,NPMS,PHMSA,Vector pipelines,Restricted,2002,Present,Annual/Rolling,N/A
BRB,Barbados,LiDAR DEM 1m,National/Provincial/State programs,Raster DEM (1m),Open/Restricted,2000,Present,Project-based,Varies
BLR,Belarus,Sentinel-2 L2A,ESA via Microsoft Planetary Computer Earth Search,"Raster multispectral (13 bands, 10/20/60m)",Open,2015-06,Present,~5 days,Available
BLR,Belarus,ESA WorldCover 10m,ESA (AWS S3),Raster land cover (10m),Open,2020,2021,Annual,Available
BLR,Belarus,Copernicus DEM,Copernicus,Raster DEM (30m/90m),Registration,2020,Present,Irregular,Available
BLR,Belarus,Global Surface Water (GSW),JRC/Google,Raster water occurrence/seasonality,Open,1984,Present,Annual,Available
BLR,Belarus,OpenStreetMap,OpenStreetMap,Vector roads/railways/waterways/landuse/buildings,Open,2004,Present,Continuous,Available
BLR,Belarus,WDPA (Protected Planet),UNEP-WCMC & IUCN,Vector protected areas,Registration,2005,Present,Monthly,Available
BLR,Belarus,WorldPop/GHS-POP,WorldPop / JRC (GHS-POP),Raster population density,Open,2000,Present,1–5 years,Available
BLR,Belarus,FEMA NFHL,FEMA,Vector flood hazard zones,Open,2003,Present,Rolling,N/A
BLR,Belarus,USGS NHD,USGS,Vector hydrography,Open,2000,Present,Rolling,N/A
BLR,Belarus,NPMS,PHMSA,Vector pipelines,Restricted,2002,Present,Annual/Rolling,N/A
BLR,Belarus,LiDAR DEM 1m,National/Provincial/State programs,Raster DEM (1m),Open/Restricted,2000,Present,Project-based,Varies
BEL,Belgium,Sentinel-2 L2A,ESA via Microsoft Planetary Computer Earth Search,"Raster multispectral (13 bands, 10/20/60m)",Open,2015-06,Present,~5 days,Available
BEL,Belgium,ESA WorldCover 10m,ESA (AWS S3),Raster land cover (10m),Open,2020,2021,Annual,Available
BEL,Belgium,Copernicus DEM,Copernicus,Raster DEM (30m/90m),Registration,2020,Present,Irregular,Available
BEL,Belgium,Global Surface Water (GSW),JRC/Google,Raster water occurrence/seasonality,Open,1984,Present,Annual,Available
BEL,Belgium,OpenStreetMap,OpenStreetMap,Vector roads/railways/waterways/landuse/buildings,Open,2004,Present,Continuous,Available
BEL,Belgium,WDPA (Protected Planet),UNEP-WCMC & IUCN,Vector protected areas,Registration,2005,Present,Monthly,Available
BEL,Belgium,WorldPop/GHS-POP,WorldPop / JRC (GHS-POP),Raster population density,Open,2000,Present,1–5 years,Available
BEL,Belgium,FEMA NFHL,FEMA,Vector flood hazard zones,Open,2003,Present,Rolling,N/A
BEL,Belgium,USGS NHD,USGS,Vector hydrography,Open,2000,Present,Rolling,N/A
BEL,Belgium,NPMS,PHMSA,Vector pipelines,Restricted,2002,Present,Annual/Rolling,N/A
BEL,Belgium,LiDAR DEM 1m,National/Provincial/State programs,Raster DEM (1m),Open/Restricted,2000,Present,Project-based,Varies
BLZ,Belize,Sentinel-2 L2A,ESA via Microsoft Planetary Computer Earth Search,"Raster multispectral (13 bands, 10/20/60m)",Open,2015-06,Present,~5 days,Available
BLZ,Belize,ESA WorldCover 10m,ESA (AWS S3),Raster land cover (10m),Open,2020,2021,Annual,Available
BLZ,Belize,Copernicus DEM,Copernicus,Raster DEM (30m/90m),Registration,2020,Present,Irregular,Available
BLZ,Belize,Global Surface Water (GSW),JRC/Google,Raster water occurrence/seasonality,Open,1984,Present,Annual,Available
BLZ,Belize,OpenStreetMap,OpenStreetMap,Vector roads/railways/waterways/landuse/buildings,Open,2004,Present,Continuous,Available
BLZ,Belize,WDPA (Protected Planet),UNEP-WCMC & IUCN,Vector protected areas,Registration,2005,Present,Monthly,Available
BLZ,Belize,WorldPop/GHS-POP,WorldPop / JRC (GHS-POP),Raster population density,Open,2000,Present,1–5 years,Available
BLZ,Belize,FEMA NFHL,FEMA,Vector flood hazard zones,Open,2003,Present,Rolling,N/A
BLZ,Belize,USGS NHD,USGS,Vector hydrography,Open,2000,Present,Rolling,N/A
BLZ,Belize,NPMS,PHMSA,Vector pipelines,Restricted,2002,Present,Annual/Rolling,N/A
BLZ,Belize,LiDAR DEM 1m,National/Provincial/State programs,Raster DEM (1m),Open/Restricted,2000,Present,Project-based,Varies
BEN,Benin,Sentinel-2 L2A,ESA via Microsoft Planetary Computer Earth Search,"Raster multispectral (13 bands, 10/20/60m)",Open,2015-06,Present,~5 days,Available
BEN,Benin,ESA WorldCover 10m,ESA (AWS S3),Raster land cover (10m),Open,2020,2021,Annual,Available
BEN,Benin,Copernicus DEM,Copernicus,Raster DEM (30m/90m),Registration,2020,Present,Irregular,Available
BEN,Benin,Global Surface Water (GSW),JRC/Google,Raster water occurrence/seasonality,Open,1984,Present,Annual,Available
BEN,Benin,OpenStreetMap,OpenStreetMap,Vector roads/railways/waterways/landuse/buildings,Open,2004,Present,Continuous,Available
BEN,Benin,WDPA (Protected Planet),UNEP-WCMC & IUCN,Vector protected areas,Registration,2005,Present,Monthly,Available
BEN,Benin,WorldPop/GHS-POP,WorldPop / JRC (GHS-POP),Raster population density,Open,2000,Present,1–5 years,Available
BEN,Benin,FEMA NFHL,FEMA,Vector flood hazard zones,Open,2003,Present,Rolling,N/A
BEN,Benin,USGS NHD,USGS,Vector hydrography,Open,2000,Present,Rolling,N/A
BEN,Benin,NPMS,PHMSA,Vector pipelines,Restricted,2002,Present,Annual/Rolling,N/A
BEN,Benin,LiDAR DEM 1m,National/Provincial/State programs,Raster DEM (1m),Open/Restricted,2000,Present,Project-based,Varies
BMU,Bermuda,Sentinel-2 L2A,ESA via Microsoft Planetary Computer Earth Search,"Raster multispectral (13 bands, 10/20/60m)",Open,2015-06,Present,~5 days,Available
BMU,Bermuda,ESA WorldCover 10m,ESA (AWS S3),Raster land cover (10m),Open,2020,2021,Annual,Available
BMU,Bermuda,Copernicus DEM,Copernicus,Raster DEM (30m/90m),Registration,2020,Present,Irregular,Available
BMU,Bermuda,Global Surface Water (GSW),JRC/Google,Raster water occurrence/seasonality,Open,1984,Present,Annual,Available
BMU,Bermuda,OpenStreetMap,OpenStreetMap,Vector roads/railways/waterways/landuse/buildings,Open,2004,Present,Continuous,Available
BMU,Bermuda,WDPA (Protected Planet),UNEP-WCMC & IUCN,Vector protected areas,Registration,2005,Present,Monthly,Available
BMU,Bermuda,WorldPop/GHS-POP,WorldPop / JRC (GHS-POP),Raster population density,Open,2000,Present,1–5 years,Available
BMU,Bermuda,FEMA NFHL,FEMA,Vector flood hazard zones,Open,2003,Present,Rolling,N/A
BMU,Bermuda,USGS NHD,USGS,Vector hydrography,Open,2000,Present,Rolling,N/A
BMU,Bermuda,NPMS,PHMSA,Vector pipelines,Restricted,2002,Present,Annual/Rolling,N/A
BMU,Bermuda,LiDAR DEM 1m,National/Provincial/State programs,Raster DEM (1m),Open/Restricted,2000,Present,Project-based,Varies
BTN,Bhutan,Sentinel-2 L2A,ESA via Microsoft Planetary Computer Earth Search,"Raster multispectral (13 bands, 10/20/60m)",Open,2015-06,Present,~5 days,Available
BTN,Bhutan,ESA WorldCover 10m,ESA (AWS S3),Raster land cover (10m),Open,2020,2021,Annual,Available
BTN,Bhutan,Copernicus DEM,Copernicus,Raster DEM (30m/90m),Registration,2020,Present,Irregular,Available
BTN,Bhutan,Global Surface Water (GSW),JRC/Google,Raster water occurrence/seasonality,Open,1984,Present,Annual,Available
BTN,Bhutan,OpenStreetMap,OpenStreetMap,Vector roads/railways/waterways/landuse/buildings,Open,2004,Present,Continuous,Available
BTN,Bhutan,WDPA (Protected Planet),UNEP-WCMC & IUCN,Vector protected areas,Registration,2005,Present,Monthly,Available
BTN,Bhutan,WorldPop/GHS-POP,WorldPop / JRC (GHS-POP),Raster population density,Open,2000,Present,1–5 years,Available
BTN,Bhutan,FEMA NFHL,FEMA,Vector flood hazard zones,Open,2003,Present,Rolling,N/A
BTN,Bhutan,USGS NHD,USGS,Vector hydrography,Open,2000,Present,Rolling,N/A
BTN,Bhutan,NPMS,PHMSA,Vector pipelines,Restricted,2002,Present,Annual/Rolling,N/A
BTN,Bhutan,LiDAR DEM 1m,National/Provincial/State programs,Raster DEM (1m),Open/Restricted,2000,Present,Project-based,Varies
BOL,"Bolivia, Plurinational State of",Sentinel-2 L2A,ESA via Microsoft Planetary Computer Earth Search,"Raster multispectral (13 bands, 10/20/60m)",Open,2015-06,Present,~5 days,Available
BOL,"Bolivia, Plurinational State of",ESA WorldCover 10m,ESA (AWS S3),Raster land cover (10m),Open,2020,2021,Annual,Available
BOL,"Bolivia, Plurinational State of",Copernicus DEM,Copernicus,Raster DEM (30m/90m),Registration,2020,Present,Irregular,Available
BOL,"Bolivia, Plurinational State of",Global Surface Water (GSW),JRC/Google,Raster water occurrence/seasonality,Open,1984,Present,Annual,Available
BOL,"Bolivia, Plurinational State of",OpenStreetMap,OpenStreetMap,Vector roads/railways/waterways/landuse/buildings,Open,2004,Present,Continuous,Available
BOL,"Bolivia, Plurinational State of",WDPA (Protected Planet),UNEP-WCMC & IUCN,Vector protected areas,Registration,2005,Present,Monthly,Available
BOL,"Bolivia, Plurinational State of",WorldPop/GHS-POP,WorldPop / JRC (GHS-POP),Raster population density,Open,2000,Present,1–5 years,Available
BOL,"Bolivia, Plurinational State of",FEMA NFHL,FEMA,Vector flood hazard zones,Open,2003,Present,Rolling,N/A
BOL,"Bolivia, Plurinational State of",USGS NHD,USGS,Vector hydrography,Open,2000,Present,Rolling,N/A
BOL,"Bolivia, Plurinational State of",NPMS,PHMSA,Vector pipelines,Restricted,2002,Present,Annual/Rolling,N/A
BOL,"Bolivia, Plurinational State of",LiDAR DEM 1m,National/Provincial/State programs,Raster DEM (1m),Open/Restricted,2000,Present,Project-based,Varies
BES,"Bonaire, Sint Eustatius and Saba",Sentinel-2 L2A,ESA via Microsoft Planetary Computer Earth Search,"Raster multispectral (13 bands, 10/20/60m)",Open,2015-06,Present,~5 days,Available
BES,"Bonaire, Sint Eustatius and Saba",ESA WorldCover 10m,ESA (AWS S3),Raster land cover (10m),Open,2020,2021,Annual,Available
BES,"Bonaire, Sint Eustatius and Saba",Copernicus DEM,Copernicus,Raster DEM (30m/90m),Registration,2020,Present,Irregular,Available
BES,"Bonaire, Sint Eustatius and Saba",Global Surface Water (GSW),JRC/Google,Raster water occurrence/seasonality,Open,1984,Present,Annual,Available
BES,"Bonaire, Sint Eustatius and Saba",OpenStreetMap,OpenStreetMap,Vector roads/railways/waterways/landuse/buildings,Open,2004,Present,Continuous,Available
BES,"Bonaire, Sint Eustatius and Saba",WDPA (Protected Planet),UNEP-WCMC & IUCN,Vector protected areas,Registration,2005,Present,Monthly,Available
BES,"Bonaire, Sint Eustatius and Saba",WorldPop/GHS-POP,WorldPop / JRC (GHS-POP),Raster population density,Open,2000,Present,1–5 years,Available
BES,"Bonaire, Sint Eustatius and Saba",FEMA NFHL,FEMA,Vector flood hazard zones,Open,2003,Present,Rolling,N/A
BES,"Bonaire, Sint Eustatius and Saba",USGS NHD,USGS,Vector hydrography,Open,2000,Present,Rolling,N/A
BES,"Bonaire, Sint Eustatius and Saba",NPMS,PHMSA,Vector pipelines,Restricted,2002,Present,Annual/Rolling,N/A
BES,"Bonaire, Sint Eustatius and Saba",LiDAR DEM 1m,National/Provincial/State programs,Raster DEM (1m),Open/Restricted,2000,Present,Project-based,Varies
BIH,Bosnia and Herzegovina,Sentinel-2 L2A,ESA via Microsoft Planetary Computer Earth Search,"Raster multispectral (13 bands, 10/20/60m)",Open,2015-06,Present,~5 days,Available
BIH,Bosnia and Herzegovina,ESA WorldCover 10m,ESA (AWS S3),Raster land cover (10m),Open,2020,2021,Annual,Available
BIH,Bosnia and Herzegovina,Copernicus DEM,Copernicus,Raster DEM (30m/90m),Registration,2020,Present,Irregular,Available
BIH,Bosnia and Herzegovina,Global Surface Water (GSW),JRC/Google,Raster water occurrence/seasonality,Open,1984,Present,Annual,Available
BIH,Bosnia and Herzegovina,OpenStreetMap,OpenStreetMap,Vector roads/railways/waterways/landuse/buildings,Open,2004,Present,Continuous,Available
BIH,Bosnia and Herzegovina,WDPA (Protected Planet),UNEP-WCMC & IUCN,Vector protected areas,Registration,2005,Present,Monthly,Available
BIH,Bosnia and Herzegovina,WorldPop/GHS-POP,WorldPop / JRC (GHS-POP),Raster population density,Open,2000,Present,1–5 years,Available
BIH,Bosnia and Herzegovina,FEMA NFHL,FEMA,Vector flood hazard zones,Open,2003,Present,Rolling,N/A
BIH,Bosnia and Herzegovina,USGS NHD,USGS,Vector hydrography,Open,2000,Present,Rolling,N/A
BIH,Bosnia and Herzegovina,NPMS,PHMSA,Vector pipelines,Restricted,2002,Present,Annual/Rolling,N/A
BIH,Bosnia and Herzegovina,LiDAR DEM 1m,National/Provincial/State programs,Raster DEM (1m),Open/Restricted,2000,Present,Project-based,Varies
BWA,Botswana,Sentinel-2 L2A,ESA via Microsoft Planetary Computer Earth Search,"Raster multispectral (13 bands, 10/20/60m)",Open,2015-06,Present,~5 days,Available
BWA,Botswana,ESA WorldCover 10m,ESA (AWS S3),Raster land cover (10m),Open,2020,2021,Annual,Available
BWA,Botswana,Copernicus DEM,Copernicus,Raster DEM (30m/90m),Registration,2020,Present,Irregular,Available
BWA,Botswana,Global Surface Water (GSW),JRC/Google,Raster water occurrence/seasonality,Open,1984,Present,Annual,Available
BWA,Botswana,OpenStreetMap,OpenStreetMap,Vector roads/railways/waterways/landuse/buildings,Open,2004,Present,Continuous,Available
BWA,Botswana,WDPA (Protected Planet),UNEP-WCMC & IUCN,Vector protected areas,Registration,2005,Present,Monthly,Available
BWA,Botswana,WorldPop/GHS-POP,WorldPop / JRC (GHS-POP),Raster population density,Open,2000,Present,1–5 years,Available
BWA,Botswana,FEMA NFHL,FEMA,Vector flood hazard zones,Open,2003,Present,Rolling,N/A
BWA,Botswana,USGS NHD,USGS,Vector hydrography,Open,2000,Present,Rolling,N/A
BWA,Botswana,NPMS,PHMSA,Vector pipelines,Restricted,2002,Present,Annual/Rolling,N/A
BWA,Botswana,LiDAR DEM 1m,National/Provincial/State programs,Raster DEM (1m),Open/Restricted,2000,Present,Project-based,Varies
BVT,Bouvet Island,Sentinel-2 L2A,ESA via Microsoft Planetary Computer Earth Search,"Raster multispectral (13 bands, 10/20/60m)",Open,2015-06,Present,~5 days,Available
BVT,Bouvet Island,ESA WorldCover 10m,ESA (AWS S3),Raster land cover (10m),Open,2020,2021,Annual,Available
BVT,Bouvet Island,Copernicus DEM,Copernicus,Raster DEM (30m/90m),Registration,2020,Present,Irregular,Available
BVT,Bouvet Island,Global Surface Water (GSW),JRC/Google,Raster water occurrence/seasonality,Open,1984,Present,Annual,Available
BVT,Bouvet Island,OpenStreetMap,OpenStreetMap,Vector roads/railways/waterways/landuse/buildings,Open,2004,Present,Continuous,Available
BVT,Bouvet Island,WDPA (Protected Planet),UNEP-WCMC & IUCN,Vector protected areas,Registration,2005,Present,Monthly,Available
BVT,Bouvet Island,WorldPop/GHS-POP,WorldPop / JRC (GHS-POP),Raster population density,Open,2000,Present,1–5 years,Available
BVT,Bouvet Island,FEMA NFHL,FEMA,Vector flood hazard zones,Open,2003,Present,Rolling,N/A
BVT,Bouvet Island,USGS NHD,USGS,Vector hydrography,Open,2000,Present,Rolling,N/A
BVT,Bouvet Island,NPMS,PHMSA,Vector pipelines,Restricted,2002,Present,Annual/Rolling,N/A
BVT,Bouvet Island,LiDAR DEM 1m,National/Provincial/State programs,Raster DEM (1m),Open/Restricted,2000,Present,Project-based,Varies
BRA,Brazil,Sentinel-2 L2A,ESA via Microsoft Planetary Computer Earth Search,"Raster multispectral (13 bands, 10/20/60m)",Open,2015-06,Present,~5 days,Available
BRA,Brazil,ESA WorldCover 10m,ESA (AWS S3),Raster land cover (10m),Open,2020,2021,Annual,Available
BRA,Brazil,Copernicus DEM,Copernicus,Raster DEM (30m/90m),Registration,2020,Present,Irregular,Available
BRA,Brazil,Global Surface Water (GSW),JRC/Google,Raster water occurrence/seasonality,Open,1984,Present,Annual,Available
BRA,Brazil,OpenStreetMap,OpenStreetMap,Vector roads/railways/waterways/landuse/buildings,Open,2004,Present,Continuous,Available
BRA,Brazil,WDPA (Protected Planet),UNEP-WCMC & IUCN,Vector protected areas,Registration,2005,Present,Monthly,Available
BRA,Brazil,WorldPop/GHS-POP,WorldPop / JRC (GHS-POP),Raster population density,Open,2000,Present,1–5 years,Available
BRA,Brazil,FEMA NFHL,FEMA,Vector flood hazard zones,Open,2003,Present,Rolling,N/A
BRA,Brazil,USGS NHD,USGS,Vector hydrography,Open,2000,Present,Rolling,N/A
BRA,Brazil,NPMS,PHMSA,Vector pipelines,Restricted,2002,Present,Annual/Rolling,N/A
BRA,Brazil,LiDAR DEM 1m,National/Provincial/State programs,Raster DEM (1m),Open/Restricted,2000,Present,Project-based,Varies
IOT,British Indian Ocean Territory,Sentinel-2 L2A,ESA via Microsoft Planetary Computer Earth Search,"Raster multispectral (13 bands, 10/20/60m)",Open,2015-06,Present,~5 days,Available
IOT,British Indian Ocean Territory,ESA WorldCover 10m,ESA (AWS S3),Raster land cover (10m),Open,2020,2021,Annual,Available
IOT,British Indian Ocean Territory,Copernicus DEM,Copernicus,Raster DEM (30m/90m),Registration,2020,Present,Irregular,Available
IOT,British Indian Ocean Territory,Global Surface Water (GSW),JRC/Google,Raster water occurrence/seasonality,Open,1984,Present,Annual,Available
IOT,British Indian Ocean Territory,OpenStreetMap,OpenStreetMap,Vector roads/railways/waterways/landuse/buildings,Open,2004,Present,Continuous,Available
IOT,British Indian Ocean Territory,WDPA (Protected Planet),UNEP-WCMC & IUCN,Vector protected areas,Registration,2005,Present,Monthly,Available
IOT,British Indian Ocean Territory,WorldPop/GHS-POP,WorldPop / JRC (GHS-POP),Raster population density,Open,2000,Present,1–5 years,Available
IOT,British Indian Ocean Territory,FEMA NFHL,FEMA,Vector flood hazard zones,Open,2003,Present,Rolling,N/A
IOT,British Indian Ocean Territory,USGS NHD,USGS,Vector hydrography,Open,2000,Present,Rolling,N/A
IOT,British Indian Ocean Territory,NPMS,PHMSA,Vector pipelines,Restricted,2002,Present,Annual/Rolling,N/A
IOT,British Indian Ocean Territory,LiDAR DEM 1m,National/Provincial/State programs,Raster DEM (1m),Open/Restricted,2000,Present,Project-based,Varies
BRN,Brunei Darussalam,Sentinel-2 L2A,ESA via Microsoft Planetary Computer Earth Search,"Raster multispectral (13 bands, 10/20/60m)",Open,2015-06,Present,~5 days,Available
BRN,Brunei Darussalam,ESA WorldCover 10m,ESA (AWS S3),Raster land cover (10m),Open,2020,2021,Annual,Available
BRN,Brunei Darussalam,Copernicus DEM,Copernicus,Raster DEM (30m/90m),Registration,2020,Present,Irregular,Available
BRN,Brunei Darussalam,Global Surface Water (GSW),JRC/Google,Raster water occurrence/seasonality,Open,1984,Present,Annual,Available
BRN,Brunei Darussalam,OpenStreetMap,OpenStreetMap,Vector roads/railways/waterways/landuse/buildings,Open,2004,Present,Continuous,Available
BRN,Brunei Darussalam,WDPA (Protected Planet),UNEP-WCMC & IUCN,Vector protected areas,Registration,2005,Present,Monthly,Available
BRN,Brunei Darussalam,WorldPop/GHS-POP,WorldPop / JRC (GHS-POP),Raster population density,Open,2000,Present,1–5 years,Available
BRN,Brunei Darussalam,FEMA NFHL,FEMA,Vector flood hazard zones,Open,2003,Present,Rolling,N/A
BRN,Brunei Darussalam,USGS NHD,USGS,Vector hydrography,Open,2000,Present,Rolling,N/A
BRN,Brunei Darussalam,NPMS,PHMSA,Vector pipelines,Restricted,2002,Present,Annual/Rolling,N/A
BRN,Brunei Darussalam,LiDAR DEM 1m,National/Provincial/State programs,Raster DEM (1m),Open/Restricted,2000,Present,Project-based,Varies
BGR,Bulgaria,Sentinel-2 L2A,ESA via Microsoft Planetary Computer Earth Search,"Raster multispectral (13 bands, 10/20/60m)",Open,2015-06,Present,~5 days,Available
BGR,Bulgaria,ESA WorldCover 10m,ESA (AWS S3),Raster land cover (10m),Open,2020,2021,Annual,Available
BGR,Bulgaria,Copernicus DEM,Copernicus,Raster DEM (30m/90m),Registration,2020,Present,Irregular,Available
BGR,Bulgaria,Global Surface Water (GSW),JRC/Google,Raster water occurrence/seasonality,Open,1984,Present,Annual,Available
BGR,Bulgaria,OpenStreetMap,OpenStreetMap,Vector roads/railways/waterways/landuse/buildings,Open,2004,Present,Continuous,Available
BGR,Bulgaria,WDPA (Protected Planet),UNEP-WCMC & IUCN,Vector protected areas,Registration,2005,Present,Monthly,Available
BGR,Bulgaria,WorldPop/GHS-POP,WorldPop / JRC (GHS-POP),Raster population density,Open,2000,Present,1–5 years,Available
BGR,Bulgaria,FEMA NFHL,FEMA,Vector flood hazard zones,Open,2003,Present,Rolling,N/A
BGR,Bulgaria,USGS NHD,USGS,Vector hydrography,Open,2000,Present,Rolling,N/A
BGR,Bulgaria,NPMS,PHMSA,Vector pipelines,Restricted,2002,Present,Annual/Rolling,N/A
BGR,Bulgaria,LiDAR DEM 1m,National/Provincial/State programs,Raster DEM (1m),Open/Restricted,2000,Present,Project-based,Varies
BFA,Burkina Faso,Sentinel-2 L2A,ESA via Microsoft Planetary Computer Earth Search,"Raster multispectral (13 bands, 10/20/60m)",Open,2015-06,Present,~5 days,Available
BFA,Burkina Faso,ESA WorldCover 10m,ESA (AWS S3),Raster land cover (10m),Open,2020,2021,Annual,Available
BFA,Burkina Faso,Copernicus DEM,Copernicus,Raster DEM (30m/90m),Registration,2020,Present,Irregular,Available
BFA,Burkina Faso,Global Surface Water (GSW),JRC/Google,Raster water occurrence/seasonality,Open,1984,Present,Annual,Available
BFA,Burkina Faso,OpenStreetMap,OpenStreetMap,Vector roads/railways/waterways/landuse/buildings,Open,2004,Present,Continuous,Available
BFA,Burkina Faso,WDPA (Protected Planet),UNEP-WCMC & IUCN,Vector protected areas,Registration,2005,Present,Monthly,Available
BFA,Burkina Faso,WorldPop/GHS-POP,WorldPop / JRC (GHS-POP),Raster population density,Open,2000,Present,1–5 years,Available
BFA,Burkina Faso,FEMA NFHL,FEMA,Vector flood hazard zones,Open,2003,Present,Rolling,N/A
BFA,Burkina Faso,USGS NHD,USGS,Vector hydrography,Open,2000,Present,Rolling,N/A
BFA,Burkina Faso,NPMS,PHMSA,Vector pipelines,Restricted,2002,Present,Annual/Rolling,N/A
BFA,Burkina Faso,LiDAR DEM 1m,National/Provincial/State programs,Raster DEM (1m),Open/Restricted,2000,Present,Project-based,Varies
BDI,Burundi,Sentinel-2 L2A,ESA via Microsoft Planetary Computer Earth Search,"Raster multispectral (13 bands, 10/20/60m)",Open,2015-06,Present,~5 days,Available
BDI,Burundi,ESA WorldCover 10m,ESA (AWS S3),Raster land cover (10m),Open,2020,2021,Annual,Available
BDI,Burundi,Copernicus DEM,Copernicus,Raster DEM (30m/90m),Registration,2020,Present,Irregular,Available
BDI,Burundi,Global Surface Water (GSW),JRC/Google,Raster water occurrence/seasonality,Open,1984,Present,Annual,Available
BDI,Burundi,OpenStreetMap,OpenStreetMap,Vector roads/railways/waterways/landuse/buildings,Open,2004,Present,Continuous,Available
BDI,Burundi,WDPA (Protected Planet),UNEP-WCMC & IUCN,Vector protected areas,Registration,2005,Present,Monthly,Available
BDI,Burundi,WorldPop/GHS-POP,WorldPop / JRC (GHS-POP),Raster population density,Open,2000,Present,1–5 years,Available
BDI,Burundi,FEMA NFHL,FEMA,Vector flood hazard zones,Open,2003,Present,Rolling,N/A
BDI,Burundi,USGS NHD,USGS,Vector hydrography,Open,2000,Present,Rolling,N/A
BDI,Burundi,NPMS,PHMSA,Vector pipelines,Restricted,2002,Present,Annual/Rolling,N/A
BDI,Burundi,LiDAR DEM 1m,National/Provincial/State programs,Raster DEM (1m),Open/Restricted,2000,Present,Project-based,Varies
CPV,Cabo Verde,Sentinel-2 L2A,ESA via Microsoft Planetary Computer Earth Search,"Raster multispectral (13 bands, 10/20/60m)",Open,2015-06,Present,~5 days,Available
CPV,Cabo Verde,ESA WorldCover 10m,ESA (AWS S3),Raster land cover (10m),Open,2020,2021,Annual,Available
CPV,Cabo Verde,Copernicus DEM,Copernicus,Raster DEM (30m/90m),Registration,2020,Present,Irregular,Available
CPV,Cabo Verde,Global Surface Water (GSW),JRC/Google,Raster water occurrence/seasonality,Open,1984,Present,Annual,Available
CPV,Cabo Verde,OpenStreetMap,OpenStreetMap,Vector roads/railways/waterways/landuse/buildings,Open,2004,Present,Continuous,Available
CPV,Cabo Verde,WDPA (Protected Planet),UNEP-WCMC & IUCN,Vector protected areas,Registration,2005,Present,Monthly,Available
CPV,Cabo Verde,WorldPop/GHS-POP,WorldPop / JRC (GHS-POP),Raster population density,Open,2000,Present,1–5 years,Available
CPV,Cabo Verde,FEMA NFHL,FEMA,Vector flood hazard zones,Open,2003,Present,Rolling,N/A
CPV,Cabo Verde,USGS NHD,USGS,Vector hydrography,Open,2000,Present,Rolling,N/A
CPV,Cabo Verde,NPMS,PHMSA,Vector pipelines,Restricted,2002,Present,Annual/Rolling,N/A
CPV,Cabo Verde,LiDAR DEM 1m,National/Provincial/State programs,Raster DEM (1m),Open/Restricted,2000,Present,Project-based,Varies
KHM,Cambodia,Sentinel-2 L2A,ESA via Microsoft Planetary Computer Earth Search,"Raster multispectral (13 bands, 10/20/60m)",Open,2015-06,Present,~5 days,Available
KHM,Cambodia,ESA WorldCover 10m,ESA (AWS S3),Raster land cover (10m),Open,2020,2021,Annual,Available
KHM,Cambodia,Copernicus DEM,Copernicus,Raster DEM (30m/90m),Registration,2020,Present,Irregular,Available
KHM,Cambodia,Global Surface Water (GSW),JRC/Google,Raster water occurrence/seasonality,Open,1984,Present,Annual,Available
KHM,Cambodia,OpenStreetMap,OpenStreetMap,Vector roads/railways/waterways/landuse/buildings,Open,2004,Present,Continuous,Available
KHM,Cambodia,WDPA (Protected Planet),UNEP-WCMC & IUCN,Vector protected areas,Registration,2005,Present,Monthly,Available
KHM,Cambodia,WorldPop/GHS-POP,WorldPop / JRC (GHS-POP),Raster population density,Open,2000,Present,1–5 years,Available
KHM,Cambodia,FEMA NFHL,FEMA,Vector flood hazard zones,Open,2003,Present,Rolling,N/A
KHM,Cambodia,USGS NHD,USGS,Vector hydrography,Open,2000,Present,Rolling,N/A
KHM,Cambodia,NPMS,PHMSA,Vector pipelines,Restricted,2002,Present,Annual/Rolling,N/A
KHM,Cambodia,LiDAR DEM 1m,National/Provincial/State programs,Raster DEM (1m),Open/Restricted,2000,Present,Project-based,Varies
CMR,Cameroon,Sentinel-2 L2A,ESA via Microsoft Planetary Computer Earth Search,"Raster multispectral (13 bands, 10/20/60m)",Open,2015-06,Present,~5 days,Available
CMR,Cameroon,ESA WorldCover 10m,ESA (AWS S3),Raster land cover (10m),Open,2020,2021,Annual,Available
CMR,Cameroon,Copernicus DEM,Copernicus,Raster DEM (30m/90m),Registration,2020,Present,Irregular,Available
CMR,Cameroon,Global Surface Water (GSW),JRC/Google,Raster water occurrence/seasonality,Open,1984,Present,Annual,Available
CMR,Cameroon,OpenStreetMap,OpenStreetMap,Vector roads/railways/waterways/landuse/buildings,Open,2004,Present,Continuous,Available
CMR,Cameroon,WDPA (Protected Planet),UNEP-WCMC & IUCN,Vector protected areas,Registration,2005,Present,Monthly,Available
CMR,Cameroon,WorldPop/GHS-POP,WorldPop / JRC (GHS-POP),Raster population density,Open,2000,Present,1–5 years,Available
CMR,Cameroon,FEMA NFHL,FEMA,Vector flood hazard zones,Open,2003,Present,Rolling,N/A
CMR,Cameroon,USGS NHD,USGS,Vector hydrography,Open,2000,Present,Rolling,N/A
CMR,Cameroon,NPMS,PHMSA,Vector pipelines,Restricted,2002,Present,Annual/Rolling,N/A
CMR,Cameroon,LiDAR DEM 1m,National/Provincial/State programs,Raster DEM (1m),Open/Restricted,2000,Present,Project-based,Varies
CAN,Canada,Sentinel-2 L2A,ESA via Microsoft Planetary Computer Earth Search,"Raster multispectral (13 bands, 10/20/60m)",Open,2015-06,Present,~5 days,Available
CAN,Canada,ESA WorldCover 10m,ESA (AWS S3),Raster land cover (10m),Open,2020,2021,Annual,Available
CAN,Canada,Copernicus DEM,Copernicus,Raster DEM (30m/90m),Registration,2020,Present,Irregular,Available
CAN,Canada,Global Surface Water (GSW),JRC/Google,Raster water occurrence/seasonality,Open,1984,Present,Annual,Available
CAN,Canada,OpenStreetMap,OpenStreetMap,Vector roads/railways/waterways/landuse/buildings,Open,2004,Present,Continuous,Available
CAN,Canada,WDPA (Protected Planet),UNEP-WCMC & IUCN,Vector protected areas,Registration,2005,Present,Monthly,Available
CAN,Canada,WorldPop/GHS-POP,WorldPop / JRC (GHS-POP),Raster population density,Open,2000,Present,1–5 years,Available
CAN,Canada,FEMA NFHL,FEMA,Vector flood hazard zones,Open,2003,Present,Rolling,N/A
CAN,Canada,USGS NHD,USGS,Vector hydrography,Open,2000,Present,Rolling,N/A
CAN,Canada,NPMS,PHMSA,Vector pipelines,Restricted,2002,Present,Annual/Rolling,N/A
CAN,Canada,LiDAR DEM 1m,National/Provincial/State programs,Raster DEM (1m),Open/Restricted,2000,Present,Project-based,Varies
CYM,Cayman Islands,Sentinel-2 L2A,ESA via Microsoft Planetary Computer Earth Search,"Raster multispectral (13 bands, 10/20/60m)",Open,2015-06,Present,~5 days,Available
CYM,Cayman Islands,ESA WorldCover 10m,ESA (AWS S3),Raster land cover (10m),Open,2020,2021,Annual,Available
CYM,Cayman Islands,Copernicus DEM,Copernicus,Raster DEM (30m/90m),Registration,2020,Present,Irregular,Available
CYM,Cayman Islands,Global Surface Water (GSW),JRC/Google,Raster water occurrence/seasonality,Open,1984,Present,Annual,Available
CYM,Cayman Islands,OpenStreetMap,OpenStreetMap,Vector roads/railways/waterways/landuse/buildings,Open,2004,Present,Continuous,Available
CYM,Cayman Islands,WDPA (Protected Planet),UNEP-WCMC & IUCN,Vector protected areas,Registration,2005,Present,Monthly,Available
CYM,Cayman Islands,WorldPop/GHS-POP,WorldPop / JRC (GHS-POP),Raster population density,Open,2000,Present,1–5 years,Available
CYM,Cayman Islands,FEMA NFHL,FEMA,Vector flood hazard zones,Open,2003,Present,Rolling,N/A
CYM,Cayman Islands,USGS NHD,USGS,Vector hydrography,Open,2000,Present,Rolling,N/A
CYM,Cayman Islands,NPMS,PHMSA,Vector pipelines,Restricted,2002,Present,Annual/Rolling,N/A
CYM,Cayman Islands,LiDAR DEM 1m,National/Provincial/State programs,Raster DEM (1m),Open/Restricted,2000,Present,Project-based,Varies
CAF,Central African Republic,Sentinel-2 L2A,ESA via Microsoft Planetary Computer Earth Search,"Raster multispectral (13 bands, 10/20/60m)",Open,2015-06,Present,~5 days,Available
CAF,Central African Republic,ESA WorldCover 10m,ESA (AWS S3),Raster land cover (10m),Open,2020,2021,Annual,Available
CAF,Central African Republic,Copernicus DEM,Copernicus,Raster DEM (30m/90m),Registration,2020,Present,Irregular,Available
CAF,Central African Republic,Global Surface Water (GSW),JRC/Google,Raster water occurrence/seasonality,Open,1984,Present,Annual,Available
CAF,Central African Republic,OpenStreetMap,OpenStreetMap,Vector roads/railways/waterways/landuse/buildings,Open,2004,Present,Continuous,Available
CAF,Central African Republic,WDPA (Protected Planet),UNEP-WCMC & IUCN,Vector protected areas,Registration,2005,Present,Monthly,Available
CAF,Central African Republic,WorldPop/GHS-POP,WorldPop / JRC (GHS-POP),Raster population density,Open,2000,Present,1–5 years,Available
CAF,Central African Republic,FEMA NFHL,FEMA,Vector flood hazard zones,Open,2003,Present,Rolling,N/A
CAF,Central African Republic,USGS NHD,USGS,Vector hydrography,Open,2000,Present,Rolling,N/A
CAF,Central African Republic,NPMS,PHMSA,Vector pipelines,Restricted,2002,Present,Annual/Rolling,N/A
CAF,Central African Republic,LiDAR DEM 1m,National/Provincial/State programs,Raster DEM (1m),Open/Restricted,2000,Present,Project-based,Varies
TCD,Chad,Sentinel-2 L2A,ESA via Microsoft Planetary Computer Earth Search,"Raster multispectral (13 bands, 10/20/60m)",Open,2015-06,Present,~5 days,Available
TCD,Chad,ESA WorldCover 10m,ESA (AWS S3),Raster land cover (10m),Open,2020,2021,Annual,Available
TCD,Chad,Copernicus DEM,Copernicus,Raster DEM (30m/90m),Registration,2020,Present,Irregular,Available
TCD,Chad,Global Surface Water (GSW),JRC/Google,Raster water occurrence/seasonality,Open,1984,Present,Annual,Available
TCD,Chad,OpenStreetMap,OpenStreetMap,Vector roads/railways/waterways/landuse/buildings,Open,2004,Present,Continuous,Available
TCD,Chad,WDPA (Protected Planet),UNEP-WCMC & IUCN,Vector protected areas,Registration,2005,Present,Monthly,Available
TCD,Chad,WorldPop/GHS-POP,WorldPop / JRC (GHS-POP),Raster population density,Open,2000,Present,1–5 years,Available
TCD,Chad,FEMA NFHL,FEMA,Vector flood hazard zones,Open,2003,Present,Rolling,N/A
TCD,Chad,USGS NHD,USGS,Vector hydrography,Open,2000,Present,Rolling,N/A
TCD,Chad,NPMS,PHMSA,Vector pipelines,Restricted,2002,Present,Annual/Rolling,N/A
TCD,Chad,LiDAR DEM 1m,National/Provincial/State programs,Raster DEM (1m),Open/Restricted,2000,Present,Project-based,Varies
CHL,Chile,Sentinel-2 L2A,ESA via Microsoft Planetary Computer Earth Search,"Raster multispectral (13 bands, 10/20/60m)",Open,2015-06,Present,~5 days,Available
CHL,Chile,ESA WorldCover 10m,ESA (AWS S3),Raster land cover (10m),Open,2020,2021,Annual,Available
CHL,Chile,Copernicus DEM,Copernicus,Raster DEM (30m/90m),Registration,2020,Present,Irregular,Available
CHL,Chile,Global Surface Water (GSW),JRC/Google,Raster water occurrence/seasonality,Open,1984,Present,Annual,Available
CHL,Chile,OpenStreetMap,OpenStreetMap,Vector roads/railways/waterways/landuse/buildings,Open,2004,Present,Continuous,Available
CHL,Chile,WDPA (Protected Planet),UNEP-WCMC & IUCN,Vector protected areas,Registration,2005,Present,Monthly,Available
CHL,Chile,WorldPop/GHS-POP,WorldPop / JRC (GHS-POP),Raster population density,Open,2000,Present,1–5 years,Available
CHL,Chile,FEMA NFHL,FEMA,Vector flood hazard zones,Open,2003,Present,Rolling,N/A
CHL,Chile,USGS NHD,USGS,Vector hydrography,Open,2000,Present,Rolling,N/A
CHL,Chile,NPMS,PHMSA,Vector pipelines,Restricted,2002,Present,Annual/Rolling,N/A
CHL,Chile,LiDAR DEM 1m,National/Provincial/State programs,Raster DEM (1m),Open/Restricted,2000,Present,Project-based,Varies
CHN,China,Sentinel-2 L2A,ESA via Microsoft Planetary Computer Earth Search,"Raster multispectral (13 bands, 10/20/60m)",Open,2015-06,Present,~5 days,Available
CHN,China,ESA WorldCover 10m,ESA (AWS S3),Raster land cover (10m),Open,2020,2021,Annual,Available
CHN,China,Copernicus DEM,Copernicus,Raster DEM (30m/90m),Registration,2020,Present,Irregular,Available
CHN,China,Global Surface Water (GSW),JRC/Google,Raster water occurrence/seasonality,Open,1984,Present,Annual,Available
CHN,China,OpenStreetMap,OpenStreetMap,Vector roads/railways/waterways/landuse/buildings,Open,2004,Present,Continuous,Available
CHN,China,WDPA (Protected Planet),UNEP-WCMC & IUCN,Vector protected areas,Registration,2005,Present,Monthly,Available
CHN,China,WorldPop/GHS-POP,WorldPop / JRC (GHS-POP),Raster population density,Open,2000,Present,1–5 years,Available
CHN,China,FEMA NFHL,FEMA,Vector flood hazard zones,Open,2003,Present,Rolling,N/A
CHN,China,USGS NHD,USGS,Vector hydrography,Open,2000,Present,Rolling,N/A
CHN,China,NPMS,PHMSA,Vector pipelines,Restricted,2002,Present,Annual/Rolling,N/A
CHN,China,LiDAR DEM 1m,National/Provincial/State programs,Raster DEM (1m),Open/Restricted,2000,Present,Project-based,Varies
CXR,Christmas Island,Sentinel-2 L2A,ESA via Microsoft Planetary Computer Earth Search,"Raster multispectral (13 bands, 10/20/60m)",Open,2015-06,Present,~5 days,Available
CXR,Christmas Island,ESA WorldCover 10m,ESA (AWS S3),Raster land cover (10m),Open,2020,2021,Annual,Available
CXR,Christmas Island,Copernicus DEM,Copernicus,Raster DEM (30m/90m),Registration,2020,Present,Irregular,Available
CXR,Christmas Island,Global Surface Water (GSW),JRC/Google,Raster water occurrence/seasonality,Open,1984,Present,Annual,Available
CXR,Christmas Island,OpenStreetMap,OpenStreetMap,Vector roads/railways/waterways/landuse/buildings,Open,2004,Present,Continuous,Available
CXR,Christmas Island,WDPA (Protected Planet),UNEP-WCMC & IUCN,Vector protected areas,Registration,2005,Present,Monthly,Available
CXR,Christmas Island,WorldPop/GHS-POP,WorldPop / JRC (GHS-POP),Raster population density,Open,2000,Present,1–5 years,Available
CXR,Christmas Island,FEMA NFHL,FEMA,Vector flood hazard zones,Open,2003,Present,Rolling,N/A
CXR,Christmas Island,USGS NHD,USGS,Vector hydrography,Open,2000,Present,Rolling,N/A
CXR,Christmas Island,NPMS,PHMSA,Vector pipelines,Restricted,2002,Present,Annual/Rolling,N/A
CXR,Christmas Island,LiDAR DEM 1m,National/Provincial/State programs,Raster DEM (1m),Open/Restricted,2000,Present,Project-based,Varies
CCK,Cocos (Keeling) Islands,Sentinel-2 L2A,ESA via Microsoft Planetary Computer Earth Search,"Raster multispectral (13 bands, 10/20/60m)",Open,2015-06,Present,~5 days,Available
CCK,Cocos (Keeling) Islands,ESA WorldCover 10m,ESA (AWS S3),Raster land cover (10m),Open,2020,2021,Annual,Available
CCK,Cocos (Keeling) Islands,Copernicus DEM,Copernicus,Raster DEM (30m/90m),Registration,2020,Present,Irregular,Available
CCK,Cocos (Keeling) Islands,Global Surface Water (GSW),JRC/Google,Raster water occurrence/seasonality,Open,1984,Present,Annual,Available
CCK,Cocos (Keeling) Islands,OpenStreetMap,OpenStreetMap,Vector roads/railways/waterways/landuse/buildings,Open,2004,Present,Continuous,Available
CCK,Cocos (Keeling) Islands,WDPA (Protected Planet),UNEP-WCMC & IUCN,Vector protected areas,Registration,2005,Present,Monthly,Available
CCK,Cocos (Keeling) Islands,WorldPop/GHS-POP,WorldPop / JRC (GHS-POP),Raster population density,Open,2000,Present,1–5 years,Available
CCK,Cocos (Keeling) Islands,FEMA NFHL,FEMA,Vector flood hazard zones,Open,2003,Present,Rolling,N/A
CCK,Cocos (Keeling) Islands,USGS NHD,USGS,Vector hydrography,Open,2000,Present,Rolling,N/A
CCK,Cocos (Keeling) Islands,NPMS,PHMSA,Vector pipelines,Restricted,2002,Present,Annual/Rolling,N/A
CCK,Cocos (Keeling) Islands,LiDAR DEM 1m,National/Provincial/State programs,Raster DEM (1m),Open/Restricted,2000,Present,Project-based,Varies
COL,Colombia,Sentinel-2 L2A,ESA via Microsoft Planetary Computer Earth Search,"Raster multispectral (13 bands, 10/20/60m)",Open,2015-06,Present,~5 days,Available
COL,Colombia,ESA WorldCover 10m,ESA (AWS S3),Raster land cover (10m),Open,2020,2021,Annual,Available
COL,Colombia,Copernicus DEM,Copernicus,Raster DEM (30m/90m),Registration,2020,Present,Irregular,Available
COL,Colombia,Global Surface Water (GSW),JRC/Google,Raster water occurrence/seasonality,Open,1984,Present,Annual,Available
COL,Colombia,OpenStreetMap,OpenStreetMap,Vector roads/railways/waterways/landuse/buildings,Open,2004,Present,Continuous,Available
COL,Colombia,WDPA (Protected Planet),UNEP-WCMC & IUCN,Vector protected areas,Registration,2005,Present,Monthly,Available
COL,Colombia,WorldPop/GHS-POP,WorldPop / JRC (GHS-POP),Raster population density,Open,2000,Present,1–5 years,Available
COL,Colombia,FEMA NFHL,FEMA,Vector flood hazard zones,Open,2003,Present,Rolling,N/A
COL,Colombia,USGS NHD,USGS,Vector hydrography,Open,2000,Present,Rolling,N/A
COL,Colombia,NPMS,PHMSA,Vector pipelines,Restricted,2002,Present,Annual/Rolling,N/A
COL,Colombia,LiDAR DEM 1m,National/Provincial/State programs,Raster DEM (1m),Open/Restricted,2000,Present,Project-based,Varies
COM,Comoros,Sentinel-2 L2A,ESA via Microsoft Planetary Computer Earth Search,"Raster multispectral (13 bands, 10/20/60m)",Open,2015-06,Present,~5 days,Available
COM,Comoros,ESA WorldCover 10m,ESA (AWS S3),Raster land cover (10m),Open,2020,2021,Annual,Available
COM,Comoros,Copernicus DEM,Copernicus,Raster DEM (30m/90m),Registration,2020,Present,Irregular,Available
COM,Comoros,Global Surface Water (GSW),JRC/Google,Raster water occurrence/seasonality,Open,1984,Present,Annual,Available
COM,Comoros,OpenStreetMap,OpenStreetMap,Vector roads/railways/waterways/landuse/buildings,Open,2004,Present,Continuous,Available
COM,Comoros,WDPA (Protected Planet),UNEP-WCMC & IUCN,Vector protected areas,Registration,2005,Present,Monthly,Available
COM,Comoros,WorldPop/GHS-POP,WorldPop / JRC (GHS-POP),Raster population density,Open,2000,Present,1–5 years,Available
COM,Comoros,FEMA NFHL,FEMA,Vector flood hazard zones,Open,2003,Present,Rolling,N/A
COM,Comoros,USGS NHD,USGS,Vector hydrography,Open,2000,Present,Rolling,N/A
COM,Comoros,NPMS,PHMSA,Vector pipelines,Restricted,2002,Present,Annual/Rolling,N/A
COM,Comoros,LiDAR DEM 1m,National/Provincial/State programs,Raster DEM (1m),Open/Restricted,2000,Present,Project-based,Varies
COG,Congo,Sentinel-2 L2A,ESA via Microsoft Planetary Computer Earth Search,"Raster multispectral (13 bands, 10/20/60m)",Open,2015-06,Present,~5 days,Available
COG,Congo,ESA WorldCover 10m,ESA (AWS S3),Raster land cover (10m),Open,2020,2021,Annual,Available
COG,Congo,Copernicus DEM,Copernicus,Raster DEM (30m/90m),Registration,2020,Present,Irregular,Available
COG,Congo,Global Surface Water (GSW),JRC/Google,Raster water occurrence/seasonality,Open,1984,Present,Annual,Available
COG,Congo,OpenStreetMap,OpenStreetMap,Vector roads/railways/waterways/landuse/buildings,Open,2004,Present,Continuous,Available
COG,Congo,WDPA (Protected Planet),UNEP-WCMC & IUCN,Vector protected areas,Registration,2005,Present,Monthly,Available
COG,Congo,WorldPop/GHS-POP,WorldPop / JRC (GHS-POP),Raster population density,Open,2000,Present,1–5 years,Available
COG,Congo,FEMA NFHL,FEMA,Vector flood hazard zones,Open,2003,Present,Rolling,N/A
COG,Congo,USGS NHD,USGS,Vector hydrography,Open,2000,Present,Rolling,N/A
COG,Congo,NPMS,PHMSA,Vector pipelines,Restricted,2002,Present,Annual/Rolling,N/A
COG,Congo,LiDAR DEM 1m,National/Provincial/State programs,Raster DEM (1m),Open/Restricted,2000,Present,Project-based,Varies
COD,"Congo, Democratic Republic of the",Sentinel-2 L2A,ESA via Microsoft Planetary Computer Earth Search,"Raster multispectral (13 bands, 10/20/60m)",Open,2015-06,Present,~5 days,Available
COD,"Congo, Democratic Republic of the",ESA WorldCover 10m,ESA (AWS S3),Raster land cover (10m),Open,2020,2021,Annual,Available
COD,"Congo, Democratic Republic of the",Copernicus DEM,Copernicus,Raster DEM (30m/90m),Registration,2020,Present,Irregular,Available
COD,"Congo, Democratic Republic of the",Global Surface Water (GSW),JRC/Google,Raster water occurrence/seasonality,Open,1984,Present,Annual,Available
COD,"Congo, Democratic Republic of the",OpenStreetMap,OpenStreetMap,Vector roads/railways/waterways/landuse/buildings,Open,2004,Present,Continuous,Available
COD,"Congo, Democratic Republic of the",WDPA (Protected Planet),UNEP-WCMC & IUCN,Vector protected areas,Registration,2005,Present,Monthly,Available
COD,"Congo, Democratic Republic of the",WorldPop/GHS-POP,WorldPop / JRC (GHS-POP),Raster population density,Open,2000,Present,1–5 years,Available
COD,"Congo, Democratic Republic of the",FEMA NFHL,FEMA,Vector flood hazard zones,Open,2003,Present,Rolling,N/A
COD,"Congo, Democratic Republic of the",USGS NHD,USGS,Vector hydrography,Open,2000,Present,Rolling,N/A
COD,"Congo, Democratic Republic of the",NPMS,PHMSA,Vector pipelines,Restricted,2002,Present,Annual/Rolling,N/A
COD,"Congo, Democratic Republic of the",LiDAR DEM 1m,National/Provincial/State programs,Raster DEM (1m),Open/Restricted,2000,Present,Project-based,Varies
COK,Cook Islands,Sentinel-2 L2A,ESA via Microsoft Planetary Computer Earth Search,"Raster multispectral (13 bands, 10/20/60m)",Open,2015-06,Present,~5 days,Available
COK,Cook Islands,ESA WorldCover 10m,ESA (AWS S3),Raster land cover (10m),Open,2020,2021,Annual,Available
COK,Cook Islands,Copernicus DEM,Copernicus,Raster DEM (30m/90m),Registration,2020,Present,Irregular,Available
COK,Cook Islands,Global Surface Water (GSW),JRC/Google,Raster water occurrence/seasonality,Open,1984,Present,Annual,Available
COK,Cook Islands,OpenStreetMap,OpenStreetMap,Vector roads/railways/waterways/landuse/buildings,Open,2004,Present,Continuous,Available
COK,Cook Islands,WDPA (Protected Planet),UNEP-WCMC & IUCN,Vector protected areas,Registration,2005,Present,Monthly,Available
COK,Cook Islands,WorldPop/GHS-POP,WorldPop / JRC (GHS-POP),Raster population density,Open,2000,Present,1–5 years,Available
COK,Cook Islands,FEMA NFHL,FEMA,Vector flood hazard zones,Open,2003,Present,Rolling,N/A
COK,Cook Islands,USGS NHD,USGS,Vector hydrography,Open,2000,Present,Rolling,N/A
COK,Cook Islands,NPMS,PHMSA,Vector pipelines,Restricted,2002,Present,Annual/Rolling,N/A
COK,Cook Islands,LiDAR DEM 1m,National/Provincial/State programs,Raster DEM (1m),Open/Restricted,2000,Present,Project-based,Varies
CRI,Costa Rica,Sentinel-2 L2A,ESA via Microsoft Planetary Computer Earth Search,"Raster multispectral (13 bands, 10/20/60m)",Open,2015-06,Present,~5 days,Available
CRI,Costa Rica,ESA WorldCover 10m,ESA (AWS S3),Raster land cover (10m),Open,2020,2021,Annual,Available
CRI,Costa Rica,Copernicus DEM,Copernicus,Raster DEM (30m/90m),Registration,2020,Present,Irregular,Available
CRI,Costa Rica,Global Surface Water (GSW),JRC/Google,Raster water occurrence/seasonality,Open,1984,Present,Annual,Available
CRI,Costa Rica,OpenStreetMap,OpenStreetMap,Vector roads/railways/waterways/landuse/buildings,Open,2004,Present,Continuous,Available
CRI,Costa Rica,WDPA (Protected Planet),UNEP-WCMC & IUCN,Vector protected areas,Registration,2005,Present,Monthly,Available
CRI,Costa Rica,WorldPop/GHS-POP,WorldPop / JRC (GHS-POP),Raster population density,Open,2000,Present,1–5 years,Available
CRI,Costa Rica,FEMA NFHL,FEMA,Vector flood hazard zones,Open,2003,Present,Rolling,N/A
CRI,Costa Rica,USGS NHD,USGS,Vector hydrography,Open,2000,Present,Rolling,N/A
CRI,Costa Rica,NPMS,PHMSA,Vector pipelines,Restricted,2002,Present,Annual/Rolling,N/A
CRI,Costa Rica,LiDAR DEM 1m,National/Provincial/State programs,Raster DEM (1m),Open/Restricted,2000,Present,Project-based,Varies
HRV,Croatia,Sentinel-2 L2A,ESA via Microsoft Planetary Computer Earth Search,"Raster multispectral (13 bands, 10/20/60m)",Open,2015-06,Present,~5 days,Available
HRV,Croatia,ESA WorldCover 10m,ESA (AWS S3),Raster land cover (10m),Open,2020,2021,Annual,Available
HRV,Croatia,Copernicus DEM,Copernicus,Raster DEM (30m/90m),Registration,2020,Present,Irregular,Available
HRV,Croatia,Global Surface Water (GSW),JRC/Google,Raster water occurrence/seasonality,Open,1984,Present,Annual,Available
HRV,Croatia,OpenStreetMap,OpenStreetMap,Vector roads/railways/waterways/landuse/buildings,Open,2004,Present,Continuous,Available
HRV,Croatia,WDPA (Protected Planet),UNEP-WCMC & IUCN,Vector protected areas,Registration,2005,Present,Monthly,Available
HRV,Croatia,WorldPop/GHS-POP,WorldPop / JRC (GHS-POP),Raster population density,Open,2000,Present,1–5 years,Available
HRV,Croatia,FEMA NFHL,FEMA,Vector flood hazard zones,Open,2003,Present,Rolling,N/A
HRV,Croatia,USGS NHD,USGS,Vector hydrography,Open,2000,Present,Rolling,N/A
HRV,Croatia,NPMS,PHMSA,Vector pipelines,Restricted,2002,Present,Annual/Rolling,N/A
HRV,Croatia,LiDAR DEM 1m,National/Provincial/State programs,Raster DEM (1m),Open/Restricted,2000,Present,Project-based,Varies
CUB,Cuba,Sentinel-2 L2A,ESA via Microsoft Planetary Computer Earth Search,"Raster multispectral (13 bands, 10/20/60m)",Open,2015-06,Present,~5 days,Available
CUB,Cuba,ESA WorldCover 10m,ESA (AWS S3),Raster land cover (10m),Open,2020,2021,Annual,Available
CUB,Cuba,Copernicus DEM,Copernicus,Raster DEM (30m/90m),Registration,2020,Present,Irregular,Available
CUB,Cuba,Global Surface Water (GSW),JRC/Google,Raster water occurrence/seasonality,Open,1984,Present,Annual,Available
CUB,Cuba,OpenStreetMap,OpenStreetMap,Vector roads/railways/waterways/landuse/buildings,Open,2004,Present,Continuous,Available
CUB,Cuba,WDPA (Protected Planet),UNEP-WCMC & IUCN,Vector protected areas,Registration,2005,Present,Monthly,Available
CUB,Cuba,WorldPop/GHS-POP,WorldPop / JRC (GHS-POP),Raster population density,Open,2000,Present,1–5 years,Available
CUB,Cuba,FEMA NFHL,FEMA,Vector flood hazard zones,Open,2003,Present,Rolling,N/A
CUB,Cuba,USGS NHD,USGS,Vector hydrography,Open,2000,Present,Rolling,N/A
CUB,Cuba,NPMS,PHMSA,Vector pipelines,Restricted,2002,Present,Annual/Rolling,N/A
CUB,Cuba,LiDAR DEM 1m,National/Provincial/State programs,Raster DEM (1m),Open/Restricted,2000,Present,Project-based,Varies
CUW,Curaçao,Sentinel-2 L2A,ESA via Microsoft Planetary Computer Earth Search,"Raster multispectral (13 bands, 10/20/60m)",Open,2015-06,Present,~5 days,Available
CUW,Curaçao,ESA WorldCover 10m,ESA (AWS S3),Raster land cover (10m),Open,2020,2021,Annual,Available
CUW,Curaçao,Copernicus DEM,Copernicus,Raster DEM (30m/90m),Registration,2020,Present,Irregular,Available
CUW,Curaçao,Global Surface Water (GSW),JRC/Google,Raster water occurrence/seasonality,Open,1984,Present,Annual,Available
CUW,Curaçao,OpenStreetMap,OpenStreetMap,Vector roads/railways/waterways/landuse/buildings,Open,2004,Present,Continuous,Available
CUW,Curaçao,WDPA (Protected Planet),UNEP-WCMC & IUCN,Vector protected areas,Registration,2005,Present,Monthly,Available
CUW,Curaçao,WorldPop/GHS-POP,WorldPop / JRC (GHS-POP),Raster population density,Open,2000,Present,1–5 years,Available
CUW,Curaçao,FEMA NFHL,FEMA,Vector flood hazard zones,Open,2003,Present,Rolling,N/A
CUW,Curaçao,USGS NHD,USGS,Vector hydrography,Open,2000,Present,Rolling,N/A
CUW,Curaçao,NPMS,PHMSA,Vector pipelines,Restricted,2002,Present,Annual/Rolling,N/A
CUW,Curaçao,LiDAR DEM 1m,National/Provincial/State programs,Raster DEM (1m),Open/Restricted,2000,Present,Project-based,Varies
CYP,Cyprus,Sentinel-2 L2A,ESA via Microsoft Planetary Computer Earth Search,"Raster multispectral (13 bands, 10/20/60m)",Open,2015-06,Present,~5 days,Available
CYP,Cyprus,ESA WorldCover 10m,ESA (AWS S3),Raster land cover (10m),Open,2020,2021,Annual,Available
CYP,Cyprus,Copernicus DEM,Copernicus,Raster DEM (30m/90m),Registration,2020,Present,Irregular,Available
CYP,Cyprus,Global Surface Water (GSW),JRC/Google,Raster water occurrence/seasonality,Open,1984,Present,Annual,Available
CYP,Cyprus,OpenStreetMap,OpenStreetMap,Vector roads/railways/waterways/landuse/buildings,Open,2004,Present,Continuous,Available
CYP,Cyprus,WDPA (Protected Planet),UNEP-WCMC & IUCN,Vector protected areas,Registration,2005,Present,Monthly,Available
CYP,Cyprus,WorldPop/GHS-POP,WorldPop / JRC (GHS-POP),Raster population density,Open,2000,Present,1–5 years,Available
CYP,Cyprus,FEMA NFHL,FEMA,Vector flood hazard zones,Open,2003,Present,Rolling,N/A
CYP,Cyprus,USGS NHD,USGS,Vector hydrography,Open,2000,Present,Rolling,N/A
CYP,Cyprus,NPMS,PHMSA,Vector pipelines,Restricted,2002,Present,Annual/Rolling,N/A
CYP,Cyprus,LiDAR DEM 1m,National/Provincial/State programs,Raster DEM (1m),Open/Restricted,2000,Present,Project-based,Varies
CZE,Czechia,Sentinel-2 L2A,ESA via Microsoft Planetary Computer Earth Search,"Raster multispectral (13 bands, 10/20/60m)",Open,2015-06,Present,~5 days,Available
CZE,Czechia,ESA WorldCover 10m,ESA (AWS S3),Raster land cover (10m),Open,2020,2021,Annual,Available
CZE,Czechia,Copernicus DEM,Copernicus,Raster DEM (30m/90m),Registration,2020,Present,Irregular,Available
CZE,Czechia,Global Surface Water (GSW),JRC/Google,Raster water occurrence/seasonality,Open,1984,Present,Annual,Available
CZE,Czechia,OpenStreetMap,OpenStreetMap,Vector roads/railways/waterways/landuse/buildings,Open,2004,Present,Continuous,Available
CZE,Czechia,WDPA (Protected Planet),UNEP-WCMC & IUCN,Vector protected areas,Registration,2005,Present,Monthly,Available
CZE,Czechia,WorldPop/GHS-POP,WorldPop / JRC (GHS-POP),Raster population density,Open,2000,Present,1–5 years,Available
CZE,Czechia,FEMA NFHL,FEMA,Vector flood hazard zones,Open,2003,Present,Rolling,N/A
CZE,Czechia,USGS NHD,USGS,Vector hydrography,Open,2000,Present,Rolling,N/A
CZE,Czechia,NPMS,PHMSA,Vector pipelines,Restricted,2002,Present,Annual/Rolling,N/A
CZE,Czechia,LiDAR DEM 1m,National/Provincial/State programs,Raster DEM (1m),Open/Restricted,2000,Present,Project-based,Varies
CIV,Côte d'Ivoire,Sentinel-2 L2A,ESA via Microsoft Planetary Computer Earth Search,"Raster multispectral (13 bands, 10/20/60m)",Open,2015-06,Present,~5 days,Available
CIV,Côte d'Ivoire,ESA WorldCover 10m,ESA (AWS S3),Raster land cover (10m),Open,2020,2021,Annual,Available
CIV,Côte d'Ivoire,Copernicus DEM,Copernicus,Raster DEM (30m/90m),Registration,2020,Present,Irregular,Available
CIV,Côte d'Ivoire,Global Surface Water (GSW),JRC/Google,Raster water occurrence/seasonality,Open,1984,Present,Annual,Available
CIV,Côte d'Ivoire,OpenStreetMap,OpenStreetMap,Vector roads/railways/waterways/landuse/buildings,Open,2004,Present,Continuous,Available
CIV,Côte d'Ivoire,WDPA (Protected Planet),UNEP-WCMC & IUCN,Vector protected areas,Registration,2005,Present,Monthly,Available
CIV,Côte d'Ivoire,WorldPop/GHS-POP,WorldPop / JRC (GHS-POP),Raster population density,Open,2000,Present,1–5 years,Available
CIV,Côte d'Ivoire,FEMA NFHL,FEMA,Vector flood hazard zones,Open,2003,Present,Rolling,N/A
CIV,Côte d'Ivoire,USGS NHD,USGS,Vector hydrography,Open,2000,Present,Rolling,N/A
CIV,Côte d'Ivoire,NPMS,PHMSA,Vector pipelines,Restricted,2002,Present,Annual/Rolling,N/A
CIV,Côte d'Ivoire,LiDAR DEM 1m,National/Provincial/State programs,Raster DEM (1m),Open/Restricted,2000,Present,Project-based,Varies
DNK,Denmark,Sentinel-2 L2A,ESA via Microsoft Planetary Computer Earth Search,"Raster multispectral (13 bands, 10/20/60m)",Open,2015-06,Present,~5 days,Available
DNK,Denmark,ESA WorldCover 10m,ESA (AWS S3),Raster land cover (10m),Open,2020,2021,Annual,Available
DNK,Denmark,Copernicus DEM,Copernicus,Raster DEM (30m/90m),Registration,2020,Present,Irregular,Available
DNK,Denmark,Global Surface Water (GSW),JRC/Google,Raster water occurrence/seasonality,Open,1984,Present,Annual,Available
DNK,Denmark,OpenStreetMap,OpenStreetMap,Vector roads/railways/waterways/landuse/buildings,Open,2004,Present,Continuous,Available
DNK,Denmark,WDPA (Protected Planet),UNEP-WCMC & IUCN,Vector protected areas,Registration,2005,Present,Monthly,Available
DNK,Denmark,WorldPop/GHS-POP,WorldPop / JRC (GHS-POP),Raster population density,Open,2000,Present,1–5 years,Available
DNK,Denmark,FEMA NFHL,FEMA,Vector flood hazard zones,Open,2003,Present,Rolling,N/A
DNK,Denmark,USGS NHD,USGS,Vector hydrography,Open,2000,Present,Rolling,N/A
DNK,Denmark,NPMS,PHMSA,Vector pipelines,Restricted,2002,Present,Annual/Rolling,N/A
DNK,Denmark,LiDAR DEM 1m,National/Provincial/State programs,Raster DEM (1m),Open/Restricted,2000,Present,Project-based,Varies
DJI,Djibouti,Sentinel-2 L2A,ESA via Microsoft Planetary Computer Earth Search,"Raster multispectral (13 bands, 10/20/60m)",Open,2015-06,Present,~5 days,Available
DJI,Djibouti,ESA WorldCover 10m,ESA (AWS S3),Raster land cover (10m),Open,2020,2021,Annual,Available
DJI,Djibouti,Copernicus DEM,Copernicus,Raster DEM (30m/90m),Registration,2020,Present,Irregular,Available
DJI,Djibouti,Global Surface Water (GSW),JRC/Google,Raster water occurrence/seasonality,Open,1984,Present,Annual,Available
DJI,Djibouti,OpenStreetMap,OpenStreetMap,Vector roads/railways/waterways/landuse/buildings,Open,2004,Present,Continuous,Available
DJI,Djibouti,WDPA (Protected Planet),UNEP-WCMC & IUCN,Vector protected areas,Registration,2005,Present,Monthly,Available
DJI,Djibouti,WorldPop/GHS-POP,WorldPop / JRC (GHS-POP),Raster population density,Open,2000,Present,1–5 years,Available
DJI,Djibouti,FEMA NFHL,FEMA,Vector flood hazard zones,Open,2003,Present,Rolling,N/A
DJI,Djibouti,USGS NHD,USGS,Vector hydrography,Open,2000,Present,Rolling,N/A
DJI,Djibouti,NPMS,PHMSA,Vector pipelines,Restricted,2002,Present,Annual/Rolling,N/A
DJI,Djibouti,LiDAR DEM 1m,National/Provincial/State programs,Raster DEM (1m),Open/Restricted,2000,Present,Project-based,Varies
DMA,Dominica,Sentinel-2 L2A,ESA via Microsoft Planetary Computer Earth Search,"Raster multispectral (13 bands, 10/20/60m)",Open,2015-06,Present,~5 days,Available
DMA,Dominica,ESA WorldCover 10m,ESA (AWS S3),Raster land cover (10m),Open,2020,2021,Annual,Available
DMA,Dominica,Copernicus DEM,Copernicus,Raster DEM (30m/90m),Registration,2020,Present,Irregular,Available
DMA,Dominica,Global Surface Water (GSW),JRC/Google,Raster water occurrence/seasonality,Open,1984,Present,Annual,Available
DMA,Dominica,OpenStreetMap,OpenStreetMap,Vector roads/railways/waterways/landuse/buildings,Open,2004,Present,Continuous,Available
DMA,Dominica,WDPA (Protected Planet),UNEP-WCMC & IUCN,Vector protected areas,Registration,2005,Present,Monthly,Available
DMA,Dominica,WorldPop/GHS-POP,WorldPop / JRC (GHS-POP),Raster population density,Open,2000,Present,1–5 years,Available
DMA,Dominica,FEMA NFHL,FEMA,Vector flood hazard zones,Open,2003,Present,Rolling,N/A
DMA,Dominica,USGS NHD,USGS,Vector hydrography,Open,2000,Present,Rolling,N/A
DMA,Dominica,NPMS,PHMSA,Vector pipelines,Restricted,2002,Present,Annual/Rolling,N/A
DMA,Dominica,LiDAR DEM 1m,National/Provincial/State programs,Raster DEM (1m),Open/Restricted,2000,Present,Project-based,Varies
DOM,Dominican Republic,Sentinel-2 L2A,ESA via Microsoft Planetary Computer Earth Search,"Raster multispectral (13 bands, 10/20/60m)",Open,2015-06,Present,~5 days,Available
DOM,Dominican Republic,ESA WorldCover 10m,ESA (AWS S3),Raster land cover (10m),Open,2020,2021,Annual,Available
DOM,Dominican Republic,Copernicus DEM,Copernicus,Raster DEM (30m/90m),Registration,2020,Present,Irregular,Available
DOM,Dominican Republic,Global Surface Water (GSW),JRC/Google,Raster water occurrence/seasonality,Open,1984,Present,Annual,Available
DOM,Dominican Republic,OpenStreetMap,OpenStreetMap,Vector roads/railways/waterways/landuse/buildings,Open,2004,Present,Continuous,Available
DOM,Dominican Republic,WDPA (Protected Planet),UNEP-WCMC & IUCN,Vector protected areas,Registration,2005,Present,Monthly,Available
DOM,Dominican Republic,WorldPop/GHS-POP,WorldPop / JRC (GHS-POP),Raster population density,Open,2000,Present,1–5 years,Available
DOM,Dominican Republic,FEMA NFHL,FEMA,Vector flood hazard zones,Open,2003,Present,Rolling,N/A
DOM,Dominican Republic,USGS NHD,USGS,Vector hydrography,Open,2000,Present,Rolling,N/A
DOM,Dominican Republic,NPMS,PHMSA,Vector pipelines,Restricted,2002,Present,Annual/Rolling,N/A
DOM,Dominican Republic,LiDAR DEM 1m,National/Provincial/State programs,Raster DEM (1m),Open/Restricted,2000,Present,Project-based,Varies
ECU,Ecuador,Sentinel-2 L2A,ESA via Microsoft Planetary Computer Earth Search,"Raster multispectral (13 bands, 10/20/60m)",Open,2015-06,Present,~5 days,Available
ECU,Ecuador,ESA WorldCover 10m,ESA (AWS S3),Raster land cover (10m),Open,2020,2021,Annual,Available
ECU,Ecuador,Copernicus DEM,Copernicus,Raster DEM (30m/90m),Registration,2020,Present,Irregular,Available
ECU,Ecuador,Global Surface Water (GSW),JRC/Google,Raster water occurrence/seasonality,Open,1984,Present,Annual,Available
ECU,Ecuador,OpenStreetMap,OpenStreetMap,Vector roads/railways/waterways/landuse/buildings,Open,2004,Present,Continuous,Available
ECU,Ecuador,WDPA (Protected Planet),UNEP-WCMC & IUCN,Vector protected areas,Registration,2005,Present,Monthly,Available
ECU,Ecuador,WorldPop/GHS-POP,WorldPop / JRC (GHS-POP),Raster population density,Open,2000,Present,1–5 years,Available
ECU,Ecuador,FEMA NFHL,FEMA,Vector flood hazard zones,Open,2003,Present,Rolling,N/A
ECU,Ecuador,USGS NHD,USGS,Vector hydrography,Open,2000,Present,Rolling,N/A
ECU,Ecuador,NPMS,PHMSA,Vector pipelines,Restricted,2002,Present,Annual/Rolling,N/A
ECU,Ecuador,LiDAR DEM 1m,National/Provincial/State programs,Raster DEM (1m),Open/Restricted,2000,Present,Project-based,Varies
EGY,Egypt,Sentinel-2 L2A,ESA via Microsoft Planetary Computer Earth Search,"Raster multispectral (13 bands, 10/20/60m)",Open,2015-06,Present,~5 days,Available
EGY,Egypt,ESA WorldCover 10m,ESA (AWS S3),Raster land cover (10m),Open,2020,2021,Annual,Available
EGY,Egypt,Copernicus DEM,Copernicus,Raster DEM (30m/90m),Registration,2020,Present,Irregular,Available
EGY,Egypt,Global Surface Water (GSW),JRC/Google,Raster water occurrence/seasonality,Open,1984,Present,Annual,Available
EGY,Egypt,OpenStreetMap,OpenStreetMap,Vector roads/railways/waterways/landuse/buildings,Open,2004,Present,Continuous,Available
EGY,Egypt,WDPA (Protected Planet),UNEP-WCMC & IUCN,Vector protected areas,Registration,2005,Present,Monthly,Available
EGY,Egypt,WorldPop/GHS-POP,WorldPop / JRC (GHS-POP),Raster population density,Open,2000,Present,1–5 years,Available
EGY,Egypt,FEMA NFHL,FEMA,Vector flood hazard zones,Open,2003,Present,Rolling,N/A
EGY,Egypt,USGS NHD,USGS,Vector hydrography,Open,2000,Present,Rolling,N/A
EGY,Egypt,NPMS,PHMSA,Vector pipelines,Restricted,2002,Present,Annual/Rolling,N/A
EGY,Egypt,LiDAR DEM 1m,National/Provincial/State programs,Raster DEM (1m),Open/Restricted,2000,Present,Project-based,Varies
SLV,El Salvador,Sentinel-2 L2A,ESA via Microsoft Planetary Computer Earth Search,"Raster multispectral (13 bands, 10/20/60m)",Open,2015-06,Present,~5 days,Available
SLV,El Salvador,ESA WorldCover 10m,ESA (AWS S3),Raster land cover (10m),Open,2020,2021,Annual,Available
SLV,El Salvador,Copernicus DEM,Copernicus,Raster DEM (30m/90m),Registration,2020,Present,Irregular,Available
SLV,El Salvador,Global Surface Water (GSW),JRC/Google,Raster water occurrence/seasonality,Open,1984,Present,Annual,Available
SLV,El Salvador,OpenStreetMap,OpenStreetMap,Vector roads/railways/waterways/landuse/buildings,Open,2004,Present,Continuous,Available
SLV,El Salvador,WDPA (Protected Planet),UNEP-WCMC & IUCN,Vector protected areas,Registration,2005,Present,Monthly,Available
SLV,El Salvador,WorldPop/GHS-POP,WorldPop / JRC (GHS-POP),Raster population density,Open,2000,Present,1–5 years,Available
SLV,El Salvador,FEMA NFHL,FEMA,Vector flood hazard zones,Open,2003,Present,Rolling,N/A
SLV,El Salvador,USGS NHD,USGS,Vector hydrography,Open,2000,Present,Rolling,N/A
SLV,El Salvador,NPMS,PHMSA,Vector pipelines,Restricted,2002,Present,Annual/Rolling,N/A
SLV,El Salvador,LiDAR DEM 1m,National/Provincial/State programs,Raster DEM (1m),Open/Restricted,2000,Present,Project-based,Varies
GNQ,Equatorial Guinea,Sentinel-2 L2A,ESA via Microsoft Planetary Computer Earth Search,"Raster multispectral (13 bands, 10/20/60m)",Open,2015-06,Present,~5 days,Available
GNQ,Equatorial Guinea,ESA WorldCover 10m,ESA (AWS S3),Raster land cover (10m),Open,2020,2021,Annual,Available
GNQ,Equatorial Guinea,Copernicus DEM,Copernicus,Raster DEM (30m/90m),Registration,2020,Present,Irregular,Available
GNQ,Equatorial Guinea,Global Surface Water (GSW),JRC/Google,Raster water occurrence/seasonality,Open,1984,Present,Annual,Available
GNQ,Equatorial Guinea,OpenStreetMap,OpenStreetMap,Vector roads/railways/waterways/landuse/buildings,Open,2004,Present,Continuous,Available
GNQ,Equatorial Guinea,WDPA (Protected Planet),UNEP-WCMC & IUCN,Vector protected areas,Registration,2005,Present,Monthly,Available
GNQ,Equatorial Guinea,WorldPop/GHS-POP,WorldPop / JRC (GHS-POP),Raster population density,Open,2000,Present,1–5 years,Available
GNQ,Equatorial Guinea,FEMA NFHL,FEMA,Vector flood hazard zones,Open,2003,Present,Rolling,N/A
GNQ,Equatorial Guinea,USGS NHD,USGS,Vector hydrography,Open,2000,Present,Rolling,N/A
GNQ,Equatorial Guinea,NPMS,PHMSA,Vector pipelines,Restricted,2002,Present,Annual/Rolling,N/A
GNQ,Equatorial Guinea,LiDAR DEM 1m,National/Provincial/State programs,Raster DEM (1m),Open/Restricted,2000,Present,Project-based,Varies
ERI,Eritrea,Sentinel-2 L2A,ESA via Microsoft Planetary Computer Earth Search,"Raster multispectral (13 bands, 10/20/60m)",Open,2015-06,Present,~5 days,Available
ERI,Eritrea,ESA WorldCover 10m,ESA (AWS S3),Raster land cover (10m),Open,2020,2021,Annual,Available
ERI,Eritrea,Copernicus DEM,Copernicus,Raster DEM (30m/90m),Registration,2020,Present,Irregular,Available
ERI,Eritrea,Global Surface Water (GSW),JRC/Google,Raster water occurrence/seasonality,Open,1984,Present,Annual,Available
ERI,Eritrea,OpenStreetMap,OpenStreetMap,Vector roads/railways/waterways/landuse/buildings,Open,2004,Present,Continuous,Available
ERI,Eritrea,WDPA (Protected Planet),UNEP-WCMC & IUCN,Vector protected areas,Registration,2005,Present,Monthly,Available
ERI,Eritrea,WorldPop/GHS-POP,WorldPop / JRC (GHS-POP),Raster population density,Open,2000,Present,1–5 years,Available
ERI,Eritrea,FEMA NFHL,FEMA,Vector flood hazard zones,Open,2003,Present,Rolling,N/A
ERI,Eritrea,USGS NHD,USGS,Vector hydrography,Open,2000,Present,Rolling,N/A
ERI,Eritrea,NPMS,PHMSA,Vector pipelines,Restricted,2002,Present,Annual/Rolling,N/A
ERI,Eritrea,LiDAR DEM 1m,National/Provincial/State programs,Raster DEM (1m),Open/Restricted,2000,Present,Project-based,Varies
EST,Estonia,Sentinel-2 L2A,ESA via Microsoft Planetary Computer Earth Search,"Raster multispectral (13 bands, 10/20/60m)",Open,2015-06,Present,~5 days,Available
EST,Estonia,ESA WorldCover 10m,ESA (AWS S3),Raster land cover (10m),Open,2020,2021,Annual,Available
EST,Estonia,Copernicus DEM,Copernicus,Raster DEM (30m/90m),Registration,2020,Present,Irregular,Available
EST,Estonia,Global Surface Water (GSW),JRC/Google,Raster water occurrence/seasonality,Open,1984,Present,Annual,Available
EST,Estonia,OpenStreetMap,OpenStreetMap,Vector roads/railways/waterways/landuse/buildings,Open,2004,Present,Continuous,Available
EST,Estonia,WDPA (Protected Planet),UNEP-WCMC & IUCN,Vector protected areas,Registration,2005,Present,Monthly,Available
EST,Estonia,WorldPop/GHS-POP,WorldPop / JRC (GHS-POP),Raster population density,Open,2000,Present,1–5 years,Available
EST,Estonia,FEMA NFHL,FEMA,Vector flood hazard zones,Open,2003,Present,Rolling,N/A
EST,Estonia,USGS NHD,USGS,Vector hydrography,Open,2000,Present,Rolling,N/A
EST,Estonia,NPMS,PHMSA,Vector pipelines,Restricted,2002,Present,Annual/Rolling,N/A
EST,Estonia,LiDAR DEM 1m,National/Provincial/State programs,Raster DEM (1m),Open/Restricted,2000,Present,Project-based,Varies
SWZ,Eswatini,Sentinel-2 L2A,ESA via Microsoft Planetary Computer Earth Search,"Raster multispectral (13 bands, 10/20/60m)",Open,2015-06,Present,~5 days,Available
SWZ,Eswatini,ESA WorldCover 10m,ESA (AWS S3),Raster land cover (10m),Open,2020,2021,Annual,Available
SWZ,Eswatini,Copernicus DEM,Copernicus,Raster DEM (30m/90m),Registration,2020,Present,Irregular,Available
SWZ,Eswatini,Global Surface Water (GSW),JRC/Google,Raster water occurrence/seasonality,Open,1984,Present,Annual,Available
SWZ,Eswatini,OpenStreetMap,OpenStreetMap,Vector roads/railways/waterways/landuse/buildings,Open,2004,Present,Continuous,Available
SWZ,Eswatini,WDPA (Protected Planet),UNEP-WCMC & IUCN,Vector protected areas,Registration,2005,Present,Monthly,Available
SWZ,Eswatini,WorldPop/GHS-POP,WorldPop / JRC (GHS-POP),Raster population density,Open,2000,Present,1–5 years,Available
SWZ,Eswatini,FEMA NFHL,FEMA,Vector flood hazard zones,Open,2003,Present,Rolling,N/A
SWZ,Eswatini,USGS NHD,USGS,Vector hydrography,Open,2000,Present,Rolling,N/A
SWZ,Eswatini,NPMS,PHMSA,Vector pipelines,Restricted,2002,Present,Annual/Rolling,N/A
SWZ,Eswatini,LiDAR DEM 1m,National/Provincial/State programs,Raster DEM (1m),Open/Restricted,2000,Present,Project-based,Varies
ETH,Ethiopia,Sentinel-2 L2A,ESA via Microsoft Planetary Computer Earth Search,"Raster multispectral (13 bands, 10/20/60m)",Open,2015-06,Present,~5 days,Available
ETH,Ethiopia,ESA WorldCover 10m,ESA (AWS S3),Raster land cover (10m),Open,2020,2021,Annual,Available
ETH,Ethiopia,Copernicus DEM,Copernicus,Raster DEM (30m/90m),Registration,2020,Present,Irregular,Available
ETH,Ethiopia,Global Surface Water (GSW),JRC/Google,Raster water occurrence/seasonality,Open,1984,Present,Annual,Available
ETH,Ethiopia,OpenStreetMap,OpenStreetMap,Vector roads/railways/waterways/landuse/buildings,Open,2004,Present,Continuous,Available
ETH,Ethiopia,WDPA (Protected Planet),UNEP-WCMC & IUCN,Vector protected areas,Registration,2005,Present,Monthly,Available
ETH,Ethiopia,WorldPop/GHS-POP,WorldPop / JRC (GHS-POP),Raster population density,Open,2000,Present,1–5 years,Available
ETH,Ethiopia,FEMA NFHL,FEMA,Vector flood hazard zones,Open,2003,Present,Rolling,N/A
ETH,Ethiopia,USGS NHD,USGS,Vector hydrography,Open,2000,Present,Rolling,N/A
ETH,Ethiopia,NPMS,PHMSA,Vector pipelines,Restricted,2002,Present,Annual/Rolling,N/A
ETH,Ethiopia,LiDAR DEM 1m,National/Provincial/State programs,Raster DEM (1m),Open/Restricted,2000,Present,Project-based,Varies
FLK,Falkland Islands (Malvinas),Sentinel-2 L2A,ESA via Microsoft Planetary Computer Earth Search,"Raster multispectral (13 bands, 10/20/60m)",Open,2015-06,Present,~5 days,Available
FLK,Falkland Islands (Malvinas),ESA WorldCover 10m,ESA (AWS S3),Raster land cover (10m),Open,2020,2021,Annual,Available
FLK,Falkland Islands (Malvinas),Copernicus DEM,Copernicus,Raster DEM (30m/90m),Registration,2020,Present,Irregular,Available
FLK,Falkland Islands (Malvinas),Global Surface Water (GSW),JRC/Google,Raster water occurrence/seasonality,Open,1984,Present,Annual,Available
FLK,Falkland Islands (Malvinas),OpenStreetMap,OpenStreetMap,Vector roads/railways/waterways/landuse/buildings,Open,2004,Present,Continuous,Available
FLK,Falkland Islands (Malvinas),WDPA (Protected Planet),UNEP-WCMC & IUCN,Vector protected areas,Registration,2005,Present,Monthly,Available
FLK,Falkland Islands (Malvinas),WorldPop/GHS-POP,WorldPop / JRC (GHS-POP),Raster population density,Open,2000,Present,1–5 years,Available
FLK,Falkland Islands (Malvinas),FEMA NFHL,FEMA,Vector flood hazard zones,Open,2003,Present,Rolling,N/A
FLK,Falkland Islands (Malvinas),USGS NHD,USGS,Vector hydrography,Open,2000,Present,Rolling,N/A
FLK,Falkland Islands (Malvinas),NPMS,PHMSA,Vector pipelines,Restricted,2002,Present,Annual/Rolling,N/A
FLK,Falkland Islands (Malvinas),LiDAR DEM 1m,National/Provincial/State programs,Raster DEM (1m),Open/Restricted,2000,Present,Project-based,Varies
FRO,Faroe Islands,Sentinel-2 L2A,ESA via Microsoft Planetary Computer Earth Search,"Raster multispectral (13 bands, 10/20/60m)",Open,2015-06,Present,~5 days,Available
FRO,Faroe Islands,ESA WorldCover 10m,ESA (AWS S3),Raster land cover (10m),Open,2020,2021,Annual,Available
FRO,Faroe Islands,Copernicus DEM,Copernicus,Raster DEM (30m/90m),Registration,2020,Present,Irregular,Available
FRO,Faroe Islands,Global Surface Water (GSW),JRC/Google,Raster water occurrence/seasonality,Open,1984,Present,Annual,Available
FRO,Faroe Islands,OpenStreetMap,OpenStreetMap,Vector roads/railways/waterways/landuse/buildings,Open,2004,Present,Continuous,Available
FRO,Faroe Islands,WDPA (Protected Planet),UNEP-WCMC & IUCN,Vector protected areas,Registration,2005,Present,Monthly,Available
FRO,Faroe Islands,WorldPop/GHS-POP,WorldPop / JRC (GHS-POP),Raster population density,Open,2000,Present,1–5 years,Available
FRO,Faroe Islands,FEMA NFHL,FEMA,Vector flood hazard zones,Open,2003,Present,Rolling,N/A
FRO,Faroe Islands,USGS NHD,USGS,Vector hydrography,Open,2000,Present,Rolling,N/A
FRO,Faroe Islands,NPMS,PHMSA,Vector pipelines,Restricted,2002,Present,Annual/Rolling,N/A
FRO,Faroe Islands,LiDAR DEM 1m,National/Provincial/State programs,Raster DEM (1m),Open/Restricted,2000,Present,Project-based,Varies
FJI,Fiji,Sentinel-2 L2A,ESA via Microsoft Planetary Computer Earth Search,"Raster multispectral (13 bands, 10/20/60m)",Open,2015-06,Present,~5 days,Available
FJI,Fiji,ESA WorldCover 10m,ESA (AWS S3),Raster land cover (10m),Open,2020,2021,Annual,Available
FJI,Fiji,Copernicus DEM,Copernicus,Raster DEM (30m/90m),Registration,2020,Present,Irregular,Available
FJI,Fiji,Global Surface Water (GSW),JRC/Google,Raster water occurrence/seasonality,Open,1984,Present,Annual,Available
FJI,Fiji,OpenStreetMap,OpenStreetMap,Vector roads/railways/waterways/landuse/buildings,Open,2004,Present,Continuous,Available
FJI,Fiji,WDPA (Protected Planet),UNEP-WCMC & IUCN,Vector protected areas,Registration,2005,Present,Monthly,Available
FJI,Fiji,WorldPop/GHS-POP,WorldPop / JRC (GHS-POP),Raster population density,Open,2000,Present,1–5 years,Available
FJI,Fiji,FEMA NFHL,FEMA,Vector flood hazard zones,Open,2003,Present,Rolling,N/A
FJI,Fiji,USGS NHD,USGS,Vector hydrography,Open,2000,Present,Rolling,N/A
FJI,Fiji,NPMS,PHMSA,Vector pipelines,Restricted,2002,Present,Annual/Rolling,N/A
FJI,Fiji,LiDAR DEM 1m,National/Provincial/State programs,Raster DEM (1m),Open/Restricted,2000,Present,Project-based,Varies
FIN,Finland,Sentinel-2 L2A,ESA via Microsoft Planetary Computer Earth Search,"Raster multispectral (13 bands, 10/20/60m)",Open,2015-06,Present,~5 days,Available
FIN,Finland,ESA WorldCover 10m,ESA (AWS S3),Raster land cover (10m),Open,2020,2021,Annual,Available
FIN,Finland,Copernicus DEM,Copernicus,Raster DEM (30m/90m),Registration,2020,Present,Irregular,Available
FIN,Finland,Global Surface Water (GSW),JRC/Google,Raster water occurrence/seasonality,Open,1984,Present,Annual,Available
FIN,Finland,OpenStreetMap,OpenStreetMap,Vector roads/railways/waterways/landuse/buildings,Open,2004,Present,Continuous,Available
FIN,Finland,WDPA (Protected Planet),UNEP-WCMC & IUCN,Vector protected areas,Registration,2005,Present,Monthly,Available
FIN,Finland,WorldPop/GHS-POP,WorldPop / JRC (GHS-POP),Raster population density,Open,2000,Present,1–5 years,Available
FIN,Finland,FEMA NFHL,FEMA,Vector flood hazard zones,Open,2003,Present,Rolling,N/A
FIN,Finland,USGS NHD,USGS,Vector hydrography,Open,2000,Present,Rolling,N/A
FIN,Finland,NPMS,PHMSA,Vector pipelines,Restricted,2002,Present,Annual/Rolling,N/A
FIN,Finland,LiDAR DEM 1m,National/Provincial/State programs,Raster DEM (1m),Open/Restricted,2000,Present,Project-based,Varies
FRA,France,Sentinel-2 L2A,ESA via Microsoft Planetary Computer Earth Search,"Raster multispectral (13 bands, 10/20/60m)",Open,2015-06,Present,~5 days,Available
FRA,France,ESA WorldCover 10m,ESA (AWS S3),Raster land cover (10m),Open,2020,2021,Annual,Available
FRA,France,Copernicus DEM,Copernicus,Raster DEM (30m/90m),Registration,2020,Present,Irregular,Available
FRA,France,Global Surface Water (GSW),JRC/Google,Raster water occurrence/seasonality,Open,1984,Present,Annual,Available
FRA,France,OpenStreetMap,OpenStreetMap,Vector roads/railways/waterways/landuse/buildings,Open,2004,Present,Continuous,Available
FRA,France,WDPA (Protected Planet),UNEP-WCMC & IUCN,Vector protected areas,Registration,2005,Present,Monthly,Available
FRA,France,WorldPop/GHS-POP,WorldPop / JRC (GHS-POP),Raster population density,Open,2000,Present,1–5 years,Available
FRA,France,FEMA NFHL,FEMA,Vector flood hazard zones,Open,2003,Present,Rolling,N/A
FRA,France,USGS NHD,USGS,Vector hydrography,Open,2000,Present,Rolling,N/A
FRA,France,NPMS,PHMSA,Vector pipelines,Restricted,2002,Present,Annual/Rolling,N/A
FRA,France,LiDAR DEM 1m,National/Provincial/State programs,Raster DEM (1m),Open/Restricted,2000,Present,Project-based,Varies
GUF,French Guiana,Sentinel-2 L2A,ESA via Microsoft Planetary Computer Earth Search,"Raster multispectral (13 bands, 10/20/60m)",Open,2015-06,Present,~5 days,Available
GUF,French Guiana,ESA WorldCover 10m,ESA (AWS S3),Raster land cover (10m),Open,2020,2021,Annual,Available
GUF,French Guiana,Copernicus DEM,Copernicus,Raster DEM (30m/90m),Registration,2020,Present,Irregular,Available
GUF,French Guiana,Global Surface Water (GSW),JRC/Google,Raster water occurrence/seasonality,Open,1984,Present,Annual,Available
GUF,French Guiana,OpenStreetMap,OpenStreetMap,Vector roads/railways/waterways/landuse/buildings,Open,2004,Present,Continuous,Available
GUF,French Guiana,WDPA (Protected Planet),UNEP-WCMC & IUCN,Vector protected areas,Registration,2005,Present,Monthly,Available
GUF,French Guiana,WorldPop/GHS-POP,WorldPop / JRC (GHS-POP),Raster population density,Open,2000,Present,1–5 years,Available
GUF,French Guiana,FEMA NFHL,FEMA,Vector flood hazard zones,Open,2003,Present,Rolling,N/A
GUF,French Guiana,USGS NHD,USGS,Vector hydrography,Open,2000,Present,Rolling,N/A
GUF,French Guiana,NPMS,PHMSA,Vector pipelines,Restricted,2002,Present,Annual/Rolling,N/A
GUF,French Guiana,LiDAR DEM 1m,National/Provincial/State programs,Raster DEM (1m),Open/Restricted,2000,Present,Project-based,Varies
PYF,French Polynesia,Sentinel-2 L2A,ESA via Microsoft Planetary Computer Earth Search,"Raster multispectral (13 bands, 10/20/60m)",Open,2015-06,Present,~5 days,Available
PYF,French Polynesia,ESA WorldCover 10m,ESA (AWS S3),Raster land cover (10m),Open,2020,2021,Annual,Available
PYF,French Polynesia,Copernicus DEM,Copernicus,Raster DEM (30m/90m),Registration,2020,Present,Irregular,Available
PYF,French Polynesia,Global Surface Water (GSW),JRC/Google,Raster water occurrence/seasonality,Open,1984,Present,Annual,Available
PYF,French Polynesia,OpenStreetMap,OpenStreetMap,Vector roads/railways/waterways/landuse/buildings,Open,2004,Present,Continuous,Available
PYF,French Polynesia,WDPA (Protected Planet),UNEP-WCMC & IUCN,Vector protected areas,Registration,2005,Present,Monthly,Available
PYF,French Polynesia,WorldPop/GHS-POP,WorldPop / JRC (GHS-POP),Raster population density,Open,2000,Present,1–5 years,Available
PYF,French Polynesia,FEMA NFHL,FEMA,Vector flood hazard zones,Open,2003,Present,Rolling,N/A
PYF,French Polynesia,USGS NHD,USGS,Vector hydrography,Open,2000,Present,Rolling,N/A
PYF,French Polynesia,NPMS,PHMSA,Vector pipelines,Restricted,2002,Present,Annual/Rolling,N/A
PYF,French Polynesia,LiDAR DEM 1m,National/Provincial/State programs,Raster DEM (1m),Open/Restricted,2000,Present,Project-based,Varies
ATF,French Southern Territories,Sentinel-2 L2A,ESA via Microsoft Planetary Computer Earth Search,"Raster multispectral (13 bands, 10/20/60m)",Open,2015-06,Present,~5 days,Available
ATF,French Southern Territories,ESA WorldCover 10m,ESA (AWS S3),Raster land cover (10m),Open,2020,2021,Annual,Available
ATF,French Southern Territories,Copernicus DEM,Copernicus,Raster DEM (30m/90m),Registration,2020,Present,Irregular,Available
ATF,French Southern Territories,Global Surface Water (GSW),JRC/Google,Raster water occurrence/seasonality,Open,1984,Present,Annual,Available
ATF,French Southern Territories,OpenStreetMap,OpenStreetMap,Vector roads/railways/waterways/landuse/buildings,Open,2004,Present,Continuous,Available
ATF,French Southern Territories,WDPA (Protected Planet),UNEP-WCMC & IUCN,Vector protected areas,Registration,2005,Present,Monthly,Available
ATF,French Southern Territories,WorldPop/GHS-POP,WorldPop / JRC (GHS-POP),Raster population density,Open,2000,Present,1–5 years,Available
ATF,French Southern Territories,FEMA NFHL,FEMA,Vector flood hazard zones,Open,2003,Present,Rolling,N/A
ATF,French Southern Territories,USGS NHD,USGS,Vector hydrography,Open,2000,Present,Rolling,N/A
ATF,French Southern Territories,NPMS,PHMSA,Vector pipelines,Restricted,2002,Present,Annual/Rolling,N/A
ATF,French Southern Territories,LiDAR DEM 1m,National/Provincial/State programs,Raster DEM (1m),Open/Restricted,2000,Present,Project-based,Varies
GAB,Gabon,Sentinel-2 L2A,ESA via Microsoft Planetary Computer Earth Search,"Raster multispectral (13 bands, 10/20/60m)",Open,2015-06,Present,~5 days,Available
GAB,Gabon,ESA WorldCover 10m,ESA (AWS S3),Raster land cover (10m),Open,2020,2021,Annual,Available
GAB,Gabon,Copernicus DEM,Copernicus,Raster DEM (30m/90m),Registration,2020,Present,Irregular,Available
GAB,Gabon,Global Surface Water (GSW),JRC/Google,Raster water occurrence/seasonality,Open,1984,Present,Annual,Available
GAB,Gabon,OpenStreetMap,OpenStreetMap,Vector roads/railways/waterways/landuse/buildings,Open,2004,Present,Continuous,Available
GAB,Gabon,WDPA (Protected Planet),UNEP-WCMC & IUCN,Vector protected areas,Registration,2005,Present,Monthly,Available
GAB,Gabon,WorldPop/GHS-POP,WorldPop / JRC (GHS-POP),Raster population density,Open,2000,Present,1–5 years,Available
GAB,Gabon,FEMA NFHL,FEMA,Vector flood hazard zones,Open,2003,Present,Rolling,N/A
GAB,Gabon,USGS NHD,USGS,Vector hydrography,Open,2000,Present,Rolling,N/A
GAB,Gabon,NPMS,PHMSA,Vector pipelines,Restricted,2002,Present,Annual/Rolling,N/A
GAB,Gabon,LiDAR DEM 1m,National/Provincial/State programs,Raster DEM (1m),Open/Restricted,2000,Present,Project-based,Varies
GMB,Gambia,Sentinel-2 L2A,ESA via Microsoft Planetary Computer Earth Search,"Raster multispectral (13 bands, 10/20/60m)",Open,2015-06,Present,~5 days,Available
GMB,Gambia,ESA WorldCover 10m,ESA (AWS S3),Raster land cover (10m),Open,2020,2021,Annual,Available
GMB,Gambia,Copernicus DEM,Copernicus,Raster DEM (30m/90m),Registration,2020,Present,Irregular,Available
GMB,Gambia,Global Surface Water (GSW),JRC/Google,Raster water occurrence/seasonality,Open,1984,Present,Annual,Available
GMB,Gambia,OpenStreetMap,OpenStreetMap,Vector roads/railways/waterways/landuse/buildings,Open,2004,Present,Continuous,Available
GMB,Gambia,WDPA (Protected Planet),UNEP-WCMC & IUCN,Vector protected areas,Registration,2005,Present,Monthly,Available
GMB,Gambia,WorldPop/GHS-POP,WorldPop / JRC (GHS-POP),Raster population density,Open,2000,Present,1–5 years,Available
GMB,Gambia,FEMA NFHL,FEMA,Vector flood hazard zones,Open,2003,Present,Rolling,N/A
GMB,Gambia,USGS NHD,USGS,Vector hydrography,Open,2000,Present,Rolling,N/A
GMB,Gambia,NPMS,PHMSA,Vector pipelines,Restricted,2002,Present,Annual/Rolling,N/A
GMB,Gambia,LiDAR DEM 1m,National/Provincial/State programs,Raster DEM (1m),Open/Restricted,2000,Present,Project-based,Varies
GEO,Georgia,Sentinel-2 L2A,ESA via Microsoft Planetary Computer Earth Search,"Raster multispectral (13 bands, 10/20/60m)",Open,2015-06,Present,~5 days,Available
GEO,Georgia,ESA WorldCover 10m,ESA (AWS S3),Raster land cover (10m),Open,2020,2021,Annual,Available
GEO,Georgia,Copernicus DEM,Copernicus,Raster DEM (30m/90m),Registration,2020,Present,Irregular,Available
GEO,Georgia,Global Surface Water (GSW),JRC/Google,Raster water occurrence/seasonality,Open,1984,Present,Annual,Available
GEO,Georgia,OpenStreetMap,OpenStreetMap,Vector roads/railways/waterways/landuse/buildings,Open,2004,Present,Continuous,Available
GEO,Georgia,WDPA (Protected Planet),UNEP-WCMC & IUCN,Vector protected areas,Registration,2005,Present,Monthly,Available
GEO,Georgia,WorldPop/GHS-POP,WorldPop / JRC (GHS-POP),Raster population density,Open,2000,Present,1–5 years,Available
GEO,Georgia,FEMA NFHL,FEMA,Vector flood hazard zones,Open,2003,Present,Rolling,N/A
GEO,Georgia,USGS NHD,USGS,Vector hydrography,Open,2000,Present,Rolling,N/A
GEO,Georgia,NPMS,PHMSA,Vector pipelines,Restricted,2002,Present,Annual/Rolling,N/A
GEO,Georgia,LiDAR DEM 1m,National/Provincial/State programs,Raster DEM (1m),Open/Restricted,2000,Present,Project-based,Varies
DEU,Germany,Sentinel-2 L2A,ESA via Microsoft Planetary Computer Earth Search,"Raster multispectral (13 bands, 10/20/60m)",Open,2015-06,Present,~5 days,Available
DEU,Germany,ESA WorldCover 10m,ESA (AWS S3),Raster land cover (10m),Open,2020,2021,Annual,Available
DEU,Germany,Copernicus DEM,Copernicus,Raster DEM (30m/90m),Registration,2020,Present,Irregular,Available
DEU,Germany,Global Surface Water (GSW),JRC/Google,Raster water occurrence/seasonality,Open,1984,Present,Annual,Available
DEU,Germany,OpenStreetMap,OpenStreetMap,Vector roads/railways/waterways/landuse/buildings,Open,2004,Present,Continuous,Available
DEU,Germany,WDPA (Protected Planet),UNEP-WCMC & IUCN,Vector protected areas,Registration,2005,Present,Monthly,Available
DEU,Germany,WorldPop/GHS-POP,WorldPop / JRC (GHS-POP),Raster population density,Open,2000,Present,1–5 years,Available
DEU,Germany,FEMA NFHL,FEMA,Vector flood hazard zones,Open,2003,Present,Rolling,N/A
DEU,Germany,USGS NHD,USGS,Vector hydrography,Open,2000,Present,Rolling,N/A
DEU,Germany,NPMS,PHMSA,Vector pipelines,Restricted,2002,Present,Annual/Rolling,N/A
DEU,Germany,LiDAR DEM 1m,National/Provincial/State programs,Raster DEM (1m),Open/Restricted,2000,Present,Project-based,Varies
GHA,Ghana,Sentinel-2 L2A,ESA via Microsoft Planetary Computer Earth Search,"Raster multispectral (13 bands, 10/20/60m)",Open,2015-06,Present,~5 days,Available
GHA,Ghana,ESA WorldCover 10m,ESA (AWS S3),Raster land cover (10m),Open,2020,2021,Annual,Available
GHA,Ghana,Copernicus DEM,Copernicus,Raster DEM (30m/90m),Registration,2020,Present,Irregular,Available
GHA,Ghana,Global Surface Water (GSW),JRC/Google,Raster water occurrence/seasonality,Open,1984,Present,Annual,Available
GHA,Ghana,OpenStreetMap,OpenStreetMap,Vector roads/railways/waterways/landuse/buildings,Open,2004,Present,Continuous,Available
GHA,Ghana,WDPA (Protected Planet),UNEP-WCMC & IUCN,Vector protected areas,Registration,2005,Present,Monthly,Available
GHA,Ghana,WorldPop/GHS-POP,WorldPop / JRC (GHS-POP),Raster population density,Open,2000,Present,1–5 years,Available
GHA,Ghana,FEMA NFHL,FEMA,Vector flood hazard zones,Open,2003,Present,Rolling,N/A
GHA,Ghana,USGS NHD,USGS,Vector hydrography,Open,2000,Present,Rolling,N/A
GHA,Ghana,NPMS,PHMSA,Vector pipelines,Restricted,2002,Present,Annual/Rolling,N/A
GHA,Ghana,LiDAR DEM 1m,National/Provincial/State programs,Raster DEM (1m),Open/Restricted,2000,Present,Project-based,Varies
GIB,Gibraltar,Sentinel-2 L2A,ESA via Microsoft Planetary Computer Earth Search,"Raster multispectral (13 bands, 10/20/60m)",Open,2015-06,Present,~5 days,Available
GIB,Gibraltar,ESA WorldCover 10m,ESA (AWS S3),Raster land cover (10m),Open,2020,2021,Annual,Available
GIB,Gibraltar,Copernicus DEM,Copernicus,Raster DEM (30m/90m),Registration,2020,Present,Irregular,Available
GIB,Gibraltar,Global Surface Water (GSW),JRC/Google,Raster water occurrence/seasonality,Open,1984,Present,Annual,Available
GIB,Gibraltar,OpenStreetMap,OpenStreetMap,Vector roads/railways/waterways/landuse/buildings,Open,2004,Present,Continuous,Available
GIB,Gibraltar,WDPA (Protected Planet),UNEP-WCMC & IUCN,Vector protected areas,Registration,2005,Present,Monthly,Available
GIB,Gibraltar,WorldPop/GHS-POP,WorldPop / JRC (GHS-POP),Raster population density,Open,2000,Present,1–5 years,Available
GIB,Gibraltar,FEMA NFHL,FEMA,Vector flood hazard zones,Open,2003,Present,Rolling,N/A
GIB,Gibraltar,USGS NHD,USGS,Vector hydrography,Open,2000,Present,Rolling,N/A
GIB,Gibraltar,NPMS,PHMSA,Vector pipelines,Restricted,2002,Present,Annual/Rolling,N/A
GIB,Gibraltar,LiDAR DEM 1m,National/Provincial/State programs,Raster DEM (1m),Open/Restricted,2000,Present,Project-based,Varies
GRC,Greece,Sentinel-2 L2A,ESA via Microsoft Planetary Computer Earth Search,"Raster multispectral (13 bands, 10/20/60m)",Open,2015-06,Present,~5 days,Available
GRC,Greece,ESA WorldCover 10m,ESA (AWS S3),Raster land cover (10m),Open,2020,2021,Annual,Available
GRC,Greece,Copernicus DEM,Copernicus,Raster DEM (30m/90m),Registration,2020,Present,Irregular,Available
GRC,Greece,Global Surface Water (GSW),JRC/Google,Raster water occurrence/seasonality,Open,1984,Present,Annual,Available
GRC,Greece,OpenStreetMap,OpenStreetMap,Vector roads/railways/waterways/landuse/buildings,Open,2004,Present,Continuous,Available
GRC,Greece,WDPA (Protected Planet),UNEP-WCMC & IUCN,Vector protected areas,Registration,2005,Present,Monthly,Available
GRC,Greece,WorldPop/GHS-POP,WorldPop / JRC (GHS-POP),Raster population density,Open,2000,Present,1–5 years,Available
GRC,Greece,FEMA NFHL,FEMA,Vector flood hazard zones,Open,2003,Present,Rolling,N/A
GRC,Greece,USGS NHD,USGS,Vector hydrography,Open,2000,Present,Rolling,N/A
GRC,Greece,NPMS,PHMSA,Vector pipelines,Restricted,2002,Present,Annual/Rolling,N/A
GRC,Greece,LiDAR DEM 1m,National/Provincial/State programs,Raster DEM (1m),Open/Restricted,2000,Present,Project-based,Varies
GRL,Greenland,Sentinel-2 L2A,ESA via Microsoft Planetary Computer Earth Search,"Raster multispectral (13 bands, 10/20/60m)",Open,2015-06,Present,~5 days,Available
GRL,Greenland,ESA WorldCover 10m,ESA (AWS S3),Raster land cover (10m),Open,2020,2021,Annual,Available
GRL,Greenland,Copernicus DEM,Copernicus,Raster DEM (30m/90m),Registration,2020,Present,Irregular,Available
GRL,Greenland,Global Surface Water (GSW),JRC/Google,Raster water occurrence/seasonality,Open,1984,Present,Annual,Available
GRL,Greenland,OpenStreetMap,OpenStreetMap,Vector roads/railways/waterways/landuse/buildings,Open,2004,Present,Continuous,Available
GRL,Greenland,WDPA (Protected Planet),UNEP-WCMC & IUCN,Vector protected areas,Registration,2005,Present,Monthly,Available
GRL,Greenland,WorldPop/GHS-POP,WorldPop / JRC (GHS-POP),Raster population density,Open,2000,Present,1–5 years,Available
GRL,Greenland,FEMA NFHL,FEMA,Vector flood hazard zones,Open,2003,Present,Rolling,N/A
GRL,Greenland,USGS NHD,USGS,Vector hydrography,Open,2000,Present,Rolling,N/A
GRL,Greenland,NPMS,PHMSA,Vector pipelines,Restricted,2002,Present,Annual/Rolling,N/A
GRL,Greenland,LiDAR DEM 1m,National/Provincial/State programs,Raster DEM (1m),Open/Restricted,2000,Present,Project-based,Varies
GRD,Grenada,Sentinel-2 L2A,ESA via Microsoft Planetary Computer Earth Search,"Raster multispectral (13 bands, 10/20/60m)",Open,2015-06,Present,~5 days,Available
GRD,Grenada,ESA WorldCover 10m,ESA (AWS S3),Raster land cover (10m),Open,2020,2021,Annual,Available
GRD,Grenada,Copernicus DEM,Copernicus,Raster DEM (30m/90m),Registration,2020,Present,Irregular,Available
GRD,Grenada,Global Surface Water (GSW),JRC/Google,Raster water occurrence/seasonality,Open,1984,Present,Annual,Available
GRD,Grenada,OpenStreetMap,OpenStreetMap,Vector roads/railways/waterways/landuse/buildings,Open,2004,Present,Continuous,Available
GRD,Grenada,WDPA (Protected Planet),UNEP-WCMC & IUCN,Vector protected areas,Registration,2005,Present,Monthly,Available
GRD,Grenada,WorldPop/GHS-POP,WorldPop / JRC (GHS-POP),Raster population density,Open,2000,Present,1–5 years,Available
GRD,Grenada,FEMA NFHL,FEMA,Vector flood hazard zones,Open,2003,Present,Rolling,N/A
GRD,Grenada,USGS NHD,USGS,Vector hydrography,Open,2000,Present,Rolling,N/A
GRD,Grenada,NPMS,PHMSA,Vector pipelines,Restricted,2002,Present,Annual/Rolling,N/A
GRD,Grenada,LiDAR DEM 1m,National/Provincial/State programs,Raster DEM (1m),Open/Restricted,2000,Present,Project-based,Varies
GLP,Guadeloupe,Sentinel-2 L2A,ESA via Microsoft Planetary Computer Earth Search,"Raster multispectral (13 bands, 10/20/60m)",Open,2015-06,Present,~5 days,Available
GLP,Guadeloupe,ESA WorldCover 10m,ESA (AWS S3),Raster land cover (10m),Open,2020,2021,Annual,Available
GLP,Guadeloupe,Copernicus DEM,Copernicus,Raster DEM (30m/90m),Registration,2020,Present,Irregular,Available
GLP,Guadeloupe,Global Surface Water (GSW),JRC/Google,Raster water occurrence/seasonality,Open,1984,Present,Annual,Available
GLP,Guadeloupe,OpenStreetMap,OpenStreetMap,Vector roads/railways/waterways/landuse/buildings,Open,2004,Present,Continuous,Available
GLP,Guadeloupe,WDPA (Protected Planet),UNEP-WCMC & IUCN,Vector protected areas,Registration,2005,Present,Monthly,Available
GLP,Guadeloupe,WorldPop/GHS-POP,WorldPop / JRC (GHS-POP),Raster population density,Open,2000,Present,1–5 years,Available
GLP,Guadeloupe,FEMA NFHL,FEMA,Vector flood hazard zones,Open,2003,Present,Rolling,N/A
GLP,Guadeloupe,USGS NHD,USGS,Vector hydrography,Open,2000,Present,Rolling,N/A
GLP,Guadeloupe,NPMS,PHMSA,Vector pipelines,Restricted,2002,Present,Annual/Rolling,N/A
GLP,Guadeloupe,LiDAR DEM 1m,National/Provincial/State programs,Raster DEM (1m),Open/Restricted,2000,Present,Project-based,Varies
GUM,Guam,Sentinel-2 L2A,ESA via Microsoft Planetary Computer Earth Search,"Raster multispectral (13 bands, 10/20/60m)",Open,2015-06,Present,~5 days,Available
GUM,Guam,ESA WorldCover 10m,ESA (AWS S3),Raster land cover (10m),Open,2020,2021,Annual,Available
GUM,Guam,Copernicus DEM,Copernicus,Raster DEM (30m/90m),Registration,2020,Present,Irregular,Available
GUM,Guam,Global Surface Water (GSW),JRC/Google,Raster water occurrence/seasonality,Open,1984,Present,Annual,Available
GUM,Guam,OpenStreetMap,OpenStreetMap,Vector roads/railways/waterways/landuse/buildings,Open,2004,Present,Continuous,Available
GUM,Guam,WDPA (Protected Planet),UNEP-WCMC & IUCN,Vector protected areas,Registration,2005,Present,Monthly,Available
GUM,Guam,WorldPop/GHS-POP,WorldPop / JRC (GHS-POP),Raster population density,Open,2000,Present,1–5 years,Available
GUM,Guam,FEMA NFHL,FEMA,Vector flood hazard zones,Open,2003,Present,Rolling,N/A
GUM,Guam,USGS NHD,USGS,Vector hydrography,Open,2000,Present,Rolling,N/A
GUM,Guam,NPMS,PHMSA,Vector pipelines,Restricted,2002,Present,Annual/Rolling,N/A
GUM,Guam,LiDAR DEM 1m,National/Provincial/State programs,Raster DEM (1m),Open/Restricted,2000,Present,Project-based,Varies
GTM,Guatemala,Sentinel-2 L2A,ESA via Microsoft Planetary Computer Earth Search,"Raster multispectral (13 bands, 10/20/60m)",Open,2015-06,Present,~5 days,Available
GTM,Guatemala,ESA WorldCover 10m,ESA (AWS S3),Raster land cover (10m),Open,2020,2021,Annual,Available
GTM,Guatemala,Copernicus DEM,Copernicus,Raster DEM (30m/90m),Registration,2020,Present,Irregular,Available
GTM,Guatemala,Global Surface Water (GSW),JRC/Google,Raster water occurrence/seasonality,Open,1984,Present,Annual,Available
GTM,Guatemala,OpenStreetMap,OpenStreetMap,Vector roads/railways/waterways/landuse/buildings,Open,2004,Present,Continuous,Available
GTM,Guatemala,WDPA (Protected Planet),UNEP-WCMC & IUCN,Vector protected areas,Registration,2005,Present,Monthly,Available
GTM,Guatemala,WorldPop/GHS-POP,WorldPop / JRC (GHS-POP),Raster population density,Open,2000,Present,1–5 years,Available
GTM,Guatemala,FEMA NFHL,FEMA,Vector flood hazard zones,Open,2003,Present,Rolling,N/A
GTM,Guatemala,USGS NHD,USGS,Vector hydrography,Open,2000,Present,Rolling,N/A
GTM,Guatemala,NPMS,PHMSA,Vector pipelines,Restricted,2002,Present,Annual/Rolling,N/A
GTM,Guatemala,LiDAR DEM 1m,National/Provincial/State programs,Raster DEM (1m),Open/Restricted,2000,Present,Project-based,Varies
GGY,Guernsey,Sentinel-2 L2A,ESA via Microsoft Planetary Computer Earth Search,"Raster multispectral (13 bands, 10/20/60m)",Open,2015-06,Present,~5 days,Available
GGY,Guernsey,ESA WorldCover 10m,ESA (AWS S3),Raster land cover (10m),Open,2020,2021,Annual,Available
GGY,Guernsey,Copernicus DEM,Copernicus,Raster DEM (30m/90m),Registration,2020,Present,Irregular,Available
GGY,Guernsey,Global Surface Water (GSW),JRC/Google,Raster water occurrence/seasonality,Open,1984,Present,Annual,Available
GGY,Guernsey,OpenStreetMap,OpenStreetMap,Vector roads/railways/waterways/landuse/buildings,Open,2004,Present,Continuous,Available
GGY,Guernsey,WDPA (Protected Planet),UNEP-WCMC & IUCN,Vector protected areas,Registration,2005,Present,Monthly,Available
GGY,Guernsey,WorldPop/GHS-POP,WorldPop / JRC (GHS-POP),Raster population density,Open,2000,Present,1–5 years,Available
GGY,Guernsey,FEMA NFHL,FEMA,Vector flood hazard zones,Open,2003,Present,Rolling,N/A
GGY,Guernsey,USGS NHD,USGS,Vector hydrography,Open,2000,Present,Rolling,N/A
GGY,Guernsey,NPMS,PHMSA,Vector pipelines,Restricted,2002,Present,Annual/Rolling,N/A
GGY,Guernsey,LiDAR DEM 1m,National/Provincial/State programs,Raster DEM (1m),Open/Restricted,2000,Present,Project-based,Varies
GIN,Guinea,Sentinel-2 L2A,ESA via Microsoft Planetary Computer Earth Search,"Raster multispectral (13 bands, 10/20/60m)",Open,2015-06,Present,~5 days,Available
GIN,Guinea,ESA WorldCover 10m,ESA (AWS S3),Raster land cover (10m),Open,2020,2021,Annual,Available
GIN,Guinea,Copernicus DEM,Copernicus,Raster DEM (30m/90m),Registration,2020,Present,Irregular,Available
GIN,Guinea,Global Surface Water (GSW),JRC/Google,Raster water occurrence/seasonality,Open,1984,Present,Annual,Available
GIN,Guinea,OpenStreetMap,OpenStreetMap,Vector roads/railways/waterways/landuse/buildings,Open,2004,Present,Continuous,Available
GIN,Guinea,WDPA (Protected Planet),UNEP-WCMC & IUCN,Vector protected areas,Registration,2005,Present,Monthly,Available
GIN,Guinea,WorldPop/GHS-POP,WorldPop / JRC (GHS-POP),Raster population density,Open,2000,Present,1–5 years,Available
GIN,Guinea,FEMA NFHL,FEMA,Vector flood hazard zones,Open,2003,Present,Rolling,N/A
GIN,Guinea,USGS NHD,USGS,Vector hydrography,Open,2000,Present,Rolling,N/A
GIN,Guinea,NPMS,PHMSA,Vector pipelines,Restricted,2002,Present,Annual/Rolling,N/A
GIN,Guinea,LiDAR DEM 1m,National/Provincial/State programs,Raster DEM (1m),Open/Restricted,2000,Present,Project-based,Varies
GNB,Guinea-Bissau,Sentinel-2 L2A,ESA via Microsoft Planetary Computer Earth Search,"Raster multispectral (13 bands, 10/20/60m)",Open,2015-06,Present,~5 days,Available
GNB,Guinea-Bissau,ESA WorldCover 10m,ESA (AWS S3),Raster land cover (10m),Open,2020,2021,Annual,Available
GNB,Guinea-Bissau,Copernicus DEM,Copernicus,Raster DEM (30m/90m),Registration,2020,Present,Irregular,Available
GNB,Guinea-Bissau,Global Surface Water (GSW),JRC/Google,Raster water occurrence/seasonality,Open,1984,Present,Annual,Available
GNB,Guinea-Bissau,OpenStreetMap,OpenStreetMap,Vector roads/railways/waterways/landuse/buildings,Open,2004,Present,Continuous,Available
GNB,Guinea-Bissau,WDPA (Protected Planet),UNEP-WCMC & IUCN,Vector protected areas,Registration,2005,Present,Monthly,Available
GNB,Guinea-Bissau,WorldPop/GHS-POP,WorldPop / JRC (GHS-POP),Raster population density,Open,2000,Present,1–5 years,Available
GNB,Guinea-Bissau,FEMA NFHL,FEMA,Vector flood hazard zones,Open,2003,Present,Rolling,N/A
GNB,Guinea-Bissau,USGS NHD,USGS,Vector hydrography,Open,2000,Present,Rolling,N/A
GNB,Guinea-Bissau,NPMS,PHMSA,Vector pipelines,Restricted,2002,Present,Annual/Rolling,N/A
GNB,Guinea-Bissau,LiDAR DEM 1m,National/Provincial/State programs,Raster DEM (1m),Open/Restricted,2000,Present,Project-based,Varies
GUY,Guyana,Sentinel-2 L2A,ESA via Microsoft Planetary Computer Earth Search,"Raster multispectral (13 bands, 10/20/60m)",Open,2015-06,Present,~5 days,Available
GUY,Guyana,ESA WorldCover 10m,ESA (AWS S3),Raster land cover (10m),Open,2020,2021,Annual,Available
GUY,Guyana,Copernicus DEM,Copernicus,Raster DEM (30m/90m),Registration,2020,Present,Irregular,Available
GUY,Guyana,Global Surface Water (GSW),JRC/Google,Raster water occurrence/seasonality,Open,1984,Present,Annual,Available
GUY,Guyana,OpenStreetMap,OpenStreetMap,Vector roads/railways/waterways/landuse/buildings,Open,2004,Present,Continuous,Available
GUY,Guyana,WDPA (Protected Planet),UNEP-WCMC & IUCN,Vector protected areas,Registration,2005,Present,Monthly,Available
GUY,Guyana,WorldPop/GHS-POP,WorldPop / JRC (GHS-POP),Raster population density,Open,2000,Present,1–5 years,Available
GUY,Guyana,FEMA NFHL,FEMA,Vector flood hazard zones,Open,2003,Present,Rolling,N/A
GUY,Guyana,USGS NHD,USGS,Vector hydrography,Open,2000,Present,Rolling,N/A
GUY,Guyana,NPMS,PHMSA,Vector pipelines,Restricted,2002,Present,Annual/Rolling,N/A
GUY,Guyana,LiDAR DEM 1m,National/Provincial/State programs,Raster DEM (1m),Open/Restricted,2000,Present,Project-based,Varies
HTI,Haiti,Sentinel-2 L2A,ESA via Microsoft Planetary Computer Earth Search,"Raster multispectral (13 bands, 10/20/60m)",Open,2015-06,Present,~5 days,Available
HTI,Haiti,ESA WorldCover 10m,ESA (AWS S3),Raster land cover (10m),Open,2020,2021,Annual,Available
HTI,Haiti,Copernicus DEM,Copernicus,Raster DEM (30m/90m),Registration,2020,Present,Irregular,Available
HTI,Haiti,Global Surface Water (GSW),JRC/Google,Raster water occurrence/seasonality,Open,1984,Present,Annual,Available
HTI,Haiti,OpenStreetMap,OpenStreetMap,Vector roads/railways/waterways/landuse/buildings,Open,2004,Present,Continuous,Available
HTI,Haiti,WDPA (Protected Planet),UNEP-WCMC & IUCN,Vector protected areas,Registration,2005,Present,Monthly,Available
HTI,Haiti,WorldPop/GHS-POP,WorldPop / JRC (GHS-POP),Raster population density,Open,2000,Present,1–5 years,Available
HTI,Haiti,FEMA NFHL,FEMA,Vector flood hazard zones,Open,2003,Present,Rolling,N/A
HTI,Haiti,USGS NHD,USGS,Vector hydrography,Open,2000,Present,Rolling,N/A
HTI,Haiti,NPMS,PHMSA,Vector pipelines,Restricted,2002,Present,Annual/Rolling,N/A
HTI,Haiti,LiDAR DEM 1m,National/Provincial/State programs,Raster DEM (1m),Open/Restricted,2000,Present,Project-based,Varies
HMD,Heard Island and McDonald Islands,Sentinel-2 L2A,ESA via Microsoft Planetary Computer Earth Search,"Raster multispectral (13 bands, 10/20/60m)",Open,2015-06,Present,~5 days,Available
HMD,Heard Island and McDonald Islands,ESA WorldCover 10m,ESA (AWS S3),Raster land cover (10m),Open,2020,2021,Annual,Available
HMD,Heard Island and McDonald Islands,Copernicus DEM,Copernicus,Raster DEM (30m/90m),Registration,2020,Present,Irregular,Available
HMD,Heard Island and McDonald Islands,Global Surface Water (GSW),JRC/Google,Raster water occurrence/seasonality,Open,1984,Present,Annual,Available
HMD,Heard Island and McDonald Islands,OpenStreetMap,OpenStreetMap,Vector roads/railways/waterways/landuse/buildings,Open,2004,Present,Continuous,Available
HMD,Heard Island and McDonald Islands,WDPA (Protected Planet),UNEP-WCMC & IUCN,Vector protected areas,Registration,2005,Present,Monthly,Available
HMD,Heard Island and McDonald Islands,WorldPop/GHS-POP,WorldPop / JRC (GHS-POP),Raster population density,Open,2000,Present,1–5 years,Available
HMD,Heard Island and McDonald Islands,FEMA NFHL,FEMA,Vector flood hazard zones,Open,2003,Present,Rolling,N/A
HMD,Heard Island and McDonald Islands,USGS NHD,USGS,Vector hydrography,Open,2000,Present,Rolling,N/A
HMD,Heard Island and McDonald Islands,NPMS,PHMSA,Vector pipelines,Restricted,2002,Present,Annual/Rolling,N/A
HMD,Heard Island and McDonald Islands,LiDAR DEM 1m,National/Provincial/State programs,Raster DEM (1m),Open/Restricted,2000,Present,Project-based,Varies
VAT,Holy See,Sentinel-2 L2A,ESA via Microsoft Planetary Computer Earth Search,"Raster multispectral (13 bands, 10/20/60m)",Open,2015-06,Present,~5 days,Available
VAT,Holy See,ESA WorldCover 10m,ESA (AWS S3),Raster land cover (10m),Open,2020,2021,Annual,Available
VAT,Holy See,Copernicus DEM,Copernicus,Raster DEM (30m/90m),Registration,2020,Present,Irregular,Available
VAT,Holy See,Global Surface Water (GSW),JRC/Google,Raster water occurrence/seasonality,Open,1984,Present,Annual,Available
VAT,Holy See,OpenStreetMap,OpenStreetMap,Vector roads/railways/waterways/landuse/buildings,Open,2004,Present,Continuous,Available
VAT,Holy See,WDPA (Protected Planet),UNEP-WCMC & IUCN,Vector protected areas,Registration,2005,Present,Monthly,Available
VAT,Holy See,WorldPop/GHS-POP,WorldPop / JRC (GHS-POP),Raster population density,Open,2000,Present,1–5 years,Available
VAT,Holy See,FEMA NFHL,FEMA,Vector flood hazard zones,Open,2003,Present,Rolling,N/A
VAT,Holy See,USGS NHD,USGS,Vector hydrography,Open,2000,Present,Rolling,N/A
VAT,Holy See,NPMS,PHMSA,Vector pipelines,Restricted,2002,Present,Annual/Rolling,N/A
VAT,Holy See,LiDAR DEM 1m,National/Provincial/State programs,Raster DEM (1m),Open/Restricted,2000,Present,Project-based,Varies
HND,Honduras,Sentinel-2 L2A,ESA via Microsoft Planetary Computer Earth Search,"Raster multispectral (13 bands, 10/20/60m)",Open,2015-06,Present,~5 days,Available
HND,Honduras,ESA WorldCover 10m,ESA (AWS S3),Raster land cover (10m),Open,2020,2021,Annual,Available
HND,Honduras,Copernicus DEM,Copernicus,Raster DEM (30m/90m),Registration,2020,Present,Irregular,Available
HND,Honduras,Global Surface Water (GSW),JRC/Google,Raster water occurrence/seasonality,Open,1984,Present,Annual,Available
HND,Honduras,OpenStreetMap,OpenStreetMap,Vector roads/railways/waterways/landuse/buildings,Open,2004,Present,Continuous,Available
HND,Honduras,WDPA (Protected Planet),UNEP-WCMC & IUCN,Vector protected areas,Registration,2005,Present,Monthly,Available
HND,Honduras,WorldPop/GHS-POP,WorldPop / JRC (GHS-POP),Raster population density,Open,2000,Present,1–5 years,Available
HND,Honduras,FEMA NFHL,FEMA,Vector flood hazard zones,Open,2003,Present,Rolling,N/A
HND,Honduras,USGS NHD,USGS,Vector hydrography,Open,2000,Present,Rolling,N/A
HND,Honduras,NPMS,PHMSA,Vector pipelines,Restricted,2002,Present,Annual/Rolling,N/A
HND,Honduras,LiDAR DEM 1m,National/Provincial/State programs,Raster DEM (1m),Open/Restricted,2000,Present,Project-based,Varies
HKG,Hong Kong,Sentinel-2 L2A,ESA via Microsoft Planetary Computer Earth Search,"Raster multispectral (13 bands, 10/20/60m)",Open,2015-06,Present,~5 days,Available
HKG,Hong Kong,ESA WorldCover 10m,ESA (AWS S3),Raster land cover (10m),Open,2020,2021,Annual,Available
HKG,Hong Kong,Copernicus DEM,Copernicus,Raster DEM (30m/90m),Registration,2020,Present,Irregular,Available
HKG,Hong Kong,Global Surface Water (GSW),JRC/Google,Raster water occurrence/seasonality,Open,1984,Present,Annual,Available
HKG,Hong Kong,OpenStreetMap,OpenStreetMap,Vector roads/railways/waterways/landuse/buildings,Open,2004,Present,Continuous,Available
HKG,Hong Kong,WDPA (Protected Planet),UNEP-WCMC & IUCN,Vector protected areas,Registration,2005,Present,Monthly,Available
HKG,Hong Kong,WorldPop/GHS-POP,WorldPop / JRC (GHS-POP),Raster population density,Open,2000,Present,1–5 years,Available
HKG,Hong Kong,FEMA NFHL,FEMA,Vector flood hazard zones,Open,2003,Present,Rolling,N/A
HKG,Hong Kong,USGS NHD,USGS,Vector hydrography,Open,2000,Present,Rolling,N/A
HKG,Hong Kong,NPMS,PHMSA,Vector pipelines,Restricted,2002,Present,Annual/Rolling,N/A
HKG,Hong Kong,LiDAR DEM 1m,National/Provincial/State programs,Raster DEM (1m),Open/Restricted,2000,Present,Project-based,Varies
HUN,Hungary,Sentinel-2 L2A,ESA via Microsoft Planetary Computer Earth Search,"Raster multispectral (13 bands, 10/20/60m)",Open,2015-06,Present,~5 days,Available
HUN,Hungary,ESA WorldCover 10m,ESA (AWS S3),Raster land cover (10m),Open,2020,2021,Annual,Available
HUN,Hungary,Copernicus DEM,Copernicus,Raster DEM (30m/90m),Registration,2020,Present,Irregular,Available
HUN,Hungary,Global Surface Water (GSW),JRC/Google,Raster water occurrence/seasonality,Open,1984,Present,Annual,Available
HUN,Hungary,OpenStreetMap,OpenStreetMap,Vector roads/railways/waterways/landuse/buildings,Open,2004,Present,Continuous,Available
HUN,Hungary,WDPA (Protected Planet),UNEP-WCMC & IUCN,Vector protected areas,Registration,2005,Present,Monthly,Available
HUN,Hungary,WorldPop/GHS-POP,WorldPop / JRC (GHS-POP),Raster population density,Open,2000,Present,1–5 years,Available
HUN,Hungary,FEMA NFHL,FEMA,Vector flood hazard zones,Open,2003,Present,Rolling,N/A
HUN,Hungary,USGS NHD,USGS,Vector hydrography,Open,2000,Present,Rolling,N/A
HUN,Hungary,NPMS,PHMSA,Vector pipelines,Restricted,2002,Present,Annual/Rolling,N/A
HUN,Hungary,LiDAR DEM 1m,National/Provincial/State programs,Raster DEM (1m),Open/Restricted,2000,Present,Project-based,Varies
ISL,Iceland,Sentinel-2 L2A,ESA via Microsoft Planetary Computer Earth Search,"Raster multispectral (13 bands, 10/20/60m)",Open,2015-06,Present,~5 days,Available
ISL,Iceland,ESA WorldCover 10m,ESA (AWS S3),Raster land cover (10m),Open,2020,2021,Annual,Available
ISL,Iceland,Copernicus DEM,Copernicus,Raster DEM (30m/90m),Registration,2020,Present,Irregular,Available
ISL,Iceland,Global Surface Water (GSW),JRC/Google,Raster water occurrence/seasonality,Open,1984,Present,Annual,Available
ISL,Iceland,OpenStreetMap,OpenStreetMap,Vector roads/railways/waterways/landuse/buildings,Open,2004,Present,Continuous,Available
ISL,Iceland,WDPA (Protected Planet),UNEP-WCMC & IUCN,Vector protected areas,Registration,2005,Present,Monthly,Available
ISL,Iceland,WorldPop/GHS-POP,WorldPop / JRC (GHS-POP),Raster population density,Open,2000,Present,1–5 years,Available
ISL,Iceland,FEMA NFHL,FEMA,Vector flood hazard zones,Open,2003,Present,Rolling,N/A
ISL,Iceland,USGS NHD,USGS,Vector hydrography,Open,2000,Present,Rolling,N/A
ISL,Iceland,NPMS,PHMSA,Vector pipelines,Restricted,2002,Present,Annual/Rolling,N/A
ISL,Iceland,LiDAR DEM 1m,National/Provincial/State programs,Raster DEM (1m),Open/Restricted,2000,Present,Project-based,Varies
IND,India,Sentinel-2 L2A,ESA via Microsoft Planetary Computer Earth Search,"Raster multispectral (13 bands, 10/20/60m)",Open,2015-06,Present,~5 days,Available
IND,India,ESA WorldCover 10m,ESA (AWS S3),Raster land cover (10m),Open,2020,2021,Annual,Available
IND,India,Copernicus DEM,Copernicus,Raster DEM (30m/90m),Registration,2020,Present,Irregular,Available
IND,India,Global Surface Water (GSW),JRC/Google,Raster water occurrence/seasonality,Open,1984,Present,Annual,Available
IND,India,OpenStreetMap,OpenStreetMap,Vector roads/railways/waterways/landuse/buildings,Open,2004,Present,Continuous,Available
IND,India,WDPA (Protected Planet),UNEP-WCMC & IUCN,Vector protected areas,Registration,2005,Present,Monthly,Available
IND,India,WorldPop/GHS-POP,WorldPop / JRC (GHS-POP),Raster population density,Open,2000,Present,1–5 years,Available
IND,India,FEMA NFHL,FEMA,Vector flood hazard zones,Open,2003,Present,Rolling,N/A
IND,India,USGS NHD,USGS,Vector hydrography,Open,2000,Present,Rolling,N/A
IND,India,NPMS,PHMSA,Vector pipelines,Restricted,2002,Present,Annual/Rolling,N/A
IND,India,LiDAR DEM 1m,National/Provincial/State programs,Raster DEM (1m),Open/Restricted,2000,Present,Project-based,Varies
IDN,Indonesia,Sentinel-2 L2A,ESA via Microsoft Planetary Computer Earth Search,"Raster multispectral (13 bands, 10/20/60m)",Open,2015-06,Present,~5 days,Available
IDN,Indonesia,ESA WorldCover 10m,ESA (AWS S3),Raster land cover (10m),Open,2020,2021,Annual,Available
IDN,Indonesia,Copernicus DEM,Copernicus,Raster DEM (30m/90m),Registration,2020,Present,Irregular,Available
IDN,Indonesia,Global Surface Water (GSW),JRC/Google,Raster water occurrence/seasonality,Open,1984,Present,Annual,Available
IDN,Indonesia,OpenStreetMap,OpenStreetMap,Vector roads/railways/waterways/landuse/buildings,Open,2004,Present,Continuous,Available
IDN,Indonesia,WDPA (Protected Planet),UNEP-WCMC & IUCN,Vector protected areas,Registration,2005,Present,Monthly,Available
IDN,Indonesia,WorldPop/GHS-POP,WorldPop / JRC (GHS-POP),Raster population density,Open,2000,Present,1–5 years,Available
IDN,Indonesia,FEMA NFHL,FEMA,Vector flood hazard zones,Open,2003,Present,Rolling,N/A
IDN,Indonesia,USGS NHD,USGS,Vector hydrography,Open,2000,Present,Rolling,N/A
IDN,Indonesia,NPMS,PHMSA,Vector pipelines,Restricted,2002,Present,Annual/Rolling,N/A
IDN,Indonesia,LiDAR DEM 1m,National/Provincial/State programs,Raster DEM (1m),Open/Restricted,2000,Present,Project-based,Varies
IRN,"Iran, Islamic Republic of",Sentinel-2 L2A,ESA via Microsoft Planetary Computer Earth Search,"Raster multispectral (13 bands, 10/20/60m)",Open,2015-06,Present,~5 days,Available
IRN,"Iran, Islamic Republic of",ESA WorldCover 10m,ESA (AWS S3),Raster land cover (10m),Open,2020,2021,Annual,Available
IRN,"Iran, Islamic Republic of",Copernicus DEM,Copernicus,Raster DEM (30m/90m),Registration,2020,Present,Irregular,Available
IRN,"Iran, Islamic Republic of",Global Surface Water (GSW),JRC/Google,Raster water occurrence/seasonality,Open,1984,Present,Annual,Available
IRN,"Iran, Islamic Republic of",OpenStreetMap,OpenStreetMap,Vector roads/railways/waterways/landuse/buildings,Open,2004,Present,Continuous,Available
IRN,"Iran, Islamic Republic of",WDPA (Protected Planet),UNEP-WCMC & IUCN,Vector protected areas,Registration,2005,Present,Monthly,Available
IRN,"Iran, Islamic Republic of",WorldPop/GHS-POP,WorldPop / JRC (GHS-POP),Raster population density,Open,2000,Present,1–5 years,Available
IRN,"Iran, Islamic Republic of",FEMA NFHL,FEMA,Vector flood hazard zones,Open,2003,Present,Rolling,N/A
IRN,"Iran, Islamic Republic of",USGS NHD,USGS,Vector hydrography,Open,2000,Present,Rolling,N/A
IRN,"Iran, Islamic Republic of",NPMS,PHMSA,Vector pipelines,Restricted,2002,Present,Annual/Rolling,N/A
IRN,"Iran, Islamic Republic of",LiDAR DEM 1m,National/Provincial/State programs,Raster DEM (1m),Open/Restricted,2000,Present,Project-based,Varies
IRQ,Iraq,Sentinel-2 L2A,ESA via Microsoft Planetary Computer Earth Search,"Raster multispectral (13 bands, 10/20/60m)",Open,2015-06,Present,~5 days,Available
IRQ,Iraq,ESA WorldCover 10m,ESA (AWS S3),Raster land cover (10m),Open,2020,2021,Annual,Available
IRQ,Iraq,Copernicus DEM,Copernicus,Raster DEM (30m/90m),Registration,2020,Present,Irregular,Available
IRQ,Iraq,Global Surface Water (GSW),JRC/Google,Raster water occurrence/seasonality,Open,1984,Present,Annual,Available
IRQ,Iraq,OpenStreetMap,OpenStreetMap,Vector roads/railways/waterways/landuse/buildings,Open,2004,Present,Continuous,Available
IRQ,Iraq,WDPA (Protected Planet),UNEP-WCMC & IUCN,Vector protected areas,Registration,2005,Present,Monthly,Available
IRQ,Iraq,WorldPop/GHS-POP,WorldPop / JRC (GHS-POP),Raster population density,Open,2000,Present,1–5 years,Available
IRQ,Iraq,FEMA NFHL,FEMA,Vector flood hazard zones,Open,2003,Present,Rolling,N/A
IRQ,Iraq,USGS NHD,USGS,Vector hydrography,Open,2000,Present,Rolling,N/A
IRQ,Iraq,NPMS,PHMSA,Vector pipelines,Restricted,2002,Present,Annual/Rolling,N/A
IRQ,Iraq,LiDAR DEM 1m,National/Provincial/State programs,Raster DEM (1m),Open/Restricted,2000,Present,Project-based,Varies
IRL,Ireland,Sentinel-2 L2A,ESA via Microsoft Planetary Computer Earth Search,"Raster multispectral (13 bands, 10/20/60m)",Open,2015-06,Present,~5 days,Available
IRL,Ireland,ESA WorldCover 10m,ESA (AWS S3),Raster land cover (10m),Open,2020,2021,Annual,Available
IRL,Ireland,Copernicus DEM,Copernicus,Raster DEM (30m/90m),Registration,2020,Present,Irregular,Available
IRL,Ireland,Global Surface Water (GSW),JRC/Google,Raster water occurrence/seasonality,Open,1984,Present,Annual,Available
IRL,Ireland,OpenStreetMap,OpenStreetMap,Vector roads/railways/waterways/landuse/buildings,Open,2004,Present,Continuous,Available
IRL,Ireland,WDPA (Protected Planet),UNEP-WCMC & IUCN,Vector protected areas,Registration,2005,Present,Monthly,Available
IRL,Ireland,WorldPop/GHS-POP,WorldPop / JRC (GHS-POP),Raster population density,Open,2000,Present,1–5 years,Available
IRL,Ireland,FEMA NFHL,FEMA,Vector flood hazard zones,Open,2003,Present,Rolling,N/A
IRL,Ireland,USGS NHD,USGS,Vector hydrography,Open,2000,Present,Rolling,N/A
IRL,Ireland,NPMS,PHMSA,Vector pipelines,Restricted,2002,Present,Annual/Rolling,N/A
IRL,Ireland,LiDAR DEM 1m,National/Provincial/State programs,Raster DEM (1m),Open/Restricted,2000,Present,Project-based,Varies
IMN,Isle of Man,Sentinel-2 L2A,ESA via Microsoft Planetary Computer Earth Search,"Raster multispectral (13 bands, 10/20/60m)",Open,2015-06,Present,~5 days,Available
IMN,Isle of Man,ESA WorldCover 10m,ESA (AWS S3),Raster land cover (10m),Open,2020,2021,Annual,Available
IMN,Isle of Man,Copernicus DEM,Copernicus,Raster DEM (30m/90m),Registration,2020,Present,Irregular,Available
IMN,Isle of Man,Global Surface Water (GSW),JRC/Google,Raster water occurrence/seasonality,Open,1984,Present,Annual,Available
IMN,Isle of Man,OpenStreetMap,OpenStreetMap,Vector roads/railways/waterways/landuse/buildings,Open,2004,Present,Continuous,Available
IMN,Isle of Man,WDPA (Protected Planet),UNEP-WCMC & IUCN,Vector protected areas,Registration,2005,Present,Monthly,Available
IMN,Isle of Man,WorldPop/GHS-POP,WorldPop / JRC (GHS-POP),Raster population density,Open,2000,Present,1–5 years,Available
IMN,Isle of Man,FEMA NFHL,FEMA,Vector flood hazard zones,Open,2003,Present,Rolling,N/A
IMN,Isle of Man,USGS NHD,USGS,Vector hydrography,Open,2000,Present,Rolling,N/A
IMN,Isle of Man,NPMS,PHMSA,Vector pipelines,Restricted,2002,Present,Annual/Rolling,N/A
IMN,Isle of Man,LiDAR DEM 1m,National/Provincial/State programs,Raster DEM (1m),Open/Restricted,2000,Present,Project-based,Varies
ISR,Israel,Sentinel-2 L2A,ESA via Microsoft Planetary Computer Earth Search,"Raster multispectral (13 bands, 10/20/60m)",Open,2015-06,Present,~5 days,Available
ISR,Israel,ESA WorldCover 10m,ESA (AWS S3),Raster land cover (10m),Open,2020,2021,Annual,Available
ISR,Israel,Copernicus DEM,Copernicus,Raster DEM (30m/90m),Registration,2020,Present,Irregular,Available
ISR,Israel,Global Surface Water (GSW),JRC/Google,Raster water occurrence/seasonality,Open,1984,Present,Annual,Available
ISR,Israel,OpenStreetMap,OpenStreetMap,Vector roads/railways/waterways/landuse/buildings,Open,2004,Present,Continuous,Available
ISR,Israel,WDPA (Protected Planet),UNEP-WCMC & IUCN,Vector protected areas,Registration,2005,Present,Monthly,Available
ISR,Israel,WorldPop/GHS-POP,WorldPop / JRC (GHS-POP),Raster population density,Open,2000,Present,1–5 years,Available
ISR,Israel,FEMA NFHL,FEMA,Vector flood hazard zones,Open,2003,Present,Rolling,N/A
ISR,Israel,USGS NHD,USGS,Vector hydrography,Open,2000,Present,Rolling,N/A
ISR,Israel,NPMS,PHMSA,Vector pipelines,Restricted,2002,Present,Annual/Rolling,N/A
ISR,Israel,LiDAR DEM 1m,National/Provincial/State programs,Raster DEM (1m),Open/Restricted,2000,Present,Project-based,Varies
ITA,Italy,Sentinel-2 L2A,ESA via Microsoft Planetary Computer Earth Search,"Raster multispectral (13 bands, 10/20/60m)",Open,2015-06,Present,~5 days,Available
ITA,Italy,ESA WorldCover 10m,ESA (AWS S3),Raster land cover (10m),Open,2020,2021,Annual,Available
ITA,Italy,Copernicus DEM,Copernicus,Raster DEM (30m/90m),Registration,2020,Present,Irregular,Available
ITA,Italy,Global Surface Water (GSW),JRC/Google,Raster water occurrence/seasonality,Open,1984,Present,Annual,Available
ITA,Italy,OpenStreetMap,OpenStreetMap,Vector roads/railways/waterways/landuse/buildings,Open,2004,Present,Continuous,Available
ITA,Italy,WDPA (Protected Planet),UNEP-WCMC & IUCN,Vector protected areas,Registration,2005,Present,Monthly,Available
ITA,Italy,WorldPop/GHS-POP,WorldPop / JRC (GHS-POP),Raster population density,Open,2000,Present,1–5 years,Available
ITA,Italy,FEMA NFHL,FEMA,Vector flood hazard zones,Open,2003,Present,Rolling,N/A
ITA,Italy,USGS NHD,USGS,Vector hydrography,Open,2000,Present,Rolling,N/A
ITA,Italy,NPMS,PHMSA,Vector pipelines,Restricted,2002,Present,Annual/Rolling,N/A
ITA,Italy,LiDAR DEM 1m,National/Provincial/State programs,Raster DEM (1m),Open/Restricted,2000,Present,Project-based,Varies
JAM,Jamaica,Sentinel-2 L2A,ESA via Microsoft Planetary Computer Earth Search,"Raster multispectral (13 bands, 10/20/60m)",Open,2015-06,Present,~5 days,Available
JAM,Jamaica,ESA WorldCover 10m,ESA (AWS S3),Raster land cover (10m),Open,2020,2021,Annual,Available
JAM,Jamaica,Copernicus DEM,Copernicus,Raster DEM (30m/90m),Registration,2020,Present,Irregular,Available
JAM,Jamaica,Global Surface Water (GSW),JRC/Google,Raster water occurrence/seasonality,Open,1984,Present,Annual,Available
JAM,Jamaica,OpenStreetMap,OpenStreetMap,Vector roads/railways/waterways/landuse/buildings,Open,2004,Present,Continuous,Available
JAM,Jamaica,WDPA (Protected Planet),UNEP-WCMC & IUCN,Vector protected areas,Registration,2005,Present,Monthly,Available
JAM,Jamaica,WorldPop/GHS-POP,WorldPop / JRC (GHS-POP),Raster population density,Open,2000,Present,1–5 years,Available
JAM,Jamaica,FEMA NFHL,FEMA,Vector flood hazard zones,Open,2003,Present,Rolling,N/A
JAM,Jamaica,USGS NHD,USGS,Vector hydrography,Open,2000,Present,Rolling,N/A
JAM,Jamaica,NPMS,PHMSA,Vector pipelines,Restricted,2002,Present,Annual/Rolling,N/A
JAM,Jamaica,LiDAR DEM 1m,National/Provincial/State programs,Raster DEM (1m),Open/Restricted,2000,Present,Project-based,Varies
JPN,Japan,Sentinel-2 L2A,ESA via Microsoft Planetary Computer Earth Search,"Raster multispectral (13 bands, 10/20/60m)",Open,2015-06,Present,~5 days,Available
JPN,Japan,ESA WorldCover 10m,ESA (AWS S3),Raster land cover (10m),Open,2020,2021,Annual,Available
JPN,Japan,Copernicus DEM,Copernicus,Raster DEM (30m/90m),Registration,2020,Present,Irregular,Available
JPN,Japan,Global Surface Water (GSW),JRC/Google,Raster water occurrence/seasonality,Open,1984,Present,Annual,Available
JPN,Japan,OpenStreetMap,OpenStreetMap,Vector roads/railways/waterways/landuse/buildings,Open,2004,Present,Continuous,Available
JPN,Japan,WDPA (Protected Planet),UNEP-WCMC & IUCN,Vector protected areas,Registration,2005,Present,Monthly,Available
JPN,Japan,WorldPop/GHS-POP,WorldPop / JRC (GHS-POP),Raster population density,Open,2000,Present,1–5 years,Available
JPN,Japan,FEMA NFHL,FEMA,Vector flood hazard zones,Open,2003,Present,Rolling,N/A
JPN,Japan,USGS NHD,USGS,Vector hydrography,Open,2000,Present,Rolling,N/A
JPN,Japan,NPMS,PHMSA,Vector pipelines,Restricted,2002,Present,Annual/Rolling,N/A
JPN,Japan,LiDAR DEM 1m,National/Provincial/State programs,Raster DEM (1m),Open/Restricted,2000,Present,Project-based,Varies
JEY,Jersey,Sentinel-2 L2A,ESA via Microsoft Planetary Computer Earth Search,"Raster multispectral (13 bands, 10/20/60m)",Open,2015-06,Present,~5 days,Available
JEY,Jersey,ESA WorldCover 10m,ESA (AWS S3),Raster land cover (10m),Open,2020,2021,Annual,Available
JEY,Jersey,Copernicus DEM,Copernicus,Raster DEM (30m/90m),Registration,2020,Present,Irregular,Available
JEY,Jersey,Global Surface Water (GSW),JRC/Google,Raster water occurrence/seasonality,Open,1984,Present,Annual,Available
JEY,Jersey,OpenStreetMap,OpenStreetMap,Vector roads/railways/waterways/landuse/buildings,Open,2004,Present,Continuous,Available
JEY,Jersey,WDPA (Protected Planet),UNEP-WCMC & IUCN,Vector protected areas,Registration,2005,Present,Monthly,Available
JEY,Jersey,WorldPop/GHS-POP,WorldPop / JRC (GHS-POP),Raster population density,Open,2000,Present,1–5 years,Available
JEY,Jersey,FEMA NFHL,FEMA,Vector flood hazard zones,Open,2003,Present,Rolling,N/A
JEY,Jersey,USGS NHD,USGS,Vector hydrography,Open,2000,Present,Rolling,N/A
JEY,Jersey,NPMS,PHMSA,Vector pipelines,Restricted,2002,Present,Annual/Rolling,N/A
JEY,Jersey,LiDAR DEM 1m,National/Provincial/State programs,Raster DEM (1m),Open/Restricted,2000,Present,Project-based,Varies
JOR,Jordan,Sentinel-2 L2A,ESA via Microsoft Planetary Computer Earth Search,"Raster multispectral (13 bands, 10/20/60m)",Open,2015-06,Present,~5 days,Available
JOR,Jordan,ESA WorldCover 10m,ESA (AWS S3),Raster land cover (10m),Open,2020,2021,Annual,Available
JOR,Jordan,Copernicus DEM,Copernicus,Raster DEM (30m/90m),Registration,2020,Present,Irregular,Available
JOR,Jordan,Global Surface Water (GSW),JRC/Google,Raster water occurrence/seasonality,Open,1984,Present,Annual,Available
JOR,Jordan,OpenStreetMap,OpenStreetMap,Vector roads/railways/waterways/landuse/buildings,Open,2004,Present,Continuous,Available
JOR,Jordan,WDPA (Protected Planet),UNEP-WCMC & IUCN,Vector protected areas,Registration,2005,Present,Monthly,Available
JOR,Jordan,WorldPop/GHS-POP,WorldPop / JRC (GHS-POP),Raster population density,Open,2000,Present,1–5 years,Available
JOR,Jordan,FEMA NFHL,FEMA,Vector flood hazard zones,Open,2003,Present,Rolling,N/A
JOR,Jordan,USGS NHD,USGS,Vector hydrography,Open,2000,Present,Rolling,N/A
JOR,Jordan,NPMS,PHMSA,Vector pipelines,Restricted,2002,Present,Annual/Rolling,N/A
JOR,Jordan,LiDAR DEM 1m,National/Provincial/State programs,Raster DEM (1m),Open/Restricted,2000,Present,Project-based,Varies
KAZ,Kazakhstan,Sentinel-2 L2A,ESA via Microsoft Planetary Computer Earth Search,"Raster multispectral (13 bands, 10/20/60m)",Open,2015-06,Present,~5 days,Available
KAZ,Kazakhstan,ESA WorldCover 10m,ESA (AWS S3),Raster land cover (10m),Open,2020,2021,Annual,Available
KAZ,Kazakhstan,Copernicus DEM,Copernicus,Raster DEM (30m/90m),Registration,2020,Present,Irregular,Available
KAZ,Kazakhstan,Global Surface Water (GSW),JRC/Google,Raster water occurrence/seasonality,Open,1984,Present,Annual,Available
KAZ,Kazakhstan,OpenStreetMap,OpenStreetMap,Vector roads/railways/waterways/landuse/buildings,Open,2004,Present,Continuous,Available
KAZ,Kazakhstan,WDPA (Protected Planet),UNEP-WCMC & IUCN,Vector protected areas,Registration,2005,Present,Monthly,Available
KAZ,Kazakhstan,WorldPop/GHS-POP,WorldPop / JRC (GHS-POP),Raster population density,Open,2000,Present,1–5 years,Available
KAZ,Kazakhstan,FEMA NFHL,FEMA,Vector flood hazard zones,Open,2003,Present,Rolling,N/A
KAZ,Kazakhstan,USGS NHD,USGS,Vector hydrography,Open,2000,Present,Rolling,N/A
KAZ,Kazakhstan,NPMS,PHMSA,Vector pipelines,Restricted,2002,Present,Annual/Rolling,N/A
KAZ,Kazakhstan,LiDAR DEM 1m,National/Provincial/State programs,Raster DEM (1m),Open/Restricted,2000,Present,Project-based,Varies
KEN,Kenya,Sentinel-2 L2A,ESA via Microsoft Planetary Computer Earth Search,"Raster multispectral (13 bands, 10/20/60m)",Open,2015-06,Present,~5 days,Available
KEN,Kenya,ESA WorldCover 10m,ESA (AWS S3),Raster land cover (10m),Open,2020,2021,Annual,Available
KEN,Kenya,Copernicus DEM,Copernicus,Raster DEM (30m/90m),Registration,2020,Present,Irregular,Available
KEN,Kenya,Global Surface Water (GSW),JRC/Google,Raster water occurrence/seasonality,Open,1984,Present,Annual,Available
KEN,Kenya,OpenStreetMap,OpenStreetMap,Vector roads/railways/waterways/landuse/buildings,Open,2004,Present,Continuous,Available
KEN,Kenya,WDPA (Protected Planet),UNEP-WCMC & IUCN,Vector protected areas,Registration,2005,Present,Monthly,Available
KEN,Kenya,WorldPop/GHS-POP,WorldPop / JRC (GHS-POP),Raster population density,Open,2000,Present,1–5 years,Available
KEN,Kenya,FEMA NFHL,FEMA,Vector flood hazard zones,Open,2003,Present,Rolling,N/A
KEN,Kenya,USGS NHD,USGS,Vector hydrography,Open,2000,Present,Rolling,N/A
KEN,Kenya,NPMS,PHMSA,Vector pipelines,Restricted,2002,Present,Annual/Rolling,N/A
KEN,Kenya,LiDAR DEM 1m,National/Provincial/State programs,Raster DEM (1m),Open/Restricted,2000,Present,Project-based,Varies
KIR,Kiribati,Sentinel-2 L2A,ESA via Microsoft Planetary Computer Earth Search,"Raster multispectral (13 bands, 10/20/60m)",Open,2015-06,Present,~5 days,Available
KIR,Kiribati,ESA WorldCover 10m,ESA (AWS S3),Raster land cover (10m),Open,2020,2021,Annual,Available
KIR,Kiribati,Copernicus DEM,Copernicus,Raster DEM (30m/90m),Registration,2020,Present,Irregular,Available
KIR,Kiribati,Global Surface Water (GSW),JRC/Google,Raster water occurrence/seasonality,Open,1984,Present,Annual,Available
KIR,Kiribati,OpenStreetMap,OpenStreetMap,Vector roads/railways/waterways/landuse/buildings,Open,2004,Present,Continuous,Available
KIR,Kiribati,WDPA (Protected Planet),UNEP-WCMC & IUCN,Vector protected areas,Registration,2005,Present,Monthly,Available
KIR,Kiribati,WorldPop/GHS-POP,WorldPop / JRC (GHS-POP),Raster population density,Open,2000,Present,1–5 years,Available
KIR,Kiribati,FEMA NFHL,FEMA,Vector flood hazard zones,Open,2003,Present,Rolling,N/A
KIR,Kiribati,USGS NHD,USGS,Vector hydrography,Open,2000,Present,Rolling,N/A
KIR,Kiribati,NPMS,PHMSA,Vector pipelines,Restricted,2002,Present,Annual/Rolling,N/A
KIR,Kiribati,LiDAR DEM 1m,National/Provincial/State programs,Raster DEM (1m),Open/Restricted,2000,Present,Project-based,Varies
PRK,"Korea, Democratic People's Republic of",Sentinel-2 L2A,ESA via Microsoft Planetary Computer Earth Search,"Raster multispectral (13 bands, 10/20/60m)",Open,2015-06,Present,~5 days,Available
PRK,"Korea, Democratic People's Republic of",ESA WorldCover 10m,ESA (AWS S3),Raster land cover (10m),Open,2020,2021,Annual,Available
PRK,"Korea, Democratic People's Republic of",Copernicus DEM,Copernicus,Raster DEM (30m/90m),Registration,2020,Present,Irregular,Available
PRK,"Korea, Democratic People's Republic of",Global Surface Water (GSW),JRC/Google,Raster water occurrence/seasonality,Open,1984,Present,Annual,Available
PRK,"Korea, Democratic People's Republic of",OpenStreetMap,OpenStreetMap,Vector roads/railways/waterways/landuse/buildings,Open,2004,Present,Continuous,Available
PRK,"Korea, Democratic People's Republic of",WDPA (Protected Planet),UNEP-WCMC & IUCN,Vector protected areas,Registration,2005,Present,Monthly,Available
PRK,"Korea, Democratic People's Republic of",WorldPop/GHS-POP,WorldPop / JRC (GHS-POP),Raster population density,Open,2000,Present,1–5 years,Available
PRK,"Korea, Democratic People's Republic of",FEMA NFHL,FEMA,Vector flood hazard zones,Open,2003,Present,Rolling,N/A
PRK,"Korea, Democratic People's Republic of",USGS NHD,USGS,Vector hydrography,Open,2000,Present,Rolling,N/A
PRK,"Korea, Democratic People's Republic of",NPMS,PHMSA,Vector pipelines,Restricted,2002,Present,Annual/Rolling,N/A
PRK,"Korea, Democratic People's Republic of",LiDAR DEM 1m,National/Provincial/State programs,Raster DEM (1m),Open/Restricted,2000,Present,Project-based,Varies
KOR,"Korea, Republic of",Sentinel-2 L2A,ESA via Microsoft Planetary Computer Earth Search,"Raster multispectral (13 bands, 10/20/60m)",Open,2015-06,Present,~5 days,Available
KOR,"Korea, Republic of",ESA WorldCover 10m,ESA (AWS S3),Raster land cover (10m),Open,2020,2021,Annual,Available
KOR,"Korea, Republic of",Copernicus DEM,Copernicus,Raster DEM (30m/90m),Registration,2020,Present,Irregular,Available
KOR,"Korea, Republic of",Global Surface Water (GSW),JRC/Google,Raster water occurrence/seasonality,Open,1984,Present,Annual,Available
KOR,"Korea, Republic of",OpenStreetMap,OpenStreetMap,Vector roads/railways/waterways/landuse/buildings,Open,2004,Present,Continuous,Available
KOR,"Korea, Republic of",WDPA (Protected Planet),UNEP-WCMC & IUCN,Vector protected areas,Registration,2005,Present,Monthly,Available
KOR,"Korea, Republic of",WorldPop/GHS-POP,WorldPop / JRC (GHS-POP),Raster population density,Open,2000,Present,1–5 years,Available
KOR,"Korea, Republic of",FEMA NFHL,FEMA,Vector flood hazard zones,Open,2003,Present,Rolling,N/A
KOR,"Korea, Republic of",USGS NHD,USGS,Vector hydrography,Open,2000,Present,Rolling,N/A
KOR,"Korea, Republic of",NPMS,PHMSA,Vector pipelines,Restricted,2002,Present,Annual/Rolling,N/A
KOR,"Korea, Republic of",LiDAR DEM 1m,National/Provincial/State programs,Raster DEM (1m),Open/Restricted,2000,Present,Project-based,Varies
KWT,Kuwait,Sentinel-2 L2A,ESA via Microsoft Planetary Computer Earth Search,"Raster multispectral (13 bands, 10/20/60m)",Open,2015-06,Present,~5 days,Available
KWT,Kuwait,ESA WorldCover 10m,ESA (AWS S3),Raster land cover (10m),Open,2020,2021,Annual,Available
KWT,Kuwait,Copernicus DEM,Copernicus,Raster DEM (30m/90m),Registration,2020,Present,Irregular,Available
KWT,Kuwait,Global Surface Water (GSW),JRC/Google,Raster water occurrence/seasonality,Open,1984,Present,Annual,Available
KWT,Kuwait,OpenStreetMap,OpenStreetMap,Vector roads/railways/waterways/landuse/buildings,Open,2004,Present,Continuous,Available
KWT,Kuwait,WDPA (Protected Planet),UNEP-WCMC & IUCN,Vector protected areas,Registration,2005,Present,Monthly,Available
KWT,Kuwait,WorldPop/GHS-POP,WorldPop / JRC (GHS-POP),Raster population density,Open,2000,Present,1–5 years,Available
KWT,Kuwait,FEMA NFHL,FEMA,Vector flood hazard zones,Open,2003,Present,Rolling,N/A
KWT,Kuwait,USGS NHD,USGS,Vector hydrography,Open,2000,Present,Rolling,N/A
KWT,Kuwait,NPMS,PHMSA,Vector pipelines,Restricted,2002,Present,Annual/Rolling,N/A
KWT,Kuwait,LiDAR DEM 1m,National/Provincial/State programs,Raster DEM (1m),Open/Restricted,2000,Present,Project-based,Varies
KGZ,Kyrgyzstan,Sentinel-2 L2A,ESA via Microsoft Planetary Computer Earth Search,"Raster multispectral (13 bands, 10/20/60m)",Open,2015-06,Present,~5 days,Available
KGZ,Kyrgyzstan,ESA WorldCover 10m,ESA (AWS S3),Raster land cover (10m),Open,2020,2021,Annual,Available
KGZ,Kyrgyzstan,Copernicus DEM,Copernicus,Raster DEM (30m/90m),Registration,2020,Present,Irregular,Available
KGZ,Kyrgyzstan,Global Surface Water (GSW),JRC/Google,Raster water occurrence/seasonality,Open,1984,Present,Annual,Available
KGZ,Kyrgyzstan,OpenStreetMap,OpenStreetMap,Vector roads/railways/waterways/landuse/buildings,Open,2004,Present,Continuous,Available
KGZ,Kyrgyzstan,WDPA (Protected Planet),UNEP-WCMC & IUCN,Vector protected areas,Registration,2005,Present,Monthly,Available
KGZ,Kyrgyzstan,WorldPop/GHS-POP,WorldPop / JRC (GHS-POP),Raster population density,Open,2000,Present,1–5 years,Available
KGZ,Kyrgyzstan,FEMA NFHL,FEMA,Vector flood hazard zones,Open,2003,Present,Rolling,N/A
KGZ,Kyrgyzstan,USGS NHD,USGS,Vector hydrography,Open,2000,Present,Rolling,N/A
KGZ,Kyrgyzstan,NPMS,PHMSA,Vector pipelines,Restricted,2002,Present,Annual/Rolling,N/A
KGZ,Kyrgyzstan,LiDAR DEM 1m,National/Provincial/State programs,Raster DEM (1m),Open/Restricted,2000,Present,Project-based,Varies
LAO,Lao People's Democratic Republic,Sentinel-2 L2A,ESA via Microsoft Planetary Computer Earth Search,"Raster multispectral (13 bands, 10/20/60m)",Open,2015-06,Present,~5 days,Available
LAO,Lao People's Democratic Republic,ESA WorldCover 10m,ESA (AWS S3),Raster land cover (10m),Open,2020,2021,Annual,Available
LAO,Lao People's Democratic Republic,Copernicus DEM,Copernicus,Raster DEM (30m/90m),Registration,2020,Present,Irregular,Available
LAO,Lao People's Democratic Republic,Global Surface Water (GSW),JRC/Google,Raster water occurrence/seasonality,Open,1984,Present,Annual,Available
LAO,Lao People's Democratic Republic,OpenStreetMap,OpenStreetMap,Vector roads/railways/waterways/landuse/buildings,Open,2004,Present,Continuous,Available
LAO,Lao People's Democratic Republic,WDPA (Protected Planet),UNEP-WCMC & IUCN,Vector protected areas,Registration,2005,Present,Monthly,Available
LAO,Lao People's Democratic Republic,WorldPop/GHS-POP,WorldPop / JRC (GHS-POP),Raster population density,Open,2000,Present,1–5 years,Available
LAO,Lao People's Democratic Republic,FEMA NFHL,FEMA,Vector flood hazard zones,Open,2003,Present,Rolling,N/A
LAO,Lao People's Democratic Republic,USGS NHD,USGS,Vector hydrography,Open,2000,Present,Rolling,N/A
LAO,Lao People's Democratic Republic,NPMS,PHMSA,Vector pipelines,Restricted,2002,Present,Annual/Rolling,N/A
LAO,Lao People's Democratic Republic,LiDAR DEM 1m,National/Provincial/State programs,Raster DEM (1m),Open/Restricted,2000,Present,Project-based,Varies
LVA,Latvia,Sentinel-2 L2A,ESA via Microsoft Planetary Computer Earth Search,"Raster multispectral (13 bands, 10/20/60m)",Open,2015-06,Present,~5 days,Available
LVA,Latvia,ESA WorldCover 10m,ESA (AWS S3),Raster land cover (10m),Open,2020,2021,Annual,Available
LVA,Latvia,Copernicus DEM,Copernicus,Raster DEM (30m/90m),Registration,2020,Present,Irregular,Available
LVA,Latvia,Global Surface Water (GSW),JRC/Google,Raster water occurrence/seasonality,Open,1984,Present,Annual,Available
LVA,Latvia,OpenStreetMap,OpenStreetMap,Vector roads/railways/waterways/landuse/buildings,Open,2004,Present,Continuous,Available
LVA,Latvia,WDPA (Protected Planet),UNEP-WCMC & IUCN,Vector protected areas,Registration,2005,Present,Monthly,Available
LVA,Latvia,WorldPop/GHS-POP,WorldPop / JRC (GHS-POP),Raster population density,Open,2000,Present,1–5 years,Available
LVA,Latvia,FEMA NFHL,FEMA,Vector flood hazard zones,Open,2003,Present,Rolling,N/A
LVA,Latvia,USGS NHD,USGS,Vector hydrography,Open,2000,Present,Rolling,N/A
LVA,Latvia,NPMS,PHMSA,Vector pipelines,Restricted,2002,Present,Annual/Rolling,N/A
LVA,Latvia,LiDAR DEM 1m,National/Provincial/State programs,Raster DEM (1m),Open/Restricted,2000,Present,Project-based,Varies
LBN,Lebanon,Sentinel-2 L2A,ESA via Microsoft Planetary Computer Earth Search,"Raster multispectral (13 bands, 10/20/60m)",Open,2015-06,Present,~5 days,Available
LBN,Lebanon,ESA WorldCover 10m,ESA (AWS S3),Raster land cover (10m),Open,2020,2021,Annual,Available
LBN,Lebanon,Copernicus DEM,Copernicus,Raster DEM (30m/90m),Registration,2020,Present,Irregular,Available
LBN,Lebanon,Global Surface Water (GSW),JRC/Google,Raster water occurrence/seasonality,Open,1984,Present,Annual,Available
LBN,Lebanon,OpenStreetMap,OpenStreetMap,Vector roads/railways/waterways/landuse/buildings,Open,2004,Present,Continuous,Available
LBN,Lebanon,WDPA (Protected Planet),UNEP-WCMC & IUCN,Vector protected areas,Registration,2005,Present,Monthly,Available
LBN,Lebanon,WorldPop/GHS-POP,WorldPop / JRC (GHS-POP),Raster population density,Open,2000,Present,1–5 years,Available
LBN,Lebanon,FEMA NFHL,FEMA,Vector flood hazard zones,Open,2003,Present,Rolling,N/A
LBN,Lebanon,USGS NHD,USGS,Vector hydrography,Open,2000,Present,Rolling,N/A
LBN,Lebanon,NPMS,PHMSA,Vector pipelines,Restricted,2002,Present,Annual/Rolling,N/A
LBN,Lebanon,LiDAR DEM 1m,National/Provincial/State programs,Raster DEM (1m),Open/Restricted,2000,Present,Project-based,Varies
LSO,Lesotho,Sentinel-2 L2A,ESA via Microsoft Planetary Computer Earth Search,"Raster multispectral (13 bands, 10/20/60m)",Open,2015-06,Present,~5 days,Available
LSO,Lesotho,ESA WorldCover 10m,ESA (AWS S3),Raster land cover (10m),Open,2020,2021,Annual,Available
LSO,Lesotho,Copernicus DEM,Copernicus,Raster DEM (30m/90m),Registration,2020,Present,Irregular,Available
LSO,Lesotho,Global Surface Water (GSW),JRC/Google,Raster water occurrence/seasonality,Open,1984,Present,Annual,Available
LSO,Lesotho,OpenStreetMap,OpenStreetMap,Vector roads/railways/waterways/landuse/buildings,Open,2004,Present,Continuous,Available
LSO,Lesotho,WDPA (Protected Planet),UNEP-WCMC & IUCN,Vector protected areas,Registration,2005,Present,Monthly,Available
LSO,Lesotho,WorldPop/GHS-POP,WorldPop / JRC (GHS-POP),Raster population density,Open,2000,Present,1–5 years,Available
LSO,Lesotho,FEMA NFHL,FEMA,Vector flood hazard zones,Open,2003,Present,Rolling,N/A
LSO,Lesotho,USGS NHD,USGS,Vector hydrography,Open,2000,Present,Rolling,N/A
LSO,Lesotho,NPMS,PHMSA,Vector pipelines,Restricted,2002,Present,Annual/Rolling,N/A
LSO,Lesotho,LiDAR DEM 1m,National/Provincial/State programs,Raster DEM (1m),Open/Restricted,2000,Present,Project-based,Varies
LBR,Liberia,Sentinel-2 L2A,ESA via Microsoft Planetary Computer Earth Search,"Raster multispectral (13 bands, 10/20/60m)",Open,2015-06,Present,~5 days,Available
LBR,Liberia,ESA WorldCover 10m,ESA (AWS S3),Raster land cover (10m),Open,2020,2021,Annual,Available
LBR,Liberia,Copernicus DEM,Copernicus,Raster DEM (30m/90m),Registration,2020,Present,Irregular,Available
LBR,Liberia,Global Surface Water (GSW),JRC/Google,Raster water occurrence/seasonality,Open,1984,Present,Annual,Available
LBR,Liberia,OpenStreetMap,OpenStreetMap,Vector roads/railways/waterways/landuse/buildings,Open,2004,Present,Continuous,Available
LBR,Liberia,WDPA (Protected Planet),UNEP-WCMC & IUCN,Vector protected areas,Registration,2005,Present,Monthly,Available
LBR,Liberia,WorldPop/GHS-POP,WorldPop / JRC (GHS-POP),Raster population density,Open,2000,Present,1–5 years,Available
LBR,Liberia,FEMA NFHL,FEMA,Vector flood hazard zones,Open,2003,Present,Rolling,N/A
LBR,Liberia,USGS NHD,USGS,Vector hydrography,Open,2000,Present,Rolling,N/A
LBR,Liberia,NPMS,PHMSA,Vector pipelines,Restricted,2002,Present,Annual/Rolling,N/A
LBR,Liberia,LiDAR DEM 1m,National/Provincial/State programs,Raster DEM (1m),Open/Restricted,2000,Present,Project-based,Varies
LBY,Libya,Sentinel-2 L2A,ESA via Microsoft Planetary Computer Earth Search,"Raster multispectral (13 bands, 10/20/60m)",Open,2015-06,Present,~5 days,Available
LBY,Libya,ESA WorldCover 10m,ESA (AWS S3),Raster land cover (10m),Open,2020,2021,Annual,Available
LBY,Libya,Copernicus DEM,Copernicus,Raster DEM (30m/90m),Registration,2020,Present,Irregular,Available
LBY,Libya,Global Surface Water (GSW),JRC/Google,Raster water occurrence/seasonality,Open,1984,Present,Annual,Available
LBY,Libya,OpenStreetMap,OpenStreetMap,Vector roads/railways/waterways/landuse/buildings,Open,2004,Present,Continuous,Available
LBY,Libya,WDPA (Protected Planet),UNEP-WCMC & IUCN,Vector protected areas,Registration,2005,Present,Monthly,Available
LBY,Libya,WorldPop/GHS-POP,WorldPop / JRC (GHS-POP),Raster population density,Open,2000,Present,1–5 years,Available
LBY,Libya,FEMA NFHL,FEMA,Vector flood hazard zones,Open,2003,Present,Rolling,N/A
LBY,Libya,USGS NHD,USGS,Vector hydrography,Open,2000,Present,Rolling,N/A
LBY,Libya,NPMS,PHMSA,Vector pipelines,Restricted,2002,Present,Annual/Rolling,N/A
LBY,Libya,LiDAR DEM 1m,National/Provincial/State programs,Raster DEM (1m),Open/Restricted,2000,Present,Project-based,Varies
LIE,Liechtenstein,Sentinel-2 L2A,ESA via Microsoft Planetary Computer Earth Search,"Raster multispectral (13 bands, 10/20/60m)",Open,2015-06,Present,~5 days,Available
LIE,Liechtenstein,ESA WorldCover 10m,ESA (AWS S3),Raster land cover (10m),Open,2020,2021,Annual,Available
LIE,Liechtenstein,Copernicus DEM,Copernicus,Raster DEM (30m/90m),Registration,2020,Present,Irregular,Available
LIE,Liechtenstein,Global Surface Water (GSW),JRC/Google,Raster water occurrence/seasonality,Open,1984,Present,Annual,Available
LIE,Liechtenstein,OpenStreetMap,OpenStreetMap,Vector roads/railways/waterways/landuse/buildings,Open,2004,Present,Continuous,Available
LIE,Liechtenstein,WDPA (Protected Planet),UNEP-WCMC & IUCN,Vector protected areas,Registration,2005,Present,Monthly,Available
LIE,Liechtenstein,WorldPop/GHS-POP,WorldPop / JRC (GHS-POP),Raster population density,Open,2000,Present,1–5 years,Available
LIE,Liechtenstein,FEMA NFHL,FEMA,Vector flood hazard zones,Open,2003,Present,Rolling,N/A
LIE,Liechtenstein,USGS NHD,USGS,Vector hydrography,Open,2000,Present,Rolling,N/A
LIE,Liechtenstein,NPMS,PHMSA,Vector pipelines,Restricted,2002,Present,Annual/Rolling,N/A
LIE,Liechtenstein,LiDAR DEM 1m,National/Provincial/State programs,Raster DEM (1m),Open/Restricted,2000,Present,Project-based,Varies
LTU,Lithuania,Sentinel-2 L2A,ESA via Microsoft Planetary Computer Earth Search,"Raster multispectral (13 bands, 10/20/60m)",Open,2015-06,Present,~5 days,Available
LTU,Lithuania,ESA WorldCover 10m,ESA (AWS S3),Raster land cover (10m),Open,2020,2021,Annual,Available
LTU,Lithuania,Copernicus DEM,Copernicus,Raster DEM (30m/90m),Registration,2020,Present,Irregular,Available
LTU,Lithuania,Global Surface Water (GSW),JRC/Google,Raster water occurrence/seasonality,Open,1984,Present,Annual,Available
LTU,Lithuania,OpenStreetMap,OpenStreetMap,Vector roads/railways/waterways/landuse/buildings,Open,2004,Present,Continuous,Available
LTU,Lithuania,WDPA (Protected Planet),UNEP-WCMC & IUCN,Vector protected areas,Registration,2005,Present,Monthly,Available
LTU,Lithuania,WorldPop/GHS-POP,WorldPop / JRC (GHS-POP),Raster population density,Open,2000,Present,1–5 years,Available
LTU,Lithuania,FEMA NFHL,FEMA,Vector flood hazard zones,Open,2003,Present,Rolling,N/A
LTU,Lithuania,USGS NHD,USGS,Vector hydrography,Open,2000,Present,Rolling,N/A
LTU,Lithuania,NPMS,PHMSA,Vector pipelines,Restricted,2002,Present,Annual/Rolling,N/A
LTU,Lithuania,LiDAR DEM 1m,National/Provincial/State programs,Raster DEM (1m),Open/Restricted,2000,Present,Project-based,Varies
LUX,Luxembourg,Sentinel-2 L2A,ESA via Microsoft Planetary Computer Earth Search,"Raster multispectral (13 bands, 10/20/60m)",Open,2015-06,Present,~5 days,Available
LUX,Luxembourg,ESA WorldCover 10m,ESA (AWS S3),Raster land cover (10m),Open,2020,2021,Annual,Available
LUX,Luxembourg,Copernicus DEM,Copernicus,Raster DEM (30m/90m),Registration,2020,Present,Irregular,Available
LUX,Luxembourg,Global Surface Water (GSW),JRC/Google,Raster water occurrence/seasonality,Open,1984,Present,Annual,Available
LUX,Luxembourg,OpenStreetMap,OpenStreetMap,Vector roads/railways/waterways/landuse/buildings,Open,2004,Present,Continuous,Available
LUX,Luxembourg,WDPA (Protected Planet),UNEP-WCMC & IUCN,Vector protected areas,Registration,2005,Present,Monthly,Available
LUX,Luxembourg,WorldPop/GHS-POP,WorldPop / JRC (GHS-POP),Raster population density,Open,2000,Present,1–5 years,Available
LUX,Luxembourg,FEMA NFHL,FEMA,Vector flood hazard zones,Open,2003,Present,Rolling,N/A
LUX,Luxembourg,USGS NHD,USGS,Vector hydrography,Open,2000,Present,Rolling,N/A
LUX,Luxembourg,NPMS,PHMSA,Vector pipelines,Restricted,2002,Present,Annual/Rolling,N/A
LUX,Luxembourg,LiDAR DEM 1m,National/Provincial/State programs,Raster DEM (1m),Open/Restricted,2000,Present,Project-based,Varies
MAC,Macao,Sentinel-2 L2A,ESA via Microsoft Planetary Computer Earth Search,"Raster multispectral (13 bands, 10/20/60m)",Open,2015-06,Present,~5 days,Available
MAC,Macao,ESA WorldCover 10m,ESA (AWS S3),Raster land cover (10m),Open,2020,2021,Annual,Available
MAC,Macao,Copernicus DEM,Copernicus,Raster DEM (30m/90m),Registration,2020,Present,Irregular,Available
MAC,Macao,Global Surface Water (GSW),JRC/Google,Raster water occurrence/seasonality,Open,1984,Present,Annual,Available
MAC,Macao,OpenStreetMap,OpenStreetMap,Vector roads/railways/waterways/landuse/buildings,Open,2004,Present,Continuous,Available
MAC,Macao,WDPA (Protected Planet),UNEP-WCMC & IUCN,Vector protected areas,Registration,2005,Present,Monthly,Available
MAC,Macao,WorldPop/GHS-POP,WorldPop / JRC (GHS-POP),Raster population density,Open,2000,Present,1–5 years,Available
MAC,Macao,FEMA NFHL,FEMA,Vector flood hazard zones,Open,2003,Present,Rolling,N/A
MAC,Macao,USGS NHD,USGS,Vector hydrography,Open,2000,Present,Rolling,N/A
MAC,Macao,NPMS,PHMSA,Vector pipelines,Restricted,2002,Present,Annual/Rolling,N/A
MAC,Macao,LiDAR DEM 1m,National/Provincial/State programs,Raster DEM (1m),Open/Restricted,2000,Present,Project-based,Varies
MDG,Madagascar,Sentinel-2 L2A,ESA via Microsoft Planetary Computer Earth Search,"Raster multispectral (13 bands, 10/20/60m)",Open,2015-06,Present,~5 days,Available
MDG,Madagascar,ESA WorldCover 10m,ESA (AWS S3),Raster land cover (10m),Open,2020,2021,Annual,Available
MDG,Madagascar,Copernicus DEM,Copernicus,Raster DEM (30m/90m),Registration,2020,Present,Irregular,Available
MDG,Madagascar,Global Surface Water (GSW),JRC/Google,Raster water occurrence/seasonality,Open,1984,Present,Annual,Available
MDG,Madagascar,OpenStreetMap,OpenStreetMap,Vector roads/railways/waterways/landuse/buildings,Open,2004,Present,Continuous,Available
MDG,Madagascar,WDPA (Protected Planet),UNEP-WCMC & IUCN,Vector protected areas,Registration,2005,Present,Monthly,Available
MDG,Madagascar,WorldPop/GHS-POP,WorldPop / JRC (GHS-POP),Raster population density,Open,2000,Present,1–5 years,Available
MDG,Madagascar,FEMA NFHL,FEMA,Vector flood hazard zones,Open,2003,Present,Rolling,N/A
MDG,Madagascar,USGS NHD,USGS,Vector hydrography,Open,2000,Present,Rolling,N/A
MDG,Madagascar,NPMS,PHMSA,Vector pipelines,Restricted,2002,Present,Annual/Rolling,N/A
MDG,Madagascar,LiDAR DEM 1m,National/Provincial/State programs,Raster DEM (1m),Open/Restricted,2000,Present,Project-based,Varies
MWI,Malawi,Sentinel-2 L2A,ESA via Microsoft Planetary Computer Earth Search,"Raster multispectral (13 bands, 10/20/60m)",Open,2015-06,Present,~5 days,Available
MWI,Malawi,ESA WorldCover 10m,ESA (AWS S3),Raster land cover (10m),Open,2020,2021,Annual,Available
MWI,Malawi,Copernicus DEM,Copernicus,Raster DEM (30m/90m),Registration,2020,Present,Irregular,Available
MWI,Malawi,Global Surface Water (GSW),JRC/Google,Raster water occurrence/seasonality,Open,1984,Present,Annual,Available
MWI,Malawi,OpenStreetMap,OpenStreetMap,Vector roads/railways/waterways/landuse/buildings,Open,2004,Present,Continuous,Available
MWI,Malawi,WDPA (Protected Planet),UNEP-WCMC & IUCN,Vector protected areas,Registration,2005,Present,Monthly,Available
MWI,Malawi,WorldPop/GHS-POP,WorldPop / JRC (GHS-POP),Raster population density,Open,2000,Present,1–5 years,Available
MWI,Malawi,FEMA NFHL,FEMA,Vector flood hazard zones,Open,2003,Present,Rolling,N/A
MWI,Malawi,USGS NHD,USGS,Vector hydrography,Open,2000,Present,Rolling,N/A
MWI,Malawi,NPMS,PHMSA,Vector pipelines,Restricted,2002,Present,Annual/Rolling,N/A
MWI,Malawi,LiDAR DEM 1m,National/Provincial/State programs,Raster DEM (1m),Open/Restricted,2000,Present,Project-based,Varies
MYS,Malaysia,Sentinel-2 L2A,ESA via Microsoft Planetary Computer Earth Search,"Raster multispectral (13 bands, 10/20/60m)",Open,2015-06,Present,~5 days,Available
MYS,Malaysia,ESA WorldCover 10m,ESA (AWS S3),Raster land cover (10m),Open,2020,2021,Annual,Available
MYS,Malaysia,Copernicus DEM,Copernicus,Raster DEM (30m/90m),Registration,2020,Present,Irregular,Available
MYS,Malaysia,Global Surface Water (GSW),JRC/Google,Raster water occurrence/seasonality,Open,1984,Present,Annual,Available
MYS,Malaysia,OpenStreetMap,OpenStreetMap,Vector roads/railways/waterways/landuse/buildings,Open,2004,Present,Continuous,Available
MYS,Malaysia,WDPA (Protected Planet),UNEP-WCMC & IUCN,Vector protected areas,Registration,2005,Present,Monthly,Available
MYS,Malaysia,WorldPop/GHS-POP,WorldPop / JRC (GHS-POP),Raster population density,Open,2000,Present,1–5 years,Available
MYS,Malaysia,FEMA NFHL,FEMA,Vector flood hazard zones,Open,2003,Present,Rolling,N/A
MYS,Malaysia,USGS NHD,USGS,Vector hydrography,Open,2000,Present,Rolling,N/A
MYS,Malaysia,NPMS,PHMSA,Vector pipelines,Restricted,2002,Present,Annual/Rolling,N/A
MYS,Malaysia,LiDAR DEM 1m,National/Provincial/State programs,Raster DEM (1m),Open/Restricted,2000,Present,Project-based,Varies
MDV,Maldives,Sentinel-2 L2A,ESA via Microsoft Planetary Computer Earth Search,"Raster multispectral (13 bands, 10/20/60m)",Open,2015-06,Present,~5 days,Available
MDV,Maldives,ESA WorldCover 10m,ESA (AWS S3),Raster land cover (10m),Open,2020,2021,Annual,Available
MDV,Maldives,Copernicus DEM,Copernicus,Raster DEM (30m/90m),Registration,2020,Present,Irregular,Available
MDV,Maldives,Global Surface Water (GSW),JRC/Google,Raster water occurrence/seasonality,Open,1984,Present,Annual,Available
MDV,Maldives,OpenStreetMap,OpenStreetMap,Vector roads/railways/waterways/landuse/buildings,Open,2004,Present,Continuous,Available
MDV,Maldives,WDPA (Protected Planet),UNEP-WCMC & IUCN,Vector protected areas,Registration,2005,Present,Monthly,Available
MDV,Maldives,WorldPop/GHS-POP,WorldPop / JRC (GHS-POP),Raster population density,Open,2000,Present,1–5 years,Available
MDV,Maldives,FEMA NFHL,FEMA,Vector flood hazard zones,Open,2003,Present,Rolling,N/A
MDV,Maldives,USGS NHD,USGS,Vector hydrography,Open,2000,Present,Rolling,N/A
MDV,Maldives,NPMS,PHMSA,Vector pipelines,Restricted,2002,Present,Annual/Rolling,N/A
MDV,Maldives,LiDAR DEM 1m,National/Provincial/State programs,Raster DEM (1m),Open/Restricted,2000,Present,Project-based,Varies
MLI,Mali,Sentinel-2 L2A,ESA via Microsoft Planetary Computer Earth Search,"Raster multispectral (13 bands, 10/20/60m)",Open,2015-06,Present,~5 days,Available
MLI,Mali,ESA WorldCover 10m,ESA (AWS S3),Raster land cover (10m),Open,2020,2021,Annual,Available
MLI,Mali,Copernicus DEM,Copernicus,Raster DEM (30m/90m),Registration,2020,Present,Irregular,Available
MLI,Mali,Global Surface Water (GSW),JRC/Google,Raster water occurrence/seasonality,Open,1984,Present,Annual,Available
MLI,Mali,OpenStreetMap,OpenStreetMap,Vector roads/railways/waterways/landuse/buildings,Open,2004,Present,Continuous,Available
MLI,Mali,WDPA (Protected Planet),UNEP-WCMC & IUCN,Vector protected areas,Registration,2005,Present,Monthly,Available
MLI,Mali,WorldPop/GHS-POP,WorldPop / JRC (GHS-POP),Raster population density,Open,2000,Present,1–5 years,Available
MLI,Mali,FEMA NFHL,FEMA,Vector flood hazard zones,Open,2003,Present,Rolling,N/A
MLI,Mali,USGS NHD,USGS,Vector hydrography,Open,2000,Present,Rolling,N/A
MLI,Mali,NPMS,PHMSA,Vector pipelines,Restricted,2002,Present,Annual/Rolling,N/A
MLI,Mali,LiDAR DEM 1m,National/Provincial/State programs,Raster DEM (1m),Open/Restricted,2000,Present,Project-based,Varies
MLT,Malta,Sentinel-2 L2A,ESA via Microsoft Planetary Computer Earth Search,"Raster multispectral (13 bands, 10/20/60m)",Open,2015-06,Present,~5 days,Available
MLT,Malta,ESA WorldCover 10m,ESA (AWS S3),Raster land cover (10m),Open,2020,2021,Annual,Available
MLT,Malta,Copernicus DEM,Copernicus,Raster DEM (30m/90m),Registration,2020,Present,Irregular,Available
MLT,Malta,Global Surface Water (GSW),JRC/Google,Raster water occurrence/seasonality,Open,1984,Present,Annual,Available
MLT,Malta,OpenStreetMap,OpenStreetMap,Vector roads/railways/waterways/landuse/buildings,Open,2004,Present,Continuous,Available
MLT,Malta,WDPA (Protected Planet),UNEP-WCMC & IUCN,Vector protected areas,Registration,2005,Present,Monthly,Available
MLT,Malta,WorldPop/GHS-POP,WorldPop / JRC (GHS-POP),Raster population density,Open,2000,Present,1–5 years,Available
MLT,Malta,FEMA NFHL,FEMA,Vector flood hazard zones,Open,2003,Present,Rolling,N/A
MLT,Malta,USGS NHD,USGS,Vector hydrography,Open,2000,Present,Rolling,N/A
MLT,Malta,NPMS,PHMSA,Vector pipelines,Restricted,2002,Present,Annual/Rolling,N/A
MLT,Malta,LiDAR DEM 1m,National/Provincial/State programs,Raster DEM (1m),Open/Restricted,2000,Present,Project-based,Varies
MHL,Marshall Islands,Sentinel-2 L2A,ESA via Microsoft Planetary Computer Earth Search,"Raster multispectral (13 bands, 10/20/60m)",Open,2015-06,Present,~5 days,Available
MHL,Marshall Islands,ESA WorldCover 10m,ESA (AWS S3),Raster land cover (10m),Open,2020,2021,Annual,Available
MHL,Marshall Islands,Copernicus DEM,Copernicus,Raster DEM (30m/90m),Registration,2020,Present,Irregular,Available
MHL,Marshall Islands,Global Surface Water (GSW),JRC/Google,Raster water occurrence/seasonality,Open,1984,Present,Annual,Available
MHL,Marshall Islands,OpenStreetMap,OpenStreetMap,Vector roads/railways/waterways/landuse/buildings,Open,2004,Present,Continuous,Available
MHL,Marshall Islands,WDPA (Protected Planet),UNEP-WCMC & IUCN,Vector protected areas,Registration,2005,Present,Monthly,Available
MHL,Marshall Islands,WorldPop/GHS-POP,WorldPop / JRC (GHS-POP),Raster population density,Open,2000,Present,1–5 years,Available
MHL,Marshall Islands,FEMA NFHL,FEMA,Vector flood hazard zones,Open,2003,Present,Rolling,N/A
MHL,Marshall Islands,USGS NHD,USGS,Vector hydrography,Open,2000,Present,Rolling,N/A
MHL,Marshall Islands,NPMS,PHMSA,Vector pipelines,Restricted,2002,Present,Annual/Rolling,N/A
MHL,Marshall Islands,LiDAR DEM 1m,National/Provincial/State programs,Raster DEM (1m),Open/Restricted,2000,Present,Project-based,Varies
MTQ,Martinique,Sentinel-2 L2A,ESA via Microsoft Planetary Computer Earth Search,"Raster multispectral (13 bands, 10/20/60m)",Open,2015-06,Present,~5 days,Available
MTQ,Martinique,ESA WorldCover 10m,ESA (AWS S3),Raster land cover (10m),Open,2020,2021,Annual,Available
MTQ,Martinique,Copernicus DEM,Copernicus,Raster DEM (30m/90m),Registration,2020,Present,Irregular,Available
MTQ,Martinique,Global Surface Water (GSW),JRC/Google,Raster water occurrence/seasonality,Open,1984,Present,Annual,Available
MTQ,Martinique,OpenStreetMap,OpenStreetMap,Vector roads/railways/waterways/landuse/buildings,Open,2004,Present,Continuous,Available
MTQ,Martinique,WDPA (Protected Planet),UNEP-WCMC & IUCN,Vector protected areas,Registration,2005,Present,Monthly,Available
MTQ,Martinique,WorldPop/GHS-POP,WorldPop / JRC (GHS-POP),Raster population density,Open,2000,Present,1–5 years,Available
MTQ,Martinique,FEMA NFHL,FEMA,Vector flood hazard zones,Open,2003,Present,Rolling,N/A
MTQ,Martinique,USGS NHD,USGS,Vector hydrography,Open,2000,Present,Rolling,N/A
MTQ,Martinique,NPMS,PHMSA,Vector pipelines,Restricted,2002,Present,Annual/Rolling,N/A
MTQ,Martinique,LiDAR DEM 1m,National/Provincial/State programs,Raster DEM (1m),Open/Restricted,2000,Present,Project-based,Varies
MRT,Mauritania,Sentinel-2 L2A,ESA via Microsoft Planetary Computer Earth Search,"Raster multispectral (13 bands, 10/20/60m)",Open,2015-06,Present,~5 days,Available
MRT,Mauritania,ESA WorldCover 10m,ESA (AWS S3),Raster land cover (10m),Open,2020,2021,Annual,Available
MRT,Mauritania,Copernicus DEM,Copernicus,Raster DEM (30m/90m),Registration,2020,Present,Irregular,Available
MRT,Mauritania,Global Surface Water (GSW),JRC/Google,Raster water occurrence/seasonality,Open,1984,Present,Annual,Available
MRT,Mauritania,OpenStreetMap,OpenStreetMap,Vector roads/railways/waterways/landuse/buildings,Open,2004,Present,Continuous,Available
MRT,Mauritania,WDPA (Protected Planet),UNEP-WCMC & IUCN,Vector protected areas,Registration,2005,Present,Monthly,Available
MRT,Mauritania,WorldPop/GHS-POP,WorldPop / JRC (GHS-POP),Raster population density,Open,2000,Present,1–5 years,Available
MRT,Mauritania,FEMA NFHL,FEMA,Vector flood hazard zones,Open,2003,Present,Rolling,N/A
MRT,Mauritania,USGS NHD,USGS,Vector hydrography,Open,2000,Present,Rolling,N/A
MRT,Mauritania,NPMS,PHMSA,Vector pipelines,Restricted,2002,Present,Annual/Rolling,N/A
MRT,Mauritania,LiDAR DEM 1m,National/Provincial/State programs,Raster DEM (1m),Open/Restricted,2000,Present,Project-based,Varies
MUS,Mauritius,Sentinel-2 L2A,ESA via Microsoft Planetary Computer Earth Search,"Raster multispectral (13 bands, 10/20/60m)",Open,2015-06,Present,~5 days,Available
MUS,Mauritius,ESA WorldCover 10m,ESA (AWS S3),Raster land cover (10m),Open,2020,2021,Annual,Available
MUS,Mauritius,Copernicus DEM,Copernicus,Raster DEM (30m/90m),Registration,2020,Present,Irregular,Available
MUS,Mauritius,Global Surface Water (GSW),JRC/Google,Raster water occurrence/seasonality,Open,1984,Present,Annual,Available
MUS,Mauritius,OpenStreetMap,OpenStreetMap,Vector roads/railways/waterways/landuse/buildings,Open,2004,Present,Continuous,Available
MUS,Mauritius,WDPA (Protected Planet),UNEP-WCMC & IUCN,Vector protected areas,Registration,2005,Present,Monthly,Available
MUS,Mauritius,WorldPop/GHS-POP,WorldPop / JRC (GHS-POP),Raster population density,Open,2000,Present,1–5 years,Available
MUS,Mauritius,FEMA NFHL,FEMA,Vector flood hazard zones,Open,2003,Present,Rolling,N/A
MUS,Mauritius,USGS NHD,USGS,Vector hydrography,Open,2000,Present,Rolling,N/A
MUS,Mauritius,NPMS,PHMSA,Vector pipelines,Restricted,2002,Present,Annual/Rolling,N/A
MUS,Mauritius,LiDAR DEM 1m,National/Provincial/State programs,Raster DEM (1m),Open/Restricted,2000,Present,Project-based,Varies
MYT,Mayotte,Sentinel-2 L2A,ESA via Microsoft Planetary Computer Earth Search,"Raster multispectral (13 bands, 10/20/60m)",Open,2015-06,Present,~5 days,Available
MYT,Mayotte,ESA WorldCover 10m,ESA (AWS S3),Raster land cover (10m),Open,2020,2021,Annual,Available
MYT,Mayotte,Copernicus DEM,Copernicus,Raster DEM (30m/90m),Registration,2020,Present,Irregular,Available
MYT,Mayotte,Global Surface Water (GSW),JRC/Google,Raster water occurrence/seasonality,Open,1984,Present,Annual,Available
MYT,Mayotte,OpenStreetMap,OpenStreetMap,Vector roads/railways/waterways/landuse/buildings,Open,2004,Present,Continuous,Available
MYT,Mayotte,WDPA (Protected Planet),UNEP-WCMC & IUCN,Vector protected areas,Registration,2005,Present,Monthly,Available
MYT,Mayotte,WorldPop/GHS-POP,WorldPop / JRC (GHS-POP),Raster population density,Open,2000,Present,1–5 years,Available
MYT,Mayotte,FEMA NFHL,FEMA,Vector flood hazard zones,Open,2003,Present,Rolling,N/A
MYT,Mayotte,USGS NHD,USGS,Vector hydrography,Open,2000,Present,Rolling,N/A
MYT,Mayotte,NPMS,PHMSA,Vector pipelines,Restricted,2002,Present,Annual/Rolling,N/A
MYT,Mayotte,LiDAR DEM 1m,National/Provincial/State programs,Raster DEM (1m),Open/Restricted,2000,Present,Project-based,Varies
MEX,Mexico,Sentinel-2 L2A,ESA via Microsoft Planetary Computer Earth Search,"Raster multispectral (13 bands, 10/20/60m)",Open,2015-06,Present,~5 days,Available
MEX,Mexico,ESA WorldCover 10m,ESA (AWS S3),Raster land cover (10m),Open,2020,2021,Annual,Available
MEX,Mexico,Copernicus DEM,Copernicus,Raster DEM (30m/90m),Registration,2020,Present,Irregular,Available
MEX,Mexico,Global Surface Water (GSW),JRC/Google,Raster water occurrence/seasonality,Open,1984,Present,Annual,Available
MEX,Mexico,OpenStreetMap,OpenStreetMap,Vector roads/railways/waterways/landuse/buildings,Open,2004,Present,Continuous,Available
MEX,Mexico,WDPA (Protected Planet),UNEP-WCMC & IUCN,Vector protected areas,Registration,2005,Present,Monthly,Available
MEX,Mexico,WorldPop/GHS-POP,WorldPop / JRC (GHS-POP),Raster population density,Open,2000,Present,1–5 years,Available
MEX,Mexico,FEMA NFHL,FEMA,Vector flood hazard zones,Open,2003,Present,Rolling,N/A
MEX,Mexico,USGS NHD,USGS,Vector hydrography,Open,2000,Present,Rolling,N/A
MEX,Mexico,NPMS,PHMSA,Vector pipelines,Restricted,2002,Present,Annual/Rolling,N/A
MEX,Mexico,LiDAR DEM 1m,National/Provincial/State programs,Raster DEM (1m),Open/Restricted,2000,Present,Project-based,Varies
FSM,"Micronesia, Federated States of",Sentinel-2 L2A,ESA via Microsoft Planetary Computer Earth Search,"Raster multispectral (13 bands, 10/20/60m)",Open,2015-06,Present,~5 days,Available
FSM,"Micronesia, Federated States of",ESA WorldCover 10m,ESA (AWS S3),Raster land cover (10m),Open,2020,2021,Annual,Available
FSM,"Micronesia, Federated States of",Copernicus DEM,Copernicus,Raster DEM (30m/90m),Registration,2020,Present,Irregular,Available
FSM,"Micronesia, Federated States of",Global Surface Water (GSW),JRC/Google,Raster water occurrence/seasonality,Open,1984,Present,Annual,Available
FSM,"Micronesia, Federated States of",OpenStreetMap,OpenStreetMap,Vector roads/railways/waterways/landuse/buildings,Open,2004,Present,Continuous,Available
FSM,"Micronesia, Federated States of",WDPA (Protected Planet),UNEP-WCMC & IUCN,Vector protected areas,Registration,2005,Present,Monthly,Available
FSM,"Micronesia, Federated States of",WorldPop/GHS-POP,WorldPop / JRC (GHS-POP),Raster population density,Open,2000,Present,1–5 years,Available
FSM,"Micronesia, Federated States of",FEMA NFHL,FEMA,Vector flood hazard zones,Open,2003,Present,Rolling,N/A
FSM,"Micronesia, Federated States of",USGS NHD,USGS,Vector hydrography,Open,2000,Present,Rolling,N/A
FSM,"Micronesia, Federated States of",NPMS,PHMSA,Vector pipelines,Restricted,2002,Present,Annual/Rolling,N/A
FSM,"Micronesia, Federated States of",LiDAR DEM 1m,National/Provincial/State programs,Raster DEM (1m),Open/Restricted,2000,Present,Project-based,Varies
MDA,"Moldova, Republic of",Sentinel-2 L2A,ESA via Microsoft Planetary Computer Earth Search,"Raster multispectral (13 bands, 10/20/60m)",Open,2015-06,Present,~5 days,Available
MDA,"Moldova, Republic of",ESA WorldCover 10m,ESA (AWS S3),Raster land cover (10m),Open,2020,2021,Annual,Available
MDA,"Moldova, Republic of",Copernicus DEM,Copernicus,Raster DEM (30m/90m),Registration,2020,Present,Irregular,Available
MDA,"Moldova, Republic of",Global Surface Water (GSW),JRC/Google,Raster water occurrence/seasonality,Open,1984,Present,Annual,Available
MDA,"Moldova, Republic of",OpenStreetMap,OpenStreetMap,Vector roads/railways/waterways/landuse/buildings,Open,2004,Present,Continuous,Available
MDA,"Moldova, Republic of",WDPA (Protected Planet),UNEP-WCMC & IUCN,Vector protected areas,Registration,2005,Present,Monthly,Available
MDA,"Moldova, Republic of",WorldPop/GHS-POP,WorldPop / JRC (GHS-POP),Raster population density,Open,2000,Present,1–5 years,Available
MDA,"Moldova, Republic of",FEMA NFHL,FEMA,Vector flood hazard zones,Open,2003,Present,Rolling,N/A
MDA,"Moldova, Republic of",USGS NHD,USGS,Vector hydrography,Open,2000,Present,Rolling,N/A
MDA,"Moldova, Republic of",NPMS,PHMSA,Vector pipelines,Restricted,2002,Present,Annual/Rolling,N/A
MDA,"Moldova, Republic of",LiDAR DEM 1m,National/Provincial/State programs,Raster DEM (1m),Open/Restricted,2000,Present,Project-based,Varies
MCO,Monaco,Sentinel-2 L2A,ESA via Microsoft Planetary Computer Earth Search,"Raster multispectral (13 bands, 10/20/60m)",Open,2015-06,Present,~5 days,Available
MCO,Monaco,ESA WorldCover 10m,ESA (AWS S3),Raster land cover (10m),Open,2020,2021,Annual,Available
MCO,Monaco,Copernicus DEM,Copernicus,Raster DEM (30m/90m),Registration,2020,Present,Irregular,Available
MCO,Monaco,Global Surface Water (GSW),JRC/Google,Raster water occurrence/seasonality,Open,1984,Present,Annual,Available
MCO,Monaco,OpenStreetMap,OpenStreetMap,Vector roads/railways/waterways/landuse/buildings,Open,2004,Present,Continuous,Available
MCO,Monaco,WDPA (Protected Planet),UNEP-WCMC & IUCN,Vector protected areas,Registration,2005,Present,Monthly,Available
MCO,Monaco,WorldPop/GHS-POP,WorldPop / JRC (GHS-POP),Raster population density,Open,2000,Present,1–5 years,Available
MCO,Monaco,FEMA NFHL,FEMA,Vector flood hazard zones,Open,2003,Present,Rolling,N/A
MCO,Monaco,USGS NHD,USGS,Vector hydrography,Open,2000,Present,Rolling,N/A
MCO,Monaco,NPMS,PHMSA,Vector pipelines,Restricted,2002,Present,Annual/Rolling,N/A
MCO,Monaco,LiDAR DEM 1m,National/Provincial/State programs,Raster DEM (1m),Open/Restricted,2000,Present,Project-based,Varies
MNG,Mongolia,Sentinel-2 L2A,ESA via Microsoft Planetary Computer Earth Search,"Raster multispectral (13 bands, 10/20/60m)",Open,2015-06,Present,~5 days,Available
MNG,Mongolia,ESA WorldCover 10m,ESA (AWS S3),Raster land cover (10m),Open,2020,2021,Annual,Available
MNG,Mongolia,Copernicus DEM,Copernicus,Raster DEM (30m/90m),Registration,2020,Present,Irregular,Available
MNG,Mongolia,Global Surface Water (GSW),JRC/Google,Raster water occurrence/seasonality,Open,1984,Present,Annual,Available
MNG,Mongolia,OpenStreetMap,OpenStreetMap,Vector roads/railways/waterways/landuse/buildings,Open,2004,Present,Continuous,Available
MNG,Mongolia,WDPA (Protected Planet),UNEP-WCMC & IUCN,Vector protected areas,Registration,2005,Present,Monthly,Available
MNG,Mongolia,WorldPop/GHS-POP,WorldPop / JRC (GHS-POP),Raster population density,Open,2000,Present,1–5 years,Available
MNG,Mongolia,FEMA NFHL,FEMA,Vector flood hazard zones,Open,2003,Present,Rolling,N/A
MNG,Mongolia,USGS NHD,USGS,Vector hydrography,Open,2000,Present,Rolling,N/A
MNG,Mongolia,NPMS,PHMSA,Vector pipelines,Restricted,2002,Present,Annual/Rolling,N/A
MNG,Mongolia,LiDAR DEM 1m,National/Provincial/State programs,Raster DEM (1m),Open/Restricted,2000,Present,Project-based,Varies
MNE,Montenegro,Sentinel-2 L2A,ESA via Microsoft Planetary Computer Earth Search,"Raster multispectral (13 bands, 10/20/60m)",Open,2015-06,Present,~5 days,Available
MNE,Montenegro,ESA WorldCover 10m,ESA (AWS S3),Raster land cover (10m),Open,2020,2021,Annual,Available
MNE,Montenegro,Copernicus DEM,Copernicus,Raster DEM (30m/90m),Registration,2020,Present,Irregular,Available
MNE,Montenegro,Global Surface Water (GSW),JRC/Google,Raster water occurrence/seasonality,Open,1984,Present,Annual,Available
MNE,Montenegro,OpenStreetMap,OpenStreetMap,Vector roads/railways/waterways/landuse/buildings,Open,2004,Present,Continuous,Available
MNE,Montenegro,WDPA (Protected Planet),UNEP-WCMC & IUCN,Vector protected areas,Registration,2005,Present,Monthly,Available
MNE,Montenegro,WorldPop/GHS-POP,WorldPop / JRC (GHS-POP),Raster population density,Open,2000,Present,1–5 years,Available
MNE,Montenegro,FEMA NFHL,FEMA,Vector flood hazard zones,Open,2003,Present,Rolling,N/A
MNE,Montenegro,USGS NHD,USGS,Vector hydrography,Open,2000,Present,Rolling,N/A
MNE,Montenegro,NPMS,PHMSA,Vector pipelines,Restricted,2002,Present,Annual/Rolling,N/A
MNE,Montenegro,LiDAR DEM 1m,National/Provincial/State programs,Raster DEM (1m),Open/Restricted,2000,Present,Project-based,Varies
MSR,Montserrat,Sentinel-2 L2A,ESA via Microsoft Planetary Computer Earth Search,"Raster multispectral (13 bands, 10/20/60m)",Open,2015-06,Present,~5 days,Available
MSR,Montserrat,ESA WorldCover 10m,ESA (AWS S3),Raster land cover (10m),Open,2020,2021,Annual,Available
MSR,Montserrat,Copernicus DEM,Copernicus,Raster DEM (30m/90m),Registration,2020,Present,Irregular,Available
MSR,Montserrat,Global Surface Water (GSW),JRC/Google,Raster water occurrence/seasonality,Open,1984,Present,Annual,Available
MSR,Montserrat,OpenStreetMap,OpenStreetMap,Vector roads/railways/waterways/landuse/buildings,Open,2004,Present,Continuous,Available
MSR,Montserrat,WDPA (Protected Planet),UNEP-WCMC & IUCN,Vector protected areas,Registration,2005,Present,Monthly,Available
MSR,Montserrat,WorldPop/GHS-POP,WorldPop / JRC (GHS-POP),Raster population density,Open,2000,Present,1–5 years,Available
MSR,Montserrat,FEMA NFHL,FEMA,Vector flood hazard zones,Open,2003,Present,Rolling,N/A
MSR,Montserrat,USGS NHD,USGS,Vector hydrography,Open,2000,Present,Rolling,N/A
MSR,Montserrat,NPMS,PHMSA,Vector pipelines,Restricted,2002,Present,Annual/Rolling,N/A
MSR,Montserrat,LiDAR DEM 1m,National/Provincial/State programs,Raster DEM (1m),Open/Restricted,2000,Present,Project-based,Varies
MAR,Morocco,Sentinel-2 L2A,ESA via Microsoft Planetary Computer Earth Search,"Raster multispectral (13 bands, 10/20/60m)",Open,2015-06,Present,~5 days,Available
MAR,Morocco,ESA WorldCover 10m,ESA (AWS S3),Raster land cover (10m),Open,2020,2021,Annual,Available
MAR,Morocco,Copernicus DEM,Copernicus,Raster DEM (30m/90m),Registration,2020,Present,Irregular,Available
MAR,Morocco,Global Surface Water (GSW),JRC/Google,Raster water occurrence/seasonality,Open,1984,Present,Annual,Available
MAR,Morocco,OpenStreetMap,OpenStreetMap,Vector roads/railways/waterways/landuse/buildings,Open,2004,Present,Continuous,Available
MAR,Morocco,WDPA (Protected Planet),UNEP-WCMC & IUCN,Vector protected areas,Registration,2005,Present,Monthly,Available
MAR,Morocco,WorldPop/GHS-POP,WorldPop / JRC (GHS-POP),Raster population density,Open,2000,Present,1–5 years,Available
MAR,Morocco,FEMA NFHL,FEMA,Vector flood hazard zones,Open,2003,Present,Rolling,N/A
MAR,Morocco,USGS NHD,USGS,Vector hydrography,Open,2000,Present,Rolling,N/A
MAR,Morocco,NPMS,PHMSA,Vector pipelines,Restricted,2002,Present,Annual/Rolling,N/A
MAR,Morocco,LiDAR DEM 1m,National/Provincial/State programs,Raster DEM (1m),Open/Restricted,2000,Present,Project-based,Varies
MOZ,Mozambique,Sentinel-2 L2A,ESA via Microsoft Planetary Computer Earth Search,"Raster multispectral (13 bands, 10/20/60m)",Open,2015-06,Present,~5 days,Available
MOZ,Mozambique,ESA WorldCover 10m,ESA (AWS S3),Raster land cover (10m),Open,2020,2021,Annual,Available
MOZ,Mozambique,Copernicus DEM,Copernicus,Raster DEM (30m/90m),Registration,2020,Present,Irregular,Available
MOZ,Mozambique,Global Surface Water (GSW),JRC/Google,Raster water occurrence/seasonality,Open,1984,Present,Annual,Available
MOZ,Mozambique,OpenStreetMap,OpenStreetMap,Vector roads/railways/waterways/landuse/buildings,Open,2004,Present,Continuous,Available
MOZ,Mozambique,WDPA (Protected Planet),UNEP-WCMC & IUCN,Vector protected areas,Registration,2005,Present,Monthly,Available
MOZ,Mozambique,WorldPop/GHS-POP,WorldPop / JRC (GHS-POP),Raster population density,Open,2000,Present,1–5 years,Available
MOZ,Mozambique,FEMA NFHL,FEMA,Vector flood hazard zones,Open,2003,Present,Rolling,N/A
MOZ,Mozambique,USGS NHD,USGS,Vector hydrography,Open,2000,Present,Rolling,N/A
MOZ,Mozambique,NPMS,PHMSA,Vector pipelines,Restricted,2002,Present,Annual/Rolling,N/A
MOZ,Mozambique,LiDAR DEM 1m,National/Provincial/State programs,Raster DEM (1m),Open/Restricted,2000,Present,Project-based,Varies
MMR,Myanmar,Sentinel-2 L2A,ESA via Microsoft Planetary Computer Earth Search,"Raster multispectral (13 bands, 10/20/60m)",Open,2015-06,Present,~5 days,Available
MMR,Myanmar,ESA WorldCover 10m,ESA (AWS S3),Raster land cover (10m),Open,2020,2021,Annual,Available
MMR,Myanmar,Copernicus DEM,Copernicus,Raster DEM (30m/90m),Registration,2020,Present,Irregular,Available
MMR,Myanmar,Global Surface Water (GSW),JRC/Google,Raster water occurrence/seasonality,Open,1984,Present,Annual,Available
MMR,Myanmar,OpenStreetMap,OpenStreetMap,Vector roads/railways/waterways/landuse/buildings,Open,2004,Present,Continuous,Available
MMR,Myanmar,WDPA (Protected Planet),UNEP-WCMC & IUCN,Vector protected areas,Registration,2005,Present,Monthly,Available
MMR,Myanmar,WorldPop/GHS-POP,WorldPop / JRC (GHS-POP),Raster population density,Open,2000,Present,1–5 years,Available
MMR,Myanmar,FEMA NFHL,FEMA,Vector flood hazard zones,Open,2003,Present,Rolling,N/A
MMR,Myanmar,USGS NHD,USGS,Vector hydrography,Open,2000,Present,Rolling,N/A
MMR,Myanmar,NPMS,PHMSA,Vector pipelines,Restricted,2002,Present,Annual/Rolling,N/A
MMR,Myanmar,LiDAR DEM 1m,National/Provincial/State programs,Raster DEM (1m),Open/Restricted,2000,Present,Project-based,Varies
NAM,Namibia,Sentinel-2 L2A,ESA via Microsoft Planetary Computer Earth Search,"Raster multispectral (13 bands, 10/20/60m)",Open,2015-06,Present,~5 days,Available
NAM,Namibia,ESA WorldCover 10m,ESA (AWS S3),Raster land cover (10m),Open,2020,2021,Annual,Available
NAM,Namibia,Copernicus DEM,Copernicus,Raster DEM (30m/90m),Registration,2020,Present,Irregular,Available
NAM,Namibia,Global Surface Water (GSW),JRC/Google,Raster water occurrence/seasonality,Open,1984,Present,Annual,Available
NAM,Namibia,OpenStreetMap,OpenStreetMap,Vector roads/railways/waterways/landuse/buildings,Open,2004,Present,Continuous,Available
NAM,Namibia,WDPA (Protected Planet),UNEP-WCMC & IUCN,Vector protected areas,Registration,2005,Present,Monthly,Available
NAM,Namibia,WorldPop/GHS-POP,WorldPop / JRC (GHS-POP),Raster population density,Open,2000,Present,1–5 years,Available
NAM,Namibia,FEMA NFHL,FEMA,Vector flood hazard zones,Open,2003,Present,Rolling,N/A
NAM,Namibia,USGS NHD,USGS,Vector hydrography,Open,2000,Present,Rolling,N/A
NAM,Namibia,NPMS,PHMSA,Vector pipelines,Restricted,2002,Present,Annual/Rolling,N/A
NAM,Namibia,LiDAR DEM 1m,National/Provincial/State programs,Raster DEM (1m),Open/Restricted,2000,Present,Project-based,Varies
NRU,Nauru,Sentinel-2 L2A,ESA via Microsoft Planetary Computer Earth Search,"Raster multispectral (13 bands, 10/20/60m)",Open,2015-06,Present,~5 days,Available
NRU,Nauru,ESA WorldCover 10m,ESA (AWS S3),Raster land cover (10m),Open,2020,2021,Annual,Available
NRU,Nauru,Copernicus DEM,Copernicus,Raster DEM (30m/90m),Registration,2020,Present,Irregular,Available
NRU,Nauru,Global Surface Water (GSW),JRC/Google,Raster water occurrence/seasonality,Open,1984,Present,Annual,Available
NRU,Nauru,OpenStreetMap,OpenStreetMap,Vector roads/railways/waterways/landuse/buildings,Open,2004,Present,Continuous,Available
NRU,Nauru,WDPA (Protected Planet),UNEP-WCMC & IUCN,Vector protected areas,Registration,2005,Present,Monthly,Available
NRU,Nauru,WorldPop/GHS-POP,WorldPop / JRC (GHS-POP),Raster population density,Open,2000,Present,1–5 years,Available
NRU,Nauru,FEMA NFHL,FEMA,Vector flood hazard zones,Open,2003,Present,Rolling,N/A
NRU,Nauru,USGS NHD,USGS,Vector hydrography,Open,2000,Present,Rolling,N/A
NRU,Nauru,NPMS,PHMSA,Vector pipelines,Restricted,2002,Present,Annual/Rolling,N/A
NRU,Nauru,LiDAR DEM 1m,National/Provincial/State programs,Raster DEM (1m),Open/Restricted,2000,Present,Project-based,Varies
NPL,Nepal,Sentinel-2 L2A,ESA via Microsoft Planetary Computer Earth Search,"Raster multispectral (13 bands, 10/20/60m)",Open,2015-06,Present,~5 days,Available
NPL,Nepal,ESA WorldCover 10m,ESA (AWS S3),Raster land cover (10m),Open,2020,2021,Annual,Available
NPL,Nepal,Copernicus DEM,Copernicus,Raster DEM (30m/90m),Registration,2020,Present,Irregular,Available
NPL,Nepal,Global Surface Water (GSW),JRC/Google,Raster water occurrence/seasonality,Open,1984,Present,Annual,Available
NPL,Nepal,OpenStreetMap,OpenStreetMap,Vector roads/railways/waterways/landuse/buildings,Open,2004,Present,Continuous,Available
NPL,Nepal,WDPA (Protected Planet),UNEP-WCMC & IUCN,Vector protected areas,Registration,2005,Present,Monthly,Available
NPL,Nepal,WorldPop/GHS-POP,WorldPop / JRC (GHS-POP),Raster population density,Open,2000,Present,1–5 years,Available
NPL,Nepal,FEMA NFHL,FEMA,Vector flood hazard zones,Open,2003,Present,Rolling,N/A
NPL,Nepal,USGS NHD,USGS,Vector hydrography,Open,2000,Present,Rolling,N/A
NPL,Nepal,NPMS,PHMSA,Vector pipelines,Restricted,2002,Present,Annual/Rolling,N/A
NPL,Nepal,LiDAR DEM 1m,National/Provincial/State programs,Raster DEM (1m),Open/Restricted,2000,Present,Project-based,Varies
NLD,"Netherlands, Kingdom of the",Sentinel-2 L2A,ESA via Microsoft Planetary Computer Earth Search,"Raster multispectral (13 bands, 10/20/60m)",Open,2015-06,Present,~5 days,Available
NLD,"Netherlands, Kingdom of the",ESA WorldCover 10m,ESA (AWS S3),Raster land cover (10m),Open,2020,2021,Annual,Available
NLD,"Netherlands, Kingdom of the",Copernicus DEM,Copernicus,Raster DEM (30m/90m),Registration,2020,Present,Irregular,Available
NLD,"Netherlands, Kingdom of the",Global Surface Water (GSW),JRC/Google,Raster water occurrence/seasonality,Open,1984,Present,Annual,Available
NLD,"Netherlands, Kingdom of the",OpenStreetMap,OpenStreetMap,Vector roads/railways/waterways/landuse/buildings,Open,2004,Present,Continuous,Available
NLD,"Netherlands, Kingdom of the",WDPA (Protected Planet),UNEP-WCMC & IUCN,Vector protected areas,Registration,2005,Present,Monthly,Available
NLD,"Netherlands, Kingdom of the",WorldPop/GHS-POP,WorldPop / JRC (GHS-POP),Raster population density,Open,2000,Present,1–5 years,Available
NLD,"Netherlands, Kingdom of the",FEMA NFHL,FEMA,Vector flood hazard zones,Open,2003,Present,Rolling,N/A
NLD,"Netherlands, Kingdom of the",USGS NHD,USGS,Vector hydrography,Open,2000,Present,Rolling,N/A
NLD,"Netherlands, Kingdom of the",NPMS,PHMSA,Vector pipelines,Restricted,2002,Present,Annual/Rolling,N/A
NLD,"Netherlands, Kingdom of the",LiDAR DEM 1m,National/Provincial/State programs,Raster DEM (1m),Open/Restricted,2000,Present,Project-based,Varies
NCL,New Caledonia,Sentinel-2 L2A,ESA via Microsoft Planetary Computer Earth Search,"Raster multispectral (13 bands, 10/20/60m)",Open,2015-06,Present,~5 days,Available
NCL,New Caledonia,ESA WorldCover 10m,ESA (AWS S3),Raster land cover (10m),Open,2020,2021,Annual,Available
NCL,New Caledonia,Copernicus DEM,Copernicus,Raster DEM (30m/90m),Registration,2020,Present,Irregular,Available
NCL,New Caledonia,Global Surface Water (GSW),JRC/Google,Raster water occurrence/seasonality,Open,1984,Present,Annual,Available
NCL,New Caledonia,OpenStreetMap,OpenStreetMap,Vector roads/railways/waterways/landuse/buildings,Open,2004,Present,Continuous,Available
NCL,New Caledonia,WDPA (Protected Planet),UNEP-WCMC & IUCN,Vector protected areas,Registration,2005,Present,Monthly,Available
NCL,New Caledonia,WorldPop/GHS-POP,WorldPop / JRC (GHS-POP),Raster population density,Open,2000,Present,1–5 years,Available
NCL,New Caledonia,FEMA NFHL,FEMA,Vector flood hazard zones,Open,2003,Present,Rolling,N/A
NCL,New Caledonia,USGS NHD,USGS,Vector hydrography,Open,2000,Present,Rolling,N/A
NCL,New Caledonia,NPMS,PHMSA,Vector pipelines,Restricted,2002,Present,Annual/Rolling,N/A
NCL,New Caledonia,LiDAR DEM 1m,National/Provincial/State programs,Raster DEM (1m),Open/Restricted,2000,Present,Project-based,Varies
NZL,New Zealand,Sentinel-2 L2A,ESA via Microsoft Planetary Computer Earth Search,"Raster multispectral (13 bands, 10/20/60m)",Open,2015-06,Present,~5 days,Available
NZL,New Zealand,ESA WorldCover 10m,ESA (AWS S3),Raster land cover (10m),Open,2020,2021,Annual,Available
NZL,New Zealand,Copernicus DEM,Copernicus,Raster DEM (30m/90m),Registration,2020,Present,Irregular,Available
NZL,New Zealand,Global Surface Water (GSW),JRC/Google,Raster water occurrence/seasonality,Open,1984,Present,Annual,Available
NZL,New Zealand,OpenStreetMap,OpenStreetMap,Vector roads/railways/waterways/landuse/buildings,Open,2004,Present,Continuous,Available
NZL,New Zealand,WDPA (Protected Planet),UNEP-WCMC & IUCN,Vector protected areas,Registration,2005,Present,Monthly,Available
NZL,New Zealand,WorldPop/GHS-POP,WorldPop / JRC (GHS-POP),Raster population density,Open,2000,Present,1–5 years,Available
NZL,New Zealand,FEMA NFHL,FEMA,Vector flood hazard zones,Open,2003,Present,Rolling,N/A
NZL,New Zealand,USGS NHD,USGS,Vector hydrography,Open,2000,Present,Rolling,N/A
NZL,New Zealand,NPMS,PHMSA,Vector pipelines,Restricted,2002,Present,Annual/Rolling,N/A
NZL,New Zealand,LiDAR DEM 1m,National/Provincial/State programs,Raster DEM (1m),Open/Restricted,2000,Present,Project-based,Varies
NIC,Nicaragua,Sentinel-2 L2A,ESA via Microsoft Planetary Computer Earth Search,"Raster multispectral (13 bands, 10/20/60m)",Open,2015-06,Present,~5 days,Available
NIC,Nicaragua,ESA WorldCover 10m,ESA (AWS S3),Raster land cover (10m),Open,2020,2021,Annual,Available
NIC,Nicaragua,Copernicus DEM,Copernicus,Raster DEM (30m/90m),Registration,2020,Present,Irregular,Available
NIC,Nicaragua,Global Surface Water (GSW),JRC/Google,Raster water occurrence/seasonality,Open,1984,Present,Annual,Available
NIC,Nicaragua,OpenStreetMap,OpenStreetMap,Vector roads/railways/waterways/landuse/buildings,Open,2004,Present,Continuous,Available
NIC,Nicaragua,WDPA (Protected Planet),UNEP-WCMC & IUCN,Vector protected areas,Registration,2005,Present,Monthly,Available
NIC,Nicaragua,WorldPop/GHS-POP,WorldPop / JRC (GHS-POP),Raster population density,Open,2000,Present,1–5 years,Available
NIC,Nicaragua,FEMA NFHL,FEMA,Vector flood hazard zones,Open,2003,Present,Rolling,N/A
NIC,Nicaragua,USGS NHD,USGS,Vector hydrography,Open,2000,Present,Rolling,N/A
NIC,Nicaragua,NPMS,PHMSA,Vector pipelines,Restricted,2002,Present,Annual/Rolling,N/A
NIC,Nicaragua,LiDAR DEM 1m,National/Provincial/State programs,Raster DEM (1m),Open/Restricted,2000,Present,Project-based,Varies
NER,Niger,Sentinel-2 L2A,ESA via Microsoft Planetary Computer Earth Search,"Raster multispectral (13 bands, 10/20/60m)",Open,2015-06,Present,~5 days,Available
NER,Niger,ESA WorldCover 10m,ESA (AWS S3),Raster land cover (10m),Open,2020,2021,Annual,Available
NER,Niger,Copernicus DEM,Copernicus,Raster DEM (30m/90m),Registration,2020,Present,Irregular,Available
NER,Niger,Global Surface Water (GSW),JRC/Google,Raster water occurrence/seasonality,Open,1984,Present,Annual,Available
NER,Niger,OpenStreetMap,OpenStreetMap,Vector roads/railways/waterways/landuse/buildings,Open,2004,Present,Continuous,Available
NER,Niger,WDPA (Protected Planet),UNEP-WCMC & IUCN,Vector protected areas,Registration,2005,Present,Monthly,Available
NER,Niger,WorldPop/GHS-POP,WorldPop / JRC (GHS-POP),Raster population density,Open,2000,Present,1–5 years,Available
NER,Niger,FEMA NFHL,FEMA,Vector flood hazard zones,Open,2003,Present,Rolling,N/A
NER,Niger,USGS NHD,USGS,Vector hydrography,Open,2000,Present,Rolling,N/A
NER,Niger,NPMS,PHMSA,Vector pipelines,Restricted,2002,Present,Annual/Rolling,N/A
NER,Niger,LiDAR DEM 1m,National/Provincial/State programs,Raster DEM (1m),Open/Restricted,2000,Present,Project-based,Varies
NGA,Nigeria,Sentinel-2 L2A,ESA via Microsoft Planetary Computer Earth Search,"Raster multispectral (13 bands, 10/20/60m)",Open,2015-06,Present,~5 days,Available
NGA,Nigeria,ESA WorldCover 10m,ESA (AWS S3),Raster land cover (10m),Open,2020,2021,Annual,Available
NGA,Nigeria,Copernicus DEM,Copernicus,Raster DEM (30m/90m),Registration,2020,Present,Irregular,Available
NGA,Nigeria,Global Surface Water (GSW),JRC/Google,Raster water occurrence/seasonality,Open,1984,Present,Annual,Available
NGA,Nigeria,OpenStreetMap,OpenStreetMap,Vector roads/railways/waterways/landuse/buildings,Open,2004,Present,Continuous,Available
NGA,Nigeria,WDPA (Protected Planet),UNEP-WCMC & IUCN,Vector protected areas,Registration,2005,Present,Monthly,Available
NGA,Nigeria,WorldPop/GHS-POP,WorldPop / JRC (GHS-POP),Raster population density,Open,2000,Present,1–5 years,Available
NGA,Nigeria,FEMA NFHL,FEMA,Vector flood hazard zones,Open,2003,Present,Rolling,N/A
NGA,Nigeria,USGS NHD,USGS,Vector hydrography,Open,2000,Present,Rolling,N/A
NGA,Nigeria,NPMS,PHMSA,Vector pipelines,Restricted,2002,Present,Annual/Rolling,N/A
NGA,Nigeria,LiDAR DEM 1m,National/Provincial/State programs,Raster DEM (1m),Open/Restricted,2000,Present,Project-based,Varies
NIU,Niue,Sentinel-2 L2A,ESA via Microsoft Planetary Computer Earth Search,"Raster multispectral (13 bands, 10/20/60m)",Open,2015-06,Present,~5 days,Available
NIU,Niue,ESA WorldCover 10m,ESA (AWS S3),Raster land cover (10m),Open,2020,2021,Annual,Available
NIU,Niue,Copernicus DEM,Copernicus,Raster DEM (30m/90m),Registration,2020,Present,Irregular,Available
NIU,Niue,Global Surface Water (GSW),JRC/Google,Raster water occurrence/seasonality,Open,1984,Present,Annual,Available
NIU,Niue,OpenStreetMap,OpenStreetMap,Vector roads/railways/waterways/landuse/buildings,Open,2004,Present,Continuous,Available
NIU,Niue,WDPA (Protected Planet),UNEP-WCMC & IUCN,Vector protected areas,Registration,2005,Present,Monthly,Available
NIU,Niue,WorldPop/GHS-POP,WorldPop / JRC (GHS-POP),Raster population density,Open,2000,Present,1–5 years,Available
NIU,Niue,FEMA NFHL,FEMA,Vector flood hazard zones,Open,2003,Present,Rolling,N/A
NIU,Niue,USGS NHD,USGS,Vector hydrography,Open,2000,Present,Rolling,N/A
NIU,Niue,NPMS,PHMSA,Vector pipelines,Restricted,2002,Present,Annual/Rolling,N/A
NIU,Niue,LiDAR DEM 1m,National/Provincial/State programs,Raster DEM (1m),Open/Restricted,2000,Present,Project-based,Varies
NFK,Norfolk Island,Sentinel-2 L2A,ESA via Microsoft Planetary Computer Earth Search,"Raster multispectral (13 bands, 10/20/60m)",Open,2015-06,Present,~5 days,Available
NFK,Norfolk Island,ESA WorldCover 10m,ESA (AWS S3),Raster land cover (10m),Open,2020,2021,Annual,Available
NFK,Norfolk Island,Copernicus DEM,Copernicus,Raster DEM (30m/90m),Registration,2020,Present,Irregular,Available
NFK,Norfolk Island,Global Surface Water (GSW),JRC/Google,Raster water occurrence/seasonality,Open,1984,Present,Annual,Available
NFK,Norfolk Island,OpenStreetMap,OpenStreetMap,Vector roads/railways/waterways/landuse/buildings,Open,2004,Present,Continuous,Available
NFK,Norfolk Island,WDPA (Protected Planet),UNEP-WCMC & IUCN,Vector protected areas,Registration,2005,Present,Monthly,Available
NFK,Norfolk Island,WorldPop/GHS-POP,WorldPop / JRC (GHS-POP),Raster population density,Open,2000,Present,1–5 years,Available
NFK,Norfolk Island,FEMA NFHL,FEMA,Vector flood hazard zones,Open,2003,Present,Rolling,N/A
NFK,Norfolk Island,USGS NHD,USGS,Vector hydrography,Open,2000,Present,Rolling,N/A
NFK,Norfolk Island,NPMS,PHMSA,Vector pipelines,Restricted,2002,Present,Annual/Rolling,N/A
NFK,Norfolk Island,LiDAR DEM 1m,National/Provincial/State programs,Raster DEM (1m),Open/Restricted,2000,Present,Project-based,Varies
MKD,North Macedonia,Sentinel-2 L2A,ESA via Microsoft Planetary Computer Earth Search,"Raster multispectral (13 bands, 10/20/60m)",Open,2015-06,Present,~5 days,Available
MKD,North Macedonia,ESA WorldCover 10m,ESA (AWS S3),Raster land cover (10m),Open,2020,2021,Annual,Available
MKD,North Macedonia,Copernicus DEM,Copernicus,Raster DEM (30m/90m),Registration,2020,Present,Irregular,Available
MKD,North Macedonia,Global Surface Water (GSW),JRC/Google,Raster water occurrence/seasonality,Open,1984,Present,Annual,Available
MKD,North Macedonia,OpenStreetMap,OpenStreetMap,Vector roads/railways/waterways/landuse/buildings,Open,2004,Present,Continuous,Available
MKD,North Macedonia,WDPA (Protected Planet),UNEP-WCMC & IUCN,Vector protected areas,Registration,2005,Present,Monthly,Available
MKD,North Macedonia,WorldPop/GHS-POP,WorldPop / JRC (GHS-POP),Raster population density,Open,2000,Present,1–5 years,Available
MKD,North Macedonia,FEMA NFHL,FEMA,Vector flood hazard zones,Open,2003,Present,Rolling,N/A
MKD,North Macedonia,USGS NHD,USGS,Vector hydrography,Open,2000,Present,Rolling,N/A
MKD,North Macedonia,NPMS,PHMSA,Vector pipelines,Restricted,2002,Present,Annual/Rolling,N/A
MKD,North Macedonia,LiDAR DEM 1m,National/Provincial/State programs,Raster DEM (1m),Open/Restricted,2000,Present,Project-based,Varies
MNP,Northern Mariana Islands,Sentinel-2 L2A,ESA via Microsoft Planetary Computer Earth Search,"Raster multispectral (13 bands, 10/20/60m)",Open,2015-06,Present,~5 days,Available
MNP,Northern Mariana Islands,ESA WorldCover 10m,ESA (AWS S3),Raster land cover (10m),Open,2020,2021,Annual,Available
MNP,Northern Mariana Islands,Copernicus DEM,Copernicus,Raster DEM (30m/90m),Registration,2020,Present,Irregular,Available
MNP,Northern Mariana Islands,Global Surface Water (GSW),JRC/Google,Raster water occurrence/seasonality,Open,1984,Present,Annual,Available
MNP,Northern Mariana Islands,OpenStreetMap,OpenStreetMap,Vector roads/railways/waterways/landuse/buildings,Open,2004,Present,Continuous,Available
MNP,Northern Mariana Islands,WDPA (Protected Planet),UNEP-WCMC & IUCN,Vector protected areas,Registration,2005,Present,Monthly,Available
MNP,Northern Mariana Islands,WorldPop/GHS-POP,WorldPop / JRC (GHS-POP),Raster population density,Open,2000,Present,1–5 years,Available
MNP,Northern Mariana Islands,FEMA NFHL,FEMA,Vector flood hazard zones,Open,2003,Present,Rolling,N/A
MNP,Northern Mariana Islands,USGS NHD,USGS,Vector hydrography,Open,2000,Present,Rolling,N/A
MNP,Northern Mariana Islands,NPMS,PHMSA,Vector pipelines,Restricted,2002,Present,Annual/Rolling,N/A
MNP,Northern Mariana Islands,LiDAR DEM 1m,National/Provincial/State programs,Raster DEM (1m),Open/Restricted,2000,Present,Project-based,Varies
NOR,Norway,Sentinel-2 L2A,ESA via Microsoft Planetary Computer Earth Search,"Raster multispectral (13 bands, 10/20/60m)",Open,2015-06,Present,~5 days,Available
NOR,Norway,ESA WorldCover 10m,ESA (AWS S3),Raster land cover (10m),Open,2020,2021,Annual,Available
NOR,Norway,Copernicus DEM,Copernicus,Raster DEM (30m/90m),Registration,2020,Present,Irregular,Available
NOR,Norway,Global Surface Water (GSW),JRC/Google,Raster water occurrence/seasonality,Open,1984,Present,Annual,Available
NOR,Norway,OpenStreetMap,OpenStreetMap,Vector roads/railways/waterways/landuse/buildings,Open,2004,Present,Continuous,Available
NOR,Norway,WDPA (Protected Planet),UNEP-WCMC & IUCN,Vector protected areas,Registration,2005,Present,Monthly,Available
NOR,Norway,WorldPop/GHS-POP,WorldPop / JRC (GHS-POP),Raster population density,Open,2000,Present,1–5 years,Available
NOR,Norway,FEMA NFHL,FEMA,Vector flood hazard zones,Open,2003,Present,Rolling,N/A
NOR,Norway,USGS NHD,USGS,Vector hydrography,Open,2000,Present,Rolling,N/A
NOR,Norway,NPMS,PHMSA,Vector pipelines,Restricted,2002,Present,Annual/Rolling,N/A
NOR,Norway,LiDAR DEM 1m,National/Provincial/State programs,Raster DEM (1m),Open/Restricted,2000,Present,Project-based,Varies
OMN,Oman,Sentinel-2 L2A,ESA via Microsoft Planetary Computer Earth Search,"Raster multispectral (13 bands, 10/20/60m)",Open,2015-06,Present,~5 days,Available
OMN,Oman,ESA WorldCover 10m,ESA (AWS S3),Raster land cover (10m),Open,2020,2021,Annual,Available
OMN,Oman,Copernicus DEM,Copernicus,Raster DEM (30m/90m),Registration,2020,Present,Irregular,Available
OMN,Oman,Global Surface Water (GSW),JRC/Google,Raster water occurrence/seasonality,Open,1984,Present,Annual,Available
OMN,Oman,OpenStreetMap,OpenStreetMap,Vector roads/railways/waterways/landuse/buildings,Open,2004,Present,Continuous,Available
OMN,Oman,WDPA (Protected Planet),UNEP-WCMC & IUCN,Vector protected areas,Registration,2005,Present,Monthly,Available
OMN,Oman,WorldPop/GHS-POP,WorldPop / JRC (GHS-POP),Raster population density,Open,2000,Present,1–5 years,Available
OMN,Oman,FEMA NFHL,FEMA,Vector flood hazard zones,Open,2003,Present,Rolling,N/A
OMN,Oman,USGS NHD,USGS,Vector hydrography,Open,2000,Present,Rolling,N/A
OMN,Oman,NPMS,PHMSA,Vector pipelines,Restricted,2002,Present,Annual/Rolling,N/A
OMN,Oman,LiDAR DEM 1m,National/Provincial/State programs,Raster DEM (1m),Open/Restricted,2000,Present,Project-based,Varies
PAK,Pakistan,Sentinel-2 L2A,ESA via Microsoft Planetary Computer Earth Search,"Raster multispectral (13 bands, 10/20/60m)",Open,2015-06,Present,~5 days,Available
PAK,Pakistan,ESA WorldCover 10m,ESA (AWS S3),Raster land cover (10m),Open,2020,2021,Annual,Available
PAK,Pakistan,Copernicus DEM,Copernicus,Raster DEM (30m/90m),Registration,2020,Present,Irregular,Available
PAK,Pakistan,Global Surface Water (GSW),JRC/Google,Raster water occurrence/seasonality,Open,1984,Present,Annual,Available
PAK,Pakistan,OpenStreetMap,OpenStreetMap,Vector roads/railways/waterways/landuse/buildings,Open,2004,Present,Continuous,Available
PAK,Pakistan,WDPA (Protected Planet),UNEP-WCMC & IUCN,Vector protected areas,Registration,2005,Present,Monthly,Available
PAK,Pakistan,WorldPop/GHS-POP,WorldPop / JRC (GHS-POP),Raster population density,Open,2000,Present,1–5 years,Available
PAK,Pakistan,FEMA NFHL,FEMA,Vector flood hazard zones,Open,2003,Present,Rolling,N/A
PAK,Pakistan,USGS NHD,USGS,Vector hydrography,Open,2000,Present,Rolling,N/A
PAK,Pakistan,NPMS,PHMSA,Vector pipelines,Restricted,2002,Present,Annual/Rolling,N/A
PAK,Pakistan,LiDAR DEM 1m,National/Provincial/State programs,Raster DEM (1m),Open/Restricted,2000,Present,Project-based,Varies
PLW,Palau,Sentinel-2 L2A,ESA via Microsoft Planetary Computer Earth Search,"Raster multispectral (13 bands, 10/20/60m)",Open,2015-06,Present,~5 days,Available
PLW,Palau,ESA WorldCover 10m,ESA (AWS S3),Raster land cover (10m),Open,2020,2021,Annual,Available
PLW,Palau,Copernicus DEM,Copernicus,Raster DEM (30m/90m),Registration,2020,Present,Irregular,Available
PLW,Palau,Global Surface Water (GSW),JRC/Google,Raster water occurrence/seasonality,Open,1984,Present,Annual,Available
PLW,Palau,OpenStreetMap,OpenStreetMap,Vector roads/railways/waterways/landuse/buildings,Open,2004,Present,Continuous,Available
PLW,Palau,WDPA (Protected Planet),UNEP-WCMC & IUCN,Vector protected areas,Registration,2005,Present,Monthly,Available
PLW,Palau,WorldPop/GHS-POP,WorldPop / JRC (GHS-POP),Raster population density,Open,2000,Present,1–5 years,Available
PLW,Palau,FEMA NFHL,FEMA,Vector flood hazard zones,Open,2003,Present,Rolling,N/A
PLW,Palau,USGS NHD,USGS,Vector hydrography,Open,2000,Present,Rolling,N/A
PLW,Palau,NPMS,PHMSA,Vector pipelines,Restricted,2002,Present,Annual/Rolling,N/A
PLW,Palau,LiDAR DEM 1m,National/Provincial/State programs,Raster DEM (1m),Open/Restricted,2000,Present,Project-based,Varies
PSE,"Palestine, State of",Sentinel-2 L2A,ESA via Microsoft Planetary Computer Earth Search,"Raster multispectral (13 bands, 10/20/60m)",Open,2015-06,Present,~5 days,Available
PSE,"Palestine, State of",ESA WorldCover 10m,ESA (AWS S3),Raster land cover (10m),Open,2020,2021,Annual,Available
PSE,"Palestine, State of",Copernicus DEM,Copernicus,Raster DEM (30m/90m),Registration,2020,Present,Irregular,Available
PSE,"Palestine, State of",Global Surface Water (GSW),JRC/Google,Raster water occurrence/seasonality,Open,1984,Present,Annual,Available
PSE,"Palestine, State of",OpenStreetMap,OpenStreetMap,Vector roads/railways/waterways/landuse/buildings,Open,2004,Present,Continuous,Available
PSE,"Palestine, State of",WDPA (Protected Planet),UNEP-WCMC & IUCN,Vector protected areas,Registration,2005,Present,Monthly,Available
PSE,"Palestine, State of",WorldPop/GHS-POP,WorldPop / JRC (GHS-POP),Raster population density,Open,2000,Present,1–5 years,Available
PSE,"Palestine, State of",FEMA NFHL,FEMA,Vector flood hazard zones,Open,2003,Present,Rolling,N/A
PSE,"Palestine, State of",USGS NHD,USGS,Vector hydrography,Open,2000,Present,Rolling,N/A
PSE,"Palestine, State of",NPMS,PHMSA,Vector pipelines,Restricted,2002,Present,Annual/Rolling,N/A
PSE,"Palestine, State of",LiDAR DEM 1m,National/Provincial/State programs,Raster DEM (1m),Open/Restricted,2000,Present,Project-based,Varies
PAN,Panama,Sentinel-2 L2A,ESA via Microsoft Planetary Computer Earth Search,"Raster multispectral (13 bands, 10/20/60m)",Open,2015-06,Present,~5 days,Available
PAN,Panama,ESA WorldCover 10m,ESA (AWS S3),Raster land cover (10m),Open,2020,2021,Annual,Available
PAN,Panama,Copernicus DEM,Copernicus,Raster DEM (30m/90m),Registration,2020,Present,Irregular,Available
PAN,Panama,Global Surface Water (GSW),JRC/Google,Raster water occurrence/seasonality,Open,1984,Present,Annual,Available
PAN,Panama,OpenStreetMap,OpenStreetMap,Vector roads/railways/waterways/landuse/buildings,Open,2004,Present,Continuous,Available
PAN,Panama,WDPA (Protected Planet),UNEP-WCMC & IUCN,Vector protected areas,Registration,2005,Present,Monthly,Available
PAN,Panama,WorldPop/GHS-POP,WorldPop / JRC (GHS-POP),Raster population density,Open,2000,Present,1–5 years,Available
PAN,Panama,FEMA NFHL,FEMA,Vector flood hazard zones,Open,2003,Present,Rolling,N/A
PAN,Panama,USGS NHD,USGS,Vector hydrography,Open,2000,Present,Rolling,N/A
PAN,Panama,NPMS,PHMSA,Vector pipelines,Restricted,2002,Present,Annual/Rolling,N/A
PAN,Panama,LiDAR DEM 1m,National/Provincial/State programs,Raster DEM (1m),Open/Restricted,2000,Present,Project-based,Varies
PNG,Papua New Guinea,Sentinel-2 L2A,ESA via Microsoft Planetary Computer Earth Search,"Raster multispectral (13 bands, 10/20/60m)",Open,2015-06,Present,~5 days,Available
PNG,Papua New Guinea,ESA WorldCover 10m,ESA (AWS S3),Raster land cover (10m),Open,2020,2021,Annual,Available
PNG,Papua New Guinea,Copernicus DEM,Copernicus,Raster DEM (30m/90m),Registration,2020,Present,Irregular,Available
PNG,Papua New Guinea,Global Surface Water (GSW),JRC/Google,Raster water occurrence/seasonality,Open,1984,Present,Annual,Available
PNG,Papua New Guinea,OpenStreetMap,OpenStreetMap,Vector roads/railways/waterways/landuse/buildings,Open,2004,Present,Continuous,Available
PNG,Papua New Guinea,WDPA (Protected Planet),UNEP-WCMC & IUCN,Vector protected areas,Registration,2005,Present,Monthly,Available
PNG,Papua New Guinea,WorldPop/GHS-POP,WorldPop / JRC (GHS-POP),Raster population density,Open,2000,Present,1–5 years,Available
PNG,Papua New Guinea,FEMA NFHL,FEMA,Vector flood hazard zones,Open,2003,Present,Rolling,N/A
PNG,Papua New Guinea,USGS NHD,USGS,Vector hydrography,Open,2000,Present,Rolling,N/A
PNG,Papua New Guinea,NPMS,PHMSA,Vector pipelines,Restricted,2002,Present,Annual/Rolling,N/A
PNG,Papua New Guinea,LiDAR DEM 1m,National/Provincial/State programs,Raster DEM (1m),Open/Restricted,2000,Present,Project-based,Varies
PRY,Paraguay,Sentinel-2 L2A,ESA via Microsoft Planetary Computer Earth Search,"Raster multispectral (13 bands, 10/20/60m)",Open,2015-06,Present,~5 days,Available
PRY,Paraguay,ESA WorldCover 10m,ESA (AWS S3),Raster land cover (10m),Open,2020,2021,Annual,Available
PRY,Paraguay,Copernicus DEM,Copernicus,Raster DEM (30m/90m),Registration,2020,Present,Irregular,Available
PRY,Paraguay,Global Surface Water (GSW),JRC/Google,Raster water occurrence/seasonality,Open,1984,Present,Annual,Available
PRY,Paraguay,OpenStreetMap,OpenStreetMap,Vector roads/railways/waterways/landuse/buildings,Open,2004,Present,Continuous,Available
PRY,Paraguay,WDPA (Protected Planet),UNEP-WCMC & IUCN,Vector protected areas,Registration,2005,Present,Monthly,Available
PRY,Paraguay,WorldPop/GHS-POP,WorldPop / JRC (GHS-POP),Raster population density,Open,2000,Present,1–5 years,Available
PRY,Paraguay,FEMA NFHL,FEMA,Vector flood hazard zones,Open,2003,Present,Rolling,N/A
PRY,Paraguay,USGS NHD,USGS,Vector hydrography,Open,2000,Present,Rolling,N/A
PRY,Paraguay,NPMS,PHMSA,Vector pipelines,Restricted,2002,Present,Annual/Rolling,N/A
PRY,Paraguay,LiDAR DEM 1m,National/Provincial/State programs,Raster DEM (1m),Open/Restricted,2000,Present,Project-based,Varies
PER,Peru,Sentinel-2 L2A,ESA via Microsoft Planetary Computer Earth Search,"Raster multispectral (13 bands, 10/20/60m)",Open,2015-06,Present,~5 days,Available
PER,Peru,ESA WorldCover 10m,ESA (AWS S3),Raster land cover (10m),Open,2020,2021,Annual,Available
PER,Peru,Copernicus DEM,Copernicus,Raster DEM (30m/90m),Registration,2020,Present,Irregular,Available
PER,Peru,Global Surface Water (GSW),JRC/Google,Raster water occurrence/seasonality,Open,1984,Present,Annual,Available
PER,Peru,OpenStreetMap,OpenStreetMap,Vector roads/railways/waterways/landuse/buildings,Open,2004,Present,Continuous,Available
PER,Peru,WDPA (Protected Planet),UNEP-WCMC & IUCN,Vector protected areas,Registration,2005,Present,Monthly,Available
PER,Peru,WorldPop/GHS-POP,WorldPop / JRC (GHS-POP),Raster population density,Open,2000,Present,1–5 years,Available
PER,Peru,FEMA NFHL,FEMA,Vector flood hazard zones,Open,2003,Present,Rolling,N/A
PER,Peru,USGS NHD,USGS,Vector hydrography,Open,2000,Present,Rolling,N/A
PER,Peru,NPMS,PHMSA,Vector pipelines,Restricted,2002,Present,Annual/Rolling,N/A
PER,Peru,LiDAR DEM 1m,National/Provincial/State programs,Raster DEM (1m),Open/Restricted,2000,Present,Project-based,Varies
PHL,Philippines,Sentinel-2 L2A,ESA via Microsoft Planetary Computer Earth Search,"Raster multispectral (13 bands, 10/20/60m)",Open,2015-06,Present,~5 days,Available
PHL,Philippines,ESA WorldCover 10m,ESA (AWS S3),Raster land cover (10m),Open,2020,2021,Annual,Available
PHL,Philippines,Copernicus DEM,Copernicus,Raster DEM (30m/90m),Registration,2020,Present,Irregular,Available
PHL,Philippines,Global Surface Water (GSW),JRC/Google,Raster water occurrence/seasonality,Open,1984,Present,Annual,Available
PHL,Philippines,OpenStreetMap,OpenStreetMap,Vector roads/railways/waterways/landuse/buildings,Open,2004,Present,Continuous,Available
PHL,Philippines,WDPA (Protected Planet),UNEP-WCMC & IUCN,Vector protected areas,Registration,2005,Present,Monthly,Available
PHL,Philippines,WorldPop/GHS-POP,WorldPop / JRC (GHS-POP),Raster population density,Open,2000,Present,1–5 years,Available
PHL,Philippines,FEMA NFHL,FEMA,Vector flood hazard zones,Open,2003,Present,Rolling,N/A
PHL,Philippines,USGS NHD,USGS,Vector hydrography,Open,2000,Present,Rolling,N/A
PHL,Philippines,NPMS,PHMSA,Vector pipelines,Restricted,2002,Present,Annual/Rolling,N/A
PHL,Philippines,LiDAR DEM 1m,National/Provincial/State programs,Raster DEM (1m),Open/Restricted,2000,Present,Project-based,Varies
PCN,Pitcairn,Sentinel-2 L2A,ESA via Microsoft Planetary Computer Earth Search,"Raster multispectral (13 bands, 10/20/60m)",Open,2015-06,Present,~5 days,Available
PCN,Pitcairn,ESA WorldCover 10m,ESA (AWS S3),Raster land cover (10m),Open,2020,2021,Annual,Available
PCN,Pitcairn,Copernicus DEM,Copernicus,Raster DEM (30m/90m),Registration,2020,Present,Irregular,Available
PCN,Pitcairn,Global Surface Water (GSW),JRC/Google,Raster water occurrence/seasonality,Open,1984,Present,Annual,Available
PCN,Pitcairn,OpenStreetMap,OpenStreetMap,Vector roads/railways/waterways/landuse/buildings,Open,2004,Present,Continuous,Available
PCN,Pitcairn,WDPA (Protected Planet),UNEP-WCMC & IUCN,Vector protected areas,Registration,2005,Present,Monthly,Available
PCN,Pitcairn,WorldPop/GHS-POP,WorldPop / JRC (GHS-POP),Raster population density,Open,2000,Present,1–5 years,Available
PCN,Pitcairn,FEMA NFHL,FEMA,Vector flood hazard zones,Open,2003,Present,Rolling,N/A
PCN,Pitcairn,USGS NHD,USGS,Vector hydrography,Open,2000,Present,Rolling,N/A
PCN,Pitcairn,NPMS,PHMSA,Vector pipelines,Restricted,2002,Present,Annual/Rolling,N/A
PCN,Pitcairn,LiDAR DEM 1m,National/Provincial/State programs,Raster DEM (1m),Open/Restricted,2000,Present,Project-based,Varies
POL,Poland,Sentinel-2 L2A,ESA via Microsoft Planetary Computer Earth Search,"Raster multispectral (13 bands, 10/20/60m)",Open,2015-06,Present,~5 days,Available
POL,Poland,ESA WorldCover 10m,ESA (AWS S3),Raster land cover (10m),Open,2020,2021,Annual,Available
POL,Poland,Copernicus DEM,Copernicus,Raster DEM (30m/90m),Registration,2020,Present,Irregular,Available
POL,Poland,Global Surface Water (GSW),JRC/Google,Raster water occurrence/seasonality,Open,1984,Present,Annual,Available
POL,Poland,OpenStreetMap,OpenStreetMap,Vector roads/railways/waterways/landuse/buildings,Open,2004,Present,Continuous,Available
POL,Poland,WDPA (Protected Planet),UNEP-WCMC & IUCN,Vector protected areas,Registration,2005,Present,Monthly,Available
POL,Poland,WorldPop/GHS-POP,WorldPop / JRC (GHS-POP),Raster population density,Open,2000,Present,1–5 years,Available
POL,Poland,FEMA NFHL,FEMA,Vector flood hazard zones,Open,2003,Present,Rolling,N/A
POL,Poland,USGS NHD,USGS,Vector hydrography,Open,2000,Present,Rolling,N/A
POL,Poland,NPMS,PHMSA,Vector pipelines,Restricted,2002,Present,Annual/Rolling,N/A
POL,Poland,LiDAR DEM 1m,National/Provincial/State programs,Raster DEM (1m),Open/Restricted,2000,Present,Project-based,Varies
PRT,Portugal,Sentinel-2 L2A,ESA via Microsoft Planetary Computer Earth Search,"Raster multispectral (13 bands, 10/20/60m)",Open,2015-06,Present,~5 days,Available
PRT,Portugal,ESA WorldCover 10m,ESA (AWS S3),Raster land cover (10m),Open,2020,2021,Annual,Available
PRT,Portugal,Copernicus DEM,Copernicus,Raster DEM (30m/90m),Registration,2020,Present,Irregular,Available
PRT,Portugal,Global Surface Water (GSW),JRC/Google,Raster water occurrence/seasonality,Open,1984,Present,Annual,Available
PRT,Portugal,OpenStreetMap,OpenStreetMap,Vector roads/railways/waterways/landuse/buildings,Open,2004,Present,Continuous,Available
PRT,Portugal,WDPA (Protected Planet),UNEP-WCMC & IUCN,Vector protected areas,Registration,2005,Present,Monthly,Available
PRT,Portugal,WorldPop/GHS-POP,WorldPop / JRC (GHS-POP),Raster population density,Open,2000,Present,1–5 years,Available
PRT,Portugal,FEMA NFHL,FEMA,Vector flood hazard zones,Open,2003,Present,Rolling,N/A
PRT,Portugal,USGS NHD,USGS,Vector hydrography,Open,2000,Present,Rolling,N/A
PRT,Portugal,NPMS,PHMSA,Vector pipelines,Restricted,2002,Present,Annual/Rolling,N/A
PRT,Portugal,LiDAR DEM 1m,National/Provincial/State programs,Raster DEM (1m),Open/Restricted,2000,Present,Project-based,Varies
PRI,Puerto Rico,Sentinel-2 L2A,ESA via Microsoft Planetary Computer Earth Search,"Raster multispectral (13 bands, 10/20/60m)",Open,2015-06,Present,~5 days,Available
PRI,Puerto Rico,ESA WorldCover 10m,ESA (AWS S3),Raster land cover (10m),Open,2020,2021,Annual,Available
PRI,Puerto Rico,Copernicus DEM,Copernicus,Raster DEM (30m/90m),Registration,2020,Present,Irregular,Available
PRI,Puerto Rico,Global Surface Water (GSW),JRC/Google,Raster water occurrence/seasonality,Open,1984,Present,Annual,Available
PRI,Puerto Rico,OpenStreetMap,OpenStreetMap,Vector roads/railways/waterways/landuse/buildings,Open,2004,Present,Continuous,Available
PRI,Puerto Rico,WDPA (Protected Planet),UNEP-WCMC & IUCN,Vector protected areas,Registration,2005,Present,Monthly,Available
PRI,Puerto Rico,WorldPop/GHS-POP,WorldPop / JRC (GHS-POP),Raster population density,Open,2000,Present,1–5 years,Available
PRI,Puerto Rico,FEMA NFHL,FEMA,Vector flood hazard zones,Open,2003,Present,Rolling,N/A
PRI,Puerto Rico,USGS NHD,USGS,Vector hydrography,Open,2000,Present,Rolling,N/A
PRI,Puerto Rico,NPMS,PHMSA,Vector pipelines,Restricted,2002,Present,Annual/Rolling,N/A
PRI,Puerto Rico,LiDAR DEM 1m,National/Provincial/State programs,Raster DEM (1m),Open/Restricted,2000,Present,Project-based,Varies
QAT,Qatar,Sentinel-2 L2A,ESA via Microsoft Planetary Computer Earth Search,"Raster multispectral (13 bands, 10/20/60m)",Open,2015-06,Present,~5 days,Available
QAT,Qatar,ESA WorldCover 10m,ESA (AWS S3),Raster land cover (10m),Open,2020,2021,Annual,Available
QAT,Qatar,Copernicus DEM,Copernicus,Raster DEM (30m/90m),Registration,2020,Present,Irregular,Available
QAT,Qatar,Global Surface Water (GSW),JRC/Google,Raster water occurrence/seasonality,Open,1984,Present,Annual,Available
QAT,Qatar,OpenStreetMap,OpenStreetMap,Vector roads/railways/waterways/landuse/buildings,Open,2004,Present,Continuous,Available
QAT,Qatar,WDPA (Protected Planet),UNEP-WCMC & IUCN,Vector protected areas,Registration,2005,Present,Monthly,Available
QAT,Qatar,WorldPop/GHS-POP,WorldPop / JRC (GHS-POP),Raster population density,Open,2000,Present,1–5 years,Available
QAT,Qatar,FEMA NFHL,FEMA,Vector flood hazard zones,Open,2003,Present,Rolling,N/A
QAT,Qatar,USGS NHD,USGS,Vector hydrography,Open,2000,Present,Rolling,N/A
QAT,Qatar,NPMS,PHMSA,Vector pipelines,Restricted,2002,Present,Annual/Rolling,N/A
QAT,Qatar,LiDAR DEM 1m,National/Provincial/State programs,Raster DEM (1m),Open/Restricted,2000,Present,Project-based,Varies
ROU,Romania,Sentinel-2 L2A,ESA via Microsoft Planetary Computer Earth Search,"Raster multispectral (13 bands, 10/20/60m)",Open,2015-06,Present,~5 days,Available
ROU,Romania,ESA WorldCover 10m,ESA (AWS S3),Raster land cover (10m),Open,2020,2021,Annual,Available
ROU,Romania,Copernicus DEM,Copernicus,Raster DEM (30m/90m),Registration,2020,Present,Irregular,Available
ROU,Romania,Global Surface Water (GSW),JRC/Google,Raster water occurrence/seasonality,Open,1984,Present,Annual,Available
ROU,Romania,OpenStreetMap,OpenStreetMap,Vector roads/railways/waterways/landuse/buildings,Open,2004,Present,Continuous,Available
ROU,Romania,WDPA (Protected Planet),UNEP-WCMC & IUCN,Vector protected areas,Registration,2005,Present,Monthly,Available
ROU,Romania,WorldPop/GHS-POP,WorldPop / JRC (GHS-POP),Raster population density,Open,2000,Present,1–5 years,Available
ROU,Romania,FEMA NFHL,FEMA,Vector flood hazard zones,Open,2003,Present,Rolling,N/A
ROU,Romania,USGS NHD,USGS,Vector hydrography,Open,2000,Present,Rolling,N/A
ROU,Romania,NPMS,PHMSA,Vector pipelines,Restricted,2002,Present,Annual/Rolling,N/A
ROU,Romania,LiDAR DEM 1m,National/Provincial/State programs,Raster DEM (1m),Open/Restricted,2000,Present,Project-based,Varies
RUS,Russian Federation,Sentinel-2 L2A,ESA via Microsoft Planetary Computer Earth Search,"Raster multispectral (13 bands, 10/20/60m)",Open,2015-06,Present,~5 days,Available
RUS,Russian Federation,ESA WorldCover 10m,ESA (AWS S3),Raster land cover (10m),Open,2020,2021,Annual,Available
RUS,Russian Federation,Copernicus DEM,Copernicus,Raster DEM (30m/90m),Registration,2020,Present,Irregular,Available
RUS,Russian Federation,Global Surface Water (GSW),JRC/Google,Raster water occurrence/seasonality,Open,1984,Present,Annual,Available
RUS,Russian Federation,OpenStreetMap,OpenStreetMap,Vector roads/railways/waterways/landuse/buildings,Open,2004,Present,Continuous,Available
RUS,Russian Federation,WDPA (Protected Planet),UNEP-WCMC & IUCN,Vector protected areas,Registration,2005,Present,Monthly,Available
RUS,Russian Federation,WorldPop/GHS-POP,WorldPop / JRC (GHS-POP),Raster population density,Open,2000,Present,1–5 years,Available
RUS,Russian Federation,FEMA NFHL,FEMA,Vector flood hazard zones,Open,2003,Present,Rolling,N/A
RUS,Russian Federation,USGS NHD,USGS,Vector hydrography,Open,2000,Present,Rolling,N/A
RUS,Russian Federation,NPMS,PHMSA,Vector pipelines,Restricted,2002,Present,Annual/Rolling,N/A
RUS,Russian Federation,LiDAR DEM 1m,National/Provincial/State programs,Raster DEM (1m),Open/Restricted,2000,Present,Project-based,Varies
RWA,Rwanda,Sentinel-2 L2A,ESA via Microsoft Planetary Computer Earth Search,"Raster multispectral (13 bands, 10/20/60m)",Open,2015-06,Present,~5 days,Available
RWA,Rwanda,ESA WorldCover 10m,ESA (AWS S3),Raster land cover (10m),Open,2020,2021,Annual,Available
RWA,Rwanda,Copernicus DEM,Copernicus,Raster DEM (30m/90m),Registration,2020,Present,Irregular,Available
RWA,Rwanda,Global Surface Water (GSW),JRC/Google,Raster water occurrence/seasonality,Open,1984,Present,Annual,Available
RWA,Rwanda,OpenStreetMap,OpenStreetMap,Vector roads/railways/waterways/landuse/buildings,Open,2004,Present,Continuous,Available
RWA,Rwanda,WDPA (Protected Planet),UNEP-WCMC & IUCN,Vector protected areas,Registration,2005,Present,Monthly,Available
RWA,Rwanda,WorldPop/GHS-POP,WorldPop / JRC (GHS-POP),Raster population density,Open,2000,Present,1–5 years,Available
RWA,Rwanda,FEMA NFHL,FEMA,Vector flood hazard zones,Open,2003,Present,Rolling,N/A
RWA,Rwanda,USGS NHD,USGS,Vector hydrography,Open,2000,Present,Rolling,N/A
RWA,Rwanda,NPMS,PHMSA,Vector pipelines,Restricted,2002,Present,Annual/Rolling,N/A
RWA,Rwanda,LiDAR DEM 1m,National/Provincial/State programs,Raster DEM (1m),Open/Restricted,2000,Present,Project-based,Varies
REU,Réunion,Sentinel-2 L2A,ESA via Microsoft Planetary Computer Earth Search,"Raster multispectral (13 bands, 10/20/60m)",Open,2015-06,Present,~5 days,Available
REU,Réunion,ESA WorldCover 10m,ESA (AWS S3),Raster land cover (10m),Open,2020,2021,Annual,Available
REU,Réunion,Copernicus DEM,Copernicus,Raster DEM (30m/90m),Registration,2020,Present,Irregular,Available
REU,Réunion,Global Surface Water (GSW),JRC/Google,Raster water occurrence/seasonality,Open,1984,Present,Annual,Available
REU,Réunion,OpenStreetMap,OpenStreetMap,Vector roads/railways/waterways/landuse/buildings,Open,2004,Present,Continuous,Available
REU,Réunion,WDPA (Protected Planet),UNEP-WCMC & IUCN,Vector protected areas,Registration,2005,Present,Monthly,Available
REU,Réunion,WorldPop/GHS-POP,WorldPop / JRC (GHS-POP),Raster population density,Open,2000,Present,1–5 years,Available
REU,Réunion,FEMA NFHL,FEMA,Vector flood hazard zones,Open,2003,Present,Rolling,N/A
REU,Réunion,USGS NHD,USGS,Vector hydrography,Open,2000,Present,Rolling,N/A
REU,Réunion,NPMS,PHMSA,Vector pipelines,Restricted,2002,Present,Annual/Rolling,N/A
REU,Réunion,LiDAR DEM 1m,National/Provincial/State programs,Raster DEM (1m),Open/Restricted,2000,Present,Project-based,Varies
BLM,Saint Barthélemy,Sentinel-2 L2A,ESA via Microsoft Planetary Computer Earth Search,"Raster multispectral (13 bands, 10/20/60m)",Open,2015-06,Present,~5 days,Available
BLM,Saint Barthélemy,ESA WorldCover 10m,ESA (AWS S3),Raster land cover (10m),Open,2020,2021,Annual,Available
BLM,Saint Barthélemy,Copernicus DEM,Copernicus,Raster DEM (30m/90m),Registration,2020,Present,Irregular,Available
BLM,Saint Barthélemy,Global Surface Water (GSW),JRC/Google,Raster water occurrence/seasonality,Open,1984,Present,Annual,Available
BLM,Saint Barthélemy,OpenStreetMap,OpenStreetMap,Vector roads/railways/waterways/landuse/buildings,Open,2004,Present,Continuous,Available
BLM,Saint Barthélemy,WDPA (Protected Planet),UNEP-WCMC & IUCN,Vector protected areas,Registration,2005,Present,Monthly,Available
BLM,Saint Barthélemy,WorldPop/GHS-POP,WorldPop / JRC (GHS-POP),Raster population density,Open,2000,Present,1–5 years,Available
BLM,Saint Barthélemy,FEMA NFHL,FEMA,Vector flood hazard zones,Open,2003,Present,Rolling,N/A
BLM,Saint Barthélemy,USGS NHD,USGS,Vector hydrography,Open,2000,Present,Rolling,N/A
BLM,Saint Barthélemy,NPMS,PHMSA,Vector pipelines,Restricted,2002,Present,Annual/Rolling,N/A
BLM,Saint Barthélemy,LiDAR DEM 1m,National/Provincial/State programs,Raster DEM (1m),Open/Restricted,2000,Present,Project-based,Varies
SHN,"Saint Helena, Ascension and Tristan da Cunha",Sentinel-2 L2A,ESA via Microsoft Planetary Computer Earth Search,"Raster multispectral (13 bands, 10/20/60m)",Open,2015-06,Present,~5 days,Available
SHN,"Saint Helena, Ascension and Tristan da Cunha",ESA WorldCover 10m,ESA (AWS S3),Raster land cover (10m),Open,2020,2021,Annual,Available
SHN,"Saint Helena, Ascension and Tristan da Cunha",Copernicus DEM,Copernicus,Raster DEM (30m/90m),Registration,2020,Present,Irregular,Available
SHN,"Saint Helena, Ascension and Tristan da Cunha",Global Surface Water (GSW),JRC/Google,Raster water occurrence/seasonality,Open,1984,Present,Annual,Available
SHN,"Saint Helena, Ascension and Tristan da Cunha",OpenStreetMap,OpenStreetMap,Vector roads/railways/waterways/landuse/buildings,Open,2004,Present,Continuous,Available
SHN,"Saint Helena, Ascension and Tristan da Cunha",WDPA (Protected Planet),UNEP-WCMC & IUCN,Vector protected areas,Registration,2005,Present,Monthly,Available
SHN,"Saint Helena, Ascension and Tristan da Cunha",WorldPop/GHS-POP,WorldPop / JRC (GHS-POP),Raster population density,Open,2000,Present,1–5 years,Available
SHN,"Saint Helena, Ascension and Tristan da Cunha",FEMA NFHL,FEMA,Vector flood hazard zones,Open,2003,Present,Rolling,N/A
SHN,"Saint Helena, Ascension and Tristan da Cunha",USGS NHD,USGS,Vector hydrography,Open,2000,Present,Rolling,N/A
SHN,"Saint Helena, Ascension and Tristan da Cunha",NPMS,PHMSA,Vector pipelines,Restricted,2002,Present,Annual/Rolling,N/A
SHN,"Saint Helena, Ascension and Tristan da Cunha",LiDAR DEM 1m,National/Provincial/State programs,Raster DEM (1m),Open/Restricted,2000,Present,Project-based,Varies
KNA,Saint Kitts and Nevis,Sentinel-2 L2A,ESA via Microsoft Planetary Computer Earth Search,"Raster multispectral (13 bands, 10/20/60m)",Open,2015-06,Present,~5 days,Available
KNA,Saint Kitts and Nevis,ESA WorldCover 10m,ESA (AWS S3),Raster land cover (10m),Open,2020,2021,Annual,Available
KNA,Saint Kitts and Nevis,Copernicus DEM,Copernicus,Raster DEM (30m/90m),Registration,2020,Present,Irregular,Available
KNA,Saint Kitts and Nevis,Global Surface Water (GSW),JRC/Google,Raster water occurrence/seasonality,Open,1984,Present,Annual,Available
KNA,Saint Kitts and Nevis,OpenStreetMap,OpenStreetMap,Vector roads/railways/waterways/landuse/buildings,Open,2004,Present,Continuous,Available
KNA,Saint Kitts and Nevis,WDPA (Protected Planet),UNEP-WCMC & IUCN,Vector protected areas,Registration,2005,Present,Monthly,Available
KNA,Saint Kitts and Nevis,WorldPop/GHS-POP,WorldPop / JRC (GHS-POP),Raster population density,Open,2000,Present,1–5 years,Available
KNA,Saint Kitts and Nevis,FEMA NFHL,FEMA,Vector flood hazard zones,Open,2003,Present,Rolling,N/A
KNA,Saint Kitts and Nevis,USGS NHD,USGS,Vector hydrography,Open,2000,Present,Rolling,N/A
KNA,Saint Kitts and Nevis,NPMS,PHMSA,Vector pipelines,Restricted,2002,Present,Annual/Rolling,N/A
KNA,Saint Kitts and Nevis,LiDAR DEM 1m,National/Provincial/State programs,Raster DEM (1m),Open/Restricted,2000,Present,Project-based,Varies
LCA,Saint Lucia,Sentinel-2 L2A,ESA via Microsoft Planetary Computer Earth Search,"Raster multispectral (13 bands, 10/20/60m)",Open,2015-06,Present,~5 days,Available
LCA,Saint Lucia,ESA WorldCover 10m,ESA (AWS S3),Raster land cover (10m),Open,2020,2021,Annual,Available
LCA,Saint Lucia,Copernicus DEM,Copernicus,Raster DEM (30m/90m),Registration,2020,Present,Irregular,Available
LCA,Saint Lucia,Global Surface Water (GSW),JRC/Google,Raster water occurrence/seasonality,Open,1984,Present,Annual,Available
LCA,Saint Lucia,OpenStreetMap,OpenStreetMap,Vector roads/railways/waterways/landuse/buildings,Open,2004,Present,Continuous,Available
LCA,Saint Lucia,WDPA (Protected Planet),UNEP-WCMC & IUCN,Vector protected areas,Registration,2005,Present,Monthly,Available
LCA,Saint Lucia,WorldPop/GHS-POP,WorldPop / JRC (GHS-POP),Raster population density,Open,2000,Present,1–5 years,Available
LCA,Saint Lucia,FEMA NFHL,FEMA,Vector flood hazard zones,Open,2003,Present,Rolling,N/A
LCA,Saint Lucia,USGS NHD,USGS,Vector hydrography,Open,2000,Present,Rolling,N/A
LCA,Saint Lucia,NPMS,PHMSA,Vector pipelines,Restricted,2002,Present,Annual/Rolling,N/A
LCA,Saint Lucia,LiDAR DEM 1m,National/Provincial/State programs,Raster DEM (1m),Open/Restricted,2000,Present,Project-based,Varies
MAF,Saint Martin (French part),Sentinel-2 L2A,ESA via Microsoft Planetary Computer Earth Search,"Raster multispectral (13 bands, 10/20/60m)",Open,2015-06,Present,~5 days,Available
MAF,Saint Martin (French part),ESA WorldCover 10m,ESA (AWS S3),Raster land cover (10m),Open,2020,2021,Annual,Available
MAF,Saint Martin (French part),Copernicus DEM,Copernicus,Raster DEM (30m/90m),Registration,2020,Present,Irregular,Available
MAF,Saint Martin (French part),Global Surface Water (GSW),JRC/Google,Raster water occurrence/seasonality,Open,1984,Present,Annual,Available
MAF,Saint Martin (French part),OpenStreetMap,OpenStreetMap,Vector roads/railways/waterways/landuse/buildings,Open,2004,Present,Continuous,Available
MAF,Saint Martin (French part),WDPA (Protected Planet),UNEP-WCMC & IUCN,Vector protected areas,Registration,2005,Present,Monthly,Available
MAF,Saint Martin (French part),WorldPop/GHS-POP,WorldPop / JRC (GHS-POP),Raster population density,Open,2000,Present,1–5 years,Available
MAF,Saint Martin (French part),FEMA NFHL,FEMA,Vector flood hazard zones,Open,2003,Present,Rolling,N/A
MAF,Saint Martin (French part),USGS NHD,USGS,Vector hydrography,Open,2000,Present,Rolling,N/A
MAF,Saint Martin (French part),NPMS,PHMSA,Vector pipelines,Restricted,2002,Present,Annual/Rolling,N/A
MAF,Saint Martin (French part),LiDAR DEM 1m,National/Provincial/State programs,Raster DEM (1m),Open/Restricted,2000,Present,Project-based,Varies
SPM,Saint Pierre and Miquelon,Sentinel-2 L2A,ESA via Microsoft Planetary Computer Earth Search,"Raster multispectral (13 bands, 10/20/60m)",Open,2015-06,Present,~5 days,Available
SPM,Saint Pierre and Miquelon,ESA WorldCover 10m,ESA (AWS S3),Raster land cover (10m),Open,2020,2021,Annual,Available
SPM,Saint Pierre and Miquelon,Copernicus DEM,Copernicus,Raster DEM (30m/90m),Registration,2020,Present,Irregular,Available
SPM,Saint Pierre and Miquelon,Global Surface Water (GSW),JRC/Google,Raster water occurrence/seasonality,Open,1984,Present,Annual,Available
SPM,Saint Pierre and Miquelon,OpenStreetMap,OpenStreetMap,Vector roads/railways/waterways/landuse/buildings,Open,2004,Present,Continuous,Available
SPM,Saint Pierre and Miquelon,WDPA (Protected Planet),UNEP-WCMC & IUCN,Vector protected areas,Registration,2005,Present,Monthly,Available
SPM,Saint Pierre and Miquelon,WorldPop/GHS-POP,WorldPop / JRC (GHS-POP),Raster population density,Open,2000,Present,1–5 years,Available
SPM,Saint Pierre and Miquelon,FEMA NFHL,FEMA,Vector flood hazard zones,Open,2003,Present,Rolling,N/A
SPM,Saint Pierre and Miquelon,USGS NHD,USGS,Vector hydrography,Open,2000,Present,Rolling,N/A
SPM,Saint Pierre and Miquelon,NPMS,PHMSA,Vector pipelines,Restricted,2002,Present,Annual/Rolling,N/A
SPM,Saint Pierre and Miquelon,LiDAR DEM 1m,National/Provincial/State programs,Raster DEM (1m),Open/Restricted,2000,Present,Project-based,Varies
VCT,Saint Vincent and the Grenadines,Sentinel-2 L2A,ESA via Microsoft Planetary Computer Earth Search,"Raster multispectral (13 bands, 10/20/60m)",Open,2015-06,Present,~5 days,Available
VCT,Saint Vincent and the Grenadines,ESA WorldCover 10m,ESA (AWS S3),Raster land cover (10m),Open,2020,2021,Annual,Available
VCT,Saint Vincent and the Grenadines,Copernicus DEM,Copernicus,Raster DEM (30m/90m),Registration,2020,Present,Irregular,Available
VCT,Saint Vincent and the Grenadines,Global Surface Water (GSW),JRC/Google,Raster water occurrence/seasonality,Open,1984,Present,Annual,Available
VCT,Saint Vincent and the Grenadines,OpenStreetMap,OpenStreetMap,Vector roads/railways/waterways/landuse/buildings,Open,2004,Present,Continuous,Available
VCT,Saint Vincent and the Grenadines,WDPA (Protected Planet),UNEP-WCMC & IUCN,Vector protected areas,Registration,2005,Present,Monthly,Available
VCT,Saint Vincent and the Grenadines,WorldPop/GHS-POP,WorldPop / JRC (GHS-POP),Raster population density,Open,2000,Present,1–5 years,Available
VCT,Saint Vincent and the Grenadines,FEMA NFHL,FEMA,Vector flood hazard zones,Open,2003,Present,Rolling,N/A
VCT,Saint Vincent and the Grenadines,USGS NHD,USGS,Vector hydrography,Open,2000,Present,Rolling,N/A
VCT,Saint Vincent and the Grenadines,NPMS,PHMSA,Vector pipelines,Restricted,2002,Present,Annual/Rolling,N/A
VCT,Saint Vincent and the Grenadines,LiDAR DEM 1m,National/Provincial/State programs,Raster DEM (1m),Open/Restricted,2000,Present,Project-based,Varies
WSM,Samoa,Sentinel-2 L2A,ESA via Microsoft Planetary Computer Earth Search,"Raster multispectral (13 bands, 10/20/60m)",Open,2015-06,Present,~5 days,Available
WSM,Samoa,ESA WorldCover 10m,ESA (AWS S3),Raster land cover (10m),Open,2020,2021,Annual,Available
WSM,Samoa,Copernicus DEM,Copernicus,Raster DEM (30m/90m),Registration,2020,Present,Irregular,Available
WSM,Samoa,Global Surface Water (GSW),JRC/Google,Raster water occurrence/seasonality,Open,1984,Present,Annual,Available
WSM,Samoa,OpenStreetMap,OpenStreetMap,Vector roads/railways/waterways/landuse/buildings,Open,2004,Present,Continuous,Available
WSM,Samoa,WDPA (Protected Planet),UNEP-WCMC & IUCN,Vector protected areas,Registration,2005,Present,Monthly,Available
WSM,Samoa,WorldPop/GHS-POP,WorldPop / JRC (GHS-POP),Raster population density,Open,2000,Present,1–5 years,Available
WSM,Samoa,FEMA NFHL,FEMA,Vector flood hazard zones,Open,2003,Present,Rolling,N/A
WSM,Samoa,USGS NHD,USGS,Vector hydrography,Open,2000,Present,Rolling,N/A
WSM,Samoa,NPMS,PHMSA,Vector pipelines,Restricted,2002,Present,Annual/Rolling,N/A
WSM,Samoa,LiDAR DEM 1m,National/Provincial/State programs,Raster DEM (1m),Open/Restricted,2000,Present,Project-based,Varies
SMR,San Marino,Sentinel-2 L2A,ESA via Microsoft Planetary Computer Earth Search,"Raster multispectral (13 bands, 10/20/60m)",Open,2015-06,Present,~5 days,Available
SMR,San Marino,ESA WorldCover 10m,ESA (AWS S3),Raster land cover (10m),Open,2020,2021,Annual,Available
SMR,San Marino,Copernicus DEM,Copernicus,Raster DEM (30m/90m),Registration,2020,Present,Irregular,Available
SMR,San Marino,Global Surface Water (GSW),JRC/Google,Raster water occurrence/seasonality,Open,1984,Present,Annual,Available
SMR,San Marino,OpenStreetMap,OpenStreetMap,Vector roads/railways/waterways/landuse/buildings,Open,2004,Present,Continuous,Available
SMR,San Marino,WDPA (Protected Planet),UNEP-WCMC & IUCN,Vector protected areas,Registration,2005,Present,Monthly,Available
SMR,San Marino,WorldPop/GHS-POP,WorldPop / JRC (GHS-POP),Raster population density,Open,2000,Present,1–5 years,Available
SMR,San Marino,FEMA NFHL,FEMA,Vector flood hazard zones,Open,2003,Present,Rolling,N/A
SMR,San Marino,USGS NHD,USGS,Vector hydrography,Open,2000,Present,Rolling,N/A
SMR,San Marino,NPMS,PHMSA,Vector pipelines,Restricted,2002,Present,Annual/Rolling,N/A
SMR,San Marino,LiDAR DEM 1m,National/Provincial/State programs,Raster DEM (1m),Open/Restricted,2000,Present,Project-based,Varies
STP,Sao Tome and Principe,Sentinel-2 L2A,ESA via Microsoft Planetary Computer Earth Search,"Raster multispectral (13 bands, 10/20/60m)",Open,2015-06,Present,~5 days,Available
STP,Sao Tome and Principe,ESA WorldCover 10m,ESA (AWS S3),Raster land cover (10m),Open,2020,2021,Annual,Available
STP,Sao Tome and Principe,Copernicus DEM,Copernicus,Raster DEM (30m/90m),Registration,2020,Present,Irregular,Available
STP,Sao Tome and Principe,Global Surface Water (GSW),JRC/Google,Raster water occurrence/seasonality,Open,1984,Present,Annual,Available
STP,Sao Tome and Principe,OpenStreetMap,OpenStreetMap,Vector roads/railways/waterways/landuse/buildings,Open,2004,Present,Continuous,Available
STP,Sao Tome and Principe,WDPA (Protected Planet),UNEP-WCMC & IUCN,Vector protected areas,Registration,2005,Present,Monthly,Available
STP,Sao Tome and Principe,WorldPop/GHS-POP,WorldPop / JRC (GHS-POP),Raster population density,Open,2000,Present,1–5 years,Available
STP,Sao Tome and Principe,FEMA NFHL,FEMA,Vector flood hazard zones,Open,2003,Present,Rolling,N/A
STP,Sao Tome and Principe,USGS NHD,USGS,Vector hydrography,Open,2000,Present,Rolling,N/A
STP,Sao Tome and Principe,NPMS,PHMSA,Vector pipelines,Restricted,2002,Present,Annual/Rolling,N/A
STP,Sao Tome and Principe,LiDAR DEM 1m,National/Provincial/State programs,Raster DEM (1m),Open/Restricted,2000,Present,Project-based,Varies
SAU,Saudi Arabia,Sentinel-2 L2A,ESA via Microsoft Planetary Computer Earth Search,"Raster multispectral (13 bands, 10/20/60m)",Open,2015-06,Present,~5 days,Available
SAU,Saudi Arabia,ESA WorldCover 10m,ESA (AWS S3),Raster land cover (10m),Open,2020,2021,Annual,Available
SAU,Saudi Arabia,Copernicus DEM,Copernicus,Raster DEM (30m/90m),Registration,2020,Present,Irregular,Available
SAU,Saudi Arabia,Global Surface Water (GSW),JRC/Google,Raster water occurrence/seasonality,Open,1984,Present,Annual,Available
SAU,Saudi Arabia,OpenStreetMap,OpenStreetMap,Vector roads/railways/waterways/landuse/buildings,Open,2004,Present,Continuous,Available
SAU,Saudi Arabia,WDPA (Protected Planet),UNEP-WCMC & IUCN,Vector protected areas,Registration,2005,Present,Monthly,Available
SAU,Saudi Arabia,WorldPop/GHS-POP,WorldPop / JRC (GHS-POP),Raster population density,Open,2000,Present,1–5 years,Available
SAU,Saudi Arabia,FEMA NFHL,FEMA,Vector flood hazard zones,Open,2003,Present,Rolling,N/A
SAU,Saudi Arabia,USGS NHD,USGS,Vector hydrography,Open,2000,Present,Rolling,N/A
SAU,Saudi Arabia,NPMS,PHMSA,Vector pipelines,Restricted,2002,Present,Annual/Rolling,N/A
SAU,Saudi Arabia,LiDAR DEM 1m,National/Provincial/State programs,Raster DEM (1m),Open/Restricted,2000,Present,Project-based,Varies
SEN,Senegal,Sentinel-2 L2A,ESA via Microsoft Planetary Computer Earth Search,"Raster multispectral (13 bands, 10/20/60m)",Open,2015-06,Present,~5 days,Available
SEN,Senegal,ESA WorldCover 10m,ESA (AWS S3),Raster land cover (10m),Open,2020,2021,Annual,Available
SEN,Senegal,Copernicus DEM,Copernicus,Raster DEM (30m/90m),Registration,2020,Present,Irregular,Available
SEN,Senegal,Global Surface Water (GSW),JRC/Google,Raster water occurrence/seasonality,Open,1984,Present,Annual,Available
SEN,Senegal,OpenStreetMap,OpenStreetMap,Vector roads/railways/waterways/landuse/buildings,Open,2004,Present,Continuous,Available
SEN,Senegal,WDPA (Protected Planet),UNEP-WCMC & IUCN,Vector protected areas,Registration,2005,Present,Monthly,Available
SEN,Senegal,WorldPop/GHS-POP,WorldPop / JRC (GHS-POP),Raster population density,Open,2000,Present,1–5 years,Available
SEN,Senegal,FEMA NFHL,FEMA,Vector flood hazard zones,Open,2003,Present,Rolling,N/A
SEN,Senegal,USGS NHD,USGS,Vector hydrography,Open,2000,Present,Rolling,N/A
SEN,Senegal,NPMS,PHMSA,Vector pipelines,Restricted,2002,Present,Annual/Rolling,N/A
SEN,Senegal,LiDAR DEM 1m,National/Provincial/State programs,Raster DEM (1m),Open/Restricted,2000,Present,Project-based,Varies
SRB,Serbia,Sentinel-2 L2A,ESA via Microsoft Planetary Computer Earth Search,"Raster multispectral (13 bands, 10/20/60m)",Open,2015-06,Present,~5 days,Available
SRB,Serbia,ESA WorldCover 10m,ESA (AWS S3),Raster land cover (10m),Open,2020,2021,Annual,Available
SRB,Serbia,Copernicus DEM,Copernicus,Raster DEM (30m/90m),Registration,2020,Present,Irregular,Available
SRB,Serbia,Global Surface Water (GSW),JRC/Google,Raster water occurrence/seasonality,Open,1984,Present,Annual,Available
SRB,Serbia,OpenStreetMap,OpenStreetMap,Vector roads/railways/waterways/landuse/buildings,Open,2004,Present,Continuous,Available
SRB,Serbia,WDPA (Protected Planet),UNEP-WCMC & IUCN,Vector protected areas,Registration,2005,Present,Monthly,Available
SRB,Serbia,WorldPop/GHS-POP,WorldPop / JRC (GHS-POP),Raster population density,Open,2000,Present,1–5 years,Available
SRB,Serbia,FEMA NFHL,FEMA,Vector flood hazard zones,Open,2003,Present,Rolling,N/A
SRB,Serbia,USGS NHD,USGS,Vector hydrography,Open,2000,Present,Rolling,N/A
SRB,Serbia,NPMS,PHMSA,Vector pipelines,Restricted,2002,Present,Annual/Rolling,N/A
SRB,Serbia,LiDAR DEM 1m,National/Provincial/State programs,Raster DEM (1m),Open/Restricted,2000,Present,Project-based,Varies
SYC,Seychelles,Sentinel-2 L2A,ESA via Microsoft Planetary Computer Earth Search,"Raster multispectral (13 bands, 10/20/60m)",Open,2015-06,Present,~5 days,Available
SYC,Seychelles,ESA WorldCover 10m,ESA (AWS S3),Raster land cover (10m),Open,2020,2021,Annual,Available
SYC,Seychelles,Copernicus DEM,Copernicus,Raster DEM (30m/90m),Registration,2020,Present,Irregular,Available
SYC,Seychelles,Global Surface Water (GSW),JRC/Google,Raster water occurrence/seasonality,Open,1984,Present,Annual,Available
SYC,Seychelles,OpenStreetMap,OpenStreetMap,Vector roads/railways/waterways/landuse/buildings,Open,2004,Present,Continuous,Available
SYC,Seychelles,WDPA (Protected Planet),UNEP-WCMC & IUCN,Vector protected areas,Registration,2005,Present,Monthly,Available
SYC,Seychelles,WorldPop/GHS-POP,WorldPop / JRC (GHS-POP),Raster population density,Open,2000,Present,1–5 years,Available
SYC,Seychelles,FEMA NFHL,FEMA,Vector flood hazard zones,Open,2003,Present,Rolling,N/A
SYC,Seychelles,USGS NHD,USGS,Vector hydrography,Open,2000,Present,Rolling,N/A
SYC,Seychelles,NPMS,PHMSA,Vector pipelines,Restricted,2002,Present,Annual/Rolling,N/A
SYC,Seychelles,LiDAR DEM 1m,National/Provincial/State programs,Raster DEM (1m),Open/Restricted,2000,Present,Project-based,Varies
SLE,Sierra Leone,Sentinel-2 L2A,ESA via Microsoft Planetary Computer Earth Search,"Raster multispectral (13 bands, 10/20/60m)",Open,2015-06,Present,~5 days,Available
SLE,Sierra Leone,ESA WorldCover 10m,ESA (AWS S3),Raster land cover (10m),Open,2020,2021,Annual,Available
SLE,Sierra Leone,Copernicus DEM,Copernicus,Raster DEM (30m/90m),Registration,2020,Present,Irregular,Available
SLE,Sierra Leone,Global Surface Water (GSW),JRC/Google,Raster water occurrence/seasonality,Open,1984,Present,Annual,Available
SLE,Sierra Leone,OpenStreetMap,OpenStreetMap,Vector roads/railways/waterways/landuse/buildings,Open,2004,Present,Continuous,Available
SLE,Sierra Leone,WDPA (Protected Planet),UNEP-WCMC & IUCN,Vector protected areas,Registration,2005,Present,Monthly,Available
SLE,Sierra Leone,WorldPop/GHS-POP,WorldPop / JRC (GHS-POP),Raster population density,Open,2000,Present,1–5 years,Available
SLE,Sierra Leone,FEMA NFHL,FEMA,Vector flood hazard zones,Open,2003,Present,Rolling,N/A
SLE,Sierra Leone,USGS NHD,USGS,Vector hydrography,Open,2000,Present,Rolling,N/A
SLE,Sierra Leone,NPMS,PHMSA,Vector pipelines,Restricted,2002,Present,Annual/Rolling,N/A
SLE,Sierra Leone,LiDAR DEM 1m,National/Provincial/State programs,Raster DEM (1m),Open/Restricted,2000,Present,Project-based,Varies
SGP,Singapore,Sentinel-2 L2A,ESA via Microsoft Planetary Computer Earth Search,"Raster multispectral (13 bands, 10/20/60m)",Open,2015-06,Present,~5 days,Available
SGP,Singapore,ESA WorldCover 10m,ESA (AWS S3),Raster land cover (10m),Open,2020,2021,Annual,Available
SGP,Singapore,Copernicus DEM,Copernicus,Raster DEM (30m/90m),Registration,2020,Present,Irregular,Available
SGP,Singapore,Global Surface Water (GSW),JRC/Google,Raster water occurrence/seasonality,Open,1984,Present,Annual,Available
SGP,Singapore,OpenStreetMap,OpenStreetMap,Vector roads/railways/waterways/landuse/buildings,Open,2004,Present,Continuous,Available
SGP,Singapore,WDPA (Protected Planet),UNEP-WCMC & IUCN,Vector protected areas,Registration,2005,Present,Monthly,Available
SGP,Singapore,WorldPop/GHS-POP,WorldPop / JRC (GHS-POP),Raster population density,Open,2000,Present,1–5 years,Available
SGP,Singapore,FEMA NFHL,FEMA,Vector flood hazard zones,Open,2003,Present,Rolling,N/A
SGP,Singapore,USGS NHD,USGS,Vector hydrography,Open,2000,Present,Rolling,N/A
SGP,Singapore,NPMS,PHMSA,Vector pipelines,Restricted,2002,Present,Annual/Rolling,N/A
SGP,Singapore,LiDAR DEM 1m,National/Provincial/State programs,Raster DEM (1m),Open/Restricted,2000,Present,Project-based,Varies
SXM,Sint Maarten (Dutch part),Sentinel-2 L2A,ESA via Microsoft Planetary Computer Earth Search,"Raster multispectral (13 bands, 10/20/60m)",Open,2015-06,Present,~5 days,Available
SXM,Sint Maarten (Dutch part),ESA WorldCover 10m,ESA (AWS S3),Raster land cover (10m),Open,2020,2021,Annual,Available
SXM,Sint Maarten (Dutch part),Copernicus DEM,Copernicus,Raster DEM (30m/90m),Registration,2020,Present,Irregular,Available
SXM,Sint Maarten (Dutch part),Global Surface Water (GSW),JRC/Google,Raster water occurrence/seasonality,Open,1984,Present,Annual,Available
SXM,Sint Maarten (Dutch part),OpenStreetMap,OpenStreetMap,Vector roads/railways/waterways/landuse/buildings,Open,2004,Present,Continuous,Available
SXM,Sint Maarten (Dutch part),WDPA (Protected Planet),UNEP-WCMC & IUCN,Vector protected areas,Registration,2005,Present,Monthly,Available
SXM,Sint Maarten (Dutch part),WorldPop/GHS-POP,WorldPop / JRC (GHS-POP),Raster population density,Open,2000,Present,1–5 years,Available
SXM,Sint Maarten (Dutch part),FEMA NFHL,FEMA,Vector flood hazard zones,Open,2003,Present,Rolling,N/A
SXM,Sint Maarten (Dutch part),USGS NHD,USGS,Vector hydrography,Open,2000,Present,Rolling,N/A
SXM,Sint Maarten (Dutch part),NPMS,PHMSA,Vector pipelines,Restricted,2002,Present,Annual/Rolling,N/A
SXM,Sint Maarten (Dutch part),LiDAR DEM 1m,National/Provincial/State programs,Raster DEM (1m),Open/Restricted,2000,Present,Project-based,Varies
SVK,Slovakia,Sentinel-2 L2A,ESA via Microsoft Planetary Computer Earth Search,"Raster multispectral (13 bands, 10/20/60m)",Open,2015-06,Present,~5 days,Available
SVK,Slovakia,ESA WorldCover 10m,ESA (AWS S3),Raster land cover (10m),Open,2020,2021,Annual,Available
SVK,Slovakia,Copernicus DEM,Copernicus,Raster DEM (30m/90m),Registration,2020,Present,Irregular,Available
SVK,Slovakia,Global Surface Water (GSW),JRC/Google,Raster water occurrence/seasonality,Open,1984,Present,Annual,Available
SVK,Slovakia,OpenStreetMap,OpenStreetMap,Vector roads/railways/waterways/landuse/buildings,Open,2004,Present,Continuous,Available
SVK,Slovakia,WDPA (Protected Planet),UNEP-WCMC & IUCN,Vector protected areas,Registration,2005,Present,Monthly,Available
SVK,Slovakia,WorldPop/GHS-POP,WorldPop / JRC (GHS-POP),Raster population density,Open,2000,Present,1–5 years,Available
SVK,Slovakia,FEMA NFHL,FEMA,Vector flood hazard zones,Open,2003,Present,Rolling,N/A
SVK,Slovakia,USGS NHD,USGS,Vector hydrography,Open,2000,Present,Rolling,N/A
SVK,Slovakia,NPMS,PHMSA,Vector pipelines,Restricted,2002,Present,Annual/Rolling,N/A
SVK,Slovakia,LiDAR DEM 1m,National/Provincial/State programs,Raster DEM (1m),Open/Restricted,2000,Present,Project-based,Varies
SVN,Slovenia,Sentinel-2 L2A,ESA via Microsoft Planetary Computer Earth Search,"Raster multispectral (13 bands, 10/20/60m)",Open,2015-06,Present,~5 days,Available
SVN,Slovenia,ESA WorldCover 10m,ESA (AWS S3),Raster land cover (10m),Open,2020,2021,Annual,Available
SVN,Slovenia,Copernicus DEM,Copernicus,Raster DEM (30m/90m),Registration,2020,Present,Irregular,Available
SVN,Slovenia,Global Surface Water (GSW),JRC/Google,Raster water occurrence/seasonality,Open,1984,Present,Annual,Available
SVN,Slovenia,OpenStreetMap,OpenStreetMap,Vector roads/railways/waterways/landuse/buildings,Open,2004,Present,Continuous,Available
SVN,Slovenia,WDPA (Protected Planet),UNEP-WCMC & IUCN,Vector protected areas,Registration,2005,Present,Monthly,Available
SVN,Slovenia,WorldPop/GHS-POP,WorldPop / JRC (GHS-POP),Raster population density,Open,2000,Present,1–5 years,Available
SVN,Slovenia,FEMA NFHL,FEMA,Vector flood hazard zones,Open,2003,Present,Rolling,N/A
SVN,Slovenia,USGS NHD,USGS,Vector hydrography,Open,2000,Present,Rolling,N/A
SVN,Slovenia,NPMS,PHMSA,Vector pipelines,Restricted,2002,Present,Annual/Rolling,N/A
SVN,Slovenia,LiDAR DEM 1m,National/Provincial/State programs,Raster DEM (1m),Open/Restricted,2000,Present,Project-based,Varies
SLB,Solomon Islands,Sentinel-2 L2A,ESA via Microsoft Planetary Computer Earth Search,"Raster multispectral (13 bands, 10/20/60m)",Open,2015-06,Present,~5 days,Available
SLB,Solomon Islands,ESA WorldCover 10m,ESA (AWS S3),Raster land cover (10m),Open,2020,2021,Annual,Available
SLB,Solomon Islands,Copernicus DEM,Copernicus,Raster DEM (30m/90m),Registration,2020,Present,Irregular,Available
SLB,Solomon Islands,Global Surface Water (GSW),JRC/Google,Raster water occurrence/seasonality,Open,1984,Present,Annual,Available
SLB,Solomon Islands,OpenStreetMap,OpenStreetMap,Vector roads/railways/waterways/landuse/buildings,Open,2004,Present,Continuous,Available
SLB,Solomon Islands,WDPA (Protected Planet),UNEP-WCMC & IUCN,Vector protected areas,Registration,2005,Present,Monthly,Available
SLB,Solomon Islands,WorldPop/GHS-POP,WorldPop / JRC (GHS-POP),Raster population density,Open,2000,Present,1–5 years,Available
SLB,Solomon Islands,FEMA NFHL,FEMA,Vector flood hazard zones,Open,2003,Present,Rolling,N/A
SLB,Solomon Islands,USGS NHD,USGS,Vector hydrography,Open,2000,Present,Rolling,N/A
SLB,Solomon Islands,NPMS,PHMSA,Vector pipelines,Restricted,2002,Present,Annual/Rolling,N/A
SLB,Solomon Islands,LiDAR DEM 1m,National/Provincial/State programs,Raster DEM (1m),Open/Restricted,2000,Present,Project-based,Varies
SOM,Somalia,Sentinel-2 L2A,ESA via Microsoft Planetary Computer Earth Search,"Raster multispectral (13 bands, 10/20/60m)",Open,2015-06,Present,~5 days,Available
SOM,Somalia,ESA WorldCover 10m,ESA (AWS S3),Raster land cover (10m),Open,2020,2021,Annual,Available
SOM,Somalia,Copernicus DEM,Copernicus,Raster DEM (30m/90m),Registration,2020,Present,Irregular,Available
SOM,Somalia,Global Surface Water (GSW),JRC/Google,Raster water occurrence/seasonality,Open,1984,Present,Annual,Available
SOM,Somalia,OpenStreetMap,OpenStreetMap,Vector roads/railways/waterways/landuse/buildings,Open,2004,Present,Continuous,Available
SOM,Somalia,WDPA (Protected Planet),UNEP-WCMC & IUCN,Vector protected areas,Registration,2005,Present,Monthly,Available
SOM,Somalia,WorldPop/GHS-POP,WorldPop / JRC (GHS-POP),Raster population density,Open,2000,Present,1–5 years,Available
SOM,Somalia,FEMA NFHL,FEMA,Vector flood hazard zones,Open,2003,Present,Rolling,N/A
SOM,Somalia,USGS NHD,USGS,Vector hydrography,Open,2000,Present,Rolling,N/A
SOM,Somalia,NPMS,PHMSA,Vector pipelines,Restricted,2002,Present,Annual/Rolling,N/A
SOM,Somalia,LiDAR DEM 1m,National/Provincial/State programs,Raster DEM (1m),Open/Restricted,2000,Present,Project-based,Varies
ZAF,South Africa,Sentinel-2 L2A,ESA via Microsoft Planetary Computer Earth Search,"Raster multispectral (13 bands, 10/20/60m)",Open,2015-06,Present,~5 days,Available
ZAF,South Africa,ESA WorldCover 10m,ESA (AWS S3),Raster land cover (10m),Open,2020,2021,Annual,Available
ZAF,South Africa,Copernicus DEM,Copernicus,Raster DEM (30m/90m),Registration,2020,Present,Irregular,Available
ZAF,South Africa,Global Surface Water (GSW),JRC/Google,Raster water occurrence/seasonality,Open,1984,Present,Annual,Available
ZAF,South Africa,OpenStreetMap,OpenStreetMap,Vector roads/railways/waterways/landuse/buildings,Open,2004,Present,Continuous,Available
ZAF,South Africa,WDPA (Protected Planet),UNEP-WCMC & IUCN,Vector protected areas,Registration,2005,Present,Monthly,Available
ZAF,South Africa,WorldPop/GHS-POP,WorldPop / JRC (GHS-POP),Raster population density,Open,2000,Present,1–5 years,Available
ZAF,South Africa,FEMA NFHL,FEMA,Vector flood hazard zones,Open,2003,Present,Rolling,N/A
ZAF,South Africa,USGS NHD,USGS,Vector hydrography,Open,2000,Present,Rolling,N/A
ZAF,South Africa,NPMS,PHMSA,Vector pipelines,Restricted,2002,Present,Annual/Rolling,N/A
ZAF,South Africa,LiDAR DEM 1m,National/Provincial/State programs,Raster DEM (1m),Open/Restricted,2000,Present,Project-based,Varies
SGS,South Georgia and the South Sandwich Islands,Sentinel-2 L2A,ESA via Microsoft Planetary Computer Earth Search,"Raster multispectral (13 bands, 10/20/60m)",Open,2015-06,Present,~5 days,Available
SGS,South Georgia and the South Sandwich Islands,ESA WorldCover 10m,ESA (AWS S3),Raster land cover (10m),Open,2020,2021,Annual,Available
SGS,South Georgia and the South Sandwich Islands,Copernicus DEM,Copernicus,Raster DEM (30m/90m),Registration,2020,Present,Irregular,Available
SGS,South Georgia and the South Sandwich Islands,Global Surface Water (GSW),JRC/Google,Raster water occurrence/seasonality,Open,1984,Present,Annual,Available
SGS,South Georgia and the South Sandwich Islands,OpenStreetMap,OpenStreetMap,Vector roads/railways/waterways/landuse/buildings,Open,2004,Present,Continuous,Available
SGS,South Georgia and the South Sandwich Islands,WDPA (Protected Planet),UNEP-WCMC & IUCN,Vector protected areas,Registration,2005,Present,Monthly,Available
SGS,South Georgia and the South Sandwich Islands,WorldPop/GHS-POP,WorldPop / JRC (GHS-POP),Raster population density,Open,2000,Present,1–5 years,Available
SGS,South Georgia and the South Sandwich Islands,FEMA NFHL,FEMA,Vector flood hazard zones,Open,2003,Present,Rolling,N/A
SGS,South Georgia and the South Sandwich Islands,USGS NHD,USGS,Vector hydrography,Open,2000,Present,Rolling,N/A
SGS,South Georgia and the South Sandwich Islands,NPMS,PHMSA,Vector pipelines,Restricted,2002,Present,Annual/Rolling,N/A
SGS,South Georgia and the South Sandwich Islands,LiDAR DEM 1m,National/Provincial/State programs,Raster DEM (1m),Open/Restricted,2000,Present,Project-based,Varies
SSD,South Sudan,Sentinel-2 L2A,ESA via Microsoft Planetary Computer Earth Search,"Raster multispectral (13 bands, 10/20/60m)",Open,2015-06,Present,~5 days,Available
SSD,South Sudan,ESA WorldCover 10m,ESA (AWS S3),Raster land cover (10m),Open,2020,2021,Annual,Available
SSD,South Sudan,Copernicus DEM,Copernicus,Raster DEM (30m/90m),Registration,2020,Present,Irregular,Available
SSD,South Sudan,Global Surface Water (GSW),JRC/Google,Raster water occurrence/seasonality,Open,1984,Present,Annual,Available
SSD,South Sudan,OpenStreetMap,OpenStreetMap,Vector roads/railways/waterways/landuse/buildings,Open,2004,Present,Continuous,Available
SSD,South Sudan,WDPA (Protected Planet),UNEP-WCMC & IUCN,Vector protected areas,Registration,2005,Present,Monthly,Available
SSD,South Sudan,WorldPop/GHS-POP,WorldPop / JRC (GHS-POP),Raster population density,Open,2000,Present,1–5 years,Available
SSD,South Sudan,FEMA NFHL,FEMA,Vector flood hazard zones,Open,2003,Present,Rolling,N/A
SSD,South Sudan,USGS NHD,USGS,Vector hydrography,Open,2000,Present,Rolling,N/A
SSD,South Sudan,NPMS,PHMSA,Vector pipelines,Restricted,2002,Present,Annual/Rolling,N/A
SSD,South Sudan,LiDAR DEM 1m,National/Provincial/State programs,Raster DEM (1m),Open/Restricted,2000,Present,Project-based,Varies
ESP,Spain,Sentinel-2 L2A,ESA via Microsoft Planetary Computer Earth Search,"Raster multispectral (13 bands, 10/20/60m)",Open,2015-06,Present,~5 days,Available
ESP,Spain,ESA WorldCover 10m,ESA (AWS S3),Raster land cover (10m),Open,2020,2021,Annual,Available
ESP,Spain,Copernicus DEM,Copernicus,Raster DEM (30m/90m),Registration,2020,Present,Irregular,Available
ESP,Spain,Global Surface Water (GSW),JRC/Google,Raster water occurrence/seasonality,Open,1984,Present,Annual,Available
ESP,Spain,OpenStreetMap,OpenStreetMap,Vector roads/railways/waterways/landuse/buildings,Open,2004,Present,Continuous,Available
ESP,Spain,WDPA (Protected Planet),UNEP-WCMC & IUCN,Vector protected areas,Registration,2005,Present,Monthly,Available
ESP,Spain,WorldPop/GHS-POP,WorldPop / JRC (GHS-POP),Raster population density,Open,2000,Present,1–5 years,Available
ESP,Spain,FEMA NFHL,FEMA,Vector flood hazard zones,Open,2003,Present,Rolling,N/A
ESP,Spain,USGS NHD,USGS,Vector hydrography,Open,2000,Present,Rolling,N/A
ESP,Spain,NPMS,PHMSA,Vector pipelines,Restricted,2002,Present,Annual/Rolling,N/A
ESP,Spain,LiDAR DEM 1m,National/Provincial/State programs,Raster DEM (1m),Open/Restricted,2000,Present,Project-based,Varies
LKA,Sri Lanka,Sentinel-2 L2A,ESA via Microsoft Planetary Computer Earth Search,"Raster multispectral (13 bands, 10/20/60m)",Open,2015-06,Present,~5 days,Available
LKA,Sri Lanka,ESA WorldCover 10m,ESA (AWS S3),Raster land cover (10m),Open,2020,2021,Annual,Available
LKA,Sri Lanka,Copernicus DEM,Copernicus,Raster DEM (30m/90m),Registration,2020,Present,Irregular,Available
LKA,Sri Lanka,Global Surface Water (GSW),JRC/Google,Raster water occurrence/seasonality,Open,1984,Present,Annual,Available
LKA,Sri Lanka,OpenStreetMap,OpenStreetMap,Vector roads/railways/waterways/landuse/buildings,Open,2004,Present,Continuous,Available
LKA,Sri Lanka,WDPA (Protected Planet),UNEP-WCMC & IUCN,Vector protected areas,Registration,2005,Present,Monthly,Available
LKA,Sri Lanka,WorldPop/GHS-POP,WorldPop / JRC (GHS-POP),Raster population density,Open,2000,Present,1–5 years,Available
LKA,Sri Lanka,FEMA NFHL,FEMA,Vector flood hazard zones,Open,2003,Present,Rolling,N/A
LKA,Sri Lanka,USGS NHD,USGS,Vector hydrography,Open,2000,Present,Rolling,N/A
LKA,Sri Lanka,NPMS,PHMSA,Vector pipelines,Restricted,2002,Present,Annual/Rolling,N/A
LKA,Sri Lanka,LiDAR DEM 1m,National/Provincial/State programs,Raster DEM (1m),Open/Restricted,2000,Present,Project-based,Varies
SDN,Sudan,Sentinel-2 L2A,ESA via Microsoft Planetary Computer Earth Search,"Raster multispectral (13 bands, 10/20/60m)",Open,2015-06,Present,~5 days,Available
SDN,Sudan,ESA WorldCover 10m,ESA (AWS S3),Raster land cover (10m),Open,2020,2021,Annual,Available
SDN,Sudan,Copernicus DEM,Copernicus,Raster DEM (30m/90m),Registration,2020,Present,Irregular,Available
SDN,Sudan,Global Surface Water (GSW),JRC/Google,Raster water occurrence/seasonality,Open,1984,Present,Annual,Available
SDN,Sudan,OpenStreetMap,OpenStreetMap,Vector roads/railways/waterways/landuse/buildings,Open,2004,Present,Continuous,Available
SDN,Sudan,WDPA (Protected Planet),UNEP-WCMC & IUCN,Vector protected areas,Registration,2005,Present,Monthly,Available
SDN,Sudan,WorldPop/GHS-POP,WorldPop / JRC (GHS-POP),Raster population density,Open,2000,Present,1–5 years,Available
SDN,Sudan,FEMA NFHL,FEMA,Vector flood hazard zones,Open,2003,Present,Rolling,N/A
SDN,Sudan,USGS NHD,USGS,Vector hydrography,Open,2000,Present,Rolling,N/A
SDN,Sudan,NPMS,PHMSA,Vector pipelines,Restricted,2002,Present,Annual/Rolling,N/A
SDN,Sudan,LiDAR DEM 1m,National/Provincial/State programs,Raster DEM (1m),Open/Restricted,2000,Present,Project-based,Varies
SUR,Suriname,Sentinel-2 L2A,ESA via Microsoft Planetary Computer Earth Search,"Raster multispectral (13 bands, 10/20/60m)",Open,2015-06,Present,~5 days,Available
SUR,Suriname,ESA WorldCover 10m,ESA (AWS S3),Raster land cover (10m),Open,2020,2021,Annual,Available
SUR,Suriname,Copernicus DEM,Copernicus,Raster DEM (30m/90m),Registration,2020,Present,Irregular,Available
SUR,Suriname,Global Surface Water (GSW),JRC/Google,Raster water occurrence/seasonality,Open,1984,Present,Annual,Available
SUR,Suriname,OpenStreetMap,OpenStreetMap,Vector roads/railways/waterways/landuse/buildings,Open,2004,Present,Continuous,Available
SUR,Suriname,WDPA (Protected Planet),UNEP-WCMC & IUCN,Vector protected areas,Registration,2005,Present,Monthly,Available
SUR,Suriname,WorldPop/GHS-POP,WorldPop / JRC (GHS-POP),Raster population density,Open,2000,Present,1–5 years,Available
SUR,Suriname,FEMA NFHL,FEMA,Vector flood hazard zones,Open,2003,Present,Rolling,N/A
SUR,Suriname,USGS NHD,USGS,Vector hydrography,Open,2000,Present,Rolling,N/A
SUR,Suriname,NPMS,PHMSA,Vector pipelines,Restricted,2002,Present,Annual/Rolling,N/A
SUR,Suriname,LiDAR DEM 1m,National/Provincial/State programs,Raster DEM (1m),Open/Restricted,2000,Present,Project-based,Varies
SJM,Svalbard and Jan Mayen,Sentinel-2 L2A,ESA via Microsoft Planetary Computer Earth Search,"Raster multispectral (13 bands, 10/20/60m)",Open,2015-06,Present,~5 days,Available
SJM,Svalbard and Jan Mayen,ESA WorldCover 10m,ESA (AWS S3),Raster land cover (10m),Open,2020,2021,Annual,Available
SJM,Svalbard and Jan Mayen,Copernicus DEM,Copernicus,Raster DEM (30m/90m),Registration,2020,Present,Irregular,Available
SJM,Svalbard and Jan Mayen,Global Surface Water (GSW),JRC/Google,Raster water occurrence/seasonality,Open,1984,Present,Annual,Available
SJM,Svalbard and Jan Mayen,OpenStreetMap,OpenStreetMap,Vector roads/railways/waterways/landuse/buildings,Open,2004,Present,Continuous,Available
SJM,Svalbard and Jan Mayen,WDPA (Protected Planet),UNEP-WCMC & IUCN,Vector protected areas,Registration,2005,Present,Monthly,Available
SJM,Svalbard and Jan Mayen,WorldPop/GHS-POP,WorldPop / JRC (GHS-POP),Raster population density,Open,2000,Present,1–5 years,Available
SJM,Svalbard and Jan Mayen,FEMA NFHL,FEMA,Vector flood hazard zones,Open,2003,Present,Rolling,N/A
SJM,Svalbard and Jan Mayen,USGS NHD,USGS,Vector hydrography,Open,2000,Present,Rolling,N/A
SJM,Svalbard and Jan Mayen,NPMS,PHMSA,Vector pipelines,Restricted,2002,Present,Annual/Rolling,N/A
SJM,Svalbard and Jan Mayen,LiDAR DEM 1m,National/Provincial/State programs,Raster DEM (1m),Open/Restricted,2000,Present,Project-based,Varies
SWE,Sweden,Sentinel-2 L2A,ESA via Microsoft Planetary Computer Earth Search,"Raster multispectral (13 bands, 10/20/60m)",Open,2015-06,Present,~5 days,Available
SWE,Sweden,ESA WorldCover 10m,ESA (AWS S3),Raster land cover (10m),Open,2020,2021,Annual,Available
SWE,Sweden,Copernicus DEM,Copernicus,Raster DEM (30m/90m),Registration,2020,Present,Irregular,Available
SWE,Sweden,Global Surface Water (GSW),JRC/Google,Raster water occurrence/seasonality,Open,1984,Present,Annual,Available
SWE,Sweden,OpenStreetMap,OpenStreetMap,Vector roads/railways/waterways/landuse/buildings,Open,2004,Present,Continuous,Available
SWE,Sweden,WDPA (Protected Planet),UNEP-WCMC & IUCN,Vector protected areas,Registration,2005,Present,Monthly,Available
SWE,Sweden,WorldPop/GHS-POP,WorldPop / JRC (GHS-POP),Raster population density,Open,2000,Present,1–5 years,Available
SWE,Sweden,FEMA NFHL,FEMA,Vector flood hazard zones,Open,2003,Present,Rolling,N/A
SWE,Sweden,USGS NHD,USGS,Vector hydrography,Open,2000,Present,Rolling,N/A
SWE,Sweden,NPMS,PHMSA,Vector pipelines,Restricted,2002,Present,Annual/Rolling,N/A
SWE,Sweden,LiDAR DEM 1m,National/Provincial/State programs,Raster DEM (1m),Open/Restricted,2000,Present,Project-based,Varies
CHE,Switzerland,Sentinel-2 L2A,ESA via Microsoft Planetary Computer Earth Search,"Raster multispectral (13 bands, 10/20/60m)",Open,2015-06,Present,~5 days,Available
CHE,Switzerland,ESA WorldCover 10m,ESA (AWS S3),Raster land cover (10m),Open,2020,2021,Annual,Available
CHE,Switzerland,Copernicus DEM,Copernicus,Raster DEM (30m/90m),Registration,2020,Present,Irregular,Available
CHE,Switzerland,Global Surface Water (GSW),JRC/Google,Raster water occurrence/seasonality,Open,1984,Present,Annual,Available
CHE,Switzerland,OpenStreetMap,OpenStreetMap,Vector roads/railways/waterways/landuse/buildings,Open,2004,Present,Continuous,Available
CHE,Switzerland,WDPA (Protected Planet),UNEP-WCMC & IUCN,Vector protected areas,Registration,2005,Present,Monthly,Available
CHE,Switzerland,WorldPop/GHS-POP,WorldPop / JRC (GHS-POP),Raster population density,Open,2000,Present,1–5 years,Available
CHE,Switzerland,FEMA NFHL,FEMA,Vector flood hazard zones,Open,2003,Present,Rolling,N/A
CHE,Switzerland,USGS NHD,USGS,Vector hydrography,Open,2000,Present,Rolling,N/A
CHE,Switzerland,NPMS,PHMSA,Vector pipelines,Restricted,2002,Present,Annual/Rolling,N/A
CHE,Switzerland,LiDAR DEM 1m,National/Provincial/State programs,Raster DEM (1m),Open/Restricted,2000,Present,Project-based,Varies
SYR,Syrian Arab Republic,Sentinel-2 L2A,ESA via Microsoft Planetary Computer Earth Search,"Raster multispectral (13 bands, 10/20/60m)",Open,2015-06,Present,~5 days,Available
SYR,Syrian Arab Republic,ESA WorldCover 10m,ESA (AWS S3),Raster land cover (10m),Open,2020,2021,Annual,Available
SYR,Syrian Arab Republic,Copernicus DEM,Copernicus,Raster DEM (30m/90m),Registration,2020,Present,Irregular,Available
SYR,Syrian Arab Republic,Global Surface Water (GSW),JRC/Google,Raster water occurrence/seasonality,Open,1984,Present,Annual,Available
SYR,Syrian Arab Republic,OpenStreetMap,OpenStreetMap,Vector roads/railways/waterways/landuse/buildings,Open,2004,Present,Continuous,Available
SYR,Syrian Arab Republic,WDPA (Protected Planet),UNEP-WCMC & IUCN,Vector protected areas,Registration,2005,Present,Monthly,Available
SYR,Syrian Arab Republic,WorldPop/GHS-POP,WorldPop / JRC (GHS-POP),Raster population density,Open,2000,Present,1–5 years,Available
SYR,Syrian Arab Republic,FEMA NFHL,FEMA,Vector flood hazard zones,Open,2003,Present,Rolling,N/A
SYR,Syrian Arab Republic,USGS NHD,USGS,Vector hydrography,Open,2000,Present,Rolling,N/A
SYR,Syrian Arab Republic,NPMS,PHMSA,Vector pipelines,Restricted,2002,Present,Annual/Rolling,N/A
SYR,Syrian Arab Republic,LiDAR DEM 1m,National/Provincial/State programs,Raster DEM (1m),Open/Restricted,2000,Present,Project-based,Varies
TWN,"Taiwan, Province of China",Sentinel-2 L2A,ESA via Microsoft Planetary Computer Earth Search,"Raster multispectral (13 bands, 10/20/60m)",Open,2015-06,Present,~5 days,Available
TWN,"Taiwan, Province of China",ESA WorldCover 10m,ESA (AWS S3),Raster land cover (10m),Open,2020,2021,Annual,Available
TWN,"Taiwan, Province of China",Copernicus DEM,Copernicus,Raster DEM (30m/90m),Registration,2020,Present,Irregular,Available
TWN,"Taiwan, Province of China",Global Surface Water (GSW),JRC/Google,Raster water occurrence/seasonality,Open,1984,Present,Annual,Available
TWN,"Taiwan, Province of China",OpenStreetMap,OpenStreetMap,Vector roads/railways/waterways/landuse/buildings,Open,2004,Present,Continuous,Available
TWN,"Taiwan, Province of China",WDPA (Protected Planet),UNEP-WCMC & IUCN,Vector protected areas,Registration,2005,Present,Monthly,Available
TWN,"Taiwan, Province of China",WorldPop/GHS-POP,WorldPop / JRC (GHS-POP),Raster population density,Open,2000,Present,1–5 years,Available
TWN,"Taiwan, Province of China",FEMA NFHL,FEMA,Vector flood hazard zones,Open,2003,Present,Rolling,N/A
TWN,"Taiwan, Province of China",USGS NHD,USGS,Vector hydrography,Open,2000,Present,Rolling,N/A
TWN,"Taiwan, Province of China",NPMS,PHMSA,Vector pipelines,Restricted,2002,Present,Annual/Rolling,N/A
TWN,"Taiwan, Province of China",LiDAR DEM 1m,National/Provincial/State programs,Raster DEM (1m),Open/Restricted,2000,Present,Project-based,Varies
TJK,Tajikistan,Sentinel-2 L2A,ESA via Microsoft Planetary Computer Earth Search,"Raster multispectral (13 bands, 10/20/60m)",Open,2015-06,Present,~5 days,Available
TJK,Tajikistan,ESA WorldCover 10m,ESA (AWS S3),Raster land cover (10m),Open,2020,2021,Annual,Available
TJK,Tajikistan,Copernicus DEM,Copernicus,Raster DEM (30m/90m),Registration,2020,Present,Irregular,Available
TJK,Tajikistan,Global Surface Water (GSW),JRC/Google,Raster water occurrence/seasonality,Open,1984,Present,Annual,Available
TJK,Tajikistan,OpenStreetMap,OpenStreetMap,Vector roads/railways/waterways/landuse/buildings,Open,2004,Present,Continuous,Available
TJK,Tajikistan,WDPA (Protected Planet),UNEP-WCMC & IUCN,Vector protected areas,Registration,2005,Present,Monthly,Available
TJK,Tajikistan,WorldPop/GHS-POP,WorldPop / JRC (GHS-POP),Raster population density,Open,2000,Present,1–5 years,Available
TJK,Tajikistan,FEMA NFHL,FEMA,Vector flood hazard zones,Open,2003,Present,Rolling,N/A
TJK,Tajikistan,USGS NHD,USGS,Vector hydrography,Open,2000,Present,Rolling,N/A
TJK,Tajikistan,NPMS,PHMSA,Vector pipelines,Restricted,2002,Present,Annual/Rolling,N/A
TJK,Tajikistan,LiDAR DEM 1m,National/Provincial/State programs,Raster DEM (1m),Open/Restricted,2000,Present,Project-based,Varies
TZA,"Tanzania, United Republic of",Sentinel-2 L2A,ESA via Microsoft Planetary Computer Earth Search,"Raster multispectral (13 bands, 10/20/60m)",Open,2015-06,Present,~5 days,Available
TZA,"Tanzania, United Republic of",ESA WorldCover 10m,ESA (AWS S3),Raster land cover (10m),Open,2020,2021,Annual,Available
TZA,"Tanzania, United Republic of",Copernicus DEM,Copernicus,Raster DEM (30m/90m),Registration,2020,Present,Irregular,Available
TZA,"Tanzania, United Republic of",Global Surface Water (GSW),JRC/Google,Raster water occurrence/seasonality,Open,1984,Present,Annual,Available
TZA,"Tanzania, United Republic of",OpenStreetMap,OpenStreetMap,Vector roads/railways/waterways/landuse/buildings,Open,2004,Present,Continuous,Available
TZA,"Tanzania, United Republic of",WDPA (Protected Planet),UNEP-WCMC & IUCN,Vector protected areas,Registration,2005,Present,Monthly,Available
TZA,"Tanzania, United Republic of",WorldPop/GHS-POP,WorldPop / JRC (GHS-POP),Raster population density,Open,2000,Present,1–5 years,Available
TZA,"Tanzania, United Republic of",FEMA NFHL,FEMA,Vector flood hazard zones,Open,2003,Present,Rolling,N/A
TZA,"Tanzania, United Republic of",USGS NHD,USGS,Vector hydrography,Open,2000,Present,Rolling,N/A
TZA,"Tanzania, United Republic of",NPMS,PHMSA,Vector pipelines,Restricted,2002,Present,Annual/Rolling,N/A
TZA,"Tanzania, United Republic of",LiDAR DEM 1m,National/Provincial/State programs,Raster DEM (1m),Open/Restricted,2000,Present,Project-based,Varies
THA,Thailand,Sentinel-2 L2A,ESA via Microsoft Planetary Computer Earth Search,"Raster multispectral (13 bands, 10/20/60m)",Open,2015-06,Present,~5 days,Available
THA,Thailand,ESA WorldCover 10m,ESA (AWS S3),Raster land cover (10m),Open,2020,2021,Annual,Available
THA,Thailand,Copernicus DEM,Copernicus,Raster DEM (30m/90m),Registration,2020,Present,Irregular,Available
THA,Thailand,Global Surface Water (GSW),JRC/Google,Raster water occurrence/seasonality,Open,1984,Present,Annual,Available
THA,Thailand,OpenStreetMap,OpenStreetMap,Vector roads/railways/waterways/landuse/buildings,Open,2004,Present,Continuous,Available
THA,Thailand,WDPA (Protected Planet),UNEP-WCMC & IUCN,Vector protected areas,Registration,2005,Present,Monthly,Available
THA,Thailand,WorldPop/GHS-POP,WorldPop / JRC (GHS-POP),Raster population density,Open,2000,Present,1–5 years,Available
THA,Thailand,FEMA NFHL,FEMA,Vector flood hazard zones,Open,2003,Present,Rolling,N/A
THA,Thailand,USGS NHD,USGS,Vector hydrography,Open,2000,Present,Rolling,N/A
THA,Thailand,NPMS,PHMSA,Vector pipelines,Restricted,2002,Present,Annual/Rolling,N/A
THA,Thailand,LiDAR DEM 1m,National/Provincial/State programs,Raster DEM (1m),Open/Restricted,2000,Present,Project-based,Varies
TLS,Timor-Leste,Sentinel-2 L2A,ESA via Microsoft Planetary Computer Earth Search,"Raster multispectral (13 bands, 10/20/60m)",Open,2015-06,Present,~5 days,Available
TLS,Timor-Leste,ESA WorldCover 10m,ESA (AWS S3),Raster land cover (10m),Open,2020,2021,Annual,Available
TLS,Timor-Leste,Copernicus DEM,Copernicus,Raster DEM (30m/90m),Registration,2020,Present,Irregular,Available
TLS,Timor-Leste,Global Surface Water (GSW),JRC/Google,Raster water occurrence/seasonality,Open,1984,Present,Annual,Available
TLS,Timor-Leste,OpenStreetMap,OpenStreetMap,Vector roads/railways/waterways/landuse/buildings,Open,2004,Present,Continuous,Available
TLS,Timor-Leste,WDPA (Protected Planet),UNEP-WCMC & IUCN,Vector protected areas,Registration,2005,Present,Monthly,Available
TLS,Timor-Leste,WorldPop/GHS-POP,WorldPop / JRC (GHS-POP),Raster population density,Open,2000,Present,1–5 years,Available
TLS,Timor-Leste,FEMA NFHL,FEMA,Vector flood hazard zones,Open,2003,Present,Rolling,N/A
TLS,Timor-Leste,USGS NHD,USGS,Vector hydrography,Open,2000,Present,Rolling,N/A
TLS,Timor-Leste,NPMS,PHMSA,Vector pipelines,Restricted,2002,Present,Annual/Rolling,N/A
TLS,Timor-Leste,LiDAR DEM 1m,National/Provincial/State programs,Raster DEM (1m),Open/Restricted,2000,Present,Project-based,Varies
TGO,Togo,Sentinel-2 L2A,ESA via Microsoft Planetary Computer Earth Search,"Raster multispectral (13 bands, 10/20/60m)",Open,2015-06,Present,~5 days,Available
TGO,Togo,ESA WorldCover 10m,ESA (AWS S3),Raster land cover (10m),Open,2020,2021,Annual,Available
TGO,Togo,Copernicus DEM,Copernicus,Raster DEM (30m/90m),Registration,2020,Present,Irregular,Available
TGO,Togo,Global Surface Water (GSW),JRC/Google,Raster water occurrence/seasonality,Open,1984,Present,Annual,Available
TGO,Togo,OpenStreetMap,OpenStreetMap,Vector roads/railways/waterways/landuse/buildings,Open,2004,Present,Continuous,Available
TGO,Togo,WDPA (Protected Planet),UNEP-WCMC & IUCN,Vector protected areas,Registration,2005,Present,Monthly,Available
TGO,Togo,WorldPop/GHS-POP,WorldPop / JRC (GHS-POP),Raster population density,Open,2000,Present,1–5 years,Available
TGO,Togo,FEMA NFHL,FEMA,Vector flood hazard zones,Open,2003,Present,Rolling,N/A
TGO,Togo,USGS NHD,USGS,Vector hydrography,Open,2000,Present,Rolling,N/A
TGO,Togo,NPMS,PHMSA,Vector pipelines,Restricted,2002,Present,Annual/Rolling,N/A
TGO,Togo,LiDAR DEM 1m,National/Provincial/State programs,Raster DEM (1m),Open/Restricted,2000,Present,Project-based,Varies
TKL,Tokelau,Sentinel-2 L2A,ESA via Microsoft Planetary Computer Earth Search,"Raster multispectral (13 bands, 10/20/60m)",Open,2015-06,Present,~5 days,Available
TKL,Tokelau,ESA WorldCover 10m,ESA (AWS S3),Raster land cover (10m),Open,2020,2021,Annual,Available
TKL,Tokelau,Copernicus DEM,Copernicus,Raster DEM (30m/90m),Registration,2020,Present,Irregular,Available
TKL,Tokelau,Global Surface Water (GSW),JRC/Google,Raster water occurrence/seasonality,Open,1984,Present,Annual,Available
TKL,Tokelau,OpenStreetMap,OpenStreetMap,Vector roads/railways/waterways/landuse/buildings,Open,2004,Present,Continuous,Available
TKL,Tokelau,WDPA (Protected Planet),UNEP-WCMC & IUCN,Vector protected areas,Registration,2005,Present,Monthly,Available
TKL,Tokelau,WorldPop/GHS-POP,WorldPop / JRC (GHS-POP),Raster population density,Open,2000,Present,1–5 years,Available
TKL,Tokelau,FEMA NFHL,FEMA,Vector flood hazard zones,Open,2003,Present,Rolling,N/A
TKL,Tokelau,USGS NHD,USGS,Vector hydrography,Open,2000,Present,Rolling,N/A
TKL,Tokelau,NPMS,PHMSA,Vector pipelines,Restricted,2002,Present,Annual/Rolling,N/A
TKL,Tokelau,LiDAR DEM 1m,National/Provincial/State programs,Raster DEM (1m),Open/Restricted,2000,Present,Project-based,Varies
TON,Tonga,Sentinel-2 L2A,ESA via Microsoft Planetary Computer Earth Search,"Raster multispectral (13 bands, 10/20/60m)",Open,2015-06,Present,~5 days,Available
TON,Tonga,ESA WorldCover 10m,ESA (AWS S3),Raster land cover (10m),Open,2020,2021,Annual,Available
TON,Tonga,Copernicus DEM,Copernicus,Raster DEM (30m/90m),Registration,2020,Present,Irregular,Available
TON,Tonga,Global Surface Water (GSW),JRC/Google,Raster water occurrence/seasonality,Open,1984,Present,Annual,Available
TON,Tonga,OpenStreetMap,OpenStreetMap,Vector roads/railways/waterways/landuse/buildings,Open,2004,Present,Continuous,Available
TON,Tonga,WDPA (Protected Planet),UNEP-WCMC & IUCN,Vector protected areas,Registration,2005,Present,Monthly,Available
TON,Tonga,WorldPop/GHS-POP,WorldPop / JRC (GHS-POP),Raster population density,Open,2000,Present,1–5 years,Available
TON,Tonga,FEMA NFHL,FEMA,Vector flood hazard zones,Open,2003,Present,Rolling,N/A
TON,Tonga,USGS NHD,USGS,Vector hydrography,Open,2000,Present,Rolling,N/A
TON,Tonga,NPMS,PHMSA,Vector pipelines,Restricted,2002,Present,Annual/Rolling,N/A
TON,Tonga,LiDAR DEM 1m,National/Provincial/State programs,Raster DEM (1m),Open/Restricted,2000,Present,Project-based,Varies
TTO,Trinidad and Tobago,Sentinel-2 L2A,ESA via Microsoft Planetary Computer Earth Search,"Raster multispectral (13 bands, 10/20/60m)",Open,2015-06,Present,~5 days,Available
TTO,Trinidad and Tobago,ESA WorldCover 10m,ESA (AWS S3),Raster land cover (10m),Open,2020,2021,Annual,Available
TTO,Trinidad and Tobago,Copernicus DEM,Copernicus,Raster DEM (30m/90m),Registration,2020,Present,Irregular,Available
TTO,Trinidad and Tobago,Global Surface Water (GSW),JRC/Google,Raster water occurrence/seasonality,Open,1984,Present,Annual,Available
TTO,Trinidad and Tobago,OpenStreetMap,OpenStreetMap,Vector roads/railways/waterways/landuse/buildings,Open,2004,Present,Continuous,Available
TTO,Trinidad and Tobago,WDPA (Protected Planet),UNEP-WCMC & IUCN,Vector protected areas,Registration,2005,Present,Monthly,Available
TTO,Trinidad and Tobago,WorldPop/GHS-POP,WorldPop / JRC (GHS-POP),Raster population density,Open,2000,Present,1–5 years,Available
TTO,Trinidad and Tobago,FEMA NFHL,FEMA,Vector flood hazard zones,Open,2003,Present,Rolling,N/A
TTO,Trinidad and Tobago,USGS NHD,USGS,Vector hydrography,Open,2000,Present,Rolling,N/A
TTO,Trinidad and Tobago,NPMS,PHMSA,Vector pipelines,Restricted,2002,Present,Annual/Rolling,N/A
TTO,Trinidad and Tobago,LiDAR DEM 1m,National/Provincial/State programs,Raster DEM (1m),Open/Restricted,2000,Present,Project-based,Varies
TUN,Tunisia,Sentinel-2 L2A,ESA via Microsoft Planetary Computer Earth Search,"Raster multispectral (13 bands, 10/20/60m)",Open,2015-06,Present,~5 days,Available
TUN,Tunisia,ESA WorldCover 10m,ESA (AWS S3),Raster land cover (10m),Open,2020,2021,Annual,Available
TUN,Tunisia,Copernicus DEM,Copernicus,Raster DEM (30m/90m),Registration,2020,Present,Irregular,Available
TUN,Tunisia,Global Surface Water (GSW),JRC/Google,Raster water occurrence/seasonality,Open,1984,Present,Annual,Available
TUN,Tunisia,OpenStreetMap,OpenStreetMap,Vector roads/railways/waterways/landuse/buildings,Open,2004,Present,Continuous,Available
TUN,Tunisia,WDPA (Protected Planet),UNEP-WCMC & IUCN,Vector protected areas,Registration,2005,Present,Monthly,Available
TUN,Tunisia,WorldPop/GHS-POP,WorldPop / JRC (GHS-POP),Raster population density,Open,2000,Present,1–5 years,Available
TUN,Tunisia,FEMA NFHL,FEMA,Vector flood hazard zones,Open,2003,Present,Rolling,N/A
TUN,Tunisia,USGS NHD,USGS,Vector hydrography,Open,2000,Present,Rolling,N/A
TUN,Tunisia,NPMS,PHMSA,Vector pipelines,Restricted,2002,Present,Annual/Rolling,N/A
TUN,Tunisia,LiDAR DEM 1m,National/Provincial/State programs,Raster DEM (1m),Open/Restricted,2000,Present,Project-based,Varies
TKM,Turkmenistan,Sentinel-2 L2A,ESA via Microsoft Planetary Computer Earth Search,"Raster multispectral (13 bands, 10/20/60m)",Open,2015-06,Present,~5 days,Available
TKM,Turkmenistan,ESA WorldCover 10m,ESA (AWS S3),Raster land cover (10m),Open,2020,2021,Annual,Available
TKM,Turkmenistan,Copernicus DEM,Copernicus,Raster DEM (30m/90m),Registration,2020,Present,Irregular,Available
TKM,Turkmenistan,Global Surface Water (GSW),JRC/Google,Raster water occurrence/seasonality,Open,1984,Present,Annual,Available
TKM,Turkmenistan,OpenStreetMap,OpenStreetMap,Vector roads/railways/waterways/landuse/buildings,Open,2004,Present,Continuous,Available
TKM,Turkmenistan,WDPA (Protected Planet),UNEP-WCMC & IUCN,Vector protected areas,Registration,2005,Present,Monthly,Available
TKM,Turkmenistan,WorldPop/GHS-POP,WorldPop / JRC (GHS-POP),Raster population density,Open,2000,Present,1–5 years,Available
TKM,Turkmenistan,FEMA NFHL,FEMA,Vector flood hazard zones,Open,2003,Present,Rolling,N/A
TKM,Turkmenistan,USGS NHD,USGS,Vector hydrography,Open,2000,Present,Rolling,N/A
TKM,Turkmenistan,NPMS,PHMSA,Vector pipelines,Restricted,2002,Present,Annual/Rolling,N/A
TKM,Turkmenistan,LiDAR DEM 1m,National/Provincial/State programs,Raster DEM (1m),Open/Restricted,2000,Present,Project-based,Varies
TCA,Turks and Caicos Islands,Sentinel-2 L2A,ESA via Microsoft Planetary Computer Earth Search,"Raster multispectral (13 bands, 10/20/60m)",Open,2015-06,Present,~5 days,Available
TCA,Turks and Caicos Islands,ESA WorldCover 10m,ESA (AWS S3),Raster land cover (10m),Open,2020,2021,Annual,Available
TCA,Turks and Caicos Islands,Copernicus DEM,Copernicus,Raster DEM (30m/90m),Registration,2020,Present,Irregular,Available
TCA,Turks and Caicos Islands,Global Surface Water (GSW),JRC/Google,Raster water occurrence/seasonality,Open,1984,Present,Annual,Available
TCA,Turks and Caicos Islands,OpenStreetMap,OpenStreetMap,Vector roads/railways/waterways/landuse/buildings,Open,2004,Present,Continuous,Available
TCA,Turks and Caicos Islands,WDPA (Protected Planet),UNEP-WCMC & IUCN,Vector protected areas,Registration,2005,Present,Monthly,Available
TCA,Turks and Caicos Islands,WorldPop/GHS-POP,WorldPop / JRC (GHS-POP),Raster population density,Open,2000,Present,1–5 years,Available
TCA,Turks and Caicos Islands,FEMA NFHL,FEMA,Vector flood hazard zones,Open,2003,Present,Rolling,N/A
TCA,Turks and Caicos Islands,USGS NHD,USGS,Vector hydrography,Open,2000,Present,Rolling,N/A
TCA,Turks and Caicos Islands,NPMS,PHMSA,Vector pipelines,Restricted,2002,Present,Annual/Rolling,N/A
TCA,Turks and Caicos Islands,LiDAR DEM 1m,National/Provincial/State programs,Raster DEM (1m),Open/Restricted,2000,Present,Project-based,Varies
TUV,Tuvalu,Sentinel-2 L2A,ESA via Microsoft Planetary Computer Earth Search,"Raster multispectral (13 bands, 10/20/60m)",Open,2015-06,Present,~5 days,Available
TUV,Tuvalu,ESA WorldCover 10m,ESA (AWS S3),Raster land cover (10m),Open,2020,2021,Annual,Available
TUV,Tuvalu,Copernicus DEM,Copernicus,Raster DEM (30m/90m),Registration,2020,Present,Irregular,Available
TUV,Tuvalu,Global Surface Water (GSW),JRC/Google,Raster water occurrence/seasonality,Open,1984,Present,Annual,Available
TUV,Tuvalu,OpenStreetMap,OpenStreetMap,Vector roads/railways/waterways/landuse/buildings,Open,2004,Present,Continuous,Available
TUV,Tuvalu,WDPA (Protected Planet),UNEP-WCMC & IUCN,Vector protected areas,Registration,2005,Present,Monthly,Available
TUV,Tuvalu,WorldPop/GHS-POP,WorldPop / JRC (GHS-POP),Raster population density,Open,2000,Present,1–5 years,Available
TUV,Tuvalu,FEMA NFHL,FEMA,Vector flood hazard zones,Open,2003,Present,Rolling,N/A
TUV,Tuvalu,USGS NHD,USGS,Vector hydrography,Open,2000,Present,Rolling,N/A
TUV,Tuvalu,NPMS,PHMSA,Vector pipelines,Restricted,2002,Present,Annual/Rolling,N/A
TUV,Tuvalu,LiDAR DEM 1m,National/Provincial/State programs,Raster DEM (1m),Open/Restricted,2000,Present,Project-based,Varies
TUR,Türkiye,Sentinel-2 L2A,ESA via Microsoft Planetary Computer Earth Search,"Raster multispectral (13 bands, 10/20/60m)",Open,2015-06,Present,~5 days,Available
TUR,Türkiye,ESA WorldCover 10m,ESA (AWS S3),Raster land cover (10m),Open,2020,2021,Annual,Available
TUR,Türkiye,Copernicus DEM,Copernicus,Raster DEM (30m/90m),Registration,2020,Present,Irregular,Available
TUR,Türkiye,Global Surface Water (GSW),JRC/Google,Raster water occurrence/seasonality,Open,1984,Present,Annual,Available
TUR,Türkiye,OpenStreetMap,OpenStreetMap,Vector roads/railways/waterways/landuse/buildings,Open,2004,Present,Continuous,Available
TUR,Türkiye,WDPA (Protected Planet),UNEP-WCMC & IUCN,Vector protected areas,Registration,2005,Present,Monthly,Available
TUR,Türkiye,WorldPop/GHS-POP,WorldPop / JRC (GHS-POP),Raster population density,Open,2000,Present,1–5 years,Available
TUR,Türkiye,FEMA NFHL,FEMA,Vector flood hazard zones,Open,2003,Present,Rolling,N/A
TUR,Türkiye,USGS NHD,USGS,Vector hydrography,Open,2000,Present,Rolling,N/A
TUR,Türkiye,NPMS,PHMSA,Vector pipelines,Restricted,2002,Present,Annual/Rolling,N/A
TUR,Türkiye,LiDAR DEM 1m,National/Provincial/State programs,Raster DEM (1m),Open/Restricted,2000,Present,Project-based,Varies
UGA,Uganda,Sentinel-2 L2A,ESA via Microsoft Planetary Computer Earth Search,"Raster multispectral (13 bands, 10/20/60m)",Open,2015-06,Present,~5 days,Available
UGA,Uganda,ESA WorldCover 10m,ESA (AWS S3),Raster land cover (10m),Open,2020,2021,Annual,Available
UGA,Uganda,Copernicus DEM,Copernicus,Raster DEM (30m/90m),Registration,2020,Present,Irregular,Available
UGA,Uganda,Global Surface Water (GSW),JRC/Google,Raster water occurrence/seasonality,Open,1984,Present,Annual,Available
UGA,Uganda,OpenStreetMap,OpenStreetMap,Vector roads/railways/waterways/landuse/buildings,Open,2004,Present,Continuous,Available
UGA,Uganda,WDPA (Protected Planet),UNEP-WCMC & IUCN,Vector protected areas,Registration,2005,Present,Monthly,Available
UGA,Uganda,WorldPop/GHS-POP,WorldPop / JRC (GHS-POP),Raster population density,Open,2000,Present,1–5 years,Available
UGA,Uganda,FEMA NFHL,FEMA,Vector flood hazard zones,Open,2003,Present,Rolling,N/A
UGA,Uganda,USGS NHD,USGS,Vector hydrography,Open,2000,Present,Rolling,N/A
UGA,Uganda,NPMS,PHMSA,Vector pipelines,Restricted,2002,Present,Annual/Rolling,N/A
UGA,Uganda,LiDAR DEM 1m,National/Provincial/State programs,Raster DEM (1m),Open/Restricted,2000,Present,Project-based,Varies
UKR,Ukraine,Sentinel-2 L2A,ESA via Microsoft Planetary Computer Earth Search,"Raster multispectral (13 bands, 10/20/60m)",Open,2015-06,Present,~5 days,Available
UKR,Ukraine,ESA WorldCover 10m,ESA (AWS S3),Raster land cover (10m),Open,2020,2021,Annual,Available
UKR,Ukraine,Copernicus DEM,Copernicus,Raster DEM (30m/90m),Registration,2020,Present,Irregular,Available
UKR,Ukraine,Global Surface Water (GSW),JRC/Google,Raster water occurrence/seasonality,Open,1984,Present,Annual,Available
UKR,Ukraine,OpenStreetMap,OpenStreetMap,Vector roads/railways/waterways/landuse/buildings,Open,2004,Present,Continuous,Available
UKR,Ukraine,WDPA (Protected Planet),UNEP-WCMC & IUCN,Vector protected areas,Registration,2005,Present,Monthly,Available
UKR,Ukraine,WorldPop/GHS-POP,WorldPop / JRC (GHS-POP),Raster population density,Open,2000,Present,1–5 years,Available
UKR,Ukraine,FEMA NFHL,FEMA,Vector flood hazard zones,Open,2003,Present,Rolling,N/A
UKR,Ukraine,USGS NHD,USGS,Vector hydrography,Open,2000,Present,Rolling,N/A
UKR,Ukraine,NPMS,PHMSA,Vector pipelines,Restricted,2002,Present,Annual/Rolling,N/A
UKR,Ukraine,LiDAR DEM 1m,National/Provincial/State programs,Raster DEM (1m),Open/Restricted,2000,Present,Project-based,Varies
ARE,United Arab Emirates,Sentinel-2 L2A,ESA via Microsoft Planetary Computer Earth Search,"Raster multispectral (13 bands, 10/20/60m)",Open,2015-06,Present,~5 days,Available
ARE,United Arab Emirates,ESA WorldCover 10m,ESA (AWS S3),Raster land cover (10m),Open,2020,2021,Annual,Available
ARE,United Arab Emirates,Copernicus DEM,Copernicus,Raster DEM (30m/90m),Registration,2020,Present,Irregular,Available
ARE,United Arab Emirates,Global Surface Water (GSW),JRC/Google,Raster water occurrence/seasonality,Open,1984,Present,Annual,Available
ARE,United Arab Emirates,OpenStreetMap,OpenStreetMap,Vector roads/railways/waterways/landuse/buildings,Open,2004,Present,Continuous,Available
ARE,United Arab Emirates,WDPA (Protected Planet),UNEP-WCMC & IUCN,Vector protected areas,Registration,2005,Present,Monthly,Available
ARE,United Arab Emirates,WorldPop/GHS-POP,WorldPop / JRC (GHS-POP),Raster population density,Open,2000,Present,1–5 years,Available
ARE,United Arab Emirates,FEMA NFHL,FEMA,Vector flood hazard zones,Open,2003,Present,Rolling,N/A
ARE,United Arab Emirates,USGS NHD,USGS,Vector hydrography,Open,2000,Present,Rolling,N/A
ARE,United Arab Emirates,NPMS,PHMSA,Vector pipelines,Restricted,2002,Present,Annual/Rolling,N/A
ARE,United Arab Emirates,LiDAR DEM 1m,National/Provincial/State programs,Raster DEM (1m),Open/Restricted,2000,Present,Project-based,Varies
GBR,United Kingdom of Great Britain and Northern Ireland,Sentinel-2 L2A,ESA via Microsoft Planetary Computer Earth Search,"Raster multispectral (13 bands, 10/20/60m)",Open,2015-06,Present,~5 days,Available
GBR,United Kingdom of Great Britain and Northern Ireland,ESA WorldCover 10m,ESA (AWS S3),Raster land cover (10m),Open,2020,2021,Annual,Available
GBR,United Kingdom of Great Britain and Northern Ireland,Copernicus DEM,Copernicus,Raster DEM (30m/90m),Registration,2020,Present,Irregular,Available
GBR,United Kingdom of Great Britain and Northern Ireland,Global Surface Water (GSW),JRC/Google,Raster water occurrence/seasonality,Open,1984,Present,Annual,Available
GBR,United Kingdom of Great Britain and Northern Ireland,OpenStreetMap,OpenStreetMap,Vector roads/railways/waterways/landuse/buildings,Open,2004,Present,Continuous,Available
GBR,United Kingdom of Great Britain and Northern Ireland,WDPA (Protected Planet),UNEP-WCMC & IUCN,Vector protected areas,Registration,2005,Present,Monthly,Available
GBR,United Kingdom of Great Britain and Northern Ireland,WorldPop/GHS-POP,WorldPop / JRC (GHS-POP),Raster population density,Open,2000,Present,1–5 years,Available
GBR,United Kingdom of Great Britain and Northern Ireland,FEMA NFHL,FEMA,Vector flood hazard zones,Open,2003,Present,Rolling,N/A
GBR,United Kingdom of Great Britain and Northern Ireland,USGS NHD,USGS,Vector hydrography,Open,2000,Present,Rolling,N/A
GBR,United Kingdom of Great Britain and Northern Ireland,NPMS,PHMSA,Vector pipelines,Restricted,2002,Present,Annual/Rolling,N/A
GBR,United Kingdom of Great Britain and Northern Ireland,LiDAR DEM 1m,National/Provincial/State programs,Raster DEM (1m),Open/Restricted,2000,Present,Project-based,Varies
UMI,United States Minor Outlying Islands,Sentinel-2 L2A,ESA via Microsoft Planetary Computer Earth Search,"Raster multispectral (13 bands, 10/20/60m)",Open,2015-06,Present,~5 days,Available
UMI,United States Minor Outlying Islands,ESA WorldCover 10m,ESA (AWS S3),Raster land cover (10m),Open,2020,2021,Annual,Available
UMI,United States Minor Outlying Islands,Copernicus DEM,Copernicus,Raster DEM (30m/90m),Registration,2020,Present,Irregular,Available
UMI,United States Minor Outlying Islands,Global Surface Water (GSW),JRC/Google,Raster water occurrence/seasonality,Open,1984,Present,Annual,Available
UMI,United States Minor Outlying Islands,OpenStreetMap,OpenStreetMap,Vector roads/railways/waterways/landuse/buildings,Open,2004,Present,Continuous,Available
UMI,United States Minor Outlying Islands,WDPA (Protected Planet),UNEP-WCMC & IUCN,Vector protected areas,Registration,2005,Present,Monthly,Available
UMI,United States Minor Outlying Islands,WorldPop/GHS-POP,WorldPop / JRC (GHS-POP),Raster population density,Open,2000,Present,1–5 years,Available
UMI,United States Minor Outlying Islands,FEMA NFHL,FEMA,Vector flood hazard zones,Open,2003,Present,Rolling,N/A
UMI,United States Minor Outlying Islands,USGS NHD,USGS,Vector hydrography,Open,2000,Present,Rolling,N/A
UMI,United States Minor Outlying Islands,NPMS,PHMSA,Vector pipelines,Restricted,2002,Present,Annual/Rolling,N/A
UMI,United States Minor Outlying Islands,LiDAR DEM 1m,National/Provincial/State programs,Raster DEM (1m),Open/Restricted,2000,Present,Project-based,Varies
USA,United States of America,Sentinel-2 L2A,ESA via Microsoft Planetary Computer Earth Search,"Raster multispectral (13 bands, 10/20/60m)",Open,2015-06,Present,~5 days,Available
USA,United States of America,ESA WorldCover 10m,ESA (AWS S3),Raster land cover (10m),Open,2020,2021,Annual,Available
USA,United States of America,Copernicus DEM,Copernicus,Raster DEM (30m/90m),Registration,2020,Present,Irregular,Available
USA,United States of America,Global Surface Water (GSW),JRC/Google,Raster water occurrence/seasonality,Open,1984,Present,Annual,Available
USA,United States of America,OpenStreetMap,OpenStreetMap,Vector roads/railways/waterways/landuse/buildings,Open,2004,Present,Continuous,Available
USA,United States of America,WDPA (Protected Planet),UNEP-WCMC & IUCN,Vector protected areas,Registration,2005,Present,Monthly,Available
USA,United States of America,WorldPop/GHS-POP,WorldPop / JRC (GHS-POP),Raster population density,Open,2000,Present,1–5 years,Available
USA,United States of America,FEMA NFHL,FEMA,Vector flood hazard zones,Open,2003,Present,Rolling,Available
USA,United States of America,USGS NHD,USGS,Vector hydrography,Open,2000,Present,Rolling,Available
USA,United States of America,NPMS,PHMSA,Vector pipelines,Restricted,2002,Present,Annual/Rolling,Restricted
USA,United States of America,LiDAR DEM 1m,National/Provincial/State programs,Raster DEM (1m),Open/Restricted,2000,Present,Project-based,Varies
URY,Uruguay,Sentinel-2 L2A,ESA via Microsoft Planetary Computer Earth Search,"Raster multispectral (13 bands, 10/20/60m)",Open,2015-06,Present,~5 days,Available
URY,Uruguay,ESA WorldCover 10m,ESA (AWS S3),Raster land cover (10m),Open,2020,2021,Annual,Available
URY,Uruguay,Copernicus DEM,Copernicus,Raster DEM (30m/90m),Registration,2020,Present,Irregular,Available
URY,Uruguay,Global Surface Water (GSW),JRC/Google,Raster water occurrence/seasonality,Open,1984,Present,Annual,Available
URY,Uruguay,OpenStreetMap,OpenStreetMap,Vector roads/railways/waterways/landuse/buildings,Open,2004,Present,Continuous,Available
URY,Uruguay,WDPA (Protected Planet),UNEP-WCMC & IUCN,Vector protected areas,Registration,2005,Present,Monthly,Available
URY,Uruguay,WorldPop/GHS-POP,WorldPop / JRC (GHS-POP),Raster population density,Open,2000,Present,1–5 years,Available
URY,Uruguay,FEMA NFHL,FEMA,Vector flood hazard zones,Open,2003,Present,Rolling,N/A
URY,Uruguay,USGS NHD,USGS,Vector hydrography,Open,2000,Present,Rolling,N/A
URY,Uruguay,NPMS,PHMSA,Vector pipelines,Restricted,2002,Present,Annual/Rolling,N/A
URY,Uruguay,LiDAR DEM 1m,National/Provincial/State programs,Raster DEM (1m),Open/Restricted,2000,Present,Project-based,Varies
UZB,Uzbekistan,Sentinel-2 L2A,ESA via Microsoft Planetary Computer Earth Search,"Raster multispectral (13 bands, 10/20/60m)",Open,2015-06,Present,~5 days,Available
UZB,Uzbekistan,ESA WorldCover 10m,ESA (AWS S3),Raster land cover (10m),Open,2020,2021,Annual,Available
UZB,Uzbekistan,Copernicus DEM,Copernicus,Raster DEM (30m/90m),Registration,2020,Present,Irregular,Available
UZB,Uzbekistan,Global Surface Water (GSW),JRC/Google,Raster water occurrence/seasonality,Open,1984,Present,Annual,Available
UZB,Uzbekistan,OpenStreetMap,OpenStreetMap,Vector roads/railways/waterways/landuse/buildings,Open,2004,Present,Continuous,Available
UZB,Uzbekistan,WDPA (Protected Planet),UNEP-WCMC & IUCN,Vector protected areas,Registration,2005,Present,Monthly,Available
UZB,Uzbekistan,WorldPop/GHS-POP,WorldPop / JRC (GHS-POP),Raster population density,Open,2000,Present,1–5 years,Available
UZB,Uzbekistan,FEMA NFHL,FEMA,Vector flood hazard zones,Open,2003,Present,Rolling,N/A
UZB,Uzbekistan,USGS NHD,USGS,Vector hydrography,Open,2000,Present,Rolling,N/A
UZB,Uzbekistan,NPMS,PHMSA,Vector pipelines,Restricted,2002,Present,Annual/Rolling,N/A
UZB,Uzbekistan,LiDAR DEM 1m,National/Provincial/State programs,Raster DEM (1m),Open/Restricted,2000,Present,Project-based,Varies
VUT,Vanuatu,Sentinel-2 L2A,ESA via Microsoft Planetary Computer Earth Search,"Raster multispectral (13 bands, 10/20/60m)",Open,2015-06,Present,~5 days,Available
VUT,Vanuatu,ESA WorldCover 10m,ESA (AWS S3),Raster land cover (10m),Open,2020,2021,Annual,Available
VUT,Vanuatu,Copernicus DEM,Copernicus,Raster DEM (30m/90m),Registration,2020,Present,Irregular,Available
VUT,Vanuatu,Global Surface Water (GSW),JRC/Google,Raster water occurrence/seasonality,Open,1984,Present,Annual,Available
VUT,Vanuatu,OpenStreetMap,OpenStreetMap,Vector roads/railways/waterways/landuse/buildings,Open,2004,Present,Continuous,Available
VUT,Vanuatu,WDPA (Protected Planet),UNEP-WCMC & IUCN,Vector protected areas,Registration,2005,Present,Monthly,Available
VUT,Vanuatu,WorldPop/GHS-POP,WorldPop / JRC (GHS-POP),Raster population density,Open,2000,Present,1–5 years,Available
VUT,Vanuatu,FEMA NFHL,FEMA,Vector flood hazard zones,Open,2003,Present,Rolling,N/A
VUT,Vanuatu,USGS NHD,USGS,Vector hydrography,Open,2000,Present,Rolling,N/A
VUT,Vanuatu,NPMS,PHMSA,Vector pipelines,Restricted,2002,Present,Annual/Rolling,N/A
VUT,Vanuatu,LiDAR DEM 1m,National/Provincial/State programs,Raster DEM (1m),Open/Restricted,2000,Present,Project-based,Varies
VEN,"Venezuela, Bolivarian Republic of",Sentinel-2 L2A,ESA via Microsoft Planetary Computer Earth Search,"Raster multispectral (13 bands, 10/20/60m)",Open,2015-06,Present,~5 days,Available
VEN,"Venezuela, Bolivarian Republic of",ESA WorldCover 10m,ESA (AWS S3),Raster land cover (10m),Open,2020,2021,Annual,Available
VEN,"Venezuela, Bolivarian Republic of",Copernicus DEM,Copernicus,Raster DEM (30m/90m),Registration,2020,Present,Irregular,Available
VEN,"Venezuela, Bolivarian Republic of",Global Surface Water (GSW),JRC/Google,Raster water occurrence/seasonality,Open,1984,Present,Annual,Available
VEN,"Venezuela, Bolivarian Republic of",OpenStreetMap,OpenStreetMap,Vector roads/railways/waterways/landuse/buildings,Open,2004,Present,Continuous,Available
VEN,"Venezuela, Bolivarian Republic of",WDPA (Protected Planet),UNEP-WCMC & IUCN,Vector protected areas,Registration,2005,Present,Monthly,Available
VEN,"Venezuela, Bolivarian Republic of",WorldPop/GHS-POP,WorldPop / JRC (GHS-POP),Raster population density,Open,2000,Present,1–5 years,Available
VEN,"Venezuela, Bolivarian Republic of",FEMA NFHL,FEMA,Vector flood hazard zones,Open,2003,Present,Rolling,N/A
VEN,"Venezuela, Bolivarian Republic of",USGS NHD,USGS,Vector hydrography,Open,2000,Present,Rolling,N/A
VEN,"Venezuela, Bolivarian Republic of",NPMS,PHMSA,Vector pipelines,Restricted,2002,Present,Annual/Rolling,N/A
VEN,"Venezuela, Bolivarian Republic of",LiDAR DEM 1m,National/Provincial/State programs,Raster DEM (1m),Open/Restricted,2000,Present,Project-based,Varies
VNM,Viet Nam,Sentinel-2 L2A,ESA via Microsoft Planetary Computer Earth Search,"Raster multispectral (13 bands, 10/20/60m)",Open,2015-06,Present,~5 days,Available
VNM,Viet Nam,ESA WorldCover 10m,ESA (AWS S3),Raster land cover (10m),Open,2020,2021,Annual,Available
VNM,Viet Nam,Copernicus DEM,Copernicus,Raster DEM (30m/90m),Registration,2020,Present,Irregular,Available
VNM,Viet Nam,Global Surface Water (GSW),JRC/Google,Raster water occurrence/seasonality,Open,1984,Present,Annual,Available
VNM,Viet Nam,OpenStreetMap,OpenStreetMap,Vector roads/railways/waterways/landuse/buildings,Open,2004,Present,Continuous,Available
VNM,Viet Nam,WDPA (Protected Planet),UNEP-WCMC & IUCN,Vector protected areas,Registration,2005,Present,Monthly,Available
VNM,Viet Nam,WorldPop/GHS-POP,WorldPop / JRC (GHS-POP),Raster population density,Open,2000,Present,1–5 years,Available
VNM,Viet Nam,FEMA NFHL,FEMA,Vector flood hazard zones,Open,2003,Present,Rolling,N/A
VNM,Viet Nam,USGS NHD,USGS,Vector hydrography,Open,2000,Present,Rolling,N/A
VNM,Viet Nam,NPMS,PHMSA,Vector pipelines,Restricted,2002,Present,Annual/Rolling,N/A
VNM,Viet Nam,LiDAR DEM 1m,National/Provincial/State programs,Raster DEM (1m),Open/Restricted,2000,Present,Project-based,Varies
VGB,Virgin Islands (British),Sentinel-2 L2A,ESA via Microsoft Planetary Computer Earth Search,"Raster multispectral (13 bands, 10/20/60m)",Open,2015-06,Present,~5 days,Available
VGB,Virgin Islands (British),ESA WorldCover 10m,ESA (AWS S3),Raster land cover (10m),Open,2020,2021,Annual,Available
VGB,Virgin Islands (British),Copernicus DEM,Copernicus,Raster DEM (30m/90m),Registration,2020,Present,Irregular,Available
VGB,Virgin Islands (British),Global Surface Water (GSW),JRC/Google,Raster water occurrence/seasonality,Open,1984,Present,Annual,Available
VGB,Virgin Islands (British),OpenStreetMap,OpenStreetMap,Vector roads/railways/waterways/landuse/buildings,Open,2004,Present,Continuous,Available
VGB,Virgin Islands (British),WDPA (Protected Planet),UNEP-WCMC & IUCN,Vector protected areas,Registration,2005,Present,Monthly,Available
VGB,Virgin Islands (British),WorldPop/GHS-POP,WorldPop / JRC (GHS-POP),Raster population density,Open,2000,Present,1–5 years,Available
VGB,Virgin Islands (British),FEMA NFHL,FEMA,Vector flood hazard zones,Open,2003,Present,Rolling,N/A
VGB,Virgin Islands (British),USGS NHD,USGS,Vector hydrography,Open,2000,Present,Rolling,N/A
VGB,Virgin Islands (British),NPMS,PHMSA,Vector pipelines,Restricted,2002,Present,Annual/Rolling,N/A
VGB,Virgin Islands (British),LiDAR DEM 1m,National/Provincial/State programs,Raster DEM (1m),Open/Restricted,2000,Present,Project-based,Varies
VIR,Virgin Islands (U.S.),Sentinel-2 L2A,ESA via Microsoft Planetary Computer Earth Search,"Raster multispectral (13 bands, 10/20/60m)",Open,2015-06,Present,~5 days,Available
VIR,Virgin Islands (U.S.),ESA WorldCover 10m,ESA (AWS S3),Raster land cover (10m),Open,2020,2021,Annual,Available
VIR,Virgin Islands (U.S.),Copernicus DEM,Copernicus,Raster DEM (30m/90m),Registration,2020,Present,Irregular,Available
VIR,Virgin Islands (U.S.),Global Surface Water (GSW),JRC/Google,Raster water occurrence/seasonality,Open,1984,Present,Annual,Available
VIR,Virgin Islands (U.S.),OpenStreetMap,OpenStreetMap,Vector roads/railways/waterways/landuse/buildings,Open,2004,Present,Continuous,Available
VIR,Virgin Islands (U.S.),WDPA (Protected Planet),UNEP-WCMC & IUCN,Vector protected areas,Registration,2005,Present,Monthly,Available
VIR,Virgin Islands (U.S.),WorldPop/GHS-POP,WorldPop / JRC (GHS-POP),Raster population density,Open,2000,Present,1–5 years,Available
VIR,Virgin Islands (U.S.),FEMA NFHL,FEMA,Vector flood hazard zones,Open,2003,Present,Rolling,N/A
VIR,Virgin Islands (U.S.),USGS NHD,USGS,Vector hydrography,Open,2000,Present,Rolling,N/A
VIR,Virgin Islands (U.S.),NPMS,PHMSA,Vector pipelines,Restricted,2002,Present,Annual/Rolling,N/A
VIR,Virgin Islands (U.S.),LiDAR DEM 1m,National/Provincial/State programs,Raster DEM (1m),Open/Restricted,2000,Present,Project-based,Varies
WLF,Wallis and Futuna,Sentinel-2 L2A,ESA via Microsoft Planetary Computer Earth Search,"Raster multispectral (13 bands, 10/20/60m)",Open,2015-06,Present,~5 days,Available
WLF,Wallis and Futuna,ESA WorldCover 10m,ESA (AWS S3),Raster land cover (10m),Open,2020,2021,Annual,Available
WLF,Wallis and Futuna,Copernicus DEM,Copernicus,Raster DEM (30m/90m),Registration,2020,Present,Irregular,Available
WLF,Wallis and Futuna,Global Surface Water (GSW),JRC/Google,Raster water occurrence/seasonality,Open,1984,Present,Annual,Available
WLF,Wallis and Futuna,OpenStreetMap,OpenStreetMap,Vector roads/railways/waterways/landuse/buildings,Open,2004,Present,Continuous,Available
WLF,Wallis and Futuna,WDPA (Protected Planet),UNEP-WCMC & IUCN,Vector protected areas,Registration,2005,Present,Monthly,Available
WLF,Wallis and Futuna,WorldPop/GHS-POP,WorldPop / JRC (GHS-POP),Raster population density,Open,2000,Present,1–5 years,Available
WLF,Wallis and Futuna,FEMA NFHL,FEMA,Vector flood hazard zones,Open,2003,Present,Rolling,N/A
WLF,Wallis and Futuna,USGS NHD,USGS,Vector hydrography,Open,2000,Present,Rolling,N/A
WLF,Wallis and Futuna,NPMS,PHMSA,Vector pipelines,Restricted,2002,Present,Annual/Rolling,N/A
WLF,Wallis and Futuna,LiDAR DEM 1m,National/Provincial/State programs,Raster DEM (1m),Open/Restricted,2000,Present,Project-based,Varies
ESH,Western Sahara,Sentinel-2 L2A,ESA via Microsoft Planetary Computer Earth Search,"Raster multispectral (13 bands, 10/20/60m)",Open,2015-06,Present,~5 days,Available
ESH,Western Sahara,ESA WorldCover 10m,ESA (AWS S3),Raster land cover (10m),Open,2020,2021,Annual,Available
ESH,Western Sahara,Copernicus DEM,Copernicus,Raster DEM (30m/90m),Registration,2020,Present,Irregular,Available
ESH,Western Sahara,Global Surface Water (GSW),JRC/Google,Raster water occurrence/seasonality,Open,1984,Present,Annual,Available
ESH,Western Sahara,OpenStreetMap,OpenStreetMap,Vector roads/railways/waterways/landuse/buildings,Open,2004,Present,Continuous,Available
ESH,Western Sahara,WDPA (Protected Planet),UNEP-WCMC & IUCN,Vector protected areas,Registration,2005,Present,Monthly,Available
ESH,Western Sahara,WorldPop/GHS-POP,WorldPop / JRC (GHS-POP),Raster population density,Open,2000,Present,1–5 years,Available
ESH,Western Sahara,FEMA NFHL,FEMA,Vector flood hazard zones,Open,2003,Present,Rolling,N/A
ESH,Western Sahara,USGS NHD,USGS,Vector hydrography,Open,2000,Present,Rolling,N/A
ESH,Western Sahara,NPMS,PHMSA,Vector pipelines,Restricted,2002,Present,Annual/Rolling,N/A
ESH,Western Sahara,LiDAR DEM 1m,National/Provincial/State programs,Raster DEM (1m),Open/Restricted,2000,Present,Project-based,Varies
YEM,Yemen,Sentinel-2 L2A,ESA via Microsoft Planetary Computer Earth Search,"Raster multispectral (13 bands, 10/20/60m)",Open,2015-06,Present,~5 days,Available
YEM,Yemen,ESA WorldCover 10m,ESA (AWS S3),Raster land cover (10m),Open,2020,2021,Annual,Available
YEM,Yemen,Copernicus DEM,Copernicus,Raster DEM (30m/90m),Registration,2020,Present,Irregular,Available
YEM,Yemen,Global Surface Water (GSW),JRC/Google,Raster water occurrence/seasonality,Open,1984,Present,Annual,Available
YEM,Yemen,OpenStreetMap,OpenStreetMap,Vector roads/railways/waterways/landuse/buildings,Open,2004,Present,Continuous,Available
YEM,Yemen,WDPA (Protected Planet),UNEP-WCMC & IUCN,Vector protected areas,Registration,2005,Present,Monthly,Available
YEM,Yemen,WorldPop/GHS-POP,WorldPop / JRC (GHS-POP),Raster population density,Open,2000,Present,1–5 years,Available
YEM,Yemen,FEMA NFHL,FEMA,Vector flood hazard zones,Open,2003,Present,Rolling,N/A
YEM,Yemen,USGS NHD,USGS,Vector hydrography,Open,2000,Present,Rolling,N/A
YEM,Yemen,NPMS,PHMSA,Vector pipelines,Restricted,2002,Present,Annual/Rolling,N/A
YEM,Yemen,LiDAR DEM 1m,National/Provincial/State programs,Raster DEM (1m),Open/Restricted,2000,Present,Project-based,Varies
ZMB,Zambia,Sentinel-2 L2A,ESA via Microsoft Planetary Computer Earth Search,"Raster multispectral (13 bands, 10/20/60m)",Open,2015-06,Present,~5 days,Available
ZMB,Zambia,ESA WorldCover 10m,ESA (AWS S3),Raster land cover (10m),Open,2020,2021,Annual,Available
ZMB,Zambia,Copernicus DEM,Copernicus,Raster DEM (30m/90m),Registration,2020,Present,Irregular,Available
ZMB,Zambia,Global Surface Water (GSW),JRC/Google,Raster water occurrence/seasonality,Open,1984,Present,Annual,Available
ZMB,Zambia,OpenStreetMap,OpenStreetMap,Vector roads/railways/waterways/landuse/buildings,Open,2004,Present,Continuous,Available
ZMB,Zambia,WDPA (Protected Planet),UNEP-WCMC & IUCN,Vector protected areas,Registration,2005,Present,Monthly,Available
ZMB,Zambia,WorldPop/GHS-POP,WorldPop / JRC (GHS-POP),Raster population density,Open,2000,Present,1–5 years,Available
ZMB,Zambia,FEMA NFHL,FEMA,Vector flood hazard zones,Open,2003,Present,Rolling,N/A
ZMB,Zambia,USGS NHD,USGS,Vector hydrography,Open,2000,Present,Rolling,N/A
ZMB,Zambia,NPMS,PHMSA,Vector pipelines,Restricted,2002,Present,Annual/Rolling,N/A
ZMB,Zambia,LiDAR DEM 1m,National/Provincial/State programs,Raster DEM (1m),Open/Restricted,2000,Present,Project-based,Varies
ZWE,Zimbabwe,Sentinel-2 L2A,ESA via Microsoft Planetary Computer Earth Search,"Raster multispectral (13 bands, 10/20/60m)",Open,2015-06,Present,~5 days,Available
ZWE,Zimbabwe,ESA WorldCover 10m,ESA (AWS S3),Raster land cover (10m),Open,2020,2021,Annual,Available
ZWE,Zimbabwe,Copernicus DEM,Copernicus,Raster DEM (30m/90m),Registration,2020,Present,Irregular,Available
ZWE,Zimbabwe,Global Surface Water (GSW),JRC/Google,Raster water occurrence/seasonality,Open,1984,Present,Annual,Available
ZWE,Zimbabwe,OpenStreetMap,OpenStreetMap,Vector roads/railways/waterways/landuse/buildings,Open,2004,Present,Continuous,Available
ZWE,Zimbabwe,WDPA (Protected Planet),UNEP-WCMC & IUCN,Vector protected areas,Registration,2005,Present,Monthly,Available
ZWE,Zimbabwe,WorldPop/GHS-POP,WorldPop / JRC (GHS-POP),Raster population density,Open,2000,Present,1–5 years,Available
ZWE,Zimbabwe,FEMA NFHL,FEMA,Vector flood hazard zones,Open,2003,Present,Rolling,N/A
ZWE,Zimbabwe,USGS NHD,USGS,Vector hydrography,Open,2000,Present,Rolling,N/A
ZWE,Zimbabwe,NPMS,PHMSA,Vector pipelines,Restricted,2002,Present,Annual/Rolling,N/A
ZWE,Zimbabwe,LiDAR DEM 1m,National/Provincial/State programs,Raster DEM (1m),Open/Restricted,2000,Present,Project-based,Varies
ALA,Åland Islands,Sentinel-2 L2A,ESA via Microsoft Planetary Computer Earth Search,"Raster multispectral (13 bands, 10/20/60m)",Open,2015-06,Present,~5 days,Available
ALA,Åland Islands,ESA WorldCover 10m,ESA (AWS S3),Raster land cover (10m),Open,2020,2021,Annual,Available
ALA,Åland Islands,Copernicus DEM,Copernicus,Raster DEM (30m/90m),Registration,2020,Present,Irregular,Available
ALA,Åland Islands,Global Surface Water (GSW),JRC/Google,Raster water occurrence/seasonality,Open,1984,Present,Annual,Available
ALA,Åland Islands,OpenStreetMap,OpenStreetMap,Vector roads/railways/waterways/landuse/buildings,Open,2004,Present,Continuous,Available
ALA,Åland Islands,WDPA (Protected Planet),UNEP-WCMC & IUCN,Vector protected areas,Registration,2005,Present,Monthly,Available
ALA,Åland Islands,WorldPop/GHS-POP,WorldPop / JRC (GHS-POP),Raster population density,Open,2000,Present,1–5 years,Available
ALA,Åland Islands,FEMA NFHL,FEMA,Vector flood hazard zones,Open,2003,Present,Rolling,N/A
ALA,Åland Islands,USGS NHD,USGS,Vector hydrography,Open,2000,Present,Rolling,N/A
ALA,Åland Islands,NPMS,PHMSA,Vector pipelines,Restricted,2002,Present,Annual/Rolling,N/A
ALA,Åland Islands,LiDAR DEM 1m,National/Provincial/State programs,Raster DEM (1m),Open/Restricted,2000,Present,Project-based,Varies
