#{"t_start": 1763751735.3482301, "env_id": "None"}
r,l,t
-1027.1791,2,0.926679
-1025.2759,2,0.926871
-1032.6996,2,0.926953
-991.78906,3,0.992405
-987.0817,3,0.992609
-1085.0907,3,0.992683
-2379.5974,4,1.029161
-1410.7731,5,1.065234
-1014.34033,2,1.065393
-1524.246,5,1.065472
-1014.9408,5,1.065543
-955.86145,7,1.13485
-1148.285,5,1.135181
-623.9171,7,1.135284
-1135.3483,8,1.171491
-1121.9602,4,1.217195
-1879.9539,9,1.217361
-1313.79,4,1.217455
-1078.777,8,1.256036
-1075.5333,3,1.2561
-1905.5183,10,1.256115
-880.67957,6,1.286566
-946.9994,11,1.286793
-1372.742,11,1.286873
-1237.6697,9,1.328548
-1961.3347,4,1.360381
-1580.8506,13,1.360466
-986.07465,4,1.388677
-1024.7931,4,1.388774
-1567.9641,10,1.424387
-739.9006,13,1.424561
-1914.2446,7,1.461203
-1214.7494,5,1.461351
-512.103,16,1.461427
-1009.7051,3,1.461497
-1485.0294,6,1.461566
-1907.5315,10,1.49551
-1198.5725,10,1.511735
-1051.4728,3,1.524153
-894.09106,21,1.55297
-918.6553,7,1.572552
-1414.8098,4,1.572783
-1312.9111,7,1.572805
-1179.2561,7,1.588102
-1588.551,14,1.588195
-961.02527,9,1.588223
-964.58746,7,1.588233
-1028.6259,2,1.60344
-1770.1902,20,1.603494
-1240.2334,4,1.640563
-1269.6078,13,1.665737
-575.12604,18,1.684536
-1870.6757,11,1.684611
47.48175,31,1.70833
-1532.1753,10,1.723178
-1010.34564,5,1.723265
-1504.679,33,1.736802
-890.55945,18,1.750678
-2488.373,13,1.786025
-1676.95,14,1.816957
-1671.5085,5,1.830431
-725.35504,17,1.847675
-850.4789,11,1.848014
-1040.2748,2,1.882679
-925.1694,32,1.903516
-1090.9948,14,1.918389
-771.78345,7,1.930021
-949.97,6,1.94904
-1381.135,5,1.964124
-1440.5698,14,1.964186
-1122.1556,16,1.964201
23.217896,41,1.996398
-1496.0302,35,1.996462
-1954.7228,9,1.996477
-1787.2307,19,2.050549
-1399.575,48,2.050833
-971.6007,3,2.050862
-1015.69556,3,2.050869
-906.4998,6,2.050874
-1061.9127,3,2.126214
-1031.148,3,2.126274
-809.2055,56,2.164538
-1651.6097,10,2.164635
-1478.8839,10,2.201176
627.4604,41,2.228284
-989.1599,3,2.243673
-1963.3406,9,2.259093
-2436.5288,16,2.259149
-904.24585,6,2.259164
-1234.2465,3,2.28117
-1351.1924,9,2.356288
-1204.184,14,2.356368
-1223.8269,7,2.390186
-1421.1068,10,2.445681
511.46863,58,2.445823
-1561.0541,5,2.463311
-309.44708,23,2.463367
-1029.7646,2,2.487178
-2356.2725,12,2.501142
-304.8457,21,2.501219
575.83075,41,2.516111
-312.0539,45,2.554517
699.5446,51,2.554621
-2779.8164,15,2.581587
2187.152,62,2.581952
-720.605,7,2.602554
3008.0278,56,2.60265
429.13776,30,2.602669
-318.60742,21,2.624434
-279.20795,79,2.655374
-218.20154,31,2.655464
-1034.552,2,2.715256
1485.3297,60,2.747727
-1286.5938,7,2.747824
-918.0501,10,2.747845
-2146.8022,12,2.776858
-611.77563,8,2.853567
-541.6343,15,2.909594
-2250.589,23,2.943388
-1641.812,12,2.94345
1396.2141,65,2.943466
-1108.3301,7,2.943474
191.92255,46,2.973917
-1366.9154,7,2.974005
-1753.1621,7,2.974023
-1547.0468,15,2.995083
-1576.8993,14,3.009143
24.394836,31,3.00922
-1699.9963,12,3.009238
-1172.2805,16,3.034301
-1048.0084,3,3.034376
-2952.6277,6,3.049485
-667.8256,16,3.049529
-1372.2524,11,3.049539
-2063.919,27,3.049547
-688.645,59,3.063443
-1502.9252,7,3.07774
-1057.5253,8,3.077829
-1701.9556,26,3.077847
-1035.0728,3,3.088792
-963.0067,9,3.101791
-932.1132,4,3.101882
-1162.4719,9,3.127399
-1521.6523,8,3.147709
-1146.771,15,3.168745
-1485.3397,9,3.168825
-2291.4033,13,3.206767
-963.87195,5,3.248564
-1533.7747,6,3.26165
-731.52563,14,3.261722
-1238.755,24,3.276974
-1268.117,23,3.305575
-1154.59,14,3.351645
-260.19672,16,3.351743
-3048.1316,18,3.351759
-973.14417,4,3.37279
-1006.50665,9,3.397952
-1548.1252,22,3.398022
-918.9811,5,3.431068
3326.67,66,3.445861
391.3299,51,3.44595
-999.059,3,3.445969
-2489.693,46,3.487051
-716.82166,27,3.516247
-1581.4363,8,3.51635
-1495.9779,3,3.596048
-1031.1327,3,3.59613
-2316.962,11,3.621431
-1562.343,16,3.655331
-429.161,29,3.655398
-1941.6396,11,3.655427
225.64801,43,3.676929
-831.42224,24,3.676991
-701.9507,15,3.740676
-904.83295,6,3.770044
738.268,40,3.770107
-852.16785,5,3.770131
-373.0692,28,3.789339
-575.79956,29,3.7894
-1024.5674,2,3.83764
-983.2408,3,3.837766
-46.31183,52,3.888798
-777.11993,7,3.925441
695.863,61,3.927272
-915.44116,6,3.987567
-265.3037,42,4.01779
28.276062,57,4.058553
-1111.8252,15,4.11542
-512.7689,28,4.11553
-989.94385,5,4.142981
564.87317,38,4.159118
-330.04883,24,4.159189
-972.0323,5,4.183817
1641.8049,58,4.212256
2728.393,58,4.228151
-1394.2362,5,4.241389
-494.41086,21,4.241456
120.58441,28,4.261207
3977.982,87,4.284841
-872.41705,31,4.300115
-1031.3131,4,4.300181
-903.38495,9,4.300197
-1073.1545,4,4.314792
1154.3319,42,4.314868
-337.26855,20,4.331019
-954.5344,5,4.370035
-1220.7739,17,4.402367
-901.0513,14,4.402427
1897.9714,47,4.402442
1793.8826,74,4.414841
-934.1483,13,4.44315
-1456.3225,9,4.443232
-1713.9161,9,4.443249
-1154.4801,15,4.457178
-1135.1833,9,4.474597
-1025.7631,2,4.474689
-1046.5635,3,4.512408
-915.7288,19,4.512488
-625.1802,14,4.540621
-902.1056,5,4.60647
-1637.6748,27,4.606545
-192.71234,39,4.63591
-2413.4636,11,4.63598
-1629.5416,4,4.662552
1352.648,53,4.662626
-1202.1259,11,4.697275
577.7227,38,4.69734
-2066.0303,10,4.710866
-818.18774,6,4.73068
-1055.2079,16,4.730763
-626.00256,15,4.730781
-657.03503,33,4.747102
-808.37427,11,4.762877
-1272.8552,18,4.762924
-1046.4067,7,4.777594
-996.33997,2,4.793118
331.74878,43,4.812453
-949.00757,5,4.812525
-976.787,3,4.812539
-668.9314,19,4.827978
-1340.9949,3,4.880549
-2646.7808,9,4.897927
-1272.6975,8,4.898015
-22.6781,27,4.898035
-1389.3788,14,4.898042
-1441.4575,11,4.89805
-650.1628,15,4.946815
1037.8613,55,4.983899
-907.1113,7,4.984001
654.3849,35,5.008723
-919.4514,9,5.008806
-1124.2678,5,5.008824
-1340.7383,6,5.043868
254.41125,37,5.069771
-791.27057,9,5.127685
-921.734,17,5.181162
-1168.2217,7,5.220331
-444.21936,13,5.220407
-792.34924,27,5.220423
1533.6995,79,5.220433
-1544.3488,18,5.220438
-1069.7212,3,5.246851
-1083.7482,6,5.264246
-1027.4932,2,5.264497
-911.13727,15,5.264518
3502.3047,77,5.282369
-1031.2811,3,5.282431
-1007.08624,2,5.282445
-1964.2156,13,5.310737
-691.68207,13,5.31081
-1011.1111,3,5.341796
-892.7922,23,5.341866
-1045.6558,3,5.341919
-1701.8577,13,5.367724
-777.32947,15,5.367804
-1870.7637,7,5.367821
657.85815,36,5.401394
-1836.2162,17,5.401495
-1817.898,7,5.419885
-1053.5651,5,5.445884
-1262.7252,4,5.446015
-472.23444,34,5.446045
-1034.8284,3,5.49604
-1517.6501,6,5.4961
-1154.9957,8,5.50732
-1069.1765,2,5.543648
230.23419,38,5.543687
-975.6199,3,5.543697
4126.7065,84,5.543703
-1026.71,2,5.577219
-938.6802,6,5.593741
-477.609,51,5.6086
-1041.813,2,5.608675
-2000.2279,10,5.608692
-787.17993,14,5.636616
-326.49518,22,5.657207
-1388.8872,13,5.657303
-849.5114,5,5.687664
-355.45435,19,5.704045
-877.55707,5,5.716554
58.955994,25,5.74514
-1018.47577,2,5.761636
-943.2996,13,5.78126
-501.9115,27,5.781349
-2059.484,10,5.796914
-654.0641,27,5.796988
-992.8118,5,5.79702
-2185.505,11,5.835332
-2458.6963,13,5.878314
-991.38763,3,5.878387
-1731.7627,6,5.905476
-1195.1411,5,5.905568
1476.1757,46,5.932379
-1077.7538,5,5.93246
-1510.4141,28,5.953712
36.453857,28,5.953787
-3439.0024,36,5.953804
2662.94,60,5.992207
1315.5144,46,5.992457
-940.0122,5,6.013078
-1267.1233,3,6.024993
-1104.3531,11,6.040745
-927.7051,18,6.040785
-1609.2612,24,6.040795
-1010.7161,24,6.040801
-2297.089,5,6.061956
-833.1291,10,6.06204
-1014.80133,8,6.084836
-1130.9655,10,6.084909
-2983.6375,13,6.084926
-1026.8513,4,6.112587
465.25983,37,6.112645
-1308.3822,4,6.112659
-1141.6809,4,6.12976
-1128.6129,8,6.129875
-822.6498,6,6.155814
-2042.1146,9,6.155879
-962.52374,6,6.155895
-1006.398,2,6.180595
-951.344,4,6.180664
-1232.845,14,6.196045
-1717.7406,21,6.196317
-1270.3784,5,6.209725
-1290.6234,14,6.209782
-1110.5417,7,6.223858
-1018.573,2,6.244836
-1770.31,13,6.244894
-1309.8289,4,6.262145
-820.5702,5,6.2622
-1011.55615,5,6.262215
-992.2979,3,6.262221
-902.12225,5,6.283967
-1443.086,14,6.318635
-1553.9033,13,6.341188
-1176.5684,12,6.341243
-985.26373,7,6.369255
-926.36346,6,6.369323
-1564.0355,8,6.387591
-1892.365,35,6.387679
-1579.5054,20,6.387699
-429.98712,38,6.415531
-956.6594,8,6.415621
-1024.5497,2,6.430139
-1017.13477,57,6.443074
-982.6556,3,6.465511
-1297.6447,17,6.465585
-1314.8887,4,6.465603
-922.02325,17,6.465611
-2288.3706,9,6.486859
-1079.2202,5,6.486947
-1386.4241,7,6.506907
-1090.7959,8,6.559204
-1349.4348,3,6.559278
-1208.8767,4,6.559294
-120.556335,19,6.577423
-229.02441,20,6.636517
-1077.9437,9,6.636596
-1579.1667,30,6.671175
-986.2586,11,6.671258
-1037.693,3,6.684682
-864.1875,8,6.698895
-628.4557,15,6.698971
-107.28656,31,6.711539
-971.49133,3,6.727311
-1856.5557,16,6.72737
-313.47858,22,6.727384
-1022.74243,3,6.741409
-1803.1647,28,6.757331
-1028.3752,4,6.778754
-1978.1511,18,6.778852
-988.55884,3,6.77887
-1002.8029,3,6.778877
-880.3926,7,6.778882
1332.1326,37,6.794205
-1087.6654,48,6.794291
-809.6962,24,6.794309
-211.77484,97,6.808848
3073.5151,73,6.808923
-2385.0715,15,6.80894
-937.32666,20,6.842297
-1151.4037,8,6.842373
-1001.0812,3,6.842389
-1658.0505,13,6.855285
-1347.6047,3,6.855347
-1572.7526,5,6.869531
-1060.4902,3,6.869606
-1026.2394,2,6.881451
-1034.1564,3,6.908791
-909.8072,8,6.908867
-925.1649,5,6.908883
-956.74207,8,6.924917
-1386.8291,8,6.94995
-1923.1152,9,6.969902
1.9041138,37,6.969982
-1665.1909,13,6.982593
1011.9157,58,6.98268
-227.55164,26,6.982699
-1093.5007,6,7.000922
-1029.2716,2,7.001014
-651.41327,42,7.00104
-2346.0784,12,7.001051
-3076.5598,19,7.048198
-1035.53,3,7.048251
-766.83655,14,7.048278
-1539.5854,5,7.048284
-1327.9751,4,7.048289
-1048.6914,3,7.062766
-1038.8925,2,7.075806
-985.51227,5,7.075902
-3073.3967,14,7.075919
-1149.6185,20,7.087057
-1257.2837,8,7.152656
931.8354,42,7.180246
-1259.2302,8,7.218366
-1810.0161,10,7.21848
-1933.5989,40,7.251974
56.416443,22,7.279041
-694.70575,18,7.29336
-2364.569,17,7.321586
-978.83594,4,7.334611
-562.04443,15,7.334689
-1450.7258,19,7.350681
-987.20044,3,7.36647
756.0532,45,7.395039
-2055.795,8,7.409026
-1989.3584,5,7.409113
-1325.6145,15,7.43804
-3140.5833,16,7.452649
-958.40857,28,7.452734
-1000.41595,4,7.452754
-2357.551,35,7.46702
-1243.3318,40,7.524238
-756.3497,28,7.524294
1093.665,45,7.524308
-313.19678,25,7.540599
-898.7658,30,7.555189
-1455.1193,13,7.555255
-1036.7703,3,7.585581
-945.91815,10,7.585676
-950.6637,7,7.585697
-1021.1022,2,7.585706
-1025.5729,3,7.585712
-997.78284,2,7.621639
-975.96564,3,7.644398
-2507.9666,11,7.644463
1351.751,47,7.64448
-1035.0184,3,7.686465
161.3067,31,7.68655
-275.04065,47,7.700732
-820.77783,9,7.720054
-1444.127,15,7.736402
-85.1145,45,7.749625
-243.14014,32,7.764625
-1043.462,6,7.779187
-917.3218,4,7.779259
-1058.9509,3,7.779289
-1634.7958,9,7.779296
-1312.2667,13,7.795071
-1093.4836,3,7.79517
1121.696,47,7.808711
-337.81592,15,7.808782
-1041.6549,2,7.808798
-1044.2427,2,7.823338
-878.72064,6,7.864806
-1804.679,5,7.880797
2243.463,68,7.880867
-571.1477,22,7.880881
1132.9216,71,7.898196
-1043.1555,2,7.898263
-1881.8254,10,7.911637
-1037.0938,2,7.911703
-2473.2532,22,7.92535
-1621.0156,3,7.925434
-2004.2336,10,7.995569
-844.9531,6,7.995654
-991.52155,3,7.995669
-2839.4414,13,8.008188
-1284.9016,5,8.033213
-588.1875,15,8.033271
-1037.4279,2,8.033286
-365.25903,25,8.033294
981.221,38,8.050069
-1081.1232,41,8.050127
-1045.1205,5,8.084837
-405.89148,18,8.107906
-1023.92365,2,8.128704
299.8764,27,8.14264
-1176.633,10,8.157551
349.3235,42,8.157624
-554.714,32,8.157641
-1015.81885,2,8.172863
-1392.1477,15,8.172951
-2199.1414,4,8.172963
-1208.8893,8,8.172968
-1598.2516,17,8.185802
-2795.3542,38,8.201317
-951.96515,4,8.219602
-775.43256,13,8.241079
1181.2961,55,8.241246
-1333.6615,5,8.255413
-928.7288,6,8.255479
-1847.2146,29,8.255495
-1020.7524,2,8.268726
-673.4481,17,8.306912
-1291.835,7,8.30705
-1051.6982,4,8.307077
-371.98688,52,8.335412
-2452.044,18,8.335482
-1012.63525,4,8.335504
-1196.8888,5,8.358099
-800.1946,78,8.358168
1150.4443,41,8.371978
-1300.8008,23,8.385204
-1034.6464,4,8.38528
81.415405,29,8.412045
-1363.4055,14,8.412114
-634.11957,18,8.425847
-1141.5522,7,8.425924
-1123.4803,6,8.425942
-2800.2085,37,8.42595
-927.01013,4,8.440251
-1033.429,7,8.485705
-857.53284,8,8.486144
-1572.0447,11,8.519002
-1247.2072,8,8.534281
-1699.5403,22,8.534334
-992.3074,3,8.534362
-3174.173,22,8.534368
-1658.0983,5,8.560508
-1880.4163,9,8.575127
-982.40564,4,8.575235
-1023.12744,11,8.588807
-1155.9297,5,8.610154
-1147.5607,22,8.634791
-1026.2561,3,8.634859
-1713.9353,6,8.634875
-1048.1335,2,8.676244
-614.1741,39,8.690081
-1561.4111,47,8.690148
-1068.3778,9,8.690177
-1078.5209,4,8.703536
-1128.15,5,8.703614
212.74152,41,8.703631
-1031.4454,2,8.703639
-2031.2626,9,8.723591
459.5484,30,8.748407
-1160.5508,20,8.748464
-1384.9968,3,8.74848
-962.46704,4,8.748486
-3832.6968,26,8.762603
-957.6668,6,8.787595
-1009.44183,37,8.804692
-1176.6748,4,8.804955
237.04657,36,8.804999
-2323.653,7,8.805011
-1348.8993,25,8.805016
-1207.2517,14,8.80502
-1172.1848,31,8.82045
-1034.6505,2,8.820543
-1539.4917,6,8.846551
-1043.0461,2,8.846629
-1011.4648,10,8.846647
-1535.8385,20,8.861129
-2710.927,10,8.861193
-987.67664,4,8.871857
-737.9068,29,8.888834
-1864.6246,5,8.888928
-985.5608,5,8.900478
339.18878,31,9.023877
-1986.9764,6,9.036356
-1006.2092,3,9.036455
-1009.581,5,9.060062
-223.14655,39,9.060151
-935.4702,4,9.070807
-1632.093,18,9.070876
-1785.4424,10,9.093256
-1507.3956,9,9.107341
-1589.2046,16,9.107411
-993.60876,5,9.120926
-467.22418,44,9.121007
-2107.79,8,9.151452
-990.0533,4,9.151518
-705.04504,14,9.166906
-1271.1324,7,9.166973
-2232.4658,11,9.166991
-786.98505,18,9.194008
-898.245,6,9.208698
-1954.0732,23,9.208785
-713.3191,20,9.222692
-1481.0444,10,9.247531
-2797.0586,22,9.247612
-424.86108,63,9.263016
-1072.4058,7,9.263071
-2733.4014,15,9.263097
-659.7169,36,9.263103
-800.4802,14,9.279463
-1036.5839,2,9.295402
-1027.2273,2,9.295472
-2060.0527,12,9.295486
-1026.742,2,9.320397
-1514.7961,12,9.320477
-1656.4568,8,9.320493
-1363.4448,3,9.320501
-1613.9103,12,9.335035
-994.01135,3,9.37287
721.48663,37,9.387628
-1002.8706,4,9.407377
-1865.0867,10,9.418505
-1077.2483,4,9.442597
-1855.9314,11,9.442677
93.76532,25,9.442694
-1505.2344,13,9.457834
-1290.1447,5,9.469382
-1242.9022,9,9.469449
-744.63983,24,9.469465
-1182.0386,13,9.499146
-1941.7332,19,9.514252
-1126.2272,5,9.542081
-1017.2608,7,9.542141
-179.9768,23,9.542155
348.57263,45,9.555946
-575.4058,41,9.569431
-2187.202,9,9.569492
-1797.8823,9,9.590312
-974.6444,3,9.590388
-1058.8125,4,9.602903
-2132.7234,12,9.628852
-1265.1638,13,9.629127
1538.7886,46,9.6676
-1582.3013,5,9.68259
161.74786,32,9.696579
-262.68176,26,9.724239
-994.7798,11,9.754646
-938.4412,14,9.754745
-599.4081,13,9.768008
-480.34747,32,9.785146
-763.7257,20,9.808984
-1278.0852,13,9.823813
-1551.2859,16,9.837887
-928.9224,5,9.838171
-975.6729,5,9.855392
298.1643,35,9.873849
-218.41968,17,9.885825
-1050.1743,27,9.885888
-1885.6228,9,9.931062
37.387573,34,9.931116
-1261.9943,24,9.931129
-2761.8962,15,9.931135
-1516.8074,5,9.959562
-1315.6749,3,9.974032
1390.5732,54,9.989312
-1456.7026,10,9.989388
-446.9834,22,10.004256
3643.833,84,10.040565
941.71106,64,10.05575
-919.7335,13,10.056033
943.1436,53,10.069472
-331.72876,22,10.102708
-685.10205,16,10.117279
-2423.784,12,10.117346
666.5268,43,10.132517
859.4708,41,10.149143
203.05933,22,10.149207
-776.2255,27,10.149224
-2048.8862,9,10.149231
-1041.5566,3,10.164334
-978.88055,3,10.164646
2331.7585,66,10.164703
-735.4782,8,10.195262
-1272.6471,13,10.195353
-1015.2146,2,10.195375
-1126.7515,6,10.195383
-1352.385,3,10.19539
-1360.2479,4,10.22467
-1643.9861,6,10.224751
1013.5358,37,10.253534
-1829.1033,4,10.253613
-998.61945,6,10.287904
-1201.5499,6,10.323772
-1024.9368,4,10.323855
32.26825,28,10.323872
-101.50946,23,10.345979
-692.584,49,10.346075
-1515.8029,12,10.346097
-1872.7021,10,10.358112
-1490.2379,3,10.37168
-1046.4763,3,10.371785
-1551.5364,4,10.407397
-1005.9395,22,10.407491
-1090.4125,17,10.42448
-1015.34985,3,10.424585
-1077.4536,14,10.424604
-1908.6484,8,10.466162
-1451.8024,19,10.466235
289.82806,34,10.493411
-366.56604,36,10.493469
-965.6939,4,10.519934
-1730.497,8,10.520004
-2006.437,13,10.520022
-1448.2866,20,10.536716
-1328.1631,4,10.554297
-67.96655,43,10.604451
-102.44098,37,10.629662
414.3744,41,10.641955
-793.6383,23,10.656493
-1043.6293,3,10.677939
-1610.3176,10,10.691875
-236.93372,32,10.707492
-1485.1123,11,10.707569
-1147.9865,12,10.722487
-1248.5261,36,10.722562
-1654.3369,5,10.722598
-304.85785,57,10.744166
-5421.6387,20,10.744245
-2525.0984,24,10.756145
1738.7292,63,10.809974
-2628.2927,6,10.810059
-680.7864,30,10.82423
1010.51495,49,10.824322
-1035.4316,2,10.837144
-1531.0254,15,10.837211
-1658.0944,9,10.873531
64.00049,39,10.87362
-1032.1697,3,10.892008
-601.52734,23,10.92031
-1618.9965,6,10.920406
339.10443,33,10.920425
-3659.5623,16,10.941782
-3044.3188,14,10.941851
-1228.7146,12,10.941869
-1029.5105,2,10.956729
-1031.9188,2,10.970001
-2036.1694,9,10.970077
-1032.8059,3,10.989246
-3141.3477,8,11.013883
-1134.6151,9,11.02767
-1445.2811,8,11.027772
296.41235,38,11.027795
-527.92426,13,11.027807
-973.5444,3,11.027815
-1829.5955,12,11.040586
-955.7999,2,11.053428
-652.5936,22,11.053482
-1680.24,9,11.075478
-1597.8646,22,11.075552
-1042.6909,3,11.075583
-2248.5215,38,11.07559
-1157.1019,8,11.075595
160.45514,43,11.10332
-898.7221,8,11.103398
-850.72974,5,11.124293
-1020.5392,2,11.137815
-1151.2915,37,11.137911
-1354.8667,8,11.137934
-1023.66943,5,11.156435
-1029.7148,2,11.177444
-1119.6298,6,11.177506
-1185.5739,14,11.190429
-1028.873,3,11.190493
-1044.2145,2,11.206336
-1922.3171,5,11.206433
-2482.1445,10,11.228906
-573.62463,35,11.228979
-2683.4314,34,11.228993
-940.1962,5,11.240769
76.773254,32,11.256007
-1707.8785,14,11.256112
-2339.8691,7,11.256136
-992.4233,3,11.27354
-1119.9756,6,11.273609
-2384.9697,12,11.273627
-890.63104,5,11.273635
-1767.9778,4,11.291225
-2313.9688,16,11.291303
-934.7642,4,11.322652
-1349.697,8,11.322782
-517.1571,16,11.344928
-863.51355,6,11.374709
500.92773,54,11.374785
2832.5645,65,11.392776
-1085.7897,12,11.412538
-2192.8506,11,11.455939
-1024.5969,12,11.474861
-1902.5723,14,11.488075
-1361.1191,7,11.488142
-1404.3802,7,11.507731
-394.70398,32,11.52184
-77.904724,28,11.521903
-1559.351,8,11.5448
-2640.954,18,11.544862
-1455.3774,3,11.544877
-1038.8501,2,11.558318
-1044.2635,2,11.578102
-1183.4744,12,11.578173
-912.36316,15,11.589971
-725.10333,21,11.608668
-886.0771,6,11.675607
-1662.9447,9,11.694205
-1359.5967,38,11.707824
-1491.4307,26,11.736311
-928.6088,15,11.736369
-1057.5878,3,11.736398
-1791.9993,28,11.757718
-1020.3488,3,11.7578
1198.0679,39,11.770834
-1043.1206,3,11.819516
-1047.9352,35,11.819585
-736.1017,19,11.854968
426.7685,31,11.855044
-744.8733,34,11.868221
-120.99921,23,11.884767
-1194.4333,19,11.913095
-1024.0997,4,11.913166
-1292.5526,5,11.929611
-1679.5632,11,11.929698
-980.86395,8,11.940461
-1463.6095,21,11.954851
-97.980286,25,11.994526
-1076.8237,2,11.994616
-1458.7101,9,12.008191
-1999.5298,18,12.019651
-876.9197,29,12.019715
-1268.7041,13,12.019731
-2160.4285,6,12.019739
1253.8467,81,12.036863
-1038.794,2,12.069667
302.01312,64,12.08942
675.51074,47,12.112902
-1369.259,14,12.112966
-1038.6244,2,12.12603
-3757.928,26,12.13928
3336.2837,75,12.173984
-2074.3704,10,12.188964
-1724.7736,16,12.189045
-2590.2693,13,12.205518
-1767.8455,5,12.205601
-1044.2635,2,12.205619
-799.8248,13,12.221027
-30.881287,44,12.242194
-1662.7932,10,12.242326
-984.2713,3,12.258179
-1117.8087,9,12.258258
-50.37982,23,12.285661
-1428.4542,4,12.285737
-455.3954,20,12.32268
-966.8832,5,12.342004
2502.5642,68,12.342139
-690.0079,20,12.356854
-367.7422,28,12.375343
-964.7221,10,12.375385
-709.2561,14,12.375393
478.1482,50,12.394744
-1721.1394,19,12.421645
-544.85583,14,12.471215
-1005.0312,5,12.471259
-2770.464,12,12.491652
1531.0427,63,12.50286
-1253.6053,14,12.523613
-979.9471,3,12.5237
-844.70807,5,12.558692
-1022.09607,3,12.558758
-2170.933,52,12.594075
-1033.6803,11,12.608938
-1240.3958,6,12.623752
-64.908264,25,12.623813
-988.86255,4,12.623841
-1104.1326,15,12.623847
1147.7451,37,12.64003
-1033.5361,3,12.659831
-574.1168,25,12.659904
-1460.7708,6,12.65992
-1193.6421,22,12.72372
1189.551,59,12.723825
1307.6826,44,12.757624
-567.92096,27,12.778133
547.0081,35,12.778196
-1759.2034,8,12.79419
-1719.1816,27,12.79423
-939.31067,4,12.79424
-1404.7467,12,12.794245
-2003.3827,12,12.823967
-1597.5784,4,12.837103
-1218.1248,13,12.837173
-1123.8687,4,12.857278
1168.7869,36,12.857342
-884.5864,21,12.872774
-1084.3729,4,12.887956
-4796.8276,16,12.888041
-1969.7913,15,12.905026
-892.6988,6,12.941907
-1100.8103,10,12.95892
-1292.2566,4,12.959011
-2753.8164,21,12.974658
-647.26697,29,12.974744
-854.18176,5,12.994335
-1851.4346,7,12.994404
1385.501,38,13.007419
-2218.9912,8,13.028847
-1228.1351,7,13.063891
1419.7249,52,13.063966
-1495.1693,7,13.090402
-1009.44025,17,13.090461
-969.1435,21,13.090475
-1039.033,2,13.110811
-181.64404,82,13.110855
-1415.0039,6,13.110866
-379.08752,16,13.135414
-894.96625,45,13.147573
-1616.5023,31,13.175521
-1661.404,6,13.187855
479.3078,24,13.213397
1527.6858,75,13.213452
-1330.8225,4,13.2396
-1365.8025,17,13.258923
-1260.8813,5,13.292032
-881.141,18,13.2924
-1597.5592,17,13.308344
-234.32697,18,13.337362
-3915.505,29,13.350781
992.05035,60,13.350852
-1031.2288,4,13.350869
-1152.9595,23,13.364764
-1050.5958,5,13.364851
-1533.4365,4,13.36487
-350.87885,17,13.364877
-1062.1814,3,13.394116
-836.12195,18,13.394392
-1064.0023,4,13.431279
-1490.6367,12,13.449864
-858.86786,6,13.449924
-1803.8677,21,13.449939
-1144.6099,6,13.449944
-1325.7686,5,13.44995
-867.8129,5,13.47741
-920.65546,6,13.490832
-1027.7906,2,13.507709
-1314.865,4,13.507813
-1384.9556,18,13.523302
-1815.1079,24,13.597603
-842.22723,6,13.616035
-645.2185,31,13.616194
-182.16443,38,13.629575
491.8484,31,13.646114
-2242.8694,12,13.646172
-1002.92554,4,13.682388
-1509.4473,14,13.697041
1087.3965,56,13.710815
19.910217,37,13.710881
-823.66144,7,13.738782
-1388.8658,57,13.738859
1099.3784,38,13.754779
1927.862,53,13.754858
-1045.0952,2,13.768023
-1353.8584,15,13.768093
879.22064,66,13.768107
-414.61554,36,13.781602
-1156.9285,9,13.781676
-2476.0347,9,13.793635
-7.4109497,27,13.805915
92.59076,23,13.820369
-884.3119,6,13.820445
-1593.3127,11,13.820461
-1221.2021,10,13.820468
-852.2765,6,13.835073
-1695.3613,10,13.835137
-892.7255,6,13.861643
1762.3876,49,13.887749
-1628.1548,7,13.887838
-1165.255,6,13.887855
-200.85059,32,13.912904
-1757.0776,4,13.912992
-1278.1953,5,13.91301
-1020.10236,2,13.926206
-1719.2056,13,13.926284
-1032.6012,3,13.958666
-992.54376,3,13.973223
-1728.8694,4,13.973288
-2203.9082,8,13.994752
-613.12134,33,14.009901
-1416.7834,10,14.010152
-741.96484,6,14.010185
-800.9456,15,14.010195
-946.81946,10,14.010201
-2428.8403,29,14.027345
-886.5251,25,14.047839
-1037.1959,2,14.047938
-2605.7786,13,14.062103
-941.1024,3,14.06217
-1721.6279,5,14.062186
-651.91534,21,14.062192
-2087.8145,10,14.091919
-1025.5404,2,14.092008
-190.2489,19,14.10658
-1597.021,5,14.120855
-2077.4573,7,14.120919
-1260.5593,4,14.120934
-1044.2115,2,14.12094
-1966.3652,10,14.160263
-2169.4604,17,14.160321
-877.33307,7,14.160337
559.13275,42,14.191044
-1137.6187,6,14.19112
-2202.6426,12,14.191144
-1563.8217,4,14.222997
-1008.4852,5,14.238651
-998.8395,3,14.238722
916.8292,50,14.25791
-518.7882,28,14.257988
-2028.843,13,14.25802
-1496.2871,5,14.269687
-1306.3652,20,14.282026
-1364.7422,3,14.294811
-1269.7482,10,14.310639
-779.6913,13,14.31075
-951.7841,8,14.310771
-949.59204,6,14.333488
-1008.6286,5,14.333594
-1044.2635,2,14.346686
1739.3372,63,14.363658
-1101.8259,4,14.363751
-946.51227,4,14.37861
-1023.88947,3,14.378688
-2008.1755,17,14.378709
-762.89453,39,14.393102
-1048.2358,4,14.393161
-1032.679,2,14.393172
-2187.8264,21,14.409158
-1296.8623,4,14.451919
-1106.3672,6,14.465916
-915.7035,5,14.482837
-1357.5475,3,14.496274
-932.26917,7,14.496333
-1371.6942,9,14.508903
491.19843,33,14.525493
-1027.6959,2,14.525746
-1164.7454,14,14.525766
-541.19727,19,14.525774
-1024.2247,3,14.542669
-1504.314,19,14.573702
-2263.7864,30,14.573792
-1128.2267,5,14.600801
-953.38696,4,14.600887
-1392.962,6,14.614747
-1301.0239,18,14.627289
-855.2531,49,14.642148
-1251.3395,25,14.642215
-1095.9236,8,14.642231
-1373.5576,3,14.642238
-1267.0732,4,14.691308
-173.11157,21,14.691392
-1137.4844,30,14.706911
-1775.6078,4,14.753878
1731.2817,52,14.753964
-2.2028809,29,14.787978
-871.2323,13,14.802503
-1215.4617,7,14.858862
-182.35754,24,14.930075
-860.85815,16,14.930155
3556.8315,70,14.930178
-1061.0508,16,14.945753
-227.46411,33,14.960197
-849.0122,26,14.960272
-1019.3866,2,14.960288
855.68256,65,14.982007
-2527.815,24,14.98206
-2393.5366,13,14.982073
-2331.8833,16,14.995344
-1049.586,3,14.995421
-145.86182,24,15.012801
-1809.8042,41,15.012854
-769.4181,24,15.012879
-1000.167,2,15.029673
-1540.4591,11,15.029714
-1692.4203,75,15.029724
-1612.3662,6,15.02973
2652.6582,53,15.029736
-753.9083,16,15.042754
-972.23486,4,15.042831
-990.7135,5,15.042857
-1010.50385,3,15.067751
572.5622,64,15.083012
2410.3853,69,15.083066
-868.3397,7,15.083094
-417.56897,41,15.097754
-1996.4739,10,15.111456
-876.91943,6,15.129009
-1034.3811,2,15.129076
-942.5718,8,15.129092
113.12164,33,15.141849
-897.29224,7,15.141918
-1044.2256,2,15.154657
-1347.688,6,15.175541
-1317.1052,15,15.1916
-253.38867,37,15.20616
-1014.75604,5,15.206217
-1348.3558,8,15.206233
-1044.2635,2,15.225961
-3132.3293,15,15.226023
-1403.3997,3,15.226037
-1307.4316,4,15.273293
-961.95825,7,15.273343
-896.24976,19,15.300591
-1068.3943,12,15.300673
-1176.2322,19,15.317142
-1024.0735,3,15.317199
-1029.8096,19,15.317214
-2386.0503,12,15.330075
-1085.994,4,15.386881
-1236.0028,24,15.450077
-508.81873,28,15.450162
629.2504,62,15.463891
638.2308,30,15.491264
-979.1288,3,15.491321
-1060.1433,3,15.491337
-1151.9779,11,15.491345
-1376.3744,3,15.50646
1690.2407,64,15.506523
-2588.667,8,15.521266
-1030.8431,2,15.53816
-866.8949,20,15.538231
-582.46814,21,15.538246
-926.35364,4,15.558302
-2867.0146,34,15.574129
-731.2827,24,15.59914
-1069.3751,2,15.599197
-1109.9623,8,15.614321
-1264.3439,7,15.645287
-1074.1914,7,15.645331
-1489.0406,7,15.666381
-1031.4963,3,15.666436
-953.407,4,15.666466
-1711.3276,11,15.666472
-1923.3201,35,15.679093
-176.53168,38,15.679155
-1070.7123,24,15.790611
-1031.1748,3,15.790698
-1024.9279,2,15.807
-1597.8052,7,15.807066
-1248.7188,32,15.807082
-1259.5283,5,15.827231
1231.3809,45,15.827303
-944.95966,2,15.827325
-1060.0657,4,15.827329
-990.2181,3,15.827333
-1185.8384,3,15.866521
-1461.4647,4,15.879667
-1621.0757,4,15.879745
-1120.3789,6,15.893373
-1246.0845,21,15.907674
-900.28503,10,15.907716
898.81,34,15.91954
-1385.3606,9,15.950243
-903.31274,13,15.95031
-1543.6122,8,16.006204
721.3639,42,16.006303
-1668.7974,20,16.044451
-1372.8943,10,16.044512
-1029.1211,18,16.044525
-1027.7887,8,16.060471
-1325.7694,14,16.060532
-1030.3032,2,16.081758
-1992.3416,30,16.081835
-1283.6768,18,16.081852
-388.99426,31,16.081859
-1045.8431,20,16.096937
-1334.9066,3,16.109007
909.5625,69,16.123639
-1206.7781,14,16.152144
2616.8782,74,16.152225
-853.22327,7,16.180472
-1087.1118,5,16.196625
-843.21716,8,16.1967
-2216.206,14,16.212406
-803.2112,64,16.212479
853.8298,41,16.212496
-530.48035,16,16.243187
139.84283,30,16.243258
-1077.4338,10,16.24327
-134.77863,26,16.25719
-909.10986,7,16.28667
-1887.7612,4,16.30048
-713.71747,17,16.300635
79.39569,27,16.311619
-1003.4271,2,16.327914
2155.312,62,16.345502
2594.2559,68,16.34558
-1626.904,4,16.356996
-1029.34,2,16.357037
-1842.7648,15,16.373423
-1628.87,10,16.395369
-1238.8904,21,16.395451
-1192.9205,13,16.395466
-1041.3721,2,16.418679
-1620.751,5,16.432005
-1889.8162,4,16.432082
-363.18176,18,16.432098
-1028.1152,2,16.446521
-1208.9985,15,16.446604
-221.70886,27,16.473604
-981.45575,3,16.473693
-1029.7229,2,16.473711
-1011.2412,3,16.473717
303.2458,41,16.489766
-861.8573,6,16.489854
-608.3705,19,16.511168
-1986.7621,17,16.511227
-788.80475,26,16.511241
-1205.6318,16,16.511248
-903.18286,8,16.528618
-1031.1405,5,16.593308
-1737.1675,6,16.613388
-458.07947,27,16.624745
-689.0781,18,16.639817
-1020.3069,13,16.639882
-606.17474,48,16.639898
-1003.8078,3,16.664694
-1328.2964,13,16.664764
-1515.7572,11,16.66478
-3545.8188,11,16.684741
-1106.5198,3,16.701748
-1027.1145,2,16.701882
2091.4888,86,16.72937
-491.31653,12,16.729428
-592.774,17,16.767773
-2172.8064,7,16.780271
-1040.0139,3,16.827222
-1086.1349,10,16.840223
-1047.1343,12,16.840308
-1042.7815,8,16.857219
-114.83447,40,16.857304
-1026.9414,2,16.873819
-1033.1289,2,16.899704
-1038.1067,3,16.899785
-891.5848,12,16.899818
-38.079834,37,16.899828
-1943.5232,15,16.912781
-1284.4025,5,16.912832
-1044.1152,2,16.933048
-1040.6058,2,16.933146
329.25635,28,16.945806
-1489.3326,6,16.959246
38.2265,40,16.972136
-1007.12897,4,16.989357
-1028.9191,2,17.007093
-938.1765,8,17.023128
-520.94653,31,17.023197
-228.71777,25,17.042222
-260.43488,24,17.042283
-1919.9646,4,17.055484
-1045.2208,3,17.093197
-1054.0159,4,17.093278
-1174.3918,13,17.105896
-1471.5537,9,17.105952
-1334.153,3,17.105967
967.1214,45,17.138637
-952.4759,4,17.164398
-995.9937,4,17.164467
-925.0995,16,17.180698
1115.7573,42,17.180786
-1584.9075,7,17.195615
228.34637,29,17.195682
-1081.3422,4,17.233697
93.449585,30,17.233768
-1429.3535,15,17.250167
-668.76514,22,17.250234
1035.1189,49,17.263863
-845.0316,6,17.263944
-1348.936,17,17.263961
-1411.0653,56,17.26397
-307.58392,24,17.279822
-1411.5195,7,17.296408
-1448.3398,10,17.308918
-1284.4637,6,17.358523
-1009.491,14,17.384226
-1027.2294,28,17.384322
-1164.7678,50,17.401779
-1631.155,19,17.401843
-2009.2032,9,17.415693
3086.2268,87,17.429586
-1032.001,2,17.429663
-2317.5488,13,17.457237
-1410.8694,4,17.457302
-1038.7211,2,17.457317
2735.6946,59,17.457326
-643.07025,15,17.478415
-1029.5701,2,17.495572
-946.59064,7,17.495654
-1039.7114,2,17.512407
-1428.7466,15,17.51245
6389.837,90,17.512458
-117.575134,52,17.524776
-638.6334,11,17.5402
-1437.0261,16,17.540281
-1130.8792,22,17.540295
-1012.8697,3,17.564012
-645.5413,33,17.564077
-1075.255,2,17.593894
-927.76715,12,17.615127
-821.9337,6,17.615207
-1029.5897,2,17.628851
-994.7296,35,17.643531
18.060669,33,17.669483
-926.1431,22,17.669561
-1331.2578,12,17.669579
-931.066,12,17.69791
85.74933,23,17.697967
-996.4914,3,17.709566
-894.6029,6,17.753471
13.243164,56,17.766989
-1698.0367,13,17.767066
-295.25073,35,17.7944
-110.24469,19,17.794488
-1019.4231,10,17.809177
-2370.5095,8,17.809236
-1035.8296,35,17.809251
-1097.3888,9,17.821914
-1541.6912,26,17.835257
-1025.105,2,17.835571
-1167.7018,9,17.835601
-998.0759,3,17.865476
-1703.5479,7,17.865534
-1203.5784,4,17.86555
-1353.8901,3,17.88109
-1108.0244,27,17.88115
-1809.4895,7,17.895309
-1347.8652,3,17.916162
-989.0423,3,17.916246
-1664.8019,9,17.929873
-1006.6106,3,17.929972
-1025.4354,2,17.941919
-1005.398,5,17.953595
-797.8836,5,17.96702
-1254.6571,29,17.983151
-919.77966,29,17.983242
-1874.6517,16,17.99621
106.84088,25,17.996277
-2299.6074,13,18.025211
77.19556,30,18.064836
-480.79266,44,18.064913
-724.83014,10,18.064932
-1503.5874,4,18.064939
-1046.6824,11,18.094755
-2627.1394,9,18.126827
676.0544,37,18.175009
-994.8347,7,18.175121
-1379.6404,6,18.217257
-467.78583,17,18.217337
-1300.9922,13,18.231178
-975.6826,5,18.244894
-1040.255,4,18.276185
-3339.078,30,18.286506
-1244.4159,6,18.298602
-486.91064,44,18.298683
-717.18933,23,18.313084
-1044.2172,2,18.313145
-2123.9175,19,18.341861
2549.5708,59,18.363961
-1055.7404,3,18.396011
-1131.7405,5,18.396099
-1915.0696,11,18.411774
-256.88635,33,18.42591
-843.54767,28,18.425947
-281.05762,24,18.425956
-1396.4191,11,18.473718
-1323.615,25,18.474102
-1599.4548,5,18.474136
-1240.106,8,18.494111
-950.5984,4,18.494153
1646.2083,80,18.508847
-1479.3912,39,18.548146
2736.4487,67,18.548204
-1555.69,4,18.565802
361.99908,34,18.596596
-1090.098,6,18.609623
-713.5999,20,18.625189
-70.59076,70,18.625254
-903.0762,10,18.637578
-1711.0901,10,18.697253
-974.33606,6,18.71065
-543.37067,11,18.710738
-10.285889,63,18.710763
1665.6932,57,18.750158
-1027.201,2,18.750228
-833.5689,8,18.762739
805.04095,51,18.78537
1354.0117,82,18.800807
381.1065,41,18.812927
-1110.3738,25,18.826521
-336.95972,38,18.826616
-990.0114,5,18.826632
-1020.6468,3,18.843859
-884.8751,6,18.875165
-1375.5471,4,18.875221
-472.30737,28,18.875251
-217.78638,24,18.875257
-1462.5712,11,18.889748
-1042.1924,3,18.890127
-1789.5918,22,18.910578
-1041.6404,2,18.910675
170.39563,40,18.910695
-1322.2356,28,18.933802
-1003.9267,3,18.933861
-1416.161,21,18.948331
-1138.985,14,18.948399
-915.3818,22,18.948412
-1044.7495,4,18.948416
-1044.2635,2,18.948421
-1537.9517,4,18.965457
-1038.3491,2,18.982227
-1036.4486,3,18.982343
-449.13275,42,19.012609
-2282.9866,18,19.012709
-1030.9885,3,19.035531
-1135.308,6,19.035603
-424.16632,15,19.03562
-108.52179,38,19.035627
-1275.6832,5,19.049831
-1587.1968,8,19.06469
-1073.1183,3,19.084969
-895.8277,5,19.08504
-1661.1597,6,19.110378
-912.1592,5,19.132533
-1326.6871,3,19.132601
-921.2696,7,19.170273
-1370.0791,14,19.170354
-760.3239,20,19.194918
-1020.58545,3,19.213301
-1304.2555,9,19.213392
-1283.2272,5,19.213408
-1044.2522,2,19.235813
-1028.023,2,19.249763
-607.72174,49,19.249842
3452.1396,90,19.26446
-1552.6709,8,19.289156
-1515.5829,19,19.289232
-2054.2847,15,19.28925
-1024.595,2,19.289258
-1049.4601,3,19.289263
-3516.9502,13,19.30103
-1044.2257,2,19.329564
575.9751,26,19.32963
-787.2759,9,19.345223
-1171.4023,14,19.345303
-948.468,24,19.366538
537.19794,36,19.36662
-1556.9891,44,19.36664
-1012.4632,2,19.395305
-1091.646,3,19.416044
-1023.1714,2,19.444372
-813.9515,7,19.444425
-1137.7488,7,19.444439
677.9799,59,19.460897
-2212.0403,4,19.46099
-485.47928,15,19.478393
-363.71442,26,19.518444
-1137.2987,31,19.552838
941.3964,41,19.552894
-947.9525,12,19.582822
-1829.3257,18,19.640292
-988.6701,3,19.640352
-1038.0472,3,19.663345
-1065.2554,4,19.663409
-1296.6132,21,19.69872
-1071.2991,3,19.714948
162.268,22,19.715021
-868.8458,5,19.731362
-1982.2688,19,19.731424
-1606.6244,12,19.731438
-1053.0118,5,19.731446
-980.9844,3,19.759673
-118.52771,45,19.759781
-892.4248,4,19.784544
-738.4558,15,19.784635
254.47601,42,19.784655
-1530.348,5,19.784663
280.47736,38,19.797474
-1043.6201,16,19.841675
-1048.1527,20,19.881079
-2048.229,13,19.88121
-1704.0518,9,19.906745
-1354.4846,7,19.964945
-1416.172,12,19.979291
-667.55115,28,19.979348
-2114.3154,16,19.994672
90.41205,30,20.018589
-1990.3419,14,20.018667
-718.844,31,20.03787
879.4707,60,20.037935
460.39484,22,20.138952
-747.1733,18,20.139293
940.4942,71,20.139324
-2396.2363,12,20.15519
-814.86993,6,20.155249
-1044.2131,2,20.168523
-944.6845,3,20.182236
158.55194,48,20.182317
-473.31427,28,20.235049
-1251.3704,20,20.26858
-1385.596,6,20.268668
-780.9068,15,20.281567
-1484.1506,58,20.296795
-979.8015,15,20.31187
-849.2102,11,20.326001
-1034.4924,2,20.362976
-3364.9905,12,20.363058
-1025.937,5,20.363075
-313.13397,20,20.378046
-1375.531,10,20.415478
1860.0366,57,20.415555
205.5744,38,20.444261
-387.73096,19,20.471906
-910.07275,14,20.471985
-113.328735,36,20.500318
-948.70374,4,20.526752
-1433.9601,21,20.553794
-1347.7562,31,20.553883
594.36444,47,20.568882
-1158.1666,26,20.58845
-1730.598,12,20.588494
266.48785,28,20.641182
-2006.187,10,20.641238
1298.2612,81,20.641253
-1029.6671,2,20.641259
-3797.1792,18,20.657438
-1966.3298,22,20.657503
-933.82776,6,20.678946
322.20013,24,20.679009
-1044.1973,2,20.692663
3204.7295,79,20.692745
-1337.5327,3,20.692765
-738.3672,8,20.705044
518.4445,43,20.705117
-936.7769,5,20.719243
570.1211,40,20.719322
-2220.6558,13,20.719339
-841.3617,5,20.719346
241.93903,58,20.719352
-1031.4075,2,20.734261
-1001.1598,2,20.747928
-1062.2612,6,20.777706
-2073.4182,13,20.81197
-1287.8683,9,20.812038
-1122.4429,4,20.844484
-3017.6523,16,20.844564
-762.2715,8,20.84458
-1761.1589,9,20.859806
-54.26654,32,20.859914
-1020.5392,2,20.885625
-1536.776,13,20.900155
-1335.1147,34,20.900212
-1533.7833,16,20.900227
-1024.009,2,20.914587
1536.1965,55,20.914693
-1320.0833,69,20.930675
-991.3231,3,20.953657
-1335.8933,8,20.996225
-204.15118,18,21.009617
-1312.8763,7,21.009686
-617.25604,15,21.048488
-1029.4379,4,21.048598
-3547.3896,25,21.072446
-1302.5581,45,21.072499
-58.33728,24,21.087602
-1655.556,16,21.101758
-217.22748,44,21.115666
-1280.2418,9,21.143551
137.45001,26,21.143618
-363.81592,30,21.161217
-1697.5746,6,21.161303
-972.00854,3,21.16132
-1254.5991,9,21.196226
-1333.022,8,21.196307
-2154.88,50,21.244593
-1011.5546,20,21.244658
-1535.8257,25,21.26135
-1031.2527,2,21.284876
243.87683,29,21.284955
-1449.3401,7,21.284971
-1670.7244,5,21.284978
-1480.8322,9,21.298658
-1025.5137,2,21.322965
-642.51746,43,21.337531
-1321.435,4,21.337594
-143.98627,27,21.33761
-1118.1633,11,21.337617
633.0586,54,21.395116
-1307.3612,4,21.395158
-1154.5009,8,21.395168
-1401.9232,6,21.426645
-393.4215,31,21.426716
-1046.0472,2,21.426731
-875.06274,7,21.441395
-1028.7213,2,21.479318
-1534.5046,10,21.494693
-2138.1543,11,21.494771
-1479.3213,23,21.512045
-187.92664,22,21.512183
79.64093,38,21.512229
-1840.1469,6,21.525789
-1179.3802,10,21.560625
-1357.6741,23,21.560751
-862.95483,30,21.560777
-1003.84875,4,21.560784
1153.1873,53,21.56079
-1957.2258,19,21.560797
-1367.2262,3,21.612426
-1145.3448,11,21.612495
-1326.812,4,21.625405
-1647.8545,12,21.625492
585.29535,46,21.62551
-1014.9214,8,21.640646
-1318.6069,4,21.669245
-1047.1962,3,21.669317
-987.7348,2,21.704303
-1196.011,5,21.704367
-1491.2446,14,21.72907
1067.6211,42,21.755166
-82.94702,31,21.755222
-1317.0966,13,21.755237
-849.9093,48,21.755244
-1897.2234,16,21.77016
-1354.1471,5,21.770216
-969.5165,5,21.795
-562.32166,16,21.795081
-1030.5051,2,21.7951
-943.3405,4,21.809435
-1442.2766,17,21.809576
134.43121,50,21.83406
-1408.8137,15,21.846524
-864.6821,6,21.8613
-1373.615,3,21.861402
-1276.7445,6,21.926773
-1896.6846,16,21.941668
-989.2817,7,21.955691
-1041.9773,2,22.009289
1359.7981,45,22.032408
-1962.6267,8,22.032516
-699.6795,33,22.051456
-1397.3976,20,22.06515
-1802.7881,16,22.065208
-1405.9087,10,22.081265
-1031.0724,3,22.081365
-1035.6482,19,22.113952
-1618.8882,11,22.146815
-1113.0898,7,22.160252
-771.9541,45,22.160335
-96.12152,38,22.207487
-3456.911,27,22.235394
-1457.5286,24,22.235451
719.1645,45,22.250615
-937.4893,4,22.262644
-387.9782,20,22.262725
-2183.7495,23,22.27669
-1314.9922,13,22.276769
-255.90002,15,22.295007
-1644.6299,47,22.295058
4018.247,97,22.319954
-933.22986,4,22.320048
-1098.1923,8,22.348638
-1123.6438,14,22.366024
220.68323,34,22.378036
-1047.9324,3,22.410435
-1213.6367,9,22.410516
-625.3309,23,22.410533
-922.53534,6,22.41054
-1036.7441,2,22.443858
-1068.7133,6,22.443907
102.49042,52,22.461196
-1044.2063,3,22.497756
-761.21375,15,22.517197
-1009.1498,6,22.517261
-1067.7904,3,22.517277
-2152.9048,7,22.532086
-737.1932,8,22.545035
-990.23486,3,22.658637
-1864.7926,19,22.658715
-1258.8691,17,22.658728
-1220.1628,5,22.676786
-1426.6288,5,22.693989
-1041.2604,3,22.694062
-966.4001,3,22.709248
-1033.241,2,22.73296
-99.03729,36,22.746002
-1040.2515,2,22.762546
-1718.8591,7,22.783777
-3647.6936,14,22.783863
-1003.5065,2,22.796728
-508.60382,26,22.813168
948.7662,45,22.832736
466.5266,47,22.872953
-134.39868,42,22.873025
-1138.0972,9,22.917113
-1958.0579,21,22.969091
625.41815,40,22.986102
-810.5921,46,22.986169
638.9433,36,23.00165
-1507.8542,21,23.029634
-1387.9479,20,23.029702
-436.5581,15,23.029717
-2534.5605,19,23.042658
-1299.3628,11,23.042728
-734.4481,23,23.042745
1468.4009,52,23.057868
-1325.916,15,23.057953
3423.8838,81,23.057977
-1303.447,5,23.072196
346.6537,70,23.085727
-1922.5894,10,23.113636
-463.7678,25,23.154746
-1064.8918,4,23.17075
-2105.4014,8,23.170879
-3061.2507,17,23.170956
-1232.0775,9,23.187903
3251.3425,116,23.202627
-1554.7878,11,23.20271
-1954.1996,11,23.202727
-1202.296,13,23.215259
-1767.033,4,23.232735
-1413.4314,12,23.257364
-1552.6521,17,23.287397
-1380.1049,9,23.301615
267.08453,33,23.30169
-885.45935,31,23.33073
-2870.547,14,23.360042
-1026.2827,2,23.393904
1548.273,62,23.445203
-964.2015,4,23.464204
-1556.0447,18,23.537069
10.442261,78,23.537121
-2038.7598,37,23.537149
-1195.1998,7,23.550253
254.14691,36,23.565954
775.75696,35,23.593597
-252.58423,42,23.611473
593.75903,29,23.627248
-1265.7877,4,23.627305
-525.55505,28,23.62732
472.90558,63,23.627328
1925.3752,67,23.644732
-1041.3289,2,23.660752
-1035.2877,2,23.66083
-714.5615,8,23.660847
-110.86151,24,23.714574
-1067.5908,4,23.770823
-759.19336,14,23.770899
-1754.6499,7,23.770916
-1236.8818,10,23.786185
-1017.6091,2,23.800002
-2560.9565,41,23.800051
-1845.5839,17,23.800059
-52.298035,23,23.812754
876.0953,35,23.830241
-930.4311,13,23.830299
674.7501,42,23.84849
-804.47375,6,23.863092
794.1552,54,23.883124
-772.21497,15,23.908989
-1034.7705,4,23.909076
-1236.4149,8,23.927445
233.26129,40,23.94803
-944.2178,8,23.948123
7302.7515,189,23.961862
-1011.13074,19,23.961912
-1542.0413,9,23.961923
-1083.9481,9,23.983723
-1026.3357,2,23.999476
-1278.7681,13,23.99953
-1230.4696,8,24.014838
-993.3622,3,24.014918
-1552.7859,23,24.045295
-1005.9885,4,24.076017
-1092.8962,15,24.098663
699.5915,34,24.098778
-609.7466,29,24.098793
-871.3383,5,24.12607
1204.678,59,24.145962
-1303.079,4,24.179628
-895.72076,5,24.22314
-1026.1548,3,24.223239
-1770.6775,6,24.223262
1404.9238,60,24.22327
-1918.8503,15,24.263535
-1437.0039,13,24.317631
-583.94165,15,24.36991
-703.1121,19,24.370018
-1618.0295,5,24.460982
2471.8894,78,24.46106
2341.6528,59,24.461077
-1107.7577,8,24.527433
-1854.4032,9,24.68148
-219.38177,33,24.742872
-939.45966,4,24.742954
-895.0183,26,24.788798
-626.9781,32,24.803471
-1046.0449,2,24.820445
-2073.1511,5,24.845357
-583.4687,17,24.883391
-801.70123,28,24.883467
-1208.5594,36,24.937124
555.2428,32,24.937361
-2904.9067,16,24.98731
-802.35376,5,25.005277
-1937.8251,12,25.005431
-1297.9036,5,25.005456
-57.125793,29,25.125469
523.9249,46,25.208402
-1267.588,9,25.227252
1428.977,67,25.26234
-403.00848,29,25.262575
332.7384,30,25.320937
-1433.9568,16,25.321156
-1362.7473,9,25.350456
-1723.374,5,25.37513
-966.5187,3,25.417294
-1464.0483,7,25.417395
-982.92456,4,25.41741
-1297.5972,4,25.417416
-1001.2847,10,25.444431
-1442.0812,4,25.463809
99.41504,47,25.482606
558.43713,40,25.516641
2127.706,102,25.516733
1600.6528,53,25.51676
-2080.3157,24,25.516769
-1347.9534,3,25.516776
-1020.5807,3,25.549681
-1509.6499,5,25.549889
-1354.207,6,25.577599
-1998.038,23,25.577736
650.57025,41,25.609929
-1043.0409,3,25.632907
-1506.5261,34,25.669676
-1732.1628,5,25.669777
-1431.042,5,25.695132
-1431.3759,5,25.734905
-1044.2622,2,25.762608
-1514.1973,36,25.790958
-1436.3356,13,25.791036
-736.8968,13,25.791052
-2318.1265,10,25.825011
-61.046326,23,25.839579
47.417847,53,25.862363
-2337.9312,6,25.929646
-1052.3721,5,25.965935
-1426.5864,9,25.966246
-1030.4054,12,26.002219
867.2647,39,26.002328
-1243.774,8,26.002356
-1634.0044,18,26.028226
1953.9857,63,26.075867
2233.3242,63,26.075961
-1209.1182,10,26.075985
-2639.9185,15,26.170915
-1161.2268,9,26.170977
-422.1709,19,26.170992
-1576.9348,10,26.215432
-508.88013,26,26.215498
-3144.5781,11,26.248286
-1461.3734,7,26.248363
-1075.9045,4,26.263587
-939.6291,6,26.310434
-1139.682,7,26.328855
525.7325,33,26.3506
300.2433,25,26.386252
-1797.0735,15,26.386507
-2513.65,7,26.420658
-1791.3398,8,26.420743
-938.4582,15,26.468304
1761.7097,66,26.502799
40.60498,24,26.502906
-1026.7792,3,26.565561
-1492.8572,12,26.565634
-897.8172,5,26.603241
-990.74945,3,26.632161
-1303.7377,9,26.632245
-1341.5306,9,26.656214
242.25153,40,26.65631
1300.675,64,26.671368
-109.9328,27,26.687299
732.18646,40,26.687369
-991.95404,3,26.687384
-106.896484,25,26.722513
602.79974,42,26.722599
-1346.5137,7,26.722628
-1372.698,4,26.748506
-912.5649,46,26.748586
-763.84393,11,26.776
-848.7277,8,26.776095
-1041.3163,2,26.79897
-972.18225,8,26.818662
-2154.2715,32,26.818764
-918.97473,8,26.841961
-915.4308,6,26.842061
-1554.7888,6,26.884761
5292.5293,110,26.884836
-877.296,5,26.948196
-1030.6661,2,26.948263
-1011.5437,7,26.948275
-1080.1299,5,26.985987
-2548.5374,10,26.986029
-913.544,6,27.005729
4537.2515,88,27.006036
657.77124,40,27.025785
-997.508,6,27.06411
-331.9892,26,27.064182
-5487.3525,29,27.064198
-1680.8359,7,27.079979
-1164.3828,6,27.098669
-4230.495,17,27.098766
-1343.3689,3,27.112645
-246.54675,31,27.129087
-1158.9532,5,27.147239
-936.46576,5,27.147327
-1794.8748,11,27.17348
155.60406,22,27.173535
-1305.6396,38,27.173552
-1034.5612,11,27.17356
-1739.895,5,27.188505
725.9422,41,27.209939
-1016.5214,4,27.227568
-984.2662,4,27.227662
-1457.832,10,27.272118
-1125.7566,7,27.303559
-1219.9237,10,27.316881
744.7527,39,27.33177
-2300.8774,31,27.331827
-1032.3301,2,27.331838
-1375.2919,19,27.355617
-994.5396,30,27.38295
198.72748,27,27.431868
-1549.6737,9,27.431967
-1085.9976,6,27.431982
-951.1025,4,27.446924
-2399.0217,33,27.447002
-935.5692,7,27.447021
-807.59503,37,27.48185
-2225.6306,17,27.481898
-1058.414,3,27.495472
-1173.1407,17,27.495542
-593.6553,19,27.495559
-3628.3481,17,27.519046
-1293.205,5,27.530938
1062.5923,59,27.567947
-946.4526,4,27.56805
-1062.4027,5,27.568071
-378.78882,25,27.592429
-1613.6348,11,27.606813
-2813.7747,24,27.620551
-630.02124,18,27.620653
385.37183,42,27.635155
-1268.0604,5,27.691169
-2236.0435,32,27.703497
-1610.988,15,27.737923
-2009.1589,9,27.77604
-1476.2253,13,27.776126
-535.7067,42,27.792257
-2257.5173,22,27.792325
-996.8419,5,27.825493
-1859.2919,12,27.825804
-541.68774,25,27.839215
-3505.3723,22,27.85307
-827.1464,5,27.853136
417.8921,24,27.8762
-1873.2003,19,27.940785
-983.0619,3,27.940858
-2943.378,10,27.981097
-713.9737,49,27.981138
-1996.4694,4,27.981146
-58.801697,31,28.002638
239.61237,71,28.015922
1153.3472,60,28.059275
-1026.557,4,28.073362
978.5663,44,28.087592
-1046.0449,2,28.103076
-1751.5668,9,28.133395
-2798.2578,16,28.133465
1484.0945,76,28.133481
-872.12805,7,28.170551
-1031.4009,2,28.170634
-1404.6667,18,28.192825
-1019.5101,2,28.208996
-1224.0887,27,28.209093
-757.8932,29,28.224213
-1071.8135,38,28.238774
-917.1931,3,28.255994
895.49115,34,28.25606
-140.20123,25,28.256075
-1262.656,5,28.256083
465.14014,43,28.270347
-2804.0432,16,28.291848
-1039.4456,3,28.307959
-509.79358,28,28.308019
-1492.6552,7,28.351554
438.58807,25,28.365395
-1820.2668,7,28.365497
-2306.8452,23,28.36553
-1031.5079,2,28.402897
-1309.6814,4,28.430312
-1168.6245,11,28.43041
-532.9736,18,28.430425
-978.4835,4,28.470163
241.59204,22,28.470259
-1991.4028,6,28.470302
-1102.1848,11,28.494119
-1468.419,12,28.494297
399.9134,33,28.513676
-1696.1394,40,28.549436
1179.6663,70,28.569968
341.43463,59,28.570039
-1088.7349,5,28.570055
-1201.554,7,28.570062
-973.4963,5,28.583551
-797.63873,26,28.583637
-1023.4249,2,28.59696
-1044.2153,2,28.618025
-1325.5775,8,28.618081
-1015.5228,5,28.647196
-976.9103,5,28.647264
-1316.9861,13,28.662793
-895.05493,8,28.696079
-819.00903,12,28.716007
-1167.7351,8,28.740376
-944.2448,5,28.740514
-551.6789,30,28.740613
-260.5614,33,28.755393
-2360.4106,7,28.77167
-928.9215,6,28.771817
-716.1896,17,28.78647
155.75763,31,28.812421
-962.11835,5,28.812585
697.53577,42,28.812682
-1357.8795,4,28.812763
-2120.2275,22,28.830067
-1008.13196,3,28.847341
-875.6579,6,28.847627
-2033.5098,9,28.865673
-946.2073,5,28.866002
1427.2773,75,28.882179
-1028.0271,2,28.882367
-652.3371,24,28.897589
2272.807,60,28.926933
-1094.1276,4,28.926989
-1030.681,2,28.957712
-1561.6147,7,28.957789
-716.2238,20,28.957807
1744.2185,58,28.971257
-4274.7417,10,28.984467
-1408.1198,12,28.997587
61.40204,26,29.01883
-532.35767,40,29.03687
-1023.6795,2,29.036937
-1354.9414,6,29.050853
-1023.6582,2,29.050946
-1211.7129,7,29.066976
-1341.7961,3,29.08727
-1099.2798,7,29.1087
-1023.9186,20,29.108779
-1000.54456,3,29.108801
-85.9339,23,29.123671
-3158.3926,16,29.123749
-809.7254,12,29.123766
-914.0911,10,29.137294
-1390.1038,4,29.148042
-897.2272,7,29.177674
-912.85126,6,29.192783
-2464.1216,35,29.192857
-1347.0048,22,29.223047
262.39557,29,29.223108
-1300.9796,7,29.28176
-830.32117,12,29.281873
256.1513,63,29.295593
8.692993,32,29.312936
-735.721,13,29.313015
952.7666,48,29.337091
-159.84851,33,29.337173
-354.34747,18,29.337191
-1295.3799,11,29.390414
2458.8909,66,29.390483
-2973.2925,8,29.404792
-2050.1626,7,29.404847
-2764.4927,12,29.404874
-1078.6699,6,29.418209
-2388.361,15,29.418334
-470.0315,36,29.444979
-943.48456,4,29.445034
-999.81696,3,29.445068
-897.8866,20,29.445075
-1537.5352,5,29.47183
-1489.6707,11,29.488022
-991.4178,4,29.503252
-812.4816,7,29.503309
-2417.748,6,29.503324
162.8742,30,29.583818
-1590.096,46,29.583867
-2103.2139,9,29.583879
-1566.7255,6,29.59894
-1819.1104,18,29.599012
-1024.2242,2,29.622862
-2346.5505,41,29.662415
-2265.811,10,29.662472
-1047.172,24,29.687033
-1174.1462,6,29.687094
-1043.1172,7,29.721172
-918.6824,19,29.721239
-1048.816,3,29.721256
-1007.84784,4,29.734679
-2328.864,8,29.734755
-3655.6555,9,29.766168
-975.5717,5,29.766234
-721.1839,7,29.801413
-1735.4263,5,29.801494
-1011.84564,34,29.815006
3642.85,100,29.830567
-1010.4714,24,29.830647
398.85266,47,29.845442
-584.31287,22,29.866048
-1185.1616,8,29.866138
-2215.593,6,29.866157
-745.6315,31,29.879051
-1313.8455,7,29.908528
-1027.4268,2,29.908604
-569.1974,31,29.935114
-1551.9778,23,29.95135
-1071.1367,8,29.951417
-999.4604,13,29.963632
-73.77844,31,29.985264
3012.7646,75,29.985332
-922.9446,4,29.999409
-1044.2635,2,30.012016
2434.0059,61,30.04233
-1232.2412,7,30.057843
-1350.542,23,30.073086
-1455.4186,6,30.073159
-1132.6732,14,30.114135
-961.08746,5,30.114218
-2312.8997,9,30.126324
-386.7884,27,30.126392
-1191.3417,22,30.142836
-2054.3345,12,30.142879
-1675.5483,20,30.156813
-749.1658,78,30.156892
-1114.364,6,30.156909
2786.067,65,30.183329
87.91382,22,30.183436
945.86096,32,30.20929
-997.7727,4,30.209346
-829.8914,15,30.223326
355.7353,75,30.253278
-1757.2258,15,30.266423
-1993.5961,5,30.287798
-2607.9922,65,30.311654
-376.63934,31,30.311729
-942.02606,12,30.334
-800.0039,31,30.334075
-906.91364,7,30.349975
-940.9798,13,30.350016
-2446.0095,13,30.366465
-1011.6151,2,30.366544
-257.127,30,30.366559
-811.1357,16,30.381089
-1033.7234,2,30.381152
-983.36127,5,30.396276
-1322.7312,18,30.396338
-915.9317,6,30.410601
-910.6388,5,30.428099
-2505.372,17,30.428154
-1049.1874,2,30.428171
-1601.2441,24,30.441279
-1749.2668,21,30.454337
-332.98962,16,30.471588
-319.9057,35,30.492171
-859.36096,4,30.492233
1473.5319,44,30.508788
-1719.668,25,30.50886
-1038.8296,2,30.522973
-1121.0372,3,30.523015
-1397.2389,4,30.523024
-2390.0715,13,30.536426
-1691.6348,7,30.536498
-1069.6427,3,30.553025
-1352.3881,3,30.569653
-3370.1611,24,30.569737
-1401.1333,3,30.59386
-875.15204,6,30.60657
-1188.6102,10,30.606711
-1913.3965,15,30.62272
-998.8218,5,30.62278
-1281.5743,7,30.731879
-1266.8267,29,30.75081
-2779.886,15,30.750894
-1241.1262,5,30.785663
-3155.9143,8,30.798323
-1262.8003,4,30.798384
364.33722,59,30.813505
-870.7112,21,30.836649
-711.52167,8,30.836744
-566.1543,23,30.836763
-1528.8384,20,30.851547
-1878.061,25,30.865249
-1052.5096,3,30.887002
-1424.6243,13,30.887088
-965.82855,6,30.887109
-3462.6592,12,30.887117
-1143.9783,8,30.887122
-422.58655,25,30.887129
-137.1416,32,30.914949
-560.99866,18,30.9329
71.283325,32,30.93299
-1070.5426,2,30.93301
-794.1273,6,30.954785
-2812.4614,18,30.970685
402.80682,37,30.992495
1148.4719,88,30.992592
-1474.8412,14,31.007208
-1569.3833,7,31.020489
-293.42633,19,31.056309
-1571.5564,9,31.056375
-1836.4196,11,31.08955
-1823.6853,10,31.089621
-1848.3562,9,31.104601
-2260.0283,10,31.104679
-1021.11664,2,31.117992
-1410.1743,11,31.146649
-1163.8215,7,31.169227
-864.3396,26,31.237174
-804.27954,39,31.237262
-2079.6956,12,31.292501
-1145.9774,4,31.316464
-884.7073,10,31.334045
-1422.1508,24,31.334153
327.79504,25,31.352865
-2389.4487,17,31.367485
-1015.1666,5,31.383831
-2317.8408,29,31.383911
883.30316,35,31.398411
-516.9786,31,31.413621
234.24384,35,31.436984
-1344.798,20,31.450012
-402.4109,30,31.476179
-2337.8574,8,31.507772
-1826.2104,7,31.507832
-1890.5,11,31.522073
-2229.0144,31,31.533474
-799.40594,7,31.549212
-991.3004,5,31.567393
-247.76752,28,31.567477
66.22595,43,31.602569
-752.171,21,31.602936
-1390.7494,3,31.623742
-1215.9658,4,31.637575
-955.7997,2,31.637762
-929.1159,4,31.672267
386.41913,50,31.672442
-1877.2681,15,31.672531
-1024.6285,2,31.672547
-1069.3486,12,31.720912
-1202.252,5,31.757184
-803.1672,13,31.757417
221.69275,46,31.757524
-958.1366,3,31.773667
-630.3981,16,31.773723
-1193.7438,7,31.786744
-1852.9951,9,31.81947
-1638.096,5,31.834409
-382.6194,18,31.862692
-904.1222,21,31.862753
1585.7249,45,31.903867
-1083.7625,4,31.915503
-1008.708,11,31.941064
-1011.5294,2,31.94114
-265.18243,18,31.941158
-1490.8634,6,31.952984
-1059.5938,7,31.953078
-892.06335,21,31.966506
-1031.4554,2,31.991086
-999.32666,2,31.991166
-2296.7725,20,32.00705
-544.02765,40,32.007131
348.78546,37,32.021501
-1353.0879,3,32.035106
-1032.6337,3,32.035192
345.65326,35,32.035206
-973.42267,15,32.070868
-1032.9475,2,32.07094
-1023.33704,19,32.086944
-1445.2283,3,32.087047
-1027.4176,10,32.111585
-1773.2451,5,32.149973
2731.2246,77,32.150012
-1699.0134,26,32.186648
-51.7948,18,32.217569
-1484.566,8,32.217661
-1027.9564,2,32.247114
3580.5469,72,32.24717
3119.2427,76,32.262456
614.2371,30,32.262513
-1648.093,6,32.274812
-1014.9614,3,32.288839
117.48163,18,32.288914
1028.1287,55,32.288931
-1497.0718,15,32.324301
1829.5029,61,32.324361
-668.2745,19,32.324375
-718.9984,11,32.324381
-927.4172,17,32.344662
-1059.9635,7,32.404433
-1846.3344,5,32.404501
-1087.1666,12,32.467624
-1301.3698,4,32.467698
-4794.2363,21,32.511884
-868.88477,25,32.511951
-1154.0059,5,32.55516
-1596.7545,5,32.555218
-2148.0,15,32.555232
-1540.0991,9,32.584431
-1038.3066,2,32.584499
3072.7559,110,32.620596
-970.04346,18,32.620666
-1157.7258,5,32.631477
-44.66211,40,32.643712
-422.5204,21,32.674135
-920.75903,4,32.696286
40.252502,22,32.712126
-1021.0414,3,32.738022
-763.4181,11,32.753647
-1291.6428,48,32.776947
-975.6983,7,32.791547
8267.588,137,32.791625
1446.6804,47,32.791642
-516.9099,26,32.806084
-1044.2518,2,32.821031
-441.67224,27,32.821119
-1140.9475,25,32.834905
-1046.8525,3,32.834974
-1336.7631,6,32.855804
-280.29413,31,32.855865
-968.4326,7,32.855877
209.75452,30,32.87066
-835.55743,23,32.870746
-1999.9076,5,32.870761
-1788.2924,11,32.888748
-786.6552,15,32.888841
-1329.1925,19,32.888861
-1032.3297,2,32.900215
-1005.0079,5,32.920655
-1892.244,6,32.920736
-996.25824,3,32.920751
-1034.82,2,32.920758
-924.2804,4,32.920763
-993.65356,5,32.947183
-961.83386,47,32.984381
-23.414368,30,33.001429
-1073.1892,4,33.001473
139.1488,37,33.001484
-853.5178,5,33.02611
-1044.2494,2,33.040561
-1044.219,2,33.060803
-1333.8767,7,33.060875
-1033.2623,2,33.08154
-2105.6443,10,33.081612
-816.7135,5,33.106566
2400.1846,62,33.106654
479.3604,33,33.120796
-2615.3264,6,33.120867
-2154.7788,11,33.135542
-1358.1807,3,33.149454
-2262.2356,14,33.149558
-1168.9612,34,33.22778
-1682.3491,20,33.227848
-1910.2766,22,33.227864
-2505.33,8,33.268836
-1032.9089,2,33.268885
-1686.7461,10,33.288543
-464.20184,16,33.327005
-1190.9736,8,33.340533
-1013.34686,3,33.340609
-1396.5264,10,33.340627
-842.399,14,33.362428
2544.1147,87,33.362523
4263.3647,114,33.376371
-1584.8169,23,33.376716
-102.7312,27,33.391569
-1044.2635,2,33.405246
-1958.469,8,33.445837
-1283.873,7,33.445918
-2197.658,30,33.470889
-1379.7598,7,33.50475
-1003.45233,3,33.527293
-1657.7034,12,33.64281
-362.0066,39,33.642916
-939.02594,7,33.698078
-2251.4004,15,33.698157
-146.06439,26,33.756051
-2671.0266,22,33.756126
-652.69055,58,33.812009
-978.65424,21,33.908984
-947.98694,4,33.909175
-1198.2648,23,33.909207
-386.63245,25,33.971573
19.42865,30,34.01282
-673.9924,19,34.025589
-980.37946,4,34.040878
1519.8052,51,34.075627
1015.76196,38,34.106432
-1352.277,26,34.10649
-1240.1852,10,34.106505
1640.5896,52,34.106511
-594.8984,19,34.122098
302.95374,46,34.122193
-1036.2472,42,34.122212
-1012.4649,2,34.133575
-1642.1338,13,34.163043
-2549.412,8,34.16311
20.055481,35,34.19655
-1127.122,5,34.196625
-1034.1498,3,34.209776
-1049.3468,3,34.244959
174.1264,27,34.307356
-2710.4517,15,34.344495
-1327.5792,12,34.344652
134.2522,30,34.374269
453.41144,35,34.402867
-749.7025,10,34.403087
-926.50085,5,34.435429
-2271.065,21,34.470795
-533.9908,13,34.528278
-984.35876,3,34.528526
-393.60114,38,34.543625
-1252.957,20,34.543832
369.56665,41,34.572208
-2005.6241,19,34.572305
180.75616,31,34.572327
-1471.7805,21,34.600433
-1187.2246,5,34.600506
-782.65735,7,34.60052
-1371.88,3,34.636959
-2848.9973,9,34.637065
1616.2776,69,34.637087
-1029.8158,3,34.637094
-521.0426,54,34.729432
-1355.3805,13,34.748121
84.98212,28,34.748215
-1266.9829,8,34.763703
-896.6022,6,34.763889
-1087.9462,8,34.785038
-607.7281,18,34.813301
-1062.7595,3,34.86506
-241.2641,33,34.900792
-1162.6781,21,34.900847
-1668.6533,11,34.900863
241.0946,26,34.900873
1444.3864,78,34.934218
-992.0026,6,34.934412
425.0666,98,34.957581
-387.6361,15,34.957673
-1046.305,3,34.99542
-2162.761,11,34.995514
-1044.2103,2,34.995536
-1008.8505,17,35.031165
-1830.6261,7,35.047387
-989.87744,3,35.04748
-1232.5822,21,35.064663
-1843.9463,9,35.07816
-1034.3481,3,35.137439
-1703.9312,9,35.159007
-452.78766,16,35.212898
-1323.8748,4,35.237307
179.75677,32,35.259315
-1611.0782,29,35.25941
2338.1816,81,35.280515
-1030.1014,2,35.296105
-1654.1179,7,35.329399
-1446.6794,26,35.329489
-1004.51416,3,35.375652
-813.41534,29,35.409264
1119.519,55,35.409372
-902.21466,5,35.434462
221.71283,40,35.434556
-987.53253,4,35.521384
-1346.3552,3,35.521479
-1045.4988,21,35.521498
675.14215,39,35.521505
-2507.3633,28,35.549706
-696.85986,14,35.549752
-880.89215,6,35.549762
-731.15326,13,35.549768
-320.948,26,35.654274
-1537.4595,5,35.654354
-1291.6238,5,35.654372
162.29828,32,35.67985
-981.1821,27,35.725262
-705.8905,42,35.764192
-1628.939,8,35.764269
-1025.0408,4,35.783789
-1024.2195,2,35.809607
-2276.3909,9,35.809687
-1083.026,3,35.847952
-768.5292,11,35.848089
-1475.3079,34,35.848102
-1036.6777,3,35.915183
-410.32538,26,35.915267
-1037.6511,3,35.915284
-1157.7844,6,35.92891
1704.4333,47,35.928999
2991.4343,85,35.944911
-1440.2444,12,35.944973
-851.6477,7,35.944984
-1023.7152,2,35.944991
-1032.3905,2,35.959335
-1028.8943,2,35.959398
246.5971,42,35.959413
-1039.3594,2,35.975619
-1275.0879,4,35.975714
-1664.1184,48,35.989156
-946.79565,5,35.989299
-1044.2001,2,36.02662
-983.85913,5,36.026699
-195.24939,28,36.080225
-867.4714,4,36.080676
-1292.7888,18,36.093829
-257.64905,20,36.108026
-1036.2512,3,36.132441
-1891.1788,10,36.132517
-1946.4033,6,36.158623
-1044.2635,2,36.187846
-1448.5332,26,36.244937
-2827.7607,13,36.245021
-1041.8391,3,36.245044
-1630.6318,32,36.261823
-1008.4858,6,36.279483
50.598206,43,36.316884
-1337.5043,3,36.316973
-134.52722,34,36.341372
-1035.5002,3,36.359643
-654.3089,20,36.429856
-815.4672,16,36.458632
-87.54962,34,36.480176
2733.0425,70,36.480245
45.80664,24,36.509441
-1027.6769,4,36.509539
-699.7837,20,36.531501
-828.978,10,36.531571
-918.29987,5,36.561071
-290.8747,29,36.588554
-983.3504,17,36.617765
-660.0428,22,36.617849
-1631.9607,16,36.617866
-1027.2407,2,36.652343
-2487.2612,27,36.65247
-666.621,32,36.680826
-1413.68,33,36.680921
-748.2849,17,36.693425
-2575.2422,22,36.693492
-1665.1655,9,36.716636
-981.7872,4,36.744079
780.38544,42,36.74419
3872.088,94,36.744219
-982.9207,4,36.831278
-1435.2479,6,36.844821
-1980.9595,10,36.857287
2602.7139,71,36.895424
-1393.3282,10,36.895672
-1777.1484,9,36.92913
-658.22754,15,36.929226
-1554.4174,16,36.96261
-1275.8425,28,36.962682
-1019.5922,2,36.982834
-1742.832,5,36.99775
-906.5257,7,36.997818
154.02289,36,37.011977
-1201.8486,9,37.012039
-1031.4073,2,37.031
729.2733,33,37.031071
-2450.4917,26,37.031098
1481.2273,71,37.031108
-648.28455,26,37.031112
-1007.6479,2,37.064597
-1174.2441,7,37.079019
-982.62274,4,37.095026
-1526.2767,12,37.095089
-1281.6477,21,37.095104
-909.28107,5,37.095111
-1883.8427,9,37.110567
-1040.7731,11,37.162423
-990.90155,5,37.176342
-171.2149,28,37.176413
-144.79926,31,37.17643
-1090.787,11,37.191434
-1927.2966,8,37.191567
915.4809,38,37.23103
94.620056,38,37.231124
-972.92065,28,37.245671
-882.3975,5,37.265406
-884.19464,6,37.265503
-1988.9712,17,37.265518
-2289.9563,21,37.27825
-1060.9568,3,37.278329
-3499.8887,13,37.278342
-1026.1394,2,37.298814
-1800.5125,17,37.298866
926.34125,41,37.298894
-608.9464,25,37.314062
-1257.2837,9,37.314146
-1747.3342,8,37.314165
-981.5456,4,37.340579
-1445.2307,3,37.340651
-594.6978,15,37.340668
-1587.9271,5,37.356524
-1407.8167,17,37.356596
-1638.041,4,37.356613
-2563.101,7,37.373673
-29.404907,22,37.373802
-1401.0491,5,37.400035
-927.19507,6,37.427822
-1069.6367,10,37.441507
-1304.0609,5,37.44158
-1153.6774,6,37.455473
-785.46,6,37.473928
-1034.2568,3,37.474083
-1469.8612,12,37.527057
-916.97833,6,37.540834
-1223.4426,7,37.556515
-763.45746,15,37.556601
-1537.0631,13,37.5947
-359.90765,14,37.621025
-240.24182,32,37.621107
-1030.3523,2,37.650622
-1066.1888,4,37.650913
-1029.3676,2,37.650946
-440.47522,106,37.666028
-140.92505,17,37.666137
-2379.3635,37,37.698794
-1039.9303,3,37.698851
-1371.911,11,37.714641
-1180.011,30,37.731133
-1022.71643,6,37.74533
437.36475,30,37.776179
-1111.9939,19,37.776238
1552.4104,66,37.776252
-2448.052,15,37.789813
-747.5782,22,37.806483
-460.95917,34,37.806583
-1578.0361,22,37.823697
-523.2848,17,37.823771
-1340.6732,3,37.823786
-1038.1998,2,37.823792
-946.88696,8,37.849442
-1030.1478,2,37.866023
1566.7039,51,37.866362
-1660.9956,5,37.866404
-714.9329,46,37.905606
-1445.2278,3,37.905704
-1818.4413,15,37.939438
-1442.2078,33,37.939498
-1515.1733,14,37.952902
-1066.6573,19,37.953002
492.22833,76,37.95302
-1361.0339,7,37.967613
-380.62518,28,37.967726
-255.20447,51,38.002673
-2597.3347,7,38.047532
-749.1433,14,38.047611
-1201.7246,5,38.047629
-2528.8755,8,38.065258
-1421.1334,8,38.082352
-1303.0906,26,38.082436
-751.1924,7,38.082466
-1104.7467,9,38.109277
-901.92474,23,38.132981
-1028.3953,2,38.133069
-3014.852,21,38.17779
395.53033,28,38.177859
-1683.8939,7,38.21185
-1027.7734,6,38.229516
193.19269,51,38.255241
-2038.3586,7,42.255654
-1723.9373,6,42.255786
27.422546,53,42.255877
-644.1437,25,42.274111
-768.4961,25,42.30909
-1030.6366,2,42.309264
-893.71454,5,42.325659
-1036.2985,2,42.325731
-1928.2122,12,42.325754
-28.013489,29,42.343971
-278.38953,23,42.344057
408.08862,38,42.344076
-1448.6914,12,42.394582
-774.7923,30,42.394649
-996.388,3,42.441424
-845.91956,6,42.441511
-1085.4258,18,42.453085
-1515.0659,5,42.475404
-10.505981,22,42.491591
562.13763,39,42.491685
-1019.0249,4,42.527617
-768.67773,12,42.568208
-727.08374,39,42.584193
-1028.0659,3,42.616939
-374.56604,29,42.617034
-2539.5881,18,42.629443
-1023.8132,7,42.642333
-1697.1846,18,42.65634
-39.699097,38,42.656404
-556.66675,25,42.656419
-1454.8472,4,42.691707
-1001.7748,3,42.705578
-209.21283,17,42.719633
-1089.1223,14,42.719716
-999.1568,3,42.739669
-912.784,6,42.739753
-1040.9375,2,42.752875
-1086.6202,9,42.752931
-1048.1353,3,42.779371
-733.49146,29,42.779429
-3244.427,18,42.779445
253.21906,44,42.805335
-568.67883,29,42.973753
-1029.8427,6,42.973843
-1875.7799,6,42.97386
-1301.367,5,42.973867
-1014.7847,12,42.993345
-1305.7126,4,43.040069
-1052.6487,8,43.040107
-653.6626,38,43.040116
-2132.6829,42,43.06209
-1380.4281,7,43.062165
-1254.6761,10,43.07684
-1747.3538,39,43.07697
-2512.7656,12,43.096537
911.4334,60,43.114053
-1038.1527,2,43.1141
-1182.1788,7,43.114111
-1239.513,40,43.130698
-327.8786,21,43.146979
-1314.6671,14,43.147055
-1131.1705,6,43.147072
-879.89026,26,43.178737
-1492.8073,7,43.1788
-1046.0433,2,43.178816
-1144.2909,3,43.178824
-1371.2524,13,43.191491
-1067.6329,2,43.209036
1670.5105,44,43.209151
-2118.79,7,43.229126
-1291.3823,8,43.229183
-1024.8152,2,43.24512
-990.82855,3,43.245212
300.98273,40,43.245228
-1062.2094,4,43.245234
-1174.6696,15,43.312541
-879.30206,6,43.325167
995.0615,44,43.345465
-565.83215,53,43.345563
-1680.9656,8,43.359462
-823.9923,21,43.380499
-1109.6177,18,43.398346
-2016.8053,5,43.411747
-982.7744,3,43.411816
-1394.2229,24,43.438391
-2020.1874,15,43.458592
-1341.9976,6,43.475163
507.98242,32,43.495173
-1020.53925,2,43.533319
-354.46198,24,43.533387
-1466.8901,52,43.559835
-1012.32,9,43.559912
-3203.1943,16,43.582156
-1142.4163,8,43.582208
-2421.2817,33,43.582217
-1781.1415,26,43.594364
-1181.702,23,43.614363
-1405.7069,3,43.614426
-1434.6147,4,43.642322
376.1278,27,43.642401
-540.8678,16,43.662227
-1151.0621,12,43.662283
-962.9581,5,43.662297
-1108.1407,4,43.67334
-1024.4965,2,43.6734
-964.9574,5,43.695666
-1004.8482,2,43.695748
-1416.7327,30,43.710966
-1036.6246,2,43.711266
-1313.7385,8,43.711294
-998.26324,6,43.779163
-875.3906,5,43.779236
-1465.7179,8,43.793661
-1141.5779,9,43.793704
1200.647,41,43.793715
188.45233,43,43.793722
-992.34485,5,43.869923
-826.0277,34,43.883304
-2061.9656,12,43.883358
-614.2467,17,43.896916
-1204.2943,17,43.911266
-1798.09,8,43.91134
-664.87744,11,43.94509
-820.295,11,43.945151
-158.61945,40,43.979849
-1433.1143,6,43.979931
2264.4878,64,43.992308
-933.7803,19,43.992362
-2260.257,13,43.99239
-793.93024,7,44.011882
-1124.5232,3,44.02242
-1340.6116,3,44.048422
-201.52332,80,44.12903
-1328.5977,9,44.142014
4454.5835,111,44.154731
1221.0486,45,44.190135
337.88763,43,44.203393
1085.0708,39,44.203445
-1481.5652,11,44.203457
-328.81665,27,44.220918
-878.0851,5,44.24149
-1337.6711,3,44.253055
56.20984,47,44.267122
-1491.9829,55,44.282694
-1947.7704,5,44.282761
56.668213,38,44.282777
-963.12756,6,44.294874
2303.667,68,44.308684
-1065.137,2,44.308773
2202.7285,72,44.308791
-994.05914,3,44.321559
-968.1946,5,44.321629
-954.98413,2,44.339425
-1308.1973,4,44.339503
-943.1992,8,44.388064
-84.659,31,44.410227
-1019.29974,5,44.410328
-1419.2012,5,44.423586
-1134.6475,8,44.436296
-1905.1235,13,44.436371
-1039.137,3,44.44953
-724.4167,8,44.461565
-1438.7037,9,44.461641
-660.1035,11,44.477623
144.43951,38,44.477699
-960.47003,4,44.477718
-959.39386,6,44.490436
-1042.5591,2,44.490511
-1322.3583,34,44.524378
-1032.8287,3,44.524482
-1968.0479,15,44.524515
17.494019,37,44.548581
-1001.54443,6,44.562954
-910.52515,23,44.563056
-972.38153,13,44.574146
328.73944,34,44.574226
2524.273,68,44.597444
-687.8909,9,44.597512
-1034.2933,3,44.610617
-3039.6997,11,44.610687
-1963.8182,31,44.641793
-1025.5298,2,44.641852
-1549.1018,4,44.654668
-984.6831,4,44.654779
-1279.3701,4,44.680908
-1036.2188,2,44.68098
-1768.6826,19,44.711495
-1044.2635,2,44.71156
-2342.6492,11,44.711577
-1685.8542,12,44.739957
954.8377,54,44.740034
-469.96918,16,44.754118
-1428.5922,6,44.775716
738.1053,59,44.775797
-1284.119,20,44.788734
-849.54694,6,44.801405
-1012.0293,7,44.81763
974.35345,58,44.83092
-661.27625,21,44.830983
-912.279,5,44.830998
-1075.4731,2,44.84691
-4361.1885,13,44.865584
-918.0791,4,44.894035
-1107.0992,50,44.894105
-1851.5496,26,44.908145
-805.23663,6,44.929698
-1681.2332,30,44.947002
-1016.9621,3,44.94707
-867.9602,7,44.971704
-1439.8936,12,44.988511
2803.4802,69,45.004572
-2236.2986,10,45.004638
-2476.7463,15,45.004653
-581.52496,17,45.027306
-1037.9032,2,45.027374
-1250.1458,7,45.038754
154.67328,33,45.063637
451.57446,62,45.063727
-1013.4985,4,45.063751
261.1952,24,45.082268
-731.6684,33,45.082339
-1294.8796,42,45.082358
-767.34406,19,45.082366
-1949.5237,7,45.098435
-1305.418,4,45.098498
-1358.4448,3,45.098515
-1779.5687,72,45.098521
-1018.4641,2,45.111898
-231.23566,30,45.111992
-2157.3076,18,45.112016
-950.78357,5,45.139127
-900.94086,32,45.151299
349.12152,29,45.177311
-1628.346,8,45.177412
-967.2124,8,45.192634
-1159.1788,7,45.192702
-2484.4712,20,45.204914
-1637.6992,9,45.224753
-1275.5254,20,45.239685
-1664.9033,11,45.23976
-428.68958,16,45.239772
-2595.5818,11,45.254068
-774.81665,8,45.342774
-1509.2963,6,45.354801
-1053.605,11,45.374748
-459.4172,16,45.374826
-608.89,27,45.407328
-546.5879,22,45.42665
-259.19067,24,45.426722
-706.5991,34,45.438604
-1085.8569,7,45.462006
1785.1082,45,45.462109
-1164.7582,16,45.462128
-1447.925,23,45.487317
-905.30176,25,45.487382
-887.0921,8,45.487401
-1047.1216,3,45.500182
-2211.9822,16,45.514434
-1072.8274,6,45.514496
2257.1208,71,45.525756
-1905.7599,4,45.541226
-1015.23376,4,45.592954
1402.8018,44,45.607577
-837.32874,27,45.634467
-1078.9058,8,45.646416
-1723.5503,34,45.646464
265.25983,25,45.660069
-1245.2339,16,45.660129
-996.1671,19,45.660143
118.71814,27,45.67257
-1288.4604,4,45.704227
-1057.8092,4,45.720122
-1251.5997,5,45.720192
-2495.9187,15,45.734048
-1013.1529,2,45.759633
-1518.0847,9,45.792971
14.685669,24,45.80617
-2359.456,47,45.832681
-1057.3973,11,45.832756
-821.7202,8,45.832773
-2251.5562,8,45.845707
414.3565,46,45.878829
-959.762,5,45.894948
-1025.8937,5,45.91751
93.68451,28,45.917581
-842.0009,33,45.964035
955.3837,31,45.964107
-1598.6165,8,45.976388
-40.614258,35,45.976462
1447.4799,50,46.003454
-2384.1636,7,46.003517
-2095.5923,15,46.003532
-996.54565,2,46.027788
-981.1264,4,46.027864
-1643.3125,8,46.027882
-1338.8542,3,46.041311
-1034.664,2,46.062223
-884.14703,37,46.062294
704.26733,30,46.086806
981.0002,40,46.116219
-972.3115,5,46.116531
-1037.2358,2,46.116557
-345.59247,35,46.131005
-1094.9711,50,46.131098
-1588.9111,13,46.144433
-475.87335,29,46.159799
-1306.7965,4,46.172664
-1259.502,9,46.190313
-925.083,22,46.211484
-1301.9049,35,46.211576
-1349.4832,13,46.225446
-3247.2456,22,46.241825
-1016.8223,2,46.241902
-941.52795,4,46.256706
-931.72595,3,46.256774
-1445.0408,30,46.294204
-982.8989,3,46.304779
-1024.3885,2,46.327466
-1466.7029,11,46.327558
1663.22,77,46.341649
1990.8832,61,46.341739
-1045.9783,3,46.357244
-1173.0537,25,46.357324
-1028.3164,3,46.378254
-943.38055,3,46.37834
-893.0702,22,46.378357
-1314.4454,24,46.378365
2048.1392,74,46.392599
-973.31305,3,46.410517
-2910.2654,10,46.410606
-970.4604,4,46.445461
-1141.1904,8,46.487422
-910.5185,18,46.487514
-1045.4501,3,46.516906
-868.2766,15,46.517108
-1854.4575,16,46.581627
705.37445,46,46.649238
-2112.972,14,46.685873
-1265.5925,6,46.685976
-1026.1888,2,46.733101
-625.05615,15,46.745838
-697.7766,8,46.745913
-1202.9509,9,46.745927
-2399.3853,4,46.75787
-1766.9392,17,46.772638
468.80872,66,46.772753
-1023.4637,2,46.802297
-1989.896,11,46.817076
-2318.722,18,46.817148
1103.0073,57,46.817176
-1717.3801,4,46.886013
-919.3229,4,46.886108
1005.7552,40,46.908082
-846.44385,5,46.908145
775.68317,42,46.920982
1503.7332,42,46.933971
-1052.5854,4,46.948973
-1354.3024,4,46.981874
-905.309,5,47.009321
-934.5492,8,47.009381
1099.4534,47,47.033149
-1627.2543,10,47.053374
-1206.4442,11,47.068236
-1258.4304,45,47.068309
-2329.2847,21,47.095835
-1552.6768,4,47.144798
-2817.4756,5,47.144867
-198.73523,30,47.163622
-1296.2983,10,47.177522
-1044.223,2,47.177604
-962.36096,3,47.219055
-3174.3594,11,47.231308
-1380.4918,9,47.243458
-971.25037,5,47.265204
2537.175,69,47.293861
1464.3549,66,47.316521
-1028.3746,2,47.329942
-1304.5045,50,47.345132
76.89496,25,47.358232
-1346.6523,3,47.387428
240.79266,40,47.387484
631.09625,39,47.387514
-514.11926,24,47.413915
-819.1584,57,47.41401
-1648.3813,15,47.427118
-2622.0117,10,47.427179
225.41357,40,47.427195
-557.2814,57,47.439734
-106.6178,52,47.458543
-935.50586,5,47.458626
-1753.5275,10,47.472846
-1034.0491,3,47.499749
-681.9454,8,47.499849
-2357.2554,28,47.524695
-1440.409,7,47.524758
93.85211,50,47.544211
-1688.9253,13,47.561034
18.01184,36,47.56113
-1044.9838,9,47.561142
1756.1265,67,47.57399
-1290.4666,6,47.590487
-732.893,14,47.590562
-1008.7322,3,47.590588
-1465.9785,5,47.615613
-1012.1481,2,47.629004
-1585.2919,12,47.629094
-2196.4924,15,47.641487
-1874.3923,13,47.679737
-993.88354,4,47.694598
-1396.9335,12,47.694669
-526.7025,15,47.69469
-1032.977,4,47.694699
-69.824585,29,47.713695
-1251.6567,6,47.713785
-2194.0386,61,47.726516
-1008.9529,2,47.72662
-1158.937,12,47.772408
914.885,35,47.790171
-1195.9613,6,47.859946
-1273.3844,15,47.860011
-1369.1072,6,47.884056
-1020.2865,2,47.91186
-1809.2241,16,47.941072
-2461.7283,17,47.941203
-1350.2296,3,47.966975
-2048.0762,6,47.967159
-1038.5955,3,48.001468
-778.3248,33,48.030723
-1577.3417,14,48.030823
-270.57678,37,48.03084
-1761.2765,9,48.047948
-224.5722,19,48.048037
-1178.6975,13,48.061013
3723.2024,120,48.101539
-1031.7292,3,48.101693
-889.36456,4,48.101716
-1032.9092,4,48.101722
-1027.1058,5,48.119034
-1070.5771,10,48.133614
681.11914,77,48.150269
-1615.9803,13,48.150332
84.54614,23,48.163115
-1266.0807,5,48.181764
-1044.5073,3,48.192909
-1802.7286,25,48.192982
-1246.0294,6,48.207298
-1788.7966,13,48.207392
-134.97418,17,48.226304
-1048.2799,2,48.226376
-1544.6609,6,48.252934
-944.94525,5,48.269679
-709.1975,36,48.283455
-1703.6451,33,48.331195
-329.99237,42,48.33126
-958.6329,5,48.344616
-1546.5007,34,48.357372
1706.4438,64,48.374991
-970.16364,19,48.398905
-1646.262,9,48.399183
-1032.7356,2,48.426572
-756.0116,15,48.426665
-912.532,9,48.439851
-1433.7728,6,48.490696
-992.5764,10,48.490768
-1027.6177,15,48.490787
-1817.6284,5,48.509118
4279.8623,77,48.509174
-1019.06067,5,48.534615
1163.1425,42,48.534693
-1354.414,3,48.556097
-1039.6152,3,48.55617
-959.77795,3,48.634019
-871.1998,29,48.634076
-1344.5088,15,48.634092
-1759.301,13,48.634097
-990.40784,3,48.707101
-373.7774,27,48.733759
-1279.7402,7,48.733842
-1393.4949,6,48.785544
1281.5599,35,48.785628
661.2254,36,48.813702
-129.07916,29,48.813801
-1029.1547,2,48.827281
-1005.86066,4,48.827349
1207.1802,65,48.850489
-1044.2635,2,48.864126
-1772.1172,7,48.886781
3543.7793,76,48.886858
-898.757,16,48.886876
-917.2624,4,48.913191
-1038.6943,2,48.926788
-940.8507,13,48.92687
-1215.1472,17,48.926887
-3598.4724,14,48.951763
-644.88055,46,48.951843
-1257.48,8,48.965414
-995.1747,4,48.96549
-4468.3887,31,49.002661
-987.11914,3,49.002736
-1248.8491,5,49.02307
-582.1997,28,49.02313
-1606.4631,12,49.023145
-1782.333,4,49.050147
-1810.4385,12,49.050207
328.61157,38,49.050231
327.16998,41,49.05024
-1000.16626,5,49.099674
-1008.7276,4,49.111804
-954.08984,7,49.130212
1995.242,61,49.130286
-919.1584,7,49.144881
-1078.0236,7,49.161346
-1682.94,15,49.161408
281.27325,30,49.161423
-511.08176,33,49.176375
-1471.7172,4,49.208811
-2057.2314,10,49.208876
-1048.9044,3,49.208892
-921.95435,20,49.208899
-812.304,21,49.24507
-992.5904,3,49.257825
-1054.5758,18,49.277924
-1656.7513,10,49.277989
-1016.4275,9,49.278004
-1092.6082,20,49.292367
-750.4793,12,49.292447
-948.7172,4,49.307204
-1427.3315,5,49.383684
-1001.0008,7,49.401842
751.7541,56,49.401945
-614.57043,30,49.454147
123.2702,47,49.454208
-30.228516,17,49.47864
818.3543,31,49.526575
-1345.9142,3,49.568461
-1500.3063,6,49.593689
-134.84155,29,49.607056
-353.57867,24,49.645001
-527.7606,15,49.645072
-1099.4517,24,49.668351
-1564.7385,23,49.681824
-277.2918,21,49.693661
-711.1961,11,49.693738
-1607.0383,11,49.70613
1090.1653,42,49.725403
-25.271301,20,49.785402
-1686.8126,8,49.78546
635.2078,56,49.785489
-586.22644,14,49.8004
-1031.9229,2,49.815692
2159.6475,88,49.815792
-1452.4254,28,49.815812
-826.38495,39,49.839782
-1691.7935,35,49.855073
-1025.919,2,49.871053
-2481.2227,12,49.887402
-1377.5713,21,49.887478
-893.14,13,49.887495
-258.07068,33,49.90204
-1477.6467,27,49.902092
-1002.5664,2,49.914856
-1942.1628,7,49.914925
-1119.8329,18,49.914942
-575.3645,23,49.951496
-67.558105,20,49.951577
-1028.3837,3,49.951596
-1039.0044,3,49.951603
-1510.763,12,49.964191
-1262.705,5,49.964246
-987.7348,2,49.976465
-1712.6621,9,49.996318
-1282.7104,7,49.99638
-1041.5409,2,50.008975
-1521.0496,13,50.009047
-1836.5591,22,50.15189
-925.5714,5,50.151954
-1379.638,32,50.165354
-1166.8715,4,50.198805
-867.6145,10,50.19888
-1103.9619,18,50.213123
-926.54346,4,50.225205
-358.35352,51,50.225252
-984.37134,5,50.225264
-1043.1792,3,50.240433
-1014.68756,14,50.26861
-47.250977,64,50.268687
-1552.3954,9,50.282327
-1339.3112,12,50.282404
-618.3801,20,50.305882
-1054.3845,3,50.318104
-1475.7604,5,50.318174
-589.18365,32,50.330539
-2082.3652,36,50.346619
-1594.1042,7,50.41634
-365.37323,28,50.454893
-1911.2924,11,50.468133
-233.33936,25,50.481986
-1023.4484,2,50.482061
-931.6121,20,50.482078
-1264.4634,66,50.496452
-2741.433,12,50.511452
3562.469,81,50.511513
-831.40796,13,50.511526
-3975.1362,18,50.524077
-1000.3949,4,50.546936
-947.0777,6,50.576551
-880.7579,6,50.591265
-1933.987,23,50.591329
-2168.0642,14,50.616271
495.9859,36,50.616326
-1729.4915,11,50.629076
-896.175,5,50.646032
-1059.0514,4,50.646114
340.0069,53,50.686815
-1526.8079,11,50.699049
-3886.8347,38,50.699113
449.77045,40,50.699129
-1243.1112,7,50.710774
-1517.095,10,50.723824
-1024.7363,2,50.723901
-1220.6074,18,50.742124
-738.2135,17,50.756922
42.229248,43,50.827097
-1393.1321,14,50.843714
-676.9607,13,50.877096
-1342.3425,18,50.877182
-56.053833,46,50.899851
-686.45935,25,50.89991
-1042.43,18,50.924457
-1681.8761,43,50.955101
-271.60406,28,50.955193
-943.059,6,50.98112
1220.8718,51,51.01669
-1322.73,6,51.016742
-953.0259,5,51.040971
-945.208,23,51.094158
-180.98376,39,51.138854
2466.2554,57,51.138913
-1379.0969,13,51.138927
507.60297,32,51.152771
-1530.9917,9,51.186681
-1879.3512,62,51.18697
-1942.81,14,51.199641
-947.528,5,51.212391
3822.0898,84,51.212461
-908.7347,5,51.21248
-2035.7479,15,51.247197
-183.17816,32,51.247238
-1555.3096,4,51.266846
-1466.0305,5,51.266954
129.4242,35,51.291091
-1422.0492,9,51.291362
-2273.1582,21,51.30538
-1052.0035,2,51.334331
99.44476,33,51.334391
-143.06378,26,51.346525
1830.6746,81,51.346627
-2047.7202,37,51.359323
-946.4543,4,51.359381
-1556.1914,6,51.374936
-1188.5226,14,51.395825
-1041.1038,5,51.396126
-1930.8287,28,51.409312
-1095.2548,40,51.409417
-1061.7896,5,51.409436
-17.488037,19,51.409444
-1169.3354,12,51.429024
-1716.8525,4,51.467721
-1009.19543,3,51.467794
-649.36096,12,51.467822
-755.54846,12,51.467829
-974.1314,5,51.482331
-818.9703,15,51.4824
-1622.582,7,51.482429
-1014.4363,5,51.501333
-991.59357,3,51.516558
1838.2062,46,51.530913
-1032.5006,4,51.548781
-1359.1493,4,51.548848
-960.9329,4,51.595334
1593.8217,35,51.595429
-986.5021,3,51.595448
46.478943,24,51.621328
-3904.9812,14,51.636856
-1465.1216,22,51.636916
-884.1119,4,51.659593
3233.5474,100,51.659689
-1209.5105,11,51.659708
-1256.3599,49,51.684506
-1360.6785,11,51.684585
-1483.0253,19,51.6846
-888.8532,6,51.701136
-741.02765,16,51.701214
-1754.9197,19,51.701232
-1502.416,5,51.735534
-1037.1713,3,51.73561
-516.0724,17,51.735626
-1044.4624,8,51.75075
-1707.3403,10,51.750804
-875.19525,7,51.750818
-55.04474,27,51.761402
-924.9021,3,51.774094
-1768.2402,9,51.789445
173.21466,21,51.789514
-1425.1521,7,51.789532
-1054.7407,8,51.789538
-1991.762,9,51.803311
-1030.7673,2,51.814647
-943.7888,5,51.828559
-1573.8728,21,51.828675
-1000.02167,14,51.839578
-1153.7324,14,51.854604
-1902.3612,8,51.854711
-1384.8518,26,51.85473
-1463.3657,11,51.878181
828.87744,45,51.899102
-859.0335,34,51.943559
-881.8656,5,51.943633
-468.3905,16,51.999025
-18.132935,40,51.999145
929.23834,40,51.99916
-1776.5569,20,51.999167
-924.27216,9,51.999172
-774.06476,17,52.055074
-2559.9756,15,52.079358
-966.33356,3,52.079456
-1503.8282,11,52.10776
-1968.6678,6,52.107893
-1046.2866,9,52.107914
-1960.4431,7,52.136236
-1032.9803,2,52.147681
690.3317,26,52.164732
-1052.4839,19,52.182374
-1687.4731,36,52.182449
-1071.7913,3,52.182466
-262.41412,18,52.198536
-1700.97,8,52.221453
-1204.3969,10,52.221526
-1132.5139,5,52.23718
-552.6145,15,52.237444
-3773.7708,23,52.272779
-1068.4475,9,52.272832
-1856.3319,5,52.289443
-2782.7358,15,52.304327
-1010.2463,5,52.30442
-1330.1831,12,52.304435
-1032.0704,2,52.304441
-980.64484,12,52.325308
-1322.358,5,52.325376
-1582.9578,4,52.369038
124.766785,34,52.384903
-1240.9719,10,52.398008
-1318.3433,8,52.433972
-1610.7542,13,52.44695
-1957.6499,16,52.447015
160.08185,89,52.447031
-663.6041,22,52.468675
103.359314,33,52.482866
-1487.9043,26,52.482948
-516.35486,20,52.508128
66.44153,22,52.527476
-1027.7273,7,52.542379
-789.45325,13,52.562539
-1527.6935,18,52.562588
-981.3794,5,52.562598
-980.60974,4,52.576962
-2714.921,17,52.604302
-1502.1007,9,52.634
-329.10626,21,52.693938
-1027.8011,2,52.75803
-275.85767,40,52.82331
-1130.9901,15,52.844399
-776.5404,18,52.859514
-566.0963,11,52.85985
-628.0267,19,52.889267
-1071.6862,15,52.921019
-1252.4353,5,52.967747
-1140.0226,31,53.026797
-1666.7621,5,53.026869
109.09418,38,53.026885
-1006.5162,5,53.110615
-736.7803,15,53.110713
-2070.6086,33,53.287865
-1650.8035,7,53.357519
-953.91644,12,53.357586
525.6478,63,53.402242
-868.0239,5,53.40231
-323.54303,18,53.443406
-1451.8928,7,53.496134
-568.76636,22,53.496209
56.836548,23,53.521392
-950.7536,5,53.541162
-1025.5276,3,53.560673
-1214.335,9,53.560767
-617.8579,37,53.560785
-851.7755,13,53.593816
-2096.381,12,53.626866
-736.25745,8,53.677161
-2207.3728,9,53.677277
-1865.8567,6,53.701107
-2015.3751,15,53.731283
-2179.5308,29,53.731359
14.372131,38,53.731372
-1687.5994,7,53.757416
1663.8882,74,53.840061
-743.12946,22,53.873923
-1607.0559,5,53.873982
767.70575,80,53.873997
-1545.7351,6,53.895756
-426.6046,19,53.915126
-2099.1401,8,53.915195
-1502.0183,8,53.945322
-820.48535,14,53.945405
3986.6707,83,53.969217
-1187.4048,13,53.969273
-1003.6004,4,53.969287
-971.44336,5,53.995908
-1023.36597,2,53.996003
-2008.0973,8,54.033999
-1321.4077,4,54.034094
-2662.7634,25,54.071265
-1035.3279,2,54.071332
-2356.7344,7,54.071347
-1287.4374,9,54.096633
-58.056885,25,54.113581
-1432.2972,9,54.169362
-979.69037,4,54.169413
-990.2201,3,54.169422
-1303.0625,5,54.202724
-994.49475,3,54.202934
2116.6086,62,54.228769
227.89746,28,54.228947
-3344.251,12,54.255792
45.22461,41,54.256003
-1018.9818,4,54.291204
-1588.9415,5,54.291371
-2029.5508,13,54.344604
-36.63556,27,54.344676
-994.78064,4,54.376368
-157.39514,20,54.41269
-1718.9292,12,54.439029
-308.32593,33,54.45315
-1445.664,22,54.474016
-835.9164,12,54.474064
-1022.01074,2,54.474087
-1695.8333,26,54.496905
97.64453,25,54.521249
-553.2953,15,54.521317
-732.3352,18,54.558225
-1042.995,3,54.609761
-1210.6586,15,54.609844
-2753.7021,7,54.609864
-1382.206,10,54.621697
-1068.0573,18,54.65125
-1042.4365,4,54.666886
-2003.2091,12,54.666975
-1760.5005,41,54.694317
-1299.5151,11,54.694382
-926.1271,4,54.739556
-1463.0999,6,54.766595
-1000.5973,6,54.801935
-582.20386,19,54.82597
-1287.916,23,54.841461
-1037.5284,12,54.841554
-774.5414,11,54.872856
2428.1934,71,54.888839
-1026.0916,2,54.902044
-1389.9893,9,54.902103
-119.495056,41,54.956987
-955.0357,8,54.982734
-285.28528,22,54.982826
-1002.08453,5,55.016103
41.680847,44,55.080243
-1475.275,6,55.080362
2972.7192,65,55.137884
-1312.2075,11,55.137952
-2954.83,38,55.159528
1204.8577,42,55.229278
-883.78784,7,55.241721
-1708.5612,6,55.269844
-506.94092,33,55.285634
-1483.111,15,55.285734
-1607.6204,4,55.285757
-1656.4565,42,55.302155
-1250.6958,22,55.302222
3544.0503,121,55.302239
-1025.3948,20,55.302245
-1010.43005,3,55.332194
3835.828,82,55.332252
1042.2384,62,55.332267
-1774.209,10,55.332275
2794.7505,58,55.332281
-817.184,9,55.332287
-1945.1873,13,55.358408
-927.0876,5,55.378124
-935.2367,16,55.392322
-1184.6748,9,55.403713
-39.220215,42,55.418842
-22.427002,35,55.432812
-1115.5272,6,55.463312
-1246.8009,10,55.476689
2016.6094,91,55.47676
-658.84033,17,55.492892
-1003.90344,2,55.492978
-1268.8496,6,55.508544
-2747.7896,13,55.52076
-1031.0338,3,55.520818
-1073.3195,15,55.520833
-1016.94745,2,55.546278
-1043.1411,2,55.54636
-1100.9594,15,55.54639
-1235.5549,15,55.546399
-801.27386,14,55.573257
-1342.2031,17,55.587594
-1414.4434,6,55.600244
-1960.6917,14,55.600317
-1174.5583,31,55.624647
-1229.3422,5,55.624714
-1298.0831,6,55.651937
-869.6404,24,55.652025
3.8128052,25,55.652043
-554.2071,37,55.667304
-924.19934,13,55.69465
-3131.6177,37,55.69478
-995.882,3,55.712741
-299.14252,28,55.740836
-1595.4847,5,55.75709
-1336.5269,10,55.757148
-1119.1768,7,55.757178
1195.1765,80,55.757185
-977.8953,4,55.775026
-944.014,4,55.788476
-351.67352,26,55.821751
-1006.5312,2,55.852677
-803.1786,7,55.85279
-895.5413,6,55.852809
-1592.3146,9,55.852817
-2113.6558,26,55.852822
-1024.469,2,55.889544
-1666.0127,9,55.907642
-1081.833,39,55.907729
-787.2016,8,55.907746
-1240.3685,11,55.937145
-865.5326,3,55.950768
-149.39288,29,55.950858
2702.1821,147,55.95089
467.8105,40,55.966001
-876.8688,5,55.986742
-1242.4257,8,55.987068
-583.75165,30,56.026821
-1577.94,16,56.026956
-2462.9873,8,56.026995
-1053.8036,3,56.049273
-1116.5283,6,56.049337
-2223.284,4,56.0675
-487.073,27,56.067546
-1146.2306,16,56.067557
-1419.7714,5,56.067563
-1348.4967,3,56.082687
-422.6053,24,56.108522
-1024.1205,2,56.108617
-1025.1979,2,56.142969
-2634.94,6,56.160015
-975.4457,3,56.201082
-1384.6162,17,56.20127
-918.3505,5,56.201294
-1137.1718,14,56.2013
-392.15118,33,56.230299
-1418.5027,3,56.230536
-1044.2378,2,56.265069
-224.64124,21,56.32773
-867.3437,15,56.327871
-1163.3455,14,56.443469
1046.7668,44,56.457856
-1488.4364,17,56.472857
-1044.2635,2,56.485662
-720.39294,44,56.567281
-1075.1868,3,56.56737
529.18335,29,56.686814
-1205.0844,35,56.686936
-748.51697,26,56.746373
-1003.70935,2,56.746515
2633.7878,55,56.746533
-256.0633,21,56.746539
-1315.2976,6,56.746543
-1462.2568,6,56.843705
-930.86194,5,56.860991
749.13715,30,56.861074
8.128174,22,56.889562
-2209.4805,25,56.889631
-994.65906,22,56.889648
-578.84595,16,56.889654
-2602.2058,61,56.88966
-2593.436,27,56.918096
-141.74182,30,56.918203
-1034.3333,3,56.93764
-850.3723,34,56.951866
-938.1687,4,56.961829
-2021.7882,31,56.98122
-1044.2389,2,57.000794
-1023.8301,3,57.000856
-1117.9386,7,57.015002
-1665.9951,8,57.038592
-1150.3953,9,57.050588
-1589.1812,5,57.07194
-1631.4719,9,57.072024
-994.6316,4,57.087063
-667.0209,23,57.087168
-1524.772,10,57.104513
-1904.0808,79,57.133244
-1019.3513,21,57.150684
-1817.9681,7,57.183108
-3123.7317,19,57.233348
-950.5192,5,57.262326
-1572.5858,6,57.262428
-1736.7957,15,57.291846
539.2691,39,57.291936
-859.8493,28,57.320442
-1005.1176,4,57.346461
-966.1959,4,57.34652
-983.91724,4,57.36676
-1527.3477,14,57.366841
-118.48108,49,57.366858
-687.46326,27,57.366863
-1160.2308,4,57.366869
-1323.4734,25,57.392836
-493.31827,16,57.434711
-978.0576,3,57.435042
-993.2928,3,57.435086
-768.7855,20,57.435097
-984.4733,6,57.435102
-1047.1025,2,57.466861
-886.2829,6,57.490233
-991.32635,3,57.490316
-1169.3776,14,57.519005
2743.9692,72,57.547126
-542.5769,41,57.54718
-1044.2635,2,57.547196
-1449.9562,12,57.5682
-2685.3523,12,57.588775
1175.2415,63,57.588872
-1135.1903,10,57.603207
-1058.866,3,57.603271
-996.67773,3,57.6164
-871.4341,4,57.616464
-979.4786,5,57.630476
890.2039,30,57.649267
1190.4127,67,57.662684
-1438.801,5,57.662741
-1090.9463,3,57.662755
-1147.6726,15,57.685702
-1038.796,3,57.68578
-1011.9198,5,57.685796
-832.2231,8,57.709861
-985.5316,3,57.731938
3056.995,101,57.74735
-1420.6506,10,57.760138
-1005.557,2,57.780596
-97.276855,45,57.845403
765.45306,57,57.845511
-1118.7808,9,57.882734
-996.42334,10,57.882825
-75.12097,30,57.941713
-1110.4696,6,57.941789
-773.3076,24,57.941805
-1586.1147,6,57.95552
-1080.2349,3,57.955609
-1023.90173,2,57.972363
824.4781,46,57.972436
-1297.5898,30,57.972455
1483.2222,47,57.972463
-787.9887,13,57.972471
-995.13885,5,57.986777
-931.10504,6,57.986854
-1034.5433,2,58.000193
-1069.8961,2,58.000254
-1038.265,2,58.000273
-1152.9152,6,58.031349
-1095.2878,4,58.031446
-951.9098,4,58.047144
-1732.3584,19,58.047238
-1600.5293,31,58.067641
-817.7407,8,58.079116
-1034.8889,3,58.079182
252.32318,35,58.079198
-1025.3082,3,58.092191
554.2447,65,58.092246
-1046.611,2,58.120419
-1034.2491,5,58.132802
-924.5945,10,58.145652
-232.86145,27,58.145729
280.24237,30,58.159734
-1861.5286,18,58.159819
-985.3176,6,58.178687
-744.48663,15,58.178765
-977.37164,25,58.178782
-2481.0042,45,58.178789
-1116.89,11,58.209828
-1394.9642,9,58.209908
-1061.616,32,58.234537
-1086.5144,21,58.30894
-1051.3956,3,58.30898
739.142,47,58.320956
-1024.5283,2,58.334359
-1132.8407,11,58.334427
-2764.8428,13,58.347835
-1590.7668,11,58.34791
462.7096,64,58.362912
-817.7279,13,58.363203
-1668.9983,10,58.394703
270.39722,26,58.4236
-755.54297,24,58.453071
-1337.5475,3,58.453137
-1097.2963,6,58.45315
-1756.1344,27,58.487634
219.48969,27,58.487734
-2830.8855,15,58.48777
-583.51965,25,58.73815
-1366.3629,8,58.79214
-382.0573,27,58.792267
-776.6229,26,58.849146
-870.35205,12,58.84921
-562.055,15,58.849227
-930.17255,48,58.921181
651.01117,40,58.921272
-209.43298,24,58.921289
-933.36304,22,58.921295
-1192.4938,13,59.011038
-2359.5073,18,59.011129
-1019.448,2,59.079801
-1783.4429,7,59.080189
-1028.7844,2,59.13585
-956.2046,10,59.227857
-995.02045,5,59.227944
-1866.4738,12,59.293073
-783.26013,21,59.293154
-1065.8412,2,59.293172
-900.0156,15,59.327622
-294.69147,24,59.352027
-140.15143,30,59.387707
731.1183,43,59.501499
-1681.4655,33,59.532885
-1171.3407,26,59.532967
-858.1269,8,59.532994
-1535.4834,7,59.562486
-2081.1394,11,59.584693
-903.722,23,59.584808
-287.70953,29,59.618041
-1005.55084,11,59.618165
639.5068,37,59.648623
-1029.2731,2,59.648735
-1378.3164,30,59.67524
-575.4983,28,59.675306
-2514.815,16,59.700205
-365.31708,38,59.700686
-1301.8132,7,59.722942
-1776.4558,3,59.723004
1040.0068,40,59.735234
-933.58093,5,59.767267
296.9422,27,59.793573
-1007.41254,23,59.8066
-1137.4393,8,59.806694
-944.4316,6,59.806708
-1474.0728,14,59.827351
-1207.9584,6,59.843991
-1565.7661,14,59.84408
-351.49146,18,59.87574
-1172.5198,5,59.875855
-1052.9393,4,59.897959
-891.4308,9,59.89805
-2024.94,5,59.920093
-895.93616,5,59.941907
-1305.2058,22,59.942004
3414.6846,66,59.942028
-1126.035,13,59.969553
-1877.9617,16,60.033668
338.3329,42,60.068033
-858.4873,8,60.090964
-1042.8247,2,60.10596
-727.1838,11,60.120227
-279.5484,29,60.132682
-2707.8816,9,60.147441
-1085.6,12,60.168534
-1149.5068,9,60.168613
-1264.3601,17,60.189196
-1300.6252,4,60.213252
-754.3839,8,60.213328
-365.17413,20,60.282284
-925.4231,11,60.317003
-901.3411,6,60.330073
-3198.2566,11,60.330142
-1955.3275,19,60.330162
-1021.12756,4,60.352321
127.97156,37,60.368655
15.657043,23,60.384285
-2731.5344,25,60.398335
-920.40094,4,60.39847
-1319.5989,4,60.398495
-870.3273,6,60.416197
-1770.4916,6,60.430007
-1065.235,23,60.442703
-1038.919,2,60.457424
-1787.1355,19,60.485503
-1008.40015,4,60.500357
-1308.2117,31,60.526654
-1758.1436,4,60.526839
-848.4606,11,60.541335
-1001.08966,3,60.552992
3721.4182,82,60.607466
4437.304,103,60.633022
-827.59766,9,60.633338
-1090.4495,7,60.670448
-857.70514,51,60.699095
-2217.9365,35,60.748221
-1205.5261,8,60.748298
2653.12,93,60.748315
-1146.8331,21,60.823954
-2187.8862,7,60.906135
424.53973,34,60.906228
-1163.1561,6,60.944854
-1825.0957,7,60.945177
-1061.511,5,60.945208
-1223.7407,50,60.98372
-1046.9272,4,61.0577
-1204.5859,8,61.057811
-293.95447,40,61.09234
-459.31232,30,61.092426
247.82129,27,61.092453
-1012.0086,2,61.119906
-1442.4824,28,61.144449
-920.6318,4,61.170445
3045.746,74,61.170514
-1177.2502,8,61.197983
-1971.9012,9,61.227176
-2063.6904,62,61.227232
-1024.5509,2,61.227246
-2101.7,15,61.237267
6531.3447,112,61.248494
183.13898,26,61.248741
-692.9544,20,61.263585
-1523.3716,10,61.298165
-1027.5007,6,61.298204
-1527.0099,9,61.298214
-970.0314,14,61.298221
-1045.1366,3,61.298226
-958.79895,9,61.319185
-1980.7473,15,61.337508
-958.8881,8,61.352563
-838.1066,6,61.352631
-706.04315,20,61.381377
-944.2514,4,61.401412
755.8618,53,61.401485
-3278.8625,16,61.401512
-2393.7341,7,61.416091
-2094.6006,5,61.428967
-1136.1941,8,61.445231
-2033.9507,9,61.44533
-1026.8629,3,61.445347
-1265.1294,9,61.445354
-152.0567,27,61.462034
-826.1111,5,61.4734
-801.5062,23,61.502646
-1666.7883,19,61.518514
-1023.62427,2,61.545807
-846.6041,14,61.564475
-844.82544,7,61.581644
-832.22406,9,61.581778
-1348.001,11,61.581796
90.545105,24,61.605288
-934.15753,4,61.61957
-1002.51086,2,61.619703
-1044.1593,3,61.638829
-1006.3917,2,61.638885
-3894.1306,16,61.655294
-313.19824,18,61.670756
-904.3062,4,61.691484
-919.00323,7,61.691543
-1086.2809,28,61.691559
-404.28778,16,61.716945
-956.0259,5,61.727165
-2671.9504,18,61.727228
-1019.2657,8,61.773644
962.4285,67,61.7865
-1601.7021,6,61.786574
-1617.2781,6,61.797031
641.0202,125,61.848216
-1026.5514,2,61.884939
540.6212,37,61.897882
-1662.4716,14,61.911943
-484.3994,14,61.942018
-75.52283,42,61.9421
-1294.3518,4,61.956804
2207.7976,66,61.99279
177.42328,34,61.99287
-2005.467,14,62.010536
-1109.3601,3,62.010608
-881.7456,5,62.03689
-1036.529,2,62.036968
-967.1857,8,62.058278
-1184.9257,17,62.096637
2100.725,56,62.119631
2240.645,86,62.11969
-1199.0513,5,62.119704
1851.697,51,62.182621
-1044.2206,2,62.182688
-1548.1285,21,62.182705
-2442.343,30,62.211076
-3204.47,33,62.293824
-1864.6866,10,62.29396
-273.2494,37,62.323487
-148.5304,39,62.32356
-874.07275,6,62.323577
251.60022,45,62.361699
-2310.075,23,62.404549
-982.377,4,62.435632
-1044.8219,8,62.435766
-1039.4968,2,62.435786
-1225.2773,5,62.462297
632.8307,35,62.462376
-2015.1421,14,62.499758
-1034.0911,3,62.558789
-1380.9167,5,62.575481
286.26874,36,62.575547
-867.104,6,62.601214
-719.6505,17,62.629222
-929.456,7,62.629268
-1110.764,23,62.629277
4753.4375,99,62.663081
-1016.83844,2,62.663143
-1026.3564,2,62.700948
-1038.0459,12,62.701255
-943.552,29,62.701278
-2255.4023,28,62.701284
-1129.629,25,62.730292
-1099.4608,8,62.730363
-253.32709,30,62.753304
-938.0621,3,62.753391
-1133.5232,12,62.775738
-788.73987,19,62.775834
-1495.5277,4,62.775857
-895.6642,20,62.798411
-51.71167,28,62.798492
-1044.2635,2,62.836912
-1740.4685,9,62.836956
-1316.4658,6,62.854057
-887.3433,6,62.86933
-998.5964,2,62.869421
1307.9028,73,62.89915
-1031.6934,2,62.927304
771.39087,44,62.946724
-981.87445,6,62.964967
-1299.8142,11,62.998535
-876.5316,22,62.998616
-955.0422,5,63.050342
-3410.2495,16,63.071575
-1071.2355,20,63.092093
-2728.947,14,63.158893
-1117.2092,15,63.158988
-1405.4485,7,63.172385
-972.52893,10,63.172446
-1027.1313,39,63.193948
-1032.0568,3,63.210387
-1424.7811,22,63.210734
-1255.7787,37,63.210781
40.15808,34,63.210793
-1032.036,3,63.231419
-1719.3044,14,63.256534
-565.80524,23,63.28803
3202.6272,93,63.288129
-1092.5865,8,63.305273
-1979.8611,28,63.305344
-1545.3284,37,63.31833
618.0496,33,63.318393
-1043.6345,2,63.318421
-933.9549,32,63.343486
-474.69568,30,63.343622
-1013.639,2,63.365648
-1192.1913,4,63.380219
-1144.4078,10,63.396093
-1002.50073,10,63.396187
-919.523,6,63.413814
-1007.85333,2,63.413913
-993.30817,3,63.442796
-587.3711,29,63.464915
-936.89954,9,63.488757
-885.5194,5,63.504202
-1027.2562,3,63.50428
4109.627,91,63.504297
-541.0434,33,63.519562
856.0424,65,63.519928
-1040.8005,11,63.540469
-1234.3572,19,63.540655
-1645.5181,14,63.584739
2743.9478,64,63.599311
-1634.3207,5,63.599355
-880.4349,6,63.640949
-1619.1721,22,63.64106
-1106.5437,9,63.659509
-2093.341,10,63.65958
-1553.3112,9,63.659598
-1085.333,3,63.659605
-1499.496,10,63.681567
-1005.62225,2,63.696325
-1703.3262,4,63.710868
-1077.417,3,63.710977
-951.4672,6,63.710993
558.6903,37,63.729612
-817.4481,15,63.729668
-811.8611,29,63.729682
1211.2397,60,63.729688
-957.6341,4,63.744083
-1030.7251,2,63.74413
-905.3535,29,63.744139
-1665.4414,14,63.75601
-1174.6493,11,63.768664
-1026.4196,3,63.768737
-935.3452,4,63.768755
66.262146,35,63.783648
-805.8383,10,63.816167
44.388428,27,63.816246
-846.44995,7,63.839112
-1227.8091,9,63.839168
-1616.9436,10,63.888472
-2460.5005,14,63.88857
-980.3492,4,63.901489
-2843.2651,9,63.937161
743.29755,35,63.93725
-1193.8423,11,63.975649
-1898.1467,8,63.998223
-2761.9463,11,63.998295
-1142.7954,16,64.021031
-870.9404,29,64.048294
-793.6683,37,64.048376
-3702.3967,13,64.072136
50.03894,37,64.072205
-1573.3962,9,64.082593
-1500.0103,22,64.112256
-1807.2108,19,64.112334
-952.9734,3,64.127091
-1036.2207,3,64.127168
-1333.1978,21,64.127186
1269.3008,53,64.166825
-1017.1841,3,64.185957
-672.16455,13,64.186028
-1965.7844,11,64.186045
-870.9531,24,64.186052
-1496.3656,10,64.226326
-5.470581,26,64.249249
-958.2341,5,64.267053
-482.55823,21,64.278095
-1241.1041,7,64.290591
-2244.2732,32,64.304467
-1056.9094,12,64.317244
-1423.9393,6,64.335198
-962.77594,5,64.335286
-3040.3499,14,64.348533
-948.4431,4,64.348605
-974.3892,3,64.361648
-381.83875,17,64.361726
-1285.1395,10,64.376582
3625.0796,74,64.376669
-1002.58704,2,64.376687
-1044.2635,2,64.390362
-987.3708,3,64.390404
-1688.4746,30,64.402768
-1023.7832,2,64.417134
-2304.5688,8,64.417228
-567.8953,16,64.417245
-655.1355,36,64.434795
-3824.6514,22,64.449849
-671.2803,23,64.473936
227.8388,32,64.47402
-1007.399,3,64.498367
-1303.5511,6,64.519204
-1275.5952,10,64.519266
-1510.7549,25,64.550679
-1531.9346,9,64.567366
-1025.5669,3,64.567524
-1837.7738,11,64.567572
-302.98462,35,64.581397
-700.94824,13,64.581458
-815.80054,7,64.581475
-1041.3933,2,64.61623
-1402.223,6,64.616309
-2023.1359,7,64.616332
-2986.1318,13,64.616345
3573.8694,79,64.636945
-930.1837,5,64.649309
-1027.2998,3,64.663083
-1099.5436,13,64.682631
-1958.3843,26,64.682725
-425.47168,40,64.701812
1141.522,43,64.701905
1022.53204,43,64.701923
2014.0132,64,64.714186
-1954.2732,9,64.714252
-683.10205,18,64.726551
-667.326,19,64.726624
-2545.4348,10,64.740856
-913.9648,7,64.74095
-2370.0728,5,64.740968
359.66534,27,64.753886
-357.79718,24,64.753963
-1041.5675,2,64.753979
-889.72705,5,64.764978
-1362.1787,15,64.784411
-1027.025,3,64.784528
1875.596,40,64.798292
-935.2118,9,64.820276
-1539.1549,7,64.82037
-1088.4672,4,64.820386
-1042.6349,2,64.820394
-1618.4684,8,64.8204
-1077.0281,4,64.833736
-765.1948,33,64.847453
-1336.6855,8,64.887381
-1174.4987,15,64.887467
-1887.7292,19,64.88748
-566.79694,10,64.904589
-3066.9116,22,64.937069
-1785.2627,14,64.937157
-1230.3508,35,64.970135
-944.9189,4,65.004996
-1459.0382,10,65.054533
-632.3718,23,65.054615
-818.23596,19,65.054632
-1132.3206,11,65.085904
-535.49634,25,65.116133
-2890.445,19,65.116206
-2169.2644,14,65.151397
-847.67163,27,65.180553
-1179.1895,10,65.180652
-1182.8938,4,65.180667
-4004.8757,13,65.180673
-1132.3041,9,65.180681
-1260.3094,8,65.180686
-1024.5123,2,65.193509
-842.8116,16,65.20566
-885.8434,13,65.220972
-901.8805,5,65.22108
-1391.726,19,65.221096
-1184.8516,17,65.221101
-1019.05054,3,65.221106
-1294.7412,4,65.240338
-1247.5525,7,65.240401
-975.31213,5,65.25515
-2805.2993,21,65.293942
-1944.2343,7,65.294136
-3665.645,20,65.314121
-2438.8152,8,65.314212
-377.8319,27,65.328927
-976.8806,4,65.374893
408.28107,30,65.374988
-1569.6018,16,65.402779
-549.7888,15,65.441794
-274.5119,18,65.473398
-998.848,14,65.473494
-102.375244,24,65.533501
-1509.975,4,65.533608
-552.1899,16,65.610309
-1508.9185,5,65.610385
-1099.8041,19,65.672668
-1564.2808,10,65.690377
-709.44183,19,65.703159
-1025.1898,12,65.734248
-1390.2693,8,65.757316
-257.81982,26,65.757403
12.0112915,25,65.773566
-2157.9297,26,65.773653
-1652.3367,19,65.804019
-1401.1874,7,65.804089
474.72723,29,65.858403
-606.47876,25,65.902429
-1470.7423,10,65.902505
2447.5076,57,65.951671
-1208.619,7,65.982356
638.4944,36,66.001939
1302.2896,49,66.031995
-1354.6866,12,66.032054
-1566.3604,4,66.053379
-1239.0098,16,66.05345
-404.7185,30,66.105083
-1367.2864,5,66.11987
-346.739,43,66.119951
105.069214,42,66.15093
33.934753,23,66.151106
-1134.5955,20,66.173175
-2154.3865,10,66.173241
-778.04254,17,66.185692
603.05865,35,66.18578
839.3875,43,66.185879
-973.824,3,66.226298
-989.97894,3,66.238331
1874.6616,47,66.256007
-1034.0764,4,66.256095
-1154.7921,6,66.256114
-248.18329,29,66.280038
-565.06104,14,66.280105
-1368.5658,8,66.29491
-1122.3286,7,66.295006
-193.5874,19,66.361477
450.33527,35,66.379519
-1767.2964,17,66.403872
-1391.8386,7,66.428526
962.78186,62,66.428612
-2669.8442,10,66.428636
-1122.6648,4,66.444198
-594.39484,33,66.461167
-1025.5568,3,66.473057
-1145.9415,12,66.493359
-2101.6245,48,66.508339
453.16718,45,66.544523
-668.54517,25,66.544606
-1034.8828,10,66.577878
-914.15125,6,66.577992
-1558.3298,11,66.610581
-790.4837,28,66.624164
-913.90356,6,66.638057
-1716.0153,36,66.638331
-861.8052,13,66.651885
-1045.746,2,66.651995
-1490.8286,6,66.704392
-1007.41504,13,66.720179
-889.55054,5,66.736462
-3461.0312,10,66.736557
-1105.4958,6,66.736585
-620.67395,26,66.736594
-1129.7875,7,66.769509
-701.13074,17,66.769599
-1032.93,3,66.788579
291.33026,77,66.799888
-956.4142,12,66.834339
-981.7104,9,66.858251
-864.5171,7,66.858651
-169.68756,38,66.873443
-242.54694,55,66.873545
-915.9786,28,66.89159
-3777.0647,9,66.891663
-2090.3945,8,66.907504
-1503.0454,4,66.907576
-1222.8445,9,66.94559
-795.43744,10,66.945693
-973.4743,3,66.977144
-894.8883,7,66.99342
1234.1016,44,67.135308
-1373.5603,3,67.135388
-1751.9233,12,67.152341
-1082.178,10,67.177559
-4316.311,44,67.177684
-1241.9077,5,67.215991
94.129395,33,67.239009
-1180.1522,32,67.25388
-2497.0134,8,67.253953
-1919.1848,15,67.292681
-384.4602,41,67.292762
-1008.2358,7,67.292779
-1226.3226,17,67.308059
-1318.6671,4,67.322228
-899.4795,13,67.322285
-1405.3083,7,67.343922
-1667.1069,65,67.343998
-1754.7935,29,67.357434
-1360.3613,17,67.381976
-1204.5961,29,67.382029
-1526.2814,13,67.382041
-981.89984,6,67.408927
-874.617,5,67.420828
-1453.6385,9,67.508668
-1227.7516,7,67.508728
-1375.3038,5,67.508742
-659.7911,17,67.568058
-1058.2593,13,67.568136
-1010.353,3,67.568151
5867.3413,129,67.568157
907.09436,32,67.608192
-1612.0262,14,67.620463
-169.86914,34,67.661114
-1019.421,2,67.661207
1050.1417,37,67.680171
-1042.1908,3,67.708241
-885.3022,6,67.708323
-954.23224,4,67.722188
790.96405,31,67.722271
-1033.7937,2,67.752457
1710.2806,114,67.752651
3654.7896,78,67.752679
-1510.2689,13,67.75269
-1623.9888,6,67.786693
-1360.3016,4,67.802593
-1019.77783,4,67.816981
-1060.1384,4,67.854202
-955.8042,2,67.854273
-1307.7892,4,67.863983
-1623.4272,10,67.881741
1102.0435,38,67.907518
-2624.7378,11,67.907632
-1146.6245,46,67.93598
-1124.6377,12,67.936046
-1042.0327,3,67.946672
-791.73175,26,67.94674
-944.95966,2,67.962105
-1027.7931,2,67.962172
-1764.5117,10,67.989271
-2746.1794,16,67.989344
3834.94,88,68.026393
927.2798,43,68.026457
-494.86273,38,68.039832
-3.4317627,29,68.039943
-1018.6639,4,68.06085
-686.3237,30,68.060923
-1598.783,6,68.083781
-941.2783,10,68.105295
-918.10596,4,68.105364
-1047.6912,9,68.10538
-1088.0039,47,68.145468
1253.4563,50,68.145551
-1063.1897,3,68.161458
-3017.1707,46,68.161535
-1093.531,3,68.186013
-853.1426,6,68.200404
1509.8071,53,68.200461
-1526.4958,15,68.200478
-919.7817,16,68.200485
-18.717163,41,68.251816
-1579.3457,12,68.275502
-1037.9556,3,68.27558
-1378.8235,8,68.299787
-1002.39136,2,68.299858
-1020.0259,10,68.320471
-1742.9297,7,68.348834
-1484.289,18,68.348979
443.3474,32,68.402875
786.3725,31,68.416724
859.29443,35,68.439907
-1358.1511,6,68.439988
-4194.129,16,68.466509
-845.8851,22,68.480489
-1881.3525,11,68.480554
-1066.463,2,68.494112
-941.34265,14,68.494169
2470.144,67,68.509394
-903.0153,13,68.522754
-913.2247,7,68.522819
6842.3477,128,68.522836
-839.4535,13,68.536904
-1606.676,15,68.537013
-1079.789,9,68.600511
-814.77515,5,68.600598
244.01398,37,68.620674
-1023.31757,2,68.632685
3214.4697,67,68.650074
-717.385,9,68.650133
-1337.6683,3,68.668146
-1298.934,4,68.668247
1375.4431,52,68.668267
-260.63904,33,68.688434
-398.83307,20,68.700032
-1452.138,13,68.717767
-659.89,33,68.740469
-1013.82214,4,68.740556
-999.6759,5,68.740577
-620.5526,15,68.758121
-920.31854,6,68.77029
-396.4843,25,68.83382
-2892.4204,12,68.872141
-1016.82635,2,68.926732
-1152.9176,12,68.92678
277.669,51,68.92679
-2186.535,9,68.956795
263.72565,51,68.956872
999.9318,71,68.956889
-1046.045,2,68.984066
-1965.302,10,69.010852
-1041.3638,4,69.01092
-389.1454,33,69.029039
184.9596,28,69.029115
-1235.9352,7,69.053415
-1818.4484,16,69.067383
504.15125,33,69.067631
-1149.9738,17,69.067647
-3183.754,30,69.082632
-1094.9307,33,69.0827
-928.5431,13,69.10813
-693.77734,49,69.108212
-1660.0903,4,69.130965
-1730.0381,9,69.143204
-1089.9883,54,69.143274
-828.01294,24,69.154383
-877.60626,7,69.170307
-2066.3303,23,69.170388
437.72363,28,69.170402
-16.484009,27,69.194889
-859.4188,7,69.219663
-1224.4686,6,69.241097
-1665.8098,9,69.241157
-995.39795,3,69.241172
-1887.2407,14,69.253378
-1029.2621,2,69.267544
-1012.3361,3,69.267607
-247.64398,47,69.333012
-889.74756,5,69.333088
-1226.4045,8,69.333099
-1210.0194,20,69.333107
-1038.6124,4,69.347442
-1049.7091,7,69.389937
-586.5122,18,69.404567
-675.4086,15,69.418333
-986.2247,6,69.418417
-895.5659,7,69.445771
-2178.4849,26,69.460145
-1056.0068,9,69.481026
-340.5979,14,69.481112
-1292.1245,6,69.492831
827.9219,82,69.507022
2500.2566,42,69.523799
-1536.3608,5,69.523876
-456.726,35,69.539159
-1229.4543,7,69.539226
-456.68405,27,69.539241
-2489.3035,5,69.554949
-1025.8821,3,69.554993
-1887.9578,5,69.554999
-2329.7424,24,69.555004
-1349.9077,7,69.572739
-1045.4667,4,69.596231
-1043.4045,3,69.596284
-1030.573,2,69.596293
-1360.0645,4,69.596299
-371.56775,17,69.632997
-899.3478,37,69.633105
-780.42957,13,69.633126
-1428.0526,18,69.633133
-748.1262,9,69.646848
-1024.4689,5,69.646941
-988.31866,4,69.661604
-1015.9717,4,69.661674
-964.5838,6,69.676783
-854.8423,7,69.67711
-1023.22815,2,69.677144
-1040.4502,3,69.67715
-1410.4116,9,69.690728
-2063.8828,10,69.715971
-955.8042,2,69.716013
-914.5203,9,69.716023
-1083.7698,3,69.729949
-245.47388,31,69.730075
-920.04144,4,69.74459
-846.5272,12,69.779116
140.10638,32,69.779435
-1339.9208,10,69.779458
-891.8026,5,69.796708
-1940.873,12,69.811259
-989.108,3,69.827404
-1020.5628,3,69.827458
-1263.1864,8,69.827473
-2263.8645,9,69.84281
286.1134,50,69.867511
-973.54767,3,69.867588
-1624.7913,13,69.888757
-1917.591,6,69.929953
-226.77637,53,69.930032
489.7619,32,69.930049
-1286.2053,10,69.943746
-1719.6028,12,69.958753
-1041.0054,2,69.958824
-2253.374,15,69.958841
-1615.661,6,69.958849
-1039.8726,2,69.988759
-1104.522,9,70.003427
-1096.3142,24,70.003514
374.81696,65,70.003545
-977.0516,4,70.017455
-1022.33136,3,70.049355
-2197.296,22,70.049432
-1037.6906,30,70.049448
-1311.6288,4,70.049453
-1024.5929,2,70.049459
-1094.0679,12,70.118742
-1301.3826,8,70.136226
-919.6218,5,70.136305
-2189.816,13,70.136322
709.21204,36,70.205362
-1634.3457,11,70.217993
-1071.4492,8,70.241096
1899.987,69,70.280353
610.3783,29,70.333587
-900.63837,20,70.363548
13.07959,28,70.377968
416.76178,47,70.378029
729.46576,37,70.393599
-1570.3,28,70.393688
-968.03735,6,70.42839
826.1551,47,70.428449
-2123.842,12,70.428465
-965.8498,4,70.461403
-272.15503,33,70.476201
-3223.483,14,70.503808
-1510.8267,10,70.527977
-1301.8364,33,70.557769
-1001.07764,9,70.557839
-908.1794,5,70.573199
-1044.2635,2,70.588229
-998.28937,3,70.608569
-1032.2583,2,70.62224
3836.4104,106,70.622303
1120.0981,63,70.636314
-1054.6212,34,70.656249
-1390.5798,8,70.705753
-955.65137,43,70.719869
-2178.5425,12,70.719927
-1310.9027,7,70.738537
-1044.234,2,70.754832
-1465.5458,7,70.767598
805.15814,50,70.785424
-1752.7292,10,70.785485
172.95215,65,70.818134
4118.693,105,70.81845
-1758.2849,11,70.818472
-1725.35,5,70.81848
-127.322876,26,70.839728
-935.3317,8,70.839797
-1095.5913,31,70.875359
-464.65082,29,70.886212
-995.6127,7,70.88628
-1011.62427,4,70.886298
-863.78406,7,70.905569
359.65118,45,70.917694
-1067.8535,11,70.930884
-1066.3466,8,70.944545
-942.7653,5,70.970999
-891.37366,6,70.997154
-1708.354,8,71.008967
-1120.5403,13,71.009031
-401.6054,36,71.045043
-40.639954,43,71.063119
-1336.5951,7,71.075346
1656.4336,59,71.075406
-1569.2579,10,71.075422
-995.077,5,71.090829
-671.22107,11,71.110259
816.85986,55,71.110318
-913.06854,6,71.110331
-1375.4235,7,71.110337
-1034.2007,3,71.139786
-1367.9573,6,71.154142
-1012.6332,3,71.154207
-358.71466,16,71.172416
-794.8345,33,71.172487
-1022.6607,2,71.185378
-1184.3623,12,71.185456
-1013.2892,4,71.185468
622.60956,49,71.203255
-940.968,5,71.203318
-1371.2788,21,71.203335
-1357.9731,5,71.203341
-1031.4073,2,71.221146
-1166.3099,5,71.221233
-1076.321,3,71.22125
-1027.7308,2,71.233723
3957.4644,88,71.234044
-1130.6383,3,71.245936
77.09979,26,71.259319
-1031.2878,2,71.259402
-1597.463,5,71.259431
5323.0996,106,71.306463
-985.22424,8,71.306531
-1328.8738,8,71.322352
-981.9866,4,71.322441
-1998.4274,16,71.349022
-661.3123,30,71.349169
-1028.6671,8,71.364597
-1111.5712,9,71.364698
-2010.7822,13,71.37753
-695.23096,9,71.404802
-1887.7803,5,71.404883
-1300.9268,20,71.404897
-1226.2991,13,71.404902
-863.72675,7,71.418406
-1108.4185,5,71.418491
-20.555176,37,71.438196
1429.5393,59,71.438422
-937.14,6,71.451773
-1333.8486,16,71.479627
-1186.4999,10,71.493366
-987.90936,6,71.506541
-1031.5568,2,71.522246
-952.46674,7,71.522329
-3100.8955,17,71.535033
211.09613,36,71.535086
-1258.2057,16,71.616355
-1230.8683,9,71.616424
1828.4275,54,71.616442
-1178.3835,14,71.632921
-52.630493,32,71.632979
-2672.0042,17,71.646164
-264.9793,36,71.646221
-993.20575,3,71.661839
-1230.047,8,71.661916
-1334.6196,15,71.676245
-1264.7439,22,71.688902
-992.1456,3,71.721598
-2085.3743,5,71.737905
1268.7017,38,71.752881
-1363.6401,8,71.752959
-992.87134,4,71.752976
-993.38525,3,71.773632
-841.6853,16,71.788578
5661.7354,104,71.809484
-981.22974,3,71.828067
-1116.4214,12,71.842637
-860.13165,27,71.842714
-2604.3772,6,71.856048
-1147.4006,15,71.903246
578.74207,30,71.924233
-946.319,5,71.95923
-275.4124,27,71.959289
-1040.7887,2,71.99033
-1509.1333,10,71.990416
-765.4126,15,72.002838
980.7807,49,72.033594
-991.93646,6,72.033739
-862.296,30,72.033753
-1031.2423,2,72.062008
-237.41943,23,72.062095
-1297.4255,17,72.062113
-884.51135,5,72.081188
-1244.6353,5,72.081249
-878.3985,5,72.093612
62.255188,52,72.107662
-2220.6626,9,72.107793
-1575.3584,19,72.1231
-787.864,5,72.154586
549.4582,38,72.179178
-827.85077,6,72.179488
-899.5604,5,72.179511
-956.26746,4,72.222511
-1851.6976,5,72.265118
-1625.5161,6,72.279548
548.83276,48,72.279856
-2026.169,9,72.279889
-140.20868,31,72.312867
-1381.138,11,72.312936
-665.0657,27,72.325477
-777.8738,18,72.337828
-438.22418,14,72.337867
-1897.989,17,72.356295
-1076.6862,3,72.373574
-560.0245,56,72.373639
-1025.1683,2,72.373654
2424.9512,65,72.398552
904.22217,46,72.398619
-1487.1051,10,72.424854
-1577.5994,8,72.424946
-816.4231,14,72.424968
-1286.6682,4,72.424977
-1017.59625,4,72.461138
-878.6369,6,72.461191
-901.48627,4,72.485318
-318.1068,42,72.546282
-388.16296,43,72.546344
-1625.8301,5,72.561668
-1508.5322,19,72.56177
-811.40564,8,72.577198
-1061.2349,3,72.590382
-1049.2562,3,72.605798
-1002.63904,5,72.626768
2081.5776,61,72.643109
-900.0132,6,72.65667
-933.74615,5,72.656717
-513.37836,31,72.656734
-915.028,4,72.656741
-1036.5524,2,72.656748
-743.75446,20,72.676027
-1713.0902,17,72.689069
-1170.3827,18,72.707373
1507.9058,43,72.723294
-1171.9219,7,72.723338
-1708.4944,4,72.723347
-262.98846,17,72.723353
-908.0116,4,72.73884
-1101.3995,3,72.738881
67.50006,38,72.755136
2049.7188,80,72.755207
-1020.53156,2,72.775924
-427.07196,34,72.788647
-965.14905,4,72.788923
996.1268,56,72.830821
-1758.9998,10,72.830882
-1358.2274,7,72.847916
-2238.7913,32,72.847996
-417.7968,26,72.848015
-2595.2637,48,72.859348
-1029.6475,3,72.873434
-582.4739,30,72.873479
-1054.0038,3,72.873488
-1072.0392,9,72.886585
-1023.18225,4,72.906278
-1357.5198,4,72.906344
-1049.6798,3,72.906374
-2640.8057,10,72.9186
-1267.0867,3,72.918664
-1257.9323,13,72.939699
-1652.6558,10,72.939779
-600.17236,19,72.955738
-484.73096,15,72.976214
-1248.4502,5,73.008614
-2267.351,8,73.008682
-974.8198,4,73.03407
-798.06055,10,73.034151
-1148.5085,8,73.034168
-835.64734,7,73.060192
-1977.9115,12,73.075144
-578.51697,21,73.089423
-955.7991,2,73.089489
-881.6545,5,73.104528
-1044.2635,2,73.10463
-529.7411,20,73.104652
45.6532,29,73.127881
-485.9558,13,73.127957
-1241.2122,28,73.163548
742.4096,51,73.163637
-990.13336,3,73.163655
-1029.5918,2,73.163661
-1775.8802,4,73.213137
-1762.3741,13,73.227292
-570.5526,22,73.240087
-1042.5638,2,73.240174
2266.0747,60,73.240191
-1058.3256,9,73.240198
-1799.1304,17,73.256015
-1626.5122,7,73.256067
-734.9882,11,73.279276
-63.038635,39,73.279355
2277.1074,65,73.293014
-367.3139,29,73.2931
-1044.2048,2,73.293119
-1247.8931,14,73.308025
-1772.6025,12,73.308117
-1036.2755,5,73.31817
-2221.5918,7,73.333416
-471.4428,27,73.348701
142.71082,37,73.364597
-893.45654,8,73.364676
-85.9176,30,73.364692
-1901.4497,7,73.364699
-102.096985,48,73.420084
-952.2579,8,73.420183
-832.81256,18,73.444018
-1027.024,5,73.444093
5802.293,115,73.482325
-959.22186,3,73.482381
-1087.2286,32,73.495545
-1122.2585,4,73.495613
-2210.7175,16,73.495639
-1240.5134,9,73.509935
-1164.6958,12,73.510039
-3449.3145,16,73.524586
-944.4681,15,73.539064
-3776.9292,12,73.562927
-1869.4385,16,73.563002
-582.69714,18,73.563027
-1127.0969,4,73.603063
-1025.407,17,73.603134
-931.7361,5,73.603151
-1462.541,21,73.624775
545.14703,44,73.624854
-1016.8383,2,73.641485
-1023.0263,9,73.641564
-1325.7161,15,73.66912
-1030.5039,2,73.690093
-1985.1038,11,73.690159
-917.16534,8,73.711424
-1924.6638,4,73.711496
-886.9594,21,73.727088
-3264.486,39,73.727462
-883.2707,7,73.764878
-1040.7567,11,73.764934
346.17047,37,73.764948
-1859.6074,21,73.781162
-1840.3402,5,73.781247
-961.60187,6,73.781264
-871.1663,5,73.781272
-981.6645,3,73.781278
113.81177,29,73.781284
-1365.0366,18,73.794376
-937.7996,5,73.794434
-1035.8699,3,73.820733
-978.9804,3,73.820846
-946.1819,5,73.849262
-877.2318,20,73.88064
-1124.514,12,73.880744
-2017.3328,8,73.880787
-1360.8828,4,73.880798
-1166.7864,3,73.89357
-1195.7009,7,73.893649
-846.73346,7,73.908178
-1310.0415,4,73.919841
-229.36139,42,73.947839
-1406.1262,10,73.960947
-1201.8615,9,73.971421
-1795.614,7,73.989
876.74164,59,73.989092
-1272.47,5,73.989175
-1125.5281,7,73.989232
-2180.4026,16,74.137957
-1497.1294,5,74.196455
589.7836,34,74.196641
-1038.9841,3,74.196669
263.53882,30,74.196676
-714.19336,8,74.23984
-332.11365,46,74.258526
-1263.14,22,74.258602
-1044.2367,2,74.294525
-1457.095,24,74.294591
-1354.8564,21,74.326
-1147.6646,10,74.356621
-3319.5154,16,74.374941
-358.45203,19,74.37505
-385.425,33,74.375066
-930.55225,5,74.414575
-1029.7502,2,74.414685
2014.2493,49,74.436183
-1024.835,2,74.449491
-1810.0707,12,74.46116
-2056.7312,28,74.475806
-1211.6962,7,74.49534
-225.05756,23,74.495442
-1030.804,4,74.519272
-958.63464,26,74.519341
-620.20123,25,74.519372
-620.9165,33,74.532675
1595.5415,47,74.532769
-1079.1865,14,74.532783
-1055.766,3,74.574745
-1410.3423,11,74.574812
-619.0208,22,74.574826
-7.9052124,50,74.593978
-450.17352,23,74.658793
-2131.311,9,74.690174
-2782.477,13,74.690257
-857.41925,7,74.690274
-2247.9575,28,74.70733
-1306.5859,12,74.707446
-367.3297,28,74.707464
-1248.2708,6,74.730533
-2378.155,9,74.730607
-971.0545,8,74.749075
-258.2481,25,74.763706
-1044.57,3,74.777101
-1458.647,13,74.79088
-1238.2238,5,74.79096
-640.935,69,74.85007
-1027.5497,23,74.850208
-973.5437,5,74.850258
-912.9432,12,74.88205
-1221.8822,6,74.899585
-900.9722,6,74.899653
-2427.3765,12,74.92224
-1698.6038,11,74.922316
-1042.1499,2,74.949401
-888.2245,19,74.949495
-1444.1506,6,74.964357
-592.75616,15,74.964432
-637.4769,15,74.964449
-1321.0781,7,74.985111
1404.011,57,74.999696
-870.3228,6,74.999771
-987.5755,4,75.012222
-879.69666,11,75.043794
-1382.1465,17,75.043876
1825.2661,63,75.092487
-518.4709,19,75.106965
-652.5034,34,75.132301
-1023.43604,4,75.145642
-1661.5344,11,75.165697
-229.86664,29,75.200317
-1828.072,11,75.217253
-939.20874,4,75.217299
2920.6982,77,75.23474
-963.3003,4,75.234813
-442.12915,16,75.260556
-609.17737,21,75.260622
-687.6444,11,75.274276
1346.5842,53,75.287934
-968.5702,23,75.303253
741.6946,47,75.303349
-1008.9728,4,75.3171
-722.9467,46,75.317142
-1044.2191,2,75.329831
-740.8092,8,75.329888
59.891296,28,75.346012
-916.8069,9,75.346085
-832.52985,21,75.357543
-1152.909,6,75.426629
-382.7256,17,75.469001
-1553.0525,8,75.46906
-1006.6333,11,75.503521
2495.7388,58,75.503587
272.08124,55,75.514003
-521.55286,21,75.556417
-831.52124,38,75.55649
1138.3181,42,75.588849
-1039.981,2,75.632755
-1727.6222,7,75.632843
-1322.9902,10,75.664772
-2563.6724,36,75.707791
81.12537,30,75.770386
-3555.9233,19,75.784392
-762.07776,33,75.8047
-1327.7452,11,75.822319
-1588.2053,36,75.822391
-1049.675,10,75.836917
-935.7263,8,75.859376
-1081.2222,4,75.859446
-761.1631,6,75.88337
-2533.057,18,75.883556
-1040.9597,2,75.904783
-990.2322,3,75.904868
-1022.3935,2,75.90489
1546.803,56,75.925683
3834.8745,73,75.92578
-1042.1608,2,75.947632
1305.9668,62,75.997114
-716.64984,7,76.00929
1237.6191,40,76.00935
-1225.8406,8,76.064282
-1085.6433,42,76.083743
-439.80762,16,76.10258
-1513.3525,10,76.116871
-447.0802,41,76.154402
-3090.5347,10,76.183561
478.43646,47,76.18366
-1733.6414,19,76.227731
-938.52875,4,76.249593
-1027.5612,2,76.270354
-404.40826,16,76.288807
-1492.3678,9,76.321399
2133.0923,58,76.321452
-1501.4711,14,76.32148
-1025.4047,2,76.321486
-1398.1562,12,76.340085
-863.1927,39,76.340136
1661.86,60,76.340147
-882.0498,9,76.361782
-834.21216,26,76.361859
-895.76587,6,76.380352
-927.09906,4,76.391255
-2036.3911,16,76.391319
690.75104,32,76.407877
277.7359,52,76.426721
-488.87006,25,76.442415
-812.9135,8,76.442479
-2238.0203,7,76.454118
1654.4683,88,76.474819
1763.2107,65,76.495475
-953.2359,3,76.509234
-1579.5667,9,76.533698
-1577.3464,9,76.547467
-1072.4591,5,76.547756
-894.4354,13,76.547799
-452.23755,42,76.562682
-974.90955,3,76.594019
-398.79486,19,76.62898
-1476.3005,15,76.62905
-835.9418,13,76.64048
3168.18,69,76.660376
-731.4407,19,76.673997
-1019.972,3,76.674079
-1001.78876,4,76.7124
1306.2478,68,76.725441
-881.6365,6,76.725531
-2924.6807,27,76.756538
-1002.579,3,76.756627
-1020.094,2,76.756656
-1838.3687,16,76.793296
-1614.5962,9,76.808121
-1556.6707,9,76.808207
-788.27216,54,76.808223
1041.853,30,76.82951
-1136.0525,4,76.829615
-3011.8257,5,76.85294
-1014.491,2,76.869476
-1684.7643,3,76.869601
1966.1567,115,76.890046
-1923.4883,4,76.890105
-1015.91907,2,76.904429
-1782.9523,6,76.904489
-1936.6445,26,76.918002
-924.42786,39,76.94599
-1159.5236,9,76.993948
-159.64465,55,76.994036
176.41351,25,77.019856
-1466.3549,38,77.019944
-1025.0266,2,77.019964
-779.18317,43,77.03577
120.09943,35,77.035856
-1000.9408,10,77.057562
529.28864,33,77.071543
-1726.1943,16,77.071618
-1044.2616,2,77.097885
-955.2396,6,77.097978
-1616.834,10,77.119713
-418.52692,35,77.134116
-739.1019,38,77.144699
-1204.0774,23,77.144775
269.36835,51,77.144794
-411.96375,18,77.166389
-1745.9194,8,77.181323
-1019.5155,2,77.181379
-621.68884,18,77.181393
-1034.8164,2,77.22815
-940.6603,6,77.228209
-1370.5385,4,77.228225
-1532.0305,19,77.253696
-129.08832,31,77.27539
-650.73267,41,77.287708
1131.6437,51,77.287767
-1193.2239,13,77.314528
-1485.7871,8,77.325692
-838.3465,7,77.337731
-239.99048,19,77.358049
-1588.9075,8,77.358124
-1887.4268,14,77.3737
-1066.495,3,77.38751
-1848.6301,18,77.400778
592.24524,35,77.416277
-1028.7611,2,77.42908
-191.55298,21,77.456552
-1305.0731,4,77.487451
-1076.3804,10,77.513917
-2585.9534,26,77.513997
146.34955,31,77.547951
-188.94324,20,77.562406
485.37628,31,77.562464
-478.7019,18,77.562493
-2722.1404,13,77.577188
-1027.5209,2,77.590894
4700.6846,101,77.611955
-1043.0938,17,77.643854
-1272.4946,12,77.656323
-1045.4513,6,77.675825
-1158.6439,6,77.70535
-2759.778,26,77.705407
-2880.2483,24,77.7308
-1350.1655,9,77.730877
58.42627,35,77.749691
-1392.4093,13,77.749751
781.3799,50,77.749762
-1265.6573,8,77.778581
-750.87756,7,77.778674
473.51746,35,77.778692
8.791382,29,77.796278
480.4743,38,77.815685
385.89276,57,77.851038
75.29944,27,77.8511
-1131.0918,8,77.865602
-1229.2217,5,77.865689
-1089.1011,9,77.892575
-1299.7229,6,77.892645
-2191.5544,10,77.892662
-1122.2025,8,77.905803
-926.08606,4,77.921378
-1900.0327,40,77.921439
-951.1513,5,77.921456
-812.1341,27,77.938697
-274.29443,30,77.938779
-940.50385,5,77.938797
848.22235,44,77.963776
-1057.5062,22,77.963837
-1034.7277,2,77.963851
-1196.5382,15,77.963859
-1039.323,2,77.963864
-1296.5446,11,77.96387
-991.46356,4,77.963874
12.752014,25,77.97773
-992.0209,3,78.005633
-1309.6993,6,78.006011
-1758.7289,5,78.061931
-2669.5823,6,78.061998
-1313.8337,6,78.062015
-854.48676,6,78.062022
-995.41626,4,78.089151
-808.6312,8,78.089235
158.14203,24,78.089251
-442.41498,19,78.147412
-1118.3452,10,78.147469
-6309.161,26,78.18446
-1112.6687,14,78.196619
1017.1811,41,78.209661
-550.4044,15,78.209963
-1149.0571,19,78.209988
-1260.9403,4,78.258277
-1599.0347,12,78.258357
-1165.9865,9,78.281271
-133.26172,40,78.292284
-923.32495,6,78.305222
-1369.0065,10,78.332688
-726.47375,17,78.332795
-1044.455,6,78.348575
-1161.8154,4,78.348699
-1041.8018,2,78.368452
-574.68066,32,78.368583
-856.5918,28,78.382717
-2297.1196,23,78.382805
-1010.703,4,78.417884
-947.65515,4,78.439462
-1163.3756,24,78.439551
-1171.7858,13,78.460187
-1326.7168,7,78.46027
-455.67175,33,78.472639
1655.3193,49,78.504252
-2678.2666,20,78.51933
-1221.4619,12,78.54273
-1916.0637,13,78.542878
1235.5142,51,78.585227
-1020.0292,4,78.58529
-985.6104,3,78.59957
-1947.3024,17,78.640119
-1651.9395,4,78.640208
-784.71826,37,78.680258
-1454.4662,12,78.68032
1698.699,48,78.680338
-1514.6207,19,78.693465
4572.1406,100,78.693574
-1256.7357,30,78.693587
-1368.0319,4,78.706603
-1525.1001,28,78.728024
-1029.2589,3,78.7552
-1044.2635,2,78.768788
-2917.9854,29,78.781751
-1516.3103,9,78.799154
-1130.6849,20,78.799233
-2103.311,12,78.79925
445.3875,53,78.812962
-1925.8613,10,78.845108
-1867.8947,8,78.845179
-453.00262,24,78.845195
-1007.96436,7,78.857477
-974.7705,5,78.883222
556.15814,49,78.883326
-1932.3025,6,78.883343
-866.0327,12,78.91758
-780.7367,8,78.917645
-1029.2761,2,78.931813
-1038.5326,5,78.947121
-1295.4917,6,78.961669
-915.7695,25,78.961725
782.47797,50,78.961739
-2416.581,31,78.974247
-669.18774,18,78.993656
-1569.0276,6,79.070465
-728.11365,30,79.070557
-942.0422,59,79.070574
459.85297,37,79.070582
-901.88574,8,79.114354
-450.3504,18,79.128764
-1049.6238,15,79.152273
-643.0376,28,79.183139
-1566.4165,13,79.183207
-1016.1123,8,79.20613
-482.8473,25,79.242899
-985.7429,18,79.243133
-1819.8668,6,79.29897
-631.9686,36,79.309247
-1119.598,30,79.330282
-1697.0034,15,79.330356
-1063.3353,11,79.35928
-826.1755,6,79.359358
-1193.1248,8,79.359374
-1752.8629,22,79.359382
-1010.89355,2,79.359388
-929.0117,21,79.37063
-1011.7711,14,79.384118
-2014.1873,19,79.396219
166.16797,32,79.409299
-1223.0968,17,79.409378
-1063.767,6,79.451417
685.66876,58,79.451513
-1197.5057,9,79.475653
-983.71344,6,79.475702
-2470.029,11,79.515115
-1763.7329,9,79.540399
-1120.1263,17,79.556797
-826.4055,6,79.580909
-1110.6619,4,79.581053
-2987.4084,13,79.581084
-2089.958,8,79.581093
1000.3389,38,79.581102
-1139.3602,32,79.595992
-1070.5018,3,79.617362
-2171.1555,8,79.617434
-147.21582,18,79.638991
-1752.3955,4,79.651312
-1958.0146,27,79.675958
-928.84393,4,79.693666
-2299.7573,16,79.714634
-1512.5381,49,79.737758
-1296.922,4,79.754568
-949.7397,12,79.754647
-2642.233,13,79.798558
476.5285,26,79.849074
-1579.0007,11,79.84914
797.2247,57,79.849156
-845.0288,6,79.862094
-2494.704,16,79.862157
-45.001892,32,79.862175
1360.8276,109,79.896599
-1749.553,9,79.89667
-1312.1315,4,79.907338
137.67688,44,79.924804
-928.13434,5,79.943515
-1097.8528,3,79.96997
26.697876,39,79.988048
-372.14545,23,80.004828
-2134.866,10,80.01759
-1025.5701,3,80.029749
-967.1261,6,80.066767
-894.5644,5,82.919033
-4630.842,29,82.919127
268.05487,21,82.931922
-630.27014,32,82.948579
-962.30164,4,82.965377
-32.85016,48,82.965445
2233.0684,92,82.965461
-591.31445,18,82.98878
-1021.0024,2,82.98888
-951.7983,5,83.009762
-452.6234,24,83.042626
-839.74866,20,83.058707
-1732.5027,5,83.058788
-1257.0453,9,83.093244
-1083.8472,14,83.114177
518.3963,82,83.129282
-1670.6058,5,83.157279
2383.4338,60,83.200657
-1425.4331,12,83.228921
-1758.6711,11,83.274835
-1385.1775,12,83.274913
-939.1325,4,83.30726
-1023.3533,2,83.362615
-698.20703,31,83.362691
-748.5831,35,83.375401
-957.57245,5,83.375507
-1148.5734,6,83.412586
-1498.0582,6,83.412654
-664.5931,50,83.41267
-403.07916,36,83.464566
-939.72125,4,83.487127
-1005.71204,5,83.50246
1534.6095,58,83.517658
-1017.645,33,83.536023
-913.21295,4,83.536104
-1026.0834,2,83.566229
789.55774,53,83.566291
-795.0265,23,83.566307
-1039.1567,8,83.566314
-1123.0835,5,83.583394
596.3658,40,83.583466
597.44354,29,83.597414
-3781.2617,13,83.625119
-176.68085,21,83.625196
-1731.6116,14,83.625212
-1044.2126,2,83.644396
-2142.2805,20,83.64447
-996.38873,3,83.644489
-1204.897,5,83.644497
-465.70752,15,83.663177
-789.39087,16,83.663246
-893.31726,5,83.676029
-324.53247,59,83.694223
51.555786,30,83.718013
-1015.0467,5,83.718095
710.5695,36,83.753285
-1816.4023,6,83.765432
-1273.7473,7,83.765497
2579.8643,115,83.80973
-2387.3525,12,83.831325
-941.9541,5,83.83139
-1025.7634,2,83.86355
-2107.9302,11,83.86363
-1064.6584,14,83.863648
709.75195,38,83.895826
-524.8418,23,83.91121
-1083.0985,3,83.911286
-1074.267,20,83.911303
-1037.8098,2,83.9478
-895.0053,4,83.981122
-1008.7974,7,83.981195
-947.3251,7,84.020063
-966.2632,4,84.033406
2626.5498,74,84.047565
-1039.6382,3,84.06748
-460.68652,23,84.080327
-1946.6682,28,84.092643
-990.22345,4,84.248907
-570.9298,24,84.270741
-968.0728,4,84.337827
-656.9164,11,84.353679
-1192.3433,11,84.383659
-346.17963,35,84.383746
3182.7915,72,84.420362
-954.6981,5,84.450429
-1298.6987,12,84.464009
186.14575,27,84.4641
-793.73804,16,84.581555
-873.48486,9,84.581629
-1089.0244,51,84.581648
-1139.9575,9,84.622533
-1561.6294,16,84.673484
-1302.1354,4,84.696341
54.691772,39,84.709733
-1015.66626,9,84.742284
-278.5783,17,84.757816
-930.3965,18,84.757896
-589.3684,25,84.810673
1495.5422,67,84.840645
-922.7917,5,84.840718
-995.27545,3,84.871124
185.69,36,84.871191
-474.2445,63,84.871208
-1622.0908,44,84.884362
-1767.7803,8,84.897588
-1426.0569,15,84.933734
-1229.7467,21,84.933799
-1620.6501,5,84.933814
-1940.7446,10,85.002122
-1532.2584,25,85.002179
-1249.7485,8,85.017274
-1609.709,21,85.017597
1265.3867,71,85.041971
5249.1616,98,85.042048
1867.9036,67,85.042065
-4240.6514,18,85.042071
-1241.4523,20,85.042076
-1101.0386,13,85.059244
2458.826,65,85.080789
-995.6077,2,85.080904
-1724.9155,5,85.100481
1980.1941,60,85.123739
2121.2021,75,85.151685
-1570.8887,6,85.17727
-667.20306,12,85.177371
-225.79327,19,85.275443
-1382.291,3,85.275504
-1969.9071,10,85.323139
-1602.4143,6,85.323188
-1281.7289,11,85.372455
-966.94037,6,85.372537
-156.69269,20,85.372558
-1354.4285,10,85.456682
-1212.5237,14,85.553858
-1629.3911,16,85.640518
-10.092102,25,85.729662
-1036.2561,3,85.729733
-810.058,7,85.72975
-1514.2068,11,85.729758
31.345825,28,85.779839
-1884.9614,15,85.851444
1703.793,92,85.914318
-1549.6863,22,85.951664
1255.7046,68,85.951747
-1412.315,8,85.951824
-1718.4192,12,85.981807
-533.5428,18,86.00342
818.80273,44,86.016997
-135.52734,32,86.02836
-1961.9011,5,86.060754
-1534.0681,8,86.06082
-1072.7659,6,86.095646
-1911.9021,8,86.095766
-1637.4004,29,86.108713
-2547.299,5,86.149393
-1135.6189,3,86.149474
-1405.5127,16,86.149492
-292.9897,33,86.161849
-534.5327,24,86.184258
4440.098,122,86.207541
-81.183044,39,86.242168
-1065.4177,2,86.242226
1188.9177,45,86.242241
1070.6702,47,86.242249
-1069.9487,4,86.242255
-1434.2278,10,86.253485
-1163.0995,9,86.270155
-832.4419,7,86.295092
1127.9575,47,86.295183
-1622.2573,4,86.312438
4056.3286,123,86.312547
-1729.5887,6,86.349733
-1043.2512,4,86.349854
-1229.5508,7,86.349883
1607.5881,46,86.371087
-409.09912,22,86.371736
-995.0273,3,86.371788
-1286.0159,5,86.385294
-1237.4036,11,86.38535
-15.639221,43,86.385364
231.01929,34,86.385372
-1340.8083,5,86.385377
-1173.3123,8,86.385382
978.5494,47,86.434533
4024.5789,135,86.45439
-1821.1841,5,86.454466
-3903.388,11,86.494041
-1279.9592,8,86.514685
-1320.5955,9,86.526732
-893.17065,6,86.539669
-1515.2974,31,86.558376
-187.60919,21,86.589806
729.738,47,86.589893
-1092.2078,16,86.606302
-1932.4673,6,86.606388
-2099.2246,9,86.643929
-1043.2041,2,86.68647
-1976.1178,21,86.706563
-981.6944,7,86.722511
-1040.205,2,86.722578
-2828.6936,28,86.736464
-1022.69464,2,86.736548
-1730.5724,10,86.777099
-552.40735,21,86.798329
-1467.9307,15,86.798427
-1608.4473,4,86.798445
-448.96674,15,86.818544
-1042.9554,2,86.844672
-429.61615,28,86.844743
379.72388,37,86.863939
-1327.217,11,86.904497
-837.484,8,86.950906
-1117.593,12,86.950978
-1508.2185,34,86.950992
-1585.5166,7,86.981329
-1032.0198,3,86.996827
-1729.4541,11,86.99697
-979.18207,48,86.997
-1221.0164,27,86.997011
-1075.7639,6,87.0124
-410.57104,24,87.012465
118.0379,38,87.023766
-1016.2181,6,87.039788
-1114.6445,5,87.062818
-1004.51013,8,87.075752
-1321.7476,5,87.08688
-1965.7788,8,87.116233
1967.7732,59,87.138165
-1710.9775,5,87.138248
-910.63293,5,87.158029
-954.34485,7,87.158144
-48.88025,34,87.191025
-1340.6849,3,87.202232
-1600.1497,14,87.215222
-1247.9268,8,87.215334
-921.6096,6,87.215355
-1621.727,5,87.286017
-1034.4081,4,87.286082
-313.2727,17,87.286097
1532.5325,51,87.286105
1452.2767,55,87.299214
-1612.9944,5,87.299309
-1027.0913,3,87.345077
-1551.4663,4,87.385217
45.159363,34,87.385294
-1040.6547,2,87.385311
-399.74658,15,87.419918
3639.942,80,87.419997
1599.7612,61,87.420015
638.4338,41,87.420024
-1021.29736,2,87.449463
-889.4124,13,87.449552
-977.3598,3,87.461124
-937.6034,17,87.489481
-1024.7261,37,87.489575
-780.4891,7,87.500183
-1659.5131,7,87.529374
-1249.7509,14,87.529421
51.77777,30,87.52943
1349.4199,71,87.548229
-2072.2498,7,87.564508
-1034.4266,2,87.564568
27.544739,46,87.564578
5631.159,95,87.599268
-894.70905,10,87.613993
-43.129517,28,87.61407
-1026.7415,4,87.638458
182.21075,21,87.67116
-853.4026,33,87.705799
-308.9525,23,87.705871
-1036.7412,11,87.719241
-2415.3389,14,87.719321
-1027.0006,10,87.719346
-1194.7504,8,87.735186
-959.3217,6,87.735272
-1132.7794,12,87.735292
-1367.6042,7,87.769763
-1003.40857,3,87.769828
-466.3802,21,87.811486
-710.7084,20,87.825406
-1419.4846,16,87.825469
-1829.9971,9,87.849708
-1398.3754,7,87.849804
207.79419,33,87.849831
1302.9382,52,87.86421
1626.202,52,87.864298
-1330.6537,16,87.884084
-1047.9924,11,87.884168
390.71295,31,87.895472
-983.6894,4,87.911237
-908.6482,5,87.911309
-578.2201,13,87.940053
-1223.947,7,87.940124
-1005.7251,5,87.940143
-970.01965,8,87.964431
959.3977,65,87.96449
-1219.7928,5,88.005558
-996.22516,4,88.016052
-250.06134,41,88.047674
-958.43585,4,88.080247
-2308.037,13,88.080364
891.5133,42,88.109888
-676.74854,25,88.132603
-1096.7792,15,88.158801
-1292.0354,7,88.174418
15.34259,37,88.174495
-1021.243,2,88.187157
-4971.3145,28,88.187221
3467.6768,110,88.199139
-3568.1997,20,88.199242
-660.2544,28,88.214993
-761.87384,9,88.21504
-982.2688,5,88.253393
-1226.1108,6,88.265886
-1149.9291,5,88.265959
-878.09546,5,88.265975
-2482.8552,9,88.265982
-949.21484,41,88.287131
-1458.5881,5,88.287249
-1044.2427,2,88.30083
-1057.8169,6,88.312789
-1137.7292,28,88.334083
-1055.3152,4,88.334157
-1027.0939,5,88.366245
-775.9158,7,88.380639
-1067.6744,3,88.380772
-1660.3984,8,88.409485
-591.9708,18,88.409562
-1154.224,8,88.425052
757.11206,43,88.439106
-292.14667,22,88.439179
-213.29187,58,88.439206
-1355.2781,6,88.472611
-1557.4265,9,88.472692
-168.21796,34,88.495402
-1934.5063,18,88.524662
62.066223,39,88.52474
-1177.5048,7,88.524758
-1010.72766,4,88.524765
-1044.2635,2,88.548134
-1859.107,16,88.577715
-1748.0371,6,88.577778
-972.6516,4,88.577793
-1041.8179,10,88.59237
-915.6033,6,88.604842
-1616.4287,10,88.604913
42.331116,40,88.617113
-2512.837,46,88.646298
-2276.1104,16,88.64641
-955.6293,6,88.684308
-849.6454,7,88.684374
-1357.0952,5,88.684389
-780.6085,9,88.711147
502.94757,50,88.727254
-1792.7766,15,88.747332
-734.3157,6,88.771155
-1571.585,8,88.771221
-1920.3618,7,88.786196
-1890.0142,12,88.78628
-1258.647,5,88.786294
-1006.9615,5,88.818481
-976.1065,3,88.818591
187.2999,50,88.83842
-974.97644,5,88.8666
178.92633,40,88.866667
-1375.771,17,88.882365
-1376.8303,3,88.914455
-2049.4397,19,88.94946
154.34619,38,88.949526
1013.41724,34,88.949541
336.10504,43,88.949548
-1027.6663,2,88.97189
-2215.456,26,88.971946
-1278.3962,4,88.971962
435.06232,75,88.971969
-1041.038,3,88.988856
105.99347,37,88.988936
-1033.3807,7,88.988956
-1310.5044,4,89.053197
-1337.4728,3,89.053261
-1692.0527,13,89.053275
-2846.064,11,89.053282
-200.2044,17,89.067812
-961.98615,5,89.067869
855.6646,39,89.095836
-1067.4929,2,89.095904
814.9732,37,89.131639
-230.44092,19,89.131746
-1040.612,2,89.158035
481.19098,42,89.158104
-926.9751,5,89.173622
-1005.9131,12,89.173705
-975.60504,7,89.173723
60.20343,25,89.187508
-792.6483,16,89.200846
1393.0503,84,89.200933
-3383.105,16,89.22694
-1437.3344,5,89.227008
-1644.8427,32,89.227026
-1620.224,7,89.251174
-997.4388,3,89.265685
-1194.0396,16,89.278327
-994.6851,6,89.278385
-1030.9933,8,89.278401
-1621.4049,8,89.278408
-2464.6255,40,89.296755
-2261.1694,7,89.297085
-1082.8986,18,89.313009
-1029.2719,2,89.333445
-869.832,6,89.388242
-1521.3723,6,89.416837
-1084.5404,4,89.451413
-442.76996,18,89.451502
-94.91589,31,89.529103
-979.931,3,89.529161
-1020.1945,9,89.529168
-592.39734,14,89.582929
-1052.102,3,89.583029
2169.6826,65,89.611673
-1618.1534,9,89.611783
-1458.5085,6,89.677581
-1190.679,16,89.700796
-897.081,10,89.724681
-1052.3735,3,89.75761
4448.523,101,89.757693
-2069.7207,30,89.78306
-901.98315,5,89.847797
-1024.631,2,89.847902
-1024.8717,4,89.882973
-1533.8567,13,89.930162
-1164.9025,3,89.964788
-1305.5173,8,89.964907
-347.3047,18,90.088207
-1696.5322,8,90.088285
-238.85468,35,90.215401
1397.248,52,90.254992
-1042.933,14,90.322221
-2793.472,28,90.322514
1634.5281,56,90.322533
-829.10535,11,90.336076
-1157.6605,7,90.368632
297.42462,40,90.368748
-30.814392,25,90.387723
-274.5495,42,90.40227
-1303.4357,20,90.423417
-734.11395,32,90.423756
-2637.345,12,90.423793
-309.2168,33,90.438411
1625.5868,52,90.452363
-1033.7118,2,90.452489
-1062.9479,4,90.486312
-999.7936,5,90.486386
924.70844,46,90.4864
544.1691,38,90.495606
-823.5535,6,90.511374
-1013.2412,2,90.511713
-1013.0919,5,90.511754
-1688.9934,13,90.537397
-264.39838,29,90.537443
-986.97925,4,90.558425
-1040.3445,2,90.590729
187.11206,34,90.590854
-873.23413,49,90.768028
-503.93405,22,90.768106
-1627.0286,6,90.768121
-748.68933,10,90.76813
-1385.2819,10,90.82535
-924.3524,25,90.855854
-1013.79346,5,90.919671
-1394.2542,17,90.919759
-1878.362,24,90.919781
-1149.4912,16,90.950843
-1051.5356,3,90.950939
-482.8178,20,90.950954
-901.8068,8,90.998724
-1338.3628,3,91.030751
-959.99426,4,91.068792
-1003.7005,5,91.068902
-16.246887,44,91.127503
-1105.7836,4,91.153515
-837.9011,5,91.153645
5091.8755,89,91.188784
-290.15582,33,91.217199
-1017.43097,28,91.243182
-1019.6021,4,91.243665
-1179.2329,6,91.243904
387.1546,27,91.278401
-1034.0603,2,91.278475
-2812.0789,18,91.296244
-2062.1838,15,91.350779
-2062.7412,15,91.350923
-1675.7908,6,91.394864
-0.17163086,90,91.413602
164.80902,46,91.432734
-1061.6481,9,91.45439
-168.37299,23,91.45445
-1034.9437,2,91.467549
-929.3578,4,91.467625
-1791.2444,11,91.503969
-1205.367,9,91.516312
-1044.896,36,91.542804
-1309.332,4,91.542889
9.363403,24,91.542907
-986.2041,3,91.559403
-1272.919,8,91.597228
-968.1515,6,91.616574
-764.1631,42,91.616669
-5195.0283,37,91.652659
-756.2845,7,91.653061
-612.3155,25,91.680161
-446.60403,30,91.714147
-1003.5053,5,91.754941
-1436.964,9,91.832996
-808.4802,32,91.833052
-1367.97,15,91.979314
-859.3395,37,91.979409
-1264.1013,4,91.979426
-1019.4155,69,91.979432
-548.70544,33,92.013223
-847.29126,6,92.042291
-1353.902,3,92.073473
-993.3622,3,92.073544
-1044.2345,2,92.105982
164.42548,38,92.106092
-1900.8308,14,92.106137
-1022.28284,2,92.139411
90.39288,36,92.166972
7032.315,146,92.1912
319.74176,26,92.280659
-234.61993,31,92.280743
-1456.4597,8,92.305212
-1370.3,10,92.340873
-399.92078,40,92.340949
-432.74408,38,92.340965
5966.285,139,92.378483
-955.93665,4,92.480562
-2057.416,13,92.543356
60.185303,35,92.60996
682.99493,48,92.62476
-1721.1163,10,92.62484
-3187.883,20,92.639968
-1727.6445,12,92.640009
1190.168,44,92.651543
-1596.7183,7,92.669193
-938.82275,4,92.669291
-1866.9313,16,92.681314
-965.52747,3,92.681371
-1433.5354,28,92.701319
-1679.6031,22,92.720505
796.0311,52,92.824466
-872.10675,39,92.824548
-1455.2617,9,92.824567
-1475.9323,6,92.965523
-691.3011,33,93.000773
-2081.1418,11,93.063206
-1192.0355,8,93.093823
-1042.1514,4,93.093901
-1008.72845,2,93.134643
-1030.5984,2,93.17156
-1621.317,35,93.21318
3613.3965,73,93.213228
-1925.3022,14,93.263462
-718.93567,26,93.290959
-1032.6937,2,93.320387
-2210.3328,12,93.320472
-1120.2635,8,93.373496
-1968.4896,12,93.373593
9611.454,188,93.373612
-2094.39,10,93.409918
-3019.0288,36,93.409962
-1022.77094,8,93.409971
453.0816,33,93.409976
157.91827,22,93.436055
-1151.5488,24,93.436136
-1205.2803,17,93.461556
-1280.4701,6,93.46162
-1037.7072,4,93.498984
-932.05786,4,93.499178
-2161.018,23,93.499198
-793.67255,28,93.531903
-1020.6185,2,93.556368
1823.5955,54,93.626678
-90.74347,43,93.691
783.42426,74,93.731722
-1645.8403,12,93.782312
66.553345,33,93.782543
-1942.2129,12,93.808555
-1212.1351,7,93.842085
-1239.0247,11,93.842177
6201.5405,126,93.873744
-721.53955,17,93.932012
-1637.2062,15,93.932538
-809.36884,7,94.000549
-988.9893,5,94.000627
-2815.1626,16,94.032496
-319.18896,16,94.061684
-942.6578,7,94.061787
-2732.3164,24,94.061803
-972.8591,3,94.096661
-777.91016,20,94.127975
-1031.8845,2,94.172811
-1064.9901,4,94.220216
489.9143,41,94.259991
-1045.7439,2,94.338761
-1574.991,14,94.369751
133.25433,32,94.369837
1173.8103,73,94.41037
-2005.606,11,94.468104
-1958.316,17,94.515143
-480.05713,23,94.539216
-1104.5542,4,94.64425
-1359.0458,19,94.666957
706.7767,46,94.667086
-439.3286,28,94.722919
-1001.7376,4,94.795498
-1114.5432,26,94.795612
-905.75476,46,94.875432
-1374.456,47,94.89536
-575.64136,45,94.895421
-1210.6721,21,94.960119
-944.95966,2,94.960199
-1071.61,4,95.001693
-310.29327,42,95.037699
-1007.2669,4,95.037779
-1032.1292,2,95.037798
2215.366,53,95.073792
-1024.4338,2,95.108286
-278.98035,29,95.108419
-2694.4968,34,95.15959
-1003.41376,4,95.184584
-1266.9253,4,95.2243
-974.2102,4,95.224411
-330.81445,32,95.224437
-1273.019,7,95.251276
-988.46783,3,95.313252
-840.6403,10,95.350729
-2543.2295,12,95.379364
426.75873,43,95.379452
-1030.6652,34,95.412444
-185.19128,63,95.446838
163.40851,26,95.479883
287.85858,44,95.546781
-1905.6025,7,95.613059
-882.97534,4,95.61316
2592.6555,77,95.642764
1518.5635,60,95.680106
-1407.0449,10,95.6802
-1744.2383,14,95.722046
-945.66034,12,95.838315
-944.5022,4,95.838403
-1714.0549,7,95.883596
1406.8726,48,95.919888
-1030.1619,42,95.920071
-726.98816,19,95.984499
-831.8148,15,95.984576
-1049.1125,3,95.984604
-1513.2825,9,95.98461
-2417.8762,13,96.021936
-504.69968,42,96.021993
-2809.7244,5,96.022004
-1147.5516,6,96.056057
-1182.4369,13,96.08603
-1351.2577,12,96.157369
1997.4863,56,96.21773
66.05951,31,96.266836
520.8172,57,96.30058
-1336.2284,32,96.300696
-1070.5828,18,96.30073
-1372.5731,8,96.300756
-2082.2915,14,96.389016
-1044.2139,2,96.389311
-1958.6572,11,96.389343
-2.1446533,49,96.422283
-1164.6184,14,96.45938
790.4424,53,96.459442
-563.43604,15,96.472812
-1466.563,4,96.472883
-367.99384,33,96.4729
-1418.3822,8,96.483985
-1445.6451,9,96.513585
-1189.8356,12,96.513664
-329.81317,20,96.528667
2139.9128,56,96.528745
-984.52344,5,96.540418
-729.5655,16,96.540492
-1802.273,46,96.576941
-270.38147,20,96.577044
-1281.8113,25,96.577063
-372.831,48,96.602149
-989.49536,4,96.613787
-518.98956,57,96.638409
-990.19244,3,96.653615
-1457.832,13,96.654275
-1790.8374,29,96.668358
-851.8697,9,96.668446
724.58344,30,96.681137
-1028.4766,7,96.796264
-1059.3076,16,96.853817
-2424.9836,21,96.853874
-1062.5687,25,96.853889
-1063.6912,2,96.91151
-974.775,17,96.941383
258.94855,24,97.039042
-1001.63995,34,97.084284
-1843.7937,7,97.084353
-1416.625,29,97.158648
-1035.7479,2,97.158717
43.499146,34,97.18328
-574.6045,26,97.238005
-816.11,26,97.264604
-693.92834,31,97.264863
-2312.546,5,97.280373
219.41058,25,97.299593
-2786.6118,16,97.319484
620.3551,38,97.352984
-737.5748,9,97.382989
-378.81238,17,97.41873
-647.5931,45,97.44969
-1035.0668,3,97.44988
320.69055,34,97.449963
-411.4818,31,97.507948
2137.5725,52,97.581889
2887.8408,64,97.659945
-1531.8506,10,97.758132
-1567.8341,4,97.795356
-1327.5471,24,97.795436
-847.42096,49,97.832983
-1294.7778,39,97.833074
-650.4911,17,97.863355
-640.35034,14,97.891366
-61.723877,23,97.914889
-1127.3405,32,97.914949
654.77655,57,97.914963
-1261.0354,4,97.914969
-2185.417,4,97.950743
-545.66956,27,97.980875
-1012.2701,3,98.015397
-1187.156,19,98.015498
-557.5437,17,98.045382
-983.97577,4,98.045495
-1988.9011,16,98.096662
-1026.371,2,98.09671
-919.45844,5,98.149666
-1051.1914,3,98.183913
896.72894,53,98.215616
467.50983,54,98.263657
-930.4687,10,98.284338
-1043.4907,12,98.284416
-1039.8679,10,98.342345
-922.5033,19,98.342445
-1009.84625,16,98.371088
-1367.6609,3,98.371422
-859.80054,37,98.371445
2282.1416,54,98.439323
-608.32245,21,98.465469
-1024.8623,2,98.494906
-1079.0989,10,98.576977
-1305.6841,21,98.640745
751.5866,44,98.640846
-1168.0679,10,98.666024
-808.17645,7,98.666117
-996.077,2,98.699569
-1756.7902,20,98.699637
-625.2306,17,98.752946
-879.4698,6,98.753063
991.3796,49,98.753093
1603.2583,51,98.77655
-943.2007,14,98.77664
-1035.726,2,98.803196
-935.72577,4,98.803338
-2996.2537,12,98.840145
-350.3086,60,98.840246
-1027.5754,2,98.868562
-1421.1204,36,98.868676
-578.73,24,98.894943
-1767.6011,6,98.930298
-1058.7603,3,98.930392
-1948.9467,11,98.967926
-1010.2319,5,98.995291
-1049.4717,3,98.995401
-988.695,3,98.995418
-1310.4043,23,99.016287
2014.6775,55,99.016409
-1030.4391,2,99.030272
-978.8754,7,99.030331
-1223.9297,10,99.062402
-699.4097,13,99.133398
-1327.8961,34,99.133471
-985.1349,3,99.133485
-2584.6929,5,99.165957
198.19183,34,99.211128
-1691.6619,43,99.21121
-1142.723,18,99.211226
-2163.1165,16,99.240248
-989.865,4,99.258317
68.10126,33,99.288512
1724.5775,48,99.313204
-832.4182,6,99.376126
-1468.2883,5,99.376222
2594.1804,68,99.445003
-989.55676,17,99.445086
-1482.7133,16,99.471436
-1023.8393,2,99.498361
-1283.795,13,99.524057
-1307.011,12,99.524154
-491.76764,16,99.52417
-574.4781,29,99.558659
556.9495,26,99.558727
-1055.6154,4,99.589118
-835.3489,13,99.607771
-957.98926,4,99.641028
231.06958,28,99.680354
-1654.0962,22,99.680459
-1871.5122,6,99.68049
-844.3785,12,99.712784
-1851.8616,8,99.804071
68.48895,24,99.830716
169.55792,24,99.879794
-1180.4102,7,99.879884
311.2652,32,99.911608
-1190.7251,10,99.958972
-718.5707,36,100.010767
-1022.4851,3,100.035412
-2390.6157,20,100.093138
2621.5276,78,100.093201
-557.2595,18,100.119053
-209.27136,18,100.1441
131.1347,27,100.208816
-847.9478,21,100.26204
338.04156,26,100.262187
-1045.1992,6,100.327359
-642.89355,43,100.35722
-934.30237,5,100.357319
810.61176,44,100.523885
79.62091,22,100.523986
-1380.6743,10,100.552289
-1142.8553,7,100.55235
-1746.1893,42,100.552364
2179.8271,78,100.552371
233.47119,34,100.552377
-1060.5282,31,100.585133
-1015.874,2,100.610273
-930.03424,34,100.76663
287.10138,33,100.816407
-637.9861,24,100.816524
817.61017,54,100.842317
-514.8368,30,100.865141
-1564.6802,36,100.887619
-567.31903,14,100.931364
1029.0713,42,100.985458
1444.8287,85,101.012713
37.608765,33,101.01287
-1588.346,28,101.050814
-1127.1582,16,101.050914
-1378.4514,3,101.100911
-959.40045,7,101.13064
-1511.9053,21,101.130699
-2260.51,13,101.157478
-383.08893,30,101.185421
1989.7312,59,101.221819
-1798.9014,3,101.221961
-741.0617,14,101.270617
-215.2464,26,101.300402
-1670.4194,7,101.300452
-1257.9888,5,101.36015
-1041.8541,2,101.360201
-1013.0472,7,101.388986
1610.7,97,101.389079
-1002.378,4,101.420036
-532.3402,33,101.448304
-623.43506,26,101.475751
-1369.0381,5,101.534262
-1494.1052,19,101.550026
-400.02954,26,101.580794
-965.2473,8,101.580903
-1044.2635,2,101.613593
-1443.5042,8,101.613672
-964.08545,3,101.67663
-1034.934,2,101.676707
-434.07727,31,101.676725
693.87286,57,101.710186
-1001.5119,4,101.749615
-906.5054,8,101.851238
-1402.4229,19,101.851314
-2720.1064,4,101.85133
-1730.8026,29,101.851335
1144.6427,55,101.897656
-1303.073,8,101.927472
1387.7021,49,101.962911
764.3691,39,101.963
-1097.1442,28,101.963014
-27.62561,15,101.99159
-947.3138,5,101.991704
3505.7751,68,101.991762
-1429.3304,10,101.991786
-1581.6113,4,102.017791
-1028.833,2,102.042592
-1075.4628,4,102.06456
-1563.271,22,102.06464
-1800.6389,3,102.088305
-1041.1213,10,102.107191
-1031.851,2,102.163011
-971.8813,4,102.212166
-705.89825,16,102.212459
-99.31012,42,102.278288
-1092.3715,4,102.333673
-2704.712,13,102.370045
1360.6394,40,102.4037
-2291.2932,12,102.435414
-1053.2777,20,102.435828
-1104.4391,4,102.463579
-880.6743,9,102.463658
889.84595,69,102.513112
-196.0877,37,102.532033
-1629.0244,29,102.532133
-805.3349,6,102.557443
-927.1258,5,102.55756
-583.4241,18,102.593988
-986.2542,4,102.627482
-657.46423,26,102.733252
15.180298,31,102.733355
-1282.0428,14,102.776198
1089.2864,44,102.776448
-1539.8528,9,102.799836
-1817.0983,8,102.799925
-2020.4247,29,102.884932
-882.3763,4,102.885021
-973.04834,4,102.9178
-243.76617,26,103.01642
-967.5252,5,103.016496
-1304.5458,14,103.016513
-94.253235,37,103.016519
-1032.4647,20,103.016525
-1324.9817,10,103.05086
-1589.5522,6,103.0878
-1038.2452,2,103.087893
-99.67999,59,103.08791
-936.6461,25,103.172888
5574.929,92,103.212162
199.59497,27,103.212258
-973.86426,36,103.27625
3408.1704,73,103.321015
-946.1076,5,103.365574
1131.6104,49,103.396732
-1287.092,12,103.396813
1319.2812,49,103.41559
-1497.1842,14,103.451833
-1467.842,8,103.451894
-2170.3247,12,103.45191
-1761.0046,4,103.499117
-848.6494,8,103.499178
-1424.4475,11,103.499194
-935.9904,27,103.538406
4809.6895,85,103.538574
-1045.1301,22,103.538623
-1015.309,4,103.568639
-790.4569,6,103.568751
469.27374,34,103.607351
-831.9392,6,103.607404
-1520.5831,28,103.63883
-1088.7386,19,103.668428
-1153.6415,5,103.66849
-1025.2173,2,103.720549
-903.91547,7,103.720632
-44.197205,23,103.754196
2025.2034,62,103.754322
-762.6046,24,103.754358
-1459.6025,6,103.754368
-915.6758,16,103.778403
-1033.3544,2,103.77849
-1396.5029,7,103.823114
-2683.8657,17,103.845927
-2098.106,11,103.846007
1178.7372,46,103.880012
-2228.0334,13,103.913981
-2693.2932,6,103.914088
-1535.822,7,103.943828
-696.7474,18,103.989699
-225.3869,43,104.016747
364.83722,32,104.053737
-1050.6815,7,104.053928
-1039.4197,2,104.105423
-989.86615,4,104.105503
-1027.7455,2,104.163623
-2922.8235,16,104.216403
-831.87714,6,104.216501
-1092.2346,7,104.216525
-1594.9502,12,104.247349
-1431.6292,11,104.247473
-2001.7543,22,104.247497
-646.6648,14,104.277143
-590.0893,17,104.277226
-1347.8959,3,104.301401
-1277.6283,5,104.301511
-1026.7422,2,104.301528
-1180.4631,18,104.301536
-947.3948,28,104.337496
-1994.0142,22,104.337603
-987.4539,5,104.366009
-1381.9058,15,104.366359
107.88965,63,104.394854
-996.3002,3,104.425642
-909.16,7,104.425763
-439.4667,24,104.425781
-933.6158,6,104.46081
939.314,36,104.483673
-2931.1943,12,104.525182
-2703.2087,10,104.54815
649.97437,53,104.548223
-1043.8535,3,104.548243
-1054.5159,5,104.580759
-3082.2173,20,104.626832
-964.4878,9,104.653613
-1734.7924,10,104.667039
-988.88574,4,104.66711
-2408.4592,18,104.732912
-1023.6036,3,104.765837
-1340.7965,19,104.765925
-11.733459,33,104.765939
80.614075,33,104.815643
-1091.6936,20,104.815747
-1438.2166,45,104.815764
-1020.18085,2,104.815769
-1287.6016,4,104.83588
-347.42828,19,104.870684
-1018.32404,2,104.870798
-1252.2095,15,104.928886
-3365.803,15,104.961703
-1734.9719,11,104.982915
-830.7998,9,105.000676
-1019.88403,13,105.000766
-1565.0869,15,105.033105
-1044.7136,25,105.033176
-1378.7443,51,105.056235
-1761.678,5,105.208458
-1087.8381,9,105.208575
-1140.671,14,105.354393
-1093.6443,17,105.398365
-823.55145,38,105.398423
-25.139648,30,105.398432
-1219.1053,11,105.398439
-472.29443,17,105.479643
561.29095,37,105.47975
-1439.4578,8,105.516053
-1016.5949,3,105.516137
-1647.8848,4,105.51615
-1314.0312,9,105.550919
-964.4553,4,105.550971
-645.02594,66,105.55098
-1435.4972,6,105.644333
-1159.8369,4,105.705305
-1101.1051,11,105.846951
-1287.7887,6,105.860944
-1810.4233,13,105.890499
-1805.2064,13,105.890595
-1069.3075,29,105.890615
957.1187,49,105.890623
-2359.2712,14,105.915422
-536.3903,15,105.915572
-713.98615,18,105.930086
-389.01007,26,105.930205
-574.07385,45,105.954258
231.85968,35,105.996847
-887.34686,6,106.010085
-1044.2001,2,106.023254
-1810.6401,7,106.046431
-1018.64496,50,106.046487
-1777.5503,3,106.073422
-1919.3087,9,106.073532
-1234.2034,9,106.108007
-1044.5509,13,106.108065
-180.3288,35,106.10808
-934.18567,4,106.108086
-747.46405,15,106.108092
172.75043,26,106.121081
-1893.7689,27,106.139571
1115.6729,64,106.172168
-1711.9028,17,106.194852
1836.3453,50,106.215729
-238.3432,42,106.21583
-1692.2655,10,106.215844
296.14148,42,106.215852
-886.9978,6,106.215858
-903.7657,20,106.231691
-1030.8215,10,106.244954
-1191.7208,11,106.292491
-1352.2031,12,106.313447
104.25519,50,106.313506
-1868.949,12,106.326056
-1363.4052,6,106.326114
-1295.3552,27,106.337941
-1109.2201,3,106.357351
-1026.8556,10,106.371324
-593.5778,17,106.389848
-993.7295,6,106.442591
-948.7539,28,106.457868
-900.5037,6,106.457999
-1196.9083,8,106.500471
-742.76917,21,106.529315
-35.08069,21,106.529374
-456.03467,17,106.546006
-859.85693,45,106.558763
-956.1447,26,106.574013
703.9642,53,106.574099
-1373.6207,3,106.574122
-1027.0978,3,106.574133
-1658.7819,7,106.606599
-963.55853,4,106.621346
-1816.487,12,106.641214
4412.2803,122,106.64131
-1043.4879,2,106.675974
-2422.9968,6,106.676054
-622.3798,34,106.727387
-2054.392,12,106.727446
-892.0078,5,106.739355
-804.8877,37,106.752269
-1414.7256,9,106.752344
-838.9601,13,106.765783
-2576.9265,31,106.765902
-1182.9583,4,106.780634
-993.17303,3,106.803313
-2575.8381,15,106.803406
-1208.0331,14,106.815919
-214.24438,48,106.840374
-928.38245,5,106.840447
389.04364,46,106.840463
-1864.2961,37,106.868459
5459.1543,87,106.868517
-1264.0771,10,106.868531
-900.29236,4,106.896436
668.7679,66,106.909604
-1113.142,8,106.909692
-1298.6295,4,106.919908
-431.06213,12,106.932287
-2422.3748,11,106.932359
-1435.9755,6,106.946444
-1304.1254,13,106.9751
-1623.1445,10,106.975223
-1236.1199,10,106.97525
-1166.4911,6,106.997206
-896.0304,24,107.014912
-1001.85175,6,107.014967
-790.12427,6,107.028547
-1345.2726,3,107.028636
1482.8352,49,107.038826
-1002.8158,3,107.054349
-900.2252,6,107.068531
-1024.0026,3,107.068628
-784.9209,8,107.093989
-1353.1167,17,107.105846
-1027.9789,2,107.126747
-864.37665,7,107.126837
-940.4873,5,107.137564
755.0157,61,107.137632
-1027.5941,2,107.153882
-491.40253,64,107.153935
909.9865,37,107.171258
-1068.7583,2,107.186225
-1042.3549,2,107.210127
1086.5317,53,107.210217
-1534.6538,4,107.226449
-833.7958,7,107.226523
-1451.3905,22,107.226536
-1399.7886,7,107.23927
-1822.1211,7,107.239344
1687.1809,55,107.257459
-2061.2166,36,107.257527
-1475.5337,23,107.277372
-1726.7089,12,107.289073
-1148.8513,5,107.289154
-933.1633,17,107.289179
577.8456,28,107.30905
-991.1134,3,107.309127
-1824.3933,17,107.320435
785.2499,52,107.334839
2167.2197,69,107.350093
-1734.0967,9,107.363434
-1249.0823,8,107.380996
138.1817,30,107.398184
-1534.1199,7,107.412818
-895.0769,5,107.455698
-1225.6505,31,107.477735
-3385.5415,10,107.491881
-1510.4491,17,107.505699
-246.6643,17,107.505783
-2732.2246,19,107.525542
-985.6775,3,107.52562
-2539.599,14,107.562283
-1911.4144,17,107.574893
-916.252,6,107.574976
-609.90186,41,107.611475
-1141.9452,7,107.61156
-842.1609,7,107.627379
-1044.2089,2,107.639838
-73.72919,27,107.639928
-997.14166,21,107.687414
-1108.9374,18,107.687468
-1638.7122,11,107.687482
-1310.133,5,107.69953
-1061.278,27,107.69983
-892.63,28,107.731026
-1510.0391,29,107.731089
-1007.68005,10,107.731105
-1076.5764,9,107.74366
-1525.0813,13,107.758538
-579.0994,68,107.758608
-1027.8993,4,107.758624
-1373.5741,19,107.784146
-1031.0188,2,107.784206
-1189.5874,26,107.78422
-946.1063,7,107.784225
504.0631,43,107.796717
-971.6567,12,107.81579
-964.28375,4,107.815868
-1817.4192,6,107.8159
-882.5554,5,107.85403
-1013.2398,7,107.854085
-1748.8418,4,107.8541
506.11823,44,107.868871
-846.7908,6,107.868925
-1116.3052,11,107.881388
-975.55725,9,107.905429
-870.60803,7,107.951849
1508.1902,61,107.951945
6123.021,127,107.967974
-1749.0137,8,107.968011
-2248.6501,12,107.995293
-9.399841,48,107.995434
-299.29578,25,108.007154
-388.18756,30,108.022239
-994.8402,4,108.022295
-1057.296,3,108.022309
303.72693,50,108.039208
-993.34186,3,108.063954
-1393.7003,6,108.075113
-2915.658,21,108.088409
-1289.5808,4,108.088472
-384.33923,17,108.102531
-723.97217,9,108.102609
-681.2162,29,108.102633
1583.8433,45,108.116921
-1095.2037,28,108.131163
-245.4403,18,108.131223
-820.129,5,108.145007
-1176.3329,4,108.145081
-1724.4639,10,108.160706
-1027.0691,3,108.171845
-1566.6057,11,108.17191
-994.16895,3,108.184619
-862.87726,6,108.184695
-1202.9083,12,108.224252
-209.54523,20,108.235988
-1293.0718,6,108.262183
714.5213,42,108.273815
-1765.2151,8,108.273879
-1045.2689,4,108.291202
-1084.21,15,108.322539
-1972.9167,12,108.322929
3704.418,104,108.32296
-728.4944,25,108.343948
257.1313,32,108.344035
357.42627,45,108.344053
-1703.2142,17,108.366916
-1013.31055,3,108.380223
-1431.9951,4,108.380292
-1015.29736,5,108.392222
-1867.1106,15,108.392283
200.52814,30,108.423615
-2355.9397,5,108.444575
-71.20825,26,108.455399
-1487.7202,5,108.467527
-803.6174,14,108.480902
-1125.87,18,108.480994
-1260.2544,11,108.499647
-2548.0286,7,108.49972
-907.9814,11,108.499735
409.95074,41,108.49974
-1027.8069,2,108.512127
-1378.7434,13,108.512187
-1156.3785,3,108.539467
-1292.1732,11,108.539557
-1569.0344,8,108.539572
-1962.3811,13,108.563093
-1259.3606,4,108.563165
-1406.9199,7,108.60493
-1595.1578,55,108.604998
-1007.7405,23,108.605015
-176.38245,36,108.616443
484.5558,34,108.627803
-774.89075,16,108.667582
275.59216,41,108.67874
-1391.2655,6,108.678804
-1223.2294,5,108.694011
-2123.533,16,108.707594
-1490.5155,12,108.707691
-1026.9183,2,108.746638
-946.0411,5,108.74673
-912.7547,6,108.780429
-1259.8992,7,108.791712
-1984.9266,6,108.814375
-643.73395,36,108.814435
-1577.322,16,108.839611
-1114.0966,8,108.877276
-1053.6182,28,108.877329
2156.1565,70,108.897751
299.83014,21,108.897831
-327.66473,27,108.914096
-1123.4491,8,108.914174
1830.3846,53,108.958686
-1560.4608,6,108.975572
-448.99115,30,108.975649
-2078.479,7,109.001258
-737.6316,13,109.025298
-414.3426,13,109.045723
-1335.0638,9,109.060029
-147.41162,33,109.110218
-879.42816,15,109.110309
-1004.40906,3,109.110327
171.80865,25,109.122715
-2013.1248,33,109.158387
-989.04376,3,109.183074
-2982.0115,35,109.183137
-611.1569,13,109.232614
-118.36908,24,109.245816
-1320.08,9,109.281209
-875.0527,6,109.295848
-979.5962,11,109.309026
-1110.0939,6,109.322925
-1464.2317,6,109.338457
-501.18665,49,109.35249
989.3974,49,109.353666
-949.7667,5,109.353703
-1081.6008,3,109.389871
-1077.4154,9,109.425476
56.36554,59,109.425575
-1586.7002,8,109.438656
2628.6138,59,109.451883
-205.82043,23,109.487426
-1397.5374,5,109.520168
-1536.8091,6,109.556173
5542.565,114,109.583043
817.17645,80,109.583103
-1584.5552,9,109.583125
-789.6605,7,109.608555
-303.00385,42,109.608623
170.43573,41,109.608641
344.69366,27,109.632727
155.10626,39,109.643416
-1073.1466,2,109.658918
-1055.2207,3,109.659
-1057.0975,3,109.659015
-948.80664,21,109.678636
-1547.3704,9,109.708836
-965.367,9,109.724187
-1821.2078,11,109.759609
-837.2672,6,109.778663
-1121.9401,7,109.778813
-534.84906,23,109.778835
-1025.2115,2,109.809124
1665.3239,54,109.821382
-208.76141,24,109.821444
-932.2705,4,109.841703
-2420.5283,16,109.84177
1311.8267,41,109.841787
-1000.47577,5,109.855055
-704.7529,53,109.85512
-1024.5037,2,109.855137
-991.9394,3,109.895239
-970.3556,6,109.929182
109.69934,37,109.944281
-1026.2565,7,109.944375
884.51,58,109.966329
-1030.6488,26,110.02179
-1004.4301,12,110.021857
-662.69617,14,110.033522
-1487.0037,7,110.045867
-573.3322,15,110.084151
-310.63635,36,110.098492
421.95367,32,110.136342
12.575989,69,110.136403
-1439.2803,8,110.149081
-21.701538,29,110.149153
72.25513,28,110.14917
-1007.5612,4,110.188976
-983.8387,4,110.189044
-989.2943,13,110.200361
-1035.4907,3,110.227529
-1753.9674,7,110.241432
-563.34143,22,110.241502
-2837.2456,18,110.276692
3147.127,60,110.276795
-906.83185,5,110.276827
936.49445,37,110.312442
-980.0694,35,110.324488
933.3942,44,110.324558
2073.7703,67,110.346072
-1386.675,7,110.35734
-1476.3193,9,110.380023
-1533.6158,6,110.38012
-243.2821,29,110.396901
-1239.3662,7,110.396998
-1649.8441,14,110.419016
-1345.8331,7,110.444573
-1609.876,23,110.444657
-460.15607,19,110.444676
-2693.1638,9,110.456615
-1878.1418,38,110.471754
-1044.1946,2,110.486444
-1810.3333,13,110.486511
-1070.0271,4,110.499325
-700.17303,24,110.515073
-1447.7695,10,110.539886
-1707.8322,11,110.562466
-882.44574,6,110.62554
-1466.1713,14,110.679589
10297.131,192,110.701737
-2170.1055,42,110.716233
-106.005615,30,110.716294
-888.41486,21,110.760487
-1111.6816,8,110.760555
-1255.5891,19,110.771945
-1669.5706,13,110.772011
-402.28424,49,110.784638
1384.2656,111,110.784744
101.28723,28,110.795963
-1027.9265,2,110.796033
-1336.7085,3,110.826062
-993.5485,5,110.826123
-1010.2609,4,110.840178
-2579.0732,10,110.840232
1714.6511,66,110.840246
-1215.2495,10,110.85204
-3648.752,36,110.875437
2346.82,65,110.910948
-1022.5373,2,110.911057
-1623.3711,6,110.911078
-1223.5712,11,110.92691
-1080.4963,12,110.927014
-982.90466,8,110.940889
-1007.7078,4,110.98628
-945.4348,5,111.000965
830.2382,37,111.001045
-9.196716,34,111.001061
914.85236,41,111.001069
1046.9097,45,111.01256
-1404.9493,6,111.02453
-1340.888,22,111.045656
-1380.2759,4,111.055801
-958.1619,12,111.09385
-1678.6453,4,111.093925
-2184.3022,19,111.118445
-806.37244,42,111.118503
-1181.313,19,111.131431
-1203.3079,26,111.166229
7184.7266,156,111.179237
-879.4291,7,111.179283
-1084.0334,7,111.179308
-1490.688,11,111.19406
133.54749,47,111.194125
4226.549,103,111.194141
-692.0845,7,111.219914
-1015.4881,3,111.219967
-419.29462,58,111.243877
-1201.2324,10,111.255391
97.162964,33,111.268599
-1306.439,8,111.293393
-1078.3772,8,111.293466
-958.088,21,111.308842
-669.2666,14,111.308917
-1004.2903,3,111.308938
-1378.6295,9,111.331197
-2254.7478,11,111.331264
1362.1885,66,111.331282
-297.07642,35,111.345798
-1005.87524,2,111.345881
-938.6454,10,111.345899
-969.2401,3,111.362068
-946.6174,4,111.362148
-1147.128,32,111.384793
-1012.9131,4,111.384859
-2784.8345,28,111.384876
-1019.2665,6,111.408348
-1112.887,8,111.40843
-995.09863,16,111.43183
-1350.0289,3,111.470033
-1417.4373,7,111.482955
-1118.7432,10,111.483039
339.31702,37,111.49619
-1346.9506,8,111.496268
-1250.3572,6,111.496282
-536.281,17,111.496288
-718.77185,21,111.530251
746.7558,38,111.530314
-191.31433,41,111.598715
-2034.3589,6,111.61101
-1877.6519,10,111.637881
-2939.9749,15,111.653351
-1883.897,66,111.653423
-1153.1089,22,111.684262
1386.6647,47,111.698458
-974.4199,5,111.713488
-1015.02124,2,111.713592
-2793.8599,14,111.71361
-375.68903,32,111.727325
-2076.3462,25,111.727395
-198.66241,26,111.760717
2363.0232,63,111.78013
-865.7863,18,111.791826
-1066.5476,16,111.791887
-997.4022,2,111.817647
-1297.4302,5,111.817707
-894.6612,15,111.829126
415.6187,59,111.829209
-1706.0249,20,111.862324
-341.04395,31,111.879315
-997.97003,4,111.87936
-997.5604,3,111.879368
668.53143,36,111.879373
-1306.6785,8,111.890895
-1593.9485,16,112.037941
-1044.2635,2,112.038032
-101.70349,27,112.05202
-984.4284,3,112.064155
-631.9215,15,112.094301
-1718.0537,6,112.125215
-1446.5037,9,112.161191
-1654.0173,6,112.186861
-1496.898,5,112.186973
-20.783081,32,112.186999
-1044.2344,2,112.210444
-884.7572,8,112.210525
-1055.9915,3,112.243974
-1287.1609,11,112.262555
-1700.9797,30,112.26264
-938.21027,4,112.278129
-155.1831,25,112.296699
-339.653,15,112.296794
-1335.757,20,112.309981
-775.2697,20,112.331759
-652.91876,28,112.33183
59.936096,28,112.342624
-994.459,7,112.364469
-1016.79486,2,112.376764
-1523.2129,6,112.376838
-2591.1028,15,112.376856
-1219.1963,3,112.376864
-437.5385,30,112.389399
-1055.6315,3,112.402748
260.92847,45,112.402824
-2649.3901,6,112.402842
-1045.4268,3,112.42087
-1232.0051,3,112.420944
-1029.343,2,112.444837
-374.1336,66,112.444922
-2708.38,39,112.462307
-1070.2727,2,112.462425
-1520.2817,5,112.486173
-1040.8768,2,112.486236
-2468.2058,18,112.503169
-454.64215,17,112.503257
-1078.059,3,112.547344
-50.659485,35,112.54743
-862.2273,13,112.547449
-601.3803,31,112.56186
-1979.4167,11,112.613391
-2103.9539,20,112.613468
3370.7856,66,112.613484
903.57043,39,112.638093
1257.8755,70,112.663352
-917.04974,10,112.663432
-1801.5123,10,112.681545
-1591.2634,7,112.711718
-1274.6987,11,112.743244
-1341.0892,29,112.74333
-1261.9407,5,112.743349
-909.0952,5,112.798176
-974.22156,14,112.79827
-980.5406,3,112.833462
-1102.834,23,112.858824
-1019.28876,2,112.858893
-1756.3907,7,112.873292
-1475.2198,21,112.885403
-5580.6123,16,112.89784
-892.88086,10,112.897919
-909.1378,4,112.911386
-934.0178,4,112.911471
-929.85,17,112.925903
-2387.6743,18,112.925993
-584.93567,35,112.926013
-1377.3936,15,112.941256
-1352.4554,3,112.941336
-915.3371,16,112.941353
-1323.4883,17,112.978967
-2211.9812,28,112.994015
-1405.4008,32,113.016687
-462.59656,21,113.016758
-996.09045,2,113.04724
-1661.664,16,113.047281
-904.7656,4,113.04729
-1772.9841,8,113.047296
-93.96039,42,113.06563
-1003.9116,3,113.099764
-1975.2148,13,113.099848
-1679.0577,4,113.123185
1291.1313,45,113.123276
-768.3508,12,113.159154
865.52655,41,113.15924
-939.2609,4,113.223202
-622.0768,16,113.223252
-828.44836,6,113.223263
-665.2505,15,113.269194
-1770.4261,8,113.352262
197.34888,30,113.378515
-1734.8821,12,113.378561
-893.4496,5,113.378571
-821.38385,6,113.410449
-1669.837,8,113.451165
433.4942,31,113.451202
-1465.0706,12,113.50565
-1619.9714,13,113.505741
-451.5385,24,113.505756
-127.97681,27,113.529015
-1026.3905,2,113.547688
-197.88208,31,113.637288
-775.09155,8,113.637348
-458.77924,20,113.650683
-684.3627,29,113.678539
-3539.4465,14,113.697646
-1792.5939,11,113.716535
-1025.5082,13,113.716887
3382.691,79,113.733295
195.85504,32,113.763492
-860.30524,30,113.763587
-918.28906,7,113.795962
-1302.3262,6,113.840871
-2698.8748,14,113.885271
-637.1581,17,113.93778
-358.1209,22,113.937859
-3117.287,22,113.937876
-926.85846,4,113.979313
-736.8576,9,114.058455
-1588.9183,8,114.05858
-3590.0088,15,114.100042
703.9715,72,114.137822
-942.93866,28,114.137883
-1023.9409,3,114.182423
-1654.5359,12,114.182532
1638.9312,51,114.182563
606.462,48,114.182576
-1142.3093,3,114.211107
-1001.1732,3,114.250605
-841.82635,20,114.295602
-1031.9763,8,114.353584
-1008.3368,5,114.353655
-288.60712,64,114.372402
-1028.7537,2,114.393987
-1932.5315,13,114.394073
-584.91846,13,114.394093
-989.33246,6,114.419809
-1408.9818,6,114.43529
-691.1754,9,114.435345
-1355.3704,14,114.43536
-420.87463,19,114.435367
-915.2971,23,114.49811
-940.8863,4,114.49817
-3633.073,13,114.498194
-1074.7563,15,114.513644
-969.6719,27,114.513743
-1044.238,2,114.537472
-2895.5808,16,114.552577
620.6816,39,114.564011
-1550.7765,14,114.628912
-1101.0824,8,114.628989
-953.5205,20,114.629011
-1160.258,13,114.648896
-2002.1489,18,114.66081
2661.309,56,114.68007
1268.8367,76,114.680129
-2027.198,16,114.680143
-206.1452,19,114.692378
-713.51196,16,114.692459
-1594.1796,9,114.713143
-1062.731,6,114.73687
-998.8001,3,114.748745
-1031.5391,2,114.748823
-3570.0432,14,114.74884
-889.02374,9,114.790355
-955.9324,4,114.790422
-2546.8552,16,114.790438
-1324.749,60,114.803388
-1587.3435,8,114.815263
-700.461,42,114.848541
-1919.2836,21,114.848621
-1528.0883,4,114.848635
-909.6145,5,114.861753
-1400.3268,8,114.861843
-1238.1243,9,114.883227
-2654.8252,16,114.908579
-246.82306,33,114.931205
-4639.346,31,114.931265
-1870.206,9,114.93128
-193.49945,49,114.945464
-1238.4966,4,114.945529
-1030.1964,9,114.945542
-784.3462,26,114.966393
-2279.1167,9,114.994072
-997.38385,3,114.994141
622.4745,33,115.019847
-1363.5355,3,115.032429
-1733.3857,12,115.032521
-1704.2786,8,115.045117
204.5346,28,115.059959
263.54657,43,115.076839
-1549.394,10,115.076896
-1398.9691,5,115.121091
-3152.5537,12,115.133898
-1157.3158,9,115.159647
-943.85895,6,115.19368
-55.35254,29,115.227895
359.30115,33,115.227991
-284.4295,34,115.250036
-1041.4979,2,115.30985
-1241.9506,7,115.366787
-1786.9062,26,115.413029
-1066.2102,2,115.413095
-3133.9053,22,115.466499
-1291.272,41,115.480086
711.29767,33,115.497892
-1005.85864,4,115.497952
-682.84607,8,115.497967
-1087.8228,7,115.497974
-817.0063,12,115.528769
1868.3691,102,115.528859
-1080.3417,6,115.545495
-1440.7451,27,115.545713
-453.9394,21,115.559967
-1040.0232,29,115.56004
-1286.6553,76,115.58331
-1100.8431,18,115.583637
-907.9942,6,115.58366
-2364.6729,4,115.583667
-1330.8375,4,115.583672
-1203.044,25,115.612868
-993.0663,3,115.632932
-1562.0393,6,115.649571
-973.9245,4,115.649653
-969.2245,4,115.649671
-302.82507,18,115.649677
-1033.9803,3,115.684621
-1917.9841,4,115.698092
613.13684,36,115.726825
-1186.8077,10,115.726896
-999.9085,14,115.752377
-725.78107,17,115.766456
-1044.1927,2,115.766638
-1606.6272,10,115.766658
-2494.7183,6,115.807932
-1044.4646,6,115.832945
-1655.8328,5,115.848398
-14.590393,22,115.860878
-1021.84436,2,115.860945
-1224.6753,6,115.860962
2134.9016,53,115.879328
-1680.7753,15,115.879404
-1276.9825,8,115.879419
-1445.2413,8,115.907987
327.5769,55,115.90806
-1006.9252,3,115.908077
-1045.3457,3,115.924319
-69.78088,26,115.938655
-1283.9048,24,115.955969
-1033.3156,3,115.971982
-1041.4886,4,115.972054
-634.34985,44,115.972068
-1428.7958,6,115.972075
922.7156,45,115.972079
-416.16504,29,116.001363
1606.345,57,116.001422
-1285.1624,4,116.001437
-976.65515,5,116.061306
-1042.2424,5,116.086454
-1069.3864,11,116.10763
-1025.1552,6,116.107773
535.9779,29,116.170538
-2124.458,6,116.170631
-960.96515,12,116.170648
-1608.4348,6,116.170658
-1005.4812,4,116.205108
-1178.874,9,116.205426
-1025.3008,2,116.234048
-1473.8854,6,116.29357
-1046.7286,8,116.293684
-967.00684,4,116.327687
-378.4272,15,116.359819
1351.1492,39,116.359906
-1447.05,42,116.401917
-1643.4546,9,116.402015
318.12238,37,116.402033
-901.92505,9,116.4213
-990.2305,3,116.421388
-2125.9617,7,116.435792
-1475.7792,24,116.449617
-356.299,18,116.449699
1380.3728,47,116.459958
-446.15717,27,116.460027
-2519.926,7,116.476693
-1013.1777,2,116.49872
-1281.8555,28,116.498822
-1458.8671,7,116.580442
1655.6332,66,116.580529
-978.599,39,116.580554
-452.20355,17,116.598399
-1801.1455,14,116.618524
-2470.7964,32,116.647466
-1298.8887,25,116.68579
-349.44556,38,116.685875
-1033.942,3,116.6859
-1529.191,16,116.700327
-2438.27,28,116.700394
-953.9553,4,116.736315
-898.6888,15,116.736396
-1037.9984,2,116.736419
-849.23724,16,116.76512
-901.2828,6,116.829168
3608.6206,111,116.829252
-1291.0902,17,116.89154
-1196.7483,23,116.891661
-1758.3899,20,116.944538
-154.22614,24,117.002175
-856.167,8,117.002259
-988.106,5,117.002278
-1002.7,5,117.002285
-2591.5623,10,117.045088
-1146.5422,17,117.093374
299.80035,28,117.093478
-1333.6593,3,117.093506
-1904.8827,14,117.124988
-877.8078,8,117.148093
-339.87823,32,117.168402
-2351.4617,14,117.168493
-985.9904,4,117.203403
-961.14545,7,117.203468
-1018.56055,2,117.227559
-1092.4224,15,117.227685
-801.5303,12,117.254958
-927.3386,4,117.255063
-2278.6145,18,117.283555
-512.4816,45,117.283621
-954.6361,4,117.316756
-1438.2627,8,117.316839
-983.4041,3,117.388666
-981.34955,3,117.47606
-2932.774,8,117.47615
-2261.8196,21,117.5221
-1010.96185,3,117.551649
-808.96185,12,117.578453
-633.5903,16,117.607132
-17.482178,36,117.607212
2611.1548,56,117.642709
-1330.397,14,117.6554
-1065.1842,35,117.666792
-1363.4663,4,117.681547
-1436.1292,19,117.681613
-1016.4678,2,117.681628
-1133.6215,5,117.69537
-89.839294,20,117.718925
-396.9336,22,117.74781
-912.50323,5,117.761684
-1044.2358,2,117.784621
2121.9355,63,117.784666
-2569.2144,33,117.798571
-122.05609,23,117.79864
-985.3549,3,117.844695
4098.366,96,117.844785
-958.0006,5,117.871519
-1771.4814,12,117.871589
-1821.313,19,117.89746
-498.63876,14,117.917535
-1100.9858,8,117.917633
-975.4128,3,117.960404
-730.8428,24,117.974182
-273.04138,26,117.974247
47.395264,39,117.974263
-1705.842,12,117.97427
-1998.6184,8,117.99055
-917.16956,5,118.018512
-2722.5918,12,118.018594
-2818.4263,23,118.042611
-997.3442,3,118.042699
-2169.4634,18,118.042718
-1728.1897,9,118.042726
-1075.4626,7,118.07219
-1029.6598,2,118.097567
-575.5156,30,118.191069
-933.7185,5,118.191179
-1361.4071,10,118.22831
-832.1511,6,118.228394
-805.9935,7,118.253847
-777.90845,10,118.253967
1879.371,51,118.280674
-995.40674,3,118.310247
-974.0645,3,118.310361
-933.24493,30,118.371664
-1552.4702,13,118.39434
-1728.5913,9,118.442219
2319.184,50,118.463628
-891.0805,7,118.463717
-1504.9303,7,118.497321
-948.3791,4,118.497446
-395.58307,19,118.524911
-1043.9523,2,118.52498
-771.28687,21,118.555559
-1692.4873,13,118.60889
-891.102,6,118.608969
3124.0146,66,118.644509
-1068.681,4,118.644634
-1031.5828,2,118.684507
-990.284,3,118.684617
-767.2607,8,118.713661
246.91278,27,118.713708
-2261.2395,17,118.768155
-1042.4879,4,118.797139
1055.8613,88,118.826412
-1177.6299,9,118.851328
-977.00104,5,118.851407
-764.8842,7,118.878912
-1089.8762,5,118.878985
-1699.4712,26,118.879002
-955.05,4,118.902359
2054.1917,78,118.902417
-1102.4645,5,118.902431
-465.9364,18,118.919853
323.41266,31,118.91992
-418.29034,18,118.935445
-4089.6348,33,118.935591
-1028.9647,2,118.93562
139.9433,45,118.951903
-1025.5787,3,118.964199
-910.95605,4,118.964273
-984.0575,3,118.975121
-1689.478,7,118.986486
-1643.5234,8,119.013232
-2305.579,6,119.013296
-1478.49,11,119.039946
-1280.9834,16,119.07768
-1838.707,22,119.077758
5351.038,112,119.090648
659.6223,26,119.102646
-904.09814,31,119.131249
3955.2847,104,119.131336
-1822.2383,17,119.145664
-697.7809,16,119.158643
-1130.6228,8,119.186419
2627.636,73,119.186481
-737.2569,47,119.200777
-2289.7925,14,119.200868
-1305.7278,7,119.244399
-1267.9321,15,119.268219
-193.67334,23,119.319556
1975.5234,48,119.319649
-1028.5994,2,119.319669
-935.75354,23,119.319674
-931.9663,7,119.349374
-503.38406,20,119.349508
-992.581,4,119.349532
-952.42444,7,119.387831
-1035.3257,2,119.422106
-1010.5967,4,119.451141
-198.34692,26,119.451212
-1025.2322,2,119.451227
-3370.6082,10,119.451233
2913.4456,64,119.451239
-212.54071,73,119.487391
-1036.0853,4,119.487526
-466.5313,35,119.487559
-1118.0994,6,119.517683
713.76245,35,119.552826
-1011.56555,3,119.552932
-1029.6464,2,119.552951
-2706.9392,20,119.587987
-927.441,4,119.588054
1397.3877,50,119.588068
-1489.6936,5,119.621717
-1027.0167,2,119.65508
-2228.7915,19,119.687767
-1572.7415,11,119.687893
-1003.90045,2,119.722444
-866.1881,21,119.722499
-1002.8457,7,119.722513
-799.1655,6,119.775003
-925.70044,4,119.835195
882.903,37,119.835297
-1234.2155,6,119.868836
-1507.3567,10,119.868919
-3005.0356,13,119.90173
-1407.0563,11,119.932133
-957.93475,3,119.965153
-1022.3207,2,119.965261
1759.0667,46,119.992217
-484.17352,18,120.023073
-1366.0168,11,120.055307
-1023.55145,12,120.066019
896.1352,35,120.079339
-886.1648,6,120.093849
-1027.1775,2,120.093933
-1828.6049,4,120.093956
-5.034363,27,120.121572
-1195.0385,7,120.121649
-1364.728,13,120.134632
-1361.4991,22,120.1347
-963.9993,4,120.145388
-1600.6136,5,120.193057
-485.4761,26,120.205735
-1340.4164,11,120.219513
-399.9818,18,120.231595
-1252.1906,11,120.255628
-959.3805,11,120.269676
-1009.1099,34,120.283662
531.081,37,120.283753
1290.2944,36,120.298
974.7111,48,120.311284
-250.41888,21,120.322256
1538.9922,59,120.348957
-984.9068,3,120.349049
359.17352,47,120.362189
-1022.04565,2,120.389579
-1264.2244,47,120.401542
-803.0675,23,120.463452
-772.49585,8,120.48501
-2379.8335,20,120.541728
-619.43994,39,120.541807
-235.29016,30,120.541825
-1401.4059,4,120.571402
1168.4924,74,120.657552
-943.363,32,120.657698
-1126.866,9,120.749353
-1339.842,7,120.749529
110.676025,24,120.782597
52.6521,38,120.782703
849.37415,45,120.808843
-1093.3435,6,120.848144
855.7009,52,120.848236
-1589.5278,11,120.898899
-654.4199,26,120.899
-267.49585,19,120.929128
-1137.7281,29,120.929203
-1240.779,11,120.92922
-1663.4573,6,120.958577
-606.10645,29,120.994703
-1374.8381,6,120.994805
-1674.3108,5,121.081799
-1084.6239,6,121.120825
458.72235,37,121.120908
1179.1661,64,121.1457
-755.99835,13,121.239288
490.27325,28,121.239378
2407.4045,62,121.239395
-928.73285,4,121.239404
-1150.0022,5,121.269483
16.529846,37,121.45469
-1194.0344,7,121.489808
-806.3626,48,121.523148
-1381.4744,8,121.769551
-899.89166,4,121.769637
-778.01514,25,121.849462
-1033.6212,6,121.849551
-471.91364,55,121.909414
-552.61816,34,121.94444
-995.51154,4,121.97764
603.41254,31,121.977773
943.5439,49,121.977792
-954.55304,4,122.08779
-383.64972,29,122.12459
-1927.717,51,122.168766
-342.64984,27,122.168861
-666.2307,19,122.16888
507.5282,29,122.238412
-1174.0681,10,122.28252
-1371.8605,4,122.316294
-1191.7019,10,122.316415
-877.28986,5,122.34598
-310.00598,34,122.384002
-918.2139,5,122.474649
-592.5167,28,122.47475
-1792.6938,40,122.474778
-2271.8916,6,122.496854
-996.6574,11,122.531086
-546.4087,40,122.531165
-1269.5293,12,122.531181
-1019.9492,8,122.589115
-1074.6897,4,122.58922
-1058.9083,3,122.622998
-1608.6833,45,122.653175
-576.4082,34,122.653266
-995.64905,2,122.653282
-317.97382,24,122.653287
-2850.59,7,122.751334
-1925.0465,15,122.751447
684.3931,36,122.812658
-1615.3271,17,122.918561
-1010.89355,4,122.941278
-1700.6847,11,123.000975
-1752.7756,12,123.03729
-1108.3265,16,123.037369
-956.99664,4,123.158239
-867.3743,8,123.158334
-959.9839,13,123.15835
-400.5091,22,123.193496
310.2348,38,123.193584
-185.36127,24,123.220212
658.44305,42,123.249164
-431.27954,58,123.24929
-983.995,3,123.276383
-1040.2391,4,123.276526
-993.8761,3,123.307416
-1033.3438,6,123.343909
375.33496,47,123.343989
-1054.0686,3,123.4092
-1084.1088,26,123.409656
-706.12683,24,123.409719
-1880.144,5,123.446949
-1752.7054,15,123.479995
1901.6064,74,123.480174
-2192.5044,8,123.551636
-1669.3074,5,123.592472
-932.27,6,123.643035
-1913.0789,13,123.643107
-1542.9131,8,123.64312
232.59949,45,123.738239
-1004.9397,8,123.738695
3288.31,67,123.782645
-2193.4492,30,123.782985
-586.748,35,123.822031
-476.00647,21,123.916209
-1108.2549,7,123.916269
-622.23193,20,123.974817
-888.4384,5,123.975278
-169.73938,39,123.975388
-1231.5095,10,123.975495
-1468.3955,7,123.975585
484.7032,57,124.012985
-1759.9592,7,124.013417
-1015.9827,2,124.045974
-2026.0952,16,124.081083
-1623.6736,5,124.081284
-1008.26715,4,124.193702
-1195.9921,20,124.252687
-887.9665,6,124.252856
-948.02045,16,124.252888
-1015.57983,8,124.287042
-1014.9075,2,124.323097
-331.25635,17,124.359071
-943.3899,3,124.359177
-1189.6587,11,124.39702
-594.1843,30,124.463302
-938.0582,4,124.550361
-1477.545,42,124.550407
-979.0947,5,124.550416
-3134.5198,14,124.624428
318.35394,29,124.661652
1120.1555,38,124.661939
-2115.644,9,124.662053
-1772.062,6,124.705318
-1453.1053,9,124.705528
-374.07056,34,124.739441
-1232.4258,5,124.739565
-2139.4824,20,124.774126
-727.1265,7,124.811661
-1035.8291,2,124.811786
-300.14374,25,124.837963
3633.6255,109,124.867617
-1338.8716,8,124.988794
-358.80853,21,124.988983
-1363.5508,8,125.037393
-95.98401,28,125.037603
-831.7823,5,125.037629
82.71808,34,125.037638
-2354.9644,11,125.076344
-842.82666,7,125.076561
-1887.5635,12,125.113108
-7.18396,31,125.14645
-981.1958,4,125.188181
3495.087,77,125.188476
-1197.1461,19,125.273594
-925.25684,5,125.327558
-1275.1804,7,125.327747
-943.80365,4,125.371899
-1203.5398,5,125.372111
-2009.5458,9,125.372193
-1354.9266,14,125.455995
-1379.2847,10,125.508763
-2037.1804,22,125.508888
-645.5519,37,125.554069
-960.78265,5,125.597803
-887.55,6,125.597925
-2375.2388,12,125.597942
-1831.3052,7,125.641943
-1704.3718,5,125.670825
-997.58856,2,125.715225
-1350.1722,23,125.715332
-998.53796,4,125.740437
-554.37537,23,125.740892
-1324.4458,17,125.740919
-1575.6655,7,125.780975
514.2525,39,125.831168
-1134.8396,13,125.831262
-982.92676,8,125.863195
-1165.592,13,125.900274
-876.4174,6,125.999485
-1314.5021,12,126.087067
-967.4747,6,126.087185
-832.3246,8,126.150141
887.8992,64,126.150229
-1303.7786,16,126.150264
-1156.3356,10,126.150291
-1042.0139,3,126.174314
368.83868,29,126.201138
-791.1738,22,126.219935
-401.58368,26,126.220015
-2393.524,11,126.232461
-1610.4172,5,126.245963
-1337.5475,3,126.246043
-866.70435,20,126.267068
-1377.4418,3,126.267143
-1118.105,3,126.288431
-1021.4584,2,126.312014
-631.3635,18,126.312083
-1034.8142,2,126.3121
-1702.5299,20,126.336535
-2617.8237,37,126.336681
-468.06458,20,126.336715
-1245.8188,6,126.363107
-438.9181,20,126.363185
-2021.3375,15,126.363202
-2203.218,13,126.388873
-1618.142,5,126.405378
-1311.8655,6,126.415917
7419.6396,134,126.430795
-2015.6721,8,126.4309
-870.6189,6,126.472387
-957.1824,4,126.472431
-2640.063,11,126.517499
-885.08234,6,126.540412
-1151.6028,32,126.5405
1966.2301,69,126.577956
-1266.9548,4,126.578228
-1336.1954,21,126.578323
35.118835,24,126.614166
-732.3251,12,126.64869
-1060.0892,17,126.696057
-1040.8157,15,126.732796
-786.8528,21,126.787738
-917.07666,5,126.848462
-1051.4651,3,126.880661
-1043.2621,9,126.908958
-1492.0327,11,126.944535
-2278.144,16,127.010998
-1020.8898,3,127.011108
50.68744,26,127.011127
-2607.1873,15,127.05461
-318.86682,31,127.054707
-667.60767,10,127.054721
-1469.2386,38,127.129762
-1046.0923,4,127.172406
-1032.0852,3,127.172517
382.07294,38,127.236996
696.789,48,127.266795
-756.0178,11,127.266899
-1322.1328,4,127.294922
-940.97723,4,127.294985
-1039.2332,5,127.295
-1110.2385,10,127.326348
-1042.3866,3,127.326428
-1029.2798,2,127.326443
-1597.1243,25,127.326448
-926.7894,4,127.345734
2790.6292,83,127.345803
-1037.986,4,127.361895
-1039.9906,2,127.361975
5179.106,132,127.361992
196.331,28,127.377037
-1452.3785,3,127.377183
353.66638,33,127.401276
-913.01605,4,127.401337
-998.2505,3,127.424683
24.161621,35,127.436312
-877.16327,18,127.46204
-2089.2312,8,127.475473
-527.9364,33,127.475545
-1051.3782,18,127.47556
-1025.1672,2,127.50704
-2260.9624,9,127.507141
-992.97705,3,127.519457
-1418.5815,11,127.519549
-2142.6018,10,127.532234
-943.95874,9,127.532291
-1319.2283,9,127.543885
-2299.7979,16,127.54396
-1287.2963,13,127.560117
-1037.961,2,127.575272
-1056.8685,6,127.590625
675.9492,46,127.603387
-1302.2737,7,127.616711
-3062.166,31,127.616853
-852.29675,16,127.631037
-188.12323,64,127.631147
-1044.2635,2,127.658965
-1434.8757,6,127.659071
-1107.0624,14,127.719297
-1764.4988,5,127.719365
-431.1717,33,127.757999
-1113.0581,5,127.816909
-1041.4774,6,127.816999
-739.137,14,127.851393
-1036.953,3,127.851479
-918.62524,5,127.892023
-3158.4082,17,127.924892
-1355.2255,30,127.953895
-873.52856,7,127.953948
2223.1028,62,128.0203
-1028.2192,19,128.02041
-1570.2051,6,128.02044
-1874.5505,5,128.056764
-1762.2585,16,128.056853
5025.903,115,128.089267
384.39136,51,128.145108
363.2168,30,128.183676
-2360.266,6,128.18374
-999.6593,8,128.183756
-334.344,33,128.19955
-765.14575,7,128.215306
808.24225,39,128.283633
-1406.468,10,128.283808
-344.54657,26,128.283847
-2913.0542,47,128.306754
-1040.6406,2,128.333645
-1344.7214,18,128.356529
-2351.0894,8,128.385113
-1615.901,13,128.385215
-1119.8214,12,128.449408
-819.3604,27,128.44953
-1019.97736,9,128.467194
-477.59683,30,128.479241
-893.72266,6,128.501427
-990.5379,3,128.501511
-1030.3313,2,128.533745
-541.1007,25,128.533819
-1669.8623,7,128.546536
-1291.0607,30,128.580489
-1690.0037,16,128.594028
-433.7893,34,128.621603
-922.38916,7,128.637681
269.10175,53,128.673729
-1131.1265,26,128.687721
-1056.1663,19,128.687786
278.81158,31,128.687812
1376.0554,90,128.702878
-575.91626,36,128.730711
717.9325,54,128.7308
-893.97375,5,128.759474
-1250.7678,8,128.803591
-1172.6532,13,128.803687
1769.9668,54,128.803704
-530.6983,33,128.82595
-836.2947,23,128.895246
-1002.3785,4,128.926871
-893.3494,6,128.927177
-2263.291,15,128.958369
696.6726,32,128.958512
250.25854,31,128.984879
-736.05646,8,128.984976
-998.92053,3,129.01229
-938.927,4,129.037842
-1893.2,22,129.037929
1973.2339,54,129.067996
-2552.573,42,129.089016
-1071.8533,5,129.121056
-985.5767,8,129.121171
-994.0346,13,129.121202
-1324.8174,4,129.121215
-1447.0017,7,129.157985
-1478.7937,8,129.183375
-867.78406,25,129.215924
-817.8641,22,129.250034
-2568.7202,5,129.250125
1193.1691,46,129.284679
-952.24866,6,129.333781
-878.30096,5,129.362105
-261.4804,41,129.362258
351.6297,38,129.417341
-2650.387,14,129.487912
45.91864,43,129.488023
-3594.1416,30,129.518159
-1355.7993,9,129.518324
-1000.3043,5,129.518348
-1628.2283,12,129.548765
-2245.8928,10,129.580883
-1233.5403,6,129.610695
-950.5149,4,129.643927
-1050.2562,3,129.64409
-3237.9973,13,129.684413
-1506.4906,20,129.718186
3183.257,68,129.718273
-984.29767,3,129.740366
-983.6091,7,129.753876
-2095.2075,14,129.792311
-1032.2944,15,129.805446
-1887.5685,11,129.821128
-1553.3453,11,129.821198
2938.5854,73,129.875958
-287.07617,32,129.897792
-1273.0334,34,129.897873
57.44171,36,129.911697
-992.48785,3,129.9369
-988.41003,3,129.937008
-2729.087,15,129.954279
-1387.9426,12,129.978965
-989.68616,3,129.993523
-1509.355,20,130.021462
-2177.3242,28,130.069622
-1119.0935,6,130.196727
-343.11432,44,130.246307
-486.84222,18,130.329036
-2977.8433,14,130.355959
-957.00415,5,130.39119
-984.0824,3,130.419686
-1869.8159,32,130.419765
-143.39441,28,130.448734
5064.0356,103,130.44886
-1687.3469,10,130.473148
-1039.0007,3,130.499941
-2054.2627,4,130.500011
323.22192,30,130.500029
791.7408,86,130.527682
-958.0627,6,130.601555
-3188.4526,22,130.634326
-1556.0508,7,130.661404
-397.85547,28,136.01737
-980.168,8,136.017433
1856.6702,51,136.017448
-2325.1543,5,136.017455
709.0026,69,136.033917
1144.7073,58,136.064419
-821.4815,13,136.064604
-1229.6444,9,136.096339
-2575.8884,11,136.152366
-947.19275,4,136.180687
-1035.3135,2,136.211173
-1506.5416,10,136.252065
1529.5437,62,136.369483
-224.34454,32,136.369558
-1318.235,11,136.435987
-1217.6162,13,136.436141
-1614.9807,5,136.436156
-990.0122,21,136.459945
1139.3751,72,136.50576
-1525.8196,58,136.505926
-1043.3943,2,136.539694
1608.4412,80,136.582277
-3413.4358,18,136.613385
1625.9429,100,136.702048
-890.72906,6,136.70215
-1027.6992,7,136.746985
-979.9453,18,136.811852
-1731.9016,11,136.811976
-200.8158,32,136.882764
-1078.7971,3,136.901562
5387.7227,113,136.937922
-1738.5464,8,136.937983
-793.3413,7,136.952651
-955.7856,5,136.952731
-72.32703,35,136.967534
-1977.8394,22,136.979996
-272.35468,22,136.980107
-2384.875,21,136.997615
-1048.7975,4,137.009819
-1088.0518,14,137.009909
-1033.9865,2,137.023094
-1044.2482,2,137.036582
-382.80286,19,137.036655
767.9785,35,137.051661
-1060.511,12,137.072914
-1403.3807,3,137.095782
-1442.2211,24,137.095851
-901.6637,5,137.110961
-1133.7539,12,137.12657
-1412.7087,9,137.126642
-1733.9836,5,137.12666
-1177.8047,13,137.150354
-1286.4653,6,137.170411
941.1354,38,137.185594
1114.5127,45,137.185669
-584.515,15,137.196964
3059.8516,81,137.253064
1879.26,51,137.277649
-905.3098,8,137.311697
-1494.2617,7,137.311799
-2123.9473,13,137.36993
-1572.501,7,137.370016
3289.8997,82,137.412568
-3896.225,22,137.412658
-725.88605,38,137.43157
-1996.0522,23,137.452451
-1731.5541,9,137.517135
-1051.4785,3,137.517575
-2356.0874,20,137.517615
-544.30524,15,137.545037
-1782.9883,7,137.546117
119.66211,39,137.546136
-54.211487,22,137.616425
-1231.7587,11,137.616491
-1010.8567,3,137.616503
-308.04913,29,137.667606
-972.2382,3,137.690528
-2087.644,17,137.719526
-933.2039,5,137.743585
-985.8114,6,137.815103
-1334.253,10,137.815168
-1311.3408,11,137.840626
2060.0664,72,137.905999
-1046.5387,3,137.906061
-950.74066,19,137.944581
-1355.1656,8,137.967999
-1356.7106,16,137.998504
-34.907898,25,137.998676
-559.31555,36,138.03504
-1262.7646,34,138.090994
-279.786,38,138.110162
-1892.1165,21,138.110239
-2120.254,10,138.110257
-811.6509,9,138.110267
-2329.6267,20,138.136718
-948.69934,3,138.137003
-765.322,9,138.150554
-686.848,30,138.163253
698.78424,43,138.180864
-2243.1416,5,138.18093
2568.4204,72,138.180945
-1004.32745,2,138.180951
-1581.0052,6,138.197225
-1873.1022,9,138.197272
-1044.2635,2,138.197282
-3045.6118,11,138.197288
1965.5339,45,138.211752
-1206.9465,6,138.224847
-1722.4902,12,138.224935
-1148.1428,16,138.242536
-1008.95734,4,138.254111
-2017.0068,6,138.266624
-1112.8065,7,138.277281
-1051.3075,7,138.291783
-1002.24677,9,138.304657
-983.2723,6,138.490197
-1250.033,12,138.517694
7755.3975,138,138.56951
-354.49567,15,138.587908
1025.4597,47,138.587994
3135.504,103,138.646748
-450.39502,30,138.647301
-1044.1963,2,138.647376
2260.1042,52,138.712817
-1659.0205,13,138.744401
-1506.0815,4,138.780634
-2076.667,10,138.780738
-994.2928,2,138.846376
1649.799,44,138.876379
-1945.8081,7,138.876554
-1725.3525,5,138.945684
224.46075,25,138.977141
706.9705,24,138.9772
-1043.2344,2,139.034623
-1048.5873,5,139.034718
-469.65778,30,139.115965
-1611.0948,8,139.116073
178.69073,35,139.180943
-209.86212,44,139.279464
-1676.1069,34,139.279525
131.49237,24,139.328445
-1763.5132,13,139.342895
1071.192,54,139.364395
-1964.1428,13,139.377486
-741.7704,38,139.390975
-1652.145,24,139.41649
-353.73358,20,139.41657
-1037.341,4,139.436917
-1754.227,10,139.43701
-1073.083,3,139.448722
-1107.4158,37,139.448793
-996.65625,4,139.448811
-652.64246,18,139.464937
-1041.5574,2,139.478147
-1041.2153,4,139.491294
-14.196655,37,139.491367
-1663.978,3,139.511467
-137.0412,35,139.527112
982.6772,53,139.52719
-990.68445,3,139.54179
-1052.9037,3,139.541882
448.3808,61,139.541901
-1026.9415,8,139.541907
-452.1809,51,139.57337
-825.81433,6,139.573433
-2121.1787,9,139.587337
-1226.8597,5,139.599724
-1028.1016,4,139.599815
-149.32867,26,139.609728
-990.12195,11,139.609824
-1922.0648,14,139.621318
-457.7078,36,139.632705
815.5306,66,139.632793
-1841.8618,11,139.674752
-1208.8237,9,139.733449
-1029.5242,4,139.733528
-3447.1543,10,139.760448
-2160.0461,13,139.797225
-807.30835,7,139.818734
1369.4391,40,139.818819
-298.57886,27,139.818836
6.831299,34,139.911253
-936.55304,4,139.911335
-2499.0657,13,139.911357
3525.1558,94,139.948756
2094.4294,60,139.986992
-1659.2305,8,139.987075
-1371.0753,11,140.019984
-1585.1688,4,140.048469
-1058.619,4,140.10376
-1040.259,7,140.228671
-1109.113,15,140.28211
-2630.5737,14,140.356894
2844.853,114,140.391683
-1018.3012,4,140.470196
-857.13574,26,140.496289
-39.225403,32,140.496378
-1058.1772,5,140.496403
-3255.4736,39,140.507868
-772.33795,23,140.534362
-1996.7405,35,140.549856
-2732.4016,12,140.549952
1093.2886,39,140.5817
-2502.774,43,140.581809
-2044.3562,7,140.613115
-2720.2573,52,140.613187
-1813.2314,10,140.637815
-640.6278,29,140.656532
-880.376,5,140.656602
436.70337,83,140.656626
-1160.3796,9,140.670793
-1728.7665,6,140.670851
198.19446,50,140.682356
-832.68335,6,140.703114
-46.666077,28,140.703194
-2275.6526,4,140.717937
-761.09094,16,140.732357
208.67438,48,140.732477
-2117.9644,27,140.746852
-1301.4781,7,140.746923
-1080.0437,5,140.74694
-3204.587,37,140.760822
-1578.0835,14,140.760894
-1007.5192,3,140.772891
-1230.8118,35,140.77301
-2223.9321,8,140.785423
-895.25543,6,140.785493
-652.17413,46,140.797259
582.4846,45,140.812077
-674.29724,8,140.823319
-1174.9036,7,140.856969
-1713.3611,9,140.873046
366.92847,62,140.908939
-596.1291,20,140.979296
-2396.5425,15,141.001235
-783.49567,37,141.074621
493.92328,32,141.099806
-1386.335,22,141.099901
-441.89526,15,141.099913
-972.2413,16,141.156798
-861.2425,20,141.197354
-2089.1106,29,141.249449
-850.6377,7,141.281943
-1164.2789,43,141.282041
-20.104797,24,141.309652
-1598.2605,18,141.309708
-1814.1179,17,141.341703
-1027.8229,2,141.341794
-1145.7202,28,141.40938
-1013.7917,4,141.409458
785.92065,28,141.409473
-1352.1991,10,141.450907
-1053.1675,4,141.450983
-723.6771,13,141.496984
-868.06866,5,141.593734
296.06134,45,141.623679
-2330.7878,9,141.64871
-1167.1609,10,141.703667
-2076.2302,17,141.703753
-1025.2653,2,141.727401
-611.5177,28,141.727505
-1569.8093,36,141.727526
-3937.3582,18,141.750293
492.57068,50,141.765104
-912.86487,26,141.78016
-91.690125,38,141.792001
-782.29443,32,141.810167
-1950.178,12,141.810233
44.896423,88,141.825085
685.9407,49,141.825148
-1403.3375,3,141.825163
-672.9235,14,141.852235
-1846.8281,19,141.852532
828.9424,51,141.870004
-1364.2312,11,141.870072
49.341736,24,141.898079
-886.2371,5,141.89814
-904.7388,6,141.930904
-1015.6153,3,141.930988
-340.48535,22,141.931005
-1023.7898,2,141.931016
-1026.9723,2,141.958007
202.25098,38,141.958081
758.6602,30,141.976717
-1041.4445,16,142.012541
-1210.9135,7,142.012638
-1522.6578,11,142.012659
-1428.966,11,142.055819
-16.854187,31,142.084257
-800.3335,8,142.084346
-463.3557,21,142.114432
6566.634,131,142.114617
-1167.9609,13,142.149339
-980.7503,5,142.14942
-1026.9828,15,142.188164
-450.1624,25,142.254752
-497.35663,20,142.284515
216.66003,31,142.28466
-1034.0732,3,142.284683
1142.4587,39,142.316601
-934.07245,7,142.350545
-1372.04,3,142.350645
-553.72424,26,142.350668
-997.71094,2,142.350676
-1426.6093,7,142.37742
-871.6258,8,142.377491
-1044.4261,3,142.377506
-2374.0928,17,142.444882
-1039.6326,2,142.445038
-904.26654,4,142.44506
-437.40668,16,142.50517
-1156.6963,5,142.505299
2537.3325,75,142.534288
-1214.7014,8,142.534364
-3162.8967,16,142.564223
-1068.3501,3,142.590685
-999.2145,4,142.633926
-2177.5352,11,142.659489
-993.1868,2,142.695913
-854.0848,5,142.696011
-2975.7168,11,142.752056
791.8416,37,142.752147
-863.78076,18,142.85391
-966.2953,4,142.853997
-1341.4341,9,142.893841
-896.82513,7,142.915998
-995.3424,3,142.916057
-2156.9028,19,142.931655
439.82477,33,142.93172
-885.75433,46,142.931736
-314.02124,28,142.931743
-662.57086,38,142.931749
-950.0946,5,142.95052
721.021,37,142.950606
-1349.9087,11,142.950626
-1816.3079,18,142.961256
-1018.74866,3,142.974805
-839.4358,20,142.974881
-1076.0234,2,142.988914
-712.02234,18,142.989
-995.54407,3,143.012984
-456.67633,42,143.024261
-1257.0215,9,143.053116
-1056.4968,3,143.053179
-1179.737,6,143.053196
1840.9539,60,143.070814
-1098.615,11,143.095349
-243.15881,46,143.139805
-1008.6381,9,143.139872
-1430.165,18,143.139884
-699.4105,16,143.164386
-1286.4836,6,143.176508
-1339.8976,4,143.201905
-1852.9966,13,143.247919
-1072.5774,15,143.273323
870.001,43,143.273458
343.58417,47,143.293819
-2394.3137,25,143.294012
-3078.6929,18,143.347229
-1705.6116,5,143.391475
246.64313,34,143.486659
-1866.1982,35,143.56279
2334.366,66,143.613777
-1179.9982,3,143.613895
-1758.0718,57,143.613916
82.91846,46,143.613922
575.8575,37,143.672307
-1330.4966,4,143.701962
533.2895,41,143.729413
-802.01373,32,143.7657
-365.91632,20,143.813544
-133.00452,16,143.813642
-2152.2617,8,143.849247
-1855.6213,6,143.849323
-2330.7766,10,143.915168
-373.5487,43,143.945083
-2223.156,23,143.945159
-2024.2983,9,143.992166
-1019.7815,5,143.992287
-740.7755,25,144.016945
2972.393,88,144.017032
524.99646,34,144.017049
-1075.6409,15,144.046358
-1150.3318,10,144.046444
-1501.8079,5,144.072042
-992.5411,3,144.072119
-1036.6515,2,144.072137
-1415.1714,8,144.0988
-1010.19867,7,144.098873
-995.13904,5,144.116013
-2635.4546,16,144.116076
-887.3395,6,144.127913
-1245.5122,5,144.156233
-939.3162,5,144.156311
770.42914,39,144.156327
-938.2084,3,144.170193
-1130.4067,10,144.183229
-1105.0476,3,144.183326
-1291.6028,9,144.196212
-1342.6129,10,144.20753
-985.82623,3,144.207598
-1388.4155,63,144.24414
318.7954,27,144.244226
-1915.157,10,144.256305
-1195.7286,10,144.256693
-978.6581,3,144.281564
-911.2418,4,144.296326
1919.4028,63,144.296485
-2505.5007,8,144.309838
-996.17804,5,144.325117
78.239746,47,144.367349
-893.4921,14,144.383816
-1272.6814,16,144.383895
-1077.5048,9,144.407674
-1452.8997,11,144.458832
-1048.1328,3,144.458932
-1388.8782,5,144.458951
262.15192,37,144.512207
-1782.803,7,144.512306
-1542.56,9,144.549317
3927.1265,102,144.5494
-1040.9097,2,144.58748
-969.3121,4,144.587563
-639.91187,21,144.587582
-981.4418,22,144.614579
-1046.0396,2,144.653926
-993.8027,4,144.653989
-1038.16,2,144.654006
-2719.582,27,144.654013
-1031.2921,2,144.65402
-959.1469,18,144.685479
-434.6599,18,144.719404
-768.25464,18,144.781697
513.39526,29,144.820318
-1011.23596,5,144.857472
-2046.5544,9,144.882477
-1098.2799,6,144.882603
-985.4298,3,144.962682
-1624.169,10,144.995232
-66.45776,50,144.995297
-1820.5779,17,145.024708
-1255.807,14,145.115523
-553.3462,21,145.148271
-1874.8972,10,145.14839
-1354.3627,9,145.217643
-1504.455,7,145.217728
-1010.15906,4,145.243139
4043.2246,86,145.24326
992.07587,47,145.266096
-1027.0583,2,145.266178
1437.2362,76,145.290899
-1317.5752,4,145.321502
-1044.2318,2,145.344412
1345.3362,53,145.373085
-1452.6442,18,145.373291
-977.7765,6,145.394445
-1276.9177,5,145.394536
-948.6962,7,145.408164
-2290.7388,13,145.436948
1419.417,61,145.455015
-1003.27325,3,145.455124
-1196.133,6,145.484888
-1325.0715,16,145.484939
-1028.7561,2,145.523391
-1024.0331,4,145.58257
4696.8457,96,145.582747
-1026.7563,2,145.62523
4005.096,101,145.625311
-1027.1035,2,145.670375
-236.4491,35,145.71547
-1033.5488,5,145.840287
596.7295,38,145.879748
-1147.5789,10,145.921005
-1158.1696,16,146.005048
-1203.1779,16,146.005165
-905.2467,3,146.046556
-1046.0194,3,146.071791
-373.14337,22,146.103984
1868.0459,65,146.104067
-772.44745,25,146.104085
-901.7118,5,146.133996
-989.2528,11,146.134104
-1010.90753,2,146.185871
-1026.5271,38,146.185969
-1001.6706,4,146.225891
-1546.6741,5,146.345374
56.810547,58,146.345473
1344.6692,52,146.372778
303.77515,55,146.429529
-3034.1868,20,146.45658
-1794.936,15,146.466436
-876.2409,39,146.478677
-1187.8182,5,146.504494
-265.0647,26,146.519871
-531.746,19,146.519938
-1353.8015,4,146.537195
-932.2785,10,146.549707
-2128.6782,43,146.566416
312.1518,39,146.581272
2764.1353,110,146.595966
-1880.8611,14,146.596047
-2808.1382,10,146.609009
-955.3888,40,146.634773
-1165.0824,5,146.665485
-991.27563,4,146.665562
3527.3557,75,146.702599
-491.30438,34,146.717486
-1708.727,15,146.73245
2263.42,69,146.732566
-1048.264,4,146.781652
-1312.2432,29,146.798093
-1786.7999,18,146.798189
-921.6775,43,146.906553
184.5653,40,146.906661
-1534.5099,25,146.942524
-1026.1771,2,146.973018
-1099.153,21,146.973104
-1024.8353,2,147.028777
-1765.2771,13,147.028883
143.67804,45,147.051594
-1085.3125,18,147.106786
-253.63043,28,147.140335
-920.28284,4,147.140442
-956.76117,4,147.140463
-944.0559,8,147.140471
-769.9466,34,147.170171
-1899.5616,13,147.170296
-474.35754,25,147.170316
74.14862,24,147.198598
-968.1078,9,147.198734
4518.2705,100,147.223377
-1039.7186,3,147.257139
-968.2335,3,147.257601
-945.58075,4,147.25765
386.11694,37,147.309879
-971.8208,5,147.4063
978.5631,47,147.441274
-2259.4556,32,147.441366
-798.94165,12,147.49765
-1116.6667,10,147.497735
-1348.726,3,147.527746
1010.4689,43,147.562534
-2527.8303,15,147.588734
-841.42035,13,147.640747
-1895.4443,16,147.671339
-974.5804,3,147.709112
-1877.9419,11,147.732343
-2226.461,10,147.746052
2910.859,87,147.746157
-925.7303,5,147.780074
4111.7734,92,147.780134
-1115.4446,18,147.797983
856.8775,41,147.823805
-401.2716,26,147.823907
-1648.6277,6,147.838644
-1435.9725,7,147.838726
-1080.7994,5,147.864047
-1790.3302,30,147.888167
-1104.539,5,147.901464
-245.31525,37,147.936103
-1377.7108,13,147.936213
-1918.3313,8,147.949476
-460.54163,38,147.964128
-140.5503,33,147.964206
-619.5751,25,147.978594
-880.2272,5,147.978669
-818.76117,27,147.978696
-1052.6333,3,147.999211
-1031.3318,2,147.999271
22.830444,45,148.009829
-1068.2908,8,148.009896
-1045.9567,3,148.009914
-422.69025,31,148.021458
-1025.793,2,148.042566
582.4305,50,148.042645
-714.72235,16,148.223414
-814.0122,21,148.27788
-1938.8337,7,148.277947
-1029.6711,5,148.277963
-1044.6289,5,148.309154
5928.6816,101,148.309237
-1354.5234,9,148.341949
-1236.2039,12,148.342073
-1104.1389,9,148.370046
-1378.6466,3,148.370125
-1193.6713,7,148.438063
-987.49255,3,148.43814
-1069.5897,15,148.438157
-1183.0828,5,148.438163
1682.313,65,148.438168
-1102.7881,11,148.438174
-2470.923,27,148.469473
-912.7605,7,148.502662
-769.0176,13,148.532043
-1787.0769,27,148.561917
-751.1518,8,148.562051
-1396.6731,41,148.630809
-907.5036,4,148.699453
-435.87872,61,148.699647
-1080.9907,8,148.699667
-1060.8068,8,148.699676
-892.2717,11,148.716085
-1034.5807,8,148.754866
-906.5262,12,148.754974
-978.3909,3,148.835604
-1062.9291,14,148.864534
-854.3662,6,148.891221
-2151.4692,29,148.905312
-1003.1139,4,148.905395
926.5661,60,148.923404
-196.35901,41,148.965518
-974.6324,4,148.965618
-1210.5293,21,148.965632
-989.1484,4,148.965638
-1373.1484,8,148.980935
-2331.934,13,148.980979
-1345.4586,30,148.980987
3323.4688,137,148.993416
-632.7468,8,149.06537
-671.5083,26,149.065447
-1413.3726,35,149.089635
-998.8478,28,149.137339
-630.4193,12,149.13741
-3488.164,13,149.137425
-1084.0917,27,149.146412
-3905.0154,36,149.157736
-1015.8132,9,149.205731
-2371.8252,25,149.219565
-1181.075,20,149.219705
-2027.9456,8,149.238435
-271.34662,22,149.260854
-1038.4396,21,149.260974
1316.8064,36,149.280683
344.91632,53,149.304867
-1017.5223,4,149.304976
505.72858,45,149.30499
-1043.8115,2,149.345379
-1025.5609,3,149.365649
-1489.1978,16,149.447978
-1027.058,50,149.448101
-1798.7037,11,149.471688
-3008.4949,35,149.505462
1184.4756,49,149.505554
-892.3622,10,149.567136
4504.168,125,149.567266
-1511.4591,12,149.597952
-437.6537,13,149.598105
-937.88135,5,149.630635
-360.45276,49,149.63077
-2548.7998,38,149.727245
-943.8871,6,149.757504
1028.7556,40,149.824388
-1452.7559,20,149.824484
-1296.0692,9,149.930652
-1334.0934,7,149.961543
236.09503,59,149.961658
-1478.1284,13,149.99178
-801.7076,39,149.991866
-712.18634,15,149.991882
-2174.5461,11,149.991889
2573.2021,72,150.035432
-1023.61707,2,150.035507
-522.3163,35,150.035523
-706.0304,19,150.066023
-1712.9062,15,150.082918
-983.1912,3,150.106025
-1027.1702,2,150.106105
-908.86487,6,150.117584
120.3197,38,150.117659
-1025.4133,19,150.141541
-219.84485,41,150.141625
-1064.7882,15,150.152303
-1532.8328,9,150.167182
-697.99854,36,150.18027
-1656.6372,9,150.180319
-2626.1338,5,150.197277
1748.678,50,150.197349
-1002.44904,4,150.197367
-1322.5468,13,150.226716
-1044.2635,2,150.226774
-1348.4614,5,150.226788
-1601.0022,8,150.241534
-1798.5739,31,150.241617
356.13483,43,150.263726
-923.8675,4,150.263805
-752.21106,15,150.263821
-978.5654,5,150.26383
625.41583,38,150.298745
-817.8176,8,150.316297
233.85431,24,150.333649
-1049.1791,4,150.333726
-992.08264,3,150.354128
-3019.3223,10,150.363546
-2010.9021,10,150.389512
-1771.0188,10,150.389621
-193.39978,28,150.38964
-1533.3253,9,150.40307
342.12836,39,150.403148
-939.54596,5,150.41279
-360.3203,22,150.44701
-1034.9851,3,150.447073
-1037.1688,2,150.447089
-2355.1658,13,150.469839
-749.62573,19,150.469933
-1622.6296,15,150.488785
-1006.3006,11,150.489082
661.4097,32,150.510487
-521.60046,31,150.510596
-3443.8413,16,150.510623
-1010.4881,2,150.553573
-830.2842,6,150.594681
-1024.5435,3,150.594784
-1439.1676,15,150.629144
-880.54553,6,150.664393
-1334.4423,5,150.72396
-1373.4343,11,150.787504
1492.5442,59,150.787585
-2426.6807,10,150.787601
-1081.4364,12,150.818451
-926.56573,6,150.877763
-1047.2183,4,150.96584
-758.48895,9,150.968252
-830.85876,31,151.012493
-2105.9937,22,151.060548
-394.30908,25,151.096817
-1678.0918,13,151.096946
-1267.7645,5,151.163304
-1738.513,4,151.163392
-2307.2048,12,151.191746
-1880.9607,28,151.249123
-1703.0414,10,151.249201
-87.95148,27,151.249221
-860.7751,29,151.268801
666.4201,52,151.284395
-1293.0297,49,151.295916
1598.5505,48,151.312443
-1338.4263,3,151.312897
1211.6926,37,151.326265
-811.5309,7,151.326324
-540.0289,27,151.340157
-764.078,18,151.340221
-1025.7965,2,151.340249
-1044.238,2,151.353295
-288.89752,27,151.379471
-1437.0554,16,151.395895
-410.43323,19,151.412264
-1679.0715,7,151.436136
1199.8473,64,151.446413
-1825.9897,39,151.457855
-1121.8696,12,151.457924
-1673.6726,10,151.457942
-1524.195,5,151.475403
-1035.0648,3,151.475474
-1252.1006,6,151.475492
-100.95801,28,151.4755
-1030.1368,3,151.49542
-1142.5028,8,151.495488
-1034.9797,2,151.522104
-1147.936,11,151.522145
-1049.4503,3,151.561746
-1016.04535,2,151.561833
-194.1518,32,151.57548
-1025.3112,2,151.591937
-1007.3688,4,151.618919
-254.05194,24,151.619015
-922.7458,10,151.651482
-1372.8403,49,151.651572
-1079.9978,3,151.651587
-1443.5884,9,151.670493
-960.7878,3,151.703346
-1576.9622,11,151.703448
-1457.8057,12,151.720182
-751.5504,24,151.776439
-1018.62683,4,151.800097
-1008.8036,4,151.80016
-648.6651,17,151.831313
-687.33575,14,151.934258
-378.90356,35,151.93466
-1195.0714,7,152.005259
-984.8571,6,152.005329
-769.54297,75,152.066331
-1810.917,34,152.092995
-240.81061,25,152.181403
-606.82,21,152.232275
-1368.089,20,152.232565
863.9588,47,152.30611
-1017.1698,3,152.34058
-883.91864,8,152.340645
-1017.6359,2,152.406909
-339.77808,34,152.407007
-2069.2834,13,152.407024
1538.6077,55,152.407032
-1823.6272,56,152.436718
-1041.6526,2,152.467275
2170.8481,56,152.480289
-1831.0173,19,152.494377
-1906.2021,11,152.494449
-1562.3956,30,152.512637
-1022.5352,2,152.526309
-926.7513,6,152.526385
-795.1718,7,152.549474
-2355.9636,12,152.549515
1350.9674,54,152.573947
19.979614,31,152.592549
-1081.8059,7,152.592613
-992.666,3,152.592628
-2370.744,8,152.592635
-1640.9304,12,152.592641
-1030.5107,2,152.592647
-1025.9723,2,152.608159
-868.3451,4,152.663145
-1035.7416,33,152.698267
-603.4351,9,152.717064
-1344.7725,10,152.717136
-520.08563,71,152.740389
-757.43616,8,152.740447
230.18506,20,152.740467
-1953.8228,44,152.754514
-1026.2695,2,152.775144
-1421.3872,17,152.775228
-1724.002,22,152.804391
-1137.4861,4,152.893226
-1598.9619,39,152.949562
-944.81226,11,152.97342
-554.63245,21,153.008952
-1174.9597,11,153.041854
4062.3127,79,153.041946
-1781.22,23,153.073918
-725.2256,24,153.100055
1491.2655,48,153.100128
434.2486,47,153.128985
-981.34955,3,153.129099
-2283.6333,19,153.164652
-136.06757,26,153.164796
-1121.0099,17,153.22391
-1378.2161,11,153.267093
-724.956,8,153.325112
1328.5334,65,153.325177
-2246.3047,11,153.325193
-1691.6416,8,153.36028
-1403.1919,17,153.387494
-1679.3379,9,153.387545
825.0253,40,153.409011
1169.9705,63,153.409118
-1002.26953,2,153.441608
-1191.7155,13,153.441703
-1691.1995,32,153.50744
-415.17535,16,153.507538
-829.1273,6,153.507558
-1322.4313,3,153.530435
-2321.3188,20,153.544001
-975.8217,3,153.571569
-1414.1067,14,153.602715
406.59766,43,153.630344
5054.996,88,153.656002
-1394.074,22,153.689728
-1497.6921,6,153.703293
110.45325,38,153.718793
-1411.7452,22,153.718872
-0.09161377,52,153.718891
-1947.7314,16,153.7189
-1186.2009,4,153.75157
-1371.4766,14,153.751648
-442.78644,16,153.751665
-930.0762,19,153.7611
-1169.7665,5,153.778677
-1034.1768,3,153.7902
-996.5541,5,153.820687
-508.179,25,153.820765
-375.9803,31,153.848932
-843.0567,7,153.849024
-1178.8552,5,153.849068
-1020.0976,3,153.866139
-1019.2672,2,153.90002
-994.3737,3,153.900116
-1394.8732,24,153.931621
-2173.7803,22,153.931717
-945.6986,10,153.953722
-443.0688,21,153.97731
-432.01715,17,153.977365
-1684.5112,9,153.987569
-225.19641,31,154.041963
-1630.8345,14,154.065744
-858.7077,13,154.129934
2030.9009,66,154.130007
-1745.9144,8,154.130025
-973.844,5,154.223071
-547.9685,72,154.223158
-1947.4077,41,154.223181
-1109.7615,5,154.261731
-70.08716,28,154.29241
-1781.1877,5,154.350461
354.122,47,154.378793
-526.6156,20,154.415029
-1267.2803,25,154.460557
-101.933716,31,154.482729
1561.7339,48,154.585259
-1026.9977,15,154.612725
-902.06305,5,154.612815
-1234.2048,8,154.612836
-1725.367,8,154.672928
-1383.6055,4,154.722499
487.8869,48,154.741353
-914.0106,6,154.77568
-604.33765,34,154.825022
-2456.5322,38,154.852336
-667.88983,9,154.852417
-1801.9304,18,154.852431
777.768,27,154.852437
-944.95966,2,154.882572
-1651.6587,9,154.882662
-1046.0394,2,154.882678
-1015.20233,3,154.882685
67.92499,29,154.88269
-268.16217,55,154.900217
1371.6357,95,154.914921
-991.7645,3,154.943815
-534.31915,25,154.943894
-664.6686,9,154.943909
-2256.4531,37,154.957407
-1290.7001,12,154.971647
-869.04517,29,154.971732
-692.801,13,154.971748
-1390.2996,4,154.971756
-444.9978,33,154.98501
-958.33405,3,154.9851
-1056.2988,4,154.997839
-1003.8511,2,155.015709
-938.1215,63,155.015778
-1038.2595,3,155.037288
-1895.9841,6,155.037634
-2493.4897,10,155.03768
-3109.951,14,155.066041
-1292.7166,14,155.066133
-1041.5883,3,155.085976
-1750.9541,5,155.086055
-2029.237,7,155.14822
-1491.8065,11,155.148845
-1631.6968,5,155.163748
-809.9668,7,155.184454
-1955.1692,19,155.184548
2106.7957,88,155.184566
-1282.655,14,155.196514
-1024.1637,2,155.218447
1693.8761,63,155.255148
-1399.6674,11,155.285984
-563.6826,19,155.286102
-432.45227,23,155.419364
-239.61774,24,155.450782
-1873.5664,7,155.450867
-1014.562,3,155.492681
-753.3868,32,155.49275
-2216.1306,15,155.537077
-1198.8508,47,155.5718
3586.2925,101,155.628633
2825.1553,96,155.628761
-872.71436,20,155.628777
-832.66956,19,155.654111
-838.2002,5,155.673842
382.31604,30,155.673901
-1011.4889,3,155.695258
-1096.855,29,155.727544
-1674.8638,12,155.74951
-824.354,6,155.780394
821.82745,47,155.892193
-1046.8098,7,155.892269
-155.59393,26,155.92567
-799.61664,11,155.954169
-1986.9861,13,156.051944
-1381.5388,12,156.0676
-2372.9856,13,156.103018
-1061.7423,4,156.115659
-766.99835,12,156.144526
-1283.7808,7,156.144647
-569.32166,36,156.162989
-656.66846,36,156.163088
-1128.9001,20,156.193618
-1736.8328,16,156.206588
-258.23114,45,156.225652
617.6957,55,156.225725
-1036.3853,2,156.24864
-701.24133,30,156.26136
532.6131,35,156.261519
-2048.5132,6,156.290955
-1334.8779,3,156.306462
-1180.5153,11,156.306525
-1414.319,11,156.319688
-972.62384,3,156.342764
2876.3887,74,156.356397
-829.7528,10,156.356498
3459.481,110,156.356519
-1062.7338,2,156.368898
-973.20624,5,156.384387
-723.1885,20,156.399759
-1323.1405,17,156.399845
-1012.13184,7,156.485416
267.13568,42,156.485557
-2004.3264,9,156.542704
-2366.755,16,156.542811
-872.0182,7,156.563846
2504.737,110,156.614004
-1244.8296,10,156.649646
-2021.1323,13,156.669902
2913.5337,80,156.720341
-1512.2239,9,156.808419
302.15375,61,156.808464
140.26129,35,156.841798
1351.4016,77,156.841899
-1368.8564,14,156.870652
1199.0767,39,156.870733
-1794.5417,34,156.895745
-917.28937,9,156.921467
-2032.3787,6,157.007582
984.0911,66,157.034753
-976.0586,53,157.03487
-1053.6464,4,157.034892
-1351.5798,27,157.098912
-1032.2219,3,157.127062
-1717.2524,4,157.127497
-30.646667,34,157.127534
-987.03845,18,157.159281
-3125.7515,10,157.159384
-1074.0726,22,157.159413
-987.3495,3,157.244411
-971.29645,5,157.27158
1001.0696,60,157.271739
-2095.2256,8,157.335761
-1515.5891,9,157.362234
-3766.3882,20,157.389135
771.0554,52,157.427266
-1754.7793,11,157.444269
713.4586,28,157.471593
-1043.1355,11,157.49948
-78.67157,43,157.514503
-1024.791,5,157.51464
2263.851,107,157.526609
1261.9961,52,157.543467
150.88739,58,157.567643
4836.459,100,157.789561
-895.8994,7,157.789609
-987.6924,9,157.789618
-1675.3146,15,157.805472
-3349.681,14,157.829827
-2233.649,8,157.873005
-1147.9426,9,157.87313
-994.26086,3,157.873163
-833.67883,32,157.962082
-1018.0901,3,157.962143
-1022.6749,4,157.962157
-1103.7823,6,157.962162
-1003.56287,12,158.010292
1421.2588,46,158.044892
1130.2451,45,158.04496
-1027.655,3,158.044974
-1445.6642,9,158.085936
782.4497,50,158.086006
-1670.6965,36,158.121973
52.48816,58,158.122072
-1004.3714,3,158.12209
-1117.973,11,158.225923
-1062.6263,8,158.226006
-899.0028,6,158.252198
-956.8997,5,158.252289
-2216.86,10,158.284777
-1833.8105,14,158.323342
373.37982,62,158.367845
-1025.8787,2,158.4114
-1023.5921,5,158.41147
-1315.4211,9,158.488067
-1007.8974,2,158.488149
-2233.0686,11,158.488169
-1062.404,6,158.563292
-1116.0548,39,158.592603
-992.6926,3,158.592684
-430.33978,53,158.626079
-606.5611,24,158.626158
-1290.4525,11,158.656762
-1173.0852,6,158.656839
-1899.1335,15,158.656854
-1026.1846,2,158.686025
266.22668,56,158.731008
-1024.4623,2,158.744416
-1138.049,7,158.785818
-1099.7595,10,158.785868
-927.5332,5,158.814441
-1696.0339,11,158.851594
518.6472,58,158.851919
-807.1154,52,158.851967
-936.56116,23,158.887518
-888.03784,6,158.921875
-993.31805,3,158.969184
-765.57086,9,158.969264
-963.69434,4,159.072399
383.33533,40,159.147223
-1053.737,4,159.147327
-1015.5336,8,159.254483
1723.303,60,159.254543
-1890.8524,9,159.254552
-987.0364,6,159.318975
-1321.0818,15,159.319063
-1276.2242,13,159.388138
-1051.7644,32,159.418172
-994.4969,3,159.418304
852.76294,32,159.418338
-939.4977,4,159.418349
-1202.7358,5,159.477349
-990.60004,7,159.498495
-1990.5972,9,159.49859
-1217.0232,8,159.529077
-996.60925,12,159.559023
-1647.4471,25,159.559082
-2166.7095,7,159.622751
-875.6175,8,159.670058
-1593.2347,9,159.694363
-809.6891,6,159.724697
-2538.4602,24,159.724782
2717.7385,90,159.769851
-759.935,18,159.769897
632.1619,31,159.769908
-1036.7529,4,159.769914
-1229.5061,7,159.76992
-1041.3627,2,159.826643
-960.9989,3,159.866555
-979.6966,16,159.89869
-1650.1627,6,159.951157
1688.0471,46,159.951247
-1295.9224,13,159.951262
-2477.1118,16,159.989105
-999.8475,3,159.989188
-1714.0554,28,159.989205
633.9084,41,160.069302
-962.759,4,160.10233
-1145.8602,15,160.272084
-4695.5835,13,160.317731
-710.42926,26,160.317853
-770.0306,21,160.411053
-358.0614,27,160.411129
-984.85144,12,160.411142
-352.49023,45,160.411151
-1252.7522,4,160.521818
-1844.1704,14,160.557763
1095.563,45,160.558148
-918.8397,4,160.590532
-1248.3602,6,160.683248
1583.6248,60,160.7288
-920.0219,9,160.728905
-447.7019,31,160.753518
-720.947,19,160.753605
-1200.2148,20,160.753626
-873.6119,10,160.825132
-948.08826,13,160.825285
-977.4165,8,160.858381
-2037.6289,8,160.911233
-229.5,26,160.911306
1007.1911,37,160.93701
400.97583,38,160.961333
-1495.4176,11,160.972508
2150.5894,88,161.011945
-848.3199,14,161.012036
13.776672,21,161.012055
-1034.5565,29,161.012062
-419.9218,15,161.038209
-1395.407,13,161.056042
1724.5635,82,161.056121
-1313.3827,10,161.073123
-2014.9998,17,161.10872
-1522.3557,10,161.108809
-1003.07367,8,161.134992
-1412.564,9,161.15063
-397.38214,20,161.150731
-1052.3276,6,161.150751
-1118.2723,3,161.150757
-1027.1149,2,161.166122
-872.83264,7,161.1662
-1034.4347,2,161.18884
6864.3306,111,161.188918
-734.892,8,161.205437
-959.1608,30,161.217458
-981.086,4,161.228267
-2430.7302,15,161.259837
-1018.7903,2,161.300252
-1291.3981,5,161.300334
-2040.0808,24,161.362962
1204.4238,49,161.400151
-1155.3383,8,161.400234
-1491.3121,9,161.400249
-1892.436,14,161.428996
-1098.8029,23,161.463508
-1664.9966,12,161.463629
-996.8846,3,161.495355
-2586.541,7,161.524456
-1820.3369,15,161.5647
-1944.2932,15,161.564827
1995.4465,63,161.621584
-1315.4601,8,161.654606
-1080.4951,7,161.686978
-1022.6985,2,161.687047
-1036.4233,2,161.747123
-2631.188,7,161.748013
-1628.831,12,161.748044
1494.2634,44,161.782383
-999.5009,4,161.782461
-1040.2814,2,161.813325
-952.03345,4,161.813414
3305.697,85,161.844352
-1060.8,3,161.844476
-2417.23,14,161.844505
-894.454,4,161.937094
-964.4338,4,161.970638
-1307.4034,5,162.004792
-706.76044,20,162.053192
-1476.9558,13,162.106735
502.13885,59,162.106809
-1094.6763,8,162.106827
-929.4241,64,162.123706
-747.5952,34,162.137848
-1033.0087,2,162.137922
-534.35706,10,162.151855
247.09216,24,162.170458
-1143.357,32,162.170586
729.2889,90,162.213628
527.1584,38,162.213707
-1105.7822,4,162.213725
-236.97809,19,162.227038
2524.7563,55,162.227643
-1836.3916,7,162.244735
-987.5208,7,162.244828
-1381.6875,3,162.258628
-1053.7793,9,162.301228
-1794.3984,5,162.301295
-1258.7654,36,162.301315
-1465.5662,43,162.315982
-1044.2263,2,162.329783
-1634.6399,39,162.376062
-1159.0333,17,162.376119
-920.43024,5,162.390357
-1300.8041,5,162.390435
-743.9719,34,162.419279
-2153.5894,11,162.439604
-928.1418,5,162.464143
-1449.5663,34,162.464239
-907.67413,46,162.586615
-1020.1648,4,162.588235
-886.6263,5,162.618391
2409.9114,71,162.618474
-540.5509,41,162.655666
-1166.4845,10,162.655756
-875.67694,9,162.725775
-500.72437,21,162.72609
1698.5806,73,162.763739
-1675.8372,5,162.78934
-1626.5588,5,162.789434
-1092.6788,7,162.812774
-555.7009,26,162.847967
-1480.8866,9,162.884089
-866.26984,16,162.903846
-1033.9691,2,162.905713
-1118.4368,7,162.990723
-122.492615,38,162.990942
-1556.08,32,162.991028
-3445.6345,10,163.023531
-882.6188,7,163.023651
-580.05237,26,163.052989
-945.97974,6,163.05331
-1022.0201,2,163.081939
-962.13495,3,163.082019
-999.47253,4,163.109949
-996.9852,3,163.136528
-956.6354,13,163.13664
-2862.9326,42,163.196809
-759.3986,28,163.196891
-1047.2834,4,163.196908
-1354.5715,5,163.221443
278.48016,33,163.221524
-439.53564,18,163.255684
141.14435,55,163.278132
-804.7003,6,163.290677
-1044.2545,2,163.30429
1740.8892,57,163.335243
-1310.6882,10,163.369855
-2021.3331,16,163.382852
-694.84753,30,163.397985
-994.3942,15,163.398062
-1048.7832,14,163.39808
-1255.5577,8,163.410446
-1519.5132,21,163.431642
-1215.1863,10,163.431714
-1030.668,3,163.447016
-2438.658,8,163.447085
-2189.6943,27,163.473278
-991.14716,3,163.484463
216.87262,24,163.48452
-1584.5808,6,163.496187
-1426.2928,8,163.507115
-1169.5775,8,163.539669
-184.06342,37,163.555047
210.49823,41,163.555145
-794.5356,6,163.570469
-2032.0503,11,163.588978
492.67352,64,163.589078
-791.83203,5,163.632009
-2218.458,29,163.650765
-1826.9786,12,163.704962
-1095.0167,11,163.705211
-1034.4086,2,163.705244
2397.6858,80,163.78022
-2698.8582,23,163.804186
-698.06177,21,163.836934
-2475.1162,35,163.868872
-2068.7642,13,163.907092
-303.8556,29,163.927131
7905.517,147,163.927201
-871.9995,5,163.950446
-2262.021,10,163.978892
-1047.6382,3,163.979249
-2309.109,78,163.979296
-1847.263,11,164.013685
-1035.7665,2,164.013756
-406.437,21,164.047717
-767.1804,12,164.047846
-1960.9185,53,164.047865
-1548.3505,21,164.077132
-1025.872,2,164.102649
-666.36597,45,164.133114
173.57794,75,164.133181
-1121.9937,3,164.162055
-1641.5996,8,164.214109
-1719.9491,4,164.242857
-1263.5632,32,164.242977
-928.9035,10,164.264071
1101.4089,41,164.294611
315.55304,52,164.294761
-418.0652,29,164.32155
-570.6272,29,164.354926
-990.28613,3,164.380273
-998.97296,5,164.380349
-1394.0447,13,164.380365
-1003.54156,4,164.406743
-1040.5773,2,164.43777
-1065.2509,18,164.437911
-1048.3264,2,164.478096
-990.9027,4,164.478178
-226.68262,24,164.492126
2040.104,61,164.535892
-990.7674,16,164.550274
-1993.7654,15,164.567688
-1200.9714,18,164.567768
-1655.4998,8,164.61187
-649.5863,34,164.671708
-1341.3785,7,164.671794
-1131.8853,18,164.69493
-951.7815,29,164.694997
-987.62164,18,164.728882
422.9876,47,164.728969
-1387.2509,16,164.728987
138.38934,37,164.752062
-204.10449,35,164.777271
-1329.4237,8,164.790119
-844.17773,5,164.815627
-1664.2766,31,164.828099
-135.36505,27,164.857437
-1724.948,29,164.924628
-1630.9077,5,164.924733
-857.8538,34,164.957983
-1551.7043,8,164.958026
-1044.1609,3,164.981369
-1862.3772,13,165.001825
1614.5792,48,165.020757
-448.3687,33,165.112757
-1342.8645,10,165.148564
-2309.45,17,165.148653
193.38324,51,165.180705
-2451.737,34,165.211117
1161.4833,56,165.211205
3632.4385,83,165.304233
-1314.6663,25,165.304323
-1269.5222,5,165.339849
-1130.9705,35,165.366095
-60.55066,40,165.422345
409.1433,32,165.422461
265.8249,30,165.46177
-1548.5292,6,165.496773
-955.58246,3,165.524002
-1638.1274,19,165.524075
-1162.0533,6,165.52409
-1383.7593,28,165.584798
-1074.819,2,165.584893
-351.48993,17,165.616823
-1565.0746,8,165.682423
-976.32153,18,165.682511
-1757.4592,7,165.682533
-1600.4473,7,165.694306
-782.99854,19,165.694428
1733.2528,53,165.708758
-2186.6262,28,165.708838
-151.31525,26,165.721687
-1002.97534,4,165.738524
-975.69104,5,165.755765
872.0015,84,165.755862
-1045.8667,9,165.755883
-1440.0776,10,165.768346
263.3222,38,165.783462
-386.22406,33,165.810685
-157.2312,20,165.810746
-2204.7896,4,165.829719
-1963.325,8,165.849415
-1019.2771,2,165.849485
-2055.0117,8,165.874815
3571.9805,77,165.900539
-3584.3909,28,165.900645
-1033.6593,2,165.937453
-1023.30634,2,165.968732
-893.6561,10,165.995132
-929.3092,24,165.995191
1090.9418,47,165.995206
-744.8207,11,166.004196
2501.0266,64,166.014969
96.24286,33,166.029404
-825.62476,15,166.029485
-1313.5923,10,166.059409
-1674.1241,22,166.07808
-990.1964,3,166.108823
-1621.498,7,166.140495
-1868.0427,22,166.173369
-1479.6438,8,166.200385
-571.54364,18,166.228046
-3622.1846,48,166.256632
-861.57245,5,166.256709
-1906.987,29,166.314791
-1030.1282,5,166.350787
-883.9338,4,166.376901
2022.1484,54,166.438285
-903.8704,5,166.459498
-1676.2227,14,166.489195
-1022.34625,7,166.549388
-279.55652,18,166.549464
-1340.3315,42,166.619683
-1383.9924,14,166.657868
-3186.5737,17,166.695529
-361.78717,29,166.746804
-905.7268,7,166.769523
-920.3058,5,166.871372
-995.53925,11,166.881546
48.691345,35,166.894523
942.5754,58,166.942417
1386.9834,58,166.953825
-1291.9204,6,166.953897
-130.78217,61,166.973595
-1237.0876,4,167.004388
1767.688,43,167.016496
-990.7865,3,167.050296
1052.5366,41,167.050366
6716.0103,108,167.050385
-3154.87,39,167.072117
-1004.90784,3,167.072176
-1022.02905,2,167.090185
-1043.3643,2,167.115529
1751.6562,66,167.128602
-1365.6177,12,167.143365
770.75073,40,167.195322
1695.1138,53,167.195444
-3580.9888,30,167.219337
-812.5868,39,167.219406
-2884.174,35,167.2668
-832.4099,6,167.294333
-990.19434,5,167.318091
-1396.8933,17,167.344481
4030.8337,91,167.367338
-2290.6309,7,167.367454
-1535.1333,16,167.412732
-1291.0399,4,167.432238
-712.9725,13,167.460148
3819.4863,79,167.460254
-1961.646,23,167.460272
-1660.9727,25,167.521904
-834.83777,22,167.545617
-573.1889,31,167.5457
-990.381,3,167.545723
711.56323,40,167.633954
-485.3753,29,167.663268
-1700.7241,25,167.708878
-1016.5509,9,167.708988
-1935.5941,10,167.709005
-2382.6655,6,167.74158
-1257.7266,14,167.77289
-954.5143,5,167.855078
-948.0921,11,167.882174
-2541.327,22,167.963321
-413.46057,68,167.99829
-2660.3113,66,167.998388
1461.7554,74,167.9984
-934.4968,22,168.026724
-154.23724,51,168.026796
-913.14734,5,168.060378
-1186.8193,13,168.076754
3034.8062,69,168.108378
-1281.9507,5,168.122989
1890.0513,68,168.1333
-2884.938,15,168.133386
-1029.0938,23,168.148316
-1174.8008,8,168.148385
-2065.4788,17,168.1484
-1028.064,2,168.163763
-1033.9764,2,168.163866
-955.0673,18,168.163883
-2201.2644,14,168.181402
-1039.035,2,168.181457
-1034.2867,2,168.181471
-1263.8016,21,168.181479
-2316.3406,6,168.193433
-1054.2052,3,168.341501
-1024.4749,2,168.341585
1060.1499,37,168.357162
-19.151733,21,168.377553
-1076.931,11,168.377623
-1314.323,9,168.395447
-1352.1055,7,168.433344
-1655.2676,5,168.455791
-1237.069,6,168.455869
-1448.0931,17,168.490544
-283.10645,20,168.517501
-1069.7339,7,168.550188
-940.1753,22,168.591391
-1537.9437,22,168.617653
-374.21973,26,168.690252
-884.65283,5,168.690354
-1341.3511,5,168.745685
-448.13452,16,168.745821
-1363.7642,5,168.779315
-1028.9852,9,168.780996
-1253.7762,4,168.825828
-1125.1028,7,168.857217
-1633.2212,6,168.925939
-1670.7444,18,168.925997
-1020.18225,2,168.991273
-636.2876,54,169.102348
8398.083,143,169.142714
-979.4366,4,169.142847
-940.8684,6,169.142885
-1066.1637,2,169.162183
-341.49756,25,169.200193
-1039.2317,2,169.200257
-1445.9601,13,169.274669
-746.2594,34,169.274748
-1204.3203,6,169.288978
-312.86414,33,169.313342
2118.572,59,169.313396
101.1922,20,169.31341
-964.7143,5,169.313418
-885.2598,6,169.325812
-1018.48376,2,169.347356
319.3907,38,169.414593
96.00891,25,169.503437
-1289.6003,8,169.542204
-884.2053,8,169.572975
2397.2842,71,169.630447
-1350.6598,11,169.632045
1518.1038,45,169.701859
-583.2583,10,169.701964
-3535.8137,29,169.811336
-1024.2288,2,169.81141
-1249.7618,7,169.811427
-1032.3329,2,169.811434
-590.02515,13,170.024215
-1039.6361,2,170.024329
2976.3818,84,170.065411
-2351.8716,13,170.065489
-1250.603,5,170.17807
-1027.2207,2,170.178237
-1123.8832,11,170.287643
-888.13336,9,170.332014
440.0374,46,170.372474
-1025.573,7,170.418974
-959.9774,6,170.451113
-822.4807,13,170.49542
1173.9753,61,170.532059
-1368.7441,22,170.53282
-1797.7686,6,170.571432
-1633.3015,4,170.571676
472.18634,59,170.75686
-876.0333,7,170.757186
432.52014,37,170.75723
515.2492,40,170.830056
-1027.8792,2,170.830369
6528.903,125,170.862962
3274.417,74,171.036262
-1048.227,20,171.036341
-3543.3765,14,171.03636
-958.15106,4,171.036367
-1322.4141,24,171.109234
-475.0559,31,171.174326
-162.21454,20,171.26634
-65.926025,26,171.296592
2672.482,64,171.296742
2371.0186,64,171.349999
494.57727,36,171.3818
-892.40454,5,171.408275
-1104.1511,25,171.408492
-2326.7803,18,171.447709
-716.00696,43,171.447809
-184.52399,54,171.478517
-937.0828,5,171.509727
-1585.4622,5,171.541965
-1095.2727,3,171.542059
-2060.665,5,171.577352
-1039.5958,4,171.577398
-669.3672,10,171.599359
-2638.6462,5,171.629802
559.0783,35,171.629922
3957.7354,87,171.700795
-950.4059,20,171.700896
-760.953,16,171.72585
-1437.772,10,171.74165
2195.3784,59,171.768481
-3055.9058,9,171.768587
-896.18726,25,171.794431
-104.39142,30,171.806737
176.80109,46,171.821195
-1827.7047,7,171.82126
1580.0352,58,171.821272
-1145.2976,13,171.843948
-805.5529,8,171.863796
-2406.2312,17,171.863882
-1027.9901,2,171.897915
-936.62646,5,171.910279
-2132.6492,25,171.9355
-1304.861,8,171.93558
-467.07733,37,171.935596
130.08472,45,171.976555
-1372.5193,23,171.976644
-977.24384,5,171.994686
-1007.35626,24,171.994787
-802.2109,7,172.013169
-1075.8081,2,172.026563
2019.0454,51,172.039164
-1492.9613,3,172.039231
1424.769,51,172.039248
-970.4711,6,172.099986
-1026.6719,2,172.100295
-1825.7461,11,172.156406
-954.40765,5,172.184375
-1014.7595,4,172.215293
-420.22162,28,172.215372
-587.45917,20,172.215389
-998.54913,3,172.266519
-1471.6477,22,172.307096
-1052.0029,3,172.307181
229.77112,35,172.336142
-2779.396,13,172.36292
-1006.1497,3,172.36298
-1310.6675,28,172.362988
-1023.53937,3,172.459549
-1425.6155,8,172.459671
-1300.934,5,172.459688
-1258.5747,25,172.459693
-1061.247,3,172.459698
-60.779175,43,172.489766
203.55133,61,172.537575
-1314.6475,16,172.566715
-1002.5518,4,172.566786
675.78143,31,172.566803
-1087.4076,4,172.597058
2560.8474,89,172.626996
332.9572,65,172.65078
-758.9905,7,172.650881
-1048.7098,11,172.650901
-968.6505,3,172.650908
-621.84186,18,172.680216
-2277.9553,15,172.759129
-522.7623,25,172.759421
447.07697,46,172.759585
-1331.588,6,172.791968
-1390.5234,11,172.792201
-1023.7173,2,172.825015
-1541.2557,4,172.825118
-911.00006,6,172.860915
-1676.6615,9,172.884572
-878.07355,15,172.884822
329.84528,30,172.898415
-1997.478,12,172.898494
-962.06244,6,172.937148
-2881.9934,50,172.937217
-1224.5381,4,172.937248
-751.99976,9,172.950783
-2063.601,10,172.950859
-1065.074,4,172.950877
-1021.0242,5,172.964867
-930.6415,7,172.977509
-1937.0376,11,172.999903
-1045.9902,3,173.000031
1363.6343,46,173.029782
-893.92755,6,173.047193
-1073.5076,15,173.060531
-1202.6852,5,173.07491
-1192.3442,11,173.099588
-641.6537,48,173.099664
-916.1249,31,173.115017
-1036.0756,5,173.11509
-2474.056,12,173.131059
-1060.3639,10,173.159593
-2234.868,15,173.175649
-1066.5942,12,173.175745
-892.3917,4,173.175758
197.88745,28,173.206914
-771.53394,6,173.233615
-977.61755,4,173.299292
171.26807,46,173.2994
-1036.306,5,173.328595
-1348.0906,7,173.328686
-674.44684,30,173.360462
917.32776,34,173.394284
-834.44354,9,173.430697
-858.1057,6,173.430792
-1097.8326,10,173.498446
-975.2355,5,173.498586
-822.01904,14,173.531836
-1030.935,15,173.5749
-1036.3936,2,173.575026
752.7148,72,173.575049
-1021.43024,8,173.632432
1165.9907,43,173.632514
-1373.9131,9,173.632529
-1095.565,5,173.632535
-955.8042,2,173.657261
-810.5539,8,173.698528
-158.87799,42,173.69863
-944.9564,2,173.698647
-1366.9197,8,173.809671
-926.9746,37,173.941648
2275.9478,77,173.941727
-784.3847,7,173.941743
-1187.5293,9,173.992344
-1268.7867,17,174.031487
-2374.207,13,174.031587
-1659.4866,11,174.070342
-806.88776,8,174.070416
-2260.9995,14,174.103316
-655.6229,17,174.131075
-908.0474,4,174.146274
-993.32794,3,174.146345
-849.84265,5,174.146358
-1708.284,7,174.146364
-78.25592,52,174.146368
-1102.4027,6,174.202299
-890.18335,38,174.231979
-227.3291,29,174.267546
-1233.8403,6,174.301819
58.19037,41,174.301929
-955.6346,5,174.301943
-950.3275,7,174.378033
-847.77466,5,174.416162
-943.2844,10,174.416234
-2410.0532,26,174.490633
-1064.7528,2,174.573243
-926.56226,6,174.710398
-327.0473,30,174.792073
-2318.668,16,174.861917
-620.78516,15,174.891897
672.30145,45,174.892316
1060.938,85,174.952105
-1425.8789,10,174.983679
-1027.2378,16,174.983769
-1448.9646,7,175.005268
-1026.1185,2,175.044754
-1242.5916,9,175.044856
1317.6744,39,175.103229
-1462.6125,16,175.103302
-755.64545,21,175.258921
1282.0369,90,175.259014
-312.4958,14,175.284414
-1334.1233,7,175.284473
-1632.0276,12,175.301026
-183.98657,39,175.301094
536.6293,32,175.301107
-1394.9275,3,175.313308
2904.6426,72,175.332156
-988.86426,3,175.332215
-946.02454,10,175.332243
-1558.6007,13,175.345087
-114.88922,31,175.367895
571.5069,32,175.392701
-1007.6665,2,175.392787
-985.25116,3,175.392806
-1172.119,6,175.433556
-929.72363,34,175.433635
-1026.1978,2,175.433652
-824.6629,6,175.511808
-839.4475,49,175.59561
-966.35583,6,175.595723
-1327.9934,11,175.616703
-1344.1362,26,175.61675
-1027.4167,2,175.774358
-1020.3116,27,175.823593
-1738.9961,8,175.900496
535.67004,51,175.96594
-1351.6414,33,176.000773
-1562.3204,8,176.054328
-1015.2628,14,176.09032
-1036.4875,2,176.131972
-1974.5828,14,176.162776
-1232.7522,22,176.191311
-1031.7484,8,176.229899
-993.8095,4,176.230002
-378.55414,26,176.267127
-1352.1257,11,176.297563
-2537.3792,18,176.336583
-3358.074,14,176.379964
-1698.5039,16,176.380086
-53.656677,25,176.481162
-939.83514,4,176.522954
4286.51,79,176.52312
-1029.4052,2,176.554373
-1885.6904,10,176.59846
-1025.8125,2,176.598555
-1485.7545,12,176.639486
-321.47247,18,176.639611
-1024.3662,2,176.699199
-1998.4622,6,176.813755
1870.3798,95,176.852545
2060.8706,72,176.852672
-1251.8594,7,176.876859
-270.31543,22,176.905195
1325.6272,44,176.958037
1144.867,39,177.099503
3884.1223,124,177.11812
-1121.1898,24,177.118189
-3215.313,12,177.1491
-785.47705,18,177.149297
-957.9665,8,177.182475
-1807.5537,12,177.182565
-1029.7488,2,177.182578
1875.6957,63,177.212876
474.8534,38,177.257251
-1024.9917,3,177.287042
-1008.7923,4,177.287445
-1444.5677,7,177.308143
289.5285,22,177.340824
703.55664,39,177.387215
-1024.3773,3,177.387283
-1754.4131,5,177.42851
-2134.066,10,177.428671
-1661.9524,72,177.428692
-1674.9625,6,177.445914
147.71747,38,177.480194
853.9633,41,177.514569
167.83301,41,177.547319
-1021.5013,5,177.54739
-1255.3105,5,177.638696
-1577.6174,9,177.663633
-1015.99524,2,177.695154
-286.61,20,177.695228
-2671.9736,8,177.70892
-745.339,13,177.723319
-1090.626,3,177.736769
975.349,76,177.736837
566.627,34,177.750016
2879.7827,71,177.769639
-317.6463,16,177.784324
-3610.037,19,177.795685
-148.49146,41,177.82666
-1677.9084,20,177.826734
263.21558,32,177.842856
-835.5287,6,177.855943
-405.38055,53,177.856016
-1026.8984,29,177.917783
-697.6658,14,177.934207
1995.106,51,177.948262
-870.225,7,177.948345
-393.14838,28,177.975507
-783.9942,14,178.016803
35.932465,26,178.081223
-172.35968,48,178.138575
2012.1787,68,178.138675
-722.25385,8,178.16621
205.38727,55,178.247784
-878.6215,5,178.275622
-889.3609,25,178.344633
-1779.8965,8,178.405097
311.92645,35,178.444881
-60.142944,27,178.475308
-2319.7725,9,178.525158
-1097.1278,39,178.553909
-940.41833,4,178.582949
-828.1781,6,178.613302
-1120.7207,8,178.640288
-1496.87,28,178.714403
-989.8946,3,178.714551
-1209.1515,7,178.741973
314.0631,29,178.74207
-996.49585,7,178.808289
-881.81384,5,178.808352
-1044.1555,3,178.824867
290.01422,35,178.858634
-1808.812,4,178.885033
-1326.0247,4,178.885107
-1117.2375,3,178.898041
-942.56323,8,178.910364
-1087.6252,38,178.91046
-828.4864,6,178.962249
4678.25,106,178.985697
-379.55078,55,179.021691
-619.4199,35,179.021769
-879.3044,39,179.021784
-1138.5032,9,179.053085
-1625.0491,9,179.053389
-1039.8478,3,179.067835
-1028.493,2,179.083434
-964.7075,4,179.083518
4736.663,139,179.112637
931.29126,58,179.112714
4317.619,86,179.112732
-756.1973,44,179.132376
-1376.8125,10,179.132451
-571.813,16,179.132466
847.168,37,179.158858
-122.9859,25,179.158926
3218.3276,72,179.170378
-984.2121,3,179.170503
-1796.1606,8,179.18385
3203.1768,88,179.183928
1245.2986,68,179.198612
-1065.7225,3,179.198687
-3042.702,24,179.198705
-778.7669,7,179.221869
-1661.2903,6,179.24439
-777.01044,9,179.244483
-1233.9965,9,179.266036
-194.03247,38,179.287169
1366.9744,47,179.287303
-512.9436,17,179.287327
-955.34753,5,179.323345
-1036.2108,2,179.323485
-1153.8588,9,179.350181
-803.162,14,179.350332
-1799.8264,11,179.378515
-1562.4031,23,179.378595
-1461.7383,10,179.404101
-276.09985,30,179.404169
1807.876,84,179.427198
-845.1859,6,179.427282
-1059.356,13,179.464079
-1010.67456,3,179.493009
-2532.528,13,179.568148
-720.22876,26,179.63413
-893.77045,6,179.634229
-763.1265,9,179.692995
-1070.0764,3,179.719892
-270.53833,23,179.719984
-86.14679,28,179.750449
-1090.6034,10,179.779096
-414.91388,51,179.779186
-1005.5342,13,179.779206
-856.43445,6,179.817011
-329.7555,18,179.851834
-1738.1831,26,179.875429
-1000.9764,3,179.87548
-1073.2919,5,179.904563
-1038.019,3,179.904649
-2292.0479,18,179.904664
-1377.5814,8,179.954127
-2166.8093,14,179.987116
-1772.1147,30,179.98748
1192.4084,40,179.987526
-376.93182,27,180.042413
-1083.1516,5,180.042509
-1810.2195,6,180.056796
-1103.1292,13,180.08243
2020.8157,112,180.082751
-1283.8529,6,180.109035
-816.6951,13,180.144621
-2759.3186,5,180.144687
-1417.04,16,180.157615
-476.49615,16,180.157697
-528.2961,29,180.172667
-1612.0137,11,180.202453
-1230.9943,14,180.202515
-1845.1726,15,180.202529
-628.63196,10,180.223883
-812.39105,8,180.223976
1404.7289,51,180.248519
-525.9809,24,180.26443
-869.61633,6,180.264494
-1302.2819,12,180.487646
-300.79492,43,180.487914
864.1677,42,180.487955
-1456.2625,5,180.487967
-1081.6206,6,180.511225
-967.8425,7,180.579196
-368.30463,42,180.610809
-1155.4802,11,180.721288
-1066.9106,3,180.721574
-1649.4415,5,180.767864
-1527.3796,8,180.798491
-1894.2317,10,180.837218
-1002.13885,4,180.90817
812.15515,50,180.908253
-1037.5046,2,180.908277
-952.1119,4,180.940598
1044.1318,51,180.965721
-543.27545,16,180.965836
-955.8042,2,180.965857
-63.575195,24,180.965863
-735.2689,15,181.006127
-784.9577,32,181.006201
72.279724,23,181.069291
-1010.246,24,181.069367
-1905.6987,4,181.069382
-941.87476,4,181.096289
-1017.10345,5,181.144244
-87.285645,27,181.144328
-1347.6633,35,181.144343
-519.0379,36,181.257777
-1127.1921,5,181.300624
-1158.7937,10,181.333253
-309.71002,27,181.333341
-995.5694,12,181.416857
406.187,31,181.416939
-949.1676,11,181.416971
967.84467,34,181.459275
-935.74084,33,181.67361
-1447.1498,8,181.747488
-727.3394,22,181.850174
-1045.504,4,181.968208
-2850.9119,18,182.190777
2172.7693,62,182.190863
-415.9391,43,182.272414
3647.0254,82,182.272628
-875.6918,6,182.400134
-930.6766,6,182.550691
-280.97375,42,182.593251
143.56677,32,182.593308
-1299.7971,5,182.644018
-1324.7412,34,182.686141
-1034.3762,4,182.715355
-1253.496,5,182.715421
-941.3397,4,182.736131
-1450.9491,12,182.736316
-1077.0048,3,182.797998
-1068.8394,4,182.798095
-931.8708,7,182.825116
109.82001,32,182.825195
1907.0315,62,182.885406
-1099.2473,3,182.885549
109.46869,37,182.912459
-1021.7734,2,182.936443
-1765.5635,46,182.965827
-795.4844,5,182.965875
-1642.3757,6,182.996872
-501.5256,28,183.023777
429.6618,32,183.023863
-1006.4152,2,183.023882
391.78778,53,183.02389
-1409.1029,5,183.059953
265.3073,40,183.060066
-1220.3948,8,183.160089
-938.04663,6,183.203659
-1024.9183,6,183.203762
830.82605,49,183.20379
915.1465,54,183.273074
1567.199,66,183.273168
-435.66876,51,183.303393
-762.89355,8,183.303475
-1731.1305,8,183.303495
-660.8567,50,183.369679
-910.1465,6,183.405063
-666.1138,20,183.405159
705.7267,65,183.405181
-1266.7909,29,183.439283
1711.1846,59,183.439439
-887.3116,7,183.439465
-919.3217,6,183.482691
-802.0123,15,183.482805
-973.3148,26,183.482826
-2745.8027,9,183.552472
-1072.5565,11,183.552571
-1675.9155,29,183.552598
-1040.367,3,183.583925
-382.79346,42,183.644843
-3821.4492,21,183.665558
-1494.3291,9,183.680765
-843.4698,7,183.680834
-1153.6096,12,183.708408
-2632.147,6,183.732743
-963.4648,5,183.752708
-1552.0707,9,183.752791
-52.564575,29,183.781474
-656.4022,16,183.781589
-365.7882,23,183.781617
774.4881,35,183.853199
-1635.3474,21,183.906636
219.24847,19,183.906729
-1097.9296,7,183.938602
-2058.4531,11,183.938678
-412.1328,35,183.938689
479.29388,80,183.971786
-1066.1926,2,183.971887
-264.1469,21,183.971904
-968.51514,7,183.999185
-1315.5931,18,183.99927
-302.565,21,184.025541
-995.4464,2,184.025673
-781.7074,8,184.025704
-612.4408,29,184.087995
-1028.7203,2,184.088114
-1029.3893,3,184.117716
-2569.5828,22,184.11779
-819.2239,7,184.149121
-591.40204,13,184.182406
-982.9264,4,184.21767
-1134.8644,7,184.217768
-1140.9253,25,184.217786
-1102.4459,12,184.217794
-1643.2847,10,184.282112
2463.0874,67,184.304177
-944.4879,5,184.330341
-1115.3502,10,184.330407
-1241.6948,7,184.330424
-1101.8986,8,184.350894
-1255.9307,15,184.366187
-1014.7171,3,184.391313
-1003.4559,3,184.391387
-209.3208,26,184.510731
-845.3538,7,184.510811
-909.6771,5,184.537858
-1294.4646,13,184.555068
-2228.3997,14,184.577404
-1103.4922,3,184.625879
-2866.4287,35,184.666743
-1515.415,26,184.696042
493.28766,51,184.696146
-1028.5663,2,184.696182
-1399.0681,8,184.743503
514.64594,34,184.74359
-1019.0479,2,184.773595
-270.9167,24,184.773701
-944.729,8,184.77372
-1313.6459,5,184.870822
-445.75598,23,184.910132
-1581.848,15,184.922291
1227.2161,60,184.922364
-1286.8108,7,184.935485
-855.3967,11,184.978044
311.3802,34,185.002164
-221.31293,29,185.054332
1306.957,67,185.076168
-294.02557,45,185.089495
1309.649,59,185.089848
-1056.3348,7,185.100287
-2575.7778,20,185.114566
-1029.8938,2,185.114653
-930.646,4,185.141055
427.0656,52,185.154245
-1039.1748,3,185.154295
-1013.28864,24,185.179903
-2366.6387,16,185.179961
-600.75903,39,185.201015
-1489.4642,7,185.214355
-1031.5715,19,185.214421
-1207.4902,27,185.214436
-1762.5952,6,185.273759
1076.166,48,185.273843
-1375.6335,7,185.296413
-1404.8961,8,185.356068
-2659.5574,10,185.41715
1375.8354,47,185.417234
-850.4157,8,185.417253
-767.9235,28,185.454632
-1311.2946,4,185.534716
-2100.3281,14,185.564955
-1359.6267,11,185.58296
-560.6428,7,185.624811
-981.24963,4,185.666587
1011.45966,44,185.666681
-1951.8704,8,185.666703
1208.6775,47,185.666711
-2246.101,38,185.733453
-1028.4276,9,185.897062
-750.19714,35,185.95728
-1028.9296,2,186.006734
-794.7441,20,186.031288
-1818.6255,29,186.031356
4394.528,72,186.045954
-1855.6912,25,186.063098
-1433.1807,4,186.093037
-929.58386,39,186.103576
4162.4697,80,186.118821
-300.44116,19,186.119146
-2423.108,8,186.142563
4305.5786,93,186.163974
83.88385,45,186.177217
-1384.5354,3,186.177286
-819.7561,6,186.200747
-1479.1581,27,186.234134
-1041.5354,4,186.234201
726.08594,65,186.234214
-1044.1735,2,186.261389
226.01562,41,186.261478
-1238.4712,12,186.274197
-1360.52,30,186.274288
-55.285645,33,186.298882
-1868.6012,10,186.362998
1716.0889,67,186.383675
-2033.763,9,186.383758
-1170.2023,6,186.421387
-821.64124,42,186.442678
-1154.9463,22,186.484117
-1737.1188,17,186.484175
-880.162,26,186.48419
-1498.1211,58,186.516849
-287.90155,16,186.551113
-1429.5171,8,186.582534
151.36945,28,186.606836
-162.96893,31,186.606915
-3401.3962,24,186.701688
-654.50684,41,186.702024
-1105.5734,6,186.737033
-5207.878,16,186.799793
-1018.46277,3,186.799875
-1096.4338,16,186.829517
-1392.1917,14,186.860586
-1255.78,12,186.899288
-1033.6428,2,186.899376
-3797.8906,11,186.91597
288.00226,43,186.916059
-1984.0608,11,186.929487
-1442.3417,8,186.965456
-2421.774,14,187.016648
-331.43994,30,187.016748
-1561.6194,5,187.016766
113.29578,22,187.040594
684.0942,74,187.066755
-922.1387,5,187.139308
-908.86005,14,187.176425
2557.0562,86,187.199085
130.56116,37,187.233072
-1269.5557,10,187.233194
-940.3612,7,187.233224
-719.059,14,187.255828
-1005.25836,2,187.285331
-1580.1343,14,187.285402
-1640.9098,9,187.31359
1906.4619,69,187.337229
-976.3077,24,187.369486
-1037.466,2,187.387594
-1001.2798,3,187.420813
559.161,48,187.443539
-1039.5204,3,187.453381
2582.249,79,187.473747
-2463.4016,12,187.497663
-1242.583,5,187.527102
-108.014465,34,187.557547
478.90033,31,187.572045
-342.253,19,187.572124
-1744.1208,4,187.586713
-1689.7821,35,187.609603
-997.36755,4,187.621962
-962.2693,4,187.63475
-1763.3225,20,187.634835
-364.8106,22,187.63485
-1040.1196,18,187.660351
360.04865,50,187.66087
-951.6467,4,187.685178
-1052.0059,5,187.685289
685.3889,28,187.685311
-1009.6614,4,187.736166
789.6277,64,187.736247
-1421.6404,25,187.736267
-919.5335,4,187.777712
-938.61804,6,187.777771
-1768.2117,8,187.816562
-2290.73,32,187.845965
-617.90015,22,187.846058
9485.39,141,187.878937
-1003.78235,4,187.879034
407.46686,35,187.904294
1740.2075,61,187.938564
-1471.7844,45,187.99419
-941.87555,4,187.994261
1008.222,39,187.994277
-1035.1306,5,187.994285
-1024.6239,11,188.024855
-2466.7322,14,188.024946
-1446.6509,6,188.024962
-934.5835,14,188.024968
-3346.7666,16,188.024972
139.77734,47,188.052778
-1027.0858,2,188.052866
-2369.876,6,188.085129
-1050.5378,3,188.136666
-2427.5642,31,188.157879
-1029.227,19,188.190714
-817.75775,15,188.190868
33.818176,28,188.270676
-877.4729,12,188.270795
-1266.6827,5,188.298915
-1347.8577,9,188.370924
-1114.4895,14,215.792311
-997.1024,14,215.792366
-2561.7302,25,215.792377
-2171.7085,15,215.815541
-1304.0021,16,215.81561
-1534.8403,14,215.844551
-1052.379,4,215.927285
-879.89404,6,215.927346
223.31097,35,216.07157
932.41205,72,216.115738
-1918.4531,8,216.115893
2934.7273,88,216.166427
-1178.3175,19,216.20368
498.56738,31,216.287358
301.58716,38,216.358239
-1087.575,17,216.358308
-3153.9944,27,216.35832
906.369,52,216.403302
-1247.1208,36,216.428332
-2171.9224,30,216.501059
-332.55865,22,216.501167
-1684.62,7,216.53265
-980.40314,5,216.562109
-1321.8326,15,216.59403
-1893.2894,9,216.655805
-188.33002,36,216.655863
-1030.9761,4,216.716203
-1320.7842,9,216.748639
-1042.7688,30,216.787158
-1064.4261,2,216.787217
-2967.0898,8,216.826263
-922.33746,5,216.82643
-1826.8867,19,216.863064
-3445.0884,10,217.002169
-1308.223,13,217.002222
-318.7621,30,217.002231
216.36627,45,217.04219
-50.929688,33,217.139459
-429.05396,24,217.139538
-980.0959,3,217.139556
-1091.5461,34,217.180132
-1429.945,10,217.18018
-269.39948,23,217.267027
-929.22644,6,217.294136
-960.291,4,217.318208
505.5741,35,217.378434
-1504.1973,13,217.378495
-618.06616,10,217.378525
-1043.7028,18,217.48098
-1361.7705,11,217.51392
-942.93286,5,217.548294
-627.9312,12,217.548387
1565.186,61,217.578056
-945.929,23,217.674754
-1137.5311,7,217.709297
-1275.5247,17,217.709628
-1568.9286,11,217.766149
695.6352,49,217.766287
-368.39215,30,217.766301
527.6711,42,217.766309
-897.4882,6,217.806418
-990.3509,3,217.896183
-2778.305,44,217.897679
1675.1711,65,218.061097
-1005.5765,7,218.093034
-1439.1757,15,218.151321
-1611.8181,10,218.277527
-654.468,28,218.315129
-46.91205,39,218.315225
-605.4485,54,218.376233
-1184.6565,28,218.417844
-398.59637,18,218.457904
-1063.543,21,218.488925
-971.496,16,218.488993
-638.3614,14,218.532374
382.13385,54,218.532463
110.335815,22,218.567271
-1689.654,8,218.567381
-1806.5808,8,218.596001
-468.09314,28,218.596104
-1710.3989,4,218.596129
571.7594,51,218.645017
-2468.6592,7,218.659337
-1252.0824,5,218.690755
-892.0215,5,218.726269
-118.62225,30,218.73884
-920.46625,12,218.773493
-993.0975,4,218.795937
-272.5324,52,218.796014
-1238.9934,20,218.804749
411.06866,76,218.826377
-198.5393,25,218.8554
-1061.1637,9,218.855468
-561.9125,62,218.927306
-848.71545,7,218.955771
878.1686,50,218.990791
-556.40466,44,219.013952
-327.9394,45,219.01406
2018.6145,60,219.033697
-226.14404,26,219.050305
-1421.7871,24,219.050369
-739.16125,20,219.050383
53.92975,30,219.082195
-1044.2211,2,219.082342
-1769.1613,10,219.102688
-1044.2383,2,219.102761
-97.87445,29,219.125443
-972.75574,8,219.125566
-967.7371,6,219.147302
-1039.4169,15,219.181361
-1022.2406,7,219.181464
-603.96576,32,219.230581
-1074.5144,11,219.250669
-1079.239,4,219.26797
-762.6183,7,219.26807
-1434.5278,6,219.268089
-989.64075,3,219.304515
-764.31274,8,219.333916
-1164.8351,22,219.334017
-1612.8646,10,219.347297
-1051.0847,4,219.411261
-1940.0032,13,219.411341
-123.96661,33,219.411362
1604.3726,56,219.481828
-1141.6267,3,219.481925
1801.6311,44,219.481947
-1006.7696,5,219.481954
-264.07684,30,219.495984
-1526.6775,10,219.4961
-2039.1938,9,219.548532
-1050.28,3,219.548648
-930.0286,4,219.566118
-761.1938,8,219.583447
-2713.6287,14,219.59735
577.02606,30,219.597483
-1851.9406,15,219.671037
-1447.1569,6,219.671096
-293.2256,26,219.682502
-1613.0823,14,219.698237
-1174.7141,24,219.698293
-2173.2205,28,219.698309
437.7298,68,219.871656
-978.7466,5,219.884469
-904.10944,6,219.884857
1078.0061,92,219.897436
-1277.5085,10,219.897512
-1052.0437,3,219.919891
-485.26715,30,219.919966
-295.8891,63,219.959471
-948.0529,8,219.971472
-1195.5254,18,219.994758
-1455.1862,29,220.103454
-851.888,20,220.105713
-594.7293,20,220.163831
-719.84955,8,220.191461
-1920.8569,10,220.1916
-974.629,4,220.223951
-624.53467,33,220.224469
-1035.978,2,220.25764
1717.5396,56,220.29155
-1216.8961,31,220.325937
-1852.0425,9,220.412342
-1266.5455,4,220.41244
-198.84503,23,220.49021
-656.1826,9,220.490417
-1431.1787,5,220.49052
-806.68695,6,220.594157
1897.5593,71,220.673171
-1099.2017,7,220.697095
-562.49384,33,220.741777
838.2392,49,220.768894
-1074.0256,2,220.769056
1348.6624,68,220.811123
-1010.52716,4,220.811225
1001.74994,50,220.811418
-256.6527,35,220.81144
-1014.8677,34,220.837197
-947.02844,64,220.945984
-936.8964,7,221.005443
-1174.6848,56,221.036886
-1449.9679,44,221.037237
-1067.0154,3,221.105499
994.52515,52,221.149561
-3130.941,13,221.164213
-872.4848,5,221.164277
-3413.7517,15,221.174447
-730.2837,14,221.189034
1702.9917,55,221.189089
-1462.4165,22,221.189103
-1110.0676,6,221.204737
-341.98132,18,221.20483
-1067.6057,6,221.258693
-1047.6305,3,221.258788
-646.11475,21,221.322384
33.452087,31,221.322487
2667.4802,81,221.347935
-985.29626,3,221.40149
-1136.4257,11,221.401578
-3065.6833,26,221.43488
51.94635,26,221.467216
4045.253,74,221.510418
-1428.2468,25,221.604112
-955.9308,7,221.692422
1510.1558,48,221.75095
-209.4541,28,221.786756
-3074.01,24,221.786849
-2042.3466,22,221.810189
-466.39984,17,221.833877
357.97797,59,221.859016
290.3744,55,221.859129
-958.9221,3,221.859151
163.80115,25,221.878243
-800.73376,12,221.946777
-1786.0631,7,221.946898
300.75092,28,221.973976
-1270.2661,7,221.974109
-1025.4196,2,222.041436
-1019.2605,6,222.041537
-974.00854,7,222.068782
-3284.5654,27,222.068865
-1350.1221,6,222.068883
-988.20276,3,222.094011
678.22485,67,222.113861
-674.8279,26,222.126381
-962.04425,11,222.126442
-1385.3516,8,222.181119
1742.8308,74,222.204974
-964.5078,38,222.226891
-1190.3951,12,222.247948
-2826.508,42,222.248131
-1069.4894,10,222.258874
333.05206,90,222.269873
-787.7178,47,222.282692
-631.71545,37,222.282775
282.59674,38,222.326837
-1743.449,26,222.365205
-1160.529,18,222.365261
-564.92505,23,222.365272
-1030.2551,2,222.388851
-2938.9067,14,222.411279
2156.769,83,222.43125
-971.38257,12,222.431337
-462.4853,20,222.463473
-1396.5215,36,222.463621
-3492.3271,15,222.522025
-970.56525,5,222.549216
-1483.2557,20,222.649543
1643.4438,58,222.6496
-1406.2229,8,222.6871
-1685.8301,4,222.687195
542.1933,50,222.781176
-1396.3137,8,222.813159
-1515.0994,10,222.813248
-2174.4604,16,222.813264
-407.5426,27,222.841568
-1693.2883,5,222.84165
-500.2389,21,222.869615
-1413.2158,12,222.869737
-279.05188,27,222.869759
-1271.7131,10,223.033764
-420.7409,34,223.033844
-1007.46155,6,223.066216
-433.34882,22,223.066271
-834.4372,8,223.096292
-883.3377,8,223.123741
-1267.9161,5,223.196906
-543.04,72,223.196982
-1772.719,14,223.216221
-87.067566,30,223.216296
-896.03705,4,223.280879
-862.7176,22,223.294049
-6.3483276,46,223.294146
1622.1201,56,223.294166
-638.2578,12,223.326407
-1180.3875,3,223.340542
-1021.97107,5,223.364554
-931.9305,10,223.376427
-803.2918,7,223.392917
-2087.1592,12,223.415643
-1354.255,6,223.415728
-2042.5933,20,223.427231
58.87726,62,223.439085
243.25653,31,223.459636
-893.7424,5,223.479998
744.3306,74,223.489624
-996.4506,3,223.521755
116.72485,39,223.546731
-731.85315,16,223.558389
-1036.4036,5,223.594475
-993.5297,3,223.594581
-1044.2101,2,223.627455
-982.09717,42,223.627529
361.36285,32,223.627568
-990.3894,3,223.694698
-733.22766,33,223.719947
-967.85034,5,223.750105
4470.056,85,223.810377
-1501.5023,21,223.81048
-958.94885,5,223.845745
-836.7731,9,223.877374
-1012.4068,2,223.877421
-1028.9147,2,223.928161
-152.20697,26,224.013878
-1641.4861,8,224.042715
-2381.0012,11,224.042774
-1772.6362,11,224.077327
-1337.1115,19,224.110202
-847.7665,8,224.110267
-1041.299,4,224.147341
-201.51349,27,224.206814
-497.85098,39,224.206922
-703.0133,10,224.206946
1928.8672,62,224.244908
-736.6477,6,224.244975
5164.5435,105,224.244993
-80.95593,33,224.245001
-924.454,5,224.245007
-845.735,6,224.269496
-1054.2358,4,224.305787
-2518.3535,12,224.351105
-1125.1251,6,224.351204
-1091.2512,4,224.401167
-1059.4391,4,224.45714
-272.78534,47,224.471579
2546.9897,121,224.471848
757.678,68,224.484471
-1210.5398,7,224.497575
1946.1986,68,224.512061
3922.5283,76,224.512138
-998.56757,6,224.546245
5298.9165,92,224.558286
-161.45624,26,224.571447
-895.27527,5,224.571506
-223.29395,18,224.57152
-780.14935,20,224.594799
-906.44855,7,224.606382
-1989.3533,19,224.606451
-1796.4728,20,224.60647
-1285.8025,5,224.621037
-980.03674,5,224.67687
-1251.0902,6,224.69641
-2186.9285,27,224.710807
-711.7721,9,224.710905
-1022.0795,6,224.710921
-1399.3215,3,224.710926
-1081.4438,10,224.720546
-815.3452,23,224.752318
-801.344,5,224.764051
-692.8746,24,224.805628
-881.27374,5,224.818238
916.9156,49,224.818318
-1197.4741,7,224.818336
-735.58044,9,224.832582
-1999.3367,10,224.858245
545.2654,41,224.870629
5248.9155,103,224.900717
-933.2585,8,224.991316
2474.0862,81,225.015168
-713.86707,35,225.098116
1341.387,85,225.098235
-1724.5737,16,225.136251
-1741.3687,30,225.169273
-895.0494,10,225.199418
-1017.7132,5,225.240073
373.208,43,225.265966
-1090.373,18,225.291984
-733.66046,8,225.315294
-1364.7778,13,225.372752
-1211.6343,10,225.401758
-1094.8213,9,225.401834
2645.3374,99,225.441662
-899.36365,23,225.479155
-1700.8807,32,225.479238
-1030.8354,4,225.518961
-1041.1128,3,225.519053
-929.75244,7,225.547155
963.9796,35,225.579498
-1217.0942,25,225.579608
2902.1619,62,225.579632
374.40472,24,225.57964
1932.5571,64,225.642569
-4579.669,22,225.642716
2166.5815,53,225.672001
-1025.5787,3,225.672084
-831.2728,5,225.672102
-1023.94147,3,225.67211
695.4648,46,225.690942
-964.1608,3,225.703145
-485.71558,115,225.729444
-1051.1587,3,225.729503
-1027.9015,9,225.753891
-869.8647,5,225.753968
-2283.1807,12,225.783939
-1758.8091,6,225.796194
-1208.6161,5,225.796257
-878.3644,5,225.796273
320.5943,56,225.796278
-1050.0664,4,225.834485
-1172.7727,58,225.855367
-891.70966,6,225.891863
-1015.9175,2,225.913754
462.37225,33,225.948779
137.50952,49,225.948845
-748.0918,8,225.948862
25.994019,32,225.9596
-938.67474,4,225.959668
-1069.7212,3,225.995144
-1006.6011,7,226.03266
-953.14716,2,226.075536
-1089.6193,5,226.075666
-389.6656,24,226.105963
570.12744,36,226.119668
-92.39172,36,226.119755
-1586.7976,28,226.199296
-1042.4077,3,226.199407
-2320.196,43,226.249772
-1851.1273,9,226.332188
-1071.1831,4,226.363317
-1198.0875,11,226.404452
-2399.6714,15,226.442224
3431.0542,74,226.468931
-158.16144,36,226.469007
2362.0217,61,226.487002
-485.3328,27,226.51455
-1691.728,8,226.514619
-1183.8585,7,226.514634
-992.5867,3,226.53543
-1007.48114,2,226.567928
-120.253296,51,226.623885
-1077.4343,4,226.624002
-1001.5874,3,226.624024
524.0476,64,226.652365
-406.44153,34,226.706438
1254.6152,45,226.706515
-1033.1266,22,226.776419
-1045.7404,2,226.776577
-1141.8011,23,226.80171
-1712.3374,8,226.845934
645.71704,48,226.8895
-1775.4869,16,226.889583
-654.95337,9,226.901527
-1506.8112,12,226.91209
-1259.0763,20,226.923999
-2304.036,17,226.942869
-947.9775,46,226.955631
-1040.3756,10,226.955692
-1038.4895,2,226.955709
2056.3254,66,226.955716
-1305.5847,4,227.009702
-967.44275,4,227.00978
2019.0906,78,227.026001
-1517.856,13,227.026047
-4473.213,11,227.041249
-1058.382,12,227.069818
-1651.6947,7,227.11106
-990.19214,3,227.111134
-964.1405,8,227.145517
-988.5579,3,227.159521
685.2771,83,227.159611
-858.2901,8,227.159626
-543.5797,14,227.159635
3048.906,84,227.170466
-1028.926,2,227.181758
5707.7407,82,227.194893
-1002.8923,3,227.194981
3602.065,84,227.208045
-294.54333,35,227.22327
-1639.4387,57,227.22333
424.2746,78,227.234997
-109.41461,29,227.325566
-1094.6897,13,227.325653
-114.95654,35,227.325672
-948.3162,5,227.325679
-24.861145,48,227.351462
-1809.142,5,227.459464
717.95123,41,227.496043
968.5021,34,227.529688
-1186.1903,15,227.529782
-1044.2017,2,227.561652
-1941.304,17,227.561741
-1695.2292,9,227.590595
-989.8061,3,227.627622
-984.62036,13,227.683171
1919.8859,57,227.684645
786.05084,32,227.684711
-1025.6364,7,227.715886
-843.0907,6,227.715986
-1921.8428,22,227.762546
-2457.2202,22,227.788644
-1482.8485,4,227.814553
-1350.3387,7,227.81466
-1261.0774,10,227.839319
-1044.2596,2,227.83941
-1770.0846,10,227.859357
1075.45,59,227.859502
-682.8917,19,227.859533
-963.147,6,227.890392
-420.88544,45,227.890453
979.7145,45,227.929778
-2243.1562,16,227.929885
-1024.6893,2,227.961364
-1087.9498,22,227.997257
-1179.3447,8,228.056529
-833.3156,8,228.056617
-1036.595,4,228.056636
-1476.4219,8,228.09874
-412.60095,36,228.141741
-886.9433,6,228.141812
-355.02032,35,228.14188
-1775.4421,13,228.141898
-1407.4958,10,228.160214
-975.37463,3,228.193851
1688.542,54,228.193931
-1688.9917,4,228.21647
-706.2345,17,228.227114
-922.9717,44,228.249577
-370.88788,24,228.26119
-1005.36273,6,228.284456
-1205.6655,23,228.295876
-911.598,5,228.325602
-860.7047,8,228.325669
-1304.6244,4,228.338377
-1891.529,14,228.348727
-1151.4874,9,228.348816
2605.2214,57,228.373337
-248.46136,24,228.373403
2540.0583,97,228.383747
-1272.1018,16,228.383804
-2102.9453,30,228.395997
-1677.4285,15,228.396055
1109.7427,61,228.406532
379.4262,26,228.421956
-1094.2673,6,228.422042
-835.86224,33,228.433261
-1227.6891,9,228.433344
-1066.1193,3,228.460907
-2220.136,9,228.460974
49.550354,25,228.461003
-1297.1704,5,228.490673
481.72144,64,228.490765
-2093.3127,14,228.564941
-2693.7668,9,228.565054
-1082.6156,4,228.565072
-309.28302,37,228.589602
-1116.3077,22,228.614823
-1100.9535,8,228.666496
966.40875,37,228.704357
-1004.7215,4,228.729149
-1824.5754,18,228.780899
-947.9432,4,228.780984
1760.3796,52,228.781
-750.90857,9,228.808468
15.785461,53,228.808512
808.75134,52,228.843643
-709.4134,26,228.843744
-1171.3218,10,228.84376
-1031.0657,2,228.898214
-948.5621,5,228.923804
-560.2228,16,228.924031
-2837.4575,26,228.960667
-1607.9304,7,228.992389
-2080.7576,5,229.047717
-1002.17755,4,229.047809
-7.2008667,24,229.243015
-625.30316,19,229.255881
308.24078,26,229.266534
927.0465,35,229.315707
-379.75177,32,229.334259
-1575.1924,30,229.334321
-348.4096,23,229.356997
60.01642,36,229.357069
-1251.0178,35,229.366687
-786.562,25,229.392123
-748.3203,14,229.392211
1822.2336,60,229.430391
-871.5911,6,229.441924
-1045.694,4,229.441988
-1393.6941,10,229.442005
-1687.095,25,229.442013
-1533.8806,10,229.456318
16.064209,27,229.456373
-1624.1301,16,229.456401
-964.9706,3,229.478373
-1009.10315,5,229.499531
80.2251,47,229.599659
-668.6975,10,229.613292
-1379.7971,14,229.624781
-450.2674,29,229.640231
154.14569,40,229.640328
-1262.7004,10,229.640347
364.1397,56,229.699318
770.8122,36,229.733539
-616.61426,29,229.733682
-1897.344,20,229.73371
-1075.6803,7,229.751722
852.8751,44,229.784977
-631.38745,30,229.813358
-910.8453,12,229.925144
-948.37476,6,229.925225
-327.7729,49,229.978292
2657.912,73,229.978359
-1477.6752,12,230.003247
236.75323,30,230.029946
-939.62085,11,230.125028
-1519.6545,19,230.125123
-900.6467,8,230.156092
465.51752,54,230.192197
-921.85944,5,230.192308
-1030.5054,2,230.220979
-97.14502,24,230.221098
-858.00946,7,230.221111
-1184.2476,39,230.262484
-1360.5945,18,230.262568
-800.39343,21,230.322588
-1179.6724,12,230.322696
-2105.68,8,230.344757
-1333.7119,15,230.344857
-2077.469,5,230.371292
-830.97253,9,230.424688
-1073.2203,66,230.424765
-1173.5248,9,230.460541
-997.7853,3,230.461643
624.6102,35,230.477334
-943.9595,6,230.489561
-2641.3242,4,230.512831
-934.0361,6,230.524642
-1443.2004,5,230.524745
-1466.0121,13,230.524765
1953.8611,79,230.539908
-1328.6406,19,230.550908
-802.88794,25,230.56619
510.09613,35,230.580013
-1243.4094,6,230.621219
-1369.0231,9,230.632857
1089.1396,59,230.643889
1713.0222,69,230.684474
277.18103,27,230.71034
-2199.349,12,230.796504
-1919.1189,28,230.796602
-548.4238,17,230.796623
1316.2156,65,230.834803
-850.7875,8,230.834889
734.8843,44,230.834908
-1039.9766,4,230.834916
-3175.03,16,230.893068
-1001.9955,9,230.967109
-1273.6367,15,231.07352
-681.8261,19,231.122916
-1059.0902,3,231.191713
-820.0688,18,231.282236
-1510.7888,8,231.309038
-1061.5559,5,231.325239
-1022.8001,8,231.325343
-1028.5476,2,231.35838
-996.43274,15,231.414768
-519.15063,39,231.43733
-922.6248,15,231.437427
-1094.4325,5,231.462603
-1439.8193,13,231.462708
-1034.7546,9,231.485708
-1117.8912,4,231.535195
-871.7998,6,231.561238
-1443.0333,47,231.690351
-975.9536,5,231.745599
-1009.04626,17,231.757545
1468.2837,84,231.768968
1039.5554,58,231.769043
-635.241,33,231.769056
5490.245,104,231.781092
-1272.927,15,231.781164
10663.784,126,231.78118
1125.2874,50,231.793847
-2085.7656,19,231.807814
1652.4653,65,231.807882
-1083.3816,40,231.819777
451.47925,32,231.819839
285.7801,38,231.831143
753.7155,64,231.843792
-1531.7678,7,231.855546
-525.48645,26,231.881109
-1027.8068,2,231.881167
-1135.0327,12,231.892017
-1247.0757,9,231.915816
-1024.6783,8,231.915889
-802.4802,45,231.915905
-645.2442,10,231.94577
-2040.6677,12,231.945844
-891.75574,5,231.956554
-656.1738,16,231.968179
-400.25366,44,232.004055
-949.6897,9,232.022397
-1769.5562,39,232.061193
-798.5099,11,232.061303
1207.757,76,232.112523
-1106.7072,15,232.112614
-1023.89844,10,232.112631
-1042.295,3,232.147682
-710.9563,13,232.182516
-2048.7246,60,232.182602
-1369.2925,20,232.182617
-1017.8424,2,232.212822
-684.9513,27,232.212911
-1037.3029,2,232.237171
-1036.6921,4,232.328703
-1692.1036,8,232.361519
1100.7842,47,232.420207
1313.824,59,232.450574
-943.48505,6,232.588093
534.4274,42,232.633369
-923.49615,17,232.633448
-834.9368,23,232.693469
-447.22192,20,232.72421
-1965.5046,4,232.755665
-328.659,86,232.755744
-82.07831,24,232.792652
-973.4524,3,232.792798
770.2579,39,232.820853
-69.14252,27,232.872137
331.143,41,232.885221
-867.24176,5,232.899637
-1595.3901,6,232.911941
-138.61115,27,232.912031
359.02765,53,232.967556
-723.74274,17,232.967636
-2501.4268,12,232.967651
-1156.9517,10,232.98
-1176.7039,8,232.99531
-1401.7147,9,232.995369
0.3590088,42,232.995382
410.37543,47,232.99539
-124.23505,56,232.995398
-1031.8822,2,233.006841
-1040.8435,4,233.017822
383.26715,48,233.030682
-1043.3103,2,233.046225
-810.16907,17,233.046293
-1045.7445,2,233.057341
-1193.6328,8,233.071913
-2352.5254,6,233.071985
-221.74115,25,233.095433
-1854.7261,8,233.106407
-706.4197,71,233.132235
-1039.1395,8,233.145139
-537.05396,13,233.160319
732.52185,43,233.204188
-1411.3384,17,233.232023
-621.83826,17,233.232108
-1370.4395,45,233.294993
-2294.6611,13,233.363896
-914.5733,6,233.434168
-1116.8525,19,233.466874
-343.35016,30,233.466997
2102.8635,65,233.499548
-2355.933,15,233.536344
-1894.0427,26,233.536417
-1993.5098,21,233.565321
-2380.98,19,233.59634
-1454.1106,4,233.629919
-1085.25,12,233.688606
-2390.3838,7,233.688693
-1916.2429,37,233.84008
-235.40533,31,233.840284
-1344.467,48,233.840308
-745.7384,9,233.937218
-633.10596,33,233.994283
-2395.7644,13,234.019562
-577.4591,26,234.057358
2455.2944,97,234.057428
-1328.1572,15,234.113082
2354.2056,73,234.133554
-969.5827,4,234.153246
1076.1616,53,234.171574
-1480.6527,11,234.171639
3115.0408,106,234.184809
-1112.4148,16,234.18501
-1017.03406,4,234.201659
2706.9783,56,234.232563
-1026.3295,2,234.232634
-1338.3931,10,234.24413
-1382.9491,3,234.299801
-883.7241,33,234.29995
-1287.3397,14,234.343505
-23.636658,33,234.343596
-2050.7588,12,234.366757
-1031.5657,2,234.382719
-1887.2766,21,234.382802
-1469.4885,6,234.395921
-1409.8303,5,234.4348
-1637.9067,28,234.45545
471.04138,53,234.504696
-1632.9688,21,234.531112
-3141.6587,9,234.60196
4417.136,101,234.630053
414.294,47,234.661266
-1387.094,12,234.69654
-1310.5017,6,234.696646
-1044.2365,2,234.696665
-1417.9211,32,234.696677
108.44055,37,234.723507
-1266.8467,12,234.786013
-867.0284,10,234.84653
-895.43744,33,234.927716
2583.641,66,234.927868
-149.47205,30,234.971561
-714.8331,49,234.971652
-1029.6597,2,234.991168
-1373.2241,9,235.044894
258.45905,38,235.099695
-319.71478,31,235.100077
-997.5042,3,235.132436
-190.53748,37,235.152679
-1052.2572,3,235.198692
-1025.2009,18,235.198801
-1457.6055,10,235.221799
-836.83875,30,235.221889
-1688.6154,3,235.268917
-1170.4868,11,235.269013
698.5037,66,235.269026
-396.4676,35,235.279527
-1585.7823,23,235.292839
-136.17499,23,235.305727
-1010.1203,3,235.305801
1542.6138,55,235.305819
-1061.2551,4,235.317781
3057.1523,79,235.317858
-996.57495,4,235.329977
-1284.9176,19,235.346185
-842.5492,10,235.386447
-1003.1521,2,235.386507
-2704.9324,7,235.398578
-831.2082,8,235.429037
-1047.5466,4,235.475466
-1825.7544,14,235.495855
-1918.3291,14,235.507407
2081.7021,63,235.507503
-1311.1638,10,235.520242
-3454.6934,19,235.520295
-777.4553,26,235.520323
-3579.1401,16,235.533729
-449.65454,25,235.533795
-678.82776,36,235.53381
605.65735,42,235.533818
883.0744,46,235.56492
-995.20984,3,235.579594
-1008.14014,26,235.603152
-901.2801,6,235.620497
-625.1703,28,235.620822
-1019.33185,2,235.620852
-560.26105,36,235.815289
-1267.9998,6,235.883164
689.4246,44,235.930611
-1112.7677,10,235.981649
-1218.173,18,236.035418
-319.58002,28,236.035486
-1323.902,15,236.05498
-886.3106,6,236.092583
-1075.3431,20,236.117071
-346.79486,22,236.20395
1426.3955,64,236.225598
-3020.1042,7,236.225697
-1336.1013,36,236.251015
-922.837,7,236.280882
3149.7876,74,236.280931
39.61444,30,236.280941
-1831.8967,15,236.327993
-1721.057,5,236.379078
-1015.7755,4,236.405368
-1714.0701,5,236.405498
-340.06006,24,236.405558
-897.9583,6,236.459038
-987.5111,6,236.459343
785.35,36,236.484467
-2179.1633,34,236.484509
-1947.1611,16,236.484519
-1016.27466,4,236.484525
-1185.9208,14,236.484531
205.776,29,236.498971
51.113037,36,236.499046
-1639.7367,4,236.515299
-1032.8254,2,236.533719
1659.1448,79,236.560961
-767.00824,8,236.578579
1632.8975,54,236.578704
-1305.2888,11,236.594513
-664.76636,31,236.594589
-1415.9214,15,236.655114
5571.4624,131,236.669725
-352.94366,23,236.669818
-1771.8052,13,236.682342
-861.6155,13,236.682403
-1155.4392,13,236.68242
-1100.6401,20,236.706777
-2395.1606,12,236.70704
-362.68762,23,236.720013
-988.6677,4,236.720105
-912.845,5,236.734222
-822.07764,7,236.746266
-1068.3185,12,236.761934
-1603.2644,18,236.782409
-1344.0527,15,236.799595
-985.2792,9,236.81466
-2034.1292,24,236.860715
-59.990845,23,236.861023
-2046.9539,17,236.86107
-149.5954,26,236.905435
-1339.6067,10,236.905528
-1316.0702,61,236.949998
67.954285,24,237.002988
3206.0977,81,237.036075
-755.089,9,237.036169
-977.3889,51,237.073479
-1589.2715,8,237.073581
-804.80835,8,237.187245
-401.89508,21,237.25683
-71.37537,24,237.256903
-2169.5256,22,237.256918
-721.8839,8,237.286643
820.65686,53,237.372355
-825.4658,5,237.401837
-2361.1423,21,237.421578
-1013.37006,14,237.446913
-1874.7653,17,237.52227
135.63837,81,237.522352
-1642.3042,9,237.522367
-171.94073,44,237.546825
-1416.9141,10,237.546885
216.98322,23,237.546901
-215.61798,37,237.57783
-1235.6042,37,237.577909
637.4902,35,237.60484
-940.17096,5,237.66231
-941.47394,6,237.679369
-485.2884,34,237.694811
742.0784,36,237.694887
-1420.1157,25,237.704009
95.32916,41,237.704062
-74.15485,33,237.716501
2153.9927,74,237.716567
-868.18976,8,237.726964
-392.24896,32,237.727031
-964.67505,14,237.727048
-2177.5837,10,237.73829
-1027.073,2,237.73836
-442.19708,24,237.754613
-1056.922,17,237.754737
-1793.1768,12,237.776084
-991.3676,3,237.789927
-1066.5549,3,237.789971
-979.4163,4,237.78998
-1744.1792,13,237.789987
-1132.1948,8,237.80842
-1910.4592,12,237.808511
-1632.4109,7,237.808529
-1041.5669,2,237.820461
-2844.8887,18,237.845437
-3350.2632,14,237.872281
-825.5085,23,237.884389
-1296.4834,8,237.895105
-1396.3362,5,237.919994
-1952.9768,8,237.941407
-1963.6339,15,237.941467
-458.21423,15,237.953479
-570.3192,24,238.042659
-222.89899,20,238.071849
-505.50458,35,238.071986
12.736389,20,238.072006
854.4868,51,238.090076
107.55829,24,238.118963
-2100.691,16,238.201385
-3118.2798,28,238.294307
-1119.7261,9,238.294417
-1646.7661,24,238.357101
-875.4026,30,238.35718
-1012.6238,5,238.387338
-1836.5608,22,238.387412
475.55182,42,238.412066
2745.5688,55,238.412122
4002.542,75,238.412132
-1298.559,15,238.566741
-366.7215,34,238.566838
745.3278,41,238.593268
-952.3668,5,238.703489
-508.18597,33,238.732334
-1002.29724,2,238.772871
-2978.2778,54,238.772969
-909.2416,10,238.796108
-818.9511,9,238.814236
-900.7616,7,238.867701
-981.7223,5,238.891016
1277.3662,48,238.906729
571.27106,38,238.906781
-1044.0748,7,238.906794
-946.2919,6,238.939025
-2457.88,21,238.949023
-1007.33966,2,238.963094
1427.0273,43,239.053874
-775.14014,19,239.054221
664.95874,61,239.065139
-1238.1675,35,239.065218
-1512.8141,14,239.087696
-808.55597,22,239.122483
-1059.9337,4,239.122565
694.9006,35,239.135043
-884.01935,6,239.135138
2946.2202,69,239.184368
-711.55945,9,239.199262
-288.80286,47,239.199331
-1687.1074,22,239.199347
-1043.913,3,239.230436
-1458.7788,20,239.230515
-2409.968,41,239.259975
3145.4614,67,239.296466
-919.35016,5,239.296604
1549.7136,45,239.346246
-31.018738,24,239.346311
-37.121887,29,239.346324
-906.25006,5,239.346329
-1102.5953,7,239.346334
-76.614075,19,239.395153
-562.25146,50,239.395304
-2228.1438,61,239.421643
-470.0667,16,239.442926
-976.2694,19,239.512955
-1202.8099,6,239.536191
-1254.8364,8,239.536292
427.8172,55,239.593309
-1051.8503,5,239.619477
-993.53217,11,239.642047
-655.34955,7,239.695746
-1001.76385,3,239.69583
-1767.3113,21,239.718896
1624.0854,64,239.718958
-425.4339,17,239.74832
-1970.2639,7,239.779763
-1291.5618,15,239.800756
1706.8799,80,239.800866
279.4549,36,239.852656
-742.81683,6,239.852876
3322.8455,81,239.852898
-976.16736,5,239.852906
-897.41284,6,239.877933
-616.2579,34,239.892768
-988.50256,5,239.917917
-1245.3743,5,239.968311
-1880.4722,5,239.968409
-1080.8271,3,239.968428
-2039.0879,6,239.998348
-844.24756,27,239.998416
-57.04602,28,240.028647
-981.9071,10,240.044818
-1495.7654,9,240.065747
-888.70233,8,240.065844
-986.3966,3,240.077021
368.6601,34,240.087861
-1016.86694,2,240.087939
-1330.5217,6,240.101655
-2200.8557,8,240.114076
-1041.7003,2,240.139518
-169.94904,28,240.139585
-1251.8004,7,240.169883
1008.0988,42,240.16996
-1685.2859,46,240.180622
-490.8737,15,240.207959
-266.7989,18,240.229376
-1033.4268,6,240.229463
-1642.2288,7,240.240068
-1689.8711,111,240.240132
-552.4068,17,240.276783
-1851.2837,3,240.315524
-989.81305,12,240.3298
-1333.7047,14,240.35562
-1033.0692,2,240.355688
-2516.1694,12,240.368687
-1706.5154,5,240.380131
1212.9431,54,240.380194
-87.4361,28,240.380211
-1033.0424,2,240.380219
584.7508,66,240.401363
-1017.8172,2,240.412274
-1541.5898,8,240.488711
-1553.6978,27,240.488809
210.2005,43,240.514469
-1183.7389,7,240.514564
893.31635,45,240.530307
-130.19592,37,240.576035
-833.4184,16,240.780898
-634.09924,31,240.83928
5821.0103,103,240.83938
-357.11377,31,240.866693
1204.1699,63,240.919997
-1002.1107,4,240.95143
-994.23303,17,240.988141
-636.02576,8,241.010691
163.38489,47,241.010756
-1134.3303,3,241.044357
-827.4829,7,241.044422
-1624.4866,6,241.044437
169.4696,50,241.091348
-1054.5038,3,241.091427
-1061.0294,2,241.091442
-20.019043,29,241.125425
-1880.2893,23,241.125502
-94.41626,27,241.125517
-1249.6573,33,241.224067
-955.20624,5,241.260492
-768.5287,32,241.305278
673.42163,39,241.320111
-663.6621,9,241.342127
997.4603,57,241.357645
-801.93066,13,241.357866
262.88165,67,241.370775
-805.8591,13,241.416887
-2176.0684,19,241.416959
-564.5559,10,241.442655
-448.86603,25,241.442707
-1694.8657,9,241.453649
1277.0613,63,241.484247
4436.68,92,241.495467
-3389.4927,12,241.519653
-2206.4338,8,241.519742
-860.18933,6,241.553997
-378.02698,17,241.564305
-1213.9725,5,241.583796
-232.15894,35,241.594004
-1334.5623,9,241.605166
-920.50653,6,241.641081
-1552.5691,37,241.659009
-622.02893,16,241.686389
-346.25122,28,241.68645
-1034.937,2,241.705626
-1324.3788,21,241.723096
-5283.6685,19,241.723181
-1643.4617,44,241.750702
625.02374,81,241.75079
-1040.6602,3,241.750808
-937.8142,8,241.769998
-971.4909,5,241.810899
-643.5721,66,241.897536
-2020.3383,6,242.059485
-932.6111,14,242.265634
7725.7095,135,242.295317
-1103.7993,6,242.417348
-770.19025,33,242.449872
-875.02405,6,242.483933
335.55615,57,242.504307
-1098.7203,27,242.531585
-2071.753,16,242.531665
-713.5253,20,242.545832
-1038.8457,2,242.569104
-2180.0044,16,242.569195
74.52765,36,242.59411
2799.1277,81,242.594195
2513.586,63,242.608247
-1029.0916,8,242.608312
-906.8889,11,242.619748
-1167.4299,10,242.650095
-1044.2635,2,242.65018
743.6943,76,242.691956
-1218.917,4,242.706218
-1532.0214,7,242.70628
-521.49005,33,242.717937
-972.4927,5,242.718011
-1219.9963,32,242.737363
1665.1194,93,242.737421
-1313.4075,4,242.769096
6917.681,156,242.791111
-264.253,47,242.827851
-1165.5469,7,242.886289
-1469.1388,5,242.886378
-2734.0796,15,242.982478
328.9596,54,242.982584
-1095.6626,4,243.013064
-888.4509,5,243.045288
-583.5521,24,243.045669
-1026.2725,2,243.045692
-2911.4106,15,243.087192
-1065.1243,2,243.123035
-931.11676,4,243.123125
-418.1145,31,243.18941
-1025.3826,4,243.189458
-1073.48,6,243.262611
-1023.2468,4,243.264252
-993.0693,3,243.317114
-1025.5339,2,243.343608
1351.7109,55,243.381717
947.5707,36,243.418953
-1400.43,48,243.463401
276.70367,28,243.463476
1519.3677,60,243.527814
-1642.7612,13,243.527903
-109.49548,41,243.527922
-1151.1646,12,243.556896
869.98285,45,243.580897
-1076.4523,3,243.597063
-1016.8194,2,243.597155
-917.3192,4,243.631223
-1278.5444,9,243.631342
-725.6532,20,243.631369
-903.37634,4,243.693186
684.8972,31,243.705876
3413.5103,72,243.72504
180.9654,26,243.755196
3145.5935,100,243.755284
1344.9856,52,243.770642
-1266.9468,6,243.782736
-623.724,14,243.782816
-1675.9072,13,243.82275
-1789.9146,6,243.854667
-900.83795,9,243.888569
-1316.624,22,243.888658
733.2575,49,243.888675
476.19012,57,243.888682
150.72296,49,243.898015
-1013.46405,2,243.908274
-759.35657,13,243.919098
-1266.0753,9,243.919175
-2205.524,9,243.931265
574.85406,74,243.958213
-183.47058,28,243.958266
-1643.3372,6,243.95828
6511.2285,129,243.958288
-1015.0949,5,243.958292
2425.655,56,243.97022
-1043.8661,3,243.993257
-2147.398,38,244.004362
-1043.6846,4,244.014323
380.26825,38,244.014395
-936.8867,6,244.027287
-1154.4767,12,244.02735
-922.96375,15,244.027365
-1038.0895,2,244.068347
-1053.2028,4,244.092031
-1750.5098,11,244.092136
-2650.675,21,244.116179
-895.0934,5,244.144187
-1893.2009,20,244.206013
-1112.6229,6,244.20608
-1721.343,11,244.206097
-584.1603,15,244.234874
-527.6993,37,244.253815
970.33734,48,244.277157
947.7287,49,244.277254
-983.3359,3,244.327241
-890.0737,5,244.327343
-1279.5742,16,244.387125
1029.9719,36,244.446057
-908.4904,7,244.535478
-2511.647,19,244.600679
-2244.462,14,244.600771
1378.0374,51,244.628466
-831.43396,29,244.628556
-1177.405,19,244.658825
-961.40375,35,244.687587
-1814.4207,14,244.687725
1391.1068,53,244.727442
-2053.363,4,244.727507
2159.4846,56,244.760639
-990.169,5,244.786967
-782.0078,37,244.78708
-1374.1459,9,244.806465
-627.7667,26,244.80658
-1687.2065,4,244.826382
-1095.7831,7,244.877285
-1449.4022,10,244.902449
58.116028,31,244.902509
-844.51355,15,244.926743
843.22974,27,244.93762
-1927.7638,8,244.980191
-906.96387,6,244.980259
-1684.8428,19,245.003279
-1897.6284,45,245.003354
-729.57556,22,245.026289
2247.9321,51,245.026362
-2181.705,19,245.059222
-934.8622,7,245.059298
-671.6911,20,245.059317
-1531.9038,24,245.071663
465.57874,64,245.100783
-2089.066,25,245.124797
1064.2458,62,245.135616
-1029.651,2,245.160039
-1422.4609,21,245.17077
-1346.3723,9,245.181517
-1669.929,11,245.204614
-1633.6495,15,245.217738
-1646.6309,18,245.245808
-1032.765,2,245.245981
-314.83386,50,245.290198
-1121.2712,27,245.323315
-245.55743,23,245.323409
-749.2866,11,245.373151
-1027.83,3,245.373318
-2829.2263,19,245.405282
483.20914,40,245.430742
-1016.72095,2,245.466466
-901.3078,6,245.514222
-1529.1877,16,245.587416
-970.93713,6,245.587495
-1011.9498,16,245.714894
-1536.8999,16,245.736746
-940.8044,8,245.736843
-3043.6763,12,245.758278
-1044.2635,2,245.792248
-395.4892,41,245.792344
-509.55713,50,245.792364
2455.5742,70,245.792372
-723.69147,22,245.792378
-1627.2573,10,245.818737
-1012.94495,29,245.818805
-915.537,5,245.882838
84.21179,37,245.883013
-3159.8193,7,245.962749
1514.3427,55,245.96283
-1135.4407,10,245.991658
-824.2636,8,246.029705
-750.0216,38,246.02981
-956.6628,19,246.029835
-1028.7882,2,246.029843
745.3331,45,246.063714
4758.595,88,246.063844
-784.5925,11,246.088111
-1736.5085,10,246.088177
-160.51465,30,246.100483
-1845.126,19,246.100601
-1451.2936,11,246.135891
3910.2864,86,246.151293
-778.0297,8,246.169256
-1151.7344,9,246.18045
168.1983,45,246.193604
-1032.1342,3,246.2026
-2174.2178,8,246.220462
-1319.9796,9,246.220597
120.51056,28,246.238612
-1232.5964,21,246.239006
44.879578,23,246.269022
611.6796,40,246.304622
-2405.531,5,246.329575
-262.77563,22,246.373887
-1045.0995,3,246.396315
-1335.2317,21,246.396386
5322.1196,94,246.431381
-183.7898,22,246.464728
-1712.5199,8,246.464813
-1093.9098,7,246.501689
-1355.865,3,246.529146
-2060.8533,20,246.598141
-849.1849,7,246.623971
-990.9108,28,246.657544
-1266.6533,7,246.682487
101.8125,25,246.709753
-647.9811,32,246.730342
-1600.1245,6,246.758897
-620.0409,25,246.812334
-243.56519,27,246.848469
-1447.5073,8,246.848652
-209.86725,47,246.94448
-2200.7905,26,246.944625
-1040.4663,3,246.944664
1268.7084,46,247.018067
-970.19214,3,247.054132
1057.5597,38,247.054225
-1642.5879,14,247.11216
-1405.0396,20,247.13375
-1739.2197,42,247.133846
-1067.934,6,247.192343
-765.8045,36,247.207936
-546.92554,28,247.209291
986.68164,52,247.287336
-995.3677,5,247.310427
-550.3358,17,247.310745
-2136.313,10,247.310788
987.2975,42,247.337963
-562.00134,34,247.36935
-844.1397,12,247.401534
-1012.0032,5,247.40164
-1213.8468,7,247.437671
-989.87683,3,247.461211
-2181.2476,36,247.46131
-465.63416,27,247.461337
-63.32373,30,247.472322
-415.4784,14,247.484452
1828.1077,52,247.506534
-1011.76807,14,247.521426
4032.8274,73,247.533909
-864.64233,7,247.550254
-1524.7454,38,247.550324
-865.5713,15,247.550339
-797.7946,7,247.574139
-370.79175,20,247.574247
-865.02106,12,247.592554
-1016.40155,6,247.773541
379.27484,26,247.773631
-954.5691,4,247.81414
-722.08496,30,247.81422
-2271.2085,11,247.840268
-165.2547,42,247.87035
-2721.3958,15,247.870476
-1044.2635,2,247.899649
-1193.8035,8,247.899966
-904.92706,5,247.94907
-1037.1864,3,247.949159
-1033.4086,3,247.976205
2026.8291,55,247.976289
5883.7363,151,248.062165
-237.9054,42,248.062296
-1070.9106,4,248.062315
-2569.0981,29,248.135179
1002.48505,45,248.13527
-731.27637,26,248.196353
1068.053,51,248.23031
-2065.4248,6,248.230381
-2649.9827,21,248.277325
-1472.0105,19,248.394053
-551.6502,17,248.461514
-1630.5845,12,248.474281
-1467.1862,14,248.494941
-3278.1638,22,248.50887
822.3232,33,248.519916
-983.3267,19,248.520037
-2373.8293,31,248.533907
1217.5696,34,248.53397
534.3023,25,248.56379
-1044.9897,4,248.578137
-1029.8842,6,248.597444
825.7874,36,248.597517
1230.1296,41,248.609943
-778.99384,21,248.624491
124.81439,32,248.624585
-1038.9381,2,248.624606
-1620.7782,39,248.64571
-1163.4346,3,248.655929
1908.5825,51,248.667763
-1044.6793,4,248.667889
-2808.0425,16,248.681484
-1774.5979,8,248.692517
-1541.7705,5,248.705597
-747.7427,21,248.705677
-2042.6399,6,248.72928
-1756.3638,12,248.729359
-1022.7053,3,248.729377
-996.3982,30,248.744123
-993.13513,6,248.744199
-2371.336,19,248.772784
-993.35504,3,248.793262
-1056.6863,4,248.805739
-1863.9739,10,248.819513
-1004.8629,4,248.840375
-4275.117,34,248.840451
2194.517,71,248.868361
-1263.4928,22,248.966359
4121.8735,84,248.99664
-1697.5537,14,249.027246
-720.6888,14,249.027331
-2983.7449,10,249.027342
-1743.8425,10,249.061634
444.35822,46,249.122314
-787.50104,6,249.187473
1281.0919,71,249.246694
2033.6985,66,249.284222
-105.402466,22,249.284487
-1393.4193,11,249.324791
-572.4976,17,249.358141
141.94366,40,249.385602
-1527.7175,4,249.385668
-1474.2739,10,249.438441
-1044.2635,2,249.438542
1518.9673,64,249.481621
-815.97754,7,249.496698
-115.580444,33,249.531807
-996.9054,4,249.531887
-1021.80176,2,249.590686
-828.41864,5,249.644598
-17.639404,50,249.669596
-219.9685,19,249.684715
503.07697,59,249.68479
-1321.0814,14,249.684807
-840.10596,13,249.709217
-87.68884,17,249.744668
-1332.8003,35,249.758206
-931.17554,7,249.769912
1483.496,51,249.791029
1571.0293,66,249.821053
-1005.6687,3,249.833011
-1045.741,2,249.843917
330.3288,46,249.878289
-760.2956,9,249.878366
-1119.1279,3,249.919402
-1248.2892,6,249.91946
-186.32721,51,249.948653
252.54242,36,249.960759
-922.34705,4,250.002981
3240.848,78,250.044087
-1017.5171,4,250.081992
-743.303,8,250.102051
696.252,37,250.125614
-1592.3809,54,250.156723
-1042.065,2,250.156797
-910.6103,33,250.179296
-965.70795,4,250.17937
-434.25238,26,250.179386
2073.8877,81,250.231499
-1002.5646,6,250.297103
-920.8014,20,250.318478
1709.5063,64,250.352611
-1589.8422,11,250.383698
-1359.1672,41,250.416404
-1444.1567,5,250.471209
-919.26733,15,250.471306
-1438.3152,35,250.501612
-1663.2544,5,250.558381
-1049.8269,4,250.62482
-868.8843,6,250.652295
2498.5608,63,250.753484
-824.53503,36,250.753628
-989.6628,3,250.753659
-614.16626,25,250.753668
-310.25903,21,250.789205
-1396.6151,5,250.789285
-1040.6177,2,250.806992
-2009.9939,20,250.838394
2903.5056,81,250.870792
-1615.3134,14,250.883609
680.8551,59,250.883697
1942.9277,56,250.898533
-1848.417,6,250.898608
3097.895,100,250.898623
-1055.0509,3,250.898629
-665.37134,46,250.912617
3422.5645,88,250.951695
-1845.1895,10,250.963109
-914.08826,5,250.963264
-2095.3054,6,250.963337
-1057.826,5,250.963388
-864.3902,12,250.97426
-361.299,26,250.986122
-2685.4111,10,251.008502
1787.8232,69,251.008568
-932.7039,5,251.023048
-1014.82733,5,251.023111
-1688.0923,10,251.023127
-1825.1465,16,251.023135
-1018.5991,7,251.052404
790.8837,42,251.06356
5555.1206,90,251.077343
-1299.9607,4,251.077412
-943.72406,4,251.134834
-1800.4565,9,251.15122
-1198.0465,9,251.151311
-1492.3635,7,251.15133
4493.066,84,251.151335
-829.6885,10,251.161619
508.76508,50,251.182446
-1491.0308,7,251.182605
2089.3767,57,251.193537
-1256.9327,8,251.287307
-931.41376,6,251.287381
-1188.49,8,251.287398
-1517.6953,8,251.308594
-275.12708,24,251.328881
-2093.241,16,251.329026
-1237.386,9,251.359218
-988.2419,3,251.35929
-843.9408,22,251.382066
-995.0767,5,251.406732
-1275.992,4,251.406786
-2186.795,13,251.406798
-980.91876,4,251.433797
-1023.6128,2,251.459895
-1640.0557,33,251.459998
-917.8905,8,251.487129
-2519.1472,17,251.487211
-328.67163,31,251.533859
-999.8046,3,251.561682
1648.8485,98,251.561773
-116.491455,43,251.588299
-973.6995,3,251.628416
-1003.4821,11,251.690566
1220.7263,64,251.690657
-867.1819,6,251.796338
-1170.487,13,251.796452
-666.76654,17,251.821043
-443.44116,28,251.84198
2236.6133,61,251.884243
104.95563,30,251.96998
1878.9751,51,252.046974
-834.97943,10,252.069029
-642.5403,15,252.069114
-511.46646,58,252.079605
-760.25934,28,252.079674
-948.4974,8,252.102016
2333.0024,66,252.116681
1441.6229,54,252.116741
1369.009,52,252.116754
-1742.2527,26,252.152756
-479.6224,31,252.174408
-722.5178,11,252.174469
5438.982,71,252.219186
-1441.7683,40,252.233941
-1995.6748,9,252.234018
-1049.4545,3,252.257164
-1769.3188,9,252.268357
-1154.6344,4,252.279902
-877.346,14,252.291364
-578.21924,16,252.303193
-470.33594,46,252.33725
-2080.6738,35,252.361894
315.05328,32,252.372544
1401.1652,47,252.372586
-821.42737,7,252.372596
-1763.2007,25,252.39819
-2062.309,15,252.419203
-1083.0328,5,252.437769
350.43842,54,252.481123
-1037.2944,3,252.481233
-142.46149,23,252.542108
-351.3576,45,252.620828
-1210.5061,16,252.658284
-1524.3472,10,252.698213
-987.99036,3,252.732477
-1538.8265,11,252.881586
337.33514,42,252.901187
-377.21442,44,252.927466
-406.6972,26,252.927526
-769.09973,40,252.92754
-1019.50415,2,252.965631
-991.2394,3,253.010899
-1720.5056,32,253.03274
2764.1577,73,253.032878
1157.2588,67,253.0329
-1039.205,5,253.060358
-2005.1775,18,253.087645
-1429.096,14,253.118276
3522.029,69,253.143751
-1034.0754,2,253.16705
-918.5369,5,253.16715
-346.075,24,253.167171
-1405.7241,11,253.242861
-322.13257,58,253.273369
-2630.3374,37,253.295479
-937.44055,5,253.315543
-987.58356,4,253.326495
-4133.5356,16,253.365934
1614.7551,49,253.365992
-1466.5115,6,253.444657
-1580.2166,10,253.444726
37.834656,27,253.464149
239.13092,47,253.464225
1919.8904,83,253.46425
-1288.3389,48,253.476526
2192.727,64,253.496284
-987.782,4,253.522531
-970.51624,4,253.535187
-1024.4486,2,253.545488
9.82312,24,253.545557
102.56476,41,253.545572
1910.3616,56,253.565855
-737.9691,25,253.566243
6492.992,94,253.587925
-1048.9069,4,253.603192
-1954.7971,10,253.614249
-1312.8163,5,253.62635
-199.77612,41,253.660354
-1585.9526,6,253.682449
-2144.3008,14,253.682535
-1012.3926,3,253.743451
-1451.5806,5,253.743551
-1443.5215,24,253.774809
445.1942,38,253.775162
-590.4157,18,253.775185
-1424.902,10,253.81993
-992.42834,56,253.846223
-1784.5105,14,253.846342
-979.3885,4,253.87342
232.95111,40,253.90461
-1020.72406,4,253.936974
-2065.0276,16,254.210855
2678.5764,60,254.33872
88.57196,29,254.401409
-840.77203,18,254.459997
1829.5851,83,254.496397
1694.3523,68,254.508134
999.4726,64,254.520812
-1184.79,11,254.551862
-423.67578,27,254.563366
-1201.7219,17,254.563439
-909.9242,5,254.585671
-684.4985,39,254.597159
724.7164,62,254.610628
-1294.6315,5,254.631945
556.9884,53,254.632025
-981.69543,3,254.653467
-900.89215,4,254.653548
2836.5244,78,254.663486
-1082.0472,4,254.685723
-1811.5706,16,254.685801
-1525.1311,51,254.68582
-1026.5293,2,254.708172
-816.21173,10,254.708251
-1005.88184,2,254.708267
-1085.6646,7,254.719044
-1230.2637,17,254.729392
-899.78455,5,254.756061
-301.60107,46,254.756143
1671.7974,61,254.769259
1566.0962,74,254.792984
-198.22046,48,254.793087
-979.5705,3,254.793109
-1441.9862,50,254.818201
-863.1883,7,254.828616
-955.4164,4,254.857413
-1578.366,9,254.857504
-1112.0961,4,254.857519
-990.5898,3,254.925716
-929.33765,10,254.925763
-882.0306,4,254.925775
-828.8478,13,255.05328
-935.0516,4,255.053368
3288.727,70,255.083392
-926.1019,6,255.1208
-1118.9421,12,255.168071
3151.6113,69,255.197727
1357.3625,75,255.226792
-681.8279,25,255.252141
-2121.2268,11,255.305497
-937.5414,45,255.329924
777.2676,49,255.330014
-1627.78,17,255.368887
-1154.0352,18,255.68014
-1479.0443,12,255.693973
-793.19446,26,255.71682
767.1826,40,255.764331
2098.1748,87,255.764404
-1548.6965,27,255.800001
260.94696,31,255.824725
-55.38452,53,255.824802
-661.9541,29,255.843433
952.09186,48,255.843517
-1077.7059,4,255.855185
-1040.8141,2,255.879664
-1018.7,4,255.879786
-1051.5231,10,255.890707
-766.02075,7,255.927906
-1905.283,32,255.939198
-993.35864,15,255.965433
1852.3699,67,255.965496
-1527.0004,5,255.994614
-809.86346,7,255.994701
-1329.178,4,256.031018
2151.0342,58,256.055086
-1037.7085,4,256.089088
-988.5957,7,256.185156
-1078.9852,19,256.217329
-1532.7471,4,256.217404
-1000.9075,34,256.278115
-1834.8724,21,256.278185
-40.64337,57,256.31314
-1150.2875,3,256.313283
3098.4824,79,256.313297
-1025.9519,2,256.343834
774.4815,61,256.375447
-775.6588,7,256.415435
-1583.28,4,256.415528
3855.3574,119,256.457032
1951.7954,85,256.497458
-633.163,8,256.497583
952.51294,38,256.532946
-1574.9841,5,256.556214
-1023.3582,2,256.589545
-936.11035,4,256.806924
-889.2683,6,256.837352
-1045.7849,6,256.860429
-970.53094,4,256.86053
-890.89874,9,256.873107
1769.0436,61,256.886616
-656.0483,28,256.915396
2533.0757,129,256.915479
-915.4028,8,256.92945
-1043.1888,3,256.92953
508.0016,65,256.960689
-1004.59814,3,256.960766
-954.12964,8,256.972754
-298.58252,20,256.993878
5906.9634,107,257.011097
-1036.5978,2,257.011163
-812.36584,30,257.011176
-1349.4255,3,257.011181
-1409.5958,7,257.021945
-839.90344,14,257.071343
-1037.2672,3,257.071424
-366.20312,34,257.141678
-1056.5552,3,257.168161
-1234.4631,13,257.240201
-535.8436,29,257.240272
-1126.9717,8,257.240284
1166.2065,48,257.386181
-848.13513,8,257.423789
5388.8955,114,257.58852
7.2232666,28,257.631521
-992.8279,24,257.66965
-1038.54,2,257.731907
-1614.6542,12,257.732234
-1953.5657,24,257.775081
839.6982,42,257.775153
-1481.543,10,257.816536
-852.9865,11,257.907541
-1046.7836,2,257.907613
-1018.14777,4,257.964304
762.1412,65,257.964428
-806.5754,26,258.04055
-1393.4263,21,258.134306
-109.855896,48,258.180894
-862.1981,42,258.180964
-1048.5632,11,258.210139
-1152.529,33,258.249968
-930.6869,4,258.288603
-1460.5538,9,258.288692
-879.9471,10,258.288706
-961.5838,5,258.319035
-921.0041,4,258.319155
-388.1416,18,258.335642
-802.7081,15,258.390407
300.03333,39,258.390859
-969.54456,5,258.390921
-1034.7386,4,258.43403
-1022.8708,2,258.434157
3044.1003,98,258.501052
1054.8633,84,258.522517
977.0186,42,258.555107
-944.2765,9,258.55519
-540.3109,57,258.648239
-2772.7607,15,258.755324
-3072.6814,11,258.84802
-1218.9952,10,258.875068
-969.1708,15,258.904777
608.3809,32,258.936311
733.5111,51,258.936441
-1010.069,3,259.038517
-948.5908,4,259.064584
-1113.848,8,259.15689
11166.047,170,259.157063
669.8618,49,259.211963
-352.98926,33,259.243079
-1269.5583,7,259.24322
-542.99176,14,259.271624
25.50586,69,259.283594
-1047.5294,3,259.296926
-1155.5962,20,259.311261
1207.8228,41,259.311365
-2112.7207,24,259.326773
-1051.4324,5,259.348637
-1081.123,6,259.348704
-1689.7107,9,259.373047
-1568.5103,12,259.373123
-1948.127,6,259.446451
-937.29913,5,259.468107
1072.6565,62,259.483681
2722.5967,74,259.483763
-2079.7407,18,259.483783
-1327.842,9,259.50459
-2702.7075,55,259.516192
176.50702,45,259.540724
-1172.9973,16,259.540794
1137.1091,52,259.540811
-168.60754,48,259.549822
-2665.4248,15,259.549911
-1270.1788,17,259.569257
-1333.1157,13,259.584977
-1039.6393,2,259.585055
-129.22388,63,259.600004
1334.6638,46,259.600051
-2009.2874,7,259.600062
-1947.0422,9,259.617088
4232.519,111,259.617166
1357.0066,71,259.630852
-1211.4636,39,259.662781
-1028.1128,7,259.707789
-1119.0176,9,259.707881
-1248.4973,5,259.781304
-985.52057,3,259.781409
-1729.522,9,259.81533
-1142.3241,10,259.815436
-1209.1879,16,259.87264
1153.2203,63,259.872748
-974.89594,11,259.903059
-1321.896,8,259.936726
-834.4026,7,260.023663
-2033.203,41,260.023748
-909.62683,5,260.064769
-904.5491,20,260.126247
-1129.8271,6,260.200111
-2492.0425,7,260.223778
-1436.1172,15,260.30713
-1842.4146,18,260.307257
-2630.9243,10,260.322887
-679.86816,35,260.338075
-1030.6093,2,260.354364
-1352.083,35,260.393286
-1108.858,8,260.425978
-1037.8442,2,260.450728
-1564.3733,6,260.485943
-835.3313,26,260.500235
-390.32672,36,260.511647
-482.05115,15,260.524626
-486.51697,12,260.537504
-156.74017,31,260.593689
-2096.0864,31,260.623619
-1708.6869,10,260.623688
-998.26624,9,260.664311
-1021.6117,2,260.701671
-1044.2635,2,260.728178
-658.2629,10,260.765228
434.21057,23,260.765504
5777.0,99,260.786526
-953.8936,18,260.786592
1763.3115,76,260.864288
141.44202,38,260.8925
2157.4463,67,260.892747
-1623.2393,6,260.915396
-1148.1456,22,260.915444
2389.1836,89,260.955621
-1257.4846,4,260.996115
-1028.8306,2,260.996296
502.74866,29,260.996388
-974.63257,4,261.035784
1122.5139,70,261.03603
1164.2046,54,261.075272
-995.1317,3,261.154626
-1571.6045,14,261.190378
-2664.5303,12,261.19043
-920.0332,8,261.223259
-2830.0317,9,261.284563
936.5241,79,261.28473
-933.34845,5,261.310284
2893.554,73,261.345651
-1063.5063,3,261.386281
-804.5709,27,261.386528
904.8075,35,261.406485
3098.86,77,261.406576
-945.8235,4,261.437247
-1717.7284,5,261.486112
-1463.8909,23,261.486205
1613.5674,50,261.486224
-1296.4572,6,261.520569
1899.2239,79,261.546736
-693.7565,46,261.546784
2269.8625,81,261.583595
-733.83496,14,261.615454
-1817.6743,7,261.661114
-1086.7289,3,261.661336
2217.0503,91,261.673525
1168.5356,44,261.755621
-1070.6667,11,261.768198
-987.0472,11,261.781145
-1076.3611,2,261.812784
-776.8155,32,261.812873
-1181.4342,13,261.840487
-933.30164,6,261.850722
-606.42676,26,261.89578
-1556.2019,16,261.895844
-1333.0094,6,261.931493
-1851.5444,12,261.931568
-989.7091,3,261.942255
-1040.6727,2,261.960246
39.313904,27,261.973925
-1014.6005,3,261.999837
-1433.1117,13,261.999918
-418.52557,40,261.999931
-1494.606,36,261.999938
-1060.2164,32,262.038425
-1037.6737,45,262.075871
-2073.2158,7,262.130042
-197.23706,36,262.153578
-1650.8091,13,262.153667
-122.22119,21,262.153698
2431.658,59,262.25133
-990.18256,3,262.2514
-79.0354,19,262.29144
-454.62366,23,262.319036
-1164.1396,8,262.319104
418.14594,43,262.349553
-1031.5007,4,262.410046
-995.6945,3,262.444313
-971.44666,8,262.51067
-203.84375,43,262.510738
-1722.533,11,262.510754
1553.4739,65,262.592227
-651.6433,23,262.615115
-182.35498,69,262.65499
-2889.0803,7,262.679291
-497.38464,30,262.679394
-1139.0116,15,262.723853
-1394.5724,5,262.774848
652.2251,67,262.774944
-1380.133,83,262.774966
-2769.4922,14,262.815145
325.2564,28,262.815241
263.46503,34,262.849729
-162.64215,33,262.875326
-1065.698,5,262.875385
-837.75946,12,262.889283
-1105.4071,34,262.8894
-1678.7865,8,262.889437
2080.6584,82,262.929916
-997.0554,3,262.929983
-1530.5757,9,263.053782
1678.2063,72,263.067833
-1970.1011,14,270.324919
-138.9654,42,270.335457
3104.1907,83,270.351347
-2136.1572,20,270.363307
-901.23535,22,270.374823
-1784.1031,17,270.405784
-2256.936,24,270.405857
-832.4097,7,270.415329
-1683.9053,4,270.415483
-394.48517,24,270.432476
-125.349915,27,270.455062
-1009.57733,3,270.473502
-949.86273,7,270.539331
17.690308,36,270.572563
-811.8451,8,270.57262
-513.7788,29,270.572628
3546.8237,109,270.613419
-3287.289,16,270.643105
-1031.259,3,270.643446
-863.1959,42,270.643501
1443.8416,48,270.705062
-78.18939,56,270.705151
-33.573853,34,270.725801
-2043.9998,5,270.745714
-932.5962,9,270.800746
-1599.3574,19,270.800836
42.08429,38,270.800856
1492.3799,57,270.945533
1930.8192,66,271.039788
-1452.4802,9,271.055686
597.88324,31,271.09418
583.01965,35,271.094263
-1903.5996,6,271.125521
-524.62463,27,271.153431
146.10614,29,271.237711
-594.131,22,271.265031
-3850.6738,23,271.27814
-1101.5599,8,271.278198
-688.4622,72,271.278213
600.2122,31,271.332999
-909.3615,23,271.33308
-1243.8578,12,271.345846
285.34924,63,271.359058
-1613.3322,23,271.359138
-683.3602,8,271.3836
101.55841,29,271.399936
-1037.9778,5,271.400001
-1636.7849,6,271.412781
-1011.122,5,271.412858
659.73334,51,271.412876
-875.95276,18,271.43795
-1315.2426,18,271.451835
-756.0514,7,271.451909
-981.3778,3,271.451925
-1306.9054,5,271.451933
-96.81146,25,271.516959
-889.3642,8,271.517055
110.1463,42,271.529102
3749.2876,100,271.541756
1222.2527,53,271.541872
-723.85205,10,271.56447
-668.9363,22,271.564679
-710.85205,16,271.564714
-4931.581,23,271.564725
-1030.1992,2,271.594302
-1498.5071,45,271.59436
306.09406,27,271.605851
-1044.2493,2,271.639766
-1201.2743,5,271.639853
-2116.5332,9,271.639873
-1249.0275,11,271.727618
-1100.9756,5,271.747965
-1195.3647,9,271.779753
-2473.4443,8,271.816802
-22.512512,27,271.847539
-1070.4594,9,271.847747
-905.62305,7,271.898894
-1019.1541,9,271.997903
-981.999,4,272.029255
-304.23328,24,272.029353
-674.9965,30,272.067966
1370.4371,64,272.068032
-650.5299,22,272.102987
-1071.1256,8,272.103052
670.2837,63,272.160827
-1036.2751,2,272.160917
-1254.6257,8,272.269382
-978.6021,4,272.269484
-1093.4309,5,272.311995
299.39264,31,272.312091
-203.78369,81,272.312104
1307.2256,78,272.342503
-939.0555,4,272.432856
-995.9561,3,272.432958
-1030.7913,2,272.468591
-792.65234,14,272.468659
-1187.0105,15,272.480853
-647.0759,48,272.480948
-1004.66656,50,272.493314
-1166.1963,18,272.49339
-967.03784,5,272.544103
-1066.9984,3,272.544196
-659.8501,50,272.558561
-1499.1669,8,272.558651
-5367.734,51,272.580178
1978.022,68,272.630605
-1192.7072,27,272.646785
-985.84045,11,272.646862
-1216.5437,12,272.646877
-856.3413,6,272.646883
-375.04004,49,272.668417
110.02789,39,272.679672
-1089.0769,22,272.689294
-1040.7383,11,272.68939
629.9296,43,272.757505
-470.95898,42,272.757601
-50.048584,22,272.780881
-1423.3381,12,272.794758
644.6619,57,272.794846
-1208.8735,17,272.79486
-1251.8748,5,272.81811
-989.58673,3,272.840204
-1145.3468,5,272.859806
2913.6235,94,272.85988
-758.8348,18,272.921074
-1038.9742,2,272.921217
-1622.9003,4,272.951168
-1033.6171,3,272.951236
217.74506,26,272.951255
-785.7191,7,272.951262
445.347,44,272.951268
-1034.9296,2,273.00454
-1030.1863,3,273.004629
-184.9043,27,273.004651
-890.08417,5,273.067269
-533.547,24,273.067341
-937.8589,4,273.096477
-289.95172,23,273.150983
-738.5309,9,273.15106
-1012.73334,4,273.215926
-589.0614,15,273.371554
-2803.1316,12,273.429115
-1090.9818,47,273.458754
6980.3975,96,273.556562
-1072.2202,4,273.600368
-802.94775,27,273.601359
-332.72736,29,273.601407
2353.9956,61,273.637283
-983.59564,3,273.68538
-982.6463,5,273.712317
-907.3822,46,273.712384
-1186.0559,27,273.726619
0.711792,37,273.726692
-355.68018,20,273.741097
-1026.1229,2,273.741499
-1298.6042,28,273.765583
1035.6624,50,274.138549
-1523.9491,9,274.138671
-1100.499,6,274.161044
-847.3606,12,274.195921
-737.8161,10,274.196012
-1020.5172,3,274.219018
-134.74866,36,274.21915
-1003.50653,3,274.292411
-2306.1946,19,274.292534
-2168.5725,5,274.292557
-1007.45966,7,274.323104
-464.724,27,274.323308
-531.51965,15,274.350812
235.34235,35,274.350893
266.74396,28,274.397525
-253.63708,40,274.397629
-844.97253,36,274.42856
1158.4683,66,274.460265
-1239.7545,5,274.460336
-1636.1018,6,274.481791
182.62933,25,274.481877
-1904.7883,9,274.521862
667.88135,68,274.539335
-213.35791,30,274.559137
-1489.3745,20,274.662465
-1082.6733,8,274.693112
3356.7612,95,274.693205
-1034.5048,2,274.728057
-1020.6465,2,274.764159
-683.308,14,274.803398
-1122.2672,13,274.803561
-2564.8613,18,274.803581
474.20996,34,274.803588
-1045.18,3,274.827949
6366.9414,132,274.848283
-2668.579,20,274.890238
-1216.3638,21,274.890326
-1311.1318,8,274.907737
170.57281,32,274.925058
-876.1238,8,274.925117
-378.24176,24,274.925134
-886.39197,7,274.93595
1020.36774,32,274.936025
-1483.1447,43,274.94774
-1633.1055,5,274.982466
-1516.4233,13,274.982562
-1573.6514,7,274.999082
-1024.9889,2,275.009932
-1210.2198,6,275.010001
-1829.2205,15,275.030908
-773.77563,7,275.043209
3355.8198,94,275.04329
-1440.8412,18,275.065676
-1653.9958,10,275.065773
-1137.7954,4,275.135139
-601.3342,25,275.135247
-1121.667,6,275.146668
7121.287,123,275.158898
-1326.2957,18,275.158974
-2266.6692,11,275.184412
2023.8606,44,275.18449
-1399.9573,21,275.225446
-96.90283,26,275.284757
-645.6554,43,275.309675
1467.9836,54,275.330815
-947.9235,12,275.347084
1764.2556,45,275.368365
-1013.23065,3,275.368438
-5121.024,15,275.39468
-1923.388,20,275.394877
-1043.5844,8,275.394921
-1620.1077,39,275.450871
1796.3828,59,275.450919
-1667.532,7,275.491703
-618.13446,27,275.512661
-1169.1512,16,275.512738
-2592.2432,8,275.653336
-1189.2825,6,275.653453
-1116.926,12,275.653467
-1169.5106,11,275.683259
-1940.3156,12,275.683333
-690.66125,31,275.718068
1690.6868,43,275.811445
-930.6984,16,275.843144
-942.6467,4,275.843271
404.6089,30,275.880588
-2143.3167,14,275.945099
-778.1923,10,275.978719
-1073.737,20,275.978763
-647.8665,12,276.053821
-955.56433,7,276.0752
-992.2615,3,276.075307
-924.66516,9,276.098336
3007.9932,79,276.109246
666.5191,48,276.125036
-885.4916,22,276.125121
-1283.159,6,276.137734
-1047.2897,3,276.150974
-2544.774,13,276.164793
-930.73175,7,276.164858
-3485.8372,48,276.259766
1915.0742,62,276.276037
-1842.7708,10,276.300854
-515.26215,18,276.312421
7726.1206,140,276.339112
-1152.5093,6,276.365376
-600.8905,23,276.365436
-966.3497,6,276.378079
-3020.9346,17,276.390726
-1192.9962,21,276.402072
1861.8079,47,276.402137
-3826.906,36,276.417025
1859.0186,72,276.465984
-915.73627,5,276.466057
-1221.0322,19,276.466068
5324.89,99,276.466073
-1016.86035,2,276.511264
-1120.8646,11,276.511323
-805.43726,6,276.538341
-1029.6344,3,276.538405
-927.0163,6,276.60864
-931.59393,6,276.699405
-1802.3757,14,276.772722
62.5636,33,276.832889
-767.60034,21,276.92977
-518.80383,19,276.929834
-2416.8943,6,277.000664
2553.9255,80,277.110947
-949.74304,39,277.240298
-424.11572,25,277.315736
-1007.8703,11,277.341574
2546.9214,72,277.360572
415.89642,31,277.360651
-1035.3333,2,277.383869
-1561.6333,16,277.411391
-1028.7184,3,277.43256
-831.0542,9,277.468284
2800.9368,70,277.509819
-983.33264,20,277.509893
-1161.1825,10,277.555651
1292.3167,39,277.590946
1854.7278,96,277.591027
-10.563232,33,277.627277
-1031.5594,3,277.649922
-785.70325,25,277.699439
-462.5387,54,277.699559
-140.11005,35,277.778517
799.6125,80,277.804523
5034.9375,89,277.805947
-984.2917,10,277.805985
-812.71313,7,277.836444
-1217.0323,5,277.859428
3472.5547,114,277.859504
205.85608,27,277.859522
-987.8677,3,277.879734
-1014.5997,2,277.879848
2146.6382,52,277.916578
-966.97974,4,277.916659
-1001.91425,3,277.94122
668.6136,60,278.043363
-1511.8911,14,278.085239
-912.6648,4,278.085318
-906.3029,60,278.116897
-1452.2869,6,278.116985
-894.71387,8,278.143415
-2052.2102,12,278.143555
-2123.5588,8,278.169878
-1036.8151,3,278.169966
-1082.8447,3,278.169981
-1585.1313,31,278.214635
-1014.5997,4,278.214768
-938.44635,16,278.3289
-951.9153,4,278.328994
-781.99023,8,278.37546
67.65936,37,278.455679
-1035.7866,2,278.478497
-1796.8252,5,278.478537
-1079.927,15,278.500483
-723.18604,34,278.554889
-1731.0167,6,278.639606
-111.22522,33,278.738239
68.1889,32,278.738325
618.8486,34,278.73834
-966.46625,3,278.777703
2013.6042,69,278.79213
-562.8739,31,278.805314
3998.9526,97,278.8351
733.1287,59,278.855965
-2104.5974,7,278.856065
1893.3813,83,278.88025
-534.7727,28,278.906537
-1404.666,6,278.932296
-3415.1868,17,278.932391
-1027.9749,2,278.968108
516.7016,41,278.96821
-773.8692,7,278.991966
-882.12964,6,279.023992
4934.8545,104,279.109997
-801.14215,7,279.139137
2364.5723,60,279.164091
-2478.4038,8,279.164226
-2070.567,15,279.164253
1782.9526,55,279.196748
859.1267,38,279.257107
54.325012,81,279.324998
6568.4873,107,279.325102
4489.16,157,279.373225
-1029.6328,2,279.373311
-1195.6243,8,279.40367
-527.98474,19,279.561189
-2043.3271,14,279.561311
1192.4072,66,279.631568
-1701.9878,15,279.671158
605.2773,34,279.671232
-1332.5698,19,279.709289
-869.72736,6,279.709652
2364.7676,78,279.709691
-3520.9143,33,279.738294
304.15082,26,279.738405
-1640.4237,15,279.758993
9271.451,157,279.773238
-285.66602,30,279.77332
-383.7046,20,279.817343
-1718.0405,10,279.851433
62.426086,40,279.851494
-977.0366,17,279.864925
-2142.2273,8,279.865004
1275.846,67,279.865022
1048.6812,39,279.88917
-1052.6128,3,279.889227
-2164.9438,13,279.889242
-262.10193,26,279.909047
969.0229,41,279.972022
-1040.7941,2,279.993045
-1014.9181,8,280.00506
-916.7283,24,280.063205
2669.2263,108,280.084575
-637.2989,17,280.096493
-595.3684,20,280.14758
-1662.3962,5,280.173776
389.64276,32,280.200198
-480.0498,35,280.20026
-236.83856,20,280.225745
-1570.4795,32,280.290533
994.77826,52,280.290631
-1116.8213,4,280.290649
-925.6613,5,280.307544
-192.63062,31,280.35444
-1695.2705,7,280.491296
-1127.9968,8,280.540448
-246.42883,49,280.555336
-210.4552,43,280.61392
-1956.1499,17,280.638491
-1240.7839,16,280.662898
1103.5164,68,280.663003
385.36096,48,280.696651
752.2739,54,280.726432
-581.96747,24,280.72652
1109.2578,38,280.726539
2810.1357,66,280.757595
-1024.4768,2,280.779155
-802.352,26,280.804204
-812.5518,6,280.827097
-1005.00354,4,280.827211
-1377.2583,9,280.856401
-1039.5745,11,280.856501
3476.7815,120,280.8664
-986.67456,3,280.866472
-1718.0303,6,280.878917
-1035.0616,3,280.878983
-1858.3793,13,280.916821
-860.3406,17,280.91686
-1025.3889,4,280.932264
-1344.9487,9,280.932335
1658.1719,52,280.945874
3962.4858,93,280.960957
-920.83685,4,280.993521
-1883.1039,5,280.993594
-572.57623,27,280.99361
-1373.5911,3,281.005373
985.7115,45,281.020765
-1031.2383,2,281.020834
496.42352,32,281.020863
-598.7349,26,281.037231
-672.64954,14,281.037291
-670.99524,14,281.053013
-1040.6353,2,281.053088
-660.6971,21,281.072721
-1060.43,3,281.100884
31.209778,43,281.100952
-2309.6104,13,281.1217
-1106.2117,11,281.164042
-1143.6569,11,281.16434
-1371.0214,5,281.175675
-1560.3135,8,281.2092
-2225.8564,24,281.221702
2610.3794,62,281.264256
-930.0464,6,281.264369
-2774.4617,8,281.283793
-1611.4922,9,281.311892
-431.82935,19,281.312146
-1012.5946,4,281.312247
1022.9421,40,281.450868
2215.8071,80,281.450954
-1113.3615,12,281.585823
-941.5574,10,281.585942
-2135.0366,10,281.585969
-1413.4521,24,281.646238
516.4146,38,281.716513
-1270.7876,4,281.716606
-800.6548,9,281.716645
1291.6885,64,281.75124
-725.04376,34,281.788684
1208.0752,54,281.817157
-2863.6387,17,281.817226
-1757.2406,15,281.919716
703.1491,49,281.919806
-949.5351,7,281.950647
-934.4362,11,281.950726
-996.6673,3,282.012494
-1727.0176,11,282.077125
-1029.506,3,282.096626
-956.7247,6,282.096929
-1545.0566,11,282.113303
935.52606,44,282.135572
-684.4281,9,282.135733
-30.574524,32,282.14802
377.9749,54,282.157984
-631.19666,17,282.158049
551.5732,33,282.172485
-1393.2218,20,282.172554
1144.0706,53,282.22665
-1018.1803,4,282.226747
2206.9482,55,282.257808
-1003.8912,2,282.257912
-524.53564,22,282.321361
296.52863,33,282.373646
3123.1504,72,282.373776
6092.079,118,282.421928
157.77429,50,282.421978
-2404.3877,17,282.454225
2873.77,67,282.541432
-1460.6763,19,282.541513
547.8196,35,282.576281
-21.004883,36,282.626834
-20.204956,27,282.652609
-1015.49225,3,282.652731
78.74586,29,282.745536
37.443787,22,282.745661
-1483.3823,13,282.774314
-1313.5765,17,282.804735
-1048.7598,2,282.804846
-699.8993,23,282.83528
2971.1738,92,282.871827
-202.23718,30,282.871887
-1641.3552,19,282.871898
-756.85443,13,282.871903
-1039.0718,2,282.933345
-1068.6298,26,282.933425
-1025.3895,4,282.933443
-479.42468,23,283.047539
817.0968,39,283.097415
-730.50146,10,283.12841
-1512.9304,8,283.163417
-2873.6985,13,283.238226
-1759.0862,6,283.280662
-1405.2837,9,283.280762
497.52118,51,283.304385
-635.716,19,283.304447
-2137.0789,15,283.304464
-361.53943,31,283.316412
-859.66064,55,283.337754
-888.2551,6,283.355838
-766.4269,9,283.618273
20.783997,42,283.618337
-630.86584,33,283.651169
-820.2417,7,283.651244
-1168.2068,32,283.651257
-944.8892,4,283.710007
-1036.7212,3,283.741721
-925.1364,7,283.759498
-1803.655,12,283.785562
261.64014,37,283.785666
-1391.0453,30,283.815029
-1618.3374,47,283.815077
-1119.0226,9,283.899642
-1368.6605,11,283.899753
-1066.1144,4,283.924118
-1701.0378,38,283.95422
-960.0466,7,283.983967
3190.8604,85,284.013277
-776.85535,42,284.037133
-1543.9049,10,284.100659
-1408.334,23,284.18595
-1140.7604,10,284.186042
-1378.1282,10,284.186062
-1060.9866,3,284.186068
-1268.5149,26,284.186073
-1138.2183,18,284.209945
-4185.0474,16,284.236567
222.31702,37,284.236682
5881.62,124,284.266384
-137.13635,21,284.327115
64.83722,20,284.327199
-7.123108,33,284.32722
-1707.0298,5,284.327234
-1045.9257,3,284.354169
-1108.712,6,284.354238
-1009.64746,6,284.354256
-2496.634,7,284.390369
-947.803,15,284.461838
-1023.65076,3,284.461967
-1467.5775,7,284.461989
-1291.2499,10,284.486466
-1070.2493,5,284.521335
4630.6924,91,284.521412
-954.60736,7,284.521429
-229.32556,32,284.534475
-1067.4777,4,284.577803
-988.04175,4,284.598859
1245.7759,50,284.598942
-1007.2717,11,284.598971
208.89532,25,284.598984
-902.2997,12,284.610628
2334.8408,60,284.623601
-1021.06104,3,284.63763
-1157.1782,26,284.65864
-2240.921,14,284.683319
106.23395,21,284.683386
-902.3452,6,284.696618
-702.1336,33,284.696709
-1349.6459,6,284.710112
-2106.7058,17,284.726538
-1044.2542,2,284.72661
-2046.3279,9,284.726627
-894.2239,4,284.739145
-870.0647,11,284.754591
-1141.8254,8,284.754671
-1275.7017,6,284.790594
-983.2666,5,284.802466
4284.6997,108,284.827686
-458.9834,22,284.827762
-1329.5454,8,284.866193
-1379.1006,22,284.905816
701.51996,31,284.967182
-1109.8711,6,284.967268
-1768.1218,17,284.967294
-416.78015,37,285.03016
-1649.1664,5,285.067298
-1017.4877,4,285.098233
3740.7007,87,285.098312
426.23712,23,285.098335
2663.2864,53,285.153671
-880.78784,6,285.153736
-965.9016,7,285.181057
-1024.2275,4,285.208366
245.206,43,285.338928
-1026.8558,7,285.339072
141.22467,28,285.363291
152.42487,20,285.363376
-1380.6527,11,285.400812
-879.34656,8,285.400934
-993.46405,3,285.430052
-756.8635,33,285.558785
674.5299,36,285.582655
-1064.3177,4,285.658518
4028.0876,94,285.727636
-1054.3042,4,285.727711
-1504.3372,15,285.727728
1983.9446,66,285.764107
-300.53412,30,285.776088
1254.1147,42,285.78788
1628.4962,70,285.819589
-895.8368,7,285.83368
-945.9102,4,285.833741
-927.4083,32,285.833753
35.746826,33,285.83376
-926.0992,32,285.859817
-1368.542,11,285.888232
-1028.9172,5,285.912236
-984.7654,6,285.933067
-1443.8921,7,285.933131
-443.5077,27,285.95404
-1090.3152,9,286.006395
-892.113,32,286.032865
-393.71216,19,286.055109
-944.1009,5,286.055189
-880.8197,7,286.070683
-193.268,41,286.070769
-3498.082,10,286.093438
4397.6997,78,286.093524
-993.27997,4,286.152682
-888.0403,6,286.222702
1121.7517,59,286.222823
-2903.911,16,286.288584
-1803.8464,6,286.321225
271.04047,38,286.381424
-2833.6113,15,286.381546
3201.7144,100,286.413451
-832.38007,6,286.499727
-1127.4814,9,286.499813
1772.6816,51,286.563363
805.5335,33,286.563803
3197.628,91,286.628862
-2044.1799,12,286.652038
2137.4067,77,286.652125
-688.17773,20,286.678888
2243.5713,58,286.706414
-969.13586,5,286.706491
-1017.72595,2,286.772694
-53.68634,24,286.795238
3959.2075,89,286.829
-1838.8591,6,286.881911
-1035.5964,2,286.881991
-1013.8386,35,286.882009
87.00195,42,286.895009
-1969.6793,20,286.921358
-917.0419,4,286.933517
-2213.428,15,286.966914
-955.7627,4,286.977444
-1104.2512,41,287.020488
211.7179,26,287.043329
-1127.4376,76,287.043395
-1549.0195,14,287.057961
-2435.7842,26,287.072536
-1928.3556,18,287.072637
-1998.7656,20,287.093815
-2856.4912,17,287.104192
-324.16925,26,287.104249
-2120.888,3,287.116983
-136.62445,35,287.129687
-1655.2307,6,287.14024
1323.562,50,287.174731
1037.5406,69,287.190905
-1004.11957,8,287.211429
5788.7627,118,287.222122
2515.4282,57,287.272151
-1181.1453,5,287.292598
-1094.9773,12,287.292709
-942.00525,7,287.292726
364.36554,43,287.319537
-518.0342,15,287.381415
-1072.6409,3,287.381484
1878.6976,41,287.416169
2909.2104,73,287.447891
-57.654602,31,287.448045
357.31482,41,287.44808
2388.1997,53,287.506939
-1184.7614,7,287.507058
-926.57776,4,287.578578
-880.1719,9,287.618194
-251.98279,21,287.653907
-1775.9349,34,287.682079
-1011.9131,3,287.682171
-827.9491,5,287.682191
-2056.3818,7,287.682199
-2433.4844,8,287.783015
-1706.4604,5,287.8396
-2891.41,34,287.934022
-1160.1111,9,287.956744
-1027.8522,2,288.0237
503.95,44,288.086375
778.64514,33,288.09789
92.36853,37,288.110885
-1738.1903,11,288.15987
-1029.0895,3,288.248235
-768.09143,17,288.248313
2380.7144,63,288.277408
-1951.9594,12,288.277484
-1452.4753,9,288.306788
-1039.7007,2,288.306882
-953.59094,4,288.325107
1284.7576,62,288.365644
784.6225,37,288.376182
-850.2589,6,288.44526
4625.7217,99,288.464301
747.71704,54,288.504156
-466.10278,17,288.528323
1990.1355,51,288.625458
-891.07837,20,288.695543
-2366.206,22,288.776084
-755.73376,13,288.828471
-716.0284,13,288.87676
1172.8538,54,288.904193
202.393,31,288.965423
2337.9841,69,289.021146
-917.37726,14,289.131165
2506.665,71,289.13125
-57.067627,44,289.131267
-1034.1462,3,289.131274
2185.8567,68,289.131279
-2325.3298,7,289.213972
-3087.8198,15,289.250536
1650.9146,72,289.286615
-617.16,17,289.329728
-873.4862,9,289.367841
2988.166,69,289.378079
5478.964,93,289.392844
1979.176,68,289.404813
-1242.8765,13,289.471497
-1160.5497,8,289.471597
-1528.2615,23,289.471622
-1197.5981,7,289.513036
-981.8384,4,289.51308
-1302.9791,15,289.598487
4339.4507,78,289.616958
1216.4474,51,289.716888
6003.8247,110,289.760162
-1007.70746,4,289.760237
-866.22424,8,289.760254
-1172.7952,14,289.825098
-1399.1704,25,289.886365
-2588.3047,10,289.888966
288.46417,74,290.103443
-894.4463,6,290.10349
799.59985,63,290.236526
-846.9502,8,290.366482
3764.3691,91,290.366591
44.35547,32,290.462952
-1440.8667,17,290.539086
-1044.0417,8,290.539188
-818.8196,33,290.539224
1103.1997,34,290.584997
-1442.7808,13,290.682757
-1006.0322,8,290.682828
-223.10016,20,290.702567
40.570618,59,290.730403
-922.9021,7,290.758379
-1518.7393,13,290.813949
-1047.0856,3,290.889558
112.114685,31,290.941222
-866.8762,11,290.9967
97.63068,27,290.9968
-685.13245,16,291.025405
-932.5294,37,291.069954
-118.75629,22,291.103419
-567.50305,20,291.103496
-1053.6045,5,291.125391
-1640.0837,18,291.154566
1074.566,72,291.190089
-3452.6975,25,291.219899
-1833.2605,8,291.249113
-926.6873,11,291.249216
3343.2227,66,291.276171
-1042.3235,4,291.382804
-1381.211,5,291.409782
-2025.7493,11,291.409902
-69.06702,33,291.449818
-1635.2332,26,291.48067
-1028.4412,2,291.480767
-1019.88,12,291.515022
-1172.0684,5,291.544223
-3003.067,15,291.584072
-994.6146,6,291.614368
-1893.0817,15,291.642666
-736.3916,14,291.642763
1989.0276,66,291.642782
-1275.3282,13,291.702052
-1031.5448,2,291.702133
-946.39465,7,291.736639
8367.762,162,291.781291
-417.8844,19,291.807799
1655.636,51,291.80792
-1345.8098,10,291.83063
-2084.0608,13,291.858253
-1018.4898,2,291.877975
-986.6934,4,291.888861
-709.96765,13,291.899424
-1051.7305,3,291.911475
169.11542,43,291.928019
-892.93024,6,291.944427
-579.43384,12,291.944488
899.62823,35,291.9445
2185.6948,54,291.993401
-1030.053,4,292.017317
942.7428,59,292.038425
-1594.2086,27,292.080769
-1216.2155,10,292.159119
-1184.5228,19,292.159258
-1121.6781,4,292.186077
1360.6926,59,292.219227
-709.13116,26,292.287875
160.0022,31,292.357067
-959.12463,7,292.379961
-722.64087,15,292.398125
-946.4498,7,292.424665
-1173.6587,9,292.449877
469.12836,82,292.482432
1633.5808,60,292.482518
-871.7973,20,292.568821
-1304.1499,16,292.631566
-1294.389,7,292.657975
-1563.0569,12,292.697872
2465.7905,102,292.729768
6327.9546,137,292.729834
-1175.9192,9,292.765223
-1997.2213,13,292.795475
1531.5608,52,292.865154
-1262.9641,4,292.865248
-837.0615,6,292.893009
381.9936,37,292.893203
-730.73096,9,292.925879
402.3584,31,292.952803
-1982.7462,38,292.976267
-1409.3192,12,292.986963
-2077.97,7,293.000933
1377.2965,42,293.00099
3131.5728,59,293.066396
-129.87347,23,293.095981
-1463.6044,11,293.096056
-548.0709,30,293.122137
-966.7883,4,293.122225
-1202.2516,16,293.143198
-1464.5535,10,293.143395
436.75745,59,293.159527
1492.3347,56,293.174266
-1914.2217,24,293.188425
-1087.2545,13,293.188481
857.0895,32,293.188495
-992.51117,3,293.200907
2291.2559,87,293.250564
-1621.1438,8,293.286046
-1019.4944,2,293.343137
1982.0447,73,293.343218
-1381.8533,21,293.375277
-2098.1724,11,293.416651
-1052.5126,3,293.449537
-1417.2153,9,293.449663
-1007.96075,3,293.476129
-1214.6534,11,293.508264
1489.5,49,293.5796
-1637.325,12,293.579765
-986.7974,3,293.663965
-1015.22516,22,293.722245
-956.1115,3,293.835608
-750.8302,10,293.835652
-1110.3556,12,293.83566
1114.207,63,293.945277
-2928.796,14,293.945374
-1884.519,19,293.987059
-520.1582,17,293.987128
-1249.5922,4,293.987142
-1196.5095,23,294.020023
-1365.6791,18,294.050752
-1029.3118,7,294.080109
467.67438,31,294.08016
-2374.1401,7,294.080171
404.39972,49,294.113631
-1022.82935,2,294.113821
291.43524,45,294.146825
-1298.8643,7,294.193756
-1005.0784,9,294.209919
-1007.14813,2,294.228569
-941.79156,5,294.228687
-1348.7972,10,294.253137
-1185.5306,8,294.280717
-782.84204,37,294.28106
3117.5833,103,294.321189
-1012.40106,5,294.34411
-883.3599,14,294.722194
-403.1513,18,294.770705
197.48358,34,294.794557
397.31134,32,294.820648
-391.69873,24,294.820759
3496.143,103,294.844885
2021.5737,56,294.880442
-971.22736,6,294.880581
-1072.312,4,294.880609
-693.1964,56,295.023359
-972.2857,5,295.174134
-1015.8629,17,295.299837
-3119.004,17,295.325194
1364.7507,42,295.387917
4938.035,88,295.404264
698.79803,32,295.404377
5018.426,92,295.404466
1074.6423,42,295.422948
3004.6396,93,295.435362
-1025.4911,2,295.435432
-1329.2487,21,295.435447
4361.116,92,295.474607
-1050.5992,4,295.474694
-1286.276,4,295.499428
1053.9556,48,295.511873
-1064.2361,4,295.595985
-1024.2479,2,295.620268
-1529.6648,12,295.648453
507.05316,47,295.690804
-744.0676,10,295.69089
401.5512,37,295.752956
4435.4746,93,295.781094
-988.46155,5,295.810796
-2497.096,40,295.810883
-973.1369,5,295.853011
-2293.0178,21,295.88815
1937.3362,66,295.980927
-1029.3444,4,296.030733
-1725.5491,5,296.070295
-686.73145,44,296.11016
-1483.0151,19,296.110347
-1092.7422,21,296.138788
-2132.3682,11,296.23908
212.24872,65,296.265133
-850.9717,35,296.265234
-918.7992,14,296.295369
-260.71472,31,296.295459
-2659.9165,9,296.349943
-804.91785,7,296.35002
-855.4862,21,296.379186
-996.1574,4,296.409916
-1532.5906,15,296.446509
-937.9162,5,296.50644
-977.1262,5,296.587018
-1537.379,9,296.641359
-1467.3728,21,296.680129
-1097.2104,10,296.779073
499.55267,85,296.831867
-814.5173,26,296.859626
-181.61859,20,296.918606
2587.709,63,296.943444
1254.5142,53,296.981822
-289.299,36,297.007436
-2079.9458,8,297.059404
-1074.0918,3,297.05953
364.0824,30,297.090341
590.4469,45,297.090454
-1138.7625,35,297.090481
-1278.8029,4,297.137846
1957.9755,98,297.137921
-1337.689,3,297.17055
-1097.1663,34,297.170676
-1039.3307,7,297.241238
-900.25134,5,297.241329
-856.0171,26,297.287539
-1135.1365,14,297.312379
-1004.1517,2,297.344788
-929.8966,5,297.36908
-2013.2957,11,297.396479
-1515.5193,7,297.427107
674.42194,74,297.454485
-667.51715,11,297.491995
-1480.4172,12,297.49208
1729.1614,52,297.492095
-1056.127,12,297.50921
-1084.2432,19,297.509601
3103.8704,105,297.545555
2511.629,83,297.62665
-717.16846,28,297.626709
-997.5743,3,297.62672
-841.6478,7,297.67259
-636.5141,40,297.887185
8175.77,115,297.96016
-1189.7898,6,297.994747
-1301.3136,38,298.204962
-2192.0571,17,298.205049
309.54108,43,298.20507
6772.989,114,298.360502
-1156.3774,17,298.392808
-1920.1511,7,298.433671
61.610046,39,298.536723
-961.3944,29,298.620809
-1017.87756,13,298.620864
-297.2091,26,298.680715
819.04266,35,298.680845
-1488.2886,34,298.680864
3054.3516,77,298.800206
-871.72394,5,298.838263
-812.3546,39,298.912515
286.74048,37,298.912635
-899.77826,7,298.938248
1044.6545,68,298.938316
-484.55554,17,298.961507
-307.82373,31,298.980794
-1049.0049,17,299.019233
-740.86053,15,299.039145
5062.3213,88,299.075189
-1067.3296,25,299.120255
-1091.4534,31,299.146732
1170.0986,38,299.17874
-2116.0918,13,299.191078
3316.8062,90,299.191152
2172.443,57,299.19117
-1915.101,14,299.191177
-1028.8376,2,299.218325
-1047.9012,2,299.218448
-755.4493,15,299.265057
-1089.3538,9,299.26513
-935.53595,4,299.265147
-1403.5886,26,299.298076
-750.25146,9,299.322958
-768.23175,6,299.32304
-1087.4069,13,299.323057
-1002.52405,3,299.349768
-1046.9536,3,299.412614
1773.9465,55,299.412705
2765.6155,66,299.439075
347.60785,30,299.439172
-5466.406,23,299.439191
-1323.5066,6,299.459668
-1044.258,2,299.459771
-1032.7377,3,299.520973
-1031.9685,3,299.545246
-668.5592,10,299.545397
2863.5437,69,299.669317
-1135.4291,9,299.669438
-1270.3403,8,299.669475
-1270.9219,6,299.725938
-940.16895,15,299.783365
-600.76984,16,299.783413
960.68243,38,299.783423
-1278.9039,21,299.821323
217.20306,41,299.847485
-857.23065,6,299.847613
-1393.6333,11,299.847632
-1006.7182,4,299.942296
-921.71436,6,299.942362
-981.3738,5,299.942376
-1396.5186,7,299.982322
2858.753,79,299.982421
-899.19434,7,299.982444
473.9585,42,300.016798
-929.76666,4,300.060928
-803.7047,15,300.07288
-775.2168,6,300.083601
-1855.084,5,300.083664
-1245.5875,6,300.102546
1426.1514,56,300.114604
-2138.3916,17,300.125442
-1027.0681,2,300.156046
-88.475586,38,300.167796
-1381.3479,22,300.167882
-1024.2238,6,300.18524
681.05414,50,300.185313
-2216.53,37,300.210723
-1249.3373,4,300.221232
-999.4594,5,300.23608
1067.7175,64,300.315922
-821.9512,10,300.326461
651.44806,47,300.326518
-908.20325,8,300.341177
-572.56006,19,300.354533
197.23578,39,300.354613
-159.11957,31,300.378492
-1005.4769,28,300.406933
-1263.3289,5,300.407007
-1019.77924,4,300.407024
-1010.3739,2,300.465332
-2953.1123,16,300.521922
-913.7038,7,300.535443
-556.17395,21,300.535518
369.30084,36,300.601734
102.54242,28,300.601818
-163.09497,32,300.645345
-1029.2828,4,300.645414
1512.343,67,300.672512
-1740.571,19,300.77192
-932.20795,8,300.804207
-2242.0237,14,300.826857
-696.7887,10,300.86749
6372.074,112,300.867856
-829.2771,8,300.899056
1886.7461,65,300.974186
-2107.604,11,300.974281
-927.735,4,301.010485
-853.6279,7,301.01058
-1343.3313,24,301.040683
-1371.3557,4,301.094199
3336.7173,90,301.12913
-846.4165,6,301.159179
-977.303,5,301.159743
-639.81616,10,301.159922
-1022.10693,2,301.215569
-1041.0986,5,301.273456
1338.7755,56,301.32686
-2350.5925,23,301.415474
2575.2014,65,301.415554
-798.84106,13,301.437095
-378.30017,19,301.437167
1818.04,54,301.461804
-373.12012,29,301.508529
-1043.7278,4,301.5086
2584.0017,67,301.508615
-2435.2817,24,301.524831
1051.7192,50,301.535563
-2086.873,16,301.547408
-1052.9954,6,301.547526
-1035.2888,2,301.59789
-802.7135,6,301.612415
116.55182,27,301.628128
1401.2771,42,301.628228
-1287.4253,10,301.658154
4526.201,96,301.658231
937.6883,51,301.687796
2154.3354,57,301.687913
-1123.7412,8,301.717597
-990.05096,4,301.717705
-927.0953,8,301.743351
1542.295,50,301.904491
-812.2946,7,301.939598
-1596.9491,19,301.962467
-786.9187,11,301.9907
-1018.55273,2,302.028445
-140.1565,31,302.059886
-1403.0623,16,302.097295
-175.02405,16,302.12757
-963.21844,3,302.152421
-812.0276,11,302.271216
-554.93475,11,302.349154
793.2905,31,302.349264
507.4803,36,302.38009
-227.47125,30,302.473774
-3199.2957,35,302.503419
-932.0121,7,302.503492
5127.615,112,302.516155
-108.9798,41,302.527606
-1998.6545,16,302.561968
-1695.6737,6,302.573286
368.48273,84,302.624835
-1020.34064,2,302.624922
-1171.7109,35,302.624955
5155.678,107,302.660012
-2112.4668,16,302.68031
-872.2447,7,302.680372
-968.4727,42,302.724275
-875.7768,9,302.759687
2393.4807,80,302.771292
-946.04456,18,302.815222
-572.968,37,302.857007
-934.3501,4,302.915105
4145.2603,94,302.915222
3612.4219,79,302.915243
-2705.5679,15,302.993644
-1139.4475,5,302.99376
296.54376,41,303.026677
-890.22284,11,303.052646
-473.19568,36,303.117075
-1499.4299,9,303.180319
529.8636,53,303.212024
-2208.984,7,303.250313
4021.8677,89,303.250429
984.4206,36,303.331004
-799.5328,26,303.331472
-1119.4227,3,303.372257
-1456.4341,30,303.37236
-1816.7224,6,303.403036
-834.60004,15,303.403158
77.22931,52,303.428392
-848.94806,13,303.428491
-1028.1378,6,303.428513
-763.7174,7,303.546666
-758.96027,8,303.636658
-1518.1816,23,303.673394
-2155.712,14,303.699956
-2163.3262,12,303.732523
1367.9673,48,303.791046
4022.7207,86,303.832966
1483.3308,46,303.833046
-160.42676,24,303.870991
-1175.3909,17,303.882416
121.99042,28,303.896128
66.463196,26,303.910131
-987.7242,3,303.921454
-1050.4087,3,303.966365
-151.95068,20,303.966451
-948.13416,5,303.988835
2939.557,76,304.008092
-42.12738,25,304.008272
-1600.263,18,304.068111
-3033.338,14,304.0682
2359.8936,76,304.095491
1239.7019,101,304.095579
5939.53,105,304.122916
-163.01697,37,304.122995
-1034.1138,4,304.176803
30.028809,49,304.176888
-1055.8473,3,304.206154
38.31952,68,304.334423
274.68994,49,304.386805
2042.4836,61,304.417661
-1455.5605,12,304.417751
-1087.4432,10,304.417775
-11.242126,26,304.447142
2383.6636,91,304.50427
-2060.624,18,304.535091
-1294.3127,4,304.561418
-1611.8922,25,304.593428
81.62811,35,304.62909
-1507.9973,7,304.629164
1767.9344,65,304.664783
-106.63165,22,304.695832
-1115.2299,13,304.767065
475.3177,34,304.794989
-906.81616,7,304.795356
3074.1443,89,304.79539
-1707.1307,14,304.821264
-1456.688,9,304.860486
-542.87756,32,304.895777
-1642.1763,7,304.895916
-1180.8396,6,304.895942
-1041.9352,6,304.928777
-683.3997,9,304.950694
-1852.5621,17,304.950779
2453.6548,74,305.01468
64.56976,36,305.014762
-564.80994,20,305.030132
-1574.5859,20,305.040721
515.4295,38,305.050577
667.03864,49,305.060728
1538.1985,49,305.092933
-1113.1895,5,305.093011
-500.68454,34,305.132031
-936.56683,8,305.132101
-1104.4656,9,305.165313
1603.7288,81,305.165402
-2858.1084,14,305.466312
383.28265,41,305.650114
-1986.6084,11,305.650207
-1815.7004,14,305.686642
-1029.71,2,305.738884
-930.6947,29,305.739036
229.34943,23,305.853256
-1792.2043,31,305.905807
1154.9062,72,305.962101
1165.041,46,305.962169
-1144.7653,12,306.012098
-1218.4785,42,306.047144
-805.56616,6,306.093138
-1158.8069,3,306.093215
165.81073,41,306.116654
-1791.3978,9,306.139626
-984.5338,3,306.139712
-1026.9329,2,306.169029
-844.9314,5,306.169124
-1977.3794,9,306.169147
832.94635,70,306.193752
673.6209,38,306.214239
-1031.7971,2,306.214322
2189.35,88,306.237476
5348.2456,107,306.250521
-1496.4493,7,306.250583
-1001.98505,4,306.250598
-659.5553,31,306.250603
1684.3494,59,306.271378
-1058.3705,3,306.292542
-1748.3218,6,306.328535
-1439.5835,7,306.328606
-757.89935,25,306.328624
-997.67883,5,306.328631
-2266.7915,12,306.357051
586.32935,75,306.357145
-1426.3396,12,306.357164
-1580.0007,10,306.392947
-685.031,18,306.393003
-1150.1506,4,306.393018
-1067.0137,5,306.404967
-1440.3121,4,306.405025
-739.91016,7,306.465673
-1453.5507,7,306.465775
826.2803,41,306.494665
-1083.2722,4,306.49488
703.1614,53,306.52271
-1029.3665,2,306.522808
-877.46375,20,306.553257
-993.28485,3,306.618528
1620.5696,43,306.650945
4076.3955,72,306.686059
1675.0364,55,306.686131
1845.637,56,306.713278
-1848.2739,26,306.734014
-882.1431,4,306.734092
-1306.7407,9,306.765777
990.00525,42,306.766415
835.50824,47,306.766455
-641.3258,22,306.793912
-971.3047,5,306.848057
-1067.7755,3,306.848131
-2244.8345,9,306.913739
-1316.3407,7,306.978558
-1091.1191,19,307.014701
-1640.7358,27,307.01479
-1363.9851,11,307.044997
-837.29974,7,307.045069
3322.6992,86,307.045085
-820.1384,9,307.094064
-1260.2214,25,307.094144
-1436.9031,7,307.177796
4827.8354,79,307.177877
-1055.8086,7,307.226374
-1123.7295,16,307.297081
-2518.5842,8,307.322934
390.34918,34,307.335464
-253.2102,28,307.335569
-1093.0677,17,307.373026
-1145.1743,41,307.373081
198.66565,47,307.400767
-271.97034,39,307.424078
3264.6807,107,307.424158
-831.1166,7,307.435841
123.66284,47,307.446561
-1406.3596,19,307.479875
-1597.2649,8,307.500829
821.6803,42,307.514973
-954.3372,23,307.539168
-1543.9818,9,307.539265
-1030.262,2,307.560312
-1221.5759,10,307.560386
-851.7126,6,307.615482
-970.9056,17,307.615562
220.2547,70,307.651017
-1034.9624,2,307.651122
-2523.0044,37,307.678871
-1077.877,23,307.70899
898.7406,40,307.709091
-1027.1191,2,307.727738
-1038.4059,3,307.77663
-1493.29,11,307.830287
-266.09094,56,307.898407
-2515.3787,6,307.931864
400.72455,64,307.931977
-972.83496,3,307.990129
-942.99493,6,307.990203
-3913.718,24,307.99022
-400.24213,21,308.060911
-1473.1499,12,308.060998
-1134.9078,15,308.061014
2319.8716,63,308.135509
-1330.4238,4,308.135588
-2920.3035,19,308.201841
2491.2012,60,308.3922
-1291.7452,16,308.422681
-1496.0093,13,308.457098
2646.41,65,308.457174
-987.4049,43,308.457193
-1031.5757,2,308.486137
-1717.3862,28,308.486205
-649.11237,54,308.523181
2370.6748,58,308.554205
-158.01208,22,308.567825
444.56732,39,308.5679
-2313.5535,25,308.631311
-1688.4694,28,308.723011
-435.8482,34,308.723096
3156.1216,105,308.72311
-1602.9026,4,308.809205
-635.59973,10,308.82225
829.9779,60,308.847899
-434.13727,17,308.87645
402.21857,24,308.923746
4049.4255,89,308.950686
-953.9663,4,308.977854
-1612.335,11,308.977967
-1117.2218,9,309.030058
-512.7296,39,309.03017
-1060.2483,15,309.08068
-715.71716,9,309.19557
4030.5615,88,309.337184
166.07117,57,309.368279
-860.32056,15,309.399129
-268.32336,41,309.458132
2793.5454,75,309.458193
-1056.0828,3,309.458208
-21.058838,48,309.53887
-878.71204,47,309.53898
553.43024,61,309.573883
6047.617,125,309.634876
-1041.8574,5,309.634931
-1547.619,28,309.66529
2218.1843,54,309.68811
-905.9378,16,309.688186
-790.1583,9,309.7184
-1285.5356,8,309.745783
4079.8533,99,309.782459
-1055.9653,3,309.782528
2599.5881,61,309.81518
1856.938,72,309.815258
-1148.1165,36,309.827899
-1366.673,4,309.8791
-2609.2493,25,309.879191
1616.2476,61,309.896645
-824.5412,8,309.91796
2484.9739,63,309.928971
-1707.8483,9,309.929038
-1078.6082,3,309.991363
141.36102,27,310.124827
308.83826,32,310.124904
-2332.0637,16,310.218494
-283.3393,51,310.259201
-405.15173,25,310.25927
-1052.7101,4,310.259285
-1043.9076,3,310.356774
-750.75934,8,310.399147
-548.9386,35,310.469943
-1078.8453,22,310.470004
-797.5659,7,310.47002
865.971,67,310.470027
-739.7239,38,310.493174
-1346.7559,4,310.581308
2099.8726,64,310.618782
-2113.7805,9,310.690919
-1956.2585,11,310.837175
-666.4851,18,310.869104
1438.1641,52,310.898852
-1303.0356,21,310.955352
5580.1,102,310.955465
-1469.5925,11,310.968983
-1887.4366,16,310.969041
-737.2229,33,310.986606
-1375.189,3,311.008346
278.07648,42,311.032543
2638.259,80,311.076361
-945.44934,4,311.115469
367.35297,26,311.115573
1835.2366,62,311.132835
-2135.4043,24,311.145495
3500.987,71,311.14572
1013.73505,59,311.195137
-556.85895,51,311.257564
-2159.5244,10,311.278236
1608.1987,53,311.27833
-1596.479,9,311.300577
-1015.9492,3,311.328954
-2635.3076,19,311.354538
-1021.0542,3,311.385342
-1473.489,13,311.424753
2360.114,79,311.424914
-1279.1035,12,311.496198
-1085.4952,20,311.590463
-1529.603,26,311.614763
3218.928,85,311.681128
-1782.2343,12,311.737417
-528.77673,34,311.815361
-1048.2859,36,311.841789
-1890.315,10,311.924699
1263.2998,55,311.952778
-205.5824,43,311.984257
-1125.8358,15,312.037643
252.95172,36,312.094091
4270.032,104,312.09426
-1081.4199,10,312.109836
951.1042,51,312.136162
1864.7336,52,312.13623
7880.0713,126,312.171706
-1650.8789,32,312.171747
-145.38751,49,312.171756
-1601.6619,17,312.171762
-926.62775,6,312.189288
1605.5701,59,312.189354
-1353.2798,4,312.211077
-1068.0739,4,312.211138
-1157.3723,12,312.211154
-1010.82886,4,312.243593
-835.54144,6,312.269543
1732.1685,67,312.269623
-2233.9048,6,312.26964
-1386.2277,12,312.280974
-1871.6697,5,312.281041
-0.8859253,38,312.295499
-431.02258,33,312.295594
-214.82642,37,312.306209
-763.9168,8,312.325561
-2168.159,12,312.355145
-1012.86743,8,312.372238
-824.1692,7,312.39154
-1287.4285,14,312.411578
-154.71619,35,312.411647
555.90875,61,312.423563
-1042.2408,2,312.449783
1990.6663,47,312.495725
-330.74872,20,312.495953
832.58923,32,312.520114
-1378.2314,12,312.544581
-2199.3838,19,312.578688
447.24677,40,312.637806
-1931.1951,10,312.701358
-1953.3748,56,312.759604
-1410.1235,16,312.785164
-730.2638,18,312.826424
528.1976,24,312.880851
-1025.909,2,312.880933
-1044.2635,2,312.946809
1039.2029,67,312.947028
-1558.4386,19,312.947114
609.19635,30,312.975016
-1284.8517,13,312.975099
-972.24854,5,313.022916
76.8548,33,313.057899
-996.0166,34,313.099215
-978.3664,6,313.120806
-1069.7253,12,313.121032
-1166.5786,44,313.233321
979.0507,38,313.268025
-1018.7829,22,313.280753
-876.3016,7,313.292264
-1264.3502,4,313.324121
192.34692,30,313.335096
-736.1904,10,313.353148
-978.8467,10,313.35323
2377.1753,61,313.42014
268.18146,39,313.439737
2228.4082,68,313.439775
-1235.3469,21,313.451048
-1433.199,12,313.451139
-930.7174,47,313.479816
-1115.1068,10,313.479882
-1004.62506,4,313.511308
-1064.0608,19,313.511373
-1072.494,5,313.521622
1119.0208,43,313.521684
2809.9373,74,313.565119
-1036.6243,49,313.565213
-939.5771,10,313.565231
503.62604,48,313.579332
-1640.5298,11,313.606955
222.55139,24,313.617437
-1428.324,13,313.641212
-2134.3035,37,313.705213
-1669.0055,7,313.705302
1378.0056,42,313.745632
-1313.7567,4,313.807962
1414.5212,74,313.862345
282.08167,31,313.885767
-3084.6685,16,313.910943
1216.8772,54,313.911325
618.4526,37,314.066012
-1012.8926,4,314.066095
-1134.7748,17,314.111263
-1984.9058,9,314.111385
-473.02777,24,314.141403
-1536.26,25,314.141466
-611.3425,28,314.174059
-660.8004,30,314.240044
-2939.9463,20,314.240134
-914.82947,6,314.275768
-963.3334,6,314.275864
1962.2283,68,314.363718
-719.1041,28,314.363892
-1610.2556,13,314.398924
-956.9178,4,314.399004
645.853,60,314.399028
-1373.5964,3,314.487048
-967.3193,5,314.570122
654.05273,39,314.713102
-1305.2532,32,314.74297
2110.1885,73,314.784504
-506.90717,18,314.986625
-876.89124,8,315.073505
669.97046,51,315.073589
-1114.4392,22,315.105996
-1357.384,16,315.106083
580.97906,42,315.344663
452.17114,48,315.387921
-1002.6637,33,315.388009
1337.0486,93,315.475338
-225.65063,47,315.475435
-1901.4218,15,315.475455
-221.13623,40,315.503477
2875.7139,81,315.90475
-1290.992,41,315.929454
-592.28015,38,315.929547
2072.2053,54,316.182591
-843.4851,15,316.215962
204.25983,55,316.216037
-1505.6146,18,316.216055
-1484.0671,56,316.276986
-1493.6658,12,316.323756
-954.69366,4,316.36586
541.2794,58,316.395767
2003.8464,51,316.46298
-1022.2585,2,316.463237
-884.4254,23,316.497417
4346.8687,88,316.540846
-276.7486,37,316.574033
572.90295,27,316.643566
-1286.8835,14,316.674125
-1044.2253,2,316.709796
-1660.6523,6,316.710104
-1283.321,9,316.767503
-1331.4806,43,316.802036
735.8584,57,316.907575
-991.3744,7,316.937916
-1331.8514,7,317.152386
-99.23242,26,317.225781
-891.1032,12,317.372668
5665.893,108,317.500952
887.9097,71,317.501073
1518.665,63,317.541432
-975.8721,4,317.573204
-909.4553,38,317.594971
-1016.25275,21,317.595049
-1684.1111,39,317.622792
-106.7489,29,317.622906
1122.6704,53,317.622931
670.8539,36,317.655062
-848.8624,8,317.78834
-1688.1609,8,317.839815
-769.61743,8,317.876262
461.6183,34,317.876381
2516.4058,58,317.949116
2931.8796,68,317.949329
1137.3434,68,317.978146
2157.0366,77,318.005354
-2250.7776,16,318.005434
2214.2368,61,318.00545
-1235.023,16,318.1001
-2376.0994,27,318.100199
-1391.1674,38,318.100225
-906.6449,4,318.133419
-846.7846,8,318.190758
-976.8566,6,318.297656
-1043.4177,8,318.371589
-893.60266,8,318.465215
-1326.3309,14,318.465356
-1965.42,12,318.497252
821.27075,60,318.533635
-824.6106,7,318.533716
-1001.0147,2,318.569246
-1005.57947,2,318.608014
-1595.9097,14,318.608151
950.3628,56,318.628776
-1026.3019,2,318.660575
224.7987,33,318.691456
413.85834,64,318.73582
1207.4542,35,318.779987
-1136.051,4,318.806773
-1356.1405,7,318.850613
-897.56836,8,318.850704
855.4849,41,318.850722
-1023.73987,3,318.927356
-554.5257,31,318.96182
65.01611,34,318.961885
-23.235596,36,318.961901
-824.2756,8,319.049932
-2575.8618,21,319.091592
359.87512,33,319.091695
-849.7815,7,319.091713
-990.23486,3,319.09172
3489.8696,83,319.16394
-1034.5614,4,319.195904
8416.978,137,319.23273
361.93732,55,319.358544
-800.9588,9,319.407904
-1661.3838,19,319.445181
-622.0409,28,319.445263
1379.7922,67,319.47489
-416.89203,51,319.554633
-216.87854,47,319.554723
-1405.8502,16,319.588206
-1021.5666,2,319.619875
-1116.4462,14,319.660965
-1434.06,4,319.688405
-665.76196,18,319.746795
-206.39325,23,319.801395
-1017.7491,2,319.801469
2283.0942,61,319.853635
-252.17896,44,319.883566
1193.7627,38,319.9087
-1225.2803,33,319.997372
-1017.87195,4,320.023733
-1626.6362,9,320.051569
3362.0833,77,320.096201
182.92926,53,320.128199
-1673.4576,10,320.154872
-1106.7756,4,320.187621
-666.7286,44,320.281865
-999.7132,27,320.380569
401.89954,48,320.38064
2087.8035,55,320.487936
234.67279,30,320.517751
1332.4414,37,320.517974
-1070.9343,10,320.722466
-1048.5216,4,320.799067
961.90424,52,320.79919
-885.5398,9,320.871327
-1338.6318,38,320.934995
50.528015,29,320.938009
-1778.7914,7,321.00215
-943.00195,4,321.048836
-1037.1958,4,321.211425
403.13568,61,321.27885
-970.14325,5,321.278939
-2219.016,32,321.328749
635.0003,77,321.374011
46.40277,56,321.403883
-1132.2981,4,321.404136
1608.9685,53,321.404266
-627.455,42,321.404354
-1017.61316,2,321.460292
-1240.953,7,321.566101
331.09003,59,321.599847
-2840.8079,24,321.600711
-555.82996,21,321.678904
523.58936,38,321.679049
3569.5105,84,321.679068
-1750.0918,15,321.679077
-1040.2279,4,321.679086
-1839.5271,12,321.738466
-944.9378,4,321.769412
-801.89465,7,321.769758
1708.0951,61,321.836369
-1319.6492,4,321.889509
-1441.0175,18,321.914456
1303.62,49,321.968019
-932.61694,10,321.968258
-1261.5762,4,321.968343
-103.687256,33,321.96842
2189.4717,55,321.996274
-900.90796,8,322.029588
-1148.3514,25,322.029648
-1963.6876,19,322.029657
-1128.7677,9,322.029664
-845.60803,22,322.063901
-1309.7018,17,322.096034
-1021.14526,2,322.096125
-2914.737,15,322.122827
-1123.6509,6,322.12291
-1033.3658,3,322.229571
-908.90857,10,322.292819
-11.7144165,40,322.292885
-709.4901,8,322.329834
1420.784,60,322.422351
-1082.4128,12,322.480458
-1452.6179,13,322.514467
-1185.6167,28,322.551534
1467.3647,49,322.581679
-1453.2802,11,322.655217
-1530.5161,6,322.693145
-269.89575,20,322.69328
-1043.7893,3,322.693305
2564.402,95,322.795782
-1710.5002,18,322.877538
-916.32684,16,322.913522
-943.6617,7,322.997094
-1441.3367,10,323.116219
912.3291,30,323.116294
-2016.3611,18,323.116304
-1441.4913,28,323.173937
-1033.2743,3,323.249654
-1035.0675,3,323.274888
966.3233,37,323.305558
-2060.3958,16,323.340648
636.4864,38,323.340765
-392.66205,30,323.415853
3408.9985,95,323.497671
-1727.843,10,323.561619
699.4537,45,323.587524
-955.9004,5,378.77815
3520.5454,69,378.850371
-1000.6803,2,378.947305
-742.9111,28,379.087164
482.83698,31,379.116039
-2353.3494,17,379.116129
-178.48053,66,379.162937
-573.3417,38,379.163059
-931.72656,3,379.248839
-759.02,22,379.278336
-790.1776,14,379.313013
-1006.122,3,379.359957
-678.228,30,379.380191
-1864.2078,15,379.44277
-1021.8401,4,379.481145
-1174.6046,11,379.481219
39.039917,41,379.5591
-903.7467,32,379.559163
-972.2776,5,379.602491
623.7532,37,379.60255
-947.82227,12,379.68362
-1579.0024,16,379.724142
145.66846,34,379.724193
-1930.8647,18,379.767076
4151.4785,106,379.789517
143.1358,57,379.78957
-924.87915,9,379.78958
1693.4845,77,379.826063
-1086.6936,5,379.863428
-1869.2582,14,379.863494
-965.2428,4,379.921428
-1071.4714,4,380.00318
-1245.0913,35,380.0033
-796.6272,8,380.073241
-1007.2461,3,380.103282
-682.7655,11,380.103365
2647.1597,125,380.179804
-1003.22217,5,380.180182
900.22125,86,380.230482
-1045.9225,3,380.292687
-736.4735,11,380.325216
-770.45325,23,380.395583
-983.2767,3,380.423984
-868.85767,30,380.673822
479.72687,45,380.746722
-881.5627,9,380.746815
-646.353,34,380.769585
-1008.6544,5,380.809752
3027.6194,83,380.80983
793.6366,35,380.950561
921.42535,49,380.977949
5534.9565,108,381.008721
-1499.7028,26,381.042134
-94.695496,46,381.042226
-690.21936,43,381.078144
-957.41113,5,381.126596
-1750.7217,15,381.202846
-2025.9558,6,381.230314
-1019.45886,5,381.366434
-2729.856,23,381.414748
-1824.4971,20,381.414816
-951.14545,7,381.454366
924.97656,51,381.483192
-997.53406,3,381.517277
-633.02637,46,381.575715
689.78296,44,381.600897
-547.1211,40,381.636803
-1571.7218,5,381.664265
18.946716,51,381.69692
1141.5381,62,381.721672
261.03308,47,381.756763
-1017.6836,2,381.819975
-958.1214,12,381.886988
2859.5532,64,381.887069
-1302.3479,9,381.887081
5784.1553,99,381.916841
-1132.545,6,381.993849
-969.59485,3,381.993955
-1062.6998,3,382.093353
2020.1494,61,382.093421
-857.79456,6,382.093433
-621.9236,36,382.158737
4662.4297,98,382.236673
-931.86615,5,382.271764
74.74786,28,382.310487
-1083.732,9,382.310978
-3060.9326,20,382.344375
-354.562,26,382.344658
-1031.543,2,382.37686
-867.9771,6,382.376961
-991.3358,14,382.419949
-1014.4475,3,382.454201
-1332.8894,18,382.454293
-864.1436,17,382.485877
-1499.7014,4,382.502865
-818.0868,8,382.525594
-256.19434,34,382.559485
-907.617,6,382.559623
932.82465,47,382.559642
-1002.0166,3,382.663452
-854.1345,7,382.663953
-682.6222,11,382.708855
516.7459,34,382.7467
-1665.896,7,382.746815
-1278.1373,32,382.746834
1185.387,61,382.77741
-1225.8154,9,382.77753
7225.9414,136,382.777558
-1416.3188,12,382.802672
-679.1123,9,382.822228
-1032.1685,17,382.912144
745.27655,63,382.945003
-984.749,10,382.945962
-1818.2064,38,382.946131
-968.4253,5,382.946219
-1640.748,10,382.992688
2791.0327,97,383.029087
-1230.1886,13,383.136206
-1196.3448,13,383.136281
30.111938,64,383.17099
-2105.4814,21,383.205565
-1197.952,11,383.292499
-928.48804,11,383.328707
-937.5987,4,383.328818
-3405.9517,20,383.389812
-495.1564,31,383.417382
-919.0343,42,383.417509
-1028.1299,4,383.442528
-1213.5178,15,383.469786
214.32568,41,383.496994
-1021.28644,3,383.497054
-266.1092,23,383.653168
-1321.223,6,383.693769
-791.41644,8,383.722039
-1697.4401,12,383.750818
-969.0355,25,383.922163
3936.2732,102,383.956299
-1024.8257,36,384.078117
1315.1318,40,384.07827
-2060.7268,14,384.109279
-919.5179,6,384.10976
-909.56665,4,384.219327
-647.2588,27,384.396061
335.31848,35,384.467145
209.94196,41,384.501416
-1756.7373,13,384.574529
1532.2178,59,384.661567
1360.258,54,384.689172
-1484.6913,7,384.689268
1484.2227,81,384.689285
1227.3779,40,384.71316
-875.2265,15,384.713219
-210.6997,32,384.750287
-1027.8114,2,384.795392
-1198.6113,22,384.834016
-1386.2882,4,384.89169
-1201.4362,14,384.891792
-905.5362,5,385.028918
-1555.3319,16,385.755825
2097.2969,59,385.755872
36.953552,77,385.755883
-1200.1042,6,385.755889
-783.3938,11,385.755896
-963.6413,13,385.814987
-883.06323,24,385.855322
469.945,36,385.923236
-1052.103,3,386.009616
3516.9907,81,386.101679
-844.29333,6,386.165939
4559.965,98,386.217252
-1286.1001,8,386.275161
4313.659,89,386.335536
1184.0828,64,386.380379
-1749.7515,4,386.38048
-1022.93384,2,386.406715
-1041.1832,4,386.437314
-942.4281,13,386.473259
1295.471,58,386.473302
2138.4492,58,386.523926
639.68524,33,386.675916
5332.852,147,386.676018
-1014.95294,5,386.718042
-1158.6322,36,386.796528
1635.24,85,386.833143
-1180.8477,19,386.885592
-606.18933,24,386.914483
-1536.5455,13,386.981764
-1785.4592,11,387.040656
-920.346,5,387.075796
249.65955,29,387.138042
-909.1406,22,387.215619
-2273.3765,11,387.325932
-1914.6655,54,387.326013
-2255.0103,6,387.32603
-720.5531,18,387.360557
1955.1753,76,387.360645
-1031.8184,2,387.382771
-2157.114,10,387.38283
-1521.0955,30,387.448522
-1030.9814,2,387.475736
5295.6304,114,387.526332
-1039.1852,3,387.563535
-2262.727,40,387.593969
-2175.5835,4,387.679163
2496.772,63,387.707986
-1152.8911,12,387.73696
-4301.7803,42,387.787133
-1048.9807,15,387.787226
2185.0403,66,387.812387
1535.3074,75,387.888185
310.12457,39,387.91438
-968.43494,4,387.914474
-994.7753,4,387.914488
-1032.1682,2,387.954219
-1051.0853,4,387.97995
292.0655,40,388.022095
276.73767,35,388.073317
-650.9115,26,388.119874
1856.8137,52,388.202813
-1871.4343,17,388.237586
415.81287,67,388.325431
-969.40393,6,388.375454
-1047.301,2,388.449018
-725.5708,29,388.449204
-1458.2335,12,388.523966
-633.47845,68,388.524143
1671.9875,53,388.587265
-125.71631,44,388.619217
2638.9077,66,388.703852
-974.4638,5,388.734551
-875.88293,6,388.76245
-785.56274,6,388.81693
-1020.2359,6,388.84292
-170.10468,25,388.843109
1070.8069,46,388.843198
-984.13245,6,388.869338
-966.7733,8,388.902049
-2630.5674,21,388.921332
-486.99442,32,388.921505
-977.4942,33,388.941456
119.49213,41,388.941564
1577.4841,48,388.968892
-941.9355,4,388.968982
294.50372,33,388.980718
-358.4355,18,389.003778
-1779.3481,12,389.0341
-1529.4619,8,389.056218
-1019.1959,3,389.056294
104.20715,32,389.05631
-19.023743,36,389.066416
-836.19904,7,389.08862
786.41187,29,389.101864
-974.9667,25,389.123729
-2160.8867,19,389.134696
4020.707,102,389.154585
1239.168,49,389.154703
-1275.9106,12,389.173141
-811.0913,8,389.205612
-1000.16364,3,389.235208
-858.7826,5,389.263682
-1042.8738,4,389.355597
-958.54944,12,389.41504
-1036.4202,2,389.477777
-872.8345,7,389.477867
162.24823,64,389.477886
5302.6846,96,389.5098
-36.24054,31,389.548387
-486.44214,17,389.54852
130.1847,23,389.548548
-1278.6011,28,389.580096
-1403.5156,14,389.614826
-1669.4075,35,389.646618
-1036.7396,2,389.674274
-2636.8242,21,389.740118
-1101.0302,4,389.908865
-2248.7268,31,389.998385
-267.713,19,390.022482
-1690.2263,15,390.041763
-1287.4825,17,390.067958
-438.67108,42,390.089962
-1044.2607,3,390.101855
270.9339,53,390.113294
-179.81494,19,390.126386
-889.2922,32,390.126452
-42.827026,24,390.169584
-486.69342,43,390.19081
-960.5545,4,390.190881
270.09058,55,390.190898
-936.1992,50,390.200552
834.2308,42,390.200616
-1015.94135,2,390.234432
-1024.8553,3,390.234498
-1711.8357,8,390.257559
-1017.5459,2,390.269416
-1885.23,11,390.269492
-1541.0964,7,390.299855
-979.25085,4,390.299927
-1038.996,2,390.299946
-1084.2302,21,390.323159
5512.0854,107,390.323215
-977.3768,32,390.333086
-1012.4499,2,390.333168
-1352.7932,3,390.350241
-401.6073,34,390.366782
-918.7235,12,390.366876
-1035.0708,3,390.409259
-777.2554,7,390.422105
-929.0912,6,390.505964
-378.50964,39,390.506027
-498.11005,29,390.543902
3481.8628,116,390.543978
-1026.7314,5,390.58293
-657.96277,19,390.616686
636.62115,41,390.688672
-948.35767,5,390.74705
-2547.0789,14,390.747127
-1278.9299,15,390.747137
1735.4436,67,390.835559
-1554.6545,11,390.94208
-534.78284,13,391.032099
-960.0524,7,391.032183
-1486.1455,12,391.032201
-822.2087,8,391.113901
-1143.4237,9,391.113967
2160.122,68,391.276326
-945.3131,4,391.276411
-677.19543,45,391.367461
2216.6833,64,391.38631
-749.7373,35,391.386425
-1991.0645,10,391.421751
-1301.4513,11,391.475702
-1083.7493,9,391.507778
-942.9291,4,391.507846
-1042.8009,2,391.547629
-1526.9196,23,391.566683
2894.6982,59,391.666628
25.76361,30,391.708377
-654.04803,11,391.745822
673.06525,71,391.746138
-1069.7212,3,391.773693
-831.7973,24,391.773756
-1160.3108,18,391.773771
-866.8866,7,391.810382
-1151.5314,13,391.980921
-993.3622,3,391.981025
-80.135254,33,392.063822
1383.7917,67,392.100114
-811.725,7,392.100215
-1174.9327,11,392.226045
-2644.884,23,392.28796
-1153.7528,9,392.461138
2589.0325,64,392.501527
-1051.01,3,392.542388
2935.3992,77,392.615706
2041.8099,72,392.615793
-2329.1614,14,392.638999
-3486.1357,18,392.663597
-957.3445,4,392.71707
-2459.76,17,392.717145
-1337.5237,3,392.739156
-1629.5164,25,392.739231
-974.28436,3,392.80449
-995.42615,3,392.834753
-946.50806,6,392.887174
3116.1716,72,392.927157
-482.08368,23,392.979145
-1328.3728,73,393.00791
-163.55377,26,393.072106
589.123,57,393.099035
653.3815,34,393.181094
1811.8721,71,393.18123
622.15186,53,393.224565
-1869.9788,7,393.255201
3645.1743,84,393.310537
32.741028,43,393.333301
-977.2429,44,393.36634
-2329.1985,66,393.400411
1080.2212,52,393.455083
-3105.1128,14,393.569546
-1546.6758,14,393.597507
2273.8232,60,393.630347
-1003.2835,3,393.730394
-1024.9053,2,393.787554
1356.6567,55,393.787753
-532.19055,38,393.803439
-543.0106,12,393.803504
-155.47095,31,393.803519
-903.38,14,393.803526
-770.88446,7,393.803532
-1256.1552,23,393.868675
-1046.6659,6,393.887063
-1640.3567,19,393.887157
1164.2505,47,393.923816
-1169.905,10,393.947588
1051.3328,35,393.947669
713.9304,28,394.006257
-1245.9866,11,394.006339
-839.6529,9,394.074848
-1016.4805,9,394.107971
91.07849,33,394.108109
-65.13672,36,394.14296
-237.09113,17,394.176647
1997.8496,53,394.176744
-2236.747,18,394.206674
-1028.3341,4,394.206759
-1012.6328,2,394.2549
-799.50806,13,394.321191
-87.72632,51,394.321253
-1837.3723,14,394.421445
-1035.0724,3,394.421534
-2587.3691,18,394.461723
-1070.636,4,394.565167
-1028.3265,9,394.634809
-1291.0214,6,394.634913
96.814514,33,394.661824
-1020.4338,36,394.842108
26.659302,26,394.889779
-961.50867,6,394.889893
-1005.5335,22,394.889914
-1500.6595,6,394.947962
1597.3708,50,394.986583
2184.4905,75,395.033671
-67.11383,35,395.095102
-1484.1074,25,395.193997
259.50085,29,395.245314
-1851.7743,18,395.245389
3742.5815,70,395.288913
-826.9248,9,395.343658
-68.44556,31,395.409923
-615.65393,39,395.410008
-987.31665,3,395.410024
2927.4385,64,395.410029
-1125.7283,7,395.410034
-1023.65063,4,395.410039
-757.36633,11,395.439251
-929.70715,7,395.470477
-1443.0881,13,395.470553
-1228.1057,13,395.539567
-1004.3374,32,395.539695
-1243.7052,12,395.539717
-1318.1244,6,395.59776
-891.41846,5,395.597811
7167.6567,154,395.597821
-1138.1204,5,395.630725
-797.0984,9,395.696292
-666.7859,10,395.716805
-571.45605,43,395.765772
-622.9252,10,395.803871
-1374.2664,10,395.874764
-944.35864,11,395.900592
1696.5447,79,395.932543
629.3941,34,395.960957
-1764.2931,11,395.961048
-1072.2522,4,395.998429
-1660.3054,10,396.025949
-901.1802,13,396.02603
-1321.7131,14,396.05565
-78.50049,33,396.091832
-947.65466,40,396.091889
-836.6704,10,396.137996
-958.36304,5,396.138065
-1124.5835,19,396.180809
-1506.81,5,396.237029
-310.20038,27,396.237532
-1314.833,10,396.237626
-2282.3933,15,396.237692
-836.27356,41,396.406313
-1241.719,9,396.438559
-850.90234,8,396.575575
-1021.9537,4,396.645165
-1046.7062,3,396.648744
-969.20435,12,396.727174
-892.98486,6,397.07359
1747.8407,71,397.07368
3574.02,117,397.118498
696.0959,46,397.359652
544.1227,27,397.360832
-1451.6138,29,397.411007
604.1931,40,397.411099
-859.9951,37,397.446818
-1032.6956,2,397.474365
-2355.463,17,397.545365
-1021.5192,2,397.635997
-2495.4287,20,397.636182
-318.6532,29,397.668957
-935.5265,7,397.669105
-1076.0958,15,397.697805
-550.2137,34,397.697891
-3729.1458,21,397.728694
-699.2899,9,397.781657
-619.4519,18,397.81833
-1086.4255,5,397.818414
602.3413,38,397.81843
2740.7925,65,397.883963
-614.07227,44,397.884058
-1210.3914,5,398.044819
-1325.9229,9,398.107095
-1005.98,12,398.194933
-1206.3406,32,398.224345
-632.1943,17,398.22441
-1143.9868,17,398.252656
-1021.0431,5,398.252741
1152.7771,57,398.344589
-182.59161,23,398.344734
-1073.3782,4,398.344754
-1040.2834,19,398.456558
-806.3993,26,398.456656
2843.4917,57,398.513019
-1806.7058,12,398.578961
-1962.6599,36,398.579056
1257.8921,60,398.602603
-2775.6982,20,398.629864
-995.0957,3,398.66218
-1106.6702,8,398.742121
-951.6652,6,398.770732
-1380.2014,21,398.80113
-1207.9788,19,398.801227
2051.6318,94,398.864302
-1040.4958,2,398.911962
5539.0996,96,398.912095
286.97217,75,398.937571
-1036.8196,2,398.966602
-2297.2368,13,398.999676
3826.5188,83,398.999753
-131.72168,41,398.999768
1888.1401,56,399.077919
-472.19055,29,399.078015
8681.632,160,399.126729
-1080.9696,9,399.158422
-1988.4915,30,399.193855
-1188.7717,7,399.193926
-1015.07556,2,399.259202
-1553.7612,17,399.259268
-854.8881,7,399.277384
-766.214,22,399.355977
947.8235,58,399.379398
-818.6295,6,399.404743
-982.6909,3,399.441834
1291.6387,38,399.548313
-977.7346,4,399.581943
-2918.8828,15,400.08222
-2321.8342,22,400.082353
1071.0693,41,400.140936
-902.47363,13,400.141352
1207.5647,46,400.171774
-925.8749,32,400.256557
-1008.6501,4,400.299232
-885.5991,25,400.361962
1554.3483,45,400.438387
-1101.119,11,400.485182
1876.9158,54,400.485579
1832.8269,71,400.485617
-1180.4144,4,400.531719
-772.3631,17,400.683204
64.3266,27,400.723247
-870.07733,8,400.82204
-1443.2604,12,400.898985
1594.075,55,400.899181
-633.44495,46,400.944833
-1727.7129,7,400.944916
27.471497,24,400.996476
2039.849,99,401.054351
-1695.6371,17,401.122023
-1118.6047,26,401.122182
-1134.8013,9,401.184421
1909.1947,56,401.184497
-1042.6648,5,401.184511
-1488.9004,20,401.262002
-844.9749,7,401.355083
-962.63763,4,401.355367
-1026.81,3,401.402994
865.12616,32,401.403605
-1059.7076,6,401.459347
1232.2865,43,401.567136
195.70294,28,401.608419
-11.894043,24,401.643856
-1017.0211,11,401.644308
2354.0403,56,401.680621
-1344.9879,6,401.680813
-1100.583,4,401.785059
371.83148,64,401.785164
-744.5149,8,401.855946
-917.96924,9,401.989105
-196.35632,25,402.092306
-2041.4187,13,402.302583
-288.16064,20,402.302657
-898.07513,14,402.69181
7678.1377,129,402.720774
-317.3321,23,402.720861
-924.4498,10,402.754878
-690.1224,32,402.811471
604.50714,25,402.905878
1138.3809,47,402.940259
-345.77094,44,402.97106
-1171.971,38,402.971153
-928.761,10,402.997531
3666.2083,68,403.027519
3851.962,79,403.027608
3376.6626,72,403.081105
586.2826,53,403.216676
3257.5732,94,403.245731
-10.369507,33,403.30507
-1288.3259,6,403.396896
2006.6606,53,403.396998
-1011.9497,2,403.458351
305.89966,29,403.552599
-1003.34534,18,403.582388
-1298.1552,28,403.616372
225.64185,31,403.655374
-1013.80615,26,403.764128
-1573.8207,6,403.793684
-791.6974,19,403.828033
-1446.7711,15,403.858093
1015.9368,57,403.926231
2590.2734,99,403.992603
266.70123,34,403.992689
1708.8613,53,404.048007
3723.792,85,404.082645
-1728.3604,11,404.108601
-992.8587,3,404.136351
-1035.5862,2,404.16191
1430.9451,39,404.19581
-34.439636,20,404.270307
-1520.7686,21,404.353104
-1227.5176,45,404.353185
5599.578,136,404.353203
4871.9297,93,404.378839
-948.37036,5,404.379204
-2733.4136,16,404.379241
-837.205,15,404.41027
-985.227,2,404.410565
1023.07306,55,404.575907
-195.09253,33,404.602959
-1454.7964,9,404.603045
1080.365,64,404.654233
-812.88513,18,404.676061
-987.1713,3,404.728952
-185.99225,26,404.754625
-992.7438,4,404.782215
-1261.8422,33,404.811601
-1741.4199,9,404.834559
3.9852295,48,404.907235
-990.0807,4,404.946079
-1042.415,3,404.946159
-1021.8998,3,405.043762
-1404.2965,6,405.113427
2895.6982,70,405.137119
-1436.8623,30,405.218759
-1221.2368,7,405.357972
-548.2753,15,405.419976
2201.1318,53,405.420074
938.4163,40,405.47842
-188.55566,39,405.549609
-3305.6814,16,405.550904
-248.16174,25,405.551005
961.2657,47,405.607811
-1073.5508,41,405.645812
-3612.1929,18,405.678738
-171.29102,36,405.707712
-2400.167,44,405.738439
1207.508,45,405.738511
361.7303,45,405.738527
-1707.967,8,405.738534
4816.061,123,405.804039
-934.4837,4,405.804145
-1047.342,3,405.804166
3629.0898,96,405.879213
-984.32715,5,405.915287
-758.02576,43,405.915367
104.437805,35,405.915386
-646.56934,9,406.040947
-670.1388,9,406.096043
5285.8784,131,406.155222
1877.4744,69,406.196988
-855.77594,7,406.227665
-634.2866,23,406.252257
-957.76227,17,406.252359
-1044.2428,2,406.308591
-1474.3785,30,406.345828
-2296.6416,18,406.345986
-2003.5061,16,406.346024
307.40173,28,406.399705
-1434.2495,4,406.457594
-1885.1519,27,406.457671
-457.7174,22,406.537528
1071.352,43,406.660852
-298.86597,42,406.695715
-676.45667,8,406.695848
-305.98853,18,406.733014
-1921.4381,14,406.834747
536.308,43,406.883491
-1903.7716,25,406.912848
-594.5759,29,406.99508
-796.4219,8,406.995142
1236.9307,40,406.995157
-1068.9202,4,406.995164
-609.0206,9,406.995169
976.7837,39,407.030293
-1437.8315,23,407.079949
-1277.8452,11,407.080044
1131.5188,39,407.108301
-1032.0195,3,407.162843
-1096.8185,6,407.162907
-1694.4724,10,407.206139
-992.99506,4,407.234147
210.63965,31,407.234248
279.37445,53,407.281259
1409.5396,129,407.30826
-2371.502,12,407.382604
-1235.0887,9,407.382731
-517.4158,9,407.487004
-1033.0067,3,407.741276
-1351.3582,11,407.877514
836.0843,35,407.969411
993.3535,97,408.063796
-945.39136,6,408.063892
-1028.4094,2,408.132527
-505.1676,21,408.132781
1147.6997,48,408.165074
-1749.7594,52,408.165169
2266.5999,84,408.165182
772.4717,30,408.165187
-1403.9216,29,408.195292
-1009.938,47,408.263142
-1011.08575,4,408.297783
-917.7042,10,408.298002
-1231.4209,25,408.333628
-968.6652,4,408.333825
4791.6304,132,408.396847
-558.07043,23,408.397181
632.83734,36,408.453189
-1131.8589,9,408.453396
-2832.706,27,408.453481
734.11444,59,408.474348
-905.4115,5,408.532568
-1502.5612,10,408.602009
-1126.3088,14,408.699861
-614.12695,19,408.700026
1542.6936,53,408.700104
-2579.6084,19,408.731856
-191.32349,47,408.731996
-906.36664,14,408.732123
-1862.394,25,408.888102
-2035.1328,13,408.937632
788.6243,41,408.937864
-1448.5762,8,408.970021
20.910461,26,408.970096
-292.94818,47,409.00998
-1049.4595,3,409.037962
-980.7169,5,409.073074
-805.88824,23,409.117003
-922.551,11,409.117089
-1786.5098,25,409.11711
-1268.9597,8,409.200923
-1295.7323,8,409.229512
-949.82214,6,409.287336
-761.498,40,409.314437
-1171.7634,9,409.41035
-1396.9453,13,409.434502
-2124.3755,37,409.462981
-1963.2361,8,409.519977
-1057.253,3,409.520397
-2290.2783,24,409.520425
-1049.2833,4,409.598859
-1100.2734,38,409.698373
-1147.5839,6,409.738191
-728.9146,10,409.738256
-1294.713,7,409.773528
-1129.2865,5,409.888492
-919.7741,6,410.02562
-1110.6128,7,410.025676
-3007.7505,14,410.243236
1489.2615,49,410.243338
1209.8888,49,410.329379
-36.023376,42,410.563179
0.22589111,33,410.563281
-1075.4121,3,410.893072
646.6266,56,411.268308
-0.22381592,29,411.4601
-252.72827,37,411.547771
2036.1726,77,411.794314
-818.7844,9,411.794389
204.10974,40,411.874013
1277.3691,94,412.032106
-862.91943,7,412.130154
588.6602,38,412.182722
2646.8616,62,412.316058
-1412.2535,11,412.415545
-913.22174,6,412.441183
-117.93097,24,412.441242
-2398.9478,19,412.564013
1047.7385,65,412.667951
1851.4836,68,412.77907
-1272.6641,15,412.779164
-1017.11646,5,412.779182
-1610.3247,9,412.836459
-674.2866,23,412.836769
-872.22784,6,413.020336
-303.61115,25,413.057753
-287.91333,21,413.057804
-1687.3174,26,413.057814
292.7945,43,413.171655
-1025.7764,4,413.221578
-875.7773,7,413.287333
-2217.1218,21,413.536712
-938.5186,8,413.536806
-1233.3907,15,413.564152
10351.8125,174,413.596535
-997.45087,3,413.646058
-2087.6675,37,413.705481
-937.0538,4,413.740519
-543.28864,18,413.836549
1181.337,59,413.89522
-918.97076,4,414.01605
-942.68274,9,414.016135
4642.163,90,414.016151
-72.85297,62,414.124146
-1043.6445,2,414.124261
1801.3472,73,414.156473
2511.698,70,414.189844
-230.24744,25,414.359529
-1221.081,7,414.592314
-14.530762,43,414.683624
-2643.2217,13,414.727198
3767.558,91,414.879379
-2185.2754,13,414.879478
-1066.4912,18,414.93592
-1798.1935,15,415.086581
1653.073,59,415.086667
-843.8279,21,415.221975
1262.6729,45,415.266666
-1825.0063,25,415.365042
8109.5806,172,415.430856
-1076.6727,6,415.478179
3399.175,86,415.478239
-1597.0403,16,415.545263
-1572.9656,18,415.585285
-153.61975,61,415.585371
-4646.3784,18,415.782036
-677.15564,11,415.93042
-924.1433,8,415.930551
-879.99414,5,416.105413
2630.7212,69,416.105467
-1313.0221,22,416.105476
375.0733,33,416.142414
-362.16833,21,416.178942
-1127.821,14,416.573175
-1060.2903,11,416.688923
-2190.9414,17,416.80458
-1057.511,9,417.031573
-471.37872,22,417.03165
-1016.74554,4,417.157347
6045.8975,100,417.233918
248.0777,56,417.234012
3606.0898,91,417.268207
-1049.4594,3,417.268519
-292.7187,59,417.297968
-1033.303,3,417.298047
-1388.1034,3,417.324259
-562.17847,17,417.375299
-855.3421,13,417.442275
-47.15338,22,417.442341
-982.22345,5,417.442353
289.72565,41,417.941438
-1261.5658,15,418.127822
6.9405518,35,418.127927
348.47076,50,418.158837
-11.879028,39,418.158916
1916.0834,66,418.233756
5654.8022,104,419.016277
-1008.77795,5,419.016328
-1051.1119,3,419.101395
-1474.014,9,419.244743
-1298.2445,22,419.493336
-1043.5676,7,419.816733
1674.311,68,419.816791
-771.86816,8,420.177355
3700.7148,89,420.273697
-652.9707,14,420.631735
-678.124,11,420.903026
615.6645,47,420.903087
-3520.0972,30,421.057849
623.3405,31,421.19436
-1066.4419,2,421.194415
2332.5974,69,421.483852
-1409.1129,38,421.56137
1426.9246,46,421.810667
-619.37866,16,421.810716
-1219.0371,10,421.810727
-473.1515,21,421.840127
-641.4789,8,421.910782
-2253.4229,11,421.984632
-1013.79346,5,422.024192
-1031.9683,2,422.060078
-1027.323,7,422.091094
1066.7839,56,422.203797
364.74457,29,422.373709
-281.00397,32,422.373968
460.33124,58,422.430641
-887.9726,8,422.430803
1445.6619,73,422.430905
2097.4094,48,422.504892
1117.7361,59,422.563175
-1000.85455,3,422.647454
-1112.2399,8,422.765429
-846.9386,22,422.961165
8692.631,208,423.020951
-1396.5895,20,423.072324
-1155.1135,14,423.152514
102.0155,55,423.152627
2069.0166,81,423.306631
-1624.566,41,423.30675
-1195.577,7,423.452165
772.2382,46,423.623348
-1254.4521,7,423.693671
-852.6283,5,423.769308
3953.212,78,423.825579
215.15656,32,423.853709
4476.3364,101,423.853752
-1156.9474,29,423.853762
-1039.6241,2,423.892606
-10.578125,41,423.892672
-2093.9075,59,424.000394
-406.67865,27,424.030173
-1028.0582,5,424.074901
-878.8523,7,424.11688
-1783.7275,7,424.11703
827.5903,36,424.117061
1874.1025,49,424.164876
-732.72644,15,424.273905
673.7248,38,424.312799
-2195.2012,40,424.31295
2085.6382,96,424.37248
-1234.9583,13,424.37269
4103.767,74,424.543987
-1608.1067,18,424.587753
-1244.3339,20,424.726372
-2595.837,21,424.814104
-1014.5526,4,424.895323
-2158.3315,17,424.895537
1998.6829,65,424.895557
1748.6584,48,424.932178
-1041.8148,2,424.965545
-980.2896,6,425.041519
-860.72284,15,425.133811
-2516.1594,23,425.184098
-26.578125,39,425.306032
1248.0488,43,425.380644
-1773.2283,35,425.433158
-107.19086,37,425.5567
1575.6609,66,425.668895
815.5778,60,425.66898
2242.0083,63,425.668995
976.7077,51,425.669002
954.12164,37,425.752325
-1634.4153,18,425.80283
327.73206,46,425.972021
-774.2793,7,425.972114
-1434.8557,8,426.015943
-783.161,9,426.056708
-1196.8992,10,426.089091
-1621.4607,15,426.089212
-1002.8952,21,426.145241
-1043.8379,3,426.17428
1890.1436,73,426.219886
1830.0908,70,426.220035
-1612.2968,20,426.220058
7357.7964,141,426.470089
-852.0963,11,426.492441
469.63885,36,426.492508
-1679.4502,11,426.591306
-1238.6514,14,426.632424
1481.8228,60,426.683086
48.729675,34,426.801219
284.5904,27,426.82952
2380.058,54,426.969001
-3640.2805,19,426.969329
-11.652222,26,427.037962
1600.56,48,427.084658
-1129.8903,21,427.085175
2641.5022,68,427.085991
-453.66168,41,427.333477
-718.2545,10,427.3337
-2154.8252,10,427.425995
3346.0046,84,427.494776
-2132.3845,10,427.553194
-854.94147,37,427.684011
-1586.9609,15,427.719903
-1970.445,13,427.747321
-1020.2902,2,427.784103
-1354.8424,49,427.944283
2054.2776,63,428.033376
-885.2057,4,428.136038
-259.92432,32,428.136082
-905.29913,13,428.13609
185.8158,36,428.158661
-3735.9673,19,428.250515
401.31763,35,428.284638
195.2052,56,428.339109
-1208.6117,18,428.339183
-2373.117,6,428.339196
-1048.6904,2,428.400007
-1355.919,10,428.44154
488.2953,55,428.493236
-1187.7323,8,428.529834
-1019.7359,4,428.529919
-1080.596,3,428.592782
-2307.4292,29,428.592833
-913.44867,44,428.941006
-1578.3909,15,428.941064
2626.9,93,429.038556
595.52325,53,429.100752
3527.5552,63,429.260084
-2158.2996,13,429.260148
-1417.5414,4,429.502388
-2155.5142,50,429.521124
501.87836,42,429.556235
2727.7668,102,429.616349
-545.3561,23,429.654679
-845.7152,25,429.718415
4696.955,84,429.71875
-1625.0518,14,429.718768
-395.32855,56,429.751738
2872.138,70,429.75183
-1573.8013,35,429.833909
-1108.1127,43,429.865807
597.1378,46,429.901793
-916.84766,6,429.902068
-1038.2207,2,429.968024
-1053.6576,3,430.032494
-1065.7587,3,430.060028
-1222.9312,13,430.151357
-1005.4855,14,430.251541
-436.7386,33,430.339068
-1834.0676,21,430.339108
785.7404,55,430.339118
-1229.4609,20,430.418711
-1342.8282,15,430.695694
-993.3378,5,430.799292
3245.2603,82,430.799345
-1662.5503,6,430.872665
-1305.1953,14,430.872723
-1348.5708,3,430.920527
-925.82117,7,430.920587
-901.8857,24,430.996907
-1353.081,4,431.065218
1513.492,43,431.116375
-981.2613,4,431.184249
3761.9292,102,431.184303
-993.7388,3,431.283863
-787.47095,8,431.37075
1289.4954,66,431.496258
-1280.2394,8,431.496301
-878.7625,5,431.684674
-664.78815,11,431.80043
-1014.7572,4,431.80741
-1374.3478,22,431.877396
-1944.352,10,432.009978
355.69556,48,432.010035
-927.78357,4,432.342565
-1415.3469,30,432.342665
-894.2975,6,432.508765
-967.58655,25,432.590239
-845.88916,6,432.720901
-2366.5146,15,432.720945
-1085.6919,4,432.824301
2373.3555,75,432.886724
-1695.6392,4,432.92794
-336.90045,27,433.03316
-652.5071,23,433.033236
139.87915,100,433.242253
-563.8847,31,433.290779
-771.3659,7,433.290889
-1125.1705,12,433.326265
541.6473,45,433.477039
-1139.4962,5,433.533468
-1712.6863,25,433.573635
-860.93274,7,433.647403
-1455.604,25,433.716539
1697.6714,71,433.808579
3712.8008,79,433.846838
-816.296,6,433.846879
2095.0205,70,433.876172
3212.418,72,433.876213
594.338,27,433.876223
1347.3967,70,433.993786
-2942.0366,30,433.993902
2585.0107,68,434.070223
-955.69293,24,434.070275
-585.02637,23,434.112204
-1889.5986,29,434.112251
-524.5366,9,434.156168
-3547.623,42,434.156211
-1130.809,21,434.156221
-891.2207,6,434.225679
-467.5144,21,434.231292
-953.5326,11,434.255933
-1209.0382,10,434.255996
-215.58972,42,434.338961
-951.8867,5,434.339061
-762.1372,19,434.387601
-1024.945,2,434.412806
-1584.5946,16,434.476666
-1030.5463,2,434.509407
-684.5473,14,434.550456
-1021.539,9,434.64808
2539.8813,108,434.648155
-764.4009,18,434.648172
-3180.217,10,434.730728
-768.1944,23,434.909936
-858.7328,5,434.909982
-1024.3026,7,434.98946
-1166.3339,13,435.035183
-613.624,37,435.238648
-1003.8128,5,435.275844
-2132.395,6,435.344797
-1633.4734,4,435.37597
-1029.5215,2,435.469856
-1544.5513,30,435.51674
-694.8773,26,435.558266
827.5456,45,435.598536
-876.7304,5,435.670127
-1379.519,34,435.670188
2143.736,57,435.700087
-1684.6307,27,435.771052
-1012.45624,3,435.886531
-949.5541,10,435.974566
125.63855,41,436.005399
261.50287,30,436.005478
-828.1384,43,436.034721
-1003.5969,3,436.126827
-368.8006,35,436.126888
1291.9333,42,436.126898
-1043.1613,33,436.126904
-1351.718,17,436.253702
-795.42126,29,436.253781
-990.95105,3,436.386935
-1032.1406,2,436.387067
-1016.0585,4,436.42954
-2457.978,17,436.535192
-1375.3859,18,436.535277
540.1461,62,436.584459
4899.7485,97,436.584499
-1121.3306,9,436.584507
-559.0514,53,436.719799
-1026.1135,2,436.719852
-1168.1663,6,436.80519
-1471.6729,12,436.93257
-1630.7704,13,437.053147
-1512.5273,46,437.115397
-2122.291,17,437.182247
-1014.3012,3,437.182287
3885.2031,90,437.260247
-1406.8352,12,437.314957
-2786.4583,14,437.350214
-1069.3162,3,437.350262
-865.2353,6,437.388609
276.99115,25,437.388673
-2202.9766,14,437.388685
-930.9846,4,437.598567
-816.9695,7,437.598612
71.42236,47,437.831432
-803.1251,8,437.831504
-1316.9913,10,437.869593
264.2359,32,437.955375
-78.59387,53,438.163531
1754.0354,46,438.349043
-775.2303,14,438.380993
2755.2515,76,438.477394
-1866.3496,17,438.477437
286.11188,28,438.554853
-113.31708,35,438.597758
-789.4908,8,438.709004
-26.795715,36,438.850695
-955.87933,4,438.966344
2657.7458,78,439.086875
-570.7174,11,439.151916
-905.6583,8,439.326329
423.8806,62,439.392685
-3454.101,33,439.433501
-615.92786,37,439.605491
-1884.3755,9,439.605573
-939.79407,6,439.605587
-484.1932,24,439.636544
230.84686,22,439.636864
-2893.9385,18,439.673108
-1035.7485,2,439.71566
-763.7515,8,439.715831
3699.9382,81,439.841297
-903.77576,5,439.841477
4191.0,112,439.917478
-602.2545,39,439.979734
-1052.5837,7,439.980025
2273.9343,61,440.054949
-3353.2866,15,440.134521
-1624.2085,5,440.208287
-1074.6787,11,440.497766
209.71014,69,440.5517
-2117.6265,12,440.610965
174.4477,31,440.665136
1990.5881,61,440.665195
-1275.267,19,440.710945
-876.2175,5,440.773253
1498.7416,45,440.773299
-810.1273,5,440.822157
-352.687,20,440.822198
-888.23047,6,440.937995
-1473.7313,15,440.938047
-1240.5145,28,441.541708
-2154.088,18,441.60882
-1967.55,10,441.690371
3292.2314,68,441.794254
-733.5482,8,441.794316
-1524.5391,14,441.838593
-1867.5088,7,441.977799
-199.11273,34,441.977852
3527.2407,79,442.125644
-328.68945,72,442.125795
-833.76855,7,442.125829
-1529.541,15,442.227964
-1183.803,4,442.228088
-899.29846,5,442.348529
115.09656,39,442.348583
309.909,78,442.348598
-1161.6687,9,442.348608
-399.04364,44,442.386602
-1039.8577,2,442.520204
311.45465,44,442.584587
3006.4263,77,442.630846
43.208374,33,442.715112
-1021.3992,4,442.762048
-1639.1218,14,442.762125
-1380.6246,12,442.881073
-121.1994,38,442.971432
-1016.80023,36,442.971506
-1504.5549,16,443.084901
-1037.2937,2,443.084989
3264.9949,91,443.128392
-1175.8065,11,443.128893
-1044.2635,2,443.176642
226.1153,30,443.236983
-204.38348,42,443.277557
-1867.9944,57,443.309551
-1833.082,26,443.356573
-828.1309,7,443.356732
1991.0643,127,443.414936
-1908.9292,14,443.467802
-1526.5148,17,443.46788
-1328.6249,5,443.510377
-899.6841,6,443.510445
-1941.8723,15,443.600036
-872.7328,39,443.600141
-903.766,5,443.716956
-1906.4988,6,443.71702
-1162.3374,14,443.778708
-2454.5469,38,443.806722
-1055.197,8,443.859138
-1683.3645,11,444.008959
-1270.125,9,444.009007
6693.9375,143,444.050228
-1146.0936,12,444.13873
-232.93536,34,444.138783
-132.49805,21,444.558107
-686.57983,10,444.666101
-3143.9094,15,444.702629
288.31195,53,444.748169
-687.6339,34,444.770201
-999.15356,3,444.795295
-1047.6322,3,444.816691
1430.5469,42,444.816784
-325.85968,66,444.816807
1124.8428,33,444.857102
-997.473,3,444.928516
-982.1413,10,444.969937
1414.1517,67,445.043396
-1002.5804,4,445.043451
-1044.2308,2,445.156107
1094.6857,66,445.231953
903.9865,45,445.318485
1526.3907,41,445.52465
-866.7482,6,445.574568
-901.875,36,445.63661
2692.6252,76,445.636658
1682.6948,70,445.755021
-723.3745,13,445.787905
-989.6595,3,445.787945
5442.125,97,445.883987
-682.82605,10,445.958518
-1431.9272,7,445.958644
1625.5735,65,446.077755
-1050.0851,5,446.228672
1354.6267,56,446.282781
3493.3806,73,446.320799
4367.0225,114,446.451695
-2661.5337,20,446.48315
-923.234,5,446.483213
-433.33624,17,446.572829
-990.81104,3,446.607161
-1000.85394,12,446.607253
-1254.6548,8,446.681349
-880.41785,7,446.764663
2418.5208,65,446.764807
-923.5146,4,446.81233
-2431.5771,42,446.812437
1247.9993,37,446.849024
537.6104,38,446.849087
-332.10284,53,446.881598
-1074.0167,3,446.916131
-1089.9098,6,446.916204
-959.2343,4,446.916219
-1078.4264,3,446.95386
-89.816956,66,447.028845
1605.4515,46,447.064207
-1097.6832,8,447.113078
-1801.4728,13,447.260687
-905.3784,12,447.309679
-1134.0272,38,447.375455
-1292.818,12,447.375521
-1481.2839,22,447.375546
-2345.058,14,447.423917
-1061.9398,2,447.464705
-1187.0846,12,447.504025
1323.3838,61,447.504112
-480.0752,16,447.553904
45.03766,42,447.667014
-867.36237,16,447.72839
-1060.1342,4,447.728493
-934.6194,6,447.761185
-1022.3488,9,447.788902
-1398.4476,23,447.838252
-1119.5225,14,447.838375
-1093.3744,14,447.894911
1518.0391,69,447.894996
514.7791,32,447.895014
-939.15234,14,448.009382
2449.5615,105,448.107057
-825.9634,6,448.151077
-1184.2256,8,448.192675
-1145.1439,54,448.192947
5116.325,91,448.271292
-997.02106,3,448.30346
909.6883,42,448.47269
-1149.7365,12,448.514473
-2575.359,14,448.566089
2831.5535,78,448.597205
-719.6489,11,448.667686
-662.3811,17,448.828608
-1177.3099,32,448.985359
-1279.7764,27,448.985449
3834.378,96,449.081184
-4311.744,26,449.081284
570.4146,29,449.081318
201.35944,29,449.313491
2620.1333,69,449.313569
-1309.5624,14,449.343668
-1067.3143,8,449.386848
-1040.8018,3,449.448416
265.99005,27,449.503389
-970.6194,3,449.503495
-145.10657,23,449.579751
-914.83527,23,449.632587
-1629.217,13,449.713903
-981.07275,5,449.804608
-745.2604,10,449.804651
1917.4622,60,449.804661
-439.62445,51,449.804668
-1674.3341,8,449.957009
-12.552673,21,450.00385
-942.3524,6,450.129725
-934.23883,5,450.202342
-1330.7245,16,450.202395
-2388.8008,20,450.356072
-1017.92487,8,450.610249
398.83228,30,450.743388
-3011.9067,7,450.847572
1449.2329,61,451.103656
-1234.801,52,451.103895
1041.0356,63,451.103998
-2038.1543,7,451.177762
-544.4968,24,451.258903
-1534.3918,16,451.259198
-1056.6033,3,451.329066
-1044.2635,2,451.331616
-1947.4944,29,451.386044
397.7047,46,451.608673
-1716.4111,6,451.656279
-1391.7832,32,451.959394
1691.2578,55,451.998827
-1027.4922,14,451.998925
1626.9612,103,451.998947
-836.80023,19,452.064077
3453.126,76,452.108978
5078.3154,89,452.139656
-1149.2987,13,452.184244
-896.4413,5,452.184337
426.6272,44,452.184354
-1341.5303,3,452.221268
-1039.9594,3,452.306164
19.466492,57,452.30625
8311.595,136,452.378092
-1096.1165,6,452.378195
-1285.4646,6,452.378212
-2247.4146,49,452.42253
-1032.668,3,452.488045
-1519.9207,5,452.557229
-2902.7847,36,452.558108
-1578.6057,31,452.558179
-3208.0264,13,452.595589
463.84088,31,452.626995
-835.9885,4,452.627042
-789.2912,7,452.667426
-583.4106,19,452.66756
-29.338074,22,452.75575
-1391.0402,5,452.860099
3187.4934,94,452.999201
-1291.5648,4,453.000409
1026.3171,39,453.070026
-1830.5123,4,453.143447
5167.9946,92,453.143553
-980.3678,3,453.18434
-1296.2739,5,453.369138
-1996.8323,53,453.399251
-917.9881,10,453.399438
-659.26953,18,453.439489
-1023.39185,24,453.568715
7435.7485,135,453.609965
6560.0073,118,453.610124
-1047.7897,5,453.610197
1362.4808,38,453.610265
-886.8233,6,453.682657
-479.09576,17,453.937206
-2770.3784,33,453.98706
-1039.9827,8,454.064122
-1289.7944,4,454.177792
127.05713,35,454.241756
655.10236,38,454.314947
-677.4078,40,454.315149
-996.7077,3,454.47437
1062.0771,43,454.474934
-215.22198,27,454.513789
-1005.6139,2,454.567793
-1069.708,3,454.612605
2746.2217,80,454.6573
358.06842,57,454.760932
-975.88715,7,454.808652
-963.31024,4,454.808697
-2046.0166,15,454.837668
307.43793,27,454.935821
339.63654,29,455.08615
1673.9133,72,455.088553
-739.645,21,455.340808
103.665344,31,455.340845
-628.5802,14,455.340854
2065.844,64,455.34086
-1015.60913,2,455.447103
-972.6309,27,455.447169
-916.1563,27,455.503941
-1063.7965,3,455.504568
-1144.8157,12,455.504616
2471.4185,71,455.621498
-649.6678,13,455.621736
-2573.23,11,455.686934
6877.922,121,455.769492
-1067.8318,3,455.823833
-898.52936,6,455.883593
-767.7858,7,455.883646
-1068.9348,2,455.978187
2381.659,70,456.033094
-1032.8522,5,456.033164
-1085.553,10,456.123346
1564.4954,55,456.362107
-590.35754,10,456.362273
4939.5044,114,456.416555
-766.2184,9,456.423936
-1023.7405,2,456.526768
-901.5641,7,456.526837
-1271.1578,11,456.577981
-482.10095,22,456.765553
-752.46796,14,456.822742
1102.7368,59,456.862935
617.8771,40,456.898417
-1011.3868,9,456.898521
-885.2293,6,456.898547
-1730.5878,23,456.934376
-997.60785,5,456.971488
-1151.098,22,457.177174
-1171.9672,7,457.177275
-950.2125,17,457.223383
-1667.5918,16,457.311785
-1022.26935,2,457.439506
671.2592,41,457.43957
-75.30896,36,457.482791
-1359.701,13,457.522293
1210.8094,48,457.522362
-1089.2246,3,457.603243
-829.6267,8,457.799698
-1223.7246,37,457.799759
-1801.8694,46,457.79977
-1192.5038,9,457.830294
1723.0867,80,457.92334
-2596.0554,15,457.98451
-937.21814,4,458.04486
-2951.762,21,458.044934
-1024.9806,4,458.044955
2757.348,70,458.080506
-1264.0693,5,458.198851
-479.27826,29,458.237671
-5.298584,22,458.274299
-1624.7317,9,458.311381
-1654.9545,8,458.54765
-1044.2432,2,458.550744
5215.993,95,458.609238
-858.9445,18,458.647922
-572.2195,27,458.647969
126.93378,33,458.664869
-918.00836,5,458.712924
-928.3033,4,458.752689
-854.0348,12,458.783687
-1024.3629,2,458.812458
1666.3135,70,458.848772
-880.78796,4,458.848831
-953.5073,7,458.848843
3638.502,78,459.065739
-565.11945,17,459.068255
-956.52966,22,459.202789
-1240.1522,9,459.246846
3031.1626,74,459.246895
-337.32166,25,459.285687
671.51044,38,459.445443
-945.13995,4,459.445516
-1051.1313,7,459.445531
-940.32056,6,459.4893
-1023.6254,2,459.562431
-1069.4857,6,459.562476
212.66241,36,459.601632
-1004.59814,5,459.746467
1862.5878,60,459.825921
-3315.3215,20,459.825984
-997.7372,10,459.900496
-1029.1399,7,459.99774
-377.24603,39,459.997843
-828.2795,5,460.408654
8012.2285,167,460.464117
-1341.8137,8,460.464175
-953.1488,3,460.572754
-995.7599,4,460.710045
-677.8771,9,460.710104
-995.1472,52,460.917674
-1001.38403,7,461.163525
-315.12433,45,461.229623
-451.57312,18,461.320933
-1062.1854,11,461.320972
166.9937,25,461.394961
-1074.8572,3,461.400189
-2850.5608,12,461.698148
3008.6934,84,461.749521
-662.79755,9,461.860085
-799.0989,8,461.860141
1686.0559,47,461.908649
2699.1846,57,461.971093
2954.042,62,462.881107
-883.55273,5,462.956382
1720.3285,79,463.016945
7396.26,99,463.016999
536.69366,41,463.017009
-1584.085,8,463.274895
-1029.403,5,463.372231
-1789.8984,13,463.372288
-1174.3541,10,463.561
-1635.9349,12,463.561141
-946.4884,4,463.68188
-1419.2766,8,464.084012
-1035.1338,10,464.367566
-795.2198,8,464.367643
68.763855,49,464.438461
-1213.7555,19,464.438725
1888.877,78,464.547184
2394.0225,68,464.547279
783.4156,42,464.588283
-134.62604,21,464.588389
899.8818,34,464.784512
-769.82605,10,465.072403
-1794.7806,14,465.117416
724.41125,45,465.194354
-1026.0184,2,465.237271
-989.4713,12,465.475238
56.39441,57,465.529005
-1760.8584,19,465.551099
-1033.6992,55,465.656974
-1057.4716,25,465.65703
7104.217,97,465.764054
-1036.6611,4,465.844718
-3860.103,27,465.893373
-2736.5059,19,466.037096
4666.6562,93,466.066668
759.3875,37,466.10911
5807.9795,98,466.109183
-1025.6553,9,466.323301
-1102.079,26,466.699027
-2238.0122,9,466.908267
6430.328,168,467.228838
-974.6225,4,467.228932
-1876.271,16,467.330383
-1975.2546,18,467.381526
-2944.5618,22,467.381577
-276.85144,26,467.44535
3369.8264,84,467.44542
-1088.6221,19,467.927193
8393.833,127,468.081202
-226.51678,23,468.15448
2188.009,60,468.154749
1737.548,57,468.352014
1154.7031,66,468.702416
-1533.2244,12,469.034728
-998.311,6,469.034776
-1101.2808,3,469.593571
3129.9658,85,469.74056
4419.756,81,469.743247
-1704.9655,7,470.037034
2528.1934,84,470.037081
-2545.105,18,470.142403
-937.36597,5,470.770425
-900.4768,25,471.01314
-388.539,24,471.416882
-832.3793,8,471.476114
251.23505,55,471.476185
-936.3495,5,472.734731
-2940.1992,12,472.850133
-1068.4944,7,472.850187
-2649.5051,15,472.850201
-1276.7211,7,473.006828
-1029.3492,2,473.316062
-1073.0293,11,473.398257
6760.7056,134,473.535332
-319.06067,34,473.53541
5204.085,107,473.760544
-1185.149,39,473.833872
-1129.0396,7,473.833921
1808.5369,49,473.833931
-987.7348,2,474.00829
-1028.8059,2,474.008334
-1848.378,8,474.197469
-1018.2303,3,474.295322
-153.02783,33,474.444232
73.78534,38,474.444285
-998.3922,3,474.706323
1485.9438,42,474.992736
-92.79175,36,475.380783
-722.0011,25,475.38083
1158.7163,85,475.500591
5550.2935,94,475.500689
-808.62915,49,475.568808
-24.495972,23,475.568919
2604.3313,86,475.63593
-529.9374,13,475.636048
2034.2175,86,475.775042
-977.1327,13,475.933559
-1544.9575,6,475.933612
497.7884,32,476.007685
-1134.5242,5,476.007761
-1047.8882,9,476.249135
1047.3938,60,476.2492
-993.49316,6,476.249215
1331.6334,68,476.249222
-704.24023,10,476.279148
-593.7638,26,476.332365
-1428.6165,32,476.332486
-977.8574,3,476.488978
919.63715,34,476.646215
-1093.5309,7,476.646321
-820.22107,9,476.874617
-1652.7292,14,477.101475
-845.2417,7,477.345477
-608.427,18,477.345573
86.23871,29,477.794844
-1875.7074,17,477.87
-830.71246,13,478.133308
-1686.3949,51,478.167539
-1197.5475,18,478.168102
2484.2703,71,478.168128
-918.69666,7,478.199503
2001.7108,50,478.364443
3660.0684,73,478.423723
-2351.929,19,478.591065
-1007.7287,4,478.591151
-1594.8022,33,478.591167
3591.9712,70,478.707078
858.91266,43,478.70716
-1048.5647,3,478.76529
604.4998,57,478.795244
-1167.5194,36,479.001954
1182.292,45,479.004569
243.75604,28,479.118263
1162.6191,56,479.118312
-855.52905,6,479.118321
-887.9413,11,479.556943
-1211.8849,5,479.55699
-455.40973,37,479.557
-192.17487,28,479.557008
393.9884,23,479.745663
-973.82477,9,479.889139
1102.5198,53,479.889581
-936.2937,6,480.049016
-1335.731,30,553.082458
-928.1007,4,553.205943
-727.5271,31,553.262176
94.134094,43,553.314147
-684.83093,8,553.348902
5038.2646,107,553.455939
-726.38525,27,553.456027
-202.04462,49,553.558818
3524.7441,86,553.6197
-60.97528,34,553.619795
-1015.6035,5,553.746219
768.9096,37,553.806784
-1018.94073,17,553.921996
-721.4807,29,553.922079
-1626.3784,7,554.107543
78.24994,40,554.107622
-839.4676,17,554.155404
1837.1765,51,554.179637
-2502.9775,47,554.207345
578.6756,66,554.235422
829.55133,90,554.235767
-1384.187,10,554.268108
-952.317,5,554.422997
-1808.5952,10,554.587426
1226.2244,65,554.603597
-1446.791,20,554.638072
-642.6842,16,554.712697
-1543.0703,4,554.712868
-2270.4648,27,554.712955
-1316.3794,17,554.713027
872.47925,37,554.76129
-1475.1561,6,554.79808
-1549.4333,5,554.798281
2227.7573,61,554.837564
-984.88513,3,554.875329
-881.18713,20,554.875541
21.649231,58,554.87563
-977.9451,7,554.943258
-970.0228,4,555.004859
-1977.4473,21,555.004972
1159.2537,82,555.129758
-1048.009,5,555.191153
-957.6436,11,555.242209
-3634.6768,14,555.293321
5314.6816,97,555.319793
-461.59174,20,555.349456
-1024.9175,8,555.349566
-969.13916,34,555.372226
-1555.8788,4,555.404215
-705.8362,9,555.435406
-956.40204,14,555.435471
803.4222,53,555.435484
1933.4331,76,555.435489
406.63153,52,555.46428
-1326.4307,41,555.464363
1167.4072,51,555.518912
-897.1653,6,555.518998
-944.933,4,555.552446
3021.6228,83,555.578866
-885.5784,5,555.675382
-1463.4373,8,555.71021
-878.2995,28,555.725259
476.90247,32,555.725316
1070.9204,36,555.739706
-893.2671,12,555.739774
-1135.2627,17,555.81523
7830.8154,153,555.81531
-1071.3212,21,555.834058
-2107.0059,14,555.926654
-883.7311,8,555.954313
-206.43182,26,555.979872
-968.4084,29,555.989812
428.47662,32,556.030217
-1043.8599,5,556.063091
-1784.4783,31,556.091738
-967.4398,5,556.114406
-783.0493,23,556.177559
2019.699,54,556.177637
-2074.9897,9,556.201674
-1328.6321,42,556.20176
-1390.8486,12,556.201779
1116.8337,87,556.25968
-676.34344,8,556.259809
7507.299,162,556.259832
-294.06274,33,556.287614
-1033.556,3,556.348053
-1018.5287,2,556.348103
-751.0885,6,556.348114
-1082.7502,3,556.348122
-813.65186,6,556.3789
-815.566,13,556.555201
-928.50903,6,556.613597
-99.24298,37,556.815486
263.1007,48,556.856477
-624.54517,11,556.911807
-1360.7517,16,556.935601
38.78369,41,557.084548
59.56317,23,557.112264
-2072.1226,7,557.122027
2390.4824,80,557.158276
-3605.65,17,557.170541
-1012.34814,5,557.170609
-1926.9724,21,557.201498
-958.68414,5,557.21438
2750.368,91,557.237468
-828.0421,6,557.271521
-522.2351,18,557.309916
-420.36334,59,557.309989
883.0085,38,557.344775
1146.3892,72,557.344867
-4014.3118,43,557.39068
3354.1377,74,557.425334
-1309.3091,8,557.450968
941.8692,64,557.475422
-668.153,38,557.499331
-1687.863,8,557.516475
1192.3943,49,557.516566
-537.8662,18,557.566635
-2073.7698,13,557.598196
-989.5151,4,557.617961
-919.09216,14,557.669546
-973.33734,6,557.669646
-713.98254,14,557.689073
-1267.2588,8,557.777676
-1999.6101,8,557.817238
2162.4126,55,557.817317
1324.3538,75,557.861159
2822.9954,79,557.861231
-1017.16754,5,557.861262
-1026.0604,6,557.861269
-2725.5,18,557.931047
-1177.2803,37,557.963392
-1038.4753,3,557.963501
-1568.8108,36,557.991341
-2500.9976,19,557.991412
-1656.2722,7,558.085775
-1044.7208,4,558.114992
-975.746,10,558.170624
-640.96173,11,558.170698
-2104.1853,23,558.295926
-1075.027,14,558.355311
-758.6218,7,558.355397
-787.23364,12,558.405617
-1234.9655,19,558.405688
-2155.0923,17,558.432012
-1311.8672,37,558.534631
2340.8828,75,558.534965
-1054.9249,7,558.585203
-2513.165,19,558.676015
1824.9626,55,558.696309
-1062.9004,5,558.732492
1114.7036,56,558.767734
160.11871,29,558.793346
961.98456,74,558.793425
-1555.5181,8,558.905814
1561.0874,44,558.93453
-1612.48,16,558.985134
-841.12854,10,559.009196
-769.4018,9,559.043159
461.68146,35,559.077316
1323.4114,62,559.077415
-1723.0852,26,559.155283
-437.30048,15,559.215856
-933.4413,4,559.327192
2329.6138,66,559.351794
-1228.3638,22,559.351868
-1637.4241,54,559.351885
-2393.6174,11,559.380061
1404.7158,54,559.3801
1623.5078,71,559.410301
-1765.6584,14,559.410384
-593.50745,9,559.410402
-995.5781,2,559.434809
-1034.9637,2,559.45854
4561.199,109,559.47178
-1490.0096,23,559.508759
-1240.1346,11,559.846094
-1901.531,9,559.846351
-778.9783,11,559.846375
-44.220276,26,559.871375
381.58832,31,559.871454
-1029.4491,2,559.902423
-1796.1934,25,559.937005
-1517.4592,43,559.961227
560.14746,53,559.983248
377.69366,52,560.01355
-973.27246,49,560.013739
-1209.2637,11,560.013761
-2319.416,12,560.082669
1953.4827,56,560.110863
-1059.2953,8,560.159155
-985.125,5,560.159254
-1165.0623,13,560.21878
-1594.1438,13,560.25399
-992.73224,5,560.254092
44.681763,35,560.283628
-1439.9492,26,560.332315
-1126.6302,7,560.351562
-2076.5735,15,560.38837
-2997.7554,14,560.42175
-445.46924,34,560.459965
-1287.7399,9,560.486734
-202.75714,34,560.497843
779.4648,45,560.498183
-1935.6233,16,560.577623
-1015.52954,15,560.577698
-2103.0835,12,560.637754
-769.8257,17,560.658536
-1080.0887,4,560.679504
4798.634,145,560.693809
2876.0981,56,560.735726
15581.068,230,560.735798
-1034.4366,4,560.735812
-1020.44867,8,560.754136
3025.3616,58,560.76511
-180.75665,40,560.788252
-805.1793,17,560.788309
-2365.5254,8,560.788323
-1985.6782,6,560.806835
-1837.7162,26,560.806905
-1244.7097,51,560.825319
784.2301,51,560.835
1505.5425,40,560.835071
-958.0411,7,560.921025
1733.2441,58,560.95242
-1023.23505,5,560.952492
-523.9341,39,560.976935
-604.6828,36,561.000863
1101.7893,48,561.028143
-1716.3087,20,561.146471
2895.6917,63,561.167069
-1053.9443,7,561.191812
-2401.039,18,561.191894
-3679.9639,22,561.268515
1910.5562,62,561.294327
-138.48364,23,561.318475
-1397.1818,14,561.318566
-825.0068,8,561.345168
-707.1757,7,561.345243
-1577.696,26,561.442768
-1176.62,23,561.495705
-1206.3384,8,561.495835
-2164.5894,9,561.552342
-1814.8098,10,561.577862
219.49573,39,561.674327
-629.1536,13,561.685155
-895.00726,8,561.696348
-910.1422,6,561.696412
2292.6887,95,561.696429
2153.6729,84,561.712119
-489.91122,34,561.735563
3990.515,74,561.746485
-1253.7661,22,561.759187
-839.957,10,561.759264
-1088.4961,5,561.769515
-2846.0784,16,561.769582
-777.43555,9,561.781061
-1227.4331,27,561.781138
2135.7595,52,561.794369
-885.5423,6,561.81263
-1496.5343,7,561.836565
-1326.7998,7,561.849976
3848.181,87,561.850077
448.3045,46,561.871797
-810.97784,17,561.89825
51.114197,73,561.9085
-1021.8254,10,561.908571
-1065.4893,4,561.951046
-4769.757,14,561.951094
-1174.1711,15,561.951106
-995.4502,5,561.951112
-985.9891,3,561.995879
7825.526,177,562.02692
-1680.5762,29,562.060999
3849.347,67,562.080245
-1452.492,23,562.092934
-1040.6478,2,562.093013
-922.18427,21,562.114673
-1023.44885,2,562.150581
836.2963,64,562.179137
-3269.0493,18,562.211154
1017.63617,55,562.211263
-896.2311,6,562.337259
-1835.355,20,562.337306
-579.0593,34,562.394353
-1058.6019,4,562.449375
-2111.4626,13,562.487229
4724.885,88,562.552182
-562.32367,64,562.587275
2761.239,94,562.58742
238.25977,39,562.618607
2034.1277,47,562.642677
-942.83966,5,562.642761
-1702.1392,9,562.642778
-1109.2528,50,562.751401
759.22656,28,562.834161
-1050.0454,7,562.834244
-959.9208,4,562.8938
-555.25024,11,562.893864
2861.4785,73,562.91676
407.55078,31,562.927316
2095.3096,68,562.956643
-336.65857,37,562.969174
126.07123,45,563.040278
563.72815,62,563.05076
1925.5105,53,563.060884
-639.6887,15,563.109891
-2152.6533,21,563.109933
-893.79504,4,563.109945
-1014.83636,2,563.129969
10.61554,34,563.15429
-726.75037,9,563.178058
-46.39612,59,563.178119
821.3151,37,563.218569
2310.6658,68,563.218657
520.42255,41,563.259623
2304.8713,81,563.282737
17.305664,30,563.415589
1415.5338,79,563.437208
867.15576,62,563.524405
-1533.1355,14,563.524477
-2128.2166,14,563.524494
-967.9238,4,563.524502
1018.0778,41,563.548738
1498.1237,72,563.577449
881.222,51,563.624369
-862.3478,41,563.62443
-949.81744,4,563.624445
3715.7068,62,563.624455
-957.1626,5,563.653832
-956.59344,5,563.683834
-1757.4628,48,563.77133
-688.9444,20,563.818702
1189.7944,34,563.838489
-713.33,10,563.902094
-1607.26,14,563.902192
824.37506,35,563.902216
1188.5635,36,564.017793
-788.5822,7,564.062331
-571.9851,49,564.062489
-3559.3923,13,564.062509
-1302.9395,20,564.105573
2831.1602,82,564.162509
5286.064,134,564.18665
-1631.3816,11,564.197949
-1595.717,6,564.259546
1670.7473,72,564.259639
-951.0816,34,564.281126
-496.89264,29,564.303961
-841.3622,36,564.31583
324.5351,36,564.325676
-419.4162,30,564.346838
2799.4597,64,564.359177
-912.3102,8,564.359272
-190.45831,32,564.372061
-1015.1111,5,564.420616
-738.93896,9,564.480733
-859.4568,52,564.524279
-470.5354,15,564.549287
-280.41614,32,564.670284
2211.2703,78,564.670661
-1038.2461,2,564.724354
-975.69525,6,564.724429
-1026.4097,2,564.724446
-263.83484,19,564.724452
-1796.1863,10,564.745113
-573.6032,24,564.745174
-1016.2612,2,564.764749
-1031.303,3,564.789768
5920.274,120,564.789865
3789.1821,70,564.819006
584.5694,92,564.875531
-1692.0596,6,564.875629
652.684,49,564.898625
-952.51636,4,564.93003
-1023.5023,2,564.962496
394.27985,55,565.071189
4462.9824,88,565.092733
-706.31476,16,565.148402
-1117.6718,6,565.246245
200.28937,42,565.246301
1981.9534,51,565.246317
1404.7351,45,565.246323
781.61285,50,565.286871
-612.2943,24,565.321019
-762.6332,14,565.321153
997.7446,40,565.331902
-2139.6785,26,565.331965
4022.4106,90,565.343835
1857.022,84,565.36085
-1550.8376,11,565.360917
-1015.68536,5,565.378874
-928.8148,6,565.378938
939.95654,78,565.394898
-1511.7083,11,565.404492
-1035.0128,2,565.40456
-1035.9408,3,565.4153
-1168.9948,8,565.415366
469.50958,31,565.449175
-907.76855,80,565.497027
-1095.1742,6,565.497366
-753.3591,9,565.568573
-1123.7039,10,565.607483
-1240.1633,20,565.622793
-691.55695,9,565.65622
-1386.731,43,565.695421
1100.8125,51,565.780052
-542.6692,23,565.780141
-1864.7026,19,565.814368
-1074.0654,3,565.904621
-1353.222,8,565.951939
-4.2303467,26,565.952032
-3725.4727,17,565.988231
2542.684,57,566.043067
-1720.0767,15,566.106059
3209.798,64,566.195953
-455.42352,52,566.312397
1426.24,60,566.347663
-1018.4234,4,566.347797
-2202.6946,11,566.398004
-1193.0571,14,566.400993
1587.4939,43,566.489901
-142.63287,28,566.48997
-945.407,4,566.514894
-994.8537,6,566.514972
-393.99316,33,566.567544
-1062.6482,3,566.59587
10015.836,143,566.647917
-1705.5159,12,566.667237
471.61597,61,566.667272
2038.8025,66,566.809655
2533.1501,80,566.809729
-1540.4891,13,566.831822
-1206.345,30,566.870689
-1202.5222,21,566.905441
-958.27905,8,566.905514
-706.1858,13,566.929039
-794.489,12,566.929173
-867.0719,11,566.984842
100.87079,52,567.022875
-812.6572,9,567.118539
6236.712,103,567.16383
-959.9164,4,567.201122
-2078.0017,11,567.201202
5163.625,117,567.253356
-854.3439,48,567.290416
26.859741,54,567.346933
-822.64764,7,567.451129
-240.08313,52,567.451227
-848.07074,10,567.495602
70.85156,31,567.550854
-1116.2633,7,567.554087
2671.6692,71,567.593573
1404.6567,55,567.703159
230.55066,23,567.703305
-766.70166,23,567.723867
2330.2764,96,567.758023
-2683.7231,15,567.814477
-1254.811,10,567.835239
-2371.5938,23,567.862536
-1177.1277,26,567.871292
-773.14044,34,567.871338
-664.23755,17,567.946
1201.1577,47,567.991536
-889.3536,5,568.02449
-244.83069,62,568.116839
-1929.9143,21,568.116898
-1030.3544,2,568.206117
167.22186,34,568.24091
706.6548,41,568.278907
2311.7634,57,568.318731
1051.4314,43,568.318794
-1649.6953,56,568.468792
1807.1072,55,568.468867
-720.23553,9,568.509398
3431.0674,83,568.538766
1019.70746,81,568.568799
-112.92615,69,568.607006
6567.4385,100,568.64258
-1020.23944,2,568.671794
-1239.7074,37,569.091746
520.4328,43,569.256258
-1327.7692,23,569.285403
-1230.0009,14,569.496795
279.63922,33,569.563114
-1529.5496,22,569.607941
1161.4008,37,569.697499
-1020.7568,2,569.697902
180.23236,45,569.723597
-3162.3867,30,569.723762
-981.8256,6,569.774932
853.82025,65,569.932899
4188.2964,102,569.961629
-132.37543,36,570.024503
622.6663,52,570.062546
-1547.0117,12,570.107327
-1674.7825,6,570.136856
-699.5753,46,570.198877
474.57117,29,570.230252
-616.2932,52,570.230415
-1484.3975,32,570.302116
4919.544,95,570.328388
-814.89136,8,570.328605
-1246.713,19,570.328742
-1016.83765,2,570.400276
8340.777,142,570.400439
-936.8085,6,570.400528
5506.3237,99,570.427647
-637.1141,53,570.491642
-1171.5527,3,570.491814
-1029.1987,9,570.536104
2131.5676,106,570.605354
2491.3647,74,570.605503
-266.05566,29,570.630877
-492.6349,19,570.678114
-1343.1152,21,570.678207
-896.85284,4,570.757726
-1594.0476,12,570.782837
-2756.829,17,570.863297
-1780.2158,15,570.863513
-254.45795,67,570.95642
-815.8844,17,570.956581
-363.49274,20,570.956695
-716.2396,10,571.047136
5323.3926,115,571.074594
-1114.3304,13,571.1751
-862.1255,9,571.238648
-1756.6382,6,571.266113
-1923.7644,11,571.289716
3864.3457,112,571.326133
-291.97467,29,571.378649
269.6618,60,571.378805
-769.3608,42,571.403684
-154.76105,31,571.40376
-903.81366,10,571.426518
-1051.8662,3,571.447187
1206.7986,90,571.491433
-918.0511,4,571.513035
-743.54443,10,571.513161
2764.3713,62,571.542415
-1646.7668,29,571.633665
-954.5814,10,571.685192
-820.45386,8,571.716396
-1565.2267,8,571.755727
1965.1487,52,571.790472
3168.5627,69,571.828208
213.46503,43,571.863675
1461.5167,48,571.971275
-1578.3955,24,572.127863
593.3935,30,572.127944
-1814.4338,11,572.127959
256.71466,42,572.208429
1011.5109,39,572.208516
-1661.4609,5,572.306762
1182.724,62,572.357821
-507.8398,21,572.476887
3136.5872,64,572.486241
-820.29565,57,572.53274
-1056.1335,7,572.532786
707.1333,37,572.640614
-355.80554,40,572.688867
793.3443,51,572.688954
-957.5406,20,572.737007
-1367.9967,10,572.737079
-1606.4099,19,572.779586
-33.835144,48,572.779662
4125.349,74,572.779682
-2694.8098,11,572.80952
-1163.7876,6,572.825316
-1075.5632,3,572.861493
4622.8765,94,572.861588
-981.4058,5,572.919393
-958.95105,8,573.020965
-1776.2361,35,573.12515
-1958.071,13,573.125245
3790.121,100,573.197498
2545.6028,63,573.224248
-2031.4338,48,573.299745
-1050.1763,4,573.360379
-1037.9377,3,573.464591
-1074.6537,21,573.559371
-1081.1868,11,573.559473
837.4184,41,573.682074
170.76923,55,573.767075
-669.9122,8,573.805287
2770.8394,61,573.8405
-1162.0908,12,573.840568
690.49774,84,573.840585
-768.25494,33,573.883823
-1078.9391,5,573.910808
-1221.897,6,573.994289
1093.5732,46,574.031625
-881.5511,9,574.088665
3273.2666,81,574.21463
-1227.4774,6,574.214701
-1066.4155,11,574.262896
-883.3543,48,574.262973
1426.0898,53,574.386102
1730.5693,60,574.434893
3977.2932,84,574.47349
-931.16956,6,574.50883
3528.2556,84,574.55117
6827.2764,93,574.610799
-948.2227,4,574.650979
-1028.4622,2,574.710962
-394.78467,58,574.746521
-1474.7732,11,574.831314
-1385.2903,26,574.831392
1477.178,48,574.882824
-895.31714,5,574.882884
2928.537,62,574.908106
-522.9258,22,574.964744
-1696.188,20,575.022104
2751.7432,63,575.082541
716.37384,40,575.146131
2471.936,97,575.192428
-1388.034,8,575.192502
-632.81055,13,575.273803
2920.3035,66,575.273874
-2874.1807,36,575.32454
997.55707,54,575.324846
-338.06738,35,575.419113
-1606.9966,4,575.419284
-1528.5984,5,575.459351
1611.7725,55,575.629979
-1032.7839,5,575.630239
-1000.1848,12,575.710416
-788.16846,22,575.743351
2307.6199,80,575.743563
-943.7657,5,575.800632
-1699.4655,18,575.84426
-1990.0515,20,575.933912
-2113.3945,5,575.934155
2341.9207,55,575.934362
-760.7795,18,575.96946
-948.74414,5,575.96963
-1175.2892,47,576.019218
-1113.3525,25,576.057979
1358.4441,37,576.095365
231.18488,46,576.143247
-1022.0009,2,576.209254
-48.249023,59,576.24473
3701.361,100,576.30652
-2163.4985,12,576.386024
2838.1084,81,576.474164
-1206.3153,6,576.534527
-1152.2288,16,576.595066
-892.62854,8,576.595248
-51.267517,47,576.59533
-891.9104,13,576.66209
-1016.3429,3,576.662347
-1024.3838,2,576.662482
-756.2565,23,576.90701
-849.0706,7,576.907214
-752.0403,9,576.972528
-1048.3588,2,576.972731
461.08704,34,577.14191
-1619.8439,6,577.172163
421.7719,37,577.262825
3722.9597,71,577.262867
-191.03003,48,577.262876
-1042.9312,5,577.290675
-891.6713,36,577.334482
-1309.7291,4,577.365185
2706.756,64,577.413675
-950.4649,6,577.500907
-899.65717,8,577.500978
-3327.4014,29,577.5636
1547.895,45,577.598353
5002.57,90,577.619721
-1362.8524,40,577.681216
1115.096,36,577.736731
-953.90704,5,577.736887
-1526.4508,15,577.770381
3208.4329,83,577.770571
-1035.9729,14,577.804677
2350.687,71,577.889494
-1788.8127,9,577.889679
-1078.5732,8,577.920979
-1706.262,27,577.921223
1487.1272,41,577.921351
4355.478,92,577.953532
-980.7101,5,577.953575
-695.8377,58,578.014216
1330.8108,49,578.014385
-1036.4082,2,578.080375
-826.9517,29,578.080418
-1185.1372,12,578.117963
-1004.76935,6,578.118132
-830.0658,6,578.118227
-827.4587,13,578.162919
-1110.9263,7,578.163002
-4243.6924,12,578.163015
-907.78564,4,578.23897
3833.255,76,578.297512
-1003.4523,4,578.393242
-767.96783,13,578.425191
-872.14624,9,578.425422
-114.54254,40,578.480599
-840.3568,18,578.49144
-1674.8926,12,578.520332
-1596.3662,5,578.520537
-641.2564,62,578.560461
2507.3545,82,578.583309
-437.34192,17,578.598109
-885.9892,8,578.609812
-2433.0886,30,578.623761
-652.683,25,578.725542
-1464.655,26,578.72563
-1325.2183,10,578.736603
2219.113,94,578.821383
-1025.8794,6,578.856336
-1232.9099,25,578.856414
-1359.2236,42,578.957144
-1683.8372,11,579.028681
-1902.186,26,579.087345
-1045.3457,40,579.119387
-1266.5703,5,579.119481
-1720.0923,9,579.167431
1789.6534,62,579.167627
-1728.6648,22,579.167716
-1088.0774,8,579.376359
-1999.0159,17,579.411011
2656.34,89,579.448328
910.7281,57,579.553207
3932.5676,95,579.553353
3728.71,79,579.672869
-578.052,44,579.821122
-1021.6277,2,579.866819
-142.0578,50,579.8974
417.80518,30,579.959849
-1158.5422,29,580.013465
1173.8057,62,580.043863
-391.77527,17,580.091753
-835.5575,6,580.22581
-3778.6133,65,580.38888
-649.56775,38,580.42071
-3988.0308,16,580.449872
-1480.9429,40,580.482028
1657.6626,56,580.590324
2498.578,68,580.642792
-811.46466,7,580.708051
-494.14987,13,580.758394
154.89606,20,580.868359
-1748.115,4,580.868476
2680.5806,89,580.901911
-1411.7104,15,581.080936
-1742.3875,37,581.116115
-1248.0548,16,581.189717
-1029.0192,4,581.311893
6321.0635,118,581.383895
-902.275,30,581.440546
369.16907,50,581.63578
1972.8682,56,581.754496
-1750.6738,57,581.754585
-913.0237,4,581.849759
2392.2585,61,581.900429
4892.6743,99,581.943186
4090.291,79,581.943252
-873.8031,14,582.060707
-840.3417,11,582.293905
-2062.671,16,582.336779
857.63434,36,582.336859
-1963.8654,32,582.336878
-778.0504,14,582.379485
-3368.2256,33,582.503987
7381.4365,124,582.532432
-2421.18,48,582.532536
-927.0681,7,582.553652
-1753.7391,8,582.959524
3374.4895,94,583.026529
3572.486,93,583.058517
494.22662,46,583.090142
-1141.5355,14,583.12388
-2948.017,9,583.153212
-1111.9749,3,583.153307
-616.82874,28,583.19579
3395.2808,68,583.19647
-1521.8401,38,583.220842
159.53333,27,583.268439
1729.6249,52,583.302547
-1026.1445,2,583.302617
-716.2787,13,583.302631
-1759.8403,20,583.302638
-1132.045,4,583.320183
-1284.9609,5,583.431473
-1055.8052,7,583.506305
-788.6552,10,583.57148
886.95233,67,583.571597
-1170.7466,9,583.810953
-1543.4631,7,583.95935
3154.3086,74,584.023464
-1443.7407,20,584.145823
-1643.6523,20,584.145892
-1360.3679,35,584.252417
-892.70593,58,584.252477
-1162.4209,70,584.377985
-2486.2542,18,584.418009
-1942.9104,7,584.418061
-674.5579,34,584.512935
-961.8705,5,584.585971
445.89142,24,584.595742
2037.8604,73,584.73435
253.15485,35,584.734434
-1272.4033,21,584.870034
-1631.6453,6,584.911847
-192.19965,56,584.971068
-1065.6807,8,585.052714
-1028.7909,2,585.052787
-1035.7325,4,585.052798
-1159.458,4,585.114755
-1079.6582,13,585.293642
2055.2825,51,585.315566
-1586.0005,10,585.44707
578.21344,50,585.484147
-1117.868,19,585.484256
-1234.4696,22,585.544706
9048.775,200,585.576989
-288.87445,28,585.604224
1950.4487,61,585.660587
-1785.1732,21,585.727459
-981.35,5,585.727533
-1370.6609,15,585.757904
-1820.7754,73,585.824595
-1043.5178,3,585.852489
1125.0149,44,585.930061
-1030.1956,11,585.956675
1542.9343,77,585.996003
4036.406,102,585.996178
-770.38477,7,586.019868
2346.0781,85,586.03803
-891.4937,4,586.074938
1749.3237,47,586.113192
-1494.1017,11,586.161186
-1008.92004,4,586.161263
-2456.7598,38,586.208785
1713.2354,58,586.246013
-1029.5891,2,586.279786
652.19073,64,586.311233
9410.121,157,586.35041
-840.9807,8,586.423767
-1012.07166,14,586.460279
-979.6929,24,586.460629
-1484.4532,20,586.657478
-1411.2561,10,586.725774
-124.75708,41,586.771222
-1034.7087,2,586.806818
1568.2427,81,586.913839
-1581.8413,13,587.008528
289.73334,29,587.04372
960.509,36,587.043767
-2937.249,25,587.070376
1466.4258,66,587.106726
-990.20026,3,587.106786
5283.5776,112,587.122906
1764.5732,47,587.143027
-369.02905,28,587.182797
2559.0195,55,587.182883
-1847.5166,17,587.214958
-890.54224,4,587.215044
293.18353,60,587.242952
462.18732,29,587.287782
-350.67676,29,587.322734
2822.979,69,587.359263
1191.311,40,587.395678
-1024.3596,2,587.467585
-1040.5139,5,587.500187
-988.6462,9,587.520897
-999.8799,3,587.552075
690.972,52,587.583383
-1089.4432,3,587.641451
-1526.5842,21,587.663112
942.08203,48,587.72125
270.84418,55,587.754403
940.3657,43,587.754503
-2008.3047,14,587.802393
-889.6838,6,587.947646
-1030.5398,2,588.012425
-1051.1014,10,588.052421
-2097.0337,20,588.1752
1242.7144,49,588.213877
4766.3677,91,588.213966
233.85553,41,588.263222
-1045.0813,3,588.29004
-1018.8036,22,588.310212
-911.3785,5,588.387691
751.01855,38,588.420409
-963.70966,6,588.597626
3911.4062,102,588.597672
1401.5535,52,588.597682
-1400.2046,14,588.704889
2885.1123,62,588.737329
-1039.1991,27,588.831641
-804.26904,8,588.866308
1369.2355,56,588.866395
1146.1027,47,588.893302
1961.0696,64,589.076211
-357.29083,38,589.174052
2444.8298,64,589.174131
-693.2141,24,589.174151
2170.9363,69,589.209198
-799.03253,14,589.20932
-1277.1361,23,589.425914
-875.48254,8,589.426017
-625.97546,55,589.45461
519.39484,62,589.509192
3492.146,67,589.537554
-1017.5111,21,589.537659
-1441.5103,14,589.565277
-1533.5183,6,589.597671
-1008.1696,6,589.621343
-1027.3483,3,589.621408
3269.5442,81,589.662469
-1286.8218,4,589.662667
-727.23535,19,589.717328
2559.2864,84,589.717412
-753.95685,53,589.808747
-1191.5784,7,589.84325
2178.0955,57,589.900892
-1042.9556,24,589.901041
-851.18994,9,589.93228
-342.23657,29,589.93235
3282.586,92,589.932368
-463.38513,28,589.997646
-702.12823,16,589.997745
-1023.76953,2,589.997771
10649.021,179,590.028772
2426.987,75,590.02886
-998.5434,7,590.028877
-1000.81384,4,590.061402
-977.12256,3,590.086565
-975.6355,3,590.112789
-1942.0559,9,590.112846
414.54767,51,590.176689
-809.6019,20,590.176762
-923.92786,7,590.238632
588.8021,46,590.27271
-955.03986,15,590.410112
-826.17,9,590.410186
2100.7717,58,590.410203
2474.8408,69,590.437757
1314.6301,52,590.459973
450.05,34,590.460054
-964.8721,19,590.576649
-436.04755,18,590.576739
-945.94116,4,590.689481
-1183.3779,20,590.689566
-2386.3943,10,590.719006
-3080.2043,28,590.744344
-1379.6975,24,590.754854
99.076904,39,590.874116
-482.0141,11,591.024365
-1680.3374,20,591.024513
-1557.6714,12,591.113509
-610.0344,19,591.113597
-962.5016,4,591.144745
-40.598816,34,591.171247
545.38495,54,591.313511
-966.9882,15,591.553865
2927.7998,67,591.65446
1504.449,51,591.728295
889.9921,50,591.787434
-457.15222,37,591.816573
-1513.1279,8,591.86568
-275.93225,31,591.865745
620.5364,57,591.865761
25.939453,25,591.936614
-1042.171,3,591.974446
-420.37,25,591.9745
2177.8206,69,592.01965
1209.3003,53,592.019711
-1492.6792,9,592.104354
-1878.0605,31,592.173057
2460.5183,87,592.25415
-869.20264,8,592.254238
4782.376,115,592.336896
-887.30927,69,592.336988
2060.123,63,592.356177
-1375.416,22,592.384233
-922.1209,8,592.500565
2804.2805,65,592.705043
-2873.2368,12,592.760422
1443.5829,64,592.76058
2227.2268,77,592.809405
3862.9812,77,592.809511
-646.2272,19,592.918504
-1052.568,4,592.918582
-1620.877,5,592.918601
-218.40509,39,592.957794
-1403.7491,6,592.980848
15.130981,50,592.980917
-628.3141,17,593.002813
-829.43646,7,593.027859
-956.62427,4,593.027924
4923.3926,110,593.077649
-145.81787,41,593.108153
-1033.6655,2,593.194129
-797.1953,9,593.194186
-783.9337,6,593.222775
607.8403,38,593.256577
2915.5288,70,593.29328
-1104.0778,44,593.293443
-567.3569,28,593.293557
-4701.49,34,593.293646
1434.3257,43,593.330009
-1591.1304,45,593.330077
994.4687,43,593.395728
-896.1219,25,593.395902
-1316.5751,4,593.395927
-1269.2745,30,593.422905
-1011.6927,3,593.422975
-1070.5402,5,593.451137
4009.6494,109,593.451221
-911.50024,15,593.484274
-1170.612,8,593.484343
-1202.2013,7,593.539364
-918.701,12,593.596673
-2090.0928,19,593.624862
-989.3216,9,593.652073
-1061.5122,8,593.652149
221.49225,24,593.699746
-1087.0726,16,593.771008
-487.05603,18,593.818161
-1091.2245,12,593.898354
-1526.4032,21,593.926084
-934.18384,11,593.926177
-4510.238,20,593.942564
-2903.1763,20,593.957584
-649.0499,11,593.95768
-1040.0878,3,594.03887
-762.3396,7,594.085959
-2155.262,11,594.109244
689.62897,35,594.145529
-189.38013,31,594.145598
-1124.4095,10,594.163182
-1102.1646,4,594.217321
-1007.6345,8,594.217372
160.55627,39,594.2174
-875.7352,6,594.228847
-2414.9895,32,594.228914
-297.3109,39,594.248686
-1020.2386,2,594.261127
-810.6904,7,594.303049
2637.5183,58,594.303109
921.21045,35,594.333345
-948.97253,9,594.355473
162.45026,31,594.355538
-867.14636,11,594.355555
-910.3554,49,594.384946
-993.6666,29,594.430904
83.78668,39,594.469445
-994.8845,9,594.469513
3333.751,73,594.5533
3142.0288,106,594.553389
-1254.304,5,594.55341
-1095.2366,5,594.604369
-15.559753,30,594.710068
1291.4819,78,594.738802
1866.4778,67,594.738869
-465.0694,25,594.786178
448.70953,52,594.786271
4748.3604,110,594.819516
-1821.5222,10,594.845425
358.8322,27,594.845509
-1022.2871,3,594.845524
1216.8083,40,594.87057
1794.6068,65,594.870663
-1135.6472,4,594.897283
-681.25433,26,594.95422
-796.0367,8,595.030046
-1301.469,17,595.030154
-1520.3873,12,595.068959
-4293.329,43,595.098318
-255.66083,29,595.131441
177.18988,42,595.131549
-1581.6348,19,595.159602
-922.09283,6,595.212116
-1464.4099,5,595.260377
-1001.9267,26,595.274216
-1891.3586,16,595.274291
-1206.1162,18,595.29474
-1031.0024,5,595.315579
-656.94794,9,595.315638
-1056.7412,4,595.315653
-1212.368,11,595.315659
-953.4403,21,595.339102
-151.53424,21,595.350364
4456.3506,97,595.365294
-2260.8281,23,595.365352
7069.831,114,595.365381
-1175.786,5,595.636248
6741.29,112,595.636433
-895.0941,6,595.657311
-809.93835,30,595.705025
-1089.8182,5,595.741658
-1075.8701,4,595.741747
-1044.2423,2,595.783468
-1971.3359,18,595.783567
-1329.6707,7,595.783587
604.63586,53,595.783595
-1260.6558,10,595.867746
-646.74316,19,595.896496
4691.952,94,595.942836
-2767.25,28,595.967823
-724.3074,30,595.967935
-887.01575,34,596.046962
-941.1071,11,596.137236
2505.0251,71,596.171127
654.5086,65,596.273687
-880.1433,8,596.29238
1464.6016,55,596.32294
507.18262,31,596.347177
875.25305,39,596.373892
-60.74115,35,596.405286
-144.1933,38,596.405358
213.60065,29,596.457186
-711.6265,64,596.467286
-705.9966,8,596.487489
1542.2151,45,596.526044
-1089.1273,9,596.526113
602.50165,36,596.526133
-1154.1067,36,596.526141
872.9815,39,596.536309
-1024.0203,2,596.546384
-1789.0527,25,596.587689
1780.606,68,596.5879
-806.8007,16,596.607615
-1158.6416,10,596.607659
-1464.5164,15,596.629271
840.7428,37,596.629342
1735.8606,44,596.629359
-992.18506,3,596.629366
-575.11945,24,596.641719
-885.057,11,596.661028
-888.6044,13,596.681959
-1474.926,5,596.682271
-1559.6493,21,596.703467
-1125.1818,9,596.703524
-1536.3846,9,596.703538
165.17194,57,596.735465
406.0174,60,596.744403
-2896.3499,16,596.765574
1289.7976,52,596.784161
1907.1621,70,596.78461
-1054.2682,6,596.809029
-903.0477,35,596.822317
2217.7021,58,596.893213
1683.999,56,596.944731
-137.51904,41,596.944893
-1461.7261,11,597.171812
1190.6086,36,597.196404
499.80634,42,597.317555
675.2657,25,597.380407
1536.7827,57,597.380511
-835.56323,14,597.410322
-1041.5999,3,597.535515
-1226.0953,24,597.653908
-3220.6335,26,597.654002
-1008.3854,6,597.654022
-1020.5149,2,597.759274
-273.35455,30,597.759483
-1609.8358,10,597.779315
964.9322,46,597.829968
1024.1201,41,597.830024
-842.9231,46,597.830036
-1132.8802,4,597.865312
611.75336,32,597.865383
89.78583,49,597.923
-707.4142,21,598.000138
-756.72656,9,598.018505
979.21747,92,598.018605
-1155.9553,13,598.077008
563.21075,53,598.077089
-1291.3502,10,598.122685
-838.61536,7,598.182494
-2313.0764,12,598.260446
-1735.7407,6,598.347974
-993.4886,19,598.370197
-1282.1306,10,598.404827
-834.0271,11,598.637736
1992.935,79,598.63796
-1022.57007,8,598.693012
-1176.9028,7,598.693199
2126.3765,67,598.748896
28.326172,32,598.915123
1747.5325,60,598.969725
-1417.9609,12,599.146664
-966.8652,8,599.146735
-1012.2615,3,599.197085
-1218.6152,10,599.214779
203.34882,38,599.214862
-1957.9436,36,599.214883
-311.7464,37,599.247744
3444.5076,87,599.334025
-1407.291,5,599.362038
817.4799,52,599.393484
288.18048,62,599.461562
-661.37396,10,599.49032
1038.936,53,599.563322
-1495.1691,10,599.603143
-158.46527,56,599.667958
1009.1762,52,599.699187
-1052.3955,3,599.775066
3011.9568,67,599.811675
-1216.825,15,599.875277
4217.288,105,599.87536
-2093.175,15,599.910222
-929.73663,4,599.927982
-1338.3928,3,599.953641
-3.642517,40,599.953724
-1005.70416,6,599.953744
-944.9562,2,599.953754
-1587.2585,20,599.979406
4734.6797,93,600.007374
-2837.428,16,600.007492
-1326.6318,14,600.068889
-1250.8997,46,600.080794
-959.34064,6,600.092578
-1027.0653,5,600.109103
-1042.8596,40,600.178345
5334.8613,98,600.188097
2567.2036,65,600.213582
-924.0906,16,600.213653
-1641.0085,4,600.224345
-527.6914,16,600.270356
-1181.2468,17,600.310792
-904.6107,7,600.322016
-838.90326,5,600.378074
521.1663,41,600.378142
-958.23535,4,600.37816
-2596.5,30,600.392508
-1079.4363,42,600.408631
5918.534,144,600.49032
821.7075,38,600.525717
362.67975,76,600.526082
-1787.3931,7,600.526133
-481.86343,33,600.526145
7254.728,143,600.569659
3856.7969,77,600.569741
670.2395,38,600.594943
-1252.8052,10,600.662765
-1064.4396,6,600.696531
613.62463,35,600.725882
1002.96246,41,600.72595
314.5445,30,600.772933
6863.0806,119,600.773018
1404.4443,45,600.799914
-847.0653,6,600.827639
-2667.6135,10,600.857325
-398.24005,19,600.85748
-994.21674,4,600.909265
1828.8567,65,600.933482
-988.64966,5,600.980653
-1661.3064,12,601.004164
-2987.483,9,601.057668
1658.3315,80,601.103739
-3140.699,20,601.130711
-788.946,9,601.157524
-4189.005,25,601.179762
-256.2489,33,601.209193
-1223.251,10,601.235911
-2962.8188,22,601.275378
-1609.6976,9,601.275445
-1230.1581,22,601.298532
-1419.5391,8,601.31531
1117.4246,33,601.315397
-1368.2366,30,601.315414
-1027.3044,3,601.350652
-1602.594,22,601.411051
-1156.8353,13,601.411109
-1364.3976,57,601.434209
1103.9811,49,601.454522
-834.3374,9,601.463445
-224.36731,32,601.463516
1227.6282,63,601.463532
-1020.96124,2,601.486028
-888.7637,6,601.486113
444.32745,40,601.498097
-934.96844,5,601.518724
-1326.0752,18,601.518793
-927.2008,8,601.530679
483.52948,37,601.542321
-2320.0664,6,601.555918
-85.70941,27,601.567122
-2206.1738,9,601.567181
2476.676,53,601.567195
-842.56165,14,601.577226
-903.79987,8,601.587833
-1144.9985,3,601.603066
-817.8267,24,601.60316
-1674.235,13,601.72559
3592.06,93,601.752405
-140.02972,54,601.752484
1773.3357,64,601.774647
-3247.5974,9,601.774719
521.7987,36,601.798558
-1156.2686,24,601.852812
-1184.2714,18,601.883434
-991.7691,5,601.909488
-39.199768,25,601.960593
-1028.8374,2,601.96091
-780.8285,6,601.960934
-963.8788,6,602.014306
-1812.5737,20,602.014416
-1088.0957,49,602.046974
-987.7348,2,602.070436
-296.34137,43,602.070515
-859.64685,6,602.128323
-665.6536,54,602.128402
8449.867,135,602.128433
-1019.1582,5,602.193223
-818.65295,17,602.331777
-836.3404,12,602.381205
-349.84808,39,602.407541
1209.9375,41,602.480994
-1511.6171,16,602.494972
-968.9305,29,602.495057
-1385.2166,8,602.524839
827.75433,68,602.545681
-551.6547,36,602.556472
-926.1383,7,602.575117
-1154.7782,8,602.598863
5515.3384,120,602.598969
-1258.9714,17,602.610348
-1863.6818,31,602.610413
899.3017,34,602.650029
-824.54846,7,602.650083
1866.5659,84,602.663042
-882.1013,4,602.663122
-914.42596,15,602.672138
-966.1914,6,602.680816
-1059.2607,32,602.690773
-997.86176,2,602.690837
-1043.9034,2,602.718706
-955.8187,6,602.729009
1004.36774,35,602.729064
277.31464,25,602.72908
1103.7024,42,602.783777
-1251.0808,11,602.783869
-965.92804,7,602.794157
-315.0086,23,602.805519
833.142,40,602.805605
-1800.5365,15,602.861999
1054.7366,62,602.901337
-986.18207,8,602.922811
248.59296,74,602.922887
-1157.4749,7,602.922916
1086.5779,72,602.970968
-990.7183,23,602.971039
-1132.8546,16,602.971069
-696.04474,11,602.971078
3435.0793,76,603.00068
-1024.5593,4,603.000764
-1010.29065,15,603.103576
-298.18658,40,603.183358
2486.7961,66,603.238742
-459.84015,21,603.387327
-1023.1533,11,603.415127
-3320.1538,20,603.482097
4666.0137,95,603.575481
610.73157,45,603.695421
1504.8767,42,603.695478
-1057.7135,54,603.742502
-2876.0266,27,603.742544
-3220.5024,10,603.742553
1442.7172,43,603.74256
78.81842,30,603.806065
-959.8514,3,603.864248
-2308.5972,9,603.864292
-4972.197,21,603.914107
83.63745,46,603.978693
273.3396,58,603.97876
-147.63525,22,604.022436
77.24335,40,604.022504
883.42456,44,604.131243
-963.84674,6,604.186092
-957.5734,7,604.213502
6897.425,116,604.364561
892.7895,41,604.397076
4038.1067,80,604.424425
6499.783,127,604.424496
1284.3881,54,604.451202
2092.0051,54,604.451252
-963.9525,5,604.506017
43.832153,28,604.538141
4890.041,86,604.572906
-609.0974,18,604.678772
1735.0554,61,604.678855
-193.15338,39,604.788141
-142.92151,39,604.811902
-1676.1807,9,604.812204
-1636.1962,29,604.91134
1746.2812,48,604.911401
-1088.7275,4,604.911418
-539.8667,42,604.911425
-566.36957,20,604.947915
-2453.3948,13,605.005008
-979.43933,4,605.005086
-1037.98,2,605.052487
-829.98804,7,605.081087
175.10406,53,605.100943
-716.8689,8,605.101015
-1603.7076,35,605.130687
1175.1934,45,605.130741
-1083.1935,27,605.142643
-1114.116,6,605.142714
-1338.5977,9,605.165976
-646.11365,20,605.166019
-921.5155,4,605.191008
-866.23474,7,605.245212
-988.21826,7,605.284623
-3243.7969,17,605.298104
1752.0641,63,605.65561
-766.7019,34,605.684638
-1363.1614,10,605.717629
-2282.194,11,605.717708
-1182.9047,37,605.746553
1050.4084,42,605.774905
-904.54425,5,605.887126
-946.88257,5,605.916333
1745.8529,69,605.916438
-1666.5786,17,605.940679
-1962.2563,34,605.965
-1197.0298,5,606.058181
199.91461,38,606.058255
-1934.3506,52,606.114638
-1506.0242,5,606.197219
-498.31818,29,606.197256
-989.19885,7,606.247993
-1003.37524,2,606.248036
-822.65405,14,606.266367
-183.62573,89,606.361636
-1231.653,5,606.361704
9.499512,40,606.376991
-1001.7177,4,606.444918
-920.5493,20,606.480233
-890.5323,34,606.601303
-834.75037,5,606.601472
-1028.5863,2,606.658201
-731.9055,17,606.687545
387.20007,42,606.712909
270.0428,51,606.747433
4509.996,107,606.90391
312.0125,42,606.904135
-964.43713,54,606.932009
-766.7935,26,606.932199
1505.8624,50,607.016315
-849.6721,24,607.134319
-4594.8164,26,607.176386
1268.0447,38,607.270681
5858.945,91,607.270799
-918.63696,6,607.27081
-1644.5046,11,607.293895
-1224.7493,24,607.294164
-1005.34186,3,607.294201
-1030.2931,2,607.313132
-748.7785,11,607.313303
4649.051,113,607.36514
-2149.0686,18,607.434371
-1356.7902,9,607.458748
7214.254,153,607.482319
-1635.7831,9,607.482361
-1029.5739,3,607.540844
-33.110535,32,607.608249
-2020.7993,20,607.64172
3510.1558,79,607.641793
-1051.6364,4,607.641809
1241.6204,38,607.702002
1601.4314,71,607.702087
-1608.1356,36,607.79085
-1508.6473,21,607.790934
683.9242,54,607.790953
-1025.0802,4,607.821346
-933.69794,8,607.883216
-804.1832,9,607.883312
-865.5676,5,607.965162
-3055.682,25,608.033436
-24.896362,28,608.070707
-584.9127,9,608.229876
1738.0657,43,608.23094
-4505.5522,21,608.32913
-1510.825,8,608.329312
-899.353,17,608.366126
2743.4482,84,608.407272
2318.7373,58,608.430594
5668.5874,101,608.588854
187.45819,30,608.651489
-1482.696,11,608.651574
1689.6404,65,608.671188
3993.9897,110,608.694098
-1938.3025,23,608.725533
-1011.9286,3,608.725579
1344.9094,44,608.759182
-1531.5084,16,608.799553
-1369.117,3,608.852664
-1142.0712,48,608.852733
-436.05585,27,608.949072
-1999.5916,23,609.018392
-1538.2544,13,609.058299
1506.0515,64,609.058351
-1018.0051,8,609.132225
750.7209,51,609.195795
-822.05237,7,609.195942
-500.92038,68,609.245663
-1015.0691,3,609.328948
-2056.7458,20,609.3628
3299.7583,66,609.412472
-33.69568,26,609.48495
-880.7981,8,609.57449
3413.081,79,609.650936
1597.4468,59,609.700309
-407.7445,18,609.700353
-2207.5498,18,609.750116
-1571.1763,36,609.780697
917.2987,68,609.828939
381.19708,39,609.828999
-941.7242,4,609.882674
-1000.65955,2,609.882734
-723.73914,10,609.895757
-852.8502,4,609.939428
-944.2968,6,609.968302
-350.55597,37,609.992825
1153.2373,43,609.992875
-757.9236,15,610.002483
1167.8396,43,638.740513
904.5205,45,638.748855
1604.6262,71,638.76801
-1046.7427,9,638.7773
-1137.0452,12,638.787051
291.98846,39,638.787119
10409.542,159,638.815132
-744.6195,9,638.925538
1283.0482,41,638.958262
589.9018,89,639.033864
1155.4236,57,639.075448
-1056.5654,3,639.089372
-1186.1753,13,639.132976
3204.2542,80,639.196205
-1299.8033,6,639.246155
1718.4663,106,639.305464
-490.61536,53,639.340504
-1066.077,33,639.340614
-2578.7754,25,639.340633
16.862915,32,639.445849
1001.7193,46,639.461247
-1002.2375,2,639.482229
280.8532,51,639.49962
2923.211,67,639.525923
-1062.4636,3,639.526005
-1013.7212,3,639.580735
6821.779,100,639.604154
-1022.5029,7,639.643688
41.532166,43,639.670359
-1036.0625,2,639.670432
-1497.7742,8,639.67045
-1543.355,25,639.701653
7037.1924,114,639.713685
3995.185,133,639.713752
1222.9061,56,639.749964
-958.66406,5,639.759514
-325.99585,26,639.768836
140.07611,30,639.778553
-1115.8282,11,639.790337
-1041.0564,5,639.800295
-857.12604,9,639.811661
480.7085,32,639.833972
-904.15936,8,639.844227
7820.0107,85,639.868826
3571.3643,74,639.888592
-1014.5361,4,639.888659
-1449.2002,11,639.900065
-1026.9297,2,639.918525
-1773.9259,20,639.937869
440.34952,51,639.960088
-940.51135,5,639.993854
-240.75757,29,639.99392
-1979.3005,48,640.013476
-3979.398,19,640.05896
-653.42554,13,640.075373
-3186.8767,41,640.093536
-1238.1398,8,640.116382
-1709.6992,40,640.195436
4658.9917,117,640.195493
-1246.1896,34,640.270341
680.67126,33,640.300504
-761.7847,7,640.476284
3251.3125,87,640.583584
-964.21893,5,640.608819
2557.2166,81,640.6355
646.3774,48,640.733365
-368.21307,26,640.733647
-1270.1764,7,640.764529
743.06165,38,640.788856
-1142.272,52,640.788935
-1732.1078,27,640.852379
-307.29883,25,640.865259
4544.924,86,640.865325
5388.4507,109,640.876482
4630.184,101,640.885756
59.192505,37,640.894458
6246.038,113,640.924534
1283.6587,53,640.924602
-774.99884,9,640.955171
-952.9242,9,640.978288
-1026.9525,2,640.998667
3346.4927,91,641.006707
-1057.704,14,641.017664
-1014.84454,10,641.026036
-1013.75397,4,641.036618
-769.39984,17,641.051271
-949.36206,4,641.051349
1147.9857,47,641.077504
-4880.644,23,641.077573
775.4769,53,641.109854
749.00604,37,641.133024
2603.6602,71,641.133121
6561.263,98,641.158673
-2445.4026,13,641.181248
-873.475,12,641.1928
-270.90002,38,641.252959
-544.6496,31,641.253089
-998.3094,6,641.293538
-1054.061,3,641.315994
-815.0409,8,641.316108
-85.97772,23,641.378372
-1273.3713,22,641.411156
3824.457,78,641.411209
670.15015,45,641.411223
-1065.356,7,641.463291
-877.9929,8,641.491905
-935.59454,4,641.521112
1895.3977,52,641.521208
-1004.8321,7,641.646062
779.5312,60,641.714039
-1084.2017,12,641.796454
-1025.7173,2,641.850031
840.00433,50,641.850126
998.18384,45,641.871399
3731.9917,96,642.017104
-1681.9376,19,642.017204
-930.8009,14,642.079128
-358.59607,27,642.0792
-124.21417,52,642.105349
1236.786,46,642.105449
7409.5767,121,642.148513
-927.2716,4,642.161049
1358.3525,48,642.161443
-1022.9746,2,642.182708
633.18427,33,642.204425
-765.889,9,642.257856
-215.16302,55,642.304127
-1633.4314,8,642.313931
-799.2495,5,642.323393
45.043457,27,642.363523
-2940.0747,67,642.373685
859.36774,37,642.383951
126.804016,27,642.420909
6555.2812,130,642.42097
-1066.2562,3,642.469147
1534.1816,60,642.499009
-2042.1932,25,642.563713
292.37396,42,642.627774
1548.5833,57,642.656255
-331.31158,35,642.656341
-3616.0247,14,642.737486
5475.867,103,642.763393
6131.2935,120,642.836809
-569.79144,28,642.836924
-3417.9333,19,642.947302
-780.9247,8,642.947365
-6.1001587,35,643.001555
-1406.644,6,643.001634
-1378.0288,17,643.001652
2151.1362,74,643.001659
-1018.3847,41,643.001665
-1006.35596,4,643.104852
-1707.4915,17,643.104935
1606.0123,52,643.143723
-355.54657,18,643.14393
-951.09485,3,643.197925
-1010.84424,4,643.250808
1956.8215,54,643.286454
-96.37982,40,643.28651
3625.6306,101,643.296336
-1950.4365,15,643.340178
-2011.812,11,643.352832
2868.0854,76,643.377658
-1997.1492,12,643.407839
5909.908,133,643.425716
-1026.9418,2,643.425805
295.43213,55,643.450442
2241.43,78,643.47187
-934.09436,16,643.665502
-935.49384,5,643.665608
-195.25684,45,643.754605
-1557.4429,33,643.804032
-418.71753,53,643.804112
-334.8554,62,643.828436
-1212.6027,19,643.844528
-990.18646,3,643.868235
-968.99585,4,643.888807
-2191.9814,11,643.939437
-1842.5435,21,643.970839
-1196.2328,18,643.998193
-1725.9902,43,643.998535
1045.6216,49,644.047742
491.00262,40,644.08065
-1009.7082,3,644.179471
95.12952,49,644.179764
1518.2891,57,644.203887
-162.90417,88,644.309319
-1056.0796,4,644.309541
-776.8289,21,644.30957
436.7129,43,644.359267
-1146.6246,12,644.386964
-1071.0852,6,644.502277
2313.9688,61,644.502318
-988.7022,40,644.558006
-771.66736,9,644.626775
1375.6926,46,644.663647
-1089.0176,40,644.69306
-952.0049,4,644.721728
-1044.1952,2,644.742163
-470.4276,43,644.742235
1822.0093,80,644.753125
318.8316,28,644.753188
1196.5493,52,644.753203
-444.0774,29,644.762943
-1022.4504,3,644.772825
-152.99677,79,644.825196
-1067.253,32,644.825267
855.34155,77,644.856946
-85.38867,43,644.904041
-1320.6353,6,644.991517
627.51056,37,645.085675
1722.1843,60,645.116358
3633.975,84,645.116433
1850.1772,53,645.142147
-724.5179,12,645.282477
264.3191,41,645.282592
2222.0774,67,645.326747
-810.5614,10,645.326845
-3339.7065,18,645.326865
7110.4575,191,645.358114
-332.4756,31,645.436825
-1935.8982,60,645.436907
-997.981,3,645.526305
-1770.4128,7,645.553362
-930.8061,4,645.553425
225.94043,79,645.55344
2070.872,82,645.553445
-1950.2336,3,645.630323
-573.7378,40,645.661105
-1187.0657,46,645.689614
-1283.8622,13,645.689701
1020.0482,37,645.7094
-146.41742,26,645.730803
1979.8613,84,645.730875
-958.93427,10,645.73089
-952.1869,5,645.762229
-1352.8374,4,645.772226
-1999.3655,21,645.772279
-590.8452,43,645.772299
-1348.6532,9,645.784415
-1700.3352,7,645.809924
-931.78156,4,645.810004
-1018.7512,4,645.819561
-941.51416,3,645.846189
2259.3022,57,645.8689
-1285.3003,30,645.869091
-1036.9838,6,645.897407
596.1334,39,645.915588
3172.8892,64,646.010989
-4448.7627,18,646.104677
287.08405,77,646.104822
6953.164,108,646.126799
2697.3762,70,646.222248
-666.1426,17,646.259174
-1600.9514,11,646.380247
-759.80786,34,646.405306
-699.57874,13,646.459692
272.36523,41,646.488578
3319.1123,84,646.538124
-1163.123,7,646.555729
289.71442,27,646.555832
-282.15997,61,646.623967
64.34485,60,646.645825
-513.2634,41,646.697326
1486.7312,51,646.72449
-1530.4019,6,646.724578
-46.323547,24,646.724601
-1924.263,22,646.816538
-1265.7903,16,646.81664
-1210.3989,7,646.871127
1844.259,59,646.881386
-1523.7356,7,646.881442
1000.74854,42,646.909865
-1525.7487,17,646.950927
-974.8465,12,646.978421
-915.56573,55,647.006319
-2235.6067,26,647.017933
-1128.8613,15,647.028535
-791.91693,14,647.028602
3234.4395,78,647.048972
971.31506,63,647.071308
-858.771,13,647.097039
-1175.6149,8,647.107419
1206.6808,48,647.120104
-942.7444,7,647.134864
-987.3593,10,647.148457
-1568.6713,6,647.186768
-1897.6227,16,647.223385
-812.8207,8,647.223445
-1348.6584,12,647.22346
1751.5173,66,647.264319
4519.337,94,647.264393
-1702.2673,5,647.332184
888.89966,54,647.381342
-1044.2073,2,647.434679
-670.5552,7,647.434777
581.3456,44,647.48132
3229.0115,83,647.481414
-870.33453,12,647.515196
-1355.0234,18,647.515248
-1228.6973,32,647.577359
-932.57153,55,647.577419
3330.1084,93,647.61052
-1878.3484,39,647.708321
-1257.2327,9,647.708436
-1534.0547,28,647.708458
-748.6129,20,647.762828
-814.16003,7,647.793972
-1035.3752,4,647.813446
-1044.9143,7,647.813523
-1000.9073,3,647.840341
-1291.7239,12,647.866747
4798.988,134,647.877997
-696.50745,13,647.922572
2286.5251,58,647.939114
2261.302,56,647.968864
-570.47144,17,647.968916
-3333.3845,28,648.003112
-936.54926,5,648.055644
1304.0332,79,648.066633
-1035.4369,3,648.090305
-2245.546,11,648.146527
-1170.95,12,648.146603
494.92712,31,648.168872
-738.9046,11,648.208862
-1515.7332,8,648.237739
-1391.9402,24,648.23784
-242.26538,26,648.248983
1449.6133,142,648.259454
1974.9973,59,648.277768
-611.83734,26,648.310154
-1376.6694,36,648.342856
-116.4834,30,648.363585
-1139.218,57,648.386621
2664.0608,55,648.410211
-1649.5745,17,648.419811
-60.877136,41,648.436623
-642.0996,15,648.450102
-1016.38776,11,648.514581
273.07123,48,648.53519
-913.2804,5,648.556247
-2603.501,10,648.577205
8137.5884,117,648.608278
3926.4321,110,648.608398
-1532.9331,57,648.669458
-1067.8525,3,648.691726
-756.4908,28,648.691818
-1219.4834,26,648.691838
-803.61255,7,648.805863
-1064.4429,4,648.805956
-786.48364,10,648.840857
6985.887,121,648.878197
-993.84845,5,648.90379
2437.5369,74,648.903884
-1018.64417,4,648.932882
-593.96234,11,648.957909
4106.8447,91,648.970428
-740.00726,25,649.007678
-1794.447,6,649.105749
-532.713,34,649.179706
797.4163,76,649.180254
-1282.7102,7,649.180384
-1119.8822,10,649.212706
-1286.2533,9,649.282501
-875.73975,6,649.307287
-712.73047,12,649.307401
325.93317,35,649.345979
2877.4666,69,649.34609
-682.72705,8,649.3987
1484.3076,67,649.408988
478.4143,45,649.439324
-1834.0687,42,649.459137
-915.0071,14,649.491362
-1990.5623,24,649.531271
-63.274353,72,649.531343
-1814.9365,17,649.542003
-284.78412,49,649.551474
-254.10712,46,649.572583
-1041.4609,2,649.605567
-612.9281,49,649.60564
2202.7148,69,649.605656
-871.34485,42,649.639807
-541.7119,35,649.639855
2784.1733,62,649.761768
-1615.3098,5,649.786676
-624.577,14,649.817101
-1346.1476,7,649.849125
-1142.4375,11,649.876297
-1015.9382,6,649.926482
1847.9763,117,649.964964
539.43317,54,649.965056
681.1445,32,649.965073
-1107.9108,6,650.013923
5694.687,98,650.014264
-2098.5042,26,650.014286
565.3987,41,650.038959
-939.76227,5,650.154099
-696.838,8,650.181748
-1150.2924,3,650.235688
-1195.7283,56,650.276209
-2321.6516,48,650.276332
-493.8173,17,650.276355
-5085.6855,30,650.276365
-995.55334,5,650.311903
130.25037,27,650.312004
-1019.8827,2,650.343497
-1026.2886,2,650.343607
-1972.358,45,650.34363
-1324.6978,13,650.391908
-1085.2776,20,650.479197
-1231.7993,8,650.479257
-708.86475,8,650.488992
-80.94299,23,650.50015
-1097.2914,9,650.508905
54.53369,44,650.522853
-809.8966,11,650.538668
-106.903076,47,650.559232
-986.6902,10,650.600159
-1060.6952,7,650.612271
-604.8892,30,650.622097
-979.4416,4,650.645219
-1045.8376,3,650.645293
-932.3629,7,650.698779
3820.936,99,650.722866
2122.3018,48,650.734077
640.13995,27,650.742961
-1046.0651,3,650.759557
-1021.01624,2,650.785166
-1169.8374,13,650.798579
64.054565,37,650.798665
-507.88718,22,650.821448
-745.6526,37,650.856119
-57.791687,30,650.856198
-63.85443,55,650.872922
8339.903,144,650.929648
-1005.0896,6,650.982041
-986.473,4,651.032481
298.80914,59,651.03274
-992.2871,13,651.032764
-1516.1914,9,651.059238
-444.3957,48,651.088852
171.4057,60,651.115512
-1004.9779,4,651.137566
913.8425,40,651.138023
174.39203,39,651.161302
1269.6248,43,651.180637
-1604.8809,6,651.180726
-1056.8813,3,651.200172
3230.0796,109,651.200254
-1585.1956,11,651.235948
-854.4584,11,651.314332
-675.4127,21,651.537336
-1179.0386,18,651.564635
-1843.4097,16,651.564735
-1301.1611,17,651.62408
-3218.7593,23,651.655836
5416.925,110,651.655949
-1940.7778,5,651.701239
-991.95215,3,651.701322
-1945.0247,25,651.713365
-1262.2479,4,651.725399
2742.5676,68,651.725453
266.01093,51,651.74799
5401.074,119,651.761844
60.184998,26,651.787407
439.34454,45,651.787488
-1563.9492,9,651.802224
-1006.2262,4,651.843913
-1687.3406,16,651.863816
2438.9482,86,652.056931
-2168.8801,7,652.057279
-43.5896,19,652.074549
-1712.5913,5,652.11723
-898.07916,5,652.166085
787.951,39,652.196754
237.607,54,652.253557
496.0808,40,652.392792
-909.02435,14,652.428888
60.827087,83,652.555684
2130.0024,133,652.604111
-1137.0457,9,652.627567
-845.71643,9,652.651048
-2413.048,17,652.703949
-1517.0803,20,652.727493
-1370.076,5,652.782163
-780.3899,9,652.782209
95.883606,38,652.82782
-1043.5946,2,652.827892
804.71246,40,652.827913
191.6253,30,652.855222
1954.3921,81,652.865949
-986.2507,4,652.86599
-1423.2472,4,652.90206
624.9667,69,652.929634
-938.5409,5,652.993181
-760.2062,7,652.993266
1639.7166,48,653.037504
1073.1033,35,653.037609
-976.45483,17,653.037631
1255.9292,54,653.203118
-982.0443,4,653.203169
-1259.9342,17,653.203181
163.9674,25,653.442559
-897.89795,5,653.442668
-573.6045,12,653.611585
-821.8761,8,653.611974
-1158.4836,18,653.612037
3563.5276,82,653.670142
-1727.7836,6,653.696165
-1211.0116,4,653.72982
-787.8156,11,653.850897
1393.9402,64,653.893694
5677.1543,116,653.936539
-535.0333,29,653.989297
-1219.8828,8,654.061288
883.62335,68,654.083117
2427.8982,80,654.093888
-455.9748,33,654.113227
1203.9086,77,654.128274
-66.12756,34,654.128353
1031.262,45,654.128368
458.79962,43,654.16055
-12.9348755,33,654.178741
-690.8594,16,654.2029
99.95416,46,654.202983
-2311.6375,15,654.213696
-751.9337,9,654.234286
77.40851,28,654.234372
-958.98016,4,654.253511
-1021.0731,3,654.25359
9534.015,142,654.301246
1338.4534,52,654.31155
-174.28809,20,654.311615
-801.60834,22,654.322848
-1430.6404,50,654.322904
-1644.713,39,654.332562
-1114.4326,4,654.34544
91.35693,47,654.407044
3192.39,95,654.468644
-1108.8005,13,654.500563
-1150.3021,23,654.550816
-430.7657,35,654.550906
-1157.9675,22,654.550924
-1022.79443,2,654.550932
3705.5637,117,654.63689
-288.9925,19,654.737763
-733.1587,9,654.849627
9875.916,165,654.911919
-3117.1594,62,654.94241
887.30597,48,655.030615
-1011.1924,8,655.079871
198.93494,50,655.109337
-688.29346,37,655.188066
2209.2446,70,655.188144
-2229.0264,21,655.188163
-572.739,21,655.277249
-1120.5974,12,655.27737
-886.776,8,655.291012
-5.493103,52,655.309138
-1141.5789,11,655.309234
124.54352,32,655.349063
-929.68054,40,655.41502
-1020.62,14,655.423739
-774.2278,15,655.436103
-336.8504,40,655.492487
2313.6145,68,655.492576
-929.3982,17,655.508896
2006.1414,56,655.525276
772.3227,36,655.525337
1402.1846,60,655.549247
-984.68024,4,655.549314
-975.3673,4,655.561051
-1864.7085,21,655.561119
-1422.8245,24,655.561135
-1143.2161,7,655.608305
1475.4529,73,655.62203
-829.9863,35,655.684481
-801.1501,9,655.703203
-1089.1656,21,655.723088
-172.76636,27,655.751974
3680.599,96,655.968849
-1262.6469,10,655.968925
-1044.1194,38,655.968942
1843.1558,54,655.99498
-1748.4694,22,656.02715
-769.74786,25,656.056474
1634.9565,97,656.056749
-1545.0034,5,656.128348
-1057.8683,4,656.164929
-1350.7607,5,656.165139
-1850.1099,71,656.195514
-2940.516,26,656.195775
-2428.5981,49,656.286634
-986.4694,7,656.381934
-674.33545,10,656.382066
-752.5438,15,656.478013
-2104.1958,22,656.535002
-433.49457,38,656.548457
1635.8108,62,656.561601
-2170.9539,14,656.561729
-1264.0779,8,656.585597
408.0456,34,656.585683
5318.983,113,656.60647
2632.87,55,656.665438
-279.5121,40,656.665524
-1264.5679,8,656.676837
-1542.1116,13,656.722705
-1211.04,23,656.736892
-2415.3704,11,656.773154
-436.12958,53,656.789078
7181.2437,148,656.802749
1572.5951,68,656.802834
-1476.7777,9,656.802855
-987.49255,3,656.823492
-931.33594,14,656.892652
-297.73407,20,656.924647
2035.3242,60,657.004043
3650.0093,79,657.030007
-737.0568,8,657.030125
32.184265,29,657.133849
-961.0185,4,657.169871
-2043.9128,48,657.208334
-1479.0917,16,657.2407
-829.29236,8,657.273529
831.9698,31,657.273698
-179.98157,27,657.339
-431.299,23,657.339288
-33.362854,54,657.339366
3477.9421,79,657.372792
-1263.9762,7,657.429511
-1201.703,23,657.455644
1343.6895,51,657.481248
-905.4688,5,657.481335
-979.51044,5,657.508631
-1076.0735,4,657.533046
-892.5801,7,657.533114
-980.56274,3,657.533128
-1869.0542,10,657.533136
-1023.7606,2,657.592726
-2200.016,16,657.644215
2287.7153,70,657.672112
-916.0049,20,657.67229
520.5252,31,657.704342
-977.0054,5,657.704414
-1365.906,14,657.70443
8578.079,153,657.82304
-1013.0325,4,657.848325
-1874.056,39,657.927381
-5.281616,31,657.927878
-469.24103,19,658.127244
-1289.6074,13,658.127333
-1181.9279,18,658.247277
-978.4761,5,658.284643
-925.31146,23,658.319813
-1039.7773,20,658.362976
-956.6258,5,658.429779
-976.87634,4,658.429947
120.650635,39,658.560368
-1014.38837,14,658.592212
-596.3616,20,658.592363
-314.14008,53,658.628463
-3365.781,25,658.66212
-1324.4989,10,659.046898
1945.8308,49,659.0582
-242.26196,40,659.092683
-841.4125,9,659.092746
-565.6482,35,659.092762
4105.427,126,659.09277
1194.3875,44,659.11237
2766.7754,105,659.151404
5704.3677,105,659.165049
-1274.6854,11,659.216202
668.177,43,659.229411
4985.8853,86,659.294713
-1956.3762,20,659.352855
-153.68964,22,659.506093
-1200.4751,21,659.538153
-706.0491,9,659.641195
-280.497,62,659.667127
-594.29956,25,659.752093
-1670.5011,40,659.752213
734.2343,60,659.79096
-873.61755,16,659.7911
-1553.7086,20,659.824181
284.53815,50,659.967847
-958.7171,5,659.968467
691.5838,89,660.103152
2838.8113,83,660.103279
-2345.0176,18,660.133469
-167.58203,45,660.457655
1316.0287,55,660.869129
1845.6007,48,660.944074
-1596.9785,17,660.975745
-1869.5146,6,661.028271
7443.06,134,661.062208
-984.1915,25,661.099907
2948.8967,69,661.397582
-817.7652,7,661.670883
-1294.0455,13,661.765716
-1098.0135,4,661.76592
-961.6853,14,661.988264
-2621.3687,27,662.016618
1753.3925,60,662.335114
-2144.4941,13,662.335226
1274.5105,38,662.418865
1588.0388,58,662.597616
-815.91907,9,662.667684
1125.9375,44,662.735022
5960.0537,92,662.735125
1624.1278,62,663.009284
-382.00458,55,663.070708
1059.271,36,663.072001
-831.93896,19,663.135237
3543.5776,92,663.169585
-2150.2092,26,663.16981
-201.95929,36,663.195416
164.87885,36,663.255692
2945.1838,68,663.294892
5674.6997,105,663.476262
-740.64294,9,663.509046
1644.2246,60,663.622825
-1479.825,7,672.222395
302.88684,39,672.248193
2060.222,60,672.248322
-1193.5118,15,672.271547
216.23407,37,672.271624
1764.8779,57,672.289374
-699.14343,35,672.343193
1377.4365,75,672.360564
6409.519,122,672.4544
1588.814,64,672.628498
-1448.7832,20,672.8196
-1020.17194,16,672.823897
-1039.1714,22,672.991516
813.1043,40,673.038531
-1170.3201,22,673.03957
335.49432,46,673.18918
1997.0374,59,673.210037
11163.862,169,673.210135
-2036.041,6,673.237434
-1046.1152,3,673.280093
-1447.8333,46,673.280138
1342.3309,43,673.280149
-2338.725,15,673.310155
-1667.3413,12,673.329937
-728.60315,30,673.339687
-1705.781,7,673.348512
-1125.2521,8,673.358278
-1332.44,13,674.013196
-1071.2823,16,674.013344
-927.8001,12,674.039488
-2911.4019,29,674.03964
-1216.8914,26,674.071399
-510.8066,58,674.315807
-984.86224,35,674.598387
315.58868,49,674.66867
-4185.1587,16,674.668875
1798.6125,84,674.716262
-1137.0957,8,674.752414
-1665.7097,9,674.75263
-1621.9033,12,674.797204
-1309.4971,4,674.874495
-1723.6982,7,674.998353
3088.2275,106,675.032589
2313.65,54,675.112696
-1782.3542,18,675.201827
-955.30176,4,675.202255
2068.7249,79,675.290952
-2454.727,21,675.291234
-26.415161,44,675.383315
-1120.8938,13,675.430467
-3840.738,27,675.430638
-2445.5872,22,675.430676
-830.2716,7,675.528577
4212.072,88,675.696041
-1146.147,13,675.696147
1183.6575,33,675.733467
-1181.0315,4,675.745905
-498.85947,29,675.765946
-1273.6388,7,675.77953
32.867188,35,675.793374
-1033.832,2,675.814787
-2042.7378,31,675.925513
-861.98865,8,675.960462
6184.755,115,675.960507
-635.05945,39,675.960518
4458.0156,86,675.987821
-1144.2776,13,676.010309
4861.6865,86,676.035468
-1030.3816,3,676.035577
-232.50024,30,676.079093
-2277.7712,25,676.079232
-265.8319,48,676.12208
-1101.4861,6,676.161721
-1836.8745,21,676.411858
-1180.8569,9,676.411958
-2131.5288,7,676.540385
510.32745,35,676.597642
-862.3743,8,676.701556
-60.032715,37,676.752411
-526.5614,10,676.850118
1521.9829,71,676.88769
-1270.7377,5,676.898096
-1170.4424,8,676.940271
-589.0245,45,676.956923
708.0643,48,677.02536
-1310.3611,14,677.02551
-1359.5431,25,677.09804
-177.75482,28,677.11821
-1844.032,30,677.118328
-1077.8534,9,677.138063
257.75732,26,677.158028
-984.8771,8,677.197066
-1757.4583,13,677.222473
-1001.3311,3,677.222653
895.66296,31,677.253506
-1014.6167,4,677.300442
-1834.937,19,677.300517
-1107.3157,8,677.43977
-1638.0645,14,677.492198
2892.6118,90,677.522616
-1225.6249,10,677.522693
-825.1897,8,677.52271
1250.6489,54,677.557992
-1279.4495,5,677.592199
-949.67505,4,677.639241
-1190.2876,6,677.694394
722.34564,33,677.718378
-776.3932,9,677.759192
-1170.2678,8,677.788396
-1207.7593,29,678.029049
-976.5153,3,678.029475
-1040.978,2,678.071826
4319.5605,84,678.071908
-908.24854,5,678.09261
1007.5358,56,678.092701
3167.188,102,678.105532
6246.839,115,678.116744
-1491.7388,4,678.138517
-1059.5092,6,678.172423
5544.413,114,678.251154
-1270.9324,43,678.276839
70.91272,39,678.288684
-1373.6195,19,678.305182
744.0258,39,678.305255
3503.0574,90,678.347466
-1022.1536,4,678.358349
-458.71875,27,678.382462
35.431763,30,678.426783
-2324.1448,11,678.426878
51.21289,26,678.436494
-722.5112,9,678.461734
-774.81555,7,678.476906
-1022.02686,4,678.499702
6388.065,115,678.52231
-1977.4663,5,678.587478
-1219.0734,7,678.587688
2542.936,73,678.61973
3071.392,87,678.669171
-899.3268,7,678.699448
-1861.0798,21,678.807445
-372.86688,29,678.837973
-1383.4995,10,678.864731
139.46057,41,678.901248
-1010.24164,2,678.932279
208.24396,47,678.932394
-1506.7019,14,678.932413
-2488.2805,18,678.986811
1406.9202,49,679.006825
3383.7305,72,679.006912
-3191.2637,6,679.040141
-973.9336,6,679.052036
1316.2852,62,679.073079
3032.789,83,679.134181
2261.9788,69,679.134228
4223.2593,103,679.134237
-1487.5262,8,679.160102
-116.827515,30,679.182109
-1013.63745,2,679.182236
-1518.2568,20,679.30888
3587.3484,77,679.308945
-545.1355,28,679.363007
-2985.3406,18,679.406003
-72.51312,29,679.422017
-1144.1064,19,679.422101
-381.36194,39,679.433095
-1044.217,2,679.442934
-434.82526,30,680.907057
491.99152,43,680.907205
991.54987,61,680.953364
-1539.3499,14,681.014174
-896.92566,5,681.014254
-1328.3574,4,681.050813
-1031.6039,3,681.129662
2254.8218,50,681.168854
1371.5443,67,681.192203
1707.6418,49,681.238183
-3174.424,20,681.340738
572.4589,33,681.380976
1200.6672,38,681.381106
-734.61865,9,681.487724
-912.281,17,681.568262
6975.629,152,681.625176
-1058.075,4,681.625379
-1419.6267,9,681.70564
256.62604,35,681.717091
-1116.7578,8,681.800807
-753.67883,21,681.843741
-671.09595,19,681.87061
951.08795,66,681.870753
-796.10657,13,681.956779
4720.167,109,681.998212
-1838.6814,10,682.062903
-1152.0944,22,682.163581
-1122.3425,7,682.340613
334.89258,29,682.384566
-1229.5693,47,682.413815
-837.6094,21,682.462423
960.6286,79,682.571554
207.12183,51,682.773699
1309.654,45,682.820364
-1491.7966,8,682.864208
5492.0713,88,682.923563
-3547.8423,18,682.962397
-900.62213,14,682.962611
1844.5796,65,683.050627
-1062.4111,4,683.077936
-761.6669,9,683.111109
1255.1638,36,683.111348
-676.3511,11,683.145767
-1191.4452,7,683.145906
4048.8098,98,683.170956
-1031.5704,2,683.171061
-2519.2466,22,683.237734
-3166.4534,75,683.237826
-851.3616,7,683.276231
-877.6104,6,683.349797
-942.3373,5,683.349935
2188.3281,74,683.349962
1043.0535,57,683.394127
6452.8813,160,683.394277
2604.9695,74,683.436498
-744.91797,11,683.528272
1435.5305,44,683.659316
1179.6602,53,683.694479
-732.6914,9,683.804321
-1278.6697,10,683.885092
-1314.0632,13,683.930059
-1025.5787,3,684.007875
-1286.8743,11,684.082713
-1428.9631,20,684.11596
6348.2524,113,684.116088
6264.8115,113,684.159527
-713.0493,33,684.215872
-963.27026,7,684.300554
-1652.5692,34,684.35938
-567.2333,11,684.380162
-210.64801,51,684.408476
-932.9548,6,684.447624
-1256.6682,10,684.44779
728.23846,43,684.57759
5199.1367,104,684.577728
-1392.0718,8,684.747247
1829.4382,46,684.908522
2302.3325,59,684.940246
-1430.325,16,684.940684
-522.9579,45,684.967225
-1050.1338,28,684.967604
-224.24133,47,685.020255
2676.5784,72,685.052389
-1857.8118,18,685.052735
-967.6,6,685.155913
-787.86096,36,685.156067
-1151.7185,21,685.189359
3690.3086,128,685.189467
5058.4937,91,685.261159
-937.78516,7,685.261253
-1014.11816,4,685.272135
-2742.766,24,685.309994
-3706.3755,19,685.348577
-28.128235,24,685.36087
373.40295,62,685.36097
-927.8192,9,685.389355
-47.664734,58,685.389424
-2296.2947,39,685.421636
-2300.82,18,685.444446
-721.4265,7,685.444548
-1017.1371,3,685.456609
-929.38776,6,685.456743
1662.8875,77,685.467526
-1676.8928,39,685.490777
33.882874,55,685.490852
-809.2559,28,685.502013
-1237.6729,26,685.587526
-992.9941,6,685.587608
1464.5385,42,685.693866
-190.1402,83,685.720366
2665.8271,93,685.805945
952.57733,44,685.869629
3732.7744,80,685.906025
-1316.6074,7,685.906085
-913.75244,6,685.906093
-1056.6833,3,685.9061
-1117.9038,21,685.971123
637.4161,29,686.093792
-919.0979,12,686.260226
822.68994,31,686.260304
-1142.5596,38,686.352333
813.49164,48,686.427023
-1808.8103,7,686.458584
1788.3313,62,686.472058
216.50317,40,686.558947
-608.7428,30,686.579735
1891.8771,72,686.579829
492.61584,53,686.599539
-997.8721,4,686.626261
-3106.8274,26,686.626359
-192.81128,34,686.644824
-1681.2938,17,686.695163
-931.4633,7,686.709975
-1014.4397,25,686.710028
-2679.963,7,686.733697
89.94116,39,686.733765
-822.4687,9,686.73378
-164.62036,63,686.765596
2364.7144,92,686.775895
1455.6919,82,686.787214
-1668.8365,29,686.787272
2663.385,72,686.787288
-914.7389,9,686.828625
-549.5685,10,686.870567
-1256.3069,12,686.870641
1838.9597,84,686.905046
1917.8176,62,686.905142
3752.3057,135,686.942901
-786.4552,9,686.967182
-630.7879,52,687.00008
-1119.3105,6,687.029017
-1042.5812,4,687.088513
-984.0567,3,687.114275
2283.036,80,687.114504
-725.3273,14,687.213477
-771.0199,10,687.213603
-877.8979,9,687.240392
-754.77905,8,687.291512
604.13654,40,687.686277
5396.775,102,687.686324
-545.47156,22,687.698898
-1408.2389,23,687.698968
-1719.9226,10,687.735618
1516.0579,44,687.748182
-702.812,14,687.748254
787.15857,33,687.759527
-1073.717,6,687.759606
-968.7909,9,687.800494
-613.1694,21,687.818645
-475.55048,50,687.849431
2819.5361,70,687.943773
-1384.501,5,687.979152
-840.0016,14,687.97925
-2806.2856,12,688.061905
-669.1615,53,688.146982
578.9103,58,688.27737
-593.07043,36,688.36364
1498.7992,63,688.402297
-1037.3632,2,688.457747
-712.59485,8,688.529202
-227.23926,62,688.580404
-1527.2314,6,688.6227
4147.3477,106,688.622797
-11.239014,33,688.695647
-1007.07007,3,688.708746
-950.44727,6,688.778099
-1270.2063,14,688.778171
-585.40015,40,688.882489
-246.86957,33,688.882577
1229.6666,66,688.882591
-404.6494,27,688.892464
-830.91125,7,688.904379
-840.0431,8,688.916091
-1330.4989,4,688.933001
-1895.0789,3,688.933075
5817.6987,102,688.933089
-1011.69366,3,688.946396
53.22174,46,688.960192
143.80084,22,688.983032
-1015.2221,3,688.983119
-1438.106,14,688.983137
-1585.6777,22,689.002961
1960.6292,54,689.003102
-927.2227,6,689.05375
2757.6707,72,689.072937
10171.291,179,689.086071
-1373.9849,27,689.107323
-1250.6309,14,689.118745
-998.12103,3,689.118824
-1715.2678,18,689.11884
-758.574,13,689.156868
-704.3633,11,689.156981
3023.4634,93,689.171888
-1003.058,8,689.171951
-741.0631,8,689.188394
-1036.8986,2,689.204852
-890.3518,7,689.244044
-2798.5378,23,689.266315
1450.0468,51,689.266429
-917.19666,4,689.266464
-1494.3032,9,689.294246
2131.932,71,689.294334
-1014.6939,3,689.377416
-1013.34143,3,689.377556
3996.7449,90,689.453436
970.78534,41,689.49075
-1089.1385,27,689.531308
-524.5442,28,689.531522
-2095.0593,10,689.58413
-2559.179,5,689.584461
-1064.0405,11,689.65993
-581.2546,15,689.694348
-991.26276,5,689.724315
2706.5688,78,689.724508
-510.2515,16,689.812934
-1141.9526,16,689.813046
-1730.6262,6,689.915986
1145.4884,37,689.944966
-943.3219,6,690.004558
-850.78186,18,690.077589
-387.23492,30,690.090554
-4554.49,20,690.122372
-271.44965,54,690.142541
29.474915,37,690.142677
-776.251,8,690.183198
-1415.8326,22,690.237203
-721.1904,15,690.246494
-1263.0605,8,690.262878
4595.1367,87,690.304883
-1269.9042,15,690.33082
-280.3244,20,690.330952
8162.291,149,690.342075
-714.2395,34,690.393967
-2291.8103,16,690.408857
-1167.6498,6,690.428181
-3054.0586,29,690.428307
-1496.22,10,690.463362
2057.097,69,690.506801
-684.3887,16,690.603878
-1803.0863,24,690.629766
-987.49255,3,690.681586
1123.7202,41,690.728279
-783.40735,11,690.801513
-899.1548,9,690.801732
2351.8982,79,690.851714
628.65173,55,690.883069
-732.24384,21,690.883144
-1017.9945,20,690.911333
1937.06,67,690.933811
-1079.493,4,690.995439
-895.285,6,691.028197
-927.5123,4,691.052513
-723.7682,22,691.126884
-2045.7206,15,691.186893
-691.9418,9,691.187004
-1001.7422,3,691.21459
3060.7798,82,691.389209
-733.6671,11,691.389317
-929.31934,7,691.389336
1696.8911,54,691.431753
-793.55664,50,691.45849
-247.99548,27,691.458641
-2415.4111,22,691.472932
1275.6655,47,691.484111
-936.97516,9,691.524845
-1007.6366,3,691.524945
-716.5003,7,691.541055
-927.0051,6,691.551314
-1051.9027,15,691.614763
2739.3518,84,691.651554
837.2279,37,691.682875
-2167.7778,13,691.683882
219.54211,55,691.715952
8333.6045,145,691.716095
358.27155,44,691.750971
-520.385,26,691.792297
-85.6629,28,691.822311
-893.33734,5,691.884347
-2396.5247,13,691.884512
-1085.623,24,691.921217
-1073.9126,5,691.951752
-988.1682,3,692.014524
-1405.7584,10,692.014625
2032.6956,59,692.014647
-293.1253,24,692.040949
-648.3696,12,692.041076
-1013.0236,3,692.126419
-0.15045166,56,692.282261
5497.503,104,692.330715
7960.9434,121,692.330896
-2635.8074,19,692.36551
427.33466,31,692.442958
-1051.0195,4,692.443162
-1034.7174,20,692.480152
2501.7292,74,692.480275
2224.289,53,692.480295
4633.8315,107,692.494258
-1070.2881,3,692.523382
-2440.6877,16,692.523547
-1024.9244,4,692.52358
-892.94434,18,692.535293
-1226.6493,21,692.576436
-1073.9985,10,692.669136
-227.35925,45,692.669238
1402.8688,68,692.681393
-1146.5228,14,692.718995
863.76984,38,692.759665
282.57605,43,692.759739
-590.25415,12,692.826759
-664.6036,21,692.826895
-1859.1895,28,692.925101
26.671936,32,692.925256
-1425.0448,26,692.948547
1778.3872,53,692.948833
-1247.8242,5,692.982558
-368.1021,18,693.025318
-399.18878,34,693.025512
1460.9629,42,693.050795
-2606.5193,33,693.078692
-962.8775,5,693.173496
-272.87708,21,693.231668
1386.791,56,693.347185
-2308.0496,14,693.347281
-1380.2886,15,693.382813
-688.9225,12,693.382908
-1804.9902,24,693.402514
-832.3029,7,693.424455
-1020.79364,2,693.448238
-1033.9513,3,693.448318
3027.189,65,693.47702
3178.5083,77,693.477101
-494.01212,18,693.586904
2215.9314,58,693.673178
-681.79266,25,693.673258
-1544.9304,7,693.67328
2290.3867,57,693.691703
-1015.8645,4,693.72345
-771.2161,7,693.723536
-815.11884,5,693.7345
443.13422,40,693.748868
1126.8877,77,693.759933
-1027.9565,3,693.760253
-617.4072,32,693.772401
-1030.7937,2,693.783102
-1543.9337,17,693.79997
1695.8472,66,693.838662
-996.17285,3,693.838739
-811.5602,13,693.869399
-876.3704,6,693.869478
3.3902588,33,693.869494
6401.326,141,693.887039
35.44214,31,693.922267
-985.5037,4,693.922347
-1254.375,50,693.941869
357.70496,43,693.941936
-624.7835,48,693.964878
-648.46155,10,693.964947
-1024.3312,11,693.977861
-402.62836,21,693.988998
-1938.8823,33,693.989053
762.8869,36,694.054274
-1014.00494,4,694.067897
-969.28577,5,694.096564
607.814,40,694.123669
-855.98785,43,694.123771
2876.5393,78,694.123803
-1330.9634,4,694.151611
-916.36145,7,694.324499
-572.38184,25,694.352447
5452.2627,120,694.352571
-2493.5833,10,694.352593
-1091.3971,11,694.40667
-93.71295,24,694.489645
-1010.34467,4,694.517098
3132.3096,86,694.517199
-941.13403,10,694.577234
-1177.4585,28,694.57732
-2108.6345,13,694.673336
893.4859,50,694.739282
-1631.896,15,694.739374
-973.3722,9,694.739398
-1449.7198,10,694.764556
-743.36584,40,694.896716
-1026.3695,2,694.918859
-473.00647,12,694.930571
1706.8541,59,694.930648
-1258.6675,30,694.964932
-1065.0443,4,694.965
776.0837,52,694.975124
-1042.048,5,694.989478
4546.4204,84,695.005552
2114.3982,51,695.015266
-1672.0581,9,695.104666
-980.6864,12,695.11507
2920.0496,76,695.125978
-1043.0582,14,695.146023
722.84644,55,695.157146
1450.263,72,695.175315
-932.1825,21,695.193987
-1039.2762,3,695.194056
1696.75,72,695.224436
-1349.3989,17,695.2245
-1700.7485,12,695.25428
-869.43365,11,695.254363
-142.31244,44,695.254384
-1338.4241,3,695.323065
-306.2334,27,695.355098
4496.8467,100,695.42761
-965.71747,4,695.455844
1806.1501,72,695.455948
-355.4239,47,695.481028
2348.2888,76,695.626209
-1010.39056,19,695.626293
-975.3292,6,695.626311
-1078.9713,9,695.681718
-1073.5856,39,695.748009
-1561.4961,16,695.748106
-3214.853,19,695.748126
-140.60724,23,695.786967
1513.0344,65,695.895742
-190.35968,37,695.957536
-799.518,8,695.957645
-1051.3295,16,696.020954
-1533.0259,37,696.068201
278.56116,35,696.078754
-1216.4707,14,696.07881
-1067.1921,15,696.090589
-1034.2623,4,696.090683
6668.214,122,696.102626
-1873.5204,19,696.102699
-1508.5392,5,696.13715
-643.4424,44,696.137238
-1032.4199,3,696.172868
2426.9722,85,696.172937
7623.233,120,696.195001
-895.17883,17,696.204291
3240.1062,115,696.214664
-928.8149,6,696.234595
-831.8103,24,696.256802
-1927.8046,14,696.256845
-2336.764,9,696.275335
-1237.4756,18,696.275408
4415.4126,87,696.275426
696.94696,37,696.28324
3145.2275,90,696.292001
809.73737,44,696.311817
-1736.1096,40,696.333633
-1156.4012,4,696.333698
-992.05676,4,696.33371
-959.32837,5,696.333718
-1000.44,3,696.353718
-598.1791,11,696.353829
-1019.4615,2,696.382248
-2246.6467,12,696.412504
-1233.3022,6,696.490369
-825.5313,7,696.514645
-796.5453,8,696.514746
2543.2808,61,696.514767
-1256.1925,13,696.596339
-1319.6306,9,696.596415
-917.68243,5,696.665442
323.26874,37,696.768073
-636.72626,28,696.768157
-213.39185,25,696.792731
4801.8647,122,696.845301
-603.9049,14,696.845408
-694.0571,10,696.845433
-617.9441,17,696.845441
991.36426,40,696.867682
-1676.6228,22,696.894709
1374.5225,43,697.160632
-1199.4181,16,697.247475
-812.2685,9,697.271343
-581.3632,27,697.284525
1622.103,76,697.309357
-2327.781,24,697.324876
-1220.9391,9,697.324991
3937.2803,93,697.340074
-6.8809814,51,697.389625
-1186.5118,11,697.415581
-422.00293,42,697.415681
-1022.9722,3,697.428248
-3481.8186,22,697.454197
406.18976,43,697.454311
-510.8263,12,697.476982
-1095.6774,13,697.532468
-872.167,7,697.53258
413.50098,44,697.661116
-869.888,7,697.661248
-1287.9001,14,697.682284
-894.5448,32,697.682365
-780.82263,15,697.743943
-230.48499,44,697.803883
-1853.9094,24,697.804451
152.74658,60,698.006321
-1729.6442,23,698.006449
-1023.12695,2,698.094429
846.7248,44,698.094545
-530.41534,11,698.114094
1279.4451,41,698.205722
3513.6743,90,698.252426
-524.1437,38,698.252505
-285.45624,41,698.305561
-1049.5414,3,698.338929
-1075.801,4,698.371287
2405.4968,54,698.39575
-1476.2988,10,698.432741
-1042.873,3,698.478617
-2081.633,9,698.478728
3517.2688,111,698.491349
-1638.1558,60,698.571888
-1021.13837,5,698.571993
2927.4927,68,698.603574
1231.6653,35,698.633666
230.78534,66,698.633798
-1016.6993,3,698.633837
-1461.4968,23,698.660233
1956.1383,43,698.660371
423.32776,49,698.689548
-2430.174,40,698.743967
543.9231,38,698.769525
-1081.2198,9,698.78263
-462.52344,42,698.832304
-1959.011,7,698.914883
-1062.9154,16,698.915072
-960.07837,19,698.939153
-100.01654,34,699.026147
-1592.8049,12,699.104275
8213.783,134,699.104385
-478.48145,23,699.177362
-621.4149,36,699.317521
1173.0444,51,699.317678
475.7367,40,699.379544
-1946.2261,15,699.410786
-760.2205,10,699.455524
-442.2707,54,699.496414
-412.0166,27,699.521791
-962.9594,5,699.561768
-1032.9342,2,699.624817
-72.73309,49,699.625005
-522.5078,36,699.662124
1102.2439,49,699.662255
-864.1101,7,699.716774
-1341.6086,16,699.733502
-1072.6971,5,699.766741
-944.536,24,699.806208
368.05988,42,699.840147
1747.6132,55,699.86233
3677.4702,80,699.862419
4411.7217,95,699.862439
-1429.8206,7,699.862444
-1023.4258,3,699.897706
46.221497,26,699.951008
-779.55133,10,699.994229
-1189.5366,15,700.04208
-782.97815,40,700.138592
1804.3347,51,700.230861
-594.9634,26,700.255336
-286.06683,28,700.255559
-2564.2588,13,707.186467
-846.8944,17,707.186588
-743.26514,27,707.218379
-3864.4258,23,707.2185
-1022.78705,2,707.263132
-826.4265,6,707.332072
4363.4526,137,707.334022
-1043.1461,9,707.373338
-1893.4999,17,707.446128
-1034.2423,3,707.470054
1326.4797,41,707.470152
1450.1167,76,707.492182
-679.6288,17,707.525922
1107.7498,64,707.566393
-1364.2987,12,707.597894
-1034.4846,2,707.598062
-656.2183,55,707.657299
4040.9253,118,707.685869
-1288.9381,14,707.7106
1638.9111,70,707.766103
-708.2522,10,707.766696
-1018.65295,5,707.822842
1233.3276,60,707.880668
-964.16394,4,707.880798
617.2796,51,708.100587
31.787659,25,708.100757
1325.7991,51,708.100796
-1709.5637,18,708.112572
3122.0034,98,708.131489
-1028.2656,3,708.143931
-1155.793,17,708.18327
-1086.5214,7,708.194539
409.9707,69,708.194649
1896.2983,45,708.23012
-1201.3157,5,708.241215
938.36005,46,708.256841
487.66168,32,708.266163
910.58057,56,708.27649
-1413.2115,14,708.293705
-1457.5957,5,708.293773
-1022.9016,2,708.317122
-741.6776,27,708.329242
-1102.7573,22,708.373532
-983.8357,5,708.386228
-937.02344,27,708.416181
-1396.2428,26,708.428254
-3467.9536,8,708.428339
-985.88226,3,708.466586
1457.721,43,708.466651
-814.1136,9,708.530665
-986.9734,3,708.530748
-1035.7263,2,708.591187
1273.8193,61,708.625851
-3395.389,21,708.625932
863.5053,62,708.813678
-1576.5029,6,708.813885
-780.42773,8,708.841988
3833.4312,108,708.842094
-1186.2095,17,708.90424
2615.1943,64,708.962557
-3602.6675,28,709.10701
-768.65045,9,709.107243
390.6134,59,709.134611
-2636.3018,20,709.160562
542.275,62,709.160703
-1025.5396,3,709.192047
-66.67285,41,709.192187
3020.4565,78,709.259204
-1041.2261,5,709.259326
4072.8545,87,709.259349
1021.25507,46,709.325964
2716.5112,76,709.343046
-1227.3131,7,709.364547
-987.9265,11,709.373377
287.97888,86,709.384926
-948.12067,5,709.395252
-1035.0776,3,709.395319
-614.75977,11,709.4079
-1318.2288,13,709.428339
-743.74335,18,709.442168
-3876.5674,23,709.442244
-1423.0974,28,709.442262
-878.32086,6,709.44227
-983.4093,3,709.442276
-1044.2534,2,709.461872
-941.97797,7,709.461944
737.085,44,709.461962
-1027.8611,3,709.470622
-451.09863,31,709.49894
-1000.6298,6,709.499012
-994.8063,4,709.507995
2503.8179,66,709.508087
1887.104,73,709.536399
-1346.2468,29,709.556288
-1098.0048,26,709.600303
-1055.1688,7,709.621283
-775.46497,8,709.673525
4191.178,85,709.691445
-30.08435,19,709.691554
-1134.4705,22,709.710521
987.8097,50,709.73766
-770.08295,22,709.770106
-572.9354,24,709.818781
-48.494263,43,709.842708
-1363.836,5,709.865618
-1347.8755,26,710.03054
-1678.7009,15,710.367323
-2883.3052,22,710.367425
-1786.249,10,710.411717
1162.9324,47,710.411809
633.9715,36,710.411821
-255.83594,27,710.45101
4275.4287,100,710.524165
-1036.136,2,710.552606
-2596.1729,44,710.56533
2065.9575,67,710.584779
-1881.5664,30,710.584858
-956.97943,8,710.584871
1654.1826,58,710.623095
-880.46985,4,710.623186
-983.80786,12,710.623206
3405.1772,88,710.623213
-713.6007,15,710.665854
-930.50555,5,710.689428
12691.756,193,710.699424
-2214.4446,13,710.749463
208.8291,58,710.749553
-903.8071,7,710.764526
-965.72485,13,710.789305
1750.4639,52,710.800498
-2351.21,18,710.812461
-1043.7234,18,710.81255
1000.96625,69,710.81257
1514.925,71,710.821274
508.70135,45,710.88197
3047.6462,103,710.971938
-706.3507,10,711.033125
-2070.7715,15,711.064721
-86.242615,36,711.094617
-750.8279,15,711.148858
-1506.7068,18,711.169849
-585.81635,35,711.196571
52.836365,27,711.255817
1508.4381,43,711.261395
-1748.3313,33,711.292971
3211.2537,129,711.340158
2117.2988,69,711.354231
-872.40674,16,711.465045
-1308.9205,21,711.567046
-117.19458,27,711.745826
-115.8833,33,711.777821
5031.9414,86,711.789976
-993.22144,4,711.799429
611.24255,43,711.812066
-768.6681,18,711.824679
347.70514,44,711.824767
1498.3474,43,711.871591
-306.64728,37,711.940519
-132.16638,53,711.95145
-1165.8914,9,711.951513
95.68915,33,711.962004
-1040.9991,2,711.972484
541.0668,71,711.985118
-1585.587,26,711.98519
823.2756,63,712.014348
-1225.161,20,712.032438
-1813.2441,50,712.086895
-703.8959,9,712.132946
-1049.2091,4,712.133048
-1100.6832,6,712.133072
1465.8721,50,712.133082
-936.03485,9,712.162577
-1569.0764,14,712.251951
-1031.9642,5,712.286047
745.4312,55,712.346504
195.86346,55,712.378549
-1004.327,4,712.408206
5587.9175,106,712.539457
3775.6973,78,712.53956
-1203.2797,15,712.539588
-1407.7563,28,712.569849
-1420.9524,8,712.601748
-1172.9082,5,712.695195
1604.4854,96,712.781387
-1026.0228,4,712.808491
1887.0098,73,712.87047
-548.41956,27,712.870526
7685.0645,135,712.902762
-920.1441,8,712.95679
-1507.7539,23,712.969914
-2892.6953,14,713.02908
-1086.203,5,713.04067
564.045,51,713.101799
904.3913,40,713.117151
-479.76282,30,713.132895
-859.2389,7,713.132964
774.71454,46,713.140853
3262.9968,70,713.184614
248.01788,68,713.201379
214.56537,36,713.250656
7098.793,165,713.736096
-869.7286,8,713.736208
635.4964,55,713.765345
2237.1238,79,713.806755
-1718.6782,6,713.806866
-1005.2811,3,713.867917
1250.9641,43,713.908257
-1013.08527,2,713.908336
-905.05457,13,713.908357
-802.3013,5,713.961384
2278.244,60,713.961556
-1356.523,31,714.039251
-972.22815,6,714.060987
-1027.459,5,714.07017
-948.17664,10,714.09893
-812.28735,9,714.116992
-2241.0708,55,714.153659
-1385.0149,3,714.15376
-532.6808,21,714.171094
-1459.1643,19,714.197363
-789.53406,97,714.197441
-377.61963,33,714.210456
-1107.0853,19,714.221737
1189.231,51,714.221809
1011.2411,43,714.267138
-84.634705,30,714.279139
-1729.1173,18,714.289318
-725.74854,10,714.322755
-870.55835,4,714.322845
-3131.6384,12,714.347587
720.39374,38,714.486921
2585.9678,89,714.516597
-1919.5154,108,714.516748
-1189.049,16,714.533804
-1523.4868,50,714.693121
3421.5986,78,714.693194
1288.1106,77,714.725419
-1031.2797,2,714.746397
-2590.6333,9,714.772425
-1022.58966,2,714.772754
8034.4243,129,714.796227
157.08917,37,714.847171
-1068.6426,4,714.883259
-2513.778,7,714.883324
1231.0538,49,714.909025
629.46405,50,714.994486
-883.35016,9,715.147317
-1947.2479,41,715.172237
-1111.1018,17,715.256582
3222.8105,80,715.276771
298.90875,30,715.291626
-695.32965,9,715.335875
-1161.0259,8,715.36342
-1367.1938,47,715.363513
1695.6765,63,715.399096
327.0371,58,715.399447
-1221.0035,10,715.408183
143.96075,40,715.417875
-841.8524,7,715.417946
9950.269,187,715.477822
-189.00372,71,715.477938
-234.24542,34,715.496519
-1247.5039,10,715.506359
-1065.9332,8,715.506415
-746.44635,10,715.531006
-1055.7388,14,715.565741
-847.72955,7,715.57578
-1709.2228,32,715.585541
622.6443,40,715.58564
-2738.8726,18,715.597852
-1210.495,10,715.597904
-402.1037,43,715.611416
-965.28625,6,715.651523
-1217.9208,25,715.686199
4305.304,81,715.686318
1497.9233,37,715.835274
-1152.3346,19,715.892901
-1942.488,12,715.987884
3358.986,103,716.065768
5462.2495,87,716.143772
776.5553,41,716.185697
-678.17004,12,716.216209
-918.2086,4,716.216361
1466.8826,70,716.347835
-957.8242,5,716.379014
288.3531,27,716.379181
4519.6855,83,716.40042
-495.91638,65,716.400498
-1054.9341,18,716.464672
-1019.3419,3,716.464768
9112.305,144,716.538947
-1035.8533,12,716.570708
-776.4435,18,716.570837
-1025.225,2,716.596916
4268.8296,116,716.597132
-1833.5255,37,716.613646
3065.364,89,716.624862
-107.98413,43,716.645303
773.35114,41,716.666322
-111.891785,25,716.676136
-894.89386,9,716.737835
-1324.3188,14,716.749152
-1864.9749,12,716.761878
-1891.7556,14,716.772839
-1266.0653,16,716.805681
1250.6667,42,716.823538
660.1325,32,716.886549
-1314.3359,4,716.919239
-753.8074,8,716.975431
-1029.314,2,716.975549
-1994.2776,6,717.062311
2654.2644,64,717.062389
-30.552368,39,717.150684
7120.7485,134,717.150739
-1064.3213,4,717.184976
-28.168701,42,717.250729
-2486.4443,22,717.310653
4279.827,73,717.310806
-2125.2761,22,717.349783
-845.6989,9,717.45568
4543.2266,84,717.455821
-313.5473,34,717.489484
-712.39746,14,717.48956
-2054.6533,48,717.634378
-985.0884,17,717.672622
-1024.4401,3,717.682717
-551.7804,15,717.702773
332.05615,37,717.724719
-895.33295,15,717.756754
3287.329,95,717.756836
-1185.9767,23,717.766001
-740.7687,39,717.786123
-2370.087,17,717.786184
-94.41461,29,717.79527
-1002.9421,2,717.812597
-1024.1825,2,717.812676
-1045.744,2,717.853919
-1422.2439,16,717.885209
-2375.5981,11,717.885274
-1833.9122,30,718.0023
-1037.7183,3,718.031989
-1037.2781,3,718.032081
3029.6907,60,718.084889
-1685.2793,7,718.124567
4044.1526,117,718.155334
3084.587,66,718.15544
-1756.2572,18,718.191781
275.10974,40,718.263448
-845.6519,11,718.285952
-986.99786,4,718.286112
-243.50879,29,718.286129
4662.5293,98,718.33881
-638.7793,41,718.391393
6235.3706,122,718.454844
-788.67,8,718.647727
-419.4303,35,718.676692
-2023.1094,20,718.706007
-1036.4629,15,718.784476
-706.50665,28,718.845974
-2988.41,27,718.900578
6831.8755,114,718.940078
-1289.6567,18,718.940128
-1082.1068,13,718.970098
-612.0935,11,719.016914
487.45563,49,719.017017
-827.6429,7,719.101032
1073.929,44,719.126206
1545.479,49,719.126318
-185.22778,32,719.126347
-784.69824,6,719.126356
-981.30475,5,719.142437
-891.7047,5,719.142522
103.627625,35,719.175008
-1044.2413,2,719.1751
-985.8353,5,719.279956
-577.7645,16,719.28007
2149.8684,94,719.312585
-1399.9119,13,719.445096
2767.5425,74,719.667889
-905.5508,50,719.815961
970.0516,38,719.89134
-2310.8071,7,719.930943
-984.0144,20,719.996834
-549.9801,20,719.997053
-1030.7075,5,719.997087
-24.180786,54,720.115071
-1497.854,41,720.133919
11108.089,181,720.159598
5995.8994,110,720.176946
3880.4282,75,720.177015
2561.8142,97,720.216465
-786.1506,12,720.231813
234.70697,43,720.257893
-944.975,7,720.25798
-791.3346,9,720.269508
2241.5767,76,720.269604
-1491.2266,36,720.301355
-1971.5803,33,720.301426
-1035.9518,7,720.311043
-938.59265,5,720.32591
3838.71,79,720.336085
-1026.7303,4,720.347239
623.9458,31,720.347327
-977.2369,3,720.358721
-374.14783,16,720.358786
-2198.1868,22,720.358802
-832.5051,7,720.413872
514.02106,62,720.467764
-3019.72,29,720.51331
409.8106,44,720.543576
-933.8519,7,720.570693
1180.2937,39,720.649233
-1683.9037,15,720.649604
-1023.8616,4,720.667789
-1026.0692,2,720.699916
97.69293,33,720.820889
2532.8203,55,720.850761
-1558.5938,25,720.929689
693.0098,46,720.929795
-3171.3015,10,721.100272
-1056.8452,16,721.131459
-849.3876,10,721.241495
-1879.7836,38,721.287682
-890.4009,6,721.287765
511.41595,59,721.296642
-1745.5825,7,721.34742
-1094.2562,5,721.347487
-1196.2046,14,721.395241
323.27972,26,721.423134
-545.689,13,721.444983
796.6311,54,721.445072
711.2204,42,721.44509
-929.81335,40,721.456677
-1020.6738,2,721.484029
-1315.2651,11,721.484152
2017.7917,67,721.552229
3322.0972,82,721.59935
1436.0515,61,721.599483
4579.425,104,721.653652
12391.81,226,721.678406
-3013.5464,19,721.717028
1020.67523,43,721.746839
-1094.9928,16,721.766593
179.37256,25,721.96381
-346.27344,29,721.963918
-750.2843,11,721.963936
-848.17395,5,722.098623
-890.4949,6,722.125014
5331.552,89,722.125189
-3194.6458,15,722.158283
-405.19037,25,722.184202
117.87714,34,722.198311
-985.51215,3,722.198779
2166.014,85,722.19891
-1106.5865,10,722.222911
7168.186,127,722.24127
536.7851,47,722.316938
-685.5065,12,722.425071
-823.9974,8,722.458816
-745.48346,17,722.543187
526.47235,39,722.630705
780.46704,46,722.670324
615.7444,51,722.693941
-1025.5787,3,722.729552
4669.4106,120,722.729663
-983.392,25,722.760175
-1546.6204,16,722.900115
-815.37463,66,722.900342
-420.56104,44,723.193151
1822.9932,53,723.422949
5692.464,99,723.423034
1193.5125,47,723.51448
4615.172,89,723.543197
9383.16,162,723.599575
-1538.2952,17,723.599701
-1055.8351,4,723.630108
-1093.3208,8,723.630234
4494.269,135,723.630256
2013.3066,68,723.686465
-1161.2264,7,723.700135
-935.15204,6,723.712532
3003.9524,159,723.712998
-1784.1936,23,723.729458
5699.533,102,723.745088
-875.84045,5,723.776305
-580.6899,10,723.776409
-2463.8367,8,723.79976
-1761.4199,33,723.833875
-989.6494,3,723.874662
-910.708,50,723.897647
-1171.409,13,723.94344
5484.492,100,723.973799
-1278.8289,19,723.974213
-1050.8009,3,724.005682
529.4835,35,724.019509
2326.291,95,724.214528
-127.2901,27,724.234348
3419.331,99,724.304862
94.640686,38,724.341913
2044.4509,98,724.372928
2924.399,66,724.399784
-920.6112,8,724.557443
652.29584,44,724.557624
-1123.1199,7,724.557677
-1038.5143,6,724.557691
-120.87433,42,724.599858
11602.897,176,724.626248
904.8193,103,724.655161
11036.826,177,724.730755
-1436.9182,24,724.756164
-1251.4885,19,724.815677
-1074.9364,35,724.840008
1674.1022,91,724.840109
-1995.5776,12,724.887613
-1002.69226,3,724.887711
-723.57654,32,724.92366
-958.72046,4,724.939642
-1647.0657,7,724.939725
-872.1834,8,724.939741
465.81305,61,724.954157
961.9523,41,724.954248
-1971.2439,20,724.987623
-1001.0516,4,724.987724
-1055.1968,5,725.005623
-1191.7299,21,725.005803
-511.6191,24,725.075294
-1040.2533,48,725.109894
-709.0021,9,725.139558
331.3388,29,725.165606
656.23535,71,725.178931
7154.4497,109,725.207441
-1204.5762,19,725.207534
30.55835,35,725.241808
-1331.1067,4,725.24193
-1039.1005,4,725.295051
-1023.3737,2,725.349308
-799.65576,8,725.416033
-1264.6772,32,725.5929
-1031.3456,27,725.69364
-939.227,4,725.72167
692.2629,50,725.778867
2131.9934,87,725.779011
1142.7485,44,725.810799
-926.7786,30,725.934281
392.5393,29,725.955651
7573.414,150,725.990139
-1668.2312,9,726.047489
-993.7674,2,726.047591
-767.4186,8,726.047612
652.56,70,726.067081
1445.7383,49,726.076182
5020.5376,87,726.086739
3617.787,81,726.134071
768.69885,56,726.134236
-966.66907,6,726.143429
3527.723,107,726.162493
-1080.1172,9,726.162638
-831.3035,10,726.195797
-856.8731,24,726.258742
-2584.9128,19,726.25888
-628.16296,28,726.275104
-91.98157,44,726.288228
-910.4769,8,726.288295
-568.07794,12,726.305274
-719.6249,10,726.328383
-809.1072,7,726.342227
-1668.9939,5,726.342321
-1746.9235,15,726.368312
413.89264,52,726.384243
-952.1895,4,726.384335
-1027.8806,4,726.408638
-927.1725,5,726.493979
-743.35913,14,726.518135
902.24225,95,726.518282
-97.46338,25,726.545338
1065.1497,53,726.545463
-214.75507,35,726.625324
-2705.5981,14,726.740259
4391.768,86,726.812058
1308.5435,43,726.8338
4458.9155,80,726.863089
-1992.8228,29,726.863178
-1282.8389,42,726.891699
-1363.6584,14,726.891854
-1080.3862,15,726.920715
-985.6245,3,726.955854
-938.67755,4,726.95595
-1615.5833,17,727.022919
-978.9367,4,727.151054
-1453.3274,27,727.263039
1683.2615,52,727.295755
-1047.7089,3,727.295849
396.38635,39,727.308293
65.36035,27,727.320804
-1971.5701,17,727.320899
985.37286,76,727.364785
3735.9805,111,727.389623
1833.1448,49,727.401818
5629.7456,126,727.401891
-1067.8376,29,727.401907
-1033.2843,4,727.41313
-1025.5588,3,727.444897
-1118.151,4,727.456234
-966.71924,20,727.467246
243.46045,29,727.467325
-2363.4927,16,727.49834
-1212.3297,15,727.508919
-3194.4363,11,727.534745
-2424.0469,54,727.542477
-1011.8935,3,727.575521
3885.8591,86,727.575604
-1342.3026,17,727.588209
2543.398,53,727.602416
689.42914,41,727.654434
-801.21,12,727.654517
-1063.4205,3,727.714004
5005.851,114,727.714082
-670.62573,11,727.783593
-1480.6873,10,727.78369
-2099.2847,17,727.783708
63.70819,22,727.818965
-3929.363,35,727.84583
-989.57446,9,727.954691
-1155.2465,6,727.954868
-1028.2963,12,727.95489
949.45776,42,728.082447
130.29633,60,728.174216
-900.71985,7,728.174333
4381.035,84,728.197889
-1091.3684,10,728.259065
-983.35614,3,728.361241
-942.21606,8,728.399427
-240.49438,23,728.455709
8319.958,162,728.488225
-1677.3241,7,728.499289
-1976.112,5,728.550154
360.34802,58,728.601709
778.60736,34,728.625384
-2784.842,25,728.651482
829.5467,53,728.651583
-811.5631,15,728.651607
-942.5184,4,728.683843
-1549.7151,12,728.720289
-1003.12195,5,728.720368
7122.369,123,728.751731
-791.9907,8,728.763406
-265.76404,48,728.796523
-2060.9292,17,728.827186
3414.6,100,728.827285
-894.53265,12,728.88898
3633.495,94,729.014305
-624.99567,17,729.063223
-733.74414,11,729.08811
3510.4092,74,729.136206
-2014.5061,14,729.159477
1738.3801,57,729.191561
-757.18756,27,729.191962
-415.92426,30,729.217977
-986.6164,5,729.265196
-681.49084,10,729.325543
-1197.2024,10,729.450581
560.71857,34,729.450707
6107.1855,99,729.450729
-1472.387,10,729.532912
7531.8853,135,729.622062
786.9042,72,729.689146
-705.6106,10,729.698221
-1463.8892,11,729.722119
-943.23517,12,729.735116
-1516.8054,8,729.76731
3017.413,102,729.767408
-1298.1162,4,729.800735
6457.62,142,729.800836
-57.79138,35,729.825939
1054.6677,40,729.826488
3964.4417,99,729.842566
8206.032,118,729.857441
180.77295,76,729.857524
5031.49,122,729.85754
-123.72119,26,729.868538
-958.5968,6,729.878253
630.5056,53,729.878333
1644.8801,75,729.88952
-2063.498,6,729.929932
-301.26477,24,729.941975
2545.4849,57,729.967224
208.26349,45,730.036616
-217.56299,25,730.036708
-773.41956,24,730.036727
-2377.7175,34,730.223785
6562.4937,120,730.223865
-659.82684,10,730.276948
-712.39734,9,730.507866
-4179.0605,26,730.50798
-1340.4736,37,730.584518
-492.5825,42,730.613708
725.87946,41,730.641592
-1698.2054,13,730.66825
6501.001,129,730.66833
-3574.9834,38,730.725289
-944.03076,5,730.725407
-1107.7759,8,730.725441
222.22205,41,730.758453
-634.5613,42,730.758577
3471.329,73,730.780642
-944.95966,2,730.780727
-928.90576,4,730.780748
-1021.88116,2,730.802624
-1071.0542,3,730.802703
-1725.3796,46,730.877305
-798.9885,9,730.888217
616.8904,38,730.954067
-810.9951,17,731.000405
-1851.4374,38,731.047135
2165.0798,96,731.060105
-1366.4409,20,731.073892
-513.36743,21,731.088161
446.4803,94,731.101779
-1466.34,14,731.126383
-821.45935,6,731.145074
-1784.6702,12,731.169717
3084.309,76,731.179809
-204.68506,29,731.196398
-435.39728,34,731.196505
-971.4704,9,731.226359
-1095.4617,3,731.245793
-417.3108,33,731.245929
-735.55585,9,731.373389
950.5904,80,731.443633
-528.84546,38,731.500039
2966.1216,84,731.529144
3276.2458,89,731.582373
-1129.4298,26,731.582492
4258.8667,85,731.616786
-906.47125,7,731.70174
-1997.5659,26,731.81693
-1845.1418,11,731.902577
-1718.5911,18,732.180328
3117.4343,95,732.202645
-983.4585,23,732.217583
-841.2389,33,732.217681
3286.2744,98,732.275886
957.5473,45,732.307463
3012.1763,79,732.319097
957.9698,44,732.330168
2227.3252,66,732.34202
-2400.5137,26,732.352717
-921.90845,11,732.352794
3232.5112,80,732.376674
-692.64954,9,732.406472
-1167.8903,6,732.406671
-1047.0726,6,732.422863
-456.13477,20,732.423215
-1596.8027,30,732.449547
-660.2444,42,732.595288
-895.8264,30,732.628806
-1445.9775,12,732.629181
1144.1259,42,732.661085
3987.375,89,732.713657
-990.743,12,732.754199
-1141.7052,6,732.812177
-1053.6987,4,732.872667
1097.2,42,732.911458
-336.135,30,732.911789
2164.6821,77,732.991547
6397.107,127,733.048656
-1865.0107,13,733.048884
-1030.4679,3,733.117957
3186.21,80,733.178545
-1789.1421,20,733.208836
-1050.1025,13,733.237725
3493.4282,77,733.284818
-143.94318,37,733.284883
-1338.897,5,733.297075
-1045.8661,2,733.318874
-961.48376,24,733.329599
2545.1802,114,733.346431
40.983154,46,733.382634
374.8062,47,733.382747
-1031.4574,5,733.416153
-955.8042,2,733.435333
-841.68536,8,733.473578
-1175.5186,12,733.473733
-1752.0842,23,733.49689
2280.1643,68,733.522451
3750.2095,96,733.522522
-1782.5432,53,733.54178
1973.4706,52,733.556836
-1058.6202,3,733.556938
-2469.3105,20,733.580314
-1944.2277,7,733.611827
-457.9041,28,733.643978
-125.939514,39,733.691394
-397.22272,31,733.718902
-638.86884,45,733.718997
-2335.7754,10,733.738699
-997.78235,11,733.738813
-746.131,19,733.784377
-1449.973,10,733.839151
-926.00964,7,733.919851
-1413.629,8,733.919932
-227.67432,117,733.919949
-865.71436,7,734.148099
-97.951294,39,734.298082
1202.4777,58,734.433534
666.50745,40,734.458906
3701.3997,90,734.468853
-915.8657,25,734.484796
3177.9065,71,734.49432
3541.7676,109,734.505193
-1020.64825,2,734.514114
-1349.5403,33,734.525338
247.3305,35,734.525401
-1569.0327,9,734.550714
-744.1981,20,734.560221
-1024.6296,2,734.573073
-2473.6907,12,734.589764
-1222.7661,19,734.6013
3733.7507,80,734.680946
-2764.8372,11,734.691533
-1979.4558,12,734.691614
-3042.213,57,734.723037
2013.2357,59,734.723127
2632.222,96,734.736096
-995.4342,14,734.759869
678.24005,55,734.794215
6609.0483,119,734.813286
-908.6664,5,734.824464
1194.0762,51,734.839337
-804.6384,10,734.866724
-1088.2206,13,734.866884
2552.8647,77,734.880629
-1553.9313,16,734.909744
-2258.8428,36,735.022611
-1118.4642,16,735.022736
-1593.3666,9,735.096344
-941.9823,9,735.131885
-2300.7583,25,735.17967
-1324.033,14,735.179778
7315.453,128,735.208127
5136.173,122,735.239025
-242.47894,24,735.264837
1143.916,48,735.298374
-1914.7317,14,735.298532
-1029.2589,2,735.324873
-3121.9414,22,735.325057
-1709.6771,5,735.325087
1005.67175,51,735.342837
-1021.032,2,735.371773
2116.0571,79,735.396042
-899.6027,9,735.463984
-1076.3018,50,735.464045
-847.8504,7,735.513324
-1385.9849,19,735.551168
-867.5445,10,735.583905
2794.5867,83,735.641763
-939.7092,12,735.668489
1172.2373,87,735.762556
1024.7983,37,735.775541
6473.6724,122,735.798881
1494.3364,38,735.798994
-1455.3684,19,735.929604
1736.3613,71,735.942373
14.828857,39,735.942448
95.72235,31,735.96361
235.82672,38,735.977762
-1039.6106,3,736.001501
179.67212,46,736.014279
353.51288,30,736.014372
-158.55536,45,736.0401
1159.4521,40,736.064065
-1998.5222,44,736.121188
-1048.8071,3,736.121323
-875.92206,6,736.154775
3179.662,92,736.255632
907.2187,45,736.39209
-1341.432,20,736.392269
-1067.4395,3,736.471802
-598.9704,19,736.513805
1455.9387,51,736.595701
-622.6717,44,736.640029
3530.768,73,736.640109
3280.3594,109,736.664255
1125.0225,34,736.74059
1790.0386,46,736.763985
-1673.1344,11,736.791047
-808.63226,27,736.846454
473.59747,35,736.846549
5670.1475,94,736.909609
-903.4446,42,736.952221
-1267.2944,22,736.996095
-94.78912,22,737.014771
4122.7183,80,737.025226
2997.63,81,737.040782
1716.4282,43,737.040841
1010.0604,66,737.049227
156.44037,26,737.059065
-2876.7197,23,737.078299
-2274.217,9,737.086578
738.07056,51,737.097387
-998.3489,2,737.106815
-846.8832,9,737.115491
-1588.0576,10,737.138903
-759.19354,7,737.180058
957.4744,70,737.196588
154.22571,29,737.220873
951.8873,34,737.231931
-559.9442,40,737.267306
5668.368,107,737.343699
2097.2742,90,737.34379
-1918.5625,26,737.407197
3554.4585,70,737.462432
-1168.1382,22,737.462509
-1822.9016,7,737.578202
-695.72656,31,737.578299
-874.5436,6,737.593498
-1108.5789,37,737.626607
-1075.4733,13,737.658601
1184.3372,52,737.6587
-164.37866,27,737.683495
-812.0749,61,737.712666
3724.9097,81,737.809232
3198.3135,73,737.809338
4566.4883,118,737.831284
-1041.6727,10,737.831439
195.98706,42,737.831477
1838.596,62,737.858217
-821.24023,8,737.918015
-1006.5068,5,737.943684
4917.141,87,738.05962
1658.2991,60,738.059697
-2624.59,25,738.059715
-1217.3115,12,738.077895
-1979.2551,52,738.091755
-911.61005,39,738.102036
304.60693,40,738.102122
-577.48035,11,738.113814
-1016.28485,4,738.165005
-1065.3495,27,738.172565
-1019.5736,2,738.184258
-1557.694,30,738.193391
-1206.4901,10,738.202123
-792.365,8,738.202187
-696.77075,9,738.202204
-994.89795,3,738.212418
-913.11206,24,738.224579
-1066.0116,4,738.24594
-967.09875,7,738.246006
-844.01135,6,738.264503
-1519.984,36,738.274171
-2558.339,52,738.308676
-768.99963,11,738.308764
-1101.1998,5,738.336024
-56.39453,33,738.354676
-1799.4001,14,738.363239
-1007.23956,6,738.38212
179.70087,30,738.404073
-1845.991,14,738.40416
243.1839,40,738.413196
266.81305,34,738.441969
-1888.4067,6,738.44206
897.2761,52,738.459073
3441.0564,78,738.526259
582.5124,34,738.526363
-839.2666,8,738.526381
-1519.6082,24,738.55041
-1395.2157,21,738.592917
4815.3735,81,738.592983
135.05182,30,738.622538
1457.5038,61,738.650641
-857.49854,7,738.673449
247.86298,57,738.692862
-704.96234,25,738.742676
1373.6322,63,738.808056
-944.9894,10,738.861444
2838.71,74,738.861529
5137.985,101,738.918716
-859.3511,8,738.946728
-1892.1562,46,738.974963
-2261.3093,19,738.975035
769.3409,43,739.038137
-2082.5542,18,739.038197
-744.6131,8,739.053455
-2734.0984,67,739.171173
2841.124,100,739.171248
-213.62695,23,739.237945
-170.67645,32,739.273221
-1177.4971,16,739.273279
-1054.7764,6,739.296492
-1173.9365,7,739.312797
-1289.2224,7,739.391229
-354.37158,51,739.391315
81.08319,48,739.403182
-1025.8961,3,739.434099
-1074.0459,29,739.457333
-947.23755,6,739.457396
114.72125,58,739.466404
369.86896,48,739.505168
-655.96106,12,739.524398
591.2348,32,739.524468
600.0503,37,739.533705
693.0219,49,739.53377
-1176.6202,8,739.542432
2346.27,70,739.552601
-1023.90875,2,739.552678
-1555.1306,27,739.563359
-900.64386,25,739.563428
-1281.7401,11,739.572293
-1066.7576,5,739.572362
-827.8811,8,739.580767
-1033.6091,4,739.59021
1327.4512,43,739.598658
-1041.0519,4,739.62282
-991.6255,3,739.633388
-3118.2964,6,739.633503
-476.4591,12,739.651394
-2794.7805,18,739.673831
-1418.0543,10,739.673899
692.23517,61,739.691558
-721.52356,9,739.736514
-634.76,10,739.849077
471.44934,87,739.84916
3382.9075,80,739.874304
-1993.7244,20,740.169504
2914.4434,60,740.262703
-755.4451,12,740.262959
2899.3794,94,740.496546
-1082.8763,15,740.507761
-866.6677,25,740.507827
4597.1865,94,740.557797
-1099.2358,15,740.557883
517.31964,52,740.630905
-712.53735,10,740.642118
-649.2499,41,740.642195
2482.5203,87,740.677014
-911.9109,5,740.701713
-756.0845,8,740.734935
-1753.8601,42,740.76255
-776.98883,7,740.770248
652.3181,45,740.804614
-762.82263,8,740.826338
-207.53143,27,740.8889
2096.416,95,740.911595
3875.9224,85,740.911677
-618.0124,36,740.911691
-880.9542,7,740.984611
80.0683,30,741.067843
139.1435,26,741.092756
-652.6568,33,741.141789
-1027.4003,5,741.197496
3765.5608,78,741.295028
-69.76984,21,741.295088
1839.2539,66,741.320314
1457.9819,61,741.375811
698.3218,47,741.405522
-1037.2256,2,741.424639
3297.3506,128,741.500281
-1089.4465,5,741.528528
-780.70483,15,741.583857
1009.4399,66,741.677781
1578.3043,47,741.706315
-928.50134,9,741.725405
-1027.1083,3,741.734184
-999.10376,2,741.751503
283.13177,49,741.76304
-734.2639,20,741.773773
3648.5469,102,741.773844
-1064.2358,3,741.795957
3210.733,126,741.796057
955.35156,45,741.815961
823.2637,44,741.816038
898.6218,42,741.825886
-34.21277,39,741.835226
-1922.7009,18,741.854135
3538.6792,93,741.883517
-932.64624,7,741.883594
3503.5205,106,741.92835
-474.44604,19,741.966081
-1061.367,15,741.96614
-845.3547,9,741.985175
1077.3455,45,741.994621
-80.595276,27,742.017018
752.4965,47,742.017115
-761.5541,7,742.075652
-797.4199,22,742.125098
-1303.0457,9,742.153079
-1135.855,22,742.17927
-1034.6592,2,742.179349
8665.909,131,742.210621
518.8925,48,742.210739
-252.03503,29,742.296107
1113.5646,60,742.328434
-904.3504,10,742.360325
-889.13745,7,742.391309
-922.51324,10,742.433878
-920.5258,6,742.484355
-2061.822,12,742.60705
1766.6459,77,742.607144
455.90472,46,742.607166
6638.0474,142,742.664445
2448.8118,65,742.691485
-1034.4586,3,742.691571
1167.5933,49,742.746157
4185.623,94,742.827074
-619.61945,17,742.827182
-478.08856,16,742.850229
5928.57,95,742.850333
-219.80151,26,742.868424
-585.5725,21,742.878064
-973.268,3,742.878124
-595.7551,10,742.894009
-162.39905,41,742.937342
-782.25037,32,742.937417
-151.78394,46,742.956003
-1293.8923,4,742.977559
-1065.9862,21,742.977636
-989.32025,37,742.989386
97.71527,28,743.003247
-973.0619,5,743.012695
-916.6296,14,743.020767
-1034.5476,6,743.040003
-1854.3284,16,743.040081
-669.05005,7,743.070908
-888.504,7,743.083
-1004.36694,6,743.08306
1096.9287,57,743.109
-296.76123,36,743.175446
3125.5776,134,743.175508
-725.55194,25,743.207257
-39.7959,36,743.256517
-863.47986,19,743.270214
2854.615,77,743.270313
-544.09717,17,743.363858
984.78345,32,743.430758
-769.2422,22,743.430833
-714.003,9,743.446754
-1410.6652,11,743.674178
-1252.0273,59,743.761509
-347.70447,19,743.903275
-1669.249,34,743.903403
5678.0415,117,743.903433
-1051.3994,28,743.934964
-1362.6987,11,743.963506
1548.7312,56,744.041049
31.640625,37,744.063367
-1165.5876,7,744.082515
-3317.3882,28,744.082584
-737.95337,8,744.103403
1059.1663,55,744.135107
2103.6194,60,744.153564
3415.2822,85,744.153661
1432.2556,79,744.169571
-2322.0854,17,744.18087
-175.20453,24,744.20868
-1197.0881,14,744.242923
-1435.2457,9,744.254306
3647.8857,145,744.273048
3623.3062,97,744.273117
5557.9077,125,744.304476
784.067,63,744.325522
-1053.385,5,744.325613
-891.933,7,744.335199
-1377.2427,15,744.353672
1691.8442,54,744.353858
5427.4517,102,744.390134
-1157.6454,16,744.489519
-2264.9329,24,744.517229
-367.45404,27,744.517305
2391.18,106,744.517319
-1024.7518,2,744.561764
-35.417236,25,744.588948
-1711.5039,23,744.845583
1451.22,47,745.007825
-1734.5176,9,745.29895
1524.6528,55,745.324587
480.61346,57,745.372718
790.736,35,745.389563
-1017.6175,2,745.402015
-1166.8778,9,745.42489
2392.3318,59,745.424955
759.74677,31,745.464375
5390.866,132,745.464448
2899.0537,101,745.485643
766.1044,30,745.485734
8058.261,183,745.495315
-1038.8698,3,745.51377
-740.27606,27,745.543594
2320.3503,69,745.553341
-967.94586,12,745.553401
-843.5489,8,745.572284
-1036.8484,2,745.572337
402.58057,54,745.586512
-960.65485,7,745.586599
1951.0891,87,745.614709
-1005.8459,14,745.627031
-1286.0696,20,745.720728
8049.834,138,745.801104
-507.36432,11,745.841633
2452.7188,59,745.866307
1275.126,72,745.91708
156.28326,34,746.045391
1604.9982,79,746.155664
-1204.4048,11,746.155778
-1058.1805,9,746.309477
-1048.3613,3,746.393287
-939.48254,9,746.420021
2364.8801,63,746.484625
2773.7573,89,746.500557
3890.5874,82,746.526636
2789.1184,104,746.542282
-1070.9768,46,746.555561
304.28094,46,746.579007
-707.7322,29,746.59428
412.42792,50,746.635136
-999.04956,6,746.666637
183.4173,38,746.666741
-1083.797,18,746.684049
1312.7859,56,746.72751
-906.25806,5,746.739406
-1199.2396,16,746.762099
4992.926,116,746.783343
3211.3594,78,746.783409
2569.3003,60,747.021941
749.8984,47,747.042854
6868.4316,117,747.069943
317.92786,34,747.0942
-1013.3744,5,747.127895
-1770.9495,16,747.12797
633.65485,41,747.171053
4813.961,100,747.242795
8033.495,166,747.242852
-1281.3058,6,747.254097
681.74884,42,747.273265
2839.3416,90,747.32111
630.0034,37,747.321171
-1451.67,6,747.375853
-831.78625,15,747.393681
-2654.717,18,747.433083
3586.481,88,747.455611
-584.192,11,747.478107
-862.71387,11,747.527152
-306.5653,43,747.54482
-1043.7284,3,747.54496
1481.6837,38,747.571296
-2268.3484,15,747.614937
-1563.4855,16,747.716839
-1528.1064,13,747.756969
4088.6575,96,747.757068
-895.4205,7,747.76836
-885.3837,47,747.800951
-1013.86035,4,747.817828
-484.10736,16,747.846502
-1035.3931,2,747.846582
243.69421,32,747.846601
6136.5215,127,747.856853
-39.170715,76,747.900103
-620.47424,18,747.900175
-3257.331,25,747.921914
2546.4321,75,747.95449
7390.6562,121,747.966098
-1027.3693,6,747.966191
-1003.80725,3,747.998077
81.73169,28,747.998171
-2092.0852,23,748.051986
-1431.8331,16,748.052082
2001.0481,50,748.052113
-941.07654,7,748.052122
-1111.7064,5,748.180487
3319.191,98,748.180677
-1246.192,5,748.180723
-1024.9816,2,748.493324
-654.5654,11,748.518381
-1385.3616,14,748.518509
-1885.2185,34,748.54257
1337.0789,50,748.591887
-724.4158,8,748.611712
-1526.3004,10,748.652687
-1227.8298,18,748.652769
-804.5988,28,748.673905
4541.686,92,748.701924
-738.9464,33,748.723776
-992.4206,3,748.723852
2849.8164,88,748.723866
-716.3887,9,748.723871
-707.0586,22,748.826911
-1096.4258,14,748.827002
-922.7958,7,748.827028
-602.3025,10,748.856794
-1409.332,8,748.886266
-571.4711,10,748.905472
-1800.4739,7,748.915783
-950.8372,40,748.927893
438.94177,48,748.949332
4700.9453,105,748.968925
-708.384,13,748.980715
838.70825,35,749.070393
1267.9032,67,749.095172
-754.6737,13,749.103415
-692.81116,46,749.114637
-429.2746,29,749.114712
4384.6494,87,749.140134
696.1977,32,749.140206
-1459.5632,6,749.178957
5786.79,94,749.190388
-679.6371,10,749.224457
-1049.72,3,749.224545
3028.3777,75,749.290528
439.61395,33,749.348419
464.5003,38,749.447174
-1863.2217,43,749.471764
4679.2485,118,749.498925
-699.295,10,749.499032
-1120.9679,7,749.554695
3943.1226,100,749.588533
2750.1318,57,749.588648
-1999.9434,5,749.636012
-1015.188,4,749.698125
-990.25226,4,749.759632
-110.44391,21,749.811079
257.3637,33,749.830541
-1744.794,16,749.864932
1214.0913,47,749.888543
5029.043,102,749.941808
-991.6735,34,750.021359
-1166.8412,15,750.058834
-1912.7214,20,750.072583
-690.10266,10,750.080295
2872.499,73,750.092771
-1957.6138,27,750.102126
-1235.2683,5,750.110187
1648.5981,66,750.138617
2621.6328,90,750.170948
-870.46106,5,750.171021
-761.06415,33,750.189027
3296.2915,82,750.197741
-1510.9592,16,750.21794
1555.7026,54,750.218011
-551.5472,63,755.175034
2733.2092,76,755.209099
2933.99,86,755.283983
-707.8457,16,755.284037
939.5262,48,755.30233
972.5158,35,755.522176
-1370.1519,11,755.548472
-1608.1926,35,755.713215
4509.024,85,755.713285
-2148.595,9,755.770694
-923.5721,7,755.878011
-1109.4655,6,755.900364
2813.4155,61,755.98041
3130.6458,66,756.060989
-501.69168,37,756.06809
1392.3611,51,756.108976
-787.67676,10,756.118431
-1023.06177,8,756.129936
-3534.5315,40,756.146029
1658.4481,50,756.158192
662.9709,68,756.158258
-1146.7478,16,756.158276
5605.628,134,756.158284
-1005.61334,2,756.168068
-808.4427,7,756.201418
-1053.8226,5,756.201463
4558.244,88,756.211528
-987.9437,6,756.221032
4158.788,122,756.221098
2932.6858,67,756.230457
3279.6992,88,756.230542
3317.5122,67,756.249325
-679.0287,12,756.272264
-1650.8235,8,756.281387
3081.4878,85,756.368472
-1514.7258,8,756.368556
-952.1957,27,756.400269
746.3277,32,756.400368
-1724.6074,18,756.413231
2209.198,57,756.424447
-1829.2145,12,756.424515
-1015.27716,3,756.453955
-874.6449,8,756.502569
-969.95404,3,756.529569
-542.5526,33,756.554083
4321.231,100,756.668751
-175.73462,28,756.719892
5669.0723,99,756.907253
-398.5954,14,756.907322
37.8443,39,756.966147
-1790.4545,23,756.998549
-903.3211,6,757.057718
-1454.3442,20,757.1595
-1685.1182,18,757.159587
961.1287,46,757.213728
275.83868,57,757.242463
150.0492,52,757.286994
7759.864,143,757.329101
-266.8921,43,757.36293
4464.981,112,757.380945
-1945.6492,27,757.411885
2771.643,74,757.421889
-557.2671,30,757.448227
-1618.9014,29,757.531321
5227.221,104,757.559087
850.9847,63,757.574315
-1926.105,24,757.631938
-3319.6748,33,757.651758
-1080.0182,4,757.700427
3560.5693,74,757.726921
305.09906,54,757.760827
-547.5078,81,757.828385
819.1657,52,757.857443
4967.2617,126,757.857701
-1501.5232,16,757.912674
8897.463,166,757.948603
-409.10193,35,757.948748
-774.27496,10,758.001016
-1791.9551,5,758.001068
11934.966,205,758.001079
-858.50287,3,758.001086
-960.74976,7,758.036185
-992.2837,6,758.036399
-1679.6812,13,758.062031
-1025.3625,3,758.086211
-1464.4225,17,758.086309
-870.6866,7,758.187033
3781.1536,110,758.212485
-1503.4802,8,758.291424
-853.0848,7,758.369432
-916.7981,17,758.397982
7383.9263,117,758.452082
2493.1873,96,758.473207
3113.7246,102,758.520448
-897.11975,14,758.563748
2285.0352,80,758.582315
-1472.9878,35,758.646018
-1464.1018,11,758.672107
-2080.298,7,758.737739
78.61554,46,758.737828
-891.52527,28,758.737858
624.941,35,758.77736
-881.43317,5,758.793759
-849.53,7,758.815516
152.6648,54,758.866676
1356.0474,53,758.866771
189.41254,27,758.882474
2536.9817,93,758.924492
-1275.034,4,758.95329
-4241.2305,24,758.953381
3012.4238,65,759.020596
518.1232,95,759.079286
3064.45,87,759.079367
6320.33,120,759.13401
-683.5429,9,759.159707
-1737.7375,5,759.209025
174.0202,53,759.209099
4448.667,126,759.281782
-873.80115,14,759.310717
1984.354,63,759.310953
-144.45874,34,759.448436
3005.7798,82,759.49895
6180.0137,128,759.546896
4906.7534,86,759.575826
-1068.5742,3,759.639445
-2445.3855,20,759.672016
-1279.5381,5,759.683943
-309.8614,19,759.701564
-1639.4535,31,759.714422
-1001.6935,4,759.724706
-926.14923,7,759.742808
-1032.8164,2,759.768947
186.31055,39,759.76902
-1380.816,7,759.782172
6891.8916,110,759.793868
-1250.1611,11,759.827678
-767.3431,8,759.84479
4110.284,100,759.852115
-852.15845,10,759.860769
740.0407,54,759.870552
660.5079,47,759.890148
-3240.9775,16,759.939917
1149.6816,45,759.951248
2196.4277,69,759.969221
7044.2183,142,759.986653
434.98914,55,759.995934
-612.293,41,760.005005
-2648.739,27,760.033157
-953.4628,4,760.033245
-786.0709,12,760.072583
2674.8975,56,760.093269
14.436523,63,760.163704
1134.4287,76,760.1638
-1018.34515,3,760.244179
-797.41797,29,760.298582
-332.6858,29,760.322627
-885.91473,16,760.35116
-1183.4576,38,760.464508
-815.4291,21,760.534285
663.3727,43,760.534365
-780.224,9,760.572316
8529.297,184,760.653614
-687.646,12,760.65371
-1033.4374,3,760.653727
-1024.8752,2,760.710685
-955.38544,13,760.855927
-1564.2888,11,761.812254
-2039.8993,65,761.812445
3704.6357,138,761.839891
-522.7722,13,761.945426
2434.69,97,761.946304
1897.9539,53,761.97682
5775.345,120,762.10293
-909.84656,16,762.112287
-957.5536,15,762.18062
1328.9595,58,762.194176
1565.7898,53,762.194238
-465.80988,21,762.21324
-1177.5085,21,762.263347
1583.0378,51,762.272132
241.39789,51,762.30008
-894.2434,10,762.310142
-1028.2631,3,762.335851
-2790.171,5,762.347022
-1154.8414,13,762.365732
3847.458,77,762.386607
-1462.1208,37,762.386713
884.48126,47,762.429096
2911.9443,71,762.456795
4839.5083,94,762.488915
-1007.9306,5,762.489006
508.02502,39,762.523536
329.81616,43,762.523657
-949.874,24,762.548005
-867.65753,19,762.574489
-2371.3271,56,762.63957
-989.0305,3,762.671457
7442.16,120,762.671585
3828.2173,75,762.671614
2319.0728,62,762.727836
-1537.8467,7,762.764561
-903.9592,10,762.764679
-890.5297,11,762.879963
3064.9124,85,762.880033
4617.361,98,762.958025
4974.601,136,762.95809
-677.2765,10,763.008994
-707.6239,16,763.009077
-1042.4214,3,763.038976
-904.49304,10,763.061796
849.088,42,763.086469
-1069.9934,5,763.148039
-896.2511,7,763.14816
-1022.24457,4,763.181247
-595.8441,10,763.181307
373.8811,52,763.211833
589.60333,34,763.272911
-1777.9169,18,763.311518
-1058.6501,6,763.330698
-1000.81866,13,763.360388
-892.52673,6,763.368684
1022.4744,46,763.397919
-1739.9272,30,763.397998
2174.5083,68,763.408585
-1414.0319,17,763.408638
10985.459,193,763.42485
1792.0786,57,763.434937
-1017.0035,3,763.470049
-1448.7,7,763.483188
1154.4661,46,763.483251
-873.30096,6,763.483266
-379.78912,27,763.504107
-854.0537,8,763.514132
192.95697,44,763.514195
1804.5568,53,763.541012
-935.6547,7,763.55971
1593.5088,64,763.579646
-1303.7322,11,763.611329
-1017.55634,2,763.611423
-1069.7168,3,763.659733
-1526.7009,20,763.659827
1378.1299,44,763.659848
2382.3367,60,763.693125
-1804.4608,41,763.762309
-771.595,25,763.802137
-976.92004,4,763.802236
-122.79004,32,763.802256
2424.4673,58,763.802263
-1104.1301,15,763.85092
-832.00446,6,763.851031
-786.59265,14,763.88623
-1032.6594,3,763.953124
-233.1383,53,763.993257
45.099182,52,764.02873
-2450.6265,9,764.064409
-1197.4913,10,764.245896
-259.91107,27,764.246017
-1763.3733,14,764.349457
-1013.4063,7,764.388648
-1981.6465,32,764.463237
-1017.8096,2,764.463409
-3675.9614,18,764.543004
2109.4758,77,764.570163
1732.9485,48,764.570305
-1001.41003,6,764.631023
-474.81207,18,764.631111
-2306.3743,21,764.631131
-2210.4375,11,764.699821
-1436.4574,15,764.780657
-698.8087,10,764.801906
-418.69855,33,764.811281
43.0484,25,764.819915
-140.45477,37,764.842726
-890.3529,18,764.864467
784.13385,62,764.864652
3941.9856,89,764.864684
-674.0496,34,764.864696
-1061.6923,3,764.902682
-360.05383,44,764.927339
-1025.4966,2,764.984337
683.50555,60,765.056504
1516.0405,59,765.056759
-1778.6455,11,765.056862
352.78253,25,765.05695
-956.65045,11,765.164266
-1418.8291,14,765.236368
3543.6025,118,765.262673
-2004.2185,6,765.40747
-417.81274,26,765.40777
-232.22003,37,765.490164
-1201.134,41,765.519222
-181.80695,33,765.547397
-914.1011,6,765.572573
-2333.31,21,765.603915
927.6104,42,765.67009
1754.9827,45,765.677737
2380.459,62,765.686819
-809.9607,10,765.705609
368.13568,49,765.71786
2880.469,113,765.717939
722.3626,37,765.729624
-886.85187,7,765.739262
-1058.9375,4,765.75879
-751.8232,9,765.768344
-1117.7708,18,765.809688
-376.14703,38,765.809767
-803.5537,11,765.820411
565.0828,39,765.820474
-580.5104,10,765.831638
-907.0816,11,765.859015
-1237.9834,31,765.887912
-1209.9714,5,765.887969
-636.5646,48,765.897318
-1053.2842,4,765.925837
-250.07623,105,765.925904
-1292.1493,10,765.925921
-796.23376,16,765.934348
-306.8202,30,765.943403
-1573.5342,19,765.954277
-939.17395,4,765.964309
-968.34503,5,765.973351
-1271.965,15,765.973422
2478.0813,55,765.98225
-981.49805,7,766.001229
-994.2919,5,766.022436
-983.6427,5,766.022493
-1093.7852,11,766.034462
-621.7091,10,766.095736
-1079.4438,6,766.095843
3326.0771,99,766.130151
3187.9707,73,766.161697
574.38257,29,766.188175
-1327.9401,6,766.236745
-4684.2935,40,766.236823
-993.19434,3,766.261888
802.55255,44,766.261983
-1028.0332,2,766.314041
-1571.6465,21,766.421971
-980.3716,6,766.472133
-84.83917,28,766.528278
-695.63074,21,766.528378
782.5851,40,766.579552
3475.1174,66,766.611349
-1847.252,24,766.649353
582.538,40,766.698146
6635.525,108,766.698216
-3184.2505,67,766.69823
3329.5762,85,766.779566
-842.9918,6,766.812714
-661.44293,15,766.839307
-833.5796,43,766.89115
-783.9347,12,766.909732
-2569.2705,26,766.918268
-254.31958,35,766.936942
6370.4854,108,766.937027
-2735.7896,29,766.937045
-832.8412,9,766.954524
-1094.9701,5,766.954612
-980.355,13,766.954636
-1238.849,12,767.00226
-926.77765,6,767.014528
-884.6303,8,767.045146
-1117.0791,13,767.068811
-737.523,52,767.097538
3337.213,74,767.112331
-1434.4353,9,767.125584
-1015.9956,21,767.169914
-816.52423,8,767.209928
7136.6494,124,767.210006
49.661194,42,767.220963
-162.77399,22,767.221068
-1721.687,13,767.261721
339.41644,43,767.334028
2020.7178,60,767.334127
-1387.644,14,767.358741
-1598.9221,8,767.392714
920.5939,39,767.429451
7480.025,121,767.429571
-120.36481,31,767.476105
-1046.0531,5,767.501906
-3216.1265,19,767.615874
-926.7602,6,767.638728
-1063.49,13,767.686297
271.2968,52,767.686407
145.2254,41,767.708916
2201.916,74,767.730501
-1584.062,19,767.877996
-1058.7177,39,768.038531
3650.7373,93,768.19081
-1772.2024,27,768.244434
-102.77576,29,768.255319
-2465.7622,32,768.255398
-257.4447,51,768.290596
-1773.5781,13,768.338253
1274.4644,44,768.338333
-919.58295,6,768.502331
-1701.4519,11,768.518928
543.79346,79,768.518977
-967.7076,4,768.600254
-349.75128,49,768.729101
7402.0083,144,768.792359
647.2165,51,768.792486
-647.1318,12,768.929022
2071.6606,70,768.962519
486.71362,43,768.962631
3729.8604,88,768.962679
6925.965,116,769.00931
-546.0387,30,769.089211
-984.63324,6,769.177582
3119.0493,72,769.281908
-2124.7441,13,769.302141
4561.663,123,769.302204
4084.1228,88,769.316476
-180.0542,26,769.328649
-1542.0289,17,769.33854
-1249.8864,46,769.349662
-1185.3237,12,769.349768
-926.64966,4,769.349902
5366.793,135,769.371158
-2711.2578,4,769.383996
3419.188,89,769.384112
5507.375,122,769.445749
-978.8055,6,769.445898
-1167.4813,10,769.465517
-912.30646,7,769.465879
3015.7651,79,769.497124
-1026.3945,5,769.497201
-977.22284,3,769.535483
-901.7706,4,769.546531
2580.1763,64,769.581336
-827.82263,11,769.581421
6712.8096,115,769.619973
-822.15796,7,769.630428
-1021.15173,2,769.656161
6021.136,119,769.67708
-730.9331,9,769.753458
817.8256,34,769.753576
139.9389,53,769.784843
-395.09528,42,770.059909
-1825.5881,20,770.104262
385.32874,64,770.12802
5609.5,126,770.148129
-1122.856,18,770.191339
2617.68,70,770.231263
-963.4642,6,770.23136
1349.8718,59,770.231379
619.03925,35,770.25755
-792.6273,22,770.286577
-1035.0673,3,770.315502
-1597.5275,7,770.41484
133.82831,25,770.482021
-260.19885,40,771.36589
2856.4912,75,771.365952
-1333.4236,13,771.392767
-723.3102,15,771.392848
-1530.4344,18,771.478396
772.7852,66,771.515804
-294.4342,14,771.619206
-557.8032,13,771.668609
-913.5719,10,771.691763
-927.92926,8,771.781566
-2259.1594,10,771.781637
254.5448,42,771.792185
2082.6223,81,771.792241
-323.22906,35,771.805783
5895.37,103,771.829765
4344.4526,88,771.840745
6050.181,119,771.878863
2408.3425,62,771.909585
-900.9601,12,771.935021
2202.8662,54,771.960437
-1690.8923,13,771.96056
-927.0946,4,771.987284
-682.3792,52,772.00696
-1483.8113,43,772.032706
4536.3545,91,772.051813
-1020.69403,6,772.079422
6880.8945,144,772.198276
-887.13464,12,772.198373
-1061.2693,4,772.198392
816.6345,49,772.231466
4767.3804,105,772.258795
-816.89636,9,772.289144
-593.9978,11,772.289242
-618.4333,28,772.313582
-8.173767,52,772.475969
-969.8271,8,772.521941
1772.8292,54,772.619543
-1080.1274,14,772.644129
-1049.2101,3,772.697866
4665.6694,100,772.7699
-3023.349,27,772.770019
174.13586,72,772.822419
-968.2183,7,772.884822
-1829.1001,56,772.901767
859.8494,50,772.910952
-1339.1874,32,772.922441
-3263.5867,15,772.967761
-1036.2911,3,772.994763
7903.563,147,773.012962
6953.925,124,773.013035
-512.047,13,773.022858
6911.6265,110,773.051362
-792.1117,7,773.068475
396.62372,53,773.132658
5698.8984,109,773.146636
-946.99963,7,773.14673
-932.3402,4,773.199979
-1759.9684,19,773.334889
-208.93689,55,773.346798
-995.1076,15,773.472573
-799.11523,8,773.558949
2497.494,70,773.592485
3338.713,99,773.593327
592.86053,48,773.761655
82.09515,40,773.813421
2542.2888,82,773.841435
3756.2344,73,773.891321
-506.29156,21,773.922225
-1012.2853,7,773.922313
-949.3021,6,773.945749
2376.7217,56,773.998695
4816.3867,105,773.99898
2601.962,89,773.999037
1166.0283,34,774.058779
6695.2383,115,774.069191
-1298.4445,4,774.069252
64.80499,27,774.093484
-1016.6873,3,774.093581
1267.6732,80,774.132155
-1374.0746,12,774.151225
6304.1494,122,774.151288
-924.4165,8,774.151306
-2237.0303,20,774.15995
800.7979,52,774.186694
-815.88934,10,774.194445
-1877.6877,6,774.206592
-1445.3525,37,774.243814
-913.1981,8,774.243879
8143.613,108,774.243894
2305.421,87,774.253224
-1021.34985,6,774.310167
-251.96405,30,774.310255
-401.82263,18,774.325504
2614.546,79,774.350811
-49.62854,50,774.369659
-238.51154,50,774.379446
6056.296,136,774.397096
-160.604,24,774.407363
-993.5634,3,774.450741
-1087.8035,7,774.450826
-1115.8942,11,774.450842
4392.0366,96,774.480427
2798.5596,88,774.517379
-1037.0243,2,774.567846
5595.348,116,774.59809
-832.88495,18,774.632458
-287.17615,28,774.66476
2023.7588,50,774.664862
1069.1294,44,774.684278
-1206.1359,14,774.704393
-961.1024,9,774.704487
-722.65686,8,774.779424
1679.0675,53,774.83479
-498.1423,16,774.866771
929.6461,39,774.898543
-831.88605,10,774.928417
-4261.273,28,774.928484
-1240.8092,8,774.9285
-2151.062,10,774.995378
-1015.1152,7,774.995519
1300.5701,42,775.022139
457.39734,39,775.0648
-1155.0886,14,775.097628
1860.4089,63,775.097764
-459.26654,40,775.12076
-1818.9382,19,775.146036
-1386.4922,10,775.146102
-206.91412,51,775.146117
-1028.3612,8,775.165263
-1014.6874,3,775.165365
-1323.4827,18,775.165382
-1077.74,6,775.249657
-820.9534,9,775.250137
-957.15424,5,775.296067
-1218.1501,31,775.296169
937.105,49,775.310854
-705.507,8,775.321902
749.14545,35,775.321987
-950.20105,5,775.339823
-1518.7607,16,775.339928
-1005.23956,5,775.387798
-965.2356,8,775.434917
-361.25543,23,775.448349
-986.6598,7,775.471205
1943.6489,76,775.471277
-1551.3887,20,775.471291
-1217.0648,13,775.488674
-494.27213,16,775.507152
1809.0554,45,775.567243
-2452.1348,20,775.567329
-1803.1514,7,775.580137
-1017.90356,64,775.662966
-190.26251,38,775.682119
-527.78186,34,775.682261
499.5069,44,775.704383
153.6778,41,775.728032
-366.6687,36,775.728153
-3649.8013,21,775.857599
-474.38855,14,775.857708
1443.8877,41,775.857729
-923.8639,10,775.934455
2155.8857,45,775.9346
-1596.8284,44,776.032217
-2739.8738,31,776.032353
-315.68512,14,776.106856
-1099.8802,16,776.106972
-998.2394,5,776.1589
-1036.4602,2,776.204083
535.0863,36,776.278923
-171.7948,39,776.317232
2632.4465,66,776.317314
-509.9555,13,776.384672
-919.9412,4,776.443413
1696.2048,45,776.443526
-941.5423,4,776.473954
-847.8543,6,776.510317
9089.539,137,776.530834
4519.2144,99,776.55978
-1370.5342,12,776.588042
-983.4657,42,776.597917
-2238.78,8,776.619184
5994.104,89,776.633533
1229.3418,55,776.660866
-936.7498,10,776.671678
-884.10443,6,776.671747
1844.543,52,776.759511
-365.45746,57,776.770362
-729.77576,12,776.787656
2080.3313,78,776.80588
-1061.4999,4,776.805941
4443.3174,95,776.895039
701.4742,47,776.917657
-603.35785,12,776.917747
-969.17487,4,776.982125
-1193.7977,53,776.982266
-323.63013,31,777.031999
130.4942,60,777.051856
-1430.6016,18,777.125777
-947.5917,16,777.125893
1589.6995,66,777.206356
-1032.9537,3,777.206957
-985.2889,4,777.228683
-923.5104,45,777.327928
2240.4385,82,777.360135
-867.441,15,777.360235
-742.41907,12,777.360254
1315.4393,47,777.46014
-870.64294,20,777.484704
-1234.755,10,777.600922
-258.33655,19,777.662887
4457.6797,92,777.662949
4798.5845,95,777.662964
-998.33594,2,777.682386
-973.7175,3,777.692024
-1818.457,19,777.709985
3455.5254,85,777.744925
-782.9518,23,777.763955
235.00311,45,777.80442
7815.942,107,777.822151
8324.357,121,777.873525
-1232.5618,18,777.873599
-1530.001,8,777.889629
-931.20435,6,777.924081
74.15393,37,777.952904
1605.2458,82,777.963459
649.396,42,777.993159
334.94037,88,778.010103
10990.561,167,778.052367
-1236.5315,30,778.06917
2018.9556,65,778.091362
-949.9458,7,778.116421
-1291.5652,23,778.262514
-1672.7793,14,778.262754
-1160.9984,21,778.262774
230.9544,63,778.306516
-1015.74255,6,778.40978
-1688.2548,23,778.409939
7359.123,117,778.443006
-2688.6304,22,778.514969
-2406.7905,12,778.515178
10603.394,166,778.681296
-932.62463,8,778.709935
-2327.4595,16,778.749633
-1025.4734,4,778.825435
956.5697,83,778.900061
-1097.0814,7,778.924968
-2359.4946,30,778.950377
-1022.71436,24,778.950461
-933.09436,23,778.975051
-90.96051,35,779.014194
3950.4873,104,779.125881
-540.532,15,779.175711
479.40686,37,779.229012
10.20636,40,780.349184
982.3031,81,780.37073
-1804.5372,13,780.443353
1313.3787,38,780.460649
3035.4277,99,780.682429
1102.1987,33,780.75029
-5.2249146,93,780.886622
-1913.915,16,780.886754
-606.19165,29,780.909662
-625.96045,54,780.96006
-709.01306,10,781.013522
9712.877,183,781.055664
-2745.4263,25,781.08437
5608.8926,111,781.162662
-1144.231,3,781.162744
6183.7783,113,781.260448
-594.81024,68,781.282446
68.37567,53,781.282542
1412.6636,46,781.28257
7737.513,165,781.355593
-62.523926,32,781.36367
3443.0679,69,781.406585
-842.9491,6,781.406669
1329.3362,58,781.477887
-522.6865,12,781.526827
2662.5896,83,781.577574
-990.8655,5,781.577687
4017.1465,103,781.598713
1292.3608,53,781.684432
-1127.1677,24,781.699985
5334.659,96,781.700109
-425.9015,30,781.727708
5881.652,144,781.750492
1578.7961,51,781.750603
324.24847,48,781.82447
4610.1562,96,781.869882
12296.404,178,781.894896
4187.09,97,781.95253
-1002.75214,3,782.03299
1498.231,62,782.086705
-1063.0928,4,782.142488
-641.29846,11,782.209246
-836.1777,13,782.235657
118.28784,27,782.495747
-275.40692,50,782.495825
2784.496,75,782.495845
3850.413,71,782.525484
-1345.2808,33,782.536891
-1044.4043,3,782.536973
-1967.8674,18,782.55986
-1545.3413,38,782.568841
3537.9656,80,782.6196
4589.4976,96,782.645705
2626.7222,98,782.645776
-414.84332,50,782.645793
-1034.3236,2,782.672634
727.9784,48,782.702052
93.1098,50,782.711402
-787.89307,7,782.7115
-1002.8947,6,782.722895
-1735.6453,5,782.73367
-1624.6786,18,782.766777
1272.9923,39,782.776338
-1026.4626,6,782.784344
-730.24243,26,782.81146
2341.0527,63,782.838825
-1177.3428,32,782.884005
-610.52637,13,782.903847
-1044.6982,6,782.97059
-2038.8372,24,783.138302
-1387.0266,10,783.138378
-3387.492,26,783.169753
1250.3069,43,783.246235
-19.272766,45,783.304173
6118.4214,136,783.361792
-940.7777,23,783.381844
8134.5747,163,783.43769
6474.882,126,783.480027
4471.84,125,783.503897
-965.727,4,783.59192
-828.7596,21,783.680832
4412.3296,110,783.752125
197.25037,83,783.752186
1595.3774,71,783.752208
-1057.2512,18,783.752409
-1753.6605,16,783.76171
6209.6055,102,783.761788
-899.8888,8,783.847935
4211.913,97,783.84803
386.05328,31,783.86445
-453.69623,13,783.886308
-2896.238,15,783.90584
1797.9512,70,783.929749
8212.158,127,783.929827
750.5978,43,783.94004
-724.97595,7,783.95737
-1072.8257,12,783.965832
-414.3366,34,783.978228
-460.62012,13,783.978302
1954.8859,60,784.010556
-1569.7737,33,784.020318
-1194.3215,5,784.035456
1565.3176,74,784.035566
-603.00476,12,784.08474
-973.3599,7,784.084827
3769.8164,87,784.084865
1335.8999,69,784.141186
3333.5933,103,784.318568
-1253.595,13,784.370782
3224.7886,88,784.370874
195.60205,71,784.440448
1983.6951,66,784.470453
-990.49036,3,784.53758
-965.89404,3,784.570625
-1682.459,15,784.570748
771.14136,92,784.570769
90.60968,47,784.597223
-2.880127,24,784.698944
-890.5657,8,784.766677
-1119.2622,8,784.766752
-1953.241,8,784.780493
-1951.3545,29,784.847008
-1110.1667,4,784.85528
43.52948,30,784.855346
-895.36395,7,784.872612
187.85382,40,784.87268
-773.6147,7,784.940222
-2060.4536,41,784.948479
-1321.2012,11,784.972863
-1025.0532,3,784.983528
747.17413,54,784.993736
-1635.0745,17,784.993772
-1037.3303,2,785.015587
-909.85406,10,785.04316
668.79315,37,785.055144
1602.4873,59,785.055206
401.78564,49,785.065127
1965.5275,100,785.074231
-1880.9048,6,785.131143
-1176.6248,13,785.145962
-2633.2192,11,785.156883
-2430.9504,42,785.168049
163.09003,40,785.196775
3499.599,83,785.22347
4567.612,96,785.275988
-704.42847,7,785.357173
-1519.8809,4,785.357291
-1002.98444,14,785.387068
8519.682,131,785.387257
1279.7213,43,785.436148
-2986.0854,19,785.458268
1569.6558,85,785.458333
226.14557,61,785.467163
5718.7314,107,785.481232
220.49689,37,785.481354
549.2889,69,785.481375
-1000.8545,4,785.511411
-1024.0131,2,785.541504
1355.6597,40,785.589772
1163.5574,57,785.719481
-545.2284,15,785.743837
999.1522,41,785.796124
400.89526,42,785.796603
-1630.748,18,785.818031
-892.3071,7,785.983881
1066.2026,49,785.983985
-931.9011,14,786.07248
-916.6126,7,786.104621
2275.7676,57,786.188736
-1806.425,22,786.188806
-743.8418,36,786.199802
5143.058,104,786.209387
-964.15643,46,786.232823
-1222.3809,47,786.251638
-905.6655,6,786.308964
-884.8419,5,786.309058
-472.94495,36,786.309077
8930.968,139,786.325949
2275.6897,67,786.326026
-644.2907,11,786.336011
2844.3843,87,786.34613
319.7782,32,786.36205
6217.1943,100,786.393855
1481.2479,44,786.426477
2359.4233,57,786.426785
-1936.829,12,786.473244
-1530.6195,14,786.531774
8668.169,142,786.531858
1789.0366,62,786.531883
-851.2599,15,786.583421
-1019.35175,2,786.583487
-1396.833,5,786.609944
3062.9507,60,786.633233
-2096.3076,19,786.657306
-946.11755,4,786.713289
2055.5383,84,786.739516
-1118.9515,6,786.809795
-2915.7375,11,786.809922
1551.3225,41,786.933365
-974.41956,6,786.96242
-2045.6833,7,786.993436
-1978.6918,24,787.053843
-544.0636,13,787.053947
-1011.525,5,787.107618
-1032.1012,7,787.14636
-1028.5109,5,787.146455
-1114.8544,23,787.146477
651.7397,36,787.176632
4623.4873,86,787.17669
-903.1983,10,787.282578
-294.5091,22,787.282663
-840.7038,8,787.293317
-68.23462,29,787.293402
-1037.6593,13,787.336242
-840.3783,12,787.336338
-492.76825,49,787.343942
723.3488,47,787.344015
-603.7527,13,787.363156
5798.068,97,787.363241
-994.28516,6,787.408066
-379.3512,19,787.418289
-1066.7241,13,787.429996
-852.71173,6,787.430057
822.8194,53,787.440486
4063.6855,106,787.485966
2728.7065,83,787.495725
-2106.9143,30,787.514059
2165.4797,76,787.53136
-1163.0227,11,787.550193
-1193.6781,11,787.550509
2878.7124,61,787.561079
-490.14877,24,787.561176
-1003.3716,2,787.575852
4554.178,115,787.575933
-812.2693,8,787.604955
-1515.728,12,787.65397
-1050.7793,3,787.731954
-2205.021,20,787.732058
-628.5514,18,788.564323
-1258.5894,13,788.613376
551.87335,43,788.646934
3035.711,77,788.71648
2859.585,84,788.728062
-1283.1372,43,788.775757
5420.7793,111,788.787703
-1910.666,26,788.858688
1131.2375,41,788.878314
3331.045,69,788.87849
481.15173,30,788.899167
-2109.5303,40,788.925493
1676.2158,62,788.955382
-462.25964,65,789.002477
749.2557,47,789.042076
-642.05237,9,789.042166
-1003.29517,4,789.042185
1069.8337,67,789.196007
2318.2795,78,789.220732
-1676.2738,10,789.298417
904.0726,39,789.298498
944.9797,58,789.298528
-2710.5796,27,789.327722
1649.501,59,789.379355
-348.25415,25,789.469902
1092.8042,48,789.469984
-1092.8615,19,789.470002
987.1705,35,789.489492
-658.704,19,789.523784
-1065.6708,3,789.55393
7684.793,120,789.59734
8265.679,161,789.597404
3145.2622,88,789.621531
732.1905,35,789.657832
-996.3689,6,789.689679
-599.6149,26,789.771444
2409.281,60,789.784725
-6.6176147,33,789.813459
-1216.2754,5,789.834584
-2228.9731,22,789.870002
1888.3472,53,789.887127
-807.6585,28,789.942015
-1754.232,35,789.942118
-928.746,4,789.998598
-980.22095,9,790.068588
1529.6814,52,790.097258
226.02185,25,790.218864
-1613.5271,27,790.218955
24.696655,48,790.23742
1485.0808,50,790.267172
-1204.0717,7,790.387374
-2074.156,13,790.438832
1716.4049,49,790.470036
-440.26764,34,790.515698
9032.928,145,790.515813
-1054.1653,4,790.534684
-978.6793,7,790.552635
5985.585,130,790.607573
-694.7123,11,790.833731
5884.0903,103,790.876859
1273.1389,38,790.888099
4341.685,97,790.941302
464.31696,30,790.941382
3157.2402,93,790.96173
3664.1648,91,790.986959
8298.273,139,790.987045
264.57227,92,790.99985
1061.9065,81,791.00859
-1008.80927,3,791.019316
-914.6509,10,791.019377
-992.86847,24,791.019392
-252.31598,26,791.033235
-1053.7264,13,791.033352
-1558.3279,5,791.058116
-750.6704,9,791.112563
530.6502,46,791.127235
-1494.2609,19,791.156415
-478.65186,40,791.187824
5199.1772,102,791.187868
-956.84607,6,791.201304
-2189.0186,13,791.201379
-1354.4846,17,791.218592
198.38458,24,791.264875
-967.9753,7,791.284023
5920.7544,111,791.328963
-277.3047,33,791.329064
-815.3383,8,791.329085
-919.44946,8,791.501531
-686.6929,9,791.521895
6175.1816,125,791.546187
172.05139,42,791.567248
8011.0884,162,791.580664
-2292.5002,19,791.673295
-1703.7842,8,791.67339
321.91565,73,791.83611
-993.9301,8,791.891862
-3541.5361,25,791.916914
-964.63275,6,791.989339
2785.122,96,792.036398
-2552.9255,45,792.078613
-1005.4891,6,792.088814
-655.1279,12,792.113652
-249.58795,30,792.141464
-2269.4062,25,792.161435
-1067.3276,6,792.173272
-1205.0833,11,792.200175
8512.336,138,792.216676
6692.1934,128,792.226809
-2116.8364,13,792.226877
-1024.0173,2,792.23681
-839.8359,9,792.260607
3684.224,95,792.26069
-1042.9036,3,792.260709
2588.2446,68,792.318955
-1670.8674,7,792.351604
2186.383,80,792.361508
723.03534,64,792.36165
-977.7395,3,792.361698
4061.7031,117,792.383312
-1119.5171,3,792.394609
2037.7012,53,792.446165
3780.9233,93,792.473048
2761.9255,71,792.60884
4844.953,93,792.608956
-2643.3894,8,792.68731
-773.3491,31,792.793781
-1878.2996,64,792.826712
-1633.8278,9,792.884619
-2242.561,16,792.914258
-45.729248,46,793.061817
281.53217,28,793.119537
-828.8102,38,793.14908
-709.21265,13,793.149431
1109.8037,41,793.149458
1280.9185,66,793.241695
5578.9985,100,793.286348
-801.98413,8,793.321897
-971.5375,18,793.329672
-942.199,19,793.329736
-984.98566,7,793.347147
-997.3312,14,793.36716
4106.9385,125,793.378169
-1559.0862,8,793.40573
-896.0393,7,793.416405
-1237.0862,34,793.416465
4619.8486,113,793.424857
-1239.0972,6,793.442631
7099.1313,130,793.451482
-1092.355,4,793.451563
-1516.8599,6,793.470142
2089.2039,58,793.547995
1421.3811,58,793.548195
-883.4346,5,793.548231
337.7741,40,793.568884
-2099.3975,28,793.568955
2278.104,76,793.587166
-1567.4424,20,793.59705
4710.775,110,793.630565
-1016.006,5,793.674282
1078.8247,37,793.696245
-722.83813,30,793.929691
-3996.3372,22,794.023366
1838.1895,50,794.023455
-3379.4546,25,794.048503
-1710.238,10,794.182024
5381.901,89,794.182118
-300.88855,32,794.274922
1322.9873,51,794.292118
-1437.2997,13,794.337966
-1308.8405,28,794.338041
1156.6238,44,794.338057
2621.0242,82,794.421129
1126.3767,43,794.476783
-804.35864,10,794.486437
2397.848,108,794.48651
-774.75696,7,794.513106
7731.329,113,794.540284
-890.8143,5,794.540352
2170.474,66,794.540366
-265.40674,30,794.590677
-756.21204,24,794.645252
3866.6646,72,794.663249
-510.01697,79,794.685432
-439.7265,22,794.713896
-502.2328,12,794.723551
-131.35248,33,794.768072
206.74756,33,794.768218
2300.9578,66,794.779632
-1019.65607,3,794.816834
-900.31854,15,794.826136
3031.303,64,794.826218
3014.4087,81,794.826236
-970.62305,6,794.858377
8360.661,139,795.021619
473.71454,79,795.078496
-629.6881,13,795.105589
-112.119446,59,795.146836
1051.4551,57,795.249986
-259.8083,35,795.271258
4869.941,98,795.336884
-882.4655,6,795.420891
-1621.7646,26,795.420991
618.83795,37,795.512204
3597.8125,81,795.583258
-624.43024,45,795.690138
-1082.6578,15,795.690296
-928.99426,12,795.690324
-1843.3726,23,795.714332
1028.9551,40,795.756064
-907.0106,7,795.768275
-1020.6477,6,795.780901
5829.3477,205,795.825681
-825.22,8,795.871009
396.37262,53,795.884999
1832.5818,41,795.896049
-584.9652,23,795.915453
-877.4834,8,795.915535
-602.1422,81,795.930849
-1300.5905,8,795.969051
619.33246,35,795.980303
241.18665,33,795.994434
-1044.2579,2,796.811552
-963.1567,8,796.811644
4200.867,94,796.811666
2688.3774,57,796.853059
-637.97546,70,796.879526
-1003.04443,3,796.879614
-850.5885,9,796.946225
3720.2585,101,796.982527
-1621.5127,17,797.010585
9632.602,163,797.039645
-1042.0021,6,797.053168
-1029.9084,12,797.084879
6734.363,131,797.102057
4218.697,100,797.110373
-1017.3854,7,797.120413
-1732.3982,7,797.152934
-1035.5471,4,797.153001
-964.3434,5,797.153018
-1133.1016,14,797.153025
3961.2173,120,797.163803
-1028.6445,2,797.178608
-995.66614,3,797.197549
498.61084,44,797.225714
-836.0955,8,797.236345
-1103.3298,7,797.301326
-817.4228,48,797.301404
-553.72955,68,797.325688
1197.5156,41,797.346893
543.1846,46,797.376199
-763.9538,8,797.401768
-807.8067,15,797.401864
474.69855,57,797.485455
-1037.375,4,797.485529
-911.4047,43,797.485545
-1528.6521,5,797.48555
-449.70178,23,797.533217
499.52142,32,797.553458
1047.3364,72,797.571482
-2452.9387,13,797.624
-1611.5894,6,797.663746
-977.7121,5,797.663804
5776.8613,119,797.696802
4018.683,99,797.860852
-650.00757,19,797.889629
3453.9841,83,797.917315
