{
  "type": "FeatureCollection",
  "crs": {
    "type": "name",
    "properties": {
      "name": "EPSG:32633"
    }
  },
  "metadata": {
    "project_name": "test_project2",
    "algorithm": "NSGA-III Multi-Objective with OPEX",
    "objectives": [
      "capex",
      "environmental",
      "length",
      "elevation_gain",
      "roughness"
    ],
    "total_length_m": 84829.81,
    "total_capex_usd": 53901412.43,
    "annual_opex_usd": 708239798.07,
    "pump_stations": 9,
    "generated_at": "2025-12-19T00:24:37.755194"
  },
  "features": [
    {
      "type": "Feature",
      "geometry": {
        "type": "LineString",
        "coordinates": [
          [
            379656.0020977512,
            4804982.187345338
          ],
          [
            379785.609954786,
            4804852.594302244
          ],
          [
            379915.2178118209,
            4804723.001259149
          ],
          [
            380044.82566885574,
            4804723.001259149
          ],
          [
            380174.4335258906,
            4804593.408216055
          ],
          [
            380304.04138292547,
            4804463.81517296
          ],
          [
            380433.6492399603,
            4804334.2221298665
          ],
          [
            380563.25709699513,
            4804334.2221298665
          ],
          [
            380692.86495403,
            4804334.2221298665
          ],
          [
            380822.47281106486,
            4804334.2221298665
          ],
          [
            380952.08066809975,
            4804334.2221298665
          ],
          [
            381081.6885251346,
            4804334.2221298665
          ],
          [
            381211.2963821694,
            4804334.2221298665
          ],
          [
            381340.9042392043,
            4804334.2221298665
          ],
          [
            381470.51209623914,
            4804334.2221298665
          ],
          [
            381600.11995327397,
            4804334.2221298665
          ],
          [
            381729.72781030886,
            4804334.2221298665
          ],
          [
            381859.3356673437,
            4804334.2221298665
          ],
          [
            381988.9435243786,
            4804334.2221298665
          ],
          [
            382118.5513814134,
            4804334.2221298665
          ],
          [
            382248.15923844825,
            4804334.2221298665
          ],
          [
            382377.76709548314,
            4804334.2221298665
          ],
          [
            382507.374952518,
            4804334.2221298665
          ],
          [
            382636.9828095528,
            4804334.2221298665
          ],
          [
            382766.5906665877,
            4804463.81517296
          ],
          [
            382896.19852362253,
            4804463.81517296
          ],
          [
            383025.8063806574,
            4804463.81517296
          ],
          [
            383155.41423769225,
            4804463.81517296
          ],
          [
            383285.0220947271,
            4804463.81517296
          ],
          [
            383414.629951762,
            4804463.81517296
          ],
          [
            383544.2378087968,
            4804463.81517296
          ],
          [
            383673.8456658317,
            4804463.81517296
          ],
          [
            383803.45352286653,
            4804463.81517296
          ],
          [
            383933.06137990137,
            4804463.81517296
          ],
          [
            384062.66923693626,
            4804463.81517296
          ],
          [
            384192.2770939711,
            4804463.81517296
          ],
          [
            384321.8849510059,
            4804463.81517296
          ],
          [
            384451.4928080408,
            4804463.81517296
          ],
          [
            384581.10066507565,
            4804463.81517296
          ],
          [
            384710.70852211054,
            4804463.81517296
          ],
          [
            384840.31637914537,
            4804463.81517296
          ],
          [
            384969.9242361802,
            4804463.81517296
          ],
          [
            385099.5320932151,
            4804463.81517296
          ],
          [
            385229.1399502499,
            4804463.81517296
          ],
          [
            385358.74780728476,
            4804334.2221298665
          ],
          [
            385488.35566431965,
            4804204.629086772
          ],
          [
            385617.9635213545,
            4804075.0360436775
          ],
          [
            385747.5713783894,
            4803945.443000583
          ],
          [
            385747.5713783894,
            4803815.8499574885
          ],
          [
            385877.1792354242,
            4803686.256914394
          ],
          [
            386006.78709245904,
            4803686.256914394
          ],
          [
            386136.39494949393,
            4803686.256914394
          ],
          [
            386266.00280652876,
            4803556.6638712995
          ],
          [
            386395.6106635636,
            4803556.6638712995
          ],
          [
            386525.2185205985,
            4803556.6638712995
          ],
          [
            386654.8263776333,
            4803427.070828205
          ],
          [
            386784.4342346682,
            4803297.4777851105
          ],
          [
            386914.04209170304,
            4803167.884742016
          ],
          [
            387043.6499487379,
            4803167.884742016
          ],
          [
            387173.25780577277,
            4803038.291698922
          ],
          [
            387173.25780577277,
            4802908.698655828
          ],
          [
            387173.25780577277,
            4802779.105612733
          ],
          [
            387302.8656628076,
            4802649.512569639
          ],
          [
            387302.8656628076,
            4802519.919526544
          ],
          [
            387432.4735198425,
            4802390.32648345
          ],
          [
            387432.4735198425,
            4802260.733440355
          ],
          [
            387432.4735198425,
            4802131.140397261
          ],
          [
            387432.4735198425,
            4802001.547354166
          ],
          [
            387562.0813768773,
            4801871.954311073
          ],
          [
            387691.68923391216,
            4801871.954311073
          ],
          [
            387821.29709094705,
            4801742.361267978
          ],
          [
            387950.9049479819,
            4801612.768224884
          ],
          [
            388080.5128050167,
            4801612.768224884
          ],
          [
            388210.1206620516,
            4801612.768224884
          ],
          [
            388339.72851908643,
            4801612.768224884
          ],
          [
            388469.3363761213,
            4801483.175181789
          ],
          [
            388598.94423315616,
            4801353.582138695
          ],
          [
            388728.552090191,
            4801353.582138695
          ],
          [
            388858.1599472259,
            4801353.582138695
          ],
          [
            388987.7678042607,
            4801223.9890956
          ],
          [
            389117.37566129555,
            4801094.396052506
          ],
          [
            389246.98351833044,
            4801094.396052506
          ],
          [
            389376.5913753653,
            4801094.396052506
          ],
          [
            389506.19923240016,
            4800964.803009411
          ],
          [
            389635.807089435,
            4800835.209966317
          ],
          [
            389765.4149464698,
            4800705.616923222
          ],
          [
            389895.0228035047,
            4800576.023880129
          ],
          [
            389895.0228035047,
            4800446.430837034
          ],
          [
            389895.0228035047,
            4800316.83779394
          ],
          [
            390024.63066053955,
            4800187.244750845
          ],
          [
            390154.2385175744,
            4800057.651707751
          ],
          [
            390283.8463746093,
            4799928.058664656
          ],
          [
            390413.4542316441,
            4799798.465621562
          ],
          [
            390413.4542316441,
            4799668.872578467
          ],
          [
            390543.062088679,
            4799539.279535373
          ],
          [
            390672.66994571383,
            4799409.686492278
          ],
          [
            390802.27780274866,
            4799280.093449185
          ],
          [
            390931.88565978355,
            4799150.50040609
          ],
          [
            391061.4935168184,
            4799020.907362996
          ],
          [
            391191.1013738533,
            4799150.50040609
          ],
          [
            391320.7092308881,
            4799280.093449185
          ],
          [
            391450.31708792294,
            4799280.093449185
          ],
          [
            391579.92494495783,
            4799150.50040609
          ],
          [
            391709.53280199267,
            4799280.093449185
          ],
          [
            391839.1406590275,
            4799280.093449185
          ],
          [
            391968.7485160624,
            4799280.093449185
          ],
          [
            392098.3563730972,
            4799280.093449185
          ],
          [
            392227.9642301321,
            4799280.093449185
          ],
          [
            392357.57208716695,
            4799150.50040609
          ],
          [
            392487.1799442018,
            4799280.093449185
          ],
          [
            392616.7878012367,
            4799150.50040609
          ],
          [
            392746.3956582715,
            4799150.50040609
          ],
          [
            392876.00351530634,
            4799020.907362996
          ],
          [
            393005.6113723412,
            4799020.907362996
          ],
          [
            393135.21922937606,
            4798891.314319901
          ],
          [
            393264.82708641095,
            4798761.721276807
          ],
          [
            393394.4349434458,
            4798761.721276807
          ],
          [
            393524.0428004806,
            4798761.721276807
          ],
          [
            393653.6506575155,
            4798761.721276807
          ],
          [
            393783.25851455034,
            4798632.128233712
          ],
          [
            393912.8663715852,
            4798632.128233712
          ],
          [
            394042.47422862006,
            4798632.128233712
          ],
          [
            394042.47422862006,
            4798502.535190618
          ],
          [
            394172.0820856549,
            4798372.942147523
          ],
          [
            394172.0820856549,
            4798243.349104429
          ],
          [
            394042.47422862006,
            4798113.756061334
          ],
          [
            394042.47422862006,
            4797984.163018241
          ],
          [
            394042.47422862006,
            4797854.569975146
          ],
          [
            394172.0820856549,
            4797724.976932052
          ],
          [
            394172.0820856549,
            4797595.383888957
          ],
          [
            394172.0820856549,
            4797465.790845863
          ],
          [
            394172.0820856549,
            4797336.197802768
          ],
          [
            394172.0820856549,
            4797206.604759674
          ],
          [
            394172.0820856549,
            4797077.011716579
          ],
          [
            394172.0820856549,
            4796947.418673485
          ],
          [
            394301.6899426898,
            4796817.825630391
          ],
          [
            394301.6899426898,
            4796688.2325872965
          ],
          [
            394431.2977997246,
            4796558.639544202
          ],
          [
            394560.90565675945,
            4796558.639544202
          ],
          [
            394690.51351379434,
            4796429.0465011075
          ],
          [
            394690.51351379434,
            4796299.453458013
          ],
          [
            394690.51351379434,
            4796169.8604149185
          ],
          [
            394690.51351379434,
            4796040.267371824
          ],
          [
            394560.90565675945,
            4795910.6743287295
          ],
          [
            394431.2977997246,
            4795781.081285635
          ],
          [
            394431.2977997246,
            4795651.4882425405
          ],
          [
            394431.2977997246,
            4795521.895199447
          ],
          [
            394560.90565675945,
            4795392.302156352
          ],
          [
            394690.51351379434,
            4795262.709113258
          ],
          [
            394690.51351379434,
            4795133.116070163
          ],
          [
            394690.51351379434,
            4795003.523027069
          ],
          [
            394690.51351379434,
            4794873.929983974
          ],
          [
            394820.1213708292,
            4794744.33694088
          ],
          [
            394949.72922786407,
            4794614.743897785
          ],
          [
            395079.3370848989,
            4794614.743897785
          ],
          [
            395208.94494193373,
            4794485.150854691
          ],
          [
            395208.94494193373,
            4794355.557811596
          ],
          [
            395338.5527989686,
            4794225.964768503
          ],
          [
            395468.16065600346,
            4794096.371725408
          ],
          [
            395468.16065600346,
            4793966.778682314
          ],
          [
            395597.7685130383,
            4793837.185639219
          ],
          [
            395597.7685130383,
            4793707.592596125
          ],
          [
            395727.3763700732,
            4793577.99955303
          ],
          [
            395856.984227108,
            4793448.406509936
          ],
          [
            395986.5920841429,
            4793318.813466841
          ],
          [
            396116.19994117774,
            4793318.813466841
          ],
          [
            396245.80779821257,
            4793189.220423747
          ],
          [
            396375.41565524746,
            4793059.627380652
          ],
          [
            396505.0235122823,
            4792930.034337559
          ],
          [
            396505.0235122823,
            4792800.441294464
          ],
          [
            396634.6313693171,
            4792670.84825137
          ],
          [
            396764.239226352,
            4792541.255208275
          ],
          [
            396634.6313693171,
            4792411.662165181
          ],
          [
            396634.6313693171,
            4792282.069122086
          ],
          [
            396505.0235122823,
            4792152.476078992
          ],
          [
            396505.0235122823,
            4792022.883035897
          ],
          [
            396634.6313693171,
            4791893.289992803
          ],
          [
            396764.239226352,
            4791763.696949709
          ],
          [
            396893.84708338685,
            4791634.103906615
          ],
          [
            397023.45494042174,
            4791504.51086352
          ],
          [
            397023.45494042174,
            4791374.917820426
          ],
          [
            396893.84708338685,
            4791245.324777331
          ],
          [
            396893.84708338685,
            4791115.731734237
          ],
          [
            396893.84708338685,
            4790986.138691142
          ],
          [
            396893.84708338685,
            4790856.545648048
          ],
          [
            396893.84708338685,
            4790726.952604953
          ],
          [
            396764.239226352,
            4790597.359561859
          ],
          [
            396764.239226352,
            4790467.766518765
          ],
          [
            396764.239226352,
            4790338.173475671
          ],
          [
            396634.6313693171,
            4790208.580432576
          ],
          [
            396634.6313693171,
            4790078.987389482
          ],
          [
            396634.6313693171,
            4789949.394346387
          ],
          [
            396764.239226352,
            4789819.801303293
          ],
          [
            396634.6313693171,
            4789690.208260198
          ],
          [
            396764.239226352,
            4789560.615217104
          ],
          [
            396893.84708338685,
            4789431.022174009
          ],
          [
            396893.84708338685,
            4789301.429130915
          ],
          [
            396893.84708338685,
            4789171.836087821
          ],
          [
            397023.45494042174,
            4789042.243044727
          ],
          [
            397023.45494042174,
            4788912.650001632
          ],
          [
            396893.84708338685,
            4788783.056958538
          ],
          [
            397023.45494042174,
            4788653.463915443
          ],
          [
            397153.0627974566,
            4788523.870872349
          ],
          [
            397282.6706544914,
            4788394.277829254
          ],
          [
            397282.6706544914,
            4788264.68478616
          ],
          [
            397282.6706544914,
            4788135.091743065
          ],
          [
            397282.6706544914,
            4788005.498699971
          ],
          [
            397153.0627974566,
            4787875.905656877
          ],
          [
            397023.45494042174,
            4787746.3126137825
          ],
          [
            396893.84708338685,
            4787746.3126137825
          ],
          [
            396764.239226352,
            4787746.3126137825
          ],
          [
            396634.6313693171,
            4787746.3126137825
          ],
          [
            396634.6313693171,
            4787616.719570688
          ],
          [
            396764.239226352,
            4787487.1265275935
          ],
          [
            396634.6313693171,
            4787357.533484499
          ],
          [
            396634.6313693171,
            4787227.9404414045
          ],
          [
            396505.0235122823,
            4787098.34739831
          ],
          [
            396634.6313693171,
            4786968.7543552155
          ],
          [
            396764.239226352,
            4786968.7543552155
          ],
          [
            396893.84708338685,
            4786968.7543552155
          ],
          [
            397023.45494042174,
            4786839.161312121
          ],
          [
            397153.0627974566,
            4786709.568269027
          ],
          [
            397282.6706544914,
            4786709.568269027
          ],
          [
            397412.2785115263,
            4786579.975225933
          ],
          [
            397412.2785115263,
            4786450.382182838
          ],
          [
            397412.2785115263,
            4786320.789139744
          ],
          [
            397412.2785115263,
            4786191.196096649
          ],
          [
            397412.2785115263,
            4786061.603053555
          ],
          [
            397541.8863685611,
            4785932.01001046
          ],
          [
            397541.8863685611,
            4785802.416967366
          ],
          [
            397541.8863685611,
            4785672.823924271
          ],
          [
            397541.8863685611,
            4785543.230881177
          ],
          [
            397541.8863685611,
            4785413.637838083
          ],
          [
            397412.2785115263,
            4785284.044794989
          ],
          [
            397412.2785115263,
            4785154.451751894
          ],
          [
            397282.6706544914,
            4785024.8587088
          ],
          [
            397153.0627974566,
            4785024.8587088
          ],
          [
            397023.45494042174,
            4784895.265665705
          ],
          [
            396893.84708338685,
            4784765.672622611
          ],
          [
            396764.239226352,
            4784636.079579516
          ],
          [
            396764.239226352,
            4784506.486536422
          ],
          [
            396764.239226352,
            4784376.893493327
          ],
          [
            396764.239226352,
            4784247.300450233
          ],
          [
            396764.239226352,
            4784117.707407139
          ],
          [
            396893.84708338685,
            4783988.114364045
          ],
          [
            396893.84708338685,
            4783858.52132095
          ],
          [
            396893.84708338685,
            4783728.928277856
          ],
          [
            396893.84708338685,
            4783599.335234761
          ],
          [
            397023.45494042174,
            4783469.742191667
          ],
          [
            396893.84708338685,
            4783340.149148572
          ],
          [
            396893.84708338685,
            4783210.556105478
          ],
          [
            397023.45494042174,
            4783080.963062383
          ],
          [
            397023.45494042174,
            4782951.370019289
          ],
          [
            397153.0627974566,
            4782821.776976195
          ],
          [
            397153.0627974566,
            4782692.183933101
          ],
          [
            397153.0627974566,
            4782562.590890006
          ],
          [
            397153.0627974566,
            4782432.997846912
          ],
          [
            397282.6706544914,
            4782303.404803817
          ],
          [
            397282.6706544914,
            4782173.811760723
          ],
          [
            397282.6706544914,
            4782044.218717628
          ],
          [
            397282.6706544914,
            4781914.625674534
          ],
          [
            397282.6706544914,
            4781785.032631439
          ],
          [
            397282.6706544914,
            4781655.439588346
          ],
          [
            397412.2785115263,
            4781525.846545251
          ],
          [
            397412.2785115263,
            4781396.253502157
          ],
          [
            397412.2785115263,
            4781266.660459062
          ],
          [
            397541.8863685611,
            4781137.067415968
          ],
          [
            397671.49422559596,
            4781007.474372873
          ],
          [
            397671.49422559596,
            4780877.881329779
          ],
          [
            397671.49422559596,
            4780748.288286684
          ],
          [
            397801.10208263085,
            4780618.69524359
          ],
          [
            397801.10208263085,
            4780489.102200495
          ],
          [
            397801.10208263085,
            4780359.5091574015
          ],
          [
            397930.7099396657,
            4780229.916114307
          ],
          [
            397930.7099396657,
            4780100.3230712125
          ],
          [
            397930.7099396657,
            4779970.730028118
          ],
          [
            397930.7099396657,
            4779841.1369850235
          ],
          [
            397930.7099396657,
            4779711.543941929
          ],
          [
            397930.7099396657,
            4779581.9508988345
          ],
          [
            397930.7099396657,
            4779452.35785574
          ],
          [
            397930.7099396657,
            4779322.7648126455
          ],
          [
            397930.7099396657,
            4779193.171769551
          ],
          [
            397930.7099396657,
            4779063.578726457
          ],
          [
            397930.7099396657,
            4778933.985683363
          ],
          [
            398060.3177967006,
            4778804.392640268
          ],
          [
            398060.3177967006,
            4778674.799597174
          ],
          [
            398060.3177967006,
            4778545.206554079
          ],
          [
            398060.3177967006,
            4778415.613510985
          ],
          [
            398060.3177967006,
            4778286.02046789
          ],
          [
            397930.7099396657,
            4778156.427424796
          ],
          [
            397930.7099396657,
            4778026.834381701
          ],
          [
            397930.7099396657,
            4777897.241338607
          ],
          [
            398060.3177967006,
            4777897.241338607
          ],
          [
            398189.9256537354,
            4777767.648295513
          ],
          [
            398319.53351077024,
            4777767.648295513
          ],
          [
            398449.14136780513,
            4777638.055252419
          ],
          [
            398578.74922483996,
            4777508.462209324
          ],
          [
            398578.74922483996,
            4777378.86916623
          ],
          [
            398578.74922483996,
            4777249.276123135
          ],
          [
            398708.35708187486,
            4777119.683080041
          ],
          [
            398837.9649389097,
            4776990.090036946
          ],
          [
            398967.5727959445,
            4776990.090036946
          ],
          [
            399097.1806529794,
            4776990.090036946
          ],
          [
            399226.78851001424,
            4776860.496993852
          ],
          [
            399226.78851001424,
            4776730.903950757
          ],
          [
            399226.78851001424,
            4776601.310907664
          ],
          [
            399356.3963670491,
            4776471.717864569
          ],
          [
            399486.00422408397,
            4776342.124821475
          ],
          [
            399615.6120811188,
            4776212.53177838
          ],
          [
            399745.2199381537,
            4776212.53177838
          ],
          [
            399874.8277951885,
            4776082.938735286
          ],
          [
            399874.8277951885,
            4775953.345692191
          ],
          [
            400004.43565222336,
            4775823.752649097
          ],
          [
            400134.04350925825,
            4775823.752649097
          ],
          [
            400263.6513662931,
            4775823.752649097
          ],
          [
            400393.2592233279,
            4775694.159606002
          ],
          [
            400393.2592233279,
            4775564.566562908
          ],
          [
            400522.8670803628,
            4775434.973519813
          ],
          [
            400522.8670803628,
            4775305.38047672
          ],
          [
            400652.47493739764,
            4775175.787433625
          ],
          [
            400782.0827944325,
            4775046.194390531
          ],
          [
            400911.69065146736,
            4774916.601347436
          ],
          [
            400911.69065146736,
            4774787.008304342
          ],
          [
            400782.0827944325,
            4774657.415261247
          ],
          [
            400652.47493739764,
            4774527.822218153
          ],
          [
            400652.47493739764,
            4774398.229175058
          ],
          [
            400782.0827944325,
            4774268.636131964
          ],
          [
            400911.69065146736,
            4774139.043088869
          ],
          [
            400911.69065146736,
            4774009.450045776
          ],
          [
            400911.69065146736,
            4773879.857002681
          ],
          [
            400911.69065146736,
            4773750.263959587
          ],
          [
            401041.2985085022,
            4773620.670916492
          ],
          [
            400911.69065146736,
            4773491.077873398
          ],
          [
            400911.69065146736,
            4773361.484830303
          ],
          [
            400782.0827944325,
            4773231.891787209
          ],
          [
            400652.47493739764,
            4773102.298744114
          ],
          [
            400522.8670803628,
            4772972.70570102
          ],
          [
            400393.2592233279,
            4772972.70570102
          ],
          [
            400263.6513662931,
            4772843.112657925
          ],
          [
            400263.6513662931,
            4772713.519614832
          ],
          [
            400263.6513662931,
            4772583.926571737
          ],
          [
            400393.2592233279,
            4772454.333528643
          ],
          [
            400522.8670803628,
            4772324.740485548
          ],
          [
            400652.47493739764,
            4772195.147442454
          ],
          [
            400782.0827944325,
            4772065.554399359
          ],
          [
            400782.0827944325,
            4771935.961356265
          ],
          [
            400782.0827944325,
            4771806.36831317
          ],
          [
            400782.0827944325,
            4771676.775270076
          ],
          [
            400782.0827944325,
            4771547.182226982
          ],
          [
            400782.0827944325,
            4771417.5891838875
          ],
          [
            400782.0827944325,
            4771287.996140793
          ],
          [
            400911.69065146736,
            4771158.403097698
          ],
          [
            400911.69065146736,
            4771028.810054604
          ],
          [
            401041.2985085022,
            4770899.217011509
          ],
          [
            401041.2985085022,
            4770769.623968415
          ],
          [
            401041.2985085022,
            4770640.03092532
          ],
          [
            401041.2985085022,
            4770510.437882226
          ],
          [
            401170.9063655371,
            4770380.844839131
          ],
          [
            401300.5142225719,
            4770251.251796038
          ],
          [
            401430.12207960675,
            4770121.658752943
          ],
          [
            401430.12207960675,
            4769992.065709849
          ],
          [
            401430.12207960675,
            4769862.472666754
          ],
          [
            401559.72993664164,
            4769732.87962366
          ],
          [
            401689.3377936765,
            4769732.87962366
          ],
          [
            401818.94565071136,
            4769732.87962366
          ],
          [
            401948.5535077462,
            4769603.286580565
          ],
          [
            401818.94565071136,
            4769473.693537471
          ],
          [
            401818.94565071136,
            4769344.100494376
          ],
          [
            401948.5535077462,
            4769214.507451282
          ],
          [
            402078.16136478103,
            4769084.914408187
          ],
          [
            402207.7692218159,
            4769084.914408187
          ],
          [
            402337.37707885075,
            4768955.321365094
          ],
          [
            402466.98493588564,
            4768825.728321999
          ],
          [
            402596.5927929205,
            4768825.728321999
          ],
          [
            402596.5927929205,
            4768696.135278905
          ],
          [
            402596.5927929205,
            4768566.54223581
          ],
          [
            402726.2006499553,
            4768436.949192716
          ],
          [
            402726.2006499553,
            4768307.356149621
          ],
          [
            402855.8085069902,
            4768177.763106527
          ],
          [
            402855.8085069902,
            4768048.170063432
          ],
          [
            402726.2006499553,
            4767918.577020338
          ],
          [
            402855.8085069902,
            4767788.983977243
          ],
          [
            402985.41636402503,
            4767659.39093415
          ],
          [
            402985.41636402503,
            4767529.797891055
          ],
          [
            402985.41636402503,
            4767400.204847961
          ],
          [
            402985.41636402503,
            4767270.611804866
          ],
          [
            403115.02422105987,
            4767141.018761772
          ],
          [
            402985.41636402503,
            4767011.425718677
          ],
          [
            402985.41636402503,
            4766881.832675583
          ],
          [
            402855.8085069902,
            4766752.239632488
          ],
          [
            402855.8085069902,
            4766622.646589394
          ],
          [
            402855.8085069902,
            4766493.0535463
          ],
          [
            402855.8085069902,
            4766363.460503206
          ],
          [
            402726.2006499553,
            4766233.867460111
          ],
          [
            402726.2006499553,
            4766104.274417017
          ],
          [
            402726.2006499553,
            4765974.681373922
          ],
          [
            402855.8085069902,
            4765845.088330828
          ],
          [
            402855.8085069902,
            4765715.495287733
          ],
          [
            402855.8085069902,
            4765585.902244639
          ],
          [
            402985.41636402503,
            4765456.309201544
          ],
          [
            403115.02422105987,
            4765326.71615845
          ],
          [
            402985.41636402503,
            4765197.123115356
          ],
          [
            402985.41636402503,
            4765067.530072262
          ],
          [
            402985.41636402503,
            4764937.937029167
          ],
          [
            402855.8085069902,
            4764808.343986073
          ],
          [
            402855.8085069902,
            4764678.750942978
          ],
          [
            402855.8085069902,
            4764549.157899884
          ],
          [
            402855.8085069902,
            4764419.564856789
          ],
          [
            402726.2006499553,
            4764289.971813695
          ],
          [
            402596.5927929205,
            4764160.3787706
          ],
          [
            402596.5927929205,
            4764030.785727506
          ],
          [
            402596.5927929205,
            4763901.192684412
          ],
          [
            402596.5927929205,
            4763771.5996413175
          ],
          [
            402726.2006499553,
            4763642.006598223
          ],
          [
            402726.2006499553,
            4763512.4135551285
          ],
          [
            402855.8085069902,
            4763382.820512034
          ],
          [
            402985.41636402503,
            4763382.820512034
          ],
          [
            403115.02422105987,
            4763382.820512034
          ],
          [
            403244.63207809476,
            4763382.820512034
          ],
          [
            403374.2399351296,
            4763512.4135551285
          ],
          [
            403503.8477921645,
            4763512.4135551285
          ],
          [
            403633.4556491993,
            4763642.006598223
          ],
          [
            403763.06350623415,
            4763642.006598223
          ],
          [
            403892.67136326904,
            4763512.4135551285
          ],
          [
            404022.27922030387,
            4763382.820512034
          ],
          [
            404151.8870773387,
            4763253.2274689395
          ],
          [
            404281.4949343736,
            4763123.634425845
          ],
          [
            404411.1027914084,
            4762994.0413827505
          ],
          [
            404411.1027914084,
            4762864.448339656
          ],
          [
            404281.4949343736,
            4762734.8552965615
          ],
          [
            404151.8870773387,
            4762605.262253468
          ],
          [
            404022.27922030387,
            4762475.669210373
          ],
          [
            403892.67136326904,
            4762346.076167279
          ],
          [
            403763.06350623415,
            4762216.483124184
          ],
          [
            403633.4556491993,
            4762216.483124184
          ],
          [
            403503.8477921645,
            4762086.89008109
          ],
          [
            403503.8477921645,
            4761957.297037995
          ],
          [
            403633.4556491993,
            4761827.703994901
          ],
          [
            403633.4556491993,
            4761698.110951806
          ],
          [
            403503.8477921645,
            4761568.517908712
          ],
          [
            403374.2399351296,
            4761438.924865618
          ],
          [
            403374.2399351296,
            4761309.331822524
          ],
          [
            403244.63207809476,
            4761179.738779429
          ],
          [
            403244.63207809476,
            4761050.145736335
          ],
          [
            403244.63207809476,
            4760920.55269324
          ],
          [
            403115.02422105987,
            4760790.959650146
          ],
          [
            403244.63207809476,
            4760661.366607051
          ],
          [
            403374.2399351296,
            4760661.366607051
          ],
          [
            403503.8477921645,
            4760661.366607051
          ],
          [
            403633.4556491993,
            4760661.366607051
          ],
          [
            403763.06350623415,
            4760661.366607051
          ],
          [
            403892.67136326904,
            4760531.773563957
          ],
          [
            404022.27922030387,
            4760531.773563957
          ],
          [
            404151.8870773387,
            4760402.180520862
          ],
          [
            404281.4949343736,
            4760402.180520862
          ],
          [
            404411.1027914084,
            4760272.587477768
          ],
          [
            404281.4949343736,
            4760142.994434674
          ],
          [
            404281.4949343736,
            4760013.40139158
          ],
          [
            404411.1027914084,
            4759883.808348485
          ],
          [
            404540.7106484433,
            4759754.215305391
          ],
          [
            404540.7106484433,
            4759624.622262296
          ],
          [
            404540.7106484433,
            4759495.029219202
          ],
          [
            404670.31850547815,
            4759365.436176107
          ],
          [
            404799.926362513,
            4759235.843133013
          ],
          [
            404929.5342195479,
            4759235.843133013
          ],
          [
            405059.1420765827,
            4759235.843133013
          ],
          [
            405059.1420765827,
            4759106.250089918
          ],
          [
            404929.5342195479,
            4758976.657046824
          ],
          [
            404929.5342195479,
            4758847.06400373
          ],
          [
            404929.5342195479,
            4758717.470960636
          ],
          [
            404929.5342195479,
            4758587.877917541
          ],
          [
            405059.1420765827,
            4758458.284874447
          ],
          [
            405059.1420765827,
            4758328.691831352
          ],
          [
            405188.74993361754,
            4758199.098788258
          ],
          [
            405318.35779065243,
            4758069.505745163
          ],
          [
            405188.74993361754,
            4757939.912702069
          ],
          [
            405318.35779065243,
            4757810.319658974
          ],
          [
            405318.35779065243,
            4757680.72661588
          ],
          [
            405318.35779065243,
            4757551.133572786
          ],
          [
            405447.96564768726,
            4757421.540529692
          ],
          [
            405318.35779065243,
            4757291.947486597
          ],
          [
            405318.35779065243,
            4757162.354443503
          ],
          [
            405318.35779065243,
            4757032.761400408
          ],
          [
            405188.74993361754,
            4756903.168357314
          ],
          [
            405059.1420765827,
            4756773.575314219
          ],
          [
            404929.5342195479,
            4756773.575314219
          ],
          [
            404799.926362513,
            4756643.982271125
          ],
          [
            404799.926362513,
            4756514.38922803
          ],
          [
            404670.31850547815,
            4756384.796184937
          ],
          [
            404799.926362513,
            4756255.203141842
          ],
          [
            404799.926362513,
            4756125.610098748
          ],
          [
            404670.31850547815,
            4755996.017055653
          ],
          [
            404670.31850547815,
            4755866.424012559
          ],
          [
            404799.926362513,
            4755736.830969464
          ],
          [
            404799.926362513,
            4755607.2379263695
          ],
          [
            404799.926362513,
            4755477.644883275
          ],
          [
            404799.926362513,
            4755348.0518401805
          ],
          [
            404670.31850547815,
            4755218.458797086
          ],
          [
            404540.7106484433,
            4755088.865753992
          ],
          [
            404540.7106484433,
            4754959.272710898
          ],
          [
            404540.7106484433,
            4754829.679667803
          ],
          [
            404670.31850547815,
            4754700.086624709
          ],
          [
            404799.926362513,
            4754570.493581614
          ],
          [
            404929.5342195479,
            4754440.90053852
          ],
          [
            405059.1420765827,
            4754311.307495425
          ],
          [
            405188.74993361754,
            4754181.714452331
          ],
          [
            405318.35779065243,
            4754181.714452331
          ],
          [
            405447.96564768726,
            4754181.714452331
          ],
          [
            405577.57350472215,
            4754052.121409236
          ],
          [
            405707.181361757,
            4754181.714452331
          ],
          [
            405836.7892187918,
            4754052.121409236
          ],
          [
            405966.3970758267,
            4753922.528366142
          ],
          [
            406096.00493286154,
            4753792.935323048
          ],
          [
            406225.61278989643,
            4753792.935323048
          ],
          [
            406355.22064693127,
            4753663.342279954
          ],
          [
            406484.8285039661,
            4753663.342279954
          ],
          [
            406614.436361001,
            4753533.749236859
          ],
          [
            406744.0442180358,
            4753404.156193765
          ],
          [
            406873.65207507065,
            4753404.156193765
          ],
          [
            407003.25993210555,
            4753274.56315067
          ],
          [
            407132.8677891404,
            4753404.156193765
          ],
          [
            407262.47564617527,
            4753274.56315067
          ],
          [
            407392.0835032101,
            4753274.56315067
          ],
          [
            407521.69136024493,
            4753274.56315067
          ],
          [
            407651.2992172798,
            4753144.970107576
          ],
          [
            407651.2992172798,
            4753015.377064481
          ],
          [
            407651.2992172798,
            4752885.784021387
          ],
          [
            407651.2992172798,
            4752756.190978292
          ],
          [
            407651.2992172798,
            4752626.597935198
          ],
          [
            407651.2992172798,
            4752497.004892104
          ],
          [
            407521.69136024493,
            4752367.41184901
          ],
          [
            407521.69136024493,
            4752237.818805915
          ],
          [
            407521.69136024493,
            4752108.225762821
          ],
          [
            407392.0835032101,
            4751978.632719726
          ],
          [
            407392.0835032101,
            4751849.039676632
          ],
          [
            407262.47564617527,
            4751719.446633537
          ],
          [
            407392.0835032101,
            4751589.853590443
          ],
          [
            407521.69136024493,
            4751460.260547348
          ],
          [
            407392.0835032101,
            4751330.667504255
          ],
          [
            407392.0835032101,
            4751201.07446116
          ],
          [
            407392.0835032101,
            4751071.481418066
          ],
          [
            407392.0835032101,
            4750941.888374971
          ],
          [
            407521.69136024493,
            4750812.295331877
          ],
          [
            407651.2992172798,
            4750812.295331877
          ],
          [
            407780.90707431466,
            4750682.702288782
          ],
          [
            407780.90707431466,
            4750553.109245688
          ],
          [
            407780.90707431466,
            4750423.516202593
          ],
          [
            407910.51493134955,
            4750293.923159499
          ],
          [
            408040.1227883844,
            4750293.923159499
          ],
          [
            408169.7306454192,
            4750164.330116404
          ],
          [
            408299.3385024541,
            4750164.330116404
          ],
          [
            408428.94635948894,
            4750164.330116404
          ]
        ]
      },
      "properties": {
        "feature_type": "full_route",
        "route_type": "environmental",
        "algorithm": "NSGA-III Multi-Objective",
        "total_length_m": 84829.81,
        "total_length_km": 84.83,
        "total_segments": 551,
        "total_capex_usd": 53901412.43,
        "capex_per_km_usd": 635406.47,
        "environmental_impact_score": 6.6458,
        "elevation_gain_m": 3782.41,
        "elevation_loss_m": 3938.02,
        "net_elevation_m": -155.62,
        "profile_roughness": 7720.43,
        "pump_stations_required": 9,
        "annual_opex_usd": 708239798.07,
        "cumulative_pressure_pa": 87073613.75,
        "total_20yr_cost_usd": 14218697373.89,
        "success": true,
        "generated_at": "2025-12-19T00:24:37.755102",
        "project": "test_project2",
        "crs": "EPSG:32633"
      }
    },
    {
      "type": "Feature",
      "geometry": {
        "type": "LineString",
        "coordinates": [
          [
            379656.0020977512,
            4804982.187345338
          ],
          [
            379785.609954786,
            4804852.594302244
          ]
        ]
      },
      "properties": {
        "feature_type": "segment",
        "segment_id": 1,
        "step": 1,
        "length_m": 183.28,
        "elevation_start": 161.42,
        "elevation_end": 149.58,
        "slope_percent": 11.06,
        "cost_usd": 120966.59,
        "cost_per_m": 660.0,
        "cumulative_cost": 120966.59,
        "pressure_drop_pa": 186581.97,
        "cumulative_pressure_pa": 186581.97,
        "land_cover_class": 10,
        "land_cover_name": "Tree cover",
        "crs": "EPSG:32633"
      }
    },
    {
      "type": "Feature",
      "geometry": {
        "type": "LineString",
        "coordinates": [
          [
            379785.609954786,
            4804852.594302244
          ],
          [
            379915.2178118209,
            4804723.001259149
          ]
        ]
      },
      "properties": {
        "feature_type": "segment",
        "segment_id": 2,
        "step": 2,
        "length_m": 183.28,
        "elevation_start": 149.58,
        "elevation_end": 125.58,
        "slope_percent": 6.22,
        "cost_usd": 84310.05,
        "cost_per_m": 460.0,
        "cumulative_cost": 205276.64,
        "pressure_drop_pa": 113431.92,
        "cumulative_pressure_pa": 300013.89,
        "land_cover_class": 30,
        "land_cover_name": "Grassland",
        "crs": "EPSG:32633"
      }
    },
    {
      "type": "Feature",
      "geometry": {
        "type": "LineString",
        "coordinates": [
          [
            379915.2178118209,
            4804723.001259149
          ],
          [
            380044.82566885574,
            4804723.001259149
          ]
        ]
      },
      "properties": {
        "feature_type": "segment",
        "segment_id": 3,
        "step": 3,
        "length_m": 129.61,
        "elevation_start": 125.58,
        "elevation_end": 135.87,
        "slope_percent": 9.18,
        "cost_usd": 59619.61,
        "cost_per_m": 460.0,
        "cumulative_cost": 264896.25,
        "pressure_drop_pa": 111930.74,
        "cumulative_pressure_pa": 411944.63,
        "land_cover_class": 30,
        "land_cover_name": "Grassland",
        "crs": "EPSG:32633"
      }
    },
    {
      "type": "Feature",
      "geometry": {
        "type": "LineString",
        "coordinates": [
          [
            380044.82566885574,
            4804723.001259149
          ],
          [
            380174.4335258906,
            4804593.408216055
          ]
        ]
      },
      "properties": {
        "feature_type": "segment",
        "segment_id": 4,
        "step": 4,
        "length_m": 183.28,
        "elevation_start": 135.87,
        "elevation_end": 139.44,
        "slope_percent": 5.05,
        "cost_usd": 120966.59,
        "cost_per_m": 660.0,
        "cumulative_cost": 385862.85,
        "pressure_drop_pa": 95576.51,
        "cumulative_pressure_pa": 507521.14,
        "land_cover_class": 40,
        "land_cover_name": "Cropland",
        "crs": "EPSG:32633"
      }
    },
    {
      "type": "Feature",
      "geometry": {
        "type": "LineString",
        "coordinates": [
          [
            380174.4335258906,
            4804593.408216055
          ],
          [
            380304.04138292547,
            4804463.81517296
          ]
        ]
      },
      "properties": {
        "feature_type": "segment",
        "segment_id": 5,
        "step": 5,
        "length_m": 183.28,
        "elevation_start": 139.44,
        "elevation_end": 128.6,
        "slope_percent": 6.77,
        "cost_usd": 91641.36,
        "cost_per_m": 500.0,
        "cumulative_cost": 477504.2,
        "pressure_drop_pa": 121704.86,
        "cumulative_pressure_pa": 629226.0,
        "land_cover_class": 20,
        "land_cover_name": "Shrubland",
        "crs": "EPSG:32633"
      }
    },
    {
      "type": "Feature",
      "geometry": {
        "type": "LineString",
        "coordinates": [
          [
            380304.04138292547,
            4804463.81517296
          ],
          [
            380433.6492399603,
            4804334.2221298665
          ]
        ]
      },
      "properties": {
        "feature_type": "segment",
        "segment_id": 6,
        "step": 6,
        "length_m": 183.28,
        "elevation_start": 128.6,
        "elevation_end": 117.33,
        "slope_percent": 9.6,
        "cost_usd": 84310.05,
        "cost_per_m": 460.0,
        "cumulative_cost": 561814.25,
        "pressure_drop_pa": 164512.11,
        "cumulative_pressure_pa": 793738.1,
        "land_cover_class": 30,
        "land_cover_name": "Grassland",
        "crs": "EPSG:32633"
      }
    },
    {
      "type": "Feature",
      "geometry": {
        "type": "LineString",
        "coordinates": [
          [
            380433.6492399603,
            4804334.2221298665
          ],
          [
            380563.25709699513,
            4804334.2221298665
          ]
        ]
      },
      "properties": {
        "feature_type": "segment",
        "segment_id": 7,
        "step": 7,
        "length_m": 129.61,
        "elevation_start": 117.33,
        "elevation_end": 101.33,
        "slope_percent": 5.33,
        "cost_usd": 64803.93,
        "cost_per_m": 500.0,
        "cumulative_cost": 626618.18,
        "pressure_drop_pa": 70593.59,
        "cumulative_pressure_pa": 864331.7,
        "land_cover_class": 20,
        "land_cover_name": "Shrubland",
        "crs": "EPSG:32633"
      }
    },
    {
      "type": "Feature",
      "geometry": {
        "type": "LineString",
        "coordinates": [
          [
            380563.25709699513,
            4804334.2221298665
          ],
          [
            380692.86495403,
            4804334.2221298665
          ]
        ]
      },
      "properties": {
        "feature_type": "segment",
        "segment_id": 8,
        "step": 8,
        "length_m": 129.61,
        "elevation_start": 101.33,
        "elevation_end": 99.16,
        "slope_percent": 4.77,
        "cost_usd": 77764.71,
        "cost_per_m": 600.0,
        "cumulative_cost": 704382.89,
        "pressure_drop_pa": 64594.74,
        "cumulative_pressure_pa": 928926.44,
        "land_cover_class": 40,
        "land_cover_name": "Cropland",
        "crs": "EPSG:32633"
      }
    },
    {
      "type": "Feature",
      "geometry": {
        "type": "LineString",
        "coordinates": [
          [
            380692.86495403,
            4804334.2221298665
          ],
          [
            380822.47281106486,
            4804334.2221298665
          ]
        ]
      },
      "properties": {
        "feature_type": "segment",
        "segment_id": 9,
        "step": 9,
        "length_m": 129.61,
        "elevation_start": 99.16,
        "elevation_end": 104.06,
        "slope_percent": 5.09,
        "cost_usd": 85541.19,
        "cost_per_m": 660.0,
        "cumulative_cost": 789924.08,
        "pressure_drop_pa": 68049.78,
        "cumulative_pressure_pa": 996976.22,
        "land_cover_class": 40,
        "land_cover_name": "Cropland",
        "crs": "EPSG:32633"
      }
    },
    {
      "type": "Feature",
      "geometry": {
        "type": "LineString",
        "coordinates": [
          [
            380822.47281106486,
            4804334.2221298665
          ],
          [
            380952.08066809975,
            4804334.2221298665
          ]
        ]
      },
      "properties": {
        "feature_type": "segment",
        "segment_id": 10,
        "step": 10,
        "length_m": 129.61,
        "elevation_start": 104.06,
        "elevation_end": 112.89,
        "slope_percent": 5.91,
        "cost_usd": 59619.61,
        "cost_per_m": 460.0,
        "cumulative_cost": 849543.69,
        "pressure_drop_pa": 76909.6,
        "cumulative_pressure_pa": 1073885.82,
        "land_cover_class": 30,
        "land_cover_name": "Grassland",
        "crs": "EPSG:32633"
      }
    },
    {
      "type": "Feature",
      "geometry": {
        "type": "LineString",
        "coordinates": [
          [
            380952.08066809975,
            4804334.2221298665
          ],
          [
            381081.6885251346,
            4804334.2221298665
          ]
        ]
      },
      "properties": {
        "feature_type": "segment",
        "segment_id": 11,
        "step": 11,
        "length_m": 129.61,
        "elevation_start": 112.89,
        "elevation_end": 123.27,
        "slope_percent": 0.66,
        "cost_usd": 51843.14,
        "cost_per_m": 400.0,
        "cumulative_cost": 901386.84,
        "pressure_drop_pa": 20184.52,
        "cumulative_pressure_pa": 1094070.33,
        "land_cover_class": 30,
        "land_cover_name": "Grassland",
        "crs": "EPSG:32633"
      }
    },
    {
      "type": "Feature",
      "geometry": {
        "type": "LineString",
        "coordinates": [
          [
            381081.6885251346,
            4804334.2221298665
          ],
          [
            381211.2963821694,
            4804334.2221298665
          ]
        ]
      },
      "properties": {
        "feature_type": "segment",
        "segment_id": 12,
        "step": 12,
        "length_m": 129.61,
        "elevation_start": 123.27,
        "elevation_end": 119.07,
        "slope_percent": 8.42,
        "cost_usd": 85541.19,
        "cost_per_m": 660.0,
        "cumulative_cost": 986928.02,
        "pressure_drop_pa": 103794.11,
        "cumulative_pressure_pa": 1197864.45,
        "land_cover_class": 40,
        "land_cover_name": "Cropland",
        "crs": "EPSG:32633"
      }
    },
    {
      "type": "Feature",
      "geometry": {
        "type": "LineString",
        "coordinates": [
          [
            381211.2963821694,
            4804334.2221298665
          ],
          [
            381340.9042392043,
            4804334.2221298665
          ]
        ]
      },
      "properties": {
        "feature_type": "segment",
        "segment_id": 13,
        "step": 13,
        "length_m": 129.61,
        "elevation_start": 119.07,
        "elevation_end": 103.48,
        "slope_percent": 10.4,
        "cost_usd": 98501.97,
        "cost_per_m": 760.0,
        "cumulative_cost": 1085429.99,
        "pressure_drop_pa": 124854.75,
        "cumulative_pressure_pa": 1322719.2,
        "land_cover_class": 40,
        "land_cover_name": "Cropland",
        "crs": "EPSG:32633"
      }
    },
    {
      "type": "Feature",
      "geometry": {
        "type": "LineString",
        "coordinates": [
          [
            381340.9042392043,
            4804334.2221298665
          ],
          [
            381470.51209623914,
            4804334.2221298665
          ]
        ]
      },
      "properties": {
        "feature_type": "segment",
        "segment_id": 14,
        "step": 14,
        "length_m": 129.61,
        "elevation_start": 103.48,
        "elevation_end": 92.52,
        "slope_percent": 11.01,
        "cost_usd": 98501.97,
        "cost_per_m": 760.0,
        "cumulative_cost": 1183931.97,
        "pressure_drop_pa": 131374.33,
        "cumulative_pressure_pa": 1454093.53,
        "land_cover_class": 40,
        "land_cover_name": "Cropland",
        "crs": "EPSG:32633"
      }
    },
    {
      "type": "Feature",
      "geometry": {
        "type": "LineString",
        "coordinates": [
          [
            381470.51209623914,
            4804334.2221298665
          ],
          [
            381600.11995327397,
            4804334.2221298665
          ]
        ]
      },
      "properties": {
        "feature_type": "segment",
        "segment_id": 15,
        "step": 15,
        "length_m": 129.61,
        "elevation_start": 92.52,
        "elevation_end": 74.75,
        "slope_percent": 7.86,
        "cost_usd": 85541.19,
        "cost_per_m": 660.0,
        "cumulative_cost": 1269473.15,
        "pressure_drop_pa": 97787.48,
        "cumulative_pressure_pa": 1551881.01,
        "land_cover_class": 40,
        "land_cover_name": "Cropland",
        "crs": "EPSG:32633"
      }
    },
    {
      "type": "Feature",
      "geometry": {
        "type": "LineString",
        "coordinates": [
          [
            381600.11995327397,
            4804334.2221298665
          ],
          [
            381729.72781030886,
            4804334.2221298665
          ]
        ]
      },
      "properties": {
        "feature_type": "segment",
        "segment_id": 16,
        "step": 16,
        "length_m": 129.61,
        "elevation_start": 74.75,
        "elevation_end": 69.29,
        "slope_percent": 4.34,
        "cost_usd": 77764.71,
        "cost_per_m": 600.0,
        "cumulative_cost": 1347237.87,
        "pressure_drop_pa": 59902.31,
        "cumulative_pressure_pa": 1611783.32,
        "land_cover_class": 40,
        "land_cover_name": "Cropland",
        "crs": "EPSG:32633"
      }
    },
    {
      "type": "Feature",
      "geometry": {
        "type": "LineString",
        "coordinates": [
          [
            381729.72781030886,
            4804334.2221298665
          ],
          [
            381859.3356673437,
            4804334.2221298665
          ]
        ]
      },
      "properties": {
        "feature_type": "segment",
        "segment_id": 17,
        "step": 17,
        "length_m": 129.61,
        "elevation_start": 69.29,
        "elevation_end": 76.0,
        "slope_percent": 8.01,
        "cost_usd": 85541.19,
        "cost_per_m": 660.0,
        "cumulative_cost": 1432779.05,
        "pressure_drop_pa": 99416.3,
        "cumulative_pressure_pa": 1711199.62,
        "land_cover_class": 40,
        "land_cover_name": "Cropland",
        "crs": "EPSG:32633"
      }
    },
    {
      "type": "Feature",
      "geometry": {
        "type": "LineString",
        "coordinates": [
          [
            381859.3356673437,
            4804334.2221298665
          ],
          [
            381988.9435243786,
            4804334.2221298665
          ]
        ]
      },
      "properties": {
        "feature_type": "segment",
        "segment_id": 18,
        "step": 18,
        "length_m": 129.61,
        "elevation_start": 76.0,
        "elevation_end": 77.73,
        "slope_percent": 6.78,
        "cost_usd": 85541.19,
        "cost_per_m": 660.0,
        "cumulative_cost": 1518320.24,
        "pressure_drop_pa": 86163.27,
        "cumulative_pressure_pa": 1797362.89,
        "land_cover_class": 40,
        "land_cover_name": "Cropland",
        "crs": "EPSG:32633"
      }
    },
    {
      "type": "Feature",
      "geometry": {
        "type": "LineString",
        "coordinates": [
          [
            381988.9435243786,
            4804334.2221298665
          ],
          [
            382118.5513814134,
            4804334.2221298665
          ]
        ]
      },
      "properties": {
        "feature_type": "segment",
        "segment_id": 19,
        "step": 19,
        "length_m": 129.61,
        "elevation_start": 77.73,
        "elevation_end": 91.45,
        "slope_percent": 10.42,
        "cost_usd": 98501.97,
        "cost_per_m": 760.0,
        "cumulative_cost": 1616822.21,
        "pressure_drop_pa": 125105.42,
        "cumulative_pressure_pa": 1922468.31,
        "land_cover_class": 40,
        "land_cover_name": "Cropland",
        "crs": "EPSG:32633"
      }
    },
    {
      "type": "Feature",
      "geometry": {
        "type": "LineString",
        "coordinates": [
          [
            382118.5513814134,
            4804334.2221298665
          ],
          [
            382248.15923844825,
            4804334.2221298665
          ]
        ]
      },
      "properties": {
        "feature_type": "segment",
        "segment_id": 20,
        "step": 20,
        "length_m": 129.61,
        "elevation_start": 91.45,
        "elevation_end": 105.29,
        "slope_percent": 10.46,
        "cost_usd": 72580.4,
        "cost_per_m": 560.0,
        "cumulative_cost": 1689402.61,
        "pressure_drop_pa": 125507.61,
        "cumulative_pressure_pa": 2047975.92,
        "land_cover_class": 30,
        "land_cover_name": "Grassland",
        "crs": "EPSG:32633"
      }
    },
    {
      "type": "Feature",
      "geometry": {
        "type": "LineString",
        "coordinates": [
          [
            382248.15923844825,
            4804334.2221298665
          ],
          [
            382377.76709548314,
            4804334.2221298665
          ]
        ]
      },
      "properties": {
        "feature_type": "segment",
        "segment_id": 21,
        "step": 21,
        "length_m": 129.61,
        "elevation_start": 105.29,
        "elevation_end": 114.76,
        "slope_percent": 6.6,
        "cost_usd": 85541.19,
        "cost_per_m": 660.0,
        "cumulative_cost": 1774943.79,
        "pressure_drop_pa": 84306.58,
        "cumulative_pressure_pa": 2132282.5,
        "land_cover_class": 40,
        "land_cover_name": "Cropland",
        "crs": "EPSG:32633"
      }
    },
    {
      "type": "Feature",
      "geometry": {
        "type": "LineString",
        "coordinates": [
          [
            382377.76709548314,
            4804334.2221298665
          ],
          [
            382507.374952518,
            4804334.2221298665
          ]
        ]
      },
      "properties": {
        "feature_type": "segment",
        "segment_id": 22,
        "step": 22,
        "length_m": 129.61,
        "elevation_start": 114.76,
        "elevation_end": 128.78,
        "slope_percent": 5.02,
        "cost_usd": 85541.19,
        "cost_per_m": 660.0,
        "cumulative_cost": 1860484.98,
        "pressure_drop_pa": 67256.78,
        "cumulative_pressure_pa": 2199539.28,
        "land_cover_class": 40,
        "land_cover_name": "Cropland",
        "crs": "EPSG:32633"
      }
    },
    {
      "type": "Feature",
      "geometry": {
        "type": "LineString",
        "coordinates": [
          [
            382507.374952518,
            4804334.2221298665
          ],
          [
            382636.9828095528,
            4804334.2221298665
          ]
        ]
      },
      "properties": {
        "feature_type": "segment",
        "segment_id": 23,
        "step": 23,
        "length_m": 129.61,
        "elevation_start": 128.78,
        "elevation_end": 122.69,
        "slope_percent": 11.34,
        "cost_usd": 98501.97,
        "cost_per_m": 760.0,
        "cumulative_cost": 1958986.95,
        "pressure_drop_pa": 134847.45,
        "cumulative_pressure_pa": 2334386.73,
        "land_cover_class": 40,
        "land_cover_name": "Cropland",
        "crs": "EPSG:32633"
      }
    },
    {
      "type": "Feature",
      "geometry": {
        "type": "LineString",
        "coordinates": [
          [
            382636.9828095528,
            4804334.2221298665
          ],
          [
            382766.5906665877,
            4804463.81517296
          ]
        ]
      },
      "properties": {
        "feature_type": "segment",
        "segment_id": 24,
        "step": 24,
        "length_m": 183.28,
        "elevation_start": 122.69,
        "elevation_end": 142.01,
        "slope_percent": 15.34,
        "cost_usd": 146626.17,
        "cost_per_m": 800.0,
        "cumulative_cost": 2105613.12,
        "pressure_drop_pa": 250234.95,
        "cumulative_pressure_pa": 2584621.68,
        "land_cover_class": 30,
        "land_cover_name": "Grassland",
        "crs": "EPSG:32633"
      }
    },
    {
      "type": "Feature",
      "geometry": {
        "type": "LineString",
        "coordinates": [
          [
            382766.5906665877,
            4804463.81517296
          ],
          [
            382896.19852362253,
            4804463.81517296
          ]
        ]
      },
      "properties": {
        "feature_type": "segment",
        "segment_id": 25,
        "step": 25,
        "length_m": 129.61,
        "elevation_start": 142.01,
        "elevation_end": 145.85,
        "slope_percent": 17.13,
        "cost_usd": 129607.86,
        "cost_per_m": 1000.0,
        "cumulative_cost": 2235220.98,
        "pressure_drop_pa": 195542.21,
        "cumulative_pressure_pa": 2780163.89,
        "land_cover_class": 40,
        "land_cover_name": "Cropland",
        "crs": "EPSG:32633"
      }
    },
    {
      "type": "Feature",
      "geometry": {
        "type": "LineString",
        "coordinates": [
          [
            382896.19852362253,
            4804463.81517296
          ],
          [
            383025.8063806574,
            4804463.81517296
          ]
        ]
      },
      "properties": {
        "feature_type": "segment",
        "segment_id": 26,
        "step": 26,
        "length_m": 129.61,
        "elevation_start": 145.85,
        "elevation_end": 148.93,
        "slope_percent": 17.76,
        "cost_usd": 129607.86,
        "cost_per_m": 1000.0,
        "cumulative_cost": 2364828.84,
        "pressure_drop_pa": 202113.36,
        "cumulative_pressure_pa": 2982277.25,
        "land_cover_class": 40,
        "land_cover_name": "Cropland",
        "crs": "EPSG:32633"
      }
    },
    {
      "type": "Feature",
      "geometry": {
        "type": "LineString",
        "coordinates": [
          [
            383025.8063806574,
            4804463.81517296
          ],
          [
            383155.41423769225,
            4804463.81517296
          ]
        ]
      },
      "properties": {
        "feature_type": "segment",
        "segment_id": 27,
        "step": 27,
        "length_m": 129.61,
        "elevation_start": 148.93,
        "elevation_end": 138.05,
        "slope_percent": 19.15,
        "cost_usd": 108870.6,
        "cost_per_m": 840.0,
        "cumulative_cost": 2473699.44,
        "pressure_drop_pa": 216387.39,
        "cumulative_pressure_pa": 3198664.64,
        "land_cover_class": 20,
        "land_cover_name": "Shrubland",
        "crs": "EPSG:32633"
      }
    },
    {
      "type": "Feature",
      "geometry": {
        "type": "LineString",
        "coordinates": [
          [
            383155.41423769225,
            4804463.81517296
          ],
          [
            383285.0220947271,
            4804463.81517296
          ]
        ]
      },
      "properties": {
        "feature_type": "segment",
        "segment_id": 28,
        "step": 28,
        "length_m": 129.61,
        "elevation_start": 138.05,
        "elevation_end": 121.66,
        "slope_percent": 18.46,
        "cost_usd": 103686.29,
        "cost_per_m": 800.0,
        "cumulative_cost": 2577385.72,
        "pressure_drop_pa": 209317.35,
        "cumulative_pressure_pa": 3407981.99,
        "land_cover_class": 30,
        "land_cover_name": "Grassland",
        "crs": "EPSG:32633"
      }
    },
    {
      "type": "Feature",
      "geometry": {
        "type": "LineString",
        "coordinates": [
          [
            383285.0220947271,
            4804463.81517296
          ],
          [
            383414.629951762,
            4804463.81517296
          ]
        ]
      },
      "properties": {
        "feature_type": "segment",
        "segment_id": 29,
        "step": 29,
        "length_m": 129.61,
        "elevation_start": 121.66,
        "elevation_end": 107.98,
        "slope_percent": 16.55,
        "cost_usd": 108870.6,
        "cost_per_m": 840.0,
        "cumulative_cost": 2686256.32,
        "pressure_drop_pa": 189518.12,
        "cumulative_pressure_pa": 3597500.11,
        "land_cover_class": 20,
        "land_cover_name": "Shrubland",
        "crs": "EPSG:32633"
      }
    },
    {
      "type": "Feature",
      "geometry": {
        "type": "LineString",
        "coordinates": [
          [
            383414.629951762,
            4804463.81517296
          ],
          [
            383544.2378087968,
            4804463.81517296
          ]
        ]
      },
      "properties": {
        "feature_type": "segment",
        "segment_id": 30,
        "step": 30,
        "length_m": 129.61,
        "elevation_start": 107.98,
        "elevation_end": 102.99,
        "slope_percent": 15.55,
        "cost_usd": 103686.29,
        "cost_per_m": 800.0,
        "cumulative_cost": 2789942.61,
        "pressure_drop_pa": 179103.13,
        "cumulative_pressure_pa": 3776603.24,
        "land_cover_class": 30,
        "land_cover_name": "Grassland",
        "crs": "EPSG:32633"
      }
    },
    {
      "type": "Feature",
      "geometry": {
        "type": "LineString",
        "coordinates": [
          [
            383544.2378087968,
            4804463.81517296
          ],
          [
            383673.8456658317,
            4804463.81517296
          ]
        ]
      },
      "properties": {
        "feature_type": "segment",
        "segment_id": 31,
        "step": 31,
        "length_m": 129.61,
        "elevation_start": 102.99,
        "elevation_end": 102.86,
        "slope_percent": 14.43,
        "cost_usd": 98501.97,
        "cost_per_m": 760.0,
        "cumulative_cost": 2888444.58,
        "pressure_drop_pa": 167432.37,
        "cumulative_pressure_pa": 3944035.61,
        "land_cover_class": 40,
        "land_cover_name": "Cropland",
        "crs": "EPSG:32633"
      }
    },
    {
      "type": "Feature",
      "geometry": {
        "type": "LineString",
        "coordinates": [
          [
            383673.8456658317,
            4804463.81517296
          ],
          [
            383803.45352286653,
            4804463.81517296
          ]
        ]
      },
      "properties": {
        "feature_type": "segment",
        "segment_id": 32,
        "step": 32,
        "length_m": 129.61,
        "elevation_start": 102.86,
        "elevation_end": 101.22,
        "slope_percent": 13.15,
        "cost_usd": 98501.97,
        "cost_per_m": 760.0,
        "cumulative_cost": 2986946.55,
        "pressure_drop_pa": 154046.66,
        "cumulative_pressure_pa": 4098082.27,
        "land_cover_class": 40,
        "land_cover_name": "Cropland",
        "crs": "EPSG:32633"
      }
    },
    {
      "type": "Feature",
      "geometry": {
        "type": "LineString",
        "coordinates": [
          [
            383803.45352286653,
            4804463.81517296
          ],
          [
            383933.06137990137,
            4804463.81517296
          ]
        ]
      },
      "properties": {
        "feature_type": "segment",
        "segment_id": 33,
        "step": 33,
        "length_m": 129.61,
        "elevation_start": 101.22,
        "elevation_end": 95.86,
        "slope_percent": 12.39,
        "cost_usd": 98501.97,
        "cost_per_m": 760.0,
        "cumulative_cost": 3085448.52,
        "pressure_drop_pa": 146027.03,
        "cumulative_pressure_pa": 4244109.31,
        "land_cover_class": 40,
        "land_cover_name": "Cropland",
        "crs": "EPSG:32633"
      }
    },
    {
      "type": "Feature",
      "geometry": {
        "type": "LineString",
        "coordinates": [
          [
            383933.06137990137,
            4804463.81517296
          ],
          [
            384062.66923693626,
            4804463.81517296
          ]
        ]
      },
      "properties": {
        "feature_type": "segment",
        "segment_id": 34,
        "step": 34,
        "length_m": 129.61,
        "elevation_start": 95.86,
        "elevation_end": 85.92,
        "slope_percent": 12.26,
        "cost_usd": 98501.97,
        "cost_per_m": 760.0,
        "cumulative_cost": 3183950.49,
        "pressure_drop_pa": 144589.79,
        "cumulative_pressure_pa": 4388699.09,
        "land_cover_class": 40,
        "land_cover_name": "Cropland",
        "crs": "EPSG:32633"
      }
    },
    {
      "type": "Feature",
      "geometry": {
        "type": "LineString",
        "coordinates": [
          [
            384062.66923693626,
            4804463.81517296
          ],
          [
            384192.2770939711,
            4804463.81517296
          ]
        ]
      },
      "properties": {
        "feature_type": "segment",
        "segment_id": 35,
        "step": 35,
        "length_m": 129.61,
        "elevation_start": 85.92,
        "elevation_end": 70.74,
        "slope_percent": 8.56,
        "cost_usd": 85541.19,
        "cost_per_m": 660.0,
        "cumulative_cost": 3269491.68,
        "pressure_drop_pa": 105296.75,
        "cumulative_pressure_pa": 4493995.84,
        "land_cover_class": 40,
        "land_cover_name": "Cropland",
        "crs": "EPSG:32633"
      }
    },
    {
      "type": "Feature",
      "geometry": {
        "type": "LineString",
        "coordinates": [
          [
            384192.2770939711,
            4804463.81517296
          ],
          [
            384321.8849510059,
            4804463.81517296
          ]
        ]
      },
      "properties": {
        "feature_type": "segment",
        "segment_id": 36,
        "step": 36,
        "length_m": 129.61,
        "elevation_start": 70.74,
        "elevation_end": 67.33,
        "slope_percent": 4.16,
        "cost_usd": 77764.71,
        "cost_per_m": 600.0,
        "cumulative_cost": 3347256.39,
        "pressure_drop_pa": 58066.32,
        "cumulative_pressure_pa": 4552062.16,
        "land_cover_class": 40,
        "land_cover_name": "Cropland",
        "crs": "EPSG:32633"
      }
    },
    {
      "type": "Feature",
      "geometry": {
        "type": "LineString",
        "coordinates": [
          [
            384321.8849510059,
            4804463.81517296
          ],
          [
            384451.4928080408,
            4804463.81517296
          ]
        ]
      },
      "properties": {
        "feature_type": "segment",
        "segment_id": 37,
        "step": 37,
        "length_m": 129.61,
        "elevation_start": 67.33,
        "elevation_end": 74.89,
        "slope_percent": 4.71,
        "cost_usd": 77764.71,
        "cost_per_m": 600.0,
        "cumulative_cost": 3425021.11,
        "pressure_drop_pa": 63897.38,
        "cumulative_pressure_pa": 4615959.54,
        "land_cover_class": 40,
        "land_cover_name": "Cropland",
        "crs": "EPSG:32633"
      }
    },
    {
      "type": "Feature",
      "geometry": {
        "type": "LineString",
        "coordinates": [
          [
            384451.4928080408,
            4804463.81517296
          ],
          [
            384581.10066507565,
            4804463.81517296
          ]
        ]
      },
      "properties": {
        "feature_type": "segment",
        "segment_id": 38,
        "step": 38,
        "length_m": 129.61,
        "elevation_start": 74.89,
        "elevation_end": 69.62,
        "slope_percent": 5.08,
        "cost_usd": 85541.19,
        "cost_per_m": 660.0,
        "cumulative_cost": 3510562.29,
        "pressure_drop_pa": 67925.78,
        "cumulative_pressure_pa": 4683885.31,
        "land_cover_class": 40,
        "land_cover_name": "Cropland",
        "crs": "EPSG:32633"
      }
    },
    {
      "type": "Feature",
      "geometry": {
        "type": "LineString",
        "coordinates": [
          [
            384581.10066507565,
            4804463.81517296
          ],
          [
            384710.70852211054,
            4804463.81517296
          ]
        ]
      },
      "properties": {
        "feature_type": "segment",
        "segment_id": 39,
        "step": 39,
        "length_m": 129.61,
        "elevation_start": 69.62,
        "elevation_end": 69.9,
        "slope_percent": 4.13,
        "cost_usd": 77764.71,
        "cost_per_m": 600.0,
        "cumulative_cost": 3588327.01,
        "pressure_drop_pa": 57695.58,
        "cumulative_pressure_pa": 4741580.89,
        "land_cover_class": 40,
        "land_cover_name": "Cropland",
        "crs": "EPSG:32633"
      }
    },
    {
      "type": "Feature",
      "geometry": {
        "type": "LineString",
        "coordinates": [
          [
            384710.70852211054,
            4804463.81517296
          ],
          [
            384840.31637914537,
            4804463.81517296
          ]
        ]
      },
      "properties": {
        "feature_type": "segment",
        "segment_id": 40,
        "step": 40,
        "length_m": 129.61,
        "elevation_start": 69.9,
        "elevation_end": 69.27,
        "slope_percent": 4.41,
        "cost_usd": 77764.71,
        "cost_per_m": 600.0,
        "cumulative_cost": 3666091.72,
        "pressure_drop_pa": 60702.96,
        "cumulative_pressure_pa": 4802283.85,
        "land_cover_class": 40,
        "land_cover_name": "Cropland",
        "crs": "EPSG:32633"
      }
    },
    {
      "type": "Feature",
      "geometry": {
        "type": "LineString",
        "coordinates": [
          [
            384840.31637914537,
            4804463.81517296
          ],
          [
            384969.9242361802,
            4804463.81517296
          ]
        ]
      },
      "properties": {
        "feature_type": "segment",
        "segment_id": 41,
        "step": 41,
        "length_m": 129.61,
        "elevation_start": 69.27,
        "elevation_end": 63.1,
        "slope_percent": 6.05,
        "cost_usd": 85541.19,
        "cost_per_m": 660.0,
        "cumulative_cost": 3751632.91,
        "pressure_drop_pa": 78413.79,
        "cumulative_pressure_pa": 4880697.64,
        "land_cover_class": 40,
        "land_cover_name": "Cropland",
        "crs": "EPSG:32633"
      }
    },
    {
      "type": "Feature",
      "geometry": {
        "type": "LineString",
        "coordinates": [
          [
            384969.9242361802,
            4804463.81517296
          ],
          [
            385099.5320932151,
            4804463.81517296
          ]
        ]
      },
      "properties": {
        "feature_type": "segment",
        "segment_id": 42,
        "step": 42,
        "length_m": 129.61,
        "elevation_start": 63.1,
        "elevation_end": 58.56,
        "slope_percent": 5.2,
        "cost_usd": 85541.19,
        "cost_per_m": 660.0,
        "cumulative_cost": 3837174.09,
        "pressure_drop_pa": 69183.41,
        "cumulative_pressure_pa": 4949881.05,
        "land_cover_class": 40,
        "land_cover_name": "Cropland",
        "crs": "EPSG:32633"
      }
    },
    {
      "type": "Feature",
      "geometry": {
        "type": "LineString",
        "coordinates": [
          [
            385099.5320932151,
            4804463.81517296
          ],
          [
            385229.1399502499,
            4804463.81517296
          ]
        ]
      },
      "properties": {
        "feature_type": "segment",
        "segment_id": 43,
        "step": 43,
        "length_m": 129.61,
        "elevation_start": 58.56,
        "elevation_end": 55.71,
        "slope_percent": 5.23,
        "cost_usd": 59619.61,
        "cost_per_m": 460.0,
        "cumulative_cost": 3896793.71,
        "pressure_drop_pa": 69520.4,
        "cumulative_pressure_pa": 5019401.46,
        "land_cover_class": 30,
        "land_cover_name": "Grassland",
        "crs": "EPSG:32633"
      }
    },
    {
      "type": "Feature",
      "geometry": {
        "type": "LineString",
        "coordinates": [
          [
            385229.1399502499,
            4804463.81517296
          ],
          [
            385358.74780728476,
            4804334.2221298665
          ]
        ]
      },
      "properties": {
        "feature_type": "segment",
        "segment_id": 44,
        "step": 44,
        "length_m": 183.28,
        "elevation_start": 55.71,
        "elevation_end": 38.98,
        "slope_percent": 6.21,
        "cost_usd": 84310.05,
        "cost_per_m": 460.0,
        "cumulative_cost": 3981103.76,
        "pressure_drop_pa": 113183.21,
        "cumulative_pressure_pa": 5132584.66,
        "land_cover_class": 30,
        "land_cover_name": "Grassland",
        "crs": "EPSG:32633"
      }
    },
    {
      "type": "Feature",
      "geometry": {
        "type": "LineString",
        "coordinates": [
          [
            385358.74780728476,
            4804334.2221298665
          ],
          [
            385488.35566431965,
            4804204.629086772
          ]
        ]
      },
      "properties": {
        "feature_type": "segment",
        "segment_id": 45,
        "step": 45,
        "length_m": 183.28,
        "elevation_start": 38.98,
        "elevation_end": 31.78,
        "slope_percent": 2.52,
        "cost_usd": 109969.63,
        "cost_per_m": 600.0,
        "cumulative_cost": 4091073.38,
        "pressure_drop_pa": 56952.28,
        "cumulative_pressure_pa": 5189536.94,
        "land_cover_class": 40,
        "land_cover_name": "Cropland",
        "crs": "EPSG:32633"
      }
    },
    {
      "type": "Feature",
      "geometry": {
        "type": "LineString",
        "coordinates": [
          [
            385488.35566431965,
            4804204.629086772
          ],
          [
            385617.9635213545,
            4804075.0360436775
          ]
        ]
      },
      "properties": {
        "feature_type": "segment",
        "segment_id": 46,
        "step": 46,
        "length_m": 183.28,
        "elevation_start": 31.78,
        "elevation_end": 30.37,
        "slope_percent": 0.92,
        "cost_usd": 109969.63,
        "cost_per_m": 600.0,
        "cumulative_cost": 4201043.01,
        "pressure_drop_pa": 32504.19,
        "cumulative_pressure_pa": 5222041.14,
        "land_cover_class": 40,
        "land_cover_name": "Cropland",
        "crs": "EPSG:32633"
      }
    },
    {
      "type": "Feature",
      "geometry": {
        "type": "LineString",
        "coordinates": [
          [
            385617.9635213545,
            4804075.0360436775
          ],
          [
            385747.5713783894,
            4803945.443000583
          ]
        ]
      },
      "properties": {
        "feature_type": "segment",
        "segment_id": 47,
        "step": 47,
        "length_m": 183.28,
        "elevation_start": 30.37,
        "elevation_end": 28.56,
        "slope_percent": 1.1,
        "cost_usd": 73313.09,
        "cost_per_m": 400.0,
        "cumulative_cost": 4274356.1,
        "pressure_drop_pa": 35284.75,
        "cumulative_pressure_pa": 5257325.89,
        "land_cover_class": 30,
        "land_cover_name": "Grassland",
        "crs": "EPSG:32633"
      }
    },
    {
      "type": "Feature",
      "geometry": {
        "type": "LineString",
        "coordinates": [
          [
            385747.5713783894,
            4803945.443000583
          ],
          [
            385747.5713783894,
            4803815.8499574885
          ]
        ]
      },
      "properties": {
        "feature_type": "segment",
        "segment_id": 48,
        "step": 48,
        "length_m": 129.59,
        "elevation_start": 28.56,
        "elevation_end": 27.83,
        "slope_percent": 0.67,
        "cost_usd": 51837.22,
        "cost_per_m": 400.0,
        "cumulative_cost": 4326193.32,
        "pressure_drop_pa": 20376.85,
        "cumulative_pressure_pa": 5277702.73,
        "land_cover_class": 30,
        "land_cover_name": "Grassland",
        "crs": "EPSG:32633"
      }
    },
    {
      "type": "Feature",
      "geometry": {
        "type": "LineString",
        "coordinates": [
          [
            385747.5713783894,
            4803815.8499574885
          ],
          [
            385877.1792354242,
            4803686.256914394
          ]
        ]
      },
      "properties": {
        "feature_type": "segment",
        "segment_id": 49,
        "step": 49,
        "length_m": 183.28,
        "elevation_start": 27.83,
        "elevation_end": 27.34,
        "slope_percent": 0.6,
        "cost_usd": 73313.09,
        "cost_per_m": 400.0,
        "cumulative_cost": 4399506.4,
        "pressure_drop_pa": 27664.96,
        "cumulative_pressure_pa": 5305367.7,
        "land_cover_class": 30,
        "land_cover_name": "Grassland",
        "crs": "EPSG:32633"
      }
    },
    {
      "type": "Feature",
      "geometry": {
        "type": "LineString",
        "coordinates": [
          [
            385877.1792354242,
            4803686.256914394
          ],
          [
            386006.78709245904,
            4803686.256914394
          ]
        ]
      },
      "properties": {
        "feature_type": "segment",
        "segment_id": 50,
        "step": 50,
        "length_m": 129.61,
        "elevation_start": 27.34,
        "elevation_end": 26.46,
        "slope_percent": 0.58,
        "cost_usd": 77764.71,
        "cost_per_m": 600.0,
        "cumulative_cost": 4477271.12,
        "pressure_drop_pa": 19396.78,
        "cumulative_pressure_pa": 5324764.48,
        "land_cover_class": 40,
        "land_cover_name": "Cropland",
        "crs": "EPSG:32633"
      }
    },
    {
      "type": "Feature",
      "geometry": {
        "type": "LineString",
        "coordinates": [
          [
            386006.78709245904,
            4803686.256914394
          ],
          [
            386136.39494949393,
            4803686.256914394
          ]
        ]
      },
      "properties": {
        "feature_type": "segment",
        "segment_id": 51,
        "step": 51,
        "length_m": 129.61,
        "elevation_start": 26.46,
        "elevation_end": 25.95,
        "slope_percent": 0.45,
        "cost_usd": 64803.93,
        "cost_per_m": 500.0,
        "cumulative_cost": 4542075.04,
        "pressure_drop_pa": 17943.62,
        "cumulative_pressure_pa": 5342708.1,
        "land_cover_class": 10,
        "land_cover_name": "Tree cover",
        "crs": "EPSG:32633"
      }
    },
    {
      "type": "Feature",
      "geometry": {
        "type": "LineString",
        "coordinates": [
          [
            386136.39494949393,
            4803686.256914394
          ],
          [
            386266.00280652876,
            4803556.6638712995
          ]
        ]
      },
      "properties": {
        "feature_type": "segment",
        "segment_id": 52,
        "step": 52,
        "length_m": 183.28,
        "elevation_start": 25.95,
        "elevation_end": 26.26,
        "slope_percent": 0.49,
        "cost_usd": 73313.09,
        "cost_per_m": 400.0,
        "cumulative_cost": 4615388.13,
        "pressure_drop_pa": 25968.37,
        "cumulative_pressure_pa": 5368676.47,
        "land_cover_class": 30,
        "land_cover_name": "Grassland",
        "crs": "EPSG:32633"
      }
    },
    {
      "type": "Feature",
      "geometry": {
        "type": "LineString",
        "coordinates": [
          [
            386266.00280652876,
            4803556.6638712995
          ],
          [
            386395.6106635636,
            4803556.6638712995
          ]
        ]
      },
      "properties": {
        "feature_type": "segment",
        "segment_id": 53,
        "step": 53,
        "length_m": 129.61,
        "elevation_start": 26.26,
        "elevation_end": 25.91,
        "slope_percent": 0.48,
        "cost_usd": 77764.71,
        "cost_per_m": 600.0,
        "cumulative_cost": 4693152.84,
        "pressure_drop_pa": 18334.55,
        "cumulative_pressure_pa": 5387011.02,
        "land_cover_class": 40,
        "land_cover_name": "Cropland",
        "crs": "EPSG:32633"
      }
    },
    {
      "type": "Feature",
      "geometry": {
        "type": "LineString",
        "coordinates": [
          [
            386395.6106635636,
            4803556.6638712995
          ],
          [
            386525.2185205985,
            4803556.6638712995
          ]
        ]
      },
      "properties": {
        "feature_type": "segment",
        "segment_id": 54,
        "step": 54,
        "length_m": 129.61,
        "elevation_start": 25.91,
        "elevation_end": 25.57,
        "slope_percent": 0.47,
        "cost_usd": 51843.14,
        "cost_per_m": 400.0,
        "cumulative_cost": 4744995.99,
        "pressure_drop_pa": 18147.14,
        "cumulative_pressure_pa": 5405158.16,
        "land_cover_class": 30,
        "land_cover_name": "Grassland",
        "crs": "EPSG:32633"
      }
    },
    {
      "type": "Feature",
      "geometry": {
        "type": "LineString",
        "coordinates": [
          [
            386525.2185205985,
            4803556.6638712995
          ],
          [
            386654.8263776333,
            4803427.070828205
          ]
        ]
      },
      "properties": {
        "feature_type": "segment",
        "segment_id": 55,
        "step": 55,
        "length_m": 183.28,
        "elevation_start": 25.57,
        "elevation_end": 25.79,
        "slope_percent": 0.58,
        "cost_usd": 109969.63,
        "cost_per_m": 600.0,
        "cumulative_cost": 4854965.62,
        "pressure_drop_pa": 27427.03,
        "cumulative_pressure_pa": 5432585.2,
        "land_cover_class": 40,
        "land_cover_name": "Cropland",
        "crs": "EPSG:32633"
      }
    },
    {
      "type": "Feature",
      "geometry": {
        "type": "LineString",
        "coordinates": [
          [
            386654.8263776333,
            4803427.070828205
          ],
          [
            386784.4342346682,
            4803297.4777851105
          ]
        ]
      },
      "properties": {
        "feature_type": "segment",
        "segment_id": 56,
        "step": 56,
        "length_m": 183.28,
        "elevation_start": 25.79,
        "elevation_end": 26.18,
        "slope_percent": 0.96,
        "cost_usd": 109969.63,
        "cost_per_m": 600.0,
        "cumulative_cost": 4964935.24,
        "pressure_drop_pa": 33116.46,
        "cumulative_pressure_pa": 5465701.65,
        "land_cover_class": 40,
        "land_cover_name": "Cropland",
        "crs": "EPSG:32633"
      }
    },
    {
      "type": "Feature",
      "geometry": {
        "type": "LineString",
        "coordinates": [
          [
            386784.4342346682,
            4803297.4777851105
          ],
          [
            386914.04209170304,
            4803167.884742016
          ]
        ]
      },
      "properties": {
        "feature_type": "segment",
        "segment_id": 57,
        "step": 57,
        "length_m": 183.28,
        "elevation_start": 26.18,
        "elevation_end": 28.12,
        "slope_percent": 2.45,
        "cost_usd": 73313.09,
        "cost_per_m": 400.0,
        "cumulative_cost": 5038248.33,
        "pressure_drop_pa": 55898.26,
        "cumulative_pressure_pa": 5521599.92,
        "land_cover_class": 30,
        "land_cover_name": "Grassland",
        "crs": "EPSG:32633"
      }
    },
    {
      "type": "Feature",
      "geometry": {
        "type": "LineString",
        "coordinates": [
          [
            386914.04209170304,
            4803167.884742016
          ],
          [
            387043.6499487379,
            4803167.884742016
          ]
        ]
      },
      "properties": {
        "feature_type": "segment",
        "segment_id": 58,
        "step": 58,
        "length_m": 129.61,
        "elevation_start": 28.12,
        "elevation_end": 29.82,
        "slope_percent": 4.94,
        "cost_usd": 77764.71,
        "cost_per_m": 600.0,
        "cumulative_cost": 5116013.04,
        "pressure_drop_pa": 66376.93,
        "cumulative_pressure_pa": 5587976.84,
        "land_cover_class": 40,
        "land_cover_name": "Cropland",
        "crs": "EPSG:32633"
      }
    },
    {
      "type": "Feature",
      "geometry": {
        "type": "LineString",
        "coordinates": [
          [
            387043.6499487379,
            4803167.884742016
          ],
          [
            387173.25780577277,
            4803038.291698922
          ]
        ]
      },
      "properties": {
        "feature_type": "segment",
        "segment_id": 59,
        "step": 59,
        "length_m": 183.28,
        "elevation_start": 29.82,
        "elevation_end": 47.92,
        "slope_percent": 9.22,
        "cost_usd": 84310.05,
        "cost_per_m": 460.0,
        "cumulative_cost": 5200323.09,
        "pressure_drop_pa": 158829.54,
        "cumulative_pressure_pa": 5746806.38,
        "land_cover_class": 30,
        "land_cover_name": "Grassland",
        "crs": "EPSG:32633"
      }
    },
    {
      "type": "Feature",
      "geometry": {
        "type": "LineString",
        "coordinates": [
          [
            387173.25780577277,
            4803038.291698922
          ],
          [
            387173.25780577277,
            4802908.698655828
          ]
        ]
      },
      "properties": {
        "feature_type": "segment",
        "segment_id": 60,
        "step": 60,
        "length_m": 129.59,
        "elevation_start": 47.92,
        "elevation_end": 42.71,
        "slope_percent": 4.82,
        "cost_usd": 57020.94,
        "cost_per_m": 440.0,
        "cumulative_cost": 5257344.03,
        "pressure_drop_pa": 65144.66,
        "cumulative_pressure_pa": 5811951.04,
        "land_cover_class": 20,
        "land_cover_name": "Shrubland",
        "crs": "EPSG:32633"
      }
    },
    {
      "type": "Feature",
      "geometry": {
        "type": "LineString",
        "coordinates": [
          [
            387173.25780577277,
            4802908.698655828
          ],
          [
            387173.25780577277,
            4802779.105612733
          ]
        ]
      },
      "properties": {
        "feature_type": "segment",
        "segment_id": 61,
        "step": 61,
        "length_m": 129.59,
        "elevation_start": 42.71,
        "elevation_end": 56.35,
        "slope_percent": 12.1,
        "cost_usd": 98490.71,
        "cost_per_m": 760.0,
        "cumulative_cost": 5355834.74,
        "pressure_drop_pa": 142933.96,
        "cumulative_pressure_pa": 5954885.0,
        "land_cover_class": 40,
        "land_cover_name": "Cropland",
        "crs": "EPSG:32633"
      }
    },
    {
      "type": "Feature",
      "geometry": {
        "type": "LineString",
        "coordinates": [
          [
            387173.25780577277,
            4802779.105612733
          ],
          [
            387302.8656628076,
            4802649.512569639
          ]
        ]
      },
      "properties": {
        "feature_type": "segment",
        "segment_id": 62,
        "step": 62,
        "length_m": 183.28,
        "elevation_start": 56.35,
        "elevation_end": 79.15,
        "slope_percent": 16.82,
        "cost_usd": 153957.48,
        "cost_per_m": 840.0,
        "cumulative_cost": 5509792.22,
        "pressure_drop_pa": 272008.11,
        "cumulative_pressure_pa": 6226893.11,
        "land_cover_class": 20,
        "land_cover_name": "Shrubland",
        "crs": "EPSG:32633"
      }
    },
    {
      "type": "Feature",
      "geometry": {
        "type": "LineString",
        "coordinates": [
          [
            387302.8656628076,
            4802649.512569639
          ],
          [
            387302.8656628076,
            4802519.919526544
          ]
        ]
      },
      "properties": {
        "feature_type": "segment",
        "segment_id": 63,
        "step": 63,
        "length_m": 129.59,
        "elevation_start": 79.15,
        "elevation_end": 104.07,
        "slope_percent": 7.78,
        "cost_usd": 59612.8,
        "cost_per_m": 460.0,
        "cumulative_cost": 5569405.02,
        "pressure_drop_pa": 96887.3,
        "cumulative_pressure_pa": 6323780.41,
        "land_cover_class": 30,
        "land_cover_name": "Grassland",
        "crs": "EPSG:32633"
      }
    },
    {
      "type": "Feature",
      "geometry": {
        "type": "LineString",
        "coordinates": [
          [
            387302.8656628076,
            4802519.919526544
          ],
          [
            387432.4735198425,
            4802390.32648345
          ]
        ]
      },
      "properties": {
        "feature_type": "segment",
        "segment_id": 64,
        "step": 64,
        "length_m": 183.28,
        "elevation_start": 104.07,
        "elevation_end": 109.06,
        "slope_percent": 14.4,
        "cost_usd": 102638.32,
        "cost_per_m": 560.0,
        "cumulative_cost": 5672043.34,
        "pressure_drop_pa": 236311.67,
        "cumulative_pressure_pa": 6560092.09,
        "land_cover_class": 30,
        "land_cover_name": "Grassland",
        "crs": "EPSG:32633"
      }
    },
    {
      "type": "Feature",
      "geometry": {
        "type": "LineString",
        "coordinates": [
          [
            387432.4735198425,
            4802390.32648345
          ],
          [
            387432.4735198425,
            4802260.733440355
          ]
        ]
      },
      "properties": {
        "feature_type": "segment",
        "segment_id": 65,
        "step": 65,
        "length_m": 129.59,
        "elevation_start": 109.06,
        "elevation_end": 124.41,
        "slope_percent": 23.69,
        "cost_usd": 103674.43,
        "cost_per_m": 800.0,
        "cumulative_cost": 5775717.78,
        "pressure_drop_pa": 262175.57,
        "cumulative_pressure_pa": 6822267.66,
        "land_cover_class": 30,
        "land_cover_name": "Grassland",
        "crs": "EPSG:32633"
      }
    },
    {
      "type": "Feature",
      "geometry": {
        "type": "LineString",
        "coordinates": [
          [
            387432.4735198425,
            4802260.733440355
          ],
          [
            387432.4735198425,
            4802131.140397261
          ]
        ]
      },
      "properties": {
        "feature_type": "segment",
        "segment_id": 66,
        "step": 66,
        "length_m": 129.59,
        "elevation_start": 124.41,
        "elevation_end": 144.41,
        "slope_percent": 25.22,
        "cost_usd": 155511.65,
        "cost_per_m": 1200.0,
        "cumulative_cost": 5931229.43,
        "pressure_drop_pa": 277339.55,
        "cumulative_pressure_pa": 7099607.2,
        "land_cover_class": 30,
        "land_cover_name": "Grassland",
        "crs": "EPSG:32633"
      }
    },
    {
      "type": "Feature",
      "geometry": {
        "type": "LineString",
        "coordinates": [
          [
            387432.4735198425,
            4802131.140397261
          ],
          [
            387432.4735198425,
            4802001.547354166
          ]
        ]
      },
      "properties": {
        "feature_type": "segment",
        "segment_id": 67,
        "step": 67,
        "length_m": 129.59,
        "elevation_start": 144.41,
        "elevation_end": 162.98,
        "slope_percent": 22.26,
        "cost_usd": 103674.43,
        "cost_per_m": 800.0,
        "cumulative_cost": 6034903.87,
        "pressure_drop_pa": 247909.62,
        "cumulative_pressure_pa": 7347516.82,
        "land_cover_class": 30,
        "land_cover_name": "Grassland",
        "crs": "EPSG:32633"
      }
    },
    {
      "type": "Feature",
      "geometry": {
        "type": "LineString",
        "coordinates": [
          [
            387432.4735198425,
            4802001.547354166
          ],
          [
            387562.0813768773,
            4801871.954311073
          ]
        ]
      },
      "properties": {
        "feature_type": "segment",
        "segment_id": 68,
        "step": 68,
        "length_m": 183.28,
        "elevation_start": 162.98,
        "elevation_end": 198.04,
        "slope_percent": 12.31,
        "cost_usd": 109969.63,
        "cost_per_m": 600.0,
        "cumulative_cost": 6144873.49,
        "pressure_drop_pa": 205190.37,
        "cumulative_pressure_pa": 7552707.19,
        "land_cover_class": 20,
        "land_cover_name": "Shrubland",
        "crs": "EPSG:32633"
      }
    },
    {
      "type": "Feature",
      "geometry": {
        "type": "LineString",
        "coordinates": [
          [
            387562.0813768773,
            4801871.954311073
          ],
          [
            387691.68923391216,
            4801871.954311073
          ]
        ]
      },
      "properties": {
        "feature_type": "segment",
        "segment_id": 69,
        "step": 69,
        "length_m": 129.61,
        "elevation_start": 198.04,
        "elevation_end": 203.27,
        "slope_percent": 10.1,
        "cost_usd": 72580.4,
        "cost_per_m": 560.0,
        "cumulative_cost": 6217453.89,
        "pressure_drop_pa": 121722.38,
        "cumulative_pressure_pa": 7674429.58,
        "land_cover_class": 30,
        "land_cover_name": "Grassland",
        "crs": "EPSG:32633"
      }
    },
    {
      "type": "Feature",
      "geometry": {
        "type": "LineString",
        "coordinates": [
          [
            387691.68923391216,
            4801871.954311073
          ],
          [
            387821.29709094705,
            4801742.361267978
          ]
        ]
      },
      "properties": {
        "feature_type": "segment",
        "segment_id": 70,
        "step": 70,
        "length_m": 183.28,
        "elevation_start": 203.27,
        "elevation_end": 187.25,
        "slope_percent": 15.14,
        "cost_usd": 146626.17,
        "cost_per_m": 800.0,
        "cumulative_cost": 6364080.07,
        "pressure_drop_pa": 247316.28,
        "cumulative_pressure_pa": 7921745.85,
        "land_cover_class": 30,
        "land_cover_name": "Grassland",
        "crs": "EPSG:32633"
      }
    },
    {
      "type": "Feature",
      "geometry": {
        "type": "LineString",
        "coordinates": [
          [
            387821.29709094705,
            4801742.361267978
          ],
          [
            387950.9049479819,
            4801612.768224884
          ]
        ]
      },
      "properties": {
        "feature_type": "segment",
        "segment_id": 71,
        "step": 71,
        "length_m": 183.28,
        "elevation_start": 187.25,
        "elevation_end": 150.17,
        "slope_percent": 19.28,
        "cost_usd": 146626.17,
        "cost_per_m": 800.0,
        "cumulative_cost": 6510706.24,
        "pressure_drop_pa": 307914.4,
        "cumulative_pressure_pa": 8229660.25,
        "land_cover_class": 30,
        "land_cover_name": "Grassland",
        "crs": "EPSG:32633"
      }
    },
    {
      "type": "Feature",
      "geometry": {
        "type": "LineString",
        "coordinates": [
          [
            387950.9049479819,
            4801612.768224884
          ],
          [
            388080.5128050167,
            4801612.768224884
          ]
        ]
      },
      "properties": {
        "feature_type": "segment",
        "segment_id": 72,
        "step": 72,
        "length_m": 129.61,
        "elevation_start": 150.17,
        "elevation_end": 164.53,
        "slope_percent": 16.83,
        "cost_usd": 129607.86,
        "cost_per_m": 1000.0,
        "cumulative_cost": 6640314.09,
        "pressure_drop_pa": 192479.19,
        "cumulative_pressure_pa": 8422139.44,
        "land_cover_class": 40,
        "land_cover_name": "Cropland",
        "crs": "EPSG:32633"
      }
    },
    {
      "type": "Feature",
      "geometry": {
        "type": "LineString",
        "coordinates": [
          [
            388080.5128050167,
            4801612.768224884
          ],
          [
            388210.1206620516,
            4801612.768224884
          ]
        ]
      },
      "properties": {
        "feature_type": "segment",
        "segment_id": 73,
        "step": 73,
        "length_m": 129.61,
        "elevation_start": 164.53,
        "elevation_end": 162.02,
        "slope_percent": 11.92,
        "cost_usd": 98501.97,
        "cost_per_m": 760.0,
        "cumulative_cost": 6738816.07,
        "pressure_drop_pa": 141045.76,
        "cumulative_pressure_pa": 8563185.2,
        "land_cover_class": 40,
        "land_cover_name": "Cropland",
        "crs": "EPSG:32633"
      }
    },
    {
      "type": "Feature",
      "geometry": {
        "type": "LineString",
        "coordinates": [
          [
            388210.1206620516,
            4801612.768224884
          ],
          [
            388339.72851908643,
            4801612.768224884
          ]
        ]
      },
      "properties": {
        "feature_type": "segment",
        "segment_id": 74,
        "step": 74,
        "length_m": 129.61,
        "elevation_start": 162.02,
        "elevation_end": 158.36,
        "slope_percent": 3.32,
        "cost_usd": 77764.71,
        "cost_per_m": 600.0,
        "cumulative_cost": 6816580.78,
        "pressure_drop_pa": 48987.16,
        "cumulative_pressure_pa": 8612172.36,
        "land_cover_class": 40,
        "land_cover_name": "Cropland",
        "crs": "EPSG:32633"
      }
    },
    {
      "type": "Feature",
      "geometry": {
        "type": "LineString",
        "coordinates": [
          [
            388339.72851908643,
            4801612.768224884
          ],
          [
            388469.3363761213,
            4801483.175181789
          ]
        ]
      },
      "properties": {
        "feature_type": "segment",
        "segment_id": 75,
        "step": 75,
        "length_m": 183.28,
        "elevation_start": 158.36,
        "elevation_end": 177.19,
        "slope_percent": 16.44,
        "cost_usd": 146626.17,
        "cost_per_m": 800.0,
        "cumulative_cost": 6963206.95,
        "pressure_drop_pa": 266488.22,
        "cumulative_pressure_pa": 8878660.58,
        "land_cover_class": 30,
        "land_cover_name": "Grassland",
        "crs": "EPSG:32633"
      }
    },
    {
      "type": "Feature",
      "geometry": {
        "type": "LineString",
        "coordinates": [
          [
            388469.3363761213,
            4801483.175181789
          ],
          [
            388598.94423315616,
            4801353.582138695
          ]
        ]
      },
      "properties": {
        "feature_type": "segment",
        "segment_id": 76,
        "step": 76,
        "length_m": 183.28,
        "elevation_start": 177.19,
        "elevation_end": 189.25,
        "slope_percent": 20.62,
        "cost_usd": 146626.17,
        "cost_per_m": 800.0,
        "cumulative_cost": 7109833.12,
        "pressure_drop_pa": 327212.07,
        "cumulative_pressure_pa": 9205872.65,
        "land_cover_class": 30,
        "land_cover_name": "Grassland",
        "crs": "EPSG:32633"
      }
    },
    {
      "type": "Feature",
      "geometry": {
        "type": "LineString",
        "coordinates": [
          [
            388598.94423315616,
            4801353.582138695
          ],
          [
            388728.552090191,
            4801353.582138695
          ]
        ]
      },
      "properties": {
        "feature_type": "segment",
        "segment_id": 77,
        "step": 77,
        "length_m": 129.61,
        "elevation_start": 189.25,
        "elevation_end": 199.96,
        "slope_percent": 19.96,
        "cost_usd": 108870.6,
        "cost_per_m": 840.0,
        "cumulative_cost": 7218703.72,
        "pressure_drop_pa": 224616.84,
        "cumulative_pressure_pa": 9430489.49,
        "land_cover_class": 20,
        "land_cover_name": "Shrubland",
        "crs": "EPSG:32633"
      }
    },
    {
      "type": "Feature",
      "geometry": {
        "type": "LineString",
        "coordinates": [
          [
            388728.552090191,
            4801353.582138695
          ],
          [
            388858.1599472259,
            4801353.582138695
          ]
        ]
      },
      "properties": {
        "feature_type": "segment",
        "segment_id": 78,
        "step": 78,
        "length_m": 129.61,
        "elevation_start": 199.96,
        "elevation_end": 203.07,
        "slope_percent": 18.38,
        "cost_usd": 108870.6,
        "cost_per_m": 840.0,
        "cumulative_cost": 7327574.32,
        "pressure_drop_pa": 208476.28,
        "cumulative_pressure_pa": 9638965.77,
        "land_cover_class": 20,
        "land_cover_name": "Shrubland",
        "crs": "EPSG:32633"
      }
    },
    {
      "type": "Feature",
      "geometry": {
        "type": "LineString",
        "coordinates": [
          [
            388858.1599472259,
            4801353.582138695
          ],
          [
            388987.7678042607,
            4801223.9890956
          ]
        ]
      },
      "properties": {
        "feature_type": "segment",
        "segment_id": 79,
        "step": 79,
        "length_m": 183.28,
        "elevation_start": 203.07,
        "elevation_end": 187.4,
        "slope_percent": 19.29,
        "cost_usd": 146626.17,
        "cost_per_m": 800.0,
        "cumulative_cost": 7474200.49,
        "pressure_drop_pa": 307997.46,
        "cumulative_pressure_pa": 9946963.22,
        "land_cover_class": 30,
        "land_cover_name": "Grassland",
        "crs": "EPSG:32633"
      }
    },
    {
      "type": "Feature",
      "geometry": {
        "type": "LineString",
        "coordinates": [
          [
            388987.7678042607,
            4801223.9890956
          ],
          [
            389117.37566129555,
            4801094.396052506
          ]
        ]
      },
      "properties": {
        "feature_type": "segment",
        "segment_id": 80,
        "step": 80,
        "length_m": 183.28,
        "elevation_start": 187.4,
        "elevation_end": 170.54,
        "slope_percent": 17.99,
        "cost_usd": 153957.48,
        "cost_per_m": 840.0,
        "cumulative_cost": 7628157.97,
        "pressure_drop_pa": 289106.83,
        "cumulative_pressure_pa": 10236070.05,
        "land_cover_class": 20,
        "land_cover_name": "Shrubland",
        "crs": "EPSG:32633"
      }
    },
    {
      "type": "Feature",
      "geometry": {
        "type": "LineString",
        "coordinates": [
          [
            389117.37566129555,
            4801094.396052506
          ],
          [
            389246.98351833044,
            4801094.396052506
          ]
        ]
      },
      "properties": {
        "feature_type": "segment",
        "segment_id": 81,
        "step": 81,
        "length_m": 129.61,
        "elevation_start": 170.54,
        "elevation_end": 189.01,
        "slope_percent": 8.84,
        "cost_usd": 59619.61,
        "cost_per_m": 460.0,
        "cumulative_cost": 7687777.59,
        "pressure_drop_pa": 108274.18,
        "cumulative_pressure_pa": 10344344.23,
        "land_cover_class": 30,
        "land_cover_name": "Grassland",
        "crs": "EPSG:32633"
      }
    },
    {
      "type": "Feature",
      "geometry": {
        "type": "LineString",
        "coordinates": [
          [
            389246.98351833044,
            4801094.396052506
          ],
          [
            389376.5913753653,
            4801094.396052506
          ]
        ]
      },
      "properties": {
        "feature_type": "segment",
        "segment_id": 82,
        "step": 82,
        "length_m": 129.61,
        "elevation_start": 189.01,
        "elevation_end": 196.95,
        "slope_percent": 11.2,
        "cost_usd": 77764.71,
        "cost_per_m": 600.0,
        "cumulative_cost": 7765542.3,
        "pressure_drop_pa": 133353.0,
        "cumulative_pressure_pa": 10477697.23,
        "land_cover_class": 20,
        "land_cover_name": "Shrubland",
        "crs": "EPSG:32633"
      }
    },
    {
      "type": "Feature",
      "geometry": {
        "type": "LineString",
        "coordinates": [
          [
            389376.5913753653,
            4801094.396052506
          ],
          [
            389506.19923240016,
            4800964.803009411
          ]
        ]
      },
      "properties": {
        "feature_type": "segment",
        "segment_id": 83,
        "step": 83,
        "length_m": 183.28,
        "elevation_start": 196.95,
        "elevation_end": 210.5,
        "slope_percent": 7.3,
        "cost_usd": 84310.05,
        "cost_per_m": 460.0,
        "cumulative_cost": 7849852.35,
        "pressure_drop_pa": 129726.5,
        "cumulative_pressure_pa": 10607423.73,
        "land_cover_class": 30,
        "land_cover_name": "Grassland",
        "crs": "EPSG:32633"
      }
    },
    {
      "type": "Feature",
      "geometry": {
        "type": "LineString",
        "coordinates": [
          [
            389506.19923240016,
            4800964.803009411
          ],
          [
            389635.807089435,
            4800835.209966317
          ]
        ]
      },
      "properties": {
        "feature_type": "segment",
        "segment_id": 84,
        "step": 84,
        "length_m": 183.28,
        "elevation_start": 210.5,
        "elevation_end": 171.06,
        "slope_percent": 24.15,
        "cost_usd": 146626.17,
        "cost_per_m": 800.0,
        "cumulative_cost": 7996478.52,
        "pressure_drop_pa": 377288.84,
        "cumulative_pressure_pa": 10984712.58,
        "land_cover_class": 30,
        "land_cover_name": "Grassland",
        "crs": "EPSG:32633"
      }
    },
    {
      "type": "Feature",
      "geometry": {
        "type": "LineString",
        "coordinates": [
          [
            389635.807089435,
            4800835.209966317
          ],
          [
            389765.4149464698,
            4800705.616923222
          ]
        ]
      },
      "properties": {
        "feature_type": "segment",
        "segment_id": 85,
        "step": 85,
        "length_m": 183.28,
        "elevation_start": 171.06,
        "elevation_end": 129.84,
        "slope_percent": 21.2,
        "cost_usd": 153957.48,
        "cost_per_m": 840.0,
        "cumulative_cost": 8150436.0,
        "pressure_drop_pa": 335519.88,
        "cumulative_pressure_pa": 11320232.46,
        "land_cover_class": 20,
        "land_cover_name": "Shrubland",
        "crs": "EPSG:32633"
      }
    },
    {
      "type": "Feature",
      "geometry": {
        "type": "LineString",
        "coordinates": [
          [
            389765.4149464698,
            4800705.616923222
          ],
          [
            389895.0228035047,
            4800576.023880129
          ]
        ]
      },
      "properties": {
        "feature_type": "segment",
        "segment_id": 86,
        "step": 86,
        "length_m": 183.28,
        "elevation_start": 129.84,
        "elevation_end": 92.39,
        "slope_percent": 19.18,
        "cost_usd": 146626.17,
        "cost_per_m": 800.0,
        "cumulative_cost": 8297062.17,
        "pressure_drop_pa": 306335.93,
        "cumulative_pressure_pa": 11626568.39,
        "land_cover_class": 30,
        "land_cover_name": "Grassland",
        "crs": "EPSG:32633"
      }
    },
    {
      "type": "Feature",
      "geometry": {
        "type": "LineString",
        "coordinates": [
          [
            389895.0228035047,
            4800576.023880129
          ],
          [
            389895.0228035047,
            4800446.430837034
          ]
        ]
      },
      "properties": {
        "feature_type": "segment",
        "segment_id": 87,
        "step": 87,
        "length_m": 129.59,
        "elevation_start": 92.39,
        "elevation_end": 74.14,
        "slope_percent": 16.33,
        "cost_usd": 103674.43,
        "cost_per_m": 800.0,
        "cumulative_cost": 8400736.61,
        "pressure_drop_pa": 187287.06,
        "cumulative_pressure_pa": 11813855.45,
        "land_cover_class": 30,
        "land_cover_name": "Grassland",
        "crs": "EPSG:32633"
      }
    },
    {
      "type": "Feature",
      "geometry": {
        "type": "LineString",
        "coordinates": [
          [
            389895.0228035047,
            4800446.430837034
          ],
          [
            389895.0228035047,
            4800316.83779394
          ]
        ]
      },
      "properties": {
        "feature_type": "segment",
        "segment_id": 88,
        "step": 88,
        "length_m": 129.59,
        "elevation_start": 74.14,
        "elevation_end": 54.26,
        "slope_percent": 14.02,
        "cost_usd": 98490.71,
        "cost_per_m": 760.0,
        "cumulative_cost": 8499227.32,
        "pressure_drop_pa": 163140.57,
        "cumulative_pressure_pa": 11976996.02,
        "land_cover_class": 40,
        "land_cover_name": "Cropland",
        "crs": "EPSG:32633"
      }
    },
    {
      "type": "Feature",
      "geometry": {
        "type": "LineString",
        "coordinates": [
          [
            389895.0228035047,
            4800316.83779394
          ],
          [
            390024.63066053955,
            4800187.244750845
          ]
        ]
      },
      "properties": {
        "feature_type": "segment",
        "segment_id": 89,
        "step": 89,
        "length_m": 183.28,
        "elevation_start": 54.26,
        "elevation_end": 36.87,
        "slope_percent": 8.09,
        "cost_usd": 120966.59,
        "cost_per_m": 660.0,
        "cumulative_cost": 8620193.91,
        "pressure_drop_pa": 141695.15,
        "cumulative_pressure_pa": 12118691.16,
        "land_cover_class": 40,
        "land_cover_name": "Cropland",
        "crs": "EPSG:32633"
      }
    },
    {
      "type": "Feature",
      "geometry": {
        "type": "LineString",
        "coordinates": [
          [
            390024.63066053955,
            4800187.244750845
          ],
          [
            390154.2385175744,
            4800057.651707751
          ]
        ]
      },
      "properties": {
        "feature_type": "segment",
        "segment_id": 90,
        "step": 90,
        "length_m": 183.28,
        "elevation_start": 36.87,
        "elevation_end": 28.66,
        "slope_percent": 1.82,
        "cost_usd": 109969.63,
        "cost_per_m": 600.0,
        "cumulative_cost": 8730163.54,
        "pressure_drop_pa": 46358.43,
        "cumulative_pressure_pa": 12165049.59,
        "land_cover_class": 40,
        "land_cover_name": "Cropland",
        "crs": "EPSG:32633"
      }
    },
    {
      "type": "Feature",
      "geometry": {
        "type": "LineString",
        "coordinates": [
          [
            390154.2385175744,
            4800057.651707751
          ],
          [
            390283.8463746093,
            4799928.058664656
          ]
        ]
      },
      "properties": {
        "feature_type": "segment",
        "segment_id": 91,
        "step": 91,
        "length_m": 183.28,
        "elevation_start": 28.66,
        "elevation_end": 36.24,
        "slope_percent": 6.92,
        "cost_usd": 84310.05,
        "cost_per_m": 460.0,
        "cumulative_cost": 8814473.59,
        "pressure_drop_pa": 124033.7,
        "cumulative_pressure_pa": 12289083.29,
        "land_cover_class": 30,
        "land_cover_name": "Grassland",
        "crs": "EPSG:32633"
      }
    },
    {
      "type": "Feature",
      "geometry": {
        "type": "LineString",
        "coordinates": [
          [
            390283.8463746093,
            4799928.058664656
          ],
          [
            390413.4542316441,
            4799798.465621562
          ]
        ]
      },
      "properties": {
        "feature_type": "segment",
        "segment_id": 92,
        "step": 92,
        "length_m": 183.28,
        "elevation_start": 36.24,
        "elevation_end": 49.97,
        "slope_percent": 8.15,
        "cost_usd": 84310.05,
        "cost_per_m": 460.0,
        "cumulative_cost": 8898783.64,
        "pressure_drop_pa": 142623.0,
        "cumulative_pressure_pa": 12431706.3,
        "land_cover_class": 30,
        "land_cover_name": "Grassland",
        "crs": "EPSG:32633"
      }
    },
    {
      "type": "Feature",
      "geometry": {
        "type": "LineString",
        "coordinates": [
          [
            390413.4542316441,
            4799798.465621562
          ],
          [
            390413.4542316441,
            4799668.872578467
          ]
        ]
      },
      "properties": {
        "feature_type": "segment",
        "segment_id": 93,
        "step": 93,
        "length_m": 129.59,
        "elevation_start": 49.97,
        "elevation_end": 60.28,
        "slope_percent": 6.4,
        "cost_usd": 59612.8,
        "cost_per_m": 460.0,
        "cumulative_cost": 8958396.44,
        "pressure_drop_pa": 82059.25,
        "cumulative_pressure_pa": 12513765.55,
        "land_cover_class": 30,
        "land_cover_name": "Grassland",
        "crs": "EPSG:32633"
      }
    },
    {
      "type": "Feature",
      "geometry": {
        "type": "LineString",
        "coordinates": [
          [
            390413.4542316441,
            4799668.872578467
          ],
          [
            390543.062088679,
            4799539.279535373
          ]
        ]
      },
      "properties": {
        "feature_type": "segment",
        "segment_id": 94,
        "step": 94,
        "length_m": 183.28,
        "elevation_start": 60.28,
        "elevation_end": 61.22,
        "slope_percent": 9.4,
        "cost_usd": 84310.05,
        "cost_per_m": 460.0,
        "cumulative_cost": 9042706.49,
        "pressure_drop_pa": 161507.78,
        "cumulative_pressure_pa": 12675273.33,
        "land_cover_class": 30,
        "land_cover_name": "Grassland",
        "crs": "EPSG:32633"
      }
    },
    {
      "type": "Feature",
      "geometry": {
        "type": "LineString",
        "coordinates": [
          [
            390543.062088679,
            4799539.279535373
          ],
          [
            390672.66994571383,
            4799409.686492278
          ]
        ]
      },
      "properties": {
        "feature_type": "segment",
        "segment_id": 95,
        "step": 95,
        "length_m": 183.28,
        "elevation_start": 61.22,
        "elevation_end": 77.67,
        "slope_percent": 15.39,
        "cost_usd": 146626.17,
        "cost_per_m": 800.0,
        "cumulative_cost": 9189332.66,
        "pressure_drop_pa": 250929.61,
        "cumulative_pressure_pa": 12926202.94,
        "land_cover_class": 30,
        "land_cover_name": "Grassland",
        "crs": "EPSG:32633"
      }
    },
    {
      "type": "Feature",
      "geometry": {
        "type": "LineString",
        "coordinates": [
          [
            390672.66994571383,
            4799409.686492278
          ],
          [
            390802.27780274866,
            4799280.093449185
          ]
        ]
      },
      "properties": {
        "feature_type": "segment",
        "segment_id": 96,
        "step": 96,
        "length_m": 183.28,
        "elevation_start": 77.67,
        "elevation_end": 110.44,
        "slope_percent": 15.2,
        "cost_usd": 146626.17,
        "cost_per_m": 800.0,
        "cumulative_cost": 9335958.83,
        "pressure_drop_pa": 248205.29,
        "cumulative_pressure_pa": 13174408.24,
        "land_cover_class": 30,
        "land_cover_name": "Grassland",
        "crs": "EPSG:32633"
      }
    },
    {
      "type": "Feature",
      "geometry": {
        "type": "LineString",
        "coordinates": [
          [
            390802.27780274866,
            4799280.093449185
          ],
          [
            390931.88565978355,
            4799150.50040609
          ]
        ]
      },
      "properties": {
        "feature_type": "segment",
        "segment_id": 97,
        "step": 97,
        "length_m": 183.28,
        "elevation_start": 110.44,
        "elevation_end": 114.17,
        "slope_percent": 9.65,
        "cost_usd": 84310.05,
        "cost_per_m": 460.0,
        "cumulative_cost": 9420268.88,
        "pressure_drop_pa": 165304.65,
        "cumulative_pressure_pa": 13339712.89,
        "land_cover_class": 30,
        "land_cover_name": "Grassland",
        "crs": "EPSG:32633"
      }
    },
    {
      "type": "Feature",
      "geometry": {
        "type": "LineString",
        "coordinates": [
          [
            390931.88565978355,
            4799150.50040609
          ],
          [
            391061.4935168184,
            4799020.907362996
          ]
        ]
      },
      "properties": {
        "feature_type": "segment",
        "segment_id": 98,
        "step": 98,
        "length_m": 183.28,
        "elevation_start": 114.17,
        "elevation_end": 111.97,
        "slope_percent": 16.77,
        "cost_usd": 146626.17,
        "cost_per_m": 800.0,
        "cumulative_cost": 9566895.05,
        "pressure_drop_pa": 271289.57,
        "cumulative_pressure_pa": 13611002.46,
        "land_cover_class": 30,
        "land_cover_name": "Grassland",
        "crs": "EPSG:32633"
      }
    },
    {
      "type": "Feature",
      "geometry": {
        "type": "LineString",
        "coordinates": [
          [
            391061.4935168184,
            4799020.907362996
          ],
          [
            391191.1013738533,
            4799150.50040609
          ]
        ]
      },
      "properties": {
        "feature_type": "segment",
        "segment_id": 99,
        "step": 99,
        "length_m": 183.28,
        "elevation_start": 111.97,
        "elevation_end": 91.68,
        "slope_percent": 13.16,
        "cost_usd": 102638.32,
        "cost_per_m": 560.0,
        "cumulative_cost": 9669533.37,
        "pressure_drop_pa": 217861.44,
        "cumulative_pressure_pa": 13828863.9,
        "land_cover_class": 30,
        "land_cover_name": "Grassland",
        "crs": "EPSG:32633"
      }
    },
    {
      "type": "Feature",
      "geometry": {
        "type": "LineString",
        "coordinates": [
          [
            391191.1013738533,
            4799150.50040609
          ],
          [
            391320.7092308881,
            4799280.093449185
          ]
        ]
      },
      "properties": {
        "feature_type": "segment",
        "segment_id": 100,
        "step": 100,
        "length_m": 183.28,
        "elevation_start": 91.68,
        "elevation_end": 72.72,
        "slope_percent": 11.53,
        "cost_usd": 102638.32,
        "cost_per_m": 560.0,
        "cumulative_cost": 9772171.69,
        "pressure_drop_pa": 193572.23,
        "cumulative_pressure_pa": 14022436.13,
        "land_cover_class": 30,
        "land_cover_name": "Grassland",
        "crs": "EPSG:32633"
      }
    },
    {
      "type": "Feature",
      "geometry": {
        "type": "LineString",
        "coordinates": [
          [
            391320.7092308881,
            4799280.093449185
          ],
          [
            391450.31708792294,
            4799280.093449185
          ]
        ]
      },
      "properties": {
        "feature_type": "segment",
        "segment_id": 101,
        "step": 101,
        "length_m": 129.61,
        "elevation_start": 72.72,
        "elevation_end": 77.42,
        "slope_percent": 15.5,
        "cost_usd": 129607.86,
        "cost_per_m": 1000.0,
        "cumulative_cost": 9901779.55,
        "pressure_drop_pa": 178615.0,
        "cumulative_pressure_pa": 14201051.12,
        "land_cover_class": 40,
        "land_cover_name": "Cropland",
        "crs": "EPSG:32633"
      }
    },
    {
      "type": "Feature",
      "geometry": {
        "type": "LineString",
        "coordinates": [
          [
            391450.31708792294,
            4799280.093449185
          ],
          [
            391579.92494495783,
            4799150.50040609
          ]
        ]
      },
      "properties": {
        "feature_type": "segment",
        "segment_id": 102,
        "step": 102,
        "length_m": 183.28,
        "elevation_start": 77.42,
        "elevation_end": 104.08,
        "slope_percent": 21.96,
        "cost_usd": 146626.17,
        "cost_per_m": 800.0,
        "cumulative_cost": 10048405.72,
        "pressure_drop_pa": 346268.65,
        "cumulative_pressure_pa": 14547319.78,
        "land_cover_class": 30,
        "land_cover_name": "Grassland",
        "crs": "EPSG:32633"
      }
    },
    {
      "type": "Feature",
      "geometry": {
        "type": "LineString",
        "coordinates": [
          [
            391579.92494495783,
            4799150.50040609
          ],
          [
            391709.53280199267,
            4799280.093449185
          ]
        ]
      },
      "properties": {
        "feature_type": "segment",
        "segment_id": 103,
        "step": 103,
        "length_m": 183.28,
        "elevation_start": 104.08,
        "elevation_end": 82.15,
        "slope_percent": 19.42,
        "cost_usd": 146626.17,
        "cost_per_m": 800.0,
        "cumulative_cost": 10195031.89,
        "pressure_drop_pa": 309819.2,
        "cumulative_pressure_pa": 14857138.97,
        "land_cover_class": 30,
        "land_cover_name": "Grassland",
        "crs": "EPSG:32633"
      }
    },
    {
      "type": "Feature",
      "geometry": {
        "type": "LineString",
        "coordinates": [
          [
            391709.53280199267,
            4799280.093449185
          ],
          [
            391839.1406590275,
            4799280.093449185
          ]
        ]
      },
      "properties": {
        "feature_type": "segment",
        "segment_id": 104,
        "step": 104,
        "length_m": 129.61,
        "elevation_start": 82.15,
        "elevation_end": 96.37,
        "slope_percent": 20.6,
        "cost_usd": 103686.29,
        "cost_per_m": 800.0,
        "cumulative_cost": 10298718.18,
        "pressure_drop_pa": 231188.69,
        "cumulative_pressure_pa": 15088327.66,
        "land_cover_class": 30,
        "land_cover_name": "Grassland",
        "crs": "EPSG:32633"
      }
    },
    {
      "type": "Feature",
      "geometry": {
        "type": "LineString",
        "coordinates": [
          [
            391839.1406590275,
            4799280.093449185
          ],
          [
            391968.7485160624,
            4799280.093449185
          ]
        ]
      },
      "properties": {
        "feature_type": "segment",
        "segment_id": 105,
        "step": 105,
        "length_m": 129.61,
        "elevation_start": 96.37,
        "elevation_end": 98.2,
        "slope_percent": 19.82,
        "cost_usd": 103686.29,
        "cost_per_m": 800.0,
        "cumulative_cost": 10402404.46,
        "pressure_drop_pa": 223211.29,
        "cumulative_pressure_pa": 15311538.96,
        "land_cover_class": 30,
        "land_cover_name": "Grassland",
        "crs": "EPSG:32633"
      }
    },
    {
      "type": "Feature",
      "geometry": {
        "type": "LineString",
        "coordinates": [
          [
            391968.7485160624,
            4799280.093449185
          ],
          [
            392098.3563730972,
            4799280.093449185
          ]
        ]
      },
      "properties": {
        "feature_type": "segment",
        "segment_id": 106,
        "step": 106,
        "length_m": 129.61,
        "elevation_start": 98.2,
        "elevation_end": 132.7,
        "slope_percent": 17.44,
        "cost_usd": 108870.6,
        "cost_per_m": 840.0,
        "cumulative_cost": 10511275.06,
        "pressure_drop_pa": 198775.15,
        "cumulative_pressure_pa": 15510314.1,
        "land_cover_class": 20,
        "land_cover_name": "Shrubland",
        "crs": "EPSG:32633"
      }
    },
    {
      "type": "Feature",
      "geometry": {
        "type": "LineString",
        "coordinates": [
          [
            392098.3563730972,
            4799280.093449185
          ],
          [
            392227.9642301321,
            4799280.093449185
          ]
        ]
      },
      "properties": {
        "feature_type": "segment",
        "segment_id": 107,
        "step": 107,
        "length_m": 129.61,
        "elevation_start": 132.7,
        "elevation_end": 135.88,
        "slope_percent": 13.98,
        "cost_usd": 85541.19,
        "cost_per_m": 660.0,
        "cumulative_cost": 10596816.25,
        "pressure_drop_pa": 162746.08,
        "cumulative_pressure_pa": 15673060.18,
        "land_cover_class": 10,
        "land_cover_name": "Tree cover",
        "crs": "EPSG:32633"
      }
    },
    {
      "type": "Feature",
      "geometry": {
        "type": "LineString",
        "coordinates": [
          [
            392227.9642301321,
            4799280.093449185
          ],
          [
            392357.57208716695,
            4799150.50040609
          ]
        ]
      },
      "properties": {
        "feature_type": "segment",
        "segment_id": 108,
        "step": 108,
        "length_m": 183.28,
        "elevation_start": 135.88,
        "elevation_end": 141.97,
        "slope_percent": 11.03,
        "cost_usd": 109969.63,
        "cost_per_m": 600.0,
        "cumulative_cost": 10706785.88,
        "pressure_drop_pa": 186123.06,
        "cumulative_pressure_pa": 15859183.24,
        "land_cover_class": 20,
        "land_cover_name": "Shrubland",
        "crs": "EPSG:32633"
      }
    },
    {
      "type": "Feature",
      "geometry": {
        "type": "LineString",
        "coordinates": [
          [
            392357.57208716695,
            4799150.50040609
          ],
          [
            392487.1799442018,
            4799280.093449185
          ]
        ]
      },
      "properties": {
        "feature_type": "segment",
        "segment_id": 109,
        "step": 109,
        "length_m": 183.28,
        "elevation_start": 141.97,
        "elevation_end": 148.22,
        "slope_percent": 10.91,
        "cost_usd": 102638.32,
        "cost_per_m": 560.0,
        "cumulative_cost": 10809424.2,
        "pressure_drop_pa": 184333.32,
        "cumulative_pressure_pa": 16043516.56,
        "land_cover_class": 30,
        "land_cover_name": "Grassland",
        "crs": "EPSG:32633"
      }
    },
    {
      "type": "Feature",
      "geometry": {
        "type": "LineString",
        "coordinates": [
          [
            392487.1799442018,
            4799280.093449185
          ],
          [
            392616.7878012367,
            4799150.50040609
          ]
        ]
      },
      "properties": {
        "feature_type": "segment",
        "segment_id": 110,
        "step": 110,
        "length_m": 183.28,
        "elevation_start": 148.22,
        "elevation_end": 141.89,
        "slope_percent": 8.19,
        "cost_usd": 84310.05,
        "cost_per_m": 460.0,
        "cumulative_cost": 10893734.25,
        "pressure_drop_pa": 143343.98,
        "cumulative_pressure_pa": 16186860.54,
        "land_cover_class": 30,
        "land_cover_name": "Grassland",
        "crs": "EPSG:32633"
      }
    },
    {
      "type": "Feature",
      "geometry": {
        "type": "LineString",
        "coordinates": [
          [
            392616.7878012367,
            4799150.50040609
          ],
          [
            392746.3956582715,
            4799150.50040609
          ]
        ]
      },
      "properties": {
        "feature_type": "segment",
        "segment_id": 111,
        "step": 111,
        "length_m": 129.61,
        "elevation_start": 141.89,
        "elevation_end": 141.81,
        "slope_percent": 0.88,
        "cost_usd": 51843.14,
        "cost_per_m": 400.0,
        "cumulative_cost": 10945577.39,
        "pressure_drop_pa": 22584.52,
        "cumulative_pressure_pa": 16209445.06,
        "land_cover_class": 30,
        "land_cover_name": "Grassland",
        "crs": "EPSG:32633"
      }
    },
    {
      "type": "Feature",
      "geometry": {
        "type": "LineString",
        "coordinates": [
          [
            392746.3956582715,
            4799150.50040609
          ],
          [
            392876.00351530634,
            4799020.907362996
          ]
        ]
      },
      "properties": {
        "feature_type": "segment",
        "segment_id": 112,
        "step": 112,
        "length_m": 183.28,
        "elevation_start": 141.81,
        "elevation_end": 141.51,
        "slope_percent": 4.43,
        "cost_usd": 73313.09,
        "cost_per_m": 400.0,
        "cumulative_cost": 11018890.47,
        "pressure_drop_pa": 86228.06,
        "cumulative_pressure_pa": 16295673.13,
        "land_cover_class": 30,
        "land_cover_name": "Grassland",
        "crs": "EPSG:32633"
      }
    },
    {
      "type": "Feature",
      "geometry": {
        "type": "LineString",
        "coordinates": [
          [
            392876.00351530634,
            4799020.907362996
          ],
          [
            393005.6113723412,
            4799020.907362996
          ]
        ]
      },
      "properties": {
        "feature_type": "segment",
        "segment_id": 113,
        "step": 113,
        "length_m": 129.61,
        "elevation_start": 141.51,
        "elevation_end": 140.42,
        "slope_percent": 5.21,
        "cost_usd": 59619.61,
        "cost_per_m": 460.0,
        "cumulative_cost": 11078510.09,
        "pressure_drop_pa": 69296.75,
        "cumulative_pressure_pa": 16364969.88,
        "land_cover_class": 30,
        "land_cover_name": "Grassland",
        "crs": "EPSG:32633"
      }
    },
    {
      "type": "Feature",
      "geometry": {
        "type": "LineString",
        "coordinates": [
          [
            393005.6113723412,
            4799020.907362996
          ],
          [
            393135.21922937606,
            4798891.314319901
          ]
        ]
      },
      "properties": {
        "feature_type": "segment",
        "segment_id": 114,
        "step": 114,
        "length_m": 183.28,
        "elevation_start": 140.42,
        "elevation_end": 150.75,
        "slope_percent": 6.23,
        "cost_usd": 84310.05,
        "cost_per_m": 460.0,
        "cumulative_cost": 11162820.14,
        "pressure_drop_pa": 113595.46,
        "cumulative_pressure_pa": 16478565.34,
        "land_cover_class": 30,
        "land_cover_name": "Grassland",
        "crs": "EPSG:32633"
      }
    },
    {
      "type": "Feature",
      "geometry": {
        "type": "LineString",
        "coordinates": [
          [
            393135.21922937606,
            4798891.314319901
          ],
          [
            393264.82708641095,
            4798761.721276807
          ]
        ]
      },
      "properties": {
        "feature_type": "segment",
        "segment_id": 115,
        "step": 115,
        "length_m": 183.28,
        "elevation_start": 150.75,
        "elevation_end": 144.53,
        "slope_percent": 7.29,
        "cost_usd": 84310.05,
        "cost_per_m": 460.0,
        "cumulative_cost": 11247130.19,
        "pressure_drop_pa": 129570.5,
        "cumulative_pressure_pa": 16608135.84,
        "land_cover_class": 30,
        "land_cover_name": "Grassland",
        "crs": "EPSG:32633"
      }
    },
    {
      "type": "Feature",
      "geometry": {
        "type": "LineString",
        "coordinates": [
          [
            393264.82708641095,
            4798761.721276807
          ],
          [
            393394.4349434458,
            4798761.721276807
          ]
        ]
      },
      "properties": {
        "feature_type": "segment",
        "segment_id": 116,
        "step": 116,
        "length_m": 129.61,
        "elevation_start": 144.53,
        "elevation_end": 132.49,
        "slope_percent": 10.98,
        "cost_usd": 72580.4,
        "cost_per_m": 560.0,
        "cumulative_cost": 11319710.59,
        "pressure_drop_pa": 131014.05,
        "cumulative_pressure_pa": 16739149.9,
        "land_cover_class": 30,
        "land_cover_name": "Grassland",
        "crs": "EPSG:32633"
      }
    },
    {
      "type": "Feature",
      "geometry": {
        "type": "LineString",
        "coordinates": [
          [
            393394.4349434458,
            4798761.721276807
          ],
          [
            393524.0428004806,
            4798761.721276807
          ]
        ]
      },
      "properties": {
        "feature_type": "segment",
        "segment_id": 117,
        "step": 117,
        "length_m": 129.61,
        "elevation_start": 132.49,
        "elevation_end": 126.56,
        "slope_percent": 12.53,
        "cost_usd": 72580.4,
        "cost_per_m": 560.0,
        "cumulative_cost": 11392290.99,
        "pressure_drop_pa": 147500.43,
        "cumulative_pressure_pa": 16886650.32,
        "land_cover_class": 30,
        "land_cover_name": "Grassland",
        "crs": "EPSG:32633"
      }
    },
    {
      "type": "Feature",
      "geometry": {
        "type": "LineString",
        "coordinates": [
          [
            393524.0428004806,
            4798761.721276807
          ],
          [
            393653.6506575155,
            4798761.721276807
          ]
        ]
      },
      "properties": {
        "feature_type": "segment",
        "segment_id": 118,
        "step": 118,
        "length_m": 129.61,
        "elevation_start": 126.56,
        "elevation_end": 109.01,
        "slope_percent": 13.29,
        "cost_usd": 72580.4,
        "cost_per_m": 560.0,
        "cumulative_cost": 11464871.39,
        "pressure_drop_pa": 155468.73,
        "cumulative_pressure_pa": 17042119.06,
        "land_cover_class": 30,
        "land_cover_name": "Grassland",
        "crs": "EPSG:32633"
      }
    },
    {
      "type": "Feature",
      "geometry": {
        "type": "LineString",
        "coordinates": [
          [
            393653.6506575155,
            4798761.721276807
          ],
          [
            393783.25851455034,
            4798632.128233712
          ]
        ]
      },
      "properties": {
        "feature_type": "segment",
        "segment_id": 119,
        "step": 119,
        "length_m": 183.28,
        "elevation_start": 109.01,
        "elevation_end": 79.53,
        "slope_percent": 12.85,
        "cost_usd": 109969.63,
        "cost_per_m": 600.0,
        "cumulative_cost": 11574841.01,
        "pressure_drop_pa": 213342.3,
        "cumulative_pressure_pa": 17255461.36,
        "land_cover_class": 20,
        "land_cover_name": "Shrubland",
        "crs": "EPSG:32633"
      }
    },
    {
      "type": "Feature",
      "geometry": {
        "type": "LineString",
        "coordinates": [
          [
            393783.25851455034,
            4798632.128233712
          ],
          [
            393912.8663715852,
            4798632.128233712
          ]
        ]
      },
      "properties": {
        "feature_type": "segment",
        "segment_id": 120,
        "step": 120,
        "length_m": 129.61,
        "elevation_start": 79.53,
        "elevation_end": 67.81,
        "slope_percent": 11.84,
        "cost_usd": 72580.4,
        "cost_per_m": 560.0,
        "cumulative_cost": 11647421.41,
        "pressure_drop_pa": 140213.63,
        "cumulative_pressure_pa": 17395674.99,
        "land_cover_class": 30,
        "land_cover_name": "Grassland",
        "crs": "EPSG:32633"
      }
    },
    {
      "type": "Feature",
      "geometry": {
        "type": "LineString",
        "coordinates": [
          [
            393912.8663715852,
            4798632.128233712
          ],
          [
            394042.47422862006,
            4798632.128233712
          ]
        ]
      },
      "properties": {
        "feature_type": "segment",
        "segment_id": 121,
        "step": 121,
        "length_m": 129.61,
        "elevation_start": 67.81,
        "elevation_end": 56.93,
        "slope_percent": 9.89,
        "cost_usd": 59619.61,
        "cost_per_m": 460.0,
        "cumulative_cost": 11707041.03,
        "pressure_drop_pa": 119421.15,
        "cumulative_pressure_pa": 17515096.14,
        "land_cover_class": 30,
        "land_cover_name": "Grassland",
        "crs": "EPSG:32633"
      }
    },
    {
      "type": "Feature",
      "geometry": {
        "type": "LineString",
        "coordinates": [
          [
            394042.47422862006,
            4798632.128233712
          ],
          [
            394042.47422862006,
            4798502.535190618
          ]
        ]
      },
      "properties": {
        "feature_type": "segment",
        "segment_id": 122,
        "step": 122,
        "length_m": 129.59,
        "elevation_start": 56.93,
        "elevation_end": 47.56,
        "slope_percent": 9.4,
        "cost_usd": 85531.41,
        "cost_per_m": 660.0,
        "cumulative_cost": 11792572.44,
        "pressure_drop_pa": 114225.17,
        "cumulative_pressure_pa": 17629321.31,
        "land_cover_class": 40,
        "land_cover_name": "Cropland",
        "crs": "EPSG:32633"
      }
    },
    {
      "type": "Feature",
      "geometry": {
        "type": "LineString",
        "coordinates": [
          [
            394042.47422862006,
            4798502.535190618
          ],
          [
            394172.0820856549,
            4798372.942147523
          ]
        ]
      },
      "properties": {
        "feature_type": "segment",
        "segment_id": 123,
        "step": 123,
        "length_m": 183.28,
        "elevation_start": 47.56,
        "elevation_end": 39.27,
        "slope_percent": 8.27,
        "cost_usd": 91641.36,
        "cost_per_m": 500.0,
        "cumulative_cost": 11884213.79,
        "pressure_drop_pa": 144413.57,
        "cumulative_pressure_pa": 17773734.88,
        "land_cover_class": 20,
        "land_cover_name": "Shrubland",
        "crs": "EPSG:32633"
      }
    },
    {
      "type": "Feature",
      "geometry": {
        "type": "LineString",
        "coordinates": [
          [
            394172.0820856549,
            4798372.942147523
          ],
          [
            394172.0820856549,
            4798243.349104429
          ]
        ]
      },
      "properties": {
        "feature_type": "segment",
        "segment_id": 124,
        "step": 124,
        "length_m": 129.59,
        "elevation_start": 39.27,
        "elevation_end": 26.45,
        "slope_percent": 3.69,
        "cost_usd": 51837.22,
        "cost_per_m": 400.0,
        "cumulative_cost": 11936051.01,
        "pressure_drop_pa": 52909.87,
        "cumulative_pressure_pa": 17826644.75,
        "land_cover_class": 30,
        "land_cover_name": "Grassland",
        "crs": "EPSG:32633"
      }
    },
    {
      "type": "Feature",
      "geometry": {
        "type": "LineString",
        "coordinates": [
          [
            394172.0820856549,
            4798243.349104429
          ],
          [
            394042.47422862006,
            4798113.756061334
          ]
        ]
      },
      "properties": {
        "feature_type": "segment",
        "segment_id": 125,
        "step": 125,
        "length_m": 183.28,
        "elevation_start": 26.45,
        "elevation_end": 24.11,
        "slope_percent": 5.33,
        "cost_usd": 84310.05,
        "cost_per_m": 460.0,
        "cumulative_cost": 12020361.06,
        "pressure_drop_pa": 99885.29,
        "cumulative_pressure_pa": 17926530.04,
        "land_cover_class": 30,
        "land_cover_name": "Grassland",
        "crs": "EPSG:32633"
      }
    },
    {
      "type": "Feature",
      "geometry": {
        "type": "LineString",
        "coordinates": [
          [
            394042.47422862006,
            4798113.756061334
          ],
          [
            394042.47422862006,
            4797984.163018241
          ]
        ]
      },
      "properties": {
        "feature_type": "segment",
        "segment_id": 126,
        "step": 126,
        "length_m": 129.59,
        "elevation_start": 24.11,
        "elevation_end": 51.01,
        "slope_percent": 18.66,
        "cost_usd": 103674.43,
        "cost_per_m": 800.0,
        "cumulative_cost": 12124035.5,
        "pressure_drop_pa": 211338.72,
        "cumulative_pressure_pa": 18137868.76,
        "land_cover_class": 30,
        "land_cover_name": "Grassland",
        "crs": "EPSG:32633"
      }
    },
    {
      "type": "Feature",
      "geometry": {
        "type": "LineString",
        "coordinates": [
          [
            394042.47422862006,
            4797984.163018241
          ],
          [
            394042.47422862006,
            4797854.569975146
          ]
        ]
      },
      "properties": {
        "feature_type": "segment",
        "segment_id": 127,
        "step": 127,
        "length_m": 129.59,
        "elevation_start": 51.01,
        "elevation_end": 72.64,
        "slope_percent": 19.41,
        "cost_usd": 103674.43,
        "cost_per_m": 800.0,
        "cumulative_cost": 12227709.93,
        "pressure_drop_pa": 218954.89,
        "cumulative_pressure_pa": 18356823.65,
        "land_cover_class": 30,
        "land_cover_name": "Grassland",
        "crs": "EPSG:32633"
      }
    },
    {
      "type": "Feature",
      "geometry": {
        "type": "LineString",
        "coordinates": [
          [
            394042.47422862006,
            4797854.569975146
          ],
          [
            394172.0820856549,
            4797724.976932052
          ]
        ]
      },
      "properties": {
        "feature_type": "segment",
        "segment_id": 128,
        "step": 128,
        "length_m": 183.28,
        "elevation_start": 72.64,
        "elevation_end": 105.87,
        "slope_percent": 14.41,
        "cost_usd": 102638.32,
        "cost_per_m": 560.0,
        "cumulative_cost": 12330348.25,
        "pressure_drop_pa": 236488.67,
        "cumulative_pressure_pa": 18593312.32,
        "land_cover_class": 30,
        "land_cover_name": "Grassland",
        "crs": "EPSG:32633"
      }
    },
    {
      "type": "Feature",
      "geometry": {
        "type": "LineString",
        "coordinates": [
          [
            394172.0820856549,
            4797724.976932052
          ],
          [
            394172.0820856549,
            4797595.383888957
          ]
        ]
      },
      "properties": {
        "feature_type": "segment",
        "segment_id": 129,
        "step": 129,
        "length_m": 129.59,
        "elevation_start": 105.87,
        "elevation_end": 118.33,
        "slope_percent": 1.68,
        "cost_usd": 51837.22,
        "cost_per_m": 400.0,
        "cumulative_cost": 12382185.47,
        "pressure_drop_pa": 31204.24,
        "cumulative_pressure_pa": 18624516.56,
        "land_cover_class": 30,
        "land_cover_name": "Grassland",
        "crs": "EPSG:32633"
      }
    },
    {
      "type": "Feature",
      "geometry": {
        "type": "LineString",
        "coordinates": [
          [
            394172.0820856549,
            4797595.383888957
          ],
          [
            394172.0820856549,
            4797465.790845863
          ]
        ]
      },
      "properties": {
        "feature_type": "segment",
        "segment_id": 130,
        "step": 130,
        "length_m": 129.59,
        "elevation_start": 118.33,
        "elevation_end": 101.71,
        "slope_percent": 7.64,
        "cost_usd": 59612.8,
        "cost_per_m": 460.0,
        "cumulative_cost": 12441798.27,
        "pressure_drop_pa": 95413.25,
        "cumulative_pressure_pa": 18719929.82,
        "land_cover_class": 30,
        "land_cover_name": "Grassland",
        "crs": "EPSG:32633"
      }
    },
    {
      "type": "Feature",
      "geometry": {
        "type": "LineString",
        "coordinates": [
          [
            394172.0820856549,
            4797465.790845863
          ],
          [
            394172.0820856549,
            4797336.197802768
          ]
        ]
      },
      "properties": {
        "feature_type": "segment",
        "segment_id": 131,
        "step": 131,
        "length_m": 129.59,
        "elevation_start": 101.71,
        "elevation_end": 109.49,
        "slope_percent": 10.62,
        "cost_usd": 72572.1,
        "cost_per_m": 560.0,
        "cumulative_cost": 12514370.37,
        "pressure_drop_pa": 127189.4,
        "cumulative_pressure_pa": 18847119.21,
        "land_cover_class": 30,
        "land_cover_name": "Grassland",
        "crs": "EPSG:32633"
      }
    },
    {
      "type": "Feature",
      "geometry": {
        "type": "LineString",
        "coordinates": [
          [
            394172.0820856549,
            4797336.197802768
          ],
          [
            394172.0820856549,
            4797206.604759674
          ]
        ]
      },
      "properties": {
        "feature_type": "segment",
        "segment_id": 132,
        "step": 132,
        "length_m": 129.59,
        "elevation_start": 109.49,
        "elevation_end": 126.7,
        "slope_percent": 8.24,
        "cost_usd": 59612.8,
        "cost_per_m": 460.0,
        "cumulative_cost": 12573983.17,
        "pressure_drop_pa": 101837.12,
        "cumulative_pressure_pa": 18948956.33,
        "land_cover_class": 30,
        "land_cover_name": "Grassland",
        "crs": "EPSG:32633"
      }
    },
    {
      "type": "Feature",
      "geometry": {
        "type": "LineString",
        "coordinates": [
          [
            394172.0820856549,
            4797206.604759674
          ],
          [
            394172.0820856549,
            4797077.011716579
          ]
        ]
      },
      "properties": {
        "feature_type": "segment",
        "segment_id": 133,
        "step": 133,
        "length_m": 129.59,
        "elevation_start": 126.7,
        "elevation_end": 130.28,
        "slope_percent": 5.71,
        "cost_usd": 59612.8,
        "cost_per_m": 460.0,
        "cumulative_cost": 12633595.97,
        "pressure_drop_pa": 74658.88,
        "cumulative_pressure_pa": 19023615.21,
        "land_cover_class": 30,
        "land_cover_name": "Grassland",
        "crs": "EPSG:32633"
      }
    },
    {
      "type": "Feature",
      "geometry": {
        "type": "LineString",
        "coordinates": [
          [
            394172.0820856549,
            4797077.011716579
          ],
          [
            394172.0820856549,
            4796947.418673485
          ]
        ]
      },
      "properties": {
        "feature_type": "segment",
        "segment_id": 134,
        "step": 134,
        "length_m": 129.59,
        "elevation_start": 130.28,
        "elevation_end": 116.0,
        "slope_percent": 17.29,
        "cost_usd": 103674.43,
        "cost_per_m": 800.0,
        "cumulative_cost": 12737270.4,
        "pressure_drop_pa": 197210.19,
        "cumulative_pressure_pa": 19220825.4,
        "land_cover_class": 30,
        "land_cover_name": "Grassland",
        "crs": "EPSG:32633"
      }
    },
    {
      "type": "Feature",
      "geometry": {
        "type": "LineString",
        "coordinates": [
          [
            394172.0820856549,
            4796947.418673485
          ],
          [
            394301.6899426898,
            4796817.825630391
          ]
        ]
      },
      "properties": {
        "feature_type": "segment",
        "segment_id": 135,
        "step": 135,
        "length_m": 183.28,
        "elevation_start": 116.0,
        "elevation_end": 106.01,
        "slope_percent": 16.01,
        "cost_usd": 153957.48,
        "cost_per_m": 840.0,
        "cumulative_cost": 12891227.89,
        "pressure_drop_pa": 260181.27,
        "cumulative_pressure_pa": 19481006.67,
        "land_cover_class": 20,
        "land_cover_name": "Shrubland",
        "crs": "EPSG:32633"
      }
    },
    {
      "type": "Feature",
      "geometry": {
        "type": "LineString",
        "coordinates": [
          [
            394301.6899426898,
            4796817.825630391
          ],
          [
            394301.6899426898,
            4796688.2325872965
          ]
        ]
      },
      "properties": {
        "feature_type": "segment",
        "segment_id": 136,
        "step": 136,
        "length_m": 129.59,
        "elevation_start": 106.01,
        "elevation_end": 78.35,
        "slope_percent": 15.83,
        "cost_usd": 116633.74,
        "cost_per_m": 900.0,
        "cumulative_cost": 13007861.62,
        "pressure_drop_pa": 182061.43,
        "cumulative_pressure_pa": 19663068.1,
        "land_cover_class": 10,
        "land_cover_name": "Tree cover",
        "crs": "EPSG:32633"
      }
    },
    {
      "type": "Feature",
      "geometry": {
        "type": "LineString",
        "coordinates": [
          [
            394301.6899426898,
            4796688.2325872965
          ],
          [
            394431.2977997246,
            4796558.639544202
          ]
        ]
      },
      "properties": {
        "feature_type": "segment",
        "segment_id": 137,
        "step": 137,
        "length_m": 183.28,
        "elevation_start": 78.35,
        "elevation_end": 64.14,
        "slope_percent": 10.4,
        "cost_usd": 102638.32,
        "cost_per_m": 560.0,
        "cumulative_cost": 13110499.94,
        "pressure_drop_pa": 176586.22,
        "cumulative_pressure_pa": 19839654.32,
        "land_cover_class": 30,
        "land_cover_name": "Grassland",
        "crs": "EPSG:32633"
      }
    },
    {
      "type": "Feature",
      "geometry": {
        "type": "LineString",
        "coordinates": [
          [
            394431.2977997246,
            4796558.639544202
          ],
          [
            394560.90565675945,
            4796558.639544202
          ]
        ]
      },
      "properties": {
        "feature_type": "segment",
        "segment_id": 138,
        "step": 138,
        "length_m": 129.61,
        "elevation_start": 64.14,
        "elevation_end": 76.43,
        "slope_percent": 8.93,
        "cost_usd": 59619.61,
        "cost_per_m": 460.0,
        "cumulative_cost": 13170119.56,
        "pressure_drop_pa": 109238.04,
        "cumulative_pressure_pa": 19948892.36,
        "land_cover_class": 30,
        "land_cover_name": "Grassland",
        "crs": "EPSG:32633"
      }
    },
    {
      "type": "Feature",
      "geometry": {
        "type": "LineString",
        "coordinates": [
          [
            394560.90565675945,
            4796558.639544202
          ],
          [
            394690.51351379434,
            4796429.0465011075
          ]
        ]
      },
      "properties": {
        "feature_type": "segment",
        "segment_id": 139,
        "step": 139,
        "length_m": 183.28,
        "elevation_start": 76.43,
        "elevation_end": 70.07,
        "slope_percent": 8.3,
        "cost_usd": 84310.05,
        "cost_per_m": 460.0,
        "cumulative_cost": 13254429.61,
        "pressure_drop_pa": 144926.39,
        "cumulative_pressure_pa": 20093818.75,
        "land_cover_class": 30,
        "land_cover_name": "Grassland",
        "crs": "EPSG:32633"
      }
    },
    {
      "type": "Feature",
      "geometry": {
        "type": "LineString",
        "coordinates": [
          [
            394690.51351379434,
            4796429.0465011075
          ],
          [
            394690.51351379434,
            4796299.453458013
          ]
        ]
      },
      "properties": {
        "feature_type": "segment",
        "segment_id": 140,
        "step": 140,
        "length_m": 129.59,
        "elevation_start": 70.07,
        "elevation_end": 56.92,
        "slope_percent": 7.79,
        "cost_usd": 59612.8,
        "cost_per_m": 460.0,
        "cumulative_cost": 13314042.41,
        "pressure_drop_pa": 97005.88,
        "cumulative_pressure_pa": 20190824.63,
        "land_cover_class": 30,
        "land_cover_name": "Grassland",
        "crs": "EPSG:32633"
      }
    },
    {
      "type": "Feature",
      "geometry": {
        "type": "LineString",
        "coordinates": [
          [
            394690.51351379434,
            4796299.453458013
          ],
          [
            394690.51351379434,
            4796169.8604149185
          ]
        ]
      },
      "properties": {
        "feature_type": "segment",
        "segment_id": 141,
        "step": 141,
        "length_m": 129.59,
        "elevation_start": 56.92,
        "elevation_end": 47.31,
        "slope_percent": 7.61,
        "cost_usd": 59612.8,
        "cost_per_m": 460.0,
        "cumulative_cost": 13373655.21,
        "pressure_drop_pa": 95051.69,
        "cumulative_pressure_pa": 20285876.32,
        "land_cover_class": 30,
        "land_cover_name": "Grassland",
        "crs": "EPSG:32633"
      }
    },
    {
      "type": "Feature",
      "geometry": {
        "type": "LineString",
        "coordinates": [
          [
            394690.51351379434,
            4796169.8604149185
          ],
          [
            394690.51351379434,
            4796040.267371824
          ]
        ]
      },
      "properties": {
        "feature_type": "segment",
        "segment_id": 142,
        "step": 142,
        "length_m": 129.59,
        "elevation_start": 47.31,
        "elevation_end": 37.13,
        "slope_percent": 8.4,
        "cost_usd": 59612.8,
        "cost_per_m": 460.0,
        "cumulative_cost": 13433268.01,
        "pressure_drop_pa": 103594.56,
        "cumulative_pressure_pa": 20389470.88,
        "land_cover_class": 30,
        "land_cover_name": "Grassland",
        "crs": "EPSG:32633"
      }
    },
    {
      "type": "Feature",
      "geometry": {
        "type": "LineString",
        "coordinates": [
          [
            394690.51351379434,
            4796040.267371824
          ],
          [
            394560.90565675945,
            4795910.6743287295
          ]
        ]
      },
      "properties": {
        "feature_type": "segment",
        "segment_id": 143,
        "step": 143,
        "length_m": 183.28,
        "elevation_start": 37.13,
        "elevation_end": 26.16,
        "slope_percent": 0.79,
        "cost_usd": 73313.09,
        "cost_per_m": 400.0,
        "cumulative_cost": 13506581.09,
        "pressure_drop_pa": 30601.05,
        "cumulative_pressure_pa": 20420071.94,
        "land_cover_class": 30,
        "land_cover_name": "Grassland",
        "crs": "EPSG:32633"
      }
    },
    {
      "type": "Feature",
      "geometry": {
        "type": "LineString",
        "coordinates": [
          [
            394560.90565675945,
            4795910.6743287295
          ],
          [
            394431.2977997246,
            4795781.081285635
          ]
        ]
      },
      "properties": {
        "feature_type": "segment",
        "segment_id": 144,
        "step": 144,
        "length_m": 183.28,
        "elevation_start": 26.16,
        "elevation_end": 28.02,
        "slope_percent": 3.55,
        "cost_usd": 109969.63,
        "cost_per_m": 600.0,
        "cumulative_cost": 13616550.72,
        "pressure_drop_pa": 72809.18,
        "cumulative_pressure_pa": 20492881.12,
        "land_cover_class": 40,
        "land_cover_name": "Cropland",
        "crs": "EPSG:32633"
      }
    },
    {
      "type": "Feature",
      "geometry": {
        "type": "LineString",
        "coordinates": [
          [
            394431.2977997246,
            4795781.081285635
          ],
          [
            394431.2977997246,
            4795651.4882425405
          ]
        ]
      },
      "properties": {
        "feature_type": "segment",
        "segment_id": 145,
        "step": 145,
        "length_m": 129.59,
        "elevation_start": 28.02,
        "elevation_end": 37.92,
        "slope_percent": 7.12,
        "cost_usd": 59612.8,
        "cost_per_m": 460.0,
        "cumulative_cost": 13676163.52,
        "pressure_drop_pa": 89889.02,
        "cumulative_pressure_pa": 20582770.13,
        "land_cover_class": 30,
        "land_cover_name": "Grassland",
        "crs": "EPSG:32633"
      }
    },
    {
      "type": "Feature",
      "geometry": {
        "type": "LineString",
        "coordinates": [
          [
            394431.2977997246,
            4795651.4882425405
          ],
          [
            394431.2977997246,
            4795521.895199447
          ]
        ]
      },
      "properties": {
        "feature_type": "segment",
        "segment_id": 146,
        "step": 146,
        "length_m": 129.59,
        "elevation_start": 37.92,
        "elevation_end": 51.04,
        "slope_percent": 10.44,
        "cost_usd": 98490.71,
        "cost_per_m": 760.0,
        "cumulative_cost": 13774654.23,
        "pressure_drop_pa": 125310.85,
        "cumulative_pressure_pa": 20708080.99,
        "land_cover_class": 40,
        "land_cover_name": "Cropland",
        "crs": "EPSG:32633"
      }
    },
    {
      "type": "Feature",
      "geometry": {
        "type": "LineString",
        "coordinates": [
          [
            394431.2977997246,
            4795521.895199447
          ],
          [
            394560.90565675945,
            4795392.302156352
          ]
        ]
      },
      "properties": {
        "feature_type": "segment",
        "segment_id": 147,
        "step": 147,
        "length_m": 183.28,
        "elevation_start": 51.04,
        "elevation_end": 61.91,
        "slope_percent": 5.37,
        "cost_usd": 84310.05,
        "cost_per_m": 460.0,
        "cumulative_cost": 13858964.28,
        "pressure_drop_pa": 100417.31,
        "cumulative_pressure_pa": 20808498.3,
        "land_cover_class": 30,
        "land_cover_name": "Grassland",
        "crs": "EPSG:32633"
      }
    },
    {
      "type": "Feature",
      "geometry": {
        "type": "LineString",
        "coordinates": [
          [
            394560.90565675945,
            4795392.302156352
          ],
          [
            394690.51351379434,
            4795262.709113258
          ]
        ]
      },
      "properties": {
        "feature_type": "segment",
        "segment_id": 148,
        "step": 148,
        "length_m": 183.28,
        "elevation_start": 61.91,
        "elevation_end": 46.86,
        "slope_percent": 6.4,
        "cost_usd": 84310.05,
        "cost_per_m": 460.0,
        "cumulative_cost": 13943274.33,
        "pressure_drop_pa": 116135.87,
        "cumulative_pressure_pa": 20924634.16,
        "land_cover_class": 30,
        "land_cover_name": "Grassland",
        "crs": "EPSG:32633"
      }
    },
    {
      "type": "Feature",
      "geometry": {
        "type": "LineString",
        "coordinates": [
          [
            394690.51351379434,
            4795262.709113258
          ],
          [
            394690.51351379434,
            4795133.116070163
          ]
        ]
      },
      "properties": {
        "feature_type": "segment",
        "segment_id": 149,
        "step": 149,
        "length_m": 129.59,
        "elevation_start": 46.86,
        "elevation_end": 44.74,
        "slope_percent": 5.82,
        "cost_usd": 72572.1,
        "cost_per_m": 560.0,
        "cumulative_cost": 14015846.43,
        "pressure_drop_pa": 75908.23,
        "cumulative_pressure_pa": 21000542.39,
        "land_cover_class": 10,
        "land_cover_name": "Tree cover",
        "crs": "EPSG:32633"
      }
    },
    {
      "type": "Feature",
      "geometry": {
        "type": "LineString",
        "coordinates": [
          [
            394690.51351379434,
            4795133.116070163
          ],
          [
            394690.51351379434,
            4795003.523027069
          ]
        ]
      },
      "properties": {
        "feature_type": "segment",
        "segment_id": 150,
        "step": 150,
        "length_m": 129.59,
        "elevation_start": 44.74,
        "elevation_end": 39.25,
        "slope_percent": 7.25,
        "cost_usd": 64796.52,
        "cost_per_m": 500.0,
        "cumulative_cost": 14080642.96,
        "pressure_drop_pa": 91265.27,
        "cumulative_pressure_pa": 21091807.66,
        "land_cover_class": 20,
        "land_cover_name": "Shrubland",
        "crs": "EPSG:32633"
      }
    },
    {
      "type": "Feature",
      "geometry": {
        "type": "LineString",
        "coordinates": [
          [
            394690.51351379434,
            4795003.523027069
          ],
          [
            394690.51351379434,
            4794873.929983974
          ]
        ]
      },
      "properties": {
        "feature_type": "segment",
        "segment_id": 151,
        "step": 151,
        "length_m": 129.59,
        "elevation_start": 39.25,
        "elevation_end": 28.19,
        "slope_percent": 6.75,
        "cost_usd": 64796.52,
        "cost_per_m": 500.0,
        "cumulative_cost": 14145439.48,
        "pressure_drop_pa": 85830.02,
        "cumulative_pressure_pa": 21177637.68,
        "land_cover_class": 20,
        "land_cover_name": "Shrubland",
        "crs": "EPSG:32633"
      }
    },
    {
      "type": "Feature",
      "geometry": {
        "type": "LineString",
        "coordinates": [
          [
            394690.51351379434,
            4794873.929983974
          ],
          [
            394820.1213708292,
            4794744.33694088
          ]
        ]
      },
      "properties": {
        "feature_type": "segment",
        "segment_id": 152,
        "step": 152,
        "length_m": 183.28,
        "elevation_start": 28.19,
        "elevation_end": 19.46,
        "slope_percent": 3.07,
        "cost_usd": 54984.81,
        "cost_per_m": 300.0,
        "cumulative_cost": 14200424.29,
        "pressure_drop_pa": 65381.11,
        "cumulative_pressure_pa": 21243018.79,
        "land_cover_class": 40,
        "land_cover_name": "Cropland",
        "crs": "EPSG:32633"
      }
    },
    {
      "type": "Feature",
      "geometry": {
        "type": "LineString",
        "coordinates": [
          [
            394820.1213708292,
            4794744.33694088
          ],
          [
            394949.72922786407,
            4794614.743897785
          ]
        ]
      },
      "properties": {
        "feature_type": "segment",
        "segment_id": 153,
        "step": 153,
        "length_m": 183.28,
        "elevation_start": 19.46,
        "elevation_end": 17.71,
        "slope_percent": 1.03,
        "cost_usd": 36656.54,
        "cost_per_m": 200.0,
        "cumulative_cost": 14237080.84,
        "pressure_drop_pa": 34301.44,
        "cumulative_pressure_pa": 21277320.22,
        "land_cover_class": 30,
        "land_cover_name": "Grassland",
        "crs": "EPSG:32633"
      }
    },
    {
      "type": "Feature",
      "geometry": {
        "type": "LineString",
        "coordinates": [
          [
            394949.72922786407,
            4794614.743897785
          ],
          [
            395079.3370848989,
            4794614.743897785
          ]
        ]
      },
      "properties": {
        "feature_type": "segment",
        "segment_id": 154,
        "step": 154,
        "length_m": 129.61,
        "elevation_start": 17.71,
        "elevation_end": 18.8,
        "slope_percent": 1.03,
        "cost_usd": 31105.89,
        "cost_per_m": 240.0,
        "cumulative_cost": 14268186.72,
        "pressure_drop_pa": 24209.64,
        "cumulative_pressure_pa": 21301529.86,
        "land_cover_class": 30,
        "land_cover_name": "Grassland",
        "crs": "EPSG:32633"
      }
    },
    {
      "type": "Feature",
      "geometry": {
        "type": "LineString",
        "coordinates": [
          [
            395079.3370848989,
            4794614.743897785
          ],
          [
            395208.94494193373,
            4794485.150854691
          ]
        ]
      },
      "properties": {
        "feature_type": "segment",
        "segment_id": 155,
        "step": 155,
        "length_m": 183.28,
        "elevation_start": 18.8,
        "elevation_end": 17.28,
        "slope_percent": 2.64,
        "cost_usd": 73313.09,
        "cost_per_m": 400.0,
        "cumulative_cost": 14341499.81,
        "pressure_drop_pa": 58826.31,
        "cumulative_pressure_pa": 21360356.18,
        "land_cover_class": 30,
        "land_cover_name": "Grassland",
        "crs": "EPSG:32633"
      }
    },
    {
      "type": "Feature",
      "geometry": {
        "type": "LineString",
        "coordinates": [
          [
            395208.94494193373,
            4794485.150854691
          ],
          [
            395208.94494193373,
            4794355.557811596
          ]
        ]
      },
      "properties": {
        "feature_type": "segment",
        "segment_id": 156,
        "step": 156,
        "length_m": 129.59,
        "elevation_start": 17.28,
        "elevation_end": 12.59,
        "slope_percent": 2.42,
        "cost_usd": 46653.5,
        "cost_per_m": 360.0,
        "cumulative_cost": 14388153.3,
        "pressure_drop_pa": 39201.32,
        "cumulative_pressure_pa": 21399557.5,
        "land_cover_class": 50,
        "land_cover_name": "Built-up",
        "crs": "EPSG:32633"
      }
    },
    {
      "type": "Feature",
      "geometry": {
        "type": "LineString",
        "coordinates": [
          [
            395208.94494193373,
            4794355.557811596
          ],
          [
            395338.5527989686,
            4794225.964768503
          ]
        ]
      },
      "properties": {
        "feature_type": "segment",
        "segment_id": 157,
        "step": 157,
        "length_m": 183.28,
        "elevation_start": 12.59,
        "elevation_end": 10.23,
        "slope_percent": 0.55,
        "cost_usd": 109969.63,
        "cost_per_m": 600.0,
        "cumulative_cost": 14498122.93,
        "pressure_drop_pa": 26895.96,
        "cumulative_pressure_pa": 21426453.45,
        "land_cover_class": 40,
        "land_cover_name": "Cropland",
        "crs": "EPSG:32633"
      }
    },
    {
      "type": "Feature",
      "geometry": {
        "type": "LineString",
        "coordinates": [
          [
            395338.5527989686,
            4794225.964768503
          ],
          [
            395468.16065600346,
            4794096.371725408
          ]
        ]
      },
      "properties": {
        "feature_type": "segment",
        "segment_id": 158,
        "step": 158,
        "length_m": 183.28,
        "elevation_start": 10.23,
        "elevation_end": 10.13,
        "slope_percent": 0.32,
        "cost_usd": 73313.09,
        "cost_per_m": 400.0,
        "cumulative_cost": 14571436.02,
        "pressure_drop_pa": 23473.4,
        "cumulative_pressure_pa": 21449926.85,
        "land_cover_class": 30,
        "land_cover_name": "Grassland",
        "crs": "EPSG:32633"
      }
    },
    {
      "type": "Feature",
      "geometry": {
        "type": "LineString",
        "coordinates": [
          [
            395468.16065600346,
            4794096.371725408
          ],
          [
            395468.16065600346,
            4793966.778682314
          ]
        ]
      },
      "properties": {
        "feature_type": "segment",
        "segment_id": 159,
        "step": 159,
        "length_m": 129.59,
        "elevation_start": 10.13,
        "elevation_end": 10.53,
        "slope_percent": 0.44,
        "cost_usd": 51837.22,
        "cost_per_m": 400.0,
        "cumulative_cost": 14623273.23,
        "pressure_drop_pa": 17806.4,
        "cumulative_pressure_pa": 21467733.26,
        "land_cover_class": 30,
        "land_cover_name": "Grassland",
        "crs": "EPSG:32633"
      }
    },
    {
      "type": "Feature",
      "geometry": {
        "type": "LineString",
        "coordinates": [
          [
            395468.16065600346,
            4793966.778682314
          ],
          [
            395597.7685130383,
            4793837.185639219
          ]
        ]
      },
      "properties": {
        "feature_type": "segment",
        "segment_id": 160,
        "step": 160,
        "length_m": 183.28,
        "elevation_start": 10.53,
        "elevation_end": 9.61,
        "slope_percent": 1.17,
        "cost_usd": 73313.09,
        "cost_per_m": 400.0,
        "cumulative_cost": 14696586.32,
        "pressure_drop_pa": 36424.1,
        "cumulative_pressure_pa": 21504157.36,
        "land_cover_class": 30,
        "land_cover_name": "Grassland",
        "crs": "EPSG:32633"
      }
    },
    {
      "type": "Feature",
      "geometry": {
        "type": "LineString",
        "coordinates": [
          [
            395597.7685130383,
            4793837.185639219
          ],
          [
            395597.7685130383,
            4793707.592596125
          ]
        ]
      },
      "properties": {
        "feature_type": "segment",
        "segment_id": 161,
        "step": 161,
        "length_m": 129.59,
        "elevation_start": 9.61,
        "elevation_end": 7.93,
        "slope_percent": 1.3,
        "cost_usd": 51837.22,
        "cost_per_m": 400.0,
        "cumulative_cost": 14748423.54,
        "pressure_drop_pa": 27111.02,
        "cumulative_pressure_pa": 21531268.38,
        "land_cover_class": 30,
        "land_cover_name": "Grassland",
        "crs": "EPSG:32633"
      }
    },
    {
      "type": "Feature",
      "geometry": {
        "type": "LineString",
        "coordinates": [
          [
            395597.7685130383,
            4793707.592596125
          ],
          [
            395727.3763700732,
            4793577.99955303
          ]
        ]
      },
      "properties": {
        "feature_type": "segment",
        "segment_id": 162,
        "step": 162,
        "length_m": 183.28,
        "elevation_start": 7.93,
        "elevation_end": 8.82,
        "slope_percent": 1.21,
        "cost_usd": 109969.63,
        "cost_per_m": 600.0,
        "cumulative_cost": 14858393.17,
        "pressure_drop_pa": 37063.46,
        "cumulative_pressure_pa": 21568331.84,
        "land_cover_class": 40,
        "land_cover_name": "Cropland",
        "crs": "EPSG:32633"
      }
    },
    {
      "type": "Feature",
      "geometry": {
        "type": "LineString",
        "coordinates": [
          [
            395727.3763700732,
            4793577.99955303
          ],
          [
            395856.984227108,
            4793448.406509936
          ]
        ]
      },
      "properties": {
        "feature_type": "segment",
        "segment_id": 163,
        "step": 163,
        "length_m": 183.28,
        "elevation_start": 8.82,
        "elevation_end": 9.63,
        "slope_percent": 0.69,
        "cost_usd": 109969.63,
        "cost_per_m": 600.0,
        "cumulative_cost": 14968362.79,
        "pressure_drop_pa": 29021.69,
        "cumulative_pressure_pa": 21597353.52,
        "land_cover_class": 40,
        "land_cover_name": "Cropland",
        "crs": "EPSG:32633"
      }
    },
    {
      "type": "Feature",
      "geometry": {
        "type": "LineString",
        "coordinates": [
          [
            395856.984227108,
            4793448.406509936
          ],
          [
            395986.5920841429,
            4793318.813466841
          ]
        ]
      },
      "properties": {
        "feature_type": "segment",
        "segment_id": 164,
        "step": 164,
        "length_m": 183.28,
        "elevation_start": 9.63,
        "elevation_end": 9.27,
        "slope_percent": 0.32,
        "cost_usd": 109969.63,
        "cost_per_m": 600.0,
        "cumulative_cost": 15078332.42,
        "pressure_drop_pa": 23414.59,
        "cumulative_pressure_pa": 21620768.12,
        "land_cover_class": 40,
        "land_cover_name": "Cropland",
        "crs": "EPSG:32633"
      }
    },
    {
      "type": "Feature",
      "geometry": {
        "type": "LineString",
        "coordinates": [
          [
            395986.5920841429,
            4793318.813466841
          ],
          [
            396116.19994117774,
            4793318.813466841
          ]
        ]
      },
      "properties": {
        "feature_type": "segment",
        "segment_id": 165,
        "step": 165,
        "length_m": 129.61,
        "elevation_start": 9.27,
        "elevation_end": 8.82,
        "slope_percent": 0.14,
        "cost_usd": 51843.14,
        "cost_per_m": 400.0,
        "cumulative_cost": 15130175.57,
        "pressure_drop_pa": 14556.33,
        "cumulative_pressure_pa": 21635324.45,
        "land_cover_class": 30,
        "land_cover_name": "Grassland",
        "crs": "EPSG:32633"
      }
    },
    {
      "type": "Feature",
      "geometry": {
        "type": "LineString",
        "coordinates": [
          [
            396116.19994117774,
            4793318.813466841
          ],
          [
            396245.80779821257,
            4793189.220423747
          ]
        ]
      },
      "properties": {
        "feature_type": "segment",
        "segment_id": 166,
        "step": 166,
        "length_m": 183.28,
        "elevation_start": 8.82,
        "elevation_end": 9.34,
        "slope_percent": 0.32,
        "cost_usd": 73313.09,
        "cost_per_m": 400.0,
        "cumulative_cost": 15203488.65,
        "pressure_drop_pa": 23475.37,
        "cumulative_pressure_pa": 21658799.82,
        "land_cover_class": 30,
        "land_cover_name": "Grassland",
        "crs": "EPSG:32633"
      }
    },
    {
      "type": "Feature",
      "geometry": {
        "type": "LineString",
        "coordinates": [
          [
            396245.80779821257,
            4793189.220423747
          ],
          [
            396375.41565524746,
            4793059.627380652
          ]
        ]
      },
      "properties": {
        "feature_type": "segment",
        "segment_id": 167,
        "step": 167,
        "length_m": 183.28,
        "elevation_start": 9.34,
        "elevation_end": 8.95,
        "slope_percent": 0.34,
        "cost_usd": 73313.09,
        "cost_per_m": 400.0,
        "cumulative_cost": 15276801.74,
        "pressure_drop_pa": 23689.11,
        "cumulative_pressure_pa": 21682488.93,
        "land_cover_class": 30,
        "land_cover_name": "Grassland",
        "crs": "EPSG:32633"
      }
    },
    {
      "type": "Feature",
      "geometry": {
        "type": "LineString",
        "coordinates": [
          [
            396375.41565524746,
            4793059.627380652
          ],
          [
            396505.0235122823,
            4792930.034337559
          ]
        ]
      },
      "properties": {
        "feature_type": "segment",
        "segment_id": 168,
        "step": 168,
        "length_m": 183.28,
        "elevation_start": 8.95,
        "elevation_end": 8.31,
        "slope_percent": 0.05,
        "cost_usd": 109969.63,
        "cost_per_m": 600.0,
        "cumulative_cost": 15386771.37,
        "pressure_drop_pa": 19327.94,
        "cumulative_pressure_pa": 21701816.86,
        "land_cover_class": 40,
        "land_cover_name": "Cropland",
        "crs": "EPSG:32633"
      }
    },
    {
      "type": "Feature",
      "geometry": {
        "type": "LineString",
        "coordinates": [
          [
            396505.0235122823,
            4792930.034337559
          ],
          [
            396505.0235122823,
            4792800.441294464
          ]
        ]
      },
      "properties": {
        "feature_type": "segment",
        "segment_id": 169,
        "step": 169,
        "length_m": 129.59,
        "elevation_start": 8.31,
        "elevation_end": 8.84,
        "slope_percent": 0.69,
        "cost_usd": 77755.83,
        "cost_per_m": 600.0,
        "cumulative_cost": 15464527.19,
        "pressure_drop_pa": 20559.72,
        "cumulative_pressure_pa": 21722376.58,
        "land_cover_class": 40,
        "land_cover_name": "Cropland",
        "crs": "EPSG:32633"
      }
    },
    {
      "type": "Feature",
      "geometry": {
        "type": "LineString",
        "coordinates": [
          [
            396505.0235122823,
            4792800.441294464
          ],
          [
            396634.6313693171,
            4792670.84825137
          ]
        ]
      },
      "properties": {
        "feature_type": "segment",
        "segment_id": 170,
        "step": 170,
        "length_m": 183.28,
        "elevation_start": 8.84,
        "elevation_end": 10.32,
        "slope_percent": 1.11,
        "cost_usd": 109969.63,
        "cost_per_m": 600.0,
        "cumulative_cost": 15574496.82,
        "pressure_drop_pa": 35547.0,
        "cumulative_pressure_pa": 21757923.59,
        "land_cover_class": 40,
        "land_cover_name": "Cropland",
        "crs": "EPSG:32633"
      }
    },
    {
      "type": "Feature",
      "geometry": {
        "type": "LineString",
        "coordinates": [
          [
            396634.6313693171,
            4792670.84825137
          ],
          [
            396764.239226352,
            4792541.255208275
          ]
        ]
      },
      "properties": {
        "feature_type": "segment",
        "segment_id": 171,
        "step": 171,
        "length_m": 183.28,
        "elevation_start": 10.32,
        "elevation_end": 11.56,
        "slope_percent": 1.77,
        "cost_usd": 73313.09,
        "cost_per_m": 400.0,
        "cumulative_cost": 15647809.91,
        "pressure_drop_pa": 45603.6,
        "cumulative_pressure_pa": 21803527.19,
        "land_cover_class": 30,
        "land_cover_name": "Grassland",
        "crs": "EPSG:32633"
      }
    },
    {
      "type": "Feature",
      "geometry": {
        "type": "LineString",
        "coordinates": [
          [
            396764.239226352,
            4792541.255208275
          ],
          [
            396634.6313693171,
            4792411.662165181
          ]
        ]
      },
      "properties": {
        "feature_type": "segment",
        "segment_id": 172,
        "step": 172,
        "length_m": 183.28,
        "elevation_start": 11.56,
        "elevation_end": 12.31,
        "slope_percent": 0.48,
        "cost_usd": 73313.09,
        "cost_per_m": 400.0,
        "cumulative_cost": 15721122.99,
        "pressure_drop_pa": 25880.99,
        "cumulative_pressure_pa": 21829408.18,
        "land_cover_class": 30,
        "land_cover_name": "Grassland",
        "crs": "EPSG:32633"
      }
    },
    {
      "type": "Feature",
      "geometry": {
        "type": "LineString",
        "coordinates": [
          [
            396634.6313693171,
            4792411.662165181
          ],
          [
            396634.6313693171,
            4792282.069122086
          ]
        ]
      },
      "properties": {
        "feature_type": "segment",
        "segment_id": 173,
        "step": 173,
        "length_m": 129.59,
        "elevation_start": 12.31,
        "elevation_end": 12.32,
        "slope_percent": 2.49,
        "cost_usd": 51837.22,
        "cost_per_m": 400.0,
        "cumulative_cost": 15772960.21,
        "pressure_drop_pa": 39995.98,
        "cumulative_pressure_pa": 21869404.16,
        "land_cover_class": 30,
        "land_cover_name": "Grassland",
        "crs": "EPSG:32633"
      }
    },
    {
      "type": "Feature",
      "geometry": {
        "type": "LineString",
        "coordinates": [
          [
            396634.6313693171,
            4792282.069122086
          ],
          [
            396505.0235122823,
            4792152.476078992
          ]
        ]
      },
      "properties": {
        "feature_type": "segment",
        "segment_id": 174,
        "step": 174,
        "length_m": 183.28,
        "elevation_start": 12.32,
        "elevation_end": 13.17,
        "slope_percent": 2.16,
        "cost_usd": 73313.09,
        "cost_per_m": 400.0,
        "cumulative_cost": 15846273.3,
        "pressure_drop_pa": 51589.56,
        "cumulative_pressure_pa": 21920993.72,
        "land_cover_class": 30,
        "land_cover_name": "Grassland",
        "crs": "EPSG:32633"
      }
    },
    {
      "type": "Feature",
      "geometry": {
        "type": "LineString",
        "coordinates": [
          [
            396505.0235122823,
            4792152.476078992
          ],
          [
            396505.0235122823,
            4792022.883035897
          ]
        ]
      },
      "properties": {
        "feature_type": "segment",
        "segment_id": 175,
        "step": 175,
        "length_m": 129.59,
        "elevation_start": 13.17,
        "elevation_end": 16.3,
        "slope_percent": 10.73,
        "cost_usd": 72572.1,
        "cost_per_m": 560.0,
        "cumulative_cost": 15918845.4,
        "pressure_drop_pa": 128384.33,
        "cumulative_pressure_pa": 22049378.05,
        "land_cover_class": 30,
        "land_cover_name": "Grassland",
        "crs": "EPSG:32633"
      }
    },
    {
      "type": "Feature",
      "geometry": {
        "type": "LineString",
        "coordinates": [
          [
            396505.0235122823,
            4792022.883035897
          ],
          [
            396634.6313693171,
            4791893.289992803
          ]
        ]
      },
      "properties": {
        "feature_type": "segment",
        "segment_id": 176,
        "step": 176,
        "length_m": 183.28,
        "elevation_start": 16.3,
        "elevation_end": 66.42,
        "slope_percent": 22.99,
        "cost_usd": 146626.17,
        "cost_per_m": 800.0,
        "cumulative_cost": 16065471.57,
        "pressure_drop_pa": 361002.88,
        "cumulative_pressure_pa": 22410380.93,
        "land_cover_class": 30,
        "land_cover_name": "Grassland",
        "crs": "EPSG:32633"
      }
    },
    {
      "type": "Feature",
      "geometry": {
        "type": "LineString",
        "coordinates": [
          [
            396634.6313693171,
            4791893.289992803
          ],
          [
            396764.239226352,
            4791763.696949709
          ]
        ]
      },
      "properties": {
        "feature_type": "segment",
        "segment_id": 177,
        "step": 177,
        "length_m": 183.28,
        "elevation_start": 66.42,
        "elevation_end": 62.94,
        "slope_percent": 9.08,
        "cost_usd": 84310.05,
        "cost_per_m": 460.0,
        "cumulative_cost": 16149781.62,
        "pressure_drop_pa": 156785.59,
        "cumulative_pressure_pa": 22567166.52,
        "land_cover_class": 30,
        "land_cover_name": "Grassland",
        "crs": "EPSG:32633"
      }
    },
    {
      "type": "Feature",
      "geometry": {
        "type": "LineString",
        "coordinates": [
          [
            396764.239226352,
            4791763.696949709
          ],
          [
            396893.84708338685,
            4791634.103906615
          ]
        ]
      },
      "properties": {
        "feature_type": "segment",
        "segment_id": 178,
        "step": 178,
        "length_m": 183.28,
        "elevation_start": 62.94,
        "elevation_end": 72.93,
        "slope_percent": 11.48,
        "cost_usd": 102638.32,
        "cost_per_m": 560.0,
        "cumulative_cost": 16252419.94,
        "pressure_drop_pa": 192829.52,
        "cumulative_pressure_pa": 22759996.04,
        "land_cover_class": 30,
        "land_cover_name": "Grassland",
        "crs": "EPSG:32633"
      }
    },
    {
      "type": "Feature",
      "geometry": {
        "type": "LineString",
        "coordinates": [
          [
            396893.84708338685,
            4791634.103906615
          ],
          [
            397023.45494042174,
            4791504.51086352
          ]
        ]
      },
      "properties": {
        "feature_type": "segment",
        "segment_id": 179,
        "step": 179,
        "length_m": 183.28,
        "elevation_start": 72.93,
        "elevation_end": 67.16,
        "slope_percent": 14.86,
        "cost_usd": 109969.63,
        "cost_per_m": 600.0,
        "cumulative_cost": 16362389.57,
        "pressure_drop_pa": 243148.38,
        "cumulative_pressure_pa": 23003144.42,
        "land_cover_class": 20,
        "land_cover_name": "Shrubland",
        "crs": "EPSG:32633"
      }
    },
    {
      "type": "Feature",
      "geometry": {
        "type": "LineString",
        "coordinates": [
          [
            397023.45494042174,
            4791504.51086352
          ],
          [
            397023.45494042174,
            4791374.917820426
          ]
        ]
      },
      "properties": {
        "feature_type": "segment",
        "segment_id": 180,
        "step": 180,
        "length_m": 129.59,
        "elevation_start": 67.16,
        "elevation_end": 52.43,
        "slope_percent": 12.6,
        "cost_usd": 72572.1,
        "cost_per_m": 560.0,
        "cumulative_cost": 16434961.67,
        "pressure_drop_pa": 148215.4,
        "cumulative_pressure_pa": 23151359.82,
        "land_cover_class": 30,
        "land_cover_name": "Grassland",
        "crs": "EPSG:32633"
      }
    },
    {
      "type": "Feature",
      "geometry": {
        "type": "LineString",
        "coordinates": [
          [
            397023.45494042174,
            4791374.917820426
          ],
          [
            396893.84708338685,
            4791245.324777331
          ]
        ]
      },
      "properties": {
        "feature_type": "segment",
        "segment_id": 181,
        "step": 181,
        "length_m": 183.28,
        "elevation_start": 52.43,
        "elevation_end": 59.6,
        "slope_percent": 15.93,
        "cost_usd": 146626.17,
        "cost_per_m": 800.0,
        "cumulative_cost": 16581587.84,
        "pressure_drop_pa": 258970.53,
        "cumulative_pressure_pa": 23410330.35,
        "land_cover_class": 30,
        "land_cover_name": "Grassland",
        "crs": "EPSG:32633"
      }
    },
    {
      "type": "Feature",
      "geometry": {
        "type": "LineString",
        "coordinates": [
          [
            396893.84708338685,
            4791245.324777331
          ],
          [
            396893.84708338685,
            4791115.731734237
          ]
        ]
      },
      "properties": {
        "feature_type": "segment",
        "segment_id": 182,
        "step": 182,
        "length_m": 129.59,
        "elevation_start": 59.6,
        "elevation_end": 37.39,
        "slope_percent": 2.42,
        "cost_usd": 57020.94,
        "cost_per_m": 440.0,
        "cumulative_cost": 16638608.78,
        "pressure_drop_pa": 39193.59,
        "cumulative_pressure_pa": 23449523.94,
        "land_cover_class": 20,
        "land_cover_name": "Shrubland",
        "crs": "EPSG:32633"
      }
    },
    {
      "type": "Feature",
      "geometry": {
        "type": "LineString",
        "coordinates": [
          [
            396893.84708338685,
            4791115.731734237
          ],
          [
            396893.84708338685,
            4790986.138691142
          ]
        ]
      },
      "properties": {
        "feature_type": "segment",
        "segment_id": 183,
        "step": 183,
        "length_m": 129.59,
        "elevation_start": 37.39,
        "elevation_end": 56.93,
        "slope_percent": 16.61,
        "cost_usd": 116633.74,
        "cost_per_m": 900.0,
        "cumulative_cost": 16755242.52,
        "pressure_drop_pa": 190191.21,
        "cumulative_pressure_pa": 23639715.15,
        "land_cover_class": 10,
        "land_cover_name": "Tree cover",
        "crs": "EPSG:32633"
      }
    },
    {
      "type": "Feature",
      "geometry": {
        "type": "LineString",
        "coordinates": [
          [
            396893.84708338685,
            4790986.138691142
          ],
          [
            396893.84708338685,
            4790856.545648048
          ]
        ]
      },
      "properties": {
        "feature_type": "segment",
        "segment_id": 184,
        "step": 184,
        "length_m": 129.59,
        "elevation_start": 56.93,
        "elevation_end": 91.58,
        "slope_percent": 19.95,
        "cost_usd": 103674.43,
        "cost_per_m": 800.0,
        "cumulative_cost": 16858916.96,
        "pressure_drop_pa": 224460.81,
        "cumulative_pressure_pa": 23864175.96,
        "land_cover_class": 30,
        "land_cover_name": "Grassland",
        "crs": "EPSG:32633"
      }
    },
    {
      "type": "Feature",
      "geometry": {
        "type": "LineString",
        "coordinates": [
          [
            396893.84708338685,
            4790856.545648048
          ],
          [
            396893.84708338685,
            4790726.952604953
          ]
        ]
      },
      "properties": {
        "feature_type": "segment",
        "segment_id": 185,
        "step": 185,
        "length_m": 129.59,
        "elevation_start": 91.58,
        "elevation_end": 107.26,
        "slope_percent": 9.14,
        "cost_usd": 59612.8,
        "cost_per_m": 460.0,
        "cumulative_cost": 16918529.76,
        "pressure_drop_pa": 111464.15,
        "cumulative_pressure_pa": 23975640.11,
        "land_cover_class": 30,
        "land_cover_name": "Grassland",
        "crs": "EPSG:32633"
      }
    },
    {
      "type": "Feature",
      "geometry": {
        "type": "LineString",
        "coordinates": [
          [
            396893.84708338685,
            4790726.952604953
          ],
          [
            396764.239226352,
            4790597.359561859
          ]
        ]
      },
      "properties": {
        "feature_type": "segment",
        "segment_id": 186,
        "step": 186,
        "length_m": 183.28,
        "elevation_start": 107.26,
        "elevation_end": 106.33,
        "slope_percent": 10.75,
        "cost_usd": 102638.32,
        "cost_per_m": 560.0,
        "cumulative_cost": 17021168.08,
        "pressure_drop_pa": 181815.53,
        "cumulative_pressure_pa": 24157455.64,
        "land_cover_class": 30,
        "land_cover_name": "Grassland",
        "crs": "EPSG:32633"
      }
    },
    {
      "type": "Feature",
      "geometry": {
        "type": "LineString",
        "coordinates": [
          [
            396764.239226352,
            4790597.359561859
          ],
          [
            396764.239226352,
            4790467.766518765
          ]
        ]
      },
      "properties": {
        "feature_type": "segment",
        "segment_id": 187,
        "step": 187,
        "length_m": 129.59,
        "elevation_start": 106.33,
        "elevation_end": 110.16,
        "slope_percent": 4.48,
        "cost_usd": 57020.94,
        "cost_per_m": 440.0,
        "cumulative_cost": 17078189.02,
        "pressure_drop_pa": 61457.37,
        "cumulative_pressure_pa": 24218913.01,
        "land_cover_class": 20,
        "land_cover_name": "Shrubland",
        "crs": "EPSG:32633"
      }
    },
    {
      "type": "Feature",
      "geometry": {
        "type": "LineString",
        "coordinates": [
          [
            396764.239226352,
            4790467.766518765
          ],
          [
            396764.239226352,
            4790338.173475671
          ]
        ]
      },
      "properties": {
        "feature_type": "segment",
        "segment_id": 188,
        "step": 188,
        "length_m": 129.59,
        "elevation_start": 110.16,
        "elevation_end": 110.89,
        "slope_percent": 0.35,
        "cost_usd": 51837.22,
        "cost_per_m": 400.0,
        "cumulative_cost": 17130026.23,
        "pressure_drop_pa": 16900.63,
        "cumulative_pressure_pa": 24235813.65,
        "land_cover_class": 30,
        "land_cover_name": "Grassland",
        "crs": "EPSG:32633"
      }
    },
    {
      "type": "Feature",
      "geometry": {
        "type": "LineString",
        "coordinates": [
          [
            396764.239226352,
            4790338.173475671
          ],
          [
            396634.6313693171,
            4790208.580432576
          ]
        ]
      },
      "properties": {
        "feature_type": "segment",
        "segment_id": 189,
        "step": 189,
        "length_m": 183.28,
        "elevation_start": 110.89,
        "elevation_end": 105.79,
        "slope_percent": 3.07,
        "cost_usd": 109969.63,
        "cost_per_m": 600.0,
        "cumulative_cost": 17239995.86,
        "pressure_drop_pa": 65456.16,
        "cumulative_pressure_pa": 24301269.8,
        "land_cover_class": 40,
        "land_cover_name": "Cropland",
        "crs": "EPSG:32633"
      }
    },
    {
      "type": "Feature",
      "geometry": {
        "type": "LineString",
        "coordinates": [
          [
            396634.6313693171,
            4790208.580432576
          ],
          [
            396634.6313693171,
            4790078.987389482
          ]
        ]
      },
      "properties": {
        "feature_type": "segment",
        "segment_id": 190,
        "step": 190,
        "length_m": 129.59,
        "elevation_start": 105.79,
        "elevation_end": 116.1,
        "slope_percent": 4.62,
        "cost_usd": 51837.22,
        "cost_per_m": 400.0,
        "cumulative_cost": 17291833.08,
        "pressure_drop_pa": 62973.45,
        "cumulative_pressure_pa": 24364243.26,
        "land_cover_class": 30,
        "land_cover_name": "Grassland",
        "crs": "EPSG:32633"
      }
    },
    {
      "type": "Feature",
      "geometry": {
        "type": "LineString",
        "coordinates": [
          [
            396634.6313693171,
            4790078.987389482
          ],
          [
            396634.6313693171,
            4789949.394346387
          ]
        ]
      },
      "properties": {
        "feature_type": "segment",
        "segment_id": 191,
        "step": 191,
        "length_m": 129.59,
        "elevation_start": 116.1,
        "elevation_end": 111.94,
        "slope_percent": 6.18,
        "cost_usd": 59612.8,
        "cost_per_m": 460.0,
        "cumulative_cost": 17351445.88,
        "pressure_drop_pa": 79731.35,
        "cumulative_pressure_pa": 24443974.61,
        "land_cover_class": 30,
        "land_cover_name": "Grassland",
        "crs": "EPSG:32633"
      }
    },
    {
      "type": "Feature",
      "geometry": {
        "type": "LineString",
        "coordinates": [
          [
            396634.6313693171,
            4789949.394346387
          ],
          [
            396764.239226352,
            4789819.801303293
          ]
        ]
      },
      "properties": {
        "feature_type": "segment",
        "segment_id": 192,
        "step": 192,
        "length_m": 183.28,
        "elevation_start": 111.94,
        "elevation_end": 110.14,
        "slope_percent": 3.19,
        "cost_usd": 73313.09,
        "cost_per_m": 400.0,
        "cumulative_cost": 17424758.96,
        "pressure_drop_pa": 67228.77,
        "cumulative_pressure_pa": 24511203.38,
        "land_cover_class": 30,
        "land_cover_name": "Grassland",
        "crs": "EPSG:32633"
      }
    },
    {
      "type": "Feature",
      "geometry": {
        "type": "LineString",
        "coordinates": [
          [
            396764.239226352,
            4789819.801303293
          ],
          [
            396634.6313693171,
            4789690.208260198
          ]
        ]
      },
      "properties": {
        "feature_type": "segment",
        "segment_id": 193,
        "step": 193,
        "length_m": 183.28,
        "elevation_start": 110.14,
        "elevation_end": 118.18,
        "slope_percent": 4.82,
        "cost_usd": 73313.09,
        "cost_per_m": 400.0,
        "cumulative_cost": 17498072.05,
        "pressure_drop_pa": 92053.84,
        "cumulative_pressure_pa": 24603257.21,
        "land_cover_class": 30,
        "land_cover_name": "Grassland",
        "crs": "EPSG:32633"
      }
    },
    {
      "type": "Feature",
      "geometry": {
        "type": "LineString",
        "coordinates": [
          [
            396634.6313693171,
            4789690.208260198
          ],
          [
            396764.239226352,
            4789560.615217104
          ]
        ]
      },
      "properties": {
        "feature_type": "segment",
        "segment_id": 194,
        "step": 194,
        "length_m": 183.28,
        "elevation_start": 118.18,
        "elevation_end": 113.47,
        "slope_percent": 4.92,
        "cost_usd": 73313.09,
        "cost_per_m": 400.0,
        "cumulative_cost": 17571385.14,
        "pressure_drop_pa": 93560.43,
        "cumulative_pressure_pa": 24696817.64,
        "land_cover_class": 30,
        "land_cover_name": "Grassland",
        "crs": "EPSG:32633"
      }
    },
    {
      "type": "Feature",
      "geometry": {
        "type": "LineString",
        "coordinates": [
          [
            396764.239226352,
            4789560.615217104
          ],
          [
            396893.84708338685,
            4789431.022174009
          ]
        ]
      },
      "properties": {
        "feature_type": "segment",
        "segment_id": 195,
        "step": 195,
        "length_m": 183.28,
        "elevation_start": 113.47,
        "elevation_end": 108.6,
        "slope_percent": 9.61,
        "cost_usd": 84310.05,
        "cost_per_m": 460.0,
        "cumulative_cost": 17655695.18,
        "pressure_drop_pa": 164722.67,
        "cumulative_pressure_pa": 24861540.31,
        "land_cover_class": 30,
        "land_cover_name": "Grassland",
        "crs": "EPSG:32633"
      }
    },
    {
      "type": "Feature",
      "geometry": {
        "type": "LineString",
        "coordinates": [
          [
            396893.84708338685,
            4789431.022174009
          ],
          [
            396893.84708338685,
            4789301.429130915
          ]
        ]
      },
      "properties": {
        "feature_type": "segment",
        "segment_id": 196,
        "step": 196,
        "length_m": 129.59,
        "elevation_start": 108.6,
        "elevation_end": 88.06,
        "slope_percent": 14.68,
        "cost_usd": 72572.1,
        "cost_per_m": 560.0,
        "cumulative_cost": 17728267.29,
        "pressure_drop_pa": 170097.42,
        "cumulative_pressure_pa": 25031637.73,
        "land_cover_class": 30,
        "land_cover_name": "Grassland",
        "crs": "EPSG:32633"
      }
    },
    {
      "type": "Feature",
      "geometry": {
        "type": "LineString",
        "coordinates": [
          [
            396893.84708338685,
            4789301.429130915
          ],
          [
            396893.84708338685,
            4789171.836087821
          ]
        ]
      },
      "properties": {
        "feature_type": "segment",
        "segment_id": 197,
        "step": 197,
        "length_m": 129.59,
        "elevation_start": 88.06,
        "elevation_end": 75.73,
        "slope_percent": 8.53,
        "cost_usd": 85531.41,
        "cost_per_m": 660.0,
        "cumulative_cost": 17813798.7,
        "pressure_drop_pa": 104958.67,
        "cumulative_pressure_pa": 25136596.4,
        "land_cover_class": 40,
        "land_cover_name": "Cropland",
        "crs": "EPSG:32633"
      }
    },
    {
      "type": "Feature",
      "geometry": {
        "type": "LineString",
        "coordinates": [
          [
            396893.84708338685,
            4789171.836087821
          ],
          [
            397023.45494042174,
            4789042.243044727
          ]
        ]
      },
      "properties": {
        "feature_type": "segment",
        "segment_id": 198,
        "step": 198,
        "length_m": 183.28,
        "elevation_start": 75.73,
        "elevation_end": 80.58,
        "slope_percent": 6.24,
        "cost_usd": 84310.05,
        "cost_per_m": 460.0,
        "cumulative_cost": 17898108.75,
        "pressure_drop_pa": 113631.96,
        "cumulative_pressure_pa": 25250228.36,
        "land_cover_class": 30,
        "land_cover_name": "Grassland",
        "crs": "EPSG:32633"
      }
    },
    {
      "type": "Feature",
      "geometry": {
        "type": "LineString",
        "coordinates": [
          [
            397023.45494042174,
            4789042.243044727
          ],
          [
            397023.45494042174,
            4788912.650001632
          ]
        ]
      },
      "properties": {
        "feature_type": "segment",
        "segment_id": 199,
        "step": 199,
        "length_m": 129.59,
        "elevation_start": 80.58,
        "elevation_end": 83.51,
        "slope_percent": 3.57,
        "cost_usd": 77755.83,
        "cost_per_m": 600.0,
        "cumulative_cost": 17975864.57,
        "pressure_drop_pa": 51640.49,
        "cumulative_pressure_pa": 25301868.85,
        "land_cover_class": 40,
        "land_cover_name": "Cropland",
        "crs": "EPSG:32633"
      }
    },
    {
      "type": "Feature",
      "geometry": {
        "type": "LineString",
        "coordinates": [
          [
            397023.45494042174,
            4788912.650001632
          ],
          [
            396893.84708338685,
            4788783.056958538
          ]
        ]
      },
      "properties": {
        "feature_type": "segment",
        "segment_id": 200,
        "step": 200,
        "length_m": 183.28,
        "elevation_start": 83.51,
        "elevation_end": 85.28,
        "slope_percent": 3.81,
        "cost_usd": 73313.09,
        "cost_per_m": 400.0,
        "cumulative_cost": 18049177.66,
        "pressure_drop_pa": 76668.79,
        "cumulative_pressure_pa": 25378537.64,
        "land_cover_class": 30,
        "land_cover_name": "Grassland",
        "crs": "EPSG:32633"
      }
    },
    {
      "type": "Feature",
      "geometry": {
        "type": "LineString",
        "coordinates": [
          [
            396893.84708338685,
            4788783.056958538
          ],
          [
            397023.45494042174,
            4788653.463915443
          ]
        ]
      },
      "properties": {
        "feature_type": "segment",
        "segment_id": 201,
        "step": 201,
        "length_m": 183.28,
        "elevation_start": 85.28,
        "elevation_end": 87.08,
        "slope_percent": 3.11,
        "cost_usd": 109969.63,
        "cost_per_m": 600.0,
        "cumulative_cost": 18159147.29,
        "pressure_drop_pa": 66073.43,
        "cumulative_pressure_pa": 25444611.06,
        "land_cover_class": 40,
        "land_cover_name": "Cropland",
        "crs": "EPSG:32633"
      }
    },
    {
      "type": "Feature",
      "geometry": {
        "type": "LineString",
        "coordinates": [
          [
            397023.45494042174,
            4788653.463915443
          ],
          [
            397153.0627974566,
            4788523.870872349
          ]
        ]
      },
      "properties": {
        "feature_type": "segment",
        "segment_id": 202,
        "step": 202,
        "length_m": 183.28,
        "elevation_start": 87.08,
        "elevation_end": 76.36,
        "slope_percent": 4.68,
        "cost_usd": 73313.09,
        "cost_per_m": 400.0,
        "cumulative_cost": 18232460.37,
        "pressure_drop_pa": 89933.16,
        "cumulative_pressure_pa": 25534544.22,
        "land_cover_class": 30,
        "land_cover_name": "Grassland",
        "crs": "EPSG:32633"
      }
    },
    {
      "type": "Feature",
      "geometry": {
        "type": "LineString",
        "coordinates": [
          [
            397153.0627974566,
            4788523.870872349
          ],
          [
            397282.6706544914,
            4788394.277829254
          ]
        ]
      },
      "properties": {
        "feature_type": "segment",
        "segment_id": 203,
        "step": 203,
        "length_m": 183.28,
        "elevation_start": 76.36,
        "elevation_end": 71.17,
        "slope_percent": 3.41,
        "cost_usd": 73313.09,
        "cost_per_m": 400.0,
        "cumulative_cost": 18305773.46,
        "pressure_drop_pa": 70592.31,
        "cumulative_pressure_pa": 25605136.53,
        "land_cover_class": 30,
        "land_cover_name": "Grassland",
        "crs": "EPSG:32633"
      }
    },
    {
      "type": "Feature",
      "geometry": {
        "type": "LineString",
        "coordinates": [
          [
            397282.6706544914,
            4788394.277829254
          ],
          [
            397282.6706544914,
            4788264.68478616
          ]
        ]
      },
      "properties": {
        "feature_type": "segment",
        "segment_id": 204,
        "step": 204,
        "length_m": 129.59,
        "elevation_start": 71.17,
        "elevation_end": 80.33,
        "slope_percent": 3.92,
        "cost_usd": 51837.22,
        "cost_per_m": 400.0,
        "cumulative_cost": 18357610.67,
        "pressure_drop_pa": 55442.69,
        "cumulative_pressure_pa": 25660579.23,
        "land_cover_class": 30,
        "land_cover_name": "Grassland",
        "crs": "EPSG:32633"
      }
    },
    {
      "type": "Feature",
      "geometry": {
        "type": "LineString",
        "coordinates": [
          [
            397282.6706544914,
            4788264.68478616
          ],
          [
            397282.6706544914,
            4788135.091743065
          ]
        ]
      },
      "properties": {
        "feature_type": "segment",
        "segment_id": 205,
        "step": 205,
        "length_m": 129.59,
        "elevation_start": 80.33,
        "elevation_end": 80.28,
        "slope_percent": 2.25,
        "cost_usd": 51837.22,
        "cost_per_m": 400.0,
        "cumulative_cost": 18409447.89,
        "pressure_drop_pa": 37373.75,
        "cumulative_pressure_pa": 25697952.97,
        "land_cover_class": 30,
        "land_cover_name": "Grassland",
        "crs": "EPSG:32633"
      }
    },
    {
      "type": "Feature",
      "geometry": {
        "type": "LineString",
        "coordinates": [
          [
            397282.6706544914,
            4788135.091743065
          ],
          [
            397282.6706544914,
            4788005.498699971
          ]
        ]
      },
      "properties": {
        "feature_type": "segment",
        "segment_id": 206,
        "step": 206,
        "length_m": 129.59,
        "elevation_start": 80.28,
        "elevation_end": 80.85,
        "slope_percent": 2.03,
        "cost_usd": 77755.83,
        "cost_per_m": 600.0,
        "cumulative_cost": 18487203.72,
        "pressure_drop_pa": 35061.14,
        "cumulative_pressure_pa": 25733014.12,
        "land_cover_class": 40,
        "land_cover_name": "Cropland",
        "crs": "EPSG:32633"
      }
    },
    {
      "type": "Feature",
      "geometry": {
        "type": "LineString",
        "coordinates": [
          [
            397282.6706544914,
            4788005.498699971
          ],
          [
            397153.0627974566,
            4787875.905656877
          ]
        ]
      },
      "properties": {
        "feature_type": "segment",
        "segment_id": 207,
        "step": 207,
        "length_m": 183.28,
        "elevation_start": 80.85,
        "elevation_end": 79.26,
        "slope_percent": 12.93,
        "cost_usd": 102638.32,
        "cost_per_m": 560.0,
        "cumulative_cost": 18589842.04,
        "pressure_drop_pa": 214477.14,
        "cumulative_pressure_pa": 25947491.26,
        "land_cover_class": 30,
        "land_cover_name": "Grassland",
        "crs": "EPSG:32633"
      }
    },
    {
      "type": "Feature",
      "geometry": {
        "type": "LineString",
        "coordinates": [
          [
            397153.0627974566,
            4787875.905656877
          ],
          [
            397023.45494042174,
            4787746.3126137825
          ]
        ]
      },
      "properties": {
        "feature_type": "segment",
        "segment_id": 208,
        "step": 208,
        "length_m": 183.28,
        "elevation_start": 79.26,
        "elevation_end": 47.12,
        "slope_percent": 4.0,
        "cost_usd": 73313.09,
        "cost_per_m": 400.0,
        "cumulative_cost": 18663155.12,
        "pressure_drop_pa": 79560.25,
        "cumulative_pressure_pa": 26027051.51,
        "land_cover_class": 30,
        "land_cover_name": "Grassland",
        "crs": "EPSG:32633"
      }
    },
    {
      "type": "Feature",
      "geometry": {
        "type": "LineString",
        "coordinates": [
          [
            397023.45494042174,
            4787746.3126137825
          ],
          [
            396893.84708338685,
            4787746.3126137825
          ]
        ]
      },
      "properties": {
        "feature_type": "segment",
        "segment_id": 209,
        "step": 209,
        "length_m": 129.61,
        "elevation_start": 47.12,
        "elevation_end": 51.06,
        "slope_percent": 3.35,
        "cost_usd": 57027.46,
        "cost_per_m": 440.0,
        "cumulative_cost": 18720182.58,
        "pressure_drop_pa": 49230.0,
        "cumulative_pressure_pa": 26076281.51,
        "land_cover_class": 20,
        "land_cover_name": "Shrubland",
        "crs": "EPSG:32633"
      }
    },
    {
      "type": "Feature",
      "geometry": {
        "type": "LineString",
        "coordinates": [
          [
            396893.84708338685,
            4787746.3126137825
          ],
          [
            396764.239226352,
            4787746.3126137825
          ]
        ]
      },
      "properties": {
        "feature_type": "segment",
        "segment_id": 210,
        "step": 210,
        "length_m": 129.61,
        "elevation_start": 51.06,
        "elevation_end": 49.68,
        "slope_percent": 6.58,
        "cost_usd": 72580.4,
        "cost_per_m": 560.0,
        "cumulative_cost": 18792762.98,
        "pressure_drop_pa": 84045.95,
        "cumulative_pressure_pa": 26160327.46,
        "land_cover_class": 10,
        "land_cover_name": "Tree cover",
        "crs": "EPSG:32633"
      }
    },
    {
      "type": "Feature",
      "geometry": {
        "type": "LineString",
        "coordinates": [
          [
            396764.239226352,
            4787746.3126137825
          ],
          [
            396634.6313693171,
            4787746.3126137825
          ]
        ]
      },
      "properties": {
        "feature_type": "segment",
        "segment_id": 211,
        "step": 211,
        "length_m": 129.61,
        "elevation_start": 49.68,
        "elevation_end": 53.4,
        "slope_percent": 7.68,
        "cost_usd": 59619.61,
        "cost_per_m": 460.0,
        "cumulative_cost": 18852382.59,
        "pressure_drop_pa": 95887.09,
        "cumulative_pressure_pa": 26256214.55,
        "land_cover_class": 30,
        "land_cover_name": "Grassland",
        "crs": "EPSG:32633"
      }
    },
    {
      "type": "Feature",
      "geometry": {
        "type": "LineString",
        "coordinates": [
          [
            396634.6313693171,
            4787746.3126137825
          ],
          [
            396634.6313693171,
            4787616.719570688
          ]
        ]
      },
      "properties": {
        "feature_type": "segment",
        "segment_id": 212,
        "step": 212,
        "length_m": 129.59,
        "elevation_start": 53.4,
        "elevation_end": 88.72,
        "slope_percent": 13.62,
        "cost_usd": 77755.83,
        "cost_per_m": 600.0,
        "cumulative_cost": 18930138.42,
        "pressure_drop_pa": 158919.97,
        "cumulative_pressure_pa": 26415134.51,
        "land_cover_class": 20,
        "land_cover_name": "Shrubland",
        "crs": "EPSG:32633"
      }
    },
    {
      "type": "Feature",
      "geometry": {
        "type": "LineString",
        "coordinates": [
          [
            396634.6313693171,
            4787616.719570688
          ],
          [
            396764.239226352,
            4787487.1265275935
          ]
        ]
      },
      "properties": {
        "feature_type": "segment",
        "segment_id": 213,
        "step": 213,
        "length_m": 183.28,
        "elevation_start": 88.72,
        "elevation_end": 88.67,
        "slope_percent": 3.93,
        "cost_usd": 73313.09,
        "cost_per_m": 400.0,
        "cumulative_cost": 19003451.51,
        "pressure_drop_pa": 78518.64,
        "cumulative_pressure_pa": 26493653.16,
        "land_cover_class": 30,
        "land_cover_name": "Grassland",
        "crs": "EPSG:32633"
      }
    },
    {
      "type": "Feature",
      "geometry": {
        "type": "LineString",
        "coordinates": [
          [
            396764.239226352,
            4787487.1265275935
          ],
          [
            396634.6313693171,
            4787357.533484499
          ]
        ]
      },
      "properties": {
        "feature_type": "segment",
        "segment_id": 214,
        "step": 214,
        "length_m": 183.28,
        "elevation_start": 88.67,
        "elevation_end": 76.55,
        "slope_percent": 13.12,
        "cost_usd": 109969.63,
        "cost_per_m": 600.0,
        "cumulative_cost": 19113421.14,
        "pressure_drop_pa": 217298.33,
        "cumulative_pressure_pa": 26710951.48,
        "land_cover_class": 20,
        "land_cover_name": "Shrubland",
        "crs": "EPSG:32633"
      }
    },
    {
      "type": "Feature",
      "geometry": {
        "type": "LineString",
        "coordinates": [
          [
            396634.6313693171,
            4787357.533484499
          ],
          [
            396634.6313693171,
            4787227.9404414045
          ]
        ]
      },
      "properties": {
        "feature_type": "segment",
        "segment_id": 215,
        "step": 215,
        "length_m": 129.59,
        "elevation_start": 76.55,
        "elevation_end": 48.56,
        "slope_percent": 4.73,
        "cost_usd": 77755.83,
        "cost_per_m": 600.0,
        "cumulative_cost": 19191176.96,
        "pressure_drop_pa": 64099.57,
        "cumulative_pressure_pa": 26775051.05,
        "land_cover_class": 40,
        "land_cover_name": "Cropland",
        "crs": "EPSG:32633"
      }
    },
    {
      "type": "Feature",
      "geometry": {
        "type": "LineString",
        "coordinates": [
          [
            396634.6313693171,
            4787227.9404414045
          ],
          [
            396505.0235122823,
            4787098.34739831
          ]
        ]
      },
      "properties": {
        "feature_type": "segment",
        "segment_id": 216,
        "step": 216,
        "length_m": 183.28,
        "elevation_start": 48.56,
        "elevation_end": 74.45,
        "slope_percent": 10.32,
        "cost_usd": 102638.32,
        "cost_per_m": 560.0,
        "cumulative_cost": 19293815.28,
        "pressure_drop_pa": 175446.0,
        "cumulative_pressure_pa": 26950497.05,
        "land_cover_class": 30,
        "land_cover_name": "Grassland",
        "crs": "EPSG:32633"
      }
    },
    {
      "type": "Feature",
      "geometry": {
        "type": "LineString",
        "coordinates": [
          [
            396505.0235122823,
            4787098.34739831
          ],
          [
            396634.6313693171,
            4786968.7543552155
          ]
        ]
      },
      "properties": {
        "feature_type": "segment",
        "segment_id": 217,
        "step": 217,
        "length_m": 183.28,
        "elevation_start": 74.45,
        "elevation_end": 67.73,
        "slope_percent": 5.14,
        "cost_usd": 84310.05,
        "cost_per_m": 460.0,
        "cumulative_cost": 19378125.33,
        "pressure_drop_pa": 97005.72,
        "cumulative_pressure_pa": 27047502.76,
        "land_cover_class": 30,
        "land_cover_name": "Grassland",
        "crs": "EPSG:32633"
      }
    },
    {
      "type": "Feature",
      "geometry": {
        "type": "LineString",
        "coordinates": [
          [
            396634.6313693171,
            4786968.7543552155
          ],
          [
            396764.239226352,
            4786968.7543552155
          ]
        ]
      },
      "properties": {
        "feature_type": "segment",
        "segment_id": 218,
        "step": 218,
        "length_m": 129.61,
        "elevation_start": 67.73,
        "elevation_end": 64.41,
        "slope_percent": 5.84,
        "cost_usd": 59619.61,
        "cost_per_m": 460.0,
        "cumulative_cost": 19437744.94,
        "pressure_drop_pa": 76112.48,
        "cumulative_pressure_pa": 27123615.25,
        "land_cover_class": 30,
        "land_cover_name": "Grassland",
        "crs": "EPSG:32633"
      }
    },
    {
      "type": "Feature",
      "geometry": {
        "type": "LineString",
        "coordinates": [
          [
            396764.239226352,
            4786968.7543552155
          ],
          [
            396893.84708338685,
            4786968.7543552155
          ]
        ]
      },
      "properties": {
        "feature_type": "segment",
        "segment_id": 219,
        "step": 219,
        "length_m": 129.61,
        "elevation_start": 64.41,
        "elevation_end": 60.87,
        "slope_percent": 7.61,
        "cost_usd": 85541.19,
        "cost_per_m": 660.0,
        "cumulative_cost": 19523286.13,
        "pressure_drop_pa": 95082.26,
        "cumulative_pressure_pa": 27218697.51,
        "land_cover_class": 40,
        "land_cover_name": "Cropland",
        "crs": "EPSG:32633"
      }
    },
    {
      "type": "Feature",
      "geometry": {
        "type": "LineString",
        "coordinates": [
          [
            396893.84708338685,
            4786968.7543552155
          ],
          [
            397023.45494042174,
            4786839.161312121
          ]
        ]
      },
      "properties": {
        "feature_type": "segment",
        "segment_id": 220,
        "step": 220,
        "length_m": 183.28,
        "elevation_start": 60.87,
        "elevation_end": 48.77,
        "slope_percent": 7.58,
        "cost_usd": 84310.05,
        "cost_per_m": 460.0,
        "cumulative_cost": 19607596.18,
        "pressure_drop_pa": 133961.57,
        "cumulative_pressure_pa": 27352659.08,
        "land_cover_class": 30,
        "land_cover_name": "Grassland",
        "crs": "EPSG:32633"
      }
    },
    {
      "type": "Feature",
      "geometry": {
        "type": "LineString",
        "coordinates": [
          [
            397023.45494042174,
            4786839.161312121
          ],
          [
            397153.0627974566,
            4786709.568269027
          ]
        ]
      },
      "properties": {
        "feature_type": "segment",
        "segment_id": 221,
        "step": 221,
        "length_m": 183.28,
        "elevation_start": 48.77,
        "elevation_end": 26.52,
        "slope_percent": 6.93,
        "cost_usd": 84310.05,
        "cost_per_m": 460.0,
        "cumulative_cost": 19691906.23,
        "pressure_drop_pa": 124145.26,
        "cumulative_pressure_pa": 27476804.34,
        "land_cover_class": 30,
        "land_cover_name": "Grassland",
        "crs": "EPSG:32633"
      }
    },
    {
      "type": "Feature",
      "geometry": {
        "type": "LineString",
        "coordinates": [
          [
            397153.0627974566,
            4786709.568269027
          ],
          [
            397282.6706544914,
            4786709.568269027
          ]
        ]
      },
      "properties": {
        "feature_type": "segment",
        "segment_id": 222,
        "step": 222,
        "length_m": 129.61,
        "elevation_start": 26.52,
        "elevation_end": 21.1,
        "slope_percent": 4.04,
        "cost_usd": 51843.14,
        "cost_per_m": 400.0,
        "cumulative_cost": 19743749.37,
        "pressure_drop_pa": 56672.71,
        "cumulative_pressure_pa": 27533477.05,
        "land_cover_class": 30,
        "land_cover_name": "Grassland",
        "crs": "EPSG:32633"
      }
    },
    {
      "type": "Feature",
      "geometry": {
        "type": "LineString",
        "coordinates": [
          [
            397282.6706544914,
            4786709.568269027
          ],
          [
            397412.2785115263,
            4786579.975225933
          ]
        ]
      },
      "properties": {
        "feature_type": "segment",
        "segment_id": 223,
        "step": 223,
        "length_m": 183.28,
        "elevation_start": 21.1,
        "elevation_end": 19.98,
        "slope_percent": 0.31,
        "cost_usd": 73313.09,
        "cost_per_m": 400.0,
        "cumulative_cost": 19817062.46,
        "pressure_drop_pa": 23240.95,
        "cumulative_pressure_pa": 27556718.0,
        "land_cover_class": 30,
        "land_cover_name": "Grassland",
        "crs": "EPSG:32633"
      }
    },
    {
      "type": "Feature",
      "geometry": {
        "type": "LineString",
        "coordinates": [
          [
            397412.2785115263,
            4786579.975225933
          ],
          [
            397412.2785115263,
            4786450.382182838
          ]
        ]
      },
      "properties": {
        "feature_type": "segment",
        "segment_id": 224,
        "step": 224,
        "length_m": 129.59,
        "elevation_start": 19.98,
        "elevation_end": 20.9,
        "slope_percent": 0.69,
        "cost_usd": 64796.52,
        "cost_per_m": 500.0,
        "cumulative_cost": 19881858.98,
        "pressure_drop_pa": 20550.01,
        "cumulative_pressure_pa": 27577268.01,
        "land_cover_class": 10,
        "land_cover_name": "Tree cover",
        "crs": "EPSG:32633"
      }
    },
    {
      "type": "Feature",
      "geometry": {
        "type": "LineString",
        "coordinates": [
          [
            397412.2785115263,
            4786450.382182838
          ],
          [
            397412.2785115263,
            4786320.789139744
          ]
        ]
      },
      "properties": {
        "feature_type": "segment",
        "segment_id": 225,
        "step": 225,
        "length_m": 129.59,
        "elevation_start": 20.9,
        "elevation_end": 19.93,
        "slope_percent": 1.19,
        "cost_usd": 51837.22,
        "cost_per_m": 400.0,
        "cumulative_cost": 19933696.19,
        "pressure_drop_pa": 25989.12,
        "cumulative_pressure_pa": 27603257.13,
        "land_cover_class": 30,
        "land_cover_name": "Grassland",
        "crs": "EPSG:32633"
      }
    },
    {
      "type": "Feature",
      "geometry": {
        "type": "LineString",
        "coordinates": [
          [
            397412.2785115263,
            4786320.789139744
          ],
          [
            397412.2785115263,
            4786191.196096649
          ]
        ]
      },
      "properties": {
        "feature_type": "segment",
        "segment_id": 226,
        "step": 226,
        "length_m": 129.59,
        "elevation_start": 19.93,
        "elevation_end": 19.92,
        "slope_percent": 1.12,
        "cost_usd": 64796.52,
        "cost_per_m": 500.0,
        "cumulative_cost": 19998492.72,
        "pressure_drop_pa": 25170.03,
        "cumulative_pressure_pa": 27628427.16,
        "land_cover_class": 10,
        "land_cover_name": "Tree cover",
        "crs": "EPSG:32633"
      }
    },
    {
      "type": "Feature",
      "geometry": {
        "type": "LineString",
        "coordinates": [
          [
            397412.2785115263,
            4786191.196096649
          ],
          [
            397412.2785115263,
            4786061.603053555
          ]
        ]
      },
      "properties": {
        "feature_type": "segment",
        "segment_id": 227,
        "step": 227,
        "length_m": 129.59,
        "elevation_start": 19.92,
        "elevation_end": 19.91,
        "slope_percent": 0.26,
        "cost_usd": 51837.22,
        "cost_per_m": 400.0,
        "cumulative_cost": 20050329.93,
        "pressure_drop_pa": 15946.04,
        "cumulative_pressure_pa": 27644373.2,
        "land_cover_class": 30,
        "land_cover_name": "Grassland",
        "crs": "EPSG:32633"
      }
    },
    {
      "type": "Feature",
      "geometry": {
        "type": "LineString",
        "coordinates": [
          [
            397412.2785115263,
            4786061.603053555
          ],
          [
            397541.8863685611,
            4785932.01001046
          ]
        ]
      },
      "properties": {
        "feature_type": "segment",
        "segment_id": 228,
        "step": 228,
        "length_m": 183.28,
        "elevation_start": 19.91,
        "elevation_end": 20.23,
        "slope_percent": 0.74,
        "cost_usd": 73313.09,
        "cost_per_m": 400.0,
        "cumulative_cost": 20123643.02,
        "pressure_drop_pa": 29780.72,
        "cumulative_pressure_pa": 27674153.92,
        "land_cover_class": 30,
        "land_cover_name": "Grassland",
        "crs": "EPSG:32633"
      }
    },
    {
      "type": "Feature",
      "geometry": {
        "type": "LineString",
        "coordinates": [
          [
            397541.8863685611,
            4785932.01001046
          ],
          [
            397541.8863685611,
            4785802.416967366
          ]
        ]
      },
      "properties": {
        "feature_type": "segment",
        "segment_id": 229,
        "step": 229,
        "length_m": 129.59,
        "elevation_start": 20.23,
        "elevation_end": 20.15,
        "slope_percent": 0.43,
        "cost_usd": 51837.22,
        "cost_per_m": 400.0,
        "cumulative_cost": 20175480.24,
        "pressure_drop_pa": 17788.55,
        "cumulative_pressure_pa": 27691942.48,
        "land_cover_class": 30,
        "land_cover_name": "Grassland",
        "crs": "EPSG:32633"
      }
    },
    {
      "type": "Feature",
      "geometry": {
        "type": "LineString",
        "coordinates": [
          [
            397541.8863685611,
            4785802.416967366
          ],
          [
            397541.8863685611,
            4785672.823924271
          ]
        ]
      },
      "properties": {
        "feature_type": "segment",
        "segment_id": 230,
        "step": 230,
        "length_m": 129.59,
        "elevation_start": 20.15,
        "elevation_end": 19.92,
        "slope_percent": 0.7,
        "cost_usd": 51837.22,
        "cost_per_m": 400.0,
        "cumulative_cost": 20227317.45,
        "pressure_drop_pa": 20683.93,
        "cumulative_pressure_pa": 27712626.41,
        "land_cover_class": 60,
        "land_cover_name": "Bare/sparse vegetation",
        "crs": "EPSG:32633"
      }
    },
    {
      "type": "Feature",
      "geometry": {
        "type": "LineString",
        "coordinates": [
          [
            397541.8863685611,
            4785672.823924271
          ],
          [
            397541.8863685611,
            4785543.230881177
          ]
        ]
      },
      "properties": {
        "feature_type": "segment",
        "segment_id": 231,
        "step": 231,
        "length_m": 129.59,
        "elevation_start": 19.92,
        "elevation_end": 19.98,
        "slope_percent": 1.62,
        "cost_usd": 51837.22,
        "cost_per_m": 400.0,
        "cumulative_cost": 20279154.67,
        "pressure_drop_pa": 30634.35,
        "cumulative_pressure_pa": 27743260.76,
        "land_cover_class": 30,
        "land_cover_name": "Grassland",
        "crs": "EPSG:32633"
      }
    },
    {
      "type": "Feature",
      "geometry": {
        "type": "LineString",
        "coordinates": [
          [
            397541.8863685611,
            4785543.230881177
          ],
          [
            397541.8863685611,
            4785413.637838083
          ]
        ]
      },
      "properties": {
        "feature_type": "segment",
        "segment_id": 232,
        "step": 232,
        "length_m": 129.59,
        "elevation_start": 19.98,
        "elevation_end": 23.18,
        "slope_percent": 2.29,
        "cost_usd": 64796.52,
        "cost_per_m": 500.0,
        "cumulative_cost": 20343951.19,
        "pressure_drop_pa": 37875.73,
        "cumulative_pressure_pa": 27781136.49,
        "land_cover_class": 10,
        "land_cover_name": "Tree cover",
        "crs": "EPSG:32633"
      }
    },
    {
      "type": "Feature",
      "geometry": {
        "type": "LineString",
        "coordinates": [
          [
            397541.8863685611,
            4785413.637838083
          ],
          [
            397412.2785115263,
            4785284.044794989
          ]
        ]
      },
      "properties": {
        "feature_type": "segment",
        "segment_id": 233,
        "step": 233,
        "length_m": 183.28,
        "elevation_start": 23.18,
        "elevation_end": 24.72,
        "slope_percent": 2.19,
        "cost_usd": 73313.09,
        "cost_per_m": 400.0,
        "cumulative_cost": 20417264.28,
        "pressure_drop_pa": 52056.44,
        "cumulative_pressure_pa": 27833192.93,
        "land_cover_class": 30,
        "land_cover_name": "Grassland",
        "crs": "EPSG:32633"
      }
    },
    {
      "type": "Feature",
      "geometry": {
        "type": "LineString",
        "coordinates": [
          [
            397412.2785115263,
            4785284.044794989
          ],
          [
            397412.2785115263,
            4785154.451751894
          ]
        ]
      },
      "properties": {
        "feature_type": "segment",
        "segment_id": 234,
        "step": 234,
        "length_m": 129.59,
        "elevation_start": 24.72,
        "elevation_end": 27.78,
        "slope_percent": 1.6,
        "cost_usd": 64796.52,
        "cost_per_m": 500.0,
        "cumulative_cost": 20482060.8,
        "pressure_drop_pa": 30353.72,
        "cumulative_pressure_pa": 27863546.65,
        "land_cover_class": 10,
        "land_cover_name": "Tree cover",
        "crs": "EPSG:32633"
      }
    },
    {
      "type": "Feature",
      "geometry": {
        "type": "LineString",
        "coordinates": [
          [
            397412.2785115263,
            4785154.451751894
          ],
          [
            397282.6706544914,
            4785024.8587088
          ]
        ]
      },
      "properties": {
        "feature_type": "segment",
        "segment_id": 235,
        "step": 235,
        "length_m": 183.28,
        "elevation_start": 27.78,
        "elevation_end": 28.07,
        "slope_percent": 1.22,
        "cost_usd": 73313.09,
        "cost_per_m": 400.0,
        "cumulative_cost": 20555373.89,
        "pressure_drop_pa": 37094.61,
        "cumulative_pressure_pa": 27900641.26,
        "land_cover_class": 30,
        "land_cover_name": "Grassland",
        "crs": "EPSG:32633"
      }
    },
    {
      "type": "Feature",
      "geometry": {
        "type": "LineString",
        "coordinates": [
          [
            397282.6706544914,
            4785024.8587088
          ],
          [
            397153.0627974566,
            4785024.8587088
          ]
        ]
      },
      "properties": {
        "feature_type": "segment",
        "segment_id": 236,
        "step": 236,
        "length_m": 129.61,
        "elevation_start": 28.07,
        "elevation_end": 26.59,
        "slope_percent": 0.86,
        "cost_usd": 51843.14,
        "cost_per_m": 400.0,
        "cumulative_cost": 20607217.03,
        "pressure_drop_pa": 22421.72,
        "cumulative_pressure_pa": 27923062.98,
        "land_cover_class": 30,
        "land_cover_name": "Grassland",
        "crs": "EPSG:32633"
      }
    },
    {
      "type": "Feature",
      "geometry": {
        "type": "LineString",
        "coordinates": [
          [
            397153.0627974566,
            4785024.8587088
          ],
          [
            397023.45494042174,
            4784895.265665705
          ]
        ]
      },
      "properties": {
        "feature_type": "segment",
        "segment_id": 237,
        "step": 237,
        "length_m": 183.28,
        "elevation_start": 26.59,
        "elevation_end": 28.2,
        "slope_percent": 1.6,
        "cost_usd": 73313.09,
        "cost_per_m": 400.0,
        "cumulative_cost": 20680530.11,
        "pressure_drop_pa": 42893.18,
        "cumulative_pressure_pa": 27965956.16,
        "land_cover_class": 30,
        "land_cover_name": "Grassland",
        "crs": "EPSG:32633"
      }
    },
    {
      "type": "Feature",
      "geometry": {
        "type": "LineString",
        "coordinates": [
          [
            397023.45494042174,
            4784895.265665705
          ],
          [
            396893.84708338685,
            4784765.672622611
          ]
        ]
      },
      "properties": {
        "feature_type": "segment",
        "segment_id": 238,
        "step": 238,
        "length_m": 183.28,
        "elevation_start": 28.2,
        "elevation_end": 29.52,
        "slope_percent": 0.87,
        "cost_usd": 73313.09,
        "cost_per_m": 400.0,
        "cumulative_cost": 20753843.2,
        "pressure_drop_pa": 31878.52,
        "cumulative_pressure_pa": 27997834.68,
        "land_cover_class": 60,
        "land_cover_name": "Bare/sparse vegetation",
        "crs": "EPSG:32633"
      }
    },
    {
      "type": "Feature",
      "geometry": {
        "type": "LineString",
        "coordinates": [
          [
            396893.84708338685,
            4784765.672622611
          ],
          [
            396764.239226352,
            4784636.079579516
          ]
        ]
      },
      "properties": {
        "feature_type": "segment",
        "segment_id": 239,
        "step": 239,
        "length_m": 183.28,
        "elevation_start": 29.52,
        "elevation_end": 29.49,
        "slope_percent": 0.64,
        "cost_usd": 73313.09,
        "cost_per_m": 400.0,
        "cumulative_cost": 20827156.29,
        "pressure_drop_pa": 28296.29,
        "cumulative_pressure_pa": 28026130.97,
        "land_cover_class": 30,
        "land_cover_name": "Grassland",
        "crs": "EPSG:32633"
      }
    },
    {
      "type": "Feature",
      "geometry": {
        "type": "LineString",
        "coordinates": [
          [
            396764.239226352,
            4784636.079579516
          ],
          [
            396764.239226352,
            4784506.486536422
          ]
        ]
      },
      "properties": {
        "feature_type": "segment",
        "segment_id": 240,
        "step": 240,
        "length_m": 129.59,
        "elevation_start": 29.49,
        "elevation_end": 30.95,
        "slope_percent": 0.83,
        "cost_usd": 51837.22,
        "cost_per_m": 400.0,
        "cumulative_cost": 20878993.5,
        "pressure_drop_pa": 22053.71,
        "cumulative_pressure_pa": 28048184.68,
        "land_cover_class": 30,
        "land_cover_name": "Grassland",
        "crs": "EPSG:32633"
      }
    },
    {
      "type": "Feature",
      "geometry": {
        "type": "LineString",
        "coordinates": [
          [
            396764.239226352,
            4784506.486536422
          ],
          [
            396764.239226352,
            4784376.893493327
          ]
        ]
      },
      "properties": {
        "feature_type": "segment",
        "segment_id": 241,
        "step": 241,
        "length_m": 129.59,
        "elevation_start": 30.95,
        "elevation_end": 32.42,
        "slope_percent": 1.48,
        "cost_usd": 77755.83,
        "cost_per_m": 600.0,
        "cumulative_cost": 20956749.33,
        "pressure_drop_pa": 29032.31,
        "cumulative_pressure_pa": 28077216.99,
        "land_cover_class": 40,
        "land_cover_name": "Cropland",
        "crs": "EPSG:32633"
      }
    },
    {
      "type": "Feature",
      "geometry": {
        "type": "LineString",
        "coordinates": [
          [
            396764.239226352,
            4784376.893493327
          ],
          [
            396764.239226352,
            4784247.300450233
          ]
        ]
      },
      "properties": {
        "feature_type": "segment",
        "segment_id": 242,
        "step": 242,
        "length_m": 129.59,
        "elevation_start": 32.42,
        "elevation_end": 34.83,
        "slope_percent": 2.02,
        "cost_usd": 77755.83,
        "cost_per_m": 600.0,
        "cumulative_cost": 21034505.15,
        "pressure_drop_pa": 34954.55,
        "cumulative_pressure_pa": 28112171.54,
        "land_cover_class": 40,
        "land_cover_name": "Cropland",
        "crs": "EPSG:32633"
      }
    },
    {
      "type": "Feature",
      "geometry": {
        "type": "LineString",
        "coordinates": [
          [
            396764.239226352,
            4784247.300450233
          ],
          [
            396764.239226352,
            4784117.707407139
          ]
        ]
      },
      "properties": {
        "feature_type": "segment",
        "segment_id": 243,
        "step": 243,
        "length_m": 129.59,
        "elevation_start": 34.83,
        "elevation_end": 33.69,
        "slope_percent": 4.83,
        "cost_usd": 77755.83,
        "cost_per_m": 600.0,
        "cumulative_cost": 21112260.98,
        "pressure_drop_pa": 65182.94,
        "cumulative_pressure_pa": 28177354.48,
        "land_cover_class": 40,
        "land_cover_name": "Cropland",
        "crs": "EPSG:32633"
      }
    },
    {
      "type": "Feature",
      "geometry": {
        "type": "LineString",
        "coordinates": [
          [
            396764.239226352,
            4784117.707407139
          ],
          [
            396893.84708338685,
            4783988.114364045
          ]
        ]
      },
      "properties": {
        "feature_type": "segment",
        "segment_id": 244,
        "step": 244,
        "length_m": 183.28,
        "elevation_start": 33.69,
        "elevation_end": 52.02,
        "slope_percent": 14.44,
        "cost_usd": 102638.32,
        "cost_per_m": 560.0,
        "cumulative_cost": 21214899.3,
        "pressure_drop_pa": 236994.6,
        "cumulative_pressure_pa": 28414349.08,
        "land_cover_class": 30,
        "land_cover_name": "Grassland",
        "crs": "EPSG:32633"
      }
    },
    {
      "type": "Feature",
      "geometry": {
        "type": "LineString",
        "coordinates": [
          [
            396893.84708338685,
            4783988.114364045
          ],
          [
            396893.84708338685,
            4783858.52132095
          ]
        ]
      },
      "properties": {
        "feature_type": "segment",
        "segment_id": 245,
        "step": 245,
        "length_m": 129.59,
        "elevation_start": 52.02,
        "elevation_end": 68.05,
        "slope_percent": 19.98,
        "cost_usd": 103674.43,
        "cost_per_m": 800.0,
        "cumulative_cost": 21318573.73,
        "pressure_drop_pa": 224819.22,
        "cumulative_pressure_pa": 28639168.3,
        "land_cover_class": 30,
        "land_cover_name": "Grassland",
        "crs": "EPSG:32633"
      }
    },
    {
      "type": "Feature",
      "geometry": {
        "type": "LineString",
        "coordinates": [
          [
            396893.84708338685,
            4783858.52132095
          ],
          [
            396893.84708338685,
            4783728.928277856
          ]
        ]
      },
      "properties": {
        "feature_type": "segment",
        "segment_id": 246,
        "step": 246,
        "length_m": 129.59,
        "elevation_start": 68.05,
        "elevation_end": 96.7,
        "slope_percent": 21.31,
        "cost_usd": 103674.43,
        "cost_per_m": 800.0,
        "cumulative_cost": 21422248.17,
        "pressure_drop_pa": 238282.52,
        "cumulative_pressure_pa": 28877450.82,
        "land_cover_class": 30,
        "land_cover_name": "Grassland",
        "crs": "EPSG:32633"
      }
    },
    {
      "type": "Feature",
      "geometry": {
        "type": "LineString",
        "coordinates": [
          [
            396893.84708338685,
            4783728.928277856
          ],
          [
            396893.84708338685,
            4783599.335234761
          ]
        ]
      },
      "properties": {
        "feature_type": "segment",
        "segment_id": 247,
        "step": 247,
        "length_m": 129.59,
        "elevation_start": 96.7,
        "elevation_end": 113.25,
        "slope_percent": 14.66,
        "cost_usd": 72572.1,
        "cost_per_m": 560.0,
        "cumulative_cost": 21494820.27,
        "pressure_drop_pa": 169842.36,
        "cumulative_pressure_pa": 29047293.17,
        "land_cover_class": 30,
        "land_cover_name": "Grassland",
        "crs": "EPSG:32633"
      }
    },
    {
      "type": "Feature",
      "geometry": {
        "type": "LineString",
        "coordinates": [
          [
            396893.84708338685,
            4783599.335234761
          ],
          [
            397023.45494042174,
            4783469.742191667
          ]
        ]
      },
      "properties": {
        "feature_type": "segment",
        "segment_id": 248,
        "step": 248,
        "length_m": 183.28,
        "elevation_start": 113.25,
        "elevation_end": 120.1,
        "slope_percent": 10.54,
        "cost_usd": 102638.32,
        "cost_per_m": 560.0,
        "cumulative_cost": 21597458.59,
        "pressure_drop_pa": 178769.8,
        "cumulative_pressure_pa": 29226062.97,
        "land_cover_class": 30,
        "land_cover_name": "Grassland",
        "crs": "EPSG:32633"
      }
    },
    {
      "type": "Feature",
      "geometry": {
        "type": "LineString",
        "coordinates": [
          [
            397023.45494042174,
            4783469.742191667
          ],
          [
            396893.84708338685,
            4783340.149148572
          ]
        ]
      },
      "properties": {
        "feature_type": "segment",
        "segment_id": 249,
        "step": 249,
        "length_m": 183.28,
        "elevation_start": 120.1,
        "elevation_end": 104.15,
        "slope_percent": 9.97,
        "cost_usd": 84310.05,
        "cost_per_m": 460.0,
        "cumulative_cost": 21681768.64,
        "pressure_drop_pa": 170066.11,
        "cumulative_pressure_pa": 29396129.08,
        "land_cover_class": 30,
        "land_cover_name": "Grassland",
        "crs": "EPSG:32633"
      }
    },
    {
      "type": "Feature",
      "geometry": {
        "type": "LineString",
        "coordinates": [
          [
            396893.84708338685,
            4783340.149148572
          ],
          [
            396893.84708338685,
            4783210.556105478
          ]
        ]
      },
      "properties": {
        "feature_type": "segment",
        "segment_id": 250,
        "step": 250,
        "length_m": 129.59,
        "elevation_start": 104.15,
        "elevation_end": 90.74,
        "slope_percent": 14.19,
        "cost_usd": 72572.1,
        "cost_per_m": 560.0,
        "cumulative_cost": 21754340.75,
        "pressure_drop_pa": 164958.88,
        "cumulative_pressure_pa": 29561087.96,
        "land_cover_class": 30,
        "land_cover_name": "Grassland",
        "crs": "EPSG:32633"
      }
    },
    {
      "type": "Feature",
      "geometry": {
        "type": "LineString",
        "coordinates": [
          [
            396893.84708338685,
            4783210.556105478
          ],
          [
            397023.45494042174,
            4783080.963062383
          ]
        ]
      },
      "properties": {
        "feature_type": "segment",
        "segment_id": 251,
        "step": 251,
        "length_m": 183.28,
        "elevation_start": 90.74,
        "elevation_end": 74.5,
        "slope_percent": 9.55,
        "cost_usd": 84310.05,
        "cost_per_m": 460.0,
        "cumulative_cost": 21838650.79,
        "pressure_drop_pa": 163827.56,
        "cumulative_pressure_pa": 29724915.52,
        "land_cover_class": 30,
        "land_cover_name": "Grassland",
        "crs": "EPSG:32633"
      }
    },
    {
      "type": "Feature",
      "geometry": {
        "type": "LineString",
        "coordinates": [
          [
            397023.45494042174,
            4783080.963062383
          ],
          [
            397023.45494042174,
            4782951.370019289
          ]
        ]
      },
      "properties": {
        "feature_type": "segment",
        "segment_id": 252,
        "step": 252,
        "length_m": 129.59,
        "elevation_start": 74.5,
        "elevation_end": 66.89,
        "slope_percent": 6.76,
        "cost_usd": 59612.8,
        "cost_per_m": 460.0,
        "cumulative_cost": 21898263.59,
        "pressure_drop_pa": 85948.55,
        "cumulative_pressure_pa": 29810864.07,
        "land_cover_class": 30,
        "land_cover_name": "Grassland",
        "crs": "EPSG:32633"
      }
    },
    {
      "type": "Feature",
      "geometry": {
        "type": "LineString",
        "coordinates": [
          [
            397023.45494042174,
            4782951.370019289
          ],
          [
            397153.0627974566,
            4782821.776976195
          ]
        ]
      },
      "properties": {
        "feature_type": "segment",
        "segment_id": 253,
        "step": 253,
        "length_m": 183.28,
        "elevation_start": 66.89,
        "elevation_end": 68.79,
        "slope_percent": 11.23,
        "cost_usd": 102638.32,
        "cost_per_m": 560.0,
        "cumulative_cost": 22000901.91,
        "pressure_drop_pa": 189009.61,
        "cumulative_pressure_pa": 29999873.69,
        "land_cover_class": 30,
        "land_cover_name": "Grassland",
        "crs": "EPSG:32633"
      }
    },
    {
      "type": "Feature",
      "geometry": {
        "type": "LineString",
        "coordinates": [
          [
            397153.0627974566,
            4782821.776976195
          ],
          [
            397153.0627974566,
            4782692.183933101
          ]
        ]
      },
      "properties": {
        "feature_type": "segment",
        "segment_id": 254,
        "step": 254,
        "length_m": 129.59,
        "elevation_start": 68.79,
        "elevation_end": 69.51,
        "slope_percent": 11.68,
        "cost_usd": 72572.1,
        "cost_per_m": 560.0,
        "cumulative_cost": 22073474.02,
        "pressure_drop_pa": 138497.78,
        "cumulative_pressure_pa": 30138371.47,
        "land_cover_class": 30,
        "land_cover_name": "Grassland",
        "crs": "EPSG:32633"
      }
    },
    {
      "type": "Feature",
      "geometry": {
        "type": "LineString",
        "coordinates": [
          [
            397153.0627974566,
            4782692.183933101
          ],
          [
            397153.0627974566,
            4782562.590890006
          ]
        ]
      },
      "properties": {
        "feature_type": "segment",
        "segment_id": 255,
        "step": 255,
        "length_m": 129.59,
        "elevation_start": 69.51,
        "elevation_end": 66.59,
        "slope_percent": 7.64,
        "cost_usd": 85531.41,
        "cost_per_m": 660.0,
        "cumulative_cost": 22159005.43,
        "pressure_drop_pa": 95379.1,
        "cumulative_pressure_pa": 30233750.56,
        "land_cover_class": 40,
        "land_cover_name": "Cropland",
        "crs": "EPSG:32633"
      }
    },
    {
      "type": "Feature",
      "geometry": {
        "type": "LineString",
        "coordinates": [
          [
            397153.0627974566,
            4782562.590890006
          ],
          [
            397153.0627974566,
            4782432.997846912
          ]
        ]
      },
      "properties": {
        "feature_type": "segment",
        "segment_id": 256,
        "step": 256,
        "length_m": 129.59,
        "elevation_start": 66.59,
        "elevation_end": 67.26,
        "slope_percent": 2.33,
        "cost_usd": 77755.83,
        "cost_per_m": 600.0,
        "cumulative_cost": 22236761.25,
        "pressure_drop_pa": 38310.48,
        "cumulative_pressure_pa": 30272061.05,
        "land_cover_class": 40,
        "land_cover_name": "Cropland",
        "crs": "EPSG:32633"
      }
    },
    {
      "type": "Feature",
      "geometry": {
        "type": "LineString",
        "coordinates": [
          [
            397153.0627974566,
            4782432.997846912
          ],
          [
            397282.6706544914,
            4782303.404803817
          ]
        ]
      },
      "properties": {
        "feature_type": "segment",
        "segment_id": 257,
        "step": 257,
        "length_m": 183.28,
        "elevation_start": 67.26,
        "elevation_end": 90.58,
        "slope_percent": 11.56,
        "cost_usd": 139294.86,
        "cost_per_m": 760.0,
        "cumulative_cost": 22376056.12,
        "pressure_drop_pa": 193978.35,
        "cumulative_pressure_pa": 30466039.4,
        "land_cover_class": 40,
        "land_cover_name": "Cropland",
        "crs": "EPSG:32633"
      }
    },
    {
      "type": "Feature",
      "geometry": {
        "type": "LineString",
        "coordinates": [
          [
            397282.6706544914,
            4782303.404803817
          ],
          [
            397282.6706544914,
            4782173.811760723
          ]
        ]
      },
      "properties": {
        "feature_type": "segment",
        "segment_id": 258,
        "step": 258,
        "length_m": 129.59,
        "elevation_start": 90.58,
        "elevation_end": 96.95,
        "slope_percent": 16.68,
        "cost_usd": 129593.04,
        "cost_per_m": 1000.0,
        "cumulative_cost": 22505649.16,
        "pressure_drop_pa": 190841.31,
        "cumulative_pressure_pa": 30656880.71,
        "land_cover_class": 40,
        "land_cover_name": "Cropland",
        "crs": "EPSG:32633"
      }
    },
    {
      "type": "Feature",
      "geometry": {
        "type": "LineString",
        "coordinates": [
          [
            397282.6706544914,
            4782173.811760723
          ],
          [
            397282.6706544914,
            4782044.218717628
          ]
        ]
      },
      "properties": {
        "feature_type": "segment",
        "segment_id": 259,
        "step": 259,
        "length_m": 129.59,
        "elevation_start": 96.95,
        "elevation_end": 131.56,
        "slope_percent": 11.29,
        "cost_usd": 98490.71,
        "cost_per_m": 760.0,
        "cumulative_cost": 22604139.87,
        "pressure_drop_pa": 134278.26,
        "cumulative_pressure_pa": 30791158.97,
        "land_cover_class": 40,
        "land_cover_name": "Cropland",
        "crs": "EPSG:32633"
      }
    },
    {
      "type": "Feature",
      "geometry": {
        "type": "LineString",
        "coordinates": [
          [
            397282.6706544914,
            4782044.218717628
          ],
          [
            397282.6706544914,
            4781914.625674534
          ]
        ]
      },
      "properties": {
        "feature_type": "segment",
        "segment_id": 260,
        "step": 260,
        "length_m": 129.59,
        "elevation_start": 131.56,
        "elevation_end": 119.98,
        "slope_percent": 9.03,
        "cost_usd": 85531.41,
        "cost_per_m": 660.0,
        "cumulative_cost": 22689671.28,
        "pressure_drop_pa": 110232.35,
        "cumulative_pressure_pa": 30901391.31,
        "land_cover_class": 40,
        "land_cover_name": "Cropland",
        "crs": "EPSG:32633"
      }
    },
    {
      "type": "Feature",
      "geometry": {
        "type": "LineString",
        "coordinates": [
          [
            397282.6706544914,
            4781914.625674534
          ],
          [
            397282.6706544914,
            4781785.032631439
          ]
        ]
      },
      "properties": {
        "feature_type": "segment",
        "segment_id": 261,
        "step": 261,
        "length_m": 129.59,
        "elevation_start": 119.98,
        "elevation_end": 129.15,
        "slope_percent": 11.21,
        "cost_usd": 98490.71,
        "cost_per_m": 760.0,
        "cumulative_cost": 22788161.99,
        "pressure_drop_pa": 133423.96,
        "cumulative_pressure_pa": 31034815.27,
        "land_cover_class": 40,
        "land_cover_name": "Cropland",
        "crs": "EPSG:32633"
      }
    },
    {
      "type": "Feature",
      "geometry": {
        "type": "LineString",
        "coordinates": [
          [
            397282.6706544914,
            4781785.032631439
          ],
          [
            397282.6706544914,
            4781655.439588346
          ]
        ]
      },
      "properties": {
        "feature_type": "segment",
        "segment_id": 262,
        "step": 262,
        "length_m": 129.59,
        "elevation_start": 129.15,
        "elevation_end": 150.44,
        "slope_percent": 4.44,
        "cost_usd": 51837.22,
        "cost_per_m": 400.0,
        "cumulative_cost": 22839999.21,
        "pressure_drop_pa": 61020.48,
        "cumulative_pressure_pa": 31095835.75,
        "land_cover_class": 30,
        "land_cover_name": "Grassland",
        "crs": "EPSG:32633"
      }
    },
    {
      "type": "Feature",
      "geometry": {
        "type": "LineString",
        "coordinates": [
          [
            397282.6706544914,
            4781655.439588346
          ],
          [
            397412.2785115263,
            4781525.846545251
          ]
        ]
      },
      "properties": {
        "feature_type": "segment",
        "segment_id": 263,
        "step": 263,
        "length_m": 183.28,
        "elevation_start": 150.44,
        "elevation_end": 120.53,
        "slope_percent": 20.65,
        "cost_usd": 146626.17,
        "cost_per_m": 800.0,
        "cumulative_cost": 22986625.38,
        "pressure_drop_pa": 327657.68,
        "cumulative_pressure_pa": 31423493.44,
        "land_cover_class": 30,
        "land_cover_name": "Grassland",
        "crs": "EPSG:32633"
      }
    },
    {
      "type": "Feature",
      "geometry": {
        "type": "LineString",
        "coordinates": [
          [
            397412.2785115263,
            4781525.846545251
          ],
          [
            397412.2785115263,
            4781396.253502157
          ]
        ]
      },
      "properties": {
        "feature_type": "segment",
        "segment_id": 264,
        "step": 264,
        "length_m": 129.59,
        "elevation_start": 120.53,
        "elevation_end": 97.82,
        "slope_percent": 20.39,
        "cost_usd": 103674.43,
        "cost_per_m": 800.0,
        "cumulative_cost": 23090299.82,
        "pressure_drop_pa": 229015.57,
        "cumulative_pressure_pa": 31652509.0,
        "land_cover_class": 30,
        "land_cover_name": "Grassland",
        "crs": "EPSG:32633"
      }
    },
    {
      "type": "Feature",
      "geometry": {
        "type": "LineString",
        "coordinates": [
          [
            397412.2785115263,
            4781396.253502157
          ],
          [
            397412.2785115263,
            4781266.660459062
          ]
        ]
      },
      "properties": {
        "feature_type": "segment",
        "segment_id": 265,
        "step": 265,
        "length_m": 129.59,
        "elevation_start": 97.82,
        "elevation_end": 75.06,
        "slope_percent": 6.37,
        "cost_usd": 59612.8,
        "cost_per_m": 460.0,
        "cumulative_cost": 23149912.62,
        "pressure_drop_pa": 81781.95,
        "cumulative_pressure_pa": 31734290.95,
        "land_cover_class": 30,
        "land_cover_name": "Grassland",
        "crs": "EPSG:32633"
      }
    },
    {
      "type": "Feature",
      "geometry": {
        "type": "LineString",
        "coordinates": [
          [
            397412.2785115263,
            4781266.660459062
          ],
          [
            397541.8863685611,
            4781137.067415968
          ]
        ]
      },
      "properties": {
        "feature_type": "segment",
        "segment_id": 266,
        "step": 266,
        "length_m": 183.28,
        "elevation_start": 75.06,
        "elevation_end": 95.0,
        "slope_percent": 15.83,
        "cost_usd": 153957.48,
        "cost_per_m": 840.0,
        "cumulative_cost": 23303870.1,
        "pressure_drop_pa": 257502.48,
        "cumulative_pressure_pa": 31991793.43,
        "land_cover_class": 20,
        "land_cover_name": "Shrubland",
        "crs": "EPSG:32633"
      }
    },
    {
      "type": "Feature",
      "geometry": {
        "type": "LineString",
        "coordinates": [
          [
            397541.8863685611,
            4781137.067415968
          ],
          [
            397671.49422559596,
            4781007.474372873
          ]
        ]
      },
      "properties": {
        "feature_type": "segment",
        "segment_id": 267,
        "step": 267,
        "length_m": 183.28,
        "elevation_start": 95.0,
        "elevation_end": 124.2,
        "slope_percent": 17.37,
        "cost_usd": 146626.17,
        "cost_per_m": 800.0,
        "cumulative_cost": 23450496.27,
        "pressure_drop_pa": 280134.53,
        "cumulative_pressure_pa": 32271927.97,
        "land_cover_class": 30,
        "land_cover_name": "Grassland",
        "crs": "EPSG:32633"
      }
    },
    {
      "type": "Feature",
      "geometry": {
        "type": "LineString",
        "coordinates": [
          [
            397671.49422559596,
            4781007.474372873
          ],
          [
            397671.49422559596,
            4780877.881329779
          ]
        ]
      },
      "properties": {
        "feature_type": "segment",
        "segment_id": 268,
        "step": 268,
        "length_m": 129.59,
        "elevation_start": 124.2,
        "elevation_end": 141.41,
        "slope_percent": 16.87,
        "cost_usd": 116633.74,
        "cost_per_m": 900.0,
        "cumulative_cost": 23567130.01,
        "pressure_drop_pa": 192871.35,
        "cumulative_pressure_pa": 32464799.32,
        "land_cover_class": 10,
        "land_cover_name": "Tree cover",
        "crs": "EPSG:32633"
      }
    },
    {
      "type": "Feature",
      "geometry": {
        "type": "LineString",
        "coordinates": [
          [
            397671.49422559596,
            4780877.881329779
          ],
          [
            397671.49422559596,
            4780748.288286684
          ]
        ]
      },
      "properties": {
        "feature_type": "segment",
        "segment_id": 269,
        "step": 269,
        "length_m": 129.59,
        "elevation_start": 141.41,
        "elevation_end": 167.37,
        "slope_percent": 6.34,
        "cost_usd": 72572.1,
        "cost_per_m": 560.0,
        "cumulative_cost": 23639702.11,
        "pressure_drop_pa": 81456.7,
        "cumulative_pressure_pa": 32546256.02,
        "land_cover_class": 10,
        "land_cover_name": "Tree cover",
        "crs": "EPSG:32633"
      }
    },
    {
      "type": "Feature",
      "geometry": {
        "type": "LineString",
        "coordinates": [
          [
            397671.49422559596,
            4780748.288286684
          ],
          [
            397801.10208263085,
            4780618.69524359
          ]
        ]
      },
      "properties": {
        "feature_type": "segment",
        "segment_id": 270,
        "step": 270,
        "length_m": 183.28,
        "elevation_start": 167.37,
        "elevation_end": 143.66,
        "slope_percent": 15.54,
        "cost_usd": 146626.17,
        "cost_per_m": 800.0,
        "cumulative_cost": 23786328.28,
        "pressure_drop_pa": 253208.56,
        "cumulative_pressure_pa": 32799464.57,
        "land_cover_class": 30,
        "land_cover_name": "Grassland",
        "crs": "EPSG:32633"
      }
    },
    {
      "type": "Feature",
      "geometry": {
        "type": "LineString",
        "coordinates": [
          [
            397801.10208263085,
            4780618.69524359
          ],
          [
            397801.10208263085,
            4780489.102200495
          ]
        ]
      },
      "properties": {
        "feature_type": "segment",
        "segment_id": 271,
        "step": 271,
        "length_m": 129.59,
        "elevation_start": 143.66,
        "elevation_end": 125.08,
        "slope_percent": 5.18,
        "cost_usd": 59612.8,
        "cost_per_m": 460.0,
        "cumulative_cost": 23845941.08,
        "pressure_drop_pa": 68948.77,
        "cumulative_pressure_pa": 32868413.34,
        "land_cover_class": 30,
        "land_cover_name": "Grassland",
        "crs": "EPSG:32633"
      }
    },
    {
      "type": "Feature",
      "geometry": {
        "type": "LineString",
        "coordinates": [
          [
            397801.10208263085,
            4780489.102200495
          ],
          [
            397801.10208263085,
            4780359.5091574015
          ]
        ]
      },
      "properties": {
        "feature_type": "segment",
        "segment_id": 272,
        "step": 272,
        "length_m": 129.59,
        "elevation_start": 125.08,
        "elevation_end": 138.29,
        "slope_percent": 9.12,
        "cost_usd": 59612.8,
        "cost_per_m": 460.0,
        "cumulative_cost": 23905553.88,
        "pressure_drop_pa": 111200.61,
        "cumulative_pressure_pa": 32979613.95,
        "land_cover_class": 30,
        "land_cover_name": "Grassland",
        "crs": "EPSG:32633"
      }
    },
    {
      "type": "Feature",
      "geometry": {
        "type": "LineString",
        "coordinates": [
          [
            397801.10208263085,
            4780359.5091574015
          ],
          [
            397930.7099396657,
            4780229.916114307
          ]
        ]
      },
      "properties": {
        "feature_type": "segment",
        "segment_id": 273,
        "step": 273,
        "length_m": 183.28,
        "elevation_start": 138.29,
        "elevation_end": 141.5,
        "slope_percent": 9.49,
        "cost_usd": 120966.59,
        "cost_per_m": 660.0,
        "cumulative_cost": 24026520.47,
        "pressure_drop_pa": 162977.42,
        "cumulative_pressure_pa": 33142591.37,
        "land_cover_class": 40,
        "land_cover_name": "Cropland",
        "crs": "EPSG:32633"
      }
    },
    {
      "type": "Feature",
      "geometry": {
        "type": "LineString",
        "coordinates": [
          [
            397930.7099396657,
            4780229.916114307
          ],
          [
            397930.7099396657,
            4780100.3230712125
          ]
        ]
      },
      "properties": {
        "feature_type": "segment",
        "segment_id": 274,
        "step": 274,
        "length_m": 129.59,
        "elevation_start": 141.5,
        "elevation_end": 116.73,
        "slope_percent": 18.22,
        "cost_usd": 129593.04,
        "cost_per_m": 1000.0,
        "cumulative_cost": 24156113.52,
        "pressure_drop_pa": 206837.51,
        "cumulative_pressure_pa": 33349428.88,
        "land_cover_class": 40,
        "land_cover_name": "Cropland",
        "crs": "EPSG:32633"
      }
    },
    {
      "type": "Feature",
      "geometry": {
        "type": "LineString",
        "coordinates": [
          [
            397930.7099396657,
            4780100.3230712125
          ],
          [
            397930.7099396657,
            4779970.730028118
          ]
        ]
      },
      "properties": {
        "feature_type": "segment",
        "segment_id": 275,
        "step": 275,
        "length_m": 129.59,
        "elevation_start": 116.73,
        "elevation_end": 98.93,
        "slope_percent": 17.25,
        "cost_usd": 129593.04,
        "cost_per_m": 1000.0,
        "cumulative_cost": 24285706.56,
        "pressure_drop_pa": 196782.71,
        "cumulative_pressure_pa": 33546211.6,
        "land_cover_class": 40,
        "land_cover_name": "Cropland",
        "crs": "EPSG:32633"
      }
    },
    {
      "type": "Feature",
      "geometry": {
        "type": "LineString",
        "coordinates": [
          [
            397930.7099396657,
            4779970.730028118
          ],
          [
            397930.7099396657,
            4779841.1369850235
          ]
        ]
      },
      "properties": {
        "feature_type": "segment",
        "segment_id": 276,
        "step": 276,
        "length_m": 129.59,
        "elevation_start": 98.93,
        "elevation_end": 81.87,
        "slope_percent": 13.67,
        "cost_usd": 98490.71,
        "cost_per_m": 760.0,
        "cumulative_cost": 24384197.27,
        "pressure_drop_pa": 159473.72,
        "cumulative_pressure_pa": 33705685.32,
        "land_cover_class": 40,
        "land_cover_name": "Cropland",
        "crs": "EPSG:32633"
      }
    },
    {
      "type": "Feature",
      "geometry": {
        "type": "LineString",
        "coordinates": [
          [
            397930.7099396657,
            4779841.1369850235
          ],
          [
            397930.7099396657,
            4779711.543941929
          ]
        ]
      },
      "properties": {
        "feature_type": "segment",
        "segment_id": 277,
        "step": 277,
        "length_m": 129.59,
        "elevation_start": 81.87,
        "elevation_end": 67.09,
        "slope_percent": 2.56,
        "cost_usd": 51837.22,
        "cost_per_m": 400.0,
        "cumulative_cost": 24436034.49,
        "pressure_drop_pa": 40727.67,
        "cumulative_pressure_pa": 33746412.99,
        "land_cover_class": 30,
        "land_cover_name": "Grassland",
        "crs": "EPSG:32633"
      }
    },
    {
      "type": "Feature",
      "geometry": {
        "type": "LineString",
        "coordinates": [
          [
            397930.7099396657,
            4779711.543941929
          ],
          [
            397930.7099396657,
            4779581.9508988345
          ]
        ]
      },
      "properties": {
        "feature_type": "segment",
        "segment_id": 278,
        "step": 278,
        "length_m": 129.59,
        "elevation_start": 67.09,
        "elevation_end": 78.06,
        "slope_percent": 19.32,
        "cost_usd": 129593.04,
        "cost_per_m": 1000.0,
        "cumulative_cost": 24565627.53,
        "pressure_drop_pa": 218032.85,
        "cumulative_pressure_pa": 33964445.83,
        "land_cover_class": 40,
        "land_cover_name": "Cropland",
        "crs": "EPSG:32633"
      }
    },
    {
      "type": "Feature",
      "geometry": {
        "type": "LineString",
        "coordinates": [
          [
            397930.7099396657,
            4779581.9508988345
          ],
          [
            397930.7099396657,
            4779452.35785574
          ]
        ]
      },
      "properties": {
        "feature_type": "segment",
        "segment_id": 279,
        "step": 279,
        "length_m": 129.59,
        "elevation_start": 78.06,
        "elevation_end": 118.87,
        "slope_percent": 19.81,
        "cost_usd": 108858.16,
        "cost_per_m": 840.0,
        "cumulative_cost": 24674485.69,
        "pressure_drop_pa": 223103.76,
        "cumulative_pressure_pa": 34187549.59,
        "land_cover_class": 20,
        "land_cover_name": "Shrubland",
        "crs": "EPSG:32633"
      }
    },
    {
      "type": "Feature",
      "geometry": {
        "type": "LineString",
        "coordinates": [
          [
            397930.7099396657,
            4779452.35785574
          ],
          [
            397930.7099396657,
            4779322.7648126455
          ]
        ]
      },
      "properties": {
        "feature_type": "segment",
        "segment_id": 280,
        "step": 280,
        "length_m": 129.59,
        "elevation_start": 118.87,
        "elevation_end": 130.66,
        "slope_percent": 5.18,
        "cost_usd": 85531.41,
        "cost_per_m": 660.0,
        "cumulative_cost": 24760017.1,
        "pressure_drop_pa": 68952.2,
        "cumulative_pressure_pa": 34256501.79,
        "land_cover_class": 40,
        "land_cover_name": "Cropland",
        "crs": "EPSG:32633"
      }
    },
    {
      "type": "Feature",
      "geometry": {
        "type": "LineString",
        "coordinates": [
          [
            397930.7099396657,
            4779322.7648126455
          ],
          [
            397930.7099396657,
            4779193.171769551
          ]
        ]
      },
      "properties": {
        "feature_type": "segment",
        "segment_id": 281,
        "step": 281,
        "length_m": 129.59,
        "elevation_start": 130.66,
        "elevation_end": 102.65,
        "slope_percent": 16.13,
        "cost_usd": 129593.04,
        "cost_per_m": 1000.0,
        "cumulative_cost": 24889610.14,
        "pressure_drop_pa": 185187.95,
        "cumulative_pressure_pa": 34441689.73,
        "land_cover_class": 40,
        "land_cover_name": "Cropland",
        "crs": "EPSG:32633"
      }
    },
    {
      "type": "Feature",
      "geometry": {
        "type": "LineString",
        "coordinates": [
          [
            397930.7099396657,
            4779193.171769551
          ],
          [
            397930.7099396657,
            4779063.578726457
          ]
        ]
      },
      "properties": {
        "feature_type": "segment",
        "segment_id": 282,
        "step": 282,
        "length_m": 129.59,
        "elevation_start": 102.65,
        "elevation_end": 85.72,
        "slope_percent": 8.2,
        "cost_usd": 85531.41,
        "cost_per_m": 660.0,
        "cumulative_cost": 24975141.55,
        "pressure_drop_pa": 101370.71,
        "cumulative_pressure_pa": 34543060.44,
        "land_cover_class": 40,
        "land_cover_name": "Cropland",
        "crs": "EPSG:32633"
      }
    },
    {
      "type": "Feature",
      "geometry": {
        "type": "LineString",
        "coordinates": [
          [
            397930.7099396657,
            4779063.578726457
          ],
          [
            397930.7099396657,
            4778933.985683363
          ]
        ]
      },
      "properties": {
        "feature_type": "segment",
        "segment_id": 283,
        "step": 283,
        "length_m": 129.59,
        "elevation_start": 85.72,
        "elevation_end": 91.43,
        "slope_percent": 11.99,
        "cost_usd": 72572.1,
        "cost_per_m": 560.0,
        "cumulative_cost": 25047713.65,
        "pressure_drop_pa": 141779.56,
        "cumulative_pressure_pa": 34684840.01,
        "land_cover_class": 30,
        "land_cover_name": "Grassland",
        "crs": "EPSG:32633"
      }
    },
    {
      "type": "Feature",
      "geometry": {
        "type": "LineString",
        "coordinates": [
          [
            397930.7099396657,
            4778933.985683363
          ],
          [
            398060.3177967006,
            4778804.392640268
          ]
        ]
      },
      "properties": {
        "feature_type": "segment",
        "segment_id": 284,
        "step": 284,
        "length_m": 183.28,
        "elevation_start": 91.43,
        "elevation_end": 93.81,
        "slope_percent": 14.52,
        "cost_usd": 102638.32,
        "cost_per_m": 560.0,
        "cumulative_cost": 25150351.97,
        "pressure_drop_pa": 238090.98,
        "cumulative_pressure_pa": 34922930.99,
        "land_cover_class": 30,
        "land_cover_name": "Grassland",
        "crs": "EPSG:32633"
      }
    },
    {
      "type": "Feature",
      "geometry": {
        "type": "LineString",
        "coordinates": [
          [
            398060.3177967006,
            4778804.392640268
          ],
          [
            398060.3177967006,
            4778674.799597174
          ]
        ]
      },
      "properties": {
        "feature_type": "segment",
        "segment_id": 285,
        "step": 285,
        "length_m": 129.59,
        "elevation_start": 93.81,
        "elevation_end": 108.72,
        "slope_percent": 12.28,
        "cost_usd": 72572.1,
        "cost_per_m": 560.0,
        "cumulative_cost": 25222924.08,
        "pressure_drop_pa": 144839.47,
        "cumulative_pressure_pa": 35067770.46,
        "land_cover_class": 30,
        "land_cover_name": "Grassland",
        "crs": "EPSG:32633"
      }
    },
    {
      "type": "Feature",
      "geometry": {
        "type": "LineString",
        "coordinates": [
          [
            398060.3177967006,
            4778674.799597174
          ],
          [
            398060.3177967006,
            4778545.206554079
          ]
        ]
      },
      "properties": {
        "feature_type": "segment",
        "segment_id": 286,
        "step": 286,
        "length_m": 129.59,
        "elevation_start": 108.72,
        "elevation_end": 125.57,
        "slope_percent": 1.35,
        "cost_usd": 51837.22,
        "cost_per_m": 400.0,
        "cumulative_cost": 25274761.29,
        "pressure_drop_pa": 27647.3,
        "cumulative_pressure_pa": 35095417.76,
        "land_cover_class": 30,
        "land_cover_name": "Grassland",
        "crs": "EPSG:32633"
      }
    },
    {
      "type": "Feature",
      "geometry": {
        "type": "LineString",
        "coordinates": [
          [
            398060.3177967006,
            4778545.206554079
          ],
          [
            398060.3177967006,
            4778415.613510985
          ]
        ]
      },
      "properties": {
        "feature_type": "segment",
        "segment_id": 287,
        "step": 287,
        "length_m": 129.59,
        "elevation_start": 125.57,
        "elevation_end": 112.92,
        "slope_percent": 11.65,
        "cost_usd": 77755.83,
        "cost_per_m": 600.0,
        "cumulative_cost": 25352517.12,
        "pressure_drop_pa": 138148.54,
        "cumulative_pressure_pa": 35233566.3,
        "land_cover_class": 20,
        "land_cover_name": "Shrubland",
        "crs": "EPSG:32633"
      }
    },
    {
      "type": "Feature",
      "geometry": {
        "type": "LineString",
        "coordinates": [
          [
            398060.3177967006,
            4778415.613510985
          ],
          [
            398060.3177967006,
            4778286.02046789
          ]
        ]
      },
      "properties": {
        "feature_type": "segment",
        "segment_id": 288,
        "step": 288,
        "length_m": 129.59,
        "elevation_start": 112.92,
        "elevation_end": 91.57,
        "slope_percent": 17.36,
        "cost_usd": 103674.43,
        "cost_per_m": 800.0,
        "cumulative_cost": 25456191.56,
        "pressure_drop_pa": 197943.33,
        "cumulative_pressure_pa": 35431509.63,
        "land_cover_class": 30,
        "land_cover_name": "Grassland",
        "crs": "EPSG:32633"
      }
    },
    {
      "type": "Feature",
      "geometry": {
        "type": "LineString",
        "coordinates": [
          [
            398060.3177967006,
            4778286.02046789
          ],
          [
            397930.7099396657,
            4778156.427424796
          ]
        ]
      },
      "properties": {
        "feature_type": "segment",
        "segment_id": 289,
        "step": 289,
        "length_m": 183.28,
        "elevation_start": 91.57,
        "elevation_end": 66.54,
        "slope_percent": 14.57,
        "cost_usd": 102638.32,
        "cost_per_m": 560.0,
        "cumulative_cost": 25558829.88,
        "pressure_drop_pa": 238922.01,
        "cumulative_pressure_pa": 35670431.63,
        "land_cover_class": 30,
        "land_cover_name": "Grassland",
        "crs": "EPSG:32633"
      }
    },
    {
      "type": "Feature",
      "geometry": {
        "type": "LineString",
        "coordinates": [
          [
            397930.7099396657,
            4778156.427424796
          ],
          [
            397930.7099396657,
            4778026.834381701
          ]
        ]
      },
      "properties": {
        "feature_type": "segment",
        "segment_id": 290,
        "step": 290,
        "length_m": 129.59,
        "elevation_start": 66.54,
        "elevation_end": 50.41,
        "slope_percent": 4.16,
        "cost_usd": 51837.22,
        "cost_per_m": 400.0,
        "cumulative_cost": 25610667.09,
        "pressure_drop_pa": 57970.97,
        "cumulative_pressure_pa": 35728402.61,
        "land_cover_class": 30,
        "land_cover_name": "Grassland",
        "crs": "EPSG:32633"
      }
    },
    {
      "type": "Feature",
      "geometry": {
        "type": "LineString",
        "coordinates": [
          [
            397930.7099396657,
            4778026.834381701
          ],
          [
            397930.7099396657,
            4777897.241338607
          ]
        ]
      },
      "properties": {
        "feature_type": "segment",
        "segment_id": 291,
        "step": 291,
        "length_m": 129.59,
        "elevation_start": 50.41,
        "elevation_end": 70.27,
        "slope_percent": 13.76,
        "cost_usd": 72572.1,
        "cost_per_m": 560.0,
        "cumulative_cost": 25683239.2,
        "pressure_drop_pa": 160445.96,
        "cumulative_pressure_pa": 35888848.57,
        "land_cover_class": 30,
        "land_cover_name": "Grassland",
        "crs": "EPSG:32633"
      }
    },
    {
      "type": "Feature",
      "geometry": {
        "type": "LineString",
        "coordinates": [
          [
            397930.7099396657,
            4777897.241338607
          ],
          [
            398060.3177967006,
            4777897.241338607
          ]
        ]
      },
      "properties": {
        "feature_type": "segment",
        "segment_id": 292,
        "step": 292,
        "length_m": 129.61,
        "elevation_start": 70.27,
        "elevation_end": 59.96,
        "slope_percent": 10.52,
        "cost_usd": 98501.97,
        "cost_per_m": 760.0,
        "cumulative_cost": 25781741.17,
        "pressure_drop_pa": 126163.39,
        "cumulative_pressure_pa": 36015011.96,
        "land_cover_class": 40,
        "land_cover_name": "Cropland",
        "crs": "EPSG:32633"
      }
    },
    {
      "type": "Feature",
      "geometry": {
        "type": "LineString",
        "coordinates": [
          [
            398060.3177967006,
            4777897.241338607
          ],
          [
            398189.9256537354,
            4777767.648295513
          ]
        ]
      },
      "properties": {
        "feature_type": "segment",
        "segment_id": 293,
        "step": 293,
        "length_m": 183.28,
        "elevation_start": 59.96,
        "elevation_end": 61.7,
        "slope_percent": 8.33,
        "cost_usd": 91641.36,
        "cost_per_m": 500.0,
        "cumulative_cost": 25873382.53,
        "pressure_drop_pa": 145456.84,
        "cumulative_pressure_pa": 36160468.8,
        "land_cover_class": 20,
        "land_cover_name": "Shrubland",
        "crs": "EPSG:32633"
      }
    },
    {
      "type": "Feature",
      "geometry": {
        "type": "LineString",
        "coordinates": [
          [
            398189.9256537354,
            4777767.648295513
          ],
          [
            398319.53351077024,
            4777767.648295513
          ]
        ]
      },
      "properties": {
        "feature_type": "segment",
        "segment_id": 294,
        "step": 294,
        "length_m": 129.61,
        "elevation_start": 61.7,
        "elevation_end": 42.99,
        "slope_percent": 5.79,
        "cost_usd": 85541.19,
        "cost_per_m": 660.0,
        "cumulative_cost": 25958923.71,
        "pressure_drop_pa": 75570.8,
        "cumulative_pressure_pa": 36236039.6,
        "land_cover_class": 40,
        "land_cover_name": "Cropland",
        "crs": "EPSG:32633"
      }
    },
    {
      "type": "Feature",
      "geometry": {
        "type": "LineString",
        "coordinates": [
          [
            398319.53351077024,
            4777767.648295513
          ],
          [
            398449.14136780513,
            4777638.055252419
          ]
        ]
      },
      "properties": {
        "feature_type": "segment",
        "segment_id": 295,
        "step": 295,
        "length_m": 183.28,
        "elevation_start": 42.99,
        "elevation_end": 33.89,
        "slope_percent": 5.54,
        "cost_usd": 84310.05,
        "cost_per_m": 460.0,
        "cumulative_cost": 26043233.76,
        "pressure_drop_pa": 103131.67,
        "cumulative_pressure_pa": 36339171.27,
        "land_cover_class": 30,
        "land_cover_name": "Grassland",
        "crs": "EPSG:32633"
      }
    },
    {
      "type": "Feature",
      "geometry": {
        "type": "LineString",
        "coordinates": [
          [
            398449.14136780513,
            4777638.055252419
          ],
          [
            398578.74922483996,
            4777508.462209324
          ]
        ]
      },
      "properties": {
        "feature_type": "segment",
        "segment_id": 296,
        "step": 296,
        "length_m": 183.28,
        "elevation_start": 33.89,
        "elevation_end": 28.92,
        "slope_percent": 3.64,
        "cost_usd": 73313.09,
        "cost_per_m": 400.0,
        "cumulative_cost": 26116546.85,
        "pressure_drop_pa": 74065.96,
        "cumulative_pressure_pa": 36413237.24,
        "land_cover_class": 30,
        "land_cover_name": "Grassland",
        "crs": "EPSG:32633"
      }
    },
    {
      "type": "Feature",
      "geometry": {
        "type": "LineString",
        "coordinates": [
          [
            398578.74922483996,
            4777508.462209324
          ],
          [
            398578.74922483996,
            4777378.86916623
          ]
        ]
      },
      "properties": {
        "feature_type": "segment",
        "segment_id": 297,
        "step": 297,
        "length_m": 129.59,
        "elevation_start": 28.92,
        "elevation_end": 25.76,
        "slope_percent": 3.21,
        "cost_usd": 77755.83,
        "cost_per_m": 600.0,
        "cumulative_cost": 26194302.67,
        "pressure_drop_pa": 47789.6,
        "cumulative_pressure_pa": 36461026.84,
        "land_cover_class": 40,
        "land_cover_name": "Cropland",
        "crs": "EPSG:32633"
      }
    },
    {
      "type": "Feature",
      "geometry": {
        "type": "LineString",
        "coordinates": [
          [
            398578.74922483996,
            4777378.86916623
          ],
          [
            398578.74922483996,
            4777249.276123135
          ]
        ]
      },
      "properties": {
        "feature_type": "segment",
        "segment_id": 298,
        "step": 298,
        "length_m": 129.59,
        "elevation_start": 25.76,
        "elevation_end": 20.27,
        "slope_percent": 1.63,
        "cost_usd": 51837.22,
        "cost_per_m": 400.0,
        "cumulative_cost": 26246139.89,
        "pressure_drop_pa": 30745.15,
        "cumulative_pressure_pa": 36491771.99,
        "land_cover_class": 30,
        "land_cover_name": "Grassland",
        "crs": "EPSG:32633"
      }
    },
    {
      "type": "Feature",
      "geometry": {
        "type": "LineString",
        "coordinates": [
          [
            398578.74922483996,
            4777249.276123135
          ],
          [
            398708.35708187486,
            4777119.683080041
          ]
        ]
      },
      "properties": {
        "feature_type": "segment",
        "segment_id": 299,
        "step": 299,
        "length_m": 183.28,
        "elevation_start": 20.27,
        "elevation_end": 20.74,
        "slope_percent": 2.42,
        "cost_usd": 73313.09,
        "cost_per_m": 400.0,
        "cumulative_cost": 26319452.97,
        "pressure_drop_pa": 55460.49,
        "cumulative_pressure_pa": 36547232.48,
        "land_cover_class": 30,
        "land_cover_name": "Grassland",
        "crs": "EPSG:32633"
      }
    },
    {
      "type": "Feature",
      "geometry": {
        "type": "LineString",
        "coordinates": [
          [
            398708.35708187486,
            4777119.683080041
          ],
          [
            398837.9649389097,
            4776990.090036946
          ]
        ]
      },
      "properties": {
        "feature_type": "segment",
        "segment_id": 300,
        "step": 300,
        "length_m": 183.28,
        "elevation_start": 20.74,
        "elevation_end": 29.66,
        "slope_percent": 11.41,
        "cost_usd": 102638.32,
        "cost_per_m": 560.0,
        "cumulative_cost": 26422091.29,
        "pressure_drop_pa": 191802.76,
        "cumulative_pressure_pa": 36739035.24,
        "land_cover_class": 30,
        "land_cover_name": "Grassland",
        "crs": "EPSG:32633"
      }
    },
    {
      "type": "Feature",
      "geometry": {
        "type": "LineString",
        "coordinates": [
          [
            398837.9649389097,
            4776990.090036946
          ],
          [
            398967.5727959445,
            4776990.090036946
          ]
        ]
      },
      "properties": {
        "feature_type": "segment",
        "segment_id": 301,
        "step": 301,
        "length_m": 129.61,
        "elevation_start": 29.66,
        "elevation_end": 49.27,
        "slope_percent": 15.78,
        "cost_usd": 103686.29,
        "cost_per_m": 800.0,
        "cumulative_cost": 26525777.58,
        "pressure_drop_pa": 181542.92,
        "cumulative_pressure_pa": 36920578.16,
        "land_cover_class": 30,
        "land_cover_name": "Grassland",
        "crs": "EPSG:32633"
      }
    },
    {
      "type": "Feature",
      "geometry": {
        "type": "LineString",
        "coordinates": [
          [
            398967.5727959445,
            4776990.090036946
          ],
          [
            399097.1806529794,
            4776990.090036946
          ]
        ]
      },
      "properties": {
        "feature_type": "segment",
        "segment_id": 302,
        "step": 302,
        "length_m": 129.61,
        "elevation_start": 49.27,
        "elevation_end": 71.53,
        "slope_percent": 17.4,
        "cost_usd": 103686.29,
        "cost_per_m": 800.0,
        "cumulative_cost": 26629463.87,
        "pressure_drop_pa": 198356.01,
        "cumulative_pressure_pa": 37118934.17,
        "land_cover_class": 30,
        "land_cover_name": "Grassland",
        "crs": "EPSG:32633"
      }
    },
    {
      "type": "Feature",
      "geometry": {
        "type": "LineString",
        "coordinates": [
          [
            399097.1806529794,
            4776990.090036946
          ],
          [
            399226.78851001424,
            4776860.496993852
          ]
        ]
      },
      "properties": {
        "feature_type": "segment",
        "segment_id": 303,
        "step": 303,
        "length_m": 183.28,
        "elevation_start": 71.53,
        "elevation_end": 99.75,
        "slope_percent": 17.21,
        "cost_usd": 153957.48,
        "cost_per_m": 840.0,
        "cumulative_cost": 26783421.35,
        "pressure_drop_pa": 277776.67,
        "cumulative_pressure_pa": 37396710.83,
        "land_cover_class": 20,
        "land_cover_name": "Shrubland",
        "crs": "EPSG:32633"
      }
    },
    {
      "type": "Feature",
      "geometry": {
        "type": "LineString",
        "coordinates": [
          [
            399226.78851001424,
            4776860.496993852
          ],
          [
            399226.78851001424,
            4776730.903950757
          ]
        ]
      },
      "properties": {
        "feature_type": "segment",
        "segment_id": 304,
        "step": 304,
        "length_m": 129.59,
        "elevation_start": 99.75,
        "elevation_end": 90.61,
        "slope_percent": 16.81,
        "cost_usd": 103674.43,
        "cost_per_m": 800.0,
        "cumulative_cost": 26887095.78,
        "pressure_drop_pa": 192255.3,
        "cumulative_pressure_pa": 37588966.13,
        "land_cover_class": 30,
        "land_cover_name": "Grassland",
        "crs": "EPSG:32633"
      }
    },
    {
      "type": "Feature",
      "geometry": {
        "type": "LineString",
        "coordinates": [
          [
            399226.78851001424,
            4776730.903950757
          ],
          [
            399226.78851001424,
            4776601.310907664
          ]
        ]
      },
      "properties": {
        "feature_type": "segment",
        "segment_id": 305,
        "step": 305,
        "length_m": 129.59,
        "elevation_start": 90.61,
        "elevation_end": 122.39,
        "slope_percent": 17.59,
        "cost_usd": 129593.04,
        "cost_per_m": 1000.0,
        "cumulative_cost": 27016688.82,
        "pressure_drop_pa": 200296.2,
        "cumulative_pressure_pa": 37789262.33,
        "land_cover_class": 40,
        "land_cover_name": "Cropland",
        "crs": "EPSG:32633"
      }
    },
    {
      "type": "Feature",
      "geometry": {
        "type": "LineString",
        "coordinates": [
          [
            399226.78851001424,
            4776601.310907664
          ],
          [
            399356.3963670491,
            4776471.717864569
          ]
        ]
      },
      "properties": {
        "feature_type": "segment",
        "segment_id": 306,
        "step": 306,
        "length_m": 183.28,
        "elevation_start": 122.39,
        "elevation_end": 134.88,
        "slope_percent": 9.34,
        "cost_usd": 84310.05,
        "cost_per_m": 460.0,
        "cumulative_cost": 27100998.87,
        "pressure_drop_pa": 160640.63,
        "cumulative_pressure_pa": 37949902.96,
        "land_cover_class": 30,
        "land_cover_name": "Grassland",
        "crs": "EPSG:32633"
      }
    },
    {
      "type": "Feature",
      "geometry": {
        "type": "LineString",
        "coordinates": [
          [
            399356.3963670491,
            4776471.717864569
          ],
          [
            399486.00422408397,
            4776342.124821475
          ]
        ]
      },
      "properties": {
        "feature_type": "segment",
        "segment_id": 307,
        "step": 307,
        "length_m": 183.28,
        "elevation_start": 134.88,
        "elevation_end": 93.32,
        "slope_percent": 23.09,
        "cost_usd": 146626.17,
        "cost_per_m": 800.0,
        "cumulative_cost": 27247625.04,
        "pressure_drop_pa": 362422.26,
        "cumulative_pressure_pa": 38312325.22,
        "land_cover_class": 30,
        "land_cover_name": "Grassland",
        "crs": "EPSG:32633"
      }
    },
    {
      "type": "Feature",
      "geometry": {
        "type": "LineString",
        "coordinates": [
          [
            399486.00422408397,
            4776342.124821475
          ],
          [
            399615.6120811188,
            4776212.53177838
          ]
        ]
      },
      "properties": {
        "feature_type": "segment",
        "segment_id": 308,
        "step": 308,
        "length_m": 183.28,
        "elevation_start": 93.32,
        "elevation_end": 54.82,
        "slope_percent": 6.65,
        "cost_usd": 84310.05,
        "cost_per_m": 460.0,
        "cumulative_cost": 27331935.09,
        "pressure_drop_pa": 119982.11,
        "cumulative_pressure_pa": 38432307.33,
        "land_cover_class": 30,
        "land_cover_name": "Grassland",
        "crs": "EPSG:32633"
      }
    },
    {
      "type": "Feature",
      "geometry": {
        "type": "LineString",
        "coordinates": [
          [
            399615.6120811188,
            4776212.53177838
          ],
          [
            399745.2199381537,
            4776212.53177838
          ]
        ]
      },
      "properties": {
        "feature_type": "segment",
        "segment_id": 309,
        "step": 309,
        "length_m": 129.61,
        "elevation_start": 54.82,
        "elevation_end": 60.35,
        "slope_percent": 8.35,
        "cost_usd": 85541.19,
        "cost_per_m": 660.0,
        "cumulative_cost": 27417476.28,
        "pressure_drop_pa": 103007.62,
        "cumulative_pressure_pa": 38535314.95,
        "land_cover_class": 40,
        "land_cover_name": "Cropland",
        "crs": "EPSG:32633"
      }
    },
    {
      "type": "Feature",
      "geometry": {
        "type": "LineString",
        "coordinates": [
          [
            399745.2199381537,
            4776212.53177838
          ],
          [
            399874.8277951885,
            4776082.938735286
          ]
        ]
      },
      "properties": {
        "feature_type": "segment",
        "segment_id": 310,
        "step": 310,
        "length_m": 183.28,
        "elevation_start": 60.35,
        "elevation_end": 87.59,
        "slope_percent": 17.24,
        "cost_usd": 146626.17,
        "cost_per_m": 800.0,
        "cumulative_cost": 27564102.45,
        "pressure_drop_pa": 278123.43,
        "cumulative_pressure_pa": 38813438.38,
        "land_cover_class": 30,
        "land_cover_name": "Grassland",
        "crs": "EPSG:32633"
      }
    },
    {
      "type": "Feature",
      "geometry": {
        "type": "LineString",
        "coordinates": [
          [
            399874.8277951885,
            4776082.938735286
          ],
          [
            399874.8277951885,
            4775953.345692191
          ]
        ]
      },
      "properties": {
        "feature_type": "segment",
        "segment_id": 311,
        "step": 311,
        "length_m": 129.59,
        "elevation_start": 87.59,
        "elevation_end": 111.54,
        "slope_percent": 18.85,
        "cost_usd": 103674.43,
        "cost_per_m": 800.0,
        "cumulative_cost": 27667776.88,
        "pressure_drop_pa": 213260.53,
        "cumulative_pressure_pa": 39026698.91,
        "land_cover_class": 30,
        "land_cover_name": "Grassland",
        "crs": "EPSG:32633"
      }
    },
    {
      "type": "Feature",
      "geometry": {
        "type": "LineString",
        "coordinates": [
          [
            399874.8277951885,
            4775953.345692191
          ],
          [
            400004.43565222336,
            4775823.752649097
          ]
        ]
      },
      "properties": {
        "feature_type": "segment",
        "segment_id": 312,
        "step": 312,
        "length_m": 183.28,
        "elevation_start": 111.54,
        "elevation_end": 133.84,
        "slope_percent": 17.31,
        "cost_usd": 153957.48,
        "cost_per_m": 840.0,
        "cumulative_cost": 27821734.36,
        "pressure_drop_pa": 279133.98,
        "cumulative_pressure_pa": 39305832.89,
        "land_cover_class": 20,
        "land_cover_name": "Shrubland",
        "crs": "EPSG:32633"
      }
    },
    {
      "type": "Feature",
      "geometry": {
        "type": "LineString",
        "coordinates": [
          [
            400004.43565222336,
            4775823.752649097
          ],
          [
            400134.04350925825,
            4775823.752649097
          ]
        ]
      },
      "properties": {
        "feature_type": "segment",
        "segment_id": 313,
        "step": 313,
        "length_m": 129.61,
        "elevation_start": 133.84,
        "elevation_end": 132.94,
        "slope_percent": 19.4,
        "cost_usd": 103686.29,
        "cost_per_m": 800.0,
        "cumulative_cost": 27925420.65,
        "pressure_drop_pa": 218925.15,
        "cumulative_pressure_pa": 39524758.04,
        "land_cover_class": 30,
        "land_cover_name": "Grassland",
        "crs": "EPSG:32633"
      }
    },
    {
      "type": "Feature",
      "geometry": {
        "type": "LineString",
        "coordinates": [
          [
            400134.04350925825,
            4775823.752649097
          ],
          [
            400263.6513662931,
            4775823.752649097
          ]
        ]
      },
      "properties": {
        "feature_type": "segment",
        "segment_id": 314,
        "step": 314,
        "length_m": 129.61,
        "elevation_start": 132.94,
        "elevation_end": 128.44,
        "slope_percent": 22.31,
        "cost_usd": 103686.29,
        "cost_per_m": 800.0,
        "cumulative_cost": 28029106.94,
        "pressure_drop_pa": 248420.45,
        "cumulative_pressure_pa": 39773178.49,
        "land_cover_class": 30,
        "land_cover_name": "Grassland",
        "crs": "EPSG:32633"
      }
    },
    {
      "type": "Feature",
      "geometry": {
        "type": "LineString",
        "coordinates": [
          [
            400263.6513662931,
            4775823.752649097
          ],
          [
            400393.2592233279,
            4775694.159606002
          ]
        ]
      },
      "properties": {
        "feature_type": "segment",
        "segment_id": 315,
        "step": 315,
        "length_m": 183.28,
        "elevation_start": 128.44,
        "elevation_end": 163.49,
        "slope_percent": 12.78,
        "cost_usd": 102638.32,
        "cost_per_m": 560.0,
        "cumulative_cost": 28131745.26,
        "pressure_drop_pa": 212306.59,
        "cumulative_pressure_pa": 39985485.08,
        "land_cover_class": 30,
        "land_cover_name": "Grassland",
        "crs": "EPSG:32633"
      }
    },
    {
      "type": "Feature",
      "geometry": {
        "type": "LineString",
        "coordinates": [
          [
            400393.2592233279,
            4775694.159606002
          ],
          [
            400393.2592233279,
            4775564.566562908
          ]
        ]
      },
      "properties": {
        "feature_type": "segment",
        "segment_id": 316,
        "step": 316,
        "length_m": 129.59,
        "elevation_start": 163.49,
        "elevation_end": 171.4,
        "slope_percent": 12.02,
        "cost_usd": 98490.71,
        "cost_per_m": 760.0,
        "cumulative_cost": 28230235.97,
        "pressure_drop_pa": 142099.53,
        "cumulative_pressure_pa": 40127584.61,
        "land_cover_class": 40,
        "land_cover_name": "Cropland",
        "crs": "EPSG:32633"
      }
    },
    {
      "type": "Feature",
      "geometry": {
        "type": "LineString",
        "coordinates": [
          [
            400393.2592233279,
            4775564.566562908
          ],
          [
            400522.8670803628,
            4775434.973519813
          ]
        ]
      },
      "properties": {
        "feature_type": "segment",
        "segment_id": 317,
        "step": 317,
        "length_m": 183.28,
        "elevation_start": 171.4,
        "elevation_end": 124.66,
        "slope_percent": 7.56,
        "cost_usd": 84310.05,
        "cost_per_m": 460.0,
        "cumulative_cost": 28314546.02,
        "pressure_drop_pa": 133787.46,
        "cumulative_pressure_pa": 40261372.07,
        "land_cover_class": 30,
        "land_cover_name": "Grassland",
        "crs": "EPSG:32633"
      }
    },
    {
      "type": "Feature",
      "geometry": {
        "type": "LineString",
        "coordinates": [
          [
            400522.8670803628,
            4775434.973519813
          ],
          [
            400522.8670803628,
            4775305.38047672
          ]
        ]
      },
      "properties": {
        "feature_type": "segment",
        "segment_id": 318,
        "step": 318,
        "length_m": 129.59,
        "elevation_start": 124.66,
        "elevation_end": 131.64,
        "slope_percent": 16.73,
        "cost_usd": 103674.43,
        "cost_per_m": 800.0,
        "cumulative_cost": 28418220.45,
        "pressure_drop_pa": 191355.53,
        "cumulative_pressure_pa": 40452727.6,
        "land_cover_class": 30,
        "land_cover_name": "Grassland",
        "crs": "EPSG:32633"
      }
    },
    {
      "type": "Feature",
      "geometry": {
        "type": "LineString",
        "coordinates": [
          [
            400522.8670803628,
            4775305.38047672
          ],
          [
            400652.47493739764,
            4775175.787433625
          ]
        ]
      },
      "properties": {
        "feature_type": "segment",
        "segment_id": 319,
        "step": 319,
        "length_m": 183.28,
        "elevation_start": 131.64,
        "elevation_end": 190.17,
        "slope_percent": 15.73,
        "cost_usd": 146626.17,
        "cost_per_m": 800.0,
        "cumulative_cost": 28564846.62,
        "pressure_drop_pa": 255999.3,
        "cumulative_pressure_pa": 40708726.9,
        "land_cover_class": 30,
        "land_cover_name": "Grassland",
        "crs": "EPSG:32633"
      }
    },
    {
      "type": "Feature",
      "geometry": {
        "type": "LineString",
        "coordinates": [
          [
            400652.47493739764,
            4775175.787433625
          ],
          [
            400782.0827944325,
            4775046.194390531
          ]
        ]
      },
      "properties": {
        "feature_type": "segment",
        "segment_id": 320,
        "step": 320,
        "length_m": 183.28,
        "elevation_start": 190.17,
        "elevation_end": 175.47,
        "slope_percent": 28.35,
        "cost_usd": 227270.57,
        "cost_per_m": 1240.0,
        "cumulative_cost": 28792117.19,
        "pressure_drop_pa": 435352.94,
        "cumulative_pressure_pa": 41144079.84,
        "land_cover_class": 20,
        "land_cover_name": "Shrubland",
        "crs": "EPSG:32633"
      }
    },
    {
      "type": "Feature",
      "geometry": {
        "type": "LineString",
        "coordinates": [
          [
            400782.0827944325,
            4775046.194390531
          ],
          [
            400911.69065146736,
            4774916.601347436
          ]
        ]
      },
      "properties": {
        "feature_type": "segment",
        "segment_id": 321,
        "step": 321,
        "length_m": 183.28,
        "elevation_start": 175.47,
        "elevation_end": 103.94,
        "slope_percent": 16.13,
        "cost_usd": 146626.17,
        "cost_per_m": 800.0,
        "cumulative_cost": 28938743.36,
        "pressure_drop_pa": 261833.62,
        "cumulative_pressure_pa": 41405913.46,
        "land_cover_class": 30,
        "land_cover_name": "Grassland",
        "crs": "EPSG:32633"
      }
    },
    {
      "type": "Feature",
      "geometry": {
        "type": "LineString",
        "coordinates": [
          [
            400911.69065146736,
            4774916.601347436
          ],
          [
            400911.69065146736,
            4774787.008304342
          ]
        ]
      },
      "properties": {
        "feature_type": "segment",
        "segment_id": 322,
        "step": 322,
        "length_m": 129.59,
        "elevation_start": 103.94,
        "elevation_end": 109.81,
        "slope_percent": 15.84,
        "cost_usd": 129593.04,
        "cost_per_m": 1000.0,
        "cumulative_cost": 29068336.4,
        "pressure_drop_pa": 182158.9,
        "cumulative_pressure_pa": 41588072.35,
        "land_cover_class": 40,
        "land_cover_name": "Cropland",
        "crs": "EPSG:32633"
      }
    },
    {
      "type": "Feature",
      "geometry": {
        "type": "LineString",
        "coordinates": [
          [
            400911.69065146736,
            4774787.008304342
          ],
          [
            400782.0827944325,
            4774657.415261247
          ]
        ]
      },
      "properties": {
        "feature_type": "segment",
        "segment_id": 323,
        "step": 323,
        "length_m": 183.28,
        "elevation_start": 109.81,
        "elevation_end": 124.55,
        "slope_percent": 24.9,
        "cost_usd": 146626.17,
        "cost_per_m": 800.0,
        "cumulative_cost": 29214962.58,
        "pressure_drop_pa": 387773.59,
        "cumulative_pressure_pa": 41975845.94,
        "land_cover_class": 30,
        "land_cover_name": "Grassland",
        "crs": "EPSG:32633"
      }
    },
    {
      "type": "Feature",
      "geometry": {
        "type": "LineString",
        "coordinates": [
          [
            400782.0827944325,
            4774657.415261247
          ],
          [
            400652.47493739764,
            4774527.822218153
          ]
        ]
      },
      "properties": {
        "feature_type": "segment",
        "segment_id": 324,
        "step": 324,
        "length_m": 183.28,
        "elevation_start": 124.55,
        "elevation_end": 141.72,
        "slope_percent": 26.64,
        "cost_usd": 219939.26,
        "cost_per_m": 1200.0,
        "cumulative_cost": 29434901.83,
        "pressure_drop_pa": 411882.75,
        "cumulative_pressure_pa": 42387728.69,
        "land_cover_class": 30,
        "land_cover_name": "Grassland",
        "crs": "EPSG:32633"
      }
    },
    {
      "type": "Feature",
      "geometry": {
        "type": "LineString",
        "coordinates": [
          [
            400652.47493739764,
            4774527.822218153
          ],
          [
            400652.47493739764,
            4774398.229175058
          ]
        ]
      },
      "properties": {
        "feature_type": "segment",
        "segment_id": 325,
        "step": 325,
        "length_m": 129.59,
        "elevation_start": 141.72,
        "elevation_end": 176.31,
        "slope_percent": 26.59,
        "cost_usd": 155511.65,
        "cost_per_m": 1200.0,
        "cumulative_cost": 29590413.48,
        "pressure_drop_pa": 290783.56,
        "cumulative_pressure_pa": 42678512.25,
        "land_cover_class": 30,
        "land_cover_name": "Grassland",
        "crs": "EPSG:32633"
      }
    },
    {
      "type": "Feature",
      "geometry": {
        "type": "LineString",
        "coordinates": [
          [
            400652.47493739764,
            4774398.229175058
          ],
          [
            400782.0827944325,
            4774268.636131964
          ]
        ]
      },
      "properties": {
        "feature_type": "segment",
        "segment_id": 326,
        "step": 326,
        "length_m": 183.28,
        "elevation_start": 176.31,
        "elevation_end": 206.49,
        "slope_percent": 4.56,
        "cost_usd": 73313.09,
        "cost_per_m": 400.0,
        "cumulative_cost": 29663726.57,
        "pressure_drop_pa": 88072.67,
        "cumulative_pressure_pa": 42766584.92,
        "land_cover_class": 30,
        "land_cover_name": "Grassland",
        "crs": "EPSG:32633"
      }
    },
    {
      "type": "Feature",
      "geometry": {
        "type": "LineString",
        "coordinates": [
          [
            400782.0827944325,
            4774268.636131964
          ],
          [
            400911.69065146736,
            4774139.043088869
          ]
        ]
      },
      "properties": {
        "feature_type": "segment",
        "segment_id": 327,
        "step": 327,
        "length_m": 183.28,
        "elevation_start": 206.49,
        "elevation_end": 170.75,
        "slope_percent": 22.36,
        "cost_usd": 146626.17,
        "cost_per_m": 800.0,
        "cumulative_cost": 29810352.74,
        "pressure_drop_pa": 352065.15,
        "cumulative_pressure_pa": 43118650.07,
        "land_cover_class": 30,
        "land_cover_name": "Grassland",
        "crs": "EPSG:32633"
      }
    },
    {
      "type": "Feature",
      "geometry": {
        "type": "LineString",
        "coordinates": [
          [
            400911.69065146736,
            4774139.043088869
          ],
          [
            400911.69065146736,
            4774009.450045776
          ]
        ]
      },
      "properties": {
        "feature_type": "segment",
        "segment_id": 328,
        "step": 328,
        "length_m": 129.59,
        "elevation_start": 170.75,
        "elevation_end": 146.99,
        "slope_percent": 20.05,
        "cost_usd": 103674.43,
        "cost_per_m": 800.0,
        "cumulative_cost": 29914027.18,
        "pressure_drop_pa": 225577.13,
        "cumulative_pressure_pa": 43344227.2,
        "land_cover_class": 30,
        "land_cover_name": "Grassland",
        "crs": "EPSG:32633"
      }
    },
    {
      "type": "Feature",
      "geometry": {
        "type": "LineString",
        "coordinates": [
          [
            400911.69065146736,
            4774009.450045776
          ],
          [
            400911.69065146736,
            4773879.857002681
          ]
        ]
      },
      "properties": {
        "feature_type": "segment",
        "segment_id": 329,
        "step": 329,
        "length_m": 129.59,
        "elevation_start": 146.99,
        "elevation_end": 130.47,
        "slope_percent": 12.49,
        "cost_usd": 72572.1,
        "cost_per_m": 560.0,
        "cumulative_cost": 29986599.28,
        "pressure_drop_pa": 146986.28,
        "cumulative_pressure_pa": 43491213.47,
        "land_cover_class": 30,
        "land_cover_name": "Grassland",
        "crs": "EPSG:32633"
      }
    },
    {
      "type": "Feature",
      "geometry": {
        "type": "LineString",
        "coordinates": [
          [
            400911.69065146736,
            4773879.857002681
          ],
          [
            400911.69065146736,
            4773750.263959587
          ]
        ]
      },
      "properties": {
        "feature_type": "segment",
        "segment_id": 330,
        "step": 330,
        "length_m": 129.59,
        "elevation_start": 130.47,
        "elevation_end": 117.9,
        "slope_percent": 7.2,
        "cost_usd": 64796.52,
        "cost_per_m": 500.0,
        "cumulative_cost": 30051395.8,
        "pressure_drop_pa": 90747.84,
        "cumulative_pressure_pa": 43581961.31,
        "land_cover_class": 20,
        "land_cover_name": "Shrubland",
        "crs": "EPSG:32633"
      }
    },
    {
      "type": "Feature",
      "geometry": {
        "type": "LineString",
        "coordinates": [
          [
            400911.69065146736,
            4773750.263959587
          ],
          [
            401041.2985085022,
            4773620.670916492
          ]
        ]
      },
      "properties": {
        "feature_type": "segment",
        "segment_id": 331,
        "step": 331,
        "length_m": 183.28,
        "elevation_start": 117.9,
        "elevation_end": 170.56,
        "slope_percent": 16.08,
        "cost_usd": 146626.17,
        "cost_per_m": 800.0,
        "cumulative_cost": 30198021.97,
        "pressure_drop_pa": 261097.7,
        "cumulative_pressure_pa": 43843059.01,
        "land_cover_class": 30,
        "land_cover_name": "Grassland",
        "crs": "EPSG:32633"
      }
    },
    {
      "type": "Feature",
      "geometry": {
        "type": "LineString",
        "coordinates": [
          [
            401041.2985085022,
            4773620.670916492
          ],
          [
            400911.69065146736,
            4773491.077873398
          ]
        ]
      },
      "properties": {
        "feature_type": "segment",
        "segment_id": 332,
        "step": 332,
        "length_m": 183.28,
        "elevation_start": 170.56,
        "elevation_end": 190.69,
        "slope_percent": 9.44,
        "cost_usd": 84310.05,
        "cost_per_m": 460.0,
        "cumulative_cost": 30282332.02,
        "pressure_drop_pa": 162208.18,
        "cumulative_pressure_pa": 44005267.2,
        "land_cover_class": 30,
        "land_cover_name": "Grassland",
        "crs": "EPSG:32633"
      }
    },
    {
      "type": "Feature",
      "geometry": {
        "type": "LineString",
        "coordinates": [
          [
            400911.69065146736,
            4773491.077873398
          ],
          [
            400911.69065146736,
            4773361.484830303
          ]
        ]
      },
      "properties": {
        "feature_type": "segment",
        "segment_id": 333,
        "step": 333,
        "length_m": 129.59,
        "elevation_start": 190.69,
        "elevation_end": 177.01,
        "slope_percent": 14.89,
        "cost_usd": 77755.83,
        "cost_per_m": 600.0,
        "cumulative_cost": 30360087.85,
        "pressure_drop_pa": 172291.36,
        "cumulative_pressure_pa": 44177558.56,
        "land_cover_class": 20,
        "land_cover_name": "Shrubland",
        "crs": "EPSG:32633"
      }
    },
    {
      "type": "Feature",
      "geometry": {
        "type": "LineString",
        "coordinates": [
          [
            400911.69065146736,
            4773361.484830303
          ],
          [
            400782.0827944325,
            4773231.891787209
          ]
        ]
      },
      "properties": {
        "feature_type": "segment",
        "segment_id": 334,
        "step": 334,
        "length_m": 183.28,
        "elevation_start": 177.01,
        "elevation_end": 167.61,
        "slope_percent": 15.74,
        "cost_usd": 146626.17,
        "cost_per_m": 800.0,
        "cumulative_cost": 30506714.02,
        "pressure_drop_pa": 256189.39,
        "cumulative_pressure_pa": 44433747.95,
        "land_cover_class": 30,
        "land_cover_name": "Grassland",
        "crs": "EPSG:32633"
      }
    },
    {
      "type": "Feature",
      "geometry": {
        "type": "LineString",
        "coordinates": [
          [
            400782.0827944325,
            4773231.891787209
          ],
          [
            400652.47493739764,
            4773102.298744114
          ]
        ]
      },
      "properties": {
        "feature_type": "segment",
        "segment_id": 335,
        "step": 335,
        "length_m": 183.28,
        "elevation_start": 167.61,
        "elevation_end": 174.73,
        "slope_percent": 15.65,
        "cost_usd": 146626.17,
        "cost_per_m": 800.0,
        "cumulative_cost": 30653340.19,
        "pressure_drop_pa": 254883.74,
        "cumulative_pressure_pa": 44688631.69,
        "land_cover_class": 30,
        "land_cover_name": "Grassland",
        "crs": "EPSG:32633"
      }
    },
    {
      "type": "Feature",
      "geometry": {
        "type": "LineString",
        "coordinates": [
          [
            400652.47493739764,
            4773102.298744114
          ],
          [
            400522.8670803628,
            4772972.70570102
          ]
        ]
      },
      "properties": {
        "feature_type": "segment",
        "segment_id": 336,
        "step": 336,
        "length_m": 183.28,
        "elevation_start": 174.73,
        "elevation_end": 181.39,
        "slope_percent": 13.8,
        "cost_usd": 109969.63,
        "cost_per_m": 600.0,
        "cumulative_cost": 30763309.82,
        "pressure_drop_pa": 227401.1,
        "cumulative_pressure_pa": 44916032.79,
        "land_cover_class": 20,
        "land_cover_name": "Shrubland",
        "crs": "EPSG:32633"
      }
    },
    {
      "type": "Feature",
      "geometry": {
        "type": "LineString",
        "coordinates": [
          [
            400522.8670803628,
            4772972.70570102
          ],
          [
            400393.2592233279,
            4772972.70570102
          ]
        ]
      },
      "properties": {
        "feature_type": "segment",
        "segment_id": 337,
        "step": 337,
        "length_m": 129.61,
        "elevation_start": 181.39,
        "elevation_end": 209.64,
        "slope_percent": 22.08,
        "cost_usd": 108870.6,
        "cost_per_m": 840.0,
        "cumulative_cost": 30872180.42,
        "pressure_drop_pa": 246156.95,
        "cumulative_pressure_pa": 45162189.74,
        "land_cover_class": 20,
        "land_cover_name": "Shrubland",
        "crs": "EPSG:32633"
      }
    },
    {
      "type": "Feature",
      "geometry": {
        "type": "LineString",
        "coordinates": [
          [
            400393.2592233279,
            4772972.70570102
          ],
          [
            400263.6513662931,
            4772843.112657925
          ]
        ]
      },
      "properties": {
        "feature_type": "segment",
        "segment_id": 338,
        "step": 338,
        "length_m": 183.28,
        "elevation_start": 209.64,
        "elevation_end": 198.57,
        "slope_percent": 17.76,
        "cost_usd": 146626.17,
        "cost_per_m": 800.0,
        "cumulative_cost": 31018806.59,
        "pressure_drop_pa": 285696.34,
        "cumulative_pressure_pa": 45447886.08,
        "land_cover_class": 30,
        "land_cover_name": "Grassland",
        "crs": "EPSG:32633"
      }
    },
    {
      "type": "Feature",
      "geometry": {
        "type": "LineString",
        "coordinates": [
          [
            400263.6513662931,
            4772843.112657925
          ],
          [
            400263.6513662931,
            4772713.519614832
          ]
        ]
      },
      "properties": {
        "feature_type": "segment",
        "segment_id": 339,
        "step": 339,
        "length_m": 129.59,
        "elevation_start": 198.57,
        "elevation_end": 206.75,
        "slope_percent": 10.2,
        "cost_usd": 72572.1,
        "cost_per_m": 560.0,
        "cumulative_cost": 31091378.7,
        "pressure_drop_pa": 122781.5,
        "cumulative_pressure_pa": 45570667.58,
        "land_cover_class": 30,
        "land_cover_name": "Grassland",
        "crs": "EPSG:32633"
      }
    },
    {
      "type": "Feature",
      "geometry": {
        "type": "LineString",
        "coordinates": [
          [
            400263.6513662931,
            4772713.519614832
          ],
          [
            400263.6513662931,
            4772583.926571737
          ]
        ]
      },
      "properties": {
        "feature_type": "segment",
        "segment_id": 340,
        "step": 340,
        "length_m": 129.59,
        "elevation_start": 206.75,
        "elevation_end": 202.66,
        "slope_percent": 14.26,
        "cost_usd": 72572.1,
        "cost_per_m": 560.0,
        "cumulative_cost": 31163950.8,
        "pressure_drop_pa": 165663.85,
        "cumulative_pressure_pa": 45736331.43,
        "land_cover_class": 30,
        "land_cover_name": "Grassland",
        "crs": "EPSG:32633"
      }
    },
    {
      "type": "Feature",
      "geometry": {
        "type": "LineString",
        "coordinates": [
          [
            400263.6513662931,
            4772583.926571737
          ],
          [
            400393.2592233279,
            4772454.333528643
          ]
        ]
      },
      "properties": {
        "feature_type": "segment",
        "segment_id": 341,
        "step": 341,
        "length_m": 183.28,
        "elevation_start": 202.66,
        "elevation_end": 250.74,
        "slope_percent": 14.62,
        "cost_usd": 109969.63,
        "cost_per_m": 600.0,
        "cumulative_cost": 31273920.43,
        "pressure_drop_pa": 239644.24,
        "cumulative_pressure_pa": 45975975.67,
        "land_cover_class": 20,
        "land_cover_name": "Shrubland",
        "crs": "EPSG:32633"
      }
    },
    {
      "type": "Feature",
      "geometry": {
        "type": "LineString",
        "coordinates": [
          [
            400393.2592233279,
            4772454.333528643
          ],
          [
            400522.8670803628,
            4772324.740485548
          ]
        ]
      },
      "properties": {
        "feature_type": "segment",
        "segment_id": 342,
        "step": 342,
        "length_m": 183.28,
        "elevation_start": 250.74,
        "elevation_end": 263.66,
        "slope_percent": 8.76,
        "cost_usd": 84310.05,
        "cost_per_m": 460.0,
        "cumulative_cost": 31358230.48,
        "pressure_drop_pa": 151927.58,
        "cumulative_pressure_pa": 46127903.25,
        "land_cover_class": 30,
        "land_cover_name": "Grassland",
        "crs": "EPSG:32633"
      }
    },
    {
      "type": "Feature",
      "geometry": {
        "type": "LineString",
        "coordinates": [
          [
            400522.8670803628,
            4772324.740485548
          ],
          [
            400652.47493739764,
            4772195.147442454
          ]
        ]
      },
      "properties": {
        "feature_type": "segment",
        "segment_id": 343,
        "step": 343,
        "length_m": 183.28,
        "elevation_start": 263.66,
        "elevation_end": 255.26,
        "slope_percent": 19.74,
        "cost_usd": 153957.48,
        "cost_per_m": 840.0,
        "cumulative_cost": 31512187.96,
        "pressure_drop_pa": 314537.58,
        "cumulative_pressure_pa": 46442440.82,
        "land_cover_class": 20,
        "land_cover_name": "Shrubland",
        "crs": "EPSG:32633"
      }
    },
    {
      "type": "Feature",
      "geometry": {
        "type": "LineString",
        "coordinates": [
          [
            400652.47493739764,
            4772195.147442454
          ],
          [
            400782.0827944325,
            4772065.554399359
          ]
        ]
      },
      "properties": {
        "feature_type": "segment",
        "segment_id": 344,
        "step": 344,
        "length_m": 183.28,
        "elevation_start": 255.26,
        "elevation_end": 207.25,
        "slope_percent": 25.28,
        "cost_usd": 219939.26,
        "cost_per_m": 1200.0,
        "cumulative_cost": 31732127.21,
        "pressure_drop_pa": 393036.85,
        "cumulative_pressure_pa": 46835477.68,
        "land_cover_class": 30,
        "land_cover_name": "Grassland",
        "crs": "EPSG:32633"
      }
    },
    {
      "type": "Feature",
      "geometry": {
        "type": "LineString",
        "coordinates": [
          [
            400782.0827944325,
            4772065.554399359
          ],
          [
            400782.0827944325,
            4771935.961356265
          ]
        ]
      },
      "properties": {
        "feature_type": "segment",
        "segment_id": 345,
        "step": 345,
        "length_m": 129.59,
        "elevation_start": 207.25,
        "elevation_end": 173.99,
        "slope_percent": 23.84,
        "cost_usd": 103674.43,
        "cost_per_m": 800.0,
        "cumulative_cost": 31835801.65,
        "pressure_drop_pa": 263648.74,
        "cumulative_pressure_pa": 47099126.42,
        "land_cover_class": 30,
        "land_cover_name": "Grassland",
        "crs": "EPSG:32633"
      }
    },
    {
      "type": "Feature",
      "geometry": {
        "type": "LineString",
        "coordinates": [
          [
            400782.0827944325,
            4771935.961356265
          ],
          [
            400782.0827944325,
            4771806.36831317
          ]
        ]
      },
      "properties": {
        "feature_type": "segment",
        "segment_id": 346,
        "step": 346,
        "length_m": 129.59,
        "elevation_start": 173.99,
        "elevation_end": 147.06,
        "slope_percent": 19.69,
        "cost_usd": 103674.43,
        "cost_per_m": 800.0,
        "cumulative_cost": 31939476.08,
        "pressure_drop_pa": 221831.84,
        "cumulative_pressure_pa": 47320958.26,
        "land_cover_class": 30,
        "land_cover_name": "Grassland",
        "crs": "EPSG:32633"
      }
    },
    {
      "type": "Feature",
      "geometry": {
        "type": "LineString",
        "coordinates": [
          [
            400782.0827944325,
            4771806.36831317
          ],
          [
            400782.0827944325,
            4771676.775270076
          ]
        ]
      },
      "properties": {
        "feature_type": "segment",
        "segment_id": 347,
        "step": 347,
        "length_m": 129.59,
        "elevation_start": 147.06,
        "elevation_end": 129.33,
        "slope_percent": 15.87,
        "cost_usd": 108858.16,
        "cost_per_m": 840.0,
        "cumulative_cost": 32048334.24,
        "pressure_drop_pa": 182429.48,
        "cumulative_pressure_pa": 47503387.74,
        "land_cover_class": 20,
        "land_cover_name": "Shrubland",
        "crs": "EPSG:32633"
      }
    },
    {
      "type": "Feature",
      "geometry": {
        "type": "LineString",
        "coordinates": [
          [
            400782.0827944325,
            4771676.775270076
          ],
          [
            400782.0827944325,
            4771547.182226982
          ]
        ]
      },
      "properties": {
        "feature_type": "segment",
        "segment_id": 348,
        "step": 348,
        "length_m": 129.59,
        "elevation_start": 129.33,
        "elevation_end": 106.3,
        "slope_percent": 12.71,
        "cost_usd": 72572.1,
        "cost_per_m": 560.0,
        "cumulative_cost": 32120906.34,
        "pressure_drop_pa": 149382.92,
        "cumulative_pressure_pa": 47652770.66,
        "land_cover_class": 30,
        "land_cover_name": "Grassland",
        "crs": "EPSG:32633"
      }
    },
    {
      "type": "Feature",
      "geometry": {
        "type": "LineString",
        "coordinates": [
          [
            400782.0827944325,
            4771547.182226982
          ],
          [
            400782.0827944325,
            4771417.5891838875
          ]
        ]
      },
      "properties": {
        "feature_type": "segment",
        "segment_id": 349,
        "step": 349,
        "length_m": 129.59,
        "elevation_start": 106.3,
        "elevation_end": 88.62,
        "slope_percent": 10.14,
        "cost_usd": 72572.1,
        "cost_per_m": 560.0,
        "cumulative_cost": 32193478.45,
        "pressure_drop_pa": 122125.52,
        "cumulative_pressure_pa": 47774896.18,
        "land_cover_class": 30,
        "land_cover_name": "Grassland",
        "crs": "EPSG:32633"
      }
    },
    {
      "type": "Feature",
      "geometry": {
        "type": "LineString",
        "coordinates": [
          [
            400782.0827944325,
            4771417.5891838875
          ],
          [
            400782.0827944325,
            4771287.996140793
          ]
        ]
      },
      "properties": {
        "feature_type": "segment",
        "segment_id": 350,
        "step": 350,
        "length_m": 129.59,
        "elevation_start": 88.62,
        "elevation_end": 80.66,
        "slope_percent": 8.44,
        "cost_usd": 59612.8,
        "cost_per_m": 460.0,
        "cumulative_cost": 32253091.25,
        "pressure_drop_pa": 103939.43,
        "cumulative_pressure_pa": 47878835.62,
        "land_cover_class": 30,
        "land_cover_name": "Grassland",
        "crs": "EPSG:32633"
      }
    },
    {
      "type": "Feature",
      "geometry": {
        "type": "LineString",
        "coordinates": [
          [
            400782.0827944325,
            4771287.996140793
          ],
          [
            400911.69065146736,
            4771158.403097698
          ]
        ]
      },
      "properties": {
        "feature_type": "segment",
        "segment_id": 351,
        "step": 351,
        "length_m": 183.28,
        "elevation_start": 80.66,
        "elevation_end": 70.54,
        "slope_percent": 6.62,
        "cost_usd": 91641.36,
        "cost_per_m": 500.0,
        "cumulative_cost": 32344732.6,
        "pressure_drop_pa": 119443.42,
        "cumulative_pressure_pa": 47998279.04,
        "land_cover_class": 20,
        "land_cover_name": "Shrubland",
        "crs": "EPSG:32633"
      }
    },
    {
      "type": "Feature",
      "geometry": {
        "type": "LineString",
        "coordinates": [
          [
            400911.69065146736,
            4771158.403097698
          ],
          [
            400911.69065146736,
            4771028.810054604
          ]
        ]
      },
      "properties": {
        "feature_type": "segment",
        "segment_id": 352,
        "step": 352,
        "length_m": 129.59,
        "elevation_start": 70.54,
        "elevation_end": 61.3,
        "slope_percent": 9.47,
        "cost_usd": 85531.41,
        "cost_per_m": 660.0,
        "cumulative_cost": 32430264.01,
        "pressure_drop_pa": 114933.38,
        "cumulative_pressure_pa": 48113212.42,
        "land_cover_class": 40,
        "land_cover_name": "Cropland",
        "crs": "EPSG:32633"
      }
    },
    {
      "type": "Feature",
      "geometry": {
        "type": "LineString",
        "coordinates": [
          [
            400911.69065146736,
            4771028.810054604
          ],
          [
            401041.2985085022,
            4770899.217011509
          ]
        ]
      },
      "properties": {
        "feature_type": "segment",
        "segment_id": 353,
        "step": 353,
        "length_m": 183.28,
        "elevation_start": 61.3,
        "elevation_end": 47.38,
        "slope_percent": 4.96,
        "cost_usd": 73313.09,
        "cost_per_m": 400.0,
        "cumulative_cost": 32503577.1,
        "pressure_drop_pa": 94180.47,
        "cumulative_pressure_pa": 48207392.89,
        "land_cover_class": 30,
        "land_cover_name": "Grassland",
        "crs": "EPSG:32633"
      }
    },
    {
      "type": "Feature",
      "geometry": {
        "type": "LineString",
        "coordinates": [
          [
            401041.2985085022,
            4770899.217011509
          ],
          [
            401041.2985085022,
            4770769.623968415
          ]
        ]
      },
      "properties": {
        "feature_type": "segment",
        "segment_id": 354,
        "step": 354,
        "length_m": 129.59,
        "elevation_start": 47.38,
        "elevation_end": 45.39,
        "slope_percent": 1.54,
        "cost_usd": 57020.94,
        "cost_per_m": 440.0,
        "cumulative_cost": 32560598.04,
        "pressure_drop_pa": 29782.61,
        "cumulative_pressure_pa": 48237175.5,
        "land_cover_class": 20,
        "land_cover_name": "Shrubland",
        "crs": "EPSG:32633"
      }
    },
    {
      "type": "Feature",
      "geometry": {
        "type": "LineString",
        "coordinates": [
          [
            401041.2985085022,
            4770769.623968415
          ],
          [
            401041.2985085022,
            4770640.03092532
          ]
        ]
      },
      "properties": {
        "feature_type": "segment",
        "segment_id": 355,
        "step": 355,
        "length_m": 129.59,
        "elevation_start": 45.39,
        "elevation_end": 45.45,
        "slope_percent": 0.98,
        "cost_usd": 51837.22,
        "cost_per_m": 400.0,
        "cumulative_cost": 32612435.26,
        "pressure_drop_pa": 23629.93,
        "cumulative_pressure_pa": 48260805.42,
        "land_cover_class": 30,
        "land_cover_name": "Grassland",
        "crs": "EPSG:32633"
      }
    },
    {
      "type": "Feature",
      "geometry": {
        "type": "LineString",
        "coordinates": [
          [
            401041.2985085022,
            4770640.03092532
          ],
          [
            401041.2985085022,
            4770510.437882226
          ]
        ]
      },
      "properties": {
        "feature_type": "segment",
        "segment_id": 356,
        "step": 356,
        "length_m": 129.59,
        "elevation_start": 45.45,
        "elevation_end": 45.97,
        "slope_percent": 0.78,
        "cost_usd": 51837.22,
        "cost_per_m": 400.0,
        "cumulative_cost": 32664272.47,
        "pressure_drop_pa": 21548.63,
        "cumulative_pressure_pa": 48282354.05,
        "land_cover_class": 30,
        "land_cover_name": "Grassland",
        "crs": "EPSG:32633"
      }
    },
    {
      "type": "Feature",
      "geometry": {
        "type": "LineString",
        "coordinates": [
          [
            401041.2985085022,
            4770510.437882226
          ],
          [
            401170.9063655371,
            4770380.844839131
          ]
        ]
      },
      "properties": {
        "feature_type": "segment",
        "segment_id": 357,
        "step": 357,
        "length_m": 183.28,
        "elevation_start": 45.97,
        "elevation_end": 45.41,
        "slope_percent": 1.14,
        "cost_usd": 73313.09,
        "cost_per_m": 400.0,
        "cumulative_cost": 32737585.56,
        "pressure_drop_pa": 35914.13,
        "cumulative_pressure_pa": 48318268.18,
        "land_cover_class": 60,
        "land_cover_name": "Bare/sparse vegetation",
        "crs": "EPSG:32633"
      }
    },
    {
      "type": "Feature",
      "geometry": {
        "type": "LineString",
        "coordinates": [
          [
            401170.9063655371,
            4770380.844839131
          ],
          [
            401300.5142225719,
            4770251.251796038
          ]
        ]
      },
      "properties": {
        "feature_type": "segment",
        "segment_id": 358,
        "step": 358,
        "length_m": 183.28,
        "elevation_start": 45.41,
        "elevation_end": 48.13,
        "slope_percent": 1.74,
        "cost_usd": 73313.09,
        "cost_per_m": 400.0,
        "cumulative_cost": 32810898.64,
        "pressure_drop_pa": 45080.36,
        "cumulative_pressure_pa": 48363348.54,
        "land_cover_class": 30,
        "land_cover_name": "Grassland",
        "crs": "EPSG:32633"
      }
    },
    {
      "type": "Feature",
      "geometry": {
        "type": "LineString",
        "coordinates": [
          [
            401300.5142225719,
            4770251.251796038
          ],
          [
            401430.12207960675,
            4770121.658752943
          ]
        ]
      },
      "properties": {
        "feature_type": "segment",
        "segment_id": 359,
        "step": 359,
        "length_m": 183.28,
        "elevation_start": 48.13,
        "elevation_end": 49.37,
        "slope_percent": 2.63,
        "cost_usd": 73313.09,
        "cost_per_m": 400.0,
        "cumulative_cost": 32884211.73,
        "pressure_drop_pa": 58694.3,
        "cumulative_pressure_pa": 48422042.85,
        "land_cover_class": 30,
        "land_cover_name": "Grassland",
        "crs": "EPSG:32633"
      }
    },
    {
      "type": "Feature",
      "geometry": {
        "type": "LineString",
        "coordinates": [
          [
            401430.12207960675,
            4770121.658752943
          ],
          [
            401430.12207960675,
            4769992.065709849
          ]
        ]
      },
      "properties": {
        "feature_type": "segment",
        "segment_id": 360,
        "step": 360,
        "length_m": 129.59,
        "elevation_start": 49.37,
        "elevation_end": 54.53,
        "slope_percent": 4.51,
        "cost_usd": 51837.22,
        "cost_per_m": 400.0,
        "cumulative_cost": 32936048.95,
        "pressure_drop_pa": 61768.84,
        "cumulative_pressure_pa": 48483811.69,
        "land_cover_class": 30,
        "land_cover_name": "Grassland",
        "crs": "EPSG:32633"
      }
    },
    {
      "type": "Feature",
      "geometry": {
        "type": "LineString",
        "coordinates": [
          [
            401430.12207960675,
            4769992.065709849
          ],
          [
            401430.12207960675,
            4769862.472666754
          ]
        ]
      },
      "properties": {
        "feature_type": "segment",
        "segment_id": 361,
        "step": 361,
        "length_m": 129.59,
        "elevation_start": 54.53,
        "elevation_end": 61.21,
        "slope_percent": 10.89,
        "cost_usd": 72572.1,
        "cost_per_m": 560.0,
        "cumulative_cost": 33008621.05,
        "pressure_drop_pa": 130090.99,
        "cumulative_pressure_pa": 48613902.68,
        "land_cover_class": 30,
        "land_cover_name": "Grassland",
        "crs": "EPSG:32633"
      }
    },
    {
      "type": "Feature",
      "geometry": {
        "type": "LineString",
        "coordinates": [
          [
            401430.12207960675,
            4769862.472666754
          ],
          [
            401559.72993664164,
            4769732.87962366
          ]
        ]
      },
      "properties": {
        "feature_type": "segment",
        "segment_id": 362,
        "step": 362,
        "length_m": 183.28,
        "elevation_start": 61.21,
        "elevation_end": 90.02,
        "slope_percent": 20.76,
        "cost_usd": 146626.17,
        "cost_per_m": 800.0,
        "cumulative_cost": 33155247.22,
        "pressure_drop_pa": 329121.88,
        "cumulative_pressure_pa": 48943024.55,
        "land_cover_class": 30,
        "land_cover_name": "Grassland",
        "crs": "EPSG:32633"
      }
    },
    {
      "type": "Feature",
      "geometry": {
        "type": "LineString",
        "coordinates": [
          [
            401559.72993664164,
            4769732.87962366
          ],
          [
            401689.3377936765,
            4769732.87962366
          ]
        ]
      },
      "properties": {
        "feature_type": "segment",
        "segment_id": 363,
        "step": 363,
        "length_m": 129.61,
        "elevation_start": 90.02,
        "elevation_end": 103.8,
        "slope_percent": 22.45,
        "cost_usd": 108870.6,
        "cost_per_m": 840.0,
        "cumulative_cost": 33264117.82,
        "pressure_drop_pa": 249793.02,
        "cumulative_pressure_pa": 49192817.57,
        "land_cover_class": 20,
        "land_cover_name": "Shrubland",
        "crs": "EPSG:32633"
      }
    },
    {
      "type": "Feature",
      "geometry": {
        "type": "LineString",
        "coordinates": [
          [
            401689.3377936765,
            4769732.87962366
          ],
          [
            401818.94565071136,
            4769732.87962366
          ]
        ]
      },
      "properties": {
        "feature_type": "segment",
        "segment_id": 364,
        "step": 364,
        "length_m": 129.61,
        "elevation_start": 103.8,
        "elevation_end": 124.36,
        "slope_percent": 26.75,
        "cost_usd": 160713.74,
        "cost_per_m": 1240.0,
        "cumulative_cost": 33424831.57,
        "pressure_drop_pa": 292360.45,
        "cumulative_pressure_pa": 49485178.02,
        "land_cover_class": 20,
        "land_cover_name": "Shrubland",
        "crs": "EPSG:32633"
      }
    },
    {
      "type": "Feature",
      "geometry": {
        "type": "LineString",
        "coordinates": [
          [
            401818.94565071136,
            4769732.87962366
          ],
          [
            401948.5535077462,
            4769603.286580565
          ]
        ]
      },
      "properties": {
        "feature_type": "segment",
        "segment_id": 365,
        "step": 365,
        "length_m": 183.28,
        "elevation_start": 124.36,
        "elevation_end": 182.35,
        "slope_percent": 24.35,
        "cost_usd": 146626.17,
        "cost_per_m": 800.0,
        "cumulative_cost": 33571457.74,
        "pressure_drop_pa": 380097.0,
        "cumulative_pressure_pa": 49865275.02,
        "land_cover_class": 30,
        "land_cover_name": "Grassland",
        "crs": "EPSG:32633"
      }
    },
    {
      "type": "Feature",
      "geometry": {
        "type": "LineString",
        "coordinates": [
          [
            401948.5535077462,
            4769603.286580565
          ],
          [
            401818.94565071136,
            4769473.693537471
          ]
        ]
      },
      "properties": {
        "feature_type": "segment",
        "segment_id": 366,
        "step": 366,
        "length_m": 183.28,
        "elevation_start": 182.35,
        "elevation_end": 155.9,
        "slope_percent": 27.66,
        "cost_usd": 227270.57,
        "cost_per_m": 1240.0,
        "cumulative_cost": 33798728.3,
        "pressure_drop_pa": 425944.04,
        "cumulative_pressure_pa": 50291219.06,
        "land_cover_class": 20,
        "land_cover_name": "Shrubland",
        "crs": "EPSG:32633"
      }
    },
    {
      "type": "Feature",
      "geometry": {
        "type": "LineString",
        "coordinates": [
          [
            401818.94565071136,
            4769473.693537471
          ],
          [
            401818.94565071136,
            4769344.100494376
          ]
        ]
      },
      "properties": {
        "feature_type": "segment",
        "segment_id": 367,
        "step": 367,
        "length_m": 129.59,
        "elevation_start": 155.9,
        "elevation_end": 196.65,
        "slope_percent": 28.01,
        "cost_usd": 155511.65,
        "cost_per_m": 1200.0,
        "cumulative_cost": 33954239.95,
        "pressure_drop_pa": 304581.93,
        "cumulative_pressure_pa": 50595800.99,
        "land_cover_class": 30,
        "land_cover_name": "Grassland",
        "crs": "EPSG:32633"
      }
    },
    {
      "type": "Feature",
      "geometry": {
        "type": "LineString",
        "coordinates": [
          [
            401818.94565071136,
            4769344.100494376
          ],
          [
            401948.5535077462,
            4769214.507451282
          ]
        ]
      },
      "properties": {
        "feature_type": "segment",
        "segment_id": 368,
        "step": 368,
        "length_m": 183.28,
        "elevation_start": 196.65,
        "elevation_end": 237.9,
        "slope_percent": 8.61,
        "cost_usd": 91641.36,
        "cost_per_m": 500.0,
        "cumulative_cost": 34045881.31,
        "pressure_drop_pa": 149557.42,
        "cumulative_pressure_pa": 50745358.4,
        "land_cover_class": 20,
        "land_cover_name": "Shrubland",
        "crs": "EPSG:32633"
      }
    },
    {
      "type": "Feature",
      "geometry": {
        "type": "LineString",
        "coordinates": [
          [
            401948.5535077462,
            4769214.507451282
          ],
          [
            402078.16136478103,
            4769084.914408187
          ]
        ]
      },
      "properties": {
        "feature_type": "segment",
        "segment_id": 369,
        "step": 369,
        "length_m": 183.28,
        "elevation_start": 237.9,
        "elevation_end": 244.67,
        "slope_percent": 8.69,
        "cost_usd": 84310.05,
        "cost_per_m": 460.0,
        "cumulative_cost": 34130191.36,
        "pressure_drop_pa": 150845.18,
        "cumulative_pressure_pa": 50896203.58,
        "land_cover_class": 30,
        "land_cover_name": "Grassland",
        "crs": "EPSG:32633"
      }
    },
    {
      "type": "Feature",
      "geometry": {
        "type": "LineString",
        "coordinates": [
          [
            402078.16136478103,
            4769084.914408187
          ],
          [
            402207.7692218159,
            4769084.914408187
          ]
        ]
      },
      "properties": {
        "feature_type": "segment",
        "segment_id": 370,
        "step": 370,
        "length_m": 129.61,
        "elevation_start": 244.67,
        "elevation_end": 222.35,
        "slope_percent": 11.05,
        "cost_usd": 72580.4,
        "cost_per_m": 560.0,
        "cumulative_cost": 34202771.76,
        "pressure_drop_pa": 131758.75,
        "cumulative_pressure_pa": 51027962.34,
        "land_cover_class": 30,
        "land_cover_name": "Grassland",
        "crs": "EPSG:32633"
      }
    },
    {
      "type": "Feature",
      "geometry": {
        "type": "LineString",
        "coordinates": [
          [
            402207.7692218159,
            4769084.914408187
          ],
          [
            402337.37707885075,
            4768955.321365094
          ]
        ]
      },
      "properties": {
        "feature_type": "segment",
        "segment_id": 371,
        "step": 371,
        "length_m": 183.28,
        "elevation_start": 222.35,
        "elevation_end": 213.37,
        "slope_percent": 20.6,
        "cost_usd": 146626.17,
        "cost_per_m": 800.0,
        "cumulative_cost": 34349397.93,
        "pressure_drop_pa": 326844.46,
        "cumulative_pressure_pa": 51354806.8,
        "land_cover_class": 30,
        "land_cover_name": "Grassland",
        "crs": "EPSG:32633"
      }
    },
    {
      "type": "Feature",
      "geometry": {
        "type": "LineString",
        "coordinates": [
          [
            402337.37707885075,
            4768955.321365094
          ],
          [
            402466.98493588564,
            4768825.728321999
          ]
        ]
      },
      "properties": {
        "feature_type": "segment",
        "segment_id": 372,
        "step": 372,
        "length_m": 183.28,
        "elevation_start": 213.37,
        "elevation_end": 161.84,
        "slope_percent": 23.14,
        "cost_usd": 146626.17,
        "cost_per_m": 800.0,
        "cumulative_cost": 34496024.1,
        "pressure_drop_pa": 363093.41,
        "cumulative_pressure_pa": 51717900.2,
        "land_cover_class": 30,
        "land_cover_name": "Grassland",
        "crs": "EPSG:32633"
      }
    },
    {
      "type": "Feature",
      "geometry": {
        "type": "LineString",
        "coordinates": [
          [
            402466.98493588564,
            4768825.728321999
          ],
          [
            402596.5927929205,
            4768825.728321999
          ]
        ]
      },
      "properties": {
        "feature_type": "segment",
        "segment_id": 373,
        "step": 373,
        "length_m": 129.61,
        "elevation_start": 161.84,
        "elevation_end": 146.23,
        "slope_percent": 18.36,
        "cost_usd": 108870.6,
        "cost_per_m": 840.0,
        "cumulative_cost": 34604894.7,
        "pressure_drop_pa": 208215.39,
        "cumulative_pressure_pa": 51926115.6,
        "land_cover_class": 20,
        "land_cover_name": "Shrubland",
        "crs": "EPSG:32633"
      }
    },
    {
      "type": "Feature",
      "geometry": {
        "type": "LineString",
        "coordinates": [
          [
            402596.5927929205,
            4768825.728321999
          ],
          [
            402596.5927929205,
            4768696.135278905
          ]
        ]
      },
      "properties": {
        "feature_type": "segment",
        "segment_id": 374,
        "step": 374,
        "length_m": 129.59,
        "elevation_start": 146.23,
        "elevation_end": 125.24,
        "slope_percent": 3.38,
        "cost_usd": 77755.83,
        "cost_per_m": 600.0,
        "cumulative_cost": 34682650.53,
        "pressure_drop_pa": 49635.12,
        "cumulative_pressure_pa": 51975750.71,
        "land_cover_class": 40,
        "land_cover_name": "Cropland",
        "crs": "EPSG:32633"
      }
    },
    {
      "type": "Feature",
      "geometry": {
        "type": "LineString",
        "coordinates": [
          [
            402596.5927929205,
            4768696.135278905
          ],
          [
            402596.5927929205,
            4768566.54223581
          ]
        ]
      },
      "properties": {
        "feature_type": "segment",
        "segment_id": 375,
        "step": 375,
        "length_m": 129.59,
        "elevation_start": 125.24,
        "elevation_end": 146.33,
        "slope_percent": 20.35,
        "cost_usd": 103674.43,
        "cost_per_m": 800.0,
        "cumulative_cost": 34786324.96,
        "pressure_drop_pa": 228607.11,
        "cumulative_pressure_pa": 52204357.82,
        "land_cover_class": 30,
        "land_cover_name": "Grassland",
        "crs": "EPSG:32633"
      }
    },
    {
      "type": "Feature",
      "geometry": {
        "type": "LineString",
        "coordinates": [
          [
            402596.5927929205,
            4768566.54223581
          ],
          [
            402726.2006499553,
            4768436.949192716
          ]
        ]
      },
      "properties": {
        "feature_type": "segment",
        "segment_id": 376,
        "step": 376,
        "length_m": 183.28,
        "elevation_start": 146.33,
        "elevation_end": 198.03,
        "slope_percent": 27.79,
        "cost_usd": 219939.26,
        "cost_per_m": 1200.0,
        "cumulative_cost": 35006264.22,
        "pressure_drop_pa": 427715.55,
        "cumulative_pressure_pa": 52632073.38,
        "land_cover_class": 30,
        "land_cover_name": "Grassland",
        "crs": "EPSG:32633"
      }
    },
    {
      "type": "Feature",
      "geometry": {
        "type": "LineString",
        "coordinates": [
          [
            402726.2006499553,
            4768436.949192716
          ],
          [
            402726.2006499553,
            4768307.356149621
          ]
        ]
      },
      "properties": {
        "feature_type": "segment",
        "segment_id": 377,
        "step": 377,
        "length_m": 129.59,
        "elevation_start": 198.03,
        "elevation_end": 230.31,
        "slope_percent": 7.36,
        "cost_usd": 59612.8,
        "cost_per_m": 460.0,
        "cumulative_cost": 35065877.02,
        "pressure_drop_pa": 92446.23,
        "cumulative_pressure_pa": 52724519.6,
        "land_cover_class": 30,
        "land_cover_name": "Grassland",
        "crs": "EPSG:32633"
      }
    },
    {
      "type": "Feature",
      "geometry": {
        "type": "LineString",
        "coordinates": [
          [
            402726.2006499553,
            4768307.356149621
          ],
          [
            402855.8085069902,
            4768177.763106527
          ]
        ]
      },
      "properties": {
        "feature_type": "segment",
        "segment_id": 378,
        "step": 378,
        "length_m": 183.28,
        "elevation_start": 230.31,
        "elevation_end": 221.3,
        "slope_percent": 16.56,
        "cost_usd": 153957.48,
        "cost_per_m": 840.0,
        "cumulative_cost": 35219834.5,
        "pressure_drop_pa": 268154.66,
        "cumulative_pressure_pa": 52992674.26,
        "land_cover_class": 20,
        "land_cover_name": "Shrubland",
        "crs": "EPSG:32633"
      }
    },
    {
      "type": "Feature",
      "geometry": {
        "type": "LineString",
        "coordinates": [
          [
            402855.8085069902,
            4768177.763106527
          ],
          [
            402855.8085069902,
            4768048.170063432
          ]
        ]
      },
      "properties": {
        "feature_type": "segment",
        "segment_id": 379,
        "step": 379,
        "length_m": 129.59,
        "elevation_start": 221.3,
        "elevation_end": 183.81,
        "slope_percent": 5.96,
        "cost_usd": 59612.8,
        "cost_per_m": 460.0,
        "cumulative_cost": 35279447.3,
        "pressure_drop_pa": 77349.95,
        "cumulative_pressure_pa": 53070024.21,
        "land_cover_class": 30,
        "land_cover_name": "Grassland",
        "crs": "EPSG:32633"
      }
    },
    {
      "type": "Feature",
      "geometry": {
        "type": "LineString",
        "coordinates": [
          [
            402855.8085069902,
            4768048.170063432
          ],
          [
            402726.2006499553,
            4767918.577020338
          ]
        ]
      },
      "properties": {
        "feature_type": "segment",
        "segment_id": 380,
        "step": 380,
        "length_m": 183.28,
        "elevation_start": 183.81,
        "elevation_end": 210.03,
        "slope_percent": 11.27,
        "cost_usd": 102638.32,
        "cost_per_m": 560.0,
        "cumulative_cost": 35382085.62,
        "pressure_drop_pa": 189684.15,
        "cumulative_pressure_pa": 53259708.36,
        "land_cover_class": 30,
        "land_cover_name": "Grassland",
        "crs": "EPSG:32633"
      }
    },
    {
      "type": "Feature",
      "geometry": {
        "type": "LineString",
        "coordinates": [
          [
            402726.2006499553,
            4767918.577020338
          ],
          [
            402855.8085069902,
            4767788.983977243
          ]
        ]
      },
      "properties": {
        "feature_type": "segment",
        "segment_id": 381,
        "step": 381,
        "length_m": 183.28,
        "elevation_start": 210.03,
        "elevation_end": 213.9,
        "slope_percent": 4.63,
        "cost_usd": 73313.09,
        "cost_per_m": 400.0,
        "cumulative_cost": 35455398.71,
        "pressure_drop_pa": 89176.72,
        "cumulative_pressure_pa": 53348885.08,
        "land_cover_class": 30,
        "land_cover_name": "Grassland",
        "crs": "EPSG:32633"
      }
    },
    {
      "type": "Feature",
      "geometry": {
        "type": "LineString",
        "coordinates": [
          [
            402855.8085069902,
            4767788.983977243
          ],
          [
            402985.41636402503,
            4767659.39093415
          ]
        ]
      },
      "properties": {
        "feature_type": "segment",
        "segment_id": 382,
        "step": 382,
        "length_m": 183.28,
        "elevation_start": 213.9,
        "elevation_end": 211.36,
        "slope_percent": 20.05,
        "cost_usd": 153957.48,
        "cost_per_m": 840.0,
        "cumulative_cost": 35609356.19,
        "pressure_drop_pa": 318948.06,
        "cumulative_pressure_pa": 53667833.14,
        "land_cover_class": 20,
        "land_cover_name": "Shrubland",
        "crs": "EPSG:32633"
      }
    },
    {
      "type": "Feature",
      "geometry": {
        "type": "LineString",
        "coordinates": [
          [
            402985.41636402503,
            4767659.39093415
          ],
          [
            402985.41636402503,
            4767529.797891055
          ]
        ]
      },
      "properties": {
        "feature_type": "segment",
        "segment_id": 383,
        "step": 383,
        "length_m": 129.59,
        "elevation_start": 211.36,
        "elevation_end": 172.39,
        "slope_percent": 29.12,
        "cost_usd": 155511.65,
        "cost_per_m": 1200.0,
        "cumulative_cost": 35764867.84,
        "pressure_drop_pa": 315257.93,
        "cumulative_pressure_pa": 53983091.07,
        "land_cover_class": 30,
        "land_cover_name": "Grassland",
        "crs": "EPSG:32633"
      }
    },
    {
      "type": "Feature",
      "geometry": {
        "type": "LineString",
        "coordinates": [
          [
            402985.41636402503,
            4767529.797891055
          ],
          [
            402985.41636402503,
            4767400.204847961
          ]
        ]
      },
      "properties": {
        "feature_type": "segment",
        "segment_id": 384,
        "step": 384,
        "length_m": 129.59,
        "elevation_start": 172.39,
        "elevation_end": 137.63,
        "slope_percent": 19.28,
        "cost_usd": 108858.16,
        "cost_per_m": 840.0,
        "cumulative_cost": 35873725.99,
        "pressure_drop_pa": 217714.76,
        "cumulative_pressure_pa": 54200805.83,
        "land_cover_class": 20,
        "land_cover_name": "Shrubland",
        "crs": "EPSG:32633"
      }
    },
    {
      "type": "Feature",
      "geometry": {
        "type": "LineString",
        "coordinates": [
          [
            402985.41636402503,
            4767400.204847961
          ],
          [
            402985.41636402503,
            4767270.611804866
          ]
        ]
      },
      "properties": {
        "feature_type": "segment",
        "segment_id": 385,
        "step": 385,
        "length_m": 129.59,
        "elevation_start": 137.63,
        "elevation_end": 123.02,
        "slope_percent": 8.8,
        "cost_usd": 59612.8,
        "cost_per_m": 460.0,
        "cumulative_cost": 35933338.79,
        "pressure_drop_pa": 107816.35,
        "cumulative_pressure_pa": 54308622.18,
        "land_cover_class": 30,
        "land_cover_name": "Grassland",
        "crs": "EPSG:32633"
      }
    },
    {
      "type": "Feature",
      "geometry": {
        "type": "LineString",
        "coordinates": [
          [
            402985.41636402503,
            4767270.611804866
          ],
          [
            403115.02422105987,
            4767141.018761772
          ]
        ]
      },
      "properties": {
        "feature_type": "segment",
        "segment_id": 386,
        "step": 386,
        "length_m": 183.28,
        "elevation_start": 123.02,
        "elevation_end": 138.29,
        "slope_percent": 23.4,
        "cost_usd": 146626.17,
        "cost_per_m": 800.0,
        "cumulative_cost": 36079964.97,
        "pressure_drop_pa": 366684.04,
        "cumulative_pressure_pa": 54675306.22,
        "land_cover_class": 30,
        "land_cover_name": "Grassland",
        "crs": "EPSG:32633"
      }
    },
    {
      "type": "Feature",
      "geometry": {
        "type": "LineString",
        "coordinates": [
          [
            403115.02422105987,
            4767141.018761772
          ],
          [
            402985.41636402503,
            4767011.425718677
          ]
        ]
      },
      "properties": {
        "feature_type": "segment",
        "segment_id": 387,
        "step": 387,
        "length_m": 183.28,
        "elevation_start": 138.29,
        "elevation_end": 193.72,
        "slope_percent": 23.41,
        "cost_usd": 146626.17,
        "cost_per_m": 800.0,
        "cumulative_cost": 36226591.14,
        "pressure_drop_pa": 366834.89,
        "cumulative_pressure_pa": 55042141.11,
        "land_cover_class": 30,
        "land_cover_name": "Grassland",
        "crs": "EPSG:32633"
      }
    },
    {
      "type": "Feature",
      "geometry": {
        "type": "LineString",
        "coordinates": [
          [
            402985.41636402503,
            4767011.425718677
          ],
          [
            402985.41636402503,
            4766881.832675583
          ]
        ]
      },
      "properties": {
        "feature_type": "segment",
        "segment_id": 388,
        "step": 388,
        "length_m": 129.59,
        "elevation_start": 193.72,
        "elevation_end": 207.16,
        "slope_percent": 7.78,
        "cost_usd": 59612.8,
        "cost_per_m": 460.0,
        "cumulative_cost": 36286203.94,
        "pressure_drop_pa": 96913.73,
        "cumulative_pressure_pa": 55139054.85,
        "land_cover_class": 30,
        "land_cover_name": "Grassland",
        "crs": "EPSG:32633"
      }
    },
    {
      "type": "Feature",
      "geometry": {
        "type": "LineString",
        "coordinates": [
          [
            402985.41636402503,
            4766881.832675583
          ],
          [
            402855.8085069902,
            4766752.239632488
          ]
        ]
      },
      "properties": {
        "feature_type": "segment",
        "segment_id": 389,
        "step": 389,
        "length_m": 183.28,
        "elevation_start": 207.16,
        "elevation_end": 178.56,
        "slope_percent": 12.56,
        "cost_usd": 109969.63,
        "cost_per_m": 600.0,
        "cumulative_cost": 36396173.57,
        "pressure_drop_pa": 208962.86,
        "cumulative_pressure_pa": 55348017.71,
        "land_cover_class": 20,
        "land_cover_name": "Shrubland",
        "crs": "EPSG:32633"
      }
    },
    {
      "type": "Feature",
      "geometry": {
        "type": "LineString",
        "coordinates": [
          [
            402855.8085069902,
            4766752.239632488
          ],
          [
            402855.8085069902,
            4766622.646589394
          ]
        ]
      },
      "properties": {
        "feature_type": "segment",
        "segment_id": 390,
        "step": 390,
        "length_m": 129.59,
        "elevation_start": 178.56,
        "elevation_end": 173.21,
        "slope_percent": 20.69,
        "cost_usd": 108858.16,
        "cost_per_m": 840.0,
        "cumulative_cost": 36505031.72,
        "pressure_drop_pa": 232068.71,
        "cumulative_pressure_pa": 55580086.42,
        "land_cover_class": 20,
        "land_cover_name": "Shrubland",
        "crs": "EPSG:32633"
      }
    },
    {
      "type": "Feature",
      "geometry": {
        "type": "LineString",
        "coordinates": [
          [
            402855.8085069902,
            4766622.646589394
          ],
          [
            402855.8085069902,
            4766493.0535463
          ]
        ]
      },
      "properties": {
        "feature_type": "segment",
        "segment_id": 391,
        "step": 391,
        "length_m": 129.59,
        "elevation_start": 173.21,
        "elevation_end": 160.29,
        "slope_percent": 23.45,
        "cost_usd": 103674.43,
        "cost_per_m": 800.0,
        "cumulative_cost": 36608706.16,
        "pressure_drop_pa": 259829.56,
        "cumulative_pressure_pa": 55839915.98,
        "land_cover_class": 30,
        "land_cover_name": "Grassland",
        "crs": "EPSG:32633"
      }
    },
    {
      "type": "Feature",
      "geometry": {
        "type": "LineString",
        "coordinates": [
          [
            402855.8085069902,
            4766493.0535463
          ],
          [
            402855.8085069902,
            4766363.460503206
          ]
        ]
      },
      "properties": {
        "feature_type": "segment",
        "segment_id": 392,
        "step": 392,
        "length_m": 129.59,
        "elevation_start": 160.29,
        "elevation_end": 122.09,
        "slope_percent": 21.28,
        "cost_usd": 129593.04,
        "cost_per_m": 1000.0,
        "cumulative_cost": 36738299.2,
        "pressure_drop_pa": 238028.48,
        "cumulative_pressure_pa": 56077944.46,
        "land_cover_class": 40,
        "land_cover_name": "Cropland",
        "crs": "EPSG:32633"
      }
    },
    {
      "type": "Feature",
      "geometry": {
        "type": "LineString",
        "coordinates": [
          [
            402855.8085069902,
            4766363.460503206
          ],
          [
            402726.2006499553,
            4766233.867460111
          ]
        ]
      },
      "properties": {
        "feature_type": "segment",
        "segment_id": 393,
        "step": 393,
        "length_m": 183.28,
        "elevation_start": 122.09,
        "elevation_end": 79.79,
        "slope_percent": 13.22,
        "cost_usd": 102638.32,
        "cost_per_m": 560.0,
        "cumulative_cost": 36840937.52,
        "pressure_drop_pa": 218886.62,
        "cumulative_pressure_pa": 56296831.09,
        "land_cover_class": 30,
        "land_cover_name": "Grassland",
        "crs": "EPSG:32633"
      }
    },
    {
      "type": "Feature",
      "geometry": {
        "type": "LineString",
        "coordinates": [
          [
            402726.2006499553,
            4766233.867460111
          ],
          [
            402726.2006499553,
            4766104.274417017
          ]
        ]
      },
      "properties": {
        "feature_type": "segment",
        "segment_id": 394,
        "step": 394,
        "length_m": 129.59,
        "elevation_start": 79.79,
        "elevation_end": 78.27,
        "slope_percent": 14.91,
        "cost_usd": 72572.1,
        "cost_per_m": 560.0,
        "cumulative_cost": 36913509.62,
        "pressure_drop_pa": 172465.37,
        "cumulative_pressure_pa": 56469296.46,
        "land_cover_class": 30,
        "land_cover_name": "Grassland",
        "crs": "EPSG:32633"
      }
    },
    {
      "type": "Feature",
      "geometry": {
        "type": "LineString",
        "coordinates": [
          [
            402726.2006499553,
            4766104.274417017
          ],
          [
            402726.2006499553,
            4765974.681373922
          ]
        ]
      },
      "properties": {
        "feature_type": "segment",
        "segment_id": 395,
        "step": 395,
        "length_m": 129.59,
        "elevation_start": 78.27,
        "elevation_end": 79.98,
        "slope_percent": 18.09,
        "cost_usd": 108858.16,
        "cost_per_m": 840.0,
        "cumulative_cost": 37022367.78,
        "pressure_drop_pa": 205404.81,
        "cumulative_pressure_pa": 56674701.27,
        "land_cover_class": 20,
        "land_cover_name": "Shrubland",
        "crs": "EPSG:32633"
      }
    },
    {
      "type": "Feature",
      "geometry": {
        "type": "LineString",
        "coordinates": [
          [
            402726.2006499553,
            4765974.681373922
          ],
          [
            402855.8085069902,
            4765845.088330828
          ]
        ]
      },
      "properties": {
        "feature_type": "segment",
        "segment_id": 396,
        "step": 396,
        "length_m": 183.28,
        "elevation_start": 79.98,
        "elevation_end": 54.03,
        "slope_percent": 9.6,
        "cost_usd": 91641.36,
        "cost_per_m": 500.0,
        "cumulative_cost": 37114009.14,
        "pressure_drop_pa": 164573.56,
        "cumulative_pressure_pa": 56839274.84,
        "land_cover_class": 20,
        "land_cover_name": "Shrubland",
        "crs": "EPSG:32633"
      }
    },
    {
      "type": "Feature",
      "geometry": {
        "type": "LineString",
        "coordinates": [
          [
            402855.8085069902,
            4765845.088330828
          ],
          [
            402855.8085069902,
            4765715.495287733
          ]
        ]
      },
      "properties": {
        "feature_type": "segment",
        "segment_id": 397,
        "step": 397,
        "length_m": 129.59,
        "elevation_start": 54.03,
        "elevation_end": 39.4,
        "slope_percent": 9.51,
        "cost_usd": 64796.52,
        "cost_per_m": 500.0,
        "cumulative_cost": 37178805.66,
        "pressure_drop_pa": 115430.02,
        "cumulative_pressure_pa": 56954704.86,
        "land_cover_class": 20,
        "land_cover_name": "Shrubland",
        "crs": "EPSG:32633"
      }
    },
    {
      "type": "Feature",
      "geometry": {
        "type": "LineString",
        "coordinates": [
          [
            402855.8085069902,
            4765715.495287733
          ],
          [
            402855.8085069902,
            4765585.902244639
          ]
        ]
      },
      "properties": {
        "feature_type": "segment",
        "segment_id": 398,
        "step": 398,
        "length_m": 129.59,
        "elevation_start": 39.4,
        "elevation_end": 31.27,
        "slope_percent": 2.89,
        "cost_usd": 77755.83,
        "cost_per_m": 600.0,
        "cumulative_cost": 37256561.49,
        "pressure_drop_pa": 44335.69,
        "cumulative_pressure_pa": 56999040.54,
        "land_cover_class": 40,
        "land_cover_name": "Cropland",
        "crs": "EPSG:32633"
      }
    },
    {
      "type": "Feature",
      "geometry": {
        "type": "LineString",
        "coordinates": [
          [
            402855.8085069902,
            4765585.902244639
          ],
          [
            402985.41636402503,
            4765456.309201544
          ]
        ]
      },
      "properties": {
        "feature_type": "segment",
        "segment_id": 399,
        "step": 399,
        "length_m": 183.28,
        "elevation_start": 31.27,
        "elevation_end": 32.77,
        "slope_percent": 2.78,
        "cost_usd": 80644.39,
        "cost_per_m": 440.0,
        "cumulative_cost": 37337205.88,
        "pressure_drop_pa": 60968.8,
        "cumulative_pressure_pa": 57060009.34,
        "land_cover_class": 20,
        "land_cover_name": "Shrubland",
        "crs": "EPSG:32633"
      }
    },
    {
      "type": "Feature",
      "geometry": {
        "type": "LineString",
        "coordinates": [
          [
            402985.41636402503,
            4765456.309201544
          ],
          [
            403115.02422105987,
            4765326.71615845
          ]
        ]
      },
      "properties": {
        "feature_type": "segment",
        "segment_id": 400,
        "step": 400,
        "length_m": 183.28,
        "elevation_start": 32.77,
        "elevation_end": 32.64,
        "slope_percent": 5.3,
        "cost_usd": 120966.59,
        "cost_per_m": 660.0,
        "cumulative_cost": 37458172.47,
        "pressure_drop_pa": 99478.87,
        "cumulative_pressure_pa": 57159488.21,
        "land_cover_class": 40,
        "land_cover_name": "Cropland",
        "crs": "EPSG:32633"
      }
    },
    {
      "type": "Feature",
      "geometry": {
        "type": "LineString",
        "coordinates": [
          [
            403115.02422105987,
            4765326.71615845
          ],
          [
            402985.41636402503,
            4765197.123115356
          ]
        ]
      },
      "properties": {
        "feature_type": "segment",
        "segment_id": 401,
        "step": 401,
        "length_m": 183.28,
        "elevation_start": 32.64,
        "elevation_end": 42.53,
        "slope_percent": 10.07,
        "cost_usd": 102638.32,
        "cost_per_m": 560.0,
        "cumulative_cost": 37560810.79,
        "pressure_drop_pa": 171593.68,
        "cumulative_pressure_pa": 57331081.89,
        "land_cover_class": 30,
        "land_cover_name": "Grassland",
        "crs": "EPSG:32633"
      }
    },
    {
      "type": "Feature",
      "geometry": {
        "type": "LineString",
        "coordinates": [
          [
            402985.41636402503,
            4765197.123115356
          ],
          [
            402985.41636402503,
            4765067.530072262
          ]
        ]
      },
      "properties": {
        "feature_type": "segment",
        "segment_id": 402,
        "step": 402,
        "length_m": 129.59,
        "elevation_start": 42.53,
        "elevation_end": 56.1,
        "slope_percent": 17.67,
        "cost_usd": 103674.43,
        "cost_per_m": 800.0,
        "cumulative_cost": 37664485.23,
        "pressure_drop_pa": 201100.79,
        "cumulative_pressure_pa": 57532182.68,
        "land_cover_class": 30,
        "land_cover_name": "Grassland",
        "crs": "EPSG:32633"
      }
    },
    {
      "type": "Feature",
      "geometry": {
        "type": "LineString",
        "coordinates": [
          [
            402985.41636402503,
            4765067.530072262
          ],
          [
            402985.41636402503,
            4764937.937029167
          ]
        ]
      },
      "properties": {
        "feature_type": "segment",
        "segment_id": 403,
        "step": 403,
        "length_m": 129.59,
        "elevation_start": 56.1,
        "elevation_end": 79.85,
        "slope_percent": 21.4,
        "cost_usd": 103674.43,
        "cost_per_m": 800.0,
        "cumulative_cost": 37768159.66,
        "pressure_drop_pa": 239222.17,
        "cumulative_pressure_pa": 57771404.85,
        "land_cover_class": 30,
        "land_cover_name": "Grassland",
        "crs": "EPSG:32633"
      }
    },
    {
      "type": "Feature",
      "geometry": {
        "type": "LineString",
        "coordinates": [
          [
            402985.41636402503,
            4764937.937029167
          ],
          [
            402855.8085069902,
            4764808.343986073
          ]
        ]
      },
      "properties": {
        "feature_type": "segment",
        "segment_id": 404,
        "step": 404,
        "length_m": 183.28,
        "elevation_start": 79.85,
        "elevation_end": 71.57,
        "slope_percent": 12.66,
        "cost_usd": 102638.32,
        "cost_per_m": 560.0,
        "cumulative_cost": 37870797.98,
        "pressure_drop_pa": 210534.15,
        "cumulative_pressure_pa": 57981939.0,
        "land_cover_class": 30,
        "land_cover_name": "Grassland",
        "crs": "EPSG:32633"
      }
    },
    {
      "type": "Feature",
      "geometry": {
        "type": "LineString",
        "coordinates": [
          [
            402855.8085069902,
            4764808.343986073
          ],
          [
            402855.8085069902,
            4764678.750942978
          ]
        ]
      },
      "properties": {
        "feature_type": "segment",
        "segment_id": 405,
        "step": 405,
        "length_m": 129.59,
        "elevation_start": 71.57,
        "elevation_end": 91.17,
        "slope_percent": 15.92,
        "cost_usd": 103674.43,
        "cost_per_m": 800.0,
        "cumulative_cost": 37974472.41,
        "pressure_drop_pa": 182979.66,
        "cumulative_pressure_pa": 58164918.66,
        "land_cover_class": 30,
        "land_cover_name": "Grassland",
        "crs": "EPSG:32633"
      }
    },
    {
      "type": "Feature",
      "geometry": {
        "type": "LineString",
        "coordinates": [
          [
            402855.8085069902,
            4764678.750942978
          ],
          [
            402855.8085069902,
            4764549.157899884
          ]
        ]
      },
      "properties": {
        "feature_type": "segment",
        "segment_id": 406,
        "step": 406,
        "length_m": 129.59,
        "elevation_start": 91.17,
        "elevation_end": 95.21,
        "slope_percent": 19.23,
        "cost_usd": 103674.43,
        "cost_per_m": 800.0,
        "cumulative_cost": 38078146.85,
        "pressure_drop_pa": 217180.72,
        "cumulative_pressure_pa": 58382099.38,
        "land_cover_class": 30,
        "land_cover_name": "Grassland",
        "crs": "EPSG:32633"
      }
    },
    {
      "type": "Feature",
      "geometry": {
        "type": "LineString",
        "coordinates": [
          [
            402855.8085069902,
            4764549.157899884
          ],
          [
            402855.8085069902,
            4764419.564856789
          ]
        ]
      },
      "properties": {
        "feature_type": "segment",
        "segment_id": 407,
        "step": 407,
        "length_m": 129.59,
        "elevation_start": 95.21,
        "elevation_end": 138.88,
        "slope_percent": 23.76,
        "cost_usd": 116633.74,
        "cost_per_m": 900.0,
        "cumulative_cost": 38194780.59,
        "pressure_drop_pa": 262916.81,
        "cumulative_pressure_pa": 58645016.2,
        "land_cover_class": 10,
        "land_cover_name": "Tree cover",
        "crs": "EPSG:32633"
      }
    },
    {
      "type": "Feature",
      "geometry": {
        "type": "LineString",
        "coordinates": [
          [
            402855.8085069902,
            4764419.564856789
          ],
          [
            402726.2006499553,
            4764289.971813695
          ]
        ]
      },
      "properties": {
        "feature_type": "segment",
        "segment_id": 408,
        "step": 408,
        "length_m": 183.28,
        "elevation_start": 138.88,
        "elevation_end": 160.0,
        "slope_percent": 23.85,
        "cost_usd": 153957.48,
        "cost_per_m": 840.0,
        "cumulative_cost": 38348738.07,
        "pressure_drop_pa": 373037.14,
        "cumulative_pressure_pa": 59018053.34,
        "land_cover_class": 20,
        "land_cover_name": "Shrubland",
        "crs": "EPSG:32633"
      }
    },
    {
      "type": "Feature",
      "geometry": {
        "type": "LineString",
        "coordinates": [
          [
            402726.2006499553,
            4764289.971813695
          ],
          [
            402596.5927929205,
            4764160.3787706
          ]
        ]
      },
      "properties": {
        "feature_type": "segment",
        "segment_id": 409,
        "step": 409,
        "length_m": 183.28,
        "elevation_start": 160.0,
        "elevation_end": 201.35,
        "slope_percent": 19.7,
        "cost_usd": 153957.48,
        "cost_per_m": 840.0,
        "cumulative_cost": 38502695.55,
        "pressure_drop_pa": 313974.85,
        "cumulative_pressure_pa": 59332028.18,
        "land_cover_class": 20,
        "land_cover_name": "Shrubland",
        "crs": "EPSG:32633"
      }
    },
    {
      "type": "Feature",
      "geometry": {
        "type": "LineString",
        "coordinates": [
          [
            402596.5927929205,
            4764160.3787706
          ],
          [
            402596.5927929205,
            4764030.785727506
          ]
        ]
      },
      "properties": {
        "feature_type": "segment",
        "segment_id": 410,
        "step": 410,
        "length_m": 129.59,
        "elevation_start": 201.35,
        "elevation_end": 234.25,
        "slope_percent": 5.8,
        "cost_usd": 59612.8,
        "cost_per_m": 460.0,
        "cumulative_cost": 38562308.35,
        "pressure_drop_pa": 75706.48,
        "cumulative_pressure_pa": 59407734.67,
        "land_cover_class": 30,
        "land_cover_name": "Grassland",
        "crs": "EPSG:32633"
      }
    },
    {
      "type": "Feature",
      "geometry": {
        "type": "LineString",
        "coordinates": [
          [
            402596.5927929205,
            4764030.785727506
          ],
          [
            402596.5927929205,
            4763901.192684412
          ]
        ]
      },
      "properties": {
        "feature_type": "segment",
        "segment_id": 411,
        "step": 411,
        "length_m": 129.59,
        "elevation_start": 234.25,
        "elevation_end": 221.02,
        "slope_percent": 4.33,
        "cost_usd": 51837.22,
        "cost_per_m": 400.0,
        "cumulative_cost": 38614145.57,
        "pressure_drop_pa": 59819.8,
        "cumulative_pressure_pa": 59467554.46,
        "land_cover_class": 30,
        "land_cover_name": "Grassland",
        "crs": "EPSG:32633"
      }
    },
    {
      "type": "Feature",
      "geometry": {
        "type": "LineString",
        "coordinates": [
          [
            402596.5927929205,
            4763901.192684412
          ],
          [
            402596.5927929205,
            4763771.5996413175
          ]
        ]
      },
      "properties": {
        "feature_type": "segment",
        "segment_id": 412,
        "step": 412,
        "length_m": 129.59,
        "elevation_start": 221.02,
        "elevation_end": 242.87,
        "slope_percent": 10.68,
        "cost_usd": 72572.1,
        "cost_per_m": 560.0,
        "cumulative_cost": 38686717.67,
        "pressure_drop_pa": 127862.53,
        "cumulative_pressure_pa": 59595416.99,
        "land_cover_class": 30,
        "land_cover_name": "Grassland",
        "crs": "EPSG:32633"
      }
    },
    {
      "type": "Feature",
      "geometry": {
        "type": "LineString",
        "coordinates": [
          [
            402596.5927929205,
            4763771.5996413175
          ],
          [
            402726.2006499553,
            4763642.006598223
          ]
        ]
      },
      "properties": {
        "feature_type": "segment",
        "segment_id": 413,
        "step": 413,
        "length_m": 183.28,
        "elevation_start": 242.87,
        "elevation_end": 254.43,
        "slope_percent": 6.56,
        "cost_usd": 84310.05,
        "cost_per_m": 460.0,
        "cumulative_cost": 38771027.72,
        "pressure_drop_pa": 118588.56,
        "cumulative_pressure_pa": 59714005.55,
        "land_cover_class": 30,
        "land_cover_name": "Grassland",
        "crs": "EPSG:32633"
      }
    },
    {
      "type": "Feature",
      "geometry": {
        "type": "LineString",
        "coordinates": [
          [
            402726.2006499553,
            4763642.006598223
          ],
          [
            402726.2006499553,
            4763512.4135551285
          ]
        ]
      },
      "properties": {
        "feature_type": "segment",
        "segment_id": 414,
        "step": 414,
        "length_m": 129.59,
        "elevation_start": 254.43,
        "elevation_end": 260.94,
        "slope_percent": 23.12,
        "cost_usd": 103674.43,
        "cost_per_m": 800.0,
        "cumulative_cost": 38874702.15,
        "pressure_drop_pa": 256539.69,
        "cumulative_pressure_pa": 59970545.24,
        "land_cover_class": 30,
        "land_cover_name": "Grassland",
        "crs": "EPSG:32633"
      }
    },
    {
      "type": "Feature",
      "geometry": {
        "type": "LineString",
        "coordinates": [
          [
            402726.2006499553,
            4763512.4135551285
          ],
          [
            402855.8085069902,
            4763382.820512034
          ]
        ]
      },
      "properties": {
        "feature_type": "segment",
        "segment_id": 415,
        "step": 415,
        "length_m": 183.28,
        "elevation_start": 260.94,
        "elevation_end": 185.48,
        "slope_percent": 26.72,
        "cost_usd": 227270.57,
        "cost_per_m": 1240.0,
        "cumulative_cost": 39101972.72,
        "pressure_drop_pa": 413016.25,
        "cumulative_pressure_pa": 60383561.49,
        "land_cover_class": 20,
        "land_cover_name": "Shrubland",
        "crs": "EPSG:32633"
      }
    },
    {
      "type": "Feature",
      "geometry": {
        "type": "LineString",
        "coordinates": [
          [
            402855.8085069902,
            4763382.820512034
          ],
          [
            402985.41636402503,
            4763382.820512034
          ]
        ]
      },
      "properties": {
        "feature_type": "segment",
        "segment_id": 416,
        "step": 416,
        "length_m": 129.61,
        "elevation_start": 185.48,
        "elevation_end": 168.44,
        "slope_percent": 10.68,
        "cost_usd": 77764.71,
        "cost_per_m": 600.0,
        "cumulative_cost": 39179737.43,
        "pressure_drop_pa": 127898.74,
        "cumulative_pressure_pa": 60511460.23,
        "land_cover_class": 20,
        "land_cover_name": "Shrubland",
        "crs": "EPSG:32633"
      }
    },
    {
      "type": "Feature",
      "geometry": {
        "type": "LineString",
        "coordinates": [
          [
            402985.41636402503,
            4763382.820512034
          ],
          [
            403115.02422105987,
            4763382.820512034
          ]
        ]
      },
      "properties": {
        "feature_type": "segment",
        "segment_id": 417,
        "step": 417,
        "length_m": 129.61,
        "elevation_start": 168.44,
        "elevation_end": 152.46,
        "slope_percent": 10.31,
        "cost_usd": 72580.4,
        "cost_per_m": 560.0,
        "cumulative_cost": 39252317.83,
        "pressure_drop_pa": 123961.79,
        "cumulative_pressure_pa": 60635422.02,
        "land_cover_class": 30,
        "land_cover_name": "Grassland",
        "crs": "EPSG:32633"
      }
    },
    {
      "type": "Feature",
      "geometry": {
        "type": "LineString",
        "coordinates": [
          [
            403115.02422105987,
            4763382.820512034
          ],
          [
            403244.63207809476,
            4763382.820512034
          ]
        ]
      },
      "properties": {
        "feature_type": "segment",
        "segment_id": 418,
        "step": 418,
        "length_m": 129.61,
        "elevation_start": 152.46,
        "elevation_end": 142.95,
        "slope_percent": 17.33,
        "cost_usd": 103686.29,
        "cost_per_m": 800.0,
        "cumulative_cost": 39356004.12,
        "pressure_drop_pa": 197656.46,
        "cumulative_pressure_pa": 60833078.48,
        "land_cover_class": 30,
        "land_cover_name": "Grassland",
        "crs": "EPSG:32633"
      }
    },
    {
      "type": "Feature",
      "geometry": {
        "type": "LineString",
        "coordinates": [
          [
            403244.63207809476,
            4763382.820512034
          ],
          [
            403374.2399351296,
            4763512.4135551285
          ]
        ]
      },
      "properties": {
        "feature_type": "segment",
        "segment_id": 419,
        "step": 419,
        "length_m": 183.28,
        "elevation_start": 142.95,
        "elevation_end": 141.95,
        "slope_percent": 5.65,
        "cost_usd": 84310.05,
        "cost_per_m": 460.0,
        "cumulative_cost": 39440314.17,
        "pressure_drop_pa": 104802.06,
        "cumulative_pressure_pa": 60937880.55,
        "land_cover_class": 30,
        "land_cover_name": "Grassland",
        "crs": "EPSG:32633"
      }
    },
    {
      "type": "Feature",
      "geometry": {
        "type": "LineString",
        "coordinates": [
          [
            403374.2399351296,
            4763512.4135551285
          ],
          [
            403503.8477921645,
            4763512.4135551285
          ]
        ]
      },
      "properties": {
        "feature_type": "segment",
        "segment_id": 420,
        "step": 420,
        "length_m": 129.61,
        "elevation_start": 141.95,
        "elevation_end": 127.49,
        "slope_percent": 11.31,
        "cost_usd": 72580.4,
        "cost_per_m": 560.0,
        "cumulative_cost": 39512894.57,
        "pressure_drop_pa": 134546.47,
        "cumulative_pressure_pa": 61072427.02,
        "land_cover_class": 30,
        "land_cover_name": "Grassland",
        "crs": "EPSG:32633"
      }
    },
    {
      "type": "Feature",
      "geometry": {
        "type": "LineString",
        "coordinates": [
          [
            403503.8477921645,
            4763512.4135551285
          ],
          [
            403633.4556491993,
            4763642.006598223
          ]
        ]
      },
      "properties": {
        "feature_type": "segment",
        "segment_id": 421,
        "step": 421,
        "length_m": 183.28,
        "elevation_start": 127.49,
        "elevation_end": 138.97,
        "slope_percent": 22.28,
        "cost_usd": 146626.17,
        "cost_per_m": 800.0,
        "cumulative_cost": 39659520.74,
        "pressure_drop_pa": 350874.5,
        "cumulative_pressure_pa": 61423301.52,
        "land_cover_class": 30,
        "land_cover_name": "Grassland",
        "crs": "EPSG:32633"
      }
    },
    {
      "type": "Feature",
      "geometry": {
        "type": "LineString",
        "coordinates": [
          [
            403633.4556491993,
            4763642.006598223
          ],
          [
            403763.06350623415,
            4763642.006598223
          ]
        ]
      },
      "properties": {
        "feature_type": "segment",
        "segment_id": 422,
        "step": 422,
        "length_m": 129.61,
        "elevation_start": 138.97,
        "elevation_end": 133.99,
        "slope_percent": 21.68,
        "cost_usd": 103686.29,
        "cost_per_m": 800.0,
        "cumulative_cost": 39763207.02,
        "pressure_drop_pa": 242109.95,
        "cumulative_pressure_pa": 61665411.47,
        "land_cover_class": 30,
        "land_cover_name": "Grassland",
        "crs": "EPSG:32633"
      }
    },
    {
      "type": "Feature",
      "geometry": {
        "type": "LineString",
        "coordinates": [
          [
            403763.06350623415,
            4763642.006598223
          ],
          [
            403892.67136326904,
            4763512.4135551285
          ]
        ]
      },
      "properties": {
        "feature_type": "segment",
        "segment_id": 423,
        "step": 423,
        "length_m": 183.28,
        "elevation_start": 133.99,
        "elevation_end": 109.8,
        "slope_percent": 9.89,
        "cost_usd": 91641.36,
        "cost_per_m": 500.0,
        "cumulative_cost": 39854848.38,
        "pressure_drop_pa": 168991.43,
        "cumulative_pressure_pa": 61834402.9,
        "land_cover_class": 20,
        "land_cover_name": "Shrubland",
        "crs": "EPSG:32633"
      }
    },
    {
      "type": "Feature",
      "geometry": {
        "type": "LineString",
        "coordinates": [
          [
            403892.67136326904,
            4763512.4135551285
          ],
          [
            404022.27922030387,
            4763382.820512034
          ]
        ]
      },
      "properties": {
        "feature_type": "segment",
        "segment_id": 424,
        "step": 424,
        "length_m": 183.28,
        "elevation_start": 109.8,
        "elevation_end": 101.38,
        "slope_percent": 4.44,
        "cost_usd": 80644.39,
        "cost_per_m": 440.0,
        "cumulative_cost": 39935492.78,
        "pressure_drop_pa": 86366.19,
        "cumulative_pressure_pa": 61920769.09,
        "land_cover_class": 20,
        "land_cover_name": "Shrubland",
        "crs": "EPSG:32633"
      }
    },
    {
      "type": "Feature",
      "geometry": {
        "type": "LineString",
        "coordinates": [
          [
            404022.27922030387,
            4763382.820512034
          ],
          [
            404151.8870773387,
            4763253.2274689395
          ]
        ]
      },
      "properties": {
        "feature_type": "segment",
        "segment_id": 425,
        "step": 425,
        "length_m": 183.28,
        "elevation_start": 101.38,
        "elevation_end": 102.33,
        "slope_percent": 12.45,
        "cost_usd": 109969.63,
        "cost_per_m": 600.0,
        "cumulative_cost": 40045462.4,
        "pressure_drop_pa": 207267.98,
        "cumulative_pressure_pa": 62128037.06,
        "land_cover_class": 20,
        "land_cover_name": "Shrubland",
        "crs": "EPSG:32633"
      }
    },
    {
      "type": "Feature",
      "geometry": {
        "type": "LineString",
        "coordinates": [
          [
            404151.8870773387,
            4763253.2274689395
          ],
          [
            404281.4949343736,
            4763123.634425845
          ]
        ]
      },
      "properties": {
        "feature_type": "segment",
        "segment_id": 426,
        "step": 426,
        "length_m": 183.28,
        "elevation_start": 102.33,
        "elevation_end": 151.94,
        "slope_percent": 25.87,
        "cost_usd": 227270.57,
        "cost_per_m": 1240.0,
        "cumulative_cost": 40272732.97,
        "pressure_drop_pa": 401230.79,
        "cumulative_pressure_pa": 62529267.86,
        "land_cover_class": 20,
        "land_cover_name": "Shrubland",
        "crs": "EPSG:32633"
      }
    },
    {
      "type": "Feature",
      "geometry": {
        "type": "LineString",
        "coordinates": [
          [
            404281.4949343736,
            4763123.634425845
          ],
          [
            404411.1027914084,
            4762994.0413827505
          ]
        ]
      },
      "properties": {
        "feature_type": "segment",
        "segment_id": 427,
        "step": 427,
        "length_m": 183.28,
        "elevation_start": 151.94,
        "elevation_end": 155.43,
        "slope_percent": 11.22,
        "cost_usd": 109969.63,
        "cost_per_m": 600.0,
        "cumulative_cost": 40382702.6,
        "pressure_drop_pa": 188865.93,
        "cumulative_pressure_pa": 62718133.79,
        "land_cover_class": 20,
        "land_cover_name": "Shrubland",
        "crs": "EPSG:32633"
      }
    },
    {
      "type": "Feature",
      "geometry": {
        "type": "LineString",
        "coordinates": [
          [
            404411.1027914084,
            4762994.0413827505
          ],
          [
            404411.1027914084,
            4762864.448339656
          ]
        ]
      },
      "properties": {
        "feature_type": "segment",
        "segment_id": 428,
        "step": 428,
        "length_m": 129.59,
        "elevation_start": 155.43,
        "elevation_end": 175.14,
        "slope_percent": 10.18,
        "cost_usd": 72572.1,
        "cost_per_m": 560.0,
        "cumulative_cost": 40455274.7,
        "pressure_drop_pa": 122567.6,
        "cumulative_pressure_pa": 62840701.39,
        "land_cover_class": 30,
        "land_cover_name": "Grassland",
        "crs": "EPSG:32633"
      }
    },
    {
      "type": "Feature",
      "geometry": {
        "type": "LineString",
        "coordinates": [
          [
            404411.1027914084,
            4762864.448339656
          ],
          [
            404281.4949343736,
            4762734.8552965615
          ]
        ]
      },
      "properties": {
        "feature_type": "segment",
        "segment_id": 429,
        "step": 429,
        "length_m": 183.28,
        "elevation_start": 175.14,
        "elevation_end": 200.12,
        "slope_percent": 3.48,
        "cost_usd": 73313.09,
        "cost_per_m": 400.0,
        "cumulative_cost": 40528587.79,
        "pressure_drop_pa": 71685.69,
        "cumulative_pressure_pa": 62912387.08,
        "land_cover_class": 30,
        "land_cover_name": "Grassland",
        "crs": "EPSG:32633"
      }
    },
    {
      "type": "Feature",
      "geometry": {
        "type": "LineString",
        "coordinates": [
          [
            404281.4949343736,
            4762734.8552965615
          ],
          [
            404151.8870773387,
            4762605.262253468
          ]
        ]
      },
      "properties": {
        "feature_type": "segment",
        "segment_id": 430,
        "step": 430,
        "length_m": 183.28,
        "elevation_start": 200.12,
        "elevation_end": 204.11,
        "slope_percent": 12.79,
        "cost_usd": 102638.32,
        "cost_per_m": 560.0,
        "cumulative_cost": 40631226.11,
        "pressure_drop_pa": 212403.66,
        "cumulative_pressure_pa": 63124790.74,
        "land_cover_class": 30,
        "land_cover_name": "Grassland",
        "crs": "EPSG:32633"
      }
    },
    {
      "type": "Feature",
      "geometry": {
        "type": "LineString",
        "coordinates": [
          [
            404151.8870773387,
            4762605.262253468
          ],
          [
            404022.27922030387,
            4762475.669210373
          ]
        ]
      },
      "properties": {
        "feature_type": "segment",
        "segment_id": 431,
        "step": 431,
        "length_m": 183.28,
        "elevation_start": 204.11,
        "elevation_end": 181.46,
        "slope_percent": 24.35,
        "cost_usd": 153957.48,
        "cost_per_m": 840.0,
        "cumulative_cost": 40785183.59,
        "pressure_drop_pa": 380066.02,
        "cumulative_pressure_pa": 63504856.75,
        "land_cover_class": 20,
        "land_cover_name": "Shrubland",
        "crs": "EPSG:32633"
      }
    },
    {
      "type": "Feature",
      "geometry": {
        "type": "LineString",
        "coordinates": [
          [
            404022.27922030387,
            4762475.669210373
          ],
          [
            403892.67136326904,
            4762346.076167279
          ]
        ]
      },
      "properties": {
        "feature_type": "segment",
        "segment_id": 432,
        "step": 432,
        "length_m": 183.28,
        "elevation_start": 181.46,
        "elevation_end": 185.21,
        "slope_percent": 23.42,
        "cost_usd": 153957.48,
        "cost_per_m": 840.0,
        "cumulative_cost": 40939141.07,
        "pressure_drop_pa": 367037.96,
        "cumulative_pressure_pa": 63871894.71,
        "land_cover_class": 20,
        "land_cover_name": "Shrubland",
        "crs": "EPSG:32633"
      }
    },
    {
      "type": "Feature",
      "geometry": {
        "type": "LineString",
        "coordinates": [
          [
            403892.67136326904,
            4762346.076167279
          ],
          [
            403763.06350623415,
            4762216.483124184
          ]
        ]
      },
      "properties": {
        "feature_type": "segment",
        "segment_id": 433,
        "step": 433,
        "length_m": 183.28,
        "elevation_start": 185.21,
        "elevation_end": 173.72,
        "slope_percent": 21.0,
        "cost_usd": 153957.48,
        "cost_per_m": 840.0,
        "cumulative_cost": 41093098.55,
        "pressure_drop_pa": 332569.0,
        "cumulative_pressure_pa": 64204463.71,
        "land_cover_class": 20,
        "land_cover_name": "Shrubland",
        "crs": "EPSG:32633"
      }
    },
    {
      "type": "Feature",
      "geometry": {
        "type": "LineString",
        "coordinates": [
          [
            403763.06350623415,
            4762216.483124184
          ],
          [
            403633.4556491993,
            4762216.483124184
          ]
        ]
      },
      "properties": {
        "feature_type": "segment",
        "segment_id": 434,
        "step": 434,
        "length_m": 129.61,
        "elevation_start": 173.72,
        "elevation_end": 199.4,
        "slope_percent": 13.28,
        "cost_usd": 77764.71,
        "cost_per_m": 600.0,
        "cumulative_cost": 41170863.26,
        "pressure_drop_pa": 155403.39,
        "cumulative_pressure_pa": 64359867.1,
        "land_cover_class": 20,
        "land_cover_name": "Shrubland",
        "crs": "EPSG:32633"
      }
    },
    {
      "type": "Feature",
      "geometry": {
        "type": "LineString",
        "coordinates": [
          [
            403633.4556491993,
            4762216.483124184
          ],
          [
            403503.8477921645,
            4762086.89008109
          ]
        ]
      },
      "properties": {
        "feature_type": "segment",
        "segment_id": 435,
        "step": 435,
        "length_m": 183.28,
        "elevation_start": 199.4,
        "elevation_end": 177.16,
        "slope_percent": 12.97,
        "cost_usd": 109969.63,
        "cost_per_m": 600.0,
        "cumulative_cost": 41280832.89,
        "pressure_drop_pa": 215047.09,
        "cumulative_pressure_pa": 64574914.2,
        "land_cover_class": 20,
        "land_cover_name": "Shrubland",
        "crs": "EPSG:32633"
      }
    },
    {
      "type": "Feature",
      "geometry": {
        "type": "LineString",
        "coordinates": [
          [
            403503.8477921645,
            4762086.89008109
          ],
          [
            403503.8477921645,
            4761957.297037995
          ]
        ]
      },
      "properties": {
        "feature_type": "segment",
        "segment_id": 436,
        "step": 436,
        "length_m": 129.59,
        "elevation_start": 177.16,
        "elevation_end": 181.29,
        "slope_percent": 13.62,
        "cost_usd": 85531.41,
        "cost_per_m": 660.0,
        "cumulative_cost": 41366364.3,
        "pressure_drop_pa": 158890.64,
        "cumulative_pressure_pa": 64733804.84,
        "land_cover_class": 10,
        "land_cover_name": "Tree cover",
        "crs": "EPSG:32633"
      }
    },
    {
      "type": "Feature",
      "geometry": {
        "type": "LineString",
        "coordinates": [
          [
            403503.8477921645,
            4761957.297037995
          ],
          [
            403633.4556491993,
            4761827.703994901
          ]
        ]
      },
      "properties": {
        "feature_type": "segment",
        "segment_id": 437,
        "step": 437,
        "length_m": 183.28,
        "elevation_start": 181.29,
        "elevation_end": 230.14,
        "slope_percent": 17.7,
        "cost_usd": 153957.48,
        "cost_per_m": 840.0,
        "cumulative_cost": 41520321.78,
        "pressure_drop_pa": 284900.15,
        "cumulative_pressure_pa": 65018704.99,
        "land_cover_class": 20,
        "land_cover_name": "Shrubland",
        "crs": "EPSG:32633"
      }
    },
    {
      "type": "Feature",
      "geometry": {
        "type": "LineString",
        "coordinates": [
          [
            403633.4556491993,
            4761827.703994901
          ],
          [
            403633.4556491993,
            4761698.110951806
          ]
        ]
      },
      "properties": {
        "feature_type": "segment",
        "segment_id": 438,
        "step": 438,
        "length_m": 129.59,
        "elevation_start": 230.14,
        "elevation_end": 246.58,
        "slope_percent": 6.13,
        "cost_usd": 64796.52,
        "cost_per_m": 500.0,
        "cumulative_cost": 41585118.3,
        "pressure_drop_pa": 79206.76,
        "cumulative_pressure_pa": 65097911.75,
        "land_cover_class": 20,
        "land_cover_name": "Shrubland",
        "crs": "EPSG:32633"
      }
    },
    {
      "type": "Feature",
      "geometry": {
        "type": "LineString",
        "coordinates": [
          [
            403633.4556491993,
            4761698.110951806
          ],
          [
            403503.8477921645,
            4761568.517908712
          ]
        ]
      },
      "properties": {
        "feature_type": "segment",
        "segment_id": 439,
        "step": 439,
        "length_m": 183.28,
        "elevation_start": 246.58,
        "elevation_end": 250.7,
        "slope_percent": 3.22,
        "cost_usd": 73313.09,
        "cost_per_m": 400.0,
        "cumulative_cost": 41658431.39,
        "pressure_drop_pa": 67689.69,
        "cumulative_pressure_pa": 65165601.44,
        "land_cover_class": 30,
        "land_cover_name": "Grassland",
        "crs": "EPSG:32633"
      }
    },
    {
      "type": "Feature",
      "geometry": {
        "type": "LineString",
        "coordinates": [
          [
            403503.8477921645,
            4761568.517908712
          ],
          [
            403374.2399351296,
            4761438.924865618
          ]
        ]
      },
      "properties": {
        "feature_type": "segment",
        "segment_id": 440,
        "step": 440,
        "length_m": 183.28,
        "elevation_start": 250.7,
        "elevation_end": 260.11,
        "slope_percent": 10.06,
        "cost_usd": 102638.32,
        "cost_per_m": 560.0,
        "cumulative_cost": 41761069.71,
        "pressure_drop_pa": 171553.88,
        "cumulative_pressure_pa": 65337155.32,
        "land_cover_class": 30,
        "land_cover_name": "Grassland",
        "crs": "EPSG:32633"
      }
    },
    {
      "type": "Feature",
      "geometry": {
        "type": "LineString",
        "coordinates": [
          [
            403374.2399351296,
            4761438.924865618
          ],
          [
            403374.2399351296,
            4761309.331822524
          ]
        ]
      },
      "properties": {
        "feature_type": "segment",
        "segment_id": 441,
        "step": 441,
        "length_m": 129.59,
        "elevation_start": 260.11,
        "elevation_end": 262.57,
        "slope_percent": 8.53,
        "cost_usd": 59612.8,
        "cost_per_m": 460.0,
        "cumulative_cost": 41820682.51,
        "pressure_drop_pa": 104949.93,
        "cumulative_pressure_pa": 65442105.26,
        "land_cover_class": 30,
        "land_cover_name": "Grassland",
        "crs": "EPSG:32633"
      }
    },
    {
      "type": "Feature",
      "geometry": {
        "type": "LineString",
        "coordinates": [
          [
            403374.2399351296,
            4761309.331822524
          ],
          [
            403244.63207809476,
            4761179.738779429
          ]
        ]
      },
      "properties": {
        "feature_type": "segment",
        "segment_id": 442,
        "step": 442,
        "length_m": 183.28,
        "elevation_start": 262.57,
        "elevation_end": 274.52,
        "slope_percent": 2.86,
        "cost_usd": 73313.09,
        "cost_per_m": 400.0,
        "cumulative_cost": 41893995.59,
        "pressure_drop_pa": 62237.85,
        "cumulative_pressure_pa": 65504343.11,
        "land_cover_class": 30,
        "land_cover_name": "Grassland",
        "crs": "EPSG:32633"
      }
    },
    {
      "type": "Feature",
      "geometry": {
        "type": "LineString",
        "coordinates": [
          [
            403244.63207809476,
            4761179.738779429
          ],
          [
            403244.63207809476,
            4761050.145736335
          ]
        ]
      },
      "properties": {
        "feature_type": "segment",
        "segment_id": 443,
        "step": 443,
        "length_m": 129.59,
        "elevation_start": 274.52,
        "elevation_end": 251.19,
        "slope_percent": 17.0,
        "cost_usd": 108858.16,
        "cost_per_m": 840.0,
        "cumulative_cost": 42002853.75,
        "pressure_drop_pa": 194222.49,
        "cumulative_pressure_pa": 65698565.6,
        "land_cover_class": 20,
        "land_cover_name": "Shrubland",
        "crs": "EPSG:32633"
      }
    },
    {
      "type": "Feature",
      "geometry": {
        "type": "LineString",
        "coordinates": [
          [
            403244.63207809476,
            4761050.145736335
          ],
          [
            403244.63207809476,
            4760920.55269324
          ]
        ]
      },
      "properties": {
        "feature_type": "segment",
        "segment_id": 444,
        "step": 444,
        "length_m": 129.59,
        "elevation_start": 251.19,
        "elevation_end": 228.99,
        "slope_percent": 9.04,
        "cost_usd": 64796.52,
        "cost_per_m": 500.0,
        "cumulative_cost": 42067650.27,
        "pressure_drop_pa": 110385.51,
        "cumulative_pressure_pa": 65808951.11,
        "land_cover_class": 20,
        "land_cover_name": "Shrubland",
        "crs": "EPSG:32633"
      }
    },
    {
      "type": "Feature",
      "geometry": {
        "type": "LineString",
        "coordinates": [
          [
            403244.63207809476,
            4760920.55269324
          ],
          [
            403115.02422105987,
            4760790.959650146
          ]
        ]
      },
      "properties": {
        "feature_type": "segment",
        "segment_id": 445,
        "step": 445,
        "length_m": 183.28,
        "elevation_start": 228.99,
        "elevation_end": 230.97,
        "slope_percent": 7.46,
        "cost_usd": 91641.36,
        "cost_per_m": 500.0,
        "cumulative_cost": 42159291.63,
        "pressure_drop_pa": 132178.75,
        "cumulative_pressure_pa": 65941129.86,
        "land_cover_class": 20,
        "land_cover_name": "Shrubland",
        "crs": "EPSG:32633"
      }
    },
    {
      "type": "Feature",
      "geometry": {
        "type": "LineString",
        "coordinates": [
          [
            403115.02422105987,
            4760790.959650146
          ],
          [
            403244.63207809476,
            4760661.366607051
          ]
        ]
      },
      "properties": {
        "feature_type": "segment",
        "segment_id": 446,
        "step": 446,
        "length_m": 183.28,
        "elevation_start": 230.97,
        "elevation_end": 282.12,
        "slope_percent": 5.48,
        "cost_usd": 84310.05,
        "cost_per_m": 460.0,
        "cumulative_cost": 42243601.68,
        "pressure_drop_pa": 102129.34,
        "cumulative_pressure_pa": 66043259.21,
        "land_cover_class": 30,
        "land_cover_name": "Grassland",
        "crs": "EPSG:32633"
      }
    },
    {
      "type": "Feature",
      "geometry": {
        "type": "LineString",
        "coordinates": [
          [
            403244.63207809476,
            4760661.366607051
          ],
          [
            403374.2399351296,
            4760661.366607051
          ]
        ]
      },
      "properties": {
        "feature_type": "segment",
        "segment_id": 447,
        "step": 447,
        "length_m": 129.61,
        "elevation_start": 282.12,
        "elevation_end": 276.06,
        "slope_percent": 8.94,
        "cost_usd": 59619.61,
        "cost_per_m": 460.0,
        "cumulative_cost": 42303221.29,
        "pressure_drop_pa": 109307.7,
        "cumulative_pressure_pa": 66152566.91,
        "land_cover_class": 30,
        "land_cover_name": "Grassland",
        "crs": "EPSG:32633"
      }
    },
    {
      "type": "Feature",
      "geometry": {
        "type": "LineString",
        "coordinates": [
          [
            403374.2399351296,
            4760661.366607051
          ],
          [
            403503.8477921645,
            4760661.366607051
          ]
        ]
      },
      "properties": {
        "feature_type": "segment",
        "segment_id": 448,
        "step": 448,
        "length_m": 129.61,
        "elevation_start": 276.06,
        "elevation_end": 266.8,
        "slope_percent": 8.43,
        "cost_usd": 64803.93,
        "cost_per_m": 500.0,
        "cumulative_cost": 42368025.22,
        "pressure_drop_pa": 103836.19,
        "cumulative_pressure_pa": 66256403.1,
        "land_cover_class": 20,
        "land_cover_name": "Shrubland",
        "crs": "EPSG:32633"
      }
    },
    {
      "type": "Feature",
      "geometry": {
        "type": "LineString",
        "coordinates": [
          [
            403503.8477921645,
            4760661.366607051
          ],
          [
            403633.4556491993,
            4760661.366607051
          ]
        ]
      },
      "properties": {
        "feature_type": "segment",
        "segment_id": 449,
        "step": 449,
        "length_m": 129.61,
        "elevation_start": 266.8,
        "elevation_end": 262.37,
        "slope_percent": 10.96,
        "cost_usd": 72580.4,
        "cost_per_m": 560.0,
        "cumulative_cost": 42440605.62,
        "pressure_drop_pa": 130822.94,
        "cumulative_pressure_pa": 66387226.04,
        "land_cover_class": 30,
        "land_cover_name": "Grassland",
        "crs": "EPSG:32633"
      }
    },
    {
      "type": "Feature",
      "geometry": {
        "type": "LineString",
        "coordinates": [
          [
            403633.4556491993,
            4760661.366607051
          ],
          [
            403763.06350623415,
            4760661.366607051
          ]
        ]
      },
      "properties": {
        "feature_type": "segment",
        "segment_id": 450,
        "step": 450,
        "length_m": 129.61,
        "elevation_start": 262.37,
        "elevation_end": 256.85,
        "slope_percent": 14.55,
        "cost_usd": 77764.71,
        "cost_per_m": 600.0,
        "cumulative_cost": 42518370.33,
        "pressure_drop_pa": 168652.58,
        "cumulative_pressure_pa": 66555878.63,
        "land_cover_class": 20,
        "land_cover_name": "Shrubland",
        "crs": "EPSG:32633"
      }
    },
    {
      "type": "Feature",
      "geometry": {
        "type": "LineString",
        "coordinates": [
          [
            403763.06350623415,
            4760661.366607051
          ],
          [
            403892.67136326904,
            4760531.773563957
          ]
        ]
      },
      "properties": {
        "feature_type": "segment",
        "segment_id": 451,
        "step": 451,
        "length_m": 183.28,
        "elevation_start": 256.85,
        "elevation_end": 219.19,
        "slope_percent": 23.37,
        "cost_usd": 153957.48,
        "cost_per_m": 840.0,
        "cumulative_cost": 42672327.81,
        "pressure_drop_pa": 366303.08,
        "cumulative_pressure_pa": 66922181.71,
        "land_cover_class": 20,
        "land_cover_name": "Shrubland",
        "crs": "EPSG:32633"
      }
    },
    {
      "type": "Feature",
      "geometry": {
        "type": "LineString",
        "coordinates": [
          [
            403892.67136326904,
            4760531.773563957
          ],
          [
            404022.27922030387,
            4760531.773563957
          ]
        ]
      },
      "properties": {
        "feature_type": "segment",
        "segment_id": 452,
        "step": 452,
        "length_m": 129.61,
        "elevation_start": 219.19,
        "elevation_end": 228.06,
        "slope_percent": 14.21,
        "cost_usd": 77764.71,
        "cost_per_m": 600.0,
        "cumulative_cost": 42750092.53,
        "pressure_drop_pa": 165097.18,
        "cumulative_pressure_pa": 67087278.9,
        "land_cover_class": 20,
        "land_cover_name": "Shrubland",
        "crs": "EPSG:32633"
      }
    },
    {
      "type": "Feature",
      "geometry": {
        "type": "LineString",
        "coordinates": [
          [
            404022.27922030387,
            4760531.773563957
          ],
          [
            404151.8870773387,
            4760402.180520862
          ]
        ]
      },
      "properties": {
        "feature_type": "segment",
        "segment_id": 453,
        "step": 453,
        "length_m": 183.28,
        "elevation_start": 228.06,
        "elevation_end": 229.98,
        "slope_percent": 11.76,
        "cost_usd": 109969.63,
        "cost_per_m": 600.0,
        "cumulative_cost": 42860062.16,
        "pressure_drop_pa": 197009.19,
        "cumulative_pressure_pa": 67284288.08,
        "land_cover_class": 20,
        "land_cover_name": "Shrubland",
        "crs": "EPSG:32633"
      }
    },
    {
      "type": "Feature",
      "geometry": {
        "type": "LineString",
        "coordinates": [
          [
            404151.8870773387,
            4760402.180520862
          ],
          [
            404281.4949343736,
            4760402.180520862
          ]
        ]
      },
      "properties": {
        "feature_type": "segment",
        "segment_id": 454,
        "step": 454,
        "length_m": 129.61,
        "elevation_start": 229.98,
        "elevation_end": 231.43,
        "slope_percent": 27.62,
        "cost_usd": 155529.43,
        "cost_per_m": 1200.0,
        "cumulative_cost": 43015591.59,
        "pressure_drop_pa": 300831.32,
        "cumulative_pressure_pa": 67585119.4,
        "land_cover_class": 30,
        "land_cover_name": "Grassland",
        "crs": "EPSG:32633"
      }
    },
    {
      "type": "Feature",
      "geometry": {
        "type": "LineString",
        "coordinates": [
          [
            404281.4949343736,
            4760402.180520862
          ],
          [
            404411.1027914084,
            4760272.587477768
          ]
        ]
      },
      "properties": {
        "feature_type": "segment",
        "segment_id": 455,
        "step": 455,
        "length_m": 183.28,
        "elevation_start": 231.43,
        "elevation_end": 123.97,
        "slope_percent": 18.05,
        "cost_usd": 153957.48,
        "cost_per_m": 840.0,
        "cumulative_cost": 43169549.07,
        "pressure_drop_pa": 289948.8,
        "cumulative_pressure_pa": 67875068.2,
        "land_cover_class": 20,
        "land_cover_name": "Shrubland",
        "crs": "EPSG:32633"
      }
    },
    {
      "type": "Feature",
      "geometry": {
        "type": "LineString",
        "coordinates": [
          [
            404411.1027914084,
            4760272.587477768
          ],
          [
            404281.4949343736,
            4760142.994434674
          ]
        ]
      },
      "properties": {
        "feature_type": "segment",
        "segment_id": 456,
        "step": 456,
        "length_m": 183.28,
        "elevation_start": 123.97,
        "elevation_end": 134.89,
        "slope_percent": 29.03,
        "cost_usd": 227270.57,
        "cost_per_m": 1240.0,
        "cumulative_cost": 43396819.63,
        "pressure_drop_pa": 444583.97,
        "cumulative_pressure_pa": 68319652.17,
        "land_cover_class": 20,
        "land_cover_name": "Shrubland",
        "crs": "EPSG:32633"
      }
    },
    {
      "type": "Feature",
      "geometry": {
        "type": "LineString",
        "coordinates": [
          [
            404281.4949343736,
            4760142.994434674
          ],
          [
            404281.4949343736,
            4760013.40139158
          ]
        ]
      },
      "properties": {
        "feature_type": "segment",
        "segment_id": 457,
        "step": 457,
        "length_m": 129.59,
        "elevation_start": 134.89,
        "elevation_end": 115.43,
        "slope_percent": 21.89,
        "cost_usd": 108858.16,
        "cost_per_m": 840.0,
        "cumulative_cost": 43505677.79,
        "pressure_drop_pa": 244121.44,
        "cumulative_pressure_pa": 68563773.61,
        "land_cover_class": 20,
        "land_cover_name": "Shrubland",
        "crs": "EPSG:32633"
      }
    },
    {
      "type": "Feature",
      "geometry": {
        "type": "LineString",
        "coordinates": [
          [
            404281.4949343736,
            4760013.40139158
          ],
          [
            404411.1027914084,
            4759883.808348485
          ]
        ]
      },
      "properties": {
        "feature_type": "segment",
        "segment_id": 458,
        "step": 458,
        "length_m": 183.28,
        "elevation_start": 115.43,
        "elevation_end": 92.08,
        "slope_percent": 22.06,
        "cost_usd": 146626.17,
        "cost_per_m": 800.0,
        "cumulative_cost": 43652303.96,
        "pressure_drop_pa": 347723.52,
        "cumulative_pressure_pa": 68911497.13,
        "land_cover_class": 30,
        "land_cover_name": "Grassland",
        "crs": "EPSG:32633"
      }
    },
    {
      "type": "Feature",
      "geometry": {
        "type": "LineString",
        "coordinates": [
          [
            404411.1027914084,
            4759883.808348485
          ],
          [
            404540.7106484433,
            4759754.215305391
          ]
        ]
      },
      "properties": {
        "feature_type": "segment",
        "segment_id": 459,
        "step": 459,
        "length_m": 183.28,
        "elevation_start": 92.08,
        "elevation_end": 96.26,
        "slope_percent": 23.64,
        "cost_usd": 153957.48,
        "cost_per_m": 840.0,
        "cumulative_cost": 43806261.44,
        "pressure_drop_pa": 370187.3,
        "cumulative_pressure_pa": 69281684.43,
        "land_cover_class": 20,
        "land_cover_name": "Shrubland",
        "crs": "EPSG:32633"
      }
    },
    {
      "type": "Feature",
      "geometry": {
        "type": "LineString",
        "coordinates": [
          [
            404540.7106484433,
            4759754.215305391
          ],
          [
            404540.7106484433,
            4759624.622262296
          ]
        ]
      },
      "properties": {
        "feature_type": "segment",
        "segment_id": 460,
        "step": 460,
        "length_m": 129.59,
        "elevation_start": 96.26,
        "elevation_end": 69.41,
        "slope_percent": 18.59,
        "cost_usd": 108858.16,
        "cost_per_m": 840.0,
        "cumulative_cost": 43915119.6,
        "pressure_drop_pa": 210580.64,
        "cumulative_pressure_pa": 69492265.07,
        "land_cover_class": 20,
        "land_cover_name": "Shrubland",
        "crs": "EPSG:32633"
      }
    },
    {
      "type": "Feature",
      "geometry": {
        "type": "LineString",
        "coordinates": [
          [
            404540.7106484433,
            4759624.622262296
          ],
          [
            404540.7106484433,
            4759495.029219202
          ]
        ]
      },
      "properties": {
        "feature_type": "segment",
        "segment_id": 461,
        "step": 461,
        "length_m": 129.59,
        "elevation_start": 69.41,
        "elevation_end": 47.66,
        "slope_percent": 13.8,
        "cost_usd": 72572.1,
        "cost_per_m": 560.0,
        "cumulative_cost": 43987691.7,
        "pressure_drop_pa": 160819.62,
        "cumulative_pressure_pa": 69653084.69,
        "land_cover_class": 30,
        "land_cover_name": "Grassland",
        "crs": "EPSG:32633"
      }
    },
    {
      "type": "Feature",
      "geometry": {
        "type": "LineString",
        "coordinates": [
          [
            404540.7106484433,
            4759495.029219202
          ],
          [
            404670.31850547815,
            4759365.436176107
          ]
        ]
      },
      "properties": {
        "feature_type": "segment",
        "segment_id": 462,
        "step": 462,
        "length_m": 183.28,
        "elevation_start": 47.66,
        "elevation_end": 36.39,
        "slope_percent": 6.47,
        "cost_usd": 84310.05,
        "cost_per_m": 460.0,
        "cumulative_cost": 44072001.75,
        "pressure_drop_pa": 117156.89,
        "cumulative_pressure_pa": 69770241.57,
        "land_cover_class": 30,
        "land_cover_name": "Grassland",
        "crs": "EPSG:32633"
      }
    },
    {
      "type": "Feature",
      "geometry": {
        "type": "LineString",
        "coordinates": [
          [
            404670.31850547815,
            4759365.436176107
          ],
          [
            404799.926362513,
            4759235.843133013
          ]
        ]
      },
      "properties": {
        "feature_type": "segment",
        "segment_id": 463,
        "step": 463,
        "length_m": 183.28,
        "elevation_start": 36.39,
        "elevation_end": 31.59,
        "slope_percent": 2.0,
        "cost_usd": 80644.39,
        "cost_per_m": 440.0,
        "cumulative_cost": 44152646.14,
        "pressure_drop_pa": 49153.81,
        "cumulative_pressure_pa": 69819395.38,
        "land_cover_class": 20,
        "land_cover_name": "Shrubland",
        "crs": "EPSG:32633"
      }
    },
    {
      "type": "Feature",
      "geometry": {
        "type": "LineString",
        "coordinates": [
          [
            404799.926362513,
            4759235.843133013
          ],
          [
            404929.5342195479,
            4759235.843133013
          ]
        ]
      },
      "properties": {
        "feature_type": "segment",
        "segment_id": 464,
        "step": 464,
        "length_m": 129.61,
        "elevation_start": 31.59,
        "elevation_end": 31.44,
        "slope_percent": 1.98,
        "cost_usd": 51843.14,
        "cost_per_m": 400.0,
        "cumulative_cost": 44204489.29,
        "pressure_drop_pa": 34467.22,
        "cumulative_pressure_pa": 69853862.6,
        "land_cover_class": 30,
        "land_cover_name": "Grassland",
        "crs": "EPSG:32633"
      }
    },
    {
      "type": "Feature",
      "geometry": {
        "type": "LineString",
        "coordinates": [
          [
            404929.5342195479,
            4759235.843133013
          ],
          [
            405059.1420765827,
            4759235.843133013
          ]
        ]
      },
      "properties": {
        "feature_type": "segment",
        "segment_id": 465,
        "step": 465,
        "length_m": 129.61,
        "elevation_start": 31.44,
        "elevation_end": 31.21,
        "slope_percent": 1.77,
        "cost_usd": 57027.46,
        "cost_per_m": 440.0,
        "cumulative_cost": 44261516.74,
        "pressure_drop_pa": 32175.12,
        "cumulative_pressure_pa": 69886037.71,
        "land_cover_class": 20,
        "land_cover_name": "Shrubland",
        "crs": "EPSG:32633"
      }
    },
    {
      "type": "Feature",
      "geometry": {
        "type": "LineString",
        "coordinates": [
          [
            405059.1420765827,
            4759235.843133013
          ],
          [
            405059.1420765827,
            4759106.250089918
          ]
        ]
      },
      "properties": {
        "feature_type": "segment",
        "segment_id": 466,
        "step": 466,
        "length_m": 129.59,
        "elevation_start": 31.21,
        "elevation_end": 27.88,
        "slope_percent": 0.58,
        "cost_usd": 51837.22,
        "cost_per_m": 400.0,
        "cumulative_cost": 44313353.96,
        "pressure_drop_pa": 19396.0,
        "cumulative_pressure_pa": 69905433.72,
        "land_cover_class": 30,
        "land_cover_name": "Grassland",
        "crs": "EPSG:32633"
      }
    },
    {
      "type": "Feature",
      "geometry": {
        "type": "LineString",
        "coordinates": [
          [
            405059.1420765827,
            4759106.250089918
          ],
          [
            404929.5342195479,
            4758976.657046824
          ]
        ]
      },
      "properties": {
        "feature_type": "segment",
        "segment_id": 467,
        "step": 467,
        "length_m": 183.28,
        "elevation_start": 27.88,
        "elevation_end": 31.79,
        "slope_percent": 7.39,
        "cost_usd": 84310.05,
        "cost_per_m": 460.0,
        "cumulative_cost": 44397664.01,
        "pressure_drop_pa": 131221.65,
        "cumulative_pressure_pa": 70036655.37,
        "land_cover_class": 30,
        "land_cover_name": "Grassland",
        "crs": "EPSG:32633"
      }
    },
    {
      "type": "Feature",
      "geometry": {
        "type": "LineString",
        "coordinates": [
          [
            404929.5342195479,
            4758976.657046824
          ],
          [
            404929.5342195479,
            4758847.06400373
          ]
        ]
      },
      "properties": {
        "feature_type": "segment",
        "segment_id": 468,
        "step": 468,
        "length_m": 129.59,
        "elevation_start": 31.79,
        "elevation_end": 44.6,
        "slope_percent": 17.3,
        "cost_usd": 108858.16,
        "cost_per_m": 840.0,
        "cumulative_cost": 44506522.17,
        "pressure_drop_pa": 197311.21,
        "cumulative_pressure_pa": 70233966.58,
        "land_cover_class": 20,
        "land_cover_name": "Shrubland",
        "crs": "EPSG:32633"
      }
    },
    {
      "type": "Feature",
      "geometry": {
        "type": "LineString",
        "coordinates": [
          [
            404929.5342195479,
            4758847.06400373
          ],
          [
            404929.5342195479,
            4758717.470960636
          ]
        ]
      },
      "properties": {
        "feature_type": "segment",
        "segment_id": 469,
        "step": 469,
        "length_m": 129.59,
        "elevation_start": 44.6,
        "elevation_end": 68.92,
        "slope_percent": 17.43,
        "cost_usd": 103674.43,
        "cost_per_m": 800.0,
        "cumulative_cost": 44610196.6,
        "pressure_drop_pa": 198643.16,
        "cumulative_pressure_pa": 70432609.74,
        "land_cover_class": 30,
        "land_cover_name": "Grassland",
        "crs": "EPSG:32633"
      }
    },
    {
      "type": "Feature",
      "geometry": {
        "type": "LineString",
        "coordinates": [
          [
            404929.5342195479,
            4758717.470960636
          ],
          [
            404929.5342195479,
            4758587.877917541
          ]
        ]
      },
      "properties": {
        "feature_type": "segment",
        "segment_id": 470,
        "step": 470,
        "length_m": 129.59,
        "elevation_start": 68.92,
        "elevation_end": 86.83,
        "slope_percent": 15.12,
        "cost_usd": 116633.74,
        "cost_per_m": 900.0,
        "cumulative_cost": 44726830.34,
        "pressure_drop_pa": 174633.75,
        "cumulative_pressure_pa": 70607243.49,
        "land_cover_class": 10,
        "land_cover_name": "Tree cover",
        "crs": "EPSG:32633"
      }
    },
    {
      "type": "Feature",
      "geometry": {
        "type": "LineString",
        "coordinates": [
          [
            404929.5342195479,
            4758587.877917541
          ],
          [
            405059.1420765827,
            4758458.284874447
          ]
        ]
      },
      "properties": {
        "feature_type": "segment",
        "segment_id": 471,
        "step": 471,
        "length_m": 183.28,
        "elevation_start": 86.83,
        "elevation_end": 91.31,
        "slope_percent": 19.79,
        "cost_usd": 164954.44,
        "cost_per_m": 900.0,
        "cumulative_cost": 44891784.78,
        "pressure_drop_pa": 315215.18,
        "cumulative_pressure_pa": 70922458.67,
        "land_cover_class": 10,
        "land_cover_name": "Tree cover",
        "crs": "EPSG:32633"
      }
    },
    {
      "type": "Feature",
      "geometry": {
        "type": "LineString",
        "coordinates": [
          [
            405059.1420765827,
            4758458.284874447
          ],
          [
            405059.1420765827,
            4758328.691831352
          ]
        ]
      },
      "properties": {
        "feature_type": "segment",
        "segment_id": 472,
        "step": 472,
        "length_m": 129.59,
        "elevation_start": 91.31,
        "elevation_end": 114.3,
        "slope_percent": 26.85,
        "cost_usd": 168470.96,
        "cost_per_m": 1300.0,
        "cumulative_cost": 45060255.74,
        "pressure_drop_pa": 293355.69,
        "cumulative_pressure_pa": 71215814.36,
        "land_cover_class": 10,
        "land_cover_name": "Tree cover",
        "crs": "EPSG:32633"
      }
    },
    {
      "type": "Feature",
      "geometry": {
        "type": "LineString",
        "coordinates": [
          [
            405059.1420765827,
            4758328.691831352
          ],
          [
            405188.74993361754,
            4758199.098788258
          ]
        ]
      },
      "properties": {
        "feature_type": "segment",
        "segment_id": 473,
        "step": 473,
        "length_m": 183.28,
        "elevation_start": 114.3,
        "elevation_end": 199.0,
        "slope_percent": 26.41,
        "cost_usd": 238267.53,
        "cost_per_m": 1300.0,
        "cumulative_cost": 45298523.27,
        "pressure_drop_pa": 408829.32,
        "cumulative_pressure_pa": 71624643.68,
        "land_cover_class": 10,
        "land_cover_name": "Tree cover",
        "crs": "EPSG:32633"
      }
    },
    {
      "type": "Feature",
      "geometry": {
        "type": "LineString",
        "coordinates": [
          [
            405188.74993361754,
            4758199.098788258
          ],
          [
            405318.35779065243,
            4758069.505745163
          ]
        ]
      },
      "properties": {
        "feature_type": "segment",
        "segment_id": 474,
        "step": 474,
        "length_m": 183.28,
        "elevation_start": 199.0,
        "elevation_end": 205.6,
        "slope_percent": 9.03,
        "cost_usd": 84310.05,
        "cost_per_m": 460.0,
        "cumulative_cost": 45382833.32,
        "pressure_drop_pa": 156025.85,
        "cumulative_pressure_pa": 71780669.54,
        "land_cover_class": 30,
        "land_cover_name": "Grassland",
        "crs": "EPSG:32633"
      }
    },
    {
      "type": "Feature",
      "geometry": {
        "type": "LineString",
        "coordinates": [
          [
            405318.35779065243,
            4758069.505745163
          ],
          [
            405188.74993361754,
            4757939.912702069
          ]
        ]
      },
      "properties": {
        "feature_type": "segment",
        "segment_id": 475,
        "step": 475,
        "length_m": 183.28,
        "elevation_start": 205.6,
        "elevation_end": 221.47,
        "slope_percent": 9.35,
        "cost_usd": 84310.05,
        "cost_per_m": 460.0,
        "cumulative_cost": 45467143.36,
        "pressure_drop_pa": 160758.74,
        "cumulative_pressure_pa": 71941428.27,
        "land_cover_class": 30,
        "land_cover_name": "Grassland",
        "crs": "EPSG:32633"
      }
    },
    {
      "type": "Feature",
      "geometry": {
        "type": "LineString",
        "coordinates": [
          [
            405188.74993361754,
            4757939.912702069
          ],
          [
            405318.35779065243,
            4757810.319658974
          ]
        ]
      },
      "properties": {
        "feature_type": "segment",
        "segment_id": 476,
        "step": 476,
        "length_m": 183.28,
        "elevation_start": 221.47,
        "elevation_end": 249.25,
        "slope_percent": 5.91,
        "cost_usd": 91641.36,
        "cost_per_m": 500.0,
        "cumulative_cost": 45558784.72,
        "pressure_drop_pa": 108719.78,
        "cumulative_pressure_pa": 72050148.05,
        "land_cover_class": 20,
        "land_cover_name": "Shrubland",
        "crs": "EPSG:32633"
      }
    },
    {
      "type": "Feature",
      "geometry": {
        "type": "LineString",
        "coordinates": [
          [
            405318.35779065243,
            4757810.319658974
          ],
          [
            405318.35779065243,
            4757680.72661588
          ]
        ]
      },
      "properties": {
        "feature_type": "segment",
        "segment_id": 477,
        "step": 477,
        "length_m": 129.59,
        "elevation_start": 249.25,
        "elevation_end": 247.34,
        "slope_percent": 14.0,
        "cost_usd": 72572.1,
        "cost_per_m": 560.0,
        "cumulative_cost": 45631356.83,
        "pressure_drop_pa": 162939.03,
        "cumulative_pressure_pa": 72213087.08,
        "land_cover_class": 30,
        "land_cover_name": "Grassland",
        "crs": "EPSG:32633"
      }
    },
    {
      "type": "Feature",
      "geometry": {
        "type": "LineString",
        "coordinates": [
          [
            405318.35779065243,
            4757680.72661588
          ],
          [
            405318.35779065243,
            4757551.133572786
          ]
        ]
      },
      "properties": {
        "feature_type": "segment",
        "segment_id": 478,
        "step": 478,
        "length_m": 129.59,
        "elevation_start": 247.34,
        "elevation_end": 210.8,
        "slope_percent": 24.33,
        "cost_usd": 108858.16,
        "cost_per_m": 840.0,
        "cumulative_cost": 45740214.98,
        "pressure_drop_pa": 268551.57,
        "cumulative_pressure_pa": 72481638.65,
        "land_cover_class": 20,
        "land_cover_name": "Shrubland",
        "crs": "EPSG:32633"
      }
    },
    {
      "type": "Feature",
      "geometry": {
        "type": "LineString",
        "coordinates": [
          [
            405318.35779065243,
            4757551.133572786
          ],
          [
            405447.96564768726,
            4757421.540529692
          ]
        ]
      },
      "properties": {
        "feature_type": "segment",
        "segment_id": 479,
        "step": 479,
        "length_m": 183.28,
        "elevation_start": 210.8,
        "elevation_end": 178.23,
        "slope_percent": 20.97,
        "cost_usd": 153957.48,
        "cost_per_m": 840.0,
        "cumulative_cost": 45894172.46,
        "pressure_drop_pa": 332231.83,
        "cumulative_pressure_pa": 72813870.48,
        "land_cover_class": 20,
        "land_cover_name": "Shrubland",
        "crs": "EPSG:32633"
      }
    },
    {
      "type": "Feature",
      "geometry": {
        "type": "LineString",
        "coordinates": [
          [
            405447.96564768726,
            4757421.540529692
          ],
          [
            405318.35779065243,
            4757291.947486597
          ]
        ]
      },
      "properties": {
        "feature_type": "segment",
        "segment_id": 480,
        "step": 480,
        "length_m": 183.28,
        "elevation_start": 178.23,
        "elevation_end": 167.97,
        "slope_percent": 23.96,
        "cost_usd": 153957.48,
        "cost_per_m": 840.0,
        "cumulative_cost": 46048129.94,
        "pressure_drop_pa": 374573.86,
        "cumulative_pressure_pa": 73188444.33,
        "land_cover_class": 20,
        "land_cover_name": "Shrubland",
        "crs": "EPSG:32633"
      }
    },
    {
      "type": "Feature",
      "geometry": {
        "type": "LineString",
        "coordinates": [
          [
            405318.35779065243,
            4757291.947486597
          ],
          [
            405318.35779065243,
            4757162.354443503
          ]
        ]
      },
      "properties": {
        "feature_type": "segment",
        "segment_id": 481,
        "step": 481,
        "length_m": 129.59,
        "elevation_start": 167.97,
        "elevation_end": 135.98,
        "slope_percent": 22.86,
        "cost_usd": 103674.43,
        "cost_per_m": 800.0,
        "cumulative_cost": 46151804.38,
        "pressure_drop_pa": 253879.33,
        "cumulative_pressure_pa": 73442323.66,
        "land_cover_class": 30,
        "land_cover_name": "Grassland",
        "crs": "EPSG:32633"
      }
    },
    {
      "type": "Feature",
      "geometry": {
        "type": "LineString",
        "coordinates": [
          [
            405318.35779065243,
            4757162.354443503
          ],
          [
            405318.35779065243,
            4757032.761400408
          ]
        ]
      },
      "properties": {
        "feature_type": "segment",
        "segment_id": 482,
        "step": 482,
        "length_m": 129.59,
        "elevation_start": 135.98,
        "elevation_end": 111.75,
        "slope_percent": 17.02,
        "cost_usd": 103674.43,
        "cost_per_m": 800.0,
        "cumulative_cost": 46255478.81,
        "pressure_drop_pa": 194422.14,
        "cumulative_pressure_pa": 73636745.8,
        "land_cover_class": 30,
        "land_cover_name": "Grassland",
        "crs": "EPSG:32633"
      }
    },
    {
      "type": "Feature",
      "geometry": {
        "type": "LineString",
        "coordinates": [
          [
            405318.35779065243,
            4757032.761400408
          ],
          [
            405188.74993361754,
            4756903.168357314
          ]
        ]
      },
      "properties": {
        "feature_type": "segment",
        "segment_id": 483,
        "step": 483,
        "length_m": 183.28,
        "elevation_start": 111.75,
        "elevation_end": 85.56,
        "slope_percent": 19.37,
        "cost_usd": 146626.17,
        "cost_per_m": 800.0,
        "cumulative_cost": 46402104.98,
        "pressure_drop_pa": 309117.15,
        "cumulative_pressure_pa": 73945862.95,
        "land_cover_class": 30,
        "land_cover_name": "Grassland",
        "crs": "EPSG:32633"
      }
    },
    {
      "type": "Feature",
      "geometry": {
        "type": "LineString",
        "coordinates": [
          [
            405188.74993361754,
            4756903.168357314
          ],
          [
            405059.1420765827,
            4756773.575314219
          ]
        ]
      },
      "properties": {
        "feature_type": "segment",
        "segment_id": 484,
        "step": 484,
        "length_m": 183.28,
        "elevation_start": 85.56,
        "elevation_end": 59.0,
        "slope_percent": 5.24,
        "cost_usd": 84310.05,
        "cost_per_m": 460.0,
        "cumulative_cost": 46486415.03,
        "pressure_drop_pa": 98507.07,
        "cumulative_pressure_pa": 74044370.01,
        "land_cover_class": 30,
        "land_cover_name": "Grassland",
        "crs": "EPSG:32633"
      }
    },
    {
      "type": "Feature",
      "geometry": {
        "type": "LineString",
        "coordinates": [
          [
            405059.1420765827,
            4756773.575314219
          ],
          [
            404929.5342195479,
            4756773.575314219
          ]
        ]
      },
      "properties": {
        "feature_type": "segment",
        "segment_id": 485,
        "step": 485,
        "length_m": 129.61,
        "elevation_start": 59.0,
        "elevation_end": 60.35,
        "slope_percent": 3.7,
        "cost_usd": 51843.14,
        "cost_per_m": 400.0,
        "cumulative_cost": 46538258.17,
        "pressure_drop_pa": 53097.26,
        "cumulative_pressure_pa": 74097467.27,
        "land_cover_class": 30,
        "land_cover_name": "Grassland",
        "crs": "EPSG:32633"
      }
    },
    {
      "type": "Feature",
      "geometry": {
        "type": "LineString",
        "coordinates": [
          [
            404929.5342195479,
            4756773.575314219
          ],
          [
            404799.926362513,
            4756643.982271125
          ]
        ]
      },
      "properties": {
        "feature_type": "segment",
        "segment_id": 486,
        "step": 486,
        "length_m": 183.28,
        "elevation_start": 60.35,
        "elevation_end": 73.96,
        "slope_percent": 10.35,
        "cost_usd": 102638.32,
        "cost_per_m": 560.0,
        "cumulative_cost": 46640896.49,
        "pressure_drop_pa": 175826.68,
        "cumulative_pressure_pa": 74273293.95,
        "land_cover_class": 30,
        "land_cover_name": "Grassland",
        "crs": "EPSG:32633"
      }
    },
    {
      "type": "Feature",
      "geometry": {
        "type": "LineString",
        "coordinates": [
          [
            404799.926362513,
            4756643.982271125
          ],
          [
            404799.926362513,
            4756514.38922803
          ]
        ]
      },
      "properties": {
        "feature_type": "segment",
        "segment_id": 487,
        "step": 487,
        "length_m": 129.59,
        "elevation_start": 73.96,
        "elevation_end": 88.6,
        "slope_percent": 9.88,
        "cost_usd": 59612.8,
        "cost_per_m": 460.0,
        "cumulative_cost": 46700509.29,
        "pressure_drop_pa": 119357.68,
        "cumulative_pressure_pa": 74392651.62,
        "land_cover_class": 30,
        "land_cover_name": "Grassland",
        "crs": "EPSG:32633"
      }
    },
    {
      "type": "Feature",
      "geometry": {
        "type": "LineString",
        "coordinates": [
          [
            404799.926362513,
            4756514.38922803
          ],
          [
            404670.31850547815,
            4756384.796184937
          ]
        ]
      },
      "properties": {
        "feature_type": "segment",
        "segment_id": 488,
        "step": 488,
        "length_m": 183.28,
        "elevation_start": 88.6,
        "elevation_end": 92.83,
        "slope_percent": 8.76,
        "cost_usd": 84310.05,
        "cost_per_m": 460.0,
        "cumulative_cost": 46784819.34,
        "pressure_drop_pa": 151939.58,
        "cumulative_pressure_pa": 74544591.21,
        "land_cover_class": 30,
        "land_cover_name": "Grassland",
        "crs": "EPSG:32633"
      }
    },
    {
      "type": "Feature",
      "geometry": {
        "type": "LineString",
        "coordinates": [
          [
            404670.31850547815,
            4756384.796184937
          ],
          [
            404799.926362513,
            4756255.203141842
          ]
        ]
      },
      "properties": {
        "feature_type": "segment",
        "segment_id": 489,
        "step": 489,
        "length_m": 183.28,
        "elevation_start": 92.83,
        "elevation_end": 122.4,
        "slope_percent": 12.67,
        "cost_usd": 109969.63,
        "cost_per_m": 600.0,
        "cumulative_cost": 46894788.97,
        "pressure_drop_pa": 210685.79,
        "cumulative_pressure_pa": 74755277.0,
        "land_cover_class": 20,
        "land_cover_name": "Shrubland",
        "crs": "EPSG:32633"
      }
    },
    {
      "type": "Feature",
      "geometry": {
        "type": "LineString",
        "coordinates": [
          [
            404799.926362513,
            4756255.203141842
          ],
          [
            404799.926362513,
            4756125.610098748
          ]
        ]
      },
      "properties": {
        "feature_type": "segment",
        "segment_id": 490,
        "step": 490,
        "length_m": 129.59,
        "elevation_start": 122.4,
        "elevation_end": 137.7,
        "slope_percent": 16.31,
        "cost_usd": 103674.43,
        "cost_per_m": 800.0,
        "cumulative_cost": 46998463.41,
        "pressure_drop_pa": 187052.7,
        "cumulative_pressure_pa": 74942329.7,
        "land_cover_class": 30,
        "land_cover_name": "Grassland",
        "crs": "EPSG:32633"
      }
    },
    {
      "type": "Feature",
      "geometry": {
        "type": "LineString",
        "coordinates": [
          [
            404799.926362513,
            4756125.610098748
          ],
          [
            404670.31850547815,
            4755996.017055653
          ]
        ]
      },
      "properties": {
        "feature_type": "segment",
        "segment_id": 491,
        "step": 491,
        "length_m": 183.28,
        "elevation_start": 137.7,
        "elevation_end": 161.93,
        "slope_percent": 21.87,
        "cost_usd": 146626.17,
        "cost_per_m": 800.0,
        "cumulative_cost": 47145089.58,
        "pressure_drop_pa": 345087.43,
        "cumulative_pressure_pa": 75287417.13,
        "land_cover_class": 30,
        "land_cover_name": "Grassland",
        "crs": "EPSG:32633"
      }
    },
    {
      "type": "Feature",
      "geometry": {
        "type": "LineString",
        "coordinates": [
          [
            404670.31850547815,
            4755996.017055653
          ],
          [
            404670.31850547815,
            4755866.424012559
          ]
        ]
      },
      "properties": {
        "feature_type": "segment",
        "segment_id": 492,
        "step": 492,
        "length_m": 129.59,
        "elevation_start": 161.93,
        "elevation_end": 193.7,
        "slope_percent": 13.39,
        "cost_usd": 77755.83,
        "cost_per_m": 600.0,
        "cumulative_cost": 47222845.4,
        "pressure_drop_pa": 156560.46,
        "cumulative_pressure_pa": 75443977.59,
        "land_cover_class": 20,
        "land_cover_name": "Shrubland",
        "crs": "EPSG:32633"
      }
    },
    {
      "type": "Feature",
      "geometry": {
        "type": "LineString",
        "coordinates": [
          [
            404670.31850547815,
            4755866.424012559
          ],
          [
            404799.926362513,
            4755736.830969464
          ]
        ]
      },
      "properties": {
        "feature_type": "segment",
        "segment_id": 493,
        "step": 493,
        "length_m": 183.28,
        "elevation_start": 193.7,
        "elevation_end": 174.66,
        "slope_percent": 16.96,
        "cost_usd": 153957.48,
        "cost_per_m": 840.0,
        "cumulative_cost": 47376802.88,
        "pressure_drop_pa": 274036.57,
        "cumulative_pressure_pa": 75718014.16,
        "land_cover_class": 20,
        "land_cover_name": "Shrubland",
        "crs": "EPSG:32633"
      }
    },
    {
      "type": "Feature",
      "geometry": {
        "type": "LineString",
        "coordinates": [
          [
            404799.926362513,
            4755736.830969464
          ],
          [
            404799.926362513,
            4755607.2379263695
          ]
        ]
      },
      "properties": {
        "feature_type": "segment",
        "segment_id": 494,
        "step": 494,
        "length_m": 129.59,
        "elevation_start": 174.66,
        "elevation_end": 158.84,
        "slope_percent": 18.18,
        "cost_usd": 103674.43,
        "cost_per_m": 800.0,
        "cumulative_cost": 47480477.32,
        "pressure_drop_pa": 206377.76,
        "cumulative_pressure_pa": 75924391.92,
        "land_cover_class": 30,
        "land_cover_name": "Grassland",
        "crs": "EPSG:32633"
      }
    },
    {
      "type": "Feature",
      "geometry": {
        "type": "LineString",
        "coordinates": [
          [
            404799.926362513,
            4755607.2379263695
          ],
          [
            404799.926362513,
            4755477.644883275
          ]
        ]
      },
      "properties": {
        "feature_type": "segment",
        "segment_id": 495,
        "step": 495,
        "length_m": 129.59,
        "elevation_start": 158.84,
        "elevation_end": 159.31,
        "slope_percent": 16.54,
        "cost_usd": 103674.43,
        "cost_per_m": 800.0,
        "cumulative_cost": 47584151.75,
        "pressure_drop_pa": 189443.16,
        "cumulative_pressure_pa": 76113835.08,
        "land_cover_class": 30,
        "land_cover_name": "Grassland",
        "crs": "EPSG:32633"
      }
    },
    {
      "type": "Feature",
      "geometry": {
        "type": "LineString",
        "coordinates": [
          [
            404799.926362513,
            4755477.644883275
          ],
          [
            404799.926362513,
            4755348.0518401805
          ]
        ]
      },
      "properties": {
        "feature_type": "segment",
        "segment_id": 496,
        "step": 496,
        "length_m": 129.59,
        "elevation_start": 159.31,
        "elevation_end": 150.02,
        "slope_percent": 11.5,
        "cost_usd": 85531.41,
        "cost_per_m": 660.0,
        "cumulative_cost": 47669683.16,
        "pressure_drop_pa": 136592.34,
        "cumulative_pressure_pa": 76250427.41,
        "land_cover_class": 10,
        "land_cover_name": "Tree cover",
        "crs": "EPSG:32633"
      }
    },
    {
      "type": "Feature",
      "geometry": {
        "type": "LineString",
        "coordinates": [
          [
            404799.926362513,
            4755348.0518401805
          ],
          [
            404670.31850547815,
            4755218.458797086
          ]
        ]
      },
      "properties": {
        "feature_type": "segment",
        "segment_id": 497,
        "step": 497,
        "length_m": 183.28,
        "elevation_start": 150.02,
        "elevation_end": 181.17,
        "slope_percent": 16.33,
        "cost_usd": 153957.48,
        "cost_per_m": 840.0,
        "cumulative_cost": 47823640.64,
        "pressure_drop_pa": 264834.29,
        "cumulative_pressure_pa": 76515261.7,
        "land_cover_class": 20,
        "land_cover_name": "Shrubland",
        "crs": "EPSG:32633"
      }
    },
    {
      "type": "Feature",
      "geometry": {
        "type": "LineString",
        "coordinates": [
          [
            404670.31850547815,
            4755218.458797086
          ],
          [
            404540.7106484433,
            4755088.865753992
          ]
        ]
      },
      "properties": {
        "feature_type": "segment",
        "segment_id": 498,
        "step": 498,
        "length_m": 183.28,
        "elevation_start": 181.17,
        "elevation_end": 208.66,
        "slope_percent": 16.69,
        "cost_usd": 153957.48,
        "cost_per_m": 840.0,
        "cumulative_cost": 47977598.12,
        "pressure_drop_pa": 270119.34,
        "cumulative_pressure_pa": 76785381.05,
        "land_cover_class": 20,
        "land_cover_name": "Shrubland",
        "crs": "EPSG:32633"
      }
    },
    {
      "type": "Feature",
      "geometry": {
        "type": "LineString",
        "coordinates": [
          [
            404540.7106484433,
            4755088.865753992
          ],
          [
            404540.7106484433,
            4754959.272710898
          ]
        ]
      },
      "properties": {
        "feature_type": "segment",
        "segment_id": 499,
        "step": 499,
        "length_m": 129.59,
        "elevation_start": 208.66,
        "elevation_end": 229.4,
        "slope_percent": 16.18,
        "cost_usd": 108858.16,
        "cost_per_m": 840.0,
        "cumulative_cost": 48086456.28,
        "pressure_drop_pa": 185690.87,
        "cumulative_pressure_pa": 76971071.91,
        "land_cover_class": 20,
        "land_cover_name": "Shrubland",
        "crs": "EPSG:32633"
      }
    },
    {
      "type": "Feature",
      "geometry": {
        "type": "LineString",
        "coordinates": [
          [
            404540.7106484433,
            4754959.272710898
          ],
          [
            404540.7106484433,
            4754829.679667803
          ]
        ]
      },
      "properties": {
        "feature_type": "segment",
        "segment_id": 500,
        "step": 500,
        "length_m": 129.59,
        "elevation_start": 229.4,
        "elevation_end": 241.67,
        "slope_percent": 14.83,
        "cost_usd": 77755.83,
        "cost_per_m": 600.0,
        "cumulative_cost": 48164212.1,
        "pressure_drop_pa": 171578.58,
        "cumulative_pressure_pa": 77142650.49,
        "land_cover_class": 20,
        "land_cover_name": "Shrubland",
        "crs": "EPSG:32633"
      }
    },
    {
      "type": "Feature",
      "geometry": {
        "type": "LineString",
        "coordinates": [
          [
            404540.7106484433,
            4754829.679667803
          ],
          [
            404670.31850547815,
            4754700.086624709
          ]
        ]
      },
      "properties": {
        "feature_type": "segment",
        "segment_id": 501,
        "step": 501,
        "length_m": 183.28,
        "elevation_start": 241.67,
        "elevation_end": 245.76,
        "slope_percent": 9.91,
        "cost_usd": 84310.05,
        "cost_per_m": 460.0,
        "cumulative_cost": 48248522.15,
        "pressure_drop_pa": 169181.08,
        "cumulative_pressure_pa": 77311831.57,
        "land_cover_class": 30,
        "land_cover_name": "Grassland",
        "crs": "EPSG:32633"
      }
    },
    {
      "type": "Feature",
      "geometry": {
        "type": "LineString",
        "coordinates": [
          [
            404670.31850547815,
            4754700.086624709
          ],
          [
            404799.926362513,
            4754570.493581614
          ]
        ]
      },
      "properties": {
        "feature_type": "segment",
        "segment_id": 502,
        "step": 502,
        "length_m": 183.28,
        "elevation_start": 245.76,
        "elevation_end": 262.66,
        "slope_percent": 6.86,
        "cost_usd": 84310.05,
        "cost_per_m": 460.0,
        "cumulative_cost": 48332832.2,
        "pressure_drop_pa": 123144.8,
        "cumulative_pressure_pa": 77434976.37,
        "land_cover_class": 30,
        "land_cover_name": "Grassland",
        "crs": "EPSG:32633"
      }
    },
    {
      "type": "Feature",
      "geometry": {
        "type": "LineString",
        "coordinates": [
          [
            404799.926362513,
            4754570.493581614
          ],
          [
            404929.5342195479,
            4754440.90053852
          ]
        ]
      },
      "properties": {
        "feature_type": "segment",
        "segment_id": 503,
        "step": 503,
        "length_m": 183.28,
        "elevation_start": 262.66,
        "elevation_end": 259.49,
        "slope_percent": 14.25,
        "cost_usd": 109969.63,
        "cost_per_m": 600.0,
        "cumulative_cost": 48442801.83,
        "pressure_drop_pa": 234164.79,
        "cumulative_pressure_pa": 77669141.16,
        "land_cover_class": 20,
        "land_cover_name": "Shrubland",
        "crs": "EPSG:32633"
      }
    },
    {
      "type": "Feature",
      "geometry": {
        "type": "LineString",
        "coordinates": [
          [
            404929.5342195479,
            4754440.90053852
          ],
          [
            405059.1420765827,
            4754311.307495425
          ]
        ]
      },
      "properties": {
        "feature_type": "segment",
        "segment_id": 504,
        "step": 504,
        "length_m": 183.28,
        "elevation_start": 259.49,
        "elevation_end": 221.43,
        "slope_percent": 19.42,
        "cost_usd": 153957.48,
        "cost_per_m": 840.0,
        "cumulative_cost": 48596759.31,
        "pressure_drop_pa": 309837.01,
        "cumulative_pressure_pa": 77978978.17,
        "land_cover_class": 20,
        "land_cover_name": "Shrubland",
        "crs": "EPSG:32633"
      }
    },
    {
      "type": "Feature",
      "geometry": {
        "type": "LineString",
        "coordinates": [
          [
            405059.1420765827,
            4754311.307495425
          ],
          [
            405188.74993361754,
            4754181.714452331
          ]
        ]
      },
      "properties": {
        "feature_type": "segment",
        "segment_id": 505,
        "step": 505,
        "length_m": 183.28,
        "elevation_start": 221.43,
        "elevation_end": 189.26,
        "slope_percent": 14.41,
        "cost_usd": 102638.32,
        "cost_per_m": 560.0,
        "cumulative_cost": 48699397.63,
        "pressure_drop_pa": 236483.59,
        "cumulative_pressure_pa": 78215461.76,
        "land_cover_class": 30,
        "land_cover_name": "Grassland",
        "crs": "EPSG:32633"
      }
    },
    {
      "type": "Feature",
      "geometry": {
        "type": "LineString",
        "coordinates": [
          [
            405188.74993361754,
            4754181.714452331
          ],
          [
            405318.35779065243,
            4754181.714452331
          ]
        ]
      },
      "properties": {
        "feature_type": "segment",
        "segment_id": 506,
        "step": 506,
        "length_m": 129.61,
        "elevation_start": 189.26,
        "elevation_end": 194.22,
        "slope_percent": 18.38,
        "cost_usd": 108870.6,
        "cost_per_m": 840.0,
        "cumulative_cost": 48808268.23,
        "pressure_drop_pa": 208453.53,
        "cumulative_pressure_pa": 78423915.29,
        "land_cover_class": 20,
        "land_cover_name": "Shrubland",
        "crs": "EPSG:32633"
      }
    },
    {
      "type": "Feature",
      "geometry": {
        "type": "LineString",
        "coordinates": [
          [
            405318.35779065243,
            4754181.714452331
          ],
          [
            405447.96564768726,
            4754181.714452331
          ]
        ]
      },
      "properties": {
        "feature_type": "segment",
        "segment_id": 507,
        "step": 507,
        "length_m": 129.61,
        "elevation_start": 194.22,
        "elevation_end": 185.01,
        "slope_percent": 17.35,
        "cost_usd": 103686.29,
        "cost_per_m": 800.0,
        "cumulative_cost": 48911954.51,
        "pressure_drop_pa": 197837.55,
        "cumulative_pressure_pa": 78621752.83,
        "land_cover_class": 30,
        "land_cover_name": "Grassland",
        "crs": "EPSG:32633"
      }
    },
    {
      "type": "Feature",
      "geometry": {
        "type": "LineString",
        "coordinates": [
          [
            405447.96564768726,
            4754181.714452331
          ],
          [
            405577.57350472215,
            4754052.121409236
          ]
        ]
      },
      "properties": {
        "feature_type": "segment",
        "segment_id": 508,
        "step": 508,
        "length_m": 183.28,
        "elevation_start": 185.01,
        "elevation_end": 185.05,
        "slope_percent": 19.67,
        "cost_usd": 153957.48,
        "cost_per_m": 840.0,
        "cumulative_cost": 49065911.99,
        "pressure_drop_pa": 313456.13,
        "cumulative_pressure_pa": 78935208.97,
        "land_cover_class": 20,
        "land_cover_name": "Shrubland",
        "crs": "EPSG:32633"
      }
    },
    {
      "type": "Feature",
      "geometry": {
        "type": "LineString",
        "coordinates": [
          [
            405577.57350472215,
            4754052.121409236
          ],
          [
            405707.181361757,
            4754181.714452331
          ]
        ]
      },
      "properties": {
        "feature_type": "segment",
        "segment_id": 509,
        "step": 509,
        "length_m": 183.28,
        "elevation_start": 185.05,
        "elevation_end": 197.46,
        "slope_percent": 18.76,
        "cost_usd": 153957.48,
        "cost_per_m": 840.0,
        "cumulative_cost": 49219869.48,
        "pressure_drop_pa": 300242.77,
        "cumulative_pressure_pa": 79235451.74,
        "land_cover_class": 20,
        "land_cover_name": "Shrubland",
        "crs": "EPSG:32633"
      }
    },
    {
      "type": "Feature",
      "geometry": {
        "type": "LineString",
        "coordinates": [
          [
            405707.181361757,
            4754181.714452331
          ],
          [
            405836.7892187918,
            4754052.121409236
          ]
        ]
      },
      "properties": {
        "feature_type": "segment",
        "segment_id": 510,
        "step": 510,
        "length_m": 183.28,
        "elevation_start": 197.46,
        "elevation_end": 221.49,
        "slope_percent": 18.92,
        "cost_usd": 153957.48,
        "cost_per_m": 840.0,
        "cumulative_cost": 49373826.96,
        "pressure_drop_pa": 302695.26,
        "cumulative_pressure_pa": 79538146.99,
        "land_cover_class": 20,
        "land_cover_name": "Shrubland",
        "crs": "EPSG:32633"
      }
    },
    {
      "type": "Feature",
      "geometry": {
        "type": "LineString",
        "coordinates": [
          [
            405836.7892187918,
            4754052.121409236
          ],
          [
            405966.3970758267,
            4753922.528366142
          ]
        ]
      },
      "properties": {
        "feature_type": "segment",
        "segment_id": 511,
        "step": 511,
        "length_m": 183.28,
        "elevation_start": 221.49,
        "elevation_end": 204.72,
        "slope_percent": 25.5,
        "cost_usd": 227270.57,
        "cost_per_m": 1240.0,
        "cumulative_cost": 49601097.52,
        "pressure_drop_pa": 396220.19,
        "cumulative_pressure_pa": 79934367.18,
        "land_cover_class": 20,
        "land_cover_name": "Shrubland",
        "crs": "EPSG:32633"
      }
    },
    {
      "type": "Feature",
      "geometry": {
        "type": "LineString",
        "coordinates": [
          [
            405966.3970758267,
            4753922.528366142
          ],
          [
            406096.00493286154,
            4753792.935323048
          ]
        ]
      },
      "properties": {
        "feature_type": "segment",
        "segment_id": 512,
        "step": 512,
        "length_m": 183.28,
        "elevation_start": 204.72,
        "elevation_end": 169.43,
        "slope_percent": 23.53,
        "cost_usd": 146626.17,
        "cost_per_m": 800.0,
        "cumulative_cost": 49747723.69,
        "pressure_drop_pa": 368513.35,
        "cumulative_pressure_pa": 80302880.53,
        "land_cover_class": 30,
        "land_cover_name": "Grassland",
        "crs": "EPSG:32633"
      }
    },
    {
      "type": "Feature",
      "geometry": {
        "type": "LineString",
        "coordinates": [
          [
            406096.00493286154,
            4753792.935323048
          ],
          [
            406225.61278989643,
            4753792.935323048
          ]
        ]
      },
      "properties": {
        "feature_type": "segment",
        "segment_id": 513,
        "step": 513,
        "length_m": 129.61,
        "elevation_start": 169.43,
        "elevation_end": 163.02,
        "slope_percent": 25.54,
        "cost_usd": 155529.43,
        "cost_per_m": 1200.0,
        "cumulative_cost": 49903253.12,
        "pressure_drop_pa": 280539.91,
        "cumulative_pressure_pa": 80583420.45,
        "land_cover_class": 30,
        "land_cover_name": "Grassland",
        "crs": "EPSG:32633"
      }
    },
    {
      "type": "Feature",
      "geometry": {
        "type": "LineString",
        "coordinates": [
          [
            406225.61278989643,
            4753792.935323048
          ],
          [
            406355.22064693127,
            4753663.342279954
          ]
        ]
      },
      "properties": {
        "feature_type": "segment",
        "segment_id": 514,
        "step": 514,
        "length_m": 183.28,
        "elevation_start": 163.02,
        "elevation_end": 168.38,
        "slope_percent": 23.61,
        "cost_usd": 153957.48,
        "cost_per_m": 840.0,
        "cumulative_cost": 50057210.6,
        "pressure_drop_pa": 369673.4,
        "cumulative_pressure_pa": 80953093.85,
        "land_cover_class": 20,
        "land_cover_name": "Shrubland",
        "crs": "EPSG:32633"
      }
    },
    {
      "type": "Feature",
      "geometry": {
        "type": "LineString",
        "coordinates": [
          [
            406355.22064693127,
            4753663.342279954
          ],
          [
            406484.8285039661,
            4753663.342279954
          ]
        ]
      },
      "properties": {
        "feature_type": "segment",
        "segment_id": 515,
        "step": 515,
        "length_m": 129.61,
        "elevation_start": 168.38,
        "elevation_end": 161.31,
        "slope_percent": 27.27,
        "cost_usd": 160713.74,
        "cost_per_m": 1240.0,
        "cumulative_cost": 50217924.34,
        "pressure_drop_pa": 297411.19,
        "cumulative_pressure_pa": 81250505.04,
        "land_cover_class": 20,
        "land_cover_name": "Shrubland",
        "crs": "EPSG:32633"
      }
    },
    {
      "type": "Feature",
      "geometry": {
        "type": "LineString",
        "coordinates": [
          [
            406484.8285039661,
            4753663.342279954
          ],
          [
            406614.436361001,
            4753533.749236859
          ]
        ]
      },
      "properties": {
        "feature_type": "segment",
        "segment_id": 516,
        "step": 516,
        "length_m": 183.28,
        "elevation_start": 161.31,
        "elevation_end": 139.44,
        "slope_percent": 18.68,
        "cost_usd": 153957.48,
        "cost_per_m": 840.0,
        "cumulative_cost": 50371881.82,
        "pressure_drop_pa": 299176.33,
        "cumulative_pressure_pa": 81549681.37,
        "land_cover_class": 20,
        "land_cover_name": "Shrubland",
        "crs": "EPSG:32633"
      }
    },
    {
      "type": "Feature",
      "geometry": {
        "type": "LineString",
        "coordinates": [
          [
            406614.436361001,
            4753533.749236859
          ],
          [
            406744.0442180358,
            4753404.156193765
          ]
        ]
      },
      "properties": {
        "feature_type": "segment",
        "segment_id": 517,
        "step": 517,
        "length_m": 183.28,
        "elevation_start": 139.44,
        "elevation_end": 123.46,
        "slope_percent": 22.06,
        "cost_usd": 146626.17,
        "cost_per_m": 800.0,
        "cumulative_cost": 50518508.0,
        "pressure_drop_pa": 347786.12,
        "cumulative_pressure_pa": 81897467.49,
        "land_cover_class": 30,
        "land_cover_name": "Grassland",
        "crs": "EPSG:32633"
      }
    },
    {
      "type": "Feature",
      "geometry": {
        "type": "LineString",
        "coordinates": [
          [
            406744.0442180358,
            4753404.156193765
          ],
          [
            406873.65207507065,
            4753404.156193765
          ]
        ]
      },
      "properties": {
        "feature_type": "segment",
        "segment_id": 518,
        "step": 518,
        "length_m": 129.61,
        "elevation_start": 123.46,
        "elevation_end": 110.38,
        "slope_percent": 22.83,
        "cost_usd": 103686.29,
        "cost_per_m": 800.0,
        "cumulative_cost": 50622194.28,
        "pressure_drop_pa": 253662.28,
        "cumulative_pressure_pa": 82151129.76,
        "land_cover_class": 30,
        "land_cover_name": "Grassland",
        "crs": "EPSG:32633"
      }
    },
    {
      "type": "Feature",
      "geometry": {
        "type": "LineString",
        "coordinates": [
          [
            406873.65207507065,
            4753404.156193765
          ],
          [
            407003.25993210555,
            4753274.56315067
          ]
        ]
      },
      "properties": {
        "feature_type": "segment",
        "segment_id": 519,
        "step": 519,
        "length_m": 183.28,
        "elevation_start": 110.38,
        "elevation_end": 69.27,
        "slope_percent": 22.78,
        "cost_usd": 153957.48,
        "cost_per_m": 840.0,
        "cumulative_cost": 50776151.76,
        "pressure_drop_pa": 358021.12,
        "cumulative_pressure_pa": 82509150.88,
        "land_cover_class": 20,
        "land_cover_name": "Shrubland",
        "crs": "EPSG:32633"
      }
    },
    {
      "type": "Feature",
      "geometry": {
        "type": "LineString",
        "coordinates": [
          [
            407003.25993210555,
            4753274.56315067
          ],
          [
            407132.8677891404,
            4753404.156193765
          ]
        ]
      },
      "properties": {
        "feature_type": "segment",
        "segment_id": 520,
        "step": 520,
        "length_m": 183.28,
        "elevation_start": 69.27,
        "elevation_end": 106.45,
        "slope_percent": 20.6,
        "cost_usd": 153957.48,
        "cost_per_m": 840.0,
        "cumulative_cost": 50930109.24,
        "pressure_drop_pa": 326840.6,
        "cumulative_pressure_pa": 82835991.48,
        "land_cover_class": 20,
        "land_cover_name": "Shrubland",
        "crs": "EPSG:32633"
      }
    },
    {
      "type": "Feature",
      "geometry": {
        "type": "LineString",
        "coordinates": [
          [
            407132.8677891404,
            4753404.156193765
          ],
          [
            407262.47564617527,
            4753274.56315067
          ]
        ]
      },
      "properties": {
        "feature_type": "segment",
        "segment_id": 521,
        "step": 521,
        "length_m": 183.28,
        "elevation_start": 106.45,
        "elevation_end": 67.19,
        "slope_percent": 23.95,
        "cost_usd": 153957.48,
        "cost_per_m": 840.0,
        "cumulative_cost": 51084066.72,
        "pressure_drop_pa": 374427.58,
        "cumulative_pressure_pa": 83210419.06,
        "land_cover_class": 20,
        "land_cover_name": "Shrubland",
        "crs": "EPSG:32633"
      }
    },
    {
      "type": "Feature",
      "geometry": {
        "type": "LineString",
        "coordinates": [
          [
            407262.47564617527,
            4753274.56315067
          ],
          [
            407392.0835032101,
            4753274.56315067
          ]
        ]
      },
      "properties": {
        "feature_type": "segment",
        "segment_id": 522,
        "step": 522,
        "length_m": 129.61,
        "elevation_start": 67.19,
        "elevation_end": 57.46,
        "slope_percent": 22.58,
        "cost_usd": 108870.6,
        "cost_per_m": 840.0,
        "cumulative_cost": 51192937.32,
        "pressure_drop_pa": 251119.21,
        "cumulative_pressure_pa": 83461538.27,
        "land_cover_class": 20,
        "land_cover_name": "Shrubland",
        "crs": "EPSG:32633"
      }
    },
    {
      "type": "Feature",
      "geometry": {
        "type": "LineString",
        "coordinates": [
          [
            407392.0835032101,
            4753274.56315067
          ],
          [
            407521.69136024493,
            4753274.56315067
          ]
        ]
      },
      "properties": {
        "feature_type": "segment",
        "segment_id": 523,
        "step": 523,
        "length_m": 129.61,
        "elevation_start": 57.46,
        "elevation_end": 62.31,
        "slope_percent": 22.01,
        "cost_usd": 103686.29,
        "cost_per_m": 800.0,
        "cumulative_cost": 51296623.61,
        "pressure_drop_pa": 245444.99,
        "cumulative_pressure_pa": 83706983.26,
        "land_cover_class": 30,
        "land_cover_name": "Grassland",
        "crs": "EPSG:32633"
      }
    },
    {
      "type": "Feature",
      "geometry": {
        "type": "LineString",
        "coordinates": [
          [
            407521.69136024493,
            4753274.56315067
          ],
          [
            407651.2992172798,
            4753144.970107576
          ]
        ]
      },
      "properties": {
        "feature_type": "segment",
        "segment_id": 524,
        "step": 524,
        "length_m": 183.28,
        "elevation_start": 62.31,
        "elevation_end": 31.41,
        "slope_percent": 10.5,
        "cost_usd": 102638.32,
        "cost_per_m": 560.0,
        "cumulative_cost": 51399261.93,
        "pressure_drop_pa": 178159.69,
        "cumulative_pressure_pa": 83885142.95,
        "land_cover_class": 30,
        "land_cover_name": "Grassland",
        "crs": "EPSG:32633"
      }
    },
    {
      "type": "Feature",
      "geometry": {
        "type": "LineString",
        "coordinates": [
          [
            407651.2992172798,
            4753144.970107576
          ],
          [
            407651.2992172798,
            4753015.377064481
          ]
        ]
      },
      "properties": {
        "feature_type": "segment",
        "segment_id": 525,
        "step": 525,
        "length_m": 129.59,
        "elevation_start": 31.41,
        "elevation_end": 39.6,
        "slope_percent": 9.45,
        "cost_usd": 59612.8,
        "cost_per_m": 460.0,
        "cumulative_cost": 51458874.73,
        "pressure_drop_pa": 114746.06,
        "cumulative_pressure_pa": 83999889.01,
        "land_cover_class": 30,
        "land_cover_name": "Grassland",
        "crs": "EPSG:32633"
      }
    },
    {
      "type": "Feature",
      "geometry": {
        "type": "LineString",
        "coordinates": [
          [
            407651.2992172798,
            4753015.377064481
          ],
          [
            407651.2992172798,
            4752885.784021387
          ]
        ]
      },
      "properties": {
        "feature_type": "segment",
        "segment_id": 526,
        "step": 526,
        "length_m": 129.59,
        "elevation_start": 39.6,
        "elevation_end": 58.57,
        "slope_percent": 17.99,
        "cost_usd": 103674.43,
        "cost_per_m": 800.0,
        "cumulative_cost": 51562549.16,
        "pressure_drop_pa": 204468.02,
        "cumulative_pressure_pa": 84204357.02,
        "land_cover_class": 30,
        "land_cover_name": "Grassland",
        "crs": "EPSG:32633"
      }
    },
    {
      "type": "Feature",
      "geometry": {
        "type": "LineString",
        "coordinates": [
          [
            407651.2992172798,
            4752885.784021387
          ],
          [
            407651.2992172798,
            4752756.190978292
          ]
        ]
      },
      "properties": {
        "feature_type": "segment",
        "segment_id": 527,
        "step": 527,
        "length_m": 129.59,
        "elevation_start": 58.57,
        "elevation_end": 83.87,
        "slope_percent": 23.45,
        "cost_usd": 108858.16,
        "cost_per_m": 840.0,
        "cumulative_cost": 51671407.32,
        "pressure_drop_pa": 259836.05,
        "cumulative_pressure_pa": 84464193.07,
        "land_cover_class": 20,
        "land_cover_name": "Shrubland",
        "crs": "EPSG:32633"
      }
    },
    {
      "type": "Feature",
      "geometry": {
        "type": "LineString",
        "coordinates": [
          [
            407651.2992172798,
            4752756.190978292
          ],
          [
            407651.2992172798,
            4752626.597935198
          ]
        ]
      },
      "properties": {
        "feature_type": "segment",
        "segment_id": 528,
        "step": 528,
        "length_m": 129.59,
        "elevation_start": 83.87,
        "elevation_end": 119.55,
        "slope_percent": 26.09,
        "cost_usd": 160695.37,
        "cost_per_m": 1240.0,
        "cumulative_cost": 51832102.69,
        "pressure_drop_pa": 285941.51,
        "cumulative_pressure_pa": 84750134.58,
        "land_cover_class": 20,
        "land_cover_name": "Shrubland",
        "crs": "EPSG:32633"
      }
    },
    {
      "type": "Feature",
      "geometry": {
        "type": "LineString",
        "coordinates": [
          [
            407651.2992172798,
            4752626.597935198
          ],
          [
            407651.2992172798,
            4752497.004892104
          ]
        ]
      },
      "properties": {
        "feature_type": "segment",
        "segment_id": 529,
        "step": 529,
        "length_m": 129.59,
        "elevation_start": 119.55,
        "elevation_end": 153.34,
        "slope_percent": 6.21,
        "cost_usd": 59612.8,
        "cost_per_m": 460.0,
        "cumulative_cost": 51891715.49,
        "pressure_drop_pa": 80047.59,
        "cumulative_pressure_pa": 84830182.17,
        "land_cover_class": 30,
        "land_cover_name": "Grassland",
        "crs": "EPSG:32633"
      }
    },
    {
      "type": "Feature",
      "geometry": {
        "type": "LineString",
        "coordinates": [
          [
            407651.2992172798,
            4752497.004892104
          ],
          [
            407521.69136024493,
            4752367.41184901
          ]
        ]
      },
      "properties": {
        "feature_type": "segment",
        "segment_id": 530,
        "step": 530,
        "length_m": 183.28,
        "elevation_start": 153.34,
        "elevation_end": 113.74,
        "slope_percent": 20.57,
        "cost_usd": 146626.17,
        "cost_per_m": 800.0,
        "cumulative_cost": 52038341.66,
        "pressure_drop_pa": 326503.94,
        "cumulative_pressure_pa": 85156686.11,
        "land_cover_class": 30,
        "land_cover_name": "Grassland",
        "crs": "EPSG:32633"
      }
    },
    {
      "type": "Feature",
      "geometry": {
        "type": "LineString",
        "coordinates": [
          [
            407521.69136024493,
            4752367.41184901
          ],
          [
            407521.69136024493,
            4752237.818805915
          ]
        ]
      },
      "properties": {
        "feature_type": "segment",
        "segment_id": 531,
        "step": 531,
        "length_m": 129.59,
        "elevation_start": 113.74,
        "elevation_end": 93.22,
        "slope_percent": 16.6,
        "cost_usd": 108858.16,
        "cost_per_m": 840.0,
        "cumulative_cost": 52147199.82,
        "pressure_drop_pa": 190010.75,
        "cumulative_pressure_pa": 85346696.86,
        "land_cover_class": 20,
        "land_cover_name": "Shrubland",
        "crs": "EPSG:32633"
      }
    },
    {
      "type": "Feature",
      "geometry": {
        "type": "LineString",
        "coordinates": [
          [
            407521.69136024493,
            4752237.818805915
          ],
          [
            407521.69136024493,
            4752108.225762821
          ]
        ]
      },
      "properties": {
        "feature_type": "segment",
        "segment_id": 532,
        "step": 532,
        "length_m": 129.59,
        "elevation_start": 93.22,
        "elevation_end": 85.24,
        "slope_percent": 9.15,
        "cost_usd": 59612.8,
        "cost_per_m": 460.0,
        "cumulative_cost": 52206812.62,
        "pressure_drop_pa": 111508.87,
        "cumulative_pressure_pa": 85458205.73,
        "land_cover_class": 30,
        "land_cover_name": "Grassland",
        "crs": "EPSG:32633"
      }
    },
    {
      "type": "Feature",
      "geometry": {
        "type": "LineString",
        "coordinates": [
          [
            407521.69136024493,
            4752108.225762821
          ],
          [
            407392.0835032101,
            4751978.632719726
          ]
        ]
      },
      "properties": {
        "feature_type": "segment",
        "segment_id": 533,
        "step": 533,
        "length_m": 183.28,
        "elevation_start": 85.24,
        "elevation_end": 56.45,
        "slope_percent": 10.45,
        "cost_usd": 139294.86,
        "cost_per_m": 760.0,
        "cumulative_cost": 52346107.48,
        "pressure_drop_pa": 177373.18,
        "cumulative_pressure_pa": 85635578.91,
        "land_cover_class": 40,
        "land_cover_name": "Cropland",
        "crs": "EPSG:32633"
      }
    },
    {
      "type": "Feature",
      "geometry": {
        "type": "LineString",
        "coordinates": [
          [
            407392.0835032101,
            4751978.632719726
          ],
          [
            407392.0835032101,
            4751849.039676632
          ]
        ]
      },
      "properties": {
        "feature_type": "segment",
        "segment_id": 534,
        "step": 534,
        "length_m": 129.59,
        "elevation_start": 56.45,
        "elevation_end": 45.97,
        "slope_percent": 8.69,
        "cost_usd": 85531.41,
        "cost_per_m": 660.0,
        "cumulative_cost": 52431638.89,
        "pressure_drop_pa": 106664.81,
        "cumulative_pressure_pa": 85742243.72,
        "land_cover_class": 40,
        "land_cover_name": "Cropland",
        "crs": "EPSG:32633"
      }
    },
    {
      "type": "Feature",
      "geometry": {
        "type": "LineString",
        "coordinates": [
          [
            407392.0835032101,
            4751849.039676632
          ],
          [
            407262.47564617527,
            4751719.446633537
          ]
        ]
      },
      "properties": {
        "feature_type": "segment",
        "segment_id": 535,
        "step": 535,
        "length_m": 183.28,
        "elevation_start": 45.97,
        "elevation_end": 50.79,
        "slope_percent": 15.23,
        "cost_usd": 153957.48,
        "cost_per_m": 840.0,
        "cumulative_cost": 52585596.37,
        "pressure_drop_pa": 248605.28,
        "cumulative_pressure_pa": 85990849.0,
        "land_cover_class": 20,
        "land_cover_name": "Shrubland",
        "crs": "EPSG:32633"
      }
    },
    {
      "type": "Feature",
      "geometry": {
        "type": "LineString",
        "coordinates": [
          [
            407262.47564617527,
            4751719.446633537
          ],
          [
            407392.0835032101,
            4751589.853590443
          ]
        ]
      },
      "properties": {
        "feature_type": "segment",
        "segment_id": 536,
        "step": 536,
        "length_m": 183.28,
        "elevation_start": 50.79,
        "elevation_end": 32.28,
        "slope_percent": 7.07,
        "cost_usd": 91641.36,
        "cost_per_m": 500.0,
        "cumulative_cost": 52677237.73,
        "pressure_drop_pa": 126372.59,
        "cumulative_pressure_pa": 86117221.59,
        "land_cover_class": 20,
        "land_cover_name": "Shrubland",
        "crs": "EPSG:32633"
      }
    },
    {
      "type": "Feature",
      "geometry": {
        "type": "LineString",
        "coordinates": [
          [
            407392.0835032101,
            4751589.853590443
          ],
          [
            407521.69136024493,
            4751460.260547348
          ]
        ]
      },
      "properties": {
        "feature_type": "segment",
        "segment_id": 537,
        "step": 537,
        "length_m": 183.28,
        "elevation_start": 32.28,
        "elevation_end": 27.44,
        "slope_percent": 8.64,
        "cost_usd": 84310.05,
        "cost_per_m": 460.0,
        "cumulative_cost": 52761547.78,
        "pressure_drop_pa": 150143.8,
        "cumulative_pressure_pa": 86267365.39,
        "land_cover_class": 30,
        "land_cover_name": "Grassland",
        "crs": "EPSG:32633"
      }
    },
    {
      "type": "Feature",
      "geometry": {
        "type": "LineString",
        "coordinates": [
          [
            407521.69136024493,
            4751460.260547348
          ],
          [
            407392.0835032101,
            4751330.667504255
          ]
        ]
      },
      "properties": {
        "feature_type": "segment",
        "segment_id": 538,
        "step": 538,
        "length_m": 183.28,
        "elevation_start": 27.44,
        "elevation_end": 29.88,
        "slope_percent": 13.57,
        "cost_usd": 139294.86,
        "cost_per_m": 760.0,
        "cumulative_cost": 52900842.64,
        "pressure_drop_pa": 224041.48,
        "cumulative_pressure_pa": 86491406.87,
        "land_cover_class": 40,
        "land_cover_name": "Cropland",
        "crs": "EPSG:32633"
      }
    },
    {
      "type": "Feature",
      "geometry": {
        "type": "LineString",
        "coordinates": [
          [
            407392.0835032101,
            4751330.667504255
          ],
          [
            407392.0835032101,
            4751201.07446116
          ]
        ]
      },
      "properties": {
        "feature_type": "segment",
        "segment_id": 539,
        "step": 539,
        "length_m": 129.59,
        "elevation_start": 29.88,
        "elevation_end": 30.58,
        "slope_percent": 14.06,
        "cost_usd": 85531.41,
        "cost_per_m": 660.0,
        "cumulative_cost": 52986374.05,
        "pressure_drop_pa": 163566.72,
        "cumulative_pressure_pa": 86654973.6,
        "land_cover_class": 10,
        "land_cover_name": "Tree cover",
        "crs": "EPSG:32633"
      }
    },
    {
      "type": "Feature",
      "geometry": {
        "type": "LineString",
        "coordinates": [
          [
            407392.0835032101,
            4751201.07446116
          ],
          [
            407392.0835032101,
            4751071.481418066
          ]
        ]
      },
      "properties": {
        "feature_type": "segment",
        "segment_id": 540,
        "step": 540,
        "length_m": 129.59,
        "elevation_start": 30.58,
        "elevation_end": 15.86,
        "slope_percent": 11.11,
        "cost_usd": 85531.41,
        "cost_per_m": 660.0,
        "cumulative_cost": 53071905.46,
        "pressure_drop_pa": 132410.52,
        "cumulative_pressure_pa": 86787384.12,
        "land_cover_class": 10,
        "land_cover_name": "Tree cover",
        "crs": "EPSG:32633"
      }
    },
    {
      "type": "Feature",
      "geometry": {
        "type": "LineString",
        "coordinates": [
          [
            407392.0835032101,
            4751071.481418066
          ],
          [
            407392.0835032101,
            4750941.888374971
          ]
        ]
      },
      "properties": {
        "feature_type": "segment",
        "segment_id": 541,
        "step": 541,
        "length_m": 129.59,
        "elevation_start": 15.86,
        "elevation_end": 10.5,
        "slope_percent": 3.73,
        "cost_usd": 51837.22,
        "cost_per_m": 400.0,
        "cumulative_cost": 53123742.67,
        "pressure_drop_pa": 53329.1,
        "cumulative_pressure_pa": 86840713.21,
        "land_cover_class": 30,
        "land_cover_name": "Grassland",
        "crs": "EPSG:32633"
      }
    },
    {
      "type": "Feature",
      "geometry": {
        "type": "LineString",
        "coordinates": [
          [
            407392.0835032101,
            4750941.888374971
          ],
          [
            407521.69136024493,
            4750812.295331877
          ]
        ]
      },
      "properties": {
        "feature_type": "segment",
        "segment_id": 542,
        "step": 542,
        "length_m": 183.28,
        "elevation_start": 10.5,
        "elevation_end": 8.47,
        "slope_percent": 0.86,
        "cost_usd": 91641.36,
        "cost_per_m": 500.0,
        "cumulative_cost": 53215384.03,
        "pressure_drop_pa": 31698.38,
        "cumulative_pressure_pa": 86872411.59,
        "land_cover_class": 10,
        "land_cover_name": "Tree cover",
        "crs": "EPSG:32633"
      }
    },
    {
      "type": "Feature",
      "geometry": {
        "type": "LineString",
        "coordinates": [
          [
            407521.69136024493,
            4750812.295331877
          ],
          [
            407651.2992172798,
            4750812.295331877
          ]
        ]
      },
      "properties": {
        "feature_type": "segment",
        "segment_id": 543,
        "step": 543,
        "length_m": 129.61,
        "elevation_start": 8.47,
        "elevation_end": 8.25,
        "slope_percent": 0.89,
        "cost_usd": 77764.71,
        "cost_per_m": 600.0,
        "cumulative_cost": 53293148.75,
        "pressure_drop_pa": 22720.92,
        "cumulative_pressure_pa": 86895132.51,
        "land_cover_class": 40,
        "land_cover_name": "Cropland",
        "crs": "EPSG:32633"
      }
    },
    {
      "type": "Feature",
      "geometry": {
        "type": "LineString",
        "coordinates": [
          [
            407651.2992172798,
            4750812.295331877
          ],
          [
            407780.90707431466,
            4750682.702288782
          ]
        ]
      },
      "properties": {
        "feature_type": "segment",
        "segment_id": 544,
        "step": 544,
        "length_m": 183.28,
        "elevation_start": 8.25,
        "elevation_end": 7.01,
        "slope_percent": 0.68,
        "cost_usd": 80644.39,
        "cost_per_m": 440.0,
        "cumulative_cost": 53373793.14,
        "pressure_drop_pa": 28897.57,
        "cumulative_pressure_pa": 86924030.08,
        "land_cover_class": 20,
        "land_cover_name": "Shrubland",
        "crs": "EPSG:32633"
      }
    },
    {
      "type": "Feature",
      "geometry": {
        "type": "LineString",
        "coordinates": [
          [
            407780.90707431466,
            4750682.702288782
          ],
          [
            407780.90707431466,
            4750553.109245688
          ]
        ]
      },
      "properties": {
        "feature_type": "segment",
        "segment_id": 545,
        "step": 545,
        "length_m": 129.59,
        "elevation_start": 7.01,
        "elevation_end": 7.14,
        "slope_percent": 0.55,
        "cost_usd": 77755.83,
        "cost_per_m": 600.0,
        "cumulative_cost": 53451548.97,
        "pressure_drop_pa": 18989.47,
        "cumulative_pressure_pa": 86943019.55,
        "land_cover_class": 40,
        "land_cover_name": "Cropland",
        "crs": "EPSG:32633"
      }
    },
    {
      "type": "Feature",
      "geometry": {
        "type": "LineString",
        "coordinates": [
          [
            407780.90707431466,
            4750553.109245688
          ],
          [
            407780.90707431466,
            4750423.516202593
          ]
        ]
      },
      "properties": {
        "feature_type": "segment",
        "segment_id": 546,
        "step": 546,
        "length_m": 129.59,
        "elevation_start": 7.14,
        "elevation_end": 7.94,
        "slope_percent": 0.56,
        "cost_usd": 77755.83,
        "cost_per_m": 600.0,
        "cumulative_cost": 53529304.79,
        "pressure_drop_pa": 19133.91,
        "cumulative_pressure_pa": 86962153.46,
        "land_cover_class": 40,
        "land_cover_name": "Cropland",
        "crs": "EPSG:32633"
      }
    },
    {
      "type": "Feature",
      "geometry": {
        "type": "LineString",
        "coordinates": [
          [
            407780.90707431466,
            4750423.516202593
          ],
          [
            407910.51493134955,
            4750293.923159499
          ]
        ]
      },
      "properties": {
        "feature_type": "segment",
        "segment_id": 547,
        "step": 547,
        "length_m": 183.28,
        "elevation_start": 7.94,
        "elevation_end": 5.85,
        "slope_percent": 0.76,
        "cost_usd": 80644.39,
        "cost_per_m": 440.0,
        "cumulative_cost": 53609949.19,
        "pressure_drop_pa": 30060.82,
        "cumulative_pressure_pa": 86992214.28,
        "land_cover_class": 20,
        "land_cover_name": "Shrubland",
        "crs": "EPSG:32633"
      }
    },
    {
      "type": "Feature",
      "geometry": {
        "type": "LineString",
        "coordinates": [
          [
            407910.51493134955,
            4750293.923159499
          ],
          [
            408040.1227883844,
            4750293.923159499
          ]
        ]
      },
      "properties": {
        "feature_type": "segment",
        "segment_id": 548,
        "step": 548,
        "length_m": 129.61,
        "elevation_start": 5.85,
        "elevation_end": 5.63,
        "slope_percent": 0.45,
        "cost_usd": 77764.71,
        "cost_per_m": 600.0,
        "cumulative_cost": 53687713.9,
        "pressure_drop_pa": 17992.58,
        "cumulative_pressure_pa": 87010206.86,
        "land_cover_class": 40,
        "land_cover_name": "Cropland",
        "crs": "EPSG:32633"
      }
    },
    {
      "type": "Feature",
      "geometry": {
        "type": "LineString",
        "coordinates": [
          [
            408040.1227883844,
            4750293.923159499
          ],
          [
            408169.7306454192,
            4750164.330116404
          ]
        ]
      },
      "properties": {
        "feature_type": "segment",
        "segment_id": 549,
        "step": 549,
        "length_m": 183.28,
        "elevation_start": 5.63,
        "elevation_end": 5.5,
        "slope_percent": 0.32,
        "cost_usd": 80644.39,
        "cost_per_m": 440.0,
        "cumulative_cost": 53768358.29,
        "pressure_drop_pa": 23333.74,
        "cumulative_pressure_pa": 87033540.6,
        "land_cover_class": 20,
        "land_cover_name": "Shrubland",
        "crs": "EPSG:32633"
      }
    },
    {
      "type": "Feature",
      "geometry": {
        "type": "LineString",
        "coordinates": [
          [
            408169.7306454192,
            4750164.330116404
          ],
          [
            408299.3385024541,
            4750164.330116404
          ]
        ]
      },
      "properties": {
        "feature_type": "segment",
        "segment_id": 550,
        "step": 550,
        "length_m": 129.61,
        "elevation_start": 5.5,
        "elevation_end": 5.57,
        "slope_percent": 0.46,
        "cost_usd": 51843.14,
        "cost_per_m": 400.0,
        "cumulative_cost": 53820201.44,
        "pressure_drop_pa": 18068.81,
        "cumulative_pressure_pa": 87051609.41,
        "land_cover_class": 30,
        "land_cover_name": "Grassland",
        "crs": "EPSG:32633"
      }
    },
    {
      "type": "Feature",
      "geometry": {
        "type": "LineString",
        "coordinates": [
          [
            408299.3385024541,
            4750164.330116404
          ],
          [
            408428.94635948894,
            4750164.330116404
          ]
        ]
      },
      "properties": {
        "feature_type": "segment",
        "segment_id": 551,
        "step": 551,
        "length_m": 129.61,
        "elevation_start": 5.57,
        "elevation_end": 5.8,
        "slope_percent": 0.82,
        "cost_usd": 77764.71,
        "cost_per_m": 600.0,
        "cumulative_cost": 53897966.15,
        "pressure_drop_pa": 22004.34,
        "cumulative_pressure_pa": 87073613.75,
        "land_cover_class": 40,
        "land_cover_name": "Cropland",
        "crs": "EPSG:32633"
      }
    }
  ]
}