{
  "type": "FeatureCollection",
  "crs": {
    "type": "name",
    "properties": {
      "name": "EPSG:32633"
    }
  },
  "metadata": {
    "project_name": "test_project2",
    "algorithm": "NSGA-III Multi-Objective with OPEX",
    "objectives": [
      "capex",
      "environmental",
      "length",
      "elevation_gain",
      "roughness"
    ],
    "total_length_m": 70764.04,
    "total_capex_usd": 39507469.05,
    "annual_opex_usd": 430118586.52,
    "pump_stations": 6,
    "generated_at": "2025-12-19T00:25:32.361000"
  },
  "features": [
    {
      "type": "Feature",
      "geometry": {
        "type": "LineString",
        "coordinates": [
          [
            379656.0020977512,
            4804982.187345338
          ],
          [
            379785.609954786,
            4804852.594302244
          ],
          [
            379915.2178118209,
            4804723.001259149
          ],
          [
            380044.82566885574,
            4804723.001259149
          ],
          [
            380174.4335258906,
            4804593.408216055
          ],
          [
            380304.04138292547,
            4804463.81517296
          ],
          [
            380433.6492399603,
            4804334.2221298665
          ],
          [
            380563.25709699513,
            4804334.2221298665
          ],
          [
            380692.86495403,
            4804334.2221298665
          ],
          [
            380822.47281106486,
            4804334.2221298665
          ],
          [
            380952.08066809975,
            4804334.2221298665
          ],
          [
            381081.6885251346,
            4804204.629086772
          ],
          [
            381211.2963821694,
            4804075.0360436775
          ],
          [
            381340.9042392043,
            4803945.443000583
          ],
          [
            381470.51209623914,
            4803815.8499574885
          ],
          [
            381600.11995327397,
            4803686.256914394
          ],
          [
            381729.72781030886,
            4803556.6638712995
          ],
          [
            381859.3356673437,
            4803427.070828205
          ],
          [
            381988.9435243786,
            4803297.4777851105
          ],
          [
            382118.5513814134,
            4803297.4777851105
          ],
          [
            382248.15923844825,
            4803167.884742016
          ],
          [
            382377.76709548314,
            4803038.291698922
          ],
          [
            382507.374952518,
            4802908.698655828
          ],
          [
            382636.9828095528,
            4802779.105612733
          ],
          [
            382766.5906665877,
            4802649.512569639
          ],
          [
            382896.19852362253,
            4802649.512569639
          ],
          [
            383025.8063806574,
            4802649.512569639
          ],
          [
            383155.41423769225,
            4802649.512569639
          ],
          [
            383285.0220947271,
            4802649.512569639
          ],
          [
            383414.629951762,
            4802649.512569639
          ],
          [
            383544.2378087968,
            4802649.512569639
          ],
          [
            383673.8456658317,
            4802519.919526544
          ],
          [
            383803.45352286653,
            4802390.32648345
          ],
          [
            383933.06137990137,
            4802390.32648345
          ],
          [
            384062.66923693626,
            4802260.733440355
          ],
          [
            384192.2770939711,
            4802131.140397261
          ],
          [
            384321.8849510059,
            4802001.547354166
          ],
          [
            384451.4928080408,
            4801871.954311073
          ],
          [
            384581.10066507565,
            4801871.954311073
          ],
          [
            384710.70852211054,
            4801742.361267978
          ],
          [
            384840.31637914537,
            4801612.768224884
          ],
          [
            384969.9242361802,
            4801483.175181789
          ],
          [
            385099.5320932151,
            4801353.582138695
          ],
          [
            385229.1399502499,
            4801223.9890956
          ],
          [
            385358.74780728476,
            4801094.396052506
          ],
          [
            385488.35566431965,
            4800964.803009411
          ],
          [
            385488.35566431965,
            4800835.209966317
          ],
          [
            385617.9635213545,
            4800705.616923222
          ],
          [
            385747.5713783894,
            4800705.616923222
          ],
          [
            385877.1792354242,
            4800705.616923222
          ],
          [
            386006.78709245904,
            4800576.023880129
          ],
          [
            386136.39494949393,
            4800446.430837034
          ],
          [
            386266.00280652876,
            4800316.83779394
          ],
          [
            386395.6106635636,
            4800187.244750845
          ],
          [
            386525.2185205985,
            4800057.651707751
          ],
          [
            386525.2185205985,
            4799928.058664656
          ],
          [
            386654.8263776333,
            4799798.465621562
          ],
          [
            386654.8263776333,
            4799668.872578467
          ],
          [
            386654.8263776333,
            4799539.279535373
          ],
          [
            386654.8263776333,
            4799409.686492278
          ],
          [
            386654.8263776333,
            4799280.093449185
          ],
          [
            386654.8263776333,
            4799150.50040609
          ],
          [
            386654.8263776333,
            4799020.907362996
          ],
          [
            386784.4342346682,
            4798891.314319901
          ],
          [
            386784.4342346682,
            4798761.721276807
          ],
          [
            386914.04209170304,
            4798632.128233712
          ],
          [
            386914.04209170304,
            4798502.535190618
          ],
          [
            386914.04209170304,
            4798372.942147523
          ],
          [
            386914.04209170304,
            4798243.349104429
          ],
          [
            386914.04209170304,
            4798113.756061334
          ],
          [
            386914.04209170304,
            4797984.163018241
          ],
          [
            387043.6499487379,
            4797854.569975146
          ],
          [
            387173.25780577277,
            4797724.976932052
          ],
          [
            387173.25780577277,
            4797595.383888957
          ],
          [
            387302.8656628076,
            4797465.790845863
          ],
          [
            387432.4735198425,
            4797336.197802768
          ],
          [
            387562.0813768773,
            4797206.604759674
          ],
          [
            387691.68923391216,
            4797077.011716579
          ],
          [
            387821.29709094705,
            4796947.418673485
          ],
          [
            387950.9049479819,
            4796817.825630391
          ],
          [
            387950.9049479819,
            4796688.2325872965
          ],
          [
            388080.5128050167,
            4796558.639544202
          ],
          [
            388210.1206620516,
            4796429.0465011075
          ],
          [
            388339.72851908643,
            4796299.453458013
          ],
          [
            388469.3363761213,
            4796169.8604149185
          ],
          [
            388598.94423315616,
            4796040.267371824
          ],
          [
            388728.552090191,
            4796040.267371824
          ],
          [
            388858.1599472259,
            4796040.267371824
          ],
          [
            388987.7678042607,
            4796040.267371824
          ],
          [
            389117.37566129555,
            4795910.6743287295
          ],
          [
            389246.98351833044,
            4795910.6743287295
          ],
          [
            389376.5913753653,
            4795781.081285635
          ],
          [
            389506.19923240016,
            4795651.4882425405
          ],
          [
            389635.807089435,
            4795521.895199447
          ],
          [
            389765.4149464698,
            4795392.302156352
          ],
          [
            389765.4149464698,
            4795262.709113258
          ],
          [
            389895.0228035047,
            4795133.116070163
          ],
          [
            390024.63066053955,
            4795003.523027069
          ],
          [
            390154.2385175744,
            4794873.929983974
          ],
          [
            390283.8463746093,
            4794744.33694088
          ],
          [
            390413.4542316441,
            4794614.743897785
          ],
          [
            390543.062088679,
            4794614.743897785
          ],
          [
            390672.66994571383,
            4794485.150854691
          ],
          [
            390802.27780274866,
            4794355.557811596
          ],
          [
            390931.88565978355,
            4794225.964768503
          ],
          [
            391061.4935168184,
            4794096.371725408
          ],
          [
            391191.1013738533,
            4793966.778682314
          ],
          [
            391320.7092308881,
            4793837.185639219
          ],
          [
            391450.31708792294,
            4793707.592596125
          ],
          [
            391579.92494495783,
            4793577.99955303
          ],
          [
            391709.53280199267,
            4793448.406509936
          ],
          [
            391839.1406590275,
            4793318.813466841
          ],
          [
            391968.7485160624,
            4793189.220423747
          ],
          [
            392098.3563730972,
            4793189.220423747
          ],
          [
            392227.9642301321,
            4793059.627380652
          ],
          [
            392357.57208716695,
            4792930.034337559
          ],
          [
            392487.1799442018,
            4792800.441294464
          ],
          [
            392487.1799442018,
            4792670.84825137
          ],
          [
            392616.7878012367,
            4792541.255208275
          ],
          [
            392746.3956582715,
            4792411.662165181
          ],
          [
            392876.00351530634,
            4792282.069122086
          ],
          [
            393005.6113723412,
            4792152.476078992
          ],
          [
            393135.21922937606,
            4792022.883035897
          ],
          [
            393264.82708641095,
            4791893.289992803
          ],
          [
            393394.4349434458,
            4791763.696949709
          ],
          [
            393394.4349434458,
            4791634.103906615
          ],
          [
            393394.4349434458,
            4791504.51086352
          ],
          [
            393394.4349434458,
            4791374.917820426
          ],
          [
            393394.4349434458,
            4791245.324777331
          ],
          [
            393394.4349434458,
            4791115.731734237
          ],
          [
            393524.0428004806,
            4790986.138691142
          ],
          [
            393653.6506575155,
            4790856.545648048
          ],
          [
            393783.25851455034,
            4790726.952604953
          ],
          [
            393912.8663715852,
            4790597.359561859
          ],
          [
            394042.47422862006,
            4790467.766518765
          ],
          [
            394042.47422862006,
            4790338.173475671
          ],
          [
            394042.47422862006,
            4790208.580432576
          ],
          [
            394042.47422862006,
            4790078.987389482
          ],
          [
            394042.47422862006,
            4789949.394346387
          ],
          [
            394042.47422862006,
            4789819.801303293
          ],
          [
            394172.0820856549,
            4789690.208260198
          ],
          [
            394172.0820856549,
            4789560.615217104
          ],
          [
            394301.6899426898,
            4789431.022174009
          ],
          [
            394431.2977997246,
            4789301.429130915
          ],
          [
            394560.90565675945,
            4789171.836087821
          ],
          [
            394560.90565675945,
            4789042.243044727
          ],
          [
            394560.90565675945,
            4788912.650001632
          ],
          [
            394560.90565675945,
            4788783.056958538
          ],
          [
            394690.51351379434,
            4788653.463915443
          ],
          [
            394690.51351379434,
            4788523.870872349
          ],
          [
            394820.1213708292,
            4788394.277829254
          ],
          [
            394949.72922786407,
            4788264.68478616
          ],
          [
            394949.72922786407,
            4788135.091743065
          ],
          [
            395079.3370848989,
            4788005.498699971
          ],
          [
            395208.94494193373,
            4787875.905656877
          ],
          [
            395208.94494193373,
            4787746.3126137825
          ],
          [
            395208.94494193373,
            4787616.719570688
          ],
          [
            395338.5527989686,
            4787487.1265275935
          ],
          [
            395468.16065600346,
            4787357.533484499
          ],
          [
            395468.16065600346,
            4787227.9404414045
          ],
          [
            395597.7685130383,
            4787098.34739831
          ],
          [
            395727.3763700732,
            4786968.7543552155
          ],
          [
            395856.984227108,
            4786839.161312121
          ],
          [
            395986.5920841429,
            4786709.568269027
          ],
          [
            395986.5920841429,
            4786579.975225933
          ],
          [
            395986.5920841429,
            4786450.382182838
          ],
          [
            396116.19994117774,
            4786320.789139744
          ],
          [
            396116.19994117774,
            4786191.196096649
          ],
          [
            396245.80779821257,
            4786061.603053555
          ],
          [
            396375.41565524746,
            4785932.01001046
          ],
          [
            396505.0235122823,
            4785802.416967366
          ],
          [
            396634.6313693171,
            4785672.823924271
          ],
          [
            396764.239226352,
            4785543.230881177
          ],
          [
            396764.239226352,
            4785413.637838083
          ],
          [
            396893.84708338685,
            4785284.044794989
          ],
          [
            396893.84708338685,
            4785154.451751894
          ],
          [
            396893.84708338685,
            4785024.8587088
          ],
          [
            396893.84708338685,
            4784895.265665705
          ],
          [
            396893.84708338685,
            4784765.672622611
          ],
          [
            396764.239226352,
            4784636.079579516
          ],
          [
            396764.239226352,
            4784506.486536422
          ],
          [
            396764.239226352,
            4784376.893493327
          ],
          [
            396764.239226352,
            4784247.300450233
          ],
          [
            396764.239226352,
            4784117.707407139
          ],
          [
            396893.84708338685,
            4783988.114364045
          ],
          [
            396893.84708338685,
            4783858.52132095
          ],
          [
            396893.84708338685,
            4783728.928277856
          ],
          [
            396893.84708338685,
            4783599.335234761
          ],
          [
            396893.84708338685,
            4783469.742191667
          ],
          [
            396893.84708338685,
            4783340.149148572
          ],
          [
            396893.84708338685,
            4783210.556105478
          ],
          [
            397023.45494042174,
            4783080.963062383
          ],
          [
            397023.45494042174,
            4782951.370019289
          ],
          [
            397153.0627974566,
            4782821.776976195
          ],
          [
            397153.0627974566,
            4782692.183933101
          ],
          [
            397153.0627974566,
            4782562.590890006
          ],
          [
            397153.0627974566,
            4782432.997846912
          ],
          [
            397153.0627974566,
            4782303.404803817
          ],
          [
            397153.0627974566,
            4782173.811760723
          ],
          [
            397153.0627974566,
            4782044.218717628
          ],
          [
            397282.6706544914,
            4781914.625674534
          ],
          [
            397282.6706544914,
            4781785.032631439
          ],
          [
            397282.6706544914,
            4781655.439588346
          ],
          [
            397412.2785115263,
            4781525.846545251
          ],
          [
            397541.8863685611,
            4781396.253502157
          ],
          [
            397541.8863685611,
            4781266.660459062
          ],
          [
            397541.8863685611,
            4781137.067415968
          ],
          [
            397541.8863685611,
            4781007.474372873
          ],
          [
            397541.8863685611,
            4780877.881329779
          ],
          [
            397541.8863685611,
            4780748.288286684
          ],
          [
            397541.8863685611,
            4780618.69524359
          ],
          [
            397671.49422559596,
            4780489.102200495
          ],
          [
            397801.10208263085,
            4780359.5091574015
          ],
          [
            397930.7099396657,
            4780229.916114307
          ],
          [
            397930.7099396657,
            4780100.3230712125
          ],
          [
            397930.7099396657,
            4779970.730028118
          ],
          [
            397930.7099396657,
            4779841.1369850235
          ],
          [
            397930.7099396657,
            4779711.543941929
          ],
          [
            397930.7099396657,
            4779581.9508988345
          ],
          [
            397930.7099396657,
            4779452.35785574
          ],
          [
            397930.7099396657,
            4779322.7648126455
          ],
          [
            397930.7099396657,
            4779193.171769551
          ],
          [
            397930.7099396657,
            4779063.578726457
          ],
          [
            397930.7099396657,
            4778933.985683363
          ],
          [
            398060.3177967006,
            4778804.392640268
          ],
          [
            398060.3177967006,
            4778674.799597174
          ],
          [
            398060.3177967006,
            4778545.206554079
          ],
          [
            398060.3177967006,
            4778415.613510985
          ],
          [
            398060.3177967006,
            4778286.02046789
          ],
          [
            398060.3177967006,
            4778156.427424796
          ],
          [
            398189.9256537354,
            4778026.834381701
          ],
          [
            398319.53351077024,
            4777897.241338607
          ],
          [
            398449.14136780513,
            4777767.648295513
          ],
          [
            398449.14136780513,
            4777638.055252419
          ],
          [
            398578.74922483996,
            4777508.462209324
          ],
          [
            398578.74922483996,
            4777378.86916623
          ],
          [
            398578.74922483996,
            4777249.276123135
          ],
          [
            398708.35708187486,
            4777119.683080041
          ],
          [
            398837.9649389097,
            4776990.090036946
          ],
          [
            398967.5727959445,
            4776860.496993852
          ],
          [
            399097.1806529794,
            4776860.496993852
          ],
          [
            399226.78851001424,
            4776730.903950757
          ],
          [
            399356.3963670491,
            4776601.310907664
          ],
          [
            399356.3963670491,
            4776471.717864569
          ],
          [
            399486.00422408397,
            4776342.124821475
          ],
          [
            399615.6120811188,
            4776212.53177838
          ],
          [
            399615.6120811188,
            4776082.938735286
          ],
          [
            399745.2199381537,
            4775953.345692191
          ],
          [
            399874.8277951885,
            4775823.752649097
          ],
          [
            400004.43565222336,
            4775694.159606002
          ],
          [
            400004.43565222336,
            4775564.566562908
          ],
          [
            400004.43565222336,
            4775434.973519813
          ],
          [
            400004.43565222336,
            4775305.38047672
          ],
          [
            400004.43565222336,
            4775175.787433625
          ],
          [
            400004.43565222336,
            4775046.194390531
          ],
          [
            400004.43565222336,
            4774916.601347436
          ],
          [
            400004.43565222336,
            4774787.008304342
          ],
          [
            400004.43565222336,
            4774657.415261247
          ],
          [
            399874.8277951885,
            4774527.822218153
          ],
          [
            399874.8277951885,
            4774398.229175058
          ],
          [
            399874.8277951885,
            4774268.636131964
          ],
          [
            399874.8277951885,
            4774139.043088869
          ],
          [
            399745.2199381537,
            4774009.450045776
          ],
          [
            399745.2199381537,
            4773879.857002681
          ],
          [
            399615.6120811188,
            4773750.263959587
          ],
          [
            399615.6120811188,
            4773620.670916492
          ],
          [
            399615.6120811188,
            4773491.077873398
          ],
          [
            399745.2199381537,
            4773361.484830303
          ],
          [
            399745.2199381537,
            4773231.891787209
          ],
          [
            399745.2199381537,
            4773102.298744114
          ],
          [
            399874.8277951885,
            4772972.70570102
          ],
          [
            399874.8277951885,
            4772843.112657925
          ],
          [
            400004.43565222336,
            4772713.519614832
          ],
          [
            400134.04350925825,
            4772583.926571737
          ],
          [
            400134.04350925825,
            4772454.333528643
          ],
          [
            400263.6513662931,
            4772324.740485548
          ],
          [
            400263.6513662931,
            4772195.147442454
          ],
          [
            400263.6513662931,
            4772065.554399359
          ],
          [
            400263.6513662931,
            4771935.961356265
          ],
          [
            400393.2592233279,
            4771806.36831317
          ],
          [
            400522.8670803628,
            4771676.775270076
          ],
          [
            400652.47493739764,
            4771676.775270076
          ],
          [
            400782.0827944325,
            4771547.182226982
          ],
          [
            400782.0827944325,
            4771417.5891838875
          ],
          [
            400782.0827944325,
            4771287.996140793
          ],
          [
            400911.69065146736,
            4771158.403097698
          ],
          [
            400911.69065146736,
            4771028.810054604
          ],
          [
            401041.2985085022,
            4770899.217011509
          ],
          [
            401041.2985085022,
            4770769.623968415
          ],
          [
            401041.2985085022,
            4770640.03092532
          ],
          [
            401041.2985085022,
            4770510.437882226
          ],
          [
            401170.9063655371,
            4770380.844839131
          ],
          [
            401300.5142225719,
            4770251.251796038
          ],
          [
            401430.12207960675,
            4770121.658752943
          ],
          [
            401559.72993664164,
            4769992.065709849
          ],
          [
            401689.3377936765,
            4769862.472666754
          ],
          [
            401818.94565071136,
            4769732.87962366
          ],
          [
            401948.5535077462,
            4769603.286580565
          ],
          [
            402078.16136478103,
            4769603.286580565
          ],
          [
            402207.7692218159,
            4769603.286580565
          ],
          [
            402337.37707885075,
            4769473.693537471
          ],
          [
            402466.98493588564,
            4769344.100494376
          ],
          [
            402596.5927929205,
            4769214.507451282
          ],
          [
            402596.5927929205,
            4769084.914408187
          ],
          [
            402726.2006499553,
            4768955.321365094
          ],
          [
            402855.8085069902,
            4768825.728321999
          ],
          [
            402855.8085069902,
            4768696.135278905
          ],
          [
            402985.41636402503,
            4768566.54223581
          ],
          [
            403115.02422105987,
            4768436.949192716
          ],
          [
            403244.63207809476,
            4768307.356149621
          ],
          [
            403374.2399351296,
            4768177.763106527
          ],
          [
            403503.8477921645,
            4768048.170063432
          ],
          [
            403633.4556491993,
            4767918.577020338
          ],
          [
            403763.06350623415,
            4767788.983977243
          ],
          [
            403892.67136326904,
            4767659.39093415
          ],
          [
            404022.27922030387,
            4767529.797891055
          ],
          [
            404151.8870773387,
            4767400.204847961
          ],
          [
            404281.4949343736,
            4767270.611804866
          ],
          [
            404281.4949343736,
            4767141.018761772
          ],
          [
            404411.1027914084,
            4767011.425718677
          ],
          [
            404540.7106484433,
            4766881.832675583
          ],
          [
            404540.7106484433,
            4766752.239632488
          ],
          [
            404670.31850547815,
            4766622.646589394
          ],
          [
            404670.31850547815,
            4766493.0535463
          ],
          [
            404799.926362513,
            4766363.460503206
          ],
          [
            404799.926362513,
            4766233.867460111
          ],
          [
            404799.926362513,
            4766104.274417017
          ],
          [
            404799.926362513,
            4765974.681373922
          ],
          [
            404929.5342195479,
            4765845.088330828
          ],
          [
            404929.5342195479,
            4765715.495287733
          ],
          [
            404929.5342195479,
            4765585.902244639
          ],
          [
            404929.5342195479,
            4765456.309201544
          ],
          [
            405059.1420765827,
            4765326.71615845
          ],
          [
            405059.1420765827,
            4765197.123115356
          ],
          [
            405188.74993361754,
            4765067.530072262
          ],
          [
            405188.74993361754,
            4764937.937029167
          ],
          [
            405318.35779065243,
            4764808.343986073
          ],
          [
            405318.35779065243,
            4764678.750942978
          ],
          [
            405318.35779065243,
            4764549.157899884
          ],
          [
            405318.35779065243,
            4764419.564856789
          ],
          [
            405447.96564768726,
            4764289.971813695
          ],
          [
            405447.96564768726,
            4764160.3787706
          ],
          [
            405447.96564768726,
            4764030.785727506
          ],
          [
            405447.96564768726,
            4763901.192684412
          ],
          [
            405447.96564768726,
            4763771.5996413175
          ],
          [
            405447.96564768726,
            4763642.006598223
          ],
          [
            405577.57350472215,
            4763512.4135551285
          ],
          [
            405577.57350472215,
            4763382.820512034
          ],
          [
            405577.57350472215,
            4763253.2274689395
          ],
          [
            405577.57350472215,
            4763123.634425845
          ],
          [
            405577.57350472215,
            4762994.0413827505
          ],
          [
            405707.181361757,
            4762864.448339656
          ],
          [
            405836.7892187918,
            4762734.8552965615
          ],
          [
            405836.7892187918,
            4762605.262253468
          ],
          [
            405707.181361757,
            4762475.669210373
          ],
          [
            405707.181361757,
            4762346.076167279
          ],
          [
            405707.181361757,
            4762216.483124184
          ],
          [
            405707.181361757,
            4762086.89008109
          ],
          [
            405707.181361757,
            4761957.297037995
          ],
          [
            405707.181361757,
            4761827.703994901
          ],
          [
            405707.181361757,
            4761698.110951806
          ],
          [
            405707.181361757,
            4761568.517908712
          ],
          [
            405707.181361757,
            4761438.924865618
          ],
          [
            405707.181361757,
            4761309.331822524
          ],
          [
            405836.7892187918,
            4761179.738779429
          ],
          [
            405836.7892187918,
            4761050.145736335
          ],
          [
            405966.3970758267,
            4760920.55269324
          ],
          [
            405966.3970758267,
            4760790.959650146
          ],
          [
            405966.3970758267,
            4760661.366607051
          ],
          [
            405966.3970758267,
            4760531.773563957
          ],
          [
            405966.3970758267,
            4760402.180520862
          ],
          [
            405966.3970758267,
            4760272.587477768
          ],
          [
            406096.00493286154,
            4760142.994434674
          ],
          [
            406096.00493286154,
            4760013.40139158
          ],
          [
            406096.00493286154,
            4759883.808348485
          ],
          [
            406096.00493286154,
            4759754.215305391
          ],
          [
            406096.00493286154,
            4759624.622262296
          ],
          [
            406096.00493286154,
            4759495.029219202
          ],
          [
            406096.00493286154,
            4759365.436176107
          ],
          [
            406096.00493286154,
            4759235.843133013
          ],
          [
            406096.00493286154,
            4759106.250089918
          ],
          [
            406096.00493286154,
            4758976.657046824
          ],
          [
            406096.00493286154,
            4758847.06400373
          ],
          [
            406096.00493286154,
            4758717.470960636
          ],
          [
            406096.00493286154,
            4758587.877917541
          ],
          [
            406096.00493286154,
            4758458.284874447
          ],
          [
            406225.61278989643,
            4758328.691831352
          ],
          [
            406355.22064693127,
            4758199.098788258
          ],
          [
            406355.22064693127,
            4758069.505745163
          ],
          [
            406355.22064693127,
            4757939.912702069
          ],
          [
            406355.22064693127,
            4757810.319658974
          ],
          [
            406355.22064693127,
            4757680.72661588
          ],
          [
            406355.22064693127,
            4757551.133572786
          ],
          [
            406484.8285039661,
            4757421.540529692
          ],
          [
            406614.436361001,
            4757291.947486597
          ],
          [
            406744.0442180358,
            4757162.354443503
          ],
          [
            406873.65207507065,
            4757032.761400408
          ],
          [
            406873.65207507065,
            4756903.168357314
          ],
          [
            406873.65207507065,
            4756773.575314219
          ],
          [
            406873.65207507065,
            4756643.982271125
          ],
          [
            407003.25993210555,
            4756514.38922803
          ],
          [
            407132.8677891404,
            4756384.796184937
          ],
          [
            407262.47564617527,
            4756255.203141842
          ],
          [
            407262.47564617527,
            4756125.610098748
          ],
          [
            407262.47564617527,
            4755996.017055653
          ],
          [
            407392.0835032101,
            4755866.424012559
          ],
          [
            407521.69136024493,
            4755736.830969464
          ],
          [
            407651.2992172798,
            4755607.2379263695
          ],
          [
            407780.90707431466,
            4755477.644883275
          ],
          [
            407780.90707431466,
            4755348.0518401805
          ],
          [
            407910.51493134955,
            4755218.458797086
          ],
          [
            408040.1227883844,
            4755088.865753992
          ],
          [
            408169.7306454192,
            4754959.272710898
          ],
          [
            408169.7306454192,
            4754829.679667803
          ],
          [
            408299.3385024541,
            4754700.086624709
          ],
          [
            408299.3385024541,
            4754570.493581614
          ],
          [
            408428.94635948894,
            4754440.90053852
          ],
          [
            408428.94635948894,
            4754311.307495425
          ],
          [
            408558.5542165238,
            4754181.714452331
          ],
          [
            408558.5542165238,
            4754052.121409236
          ],
          [
            408688.16207355866,
            4753922.528366142
          ],
          [
            408817.7699305935,
            4753792.935323048
          ],
          [
            408947.3777876283,
            4753663.342279954
          ],
          [
            409076.9856446632,
            4753533.749236859
          ],
          [
            409076.9856446632,
            4753404.156193765
          ],
          [
            409206.59350169805,
            4753274.56315067
          ],
          [
            409336.20135873294,
            4753274.56315067
          ],
          [
            409465.8092157678,
            4753144.970107576
          ],
          [
            409595.4170728026,
            4753015.377064481
          ],
          [
            409725.0249298375,
            4752885.784021387
          ],
          [
            409854.63278687233,
            4752756.190978292
          ],
          [
            409984.2406439072,
            4752626.597935198
          ],
          [
            409984.2406439072,
            4752497.004892104
          ],
          [
            409984.2406439072,
            4752367.41184901
          ],
          [
            409984.2406439072,
            4752237.818805915
          ],
          [
            409984.2406439072,
            4752108.225762821
          ],
          [
            409984.2406439072,
            4751978.632719726
          ],
          [
            409984.2406439072,
            4751849.039676632
          ],
          [
            409984.2406439072,
            4751719.446633537
          ],
          [
            409854.63278687233,
            4751589.853590443
          ],
          [
            409725.0249298375,
            4751460.260547348
          ],
          [
            409725.0249298375,
            4751330.667504255
          ],
          [
            409725.0249298375,
            4751201.07446116
          ],
          [
            409595.4170728026,
            4751071.481418066
          ],
          [
            409465.8092157678,
            4750941.888374971
          ],
          [
            409336.20135873294,
            4750812.295331877
          ],
          [
            409206.59350169805,
            4750682.702288782
          ],
          [
            409076.9856446632,
            4750553.109245688
          ],
          [
            408947.3777876283,
            4750553.109245688
          ],
          [
            408817.7699305935,
            4750553.109245688
          ],
          [
            408688.16207355866,
            4750423.516202593
          ],
          [
            408558.5542165238,
            4750293.923159499
          ],
          [
            408428.94635948894,
            4750164.330116404
          ]
        ]
      },
      "properties": {
        "feature_type": "full_route",
        "route_type": "capex_optimized",
        "algorithm": "NSGA-III Multi-Objective",
        "total_length_m": 70764.04,
        "total_length_km": 70.76,
        "total_segments": 452,
        "total_capex_usd": 39507469.05,
        "capex_per_km_usd": 558298.66,
        "environmental_impact_score": 15.6687,
        "elevation_gain_m": 2695.45,
        "elevation_loss_m": 2851.07,
        "net_elevation_m": -155.62,
        "profile_roughness": 5546.52,
        "pump_stations_required": 6,
        "annual_opex_usd": 430118586.52,
        "cumulative_pressure_pa": 56438655.81,
        "total_20yr_cost_usd": 8641879199.49,
        "success": true,
        "generated_at": "2025-12-19T00:25:32.360966",
        "project": "test_project2",
        "crs": "EPSG:32633"
      }
    },
    {
      "type": "Feature",
      "geometry": {
        "type": "LineString",
        "coordinates": [
          [
            379656.0020977512,
            4804982.187345338
          ],
          [
            379785.609954786,
            4804852.594302244
          ]
        ]
      },
      "properties": {
        "feature_type": "segment",
        "segment_id": 1,
        "step": 1,
        "length_m": 183.28,
        "elevation_start": 161.42,
        "elevation_end": 149.58,
        "slope_percent": 11.06,
        "cost_usd": 120966.59,
        "cost_per_m": 660.0,
        "cumulative_cost": 120966.59,
        "pressure_drop_pa": 186581.97,
        "cumulative_pressure_pa": 186581.97,
        "land_cover_class": 10,
        "land_cover_name": "Tree cover",
        "crs": "EPSG:32633"
      }
    },
    {
      "type": "Feature",
      "geometry": {
        "type": "LineString",
        "coordinates": [
          [
            379785.609954786,
            4804852.594302244
          ],
          [
            379915.2178118209,
            4804723.001259149
          ]
        ]
      },
      "properties": {
        "feature_type": "segment",
        "segment_id": 2,
        "step": 2,
        "length_m": 183.28,
        "elevation_start": 149.58,
        "elevation_end": 125.58,
        "slope_percent": 6.22,
        "cost_usd": 84310.05,
        "cost_per_m": 460.0,
        "cumulative_cost": 205276.64,
        "pressure_drop_pa": 113431.92,
        "cumulative_pressure_pa": 300013.89,
        "land_cover_class": 30,
        "land_cover_name": "Grassland",
        "crs": "EPSG:32633"
      }
    },
    {
      "type": "Feature",
      "geometry": {
        "type": "LineString",
        "coordinates": [
          [
            379915.2178118209,
            4804723.001259149
          ],
          [
            380044.82566885574,
            4804723.001259149
          ]
        ]
      },
      "properties": {
        "feature_type": "segment",
        "segment_id": 3,
        "step": 3,
        "length_m": 129.61,
        "elevation_start": 125.58,
        "elevation_end": 135.87,
        "slope_percent": 9.18,
        "cost_usd": 59619.61,
        "cost_per_m": 460.0,
        "cumulative_cost": 264896.25,
        "pressure_drop_pa": 111930.74,
        "cumulative_pressure_pa": 411944.63,
        "land_cover_class": 30,
        "land_cover_name": "Grassland",
        "crs": "EPSG:32633"
      }
    },
    {
      "type": "Feature",
      "geometry": {
        "type": "LineString",
        "coordinates": [
          [
            380044.82566885574,
            4804723.001259149
          ],
          [
            380174.4335258906,
            4804593.408216055
          ]
        ]
      },
      "properties": {
        "feature_type": "segment",
        "segment_id": 4,
        "step": 4,
        "length_m": 183.28,
        "elevation_start": 135.87,
        "elevation_end": 139.44,
        "slope_percent": 5.05,
        "cost_usd": 120966.59,
        "cost_per_m": 660.0,
        "cumulative_cost": 385862.85,
        "pressure_drop_pa": 95576.51,
        "cumulative_pressure_pa": 507521.14,
        "land_cover_class": 40,
        "land_cover_name": "Cropland",
        "crs": "EPSG:32633"
      }
    },
    {
      "type": "Feature",
      "geometry": {
        "type": "LineString",
        "coordinates": [
          [
            380174.4335258906,
            4804593.408216055
          ],
          [
            380304.04138292547,
            4804463.81517296
          ]
        ]
      },
      "properties": {
        "feature_type": "segment",
        "segment_id": 5,
        "step": 5,
        "length_m": 183.28,
        "elevation_start": 139.44,
        "elevation_end": 128.6,
        "slope_percent": 6.77,
        "cost_usd": 91641.36,
        "cost_per_m": 500.0,
        "cumulative_cost": 477504.2,
        "pressure_drop_pa": 121704.86,
        "cumulative_pressure_pa": 629226.0,
        "land_cover_class": 20,
        "land_cover_name": "Shrubland",
        "crs": "EPSG:32633"
      }
    },
    {
      "type": "Feature",
      "geometry": {
        "type": "LineString",
        "coordinates": [
          [
            380304.04138292547,
            4804463.81517296
          ],
          [
            380433.6492399603,
            4804334.2221298665
          ]
        ]
      },
      "properties": {
        "feature_type": "segment",
        "segment_id": 6,
        "step": 6,
        "length_m": 183.28,
        "elevation_start": 128.6,
        "elevation_end": 117.33,
        "slope_percent": 9.6,
        "cost_usd": 84310.05,
        "cost_per_m": 460.0,
        "cumulative_cost": 561814.25,
        "pressure_drop_pa": 164512.11,
        "cumulative_pressure_pa": 793738.1,
        "land_cover_class": 30,
        "land_cover_name": "Grassland",
        "crs": "EPSG:32633"
      }
    },
    {
      "type": "Feature",
      "geometry": {
        "type": "LineString",
        "coordinates": [
          [
            380433.6492399603,
            4804334.2221298665
          ],
          [
            380563.25709699513,
            4804334.2221298665
          ]
        ]
      },
      "properties": {
        "feature_type": "segment",
        "segment_id": 7,
        "step": 7,
        "length_m": 129.61,
        "elevation_start": 117.33,
        "elevation_end": 101.33,
        "slope_percent": 5.33,
        "cost_usd": 64803.93,
        "cost_per_m": 500.0,
        "cumulative_cost": 626618.18,
        "pressure_drop_pa": 70593.59,
        "cumulative_pressure_pa": 864331.7,
        "land_cover_class": 20,
        "land_cover_name": "Shrubland",
        "crs": "EPSG:32633"
      }
    },
    {
      "type": "Feature",
      "geometry": {
        "type": "LineString",
        "coordinates": [
          [
            380563.25709699513,
            4804334.2221298665
          ],
          [
            380692.86495403,
            4804334.2221298665
          ]
        ]
      },
      "properties": {
        "feature_type": "segment",
        "segment_id": 8,
        "step": 8,
        "length_m": 129.61,
        "elevation_start": 101.33,
        "elevation_end": 99.16,
        "slope_percent": 4.77,
        "cost_usd": 77764.71,
        "cost_per_m": 600.0,
        "cumulative_cost": 704382.89,
        "pressure_drop_pa": 64594.74,
        "cumulative_pressure_pa": 928926.44,
        "land_cover_class": 40,
        "land_cover_name": "Cropland",
        "crs": "EPSG:32633"
      }
    },
    {
      "type": "Feature",
      "geometry": {
        "type": "LineString",
        "coordinates": [
          [
            380692.86495403,
            4804334.2221298665
          ],
          [
            380822.47281106486,
            4804334.2221298665
          ]
        ]
      },
      "properties": {
        "feature_type": "segment",
        "segment_id": 9,
        "step": 9,
        "length_m": 129.61,
        "elevation_start": 99.16,
        "elevation_end": 104.06,
        "slope_percent": 5.09,
        "cost_usd": 85541.19,
        "cost_per_m": 660.0,
        "cumulative_cost": 789924.08,
        "pressure_drop_pa": 68049.78,
        "cumulative_pressure_pa": 996976.22,
        "land_cover_class": 40,
        "land_cover_name": "Cropland",
        "crs": "EPSG:32633"
      }
    },
    {
      "type": "Feature",
      "geometry": {
        "type": "LineString",
        "coordinates": [
          [
            380822.47281106486,
            4804334.2221298665
          ],
          [
            380952.08066809975,
            4804334.2221298665
          ]
        ]
      },
      "properties": {
        "feature_type": "segment",
        "segment_id": 10,
        "step": 10,
        "length_m": 129.61,
        "elevation_start": 104.06,
        "elevation_end": 112.89,
        "slope_percent": 5.91,
        "cost_usd": 59619.61,
        "cost_per_m": 460.0,
        "cumulative_cost": 849543.69,
        "pressure_drop_pa": 76909.6,
        "cumulative_pressure_pa": 1073885.82,
        "land_cover_class": 30,
        "land_cover_name": "Grassland",
        "crs": "EPSG:32633"
      }
    },
    {
      "type": "Feature",
      "geometry": {
        "type": "LineString",
        "coordinates": [
          [
            380952.08066809975,
            4804334.2221298665
          ],
          [
            381081.6885251346,
            4804204.629086772
          ]
        ]
      },
      "properties": {
        "feature_type": "segment",
        "segment_id": 11,
        "step": 11,
        "length_m": 183.28,
        "elevation_start": 112.89,
        "elevation_end": 123.19,
        "slope_percent": 1.86,
        "cost_usd": 73313.09,
        "cost_per_m": 400.0,
        "cumulative_cost": 922856.78,
        "pressure_drop_pa": 46875.43,
        "cumulative_pressure_pa": 1120761.25,
        "land_cover_class": 30,
        "land_cover_name": "Grassland",
        "crs": "EPSG:32633"
      }
    },
    {
      "type": "Feature",
      "geometry": {
        "type": "LineString",
        "coordinates": [
          [
            381081.6885251346,
            4804204.629086772
          ],
          [
            381211.2963821694,
            4804075.0360436775
          ]
        ]
      },
      "properties": {
        "feature_type": "segment",
        "segment_id": 12,
        "step": 12,
        "length_m": 183.28,
        "elevation_start": 123.19,
        "elevation_end": 111.6,
        "slope_percent": 9.59,
        "cost_usd": 84310.05,
        "cost_per_m": 460.0,
        "cumulative_cost": 1007166.83,
        "pressure_drop_pa": 164357.27,
        "cumulative_pressure_pa": 1285118.53,
        "land_cover_class": 30,
        "land_cover_name": "Grassland",
        "crs": "EPSG:32633"
      }
    },
    {
      "type": "Feature",
      "geometry": {
        "type": "LineString",
        "coordinates": [
          [
            381211.2963821694,
            4804075.0360436775
          ],
          [
            381340.9042392043,
            4803945.443000583
          ]
        ]
      },
      "properties": {
        "feature_type": "segment",
        "segment_id": 13,
        "step": 13,
        "length_m": 183.28,
        "elevation_start": 111.6,
        "elevation_end": 92.65,
        "slope_percent": 8.28,
        "cost_usd": 120966.59,
        "cost_per_m": 660.0,
        "cumulative_cost": 1128133.42,
        "pressure_drop_pa": 144640.29,
        "cumulative_pressure_pa": 1429758.82,
        "land_cover_class": 40,
        "land_cover_name": "Cropland",
        "crs": "EPSG:32633"
      }
    },
    {
      "type": "Feature",
      "geometry": {
        "type": "LineString",
        "coordinates": [
          [
            381340.9042392043,
            4803945.443000583
          ],
          [
            381470.51209623914,
            4803815.8499574885
          ]
        ]
      },
      "properties": {
        "feature_type": "segment",
        "segment_id": 14,
        "step": 14,
        "length_m": 183.28,
        "elevation_start": 92.65,
        "elevation_end": 87.61,
        "slope_percent": 4.28,
        "cost_usd": 73313.09,
        "cost_per_m": 400.0,
        "cumulative_cost": 1201446.51,
        "pressure_drop_pa": 83824.13,
        "cumulative_pressure_pa": 1513582.95,
        "land_cover_class": 30,
        "land_cover_name": "Grassland",
        "crs": "EPSG:32633"
      }
    },
    {
      "type": "Feature",
      "geometry": {
        "type": "LineString",
        "coordinates": [
          [
            381470.51209623914,
            4803815.8499574885
          ],
          [
            381600.11995327397,
            4803686.256914394
          ]
        ]
      },
      "properties": {
        "feature_type": "segment",
        "segment_id": 15,
        "step": 15,
        "length_m": 183.28,
        "elevation_start": 87.61,
        "elevation_end": 80.98,
        "slope_percent": 4.45,
        "cost_usd": 91641.36,
        "cost_per_m": 500.0,
        "cumulative_cost": 1293087.86,
        "pressure_drop_pa": 86418.15,
        "cumulative_pressure_pa": 1600001.1,
        "land_cover_class": 10,
        "land_cover_name": "Tree cover",
        "crs": "EPSG:32633"
      }
    },
    {
      "type": "Feature",
      "geometry": {
        "type": "LineString",
        "coordinates": [
          [
            381600.11995327397,
            4803686.256914394
          ],
          [
            381729.72781030886,
            4803556.6638712995
          ]
        ]
      },
      "properties": {
        "feature_type": "segment",
        "segment_id": 16,
        "step": 16,
        "length_m": 183.28,
        "elevation_start": 80.98,
        "elevation_end": 72.95,
        "slope_percent": 3.87,
        "cost_usd": 109969.63,
        "cost_per_m": 600.0,
        "cumulative_cost": 1403057.49,
        "pressure_drop_pa": 77667.69,
        "cumulative_pressure_pa": 1677668.78,
        "land_cover_class": 40,
        "land_cover_name": "Cropland",
        "crs": "EPSG:32633"
      }
    },
    {
      "type": "Feature",
      "geometry": {
        "type": "LineString",
        "coordinates": [
          [
            381729.72781030886,
            4803556.6638712995
          ],
          [
            381859.3356673437,
            4803427.070828205
          ]
        ]
      },
      "properties": {
        "feature_type": "segment",
        "segment_id": 17,
        "step": 17,
        "length_m": 183.28,
        "elevation_start": 72.95,
        "elevation_end": 67.25,
        "slope_percent": 4.31,
        "cost_usd": 109969.63,
        "cost_per_m": 600.0,
        "cumulative_cost": 1513027.12,
        "pressure_drop_pa": 84361.65,
        "cumulative_pressure_pa": 1762030.43,
        "land_cover_class": 40,
        "land_cover_name": "Cropland",
        "crs": "EPSG:32633"
      }
    },
    {
      "type": "Feature",
      "geometry": {
        "type": "LineString",
        "coordinates": [
          [
            381859.3356673437,
            4803427.070828205
          ],
          [
            381988.9435243786,
            4803297.4777851105
          ]
        ]
      },
      "properties": {
        "feature_type": "segment",
        "segment_id": 18,
        "step": 18,
        "length_m": 183.28,
        "elevation_start": 67.25,
        "elevation_end": 61.83,
        "slope_percent": 3.59,
        "cost_usd": 109969.63,
        "cost_per_m": 600.0,
        "cumulative_cost": 1622996.75,
        "pressure_drop_pa": 73346.99,
        "cumulative_pressure_pa": 1835377.43,
        "land_cover_class": 40,
        "land_cover_name": "Cropland",
        "crs": "EPSG:32633"
      }
    },
    {
      "type": "Feature",
      "geometry": {
        "type": "LineString",
        "coordinates": [
          [
            381988.9435243786,
            4803297.4777851105
          ],
          [
            382118.5513814134,
            4803297.4777851105
          ]
        ]
      },
      "properties": {
        "feature_type": "segment",
        "segment_id": 19,
        "step": 19,
        "length_m": 129.61,
        "elevation_start": 61.83,
        "elevation_end": 62.54,
        "slope_percent": 2.22,
        "cost_usd": 77764.71,
        "cost_per_m": 600.0,
        "cumulative_cost": 1700761.46,
        "pressure_drop_pa": 37135.16,
        "cumulative_pressure_pa": 1872512.58,
        "land_cover_class": 40,
        "land_cover_name": "Cropland",
        "crs": "EPSG:32633"
      }
    },
    {
      "type": "Feature",
      "geometry": {
        "type": "LineString",
        "coordinates": [
          [
            382118.5513814134,
            4803297.4777851105
          ],
          [
            382248.15923844825,
            4803167.884742016
          ]
        ]
      },
      "properties": {
        "feature_type": "segment",
        "segment_id": 20,
        "step": 20,
        "length_m": 183.28,
        "elevation_start": 62.54,
        "elevation_end": 60.76,
        "slope_percent": 0.93,
        "cost_usd": 80644.39,
        "cost_per_m": 440.0,
        "cumulative_cost": 1781405.86,
        "pressure_drop_pa": 32722.12,
        "cumulative_pressure_pa": 1905234.7,
        "land_cover_class": 20,
        "land_cover_name": "Shrubland",
        "crs": "EPSG:32633"
      }
    },
    {
      "type": "Feature",
      "geometry": {
        "type": "LineString",
        "coordinates": [
          [
            382248.15923844825,
            4803167.884742016
          ],
          [
            382377.76709548314,
            4803038.291698922
          ]
        ]
      },
      "properties": {
        "feature_type": "segment",
        "segment_id": 21,
        "step": 21,
        "length_m": 183.28,
        "elevation_start": 60.76,
        "elevation_end": 58.65,
        "slope_percent": 4.66,
        "cost_usd": 109969.63,
        "cost_per_m": 600.0,
        "cumulative_cost": 1891375.49,
        "pressure_drop_pa": 89609.19,
        "cumulative_pressure_pa": 1994843.9,
        "land_cover_class": 40,
        "land_cover_name": "Cropland",
        "crs": "EPSG:32633"
      }
    },
    {
      "type": "Feature",
      "geometry": {
        "type": "LineString",
        "coordinates": [
          [
            382377.76709548314,
            4803038.291698922
          ],
          [
            382507.374952518,
            4802908.698655828
          ]
        ]
      },
      "properties": {
        "feature_type": "segment",
        "segment_id": 22,
        "step": 22,
        "length_m": 183.28,
        "elevation_start": 58.65,
        "elevation_end": 47.2,
        "slope_percent": 2.69,
        "cost_usd": 109969.63,
        "cost_per_m": 600.0,
        "cumulative_cost": 2001345.12,
        "pressure_drop_pa": 59664.19,
        "cumulative_pressure_pa": 2054508.08,
        "land_cover_class": 40,
        "land_cover_name": "Cropland",
        "crs": "EPSG:32633"
      }
    },
    {
      "type": "Feature",
      "geometry": {
        "type": "LineString",
        "coordinates": [
          [
            382507.374952518,
            4802908.698655828
          ],
          [
            382636.9828095528,
            4802779.105612733
          ]
        ]
      },
      "properties": {
        "feature_type": "segment",
        "segment_id": 23,
        "step": 23,
        "length_m": 183.28,
        "elevation_start": 47.2,
        "elevation_end": 46.92,
        "slope_percent": 1.32,
        "cost_usd": 109969.63,
        "cost_per_m": 600.0,
        "cumulative_cost": 2111314.74,
        "pressure_drop_pa": 38659.97,
        "cumulative_pressure_pa": 2093168.05,
        "land_cover_class": 40,
        "land_cover_name": "Cropland",
        "crs": "EPSG:32633"
      }
    },
    {
      "type": "Feature",
      "geometry": {
        "type": "LineString",
        "coordinates": [
          [
            382636.9828095528,
            4802779.105612733
          ],
          [
            382766.5906665877,
            4802649.512569639
          ]
        ]
      },
      "properties": {
        "feature_type": "segment",
        "segment_id": 24,
        "step": 24,
        "length_m": 183.28,
        "elevation_start": 46.92,
        "elevation_end": 46.63,
        "slope_percent": 1.44,
        "cost_usd": 73313.09,
        "cost_per_m": 400.0,
        "cumulative_cost": 2184627.83,
        "pressure_drop_pa": 40453.05,
        "cumulative_pressure_pa": 2133621.11,
        "land_cover_class": 30,
        "land_cover_name": "Grassland",
        "crs": "EPSG:32633"
      }
    },
    {
      "type": "Feature",
      "geometry": {
        "type": "LineString",
        "coordinates": [
          [
            382766.5906665877,
            4802649.512569639
          ],
          [
            382896.19852362253,
            4802649.512569639
          ]
        ]
      },
      "properties": {
        "feature_type": "segment",
        "segment_id": 25,
        "step": 25,
        "length_m": 129.61,
        "elevation_start": 46.63,
        "elevation_end": 46.59,
        "slope_percent": 1.5,
        "cost_usd": 57027.46,
        "cost_per_m": 440.0,
        "cumulative_cost": 2241655.29,
        "pressure_drop_pa": 29251.41,
        "cumulative_pressure_pa": 2162872.51,
        "land_cover_class": 20,
        "land_cover_name": "Shrubland",
        "crs": "EPSG:32633"
      }
    },
    {
      "type": "Feature",
      "geometry": {
        "type": "LineString",
        "coordinates": [
          [
            382896.19852362253,
            4802649.512569639
          ],
          [
            383025.8063806574,
            4802649.512569639
          ]
        ]
      },
      "properties": {
        "feature_type": "segment",
        "segment_id": 26,
        "step": 26,
        "length_m": 129.61,
        "elevation_start": 46.59,
        "elevation_end": 45.15,
        "slope_percent": 2.0,
        "cost_usd": 77764.71,
        "cost_per_m": 600.0,
        "cumulative_cost": 2319420.0,
        "pressure_drop_pa": 34690.91,
        "cumulative_pressure_pa": 2197563.43,
        "land_cover_class": 40,
        "land_cover_name": "Cropland",
        "crs": "EPSG:32633"
      }
    },
    {
      "type": "Feature",
      "geometry": {
        "type": "LineString",
        "coordinates": [
          [
            383025.8063806574,
            4802649.512569639
          ],
          [
            383155.41423769225,
            4802649.512569639
          ]
        ]
      },
      "properties": {
        "feature_type": "segment",
        "segment_id": 27,
        "step": 27,
        "length_m": 129.61,
        "elevation_start": 45.15,
        "elevation_end": 43.72,
        "slope_percent": 1.82,
        "cost_usd": 77764.71,
        "cost_per_m": 600.0,
        "cumulative_cost": 2397184.72,
        "pressure_drop_pa": 32802.76,
        "cumulative_pressure_pa": 2230366.19,
        "land_cover_class": 40,
        "land_cover_name": "Cropland",
        "crs": "EPSG:32633"
      }
    },
    {
      "type": "Feature",
      "geometry": {
        "type": "LineString",
        "coordinates": [
          [
            383155.41423769225,
            4802649.512569639
          ],
          [
            383285.0220947271,
            4802649.512569639
          ]
        ]
      },
      "properties": {
        "feature_type": "segment",
        "segment_id": 28,
        "step": 28,
        "length_m": 129.61,
        "elevation_start": 43.72,
        "elevation_end": 42.78,
        "slope_percent": 1.89,
        "cost_usd": 51843.14,
        "cost_per_m": 400.0,
        "cumulative_cost": 2449027.86,
        "pressure_drop_pa": 33539.28,
        "cumulative_pressure_pa": 2263905.47,
        "land_cover_class": 30,
        "land_cover_name": "Grassland",
        "crs": "EPSG:32633"
      }
    },
    {
      "type": "Feature",
      "geometry": {
        "type": "LineString",
        "coordinates": [
          [
            383285.0220947271,
            4802649.512569639
          ],
          [
            383414.629951762,
            4802649.512569639
          ]
        ]
      },
      "properties": {
        "feature_type": "segment",
        "segment_id": 29,
        "step": 29,
        "length_m": 129.61,
        "elevation_start": 42.78,
        "elevation_end": 39.62,
        "slope_percent": 1.82,
        "cost_usd": 77764.71,
        "cost_per_m": 600.0,
        "cumulative_cost": 2526792.57,
        "pressure_drop_pa": 32780.95,
        "cumulative_pressure_pa": 2296686.42,
        "land_cover_class": 40,
        "land_cover_name": "Cropland",
        "crs": "EPSG:32633"
      }
    },
    {
      "type": "Feature",
      "geometry": {
        "type": "LineString",
        "coordinates": [
          [
            383414.629951762,
            4802649.512569639
          ],
          [
            383544.2378087968,
            4802649.512569639
          ]
        ]
      },
      "properties": {
        "feature_type": "segment",
        "segment_id": 30,
        "step": 30,
        "length_m": 129.61,
        "elevation_start": 39.62,
        "elevation_end": 38.69,
        "slope_percent": 1.26,
        "cost_usd": 77764.71,
        "cost_per_m": 600.0,
        "cumulative_cost": 2604557.29,
        "pressure_drop_pa": 26723.4,
        "cumulative_pressure_pa": 2323409.81,
        "land_cover_class": 40,
        "land_cover_name": "Cropland",
        "crs": "EPSG:32633"
      }
    },
    {
      "type": "Feature",
      "geometry": {
        "type": "LineString",
        "coordinates": [
          [
            383544.2378087968,
            4802649.512569639
          ],
          [
            383673.8456658317,
            4802519.919526544
          ]
        ]
      },
      "properties": {
        "feature_type": "segment",
        "segment_id": 31,
        "step": 31,
        "length_m": 183.28,
        "elevation_start": 38.69,
        "elevation_end": 37.61,
        "slope_percent": 0.8,
        "cost_usd": 73313.09,
        "cost_per_m": 400.0,
        "cumulative_cost": 2677870.37,
        "pressure_drop_pa": 30775.75,
        "cumulative_pressure_pa": 2354185.56,
        "land_cover_class": 30,
        "land_cover_name": "Grassland",
        "crs": "EPSG:32633"
      }
    },
    {
      "type": "Feature",
      "geometry": {
        "type": "LineString",
        "coordinates": [
          [
            383673.8456658317,
            4802519.919526544
          ],
          [
            383803.45352286653,
            4802390.32648345
          ]
        ]
      },
      "properties": {
        "feature_type": "segment",
        "segment_id": 32,
        "step": 32,
        "length_m": 183.28,
        "elevation_start": 37.61,
        "elevation_end": 36.95,
        "slope_percent": 0.46,
        "cost_usd": 73313.09,
        "cost_per_m": 400.0,
        "cumulative_cost": 2751183.46,
        "pressure_drop_pa": 25520.57,
        "cumulative_pressure_pa": 2379706.13,
        "land_cover_class": 30,
        "land_cover_name": "Grassland",
        "crs": "EPSG:32633"
      }
    },
    {
      "type": "Feature",
      "geometry": {
        "type": "LineString",
        "coordinates": [
          [
            383803.45352286653,
            4802390.32648345
          ],
          [
            383933.06137990137,
            4802390.32648345
          ]
        ]
      },
      "properties": {
        "feature_type": "segment",
        "segment_id": 33,
        "step": 33,
        "length_m": 129.61,
        "elevation_start": 36.95,
        "elevation_end": 36.01,
        "slope_percent": 0.66,
        "cost_usd": 64803.93,
        "cost_per_m": 500.0,
        "cumulative_cost": 2815987.39,
        "pressure_drop_pa": 20262.28,
        "cumulative_pressure_pa": 2399968.42,
        "land_cover_class": 10,
        "land_cover_name": "Tree cover",
        "crs": "EPSG:32633"
      }
    },
    {
      "type": "Feature",
      "geometry": {
        "type": "LineString",
        "coordinates": [
          [
            383933.06137990137,
            4802390.32648345
          ],
          [
            384062.66923693626,
            4802260.733440355
          ]
        ]
      },
      "properties": {
        "feature_type": "segment",
        "segment_id": 34,
        "step": 34,
        "length_m": 183.28,
        "elevation_start": 36.01,
        "elevation_end": 36.05,
        "slope_percent": 0.6,
        "cost_usd": 109969.63,
        "cost_per_m": 600.0,
        "cumulative_cost": 2925957.02,
        "pressure_drop_pa": 27758.08,
        "cumulative_pressure_pa": 2427726.49,
        "land_cover_class": 40,
        "land_cover_name": "Cropland",
        "crs": "EPSG:32633"
      }
    },
    {
      "type": "Feature",
      "geometry": {
        "type": "LineString",
        "coordinates": [
          [
            384062.66923693626,
            4802260.733440355
          ],
          [
            384192.2770939711,
            4802131.140397261
          ]
        ]
      },
      "properties": {
        "feature_type": "segment",
        "segment_id": 35,
        "step": 35,
        "length_m": 183.28,
        "elevation_start": 36.05,
        "elevation_end": 35.54,
        "slope_percent": 0.42,
        "cost_usd": 109969.63,
        "cost_per_m": 600.0,
        "cumulative_cost": 3035926.64,
        "pressure_drop_pa": 24921.42,
        "cumulative_pressure_pa": 2452647.92,
        "land_cover_class": 40,
        "land_cover_name": "Cropland",
        "crs": "EPSG:32633"
      }
    },
    {
      "type": "Feature",
      "geometry": {
        "type": "LineString",
        "coordinates": [
          [
            384192.2770939711,
            4802131.140397261
          ],
          [
            384321.8849510059,
            4802001.547354166
          ]
        ]
      },
      "properties": {
        "feature_type": "segment",
        "segment_id": 36,
        "step": 36,
        "length_m": 183.28,
        "elevation_start": 35.54,
        "elevation_end": 35.86,
        "slope_percent": 1.15,
        "cost_usd": 73313.09,
        "cost_per_m": 400.0,
        "cumulative_cost": 3109239.73,
        "pressure_drop_pa": 36077.16,
        "cumulative_pressure_pa": 2488725.07,
        "land_cover_class": 30,
        "land_cover_name": "Grassland",
        "crs": "EPSG:32633"
      }
    },
    {
      "type": "Feature",
      "geometry": {
        "type": "LineString",
        "coordinates": [
          [
            384321.8849510059,
            4802001.547354166
          ],
          [
            384451.4928080408,
            4801871.954311073
          ]
        ]
      },
      "properties": {
        "feature_type": "segment",
        "segment_id": 37,
        "step": 37,
        "length_m": 183.28,
        "elevation_start": 35.86,
        "elevation_end": 39.03,
        "slope_percent": 2.62,
        "cost_usd": 109969.63,
        "cost_per_m": 600.0,
        "cumulative_cost": 3219209.36,
        "pressure_drop_pa": 58615.44,
        "cumulative_pressure_pa": 2547340.51,
        "land_cover_class": 40,
        "land_cover_name": "Cropland",
        "crs": "EPSG:32633"
      }
    },
    {
      "type": "Feature",
      "geometry": {
        "type": "LineString",
        "coordinates": [
          [
            384451.4928080408,
            4801871.954311073
          ],
          [
            384581.10066507565,
            4801871.954311073
          ]
        ]
      },
      "properties": {
        "feature_type": "segment",
        "segment_id": 38,
        "step": 38,
        "length_m": 129.61,
        "elevation_start": 39.03,
        "elevation_end": 40.52,
        "slope_percent": 2.38,
        "cost_usd": 77764.71,
        "cost_per_m": 600.0,
        "cumulative_cost": 3296974.07,
        "pressure_drop_pa": 38776.31,
        "cumulative_pressure_pa": 2586116.82,
        "land_cover_class": 40,
        "land_cover_name": "Cropland",
        "crs": "EPSG:32633"
      }
    },
    {
      "type": "Feature",
      "geometry": {
        "type": "LineString",
        "coordinates": [
          [
            384581.10066507565,
            4801871.954311073
          ],
          [
            384710.70852211054,
            4801742.361267978
          ]
        ]
      },
      "properties": {
        "feature_type": "segment",
        "segment_id": 39,
        "step": 39,
        "length_m": 183.28,
        "elevation_start": 40.52,
        "elevation_end": 43.19,
        "slope_percent": 2.84,
        "cost_usd": 91641.36,
        "cost_per_m": 500.0,
        "cumulative_cost": 3388615.43,
        "pressure_drop_pa": 61896.58,
        "cumulative_pressure_pa": 2648013.4,
        "land_cover_class": 10,
        "land_cover_name": "Tree cover",
        "crs": "EPSG:32633"
      }
    },
    {
      "type": "Feature",
      "geometry": {
        "type": "LineString",
        "coordinates": [
          [
            384710.70852211054,
            4801742.361267978
          ],
          [
            384840.31637914537,
            4801612.768224884
          ]
        ]
      },
      "properties": {
        "feature_type": "segment",
        "segment_id": 40,
        "step": 40,
        "length_m": 183.28,
        "elevation_start": 43.19,
        "elevation_end": 51.02,
        "slope_percent": 11.0,
        "cost_usd": 102638.32,
        "cost_per_m": 560.0,
        "cumulative_cost": 3491253.75,
        "pressure_drop_pa": 185654.05,
        "cumulative_pressure_pa": 2833667.45,
        "land_cover_class": 30,
        "land_cover_name": "Grassland",
        "crs": "EPSG:32633"
      }
    },
    {
      "type": "Feature",
      "geometry": {
        "type": "LineString",
        "coordinates": [
          [
            384840.31637914537,
            4801612.768224884
          ],
          [
            384969.9242361802,
            4801483.175181789
          ]
        ]
      },
      "properties": {
        "feature_type": "segment",
        "segment_id": 41,
        "step": 41,
        "length_m": 183.28,
        "elevation_start": 51.02,
        "elevation_end": 90.15,
        "slope_percent": 13.61,
        "cost_usd": 102638.32,
        "cost_per_m": 560.0,
        "cumulative_cost": 3593892.07,
        "pressure_drop_pa": 224685.09,
        "cumulative_pressure_pa": 3058352.54,
        "land_cover_class": 30,
        "land_cover_name": "Grassland",
        "crs": "EPSG:32633"
      }
    },
    {
      "type": "Feature",
      "geometry": {
        "type": "LineString",
        "coordinates": [
          [
            384969.9242361802,
            4801483.175181789
          ],
          [
            385099.5320932151,
            4801353.582138695
          ]
        ]
      },
      "properties": {
        "feature_type": "segment",
        "segment_id": 42,
        "step": 42,
        "length_m": 183.28,
        "elevation_start": 90.15,
        "elevation_end": 104.44,
        "slope_percent": 11.2,
        "cost_usd": 139294.86,
        "cost_per_m": 760.0,
        "cumulative_cost": 3733186.93,
        "pressure_drop_pa": 188596.49,
        "cumulative_pressure_pa": 3246949.03,
        "land_cover_class": 40,
        "land_cover_name": "Cropland",
        "crs": "EPSG:32633"
      }
    },
    {
      "type": "Feature",
      "geometry": {
        "type": "LineString",
        "coordinates": [
          [
            385099.5320932151,
            4801353.582138695
          ],
          [
            385229.1399502499,
            4801223.9890956
          ]
        ]
      },
      "properties": {
        "feature_type": "segment",
        "segment_id": 43,
        "step": 43,
        "length_m": 183.28,
        "elevation_start": 104.44,
        "elevation_end": 81.21,
        "slope_percent": 16.43,
        "cost_usd": 183282.71,
        "cost_per_m": 1000.0,
        "cumulative_cost": 3916469.65,
        "pressure_drop_pa": 266311.66,
        "cumulative_pressure_pa": 3513260.69,
        "land_cover_class": 40,
        "land_cover_name": "Cropland",
        "crs": "EPSG:32633"
      }
    },
    {
      "type": "Feature",
      "geometry": {
        "type": "LineString",
        "coordinates": [
          [
            385229.1399502499,
            4801223.9890956
          ],
          [
            385358.74780728476,
            4801094.396052506
          ]
        ]
      },
      "properties": {
        "feature_type": "segment",
        "segment_id": 44,
        "step": 44,
        "length_m": 183.28,
        "elevation_start": 81.21,
        "elevation_end": 73.56,
        "slope_percent": 9.62,
        "cost_usd": 84310.05,
        "cost_per_m": 460.0,
        "cumulative_cost": 4000779.7,
        "pressure_drop_pa": 164805.22,
        "cumulative_pressure_pa": 3678065.91,
        "land_cover_class": 30,
        "land_cover_name": "Grassland",
        "crs": "EPSG:32633"
      }
    },
    {
      "type": "Feature",
      "geometry": {
        "type": "LineString",
        "coordinates": [
          [
            385358.74780728476,
            4801094.396052506
          ],
          [
            385488.35566431965,
            4800964.803009411
          ]
        ]
      },
      "properties": {
        "feature_type": "segment",
        "segment_id": 45,
        "step": 45,
        "length_m": 183.28,
        "elevation_start": 73.56,
        "elevation_end": 69.73,
        "slope_percent": 4.96,
        "cost_usd": 73313.09,
        "cost_per_m": 400.0,
        "cumulative_cost": 4074092.78,
        "pressure_drop_pa": 94246.81,
        "cumulative_pressure_pa": 3772312.72,
        "land_cover_class": 30,
        "land_cover_name": "Grassland",
        "crs": "EPSG:32633"
      }
    },
    {
      "type": "Feature",
      "geometry": {
        "type": "LineString",
        "coordinates": [
          [
            385488.35566431965,
            4800964.803009411
          ],
          [
            385488.35566431965,
            4800835.209966317
          ]
        ]
      },
      "properties": {
        "feature_type": "segment",
        "segment_id": 46,
        "step": 46,
        "length_m": 129.59,
        "elevation_start": 69.73,
        "elevation_end": 92.18,
        "slope_percent": 13.43,
        "cost_usd": 72572.1,
        "cost_per_m": 560.0,
        "cumulative_cost": 4146664.89,
        "pressure_drop_pa": 156951.31,
        "cumulative_pressure_pa": 3929264.04,
        "land_cover_class": 30,
        "land_cover_name": "Grassland",
        "crs": "EPSG:32633"
      }
    },
    {
      "type": "Feature",
      "geometry": {
        "type": "LineString",
        "coordinates": [
          [
            385488.35566431965,
            4800835.209966317
          ],
          [
            385617.9635213545,
            4800705.616923222
          ]
        ]
      },
      "properties": {
        "feature_type": "segment",
        "segment_id": 47,
        "step": 47,
        "length_m": 183.28,
        "elevation_start": 92.18,
        "elevation_end": 106.28,
        "slope_percent": 7.5,
        "cost_usd": 84310.05,
        "cost_per_m": 460.0,
        "cumulative_cost": 4230974.94,
        "pressure_drop_pa": 132854.83,
        "cumulative_pressure_pa": 4062118.87,
        "land_cover_class": 30,
        "land_cover_name": "Grassland",
        "crs": "EPSG:32633"
      }
    },
    {
      "type": "Feature",
      "geometry": {
        "type": "LineString",
        "coordinates": [
          [
            385617.9635213545,
            4800705.616923222
          ],
          [
            385747.5713783894,
            4800705.616923222
          ]
        ]
      },
      "properties": {
        "feature_type": "segment",
        "segment_id": 48,
        "step": 48,
        "length_m": 129.61,
        "elevation_start": 106.28,
        "elevation_end": 101.35,
        "slope_percent": 7.32,
        "cost_usd": 85541.19,
        "cost_per_m": 660.0,
        "cumulative_cost": 4316516.12,
        "pressure_drop_pa": 91990.51,
        "cumulative_pressure_pa": 4154109.38,
        "land_cover_class": 40,
        "land_cover_name": "Cropland",
        "crs": "EPSG:32633"
      }
    },
    {
      "type": "Feature",
      "geometry": {
        "type": "LineString",
        "coordinates": [
          [
            385747.5713783894,
            4800705.616923222
          ],
          [
            385877.1792354242,
            4800705.616923222
          ]
        ]
      },
      "properties": {
        "feature_type": "segment",
        "segment_id": 49,
        "step": 49,
        "length_m": 129.61,
        "elevation_start": 101.35,
        "elevation_end": 99.26,
        "slope_percent": 8.38,
        "cost_usd": 85541.19,
        "cost_per_m": 660.0,
        "cumulative_cost": 4402057.31,
        "pressure_drop_pa": 103343.13,
        "cumulative_pressure_pa": 4257452.51,
        "land_cover_class": 40,
        "land_cover_name": "Cropland",
        "crs": "EPSG:32633"
      }
    },
    {
      "type": "Feature",
      "geometry": {
        "type": "LineString",
        "coordinates": [
          [
            385877.1792354242,
            4800705.616923222
          ],
          [
            386006.78709245904,
            4800576.023880129
          ]
        ]
      },
      "properties": {
        "feature_type": "segment",
        "segment_id": 50,
        "step": 50,
        "length_m": 183.28,
        "elevation_start": 99.26,
        "elevation_end": 117.59,
        "slope_percent": 12.15,
        "cost_usd": 102638.32,
        "cost_per_m": 560.0,
        "cumulative_cost": 4504695.63,
        "pressure_drop_pa": 202866.04,
        "cumulative_pressure_pa": 4460318.55,
        "land_cover_class": 30,
        "land_cover_name": "Grassland",
        "crs": "EPSG:32633"
      }
    },
    {
      "type": "Feature",
      "geometry": {
        "type": "LineString",
        "coordinates": [
          [
            386006.78709245904,
            4800576.023880129
          ],
          [
            386136.39494949393,
            4800446.430837034
          ]
        ]
      },
      "properties": {
        "feature_type": "segment",
        "segment_id": 51,
        "step": 51,
        "length_m": 183.28,
        "elevation_start": 117.59,
        "elevation_end": 133.62,
        "slope_percent": 10.44,
        "cost_usd": 139294.86,
        "cost_per_m": 760.0,
        "cumulative_cost": 4643990.49,
        "pressure_drop_pa": 177255.68,
        "cumulative_pressure_pa": 4637574.22,
        "land_cover_class": 40,
        "land_cover_name": "Cropland",
        "crs": "EPSG:32633"
      }
    },
    {
      "type": "Feature",
      "geometry": {
        "type": "LineString",
        "coordinates": [
          [
            386136.39494949393,
            4800446.430837034
          ],
          [
            386266.00280652876,
            4800316.83779394
          ]
        ]
      },
      "properties": {
        "feature_type": "segment",
        "segment_id": 52,
        "step": 52,
        "length_m": 183.28,
        "elevation_start": 133.62,
        "elevation_end": 155.94,
        "slope_percent": 4.69,
        "cost_usd": 73313.09,
        "cost_per_m": 400.0,
        "cumulative_cost": 4717303.58,
        "pressure_drop_pa": 90041.91,
        "cumulative_pressure_pa": 4727616.13,
        "land_cover_class": 30,
        "land_cover_name": "Grassland",
        "crs": "EPSG:32633"
      }
    },
    {
      "type": "Feature",
      "geometry": {
        "type": "LineString",
        "coordinates": [
          [
            386266.00280652876,
            4800316.83779394
          ],
          [
            386395.6106635636,
            4800187.244750845
          ]
        ]
      },
      "properties": {
        "feature_type": "segment",
        "segment_id": 53,
        "step": 53,
        "length_m": 183.28,
        "elevation_start": 155.94,
        "elevation_end": 146.77,
        "slope_percent": 12.33,
        "cost_usd": 102638.32,
        "cost_per_m": 560.0,
        "cumulative_cost": 4819941.9,
        "pressure_drop_pa": 205507.4,
        "cumulative_pressure_pa": 4933123.53,
        "land_cover_class": 30,
        "land_cover_name": "Grassland",
        "crs": "EPSG:32633"
      }
    },
    {
      "type": "Feature",
      "geometry": {
        "type": "LineString",
        "coordinates": [
          [
            386395.6106635636,
            4800187.244750845
          ],
          [
            386525.2185205985,
            4800057.651707751
          ]
        ]
      },
      "properties": {
        "feature_type": "segment",
        "segment_id": 54,
        "step": 54,
        "length_m": 183.28,
        "elevation_start": 146.77,
        "elevation_end": 122.8,
        "slope_percent": 11.78,
        "cost_usd": 102638.32,
        "cost_per_m": 560.0,
        "cumulative_cost": 4922580.22,
        "pressure_drop_pa": 197337.39,
        "cumulative_pressure_pa": 5130460.92,
        "land_cover_class": 30,
        "land_cover_name": "Grassland",
        "crs": "EPSG:32633"
      }
    },
    {
      "type": "Feature",
      "geometry": {
        "type": "LineString",
        "coordinates": [
          [
            386525.2185205985,
            4800057.651707751
          ],
          [
            386525.2185205985,
            4799928.058664656
          ]
        ]
      },
      "properties": {
        "feature_type": "segment",
        "segment_id": 55,
        "step": 55,
        "length_m": 129.59,
        "elevation_start": 122.8,
        "elevation_end": 106.89,
        "slope_percent": 14.11,
        "cost_usd": 98490.71,
        "cost_per_m": 760.0,
        "cumulative_cost": 5021070.93,
        "pressure_drop_pa": 164058.62,
        "cumulative_pressure_pa": 5294519.54,
        "land_cover_class": 40,
        "land_cover_name": "Cropland",
        "crs": "EPSG:32633"
      }
    },
    {
      "type": "Feature",
      "geometry": {
        "type": "LineString",
        "coordinates": [
          [
            386525.2185205985,
            4799928.058664656
          ],
          [
            386654.8263776333,
            4799798.465621562
          ]
        ]
      },
      "properties": {
        "feature_type": "segment",
        "segment_id": 56,
        "step": 56,
        "length_m": 183.28,
        "elevation_start": 106.89,
        "elevation_end": 90.01,
        "slope_percent": 6.6,
        "cost_usd": 84310.05,
        "cost_per_m": 460.0,
        "cumulative_cost": 5105380.98,
        "pressure_drop_pa": 119197.68,
        "cumulative_pressure_pa": 5413717.22,
        "land_cover_class": 30,
        "land_cover_name": "Grassland",
        "crs": "EPSG:32633"
      }
    },
    {
      "type": "Feature",
      "geometry": {
        "type": "LineString",
        "coordinates": [
          [
            386654.8263776333,
            4799798.465621562
          ],
          [
            386654.8263776333,
            4799668.872578467
          ]
        ]
      },
      "properties": {
        "feature_type": "segment",
        "segment_id": 57,
        "step": 57,
        "length_m": 129.59,
        "elevation_start": 90.01,
        "elevation_end": 87.81,
        "slope_percent": 5.84,
        "cost_usd": 59612.8,
        "cost_per_m": 460.0,
        "cumulative_cost": 5164993.78,
        "pressure_drop_pa": 76092.29,
        "cumulative_pressure_pa": 5489809.51,
        "land_cover_class": 30,
        "land_cover_name": "Grassland",
        "crs": "EPSG:32633"
      }
    },
    {
      "type": "Feature",
      "geometry": {
        "type": "LineString",
        "coordinates": [
          [
            386654.8263776333,
            4799668.872578467
          ],
          [
            386654.8263776333,
            4799539.279535373
          ]
        ]
      },
      "properties": {
        "feature_type": "segment",
        "segment_id": 58,
        "step": 58,
        "length_m": 129.59,
        "elevation_start": 87.81,
        "elevation_end": 83.19,
        "slope_percent": 6.93,
        "cost_usd": 59612.8,
        "cost_per_m": 460.0,
        "cumulative_cost": 5224606.58,
        "pressure_drop_pa": 87767.47,
        "cumulative_pressure_pa": 5577576.98,
        "land_cover_class": 30,
        "land_cover_name": "Grassland",
        "crs": "EPSG:32633"
      }
    },
    {
      "type": "Feature",
      "geometry": {
        "type": "LineString",
        "coordinates": [
          [
            386654.8263776333,
            4799539.279535373
          ],
          [
            386654.8263776333,
            4799409.686492278
          ]
        ]
      },
      "properties": {
        "feature_type": "segment",
        "segment_id": 59,
        "step": 59,
        "length_m": 129.59,
        "elevation_start": 83.19,
        "elevation_end": 77.01,
        "slope_percent": 7.25,
        "cost_usd": 59612.8,
        "cost_per_m": 460.0,
        "cumulative_cost": 5284219.38,
        "pressure_drop_pa": 91214.83,
        "cumulative_pressure_pa": 5668791.81,
        "land_cover_class": 30,
        "land_cover_name": "Grassland",
        "crs": "EPSG:32633"
      }
    },
    {
      "type": "Feature",
      "geometry": {
        "type": "LineString",
        "coordinates": [
          [
            386654.8263776333,
            4799409.686492278
          ],
          [
            386654.8263776333,
            4799280.093449185
          ]
        ]
      },
      "properties": {
        "feature_type": "segment",
        "segment_id": 60,
        "step": 60,
        "length_m": 129.59,
        "elevation_start": 77.01,
        "elevation_end": 68.78,
        "slope_percent": 4.17,
        "cost_usd": 77755.83,
        "cost_per_m": 600.0,
        "cumulative_cost": 5361975.2,
        "pressure_drop_pa": 58152.5,
        "cumulative_pressure_pa": 5726944.3,
        "land_cover_class": 40,
        "land_cover_name": "Cropland",
        "crs": "EPSG:32633"
      }
    },
    {
      "type": "Feature",
      "geometry": {
        "type": "LineString",
        "coordinates": [
          [
            386654.8263776333,
            4799280.093449185
          ],
          [
            386654.8263776333,
            4799150.50040609
          ]
        ]
      },
      "properties": {
        "feature_type": "segment",
        "segment_id": 61,
        "step": 61,
        "length_m": 129.59,
        "elevation_start": 68.78,
        "elevation_end": 67.74,
        "slope_percent": 2.93,
        "cost_usd": 77755.83,
        "cost_per_m": 600.0,
        "cumulative_cost": 5439731.03,
        "pressure_drop_pa": 44732.17,
        "cumulative_pressure_pa": 5771676.48,
        "land_cover_class": 40,
        "land_cover_name": "Cropland",
        "crs": "EPSG:32633"
      }
    },
    {
      "type": "Feature",
      "geometry": {
        "type": "LineString",
        "coordinates": [
          [
            386654.8263776333,
            4799150.50040609
          ],
          [
            386654.8263776333,
            4799020.907362996
          ]
        ]
      },
      "properties": {
        "feature_type": "segment",
        "segment_id": 62,
        "step": 62,
        "length_m": 129.59,
        "elevation_start": 67.74,
        "elevation_end": 71.92,
        "slope_percent": 9.07,
        "cost_usd": 59612.8,
        "cost_per_m": 460.0,
        "cumulative_cost": 5499343.83,
        "pressure_drop_pa": 110714.5,
        "cumulative_pressure_pa": 5882390.98,
        "land_cover_class": 30,
        "land_cover_name": "Grassland",
        "crs": "EPSG:32633"
      }
    },
    {
      "type": "Feature",
      "geometry": {
        "type": "LineString",
        "coordinates": [
          [
            386654.8263776333,
            4799020.907362996
          ],
          [
            386784.4342346682,
            4798891.314319901
          ]
        ]
      },
      "properties": {
        "feature_type": "segment",
        "segment_id": 63,
        "step": 63,
        "length_m": 183.28,
        "elevation_start": 71.92,
        "elevation_end": 52.58,
        "slope_percent": 0.98,
        "cost_usd": 73313.09,
        "cost_per_m": 400.0,
        "cumulative_cost": 5572656.91,
        "pressure_drop_pa": 33452.3,
        "cumulative_pressure_pa": 5915843.28,
        "land_cover_class": 30,
        "land_cover_name": "Grassland",
        "crs": "EPSG:32633"
      }
    },
    {
      "type": "Feature",
      "geometry": {
        "type": "LineString",
        "coordinates": [
          [
            386784.4342346682,
            4798891.314319901
          ],
          [
            386784.4342346682,
            4798761.721276807
          ]
        ]
      },
      "properties": {
        "feature_type": "segment",
        "segment_id": 64,
        "step": 64,
        "length_m": 129.59,
        "elevation_start": 52.58,
        "elevation_end": 61.4,
        "slope_percent": 5.15,
        "cost_usd": 64796.52,
        "cost_per_m": 500.0,
        "cumulative_cost": 5637453.44,
        "pressure_drop_pa": 68648.57,
        "cumulative_pressure_pa": 5984491.85,
        "land_cover_class": 20,
        "land_cover_name": "Shrubland",
        "crs": "EPSG:32633"
      }
    },
    {
      "type": "Feature",
      "geometry": {
        "type": "LineString",
        "coordinates": [
          [
            386784.4342346682,
            4798761.721276807
          ],
          [
            386914.04209170304,
            4798632.128233712
          ]
        ]
      },
      "properties": {
        "feature_type": "segment",
        "segment_id": 65,
        "step": 65,
        "length_m": 183.28,
        "elevation_start": 61.4,
        "elevation_end": 59.43,
        "slope_percent": 4.57,
        "cost_usd": 73313.09,
        "cost_per_m": 400.0,
        "cumulative_cost": 5710766.52,
        "pressure_drop_pa": 88278.38,
        "cumulative_pressure_pa": 6072770.23,
        "land_cover_class": 30,
        "land_cover_name": "Grassland",
        "crs": "EPSG:32633"
      }
    },
    {
      "type": "Feature",
      "geometry": {
        "type": "LineString",
        "coordinates": [
          [
            386914.04209170304,
            4798632.128233712
          ],
          [
            386914.04209170304,
            4798502.535190618
          ]
        ]
      },
      "properties": {
        "feature_type": "segment",
        "segment_id": 66,
        "step": 66,
        "length_m": 129.59,
        "elevation_start": 59.43,
        "elevation_end": 77.02,
        "slope_percent": 9.23,
        "cost_usd": 59612.8,
        "cost_per_m": 460.0,
        "cumulative_cost": 5770379.32,
        "pressure_drop_pa": 112401.51,
        "cumulative_pressure_pa": 6185171.74,
        "land_cover_class": 30,
        "land_cover_name": "Grassland",
        "crs": "EPSG:32633"
      }
    },
    {
      "type": "Feature",
      "geometry": {
        "type": "LineString",
        "coordinates": [
          [
            386914.04209170304,
            4798502.535190618
          ],
          [
            386914.04209170304,
            4798372.942147523
          ]
        ]
      },
      "properties": {
        "feature_type": "segment",
        "segment_id": 67,
        "step": 67,
        "length_m": 129.59,
        "elevation_start": 77.02,
        "elevation_end": 92.77,
        "slope_percent": 12.65,
        "cost_usd": 72572.1,
        "cost_per_m": 560.0,
        "cumulative_cost": 5842951.42,
        "pressure_drop_pa": 148675.34,
        "cumulative_pressure_pa": 6333847.09,
        "land_cover_class": 30,
        "land_cover_name": "Grassland",
        "crs": "EPSG:32633"
      }
    },
    {
      "type": "Feature",
      "geometry": {
        "type": "LineString",
        "coordinates": [
          [
            386914.04209170304,
            4798372.942147523
          ],
          [
            386914.04209170304,
            4798243.349104429
          ]
        ]
      },
      "properties": {
        "feature_type": "segment",
        "segment_id": 68,
        "step": 68,
        "length_m": 129.59,
        "elevation_start": 92.77,
        "elevation_end": 108.9,
        "slope_percent": 10.78,
        "cost_usd": 98490.71,
        "cost_per_m": 760.0,
        "cumulative_cost": 5941442.14,
        "pressure_drop_pa": 128961.6,
        "cumulative_pressure_pa": 6462808.69,
        "land_cover_class": 40,
        "land_cover_name": "Cropland",
        "crs": "EPSG:32633"
      }
    },
    {
      "type": "Feature",
      "geometry": {
        "type": "LineString",
        "coordinates": [
          [
            386914.04209170304,
            4798243.349104429
          ],
          [
            386914.04209170304,
            4798113.756061334
          ]
        ]
      },
      "properties": {
        "feature_type": "segment",
        "segment_id": 69,
        "step": 69,
        "length_m": 129.59,
        "elevation_start": 108.9,
        "elevation_end": 124.78,
        "slope_percent": 9.19,
        "cost_usd": 59612.8,
        "cost_per_m": 460.0,
        "cumulative_cost": 6001054.94,
        "pressure_drop_pa": 111949.55,
        "cumulative_pressure_pa": 6574758.24,
        "land_cover_class": 30,
        "land_cover_name": "Grassland",
        "crs": "EPSG:32633"
      }
    },
    {
      "type": "Feature",
      "geometry": {
        "type": "LineString",
        "coordinates": [
          [
            386914.04209170304,
            4798113.756061334
          ],
          [
            386914.04209170304,
            4797984.163018241
          ]
        ]
      },
      "properties": {
        "feature_type": "segment",
        "segment_id": 70,
        "step": 70,
        "length_m": 129.59,
        "elevation_start": 124.78,
        "elevation_end": 134.81,
        "slope_percent": 14.39,
        "cost_usd": 72572.1,
        "cost_per_m": 560.0,
        "cumulative_cost": 6073627.04,
        "pressure_drop_pa": 167022.43,
        "cumulative_pressure_pa": 6741780.67,
        "land_cover_class": 30,
        "land_cover_name": "Grassland",
        "crs": "EPSG:32633"
      }
    },
    {
      "type": "Feature",
      "geometry": {
        "type": "LineString",
        "coordinates": [
          [
            386914.04209170304,
            4797984.163018241
          ],
          [
            387043.6499487379,
            4797854.569975146
          ]
        ]
      },
      "properties": {
        "feature_type": "segment",
        "segment_id": 71,
        "step": 71,
        "length_m": 183.28,
        "elevation_start": 134.81,
        "elevation_end": 155.11,
        "slope_percent": 14.23,
        "cost_usd": 139294.86,
        "cost_per_m": 760.0,
        "cumulative_cost": 6212921.9,
        "pressure_drop_pa": 233823.82,
        "cumulative_pressure_pa": 6975604.5,
        "land_cover_class": 40,
        "land_cover_name": "Cropland",
        "crs": "EPSG:32633"
      }
    },
    {
      "type": "Feature",
      "geometry": {
        "type": "LineString",
        "coordinates": [
          [
            387043.6499487379,
            4797854.569975146
          ],
          [
            387173.25780577277,
            4797724.976932052
          ]
        ]
      },
      "properties": {
        "feature_type": "segment",
        "segment_id": 72,
        "step": 72,
        "length_m": 183.28,
        "elevation_start": 155.11,
        "elevation_end": 181.62,
        "slope_percent": 6.76,
        "cost_usd": 76978.74,
        "cost_per_m": 420.0,
        "cumulative_cost": 6289900.64,
        "pressure_drop_pa": 121593.55,
        "cumulative_pressure_pa": 7097198.05,
        "land_cover_class": 50,
        "land_cover_name": "Built-up",
        "crs": "EPSG:32633"
      }
    },
    {
      "type": "Feature",
      "geometry": {
        "type": "LineString",
        "coordinates": [
          [
            387173.25780577277,
            4797724.976932052
          ],
          [
            387173.25780577277,
            4797595.383888957
          ]
        ]
      },
      "properties": {
        "feature_type": "segment",
        "segment_id": 73,
        "step": 73,
        "length_m": 129.59,
        "elevation_start": 181.62,
        "elevation_end": 181.25,
        "slope_percent": 6.2,
        "cost_usd": 59612.8,
        "cost_per_m": 460.0,
        "cumulative_cost": 6349513.44,
        "pressure_drop_pa": 79914.46,
        "cumulative_pressure_pa": 7177112.51,
        "land_cover_class": 30,
        "land_cover_name": "Grassland",
        "crs": "EPSG:32633"
      }
    },
    {
      "type": "Feature",
      "geometry": {
        "type": "LineString",
        "coordinates": [
          [
            387173.25780577277,
            4797595.383888957
          ],
          [
            387302.8656628076,
            4797465.790845863
          ]
        ]
      },
      "properties": {
        "feature_type": "segment",
        "segment_id": 74,
        "step": 74,
        "length_m": 183.28,
        "elevation_start": 181.25,
        "elevation_end": 148.96,
        "slope_percent": 14.93,
        "cost_usd": 139294.86,
        "cost_per_m": 760.0,
        "cumulative_cost": 6488808.31,
        "pressure_drop_pa": 244130.36,
        "cumulative_pressure_pa": 7421242.88,
        "land_cover_class": 40,
        "land_cover_name": "Cropland",
        "crs": "EPSG:32633"
      }
    },
    {
      "type": "Feature",
      "geometry": {
        "type": "LineString",
        "coordinates": [
          [
            387302.8656628076,
            4797465.790845863
          ],
          [
            387432.4735198425,
            4797336.197802768
          ]
        ]
      },
      "properties": {
        "feature_type": "segment",
        "segment_id": 75,
        "step": 75,
        "length_m": 183.28,
        "elevation_start": 148.96,
        "elevation_end": 129.9,
        "slope_percent": 10.27,
        "cost_usd": 139294.86,
        "cost_per_m": 760.0,
        "cumulative_cost": 6628103.17,
        "pressure_drop_pa": 174680.28,
        "cumulative_pressure_pa": 7595923.16,
        "land_cover_class": 40,
        "land_cover_name": "Cropland",
        "crs": "EPSG:32633"
      }
    },
    {
      "type": "Feature",
      "geometry": {
        "type": "LineString",
        "coordinates": [
          [
            387432.4735198425,
            4797336.197802768
          ],
          [
            387562.0813768773,
            4797206.604759674
          ]
        ]
      },
      "properties": {
        "feature_type": "segment",
        "segment_id": 76,
        "step": 76,
        "length_m": 183.28,
        "elevation_start": 129.9,
        "elevation_end": 115.18,
        "slope_percent": 6.32,
        "cost_usd": 84310.05,
        "cost_per_m": 460.0,
        "cumulative_cost": 6712413.22,
        "pressure_drop_pa": 114953.68,
        "cumulative_pressure_pa": 7710876.83,
        "land_cover_class": 30,
        "land_cover_name": "Grassland",
        "crs": "EPSG:32633"
      }
    },
    {
      "type": "Feature",
      "geometry": {
        "type": "LineString",
        "coordinates": [
          [
            387562.0813768773,
            4797206.604759674
          ],
          [
            387691.68923391216,
            4797077.011716579
          ]
        ]
      },
      "properties": {
        "feature_type": "segment",
        "segment_id": 77,
        "step": 77,
        "length_m": 183.28,
        "elevation_start": 115.18,
        "elevation_end": 105.62,
        "slope_percent": 2.14,
        "cost_usd": 109969.63,
        "cost_per_m": 600.0,
        "cumulative_cost": 6822382.85,
        "pressure_drop_pa": 51223.8,
        "cumulative_pressure_pa": 7762100.63,
        "land_cover_class": 40,
        "land_cover_name": "Cropland",
        "crs": "EPSG:32633"
      }
    },
    {
      "type": "Feature",
      "geometry": {
        "type": "LineString",
        "coordinates": [
          [
            387691.68923391216,
            4797077.011716579
          ],
          [
            387821.29709094705,
            4796947.418673485
          ]
        ]
      },
      "properties": {
        "feature_type": "segment",
        "segment_id": 78,
        "step": 78,
        "length_m": 183.28,
        "elevation_start": 105.62,
        "elevation_end": 102.93,
        "slope_percent": 3.91,
        "cost_usd": 109969.63,
        "cost_per_m": 600.0,
        "cumulative_cost": 6932352.48,
        "pressure_drop_pa": 78236.72,
        "cumulative_pressure_pa": 7840337.35,
        "land_cover_class": 40,
        "land_cover_name": "Cropland",
        "crs": "EPSG:32633"
      }
    },
    {
      "type": "Feature",
      "geometry": {
        "type": "LineString",
        "coordinates": [
          [
            387821.29709094705,
            4796947.418673485
          ],
          [
            387950.9049479819,
            4796817.825630391
          ]
        ]
      },
      "properties": {
        "feature_type": "segment",
        "segment_id": 79,
        "step": 79,
        "length_m": 183.28,
        "elevation_start": 102.93,
        "elevation_end": 100.1,
        "slope_percent": 3.36,
        "cost_usd": 73313.09,
        "cost_per_m": 400.0,
        "cumulative_cost": 7005665.56,
        "pressure_drop_pa": 69853.11,
        "cumulative_pressure_pa": 7910190.47,
        "land_cover_class": 30,
        "land_cover_name": "Grassland",
        "crs": "EPSG:32633"
      }
    },
    {
      "type": "Feature",
      "geometry": {
        "type": "LineString",
        "coordinates": [
          [
            387950.9049479819,
            4796817.825630391
          ],
          [
            387950.9049479819,
            4796688.2325872965
          ]
        ]
      },
      "properties": {
        "feature_type": "segment",
        "segment_id": 80,
        "step": 80,
        "length_m": 129.59,
        "elevation_start": 100.1,
        "elevation_end": 102.97,
        "slope_percent": 6.85,
        "cost_usd": 59612.8,
        "cost_per_m": 460.0,
        "cumulative_cost": 7065278.36,
        "pressure_drop_pa": 86906.52,
        "cumulative_pressure_pa": 7997096.99,
        "land_cover_class": 30,
        "land_cover_name": "Grassland",
        "crs": "EPSG:32633"
      }
    },
    {
      "type": "Feature",
      "geometry": {
        "type": "LineString",
        "coordinates": [
          [
            387950.9049479819,
            4796688.2325872965
          ],
          [
            388080.5128050167,
            4796558.639544202
          ]
        ]
      },
      "properties": {
        "feature_type": "segment",
        "segment_id": 81,
        "step": 81,
        "length_m": 183.28,
        "elevation_start": 102.97,
        "elevation_end": 95.48,
        "slope_percent": 7.48,
        "cost_usd": 120966.59,
        "cost_per_m": 660.0,
        "cumulative_cost": 7186244.95,
        "pressure_drop_pa": 132446.42,
        "cumulative_pressure_pa": 8129543.41,
        "land_cover_class": 40,
        "land_cover_name": "Cropland",
        "crs": "EPSG:32633"
      }
    },
    {
      "type": "Feature",
      "geometry": {
        "type": "LineString",
        "coordinates": [
          [
            388080.5128050167,
            4796558.639544202
          ],
          [
            388210.1206620516,
            4796429.0465011075
          ]
        ]
      },
      "properties": {
        "feature_type": "segment",
        "segment_id": 82,
        "step": 82,
        "length_m": 183.28,
        "elevation_start": 95.48,
        "elevation_end": 83.77,
        "slope_percent": 4.42,
        "cost_usd": 109969.63,
        "cost_per_m": 600.0,
        "cumulative_cost": 7296214.58,
        "pressure_drop_pa": 85990.37,
        "cumulative_pressure_pa": 8215533.78,
        "land_cover_class": 40,
        "land_cover_name": "Cropland",
        "crs": "EPSG:32633"
      }
    },
    {
      "type": "Feature",
      "geometry": {
        "type": "LineString",
        "coordinates": [
          [
            388210.1206620516,
            4796429.0465011075
          ],
          [
            388339.72851908643,
            4796299.453458013
          ]
        ]
      },
      "properties": {
        "feature_type": "segment",
        "segment_id": 83,
        "step": 83,
        "length_m": 183.28,
        "elevation_start": 83.77,
        "elevation_end": 80.37,
        "slope_percent": 4.28,
        "cost_usd": 109969.63,
        "cost_per_m": 600.0,
        "cumulative_cost": 7406184.21,
        "pressure_drop_pa": 83797.86,
        "cumulative_pressure_pa": 8299331.64,
        "land_cover_class": 40,
        "land_cover_name": "Cropland",
        "crs": "EPSG:32633"
      }
    },
    {
      "type": "Feature",
      "geometry": {
        "type": "LineString",
        "coordinates": [
          [
            388339.72851908643,
            4796299.453458013
          ],
          [
            388469.3363761213,
            4796169.8604149185
          ]
        ]
      },
      "properties": {
        "feature_type": "segment",
        "segment_id": 84,
        "step": 84,
        "length_m": 183.28,
        "elevation_start": 80.37,
        "elevation_end": 77.27,
        "slope_percent": 1.8,
        "cost_usd": 80644.39,
        "cost_per_m": 440.0,
        "cumulative_cost": 7486828.61,
        "pressure_drop_pa": 46033.19,
        "cumulative_pressure_pa": 8345364.83,
        "land_cover_class": 20,
        "land_cover_name": "Shrubland",
        "crs": "EPSG:32633"
      }
    },
    {
      "type": "Feature",
      "geometry": {
        "type": "LineString",
        "coordinates": [
          [
            388469.3363761213,
            4796169.8604149185
          ],
          [
            388598.94423315616,
            4796040.267371824
          ]
        ]
      },
      "properties": {
        "feature_type": "segment",
        "segment_id": 85,
        "step": 85,
        "length_m": 183.28,
        "elevation_start": 77.27,
        "elevation_end": 74.05,
        "slope_percent": 3.86,
        "cost_usd": 109969.63,
        "cost_per_m": 600.0,
        "cumulative_cost": 7596798.23,
        "pressure_drop_pa": 77501.13,
        "cumulative_pressure_pa": 8422865.96,
        "land_cover_class": 40,
        "land_cover_name": "Cropland",
        "crs": "EPSG:32633"
      }
    },
    {
      "type": "Feature",
      "geometry": {
        "type": "LineString",
        "coordinates": [
          [
            388598.94423315616,
            4796040.267371824
          ],
          [
            388728.552090191,
            4796040.267371824
          ]
        ]
      },
      "properties": {
        "feature_type": "segment",
        "segment_id": 86,
        "step": 86,
        "length_m": 129.61,
        "elevation_start": 74.05,
        "elevation_end": 79.49,
        "slope_percent": 8.09,
        "cost_usd": 85541.19,
        "cost_per_m": 660.0,
        "cumulative_cost": 7682339.42,
        "pressure_drop_pa": 100191.06,
        "cumulative_pressure_pa": 8523057.02,
        "land_cover_class": 40,
        "land_cover_name": "Cropland",
        "crs": "EPSG:32633"
      }
    },
    {
      "type": "Feature",
      "geometry": {
        "type": "LineString",
        "coordinates": [
          [
            388728.552090191,
            4796040.267371824
          ],
          [
            388858.1599472259,
            4796040.267371824
          ]
        ]
      },
      "properties": {
        "feature_type": "segment",
        "segment_id": 87,
        "step": 87,
        "length_m": 129.61,
        "elevation_start": 79.49,
        "elevation_end": 84.16,
        "slope_percent": 6.82,
        "cost_usd": 72580.4,
        "cost_per_m": 560.0,
        "cumulative_cost": 7754919.82,
        "pressure_drop_pa": 86659.03,
        "cumulative_pressure_pa": 8609716.05,
        "land_cover_class": 10,
        "land_cover_name": "Tree cover",
        "crs": "EPSG:32633"
      }
    },
    {
      "type": "Feature",
      "geometry": {
        "type": "LineString",
        "coordinates": [
          [
            388858.1599472259,
            4796040.267371824
          ],
          [
            388987.7678042607,
            4796040.267371824
          ]
        ]
      },
      "properties": {
        "feature_type": "segment",
        "segment_id": 88,
        "step": 88,
        "length_m": 129.61,
        "elevation_start": 84.16,
        "elevation_end": 96.74,
        "slope_percent": 8.66,
        "cost_usd": 59619.61,
        "cost_per_m": 460.0,
        "cumulative_cost": 7814539.43,
        "pressure_drop_pa": 106359.87,
        "cumulative_pressure_pa": 8716075.92,
        "land_cover_class": 30,
        "land_cover_name": "Grassland",
        "crs": "EPSG:32633"
      }
    },
    {
      "type": "Feature",
      "geometry": {
        "type": "LineString",
        "coordinates": [
          [
            388987.7678042607,
            4796040.267371824
          ],
          [
            389117.37566129555,
            4795910.6743287295
          ]
        ]
      },
      "properties": {
        "feature_type": "segment",
        "segment_id": 89,
        "step": 89,
        "length_m": 183.28,
        "elevation_start": 96.74,
        "elevation_end": 117.16,
        "slope_percent": 9.13,
        "cost_usd": 84310.05,
        "cost_per_m": 460.0,
        "cumulative_cost": 7898849.48,
        "pressure_drop_pa": 157503.99,
        "cumulative_pressure_pa": 8873579.9,
        "land_cover_class": 30,
        "land_cover_name": "Grassland",
        "crs": "EPSG:32633"
      }
    },
    {
      "type": "Feature",
      "geometry": {
        "type": "LineString",
        "coordinates": [
          [
            389117.37566129555,
            4795910.6743287295
          ],
          [
            389246.98351833044,
            4795910.6743287295
          ]
        ]
      },
      "properties": {
        "feature_type": "segment",
        "segment_id": 90,
        "step": 90,
        "length_m": 129.61,
        "elevation_start": 117.16,
        "elevation_end": 126.99,
        "slope_percent": 4.89,
        "cost_usd": 77764.71,
        "cost_per_m": 600.0,
        "cumulative_cost": 7976614.2,
        "pressure_drop_pa": 65919.66,
        "cumulative_pressure_pa": 8939499.56,
        "land_cover_class": 40,
        "land_cover_name": "Cropland",
        "crs": "EPSG:32633"
      }
    },
    {
      "type": "Feature",
      "geometry": {
        "type": "LineString",
        "coordinates": [
          [
            389246.98351833044,
            4795910.6743287295
          ],
          [
            389376.5913753653,
            4795781.081285635
          ]
        ]
      },
      "properties": {
        "feature_type": "segment",
        "segment_id": 91,
        "step": 91,
        "length_m": 183.28,
        "elevation_start": 126.99,
        "elevation_end": 118.91,
        "slope_percent": 9.84,
        "cost_usd": 84310.05,
        "cost_per_m": 460.0,
        "cumulative_cost": 8060924.25,
        "pressure_drop_pa": 168141.68,
        "cumulative_pressure_pa": 9107641.24,
        "land_cover_class": 30,
        "land_cover_name": "Grassland",
        "crs": "EPSG:32633"
      }
    },
    {
      "type": "Feature",
      "geometry": {
        "type": "LineString",
        "coordinates": [
          [
            389376.5913753653,
            4795781.081285635
          ],
          [
            389506.19923240016,
            4795651.4882425405
          ]
        ]
      },
      "properties": {
        "feature_type": "segment",
        "segment_id": 92,
        "step": 92,
        "length_m": 183.28,
        "elevation_start": 118.91,
        "elevation_end": 103.43,
        "slope_percent": 7.84,
        "cost_usd": 102638.32,
        "cost_per_m": 560.0,
        "cumulative_cost": 8163562.57,
        "pressure_drop_pa": 137898.06,
        "cumulative_pressure_pa": 9245539.3,
        "land_cover_class": 10,
        "land_cover_name": "Tree cover",
        "crs": "EPSG:32633"
      }
    },
    {
      "type": "Feature",
      "geometry": {
        "type": "LineString",
        "coordinates": [
          [
            389506.19923240016,
            4795651.4882425405
          ],
          [
            389635.807089435,
            4795521.895199447
          ]
        ]
      },
      "properties": {
        "feature_type": "segment",
        "segment_id": 93,
        "step": 93,
        "length_m": 183.28,
        "elevation_start": 103.43,
        "elevation_end": 105.99,
        "slope_percent": 7.27,
        "cost_usd": 84310.05,
        "cost_per_m": 460.0,
        "cumulative_cost": 8247872.61,
        "pressure_drop_pa": 129340.51,
        "cumulative_pressure_pa": 9374879.8,
        "land_cover_class": 30,
        "land_cover_name": "Grassland",
        "crs": "EPSG:32633"
      }
    },
    {
      "type": "Feature",
      "geometry": {
        "type": "LineString",
        "coordinates": [
          [
            389635.807089435,
            4795521.895199447
          ],
          [
            389765.4149464698,
            4795392.302156352
          ]
        ]
      },
      "properties": {
        "feature_type": "segment",
        "segment_id": 94,
        "step": 94,
        "length_m": 183.28,
        "elevation_start": 105.99,
        "elevation_end": 91.34,
        "slope_percent": 6.77,
        "cost_usd": 84310.05,
        "cost_per_m": 460.0,
        "cumulative_cost": 8332182.66,
        "pressure_drop_pa": 121763.49,
        "cumulative_pressure_pa": 9496643.29,
        "land_cover_class": 30,
        "land_cover_name": "Grassland",
        "crs": "EPSG:32633"
      }
    },
    {
      "type": "Feature",
      "geometry": {
        "type": "LineString",
        "coordinates": [
          [
            389765.4149464698,
            4795392.302156352
          ],
          [
            389765.4149464698,
            4795262.709113258
          ]
        ]
      },
      "properties": {
        "feature_type": "segment",
        "segment_id": 95,
        "step": 95,
        "length_m": 129.59,
        "elevation_start": 91.34,
        "elevation_end": 83.71,
        "slope_percent": 7.56,
        "cost_usd": 59612.8,
        "cost_per_m": 460.0,
        "cumulative_cost": 8391795.46,
        "pressure_drop_pa": 94535.82,
        "cumulative_pressure_pa": 9591179.11,
        "land_cover_class": 30,
        "land_cover_name": "Grassland",
        "crs": "EPSG:32633"
      }
    },
    {
      "type": "Feature",
      "geometry": {
        "type": "LineString",
        "coordinates": [
          [
            389765.4149464698,
            4795262.709113258
          ],
          [
            389895.0228035047,
            4795133.116070163
          ]
        ]
      },
      "properties": {
        "feature_type": "segment",
        "segment_id": 96,
        "step": 96,
        "length_m": 183.28,
        "elevation_start": 83.71,
        "elevation_end": 75.49,
        "slope_percent": 9.35,
        "cost_usd": 120966.59,
        "cost_per_m": 660.0,
        "cumulative_cost": 8512762.05,
        "pressure_drop_pa": 160725.75,
        "cumulative_pressure_pa": 9751904.86,
        "land_cover_class": 40,
        "land_cover_name": "Cropland",
        "crs": "EPSG:32633"
      }
    },
    {
      "type": "Feature",
      "geometry": {
        "type": "LineString",
        "coordinates": [
          [
            389895.0228035047,
            4795133.116070163
          ],
          [
            390024.63066053955,
            4795003.523027069
          ]
        ]
      },
      "properties": {
        "feature_type": "segment",
        "segment_id": 97,
        "step": 97,
        "length_m": 183.28,
        "elevation_start": 75.49,
        "elevation_end": 59.79,
        "slope_percent": 1.92,
        "cost_usd": 109969.63,
        "cost_per_m": 600.0,
        "cumulative_cost": 8622731.68,
        "pressure_drop_pa": 47891.85,
        "cumulative_pressure_pa": 9799796.71,
        "land_cover_class": 40,
        "land_cover_name": "Cropland",
        "crs": "EPSG:32633"
      }
    },
    {
      "type": "Feature",
      "geometry": {
        "type": "LineString",
        "coordinates": [
          [
            390024.63066053955,
            4795003.523027069
          ],
          [
            390154.2385175744,
            4794873.929983974
          ]
        ]
      },
      "properties": {
        "feature_type": "segment",
        "segment_id": 98,
        "step": 98,
        "length_m": 183.28,
        "elevation_start": 59.79,
        "elevation_end": 80.71,
        "slope_percent": 6.35,
        "cost_usd": 120966.59,
        "cost_per_m": 660.0,
        "cumulative_cost": 8743698.27,
        "pressure_drop_pa": 115372.61,
        "cumulative_pressure_pa": 9915169.32,
        "land_cover_class": 40,
        "land_cover_name": "Cropland",
        "crs": "EPSG:32633"
      }
    },
    {
      "type": "Feature",
      "geometry": {
        "type": "LineString",
        "coordinates": [
          [
            390154.2385175744,
            4794873.929983974
          ],
          [
            390283.8463746093,
            4794744.33694088
          ]
        ]
      },
      "properties": {
        "feature_type": "segment",
        "segment_id": 99,
        "step": 99,
        "length_m": 183.28,
        "elevation_start": 80.71,
        "elevation_end": 82.44,
        "slope_percent": 4.33,
        "cost_usd": 109969.63,
        "cost_per_m": 600.0,
        "cumulative_cost": 8853667.9,
        "pressure_drop_pa": 84597.62,
        "cumulative_pressure_pa": 9999766.93,
        "land_cover_class": 40,
        "land_cover_name": "Cropland",
        "crs": "EPSG:32633"
      }
    },
    {
      "type": "Feature",
      "geometry": {
        "type": "LineString",
        "coordinates": [
          [
            390283.8463746093,
            4794744.33694088
          ],
          [
            390413.4542316441,
            4794614.743897785
          ]
        ]
      },
      "properties": {
        "feature_type": "segment",
        "segment_id": 100,
        "step": 100,
        "length_m": 183.28,
        "elevation_start": 82.44,
        "elevation_end": 70.38,
        "slope_percent": 5.07,
        "cost_usd": 84310.05,
        "cost_per_m": 460.0,
        "cumulative_cost": 8937977.95,
        "pressure_drop_pa": 95872.1,
        "cumulative_pressure_pa": 10095639.03,
        "land_cover_class": 30,
        "land_cover_name": "Grassland",
        "crs": "EPSG:32633"
      }
    },
    {
      "type": "Feature",
      "geometry": {
        "type": "LineString",
        "coordinates": [
          [
            390413.4542316441,
            4794614.743897785
          ],
          [
            390543.062088679,
            4794614.743897785
          ]
        ]
      },
      "properties": {
        "feature_type": "segment",
        "segment_id": 101,
        "step": 101,
        "length_m": 129.61,
        "elevation_start": 70.38,
        "elevation_end": 75.47,
        "slope_percent": 3.37,
        "cost_usd": 51843.14,
        "cost_per_m": 400.0,
        "cumulative_cost": 8989821.09,
        "pressure_drop_pa": 49539.95,
        "cumulative_pressure_pa": 10145178.98,
        "land_cover_class": 30,
        "land_cover_name": "Grassland",
        "crs": "EPSG:32633"
      }
    },
    {
      "type": "Feature",
      "geometry": {
        "type": "LineString",
        "coordinates": [
          [
            390543.062088679,
            4794614.743897785
          ],
          [
            390672.66994571383,
            4794485.150854691
          ]
        ]
      },
      "properties": {
        "feature_type": "segment",
        "segment_id": 102,
        "step": 102,
        "length_m": 183.28,
        "elevation_start": 75.47,
        "elevation_end": 66.04,
        "slope_percent": 5.25,
        "cost_usd": 120966.59,
        "cost_per_m": 660.0,
        "cumulative_cost": 9110787.69,
        "pressure_drop_pa": 98602.01,
        "cumulative_pressure_pa": 10243780.99,
        "land_cover_class": 40,
        "land_cover_name": "Cropland",
        "crs": "EPSG:32633"
      }
    },
    {
      "type": "Feature",
      "geometry": {
        "type": "LineString",
        "coordinates": [
          [
            390672.66994571383,
            4794485.150854691
          ],
          [
            390802.27780274866,
            4794355.557811596
          ]
        ]
      },
      "properties": {
        "feature_type": "segment",
        "segment_id": 103,
        "step": 103,
        "length_m": 183.28,
        "elevation_start": 66.04,
        "elevation_end": 55.47,
        "slope_percent": 6.43,
        "cost_usd": 120966.59,
        "cost_per_m": 660.0,
        "cumulative_cost": 9231754.28,
        "pressure_drop_pa": 116548.92,
        "cumulative_pressure_pa": 10360329.91,
        "land_cover_class": 40,
        "land_cover_name": "Cropland",
        "crs": "EPSG:32633"
      }
    },
    {
      "type": "Feature",
      "geometry": {
        "type": "LineString",
        "coordinates": [
          [
            390802.27780274866,
            4794355.557811596
          ],
          [
            390931.88565978355,
            4794225.964768503
          ]
        ]
      },
      "properties": {
        "feature_type": "segment",
        "segment_id": 104,
        "step": 104,
        "length_m": 183.28,
        "elevation_start": 55.47,
        "elevation_end": 51.04,
        "slope_percent": 3.52,
        "cost_usd": 109969.63,
        "cost_per_m": 600.0,
        "cumulative_cost": 9341723.91,
        "pressure_drop_pa": 72231.19,
        "cumulative_pressure_pa": 10432561.1,
        "land_cover_class": 40,
        "land_cover_name": "Cropland",
        "crs": "EPSG:32633"
      }
    },
    {
      "type": "Feature",
      "geometry": {
        "type": "LineString",
        "coordinates": [
          [
            390931.88565978355,
            4794225.964768503
          ],
          [
            391061.4935168184,
            4794096.371725408
          ]
        ]
      },
      "properties": {
        "feature_type": "segment",
        "segment_id": 105,
        "step": 105,
        "length_m": 183.28,
        "elevation_start": 51.04,
        "elevation_end": 48.99,
        "slope_percent": 2.4,
        "cost_usd": 109969.63,
        "cost_per_m": 600.0,
        "cumulative_cost": 9451693.54,
        "pressure_drop_pa": 55249.11,
        "cumulative_pressure_pa": 10487810.21,
        "land_cover_class": 40,
        "land_cover_name": "Cropland",
        "crs": "EPSG:32633"
      }
    },
    {
      "type": "Feature",
      "geometry": {
        "type": "LineString",
        "coordinates": [
          [
            391061.4935168184,
            4794096.371725408
          ],
          [
            391191.1013738533,
            4793966.778682314
          ]
        ]
      },
      "properties": {
        "feature_type": "segment",
        "segment_id": 106,
        "step": 106,
        "length_m": 183.28,
        "elevation_start": 48.99,
        "elevation_end": 45.02,
        "slope_percent": 2.82,
        "cost_usd": 73313.09,
        "cost_per_m": 400.0,
        "cumulative_cost": 9525006.62,
        "pressure_drop_pa": 61539.81,
        "cumulative_pressure_pa": 10549350.02,
        "land_cover_class": 30,
        "land_cover_name": "Grassland",
        "crs": "EPSG:32633"
      }
    },
    {
      "type": "Feature",
      "geometry": {
        "type": "LineString",
        "coordinates": [
          [
            391191.1013738533,
            4793966.778682314
          ],
          [
            391320.7092308881,
            4793837.185639219
          ]
        ]
      },
      "properties": {
        "feature_type": "segment",
        "segment_id": 107,
        "step": 107,
        "length_m": 183.28,
        "elevation_start": 45.02,
        "elevation_end": 40.24,
        "slope_percent": 3.0,
        "cost_usd": 73313.09,
        "cost_per_m": 400.0,
        "cumulative_cost": 9598319.71,
        "pressure_drop_pa": 64337.42,
        "cumulative_pressure_pa": 10613687.43,
        "land_cover_class": 30,
        "land_cover_name": "Grassland",
        "crs": "EPSG:32633"
      }
    },
    {
      "type": "Feature",
      "geometry": {
        "type": "LineString",
        "coordinates": [
          [
            391320.7092308881,
            4793837.185639219
          ],
          [
            391450.31708792294,
            4793707.592596125
          ]
        ]
      },
      "properties": {
        "feature_type": "segment",
        "segment_id": 108,
        "step": 108,
        "length_m": 183.28,
        "elevation_start": 40.24,
        "elevation_end": 36.91,
        "slope_percent": 4.25,
        "cost_usd": 109969.63,
        "cost_per_m": 600.0,
        "cumulative_cost": 9708289.34,
        "pressure_drop_pa": 83338.56,
        "cumulative_pressure_pa": 10697026.0,
        "land_cover_class": 40,
        "land_cover_name": "Cropland",
        "crs": "EPSG:32633"
      }
    },
    {
      "type": "Feature",
      "geometry": {
        "type": "LineString",
        "coordinates": [
          [
            391450.31708792294,
            4793707.592596125
          ],
          [
            391579.92494495783,
            4793577.99955303
          ]
        ]
      },
      "properties": {
        "feature_type": "segment",
        "segment_id": 109,
        "step": 109,
        "length_m": 183.28,
        "elevation_start": 36.91,
        "elevation_end": 30.19,
        "slope_percent": 3.07,
        "cost_usd": 109969.63,
        "cost_per_m": 600.0,
        "cumulative_cost": 9818258.96,
        "pressure_drop_pa": 65378.5,
        "cumulative_pressure_pa": 10762404.5,
        "land_cover_class": 40,
        "land_cover_name": "Cropland",
        "crs": "EPSG:32633"
      }
    },
    {
      "type": "Feature",
      "geometry": {
        "type": "LineString",
        "coordinates": [
          [
            391579.92494495783,
            4793577.99955303
          ],
          [
            391709.53280199267,
            4793448.406509936
          ]
        ]
      },
      "properties": {
        "feature_type": "segment",
        "segment_id": 110,
        "step": 110,
        "length_m": 183.28,
        "elevation_start": 30.19,
        "elevation_end": 29.19,
        "slope_percent": 0.71,
        "cost_usd": 109969.63,
        "cost_per_m": 600.0,
        "cumulative_cost": 9928228.59,
        "pressure_drop_pa": 29334.84,
        "cumulative_pressure_pa": 10791739.33,
        "land_cover_class": 40,
        "land_cover_name": "Cropland",
        "crs": "EPSG:32633"
      }
    },
    {
      "type": "Feature",
      "geometry": {
        "type": "LineString",
        "coordinates": [
          [
            391709.53280199267,
            4793448.406509936
          ],
          [
            391839.1406590275,
            4793318.813466841
          ]
        ]
      },
      "properties": {
        "feature_type": "segment",
        "segment_id": 111,
        "step": 111,
        "length_m": 183.28,
        "elevation_start": 29.19,
        "elevation_end": 28.59,
        "slope_percent": 0.95,
        "cost_usd": 109969.63,
        "cost_per_m": 600.0,
        "cumulative_cost": 10038198.22,
        "pressure_drop_pa": 33057.6,
        "cumulative_pressure_pa": 10824796.93,
        "land_cover_class": 40,
        "land_cover_name": "Cropland",
        "crs": "EPSG:32633"
      }
    },
    {
      "type": "Feature",
      "geometry": {
        "type": "LineString",
        "coordinates": [
          [
            391839.1406590275,
            4793318.813466841
          ],
          [
            391968.7485160624,
            4793189.220423747
          ]
        ]
      },
      "properties": {
        "feature_type": "segment",
        "segment_id": 112,
        "step": 112,
        "length_m": 183.28,
        "elevation_start": 28.59,
        "elevation_end": 28.04,
        "slope_percent": 0.86,
        "cost_usd": 73313.09,
        "cost_per_m": 400.0,
        "cumulative_cost": 10111511.31,
        "pressure_drop_pa": 31737.54,
        "cumulative_pressure_pa": 10856534.47,
        "land_cover_class": 30,
        "land_cover_name": "Grassland",
        "crs": "EPSG:32633"
      }
    },
    {
      "type": "Feature",
      "geometry": {
        "type": "LineString",
        "coordinates": [
          [
            391968.7485160624,
            4793189.220423747
          ],
          [
            392098.3563730972,
            4793189.220423747
          ]
        ]
      },
      "properties": {
        "feature_type": "segment",
        "segment_id": 113,
        "step": 113,
        "length_m": 129.61,
        "elevation_start": 28.04,
        "elevation_end": 28.04,
        "slope_percent": 0.91,
        "cost_usd": 51843.14,
        "cost_per_m": 400.0,
        "cumulative_cost": 10163354.45,
        "pressure_drop_pa": 22947.58,
        "cumulative_pressure_pa": 10879482.05,
        "land_cover_class": 30,
        "land_cover_name": "Grassland",
        "crs": "EPSG:32633"
      }
    },
    {
      "type": "Feature",
      "geometry": {
        "type": "LineString",
        "coordinates": [
          [
            392098.3563730972,
            4793189.220423747
          ],
          [
            392227.9642301321,
            4793059.627380652
          ]
        ]
      },
      "properties": {
        "feature_type": "segment",
        "segment_id": 114,
        "step": 114,
        "length_m": 183.28,
        "elevation_start": 28.04,
        "elevation_end": 26.28,
        "slope_percent": 1.02,
        "cost_usd": 65981.78,
        "cost_per_m": 360.0,
        "cumulative_cost": 10229336.23,
        "pressure_drop_pa": 34058.52,
        "cumulative_pressure_pa": 10913540.57,
        "land_cover_class": 50,
        "land_cover_name": "Built-up",
        "crs": "EPSG:32633"
      }
    },
    {
      "type": "Feature",
      "geometry": {
        "type": "LineString",
        "coordinates": [
          [
            392227.9642301321,
            4793059.627380652
          ],
          [
            392357.57208716695,
            4792930.034337559
          ]
        ]
      },
      "properties": {
        "feature_type": "segment",
        "segment_id": 115,
        "step": 115,
        "length_m": 183.28,
        "elevation_start": 26.28,
        "elevation_end": 24.51,
        "slope_percent": 1.04,
        "cost_usd": 109969.63,
        "cost_per_m": 600.0,
        "cumulative_cost": 10339305.86,
        "pressure_drop_pa": 34471.44,
        "cumulative_pressure_pa": 10948012.0,
        "land_cover_class": 40,
        "land_cover_name": "Cropland",
        "crs": "EPSG:32633"
      }
    },
    {
      "type": "Feature",
      "geometry": {
        "type": "LineString",
        "coordinates": [
          [
            392357.57208716695,
            4792930.034337559
          ],
          [
            392487.1799442018,
            4792800.441294464
          ]
        ]
      },
      "properties": {
        "feature_type": "segment",
        "segment_id": 116,
        "step": 116,
        "length_m": 183.28,
        "elevation_start": 24.51,
        "elevation_end": 22.68,
        "slope_percent": 0.53,
        "cost_usd": 73313.09,
        "cost_per_m": 400.0,
        "cumulative_cost": 10412618.94,
        "pressure_drop_pa": 26608.69,
        "cumulative_pressure_pa": 10974620.7,
        "land_cover_class": 30,
        "land_cover_name": "Grassland",
        "crs": "EPSG:32633"
      }
    },
    {
      "type": "Feature",
      "geometry": {
        "type": "LineString",
        "coordinates": [
          [
            392487.1799442018,
            4792800.441294464
          ],
          [
            392487.1799442018,
            4792670.84825137
          ]
        ]
      },
      "properties": {
        "feature_type": "segment",
        "segment_id": 117,
        "step": 117,
        "length_m": 129.59,
        "elevation_start": 22.68,
        "elevation_end": 24.29,
        "slope_percent": 0.65,
        "cost_usd": 51837.22,
        "cost_per_m": 400.0,
        "cumulative_cost": 10464456.16,
        "pressure_drop_pa": 20088.76,
        "cumulative_pressure_pa": 10994709.46,
        "land_cover_class": 30,
        "land_cover_name": "Grassland",
        "crs": "EPSG:32633"
      }
    },
    {
      "type": "Feature",
      "geometry": {
        "type": "LineString",
        "coordinates": [
          [
            392487.1799442018,
            4792670.84825137
          ],
          [
            392616.7878012367,
            4792541.255208275
          ]
        ]
      },
      "properties": {
        "feature_type": "segment",
        "segment_id": 118,
        "step": 118,
        "length_m": 183.28,
        "elevation_start": 24.29,
        "elevation_end": 21.17,
        "slope_percent": 1.46,
        "cost_usd": 73313.09,
        "cost_per_m": 400.0,
        "cumulative_cost": 10537769.24,
        "pressure_drop_pa": 40861.61,
        "cumulative_pressure_pa": 11035571.06,
        "land_cover_class": 30,
        "land_cover_name": "Grassland",
        "crs": "EPSG:32633"
      }
    },
    {
      "type": "Feature",
      "geometry": {
        "type": "LineString",
        "coordinates": [
          [
            392616.7878012367,
            4792541.255208275
          ],
          [
            392746.3956582715,
            4792411.662165181
          ]
        ]
      },
      "properties": {
        "feature_type": "segment",
        "segment_id": 119,
        "step": 119,
        "length_m": 183.28,
        "elevation_start": 21.17,
        "elevation_end": 19.84,
        "slope_percent": 0.26,
        "cost_usd": 91641.36,
        "cost_per_m": 500.0,
        "cumulative_cost": 10629410.6,
        "pressure_drop_pa": 22502.11,
        "cumulative_pressure_pa": 11058073.18,
        "land_cover_class": 10,
        "land_cover_name": "Tree cover",
        "crs": "EPSG:32633"
      }
    },
    {
      "type": "Feature",
      "geometry": {
        "type": "LineString",
        "coordinates": [
          [
            392746.3956582715,
            4792411.662165181
          ],
          [
            392876.00351530634,
            4792282.069122086
          ]
        ]
      },
      "properties": {
        "feature_type": "segment",
        "segment_id": 120,
        "step": 120,
        "length_m": 183.28,
        "elevation_start": 19.84,
        "elevation_end": 20.48,
        "slope_percent": 0.71,
        "cost_usd": 73313.09,
        "cost_per_m": 400.0,
        "cumulative_cost": 10702723.69,
        "pressure_drop_pa": 29407.91,
        "cumulative_pressure_pa": 11087481.09,
        "land_cover_class": 30,
        "land_cover_name": "Grassland",
        "crs": "EPSG:32633"
      }
    },
    {
      "type": "Feature",
      "geometry": {
        "type": "LineString",
        "coordinates": [
          [
            392876.00351530634,
            4792282.069122086
          ],
          [
            393005.6113723412,
            4792152.476078992
          ]
        ]
      },
      "properties": {
        "feature_type": "segment",
        "segment_id": 121,
        "step": 121,
        "length_m": 183.28,
        "elevation_start": 20.48,
        "elevation_end": 20.48,
        "slope_percent": 0.52,
        "cost_usd": 109969.63,
        "cost_per_m": 600.0,
        "cumulative_cost": 10812693.32,
        "pressure_drop_pa": 26487.44,
        "cumulative_pressure_pa": 11113968.53,
        "land_cover_class": 40,
        "land_cover_name": "Cropland",
        "crs": "EPSG:32633"
      }
    },
    {
      "type": "Feature",
      "geometry": {
        "type": "LineString",
        "coordinates": [
          [
            393005.6113723412,
            4792152.476078992
          ],
          [
            393135.21922937606,
            4792022.883035897
          ]
        ]
      },
      "properties": {
        "feature_type": "segment",
        "segment_id": 122,
        "step": 122,
        "length_m": 183.28,
        "elevation_start": 20.48,
        "elevation_end": 20.49,
        "slope_percent": 0.48,
        "cost_usd": 109969.63,
        "cost_per_m": 600.0,
        "cumulative_cost": 10922662.95,
        "pressure_drop_pa": 25852.77,
        "cumulative_pressure_pa": 11139821.3,
        "land_cover_class": 40,
        "land_cover_name": "Cropland",
        "crs": "EPSG:32633"
      }
    },
    {
      "type": "Feature",
      "geometry": {
        "type": "LineString",
        "coordinates": [
          [
            393135.21922937606,
            4792022.883035897
          ],
          [
            393264.82708641095,
            4791893.289992803
          ]
        ]
      },
      "properties": {
        "feature_type": "segment",
        "segment_id": 123,
        "step": 123,
        "length_m": 183.28,
        "elevation_start": 20.49,
        "elevation_end": 21.9,
        "slope_percent": 0.55,
        "cost_usd": 80644.39,
        "cost_per_m": 440.0,
        "cumulative_cost": 11003307.34,
        "pressure_drop_pa": 26946.54,
        "cumulative_pressure_pa": 11166767.84,
        "land_cover_class": 20,
        "land_cover_name": "Shrubland",
        "crs": "EPSG:32633"
      }
    },
    {
      "type": "Feature",
      "geometry": {
        "type": "LineString",
        "coordinates": [
          [
            393264.82708641095,
            4791893.289992803
          ],
          [
            393394.4349434458,
            4791763.696949709
          ]
        ]
      },
      "properties": {
        "feature_type": "segment",
        "segment_id": 124,
        "step": 124,
        "length_m": 183.28,
        "elevation_start": 21.9,
        "elevation_end": 22.69,
        "slope_percent": 0.19,
        "cost_usd": 73313.09,
        "cost_per_m": 400.0,
        "cumulative_cost": 11076620.43,
        "pressure_drop_pa": 21424.94,
        "cumulative_pressure_pa": 11188192.78,
        "land_cover_class": 30,
        "land_cover_name": "Grassland",
        "crs": "EPSG:32633"
      }
    },
    {
      "type": "Feature",
      "geometry": {
        "type": "LineString",
        "coordinates": [
          [
            393394.4349434458,
            4791763.696949709
          ],
          [
            393394.4349434458,
            4791634.103906615
          ]
        ]
      },
      "properties": {
        "feature_type": "segment",
        "segment_id": 125,
        "step": 125,
        "length_m": 129.59,
        "elevation_start": 22.69,
        "elevation_end": 22.79,
        "slope_percent": 0.58,
        "cost_usd": 51837.22,
        "cost_per_m": 400.0,
        "cumulative_cost": 11128457.64,
        "pressure_drop_pa": 19385.64,
        "cumulative_pressure_pa": 11207578.42,
        "land_cover_class": 60,
        "land_cover_name": "Bare/sparse vegetation",
        "crs": "EPSG:32633"
      }
    },
    {
      "type": "Feature",
      "geometry": {
        "type": "LineString",
        "coordinates": [
          [
            393394.4349434458,
            4791634.103906615
          ],
          [
            393394.4349434458,
            4791504.51086352
          ]
        ]
      },
      "properties": {
        "feature_type": "segment",
        "segment_id": 126,
        "step": 126,
        "length_m": 129.59,
        "elevation_start": 22.79,
        "elevation_end": 21.43,
        "slope_percent": 0.72,
        "cost_usd": 46653.5,
        "cost_per_m": 360.0,
        "cumulative_cost": 11175111.14,
        "pressure_drop_pa": 20906.58,
        "cumulative_pressure_pa": 11228485.0,
        "land_cover_class": 50,
        "land_cover_name": "Built-up",
        "crs": "EPSG:32633"
      }
    },
    {
      "type": "Feature",
      "geometry": {
        "type": "LineString",
        "coordinates": [
          [
            393394.4349434458,
            4791504.51086352
          ],
          [
            393394.4349434458,
            4791374.917820426
          ]
        ]
      },
      "properties": {
        "feature_type": "segment",
        "segment_id": 127,
        "step": 127,
        "length_m": 129.59,
        "elevation_start": 21.43,
        "elevation_end": 22.01,
        "slope_percent": 0.84,
        "cost_usd": 77755.83,
        "cost_per_m": 600.0,
        "cumulative_cost": 11252866.96,
        "pressure_drop_pa": 22153.12,
        "cumulative_pressure_pa": 11250638.11,
        "land_cover_class": 40,
        "land_cover_name": "Cropland",
        "crs": "EPSG:32633"
      }
    },
    {
      "type": "Feature",
      "geometry": {
        "type": "LineString",
        "coordinates": [
          [
            393394.4349434458,
            4791374.917820426
          ],
          [
            393394.4349434458,
            4791245.324777331
          ]
        ]
      },
      "properties": {
        "feature_type": "segment",
        "segment_id": 128,
        "step": 128,
        "length_m": 129.59,
        "elevation_start": 22.01,
        "elevation_end": 23.01,
        "slope_percent": 0.68,
        "cost_usd": 46653.5,
        "cost_per_m": 360.0,
        "cumulative_cost": 11299520.46,
        "pressure_drop_pa": 20488.51,
        "cumulative_pressure_pa": 11271126.62,
        "land_cover_class": 50,
        "land_cover_name": "Built-up",
        "crs": "EPSG:32633"
      }
    },
    {
      "type": "Feature",
      "geometry": {
        "type": "LineString",
        "coordinates": [
          [
            393394.4349434458,
            4791245.324777331
          ],
          [
            393394.4349434458,
            4791115.731734237
          ]
        ]
      },
      "properties": {
        "feature_type": "segment",
        "segment_id": 129,
        "step": 129,
        "length_m": 129.59,
        "elevation_start": 23.01,
        "elevation_end": 23.8,
        "slope_percent": 0.45,
        "cost_usd": 46653.5,
        "cost_per_m": 360.0,
        "cumulative_cost": 11346173.95,
        "pressure_drop_pa": 17993.79,
        "cumulative_pressure_pa": 11289120.4,
        "land_cover_class": 50,
        "land_cover_name": "Built-up",
        "crs": "EPSG:32633"
      }
    },
    {
      "type": "Feature",
      "geometry": {
        "type": "LineString",
        "coordinates": [
          [
            393394.4349434458,
            4791115.731734237
          ],
          [
            393524.0428004806,
            4790986.138691142
          ]
        ]
      },
      "properties": {
        "feature_type": "segment",
        "segment_id": 130,
        "step": 130,
        "length_m": 183.28,
        "elevation_start": 23.8,
        "elevation_end": 24.82,
        "slope_percent": 0.61,
        "cost_usd": 73313.09,
        "cost_per_m": 400.0,
        "cumulative_cost": 11419487.04,
        "pressure_drop_pa": 27796.93,
        "cumulative_pressure_pa": 11316917.33,
        "land_cover_class": 30,
        "land_cover_name": "Grassland",
        "crs": "EPSG:32633"
      }
    },
    {
      "type": "Feature",
      "geometry": {
        "type": "LineString",
        "coordinates": [
          [
            393524.0428004806,
            4790986.138691142
          ],
          [
            393653.6506575155,
            4790856.545648048
          ]
        ]
      },
      "properties": {
        "feature_type": "segment",
        "segment_id": 131,
        "step": 131,
        "length_m": 183.28,
        "elevation_start": 24.82,
        "elevation_end": 25.19,
        "slope_percent": 1.16,
        "cost_usd": 109969.63,
        "cost_per_m": 600.0,
        "cumulative_cost": 11529456.67,
        "pressure_drop_pa": 36198.44,
        "cumulative_pressure_pa": 11353115.77,
        "land_cover_class": 40,
        "land_cover_name": "Cropland",
        "crs": "EPSG:32633"
      }
    },
    {
      "type": "Feature",
      "geometry": {
        "type": "LineString",
        "coordinates": [
          [
            393653.6506575155,
            4790856.545648048
          ],
          [
            393783.25851455034,
            4790726.952604953
          ]
        ]
      },
      "properties": {
        "feature_type": "segment",
        "segment_id": 132,
        "step": 132,
        "length_m": 183.28,
        "elevation_start": 25.19,
        "elevation_end": 25.16,
        "slope_percent": 1.35,
        "cost_usd": 109969.63,
        "cost_per_m": 600.0,
        "cumulative_cost": 11639426.3,
        "pressure_drop_pa": 39170.05,
        "cumulative_pressure_pa": 11392285.82,
        "land_cover_class": 40,
        "land_cover_name": "Cropland",
        "crs": "EPSG:32633"
      }
    },
    {
      "type": "Feature",
      "geometry": {
        "type": "LineString",
        "coordinates": [
          [
            393783.25851455034,
            4790726.952604953
          ],
          [
            393912.8663715852,
            4790597.359561859
          ]
        ]
      },
      "properties": {
        "feature_type": "segment",
        "segment_id": 133,
        "step": 133,
        "length_m": 183.28,
        "elevation_start": 25.16,
        "elevation_end": 28.37,
        "slope_percent": 2.71,
        "cost_usd": 109969.63,
        "cost_per_m": 600.0,
        "cumulative_cost": 11749395.93,
        "pressure_drop_pa": 59985.32,
        "cumulative_pressure_pa": 11452271.14,
        "land_cover_class": 40,
        "land_cover_name": "Cropland",
        "crs": "EPSG:32633"
      }
    },
    {
      "type": "Feature",
      "geometry": {
        "type": "LineString",
        "coordinates": [
          [
            393912.8663715852,
            4790597.359561859
          ],
          [
            394042.47422862006,
            4790467.766518765
          ]
        ]
      },
      "properties": {
        "feature_type": "segment",
        "segment_id": 134,
        "step": 134,
        "length_m": 183.28,
        "elevation_start": 28.37,
        "elevation_end": 36.02,
        "slope_percent": 7.86,
        "cost_usd": 84310.05,
        "cost_per_m": 460.0,
        "cumulative_cost": 11833705.98,
        "pressure_drop_pa": 138309.51,
        "cumulative_pressure_pa": 11590580.65,
        "land_cover_class": 30,
        "land_cover_name": "Grassland",
        "crs": "EPSG:32633"
      }
    },
    {
      "type": "Feature",
      "geometry": {
        "type": "LineString",
        "coordinates": [
          [
            394042.47422862006,
            4790467.766518765
          ],
          [
            394042.47422862006,
            4790338.173475671
          ]
        ]
      },
      "properties": {
        "feature_type": "segment",
        "segment_id": 135,
        "step": 135,
        "length_m": 129.59,
        "elevation_start": 36.02,
        "elevation_end": 52.76,
        "slope_percent": 11.77,
        "cost_usd": 77755.83,
        "cost_per_m": 600.0,
        "cumulative_cost": 11911461.8,
        "pressure_drop_pa": 139422.29,
        "cumulative_pressure_pa": 11730002.94,
        "land_cover_class": 20,
        "land_cover_name": "Shrubland",
        "crs": "EPSG:32633"
      }
    },
    {
      "type": "Feature",
      "geometry": {
        "type": "LineString",
        "coordinates": [
          [
            394042.47422862006,
            4790338.173475671
          ],
          [
            394042.47422862006,
            4790208.580432576
          ]
        ]
      },
      "properties": {
        "feature_type": "segment",
        "segment_id": 136,
        "step": 136,
        "length_m": 129.59,
        "elevation_start": 52.76,
        "elevation_end": 63.97,
        "slope_percent": 12.91,
        "cost_usd": 72572.1,
        "cost_per_m": 560.0,
        "cumulative_cost": 11984033.91,
        "pressure_drop_pa": 151418.73,
        "cumulative_pressure_pa": 11881421.67,
        "land_cover_class": 30,
        "land_cover_name": "Grassland",
        "crs": "EPSG:32633"
      }
    },
    {
      "type": "Feature",
      "geometry": {
        "type": "LineString",
        "coordinates": [
          [
            394042.47422862006,
            4790208.580432576
          ],
          [
            394042.47422862006,
            4790078.987389482
          ]
        ]
      },
      "properties": {
        "feature_type": "segment",
        "segment_id": 137,
        "step": 137,
        "length_m": 129.59,
        "elevation_start": 63.97,
        "elevation_end": 77.47,
        "slope_percent": 14.62,
        "cost_usd": 98490.71,
        "cost_per_m": 760.0,
        "cumulative_cost": 12082524.62,
        "pressure_drop_pa": 169419.45,
        "cumulative_pressure_pa": 12050841.12,
        "land_cover_class": 40,
        "land_cover_name": "Cropland",
        "crs": "EPSG:32633"
      }
    },
    {
      "type": "Feature",
      "geometry": {
        "type": "LineString",
        "coordinates": [
          [
            394042.47422862006,
            4790078.987389482
          ],
          [
            394042.47422862006,
            4789949.394346387
          ]
        ]
      },
      "properties": {
        "feature_type": "segment",
        "segment_id": 138,
        "step": 138,
        "length_m": 129.59,
        "elevation_start": 77.47,
        "elevation_end": 98.67,
        "slope_percent": 19.94,
        "cost_usd": 103674.43,
        "cost_per_m": 800.0,
        "cumulative_cost": 12186199.05,
        "pressure_drop_pa": 224416.31,
        "cumulative_pressure_pa": 12275257.44,
        "land_cover_class": 30,
        "land_cover_name": "Grassland",
        "crs": "EPSG:32633"
      }
    },
    {
      "type": "Feature",
      "geometry": {
        "type": "LineString",
        "coordinates": [
          [
            394042.47422862006,
            4789949.394346387
          ],
          [
            394042.47422862006,
            4789819.801303293
          ]
        ]
      },
      "properties": {
        "feature_type": "segment",
        "segment_id": 139,
        "step": 139,
        "length_m": 129.59,
        "elevation_start": 98.67,
        "elevation_end": 124.47,
        "slope_percent": 21.87,
        "cost_usd": 108858.16,
        "cost_per_m": 840.0,
        "cumulative_cost": 12295057.21,
        "pressure_drop_pa": 243952.77,
        "cumulative_pressure_pa": 12519210.21,
        "land_cover_class": 20,
        "land_cover_name": "Shrubland",
        "crs": "EPSG:32633"
      }
    },
    {
      "type": "Feature",
      "geometry": {
        "type": "LineString",
        "coordinates": [
          [
            394042.47422862006,
            4789819.801303293
          ],
          [
            394172.0820856549,
            4789690.208260198
          ]
        ]
      },
      "properties": {
        "feature_type": "segment",
        "segment_id": 140,
        "step": 140,
        "length_m": 183.28,
        "elevation_start": 124.47,
        "elevation_end": 171.41,
        "slope_percent": 9.68,
        "cost_usd": 84310.05,
        "cost_per_m": 460.0,
        "cumulative_cost": 12379367.26,
        "pressure_drop_pa": 165780.89,
        "cumulative_pressure_pa": 12684991.1,
        "land_cover_class": 30,
        "land_cover_name": "Grassland",
        "crs": "EPSG:32633"
      }
    },
    {
      "type": "Feature",
      "geometry": {
        "type": "LineString",
        "coordinates": [
          [
            394172.0820856549,
            4789690.208260198
          ],
          [
            394172.0820856549,
            4789560.615217104
          ]
        ]
      },
      "properties": {
        "feature_type": "segment",
        "segment_id": 141,
        "step": 141,
        "length_m": 129.59,
        "elevation_start": 171.41,
        "elevation_end": 168.52,
        "slope_percent": 3.13,
        "cost_usd": 51837.22,
        "cost_per_m": 400.0,
        "cumulative_cost": 12431204.47,
        "pressure_drop_pa": 46853.49,
        "cumulative_pressure_pa": 12731844.59,
        "land_cover_class": 30,
        "land_cover_name": "Grassland",
        "crs": "EPSG:32633"
      }
    },
    {
      "type": "Feature",
      "geometry": {
        "type": "LineString",
        "coordinates": [
          [
            394172.0820856549,
            4789560.615217104
          ],
          [
            394301.6899426898,
            4789431.022174009
          ]
        ]
      },
      "properties": {
        "feature_type": "segment",
        "segment_id": 142,
        "step": 142,
        "length_m": 183.28,
        "elevation_start": 168.52,
        "elevation_end": 165.81,
        "slope_percent": 8.22,
        "cost_usd": 84310.05,
        "cost_per_m": 460.0,
        "cumulative_cost": 12515514.52,
        "pressure_drop_pa": 143691.87,
        "cumulative_pressure_pa": 12875536.45,
        "land_cover_class": 30,
        "land_cover_name": "Grassland",
        "crs": "EPSG:32633"
      }
    },
    {
      "type": "Feature",
      "geometry": {
        "type": "LineString",
        "coordinates": [
          [
            394301.6899426898,
            4789431.022174009
          ],
          [
            394431.2977997246,
            4789301.429130915
          ]
        ]
      },
      "properties": {
        "feature_type": "segment",
        "segment_id": 143,
        "step": 143,
        "length_m": 183.28,
        "elevation_start": 165.81,
        "elevation_end": 157.39,
        "slope_percent": 9.29,
        "cost_usd": 102638.32,
        "cost_per_m": 560.0,
        "cumulative_cost": 12618152.84,
        "pressure_drop_pa": 159909.72,
        "cumulative_pressure_pa": 13035446.17,
        "land_cover_class": 10,
        "land_cover_name": "Tree cover",
        "crs": "EPSG:32633"
      }
    },
    {
      "type": "Feature",
      "geometry": {
        "type": "LineString",
        "coordinates": [
          [
            394431.2977997246,
            4789301.429130915
          ],
          [
            394560.90565675945,
            4789171.836087821
          ]
        ]
      },
      "properties": {
        "feature_type": "segment",
        "segment_id": 144,
        "step": 144,
        "length_m": 183.28,
        "elevation_start": 157.39,
        "elevation_end": 168.35,
        "slope_percent": 14.21,
        "cost_usd": 102638.32,
        "cost_per_m": 560.0,
        "cumulative_cost": 12720791.16,
        "pressure_drop_pa": 233538.4,
        "cumulative_pressure_pa": 13268984.58,
        "land_cover_class": 30,
        "land_cover_name": "Grassland",
        "crs": "EPSG:32633"
      }
    },
    {
      "type": "Feature",
      "geometry": {
        "type": "LineString",
        "coordinates": [
          [
            394560.90565675945,
            4789171.836087821
          ],
          [
            394560.90565675945,
            4789042.243044727
          ]
        ]
      },
      "properties": {
        "feature_type": "segment",
        "segment_id": 145,
        "step": 145,
        "length_m": 129.59,
        "elevation_start": 168.35,
        "elevation_end": 183.43,
        "slope_percent": 5.76,
        "cost_usd": 59612.8,
        "cost_per_m": 460.0,
        "cumulative_cost": 12780403.96,
        "pressure_drop_pa": 75278.86,
        "cumulative_pressure_pa": 13344263.43,
        "land_cover_class": 30,
        "land_cover_name": "Grassland",
        "crs": "EPSG:32633"
      }
    },
    {
      "type": "Feature",
      "geometry": {
        "type": "LineString",
        "coordinates": [
          [
            394560.90565675945,
            4789042.243044727
          ],
          [
            394560.90565675945,
            4788912.650001632
          ]
        ]
      },
      "properties": {
        "feature_type": "segment",
        "segment_id": 146,
        "step": 146,
        "length_m": 129.59,
        "elevation_start": 183.43,
        "elevation_end": 181.85,
        "slope_percent": 3.95,
        "cost_usd": 51837.22,
        "cost_per_m": 400.0,
        "cumulative_cost": 12832241.18,
        "pressure_drop_pa": 55715.51,
        "cumulative_pressure_pa": 13399978.94,
        "land_cover_class": 30,
        "land_cover_name": "Grassland",
        "crs": "EPSG:32633"
      }
    },
    {
      "type": "Feature",
      "geometry": {
        "type": "LineString",
        "coordinates": [
          [
            394560.90565675945,
            4788912.650001632
          ],
          [
            394560.90565675945,
            4788783.056958538
          ]
        ]
      },
      "properties": {
        "feature_type": "segment",
        "segment_id": 147,
        "step": 147,
        "length_m": 129.59,
        "elevation_start": 181.85,
        "elevation_end": 177.45,
        "slope_percent": 14.19,
        "cost_usd": 72572.1,
        "cost_per_m": 560.0,
        "cumulative_cost": 12904813.28,
        "pressure_drop_pa": 164954.2,
        "cumulative_pressure_pa": 13564933.15,
        "land_cover_class": 30,
        "land_cover_name": "Grassland",
        "crs": "EPSG:32633"
      }
    },
    {
      "type": "Feature",
      "geometry": {
        "type": "LineString",
        "coordinates": [
          [
            394560.90565675945,
            4788783.056958538
          ],
          [
            394690.51351379434,
            4788653.463915443
          ]
        ]
      },
      "properties": {
        "feature_type": "segment",
        "segment_id": 148,
        "step": 148,
        "length_m": 183.28,
        "elevation_start": 177.45,
        "elevation_end": 153.07,
        "slope_percent": 22.78,
        "cost_usd": 153957.48,
        "cost_per_m": 840.0,
        "cumulative_cost": 13058770.76,
        "pressure_drop_pa": 357991.13,
        "cumulative_pressure_pa": 13922924.27,
        "land_cover_class": 20,
        "land_cover_name": "Shrubland",
        "crs": "EPSG:32633"
      }
    },
    {
      "type": "Feature",
      "geometry": {
        "type": "LineString",
        "coordinates": [
          [
            394690.51351379434,
            4788653.463915443
          ],
          [
            394690.51351379434,
            4788523.870872349
          ]
        ]
      },
      "properties": {
        "feature_type": "segment",
        "segment_id": 149,
        "step": 149,
        "length_m": 129.59,
        "elevation_start": 153.07,
        "elevation_end": 120.13,
        "slope_percent": 14.1,
        "cost_usd": 98490.71,
        "cost_per_m": 760.0,
        "cumulative_cost": 13157261.48,
        "pressure_drop_pa": 163979.64,
        "cumulative_pressure_pa": 14086903.91,
        "land_cover_class": 40,
        "land_cover_name": "Cropland",
        "crs": "EPSG:32633"
      }
    },
    {
      "type": "Feature",
      "geometry": {
        "type": "LineString",
        "coordinates": [
          [
            394690.51351379434,
            4788523.870872349
          ],
          [
            394820.1213708292,
            4788394.277829254
          ]
        ]
      },
      "properties": {
        "feature_type": "segment",
        "segment_id": 150,
        "step": 150,
        "length_m": 183.28,
        "elevation_start": 120.13,
        "elevation_end": 118.55,
        "slope_percent": 12.58,
        "cost_usd": 102638.32,
        "cost_per_m": 560.0,
        "cumulative_cost": 13259899.8,
        "pressure_drop_pa": 209281.53,
        "cumulative_pressure_pa": 14296185.44,
        "land_cover_class": 30,
        "land_cover_name": "Grassland",
        "crs": "EPSG:32633"
      }
    },
    {
      "type": "Feature",
      "geometry": {
        "type": "LineString",
        "coordinates": [
          [
            394820.1213708292,
            4788394.277829254
          ],
          [
            394949.72922786407,
            4788264.68478616
          ]
        ]
      },
      "properties": {
        "feature_type": "segment",
        "segment_id": 151,
        "step": 151,
        "length_m": 183.28,
        "elevation_start": 118.55,
        "elevation_end": 128.34,
        "slope_percent": 13.44,
        "cost_usd": 139294.86,
        "cost_per_m": 760.0,
        "cumulative_cost": 13399194.66,
        "pressure_drop_pa": 222154.46,
        "cumulative_pressure_pa": 14518339.9,
        "land_cover_class": 40,
        "land_cover_name": "Cropland",
        "crs": "EPSG:32633"
      }
    },
    {
      "type": "Feature",
      "geometry": {
        "type": "LineString",
        "coordinates": [
          [
            394949.72922786407,
            4788264.68478616
          ],
          [
            394949.72922786407,
            4788135.091743065
          ]
        ]
      },
      "properties": {
        "feature_type": "segment",
        "segment_id": 152,
        "step": 152,
        "length_m": 129.59,
        "elevation_start": 128.34,
        "elevation_end": 139.53,
        "slope_percent": 13.63,
        "cost_usd": 98490.71,
        "cost_per_m": 760.0,
        "cumulative_cost": 13497685.37,
        "pressure_drop_pa": 159039.28,
        "cumulative_pressure_pa": 14677379.18,
        "land_cover_class": 40,
        "land_cover_name": "Cropland",
        "crs": "EPSG:32633"
      }
    },
    {
      "type": "Feature",
      "geometry": {
        "type": "LineString",
        "coordinates": [
          [
            394949.72922786407,
            4788135.091743065
          ],
          [
            395079.3370848989,
            4788005.498699971
          ]
        ]
      },
      "properties": {
        "feature_type": "segment",
        "segment_id": 153,
        "step": 153,
        "length_m": 183.28,
        "elevation_start": 139.53,
        "elevation_end": 151.7,
        "slope_percent": 5.21,
        "cost_usd": 84310.05,
        "cost_per_m": 460.0,
        "cumulative_cost": 13581995.42,
        "pressure_drop_pa": 98032.1,
        "cumulative_pressure_pa": 14775411.27,
        "land_cover_class": 30,
        "land_cover_name": "Grassland",
        "crs": "EPSG:32633"
      }
    },
    {
      "type": "Feature",
      "geometry": {
        "type": "LineString",
        "coordinates": [
          [
            395079.3370848989,
            4788005.498699971
          ],
          [
            395208.94494193373,
            4787875.905656877
          ]
        ]
      },
      "properties": {
        "feature_type": "segment",
        "segment_id": 154,
        "step": 154,
        "length_m": 183.28,
        "elevation_start": 151.7,
        "elevation_end": 139.15,
        "slope_percent": 11.98,
        "cost_usd": 102638.32,
        "cost_per_m": 560.0,
        "cumulative_cost": 13684633.74,
        "pressure_drop_pa": 200383.2,
        "cumulative_pressure_pa": 14975794.47,
        "land_cover_class": 30,
        "land_cover_name": "Grassland",
        "crs": "EPSG:32633"
      }
    },
    {
      "type": "Feature",
      "geometry": {
        "type": "LineString",
        "coordinates": [
          [
            395208.94494193373,
            4787875.905656877
          ],
          [
            395208.94494193373,
            4787746.3126137825
          ]
        ]
      },
      "properties": {
        "feature_type": "segment",
        "segment_id": 155,
        "step": 155,
        "length_m": 129.59,
        "elevation_start": 139.15,
        "elevation_end": 117.96,
        "slope_percent": 7.34,
        "cost_usd": 59612.8,
        "cost_per_m": 460.0,
        "cumulative_cost": 13744246.54,
        "pressure_drop_pa": 92164.85,
        "cumulative_pressure_pa": 15067959.32,
        "land_cover_class": 30,
        "land_cover_name": "Grassland",
        "crs": "EPSG:32633"
      }
    },
    {
      "type": "Feature",
      "geometry": {
        "type": "LineString",
        "coordinates": [
          [
            395208.94494193373,
            4787746.3126137825
          ],
          [
            395208.94494193373,
            4787616.719570688
          ]
        ]
      },
      "properties": {
        "feature_type": "segment",
        "segment_id": 156,
        "step": 156,
        "length_m": 129.59,
        "elevation_start": 117.96,
        "elevation_end": 130.13,
        "slope_percent": 8.74,
        "cost_usd": 54429.08,
        "cost_per_m": 420.0,
        "cumulative_cost": 13798675.62,
        "pressure_drop_pa": 107183.01,
        "cumulative_pressure_pa": 15175142.33,
        "land_cover_class": 50,
        "land_cover_name": "Built-up",
        "crs": "EPSG:32633"
      }
    },
    {
      "type": "Feature",
      "geometry": {
        "type": "LineString",
        "coordinates": [
          [
            395208.94494193373,
            4787616.719570688
          ],
          [
            395338.5527989686,
            4787487.1265275935
          ]
        ]
      },
      "properties": {
        "feature_type": "segment",
        "segment_id": 157,
        "step": 157,
        "length_m": 183.28,
        "elevation_start": 130.13,
        "elevation_end": 131.61,
        "slope_percent": 3.24,
        "cost_usd": 73313.09,
        "cost_per_m": 400.0,
        "cumulative_cost": 13871988.71,
        "pressure_drop_pa": 67947.61,
        "cumulative_pressure_pa": 15243089.95,
        "land_cover_class": 30,
        "land_cover_name": "Grassland",
        "crs": "EPSG:32633"
      }
    },
    {
      "type": "Feature",
      "geometry": {
        "type": "LineString",
        "coordinates": [
          [
            395338.5527989686,
            4787487.1265275935
          ],
          [
            395468.16065600346,
            4787357.533484499
          ]
        ]
      },
      "properties": {
        "feature_type": "segment",
        "segment_id": 158,
        "step": 158,
        "length_m": 183.28,
        "elevation_start": 131.61,
        "elevation_end": 120.68,
        "slope_percent": 5.66,
        "cost_usd": 84310.05,
        "cost_per_m": 460.0,
        "cumulative_cost": 13956298.75,
        "pressure_drop_pa": 104836.5,
        "cumulative_pressure_pa": 15347926.45,
        "land_cover_class": 30,
        "land_cover_name": "Grassland",
        "crs": "EPSG:32633"
      }
    },
    {
      "type": "Feature",
      "geometry": {
        "type": "LineString",
        "coordinates": [
          [
            395468.16065600346,
            4787357.533484499
          ],
          [
            395468.16065600346,
            4787227.9404414045
          ]
        ]
      },
      "properties": {
        "feature_type": "segment",
        "segment_id": 159,
        "step": 159,
        "length_m": 129.59,
        "elevation_start": 120.68,
        "elevation_end": 120.58,
        "slope_percent": 5.72,
        "cost_usd": 85531.41,
        "cost_per_m": 660.0,
        "cumulative_cost": 14041830.16,
        "pressure_drop_pa": 74751.46,
        "cumulative_pressure_pa": 15422677.91,
        "land_cover_class": 40,
        "land_cover_name": "Cropland",
        "crs": "EPSG:32633"
      }
    },
    {
      "type": "Feature",
      "geometry": {
        "type": "LineString",
        "coordinates": [
          [
            395468.16065600346,
            4787227.9404414045
          ],
          [
            395597.7685130383,
            4787098.34739831
          ]
        ]
      },
      "properties": {
        "feature_type": "segment",
        "segment_id": 160,
        "step": 160,
        "length_m": 183.28,
        "elevation_start": 120.58,
        "elevation_end": 111.76,
        "slope_percent": 9.03,
        "cost_usd": 102638.32,
        "cost_per_m": 560.0,
        "cumulative_cost": 14144468.48,
        "pressure_drop_pa": 156017.59,
        "cumulative_pressure_pa": 15578695.5,
        "land_cover_class": 10,
        "land_cover_name": "Tree cover",
        "crs": "EPSG:32633"
      }
    },
    {
      "type": "Feature",
      "geometry": {
        "type": "LineString",
        "coordinates": [
          [
            395597.7685130383,
            4787098.34739831
          ],
          [
            395727.3763700732,
            4786968.7543552155
          ]
        ]
      },
      "properties": {
        "feature_type": "segment",
        "segment_id": 161,
        "step": 161,
        "length_m": 183.28,
        "elevation_start": 111.76,
        "elevation_end": 100.88,
        "slope_percent": 11.68,
        "cost_usd": 102638.32,
        "cost_per_m": 560.0,
        "cumulative_cost": 14247106.8,
        "pressure_drop_pa": 195816.92,
        "cumulative_pressure_pa": 15774512.42,
        "land_cover_class": 30,
        "land_cover_name": "Grassland",
        "crs": "EPSG:32633"
      }
    },
    {
      "type": "Feature",
      "geometry": {
        "type": "LineString",
        "coordinates": [
          [
            395727.3763700732,
            4786968.7543552155
          ],
          [
            395856.984227108,
            4786839.161312121
          ]
        ]
      },
      "properties": {
        "feature_type": "segment",
        "segment_id": 162,
        "step": 162,
        "length_m": 183.28,
        "elevation_start": 100.88,
        "elevation_end": 86.47,
        "slope_percent": 11.96,
        "cost_usd": 109969.63,
        "cost_per_m": 600.0,
        "cumulative_cost": 14357076.43,
        "pressure_drop_pa": 200046.14,
        "cumulative_pressure_pa": 15974558.56,
        "land_cover_class": 20,
        "land_cover_name": "Shrubland",
        "crs": "EPSG:32633"
      }
    },
    {
      "type": "Feature",
      "geometry": {
        "type": "LineString",
        "coordinates": [
          [
            395856.984227108,
            4786839.161312121
          ],
          [
            395986.5920841429,
            4786709.568269027
          ]
        ]
      },
      "properties": {
        "feature_type": "segment",
        "segment_id": 163,
        "step": 163,
        "length_m": 183.28,
        "elevation_start": 86.47,
        "elevation_end": 76.98,
        "slope_percent": 13.78,
        "cost_usd": 102638.32,
        "cost_per_m": 560.0,
        "cumulative_cost": 14459714.75,
        "pressure_drop_pa": 227106.14,
        "cumulative_pressure_pa": 16201664.7,
        "land_cover_class": 30,
        "land_cover_name": "Grassland",
        "crs": "EPSG:32633"
      }
    },
    {
      "type": "Feature",
      "geometry": {
        "type": "LineString",
        "coordinates": [
          [
            395986.5920841429,
            4786709.568269027
          ],
          [
            395986.5920841429,
            4786579.975225933
          ]
        ]
      },
      "properties": {
        "feature_type": "segment",
        "segment_id": 164,
        "step": 164,
        "length_m": 129.59,
        "elevation_start": 76.98,
        "elevation_end": 57.77,
        "slope_percent": 5.37,
        "cost_usd": 64796.52,
        "cost_per_m": 500.0,
        "cumulative_cost": 14524511.27,
        "pressure_drop_pa": 71027.23,
        "cumulative_pressure_pa": 16272691.92,
        "land_cover_class": 20,
        "land_cover_name": "Shrubland",
        "crs": "EPSG:32633"
      }
    },
    {
      "type": "Feature",
      "geometry": {
        "type": "LineString",
        "coordinates": [
          [
            395986.5920841429,
            4786579.975225933
          ],
          [
            395986.5920841429,
            4786450.382182838
          ]
        ]
      },
      "properties": {
        "feature_type": "segment",
        "segment_id": 165,
        "step": 165,
        "length_m": 129.59,
        "elevation_start": 57.77,
        "elevation_end": 58.83,
        "slope_percent": 4.55,
        "cost_usd": 51837.22,
        "cost_per_m": 400.0,
        "cumulative_cost": 14576348.49,
        "pressure_drop_pa": 62210.44,
        "cumulative_pressure_pa": 16334902.36,
        "land_cover_class": 30,
        "land_cover_name": "Grassland",
        "crs": "EPSG:32633"
      }
    },
    {
      "type": "Feature",
      "geometry": {
        "type": "LineString",
        "coordinates": [
          [
            395986.5920841429,
            4786450.382182838
          ],
          [
            396116.19994117774,
            4786320.789139744
          ]
        ]
      },
      "properties": {
        "feature_type": "segment",
        "segment_id": 166,
        "step": 166,
        "length_m": 183.28,
        "elevation_start": 58.83,
        "elevation_end": 57.63,
        "slope_percent": 7.55,
        "cost_usd": 84310.05,
        "cost_per_m": 460.0,
        "cumulative_cost": 14660658.54,
        "pressure_drop_pa": 133645.6,
        "cumulative_pressure_pa": 16468547.96,
        "land_cover_class": 30,
        "land_cover_name": "Grassland",
        "crs": "EPSG:32633"
      }
    },
    {
      "type": "Feature",
      "geometry": {
        "type": "LineString",
        "coordinates": [
          [
            396116.19994117774,
            4786320.789139744
          ],
          [
            396116.19994117774,
            4786191.196096649
          ]
        ]
      },
      "properties": {
        "feature_type": "segment",
        "segment_id": 167,
        "step": 167,
        "length_m": 129.59,
        "elevation_start": 57.63,
        "elevation_end": 54.08,
        "slope_percent": 5.09,
        "cost_usd": 59612.8,
        "cost_per_m": 460.0,
        "cumulative_cost": 14720271.34,
        "pressure_drop_pa": 67978.72,
        "cumulative_pressure_pa": 16536526.68,
        "land_cover_class": 30,
        "land_cover_name": "Grassland",
        "crs": "EPSG:32633"
      }
    },
    {
      "type": "Feature",
      "geometry": {
        "type": "LineString",
        "coordinates": [
          [
            396116.19994117774,
            4786191.196096649
          ],
          [
            396245.80779821257,
            4786061.603053555
          ]
        ]
      },
      "properties": {
        "feature_type": "segment",
        "segment_id": 168,
        "step": 168,
        "length_m": 183.28,
        "elevation_start": 54.08,
        "elevation_end": 43.19,
        "slope_percent": 2.58,
        "cost_usd": 109969.63,
        "cost_per_m": 600.0,
        "cumulative_cost": 14830240.97,
        "pressure_drop_pa": 58003.89,
        "cumulative_pressure_pa": 16594530.57,
        "land_cover_class": 40,
        "land_cover_name": "Cropland",
        "crs": "EPSG:32633"
      }
    },
    {
      "type": "Feature",
      "geometry": {
        "type": "LineString",
        "coordinates": [
          [
            396245.80779821257,
            4786061.603053555
          ],
          [
            396375.41565524746,
            4785932.01001046
          ]
        ]
      },
      "properties": {
        "feature_type": "segment",
        "segment_id": 169,
        "step": 169,
        "length_m": 183.28,
        "elevation_start": 43.19,
        "elevation_end": 51.5,
        "slope_percent": 3.11,
        "cost_usd": 109969.63,
        "cost_per_m": 600.0,
        "cumulative_cost": 14940210.6,
        "pressure_drop_pa": 66066.75,
        "cumulative_pressure_pa": 16660597.31,
        "land_cover_class": 40,
        "land_cover_name": "Cropland",
        "crs": "EPSG:32633"
      }
    },
    {
      "type": "Feature",
      "geometry": {
        "type": "LineString",
        "coordinates": [
          [
            396375.41565524746,
            4785932.01001046
          ],
          [
            396505.0235122823,
            4785802.416967366
          ]
        ]
      },
      "properties": {
        "feature_type": "segment",
        "segment_id": 170,
        "step": 170,
        "length_m": 183.28,
        "elevation_start": 51.5,
        "elevation_end": 47.7,
        "slope_percent": 6.24,
        "cost_usd": 84310.05,
        "cost_per_m": 460.0,
        "cumulative_cost": 15024520.65,
        "pressure_drop_pa": 113649.76,
        "cumulative_pressure_pa": 16774247.07,
        "land_cover_class": 30,
        "land_cover_name": "Grassland",
        "crs": "EPSG:32633"
      }
    },
    {
      "type": "Feature",
      "geometry": {
        "type": "LineString",
        "coordinates": [
          [
            396505.0235122823,
            4785802.416967366
          ],
          [
            396634.6313693171,
            4785672.823924271
          ]
        ]
      },
      "properties": {
        "feature_type": "segment",
        "segment_id": 171,
        "step": 171,
        "length_m": 183.28,
        "elevation_start": 47.7,
        "elevation_end": 31.25,
        "slope_percent": 5.41,
        "cost_usd": 84310.05,
        "cost_per_m": 460.0,
        "cumulative_cost": 15108830.69,
        "pressure_drop_pa": 101154.29,
        "cumulative_pressure_pa": 16875401.37,
        "land_cover_class": 30,
        "land_cover_name": "Grassland",
        "crs": "EPSG:32633"
      }
    },
    {
      "type": "Feature",
      "geometry": {
        "type": "LineString",
        "coordinates": [
          [
            396634.6313693171,
            4785672.823924271
          ],
          [
            396764.239226352,
            4785543.230881177
          ]
        ]
      },
      "properties": {
        "feature_type": "segment",
        "segment_id": 172,
        "step": 172,
        "length_m": 183.28,
        "elevation_start": 31.25,
        "elevation_end": 28.14,
        "slope_percent": 1.62,
        "cost_usd": 73313.09,
        "cost_per_m": 400.0,
        "cumulative_cost": 15182143.78,
        "pressure_drop_pa": 43276.42,
        "cumulative_pressure_pa": 16918677.79,
        "land_cover_class": 30,
        "land_cover_name": "Grassland",
        "crs": "EPSG:32633"
      }
    },
    {
      "type": "Feature",
      "geometry": {
        "type": "LineString",
        "coordinates": [
          [
            396764.239226352,
            4785543.230881177
          ],
          [
            396764.239226352,
            4785413.637838083
          ]
        ]
      },
      "properties": {
        "feature_type": "segment",
        "segment_id": 173,
        "step": 173,
        "length_m": 129.59,
        "elevation_start": 28.14,
        "elevation_end": 28.85,
        "slope_percent": 1.58,
        "cost_usd": 51837.22,
        "cost_per_m": 400.0,
        "cumulative_cost": 15233981.0,
        "pressure_drop_pa": 30163.85,
        "cumulative_pressure_pa": 16948841.64,
        "land_cover_class": 60,
        "land_cover_name": "Bare/sparse vegetation",
        "crs": "EPSG:32633"
      }
    },
    {
      "type": "Feature",
      "geometry": {
        "type": "LineString",
        "coordinates": [
          [
            396764.239226352,
            4785413.637838083
          ],
          [
            396893.84708338685,
            4785284.044794989
          ]
        ]
      },
      "properties": {
        "feature_type": "segment",
        "segment_id": 174,
        "step": 174,
        "length_m": 183.28,
        "elevation_start": 28.85,
        "elevation_end": 27.82,
        "slope_percent": 1.23,
        "cost_usd": 73313.09,
        "cost_per_m": 400.0,
        "cumulative_cost": 15307294.08,
        "pressure_drop_pa": 37314.24,
        "cumulative_pressure_pa": 16986155.88,
        "land_cover_class": 30,
        "land_cover_name": "Grassland",
        "crs": "EPSG:32633"
      }
    },
    {
      "type": "Feature",
      "geometry": {
        "type": "LineString",
        "coordinates": [
          [
            396893.84708338685,
            4785284.044794989
          ],
          [
            396893.84708338685,
            4785154.451751894
          ]
        ]
      },
      "properties": {
        "feature_type": "segment",
        "segment_id": 175,
        "step": 175,
        "length_m": 129.59,
        "elevation_start": 27.82,
        "elevation_end": 27.13,
        "slope_percent": 1.28,
        "cost_usd": 64796.52,
        "cost_per_m": 500.0,
        "cumulative_cost": 15372090.6,
        "pressure_drop_pa": 26971.5,
        "cumulative_pressure_pa": 17013127.38,
        "land_cover_class": 10,
        "land_cover_name": "Tree cover",
        "crs": "EPSG:32633"
      }
    },
    {
      "type": "Feature",
      "geometry": {
        "type": "LineString",
        "coordinates": [
          [
            396893.84708338685,
            4785154.451751894
          ],
          [
            396893.84708338685,
            4785024.8587088
          ]
        ]
      },
      "properties": {
        "feature_type": "segment",
        "segment_id": 176,
        "step": 176,
        "length_m": 129.59,
        "elevation_start": 27.13,
        "elevation_end": 25.52,
        "slope_percent": 0.7,
        "cost_usd": 64796.52,
        "cost_per_m": 500.0,
        "cumulative_cost": 15436887.13,
        "pressure_drop_pa": 20662.33,
        "cumulative_pressure_pa": 17033789.71,
        "land_cover_class": 10,
        "land_cover_name": "Tree cover",
        "crs": "EPSG:32633"
      }
    },
    {
      "type": "Feature",
      "geometry": {
        "type": "LineString",
        "coordinates": [
          [
            396893.84708338685,
            4785024.8587088
          ],
          [
            396893.84708338685,
            4784895.265665705
          ]
        ]
      },
      "properties": {
        "feature_type": "segment",
        "segment_id": 177,
        "step": 177,
        "length_m": 129.59,
        "elevation_start": 25.52,
        "elevation_end": 29.17,
        "slope_percent": 1.3,
        "cost_usd": 64796.52,
        "cost_per_m": 500.0,
        "cumulative_cost": 15501683.65,
        "pressure_drop_pa": 27164.89,
        "cumulative_pressure_pa": 17060954.6,
        "land_cover_class": 10,
        "land_cover_name": "Tree cover",
        "crs": "EPSG:32633"
      }
    },
    {
      "type": "Feature",
      "geometry": {
        "type": "LineString",
        "coordinates": [
          [
            396893.84708338685,
            4784895.265665705
          ],
          [
            396893.84708338685,
            4784765.672622611
          ]
        ]
      },
      "properties": {
        "feature_type": "segment",
        "segment_id": 178,
        "step": 178,
        "length_m": 129.59,
        "elevation_start": 29.17,
        "elevation_end": 29.52,
        "slope_percent": 0.87,
        "cost_usd": 51837.22,
        "cost_per_m": 400.0,
        "cumulative_cost": 15553520.86,
        "pressure_drop_pa": 22540.23,
        "cumulative_pressure_pa": 17083494.83,
        "land_cover_class": 60,
        "land_cover_name": "Bare/sparse vegetation",
        "crs": "EPSG:32633"
      }
    },
    {
      "type": "Feature",
      "geometry": {
        "type": "LineString",
        "coordinates": [
          [
            396893.84708338685,
            4784765.672622611
          ],
          [
            396764.239226352,
            4784636.079579516
          ]
        ]
      },
      "properties": {
        "feature_type": "segment",
        "segment_id": 179,
        "step": 179,
        "length_m": 183.28,
        "elevation_start": 29.52,
        "elevation_end": 29.49,
        "slope_percent": 0.64,
        "cost_usd": 73313.09,
        "cost_per_m": 400.0,
        "cumulative_cost": 15626833.95,
        "pressure_drop_pa": 28296.29,
        "cumulative_pressure_pa": 17111791.12,
        "land_cover_class": 30,
        "land_cover_name": "Grassland",
        "crs": "EPSG:32633"
      }
    },
    {
      "type": "Feature",
      "geometry": {
        "type": "LineString",
        "coordinates": [
          [
            396764.239226352,
            4784636.079579516
          ],
          [
            396764.239226352,
            4784506.486536422
          ]
        ]
      },
      "properties": {
        "feature_type": "segment",
        "segment_id": 180,
        "step": 180,
        "length_m": 129.59,
        "elevation_start": 29.49,
        "elevation_end": 30.95,
        "slope_percent": 0.83,
        "cost_usd": 51837.22,
        "cost_per_m": 400.0,
        "cumulative_cost": 15678671.17,
        "pressure_drop_pa": 22053.71,
        "cumulative_pressure_pa": 17133844.83,
        "land_cover_class": 30,
        "land_cover_name": "Grassland",
        "crs": "EPSG:32633"
      }
    },
    {
      "type": "Feature",
      "geometry": {
        "type": "LineString",
        "coordinates": [
          [
            396764.239226352,
            4784506.486536422
          ],
          [
            396764.239226352,
            4784376.893493327
          ]
        ]
      },
      "properties": {
        "feature_type": "segment",
        "segment_id": 181,
        "step": 181,
        "length_m": 129.59,
        "elevation_start": 30.95,
        "elevation_end": 32.42,
        "slope_percent": 1.48,
        "cost_usd": 77755.83,
        "cost_per_m": 600.0,
        "cumulative_cost": 15756426.99,
        "pressure_drop_pa": 29032.31,
        "cumulative_pressure_pa": 17162877.14,
        "land_cover_class": 40,
        "land_cover_name": "Cropland",
        "crs": "EPSG:32633"
      }
    },
    {
      "type": "Feature",
      "geometry": {
        "type": "LineString",
        "coordinates": [
          [
            396764.239226352,
            4784376.893493327
          ],
          [
            396764.239226352,
            4784247.300450233
          ]
        ]
      },
      "properties": {
        "feature_type": "segment",
        "segment_id": 182,
        "step": 182,
        "length_m": 129.59,
        "elevation_start": 32.42,
        "elevation_end": 34.83,
        "slope_percent": 2.02,
        "cost_usd": 77755.83,
        "cost_per_m": 600.0,
        "cumulative_cost": 15834182.82,
        "pressure_drop_pa": 34954.55,
        "cumulative_pressure_pa": 17197831.68,
        "land_cover_class": 40,
        "land_cover_name": "Cropland",
        "crs": "EPSG:32633"
      }
    },
    {
      "type": "Feature",
      "geometry": {
        "type": "LineString",
        "coordinates": [
          [
            396764.239226352,
            4784247.300450233
          ],
          [
            396764.239226352,
            4784117.707407139
          ]
        ]
      },
      "properties": {
        "feature_type": "segment",
        "segment_id": 183,
        "step": 183,
        "length_m": 129.59,
        "elevation_start": 34.83,
        "elevation_end": 33.69,
        "slope_percent": 4.83,
        "cost_usd": 77755.83,
        "cost_per_m": 600.0,
        "cumulative_cost": 15911938.65,
        "pressure_drop_pa": 65182.94,
        "cumulative_pressure_pa": 17263014.63,
        "land_cover_class": 40,
        "land_cover_name": "Cropland",
        "crs": "EPSG:32633"
      }
    },
    {
      "type": "Feature",
      "geometry": {
        "type": "LineString",
        "coordinates": [
          [
            396764.239226352,
            4784117.707407139
          ],
          [
            396893.84708338685,
            4783988.114364045
          ]
        ]
      },
      "properties": {
        "feature_type": "segment",
        "segment_id": 184,
        "step": 184,
        "length_m": 183.28,
        "elevation_start": 33.69,
        "elevation_end": 52.02,
        "slope_percent": 14.44,
        "cost_usd": 102638.32,
        "cost_per_m": 560.0,
        "cumulative_cost": 16014576.97,
        "pressure_drop_pa": 236994.6,
        "cumulative_pressure_pa": 17500009.23,
        "land_cover_class": 30,
        "land_cover_name": "Grassland",
        "crs": "EPSG:32633"
      }
    },
    {
      "type": "Feature",
      "geometry": {
        "type": "LineString",
        "coordinates": [
          [
            396893.84708338685,
            4783988.114364045
          ],
          [
            396893.84708338685,
            4783858.52132095
          ]
        ]
      },
      "properties": {
        "feature_type": "segment",
        "segment_id": 185,
        "step": 185,
        "length_m": 129.59,
        "elevation_start": 52.02,
        "elevation_end": 68.05,
        "slope_percent": 19.98,
        "cost_usd": 103674.43,
        "cost_per_m": 800.0,
        "cumulative_cost": 16118251.4,
        "pressure_drop_pa": 224819.22,
        "cumulative_pressure_pa": 17724828.45,
        "land_cover_class": 30,
        "land_cover_name": "Grassland",
        "crs": "EPSG:32633"
      }
    },
    {
      "type": "Feature",
      "geometry": {
        "type": "LineString",
        "coordinates": [
          [
            396893.84708338685,
            4783858.52132095
          ],
          [
            396893.84708338685,
            4783728.928277856
          ]
        ]
      },
      "properties": {
        "feature_type": "segment",
        "segment_id": 186,
        "step": 186,
        "length_m": 129.59,
        "elevation_start": 68.05,
        "elevation_end": 96.7,
        "slope_percent": 21.31,
        "cost_usd": 103674.43,
        "cost_per_m": 800.0,
        "cumulative_cost": 16221925.83,
        "pressure_drop_pa": 238282.52,
        "cumulative_pressure_pa": 17963110.97,
        "land_cover_class": 30,
        "land_cover_name": "Grassland",
        "crs": "EPSG:32633"
      }
    },
    {
      "type": "Feature",
      "geometry": {
        "type": "LineString",
        "coordinates": [
          [
            396893.84708338685,
            4783728.928277856
          ],
          [
            396893.84708338685,
            4783599.335234761
          ]
        ]
      },
      "properties": {
        "feature_type": "segment",
        "segment_id": 187,
        "step": 187,
        "length_m": 129.59,
        "elevation_start": 96.7,
        "elevation_end": 113.25,
        "slope_percent": 14.66,
        "cost_usd": 72572.1,
        "cost_per_m": 560.0,
        "cumulative_cost": 16294497.94,
        "pressure_drop_pa": 169842.36,
        "cumulative_pressure_pa": 18132953.32,
        "land_cover_class": 30,
        "land_cover_name": "Grassland",
        "crs": "EPSG:32633"
      }
    },
    {
      "type": "Feature",
      "geometry": {
        "type": "LineString",
        "coordinates": [
          [
            396893.84708338685,
            4783599.335234761
          ],
          [
            396893.84708338685,
            4783469.742191667
          ]
        ]
      },
      "properties": {
        "feature_type": "segment",
        "segment_id": 188,
        "step": 188,
        "length_m": 129.59,
        "elevation_start": 113.25,
        "elevation_end": 124.76,
        "slope_percent": 4.03,
        "cost_usd": 77755.83,
        "cost_per_m": 600.0,
        "cumulative_cost": 16372253.76,
        "pressure_drop_pa": 56598.32,
        "cumulative_pressure_pa": 18189551.65,
        "land_cover_class": 40,
        "land_cover_name": "Cropland",
        "crs": "EPSG:32633"
      }
    },
    {
      "type": "Feature",
      "geometry": {
        "type": "LineString",
        "coordinates": [
          [
            396893.84708338685,
            4783469.742191667
          ],
          [
            396893.84708338685,
            4783340.149148572
          ]
        ]
      },
      "properties": {
        "feature_type": "segment",
        "segment_id": 189,
        "step": 189,
        "length_m": 129.59,
        "elevation_start": 124.76,
        "elevation_end": 104.15,
        "slope_percent": 9.97,
        "cost_usd": 59612.8,
        "cost_per_m": 460.0,
        "cumulative_cost": 16431866.56,
        "pressure_drop_pa": 120248.03,
        "cumulative_pressure_pa": 18309799.68,
        "land_cover_class": 30,
        "land_cover_name": "Grassland",
        "crs": "EPSG:32633"
      }
    },
    {
      "type": "Feature",
      "geometry": {
        "type": "LineString",
        "coordinates": [
          [
            396893.84708338685,
            4783340.149148572
          ],
          [
            396893.84708338685,
            4783210.556105478
          ]
        ]
      },
      "properties": {
        "feature_type": "segment",
        "segment_id": 190,
        "step": 190,
        "length_m": 129.59,
        "elevation_start": 104.15,
        "elevation_end": 90.74,
        "slope_percent": 14.19,
        "cost_usd": 72572.1,
        "cost_per_m": 560.0,
        "cumulative_cost": 16504438.67,
        "pressure_drop_pa": 164958.88,
        "cumulative_pressure_pa": 18474758.55,
        "land_cover_class": 30,
        "land_cover_name": "Grassland",
        "crs": "EPSG:32633"
      }
    },
    {
      "type": "Feature",
      "geometry": {
        "type": "LineString",
        "coordinates": [
          [
            396893.84708338685,
            4783210.556105478
          ],
          [
            397023.45494042174,
            4783080.963062383
          ]
        ]
      },
      "properties": {
        "feature_type": "segment",
        "segment_id": 191,
        "step": 191,
        "length_m": 183.28,
        "elevation_start": 90.74,
        "elevation_end": 74.5,
        "slope_percent": 9.55,
        "cost_usd": 84310.05,
        "cost_per_m": 460.0,
        "cumulative_cost": 16588748.72,
        "pressure_drop_pa": 163827.56,
        "cumulative_pressure_pa": 18638586.11,
        "land_cover_class": 30,
        "land_cover_name": "Grassland",
        "crs": "EPSG:32633"
      }
    },
    {
      "type": "Feature",
      "geometry": {
        "type": "LineString",
        "coordinates": [
          [
            397023.45494042174,
            4783080.963062383
          ],
          [
            397023.45494042174,
            4782951.370019289
          ]
        ]
      },
      "properties": {
        "feature_type": "segment",
        "segment_id": 192,
        "step": 192,
        "length_m": 129.59,
        "elevation_start": 74.5,
        "elevation_end": 66.89,
        "slope_percent": 6.76,
        "cost_usd": 59612.8,
        "cost_per_m": 460.0,
        "cumulative_cost": 16648361.52,
        "pressure_drop_pa": 85948.55,
        "cumulative_pressure_pa": 18724534.66,
        "land_cover_class": 30,
        "land_cover_name": "Grassland",
        "crs": "EPSG:32633"
      }
    },
    {
      "type": "Feature",
      "geometry": {
        "type": "LineString",
        "coordinates": [
          [
            397023.45494042174,
            4782951.370019289
          ],
          [
            397153.0627974566,
            4782821.776976195
          ]
        ]
      },
      "properties": {
        "feature_type": "segment",
        "segment_id": 193,
        "step": 193,
        "length_m": 183.28,
        "elevation_start": 66.89,
        "elevation_end": 68.79,
        "slope_percent": 11.23,
        "cost_usd": 102638.32,
        "cost_per_m": 560.0,
        "cumulative_cost": 16750999.84,
        "pressure_drop_pa": 189009.61,
        "cumulative_pressure_pa": 18913544.28,
        "land_cover_class": 30,
        "land_cover_name": "Grassland",
        "crs": "EPSG:32633"
      }
    },
    {
      "type": "Feature",
      "geometry": {
        "type": "LineString",
        "coordinates": [
          [
            397153.0627974566,
            4782821.776976195
          ],
          [
            397153.0627974566,
            4782692.183933101
          ]
        ]
      },
      "properties": {
        "feature_type": "segment",
        "segment_id": 194,
        "step": 194,
        "length_m": 129.59,
        "elevation_start": 68.79,
        "elevation_end": 69.51,
        "slope_percent": 11.68,
        "cost_usd": 72572.1,
        "cost_per_m": 560.0,
        "cumulative_cost": 16823571.94,
        "pressure_drop_pa": 138497.78,
        "cumulative_pressure_pa": 19052042.06,
        "land_cover_class": 30,
        "land_cover_name": "Grassland",
        "crs": "EPSG:32633"
      }
    },
    {
      "type": "Feature",
      "geometry": {
        "type": "LineString",
        "coordinates": [
          [
            397153.0627974566,
            4782692.183933101
          ],
          [
            397153.0627974566,
            4782562.590890006
          ]
        ]
      },
      "properties": {
        "feature_type": "segment",
        "segment_id": 195,
        "step": 195,
        "length_m": 129.59,
        "elevation_start": 69.51,
        "elevation_end": 66.59,
        "slope_percent": 7.64,
        "cost_usd": 85531.41,
        "cost_per_m": 660.0,
        "cumulative_cost": 16909103.35,
        "pressure_drop_pa": 95379.1,
        "cumulative_pressure_pa": 19147421.15,
        "land_cover_class": 40,
        "land_cover_name": "Cropland",
        "crs": "EPSG:32633"
      }
    },
    {
      "type": "Feature",
      "geometry": {
        "type": "LineString",
        "coordinates": [
          [
            397153.0627974566,
            4782562.590890006
          ],
          [
            397153.0627974566,
            4782432.997846912
          ]
        ]
      },
      "properties": {
        "feature_type": "segment",
        "segment_id": 196,
        "step": 196,
        "length_m": 129.59,
        "elevation_start": 66.59,
        "elevation_end": 67.26,
        "slope_percent": 2.33,
        "cost_usd": 77755.83,
        "cost_per_m": 600.0,
        "cumulative_cost": 16986859.18,
        "pressure_drop_pa": 38310.48,
        "cumulative_pressure_pa": 19185731.64,
        "land_cover_class": 40,
        "land_cover_name": "Cropland",
        "crs": "EPSG:32633"
      }
    },
    {
      "type": "Feature",
      "geometry": {
        "type": "LineString",
        "coordinates": [
          [
            397153.0627974566,
            4782432.997846912
          ],
          [
            397153.0627974566,
            4782303.404803817
          ]
        ]
      },
      "properties": {
        "feature_type": "segment",
        "segment_id": 197,
        "step": 197,
        "length_m": 129.59,
        "elevation_start": 67.26,
        "elevation_end": 78.48,
        "slope_percent": 9.6,
        "cost_usd": 85531.41,
        "cost_per_m": 660.0,
        "cumulative_cost": 17072390.58,
        "pressure_drop_pa": 116366.7,
        "cumulative_pressure_pa": 19302098.34,
        "land_cover_class": 40,
        "land_cover_name": "Cropland",
        "crs": "EPSG:32633"
      }
    },
    {
      "type": "Feature",
      "geometry": {
        "type": "LineString",
        "coordinates": [
          [
            397153.0627974566,
            4782303.404803817
          ],
          [
            397153.0627974566,
            4782173.811760723
          ]
        ]
      },
      "properties": {
        "feature_type": "segment",
        "segment_id": 198,
        "step": 198,
        "length_m": 129.59,
        "elevation_start": 78.48,
        "elevation_end": 95.97,
        "slope_percent": 16.68,
        "cost_usd": 129593.04,
        "cost_per_m": 1000.0,
        "cumulative_cost": 17201983.63,
        "pressure_drop_pa": 190853.61,
        "cumulative_pressure_pa": 19492951.95,
        "land_cover_class": 40,
        "land_cover_name": "Cropland",
        "crs": "EPSG:32633"
      }
    },
    {
      "type": "Feature",
      "geometry": {
        "type": "LineString",
        "coordinates": [
          [
            397153.0627974566,
            4782173.811760723
          ],
          [
            397153.0627974566,
            4782044.218717628
          ]
        ]
      },
      "properties": {
        "feature_type": "segment",
        "segment_id": 199,
        "step": 199,
        "length_m": 129.59,
        "elevation_start": 95.97,
        "elevation_end": 119.31,
        "slope_percent": 12.52,
        "cost_usd": 98490.71,
        "cost_per_m": 760.0,
        "cumulative_cost": 17300474.34,
        "pressure_drop_pa": 147299.96,
        "cumulative_pressure_pa": 19640251.91,
        "land_cover_class": 40,
        "land_cover_name": "Cropland",
        "crs": "EPSG:32633"
      }
    },
    {
      "type": "Feature",
      "geometry": {
        "type": "LineString",
        "coordinates": [
          [
            397153.0627974566,
            4782044.218717628
          ],
          [
            397282.6706544914,
            4781914.625674534
          ]
        ]
      },
      "properties": {
        "feature_type": "segment",
        "segment_id": 200,
        "step": 200,
        "length_m": 183.28,
        "elevation_start": 119.31,
        "elevation_end": 119.98,
        "slope_percent": 9.03,
        "cost_usd": 120966.59,
        "cost_per_m": 660.0,
        "cumulative_cost": 17421440.93,
        "pressure_drop_pa": 155900.99,
        "cumulative_pressure_pa": 19796152.9,
        "land_cover_class": 40,
        "land_cover_name": "Cropland",
        "crs": "EPSG:32633"
      }
    },
    {
      "type": "Feature",
      "geometry": {
        "type": "LineString",
        "coordinates": [
          [
            397282.6706544914,
            4781914.625674534
          ],
          [
            397282.6706544914,
            4781785.032631439
          ]
        ]
      },
      "properties": {
        "feature_type": "segment",
        "segment_id": 201,
        "step": 201,
        "length_m": 129.59,
        "elevation_start": 119.98,
        "elevation_end": 129.15,
        "slope_percent": 11.21,
        "cost_usd": 98490.71,
        "cost_per_m": 760.0,
        "cumulative_cost": 17519931.64,
        "pressure_drop_pa": 133423.96,
        "cumulative_pressure_pa": 19929576.86,
        "land_cover_class": 40,
        "land_cover_name": "Cropland",
        "crs": "EPSG:32633"
      }
    },
    {
      "type": "Feature",
      "geometry": {
        "type": "LineString",
        "coordinates": [
          [
            397282.6706544914,
            4781785.032631439
          ],
          [
            397282.6706544914,
            4781655.439588346
          ]
        ]
      },
      "properties": {
        "feature_type": "segment",
        "segment_id": 202,
        "step": 202,
        "length_m": 129.59,
        "elevation_start": 129.15,
        "elevation_end": 150.44,
        "slope_percent": 4.44,
        "cost_usd": 51837.22,
        "cost_per_m": 400.0,
        "cumulative_cost": 17571768.86,
        "pressure_drop_pa": 61020.48,
        "cumulative_pressure_pa": 19990597.34,
        "land_cover_class": 30,
        "land_cover_name": "Grassland",
        "crs": "EPSG:32633"
      }
    },
    {
      "type": "Feature",
      "geometry": {
        "type": "LineString",
        "coordinates": [
          [
            397282.6706544914,
            4781655.439588346
          ],
          [
            397412.2785115263,
            4781525.846545251
          ]
        ]
      },
      "properties": {
        "feature_type": "segment",
        "segment_id": 203,
        "step": 203,
        "length_m": 183.28,
        "elevation_start": 150.44,
        "elevation_end": 120.53,
        "slope_percent": 20.65,
        "cost_usd": 146626.17,
        "cost_per_m": 800.0,
        "cumulative_cost": 17718395.03,
        "pressure_drop_pa": 327657.68,
        "cumulative_pressure_pa": 20318255.02,
        "land_cover_class": 30,
        "land_cover_name": "Grassland",
        "crs": "EPSG:32633"
      }
    },
    {
      "type": "Feature",
      "geometry": {
        "type": "LineString",
        "coordinates": [
          [
            397412.2785115263,
            4781525.846545251
          ],
          [
            397541.8863685611,
            4781396.253502157
          ]
        ]
      },
      "properties": {
        "feature_type": "segment",
        "segment_id": 204,
        "step": 204,
        "length_m": 183.28,
        "elevation_start": 120.53,
        "elevation_end": 79.48,
        "slope_percent": 14.44,
        "cost_usd": 102638.32,
        "cost_per_m": 560.0,
        "cumulative_cost": 17821033.35,
        "pressure_drop_pa": 236993.14,
        "cumulative_pressure_pa": 20555248.17,
        "land_cover_class": 30,
        "land_cover_name": "Grassland",
        "crs": "EPSG:32633"
      }
    },
    {
      "type": "Feature",
      "geometry": {
        "type": "LineString",
        "coordinates": [
          [
            397541.8863685611,
            4781396.253502157
          ],
          [
            397541.8863685611,
            4781266.660459062
          ]
        ]
      },
      "properties": {
        "feature_type": "segment",
        "segment_id": 205,
        "step": 205,
        "length_m": 129.59,
        "elevation_start": 79.48,
        "elevation_end": 68.91,
        "slope_percent": 5.87,
        "cost_usd": 72572.1,
        "cost_per_m": 560.0,
        "cumulative_cost": 17893605.46,
        "pressure_drop_pa": 76464.87,
        "cumulative_pressure_pa": 20631713.03,
        "land_cover_class": 10,
        "land_cover_name": "Tree cover",
        "crs": "EPSG:32633"
      }
    },
    {
      "type": "Feature",
      "geometry": {
        "type": "LineString",
        "coordinates": [
          [
            397541.8863685611,
            4781266.660459062
          ],
          [
            397541.8863685611,
            4781137.067415968
          ]
        ]
      },
      "properties": {
        "feature_type": "segment",
        "segment_id": 206,
        "step": 206,
        "length_m": 129.59,
        "elevation_start": 68.91,
        "elevation_end": 95.0,
        "slope_percent": 15.83,
        "cost_usd": 108858.16,
        "cost_per_m": 840.0,
        "cumulative_cost": 18002463.61,
        "pressure_drop_pa": 182071.35,
        "cumulative_pressure_pa": 20813784.38,
        "land_cover_class": 20,
        "land_cover_name": "Shrubland",
        "crs": "EPSG:32633"
      }
    },
    {
      "type": "Feature",
      "geometry": {
        "type": "LineString",
        "coordinates": [
          [
            397541.8863685611,
            4781137.067415968
          ],
          [
            397541.8863685611,
            4781007.474372873
          ]
        ]
      },
      "properties": {
        "feature_type": "segment",
        "segment_id": 207,
        "step": 207,
        "length_m": 129.59,
        "elevation_start": 95.0,
        "elevation_end": 101.49,
        "slope_percent": 18.45,
        "cost_usd": 129593.04,
        "cost_per_m": 1000.0,
        "cumulative_cost": 18132056.66,
        "pressure_drop_pa": 209118.29,
        "cumulative_pressure_pa": 21022902.67,
        "land_cover_class": 40,
        "land_cover_name": "Cropland",
        "crs": "EPSG:32633"
      }
    },
    {
      "type": "Feature",
      "geometry": {
        "type": "LineString",
        "coordinates": [
          [
            397541.8863685611,
            4781007.474372873
          ],
          [
            397541.8863685611,
            4780877.881329779
          ]
        ]
      },
      "properties": {
        "feature_type": "segment",
        "segment_id": 208,
        "step": 208,
        "length_m": 129.59,
        "elevation_start": 101.49,
        "elevation_end": 139.13,
        "slope_percent": 23.57,
        "cost_usd": 129593.04,
        "cost_per_m": 1000.0,
        "cumulative_cost": 18261649.7,
        "pressure_drop_pa": 260976.98,
        "cumulative_pressure_pa": 21283879.65,
        "land_cover_class": 40,
        "land_cover_name": "Cropland",
        "crs": "EPSG:32633"
      }
    },
    {
      "type": "Feature",
      "geometry": {
        "type": "LineString",
        "coordinates": [
          [
            397541.8863685611,
            4780877.881329779
          ],
          [
            397541.8863685611,
            4780748.288286684
          ]
        ]
      },
      "properties": {
        "feature_type": "segment",
        "segment_id": 209,
        "step": 209,
        "length_m": 129.59,
        "elevation_start": 139.13,
        "elevation_end": 167.58,
        "slope_percent": 12.54,
        "cost_usd": 72572.1,
        "cost_per_m": 560.0,
        "cumulative_cost": 18334221.8,
        "pressure_drop_pa": 147509.48,
        "cumulative_pressure_pa": 21431389.13,
        "land_cover_class": 30,
        "land_cover_name": "Grassland",
        "crs": "EPSG:32633"
      }
    },
    {
      "type": "Feature",
      "geometry": {
        "type": "LineString",
        "coordinates": [
          [
            397541.8863685611,
            4780748.288286684
          ],
          [
            397541.8863685611,
            4780618.69524359
          ]
        ]
      },
      "properties": {
        "feature_type": "segment",
        "segment_id": 210,
        "step": 210,
        "length_m": 129.59,
        "elevation_start": 167.58,
        "elevation_end": 169.66,
        "slope_percent": 12.58,
        "cost_usd": 67388.38,
        "cost_per_m": 520.0,
        "cumulative_cost": 18401610.19,
        "pressure_drop_pa": 148001.09,
        "cumulative_pressure_pa": 21579390.23,
        "land_cover_class": 50,
        "land_cover_name": "Built-up",
        "crs": "EPSG:32633"
      }
    },
    {
      "type": "Feature",
      "geometry": {
        "type": "LineString",
        "coordinates": [
          [
            397541.8863685611,
            4780618.69524359
          ],
          [
            397671.49422559596,
            4780489.102200495
          ]
        ]
      },
      "properties": {
        "feature_type": "segment",
        "segment_id": 211,
        "step": 211,
        "length_m": 183.28,
        "elevation_start": 169.66,
        "elevation_end": 135.21,
        "slope_percent": 9.72,
        "cost_usd": 91641.36,
        "cost_per_m": 500.0,
        "cumulative_cost": 18493251.54,
        "pressure_drop_pa": 166314.26,
        "cumulative_pressure_pa": 21745704.48,
        "land_cover_class": 20,
        "land_cover_name": "Shrubland",
        "crs": "EPSG:32633"
      }
    },
    {
      "type": "Feature",
      "geometry": {
        "type": "LineString",
        "coordinates": [
          [
            397671.49422559596,
            4780489.102200495
          ],
          [
            397801.10208263085,
            4780359.5091574015
          ]
        ]
      },
      "properties": {
        "feature_type": "segment",
        "segment_id": 212,
        "step": 212,
        "length_m": 183.28,
        "elevation_start": 135.21,
        "elevation_end": 138.29,
        "slope_percent": 9.12,
        "cost_usd": 84310.05,
        "cost_per_m": 460.0,
        "cumulative_cost": 18577561.59,
        "pressure_drop_pa": 157270.4,
        "cumulative_pressure_pa": 21902974.88,
        "land_cover_class": 30,
        "land_cover_name": "Grassland",
        "crs": "EPSG:32633"
      }
    },
    {
      "type": "Feature",
      "geometry": {
        "type": "LineString",
        "coordinates": [
          [
            397801.10208263085,
            4780359.5091574015
          ],
          [
            397930.7099396657,
            4780229.916114307
          ]
        ]
      },
      "properties": {
        "feature_type": "segment",
        "segment_id": 213,
        "step": 213,
        "length_m": 183.28,
        "elevation_start": 138.29,
        "elevation_end": 141.5,
        "slope_percent": 9.49,
        "cost_usd": 120966.59,
        "cost_per_m": 660.0,
        "cumulative_cost": 18698528.18,
        "pressure_drop_pa": 162977.42,
        "cumulative_pressure_pa": 22065952.3,
        "land_cover_class": 40,
        "land_cover_name": "Cropland",
        "crs": "EPSG:32633"
      }
    },
    {
      "type": "Feature",
      "geometry": {
        "type": "LineString",
        "coordinates": [
          [
            397930.7099396657,
            4780229.916114307
          ],
          [
            397930.7099396657,
            4780100.3230712125
          ]
        ]
      },
      "properties": {
        "feature_type": "segment",
        "segment_id": 214,
        "step": 214,
        "length_m": 129.59,
        "elevation_start": 141.5,
        "elevation_end": 116.73,
        "slope_percent": 18.22,
        "cost_usd": 129593.04,
        "cost_per_m": 1000.0,
        "cumulative_cost": 18828121.23,
        "pressure_drop_pa": 206837.51,
        "cumulative_pressure_pa": 22272789.82,
        "land_cover_class": 40,
        "land_cover_name": "Cropland",
        "crs": "EPSG:32633"
      }
    },
    {
      "type": "Feature",
      "geometry": {
        "type": "LineString",
        "coordinates": [
          [
            397930.7099396657,
            4780100.3230712125
          ],
          [
            397930.7099396657,
            4779970.730028118
          ]
        ]
      },
      "properties": {
        "feature_type": "segment",
        "segment_id": 215,
        "step": 215,
        "length_m": 129.59,
        "elevation_start": 116.73,
        "elevation_end": 98.93,
        "slope_percent": 17.25,
        "cost_usd": 129593.04,
        "cost_per_m": 1000.0,
        "cumulative_cost": 18957714.27,
        "pressure_drop_pa": 196782.71,
        "cumulative_pressure_pa": 22469572.53,
        "land_cover_class": 40,
        "land_cover_name": "Cropland",
        "crs": "EPSG:32633"
      }
    },
    {
      "type": "Feature",
      "geometry": {
        "type": "LineString",
        "coordinates": [
          [
            397930.7099396657,
            4779970.730028118
          ],
          [
            397930.7099396657,
            4779841.1369850235
          ]
        ]
      },
      "properties": {
        "feature_type": "segment",
        "segment_id": 216,
        "step": 216,
        "length_m": 129.59,
        "elevation_start": 98.93,
        "elevation_end": 81.87,
        "slope_percent": 13.67,
        "cost_usd": 98490.71,
        "cost_per_m": 760.0,
        "cumulative_cost": 19056204.98,
        "pressure_drop_pa": 159473.72,
        "cumulative_pressure_pa": 22629046.25,
        "land_cover_class": 40,
        "land_cover_name": "Cropland",
        "crs": "EPSG:32633"
      }
    },
    {
      "type": "Feature",
      "geometry": {
        "type": "LineString",
        "coordinates": [
          [
            397930.7099396657,
            4779841.1369850235
          ],
          [
            397930.7099396657,
            4779711.543941929
          ]
        ]
      },
      "properties": {
        "feature_type": "segment",
        "segment_id": 217,
        "step": 217,
        "length_m": 129.59,
        "elevation_start": 81.87,
        "elevation_end": 67.09,
        "slope_percent": 2.56,
        "cost_usd": 51837.22,
        "cost_per_m": 400.0,
        "cumulative_cost": 19108042.2,
        "pressure_drop_pa": 40727.67,
        "cumulative_pressure_pa": 22669773.92,
        "land_cover_class": 30,
        "land_cover_name": "Grassland",
        "crs": "EPSG:32633"
      }
    },
    {
      "type": "Feature",
      "geometry": {
        "type": "LineString",
        "coordinates": [
          [
            397930.7099396657,
            4779711.543941929
          ],
          [
            397930.7099396657,
            4779581.9508988345
          ]
        ]
      },
      "properties": {
        "feature_type": "segment",
        "segment_id": 218,
        "step": 218,
        "length_m": 129.59,
        "elevation_start": 67.09,
        "elevation_end": 78.06,
        "slope_percent": 19.32,
        "cost_usd": 129593.04,
        "cost_per_m": 1000.0,
        "cumulative_cost": 19237635.24,
        "pressure_drop_pa": 218032.85,
        "cumulative_pressure_pa": 22887806.76,
        "land_cover_class": 40,
        "land_cover_name": "Cropland",
        "crs": "EPSG:32633"
      }
    },
    {
      "type": "Feature",
      "geometry": {
        "type": "LineString",
        "coordinates": [
          [
            397930.7099396657,
            4779581.9508988345
          ],
          [
            397930.7099396657,
            4779452.35785574
          ]
        ]
      },
      "properties": {
        "feature_type": "segment",
        "segment_id": 219,
        "step": 219,
        "length_m": 129.59,
        "elevation_start": 78.06,
        "elevation_end": 118.87,
        "slope_percent": 19.81,
        "cost_usd": 108858.16,
        "cost_per_m": 840.0,
        "cumulative_cost": 19346493.4,
        "pressure_drop_pa": 223103.76,
        "cumulative_pressure_pa": 23110910.52,
        "land_cover_class": 20,
        "land_cover_name": "Shrubland",
        "crs": "EPSG:32633"
      }
    },
    {
      "type": "Feature",
      "geometry": {
        "type": "LineString",
        "coordinates": [
          [
            397930.7099396657,
            4779452.35785574
          ],
          [
            397930.7099396657,
            4779322.7648126455
          ]
        ]
      },
      "properties": {
        "feature_type": "segment",
        "segment_id": 220,
        "step": 220,
        "length_m": 129.59,
        "elevation_start": 118.87,
        "elevation_end": 130.66,
        "slope_percent": 5.18,
        "cost_usd": 85531.41,
        "cost_per_m": 660.0,
        "cumulative_cost": 19432024.81,
        "pressure_drop_pa": 68952.2,
        "cumulative_pressure_pa": 23179862.72,
        "land_cover_class": 40,
        "land_cover_name": "Cropland",
        "crs": "EPSG:32633"
      }
    },
    {
      "type": "Feature",
      "geometry": {
        "type": "LineString",
        "coordinates": [
          [
            397930.7099396657,
            4779322.7648126455
          ],
          [
            397930.7099396657,
            4779193.171769551
          ]
        ]
      },
      "properties": {
        "feature_type": "segment",
        "segment_id": 221,
        "step": 221,
        "length_m": 129.59,
        "elevation_start": 130.66,
        "elevation_end": 102.65,
        "slope_percent": 16.13,
        "cost_usd": 129593.04,
        "cost_per_m": 1000.0,
        "cumulative_cost": 19561617.85,
        "pressure_drop_pa": 185187.95,
        "cumulative_pressure_pa": 23365050.67,
        "land_cover_class": 40,
        "land_cover_name": "Cropland",
        "crs": "EPSG:32633"
      }
    },
    {
      "type": "Feature",
      "geometry": {
        "type": "LineString",
        "coordinates": [
          [
            397930.7099396657,
            4779193.171769551
          ],
          [
            397930.7099396657,
            4779063.578726457
          ]
        ]
      },
      "properties": {
        "feature_type": "segment",
        "segment_id": 222,
        "step": 222,
        "length_m": 129.59,
        "elevation_start": 102.65,
        "elevation_end": 85.72,
        "slope_percent": 8.2,
        "cost_usd": 85531.41,
        "cost_per_m": 660.0,
        "cumulative_cost": 19647149.26,
        "pressure_drop_pa": 101370.71,
        "cumulative_pressure_pa": 23466421.38,
        "land_cover_class": 40,
        "land_cover_name": "Cropland",
        "crs": "EPSG:32633"
      }
    },
    {
      "type": "Feature",
      "geometry": {
        "type": "LineString",
        "coordinates": [
          [
            397930.7099396657,
            4779063.578726457
          ],
          [
            397930.7099396657,
            4778933.985683363
          ]
        ]
      },
      "properties": {
        "feature_type": "segment",
        "segment_id": 223,
        "step": 223,
        "length_m": 129.59,
        "elevation_start": 85.72,
        "elevation_end": 91.43,
        "slope_percent": 11.99,
        "cost_usd": 72572.1,
        "cost_per_m": 560.0,
        "cumulative_cost": 19719721.36,
        "pressure_drop_pa": 141779.56,
        "cumulative_pressure_pa": 23608200.94,
        "land_cover_class": 30,
        "land_cover_name": "Grassland",
        "crs": "EPSG:32633"
      }
    },
    {
      "type": "Feature",
      "geometry": {
        "type": "LineString",
        "coordinates": [
          [
            397930.7099396657,
            4778933.985683363
          ],
          [
            398060.3177967006,
            4778804.392640268
          ]
        ]
      },
      "properties": {
        "feature_type": "segment",
        "segment_id": 224,
        "step": 224,
        "length_m": 183.28,
        "elevation_start": 91.43,
        "elevation_end": 93.81,
        "slope_percent": 14.52,
        "cost_usd": 102638.32,
        "cost_per_m": 560.0,
        "cumulative_cost": 19822359.68,
        "pressure_drop_pa": 238090.98,
        "cumulative_pressure_pa": 23846291.92,
        "land_cover_class": 30,
        "land_cover_name": "Grassland",
        "crs": "EPSG:32633"
      }
    },
    {
      "type": "Feature",
      "geometry": {
        "type": "LineString",
        "coordinates": [
          [
            398060.3177967006,
            4778804.392640268
          ],
          [
            398060.3177967006,
            4778674.799597174
          ]
        ]
      },
      "properties": {
        "feature_type": "segment",
        "segment_id": 225,
        "step": 225,
        "length_m": 129.59,
        "elevation_start": 93.81,
        "elevation_end": 108.72,
        "slope_percent": 12.28,
        "cost_usd": 72572.1,
        "cost_per_m": 560.0,
        "cumulative_cost": 19894931.79,
        "pressure_drop_pa": 144839.47,
        "cumulative_pressure_pa": 23991131.39,
        "land_cover_class": 30,
        "land_cover_name": "Grassland",
        "crs": "EPSG:32633"
      }
    },
    {
      "type": "Feature",
      "geometry": {
        "type": "LineString",
        "coordinates": [
          [
            398060.3177967006,
            4778674.799597174
          ],
          [
            398060.3177967006,
            4778545.206554079
          ]
        ]
      },
      "properties": {
        "feature_type": "segment",
        "segment_id": 226,
        "step": 226,
        "length_m": 129.59,
        "elevation_start": 108.72,
        "elevation_end": 125.57,
        "slope_percent": 1.35,
        "cost_usd": 51837.22,
        "cost_per_m": 400.0,
        "cumulative_cost": 19946769.0,
        "pressure_drop_pa": 27647.3,
        "cumulative_pressure_pa": 24018778.69,
        "land_cover_class": 30,
        "land_cover_name": "Grassland",
        "crs": "EPSG:32633"
      }
    },
    {
      "type": "Feature",
      "geometry": {
        "type": "LineString",
        "coordinates": [
          [
            398060.3177967006,
            4778545.206554079
          ],
          [
            398060.3177967006,
            4778415.613510985
          ]
        ]
      },
      "properties": {
        "feature_type": "segment",
        "segment_id": 227,
        "step": 227,
        "length_m": 129.59,
        "elevation_start": 125.57,
        "elevation_end": 112.92,
        "slope_percent": 11.65,
        "cost_usd": 77755.83,
        "cost_per_m": 600.0,
        "cumulative_cost": 20024524.83,
        "pressure_drop_pa": 138148.54,
        "cumulative_pressure_pa": 24156927.23,
        "land_cover_class": 20,
        "land_cover_name": "Shrubland",
        "crs": "EPSG:32633"
      }
    },
    {
      "type": "Feature",
      "geometry": {
        "type": "LineString",
        "coordinates": [
          [
            398060.3177967006,
            4778415.613510985
          ],
          [
            398060.3177967006,
            4778286.02046789
          ]
        ]
      },
      "properties": {
        "feature_type": "segment",
        "segment_id": 228,
        "step": 228,
        "length_m": 129.59,
        "elevation_start": 112.92,
        "elevation_end": 91.57,
        "slope_percent": 17.36,
        "cost_usd": 103674.43,
        "cost_per_m": 800.0,
        "cumulative_cost": 20128199.26,
        "pressure_drop_pa": 197943.33,
        "cumulative_pressure_pa": 24354870.56,
        "land_cover_class": 30,
        "land_cover_name": "Grassland",
        "crs": "EPSG:32633"
      }
    },
    {
      "type": "Feature",
      "geometry": {
        "type": "LineString",
        "coordinates": [
          [
            398060.3177967006,
            4778286.02046789
          ],
          [
            398060.3177967006,
            4778156.427424796
          ]
        ]
      },
      "properties": {
        "feature_type": "segment",
        "segment_id": 229,
        "step": 229,
        "length_m": 129.59,
        "elevation_start": 91.57,
        "elevation_end": 66.16,
        "slope_percent": 16.68,
        "cost_usd": 129593.04,
        "cost_per_m": 1000.0,
        "cumulative_cost": 20257792.31,
        "pressure_drop_pa": 190860.59,
        "cumulative_pressure_pa": 24545731.15,
        "land_cover_class": 40,
        "land_cover_name": "Cropland",
        "crs": "EPSG:32633"
      }
    },
    {
      "type": "Feature",
      "geometry": {
        "type": "LineString",
        "coordinates": [
          [
            398060.3177967006,
            4778156.427424796
          ],
          [
            398189.9256537354,
            4778026.834381701
          ]
        ]
      },
      "properties": {
        "feature_type": "segment",
        "segment_id": 230,
        "step": 230,
        "length_m": 183.28,
        "elevation_start": 66.16,
        "elevation_end": 48.81,
        "slope_percent": 6.15,
        "cost_usd": 120966.59,
        "cost_per_m": 660.0,
        "cumulative_cost": 20378758.9,
        "pressure_drop_pa": 112304.62,
        "cumulative_pressure_pa": 24658035.77,
        "land_cover_class": 40,
        "land_cover_name": "Cropland",
        "crs": "EPSG:32633"
      }
    },
    {
      "type": "Feature",
      "geometry": {
        "type": "LineString",
        "coordinates": [
          [
            398189.9256537354,
            4778026.834381701
          ],
          [
            398319.53351077024,
            4777897.241338607
          ]
        ]
      },
      "properties": {
        "feature_type": "segment",
        "segment_id": 231,
        "step": 231,
        "length_m": 183.28,
        "elevation_start": 48.81,
        "elevation_end": 44.06,
        "slope_percent": 4.28,
        "cost_usd": 109969.63,
        "cost_per_m": 600.0,
        "cumulative_cost": 20488728.53,
        "pressure_drop_pa": 83841.52,
        "cumulative_pressure_pa": 24741877.29,
        "land_cover_class": 40,
        "land_cover_name": "Cropland",
        "crs": "EPSG:32633"
      }
    },
    {
      "type": "Feature",
      "geometry": {
        "type": "LineString",
        "coordinates": [
          [
            398319.53351077024,
            4777897.241338607
          ],
          [
            398449.14136780513,
            4777767.648295513
          ]
        ]
      },
      "properties": {
        "feature_type": "segment",
        "segment_id": 232,
        "step": 232,
        "length_m": 183.28,
        "elevation_start": 44.06,
        "elevation_end": 40.5,
        "slope_percent": 8.71,
        "cost_usd": 84310.05,
        "cost_per_m": 460.0,
        "cumulative_cost": 20573038.58,
        "pressure_drop_pa": 151111.86,
        "cumulative_pressure_pa": 24892989.15,
        "land_cover_class": 30,
        "land_cover_name": "Grassland",
        "crs": "EPSG:32633"
      }
    },
    {
      "type": "Feature",
      "geometry": {
        "type": "LineString",
        "coordinates": [
          [
            398449.14136780513,
            4777767.648295513
          ],
          [
            398449.14136780513,
            4777638.055252419
          ]
        ]
      },
      "properties": {
        "feature_type": "segment",
        "segment_id": 233,
        "step": 233,
        "length_m": 129.59,
        "elevation_start": 40.5,
        "elevation_end": 33.89,
        "slope_percent": 5.54,
        "cost_usd": 59612.8,
        "cost_per_m": 460.0,
        "cumulative_cost": 20632651.38,
        "pressure_drop_pa": 72920.94,
        "cumulative_pressure_pa": 24965910.08,
        "land_cover_class": 30,
        "land_cover_name": "Grassland",
        "crs": "EPSG:32633"
      }
    },
    {
      "type": "Feature",
      "geometry": {
        "type": "LineString",
        "coordinates": [
          [
            398449.14136780513,
            4777638.055252419
          ],
          [
            398578.74922483996,
            4777508.462209324
          ]
        ]
      },
      "properties": {
        "feature_type": "segment",
        "segment_id": 234,
        "step": 234,
        "length_m": 183.28,
        "elevation_start": 33.89,
        "elevation_end": 28.92,
        "slope_percent": 3.64,
        "cost_usd": 73313.09,
        "cost_per_m": 400.0,
        "cumulative_cost": 20705964.46,
        "pressure_drop_pa": 74065.96,
        "cumulative_pressure_pa": 25039976.04,
        "land_cover_class": 30,
        "land_cover_name": "Grassland",
        "crs": "EPSG:32633"
      }
    },
    {
      "type": "Feature",
      "geometry": {
        "type": "LineString",
        "coordinates": [
          [
            398578.74922483996,
            4777508.462209324
          ],
          [
            398578.74922483996,
            4777378.86916623
          ]
        ]
      },
      "properties": {
        "feature_type": "segment",
        "segment_id": 235,
        "step": 235,
        "length_m": 129.59,
        "elevation_start": 28.92,
        "elevation_end": 25.76,
        "slope_percent": 3.21,
        "cost_usd": 77755.83,
        "cost_per_m": 600.0,
        "cumulative_cost": 20783720.29,
        "pressure_drop_pa": 47789.6,
        "cumulative_pressure_pa": 25087765.64,
        "land_cover_class": 40,
        "land_cover_name": "Cropland",
        "crs": "EPSG:32633"
      }
    },
    {
      "type": "Feature",
      "geometry": {
        "type": "LineString",
        "coordinates": [
          [
            398578.74922483996,
            4777378.86916623
          ],
          [
            398578.74922483996,
            4777249.276123135
          ]
        ]
      },
      "properties": {
        "feature_type": "segment",
        "segment_id": 236,
        "step": 236,
        "length_m": 129.59,
        "elevation_start": 25.76,
        "elevation_end": 20.27,
        "slope_percent": 1.63,
        "cost_usd": 51837.22,
        "cost_per_m": 400.0,
        "cumulative_cost": 20835557.51,
        "pressure_drop_pa": 30745.15,
        "cumulative_pressure_pa": 25118510.8,
        "land_cover_class": 30,
        "land_cover_name": "Grassland",
        "crs": "EPSG:32633"
      }
    },
    {
      "type": "Feature",
      "geometry": {
        "type": "LineString",
        "coordinates": [
          [
            398578.74922483996,
            4777249.276123135
          ],
          [
            398708.35708187486,
            4777119.683080041
          ]
        ]
      },
      "properties": {
        "feature_type": "segment",
        "segment_id": 237,
        "step": 237,
        "length_m": 183.28,
        "elevation_start": 20.27,
        "elevation_end": 20.74,
        "slope_percent": 2.42,
        "cost_usd": 73313.09,
        "cost_per_m": 400.0,
        "cumulative_cost": 20908870.59,
        "pressure_drop_pa": 55460.49,
        "cumulative_pressure_pa": 25173971.29,
        "land_cover_class": 30,
        "land_cover_name": "Grassland",
        "crs": "EPSG:32633"
      }
    },
    {
      "type": "Feature",
      "geometry": {
        "type": "LineString",
        "coordinates": [
          [
            398708.35708187486,
            4777119.683080041
          ],
          [
            398837.9649389097,
            4776990.090036946
          ]
        ]
      },
      "properties": {
        "feature_type": "segment",
        "segment_id": 238,
        "step": 238,
        "length_m": 183.28,
        "elevation_start": 20.74,
        "elevation_end": 29.66,
        "slope_percent": 11.41,
        "cost_usd": 102638.32,
        "cost_per_m": 560.0,
        "cumulative_cost": 21011508.91,
        "pressure_drop_pa": 191802.76,
        "cumulative_pressure_pa": 25365774.05,
        "land_cover_class": 30,
        "land_cover_name": "Grassland",
        "crs": "EPSG:32633"
      }
    },
    {
      "type": "Feature",
      "geometry": {
        "type": "LineString",
        "coordinates": [
          [
            398837.9649389097,
            4776990.090036946
          ],
          [
            398967.5727959445,
            4776860.496993852
          ]
        ]
      },
      "properties": {
        "feature_type": "segment",
        "segment_id": 239,
        "step": 239,
        "length_m": 183.28,
        "elevation_start": 29.66,
        "elevation_end": 54.6,
        "slope_percent": 14.42,
        "cost_usd": 102638.32,
        "cost_per_m": 560.0,
        "cumulative_cost": 21114147.23,
        "pressure_drop_pa": 236571.98,
        "cumulative_pressure_pa": 25602346.03,
        "land_cover_class": 30,
        "land_cover_name": "Grassland",
        "crs": "EPSG:32633"
      }
    },
    {
      "type": "Feature",
      "geometry": {
        "type": "LineString",
        "coordinates": [
          [
            398967.5727959445,
            4776860.496993852
          ],
          [
            399097.1806529794,
            4776860.496993852
          ]
        ]
      },
      "properties": {
        "feature_type": "segment",
        "segment_id": 240,
        "step": 240,
        "length_m": 129.61,
        "elevation_start": 54.6,
        "elevation_end": 64.29,
        "slope_percent": 14.34,
        "cost_usd": 85541.19,
        "cost_per_m": 660.0,
        "cumulative_cost": 21199688.42,
        "pressure_drop_pa": 166451.67,
        "cumulative_pressure_pa": 25768797.71,
        "land_cover_class": 10,
        "land_cover_name": "Tree cover",
        "crs": "EPSG:32633"
      }
    },
    {
      "type": "Feature",
      "geometry": {
        "type": "LineString",
        "coordinates": [
          [
            399097.1806529794,
            4776860.496993852
          ],
          [
            399226.78851001424,
            4776730.903950757
          ]
        ]
      },
      "properties": {
        "feature_type": "segment",
        "segment_id": 241,
        "step": 241,
        "length_m": 183.28,
        "elevation_start": 64.29,
        "elevation_end": 90.61,
        "slope_percent": 16.81,
        "cost_usd": 146626.17,
        "cost_per_m": 800.0,
        "cumulative_cost": 21346314.59,
        "pressure_drop_pa": 271905.59,
        "cumulative_pressure_pa": 26040703.3,
        "land_cover_class": 30,
        "land_cover_name": "Grassland",
        "crs": "EPSG:32633"
      }
    },
    {
      "type": "Feature",
      "geometry": {
        "type": "LineString",
        "coordinates": [
          [
            399226.78851001424,
            4776730.903950757
          ],
          [
            399356.3963670491,
            4776601.310907664
          ]
        ]
      },
      "properties": {
        "feature_type": "segment",
        "segment_id": 242,
        "step": 242,
        "length_m": 183.28,
        "elevation_start": 90.61,
        "elevation_end": 131.76,
        "slope_percent": 7.28,
        "cost_usd": 120966.59,
        "cost_per_m": 660.0,
        "cumulative_cost": 21467281.18,
        "pressure_drop_pa": 129534.0,
        "cumulative_pressure_pa": 26170237.31,
        "land_cover_class": 40,
        "land_cover_name": "Cropland",
        "crs": "EPSG:32633"
      }
    },
    {
      "type": "Feature",
      "geometry": {
        "type": "LineString",
        "coordinates": [
          [
            399356.3963670491,
            4776601.310907664
          ],
          [
            399356.3963670491,
            4776471.717864569
          ]
        ]
      },
      "properties": {
        "feature_type": "segment",
        "segment_id": 243,
        "step": 243,
        "length_m": 129.59,
        "elevation_start": 131.76,
        "elevation_end": 134.88,
        "slope_percent": 9.34,
        "cost_usd": 59612.8,
        "cost_per_m": 460.0,
        "cumulative_cost": 21526893.98,
        "pressure_drop_pa": 113583.58,
        "cumulative_pressure_pa": 26283820.89,
        "land_cover_class": 30,
        "land_cover_name": "Grassland",
        "crs": "EPSG:32633"
      }
    },
    {
      "type": "Feature",
      "geometry": {
        "type": "LineString",
        "coordinates": [
          [
            399356.3963670491,
            4776471.717864569
          ],
          [
            399486.00422408397,
            4776342.124821475
          ]
        ]
      },
      "properties": {
        "feature_type": "segment",
        "segment_id": 244,
        "step": 244,
        "length_m": 183.28,
        "elevation_start": 134.88,
        "elevation_end": 93.32,
        "slope_percent": 23.09,
        "cost_usd": 146626.17,
        "cost_per_m": 800.0,
        "cumulative_cost": 21673520.15,
        "pressure_drop_pa": 362422.26,
        "cumulative_pressure_pa": 26646243.15,
        "land_cover_class": 30,
        "land_cover_name": "Grassland",
        "crs": "EPSG:32633"
      }
    },
    {
      "type": "Feature",
      "geometry": {
        "type": "LineString",
        "coordinates": [
          [
            399486.00422408397,
            4776342.124821475
          ],
          [
            399615.6120811188,
            4776212.53177838
          ]
        ]
      },
      "properties": {
        "feature_type": "segment",
        "segment_id": 245,
        "step": 245,
        "length_m": 183.28,
        "elevation_start": 93.32,
        "elevation_end": 54.82,
        "slope_percent": 6.65,
        "cost_usd": 84310.05,
        "cost_per_m": 460.0,
        "cumulative_cost": 21757830.2,
        "pressure_drop_pa": 119982.11,
        "cumulative_pressure_pa": 26766225.26,
        "land_cover_class": 30,
        "land_cover_name": "Grassland",
        "crs": "EPSG:32633"
      }
    },
    {
      "type": "Feature",
      "geometry": {
        "type": "LineString",
        "coordinates": [
          [
            399615.6120811188,
            4776212.53177838
          ],
          [
            399615.6120811188,
            4776082.938735286
          ]
        ]
      },
      "properties": {
        "feature_type": "segment",
        "segment_id": 246,
        "step": 246,
        "length_m": 129.59,
        "elevation_start": 54.82,
        "elevation_end": 63.18,
        "slope_percent": 8.88,
        "cost_usd": 72572.1,
        "cost_per_m": 560.0,
        "cumulative_cost": 21830402.3,
        "pressure_drop_pa": 108712.94,
        "cumulative_pressure_pa": 26874938.2,
        "land_cover_class": 10,
        "land_cover_name": "Tree cover",
        "crs": "EPSG:32633"
      }
    },
    {
      "type": "Feature",
      "geometry": {
        "type": "LineString",
        "coordinates": [
          [
            399615.6120811188,
            4776082.938735286
          ],
          [
            399745.2199381537,
            4775953.345692191
          ]
        ]
      },
      "properties": {
        "feature_type": "segment",
        "segment_id": 247,
        "step": 247,
        "length_m": 183.28,
        "elevation_start": 63.18,
        "elevation_end": 100.34,
        "slope_percent": 20.61,
        "cost_usd": 153957.48,
        "cost_per_m": 840.0,
        "cumulative_cost": 21984359.78,
        "pressure_drop_pa": 327010.32,
        "cumulative_pressure_pa": 27201948.52,
        "land_cover_class": 20,
        "land_cover_name": "Shrubland",
        "crs": "EPSG:32633"
      }
    },
    {
      "type": "Feature",
      "geometry": {
        "type": "LineString",
        "coordinates": [
          [
            399745.2199381537,
            4775953.345692191
          ],
          [
            399874.8277951885,
            4775823.752649097
          ]
        ]
      },
      "properties": {
        "feature_type": "segment",
        "segment_id": 248,
        "step": 248,
        "length_m": 183.28,
        "elevation_start": 100.34,
        "elevation_end": 137.05,
        "slope_percent": 17.17,
        "cost_usd": 146626.17,
        "cost_per_m": 800.0,
        "cumulative_cost": 22130985.96,
        "pressure_drop_pa": 277175.73,
        "cumulative_pressure_pa": 27479124.25,
        "land_cover_class": 30,
        "land_cover_name": "Grassland",
        "crs": "EPSG:32633"
      }
    },
    {
      "type": "Feature",
      "geometry": {
        "type": "LineString",
        "coordinates": [
          [
            399874.8277951885,
            4775823.752649097
          ],
          [
            400004.43565222336,
            4775694.159606002
          ]
        ]
      },
      "properties": {
        "feature_type": "segment",
        "segment_id": 249,
        "step": 249,
        "length_m": 183.28,
        "elevation_start": 137.05,
        "elevation_end": 156.51,
        "slope_percent": 19.92,
        "cost_usd": 146626.17,
        "cost_per_m": 800.0,
        "cumulative_cost": 22277612.13,
        "pressure_drop_pa": 317101.67,
        "cumulative_pressure_pa": 27796225.93,
        "land_cover_class": 30,
        "land_cover_name": "Grassland",
        "crs": "EPSG:32633"
      }
    },
    {
      "type": "Feature",
      "geometry": {
        "type": "LineString",
        "coordinates": [
          [
            400004.43565222336,
            4775694.159606002
          ],
          [
            400004.43565222336,
            4775564.566562908
          ]
        ]
      },
      "properties": {
        "feature_type": "segment",
        "segment_id": 250,
        "step": 250,
        "length_m": 129.59,
        "elevation_start": 156.51,
        "elevation_end": 189.0,
        "slope_percent": 18.81,
        "cost_usd": 129593.04,
        "cost_per_m": 1000.0,
        "cumulative_cost": 22407205.17,
        "pressure_drop_pa": 212806.78,
        "cumulative_pressure_pa": 28009032.71,
        "land_cover_class": 40,
        "land_cover_name": "Cropland",
        "crs": "EPSG:32633"
      }
    },
    {
      "type": "Feature",
      "geometry": {
        "type": "LineString",
        "coordinates": [
          [
            400004.43565222336,
            4775564.566562908
          ],
          [
            400004.43565222336,
            4775434.973519813
          ]
        ]
      },
      "properties": {
        "feature_type": "segment",
        "segment_id": 251,
        "step": 251,
        "length_m": 129.59,
        "elevation_start": 189.0,
        "elevation_end": 208.42,
        "slope_percent": 7.77,
        "cost_usd": 72572.1,
        "cost_per_m": 560.0,
        "cumulative_cost": 22479777.27,
        "pressure_drop_pa": 96792.52,
        "cumulative_pressure_pa": 28105825.23,
        "land_cover_class": 10,
        "land_cover_name": "Tree cover",
        "crs": "EPSG:32633"
      }
    },
    {
      "type": "Feature",
      "geometry": {
        "type": "LineString",
        "coordinates": [
          [
            400004.43565222336,
            4775434.973519813
          ],
          [
            400004.43565222336,
            4775305.38047672
          ]
        ]
      },
      "properties": {
        "feature_type": "segment",
        "segment_id": 252,
        "step": 252,
        "length_m": 129.59,
        "elevation_start": 208.42,
        "elevation_end": 190.08,
        "slope_percent": 22.23,
        "cost_usd": 108858.16,
        "cost_per_m": 840.0,
        "cumulative_cost": 22588635.43,
        "pressure_drop_pa": 247565.39,
        "cumulative_pressure_pa": 28353390.62,
        "land_cover_class": 20,
        "land_cover_name": "Shrubland",
        "crs": "EPSG:32633"
      }
    },
    {
      "type": "Feature",
      "geometry": {
        "type": "LineString",
        "coordinates": [
          [
            400004.43565222336,
            4775305.38047672
          ],
          [
            400004.43565222336,
            4775175.787433625
          ]
        ]
      },
      "properties": {
        "feature_type": "segment",
        "segment_id": 253,
        "step": 253,
        "length_m": 129.59,
        "elevation_start": 190.08,
        "elevation_end": 166.14,
        "slope_percent": 23.12,
        "cost_usd": 108858.16,
        "cost_per_m": 840.0,
        "cumulative_cost": 22697493.59,
        "pressure_drop_pa": 256478.67,
        "cumulative_pressure_pa": 28609869.29,
        "land_cover_class": 20,
        "land_cover_name": "Shrubland",
        "crs": "EPSG:32633"
      }
    },
    {
      "type": "Feature",
      "geometry": {
        "type": "LineString",
        "coordinates": [
          [
            400004.43565222336,
            4775175.787433625
          ],
          [
            400004.43565222336,
            4775046.194390531
          ]
        ]
      },
      "properties": {
        "feature_type": "segment",
        "segment_id": 254,
        "step": 254,
        "length_m": 129.59,
        "elevation_start": 166.14,
        "elevation_end": 146.11,
        "slope_percent": 8.96,
        "cost_usd": 59612.8,
        "cost_per_m": 460.0,
        "cumulative_cost": 22757106.39,
        "pressure_drop_pa": 109533.49,
        "cumulative_pressure_pa": 28719402.78,
        "land_cover_class": 30,
        "land_cover_name": "Grassland",
        "crs": "EPSG:32633"
      }
    },
    {
      "type": "Feature",
      "geometry": {
        "type": "LineString",
        "coordinates": [
          [
            400004.43565222336,
            4775046.194390531
          ],
          [
            400004.43565222336,
            4774916.601347436
          ]
        ]
      },
      "properties": {
        "feature_type": "segment",
        "segment_id": 255,
        "step": 255,
        "length_m": 129.59,
        "elevation_start": 146.11,
        "elevation_end": 154.42,
        "slope_percent": 8.14,
        "cost_usd": 64796.52,
        "cost_per_m": 500.0,
        "cumulative_cost": 22821902.91,
        "pressure_drop_pa": 100773.33,
        "cumulative_pressure_pa": 28820176.11,
        "land_cover_class": 20,
        "land_cover_name": "Shrubland",
        "crs": "EPSG:32633"
      }
    },
    {
      "type": "Feature",
      "geometry": {
        "type": "LineString",
        "coordinates": [
          [
            400004.43565222336,
            4774916.601347436
          ],
          [
            400004.43565222336,
            4774787.008304342
          ]
        ]
      },
      "properties": {
        "feature_type": "segment",
        "segment_id": 256,
        "step": 256,
        "length_m": 129.59,
        "elevation_start": 154.42,
        "elevation_end": 169.66,
        "slope_percent": 7.79,
        "cost_usd": 85531.41,
        "cost_per_m": 660.0,
        "cumulative_cost": 22907434.32,
        "pressure_drop_pa": 96987.83,
        "cumulative_pressure_pa": 28917163.94,
        "land_cover_class": 40,
        "land_cover_name": "Cropland",
        "crs": "EPSG:32633"
      }
    },
    {
      "type": "Feature",
      "geometry": {
        "type": "LineString",
        "coordinates": [
          [
            400004.43565222336,
            4774787.008304342
          ],
          [
            400004.43565222336,
            4774657.415261247
          ]
        ]
      },
      "properties": {
        "feature_type": "segment",
        "segment_id": 257,
        "step": 257,
        "length_m": 129.59,
        "elevation_start": 169.66,
        "elevation_end": 176.3,
        "slope_percent": 5.53,
        "cost_usd": 59612.8,
        "cost_per_m": 460.0,
        "cumulative_cost": 22967047.12,
        "pressure_drop_pa": 72777.08,
        "cumulative_pressure_pa": 28989941.02,
        "land_cover_class": 30,
        "land_cover_name": "Grassland",
        "crs": "EPSG:32633"
      }
    },
    {
      "type": "Feature",
      "geometry": {
        "type": "LineString",
        "coordinates": [
          [
            400004.43565222336,
            4774657.415261247
          ],
          [
            399874.8277951885,
            4774527.822218153
          ]
        ]
      },
      "properties": {
        "feature_type": "segment",
        "segment_id": 258,
        "step": 258,
        "length_m": 183.28,
        "elevation_start": 176.3,
        "elevation_end": 180.59,
        "slope_percent": 7.59,
        "cost_usd": 84310.05,
        "cost_per_m": 460.0,
        "cumulative_cost": 23051357.17,
        "pressure_drop_pa": 134173.78,
        "cumulative_pressure_pa": 29124114.81,
        "land_cover_class": 30,
        "land_cover_name": "Grassland",
        "crs": "EPSG:32633"
      }
    },
    {
      "type": "Feature",
      "geometry": {
        "type": "LineString",
        "coordinates": [
          [
            399874.8277951885,
            4774527.822218153
          ],
          [
            399874.8277951885,
            4774398.229175058
          ]
        ]
      },
      "properties": {
        "feature_type": "segment",
        "segment_id": 259,
        "step": 259,
        "length_m": 129.59,
        "elevation_start": 180.59,
        "elevation_end": 170.83,
        "slope_percent": 13.6,
        "cost_usd": 98490.71,
        "cost_per_m": 760.0,
        "cumulative_cost": 23149847.88,
        "pressure_drop_pa": 158755.91,
        "cumulative_pressure_pa": 29282870.71,
        "land_cover_class": 40,
        "land_cover_name": "Cropland",
        "crs": "EPSG:32633"
      }
    },
    {
      "type": "Feature",
      "geometry": {
        "type": "LineString",
        "coordinates": [
          [
            399874.8277951885,
            4774398.229175058
          ],
          [
            399874.8277951885,
            4774268.636131964
          ]
        ]
      },
      "properties": {
        "feature_type": "segment",
        "segment_id": 260,
        "step": 260,
        "length_m": 129.59,
        "elevation_start": 170.83,
        "elevation_end": 162.31,
        "slope_percent": 14.15,
        "cost_usd": 98490.71,
        "cost_per_m": 760.0,
        "cumulative_cost": 23248338.59,
        "pressure_drop_pa": 164534.8,
        "cumulative_pressure_pa": 29447405.51,
        "land_cover_class": 40,
        "land_cover_name": "Cropland",
        "crs": "EPSG:32633"
      }
    },
    {
      "type": "Feature",
      "geometry": {
        "type": "LineString",
        "coordinates": [
          [
            399874.8277951885,
            4774268.636131964
          ],
          [
            399874.8277951885,
            4774139.043088869
          ]
        ]
      },
      "properties": {
        "feature_type": "segment",
        "segment_id": 261,
        "step": 261,
        "length_m": 129.59,
        "elevation_start": 162.31,
        "elevation_end": 153.44,
        "slope_percent": 7.41,
        "cost_usd": 59612.8,
        "cost_per_m": 460.0,
        "cumulative_cost": 23307951.39,
        "pressure_drop_pa": 92988.9,
        "cumulative_pressure_pa": 29540394.41,
        "land_cover_class": 30,
        "land_cover_name": "Grassland",
        "crs": "EPSG:32633"
      }
    },
    {
      "type": "Feature",
      "geometry": {
        "type": "LineString",
        "coordinates": [
          [
            399874.8277951885,
            4774139.043088869
          ],
          [
            399745.2199381537,
            4774009.450045776
          ]
        ]
      },
      "properties": {
        "feature_type": "segment",
        "segment_id": 262,
        "step": 262,
        "length_m": 183.28,
        "elevation_start": 153.44,
        "elevation_end": 158.01,
        "slope_percent": 7.01,
        "cost_usd": 84310.05,
        "cost_per_m": 460.0,
        "cumulative_cost": 23392261.44,
        "pressure_drop_pa": 125434.71,
        "cumulative_pressure_pa": 29665829.11,
        "land_cover_class": 30,
        "land_cover_name": "Grassland",
        "crs": "EPSG:32633"
      }
    },
    {
      "type": "Feature",
      "geometry": {
        "type": "LineString",
        "coordinates": [
          [
            399745.2199381537,
            4774009.450045776
          ],
          [
            399745.2199381537,
            4773879.857002681
          ]
        ]
      },
      "properties": {
        "feature_type": "segment",
        "segment_id": 263,
        "step": 263,
        "length_m": 129.59,
        "elevation_start": 158.01,
        "elevation_end": 159.14,
        "slope_percent": 11.91,
        "cost_usd": 72572.1,
        "cost_per_m": 560.0,
        "cumulative_cost": 23464833.54,
        "pressure_drop_pa": 140930.44,
        "cumulative_pressure_pa": 29806759.56,
        "land_cover_class": 30,
        "land_cover_name": "Grassland",
        "crs": "EPSG:32633"
      }
    },
    {
      "type": "Feature",
      "geometry": {
        "type": "LineString",
        "coordinates": [
          [
            399745.2199381537,
            4773879.857002681
          ],
          [
            399615.6120811188,
            4773750.263959587
          ]
        ]
      },
      "properties": {
        "feature_type": "segment",
        "segment_id": 264,
        "step": 264,
        "length_m": 183.28,
        "elevation_start": 159.14,
        "elevation_end": 172.04,
        "slope_percent": 14.49,
        "cost_usd": 102638.32,
        "cost_per_m": 560.0,
        "cumulative_cost": 23567471.86,
        "pressure_drop_pa": 237653.44,
        "cumulative_pressure_pa": 30044413.0,
        "land_cover_class": 30,
        "land_cover_name": "Grassland",
        "crs": "EPSG:32633"
      }
    },
    {
      "type": "Feature",
      "geometry": {
        "type": "LineString",
        "coordinates": [
          [
            399615.6120811188,
            4773750.263959587
          ],
          [
            399615.6120811188,
            4773620.670916492
          ]
        ]
      },
      "properties": {
        "feature_type": "segment",
        "segment_id": 265,
        "step": 265,
        "length_m": 129.59,
        "elevation_start": 172.04,
        "elevation_end": 201.41,
        "slope_percent": 18.35,
        "cost_usd": 103674.43,
        "cost_per_m": 800.0,
        "cumulative_cost": 23671146.3,
        "pressure_drop_pa": 208160.59,
        "cumulative_pressure_pa": 30252573.59,
        "land_cover_class": 30,
        "land_cover_name": "Grassland",
        "crs": "EPSG:32633"
      }
    },
    {
      "type": "Feature",
      "geometry": {
        "type": "LineString",
        "coordinates": [
          [
            399615.6120811188,
            4773620.670916492
          ],
          [
            399615.6120811188,
            4773491.077873398
          ]
        ]
      },
      "properties": {
        "feature_type": "segment",
        "segment_id": 266,
        "step": 266,
        "length_m": 129.59,
        "elevation_start": 201.41,
        "elevation_end": 222.03,
        "slope_percent": 3.52,
        "cost_usd": 64796.52,
        "cost_per_m": 500.0,
        "cumulative_cost": 23735942.82,
        "pressure_drop_pa": 51129.31,
        "cumulative_pressure_pa": 30303702.9,
        "land_cover_class": 10,
        "land_cover_name": "Tree cover",
        "crs": "EPSG:32633"
      }
    },
    {
      "type": "Feature",
      "geometry": {
        "type": "LineString",
        "coordinates": [
          [
            399615.6120811188,
            4773491.077873398
          ],
          [
            399745.2199381537,
            4773361.484830303
          ]
        ]
      },
      "properties": {
        "feature_type": "segment",
        "segment_id": 267,
        "step": 267,
        "length_m": 183.28,
        "elevation_start": 222.03,
        "elevation_end": 189.66,
        "slope_percent": 9.49,
        "cost_usd": 84310.05,
        "cost_per_m": 460.0,
        "cumulative_cost": 23820252.87,
        "pressure_drop_pa": 162850.43,
        "cumulative_pressure_pa": 30466553.32,
        "land_cover_class": 30,
        "land_cover_name": "Grassland",
        "crs": "EPSG:32633"
      }
    },
    {
      "type": "Feature",
      "geometry": {
        "type": "LineString",
        "coordinates": [
          [
            399745.2199381537,
            4773361.484830303
          ],
          [
            399745.2199381537,
            4773231.891787209
          ]
        ]
      },
      "properties": {
        "feature_type": "segment",
        "segment_id": 268,
        "step": 268,
        "length_m": 129.59,
        "elevation_start": 189.66,
        "elevation_end": 195.97,
        "slope_percent": 13.06,
        "cost_usd": 72572.1,
        "cost_per_m": 560.0,
        "cumulative_cost": 23892824.97,
        "pressure_drop_pa": 153002.77,
        "cumulative_pressure_pa": 30619556.09,
        "land_cover_class": 30,
        "land_cover_name": "Grassland",
        "crs": "EPSG:32633"
      }
    },
    {
      "type": "Feature",
      "geometry": {
        "type": "LineString",
        "coordinates": [
          [
            399745.2199381537,
            4773231.891787209
          ],
          [
            399745.2199381537,
            4773102.298744114
          ]
        ]
      },
      "properties": {
        "feature_type": "segment",
        "segment_id": 269,
        "step": 269,
        "length_m": 129.59,
        "elevation_start": 195.97,
        "elevation_end": 223.86,
        "slope_percent": 21.57,
        "cost_usd": 103674.43,
        "cost_per_m": 800.0,
        "cumulative_cost": 23996499.41,
        "pressure_drop_pa": 240944.48,
        "cumulative_pressure_pa": 30860500.58,
        "land_cover_class": 30,
        "land_cover_name": "Grassland",
        "crs": "EPSG:32633"
      }
    },
    {
      "type": "Feature",
      "geometry": {
        "type": "LineString",
        "coordinates": [
          [
            399745.2199381537,
            4773102.298744114
          ],
          [
            399874.8277951885,
            4772972.70570102
          ]
        ]
      },
      "properties": {
        "feature_type": "segment",
        "segment_id": 270,
        "step": 270,
        "length_m": 183.28,
        "elevation_start": 223.86,
        "elevation_end": 255.91,
        "slope_percent": 7.7,
        "cost_usd": 102638.32,
        "cost_per_m": 560.0,
        "cumulative_cost": 24099137.73,
        "pressure_drop_pa": 135843.96,
        "cumulative_pressure_pa": 30996344.54,
        "land_cover_class": 10,
        "land_cover_name": "Tree cover",
        "crs": "EPSG:32633"
      }
    },
    {
      "type": "Feature",
      "geometry": {
        "type": "LineString",
        "coordinates": [
          [
            399874.8277951885,
            4772972.70570102
          ],
          [
            399874.8277951885,
            4772843.112657925
          ]
        ]
      },
      "properties": {
        "feature_type": "segment",
        "segment_id": 271,
        "step": 271,
        "length_m": 129.59,
        "elevation_start": 255.91,
        "elevation_end": 249.13,
        "slope_percent": 9.47,
        "cost_usd": 59612.8,
        "cost_per_m": 460.0,
        "cumulative_cost": 24158750.53,
        "pressure_drop_pa": 115017.84,
        "cumulative_pressure_pa": 31111362.38,
        "land_cover_class": 30,
        "land_cover_name": "Grassland",
        "crs": "EPSG:32633"
      }
    },
    {
      "type": "Feature",
      "geometry": {
        "type": "LineString",
        "coordinates": [
          [
            399874.8277951885,
            4772843.112657925
          ],
          [
            400004.43565222336,
            4772713.519614832
          ]
        ]
      },
      "properties": {
        "feature_type": "segment",
        "segment_id": 272,
        "step": 272,
        "length_m": 183.28,
        "elevation_start": 249.13,
        "elevation_end": 228.08,
        "slope_percent": 12.11,
        "cost_usd": 102638.32,
        "cost_per_m": 560.0,
        "cumulative_cost": 24261388.85,
        "pressure_drop_pa": 202198.45,
        "cumulative_pressure_pa": 31313560.83,
        "land_cover_class": 30,
        "land_cover_name": "Grassland",
        "crs": "EPSG:32633"
      }
    },
    {
      "type": "Feature",
      "geometry": {
        "type": "LineString",
        "coordinates": [
          [
            400004.43565222336,
            4772713.519614832
          ],
          [
            400134.04350925825,
            4772583.926571737
          ]
        ]
      },
      "properties": {
        "feature_type": "segment",
        "segment_id": 273,
        "step": 273,
        "length_m": 183.28,
        "elevation_start": 228.08,
        "elevation_end": 225.31,
        "slope_percent": 8.65,
        "cost_usd": 84310.05,
        "cost_per_m": 460.0,
        "cumulative_cost": 24345698.9,
        "pressure_drop_pa": 150164.31,
        "cumulative_pressure_pa": 31463725.14,
        "land_cover_class": 30,
        "land_cover_name": "Grassland",
        "crs": "EPSG:32633"
      }
    },
    {
      "type": "Feature",
      "geometry": {
        "type": "LineString",
        "coordinates": [
          [
            400134.04350925825,
            4772583.926571737
          ],
          [
            400134.04350925825,
            4772454.333528643
          ]
        ]
      },
      "properties": {
        "feature_type": "segment",
        "segment_id": 274,
        "step": 274,
        "length_m": 129.59,
        "elevation_start": 225.31,
        "elevation_end": 223.83,
        "slope_percent": 13.86,
        "cost_usd": 85531.41,
        "cost_per_m": 660.0,
        "cumulative_cost": 24431230.3,
        "pressure_drop_pa": 161471.82,
        "cumulative_pressure_pa": 31625196.96,
        "land_cover_class": 10,
        "land_cover_name": "Tree cover",
        "crs": "EPSG:32633"
      }
    },
    {
      "type": "Feature",
      "geometry": {
        "type": "LineString",
        "coordinates": [
          [
            400134.04350925825,
            4772454.333528643
          ],
          [
            400263.6513662931,
            4772324.740485548
          ]
        ]
      },
      "properties": {
        "feature_type": "segment",
        "segment_id": 275,
        "step": 275,
        "length_m": 183.28,
        "elevation_start": 223.83,
        "elevation_end": 264.39,
        "slope_percent": 11.64,
        "cost_usd": 102638.32,
        "cost_per_m": 560.0,
        "cumulative_cost": 24533868.62,
        "pressure_drop_pa": 195221.97,
        "cumulative_pressure_pa": 31820418.93,
        "land_cover_class": 30,
        "land_cover_name": "Grassland",
        "crs": "EPSG:32633"
      }
    },
    {
      "type": "Feature",
      "geometry": {
        "type": "LineString",
        "coordinates": [
          [
            400263.6513662931,
            4772324.740485548
          ],
          [
            400263.6513662931,
            4772195.147442454
          ]
        ]
      },
      "properties": {
        "feature_type": "segment",
        "segment_id": 276,
        "step": 276,
        "length_m": 129.59,
        "elevation_start": 264.39,
        "elevation_end": 269.81,
        "slope_percent": 13.16,
        "cost_usd": 77755.83,
        "cost_per_m": 600.0,
        "cumulative_cost": 24611624.45,
        "pressure_drop_pa": 154066.07,
        "cumulative_pressure_pa": 31974485.0,
        "land_cover_class": 20,
        "land_cover_name": "Shrubland",
        "crs": "EPSG:32633"
      }
    },
    {
      "type": "Feature",
      "geometry": {
        "type": "LineString",
        "coordinates": [
          [
            400263.6513662931,
            4772195.147442454
          ],
          [
            400263.6513662931,
            4772065.554399359
          ]
        ]
      },
      "properties": {
        "feature_type": "segment",
        "segment_id": 277,
        "step": 277,
        "length_m": 129.59,
        "elevation_start": 269.81,
        "elevation_end": 231.3,
        "slope_percent": 26.81,
        "cost_usd": 160695.37,
        "cost_per_m": 1240.0,
        "cumulative_cost": 24772319.82,
        "pressure_drop_pa": 292959.41,
        "cumulative_pressure_pa": 32267444.41,
        "land_cover_class": 20,
        "land_cover_name": "Shrubland",
        "crs": "EPSG:32633"
      }
    },
    {
      "type": "Feature",
      "geometry": {
        "type": "LineString",
        "coordinates": [
          [
            400263.6513662931,
            4772065.554399359
          ],
          [
            400263.6513662931,
            4771935.961356265
          ]
        ]
      },
      "properties": {
        "feature_type": "segment",
        "segment_id": 278,
        "step": 278,
        "length_m": 129.59,
        "elevation_start": 231.3,
        "elevation_end": 203.76,
        "slope_percent": 24.35,
        "cost_usd": 108858.16,
        "cost_per_m": 840.0,
        "cumulative_cost": 24881177.98,
        "pressure_drop_pa": 268719.78,
        "cumulative_pressure_pa": 32536164.19,
        "land_cover_class": 20,
        "land_cover_name": "Shrubland",
        "crs": "EPSG:32633"
      }
    },
    {
      "type": "Feature",
      "geometry": {
        "type": "LineString",
        "coordinates": [
          [
            400263.6513662931,
            4771935.961356265
          ],
          [
            400393.2592233279,
            4771806.36831317
          ]
        ]
      },
      "properties": {
        "feature_type": "segment",
        "segment_id": 279,
        "step": 279,
        "length_m": 183.28,
        "elevation_start": 203.76,
        "elevation_end": 158.61,
        "slope_percent": 20.86,
        "cost_usd": 153957.48,
        "cost_per_m": 840.0,
        "cumulative_cost": 25035135.46,
        "pressure_drop_pa": 330649.38,
        "cumulative_pressure_pa": 32866813.58,
        "land_cover_class": 20,
        "land_cover_name": "Shrubland",
        "crs": "EPSG:32633"
      }
    },
    {
      "type": "Feature",
      "geometry": {
        "type": "LineString",
        "coordinates": [
          [
            400393.2592233279,
            4771806.36831317
          ],
          [
            400522.8670803628,
            4771676.775270076
          ]
        ]
      },
      "properties": {
        "feature_type": "segment",
        "segment_id": 280,
        "step": 280,
        "length_m": 183.28,
        "elevation_start": 158.61,
        "elevation_end": 142.73,
        "slope_percent": 14.57,
        "cost_usd": 102638.32,
        "cost_per_m": 560.0,
        "cumulative_cost": 25137773.78,
        "pressure_drop_pa": 238898.56,
        "cumulative_pressure_pa": 33105712.14,
        "land_cover_class": 30,
        "land_cover_name": "Grassland",
        "crs": "EPSG:32633"
      }
    },
    {
      "type": "Feature",
      "geometry": {
        "type": "LineString",
        "coordinates": [
          [
            400522.8670803628,
            4771676.775270076
          ],
          [
            400652.47493739764,
            4771676.775270076
          ]
        ]
      },
      "properties": {
        "feature_type": "segment",
        "segment_id": 281,
        "step": 281,
        "length_m": 129.61,
        "elevation_start": 142.73,
        "elevation_end": 117.61,
        "slope_percent": 14.85,
        "cost_usd": 72580.4,
        "cost_per_m": 560.0,
        "cumulative_cost": 25210354.18,
        "pressure_drop_pa": 171843.62,
        "cumulative_pressure_pa": 33277555.76,
        "land_cover_class": 30,
        "land_cover_name": "Grassland",
        "crs": "EPSG:32633"
      }
    },
    {
      "type": "Feature",
      "geometry": {
        "type": "LineString",
        "coordinates": [
          [
            400652.47493739764,
            4771676.775270076
          ],
          [
            400782.0827944325,
            4771547.182226982
          ]
        ]
      },
      "properties": {
        "feature_type": "segment",
        "segment_id": 282,
        "step": 282,
        "length_m": 183.28,
        "elevation_start": 117.61,
        "elevation_end": 106.3,
        "slope_percent": 12.71,
        "cost_usd": 102638.32,
        "cost_per_m": 560.0,
        "cumulative_cost": 25312992.5,
        "pressure_drop_pa": 211271.43,
        "cumulative_pressure_pa": 33488827.19,
        "land_cover_class": 30,
        "land_cover_name": "Grassland",
        "crs": "EPSG:32633"
      }
    },
    {
      "type": "Feature",
      "geometry": {
        "type": "LineString",
        "coordinates": [
          [
            400782.0827944325,
            4771547.182226982
          ],
          [
            400782.0827944325,
            4771417.5891838875
          ]
        ]
      },
      "properties": {
        "feature_type": "segment",
        "segment_id": 283,
        "step": 283,
        "length_m": 129.59,
        "elevation_start": 106.3,
        "elevation_end": 88.62,
        "slope_percent": 10.14,
        "cost_usd": 72572.1,
        "cost_per_m": 560.0,
        "cumulative_cost": 25385564.6,
        "pressure_drop_pa": 122125.52,
        "cumulative_pressure_pa": 33610952.71,
        "land_cover_class": 30,
        "land_cover_name": "Grassland",
        "crs": "EPSG:32633"
      }
    },
    {
      "type": "Feature",
      "geometry": {
        "type": "LineString",
        "coordinates": [
          [
            400782.0827944325,
            4771417.5891838875
          ],
          [
            400782.0827944325,
            4771287.996140793
          ]
        ]
      },
      "properties": {
        "feature_type": "segment",
        "segment_id": 284,
        "step": 284,
        "length_m": 129.59,
        "elevation_start": 88.62,
        "elevation_end": 80.66,
        "slope_percent": 8.44,
        "cost_usd": 59612.8,
        "cost_per_m": 460.0,
        "cumulative_cost": 25445177.4,
        "pressure_drop_pa": 103939.43,
        "cumulative_pressure_pa": 33714892.14,
        "land_cover_class": 30,
        "land_cover_name": "Grassland",
        "crs": "EPSG:32633"
      }
    },
    {
      "type": "Feature",
      "geometry": {
        "type": "LineString",
        "coordinates": [
          [
            400782.0827944325,
            4771287.996140793
          ],
          [
            400911.69065146736,
            4771158.403097698
          ]
        ]
      },
      "properties": {
        "feature_type": "segment",
        "segment_id": 285,
        "step": 285,
        "length_m": 183.28,
        "elevation_start": 80.66,
        "elevation_end": 70.54,
        "slope_percent": 6.62,
        "cost_usd": 91641.36,
        "cost_per_m": 500.0,
        "cumulative_cost": 25536818.76,
        "pressure_drop_pa": 119443.42,
        "cumulative_pressure_pa": 33834335.56,
        "land_cover_class": 20,
        "land_cover_name": "Shrubland",
        "crs": "EPSG:32633"
      }
    },
    {
      "type": "Feature",
      "geometry": {
        "type": "LineString",
        "coordinates": [
          [
            400911.69065146736,
            4771158.403097698
          ],
          [
            400911.69065146736,
            4771028.810054604
          ]
        ]
      },
      "properties": {
        "feature_type": "segment",
        "segment_id": 286,
        "step": 286,
        "length_m": 129.59,
        "elevation_start": 70.54,
        "elevation_end": 61.3,
        "slope_percent": 9.47,
        "cost_usd": 85531.41,
        "cost_per_m": 660.0,
        "cumulative_cost": 25622350.17,
        "pressure_drop_pa": 114933.38,
        "cumulative_pressure_pa": 33949268.94,
        "land_cover_class": 40,
        "land_cover_name": "Cropland",
        "crs": "EPSG:32633"
      }
    },
    {
      "type": "Feature",
      "geometry": {
        "type": "LineString",
        "coordinates": [
          [
            400911.69065146736,
            4771028.810054604
          ],
          [
            401041.2985085022,
            4770899.217011509
          ]
        ]
      },
      "properties": {
        "feature_type": "segment",
        "segment_id": 287,
        "step": 287,
        "length_m": 183.28,
        "elevation_start": 61.3,
        "elevation_end": 47.38,
        "slope_percent": 4.96,
        "cost_usd": 73313.09,
        "cost_per_m": 400.0,
        "cumulative_cost": 25695663.26,
        "pressure_drop_pa": 94180.47,
        "cumulative_pressure_pa": 34043449.41,
        "land_cover_class": 30,
        "land_cover_name": "Grassland",
        "crs": "EPSG:32633"
      }
    },
    {
      "type": "Feature",
      "geometry": {
        "type": "LineString",
        "coordinates": [
          [
            401041.2985085022,
            4770899.217011509
          ],
          [
            401041.2985085022,
            4770769.623968415
          ]
        ]
      },
      "properties": {
        "feature_type": "segment",
        "segment_id": 288,
        "step": 288,
        "length_m": 129.59,
        "elevation_start": 47.38,
        "elevation_end": 45.39,
        "slope_percent": 1.54,
        "cost_usd": 57020.94,
        "cost_per_m": 440.0,
        "cumulative_cost": 25752684.19,
        "pressure_drop_pa": 29782.61,
        "cumulative_pressure_pa": 34073232.02,
        "land_cover_class": 20,
        "land_cover_name": "Shrubland",
        "crs": "EPSG:32633"
      }
    },
    {
      "type": "Feature",
      "geometry": {
        "type": "LineString",
        "coordinates": [
          [
            401041.2985085022,
            4770769.623968415
          ],
          [
            401041.2985085022,
            4770640.03092532
          ]
        ]
      },
      "properties": {
        "feature_type": "segment",
        "segment_id": 289,
        "step": 289,
        "length_m": 129.59,
        "elevation_start": 45.39,
        "elevation_end": 45.45,
        "slope_percent": 0.98,
        "cost_usd": 51837.22,
        "cost_per_m": 400.0,
        "cumulative_cost": 25804521.41,
        "pressure_drop_pa": 23629.93,
        "cumulative_pressure_pa": 34096861.95,
        "land_cover_class": 30,
        "land_cover_name": "Grassland",
        "crs": "EPSG:32633"
      }
    },
    {
      "type": "Feature",
      "geometry": {
        "type": "LineString",
        "coordinates": [
          [
            401041.2985085022,
            4770640.03092532
          ],
          [
            401041.2985085022,
            4770510.437882226
          ]
        ]
      },
      "properties": {
        "feature_type": "segment",
        "segment_id": 290,
        "step": 290,
        "length_m": 129.59,
        "elevation_start": 45.45,
        "elevation_end": 45.97,
        "slope_percent": 0.78,
        "cost_usd": 51837.22,
        "cost_per_m": 400.0,
        "cumulative_cost": 25856358.63,
        "pressure_drop_pa": 21548.63,
        "cumulative_pressure_pa": 34118410.58,
        "land_cover_class": 30,
        "land_cover_name": "Grassland",
        "crs": "EPSG:32633"
      }
    },
    {
      "type": "Feature",
      "geometry": {
        "type": "LineString",
        "coordinates": [
          [
            401041.2985085022,
            4770510.437882226
          ],
          [
            401170.9063655371,
            4770380.844839131
          ]
        ]
      },
      "properties": {
        "feature_type": "segment",
        "segment_id": 291,
        "step": 291,
        "length_m": 183.28,
        "elevation_start": 45.97,
        "elevation_end": 45.41,
        "slope_percent": 1.14,
        "cost_usd": 73313.09,
        "cost_per_m": 400.0,
        "cumulative_cost": 25929671.71,
        "pressure_drop_pa": 35914.13,
        "cumulative_pressure_pa": 34154324.71,
        "land_cover_class": 60,
        "land_cover_name": "Bare/sparse vegetation",
        "crs": "EPSG:32633"
      }
    },
    {
      "type": "Feature",
      "geometry": {
        "type": "LineString",
        "coordinates": [
          [
            401170.9063655371,
            4770380.844839131
          ],
          [
            401300.5142225719,
            4770251.251796038
          ]
        ]
      },
      "properties": {
        "feature_type": "segment",
        "segment_id": 292,
        "step": 292,
        "length_m": 183.28,
        "elevation_start": 45.41,
        "elevation_end": 48.13,
        "slope_percent": 1.74,
        "cost_usd": 73313.09,
        "cost_per_m": 400.0,
        "cumulative_cost": 26002984.8,
        "pressure_drop_pa": 45080.36,
        "cumulative_pressure_pa": 34199405.07,
        "land_cover_class": 30,
        "land_cover_name": "Grassland",
        "crs": "EPSG:32633"
      }
    },
    {
      "type": "Feature",
      "geometry": {
        "type": "LineString",
        "coordinates": [
          [
            401300.5142225719,
            4770251.251796038
          ],
          [
            401430.12207960675,
            4770121.658752943
          ]
        ]
      },
      "properties": {
        "feature_type": "segment",
        "segment_id": 293,
        "step": 293,
        "length_m": 183.28,
        "elevation_start": 48.13,
        "elevation_end": 49.37,
        "slope_percent": 2.63,
        "cost_usd": 73313.09,
        "cost_per_m": 400.0,
        "cumulative_cost": 26076297.89,
        "pressure_drop_pa": 58694.3,
        "cumulative_pressure_pa": 34258099.37,
        "land_cover_class": 30,
        "land_cover_name": "Grassland",
        "crs": "EPSG:32633"
      }
    },
    {
      "type": "Feature",
      "geometry": {
        "type": "LineString",
        "coordinates": [
          [
            401430.12207960675,
            4770121.658752943
          ],
          [
            401559.72993664164,
            4769992.065709849
          ]
        ]
      },
      "properties": {
        "feature_type": "segment",
        "segment_id": 294,
        "step": 294,
        "length_m": 183.28,
        "elevation_start": 49.37,
        "elevation_end": 55.74,
        "slope_percent": 7.22,
        "cost_usd": 102638.32,
        "cost_per_m": 560.0,
        "cumulative_cost": 26178936.21,
        "pressure_drop_pa": 128540.15,
        "cumulative_pressure_pa": 34386639.53,
        "land_cover_class": 10,
        "land_cover_name": "Tree cover",
        "crs": "EPSG:32633"
      }
    },
    {
      "type": "Feature",
      "geometry": {
        "type": "LineString",
        "coordinates": [
          [
            401559.72993664164,
            4769992.065709849
          ],
          [
            401689.3377936765,
            4769862.472666754
          ]
        ]
      },
      "properties": {
        "feature_type": "segment",
        "segment_id": 295,
        "step": 295,
        "length_m": 183.28,
        "elevation_start": 55.74,
        "elevation_end": 81.62,
        "slope_percent": 21.31,
        "cost_usd": 146626.17,
        "cost_per_m": 800.0,
        "cumulative_cost": 26325562.38,
        "pressure_drop_pa": 337107.06,
        "cumulative_pressure_pa": 34723746.59,
        "land_cover_class": 30,
        "land_cover_name": "Grassland",
        "crs": "EPSG:32633"
      }
    },
    {
      "type": "Feature",
      "geometry": {
        "type": "LineString",
        "coordinates": [
          [
            401689.3377936765,
            4769862.472666754
          ],
          [
            401818.94565071136,
            4769732.87962366
          ]
        ]
      },
      "properties": {
        "feature_type": "segment",
        "segment_id": 296,
        "step": 296,
        "length_m": 183.28,
        "elevation_start": 81.62,
        "elevation_end": 124.36,
        "slope_percent": 26.75,
        "cost_usd": 227270.57,
        "cost_per_m": 1240.0,
        "cumulative_cost": 26552832.94,
        "pressure_drop_pa": 413436.48,
        "cumulative_pressure_pa": 35137183.07,
        "land_cover_class": 20,
        "land_cover_name": "Shrubland",
        "crs": "EPSG:32633"
      }
    },
    {
      "type": "Feature",
      "geometry": {
        "type": "LineString",
        "coordinates": [
          [
            401818.94565071136,
            4769732.87962366
          ],
          [
            401948.5535077462,
            4769603.286580565
          ]
        ]
      },
      "properties": {
        "feature_type": "segment",
        "segment_id": 297,
        "step": 297,
        "length_m": 183.28,
        "elevation_start": 124.36,
        "elevation_end": 182.35,
        "slope_percent": 24.35,
        "cost_usd": 146626.17,
        "cost_per_m": 800.0,
        "cumulative_cost": 26699459.12,
        "pressure_drop_pa": 380097.0,
        "cumulative_pressure_pa": 35517280.08,
        "land_cover_class": 30,
        "land_cover_name": "Grassland",
        "crs": "EPSG:32633"
      }
    },
    {
      "type": "Feature",
      "geometry": {
        "type": "LineString",
        "coordinates": [
          [
            401948.5535077462,
            4769603.286580565
          ],
          [
            402078.16136478103,
            4769603.286580565
          ]
        ]
      },
      "properties": {
        "feature_type": "segment",
        "segment_id": 298,
        "step": 298,
        "length_m": 129.61,
        "elevation_start": 182.35,
        "elevation_end": 204.34,
        "slope_percent": 10.0,
        "cost_usd": 85541.19,
        "cost_per_m": 660.0,
        "cumulative_cost": 26785000.3,
        "pressure_drop_pa": 120655.85,
        "cumulative_pressure_pa": 35637935.93,
        "land_cover_class": 10,
        "land_cover_name": "Tree cover",
        "crs": "EPSG:32633"
      }
    },
    {
      "type": "Feature",
      "geometry": {
        "type": "LineString",
        "coordinates": [
          [
            402078.16136478103,
            4769603.286580565
          ],
          [
            402207.7692218159,
            4769603.286580565
          ]
        ]
      },
      "properties": {
        "feature_type": "segment",
        "segment_id": 299,
        "step": 299,
        "length_m": 129.61,
        "elevation_start": 204.34,
        "elevation_end": 197.86,
        "slope_percent": 2.86,
        "cost_usd": 51843.14,
        "cost_per_m": 400.0,
        "cumulative_cost": 26836843.44,
        "pressure_drop_pa": 43999.75,
        "cumulative_pressure_pa": 35681935.67,
        "land_cover_class": 30,
        "land_cover_name": "Grassland",
        "crs": "EPSG:32633"
      }
    },
    {
      "type": "Feature",
      "geometry": {
        "type": "LineString",
        "coordinates": [
          [
            402207.7692218159,
            4769603.286580565
          ],
          [
            402337.37707885075,
            4769473.693537471
          ]
        ]
      },
      "properties": {
        "feature_type": "segment",
        "segment_id": 300,
        "step": 300,
        "length_m": 183.28,
        "elevation_start": 197.86,
        "elevation_end": 189.55,
        "slope_percent": 9.62,
        "cost_usd": 102638.32,
        "cost_per_m": 560.0,
        "cumulative_cost": 26939481.76,
        "pressure_drop_pa": 164920.7,
        "cumulative_pressure_pa": 35846856.37,
        "land_cover_class": 10,
        "land_cover_name": "Tree cover",
        "crs": "EPSG:32633"
      }
    },
    {
      "type": "Feature",
      "geometry": {
        "type": "LineString",
        "coordinates": [
          [
            402337.37707885075,
            4769473.693537471
          ],
          [
            402466.98493588564,
            4769344.100494376
          ]
        ]
      },
      "properties": {
        "feature_type": "segment",
        "segment_id": 301,
        "step": 301,
        "length_m": 183.28,
        "elevation_start": 189.55,
        "elevation_end": 201.75,
        "slope_percent": 4.54,
        "cost_usd": 73313.09,
        "cost_per_m": 400.0,
        "cumulative_cost": 27012794.85,
        "pressure_drop_pa": 87885.39,
        "cumulative_pressure_pa": 35934741.76,
        "land_cover_class": 30,
        "land_cover_name": "Grassland",
        "crs": "EPSG:32633"
      }
    },
    {
      "type": "Feature",
      "geometry": {
        "type": "LineString",
        "coordinates": [
          [
            402466.98493588564,
            4769344.100494376
          ],
          [
            402596.5927929205,
            4769214.507451282
          ]
        ]
      },
      "properties": {
        "feature_type": "segment",
        "segment_id": 302,
        "step": 302,
        "length_m": 183.28,
        "elevation_start": 201.75,
        "elevation_end": 204.99,
        "slope_percent": 9.94,
        "cost_usd": 84310.05,
        "cost_per_m": 460.0,
        "cumulative_cost": 27097104.9,
        "pressure_drop_pa": 169630.94,
        "cumulative_pressure_pa": 36104372.7,
        "land_cover_class": 30,
        "land_cover_name": "Grassland",
        "crs": "EPSG:32633"
      }
    },
    {
      "type": "Feature",
      "geometry": {
        "type": "LineString",
        "coordinates": [
          [
            402596.5927929205,
            4769214.507451282
          ],
          [
            402596.5927929205,
            4769084.914408187
          ]
        ]
      },
      "properties": {
        "feature_type": "segment",
        "segment_id": 303,
        "step": 303,
        "length_m": 129.59,
        "elevation_start": 204.99,
        "elevation_end": 206.9,
        "slope_percent": 18.28,
        "cost_usd": 103674.43,
        "cost_per_m": 800.0,
        "cumulative_cost": 27200779.33,
        "pressure_drop_pa": 207457.12,
        "cumulative_pressure_pa": 36311829.82,
        "land_cover_class": 30,
        "land_cover_name": "Grassland",
        "crs": "EPSG:32633"
      }
    },
    {
      "type": "Feature",
      "geometry": {
        "type": "LineString",
        "coordinates": [
          [
            402596.5927929205,
            4769084.914408187
          ],
          [
            402726.2006499553,
            4768955.321365094
          ]
        ]
      },
      "properties": {
        "feature_type": "segment",
        "segment_id": 304,
        "step": 304,
        "length_m": 183.28,
        "elevation_start": 206.9,
        "elevation_end": 151.93,
        "slope_percent": 24.43,
        "cost_usd": 146626.17,
        "cost_per_m": 800.0,
        "cumulative_cost": 27347405.5,
        "pressure_drop_pa": 381159.53,
        "cumulative_pressure_pa": 36692989.35,
        "land_cover_class": 30,
        "land_cover_name": "Grassland",
        "crs": "EPSG:32633"
      }
    },
    {
      "type": "Feature",
      "geometry": {
        "type": "LineString",
        "coordinates": [
          [
            402726.2006499553,
            4768955.321365094
          ],
          [
            402855.8085069902,
            4768825.728321999
          ]
        ]
      },
      "properties": {
        "feature_type": "segment",
        "segment_id": 305,
        "step": 305,
        "length_m": 183.28,
        "elevation_start": 151.93,
        "elevation_end": 113.67,
        "slope_percent": 3.33,
        "cost_usd": 73313.09,
        "cost_per_m": 400.0,
        "cumulative_cost": 27420718.59,
        "pressure_drop_pa": 69336.63,
        "cumulative_pressure_pa": 36762325.98,
        "land_cover_class": 30,
        "land_cover_name": "Grassland",
        "crs": "EPSG:32633"
      }
    },
    {
      "type": "Feature",
      "geometry": {
        "type": "LineString",
        "coordinates": [
          [
            402855.8085069902,
            4768825.728321999
          ],
          [
            402855.8085069902,
            4768696.135278905
          ]
        ]
      },
      "properties": {
        "feature_type": "segment",
        "segment_id": 306,
        "step": 306,
        "length_m": 129.59,
        "elevation_start": 113.67,
        "elevation_end": 140.52,
        "slope_percent": 24.54,
        "cost_usd": 129593.04,
        "cost_per_m": 1000.0,
        "cumulative_cost": 27550311.63,
        "pressure_drop_pa": 270648.38,
        "cumulative_pressure_pa": 37032974.37,
        "land_cover_class": 40,
        "land_cover_name": "Cropland",
        "crs": "EPSG:32633"
      }
    },
    {
      "type": "Feature",
      "geometry": {
        "type": "LineString",
        "coordinates": [
          [
            402855.8085069902,
            4768696.135278905
          ],
          [
            402985.41636402503,
            4768566.54223581
          ]
        ]
      },
      "properties": {
        "feature_type": "segment",
        "segment_id": 307,
        "step": 307,
        "length_m": 183.28,
        "elevation_start": 140.52,
        "elevation_end": 202.33,
        "slope_percent": 22.69,
        "cost_usd": 164954.44,
        "cost_per_m": 900.0,
        "cumulative_cost": 27715266.08,
        "pressure_drop_pa": 356675.66,
        "cumulative_pressure_pa": 37389650.03,
        "land_cover_class": 10,
        "land_cover_name": "Tree cover",
        "crs": "EPSG:32633"
      }
    },
    {
      "type": "Feature",
      "geometry": {
        "type": "LineString",
        "coordinates": [
          [
            402985.41636402503,
            4768566.54223581
          ],
          [
            403115.02422105987,
            4768436.949192716
          ]
        ]
      },
      "properties": {
        "feature_type": "segment",
        "segment_id": 308,
        "step": 308,
        "length_m": 183.28,
        "elevation_start": 202.33,
        "elevation_end": 192.01,
        "slope_percent": 8.62,
        "cost_usd": 120966.59,
        "cost_per_m": 660.0,
        "cumulative_cost": 27836232.67,
        "pressure_drop_pa": 149743.75,
        "cumulative_pressure_pa": 37539393.78,
        "land_cover_class": 40,
        "land_cover_name": "Cropland",
        "crs": "EPSG:32633"
      }
    },
    {
      "type": "Feature",
      "geometry": {
        "type": "LineString",
        "coordinates": [
          [
            403115.02422105987,
            4768436.949192716
          ],
          [
            403244.63207809476,
            4768307.356149621
          ]
        ]
      },
      "properties": {
        "feature_type": "segment",
        "segment_id": 309,
        "step": 309,
        "length_m": 183.28,
        "elevation_start": 192.01,
        "elevation_end": 199.39,
        "slope_percent": 12.31,
        "cost_usd": 139294.86,
        "cost_per_m": 760.0,
        "cumulative_cost": 27975527.53,
        "pressure_drop_pa": 205217.72,
        "cumulative_pressure_pa": 37744611.5,
        "land_cover_class": 40,
        "land_cover_name": "Cropland",
        "crs": "EPSG:32633"
      }
    },
    {
      "type": "Feature",
      "geometry": {
        "type": "LineString",
        "coordinates": [
          [
            403244.63207809476,
            4768307.356149621
          ],
          [
            403374.2399351296,
            4768177.763106527
          ]
        ]
      },
      "properties": {
        "feature_type": "segment",
        "segment_id": 310,
        "step": 310,
        "length_m": 183.28,
        "elevation_start": 199.39,
        "elevation_end": 153.62,
        "slope_percent": 10.42,
        "cost_usd": 102638.32,
        "cost_per_m": 560.0,
        "cumulative_cost": 28078165.85,
        "pressure_drop_pa": 176972.27,
        "cumulative_pressure_pa": 37921583.77,
        "land_cover_class": 30,
        "land_cover_name": "Grassland",
        "crs": "EPSG:32633"
      }
    },
    {
      "type": "Feature",
      "geometry": {
        "type": "LineString",
        "coordinates": [
          [
            403374.2399351296,
            4768177.763106527
          ],
          [
            403503.8477921645,
            4768048.170063432
          ]
        ]
      },
      "properties": {
        "feature_type": "segment",
        "segment_id": 311,
        "step": 311,
        "length_m": 183.28,
        "elevation_start": 153.62,
        "elevation_end": 183.74,
        "slope_percent": 11.97,
        "cost_usd": 109969.63,
        "cost_per_m": 600.0,
        "cumulative_cost": 28188135.48,
        "pressure_drop_pa": 200116.59,
        "cumulative_pressure_pa": 38121700.36,
        "land_cover_class": 20,
        "land_cover_name": "Shrubland",
        "crs": "EPSG:32633"
      }
    },
    {
      "type": "Feature",
      "geometry": {
        "type": "LineString",
        "coordinates": [
          [
            403503.8477921645,
            4768048.170063432
          ],
          [
            403633.4556491993,
            4767918.577020338
          ]
        ]
      },
      "properties": {
        "feature_type": "segment",
        "segment_id": 312,
        "step": 312,
        "length_m": 183.28,
        "elevation_start": 183.74,
        "elevation_end": 156.73,
        "slope_percent": 5.09,
        "cost_usd": 84310.05,
        "cost_per_m": 460.0,
        "cumulative_cost": 28272445.53,
        "pressure_drop_pa": 96245.16,
        "cumulative_pressure_pa": 38217945.52,
        "land_cover_class": 30,
        "land_cover_name": "Grassland",
        "crs": "EPSG:32633"
      }
    },
    {
      "type": "Feature",
      "geometry": {
        "type": "LineString",
        "coordinates": [
          [
            403633.4556491993,
            4767918.577020338
          ],
          [
            403763.06350623415,
            4767788.983977243
          ]
        ]
      },
      "properties": {
        "feature_type": "segment",
        "segment_id": 313,
        "step": 313,
        "length_m": 183.28,
        "elevation_start": 156.73,
        "elevation_end": 187.91,
        "slope_percent": 9.52,
        "cost_usd": 84310.05,
        "cost_per_m": 460.0,
        "cumulative_cost": 28356755.58,
        "pressure_drop_pa": 163298.33,
        "cumulative_pressure_pa": 38381243.85,
        "land_cover_class": 30,
        "land_cover_name": "Grassland",
        "crs": "EPSG:32633"
      }
    },
    {
      "type": "Feature",
      "geometry": {
        "type": "LineString",
        "coordinates": [
          [
            403763.06350623415,
            4767788.983977243
          ],
          [
            403892.67136326904,
            4767659.39093415
          ]
        ]
      },
      "properties": {
        "feature_type": "segment",
        "segment_id": 314,
        "step": 314,
        "length_m": 183.28,
        "elevation_start": 187.91,
        "elevation_end": 179.32,
        "slope_percent": 10.7,
        "cost_usd": 139294.86,
        "cost_per_m": 760.0,
        "cumulative_cost": 28496050.44,
        "pressure_drop_pa": 181094.11,
        "cumulative_pressure_pa": 38562337.96,
        "land_cover_class": 40,
        "land_cover_name": "Cropland",
        "crs": "EPSG:32633"
      }
    },
    {
      "type": "Feature",
      "geometry": {
        "type": "LineString",
        "coordinates": [
          [
            403892.67136326904,
            4767659.39093415
          ],
          [
            404022.27922030387,
            4767529.797891055
          ]
        ]
      },
      "properties": {
        "feature_type": "segment",
        "segment_id": 315,
        "step": 315,
        "length_m": 183.28,
        "elevation_start": 179.32,
        "elevation_end": 151.45,
        "slope_percent": 7.92,
        "cost_usd": 120966.59,
        "cost_per_m": 660.0,
        "cumulative_cost": 28617017.03,
        "pressure_drop_pa": 139233.16,
        "cumulative_pressure_pa": 38701571.12,
        "land_cover_class": 40,
        "land_cover_name": "Cropland",
        "crs": "EPSG:32633"
      }
    },
    {
      "type": "Feature",
      "geometry": {
        "type": "LineString",
        "coordinates": [
          [
            404022.27922030387,
            4767529.797891055
          ],
          [
            404151.8870773387,
            4767400.204847961
          ]
        ]
      },
      "properties": {
        "feature_type": "segment",
        "segment_id": 316,
        "step": 316,
        "length_m": 183.28,
        "elevation_start": 151.45,
        "elevation_end": 161.02,
        "slope_percent": 14.2,
        "cost_usd": 109969.63,
        "cost_per_m": 600.0,
        "cumulative_cost": 28726986.66,
        "pressure_drop_pa": 233331.66,
        "cumulative_pressure_pa": 38934902.78,
        "land_cover_class": 20,
        "land_cover_name": "Shrubland",
        "crs": "EPSG:32633"
      }
    },
    {
      "type": "Feature",
      "geometry": {
        "type": "LineString",
        "coordinates": [
          [
            404151.8870773387,
            4767400.204847961
          ],
          [
            404281.4949343736,
            4767270.611804866
          ]
        ]
      },
      "properties": {
        "feature_type": "segment",
        "segment_id": 317,
        "step": 317,
        "length_m": 183.28,
        "elevation_start": 161.02,
        "elevation_end": 169.85,
        "slope_percent": 4.65,
        "cost_usd": 80644.39,
        "cost_per_m": 440.0,
        "cumulative_cost": 28807631.05,
        "pressure_drop_pa": 89499.01,
        "cumulative_pressure_pa": 39024401.79,
        "land_cover_class": 20,
        "land_cover_name": "Shrubland",
        "crs": "EPSG:32633"
      }
    },
    {
      "type": "Feature",
      "geometry": {
        "type": "LineString",
        "coordinates": [
          [
            404281.4949343736,
            4767270.611804866
          ],
          [
            404281.4949343736,
            4767141.018761772
          ]
        ]
      },
      "properties": {
        "feature_type": "segment",
        "segment_id": 318,
        "step": 318,
        "length_m": 129.59,
        "elevation_start": 169.85,
        "elevation_end": 158.37,
        "slope_percent": 13.18,
        "cost_usd": 72572.1,
        "cost_per_m": 560.0,
        "cumulative_cost": 28880203.16,
        "pressure_drop_pa": 154281.27,
        "cumulative_pressure_pa": 39178683.06,
        "land_cover_class": 30,
        "land_cover_name": "Grassland",
        "crs": "EPSG:32633"
      }
    },
    {
      "type": "Feature",
      "geometry": {
        "type": "LineString",
        "coordinates": [
          [
            404281.4949343736,
            4767141.018761772
          ],
          [
            404411.1027914084,
            4767011.425718677
          ]
        ]
      },
      "properties": {
        "feature_type": "segment",
        "segment_id": 319,
        "step": 319,
        "length_m": 183.28,
        "elevation_start": 158.37,
        "elevation_end": 139.41,
        "slope_percent": 11.7,
        "cost_usd": 102638.32,
        "cost_per_m": 560.0,
        "cumulative_cost": 28982841.48,
        "pressure_drop_pa": 196103.72,
        "cumulative_pressure_pa": 39374786.78,
        "land_cover_class": 30,
        "land_cover_name": "Grassland",
        "crs": "EPSG:32633"
      }
    },
    {
      "type": "Feature",
      "geometry": {
        "type": "LineString",
        "coordinates": [
          [
            404411.1027914084,
            4767011.425718677
          ],
          [
            404540.7106484433,
            4766881.832675583
          ]
        ]
      },
      "properties": {
        "feature_type": "segment",
        "segment_id": 320,
        "step": 320,
        "length_m": 183.28,
        "elevation_start": 139.41,
        "elevation_end": 141.91,
        "slope_percent": 8.33,
        "cost_usd": 91641.36,
        "cost_per_m": 500.0,
        "cumulative_cost": 29074482.84,
        "pressure_drop_pa": 145327.45,
        "cumulative_pressure_pa": 39520114.23,
        "land_cover_class": 20,
        "land_cover_name": "Shrubland",
        "crs": "EPSG:32633"
      }
    },
    {
      "type": "Feature",
      "geometry": {
        "type": "LineString",
        "coordinates": [
          [
            404540.7106484433,
            4766881.832675583
          ],
          [
            404540.7106484433,
            4766752.239632488
          ]
        ]
      },
      "properties": {
        "feature_type": "segment",
        "segment_id": 321,
        "step": 321,
        "length_m": 129.59,
        "elevation_start": 141.91,
        "elevation_end": 103.61,
        "slope_percent": 23.39,
        "cost_usd": 108858.16,
        "cost_per_m": 840.0,
        "cumulative_cost": 29183340.99,
        "pressure_drop_pa": 259205.54,
        "cumulative_pressure_pa": 39779319.77,
        "land_cover_class": 20,
        "land_cover_name": "Shrubland",
        "crs": "EPSG:32633"
      }
    },
    {
      "type": "Feature",
      "geometry": {
        "type": "LineString",
        "coordinates": [
          [
            404540.7106484433,
            4766752.239632488
          ],
          [
            404670.31850547815,
            4766622.646589394
          ]
        ]
      },
      "properties": {
        "feature_type": "segment",
        "segment_id": 322,
        "step": 322,
        "length_m": 183.28,
        "elevation_start": 103.61,
        "elevation_end": 71.58,
        "slope_percent": 21.67,
        "cost_usd": 146626.17,
        "cost_per_m": 800.0,
        "cumulative_cost": 29329967.16,
        "pressure_drop_pa": 342203.81,
        "cumulative_pressure_pa": 40121523.58,
        "land_cover_class": 30,
        "land_cover_name": "Grassland",
        "crs": "EPSG:32633"
      }
    },
    {
      "type": "Feature",
      "geometry": {
        "type": "LineString",
        "coordinates": [
          [
            404670.31850547815,
            4766622.646589394
          ],
          [
            404670.31850547815,
            4766493.0535463
          ]
        ]
      },
      "properties": {
        "feature_type": "segment",
        "segment_id": 323,
        "step": 323,
        "length_m": 129.59,
        "elevation_start": 71.58,
        "elevation_end": 51.74,
        "slope_percent": 12.65,
        "cost_usd": 77755.83,
        "cost_per_m": 600.0,
        "cumulative_cost": 29407722.99,
        "pressure_drop_pa": 148741.99,
        "cumulative_pressure_pa": 40270265.57,
        "land_cover_class": 20,
        "land_cover_name": "Shrubland",
        "crs": "EPSG:32633"
      }
    },
    {
      "type": "Feature",
      "geometry": {
        "type": "LineString",
        "coordinates": [
          [
            404670.31850547815,
            4766493.0535463
          ],
          [
            404799.926362513,
            4766363.460503206
          ]
        ]
      },
      "properties": {
        "feature_type": "segment",
        "segment_id": 324,
        "step": 324,
        "length_m": 183.28,
        "elevation_start": 51.74,
        "elevation_end": 40.66,
        "slope_percent": 5.38,
        "cost_usd": 84310.05,
        "cost_per_m": 460.0,
        "cumulative_cost": 29492033.04,
        "pressure_drop_pa": 100659.75,
        "cumulative_pressure_pa": 40370925.32,
        "land_cover_class": 30,
        "land_cover_name": "Grassland",
        "crs": "EPSG:32633"
      }
    },
    {
      "type": "Feature",
      "geometry": {
        "type": "LineString",
        "coordinates": [
          [
            404799.926362513,
            4766363.460503206
          ],
          [
            404799.926362513,
            4766233.867460111
          ]
        ]
      },
      "properties": {
        "feature_type": "segment",
        "segment_id": 325,
        "step": 325,
        "length_m": 129.59,
        "elevation_start": 40.66,
        "elevation_end": 39.64,
        "slope_percent": 6.43,
        "cost_usd": 72572.1,
        "cost_per_m": 560.0,
        "cumulative_cost": 29564605.14,
        "pressure_drop_pa": 82411.8,
        "cumulative_pressure_pa": 40453337.12,
        "land_cover_class": 10,
        "land_cover_name": "Tree cover",
        "crs": "EPSG:32633"
      }
    },
    {
      "type": "Feature",
      "geometry": {
        "type": "LineString",
        "coordinates": [
          [
            404799.926362513,
            4766233.867460111
          ],
          [
            404799.926362513,
            4766104.274417017
          ]
        ]
      },
      "properties": {
        "feature_type": "segment",
        "segment_id": 326,
        "step": 326,
        "length_m": 129.59,
        "elevation_start": 39.64,
        "elevation_end": 31.79,
        "slope_percent": 9.95,
        "cost_usd": 85531.41,
        "cost_per_m": 660.0,
        "cumulative_cost": 29650136.55,
        "pressure_drop_pa": 120039.68,
        "cumulative_pressure_pa": 40573376.8,
        "land_cover_class": 40,
        "land_cover_name": "Cropland",
        "crs": "EPSG:32633"
      }
    },
    {
      "type": "Feature",
      "geometry": {
        "type": "LineString",
        "coordinates": [
          [
            404799.926362513,
            4766104.274417017
          ],
          [
            404799.926362513,
            4765974.681373922
          ]
        ]
      },
      "properties": {
        "feature_type": "segment",
        "segment_id": 327,
        "step": 327,
        "length_m": 129.59,
        "elevation_start": 31.79,
        "elevation_end": 19.28,
        "slope_percent": 5.2,
        "cost_usd": 72572.1,
        "cost_per_m": 560.0,
        "cumulative_cost": 29722708.66,
        "pressure_drop_pa": 69241.33,
        "cumulative_pressure_pa": 40642618.13,
        "land_cover_class": 10,
        "land_cover_name": "Tree cover",
        "crs": "EPSG:32633"
      }
    },
    {
      "type": "Feature",
      "geometry": {
        "type": "LineString",
        "coordinates": [
          [
            404799.926362513,
            4765974.681373922
          ],
          [
            404929.5342195479,
            4765845.088330828
          ]
        ]
      },
      "properties": {
        "feature_type": "segment",
        "segment_id": 328,
        "step": 328,
        "length_m": 183.28,
        "elevation_start": 19.28,
        "elevation_end": 18.91,
        "slope_percent": 0.78,
        "cost_usd": 80644.39,
        "cost_per_m": 440.0,
        "cumulative_cost": 29803353.05,
        "pressure_drop_pa": 30414.47,
        "cumulative_pressure_pa": 40673032.6,
        "land_cover_class": 20,
        "land_cover_name": "Shrubland",
        "crs": "EPSG:32633"
      }
    },
    {
      "type": "Feature",
      "geometry": {
        "type": "LineString",
        "coordinates": [
          [
            404929.5342195479,
            4765845.088330828
          ],
          [
            404929.5342195479,
            4765715.495287733
          ]
        ]
      },
      "properties": {
        "feature_type": "segment",
        "segment_id": 329,
        "step": 329,
        "length_m": 129.59,
        "elevation_start": 18.91,
        "elevation_end": 18.39,
        "slope_percent": 1.21,
        "cost_usd": 64796.52,
        "cost_per_m": 500.0,
        "cumulative_cost": 29868149.57,
        "pressure_drop_pa": 26215.58,
        "cumulative_pressure_pa": 40699248.17,
        "land_cover_class": 10,
        "land_cover_name": "Tree cover",
        "crs": "EPSG:32633"
      }
    },
    {
      "type": "Feature",
      "geometry": {
        "type": "LineString",
        "coordinates": [
          [
            404929.5342195479,
            4765715.495287733
          ],
          [
            404929.5342195479,
            4765585.902244639
          ]
        ]
      },
      "properties": {
        "feature_type": "segment",
        "segment_id": 330,
        "step": 330,
        "length_m": 129.59,
        "elevation_start": 18.39,
        "elevation_end": 20.11,
        "slope_percent": 3.99,
        "cost_usd": 51837.22,
        "cost_per_m": 400.0,
        "cumulative_cost": 29919986.79,
        "pressure_drop_pa": 56139.71,
        "cumulative_pressure_pa": 40755387.89,
        "land_cover_class": 30,
        "land_cover_name": "Grassland",
        "crs": "EPSG:32633"
      }
    },
    {
      "type": "Feature",
      "geometry": {
        "type": "LineString",
        "coordinates": [
          [
            404929.5342195479,
            4765585.902244639
          ],
          [
            404929.5342195479,
            4765456.309201544
          ]
        ]
      },
      "properties": {
        "feature_type": "segment",
        "segment_id": 331,
        "step": 331,
        "length_m": 129.59,
        "elevation_start": 20.11,
        "elevation_end": 28.02,
        "slope_percent": 7.78,
        "cost_usd": 72572.1,
        "cost_per_m": 560.0,
        "cumulative_cost": 29992558.89,
        "pressure_drop_pa": 96902.15,
        "cumulative_pressure_pa": 40852290.04,
        "land_cover_class": 10,
        "land_cover_name": "Tree cover",
        "crs": "EPSG:32633"
      }
    },
    {
      "type": "Feature",
      "geometry": {
        "type": "LineString",
        "coordinates": [
          [
            404929.5342195479,
            4765456.309201544
          ],
          [
            405059.1420765827,
            4765326.71615845
          ]
        ]
      },
      "properties": {
        "feature_type": "segment",
        "segment_id": 332,
        "step": 332,
        "length_m": 183.28,
        "elevation_start": 28.02,
        "elevation_end": 31.07,
        "slope_percent": 8.74,
        "cost_usd": 102638.32,
        "cost_per_m": 560.0,
        "cumulative_cost": 30095197.21,
        "pressure_drop_pa": 151575.56,
        "cumulative_pressure_pa": 41003865.6,
        "land_cover_class": 10,
        "land_cover_name": "Tree cover",
        "crs": "EPSG:32633"
      }
    },
    {
      "type": "Feature",
      "geometry": {
        "type": "LineString",
        "coordinates": [
          [
            405059.1420765827,
            4765326.71615845
          ],
          [
            405059.1420765827,
            4765197.123115356
          ]
        ]
      },
      "properties": {
        "feature_type": "segment",
        "segment_id": 333,
        "step": 333,
        "length_m": 129.59,
        "elevation_start": 31.07,
        "elevation_end": 45.8,
        "slope_percent": 14.22,
        "cost_usd": 85531.41,
        "cost_per_m": 660.0,
        "cumulative_cost": 30180728.62,
        "pressure_drop_pa": 165244.3,
        "cumulative_pressure_pa": 41169109.9,
        "land_cover_class": 10,
        "land_cover_name": "Tree cover",
        "crs": "EPSG:32633"
      }
    },
    {
      "type": "Feature",
      "geometry": {
        "type": "LineString",
        "coordinates": [
          [
            405059.1420765827,
            4765197.123115356
          ],
          [
            405188.74993361754,
            4765067.530072262
          ]
        ]
      },
      "properties": {
        "feature_type": "segment",
        "segment_id": 334,
        "step": 334,
        "length_m": 183.28,
        "elevation_start": 45.8,
        "elevation_end": 89.24,
        "slope_percent": 23.49,
        "cost_usd": 153957.48,
        "cost_per_m": 840.0,
        "cumulative_cost": 30334686.1,
        "pressure_drop_pa": 367962.39,
        "cumulative_pressure_pa": 41537072.29,
        "land_cover_class": 20,
        "land_cover_name": "Shrubland",
        "crs": "EPSG:32633"
      }
    },
    {
      "type": "Feature",
      "geometry": {
        "type": "LineString",
        "coordinates": [
          [
            405188.74993361754,
            4765067.530072262
          ],
          [
            405188.74993361754,
            4764937.937029167
          ]
        ]
      },
      "properties": {
        "feature_type": "segment",
        "segment_id": 335,
        "step": 335,
        "length_m": 129.59,
        "elevation_start": 89.24,
        "elevation_end": 94.35,
        "slope_percent": 21.6,
        "cost_usd": 116633.74,
        "cost_per_m": 900.0,
        "cumulative_cost": 30451319.84,
        "pressure_drop_pa": 241246.73,
        "cumulative_pressure_pa": 41778319.02,
        "land_cover_class": 10,
        "land_cover_name": "Tree cover",
        "crs": "EPSG:32633"
      }
    },
    {
      "type": "Feature",
      "geometry": {
        "type": "LineString",
        "coordinates": [
          [
            405188.74993361754,
            4764937.937029167
          ],
          [
            405318.35779065243,
            4764808.343986073
          ]
        ]
      },
      "properties": {
        "feature_type": "segment",
        "segment_id": 336,
        "step": 336,
        "length_m": 183.28,
        "elevation_start": 94.35,
        "elevation_end": 141.29,
        "slope_percent": 2.4,
        "cost_usd": 91641.36,
        "cost_per_m": 500.0,
        "cumulative_cost": 30542961.2,
        "pressure_drop_pa": 55151.46,
        "cumulative_pressure_pa": 41833470.48,
        "land_cover_class": 10,
        "land_cover_name": "Tree cover",
        "crs": "EPSG:32633"
      }
    },
    {
      "type": "Feature",
      "geometry": {
        "type": "LineString",
        "coordinates": [
          [
            405318.35779065243,
            4764808.343986073
          ],
          [
            405318.35779065243,
            4764678.750942978
          ]
        ]
      },
      "properties": {
        "feature_type": "segment",
        "segment_id": 337,
        "step": 337,
        "length_m": 129.59,
        "elevation_start": 141.29,
        "elevation_end": 125.27,
        "slope_percent": 6.44,
        "cost_usd": 59612.8,
        "cost_per_m": 460.0,
        "cumulative_cost": 30602574.0,
        "pressure_drop_pa": 82495.31,
        "cumulative_pressure_pa": 41915965.79,
        "land_cover_class": 30,
        "land_cover_name": "Grassland",
        "crs": "EPSG:32633"
      }
    },
    {
      "type": "Feature",
      "geometry": {
        "type": "LineString",
        "coordinates": [
          [
            405318.35779065243,
            4764678.750942978
          ],
          [
            405318.35779065243,
            4764549.157899884
          ]
        ]
      },
      "properties": {
        "feature_type": "segment",
        "segment_id": 338,
        "step": 338,
        "length_m": 129.59,
        "elevation_start": 125.27,
        "elevation_end": 126.52,
        "slope_percent": 9.55,
        "cost_usd": 59612.8,
        "cost_per_m": 460.0,
        "cumulative_cost": 30662186.8,
        "pressure_drop_pa": 115873.64,
        "cumulative_pressure_pa": 42031839.43,
        "land_cover_class": 30,
        "land_cover_name": "Grassland",
        "crs": "EPSG:32633"
      }
    },
    {
      "type": "Feature",
      "geometry": {
        "type": "LineString",
        "coordinates": [
          [
            405318.35779065243,
            4764549.157899884
          ],
          [
            405318.35779065243,
            4764419.564856789
          ]
        ]
      },
      "properties": {
        "feature_type": "segment",
        "segment_id": 339,
        "step": 339,
        "length_m": 129.59,
        "elevation_start": 126.52,
        "elevation_end": 150.97,
        "slope_percent": 4.8,
        "cost_usd": 77755.83,
        "cost_per_m": 600.0,
        "cumulative_cost": 30739942.62,
        "pressure_drop_pa": 64939.47,
        "cumulative_pressure_pa": 42096778.91,
        "land_cover_class": 40,
        "land_cover_name": "Cropland",
        "crs": "EPSG:32633"
      }
    },
    {
      "type": "Feature",
      "geometry": {
        "type": "LineString",
        "coordinates": [
          [
            405318.35779065243,
            4764419.564856789
          ],
          [
            405447.96564768726,
            4764289.971813695
          ]
        ]
      },
      "properties": {
        "feature_type": "segment",
        "segment_id": 340,
        "step": 340,
        "length_m": 183.28,
        "elevation_start": 150.97,
        "elevation_end": 128.36,
        "slope_percent": 10.37,
        "cost_usd": 102638.32,
        "cost_per_m": 560.0,
        "cumulative_cost": 30842580.94,
        "pressure_drop_pa": 176160.52,
        "cumulative_pressure_pa": 42272939.43,
        "land_cover_class": 30,
        "land_cover_name": "Grassland",
        "crs": "EPSG:32633"
      }
    },
    {
      "type": "Feature",
      "geometry": {
        "type": "LineString",
        "coordinates": [
          [
            405447.96564768726,
            4764289.971813695
          ],
          [
            405447.96564768726,
            4764160.3787706
          ]
        ]
      },
      "properties": {
        "feature_type": "segment",
        "segment_id": 341,
        "step": 341,
        "length_m": 129.59,
        "elevation_start": 128.36,
        "elevation_end": 129.73,
        "slope_percent": 12.03,
        "cost_usd": 85531.41,
        "cost_per_m": 660.0,
        "cumulative_cost": 30928112.35,
        "pressure_drop_pa": 142188.7,
        "cumulative_pressure_pa": 42415128.13,
        "land_cover_class": 10,
        "land_cover_name": "Tree cover",
        "crs": "EPSG:32633"
      }
    },
    {
      "type": "Feature",
      "geometry": {
        "type": "LineString",
        "coordinates": [
          [
            405447.96564768726,
            4764160.3787706
          ],
          [
            405447.96564768726,
            4764030.785727506
          ]
        ]
      },
      "properties": {
        "feature_type": "segment",
        "segment_id": 342,
        "step": 342,
        "length_m": 129.59,
        "elevation_start": 129.73,
        "elevation_end": 145.97,
        "slope_percent": 6.13,
        "cost_usd": 59612.8,
        "cost_per_m": 460.0,
        "cumulative_cost": 30987725.15,
        "pressure_drop_pa": 79265.2,
        "cumulative_pressure_pa": 42494393.32,
        "land_cover_class": 30,
        "land_cover_name": "Grassland",
        "crs": "EPSG:32633"
      }
    },
    {
      "type": "Feature",
      "geometry": {
        "type": "LineString",
        "coordinates": [
          [
            405447.96564768726,
            4764030.785727506
          ],
          [
            405447.96564768726,
            4763901.192684412
          ]
        ]
      },
      "properties": {
        "feature_type": "segment",
        "segment_id": 343,
        "step": 343,
        "length_m": 129.59,
        "elevation_start": 145.97,
        "elevation_end": 127.13,
        "slope_percent": 15.75,
        "cost_usd": 108858.16,
        "cost_per_m": 840.0,
        "cumulative_cost": 31096583.31,
        "pressure_drop_pa": 181258.8,
        "cumulative_pressure_pa": 42675652.12,
        "land_cover_class": 20,
        "land_cover_name": "Shrubland",
        "crs": "EPSG:32633"
      }
    },
    {
      "type": "Feature",
      "geometry": {
        "type": "LineString",
        "coordinates": [
          [
            405447.96564768726,
            4763901.192684412
          ],
          [
            405447.96564768726,
            4763771.5996413175
          ]
        ]
      },
      "properties": {
        "feature_type": "segment",
        "segment_id": 344,
        "step": 344,
        "length_m": 129.59,
        "elevation_start": 127.13,
        "elevation_end": 112.95,
        "slope_percent": 18.83,
        "cost_usd": 108858.16,
        "cost_per_m": 840.0,
        "cumulative_cost": 31205441.46,
        "pressure_drop_pa": 213026.78,
        "cumulative_pressure_pa": 42888678.9,
        "land_cover_class": 20,
        "land_cover_name": "Shrubland",
        "crs": "EPSG:32633"
      }
    },
    {
      "type": "Feature",
      "geometry": {
        "type": "LineString",
        "coordinates": [
          [
            405447.96564768726,
            4763771.5996413175
          ],
          [
            405447.96564768726,
            4763642.006598223
          ]
        ]
      },
      "properties": {
        "feature_type": "segment",
        "segment_id": 345,
        "step": 345,
        "length_m": 129.59,
        "elevation_start": 112.95,
        "elevation_end": 80.92,
        "slope_percent": 19.16,
        "cost_usd": 108858.16,
        "cost_per_m": 840.0,
        "cumulative_cost": 31314299.62,
        "pressure_drop_pa": 216398.5,
        "cumulative_pressure_pa": 43105077.41,
        "land_cover_class": 20,
        "land_cover_name": "Shrubland",
        "crs": "EPSG:32633"
      }
    },
    {
      "type": "Feature",
      "geometry": {
        "type": "LineString",
        "coordinates": [
          [
            405447.96564768726,
            4763642.006598223
          ],
          [
            405577.57350472215,
            4763512.4135551285
          ]
        ]
      },
      "properties": {
        "feature_type": "segment",
        "segment_id": 346,
        "step": 346,
        "length_m": 183.28,
        "elevation_start": 80.92,
        "elevation_end": 50.07,
        "slope_percent": 6.75,
        "cost_usd": 84310.05,
        "cost_per_m": 460.0,
        "cumulative_cost": 31398609.67,
        "pressure_drop_pa": 121454.94,
        "cumulative_pressure_pa": 43226532.34,
        "land_cover_class": 30,
        "land_cover_name": "Grassland",
        "crs": "EPSG:32633"
      }
    },
    {
      "type": "Feature",
      "geometry": {
        "type": "LineString",
        "coordinates": [
          [
            405577.57350472215,
            4763512.4135551285
          ],
          [
            405577.57350472215,
            4763382.820512034
          ]
        ]
      },
      "properties": {
        "feature_type": "segment",
        "segment_id": 347,
        "step": 347,
        "length_m": 129.59,
        "elevation_start": 50.07,
        "elevation_end": 52.09,
        "slope_percent": 6.12,
        "cost_usd": 64796.52,
        "cost_per_m": 500.0,
        "cumulative_cost": 31463406.19,
        "pressure_drop_pa": 79103.47,
        "cumulative_pressure_pa": 43305635.81,
        "land_cover_class": 20,
        "land_cover_name": "Shrubland",
        "crs": "EPSG:32633"
      }
    },
    {
      "type": "Feature",
      "geometry": {
        "type": "LineString",
        "coordinates": [
          [
            405577.57350472215,
            4763382.820512034
          ],
          [
            405577.57350472215,
            4763253.2274689395
          ]
        ]
      },
      "properties": {
        "feature_type": "segment",
        "segment_id": 348,
        "step": 348,
        "length_m": 129.59,
        "elevation_start": 52.09,
        "elevation_end": 56.02,
        "slope_percent": 7.23,
        "cost_usd": 64796.52,
        "cost_per_m": 500.0,
        "cumulative_cost": 31528202.71,
        "pressure_drop_pa": 91037.59,
        "cumulative_pressure_pa": 43396673.4,
        "land_cover_class": 20,
        "land_cover_name": "Shrubland",
        "crs": "EPSG:32633"
      }
    },
    {
      "type": "Feature",
      "geometry": {
        "type": "LineString",
        "coordinates": [
          [
            405577.57350472215,
            4763253.2274689395
          ],
          [
            405577.57350472215,
            4763123.634425845
          ]
        ]
      },
      "properties": {
        "feature_type": "segment",
        "segment_id": 349,
        "step": 349,
        "length_m": 129.59,
        "elevation_start": 56.02,
        "elevation_end": 65.46,
        "slope_percent": 6.56,
        "cost_usd": 59612.8,
        "cost_per_m": 460.0,
        "cumulative_cost": 31587815.51,
        "pressure_drop_pa": 83883.49,
        "cumulative_pressure_pa": 43480556.89,
        "land_cover_class": 30,
        "land_cover_name": "Grassland",
        "crs": "EPSG:32633"
      }
    },
    {
      "type": "Feature",
      "geometry": {
        "type": "LineString",
        "coordinates": [
          [
            405577.57350472215,
            4763123.634425845
          ],
          [
            405577.57350472215,
            4762994.0413827505
          ]
        ]
      },
      "properties": {
        "feature_type": "segment",
        "segment_id": 350,
        "step": 350,
        "length_m": 129.59,
        "elevation_start": 65.46,
        "elevation_end": 77.42,
        "slope_percent": 12.24,
        "cost_usd": 85531.41,
        "cost_per_m": 660.0,
        "cumulative_cost": 31673346.92,
        "pressure_drop_pa": 144352.6,
        "cumulative_pressure_pa": 43624909.49,
        "land_cover_class": 10,
        "land_cover_name": "Tree cover",
        "crs": "EPSG:32633"
      }
    },
    {
      "type": "Feature",
      "geometry": {
        "type": "LineString",
        "coordinates": [
          [
            405577.57350472215,
            4762994.0413827505
          ],
          [
            405707.181361757,
            4762864.448339656
          ]
        ]
      },
      "properties": {
        "feature_type": "segment",
        "segment_id": 351,
        "step": 351,
        "length_m": 183.28,
        "elevation_start": 77.42,
        "elevation_end": 114.27,
        "slope_percent": 21.7,
        "cost_usd": 146626.17,
        "cost_per_m": 800.0,
        "cumulative_cost": 31819973.09,
        "pressure_drop_pa": 342557.41,
        "cumulative_pressure_pa": 43967466.9,
        "land_cover_class": 30,
        "land_cover_name": "Grassland",
        "crs": "EPSG:32633"
      }
    },
    {
      "type": "Feature",
      "geometry": {
        "type": "LineString",
        "coordinates": [
          [
            405707.181361757,
            4762864.448339656
          ],
          [
            405836.7892187918,
            4762734.8552965615
          ]
        ]
      },
      "properties": {
        "feature_type": "segment",
        "segment_id": 352,
        "step": 352,
        "length_m": 183.28,
        "elevation_start": 114.27,
        "elevation_end": 144.31,
        "slope_percent": 6.26,
        "cost_usd": 84310.05,
        "cost_per_m": 460.0,
        "cumulative_cost": 31904283.14,
        "pressure_drop_pa": 113943.43,
        "cumulative_pressure_pa": 44081410.33,
        "land_cover_class": 30,
        "land_cover_name": "Grassland",
        "crs": "EPSG:32633"
      }
    },
    {
      "type": "Feature",
      "geometry": {
        "type": "LineString",
        "coordinates": [
          [
            405836.7892187918,
            4762734.8552965615
          ],
          [
            405836.7892187918,
            4762605.262253468
          ]
        ]
      },
      "properties": {
        "feature_type": "segment",
        "segment_id": 353,
        "step": 353,
        "length_m": 129.59,
        "elevation_start": 144.31,
        "elevation_end": 147.72,
        "slope_percent": 3.32,
        "cost_usd": 51837.22,
        "cost_per_m": 400.0,
        "cumulative_cost": 31956120.36,
        "pressure_drop_pa": 48949.95,
        "cumulative_pressure_pa": 44130360.28,
        "land_cover_class": 30,
        "land_cover_name": "Grassland",
        "crs": "EPSG:32633"
      }
    },
    {
      "type": "Feature",
      "geometry": {
        "type": "LineString",
        "coordinates": [
          [
            405836.7892187918,
            4762605.262253468
          ],
          [
            405707.181361757,
            4762475.669210373
          ]
        ]
      },
      "properties": {
        "feature_type": "segment",
        "segment_id": 354,
        "step": 354,
        "length_m": 183.28,
        "elevation_start": 147.72,
        "elevation_end": 148.37,
        "slope_percent": 2.19,
        "cost_usd": 73313.09,
        "cost_per_m": 400.0,
        "cumulative_cost": 32029433.44,
        "pressure_drop_pa": 51979.96,
        "cumulative_pressure_pa": 44182340.25,
        "land_cover_class": 30,
        "land_cover_name": "Grassland",
        "crs": "EPSG:32633"
      }
    },
    {
      "type": "Feature",
      "geometry": {
        "type": "LineString",
        "coordinates": [
          [
            405707.181361757,
            4762475.669210373
          ],
          [
            405707.181361757,
            4762346.076167279
          ]
        ]
      },
      "properties": {
        "feature_type": "segment",
        "segment_id": 355,
        "step": 355,
        "length_m": 129.59,
        "elevation_start": 148.37,
        "elevation_end": 153.09,
        "slope_percent": 9.17,
        "cost_usd": 59612.8,
        "cost_per_m": 460.0,
        "cumulative_cost": 32089046.24,
        "pressure_drop_pa": 111784.06,
        "cumulative_pressure_pa": 44294124.31,
        "land_cover_class": 30,
        "land_cover_name": "Grassland",
        "crs": "EPSG:32633"
      }
    },
    {
      "type": "Feature",
      "geometry": {
        "type": "LineString",
        "coordinates": [
          [
            405707.181361757,
            4762346.076167279
          ],
          [
            405707.181361757,
            4762216.483124184
          ]
        ]
      },
      "properties": {
        "feature_type": "segment",
        "segment_id": 356,
        "step": 356,
        "length_m": 129.59,
        "elevation_start": 153.09,
        "elevation_end": 147.53,
        "slope_percent": 16.56,
        "cost_usd": 108858.16,
        "cost_per_m": 840.0,
        "cumulative_cost": 32197904.4,
        "pressure_drop_pa": 189652.6,
        "cumulative_pressure_pa": 44483776.91,
        "land_cover_class": 20,
        "land_cover_name": "Shrubland",
        "crs": "EPSG:32633"
      }
    },
    {
      "type": "Feature",
      "geometry": {
        "type": "LineString",
        "coordinates": [
          [
            405707.181361757,
            4762216.483124184
          ],
          [
            405707.181361757,
            4762086.89008109
          ]
        ]
      },
      "properties": {
        "feature_type": "segment",
        "segment_id": 357,
        "step": 357,
        "length_m": 129.59,
        "elevation_start": 147.53,
        "elevation_end": 124.02,
        "slope_percent": 24.97,
        "cost_usd": 103674.43,
        "cost_per_m": 800.0,
        "cumulative_cost": 32301578.83,
        "pressure_drop_pa": 274922.86,
        "cumulative_pressure_pa": 44758699.77,
        "land_cover_class": 30,
        "land_cover_name": "Grassland",
        "crs": "EPSG:32633"
      }
    },
    {
      "type": "Feature",
      "geometry": {
        "type": "LineString",
        "coordinates": [
          [
            405707.181361757,
            4762086.89008109
          ],
          [
            405707.181361757,
            4761957.297037995
          ]
        ]
      },
      "properties": {
        "feature_type": "segment",
        "segment_id": 358,
        "step": 358,
        "length_m": 129.59,
        "elevation_start": 124.02,
        "elevation_end": 91.95,
        "slope_percent": 12.01,
        "cost_usd": 72572.1,
        "cost_per_m": 560.0,
        "cumulative_cost": 32374150.94,
        "pressure_drop_pa": 141981.33,
        "cumulative_pressure_pa": 44900681.1,
        "land_cover_class": 30,
        "land_cover_name": "Grassland",
        "crs": "EPSG:32633"
      }
    },
    {
      "type": "Feature",
      "geometry": {
        "type": "LineString",
        "coordinates": [
          [
            405707.181361757,
            4761957.297037995
          ],
          [
            405707.181361757,
            4761827.703994901
          ]
        ]
      },
      "properties": {
        "feature_type": "segment",
        "segment_id": 359,
        "step": 359,
        "length_m": 129.59,
        "elevation_start": 91.95,
        "elevation_end": 113.28,
        "slope_percent": 12.24,
        "cost_usd": 85531.41,
        "cost_per_m": 660.0,
        "cumulative_cost": 32459682.35,
        "pressure_drop_pa": 144347.88,
        "cumulative_pressure_pa": 45045028.98,
        "land_cover_class": 10,
        "land_cover_name": "Tree cover",
        "crs": "EPSG:32633"
      }
    },
    {
      "type": "Feature",
      "geometry": {
        "type": "LineString",
        "coordinates": [
          [
            405707.181361757,
            4761827.703994901
          ],
          [
            405707.181361757,
            4761698.110951806
          ]
        ]
      },
      "properties": {
        "feature_type": "segment",
        "segment_id": 360,
        "step": 360,
        "length_m": 129.59,
        "elevation_start": 113.28,
        "elevation_end": 119.66,
        "slope_percent": 11.11,
        "cost_usd": 85531.41,
        "cost_per_m": 660.0,
        "cumulative_cost": 32545213.75,
        "pressure_drop_pa": 132438.68,
        "cumulative_pressure_pa": 45177467.66,
        "land_cover_class": 10,
        "land_cover_name": "Tree cover",
        "crs": "EPSG:32633"
      }
    },
    {
      "type": "Feature",
      "geometry": {
        "type": "LineString",
        "coordinates": [
          [
            405707.181361757,
            4761698.110951806
          ],
          [
            405707.181361757,
            4761568.517908712
          ]
        ]
      },
      "properties": {
        "feature_type": "segment",
        "segment_id": 361,
        "step": 361,
        "length_m": 129.59,
        "elevation_start": 119.66,
        "elevation_end": 149.81,
        "slope_percent": 10.53,
        "cost_usd": 72572.1,
        "cost_per_m": 560.0,
        "cumulative_cost": 32617785.86,
        "pressure_drop_pa": 126281.95,
        "cumulative_pressure_pa": 45303749.61,
        "land_cover_class": 30,
        "land_cover_name": "Grassland",
        "crs": "EPSG:32633"
      }
    },
    {
      "type": "Feature",
      "geometry": {
        "type": "LineString",
        "coordinates": [
          [
            405707.181361757,
            4761568.517908712
          ],
          [
            405707.181361757,
            4761438.924865618
          ]
        ]
      },
      "properties": {
        "feature_type": "segment",
        "segment_id": 362,
        "step": 362,
        "length_m": 129.59,
        "elevation_start": 149.81,
        "elevation_end": 156.72,
        "slope_percent": 7.3,
        "cost_usd": 59612.8,
        "cost_per_m": 460.0,
        "cumulative_cost": 32677398.66,
        "pressure_drop_pa": 91785.41,
        "cumulative_pressure_pa": 45395535.02,
        "land_cover_class": 30,
        "land_cover_name": "Grassland",
        "crs": "EPSG:32633"
      }
    },
    {
      "type": "Feature",
      "geometry": {
        "type": "LineString",
        "coordinates": [
          [
            405707.181361757,
            4761438.924865618
          ],
          [
            405707.181361757,
            4761309.331822524
          ]
        ]
      },
      "properties": {
        "feature_type": "segment",
        "segment_id": 363,
        "step": 363,
        "length_m": 129.59,
        "elevation_start": 156.72,
        "elevation_end": 166.29,
        "slope_percent": 7.02,
        "cost_usd": 59612.8,
        "cost_per_m": 460.0,
        "cumulative_cost": 32737011.46,
        "pressure_drop_pa": 88811.47,
        "cumulative_pressure_pa": 45484346.49,
        "land_cover_class": 30,
        "land_cover_name": "Grassland",
        "crs": "EPSG:32633"
      }
    },
    {
      "type": "Feature",
      "geometry": {
        "type": "LineString",
        "coordinates": [
          [
            405707.181361757,
            4761309.331822524
          ],
          [
            405836.7892187918,
            4761179.738779429
          ]
        ]
      },
      "properties": {
        "feature_type": "segment",
        "segment_id": 364,
        "step": 364,
        "length_m": 183.28,
        "elevation_start": 166.29,
        "elevation_end": 123.48,
        "slope_percent": 7.81,
        "cost_usd": 91641.36,
        "cost_per_m": 500.0,
        "cumulative_cost": 32828652.82,
        "pressure_drop_pa": 137563.78,
        "cumulative_pressure_pa": 45621910.27,
        "land_cover_class": 20,
        "land_cover_name": "Shrubland",
        "crs": "EPSG:32633"
      }
    },
    {
      "type": "Feature",
      "geometry": {
        "type": "LineString",
        "coordinates": [
          [
            405836.7892187918,
            4761179.738779429
          ],
          [
            405836.7892187918,
            4761050.145736335
          ]
        ]
      },
      "properties": {
        "feature_type": "segment",
        "segment_id": 365,
        "step": 365,
        "length_m": 129.59,
        "elevation_start": 123.48,
        "elevation_end": 140.81,
        "slope_percent": 13.54,
        "cost_usd": 85531.41,
        "cost_per_m": 660.0,
        "cumulative_cost": 32914184.22,
        "pressure_drop_pa": 158068.32,
        "cumulative_pressure_pa": 45779978.59,
        "land_cover_class": 10,
        "land_cover_name": "Tree cover",
        "crs": "EPSG:32633"
      }
    },
    {
      "type": "Feature",
      "geometry": {
        "type": "LineString",
        "coordinates": [
          [
            405836.7892187918,
            4761050.145736335
          ],
          [
            405966.3970758267,
            4760920.55269324
          ]
        ]
      },
      "properties": {
        "feature_type": "segment",
        "segment_id": 366,
        "step": 366,
        "length_m": 183.28,
        "elevation_start": 140.81,
        "elevation_end": 171.95,
        "slope_percent": 8.83,
        "cost_usd": 91641.36,
        "cost_per_m": 500.0,
        "cumulative_cost": 33005825.58,
        "pressure_drop_pa": 152938.41,
        "cumulative_pressure_pa": 45932917.0,
        "land_cover_class": 20,
        "land_cover_name": "Shrubland",
        "crs": "EPSG:32633"
      }
    },
    {
      "type": "Feature",
      "geometry": {
        "type": "LineString",
        "coordinates": [
          [
            405966.3970758267,
            4760920.55269324
          ],
          [
            405966.3970758267,
            4760790.959650146
          ]
        ]
      },
      "properties": {
        "feature_type": "segment",
        "segment_id": 367,
        "step": 367,
        "length_m": 129.59,
        "elevation_start": 171.95,
        "elevation_end": 170.63,
        "slope_percent": 4.11,
        "cost_usd": 77755.83,
        "cost_per_m": 600.0,
        "cumulative_cost": 33083581.41,
        "pressure_drop_pa": 57490.14,
        "cumulative_pressure_pa": 45990407.14,
        "land_cover_class": 40,
        "land_cover_name": "Cropland",
        "crs": "EPSG:32633"
      }
    },
    {
      "type": "Feature",
      "geometry": {
        "type": "LineString",
        "coordinates": [
          [
            405966.3970758267,
            4760790.959650146
          ],
          [
            405966.3970758267,
            4760661.366607051
          ]
        ]
      },
      "properties": {
        "feature_type": "segment",
        "segment_id": 368,
        "step": 368,
        "length_m": 129.59,
        "elevation_start": 170.63,
        "elevation_end": 177.59,
        "slope_percent": 4.12,
        "cost_usd": 57020.94,
        "cost_per_m": 440.0,
        "cumulative_cost": 33140602.35,
        "pressure_drop_pa": 57556.61,
        "cumulative_pressure_pa": 46047963.75,
        "land_cover_class": 20,
        "land_cover_name": "Shrubland",
        "crs": "EPSG:32633"
      }
    },
    {
      "type": "Feature",
      "geometry": {
        "type": "LineString",
        "coordinates": [
          [
            405966.3970758267,
            4760661.366607051
          ],
          [
            405966.3970758267,
            4760531.773563957
          ]
        ]
      },
      "properties": {
        "feature_type": "segment",
        "segment_id": 369,
        "step": 369,
        "length_m": 129.59,
        "elevation_start": 177.59,
        "elevation_end": 177.62,
        "slope_percent": 6.86,
        "cost_usd": 59612.8,
        "cost_per_m": 460.0,
        "cumulative_cost": 33200215.15,
        "pressure_drop_pa": 86997.07,
        "cumulative_pressure_pa": 46134960.81,
        "land_cover_class": 30,
        "land_cover_name": "Grassland",
        "crs": "EPSG:32633"
      }
    },
    {
      "type": "Feature",
      "geometry": {
        "type": "LineString",
        "coordinates": [
          [
            405966.3970758267,
            4760531.773563957
          ],
          [
            405966.3970758267,
            4760402.180520862
          ]
        ]
      },
      "properties": {
        "feature_type": "segment",
        "segment_id": 370,
        "step": 370,
        "length_m": 129.59,
        "elevation_start": 177.62,
        "elevation_end": 157.39,
        "slope_percent": 16.99,
        "cost_usd": 108858.16,
        "cost_per_m": 840.0,
        "cumulative_cost": 33309073.3,
        "pressure_drop_pa": 194089.02,
        "cumulative_pressure_pa": 46329049.84,
        "land_cover_class": 20,
        "land_cover_name": "Shrubland",
        "crs": "EPSG:32633"
      }
    },
    {
      "type": "Feature",
      "geometry": {
        "type": "LineString",
        "coordinates": [
          [
            405966.3970758267,
            4760402.180520862
          ],
          [
            405966.3970758267,
            4760272.587477768
          ]
        ]
      },
      "properties": {
        "feature_type": "segment",
        "segment_id": 371,
        "step": 371,
        "length_m": 129.59,
        "elevation_start": 157.39,
        "elevation_end": 129.39,
        "slope_percent": 20.29,
        "cost_usd": 108858.16,
        "cost_per_m": 840.0,
        "cumulative_cost": 33417931.46,
        "pressure_drop_pa": 227978.54,
        "cumulative_pressure_pa": 46557028.38,
        "land_cover_class": 20,
        "land_cover_name": "Shrubland",
        "crs": "EPSG:32633"
      }
    },
    {
      "type": "Feature",
      "geometry": {
        "type": "LineString",
        "coordinates": [
          [
            405966.3970758267,
            4760272.587477768
          ],
          [
            406096.00493286154,
            4760142.994434674
          ]
        ]
      },
      "properties": {
        "feature_type": "segment",
        "segment_id": 372,
        "step": 372,
        "length_m": 183.28,
        "elevation_start": 129.39,
        "elevation_end": 100.65,
        "slope_percent": 17.68,
        "cost_usd": 146626.17,
        "cost_per_m": 800.0,
        "cumulative_cost": 33564557.63,
        "pressure_drop_pa": 284527.99,
        "cumulative_pressure_pa": 46841556.37,
        "land_cover_class": 30,
        "land_cover_name": "Grassland",
        "crs": "EPSG:32633"
      }
    },
    {
      "type": "Feature",
      "geometry": {
        "type": "LineString",
        "coordinates": [
          [
            406096.00493286154,
            4760142.994434674
          ],
          [
            406096.00493286154,
            4760013.40139158
          ]
        ]
      },
      "properties": {
        "feature_type": "segment",
        "segment_id": 373,
        "step": 373,
        "length_m": 129.59,
        "elevation_start": 100.65,
        "elevation_end": 76.82,
        "slope_percent": 14.02,
        "cost_usd": 85531.41,
        "cost_per_m": 660.0,
        "cumulative_cost": 33650089.04,
        "pressure_drop_pa": 163094.37,
        "cumulative_pressure_pa": 47004650.73,
        "land_cover_class": 10,
        "land_cover_name": "Tree cover",
        "crs": "EPSG:32633"
      }
    },
    {
      "type": "Feature",
      "geometry": {
        "type": "LineString",
        "coordinates": [
          [
            406096.00493286154,
            4760013.40139158
          ],
          [
            406096.00493286154,
            4759883.808348485
          ]
        ]
      },
      "properties": {
        "feature_type": "segment",
        "segment_id": 374,
        "step": 374,
        "length_m": 129.59,
        "elevation_start": 76.82,
        "elevation_end": 64.53,
        "slope_percent": 10.18,
        "cost_usd": 72572.1,
        "cost_per_m": 560.0,
        "cumulative_cost": 33722661.14,
        "pressure_drop_pa": 122533.29,
        "cumulative_pressure_pa": 47127184.03,
        "land_cover_class": 30,
        "land_cover_name": "Grassland",
        "crs": "EPSG:32633"
      }
    },
    {
      "type": "Feature",
      "geometry": {
        "type": "LineString",
        "coordinates": [
          [
            406096.00493286154,
            4759883.808348485
          ],
          [
            406096.00493286154,
            4759754.215305391
          ]
        ]
      },
      "properties": {
        "feature_type": "segment",
        "segment_id": 375,
        "step": 375,
        "length_m": 129.59,
        "elevation_start": 64.53,
        "elevation_end": 54.15,
        "slope_percent": 9.24,
        "cost_usd": 72572.1,
        "cost_per_m": 560.0,
        "cumulative_cost": 33795233.25,
        "pressure_drop_pa": 112560.26,
        "cumulative_pressure_pa": 47239744.29,
        "land_cover_class": 10,
        "land_cover_name": "Tree cover",
        "crs": "EPSG:32633"
      }
    },
    {
      "type": "Feature",
      "geometry": {
        "type": "LineString",
        "coordinates": [
          [
            406096.00493286154,
            4759754.215305391
          ],
          [
            406096.00493286154,
            4759624.622262296
          ]
        ]
      },
      "properties": {
        "feature_type": "segment",
        "segment_id": 376,
        "step": 376,
        "length_m": 129.59,
        "elevation_start": 54.15,
        "elevation_end": 42.18,
        "slope_percent": 8.54,
        "cost_usd": 54429.08,
        "cost_per_m": 420.0,
        "cumulative_cost": 33849662.32,
        "pressure_drop_pa": 105071.23,
        "cumulative_pressure_pa": 47344815.52,
        "land_cover_class": 50,
        "land_cover_name": "Built-up",
        "crs": "EPSG:32633"
      }
    },
    {
      "type": "Feature",
      "geometry": {
        "type": "LineString",
        "coordinates": [
          [
            406096.00493286154,
            4759624.622262296
          ],
          [
            406096.00493286154,
            4759495.029219202
          ]
        ]
      },
      "properties": {
        "feature_type": "segment",
        "segment_id": 377,
        "step": 377,
        "length_m": 129.59,
        "elevation_start": 42.18,
        "elevation_end": 35.16,
        "slope_percent": 5.76,
        "cost_usd": 72572.1,
        "cost_per_m": 560.0,
        "cumulative_cost": 33922234.43,
        "pressure_drop_pa": 75269.53,
        "cumulative_pressure_pa": 47420085.05,
        "land_cover_class": 10,
        "land_cover_name": "Tree cover",
        "crs": "EPSG:32633"
      }
    },
    {
      "type": "Feature",
      "geometry": {
        "type": "LineString",
        "coordinates": [
          [
            406096.00493286154,
            4759495.029219202
          ],
          [
            406096.00493286154,
            4759365.436176107
          ]
        ]
      },
      "properties": {
        "feature_type": "segment",
        "segment_id": 378,
        "step": 378,
        "length_m": 129.59,
        "elevation_start": 35.16,
        "elevation_end": 27.94,
        "slope_percent": 5.03,
        "cost_usd": 54429.08,
        "cost_per_m": 420.0,
        "cumulative_cost": 33976663.51,
        "pressure_drop_pa": 67427.9,
        "cumulative_pressure_pa": 47487512.96,
        "land_cover_class": 50,
        "land_cover_name": "Built-up",
        "crs": "EPSG:32633"
      }
    },
    {
      "type": "Feature",
      "geometry": {
        "type": "LineString",
        "coordinates": [
          [
            406096.00493286154,
            4759365.436176107
          ],
          [
            406096.00493286154,
            4759235.843133013
          ]
        ]
      },
      "properties": {
        "feature_type": "segment",
        "segment_id": 379,
        "step": 379,
        "length_m": 129.59,
        "elevation_start": 27.94,
        "elevation_end": 21.39,
        "slope_percent": 3.64,
        "cost_usd": 64796.52,
        "cost_per_m": 500.0,
        "cumulative_cost": 34041460.03,
        "pressure_drop_pa": 52437.49,
        "cumulative_pressure_pa": 47539950.44,
        "land_cover_class": 10,
        "land_cover_name": "Tree cover",
        "crs": "EPSG:32633"
      }
    },
    {
      "type": "Feature",
      "geometry": {
        "type": "LineString",
        "coordinates": [
          [
            406096.00493286154,
            4759235.843133013
          ],
          [
            406096.00493286154,
            4759106.250089918
          ]
        ]
      },
      "properties": {
        "feature_type": "segment",
        "segment_id": 380,
        "step": 380,
        "length_m": 129.59,
        "elevation_start": 21.39,
        "elevation_end": 19.41,
        "slope_percent": 1.05,
        "cost_usd": 51837.22,
        "cost_per_m": 400.0,
        "cumulative_cost": 34093297.25,
        "pressure_drop_pa": 24466.0,
        "cumulative_pressure_pa": 47564416.44,
        "land_cover_class": 30,
        "land_cover_name": "Grassland",
        "crs": "EPSG:32633"
      }
    },
    {
      "type": "Feature",
      "geometry": {
        "type": "LineString",
        "coordinates": [
          [
            406096.00493286154,
            4759106.250089918
          ],
          [
            406096.00493286154,
            4758976.657046824
          ]
        ]
      },
      "properties": {
        "feature_type": "segment",
        "segment_id": 381,
        "step": 381,
        "length_m": 129.59,
        "elevation_start": 19.41,
        "elevation_end": 23.11,
        "slope_percent": 9.88,
        "cost_usd": 59612.8,
        "cost_per_m": 460.0,
        "cumulative_cost": 34152910.05,
        "pressure_drop_pa": 119297.31,
        "cumulative_pressure_pa": 47683713.75,
        "land_cover_class": 30,
        "land_cover_name": "Grassland",
        "crs": "EPSG:32633"
      }
    },
    {
      "type": "Feature",
      "geometry": {
        "type": "LineString",
        "coordinates": [
          [
            406096.00493286154,
            4758976.657046824
          ],
          [
            406096.00493286154,
            4758847.06400373
          ]
        ]
      },
      "properties": {
        "feature_type": "segment",
        "segment_id": 382,
        "step": 382,
        "length_m": 129.59,
        "elevation_start": 23.11,
        "elevation_end": 45.67,
        "slope_percent": 19.77,
        "cost_usd": 103674.43,
        "cost_per_m": 800.0,
        "cumulative_cost": 34256584.48,
        "pressure_drop_pa": 222679.18,
        "cumulative_pressure_pa": 47906392.92,
        "land_cover_class": 30,
        "land_cover_name": "Grassland",
        "crs": "EPSG:32633"
      }
    },
    {
      "type": "Feature",
      "geometry": {
        "type": "LineString",
        "coordinates": [
          [
            406096.00493286154,
            4758847.06400373
          ],
          [
            406096.00493286154,
            4758717.470960636
          ]
        ]
      },
      "properties": {
        "feature_type": "segment",
        "segment_id": 383,
        "step": 383,
        "length_m": 129.59,
        "elevation_start": 45.67,
        "elevation_end": 74.67,
        "slope_percent": 25.74,
        "cost_usd": 155511.65,
        "cost_per_m": 1200.0,
        "cumulative_cost": 34412096.13,
        "pressure_drop_pa": 282443.21,
        "cumulative_pressure_pa": 48188836.13,
        "land_cover_class": 60,
        "land_cover_name": "Bare/sparse vegetation",
        "crs": "EPSG:32633"
      }
    },
    {
      "type": "Feature",
      "geometry": {
        "type": "LineString",
        "coordinates": [
          [
            406096.00493286154,
            4758717.470960636
          ],
          [
            406096.00493286154,
            4758587.877917541
          ]
        ]
      },
      "properties": {
        "feature_type": "segment",
        "segment_id": 384,
        "step": 384,
        "length_m": 129.59,
        "elevation_start": 74.67,
        "elevation_end": 109.15,
        "slope_percent": 28.45,
        "cost_usd": 155511.65,
        "cost_per_m": 1200.0,
        "cumulative_cost": 34567607.78,
        "pressure_drop_pa": 308801.36,
        "cumulative_pressure_pa": 48497637.5,
        "land_cover_class": 30,
        "land_cover_name": "Grassland",
        "crs": "EPSG:32633"
      }
    },
    {
      "type": "Feature",
      "geometry": {
        "type": "LineString",
        "coordinates": [
          [
            406096.00493286154,
            4758587.877917541
          ],
          [
            406096.00493286154,
            4758458.284874447
          ]
        ]
      },
      "properties": {
        "feature_type": "segment",
        "segment_id": 385,
        "step": 385,
        "length_m": 129.59,
        "elevation_start": 109.15,
        "elevation_end": 141.52,
        "slope_percent": 28.51,
        "cost_usd": 168470.96,
        "cost_per_m": 1300.0,
        "cumulative_cost": 34736078.74,
        "pressure_drop_pa": 309344.37,
        "cumulative_pressure_pa": 48806981.87,
        "land_cover_class": 10,
        "land_cover_name": "Tree cover",
        "crs": "EPSG:32633"
      }
    },
    {
      "type": "Feature",
      "geometry": {
        "type": "LineString",
        "coordinates": [
          [
            406096.00493286154,
            4758458.284874447
          ],
          [
            406225.61278989643,
            4758328.691831352
          ]
        ]
      },
      "properties": {
        "feature_type": "segment",
        "segment_id": 386,
        "step": 386,
        "length_m": 183.28,
        "elevation_start": 141.52,
        "elevation_end": 186.16,
        "slope_percent": 10.95,
        "cost_usd": 102638.32,
        "cost_per_m": 560.0,
        "cumulative_cost": 34838717.06,
        "pressure_drop_pa": 184890.43,
        "cumulative_pressure_pa": 48991872.3,
        "land_cover_class": 30,
        "land_cover_name": "Grassland",
        "crs": "EPSG:32633"
      }
    },
    {
      "type": "Feature",
      "geometry": {
        "type": "LineString",
        "coordinates": [
          [
            406225.61278989643,
            4758328.691831352
          ],
          [
            406355.22064693127,
            4758199.098788258
          ]
        ]
      },
      "properties": {
        "feature_type": "segment",
        "segment_id": 387,
        "step": 387,
        "length_m": 183.28,
        "elevation_start": 186.16,
        "elevation_end": 155.23,
        "slope_percent": 6.79,
        "cost_usd": 84310.05,
        "cost_per_m": 460.0,
        "cumulative_cost": 34923027.11,
        "pressure_drop_pa": 121999.72,
        "cumulative_pressure_pa": 49113872.02,
        "land_cover_class": 30,
        "land_cover_name": "Grassland",
        "crs": "EPSG:32633"
      }
    },
    {
      "type": "Feature",
      "geometry": {
        "type": "LineString",
        "coordinates": [
          [
            406355.22064693127,
            4758199.098788258
          ],
          [
            406355.22064693127,
            4758069.505745163
          ]
        ]
      },
      "properties": {
        "feature_type": "segment",
        "segment_id": 388,
        "step": 388,
        "length_m": 129.59,
        "elevation_start": 155.23,
        "elevation_end": 167.45,
        "slope_percent": 3.42,
        "cost_usd": 51837.22,
        "cost_per_m": 400.0,
        "cumulative_cost": 34974864.33,
        "pressure_drop_pa": 49979.57,
        "cumulative_pressure_pa": 49163851.59,
        "land_cover_class": 30,
        "land_cover_name": "Grassland",
        "crs": "EPSG:32633"
      }
    },
    {
      "type": "Feature",
      "geometry": {
        "type": "LineString",
        "coordinates": [
          [
            406355.22064693127,
            4758069.505745163
          ],
          [
            406355.22064693127,
            4757939.912702069
          ]
        ]
      },
      "properties": {
        "feature_type": "segment",
        "segment_id": 389,
        "step": 389,
        "length_m": 129.59,
        "elevation_start": 167.45,
        "elevation_end": 152.95,
        "slope_percent": 15.66,
        "cost_usd": 129593.04,
        "cost_per_m": 1000.0,
        "cumulative_cost": 35104457.37,
        "pressure_drop_pa": 180320.04,
        "cumulative_pressure_pa": 49344171.63,
        "land_cover_class": 40,
        "land_cover_name": "Cropland",
        "crs": "EPSG:32633"
      }
    },
    {
      "type": "Feature",
      "geometry": {
        "type": "LineString",
        "coordinates": [
          [
            406355.22064693127,
            4757939.912702069
          ],
          [
            406355.22064693127,
            4757810.319658974
          ]
        ]
      },
      "properties": {
        "feature_type": "segment",
        "segment_id": 390,
        "step": 390,
        "length_m": 129.59,
        "elevation_start": 152.95,
        "elevation_end": 126.07,
        "slope_percent": 12.11,
        "cost_usd": 85531.41,
        "cost_per_m": 660.0,
        "cumulative_cost": 35189988.78,
        "pressure_drop_pa": 143054.62,
        "cumulative_pressure_pa": 49487226.25,
        "land_cover_class": 10,
        "land_cover_name": "Tree cover",
        "crs": "EPSG:32633"
      }
    },
    {
      "type": "Feature",
      "geometry": {
        "type": "LineString",
        "coordinates": [
          [
            406355.22064693127,
            4757810.319658974
          ],
          [
            406355.22064693127,
            4757680.72661588
          ]
        ]
      },
      "properties": {
        "feature_type": "segment",
        "segment_id": 391,
        "step": 391,
        "length_m": 129.59,
        "elevation_start": 126.07,
        "elevation_end": 120.72,
        "slope_percent": 12.36,
        "cost_usd": 77755.83,
        "cost_per_m": 600.0,
        "cumulative_cost": 35267744.6,
        "pressure_drop_pa": 145613.07,
        "cumulative_pressure_pa": 49632839.32,
        "land_cover_class": 20,
        "land_cover_name": "Shrubland",
        "crs": "EPSG:32633"
      }
    },
    {
      "type": "Feature",
      "geometry": {
        "type": "LineString",
        "coordinates": [
          [
            406355.22064693127,
            4757680.72661588
          ],
          [
            406355.22064693127,
            4757551.133572786
          ]
        ]
      },
      "properties": {
        "feature_type": "segment",
        "segment_id": 392,
        "step": 392,
        "length_m": 129.59,
        "elevation_start": 120.72,
        "elevation_end": 161.7,
        "slope_percent": 27.54,
        "cost_usd": 168470.96,
        "cost_per_m": 1300.0,
        "cumulative_cost": 35436215.56,
        "pressure_drop_pa": 299976.32,
        "cumulative_pressure_pa": 49932815.63,
        "land_cover_class": 10,
        "land_cover_name": "Tree cover",
        "crs": "EPSG:32633"
      }
    },
    {
      "type": "Feature",
      "geometry": {
        "type": "LineString",
        "coordinates": [
          [
            406355.22064693127,
            4757551.133572786
          ],
          [
            406484.8285039661,
            4757421.540529692
          ]
        ]
      },
      "properties": {
        "feature_type": "segment",
        "segment_id": 393,
        "step": 393,
        "length_m": 183.28,
        "elevation_start": 161.7,
        "elevation_end": 202.17,
        "slope_percent": 7.98,
        "cost_usd": 84310.05,
        "cost_per_m": 460.0,
        "cumulative_cost": 35520525.61,
        "pressure_drop_pa": 140043.47,
        "cumulative_pressure_pa": 50072859.1,
        "land_cover_class": 30,
        "land_cover_name": "Grassland",
        "crs": "EPSG:32633"
      }
    },
    {
      "type": "Feature",
      "geometry": {
        "type": "LineString",
        "coordinates": [
          [
            406484.8285039661,
            4757421.540529692
          ],
          [
            406614.436361001,
            4757291.947486597
          ]
        ]
      },
      "properties": {
        "feature_type": "segment",
        "segment_id": 394,
        "step": 394,
        "length_m": 183.28,
        "elevation_start": 202.17,
        "elevation_end": 185.24,
        "slope_percent": 11.74,
        "cost_usd": 109969.63,
        "cost_per_m": 600.0,
        "cumulative_cost": 35630495.24,
        "pressure_drop_pa": 196739.94,
        "cumulative_pressure_pa": 50269599.04,
        "land_cover_class": 20,
        "land_cover_name": "Shrubland",
        "crs": "EPSG:32633"
      }
    },
    {
      "type": "Feature",
      "geometry": {
        "type": "LineString",
        "coordinates": [
          [
            406614.436361001,
            4757291.947486597
          ],
          [
            406744.0442180358,
            4757162.354443503
          ]
        ]
      },
      "properties": {
        "feature_type": "segment",
        "segment_id": 395,
        "step": 395,
        "length_m": 183.28,
        "elevation_start": 185.24,
        "elevation_end": 173.52,
        "slope_percent": 15.63,
        "cost_usd": 146626.17,
        "cost_per_m": 800.0,
        "cumulative_cost": 35777121.41,
        "pressure_drop_pa": 254555.14,
        "cumulative_pressure_pa": 50524154.19,
        "land_cover_class": 30,
        "land_cover_name": "Grassland",
        "crs": "EPSG:32633"
      }
    },
    {
      "type": "Feature",
      "geometry": {
        "type": "LineString",
        "coordinates": [
          [
            406744.0442180358,
            4757162.354443503
          ],
          [
            406873.65207507065,
            4757032.761400408
          ]
        ]
      },
      "properties": {
        "feature_type": "segment",
        "segment_id": 396,
        "step": 396,
        "length_m": 183.28,
        "elevation_start": 173.52,
        "elevation_end": 145.76,
        "slope_percent": 24.71,
        "cost_usd": 146626.17,
        "cost_per_m": 800.0,
        "cumulative_cost": 35923747.58,
        "pressure_drop_pa": 385140.29,
        "cumulative_pressure_pa": 50909294.48,
        "land_cover_class": 30,
        "land_cover_name": "Grassland",
        "crs": "EPSG:32633"
      }
    },
    {
      "type": "Feature",
      "geometry": {
        "type": "LineString",
        "coordinates": [
          [
            406873.65207507065,
            4757032.761400408
          ],
          [
            406873.65207507065,
            4756903.168357314
          ]
        ]
      },
      "properties": {
        "feature_type": "segment",
        "segment_id": 397,
        "step": 397,
        "length_m": 129.59,
        "elevation_start": 145.76,
        "elevation_end": 107.71,
        "slope_percent": 20.46,
        "cost_usd": 108858.16,
        "cost_per_m": 840.0,
        "cumulative_cost": 36032605.74,
        "pressure_drop_pa": 229733.34,
        "cumulative_pressure_pa": 51139027.82,
        "land_cover_class": 20,
        "land_cover_name": "Shrubland",
        "crs": "EPSG:32633"
      }
    },
    {
      "type": "Feature",
      "geometry": {
        "type": "LineString",
        "coordinates": [
          [
            406873.65207507065,
            4756903.168357314
          ],
          [
            406873.65207507065,
            4756773.575314219
          ]
        ]
      },
      "properties": {
        "feature_type": "segment",
        "segment_id": 398,
        "step": 398,
        "length_m": 129.59,
        "elevation_start": 107.71,
        "elevation_end": 101.3,
        "slope_percent": 14.68,
        "cost_usd": 72572.1,
        "cost_per_m": 560.0,
        "cumulative_cost": 36105177.84,
        "pressure_drop_pa": 170000.96,
        "cumulative_pressure_pa": 51309028.78,
        "land_cover_class": 30,
        "land_cover_name": "Grassland",
        "crs": "EPSG:32633"
      }
    },
    {
      "type": "Feature",
      "geometry": {
        "type": "LineString",
        "coordinates": [
          [
            406873.65207507065,
            4756773.575314219
          ],
          [
            406873.65207507065,
            4756643.982271125
          ]
        ]
      },
      "properties": {
        "feature_type": "segment",
        "segment_id": 399,
        "step": 399,
        "length_m": 129.59,
        "elevation_start": 101.3,
        "elevation_end": 99.19,
        "slope_percent": 11.55,
        "cost_usd": 72572.1,
        "cost_per_m": 560.0,
        "cumulative_cost": 36177749.94,
        "pressure_drop_pa": 137048.63,
        "cumulative_pressure_pa": 51446077.41,
        "land_cover_class": 30,
        "land_cover_name": "Grassland",
        "crs": "EPSG:32633"
      }
    },
    {
      "type": "Feature",
      "geometry": {
        "type": "LineString",
        "coordinates": [
          [
            406873.65207507065,
            4756643.982271125
          ],
          [
            407003.25993210555,
            4756514.38922803
          ]
        ]
      },
      "properties": {
        "feature_type": "segment",
        "segment_id": 400,
        "step": 400,
        "length_m": 183.28,
        "elevation_start": 99.19,
        "elevation_end": 73.11,
        "slope_percent": 8.95,
        "cost_usd": 91641.36,
        "cost_per_m": 500.0,
        "cumulative_cost": 36269391.3,
        "pressure_drop_pa": 154773.57,
        "cumulative_pressure_pa": 51600850.98,
        "land_cover_class": 20,
        "land_cover_name": "Shrubland",
        "crs": "EPSG:32633"
      }
    },
    {
      "type": "Feature",
      "geometry": {
        "type": "LineString",
        "coordinates": [
          [
            407003.25993210555,
            4756514.38922803
          ],
          [
            407132.8677891404,
            4756384.796184937
          ]
        ]
      },
      "properties": {
        "feature_type": "segment",
        "segment_id": 401,
        "step": 401,
        "length_m": 183.28,
        "elevation_start": 73.11,
        "elevation_end": 64.36,
        "slope_percent": 9.33,
        "cost_usd": 120966.59,
        "cost_per_m": 660.0,
        "cumulative_cost": 36390357.89,
        "pressure_drop_pa": 160521.06,
        "cumulative_pressure_pa": 51761372.04,
        "land_cover_class": 40,
        "land_cover_name": "Cropland",
        "crs": "EPSG:32633"
      }
    },
    {
      "type": "Feature",
      "geometry": {
        "type": "LineString",
        "coordinates": [
          [
            407132.8677891404,
            4756384.796184937
          ],
          [
            407262.47564617527,
            4756255.203141842
          ]
        ]
      },
      "properties": {
        "feature_type": "segment",
        "segment_id": 402,
        "step": 402,
        "length_m": 183.28,
        "elevation_start": 64.36,
        "elevation_end": 59.62,
        "slope_percent": 10.04,
        "cost_usd": 109969.63,
        "cost_per_m": 600.0,
        "cumulative_cost": 36500327.52,
        "pressure_drop_pa": 171173.34,
        "cumulative_pressure_pa": 51932545.38,
        "land_cover_class": 20,
        "land_cover_name": "Shrubland",
        "crs": "EPSG:32633"
      }
    },
    {
      "type": "Feature",
      "geometry": {
        "type": "LineString",
        "coordinates": [
          [
            407262.47564617527,
            4756255.203141842
          ],
          [
            407262.47564617527,
            4756125.610098748
          ]
        ]
      },
      "properties": {
        "feature_type": "segment",
        "segment_id": 403,
        "step": 403,
        "length_m": 129.59,
        "elevation_start": 59.62,
        "elevation_end": 40.23,
        "slope_percent": 11.05,
        "cost_usd": 85531.41,
        "cost_per_m": 660.0,
        "cumulative_cost": 36585858.93,
        "pressure_drop_pa": 131756.21,
        "cumulative_pressure_pa": 52064301.59,
        "land_cover_class": 10,
        "land_cover_name": "Tree cover",
        "crs": "EPSG:32633"
      }
    },
    {
      "type": "Feature",
      "geometry": {
        "type": "LineString",
        "coordinates": [
          [
            407262.47564617527,
            4756125.610098748
          ],
          [
            407262.47564617527,
            4755996.017055653
          ]
        ]
      },
      "properties": {
        "feature_type": "segment",
        "segment_id": 404,
        "step": 404,
        "length_m": 129.59,
        "elevation_start": 40.23,
        "elevation_end": 26.07,
        "slope_percent": 2.5,
        "cost_usd": 32398.26,
        "cost_per_m": 250.0,
        "cumulative_cost": 36618257.19,
        "pressure_drop_pa": 40141.73,
        "cumulative_pressure_pa": 52104443.33,
        "land_cover_class": 10,
        "land_cover_name": "Tree cover",
        "crs": "EPSG:32633"
      }
    },
    {
      "type": "Feature",
      "geometry": {
        "type": "LineString",
        "coordinates": [
          [
            407262.47564617527,
            4755996.017055653
          ],
          [
            407392.0835032101,
            4755866.424012559
          ]
        ]
      },
      "properties": {
        "feature_type": "segment",
        "segment_id": 405,
        "step": 405,
        "length_m": 183.28,
        "elevation_start": 26.07,
        "elevation_end": 26.69,
        "slope_percent": 10.33,
        "cost_usd": 60483.3,
        "cost_per_m": 330.0,
        "cumulative_cost": 36678740.49,
        "pressure_drop_pa": 175510.15,
        "cumulative_pressure_pa": 52279953.48,
        "land_cover_class": 10,
        "land_cover_name": "Tree cover",
        "crs": "EPSG:32633"
      }
    },
    {
      "type": "Feature",
      "geometry": {
        "type": "LineString",
        "coordinates": [
          [
            407392.0835032101,
            4755866.424012559
          ],
          [
            407521.69136024493,
            4755736.830969464
          ]
        ]
      },
      "properties": {
        "feature_type": "segment",
        "segment_id": 406,
        "step": 406,
        "length_m": 183.28,
        "elevation_start": 26.69,
        "elevation_end": 32.0,
        "slope_percent": 14.05,
        "cost_usd": 109969.63,
        "cost_per_m": 600.0,
        "cumulative_cost": 36788710.11,
        "pressure_drop_pa": 231166.89,
        "cumulative_pressure_pa": 52511120.37,
        "land_cover_class": 20,
        "land_cover_name": "Shrubland",
        "crs": "EPSG:32633"
      }
    },
    {
      "type": "Feature",
      "geometry": {
        "type": "LineString",
        "coordinates": [
          [
            407521.69136024493,
            4755736.830969464
          ],
          [
            407651.2992172798,
            4755607.2379263695
          ]
        ]
      },
      "properties": {
        "feature_type": "segment",
        "segment_id": 407,
        "step": 407,
        "length_m": 183.28,
        "elevation_start": 32.0,
        "elevation_end": 36.19,
        "slope_percent": 9.84,
        "cost_usd": 84310.05,
        "cost_per_m": 460.0,
        "cumulative_cost": 36873020.16,
        "pressure_drop_pa": 168180.77,
        "cumulative_pressure_pa": 52679301.14,
        "land_cover_class": 30,
        "land_cover_name": "Grassland",
        "crs": "EPSG:32633"
      }
    },
    {
      "type": "Feature",
      "geometry": {
        "type": "LineString",
        "coordinates": [
          [
            407651.2992172798,
            4755607.2379263695
          ],
          [
            407780.90707431466,
            4755477.644883275
          ]
        ]
      },
      "properties": {
        "feature_type": "segment",
        "segment_id": 408,
        "step": 408,
        "length_m": 183.28,
        "elevation_start": 36.19,
        "elevation_end": 52.37,
        "slope_percent": 14.69,
        "cost_usd": 139294.86,
        "cost_per_m": 760.0,
        "cumulative_cost": 37012315.03,
        "pressure_drop_pa": 240579.63,
        "cumulative_pressure_pa": 52919880.77,
        "land_cover_class": 40,
        "land_cover_name": "Cropland",
        "crs": "EPSG:32633"
      }
    },
    {
      "type": "Feature",
      "geometry": {
        "type": "LineString",
        "coordinates": [
          [
            407780.90707431466,
            4755477.644883275
          ],
          [
            407780.90707431466,
            4755348.0518401805
          ]
        ]
      },
      "properties": {
        "feature_type": "segment",
        "segment_id": 409,
        "step": 409,
        "length_m": 129.59,
        "elevation_start": 52.37,
        "elevation_end": 73.8,
        "slope_percent": 18.68,
        "cost_usd": 116633.74,
        "cost_per_m": 900.0,
        "cumulative_cost": 37128948.77,
        "pressure_drop_pa": 211484.66,
        "cumulative_pressure_pa": 53131365.43,
        "land_cover_class": 10,
        "land_cover_name": "Tree cover",
        "crs": "EPSG:32633"
      }
    },
    {
      "type": "Feature",
      "geometry": {
        "type": "LineString",
        "coordinates": [
          [
            407780.90707431466,
            4755348.0518401805
          ],
          [
            407910.51493134955,
            4755218.458797086
          ]
        ]
      },
      "properties": {
        "feature_type": "segment",
        "segment_id": 410,
        "step": 410,
        "length_m": 183.28,
        "elevation_start": 73.8,
        "elevation_end": 110.74,
        "slope_percent": 9.75,
        "cost_usd": 91641.36,
        "cost_per_m": 500.0,
        "cumulative_cost": 37220590.12,
        "pressure_drop_pa": 166858.98,
        "cumulative_pressure_pa": 53298224.41,
        "land_cover_class": 20,
        "land_cover_name": "Shrubland",
        "crs": "EPSG:32633"
      }
    },
    {
      "type": "Feature",
      "geometry": {
        "type": "LineString",
        "coordinates": [
          [
            407910.51493134955,
            4755218.458797086
          ],
          [
            408040.1227883844,
            4755088.865753992
          ]
        ]
      },
      "properties": {
        "feature_type": "segment",
        "segment_id": 411,
        "step": 411,
        "length_m": 183.28,
        "elevation_start": 110.74,
        "elevation_end": 72.8,
        "slope_percent": 22.27,
        "cost_usd": 153957.48,
        "cost_per_m": 840.0,
        "cumulative_cost": 37374547.6,
        "pressure_drop_pa": 350696.18,
        "cumulative_pressure_pa": 53648920.59,
        "land_cover_class": 20,
        "land_cover_name": "Shrubland",
        "crs": "EPSG:32633"
      }
    },
    {
      "type": "Feature",
      "geometry": {
        "type": "LineString",
        "coordinates": [
          [
            408040.1227883844,
            4755088.865753992
          ],
          [
            408169.7306454192,
            4754959.272710898
          ]
        ]
      },
      "properties": {
        "feature_type": "segment",
        "segment_id": 412,
        "step": 412,
        "length_m": 183.28,
        "elevation_start": 72.8,
        "elevation_end": 48.8,
        "slope_percent": 16.06,
        "cost_usd": 146626.17,
        "cost_per_m": 800.0,
        "cumulative_cost": 37521173.77,
        "pressure_drop_pa": 260872.07,
        "cumulative_pressure_pa": 53909792.65,
        "land_cover_class": 30,
        "land_cover_name": "Grassland",
        "crs": "EPSG:32633"
      }
    },
    {
      "type": "Feature",
      "geometry": {
        "type": "LineString",
        "coordinates": [
          [
            408169.7306454192,
            4754959.272710898
          ],
          [
            408169.7306454192,
            4754829.679667803
          ]
        ]
      },
      "properties": {
        "feature_type": "segment",
        "segment_id": 413,
        "step": 413,
        "length_m": 129.59,
        "elevation_start": 48.8,
        "elevation_end": 51.52,
        "slope_percent": 14.27,
        "cost_usd": 98490.71,
        "cost_per_m": 760.0,
        "cumulative_cost": 37619664.49,
        "pressure_drop_pa": 165737.7,
        "cumulative_pressure_pa": 54075530.35,
        "land_cover_class": 40,
        "land_cover_name": "Cropland",
        "crs": "EPSG:32633"
      }
    },
    {
      "type": "Feature",
      "geometry": {
        "type": "LineString",
        "coordinates": [
          [
            408169.7306454192,
            4754829.679667803
          ],
          [
            408299.3385024541,
            4754700.086624709
          ]
        ]
      },
      "properties": {
        "feature_type": "segment",
        "segment_id": 414,
        "step": 414,
        "length_m": 183.28,
        "elevation_start": 51.52,
        "elevation_end": 41.69,
        "slope_percent": 11.89,
        "cost_usd": 90724.94,
        "cost_per_m": 495.0,
        "cumulative_cost": 37710389.43,
        "pressure_drop_pa": 198967.75,
        "cumulative_pressure_pa": 54274498.1,
        "land_cover_class": 10,
        "land_cover_name": "Tree cover",
        "crs": "EPSG:32633"
      }
    },
    {
      "type": "Feature",
      "geometry": {
        "type": "LineString",
        "coordinates": [
          [
            408299.3385024541,
            4754700.086624709
          ],
          [
            408299.3385024541,
            4754570.493581614
          ]
        ]
      },
      "properties": {
        "feature_type": "segment",
        "segment_id": 415,
        "step": 415,
        "length_m": 129.59,
        "elevation_start": 41.69,
        "elevation_end": 52.77,
        "slope_percent": 13.98,
        "cost_usd": 64148.56,
        "cost_per_m": 495.0,
        "cumulative_cost": 37774537.99,
        "pressure_drop_pa": 162708.99,
        "cumulative_pressure_pa": 54437207.09,
        "land_cover_class": 10,
        "land_cover_name": "Tree cover",
        "crs": "EPSG:32633"
      }
    },
    {
      "type": "Feature",
      "geometry": {
        "type": "LineString",
        "coordinates": [
          [
            408299.3385024541,
            4754570.493581614
          ],
          [
            408428.94635948894,
            4754440.90053852
          ]
        ]
      },
      "properties": {
        "feature_type": "segment",
        "segment_id": 416,
        "step": 416,
        "length_m": 183.28,
        "elevation_start": 52.77,
        "elevation_end": 40.64,
        "slope_percent": 12.73,
        "cost_usd": 82477.22,
        "cost_per_m": 450.0,
        "cumulative_cost": 37857015.21,
        "pressure_drop_pa": 211586.86,
        "cumulative_pressure_pa": 54648793.94,
        "land_cover_class": 20,
        "land_cover_name": "Shrubland",
        "crs": "EPSG:32633"
      }
    },
    {
      "type": "Feature",
      "geometry": {
        "type": "LineString",
        "coordinates": [
          [
            408428.94635948894,
            4754440.90053852
          ],
          [
            408428.94635948894,
            4754311.307495425
          ]
        ]
      },
      "properties": {
        "feature_type": "segment",
        "segment_id": 417,
        "step": 417,
        "length_m": 129.59,
        "elevation_start": 40.64,
        "elevation_end": 42.9,
        "slope_percent": 14.11,
        "cost_usd": 43543.26,
        "cost_per_m": 336.0,
        "cumulative_cost": 37900558.47,
        "pressure_drop_pa": 164038.33,
        "cumulative_pressure_pa": 54812832.27,
        "land_cover_class": 30,
        "land_cover_name": "Grassland",
        "crs": "EPSG:32633"
      }
    },
    {
      "type": "Feature",
      "geometry": {
        "type": "LineString",
        "coordinates": [
          [
            408428.94635948894,
            4754311.307495425
          ],
          [
            408558.5542165238,
            4754181.714452331
          ]
        ]
      },
      "properties": {
        "feature_type": "segment",
        "segment_id": 418,
        "step": 418,
        "length_m": 183.28,
        "elevation_start": 42.9,
        "elevation_end": 25.7,
        "slope_percent": 11.47,
        "cost_usd": 51319.16,
        "cost_per_m": 280.0,
        "cumulative_cost": 37951877.63,
        "pressure_drop_pa": 192665.62,
        "cumulative_pressure_pa": 55005497.89,
        "land_cover_class": 30,
        "land_cover_name": "Grassland",
        "crs": "EPSG:32633"
      }
    },
    {
      "type": "Feature",
      "geometry": {
        "type": "LineString",
        "coordinates": [
          [
            408558.5542165238,
            4754181.714452331
          ],
          [
            408558.5542165238,
            4754052.121409236
          ]
        ]
      },
      "properties": {
        "feature_type": "segment",
        "segment_id": 419,
        "step": 419,
        "length_m": 129.59,
        "elevation_start": 25.7,
        "elevation_end": 29.66,
        "slope_percent": 12.7,
        "cost_usd": 72572.1,
        "cost_per_m": 560.0,
        "cumulative_cost": 38024449.74,
        "pressure_drop_pa": 149246.76,
        "cumulative_pressure_pa": 55154744.65,
        "land_cover_class": 30,
        "land_cover_name": "Grassland",
        "crs": "EPSG:32633"
      }
    },
    {
      "type": "Feature",
      "geometry": {
        "type": "LineString",
        "coordinates": [
          [
            408558.5542165238,
            4754052.121409236
          ],
          [
            408688.16207355866,
            4753922.528366142
          ]
        ]
      },
      "properties": {
        "feature_type": "segment",
        "segment_id": 420,
        "step": 420,
        "length_m": 183.28,
        "elevation_start": 29.66,
        "elevation_end": 23.65,
        "slope_percent": 12.5,
        "cost_usd": 120966.59,
        "cost_per_m": 660.0,
        "cumulative_cost": 38145416.33,
        "pressure_drop_pa": 208031.82,
        "cumulative_pressure_pa": 55362776.47,
        "land_cover_class": 10,
        "land_cover_name": "Tree cover",
        "crs": "EPSG:32633"
      }
    },
    {
      "type": "Feature",
      "geometry": {
        "type": "LineString",
        "coordinates": [
          [
            408688.16207355866,
            4753922.528366142
          ],
          [
            408817.7699305935,
            4753792.935323048
          ]
        ]
      },
      "properties": {
        "feature_type": "segment",
        "segment_id": 421,
        "step": 421,
        "length_m": 183.28,
        "elevation_start": 23.65,
        "elevation_end": 8.94,
        "slope_percent": 8.01,
        "cost_usd": 120966.59,
        "cost_per_m": 660.0,
        "cumulative_cost": 38266382.92,
        "pressure_drop_pa": 140548.72,
        "cumulative_pressure_pa": 55503325.19,
        "land_cover_class": 40,
        "land_cover_name": "Cropland",
        "crs": "EPSG:32633"
      }
    },
    {
      "type": "Feature",
      "geometry": {
        "type": "LineString",
        "coordinates": [
          [
            408817.7699305935,
            4753792.935323048
          ],
          [
            408947.3777876283,
            4753663.342279954
          ]
        ]
      },
      "properties": {
        "feature_type": "segment",
        "segment_id": 422,
        "step": 422,
        "length_m": 183.28,
        "elevation_start": 8.94,
        "elevation_end": 6.56,
        "slope_percent": 3.09,
        "cost_usd": 73313.09,
        "cost_per_m": 400.0,
        "cumulative_cost": 38339696.0,
        "pressure_drop_pa": 65719.63,
        "cumulative_pressure_pa": 55569044.83,
        "land_cover_class": 30,
        "land_cover_name": "Grassland",
        "crs": "EPSG:32633"
      }
    },
    {
      "type": "Feature",
      "geometry": {
        "type": "LineString",
        "coordinates": [
          [
            408947.3777876283,
            4753663.342279954
          ],
          [
            409076.9856446632,
            4753533.749236859
          ]
        ]
      },
      "properties": {
        "feature_type": "segment",
        "segment_id": 423,
        "step": 423,
        "length_m": 183.28,
        "elevation_start": 6.56,
        "elevation_end": 4.24,
        "slope_percent": 1.25,
        "cost_usd": 73313.09,
        "cost_per_m": 400.0,
        "cumulative_cost": 38413009.09,
        "pressure_drop_pa": 37624.99,
        "cumulative_pressure_pa": 55606669.82,
        "land_cover_class": 30,
        "land_cover_name": "Grassland",
        "crs": "EPSG:32633"
      }
    },
    {
      "type": "Feature",
      "geometry": {
        "type": "LineString",
        "coordinates": [
          [
            409076.9856446632,
            4753533.749236859
          ],
          [
            409076.9856446632,
            4753404.156193765
          ]
        ]
      },
      "properties": {
        "feature_type": "segment",
        "segment_id": 424,
        "step": 424,
        "length_m": 129.59,
        "elevation_start": 4.24,
        "elevation_end": 5.35,
        "slope_percent": 2.27,
        "cost_usd": 51837.22,
        "cost_per_m": 400.0,
        "cumulative_cost": 38464846.31,
        "pressure_drop_pa": 37590.01,
        "cumulative_pressure_pa": 55644259.84,
        "land_cover_class": 30,
        "land_cover_name": "Grassland",
        "crs": "EPSG:32633"
      }
    },
    {
      "type": "Feature",
      "geometry": {
        "type": "LineString",
        "coordinates": [
          [
            409076.9856446632,
            4753404.156193765
          ],
          [
            409206.59350169805,
            4753274.56315067
          ]
        ]
      },
      "properties": {
        "feature_type": "segment",
        "segment_id": 425,
        "step": 425,
        "length_m": 183.28,
        "elevation_start": 5.35,
        "elevation_end": 12.1,
        "slope_percent": 1.16,
        "cost_usd": 36656.54,
        "cost_per_m": 200.0,
        "cumulative_cost": 38501502.85,
        "pressure_drop_pa": 36283.01,
        "cumulative_pressure_pa": 55680542.85,
        "land_cover_class": 30,
        "land_cover_name": "Grassland",
        "crs": "EPSG:32633"
      }
    },
    {
      "type": "Feature",
      "geometry": {
        "type": "LineString",
        "coordinates": [
          [
            409206.59350169805,
            4753274.56315067
          ],
          [
            409336.20135873294,
            4753274.56315067
          ]
        ]
      },
      "properties": {
        "feature_type": "segment",
        "segment_id": 426,
        "step": 426,
        "length_m": 129.61,
        "elevation_start": 12.1,
        "elevation_end": 7.01,
        "slope_percent": 1.16,
        "cost_usd": 23329.41,
        "cost_per_m": 180.0,
        "cumulative_cost": 38524832.26,
        "pressure_drop_pa": 25669.19,
        "cumulative_pressure_pa": 55706212.03,
        "land_cover_class": 50,
        "land_cover_name": "Built-up",
        "crs": "EPSG:32633"
      }
    },
    {
      "type": "Feature",
      "geometry": {
        "type": "LineString",
        "coordinates": [
          [
            409336.20135873294,
            4753274.56315067
          ],
          [
            409465.8092157678,
            4753144.970107576
          ]
        ]
      },
      "properties": {
        "feature_type": "segment",
        "segment_id": 427,
        "step": 427,
        "length_m": 183.28,
        "elevation_start": 7.01,
        "elevation_end": 7.91,
        "slope_percent": 1.53,
        "cost_usd": 45820.68,
        "cost_per_m": 250.0,
        "cumulative_cost": 38570652.94,
        "pressure_drop_pa": 41897.58,
        "cumulative_pressure_pa": 55748109.61,
        "land_cover_class": 10,
        "land_cover_name": "Tree cover",
        "crs": "EPSG:32633"
      }
    },
    {
      "type": "Feature",
      "geometry": {
        "type": "LineString",
        "coordinates": [
          [
            409465.8092157678,
            4753144.970107576
          ],
          [
            409595.4170728026,
            4753015.377064481
          ]
        ]
      },
      "properties": {
        "feature_type": "segment",
        "segment_id": 428,
        "step": 428,
        "length_m": 183.28,
        "elevation_start": 7.91,
        "elevation_end": 3.27,
        "slope_percent": 1.19,
        "cost_usd": 36656.54,
        "cost_per_m": 200.0,
        "cumulative_cost": 38607309.49,
        "pressure_drop_pa": 36668.62,
        "cumulative_pressure_pa": 55784778.23,
        "land_cover_class": 30,
        "land_cover_name": "Grassland",
        "crs": "EPSG:32633"
      }
    },
    {
      "type": "Feature",
      "geometry": {
        "type": "LineString",
        "coordinates": [
          [
            409595.4170728026,
            4753015.377064481
          ],
          [
            409725.0249298375,
            4752885.784021387
          ]
        ]
      },
      "properties": {
        "feature_type": "segment",
        "segment_id": 429,
        "step": 429,
        "length_m": 183.28,
        "elevation_start": 3.27,
        "elevation_end": 14.11,
        "slope_percent": 1.18,
        "cost_usd": 36656.54,
        "cost_per_m": 200.0,
        "cumulative_cost": 38643966.03,
        "pressure_drop_pa": 36520.18,
        "cumulative_pressure_pa": 55821298.41,
        "land_cover_class": 30,
        "land_cover_name": "Grassland",
        "crs": "EPSG:32633"
      }
    },
    {
      "type": "Feature",
      "geometry": {
        "type": "LineString",
        "coordinates": [
          [
            409725.0249298375,
            4752885.784021387
          ],
          [
            409854.63278687233,
            4752756.190978292
          ]
        ]
      },
      "properties": {
        "feature_type": "segment",
        "segment_id": 430,
        "step": 430,
        "length_m": 183.28,
        "elevation_start": 14.11,
        "elevation_end": 3.13,
        "slope_percent": 1.37,
        "cost_usd": 36656.54,
        "cost_per_m": 200.0,
        "cumulative_cost": 38680622.57,
        "pressure_drop_pa": 39454.54,
        "cumulative_pressure_pa": 55860752.95,
        "land_cover_class": 30,
        "land_cover_name": "Grassland",
        "crs": "EPSG:32633"
      }
    },
    {
      "type": "Feature",
      "geometry": {
        "type": "LineString",
        "coordinates": [
          [
            409854.63278687233,
            4752756.190978292
          ],
          [
            409984.2406439072,
            4752626.597935198
          ]
        ]
      },
      "properties": {
        "feature_type": "segment",
        "segment_id": 431,
        "step": 431,
        "length_m": 183.28,
        "elevation_start": 3.13,
        "elevation_end": 3.45,
        "slope_percent": 0.99,
        "cost_usd": 32990.89,
        "cost_per_m": 180.0,
        "cumulative_cost": 38713613.46,
        "pressure_drop_pa": 33630.76,
        "cumulative_pressure_pa": 55894383.72,
        "land_cover_class": 50,
        "land_cover_name": "Built-up",
        "crs": "EPSG:32633"
      }
    },
    {
      "type": "Feature",
      "geometry": {
        "type": "LineString",
        "coordinates": [
          [
            409984.2406439072,
            4752626.597935198
          ],
          [
            409984.2406439072,
            4752497.004892104
          ]
        ]
      },
      "properties": {
        "feature_type": "segment",
        "segment_id": 432,
        "step": 432,
        "length_m": 129.59,
        "elevation_start": 3.45,
        "elevation_end": 2.37,
        "slope_percent": 0.98,
        "cost_usd": 38877.91,
        "cost_per_m": 300.0,
        "cumulative_cost": 38752491.37,
        "pressure_drop_pa": 23696.15,
        "cumulative_pressure_pa": 55918079.86,
        "land_cover_class": 40,
        "land_cover_name": "Cropland",
        "crs": "EPSG:32633"
      }
    },
    {
      "type": "Feature",
      "geometry": {
        "type": "LineString",
        "coordinates": [
          [
            409984.2406439072,
            4752497.004892104
          ],
          [
            409984.2406439072,
            4752367.41184901
          ]
        ]
      },
      "properties": {
        "feature_type": "segment",
        "segment_id": 433,
        "step": 433,
        "length_m": 129.59,
        "elevation_start": 2.37,
        "elevation_end": 1.79,
        "slope_percent": 1.37,
        "cost_usd": 38877.91,
        "cost_per_m": 300.0,
        "cumulative_cost": 38791369.29,
        "pressure_drop_pa": 27854.54,
        "cumulative_pressure_pa": 55945934.4,
        "land_cover_class": 40,
        "land_cover_name": "Cropland",
        "crs": "EPSG:32633"
      }
    },
    {
      "type": "Feature",
      "geometry": {
        "type": "LineString",
        "coordinates": [
          [
            409984.2406439072,
            4752367.41184901
          ],
          [
            409984.2406439072,
            4752237.818805915
          ]
        ]
      },
      "properties": {
        "feature_type": "segment",
        "segment_id": 434,
        "step": 434,
        "length_m": 129.59,
        "elevation_start": 1.79,
        "elevation_end": 3.46,
        "slope_percent": 1.67,
        "cost_usd": 38877.91,
        "cost_per_m": 300.0,
        "cumulative_cost": 38830247.2,
        "pressure_drop_pa": 31110.05,
        "cumulative_pressure_pa": 55977044.46,
        "land_cover_class": 40,
        "land_cover_name": "Cropland",
        "crs": "EPSG:32633"
      }
    },
    {
      "type": "Feature",
      "geometry": {
        "type": "LineString",
        "coordinates": [
          [
            409984.2406439072,
            4752237.818805915
          ],
          [
            409984.2406439072,
            4752108.225762821
          ]
        ]
      },
      "properties": {
        "feature_type": "segment",
        "segment_id": 435,
        "step": 435,
        "length_m": 129.59,
        "elevation_start": 3.46,
        "elevation_end": 3.91,
        "slope_percent": 1.56,
        "cost_usd": 38877.91,
        "cost_per_m": 300.0,
        "cumulative_cost": 38869125.11,
        "pressure_drop_pa": 29926.21,
        "cumulative_pressure_pa": 56006970.67,
        "land_cover_class": 40,
        "land_cover_name": "Cropland",
        "crs": "EPSG:32633"
      }
    },
    {
      "type": "Feature",
      "geometry": {
        "type": "LineString",
        "coordinates": [
          [
            409984.2406439072,
            4752108.225762821
          ],
          [
            409984.2406439072,
            4751978.632719726
          ]
        ]
      },
      "properties": {
        "feature_type": "segment",
        "segment_id": 436,
        "step": 436,
        "length_m": 129.59,
        "elevation_start": 3.91,
        "elevation_end": 7.47,
        "slope_percent": 0.87,
        "cost_usd": 23326.75,
        "cost_per_m": 180.0,
        "cumulative_cost": 38892451.86,
        "pressure_drop_pa": 22521.77,
        "cumulative_pressure_pa": 56029492.44,
        "land_cover_class": 50,
        "land_cover_name": "Built-up",
        "crs": "EPSG:32633"
      }
    },
    {
      "type": "Feature",
      "geometry": {
        "type": "LineString",
        "coordinates": [
          [
            409984.2406439072,
            4751978.632719726
          ],
          [
            409984.2406439072,
            4751849.039676632
          ]
        ]
      },
      "properties": {
        "feature_type": "segment",
        "segment_id": 437,
        "step": 437,
        "length_m": 129.59,
        "elevation_start": 7.47,
        "elevation_end": 2.97,
        "slope_percent": 1.03,
        "cost_usd": 23326.75,
        "cost_per_m": 180.0,
        "cumulative_cost": 38915778.61,
        "pressure_drop_pa": 24184.03,
        "cumulative_pressure_pa": 56053676.47,
        "land_cover_class": 50,
        "land_cover_name": "Built-up",
        "crs": "EPSG:32633"
      }
    },
    {
      "type": "Feature",
      "geometry": {
        "type": "LineString",
        "coordinates": [
          [
            409984.2406439072,
            4751849.039676632
          ],
          [
            409984.2406439072,
            4751719.446633537
          ]
        ]
      },
      "properties": {
        "feature_type": "segment",
        "segment_id": 438,
        "step": 438,
        "length_m": 129.59,
        "elevation_start": 2.97,
        "elevation_end": 3.57,
        "slope_percent": 0.85,
        "cost_usd": 23326.75,
        "cost_per_m": 180.0,
        "cumulative_cost": 38939105.36,
        "pressure_drop_pa": 22307.55,
        "cumulative_pressure_pa": 56075984.02,
        "land_cover_class": 50,
        "land_cover_name": "Built-up",
        "crs": "EPSG:32633"
      }
    },
    {
      "type": "Feature",
      "geometry": {
        "type": "LineString",
        "coordinates": [
          [
            409984.2406439072,
            4751719.446633537
          ],
          [
            409854.63278687233,
            4751589.853590443
          ]
        ]
      },
      "properties": {
        "feature_type": "segment",
        "segment_id": 439,
        "step": 439,
        "length_m": 183.28,
        "elevation_start": 3.57,
        "elevation_end": 3.81,
        "slope_percent": 0.59,
        "cost_usd": 36656.54,
        "cost_per_m": 200.0,
        "cumulative_cost": 38975761.9,
        "pressure_drop_pa": 27495.11,
        "cumulative_pressure_pa": 56103479.14,
        "land_cover_class": 30,
        "land_cover_name": "Grassland",
        "crs": "EPSG:32633"
      }
    },
    {
      "type": "Feature",
      "geometry": {
        "type": "LineString",
        "coordinates": [
          [
            409854.63278687233,
            4751589.853590443
          ],
          [
            409725.0249298375,
            4751460.260547348
          ]
        ]
      },
      "properties": {
        "feature_type": "segment",
        "segment_id": 440,
        "step": 440,
        "length_m": 183.28,
        "elevation_start": 3.81,
        "elevation_end": 2.91,
        "slope_percent": 0.38,
        "cost_usd": 45820.68,
        "cost_per_m": 250.0,
        "cumulative_cost": 39021582.58,
        "pressure_drop_pa": 24354.64,
        "cumulative_pressure_pa": 56127833.78,
        "land_cover_class": 10,
        "land_cover_name": "Tree cover",
        "crs": "EPSG:32633"
      }
    },
    {
      "type": "Feature",
      "geometry": {
        "type": "LineString",
        "coordinates": [
          [
            409725.0249298375,
            4751460.260547348
          ],
          [
            409725.0249298375,
            4751330.667504255
          ]
        ]
      },
      "properties": {
        "feature_type": "segment",
        "segment_id": 441,
        "step": 441,
        "length_m": 129.59,
        "elevation_start": 2.91,
        "elevation_end": 2.64,
        "slope_percent": 0.47,
        "cost_usd": 25918.61,
        "cost_per_m": 200.0,
        "cumulative_cost": 39047501.19,
        "pressure_drop_pa": 18149.82,
        "cumulative_pressure_pa": 56145983.6,
        "land_cover_class": 30,
        "land_cover_name": "Grassland",
        "crs": "EPSG:32633"
      }
    },
    {
      "type": "Feature",
      "geometry": {
        "type": "LineString",
        "coordinates": [
          [
            409725.0249298375,
            4751330.667504255
          ],
          [
            409725.0249298375,
            4751201.07446116
          ]
        ]
      },
      "properties": {
        "feature_type": "segment",
        "segment_id": 442,
        "step": 442,
        "length_m": 129.59,
        "elevation_start": 2.64,
        "elevation_end": 2.57,
        "slope_percent": 0.47,
        "cost_usd": 38877.91,
        "cost_per_m": 300.0,
        "cumulative_cost": 39086379.1,
        "pressure_drop_pa": 18159.07,
        "cumulative_pressure_pa": 56164142.67,
        "land_cover_class": 40,
        "land_cover_name": "Cropland",
        "crs": "EPSG:32633"
      }
    },
    {
      "type": "Feature",
      "geometry": {
        "type": "LineString",
        "coordinates": [
          [
            409725.0249298375,
            4751201.07446116
          ],
          [
            409595.4170728026,
            4751071.481418066
          ]
        ]
      },
      "properties": {
        "feature_type": "segment",
        "segment_id": 443,
        "step": 443,
        "length_m": 183.28,
        "elevation_start": 2.57,
        "elevation_end": 3.19,
        "slope_percent": 0.24,
        "cost_usd": 36656.54,
        "cost_per_m": 200.0,
        "cumulative_cost": 39123035.64,
        "pressure_drop_pa": 22187.46,
        "cumulative_pressure_pa": 56186330.13,
        "land_cover_class": 30,
        "land_cover_name": "Grassland",
        "crs": "EPSG:32633"
      }
    },
    {
      "type": "Feature",
      "geometry": {
        "type": "LineString",
        "coordinates": [
          [
            409595.4170728026,
            4751071.481418066
          ],
          [
            409465.8092157678,
            4750941.888374971
          ]
        ]
      },
      "properties": {
        "feature_type": "segment",
        "segment_id": 444,
        "step": 444,
        "length_m": 183.28,
        "elevation_start": 3.19,
        "elevation_end": 3.0,
        "slope_percent": 0.17,
        "cost_usd": 32990.89,
        "cost_per_m": 180.0,
        "cumulative_cost": 39156026.53,
        "pressure_drop_pa": 21177.89,
        "cumulative_pressure_pa": 56207508.02,
        "land_cover_class": 50,
        "land_cover_name": "Built-up",
        "crs": "EPSG:32633"
      }
    },
    {
      "type": "Feature",
      "geometry": {
        "type": "LineString",
        "coordinates": [
          [
            409465.8092157678,
            4750941.888374971
          ],
          [
            409336.20135873294,
            4750812.295331877
          ]
        ]
      },
      "properties": {
        "feature_type": "segment",
        "segment_id": 445,
        "step": 445,
        "length_m": 183.28,
        "elevation_start": 3.0,
        "elevation_end": 3.6,
        "slope_percent": 0.26,
        "cost_usd": 32990.89,
        "cost_per_m": 180.0,
        "cumulative_cost": 39189017.42,
        "pressure_drop_pa": 22500.45,
        "cumulative_pressure_pa": 56230008.47,
        "land_cover_class": 50,
        "land_cover_name": "Built-up",
        "crs": "EPSG:32633"
      }
    },
    {
      "type": "Feature",
      "geometry": {
        "type": "LineString",
        "coordinates": [
          [
            409336.20135873294,
            4750812.295331877
          ],
          [
            409206.59350169805,
            4750682.702288782
          ]
        ]
      },
      "properties": {
        "feature_type": "segment",
        "segment_id": 446,
        "step": 446,
        "length_m": 183.28,
        "elevation_start": 3.6,
        "elevation_end": 3.14,
        "slope_percent": 0.48,
        "cost_usd": 32990.89,
        "cost_per_m": 180.0,
        "cumulative_cost": 39222008.31,
        "pressure_drop_pa": 25859.58,
        "cumulative_pressure_pa": 56255868.06,
        "land_cover_class": 50,
        "land_cover_name": "Built-up",
        "crs": "EPSG:32633"
      }
    },
    {
      "type": "Feature",
      "geometry": {
        "type": "LineString",
        "coordinates": [
          [
            409206.59350169805,
            4750682.702288782
          ],
          [
            409076.9856446632,
            4750553.109245688
          ]
        ]
      },
      "properties": {
        "feature_type": "segment",
        "segment_id": 447,
        "step": 447,
        "length_m": 183.28,
        "elevation_start": 3.14,
        "elevation_end": 2.46,
        "slope_percent": 0.25,
        "cost_usd": 48386.64,
        "cost_per_m": 264.0,
        "cumulative_cost": 39270394.94,
        "pressure_drop_pa": 22333.1,
        "cumulative_pressure_pa": 56278201.16,
        "land_cover_class": 20,
        "land_cover_name": "Shrubland",
        "crs": "EPSG:32633"
      }
    },
    {
      "type": "Feature",
      "geometry": {
        "type": "LineString",
        "coordinates": [
          [
            409076.9856446632,
            4750553.109245688
          ],
          [
            408947.3777876283,
            4750553.109245688
          ]
        ]
      },
      "properties": {
        "feature_type": "segment",
        "segment_id": 448,
        "step": 448,
        "length_m": 129.61,
        "elevation_start": 2.46,
        "elevation_end": 2.76,
        "slope_percent": 0.86,
        "cost_usd": 25921.57,
        "cost_per_m": 200.0,
        "cumulative_cost": 39296316.52,
        "pressure_drop_pa": 22378.86,
        "cumulative_pressure_pa": 56300580.02,
        "land_cover_class": 30,
        "land_cover_name": "Grassland",
        "crs": "EPSG:32633"
      }
    },
    {
      "type": "Feature",
      "geometry": {
        "type": "LineString",
        "coordinates": [
          [
            408947.3777876283,
            4750553.109245688
          ],
          [
            408817.7699305935,
            4750553.109245688
          ]
        ]
      },
      "properties": {
        "feature_type": "segment",
        "segment_id": 449,
        "step": 449,
        "length_m": 129.61,
        "elevation_start": 2.76,
        "elevation_end": 4.35,
        "slope_percent": 2.32,
        "cost_usd": 28513.73,
        "cost_per_m": 220.0,
        "cumulative_cost": 39324830.24,
        "pressure_drop_pa": 38155.8,
        "cumulative_pressure_pa": 56338735.82,
        "land_cover_class": 20,
        "land_cover_name": "Shrubland",
        "crs": "EPSG:32633"
      }
    },
    {
      "type": "Feature",
      "geometry": {
        "type": "LineString",
        "coordinates": [
          [
            408817.7699305935,
            4750553.109245688
          ],
          [
            408688.16207355866,
            4750423.516202593
          ]
        ]
      },
      "properties": {
        "feature_type": "segment",
        "segment_id": 450,
        "step": 450,
        "length_m": 183.28,
        "elevation_start": 4.35,
        "elevation_end": 10.57,
        "slope_percent": 0.53,
        "cost_usd": 36656.54,
        "cost_per_m": 200.0,
        "cumulative_cost": 39361486.79,
        "pressure_drop_pa": 26653.12,
        "cumulative_pressure_pa": 56365388.95,
        "land_cover_class": 30,
        "land_cover_name": "Grassland",
        "crs": "EPSG:32633"
      }
    },
    {
      "type": "Feature",
      "geometry": {
        "type": "LineString",
        "coordinates": [
          [
            408688.16207355866,
            4750423.516202593
          ],
          [
            408558.5542165238,
            4750293.923159499
          ]
        ]
      },
      "properties": {
        "feature_type": "segment",
        "segment_id": 451,
        "step": 451,
        "length_m": 183.28,
        "elevation_start": 10.57,
        "elevation_end": 6.21,
        "slope_percent": 1.55,
        "cost_usd": 32990.89,
        "cost_per_m": 180.0,
        "cumulative_cost": 39394477.68,
        "pressure_drop_pa": 42149.8,
        "cumulative_pressure_pa": 56407538.75,
        "land_cover_class": 50,
        "land_cover_name": "Built-up",
        "crs": "EPSG:32633"
      }
    },
    {
      "type": "Feature",
      "geometry": {
        "type": "LineString",
        "coordinates": [
          [
            408558.5542165238,
            4750293.923159499
          ],
          [
            408428.94635948894,
            4750164.330116404
          ]
        ]
      },
      "properties": {
        "feature_type": "segment",
        "segment_id": 452,
        "step": 452,
        "length_m": 183.28,
        "elevation_start": 6.21,
        "elevation_end": 5.8,
        "slope_percent": 0.82,
        "cost_usd": 109969.63,
        "cost_per_m": 600.0,
        "cumulative_cost": 39504447.3,
        "pressure_drop_pa": 31117.06,
        "cumulative_pressure_pa": 56438655.81,
        "land_cover_class": 40,
        "land_cover_name": "Cropland",
        "crs": "EPSG:32633"
      }
    }
  ]
}