{
  "type": "FeatureCollection",
  "crs": {
    "type": "name",
    "properties": {
      "name": "EPSG:32633"
    }
  },
  "metadata": {
    "project_name": "test_project2",
    "title": "Balanced Route - NSGA-II",
    "description": "Multi-objective optimized route prioritizing balanced",
    "algorithm": "NSGA-II (via weighted A*)",
    "model_path": null,
    "config_path": null,
    "crs": "EPSG:32633",
    "total_segments": 494,
    "total_length_m": 75992.75,
    "total_cost_usd": 46653747.8,
    "success": true,
    "termination_reason": "goal_reached",
    "total_reward": null,
    "environmental_impact": 8.4855,
    "generated_at": "2025-12-19T00:12:06.095815",
    "generator_version": "nsga2_router_v2.0"
  },
  "features": [
    {
      "type": "Feature",
      "geometry": {
        "type": "LineString",
        "coordinates": [
          [
            379656.0020977512,
            4804982.187345338
          ],
          [
            379785.609954786,
            4804852.594302244
          ],
          [
            379915.2178118209,
            4804723.001259149
          ],
          [
            380044.82566885574,
            4804723.001259149
          ],
          [
            380174.4335258906,
            4804593.408216055
          ],
          [
            380304.04138292547,
            4804463.81517296
          ],
          [
            380433.6492399603,
            4804334.2221298665
          ],
          [
            380563.25709699513,
            4804334.2221298665
          ],
          [
            380692.86495403,
            4804334.2221298665
          ],
          [
            380822.47281106486,
            4804334.2221298665
          ],
          [
            380952.08066809975,
            4804334.2221298665
          ],
          [
            381081.6885251346,
            4804204.629086772
          ],
          [
            381211.2963821694,
            4804075.0360436775
          ],
          [
            381340.9042392043,
            4803945.443000583
          ],
          [
            381470.51209623914,
            4803815.8499574885
          ],
          [
            381600.11995327397,
            4803815.8499574885
          ],
          [
            381729.72781030886,
            4803815.8499574885
          ],
          [
            381859.3356673437,
            4803815.8499574885
          ],
          [
            381988.9435243786,
            4803815.8499574885
          ],
          [
            382118.5513814134,
            4803815.8499574885
          ],
          [
            382248.15923844825,
            4803815.8499574885
          ],
          [
            382377.76709548314,
            4803815.8499574885
          ],
          [
            382507.374952518,
            4803815.8499574885
          ],
          [
            382636.9828095528,
            4803815.8499574885
          ],
          [
            382766.5906665877,
            4803815.8499574885
          ],
          [
            382896.19852362253,
            4803815.8499574885
          ],
          [
            383025.8063806574,
            4803815.8499574885
          ],
          [
            383155.41423769225,
            4803815.8499574885
          ],
          [
            383285.0220947271,
            4803815.8499574885
          ],
          [
            383414.629951762,
            4803815.8499574885
          ],
          [
            383544.2378087968,
            4803815.8499574885
          ],
          [
            383673.8456658317,
            4803815.8499574885
          ],
          [
            383803.45352286653,
            4803815.8499574885
          ],
          [
            383933.06137990137,
            4803815.8499574885
          ],
          [
            384062.66923693626,
            4803815.8499574885
          ],
          [
            384192.2770939711,
            4803815.8499574885
          ],
          [
            384321.8849510059,
            4803815.8499574885
          ],
          [
            384451.4928080408,
            4803686.256914394
          ],
          [
            384581.10066507565,
            4803556.6638712995
          ],
          [
            384710.70852211054,
            4803556.6638712995
          ],
          [
            384840.31637914537,
            4803427.070828205
          ],
          [
            384969.9242361802,
            4803297.4777851105
          ],
          [
            385099.5320932151,
            4803167.884742016
          ],
          [
            385099.5320932151,
            4803038.291698922
          ],
          [
            385099.5320932151,
            4802908.698655828
          ],
          [
            385099.5320932151,
            4802779.105612733
          ],
          [
            385099.5320932151,
            4802649.512569639
          ],
          [
            385229.1399502499,
            4802519.919526544
          ],
          [
            385358.74780728476,
            4802390.32648345
          ],
          [
            385488.35566431965,
            4802260.733440355
          ],
          [
            385617.9635213545,
            4802260.733440355
          ],
          [
            385617.9635213545,
            4802131.140397261
          ],
          [
            385617.9635213545,
            4802001.547354166
          ],
          [
            385617.9635213545,
            4801871.954311073
          ],
          [
            385747.5713783894,
            4801742.361267978
          ],
          [
            385877.1792354242,
            4801612.768224884
          ],
          [
            385877.1792354242,
            4801483.175181789
          ],
          [
            385877.1792354242,
            4801353.582138695
          ],
          [
            385877.1792354242,
            4801223.9890956
          ],
          [
            385877.1792354242,
            4801094.396052506
          ],
          [
            385877.1792354242,
            4800964.803009411
          ],
          [
            386006.78709245904,
            4800835.209966317
          ],
          [
            386136.39494949393,
            4800705.616923222
          ],
          [
            386266.00280652876,
            4800576.023880129
          ],
          [
            386266.00280652876,
            4800446.430837034
          ],
          [
            386266.00280652876,
            4800316.83779394
          ],
          [
            386395.6106635636,
            4800187.244750845
          ],
          [
            386525.2185205985,
            4800057.651707751
          ],
          [
            386525.2185205985,
            4799928.058664656
          ],
          [
            386654.8263776333,
            4799798.465621562
          ],
          [
            386654.8263776333,
            4799668.872578467
          ],
          [
            386654.8263776333,
            4799539.279535373
          ],
          [
            386654.8263776333,
            4799409.686492278
          ],
          [
            386784.4342346682,
            4799280.093449185
          ],
          [
            386784.4342346682,
            4799150.50040609
          ],
          [
            386784.4342346682,
            4799020.907362996
          ],
          [
            386784.4342346682,
            4798891.314319901
          ],
          [
            386784.4342346682,
            4798761.721276807
          ],
          [
            386914.04209170304,
            4798632.128233712
          ],
          [
            387043.6499487379,
            4798502.535190618
          ],
          [
            387173.25780577277,
            4798372.942147523
          ],
          [
            387302.8656628076,
            4798372.942147523
          ],
          [
            387432.4735198425,
            4798502.535190618
          ],
          [
            387562.0813768773,
            4798502.535190618
          ],
          [
            387691.68923391216,
            4798502.535190618
          ],
          [
            387821.29709094705,
            4798502.535190618
          ],
          [
            387950.9049479819,
            4798502.535190618
          ],
          [
            388080.5128050167,
            4798372.942147523
          ],
          [
            388210.1206620516,
            4798243.349104429
          ],
          [
            388210.1206620516,
            4798113.756061334
          ],
          [
            388210.1206620516,
            4797984.163018241
          ],
          [
            388339.72851908643,
            4797854.569975146
          ],
          [
            388339.72851908643,
            4797724.976932052
          ],
          [
            388339.72851908643,
            4797595.383888957
          ],
          [
            388339.72851908643,
            4797465.790845863
          ],
          [
            388469.3363761213,
            4797336.197802768
          ],
          [
            388598.94423315616,
            4797336.197802768
          ],
          [
            388728.552090191,
            4797206.604759674
          ],
          [
            388858.1599472259,
            4797077.011716579
          ],
          [
            388987.7678042607,
            4796947.418673485
          ],
          [
            388987.7678042607,
            4796817.825630391
          ],
          [
            389117.37566129555,
            4796688.2325872965
          ],
          [
            389117.37566129555,
            4796558.639544202
          ],
          [
            388987.7678042607,
            4796429.0465011075
          ],
          [
            388987.7678042607,
            4796299.453458013
          ],
          [
            388987.7678042607,
            4796169.8604149185
          ],
          [
            388987.7678042607,
            4796040.267371824
          ],
          [
            389117.37566129555,
            4795910.6743287295
          ],
          [
            389246.98351833044,
            4795910.6743287295
          ],
          [
            389376.5913753653,
            4795910.6743287295
          ],
          [
            389506.19923240016,
            4795781.081285635
          ],
          [
            389506.19923240016,
            4795651.4882425405
          ],
          [
            389635.807089435,
            4795521.895199447
          ],
          [
            389765.4149464698,
            4795392.302156352
          ],
          [
            389765.4149464698,
            4795262.709113258
          ],
          [
            389765.4149464698,
            4795133.116070163
          ],
          [
            389895.0228035047,
            4795003.523027069
          ],
          [
            389895.0228035047,
            4794873.929983974
          ],
          [
            390024.63066053955,
            4794744.33694088
          ],
          [
            390154.2385175744,
            4794744.33694088
          ],
          [
            390283.8463746093,
            4794744.33694088
          ],
          [
            390413.4542316441,
            4794614.743897785
          ],
          [
            390543.062088679,
            4794614.743897785
          ],
          [
            390672.66994571383,
            4794485.150854691
          ],
          [
            390802.27780274866,
            4794355.557811596
          ],
          [
            390931.88565978355,
            4794225.964768503
          ],
          [
            391061.4935168184,
            4794225.964768503
          ],
          [
            391191.1013738533,
            4794096.371725408
          ],
          [
            391191.1013738533,
            4793966.778682314
          ],
          [
            391320.7092308881,
            4793837.185639219
          ],
          [
            391320.7092308881,
            4793707.592596125
          ],
          [
            391450.31708792294,
            4793577.99955303
          ],
          [
            391579.92494495783,
            4793448.406509936
          ],
          [
            391709.53280199267,
            4793318.813466841
          ],
          [
            391839.1406590275,
            4793318.813466841
          ],
          [
            391968.7485160624,
            4793189.220423747
          ],
          [
            391968.7485160624,
            4793059.627380652
          ],
          [
            392098.3563730972,
            4792930.034337559
          ],
          [
            392227.9642301321,
            4792800.441294464
          ],
          [
            392357.57208716695,
            4792670.84825137
          ],
          [
            392487.1799442018,
            4792670.84825137
          ],
          [
            392616.7878012367,
            4792541.255208275
          ],
          [
            392746.3956582715,
            4792411.662165181
          ],
          [
            392876.00351530634,
            4792282.069122086
          ],
          [
            392876.00351530634,
            4792152.476078992
          ],
          [
            393005.6113723412,
            4792022.883035897
          ],
          [
            393135.21922937606,
            4791893.289992803
          ],
          [
            393264.82708641095,
            4791893.289992803
          ],
          [
            393394.4349434458,
            4791763.696949709
          ],
          [
            393524.0428004806,
            4791634.103906615
          ],
          [
            393653.6506575155,
            4791634.103906615
          ],
          [
            393783.25851455034,
            4791763.696949709
          ],
          [
            393912.8663715852,
            4791634.103906615
          ],
          [
            393912.8663715852,
            4791504.51086352
          ],
          [
            394042.47422862006,
            4791374.917820426
          ],
          [
            394042.47422862006,
            4791245.324777331
          ],
          [
            394042.47422862006,
            4791115.731734237
          ],
          [
            394042.47422862006,
            4790986.138691142
          ],
          [
            394042.47422862006,
            4790856.545648048
          ],
          [
            394172.0820856549,
            4790726.952604953
          ],
          [
            394172.0820856549,
            4790597.359561859
          ],
          [
            394042.47422862006,
            4790467.766518765
          ],
          [
            394042.47422862006,
            4790338.173475671
          ],
          [
            394042.47422862006,
            4790208.580432576
          ],
          [
            394042.47422862006,
            4790078.987389482
          ],
          [
            394042.47422862006,
            4789949.394346387
          ],
          [
            394042.47422862006,
            4789819.801303293
          ],
          [
            394172.0820856549,
            4789690.208260198
          ],
          [
            394301.6899426898,
            4789560.615217104
          ],
          [
            394301.6899426898,
            4789431.022174009
          ],
          [
            394301.6899426898,
            4789301.429130915
          ],
          [
            394301.6899426898,
            4789171.836087821
          ],
          [
            394301.6899426898,
            4789042.243044727
          ],
          [
            394431.2977997246,
            4788912.650001632
          ],
          [
            394560.90565675945,
            4788783.056958538
          ],
          [
            394690.51351379434,
            4788653.463915443
          ],
          [
            394690.51351379434,
            4788523.870872349
          ],
          [
            394690.51351379434,
            4788394.277829254
          ],
          [
            394560.90565675945,
            4788264.68478616
          ],
          [
            394560.90565675945,
            4788135.091743065
          ],
          [
            394690.51351379434,
            4788005.498699971
          ],
          [
            394820.1213708292,
            4787875.905656877
          ],
          [
            394949.72922786407,
            4787746.3126137825
          ],
          [
            395079.3370848989,
            4787616.719570688
          ],
          [
            395079.3370848989,
            4787487.1265275935
          ],
          [
            395208.94494193373,
            4787487.1265275935
          ],
          [
            395338.5527989686,
            4787487.1265275935
          ],
          [
            395468.16065600346,
            4787357.533484499
          ],
          [
            395468.16065600346,
            4787227.9404414045
          ],
          [
            395597.7685130383,
            4787098.34739831
          ],
          [
            395727.3763700732,
            4786968.7543552155
          ],
          [
            395856.984227108,
            4786839.161312121
          ],
          [
            395986.5920841429,
            4786709.568269027
          ],
          [
            395986.5920841429,
            4786579.975225933
          ],
          [
            395986.5920841429,
            4786450.382182838
          ],
          [
            396116.19994117774,
            4786320.789139744
          ],
          [
            396116.19994117774,
            4786191.196096649
          ],
          [
            396245.80779821257,
            4786061.603053555
          ],
          [
            396375.41565524746,
            4785932.01001046
          ],
          [
            396505.0235122823,
            4785802.416967366
          ],
          [
            396634.6313693171,
            4785672.823924271
          ],
          [
            396764.239226352,
            4785543.230881177
          ],
          [
            396764.239226352,
            4785413.637838083
          ],
          [
            396893.84708338685,
            4785284.044794989
          ],
          [
            396893.84708338685,
            4785154.451751894
          ],
          [
            396893.84708338685,
            4785024.8587088
          ],
          [
            397023.45494042174,
            4784895.265665705
          ],
          [
            396893.84708338685,
            4784765.672622611
          ],
          [
            396764.239226352,
            4784636.079579516
          ],
          [
            396764.239226352,
            4784506.486536422
          ],
          [
            396764.239226352,
            4784376.893493327
          ],
          [
            396764.239226352,
            4784247.300450233
          ],
          [
            396764.239226352,
            4784117.707407139
          ],
          [
            396893.84708338685,
            4783988.114364045
          ],
          [
            396893.84708338685,
            4783858.52132095
          ],
          [
            396893.84708338685,
            4783728.928277856
          ],
          [
            396893.84708338685,
            4783599.335234761
          ],
          [
            397023.45494042174,
            4783469.742191667
          ],
          [
            396893.84708338685,
            4783340.149148572
          ],
          [
            396893.84708338685,
            4783210.556105478
          ],
          [
            397023.45494042174,
            4783080.963062383
          ],
          [
            397023.45494042174,
            4782951.370019289
          ],
          [
            397153.0627974566,
            4782821.776976195
          ],
          [
            397153.0627974566,
            4782692.183933101
          ],
          [
            397153.0627974566,
            4782562.590890006
          ],
          [
            397153.0627974566,
            4782432.997846912
          ],
          [
            397282.6706544914,
            4782303.404803817
          ],
          [
            397282.6706544914,
            4782173.811760723
          ],
          [
            397282.6706544914,
            4782044.218717628
          ],
          [
            397282.6706544914,
            4781914.625674534
          ],
          [
            397282.6706544914,
            4781785.032631439
          ],
          [
            397282.6706544914,
            4781655.439588346
          ],
          [
            397412.2785115263,
            4781525.846545251
          ],
          [
            397412.2785115263,
            4781396.253502157
          ],
          [
            397412.2785115263,
            4781266.660459062
          ],
          [
            397541.8863685611,
            4781137.067415968
          ],
          [
            397671.49422559596,
            4781007.474372873
          ],
          [
            397671.49422559596,
            4780877.881329779
          ],
          [
            397671.49422559596,
            4780748.288286684
          ],
          [
            397801.10208263085,
            4780618.69524359
          ],
          [
            397801.10208263085,
            4780489.102200495
          ],
          [
            397801.10208263085,
            4780359.5091574015
          ],
          [
            397930.7099396657,
            4780229.916114307
          ],
          [
            397930.7099396657,
            4780100.3230712125
          ],
          [
            397930.7099396657,
            4779970.730028118
          ],
          [
            397930.7099396657,
            4779841.1369850235
          ],
          [
            397930.7099396657,
            4779711.543941929
          ],
          [
            397930.7099396657,
            4779581.9508988345
          ],
          [
            397930.7099396657,
            4779452.35785574
          ],
          [
            397930.7099396657,
            4779322.7648126455
          ],
          [
            397930.7099396657,
            4779193.171769551
          ],
          [
            397930.7099396657,
            4779063.578726457
          ],
          [
            397930.7099396657,
            4778933.985683363
          ],
          [
            398060.3177967006,
            4778804.392640268
          ],
          [
            398060.3177967006,
            4778674.799597174
          ],
          [
            398060.3177967006,
            4778545.206554079
          ],
          [
            398060.3177967006,
            4778415.613510985
          ],
          [
            398060.3177967006,
            4778286.02046789
          ],
          [
            398189.9256537354,
            4778156.427424796
          ],
          [
            398319.53351077024,
            4778026.834381701
          ],
          [
            398449.14136780513,
            4777897.241338607
          ],
          [
            398449.14136780513,
            4777767.648295513
          ],
          [
            398449.14136780513,
            4777638.055252419
          ],
          [
            398578.74922483996,
            4777508.462209324
          ],
          [
            398578.74922483996,
            4777378.86916623
          ],
          [
            398578.74922483996,
            4777249.276123135
          ],
          [
            398708.35708187486,
            4777119.683080041
          ],
          [
            398837.9649389097,
            4777119.683080041
          ],
          [
            398967.5727959445,
            4777119.683080041
          ],
          [
            399097.1806529794,
            4776990.090036946
          ],
          [
            399226.78851001424,
            4776860.496993852
          ],
          [
            399226.78851001424,
            4776730.903950757
          ],
          [
            399226.78851001424,
            4776601.310907664
          ],
          [
            399356.3963670491,
            4776471.717864569
          ],
          [
            399486.00422408397,
            4776342.124821475
          ],
          [
            399615.6120811188,
            4776212.53177838
          ],
          [
            399615.6120811188,
            4776082.938735286
          ],
          [
            399745.2199381537,
            4775953.345692191
          ],
          [
            399874.8277951885,
            4775823.752649097
          ],
          [
            400004.43565222336,
            4775694.159606002
          ],
          [
            400004.43565222336,
            4775564.566562908
          ],
          [
            400004.43565222336,
            4775434.973519813
          ],
          [
            400004.43565222336,
            4775305.38047672
          ],
          [
            400004.43565222336,
            4775175.787433625
          ],
          [
            400004.43565222336,
            4775046.194390531
          ],
          [
            400004.43565222336,
            4774916.601347436
          ],
          [
            400004.43565222336,
            4774787.008304342
          ],
          [
            400004.43565222336,
            4774657.415261247
          ],
          [
            400134.04350925825,
            4774527.822218153
          ],
          [
            400263.6513662931,
            4774527.822218153
          ],
          [
            400393.2592233279,
            4774398.229175058
          ],
          [
            400522.8670803628,
            4774398.229175058
          ],
          [
            400652.47493739764,
            4774268.636131964
          ],
          [
            400782.0827944325,
            4774268.636131964
          ],
          [
            400911.69065146736,
            4774139.043088869
          ],
          [
            400911.69065146736,
            4774009.450045776
          ],
          [
            400911.69065146736,
            4773879.857002681
          ],
          [
            400911.69065146736,
            4773750.263959587
          ],
          [
            401041.2985085022,
            4773620.670916492
          ],
          [
            400911.69065146736,
            4773491.077873398
          ],
          [
            400911.69065146736,
            4773361.484830303
          ],
          [
            400911.69065146736,
            4773231.891787209
          ],
          [
            400911.69065146736,
            4773102.298744114
          ],
          [
            401041.2985085022,
            4772972.70570102
          ],
          [
            401041.2985085022,
            4772843.112657925
          ],
          [
            400911.69065146736,
            4772713.519614832
          ],
          [
            400782.0827944325,
            4772583.926571737
          ],
          [
            400652.47493739764,
            4772454.333528643
          ],
          [
            400652.47493739764,
            4772324.740485548
          ],
          [
            400652.47493739764,
            4772195.147442454
          ],
          [
            400652.47493739764,
            4772065.554399359
          ],
          [
            400782.0827944325,
            4771935.961356265
          ],
          [
            400782.0827944325,
            4771806.36831317
          ],
          [
            400782.0827944325,
            4771676.775270076
          ],
          [
            400782.0827944325,
            4771547.182226982
          ],
          [
            400782.0827944325,
            4771417.5891838875
          ],
          [
            400782.0827944325,
            4771287.996140793
          ],
          [
            400911.69065146736,
            4771158.403097698
          ],
          [
            400911.69065146736,
            4771028.810054604
          ],
          [
            401041.2985085022,
            4770899.217011509
          ],
          [
            401041.2985085022,
            4770769.623968415
          ],
          [
            401041.2985085022,
            4770640.03092532
          ],
          [
            401041.2985085022,
            4770510.437882226
          ],
          [
            401170.9063655371,
            4770380.844839131
          ],
          [
            401300.5142225719,
            4770251.251796038
          ],
          [
            401430.12207960675,
            4770121.658752943
          ],
          [
            401430.12207960675,
            4769992.065709849
          ],
          [
            401430.12207960675,
            4769862.472666754
          ],
          [
            401559.72993664164,
            4769732.87962366
          ],
          [
            401689.3377936765,
            4769732.87962366
          ],
          [
            401818.94565071136,
            4769732.87962366
          ],
          [
            401948.5535077462,
            4769603.286580565
          ],
          [
            402078.16136478103,
            4769473.693537471
          ],
          [
            402207.7692218159,
            4769344.100494376
          ],
          [
            402337.37707885075,
            4769214.507451282
          ],
          [
            402466.98493588564,
            4769084.914408187
          ],
          [
            402596.5927929205,
            4769084.914408187
          ],
          [
            402726.2006499553,
            4768955.321365094
          ],
          [
            402855.8085069902,
            4768825.728321999
          ],
          [
            402985.41636402503,
            4768825.728321999
          ],
          [
            403115.02422105987,
            4768825.728321999
          ],
          [
            403244.63207809476,
            4768825.728321999
          ],
          [
            403374.2399351296,
            4768696.135278905
          ],
          [
            403374.2399351296,
            4768566.54223581
          ],
          [
            403374.2399351296,
            4768436.949192716
          ],
          [
            403374.2399351296,
            4768307.356149621
          ],
          [
            403374.2399351296,
            4768177.763106527
          ],
          [
            403503.8477921645,
            4768048.170063432
          ],
          [
            403633.4556491993,
            4767918.577020338
          ],
          [
            403763.06350623415,
            4767788.983977243
          ],
          [
            403763.06350623415,
            4767659.39093415
          ],
          [
            403763.06350623415,
            4767529.797891055
          ],
          [
            403763.06350623415,
            4767400.204847961
          ],
          [
            403892.67136326904,
            4767270.611804866
          ],
          [
            403892.67136326904,
            4767141.018761772
          ],
          [
            403892.67136326904,
            4767011.425718677
          ],
          [
            403892.67136326904,
            4766881.832675583
          ],
          [
            403892.67136326904,
            4766752.239632488
          ],
          [
            404022.27922030387,
            4766622.646589394
          ],
          [
            404151.8870773387,
            4766622.646589394
          ],
          [
            404281.4949343736,
            4766493.0535463
          ],
          [
            404281.4949343736,
            4766363.460503206
          ],
          [
            404281.4949343736,
            4766233.867460111
          ],
          [
            404281.4949343736,
            4766104.274417017
          ],
          [
            404411.1027914084,
            4765974.681373922
          ],
          [
            404540.7106484433,
            4765845.088330828
          ],
          [
            404670.31850547815,
            4765845.088330828
          ],
          [
            404670.31850547815,
            4765715.495287733
          ],
          [
            404799.926362513,
            4765585.902244639
          ],
          [
            404799.926362513,
            4765456.309201544
          ],
          [
            404670.31850547815,
            4765326.71615845
          ],
          [
            404540.7106484433,
            4765197.123115356
          ],
          [
            404411.1027914084,
            4765067.530072262
          ],
          [
            404540.7106484433,
            4764937.937029167
          ],
          [
            404540.7106484433,
            4764808.343986073
          ],
          [
            404411.1027914084,
            4764678.750942978
          ],
          [
            404281.4949343736,
            4764549.157899884
          ],
          [
            404281.4949343736,
            4764419.564856789
          ],
          [
            404411.1027914084,
            4764289.971813695
          ],
          [
            404411.1027914084,
            4764160.3787706
          ],
          [
            404411.1027914084,
            4764030.785727506
          ],
          [
            404411.1027914084,
            4763901.192684412
          ],
          [
            404411.1027914084,
            4763771.5996413175
          ],
          [
            404281.4949343736,
            4763642.006598223
          ],
          [
            404151.8870773387,
            4763512.4135551285
          ],
          [
            404151.8870773387,
            4763382.820512034
          ],
          [
            404151.8870773387,
            4763253.2274689395
          ],
          [
            404281.4949343736,
            4763123.634425845
          ],
          [
            404411.1027914084,
            4762994.0413827505
          ],
          [
            404411.1027914084,
            4762864.448339656
          ],
          [
            404411.1027914084,
            4762734.8552965615
          ],
          [
            404411.1027914084,
            4762605.262253468
          ],
          [
            404540.7106484433,
            4762475.669210373
          ],
          [
            404670.31850547815,
            4762346.076167279
          ],
          [
            404799.926362513,
            4762216.483124184
          ],
          [
            404799.926362513,
            4762086.89008109
          ],
          [
            404670.31850547815,
            4761957.297037995
          ],
          [
            404540.7106484433,
            4761827.703994901
          ],
          [
            404540.7106484433,
            4761698.110951806
          ],
          [
            404540.7106484433,
            4761568.517908712
          ],
          [
            404411.1027914084,
            4761438.924865618
          ],
          [
            404411.1027914084,
            4761309.331822524
          ],
          [
            404540.7106484433,
            4761179.738779429
          ],
          [
            404670.31850547815,
            4761050.145736335
          ],
          [
            404799.926362513,
            4760920.55269324
          ],
          [
            404799.926362513,
            4760790.959650146
          ],
          [
            404670.31850547815,
            4760661.366607051
          ],
          [
            404799.926362513,
            4760531.773563957
          ],
          [
            404929.5342195479,
            4760402.180520862
          ],
          [
            404799.926362513,
            4760272.587477768
          ],
          [
            404799.926362513,
            4760142.994434674
          ],
          [
            404670.31850547815,
            4760013.40139158
          ],
          [
            404670.31850547815,
            4759883.808348485
          ],
          [
            404540.7106484433,
            4759754.215305391
          ],
          [
            404540.7106484433,
            4759624.622262296
          ],
          [
            404540.7106484433,
            4759495.029219202
          ],
          [
            404670.31850547815,
            4759365.436176107
          ],
          [
            404799.926362513,
            4759235.843133013
          ],
          [
            404929.5342195479,
            4759235.843133013
          ],
          [
            405059.1420765827,
            4759106.250089918
          ],
          [
            404929.5342195479,
            4758976.657046824
          ],
          [
            404929.5342195479,
            4758847.06400373
          ],
          [
            404929.5342195479,
            4758717.470960636
          ],
          [
            404929.5342195479,
            4758587.877917541
          ],
          [
            404929.5342195479,
            4758458.284874447
          ],
          [
            404929.5342195479,
            4758328.691831352
          ],
          [
            404929.5342195479,
            4758199.098788258
          ],
          [
            404929.5342195479,
            4758069.505745163
          ],
          [
            405059.1420765827,
            4757939.912702069
          ],
          [
            405188.74993361754,
            4757810.319658974
          ],
          [
            405318.35779065243,
            4757680.72661588
          ],
          [
            405318.35779065243,
            4757551.133572786
          ],
          [
            405447.96564768726,
            4757421.540529692
          ],
          [
            405318.35779065243,
            4757291.947486597
          ],
          [
            405318.35779065243,
            4757162.354443503
          ],
          [
            405318.35779065243,
            4757032.761400408
          ],
          [
            405188.74993361754,
            4756903.168357314
          ],
          [
            405059.1420765827,
            4756773.575314219
          ],
          [
            404929.5342195479,
            4756773.575314219
          ],
          [
            404799.926362513,
            4756643.982271125
          ],
          [
            404799.926362513,
            4756514.38922803
          ],
          [
            404670.31850547815,
            4756384.796184937
          ],
          [
            404799.926362513,
            4756255.203141842
          ],
          [
            404799.926362513,
            4756125.610098748
          ],
          [
            404670.31850547815,
            4755996.017055653
          ],
          [
            404799.926362513,
            4755866.424012559
          ],
          [
            404799.926362513,
            4755736.830969464
          ],
          [
            404799.926362513,
            4755607.2379263695
          ],
          [
            404670.31850547815,
            4755477.644883275
          ],
          [
            404670.31850547815,
            4755348.0518401805
          ],
          [
            404670.31850547815,
            4755218.458797086
          ],
          [
            404540.7106484433,
            4755088.865753992
          ],
          [
            404540.7106484433,
            4754959.272710898
          ],
          [
            404540.7106484433,
            4754829.679667803
          ],
          [
            404670.31850547815,
            4754700.086624709
          ],
          [
            404799.926362513,
            4754570.493581614
          ],
          [
            404929.5342195479,
            4754440.90053852
          ],
          [
            405059.1420765827,
            4754311.307495425
          ],
          [
            405059.1420765827,
            4754181.714452331
          ],
          [
            405188.74993361754,
            4754052.121409236
          ],
          [
            405188.74993361754,
            4753922.528366142
          ],
          [
            405318.35779065243,
            4753792.935323048
          ],
          [
            405447.96564768726,
            4753663.342279954
          ],
          [
            405577.57350472215,
            4753533.749236859
          ],
          [
            405707.181361757,
            4753404.156193765
          ],
          [
            405707.181361757,
            4753274.56315067
          ],
          [
            405836.7892187918,
            4753144.970107576
          ],
          [
            405966.3970758267,
            4753015.377064481
          ],
          [
            406096.00493286154,
            4752885.784021387
          ],
          [
            406096.00493286154,
            4752756.190978292
          ],
          [
            406096.00493286154,
            4752626.597935198
          ],
          [
            406225.61278989643,
            4752497.004892104
          ],
          [
            406355.22064693127,
            4752367.41184901
          ],
          [
            406355.22064693127,
            4752237.818805915
          ],
          [
            406484.8285039661,
            4752108.225762821
          ],
          [
            406614.436361001,
            4752108.225762821
          ],
          [
            406744.0442180358,
            4751978.632719726
          ],
          [
            406744.0442180358,
            4751849.039676632
          ],
          [
            406873.65207507065,
            4751719.446633537
          ],
          [
            407003.25993210555,
            4751589.853590443
          ],
          [
            407003.25993210555,
            4751460.260547348
          ],
          [
            407003.25993210555,
            4751330.667504255
          ],
          [
            407132.8677891404,
            4751201.07446116
          ],
          [
            407262.47564617527,
            4751071.481418066
          ],
          [
            407392.0835032101,
            4750941.888374971
          ],
          [
            407521.69136024493,
            4750812.295331877
          ],
          [
            407651.2992172798,
            4750812.295331877
          ],
          [
            407780.90707431466,
            4750682.702288782
          ],
          [
            407780.90707431466,
            4750553.109245688
          ],
          [
            407780.90707431466,
            4750423.516202593
          ],
          [
            407910.51493134955,
            4750293.923159499
          ],
          [
            408040.1227883844,
            4750293.923159499
          ],
          [
            408169.7306454192,
            4750164.330116404
          ],
          [
            408299.3385024541,
            4750164.330116404
          ],
          [
            408428.94635948894,
            4750164.330116404
          ]
        ]
      },
      "properties": {
        "feature_type": "full_route",
        "type": "full_route",
        "route_type": "balanced",
        "algorithm": "NSGA-II Multi-Objective",
        "method": "NSGA-II Multi-Objective",
        "total_length_m": 75992.75,
        "total_length_km": 75.99,
        "straight_line_m": 61967.13,
        "length_efficiency": 0.8154,
        "total_segments": 494,
        "num_segments": 494,
        "avg_slope_percent": 10.27,
        "max_slope_percent": 29.97,
        "elevation_gain_m": 3472.92,
        "total_cost_usd": 46653747.8,
        "total_construction_cost_usd": 46653747.8,
        "cost_per_km_usd": 613923.65,
        "environmental_impact_score": 8.4855,
        "success": true,
        "termination_reason": "goal_reached",
        "generated_at": "2025-12-19T00:12:06.095771",
        "generation_timestamp": "2025-12-19T00:12:06.095783",
        "project": "test_project2",
        "crs": "EPSG:32633",
        "crs_name": "UTM Zone 33"
      }
    },
    {
      "type": "Feature",
      "geometry": {
        "type": "LineString",
        "coordinates": [
          [
            379656.0020977512,
            4804982.187345338
          ],
          [
            379785.609954786,
            4804852.594302244
          ]
        ]
      },
      "properties": {
        "feature_type": "segment",
        "segment_id": 1,
        "step": 1,
        "length_m": 183.28,
        "elevation_start": 161.42,
        "elevation_end": 149.58,
        "slope_percent": 11.06,
        "cost_usd": 120966.59,
        "cost_per_m": 660.0,
        "cumulative_cost": 120966.59,
        "terrain_cost": 72579.95,
        "environmental_cost": 6996.0,
        "land_cover_class": 10,
        "land_cover_name": "Tree cover",
        "geohazard_risk": 0.7938,
        "soil_capacity": 406.0,
        "population_density": 0.0589,
        "road_proximity_m": 63.5,
        "railway_proximity_m": -1,
        "water_proximity_m": 437.0,
        "crs": "EPSG:32633",
        "crs_name": "UTM Zone 33"
      }
    },
    {
      "type": "Feature",
      "geometry": {
        "type": "LineString",
        "coordinates": [
          [
            379785.609954786,
            4804852.594302244
          ],
          [
            379915.2178118209,
            4804723.001259149
          ]
        ]
      },
      "properties": {
        "feature_type": "segment",
        "segment_id": 2,
        "step": 2,
        "length_m": 183.28,
        "elevation_start": 149.58,
        "elevation_end": 125.58,
        "slope_percent": 6.22,
        "cost_usd": 84310.05,
        "cost_per_m": 460.0,
        "cumulative_cost": 205276.64,
        "terrain_cost": 50586.03,
        "environmental_cost": 4530.94,
        "land_cover_class": 30,
        "land_cover_name": "Grassland",
        "geohazard_risk": 0.7925,
        "soil_capacity": 406.0,
        "population_density": 0.0236,
        "road_proximity_m": 85.5,
        "railway_proximity_m": -1,
        "water_proximity_m": 475.4,
        "crs": "EPSG:32633",
        "crs_name": "UTM Zone 33"
      }
    },
    {
      "type": "Feature",
      "geometry": {
        "type": "LineString",
        "coordinates": [
          [
            379915.2178118209,
            4804723.001259149
          ],
          [
            380044.82566885574,
            4804723.001259149
          ]
        ]
      },
      "properties": {
        "feature_type": "segment",
        "segment_id": 3,
        "step": 3,
        "length_m": 129.61,
        "elevation_start": 125.58,
        "elevation_end": 135.87,
        "slope_percent": 9.18,
        "cost_usd": 59619.61,
        "cost_per_m": 460.0,
        "cumulative_cost": 264896.25,
        "terrain_cost": 35771.77,
        "environmental_cost": 3377.81,
        "land_cover_class": 30,
        "land_cover_name": "Grassland",
        "geohazard_risk": 0.7923,
        "soil_capacity": 409.0,
        "population_density": 0.0573,
        "road_proximity_m": 16.3,
        "railway_proximity_m": -1,
        "water_proximity_m": 347.7,
        "crs": "EPSG:32633",
        "crs_name": "UTM Zone 33"
      }
    },
    {
      "type": "Feature",
      "geometry": {
        "type": "LineString",
        "coordinates": [
          [
            380044.82566885574,
            4804723.001259149
          ],
          [
            380174.4335258906,
            4804593.408216055
          ]
        ]
      },
      "properties": {
        "feature_type": "segment",
        "segment_id": 4,
        "step": 4,
        "length_m": 183.28,
        "elevation_start": 135.87,
        "elevation_end": 139.44,
        "slope_percent": 5.05,
        "cost_usd": 120966.59,
        "cost_per_m": 660.0,
        "cumulative_cost": 385862.85,
        "terrain_cost": 72579.95,
        "environmental_cost": 6092.89,
        "land_cover_class": 40,
        "land_cover_name": "Cropland",
        "geohazard_risk": 0.7895,
        "soil_capacity": 405.0,
        "population_density": 0.014,
        "road_proximity_m": 24.2,
        "railway_proximity_m": -1,
        "water_proximity_m": 262.4,
        "crs": "EPSG:32633",
        "crs_name": "UTM Zone 33"
      }
    },
    {
      "type": "Feature",
      "geometry": {
        "type": "LineString",
        "coordinates": [
          [
            380174.4335258906,
            4804593.408216055
          ],
          [
            380304.04138292547,
            4804463.81517296
          ]
        ]
      },
      "properties": {
        "feature_type": "segment",
        "segment_id": 5,
        "step": 5,
        "length_m": 183.28,
        "elevation_start": 139.44,
        "elevation_end": 128.6,
        "slope_percent": 6.77,
        "cost_usd": 91641.36,
        "cost_per_m": 500.0,
        "cumulative_cost": 477504.2,
        "terrain_cost": 54984.81,
        "environmental_cost": 4353.45,
        "land_cover_class": 20,
        "land_cover_name": "Shrubland",
        "geohazard_risk": 0.788,
        "soil_capacity": 399.0,
        "population_density": 0.0028,
        "road_proximity_m": 85.5,
        "railway_proximity_m": -1,
        "water_proximity_m": 187.0,
        "crs": "EPSG:32633",
        "crs_name": "UTM Zone 33"
      }
    },
    {
      "type": "Feature",
      "geometry": {
        "type": "LineString",
        "coordinates": [
          [
            380304.04138292547,
            4804463.81517296
          ],
          [
            380433.6492399603,
            4804334.2221298665
          ]
        ]
      },
      "properties": {
        "feature_type": "segment",
        "segment_id": 6,
        "step": 6,
        "length_m": 183.28,
        "elevation_start": 128.6,
        "elevation_end": 117.33,
        "slope_percent": 9.6,
        "cost_usd": 84310.05,
        "cost_per_m": 460.0,
        "cumulative_cost": 561814.25,
        "terrain_cost": 50586.03,
        "environmental_cost": 4340.75,
        "land_cover_class": 30,
        "land_cover_name": "Grassland",
        "geohazard_risk": 0.7865,
        "soil_capacity": 395.0,
        "population_density": 0.0022,
        "road_proximity_m": 193.8,
        "railway_proximity_m": -1,
        "water_proximity_m": 134.5,
        "crs": "EPSG:32633",
        "crs_name": "UTM Zone 33"
      }
    },
    {
      "type": "Feature",
      "geometry": {
        "type": "LineString",
        "coordinates": [
          [
            380433.6492399603,
            4804334.2221298665
          ],
          [
            380563.25709699513,
            4804334.2221298665
          ]
        ]
      },
      "properties": {
        "feature_type": "segment",
        "segment_id": 7,
        "step": 7,
        "length_m": 129.61,
        "elevation_start": 117.33,
        "elevation_end": 101.33,
        "slope_percent": 5.33,
        "cost_usd": 64803.93,
        "cost_per_m": 500.0,
        "cumulative_cost": 626618.18,
        "terrain_cost": 38882.36,
        "environmental_cost": 3068.49,
        "land_cover_class": 20,
        "land_cover_name": "Shrubland",
        "geohazard_risk": 0.7863,
        "soil_capacity": 390.0,
        "population_density": 0.0022,
        "road_proximity_m": 212.4,
        "railway_proximity_m": -1,
        "water_proximity_m": 27.3,
        "crs": "EPSG:32633",
        "crs_name": "UTM Zone 33"
      }
    },
    {
      "type": "Feature",
      "geometry": {
        "type": "LineString",
        "coordinates": [
          [
            380563.25709699513,
            4804334.2221298665
          ],
          [
            380692.86495403,
            4804334.2221298665
          ]
        ]
      },
      "properties": {
        "feature_type": "segment",
        "segment_id": 8,
        "step": 8,
        "length_m": 129.61,
        "elevation_start": 101.33,
        "elevation_end": 99.16,
        "slope_percent": 4.77,
        "cost_usd": 77764.71,
        "cost_per_m": 600.0,
        "cumulative_cost": 704382.89,
        "terrain_cost": 46658.83,
        "environmental_cost": 4234.39,
        "land_cover_class": 40,
        "land_cover_name": "Cropland",
        "geohazard_risk": 0.7863,
        "soil_capacity": 390.0,
        "population_density": 0.0021,
        "road_proximity_m": 127.4,
        "railway_proximity_m": -1,
        "water_proximity_m": 100.0,
        "crs": "EPSG:32633",
        "crs_name": "UTM Zone 33"
      }
    },
    {
      "type": "Feature",
      "geometry": {
        "type": "LineString",
        "coordinates": [
          [
            380692.86495403,
            4804334.2221298665
          ],
          [
            380822.47281106486,
            4804334.2221298665
          ]
        ]
      },
      "properties": {
        "feature_type": "segment",
        "segment_id": 9,
        "step": 9,
        "length_m": 129.61,
        "elevation_start": 99.16,
        "elevation_end": 104.06,
        "slope_percent": 5.09,
        "cost_usd": 85541.19,
        "cost_per_m": 660.0,
        "cumulative_cost": 789924.08,
        "terrain_cost": 51324.71,
        "environmental_cost": 4233.5,
        "land_cover_class": 40,
        "land_cover_name": "Cropland",
        "geohazard_risk": 0.7863,
        "soil_capacity": 383.0,
        "population_density": 0.0019,
        "road_proximity_m": 113.8,
        "railway_proximity_m": -1,
        "water_proximity_m": 229.6,
        "crs": "EPSG:32633",
        "crs_name": "UTM Zone 33"
      }
    },
    {
      "type": "Feature",
      "geometry": {
        "type": "LineString",
        "coordinates": [
          [
            380822.47281106486,
            4804334.2221298665
          ],
          [
            380952.08066809975,
            4804334.2221298665
          ]
        ]
      },
      "properties": {
        "feature_type": "segment",
        "segment_id": 10,
        "step": 10,
        "length_m": 129.61,
        "elevation_start": 104.06,
        "elevation_end": 112.89,
        "slope_percent": 5.91,
        "cost_usd": 59619.61,
        "cost_per_m": 460.0,
        "cumulative_cost": 849543.69,
        "terrain_cost": 35771.77,
        "environmental_cost": 3105.11,
        "land_cover_class": 30,
        "land_cover_name": "Grassland",
        "geohazard_risk": 0.7863,
        "soil_capacity": 383.0,
        "population_density": 0.0092,
        "road_proximity_m": 107.4,
        "railway_proximity_m": -1,
        "water_proximity_m": 359.2,
        "crs": "EPSG:32633",
        "crs_name": "UTM Zone 33"
      }
    },
    {
      "type": "Feature",
      "geometry": {
        "type": "LineString",
        "coordinates": [
          [
            380952.08066809975,
            4804334.2221298665
          ],
          [
            381081.6885251346,
            4804204.629086772
          ]
        ]
      },
      "properties": {
        "feature_type": "segment",
        "segment_id": 11,
        "step": 11,
        "length_m": 183.28,
        "elevation_start": 112.89,
        "elevation_end": 123.19,
        "slope_percent": 1.86,
        "cost_usd": 73313.09,
        "cost_per_m": 400.0,
        "cumulative_cost": 922856.78,
        "terrain_cost": 43987.85,
        "environmental_cost": 4405.84,
        "land_cover_class": 30,
        "land_cover_name": "Grassland",
        "geohazard_risk": 0.0,
        "soil_capacity": 0.0,
        "population_density": 0.0,
        "road_proximity_m": -1,
        "railway_proximity_m": -1,
        "water_proximity_m": -1,
        "crs": "EPSG:32633",
        "crs_name": "UTM Zone 33"
      }
    },
    {
      "type": "Feature",
      "geometry": {
        "type": "LineString",
        "coordinates": [
          [
            381081.6885251346,
            4804204.629086772
          ],
          [
            381211.2963821694,
            4804075.0360436775
          ]
        ]
      },
      "properties": {
        "feature_type": "segment",
        "segment_id": 12,
        "step": 12,
        "length_m": 183.28,
        "elevation_start": 123.19,
        "elevation_end": 111.6,
        "slope_percent": 9.59,
        "cost_usd": 84310.05,
        "cost_per_m": 460.0,
        "cumulative_cost": 1007166.83,
        "terrain_cost": 50586.03,
        "environmental_cost": 4638.85,
        "land_cover_class": 30,
        "land_cover_name": "Grassland",
        "geohazard_risk": 0.0,
        "soil_capacity": 0.0,
        "population_density": 0.0,
        "road_proximity_m": -1,
        "railway_proximity_m": -1,
        "water_proximity_m": -1,
        "crs": "EPSG:32633",
        "crs_name": "UTM Zone 33"
      }
    },
    {
      "type": "Feature",
      "geometry": {
        "type": "LineString",
        "coordinates": [
          [
            381211.2963821694,
            4804075.0360436775
          ],
          [
            381340.9042392043,
            4803945.443000583
          ]
        ]
      },
      "properties": {
        "feature_type": "segment",
        "segment_id": 13,
        "step": 13,
        "length_m": 183.28,
        "elevation_start": 111.6,
        "elevation_end": 92.65,
        "slope_percent": 8.28,
        "cost_usd": 120966.59,
        "cost_per_m": 660.0,
        "cumulative_cost": 1128133.42,
        "terrain_cost": 72579.95,
        "environmental_cost": 6517.53,
        "land_cover_class": 40,
        "land_cover_name": "Cropland",
        "geohazard_risk": 0.0,
        "soil_capacity": 0.0,
        "population_density": 0.0,
        "road_proximity_m": -1,
        "railway_proximity_m": -1,
        "water_proximity_m": -1,
        "crs": "EPSG:32633",
        "crs_name": "UTM Zone 33"
      }
    },
    {
      "type": "Feature",
      "geometry": {
        "type": "LineString",
        "coordinates": [
          [
            381340.9042392043,
            4803945.443000583
          ],
          [
            381470.51209623914,
            4803815.8499574885
          ]
        ]
      },
      "properties": {
        "feature_type": "segment",
        "segment_id": 14,
        "step": 14,
        "length_m": 183.28,
        "elevation_start": 92.65,
        "elevation_end": 87.61,
        "slope_percent": 4.28,
        "cost_usd": 73313.09,
        "cost_per_m": 400.0,
        "cumulative_cost": 1201446.51,
        "terrain_cost": 43987.85,
        "environmental_cost": 4562.12,
        "land_cover_class": 30,
        "land_cover_name": "Grassland",
        "geohazard_risk": 0.0,
        "soil_capacity": 0.0,
        "population_density": 0.0,
        "road_proximity_m": -1,
        "railway_proximity_m": -1,
        "water_proximity_m": -1,
        "crs": "EPSG:32633",
        "crs_name": "UTM Zone 33"
      }
    },
    {
      "type": "Feature",
      "geometry": {
        "type": "LineString",
        "coordinates": [
          [
            381470.51209623914,
            4803815.8499574885
          ],
          [
            381600.11995327397,
            4803815.8499574885
          ]
        ]
      },
      "properties": {
        "feature_type": "segment",
        "segment_id": 15,
        "step": 15,
        "length_m": 129.61,
        "elevation_start": 87.61,
        "elevation_end": 85.84,
        "slope_percent": 5.36,
        "cost_usd": 72580.4,
        "cost_per_m": 560.0,
        "cumulative_cost": 1274026.91,
        "terrain_cost": 43548.24,
        "environmental_cost": 5035.63,
        "land_cover_class": 10,
        "land_cover_name": "Tree cover",
        "geohazard_risk": 0.7811,
        "soil_capacity": 390.0,
        "population_density": 0.0855,
        "road_proximity_m": 20.3,
        "railway_proximity_m": -1,
        "water_proximity_m": 269.0,
        "crs": "EPSG:32633",
        "crs_name": "UTM Zone 33"
      }
    },
    {
      "type": "Feature",
      "geometry": {
        "type": "LineString",
        "coordinates": [
          [
            381600.11995327397,
            4803815.8499574885
          ],
          [
            381729.72781030886,
            4803815.8499574885
          ]
        ]
      },
      "properties": {
        "feature_type": "segment",
        "segment_id": 16,
        "step": 16,
        "length_m": 129.61,
        "elevation_start": 85.84,
        "elevation_end": 73.04,
        "slope_percent": 7.15,
        "cost_usd": 85541.19,
        "cost_per_m": 660.0,
        "cumulative_cost": 1359568.09,
        "terrain_cost": 51324.71,
        "environmental_cost": 4630.95,
        "land_cover_class": 40,
        "land_cover_name": "Cropland",
        "geohazard_risk": 0.0,
        "soil_capacity": 0.0,
        "population_density": 0.0,
        "road_proximity_m": -1,
        "railway_proximity_m": -1,
        "water_proximity_m": -1,
        "crs": "EPSG:32633",
        "crs_name": "UTM Zone 33"
      }
    },
    {
      "type": "Feature",
      "geometry": {
        "type": "LineString",
        "coordinates": [
          [
            381729.72781030886,
            4803815.8499574885
          ],
          [
            381859.3356673437,
            4803815.8499574885
          ]
        ]
      },
      "properties": {
        "feature_type": "segment",
        "segment_id": 17,
        "step": 17,
        "length_m": 129.61,
        "elevation_start": 73.04,
        "elevation_end": 64.45,
        "slope_percent": 3.06,
        "cost_usd": 77764.71,
        "cost_per_m": 600.0,
        "cumulative_cost": 1437332.81,
        "terrain_cost": 46658.83,
        "environmental_cost": 4415.09,
        "land_cover_class": 40,
        "land_cover_name": "Cropland",
        "geohazard_risk": 0.0,
        "soil_capacity": 0.0,
        "population_density": 0.0,
        "road_proximity_m": -1,
        "railway_proximity_m": -1,
        "water_proximity_m": -1,
        "crs": "EPSG:32633",
        "crs_name": "UTM Zone 33"
      }
    },
    {
      "type": "Feature",
      "geometry": {
        "type": "LineString",
        "coordinates": [
          [
            381859.3356673437,
            4803815.8499574885
          ],
          [
            381988.9435243786,
            4803815.8499574885
          ]
        ]
      },
      "properties": {
        "feature_type": "segment",
        "segment_id": 18,
        "step": 18,
        "length_m": 129.61,
        "elevation_start": 64.45,
        "elevation_end": 61.8,
        "slope_percent": 5.62,
        "cost_usd": 85541.19,
        "cost_per_m": 660.0,
        "cumulative_cost": 1522873.99,
        "terrain_cost": 51324.71,
        "environmental_cost": 4303.59,
        "land_cover_class": 40,
        "land_cover_name": "Cropland",
        "geohazard_risk": 0.0,
        "soil_capacity": 0.0,
        "population_density": 0.0,
        "road_proximity_m": -1,
        "railway_proximity_m": -1,
        "water_proximity_m": -1,
        "crs": "EPSG:32633",
        "crs_name": "UTM Zone 33"
      }
    },
    {
      "type": "Feature",
      "geometry": {
        "type": "LineString",
        "coordinates": [
          [
            381988.9435243786,
            4803815.8499574885
          ],
          [
            382118.5513814134,
            4803815.8499574885
          ]
        ]
      },
      "properties": {
        "feature_type": "segment",
        "segment_id": 19,
        "step": 19,
        "length_m": 129.61,
        "elevation_start": 61.8,
        "elevation_end": 69.79,
        "slope_percent": 10.73,
        "cost_usd": 98501.97,
        "cost_per_m": 760.0,
        "cumulative_cost": 1621375.96,
        "terrain_cost": 59101.18,
        "environmental_cost": 4232.14,
        "land_cover_class": 40,
        "land_cover_name": "Cropland",
        "geohazard_risk": 0.0,
        "soil_capacity": 0.0,
        "population_density": 0.0,
        "road_proximity_m": -1,
        "railway_proximity_m": -1,
        "water_proximity_m": -1,
        "crs": "EPSG:32633",
        "crs_name": "UTM Zone 33"
      }
    },
    {
      "type": "Feature",
      "geometry": {
        "type": "LineString",
        "coordinates": [
          [
            382118.5513814134,
            4803815.8499574885
          ],
          [
            382248.15923844825,
            4803815.8499574885
          ]
        ]
      },
      "properties": {
        "feature_type": "segment",
        "segment_id": 20,
        "step": 20,
        "length_m": 129.61,
        "elevation_start": 69.79,
        "elevation_end": 74.01,
        "slope_percent": 10.92,
        "cost_usd": 98501.97,
        "cost_per_m": 760.0,
        "cumulative_cost": 1719877.93,
        "terrain_cost": 59101.18,
        "environmental_cost": 4217.68,
        "land_cover_class": 40,
        "land_cover_name": "Cropland",
        "geohazard_risk": 0.7817,
        "soil_capacity": 399.0,
        "population_density": 0.0023,
        "road_proximity_m": 77.8,
        "railway_proximity_m": -1,
        "water_proximity_m": 134.9,
        "crs": "EPSG:32633",
        "crs_name": "UTM Zone 33"
      }
    },
    {
      "type": "Feature",
      "geometry": {
        "type": "LineString",
        "coordinates": [
          [
            382248.15923844825,
            4803815.8499574885
          ],
          [
            382377.76709548314,
            4803815.8499574885
          ]
        ]
      },
      "properties": {
        "feature_type": "segment",
        "segment_id": 21,
        "step": 21,
        "length_m": 129.61,
        "elevation_start": 74.01,
        "elevation_end": 72.34,
        "slope_percent": 7.11,
        "cost_usd": 85541.19,
        "cost_per_m": 660.0,
        "cumulative_cost": 1805419.12,
        "terrain_cost": 51324.71,
        "environmental_cost": 4218.93,
        "land_cover_class": 40,
        "land_cover_name": "Cropland",
        "geohazard_risk": 0.0,
        "soil_capacity": 0.0,
        "population_density": 0.0,
        "road_proximity_m": -1,
        "railway_proximity_m": -1,
        "water_proximity_m": -1,
        "crs": "EPSG:32633",
        "crs_name": "UTM Zone 33"
      }
    },
    {
      "type": "Feature",
      "geometry": {
        "type": "LineString",
        "coordinates": [
          [
            382377.76709548314,
            4803815.8499574885
          ],
          [
            382507.374952518,
            4803815.8499574885
          ]
        ]
      },
      "properties": {
        "feature_type": "segment",
        "segment_id": 22,
        "step": 22,
        "length_m": 129.61,
        "elevation_start": 72.34,
        "elevation_end": 80.65,
        "slope_percent": 4.83,
        "cost_usd": 51843.14,
        "cost_per_m": 400.0,
        "cumulative_cost": 1857262.26,
        "terrain_cost": 31105.89,
        "environmental_cost": 3054.97,
        "land_cover_class": 30,
        "land_cover_name": "Grassland",
        "geohazard_risk": 0.0,
        "soil_capacity": 0.0,
        "population_density": 0.0,
        "road_proximity_m": -1,
        "railway_proximity_m": -1,
        "water_proximity_m": -1,
        "crs": "EPSG:32633",
        "crs_name": "UTM Zone 33"
      }
    },
    {
      "type": "Feature",
      "geometry": {
        "type": "LineString",
        "coordinates": [
          [
            382507.374952518,
            4803815.8499574885
          ],
          [
            382636.9828095528,
            4803815.8499574885
          ]
        ]
      },
      "properties": {
        "feature_type": "segment",
        "segment_id": 23,
        "step": 23,
        "length_m": 129.61,
        "elevation_start": 80.65,
        "elevation_end": 84.1,
        "slope_percent": 3.73,
        "cost_usd": 77764.71,
        "cost_per_m": 600.0,
        "cumulative_cost": 1935026.98,
        "terrain_cost": 46658.83,
        "environmental_cost": 4219.07,
        "land_cover_class": 40,
        "land_cover_name": "Cropland",
        "geohazard_risk": 0.0,
        "soil_capacity": 0.0,
        "population_density": 0.0,
        "road_proximity_m": -1,
        "railway_proximity_m": -1,
        "water_proximity_m": -1,
        "crs": "EPSG:32633",
        "crs_name": "UTM Zone 33"
      }
    },
    {
      "type": "Feature",
      "geometry": {
        "type": "LineString",
        "coordinates": [
          [
            382636.9828095528,
            4803815.8499574885
          ],
          [
            382766.5906665877,
            4803815.8499574885
          ]
        ]
      },
      "properties": {
        "feature_type": "segment",
        "segment_id": 24,
        "step": 24,
        "length_m": 129.61,
        "elevation_start": 84.1,
        "elevation_end": 80.79,
        "slope_percent": 5.26,
        "cost_usd": 85541.19,
        "cost_per_m": 660.0,
        "cumulative_cost": 2020568.16,
        "terrain_cost": 51324.71,
        "environmental_cost": 4220.96,
        "land_cover_class": 40,
        "land_cover_name": "Cropland",
        "geohazard_risk": 0.0,
        "soil_capacity": 0.0,
        "population_density": 0.0,
        "road_proximity_m": -1,
        "railway_proximity_m": -1,
        "water_proximity_m": -1,
        "crs": "EPSG:32633",
        "crs_name": "UTM Zone 33"
      }
    },
    {
      "type": "Feature",
      "geometry": {
        "type": "LineString",
        "coordinates": [
          [
            382766.5906665877,
            4803815.8499574885
          ],
          [
            382896.19852362253,
            4803815.8499574885
          ]
        ]
      },
      "properties": {
        "feature_type": "segment",
        "segment_id": 25,
        "step": 25,
        "length_m": 129.61,
        "elevation_start": 80.79,
        "elevation_end": 79.48,
        "slope_percent": 5.19,
        "cost_usd": 85541.19,
        "cost_per_m": 660.0,
        "cumulative_cost": 2106109.35,
        "terrain_cost": 51324.71,
        "environmental_cost": 4251.18,
        "land_cover_class": 40,
        "land_cover_name": "Cropland",
        "geohazard_risk": 0.7824,
        "soil_capacity": 397.0,
        "population_density": 0.0082,
        "road_proximity_m": 199.1,
        "railway_proximity_m": -1,
        "water_proximity_m": 586.0,
        "crs": "EPSG:32633",
        "crs_name": "UTM Zone 33"
      }
    },
    {
      "type": "Feature",
      "geometry": {
        "type": "LineString",
        "coordinates": [
          [
            382896.19852362253,
            4803815.8499574885
          ],
          [
            383025.8063806574,
            4803815.8499574885
          ]
        ]
      },
      "properties": {
        "feature_type": "segment",
        "segment_id": 26,
        "step": 26,
        "length_m": 129.61,
        "elevation_start": 79.48,
        "elevation_end": 79.25,
        "slope_percent": 4.91,
        "cost_usd": 77764.71,
        "cost_per_m": 600.0,
        "cumulative_cost": 2183874.06,
        "terrain_cost": 46658.83,
        "environmental_cost": 4438.32,
        "land_cover_class": 40,
        "land_cover_name": "Cropland",
        "geohazard_risk": 0.0,
        "soil_capacity": 0.0,
        "population_density": 0.0,
        "road_proximity_m": -1,
        "railway_proximity_m": -1,
        "water_proximity_m": -1,
        "crs": "EPSG:32633",
        "crs_name": "UTM Zone 33"
      }
    },
    {
      "type": "Feature",
      "geometry": {
        "type": "LineString",
        "coordinates": [
          [
            383025.8063806574,
            4803815.8499574885
          ],
          [
            383155.41423769225,
            4803815.8499574885
          ]
        ]
      },
      "properties": {
        "feature_type": "segment",
        "segment_id": 27,
        "step": 27,
        "length_m": 129.61,
        "elevation_start": 79.25,
        "elevation_end": 77.69,
        "slope_percent": 4.58,
        "cost_usd": 77764.71,
        "cost_per_m": 600.0,
        "cumulative_cost": 2261638.78,
        "terrain_cost": 46658.83,
        "environmental_cost": 4693.7,
        "land_cover_class": 40,
        "land_cover_name": "Cropland",
        "geohazard_risk": 0.0,
        "soil_capacity": 0.0,
        "population_density": 0.0,
        "road_proximity_m": -1,
        "railway_proximity_m": -1,
        "water_proximity_m": -1,
        "crs": "EPSG:32633",
        "crs_name": "UTM Zone 33"
      }
    },
    {
      "type": "Feature",
      "geometry": {
        "type": "LineString",
        "coordinates": [
          [
            383155.41423769225,
            4803815.8499574885
          ],
          [
            383285.0220947271,
            4803815.8499574885
          ]
        ]
      },
      "properties": {
        "feature_type": "segment",
        "segment_id": 28,
        "step": 28,
        "length_m": 129.61,
        "elevation_start": 77.69,
        "elevation_end": 76.36,
        "slope_percent": 4.76,
        "cost_usd": 77764.71,
        "cost_per_m": 600.0,
        "cumulative_cost": 2339403.49,
        "terrain_cost": 46658.83,
        "environmental_cost": 4256.88,
        "land_cover_class": 40,
        "land_cover_name": "Cropland",
        "geohazard_risk": 0.0,
        "soil_capacity": 0.0,
        "population_density": 0.0,
        "road_proximity_m": -1,
        "railway_proximity_m": -1,
        "water_proximity_m": -1,
        "crs": "EPSG:32633",
        "crs_name": "UTM Zone 33"
      }
    },
    {
      "type": "Feature",
      "geometry": {
        "type": "LineString",
        "coordinates": [
          [
            383285.0220947271,
            4803815.8499574885
          ],
          [
            383414.629951762,
            4803815.8499574885
          ]
        ]
      },
      "properties": {
        "feature_type": "segment",
        "segment_id": 29,
        "step": 29,
        "length_m": 129.61,
        "elevation_start": 76.36,
        "elevation_end": 70.6,
        "slope_percent": 5.0,
        "cost_usd": 85541.19,
        "cost_per_m": 660.0,
        "cumulative_cost": 2424944.68,
        "terrain_cost": 51324.71,
        "environmental_cost": 4238.0,
        "land_cover_class": 40,
        "land_cover_name": "Cropland",
        "geohazard_risk": 0.0,
        "soil_capacity": 0.0,
        "population_density": 0.0,
        "road_proximity_m": -1,
        "railway_proximity_m": -1,
        "water_proximity_m": -1,
        "crs": "EPSG:32633",
        "crs_name": "UTM Zone 33"
      }
    },
    {
      "type": "Feature",
      "geometry": {
        "type": "LineString",
        "coordinates": [
          [
            383414.629951762,
            4803815.8499574885
          ],
          [
            383544.2378087968,
            4803815.8499574885
          ]
        ]
      },
      "properties": {
        "feature_type": "segment",
        "segment_id": 30,
        "step": 30,
        "length_m": 129.61,
        "elevation_start": 70.6,
        "elevation_end": 69.98,
        "slope_percent": 4.45,
        "cost_usd": 77764.71,
        "cost_per_m": 600.0,
        "cumulative_cost": 2502709.39,
        "terrain_cost": 46658.83,
        "environmental_cost": 4525.94,
        "land_cover_class": 40,
        "land_cover_name": "Cropland",
        "geohazard_risk": 0.783,
        "soil_capacity": 365.0,
        "population_density": 0.0607,
        "road_proximity_m": 111.4,
        "railway_proximity_m": -1,
        "water_proximity_m": 1023.6,
        "crs": "EPSG:32633",
        "crs_name": "UTM Zone 33"
      }
    },
    {
      "type": "Feature",
      "geometry": {
        "type": "LineString",
        "coordinates": [
          [
            383544.2378087968,
            4803815.8499574885
          ],
          [
            383673.8456658317,
            4803815.8499574885
          ]
        ]
      },
      "properties": {
        "feature_type": "segment",
        "segment_id": 31,
        "step": 31,
        "length_m": 129.61,
        "elevation_start": 69.98,
        "elevation_end": 68.43,
        "slope_percent": 4.05,
        "cost_usd": 77764.71,
        "cost_per_m": 600.0,
        "cumulative_cost": 2580474.11,
        "terrain_cost": 46658.83,
        "environmental_cost": 4452.28,
        "land_cover_class": 40,
        "land_cover_name": "Cropland",
        "geohazard_risk": 0.0,
        "soil_capacity": 0.0,
        "population_density": 0.0,
        "road_proximity_m": -1,
        "railway_proximity_m": -1,
        "water_proximity_m": -1,
        "crs": "EPSG:32633",
        "crs_name": "UTM Zone 33"
      }
    },
    {
      "type": "Feature",
      "geometry": {
        "type": "LineString",
        "coordinates": [
          [
            383673.8456658317,
            4803815.8499574885
          ],
          [
            383803.45352286653,
            4803815.8499574885
          ]
        ]
      },
      "properties": {
        "feature_type": "segment",
        "segment_id": 32,
        "step": 32,
        "length_m": 129.61,
        "elevation_start": 68.43,
        "elevation_end": 60.2,
        "slope_percent": 4.86,
        "cost_usd": 77764.71,
        "cost_per_m": 600.0,
        "cumulative_cost": 2658238.82,
        "terrain_cost": 46658.83,
        "environmental_cost": 4255.69,
        "land_cover_class": 40,
        "land_cover_name": "Cropland",
        "geohazard_risk": 0.0,
        "soil_capacity": 0.0,
        "population_density": 0.0,
        "road_proximity_m": -1,
        "railway_proximity_m": -1,
        "water_proximity_m": -1,
        "crs": "EPSG:32633",
        "crs_name": "UTM Zone 33"
      }
    },
    {
      "type": "Feature",
      "geometry": {
        "type": "LineString",
        "coordinates": [
          [
            383803.45352286653,
            4803815.8499574885
          ],
          [
            383933.06137990137,
            4803815.8499574885
          ]
        ]
      },
      "properties": {
        "feature_type": "segment",
        "segment_id": 33,
        "step": 33,
        "length_m": 129.61,
        "elevation_start": 60.2,
        "elevation_end": 52.73,
        "slope_percent": 3.23,
        "cost_usd": 51843.14,
        "cost_per_m": 400.0,
        "cumulative_cost": 2710081.96,
        "terrain_cost": 31105.89,
        "environmental_cost": 3062.56,
        "land_cover_class": 30,
        "land_cover_name": "Grassland",
        "geohazard_risk": 0.0,
        "soil_capacity": 0.0,
        "population_density": 0.0,
        "road_proximity_m": -1,
        "railway_proximity_m": -1,
        "water_proximity_m": -1,
        "crs": "EPSG:32633",
        "crs_name": "UTM Zone 33"
      }
    },
    {
      "type": "Feature",
      "geometry": {
        "type": "LineString",
        "coordinates": [
          [
            383933.06137990137,
            4803815.8499574885
          ],
          [
            384062.66923693626,
            4803815.8499574885
          ]
        ]
      },
      "properties": {
        "feature_type": "segment",
        "segment_id": 34,
        "step": 34,
        "length_m": 129.61,
        "elevation_start": 52.73,
        "elevation_end": 60.19,
        "slope_percent": 6.68,
        "cost_usd": 59619.61,
        "cost_per_m": 460.0,
        "cumulative_cost": 2769701.58,
        "terrain_cost": 35771.77,
        "environmental_cost": 3058.29,
        "land_cover_class": 30,
        "land_cover_name": "Grassland",
        "geohazard_risk": 0.0,
        "soil_capacity": 0.0,
        "population_density": 0.0,
        "road_proximity_m": -1,
        "railway_proximity_m": -1,
        "water_proximity_m": -1,
        "crs": "EPSG:32633",
        "crs_name": "UTM Zone 33"
      }
    },
    {
      "type": "Feature",
      "geometry": {
        "type": "LineString",
        "coordinates": [
          [
            384062.66923693626,
            4803815.8499574885
          ],
          [
            384192.2770939711,
            4803815.8499574885
          ]
        ]
      },
      "properties": {
        "feature_type": "segment",
        "segment_id": 35,
        "step": 35,
        "length_m": 129.61,
        "elevation_start": 60.19,
        "elevation_end": 58.35,
        "slope_percent": 8.58,
        "cost_usd": 85541.19,
        "cost_per_m": 660.0,
        "cumulative_cost": 2855242.76,
        "terrain_cost": 51324.71,
        "environmental_cost": 4230.18,
        "land_cover_class": 40,
        "land_cover_name": "Cropland",
        "geohazard_risk": 0.7838,
        "soil_capacity": 372.0,
        "population_density": 0.0031,
        "road_proximity_m": 111.7,
        "railway_proximity_m": -1,
        "water_proximity_m": 700.7,
        "crs": "EPSG:32633",
        "crs_name": "UTM Zone 33"
      }
    },
    {
      "type": "Feature",
      "geometry": {
        "type": "LineString",
        "coordinates": [
          [
            384192.2770939711,
            4803815.8499574885
          ],
          [
            384321.8849510059,
            4803815.8499574885
          ]
        ]
      },
      "properties": {
        "feature_type": "segment",
        "segment_id": 36,
        "step": 36,
        "length_m": 129.61,
        "elevation_start": 58.35,
        "elevation_end": 54.61,
        "slope_percent": 9.02,
        "cost_usd": 85541.19,
        "cost_per_m": 660.0,
        "cumulative_cost": 2940783.95,
        "terrain_cost": 51324.71,
        "environmental_cost": 4320.98,
        "land_cover_class": 40,
        "land_cover_name": "Cropland",
        "geohazard_risk": 0.0,
        "soil_capacity": 0.0,
        "population_density": 0.0,
        "road_proximity_m": -1,
        "railway_proximity_m": -1,
        "water_proximity_m": -1,
        "crs": "EPSG:32633",
        "crs_name": "UTM Zone 33"
      }
    },
    {
      "type": "Feature",
      "geometry": {
        "type": "LineString",
        "coordinates": [
          [
            384321.8849510059,
            4803815.8499574885
          ],
          [
            384451.4928080408,
            4803686.256914394
          ]
        ]
      },
      "properties": {
        "feature_type": "segment",
        "segment_id": 37,
        "step": 37,
        "length_m": 183.28,
        "elevation_start": 54.61,
        "elevation_end": 37.12,
        "slope_percent": 4.92,
        "cost_usd": 109969.63,
        "cost_per_m": 600.0,
        "cumulative_cost": 3050753.58,
        "terrain_cost": 65981.78,
        "environmental_cost": 6414.38,
        "land_cover_class": 40,
        "land_cover_name": "Cropland",
        "geohazard_risk": 0.0,
        "soil_capacity": 0.0,
        "population_density": 0.0,
        "road_proximity_m": -1,
        "railway_proximity_m": -1,
        "water_proximity_m": -1,
        "crs": "EPSG:32633",
        "crs_name": "UTM Zone 33"
      }
    },
    {
      "type": "Feature",
      "geometry": {
        "type": "LineString",
        "coordinates": [
          [
            384451.4928080408,
            4803686.256914394
          ],
          [
            384581.10066507565,
            4803556.6638712995
          ]
        ]
      },
      "properties": {
        "feature_type": "segment",
        "segment_id": 38,
        "step": 38,
        "length_m": 183.28,
        "elevation_start": 37.12,
        "elevation_end": 34.38,
        "slope_percent": 1.61,
        "cost_usd": 73313.09,
        "cost_per_m": 400.0,
        "cumulative_cost": 3124066.66,
        "terrain_cost": 43987.85,
        "environmental_cost": 4834.57,
        "land_cover_class": 30,
        "land_cover_name": "Grassland",
        "geohazard_risk": 0.0,
        "soil_capacity": 0.0,
        "population_density": 0.0,
        "road_proximity_m": -1,
        "railway_proximity_m": -1,
        "water_proximity_m": -1,
        "crs": "EPSG:32633",
        "crs_name": "UTM Zone 33"
      }
    },
    {
      "type": "Feature",
      "geometry": {
        "type": "LineString",
        "coordinates": [
          [
            384581.10066507565,
            4803556.6638712995
          ],
          [
            384710.70852211054,
            4803556.6638712995
          ]
        ]
      },
      "properties": {
        "feature_type": "segment",
        "segment_id": 39,
        "step": 39,
        "length_m": 129.61,
        "elevation_start": 34.38,
        "elevation_end": 32.79,
        "slope_percent": 1.89,
        "cost_usd": 57027.46,
        "cost_per_m": 440.0,
        "cumulative_cost": 3181094.12,
        "terrain_cost": 34216.47,
        "environmental_cost": 3658.9,
        "land_cover_class": 20,
        "land_cover_name": "Shrubland",
        "geohazard_risk": 0.0,
        "soil_capacity": 0.0,
        "population_density": 0.0,
        "road_proximity_m": -1,
        "railway_proximity_m": -1,
        "water_proximity_m": -1,
        "crs": "EPSG:32633",
        "crs_name": "UTM Zone 33"
      }
    },
    {
      "type": "Feature",
      "geometry": {
        "type": "LineString",
        "coordinates": [
          [
            384710.70852211054,
            4803556.6638712995
          ],
          [
            384840.31637914537,
            4803427.070828205
          ]
        ]
      },
      "properties": {
        "feature_type": "segment",
        "segment_id": 40,
        "step": 40,
        "length_m": 183.28,
        "elevation_start": 32.79,
        "elevation_end": 30.99,
        "slope_percent": 1.18,
        "cost_usd": 73313.09,
        "cost_per_m": 400.0,
        "cumulative_cost": 3254407.21,
        "terrain_cost": 43987.85,
        "environmental_cost": 5263.34,
        "land_cover_class": 30,
        "land_cover_name": "Grassland",
        "geohazard_risk": 0.7825,
        "soil_capacity": 344.0,
        "population_density": 0.1311,
        "road_proximity_m": 70.8,
        "railway_proximity_m": -1,
        "water_proximity_m": 30.8,
        "crs": "EPSG:32633",
        "crs_name": "UTM Zone 33"
      }
    },
    {
      "type": "Feature",
      "geometry": {
        "type": "LineString",
        "coordinates": [
          [
            384840.31637914537,
            4803427.070828205
          ],
          [
            384969.9242361802,
            4803297.4777851105
          ]
        ]
      },
      "properties": {
        "feature_type": "segment",
        "segment_id": 41,
        "step": 41,
        "length_m": 183.28,
        "elevation_start": 30.99,
        "elevation_end": 30.91,
        "slope_percent": 0.48,
        "cost_usd": 109969.63,
        "cost_per_m": 600.0,
        "cumulative_cost": 3364376.83,
        "terrain_cost": 65981.78,
        "environmental_cost": 2224.2,
        "land_cover_class": 40,
        "land_cover_name": "Cropland",
        "geohazard_risk": 0.0,
        "soil_capacity": 0.0,
        "population_density": 0.0,
        "road_proximity_m": -1,
        "railway_proximity_m": -1,
        "water_proximity_m": -1,
        "crs": "EPSG:32633",
        "crs_name": "UTM Zone 33"
      }
    },
    {
      "type": "Feature",
      "geometry": {
        "type": "LineString",
        "coordinates": [
          [
            384969.9242361802,
            4803297.4777851105
          ],
          [
            385099.5320932151,
            4803167.884742016
          ]
        ]
      },
      "properties": {
        "feature_type": "segment",
        "segment_id": 42,
        "step": 42,
        "length_m": 183.28,
        "elevation_start": 30.91,
        "elevation_end": 32.38,
        "slope_percent": 0.97,
        "cost_usd": 109969.63,
        "cost_per_m": 600.0,
        "cumulative_cost": 3474346.46,
        "terrain_cost": 65981.78,
        "environmental_cost": 2129.47,
        "land_cover_class": 40,
        "land_cover_name": "Cropland",
        "geohazard_risk": 0.0,
        "soil_capacity": 0.0,
        "population_density": 0.0,
        "road_proximity_m": -1,
        "railway_proximity_m": -1,
        "water_proximity_m": -1,
        "crs": "EPSG:32633",
        "crs_name": "UTM Zone 33"
      }
    },
    {
      "type": "Feature",
      "geometry": {
        "type": "LineString",
        "coordinates": [
          [
            385099.5320932151,
            4803167.884742016
          ],
          [
            385099.5320932151,
            4803038.291698922
          ]
        ]
      },
      "properties": {
        "feature_type": "segment",
        "segment_id": 43,
        "step": 43,
        "length_m": 129.59,
        "elevation_start": 32.38,
        "elevation_end": 32.09,
        "slope_percent": 0.99,
        "cost_usd": 77755.83,
        "cost_per_m": 600.0,
        "cumulative_cost": 3552102.29,
        "terrain_cost": 46653.5,
        "environmental_cost": 1330.38,
        "land_cover_class": 40,
        "land_cover_name": "Cropland",
        "geohazard_risk": 0.0,
        "soil_capacity": 0.0,
        "population_density": 0.0,
        "road_proximity_m": -1,
        "railway_proximity_m": -1,
        "water_proximity_m": -1,
        "crs": "EPSG:32633",
        "crs_name": "UTM Zone 33"
      }
    },
    {
      "type": "Feature",
      "geometry": {
        "type": "LineString",
        "coordinates": [
          [
            385099.5320932151,
            4803038.291698922
          ],
          [
            385099.5320932151,
            4802908.698655828
          ]
        ]
      },
      "properties": {
        "feature_type": "segment",
        "segment_id": 44,
        "step": 44,
        "length_m": 129.59,
        "elevation_start": 32.09,
        "elevation_end": 31.29,
        "slope_percent": 0.96,
        "cost_usd": 77755.83,
        "cost_per_m": 600.0,
        "cumulative_cost": 3629858.11,
        "terrain_cost": 46653.5,
        "environmental_cost": 1273.88,
        "land_cover_class": 40,
        "land_cover_name": "Cropland",
        "geohazard_risk": 0.0,
        "soil_capacity": 0.0,
        "population_density": 0.0,
        "road_proximity_m": -1,
        "railway_proximity_m": -1,
        "water_proximity_m": -1,
        "crs": "EPSG:32633",
        "crs_name": "UTM Zone 33"
      }
    },
    {
      "type": "Feature",
      "geometry": {
        "type": "LineString",
        "coordinates": [
          [
            385099.5320932151,
            4802908.698655828
          ],
          [
            385099.5320932151,
            4802779.105612733
          ]
        ]
      },
      "properties": {
        "feature_type": "segment",
        "segment_id": 45,
        "step": 45,
        "length_m": 129.59,
        "elevation_start": 31.29,
        "elevation_end": 30.94,
        "slope_percent": 0.61,
        "cost_usd": 25918.61,
        "cost_per_m": 200.0,
        "cumulative_cost": 3655776.72,
        "terrain_cost": 15551.17,
        "environmental_cost": 579.07,
        "land_cover_class": 30,
        "land_cover_name": "Grassland",
        "geohazard_risk": 0.0,
        "soil_capacity": 0.0,
        "population_density": 0.1117,
        "road_proximity_m": 82.1,
        "railway_proximity_m": -1,
        "water_proximity_m": 515.5,
        "crs": "EPSG:32633",
        "crs_name": "UTM Zone 33"
      }
    },
    {
      "type": "Feature",
      "geometry": {
        "type": "LineString",
        "coordinates": [
          [
            385099.5320932151,
            4802779.105612733
          ],
          [
            385099.5320932151,
            4802649.512569639
          ]
        ]
      },
      "properties": {
        "feature_type": "segment",
        "segment_id": 46,
        "step": 46,
        "length_m": 129.59,
        "elevation_start": 30.94,
        "elevation_end": 31.17,
        "slope_percent": 0.54,
        "cost_usd": 38877.91,
        "cost_per_m": 300.0,
        "cumulative_cost": 3694654.64,
        "terrain_cost": 23326.75,
        "environmental_cost": 1874.67,
        "land_cover_class": 40,
        "land_cover_name": "Cropland",
        "geohazard_risk": 0.0,
        "soil_capacity": 0.0,
        "population_density": 0.0,
        "road_proximity_m": -1,
        "railway_proximity_m": -1,
        "water_proximity_m": -1,
        "crs": "EPSG:32633",
        "crs_name": "UTM Zone 33"
      }
    },
    {
      "type": "Feature",
      "geometry": {
        "type": "LineString",
        "coordinates": [
          [
            385099.5320932151,
            4802649.512569639
          ],
          [
            385229.1399502499,
            4802519.919526544
          ]
        ]
      },
      "properties": {
        "feature_type": "segment",
        "segment_id": 47,
        "step": 47,
        "length_m": 183.28,
        "elevation_start": 31.17,
        "elevation_end": 31.02,
        "slope_percent": 0.42,
        "cost_usd": 73313.09,
        "cost_per_m": 400.0,
        "cumulative_cost": 3767967.72,
        "terrain_cost": 43987.85,
        "environmental_cost": 454.39,
        "land_cover_class": 30,
        "land_cover_name": "Grassland",
        "geohazard_risk": 0.0,
        "soil_capacity": 0.0,
        "population_density": 0.0,
        "road_proximity_m": -1,
        "railway_proximity_m": -1,
        "water_proximity_m": -1,
        "crs": "EPSG:32633",
        "crs_name": "UTM Zone 33"
      }
    },
    {
      "type": "Feature",
      "geometry": {
        "type": "LineString",
        "coordinates": [
          [
            385229.1399502499,
            4802519.919526544
          ],
          [
            385358.74780728476,
            4802390.32648345
          ]
        ]
      },
      "properties": {
        "feature_type": "segment",
        "segment_id": 48,
        "step": 48,
        "length_m": 183.28,
        "elevation_start": 31.02,
        "elevation_end": 32.04,
        "slope_percent": 1.14,
        "cost_usd": 73313.09,
        "cost_per_m": 400.0,
        "cumulative_cost": 3841280.81,
        "terrain_cost": 43987.85,
        "environmental_cost": 63.24,
        "land_cover_class": 30,
        "land_cover_name": "Grassland",
        "geohazard_risk": 0.0,
        "soil_capacity": 0.0,
        "population_density": 0.0,
        "road_proximity_m": -1,
        "railway_proximity_m": -1,
        "water_proximity_m": -1,
        "crs": "EPSG:32633",
        "crs_name": "UTM Zone 33"
      }
    },
    {
      "type": "Feature",
      "geometry": {
        "type": "LineString",
        "coordinates": [
          [
            385358.74780728476,
            4802390.32648345
          ],
          [
            385488.35566431965,
            4802260.733440355
          ]
        ]
      },
      "properties": {
        "feature_type": "segment",
        "segment_id": 49,
        "step": 49,
        "length_m": 183.28,
        "elevation_start": 32.04,
        "elevation_end": 34.54,
        "slope_percent": 1.81,
        "cost_usd": 73313.09,
        "cost_per_m": 400.0,
        "cumulative_cost": 3914593.89,
        "terrain_cost": 43987.85,
        "environmental_cost": 31.92,
        "land_cover_class": 30,
        "land_cover_name": "Grassland",
        "geohazard_risk": 0.0,
        "soil_capacity": 0.0,
        "population_density": 0.0,
        "road_proximity_m": -1,
        "railway_proximity_m": -1,
        "water_proximity_m": -1,
        "crs": "EPSG:32633",
        "crs_name": "UTM Zone 33"
      }
    },
    {
      "type": "Feature",
      "geometry": {
        "type": "LineString",
        "coordinates": [
          [
            385488.35566431965,
            4802260.733440355
          ],
          [
            385617.9635213545,
            4802260.733440355
          ]
        ]
      },
      "properties": {
        "feature_type": "segment",
        "segment_id": 50,
        "step": 50,
        "length_m": 129.61,
        "elevation_start": 34.54,
        "elevation_end": 33.72,
        "slope_percent": 3.19,
        "cost_usd": 51843.14,
        "cost_per_m": 400.0,
        "cumulative_cost": 3966437.04,
        "terrain_cost": 31105.89,
        "environmental_cost": 137.2,
        "land_cover_class": 30,
        "land_cover_name": "Grassland",
        "geohazard_risk": 0.0,
        "soil_capacity": 354.0,
        "population_density": 0.0265,
        "road_proximity_m": 15.5,
        "railway_proximity_m": -1,
        "water_proximity_m": 394.6,
        "crs": "EPSG:32633",
        "crs_name": "UTM Zone 33"
      }
    },
    {
      "type": "Feature",
      "geometry": {
        "type": "LineString",
        "coordinates": [
          [
            385617.9635213545,
            4802260.733440355
          ],
          [
            385617.9635213545,
            4802131.140397261
          ]
        ]
      },
      "properties": {
        "feature_type": "segment",
        "segment_id": 51,
        "step": 51,
        "length_m": 129.59,
        "elevation_start": 33.72,
        "elevation_end": 39.06,
        "slope_percent": 8.53,
        "cost_usd": 85531.41,
        "cost_per_m": 660.0,
        "cumulative_cost": 4051968.44,
        "terrain_cost": 51318.85,
        "environmental_cost": 1511.81,
        "land_cover_class": 40,
        "land_cover_name": "Cropland",
        "geohazard_risk": 0.0,
        "soil_capacity": 0.0,
        "population_density": 0.0,
        "road_proximity_m": -1,
        "railway_proximity_m": -1,
        "water_proximity_m": -1,
        "crs": "EPSG:32633",
        "crs_name": "UTM Zone 33"
      }
    },
    {
      "type": "Feature",
      "geometry": {
        "type": "LineString",
        "coordinates": [
          [
            385617.9635213545,
            4802131.140397261
          ],
          [
            385617.9635213545,
            4802001.547354166
          ]
        ]
      },
      "properties": {
        "feature_type": "segment",
        "segment_id": 52,
        "step": 52,
        "length_m": 129.59,
        "elevation_start": 39.06,
        "elevation_end": 58.94,
        "slope_percent": 14.38,
        "cost_usd": 98490.71,
        "cost_per_m": 760.0,
        "cumulative_cost": 4150459.16,
        "terrain_cost": 59094.43,
        "environmental_cost": 1258.31,
        "land_cover_class": 40,
        "land_cover_name": "Cropland",
        "geohazard_risk": 0.0,
        "soil_capacity": 0.0,
        "population_density": 0.0,
        "road_proximity_m": -1,
        "railway_proximity_m": -1,
        "water_proximity_m": -1,
        "crs": "EPSG:32633",
        "crs_name": "UTM Zone 33"
      }
    },
    {
      "type": "Feature",
      "geometry": {
        "type": "LineString",
        "coordinates": [
          [
            385617.9635213545,
            4802001.547354166
          ],
          [
            385617.9635213545,
            4801871.954311073
          ]
        ]
      },
      "properties": {
        "feature_type": "segment",
        "segment_id": 53,
        "step": 53,
        "length_m": 129.59,
        "elevation_start": 58.94,
        "elevation_end": 78.13,
        "slope_percent": 13.94,
        "cost_usd": 98490.71,
        "cost_per_m": 760.0,
        "cumulative_cost": 4248949.87,
        "terrain_cost": 59094.43,
        "environmental_cost": 1208.68,
        "land_cover_class": 40,
        "land_cover_name": "Cropland",
        "geohazard_risk": 0.0,
        "soil_capacity": 0.0,
        "population_density": 0.0,
        "road_proximity_m": -1,
        "railway_proximity_m": -1,
        "water_proximity_m": -1,
        "crs": "EPSG:32633",
        "crs_name": "UTM Zone 33"
      }
    },
    {
      "type": "Feature",
      "geometry": {
        "type": "LineString",
        "coordinates": [
          [
            385617.9635213545,
            4801871.954311073
          ],
          [
            385747.5713783894,
            4801742.361267978
          ]
        ]
      },
      "properties": {
        "feature_type": "segment",
        "segment_id": 54,
        "step": 54,
        "length_m": 183.28,
        "elevation_start": 78.13,
        "elevation_end": 89.66,
        "slope_percent": 11.38,
        "cost_usd": 139294.86,
        "cost_per_m": 760.0,
        "cumulative_cost": 4388244.73,
        "terrain_cost": 83576.92,
        "environmental_cost": 1845.35,
        "land_cover_class": 40,
        "land_cover_name": "Cropland",
        "geohazard_risk": 0.0,
        "soil_capacity": 0.0,
        "population_density": 0.0,
        "road_proximity_m": -1,
        "railway_proximity_m": -1,
        "water_proximity_m": -1,
        "crs": "EPSG:32633",
        "crs_name": "UTM Zone 33"
      }
    },
    {
      "type": "Feature",
      "geometry": {
        "type": "LineString",
        "coordinates": [
          [
            385747.5713783894,
            4801742.361267978
          ],
          [
            385877.1792354242,
            4801612.768224884
          ]
        ]
      },
      "properties": {
        "feature_type": "segment",
        "segment_id": 55,
        "step": 55,
        "length_m": 183.28,
        "elevation_start": 89.66,
        "elevation_end": 106.22,
        "slope_percent": 11.41,
        "cost_usd": 102638.32,
        "cost_per_m": 560.0,
        "cumulative_cost": 4490883.05,
        "terrain_cost": 61582.99,
        "environmental_cost": 26.77,
        "land_cover_class": 30,
        "land_cover_name": "Grassland",
        "geohazard_risk": 0.0,
        "soil_capacity": 347.0,
        "population_density": 0.0037,
        "road_proximity_m": 15.9,
        "railway_proximity_m": -1,
        "water_proximity_m": 409.9,
        "crs": "EPSG:32633",
        "crs_name": "UTM Zone 33"
      }
    },
    {
      "type": "Feature",
      "geometry": {
        "type": "LineString",
        "coordinates": [
          [
            385877.1792354242,
            4801612.768224884
          ],
          [
            385877.1792354242,
            4801483.175181789
          ]
        ]
      },
      "properties": {
        "feature_type": "segment",
        "segment_id": 56,
        "step": 56,
        "length_m": 129.59,
        "elevation_start": 106.22,
        "elevation_end": 120.34,
        "slope_percent": 10.01,
        "cost_usd": 72572.1,
        "cost_per_m": 560.0,
        "cumulative_cost": 4563455.16,
        "terrain_cost": 43543.26,
        "environmental_cost": 9.24,
        "land_cover_class": 30,
        "land_cover_name": "Grassland",
        "geohazard_risk": 0.0,
        "soil_capacity": 0.0,
        "population_density": 0.0,
        "road_proximity_m": -1,
        "railway_proximity_m": -1,
        "water_proximity_m": -1,
        "crs": "EPSG:32633",
        "crs_name": "UTM Zone 33"
      }
    },
    {
      "type": "Feature",
      "geometry": {
        "type": "LineString",
        "coordinates": [
          [
            385877.1792354242,
            4801483.175181789
          ],
          [
            385877.1792354242,
            4801353.582138695
          ]
        ]
      },
      "properties": {
        "feature_type": "segment",
        "segment_id": 57,
        "step": 57,
        "length_m": 129.59,
        "elevation_start": 120.34,
        "elevation_end": 127.48,
        "slope_percent": 5.32,
        "cost_usd": 85531.41,
        "cost_per_m": 660.0,
        "cumulative_cost": 4648986.57,
        "terrain_cost": 51318.85,
        "environmental_cost": 1172.82,
        "land_cover_class": 40,
        "land_cover_name": "Cropland",
        "geohazard_risk": 0.0,
        "soil_capacity": 0.0,
        "population_density": 0.0,
        "road_proximity_m": -1,
        "railway_proximity_m": -1,
        "water_proximity_m": -1,
        "crs": "EPSG:32633",
        "crs_name": "UTM Zone 33"
      }
    },
    {
      "type": "Feature",
      "geometry": {
        "type": "LineString",
        "coordinates": [
          [
            385877.1792354242,
            4801353.582138695
          ],
          [
            385877.1792354242,
            4801223.9890956
          ]
        ]
      },
      "properties": {
        "feature_type": "segment",
        "segment_id": 58,
        "step": 58,
        "length_m": 129.59,
        "elevation_start": 127.48,
        "elevation_end": 106.92,
        "slope_percent": 12.77,
        "cost_usd": 98490.71,
        "cost_per_m": 760.0,
        "cumulative_cost": 4747477.28,
        "terrain_cost": 59094.43,
        "environmental_cost": 1172.82,
        "land_cover_class": 40,
        "land_cover_name": "Cropland",
        "geohazard_risk": 0.0,
        "soil_capacity": 0.0,
        "population_density": 0.0,
        "road_proximity_m": -1,
        "railway_proximity_m": -1,
        "water_proximity_m": -1,
        "crs": "EPSG:32633",
        "crs_name": "UTM Zone 33"
      }
    },
    {
      "type": "Feature",
      "geometry": {
        "type": "LineString",
        "coordinates": [
          [
            385877.1792354242,
            4801223.9890956
          ],
          [
            385877.1792354242,
            4801094.396052506
          ]
        ]
      },
      "properties": {
        "feature_type": "segment",
        "segment_id": 59,
        "step": 59,
        "length_m": 129.59,
        "elevation_start": 106.92,
        "elevation_end": 96.19,
        "slope_percent": 11.05,
        "cost_usd": 98490.71,
        "cost_per_m": 760.0,
        "cumulative_cost": 4845967.99,
        "terrain_cost": 59094.43,
        "environmental_cost": 1173.33,
        "land_cover_class": 40,
        "land_cover_name": "Cropland",
        "geohazard_risk": 0.0,
        "soil_capacity": 0.0,
        "population_density": 0.0,
        "road_proximity_m": -1,
        "railway_proximity_m": -1,
        "water_proximity_m": -1,
        "crs": "EPSG:32633",
        "crs_name": "UTM Zone 33"
      }
    },
    {
      "type": "Feature",
      "geometry": {
        "type": "LineString",
        "coordinates": [
          [
            385877.1792354242,
            4801094.396052506
          ],
          [
            385877.1792354242,
            4800964.803009411
          ]
        ]
      },
      "properties": {
        "feature_type": "segment",
        "segment_id": 60,
        "step": 60,
        "length_m": 129.59,
        "elevation_start": 96.19,
        "elevation_end": 117.13,
        "slope_percent": 13.35,
        "cost_usd": 77755.83,
        "cost_per_m": 600.0,
        "cumulative_cost": 4923723.82,
        "terrain_cost": 46653.5,
        "environmental_cost": 7.89,
        "land_cover_class": 20,
        "land_cover_name": "Shrubland",
        "geohazard_risk": 0.0,
        "soil_capacity": 352.0,
        "population_density": 0.0015,
        "road_proximity_m": 246.7,
        "railway_proximity_m": -1,
        "water_proximity_m": 511.6,
        "crs": "EPSG:32633",
        "crs_name": "UTM Zone 33"
      }
    },
    {
      "type": "Feature",
      "geometry": {
        "type": "LineString",
        "coordinates": [
          [
            385877.1792354242,
            4800964.803009411
          ],
          [
            386006.78709245904,
            4800835.209966317
          ]
        ]
      },
      "properties": {
        "feature_type": "segment",
        "segment_id": 61,
        "step": 61,
        "length_m": 183.28,
        "elevation_start": 117.13,
        "elevation_end": 103.99,
        "slope_percent": 14.16,
        "cost_usd": 102638.32,
        "cost_per_m": 560.0,
        "cumulative_cost": 5026362.14,
        "terrain_cost": 61582.99,
        "environmental_cost": 20.24,
        "land_cover_class": 30,
        "land_cover_name": "Grassland",
        "geohazard_risk": 0.0,
        "soil_capacity": 0.0,
        "population_density": 0.0,
        "road_proximity_m": -1,
        "railway_proximity_m": -1,
        "water_proximity_m": -1,
        "crs": "EPSG:32633",
        "crs_name": "UTM Zone 33"
      }
    },
    {
      "type": "Feature",
      "geometry": {
        "type": "LineString",
        "coordinates": [
          [
            386006.78709245904,
            4800835.209966317
          ],
          [
            386136.39494949393,
            4800705.616923222
          ]
        ]
      },
      "properties": {
        "feature_type": "segment",
        "segment_id": 62,
        "step": 62,
        "length_m": 183.28,
        "elevation_start": 103.99,
        "elevation_end": 138.37,
        "slope_percent": 19.28,
        "cost_usd": 146626.17,
        "cost_per_m": 800.0,
        "cumulative_cost": 5172988.31,
        "terrain_cost": 87975.7,
        "environmental_cost": 37.05,
        "land_cover_class": 30,
        "land_cover_name": "Grassland",
        "geohazard_risk": 0.0,
        "soil_capacity": 0.0,
        "population_density": 0.0,
        "road_proximity_m": -1,
        "railway_proximity_m": -1,
        "water_proximity_m": -1,
        "crs": "EPSG:32633",
        "crs_name": "UTM Zone 33"
      }
    },
    {
      "type": "Feature",
      "geometry": {
        "type": "LineString",
        "coordinates": [
          [
            386136.39494949393,
            4800705.616923222
          ],
          [
            386266.00280652876,
            4800576.023880129
          ]
        ]
      },
      "properties": {
        "feature_type": "segment",
        "segment_id": 63,
        "step": 63,
        "length_m": 183.28,
        "elevation_start": 138.37,
        "elevation_end": 172.29,
        "slope_percent": 13.92,
        "cost_usd": 102638.32,
        "cost_per_m": 560.0,
        "cumulative_cost": 5275626.63,
        "terrain_cost": 61582.99,
        "environmental_cost": 100.02,
        "land_cover_class": 30,
        "land_cover_name": "Grassland",
        "geohazard_risk": 0.0,
        "soil_capacity": 0.0,
        "population_density": 0.0,
        "road_proximity_m": -1,
        "railway_proximity_m": -1,
        "water_proximity_m": -1,
        "crs": "EPSG:32633",
        "crs_name": "UTM Zone 33"
      }
    },
    {
      "type": "Feature",
      "geometry": {
        "type": "LineString",
        "coordinates": [
          [
            386266.00280652876,
            4800576.023880129
          ],
          [
            386266.00280652876,
            4800446.430837034
          ]
        ]
      },
      "properties": {
        "feature_type": "segment",
        "segment_id": 64,
        "step": 64,
        "length_m": 129.59,
        "elevation_start": 172.29,
        "elevation_end": 150.88,
        "slope_percent": 12.35,
        "cost_usd": 98490.71,
        "cost_per_m": 760.0,
        "cumulative_cost": 5374117.34,
        "terrain_cost": 59094.43,
        "environmental_cost": 1353.41,
        "land_cover_class": 40,
        "land_cover_name": "Cropland",
        "geohazard_risk": 0.0,
        "soil_capacity": 0.0,
        "population_density": 0.0,
        "road_proximity_m": -1,
        "railway_proximity_m": -1,
        "water_proximity_m": -1,
        "crs": "EPSG:32633",
        "crs_name": "UTM Zone 33"
      }
    },
    {
      "type": "Feature",
      "geometry": {
        "type": "LineString",
        "coordinates": [
          [
            386266.00280652876,
            4800446.430837034
          ],
          [
            386266.00280652876,
            4800316.83779394
          ]
        ]
      },
      "properties": {
        "feature_type": "segment",
        "segment_id": 65,
        "step": 65,
        "length_m": 129.59,
        "elevation_start": 150.88,
        "elevation_end": 155.94,
        "slope_percent": 4.69,
        "cost_usd": 51837.22,
        "cost_per_m": 400.0,
        "cumulative_cost": 5425954.56,
        "terrain_cost": 31102.33,
        "environmental_cost": 370.45,
        "land_cover_class": 30,
        "land_cover_name": "Grassland",
        "geohazard_risk": 0.0,
        "soil_capacity": 367.0,
        "population_density": 0.0715,
        "road_proximity_m": 4.5,
        "railway_proximity_m": -1,
        "water_proximity_m": 834.1,
        "crs": "EPSG:32633",
        "crs_name": "UTM Zone 33"
      }
    },
    {
      "type": "Feature",
      "geometry": {
        "type": "LineString",
        "coordinates": [
          [
            386266.00280652876,
            4800316.83779394
          ],
          [
            386395.6106635636,
            4800187.244750845
          ]
        ]
      },
      "properties": {
        "feature_type": "segment",
        "segment_id": 66,
        "step": 66,
        "length_m": 183.28,
        "elevation_start": 155.94,
        "elevation_end": 146.77,
        "slope_percent": 12.33,
        "cost_usd": 102638.32,
        "cost_per_m": 560.0,
        "cumulative_cost": 5528592.88,
        "terrain_cost": 61582.99,
        "environmental_cost": 193.06,
        "land_cover_class": 30,
        "land_cover_name": "Grassland",
        "geohazard_risk": 0.0,
        "soil_capacity": 0.0,
        "population_density": 0.0,
        "road_proximity_m": -1,
        "railway_proximity_m": -1,
        "water_proximity_m": -1,
        "crs": "EPSG:32633",
        "crs_name": "UTM Zone 33"
      }
    },
    {
      "type": "Feature",
      "geometry": {
        "type": "LineString",
        "coordinates": [
          [
            386395.6106635636,
            4800187.244750845
          ],
          [
            386525.2185205985,
            4800057.651707751
          ]
        ]
      },
      "properties": {
        "feature_type": "segment",
        "segment_id": 67,
        "step": 67,
        "length_m": 183.28,
        "elevation_start": 146.77,
        "elevation_end": 122.8,
        "slope_percent": 11.78,
        "cost_usd": 102638.32,
        "cost_per_m": 560.0,
        "cumulative_cost": 5631231.2,
        "terrain_cost": 61582.99,
        "environmental_cost": 33.57,
        "land_cover_class": 30,
        "land_cover_name": "Grassland",
        "geohazard_risk": 0.0,
        "soil_capacity": 0.0,
        "population_density": 0.0,
        "road_proximity_m": -1,
        "railway_proximity_m": -1,
        "water_proximity_m": -1,
        "crs": "EPSG:32633",
        "crs_name": "UTM Zone 33"
      }
    },
    {
      "type": "Feature",
      "geometry": {
        "type": "LineString",
        "coordinates": [
          [
            386525.2185205985,
            4800057.651707751
          ],
          [
            386525.2185205985,
            4799928.058664656
          ]
        ]
      },
      "properties": {
        "feature_type": "segment",
        "segment_id": 68,
        "step": 68,
        "length_m": 129.59,
        "elevation_start": 122.8,
        "elevation_end": 106.89,
        "slope_percent": 14.11,
        "cost_usd": 98490.71,
        "cost_per_m": 760.0,
        "cumulative_cost": 5729721.91,
        "terrain_cost": 59094.43,
        "environmental_cost": 1181.51,
        "land_cover_class": 40,
        "land_cover_name": "Cropland",
        "geohazard_risk": 0.0,
        "soil_capacity": 0.0,
        "population_density": 0.0,
        "road_proximity_m": -1,
        "railway_proximity_m": -1,
        "water_proximity_m": -1,
        "crs": "EPSG:32633",
        "crs_name": "UTM Zone 33"
      }
    },
    {
      "type": "Feature",
      "geometry": {
        "type": "LineString",
        "coordinates": [
          [
            386525.2185205985,
            4799928.058664656
          ],
          [
            386654.8263776333,
            4799798.465621562
          ]
        ]
      },
      "properties": {
        "feature_type": "segment",
        "segment_id": 69,
        "step": 69,
        "length_m": 183.28,
        "elevation_start": 106.89,
        "elevation_end": 90.01,
        "slope_percent": 6.6,
        "cost_usd": 84310.05,
        "cost_per_m": 460.0,
        "cumulative_cost": 5814031.96,
        "terrain_cost": 50586.03,
        "environmental_cost": 21.28,
        "land_cover_class": 30,
        "land_cover_name": "Grassland",
        "geohazard_risk": 0.0,
        "soil_capacity": 0.0,
        "population_density": 0.0,
        "road_proximity_m": -1,
        "railway_proximity_m": -1,
        "water_proximity_m": -1,
        "crs": "EPSG:32633",
        "crs_name": "UTM Zone 33"
      }
    },
    {
      "type": "Feature",
      "geometry": {
        "type": "LineString",
        "coordinates": [
          [
            386654.8263776333,
            4799798.465621562
          ],
          [
            386654.8263776333,
            4799668.872578467
          ]
        ]
      },
      "properties": {
        "feature_type": "segment",
        "segment_id": 70,
        "step": 70,
        "length_m": 129.59,
        "elevation_start": 90.01,
        "elevation_end": 87.81,
        "slope_percent": 5.84,
        "cost_usd": 59612.8,
        "cost_per_m": 460.0,
        "cumulative_cost": 5873644.76,
        "terrain_cost": 35767.68,
        "environmental_cost": 15.19,
        "land_cover_class": 30,
        "land_cover_name": "Grassland",
        "geohazard_risk": 0.0,
        "soil_capacity": 377.0,
        "population_density": 0.0029,
        "road_proximity_m": 186.7,
        "railway_proximity_m": -1,
        "water_proximity_m": 733.5,
        "crs": "EPSG:32633",
        "crs_name": "UTM Zone 33"
      }
    },
    {
      "type": "Feature",
      "geometry": {
        "type": "LineString",
        "coordinates": [
          [
            386654.8263776333,
            4799668.872578467
          ],
          [
            386654.8263776333,
            4799539.279535373
          ]
        ]
      },
      "properties": {
        "feature_type": "segment",
        "segment_id": 71,
        "step": 71,
        "length_m": 129.59,
        "elevation_start": 87.81,
        "elevation_end": 83.19,
        "slope_percent": 6.93,
        "cost_usd": 59612.8,
        "cost_per_m": 460.0,
        "cumulative_cost": 5933257.56,
        "terrain_cost": 35767.68,
        "environmental_cost": 15.31,
        "land_cover_class": 30,
        "land_cover_name": "Grassland",
        "geohazard_risk": 0.0,
        "soil_capacity": 0.0,
        "population_density": 0.0,
        "road_proximity_m": -1,
        "railway_proximity_m": -1,
        "water_proximity_m": -1,
        "crs": "EPSG:32633",
        "crs_name": "UTM Zone 33"
      }
    },
    {
      "type": "Feature",
      "geometry": {
        "type": "LineString",
        "coordinates": [
          [
            386654.8263776333,
            4799539.279535373
          ],
          [
            386654.8263776333,
            4799409.686492278
          ]
        ]
      },
      "properties": {
        "feature_type": "segment",
        "segment_id": 72,
        "step": 72,
        "length_m": 129.59,
        "elevation_start": 83.19,
        "elevation_end": 77.01,
        "slope_percent": 7.25,
        "cost_usd": 59612.8,
        "cost_per_m": 460.0,
        "cumulative_cost": 5992870.36,
        "terrain_cost": 35767.68,
        "environmental_cost": 15.79,
        "land_cover_class": 30,
        "land_cover_name": "Grassland",
        "geohazard_risk": 0.0,
        "soil_capacity": 0.0,
        "population_density": 0.0,
        "road_proximity_m": -1,
        "railway_proximity_m": -1,
        "water_proximity_m": -1,
        "crs": "EPSG:32633",
        "crs_name": "UTM Zone 33"
      }
    },
    {
      "type": "Feature",
      "geometry": {
        "type": "LineString",
        "coordinates": [
          [
            386654.8263776333,
            4799409.686492278
          ],
          [
            386784.4342346682,
            4799280.093449185
          ]
        ]
      },
      "properties": {
        "feature_type": "segment",
        "segment_id": 73,
        "step": 73,
        "length_m": 183.28,
        "elevation_start": 77.01,
        "elevation_end": 85.36,
        "slope_percent": 12.23,
        "cost_usd": 102638.32,
        "cost_per_m": 560.0,
        "cumulative_cost": 6095508.68,
        "terrain_cost": 61582.99,
        "environmental_cost": 35.58,
        "land_cover_class": 30,
        "land_cover_name": "Grassland",
        "geohazard_risk": 0.0,
        "soil_capacity": 0.0,
        "population_density": 0.0,
        "road_proximity_m": -1,
        "railway_proximity_m": -1,
        "water_proximity_m": -1,
        "crs": "EPSG:32633",
        "crs_name": "UTM Zone 33"
      }
    },
    {
      "type": "Feature",
      "geometry": {
        "type": "LineString",
        "coordinates": [
          [
            386784.4342346682,
            4799280.093449185
          ],
          [
            386784.4342346682,
            4799150.50040609
          ]
        ]
      },
      "properties": {
        "feature_type": "segment",
        "segment_id": 74,
        "step": 74,
        "length_m": 129.59,
        "elevation_start": 85.36,
        "elevation_end": 74.82,
        "slope_percent": 10.13,
        "cost_usd": 98490.71,
        "cost_per_m": 760.0,
        "cumulative_cost": 6193999.39,
        "terrain_cost": 59094.43,
        "environmental_cost": 1212.54,
        "land_cover_class": 40,
        "land_cover_name": "Cropland",
        "geohazard_risk": 0.0,
        "soil_capacity": 0.0,
        "population_density": 0.0,
        "road_proximity_m": -1,
        "railway_proximity_m": -1,
        "water_proximity_m": -1,
        "crs": "EPSG:32633",
        "crs_name": "UTM Zone 33"
      }
    },
    {
      "type": "Feature",
      "geometry": {
        "type": "LineString",
        "coordinates": [
          [
            386784.4342346682,
            4799150.50040609
          ],
          [
            386784.4342346682,
            4799020.907362996
          ]
        ]
      },
      "properties": {
        "feature_type": "segment",
        "segment_id": 75,
        "step": 75,
        "length_m": 129.59,
        "elevation_start": 74.82,
        "elevation_end": 60.12,
        "slope_percent": 7.33,
        "cost_usd": 59612.8,
        "cost_per_m": 460.0,
        "cumulative_cost": 6253612.19,
        "terrain_cost": 35767.68,
        "environmental_cost": 383.85,
        "land_cover_class": 30,
        "land_cover_name": "Grassland",
        "geohazard_risk": 0.0,
        "soil_capacity": 376.0,
        "population_density": 0.074,
        "road_proximity_m": 122.5,
        "railway_proximity_m": -1,
        "water_proximity_m": 144.7,
        "crs": "EPSG:32633",
        "crs_name": "UTM Zone 33"
      }
    },
    {
      "type": "Feature",
      "geometry": {
        "type": "LineString",
        "coordinates": [
          [
            386784.4342346682,
            4799020.907362996
          ],
          [
            386784.4342346682,
            4798891.314319901
          ]
        ]
      },
      "properties": {
        "feature_type": "segment",
        "segment_id": 76,
        "step": 76,
        "length_m": 129.59,
        "elevation_start": 60.12,
        "elevation_end": 52.58,
        "slope_percent": 0.98,
        "cost_usd": 51837.22,
        "cost_per_m": 400.0,
        "cumulative_cost": 6305449.41,
        "terrain_cost": 31102.33,
        "environmental_cost": 496.4,
        "land_cover_class": 30,
        "land_cover_name": "Grassland",
        "geohazard_risk": 0.0,
        "soil_capacity": 0.0,
        "population_density": 0.0,
        "road_proximity_m": -1,
        "railway_proximity_m": -1,
        "water_proximity_m": -1,
        "crs": "EPSG:32633",
        "crs_name": "UTM Zone 33"
      }
    },
    {
      "type": "Feature",
      "geometry": {
        "type": "LineString",
        "coordinates": [
          [
            386784.4342346682,
            4798891.314319901
          ],
          [
            386784.4342346682,
            4798761.721276807
          ]
        ]
      },
      "properties": {
        "feature_type": "segment",
        "segment_id": 77,
        "step": 77,
        "length_m": 129.59,
        "elevation_start": 52.58,
        "elevation_end": 61.4,
        "slope_percent": 5.15,
        "cost_usd": 64796.52,
        "cost_per_m": 500.0,
        "cumulative_cost": 6370245.93,
        "terrain_cost": 38877.91,
        "environmental_cost": 450.55,
        "land_cover_class": 20,
        "land_cover_name": "Shrubland",
        "geohazard_risk": 0.0,
        "soil_capacity": 0.0,
        "population_density": 0.0,
        "road_proximity_m": -1,
        "railway_proximity_m": -1,
        "water_proximity_m": -1,
        "crs": "EPSG:32633",
        "crs_name": "UTM Zone 33"
      }
    },
    {
      "type": "Feature",
      "geometry": {
        "type": "LineString",
        "coordinates": [
          [
            386784.4342346682,
            4798761.721276807
          ],
          [
            386914.04209170304,
            4798632.128233712
          ]
        ]
      },
      "properties": {
        "feature_type": "segment",
        "segment_id": 78,
        "step": 78,
        "length_m": 183.28,
        "elevation_start": 61.4,
        "elevation_end": 59.43,
        "slope_percent": 4.57,
        "cost_usd": 73313.09,
        "cost_per_m": 400.0,
        "cumulative_cost": 6443559.02,
        "terrain_cost": 43987.85,
        "environmental_cost": 24.79,
        "land_cover_class": 30,
        "land_cover_name": "Grassland",
        "geohazard_risk": 0.0,
        "soil_capacity": 0.0,
        "population_density": 0.0,
        "road_proximity_m": -1,
        "railway_proximity_m": -1,
        "water_proximity_m": -1,
        "crs": "EPSG:32633",
        "crs_name": "UTM Zone 33"
      }
    },
    {
      "type": "Feature",
      "geometry": {
        "type": "LineString",
        "coordinates": [
          [
            386914.04209170304,
            4798632.128233712
          ],
          [
            387043.6499487379,
            4798502.535190618
          ]
        ]
      },
      "properties": {
        "feature_type": "segment",
        "segment_id": 79,
        "step": 79,
        "length_m": 183.28,
        "elevation_start": 59.43,
        "elevation_end": 66.66,
        "slope_percent": 6.54,
        "cost_usd": 84310.05,
        "cost_per_m": 460.0,
        "cumulative_cost": 6527869.07,
        "terrain_cost": 50586.03,
        "environmental_cost": 25.07,
        "land_cover_class": 30,
        "land_cover_name": "Grassland",
        "geohazard_risk": 0.0,
        "soil_capacity": 0.0,
        "population_density": 0.0,
        "road_proximity_m": -1,
        "railway_proximity_m": -1,
        "water_proximity_m": -1,
        "crs": "EPSG:32633",
        "crs_name": "UTM Zone 33"
      }
    },
    {
      "type": "Feature",
      "geometry": {
        "type": "LineString",
        "coordinates": [
          [
            387043.6499487379,
            4798502.535190618
          ],
          [
            387173.25780577277,
            4798372.942147523
          ]
        ]
      },
      "properties": {
        "feature_type": "segment",
        "segment_id": 80,
        "step": 80,
        "length_m": 183.28,
        "elevation_start": 66.66,
        "elevation_end": 79.27,
        "slope_percent": 4.88,
        "cost_usd": 73313.09,
        "cost_per_m": 400.0,
        "cumulative_cost": 6601182.15,
        "terrain_cost": 43987.85,
        "environmental_cost": 12.59,
        "land_cover_class": 30,
        "land_cover_name": "Grassland",
        "geohazard_risk": 0.0,
        "soil_capacity": 393.0,
        "population_density": 0.0017,
        "road_proximity_m": 257.8,
        "railway_proximity_m": -1,
        "water_proximity_m": 81.3,
        "crs": "EPSG:32633",
        "crs_name": "UTM Zone 33"
      }
    },
    {
      "type": "Feature",
      "geometry": {
        "type": "LineString",
        "coordinates": [
          [
            387173.25780577277,
            4798372.942147523
          ],
          [
            387302.8656628076,
            4798372.942147523
          ]
        ]
      },
      "properties": {
        "feature_type": "segment",
        "segment_id": 81,
        "step": 81,
        "length_m": 129.61,
        "elevation_start": 79.27,
        "elevation_end": 94.23,
        "slope_percent": 12.31,
        "cost_usd": 85541.19,
        "cost_per_m": 660.0,
        "cumulative_cost": 6686723.34,
        "terrain_cost": 51324.71,
        "environmental_cost": 1597.64,
        "land_cover_class": 10,
        "land_cover_name": "Tree cover",
        "geohazard_risk": 0.0,
        "soil_capacity": 0.0,
        "population_density": 0.0,
        "road_proximity_m": -1,
        "railway_proximity_m": -1,
        "water_proximity_m": -1,
        "crs": "EPSG:32633",
        "crs_name": "UTM Zone 33"
      }
    },
    {
      "type": "Feature",
      "geometry": {
        "type": "LineString",
        "coordinates": [
          [
            387302.8656628076,
            4798372.942147523
          ],
          [
            387432.4735198425,
            4798502.535190618
          ]
        ]
      },
      "properties": {
        "feature_type": "segment",
        "segment_id": 82,
        "step": 82,
        "length_m": 183.28,
        "elevation_start": 94.23,
        "elevation_end": 116.38,
        "slope_percent": 4.18,
        "cost_usd": 73313.09,
        "cost_per_m": 400.0,
        "cumulative_cost": 6760036.42,
        "terrain_cost": 43987.85,
        "environmental_cost": 34.03,
        "land_cover_class": 30,
        "land_cover_name": "Grassland",
        "geohazard_risk": 0.0,
        "soil_capacity": 0.0,
        "population_density": 0.0,
        "road_proximity_m": -1,
        "railway_proximity_m": -1,
        "water_proximity_m": -1,
        "crs": "EPSG:32633",
        "crs_name": "UTM Zone 33"
      }
    },
    {
      "type": "Feature",
      "geometry": {
        "type": "LineString",
        "coordinates": [
          [
            387432.4735198425,
            4798502.535190618
          ],
          [
            387562.0813768773,
            4798502.535190618
          ]
        ]
      },
      "properties": {
        "feature_type": "segment",
        "segment_id": 83,
        "step": 83,
        "length_m": 129.61,
        "elevation_start": 116.38,
        "elevation_end": 105.91,
        "slope_percent": 12.64,
        "cost_usd": 98501.97,
        "cost_per_m": 760.0,
        "cumulative_cost": 6858538.39,
        "terrain_cost": 59101.18,
        "environmental_cost": 1189.62,
        "land_cover_class": 40,
        "land_cover_name": "Cropland",
        "geohazard_risk": 0.0,
        "soil_capacity": 0.0,
        "population_density": 0.0,
        "road_proximity_m": -1,
        "railway_proximity_m": -1,
        "water_proximity_m": -1,
        "crs": "EPSG:32633",
        "crs_name": "UTM Zone 33"
      }
    },
    {
      "type": "Feature",
      "geometry": {
        "type": "LineString",
        "coordinates": [
          [
            387562.0813768773,
            4798502.535190618
          ],
          [
            387691.68923391216,
            4798502.535190618
          ]
        ]
      },
      "properties": {
        "feature_type": "segment",
        "segment_id": 84,
        "step": 84,
        "length_m": 129.61,
        "elevation_start": 105.91,
        "elevation_end": 98.96,
        "slope_percent": 14.66,
        "cost_usd": 72580.4,
        "cost_per_m": 560.0,
        "cumulative_cost": 6931118.79,
        "terrain_cost": 43548.24,
        "environmental_cost": 20.91,
        "land_cover_class": 30,
        "land_cover_name": "Grassland",
        "geohazard_risk": 0.0,
        "soil_capacity": 0.0,
        "population_density": 0.0,
        "road_proximity_m": -1,
        "railway_proximity_m": -1,
        "water_proximity_m": -1,
        "crs": "EPSG:32633",
        "crs_name": "UTM Zone 33"
      }
    },
    {
      "type": "Feature",
      "geometry": {
        "type": "LineString",
        "coordinates": [
          [
            387691.68923391216,
            4798502.535190618
          ],
          [
            387821.29709094705,
            4798502.535190618
          ]
        ]
      },
      "properties": {
        "feature_type": "segment",
        "segment_id": 85,
        "step": 85,
        "length_m": 129.61,
        "elevation_start": 98.96,
        "elevation_end": 92.13,
        "slope_percent": 16.33,
        "cost_usd": 103686.29,
        "cost_per_m": 800.0,
        "cumulative_cost": 7034805.08,
        "terrain_cost": 62211.77,
        "environmental_cost": 18.8,
        "land_cover_class": 30,
        "land_cover_name": "Grassland",
        "geohazard_risk": 0.0,
        "soil_capacity": 380.0,
        "population_density": 0.0036,
        "road_proximity_m": 52.9,
        "railway_proximity_m": 4923.7,
        "water_proximity_m": 246.6,
        "crs": "EPSG:32633",
        "crs_name": "UTM Zone 33"
      }
    },
    {
      "type": "Feature",
      "geometry": {
        "type": "LineString",
        "coordinates": [
          [
            387821.29709094705,
            4798502.535190618
          ],
          [
            387950.9049479819,
            4798502.535190618
          ]
        ]
      },
      "properties": {
        "feature_type": "segment",
        "segment_id": 86,
        "step": 86,
        "length_m": 129.61,
        "elevation_start": 92.13,
        "elevation_end": 88.44,
        "slope_percent": 13.9,
        "cost_usd": 98501.97,
        "cost_per_m": 760.0,
        "cumulative_cost": 7133307.05,
        "terrain_cost": 59101.18,
        "environmental_cost": 1186.97,
        "land_cover_class": 40,
        "land_cover_name": "Cropland",
        "geohazard_risk": 0.0,
        "soil_capacity": 0.0,
        "population_density": 0.0,
        "road_proximity_m": -1,
        "railway_proximity_m": -1,
        "water_proximity_m": -1,
        "crs": "EPSG:32633",
        "crs_name": "UTM Zone 33"
      }
    },
    {
      "type": "Feature",
      "geometry": {
        "type": "LineString",
        "coordinates": [
          [
            387950.9049479819,
            4798502.535190618
          ],
          [
            388080.5128050167,
            4798372.942147523
          ]
        ]
      },
      "properties": {
        "feature_type": "segment",
        "segment_id": 87,
        "step": 87,
        "length_m": 183.28,
        "elevation_start": 88.44,
        "elevation_end": 113.19,
        "slope_percent": 17.7,
        "cost_usd": 183282.71,
        "cost_per_m": 1000.0,
        "cumulative_cost": 7316589.77,
        "terrain_cost": 109969.63,
        "environmental_cost": 1675.91,
        "land_cover_class": 40,
        "land_cover_name": "Cropland",
        "geohazard_risk": 0.0,
        "soil_capacity": 0.0,
        "population_density": 0.0,
        "road_proximity_m": -1,
        "railway_proximity_m": -1,
        "water_proximity_m": -1,
        "crs": "EPSG:32633",
        "crs_name": "UTM Zone 33"
      }
    },
    {
      "type": "Feature",
      "geometry": {
        "type": "LineString",
        "coordinates": [
          [
            388080.5128050167,
            4798372.942147523
          ],
          [
            388210.1206620516,
            4798243.349104429
          ]
        ]
      },
      "properties": {
        "feature_type": "segment",
        "segment_id": 88,
        "step": 88,
        "length_m": 183.28,
        "elevation_start": 113.19,
        "elevation_end": 145.99,
        "slope_percent": 19.95,
        "cost_usd": 146626.17,
        "cost_per_m": 800.0,
        "cumulative_cost": 7463215.94,
        "terrain_cost": 87975.7,
        "environmental_cost": 30.78,
        "land_cover_class": 30,
        "land_cover_name": "Grassland",
        "geohazard_risk": 0.0,
        "soil_capacity": 0.0,
        "population_density": 0.0,
        "road_proximity_m": -1,
        "railway_proximity_m": -1,
        "water_proximity_m": -1,
        "crs": "EPSG:32633",
        "crs_name": "UTM Zone 33"
      }
    },
    {
      "type": "Feature",
      "geometry": {
        "type": "LineString",
        "coordinates": [
          [
            388210.1206620516,
            4798243.349104429
          ],
          [
            388210.1206620516,
            4798113.756061334
          ]
        ]
      },
      "properties": {
        "feature_type": "segment",
        "segment_id": 89,
        "step": 89,
        "length_m": 129.59,
        "elevation_start": 145.99,
        "elevation_end": 165.12,
        "slope_percent": 21.32,
        "cost_usd": 103674.43,
        "cost_per_m": 800.0,
        "cumulative_cost": 7566890.37,
        "terrain_cost": 62204.66,
        "environmental_cost": 20.44,
        "land_cover_class": 30,
        "land_cover_name": "Grassland",
        "geohazard_risk": 0.0,
        "soil_capacity": 0.0,
        "population_density": 0.0,
        "road_proximity_m": -1,
        "railway_proximity_m": -1,
        "water_proximity_m": -1,
        "crs": "EPSG:32633",
        "crs_name": "UTM Zone 33"
      }
    },
    {
      "type": "Feature",
      "geometry": {
        "type": "LineString",
        "coordinates": [
          [
            388210.1206620516,
            4798113.756061334
          ],
          [
            388210.1206620516,
            4797984.163018241
          ]
        ]
      },
      "properties": {
        "feature_type": "segment",
        "segment_id": 90,
        "step": 90,
        "length_m": 129.59,
        "elevation_start": 165.12,
        "elevation_end": 192.56,
        "slope_percent": 23.54,
        "cost_usd": 129593.04,
        "cost_per_m": 1000.0,
        "cumulative_cost": 7696483.41,
        "terrain_cost": 77755.83,
        "environmental_cost": 1281.31,
        "land_cover_class": 40,
        "land_cover_name": "Cropland",
        "geohazard_risk": 0.0,
        "soil_capacity": 396.0,
        "population_density": 0.0222,
        "road_proximity_m": 95.1,
        "railway_proximity_m": 4325.8,
        "water_proximity_m": 525.6,
        "crs": "EPSG:32633",
        "crs_name": "UTM Zone 33"
      }
    },
    {
      "type": "Feature",
      "geometry": {
        "type": "LineString",
        "coordinates": [
          [
            388210.1206620516,
            4797984.163018241
          ],
          [
            388339.72851908643,
            4797854.569975146
          ]
        ]
      },
      "properties": {
        "feature_type": "segment",
        "segment_id": 91,
        "step": 91,
        "length_m": 183.28,
        "elevation_start": 192.56,
        "elevation_end": 234.79,
        "slope_percent": 12.58,
        "cost_usd": 109969.63,
        "cost_per_m": 600.0,
        "cumulative_cost": 7806453.04,
        "terrain_cost": 65981.78,
        "environmental_cost": 1098.95,
        "land_cover_class": 20,
        "land_cover_name": "Shrubland",
        "geohazard_risk": 0.0,
        "soil_capacity": 0.0,
        "population_density": 0.0,
        "road_proximity_m": -1,
        "railway_proximity_m": -1,
        "water_proximity_m": -1,
        "crs": "EPSG:32633",
        "crs_name": "UTM Zone 33"
      }
    },
    {
      "type": "Feature",
      "geometry": {
        "type": "LineString",
        "coordinates": [
          [
            388339.72851908643,
            4797854.569975146
          ],
          [
            388339.72851908643,
            4797724.976932052
          ]
        ]
      },
      "properties": {
        "feature_type": "segment",
        "segment_id": 92,
        "step": 92,
        "length_m": 129.59,
        "elevation_start": 234.79,
        "elevation_end": 207.96,
        "slope_percent": 20.58,
        "cost_usd": 103674.43,
        "cost_per_m": 800.0,
        "cumulative_cost": 7910127.48,
        "terrain_cost": 62204.66,
        "environmental_cost": 1180.96,
        "land_cover_class": 30,
        "land_cover_name": "Grassland",
        "geohazard_risk": 0.0,
        "soil_capacity": 0.0,
        "population_density": 0.0,
        "road_proximity_m": -1,
        "railway_proximity_m": -1,
        "water_proximity_m": -1,
        "crs": "EPSG:32633",
        "crs_name": "UTM Zone 33"
      }
    },
    {
      "type": "Feature",
      "geometry": {
        "type": "LineString",
        "coordinates": [
          [
            388339.72851908643,
            4797724.976932052
          ],
          [
            388339.72851908643,
            4797595.383888957
          ]
        ]
      },
      "properties": {
        "feature_type": "segment",
        "segment_id": 93,
        "step": 93,
        "length_m": 129.59,
        "elevation_start": 207.96,
        "elevation_end": 180.04,
        "slope_percent": 21.47,
        "cost_usd": 103674.43,
        "cost_per_m": 800.0,
        "cumulative_cost": 8013801.91,
        "terrain_cost": 62204.66,
        "environmental_cost": 271.34,
        "land_cover_class": 30,
        "land_cover_name": "Grassland",
        "geohazard_risk": 0.0,
        "soil_capacity": 0.0,
        "population_density": 0.0,
        "road_proximity_m": -1,
        "railway_proximity_m": -1,
        "water_proximity_m": -1,
        "crs": "EPSG:32633",
        "crs_name": "UTM Zone 33"
      }
    },
    {
      "type": "Feature",
      "geometry": {
        "type": "LineString",
        "coordinates": [
          [
            388339.72851908643,
            4797595.383888957
          ],
          [
            388339.72851908643,
            4797465.790845863
          ]
        ]
      },
      "properties": {
        "feature_type": "segment",
        "segment_id": 94,
        "step": 94,
        "length_m": 129.59,
        "elevation_start": 180.04,
        "elevation_end": 153.1,
        "slope_percent": 18.79,
        "cost_usd": 103674.43,
        "cost_per_m": 800.0,
        "cumulative_cost": 8117476.35,
        "terrain_cost": 62204.66,
        "environmental_cost": 94.27,
        "land_cover_class": 30,
        "land_cover_name": "Grassland",
        "geohazard_risk": 0.0,
        "soil_capacity": 0.0,
        "population_density": 0.0,
        "road_proximity_m": -1,
        "railway_proximity_m": -1,
        "water_proximity_m": -1,
        "crs": "EPSG:32633",
        "crs_name": "UTM Zone 33"
      }
    },
    {
      "type": "Feature",
      "geometry": {
        "type": "LineString",
        "coordinates": [
          [
            388339.72851908643,
            4797465.790845863
          ],
          [
            388469.3363761213,
            4797336.197802768
          ]
        ]
      },
      "properties": {
        "feature_type": "segment",
        "segment_id": 95,
        "step": 95,
        "length_m": 183.28,
        "elevation_start": 153.1,
        "elevation_end": 154.57,
        "slope_percent": 17.06,
        "cost_usd": 153957.48,
        "cost_per_m": 840.0,
        "cumulative_cost": 8271433.83,
        "terrain_cost": 92374.49,
        "environmental_cost": 31.55,
        "land_cover_class": 20,
        "land_cover_name": "Shrubland",
        "geohazard_risk": 0.0,
        "soil_capacity": 355.0,
        "population_density": 0.0043,
        "road_proximity_m": 73.5,
        "railway_proximity_m": 3638.3,
        "water_proximity_m": 763.2,
        "crs": "EPSG:32633",
        "crs_name": "UTM Zone 33"
      }
    },
    {
      "type": "Feature",
      "geometry": {
        "type": "LineString",
        "coordinates": [
          [
            388469.3363761213,
            4797336.197802768
          ],
          [
            388598.94423315616,
            4797336.197802768
          ]
        ]
      },
      "properties": {
        "feature_type": "segment",
        "segment_id": 96,
        "step": 96,
        "length_m": 129.61,
        "elevation_start": 154.57,
        "elevation_end": 183.37,
        "slope_percent": 21.67,
        "cost_usd": 103686.29,
        "cost_per_m": 800.0,
        "cumulative_cost": 8375120.11,
        "terrain_cost": 62211.77,
        "environmental_cost": 36.96,
        "land_cover_class": 30,
        "land_cover_name": "Grassland",
        "geohazard_risk": 0.0,
        "soil_capacity": 0.0,
        "population_density": 0.0,
        "road_proximity_m": -1,
        "railway_proximity_m": -1,
        "water_proximity_m": -1,
        "crs": "EPSG:32633",
        "crs_name": "UTM Zone 33"
      }
    },
    {
      "type": "Feature",
      "geometry": {
        "type": "LineString",
        "coordinates": [
          [
            388598.94423315616,
            4797336.197802768
          ],
          [
            388728.552090191,
            4797206.604759674
          ]
        ]
      },
      "properties": {
        "feature_type": "segment",
        "segment_id": 97,
        "step": 97,
        "length_m": 183.28,
        "elevation_start": 183.37,
        "elevation_end": 221.83,
        "slope_percent": 19.24,
        "cost_usd": 146626.17,
        "cost_per_m": 800.0,
        "cumulative_cost": 8521746.28,
        "terrain_cost": 87975.7,
        "environmental_cost": 45.05,
        "land_cover_class": 30,
        "land_cover_name": "Grassland",
        "geohazard_risk": 0.0,
        "soil_capacity": 0.0,
        "population_density": 0.0,
        "road_proximity_m": -1,
        "railway_proximity_m": -1,
        "water_proximity_m": -1,
        "crs": "EPSG:32633",
        "crs_name": "UTM Zone 33"
      }
    },
    {
      "type": "Feature",
      "geometry": {
        "type": "LineString",
        "coordinates": [
          [
            388728.552090191,
            4797206.604759674
          ],
          [
            388858.1599472259,
            4797077.011716579
          ]
        ]
      },
      "properties": {
        "feature_type": "segment",
        "segment_id": 98,
        "step": 98,
        "length_m": 183.28,
        "elevation_start": 221.83,
        "elevation_end": 189.36,
        "slope_percent": 23.01,
        "cost_usd": 153957.48,
        "cost_per_m": 840.0,
        "cumulative_cost": 8675703.76,
        "terrain_cost": 92374.49,
        "environmental_cost": 37.25,
        "land_cover_class": 20,
        "land_cover_name": "Shrubland",
        "geohazard_risk": 0.0,
        "soil_capacity": 0.0,
        "population_density": 0.0,
        "road_proximity_m": -1,
        "railway_proximity_m": -1,
        "water_proximity_m": -1,
        "crs": "EPSG:32633",
        "crs_name": "UTM Zone 33"
      }
    },
    {
      "type": "Feature",
      "geometry": {
        "type": "LineString",
        "coordinates": [
          [
            388858.1599472259,
            4797077.011716579
          ],
          [
            388987.7678042607,
            4796947.418673485
          ]
        ]
      },
      "properties": {
        "feature_type": "segment",
        "segment_id": 99,
        "step": 99,
        "length_m": 183.28,
        "elevation_start": 189.36,
        "elevation_end": 176.25,
        "slope_percent": 20.85,
        "cost_usd": 146626.17,
        "cost_per_m": 800.0,
        "cumulative_cost": 8822329.94,
        "terrain_cost": 87975.7,
        "environmental_cost": 97.44,
        "land_cover_class": 30,
        "land_cover_name": "Grassland",
        "geohazard_risk": 0.0,
        "soil_capacity": 0.0,
        "population_density": 0.0,
        "road_proximity_m": -1,
        "railway_proximity_m": -1,
        "water_proximity_m": -1,
        "crs": "EPSG:32633",
        "crs_name": "UTM Zone 33"
      }
    },
    {
      "type": "Feature",
      "geometry": {
        "type": "LineString",
        "coordinates": [
          [
            388987.7678042607,
            4796947.418673485
          ],
          [
            388987.7678042607,
            4796817.825630391
          ]
        ]
      },
      "properties": {
        "feature_type": "segment",
        "segment_id": 100,
        "step": 100,
        "length_m": 129.59,
        "elevation_start": 176.25,
        "elevation_end": 164.5,
        "slope_percent": 22.23,
        "cost_usd": 129593.04,
        "cost_per_m": 1000.0,
        "cumulative_cost": 8951922.98,
        "terrain_cost": 77755.83,
        "environmental_cost": 1225.28,
        "land_cover_class": 40,
        "land_cover_name": "Cropland",
        "geohazard_risk": 0.0,
        "soil_capacity": 351.0,
        "population_density": 0.0114,
        "road_proximity_m": 67.5,
        "railway_proximity_m": 3055.4,
        "water_proximity_m": 696.1,
        "crs": "EPSG:32633",
        "crs_name": "UTM Zone 33"
      }
    },
    {
      "type": "Feature",
      "geometry": {
        "type": "LineString",
        "coordinates": [
          [
            388987.7678042607,
            4796817.825630391
          ],
          [
            389117.37566129555,
            4796688.2325872965
          ]
        ]
      },
      "properties": {
        "feature_type": "segment",
        "segment_id": 101,
        "step": 101,
        "length_m": 183.28,
        "elevation_start": 164.5,
        "elevation_end": 187.78,
        "slope_percent": 18.9,
        "cost_usd": 146626.17,
        "cost_per_m": 800.0,
        "cumulative_cost": 9098549.15,
        "terrain_cost": 87975.7,
        "environmental_cost": 614.01,
        "land_cover_class": 30,
        "land_cover_name": "Grassland",
        "geohazard_risk": 0.0,
        "soil_capacity": 0.0,
        "population_density": 0.0,
        "road_proximity_m": -1,
        "railway_proximity_m": -1,
        "water_proximity_m": -1,
        "crs": "EPSG:32633",
        "crs_name": "UTM Zone 33"
      }
    },
    {
      "type": "Feature",
      "geometry": {
        "type": "LineString",
        "coordinates": [
          [
            389117.37566129555,
            4796688.2325872965
          ],
          [
            389117.37566129555,
            4796558.639544202
          ]
        ]
      },
      "properties": {
        "feature_type": "segment",
        "segment_id": 102,
        "step": 102,
        "length_m": 129.59,
        "elevation_start": 187.78,
        "elevation_end": 165.25,
        "slope_percent": 18.54,
        "cost_usd": 103674.43,
        "cost_per_m": 800.0,
        "cumulative_cost": 9202223.59,
        "terrain_cost": 62204.66,
        "environmental_cost": 155.28,
        "land_cover_class": 30,
        "land_cover_name": "Grassland",
        "geohazard_risk": 0.0,
        "soil_capacity": 0.0,
        "population_density": 0.0,
        "road_proximity_m": -1,
        "railway_proximity_m": -1,
        "water_proximity_m": -1,
        "crs": "EPSG:32633",
        "crs_name": "UTM Zone 33"
      }
    },
    {
      "type": "Feature",
      "geometry": {
        "type": "LineString",
        "coordinates": [
          [
            389117.37566129555,
            4796558.639544202
          ],
          [
            388987.7678042607,
            4796429.0465011075
          ]
        ]
      },
      "properties": {
        "feature_type": "segment",
        "segment_id": 103,
        "step": 103,
        "length_m": 183.28,
        "elevation_start": 165.25,
        "elevation_end": 138.52,
        "slope_percent": 13.97,
        "cost_usd": 102638.32,
        "cost_per_m": 560.0,
        "cumulative_cost": 9304861.91,
        "terrain_cost": 61582.99,
        "environmental_cost": 113.35,
        "land_cover_class": 30,
        "land_cover_name": "Grassland",
        "geohazard_risk": 0.0,
        "soil_capacity": 0.0,
        "population_density": 0.0,
        "road_proximity_m": -1,
        "railway_proximity_m": -1,
        "water_proximity_m": -1,
        "crs": "EPSG:32633",
        "crs_name": "UTM Zone 33"
      }
    },
    {
      "type": "Feature",
      "geometry": {
        "type": "LineString",
        "coordinates": [
          [
            388987.7678042607,
            4796429.0465011075
          ],
          [
            388987.7678042607,
            4796299.453458013
          ]
        ]
      },
      "properties": {
        "feature_type": "segment",
        "segment_id": 104,
        "step": 104,
        "length_m": 129.59,
        "elevation_start": 138.52,
        "elevation_end": 118.68,
        "slope_percent": 14.8,
        "cost_usd": 72572.1,
        "cost_per_m": 560.0,
        "cumulative_cost": 9377434.01,
        "terrain_cost": 43543.26,
        "environmental_cost": 15.46,
        "land_cover_class": 30,
        "land_cover_name": "Grassland",
        "geohazard_risk": 0.0,
        "soil_capacity": 0.0,
        "population_density": 0.0,
        "road_proximity_m": -1,
        "railway_proximity_m": -1,
        "water_proximity_m": -1,
        "crs": "EPSG:32633",
        "crs_name": "UTM Zone 33"
      }
    },
    {
      "type": "Feature",
      "geometry": {
        "type": "LineString",
        "coordinates": [
          [
            388987.7678042607,
            4796299.453458013
          ],
          [
            388987.7678042607,
            4796169.8604149185
          ]
        ]
      },
      "properties": {
        "feature_type": "segment",
        "segment_id": 105,
        "step": 105,
        "length_m": 129.59,
        "elevation_start": 118.68,
        "elevation_end": 100.13,
        "slope_percent": 9.16,
        "cost_usd": 85531.41,
        "cost_per_m": 660.0,
        "cumulative_cost": 9462965.42,
        "terrain_cost": 51318.85,
        "environmental_cost": 1179.21,
        "land_cover_class": 40,
        "land_cover_name": "Cropland",
        "geohazard_risk": 0.0,
        "soil_capacity": 374.0,
        "population_density": 0.0025,
        "road_proximity_m": 131.8,
        "railway_proximity_m": 2410.1,
        "water_proximity_m": 701.4,
        "crs": "EPSG:32633",
        "crs_name": "UTM Zone 33"
      }
    },
    {
      "type": "Feature",
      "geometry": {
        "type": "LineString",
        "coordinates": [
          [
            388987.7678042607,
            4796169.8604149185
          ],
          [
            388987.7678042607,
            4796040.267371824
          ]
        ]
      },
      "properties": {
        "feature_type": "segment",
        "segment_id": 106,
        "step": 106,
        "length_m": 129.59,
        "elevation_start": 100.13,
        "elevation_end": 96.74,
        "slope_percent": 8.66,
        "cost_usd": 59612.8,
        "cost_per_m": 460.0,
        "cumulative_cost": 9522578.22,
        "terrain_cost": 35767.68,
        "environmental_cost": 13.29,
        "land_cover_class": 30,
        "land_cover_name": "Grassland",
        "geohazard_risk": 0.0,
        "soil_capacity": 0.0,
        "population_density": 0.0,
        "road_proximity_m": -1,
        "railway_proximity_m": -1,
        "water_proximity_m": -1,
        "crs": "EPSG:32633",
        "crs_name": "UTM Zone 33"
      }
    },
    {
      "type": "Feature",
      "geometry": {
        "type": "LineString",
        "coordinates": [
          [
            388987.7678042607,
            4796040.267371824
          ],
          [
            389117.37566129555,
            4795910.6743287295
          ]
        ]
      },
      "properties": {
        "feature_type": "segment",
        "segment_id": 107,
        "step": 107,
        "length_m": 183.28,
        "elevation_start": 96.74,
        "elevation_end": 117.16,
        "slope_percent": 9.13,
        "cost_usd": 84310.05,
        "cost_per_m": 460.0,
        "cumulative_cost": 9606888.27,
        "terrain_cost": 50586.03,
        "environmental_cost": 314.95,
        "land_cover_class": 30,
        "land_cover_name": "Grassland",
        "geohazard_risk": 0.0,
        "soil_capacity": 0.0,
        "population_density": 0.0,
        "road_proximity_m": -1,
        "railway_proximity_m": -1,
        "water_proximity_m": -1,
        "crs": "EPSG:32633",
        "crs_name": "UTM Zone 33"
      }
    },
    {
      "type": "Feature",
      "geometry": {
        "type": "LineString",
        "coordinates": [
          [
            389117.37566129555,
            4795910.6743287295
          ],
          [
            389246.98351833044,
            4795910.6743287295
          ]
        ]
      },
      "properties": {
        "feature_type": "segment",
        "segment_id": 108,
        "step": 108,
        "length_m": 129.61,
        "elevation_start": 117.16,
        "elevation_end": 126.99,
        "slope_percent": 4.89,
        "cost_usd": 77764.71,
        "cost_per_m": 600.0,
        "cumulative_cost": 9684652.98,
        "terrain_cost": 46658.83,
        "environmental_cost": 1607.21,
        "land_cover_class": 40,
        "land_cover_name": "Cropland",
        "geohazard_risk": 0.0,
        "soil_capacity": 0.0,
        "population_density": 0.0,
        "road_proximity_m": -1,
        "railway_proximity_m": -1,
        "water_proximity_m": -1,
        "crs": "EPSG:32633",
        "crs_name": "UTM Zone 33"
      }
    },
    {
      "type": "Feature",
      "geometry": {
        "type": "LineString",
        "coordinates": [
          [
            389246.98351833044,
            4795910.6743287295
          ],
          [
            389376.5913753653,
            4795910.6743287295
          ]
        ]
      },
      "properties": {
        "feature_type": "segment",
        "segment_id": 109,
        "step": 109,
        "length_m": 129.61,
        "elevation_start": 126.99,
        "elevation_end": 132.85,
        "slope_percent": 6.8,
        "cost_usd": 59619.61,
        "cost_per_m": 460.0,
        "cumulative_cost": 9744272.59,
        "terrain_cost": 35771.77,
        "environmental_cost": 308.32,
        "land_cover_class": 30,
        "land_cover_name": "Grassland",
        "geohazard_risk": 0.0,
        "soil_capacity": 0.0,
        "population_density": 0.0,
        "road_proximity_m": -1,
        "railway_proximity_m": -1,
        "water_proximity_m": -1,
        "crs": "EPSG:32633",
        "crs_name": "UTM Zone 33"
      }
    },
    {
      "type": "Feature",
      "geometry": {
        "type": "LineString",
        "coordinates": [
          [
            389376.5913753653,
            4795910.6743287295
          ],
          [
            389506.19923240016,
            4795781.081285635
          ]
        ]
      },
      "properties": {
        "feature_type": "segment",
        "segment_id": 110,
        "step": 110,
        "length_m": 183.28,
        "elevation_start": 132.85,
        "elevation_end": 113.88,
        "slope_percent": 9.47,
        "cost_usd": 84310.05,
        "cost_per_m": 460.0,
        "cumulative_cost": 9828582.64,
        "terrain_cost": 50586.03,
        "environmental_cost": 49.27,
        "land_cover_class": 30,
        "land_cover_name": "Grassland",
        "geohazard_risk": 0.0,
        "soil_capacity": 387.0,
        "population_density": 0.0067,
        "road_proximity_m": 74.5,
        "railway_proximity_m": 1986.6,
        "water_proximity_m": 155.2,
        "crs": "EPSG:32633",
        "crs_name": "UTM Zone 33"
      }
    },
    {
      "type": "Feature",
      "geometry": {
        "type": "LineString",
        "coordinates": [
          [
            389506.19923240016,
            4795781.081285635
          ],
          [
            389506.19923240016,
            4795651.4882425405
          ]
        ]
      },
      "properties": {
        "feature_type": "segment",
        "segment_id": 111,
        "step": 111,
        "length_m": 129.59,
        "elevation_start": 113.88,
        "elevation_end": 103.43,
        "slope_percent": 7.84,
        "cost_usd": 72572.1,
        "cost_per_m": 560.0,
        "cumulative_cost": 9901154.75,
        "terrain_cost": 43543.26,
        "environmental_cost": 1633.5,
        "land_cover_class": 10,
        "land_cover_name": "Tree cover",
        "geohazard_risk": 0.0,
        "soil_capacity": 0.0,
        "population_density": 0.0,
        "road_proximity_m": -1,
        "railway_proximity_m": -1,
        "water_proximity_m": -1,
        "crs": "EPSG:32633",
        "crs_name": "UTM Zone 33"
      }
    },
    {
      "type": "Feature",
      "geometry": {
        "type": "LineString",
        "coordinates": [
          [
            389506.19923240016,
            4795651.4882425405
          ],
          [
            389635.807089435,
            4795521.895199447
          ]
        ]
      },
      "properties": {
        "feature_type": "segment",
        "segment_id": 112,
        "step": 112,
        "length_m": 183.28,
        "elevation_start": 103.43,
        "elevation_end": 105.99,
        "slope_percent": 7.27,
        "cost_usd": 84310.05,
        "cost_per_m": 460.0,
        "cumulative_cost": 9985464.8,
        "terrain_cost": 50586.03,
        "environmental_cost": 463.08,
        "land_cover_class": 30,
        "land_cover_name": "Grassland",
        "geohazard_risk": 0.0,
        "soil_capacity": 0.0,
        "population_density": 0.0,
        "road_proximity_m": -1,
        "railway_proximity_m": -1,
        "water_proximity_m": -1,
        "crs": "EPSG:32633",
        "crs_name": "UTM Zone 33"
      }
    },
    {
      "type": "Feature",
      "geometry": {
        "type": "LineString",
        "coordinates": [
          [
            389635.807089435,
            4795521.895199447
          ],
          [
            389765.4149464698,
            4795392.302156352
          ]
        ]
      },
      "properties": {
        "feature_type": "segment",
        "segment_id": 113,
        "step": 113,
        "length_m": 183.28,
        "elevation_start": 105.99,
        "elevation_end": 91.34,
        "slope_percent": 6.77,
        "cost_usd": 84310.05,
        "cost_per_m": 460.0,
        "cumulative_cost": 10069774.84,
        "terrain_cost": 50586.03,
        "environmental_cost": 450.5,
        "land_cover_class": 30,
        "land_cover_name": "Grassland",
        "geohazard_risk": 0.0,
        "soil_capacity": 0.0,
        "population_density": 0.0,
        "road_proximity_m": -1,
        "railway_proximity_m": -1,
        "water_proximity_m": -1,
        "crs": "EPSG:32633",
        "crs_name": "UTM Zone 33"
      }
    },
    {
      "type": "Feature",
      "geometry": {
        "type": "LineString",
        "coordinates": [
          [
            389765.4149464698,
            4795392.302156352
          ],
          [
            389765.4149464698,
            4795262.709113258
          ]
        ]
      },
      "properties": {
        "feature_type": "segment",
        "segment_id": 114,
        "step": 114,
        "length_m": 129.59,
        "elevation_start": 91.34,
        "elevation_end": 83.71,
        "slope_percent": 7.56,
        "cost_usd": 59612.8,
        "cost_per_m": 460.0,
        "cumulative_cost": 10129387.64,
        "terrain_cost": 35767.68,
        "environmental_cost": 406.91,
        "land_cover_class": 30,
        "land_cover_name": "Grassland",
        "geohazard_risk": 0.0,
        "soil_capacity": 0.0,
        "population_density": 0.0,
        "road_proximity_m": -1,
        "railway_proximity_m": -1,
        "water_proximity_m": -1,
        "crs": "EPSG:32633",
        "crs_name": "UTM Zone 33"
      }
    },
    {
      "type": "Feature",
      "geometry": {
        "type": "LineString",
        "coordinates": [
          [
            389765.4149464698,
            4795262.709113258
          ],
          [
            389765.4149464698,
            4795133.116070163
          ]
        ]
      },
      "properties": {
        "feature_type": "segment",
        "segment_id": 115,
        "step": 115,
        "length_m": 129.59,
        "elevation_start": 83.71,
        "elevation_end": 71.02,
        "slope_percent": 9.23,
        "cost_usd": 59612.8,
        "cost_per_m": 460.0,
        "cumulative_cost": 10189000.44,
        "terrain_cost": 35767.68,
        "environmental_cost": 37.32,
        "land_cover_class": 30,
        "land_cover_name": "Grassland",
        "geohazard_risk": 0.0,
        "soil_capacity": 389.0,
        "population_density": 0.0072,
        "road_proximity_m": 80.6,
        "railway_proximity_m": 1323.0,
        "water_proximity_m": 161.0,
        "crs": "EPSG:32633",
        "crs_name": "UTM Zone 33"
      }
    },
    {
      "type": "Feature",
      "geometry": {
        "type": "LineString",
        "coordinates": [
          [
            389765.4149464698,
            4795133.116070163
          ],
          [
            389895.0228035047,
            4795003.523027069
          ]
        ]
      },
      "properties": {
        "feature_type": "segment",
        "segment_id": 116,
        "step": 116,
        "length_m": 183.28,
        "elevation_start": 71.02,
        "elevation_end": 60.61,
        "slope_percent": 2.95,
        "cost_usd": 109969.63,
        "cost_per_m": 600.0,
        "cumulative_cost": 10298970.07,
        "terrain_cost": 65981.78,
        "environmental_cost": 1741.26,
        "land_cover_class": 40,
        "land_cover_name": "Cropland",
        "geohazard_risk": 0.0,
        "soil_capacity": 0.0,
        "population_density": 0.0,
        "road_proximity_m": -1,
        "railway_proximity_m": -1,
        "water_proximity_m": -1,
        "crs": "EPSG:32633",
        "crs_name": "UTM Zone 33"
      }
    },
    {
      "type": "Feature",
      "geometry": {
        "type": "LineString",
        "coordinates": [
          [
            389895.0228035047,
            4795003.523027069
          ],
          [
            389895.0228035047,
            4794873.929983974
          ]
        ]
      },
      "properties": {
        "feature_type": "segment",
        "segment_id": 117,
        "step": 117,
        "length_m": 129.59,
        "elevation_start": 60.61,
        "elevation_end": 69.66,
        "slope_percent": 7.35,
        "cost_usd": 85531.41,
        "cost_per_m": 660.0,
        "cumulative_cost": 10384501.48,
        "terrain_cost": 51318.85,
        "environmental_cost": 1187.22,
        "land_cover_class": 40,
        "land_cover_name": "Cropland",
        "geohazard_risk": 0.0,
        "soil_capacity": 0.0,
        "population_density": 0.0,
        "road_proximity_m": -1,
        "railway_proximity_m": -1,
        "water_proximity_m": -1,
        "crs": "EPSG:32633",
        "crs_name": "UTM Zone 33"
      }
    },
    {
      "type": "Feature",
      "geometry": {
        "type": "LineString",
        "coordinates": [
          [
            389895.0228035047,
            4794873.929983974
          ],
          [
            390024.63066053955,
            4794744.33694088
          ]
        ]
      },
      "properties": {
        "feature_type": "segment",
        "segment_id": 118,
        "step": 118,
        "length_m": 183.28,
        "elevation_start": 69.66,
        "elevation_end": 80.65,
        "slope_percent": 3.45,
        "cost_usd": 73313.09,
        "cost_per_m": 400.0,
        "cumulative_cost": 10457814.57,
        "terrain_cost": 43987.85,
        "environmental_cost": 33.65,
        "land_cover_class": 30,
        "land_cover_name": "Grassland",
        "geohazard_risk": 0.0,
        "soil_capacity": 0.0,
        "population_density": 0.0,
        "road_proximity_m": -1,
        "railway_proximity_m": -1,
        "water_proximity_m": -1,
        "crs": "EPSG:32633",
        "crs_name": "UTM Zone 33"
      }
    },
    {
      "type": "Feature",
      "geometry": {
        "type": "LineString",
        "coordinates": [
          [
            390024.63066053955,
            4794744.33694088
          ],
          [
            390154.2385175744,
            4794744.33694088
          ]
        ]
      },
      "properties": {
        "feature_type": "segment",
        "segment_id": 119,
        "step": 119,
        "length_m": 129.61,
        "elevation_start": 80.65,
        "elevation_end": 81.58,
        "slope_percent": 2.66,
        "cost_usd": 77764.71,
        "cost_per_m": 600.0,
        "cumulative_cost": 10535579.28,
        "terrain_cost": 46658.83,
        "environmental_cost": 1192.1,
        "land_cover_class": 40,
        "land_cover_name": "Cropland",
        "geohazard_risk": 0.0,
        "soil_capacity": 0.0,
        "population_density": 0.0,
        "road_proximity_m": -1,
        "railway_proximity_m": -1,
        "water_proximity_m": -1,
        "crs": "EPSG:32633",
        "crs_name": "UTM Zone 33"
      }
    },
    {
      "type": "Feature",
      "geometry": {
        "type": "LineString",
        "coordinates": [
          [
            390154.2385175744,
            4794744.33694088
          ],
          [
            390283.8463746093,
            4794744.33694088
          ]
        ]
      },
      "properties": {
        "feature_type": "segment",
        "segment_id": 120,
        "step": 120,
        "length_m": 129.61,
        "elevation_start": 81.58,
        "elevation_end": 82.44,
        "slope_percent": 4.33,
        "cost_usd": 77764.71,
        "cost_per_m": 600.0,
        "cumulative_cost": 10613344.0,
        "terrain_cost": 46658.83,
        "environmental_cost": 1180.74,
        "land_cover_class": 40,
        "land_cover_name": "Cropland",
        "geohazard_risk": 0.0,
        "soil_capacity": 376.0,
        "population_density": 0.0028,
        "road_proximity_m": 65.1,
        "railway_proximity_m": 903.5,
        "water_proximity_m": 375.0,
        "crs": "EPSG:32633",
        "crs_name": "UTM Zone 33"
      }
    },
    {
      "type": "Feature",
      "geometry": {
        "type": "LineString",
        "coordinates": [
          [
            390283.8463746093,
            4794744.33694088
          ],
          [
            390413.4542316441,
            4794614.743897785
          ]
        ]
      },
      "properties": {
        "feature_type": "segment",
        "segment_id": 121,
        "step": 121,
        "length_m": 183.28,
        "elevation_start": 82.44,
        "elevation_end": 70.38,
        "slope_percent": 5.07,
        "cost_usd": 84310.05,
        "cost_per_m": 460.0,
        "cumulative_cost": 10697654.04,
        "terrain_cost": 50586.03,
        "environmental_cost": 24.04,
        "land_cover_class": 30,
        "land_cover_name": "Grassland",
        "geohazard_risk": 0.0,
        "soil_capacity": 0.0,
        "population_density": 0.0,
        "road_proximity_m": -1,
        "railway_proximity_m": -1,
        "water_proximity_m": -1,
        "crs": "EPSG:32633",
        "crs_name": "UTM Zone 33"
      }
    },
    {
      "type": "Feature",
      "geometry": {
        "type": "LineString",
        "coordinates": [
          [
            390413.4542316441,
            4794614.743897785
          ],
          [
            390543.062088679,
            4794614.743897785
          ]
        ]
      },
      "properties": {
        "feature_type": "segment",
        "segment_id": 122,
        "step": 122,
        "length_m": 129.61,
        "elevation_start": 70.38,
        "elevation_end": 75.47,
        "slope_percent": 3.37,
        "cost_usd": 51843.14,
        "cost_per_m": 400.0,
        "cumulative_cost": 10749497.19,
        "terrain_cost": 31105.89,
        "environmental_cost": 23.05,
        "land_cover_class": 30,
        "land_cover_name": "Grassland",
        "geohazard_risk": 0.0,
        "soil_capacity": 0.0,
        "population_density": 0.0,
        "road_proximity_m": -1,
        "railway_proximity_m": -1,
        "water_proximity_m": -1,
        "crs": "EPSG:32633",
        "crs_name": "UTM Zone 33"
      }
    },
    {
      "type": "Feature",
      "geometry": {
        "type": "LineString",
        "coordinates": [
          [
            390543.062088679,
            4794614.743897785
          ],
          [
            390672.66994571383,
            4794485.150854691
          ]
        ]
      },
      "properties": {
        "feature_type": "segment",
        "segment_id": 123,
        "step": 123,
        "length_m": 183.28,
        "elevation_start": 75.47,
        "elevation_end": 66.04,
        "slope_percent": 5.25,
        "cost_usd": 120966.59,
        "cost_per_m": 660.0,
        "cumulative_cost": 10870463.78,
        "terrain_cost": 72579.95,
        "environmental_cost": 1740.19,
        "land_cover_class": 40,
        "land_cover_name": "Cropland",
        "geohazard_risk": 0.0,
        "soil_capacity": 0.0,
        "population_density": 0.0,
        "road_proximity_m": -1,
        "railway_proximity_m": -1,
        "water_proximity_m": -1,
        "crs": "EPSG:32633",
        "crs_name": "UTM Zone 33"
      }
    },
    {
      "type": "Feature",
      "geometry": {
        "type": "LineString",
        "coordinates": [
          [
            390672.66994571383,
            4794485.150854691
          ],
          [
            390802.27780274866,
            4794355.557811596
          ]
        ]
      },
      "properties": {
        "feature_type": "segment",
        "segment_id": 124,
        "step": 124,
        "length_m": 183.28,
        "elevation_start": 66.04,
        "elevation_end": 55.47,
        "slope_percent": 6.43,
        "cost_usd": 120966.59,
        "cost_per_m": 660.0,
        "cumulative_cost": 10991430.37,
        "terrain_cost": 72579.95,
        "environmental_cost": 1840.85,
        "land_cover_class": 40,
        "land_cover_name": "Cropland",
        "geohazard_risk": 0.0,
        "soil_capacity": 0.0,
        "population_density": 0.0,
        "road_proximity_m": -1,
        "railway_proximity_m": -1,
        "water_proximity_m": -1,
        "crs": "EPSG:32633",
        "crs_name": "UTM Zone 33"
      }
    },
    {
      "type": "Feature",
      "geometry": {
        "type": "LineString",
        "coordinates": [
          [
            390802.27780274866,
            4794355.557811596
          ],
          [
            390931.88565978355,
            4794225.964768503
          ]
        ]
      },
      "properties": {
        "feature_type": "segment",
        "segment_id": 125,
        "step": 125,
        "length_m": 183.28,
        "elevation_start": 55.47,
        "elevation_end": 51.04,
        "slope_percent": 3.52,
        "cost_usd": 109969.63,
        "cost_per_m": 600.0,
        "cumulative_cost": 11101400.0,
        "terrain_cost": 65981.78,
        "environmental_cost": 1808.54,
        "land_cover_class": 40,
        "land_cover_name": "Cropland",
        "geohazard_risk": 0.0,
        "soil_capacity": 365.0,
        "population_density": 0.0217,
        "road_proximity_m": 63.8,
        "railway_proximity_m": 346.2,
        "water_proximity_m": 406.1,
        "crs": "EPSG:32633",
        "crs_name": "UTM Zone 33"
      }
    },
    {
      "type": "Feature",
      "geometry": {
        "type": "LineString",
        "coordinates": [
          [
            390931.88565978355,
            4794225.964768503
          ],
          [
            391061.4935168184,
            4794225.964768503
          ]
        ]
      },
      "properties": {
        "feature_type": "segment",
        "segment_id": 126,
        "step": 126,
        "length_m": 129.61,
        "elevation_start": 51.04,
        "elevation_end": 52.73,
        "slope_percent": 3.43,
        "cost_usd": 77764.71,
        "cost_per_m": 600.0,
        "cumulative_cost": 11179164.71,
        "terrain_cost": 46658.83,
        "environmental_cost": 2231.6,
        "land_cover_class": 40,
        "land_cover_name": "Cropland",
        "geohazard_risk": 0.0,
        "soil_capacity": 0.0,
        "population_density": 0.0,
        "road_proximity_m": -1,
        "railway_proximity_m": -1,
        "water_proximity_m": -1,
        "crs": "EPSG:32633",
        "crs_name": "UTM Zone 33"
      }
    },
    {
      "type": "Feature",
      "geometry": {
        "type": "LineString",
        "coordinates": [
          [
            391061.4935168184,
            4794225.964768503
          ],
          [
            391191.1013738533,
            4794096.371725408
          ]
        ]
      },
      "properties": {
        "feature_type": "segment",
        "segment_id": 127,
        "step": 127,
        "length_m": 183.28,
        "elevation_start": 52.73,
        "elevation_end": 48.89,
        "slope_percent": 2.95,
        "cost_usd": 80644.39,
        "cost_per_m": 440.0,
        "cumulative_cost": 11259809.11,
        "terrain_cost": 48386.64,
        "environmental_cost": 2006.41,
        "land_cover_class": 20,
        "land_cover_name": "Shrubland",
        "geohazard_risk": 0.0,
        "soil_capacity": 0.0,
        "population_density": 0.0,
        "road_proximity_m": -1,
        "railway_proximity_m": -1,
        "water_proximity_m": -1,
        "crs": "EPSG:32633",
        "crs_name": "UTM Zone 33"
      }
    },
    {
      "type": "Feature",
      "geometry": {
        "type": "LineString",
        "coordinates": [
          [
            391191.1013738533,
            4794096.371725408
          ],
          [
            391191.1013738533,
            4793966.778682314
          ]
        ]
      },
      "properties": {
        "feature_type": "segment",
        "segment_id": 128,
        "step": 128,
        "length_m": 129.59,
        "elevation_start": 48.89,
        "elevation_end": 45.02,
        "slope_percent": 2.82,
        "cost_usd": 51837.22,
        "cost_per_m": 400.0,
        "cumulative_cost": 11311646.32,
        "terrain_cost": 31102.33,
        "environmental_cost": 1407.49,
        "land_cover_class": 30,
        "land_cover_name": "Grassland",
        "geohazard_risk": 0.0,
        "soil_capacity": 0.0,
        "population_density": 0.0,
        "road_proximity_m": -1,
        "railway_proximity_m": -1,
        "water_proximity_m": -1,
        "crs": "EPSG:32633",
        "crs_name": "UTM Zone 33"
      }
    },
    {
      "type": "Feature",
      "geometry": {
        "type": "LineString",
        "coordinates": [
          [
            391191.1013738533,
            4793966.778682314
          ],
          [
            391320.7092308881,
            4793837.185639219
          ]
        ]
      },
      "properties": {
        "feature_type": "segment",
        "segment_id": 129,
        "step": 129,
        "length_m": 183.28,
        "elevation_start": 45.02,
        "elevation_end": 40.24,
        "slope_percent": 3.0,
        "cost_usd": 73313.09,
        "cost_per_m": 400.0,
        "cumulative_cost": 11384959.41,
        "terrain_cost": 43987.85,
        "environmental_cost": 296.89,
        "land_cover_class": 30,
        "land_cover_name": "Grassland",
        "geohazard_risk": 0.0,
        "soil_capacity": 0.0,
        "population_density": 0.0,
        "road_proximity_m": -1,
        "railway_proximity_m": -1,
        "water_proximity_m": -1,
        "crs": "EPSG:32633",
        "crs_name": "UTM Zone 33"
      }
    },
    {
      "type": "Feature",
      "geometry": {
        "type": "LineString",
        "coordinates": [
          [
            391320.7092308881,
            4793837.185639219
          ],
          [
            391320.7092308881,
            4793707.592596125
          ]
        ]
      },
      "properties": {
        "feature_type": "segment",
        "segment_id": 130,
        "step": 130,
        "length_m": 129.59,
        "elevation_start": 40.24,
        "elevation_end": 36.25,
        "slope_percent": 4.17,
        "cost_usd": 57020.94,
        "cost_per_m": 440.0,
        "cumulative_cost": 11441980.35,
        "terrain_cost": 34212.56,
        "environmental_cost": 133.86,
        "land_cover_class": 20,
        "land_cover_name": "Shrubland",
        "geohazard_risk": 0.0,
        "soil_capacity": 351.0,
        "population_density": 0.0258,
        "road_proximity_m": 68.6,
        "railway_proximity_m": 194.2,
        "water_proximity_m": 55.8,
        "crs": "EPSG:32633",
        "crs_name": "UTM Zone 33"
      }
    },
    {
      "type": "Feature",
      "geometry": {
        "type": "LineString",
        "coordinates": [
          [
            391320.7092308881,
            4793707.592596125
          ],
          [
            391450.31708792294,
            4793577.99955303
          ]
        ]
      },
      "properties": {
        "feature_type": "segment",
        "segment_id": 131,
        "step": 131,
        "length_m": 183.28,
        "elevation_start": 36.25,
        "elevation_end": 32.21,
        "slope_percent": 2.75,
        "cost_usd": 109969.63,
        "cost_per_m": 600.0,
        "cumulative_cost": 11551949.98,
        "terrain_cost": 65981.78,
        "environmental_cost": 1803.72,
        "land_cover_class": 40,
        "land_cover_name": "Cropland",
        "geohazard_risk": 0.0,
        "soil_capacity": 0.0,
        "population_density": 0.0,
        "road_proximity_m": -1,
        "railway_proximity_m": -1,
        "water_proximity_m": -1,
        "crs": "EPSG:32633",
        "crs_name": "UTM Zone 33"
      }
    },
    {
      "type": "Feature",
      "geometry": {
        "type": "LineString",
        "coordinates": [
          [
            391450.31708792294,
            4793577.99955303
          ],
          [
            391579.92494495783,
            4793448.406509936
          ]
        ]
      },
      "properties": {
        "feature_type": "segment",
        "segment_id": 132,
        "step": 132,
        "length_m": 183.28,
        "elevation_start": 32.21,
        "elevation_end": 29.6,
        "slope_percent": 0.97,
        "cost_usd": 109969.63,
        "cost_per_m": 600.0,
        "cumulative_cost": 11661919.61,
        "terrain_cost": 65981.78,
        "environmental_cost": 1839.99,
        "land_cover_class": 40,
        "land_cover_name": "Cropland",
        "geohazard_risk": 0.0,
        "soil_capacity": 0.0,
        "population_density": 0.0,
        "road_proximity_m": -1,
        "railway_proximity_m": -1,
        "water_proximity_m": -1,
        "crs": "EPSG:32633",
        "crs_name": "UTM Zone 33"
      }
    },
    {
      "type": "Feature",
      "geometry": {
        "type": "LineString",
        "coordinates": [
          [
            391579.92494495783,
            4793448.406509936
          ],
          [
            391709.53280199267,
            4793318.813466841
          ]
        ]
      },
      "properties": {
        "feature_type": "segment",
        "segment_id": 133,
        "step": 133,
        "length_m": 183.28,
        "elevation_start": 29.6,
        "elevation_end": 28.08,
        "slope_percent": 0.88,
        "cost_usd": 109969.63,
        "cost_per_m": 600.0,
        "cumulative_cost": 11771889.24,
        "terrain_cost": 65981.78,
        "environmental_cost": 1799.27,
        "land_cover_class": 40,
        "land_cover_name": "Cropland",
        "geohazard_risk": 0.0,
        "soil_capacity": 0.0,
        "population_density": 0.0,
        "road_proximity_m": -1,
        "railway_proximity_m": -1,
        "water_proximity_m": -1,
        "crs": "EPSG:32633",
        "crs_name": "UTM Zone 33"
      }
    },
    {
      "type": "Feature",
      "geometry": {
        "type": "LineString",
        "coordinates": [
          [
            391709.53280199267,
            4793318.813466841
          ],
          [
            391839.1406590275,
            4793318.813466841
          ]
        ]
      },
      "properties": {
        "feature_type": "segment",
        "segment_id": 134,
        "step": 134,
        "length_m": 129.61,
        "elevation_start": 28.08,
        "elevation_end": 28.59,
        "slope_percent": 0.95,
        "cost_usd": 77764.71,
        "cost_per_m": 600.0,
        "cumulative_cost": 11849653.95,
        "terrain_cost": 46658.83,
        "environmental_cost": 1357.84,
        "land_cover_class": 40,
        "land_cover_name": "Cropland",
        "geohazard_risk": 0.0,
        "soil_capacity": 0.0,
        "population_density": 0.0,
        "road_proximity_m": -1,
        "railway_proximity_m": -1,
        "water_proximity_m": -1,
        "crs": "EPSG:32633",
        "crs_name": "UTM Zone 33"
      }
    },
    {
      "type": "Feature",
      "geometry": {
        "type": "LineString",
        "coordinates": [
          [
            391839.1406590275,
            4793318.813466841
          ],
          [
            391968.7485160624,
            4793189.220423747
          ]
        ]
      },
      "properties": {
        "feature_type": "segment",
        "segment_id": 135,
        "step": 135,
        "length_m": 183.28,
        "elevation_start": 28.59,
        "elevation_end": 28.04,
        "slope_percent": 0.86,
        "cost_usd": 73313.09,
        "cost_per_m": 400.0,
        "cumulative_cost": 11922967.04,
        "terrain_cost": 43987.85,
        "environmental_cost": 217.94,
        "land_cover_class": 30,
        "land_cover_name": "Grassland",
        "geohazard_risk": 0.0,
        "soil_capacity": 361.0,
        "population_density": 0.0297,
        "road_proximity_m": 1.6,
        "railway_proximity_m": 749.4,
        "water_proximity_m": 133.8,
        "crs": "EPSG:32633",
        "crs_name": "UTM Zone 33"
      }
    },
    {
      "type": "Feature",
      "geometry": {
        "type": "LineString",
        "coordinates": [
          [
            391968.7485160624,
            4793189.220423747
          ],
          [
            391968.7485160624,
            4793059.627380652
          ]
        ]
      },
      "properties": {
        "feature_type": "segment",
        "segment_id": 136,
        "step": 136,
        "length_m": 129.59,
        "elevation_start": 28.04,
        "elevation_end": 27.02,
        "slope_percent": 0.63,
        "cost_usd": 77755.83,
        "cost_per_m": 600.0,
        "cumulative_cost": 12000722.86,
        "terrain_cost": 46653.5,
        "environmental_cost": 1225.64,
        "land_cover_class": 40,
        "land_cover_name": "Cropland",
        "geohazard_risk": 0.0,
        "soil_capacity": 0.0,
        "population_density": 0.0,
        "road_proximity_m": -1,
        "railway_proximity_m": -1,
        "water_proximity_m": -1,
        "crs": "EPSG:32633",
        "crs_name": "UTM Zone 33"
      }
    },
    {
      "type": "Feature",
      "geometry": {
        "type": "LineString",
        "coordinates": [
          [
            391968.7485160624,
            4793059.627380652
          ],
          [
            392098.3563730972,
            4792930.034337559
          ]
        ]
      },
      "properties": {
        "feature_type": "segment",
        "segment_id": 137,
        "step": 137,
        "length_m": 183.28,
        "elevation_start": 27.02,
        "elevation_end": 25.8,
        "slope_percent": 0.8,
        "cost_usd": 109969.63,
        "cost_per_m": 600.0,
        "cumulative_cost": 12110692.49,
        "terrain_cost": 65981.78,
        "environmental_cost": 2023.89,
        "land_cover_class": 40,
        "land_cover_name": "Cropland",
        "geohazard_risk": 0.0,
        "soil_capacity": 0.0,
        "population_density": 0.0,
        "road_proximity_m": -1,
        "railway_proximity_m": -1,
        "water_proximity_m": -1,
        "crs": "EPSG:32633",
        "crs_name": "UTM Zone 33"
      }
    },
    {
      "type": "Feature",
      "geometry": {
        "type": "LineString",
        "coordinates": [
          [
            392098.3563730972,
            4792930.034337559
          ],
          [
            392227.9642301321,
            4792800.441294464
          ]
        ]
      },
      "properties": {
        "feature_type": "segment",
        "segment_id": 138,
        "step": 138,
        "length_m": 183.28,
        "elevation_start": 25.8,
        "elevation_end": 24.19,
        "slope_percent": 0.8,
        "cost_usd": 109969.63,
        "cost_per_m": 600.0,
        "cumulative_cost": 12220662.12,
        "terrain_cost": 65981.78,
        "environmental_cost": 1883.21,
        "land_cover_class": 40,
        "land_cover_name": "Cropland",
        "geohazard_risk": 0.0,
        "soil_capacity": 0.0,
        "population_density": 0.0,
        "road_proximity_m": -1,
        "railway_proximity_m": -1,
        "water_proximity_m": -1,
        "crs": "EPSG:32633",
        "crs_name": "UTM Zone 33"
      }
    },
    {
      "type": "Feature",
      "geometry": {
        "type": "LineString",
        "coordinates": [
          [
            392227.9642301321,
            4792800.441294464
          ],
          [
            392357.57208716695,
            4792670.84825137
          ]
        ]
      },
      "properties": {
        "feature_type": "segment",
        "segment_id": 139,
        "step": 139,
        "length_m": 183.28,
        "elevation_start": 24.19,
        "elevation_end": 24.71,
        "slope_percent": 0.94,
        "cost_usd": 73313.09,
        "cost_per_m": 400.0,
        "cumulative_cost": 12293975.2,
        "terrain_cost": 43987.85,
        "environmental_cost": 228.13,
        "land_cover_class": 30,
        "land_cover_name": "Grassland",
        "geohazard_risk": 0.0,
        "soil_capacity": 0.0,
        "population_density": 0.0,
        "road_proximity_m": -1,
        "railway_proximity_m": -1,
        "water_proximity_m": -1,
        "crs": "EPSG:32633",
        "crs_name": "UTM Zone 33"
      }
    },
    {
      "type": "Feature",
      "geometry": {
        "type": "LineString",
        "coordinates": [
          [
            392357.57208716695,
            4792670.84825137
          ],
          [
            392487.1799442018,
            4792670.84825137
          ]
        ]
      },
      "properties": {
        "feature_type": "segment",
        "segment_id": 140,
        "step": 140,
        "length_m": 129.61,
        "elevation_start": 24.71,
        "elevation_end": 24.29,
        "slope_percent": 0.65,
        "cost_usd": 51843.14,
        "cost_per_m": 400.0,
        "cumulative_cost": 12345818.35,
        "terrain_cost": 31105.89,
        "environmental_cost": 177.03,
        "land_cover_class": 30,
        "land_cover_name": "Grassland",
        "geohazard_risk": 0.0,
        "soil_capacity": 352.0,
        "population_density": 0.0341,
        "road_proximity_m": 8.1,
        "railway_proximity_m": 1352.4,
        "water_proximity_m": 80.7,
        "crs": "EPSG:32633",
        "crs_name": "UTM Zone 33"
      }
    },
    {
      "type": "Feature",
      "geometry": {
        "type": "LineString",
        "coordinates": [
          [
            392487.1799442018,
            4792670.84825137
          ],
          [
            392616.7878012367,
            4792541.255208275
          ]
        ]
      },
      "properties": {
        "feature_type": "segment",
        "segment_id": 141,
        "step": 141,
        "length_m": 183.28,
        "elevation_start": 24.29,
        "elevation_end": 21.17,
        "slope_percent": 1.46,
        "cost_usd": 73313.09,
        "cost_per_m": 400.0,
        "cumulative_cost": 12419131.43,
        "terrain_cost": 43987.85,
        "environmental_cost": 235.24,
        "land_cover_class": 30,
        "land_cover_name": "Grassland",
        "geohazard_risk": 0.0,
        "soil_capacity": 0.0,
        "population_density": 0.0,
        "road_proximity_m": -1,
        "railway_proximity_m": -1,
        "water_proximity_m": -1,
        "crs": "EPSG:32633",
        "crs_name": "UTM Zone 33"
      }
    },
    {
      "type": "Feature",
      "geometry": {
        "type": "LineString",
        "coordinates": [
          [
            392616.7878012367,
            4792541.255208275
          ],
          [
            392746.3956582715,
            4792411.662165181
          ]
        ]
      },
      "properties": {
        "feature_type": "segment",
        "segment_id": 142,
        "step": 142,
        "length_m": 183.28,
        "elevation_start": 21.17,
        "elevation_end": 19.84,
        "slope_percent": 0.26,
        "cost_usd": 91641.36,
        "cost_per_m": 500.0,
        "cumulative_cost": 12510772.79,
        "terrain_cost": 54984.81,
        "environmental_cost": 2248.72,
        "land_cover_class": 10,
        "land_cover_name": "Tree cover",
        "geohazard_risk": 0.0,
        "soil_capacity": 0.0,
        "population_density": 0.0,
        "road_proximity_m": -1,
        "railway_proximity_m": -1,
        "water_proximity_m": -1,
        "crs": "EPSG:32633",
        "crs_name": "UTM Zone 33"
      }
    },
    {
      "type": "Feature",
      "geometry": {
        "type": "LineString",
        "coordinates": [
          [
            392746.3956582715,
            4792411.662165181
          ],
          [
            392876.00351530634,
            4792282.069122086
          ]
        ]
      },
      "properties": {
        "feature_type": "segment",
        "segment_id": 143,
        "step": 143,
        "length_m": 183.28,
        "elevation_start": 19.84,
        "elevation_end": 20.48,
        "slope_percent": 0.71,
        "cost_usd": 73313.09,
        "cost_per_m": 400.0,
        "cumulative_cost": 12584085.88,
        "terrain_cost": 43987.85,
        "environmental_cost": 26.09,
        "land_cover_class": 30,
        "land_cover_name": "Grassland",
        "geohazard_risk": 0.0,
        "soil_capacity": 0.0,
        "population_density": 0.0,
        "road_proximity_m": -1,
        "railway_proximity_m": -1,
        "water_proximity_m": -1,
        "crs": "EPSG:32633",
        "crs_name": "UTM Zone 33"
      }
    },
    {
      "type": "Feature",
      "geometry": {
        "type": "LineString",
        "coordinates": [
          [
            392876.00351530634,
            4792282.069122086
          ],
          [
            392876.00351530634,
            4792152.476078992
          ]
        ]
      },
      "properties": {
        "feature_type": "segment",
        "segment_id": 144,
        "step": 144,
        "length_m": 129.59,
        "elevation_start": 20.48,
        "elevation_end": 21.04,
        "slope_percent": 0.58,
        "cost_usd": 77755.83,
        "cost_per_m": 600.0,
        "cumulative_cost": 12661841.7,
        "terrain_cost": 46653.5,
        "environmental_cost": 1194.63,
        "land_cover_class": 40,
        "land_cover_name": "Cropland",
        "geohazard_risk": 0.0,
        "soil_capacity": 0.0,
        "population_density": 0.0,
        "road_proximity_m": -1,
        "railway_proximity_m": -1,
        "water_proximity_m": -1,
        "crs": "EPSG:32633",
        "crs_name": "UTM Zone 33"
      }
    },
    {
      "type": "Feature",
      "geometry": {
        "type": "LineString",
        "coordinates": [
          [
            392876.00351530634,
            4792152.476078992
          ],
          [
            393005.6113723412,
            4792022.883035897
          ]
        ]
      },
      "properties": {
        "feature_type": "segment",
        "segment_id": 145,
        "step": 145,
        "length_m": 183.28,
        "elevation_start": 21.04,
        "elevation_end": 21.03,
        "slope_percent": 0.61,
        "cost_usd": 109969.63,
        "cost_per_m": 600.0,
        "cumulative_cost": 12771811.33,
        "terrain_cost": 65981.78,
        "environmental_cost": 1708.07,
        "land_cover_class": 40,
        "land_cover_name": "Cropland",
        "geohazard_risk": 0.0,
        "soil_capacity": 328.0,
        "population_density": 0.008,
        "road_proximity_m": 135.1,
        "railway_proximity_m": 2102.6,
        "water_proximity_m": 376.0,
        "crs": "EPSG:32633",
        "crs_name": "UTM Zone 33"
      }
    },
    {
      "type": "Feature",
      "geometry": {
        "type": "LineString",
        "coordinates": [
          [
            393005.6113723412,
            4792022.883035897
          ],
          [
            393135.21922937606,
            4791893.289992803
          ]
        ]
      },
      "properties": {
        "feature_type": "segment",
        "segment_id": 146,
        "step": 146,
        "length_m": 183.28,
        "elevation_start": 21.03,
        "elevation_end": 21.23,
        "slope_percent": 0.45,
        "cost_usd": 73313.09,
        "cost_per_m": 400.0,
        "cumulative_cost": 12845124.42,
        "terrain_cost": 43987.85,
        "environmental_cost": 69.49,
        "land_cover_class": 30,
        "land_cover_name": "Grassland",
        "geohazard_risk": 0.0,
        "soil_capacity": 0.0,
        "population_density": 0.0,
        "road_proximity_m": -1,
        "railway_proximity_m": -1,
        "water_proximity_m": -1,
        "crs": "EPSG:32633",
        "crs_name": "UTM Zone 33"
      }
    },
    {
      "type": "Feature",
      "geometry": {
        "type": "LineString",
        "coordinates": [
          [
            393135.21922937606,
            4791893.289992803
          ],
          [
            393264.82708641095,
            4791893.289992803
          ]
        ]
      },
      "properties": {
        "feature_type": "segment",
        "segment_id": 147,
        "step": 147,
        "length_m": 129.61,
        "elevation_start": 21.23,
        "elevation_end": 21.9,
        "slope_percent": 0.55,
        "cost_usd": 57027.46,
        "cost_per_m": 440.0,
        "cumulative_cost": 12902151.87,
        "terrain_cost": 34216.47,
        "environmental_cost": 62.01,
        "land_cover_class": 20,
        "land_cover_name": "Shrubland",
        "geohazard_risk": 0.0,
        "soil_capacity": 0.0,
        "population_density": 0.0,
        "road_proximity_m": -1,
        "railway_proximity_m": -1,
        "water_proximity_m": -1,
        "crs": "EPSG:32633",
        "crs_name": "UTM Zone 33"
      }
    },
    {
      "type": "Feature",
      "geometry": {
        "type": "LineString",
        "coordinates": [
          [
            393264.82708641095,
            4791893.289992803
          ],
          [
            393394.4349434458,
            4791763.696949709
          ]
        ]
      },
      "properties": {
        "feature_type": "segment",
        "segment_id": 148,
        "step": 148,
        "length_m": 183.28,
        "elevation_start": 21.9,
        "elevation_end": 22.69,
        "slope_percent": 0.19,
        "cost_usd": 73313.09,
        "cost_per_m": 400.0,
        "cumulative_cost": 12975464.96,
        "terrain_cost": 43987.85,
        "environmental_cost": 72.09,
        "land_cover_class": 30,
        "land_cover_name": "Grassland",
        "geohazard_risk": 0.0,
        "soil_capacity": 0.0,
        "population_density": 0.0,
        "road_proximity_m": -1,
        "railway_proximity_m": -1,
        "water_proximity_m": -1,
        "crs": "EPSG:32633",
        "crs_name": "UTM Zone 33"
      }
    },
    {
      "type": "Feature",
      "geometry": {
        "type": "LineString",
        "coordinates": [
          [
            393394.4349434458,
            4791763.696949709
          ],
          [
            393524.0428004806,
            4791634.103906615
          ]
        ]
      },
      "properties": {
        "feature_type": "segment",
        "segment_id": 149,
        "step": 149,
        "length_m": 183.28,
        "elevation_start": 22.69,
        "elevation_end": 22.13,
        "slope_percent": 1.07,
        "cost_usd": 73313.09,
        "cost_per_m": 400.0,
        "cumulative_cost": 13048778.05,
        "terrain_cost": 43987.85,
        "environmental_cost": 80.07,
        "land_cover_class": 30,
        "land_cover_name": "Grassland",
        "geohazard_risk": 0.0,
        "soil_capacity": 0.0,
        "population_density": 0.0,
        "road_proximity_m": -1,
        "railway_proximity_m": -1,
        "water_proximity_m": -1,
        "crs": "EPSG:32633",
        "crs_name": "UTM Zone 33"
      }
    },
    {
      "type": "Feature",
      "geometry": {
        "type": "LineString",
        "coordinates": [
          [
            393524.0428004806,
            4791634.103906615
          ],
          [
            393653.6506575155,
            4791634.103906615
          ]
        ]
      },
      "properties": {
        "feature_type": "segment",
        "segment_id": 150,
        "step": 150,
        "length_m": 129.61,
        "elevation_start": 22.13,
        "elevation_end": 21.27,
        "slope_percent": 0.77,
        "cost_usd": 64803.93,
        "cost_per_m": 500.0,
        "cumulative_cost": 13113581.97,
        "terrain_cost": 38882.36,
        "environmental_cost": 1591.56,
        "land_cover_class": 10,
        "land_cover_name": "Tree cover",
        "geohazard_risk": 0.0,
        "soil_capacity": 327.0,
        "population_density": 0.007,
        "road_proximity_m": 68.8,
        "railway_proximity_m": 2631.6,
        "water_proximity_m": 367.8,
        "crs": "EPSG:32633",
        "crs_name": "UTM Zone 33"
      }
    },
    {
      "type": "Feature",
      "geometry": {
        "type": "LineString",
        "coordinates": [
          [
            393653.6506575155,
            4791634.103906615
          ],
          [
            393783.25851455034,
            4791763.696949709
          ]
        ]
      },
      "properties": {
        "feature_type": "segment",
        "segment_id": 151,
        "step": 151,
        "length_m": 183.28,
        "elevation_start": 21.27,
        "elevation_end": 20.83,
        "slope_percent": 0.83,
        "cost_usd": 80644.39,
        "cost_per_m": 440.0,
        "cumulative_cost": 13194226.37,
        "terrain_cost": 48386.64,
        "environmental_cost": 117.19,
        "land_cover_class": 20,
        "land_cover_name": "Shrubland",
        "geohazard_risk": 0.0,
        "soil_capacity": 0.0,
        "population_density": 0.0,
        "road_proximity_m": -1,
        "railway_proximity_m": -1,
        "water_proximity_m": -1,
        "crs": "EPSG:32633",
        "crs_name": "UTM Zone 33"
      }
    },
    {
      "type": "Feature",
      "geometry": {
        "type": "LineString",
        "coordinates": [
          [
            393783.25851455034,
            4791763.696949709
          ],
          [
            393912.8663715852,
            4791634.103906615
          ]
        ]
      },
      "properties": {
        "feature_type": "segment",
        "segment_id": 152,
        "step": 152,
        "length_m": 183.28,
        "elevation_start": 20.83,
        "elevation_end": 20.04,
        "slope_percent": 0.97,
        "cost_usd": 73313.09,
        "cost_per_m": 400.0,
        "cumulative_cost": 13267539.45,
        "terrain_cost": 43987.85,
        "environmental_cost": 67.26,
        "land_cover_class": 30,
        "land_cover_name": "Grassland",
        "geohazard_risk": 0.0,
        "soil_capacity": 0.0,
        "population_density": 0.0,
        "road_proximity_m": -1,
        "railway_proximity_m": -1,
        "water_proximity_m": -1,
        "crs": "EPSG:32633",
        "crs_name": "UTM Zone 33"
      }
    },
    {
      "type": "Feature",
      "geometry": {
        "type": "LineString",
        "coordinates": [
          [
            393912.8663715852,
            4791634.103906615
          ],
          [
            393912.8663715852,
            4791504.51086352
          ]
        ]
      },
      "properties": {
        "feature_type": "segment",
        "segment_id": 153,
        "step": 153,
        "length_m": 129.59,
        "elevation_start": 20.04,
        "elevation_end": 18.57,
        "slope_percent": 0.51,
        "cost_usd": 51837.22,
        "cost_per_m": 400.0,
        "cumulative_cost": 13319376.67,
        "terrain_cost": 31102.33,
        "environmental_cost": 37.1,
        "land_cover_class": 30,
        "land_cover_name": "Grassland",
        "geohazard_risk": 0.0,
        "soil_capacity": 0.0,
        "population_density": 0.0,
        "road_proximity_m": -1,
        "railway_proximity_m": -1,
        "water_proximity_m": -1,
        "crs": "EPSG:32633",
        "crs_name": "UTM Zone 33"
      }
    },
    {
      "type": "Feature",
      "geometry": {
        "type": "LineString",
        "coordinates": [
          [
            393912.8663715852,
            4791504.51086352
          ],
          [
            394042.47422862006,
            4791374.917820426
          ]
        ]
      },
      "properties": {
        "feature_type": "segment",
        "segment_id": 154,
        "step": 154,
        "length_m": 183.28,
        "elevation_start": 18.57,
        "elevation_end": 20.8,
        "slope_percent": 1.23,
        "cost_usd": 73313.09,
        "cost_per_m": 400.0,
        "cumulative_cost": 13392689.76,
        "terrain_cost": 43987.85,
        "environmental_cost": 245.2,
        "land_cover_class": 30,
        "land_cover_name": "Grassland",
        "geohazard_risk": 0.0,
        "soil_capacity": 0.0,
        "population_density": 0.0,
        "road_proximity_m": -1,
        "railway_proximity_m": -1,
        "water_proximity_m": -1,
        "crs": "EPSG:32633",
        "crs_name": "UTM Zone 33"
      }
    },
    {
      "type": "Feature",
      "geometry": {
        "type": "LineString",
        "coordinates": [
          [
            394042.47422862006,
            4791374.917820426
          ],
          [
            394042.47422862006,
            4791245.324777331
          ]
        ]
      },
      "properties": {
        "feature_type": "segment",
        "segment_id": 155,
        "step": 155,
        "length_m": 129.59,
        "elevation_start": 20.8,
        "elevation_end": 22.52,
        "slope_percent": 0.61,
        "cost_usd": 77755.83,
        "cost_per_m": 600.0,
        "cumulative_cost": 13470445.58,
        "terrain_cost": 46653.5,
        "environmental_cost": 1311.12,
        "land_cover_class": 40,
        "land_cover_name": "Cropland",
        "geohazard_risk": 0.0,
        "soil_capacity": 337.0,
        "population_density": 0.0279,
        "road_proximity_m": 56.3,
        "railway_proximity_m": 3099.8,
        "water_proximity_m": 142.3,
        "crs": "EPSG:32633",
        "crs_name": "UTM Zone 33"
      }
    },
    {
      "type": "Feature",
      "geometry": {
        "type": "LineString",
        "coordinates": [
          [
            394042.47422862006,
            4791245.324777331
          ],
          [
            394042.47422862006,
            4791115.731734237
          ]
        ]
      },
      "properties": {
        "feature_type": "segment",
        "segment_id": 156,
        "step": 156,
        "length_m": 129.59,
        "elevation_start": 22.52,
        "elevation_end": 20.68,
        "slope_percent": 0.53,
        "cost_usd": 77755.83,
        "cost_per_m": 600.0,
        "cumulative_cost": 13548201.41,
        "terrain_cost": 46653.5,
        "environmental_cost": 1310.92,
        "land_cover_class": 40,
        "land_cover_name": "Cropland",
        "geohazard_risk": 0.0,
        "soil_capacity": 0.0,
        "population_density": 0.0,
        "road_proximity_m": -1,
        "railway_proximity_m": -1,
        "water_proximity_m": -1,
        "crs": "EPSG:32633",
        "crs_name": "UTM Zone 33"
      }
    },
    {
      "type": "Feature",
      "geometry": {
        "type": "LineString",
        "coordinates": [
          [
            394042.47422862006,
            4791115.731734237
          ],
          [
            394042.47422862006,
            4790986.138691142
          ]
        ]
      },
      "properties": {
        "feature_type": "segment",
        "segment_id": 157,
        "step": 157,
        "length_m": 129.59,
        "elevation_start": 20.68,
        "elevation_end": 22.52,
        "slope_percent": 1.57,
        "cost_usd": 77755.83,
        "cost_per_m": 600.0,
        "cumulative_cost": 13625957.23,
        "terrain_cost": 46653.5,
        "environmental_cost": 1305.43,
        "land_cover_class": 40,
        "land_cover_name": "Cropland",
        "geohazard_risk": 0.0,
        "soil_capacity": 0.0,
        "population_density": 0.0,
        "road_proximity_m": -1,
        "railway_proximity_m": -1,
        "water_proximity_m": -1,
        "crs": "EPSG:32633",
        "crs_name": "UTM Zone 33"
      }
    },
    {
      "type": "Feature",
      "geometry": {
        "type": "LineString",
        "coordinates": [
          [
            394042.47422862006,
            4790986.138691142
          ],
          [
            394042.47422862006,
            4790856.545648048
          ]
        ]
      },
      "properties": {
        "feature_type": "segment",
        "segment_id": 158,
        "step": 158,
        "length_m": 129.59,
        "elevation_start": 22.52,
        "elevation_end": 24.69,
        "slope_percent": 1.66,
        "cost_usd": 77755.83,
        "cost_per_m": 600.0,
        "cumulative_cost": 13703713.06,
        "terrain_cost": 46653.5,
        "environmental_cost": 1325.31,
        "land_cover_class": 40,
        "land_cover_name": "Cropland",
        "geohazard_risk": 0.0,
        "soil_capacity": 0.0,
        "population_density": 0.0,
        "road_proximity_m": -1,
        "railway_proximity_m": -1,
        "water_proximity_m": -1,
        "crs": "EPSG:32633",
        "crs_name": "UTM Zone 33"
      }
    },
    {
      "type": "Feature",
      "geometry": {
        "type": "LineString",
        "coordinates": [
          [
            394042.47422862006,
            4790856.545648048
          ],
          [
            394172.0820856549,
            4790726.952604953
          ]
        ]
      },
      "properties": {
        "feature_type": "segment",
        "segment_id": 159,
        "step": 159,
        "length_m": 183.28,
        "elevation_start": 24.69,
        "elevation_end": 26.83,
        "slope_percent": 1.79,
        "cost_usd": 73313.09,
        "cost_per_m": 400.0,
        "cumulative_cost": 13777026.15,
        "terrain_cost": 43987.85,
        "environmental_cost": 1350.49,
        "land_cover_class": 30,
        "land_cover_name": "Grassland",
        "geohazard_risk": 0.0,
        "soil_capacity": 0.0,
        "population_density": 0.0,
        "road_proximity_m": -1,
        "railway_proximity_m": -1,
        "water_proximity_m": -1,
        "crs": "EPSG:32633",
        "crs_name": "UTM Zone 33"
      }
    },
    {
      "type": "Feature",
      "geometry": {
        "type": "LineString",
        "coordinates": [
          [
            394172.0820856549,
            4790726.952604953
          ],
          [
            394172.0820856549,
            4790597.359561859
          ]
        ]
      },
      "properties": {
        "feature_type": "segment",
        "segment_id": 160,
        "step": 160,
        "length_m": 129.59,
        "elevation_start": 26.83,
        "elevation_end": 28.72,
        "slope_percent": 5.48,
        "cost_usd": 59612.8,
        "cost_per_m": 460.0,
        "cumulative_cost": 13836638.95,
        "terrain_cost": 35767.68,
        "environmental_cost": 777.6,
        "land_cover_class": 30,
        "land_cover_name": "Grassland",
        "geohazard_risk": 0.0,
        "soil_capacity": 333.0,
        "population_density": 0.15,
        "road_proximity_m": 42.7,
        "railway_proximity_m": 3760.2,
        "water_proximity_m": 581.7,
        "crs": "EPSG:32633",
        "crs_name": "UTM Zone 33"
      }
    },
    {
      "type": "Feature",
      "geometry": {
        "type": "LineString",
        "coordinates": [
          [
            394172.0820856549,
            4790597.359561859
          ],
          [
            394042.47422862006,
            4790467.766518765
          ]
        ]
      },
      "properties": {
        "feature_type": "segment",
        "segment_id": 161,
        "step": 161,
        "length_m": 183.28,
        "elevation_start": 28.72,
        "elevation_end": 36.02,
        "slope_percent": 7.86,
        "cost_usd": 84310.05,
        "cost_per_m": 460.0,
        "cumulative_cost": 13920948.99,
        "terrain_cost": 50586.03,
        "environmental_cost": 490.72,
        "land_cover_class": 30,
        "land_cover_name": "Grassland",
        "geohazard_risk": 0.0,
        "soil_capacity": 0.0,
        "population_density": 0.0,
        "road_proximity_m": -1,
        "railway_proximity_m": -1,
        "water_proximity_m": -1,
        "crs": "EPSG:32633",
        "crs_name": "UTM Zone 33"
      }
    },
    {
      "type": "Feature",
      "geometry": {
        "type": "LineString",
        "coordinates": [
          [
            394042.47422862006,
            4790467.766518765
          ],
          [
            394042.47422862006,
            4790338.173475671
          ]
        ]
      },
      "properties": {
        "feature_type": "segment",
        "segment_id": 162,
        "step": 162,
        "length_m": 129.59,
        "elevation_start": 36.02,
        "elevation_end": 52.76,
        "slope_percent": 11.77,
        "cost_usd": 77755.83,
        "cost_per_m": 600.0,
        "cumulative_cost": 13998704.82,
        "terrain_cost": 46653.5,
        "environmental_cost": 58.18,
        "land_cover_class": 20,
        "land_cover_name": "Shrubland",
        "geohazard_risk": 0.0,
        "soil_capacity": 0.0,
        "population_density": 0.0,
        "road_proximity_m": -1,
        "railway_proximity_m": -1,
        "water_proximity_m": -1,
        "crs": "EPSG:32633",
        "crs_name": "UTM Zone 33"
      }
    },
    {
      "type": "Feature",
      "geometry": {
        "type": "LineString",
        "coordinates": [
          [
            394042.47422862006,
            4790338.173475671
          ],
          [
            394042.47422862006,
            4790208.580432576
          ]
        ]
      },
      "properties": {
        "feature_type": "segment",
        "segment_id": 163,
        "step": 163,
        "length_m": 129.59,
        "elevation_start": 52.76,
        "elevation_end": 63.97,
        "slope_percent": 12.91,
        "cost_usd": 72572.1,
        "cost_per_m": 560.0,
        "cumulative_cost": 14071276.92,
        "terrain_cost": 43543.26,
        "environmental_cost": 27.02,
        "land_cover_class": 30,
        "land_cover_name": "Grassland",
        "geohazard_risk": 0.0,
        "soil_capacity": 0.0,
        "population_density": 0.0,
        "road_proximity_m": -1,
        "railway_proximity_m": -1,
        "water_proximity_m": -1,
        "crs": "EPSG:32633",
        "crs_name": "UTM Zone 33"
      }
    },
    {
      "type": "Feature",
      "geometry": {
        "type": "LineString",
        "coordinates": [
          [
            394042.47422862006,
            4790208.580432576
          ],
          [
            394042.47422862006,
            4790078.987389482
          ]
        ]
      },
      "properties": {
        "feature_type": "segment",
        "segment_id": 164,
        "step": 164,
        "length_m": 129.59,
        "elevation_start": 63.97,
        "elevation_end": 77.47,
        "slope_percent": 14.62,
        "cost_usd": 98490.71,
        "cost_per_m": 760.0,
        "cumulative_cost": 14169767.64,
        "terrain_cost": 59094.43,
        "environmental_cost": 1180.58,
        "land_cover_class": 40,
        "land_cover_name": "Cropland",
        "geohazard_risk": 0.0,
        "soil_capacity": 0.0,
        "population_density": 0.0,
        "road_proximity_m": -1,
        "railway_proximity_m": -1,
        "water_proximity_m": -1,
        "crs": "EPSG:32633",
        "crs_name": "UTM Zone 33"
      }
    },
    {
      "type": "Feature",
      "geometry": {
        "type": "LineString",
        "coordinates": [
          [
            394042.47422862006,
            4790078.987389482
          ],
          [
            394042.47422862006,
            4789949.394346387
          ]
        ]
      },
      "properties": {
        "feature_type": "segment",
        "segment_id": 165,
        "step": 165,
        "length_m": 129.59,
        "elevation_start": 77.47,
        "elevation_end": 98.67,
        "slope_percent": 19.94,
        "cost_usd": 103674.43,
        "cost_per_m": 800.0,
        "cumulative_cost": 14273442.07,
        "terrain_cost": 62204.66,
        "environmental_cost": 18.41,
        "land_cover_class": 30,
        "land_cover_name": "Grassland",
        "geohazard_risk": 0.0,
        "soil_capacity": 373.0,
        "population_density": 0.0036,
        "road_proximity_m": 117.6,
        "railway_proximity_m": 4360.6,
        "water_proximity_m": 629.5,
        "crs": "EPSG:32633",
        "crs_name": "UTM Zone 33"
      }
    },
    {
      "type": "Feature",
      "geometry": {
        "type": "LineString",
        "coordinates": [
          [
            394042.47422862006,
            4789949.394346387
          ],
          [
            394042.47422862006,
            4789819.801303293
          ]
        ]
      },
      "properties": {
        "feature_type": "segment",
        "segment_id": 166,
        "step": 166,
        "length_m": 129.59,
        "elevation_start": 98.67,
        "elevation_end": 124.47,
        "slope_percent": 21.87,
        "cost_usd": 108858.16,
        "cost_per_m": 840.0,
        "cumulative_cost": 14382300.23,
        "terrain_cost": 65314.89,
        "environmental_cost": 207.0,
        "land_cover_class": 20,
        "land_cover_name": "Shrubland",
        "geohazard_risk": 0.0,
        "soil_capacity": 0.0,
        "population_density": 0.0,
        "road_proximity_m": -1,
        "railway_proximity_m": -1,
        "water_proximity_m": -1,
        "crs": "EPSG:32633",
        "crs_name": "UTM Zone 33"
      }
    },
    {
      "type": "Feature",
      "geometry": {
        "type": "LineString",
        "coordinates": [
          [
            394042.47422862006,
            4789819.801303293
          ],
          [
            394172.0820856549,
            4789690.208260198
          ]
        ]
      },
      "properties": {
        "feature_type": "segment",
        "segment_id": 167,
        "step": 167,
        "length_m": 183.28,
        "elevation_start": 124.47,
        "elevation_end": 171.41,
        "slope_percent": 9.68,
        "cost_usd": 84310.05,
        "cost_per_m": 460.0,
        "cumulative_cost": 14466610.28,
        "terrain_cost": 50586.03,
        "environmental_cost": 655.43,
        "land_cover_class": 30,
        "land_cover_name": "Grassland",
        "geohazard_risk": 0.0,
        "soil_capacity": 0.0,
        "population_density": 0.0,
        "road_proximity_m": -1,
        "railway_proximity_m": -1,
        "water_proximity_m": -1,
        "crs": "EPSG:32633",
        "crs_name": "UTM Zone 33"
      }
    },
    {
      "type": "Feature",
      "geometry": {
        "type": "LineString",
        "coordinates": [
          [
            394172.0820856549,
            4789690.208260198
          ],
          [
            394301.6899426898,
            4789560.615217104
          ]
        ]
      },
      "properties": {
        "feature_type": "segment",
        "segment_id": 168,
        "step": 168,
        "length_m": 183.28,
        "elevation_start": 171.41,
        "elevation_end": 150.97,
        "slope_percent": 5.83,
        "cost_usd": 84310.05,
        "cost_per_m": 460.0,
        "cumulative_cost": 14550920.33,
        "terrain_cost": 50586.03,
        "environmental_cost": 285.9,
        "land_cover_class": 30,
        "land_cover_name": "Grassland",
        "geohazard_risk": 0.0,
        "soil_capacity": 0.0,
        "population_density": 0.0,
        "road_proximity_m": -1,
        "railway_proximity_m": -1,
        "water_proximity_m": -1,
        "crs": "EPSG:32633",
        "crs_name": "UTM Zone 33"
      }
    },
    {
      "type": "Feature",
      "geometry": {
        "type": "LineString",
        "coordinates": [
          [
            394301.6899426898,
            4789560.615217104
          ],
          [
            394301.6899426898,
            4789431.022174009
          ]
        ]
      },
      "properties": {
        "feature_type": "segment",
        "segment_id": 169,
        "step": 169,
        "length_m": 129.59,
        "elevation_start": 150.97,
        "elevation_end": 165.81,
        "slope_percent": 8.22,
        "cost_usd": 59612.8,
        "cost_per_m": 460.0,
        "cumulative_cost": 14610533.13,
        "terrain_cost": 35767.68,
        "environmental_cost": 25.24,
        "land_cover_class": 30,
        "land_cover_name": "Grassland",
        "geohazard_risk": 0.0,
        "soil_capacity": 0.0,
        "population_density": 0.0,
        "road_proximity_m": -1,
        "railway_proximity_m": -1,
        "water_proximity_m": -1,
        "crs": "EPSG:32633",
        "crs_name": "UTM Zone 33"
      }
    },
    {
      "type": "Feature",
      "geometry": {
        "type": "LineString",
        "coordinates": [
          [
            394301.6899426898,
            4789431.022174009
          ],
          [
            394301.6899426898,
            4789301.429130915
          ]
        ]
      },
      "properties": {
        "feature_type": "segment",
        "segment_id": 170,
        "step": 170,
        "length_m": 129.59,
        "elevation_start": 165.81,
        "elevation_end": 179.69,
        "slope_percent": 5.98,
        "cost_usd": 85531.41,
        "cost_per_m": 660.0,
        "cumulative_cost": 14696064.53,
        "terrain_cost": 51318.85,
        "environmental_cost": 1184.81,
        "land_cover_class": 40,
        "land_cover_name": "Cropland",
        "geohazard_risk": 0.0,
        "soil_capacity": 402.0,
        "population_density": 0.0036,
        "road_proximity_m": 42.7,
        "railway_proximity_m": -1,
        "water_proximity_m": 308.3,
        "crs": "EPSG:32633",
        "crs_name": "UTM Zone 33"
      }
    },
    {
      "type": "Feature",
      "geometry": {
        "type": "LineString",
        "coordinates": [
          [
            394301.6899426898,
            4789301.429130915
          ],
          [
            394301.6899426898,
            4789171.836087821
          ]
        ]
      },
      "properties": {
        "feature_type": "segment",
        "segment_id": 171,
        "step": 171,
        "length_m": 129.59,
        "elevation_start": 179.69,
        "elevation_end": 159.14,
        "slope_percent": 7.93,
        "cost_usd": 85531.41,
        "cost_per_m": 660.0,
        "cumulative_cost": 14781595.94,
        "terrain_cost": 51318.85,
        "environmental_cost": 1179.59,
        "land_cover_class": 40,
        "land_cover_name": "Cropland",
        "geohazard_risk": 0.0,
        "soil_capacity": 0.0,
        "population_density": 0.0,
        "road_proximity_m": -1,
        "railway_proximity_m": -1,
        "water_proximity_m": -1,
        "crs": "EPSG:32633",
        "crs_name": "UTM Zone 33"
      }
    },
    {
      "type": "Feature",
      "geometry": {
        "type": "LineString",
        "coordinates": [
          [
            394301.6899426898,
            4789171.836087821
          ],
          [
            394301.6899426898,
            4789042.243044727
          ]
        ]
      },
      "properties": {
        "feature_type": "segment",
        "segment_id": 172,
        "step": 172,
        "length_m": 129.59,
        "elevation_start": 159.14,
        "elevation_end": 178.59,
        "slope_percent": 10.63,
        "cost_usd": 72572.1,
        "cost_per_m": 560.0,
        "cumulative_cost": 14854168.05,
        "terrain_cost": 43543.26,
        "environmental_cost": 0.0,
        "land_cover_class": 30,
        "land_cover_name": "Grassland",
        "geohazard_risk": 0.0,
        "soil_capacity": 0.0,
        "population_density": 0.0,
        "road_proximity_m": -1,
        "railway_proximity_m": -1,
        "water_proximity_m": -1,
        "crs": "EPSG:32633",
        "crs_name": "UTM Zone 33"
      }
    },
    {
      "type": "Feature",
      "geometry": {
        "type": "LineString",
        "coordinates": [
          [
            394301.6899426898,
            4789042.243044727
          ],
          [
            394431.2977997246,
            4788912.650001632
          ]
        ]
      },
      "properties": {
        "feature_type": "segment",
        "segment_id": 173,
        "step": 173,
        "length_m": 183.28,
        "elevation_start": 178.59,
        "elevation_end": 189.13,
        "slope_percent": 2.73,
        "cost_usd": 73313.09,
        "cost_per_m": 400.0,
        "cumulative_cost": 14927481.13,
        "terrain_cost": 43987.85,
        "environmental_cost": 0.0,
        "land_cover_class": 30,
        "land_cover_name": "Grassland",
        "geohazard_risk": 0.0,
        "soil_capacity": 0.0,
        "population_density": 0.0,
        "road_proximity_m": -1,
        "railway_proximity_m": -1,
        "water_proximity_m": -1,
        "crs": "EPSG:32633",
        "crs_name": "UTM Zone 33"
      }
    },
    {
      "type": "Feature",
      "geometry": {
        "type": "LineString",
        "coordinates": [
          [
            394431.2977997246,
            4788912.650001632
          ],
          [
            394560.90565675945,
            4788783.056958538
          ]
        ]
      },
      "properties": {
        "feature_type": "segment",
        "segment_id": 174,
        "step": 174,
        "length_m": 183.28,
        "elevation_start": 189.13,
        "elevation_end": 177.45,
        "slope_percent": 14.19,
        "cost_usd": 102638.32,
        "cost_per_m": 560.0,
        "cumulative_cost": 15030119.45,
        "terrain_cost": 61582.99,
        "environmental_cost": 1046.22,
        "land_cover_class": 30,
        "land_cover_name": "Grassland",
        "geohazard_risk": 0.0,
        "soil_capacity": 0.0,
        "population_density": 0.0,
        "road_proximity_m": -1,
        "railway_proximity_m": -1,
        "water_proximity_m": -1,
        "crs": "EPSG:32633",
        "crs_name": "UTM Zone 33"
      }
    },
    {
      "type": "Feature",
      "geometry": {
        "type": "LineString",
        "coordinates": [
          [
            394560.90565675945,
            4788783.056958538
          ],
          [
            394690.51351379434,
            4788653.463915443
          ]
        ]
      },
      "properties": {
        "feature_type": "segment",
        "segment_id": 175,
        "step": 175,
        "length_m": 183.28,
        "elevation_start": 177.45,
        "elevation_end": 153.07,
        "slope_percent": 22.78,
        "cost_usd": 153957.48,
        "cost_per_m": 840.0,
        "cumulative_cost": 15184076.93,
        "terrain_cost": 92374.49,
        "environmental_cost": 241.74,
        "land_cover_class": 20,
        "land_cover_name": "Shrubland",
        "geohazard_risk": 0.0,
        "soil_capacity": 401.0,
        "population_density": 0.033,
        "road_proximity_m": 19.6,
        "railway_proximity_m": 4916.8,
        "water_proximity_m": 197.4,
        "crs": "EPSG:32633",
        "crs_name": "UTM Zone 33"
      }
    },
    {
      "type": "Feature",
      "geometry": {
        "type": "LineString",
        "coordinates": [
          [
            394690.51351379434,
            4788653.463915443
          ],
          [
            394690.51351379434,
            4788523.870872349
          ]
        ]
      },
      "properties": {
        "feature_type": "segment",
        "segment_id": 176,
        "step": 176,
        "length_m": 129.59,
        "elevation_start": 153.07,
        "elevation_end": 120.13,
        "slope_percent": 14.1,
        "cost_usd": 98490.71,
        "cost_per_m": 760.0,
        "cumulative_cost": 15282567.65,
        "terrain_cost": 59094.43,
        "environmental_cost": 1251.17,
        "land_cover_class": 40,
        "land_cover_name": "Cropland",
        "geohazard_risk": 0.0,
        "soil_capacity": 0.0,
        "population_density": 0.0,
        "road_proximity_m": -1,
        "railway_proximity_m": -1,
        "water_proximity_m": -1,
        "crs": "EPSG:32633",
        "crs_name": "UTM Zone 33"
      }
    },
    {
      "type": "Feature",
      "geometry": {
        "type": "LineString",
        "coordinates": [
          [
            394690.51351379434,
            4788523.870872349
          ],
          [
            394690.51351379434,
            4788394.277829254
          ]
        ]
      },
      "properties": {
        "feature_type": "segment",
        "segment_id": 177,
        "step": 177,
        "length_m": 129.59,
        "elevation_start": 120.13,
        "elevation_end": 111.62,
        "slope_percent": 9.77,
        "cost_usd": 59612.8,
        "cost_per_m": 460.0,
        "cumulative_cost": 15342180.44,
        "terrain_cost": 35767.68,
        "environmental_cost": 4.16,
        "land_cover_class": 30,
        "land_cover_name": "Grassland",
        "geohazard_risk": 0.0,
        "soil_capacity": 0.0,
        "population_density": 0.0,
        "road_proximity_m": -1,
        "railway_proximity_m": -1,
        "water_proximity_m": -1,
        "crs": "EPSG:32633",
        "crs_name": "UTM Zone 33"
      }
    },
    {
      "type": "Feature",
      "geometry": {
        "type": "LineString",
        "coordinates": [
          [
            394690.51351379434,
            4788394.277829254
          ],
          [
            394560.90565675945,
            4788264.68478616
          ]
        ]
      },
      "properties": {
        "feature_type": "segment",
        "segment_id": 178,
        "step": 178,
        "length_m": 183.28,
        "elevation_start": 111.62,
        "elevation_end": 129.66,
        "slope_percent": 21.74,
        "cost_usd": 146626.17,
        "cost_per_m": 800.0,
        "cumulative_cost": 15488806.62,
        "terrain_cost": 87975.7,
        "environmental_cost": 7.58,
        "land_cover_class": 30,
        "land_cover_name": "Grassland",
        "geohazard_risk": 0.0,
        "soil_capacity": 0.0,
        "population_density": 0.0,
        "road_proximity_m": -1,
        "railway_proximity_m": -1,
        "water_proximity_m": -1,
        "crs": "EPSG:32633",
        "crs_name": "UTM Zone 33"
      }
    },
    {
      "type": "Feature",
      "geometry": {
        "type": "LineString",
        "coordinates": [
          [
            394560.90565675945,
            4788264.68478616
          ],
          [
            394560.90565675945,
            4788135.091743065
          ]
        ]
      },
      "properties": {
        "feature_type": "segment",
        "segment_id": 179,
        "step": 179,
        "length_m": 129.59,
        "elevation_start": 129.66,
        "elevation_end": 177.42,
        "slope_percent": 22.32,
        "cost_usd": 103674.43,
        "cost_per_m": 800.0,
        "cumulative_cost": 15592481.05,
        "terrain_cost": 62204.66,
        "environmental_cost": 22.55,
        "land_cover_class": 30,
        "land_cover_name": "Grassland",
        "geohazard_risk": 0.0,
        "soil_capacity": 0.0,
        "population_density": 0.0,
        "road_proximity_m": -1,
        "railway_proximity_m": -1,
        "water_proximity_m": -1,
        "crs": "EPSG:32633",
        "crs_name": "UTM Zone 33"
      }
    },
    {
      "type": "Feature",
      "geometry": {
        "type": "LineString",
        "coordinates": [
          [
            394560.90565675945,
            4788135.091743065
          ],
          [
            394690.51351379434,
            4788005.498699971
          ]
        ]
      },
      "properties": {
        "feature_type": "segment",
        "segment_id": 180,
        "step": 180,
        "length_m": 183.28,
        "elevation_start": 177.42,
        "elevation_end": 176.91,
        "slope_percent": 9.71,
        "cost_usd": 84310.05,
        "cost_per_m": 460.0,
        "cumulative_cost": 15676791.1,
        "terrain_cost": 50586.03,
        "environmental_cost": 260.03,
        "land_cover_class": 30,
        "land_cover_name": "Grassland",
        "geohazard_risk": 0.0,
        "soil_capacity": 433.0,
        "population_density": 0.0355,
        "road_proximity_m": 11.8,
        "railway_proximity_m": -1,
        "water_proximity_m": 381.7,
        "crs": "EPSG:32633",
        "crs_name": "UTM Zone 33"
      }
    },
    {
      "type": "Feature",
      "geometry": {
        "type": "LineString",
        "coordinates": [
          [
            394690.51351379434,
            4788005.498699971
          ],
          [
            394820.1213708292,
            4787875.905656877
          ]
        ]
      },
      "properties": {
        "feature_type": "segment",
        "segment_id": 181,
        "step": 181,
        "length_m": 183.28,
        "elevation_start": 176.91,
        "elevation_end": 156.66,
        "slope_percent": 13.24,
        "cost_usd": 139294.86,
        "cost_per_m": 760.0,
        "cumulative_cost": 15816085.96,
        "terrain_cost": 83576.92,
        "environmental_cost": 1752.31,
        "land_cover_class": 40,
        "land_cover_name": "Cropland",
        "geohazard_risk": 0.0,
        "soil_capacity": 0.0,
        "population_density": 0.0,
        "road_proximity_m": -1,
        "railway_proximity_m": -1,
        "water_proximity_m": -1,
        "crs": "EPSG:32633",
        "crs_name": "UTM Zone 33"
      }
    },
    {
      "type": "Feature",
      "geometry": {
        "type": "LineString",
        "coordinates": [
          [
            394820.1213708292,
            4787875.905656877
          ],
          [
            394949.72922786407,
            4787746.3126137825
          ]
        ]
      },
      "properties": {
        "feature_type": "segment",
        "segment_id": 182,
        "step": 182,
        "length_m": 183.28,
        "elevation_start": 156.66,
        "elevation_end": 151.01,
        "slope_percent": 14.65,
        "cost_usd": 102638.32,
        "cost_per_m": 560.0,
        "cumulative_cost": 15918724.28,
        "terrain_cost": 61582.99,
        "environmental_cost": 227.76,
        "land_cover_class": 30,
        "land_cover_name": "Grassland",
        "geohazard_risk": 0.0,
        "soil_capacity": 0.0,
        "population_density": 0.0,
        "road_proximity_m": -1,
        "railway_proximity_m": -1,
        "water_proximity_m": -1,
        "crs": "EPSG:32633",
        "crs_name": "UTM Zone 33"
      }
    },
    {
      "type": "Feature",
      "geometry": {
        "type": "LineString",
        "coordinates": [
          [
            394949.72922786407,
            4787746.3126137825
          ],
          [
            395079.3370848989,
            4787616.719570688
          ]
        ]
      },
      "properties": {
        "feature_type": "segment",
        "segment_id": 183,
        "step": 183,
        "length_m": 183.28,
        "elevation_start": 151.01,
        "elevation_end": 136.19,
        "slope_percent": 11.07,
        "cost_usd": 102638.32,
        "cost_per_m": 560.0,
        "cumulative_cost": 16021362.6,
        "terrain_cost": 61582.99,
        "environmental_cost": 104.95,
        "land_cover_class": 30,
        "land_cover_name": "Grassland",
        "geohazard_risk": 0.0,
        "soil_capacity": 0.0,
        "population_density": 0.0,
        "road_proximity_m": -1,
        "railway_proximity_m": -1,
        "water_proximity_m": -1,
        "crs": "EPSG:32633",
        "crs_name": "UTM Zone 33"
      }
    },
    {
      "type": "Feature",
      "geometry": {
        "type": "LineString",
        "coordinates": [
          [
            395079.3370848989,
            4787616.719570688
          ],
          [
            395079.3370848989,
            4787487.1265275935
          ]
        ]
      },
      "properties": {
        "feature_type": "segment",
        "segment_id": 184,
        "step": 184,
        "length_m": 129.59,
        "elevation_start": 136.19,
        "elevation_end": 144.94,
        "slope_percent": 9.38,
        "cost_usd": 59612.8,
        "cost_per_m": 460.0,
        "cumulative_cost": 16080975.4,
        "terrain_cost": 35767.68,
        "environmental_cost": 235.33,
        "land_cover_class": 30,
        "land_cover_name": "Grassland",
        "geohazard_risk": 0.0,
        "soil_capacity": 0.0,
        "population_density": 0.0,
        "road_proximity_m": -1,
        "railway_proximity_m": -1,
        "water_proximity_m": -1,
        "crs": "EPSG:32633",
        "crs_name": "UTM Zone 33"
      }
    },
    {
      "type": "Feature",
      "geometry": {
        "type": "LineString",
        "coordinates": [
          [
            395079.3370848989,
            4787487.1265275935
          ],
          [
            395208.94494193373,
            4787487.1265275935
          ]
        ]
      },
      "properties": {
        "feature_type": "segment",
        "segment_id": 185,
        "step": 185,
        "length_m": 129.61,
        "elevation_start": 144.94,
        "elevation_end": 134.11,
        "slope_percent": 5.29,
        "cost_usd": 85541.19,
        "cost_per_m": 660.0,
        "cumulative_cost": 16166516.59,
        "terrain_cost": 51324.71,
        "environmental_cost": 1809.13,
        "land_cover_class": 40,
        "land_cover_name": "Cropland",
        "geohazard_risk": 0.0,
        "soil_capacity": 449.0,
        "population_density": 0.124,
        "road_proximity_m": 43.1,
        "railway_proximity_m": 4854.4,
        "water_proximity_m": 1014.8,
        "crs": "EPSG:32633",
        "crs_name": "UTM Zone 33"
      }
    },
    {
      "type": "Feature",
      "geometry": {
        "type": "LineString",
        "coordinates": [
          [
            395208.94494193373,
            4787487.1265275935
          ],
          [
            395338.5527989686,
            4787487.1265275935
          ]
        ]
      },
      "properties": {
        "feature_type": "segment",
        "segment_id": 186,
        "step": 186,
        "length_m": 129.61,
        "elevation_start": 134.11,
        "elevation_end": 131.61,
        "slope_percent": 3.24,
        "cost_usd": 51843.14,
        "cost_per_m": 400.0,
        "cumulative_cost": 16218359.73,
        "terrain_cost": 31105.89,
        "environmental_cost": 411.12,
        "land_cover_class": 30,
        "land_cover_name": "Grassland",
        "geohazard_risk": 0.0,
        "soil_capacity": 0.0,
        "population_density": 0.0,
        "road_proximity_m": -1,
        "railway_proximity_m": -1,
        "water_proximity_m": -1,
        "crs": "EPSG:32633",
        "crs_name": "UTM Zone 33"
      }
    },
    {
      "type": "Feature",
      "geometry": {
        "type": "LineString",
        "coordinates": [
          [
            395338.5527989686,
            4787487.1265275935
          ],
          [
            395468.16065600346,
            4787357.533484499
          ]
        ]
      },
      "properties": {
        "feature_type": "segment",
        "segment_id": 187,
        "step": 187,
        "length_m": 183.28,
        "elevation_start": 131.61,
        "elevation_end": 120.68,
        "slope_percent": 5.66,
        "cost_usd": 84310.05,
        "cost_per_m": 460.0,
        "cumulative_cost": 16302669.78,
        "terrain_cost": 50586.03,
        "environmental_cost": 127.75,
        "land_cover_class": 30,
        "land_cover_name": "Grassland",
        "geohazard_risk": 0.0,
        "soil_capacity": 0.0,
        "population_density": 0.0,
        "road_proximity_m": -1,
        "railway_proximity_m": -1,
        "water_proximity_m": -1,
        "crs": "EPSG:32633",
        "crs_name": "UTM Zone 33"
      }
    },
    {
      "type": "Feature",
      "geometry": {
        "type": "LineString",
        "coordinates": [
          [
            395468.16065600346,
            4787357.533484499
          ],
          [
            395468.16065600346,
            4787227.9404414045
          ]
        ]
      },
      "properties": {
        "feature_type": "segment",
        "segment_id": 188,
        "step": 188,
        "length_m": 129.59,
        "elevation_start": 120.68,
        "elevation_end": 120.58,
        "slope_percent": 5.72,
        "cost_usd": 85531.41,
        "cost_per_m": 660.0,
        "cumulative_cost": 16388201.19,
        "terrain_cost": 51318.85,
        "environmental_cost": 1308.4,
        "land_cover_class": 40,
        "land_cover_name": "Cropland",
        "geohazard_risk": 0.0,
        "soil_capacity": 0.0,
        "population_density": 0.0,
        "road_proximity_m": -1,
        "railway_proximity_m": -1,
        "water_proximity_m": -1,
        "crs": "EPSG:32633",
        "crs_name": "UTM Zone 33"
      }
    },
    {
      "type": "Feature",
      "geometry": {
        "type": "LineString",
        "coordinates": [
          [
            395468.16065600346,
            4787227.9404414045
          ],
          [
            395597.7685130383,
            4787098.34739831
          ]
        ]
      },
      "properties": {
        "feature_type": "segment",
        "segment_id": 189,
        "step": 189,
        "length_m": 183.28,
        "elevation_start": 120.58,
        "elevation_end": 111.76,
        "slope_percent": 9.03,
        "cost_usd": 102638.32,
        "cost_per_m": 560.0,
        "cumulative_cost": 16490839.51,
        "terrain_cost": 61582.99,
        "environmental_cost": 3410.03,
        "land_cover_class": 10,
        "land_cover_name": "Tree cover",
        "geohazard_risk": 0.0,
        "soil_capacity": 0.0,
        "population_density": 0.0,
        "road_proximity_m": -1,
        "railway_proximity_m": -1,
        "water_proximity_m": -1,
        "crs": "EPSG:32633",
        "crs_name": "UTM Zone 33"
      }
    },
    {
      "type": "Feature",
      "geometry": {
        "type": "LineString",
        "coordinates": [
          [
            395597.7685130383,
            4787098.34739831
          ],
          [
            395727.3763700732,
            4786968.7543552155
          ]
        ]
      },
      "properties": {
        "feature_type": "segment",
        "segment_id": 190,
        "step": 190,
        "length_m": 183.28,
        "elevation_start": 111.76,
        "elevation_end": 100.88,
        "slope_percent": 11.68,
        "cost_usd": 102638.32,
        "cost_per_m": 560.0,
        "cumulative_cost": 16593477.83,
        "terrain_cost": 61582.99,
        "environmental_cost": 999.96,
        "land_cover_class": 30,
        "land_cover_name": "Grassland",
        "geohazard_risk": 0.0,
        "soil_capacity": 424.0,
        "population_density": 0.1364,
        "road_proximity_m": 138.3,
        "railway_proximity_m": 4550.1,
        "water_proximity_m": 1086.5,
        "crs": "EPSG:32633",
        "crs_name": "UTM Zone 33"
      }
    },
    {
      "type": "Feature",
      "geometry": {
        "type": "LineString",
        "coordinates": [
          [
            395727.3763700732,
            4786968.7543552155
          ],
          [
            395856.984227108,
            4786839.161312121
          ]
        ]
      },
      "properties": {
        "feature_type": "segment",
        "segment_id": 191,
        "step": 191,
        "length_m": 183.28,
        "elevation_start": 100.88,
        "elevation_end": 86.47,
        "slope_percent": 11.96,
        "cost_usd": 109969.63,
        "cost_per_m": 600.0,
        "cumulative_cost": 16703447.46,
        "terrain_cost": 65981.78,
        "environmental_cost": 534.56,
        "land_cover_class": 20,
        "land_cover_name": "Shrubland",
        "geohazard_risk": 0.0,
        "soil_capacity": 0.0,
        "population_density": 0.0,
        "road_proximity_m": -1,
        "railway_proximity_m": -1,
        "water_proximity_m": -1,
        "crs": "EPSG:32633",
        "crs_name": "UTM Zone 33"
      }
    },
    {
      "type": "Feature",
      "geometry": {
        "type": "LineString",
        "coordinates": [
          [
            395856.984227108,
            4786839.161312121
          ],
          [
            395986.5920841429,
            4786709.568269027
          ]
        ]
      },
      "properties": {
        "feature_type": "segment",
        "segment_id": 192,
        "step": 192,
        "length_m": 183.28,
        "elevation_start": 86.47,
        "elevation_end": 76.98,
        "slope_percent": 13.78,
        "cost_usd": 102638.32,
        "cost_per_m": 560.0,
        "cumulative_cost": 16806085.78,
        "terrain_cost": 61582.99,
        "environmental_cost": 50.47,
        "land_cover_class": 30,
        "land_cover_name": "Grassland",
        "geohazard_risk": 0.0,
        "soil_capacity": 0.0,
        "population_density": 0.0,
        "road_proximity_m": -1,
        "railway_proximity_m": -1,
        "water_proximity_m": -1,
        "crs": "EPSG:32633",
        "crs_name": "UTM Zone 33"
      }
    },
    {
      "type": "Feature",
      "geometry": {
        "type": "LineString",
        "coordinates": [
          [
            395986.5920841429,
            4786709.568269027
          ],
          [
            395986.5920841429,
            4786579.975225933
          ]
        ]
      },
      "properties": {
        "feature_type": "segment",
        "segment_id": 193,
        "step": 193,
        "length_m": 129.59,
        "elevation_start": 76.98,
        "elevation_end": 57.77,
        "slope_percent": 5.37,
        "cost_usd": 64796.52,
        "cost_per_m": 500.0,
        "cumulative_cost": 16870882.3,
        "terrain_cost": 38877.91,
        "environmental_cost": 23.53,
        "land_cover_class": 20,
        "land_cover_name": "Shrubland",
        "geohazard_risk": 0.0,
        "soil_capacity": 0.0,
        "population_density": 0.0,
        "road_proximity_m": -1,
        "railway_proximity_m": -1,
        "water_proximity_m": -1,
        "crs": "EPSG:32633",
        "crs_name": "UTM Zone 33"
      }
    },
    {
      "type": "Feature",
      "geometry": {
        "type": "LineString",
        "coordinates": [
          [
            395986.5920841429,
            4786579.975225933
          ],
          [
            395986.5920841429,
            4786450.382182838
          ]
        ]
      },
      "properties": {
        "feature_type": "segment",
        "segment_id": 194,
        "step": 194,
        "length_m": 129.59,
        "elevation_start": 57.77,
        "elevation_end": 58.83,
        "slope_percent": 4.55,
        "cost_usd": 51837.22,
        "cost_per_m": 400.0,
        "cumulative_cost": 16922719.52,
        "terrain_cost": 31102.33,
        "environmental_cost": 27.01,
        "land_cover_class": 30,
        "land_cover_name": "Grassland",
        "geohazard_risk": 0.0,
        "soil_capacity": 0.0,
        "population_density": 0.0,
        "road_proximity_m": -1,
        "railway_proximity_m": -1,
        "water_proximity_m": -1,
        "crs": "EPSG:32633",
        "crs_name": "UTM Zone 33"
      }
    },
    {
      "type": "Feature",
      "geometry": {
        "type": "LineString",
        "coordinates": [
          [
            395986.5920841429,
            4786450.382182838
          ],
          [
            396116.19994117774,
            4786320.789139744
          ]
        ]
      },
      "properties": {
        "feature_type": "segment",
        "segment_id": 195,
        "step": 195,
        "length_m": 183.28,
        "elevation_start": 58.83,
        "elevation_end": 57.63,
        "slope_percent": 7.55,
        "cost_usd": 84310.05,
        "cost_per_m": 460.0,
        "cumulative_cost": 17007029.56,
        "terrain_cost": 50586.03,
        "environmental_cost": 143.68,
        "land_cover_class": 30,
        "land_cover_name": "Grassland",
        "geohazard_risk": 0.0,
        "soil_capacity": 395.0,
        "population_density": 0.0196,
        "road_proximity_m": 211.0,
        "railway_proximity_m": 4429.3,
        "water_proximity_m": 1298.8,
        "crs": "EPSG:32633",
        "crs_name": "UTM Zone 33"
      }
    },
    {
      "type": "Feature",
      "geometry": {
        "type": "LineString",
        "coordinates": [
          [
            396116.19994117774,
            4786320.789139744
          ],
          [
            396116.19994117774,
            4786191.196096649
          ]
        ]
      },
      "properties": {
        "feature_type": "segment",
        "segment_id": 196,
        "step": 196,
        "length_m": 129.59,
        "elevation_start": 57.63,
        "elevation_end": 54.08,
        "slope_percent": 5.09,
        "cost_usd": 59612.8,
        "cost_per_m": 460.0,
        "cumulative_cost": 17066642.36,
        "terrain_cost": 35767.68,
        "environmental_cost": 285.06,
        "land_cover_class": 30,
        "land_cover_name": "Grassland",
        "geohazard_risk": 0.0,
        "soil_capacity": 0.0,
        "population_density": 0.0,
        "road_proximity_m": -1,
        "railway_proximity_m": -1,
        "water_proximity_m": -1,
        "crs": "EPSG:32633",
        "crs_name": "UTM Zone 33"
      }
    },
    {
      "type": "Feature",
      "geometry": {
        "type": "LineString",
        "coordinates": [
          [
            396116.19994117774,
            4786191.196096649
          ],
          [
            396245.80779821257,
            4786061.603053555
          ]
        ]
      },
      "properties": {
        "feature_type": "segment",
        "segment_id": 197,
        "step": 197,
        "length_m": 183.28,
        "elevation_start": 54.08,
        "elevation_end": 43.19,
        "slope_percent": 2.58,
        "cost_usd": 109969.63,
        "cost_per_m": 600.0,
        "cumulative_cost": 17176611.99,
        "terrain_cost": 65981.78,
        "environmental_cost": 2113.45,
        "land_cover_class": 40,
        "land_cover_name": "Cropland",
        "geohazard_risk": 0.0,
        "soil_capacity": 0.0,
        "population_density": 0.0,
        "road_proximity_m": -1,
        "railway_proximity_m": -1,
        "water_proximity_m": -1,
        "crs": "EPSG:32633",
        "crs_name": "UTM Zone 33"
      }
    },
    {
      "type": "Feature",
      "geometry": {
        "type": "LineString",
        "coordinates": [
          [
            396245.80779821257,
            4786061.603053555
          ],
          [
            396375.41565524746,
            4785932.01001046
          ]
        ]
      },
      "properties": {
        "feature_type": "segment",
        "segment_id": 198,
        "step": 198,
        "length_m": 183.28,
        "elevation_start": 43.19,
        "elevation_end": 51.5,
        "slope_percent": 3.11,
        "cost_usd": 109969.63,
        "cost_per_m": 600.0,
        "cumulative_cost": 17286581.62,
        "terrain_cost": 65981.78,
        "environmental_cost": 2533.54,
        "land_cover_class": 40,
        "land_cover_name": "Cropland",
        "geohazard_risk": 0.0,
        "soil_capacity": 0.0,
        "population_density": 0.0,
        "road_proximity_m": -1,
        "railway_proximity_m": -1,
        "water_proximity_m": -1,
        "crs": "EPSG:32633",
        "crs_name": "UTM Zone 33"
      }
    },
    {
      "type": "Feature",
      "geometry": {
        "type": "LineString",
        "coordinates": [
          [
            396375.41565524746,
            4785932.01001046
          ],
          [
            396505.0235122823,
            4785802.416967366
          ]
        ]
      },
      "properties": {
        "feature_type": "segment",
        "segment_id": 199,
        "step": 199,
        "length_m": 183.28,
        "elevation_start": 51.5,
        "elevation_end": 47.7,
        "slope_percent": 6.24,
        "cost_usd": 84310.05,
        "cost_per_m": 460.0,
        "cumulative_cost": 17370891.67,
        "terrain_cost": 50586.03,
        "environmental_cost": 286.82,
        "land_cover_class": 30,
        "land_cover_name": "Grassland",
        "geohazard_risk": 0.0,
        "soil_capacity": 0.0,
        "population_density": 0.0,
        "road_proximity_m": -1,
        "railway_proximity_m": -1,
        "water_proximity_m": -1,
        "crs": "EPSG:32633",
        "crs_name": "UTM Zone 33"
      }
    },
    {
      "type": "Feature",
      "geometry": {
        "type": "LineString",
        "coordinates": [
          [
            396505.0235122823,
            4785802.416967366
          ],
          [
            396634.6313693171,
            4785672.823924271
          ]
        ]
      },
      "properties": {
        "feature_type": "segment",
        "segment_id": 200,
        "step": 200,
        "length_m": 183.28,
        "elevation_start": 47.7,
        "elevation_end": 31.25,
        "slope_percent": 5.41,
        "cost_usd": 84310.05,
        "cost_per_m": 460.0,
        "cumulative_cost": 17455201.72,
        "terrain_cost": 50586.03,
        "environmental_cost": 607.6,
        "land_cover_class": 30,
        "land_cover_name": "Grassland",
        "geohazard_risk": 0.0,
        "soil_capacity": 372.0,
        "population_density": 0.0829,
        "road_proximity_m": 15.8,
        "railway_proximity_m": 4179.4,
        "water_proximity_m": 852.5,
        "crs": "EPSG:32633",
        "crs_name": "UTM Zone 33"
      }
    },
    {
      "type": "Feature",
      "geometry": {
        "type": "LineString",
        "coordinates": [
          [
            396634.6313693171,
            4785672.823924271
          ],
          [
            396764.239226352,
            4785543.230881177
          ]
        ]
      },
      "properties": {
        "feature_type": "segment",
        "segment_id": 201,
        "step": 201,
        "length_m": 183.28,
        "elevation_start": 31.25,
        "elevation_end": 28.14,
        "slope_percent": 1.62,
        "cost_usd": 73313.09,
        "cost_per_m": 400.0,
        "cumulative_cost": 17528514.8,
        "terrain_cost": 43987.85,
        "environmental_cost": 662.0,
        "land_cover_class": 30,
        "land_cover_name": "Grassland",
        "geohazard_risk": 0.0,
        "soil_capacity": 0.0,
        "population_density": 0.0,
        "road_proximity_m": -1,
        "railway_proximity_m": -1,
        "water_proximity_m": -1,
        "crs": "EPSG:32633",
        "crs_name": "UTM Zone 33"
      }
    },
    {
      "type": "Feature",
      "geometry": {
        "type": "LineString",
        "coordinates": [
          [
            396764.239226352,
            4785543.230881177
          ],
          [
            396764.239226352,
            4785413.637838083
          ]
        ]
      },
      "properties": {
        "feature_type": "segment",
        "segment_id": 202,
        "step": 202,
        "length_m": 129.59,
        "elevation_start": 28.14,
        "elevation_end": 28.85,
        "slope_percent": 1.58,
        "cost_usd": 51837.22,
        "cost_per_m": 400.0,
        "cumulative_cost": 17580352.02,
        "terrain_cost": 31102.33,
        "environmental_cost": 471.75,
        "land_cover_class": 60,
        "land_cover_name": "Bare/sparse vegetation",
        "geohazard_risk": 0.0,
        "soil_capacity": 0.0,
        "population_density": 0.0,
        "road_proximity_m": -1,
        "railway_proximity_m": -1,
        "water_proximity_m": -1,
        "crs": "EPSG:32633",
        "crs_name": "UTM Zone 33"
      }
    },
    {
      "type": "Feature",
      "geometry": {
        "type": "LineString",
        "coordinates": [
          [
            396764.239226352,
            4785413.637838083
          ],
          [
            396893.84708338685,
            4785284.044794989
          ]
        ]
      },
      "properties": {
        "feature_type": "segment",
        "segment_id": 203,
        "step": 203,
        "length_m": 183.28,
        "elevation_start": 28.85,
        "elevation_end": 27.82,
        "slope_percent": 1.23,
        "cost_usd": 73313.09,
        "cost_per_m": 400.0,
        "cumulative_cost": 17653665.11,
        "terrain_cost": 43987.85,
        "environmental_cost": 358.84,
        "land_cover_class": 30,
        "land_cover_name": "Grassland",
        "geohazard_risk": 0.0,
        "soil_capacity": 0.0,
        "population_density": 0.0,
        "road_proximity_m": -1,
        "railway_proximity_m": -1,
        "water_proximity_m": -1,
        "crs": "EPSG:32633",
        "crs_name": "UTM Zone 33"
      }
    },
    {
      "type": "Feature",
      "geometry": {
        "type": "LineString",
        "coordinates": [
          [
            396893.84708338685,
            4785284.044794989
          ],
          [
            396893.84708338685,
            4785154.451751894
          ]
        ]
      },
      "properties": {
        "feature_type": "segment",
        "segment_id": 204,
        "step": 204,
        "length_m": 129.59,
        "elevation_start": 27.82,
        "elevation_end": 27.13,
        "slope_percent": 1.28,
        "cost_usd": 64796.52,
        "cost_per_m": 500.0,
        "cumulative_cost": 17718461.63,
        "terrain_cost": 38877.91,
        "environmental_cost": 1809.42,
        "land_cover_class": 10,
        "land_cover_name": "Tree cover",
        "geohazard_risk": 0.0,
        "soil_capacity": 0.0,
        "population_density": 0.0,
        "road_proximity_m": -1,
        "railway_proximity_m": -1,
        "water_proximity_m": -1,
        "crs": "EPSG:32633",
        "crs_name": "UTM Zone 33"
      }
    },
    {
      "type": "Feature",
      "geometry": {
        "type": "LineString",
        "coordinates": [
          [
            396893.84708338685,
            4785154.451751894
          ],
          [
            396893.84708338685,
            4785024.8587088
          ]
        ]
      },
      "properties": {
        "feature_type": "segment",
        "segment_id": 205,
        "step": 205,
        "length_m": 129.59,
        "elevation_start": 27.13,
        "elevation_end": 25.52,
        "slope_percent": 0.7,
        "cost_usd": 64796.52,
        "cost_per_m": 500.0,
        "cumulative_cost": 17783258.15,
        "terrain_cost": 38877.91,
        "environmental_cost": 2123.41,
        "land_cover_class": 10,
        "land_cover_name": "Tree cover",
        "geohazard_risk": 0.0,
        "soil_capacity": 363.0,
        "population_density": 0.1096,
        "road_proximity_m": 130.0,
        "railway_proximity_m": 4189.7,
        "water_proximity_m": 212.5,
        "crs": "EPSG:32633",
        "crs_name": "UTM Zone 33"
      }
    },
    {
      "type": "Feature",
      "geometry": {
        "type": "LineString",
        "coordinates": [
          [
            396893.84708338685,
            4785024.8587088
          ],
          [
            397023.45494042174,
            4784895.265665705
          ]
        ]
      },
      "properties": {
        "feature_type": "segment",
        "segment_id": 206,
        "step": 206,
        "length_m": 183.28,
        "elevation_start": 25.52,
        "elevation_end": 28.2,
        "slope_percent": 1.6,
        "cost_usd": 73313.09,
        "cost_per_m": 400.0,
        "cumulative_cost": 17856571.24,
        "terrain_cost": 43987.85,
        "environmental_cost": 53.19,
        "land_cover_class": 30,
        "land_cover_name": "Grassland",
        "geohazard_risk": 0.0,
        "soil_capacity": 0.0,
        "population_density": 0.0,
        "road_proximity_m": -1,
        "railway_proximity_m": -1,
        "water_proximity_m": -1,
        "crs": "EPSG:32633",
        "crs_name": "UTM Zone 33"
      }
    },
    {
      "type": "Feature",
      "geometry": {
        "type": "LineString",
        "coordinates": [
          [
            397023.45494042174,
            4784895.265665705
          ],
          [
            396893.84708338685,
            4784765.672622611
          ]
        ]
      },
      "properties": {
        "feature_type": "segment",
        "segment_id": 207,
        "step": 207,
        "length_m": 183.28,
        "elevation_start": 28.2,
        "elevation_end": 29.52,
        "slope_percent": 0.87,
        "cost_usd": 73313.09,
        "cost_per_m": 400.0,
        "cumulative_cost": 17929884.32,
        "terrain_cost": 43987.85,
        "environmental_cost": 153.12,
        "land_cover_class": 60,
        "land_cover_name": "Bare/sparse vegetation",
        "geohazard_risk": 0.0,
        "soil_capacity": 0.0,
        "population_density": 0.0,
        "road_proximity_m": -1,
        "railway_proximity_m": -1,
        "water_proximity_m": -1,
        "crs": "EPSG:32633",
        "crs_name": "UTM Zone 33"
      }
    },
    {
      "type": "Feature",
      "geometry": {
        "type": "LineString",
        "coordinates": [
          [
            396893.84708338685,
            4784765.672622611
          ],
          [
            396764.239226352,
            4784636.079579516
          ]
        ]
      },
      "properties": {
        "feature_type": "segment",
        "segment_id": 208,
        "step": 208,
        "length_m": 183.28,
        "elevation_start": 29.52,
        "elevation_end": 29.49,
        "slope_percent": 0.64,
        "cost_usd": 73313.09,
        "cost_per_m": 400.0,
        "cumulative_cost": 18003197.41,
        "terrain_cost": 43987.85,
        "environmental_cost": 258.09,
        "land_cover_class": 30,
        "land_cover_name": "Grassland",
        "geohazard_risk": 0.0,
        "soil_capacity": 0.0,
        "population_density": 0.0,
        "road_proximity_m": -1,
        "railway_proximity_m": -1,
        "water_proximity_m": -1,
        "crs": "EPSG:32633",
        "crs_name": "UTM Zone 33"
      }
    },
    {
      "type": "Feature",
      "geometry": {
        "type": "LineString",
        "coordinates": [
          [
            396764.239226352,
            4784636.079579516
          ],
          [
            396764.239226352,
            4784506.486536422
          ]
        ]
      },
      "properties": {
        "feature_type": "segment",
        "segment_id": 209,
        "step": 209,
        "length_m": 129.59,
        "elevation_start": 29.49,
        "elevation_end": 30.95,
        "slope_percent": 0.83,
        "cost_usd": 51837.22,
        "cost_per_m": 400.0,
        "cumulative_cost": 18055034.63,
        "terrain_cost": 31102.33,
        "environmental_cost": 127.42,
        "land_cover_class": 30,
        "land_cover_name": "Grassland",
        "geohazard_risk": 0.0,
        "soil_capacity": 0.0,
        "population_density": 0.0,
        "road_proximity_m": -1,
        "railway_proximity_m": -1,
        "water_proximity_m": -1,
        "crs": "EPSG:32633",
        "crs_name": "UTM Zone 33"
      }
    },
    {
      "type": "Feature",
      "geometry": {
        "type": "LineString",
        "coordinates": [
          [
            396764.239226352,
            4784506.486536422
          ],
          [
            396764.239226352,
            4784376.893493327
          ]
        ]
      },
      "properties": {
        "feature_type": "segment",
        "segment_id": 210,
        "step": 210,
        "length_m": 129.59,
        "elevation_start": 30.95,
        "elevation_end": 32.42,
        "slope_percent": 1.48,
        "cost_usd": 77755.83,
        "cost_per_m": 600.0,
        "cumulative_cost": 18132790.45,
        "terrain_cost": 46653.5,
        "environmental_cost": 1197.65,
        "land_cover_class": 40,
        "land_cover_name": "Cropland",
        "geohazard_risk": 0.0,
        "soil_capacity": 380.0,
        "population_density": 0.006,
        "road_proximity_m": 89.9,
        "railway_proximity_m": 4458.6,
        "water_proximity_m": 133.0,
        "crs": "EPSG:32633",
        "crs_name": "UTM Zone 33"
      }
    },
    {
      "type": "Feature",
      "geometry": {
        "type": "LineString",
        "coordinates": [
          [
            396764.239226352,
            4784376.893493327
          ],
          [
            396764.239226352,
            4784247.300450233
          ]
        ]
      },
      "properties": {
        "feature_type": "segment",
        "segment_id": 211,
        "step": 211,
        "length_m": 129.59,
        "elevation_start": 32.42,
        "elevation_end": 34.83,
        "slope_percent": 2.02,
        "cost_usd": 77755.83,
        "cost_per_m": 600.0,
        "cumulative_cost": 18210546.28,
        "terrain_cost": 46653.5,
        "environmental_cost": 1179.28,
        "land_cover_class": 40,
        "land_cover_name": "Cropland",
        "geohazard_risk": 0.0,
        "soil_capacity": 0.0,
        "population_density": 0.0,
        "road_proximity_m": -1,
        "railway_proximity_m": -1,
        "water_proximity_m": -1,
        "crs": "EPSG:32633",
        "crs_name": "UTM Zone 33"
      }
    },
    {
      "type": "Feature",
      "geometry": {
        "type": "LineString",
        "coordinates": [
          [
            396764.239226352,
            4784247.300450233
          ],
          [
            396764.239226352,
            4784117.707407139
          ]
        ]
      },
      "properties": {
        "feature_type": "segment",
        "segment_id": 212,
        "step": 212,
        "length_m": 129.59,
        "elevation_start": 34.83,
        "elevation_end": 33.69,
        "slope_percent": 4.83,
        "cost_usd": 77755.83,
        "cost_per_m": 600.0,
        "cumulative_cost": 18288302.1,
        "terrain_cost": 46653.5,
        "environmental_cost": 1172.95,
        "land_cover_class": 40,
        "land_cover_name": "Cropland",
        "geohazard_risk": 0.0,
        "soil_capacity": 0.0,
        "population_density": 0.0,
        "road_proximity_m": -1,
        "railway_proximity_m": -1,
        "water_proximity_m": -1,
        "crs": "EPSG:32633",
        "crs_name": "UTM Zone 33"
      }
    },
    {
      "type": "Feature",
      "geometry": {
        "type": "LineString",
        "coordinates": [
          [
            396764.239226352,
            4784117.707407139
          ],
          [
            396893.84708338685,
            4783988.114364045
          ]
        ]
      },
      "properties": {
        "feature_type": "segment",
        "segment_id": 213,
        "step": 213,
        "length_m": 183.28,
        "elevation_start": 33.69,
        "elevation_end": 52.02,
        "slope_percent": 14.44,
        "cost_usd": 102638.32,
        "cost_per_m": 560.0,
        "cumulative_cost": 18390940.42,
        "terrain_cost": 61582.99,
        "environmental_cost": 2.01,
        "land_cover_class": 30,
        "land_cover_name": "Grassland",
        "geohazard_risk": 0.0,
        "soil_capacity": 0.0,
        "population_density": 0.0,
        "road_proximity_m": -1,
        "railway_proximity_m": -1,
        "water_proximity_m": -1,
        "crs": "EPSG:32633",
        "crs_name": "UTM Zone 33"
      }
    },
    {
      "type": "Feature",
      "geometry": {
        "type": "LineString",
        "coordinates": [
          [
            396893.84708338685,
            4783988.114364045
          ],
          [
            396893.84708338685,
            4783858.52132095
          ]
        ]
      },
      "properties": {
        "feature_type": "segment",
        "segment_id": 214,
        "step": 214,
        "length_m": 129.59,
        "elevation_start": 52.02,
        "elevation_end": 68.05,
        "slope_percent": 19.98,
        "cost_usd": 103674.43,
        "cost_per_m": 800.0,
        "cumulative_cost": 18494614.86,
        "terrain_cost": 62204.66,
        "environmental_cost": 0.88,
        "land_cover_class": 30,
        "land_cover_name": "Grassland",
        "geohazard_risk": 0.0,
        "soil_capacity": 0.0,
        "population_density": 0.0,
        "road_proximity_m": -1,
        "railway_proximity_m": -1,
        "water_proximity_m": -1,
        "crs": "EPSG:32633",
        "crs_name": "UTM Zone 33"
      }
    },
    {
      "type": "Feature",
      "geometry": {
        "type": "LineString",
        "coordinates": [
          [
            396893.84708338685,
            4783858.52132095
          ],
          [
            396893.84708338685,
            4783728.928277856
          ]
        ]
      },
      "properties": {
        "feature_type": "segment",
        "segment_id": 215,
        "step": 215,
        "length_m": 129.59,
        "elevation_start": 68.05,
        "elevation_end": 96.7,
        "slope_percent": 21.31,
        "cost_usd": 103674.43,
        "cost_per_m": 800.0,
        "cumulative_cost": 18598289.29,
        "terrain_cost": 62204.66,
        "environmental_cost": 0.83,
        "land_cover_class": 30,
        "land_cover_name": "Grassland",
        "geohazard_risk": 0.0,
        "soil_capacity": 401.0,
        "population_density": 0.0002,
        "road_proximity_m": 196.7,
        "railway_proximity_m": 4482.2,
        "water_proximity_m": 710.5,
        "crs": "EPSG:32633",
        "crs_name": "UTM Zone 33"
      }
    },
    {
      "type": "Feature",
      "geometry": {
        "type": "LineString",
        "coordinates": [
          [
            396893.84708338685,
            4783728.928277856
          ],
          [
            396893.84708338685,
            4783599.335234761
          ]
        ]
      },
      "properties": {
        "feature_type": "segment",
        "segment_id": 216,
        "step": 216,
        "length_m": 129.59,
        "elevation_start": 96.7,
        "elevation_end": 113.25,
        "slope_percent": 14.66,
        "cost_usd": 72572.1,
        "cost_per_m": 560.0,
        "cumulative_cost": 18670861.4,
        "terrain_cost": 43543.26,
        "environmental_cost": 0.87,
        "land_cover_class": 30,
        "land_cover_name": "Grassland",
        "geohazard_risk": 0.0,
        "soil_capacity": 0.0,
        "population_density": 0.0,
        "road_proximity_m": -1,
        "railway_proximity_m": -1,
        "water_proximity_m": -1,
        "crs": "EPSG:32633",
        "crs_name": "UTM Zone 33"
      }
    },
    {
      "type": "Feature",
      "geometry": {
        "type": "LineString",
        "coordinates": [
          [
            396893.84708338685,
            4783599.335234761
          ],
          [
            397023.45494042174,
            4783469.742191667
          ]
        ]
      },
      "properties": {
        "feature_type": "segment",
        "segment_id": 217,
        "step": 217,
        "length_m": 183.28,
        "elevation_start": 113.25,
        "elevation_end": 120.1,
        "slope_percent": 10.54,
        "cost_usd": 102638.32,
        "cost_per_m": 560.0,
        "cumulative_cost": 18773499.72,
        "terrain_cost": 61582.99,
        "environmental_cost": 1.5,
        "land_cover_class": 30,
        "land_cover_name": "Grassland",
        "geohazard_risk": 0.0,
        "soil_capacity": 0.0,
        "population_density": 0.0,
        "road_proximity_m": -1,
        "railway_proximity_m": -1,
        "water_proximity_m": -1,
        "crs": "EPSG:32633",
        "crs_name": "UTM Zone 33"
      }
    },
    {
      "type": "Feature",
      "geometry": {
        "type": "LineString",
        "coordinates": [
          [
            397023.45494042174,
            4783469.742191667
          ],
          [
            396893.84708338685,
            4783340.149148572
          ]
        ]
      },
      "properties": {
        "feature_type": "segment",
        "segment_id": 218,
        "step": 218,
        "length_m": 183.28,
        "elevation_start": 120.1,
        "elevation_end": 104.15,
        "slope_percent": 9.97,
        "cost_usd": 84310.05,
        "cost_per_m": 460.0,
        "cumulative_cost": 18857809.77,
        "terrain_cost": 50586.03,
        "environmental_cost": 1.56,
        "land_cover_class": 30,
        "land_cover_name": "Grassland",
        "geohazard_risk": 0.0,
        "soil_capacity": 0.0,
        "population_density": 0.0,
        "road_proximity_m": -1,
        "railway_proximity_m": -1,
        "water_proximity_m": -1,
        "crs": "EPSG:32633",
        "crs_name": "UTM Zone 33"
      }
    },
    {
      "type": "Feature",
      "geometry": {
        "type": "LineString",
        "coordinates": [
          [
            396893.84708338685,
            4783340.149148572
          ],
          [
            396893.84708338685,
            4783210.556105478
          ]
        ]
      },
      "properties": {
        "feature_type": "segment",
        "segment_id": 219,
        "step": 219,
        "length_m": 129.59,
        "elevation_start": 104.15,
        "elevation_end": 90.74,
        "slope_percent": 14.19,
        "cost_usd": 72572.1,
        "cost_per_m": 560.0,
        "cumulative_cost": 18930381.87,
        "terrain_cost": 43543.26,
        "environmental_cost": 0.94,
        "land_cover_class": 30,
        "land_cover_name": "Grassland",
        "geohazard_risk": 0.0,
        "soil_capacity": 0.0,
        "population_density": 0.0,
        "road_proximity_m": -1,
        "railway_proximity_m": -1,
        "water_proximity_m": -1,
        "crs": "EPSG:32633",
        "crs_name": "UTM Zone 33"
      }
    },
    {
      "type": "Feature",
      "geometry": {
        "type": "LineString",
        "coordinates": [
          [
            396893.84708338685,
            4783210.556105478
          ],
          [
            397023.45494042174,
            4783080.963062383
          ]
        ]
      },
      "properties": {
        "feature_type": "segment",
        "segment_id": 220,
        "step": 220,
        "length_m": 183.28,
        "elevation_start": 90.74,
        "elevation_end": 74.5,
        "slope_percent": 9.55,
        "cost_usd": 84310.05,
        "cost_per_m": 460.0,
        "cumulative_cost": 19014691.92,
        "terrain_cost": 50586.03,
        "environmental_cost": 1.32,
        "land_cover_class": 30,
        "land_cover_name": "Grassland",
        "geohazard_risk": 0.0,
        "soil_capacity": 392.0,
        "population_density": 0.0002,
        "road_proximity_m": 47.8,
        "railway_proximity_m": 4016.9,
        "water_proximity_m": 1185.5,
        "crs": "EPSG:32633",
        "crs_name": "UTM Zone 33"
      }
    },
    {
      "type": "Feature",
      "geometry": {
        "type": "LineString",
        "coordinates": [
          [
            397023.45494042174,
            4783080.963062383
          ],
          [
            397023.45494042174,
            4782951.370019289
          ]
        ]
      },
      "properties": {
        "feature_type": "segment",
        "segment_id": 221,
        "step": 221,
        "length_m": 129.59,
        "elevation_start": 74.5,
        "elevation_end": 66.89,
        "slope_percent": 6.76,
        "cost_usd": 59612.8,
        "cost_per_m": 460.0,
        "cumulative_cost": 19074304.72,
        "terrain_cost": 35767.68,
        "environmental_cost": 0.91,
        "land_cover_class": 30,
        "land_cover_name": "Grassland",
        "geohazard_risk": 0.0,
        "soil_capacity": 0.0,
        "population_density": 0.0,
        "road_proximity_m": -1,
        "railway_proximity_m": -1,
        "water_proximity_m": -1,
        "crs": "EPSG:32633",
        "crs_name": "UTM Zone 33"
      }
    },
    {
      "type": "Feature",
      "geometry": {
        "type": "LineString",
        "coordinates": [
          [
            397023.45494042174,
            4782951.370019289
          ],
          [
            397153.0627974566,
            4782821.776976195
          ]
        ]
      },
      "properties": {
        "feature_type": "segment",
        "segment_id": 222,
        "step": 222,
        "length_m": 183.28,
        "elevation_start": 66.89,
        "elevation_end": 68.79,
        "slope_percent": 11.23,
        "cost_usd": 102638.32,
        "cost_per_m": 560.0,
        "cumulative_cost": 19176943.04,
        "terrain_cost": 61582.99,
        "environmental_cost": 2.14,
        "land_cover_class": 30,
        "land_cover_name": "Grassland",
        "geohazard_risk": 0.0,
        "soil_capacity": 0.0,
        "population_density": 0.0,
        "road_proximity_m": -1,
        "railway_proximity_m": -1,
        "water_proximity_m": -1,
        "crs": "EPSG:32633",
        "crs_name": "UTM Zone 33"
      }
    },
    {
      "type": "Feature",
      "geometry": {
        "type": "LineString",
        "coordinates": [
          [
            397153.0627974566,
            4782821.776976195
          ],
          [
            397153.0627974566,
            4782692.183933101
          ]
        ]
      },
      "properties": {
        "feature_type": "segment",
        "segment_id": 223,
        "step": 223,
        "length_m": 129.59,
        "elevation_start": 68.79,
        "elevation_end": 69.51,
        "slope_percent": 11.68,
        "cost_usd": 72572.1,
        "cost_per_m": 560.0,
        "cumulative_cost": 19249515.14,
        "terrain_cost": 43543.26,
        "environmental_cost": 3.5,
        "land_cover_class": 30,
        "land_cover_name": "Grassland",
        "geohazard_risk": 0.0,
        "soil_capacity": 0.0,
        "population_density": 0.0,
        "road_proximity_m": -1,
        "railway_proximity_m": -1,
        "water_proximity_m": -1,
        "crs": "EPSG:32633",
        "crs_name": "UTM Zone 33"
      }
    },
    {
      "type": "Feature",
      "geometry": {
        "type": "LineString",
        "coordinates": [
          [
            397153.0627974566,
            4782692.183933101
          ],
          [
            397153.0627974566,
            4782562.590890006
          ]
        ]
      },
      "properties": {
        "feature_type": "segment",
        "segment_id": 224,
        "step": 224,
        "length_m": 129.59,
        "elevation_start": 69.51,
        "elevation_end": 66.59,
        "slope_percent": 7.64,
        "cost_usd": 85531.41,
        "cost_per_m": 660.0,
        "cumulative_cost": 19335046.55,
        "terrain_cost": 51318.85,
        "environmental_cost": 1239.83,
        "land_cover_class": 40,
        "land_cover_name": "Cropland",
        "geohazard_risk": 0.0,
        "soil_capacity": 0.0,
        "population_density": 0.0,
        "road_proximity_m": -1,
        "railway_proximity_m": -1,
        "water_proximity_m": -1,
        "crs": "EPSG:32633",
        "crs_name": "UTM Zone 33"
      }
    },
    {
      "type": "Feature",
      "geometry": {
        "type": "LineString",
        "coordinates": [
          [
            397153.0627974566,
            4782562.590890006
          ],
          [
            397153.0627974566,
            4782432.997846912
          ]
        ]
      },
      "properties": {
        "feature_type": "segment",
        "segment_id": 225,
        "step": 225,
        "length_m": 129.59,
        "elevation_start": 66.59,
        "elevation_end": 67.26,
        "slope_percent": 2.33,
        "cost_usd": 77755.83,
        "cost_per_m": 600.0,
        "cumulative_cost": 19412802.38,
        "terrain_cost": 46653.5,
        "environmental_cost": 1298.22,
        "land_cover_class": 40,
        "land_cover_name": "Cropland",
        "geohazard_risk": 0.0,
        "soil_capacity": 410.0,
        "population_density": 0.0254,
        "road_proximity_m": 137.0,
        "railway_proximity_m": 3490.0,
        "water_proximity_m": 1087.7,
        "crs": "EPSG:32633",
        "crs_name": "UTM Zone 33"
      }
    },
    {
      "type": "Feature",
      "geometry": {
        "type": "LineString",
        "coordinates": [
          [
            397153.0627974566,
            4782432.997846912
          ],
          [
            397282.6706544914,
            4782303.404803817
          ]
        ]
      },
      "properties": {
        "feature_type": "segment",
        "segment_id": 226,
        "step": 226,
        "length_m": 183.28,
        "elevation_start": 67.26,
        "elevation_end": 90.58,
        "slope_percent": 11.56,
        "cost_usd": 139294.86,
        "cost_per_m": 760.0,
        "cumulative_cost": 19552097.24,
        "terrain_cost": 83576.92,
        "environmental_cost": 2008.92,
        "land_cover_class": 40,
        "land_cover_name": "Cropland",
        "geohazard_risk": 0.0,
        "soil_capacity": 0.0,
        "population_density": 0.0,
        "road_proximity_m": -1,
        "railway_proximity_m": -1,
        "water_proximity_m": -1,
        "crs": "EPSG:32633",
        "crs_name": "UTM Zone 33"
      }
    },
    {
      "type": "Feature",
      "geometry": {
        "type": "LineString",
        "coordinates": [
          [
            397282.6706544914,
            4782303.404803817
          ],
          [
            397282.6706544914,
            4782173.811760723
          ]
        ]
      },
      "properties": {
        "feature_type": "segment",
        "segment_id": 227,
        "step": 227,
        "length_m": 129.59,
        "elevation_start": 90.58,
        "elevation_end": 96.95,
        "slope_percent": 16.68,
        "cost_usd": 129593.04,
        "cost_per_m": 1000.0,
        "cumulative_cost": 19681690.28,
        "terrain_cost": 77755.83,
        "environmental_cost": 1224.92,
        "land_cover_class": 40,
        "land_cover_name": "Cropland",
        "geohazard_risk": 0.0,
        "soil_capacity": 0.0,
        "population_density": 0.0,
        "road_proximity_m": -1,
        "railway_proximity_m": -1,
        "water_proximity_m": -1,
        "crs": "EPSG:32633",
        "crs_name": "UTM Zone 33"
      }
    },
    {
      "type": "Feature",
      "geometry": {
        "type": "LineString",
        "coordinates": [
          [
            397282.6706544914,
            4782173.811760723
          ],
          [
            397282.6706544914,
            4782044.218717628
          ]
        ]
      },
      "properties": {
        "feature_type": "segment",
        "segment_id": 228,
        "step": 228,
        "length_m": 129.59,
        "elevation_start": 96.95,
        "elevation_end": 131.56,
        "slope_percent": 11.29,
        "cost_usd": 98490.71,
        "cost_per_m": 760.0,
        "cumulative_cost": 19780181.0,
        "terrain_cost": 59094.43,
        "environmental_cost": 1184.45,
        "land_cover_class": 40,
        "land_cover_name": "Cropland",
        "geohazard_risk": 0.0,
        "soil_capacity": 0.0,
        "population_density": 0.0,
        "road_proximity_m": -1,
        "railway_proximity_m": -1,
        "water_proximity_m": -1,
        "crs": "EPSG:32633",
        "crs_name": "UTM Zone 33"
      }
    },
    {
      "type": "Feature",
      "geometry": {
        "type": "LineString",
        "coordinates": [
          [
            397282.6706544914,
            4782044.218717628
          ],
          [
            397282.6706544914,
            4781914.625674534
          ]
        ]
      },
      "properties": {
        "feature_type": "segment",
        "segment_id": 229,
        "step": 229,
        "length_m": 129.59,
        "elevation_start": 131.56,
        "elevation_end": 119.98,
        "slope_percent": 9.03,
        "cost_usd": 85531.41,
        "cost_per_m": 660.0,
        "cumulative_cost": 19865712.4,
        "terrain_cost": 51318.85,
        "environmental_cost": 1177.48,
        "land_cover_class": 40,
        "land_cover_name": "Cropland",
        "geohazard_risk": 0.0,
        "soil_capacity": 0.0,
        "population_density": 0.0,
        "road_proximity_m": -1,
        "railway_proximity_m": -1,
        "water_proximity_m": -1,
        "crs": "EPSG:32633",
        "crs_name": "UTM Zone 33"
      }
    },
    {
      "type": "Feature",
      "geometry": {
        "type": "LineString",
        "coordinates": [
          [
            397282.6706544914,
            4781914.625674534
          ],
          [
            397282.6706544914,
            4781785.032631439
          ]
        ]
      },
      "properties": {
        "feature_type": "segment",
        "segment_id": 230,
        "step": 230,
        "length_m": 129.59,
        "elevation_start": 119.98,
        "elevation_end": 129.15,
        "slope_percent": 11.21,
        "cost_usd": 98490.71,
        "cost_per_m": 760.0,
        "cumulative_cost": 19964203.12,
        "terrain_cost": 59094.43,
        "environmental_cost": 1258.42,
        "land_cover_class": 40,
        "land_cover_name": "Cropland",
        "geohazard_risk": 0.0,
        "soil_capacity": 389.0,
        "population_density": 0.0178,
        "road_proximity_m": 142.9,
        "railway_proximity_m": 3014.5,
        "water_proximity_m": 564.9,
        "crs": "EPSG:32633",
        "crs_name": "UTM Zone 33"
      }
    },
    {
      "type": "Feature",
      "geometry": {
        "type": "LineString",
        "coordinates": [
          [
            397282.6706544914,
            4781785.032631439
          ],
          [
            397282.6706544914,
            4781655.439588346
          ]
        ]
      },
      "properties": {
        "feature_type": "segment",
        "segment_id": 231,
        "step": 231,
        "length_m": 129.59,
        "elevation_start": 129.15,
        "elevation_end": 150.44,
        "slope_percent": 4.44,
        "cost_usd": 51837.22,
        "cost_per_m": 400.0,
        "cumulative_cost": 20016040.33,
        "terrain_cost": 31102.33,
        "environmental_cost": 337.53,
        "land_cover_class": 30,
        "land_cover_name": "Grassland",
        "geohazard_risk": 0.0,
        "soil_capacity": 0.0,
        "population_density": 0.0,
        "road_proximity_m": -1,
        "railway_proximity_m": -1,
        "water_proximity_m": -1,
        "crs": "EPSG:32633",
        "crs_name": "UTM Zone 33"
      }
    },
    {
      "type": "Feature",
      "geometry": {
        "type": "LineString",
        "coordinates": [
          [
            397282.6706544914,
            4781655.439588346
          ],
          [
            397412.2785115263,
            4781525.846545251
          ]
        ]
      },
      "properties": {
        "feature_type": "segment",
        "segment_id": 232,
        "step": 232,
        "length_m": 183.28,
        "elevation_start": 150.44,
        "elevation_end": 120.53,
        "slope_percent": 20.65,
        "cost_usd": 146626.17,
        "cost_per_m": 800.0,
        "cumulative_cost": 20162666.51,
        "terrain_cost": 87975.7,
        "environmental_cost": 107.3,
        "land_cover_class": 30,
        "land_cover_name": "Grassland",
        "geohazard_risk": 0.0,
        "soil_capacity": 0.0,
        "population_density": 0.0,
        "road_proximity_m": -1,
        "railway_proximity_m": -1,
        "water_proximity_m": -1,
        "crs": "EPSG:32633",
        "crs_name": "UTM Zone 33"
      }
    },
    {
      "type": "Feature",
      "geometry": {
        "type": "LineString",
        "coordinates": [
          [
            397412.2785115263,
            4781525.846545251
          ],
          [
            397412.2785115263,
            4781396.253502157
          ]
        ]
      },
      "properties": {
        "feature_type": "segment",
        "segment_id": 233,
        "step": 233,
        "length_m": 129.59,
        "elevation_start": 120.53,
        "elevation_end": 97.82,
        "slope_percent": 20.39,
        "cost_usd": 103674.43,
        "cost_per_m": 800.0,
        "cumulative_cost": 20266340.94,
        "terrain_cost": 62204.66,
        "environmental_cost": 51.65,
        "land_cover_class": 30,
        "land_cover_name": "Grassland",
        "geohazard_risk": 0.0,
        "soil_capacity": 0.0,
        "population_density": 0.0,
        "road_proximity_m": -1,
        "railway_proximity_m": -1,
        "water_proximity_m": -1,
        "crs": "EPSG:32633",
        "crs_name": "UTM Zone 33"
      }
    },
    {
      "type": "Feature",
      "geometry": {
        "type": "LineString",
        "coordinates": [
          [
            397412.2785115263,
            4781396.253502157
          ],
          [
            397412.2785115263,
            4781266.660459062
          ]
        ]
      },
      "properties": {
        "feature_type": "segment",
        "segment_id": 234,
        "step": 234,
        "length_m": 129.59,
        "elevation_start": 97.82,
        "elevation_end": 75.06,
        "slope_percent": 6.37,
        "cost_usd": 59612.8,
        "cost_per_m": 460.0,
        "cumulative_cost": 20325953.74,
        "terrain_cost": 35767.68,
        "environmental_cost": 49.34,
        "land_cover_class": 30,
        "land_cover_name": "Grassland",
        "geohazard_risk": 0.0,
        "soil_capacity": 0.0,
        "population_density": 0.0,
        "road_proximity_m": -1,
        "railway_proximity_m": -1,
        "water_proximity_m": -1,
        "crs": "EPSG:32633",
        "crs_name": "UTM Zone 33"
      }
    },
    {
      "type": "Feature",
      "geometry": {
        "type": "LineString",
        "coordinates": [
          [
            397412.2785115263,
            4781266.660459062
          ],
          [
            397541.8863685611,
            4781137.067415968
          ]
        ]
      },
      "properties": {
        "feature_type": "segment",
        "segment_id": 235,
        "step": 235,
        "length_m": 183.28,
        "elevation_start": 75.06,
        "elevation_end": 95.0,
        "slope_percent": 15.83,
        "cost_usd": 153957.48,
        "cost_per_m": 840.0,
        "cumulative_cost": 20479911.22,
        "terrain_cost": 92374.49,
        "environmental_cost": 48.49,
        "land_cover_class": 20,
        "land_cover_name": "Shrubland",
        "geohazard_risk": 0.0,
        "soil_capacity": 396.0,
        "population_density": 0.0066,
        "road_proximity_m": 120.3,
        "railway_proximity_m": 2717.4,
        "water_proximity_m": 115.6,
        "crs": "EPSG:32633",
        "crs_name": "UTM Zone 33"
      }
    },
    {
      "type": "Feature",
      "geometry": {
        "type": "LineString",
        "coordinates": [
          [
            397541.8863685611,
            4781137.067415968
          ],
          [
            397671.49422559596,
            4781007.474372873
          ]
        ]
      },
      "properties": {
        "feature_type": "segment",
        "segment_id": 236,
        "step": 236,
        "length_m": 183.28,
        "elevation_start": 95.0,
        "elevation_end": 124.2,
        "slope_percent": 17.37,
        "cost_usd": 146626.17,
        "cost_per_m": 800.0,
        "cumulative_cost": 20626537.39,
        "terrain_cost": 87975.7,
        "environmental_cost": 298.27,
        "land_cover_class": 30,
        "land_cover_name": "Grassland",
        "geohazard_risk": 0.0,
        "soil_capacity": 0.0,
        "population_density": 0.0,
        "road_proximity_m": -1,
        "railway_proximity_m": -1,
        "water_proximity_m": -1,
        "crs": "EPSG:32633",
        "crs_name": "UTM Zone 33"
      }
    },
    {
      "type": "Feature",
      "geometry": {
        "type": "LineString",
        "coordinates": [
          [
            397671.49422559596,
            4781007.474372873
          ],
          [
            397671.49422559596,
            4780877.881329779
          ]
        ]
      },
      "properties": {
        "feature_type": "segment",
        "segment_id": 237,
        "step": 237,
        "length_m": 129.59,
        "elevation_start": 124.2,
        "elevation_end": 141.41,
        "slope_percent": 16.87,
        "cost_usd": 116633.74,
        "cost_per_m": 900.0,
        "cumulative_cost": 20743171.13,
        "terrain_cost": 69980.24,
        "environmental_cost": 2109.0,
        "land_cover_class": 10,
        "land_cover_name": "Tree cover",
        "geohazard_risk": 0.0,
        "soil_capacity": 0.0,
        "population_density": 0.0,
        "road_proximity_m": -1,
        "railway_proximity_m": -1,
        "water_proximity_m": -1,
        "crs": "EPSG:32633",
        "crs_name": "UTM Zone 33"
      }
    },
    {
      "type": "Feature",
      "geometry": {
        "type": "LineString",
        "coordinates": [
          [
            397671.49422559596,
            4780877.881329779
          ],
          [
            397671.49422559596,
            4780748.288286684
          ]
        ]
      },
      "properties": {
        "feature_type": "segment",
        "segment_id": 238,
        "step": 238,
        "length_m": 129.59,
        "elevation_start": 141.41,
        "elevation_end": 167.37,
        "slope_percent": 6.34,
        "cost_usd": 72572.1,
        "cost_per_m": 560.0,
        "cumulative_cost": 20815743.23,
        "terrain_cost": 43543.26,
        "environmental_cost": 3653.95,
        "land_cover_class": 10,
        "land_cover_name": "Tree cover",
        "geohazard_risk": 0.0,
        "soil_capacity": 0.0,
        "population_density": 0.0,
        "road_proximity_m": -1,
        "railway_proximity_m": -1,
        "water_proximity_m": -1,
        "crs": "EPSG:32633",
        "crs_name": "UTM Zone 33"
      }
    },
    {
      "type": "Feature",
      "geometry": {
        "type": "LineString",
        "coordinates": [
          [
            397671.49422559596,
            4780748.288286684
          ],
          [
            397801.10208263085,
            4780618.69524359
          ]
        ]
      },
      "properties": {
        "feature_type": "segment",
        "segment_id": 239,
        "step": 239,
        "length_m": 183.28,
        "elevation_start": 167.37,
        "elevation_end": 143.66,
        "slope_percent": 15.54,
        "cost_usd": 146626.17,
        "cost_per_m": 800.0,
        "cumulative_cost": 20962369.41,
        "terrain_cost": 87975.7,
        "environmental_cost": 1017.21,
        "land_cover_class": 30,
        "land_cover_name": "Grassland",
        "geohazard_risk": 0.0,
        "soil_capacity": 0.0,
        "population_density": 0.0,
        "road_proximity_m": -1,
        "railway_proximity_m": -1,
        "water_proximity_m": -1,
        "crs": "EPSG:32633",
        "crs_name": "UTM Zone 33"
      }
    },
    {
      "type": "Feature",
      "geometry": {
        "type": "LineString",
        "coordinates": [
          [
            397801.10208263085,
            4780618.69524359
          ],
          [
            397801.10208263085,
            4780489.102200495
          ]
        ]
      },
      "properties": {
        "feature_type": "segment",
        "segment_id": 240,
        "step": 240,
        "length_m": 129.59,
        "elevation_start": 143.66,
        "elevation_end": 125.08,
        "slope_percent": 5.18,
        "cost_usd": 59612.8,
        "cost_per_m": 460.0,
        "cumulative_cost": 21021982.21,
        "terrain_cost": 35767.68,
        "environmental_cost": 317.59,
        "land_cover_class": 30,
        "land_cover_name": "Grassland",
        "geohazard_risk": 0.0,
        "soil_capacity": 352.0,
        "population_density": 0.0613,
        "road_proximity_m": 29.4,
        "railway_proximity_m": 2575.2,
        "water_proximity_m": 810.7,
        "crs": "EPSG:32633",
        "crs_name": "UTM Zone 33"
      }
    },
    {
      "type": "Feature",
      "geometry": {
        "type": "LineString",
        "coordinates": [
          [
            397801.10208263085,
            4780489.102200495
          ],
          [
            397801.10208263085,
            4780359.5091574015
          ]
        ]
      },
      "properties": {
        "feature_type": "segment",
        "segment_id": 241,
        "step": 241,
        "length_m": 129.59,
        "elevation_start": 125.08,
        "elevation_end": 138.29,
        "slope_percent": 9.12,
        "cost_usd": 59612.8,
        "cost_per_m": 460.0,
        "cumulative_cost": 21081595.01,
        "terrain_cost": 35767.68,
        "environmental_cost": 169.43,
        "land_cover_class": 30,
        "land_cover_name": "Grassland",
        "geohazard_risk": 0.0,
        "soil_capacity": 0.0,
        "population_density": 0.0,
        "road_proximity_m": -1,
        "railway_proximity_m": -1,
        "water_proximity_m": -1,
        "crs": "EPSG:32633",
        "crs_name": "UTM Zone 33"
      }
    },
    {
      "type": "Feature",
      "geometry": {
        "type": "LineString",
        "coordinates": [
          [
            397801.10208263085,
            4780359.5091574015
          ],
          [
            397930.7099396657,
            4780229.916114307
          ]
        ]
      },
      "properties": {
        "feature_type": "segment",
        "segment_id": 242,
        "step": 242,
        "length_m": 183.28,
        "elevation_start": 138.29,
        "elevation_end": 141.5,
        "slope_percent": 9.49,
        "cost_usd": 120966.59,
        "cost_per_m": 660.0,
        "cumulative_cost": 21202561.6,
        "terrain_cost": 72579.95,
        "environmental_cost": 1838.73,
        "land_cover_class": 40,
        "land_cover_name": "Cropland",
        "geohazard_risk": 0.0,
        "soil_capacity": 0.0,
        "population_density": 0.0,
        "road_proximity_m": -1,
        "railway_proximity_m": -1,
        "water_proximity_m": -1,
        "crs": "EPSG:32633",
        "crs_name": "UTM Zone 33"
      }
    },
    {
      "type": "Feature",
      "geometry": {
        "type": "LineString",
        "coordinates": [
          [
            397930.7099396657,
            4780229.916114307
          ],
          [
            397930.7099396657,
            4780100.3230712125
          ]
        ]
      },
      "properties": {
        "feature_type": "segment",
        "segment_id": 243,
        "step": 243,
        "length_m": 129.59,
        "elevation_start": 141.5,
        "elevation_end": 116.73,
        "slope_percent": 18.22,
        "cost_usd": 129593.04,
        "cost_per_m": 1000.0,
        "cumulative_cost": 21332154.64,
        "terrain_cost": 77755.83,
        "environmental_cost": 1246.74,
        "land_cover_class": 40,
        "land_cover_name": "Cropland",
        "geohazard_risk": 0.0,
        "soil_capacity": 0.0,
        "population_density": 0.0,
        "road_proximity_m": -1,
        "railway_proximity_m": -1,
        "water_proximity_m": -1,
        "crs": "EPSG:32633",
        "crs_name": "UTM Zone 33"
      }
    },
    {
      "type": "Feature",
      "geometry": {
        "type": "LineString",
        "coordinates": [
          [
            397930.7099396657,
            4780100.3230712125
          ],
          [
            397930.7099396657,
            4779970.730028118
          ]
        ]
      },
      "properties": {
        "feature_type": "segment",
        "segment_id": 244,
        "step": 244,
        "length_m": 129.59,
        "elevation_start": 116.73,
        "elevation_end": 98.93,
        "slope_percent": 17.25,
        "cost_usd": 129593.04,
        "cost_per_m": 1000.0,
        "cumulative_cost": 21461747.68,
        "terrain_cost": 77755.83,
        "environmental_cost": 1187.21,
        "land_cover_class": 40,
        "land_cover_name": "Cropland",
        "geohazard_risk": 0.0,
        "soil_capacity": 0.0,
        "population_density": 0.0,
        "road_proximity_m": -1,
        "railway_proximity_m": -1,
        "water_proximity_m": -1,
        "crs": "EPSG:32633",
        "crs_name": "UTM Zone 33"
      }
    },
    {
      "type": "Feature",
      "geometry": {
        "type": "LineString",
        "coordinates": [
          [
            397930.7099396657,
            4779970.730028118
          ],
          [
            397930.7099396657,
            4779841.1369850235
          ]
        ]
      },
      "properties": {
        "feature_type": "segment",
        "segment_id": 245,
        "step": 245,
        "length_m": 129.59,
        "elevation_start": 98.93,
        "elevation_end": 81.87,
        "slope_percent": 13.67,
        "cost_usd": 98490.71,
        "cost_per_m": 760.0,
        "cumulative_cost": 21560238.4,
        "terrain_cost": 59094.43,
        "environmental_cost": 1301.99,
        "land_cover_class": 40,
        "land_cover_name": "Cropland",
        "geohazard_risk": 0.0,
        "soil_capacity": 364.0,
        "population_density": 0.0262,
        "road_proximity_m": 9.1,
        "railway_proximity_m": 2486.2,
        "water_proximity_m": 1468.4,
        "crs": "EPSG:32633",
        "crs_name": "UTM Zone 33"
      }
    },
    {
      "type": "Feature",
      "geometry": {
        "type": "LineString",
        "coordinates": [
          [
            397930.7099396657,
            4779841.1369850235
          ],
          [
            397930.7099396657,
            4779711.543941929
          ]
        ]
      },
      "properties": {
        "feature_type": "segment",
        "segment_id": 246,
        "step": 246,
        "length_m": 129.59,
        "elevation_start": 81.87,
        "elevation_end": 67.09,
        "slope_percent": 2.56,
        "cost_usd": 51837.22,
        "cost_per_m": 400.0,
        "cumulative_cost": 21612075.61,
        "terrain_cost": 31102.33,
        "environmental_cost": 156.69,
        "land_cover_class": 30,
        "land_cover_name": "Grassland",
        "geohazard_risk": 0.0,
        "soil_capacity": 0.0,
        "population_density": 0.0,
        "road_proximity_m": -1,
        "railway_proximity_m": -1,
        "water_proximity_m": -1,
        "crs": "EPSG:32633",
        "crs_name": "UTM Zone 33"
      }
    },
    {
      "type": "Feature",
      "geometry": {
        "type": "LineString",
        "coordinates": [
          [
            397930.7099396657,
            4779711.543941929
          ],
          [
            397930.7099396657,
            4779581.9508988345
          ]
        ]
      },
      "properties": {
        "feature_type": "segment",
        "segment_id": 247,
        "step": 247,
        "length_m": 129.59,
        "elevation_start": 67.09,
        "elevation_end": 78.06,
        "slope_percent": 19.32,
        "cost_usd": 129593.04,
        "cost_per_m": 1000.0,
        "cumulative_cost": 21741668.66,
        "terrain_cost": 77755.83,
        "environmental_cost": 1351.82,
        "land_cover_class": 40,
        "land_cover_name": "Cropland",
        "geohazard_risk": 0.0,
        "soil_capacity": 0.0,
        "population_density": 0.0,
        "road_proximity_m": -1,
        "railway_proximity_m": -1,
        "water_proximity_m": -1,
        "crs": "EPSG:32633",
        "crs_name": "UTM Zone 33"
      }
    },
    {
      "type": "Feature",
      "geometry": {
        "type": "LineString",
        "coordinates": [
          [
            397930.7099396657,
            4779581.9508988345
          ],
          [
            397930.7099396657,
            4779452.35785574
          ]
        ]
      },
      "properties": {
        "feature_type": "segment",
        "segment_id": 248,
        "step": 248,
        "length_m": 129.59,
        "elevation_start": 78.06,
        "elevation_end": 118.87,
        "slope_percent": 19.81,
        "cost_usd": 108858.16,
        "cost_per_m": 840.0,
        "cumulative_cost": 21850526.81,
        "terrain_cost": 65314.89,
        "environmental_cost": 282.44,
        "land_cover_class": 20,
        "land_cover_name": "Shrubland",
        "geohazard_risk": 0.0,
        "soil_capacity": 0.0,
        "population_density": 0.0,
        "road_proximity_m": -1,
        "railway_proximity_m": -1,
        "water_proximity_m": -1,
        "crs": "EPSG:32633",
        "crs_name": "UTM Zone 33"
      }
    },
    {
      "type": "Feature",
      "geometry": {
        "type": "LineString",
        "coordinates": [
          [
            397930.7099396657,
            4779452.35785574
          ],
          [
            397930.7099396657,
            4779322.7648126455
          ]
        ]
      },
      "properties": {
        "feature_type": "segment",
        "segment_id": 249,
        "step": 249,
        "length_m": 129.59,
        "elevation_start": 118.87,
        "elevation_end": 130.66,
        "slope_percent": 5.18,
        "cost_usd": 85531.41,
        "cost_per_m": 660.0,
        "cumulative_cost": 21936058.22,
        "terrain_cost": 51318.85,
        "environmental_cost": 1672.02,
        "land_cover_class": 40,
        "land_cover_name": "Cropland",
        "geohazard_risk": 0.0,
        "soil_capacity": 0.0,
        "population_density": 0.0,
        "road_proximity_m": -1,
        "railway_proximity_m": -1,
        "water_proximity_m": -1,
        "crs": "EPSG:32633",
        "crs_name": "UTM Zone 33"
      }
    },
    {
      "type": "Feature",
      "geometry": {
        "type": "LineString",
        "coordinates": [
          [
            397930.7099396657,
            4779322.7648126455
          ],
          [
            397930.7099396657,
            4779193.171769551
          ]
        ]
      },
      "properties": {
        "feature_type": "segment",
        "segment_id": 250,
        "step": 250,
        "length_m": 129.59,
        "elevation_start": 130.66,
        "elevation_end": 102.65,
        "slope_percent": 16.13,
        "cost_usd": 129593.04,
        "cost_per_m": 1000.0,
        "cumulative_cost": 22065651.26,
        "terrain_cost": 77755.83,
        "environmental_cost": 1388.23,
        "land_cover_class": 40,
        "land_cover_name": "Cropland",
        "geohazard_risk": 0.0,
        "soil_capacity": 374.0,
        "population_density": 0.0428,
        "road_proximity_m": 154.7,
        "railway_proximity_m": 2440.5,
        "water_proximity_m": 2010.8,
        "crs": "EPSG:32633",
        "crs_name": "UTM Zone 33"
      }
    },
    {
      "type": "Feature",
      "geometry": {
        "type": "LineString",
        "coordinates": [
          [
            397930.7099396657,
            4779193.171769551
          ],
          [
            397930.7099396657,
            4779063.578726457
          ]
        ]
      },
      "properties": {
        "feature_type": "segment",
        "segment_id": 251,
        "step": 251,
        "length_m": 129.59,
        "elevation_start": 102.65,
        "elevation_end": 85.72,
        "slope_percent": 8.2,
        "cost_usd": 85531.41,
        "cost_per_m": 660.0,
        "cumulative_cost": 22151182.67,
        "terrain_cost": 51318.85,
        "environmental_cost": 1231.82,
        "land_cover_class": 40,
        "land_cover_name": "Cropland",
        "geohazard_risk": 0.0,
        "soil_capacity": 0.0,
        "population_density": 0.0,
        "road_proximity_m": -1,
        "railway_proximity_m": -1,
        "water_proximity_m": -1,
        "crs": "EPSG:32633",
        "crs_name": "UTM Zone 33"
      }
    },
    {
      "type": "Feature",
      "geometry": {
        "type": "LineString",
        "coordinates": [
          [
            397930.7099396657,
            4779063.578726457
          ],
          [
            397930.7099396657,
            4778933.985683363
          ]
        ]
      },
      "properties": {
        "feature_type": "segment",
        "segment_id": 252,
        "step": 252,
        "length_m": 129.59,
        "elevation_start": 85.72,
        "elevation_end": 91.43,
        "slope_percent": 11.99,
        "cost_usd": 72572.1,
        "cost_per_m": 560.0,
        "cumulative_cost": 22223754.78,
        "terrain_cost": 43543.26,
        "environmental_cost": 113.93,
        "land_cover_class": 30,
        "land_cover_name": "Grassland",
        "geohazard_risk": 0.0,
        "soil_capacity": 0.0,
        "population_density": 0.0,
        "road_proximity_m": -1,
        "railway_proximity_m": -1,
        "water_proximity_m": -1,
        "crs": "EPSG:32633",
        "crs_name": "UTM Zone 33"
      }
    },
    {
      "type": "Feature",
      "geometry": {
        "type": "LineString",
        "coordinates": [
          [
            397930.7099396657,
            4778933.985683363
          ],
          [
            398060.3177967006,
            4778804.392640268
          ]
        ]
      },
      "properties": {
        "feature_type": "segment",
        "segment_id": 253,
        "step": 253,
        "length_m": 183.28,
        "elevation_start": 91.43,
        "elevation_end": 93.81,
        "slope_percent": 14.52,
        "cost_usd": 102638.32,
        "cost_per_m": 560.0,
        "cumulative_cost": 22326393.1,
        "terrain_cost": 61582.99,
        "environmental_cost": 84.42,
        "land_cover_class": 30,
        "land_cover_name": "Grassland",
        "geohazard_risk": 0.0,
        "soil_capacity": 0.0,
        "population_density": 0.0,
        "road_proximity_m": -1,
        "railway_proximity_m": -1,
        "water_proximity_m": -1,
        "crs": "EPSG:32633",
        "crs_name": "UTM Zone 33"
      }
    },
    {
      "type": "Feature",
      "geometry": {
        "type": "LineString",
        "coordinates": [
          [
            398060.3177967006,
            4778804.392640268
          ],
          [
            398060.3177967006,
            4778674.799597174
          ]
        ]
      },
      "properties": {
        "feature_type": "segment",
        "segment_id": 254,
        "step": 254,
        "length_m": 129.59,
        "elevation_start": 93.81,
        "elevation_end": 108.72,
        "slope_percent": 12.28,
        "cost_usd": 72572.1,
        "cost_per_m": 560.0,
        "cumulative_cost": 22398965.2,
        "terrain_cost": 43543.26,
        "environmental_cost": 237.68,
        "land_cover_class": 30,
        "land_cover_name": "Grassland",
        "geohazard_risk": 0.0,
        "soil_capacity": 0.0,
        "population_density": 0.0,
        "road_proximity_m": -1,
        "railway_proximity_m": -1,
        "water_proximity_m": -1,
        "crs": "EPSG:32633",
        "crs_name": "UTM Zone 33"
      }
    },
    {
      "type": "Feature",
      "geometry": {
        "type": "LineString",
        "coordinates": [
          [
            398060.3177967006,
            4778674.799597174
          ],
          [
            398060.3177967006,
            4778545.206554079
          ]
        ]
      },
      "properties": {
        "feature_type": "segment",
        "segment_id": 255,
        "step": 255,
        "length_m": 129.59,
        "elevation_start": 108.72,
        "elevation_end": 125.57,
        "slope_percent": 1.35,
        "cost_usd": 51837.22,
        "cost_per_m": 400.0,
        "cumulative_cost": 22450802.42,
        "terrain_cost": 31102.33,
        "environmental_cost": 450.79,
        "land_cover_class": 30,
        "land_cover_name": "Grassland",
        "geohazard_risk": 0.0,
        "soil_capacity": 377.0,
        "population_density": 0.087,
        "road_proximity_m": 19.6,
        "railway_proximity_m": 2686.8,
        "water_proximity_m": 1350.5,
        "crs": "EPSG:32633",
        "crs_name": "UTM Zone 33"
      }
    },
    {
      "type": "Feature",
      "geometry": {
        "type": "LineString",
        "coordinates": [
          [
            398060.3177967006,
            4778545.206554079
          ],
          [
            398060.3177967006,
            4778415.613510985
          ]
        ]
      },
      "properties": {
        "feature_type": "segment",
        "segment_id": 256,
        "step": 256,
        "length_m": 129.59,
        "elevation_start": 125.57,
        "elevation_end": 112.92,
        "slope_percent": 11.65,
        "cost_usd": 77755.83,
        "cost_per_m": 600.0,
        "cumulative_cost": 22528558.24,
        "terrain_cost": 46653.5,
        "environmental_cost": 126.29,
        "land_cover_class": 20,
        "land_cover_name": "Shrubland",
        "geohazard_risk": 0.0,
        "soil_capacity": 0.0,
        "population_density": 0.0,
        "road_proximity_m": -1,
        "railway_proximity_m": -1,
        "water_proximity_m": -1,
        "crs": "EPSG:32633",
        "crs_name": "UTM Zone 33"
      }
    },
    {
      "type": "Feature",
      "geometry": {
        "type": "LineString",
        "coordinates": [
          [
            398060.3177967006,
            4778415.613510985
          ],
          [
            398060.3177967006,
            4778286.02046789
          ]
        ]
      },
      "properties": {
        "feature_type": "segment",
        "segment_id": 257,
        "step": 257,
        "length_m": 129.59,
        "elevation_start": 112.92,
        "elevation_end": 91.57,
        "slope_percent": 17.36,
        "cost_usd": 103674.43,
        "cost_per_m": 800.0,
        "cumulative_cost": 22632232.68,
        "terrain_cost": 62204.66,
        "environmental_cost": 7.99,
        "land_cover_class": 30,
        "land_cover_name": "Grassland",
        "geohazard_risk": 0.0,
        "soil_capacity": 0.0,
        "population_density": 0.0,
        "road_proximity_m": -1,
        "railway_proximity_m": -1,
        "water_proximity_m": -1,
        "crs": "EPSG:32633",
        "crs_name": "UTM Zone 33"
      }
    },
    {
      "type": "Feature",
      "geometry": {
        "type": "LineString",
        "coordinates": [
          [
            398060.3177967006,
            4778286.02046789
          ],
          [
            398189.9256537354,
            4778156.427424796
          ]
        ]
      },
      "properties": {
        "feature_type": "segment",
        "segment_id": 258,
        "step": 258,
        "length_m": 183.28,
        "elevation_start": 91.57,
        "elevation_end": 68.15,
        "slope_percent": 16.36,
        "cost_usd": 183282.71,
        "cost_per_m": 1000.0,
        "cumulative_cost": 22815515.39,
        "terrain_cost": 109969.63,
        "environmental_cost": 1661.48,
        "land_cover_class": 40,
        "land_cover_name": "Cropland",
        "geohazard_risk": 0.0,
        "soil_capacity": 0.0,
        "population_density": 0.0,
        "road_proximity_m": -1,
        "railway_proximity_m": -1,
        "water_proximity_m": -1,
        "crs": "EPSG:32633",
        "crs_name": "UTM Zone 33"
      }
    },
    {
      "type": "Feature",
      "geometry": {
        "type": "LineString",
        "coordinates": [
          [
            398189.9256537354,
            4778156.427424796
          ],
          [
            398319.53351077024,
            4778026.834381701
          ]
        ]
      },
      "properties": {
        "feature_type": "segment",
        "segment_id": 259,
        "step": 259,
        "length_m": 183.28,
        "elevation_start": 68.15,
        "elevation_end": 52.6,
        "slope_percent": 10.45,
        "cost_usd": 139294.86,
        "cost_per_m": 760.0,
        "cumulative_cost": 22954810.26,
        "terrain_cost": 83576.92,
        "environmental_cost": 1662.85,
        "land_cover_class": 40,
        "land_cover_name": "Cropland",
        "geohazard_risk": 0.0,
        "soil_capacity": 0.0,
        "population_density": 0.0,
        "road_proximity_m": -1,
        "railway_proximity_m": -1,
        "water_proximity_m": -1,
        "crs": "EPSG:32633",
        "crs_name": "UTM Zone 33"
      }
    },
    {
      "type": "Feature",
      "geometry": {
        "type": "LineString",
        "coordinates": [
          [
            398319.53351077024,
            4778026.834381701
          ],
          [
            398449.14136780513,
            4777897.241338607
          ]
        ]
      },
      "properties": {
        "feature_type": "segment",
        "segment_id": 260,
        "step": 260,
        "length_m": 183.28,
        "elevation_start": 52.6,
        "elevation_end": 55.5,
        "slope_percent": 12.84,
        "cost_usd": 102638.32,
        "cost_per_m": 560.0,
        "cumulative_cost": 23057448.58,
        "terrain_cost": 61582.99,
        "environmental_cost": 29.12,
        "land_cover_class": 30,
        "land_cover_name": "Grassland",
        "geohazard_risk": 0.0,
        "soil_capacity": 386.0,
        "population_density": 0.004,
        "road_proximity_m": 120.3,
        "railway_proximity_m": 3289.3,
        "water_proximity_m": 645.0,
        "crs": "EPSG:32633",
        "crs_name": "UTM Zone 33"
      }
    },
    {
      "type": "Feature",
      "geometry": {
        "type": "LineString",
        "coordinates": [
          [
            398449.14136780513,
            4777897.241338607
          ],
          [
            398449.14136780513,
            4777767.648295513
          ]
        ]
      },
      "properties": {
        "feature_type": "segment",
        "segment_id": 261,
        "step": 261,
        "length_m": 129.59,
        "elevation_start": 55.5,
        "elevation_end": 40.5,
        "slope_percent": 8.71,
        "cost_usd": 59612.8,
        "cost_per_m": 460.0,
        "cumulative_cost": 23117061.38,
        "terrain_cost": 35767.68,
        "environmental_cost": 277.71,
        "land_cover_class": 30,
        "land_cover_name": "Grassland",
        "geohazard_risk": 0.0,
        "soil_capacity": 0.0,
        "population_density": 0.0,
        "road_proximity_m": -1,
        "railway_proximity_m": -1,
        "water_proximity_m": -1,
        "crs": "EPSG:32633",
        "crs_name": "UTM Zone 33"
      }
    },
    {
      "type": "Feature",
      "geometry": {
        "type": "LineString",
        "coordinates": [
          [
            398449.14136780513,
            4777767.648295513
          ],
          [
            398449.14136780513,
            4777638.055252419
          ]
        ]
      },
      "properties": {
        "feature_type": "segment",
        "segment_id": 262,
        "step": 262,
        "length_m": 129.59,
        "elevation_start": 40.5,
        "elevation_end": 33.89,
        "slope_percent": 5.54,
        "cost_usd": 59612.8,
        "cost_per_m": 460.0,
        "cumulative_cost": 23176674.18,
        "terrain_cost": 35767.68,
        "environmental_cost": 460.48,
        "land_cover_class": 30,
        "land_cover_name": "Grassland",
        "geohazard_risk": 0.0,
        "soil_capacity": 0.0,
        "population_density": 0.0,
        "road_proximity_m": -1,
        "railway_proximity_m": -1,
        "water_proximity_m": -1,
        "crs": "EPSG:32633",
        "crs_name": "UTM Zone 33"
      }
    },
    {
      "type": "Feature",
      "geometry": {
        "type": "LineString",
        "coordinates": [
          [
            398449.14136780513,
            4777638.055252419
          ],
          [
            398578.74922483996,
            4777508.462209324
          ]
        ]
      },
      "properties": {
        "feature_type": "segment",
        "segment_id": 263,
        "step": 263,
        "length_m": 183.28,
        "elevation_start": 33.89,
        "elevation_end": 28.92,
        "slope_percent": 3.64,
        "cost_usd": 73313.09,
        "cost_per_m": 400.0,
        "cumulative_cost": 23249987.26,
        "terrain_cost": 43987.85,
        "environmental_cost": 651.35,
        "land_cover_class": 30,
        "land_cover_name": "Grassland",
        "geohazard_risk": 0.0,
        "soil_capacity": 0.0,
        "population_density": 0.0,
        "road_proximity_m": -1,
        "railway_proximity_m": -1,
        "water_proximity_m": -1,
        "crs": "EPSG:32633",
        "crs_name": "UTM Zone 33"
      }
    },
    {
      "type": "Feature",
      "geometry": {
        "type": "LineString",
        "coordinates": [
          [
            398578.74922483996,
            4777508.462209324
          ],
          [
            398578.74922483996,
            4777378.86916623
          ]
        ]
      },
      "properties": {
        "feature_type": "segment",
        "segment_id": 264,
        "step": 264,
        "length_m": 129.59,
        "elevation_start": 28.92,
        "elevation_end": 25.76,
        "slope_percent": 3.21,
        "cost_usd": 77755.83,
        "cost_per_m": 600.0,
        "cumulative_cost": 23327743.09,
        "terrain_cost": 46653.5,
        "environmental_cost": 1286.33,
        "land_cover_class": 40,
        "land_cover_name": "Cropland",
        "geohazard_risk": 0.0,
        "soil_capacity": 0.0,
        "population_density": 0.0,
        "road_proximity_m": -1,
        "railway_proximity_m": -1,
        "water_proximity_m": -1,
        "crs": "EPSG:32633",
        "crs_name": "UTM Zone 33"
      }
    },
    {
      "type": "Feature",
      "geometry": {
        "type": "LineString",
        "coordinates": [
          [
            398578.74922483996,
            4777378.86916623
          ],
          [
            398578.74922483996,
            4777249.276123135
          ]
        ]
      },
      "properties": {
        "feature_type": "segment",
        "segment_id": 265,
        "step": 265,
        "length_m": 129.59,
        "elevation_start": 25.76,
        "elevation_end": 20.27,
        "slope_percent": 1.63,
        "cost_usd": 51837.22,
        "cost_per_m": 400.0,
        "cumulative_cost": 23379580.3,
        "terrain_cost": 31102.33,
        "environmental_cost": 163.11,
        "land_cover_class": 30,
        "land_cover_name": "Grassland",
        "geohazard_risk": 0.0,
        "soil_capacity": 375.0,
        "population_density": 0.0315,
        "road_proximity_m": 0.2,
        "railway_proximity_m": 3727.8,
        "water_proximity_m": 5.2,
        "crs": "EPSG:32633",
        "crs_name": "UTM Zone 33"
      }
    },
    {
      "type": "Feature",
      "geometry": {
        "type": "LineString",
        "coordinates": [
          [
            398578.74922483996,
            4777249.276123135
          ],
          [
            398708.35708187486,
            4777119.683080041
          ]
        ]
      },
      "properties": {
        "feature_type": "segment",
        "segment_id": 266,
        "step": 266,
        "length_m": 183.28,
        "elevation_start": 20.27,
        "elevation_end": 20.74,
        "slope_percent": 2.42,
        "cost_usd": 73313.09,
        "cost_per_m": 400.0,
        "cumulative_cost": 23452893.39,
        "terrain_cost": 43987.85,
        "environmental_cost": 72.49,
        "land_cover_class": 30,
        "land_cover_name": "Grassland",
        "geohazard_risk": 0.0,
        "soil_capacity": 0.0,
        "population_density": 0.0,
        "road_proximity_m": -1,
        "railway_proximity_m": -1,
        "water_proximity_m": -1,
        "crs": "EPSG:32633",
        "crs_name": "UTM Zone 33"
      }
    },
    {
      "type": "Feature",
      "geometry": {
        "type": "LineString",
        "coordinates": [
          [
            398708.35708187486,
            4777119.683080041
          ],
          [
            398837.9649389097,
            4777119.683080041
          ]
        ]
      },
      "properties": {
        "feature_type": "segment",
        "segment_id": 267,
        "step": 267,
        "length_m": 129.61,
        "elevation_start": 20.74,
        "elevation_end": 19.61,
        "slope_percent": 5.99,
        "cost_usd": 64803.93,
        "cost_per_m": 500.0,
        "cumulative_cost": 23517697.32,
        "terrain_cost": 38882.36,
        "environmental_cost": 55.02,
        "land_cover_class": 20,
        "land_cover_name": "Shrubland",
        "geohazard_risk": 0.0,
        "soil_capacity": 0.0,
        "population_density": 0.0,
        "road_proximity_m": -1,
        "railway_proximity_m": -1,
        "water_proximity_m": -1,
        "crs": "EPSG:32633",
        "crs_name": "UTM Zone 33"
      }
    },
    {
      "type": "Feature",
      "geometry": {
        "type": "LineString",
        "coordinates": [
          [
            398837.9649389097,
            4777119.683080041
          ],
          [
            398967.5727959445,
            4777119.683080041
          ]
        ]
      },
      "properties": {
        "feature_type": "segment",
        "segment_id": 268,
        "step": 268,
        "length_m": 129.61,
        "elevation_start": 19.61,
        "elevation_end": 26.32,
        "slope_percent": 14.55,
        "cost_usd": 72580.4,
        "cost_per_m": 560.0,
        "cumulative_cost": 23590277.72,
        "terrain_cost": 43548.24,
        "environmental_cost": 55.89,
        "land_cover_class": 30,
        "land_cover_name": "Grassland",
        "geohazard_risk": 0.0,
        "soil_capacity": 0.0,
        "population_density": 0.0,
        "road_proximity_m": -1,
        "railway_proximity_m": -1,
        "water_proximity_m": -1,
        "crs": "EPSG:32633",
        "crs_name": "UTM Zone 33"
      }
    },
    {
      "type": "Feature",
      "geometry": {
        "type": "LineString",
        "coordinates": [
          [
            398967.5727959445,
            4777119.683080041
          ],
          [
            399097.1806529794,
            4776990.090036946
          ]
        ]
      },
      "properties": {
        "feature_type": "segment",
        "segment_id": 269,
        "step": 269,
        "length_m": 183.28,
        "elevation_start": 26.32,
        "elevation_end": 71.53,
        "slope_percent": 17.4,
        "cost_usd": 146626.17,
        "cost_per_m": 800.0,
        "cumulative_cost": 23736903.89,
        "terrain_cost": 87975.7,
        "environmental_cost": 219.85,
        "land_cover_class": 30,
        "land_cover_name": "Grassland",
        "geohazard_risk": 0.0,
        "soil_capacity": 0.0,
        "population_density": 0.0,
        "road_proximity_m": -1,
        "railway_proximity_m": -1,
        "water_proximity_m": -1,
        "crs": "EPSG:32633",
        "crs_name": "UTM Zone 33"
      }
    },
    {
      "type": "Feature",
      "geometry": {
        "type": "LineString",
        "coordinates": [
          [
            399097.1806529794,
            4776990.090036946
          ],
          [
            399226.78851001424,
            4776860.496993852
          ]
        ]
      },
      "properties": {
        "feature_type": "segment",
        "segment_id": 270,
        "step": 270,
        "length_m": 183.28,
        "elevation_start": 71.53,
        "elevation_end": 99.75,
        "slope_percent": 17.21,
        "cost_usd": 153957.48,
        "cost_per_m": 840.0,
        "cumulative_cost": 23890861.37,
        "terrain_cost": 92374.49,
        "environmental_cost": 257.13,
        "land_cover_class": 20,
        "land_cover_name": "Shrubland",
        "geohazard_risk": 0.0,
        "soil_capacity": 381.0,
        "population_density": 0.0351,
        "road_proximity_m": 78.6,
        "railway_proximity_m": 4357.4,
        "water_proximity_m": 382.3,
        "crs": "EPSG:32633",
        "crs_name": "UTM Zone 33"
      }
    },
    {
      "type": "Feature",
      "geometry": {
        "type": "LineString",
        "coordinates": [
          [
            399226.78851001424,
            4776860.496993852
          ],
          [
            399226.78851001424,
            4776730.903950757
          ]
        ]
      },
      "properties": {
        "feature_type": "segment",
        "segment_id": 271,
        "step": 271,
        "length_m": 129.59,
        "elevation_start": 99.75,
        "elevation_end": 90.61,
        "slope_percent": 16.81,
        "cost_usd": 103674.43,
        "cost_per_m": 800.0,
        "cumulative_cost": 23994535.8,
        "terrain_cost": 62204.66,
        "environmental_cost": 21.43,
        "land_cover_class": 30,
        "land_cover_name": "Grassland",
        "geohazard_risk": 0.0,
        "soil_capacity": 0.0,
        "population_density": 0.0,
        "road_proximity_m": -1,
        "railway_proximity_m": -1,
        "water_proximity_m": -1,
        "crs": "EPSG:32633",
        "crs_name": "UTM Zone 33"
      }
    },
    {
      "type": "Feature",
      "geometry": {
        "type": "LineString",
        "coordinates": [
          [
            399226.78851001424,
            4776730.903950757
          ],
          [
            399226.78851001424,
            4776601.310907664
          ]
        ]
      },
      "properties": {
        "feature_type": "segment",
        "segment_id": 272,
        "step": 272,
        "length_m": 129.59,
        "elevation_start": 90.61,
        "elevation_end": 122.39,
        "slope_percent": 17.59,
        "cost_usd": 129593.04,
        "cost_per_m": 1000.0,
        "cumulative_cost": 24124128.85,
        "terrain_cost": 77755.83,
        "environmental_cost": 1186.45,
        "land_cover_class": 40,
        "land_cover_name": "Cropland",
        "geohazard_risk": 0.0,
        "soil_capacity": 0.0,
        "population_density": 0.0,
        "road_proximity_m": -1,
        "railway_proximity_m": -1,
        "water_proximity_m": -1,
        "crs": "EPSG:32633",
        "crs_name": "UTM Zone 33"
      }
    },
    {
      "type": "Feature",
      "geometry": {
        "type": "LineString",
        "coordinates": [
          [
            399226.78851001424,
            4776601.310907664
          ],
          [
            399356.3963670491,
            4776471.717864569
          ]
        ]
      },
      "properties": {
        "feature_type": "segment",
        "segment_id": 273,
        "step": 273,
        "length_m": 183.28,
        "elevation_start": 122.39,
        "elevation_end": 134.88,
        "slope_percent": 9.34,
        "cost_usd": 84310.05,
        "cost_per_m": 460.0,
        "cumulative_cost": 24208438.9,
        "terrain_cost": 50586.03,
        "environmental_cost": 187.32,
        "land_cover_class": 30,
        "land_cover_name": "Grassland",
        "geohazard_risk": 0.0,
        "soil_capacity": 0.0,
        "population_density": 0.0,
        "road_proximity_m": -1,
        "railway_proximity_m": -1,
        "water_proximity_m": -1,
        "crs": "EPSG:32633",
        "crs_name": "UTM Zone 33"
      }
    },
    {
      "type": "Feature",
      "geometry": {
        "type": "LineString",
        "coordinates": [
          [
            399356.3963670491,
            4776471.717864569
          ],
          [
            399486.00422408397,
            4776342.124821475
          ]
        ]
      },
      "properties": {
        "feature_type": "segment",
        "segment_id": 274,
        "step": 274,
        "length_m": 183.28,
        "elevation_start": 134.88,
        "elevation_end": 93.32,
        "slope_percent": 23.09,
        "cost_usd": 146626.17,
        "cost_per_m": 800.0,
        "cumulative_cost": 24355065.07,
        "terrain_cost": 87975.7,
        "environmental_cost": 78.42,
        "land_cover_class": 30,
        "land_cover_name": "Grassland",
        "geohazard_risk": 0.0,
        "soil_capacity": 0.0,
        "population_density": 0.0,
        "road_proximity_m": -1,
        "railway_proximity_m": -1,
        "water_proximity_m": -1,
        "crs": "EPSG:32633",
        "crs_name": "UTM Zone 33"
      }
    },
    {
      "type": "Feature",
      "geometry": {
        "type": "LineString",
        "coordinates": [
          [
            399486.00422408397,
            4776342.124821475
          ],
          [
            399615.6120811188,
            4776212.53177838
          ]
        ]
      },
      "properties": {
        "feature_type": "segment",
        "segment_id": 275,
        "step": 275,
        "length_m": 183.28,
        "elevation_start": 93.32,
        "elevation_end": 54.82,
        "slope_percent": 6.65,
        "cost_usd": 84310.05,
        "cost_per_m": 460.0,
        "cumulative_cost": 24439375.12,
        "terrain_cost": 50586.03,
        "environmental_cost": 16.86,
        "land_cover_class": 30,
        "land_cover_name": "Grassland",
        "geohazard_risk": 0.0,
        "soil_capacity": 353.0,
        "population_density": 0.0023,
        "road_proximity_m": 242.4,
        "railway_proximity_m": 4273.6,
        "water_proximity_m": 1131.9,
        "crs": "EPSG:32633",
        "crs_name": "UTM Zone 33"
      }
    },
    {
      "type": "Feature",
      "geometry": {
        "type": "LineString",
        "coordinates": [
          [
            399615.6120811188,
            4776212.53177838
          ],
          [
            399615.6120811188,
            4776082.938735286
          ]
        ]
      },
      "properties": {
        "feature_type": "segment",
        "segment_id": 276,
        "step": 276,
        "length_m": 129.59,
        "elevation_start": 54.82,
        "elevation_end": 63.18,
        "slope_percent": 8.88,
        "cost_usd": 72572.1,
        "cost_per_m": 560.0,
        "cumulative_cost": 24511947.22,
        "terrain_cost": 43543.26,
        "environmental_cost": 1564.14,
        "land_cover_class": 10,
        "land_cover_name": "Tree cover",
        "geohazard_risk": 0.0,
        "soil_capacity": 0.0,
        "population_density": 0.0,
        "road_proximity_m": -1,
        "railway_proximity_m": -1,
        "water_proximity_m": -1,
        "crs": "EPSG:32633",
        "crs_name": "UTM Zone 33"
      }
    },
    {
      "type": "Feature",
      "geometry": {
        "type": "LineString",
        "coordinates": [
          [
            399615.6120811188,
            4776082.938735286
          ],
          [
            399745.2199381537,
            4775953.345692191
          ]
        ]
      },
      "properties": {
        "feature_type": "segment",
        "segment_id": 277,
        "step": 277,
        "length_m": 183.28,
        "elevation_start": 63.18,
        "elevation_end": 100.34,
        "slope_percent": 20.61,
        "cost_usd": 153957.48,
        "cost_per_m": 840.0,
        "cumulative_cost": 24665904.7,
        "terrain_cost": 92374.49,
        "environmental_cost": 13.3,
        "land_cover_class": 20,
        "land_cover_name": "Shrubland",
        "geohazard_risk": 0.0,
        "soil_capacity": 0.0,
        "population_density": 0.0,
        "road_proximity_m": -1,
        "railway_proximity_m": -1,
        "water_proximity_m": -1,
        "crs": "EPSG:32633",
        "crs_name": "UTM Zone 33"
      }
    },
    {
      "type": "Feature",
      "geometry": {
        "type": "LineString",
        "coordinates": [
          [
            399745.2199381537,
            4775953.345692191
          ],
          [
            399874.8277951885,
            4775823.752649097
          ]
        ]
      },
      "properties": {
        "feature_type": "segment",
        "segment_id": 278,
        "step": 278,
        "length_m": 183.28,
        "elevation_start": 100.34,
        "elevation_end": 137.05,
        "slope_percent": 17.17,
        "cost_usd": 146626.17,
        "cost_per_m": 800.0,
        "cumulative_cost": 24812530.87,
        "terrain_cost": 87975.7,
        "environmental_cost": 13.57,
        "land_cover_class": 30,
        "land_cover_name": "Grassland",
        "geohazard_risk": 0.0,
        "soil_capacity": 0.0,
        "population_density": 0.0,
        "road_proximity_m": -1,
        "railway_proximity_m": -1,
        "water_proximity_m": -1,
        "crs": "EPSG:32633",
        "crs_name": "UTM Zone 33"
      }
    },
    {
      "type": "Feature",
      "geometry": {
        "type": "LineString",
        "coordinates": [
          [
            399874.8277951885,
            4775823.752649097
          ],
          [
            400004.43565222336,
            4775694.159606002
          ]
        ]
      },
      "properties": {
        "feature_type": "segment",
        "segment_id": 279,
        "step": 279,
        "length_m": 183.28,
        "elevation_start": 137.05,
        "elevation_end": 156.51,
        "slope_percent": 19.92,
        "cost_usd": 146626.17,
        "cost_per_m": 800.0,
        "cumulative_cost": 24959157.04,
        "terrain_cost": 87975.7,
        "environmental_cost": 6.79,
        "land_cover_class": 30,
        "land_cover_name": "Grassland",
        "geohazard_risk": 0.0,
        "soil_capacity": 0.0,
        "population_density": 0.0,
        "road_proximity_m": -1,
        "railway_proximity_m": -1,
        "water_proximity_m": -1,
        "crs": "EPSG:32633",
        "crs_name": "UTM Zone 33"
      }
    },
    {
      "type": "Feature",
      "geometry": {
        "type": "LineString",
        "coordinates": [
          [
            400004.43565222336,
            4775694.159606002
          ],
          [
            400004.43565222336,
            4775564.566562908
          ]
        ]
      },
      "properties": {
        "feature_type": "segment",
        "segment_id": 280,
        "step": 280,
        "length_m": 129.59,
        "elevation_start": 156.51,
        "elevation_end": 189.0,
        "slope_percent": 18.81,
        "cost_usd": 129593.04,
        "cost_per_m": 1000.0,
        "cumulative_cost": 25088750.09,
        "terrain_cost": 77755.83,
        "environmental_cost": 1171.13,
        "land_cover_class": 40,
        "land_cover_name": "Cropland",
        "geohazard_risk": 0.0,
        "soil_capacity": 346.0,
        "population_density": 0.0009,
        "road_proximity_m": 96.5,
        "railway_proximity_m": 4191.3,
        "water_proximity_m": 1885.5,
        "crs": "EPSG:32633",
        "crs_name": "UTM Zone 33"
      }
    },
    {
      "type": "Feature",
      "geometry": {
        "type": "LineString",
        "coordinates": [
          [
            400004.43565222336,
            4775564.566562908
          ],
          [
            400004.43565222336,
            4775434.973519813
          ]
        ]
      },
      "properties": {
        "feature_type": "segment",
        "segment_id": 281,
        "step": 281,
        "length_m": 129.59,
        "elevation_start": 189.0,
        "elevation_end": 208.42,
        "slope_percent": 7.77,
        "cost_usd": 72572.1,
        "cost_per_m": 560.0,
        "cumulative_cost": 25161322.19,
        "terrain_cost": 43543.26,
        "environmental_cost": 1561.11,
        "land_cover_class": 10,
        "land_cover_name": "Tree cover",
        "geohazard_risk": 0.0,
        "soil_capacity": 0.0,
        "population_density": 0.0,
        "road_proximity_m": -1,
        "railway_proximity_m": -1,
        "water_proximity_m": -1,
        "crs": "EPSG:32633",
        "crs_name": "UTM Zone 33"
      }
    },
    {
      "type": "Feature",
      "geometry": {
        "type": "LineString",
        "coordinates": [
          [
            400004.43565222336,
            4775434.973519813
          ],
          [
            400004.43565222336,
            4775305.38047672
          ]
        ]
      },
      "properties": {
        "feature_type": "segment",
        "segment_id": 282,
        "step": 282,
        "length_m": 129.59,
        "elevation_start": 208.42,
        "elevation_end": 190.08,
        "slope_percent": 22.23,
        "cost_usd": 108858.16,
        "cost_per_m": 840.0,
        "cumulative_cost": 25270180.35,
        "terrain_cost": 65314.89,
        "environmental_cost": 4.77,
        "land_cover_class": 20,
        "land_cover_name": "Shrubland",
        "geohazard_risk": 0.0,
        "soil_capacity": 0.0,
        "population_density": 0.0,
        "road_proximity_m": -1,
        "railway_proximity_m": -1,
        "water_proximity_m": -1,
        "crs": "EPSG:32633",
        "crs_name": "UTM Zone 33"
      }
    },
    {
      "type": "Feature",
      "geometry": {
        "type": "LineString",
        "coordinates": [
          [
            400004.43565222336,
            4775305.38047672
          ],
          [
            400004.43565222336,
            4775175.787433625
          ]
        ]
      },
      "properties": {
        "feature_type": "segment",
        "segment_id": 283,
        "step": 283,
        "length_m": 129.59,
        "elevation_start": 190.08,
        "elevation_end": 166.14,
        "slope_percent": 23.12,
        "cost_usd": 108858.16,
        "cost_per_m": 840.0,
        "cumulative_cost": 25379038.5,
        "terrain_cost": 65314.89,
        "environmental_cost": 4.29,
        "land_cover_class": 20,
        "land_cover_name": "Shrubland",
        "geohazard_risk": 0.0,
        "soil_capacity": 0.0,
        "population_density": 0.0,
        "road_proximity_m": -1,
        "railway_proximity_m": -1,
        "water_proximity_m": -1,
        "crs": "EPSG:32633",
        "crs_name": "UTM Zone 33"
      }
    },
    {
      "type": "Feature",
      "geometry": {
        "type": "LineString",
        "coordinates": [
          [
            400004.43565222336,
            4775175.787433625
          ],
          [
            400004.43565222336,
            4775046.194390531
          ]
        ]
      },
      "properties": {
        "feature_type": "segment",
        "segment_id": 284,
        "step": 284,
        "length_m": 129.59,
        "elevation_start": 166.14,
        "elevation_end": 146.11,
        "slope_percent": 8.96,
        "cost_usd": 59612.8,
        "cost_per_m": 460.0,
        "cumulative_cost": 25438651.3,
        "terrain_cost": 35767.68,
        "environmental_cost": 6.38,
        "land_cover_class": 30,
        "land_cover_name": "Grassland",
        "geohazard_risk": 0.0,
        "soil_capacity": 0.0,
        "population_density": 0.0,
        "road_proximity_m": -1,
        "railway_proximity_m": -1,
        "water_proximity_m": -1,
        "crs": "EPSG:32633",
        "crs_name": "UTM Zone 33"
      }
    },
    {
      "type": "Feature",
      "geometry": {
        "type": "LineString",
        "coordinates": [
          [
            400004.43565222336,
            4775046.194390531
          ],
          [
            400004.43565222336,
            4774916.601347436
          ]
        ]
      },
      "properties": {
        "feature_type": "segment",
        "segment_id": 285,
        "step": 285,
        "length_m": 129.59,
        "elevation_start": 146.11,
        "elevation_end": 154.42,
        "slope_percent": 8.14,
        "cost_usd": 64796.52,
        "cost_per_m": 500.0,
        "cumulative_cost": 25503447.83,
        "terrain_cost": 38877.91,
        "environmental_cost": 43.28,
        "land_cover_class": 20,
        "land_cover_name": "Shrubland",
        "geohazard_risk": 0.0,
        "soil_capacity": 349.0,
        "population_density": 0.0083,
        "road_proximity_m": 6.0,
        "railway_proximity_m": 4461.1,
        "water_proximity_m": 2448.1,
        "crs": "EPSG:32633",
        "crs_name": "UTM Zone 33"
      }
    },
    {
      "type": "Feature",
      "geometry": {
        "type": "LineString",
        "coordinates": [
          [
            400004.43565222336,
            4774916.601347436
          ],
          [
            400004.43565222336,
            4774787.008304342
          ]
        ]
      },
      "properties": {
        "feature_type": "segment",
        "segment_id": 286,
        "step": 286,
        "length_m": 129.59,
        "elevation_start": 154.42,
        "elevation_end": 169.66,
        "slope_percent": 7.79,
        "cost_usd": 85531.41,
        "cost_per_m": 660.0,
        "cumulative_cost": 25588979.23,
        "terrain_cost": 51318.85,
        "environmental_cost": 1400.29,
        "land_cover_class": 40,
        "land_cover_name": "Cropland",
        "geohazard_risk": 0.0,
        "soil_capacity": 0.0,
        "population_density": 0.0,
        "road_proximity_m": -1,
        "railway_proximity_m": -1,
        "water_proximity_m": -1,
        "crs": "EPSG:32633",
        "crs_name": "UTM Zone 33"
      }
    },
    {
      "type": "Feature",
      "geometry": {
        "type": "LineString",
        "coordinates": [
          [
            400004.43565222336,
            4774787.008304342
          ],
          [
            400004.43565222336,
            4774657.415261247
          ]
        ]
      },
      "properties": {
        "feature_type": "segment",
        "segment_id": 287,
        "step": 287,
        "length_m": 129.59,
        "elevation_start": 169.66,
        "elevation_end": 176.3,
        "slope_percent": 5.53,
        "cost_usd": 59612.8,
        "cost_per_m": 460.0,
        "cumulative_cost": 25648592.03,
        "terrain_cost": 35767.68,
        "environmental_cost": 245.1,
        "land_cover_class": 30,
        "land_cover_name": "Grassland",
        "geohazard_risk": 0.0,
        "soil_capacity": 0.0,
        "population_density": 0.0,
        "road_proximity_m": -1,
        "railway_proximity_m": -1,
        "water_proximity_m": -1,
        "crs": "EPSG:32633",
        "crs_name": "UTM Zone 33"
      }
    },
    {
      "type": "Feature",
      "geometry": {
        "type": "LineString",
        "coordinates": [
          [
            400004.43565222336,
            4774657.415261247
          ],
          [
            400134.04350925825,
            4774527.822218153
          ]
        ]
      },
      "properties": {
        "feature_type": "segment",
        "segment_id": 288,
        "step": 288,
        "length_m": 183.28,
        "elevation_start": 176.3,
        "elevation_end": 151.25,
        "slope_percent": 15.26,
        "cost_usd": 146626.17,
        "cost_per_m": 800.0,
        "cumulative_cost": 25795218.21,
        "terrain_cost": 87975.7,
        "environmental_cost": 28.27,
        "land_cover_class": 30,
        "land_cover_name": "Grassland",
        "geohazard_risk": 0.0,
        "soil_capacity": 0.0,
        "population_density": 0.0,
        "road_proximity_m": -1,
        "railway_proximity_m": -1,
        "water_proximity_m": -1,
        "crs": "EPSG:32633",
        "crs_name": "UTM Zone 33"
      }
    },
    {
      "type": "Feature",
      "geometry": {
        "type": "LineString",
        "coordinates": [
          [
            400134.04350925825,
            4774527.822218153
          ],
          [
            400263.6513662931,
            4774527.822218153
          ]
        ]
      },
      "properties": {
        "feature_type": "segment",
        "segment_id": 289,
        "step": 289,
        "length_m": 129.61,
        "elevation_start": 151.25,
        "elevation_end": 129.85,
        "slope_percent": 10.17,
        "cost_usd": 72580.4,
        "cost_per_m": 560.0,
        "cumulative_cost": 25867798.6,
        "terrain_cost": 43548.24,
        "environmental_cost": 10.81,
        "land_cover_class": 30,
        "land_cover_name": "Grassland",
        "geohazard_risk": 0.0,
        "soil_capacity": 0.0,
        "population_density": 0.0,
        "road_proximity_m": -1,
        "railway_proximity_m": -1,
        "water_proximity_m": -1,
        "crs": "EPSG:32633",
        "crs_name": "UTM Zone 33"
      }
    },
    {
      "type": "Feature",
      "geometry": {
        "type": "LineString",
        "coordinates": [
          [
            400263.6513662931,
            4774527.822218153
          ],
          [
            400393.2592233279,
            4774398.229175058
          ]
        ]
      },
      "properties": {
        "feature_type": "segment",
        "segment_id": 290,
        "step": 290,
        "length_m": 183.28,
        "elevation_start": 129.85,
        "elevation_end": 142.51,
        "slope_percent": 21.26,
        "cost_usd": 146626.17,
        "cost_per_m": 800.0,
        "cumulative_cost": 26014424.78,
        "terrain_cost": 87975.7,
        "environmental_cost": 101.83,
        "land_cover_class": 30,
        "land_cover_name": "Grassland",
        "geohazard_risk": 0.0,
        "soil_capacity": 347.0,
        "population_density": 0.0139,
        "road_proximity_m": 309.7,
        "railway_proximity_m": 4333.7,
        "water_proximity_m": 3086.4,
        "crs": "EPSG:32633",
        "crs_name": "UTM Zone 33"
      }
    },
    {
      "type": "Feature",
      "geometry": {
        "type": "LineString",
        "coordinates": [
          [
            400393.2592233279,
            4774398.229175058
          ],
          [
            400522.8670803628,
            4774398.229175058
          ]
        ]
      },
      "properties": {
        "feature_type": "segment",
        "segment_id": 291,
        "step": 291,
        "length_m": 129.61,
        "elevation_start": 142.51,
        "elevation_end": 157.7,
        "slope_percent": 27.2,
        "cost_usd": 155529.43,
        "cost_per_m": 1200.0,
        "cumulative_cost": 26169954.21,
        "terrain_cost": 93317.66,
        "environmental_cost": 50.11,
        "land_cover_class": 30,
        "land_cover_name": "Grassland",
        "geohazard_risk": 0.0,
        "soil_capacity": 0.0,
        "population_density": 0.0,
        "road_proximity_m": -1,
        "railway_proximity_m": -1,
        "water_proximity_m": -1,
        "crs": "EPSG:32633",
        "crs_name": "UTM Zone 33"
      }
    },
    {
      "type": "Feature",
      "geometry": {
        "type": "LineString",
        "coordinates": [
          [
            400522.8670803628,
            4774398.229175058
          ],
          [
            400652.47493739764,
            4774268.636131964
          ]
        ]
      },
      "properties": {
        "feature_type": "segment",
        "segment_id": 292,
        "step": 292,
        "length_m": 183.28,
        "elevation_start": 157.7,
        "elevation_end": 212.38,
        "slope_percent": 14.04,
        "cost_usd": 102638.32,
        "cost_per_m": 560.0,
        "cumulative_cost": 26272592.53,
        "terrain_cost": 61582.99,
        "environmental_cost": 322.42,
        "land_cover_class": 30,
        "land_cover_name": "Grassland",
        "geohazard_risk": 0.0,
        "soil_capacity": 0.0,
        "population_density": 0.0,
        "road_proximity_m": -1,
        "railway_proximity_m": -1,
        "water_proximity_m": -1,
        "crs": "EPSG:32633",
        "crs_name": "UTM Zone 33"
      }
    },
    {
      "type": "Feature",
      "geometry": {
        "type": "LineString",
        "coordinates": [
          [
            400652.47493739764,
            4774268.636131964
          ],
          [
            400782.0827944325,
            4774268.636131964
          ]
        ]
      },
      "properties": {
        "feature_type": "segment",
        "segment_id": 293,
        "step": 293,
        "length_m": 129.61,
        "elevation_start": 212.38,
        "elevation_end": 206.49,
        "slope_percent": 4.56,
        "cost_usd": 51843.14,
        "cost_per_m": 400.0,
        "cumulative_cost": 26324435.67,
        "terrain_cost": 31105.89,
        "environmental_cost": 330.21,
        "land_cover_class": 30,
        "land_cover_name": "Grassland",
        "geohazard_risk": 0.0,
        "soil_capacity": 0.0,
        "population_density": 0.0,
        "road_proximity_m": -1,
        "railway_proximity_m": -1,
        "water_proximity_m": -1,
        "crs": "EPSG:32633",
        "crs_name": "UTM Zone 33"
      }
    },
    {
      "type": "Feature",
      "geometry": {
        "type": "LineString",
        "coordinates": [
          [
            400782.0827944325,
            4774268.636131964
          ],
          [
            400911.69065146736,
            4774139.043088869
          ]
        ]
      },
      "properties": {
        "feature_type": "segment",
        "segment_id": 294,
        "step": 294,
        "length_m": 183.28,
        "elevation_start": 206.49,
        "elevation_end": 170.75,
        "slope_percent": 22.36,
        "cost_usd": 146626.17,
        "cost_per_m": 800.0,
        "cumulative_cost": 26471061.84,
        "terrain_cost": 87975.7,
        "environmental_cost": 287.99,
        "land_cover_class": 30,
        "land_cover_name": "Grassland",
        "geohazard_risk": 0.0,
        "soil_capacity": 0.0,
        "population_density": 0.0,
        "road_proximity_m": -1,
        "railway_proximity_m": -1,
        "water_proximity_m": -1,
        "crs": "EPSG:32633",
        "crs_name": "UTM Zone 33"
      }
    },
    {
      "type": "Feature",
      "geometry": {
        "type": "LineString",
        "coordinates": [
          [
            400911.69065146736,
            4774139.043088869
          ],
          [
            400911.69065146736,
            4774009.450045776
          ]
        ]
      },
      "properties": {
        "feature_type": "segment",
        "segment_id": 295,
        "step": 295,
        "length_m": 129.59,
        "elevation_start": 170.75,
        "elevation_end": 146.99,
        "slope_percent": 20.05,
        "cost_usd": 103674.43,
        "cost_per_m": 800.0,
        "cumulative_cost": 26574736.27,
        "terrain_cost": 62204.66,
        "environmental_cost": 264.12,
        "land_cover_class": 30,
        "land_cover_name": "Grassland",
        "geohazard_risk": 0.0,
        "soil_capacity": 334.0,
        "population_density": 0.051,
        "road_proximity_m": 35.0,
        "railway_proximity_m": 4083.4,
        "water_proximity_m": 3050.3,
        "crs": "EPSG:32633",
        "crs_name": "UTM Zone 33"
      }
    },
    {
      "type": "Feature",
      "geometry": {
        "type": "LineString",
        "coordinates": [
          [
            400911.69065146736,
            4774009.450045776
          ],
          [
            400911.69065146736,
            4773879.857002681
          ]
        ]
      },
      "properties": {
        "feature_type": "segment",
        "segment_id": 296,
        "step": 296,
        "length_m": 129.59,
        "elevation_start": 146.99,
        "elevation_end": 130.47,
        "slope_percent": 12.49,
        "cost_usd": 72572.1,
        "cost_per_m": 560.0,
        "cumulative_cost": 26647308.38,
        "terrain_cost": 43543.26,
        "environmental_cost": 129.04,
        "land_cover_class": 30,
        "land_cover_name": "Grassland",
        "geohazard_risk": 0.0,
        "soil_capacity": 0.0,
        "population_density": 0.0,
        "road_proximity_m": -1,
        "railway_proximity_m": -1,
        "water_proximity_m": -1,
        "crs": "EPSG:32633",
        "crs_name": "UTM Zone 33"
      }
    },
    {
      "type": "Feature",
      "geometry": {
        "type": "LineString",
        "coordinates": [
          [
            400911.69065146736,
            4773879.857002681
          ],
          [
            400911.69065146736,
            4773750.263959587
          ]
        ]
      },
      "properties": {
        "feature_type": "segment",
        "segment_id": 297,
        "step": 297,
        "length_m": 129.59,
        "elevation_start": 130.47,
        "elevation_end": 117.9,
        "slope_percent": 7.2,
        "cost_usd": 64796.52,
        "cost_per_m": 500.0,
        "cumulative_cost": 26712104.9,
        "terrain_cost": 38877.91,
        "environmental_cost": 8.02,
        "land_cover_class": 20,
        "land_cover_name": "Shrubland",
        "geohazard_risk": 0.0,
        "soil_capacity": 0.0,
        "population_density": 0.0,
        "road_proximity_m": -1,
        "railway_proximity_m": -1,
        "water_proximity_m": -1,
        "crs": "EPSG:32633",
        "crs_name": "UTM Zone 33"
      }
    },
    {
      "type": "Feature",
      "geometry": {
        "type": "LineString",
        "coordinates": [
          [
            400911.69065146736,
            4773750.263959587
          ],
          [
            401041.2985085022,
            4773620.670916492
          ]
        ]
      },
      "properties": {
        "feature_type": "segment",
        "segment_id": 298,
        "step": 298,
        "length_m": 183.28,
        "elevation_start": 117.9,
        "elevation_end": 170.56,
        "slope_percent": 16.08,
        "cost_usd": 146626.17,
        "cost_per_m": 800.0,
        "cumulative_cost": 26858731.07,
        "terrain_cost": 87975.7,
        "environmental_cost": 9.63,
        "land_cover_class": 30,
        "land_cover_name": "Grassland",
        "geohazard_risk": 0.0,
        "soil_capacity": 0.0,
        "population_density": 0.0,
        "road_proximity_m": -1,
        "railway_proximity_m": -1,
        "water_proximity_m": -1,
        "crs": "EPSG:32633",
        "crs_name": "UTM Zone 33"
      }
    },
    {
      "type": "Feature",
      "geometry": {
        "type": "LineString",
        "coordinates": [
          [
            401041.2985085022,
            4773620.670916492
          ],
          [
            400911.69065146736,
            4773491.077873398
          ]
        ]
      },
      "properties": {
        "feature_type": "segment",
        "segment_id": 299,
        "step": 299,
        "length_m": 183.28,
        "elevation_start": 170.56,
        "elevation_end": 190.69,
        "slope_percent": 9.44,
        "cost_usd": 84310.05,
        "cost_per_m": 460.0,
        "cumulative_cost": 26943041.12,
        "terrain_cost": 50586.03,
        "environmental_cost": 10.64,
        "land_cover_class": 30,
        "land_cover_name": "Grassland",
        "geohazard_risk": 0.0,
        "soil_capacity": 0.0,
        "population_density": 0.0,
        "road_proximity_m": -1,
        "railway_proximity_m": -1,
        "water_proximity_m": -1,
        "crs": "EPSG:32633",
        "crs_name": "UTM Zone 33"
      }
    },
    {
      "type": "Feature",
      "geometry": {
        "type": "LineString",
        "coordinates": [
          [
            400911.69065146736,
            4773491.077873398
          ],
          [
            400911.69065146736,
            4773361.484830303
          ]
        ]
      },
      "properties": {
        "feature_type": "segment",
        "segment_id": 300,
        "step": 300,
        "length_m": 129.59,
        "elevation_start": 190.69,
        "elevation_end": 177.01,
        "slope_percent": 14.89,
        "cost_usd": 77755.83,
        "cost_per_m": 600.0,
        "cumulative_cost": 27020796.95,
        "terrain_cost": 46653.5,
        "environmental_cost": 11.32,
        "land_cover_class": 20,
        "land_cover_name": "Shrubland",
        "geohazard_risk": 0.0,
        "soil_capacity": 340.0,
        "population_density": 0.0022,
        "road_proximity_m": 51.7,
        "railway_proximity_m": 4331.6,
        "water_proximity_m": 2497.2,
        "crs": "EPSG:32633",
        "crs_name": "UTM Zone 33"
      }
    },
    {
      "type": "Feature",
      "geometry": {
        "type": "LineString",
        "coordinates": [
          [
            400911.69065146736,
            4773361.484830303
          ],
          [
            400911.69065146736,
            4773231.891787209
          ]
        ]
      },
      "properties": {
        "feature_type": "segment",
        "segment_id": 301,
        "step": 301,
        "length_m": 129.59,
        "elevation_start": 177.01,
        "elevation_end": 145.9,
        "slope_percent": 3.89,
        "cost_usd": 51837.22,
        "cost_per_m": 400.0,
        "cumulative_cost": 27072634.16,
        "terrain_cost": 31102.33,
        "environmental_cost": 13.03,
        "land_cover_class": 30,
        "land_cover_name": "Grassland",
        "geohazard_risk": 0.0,
        "soil_capacity": 0.0,
        "population_density": 0.0,
        "road_proximity_m": -1,
        "railway_proximity_m": -1,
        "water_proximity_m": -1,
        "crs": "EPSG:32633",
        "crs_name": "UTM Zone 33"
      }
    },
    {
      "type": "Feature",
      "geometry": {
        "type": "LineString",
        "coordinates": [
          [
            400911.69065146736,
            4773231.891787209
          ],
          [
            400911.69065146736,
            4773102.298744114
          ]
        ]
      },
      "properties": {
        "feature_type": "segment",
        "segment_id": 302,
        "step": 302,
        "length_m": 129.59,
        "elevation_start": 145.9,
        "elevation_end": 178.91,
        "slope_percent": 28.45,
        "cost_usd": 155511.65,
        "cost_per_m": 1200.0,
        "cumulative_cost": 27228145.81,
        "terrain_cost": 93306.99,
        "environmental_cost": 25.16,
        "land_cover_class": 30,
        "land_cover_name": "Grassland",
        "geohazard_risk": 0.0,
        "soil_capacity": 0.0,
        "population_density": 0.0,
        "road_proximity_m": -1,
        "railway_proximity_m": -1,
        "water_proximity_m": -1,
        "crs": "EPSG:32633",
        "crs_name": "UTM Zone 33"
      }
    },
    {
      "type": "Feature",
      "geometry": {
        "type": "LineString",
        "coordinates": [
          [
            400911.69065146736,
            4773102.298744114
          ],
          [
            401041.2985085022,
            4772972.70570102
          ]
        ]
      },
      "properties": {
        "feature_type": "segment",
        "segment_id": 303,
        "step": 303,
        "length_m": 183.28,
        "elevation_start": 178.91,
        "elevation_end": 245.41,
        "slope_percent": 9.83,
        "cost_usd": 84310.05,
        "cost_per_m": 460.0,
        "cumulative_cost": 27312455.86,
        "terrain_cost": 50586.03,
        "environmental_cost": 1000.9,
        "land_cover_class": 30,
        "land_cover_name": "Grassland",
        "geohazard_risk": 0.0,
        "soil_capacity": 0.0,
        "population_density": 0.0,
        "road_proximity_m": -1,
        "railway_proximity_m": -1,
        "water_proximity_m": -1,
        "crs": "EPSG:32633",
        "crs_name": "UTM Zone 33"
      }
    },
    {
      "type": "Feature",
      "geometry": {
        "type": "LineString",
        "coordinates": [
          [
            401041.2985085022,
            4772972.70570102
          ],
          [
            401041.2985085022,
            4772843.112657925
          ]
        ]
      },
      "properties": {
        "feature_type": "segment",
        "segment_id": 304,
        "step": 304,
        "length_m": 129.59,
        "elevation_start": 245.41,
        "elevation_end": 227.28,
        "slope_percent": 14.11,
        "cost_usd": 72572.1,
        "cost_per_m": 560.0,
        "cumulative_cost": 27385027.97,
        "terrain_cost": 43543.26,
        "environmental_cost": 539.6,
        "land_cover_class": 30,
        "land_cover_name": "Grassland",
        "geohazard_risk": 0.0,
        "soil_capacity": 0.0,
        "population_density": 0.0,
        "road_proximity_m": -1,
        "railway_proximity_m": -1,
        "water_proximity_m": -1,
        "crs": "EPSG:32633",
        "crs_name": "UTM Zone 33"
      }
    },
    {
      "type": "Feature",
      "geometry": {
        "type": "LineString",
        "coordinates": [
          [
            401041.2985085022,
            4772843.112657925
          ],
          [
            400911.69065146736,
            4772713.519614832
          ]
        ]
      },
      "properties": {
        "feature_type": "segment",
        "segment_id": 305,
        "step": 305,
        "length_m": 183.28,
        "elevation_start": 227.28,
        "elevation_end": 233.42,
        "slope_percent": 12.9,
        "cost_usd": 109969.63,
        "cost_per_m": 600.0,
        "cumulative_cost": 27494997.6,
        "terrain_cost": 65981.78,
        "environmental_cost": 422.11,
        "land_cover_class": 20,
        "land_cover_name": "Shrubland",
        "geohazard_risk": 0.0,
        "soil_capacity": 366.0,
        "population_density": 0.0576,
        "road_proximity_m": 122.2,
        "railway_proximity_m": 4562.1,
        "water_proximity_m": 2001.9,
        "crs": "EPSG:32633",
        "crs_name": "UTM Zone 33"
      }
    },
    {
      "type": "Feature",
      "geometry": {
        "type": "LineString",
        "coordinates": [
          [
            400911.69065146736,
            4772713.519614832
          ],
          [
            400782.0827944325,
            4772583.926571737
          ]
        ]
      },
      "properties": {
        "feature_type": "segment",
        "segment_id": 306,
        "step": 306,
        "length_m": 183.28,
        "elevation_start": 233.42,
        "elevation_end": 221.32,
        "slope_percent": 5.47,
        "cost_usd": 84310.05,
        "cost_per_m": 460.0,
        "cumulative_cost": 27579307.64,
        "terrain_cost": 50586.03,
        "environmental_cost": 342.61,
        "land_cover_class": 30,
        "land_cover_name": "Grassland",
        "geohazard_risk": 0.0,
        "soil_capacity": 0.0,
        "population_density": 0.0,
        "road_proximity_m": -1,
        "railway_proximity_m": -1,
        "water_proximity_m": -1,
        "crs": "EPSG:32633",
        "crs_name": "UTM Zone 33"
      }
    },
    {
      "type": "Feature",
      "geometry": {
        "type": "LineString",
        "coordinates": [
          [
            400782.0827944325,
            4772583.926571737
          ],
          [
            400652.47493739764,
            4772454.333528643
          ]
        ]
      },
      "properties": {
        "feature_type": "segment",
        "segment_id": 307,
        "step": 307,
        "length_m": 183.28,
        "elevation_start": 221.32,
        "elevation_end": 234.28,
        "slope_percent": 6.67,
        "cost_usd": 84310.05,
        "cost_per_m": 460.0,
        "cumulative_cost": 27663617.69,
        "terrain_cost": 50586.03,
        "environmental_cost": 46.56,
        "land_cover_class": 30,
        "land_cover_name": "Grassland",
        "geohazard_risk": 0.0,
        "soil_capacity": 0.0,
        "population_density": 0.0,
        "road_proximity_m": -1,
        "railway_proximity_m": -1,
        "water_proximity_m": -1,
        "crs": "EPSG:32633",
        "crs_name": "UTM Zone 33"
      }
    },
    {
      "type": "Feature",
      "geometry": {
        "type": "LineString",
        "coordinates": [
          [
            400652.47493739764,
            4772454.333528643
          ],
          [
            400652.47493739764,
            4772324.740485548
          ]
        ]
      },
      "properties": {
        "feature_type": "segment",
        "segment_id": 308,
        "step": 308,
        "length_m": 129.59,
        "elevation_start": 234.28,
        "elevation_end": 261.6,
        "slope_percent": 6.28,
        "cost_usd": 59612.8,
        "cost_per_m": 460.0,
        "cumulative_cost": 27723230.49,
        "terrain_cost": 35767.68,
        "environmental_cost": 13.61,
        "land_cover_class": 30,
        "land_cover_name": "Grassland",
        "geohazard_risk": 0.0,
        "soil_capacity": 0.0,
        "population_density": 0.0,
        "road_proximity_m": -1,
        "railway_proximity_m": -1,
        "water_proximity_m": -1,
        "crs": "EPSG:32633",
        "crs_name": "UTM Zone 33"
      }
    },
    {
      "type": "Feature",
      "geometry": {
        "type": "LineString",
        "coordinates": [
          [
            400652.47493739764,
            4772324.740485548
          ],
          [
            400652.47493739764,
            4772195.147442454
          ]
        ]
      },
      "properties": {
        "feature_type": "segment",
        "segment_id": 309,
        "step": 309,
        "length_m": 129.59,
        "elevation_start": 261.6,
        "elevation_end": 255.26,
        "slope_percent": 19.74,
        "cost_usd": 108858.16,
        "cost_per_m": 840.0,
        "cumulative_cost": 27832088.65,
        "terrain_cost": 65314.89,
        "environmental_cost": 15.31,
        "land_cover_class": 20,
        "land_cover_name": "Shrubland",
        "geohazard_risk": 0.0,
        "soil_capacity": 0.0,
        "population_density": 0.0,
        "road_proximity_m": -1,
        "railway_proximity_m": -1,
        "water_proximity_m": -1,
        "crs": "EPSG:32633",
        "crs_name": "UTM Zone 33"
      }
    },
    {
      "type": "Feature",
      "geometry": {
        "type": "LineString",
        "coordinates": [
          [
            400652.47493739764,
            4772195.147442454
          ],
          [
            400652.47493739764,
            4772065.554399359
          ]
        ]
      },
      "properties": {
        "feature_type": "segment",
        "segment_id": 310,
        "step": 310,
        "length_m": 129.59,
        "elevation_start": 255.26,
        "elevation_end": 216.17,
        "slope_percent": 29.97,
        "cost_usd": 160695.37,
        "cost_per_m": 1240.0,
        "cumulative_cost": 27992784.02,
        "terrain_cost": 96417.22,
        "environmental_cost": 114.55,
        "land_cover_class": 20,
        "land_cover_name": "Shrubland",
        "geohazard_risk": 0.0,
        "soil_capacity": 376.0,
        "population_density": 0.0221,
        "road_proximity_m": 59.1,
        "railway_proximity_m": -1,
        "water_proximity_m": 1649.1,
        "crs": "EPSG:32633",
        "crs_name": "UTM Zone 33"
      }
    },
    {
      "type": "Feature",
      "geometry": {
        "type": "LineString",
        "coordinates": [
          [
            400652.47493739764,
            4772065.554399359
          ],
          [
            400782.0827944325,
            4771935.961356265
          ]
        ]
      },
      "properties": {
        "feature_type": "segment",
        "segment_id": 311,
        "step": 311,
        "length_m": 183.28,
        "elevation_start": 216.17,
        "elevation_end": 173.99,
        "slope_percent": 23.84,
        "cost_usd": 146626.17,
        "cost_per_m": 800.0,
        "cumulative_cost": 28139410.19,
        "terrain_cost": 87975.7,
        "environmental_cost": 5.39,
        "land_cover_class": 30,
        "land_cover_name": "Grassland",
        "geohazard_risk": 0.0,
        "soil_capacity": 0.0,
        "population_density": 0.0,
        "road_proximity_m": -1,
        "railway_proximity_m": -1,
        "water_proximity_m": -1,
        "crs": "EPSG:32633",
        "crs_name": "UTM Zone 33"
      }
    },
    {
      "type": "Feature",
      "geometry": {
        "type": "LineString",
        "coordinates": [
          [
            400782.0827944325,
            4771935.961356265
          ],
          [
            400782.0827944325,
            4771806.36831317
          ]
        ]
      },
      "properties": {
        "feature_type": "segment",
        "segment_id": 312,
        "step": 312,
        "length_m": 129.59,
        "elevation_start": 173.99,
        "elevation_end": 147.06,
        "slope_percent": 19.69,
        "cost_usd": 103674.43,
        "cost_per_m": 800.0,
        "cumulative_cost": 28243084.63,
        "terrain_cost": 62204.66,
        "environmental_cost": 3.24,
        "land_cover_class": 30,
        "land_cover_name": "Grassland",
        "geohazard_risk": 0.0,
        "soil_capacity": 0.0,
        "population_density": 0.0,
        "road_proximity_m": -1,
        "railway_proximity_m": -1,
        "water_proximity_m": -1,
        "crs": "EPSG:32633",
        "crs_name": "UTM Zone 33"
      }
    },
    {
      "type": "Feature",
      "geometry": {
        "type": "LineString",
        "coordinates": [
          [
            400782.0827944325,
            4771806.36831317
          ],
          [
            400782.0827944325,
            4771676.775270076
          ]
        ]
      },
      "properties": {
        "feature_type": "segment",
        "segment_id": 313,
        "step": 313,
        "length_m": 129.59,
        "elevation_start": 147.06,
        "elevation_end": 129.33,
        "slope_percent": 15.87,
        "cost_usd": 108858.16,
        "cost_per_m": 840.0,
        "cumulative_cost": 28351942.79,
        "terrain_cost": 65314.89,
        "environmental_cost": 3.38,
        "land_cover_class": 20,
        "land_cover_name": "Shrubland",
        "geohazard_risk": 0.0,
        "soil_capacity": 0.0,
        "population_density": 0.0,
        "road_proximity_m": -1,
        "railway_proximity_m": -1,
        "water_proximity_m": -1,
        "crs": "EPSG:32633",
        "crs_name": "UTM Zone 33"
      }
    },
    {
      "type": "Feature",
      "geometry": {
        "type": "LineString",
        "coordinates": [
          [
            400782.0827944325,
            4771676.775270076
          ],
          [
            400782.0827944325,
            4771547.182226982
          ]
        ]
      },
      "properties": {
        "feature_type": "segment",
        "segment_id": 314,
        "step": 314,
        "length_m": 129.59,
        "elevation_start": 129.33,
        "elevation_end": 106.3,
        "slope_percent": 12.71,
        "cost_usd": 72572.1,
        "cost_per_m": 560.0,
        "cumulative_cost": 28424514.89,
        "terrain_cost": 43543.26,
        "environmental_cost": 3.89,
        "land_cover_class": 30,
        "land_cover_name": "Grassland",
        "geohazard_risk": 0.0,
        "soil_capacity": 0.0,
        "population_density": 0.0,
        "road_proximity_m": -1,
        "railway_proximity_m": -1,
        "water_proximity_m": -1,
        "crs": "EPSG:32633",
        "crs_name": "UTM Zone 33"
      }
    },
    {
      "type": "Feature",
      "geometry": {
        "type": "LineString",
        "coordinates": [
          [
            400782.0827944325,
            4771547.182226982
          ],
          [
            400782.0827944325,
            4771417.5891838875
          ]
        ]
      },
      "properties": {
        "feature_type": "segment",
        "segment_id": 315,
        "step": 315,
        "length_m": 129.59,
        "elevation_start": 106.3,
        "elevation_end": 88.62,
        "slope_percent": 10.14,
        "cost_usd": 72572.1,
        "cost_per_m": 560.0,
        "cumulative_cost": 28497086.99,
        "terrain_cost": 43543.26,
        "environmental_cost": 10.06,
        "land_cover_class": 30,
        "land_cover_name": "Grassland",
        "geohazard_risk": 0.0,
        "soil_capacity": 363.0,
        "population_density": 0.0019,
        "road_proximity_m": 145.4,
        "railway_proximity_m": -1,
        "water_proximity_m": 1020.9,
        "crs": "EPSG:32633",
        "crs_name": "UTM Zone 33"
      }
    },
    {
      "type": "Feature",
      "geometry": {
        "type": "LineString",
        "coordinates": [
          [
            400782.0827944325,
            4771417.5891838875
          ],
          [
            400782.0827944325,
            4771287.996140793
          ]
        ]
      },
      "properties": {
        "feature_type": "segment",
        "segment_id": 316,
        "step": 316,
        "length_m": 129.59,
        "elevation_start": 88.62,
        "elevation_end": 80.66,
        "slope_percent": 8.44,
        "cost_usd": 59612.8,
        "cost_per_m": 460.0,
        "cumulative_cost": 28556699.79,
        "terrain_cost": 35767.68,
        "environmental_cost": 9.63,
        "land_cover_class": 30,
        "land_cover_name": "Grassland",
        "geohazard_risk": 0.0,
        "soil_capacity": 0.0,
        "population_density": 0.0,
        "road_proximity_m": -1,
        "railway_proximity_m": -1,
        "water_proximity_m": -1,
        "crs": "EPSG:32633",
        "crs_name": "UTM Zone 33"
      }
    },
    {
      "type": "Feature",
      "geometry": {
        "type": "LineString",
        "coordinates": [
          [
            400782.0827944325,
            4771287.996140793
          ],
          [
            400911.69065146736,
            4771158.403097698
          ]
        ]
      },
      "properties": {
        "feature_type": "segment",
        "segment_id": 317,
        "step": 317,
        "length_m": 183.28,
        "elevation_start": 80.66,
        "elevation_end": 70.54,
        "slope_percent": 6.62,
        "cost_usd": 91641.36,
        "cost_per_m": 500.0,
        "cumulative_cost": 28648341.15,
        "terrain_cost": 54984.81,
        "environmental_cost": 11.05,
        "land_cover_class": 20,
        "land_cover_name": "Shrubland",
        "geohazard_risk": 0.0,
        "soil_capacity": 0.0,
        "population_density": 0.0,
        "road_proximity_m": -1,
        "railway_proximity_m": -1,
        "water_proximity_m": -1,
        "crs": "EPSG:32633",
        "crs_name": "UTM Zone 33"
      }
    },
    {
      "type": "Feature",
      "geometry": {
        "type": "LineString",
        "coordinates": [
          [
            400911.69065146736,
            4771158.403097698
          ],
          [
            400911.69065146736,
            4771028.810054604
          ]
        ]
      },
      "properties": {
        "feature_type": "segment",
        "segment_id": 318,
        "step": 318,
        "length_m": 129.59,
        "elevation_start": 70.54,
        "elevation_end": 61.3,
        "slope_percent": 9.47,
        "cost_usd": 85531.41,
        "cost_per_m": 660.0,
        "cumulative_cost": 28733872.56,
        "terrain_cost": 51318.85,
        "environmental_cost": 1230.43,
        "land_cover_class": 40,
        "land_cover_name": "Cropland",
        "geohazard_risk": 0.0,
        "soil_capacity": 0.0,
        "population_density": 0.0,
        "road_proximity_m": -1,
        "railway_proximity_m": -1,
        "water_proximity_m": -1,
        "crs": "EPSG:32633",
        "crs_name": "UTM Zone 33"
      }
    },
    {
      "type": "Feature",
      "geometry": {
        "type": "LineString",
        "coordinates": [
          [
            400911.69065146736,
            4771028.810054604
          ],
          [
            401041.2985085022,
            4770899.217011509
          ]
        ]
      },
      "properties": {
        "feature_type": "segment",
        "segment_id": 319,
        "step": 319,
        "length_m": 183.28,
        "elevation_start": 61.3,
        "elevation_end": 47.38,
        "slope_percent": 4.96,
        "cost_usd": 73313.09,
        "cost_per_m": 400.0,
        "cumulative_cost": 28807185.64,
        "terrain_cost": 43987.85,
        "environmental_cost": 105.28,
        "land_cover_class": 30,
        "land_cover_name": "Grassland",
        "geohazard_risk": 0.0,
        "soil_capacity": 0.0,
        "population_density": 0.0,
        "road_proximity_m": -1,
        "railway_proximity_m": -1,
        "water_proximity_m": -1,
        "crs": "EPSG:32633",
        "crs_name": "UTM Zone 33"
      }
    },
    {
      "type": "Feature",
      "geometry": {
        "type": "LineString",
        "coordinates": [
          [
            401041.2985085022,
            4770899.217011509
          ],
          [
            401041.2985085022,
            4770769.623968415
          ]
        ]
      },
      "properties": {
        "feature_type": "segment",
        "segment_id": 320,
        "step": 320,
        "length_m": 129.59,
        "elevation_start": 47.38,
        "elevation_end": 45.39,
        "slope_percent": 1.54,
        "cost_usd": 57020.94,
        "cost_per_m": 440.0,
        "cumulative_cost": 28864206.58,
        "terrain_cost": 34212.56,
        "environmental_cost": 34.57,
        "land_cover_class": 20,
        "land_cover_name": "Shrubland",
        "geohazard_risk": 0.0,
        "soil_capacity": 355.0,
        "population_density": 0.0067,
        "road_proximity_m": 162.8,
        "railway_proximity_m": -1,
        "water_proximity_m": 358.4,
        "crs": "EPSG:32633",
        "crs_name": "UTM Zone 33"
      }
    },
    {
      "type": "Feature",
      "geometry": {
        "type": "LineString",
        "coordinates": [
          [
            401041.2985085022,
            4770769.623968415
          ],
          [
            401041.2985085022,
            4770640.03092532
          ]
        ]
      },
      "properties": {
        "feature_type": "segment",
        "segment_id": 321,
        "step": 321,
        "length_m": 129.59,
        "elevation_start": 45.39,
        "elevation_end": 45.45,
        "slope_percent": 0.98,
        "cost_usd": 51837.22,
        "cost_per_m": 400.0,
        "cumulative_cost": 28916043.8,
        "terrain_cost": 31102.33,
        "environmental_cost": 78.5,
        "land_cover_class": 30,
        "land_cover_name": "Grassland",
        "geohazard_risk": 0.0,
        "soil_capacity": 0.0,
        "population_density": 0.0,
        "road_proximity_m": -1,
        "railway_proximity_m": -1,
        "water_proximity_m": -1,
        "crs": "EPSG:32633",
        "crs_name": "UTM Zone 33"
      }
    },
    {
      "type": "Feature",
      "geometry": {
        "type": "LineString",
        "coordinates": [
          [
            401041.2985085022,
            4770640.03092532
          ],
          [
            401041.2985085022,
            4770510.437882226
          ]
        ]
      },
      "properties": {
        "feature_type": "segment",
        "segment_id": 322,
        "step": 322,
        "length_m": 129.59,
        "elevation_start": 45.45,
        "elevation_end": 45.97,
        "slope_percent": 0.78,
        "cost_usd": 51837.22,
        "cost_per_m": 400.0,
        "cumulative_cost": 28967881.02,
        "terrain_cost": 31102.33,
        "environmental_cost": 133.57,
        "land_cover_class": 30,
        "land_cover_name": "Grassland",
        "geohazard_risk": 0.0,
        "soil_capacity": 0.0,
        "population_density": 0.0,
        "road_proximity_m": -1,
        "railway_proximity_m": -1,
        "water_proximity_m": -1,
        "crs": "EPSG:32633",
        "crs_name": "UTM Zone 33"
      }
    },
    {
      "type": "Feature",
      "geometry": {
        "type": "LineString",
        "coordinates": [
          [
            401041.2985085022,
            4770510.437882226
          ],
          [
            401170.9063655371,
            4770380.844839131
          ]
        ]
      },
      "properties": {
        "feature_type": "segment",
        "segment_id": 323,
        "step": 323,
        "length_m": 183.28,
        "elevation_start": 45.97,
        "elevation_end": 45.41,
        "slope_percent": 1.14,
        "cost_usd": 73313.09,
        "cost_per_m": 400.0,
        "cumulative_cost": 29041194.1,
        "terrain_cost": 43987.85,
        "environmental_cost": 124.24,
        "land_cover_class": 60,
        "land_cover_name": "Bare/sparse vegetation",
        "geohazard_risk": 0.0,
        "soil_capacity": 0.0,
        "population_density": 0.0,
        "road_proximity_m": -1,
        "railway_proximity_m": -1,
        "water_proximity_m": -1,
        "crs": "EPSG:32633",
        "crs_name": "UTM Zone 33"
      }
    },
    {
      "type": "Feature",
      "geometry": {
        "type": "LineString",
        "coordinates": [
          [
            401170.9063655371,
            4770380.844839131
          ],
          [
            401300.5142225719,
            4770251.251796038
          ]
        ]
      },
      "properties": {
        "feature_type": "segment",
        "segment_id": 324,
        "step": 324,
        "length_m": 183.28,
        "elevation_start": 45.41,
        "elevation_end": 48.13,
        "slope_percent": 1.74,
        "cost_usd": 73313.09,
        "cost_per_m": 400.0,
        "cumulative_cost": 29114507.19,
        "terrain_cost": 43987.85,
        "environmental_cost": 340.9,
        "land_cover_class": 30,
        "land_cover_name": "Grassland",
        "geohazard_risk": 0.0,
        "soil_capacity": 0.0,
        "population_density": 0.0,
        "road_proximity_m": -1,
        "railway_proximity_m": -1,
        "water_proximity_m": -1,
        "crs": "EPSG:32633",
        "crs_name": "UTM Zone 33"
      }
    },
    {
      "type": "Feature",
      "geometry": {
        "type": "LineString",
        "coordinates": [
          [
            401300.5142225719,
            4770251.251796038
          ],
          [
            401430.12207960675,
            4770121.658752943
          ]
        ]
      },
      "properties": {
        "feature_type": "segment",
        "segment_id": 325,
        "step": 325,
        "length_m": 183.28,
        "elevation_start": 48.13,
        "elevation_end": 49.37,
        "slope_percent": 2.63,
        "cost_usd": 73313.09,
        "cost_per_m": 400.0,
        "cumulative_cost": 29187820.28,
        "terrain_cost": 43987.85,
        "environmental_cost": 305.56,
        "land_cover_class": 30,
        "land_cover_name": "Grassland",
        "geohazard_risk": 0.0,
        "soil_capacity": 330.0,
        "population_density": 0.0417,
        "road_proximity_m": 134.1,
        "railway_proximity_m": 4649.7,
        "water_proximity_m": 392.9,
        "crs": "EPSG:32633",
        "crs_name": "UTM Zone 33"
      }
    },
    {
      "type": "Feature",
      "geometry": {
        "type": "LineString",
        "coordinates": [
          [
            401430.12207960675,
            4770121.658752943
          ],
          [
            401430.12207960675,
            4769992.065709849
          ]
        ]
      },
      "properties": {
        "feature_type": "segment",
        "segment_id": 326,
        "step": 326,
        "length_m": 129.59,
        "elevation_start": 49.37,
        "elevation_end": 54.53,
        "slope_percent": 4.51,
        "cost_usd": 51837.22,
        "cost_per_m": 400.0,
        "cumulative_cost": 29239657.49,
        "terrain_cost": 31102.33,
        "environmental_cost": 204.25,
        "land_cover_class": 30,
        "land_cover_name": "Grassland",
        "geohazard_risk": 0.0,
        "soil_capacity": 0.0,
        "population_density": 0.0,
        "road_proximity_m": -1,
        "railway_proximity_m": -1,
        "water_proximity_m": -1,
        "crs": "EPSG:32633",
        "crs_name": "UTM Zone 33"
      }
    },
    {
      "type": "Feature",
      "geometry": {
        "type": "LineString",
        "coordinates": [
          [
            401430.12207960675,
            4769992.065709849
          ],
          [
            401430.12207960675,
            4769862.472666754
          ]
        ]
      },
      "properties": {
        "feature_type": "segment",
        "segment_id": 327,
        "step": 327,
        "length_m": 129.59,
        "elevation_start": 54.53,
        "elevation_end": 61.21,
        "slope_percent": 10.89,
        "cost_usd": 72572.1,
        "cost_per_m": 560.0,
        "cumulative_cost": 29312229.6,
        "terrain_cost": 43543.26,
        "environmental_cost": 220.78,
        "land_cover_class": 30,
        "land_cover_name": "Grassland",
        "geohazard_risk": 0.0,
        "soil_capacity": 0.0,
        "population_density": 0.0,
        "road_proximity_m": -1,
        "railway_proximity_m": -1,
        "water_proximity_m": -1,
        "crs": "EPSG:32633",
        "crs_name": "UTM Zone 33"
      }
    },
    {
      "type": "Feature",
      "geometry": {
        "type": "LineString",
        "coordinates": [
          [
            401430.12207960675,
            4769862.472666754
          ],
          [
            401559.72993664164,
            4769732.87962366
          ]
        ]
      },
      "properties": {
        "feature_type": "segment",
        "segment_id": 328,
        "step": 328,
        "length_m": 183.28,
        "elevation_start": 61.21,
        "elevation_end": 90.02,
        "slope_percent": 20.76,
        "cost_usd": 146626.17,
        "cost_per_m": 800.0,
        "cumulative_cost": 29458855.77,
        "terrain_cost": 87975.7,
        "environmental_cost": 130.24,
        "land_cover_class": 30,
        "land_cover_name": "Grassland",
        "geohazard_risk": 0.0,
        "soil_capacity": 0.0,
        "population_density": 0.0,
        "road_proximity_m": -1,
        "railway_proximity_m": -1,
        "water_proximity_m": -1,
        "crs": "EPSG:32633",
        "crs_name": "UTM Zone 33"
      }
    },
    {
      "type": "Feature",
      "geometry": {
        "type": "LineString",
        "coordinates": [
          [
            401559.72993664164,
            4769732.87962366
          ],
          [
            401689.3377936765,
            4769732.87962366
          ]
        ]
      },
      "properties": {
        "feature_type": "segment",
        "segment_id": 329,
        "step": 329,
        "length_m": 129.61,
        "elevation_start": 90.02,
        "elevation_end": 103.8,
        "slope_percent": 22.45,
        "cost_usd": 108870.6,
        "cost_per_m": 840.0,
        "cumulative_cost": 29567726.37,
        "terrain_cost": 65322.36,
        "environmental_cost": 12.92,
        "land_cover_class": 20,
        "land_cover_name": "Shrubland",
        "geohazard_risk": 0.0,
        "soil_capacity": 0.0,
        "population_density": 0.0,
        "road_proximity_m": -1,
        "railway_proximity_m": -1,
        "water_proximity_m": -1,
        "crs": "EPSG:32633",
        "crs_name": "UTM Zone 33"
      }
    },
    {
      "type": "Feature",
      "geometry": {
        "type": "LineString",
        "coordinates": [
          [
            401689.3377936765,
            4769732.87962366
          ],
          [
            401818.94565071136,
            4769732.87962366
          ]
        ]
      },
      "properties": {
        "feature_type": "segment",
        "segment_id": 330,
        "step": 330,
        "length_m": 129.61,
        "elevation_start": 103.8,
        "elevation_end": 124.36,
        "slope_percent": 26.75,
        "cost_usd": 160713.74,
        "cost_per_m": 1240.0,
        "cumulative_cost": 29728440.11,
        "terrain_cost": 96428.25,
        "environmental_cost": 26.65,
        "land_cover_class": 20,
        "land_cover_name": "Shrubland",
        "geohazard_risk": 0.0,
        "soil_capacity": 348.0,
        "population_density": 0.0051,
        "road_proximity_m": 328.6,
        "railway_proximity_m": 4307.2,
        "water_proximity_m": 934.1,
        "crs": "EPSG:32633",
        "crs_name": "UTM Zone 33"
      }
    },
    {
      "type": "Feature",
      "geometry": {
        "type": "LineString",
        "coordinates": [
          [
            401818.94565071136,
            4769732.87962366
          ],
          [
            401948.5535077462,
            4769603.286580565
          ]
        ]
      },
      "properties": {
        "feature_type": "segment",
        "segment_id": 331,
        "step": 331,
        "length_m": 183.28,
        "elevation_start": 124.36,
        "elevation_end": 182.35,
        "slope_percent": 24.35,
        "cost_usd": 146626.17,
        "cost_per_m": 800.0,
        "cumulative_cost": 29875066.28,
        "terrain_cost": 87975.7,
        "environmental_cost": 68.91,
        "land_cover_class": 30,
        "land_cover_name": "Grassland",
        "geohazard_risk": 0.0,
        "soil_capacity": 0.0,
        "population_density": 0.0,
        "road_proximity_m": -1,
        "railway_proximity_m": -1,
        "water_proximity_m": -1,
        "crs": "EPSG:32633",
        "crs_name": "UTM Zone 33"
      }
    },
    {
      "type": "Feature",
      "geometry": {
        "type": "LineString",
        "coordinates": [
          [
            401948.5535077462,
            4769603.286580565
          ],
          [
            402078.16136478103,
            4769473.693537471
          ]
        ]
      },
      "properties": {
        "feature_type": "segment",
        "segment_id": 332,
        "step": 332,
        "length_m": 183.28,
        "elevation_start": 182.35,
        "elevation_end": 199.16,
        "slope_percent": 11.88,
        "cost_usd": 139294.86,
        "cost_per_m": 760.0,
        "cumulative_cost": 30014361.15,
        "terrain_cost": 83576.92,
        "environmental_cost": 2117.75,
        "land_cover_class": 40,
        "land_cover_name": "Cropland",
        "geohazard_risk": 0.0,
        "soil_capacity": 0.0,
        "population_density": 0.0,
        "road_proximity_m": -1,
        "railway_proximity_m": -1,
        "water_proximity_m": -1,
        "crs": "EPSG:32633",
        "crs_name": "UTM Zone 33"
      }
    },
    {
      "type": "Feature",
      "geometry": {
        "type": "LineString",
        "coordinates": [
          [
            402078.16136478103,
            4769473.693537471
          ],
          [
            402207.7692218159,
            4769344.100494376
          ]
        ]
      },
      "properties": {
        "feature_type": "segment",
        "segment_id": 333,
        "step": 333,
        "length_m": 183.28,
        "elevation_start": 199.16,
        "elevation_end": 214.3,
        "slope_percent": 12.16,
        "cost_usd": 102638.32,
        "cost_per_m": 560.0,
        "cumulative_cost": 30116999.47,
        "terrain_cost": 61582.99,
        "environmental_cost": 570.73,
        "land_cover_class": 30,
        "land_cover_name": "Grassland",
        "geohazard_risk": 0.0,
        "soil_capacity": 0.0,
        "population_density": 0.0,
        "road_proximity_m": -1,
        "railway_proximity_m": -1,
        "water_proximity_m": -1,
        "crs": "EPSG:32633",
        "crs_name": "UTM Zone 33"
      }
    },
    {
      "type": "Feature",
      "geometry": {
        "type": "LineString",
        "coordinates": [
          [
            402207.7692218159,
            4769344.100494376
          ],
          [
            402337.37707885075,
            4769214.507451282
          ]
        ]
      },
      "properties": {
        "feature_type": "segment",
        "segment_id": 334,
        "step": 334,
        "length_m": 183.28,
        "elevation_start": 214.3,
        "elevation_end": 200.53,
        "slope_percent": 6.65,
        "cost_usd": 91641.36,
        "cost_per_m": 500.0,
        "cumulative_cost": 30208640.82,
        "terrain_cost": 54984.81,
        "environmental_cost": 665.21,
        "land_cover_class": 20,
        "land_cover_name": "Shrubland",
        "geohazard_risk": 0.0,
        "soil_capacity": 0.0,
        "population_density": 0.0,
        "road_proximity_m": -1,
        "railway_proximity_m": -1,
        "water_proximity_m": -1,
        "crs": "EPSG:32633",
        "crs_name": "UTM Zone 33"
      }
    },
    {
      "type": "Feature",
      "geometry": {
        "type": "LineString",
        "coordinates": [
          [
            402337.37707885075,
            4769214.507451282
          ],
          [
            402466.98493588564,
            4769084.914408187
          ]
        ]
      },
      "properties": {
        "feature_type": "segment",
        "segment_id": 335,
        "step": 335,
        "length_m": 183.28,
        "elevation_start": 200.53,
        "elevation_end": 222.83,
        "slope_percent": 8.58,
        "cost_usd": 84310.05,
        "cost_per_m": 460.0,
        "cumulative_cost": 30292950.87,
        "terrain_cost": 50586.03,
        "environmental_cost": 49.78,
        "land_cover_class": 30,
        "land_cover_name": "Grassland",
        "geohazard_risk": 0.0,
        "soil_capacity": 310.0,
        "population_density": 0.0068,
        "road_proximity_m": 21.6,
        "railway_proximity_m": 3736.0,
        "water_proximity_m": 556.6,
        "crs": "EPSG:32633",
        "crs_name": "UTM Zone 33"
      }
    },
    {
      "type": "Feature",
      "geometry": {
        "type": "LineString",
        "coordinates": [
          [
            402466.98493588564,
            4769084.914408187
          ],
          [
            402596.5927929205,
            4769084.914408187
          ]
        ]
      },
      "properties": {
        "feature_type": "segment",
        "segment_id": 336,
        "step": 336,
        "length_m": 129.61,
        "elevation_start": 222.83,
        "elevation_end": 206.9,
        "slope_percent": 18.28,
        "cost_usd": 103686.29,
        "cost_per_m": 800.0,
        "cumulative_cost": 30396637.16,
        "terrain_cost": 62211.77,
        "environmental_cost": 16.94,
        "land_cover_class": 30,
        "land_cover_name": "Grassland",
        "geohazard_risk": 0.0,
        "soil_capacity": 0.0,
        "population_density": 0.0,
        "road_proximity_m": -1,
        "railway_proximity_m": -1,
        "water_proximity_m": -1,
        "crs": "EPSG:32633",
        "crs_name": "UTM Zone 33"
      }
    },
    {
      "type": "Feature",
      "geometry": {
        "type": "LineString",
        "coordinates": [
          [
            402596.5927929205,
            4769084.914408187
          ],
          [
            402726.2006499553,
            4768955.321365094
          ]
        ]
      },
      "properties": {
        "feature_type": "segment",
        "segment_id": 337,
        "step": 337,
        "length_m": 183.28,
        "elevation_start": 206.9,
        "elevation_end": 151.93,
        "slope_percent": 24.43,
        "cost_usd": 146626.17,
        "cost_per_m": 800.0,
        "cumulative_cost": 30543263.33,
        "terrain_cost": 87975.7,
        "environmental_cost": 18.31,
        "land_cover_class": 30,
        "land_cover_name": "Grassland",
        "geohazard_risk": 0.0,
        "soil_capacity": 0.0,
        "population_density": 0.0,
        "road_proximity_m": -1,
        "railway_proximity_m": -1,
        "water_proximity_m": -1,
        "crs": "EPSG:32633",
        "crs_name": "UTM Zone 33"
      }
    },
    {
      "type": "Feature",
      "geometry": {
        "type": "LineString",
        "coordinates": [
          [
            402726.2006499553,
            4768955.321365094
          ],
          [
            402855.8085069902,
            4768825.728321999
          ]
        ]
      },
      "properties": {
        "feature_type": "segment",
        "segment_id": 338,
        "step": 338,
        "length_m": 183.28,
        "elevation_start": 151.93,
        "elevation_end": 113.67,
        "slope_percent": 3.33,
        "cost_usd": 73313.09,
        "cost_per_m": 400.0,
        "cumulative_cost": 30616576.41,
        "terrain_cost": 43987.85,
        "environmental_cost": 19.0,
        "land_cover_class": 30,
        "land_cover_name": "Grassland",
        "geohazard_risk": 0.0,
        "soil_capacity": 0.0,
        "population_density": 0.0,
        "road_proximity_m": -1,
        "railway_proximity_m": -1,
        "water_proximity_m": -1,
        "crs": "EPSG:32633",
        "crs_name": "UTM Zone 33"
      }
    },
    {
      "type": "Feature",
      "geometry": {
        "type": "LineString",
        "coordinates": [
          [
            402855.8085069902,
            4768825.728321999
          ],
          [
            402985.41636402503,
            4768825.728321999
          ]
        ]
      },
      "properties": {
        "feature_type": "segment",
        "segment_id": 339,
        "step": 339,
        "length_m": 129.61,
        "elevation_start": 113.67,
        "elevation_end": 115.0,
        "slope_percent": 8.32,
        "cost_usd": 72580.4,
        "cost_per_m": 560.0,
        "cumulative_cost": 30689156.81,
        "terrain_cost": 43548.24,
        "environmental_cost": 1569.96,
        "land_cover_class": 10,
        "land_cover_name": "Tree cover",
        "geohazard_risk": 0.0,
        "soil_capacity": 0.0,
        "population_density": 0.0,
        "road_proximity_m": -1,
        "railway_proximity_m": -1,
        "water_proximity_m": -1,
        "crs": "EPSG:32633",
        "crs_name": "UTM Zone 33"
      }
    },
    {
      "type": "Feature",
      "geometry": {
        "type": "LineString",
        "coordinates": [
          [
            402985.41636402503,
            4768825.728321999
          ],
          [
            403115.02422105987,
            4768825.728321999
          ]
        ]
      },
      "properties": {
        "feature_type": "segment",
        "segment_id": 340,
        "step": 340,
        "length_m": 129.61,
        "elevation_start": 115.0,
        "elevation_end": 117.62,
        "slope_percent": 13.63,
        "cost_usd": 72580.4,
        "cost_per_m": 560.0,
        "cumulative_cost": 30761737.21,
        "terrain_cost": 43548.24,
        "environmental_cost": 11.68,
        "land_cover_class": 30,
        "land_cover_name": "Grassland",
        "geohazard_risk": 0.0,
        "soil_capacity": 329.0,
        "population_density": 0.0023,
        "road_proximity_m": 112.9,
        "railway_proximity_m": 3120.6,
        "water_proximity_m": 916.7,
        "crs": "EPSG:32633",
        "crs_name": "UTM Zone 33"
      }
    },
    {
      "type": "Feature",
      "geometry": {
        "type": "LineString",
        "coordinates": [
          [
            403115.02422105987,
            4768825.728321999
          ],
          [
            403244.63207809476,
            4768825.728321999
          ]
        ]
      },
      "properties": {
        "feature_type": "segment",
        "segment_id": 341,
        "step": 341,
        "length_m": 129.61,
        "elevation_start": 117.62,
        "elevation_end": 116.16,
        "slope_percent": 16.63,
        "cost_usd": 129607.86,
        "cost_per_m": 1000.0,
        "cumulative_cost": 30891345.07,
        "terrain_cost": 77764.71,
        "environmental_cost": 1177.82,
        "land_cover_class": 40,
        "land_cover_name": "Cropland",
        "geohazard_risk": 0.0,
        "soil_capacity": 0.0,
        "population_density": 0.0,
        "road_proximity_m": -1,
        "railway_proximity_m": -1,
        "water_proximity_m": -1,
        "crs": "EPSG:32633",
        "crs_name": "UTM Zone 33"
      }
    },
    {
      "type": "Feature",
      "geometry": {
        "type": "LineString",
        "coordinates": [
          [
            403244.63207809476,
            4768825.728321999
          ],
          [
            403374.2399351296,
            4768696.135278905
          ]
        ]
      },
      "properties": {
        "feature_type": "segment",
        "segment_id": 342,
        "step": 342,
        "length_m": 183.28,
        "elevation_start": 116.16,
        "elevation_end": 144.4,
        "slope_percent": 24.78,
        "cost_usd": 146626.17,
        "cost_per_m": 800.0,
        "cumulative_cost": 31037971.24,
        "terrain_cost": 87975.7,
        "environmental_cost": 14.69,
        "land_cover_class": 30,
        "land_cover_name": "Grassland",
        "geohazard_risk": 0.0,
        "soil_capacity": 0.0,
        "population_density": 0.0,
        "road_proximity_m": -1,
        "railway_proximity_m": -1,
        "water_proximity_m": -1,
        "crs": "EPSG:32633",
        "crs_name": "UTM Zone 33"
      }
    },
    {
      "type": "Feature",
      "geometry": {
        "type": "LineString",
        "coordinates": [
          [
            403374.2399351296,
            4768696.135278905
          ],
          [
            403374.2399351296,
            4768566.54223581
          ]
        ]
      },
      "properties": {
        "feature_type": "segment",
        "segment_id": 343,
        "step": 343,
        "length_m": 129.59,
        "elevation_start": 144.4,
        "elevation_end": 172.92,
        "slope_percent": 15.33,
        "cost_usd": 103674.43,
        "cost_per_m": 800.0,
        "cumulative_cost": 31141645.68,
        "terrain_cost": 62204.66,
        "environmental_cost": 16.96,
        "land_cover_class": 30,
        "land_cover_name": "Grassland",
        "geohazard_risk": 0.0,
        "soil_capacity": 0.0,
        "population_density": 0.0,
        "road_proximity_m": -1,
        "railway_proximity_m": -1,
        "water_proximity_m": -1,
        "crs": "EPSG:32633",
        "crs_name": "UTM Zone 33"
      }
    },
    {
      "type": "Feature",
      "geometry": {
        "type": "LineString",
        "coordinates": [
          [
            403374.2399351296,
            4768566.54223581
          ],
          [
            403374.2399351296,
            4768436.949192716
          ]
        ]
      },
      "properties": {
        "feature_type": "segment",
        "segment_id": 344,
        "step": 344,
        "length_m": 129.59,
        "elevation_start": 172.92,
        "elevation_end": 177.43,
        "slope_percent": 9.7,
        "cost_usd": 59612.8,
        "cost_per_m": 460.0,
        "cumulative_cost": 31201258.48,
        "terrain_cost": 35767.68,
        "environmental_cost": 14.88,
        "land_cover_class": 30,
        "land_cover_name": "Grassland",
        "geohazard_risk": 0.0,
        "soil_capacity": 0.0,
        "population_density": 0.0,
        "road_proximity_m": -1,
        "railway_proximity_m": -1,
        "water_proximity_m": -1,
        "crs": "EPSG:32633",
        "crs_name": "UTM Zone 33"
      }
    },
    {
      "type": "Feature",
      "geometry": {
        "type": "LineString",
        "coordinates": [
          [
            403374.2399351296,
            4768436.949192716
          ],
          [
            403374.2399351296,
            4768307.356149621
          ]
        ]
      },
      "properties": {
        "feature_type": "segment",
        "segment_id": 345,
        "step": 345,
        "length_m": 129.59,
        "elevation_start": 177.43,
        "elevation_end": 178.86,
        "slope_percent": 16.39,
        "cost_usd": 103674.43,
        "cost_per_m": 800.0,
        "cumulative_cost": 31304932.91,
        "terrain_cost": 62204.66,
        "environmental_cost": 12.53,
        "land_cover_class": 30,
        "land_cover_name": "Grassland",
        "geohazard_risk": 0.0,
        "soil_capacity": 348.0,
        "population_density": 0.0024,
        "road_proximity_m": 49.1,
        "railway_proximity_m": 2922.5,
        "water_proximity_m": 1128.9,
        "crs": "EPSG:32633",
        "crs_name": "UTM Zone 33"
      }
    },
    {
      "type": "Feature",
      "geometry": {
        "type": "LineString",
        "coordinates": [
          [
            403374.2399351296,
            4768307.356149621
          ],
          [
            403374.2399351296,
            4768177.763106527
          ]
        ]
      },
      "properties": {
        "feature_type": "segment",
        "segment_id": 346,
        "step": 346,
        "length_m": 129.59,
        "elevation_start": 178.86,
        "elevation_end": 153.62,
        "slope_percent": 10.42,
        "cost_usd": 72572.1,
        "cost_per_m": 560.0,
        "cumulative_cost": 31377505.02,
        "terrain_cost": 43543.26,
        "environmental_cost": 14.37,
        "land_cover_class": 30,
        "land_cover_name": "Grassland",
        "geohazard_risk": 0.0,
        "soil_capacity": 0.0,
        "population_density": 0.0,
        "road_proximity_m": -1,
        "railway_proximity_m": -1,
        "water_proximity_m": -1,
        "crs": "EPSG:32633",
        "crs_name": "UTM Zone 33"
      }
    },
    {
      "type": "Feature",
      "geometry": {
        "type": "LineString",
        "coordinates": [
          [
            403374.2399351296,
            4768177.763106527
          ],
          [
            403503.8477921645,
            4768048.170063432
          ]
        ]
      },
      "properties": {
        "feature_type": "segment",
        "segment_id": 347,
        "step": 347,
        "length_m": 183.28,
        "elevation_start": 153.62,
        "elevation_end": 183.74,
        "slope_percent": 11.97,
        "cost_usd": 109969.63,
        "cost_per_m": 600.0,
        "cumulative_cost": 31487474.64,
        "terrain_cost": 65981.78,
        "environmental_cost": 19.55,
        "land_cover_class": 20,
        "land_cover_name": "Shrubland",
        "geohazard_risk": 0.0,
        "soil_capacity": 0.0,
        "population_density": 0.0,
        "road_proximity_m": -1,
        "railway_proximity_m": -1,
        "water_proximity_m": -1,
        "crs": "EPSG:32633",
        "crs_name": "UTM Zone 33"
      }
    },
    {
      "type": "Feature",
      "geometry": {
        "type": "LineString",
        "coordinates": [
          [
            403503.8477921645,
            4768048.170063432
          ],
          [
            403633.4556491993,
            4767918.577020338
          ]
        ]
      },
      "properties": {
        "feature_type": "segment",
        "segment_id": 348,
        "step": 348,
        "length_m": 183.28,
        "elevation_start": 183.74,
        "elevation_end": 156.73,
        "slope_percent": 5.09,
        "cost_usd": 84310.05,
        "cost_per_m": 460.0,
        "cumulative_cost": 31571784.69,
        "terrain_cost": 50586.03,
        "environmental_cost": 22.59,
        "land_cover_class": 30,
        "land_cover_name": "Grassland",
        "geohazard_risk": 0.0,
        "soil_capacity": 0.0,
        "population_density": 0.0,
        "road_proximity_m": -1,
        "railway_proximity_m": -1,
        "water_proximity_m": -1,
        "crs": "EPSG:32633",
        "crs_name": "UTM Zone 33"
      }
    },
    {
      "type": "Feature",
      "geometry": {
        "type": "LineString",
        "coordinates": [
          [
            403633.4556491993,
            4767918.577020338
          ],
          [
            403763.06350623415,
            4767788.983977243
          ]
        ]
      },
      "properties": {
        "feature_type": "segment",
        "segment_id": 349,
        "step": 349,
        "length_m": 183.28,
        "elevation_start": 156.73,
        "elevation_end": 187.91,
        "slope_percent": 9.52,
        "cost_usd": 84310.05,
        "cost_per_m": 460.0,
        "cumulative_cost": 31656094.74,
        "terrain_cost": 50586.03,
        "environmental_cost": 21.99,
        "land_cover_class": 30,
        "land_cover_name": "Grassland",
        "geohazard_risk": 0.0,
        "soil_capacity": 0.0,
        "population_density": 0.0,
        "road_proximity_m": -1,
        "railway_proximity_m": -1,
        "water_proximity_m": -1,
        "crs": "EPSG:32633",
        "crs_name": "UTM Zone 33"
      }
    },
    {
      "type": "Feature",
      "geometry": {
        "type": "LineString",
        "coordinates": [
          [
            403763.06350623415,
            4767788.983977243
          ],
          [
            403763.06350623415,
            4767659.39093415
          ]
        ]
      },
      "properties": {
        "feature_type": "segment",
        "segment_id": 350,
        "step": 350,
        "length_m": 129.59,
        "elevation_start": 187.91,
        "elevation_end": 179.37,
        "slope_percent": 8.71,
        "cost_usd": 85531.41,
        "cost_per_m": 660.0,
        "cumulative_cost": 31741626.15,
        "terrain_cost": 51318.85,
        "environmental_cost": 1179.17,
        "land_cover_class": 40,
        "land_cover_name": "Cropland",
        "geohazard_risk": 0.0,
        "soil_capacity": 341.0,
        "population_density": 0.0025,
        "road_proximity_m": 41.1,
        "railway_proximity_m": 2626.1,
        "water_proximity_m": 1699.9,
        "crs": "EPSG:32633",
        "crs_name": "UTM Zone 33"
      }
    },
    {
      "type": "Feature",
      "geometry": {
        "type": "LineString",
        "coordinates": [
          [
            403763.06350623415,
            4767659.39093415
          ],
          [
            403763.06350623415,
            4767529.797891055
          ]
        ]
      },
      "properties": {
        "feature_type": "segment",
        "segment_id": 351,
        "step": 351,
        "length_m": 129.59,
        "elevation_start": 179.37,
        "elevation_end": 170.04,
        "slope_percent": 10.61,
        "cost_usd": 98490.71,
        "cost_per_m": 760.0,
        "cumulative_cost": 31840116.86,
        "terrain_cost": 59094.43,
        "environmental_cost": 1178.26,
        "land_cover_class": 40,
        "land_cover_name": "Cropland",
        "geohazard_risk": 0.0,
        "soil_capacity": 0.0,
        "population_density": 0.0,
        "road_proximity_m": -1,
        "railway_proximity_m": -1,
        "water_proximity_m": -1,
        "crs": "EPSG:32633",
        "crs_name": "UTM Zone 33"
      }
    },
    {
      "type": "Feature",
      "geometry": {
        "type": "LineString",
        "coordinates": [
          [
            403763.06350623415,
            4767529.797891055
          ],
          [
            403763.06350623415,
            4767400.204847961
          ]
        ]
      },
      "properties": {
        "feature_type": "segment",
        "segment_id": 352,
        "step": 352,
        "length_m": 129.59,
        "elevation_start": 170.04,
        "elevation_end": 169.28,
        "slope_percent": 5.44,
        "cost_usd": 59612.8,
        "cost_per_m": 460.0,
        "cumulative_cost": 31899729.66,
        "terrain_cost": 35767.68,
        "environmental_cost": 11.47,
        "land_cover_class": 30,
        "land_cover_name": "Grassland",
        "geohazard_risk": 0.0,
        "soil_capacity": 0.0,
        "population_density": 0.0,
        "road_proximity_m": -1,
        "railway_proximity_m": -1,
        "water_proximity_m": -1,
        "crs": "EPSG:32633",
        "crs_name": "UTM Zone 33"
      }
    },
    {
      "type": "Feature",
      "geometry": {
        "type": "LineString",
        "coordinates": [
          [
            403763.06350623415,
            4767400.204847961
          ],
          [
            403892.67136326904,
            4767270.611804866
          ]
        ]
      },
      "properties": {
        "feature_type": "segment",
        "segment_id": 353,
        "step": 353,
        "length_m": 183.28,
        "elevation_start": 169.28,
        "elevation_end": 177.36,
        "slope_percent": 11.56,
        "cost_usd": 102638.32,
        "cost_per_m": 560.0,
        "cumulative_cost": 32002367.98,
        "terrain_cost": 61582.99,
        "environmental_cost": 13.73,
        "land_cover_class": 30,
        "land_cover_name": "Grassland",
        "geohazard_risk": 0.0,
        "soil_capacity": 0.0,
        "population_density": 0.0,
        "road_proximity_m": -1,
        "railway_proximity_m": -1,
        "water_proximity_m": -1,
        "crs": "EPSG:32633",
        "crs_name": "UTM Zone 33"
      }
    },
    {
      "type": "Feature",
      "geometry": {
        "type": "LineString",
        "coordinates": [
          [
            403892.67136326904,
            4767270.611804866
          ],
          [
            403892.67136326904,
            4767141.018761772
          ]
        ]
      },
      "properties": {
        "feature_type": "segment",
        "segment_id": 354,
        "step": 354,
        "length_m": 129.59,
        "elevation_start": 177.36,
        "elevation_end": 138.51,
        "slope_percent": 27.01,
        "cost_usd": 155511.65,
        "cost_per_m": 1200.0,
        "cumulative_cost": 32157879.63,
        "terrain_cost": 93306.99,
        "environmental_cost": 9.63,
        "land_cover_class": 30,
        "land_cover_name": "Grassland",
        "geohazard_risk": 0.0,
        "soil_capacity": 0.0,
        "population_density": 0.0,
        "road_proximity_m": -1,
        "railway_proximity_m": -1,
        "water_proximity_m": -1,
        "crs": "EPSG:32633",
        "crs_name": "UTM Zone 33"
      }
    },
    {
      "type": "Feature",
      "geometry": {
        "type": "LineString",
        "coordinates": [
          [
            403892.67136326904,
            4767141.018761772
          ],
          [
            403892.67136326904,
            4767011.425718677
          ]
        ]
      },
      "properties": {
        "feature_type": "segment",
        "segment_id": 355,
        "step": 355,
        "length_m": 129.59,
        "elevation_start": 138.51,
        "elevation_end": 109.23,
        "slope_percent": 24.31,
        "cost_usd": 108858.16,
        "cost_per_m": 840.0,
        "cumulative_cost": 32266737.79,
        "terrain_cost": 65314.89,
        "environmental_cost": 9.19,
        "land_cover_class": 20,
        "land_cover_name": "Shrubland",
        "geohazard_risk": 0.0,
        "soil_capacity": 354.0,
        "population_density": 0.0018,
        "road_proximity_m": 18.3,
        "railway_proximity_m": 2634.0,
        "water_proximity_m": 1263.8,
        "crs": "EPSG:32633",
        "crs_name": "UTM Zone 33"
      }
    },
    {
      "type": "Feature",
      "geometry": {
        "type": "LineString",
        "coordinates": [
          [
            403892.67136326904,
            4767011.425718677
          ],
          [
            403892.67136326904,
            4766881.832675583
          ]
        ]
      },
      "properties": {
        "feature_type": "segment",
        "segment_id": 356,
        "step": 356,
        "length_m": 129.59,
        "elevation_start": 109.23,
        "elevation_end": 89.25,
        "slope_percent": 15.5,
        "cost_usd": 103674.43,
        "cost_per_m": 800.0,
        "cumulative_cost": 32370412.23,
        "terrain_cost": 62204.66,
        "environmental_cost": 10.59,
        "land_cover_class": 30,
        "land_cover_name": "Grassland",
        "geohazard_risk": 0.0,
        "soil_capacity": 0.0,
        "population_density": 0.0,
        "road_proximity_m": -1,
        "railway_proximity_m": -1,
        "water_proximity_m": -1,
        "crs": "EPSG:32633",
        "crs_name": "UTM Zone 33"
      }
    },
    {
      "type": "Feature",
      "geometry": {
        "type": "LineString",
        "coordinates": [
          [
            403892.67136326904,
            4766881.832675583
          ],
          [
            403892.67136326904,
            4766752.239632488
          ]
        ]
      },
      "properties": {
        "feature_type": "segment",
        "segment_id": 357,
        "step": 357,
        "length_m": 129.59,
        "elevation_start": 89.25,
        "elevation_end": 71.9,
        "slope_percent": 7.11,
        "cost_usd": 59612.8,
        "cost_per_m": 460.0,
        "cumulative_cost": 32430025.03,
        "terrain_cost": 35767.68,
        "environmental_cost": 10.78,
        "land_cover_class": 30,
        "land_cover_name": "Grassland",
        "geohazard_risk": 0.0,
        "soil_capacity": 0.0,
        "population_density": 0.0,
        "road_proximity_m": -1,
        "railway_proximity_m": -1,
        "water_proximity_m": -1,
        "crs": "EPSG:32633",
        "crs_name": "UTM Zone 33"
      }
    },
    {
      "type": "Feature",
      "geometry": {
        "type": "LineString",
        "coordinates": [
          [
            403892.67136326904,
            4766752.239632488
          ],
          [
            404022.27922030387,
            4766622.646589394
          ]
        ]
      },
      "properties": {
        "feature_type": "segment",
        "segment_id": 358,
        "step": 358,
        "length_m": 183.28,
        "elevation_start": 71.9,
        "elevation_end": 66.03,
        "slope_percent": 9.41,
        "cost_usd": 84310.05,
        "cost_per_m": 460.0,
        "cumulative_cost": 32514335.07,
        "terrain_cost": 50586.03,
        "environmental_cost": 14.52,
        "land_cover_class": 30,
        "land_cover_name": "Grassland",
        "geohazard_risk": 0.0,
        "soil_capacity": 0.0,
        "population_density": 0.0,
        "road_proximity_m": -1,
        "railway_proximity_m": -1,
        "water_proximity_m": -1,
        "crs": "EPSG:32633",
        "crs_name": "UTM Zone 33"
      }
    },
    {
      "type": "Feature",
      "geometry": {
        "type": "LineString",
        "coordinates": [
          [
            404022.27922030387,
            4766622.646589394
          ],
          [
            404151.8870773387,
            4766622.646589394
          ]
        ]
      },
      "properties": {
        "feature_type": "segment",
        "segment_id": 359,
        "step": 359,
        "length_m": 129.61,
        "elevation_start": 66.03,
        "elevation_end": 56.28,
        "slope_percent": 2.9,
        "cost_usd": 57027.46,
        "cost_per_m": 440.0,
        "cumulative_cost": 32571362.53,
        "terrain_cost": 34216.47,
        "environmental_cost": 11.16,
        "land_cover_class": 20,
        "land_cover_name": "Shrubland",
        "geohazard_risk": 0.0,
        "soil_capacity": 0.0,
        "population_density": 0.0,
        "road_proximity_m": -1,
        "railway_proximity_m": -1,
        "water_proximity_m": -1,
        "crs": "EPSG:32633",
        "crs_name": "UTM Zone 33"
      }
    },
    {
      "type": "Feature",
      "geometry": {
        "type": "LineString",
        "coordinates": [
          [
            404151.8870773387,
            4766622.646589394
          ],
          [
            404281.4949343736,
            4766493.0535463
          ]
        ]
      },
      "properties": {
        "feature_type": "segment",
        "segment_id": 360,
        "step": 360,
        "length_m": 183.28,
        "elevation_start": 56.28,
        "elevation_end": 55.8,
        "slope_percent": 6.49,
        "cost_usd": 84310.05,
        "cost_per_m": 460.0,
        "cumulative_cost": 32655672.58,
        "terrain_cost": 50586.03,
        "environmental_cost": 600.49,
        "land_cover_class": 30,
        "land_cover_name": "Grassland",
        "geohazard_risk": 0.0,
        "soil_capacity": 355.0,
        "population_density": 0.0819,
        "road_proximity_m": 128.9,
        "railway_proximity_m": 2365.2,
        "water_proximity_m": 640.2,
        "crs": "EPSG:32633",
        "crs_name": "UTM Zone 33"
      }
    },
    {
      "type": "Feature",
      "geometry": {
        "type": "LineString",
        "coordinates": [
          [
            404281.4949343736,
            4766493.0535463
          ],
          [
            404281.4949343736,
            4766363.460503206
          ]
        ]
      },
      "properties": {
        "feature_type": "segment",
        "segment_id": 361,
        "step": 361,
        "length_m": 129.59,
        "elevation_start": 55.8,
        "elevation_end": 68.41,
        "slope_percent": 9.05,
        "cost_usd": 59612.8,
        "cost_per_m": 460.0,
        "cumulative_cost": 32715285.38,
        "terrain_cost": 35767.68,
        "environmental_cost": 673.18,
        "land_cover_class": 30,
        "land_cover_name": "Grassland",
        "geohazard_risk": 0.0,
        "soil_capacity": 0.0,
        "population_density": 0.0,
        "road_proximity_m": -1,
        "railway_proximity_m": -1,
        "water_proximity_m": -1,
        "crs": "EPSG:32633",
        "crs_name": "UTM Zone 33"
      }
    },
    {
      "type": "Feature",
      "geometry": {
        "type": "LineString",
        "coordinates": [
          [
            404281.4949343736,
            4766363.460503206
          ],
          [
            404281.4949343736,
            4766233.867460111
          ]
        ]
      },
      "properties": {
        "feature_type": "segment",
        "segment_id": 362,
        "step": 362,
        "length_m": 129.59,
        "elevation_start": 68.41,
        "elevation_end": 50.23,
        "slope_percent": 13.68,
        "cost_usd": 72572.1,
        "cost_per_m": 560.0,
        "cumulative_cost": 32787857.48,
        "terrain_cost": 43543.26,
        "environmental_cost": 456.7,
        "land_cover_class": 30,
        "land_cover_name": "Grassland",
        "geohazard_risk": 0.0,
        "soil_capacity": 0.0,
        "population_density": 0.0,
        "road_proximity_m": -1,
        "railway_proximity_m": -1,
        "water_proximity_m": -1,
        "crs": "EPSG:32633",
        "crs_name": "UTM Zone 33"
      }
    },
    {
      "type": "Feature",
      "geometry": {
        "type": "LineString",
        "coordinates": [
          [
            404281.4949343736,
            4766233.867460111
          ],
          [
            404281.4949343736,
            4766104.274417017
          ]
        ]
      },
      "properties": {
        "feature_type": "segment",
        "segment_id": 363,
        "step": 363,
        "length_m": 129.59,
        "elevation_start": 50.23,
        "elevation_end": 32.48,
        "slope_percent": 9.57,
        "cost_usd": 85531.41,
        "cost_per_m": 660.0,
        "cumulative_cost": 32873388.89,
        "terrain_cost": 51318.85,
        "environmental_cost": 1277.7,
        "land_cover_class": 40,
        "land_cover_name": "Cropland",
        "geohazard_risk": 0.0,
        "soil_capacity": 0.0,
        "population_density": 0.0,
        "road_proximity_m": -1,
        "railway_proximity_m": -1,
        "water_proximity_m": -1,
        "crs": "EPSG:32633",
        "crs_name": "UTM Zone 33"
      }
    },
    {
      "type": "Feature",
      "geometry": {
        "type": "LineString",
        "coordinates": [
          [
            404281.4949343736,
            4766104.274417017
          ],
          [
            404411.1027914084,
            4765974.681373922
          ]
        ]
      },
      "properties": {
        "feature_type": "segment",
        "segment_id": 364,
        "step": 364,
        "length_m": 183.28,
        "elevation_start": 32.48,
        "elevation_end": 22.31,
        "slope_percent": 4.49,
        "cost_usd": 109969.63,
        "cost_per_m": 600.0,
        "cumulative_cost": 32983358.52,
        "terrain_cost": 65981.78,
        "environmental_cost": 1790.31,
        "land_cover_class": 40,
        "land_cover_name": "Cropland",
        "geohazard_risk": 0.0,
        "soil_capacity": 0.0,
        "population_density": 0.0,
        "road_proximity_m": -1,
        "railway_proximity_m": -1,
        "water_proximity_m": -1,
        "crs": "EPSG:32633",
        "crs_name": "UTM Zone 33"
      }
    },
    {
      "type": "Feature",
      "geometry": {
        "type": "LineString",
        "coordinates": [
          [
            404411.1027914084,
            4765974.681373922
          ],
          [
            404540.7106484433,
            4765845.088330828
          ]
        ]
      },
      "properties": {
        "feature_type": "segment",
        "segment_id": 365,
        "step": 365,
        "length_m": 183.28,
        "elevation_start": 22.31,
        "elevation_end": 20.93,
        "slope_percent": 0.76,
        "cost_usd": 80644.39,
        "cost_per_m": 440.0,
        "cumulative_cost": 33064002.92,
        "terrain_cost": 48386.64,
        "environmental_cost": 444.86,
        "land_cover_class": 20,
        "land_cover_name": "Shrubland",
        "geohazard_risk": 0.0,
        "soil_capacity": 380.0,
        "population_density": 0.0607,
        "road_proximity_m": 324.0,
        "railway_proximity_m": 2248.8,
        "water_proximity_m": 56.9,
        "crs": "EPSG:32633",
        "crs_name": "UTM Zone 33"
      }
    },
    {
      "type": "Feature",
      "geometry": {
        "type": "LineString",
        "coordinates": [
          [
            404540.7106484433,
            4765845.088330828
          ],
          [
            404670.31850547815,
            4765845.088330828
          ]
        ]
      },
      "properties": {
        "feature_type": "segment",
        "segment_id": 366,
        "step": 366,
        "length_m": 129.61,
        "elevation_start": 20.93,
        "elevation_end": 20.19,
        "slope_percent": 0.7,
        "cost_usd": 57027.46,
        "cost_per_m": 440.0,
        "cumulative_cost": 33121030.37,
        "terrain_cost": 34216.47,
        "environmental_cost": 268.31,
        "land_cover_class": 20,
        "land_cover_name": "Shrubland",
        "geohazard_risk": 0.0,
        "soil_capacity": 0.0,
        "population_density": 0.0,
        "road_proximity_m": -1,
        "railway_proximity_m": -1,
        "water_proximity_m": -1,
        "crs": "EPSG:32633",
        "crs_name": "UTM Zone 33"
      }
    },
    {
      "type": "Feature",
      "geometry": {
        "type": "LineString",
        "coordinates": [
          [
            404670.31850547815,
            4765845.088330828
          ],
          [
            404670.31850547815,
            4765715.495287733
          ]
        ]
      },
      "properties": {
        "feature_type": "segment",
        "segment_id": 367,
        "step": 367,
        "length_m": 129.59,
        "elevation_start": 20.19,
        "elevation_end": 21.14,
        "slope_percent": 0.95,
        "cost_usd": 77755.83,
        "cost_per_m": 600.0,
        "cumulative_cost": 33198786.2,
        "terrain_cost": 46653.5,
        "environmental_cost": 1508.53,
        "land_cover_class": 40,
        "land_cover_name": "Cropland",
        "geohazard_risk": 0.0,
        "soil_capacity": 0.0,
        "population_density": 0.0,
        "road_proximity_m": -1,
        "railway_proximity_m": -1,
        "water_proximity_m": -1,
        "crs": "EPSG:32633",
        "crs_name": "UTM Zone 33"
      }
    },
    {
      "type": "Feature",
      "geometry": {
        "type": "LineString",
        "coordinates": [
          [
            404670.31850547815,
            4765715.495287733
          ],
          [
            404799.926362513,
            4765585.902244639
          ]
        ]
      },
      "properties": {
        "feature_type": "segment",
        "segment_id": 368,
        "step": 368,
        "length_m": 183.28,
        "elevation_start": 21.14,
        "elevation_end": 21.44,
        "slope_percent": 4.22,
        "cost_usd": 73313.09,
        "cost_per_m": 400.0,
        "cumulative_cost": 33272099.28,
        "terrain_cost": 43987.85,
        "environmental_cost": 553.16,
        "land_cover_class": 30,
        "land_cover_name": "Grassland",
        "geohazard_risk": 0.0,
        "soil_capacity": 0.0,
        "population_density": 0.0,
        "road_proximity_m": -1,
        "railway_proximity_m": -1,
        "water_proximity_m": -1,
        "crs": "EPSG:32633",
        "crs_name": "UTM Zone 33"
      }
    },
    {
      "type": "Feature",
      "geometry": {
        "type": "LineString",
        "coordinates": [
          [
            404799.926362513,
            4765585.902244639
          ],
          [
            404799.926362513,
            4765456.309201544
          ]
        ]
      },
      "properties": {
        "feature_type": "segment",
        "segment_id": 369,
        "step": 369,
        "length_m": 129.59,
        "elevation_start": 21.44,
        "elevation_end": 31.72,
        "slope_percent": 11.47,
        "cost_usd": 72572.1,
        "cost_per_m": 560.0,
        "cumulative_cost": 33344671.39,
        "terrain_cost": 43543.26,
        "environmental_cost": 78.67,
        "land_cover_class": 30,
        "land_cover_name": "Grassland",
        "geohazard_risk": 0.0,
        "soil_capacity": 0.0,
        "population_density": 0.0,
        "road_proximity_m": -1,
        "railway_proximity_m": -1,
        "water_proximity_m": -1,
        "crs": "EPSG:32633",
        "crs_name": "UTM Zone 33"
      }
    },
    {
      "type": "Feature",
      "geometry": {
        "type": "LineString",
        "coordinates": [
          [
            404799.926362513,
            4765456.309201544
          ],
          [
            404670.31850547815,
            4765326.71615845
          ]
        ]
      },
      "properties": {
        "feature_type": "segment",
        "segment_id": 370,
        "step": 370,
        "length_m": 183.28,
        "elevation_start": 31.72,
        "elevation_end": 61.72,
        "slope_percent": 16.82,
        "cost_usd": 146626.17,
        "cost_per_m": 800.0,
        "cumulative_cost": 33491297.56,
        "terrain_cost": 87975.7,
        "environmental_cost": 304.25,
        "land_cover_class": 30,
        "land_cover_name": "Grassland",
        "geohazard_risk": 0.0,
        "soil_capacity": 367.0,
        "population_density": 0.0415,
        "road_proximity_m": 159.6,
        "railway_proximity_m": 2225.1,
        "water_proximity_m": 585.2,
        "crs": "EPSG:32633",
        "crs_name": "UTM Zone 33"
      }
    },
    {
      "type": "Feature",
      "geometry": {
        "type": "LineString",
        "coordinates": [
          [
            404670.31850547815,
            4765326.71615845
          ],
          [
            404540.7106484433,
            4765197.123115356
          ]
        ]
      },
      "properties": {
        "feature_type": "segment",
        "segment_id": 371,
        "step": 371,
        "length_m": 183.28,
        "elevation_start": 61.72,
        "elevation_end": 74.23,
        "slope_percent": 21.16,
        "cost_usd": 153957.48,
        "cost_per_m": 840.0,
        "cumulative_cost": 33645255.04,
        "terrain_cost": 92374.49,
        "environmental_cost": 42.95,
        "land_cover_class": 20,
        "land_cover_name": "Shrubland",
        "geohazard_risk": 0.0,
        "soil_capacity": 0.0,
        "population_density": 0.0,
        "road_proximity_m": -1,
        "railway_proximity_m": -1,
        "water_proximity_m": -1,
        "crs": "EPSG:32633",
        "crs_name": "UTM Zone 33"
      }
    },
    {
      "type": "Feature",
      "geometry": {
        "type": "LineString",
        "coordinates": [
          [
            404540.7106484433,
            4765197.123115356
          ],
          [
            404411.1027914084,
            4765067.530072262
          ]
        ]
      },
      "properties": {
        "feature_type": "segment",
        "segment_id": 372,
        "step": 372,
        "length_m": 183.28,
        "elevation_start": 74.23,
        "elevation_end": 95.01,
        "slope_percent": 25.04,
        "cost_usd": 219939.26,
        "cost_per_m": 1200.0,
        "cumulative_cost": 33865194.3,
        "terrain_cost": 131963.55,
        "environmental_cost": 33.54,
        "land_cover_class": 30,
        "land_cover_name": "Grassland",
        "geohazard_risk": 0.0,
        "soil_capacity": 0.0,
        "population_density": 0.0,
        "road_proximity_m": -1,
        "railway_proximity_m": -1,
        "water_proximity_m": -1,
        "crs": "EPSG:32633",
        "crs_name": "UTM Zone 33"
      }
    },
    {
      "type": "Feature",
      "geometry": {
        "type": "LineString",
        "coordinates": [
          [
            404411.1027914084,
            4765067.530072262
          ],
          [
            404540.7106484433,
            4764937.937029167
          ]
        ]
      },
      "properties": {
        "feature_type": "segment",
        "segment_id": 373,
        "step": 373,
        "length_m": 183.28,
        "elevation_start": 95.01,
        "elevation_end": 140.68,
        "slope_percent": 13.27,
        "cost_usd": 109969.63,
        "cost_per_m": 600.0,
        "cumulative_cost": 33975163.93,
        "terrain_cost": 65981.78,
        "environmental_cost": 27.15,
        "land_cover_class": 20,
        "land_cover_name": "Shrubland",
        "geohazard_risk": 0.0,
        "soil_capacity": 0.0,
        "population_density": 0.0,
        "road_proximity_m": -1,
        "railway_proximity_m": -1,
        "water_proximity_m": -1,
        "crs": "EPSG:32633",
        "crs_name": "UTM Zone 33"
      }
    },
    {
      "type": "Feature",
      "geometry": {
        "type": "LineString",
        "coordinates": [
          [
            404540.7106484433,
            4764937.937029167
          ],
          [
            404540.7106484433,
            4764808.343986073
          ]
        ]
      },
      "properties": {
        "feature_type": "segment",
        "segment_id": 374,
        "step": 374,
        "length_m": 129.59,
        "elevation_start": 140.68,
        "elevation_end": 130.26,
        "slope_percent": 19.14,
        "cost_usd": 103674.43,
        "cost_per_m": 800.0,
        "cumulative_cost": 34078838.36,
        "terrain_cost": 62204.66,
        "environmental_cost": 19.12,
        "land_cover_class": 30,
        "land_cover_name": "Grassland",
        "geohazard_risk": 0.0,
        "soil_capacity": 0.0,
        "population_density": 0.0,
        "road_proximity_m": -1,
        "railway_proximity_m": -1,
        "water_proximity_m": -1,
        "crs": "EPSG:32633",
        "crs_name": "UTM Zone 33"
      }
    },
    {
      "type": "Feature",
      "geometry": {
        "type": "LineString",
        "coordinates": [
          [
            404540.7106484433,
            4764808.343986073
          ],
          [
            404411.1027914084,
            4764678.750942978
          ]
        ]
      },
      "properties": {
        "feature_type": "segment",
        "segment_id": 375,
        "step": 375,
        "length_m": 183.28,
        "elevation_start": 130.26,
        "elevation_end": 132.29,
        "slope_percent": 17.51,
        "cost_usd": 153957.48,
        "cost_per_m": 840.0,
        "cumulative_cost": 34232795.84,
        "terrain_cost": 92374.49,
        "environmental_cost": 24.07,
        "land_cover_class": 20,
        "land_cover_name": "Shrubland",
        "geohazard_risk": 0.0,
        "soil_capacity": 323.0,
        "population_density": 0.0033,
        "road_proximity_m": 16.5,
        "railway_proximity_m": 2606.8,
        "water_proximity_m": 1059.1,
        "crs": "EPSG:32633",
        "crs_name": "UTM Zone 33"
      }
    },
    {
      "type": "Feature",
      "geometry": {
        "type": "LineString",
        "coordinates": [
          [
            404411.1027914084,
            4764678.750942978
          ],
          [
            404281.4949343736,
            4764549.157899884
          ]
        ]
      },
      "properties": {
        "feature_type": "segment",
        "segment_id": 376,
        "step": 376,
        "length_m": 183.28,
        "elevation_start": 132.29,
        "elevation_end": 151.79,
        "slope_percent": 14.19,
        "cost_usd": 109969.63,
        "cost_per_m": 600.0,
        "cumulative_cost": 34342765.47,
        "terrain_cost": 65981.78,
        "environmental_cost": 27.51,
        "land_cover_class": 20,
        "land_cover_name": "Shrubland",
        "geohazard_risk": 0.0,
        "soil_capacity": 0.0,
        "population_density": 0.0,
        "road_proximity_m": -1,
        "railway_proximity_m": -1,
        "water_proximity_m": -1,
        "crs": "EPSG:32633",
        "crs_name": "UTM Zone 33"
      }
    },
    {
      "type": "Feature",
      "geometry": {
        "type": "LineString",
        "coordinates": [
          [
            404281.4949343736,
            4764549.157899884
          ],
          [
            404281.4949343736,
            4764419.564856789
          ]
        ]
      },
      "properties": {
        "feature_type": "segment",
        "segment_id": 377,
        "step": 377,
        "length_m": 129.59,
        "elevation_start": 151.79,
        "elevation_end": 150.68,
        "slope_percent": 12.43,
        "cost_usd": 85531.41,
        "cost_per_m": 660.0,
        "cumulative_cost": 34428296.88,
        "terrain_cost": 51318.85,
        "environmental_cost": 1581.16,
        "land_cover_class": 10,
        "land_cover_name": "Tree cover",
        "geohazard_risk": 0.0,
        "soil_capacity": 0.0,
        "population_density": 0.0,
        "road_proximity_m": -1,
        "railway_proximity_m": -1,
        "water_proximity_m": -1,
        "crs": "EPSG:32633",
        "crs_name": "UTM Zone 33"
      }
    },
    {
      "type": "Feature",
      "geometry": {
        "type": "LineString",
        "coordinates": [
          [
            404281.4949343736,
            4764419.564856789
          ],
          [
            404411.1027914084,
            4764289.971813695
          ]
        ]
      },
      "properties": {
        "feature_type": "segment",
        "segment_id": 378,
        "step": 378,
        "length_m": 183.28,
        "elevation_start": 150.68,
        "elevation_end": 189.24,
        "slope_percent": 10.72,
        "cost_usd": 102638.32,
        "cost_per_m": 560.0,
        "cumulative_cost": 34530935.2,
        "terrain_cost": 61582.99,
        "environmental_cost": 29.23,
        "land_cover_class": 30,
        "land_cover_name": "Grassland",
        "geohazard_risk": 0.0,
        "soil_capacity": 0.0,
        "population_density": 0.0,
        "road_proximity_m": -1,
        "railway_proximity_m": -1,
        "water_proximity_m": -1,
        "crs": "EPSG:32633",
        "crs_name": "UTM Zone 33"
      }
    },
    {
      "type": "Feature",
      "geometry": {
        "type": "LineString",
        "coordinates": [
          [
            404411.1027914084,
            4764289.971813695
          ],
          [
            404411.1027914084,
            4764160.3787706
          ]
        ]
      },
      "properties": {
        "feature_type": "segment",
        "segment_id": 379,
        "step": 379,
        "length_m": 129.59,
        "elevation_start": 189.24,
        "elevation_end": 190.61,
        "slope_percent": 7.95,
        "cost_usd": 59612.8,
        "cost_per_m": 460.0,
        "cumulative_cost": 34590548.0,
        "terrain_cost": 35767.68,
        "environmental_cost": 23.92,
        "land_cover_class": 30,
        "land_cover_name": "Grassland",
        "geohazard_risk": 0.0,
        "soil_capacity": 0.0,
        "population_density": 0.0,
        "road_proximity_m": -1,
        "railway_proximity_m": -1,
        "water_proximity_m": -1,
        "crs": "EPSG:32633",
        "crs_name": "UTM Zone 33"
      }
    },
    {
      "type": "Feature",
      "geometry": {
        "type": "LineString",
        "coordinates": [
          [
            404411.1027914084,
            4764160.3787706
          ],
          [
            404411.1027914084,
            4764030.785727506
          ]
        ]
      },
      "properties": {
        "feature_type": "segment",
        "segment_id": 380,
        "step": 380,
        "length_m": 129.59,
        "elevation_start": 190.61,
        "elevation_end": 182.1,
        "slope_percent": 19.12,
        "cost_usd": 103674.43,
        "cost_per_m": 800.0,
        "cumulative_cost": 34694222.43,
        "terrain_cost": 62204.66,
        "environmental_cost": 22.21,
        "land_cover_class": 30,
        "land_cover_name": "Grassland",
        "geohazard_risk": 0.0,
        "soil_capacity": 285.0,
        "population_density": 0.0043,
        "road_proximity_m": 176.9,
        "railway_proximity_m": 2719.8,
        "water_proximity_m": 677.3,
        "crs": "EPSG:32633",
        "crs_name": "UTM Zone 33"
      }
    },
    {
      "type": "Feature",
      "geometry": {
        "type": "LineString",
        "coordinates": [
          [
            404411.1027914084,
            4764030.785727506
          ],
          [
            404411.1027914084,
            4763901.192684412
          ]
        ]
      },
      "properties": {
        "feature_type": "segment",
        "segment_id": 381,
        "step": 381,
        "length_m": 129.59,
        "elevation_start": 182.1,
        "elevation_end": 150.3,
        "slope_percent": 23.07,
        "cost_usd": 103674.43,
        "cost_per_m": 800.0,
        "cumulative_cost": 34797896.87,
        "terrain_cost": 62204.66,
        "environmental_cost": 20.84,
        "land_cover_class": 30,
        "land_cover_name": "Grassland",
        "geohazard_risk": 0.0,
        "soil_capacity": 0.0,
        "population_density": 0.0,
        "road_proximity_m": -1,
        "railway_proximity_m": -1,
        "water_proximity_m": -1,
        "crs": "EPSG:32633",
        "crs_name": "UTM Zone 33"
      }
    },
    {
      "type": "Feature",
      "geometry": {
        "type": "LineString",
        "coordinates": [
          [
            404411.1027914084,
            4763901.192684412
          ],
          [
            404411.1027914084,
            4763771.5996413175
          ]
        ]
      },
      "properties": {
        "feature_type": "segment",
        "segment_id": 382,
        "step": 382,
        "length_m": 129.59,
        "elevation_start": 150.3,
        "elevation_end": 115.1,
        "slope_percent": 10.49,
        "cost_usd": 85531.41,
        "cost_per_m": 660.0,
        "cumulative_cost": 34883428.27,
        "terrain_cost": 51318.85,
        "environmental_cost": 1614.57,
        "land_cover_class": 10,
        "land_cover_name": "Tree cover",
        "geohazard_risk": 0.0,
        "soil_capacity": 0.0,
        "population_density": 0.0,
        "road_proximity_m": -1,
        "railway_proximity_m": -1,
        "water_proximity_m": -1,
        "crs": "EPSG:32633",
        "crs_name": "UTM Zone 33"
      }
    },
    {
      "type": "Feature",
      "geometry": {
        "type": "LineString",
        "coordinates": [
          [
            404411.1027914084,
            4763771.5996413175
          ],
          [
            404281.4949343736,
            4763642.006598223
          ]
        ]
      },
      "properties": {
        "feature_type": "segment",
        "segment_id": 383,
        "step": 383,
        "length_m": 183.28,
        "elevation_start": 115.1,
        "elevation_end": 179.95,
        "slope_percent": 7.75,
        "cost_usd": 84310.05,
        "cost_per_m": 460.0,
        "cumulative_cost": 34967738.32,
        "terrain_cost": 50586.03,
        "environmental_cost": 82.09,
        "land_cover_class": 30,
        "land_cover_name": "Grassland",
        "geohazard_risk": 0.0,
        "soil_capacity": 0.0,
        "population_density": 0.0,
        "road_proximity_m": -1,
        "railway_proximity_m": -1,
        "water_proximity_m": -1,
        "crs": "EPSG:32633",
        "crs_name": "UTM Zone 33"
      }
    },
    {
      "type": "Feature",
      "geometry": {
        "type": "LineString",
        "coordinates": [
          [
            404281.4949343736,
            4763642.006598223
          ],
          [
            404151.8870773387,
            4763512.4135551285
          ]
        ]
      },
      "properties": {
        "feature_type": "segment",
        "segment_id": 384,
        "step": 384,
        "length_m": 183.28,
        "elevation_start": 179.95,
        "elevation_end": 122.25,
        "slope_percent": 27.52,
        "cost_usd": 227270.57,
        "cost_per_m": 1240.0,
        "cumulative_cost": 35195008.89,
        "terrain_cost": 136362.34,
        "environmental_cost": 90.32,
        "land_cover_class": 20,
        "land_cover_name": "Shrubland",
        "geohazard_risk": 0.0,
        "soil_capacity": 0.0,
        "population_density": 0.0,
        "road_proximity_m": -1,
        "railway_proximity_m": -1,
        "water_proximity_m": -1,
        "crs": "EPSG:32633",
        "crs_name": "UTM Zone 33"
      }
    },
    {
      "type": "Feature",
      "geometry": {
        "type": "LineString",
        "coordinates": [
          [
            404151.8870773387,
            4763512.4135551285
          ],
          [
            404151.8870773387,
            4763382.820512034
          ]
        ]
      },
      "properties": {
        "feature_type": "segment",
        "segment_id": 385,
        "step": 385,
        "length_m": 129.59,
        "elevation_start": 122.25,
        "elevation_end": 97.22,
        "slope_percent": 6.22,
        "cost_usd": 59612.8,
        "cost_per_m": 460.0,
        "cumulative_cost": 35254621.69,
        "terrain_cost": 35767.68,
        "environmental_cost": 69.41,
        "land_cover_class": 30,
        "land_cover_name": "Grassland",
        "geohazard_risk": 0.0,
        "soil_capacity": 293.0,
        "population_density": 0.0134,
        "road_proximity_m": 20.4,
        "railway_proximity_m": 3088.3,
        "water_proximity_m": 29.0,
        "crs": "EPSG:32633",
        "crs_name": "UTM Zone 33"
      }
    },
    {
      "type": "Feature",
      "geometry": {
        "type": "LineString",
        "coordinates": [
          [
            404151.8870773387,
            4763382.820512034
          ],
          [
            404151.8870773387,
            4763253.2274689395
          ]
        ]
      },
      "properties": {
        "feature_type": "segment",
        "segment_id": 386,
        "step": 386,
        "length_m": 129.59,
        "elevation_start": 97.22,
        "elevation_end": 102.33,
        "slope_percent": 12.45,
        "cost_usd": 77755.83,
        "cost_per_m": 600.0,
        "cumulative_cost": 35332377.52,
        "terrain_cost": 46653.5,
        "environmental_cost": 73.32,
        "land_cover_class": 20,
        "land_cover_name": "Shrubland",
        "geohazard_risk": 0.0,
        "soil_capacity": 0.0,
        "population_density": 0.0,
        "road_proximity_m": -1,
        "railway_proximity_m": -1,
        "water_proximity_m": -1,
        "crs": "EPSG:32633",
        "crs_name": "UTM Zone 33"
      }
    },
    {
      "type": "Feature",
      "geometry": {
        "type": "LineString",
        "coordinates": [
          [
            404151.8870773387,
            4763253.2274689395
          ],
          [
            404281.4949343736,
            4763123.634425845
          ]
        ]
      },
      "properties": {
        "feature_type": "segment",
        "segment_id": 387,
        "step": 387,
        "length_m": 183.28,
        "elevation_start": 102.33,
        "elevation_end": 151.94,
        "slope_percent": 25.87,
        "cost_usd": 227270.57,
        "cost_per_m": 1240.0,
        "cumulative_cost": 35559648.08,
        "terrain_cost": 136362.34,
        "environmental_cost": 87.16,
        "land_cover_class": 20,
        "land_cover_name": "Shrubland",
        "geohazard_risk": 0.0,
        "soil_capacity": 0.0,
        "population_density": 0.0,
        "road_proximity_m": -1,
        "railway_proximity_m": -1,
        "water_proximity_m": -1,
        "crs": "EPSG:32633",
        "crs_name": "UTM Zone 33"
      }
    },
    {
      "type": "Feature",
      "geometry": {
        "type": "LineString",
        "coordinates": [
          [
            404281.4949343736,
            4763123.634425845
          ],
          [
            404411.1027914084,
            4762994.0413827505
          ]
        ]
      },
      "properties": {
        "feature_type": "segment",
        "segment_id": 388,
        "step": 388,
        "length_m": 183.28,
        "elevation_start": 151.94,
        "elevation_end": 155.43,
        "slope_percent": 11.22,
        "cost_usd": 109969.63,
        "cost_per_m": 600.0,
        "cumulative_cost": 35669617.71,
        "terrain_cost": 65981.78,
        "environmental_cost": 89.23,
        "land_cover_class": 20,
        "land_cover_name": "Shrubland",
        "geohazard_risk": 0.0,
        "soil_capacity": 0.0,
        "population_density": 0.0,
        "road_proximity_m": -1,
        "railway_proximity_m": -1,
        "water_proximity_m": -1,
        "crs": "EPSG:32633",
        "crs_name": "UTM Zone 33"
      }
    },
    {
      "type": "Feature",
      "geometry": {
        "type": "LineString",
        "coordinates": [
          [
            404411.1027914084,
            4762994.0413827505
          ],
          [
            404411.1027914084,
            4762864.448339656
          ]
        ]
      },
      "properties": {
        "feature_type": "segment",
        "segment_id": 389,
        "step": 389,
        "length_m": 129.59,
        "elevation_start": 155.43,
        "elevation_end": 175.14,
        "slope_percent": 10.18,
        "cost_usd": 72572.1,
        "cost_per_m": 560.0,
        "cumulative_cost": 35742189.81,
        "terrain_cost": 43543.26,
        "environmental_cost": 27.81,
        "land_cover_class": 30,
        "land_cover_name": "Grassland",
        "geohazard_risk": 0.0,
        "soil_capacity": 0.0,
        "population_density": 0.0,
        "road_proximity_m": -1,
        "railway_proximity_m": -1,
        "water_proximity_m": -1,
        "crs": "EPSG:32633",
        "crs_name": "UTM Zone 33"
      }
    },
    {
      "type": "Feature",
      "geometry": {
        "type": "LineString",
        "coordinates": [
          [
            404411.1027914084,
            4762864.448339656
          ],
          [
            404411.1027914084,
            4762734.8552965615
          ]
        ]
      },
      "properties": {
        "feature_type": "segment",
        "segment_id": 390,
        "step": 390,
        "length_m": 129.59,
        "elevation_start": 175.14,
        "elevation_end": 199.1,
        "slope_percent": 10.74,
        "cost_usd": 77755.83,
        "cost_per_m": 600.0,
        "cumulative_cost": 35819945.64,
        "terrain_cost": 46653.5,
        "environmental_cost": 26.11,
        "land_cover_class": 20,
        "land_cover_name": "Shrubland",
        "geohazard_risk": 0.0,
        "soil_capacity": 311.0,
        "population_density": 0.005,
        "road_proximity_m": 112.5,
        "railway_proximity_m": 2969.3,
        "water_proximity_m": 613.9,
        "crs": "EPSG:32633",
        "crs_name": "UTM Zone 33"
      }
    },
    {
      "type": "Feature",
      "geometry": {
        "type": "LineString",
        "coordinates": [
          [
            404411.1027914084,
            4762734.8552965615
          ],
          [
            404411.1027914084,
            4762605.262253468
          ]
        ]
      },
      "properties": {
        "feature_type": "segment",
        "segment_id": 391,
        "step": 391,
        "length_m": 129.59,
        "elevation_start": 199.1,
        "elevation_end": 171.1,
        "slope_percent": 29.66,
        "cost_usd": 160695.37,
        "cost_per_m": 1240.0,
        "cumulative_cost": 35980641.01,
        "terrain_cost": 96417.22,
        "environmental_cost": 18.86,
        "land_cover_class": 20,
        "land_cover_name": "Shrubland",
        "geohazard_risk": 0.0,
        "soil_capacity": 0.0,
        "population_density": 0.0,
        "road_proximity_m": -1,
        "railway_proximity_m": -1,
        "water_proximity_m": -1,
        "crs": "EPSG:32633",
        "crs_name": "UTM Zone 33"
      }
    },
    {
      "type": "Feature",
      "geometry": {
        "type": "LineString",
        "coordinates": [
          [
            404411.1027914084,
            4762605.262253468
          ],
          [
            404540.7106484433,
            4762475.669210373
          ]
        ]
      },
      "properties": {
        "feature_type": "segment",
        "segment_id": 392,
        "step": 392,
        "length_m": 183.28,
        "elevation_start": 171.1,
        "elevation_end": 125.37,
        "slope_percent": 8.32,
        "cost_usd": 102638.32,
        "cost_per_m": 560.0,
        "cumulative_cost": 36083279.33,
        "terrain_cost": 61582.99,
        "environmental_cost": 2225.53,
        "land_cover_class": 10,
        "land_cover_name": "Tree cover",
        "geohazard_risk": 0.0,
        "soil_capacity": 0.0,
        "population_density": 0.0,
        "road_proximity_m": -1,
        "railway_proximity_m": -1,
        "water_proximity_m": -1,
        "crs": "EPSG:32633",
        "crs_name": "UTM Zone 33"
      }
    },
    {
      "type": "Feature",
      "geometry": {
        "type": "LineString",
        "coordinates": [
          [
            404540.7106484433,
            4762475.669210373
          ],
          [
            404670.31850547815,
            4762346.076167279
          ]
        ]
      },
      "properties": {
        "feature_type": "segment",
        "segment_id": 393,
        "step": 393,
        "length_m": 183.28,
        "elevation_start": 125.37,
        "elevation_end": 180.94,
        "slope_percent": 18.93,
        "cost_usd": 146626.17,
        "cost_per_m": 800.0,
        "cumulative_cost": 36229905.51,
        "terrain_cost": 87975.7,
        "environmental_cost": 25.37,
        "land_cover_class": 30,
        "land_cover_name": "Grassland",
        "geohazard_risk": 0.0,
        "soil_capacity": 0.0,
        "population_density": 0.0,
        "road_proximity_m": -1,
        "railway_proximity_m": -1,
        "water_proximity_m": -1,
        "crs": "EPSG:32633",
        "crs_name": "UTM Zone 33"
      }
    },
    {
      "type": "Feature",
      "geometry": {
        "type": "LineString",
        "coordinates": [
          [
            404670.31850547815,
            4762346.076167279
          ],
          [
            404799.926362513,
            4762216.483124184
          ]
        ]
      },
      "properties": {
        "feature_type": "segment",
        "segment_id": 394,
        "step": 394,
        "length_m": 183.28,
        "elevation_start": 180.94,
        "elevation_end": 192.47,
        "slope_percent": 2.0,
        "cost_usd": 73313.09,
        "cost_per_m": 400.0,
        "cumulative_cost": 36303218.59,
        "terrain_cost": 43987.85,
        "environmental_cost": 29.78,
        "land_cover_class": 30,
        "land_cover_name": "Grassland",
        "geohazard_risk": 0.0,
        "soil_capacity": 0.0,
        "population_density": 0.0,
        "road_proximity_m": -1,
        "railway_proximity_m": -1,
        "water_proximity_m": -1,
        "crs": "EPSG:32633",
        "crs_name": "UTM Zone 33"
      }
    },
    {
      "type": "Feature",
      "geometry": {
        "type": "LineString",
        "coordinates": [
          [
            404799.926362513,
            4762216.483124184
          ],
          [
            404799.926362513,
            4762086.89008109
          ]
        ]
      },
      "properties": {
        "feature_type": "segment",
        "segment_id": 395,
        "step": 395,
        "length_m": 129.59,
        "elevation_start": 192.47,
        "elevation_end": 194.39,
        "slope_percent": 16.9,
        "cost_usd": 103674.43,
        "cost_per_m": 800.0,
        "cumulative_cost": 36406893.03,
        "terrain_cost": 62204.66,
        "environmental_cost": 24.86,
        "land_cover_class": 30,
        "land_cover_name": "Grassland",
        "geohazard_risk": 0.0,
        "soil_capacity": 328.0,
        "population_density": 0.0048,
        "road_proximity_m": 84.5,
        "railway_proximity_m": 2733.3,
        "water_proximity_m": 1289.0,
        "crs": "EPSG:32633",
        "crs_name": "UTM Zone 33"
      }
    },
    {
      "type": "Feature",
      "geometry": {
        "type": "LineString",
        "coordinates": [
          [
            404799.926362513,
            4762086.89008109
          ],
          [
            404670.31850547815,
            4761957.297037995
          ]
        ]
      },
      "properties": {
        "feature_type": "segment",
        "segment_id": 396,
        "step": 396,
        "length_m": 183.28,
        "elevation_start": 194.39,
        "elevation_end": 170.57,
        "slope_percent": 21.62,
        "cost_usd": 146626.17,
        "cost_per_m": 800.0,
        "cumulative_cost": 36553519.2,
        "terrain_cost": 87975.7,
        "environmental_cost": 85.66,
        "land_cover_class": 30,
        "land_cover_name": "Grassland",
        "geohazard_risk": 0.0,
        "soil_capacity": 0.0,
        "population_density": 0.0,
        "road_proximity_m": -1,
        "railway_proximity_m": -1,
        "water_proximity_m": -1,
        "crs": "EPSG:32633",
        "crs_name": "UTM Zone 33"
      }
    },
    {
      "type": "Feature",
      "geometry": {
        "type": "LineString",
        "coordinates": [
          [
            404670.31850547815,
            4761957.297037995
          ],
          [
            404540.7106484433,
            4761827.703994901
          ]
        ]
      },
      "properties": {
        "feature_type": "segment",
        "segment_id": 397,
        "step": 397,
        "length_m": 183.28,
        "elevation_start": 170.57,
        "elevation_end": 175.13,
        "slope_percent": 23.21,
        "cost_usd": 146626.17,
        "cost_per_m": 800.0,
        "cumulative_cost": 36700145.37,
        "terrain_cost": 87975.7,
        "environmental_cost": 83.94,
        "land_cover_class": 30,
        "land_cover_name": "Grassland",
        "geohazard_risk": 0.0,
        "soil_capacity": 0.0,
        "population_density": 0.0,
        "road_proximity_m": -1,
        "railway_proximity_m": -1,
        "water_proximity_m": -1,
        "crs": "EPSG:32633",
        "crs_name": "UTM Zone 33"
      }
    },
    {
      "type": "Feature",
      "geometry": {
        "type": "LineString",
        "coordinates": [
          [
            404540.7106484433,
            4761827.703994901
          ],
          [
            404540.7106484433,
            4761698.110951806
          ]
        ]
      },
      "properties": {
        "feature_type": "segment",
        "segment_id": 398,
        "step": 398,
        "length_m": 129.59,
        "elevation_start": 175.13,
        "elevation_end": 134.1,
        "slope_percent": 3.25,
        "cost_usd": 51837.22,
        "cost_per_m": 400.0,
        "cumulative_cost": 36751982.59,
        "terrain_cost": 31102.33,
        "environmental_cost": 191.2,
        "land_cover_class": 30,
        "land_cover_name": "Grassland",
        "geohazard_risk": 0.0,
        "soil_capacity": 0.0,
        "population_density": 0.0,
        "road_proximity_m": -1,
        "railway_proximity_m": -1,
        "water_proximity_m": -1,
        "crs": "EPSG:32633",
        "crs_name": "UTM Zone 33"
      }
    },
    {
      "type": "Feature",
      "geometry": {
        "type": "LineString",
        "coordinates": [
          [
            404540.7106484433,
            4761698.110951806
          ],
          [
            404540.7106484433,
            4761568.517908712
          ]
        ]
      },
      "properties": {
        "feature_type": "segment",
        "segment_id": 399,
        "step": 399,
        "length_m": 129.59,
        "elevation_start": 134.1,
        "elevation_end": 155.26,
        "slope_percent": 14.1,
        "cost_usd": 77755.83,
        "cost_per_m": 600.0,
        "cumulative_cost": 36829738.41,
        "terrain_cost": 46653.5,
        "environmental_cost": 748.34,
        "land_cover_class": 20,
        "land_cover_name": "Shrubland",
        "geohazard_risk": 0.0,
        "soil_capacity": 0.0,
        "population_density": 0.0,
        "road_proximity_m": -1,
        "railway_proximity_m": -1,
        "water_proximity_m": -1,
        "crs": "EPSG:32633",
        "crs_name": "UTM Zone 33"
      }
    },
    {
      "type": "Feature",
      "geometry": {
        "type": "LineString",
        "coordinates": [
          [
            404540.7106484433,
            4761568.517908712
          ],
          [
            404411.1027914084,
            4761438.924865618
          ]
        ]
      },
      "properties": {
        "feature_type": "segment",
        "segment_id": 400,
        "step": 400,
        "length_m": 183.28,
        "elevation_start": 155.26,
        "elevation_end": 193.12,
        "slope_percent": 11.7,
        "cost_usd": 102638.32,
        "cost_per_m": 560.0,
        "cumulative_cost": 36932376.73,
        "terrain_cost": 61582.99,
        "environmental_cost": 1017.31,
        "land_cover_class": 30,
        "land_cover_name": "Grassland",
        "geohazard_risk": 0.0,
        "soil_capacity": 331.0,
        "population_density": 0.1388,
        "road_proximity_m": 33.0,
        "railway_proximity_m": 3265.9,
        "water_proximity_m": 1884.2,
        "crs": "EPSG:32633",
        "crs_name": "UTM Zone 33"
      }
    },
    {
      "type": "Feature",
      "geometry": {
        "type": "LineString",
        "coordinates": [
          [
            404411.1027914084,
            4761438.924865618
          ],
          [
            404411.1027914084,
            4761309.331822524
          ]
        ]
      },
      "properties": {
        "feature_type": "segment",
        "segment_id": 401,
        "step": 401,
        "length_m": 129.59,
        "elevation_start": 193.12,
        "elevation_end": 191.73,
        "slope_percent": 10.37,
        "cost_usd": 72572.1,
        "cost_per_m": 560.0,
        "cumulative_cost": 37004948.84,
        "terrain_cost": 43543.26,
        "environmental_cost": 485.25,
        "land_cover_class": 30,
        "land_cover_name": "Grassland",
        "geohazard_risk": 0.0,
        "soil_capacity": 0.0,
        "population_density": 0.0,
        "road_proximity_m": -1,
        "railway_proximity_m": -1,
        "water_proximity_m": -1,
        "crs": "EPSG:32633",
        "crs_name": "UTM Zone 33"
      }
    },
    {
      "type": "Feature",
      "geometry": {
        "type": "LineString",
        "coordinates": [
          [
            404411.1027914084,
            4761309.331822524
          ],
          [
            404540.7106484433,
            4761179.738779429
          ]
        ]
      },
      "properties": {
        "feature_type": "segment",
        "segment_id": 402,
        "step": 402,
        "length_m": 183.28,
        "elevation_start": 191.73,
        "elevation_end": 187.96,
        "slope_percent": 12.39,
        "cost_usd": 109969.63,
        "cost_per_m": 600.0,
        "cumulative_cost": 37114918.46,
        "terrain_cost": 65981.78,
        "environmental_cost": 55.89,
        "land_cover_class": 20,
        "land_cover_name": "Shrubland",
        "geohazard_risk": 0.0,
        "soil_capacity": 0.0,
        "population_density": 0.0,
        "road_proximity_m": -1,
        "railway_proximity_m": -1,
        "water_proximity_m": -1,
        "crs": "EPSG:32633",
        "crs_name": "UTM Zone 33"
      }
    },
    {
      "type": "Feature",
      "geometry": {
        "type": "LineString",
        "coordinates": [
          [
            404540.7106484433,
            4761179.738779429
          ],
          [
            404670.31850547815,
            4761050.145736335
          ]
        ]
      },
      "properties": {
        "feature_type": "segment",
        "segment_id": 403,
        "step": 403,
        "length_m": 183.28,
        "elevation_start": 187.96,
        "elevation_end": 215.95,
        "slope_percent": 8.57,
        "cost_usd": 84310.05,
        "cost_per_m": 460.0,
        "cumulative_cost": 37199228.51,
        "terrain_cost": 50586.03,
        "environmental_cost": 152.55,
        "land_cover_class": 30,
        "land_cover_name": "Grassland",
        "geohazard_risk": 0.0,
        "soil_capacity": 0.0,
        "population_density": 0.0,
        "road_proximity_m": -1,
        "railway_proximity_m": -1,
        "water_proximity_m": -1,
        "crs": "EPSG:32633",
        "crs_name": "UTM Zone 33"
      }
    },
    {
      "type": "Feature",
      "geometry": {
        "type": "LineString",
        "coordinates": [
          [
            404670.31850547815,
            4761050.145736335
          ],
          [
            404799.926362513,
            4760920.55269324
          ]
        ]
      },
      "properties": {
        "feature_type": "segment",
        "segment_id": 404,
        "step": 404,
        "length_m": 183.28,
        "elevation_start": 215.95,
        "elevation_end": 221.31,
        "slope_percent": 5.62,
        "cost_usd": 84310.05,
        "cost_per_m": 460.0,
        "cumulative_cost": 37283538.56,
        "terrain_cost": 50586.03,
        "environmental_cost": 319.03,
        "land_cover_class": 30,
        "land_cover_name": "Grassland",
        "geohazard_risk": 0.0,
        "soil_capacity": 0.0,
        "population_density": 0.0,
        "road_proximity_m": -1,
        "railway_proximity_m": -1,
        "water_proximity_m": -1,
        "crs": "EPSG:32633",
        "crs_name": "UTM Zone 33"
      }
    },
    {
      "type": "Feature",
      "geometry": {
        "type": "LineString",
        "coordinates": [
          [
            404799.926362513,
            4760920.55269324
          ],
          [
            404799.926362513,
            4760790.959650146
          ]
        ]
      },
      "properties": {
        "feature_type": "segment",
        "segment_id": 405,
        "step": 405,
        "length_m": 129.59,
        "elevation_start": 221.31,
        "elevation_end": 196.88,
        "slope_percent": 8.74,
        "cost_usd": 59612.8,
        "cost_per_m": 460.0,
        "cumulative_cost": 37343151.36,
        "terrain_cost": 35767.68,
        "environmental_cost": 69.04,
        "land_cover_class": 30,
        "land_cover_name": "Grassland",
        "geohazard_risk": 0.0,
        "soil_capacity": 329.0,
        "population_density": 0.0133,
        "road_proximity_m": 88.2,
        "railway_proximity_m": 3089.3,
        "water_proximity_m": 1562.9,
        "crs": "EPSG:32633",
        "crs_name": "UTM Zone 33"
      }
    },
    {
      "type": "Feature",
      "geometry": {
        "type": "LineString",
        "coordinates": [
          [
            404799.926362513,
            4760790.959650146
          ],
          [
            404670.31850547815,
            4760661.366607051
          ]
        ]
      },
      "properties": {
        "feature_type": "segment",
        "segment_id": 406,
        "step": 406,
        "length_m": 183.28,
        "elevation_start": 196.88,
        "elevation_end": 222.47,
        "slope_percent": 12.86,
        "cost_usd": 109969.63,
        "cost_per_m": 600.0,
        "cumulative_cost": 37453120.99,
        "terrain_cost": 65981.78,
        "environmental_cost": 398.47,
        "land_cover_class": 20,
        "land_cover_name": "Shrubland",
        "geohazard_risk": 0.0,
        "soil_capacity": 0.0,
        "population_density": 0.0,
        "road_proximity_m": -1,
        "railway_proximity_m": -1,
        "water_proximity_m": -1,
        "crs": "EPSG:32633",
        "crs_name": "UTM Zone 33"
      }
    },
    {
      "type": "Feature",
      "geometry": {
        "type": "LineString",
        "coordinates": [
          [
            404670.31850547815,
            4760661.366607051
          ],
          [
            404799.926362513,
            4760531.773563957
          ]
        ]
      },
      "properties": {
        "feature_type": "segment",
        "segment_id": 407,
        "step": 407,
        "length_m": 183.28,
        "elevation_start": 222.47,
        "elevation_end": 215.66,
        "slope_percent": 10.18,
        "cost_usd": 102638.32,
        "cost_per_m": 560.0,
        "cumulative_cost": 37555759.31,
        "terrain_cost": 61582.99,
        "environmental_cost": 508.99,
        "land_cover_class": 30,
        "land_cover_name": "Grassland",
        "geohazard_risk": 0.0,
        "soil_capacity": 0.0,
        "population_density": 0.0,
        "road_proximity_m": -1,
        "railway_proximity_m": -1,
        "water_proximity_m": -1,
        "crs": "EPSG:32633",
        "crs_name": "UTM Zone 33"
      }
    },
    {
      "type": "Feature",
      "geometry": {
        "type": "LineString",
        "coordinates": [
          [
            404799.926362513,
            4760531.773563957
          ],
          [
            404929.5342195479,
            4760402.180520862
          ]
        ]
      },
      "properties": {
        "feature_type": "segment",
        "segment_id": 408,
        "step": 408,
        "length_m": 183.28,
        "elevation_start": 215.66,
        "elevation_end": 212.77,
        "slope_percent": 9.39,
        "cost_usd": 84310.05,
        "cost_per_m": 460.0,
        "cumulative_cost": 37640069.36,
        "terrain_cost": 50586.03,
        "environmental_cost": 334.31,
        "land_cover_class": 30,
        "land_cover_name": "Grassland",
        "geohazard_risk": 0.0,
        "soil_capacity": 0.0,
        "population_density": 0.0,
        "road_proximity_m": -1,
        "railway_proximity_m": -1,
        "water_proximity_m": -1,
        "crs": "EPSG:32633",
        "crs_name": "UTM Zone 33"
      }
    },
    {
      "type": "Feature",
      "geometry": {
        "type": "LineString",
        "coordinates": [
          [
            404929.5342195479,
            4760402.180520862
          ],
          [
            404799.926362513,
            4760272.587477768
          ]
        ]
      },
      "properties": {
        "feature_type": "segment",
        "segment_id": 409,
        "step": 409,
        "length_m": 183.28,
        "elevation_start": 212.77,
        "elevation_end": 221.59,
        "slope_percent": 10.26,
        "cost_usd": 102638.32,
        "cost_per_m": 560.0,
        "cumulative_cost": 37742707.68,
        "terrain_cost": 61582.99,
        "environmental_cost": 71.98,
        "land_cover_class": 30,
        "land_cover_name": "Grassland",
        "geohazard_risk": 0.0,
        "soil_capacity": 0.0,
        "population_density": 0.0,
        "road_proximity_m": -1,
        "railway_proximity_m": -1,
        "water_proximity_m": -1,
        "crs": "EPSG:32633",
        "crs_name": "UTM Zone 33"
      }
    },
    {
      "type": "Feature",
      "geometry": {
        "type": "LineString",
        "coordinates": [
          [
            404799.926362513,
            4760272.587477768
          ],
          [
            404799.926362513,
            4760142.994434674
          ]
        ]
      },
      "properties": {
        "feature_type": "segment",
        "segment_id": 410,
        "step": 410,
        "length_m": 129.59,
        "elevation_start": 221.59,
        "elevation_end": 208.22,
        "slope_percent": 25.76,
        "cost_usd": 160695.37,
        "cost_per_m": 1240.0,
        "cumulative_cost": 37903403.05,
        "terrain_cost": 96417.22,
        "environmental_cost": 19.14,
        "land_cover_class": 20,
        "land_cover_name": "Shrubland",
        "geohazard_risk": 0.0,
        "soil_capacity": 342.0,
        "population_density": 0.0037,
        "road_proximity_m": 16.2,
        "railway_proximity_m": 3126.8,
        "water_proximity_m": 950.0,
        "crs": "EPSG:32633",
        "crs_name": "UTM Zone 33"
      }
    },
    {
      "type": "Feature",
      "geometry": {
        "type": "LineString",
        "coordinates": [
          [
            404799.926362513,
            4760142.994434674
          ],
          [
            404670.31850547815,
            4760013.40139158
          ]
        ]
      },
      "properties": {
        "feature_type": "segment",
        "segment_id": 411,
        "step": 411,
        "length_m": 183.28,
        "elevation_start": 208.22,
        "elevation_end": 163.95,
        "slope_percent": 23.42,
        "cost_usd": 153957.48,
        "cost_per_m": 840.0,
        "cumulative_cost": 38057360.53,
        "terrain_cost": 92374.49,
        "environmental_cost": 22.22,
        "land_cover_class": 20,
        "land_cover_name": "Shrubland",
        "geohazard_risk": 0.0,
        "soil_capacity": 0.0,
        "population_density": 0.0,
        "road_proximity_m": -1,
        "railway_proximity_m": -1,
        "water_proximity_m": -1,
        "crs": "EPSG:32633",
        "crs_name": "UTM Zone 33"
      }
    },
    {
      "type": "Feature",
      "geometry": {
        "type": "LineString",
        "coordinates": [
          [
            404670.31850547815,
            4760013.40139158
          ],
          [
            404670.31850547815,
            4759883.808348485
          ]
        ]
      },
      "properties": {
        "feature_type": "segment",
        "segment_id": 412,
        "step": 412,
        "length_m": 129.59,
        "elevation_start": 163.95,
        "elevation_end": 151.59,
        "slope_percent": 23.66,
        "cost_usd": 108858.16,
        "cost_per_m": 840.0,
        "cumulative_cost": 38166218.69,
        "terrain_cost": 65314.89,
        "environmental_cost": 16.42,
        "land_cover_class": 20,
        "land_cover_name": "Shrubland",
        "geohazard_risk": 0.0,
        "soil_capacity": 0.0,
        "population_density": 0.0,
        "road_proximity_m": -1,
        "railway_proximity_m": -1,
        "water_proximity_m": -1,
        "crs": "EPSG:32633",
        "crs_name": "UTM Zone 33"
      }
    },
    {
      "type": "Feature",
      "geometry": {
        "type": "LineString",
        "coordinates": [
          [
            404670.31850547815,
            4759883.808348485
          ],
          [
            404540.7106484433,
            4759754.215305391
          ]
        ]
      },
      "properties": {
        "feature_type": "segment",
        "segment_id": 413,
        "step": 413,
        "length_m": 183.28,
        "elevation_start": 151.59,
        "elevation_end": 96.26,
        "slope_percent": 23.64,
        "cost_usd": 153957.48,
        "cost_per_m": 840.0,
        "cumulative_cost": 38320176.17,
        "terrain_cost": 92374.49,
        "environmental_cost": 89.79,
        "land_cover_class": 20,
        "land_cover_name": "Shrubland",
        "geohazard_risk": 0.0,
        "soil_capacity": 0.0,
        "population_density": 0.0,
        "road_proximity_m": -1,
        "railway_proximity_m": -1,
        "water_proximity_m": -1,
        "crs": "EPSG:32633",
        "crs_name": "UTM Zone 33"
      }
    },
    {
      "type": "Feature",
      "geometry": {
        "type": "LineString",
        "coordinates": [
          [
            404540.7106484433,
            4759754.215305391
          ],
          [
            404540.7106484433,
            4759624.622262296
          ]
        ]
      },
      "properties": {
        "feature_type": "segment",
        "segment_id": 414,
        "step": 414,
        "length_m": 129.59,
        "elevation_start": 96.26,
        "elevation_end": 69.41,
        "slope_percent": 18.59,
        "cost_usd": 108858.16,
        "cost_per_m": 840.0,
        "cumulative_cost": 38429034.33,
        "terrain_cost": 65314.89,
        "environmental_cost": 180.43,
        "land_cover_class": 20,
        "land_cover_name": "Shrubland",
        "geohazard_risk": 0.0,
        "soil_capacity": 0.0,
        "population_density": 0.0,
        "road_proximity_m": -1,
        "railway_proximity_m": -1,
        "water_proximity_m": -1,
        "crs": "EPSG:32633",
        "crs_name": "UTM Zone 33"
      }
    },
    {
      "type": "Feature",
      "geometry": {
        "type": "LineString",
        "coordinates": [
          [
            404540.7106484433,
            4759624.622262296
          ],
          [
            404540.7106484433,
            4759495.029219202
          ]
        ]
      },
      "properties": {
        "feature_type": "segment",
        "segment_id": 415,
        "step": 415,
        "length_m": 129.59,
        "elevation_start": 69.41,
        "elevation_end": 47.66,
        "slope_percent": 13.8,
        "cost_usd": 72572.1,
        "cost_per_m": 560.0,
        "cumulative_cost": 38501606.43,
        "terrain_cost": 43543.26,
        "environmental_cost": 452.24,
        "land_cover_class": 30,
        "land_cover_name": "Grassland",
        "geohazard_risk": 0.0,
        "soil_capacity": 364.0,
        "population_density": 0.0872,
        "road_proximity_m": 53.2,
        "railway_proximity_m": 3446.4,
        "water_proximity_m": 252.5,
        "crs": "EPSG:32633",
        "crs_name": "UTM Zone 33"
      }
    },
    {
      "type": "Feature",
      "geometry": {
        "type": "LineString",
        "coordinates": [
          [
            404540.7106484433,
            4759495.029219202
          ],
          [
            404670.31850547815,
            4759365.436176107
          ]
        ]
      },
      "properties": {
        "feature_type": "segment",
        "segment_id": 416,
        "step": 416,
        "length_m": 183.28,
        "elevation_start": 47.66,
        "elevation_end": 36.39,
        "slope_percent": 6.47,
        "cost_usd": 84310.05,
        "cost_per_m": 460.0,
        "cumulative_cost": 38585916.48,
        "terrain_cost": 50586.03,
        "environmental_cost": 668.77,
        "land_cover_class": 30,
        "land_cover_name": "Grassland",
        "geohazard_risk": 0.0,
        "soil_capacity": 0.0,
        "population_density": 0.0,
        "road_proximity_m": -1,
        "railway_proximity_m": -1,
        "water_proximity_m": -1,
        "crs": "EPSG:32633",
        "crs_name": "UTM Zone 33"
      }
    },
    {
      "type": "Feature",
      "geometry": {
        "type": "LineString",
        "coordinates": [
          [
            404670.31850547815,
            4759365.436176107
          ],
          [
            404799.926362513,
            4759235.843133013
          ]
        ]
      },
      "properties": {
        "feature_type": "segment",
        "segment_id": 417,
        "step": 417,
        "length_m": 183.28,
        "elevation_start": 36.39,
        "elevation_end": 31.59,
        "slope_percent": 2.0,
        "cost_usd": 80644.39,
        "cost_per_m": 440.0,
        "cumulative_cost": 38666560.87,
        "terrain_cost": 48386.64,
        "environmental_cost": 237.14,
        "land_cover_class": 20,
        "land_cover_name": "Shrubland",
        "geohazard_risk": 0.0,
        "soil_capacity": 0.0,
        "population_density": 0.0,
        "road_proximity_m": -1,
        "railway_proximity_m": -1,
        "water_proximity_m": -1,
        "crs": "EPSG:32633",
        "crs_name": "UTM Zone 33"
      }
    },
    {
      "type": "Feature",
      "geometry": {
        "type": "LineString",
        "coordinates": [
          [
            404799.926362513,
            4759235.843133013
          ],
          [
            404929.5342195479,
            4759235.843133013
          ]
        ]
      },
      "properties": {
        "feature_type": "segment",
        "segment_id": 418,
        "step": 418,
        "length_m": 129.61,
        "elevation_start": 31.59,
        "elevation_end": 31.44,
        "slope_percent": 1.98,
        "cost_usd": 51843.14,
        "cost_per_m": 400.0,
        "cumulative_cost": 38718404.02,
        "terrain_cost": 31105.89,
        "environmental_cost": 99.07,
        "land_cover_class": 30,
        "land_cover_name": "Grassland",
        "geohazard_risk": 0.0,
        "soil_capacity": 0.0,
        "population_density": 0.0,
        "road_proximity_m": -1,
        "railway_proximity_m": -1,
        "water_proximity_m": -1,
        "crs": "EPSG:32633",
        "crs_name": "UTM Zone 33"
      }
    },
    {
      "type": "Feature",
      "geometry": {
        "type": "LineString",
        "coordinates": [
          [
            404929.5342195479,
            4759235.843133013
          ],
          [
            405059.1420765827,
            4759106.250089918
          ]
        ]
      },
      "properties": {
        "feature_type": "segment",
        "segment_id": 419,
        "step": 419,
        "length_m": 183.28,
        "elevation_start": 31.44,
        "elevation_end": 27.88,
        "slope_percent": 0.58,
        "cost_usd": 73313.09,
        "cost_per_m": 400.0,
        "cumulative_cost": 38791717.1,
        "terrain_cost": 43987.85,
        "environmental_cost": 743.31,
        "land_cover_class": 30,
        "land_cover_name": "Grassland",
        "geohazard_risk": 0.0,
        "soil_capacity": 0.0,
        "population_density": 0.0,
        "road_proximity_m": -1,
        "railway_proximity_m": -1,
        "water_proximity_m": -1,
        "crs": "EPSG:32633",
        "crs_name": "UTM Zone 33"
      }
    },
    {
      "type": "Feature",
      "geometry": {
        "type": "LineString",
        "coordinates": [
          [
            405059.1420765827,
            4759106.250089918
          ],
          [
            404929.5342195479,
            4758976.657046824
          ]
        ]
      },
      "properties": {
        "feature_type": "segment",
        "segment_id": 420,
        "step": 420,
        "length_m": 183.28,
        "elevation_start": 27.88,
        "elevation_end": 31.79,
        "slope_percent": 7.39,
        "cost_usd": 84310.05,
        "cost_per_m": 460.0,
        "cumulative_cost": 38876027.15,
        "terrain_cost": 50586.03,
        "environmental_cost": 419.09,
        "land_cover_class": 30,
        "land_cover_name": "Grassland",
        "geohazard_risk": 0.0,
        "soil_capacity": 353.0,
        "population_density": 0.0572,
        "road_proximity_m": 92.1,
        "railway_proximity_m": 3168.6,
        "water_proximity_m": 145.4,
        "crs": "EPSG:32633",
        "crs_name": "UTM Zone 33"
      }
    },
    {
      "type": "Feature",
      "geometry": {
        "type": "LineString",
        "coordinates": [
          [
            404929.5342195479,
            4758976.657046824
          ],
          [
            404929.5342195479,
            4758847.06400373
          ]
        ]
      },
      "properties": {
        "feature_type": "segment",
        "segment_id": 421,
        "step": 421,
        "length_m": 129.59,
        "elevation_start": 31.79,
        "elevation_end": 44.6,
        "slope_percent": 17.3,
        "cost_usd": 108858.16,
        "cost_per_m": 840.0,
        "cumulative_cost": 38984885.31,
        "terrain_cost": 65314.89,
        "environmental_cost": 200.78,
        "land_cover_class": 20,
        "land_cover_name": "Shrubland",
        "geohazard_risk": 0.0,
        "soil_capacity": 0.0,
        "population_density": 0.0,
        "road_proximity_m": -1,
        "railway_proximity_m": -1,
        "water_proximity_m": -1,
        "crs": "EPSG:32633",
        "crs_name": "UTM Zone 33"
      }
    },
    {
      "type": "Feature",
      "geometry": {
        "type": "LineString",
        "coordinates": [
          [
            404929.5342195479,
            4758847.06400373
          ],
          [
            404929.5342195479,
            4758717.470960636
          ]
        ]
      },
      "properties": {
        "feature_type": "segment",
        "segment_id": 422,
        "step": 422,
        "length_m": 129.59,
        "elevation_start": 44.6,
        "elevation_end": 68.92,
        "slope_percent": 17.43,
        "cost_usd": 103674.43,
        "cost_per_m": 800.0,
        "cumulative_cost": 39088559.74,
        "terrain_cost": 62204.66,
        "environmental_cost": 31.45,
        "land_cover_class": 30,
        "land_cover_name": "Grassland",
        "geohazard_risk": 0.0,
        "soil_capacity": 0.0,
        "population_density": 0.0,
        "road_proximity_m": -1,
        "railway_proximity_m": -1,
        "water_proximity_m": -1,
        "crs": "EPSG:32633",
        "crs_name": "UTM Zone 33"
      }
    },
    {
      "type": "Feature",
      "geometry": {
        "type": "LineString",
        "coordinates": [
          [
            404929.5342195479,
            4758717.470960636
          ],
          [
            404929.5342195479,
            4758587.877917541
          ]
        ]
      },
      "properties": {
        "feature_type": "segment",
        "segment_id": 423,
        "step": 423,
        "length_m": 129.59,
        "elevation_start": 68.92,
        "elevation_end": 86.83,
        "slope_percent": 15.12,
        "cost_usd": 116633.74,
        "cost_per_m": 900.0,
        "cumulative_cost": 39205193.48,
        "terrain_cost": 69980.24,
        "environmental_cost": 1574.95,
        "land_cover_class": 10,
        "land_cover_name": "Tree cover",
        "geohazard_risk": 0.0,
        "soil_capacity": 0.0,
        "population_density": 0.0,
        "road_proximity_m": -1,
        "railway_proximity_m": -1,
        "water_proximity_m": -1,
        "crs": "EPSG:32633",
        "crs_name": "UTM Zone 33"
      }
    },
    {
      "type": "Feature",
      "geometry": {
        "type": "LineString",
        "coordinates": [
          [
            404929.5342195479,
            4758587.877917541
          ],
          [
            404929.5342195479,
            4758458.284874447
          ]
        ]
      },
      "properties": {
        "feature_type": "segment",
        "segment_id": 424,
        "step": 424,
        "length_m": 129.59,
        "elevation_start": 86.83,
        "elevation_end": 117.28,
        "slope_percent": 20.48,
        "cost_usd": 116633.74,
        "cost_per_m": 900.0,
        "cumulative_cost": 39321827.22,
        "terrain_cost": 69980.24,
        "environmental_cost": 1568.07,
        "land_cover_class": 10,
        "land_cover_name": "Tree cover",
        "geohazard_risk": 0.0,
        "soil_capacity": 0.0,
        "population_density": 0.0,
        "road_proximity_m": -1,
        "railway_proximity_m": -1,
        "water_proximity_m": -1,
        "crs": "EPSG:32633",
        "crs_name": "UTM Zone 33"
      }
    },
    {
      "type": "Feature",
      "geometry": {
        "type": "LineString",
        "coordinates": [
          [
            404929.5342195479,
            4758458.284874447
          ],
          [
            404929.5342195479,
            4758328.691831352
          ]
        ]
      },
      "properties": {
        "feature_type": "segment",
        "segment_id": 425,
        "step": 425,
        "length_m": 129.59,
        "elevation_start": 117.28,
        "elevation_end": 165.87,
        "slope_percent": 24.8,
        "cost_usd": 116633.74,
        "cost_per_m": 900.0,
        "cumulative_cost": 39438460.96,
        "terrain_cost": 69980.24,
        "environmental_cost": 1567.83,
        "land_cover_class": 10,
        "land_cover_name": "Tree cover",
        "geohazard_risk": 0.0,
        "soil_capacity": 361.0,
        "population_density": 0.0025,
        "road_proximity_m": 129.7,
        "railway_proximity_m": 3309.4,
        "water_proximity_m": 767.6,
        "crs": "EPSG:32633",
        "crs_name": "UTM Zone 33"
      }
    },
    {
      "type": "Feature",
      "geometry": {
        "type": "LineString",
        "coordinates": [
          [
            404929.5342195479,
            4758328.691831352
          ],
          [
            404929.5342195479,
            4758199.098788258
          ]
        ]
      },
      "properties": {
        "feature_type": "segment",
        "segment_id": 426,
        "step": 426,
        "length_m": 129.59,
        "elevation_start": 165.87,
        "elevation_end": 193.41,
        "slope_percent": 26.55,
        "cost_usd": 168470.96,
        "cost_per_m": 1300.0,
        "cumulative_cost": 39606931.91,
        "terrain_cost": 101082.57,
        "environmental_cost": 1567.22,
        "land_cover_class": 10,
        "land_cover_name": "Tree cover",
        "geohazard_risk": 0.0,
        "soil_capacity": 0.0,
        "population_density": 0.0,
        "road_proximity_m": -1,
        "railway_proximity_m": -1,
        "water_proximity_m": -1,
        "crs": "EPSG:32633",
        "crs_name": "UTM Zone 33"
      }
    },
    {
      "type": "Feature",
      "geometry": {
        "type": "LineString",
        "coordinates": [
          [
            404929.5342195479,
            4758199.098788258
          ],
          [
            404929.5342195479,
            4758069.505745163
          ]
        ]
      },
      "properties": {
        "feature_type": "segment",
        "segment_id": 427,
        "step": 427,
        "length_m": 129.59,
        "elevation_start": 193.41,
        "elevation_end": 211.9,
        "slope_percent": 26.27,
        "cost_usd": 168470.96,
        "cost_per_m": 1300.0,
        "cumulative_cost": 39775402.87,
        "terrain_cost": 101082.57,
        "environmental_cost": 1570.67,
        "land_cover_class": 10,
        "land_cover_name": "Tree cover",
        "geohazard_risk": 0.0,
        "soil_capacity": 0.0,
        "population_density": 0.0,
        "road_proximity_m": -1,
        "railway_proximity_m": -1,
        "water_proximity_m": -1,
        "crs": "EPSG:32633",
        "crs_name": "UTM Zone 33"
      }
    },
    {
      "type": "Feature",
      "geometry": {
        "type": "LineString",
        "coordinates": [
          [
            404929.5342195479,
            4758069.505745163
          ],
          [
            405059.1420765827,
            4757939.912702069
          ]
        ]
      },
      "properties": {
        "feature_type": "segment",
        "segment_id": 428,
        "step": 428,
        "length_m": 183.28,
        "elevation_start": 211.9,
        "elevation_end": 231.88,
        "slope_percent": 6.62,
        "cost_usd": 91641.36,
        "cost_per_m": 500.0,
        "cumulative_cost": 39867044.23,
        "terrain_cost": 54984.81,
        "environmental_cost": 26.96,
        "land_cover_class": 20,
        "land_cover_name": "Shrubland",
        "geohazard_risk": 0.0,
        "soil_capacity": 0.0,
        "population_density": 0.0,
        "road_proximity_m": -1,
        "railway_proximity_m": -1,
        "water_proximity_m": -1,
        "crs": "EPSG:32633",
        "crs_name": "UTM Zone 33"
      }
    },
    {
      "type": "Feature",
      "geometry": {
        "type": "LineString",
        "coordinates": [
          [
            405059.1420765827,
            4757939.912702069
          ],
          [
            405188.74993361754,
            4757810.319658974
          ]
        ]
      },
      "properties": {
        "feature_type": "segment",
        "segment_id": 429,
        "step": 429,
        "length_m": 183.28,
        "elevation_start": 231.88,
        "elevation_end": 250.66,
        "slope_percent": 7.09,
        "cost_usd": 91641.36,
        "cost_per_m": 500.0,
        "cumulative_cost": 39958685.58,
        "terrain_cost": 54984.81,
        "environmental_cost": 24.36,
        "land_cover_class": 20,
        "land_cover_name": "Shrubland",
        "geohazard_risk": 0.0,
        "soil_capacity": 0.0,
        "population_density": 0.0,
        "road_proximity_m": -1,
        "railway_proximity_m": -1,
        "water_proximity_m": -1,
        "crs": "EPSG:32633",
        "crs_name": "UTM Zone 33"
      }
    },
    {
      "type": "Feature",
      "geometry": {
        "type": "LineString",
        "coordinates": [
          [
            405188.74993361754,
            4757810.319658974
          ],
          [
            405318.35779065243,
            4757680.72661588
          ]
        ]
      },
      "properties": {
        "feature_type": "segment",
        "segment_id": 430,
        "step": 430,
        "length_m": 183.28,
        "elevation_start": 250.66,
        "elevation_end": 247.34,
        "slope_percent": 14.0,
        "cost_usd": 102638.32,
        "cost_per_m": 560.0,
        "cumulative_cost": 40061323.9,
        "terrain_cost": 61582.99,
        "environmental_cost": 27.16,
        "land_cover_class": 30,
        "land_cover_name": "Grassland",
        "geohazard_risk": 0.0,
        "soil_capacity": 330.0,
        "population_density": 0.0037,
        "road_proximity_m": 25.5,
        "railway_proximity_m": 3065.6,
        "water_proximity_m": 954.6,
        "crs": "EPSG:32633",
        "crs_name": "UTM Zone 33"
      }
    },
    {
      "type": "Feature",
      "geometry": {
        "type": "LineString",
        "coordinates": [
          [
            405318.35779065243,
            4757680.72661588
          ],
          [
            405318.35779065243,
            4757551.133572786
          ]
        ]
      },
      "properties": {
        "feature_type": "segment",
        "segment_id": 431,
        "step": 431,
        "length_m": 129.59,
        "elevation_start": 247.34,
        "elevation_end": 210.8,
        "slope_percent": 24.33,
        "cost_usd": 108858.16,
        "cost_per_m": 840.0,
        "cumulative_cost": 40170182.06,
        "terrain_cost": 65314.89,
        "environmental_cost": 26.4,
        "land_cover_class": 20,
        "land_cover_name": "Shrubland",
        "geohazard_risk": 0.0,
        "soil_capacity": 0.0,
        "population_density": 0.0,
        "road_proximity_m": -1,
        "railway_proximity_m": -1,
        "water_proximity_m": -1,
        "crs": "EPSG:32633",
        "crs_name": "UTM Zone 33"
      }
    },
    {
      "type": "Feature",
      "geometry": {
        "type": "LineString",
        "coordinates": [
          [
            405318.35779065243,
            4757551.133572786
          ],
          [
            405447.96564768726,
            4757421.540529692
          ]
        ]
      },
      "properties": {
        "feature_type": "segment",
        "segment_id": 432,
        "step": 432,
        "length_m": 183.28,
        "elevation_start": 210.8,
        "elevation_end": 178.23,
        "slope_percent": 20.97,
        "cost_usd": 153957.48,
        "cost_per_m": 840.0,
        "cumulative_cost": 40324139.54,
        "terrain_cost": 92374.49,
        "environmental_cost": 35.76,
        "land_cover_class": 20,
        "land_cover_name": "Shrubland",
        "geohazard_risk": 0.0,
        "soil_capacity": 0.0,
        "population_density": 0.0,
        "road_proximity_m": -1,
        "railway_proximity_m": -1,
        "water_proximity_m": -1,
        "crs": "EPSG:32633",
        "crs_name": "UTM Zone 33"
      }
    },
    {
      "type": "Feature",
      "geometry": {
        "type": "LineString",
        "coordinates": [
          [
            405447.96564768726,
            4757421.540529692
          ],
          [
            405318.35779065243,
            4757291.947486597
          ]
        ]
      },
      "properties": {
        "feature_type": "segment",
        "segment_id": 433,
        "step": 433,
        "length_m": 183.28,
        "elevation_start": 178.23,
        "elevation_end": 167.97,
        "slope_percent": 23.96,
        "cost_usd": 153957.48,
        "cost_per_m": 840.0,
        "cumulative_cost": 40478097.02,
        "terrain_cost": 92374.49,
        "environmental_cost": 181.31,
        "land_cover_class": 20,
        "land_cover_name": "Shrubland",
        "geohazard_risk": 0.0,
        "soil_capacity": 0.0,
        "population_density": 0.0,
        "road_proximity_m": -1,
        "railway_proximity_m": -1,
        "water_proximity_m": -1,
        "crs": "EPSG:32633",
        "crs_name": "UTM Zone 33"
      }
    },
    {
      "type": "Feature",
      "geometry": {
        "type": "LineString",
        "coordinates": [
          [
            405318.35779065243,
            4757291.947486597
          ],
          [
            405318.35779065243,
            4757162.354443503
          ]
        ]
      },
      "properties": {
        "feature_type": "segment",
        "segment_id": 434,
        "step": 434,
        "length_m": 129.59,
        "elevation_start": 167.97,
        "elevation_end": 135.98,
        "slope_percent": 22.86,
        "cost_usd": 103674.43,
        "cost_per_m": 800.0,
        "cumulative_cost": 40581771.45,
        "terrain_cost": 62204.66,
        "environmental_cost": 54.94,
        "land_cover_class": 30,
        "land_cover_name": "Grassland",
        "geohazard_risk": 0.0,
        "soil_capacity": 0.0,
        "population_density": 0.0,
        "road_proximity_m": -1,
        "railway_proximity_m": -1,
        "water_proximity_m": -1,
        "crs": "EPSG:32633",
        "crs_name": "UTM Zone 33"
      }
    },
    {
      "type": "Feature",
      "geometry": {
        "type": "LineString",
        "coordinates": [
          [
            405318.35779065243,
            4757162.354443503
          ],
          [
            405318.35779065243,
            4757032.761400408
          ]
        ]
      },
      "properties": {
        "feature_type": "segment",
        "segment_id": 435,
        "step": 435,
        "length_m": 129.59,
        "elevation_start": 135.98,
        "elevation_end": 111.75,
        "slope_percent": 17.02,
        "cost_usd": 103674.43,
        "cost_per_m": 800.0,
        "cumulative_cost": 40685445.89,
        "terrain_cost": 62204.66,
        "environmental_cost": 21.65,
        "land_cover_class": 30,
        "land_cover_name": "Grassland",
        "geohazard_risk": 0.0,
        "soil_capacity": 344.0,
        "population_density": 0.0042,
        "road_proximity_m": 290.9,
        "railway_proximity_m": 3205.9,
        "water_proximity_m": 336.0,
        "crs": "EPSG:32633",
        "crs_name": "UTM Zone 33"
      }
    },
    {
      "type": "Feature",
      "geometry": {
        "type": "LineString",
        "coordinates": [
          [
            405318.35779065243,
            4757032.761400408
          ],
          [
            405188.74993361754,
            4756903.168357314
          ]
        ]
      },
      "properties": {
        "feature_type": "segment",
        "segment_id": 436,
        "step": 436,
        "length_m": 183.28,
        "elevation_start": 111.75,
        "elevation_end": 85.56,
        "slope_percent": 19.37,
        "cost_usd": 146626.17,
        "cost_per_m": 800.0,
        "cumulative_cost": 40832072.06,
        "terrain_cost": 87975.7,
        "environmental_cost": 117.67,
        "land_cover_class": 30,
        "land_cover_name": "Grassland",
        "geohazard_risk": 0.0,
        "soil_capacity": 0.0,
        "population_density": 0.0,
        "road_proximity_m": -1,
        "railway_proximity_m": -1,
        "water_proximity_m": -1,
        "crs": "EPSG:32633",
        "crs_name": "UTM Zone 33"
      }
    },
    {
      "type": "Feature",
      "geometry": {
        "type": "LineString",
        "coordinates": [
          [
            405188.74993361754,
            4756903.168357314
          ],
          [
            405059.1420765827,
            4756773.575314219
          ]
        ]
      },
      "properties": {
        "feature_type": "segment",
        "segment_id": 437,
        "step": 437,
        "length_m": 183.28,
        "elevation_start": 85.56,
        "elevation_end": 59.0,
        "slope_percent": 5.24,
        "cost_usd": 84310.05,
        "cost_per_m": 460.0,
        "cumulative_cost": 40916382.11,
        "terrain_cost": 50586.03,
        "environmental_cost": 498.09,
        "land_cover_class": 30,
        "land_cover_name": "Grassland",
        "geohazard_risk": 0.0,
        "soil_capacity": 0.0,
        "population_density": 0.0,
        "road_proximity_m": -1,
        "railway_proximity_m": -1,
        "water_proximity_m": -1,
        "crs": "EPSG:32633",
        "crs_name": "UTM Zone 33"
      }
    },
    {
      "type": "Feature",
      "geometry": {
        "type": "LineString",
        "coordinates": [
          [
            405059.1420765827,
            4756773.575314219
          ],
          [
            404929.5342195479,
            4756773.575314219
          ]
        ]
      },
      "properties": {
        "feature_type": "segment",
        "segment_id": 438,
        "step": 438,
        "length_m": 129.61,
        "elevation_start": 59.0,
        "elevation_end": 60.35,
        "slope_percent": 3.7,
        "cost_usd": 51843.14,
        "cost_per_m": 400.0,
        "cumulative_cost": 40968225.25,
        "terrain_cost": 31105.89,
        "environmental_cost": 414.91,
        "land_cover_class": 30,
        "land_cover_name": "Grassland",
        "geohazard_risk": 0.0,
        "soil_capacity": 0.0,
        "population_density": 0.0,
        "road_proximity_m": -1,
        "railway_proximity_m": -1,
        "water_proximity_m": -1,
        "crs": "EPSG:32633",
        "crs_name": "UTM Zone 33"
      }
    },
    {
      "type": "Feature",
      "geometry": {
        "type": "LineString",
        "coordinates": [
          [
            404929.5342195479,
            4756773.575314219
          ],
          [
            404799.926362513,
            4756643.982271125
          ]
        ]
      },
      "properties": {
        "feature_type": "segment",
        "segment_id": 439,
        "step": 439,
        "length_m": 183.28,
        "elevation_start": 60.35,
        "elevation_end": 73.96,
        "slope_percent": 10.35,
        "cost_usd": 102638.32,
        "cost_per_m": 560.0,
        "cumulative_cost": 41070863.57,
        "terrain_cost": 61582.99,
        "environmental_cost": 279.67,
        "land_cover_class": 30,
        "land_cover_name": "Grassland",
        "geohazard_risk": 0.0,
        "soil_capacity": 0.0,
        "population_density": 0.0,
        "road_proximity_m": -1,
        "railway_proximity_m": -1,
        "water_proximity_m": -1,
        "crs": "EPSG:32633",
        "crs_name": "UTM Zone 33"
      }
    },
    {
      "type": "Feature",
      "geometry": {
        "type": "LineString",
        "coordinates": [
          [
            404799.926362513,
            4756643.982271125
          ],
          [
            404799.926362513,
            4756514.38922803
          ]
        ]
      },
      "properties": {
        "feature_type": "segment",
        "segment_id": 440,
        "step": 440,
        "length_m": 129.59,
        "elevation_start": 73.96,
        "elevation_end": 88.6,
        "slope_percent": 9.88,
        "cost_usd": 59612.8,
        "cost_per_m": 460.0,
        "cumulative_cost": 41130476.37,
        "terrain_cost": 35767.68,
        "environmental_cost": 67.42,
        "land_cover_class": 30,
        "land_cover_name": "Grassland",
        "geohazard_risk": 0.0,
        "soil_capacity": 368.0,
        "population_density": 0.013,
        "road_proximity_m": 108.2,
        "railway_proximity_m": 3823.9,
        "water_proximity_m": 246.4,
        "crs": "EPSG:32633",
        "crs_name": "UTM Zone 33"
      }
    },
    {
      "type": "Feature",
      "geometry": {
        "type": "LineString",
        "coordinates": [
          [
            404799.926362513,
            4756514.38922803
          ],
          [
            404670.31850547815,
            4756384.796184937
          ]
        ]
      },
      "properties": {
        "feature_type": "segment",
        "segment_id": 441,
        "step": 441,
        "length_m": 183.28,
        "elevation_start": 88.6,
        "elevation_end": 92.83,
        "slope_percent": 8.76,
        "cost_usd": 84310.05,
        "cost_per_m": 460.0,
        "cumulative_cost": 41214786.42,
        "terrain_cost": 50586.03,
        "environmental_cost": 23.9,
        "land_cover_class": 30,
        "land_cover_name": "Grassland",
        "geohazard_risk": 0.0,
        "soil_capacity": 0.0,
        "population_density": 0.0,
        "road_proximity_m": -1,
        "railway_proximity_m": -1,
        "water_proximity_m": -1,
        "crs": "EPSG:32633",
        "crs_name": "UTM Zone 33"
      }
    },
    {
      "type": "Feature",
      "geometry": {
        "type": "LineString",
        "coordinates": [
          [
            404670.31850547815,
            4756384.796184937
          ],
          [
            404799.926362513,
            4756255.203141842
          ]
        ]
      },
      "properties": {
        "feature_type": "segment",
        "segment_id": 442,
        "step": 442,
        "length_m": 183.28,
        "elevation_start": 92.83,
        "elevation_end": 122.4,
        "slope_percent": 12.67,
        "cost_usd": 109969.63,
        "cost_per_m": 600.0,
        "cumulative_cost": 41324756.05,
        "terrain_cost": 65981.78,
        "environmental_cost": 41.61,
        "land_cover_class": 20,
        "land_cover_name": "Shrubland",
        "geohazard_risk": 0.0,
        "soil_capacity": 0.0,
        "population_density": 0.0,
        "road_proximity_m": -1,
        "railway_proximity_m": -1,
        "water_proximity_m": -1,
        "crs": "EPSG:32633",
        "crs_name": "UTM Zone 33"
      }
    },
    {
      "type": "Feature",
      "geometry": {
        "type": "LineString",
        "coordinates": [
          [
            404799.926362513,
            4756255.203141842
          ],
          [
            404799.926362513,
            4756125.610098748
          ]
        ]
      },
      "properties": {
        "feature_type": "segment",
        "segment_id": 443,
        "step": 443,
        "length_m": 129.59,
        "elevation_start": 122.4,
        "elevation_end": 137.7,
        "slope_percent": 16.31,
        "cost_usd": 103674.43,
        "cost_per_m": 800.0,
        "cumulative_cost": 41428430.48,
        "terrain_cost": 62204.66,
        "environmental_cost": 79.22,
        "land_cover_class": 30,
        "land_cover_name": "Grassland",
        "geohazard_risk": 0.0,
        "soil_capacity": 0.0,
        "population_density": 0.0,
        "road_proximity_m": -1,
        "railway_proximity_m": -1,
        "water_proximity_m": -1,
        "crs": "EPSG:32633",
        "crs_name": "UTM Zone 33"
      }
    },
    {
      "type": "Feature",
      "geometry": {
        "type": "LineString",
        "coordinates": [
          [
            404799.926362513,
            4756125.610098748
          ],
          [
            404670.31850547815,
            4755996.017055653
          ]
        ]
      },
      "properties": {
        "feature_type": "segment",
        "segment_id": 444,
        "step": 444,
        "length_m": 183.28,
        "elevation_start": 137.7,
        "elevation_end": 161.93,
        "slope_percent": 21.87,
        "cost_usd": 146626.17,
        "cost_per_m": 800.0,
        "cumulative_cost": 41575056.66,
        "terrain_cost": 87975.7,
        "environmental_cost": 42.99,
        "land_cover_class": 30,
        "land_cover_name": "Grassland",
        "geohazard_risk": 0.0,
        "soil_capacity": 0.0,
        "population_density": 0.0,
        "road_proximity_m": -1,
        "railway_proximity_m": -1,
        "water_proximity_m": -1,
        "crs": "EPSG:32633",
        "crs_name": "UTM Zone 33"
      }
    },
    {
      "type": "Feature",
      "geometry": {
        "type": "LineString",
        "coordinates": [
          [
            404670.31850547815,
            4755996.017055653
          ],
          [
            404799.926362513,
            4755866.424012559
          ]
        ]
      },
      "properties": {
        "feature_type": "segment",
        "segment_id": 445,
        "step": 445,
        "length_m": 183.28,
        "elevation_start": 161.93,
        "elevation_end": 201.73,
        "slope_percent": 4.56,
        "cost_usd": 73313.09,
        "cost_per_m": 400.0,
        "cumulative_cost": 41648369.74,
        "terrain_cost": 43987.85,
        "environmental_cost": 724.38,
        "land_cover_class": 30,
        "land_cover_name": "Grassland",
        "geohazard_risk": 0.0,
        "soil_capacity": 360.0,
        "population_density": 0.0988,
        "road_proximity_m": 46.8,
        "railway_proximity_m": 3962.7,
        "water_proximity_m": 887.8,
        "crs": "EPSG:32633",
        "crs_name": "UTM Zone 33"
      }
    },
    {
      "type": "Feature",
      "geometry": {
        "type": "LineString",
        "coordinates": [
          [
            404799.926362513,
            4755866.424012559
          ],
          [
            404799.926362513,
            4755736.830969464
          ]
        ]
      },
      "properties": {
        "feature_type": "segment",
        "segment_id": 446,
        "step": 446,
        "length_m": 129.59,
        "elevation_start": 201.73,
        "elevation_end": 174.66,
        "slope_percent": 16.96,
        "cost_usd": 108858.16,
        "cost_per_m": 840.0,
        "cumulative_cost": 41757227.9,
        "terrain_cost": 65314.89,
        "environmental_cost": 454.89,
        "land_cover_class": 20,
        "land_cover_name": "Shrubland",
        "geohazard_risk": 0.0,
        "soil_capacity": 0.0,
        "population_density": 0.0,
        "road_proximity_m": -1,
        "railway_proximity_m": -1,
        "water_proximity_m": -1,
        "crs": "EPSG:32633",
        "crs_name": "UTM Zone 33"
      }
    },
    {
      "type": "Feature",
      "geometry": {
        "type": "LineString",
        "coordinates": [
          [
            404799.926362513,
            4755736.830969464
          ],
          [
            404799.926362513,
            4755607.2379263695
          ]
        ]
      },
      "properties": {
        "feature_type": "segment",
        "segment_id": 447,
        "step": 447,
        "length_m": 129.59,
        "elevation_start": 174.66,
        "elevation_end": 158.84,
        "slope_percent": 18.18,
        "cost_usd": 103674.43,
        "cost_per_m": 800.0,
        "cumulative_cost": 41860902.33,
        "terrain_cost": 62204.66,
        "environmental_cost": 70.19,
        "land_cover_class": 30,
        "land_cover_name": "Grassland",
        "geohazard_risk": 0.0,
        "soil_capacity": 0.0,
        "population_density": 0.0,
        "road_proximity_m": -1,
        "railway_proximity_m": -1,
        "water_proximity_m": -1,
        "crs": "EPSG:32633",
        "crs_name": "UTM Zone 33"
      }
    },
    {
      "type": "Feature",
      "geometry": {
        "type": "LineString",
        "coordinates": [
          [
            404799.926362513,
            4755607.2379263695
          ],
          [
            404670.31850547815,
            4755477.644883275
          ]
        ]
      },
      "properties": {
        "feature_type": "segment",
        "segment_id": 448,
        "step": 448,
        "length_m": 183.28,
        "elevation_start": 158.84,
        "elevation_end": 181.02,
        "slope_percent": 17.53,
        "cost_usd": 146626.17,
        "cost_per_m": 800.0,
        "cumulative_cost": 42007528.5,
        "terrain_cost": 87975.7,
        "environmental_cost": 136.44,
        "land_cover_class": 30,
        "land_cover_name": "Grassland",
        "geohazard_risk": 0.0,
        "soil_capacity": 0.0,
        "population_density": 0.0,
        "road_proximity_m": -1,
        "railway_proximity_m": -1,
        "water_proximity_m": -1,
        "crs": "EPSG:32633",
        "crs_name": "UTM Zone 33"
      }
    },
    {
      "type": "Feature",
      "geometry": {
        "type": "LineString",
        "coordinates": [
          [
            404670.31850547815,
            4755477.644883275
          ],
          [
            404670.31850547815,
            4755348.0518401805
          ]
        ]
      },
      "properties": {
        "feature_type": "segment",
        "segment_id": 449,
        "step": 449,
        "length_m": 129.59,
        "elevation_start": 181.02,
        "elevation_end": 159.24,
        "slope_percent": 9.55,
        "cost_usd": 72572.1,
        "cost_per_m": 560.0,
        "cumulative_cost": 42080100.61,
        "terrain_cost": 43543.26,
        "environmental_cost": 1577.22,
        "land_cover_class": 10,
        "land_cover_name": "Tree cover",
        "geohazard_risk": 0.0,
        "soil_capacity": 0.0,
        "population_density": 0.0,
        "road_proximity_m": -1,
        "railway_proximity_m": -1,
        "water_proximity_m": -1,
        "crs": "EPSG:32633",
        "crs_name": "UTM Zone 33"
      }
    },
    {
      "type": "Feature",
      "geometry": {
        "type": "LineString",
        "coordinates": [
          [
            404670.31850547815,
            4755348.0518401805
          ],
          [
            404670.31850547815,
            4755218.458797086
          ]
        ]
      },
      "properties": {
        "feature_type": "segment",
        "segment_id": 450,
        "step": 450,
        "length_m": 129.59,
        "elevation_start": 159.24,
        "elevation_end": 181.17,
        "slope_percent": 16.33,
        "cost_usd": 108858.16,
        "cost_per_m": 840.0,
        "cumulative_cost": 42188958.76,
        "terrain_cost": 65314.89,
        "environmental_cost": 95.0,
        "land_cover_class": 20,
        "land_cover_name": "Shrubland",
        "geohazard_risk": 0.0,
        "soil_capacity": 356.0,
        "population_density": 0.0183,
        "road_proximity_m": 142.9,
        "railway_proximity_m": 4259.5,
        "water_proximity_m": 1548.4,
        "crs": "EPSG:32633",
        "crs_name": "UTM Zone 33"
      }
    },
    {
      "type": "Feature",
      "geometry": {
        "type": "LineString",
        "coordinates": [
          [
            404670.31850547815,
            4755218.458797086
          ],
          [
            404540.7106484433,
            4755088.865753992
          ]
        ]
      },
      "properties": {
        "feature_type": "segment",
        "segment_id": 451,
        "step": 451,
        "length_m": 183.28,
        "elevation_start": 181.17,
        "elevation_end": 208.66,
        "slope_percent": 16.69,
        "cost_usd": 153957.48,
        "cost_per_m": 840.0,
        "cumulative_cost": 42342916.24,
        "terrain_cost": 92374.49,
        "environmental_cost": 143.16,
        "land_cover_class": 20,
        "land_cover_name": "Shrubland",
        "geohazard_risk": 0.0,
        "soil_capacity": 0.0,
        "population_density": 0.0,
        "road_proximity_m": -1,
        "railway_proximity_m": -1,
        "water_proximity_m": -1,
        "crs": "EPSG:32633",
        "crs_name": "UTM Zone 33"
      }
    },
    {
      "type": "Feature",
      "geometry": {
        "type": "LineString",
        "coordinates": [
          [
            404540.7106484433,
            4755088.865753992
          ],
          [
            404540.7106484433,
            4754959.272710898
          ]
        ]
      },
      "properties": {
        "feature_type": "segment",
        "segment_id": 452,
        "step": 452,
        "length_m": 129.59,
        "elevation_start": 208.66,
        "elevation_end": 229.4,
        "slope_percent": 16.18,
        "cost_usd": 108858.16,
        "cost_per_m": 840.0,
        "cumulative_cost": 42451774.4,
        "terrain_cost": 65314.89,
        "environmental_cost": 452.84,
        "land_cover_class": 20,
        "land_cover_name": "Shrubland",
        "geohazard_risk": 0.0,
        "soil_capacity": 0.0,
        "population_density": 0.0,
        "road_proximity_m": -1,
        "railway_proximity_m": -1,
        "water_proximity_m": -1,
        "crs": "EPSG:32633",
        "crs_name": "UTM Zone 33"
      }
    },
    {
      "type": "Feature",
      "geometry": {
        "type": "LineString",
        "coordinates": [
          [
            404540.7106484433,
            4754959.272710898
          ],
          [
            404540.7106484433,
            4754829.679667803
          ]
        ]
      },
      "properties": {
        "feature_type": "segment",
        "segment_id": 453,
        "step": 453,
        "length_m": 129.59,
        "elevation_start": 229.4,
        "elevation_end": 241.67,
        "slope_percent": 14.83,
        "cost_usd": 77755.83,
        "cost_per_m": 600.0,
        "cumulative_cost": 42529530.23,
        "terrain_cost": 46653.5,
        "environmental_cost": 442.54,
        "land_cover_class": 20,
        "land_cover_name": "Shrubland",
        "geohazard_risk": 0.0,
        "soil_capacity": 0.0,
        "population_density": 0.0,
        "road_proximity_m": -1,
        "railway_proximity_m": -1,
        "water_proximity_m": -1,
        "crs": "EPSG:32633",
        "crs_name": "UTM Zone 33"
      }
    },
    {
      "type": "Feature",
      "geometry": {
        "type": "LineString",
        "coordinates": [
          [
            404540.7106484433,
            4754829.679667803
          ],
          [
            404670.31850547815,
            4754700.086624709
          ]
        ]
      },
      "properties": {
        "feature_type": "segment",
        "segment_id": 454,
        "step": 454,
        "length_m": 183.28,
        "elevation_start": 241.67,
        "elevation_end": 245.76,
        "slope_percent": 9.91,
        "cost_usd": 84310.05,
        "cost_per_m": 460.0,
        "cumulative_cost": 42613840.27,
        "terrain_cost": 50586.03,
        "environmental_cost": 516.49,
        "land_cover_class": 30,
        "land_cover_name": "Grassland",
        "geohazard_risk": 0.0,
        "soil_capacity": 0.0,
        "population_density": 0.0,
        "road_proximity_m": -1,
        "railway_proximity_m": -1,
        "water_proximity_m": -1,
        "crs": "EPSG:32633",
        "crs_name": "UTM Zone 33"
      }
    },
    {
      "type": "Feature",
      "geometry": {
        "type": "LineString",
        "coordinates": [
          [
            404670.31850547815,
            4754700.086624709
          ],
          [
            404799.926362513,
            4754570.493581614
          ]
        ]
      },
      "properties": {
        "feature_type": "segment",
        "segment_id": 455,
        "step": 455,
        "length_m": 183.28,
        "elevation_start": 245.76,
        "elevation_end": 262.66,
        "slope_percent": 6.86,
        "cost_usd": 84310.05,
        "cost_per_m": 460.0,
        "cumulative_cost": 42698150.32,
        "terrain_cost": 50586.03,
        "environmental_cost": 366.15,
        "land_cover_class": 30,
        "land_cover_name": "Grassland",
        "geohazard_risk": 0.0,
        "soil_capacity": 320.0,
        "population_density": 0.0499,
        "road_proximity_m": 47.3,
        "railway_proximity_m": 4367.0,
        "water_proximity_m": 2137.7,
        "crs": "EPSG:32633",
        "crs_name": "UTM Zone 33"
      }
    },
    {
      "type": "Feature",
      "geometry": {
        "type": "LineString",
        "coordinates": [
          [
            404799.926362513,
            4754570.493581614
          ],
          [
            404929.5342195479,
            4754440.90053852
          ]
        ]
      },
      "properties": {
        "feature_type": "segment",
        "segment_id": 456,
        "step": 456,
        "length_m": 183.28,
        "elevation_start": 262.66,
        "elevation_end": 259.49,
        "slope_percent": 14.25,
        "cost_usd": 109969.63,
        "cost_per_m": 600.0,
        "cumulative_cost": 42808119.95,
        "terrain_cost": 65981.78,
        "environmental_cost": 105.32,
        "land_cover_class": 20,
        "land_cover_name": "Shrubland",
        "geohazard_risk": 0.0,
        "soil_capacity": 0.0,
        "population_density": 0.0,
        "road_proximity_m": -1,
        "railway_proximity_m": -1,
        "water_proximity_m": -1,
        "crs": "EPSG:32633",
        "crs_name": "UTM Zone 33"
      }
    },
    {
      "type": "Feature",
      "geometry": {
        "type": "LineString",
        "coordinates": [
          [
            404929.5342195479,
            4754440.90053852
          ],
          [
            405059.1420765827,
            4754311.307495425
          ]
        ]
      },
      "properties": {
        "feature_type": "segment",
        "segment_id": 457,
        "step": 457,
        "length_m": 183.28,
        "elevation_start": 259.49,
        "elevation_end": 221.43,
        "slope_percent": 19.42,
        "cost_usd": 153957.48,
        "cost_per_m": 840.0,
        "cumulative_cost": 42962077.43,
        "terrain_cost": 92374.49,
        "environmental_cost": 47.18,
        "land_cover_class": 20,
        "land_cover_name": "Shrubland",
        "geohazard_risk": 0.0,
        "soil_capacity": 0.0,
        "population_density": 0.0,
        "road_proximity_m": -1,
        "railway_proximity_m": -1,
        "water_proximity_m": -1,
        "crs": "EPSG:32633",
        "crs_name": "UTM Zone 33"
      }
    },
    {
      "type": "Feature",
      "geometry": {
        "type": "LineString",
        "coordinates": [
          [
            405059.1420765827,
            4754311.307495425
          ],
          [
            405059.1420765827,
            4754181.714452331
          ]
        ]
      },
      "properties": {
        "feature_type": "segment",
        "segment_id": 458,
        "step": 458,
        "length_m": 129.59,
        "elevation_start": 221.43,
        "elevation_end": 206.71,
        "slope_percent": 11.3,
        "cost_usd": 72572.1,
        "cost_per_m": 560.0,
        "cumulative_cost": 43034649.54,
        "terrain_cost": 43543.26,
        "environmental_cost": 28.03,
        "land_cover_class": 30,
        "land_cover_name": "Grassland",
        "geohazard_risk": 0.0,
        "soil_capacity": 0.0,
        "population_density": 0.0,
        "road_proximity_m": -1,
        "railway_proximity_m": -1,
        "water_proximity_m": -1,
        "crs": "EPSG:32633",
        "crs_name": "UTM Zone 33"
      }
    },
    {
      "type": "Feature",
      "geometry": {
        "type": "LineString",
        "coordinates": [
          [
            405059.1420765827,
            4754181.714452331
          ],
          [
            405188.74993361754,
            4754052.121409236
          ]
        ]
      },
      "properties": {
        "feature_type": "segment",
        "segment_id": 459,
        "step": 459,
        "length_m": 183.28,
        "elevation_start": 206.71,
        "elevation_end": 179.45,
        "slope_percent": 14.99,
        "cost_usd": 102638.32,
        "cost_per_m": 560.0,
        "cumulative_cost": 43137287.86,
        "terrain_cost": 61582.99,
        "environmental_cost": 18.16,
        "land_cover_class": 30,
        "land_cover_name": "Grassland",
        "geohazard_risk": 0.0,
        "soil_capacity": 0.0,
        "population_density": 0.0,
        "road_proximity_m": -1,
        "railway_proximity_m": -1,
        "water_proximity_m": -1,
        "crs": "EPSG:32633",
        "crs_name": "UTM Zone 33"
      }
    },
    {
      "type": "Feature",
      "geometry": {
        "type": "LineString",
        "coordinates": [
          [
            405188.74993361754,
            4754052.121409236
          ],
          [
            405188.74993361754,
            4753922.528366142
          ]
        ]
      },
      "properties": {
        "feature_type": "segment",
        "segment_id": 460,
        "step": 460,
        "length_m": 129.59,
        "elevation_start": 179.45,
        "elevation_end": 174.86,
        "slope_percent": 13.54,
        "cost_usd": 72572.1,
        "cost_per_m": 560.0,
        "cumulative_cost": 43209859.96,
        "terrain_cost": 43543.26,
        "environmental_cost": 7.56,
        "land_cover_class": 30,
        "land_cover_name": "Grassland",
        "geohazard_risk": 0.0,
        "soil_capacity": 305.0,
        "population_density": 0.0015,
        "road_proximity_m": 367.9,
        "railway_proximity_m": 4163.2,
        "water_proximity_m": 1856.9,
        "crs": "EPSG:32633",
        "crs_name": "UTM Zone 33"
      }
    },
    {
      "type": "Feature",
      "geometry": {
        "type": "LineString",
        "coordinates": [
          [
            405188.74993361754,
            4753922.528366142
          ],
          [
            405318.35779065243,
            4753792.935323048
          ]
        ]
      },
      "properties": {
        "feature_type": "segment",
        "segment_id": 461,
        "step": 461,
        "length_m": 183.28,
        "elevation_start": 174.86,
        "elevation_end": 152.97,
        "slope_percent": 13.62,
        "cost_usd": 102638.32,
        "cost_per_m": 560.0,
        "cumulative_cost": 43312498.28,
        "terrain_cost": 61582.99,
        "environmental_cost": 11.57,
        "land_cover_class": 30,
        "land_cover_name": "Grassland",
        "geohazard_risk": 0.0,
        "soil_capacity": 0.0,
        "population_density": 0.0,
        "road_proximity_m": -1,
        "railway_proximity_m": -1,
        "water_proximity_m": -1,
        "crs": "EPSG:32633",
        "crs_name": "UTM Zone 33"
      }
    },
    {
      "type": "Feature",
      "geometry": {
        "type": "LineString",
        "coordinates": [
          [
            405318.35779065243,
            4753792.935323048
          ],
          [
            405447.96564768726,
            4753663.342279954
          ]
        ]
      },
      "properties": {
        "feature_type": "segment",
        "segment_id": 462,
        "step": 462,
        "length_m": 183.28,
        "elevation_start": 152.97,
        "elevation_end": 111.35,
        "slope_percent": 13.09,
        "cost_usd": 102638.32,
        "cost_per_m": 560.0,
        "cumulative_cost": 43415136.6,
        "terrain_cost": 61582.99,
        "environmental_cost": 11.69,
        "land_cover_class": 30,
        "land_cover_name": "Grassland",
        "geohazard_risk": 0.0,
        "soil_capacity": 0.0,
        "population_density": 0.0,
        "road_proximity_m": -1,
        "railway_proximity_m": -1,
        "water_proximity_m": -1,
        "crs": "EPSG:32633",
        "crs_name": "UTM Zone 33"
      }
    },
    {
      "type": "Feature",
      "geometry": {
        "type": "LineString",
        "coordinates": [
          [
            405447.96564768726,
            4753663.342279954
          ],
          [
            405577.57350472215,
            4753533.749236859
          ]
        ]
      },
      "properties": {
        "feature_type": "segment",
        "segment_id": 463,
        "step": 463,
        "length_m": 183.28,
        "elevation_start": 111.35,
        "elevation_end": 105.43,
        "slope_percent": 19.98,
        "cost_usd": 146626.17,
        "cost_per_m": 800.0,
        "cumulative_cost": 43561762.77,
        "terrain_cost": 87975.7,
        "environmental_cost": 40.5,
        "land_cover_class": 30,
        "land_cover_name": "Grassland",
        "geohazard_risk": 0.0,
        "soil_capacity": 0.0,
        "population_density": 0.0,
        "road_proximity_m": -1,
        "railway_proximity_m": -1,
        "water_proximity_m": -1,
        "crs": "EPSG:32633",
        "crs_name": "UTM Zone 33"
      }
    },
    {
      "type": "Feature",
      "geometry": {
        "type": "LineString",
        "coordinates": [
          [
            405577.57350472215,
            4753533.749236859
          ],
          [
            405707.181361757,
            4753404.156193765
          ]
        ]
      },
      "properties": {
        "feature_type": "segment",
        "segment_id": 464,
        "step": 464,
        "length_m": 183.28,
        "elevation_start": 105.43,
        "elevation_end": 93.14,
        "slope_percent": 21.32,
        "cost_usd": 146626.17,
        "cost_per_m": 800.0,
        "cumulative_cost": 43708388.94,
        "terrain_cost": 87975.7,
        "environmental_cost": 133.71,
        "land_cover_class": 30,
        "land_cover_name": "Grassland",
        "geohazard_risk": 0.0,
        "soil_capacity": 0.0,
        "population_density": 0.0,
        "road_proximity_m": -1,
        "railway_proximity_m": -1,
        "water_proximity_m": -1,
        "crs": "EPSG:32633",
        "crs_name": "UTM Zone 33"
      }
    },
    {
      "type": "Feature",
      "geometry": {
        "type": "LineString",
        "coordinates": [
          [
            405707.181361757,
            4753404.156193765
          ],
          [
            405707.181361757,
            4753274.56315067
          ]
        ]
      },
      "properties": {
        "feature_type": "segment",
        "segment_id": 465,
        "step": 465,
        "length_m": 129.59,
        "elevation_start": 93.14,
        "elevation_end": 70.4,
        "slope_percent": 3.19,
        "cost_usd": 64796.52,
        "cost_per_m": 500.0,
        "cumulative_cost": 43773185.47,
        "terrain_cost": 38877.91,
        "environmental_cost": 2069.69,
        "land_cover_class": 10,
        "land_cover_name": "Tree cover",
        "geohazard_risk": 0.0,
        "soil_capacity": 328.0,
        "population_density": 0.0993,
        "road_proximity_m": 281.6,
        "railway_proximity_m": 3514.1,
        "water_proximity_m": 1441.7,
        "crs": "EPSG:32633",
        "crs_name": "UTM Zone 33"
      }
    },
    {
      "type": "Feature",
      "geometry": {
        "type": "LineString",
        "coordinates": [
          [
            405707.181361757,
            4753274.56315067
          ],
          [
            405836.7892187918,
            4753144.970107576
          ]
        ]
      },
      "properties": {
        "feature_type": "segment",
        "segment_id": 466,
        "step": 466,
        "length_m": 183.28,
        "elevation_start": 70.4,
        "elevation_end": 91.99,
        "slope_percent": 17.55,
        "cost_usd": 146626.17,
        "cost_per_m": 800.0,
        "cumulative_cost": 43919811.64,
        "terrain_cost": 87975.7,
        "environmental_cost": 89.53,
        "land_cover_class": 30,
        "land_cover_name": "Grassland",
        "geohazard_risk": 0.0,
        "soil_capacity": 0.0,
        "population_density": 0.0,
        "road_proximity_m": -1,
        "railway_proximity_m": -1,
        "water_proximity_m": -1,
        "crs": "EPSG:32633",
        "crs_name": "UTM Zone 33"
      }
    },
    {
      "type": "Feature",
      "geometry": {
        "type": "LineString",
        "coordinates": [
          [
            405836.7892187918,
            4753144.970107576
          ],
          [
            405966.3970758267,
            4753015.377064481
          ]
        ]
      },
      "properties": {
        "feature_type": "segment",
        "segment_id": 467,
        "step": 467,
        "length_m": 183.28,
        "elevation_start": 91.99,
        "elevation_end": 100.25,
        "slope_percent": 15.87,
        "cost_usd": 146626.17,
        "cost_per_m": 800.0,
        "cumulative_cost": 44066437.81,
        "terrain_cost": 87975.7,
        "environmental_cost": 228.12,
        "land_cover_class": 30,
        "land_cover_name": "Grassland",
        "geohazard_risk": 0.0,
        "soil_capacity": 0.0,
        "population_density": 0.0,
        "road_proximity_m": -1,
        "railway_proximity_m": -1,
        "water_proximity_m": -1,
        "crs": "EPSG:32633",
        "crs_name": "UTM Zone 33"
      }
    },
    {
      "type": "Feature",
      "geometry": {
        "type": "LineString",
        "coordinates": [
          [
            405966.3970758267,
            4753015.377064481
          ],
          [
            406096.00493286154,
            4752885.784021387
          ]
        ]
      },
      "properties": {
        "feature_type": "segment",
        "segment_id": 468,
        "step": 468,
        "length_m": 183.28,
        "elevation_start": 100.25,
        "elevation_end": 108.96,
        "slope_percent": 15.43,
        "cost_usd": 183282.71,
        "cost_per_m": 1000.0,
        "cumulative_cost": 44249720.52,
        "terrain_cost": 109969.63,
        "environmental_cost": 1734.59,
        "land_cover_class": 40,
        "land_cover_name": "Cropland",
        "geohazard_risk": 0.0,
        "soil_capacity": 0.0,
        "population_density": 0.0,
        "road_proximity_m": -1,
        "railway_proximity_m": -1,
        "water_proximity_m": -1,
        "crs": "EPSG:32633",
        "crs_name": "UTM Zone 33"
      }
    },
    {
      "type": "Feature",
      "geometry": {
        "type": "LineString",
        "coordinates": [
          [
            406096.00493286154,
            4752885.784021387
          ],
          [
            406096.00493286154,
            4752756.190978292
          ]
        ]
      },
      "properties": {
        "feature_type": "segment",
        "segment_id": 469,
        "step": 469,
        "length_m": 129.59,
        "elevation_start": 108.96,
        "elevation_end": 122.45,
        "slope_percent": 15.27,
        "cost_usd": 129593.04,
        "cost_per_m": 1000.0,
        "cumulative_cost": 44379313.57,
        "terrain_cost": 77755.83,
        "environmental_cost": 1363.37,
        "land_cover_class": 40,
        "land_cover_name": "Cropland",
        "geohazard_risk": 0.0,
        "soil_capacity": 0.0,
        "population_density": 0.0,
        "road_proximity_m": -1,
        "railway_proximity_m": -1,
        "water_proximity_m": -1,
        "crs": "EPSG:32633",
        "crs_name": "UTM Zone 33"
      }
    },
    {
      "type": "Feature",
      "geometry": {
        "type": "LineString",
        "coordinates": [
          [
            406096.00493286154,
            4752756.190978292
          ],
          [
            406096.00493286154,
            4752626.597935198
          ]
        ]
      },
      "properties": {
        "feature_type": "segment",
        "segment_id": 470,
        "step": 470,
        "length_m": 129.59,
        "elevation_start": 122.45,
        "elevation_end": 138.86,
        "slope_percent": 10.88,
        "cost_usd": 72572.1,
        "cost_per_m": 560.0,
        "cumulative_cost": 44451885.67,
        "terrain_cost": 43543.26,
        "environmental_cost": 734.58,
        "land_cover_class": 30,
        "land_cover_name": "Grassland",
        "geohazard_risk": 0.0,
        "soil_capacity": 330.0,
        "population_density": 0.1417,
        "road_proximity_m": 82.4,
        "railway_proximity_m": 2763.5,
        "water_proximity_m": 1521.5,
        "crs": "EPSG:32633",
        "crs_name": "UTM Zone 33"
      }
    },
    {
      "type": "Feature",
      "geometry": {
        "type": "LineString",
        "coordinates": [
          [
            406096.00493286154,
            4752626.597935198
          ],
          [
            406225.61278989643,
            4752497.004892104
          ]
        ]
      },
      "properties": {
        "feature_type": "segment",
        "segment_id": 471,
        "step": 471,
        "length_m": 183.28,
        "elevation_start": 138.86,
        "elevation_end": 152.78,
        "slope_percent": 9.49,
        "cost_usd": 84310.05,
        "cost_per_m": 460.0,
        "cumulative_cost": 44536195.72,
        "terrain_cost": 50586.03,
        "environmental_cost": 784.62,
        "land_cover_class": 30,
        "land_cover_name": "Grassland",
        "geohazard_risk": 0.0,
        "soil_capacity": 0.0,
        "population_density": 0.0,
        "road_proximity_m": -1,
        "railway_proximity_m": -1,
        "water_proximity_m": -1,
        "crs": "EPSG:32633",
        "crs_name": "UTM Zone 33"
      }
    },
    {
      "type": "Feature",
      "geometry": {
        "type": "LineString",
        "coordinates": [
          [
            406225.61278989643,
            4752497.004892104
          ],
          [
            406355.22064693127,
            4752367.41184901
          ]
        ]
      },
      "properties": {
        "feature_type": "segment",
        "segment_id": 472,
        "step": 472,
        "length_m": 183.28,
        "elevation_start": 152.78,
        "elevation_end": 179.75,
        "slope_percent": 7.37,
        "cost_usd": 91641.36,
        "cost_per_m": 500.0,
        "cumulative_cost": 44627837.08,
        "terrain_cost": 54984.81,
        "environmental_cost": 436.61,
        "land_cover_class": 20,
        "land_cover_name": "Shrubland",
        "geohazard_risk": 0.0,
        "soil_capacity": 0.0,
        "population_density": 0.0,
        "road_proximity_m": -1,
        "railway_proximity_m": -1,
        "water_proximity_m": -1,
        "crs": "EPSG:32633",
        "crs_name": "UTM Zone 33"
      }
    },
    {
      "type": "Feature",
      "geometry": {
        "type": "LineString",
        "coordinates": [
          [
            406355.22064693127,
            4752367.41184901
          ],
          [
            406355.22064693127,
            4752237.818805915
          ]
        ]
      },
      "properties": {
        "feature_type": "segment",
        "segment_id": 473,
        "step": 473,
        "length_m": 129.59,
        "elevation_start": 179.75,
        "elevation_end": 141.93,
        "slope_percent": 23.97,
        "cost_usd": 103674.43,
        "cost_per_m": 800.0,
        "cumulative_cost": 44731511.51,
        "terrain_cost": 62204.66,
        "environmental_cost": 19.73,
        "land_cover_class": 30,
        "land_cover_name": "Grassland",
        "geohazard_risk": 0.0,
        "soil_capacity": 0.0,
        "population_density": 0.0,
        "road_proximity_m": -1,
        "railway_proximity_m": -1,
        "water_proximity_m": -1,
        "crs": "EPSG:32633",
        "crs_name": "UTM Zone 33"
      }
    },
    {
      "type": "Feature",
      "geometry": {
        "type": "LineString",
        "coordinates": [
          [
            406355.22064693127,
            4752237.818805915
          ],
          [
            406484.8285039661,
            4752108.225762821
          ]
        ]
      },
      "properties": {
        "feature_type": "segment",
        "segment_id": 474,
        "step": 474,
        "length_m": 183.28,
        "elevation_start": 141.93,
        "elevation_end": 123.77,
        "slope_percent": 16.39,
        "cost_usd": 183282.71,
        "cost_per_m": 1000.0,
        "cumulative_cost": 44914794.22,
        "terrain_cost": 109969.63,
        "environmental_cost": 1674.82,
        "land_cover_class": 40,
        "land_cover_name": "Cropland",
        "geohazard_risk": 0.0,
        "soil_capacity": 0.0,
        "population_density": 0.0,
        "road_proximity_m": -1,
        "railway_proximity_m": -1,
        "water_proximity_m": -1,
        "crs": "EPSG:32633",
        "crs_name": "UTM Zone 33"
      }
    },
    {
      "type": "Feature",
      "geometry": {
        "type": "LineString",
        "coordinates": [
          [
            406484.8285039661,
            4752108.225762821
          ],
          [
            406614.436361001,
            4752108.225762821
          ]
        ]
      },
      "properties": {
        "feature_type": "segment",
        "segment_id": 475,
        "step": 475,
        "length_m": 129.61,
        "elevation_start": 123.77,
        "elevation_end": 101.85,
        "slope_percent": 14.16,
        "cost_usd": 98501.97,
        "cost_per_m": 760.0,
        "cumulative_cost": 45013296.2,
        "terrain_cost": 59101.18,
        "environmental_cost": 1186.52,
        "land_cover_class": 40,
        "land_cover_name": "Cropland",
        "geohazard_risk": 0.0,
        "soil_capacity": 326.0,
        "population_density": 0.0039,
        "road_proximity_m": 183.3,
        "railway_proximity_m": 2094.5,
        "water_proximity_m": 1754.0,
        "crs": "EPSG:32633",
        "crs_name": "UTM Zone 33"
      }
    },
    {
      "type": "Feature",
      "geometry": {
        "type": "LineString",
        "coordinates": [
          [
            406614.436361001,
            4752108.225762821
          ],
          [
            406744.0442180358,
            4751978.632719726
          ]
        ]
      },
      "properties": {
        "feature_type": "segment",
        "segment_id": 476,
        "step": 476,
        "length_m": 183.28,
        "elevation_start": 101.85,
        "elevation_end": 98.34,
        "slope_percent": 10.31,
        "cost_usd": 102638.32,
        "cost_per_m": 560.0,
        "cumulative_cost": 45115934.52,
        "terrain_cost": 61582.99,
        "environmental_cost": 32.83,
        "land_cover_class": 30,
        "land_cover_name": "Grassland",
        "geohazard_risk": 0.0,
        "soil_capacity": 0.0,
        "population_density": 0.0,
        "road_proximity_m": -1,
        "railway_proximity_m": -1,
        "water_proximity_m": -1,
        "crs": "EPSG:32633",
        "crs_name": "UTM Zone 33"
      }
    },
    {
      "type": "Feature",
      "geometry": {
        "type": "LineString",
        "coordinates": [
          [
            406744.0442180358,
            4751978.632719726
          ],
          [
            406744.0442180358,
            4751849.039676632
          ]
        ]
      },
      "properties": {
        "feature_type": "segment",
        "segment_id": 477,
        "step": 477,
        "length_m": 129.59,
        "elevation_start": 98.34,
        "elevation_end": 117.09,
        "slope_percent": 6.99,
        "cost_usd": 85531.41,
        "cost_per_m": 660.0,
        "cumulative_cost": 45201465.92,
        "terrain_cost": 51318.85,
        "environmental_cost": 1324.59,
        "land_cover_class": 40,
        "land_cover_name": "Cropland",
        "geohazard_risk": 0.0,
        "soil_capacity": 0.0,
        "population_density": 0.0,
        "road_proximity_m": -1,
        "railway_proximity_m": -1,
        "water_proximity_m": -1,
        "crs": "EPSG:32633",
        "crs_name": "UTM Zone 33"
      }
    },
    {
      "type": "Feature",
      "geometry": {
        "type": "LineString",
        "coordinates": [
          [
            406744.0442180358,
            4751849.039676632
          ],
          [
            406873.65207507065,
            4751719.446633537
          ]
        ]
      },
      "properties": {
        "feature_type": "segment",
        "segment_id": 478,
        "step": 478,
        "length_m": 183.28,
        "elevation_start": 117.09,
        "elevation_end": 100.68,
        "slope_percent": 9.54,
        "cost_usd": 91641.36,
        "cost_per_m": 500.0,
        "cumulative_cost": 45293107.28,
        "terrain_cost": 54984.81,
        "environmental_cost": 124.31,
        "land_cover_class": 20,
        "land_cover_name": "Shrubland",
        "geohazard_risk": 0.0,
        "soil_capacity": 0.0,
        "population_density": 0.0,
        "road_proximity_m": -1,
        "railway_proximity_m": -1,
        "water_proximity_m": -1,
        "crs": "EPSG:32633",
        "crs_name": "UTM Zone 33"
      }
    },
    {
      "type": "Feature",
      "geometry": {
        "type": "LineString",
        "coordinates": [
          [
            406873.65207507065,
            4751719.446633537
          ],
          [
            407003.25993210555,
            4751589.853590443
          ]
        ]
      },
      "properties": {
        "feature_type": "segment",
        "segment_id": 479,
        "step": 479,
        "length_m": 183.28,
        "elevation_start": 100.68,
        "elevation_end": 97.17,
        "slope_percent": 4.69,
        "cost_usd": 73313.09,
        "cost_per_m": 400.0,
        "cumulative_cost": 45366420.37,
        "terrain_cost": 43987.85,
        "environmental_cost": 159.3,
        "land_cover_class": 30,
        "land_cover_name": "Grassland",
        "geohazard_risk": 0.0,
        "soil_capacity": 0.0,
        "population_density": 0.0,
        "road_proximity_m": -1,
        "railway_proximity_m": -1,
        "water_proximity_m": -1,
        "crs": "EPSG:32633",
        "crs_name": "UTM Zone 33"
      }
    },
    {
      "type": "Feature",
      "geometry": {
        "type": "LineString",
        "coordinates": [
          [
            407003.25993210555,
            4751589.853590443
          ],
          [
            407003.25993210555,
            4751460.260547348
          ]
        ]
      },
      "properties": {
        "feature_type": "segment",
        "segment_id": 480,
        "step": 480,
        "length_m": 129.59,
        "elevation_start": 97.17,
        "elevation_end": 86.63,
        "slope_percent": 8.68,
        "cost_usd": 59612.8,
        "cost_per_m": 460.0,
        "cumulative_cost": 45426033.17,
        "terrain_cost": 35767.68,
        "environmental_cost": 190.79,
        "land_cover_class": 30,
        "land_cover_name": "Grassland",
        "geohazard_risk": 0.0,
        "soil_capacity": 340.0,
        "population_density": 0.0368,
        "road_proximity_m": 71.6,
        "railway_proximity_m": 1351.7,
        "water_proximity_m": 1273.2,
        "crs": "EPSG:32633",
        "crs_name": "UTM Zone 33"
      }
    },
    {
      "type": "Feature",
      "geometry": {
        "type": "LineString",
        "coordinates": [
          [
            407003.25993210555,
            4751460.260547348
          ],
          [
            407003.25993210555,
            4751330.667504255
          ]
        ]
      },
      "properties": {
        "feature_type": "segment",
        "segment_id": 481,
        "step": 481,
        "length_m": 129.59,
        "elevation_start": 86.63,
        "elevation_end": 67.03,
        "slope_percent": 9.24,
        "cost_usd": 72572.1,
        "cost_per_m": 560.0,
        "cumulative_cost": 45498605.27,
        "terrain_cost": 43543.26,
        "environmental_cost": 1947.66,
        "land_cover_class": 10,
        "land_cover_name": "Tree cover",
        "geohazard_risk": 0.0,
        "soil_capacity": 0.0,
        "population_density": 0.0,
        "road_proximity_m": -1,
        "railway_proximity_m": -1,
        "water_proximity_m": -1,
        "crs": "EPSG:32633",
        "crs_name": "UTM Zone 33"
      }
    },
    {
      "type": "Feature",
      "geometry": {
        "type": "LineString",
        "coordinates": [
          [
            407003.25993210555,
            4751330.667504255
          ],
          [
            407132.8677891404,
            4751201.07446116
          ]
        ]
      },
      "properties": {
        "feature_type": "segment",
        "segment_id": 482,
        "step": 482,
        "length_m": 183.28,
        "elevation_start": 67.03,
        "elevation_end": 56.12,
        "slope_percent": 14.39,
        "cost_usd": 139294.86,
        "cost_per_m": 760.0,
        "cumulative_cost": 45637900.13,
        "terrain_cost": 83576.92,
        "environmental_cost": 1899.28,
        "land_cover_class": 40,
        "land_cover_name": "Cropland",
        "geohazard_risk": 0.0,
        "soil_capacity": 0.0,
        "population_density": 0.0,
        "road_proximity_m": -1,
        "railway_proximity_m": -1,
        "water_proximity_m": -1,
        "crs": "EPSG:32633",
        "crs_name": "UTM Zone 33"
      }
    },
    {
      "type": "Feature",
      "geometry": {
        "type": "LineString",
        "coordinates": [
          [
            407132.8677891404,
            4751201.07446116
          ],
          [
            407262.47564617527,
            4751071.481418066
          ]
        ]
      },
      "properties": {
        "feature_type": "segment",
        "segment_id": 483,
        "step": 483,
        "length_m": 183.28,
        "elevation_start": 56.12,
        "elevation_end": 23.56,
        "slope_percent": 15.44,
        "cost_usd": 164954.44,
        "cost_per_m": 900.0,
        "cumulative_cost": 45802854.58,
        "terrain_cost": 98972.67,
        "environmental_cost": 2514.03,
        "land_cover_class": 10,
        "land_cover_name": "Tree cover",
        "geohazard_risk": 0.0,
        "soil_capacity": 0.0,
        "population_density": 0.0,
        "road_proximity_m": -1,
        "railway_proximity_m": -1,
        "water_proximity_m": -1,
        "crs": "EPSG:32633",
        "crs_name": "UTM Zone 33"
      }
    },
    {
      "type": "Feature",
      "geometry": {
        "type": "LineString",
        "coordinates": [
          [
            407262.47564617527,
            4751071.481418066
          ],
          [
            407392.0835032101,
            4750941.888374971
          ]
        ]
      },
      "properties": {
        "feature_type": "segment",
        "segment_id": 484,
        "step": 484,
        "length_m": 183.28,
        "elevation_start": 23.56,
        "elevation_end": 10.5,
        "slope_percent": 3.73,
        "cost_usd": 73313.09,
        "cost_per_m": 400.0,
        "cumulative_cost": 45876167.66,
        "terrain_cost": 43987.85,
        "environmental_cost": 3068.05,
        "land_cover_class": 30,
        "land_cover_name": "Grassland",
        "geohazard_risk": 0.0,
        "soil_capacity": 0.0,
        "population_density": 0.0,
        "road_proximity_m": -1,
        "railway_proximity_m": -1,
        "water_proximity_m": -1,
        "crs": "EPSG:32633",
        "crs_name": "UTM Zone 33"
      }
    },
    {
      "type": "Feature",
      "geometry": {
        "type": "LineString",
        "coordinates": [
          [
            407392.0835032101,
            4750941.888374971
          ],
          [
            407521.69136024493,
            4750812.295331877
          ]
        ]
      },
      "properties": {
        "feature_type": "segment",
        "segment_id": 485,
        "step": 485,
        "length_m": 183.28,
        "elevation_start": 10.5,
        "elevation_end": 8.47,
        "slope_percent": 0.86,
        "cost_usd": 91641.36,
        "cost_per_m": 500.0,
        "cumulative_cost": 45967809.02,
        "terrain_cost": 54984.81,
        "environmental_cost": 2459.71,
        "land_cover_class": 10,
        "land_cover_name": "Tree cover",
        "geohazard_risk": 0.0,
        "soil_capacity": 367.0,
        "population_density": 0.0355,
        "road_proximity_m": 55.2,
        "railway_proximity_m": 568.8,
        "water_proximity_m": 486.4,
        "crs": "EPSG:32633",
        "crs_name": "UTM Zone 33"
      }
    },
    {
      "type": "Feature",
      "geometry": {
        "type": "LineString",
        "coordinates": [
          [
            407521.69136024493,
            4750812.295331877
          ],
          [
            407651.2992172798,
            4750812.295331877
          ]
        ]
      },
      "properties": {
        "feature_type": "segment",
        "segment_id": 486,
        "step": 486,
        "length_m": 129.61,
        "elevation_start": 8.47,
        "elevation_end": 8.25,
        "slope_percent": 0.89,
        "cost_usd": 77764.71,
        "cost_per_m": 600.0,
        "cumulative_cost": 46045573.73,
        "terrain_cost": 46658.83,
        "environmental_cost": 1243.74,
        "land_cover_class": 40,
        "land_cover_name": "Cropland",
        "geohazard_risk": 0.0,
        "soil_capacity": 0.0,
        "population_density": 0.0,
        "road_proximity_m": -1,
        "railway_proximity_m": -1,
        "water_proximity_m": -1,
        "crs": "EPSG:32633",
        "crs_name": "UTM Zone 33"
      }
    },
    {
      "type": "Feature",
      "geometry": {
        "type": "LineString",
        "coordinates": [
          [
            407651.2992172798,
            4750812.295331877
          ],
          [
            407780.90707431466,
            4750682.702288782
          ]
        ]
      },
      "properties": {
        "feature_type": "segment",
        "segment_id": 487,
        "step": 487,
        "length_m": 183.28,
        "elevation_start": 8.25,
        "elevation_end": 7.01,
        "slope_percent": 0.68,
        "cost_usd": 80644.39,
        "cost_per_m": 440.0,
        "cumulative_cost": 46126218.13,
        "terrain_cost": 48386.64,
        "environmental_cost": 39.25,
        "land_cover_class": 20,
        "land_cover_name": "Shrubland",
        "geohazard_risk": 0.0,
        "soil_capacity": 0.0,
        "population_density": 0.0,
        "road_proximity_m": -1,
        "railway_proximity_m": -1,
        "water_proximity_m": -1,
        "crs": "EPSG:32633",
        "crs_name": "UTM Zone 33"
      }
    },
    {
      "type": "Feature",
      "geometry": {
        "type": "LineString",
        "coordinates": [
          [
            407780.90707431466,
            4750682.702288782
          ],
          [
            407780.90707431466,
            4750553.109245688
          ]
        ]
      },
      "properties": {
        "feature_type": "segment",
        "segment_id": 488,
        "step": 488,
        "length_m": 129.59,
        "elevation_start": 7.01,
        "elevation_end": 7.14,
        "slope_percent": 0.55,
        "cost_usd": 77755.83,
        "cost_per_m": 600.0,
        "cumulative_cost": 46203973.96,
        "terrain_cost": 46653.5,
        "environmental_cost": 1329.07,
        "land_cover_class": 40,
        "land_cover_name": "Cropland",
        "geohazard_risk": 0.0,
        "soil_capacity": 0.0,
        "population_density": 0.0,
        "road_proximity_m": -1,
        "railway_proximity_m": -1,
        "water_proximity_m": -1,
        "crs": "EPSG:32633",
        "crs_name": "UTM Zone 33"
      }
    },
    {
      "type": "Feature",
      "geometry": {
        "type": "LineString",
        "coordinates": [
          [
            407780.90707431466,
            4750553.109245688
          ],
          [
            407780.90707431466,
            4750423.516202593
          ]
        ]
      },
      "properties": {
        "feature_type": "segment",
        "segment_id": 489,
        "step": 489,
        "length_m": 129.59,
        "elevation_start": 7.14,
        "elevation_end": 7.94,
        "slope_percent": 0.56,
        "cost_usd": 77755.83,
        "cost_per_m": 600.0,
        "cumulative_cost": 46281729.78,
        "terrain_cost": 46653.5,
        "environmental_cost": 1298.79,
        "land_cover_class": 40,
        "land_cover_name": "Cropland",
        "geohazard_risk": 0.0,
        "soil_capacity": 0.0,
        "population_density": 0.0,
        "road_proximity_m": -1,
        "railway_proximity_m": -1,
        "water_proximity_m": -1,
        "crs": "EPSG:32633",
        "crs_name": "UTM Zone 33"
      }
    },
    {
      "type": "Feature",
      "geometry": {
        "type": "LineString",
        "coordinates": [
          [
            407780.90707431466,
            4750423.516202593
          ],
          [
            407910.51493134955,
            4750293.923159499
          ]
        ]
      },
      "properties": {
        "feature_type": "segment",
        "segment_id": 490,
        "step": 490,
        "length_m": 183.28,
        "elevation_start": 7.94,
        "elevation_end": 5.85,
        "slope_percent": 0.76,
        "cost_usd": 80644.39,
        "cost_per_m": 440.0,
        "cumulative_cost": 46362374.18,
        "terrain_cost": 48386.64,
        "environmental_cost": 232.02,
        "land_cover_class": 20,
        "land_cover_name": "Shrubland",
        "geohazard_risk": 0.0,
        "soil_capacity": 311.0,
        "population_density": 0.0316,
        "road_proximity_m": 27.7,
        "railway_proximity_m": 49.4,
        "water_proximity_m": 351.2,
        "crs": "EPSG:32633",
        "crs_name": "UTM Zone 33"
      }
    },
    {
      "type": "Feature",
      "geometry": {
        "type": "LineString",
        "coordinates": [
          [
            407910.51493134955,
            4750293.923159499
          ],
          [
            408040.1227883844,
            4750293.923159499
          ]
        ]
      },
      "properties": {
        "feature_type": "segment",
        "segment_id": 491,
        "step": 491,
        "length_m": 129.61,
        "elevation_start": 5.85,
        "elevation_end": 5.63,
        "slope_percent": 0.45,
        "cost_usd": 77764.71,
        "cost_per_m": 600.0,
        "cumulative_cost": 46440138.89,
        "terrain_cost": 46658.83,
        "environmental_cost": 1213.76,
        "land_cover_class": 40,
        "land_cover_name": "Cropland",
        "geohazard_risk": 0.0,
        "soil_capacity": 0.0,
        "population_density": 0.0,
        "road_proximity_m": -1,
        "railway_proximity_m": -1,
        "water_proximity_m": -1,
        "crs": "EPSG:32633",
        "crs_name": "UTM Zone 33"
      }
    },
    {
      "type": "Feature",
      "geometry": {
        "type": "LineString",
        "coordinates": [
          [
            408040.1227883844,
            4750293.923159499
          ],
          [
            408169.7306454192,
            4750164.330116404
          ]
        ]
      },
      "properties": {
        "feature_type": "segment",
        "segment_id": 492,
        "step": 492,
        "length_m": 183.28,
        "elevation_start": 5.63,
        "elevation_end": 5.5,
        "slope_percent": 0.32,
        "cost_usd": 80644.39,
        "cost_per_m": 440.0,
        "cumulative_cost": 46520783.28,
        "terrain_cost": 48386.64,
        "environmental_cost": 0.0,
        "land_cover_class": 20,
        "land_cover_name": "Shrubland",
        "geohazard_risk": 0.0,
        "soil_capacity": 0.0,
        "population_density": 0.0,
        "road_proximity_m": -1,
        "railway_proximity_m": -1,
        "water_proximity_m": -1,
        "crs": "EPSG:32633",
        "crs_name": "UTM Zone 33"
      }
    },
    {
      "type": "Feature",
      "geometry": {
        "type": "LineString",
        "coordinates": [
          [
            408169.7306454192,
            4750164.330116404
          ],
          [
            408299.3385024541,
            4750164.330116404
          ]
        ]
      },
      "properties": {
        "feature_type": "segment",
        "segment_id": 493,
        "step": 493,
        "length_m": 129.61,
        "elevation_start": 5.5,
        "elevation_end": 5.57,
        "slope_percent": 0.46,
        "cost_usd": 51843.14,
        "cost_per_m": 400.0,
        "cumulative_cost": 46572626.43,
        "terrain_cost": 31105.89,
        "environmental_cost": 0.0,
        "land_cover_class": 30,
        "land_cover_name": "Grassland",
        "geohazard_risk": 0.0,
        "soil_capacity": 0.0,
        "population_density": 0.0,
        "road_proximity_m": -1,
        "railway_proximity_m": -1,
        "water_proximity_m": -1,
        "crs": "EPSG:32633",
        "crs_name": "UTM Zone 33"
      }
    },
    {
      "type": "Feature",
      "geometry": {
        "type": "LineString",
        "coordinates": [
          [
            408299.3385024541,
            4750164.330116404
          ],
          [
            408428.94635948894,
            4750164.330116404
          ]
        ]
      },
      "properties": {
        "feature_type": "segment",
        "segment_id": 494,
        "step": 494,
        "length_m": 129.61,
        "elevation_start": 5.57,
        "elevation_end": 5.8,
        "slope_percent": 0.82,
        "cost_usd": 77764.71,
        "cost_per_m": 600.0,
        "cumulative_cost": 46650391.14,
        "terrain_cost": 46658.83,
        "environmental_cost": 1166.47,
        "land_cover_class": 40,
        "land_cover_name": "Cropland",
        "geohazard_risk": 0.0,
        "soil_capacity": 0.0,
        "population_density": 0.0,
        "road_proximity_m": -1,
        "railway_proximity_m": -1,
        "water_proximity_m": -1,
        "crs": "EPSG:32633",
        "crs_name": "UTM Zone 33"
      }
    }
  ]
}