{
  "type": "FeatureCollection",
  "crs": {
    "type": "name",
    "properties": {
      "name": "EPSG:32633"
    }
  },
  "metadata": {
    "project_name": "test_project2",
    "algorithm": "NSGA-III Multi-Objective with OPEX",
    "objectives": [
      "capex",
      "environmental",
      "length",
      "elevation_gain",
      "roughness"
    ],
    "total_length_m": 72136.04,
    "total_capex_usd": 42836505.4,
    "annual_opex_usd": 464610905.36,
    "pump_stations": 7,
    "generated_at": "2025-12-19T00:25:17.098702"
  },
  "features": [
    {
      "type": "Feature",
      "geometry": {
        "type": "LineString",
        "coordinates": [
          [
            379656.0020977512,
            4804982.187345338
          ],
          [
            379785.609954786,
            4804852.594302244
          ],
          [
            379915.2178118209,
            4804723.001259149
          ],
          [
            380044.82566885574,
            4804723.001259149
          ],
          [
            380174.4335258906,
            4804593.408216055
          ],
          [
            380304.04138292547,
            4804463.81517296
          ],
          [
            380433.6492399603,
            4804334.2221298665
          ],
          [
            380563.25709699513,
            4804334.2221298665
          ],
          [
            380692.86495403,
            4804334.2221298665
          ],
          [
            380822.47281106486,
            4804334.2221298665
          ],
          [
            380952.08066809975,
            4804334.2221298665
          ],
          [
            381081.6885251346,
            4804204.629086772
          ],
          [
            381211.2963821694,
            4804075.0360436775
          ],
          [
            381340.9042392043,
            4803945.443000583
          ],
          [
            381470.51209623914,
            4803815.8499574885
          ],
          [
            381600.11995327397,
            4803686.256914394
          ],
          [
            381729.72781030886,
            4803556.6638712995
          ],
          [
            381859.3356673437,
            4803427.070828205
          ],
          [
            381988.9435243786,
            4803297.4777851105
          ],
          [
            382118.5513814134,
            4803297.4777851105
          ],
          [
            382248.15923844825,
            4803167.884742016
          ],
          [
            382377.76709548314,
            4803038.291698922
          ],
          [
            382507.374952518,
            4802908.698655828
          ],
          [
            382636.9828095528,
            4802779.105612733
          ],
          [
            382766.5906665877,
            4802649.512569639
          ],
          [
            382896.19852362253,
            4802649.512569639
          ],
          [
            383025.8063806574,
            4802649.512569639
          ],
          [
            383155.41423769225,
            4802649.512569639
          ],
          [
            383285.0220947271,
            4802649.512569639
          ],
          [
            383414.629951762,
            4802649.512569639
          ],
          [
            383544.2378087968,
            4802649.512569639
          ],
          [
            383673.8456658317,
            4802519.919526544
          ],
          [
            383803.45352286653,
            4802390.32648345
          ],
          [
            383933.06137990137,
            4802390.32648345
          ],
          [
            384062.66923693626,
            4802260.733440355
          ],
          [
            384192.2770939711,
            4802131.140397261
          ],
          [
            384321.8849510059,
            4802001.547354166
          ],
          [
            384451.4928080408,
            4801871.954311073
          ],
          [
            384581.10066507565,
            4801742.361267978
          ],
          [
            384710.70852211054,
            4801742.361267978
          ],
          [
            384840.31637914537,
            4801612.768224884
          ],
          [
            384969.9242361802,
            4801483.175181789
          ],
          [
            385099.5320932151,
            4801353.582138695
          ],
          [
            385229.1399502499,
            4801223.9890956
          ],
          [
            385358.74780728476,
            4801094.396052506
          ],
          [
            385488.35566431965,
            4800964.803009411
          ],
          [
            385488.35566431965,
            4800835.209966317
          ],
          [
            385617.9635213545,
            4800705.616923222
          ],
          [
            385747.5713783894,
            4800705.616923222
          ],
          [
            385877.1792354242,
            4800705.616923222
          ],
          [
            386006.78709245904,
            4800576.023880129
          ],
          [
            386136.39494949393,
            4800446.430837034
          ],
          [
            386266.00280652876,
            4800316.83779394
          ],
          [
            386395.6106635636,
            4800187.244750845
          ],
          [
            386525.2185205985,
            4800057.651707751
          ],
          [
            386525.2185205985,
            4799928.058664656
          ],
          [
            386654.8263776333,
            4799798.465621562
          ],
          [
            386654.8263776333,
            4799668.872578467
          ],
          [
            386654.8263776333,
            4799539.279535373
          ],
          [
            386654.8263776333,
            4799409.686492278
          ],
          [
            386784.4342346682,
            4799280.093449185
          ],
          [
            386784.4342346682,
            4799150.50040609
          ],
          [
            386784.4342346682,
            4799020.907362996
          ],
          [
            386784.4342346682,
            4798891.314319901
          ],
          [
            386784.4342346682,
            4798761.721276807
          ],
          [
            386914.04209170304,
            4798632.128233712
          ],
          [
            386914.04209170304,
            4798502.535190618
          ],
          [
            386914.04209170304,
            4798372.942147523
          ],
          [
            386914.04209170304,
            4798243.349104429
          ],
          [
            386914.04209170304,
            4798113.756061334
          ],
          [
            386914.04209170304,
            4797984.163018241
          ],
          [
            387043.6499487379,
            4797854.569975146
          ],
          [
            387043.6499487379,
            4797724.976932052
          ],
          [
            387173.25780577277,
            4797595.383888957
          ],
          [
            387173.25780577277,
            4797465.790845863
          ],
          [
            387302.8656628076,
            4797336.197802768
          ],
          [
            387432.4735198425,
            4797336.197802768
          ],
          [
            387562.0813768773,
            4797206.604759674
          ],
          [
            387691.68923391216,
            4797077.011716579
          ],
          [
            387821.29709094705,
            4796947.418673485
          ],
          [
            387950.9049479819,
            4796817.825630391
          ],
          [
            387950.9049479819,
            4796688.2325872965
          ],
          [
            388080.5128050167,
            4796558.639544202
          ],
          [
            388210.1206620516,
            4796429.0465011075
          ],
          [
            388339.72851908643,
            4796299.453458013
          ],
          [
            388469.3363761213,
            4796169.8604149185
          ],
          [
            388469.3363761213,
            4796040.267371824
          ],
          [
            388598.94423315616,
            4795910.6743287295
          ],
          [
            388728.552090191,
            4795910.6743287295
          ],
          [
            388858.1599472259,
            4795910.6743287295
          ],
          [
            388987.7678042607,
            4795910.6743287295
          ],
          [
            389117.37566129555,
            4795910.6743287295
          ],
          [
            389246.98351833044,
            4795910.6743287295
          ],
          [
            389376.5913753653,
            4795781.081285635
          ],
          [
            389506.19923240016,
            4795651.4882425405
          ],
          [
            389635.807089435,
            4795521.895199447
          ],
          [
            389765.4149464698,
            4795392.302156352
          ],
          [
            389765.4149464698,
            4795262.709113258
          ],
          [
            389765.4149464698,
            4795133.116070163
          ],
          [
            389895.0228035047,
            4795003.523027069
          ],
          [
            389895.0228035047,
            4794873.929983974
          ],
          [
            390024.63066053955,
            4794744.33694088
          ],
          [
            390154.2385175744,
            4794744.33694088
          ],
          [
            390283.8463746093,
            4794744.33694088
          ],
          [
            390413.4542316441,
            4794614.743897785
          ],
          [
            390543.062088679,
            4794614.743897785
          ],
          [
            390672.66994571383,
            4794485.150854691
          ],
          [
            390802.27780274866,
            4794355.557811596
          ],
          [
            390931.88565978355,
            4794225.964768503
          ],
          [
            391061.4935168184,
            4794096.371725408
          ],
          [
            391191.1013738533,
            4793966.778682314
          ],
          [
            391320.7092308881,
            4793837.185639219
          ],
          [
            391450.31708792294,
            4793707.592596125
          ],
          [
            391579.92494495783,
            4793577.99955303
          ],
          [
            391709.53280199267,
            4793448.406509936
          ],
          [
            391839.1406590275,
            4793318.813466841
          ],
          [
            391968.7485160624,
            4793189.220423747
          ],
          [
            391968.7485160624,
            4793059.627380652
          ],
          [
            392098.3563730972,
            4792930.034337559
          ],
          [
            392227.9642301321,
            4792800.441294464
          ],
          [
            392357.57208716695,
            4792670.84825137
          ],
          [
            392487.1799442018,
            4792670.84825137
          ],
          [
            392616.7878012367,
            4792541.255208275
          ],
          [
            392746.3956582715,
            4792411.662165181
          ],
          [
            392876.00351530634,
            4792282.069122086
          ],
          [
            393005.6113723412,
            4792152.476078992
          ],
          [
            393135.21922937606,
            4792022.883035897
          ],
          [
            393264.82708641095,
            4791893.289992803
          ],
          [
            393394.4349434458,
            4791763.696949709
          ],
          [
            393524.0428004806,
            4791634.103906615
          ],
          [
            393524.0428004806,
            4791504.51086352
          ],
          [
            393524.0428004806,
            4791374.917820426
          ],
          [
            393524.0428004806,
            4791245.324777331
          ],
          [
            393524.0428004806,
            4791115.731734237
          ],
          [
            393524.0428004806,
            4790986.138691142
          ],
          [
            393653.6506575155,
            4790856.545648048
          ],
          [
            393783.25851455034,
            4790726.952604953
          ],
          [
            393912.8663715852,
            4790597.359561859
          ],
          [
            394042.47422862006,
            4790467.766518765
          ],
          [
            394042.47422862006,
            4790338.173475671
          ],
          [
            394042.47422862006,
            4790208.580432576
          ],
          [
            394042.47422862006,
            4790078.987389482
          ],
          [
            394042.47422862006,
            4789949.394346387
          ],
          [
            394042.47422862006,
            4789819.801303293
          ],
          [
            394172.0820856549,
            4789690.208260198
          ],
          [
            394172.0820856549,
            4789560.615217104
          ],
          [
            394301.6899426898,
            4789431.022174009
          ],
          [
            394431.2977997246,
            4789301.429130915
          ],
          [
            394560.90565675945,
            4789171.836087821
          ],
          [
            394560.90565675945,
            4789042.243044727
          ],
          [
            394560.90565675945,
            4788912.650001632
          ],
          [
            394560.90565675945,
            4788783.056958538
          ],
          [
            394690.51351379434,
            4788653.463915443
          ],
          [
            394690.51351379434,
            4788523.870872349
          ],
          [
            394820.1213708292,
            4788394.277829254
          ],
          [
            394949.72922786407,
            4788264.68478616
          ],
          [
            394949.72922786407,
            4788135.091743065
          ],
          [
            395079.3370848989,
            4788005.498699971
          ],
          [
            395208.94494193373,
            4787875.905656877
          ],
          [
            395208.94494193373,
            4787746.3126137825
          ],
          [
            395208.94494193373,
            4787616.719570688
          ],
          [
            395338.5527989686,
            4787487.1265275935
          ],
          [
            395468.16065600346,
            4787357.533484499
          ],
          [
            395468.16065600346,
            4787227.9404414045
          ],
          [
            395597.7685130383,
            4787098.34739831
          ],
          [
            395727.3763700732,
            4786968.7543552155
          ],
          [
            395856.984227108,
            4786839.161312121
          ],
          [
            395986.5920841429,
            4786709.568269027
          ],
          [
            395986.5920841429,
            4786579.975225933
          ],
          [
            395986.5920841429,
            4786450.382182838
          ],
          [
            396116.19994117774,
            4786320.789139744
          ],
          [
            396116.19994117774,
            4786191.196096649
          ],
          [
            396245.80779821257,
            4786061.603053555
          ],
          [
            396375.41565524746,
            4785932.01001046
          ],
          [
            396505.0235122823,
            4785802.416967366
          ],
          [
            396634.6313693171,
            4785672.823924271
          ],
          [
            396764.239226352,
            4785543.230881177
          ],
          [
            396764.239226352,
            4785413.637838083
          ],
          [
            396893.84708338685,
            4785284.044794989
          ],
          [
            396893.84708338685,
            4785154.451751894
          ],
          [
            396893.84708338685,
            4785024.8587088
          ],
          [
            397023.45494042174,
            4784895.265665705
          ],
          [
            396893.84708338685,
            4784765.672622611
          ],
          [
            396764.239226352,
            4784636.079579516
          ],
          [
            396764.239226352,
            4784506.486536422
          ],
          [
            396764.239226352,
            4784376.893493327
          ],
          [
            396764.239226352,
            4784247.300450233
          ],
          [
            396764.239226352,
            4784117.707407139
          ],
          [
            396893.84708338685,
            4783988.114364045
          ],
          [
            396893.84708338685,
            4783858.52132095
          ],
          [
            396893.84708338685,
            4783728.928277856
          ],
          [
            396893.84708338685,
            4783599.335234761
          ],
          [
            396893.84708338685,
            4783469.742191667
          ],
          [
            396893.84708338685,
            4783340.149148572
          ],
          [
            396893.84708338685,
            4783210.556105478
          ],
          [
            397023.45494042174,
            4783080.963062383
          ],
          [
            397023.45494042174,
            4782951.370019289
          ],
          [
            397153.0627974566,
            4782821.776976195
          ],
          [
            397153.0627974566,
            4782692.183933101
          ],
          [
            397153.0627974566,
            4782562.590890006
          ],
          [
            397153.0627974566,
            4782432.997846912
          ],
          [
            397153.0627974566,
            4782303.404803817
          ],
          [
            397153.0627974566,
            4782173.811760723
          ],
          [
            397153.0627974566,
            4782044.218717628
          ],
          [
            397282.6706544914,
            4781914.625674534
          ],
          [
            397282.6706544914,
            4781785.032631439
          ],
          [
            397282.6706544914,
            4781655.439588346
          ],
          [
            397412.2785115263,
            4781525.846545251
          ],
          [
            397412.2785115263,
            4781396.253502157
          ],
          [
            397412.2785115263,
            4781266.660459062
          ],
          [
            397541.8863685611,
            4781137.067415968
          ],
          [
            397541.8863685611,
            4781007.474372873
          ],
          [
            397541.8863685611,
            4780877.881329779
          ],
          [
            397541.8863685611,
            4780748.288286684
          ],
          [
            397541.8863685611,
            4780618.69524359
          ],
          [
            397671.49422559596,
            4780489.102200495
          ],
          [
            397801.10208263085,
            4780359.5091574015
          ],
          [
            397930.7099396657,
            4780229.916114307
          ],
          [
            397930.7099396657,
            4780100.3230712125
          ],
          [
            397930.7099396657,
            4779970.730028118
          ],
          [
            397930.7099396657,
            4779841.1369850235
          ],
          [
            397930.7099396657,
            4779711.543941929
          ],
          [
            397930.7099396657,
            4779581.9508988345
          ],
          [
            397930.7099396657,
            4779452.35785574
          ],
          [
            397930.7099396657,
            4779322.7648126455
          ],
          [
            397930.7099396657,
            4779193.171769551
          ],
          [
            397930.7099396657,
            4779063.578726457
          ],
          [
            397930.7099396657,
            4778933.985683363
          ],
          [
            398060.3177967006,
            4778804.392640268
          ],
          [
            398060.3177967006,
            4778674.799597174
          ],
          [
            398060.3177967006,
            4778545.206554079
          ],
          [
            398060.3177967006,
            4778415.613510985
          ],
          [
            398060.3177967006,
            4778286.02046789
          ],
          [
            398189.9256537354,
            4778156.427424796
          ],
          [
            398319.53351077024,
            4778026.834381701
          ],
          [
            398449.14136780513,
            4777897.241338607
          ],
          [
            398449.14136780513,
            4777767.648295513
          ],
          [
            398449.14136780513,
            4777638.055252419
          ],
          [
            398578.74922483996,
            4777508.462209324
          ],
          [
            398578.74922483996,
            4777378.86916623
          ],
          [
            398578.74922483996,
            4777249.276123135
          ],
          [
            398708.35708187486,
            4777119.683080041
          ],
          [
            398837.9649389097,
            4776990.090036946
          ],
          [
            398967.5727959445,
            4776860.496993852
          ],
          [
            399097.1806529794,
            4776860.496993852
          ],
          [
            399226.78851001424,
            4776730.903950757
          ],
          [
            399356.3963670491,
            4776601.310907664
          ],
          [
            399356.3963670491,
            4776471.717864569
          ],
          [
            399486.00422408397,
            4776342.124821475
          ],
          [
            399615.6120811188,
            4776212.53177838
          ],
          [
            399615.6120811188,
            4776082.938735286
          ],
          [
            399745.2199381537,
            4775953.345692191
          ],
          [
            399874.8277951885,
            4775823.752649097
          ],
          [
            400004.43565222336,
            4775694.159606002
          ],
          [
            400004.43565222336,
            4775564.566562908
          ],
          [
            400004.43565222336,
            4775434.973519813
          ],
          [
            400004.43565222336,
            4775305.38047672
          ],
          [
            400004.43565222336,
            4775175.787433625
          ],
          [
            400004.43565222336,
            4775046.194390531
          ],
          [
            400004.43565222336,
            4774916.601347436
          ],
          [
            400004.43565222336,
            4774787.008304342
          ],
          [
            400004.43565222336,
            4774657.415261247
          ],
          [
            399874.8277951885,
            4774527.822218153
          ],
          [
            399874.8277951885,
            4774398.229175058
          ],
          [
            399874.8277951885,
            4774268.636131964
          ],
          [
            399874.8277951885,
            4774139.043088869
          ],
          [
            399745.2199381537,
            4774009.450045776
          ],
          [
            399745.2199381537,
            4773879.857002681
          ],
          [
            399615.6120811188,
            4773750.263959587
          ],
          [
            399615.6120811188,
            4773620.670916492
          ],
          [
            399486.00422408397,
            4773491.077873398
          ],
          [
            399615.6120811188,
            4773361.484830303
          ],
          [
            399745.2199381537,
            4773231.891787209
          ],
          [
            399874.8277951885,
            4773102.298744114
          ],
          [
            400004.43565222336,
            4772972.70570102
          ],
          [
            399874.8277951885,
            4772843.112657925
          ],
          [
            400004.43565222336,
            4772713.519614832
          ],
          [
            400134.04350925825,
            4772583.926571737
          ],
          [
            400263.6513662931,
            4772583.926571737
          ],
          [
            400393.2592233279,
            4772454.333528643
          ],
          [
            400522.8670803628,
            4772324.740485548
          ],
          [
            400652.47493739764,
            4772195.147442454
          ],
          [
            400652.47493739764,
            4772065.554399359
          ],
          [
            400782.0827944325,
            4771935.961356265
          ],
          [
            400782.0827944325,
            4771806.36831317
          ],
          [
            400782.0827944325,
            4771676.775270076
          ],
          [
            400782.0827944325,
            4771547.182226982
          ],
          [
            400782.0827944325,
            4771417.5891838875
          ],
          [
            400782.0827944325,
            4771287.996140793
          ],
          [
            400911.69065146736,
            4771158.403097698
          ],
          [
            400911.69065146736,
            4771028.810054604
          ],
          [
            401041.2985085022,
            4770899.217011509
          ],
          [
            401041.2985085022,
            4770769.623968415
          ],
          [
            401041.2985085022,
            4770640.03092532
          ],
          [
            401041.2985085022,
            4770510.437882226
          ],
          [
            401170.9063655371,
            4770380.844839131
          ],
          [
            401300.5142225719,
            4770251.251796038
          ],
          [
            401430.12207960675,
            4770121.658752943
          ],
          [
            401430.12207960675,
            4769992.065709849
          ],
          [
            401430.12207960675,
            4769862.472666754
          ],
          [
            401559.72993664164,
            4769732.87962366
          ],
          [
            401689.3377936765,
            4769732.87962366
          ],
          [
            401818.94565071136,
            4769732.87962366
          ],
          [
            401948.5535077462,
            4769603.286580565
          ],
          [
            402078.16136478103,
            4769473.693537471
          ],
          [
            402207.7692218159,
            4769344.100494376
          ],
          [
            402337.37707885075,
            4769214.507451282
          ],
          [
            402466.98493588564,
            4769084.914408187
          ],
          [
            402596.5927929205,
            4769084.914408187
          ],
          [
            402726.2006499553,
            4768955.321365094
          ],
          [
            402855.8085069902,
            4768825.728321999
          ],
          [
            402985.41636402503,
            4768825.728321999
          ],
          [
            403115.02422105987,
            4768825.728321999
          ],
          [
            403244.63207809476,
            4768825.728321999
          ],
          [
            403374.2399351296,
            4768696.135278905
          ],
          [
            403503.8477921645,
            4768566.54223581
          ],
          [
            403633.4556491993,
            4768436.949192716
          ],
          [
            403633.4556491993,
            4768307.356149621
          ],
          [
            403633.4556491993,
            4768177.763106527
          ],
          [
            403633.4556491993,
            4768048.170063432
          ],
          [
            403633.4556491993,
            4767918.577020338
          ],
          [
            403763.06350623415,
            4767788.983977243
          ],
          [
            403763.06350623415,
            4767659.39093415
          ],
          [
            403763.06350623415,
            4767529.797891055
          ],
          [
            403763.06350623415,
            4767400.204847961
          ],
          [
            403892.67136326904,
            4767270.611804866
          ],
          [
            403892.67136326904,
            4767141.018761772
          ],
          [
            403892.67136326904,
            4767011.425718677
          ],
          [
            403892.67136326904,
            4766881.832675583
          ],
          [
            403892.67136326904,
            4766752.239632488
          ],
          [
            404022.27922030387,
            4766622.646589394
          ],
          [
            404151.8870773387,
            4766622.646589394
          ],
          [
            404281.4949343736,
            4766493.0535463
          ],
          [
            404281.4949343736,
            4766363.460503206
          ],
          [
            404281.4949343736,
            4766233.867460111
          ],
          [
            404281.4949343736,
            4766104.274417017
          ],
          [
            404411.1027914084,
            4765974.681373922
          ],
          [
            404540.7106484433,
            4765845.088330828
          ],
          [
            404670.31850547815,
            4765715.495287733
          ],
          [
            404799.926362513,
            4765585.902244639
          ],
          [
            404799.926362513,
            4765456.309201544
          ],
          [
            404929.5342195479,
            4765326.71615845
          ],
          [
            405059.1420765827,
            4765197.123115356
          ],
          [
            405188.74993361754,
            4765067.530072262
          ],
          [
            405188.74993361754,
            4764937.937029167
          ],
          [
            405188.74993361754,
            4764808.343986073
          ],
          [
            405188.74993361754,
            4764678.750942978
          ],
          [
            405188.74993361754,
            4764549.157899884
          ],
          [
            405188.74993361754,
            4764419.564856789
          ],
          [
            405188.74993361754,
            4764289.971813695
          ],
          [
            405188.74993361754,
            4764160.3787706
          ],
          [
            405188.74993361754,
            4764030.785727506
          ],
          [
            405188.74993361754,
            4763901.192684412
          ],
          [
            405188.74993361754,
            4763771.5996413175
          ],
          [
            405188.74993361754,
            4763642.006598223
          ],
          [
            405188.74993361754,
            4763512.4135551285
          ],
          [
            405188.74993361754,
            4763382.820512034
          ],
          [
            405188.74993361754,
            4763253.2274689395
          ],
          [
            405188.74993361754,
            4763123.634425845
          ],
          [
            405188.74993361754,
            4762994.0413827505
          ],
          [
            405059.1420765827,
            4762864.448339656
          ],
          [
            405059.1420765827,
            4762734.8552965615
          ],
          [
            405059.1420765827,
            4762605.262253468
          ],
          [
            405059.1420765827,
            4762475.669210373
          ],
          [
            404929.5342195479,
            4762346.076167279
          ],
          [
            404799.926362513,
            4762216.483124184
          ],
          [
            404670.31850547815,
            4762086.89008109
          ],
          [
            404540.7106484433,
            4761957.297037995
          ],
          [
            404540.7106484433,
            4761827.703994901
          ],
          [
            404540.7106484433,
            4761698.110951806
          ],
          [
            404540.7106484433,
            4761568.517908712
          ],
          [
            404411.1027914084,
            4761438.924865618
          ],
          [
            404411.1027914084,
            4761309.331822524
          ],
          [
            404540.7106484433,
            4761179.738779429
          ],
          [
            404670.31850547815,
            4761050.145736335
          ],
          [
            404799.926362513,
            4760920.55269324
          ],
          [
            404799.926362513,
            4760790.959650146
          ],
          [
            404799.926362513,
            4760661.366607051
          ],
          [
            404799.926362513,
            4760531.773563957
          ],
          [
            404929.5342195479,
            4760402.180520862
          ],
          [
            404799.926362513,
            4760272.587477768
          ],
          [
            404799.926362513,
            4760142.994434674
          ],
          [
            404670.31850547815,
            4760013.40139158
          ],
          [
            404670.31850547815,
            4759883.808348485
          ],
          [
            404799.926362513,
            4759754.215305391
          ],
          [
            404799.926362513,
            4759624.622262296
          ],
          [
            404799.926362513,
            4759495.029219202
          ],
          [
            404799.926362513,
            4759365.436176107
          ],
          [
            404929.5342195479,
            4759235.843133013
          ],
          [
            405059.1420765827,
            4759106.250089918
          ],
          [
            404929.5342195479,
            4758976.657046824
          ],
          [
            404929.5342195479,
            4758847.06400373
          ],
          [
            404929.5342195479,
            4758717.470960636
          ],
          [
            404929.5342195479,
            4758587.877917541
          ],
          [
            404929.5342195479,
            4758458.284874447
          ],
          [
            404929.5342195479,
            4758328.691831352
          ],
          [
            404929.5342195479,
            4758199.098788258
          ],
          [
            405059.1420765827,
            4758069.505745163
          ],
          [
            405059.1420765827,
            4757939.912702069
          ],
          [
            405059.1420765827,
            4757810.319658974
          ],
          [
            405059.1420765827,
            4757680.72661588
          ],
          [
            405188.74993361754,
            4757551.133572786
          ],
          [
            405188.74993361754,
            4757421.540529692
          ],
          [
            405188.74993361754,
            4757291.947486597
          ],
          [
            405188.74993361754,
            4757162.354443503
          ],
          [
            405188.74993361754,
            4757032.761400408
          ],
          [
            405188.74993361754,
            4756903.168357314
          ],
          [
            405059.1420765827,
            4756773.575314219
          ],
          [
            404929.5342195479,
            4756773.575314219
          ],
          [
            404799.926362513,
            4756643.982271125
          ],
          [
            404799.926362513,
            4756514.38922803
          ],
          [
            404670.31850547815,
            4756384.796184937
          ],
          [
            404670.31850547815,
            4756255.203141842
          ],
          [
            404670.31850547815,
            4756125.610098748
          ],
          [
            404670.31850547815,
            4755996.017055653
          ],
          [
            404799.926362513,
            4755866.424012559
          ],
          [
            404799.926362513,
            4755736.830969464
          ],
          [
            404799.926362513,
            4755607.2379263695
          ],
          [
            404799.926362513,
            4755477.644883275
          ],
          [
            404670.31850547815,
            4755348.0518401805
          ],
          [
            404670.31850547815,
            4755218.458797086
          ],
          [
            404540.7106484433,
            4755088.865753992
          ],
          [
            404540.7106484433,
            4754959.272710898
          ],
          [
            404540.7106484433,
            4754829.679667803
          ],
          [
            404670.31850547815,
            4754700.086624709
          ],
          [
            404799.926362513,
            4754570.493581614
          ],
          [
            404929.5342195479,
            4754440.90053852
          ],
          [
            405059.1420765827,
            4754311.307495425
          ],
          [
            405059.1420765827,
            4754181.714452331
          ],
          [
            405188.74993361754,
            4754052.121409236
          ],
          [
            405188.74993361754,
            4753922.528366142
          ],
          [
            405318.35779065243,
            4753792.935323048
          ],
          [
            405447.96564768726,
            4753663.342279954
          ],
          [
            405447.96564768726,
            4753533.749236859
          ],
          [
            405447.96564768726,
            4753404.156193765
          ],
          [
            405447.96564768726,
            4753274.56315067
          ],
          [
            405577.57350472215,
            4753144.970107576
          ],
          [
            405707.181361757,
            4753015.377064481
          ],
          [
            405836.7892187918,
            4752885.784021387
          ],
          [
            405966.3970758267,
            4752756.190978292
          ],
          [
            406096.00493286154,
            4752626.597935198
          ],
          [
            406225.61278989643,
            4752497.004892104
          ],
          [
            406355.22064693127,
            4752367.41184901
          ],
          [
            406484.8285039661,
            4752237.818805915
          ],
          [
            406614.436361001,
            4752108.225762821
          ],
          [
            406744.0442180358,
            4751978.632719726
          ],
          [
            406744.0442180358,
            4751849.039676632
          ],
          [
            406873.65207507065,
            4751719.446633537
          ],
          [
            407003.25993210555,
            4751589.853590443
          ],
          [
            407003.25993210555,
            4751460.260547348
          ],
          [
            407003.25993210555,
            4751330.667504255
          ],
          [
            407132.8677891404,
            4751201.07446116
          ],
          [
            407262.47564617527,
            4751071.481418066
          ],
          [
            407392.0835032101,
            4750941.888374971
          ],
          [
            407521.69136024493,
            4750812.295331877
          ],
          [
            407651.2992172798,
            4750812.295331877
          ],
          [
            407780.90707431466,
            4750682.702288782
          ],
          [
            407780.90707431466,
            4750553.109245688
          ],
          [
            407780.90707431466,
            4750423.516202593
          ],
          [
            407910.51493134955,
            4750293.923159499
          ],
          [
            408040.1227883844,
            4750293.923159499
          ],
          [
            408169.7306454192,
            4750164.330116404
          ],
          [
            408299.3385024541,
            4750164.330116404
          ],
          [
            408428.94635948894,
            4750164.330116404
          ]
        ]
      },
      "properties": {
        "feature_type": "full_route",
        "route_type": "shortest",
        "algorithm": "NSGA-III Multi-Objective",
        "total_length_m": 72136.04,
        "total_length_km": 72.14,
        "total_segments": 463,
        "total_capex_usd": 42836505.4,
        "capex_per_km_usd": 593829.48,
        "environmental_impact_score": 10.9243,
        "elevation_gain_m": 2861.36,
        "elevation_loss_m": 3016.98,
        "net_elevation_m": -155.62,
        "profile_roughness": 5878.34,
        "pump_stations_required": 7,
        "annual_opex_usd": 464610905.36,
        "cumulative_pressure_pa": 62752966.44,
        "total_20yr_cost_usd": 9335054612.52,
        "success": true,
        "generated_at": "2025-12-19T00:25:17.098590",
        "project": "test_project2",
        "crs": "EPSG:32633"
      }
    },
    {
      "type": "Feature",
      "geometry": {
        "type": "LineString",
        "coordinates": [
          [
            379656.0020977512,
            4804982.187345338
          ],
          [
            379785.609954786,
            4804852.594302244
          ]
        ]
      },
      "properties": {
        "feature_type": "segment",
        "segment_id": 1,
        "step": 1,
        "length_m": 183.28,
        "elevation_start": 161.42,
        "elevation_end": 149.58,
        "slope_percent": 11.06,
        "cost_usd": 120966.59,
        "cost_per_m": 660.0,
        "cumulative_cost": 120966.59,
        "pressure_drop_pa": 186581.97,
        "cumulative_pressure_pa": 186581.97,
        "land_cover_class": 10,
        "land_cover_name": "Tree cover",
        "crs": "EPSG:32633"
      }
    },
    {
      "type": "Feature",
      "geometry": {
        "type": "LineString",
        "coordinates": [
          [
            379785.609954786,
            4804852.594302244
          ],
          [
            379915.2178118209,
            4804723.001259149
          ]
        ]
      },
      "properties": {
        "feature_type": "segment",
        "segment_id": 2,
        "step": 2,
        "length_m": 183.28,
        "elevation_start": 149.58,
        "elevation_end": 125.58,
        "slope_percent": 6.22,
        "cost_usd": 84310.05,
        "cost_per_m": 460.0,
        "cumulative_cost": 205276.64,
        "pressure_drop_pa": 113431.92,
        "cumulative_pressure_pa": 300013.89,
        "land_cover_class": 30,
        "land_cover_name": "Grassland",
        "crs": "EPSG:32633"
      }
    },
    {
      "type": "Feature",
      "geometry": {
        "type": "LineString",
        "coordinates": [
          [
            379915.2178118209,
            4804723.001259149
          ],
          [
            380044.82566885574,
            4804723.001259149
          ]
        ]
      },
      "properties": {
        "feature_type": "segment",
        "segment_id": 3,
        "step": 3,
        "length_m": 129.61,
        "elevation_start": 125.58,
        "elevation_end": 135.87,
        "slope_percent": 9.18,
        "cost_usd": 59619.61,
        "cost_per_m": 460.0,
        "cumulative_cost": 264896.25,
        "pressure_drop_pa": 111930.74,
        "cumulative_pressure_pa": 411944.63,
        "land_cover_class": 30,
        "land_cover_name": "Grassland",
        "crs": "EPSG:32633"
      }
    },
    {
      "type": "Feature",
      "geometry": {
        "type": "LineString",
        "coordinates": [
          [
            380044.82566885574,
            4804723.001259149
          ],
          [
            380174.4335258906,
            4804593.408216055
          ]
        ]
      },
      "properties": {
        "feature_type": "segment",
        "segment_id": 4,
        "step": 4,
        "length_m": 183.28,
        "elevation_start": 135.87,
        "elevation_end": 139.44,
        "slope_percent": 5.05,
        "cost_usd": 120966.59,
        "cost_per_m": 660.0,
        "cumulative_cost": 385862.85,
        "pressure_drop_pa": 95576.51,
        "cumulative_pressure_pa": 507521.14,
        "land_cover_class": 40,
        "land_cover_name": "Cropland",
        "crs": "EPSG:32633"
      }
    },
    {
      "type": "Feature",
      "geometry": {
        "type": "LineString",
        "coordinates": [
          [
            380174.4335258906,
            4804593.408216055
          ],
          [
            380304.04138292547,
            4804463.81517296
          ]
        ]
      },
      "properties": {
        "feature_type": "segment",
        "segment_id": 5,
        "step": 5,
        "length_m": 183.28,
        "elevation_start": 139.44,
        "elevation_end": 128.6,
        "slope_percent": 6.77,
        "cost_usd": 91641.36,
        "cost_per_m": 500.0,
        "cumulative_cost": 477504.2,
        "pressure_drop_pa": 121704.86,
        "cumulative_pressure_pa": 629226.0,
        "land_cover_class": 20,
        "land_cover_name": "Shrubland",
        "crs": "EPSG:32633"
      }
    },
    {
      "type": "Feature",
      "geometry": {
        "type": "LineString",
        "coordinates": [
          [
            380304.04138292547,
            4804463.81517296
          ],
          [
            380433.6492399603,
            4804334.2221298665
          ]
        ]
      },
      "properties": {
        "feature_type": "segment",
        "segment_id": 6,
        "step": 6,
        "length_m": 183.28,
        "elevation_start": 128.6,
        "elevation_end": 117.33,
        "slope_percent": 9.6,
        "cost_usd": 84310.05,
        "cost_per_m": 460.0,
        "cumulative_cost": 561814.25,
        "pressure_drop_pa": 164512.11,
        "cumulative_pressure_pa": 793738.1,
        "land_cover_class": 30,
        "land_cover_name": "Grassland",
        "crs": "EPSG:32633"
      }
    },
    {
      "type": "Feature",
      "geometry": {
        "type": "LineString",
        "coordinates": [
          [
            380433.6492399603,
            4804334.2221298665
          ],
          [
            380563.25709699513,
            4804334.2221298665
          ]
        ]
      },
      "properties": {
        "feature_type": "segment",
        "segment_id": 7,
        "step": 7,
        "length_m": 129.61,
        "elevation_start": 117.33,
        "elevation_end": 101.33,
        "slope_percent": 5.33,
        "cost_usd": 64803.93,
        "cost_per_m": 500.0,
        "cumulative_cost": 626618.18,
        "pressure_drop_pa": 70593.59,
        "cumulative_pressure_pa": 864331.7,
        "land_cover_class": 20,
        "land_cover_name": "Shrubland",
        "crs": "EPSG:32633"
      }
    },
    {
      "type": "Feature",
      "geometry": {
        "type": "LineString",
        "coordinates": [
          [
            380563.25709699513,
            4804334.2221298665
          ],
          [
            380692.86495403,
            4804334.2221298665
          ]
        ]
      },
      "properties": {
        "feature_type": "segment",
        "segment_id": 8,
        "step": 8,
        "length_m": 129.61,
        "elevation_start": 101.33,
        "elevation_end": 99.16,
        "slope_percent": 4.77,
        "cost_usd": 77764.71,
        "cost_per_m": 600.0,
        "cumulative_cost": 704382.89,
        "pressure_drop_pa": 64594.74,
        "cumulative_pressure_pa": 928926.44,
        "land_cover_class": 40,
        "land_cover_name": "Cropland",
        "crs": "EPSG:32633"
      }
    },
    {
      "type": "Feature",
      "geometry": {
        "type": "LineString",
        "coordinates": [
          [
            380692.86495403,
            4804334.2221298665
          ],
          [
            380822.47281106486,
            4804334.2221298665
          ]
        ]
      },
      "properties": {
        "feature_type": "segment",
        "segment_id": 9,
        "step": 9,
        "length_m": 129.61,
        "elevation_start": 99.16,
        "elevation_end": 104.06,
        "slope_percent": 5.09,
        "cost_usd": 85541.19,
        "cost_per_m": 660.0,
        "cumulative_cost": 789924.08,
        "pressure_drop_pa": 68049.78,
        "cumulative_pressure_pa": 996976.22,
        "land_cover_class": 40,
        "land_cover_name": "Cropland",
        "crs": "EPSG:32633"
      }
    },
    {
      "type": "Feature",
      "geometry": {
        "type": "LineString",
        "coordinates": [
          [
            380822.47281106486,
            4804334.2221298665
          ],
          [
            380952.08066809975,
            4804334.2221298665
          ]
        ]
      },
      "properties": {
        "feature_type": "segment",
        "segment_id": 10,
        "step": 10,
        "length_m": 129.61,
        "elevation_start": 104.06,
        "elevation_end": 112.89,
        "slope_percent": 5.91,
        "cost_usd": 59619.61,
        "cost_per_m": 460.0,
        "cumulative_cost": 849543.69,
        "pressure_drop_pa": 76909.6,
        "cumulative_pressure_pa": 1073885.82,
        "land_cover_class": 30,
        "land_cover_name": "Grassland",
        "crs": "EPSG:32633"
      }
    },
    {
      "type": "Feature",
      "geometry": {
        "type": "LineString",
        "coordinates": [
          [
            380952.08066809975,
            4804334.2221298665
          ],
          [
            381081.6885251346,
            4804204.629086772
          ]
        ]
      },
      "properties": {
        "feature_type": "segment",
        "segment_id": 11,
        "step": 11,
        "length_m": 183.28,
        "elevation_start": 112.89,
        "elevation_end": 123.19,
        "slope_percent": 1.86,
        "cost_usd": 73313.09,
        "cost_per_m": 400.0,
        "cumulative_cost": 922856.78,
        "pressure_drop_pa": 46875.43,
        "cumulative_pressure_pa": 1120761.25,
        "land_cover_class": 30,
        "land_cover_name": "Grassland",
        "crs": "EPSG:32633"
      }
    },
    {
      "type": "Feature",
      "geometry": {
        "type": "LineString",
        "coordinates": [
          [
            381081.6885251346,
            4804204.629086772
          ],
          [
            381211.2963821694,
            4804075.0360436775
          ]
        ]
      },
      "properties": {
        "feature_type": "segment",
        "segment_id": 12,
        "step": 12,
        "length_m": 183.28,
        "elevation_start": 123.19,
        "elevation_end": 111.6,
        "slope_percent": 9.59,
        "cost_usd": 84310.05,
        "cost_per_m": 460.0,
        "cumulative_cost": 1007166.83,
        "pressure_drop_pa": 164357.27,
        "cumulative_pressure_pa": 1285118.53,
        "land_cover_class": 30,
        "land_cover_name": "Grassland",
        "crs": "EPSG:32633"
      }
    },
    {
      "type": "Feature",
      "geometry": {
        "type": "LineString",
        "coordinates": [
          [
            381211.2963821694,
            4804075.0360436775
          ],
          [
            381340.9042392043,
            4803945.443000583
          ]
        ]
      },
      "properties": {
        "feature_type": "segment",
        "segment_id": 13,
        "step": 13,
        "length_m": 183.28,
        "elevation_start": 111.6,
        "elevation_end": 92.65,
        "slope_percent": 8.28,
        "cost_usd": 120966.59,
        "cost_per_m": 660.0,
        "cumulative_cost": 1128133.42,
        "pressure_drop_pa": 144640.29,
        "cumulative_pressure_pa": 1429758.82,
        "land_cover_class": 40,
        "land_cover_name": "Cropland",
        "crs": "EPSG:32633"
      }
    },
    {
      "type": "Feature",
      "geometry": {
        "type": "LineString",
        "coordinates": [
          [
            381340.9042392043,
            4803945.443000583
          ],
          [
            381470.51209623914,
            4803815.8499574885
          ]
        ]
      },
      "properties": {
        "feature_type": "segment",
        "segment_id": 14,
        "step": 14,
        "length_m": 183.28,
        "elevation_start": 92.65,
        "elevation_end": 87.61,
        "slope_percent": 4.28,
        "cost_usd": 73313.09,
        "cost_per_m": 400.0,
        "cumulative_cost": 1201446.51,
        "pressure_drop_pa": 83824.13,
        "cumulative_pressure_pa": 1513582.95,
        "land_cover_class": 30,
        "land_cover_name": "Grassland",
        "crs": "EPSG:32633"
      }
    },
    {
      "type": "Feature",
      "geometry": {
        "type": "LineString",
        "coordinates": [
          [
            381470.51209623914,
            4803815.8499574885
          ],
          [
            381600.11995327397,
            4803686.256914394
          ]
        ]
      },
      "properties": {
        "feature_type": "segment",
        "segment_id": 15,
        "step": 15,
        "length_m": 183.28,
        "elevation_start": 87.61,
        "elevation_end": 80.98,
        "slope_percent": 4.45,
        "cost_usd": 91641.36,
        "cost_per_m": 500.0,
        "cumulative_cost": 1293087.86,
        "pressure_drop_pa": 86418.15,
        "cumulative_pressure_pa": 1600001.1,
        "land_cover_class": 10,
        "land_cover_name": "Tree cover",
        "crs": "EPSG:32633"
      }
    },
    {
      "type": "Feature",
      "geometry": {
        "type": "LineString",
        "coordinates": [
          [
            381600.11995327397,
            4803686.256914394
          ],
          [
            381729.72781030886,
            4803556.6638712995
          ]
        ]
      },
      "properties": {
        "feature_type": "segment",
        "segment_id": 16,
        "step": 16,
        "length_m": 183.28,
        "elevation_start": 80.98,
        "elevation_end": 72.95,
        "slope_percent": 3.87,
        "cost_usd": 109969.63,
        "cost_per_m": 600.0,
        "cumulative_cost": 1403057.49,
        "pressure_drop_pa": 77667.69,
        "cumulative_pressure_pa": 1677668.78,
        "land_cover_class": 40,
        "land_cover_name": "Cropland",
        "crs": "EPSG:32633"
      }
    },
    {
      "type": "Feature",
      "geometry": {
        "type": "LineString",
        "coordinates": [
          [
            381729.72781030886,
            4803556.6638712995
          ],
          [
            381859.3356673437,
            4803427.070828205
          ]
        ]
      },
      "properties": {
        "feature_type": "segment",
        "segment_id": 17,
        "step": 17,
        "length_m": 183.28,
        "elevation_start": 72.95,
        "elevation_end": 67.25,
        "slope_percent": 4.31,
        "cost_usd": 109969.63,
        "cost_per_m": 600.0,
        "cumulative_cost": 1513027.12,
        "pressure_drop_pa": 84361.65,
        "cumulative_pressure_pa": 1762030.43,
        "land_cover_class": 40,
        "land_cover_name": "Cropland",
        "crs": "EPSG:32633"
      }
    },
    {
      "type": "Feature",
      "geometry": {
        "type": "LineString",
        "coordinates": [
          [
            381859.3356673437,
            4803427.070828205
          ],
          [
            381988.9435243786,
            4803297.4777851105
          ]
        ]
      },
      "properties": {
        "feature_type": "segment",
        "segment_id": 18,
        "step": 18,
        "length_m": 183.28,
        "elevation_start": 67.25,
        "elevation_end": 61.83,
        "slope_percent": 3.59,
        "cost_usd": 109969.63,
        "cost_per_m": 600.0,
        "cumulative_cost": 1622996.75,
        "pressure_drop_pa": 73346.99,
        "cumulative_pressure_pa": 1835377.43,
        "land_cover_class": 40,
        "land_cover_name": "Cropland",
        "crs": "EPSG:32633"
      }
    },
    {
      "type": "Feature",
      "geometry": {
        "type": "LineString",
        "coordinates": [
          [
            381988.9435243786,
            4803297.4777851105
          ],
          [
            382118.5513814134,
            4803297.4777851105
          ]
        ]
      },
      "properties": {
        "feature_type": "segment",
        "segment_id": 19,
        "step": 19,
        "length_m": 129.61,
        "elevation_start": 61.83,
        "elevation_end": 62.54,
        "slope_percent": 2.22,
        "cost_usd": 77764.71,
        "cost_per_m": 600.0,
        "cumulative_cost": 1700761.46,
        "pressure_drop_pa": 37135.16,
        "cumulative_pressure_pa": 1872512.58,
        "land_cover_class": 40,
        "land_cover_name": "Cropland",
        "crs": "EPSG:32633"
      }
    },
    {
      "type": "Feature",
      "geometry": {
        "type": "LineString",
        "coordinates": [
          [
            382118.5513814134,
            4803297.4777851105
          ],
          [
            382248.15923844825,
            4803167.884742016
          ]
        ]
      },
      "properties": {
        "feature_type": "segment",
        "segment_id": 20,
        "step": 20,
        "length_m": 183.28,
        "elevation_start": 62.54,
        "elevation_end": 60.76,
        "slope_percent": 0.93,
        "cost_usd": 80644.39,
        "cost_per_m": 440.0,
        "cumulative_cost": 1781405.86,
        "pressure_drop_pa": 32722.12,
        "cumulative_pressure_pa": 1905234.7,
        "land_cover_class": 20,
        "land_cover_name": "Shrubland",
        "crs": "EPSG:32633"
      }
    },
    {
      "type": "Feature",
      "geometry": {
        "type": "LineString",
        "coordinates": [
          [
            382248.15923844825,
            4803167.884742016
          ],
          [
            382377.76709548314,
            4803038.291698922
          ]
        ]
      },
      "properties": {
        "feature_type": "segment",
        "segment_id": 21,
        "step": 21,
        "length_m": 183.28,
        "elevation_start": 60.76,
        "elevation_end": 58.65,
        "slope_percent": 4.66,
        "cost_usd": 109969.63,
        "cost_per_m": 600.0,
        "cumulative_cost": 1891375.49,
        "pressure_drop_pa": 89609.19,
        "cumulative_pressure_pa": 1994843.9,
        "land_cover_class": 40,
        "land_cover_name": "Cropland",
        "crs": "EPSG:32633"
      }
    },
    {
      "type": "Feature",
      "geometry": {
        "type": "LineString",
        "coordinates": [
          [
            382377.76709548314,
            4803038.291698922
          ],
          [
            382507.374952518,
            4802908.698655828
          ]
        ]
      },
      "properties": {
        "feature_type": "segment",
        "segment_id": 22,
        "step": 22,
        "length_m": 183.28,
        "elevation_start": 58.65,
        "elevation_end": 47.2,
        "slope_percent": 2.69,
        "cost_usd": 109969.63,
        "cost_per_m": 600.0,
        "cumulative_cost": 2001345.12,
        "pressure_drop_pa": 59664.19,
        "cumulative_pressure_pa": 2054508.08,
        "land_cover_class": 40,
        "land_cover_name": "Cropland",
        "crs": "EPSG:32633"
      }
    },
    {
      "type": "Feature",
      "geometry": {
        "type": "LineString",
        "coordinates": [
          [
            382507.374952518,
            4802908.698655828
          ],
          [
            382636.9828095528,
            4802779.105612733
          ]
        ]
      },
      "properties": {
        "feature_type": "segment",
        "segment_id": 23,
        "step": 23,
        "length_m": 183.28,
        "elevation_start": 47.2,
        "elevation_end": 46.92,
        "slope_percent": 1.32,
        "cost_usd": 109969.63,
        "cost_per_m": 600.0,
        "cumulative_cost": 2111314.74,
        "pressure_drop_pa": 38659.97,
        "cumulative_pressure_pa": 2093168.05,
        "land_cover_class": 40,
        "land_cover_name": "Cropland",
        "crs": "EPSG:32633"
      }
    },
    {
      "type": "Feature",
      "geometry": {
        "type": "LineString",
        "coordinates": [
          [
            382636.9828095528,
            4802779.105612733
          ],
          [
            382766.5906665877,
            4802649.512569639
          ]
        ]
      },
      "properties": {
        "feature_type": "segment",
        "segment_id": 24,
        "step": 24,
        "length_m": 183.28,
        "elevation_start": 46.92,
        "elevation_end": 46.63,
        "slope_percent": 1.44,
        "cost_usd": 73313.09,
        "cost_per_m": 400.0,
        "cumulative_cost": 2184627.83,
        "pressure_drop_pa": 40453.05,
        "cumulative_pressure_pa": 2133621.11,
        "land_cover_class": 30,
        "land_cover_name": "Grassland",
        "crs": "EPSG:32633"
      }
    },
    {
      "type": "Feature",
      "geometry": {
        "type": "LineString",
        "coordinates": [
          [
            382766.5906665877,
            4802649.512569639
          ],
          [
            382896.19852362253,
            4802649.512569639
          ]
        ]
      },
      "properties": {
        "feature_type": "segment",
        "segment_id": 25,
        "step": 25,
        "length_m": 129.61,
        "elevation_start": 46.63,
        "elevation_end": 46.59,
        "slope_percent": 1.5,
        "cost_usd": 57027.46,
        "cost_per_m": 440.0,
        "cumulative_cost": 2241655.29,
        "pressure_drop_pa": 29251.41,
        "cumulative_pressure_pa": 2162872.51,
        "land_cover_class": 20,
        "land_cover_name": "Shrubland",
        "crs": "EPSG:32633"
      }
    },
    {
      "type": "Feature",
      "geometry": {
        "type": "LineString",
        "coordinates": [
          [
            382896.19852362253,
            4802649.512569639
          ],
          [
            383025.8063806574,
            4802649.512569639
          ]
        ]
      },
      "properties": {
        "feature_type": "segment",
        "segment_id": 26,
        "step": 26,
        "length_m": 129.61,
        "elevation_start": 46.59,
        "elevation_end": 45.15,
        "slope_percent": 2.0,
        "cost_usd": 77764.71,
        "cost_per_m": 600.0,
        "cumulative_cost": 2319420.0,
        "pressure_drop_pa": 34690.91,
        "cumulative_pressure_pa": 2197563.43,
        "land_cover_class": 40,
        "land_cover_name": "Cropland",
        "crs": "EPSG:32633"
      }
    },
    {
      "type": "Feature",
      "geometry": {
        "type": "LineString",
        "coordinates": [
          [
            383025.8063806574,
            4802649.512569639
          ],
          [
            383155.41423769225,
            4802649.512569639
          ]
        ]
      },
      "properties": {
        "feature_type": "segment",
        "segment_id": 27,
        "step": 27,
        "length_m": 129.61,
        "elevation_start": 45.15,
        "elevation_end": 43.72,
        "slope_percent": 1.82,
        "cost_usd": 77764.71,
        "cost_per_m": 600.0,
        "cumulative_cost": 2397184.72,
        "pressure_drop_pa": 32802.76,
        "cumulative_pressure_pa": 2230366.19,
        "land_cover_class": 40,
        "land_cover_name": "Cropland",
        "crs": "EPSG:32633"
      }
    },
    {
      "type": "Feature",
      "geometry": {
        "type": "LineString",
        "coordinates": [
          [
            383155.41423769225,
            4802649.512569639
          ],
          [
            383285.0220947271,
            4802649.512569639
          ]
        ]
      },
      "properties": {
        "feature_type": "segment",
        "segment_id": 28,
        "step": 28,
        "length_m": 129.61,
        "elevation_start": 43.72,
        "elevation_end": 42.78,
        "slope_percent": 1.89,
        "cost_usd": 51843.14,
        "cost_per_m": 400.0,
        "cumulative_cost": 2449027.86,
        "pressure_drop_pa": 33539.28,
        "cumulative_pressure_pa": 2263905.47,
        "land_cover_class": 30,
        "land_cover_name": "Grassland",
        "crs": "EPSG:32633"
      }
    },
    {
      "type": "Feature",
      "geometry": {
        "type": "LineString",
        "coordinates": [
          [
            383285.0220947271,
            4802649.512569639
          ],
          [
            383414.629951762,
            4802649.512569639
          ]
        ]
      },
      "properties": {
        "feature_type": "segment",
        "segment_id": 29,
        "step": 29,
        "length_m": 129.61,
        "elevation_start": 42.78,
        "elevation_end": 39.62,
        "slope_percent": 1.82,
        "cost_usd": 77764.71,
        "cost_per_m": 600.0,
        "cumulative_cost": 2526792.57,
        "pressure_drop_pa": 32780.95,
        "cumulative_pressure_pa": 2296686.42,
        "land_cover_class": 40,
        "land_cover_name": "Cropland",
        "crs": "EPSG:32633"
      }
    },
    {
      "type": "Feature",
      "geometry": {
        "type": "LineString",
        "coordinates": [
          [
            383414.629951762,
            4802649.512569639
          ],
          [
            383544.2378087968,
            4802649.512569639
          ]
        ]
      },
      "properties": {
        "feature_type": "segment",
        "segment_id": 30,
        "step": 30,
        "length_m": 129.61,
        "elevation_start": 39.62,
        "elevation_end": 38.69,
        "slope_percent": 1.26,
        "cost_usd": 77764.71,
        "cost_per_m": 600.0,
        "cumulative_cost": 2604557.29,
        "pressure_drop_pa": 26723.4,
        "cumulative_pressure_pa": 2323409.81,
        "land_cover_class": 40,
        "land_cover_name": "Cropland",
        "crs": "EPSG:32633"
      }
    },
    {
      "type": "Feature",
      "geometry": {
        "type": "LineString",
        "coordinates": [
          [
            383544.2378087968,
            4802649.512569639
          ],
          [
            383673.8456658317,
            4802519.919526544
          ]
        ]
      },
      "properties": {
        "feature_type": "segment",
        "segment_id": 31,
        "step": 31,
        "length_m": 183.28,
        "elevation_start": 38.69,
        "elevation_end": 37.61,
        "slope_percent": 0.8,
        "cost_usd": 73313.09,
        "cost_per_m": 400.0,
        "cumulative_cost": 2677870.37,
        "pressure_drop_pa": 30775.75,
        "cumulative_pressure_pa": 2354185.56,
        "land_cover_class": 30,
        "land_cover_name": "Grassland",
        "crs": "EPSG:32633"
      }
    },
    {
      "type": "Feature",
      "geometry": {
        "type": "LineString",
        "coordinates": [
          [
            383673.8456658317,
            4802519.919526544
          ],
          [
            383803.45352286653,
            4802390.32648345
          ]
        ]
      },
      "properties": {
        "feature_type": "segment",
        "segment_id": 32,
        "step": 32,
        "length_m": 183.28,
        "elevation_start": 37.61,
        "elevation_end": 36.95,
        "slope_percent": 0.46,
        "cost_usd": 73313.09,
        "cost_per_m": 400.0,
        "cumulative_cost": 2751183.46,
        "pressure_drop_pa": 25520.57,
        "cumulative_pressure_pa": 2379706.13,
        "land_cover_class": 30,
        "land_cover_name": "Grassland",
        "crs": "EPSG:32633"
      }
    },
    {
      "type": "Feature",
      "geometry": {
        "type": "LineString",
        "coordinates": [
          [
            383803.45352286653,
            4802390.32648345
          ],
          [
            383933.06137990137,
            4802390.32648345
          ]
        ]
      },
      "properties": {
        "feature_type": "segment",
        "segment_id": 33,
        "step": 33,
        "length_m": 129.61,
        "elevation_start": 36.95,
        "elevation_end": 36.01,
        "slope_percent": 0.66,
        "cost_usd": 64803.93,
        "cost_per_m": 500.0,
        "cumulative_cost": 2815987.39,
        "pressure_drop_pa": 20262.28,
        "cumulative_pressure_pa": 2399968.42,
        "land_cover_class": 10,
        "land_cover_name": "Tree cover",
        "crs": "EPSG:32633"
      }
    },
    {
      "type": "Feature",
      "geometry": {
        "type": "LineString",
        "coordinates": [
          [
            383933.06137990137,
            4802390.32648345
          ],
          [
            384062.66923693626,
            4802260.733440355
          ]
        ]
      },
      "properties": {
        "feature_type": "segment",
        "segment_id": 34,
        "step": 34,
        "length_m": 183.28,
        "elevation_start": 36.01,
        "elevation_end": 36.05,
        "slope_percent": 0.6,
        "cost_usd": 109969.63,
        "cost_per_m": 600.0,
        "cumulative_cost": 2925957.02,
        "pressure_drop_pa": 27758.08,
        "cumulative_pressure_pa": 2427726.49,
        "land_cover_class": 40,
        "land_cover_name": "Cropland",
        "crs": "EPSG:32633"
      }
    },
    {
      "type": "Feature",
      "geometry": {
        "type": "LineString",
        "coordinates": [
          [
            384062.66923693626,
            4802260.733440355
          ],
          [
            384192.2770939711,
            4802131.140397261
          ]
        ]
      },
      "properties": {
        "feature_type": "segment",
        "segment_id": 35,
        "step": 35,
        "length_m": 183.28,
        "elevation_start": 36.05,
        "elevation_end": 35.54,
        "slope_percent": 0.42,
        "cost_usd": 109969.63,
        "cost_per_m": 600.0,
        "cumulative_cost": 3035926.64,
        "pressure_drop_pa": 24921.42,
        "cumulative_pressure_pa": 2452647.92,
        "land_cover_class": 40,
        "land_cover_name": "Cropland",
        "crs": "EPSG:32633"
      }
    },
    {
      "type": "Feature",
      "geometry": {
        "type": "LineString",
        "coordinates": [
          [
            384192.2770939711,
            4802131.140397261
          ],
          [
            384321.8849510059,
            4802001.547354166
          ]
        ]
      },
      "properties": {
        "feature_type": "segment",
        "segment_id": 36,
        "step": 36,
        "length_m": 183.28,
        "elevation_start": 35.54,
        "elevation_end": 35.86,
        "slope_percent": 1.15,
        "cost_usd": 73313.09,
        "cost_per_m": 400.0,
        "cumulative_cost": 3109239.73,
        "pressure_drop_pa": 36077.16,
        "cumulative_pressure_pa": 2488725.07,
        "land_cover_class": 30,
        "land_cover_name": "Grassland",
        "crs": "EPSG:32633"
      }
    },
    {
      "type": "Feature",
      "geometry": {
        "type": "LineString",
        "coordinates": [
          [
            384321.8849510059,
            4802001.547354166
          ],
          [
            384451.4928080408,
            4801871.954311073
          ]
        ]
      },
      "properties": {
        "feature_type": "segment",
        "segment_id": 37,
        "step": 37,
        "length_m": 183.28,
        "elevation_start": 35.86,
        "elevation_end": 39.03,
        "slope_percent": 2.62,
        "cost_usd": 109969.63,
        "cost_per_m": 600.0,
        "cumulative_cost": 3219209.36,
        "pressure_drop_pa": 58615.44,
        "cumulative_pressure_pa": 2547340.51,
        "land_cover_class": 40,
        "land_cover_name": "Cropland",
        "crs": "EPSG:32633"
      }
    },
    {
      "type": "Feature",
      "geometry": {
        "type": "LineString",
        "coordinates": [
          [
            384451.4928080408,
            4801871.954311073
          ],
          [
            384581.10066507565,
            4801742.361267978
          ]
        ]
      },
      "properties": {
        "feature_type": "segment",
        "segment_id": 38,
        "step": 38,
        "length_m": 183.28,
        "elevation_start": 39.03,
        "elevation_end": 43.71,
        "slope_percent": 2.48,
        "cost_usd": 109969.63,
        "cost_per_m": 600.0,
        "cumulative_cost": 3329178.99,
        "pressure_drop_pa": 56417.62,
        "cumulative_pressure_pa": 2603758.13,
        "land_cover_class": 40,
        "land_cover_name": "Cropland",
        "crs": "EPSG:32633"
      }
    },
    {
      "type": "Feature",
      "geometry": {
        "type": "LineString",
        "coordinates": [
          [
            384581.10066507565,
            4801742.361267978
          ],
          [
            384710.70852211054,
            4801742.361267978
          ]
        ]
      },
      "properties": {
        "feature_type": "segment",
        "segment_id": 39,
        "step": 39,
        "length_m": 129.61,
        "elevation_start": 43.71,
        "elevation_end": 43.19,
        "slope_percent": 2.84,
        "cost_usd": 64803.93,
        "cost_per_m": 500.0,
        "cumulative_cost": 3393982.92,
        "pressure_drop_pa": 43769.99,
        "cumulative_pressure_pa": 2647528.12,
        "land_cover_class": 10,
        "land_cover_name": "Tree cover",
        "crs": "EPSG:32633"
      }
    },
    {
      "type": "Feature",
      "geometry": {
        "type": "LineString",
        "coordinates": [
          [
            384710.70852211054,
            4801742.361267978
          ],
          [
            384840.31637914537,
            4801612.768224884
          ]
        ]
      },
      "properties": {
        "feature_type": "segment",
        "segment_id": 40,
        "step": 40,
        "length_m": 183.28,
        "elevation_start": 43.19,
        "elevation_end": 51.02,
        "slope_percent": 11.0,
        "cost_usd": 102638.32,
        "cost_per_m": 560.0,
        "cumulative_cost": 3496621.24,
        "pressure_drop_pa": 185654.05,
        "cumulative_pressure_pa": 2833182.17,
        "land_cover_class": 30,
        "land_cover_name": "Grassland",
        "crs": "EPSG:32633"
      }
    },
    {
      "type": "Feature",
      "geometry": {
        "type": "LineString",
        "coordinates": [
          [
            384840.31637914537,
            4801612.768224884
          ],
          [
            384969.9242361802,
            4801483.175181789
          ]
        ]
      },
      "properties": {
        "feature_type": "segment",
        "segment_id": 41,
        "step": 41,
        "length_m": 183.28,
        "elevation_start": 51.02,
        "elevation_end": 90.15,
        "slope_percent": 13.61,
        "cost_usd": 102638.32,
        "cost_per_m": 560.0,
        "cumulative_cost": 3599259.56,
        "pressure_drop_pa": 224685.09,
        "cumulative_pressure_pa": 3057867.26,
        "land_cover_class": 30,
        "land_cover_name": "Grassland",
        "crs": "EPSG:32633"
      }
    },
    {
      "type": "Feature",
      "geometry": {
        "type": "LineString",
        "coordinates": [
          [
            384969.9242361802,
            4801483.175181789
          ],
          [
            385099.5320932151,
            4801353.582138695
          ]
        ]
      },
      "properties": {
        "feature_type": "segment",
        "segment_id": 42,
        "step": 42,
        "length_m": 183.28,
        "elevation_start": 90.15,
        "elevation_end": 104.44,
        "slope_percent": 11.2,
        "cost_usd": 139294.86,
        "cost_per_m": 760.0,
        "cumulative_cost": 3738554.42,
        "pressure_drop_pa": 188596.49,
        "cumulative_pressure_pa": 3246463.75,
        "land_cover_class": 40,
        "land_cover_name": "Cropland",
        "crs": "EPSG:32633"
      }
    },
    {
      "type": "Feature",
      "geometry": {
        "type": "LineString",
        "coordinates": [
          [
            385099.5320932151,
            4801353.582138695
          ],
          [
            385229.1399502499,
            4801223.9890956
          ]
        ]
      },
      "properties": {
        "feature_type": "segment",
        "segment_id": 43,
        "step": 43,
        "length_m": 183.28,
        "elevation_start": 104.44,
        "elevation_end": 81.21,
        "slope_percent": 16.43,
        "cost_usd": 183282.71,
        "cost_per_m": 1000.0,
        "cumulative_cost": 3921837.13,
        "pressure_drop_pa": 266311.66,
        "cumulative_pressure_pa": 3512775.41,
        "land_cover_class": 40,
        "land_cover_name": "Cropland",
        "crs": "EPSG:32633"
      }
    },
    {
      "type": "Feature",
      "geometry": {
        "type": "LineString",
        "coordinates": [
          [
            385229.1399502499,
            4801223.9890956
          ],
          [
            385358.74780728476,
            4801094.396052506
          ]
        ]
      },
      "properties": {
        "feature_type": "segment",
        "segment_id": 44,
        "step": 44,
        "length_m": 183.28,
        "elevation_start": 81.21,
        "elevation_end": 73.56,
        "slope_percent": 9.62,
        "cost_usd": 84310.05,
        "cost_per_m": 460.0,
        "cumulative_cost": 4006147.18,
        "pressure_drop_pa": 164805.22,
        "cumulative_pressure_pa": 3677580.63,
        "land_cover_class": 30,
        "land_cover_name": "Grassland",
        "crs": "EPSG:32633"
      }
    },
    {
      "type": "Feature",
      "geometry": {
        "type": "LineString",
        "coordinates": [
          [
            385358.74780728476,
            4801094.396052506
          ],
          [
            385488.35566431965,
            4800964.803009411
          ]
        ]
      },
      "properties": {
        "feature_type": "segment",
        "segment_id": 45,
        "step": 45,
        "length_m": 183.28,
        "elevation_start": 73.56,
        "elevation_end": 69.73,
        "slope_percent": 4.96,
        "cost_usd": 73313.09,
        "cost_per_m": 400.0,
        "cumulative_cost": 4079460.27,
        "pressure_drop_pa": 94246.81,
        "cumulative_pressure_pa": 3771827.44,
        "land_cover_class": 30,
        "land_cover_name": "Grassland",
        "crs": "EPSG:32633"
      }
    },
    {
      "type": "Feature",
      "geometry": {
        "type": "LineString",
        "coordinates": [
          [
            385488.35566431965,
            4800964.803009411
          ],
          [
            385488.35566431965,
            4800835.209966317
          ]
        ]
      },
      "properties": {
        "feature_type": "segment",
        "segment_id": 46,
        "step": 46,
        "length_m": 129.59,
        "elevation_start": 69.73,
        "elevation_end": 92.18,
        "slope_percent": 13.43,
        "cost_usd": 72572.1,
        "cost_per_m": 560.0,
        "cumulative_cost": 4152032.37,
        "pressure_drop_pa": 156951.31,
        "cumulative_pressure_pa": 3928778.76,
        "land_cover_class": 30,
        "land_cover_name": "Grassland",
        "crs": "EPSG:32633"
      }
    },
    {
      "type": "Feature",
      "geometry": {
        "type": "LineString",
        "coordinates": [
          [
            385488.35566431965,
            4800835.209966317
          ],
          [
            385617.9635213545,
            4800705.616923222
          ]
        ]
      },
      "properties": {
        "feature_type": "segment",
        "segment_id": 47,
        "step": 47,
        "length_m": 183.28,
        "elevation_start": 92.18,
        "elevation_end": 106.28,
        "slope_percent": 7.5,
        "cost_usd": 84310.05,
        "cost_per_m": 460.0,
        "cumulative_cost": 4236342.42,
        "pressure_drop_pa": 132854.83,
        "cumulative_pressure_pa": 4061633.59,
        "land_cover_class": 30,
        "land_cover_name": "Grassland",
        "crs": "EPSG:32633"
      }
    },
    {
      "type": "Feature",
      "geometry": {
        "type": "LineString",
        "coordinates": [
          [
            385617.9635213545,
            4800705.616923222
          ],
          [
            385747.5713783894,
            4800705.616923222
          ]
        ]
      },
      "properties": {
        "feature_type": "segment",
        "segment_id": 48,
        "step": 48,
        "length_m": 129.61,
        "elevation_start": 106.28,
        "elevation_end": 101.35,
        "slope_percent": 7.32,
        "cost_usd": 85541.19,
        "cost_per_m": 660.0,
        "cumulative_cost": 4321883.61,
        "pressure_drop_pa": 91990.51,
        "cumulative_pressure_pa": 4153624.1,
        "land_cover_class": 40,
        "land_cover_name": "Cropland",
        "crs": "EPSG:32633"
      }
    },
    {
      "type": "Feature",
      "geometry": {
        "type": "LineString",
        "coordinates": [
          [
            385747.5713783894,
            4800705.616923222
          ],
          [
            385877.1792354242,
            4800705.616923222
          ]
        ]
      },
      "properties": {
        "feature_type": "segment",
        "segment_id": 49,
        "step": 49,
        "length_m": 129.61,
        "elevation_start": 101.35,
        "elevation_end": 99.26,
        "slope_percent": 8.38,
        "cost_usd": 85541.19,
        "cost_per_m": 660.0,
        "cumulative_cost": 4407424.79,
        "pressure_drop_pa": 103343.13,
        "cumulative_pressure_pa": 4256967.23,
        "land_cover_class": 40,
        "land_cover_name": "Cropland",
        "crs": "EPSG:32633"
      }
    },
    {
      "type": "Feature",
      "geometry": {
        "type": "LineString",
        "coordinates": [
          [
            385877.1792354242,
            4800705.616923222
          ],
          [
            386006.78709245904,
            4800576.023880129
          ]
        ]
      },
      "properties": {
        "feature_type": "segment",
        "segment_id": 50,
        "step": 50,
        "length_m": 183.28,
        "elevation_start": 99.26,
        "elevation_end": 117.59,
        "slope_percent": 12.15,
        "cost_usd": 102638.32,
        "cost_per_m": 560.0,
        "cumulative_cost": 4510063.11,
        "pressure_drop_pa": 202866.04,
        "cumulative_pressure_pa": 4459833.27,
        "land_cover_class": 30,
        "land_cover_name": "Grassland",
        "crs": "EPSG:32633"
      }
    },
    {
      "type": "Feature",
      "geometry": {
        "type": "LineString",
        "coordinates": [
          [
            386006.78709245904,
            4800576.023880129
          ],
          [
            386136.39494949393,
            4800446.430837034
          ]
        ]
      },
      "properties": {
        "feature_type": "segment",
        "segment_id": 51,
        "step": 51,
        "length_m": 183.28,
        "elevation_start": 117.59,
        "elevation_end": 133.62,
        "slope_percent": 10.44,
        "cost_usd": 139294.86,
        "cost_per_m": 760.0,
        "cumulative_cost": 4649357.98,
        "pressure_drop_pa": 177255.68,
        "cumulative_pressure_pa": 4637088.95,
        "land_cover_class": 40,
        "land_cover_name": "Cropland",
        "crs": "EPSG:32633"
      }
    },
    {
      "type": "Feature",
      "geometry": {
        "type": "LineString",
        "coordinates": [
          [
            386136.39494949393,
            4800446.430837034
          ],
          [
            386266.00280652876,
            4800316.83779394
          ]
        ]
      },
      "properties": {
        "feature_type": "segment",
        "segment_id": 52,
        "step": 52,
        "length_m": 183.28,
        "elevation_start": 133.62,
        "elevation_end": 155.94,
        "slope_percent": 4.69,
        "cost_usd": 73313.09,
        "cost_per_m": 400.0,
        "cumulative_cost": 4722671.06,
        "pressure_drop_pa": 90041.91,
        "cumulative_pressure_pa": 4727130.85,
        "land_cover_class": 30,
        "land_cover_name": "Grassland",
        "crs": "EPSG:32633"
      }
    },
    {
      "type": "Feature",
      "geometry": {
        "type": "LineString",
        "coordinates": [
          [
            386266.00280652876,
            4800316.83779394
          ],
          [
            386395.6106635636,
            4800187.244750845
          ]
        ]
      },
      "properties": {
        "feature_type": "segment",
        "segment_id": 53,
        "step": 53,
        "length_m": 183.28,
        "elevation_start": 155.94,
        "elevation_end": 146.77,
        "slope_percent": 12.33,
        "cost_usd": 102638.32,
        "cost_per_m": 560.0,
        "cumulative_cost": 4825309.38,
        "pressure_drop_pa": 205507.4,
        "cumulative_pressure_pa": 4932638.25,
        "land_cover_class": 30,
        "land_cover_name": "Grassland",
        "crs": "EPSG:32633"
      }
    },
    {
      "type": "Feature",
      "geometry": {
        "type": "LineString",
        "coordinates": [
          [
            386395.6106635636,
            4800187.244750845
          ],
          [
            386525.2185205985,
            4800057.651707751
          ]
        ]
      },
      "properties": {
        "feature_type": "segment",
        "segment_id": 54,
        "step": 54,
        "length_m": 183.28,
        "elevation_start": 146.77,
        "elevation_end": 122.8,
        "slope_percent": 11.78,
        "cost_usd": 102638.32,
        "cost_per_m": 560.0,
        "cumulative_cost": 4927947.7,
        "pressure_drop_pa": 197337.39,
        "cumulative_pressure_pa": 5129975.64,
        "land_cover_class": 30,
        "land_cover_name": "Grassland",
        "crs": "EPSG:32633"
      }
    },
    {
      "type": "Feature",
      "geometry": {
        "type": "LineString",
        "coordinates": [
          [
            386525.2185205985,
            4800057.651707751
          ],
          [
            386525.2185205985,
            4799928.058664656
          ]
        ]
      },
      "properties": {
        "feature_type": "segment",
        "segment_id": 55,
        "step": 55,
        "length_m": 129.59,
        "elevation_start": 122.8,
        "elevation_end": 106.89,
        "slope_percent": 14.11,
        "cost_usd": 98490.71,
        "cost_per_m": 760.0,
        "cumulative_cost": 5026438.41,
        "pressure_drop_pa": 164058.62,
        "cumulative_pressure_pa": 5294034.26,
        "land_cover_class": 40,
        "land_cover_name": "Cropland",
        "crs": "EPSG:32633"
      }
    },
    {
      "type": "Feature",
      "geometry": {
        "type": "LineString",
        "coordinates": [
          [
            386525.2185205985,
            4799928.058664656
          ],
          [
            386654.8263776333,
            4799798.465621562
          ]
        ]
      },
      "properties": {
        "feature_type": "segment",
        "segment_id": 56,
        "step": 56,
        "length_m": 183.28,
        "elevation_start": 106.89,
        "elevation_end": 90.01,
        "slope_percent": 6.6,
        "cost_usd": 84310.05,
        "cost_per_m": 460.0,
        "cumulative_cost": 5110748.46,
        "pressure_drop_pa": 119197.68,
        "cumulative_pressure_pa": 5413231.95,
        "land_cover_class": 30,
        "land_cover_name": "Grassland",
        "crs": "EPSG:32633"
      }
    },
    {
      "type": "Feature",
      "geometry": {
        "type": "LineString",
        "coordinates": [
          [
            386654.8263776333,
            4799798.465621562
          ],
          [
            386654.8263776333,
            4799668.872578467
          ]
        ]
      },
      "properties": {
        "feature_type": "segment",
        "segment_id": 57,
        "step": 57,
        "length_m": 129.59,
        "elevation_start": 90.01,
        "elevation_end": 87.81,
        "slope_percent": 5.84,
        "cost_usd": 59612.8,
        "cost_per_m": 460.0,
        "cumulative_cost": 5170361.26,
        "pressure_drop_pa": 76092.29,
        "cumulative_pressure_pa": 5489324.23,
        "land_cover_class": 30,
        "land_cover_name": "Grassland",
        "crs": "EPSG:32633"
      }
    },
    {
      "type": "Feature",
      "geometry": {
        "type": "LineString",
        "coordinates": [
          [
            386654.8263776333,
            4799668.872578467
          ],
          [
            386654.8263776333,
            4799539.279535373
          ]
        ]
      },
      "properties": {
        "feature_type": "segment",
        "segment_id": 58,
        "step": 58,
        "length_m": 129.59,
        "elevation_start": 87.81,
        "elevation_end": 83.19,
        "slope_percent": 6.93,
        "cost_usd": 59612.8,
        "cost_per_m": 460.0,
        "cumulative_cost": 5229974.06,
        "pressure_drop_pa": 87767.47,
        "cumulative_pressure_pa": 5577091.7,
        "land_cover_class": 30,
        "land_cover_name": "Grassland",
        "crs": "EPSG:32633"
      }
    },
    {
      "type": "Feature",
      "geometry": {
        "type": "LineString",
        "coordinates": [
          [
            386654.8263776333,
            4799539.279535373
          ],
          [
            386654.8263776333,
            4799409.686492278
          ]
        ]
      },
      "properties": {
        "feature_type": "segment",
        "segment_id": 59,
        "step": 59,
        "length_m": 129.59,
        "elevation_start": 83.19,
        "elevation_end": 77.01,
        "slope_percent": 7.25,
        "cost_usd": 59612.8,
        "cost_per_m": 460.0,
        "cumulative_cost": 5289586.86,
        "pressure_drop_pa": 91214.83,
        "cumulative_pressure_pa": 5668306.53,
        "land_cover_class": 30,
        "land_cover_name": "Grassland",
        "crs": "EPSG:32633"
      }
    },
    {
      "type": "Feature",
      "geometry": {
        "type": "LineString",
        "coordinates": [
          [
            386654.8263776333,
            4799409.686492278
          ],
          [
            386784.4342346682,
            4799280.093449185
          ]
        ]
      },
      "properties": {
        "feature_type": "segment",
        "segment_id": 60,
        "step": 60,
        "length_m": 183.28,
        "elevation_start": 77.01,
        "elevation_end": 85.36,
        "slope_percent": 12.23,
        "cost_usd": 102638.32,
        "cost_per_m": 560.0,
        "cumulative_cost": 5392225.18,
        "pressure_drop_pa": 204062.78,
        "cumulative_pressure_pa": 5872369.31,
        "land_cover_class": 30,
        "land_cover_name": "Grassland",
        "crs": "EPSG:32633"
      }
    },
    {
      "type": "Feature",
      "geometry": {
        "type": "LineString",
        "coordinates": [
          [
            386784.4342346682,
            4799280.093449185
          ],
          [
            386784.4342346682,
            4799150.50040609
          ]
        ]
      },
      "properties": {
        "feature_type": "segment",
        "segment_id": 61,
        "step": 61,
        "length_m": 129.59,
        "elevation_start": 85.36,
        "elevation_end": 74.82,
        "slope_percent": 10.13,
        "cost_usd": 98490.71,
        "cost_per_m": 760.0,
        "cumulative_cost": 5490715.89,
        "pressure_drop_pa": 121996.69,
        "cumulative_pressure_pa": 5994366.0,
        "land_cover_class": 40,
        "land_cover_name": "Cropland",
        "crs": "EPSG:32633"
      }
    },
    {
      "type": "Feature",
      "geometry": {
        "type": "LineString",
        "coordinates": [
          [
            386784.4342346682,
            4799150.50040609
          ],
          [
            386784.4342346682,
            4799020.907362996
          ]
        ]
      },
      "properties": {
        "feature_type": "segment",
        "segment_id": 62,
        "step": 62,
        "length_m": 129.59,
        "elevation_start": 74.82,
        "elevation_end": 60.12,
        "slope_percent": 7.33,
        "cost_usd": 59612.8,
        "cost_per_m": 460.0,
        "cumulative_cost": 5550328.69,
        "pressure_drop_pa": 92127.67,
        "cumulative_pressure_pa": 6086493.66,
        "land_cover_class": 30,
        "land_cover_name": "Grassland",
        "crs": "EPSG:32633"
      }
    },
    {
      "type": "Feature",
      "geometry": {
        "type": "LineString",
        "coordinates": [
          [
            386784.4342346682,
            4799020.907362996
          ],
          [
            386784.4342346682,
            4798891.314319901
          ]
        ]
      },
      "properties": {
        "feature_type": "segment",
        "segment_id": 63,
        "step": 63,
        "length_m": 129.59,
        "elevation_start": 60.12,
        "elevation_end": 52.58,
        "slope_percent": 0.98,
        "cost_usd": 51837.22,
        "cost_per_m": 400.0,
        "cumulative_cost": 5602165.91,
        "pressure_drop_pa": 23653.0,
        "cumulative_pressure_pa": 6110146.66,
        "land_cover_class": 30,
        "land_cover_name": "Grassland",
        "crs": "EPSG:32633"
      }
    },
    {
      "type": "Feature",
      "geometry": {
        "type": "LineString",
        "coordinates": [
          [
            386784.4342346682,
            4798891.314319901
          ],
          [
            386784.4342346682,
            4798761.721276807
          ]
        ]
      },
      "properties": {
        "feature_type": "segment",
        "segment_id": 64,
        "step": 64,
        "length_m": 129.59,
        "elevation_start": 52.58,
        "elevation_end": 61.4,
        "slope_percent": 5.15,
        "cost_usd": 64796.52,
        "cost_per_m": 500.0,
        "cumulative_cost": 5666962.43,
        "pressure_drop_pa": 68648.57,
        "cumulative_pressure_pa": 6178795.23,
        "land_cover_class": 20,
        "land_cover_name": "Shrubland",
        "crs": "EPSG:32633"
      }
    },
    {
      "type": "Feature",
      "geometry": {
        "type": "LineString",
        "coordinates": [
          [
            386784.4342346682,
            4798761.721276807
          ],
          [
            386914.04209170304,
            4798632.128233712
          ]
        ]
      },
      "properties": {
        "feature_type": "segment",
        "segment_id": 65,
        "step": 65,
        "length_m": 183.28,
        "elevation_start": 61.4,
        "elevation_end": 59.43,
        "slope_percent": 4.57,
        "cost_usd": 73313.09,
        "cost_per_m": 400.0,
        "cumulative_cost": 5740275.52,
        "pressure_drop_pa": 88278.38,
        "cumulative_pressure_pa": 6267073.61,
        "land_cover_class": 30,
        "land_cover_name": "Grassland",
        "crs": "EPSG:32633"
      }
    },
    {
      "type": "Feature",
      "geometry": {
        "type": "LineString",
        "coordinates": [
          [
            386914.04209170304,
            4798632.128233712
          ],
          [
            386914.04209170304,
            4798502.535190618
          ]
        ]
      },
      "properties": {
        "feature_type": "segment",
        "segment_id": 66,
        "step": 66,
        "length_m": 129.59,
        "elevation_start": 59.43,
        "elevation_end": 77.02,
        "slope_percent": 9.23,
        "cost_usd": 59612.8,
        "cost_per_m": 460.0,
        "cumulative_cost": 5799888.32,
        "pressure_drop_pa": 112401.51,
        "cumulative_pressure_pa": 6379475.12,
        "land_cover_class": 30,
        "land_cover_name": "Grassland",
        "crs": "EPSG:32633"
      }
    },
    {
      "type": "Feature",
      "geometry": {
        "type": "LineString",
        "coordinates": [
          [
            386914.04209170304,
            4798502.535190618
          ],
          [
            386914.04209170304,
            4798372.942147523
          ]
        ]
      },
      "properties": {
        "feature_type": "segment",
        "segment_id": 67,
        "step": 67,
        "length_m": 129.59,
        "elevation_start": 77.02,
        "elevation_end": 92.77,
        "slope_percent": 12.65,
        "cost_usd": 72572.1,
        "cost_per_m": 560.0,
        "cumulative_cost": 5872460.42,
        "pressure_drop_pa": 148675.34,
        "cumulative_pressure_pa": 6528150.47,
        "land_cover_class": 30,
        "land_cover_name": "Grassland",
        "crs": "EPSG:32633"
      }
    },
    {
      "type": "Feature",
      "geometry": {
        "type": "LineString",
        "coordinates": [
          [
            386914.04209170304,
            4798372.942147523
          ],
          [
            386914.04209170304,
            4798243.349104429
          ]
        ]
      },
      "properties": {
        "feature_type": "segment",
        "segment_id": 68,
        "step": 68,
        "length_m": 129.59,
        "elevation_start": 92.77,
        "elevation_end": 108.9,
        "slope_percent": 10.78,
        "cost_usd": 98490.71,
        "cost_per_m": 760.0,
        "cumulative_cost": 5970951.14,
        "pressure_drop_pa": 128961.6,
        "cumulative_pressure_pa": 6657112.07,
        "land_cover_class": 40,
        "land_cover_name": "Cropland",
        "crs": "EPSG:32633"
      }
    },
    {
      "type": "Feature",
      "geometry": {
        "type": "LineString",
        "coordinates": [
          [
            386914.04209170304,
            4798243.349104429
          ],
          [
            386914.04209170304,
            4798113.756061334
          ]
        ]
      },
      "properties": {
        "feature_type": "segment",
        "segment_id": 69,
        "step": 69,
        "length_m": 129.59,
        "elevation_start": 108.9,
        "elevation_end": 124.78,
        "slope_percent": 9.19,
        "cost_usd": 59612.8,
        "cost_per_m": 460.0,
        "cumulative_cost": 6030563.94,
        "pressure_drop_pa": 111949.55,
        "cumulative_pressure_pa": 6769061.62,
        "land_cover_class": 30,
        "land_cover_name": "Grassland",
        "crs": "EPSG:32633"
      }
    },
    {
      "type": "Feature",
      "geometry": {
        "type": "LineString",
        "coordinates": [
          [
            386914.04209170304,
            4798113.756061334
          ],
          [
            386914.04209170304,
            4797984.163018241
          ]
        ]
      },
      "properties": {
        "feature_type": "segment",
        "segment_id": 70,
        "step": 70,
        "length_m": 129.59,
        "elevation_start": 124.78,
        "elevation_end": 134.81,
        "slope_percent": 14.39,
        "cost_usd": 72572.1,
        "cost_per_m": 560.0,
        "cumulative_cost": 6103136.04,
        "pressure_drop_pa": 167022.43,
        "cumulative_pressure_pa": 6936084.05,
        "land_cover_class": 30,
        "land_cover_name": "Grassland",
        "crs": "EPSG:32633"
      }
    },
    {
      "type": "Feature",
      "geometry": {
        "type": "LineString",
        "coordinates": [
          [
            386914.04209170304,
            4797984.163018241
          ],
          [
            387043.6499487379,
            4797854.569975146
          ]
        ]
      },
      "properties": {
        "feature_type": "segment",
        "segment_id": 71,
        "step": 71,
        "length_m": 183.28,
        "elevation_start": 134.81,
        "elevation_end": 155.11,
        "slope_percent": 14.23,
        "cost_usd": 139294.86,
        "cost_per_m": 760.0,
        "cumulative_cost": 6242430.9,
        "pressure_drop_pa": 233823.82,
        "cumulative_pressure_pa": 7169907.88,
        "land_cover_class": 40,
        "land_cover_name": "Cropland",
        "crs": "EPSG:32633"
      }
    },
    {
      "type": "Feature",
      "geometry": {
        "type": "LineString",
        "coordinates": [
          [
            387043.6499487379,
            4797854.569975146
          ],
          [
            387043.6499487379,
            4797724.976932052
          ]
        ]
      },
      "properties": {
        "feature_type": "segment",
        "segment_id": 72,
        "step": 72,
        "length_m": 129.59,
        "elevation_start": 155.11,
        "elevation_end": 162.42,
        "slope_percent": 15.8,
        "cost_usd": 129593.04,
        "cost_per_m": 1000.0,
        "cumulative_cost": 6372023.95,
        "pressure_drop_pa": 181767.26,
        "cumulative_pressure_pa": 7351675.14,
        "land_cover_class": 40,
        "land_cover_name": "Cropland",
        "crs": "EPSG:32633"
      }
    },
    {
      "type": "Feature",
      "geometry": {
        "type": "LineString",
        "coordinates": [
          [
            387043.6499487379,
            4797724.976932052
          ],
          [
            387173.25780577277,
            4797595.383888957
          ]
        ]
      },
      "properties": {
        "feature_type": "segment",
        "segment_id": 73,
        "step": 73,
        "length_m": 183.28,
        "elevation_start": 162.42,
        "elevation_end": 181.25,
        "slope_percent": 6.2,
        "cost_usd": 84310.05,
        "cost_per_m": 460.0,
        "cumulative_cost": 6456333.99,
        "pressure_drop_pa": 113022.58,
        "cumulative_pressure_pa": 7464697.72,
        "land_cover_class": 30,
        "land_cover_name": "Grassland",
        "crs": "EPSG:32633"
      }
    },
    {
      "type": "Feature",
      "geometry": {
        "type": "LineString",
        "coordinates": [
          [
            387173.25780577277,
            4797595.383888957
          ],
          [
            387173.25780577277,
            4797465.790845863
          ]
        ]
      },
      "properties": {
        "feature_type": "segment",
        "segment_id": 74,
        "step": 74,
        "length_m": 129.59,
        "elevation_start": 181.25,
        "elevation_end": 168.58,
        "slope_percent": 13.88,
        "cost_usd": 98490.71,
        "cost_per_m": 760.0,
        "cumulative_cost": 6554824.71,
        "pressure_drop_pa": 161695.88,
        "cumulative_pressure_pa": 7626393.6,
        "land_cover_class": 40,
        "land_cover_name": "Cropland",
        "crs": "EPSG:32633"
      }
    },
    {
      "type": "Feature",
      "geometry": {
        "type": "LineString",
        "coordinates": [
          [
            387173.25780577277,
            4797465.790845863
          ],
          [
            387302.8656628076,
            4797336.197802768
          ]
        ]
      },
      "properties": {
        "feature_type": "segment",
        "segment_id": 75,
        "step": 75,
        "length_m": 183.28,
        "elevation_start": 168.58,
        "elevation_end": 145.58,
        "slope_percent": 13.27,
        "cost_usd": 102638.32,
        "cost_per_m": 560.0,
        "cumulative_cost": 6657463.03,
        "pressure_drop_pa": 219578.0,
        "cumulative_pressure_pa": 7845971.6,
        "land_cover_class": 30,
        "land_cover_name": "Grassland",
        "crs": "EPSG:32633"
      }
    },
    {
      "type": "Feature",
      "geometry": {
        "type": "LineString",
        "coordinates": [
          [
            387302.8656628076,
            4797336.197802768
          ],
          [
            387432.4735198425,
            4797336.197802768
          ]
        ]
      },
      "properties": {
        "feature_type": "segment",
        "segment_id": 76,
        "step": 76,
        "length_m": 129.61,
        "elevation_start": 145.58,
        "elevation_end": 129.9,
        "slope_percent": 10.27,
        "cost_usd": 98501.97,
        "cost_per_m": 760.0,
        "cumulative_cost": 6755965.0,
        "pressure_drop_pa": 123524.67,
        "cumulative_pressure_pa": 7969496.27,
        "land_cover_class": 40,
        "land_cover_name": "Cropland",
        "crs": "EPSG:32633"
      }
    },
    {
      "type": "Feature",
      "geometry": {
        "type": "LineString",
        "coordinates": [
          [
            387432.4735198425,
            4797336.197802768
          ],
          [
            387562.0813768773,
            4797206.604759674
          ]
        ]
      },
      "properties": {
        "feature_type": "segment",
        "segment_id": 77,
        "step": 77,
        "length_m": 183.28,
        "elevation_start": 129.9,
        "elevation_end": 115.18,
        "slope_percent": 6.32,
        "cost_usd": 84310.05,
        "cost_per_m": 460.0,
        "cumulative_cost": 6840275.05,
        "pressure_drop_pa": 114953.68,
        "cumulative_pressure_pa": 8084449.95,
        "land_cover_class": 30,
        "land_cover_name": "Grassland",
        "crs": "EPSG:32633"
      }
    },
    {
      "type": "Feature",
      "geometry": {
        "type": "LineString",
        "coordinates": [
          [
            387562.0813768773,
            4797206.604759674
          ],
          [
            387691.68923391216,
            4797077.011716579
          ]
        ]
      },
      "properties": {
        "feature_type": "segment",
        "segment_id": 78,
        "step": 78,
        "length_m": 183.28,
        "elevation_start": 115.18,
        "elevation_end": 105.62,
        "slope_percent": 2.14,
        "cost_usd": 109969.63,
        "cost_per_m": 600.0,
        "cumulative_cost": 6950244.68,
        "pressure_drop_pa": 51223.8,
        "cumulative_pressure_pa": 8135673.75,
        "land_cover_class": 40,
        "land_cover_name": "Cropland",
        "crs": "EPSG:32633"
      }
    },
    {
      "type": "Feature",
      "geometry": {
        "type": "LineString",
        "coordinates": [
          [
            387691.68923391216,
            4797077.011716579
          ],
          [
            387821.29709094705,
            4796947.418673485
          ]
        ]
      },
      "properties": {
        "feature_type": "segment",
        "segment_id": 79,
        "step": 79,
        "length_m": 183.28,
        "elevation_start": 105.62,
        "elevation_end": 102.93,
        "slope_percent": 3.91,
        "cost_usd": 109969.63,
        "cost_per_m": 600.0,
        "cumulative_cost": 7060214.3,
        "pressure_drop_pa": 78236.72,
        "cumulative_pressure_pa": 8213910.47,
        "land_cover_class": 40,
        "land_cover_name": "Cropland",
        "crs": "EPSG:32633"
      }
    },
    {
      "type": "Feature",
      "geometry": {
        "type": "LineString",
        "coordinates": [
          [
            387821.29709094705,
            4796947.418673485
          ],
          [
            387950.9049479819,
            4796817.825630391
          ]
        ]
      },
      "properties": {
        "feature_type": "segment",
        "segment_id": 80,
        "step": 80,
        "length_m": 183.28,
        "elevation_start": 102.93,
        "elevation_end": 100.1,
        "slope_percent": 3.36,
        "cost_usd": 73313.09,
        "cost_per_m": 400.0,
        "cumulative_cost": 7133527.39,
        "pressure_drop_pa": 69853.11,
        "cumulative_pressure_pa": 8283763.58,
        "land_cover_class": 30,
        "land_cover_name": "Grassland",
        "crs": "EPSG:32633"
      }
    },
    {
      "type": "Feature",
      "geometry": {
        "type": "LineString",
        "coordinates": [
          [
            387950.9049479819,
            4796817.825630391
          ],
          [
            387950.9049479819,
            4796688.2325872965
          ]
        ]
      },
      "properties": {
        "feature_type": "segment",
        "segment_id": 81,
        "step": 81,
        "length_m": 129.59,
        "elevation_start": 100.1,
        "elevation_end": 102.97,
        "slope_percent": 6.85,
        "cost_usd": 59612.8,
        "cost_per_m": 460.0,
        "cumulative_cost": 7193140.19,
        "pressure_drop_pa": 86906.52,
        "cumulative_pressure_pa": 8370670.1,
        "land_cover_class": 30,
        "land_cover_name": "Grassland",
        "crs": "EPSG:32633"
      }
    },
    {
      "type": "Feature",
      "geometry": {
        "type": "LineString",
        "coordinates": [
          [
            387950.9049479819,
            4796688.2325872965
          ],
          [
            388080.5128050167,
            4796558.639544202
          ]
        ]
      },
      "properties": {
        "feature_type": "segment",
        "segment_id": 82,
        "step": 82,
        "length_m": 183.28,
        "elevation_start": 102.97,
        "elevation_end": 95.48,
        "slope_percent": 7.48,
        "cost_usd": 120966.59,
        "cost_per_m": 660.0,
        "cumulative_cost": 7314106.78,
        "pressure_drop_pa": 132446.42,
        "cumulative_pressure_pa": 8503116.53,
        "land_cover_class": 40,
        "land_cover_name": "Cropland",
        "crs": "EPSG:32633"
      }
    },
    {
      "type": "Feature",
      "geometry": {
        "type": "LineString",
        "coordinates": [
          [
            388080.5128050167,
            4796558.639544202
          ],
          [
            388210.1206620516,
            4796429.0465011075
          ]
        ]
      },
      "properties": {
        "feature_type": "segment",
        "segment_id": 83,
        "step": 83,
        "length_m": 183.28,
        "elevation_start": 95.48,
        "elevation_end": 83.77,
        "slope_percent": 4.42,
        "cost_usd": 109969.63,
        "cost_per_m": 600.0,
        "cumulative_cost": 7424076.41,
        "pressure_drop_pa": 85990.37,
        "cumulative_pressure_pa": 8589106.89,
        "land_cover_class": 40,
        "land_cover_name": "Cropland",
        "crs": "EPSG:32633"
      }
    },
    {
      "type": "Feature",
      "geometry": {
        "type": "LineString",
        "coordinates": [
          [
            388210.1206620516,
            4796429.0465011075
          ],
          [
            388339.72851908643,
            4796299.453458013
          ]
        ]
      },
      "properties": {
        "feature_type": "segment",
        "segment_id": 84,
        "step": 84,
        "length_m": 183.28,
        "elevation_start": 83.77,
        "elevation_end": 80.37,
        "slope_percent": 4.28,
        "cost_usd": 109969.63,
        "cost_per_m": 600.0,
        "cumulative_cost": 7534046.04,
        "pressure_drop_pa": 83797.86,
        "cumulative_pressure_pa": 8672904.75,
        "land_cover_class": 40,
        "land_cover_name": "Cropland",
        "crs": "EPSG:32633"
      }
    },
    {
      "type": "Feature",
      "geometry": {
        "type": "LineString",
        "coordinates": [
          [
            388339.72851908643,
            4796299.453458013
          ],
          [
            388469.3363761213,
            4796169.8604149185
          ]
        ]
      },
      "properties": {
        "feature_type": "segment",
        "segment_id": 85,
        "step": 85,
        "length_m": 183.28,
        "elevation_start": 80.37,
        "elevation_end": 77.27,
        "slope_percent": 1.8,
        "cost_usd": 80644.39,
        "cost_per_m": 440.0,
        "cumulative_cost": 7614690.43,
        "pressure_drop_pa": 46033.19,
        "cumulative_pressure_pa": 8718937.94,
        "land_cover_class": 20,
        "land_cover_name": "Shrubland",
        "crs": "EPSG:32633"
      }
    },
    {
      "type": "Feature",
      "geometry": {
        "type": "LineString",
        "coordinates": [
          [
            388469.3363761213,
            4796169.8604149185
          ],
          [
            388469.3363761213,
            4796040.267371824
          ]
        ]
      },
      "properties": {
        "feature_type": "segment",
        "segment_id": 86,
        "step": 86,
        "length_m": 129.59,
        "elevation_start": 77.27,
        "elevation_end": 78.66,
        "slope_percent": 6.54,
        "cost_usd": 59612.8,
        "cost_per_m": 460.0,
        "cumulative_cost": 7674303.23,
        "pressure_drop_pa": 83614.11,
        "cumulative_pressure_pa": 8802552.05,
        "land_cover_class": 30,
        "land_cover_name": "Grassland",
        "crs": "EPSG:32633"
      }
    },
    {
      "type": "Feature",
      "geometry": {
        "type": "LineString",
        "coordinates": [
          [
            388469.3363761213,
            4796040.267371824
          ],
          [
            388598.94423315616,
            4795910.6743287295
          ]
        ]
      },
      "properties": {
        "feature_type": "segment",
        "segment_id": 87,
        "step": 87,
        "length_m": 183.28,
        "elevation_start": 78.66,
        "elevation_end": 69.7,
        "slope_percent": 1.69,
        "cost_usd": 73313.09,
        "cost_per_m": 400.0,
        "cumulative_cost": 7747616.32,
        "pressure_drop_pa": 44348.14,
        "cumulative_pressure_pa": 8846900.19,
        "land_cover_class": 30,
        "land_cover_name": "Grassland",
        "crs": "EPSG:32633"
      }
    },
    {
      "type": "Feature",
      "geometry": {
        "type": "LineString",
        "coordinates": [
          [
            388598.94423315616,
            4795910.6743287295
          ],
          [
            388728.552090191,
            4795910.6743287295
          ]
        ]
      },
      "properties": {
        "feature_type": "segment",
        "segment_id": 88,
        "step": 88,
        "length_m": 129.61,
        "elevation_start": 69.7,
        "elevation_end": 78.72,
        "slope_percent": 7.93,
        "cost_usd": 85541.19,
        "cost_per_m": 660.0,
        "cumulative_cost": 7833157.51,
        "pressure_drop_pa": 98569.89,
        "cumulative_pressure_pa": 8945470.08,
        "land_cover_class": 40,
        "land_cover_name": "Cropland",
        "crs": "EPSG:32633"
      }
    },
    {
      "type": "Feature",
      "geometry": {
        "type": "LineString",
        "coordinates": [
          [
            388728.552090191,
            4795910.6743287295
          ],
          [
            388858.1599472259,
            4795910.6743287295
          ]
        ]
      },
      "properties": {
        "feature_type": "segment",
        "segment_id": 89,
        "step": 89,
        "length_m": 129.61,
        "elevation_start": 78.72,
        "elevation_end": 94.29,
        "slope_percent": 11.88,
        "cost_usd": 98501.97,
        "cost_per_m": 760.0,
        "cumulative_cost": 7931659.48,
        "pressure_drop_pa": 140639.41,
        "cumulative_pressure_pa": 9086109.49,
        "land_cover_class": 40,
        "land_cover_name": "Cropland",
        "crs": "EPSG:32633"
      }
    },
    {
      "type": "Feature",
      "geometry": {
        "type": "LineString",
        "coordinates": [
          [
            388858.1599472259,
            4795910.6743287295
          ],
          [
            388987.7678042607,
            4795910.6743287295
          ]
        ]
      },
      "properties": {
        "feature_type": "segment",
        "segment_id": 90,
        "step": 90,
        "length_m": 129.61,
        "elevation_start": 94.29,
        "elevation_end": 111.09,
        "slope_percent": 11.73,
        "cost_usd": 72580.4,
        "cost_per_m": 560.0,
        "cumulative_cost": 8004239.88,
        "pressure_drop_pa": 139021.49,
        "cumulative_pressure_pa": 9225130.98,
        "land_cover_class": 30,
        "land_cover_name": "Grassland",
        "crs": "EPSG:32633"
      }
    },
    {
      "type": "Feature",
      "geometry": {
        "type": "LineString",
        "coordinates": [
          [
            388987.7678042607,
            4795910.6743287295
          ],
          [
            389117.37566129555,
            4795910.6743287295
          ]
        ]
      },
      "properties": {
        "feature_type": "segment",
        "segment_id": 91,
        "step": 91,
        "length_m": 129.61,
        "elevation_start": 111.09,
        "elevation_end": 117.16,
        "slope_percent": 9.13,
        "cost_usd": 59619.61,
        "cost_per_m": 460.0,
        "cumulative_cost": 8063859.49,
        "pressure_drop_pa": 111378.5,
        "cumulative_pressure_pa": 9336509.48,
        "land_cover_class": 30,
        "land_cover_name": "Grassland",
        "crs": "EPSG:32633"
      }
    },
    {
      "type": "Feature",
      "geometry": {
        "type": "LineString",
        "coordinates": [
          [
            389117.37566129555,
            4795910.6743287295
          ],
          [
            389246.98351833044,
            4795910.6743287295
          ]
        ]
      },
      "properties": {
        "feature_type": "segment",
        "segment_id": 92,
        "step": 92,
        "length_m": 129.61,
        "elevation_start": 117.16,
        "elevation_end": 126.99,
        "slope_percent": 4.89,
        "cost_usd": 77764.71,
        "cost_per_m": 600.0,
        "cumulative_cost": 8141624.2,
        "pressure_drop_pa": 65919.66,
        "cumulative_pressure_pa": 9402429.14,
        "land_cover_class": 40,
        "land_cover_name": "Cropland",
        "crs": "EPSG:32633"
      }
    },
    {
      "type": "Feature",
      "geometry": {
        "type": "LineString",
        "coordinates": [
          [
            389246.98351833044,
            4795910.6743287295
          ],
          [
            389376.5913753653,
            4795781.081285635
          ]
        ]
      },
      "properties": {
        "feature_type": "segment",
        "segment_id": 93,
        "step": 93,
        "length_m": 183.28,
        "elevation_start": 126.99,
        "elevation_end": 118.91,
        "slope_percent": 9.84,
        "cost_usd": 84310.05,
        "cost_per_m": 460.0,
        "cumulative_cost": 8225934.25,
        "pressure_drop_pa": 168141.68,
        "cumulative_pressure_pa": 9570570.81,
        "land_cover_class": 30,
        "land_cover_name": "Grassland",
        "crs": "EPSG:32633"
      }
    },
    {
      "type": "Feature",
      "geometry": {
        "type": "LineString",
        "coordinates": [
          [
            389376.5913753653,
            4795781.081285635
          ],
          [
            389506.19923240016,
            4795651.4882425405
          ]
        ]
      },
      "properties": {
        "feature_type": "segment",
        "segment_id": 94,
        "step": 94,
        "length_m": 183.28,
        "elevation_start": 118.91,
        "elevation_end": 103.43,
        "slope_percent": 7.84,
        "cost_usd": 102638.32,
        "cost_per_m": 560.0,
        "cumulative_cost": 8328572.57,
        "pressure_drop_pa": 137898.06,
        "cumulative_pressure_pa": 9708468.87,
        "land_cover_class": 10,
        "land_cover_name": "Tree cover",
        "crs": "EPSG:32633"
      }
    },
    {
      "type": "Feature",
      "geometry": {
        "type": "LineString",
        "coordinates": [
          [
            389506.19923240016,
            4795651.4882425405
          ],
          [
            389635.807089435,
            4795521.895199447
          ]
        ]
      },
      "properties": {
        "feature_type": "segment",
        "segment_id": 95,
        "step": 95,
        "length_m": 183.28,
        "elevation_start": 103.43,
        "elevation_end": 105.99,
        "slope_percent": 7.27,
        "cost_usd": 84310.05,
        "cost_per_m": 460.0,
        "cumulative_cost": 8412882.62,
        "pressure_drop_pa": 129340.51,
        "cumulative_pressure_pa": 9837809.38,
        "land_cover_class": 30,
        "land_cover_name": "Grassland",
        "crs": "EPSG:32633"
      }
    },
    {
      "type": "Feature",
      "geometry": {
        "type": "LineString",
        "coordinates": [
          [
            389635.807089435,
            4795521.895199447
          ],
          [
            389765.4149464698,
            4795392.302156352
          ]
        ]
      },
      "properties": {
        "feature_type": "segment",
        "segment_id": 96,
        "step": 96,
        "length_m": 183.28,
        "elevation_start": 105.99,
        "elevation_end": 91.34,
        "slope_percent": 6.77,
        "cost_usd": 84310.05,
        "cost_per_m": 460.0,
        "cumulative_cost": 8497192.67,
        "pressure_drop_pa": 121763.49,
        "cumulative_pressure_pa": 9959572.86,
        "land_cover_class": 30,
        "land_cover_name": "Grassland",
        "crs": "EPSG:32633"
      }
    },
    {
      "type": "Feature",
      "geometry": {
        "type": "LineString",
        "coordinates": [
          [
            389765.4149464698,
            4795392.302156352
          ],
          [
            389765.4149464698,
            4795262.709113258
          ]
        ]
      },
      "properties": {
        "feature_type": "segment",
        "segment_id": 97,
        "step": 97,
        "length_m": 129.59,
        "elevation_start": 91.34,
        "elevation_end": 83.71,
        "slope_percent": 7.56,
        "cost_usd": 59612.8,
        "cost_per_m": 460.0,
        "cumulative_cost": 8556805.47,
        "pressure_drop_pa": 94535.82,
        "cumulative_pressure_pa": 10054108.68,
        "land_cover_class": 30,
        "land_cover_name": "Grassland",
        "crs": "EPSG:32633"
      }
    },
    {
      "type": "Feature",
      "geometry": {
        "type": "LineString",
        "coordinates": [
          [
            389765.4149464698,
            4795262.709113258
          ],
          [
            389765.4149464698,
            4795133.116070163
          ]
        ]
      },
      "properties": {
        "feature_type": "segment",
        "segment_id": 98,
        "step": 98,
        "length_m": 129.59,
        "elevation_start": 83.71,
        "elevation_end": 71.02,
        "slope_percent": 9.23,
        "cost_usd": 59612.8,
        "cost_per_m": 460.0,
        "cumulative_cost": 8616418.27,
        "pressure_drop_pa": 112386.15,
        "cumulative_pressure_pa": 10166494.83,
        "land_cover_class": 30,
        "land_cover_name": "Grassland",
        "crs": "EPSG:32633"
      }
    },
    {
      "type": "Feature",
      "geometry": {
        "type": "LineString",
        "coordinates": [
          [
            389765.4149464698,
            4795133.116070163
          ],
          [
            389895.0228035047,
            4795003.523027069
          ]
        ]
      },
      "properties": {
        "feature_type": "segment",
        "segment_id": 99,
        "step": 99,
        "length_m": 183.28,
        "elevation_start": 71.02,
        "elevation_end": 60.61,
        "slope_percent": 2.95,
        "cost_usd": 109969.63,
        "cost_per_m": 600.0,
        "cumulative_cost": 8726387.9,
        "pressure_drop_pa": 63640.44,
        "cumulative_pressure_pa": 10230135.27,
        "land_cover_class": 40,
        "land_cover_name": "Cropland",
        "crs": "EPSG:32633"
      }
    },
    {
      "type": "Feature",
      "geometry": {
        "type": "LineString",
        "coordinates": [
          [
            389895.0228035047,
            4795003.523027069
          ],
          [
            389895.0228035047,
            4794873.929983974
          ]
        ]
      },
      "properties": {
        "feature_type": "segment",
        "segment_id": 100,
        "step": 100,
        "length_m": 129.59,
        "elevation_start": 60.61,
        "elevation_end": 69.66,
        "slope_percent": 7.35,
        "cost_usd": 85531.41,
        "cost_per_m": 660.0,
        "cumulative_cost": 8811919.31,
        "pressure_drop_pa": 92345.4,
        "cumulative_pressure_pa": 10322480.68,
        "land_cover_class": 40,
        "land_cover_name": "Cropland",
        "crs": "EPSG:32633"
      }
    },
    {
      "type": "Feature",
      "geometry": {
        "type": "LineString",
        "coordinates": [
          [
            389895.0228035047,
            4794873.929983974
          ],
          [
            390024.63066053955,
            4794744.33694088
          ]
        ]
      },
      "properties": {
        "feature_type": "segment",
        "segment_id": 101,
        "step": 101,
        "length_m": 183.28,
        "elevation_start": 69.66,
        "elevation_end": 80.65,
        "slope_percent": 3.45,
        "cost_usd": 73313.09,
        "cost_per_m": 400.0,
        "cumulative_cost": 8885232.39,
        "pressure_drop_pa": 71211.97,
        "cumulative_pressure_pa": 10393692.64,
        "land_cover_class": 30,
        "land_cover_name": "Grassland",
        "crs": "EPSG:32633"
      }
    },
    {
      "type": "Feature",
      "geometry": {
        "type": "LineString",
        "coordinates": [
          [
            390024.63066053955,
            4794744.33694088
          ],
          [
            390154.2385175744,
            4794744.33694088
          ]
        ]
      },
      "properties": {
        "feature_type": "segment",
        "segment_id": 102,
        "step": 102,
        "length_m": 129.61,
        "elevation_start": 80.65,
        "elevation_end": 81.58,
        "slope_percent": 2.66,
        "cost_usd": 77764.71,
        "cost_per_m": 600.0,
        "cumulative_cost": 8962997.11,
        "pressure_drop_pa": 41812.32,
        "cumulative_pressure_pa": 10435504.96,
        "land_cover_class": 40,
        "land_cover_name": "Cropland",
        "crs": "EPSG:32633"
      }
    },
    {
      "type": "Feature",
      "geometry": {
        "type": "LineString",
        "coordinates": [
          [
            390154.2385175744,
            4794744.33694088
          ],
          [
            390283.8463746093,
            4794744.33694088
          ]
        ]
      },
      "properties": {
        "feature_type": "segment",
        "segment_id": 103,
        "step": 103,
        "length_m": 129.61,
        "elevation_start": 81.58,
        "elevation_end": 82.44,
        "slope_percent": 4.33,
        "cost_usd": 77764.71,
        "cost_per_m": 600.0,
        "cumulative_cost": 9040761.82,
        "pressure_drop_pa": 59822.97,
        "cumulative_pressure_pa": 10495327.92,
        "land_cover_class": 40,
        "land_cover_name": "Cropland",
        "crs": "EPSG:32633"
      }
    },
    {
      "type": "Feature",
      "geometry": {
        "type": "LineString",
        "coordinates": [
          [
            390283.8463746093,
            4794744.33694088
          ],
          [
            390413.4542316441,
            4794614.743897785
          ]
        ]
      },
      "properties": {
        "feature_type": "segment",
        "segment_id": 104,
        "step": 104,
        "length_m": 183.28,
        "elevation_start": 82.44,
        "elevation_end": 70.38,
        "slope_percent": 5.07,
        "cost_usd": 84310.05,
        "cost_per_m": 460.0,
        "cumulative_cost": 9125071.87,
        "pressure_drop_pa": 95872.1,
        "cumulative_pressure_pa": 10591200.02,
        "land_cover_class": 30,
        "land_cover_name": "Grassland",
        "crs": "EPSG:32633"
      }
    },
    {
      "type": "Feature",
      "geometry": {
        "type": "LineString",
        "coordinates": [
          [
            390413.4542316441,
            4794614.743897785
          ],
          [
            390543.062088679,
            4794614.743897785
          ]
        ]
      },
      "properties": {
        "feature_type": "segment",
        "segment_id": 105,
        "step": 105,
        "length_m": 129.61,
        "elevation_start": 70.38,
        "elevation_end": 75.47,
        "slope_percent": 3.37,
        "cost_usd": 51843.14,
        "cost_per_m": 400.0,
        "cumulative_cost": 9176915.01,
        "pressure_drop_pa": 49539.95,
        "cumulative_pressure_pa": 10640739.97,
        "land_cover_class": 30,
        "land_cover_name": "Grassland",
        "crs": "EPSG:32633"
      }
    },
    {
      "type": "Feature",
      "geometry": {
        "type": "LineString",
        "coordinates": [
          [
            390543.062088679,
            4794614.743897785
          ],
          [
            390672.66994571383,
            4794485.150854691
          ]
        ]
      },
      "properties": {
        "feature_type": "segment",
        "segment_id": 106,
        "step": 106,
        "length_m": 183.28,
        "elevation_start": 75.47,
        "elevation_end": 66.04,
        "slope_percent": 5.25,
        "cost_usd": 120966.59,
        "cost_per_m": 660.0,
        "cumulative_cost": 9297881.6,
        "pressure_drop_pa": 98602.01,
        "cumulative_pressure_pa": 10739341.98,
        "land_cover_class": 40,
        "land_cover_name": "Cropland",
        "crs": "EPSG:32633"
      }
    },
    {
      "type": "Feature",
      "geometry": {
        "type": "LineString",
        "coordinates": [
          [
            390672.66994571383,
            4794485.150854691
          ],
          [
            390802.27780274866,
            4794355.557811596
          ]
        ]
      },
      "properties": {
        "feature_type": "segment",
        "segment_id": 107,
        "step": 107,
        "length_m": 183.28,
        "elevation_start": 66.04,
        "elevation_end": 55.47,
        "slope_percent": 6.43,
        "cost_usd": 120966.59,
        "cost_per_m": 660.0,
        "cumulative_cost": 9418848.2,
        "pressure_drop_pa": 116548.92,
        "cumulative_pressure_pa": 10855890.9,
        "land_cover_class": 40,
        "land_cover_name": "Cropland",
        "crs": "EPSG:32633"
      }
    },
    {
      "type": "Feature",
      "geometry": {
        "type": "LineString",
        "coordinates": [
          [
            390802.27780274866,
            4794355.557811596
          ],
          [
            390931.88565978355,
            4794225.964768503
          ]
        ]
      },
      "properties": {
        "feature_type": "segment",
        "segment_id": 108,
        "step": 108,
        "length_m": 183.28,
        "elevation_start": 55.47,
        "elevation_end": 51.04,
        "slope_percent": 3.52,
        "cost_usd": 109969.63,
        "cost_per_m": 600.0,
        "cumulative_cost": 9528817.83,
        "pressure_drop_pa": 72231.19,
        "cumulative_pressure_pa": 10928122.09,
        "land_cover_class": 40,
        "land_cover_name": "Cropland",
        "crs": "EPSG:32633"
      }
    },
    {
      "type": "Feature",
      "geometry": {
        "type": "LineString",
        "coordinates": [
          [
            390931.88565978355,
            4794225.964768503
          ],
          [
            391061.4935168184,
            4794096.371725408
          ]
        ]
      },
      "properties": {
        "feature_type": "segment",
        "segment_id": 109,
        "step": 109,
        "length_m": 183.28,
        "elevation_start": 51.04,
        "elevation_end": 48.99,
        "slope_percent": 2.4,
        "cost_usd": 109969.63,
        "cost_per_m": 600.0,
        "cumulative_cost": 9638787.45,
        "pressure_drop_pa": 55249.11,
        "cumulative_pressure_pa": 10983371.2,
        "land_cover_class": 40,
        "land_cover_name": "Cropland",
        "crs": "EPSG:32633"
      }
    },
    {
      "type": "Feature",
      "geometry": {
        "type": "LineString",
        "coordinates": [
          [
            391061.4935168184,
            4794096.371725408
          ],
          [
            391191.1013738533,
            4793966.778682314
          ]
        ]
      },
      "properties": {
        "feature_type": "segment",
        "segment_id": 110,
        "step": 110,
        "length_m": 183.28,
        "elevation_start": 48.99,
        "elevation_end": 45.02,
        "slope_percent": 2.82,
        "cost_usd": 73313.09,
        "cost_per_m": 400.0,
        "cumulative_cost": 9712100.54,
        "pressure_drop_pa": 61539.81,
        "cumulative_pressure_pa": 11044911.01,
        "land_cover_class": 30,
        "land_cover_name": "Grassland",
        "crs": "EPSG:32633"
      }
    },
    {
      "type": "Feature",
      "geometry": {
        "type": "LineString",
        "coordinates": [
          [
            391191.1013738533,
            4793966.778682314
          ],
          [
            391320.7092308881,
            4793837.185639219
          ]
        ]
      },
      "properties": {
        "feature_type": "segment",
        "segment_id": 111,
        "step": 111,
        "length_m": 183.28,
        "elevation_start": 45.02,
        "elevation_end": 40.24,
        "slope_percent": 3.0,
        "cost_usd": 73313.09,
        "cost_per_m": 400.0,
        "cumulative_cost": 9785413.63,
        "pressure_drop_pa": 64337.42,
        "cumulative_pressure_pa": 11109248.43,
        "land_cover_class": 30,
        "land_cover_name": "Grassland",
        "crs": "EPSG:32633"
      }
    },
    {
      "type": "Feature",
      "geometry": {
        "type": "LineString",
        "coordinates": [
          [
            391320.7092308881,
            4793837.185639219
          ],
          [
            391450.31708792294,
            4793707.592596125
          ]
        ]
      },
      "properties": {
        "feature_type": "segment",
        "segment_id": 112,
        "step": 112,
        "length_m": 183.28,
        "elevation_start": 40.24,
        "elevation_end": 36.91,
        "slope_percent": 4.25,
        "cost_usd": 109969.63,
        "cost_per_m": 600.0,
        "cumulative_cost": 9895383.25,
        "pressure_drop_pa": 83338.56,
        "cumulative_pressure_pa": 11192586.99,
        "land_cover_class": 40,
        "land_cover_name": "Cropland",
        "crs": "EPSG:32633"
      }
    },
    {
      "type": "Feature",
      "geometry": {
        "type": "LineString",
        "coordinates": [
          [
            391450.31708792294,
            4793707.592596125
          ],
          [
            391579.92494495783,
            4793577.99955303
          ]
        ]
      },
      "properties": {
        "feature_type": "segment",
        "segment_id": 113,
        "step": 113,
        "length_m": 183.28,
        "elevation_start": 36.91,
        "elevation_end": 30.19,
        "slope_percent": 3.07,
        "cost_usd": 109969.63,
        "cost_per_m": 600.0,
        "cumulative_cost": 10005352.88,
        "pressure_drop_pa": 65378.5,
        "cumulative_pressure_pa": 11257965.49,
        "land_cover_class": 40,
        "land_cover_name": "Cropland",
        "crs": "EPSG:32633"
      }
    },
    {
      "type": "Feature",
      "geometry": {
        "type": "LineString",
        "coordinates": [
          [
            391579.92494495783,
            4793577.99955303
          ],
          [
            391709.53280199267,
            4793448.406509936
          ]
        ]
      },
      "properties": {
        "feature_type": "segment",
        "segment_id": 114,
        "step": 114,
        "length_m": 183.28,
        "elevation_start": 30.19,
        "elevation_end": 29.19,
        "slope_percent": 0.71,
        "cost_usd": 109969.63,
        "cost_per_m": 600.0,
        "cumulative_cost": 10115322.51,
        "pressure_drop_pa": 29334.84,
        "cumulative_pressure_pa": 11287300.32,
        "land_cover_class": 40,
        "land_cover_name": "Cropland",
        "crs": "EPSG:32633"
      }
    },
    {
      "type": "Feature",
      "geometry": {
        "type": "LineString",
        "coordinates": [
          [
            391709.53280199267,
            4793448.406509936
          ],
          [
            391839.1406590275,
            4793318.813466841
          ]
        ]
      },
      "properties": {
        "feature_type": "segment",
        "segment_id": 115,
        "step": 115,
        "length_m": 183.28,
        "elevation_start": 29.19,
        "elevation_end": 28.59,
        "slope_percent": 0.95,
        "cost_usd": 109969.63,
        "cost_per_m": 600.0,
        "cumulative_cost": 10225292.14,
        "pressure_drop_pa": 33057.6,
        "cumulative_pressure_pa": 11320357.92,
        "land_cover_class": 40,
        "land_cover_name": "Cropland",
        "crs": "EPSG:32633"
      }
    },
    {
      "type": "Feature",
      "geometry": {
        "type": "LineString",
        "coordinates": [
          [
            391839.1406590275,
            4793318.813466841
          ],
          [
            391968.7485160624,
            4793189.220423747
          ]
        ]
      },
      "properties": {
        "feature_type": "segment",
        "segment_id": 116,
        "step": 116,
        "length_m": 183.28,
        "elevation_start": 28.59,
        "elevation_end": 28.04,
        "slope_percent": 0.86,
        "cost_usd": 73313.09,
        "cost_per_m": 400.0,
        "cumulative_cost": 10298605.23,
        "pressure_drop_pa": 31737.54,
        "cumulative_pressure_pa": 11352095.46,
        "land_cover_class": 30,
        "land_cover_name": "Grassland",
        "crs": "EPSG:32633"
      }
    },
    {
      "type": "Feature",
      "geometry": {
        "type": "LineString",
        "coordinates": [
          [
            391968.7485160624,
            4793189.220423747
          ],
          [
            391968.7485160624,
            4793059.627380652
          ]
        ]
      },
      "properties": {
        "feature_type": "segment",
        "segment_id": 117,
        "step": 117,
        "length_m": 129.59,
        "elevation_start": 28.04,
        "elevation_end": 27.02,
        "slope_percent": 0.63,
        "cost_usd": 77755.83,
        "cost_per_m": 600.0,
        "cumulative_cost": 10376361.05,
        "pressure_drop_pa": 19920.94,
        "cumulative_pressure_pa": 11372016.4,
        "land_cover_class": 40,
        "land_cover_name": "Cropland",
        "crs": "EPSG:32633"
      }
    },
    {
      "type": "Feature",
      "geometry": {
        "type": "LineString",
        "coordinates": [
          [
            391968.7485160624,
            4793059.627380652
          ],
          [
            392098.3563730972,
            4792930.034337559
          ]
        ]
      },
      "properties": {
        "feature_type": "segment",
        "segment_id": 118,
        "step": 118,
        "length_m": 183.28,
        "elevation_start": 27.02,
        "elevation_end": 25.8,
        "slope_percent": 0.8,
        "cost_usd": 109969.63,
        "cost_per_m": 600.0,
        "cumulative_cost": 10486330.68,
        "pressure_drop_pa": 30713.75,
        "cumulative_pressure_pa": 11402730.15,
        "land_cover_class": 40,
        "land_cover_name": "Cropland",
        "crs": "EPSG:32633"
      }
    },
    {
      "type": "Feature",
      "geometry": {
        "type": "LineString",
        "coordinates": [
          [
            392098.3563730972,
            4792930.034337559
          ],
          [
            392227.9642301321,
            4792800.441294464
          ]
        ]
      },
      "properties": {
        "feature_type": "segment",
        "segment_id": 119,
        "step": 119,
        "length_m": 183.28,
        "elevation_start": 25.8,
        "elevation_end": 24.19,
        "slope_percent": 0.8,
        "cost_usd": 109969.63,
        "cost_per_m": 600.0,
        "cumulative_cost": 10596300.31,
        "pressure_drop_pa": 30678.49,
        "cumulative_pressure_pa": 11433408.65,
        "land_cover_class": 40,
        "land_cover_name": "Cropland",
        "crs": "EPSG:32633"
      }
    },
    {
      "type": "Feature",
      "geometry": {
        "type": "LineString",
        "coordinates": [
          [
            392227.9642301321,
            4792800.441294464
          ],
          [
            392357.57208716695,
            4792670.84825137
          ]
        ]
      },
      "properties": {
        "feature_type": "segment",
        "segment_id": 120,
        "step": 120,
        "length_m": 183.28,
        "elevation_start": 24.19,
        "elevation_end": 24.71,
        "slope_percent": 0.94,
        "cost_usd": 73313.09,
        "cost_per_m": 400.0,
        "cumulative_cost": 10669613.39,
        "pressure_drop_pa": 32930.1,
        "cumulative_pressure_pa": 11466338.74,
        "land_cover_class": 30,
        "land_cover_name": "Grassland",
        "crs": "EPSG:32633"
      }
    },
    {
      "type": "Feature",
      "geometry": {
        "type": "LineString",
        "coordinates": [
          [
            392357.57208716695,
            4792670.84825137
          ],
          [
            392487.1799442018,
            4792670.84825137
          ]
        ]
      },
      "properties": {
        "feature_type": "segment",
        "segment_id": 121,
        "step": 121,
        "length_m": 129.61,
        "elevation_start": 24.71,
        "elevation_end": 24.29,
        "slope_percent": 0.65,
        "cost_usd": 51843.14,
        "cost_per_m": 400.0,
        "cumulative_cost": 10721456.54,
        "pressure_drop_pa": 20091.06,
        "cumulative_pressure_pa": 11486429.8,
        "land_cover_class": 30,
        "land_cover_name": "Grassland",
        "crs": "EPSG:32633"
      }
    },
    {
      "type": "Feature",
      "geometry": {
        "type": "LineString",
        "coordinates": [
          [
            392487.1799442018,
            4792670.84825137
          ],
          [
            392616.7878012367,
            4792541.255208275
          ]
        ]
      },
      "properties": {
        "feature_type": "segment",
        "segment_id": 122,
        "step": 122,
        "length_m": 183.28,
        "elevation_start": 24.29,
        "elevation_end": 21.17,
        "slope_percent": 1.46,
        "cost_usd": 73313.09,
        "cost_per_m": 400.0,
        "cumulative_cost": 10794769.62,
        "pressure_drop_pa": 40861.61,
        "cumulative_pressure_pa": 11527291.41,
        "land_cover_class": 30,
        "land_cover_name": "Grassland",
        "crs": "EPSG:32633"
      }
    },
    {
      "type": "Feature",
      "geometry": {
        "type": "LineString",
        "coordinates": [
          [
            392616.7878012367,
            4792541.255208275
          ],
          [
            392746.3956582715,
            4792411.662165181
          ]
        ]
      },
      "properties": {
        "feature_type": "segment",
        "segment_id": 123,
        "step": 123,
        "length_m": 183.28,
        "elevation_start": 21.17,
        "elevation_end": 19.84,
        "slope_percent": 0.26,
        "cost_usd": 91641.36,
        "cost_per_m": 500.0,
        "cumulative_cost": 10886410.98,
        "pressure_drop_pa": 22502.11,
        "cumulative_pressure_pa": 11549793.52,
        "land_cover_class": 10,
        "land_cover_name": "Tree cover",
        "crs": "EPSG:32633"
      }
    },
    {
      "type": "Feature",
      "geometry": {
        "type": "LineString",
        "coordinates": [
          [
            392746.3956582715,
            4792411.662165181
          ],
          [
            392876.00351530634,
            4792282.069122086
          ]
        ]
      },
      "properties": {
        "feature_type": "segment",
        "segment_id": 124,
        "step": 124,
        "length_m": 183.28,
        "elevation_start": 19.84,
        "elevation_end": 20.48,
        "slope_percent": 0.71,
        "cost_usd": 73313.09,
        "cost_per_m": 400.0,
        "cumulative_cost": 10959724.07,
        "pressure_drop_pa": 29407.91,
        "cumulative_pressure_pa": 11579201.43,
        "land_cover_class": 30,
        "land_cover_name": "Grassland",
        "crs": "EPSG:32633"
      }
    },
    {
      "type": "Feature",
      "geometry": {
        "type": "LineString",
        "coordinates": [
          [
            392876.00351530634,
            4792282.069122086
          ],
          [
            393005.6113723412,
            4792152.476078992
          ]
        ]
      },
      "properties": {
        "feature_type": "segment",
        "segment_id": 125,
        "step": 125,
        "length_m": 183.28,
        "elevation_start": 20.48,
        "elevation_end": 20.48,
        "slope_percent": 0.52,
        "cost_usd": 109969.63,
        "cost_per_m": 600.0,
        "cumulative_cost": 11069693.7,
        "pressure_drop_pa": 26487.44,
        "cumulative_pressure_pa": 11605688.87,
        "land_cover_class": 40,
        "land_cover_name": "Cropland",
        "crs": "EPSG:32633"
      }
    },
    {
      "type": "Feature",
      "geometry": {
        "type": "LineString",
        "coordinates": [
          [
            393005.6113723412,
            4792152.476078992
          ],
          [
            393135.21922937606,
            4792022.883035897
          ]
        ]
      },
      "properties": {
        "feature_type": "segment",
        "segment_id": 126,
        "step": 126,
        "length_m": 183.28,
        "elevation_start": 20.48,
        "elevation_end": 20.49,
        "slope_percent": 0.48,
        "cost_usd": 109969.63,
        "cost_per_m": 600.0,
        "cumulative_cost": 11179663.32,
        "pressure_drop_pa": 25852.77,
        "cumulative_pressure_pa": 11631541.64,
        "land_cover_class": 40,
        "land_cover_name": "Cropland",
        "crs": "EPSG:32633"
      }
    },
    {
      "type": "Feature",
      "geometry": {
        "type": "LineString",
        "coordinates": [
          [
            393135.21922937606,
            4792022.883035897
          ],
          [
            393264.82708641095,
            4791893.289992803
          ]
        ]
      },
      "properties": {
        "feature_type": "segment",
        "segment_id": 127,
        "step": 127,
        "length_m": 183.28,
        "elevation_start": 20.49,
        "elevation_end": 21.9,
        "slope_percent": 0.55,
        "cost_usd": 80644.39,
        "cost_per_m": 440.0,
        "cumulative_cost": 11260307.72,
        "pressure_drop_pa": 26946.54,
        "cumulative_pressure_pa": 11658488.18,
        "land_cover_class": 20,
        "land_cover_name": "Shrubland",
        "crs": "EPSG:32633"
      }
    },
    {
      "type": "Feature",
      "geometry": {
        "type": "LineString",
        "coordinates": [
          [
            393264.82708641095,
            4791893.289992803
          ],
          [
            393394.4349434458,
            4791763.696949709
          ]
        ]
      },
      "properties": {
        "feature_type": "segment",
        "segment_id": 128,
        "step": 128,
        "length_m": 183.28,
        "elevation_start": 21.9,
        "elevation_end": 22.69,
        "slope_percent": 0.19,
        "cost_usd": 73313.09,
        "cost_per_m": 400.0,
        "cumulative_cost": 11333620.8,
        "pressure_drop_pa": 21424.94,
        "cumulative_pressure_pa": 11679913.12,
        "land_cover_class": 30,
        "land_cover_name": "Grassland",
        "crs": "EPSG:32633"
      }
    },
    {
      "type": "Feature",
      "geometry": {
        "type": "LineString",
        "coordinates": [
          [
            393394.4349434458,
            4791763.696949709
          ],
          [
            393524.0428004806,
            4791634.103906615
          ]
        ]
      },
      "properties": {
        "feature_type": "segment",
        "segment_id": 129,
        "step": 129,
        "length_m": 183.28,
        "elevation_start": 22.69,
        "elevation_end": 22.13,
        "slope_percent": 1.07,
        "cost_usd": 73313.09,
        "cost_per_m": 400.0,
        "cumulative_cost": 11406933.89,
        "pressure_drop_pa": 34820.81,
        "cumulative_pressure_pa": 11714733.93,
        "land_cover_class": 30,
        "land_cover_name": "Grassland",
        "crs": "EPSG:32633"
      }
    },
    {
      "type": "Feature",
      "geometry": {
        "type": "LineString",
        "coordinates": [
          [
            393524.0428004806,
            4791634.103906615
          ],
          [
            393524.0428004806,
            4791504.51086352
          ]
        ]
      },
      "properties": {
        "feature_type": "segment",
        "segment_id": 130,
        "step": 130,
        "length_m": 129.59,
        "elevation_start": 22.13,
        "elevation_end": 19.68,
        "slope_percent": 0.72,
        "cost_usd": 77755.83,
        "cost_per_m": 600.0,
        "cumulative_cost": 11484689.72,
        "pressure_drop_pa": 20856.73,
        "cumulative_pressure_pa": 11735590.66,
        "land_cover_class": 40,
        "land_cover_name": "Cropland",
        "crs": "EPSG:32633"
      }
    },
    {
      "type": "Feature",
      "geometry": {
        "type": "LineString",
        "coordinates": [
          [
            393524.0428004806,
            4791504.51086352
          ],
          [
            393524.0428004806,
            4791374.917820426
          ]
        ]
      },
      "properties": {
        "feature_type": "segment",
        "segment_id": 131,
        "step": 131,
        "length_m": 129.59,
        "elevation_start": 19.68,
        "elevation_end": 21.55,
        "slope_percent": 1.08,
        "cost_usd": 77755.83,
        "cost_per_m": 600.0,
        "cumulative_cost": 11562445.54,
        "pressure_drop_pa": 24710.23,
        "cumulative_pressure_pa": 11760300.89,
        "land_cover_class": 40,
        "land_cover_name": "Cropland",
        "crs": "EPSG:32633"
      }
    },
    {
      "type": "Feature",
      "geometry": {
        "type": "LineString",
        "coordinates": [
          [
            393524.0428004806,
            4791374.917820426
          ],
          [
            393524.0428004806,
            4791245.324777331
          ]
        ]
      },
      "properties": {
        "feature_type": "segment",
        "segment_id": 132,
        "step": 132,
        "length_m": 129.59,
        "elevation_start": 21.55,
        "elevation_end": 22.31,
        "slope_percent": 1.03,
        "cost_usd": 77755.83,
        "cost_per_m": 600.0,
        "cumulative_cost": 11640201.37,
        "pressure_drop_pa": 24251.16,
        "cumulative_pressure_pa": 11784552.05,
        "land_cover_class": 40,
        "land_cover_name": "Cropland",
        "crs": "EPSG:32633"
      }
    },
    {
      "type": "Feature",
      "geometry": {
        "type": "LineString",
        "coordinates": [
          [
            393524.0428004806,
            4791245.324777331
          ],
          [
            393524.0428004806,
            4791115.731734237
          ]
        ]
      },
      "properties": {
        "feature_type": "segment",
        "segment_id": 133,
        "step": 133,
        "length_m": 129.59,
        "elevation_start": 22.31,
        "elevation_end": 23.71,
        "slope_percent": 0.92,
        "cost_usd": 77755.83,
        "cost_per_m": 600.0,
        "cumulative_cost": 11717957.19,
        "pressure_drop_pa": 23013.56,
        "cumulative_pressure_pa": 11807565.61,
        "land_cover_class": 40,
        "land_cover_name": "Cropland",
        "crs": "EPSG:32633"
      }
    },
    {
      "type": "Feature",
      "geometry": {
        "type": "LineString",
        "coordinates": [
          [
            393524.0428004806,
            4791115.731734237
          ],
          [
            393524.0428004806,
            4790986.138691142
          ]
        ]
      },
      "properties": {
        "feature_type": "segment",
        "segment_id": 134,
        "step": 134,
        "length_m": 129.59,
        "elevation_start": 23.71,
        "elevation_end": 24.82,
        "slope_percent": 0.61,
        "cost_usd": 51837.22,
        "cost_per_m": 400.0,
        "cumulative_cost": 11769794.41,
        "pressure_drop_pa": 19654.27,
        "cumulative_pressure_pa": 11827219.89,
        "land_cover_class": 30,
        "land_cover_name": "Grassland",
        "crs": "EPSG:32633"
      }
    },
    {
      "type": "Feature",
      "geometry": {
        "type": "LineString",
        "coordinates": [
          [
            393524.0428004806,
            4790986.138691142
          ],
          [
            393653.6506575155,
            4790856.545648048
          ]
        ]
      },
      "properties": {
        "feature_type": "segment",
        "segment_id": 135,
        "step": 135,
        "length_m": 183.28,
        "elevation_start": 24.82,
        "elevation_end": 25.19,
        "slope_percent": 1.16,
        "cost_usd": 109969.63,
        "cost_per_m": 600.0,
        "cumulative_cost": 11879764.04,
        "pressure_drop_pa": 36198.44,
        "cumulative_pressure_pa": 11863418.32,
        "land_cover_class": 40,
        "land_cover_name": "Cropland",
        "crs": "EPSG:32633"
      }
    },
    {
      "type": "Feature",
      "geometry": {
        "type": "LineString",
        "coordinates": [
          [
            393653.6506575155,
            4790856.545648048
          ],
          [
            393783.25851455034,
            4790726.952604953
          ]
        ]
      },
      "properties": {
        "feature_type": "segment",
        "segment_id": 136,
        "step": 136,
        "length_m": 183.28,
        "elevation_start": 25.19,
        "elevation_end": 25.16,
        "slope_percent": 1.35,
        "cost_usd": 109969.63,
        "cost_per_m": 600.0,
        "cumulative_cost": 11989733.67,
        "pressure_drop_pa": 39170.05,
        "cumulative_pressure_pa": 11902588.37,
        "land_cover_class": 40,
        "land_cover_name": "Cropland",
        "crs": "EPSG:32633"
      }
    },
    {
      "type": "Feature",
      "geometry": {
        "type": "LineString",
        "coordinates": [
          [
            393783.25851455034,
            4790726.952604953
          ],
          [
            393912.8663715852,
            4790597.359561859
          ]
        ]
      },
      "properties": {
        "feature_type": "segment",
        "segment_id": 137,
        "step": 137,
        "length_m": 183.28,
        "elevation_start": 25.16,
        "elevation_end": 28.37,
        "slope_percent": 2.71,
        "cost_usd": 109969.63,
        "cost_per_m": 600.0,
        "cumulative_cost": 12099703.3,
        "pressure_drop_pa": 59985.32,
        "cumulative_pressure_pa": 11962573.69,
        "land_cover_class": 40,
        "land_cover_name": "Cropland",
        "crs": "EPSG:32633"
      }
    },
    {
      "type": "Feature",
      "geometry": {
        "type": "LineString",
        "coordinates": [
          [
            393912.8663715852,
            4790597.359561859
          ],
          [
            394042.47422862006,
            4790467.766518765
          ]
        ]
      },
      "properties": {
        "feature_type": "segment",
        "segment_id": 138,
        "step": 138,
        "length_m": 183.28,
        "elevation_start": 28.37,
        "elevation_end": 36.02,
        "slope_percent": 7.86,
        "cost_usd": 84310.05,
        "cost_per_m": 460.0,
        "cumulative_cost": 12184013.35,
        "pressure_drop_pa": 138309.51,
        "cumulative_pressure_pa": 12100883.21,
        "land_cover_class": 30,
        "land_cover_name": "Grassland",
        "crs": "EPSG:32633"
      }
    },
    {
      "type": "Feature",
      "geometry": {
        "type": "LineString",
        "coordinates": [
          [
            394042.47422862006,
            4790467.766518765
          ],
          [
            394042.47422862006,
            4790338.173475671
          ]
        ]
      },
      "properties": {
        "feature_type": "segment",
        "segment_id": 139,
        "step": 139,
        "length_m": 129.59,
        "elevation_start": 36.02,
        "elevation_end": 52.76,
        "slope_percent": 11.77,
        "cost_usd": 77755.83,
        "cost_per_m": 600.0,
        "cumulative_cost": 12261769.17,
        "pressure_drop_pa": 139422.29,
        "cumulative_pressure_pa": 12240305.49,
        "land_cover_class": 20,
        "land_cover_name": "Shrubland",
        "crs": "EPSG:32633"
      }
    },
    {
      "type": "Feature",
      "geometry": {
        "type": "LineString",
        "coordinates": [
          [
            394042.47422862006,
            4790338.173475671
          ],
          [
            394042.47422862006,
            4790208.580432576
          ]
        ]
      },
      "properties": {
        "feature_type": "segment",
        "segment_id": 140,
        "step": 140,
        "length_m": 129.59,
        "elevation_start": 52.76,
        "elevation_end": 63.97,
        "slope_percent": 12.91,
        "cost_usd": 72572.1,
        "cost_per_m": 560.0,
        "cumulative_cost": 12334341.28,
        "pressure_drop_pa": 151418.73,
        "cumulative_pressure_pa": 12391724.22,
        "land_cover_class": 30,
        "land_cover_name": "Grassland",
        "crs": "EPSG:32633"
      }
    },
    {
      "type": "Feature",
      "geometry": {
        "type": "LineString",
        "coordinates": [
          [
            394042.47422862006,
            4790208.580432576
          ],
          [
            394042.47422862006,
            4790078.987389482
          ]
        ]
      },
      "properties": {
        "feature_type": "segment",
        "segment_id": 141,
        "step": 141,
        "length_m": 129.59,
        "elevation_start": 63.97,
        "elevation_end": 77.47,
        "slope_percent": 14.62,
        "cost_usd": 98490.71,
        "cost_per_m": 760.0,
        "cumulative_cost": 12432831.99,
        "pressure_drop_pa": 169419.45,
        "cumulative_pressure_pa": 12561143.68,
        "land_cover_class": 40,
        "land_cover_name": "Cropland",
        "crs": "EPSG:32633"
      }
    },
    {
      "type": "Feature",
      "geometry": {
        "type": "LineString",
        "coordinates": [
          [
            394042.47422862006,
            4790078.987389482
          ],
          [
            394042.47422862006,
            4789949.394346387
          ]
        ]
      },
      "properties": {
        "feature_type": "segment",
        "segment_id": 142,
        "step": 142,
        "length_m": 129.59,
        "elevation_start": 77.47,
        "elevation_end": 98.67,
        "slope_percent": 19.94,
        "cost_usd": 103674.43,
        "cost_per_m": 800.0,
        "cumulative_cost": 12536506.42,
        "pressure_drop_pa": 224416.31,
        "cumulative_pressure_pa": 12785559.99,
        "land_cover_class": 30,
        "land_cover_name": "Grassland",
        "crs": "EPSG:32633"
      }
    },
    {
      "type": "Feature",
      "geometry": {
        "type": "LineString",
        "coordinates": [
          [
            394042.47422862006,
            4789949.394346387
          ],
          [
            394042.47422862006,
            4789819.801303293
          ]
        ]
      },
      "properties": {
        "feature_type": "segment",
        "segment_id": 143,
        "step": 143,
        "length_m": 129.59,
        "elevation_start": 98.67,
        "elevation_end": 124.47,
        "slope_percent": 21.87,
        "cost_usd": 108858.16,
        "cost_per_m": 840.0,
        "cumulative_cost": 12645364.58,
        "pressure_drop_pa": 243952.77,
        "cumulative_pressure_pa": 13029512.76,
        "land_cover_class": 20,
        "land_cover_name": "Shrubland",
        "crs": "EPSG:32633"
      }
    },
    {
      "type": "Feature",
      "geometry": {
        "type": "LineString",
        "coordinates": [
          [
            394042.47422862006,
            4789819.801303293
          ],
          [
            394172.0820856549,
            4789690.208260198
          ]
        ]
      },
      "properties": {
        "feature_type": "segment",
        "segment_id": 144,
        "step": 144,
        "length_m": 183.28,
        "elevation_start": 124.47,
        "elevation_end": 171.41,
        "slope_percent": 9.68,
        "cost_usd": 84310.05,
        "cost_per_m": 460.0,
        "cumulative_cost": 12729674.63,
        "pressure_drop_pa": 165780.89,
        "cumulative_pressure_pa": 13195293.65,
        "land_cover_class": 30,
        "land_cover_name": "Grassland",
        "crs": "EPSG:32633"
      }
    },
    {
      "type": "Feature",
      "geometry": {
        "type": "LineString",
        "coordinates": [
          [
            394172.0820856549,
            4789690.208260198
          ],
          [
            394172.0820856549,
            4789560.615217104
          ]
        ]
      },
      "properties": {
        "feature_type": "segment",
        "segment_id": 145,
        "step": 145,
        "length_m": 129.59,
        "elevation_start": 171.41,
        "elevation_end": 168.52,
        "slope_percent": 3.13,
        "cost_usd": 51837.22,
        "cost_per_m": 400.0,
        "cumulative_cost": 12781511.84,
        "pressure_drop_pa": 46853.49,
        "cumulative_pressure_pa": 13242147.14,
        "land_cover_class": 30,
        "land_cover_name": "Grassland",
        "crs": "EPSG:32633"
      }
    },
    {
      "type": "Feature",
      "geometry": {
        "type": "LineString",
        "coordinates": [
          [
            394172.0820856549,
            4789560.615217104
          ],
          [
            394301.6899426898,
            4789431.022174009
          ]
        ]
      },
      "properties": {
        "feature_type": "segment",
        "segment_id": 146,
        "step": 146,
        "length_m": 183.28,
        "elevation_start": 168.52,
        "elevation_end": 165.81,
        "slope_percent": 8.22,
        "cost_usd": 84310.05,
        "cost_per_m": 460.0,
        "cumulative_cost": 12865821.89,
        "pressure_drop_pa": 143691.87,
        "cumulative_pressure_pa": 13385839.01,
        "land_cover_class": 30,
        "land_cover_name": "Grassland",
        "crs": "EPSG:32633"
      }
    },
    {
      "type": "Feature",
      "geometry": {
        "type": "LineString",
        "coordinates": [
          [
            394301.6899426898,
            4789431.022174009
          ],
          [
            394431.2977997246,
            4789301.429130915
          ]
        ]
      },
      "properties": {
        "feature_type": "segment",
        "segment_id": 147,
        "step": 147,
        "length_m": 183.28,
        "elevation_start": 165.81,
        "elevation_end": 157.39,
        "slope_percent": 9.29,
        "cost_usd": 102638.32,
        "cost_per_m": 560.0,
        "cumulative_cost": 12968460.21,
        "pressure_drop_pa": 159909.72,
        "cumulative_pressure_pa": 13545748.73,
        "land_cover_class": 10,
        "land_cover_name": "Tree cover",
        "crs": "EPSG:32633"
      }
    },
    {
      "type": "Feature",
      "geometry": {
        "type": "LineString",
        "coordinates": [
          [
            394431.2977997246,
            4789301.429130915
          ],
          [
            394560.90565675945,
            4789171.836087821
          ]
        ]
      },
      "properties": {
        "feature_type": "segment",
        "segment_id": 148,
        "step": 148,
        "length_m": 183.28,
        "elevation_start": 157.39,
        "elevation_end": 168.35,
        "slope_percent": 14.21,
        "cost_usd": 102638.32,
        "cost_per_m": 560.0,
        "cumulative_cost": 13071098.53,
        "pressure_drop_pa": 233538.4,
        "cumulative_pressure_pa": 13779287.13,
        "land_cover_class": 30,
        "land_cover_name": "Grassland",
        "crs": "EPSG:32633"
      }
    },
    {
      "type": "Feature",
      "geometry": {
        "type": "LineString",
        "coordinates": [
          [
            394560.90565675945,
            4789171.836087821
          ],
          [
            394560.90565675945,
            4789042.243044727
          ]
        ]
      },
      "properties": {
        "feature_type": "segment",
        "segment_id": 149,
        "step": 149,
        "length_m": 129.59,
        "elevation_start": 168.35,
        "elevation_end": 183.43,
        "slope_percent": 5.76,
        "cost_usd": 59612.8,
        "cost_per_m": 460.0,
        "cumulative_cost": 13130711.33,
        "pressure_drop_pa": 75278.86,
        "cumulative_pressure_pa": 13854565.99,
        "land_cover_class": 30,
        "land_cover_name": "Grassland",
        "crs": "EPSG:32633"
      }
    },
    {
      "type": "Feature",
      "geometry": {
        "type": "LineString",
        "coordinates": [
          [
            394560.90565675945,
            4789042.243044727
          ],
          [
            394560.90565675945,
            4788912.650001632
          ]
        ]
      },
      "properties": {
        "feature_type": "segment",
        "segment_id": 150,
        "step": 150,
        "length_m": 129.59,
        "elevation_start": 183.43,
        "elevation_end": 181.85,
        "slope_percent": 3.95,
        "cost_usd": 51837.22,
        "cost_per_m": 400.0,
        "cumulative_cost": 13182548.55,
        "pressure_drop_pa": 55715.51,
        "cumulative_pressure_pa": 13910281.5,
        "land_cover_class": 30,
        "land_cover_name": "Grassland",
        "crs": "EPSG:32633"
      }
    },
    {
      "type": "Feature",
      "geometry": {
        "type": "LineString",
        "coordinates": [
          [
            394560.90565675945,
            4788912.650001632
          ],
          [
            394560.90565675945,
            4788783.056958538
          ]
        ]
      },
      "properties": {
        "feature_type": "segment",
        "segment_id": 151,
        "step": 151,
        "length_m": 129.59,
        "elevation_start": 181.85,
        "elevation_end": 177.45,
        "slope_percent": 14.19,
        "cost_usd": 72572.1,
        "cost_per_m": 560.0,
        "cumulative_cost": 13255120.65,
        "pressure_drop_pa": 164954.2,
        "cumulative_pressure_pa": 14075235.7,
        "land_cover_class": 30,
        "land_cover_name": "Grassland",
        "crs": "EPSG:32633"
      }
    },
    {
      "type": "Feature",
      "geometry": {
        "type": "LineString",
        "coordinates": [
          [
            394560.90565675945,
            4788783.056958538
          ],
          [
            394690.51351379434,
            4788653.463915443
          ]
        ]
      },
      "properties": {
        "feature_type": "segment",
        "segment_id": 152,
        "step": 152,
        "length_m": 183.28,
        "elevation_start": 177.45,
        "elevation_end": 153.07,
        "slope_percent": 22.78,
        "cost_usd": 153957.48,
        "cost_per_m": 840.0,
        "cumulative_cost": 13409078.13,
        "pressure_drop_pa": 357991.13,
        "cumulative_pressure_pa": 14433226.83,
        "land_cover_class": 20,
        "land_cover_name": "Shrubland",
        "crs": "EPSG:32633"
      }
    },
    {
      "type": "Feature",
      "geometry": {
        "type": "LineString",
        "coordinates": [
          [
            394690.51351379434,
            4788653.463915443
          ],
          [
            394690.51351379434,
            4788523.870872349
          ]
        ]
      },
      "properties": {
        "feature_type": "segment",
        "segment_id": 153,
        "step": 153,
        "length_m": 129.59,
        "elevation_start": 153.07,
        "elevation_end": 120.13,
        "slope_percent": 14.1,
        "cost_usd": 98490.71,
        "cost_per_m": 760.0,
        "cumulative_cost": 13507568.85,
        "pressure_drop_pa": 163979.64,
        "cumulative_pressure_pa": 14597206.46,
        "land_cover_class": 40,
        "land_cover_name": "Cropland",
        "crs": "EPSG:32633"
      }
    },
    {
      "type": "Feature",
      "geometry": {
        "type": "LineString",
        "coordinates": [
          [
            394690.51351379434,
            4788523.870872349
          ],
          [
            394820.1213708292,
            4788394.277829254
          ]
        ]
      },
      "properties": {
        "feature_type": "segment",
        "segment_id": 154,
        "step": 154,
        "length_m": 183.28,
        "elevation_start": 120.13,
        "elevation_end": 118.55,
        "slope_percent": 12.58,
        "cost_usd": 102638.32,
        "cost_per_m": 560.0,
        "cumulative_cost": 13610207.17,
        "pressure_drop_pa": 209281.53,
        "cumulative_pressure_pa": 14806487.99,
        "land_cover_class": 30,
        "land_cover_name": "Grassland",
        "crs": "EPSG:32633"
      }
    },
    {
      "type": "Feature",
      "geometry": {
        "type": "LineString",
        "coordinates": [
          [
            394820.1213708292,
            4788394.277829254
          ],
          [
            394949.72922786407,
            4788264.68478616
          ]
        ]
      },
      "properties": {
        "feature_type": "segment",
        "segment_id": 155,
        "step": 155,
        "length_m": 183.28,
        "elevation_start": 118.55,
        "elevation_end": 128.34,
        "slope_percent": 13.44,
        "cost_usd": 139294.86,
        "cost_per_m": 760.0,
        "cumulative_cost": 13749502.03,
        "pressure_drop_pa": 222154.46,
        "cumulative_pressure_pa": 15028642.45,
        "land_cover_class": 40,
        "land_cover_name": "Cropland",
        "crs": "EPSG:32633"
      }
    },
    {
      "type": "Feature",
      "geometry": {
        "type": "LineString",
        "coordinates": [
          [
            394949.72922786407,
            4788264.68478616
          ],
          [
            394949.72922786407,
            4788135.091743065
          ]
        ]
      },
      "properties": {
        "feature_type": "segment",
        "segment_id": 156,
        "step": 156,
        "length_m": 129.59,
        "elevation_start": 128.34,
        "elevation_end": 139.53,
        "slope_percent": 13.63,
        "cost_usd": 98490.71,
        "cost_per_m": 760.0,
        "cumulative_cost": 13847992.74,
        "pressure_drop_pa": 159039.28,
        "cumulative_pressure_pa": 15187681.73,
        "land_cover_class": 40,
        "land_cover_name": "Cropland",
        "crs": "EPSG:32633"
      }
    },
    {
      "type": "Feature",
      "geometry": {
        "type": "LineString",
        "coordinates": [
          [
            394949.72922786407,
            4788135.091743065
          ],
          [
            395079.3370848989,
            4788005.498699971
          ]
        ]
      },
      "properties": {
        "feature_type": "segment",
        "segment_id": 157,
        "step": 157,
        "length_m": 183.28,
        "elevation_start": 139.53,
        "elevation_end": 151.7,
        "slope_percent": 5.21,
        "cost_usd": 84310.05,
        "cost_per_m": 460.0,
        "cumulative_cost": 13932302.79,
        "pressure_drop_pa": 98032.1,
        "cumulative_pressure_pa": 15285713.83,
        "land_cover_class": 30,
        "land_cover_name": "Grassland",
        "crs": "EPSG:32633"
      }
    },
    {
      "type": "Feature",
      "geometry": {
        "type": "LineString",
        "coordinates": [
          [
            395079.3370848989,
            4788005.498699971
          ],
          [
            395208.94494193373,
            4787875.905656877
          ]
        ]
      },
      "properties": {
        "feature_type": "segment",
        "segment_id": 158,
        "step": 158,
        "length_m": 183.28,
        "elevation_start": 151.7,
        "elevation_end": 139.15,
        "slope_percent": 11.98,
        "cost_usd": 102638.32,
        "cost_per_m": 560.0,
        "cumulative_cost": 14034941.11,
        "pressure_drop_pa": 200383.2,
        "cumulative_pressure_pa": 15486097.03,
        "land_cover_class": 30,
        "land_cover_name": "Grassland",
        "crs": "EPSG:32633"
      }
    },
    {
      "type": "Feature",
      "geometry": {
        "type": "LineString",
        "coordinates": [
          [
            395208.94494193373,
            4787875.905656877
          ],
          [
            395208.94494193373,
            4787746.3126137825
          ]
        ]
      },
      "properties": {
        "feature_type": "segment",
        "segment_id": 159,
        "step": 159,
        "length_m": 129.59,
        "elevation_start": 139.15,
        "elevation_end": 117.96,
        "slope_percent": 7.34,
        "cost_usd": 59612.8,
        "cost_per_m": 460.0,
        "cumulative_cost": 14094553.91,
        "pressure_drop_pa": 92164.85,
        "cumulative_pressure_pa": 15578261.88,
        "land_cover_class": 30,
        "land_cover_name": "Grassland",
        "crs": "EPSG:32633"
      }
    },
    {
      "type": "Feature",
      "geometry": {
        "type": "LineString",
        "coordinates": [
          [
            395208.94494193373,
            4787746.3126137825
          ],
          [
            395208.94494193373,
            4787616.719570688
          ]
        ]
      },
      "properties": {
        "feature_type": "segment",
        "segment_id": 160,
        "step": 160,
        "length_m": 129.59,
        "elevation_start": 117.96,
        "elevation_end": 130.13,
        "slope_percent": 8.74,
        "cost_usd": 54429.08,
        "cost_per_m": 420.0,
        "cumulative_cost": 14148982.99,
        "pressure_drop_pa": 107183.01,
        "cumulative_pressure_pa": 15685444.89,
        "land_cover_class": 50,
        "land_cover_name": "Built-up",
        "crs": "EPSG:32633"
      }
    },
    {
      "type": "Feature",
      "geometry": {
        "type": "LineString",
        "coordinates": [
          [
            395208.94494193373,
            4787616.719570688
          ],
          [
            395338.5527989686,
            4787487.1265275935
          ]
        ]
      },
      "properties": {
        "feature_type": "segment",
        "segment_id": 161,
        "step": 161,
        "length_m": 183.28,
        "elevation_start": 130.13,
        "elevation_end": 131.61,
        "slope_percent": 3.24,
        "cost_usd": 73313.09,
        "cost_per_m": 400.0,
        "cumulative_cost": 14222296.08,
        "pressure_drop_pa": 67947.61,
        "cumulative_pressure_pa": 15753392.5,
        "land_cover_class": 30,
        "land_cover_name": "Grassland",
        "crs": "EPSG:32633"
      }
    },
    {
      "type": "Feature",
      "geometry": {
        "type": "LineString",
        "coordinates": [
          [
            395338.5527989686,
            4787487.1265275935
          ],
          [
            395468.16065600346,
            4787357.533484499
          ]
        ]
      },
      "properties": {
        "feature_type": "segment",
        "segment_id": 162,
        "step": 162,
        "length_m": 183.28,
        "elevation_start": 131.61,
        "elevation_end": 120.68,
        "slope_percent": 5.66,
        "cost_usd": 84310.05,
        "cost_per_m": 460.0,
        "cumulative_cost": 14306606.12,
        "pressure_drop_pa": 104836.5,
        "cumulative_pressure_pa": 15858229.0,
        "land_cover_class": 30,
        "land_cover_name": "Grassland",
        "crs": "EPSG:32633"
      }
    },
    {
      "type": "Feature",
      "geometry": {
        "type": "LineString",
        "coordinates": [
          [
            395468.16065600346,
            4787357.533484499
          ],
          [
            395468.16065600346,
            4787227.9404414045
          ]
        ]
      },
      "properties": {
        "feature_type": "segment",
        "segment_id": 163,
        "step": 163,
        "length_m": 129.59,
        "elevation_start": 120.68,
        "elevation_end": 120.58,
        "slope_percent": 5.72,
        "cost_usd": 85531.41,
        "cost_per_m": 660.0,
        "cumulative_cost": 14392137.53,
        "pressure_drop_pa": 74751.46,
        "cumulative_pressure_pa": 15932980.46,
        "land_cover_class": 40,
        "land_cover_name": "Cropland",
        "crs": "EPSG:32633"
      }
    },
    {
      "type": "Feature",
      "geometry": {
        "type": "LineString",
        "coordinates": [
          [
            395468.16065600346,
            4787227.9404414045
          ],
          [
            395597.7685130383,
            4787098.34739831
          ]
        ]
      },
      "properties": {
        "feature_type": "segment",
        "segment_id": 164,
        "step": 164,
        "length_m": 183.28,
        "elevation_start": 120.58,
        "elevation_end": 111.76,
        "slope_percent": 9.03,
        "cost_usd": 102638.32,
        "cost_per_m": 560.0,
        "cumulative_cost": 14494775.85,
        "pressure_drop_pa": 156017.59,
        "cumulative_pressure_pa": 16088998.05,
        "land_cover_class": 10,
        "land_cover_name": "Tree cover",
        "crs": "EPSG:32633"
      }
    },
    {
      "type": "Feature",
      "geometry": {
        "type": "LineString",
        "coordinates": [
          [
            395597.7685130383,
            4787098.34739831
          ],
          [
            395727.3763700732,
            4786968.7543552155
          ]
        ]
      },
      "properties": {
        "feature_type": "segment",
        "segment_id": 165,
        "step": 165,
        "length_m": 183.28,
        "elevation_start": 111.76,
        "elevation_end": 100.88,
        "slope_percent": 11.68,
        "cost_usd": 102638.32,
        "cost_per_m": 560.0,
        "cumulative_cost": 14597414.17,
        "pressure_drop_pa": 195816.92,
        "cumulative_pressure_pa": 16284814.97,
        "land_cover_class": 30,
        "land_cover_name": "Grassland",
        "crs": "EPSG:32633"
      }
    },
    {
      "type": "Feature",
      "geometry": {
        "type": "LineString",
        "coordinates": [
          [
            395727.3763700732,
            4786968.7543552155
          ],
          [
            395856.984227108,
            4786839.161312121
          ]
        ]
      },
      "properties": {
        "feature_type": "segment",
        "segment_id": 166,
        "step": 166,
        "length_m": 183.28,
        "elevation_start": 100.88,
        "elevation_end": 86.47,
        "slope_percent": 11.96,
        "cost_usd": 109969.63,
        "cost_per_m": 600.0,
        "cumulative_cost": 14707383.8,
        "pressure_drop_pa": 200046.14,
        "cumulative_pressure_pa": 16484861.11,
        "land_cover_class": 20,
        "land_cover_name": "Shrubland",
        "crs": "EPSG:32633"
      }
    },
    {
      "type": "Feature",
      "geometry": {
        "type": "LineString",
        "coordinates": [
          [
            395856.984227108,
            4786839.161312121
          ],
          [
            395986.5920841429,
            4786709.568269027
          ]
        ]
      },
      "properties": {
        "feature_type": "segment",
        "segment_id": 167,
        "step": 167,
        "length_m": 183.28,
        "elevation_start": 86.47,
        "elevation_end": 76.98,
        "slope_percent": 13.78,
        "cost_usd": 102638.32,
        "cost_per_m": 560.0,
        "cumulative_cost": 14810022.12,
        "pressure_drop_pa": 227106.14,
        "cumulative_pressure_pa": 16711967.25,
        "land_cover_class": 30,
        "land_cover_name": "Grassland",
        "crs": "EPSG:32633"
      }
    },
    {
      "type": "Feature",
      "geometry": {
        "type": "LineString",
        "coordinates": [
          [
            395986.5920841429,
            4786709.568269027
          ],
          [
            395986.5920841429,
            4786579.975225933
          ]
        ]
      },
      "properties": {
        "feature_type": "segment",
        "segment_id": 168,
        "step": 168,
        "length_m": 129.59,
        "elevation_start": 76.98,
        "elevation_end": 57.77,
        "slope_percent": 5.37,
        "cost_usd": 64796.52,
        "cost_per_m": 500.0,
        "cumulative_cost": 14874818.64,
        "pressure_drop_pa": 71027.23,
        "cumulative_pressure_pa": 16782994.48,
        "land_cover_class": 20,
        "land_cover_name": "Shrubland",
        "crs": "EPSG:32633"
      }
    },
    {
      "type": "Feature",
      "geometry": {
        "type": "LineString",
        "coordinates": [
          [
            395986.5920841429,
            4786579.975225933
          ],
          [
            395986.5920841429,
            4786450.382182838
          ]
        ]
      },
      "properties": {
        "feature_type": "segment",
        "segment_id": 169,
        "step": 169,
        "length_m": 129.59,
        "elevation_start": 57.77,
        "elevation_end": 58.83,
        "slope_percent": 4.55,
        "cost_usd": 51837.22,
        "cost_per_m": 400.0,
        "cumulative_cost": 14926655.86,
        "pressure_drop_pa": 62210.44,
        "cumulative_pressure_pa": 16845204.92,
        "land_cover_class": 30,
        "land_cover_name": "Grassland",
        "crs": "EPSG:32633"
      }
    },
    {
      "type": "Feature",
      "geometry": {
        "type": "LineString",
        "coordinates": [
          [
            395986.5920841429,
            4786450.382182838
          ],
          [
            396116.19994117774,
            4786320.789139744
          ]
        ]
      },
      "properties": {
        "feature_type": "segment",
        "segment_id": 170,
        "step": 170,
        "length_m": 183.28,
        "elevation_start": 58.83,
        "elevation_end": 57.63,
        "slope_percent": 7.55,
        "cost_usd": 84310.05,
        "cost_per_m": 460.0,
        "cumulative_cost": 15010965.91,
        "pressure_drop_pa": 133645.6,
        "cumulative_pressure_pa": 16978850.52,
        "land_cover_class": 30,
        "land_cover_name": "Grassland",
        "crs": "EPSG:32633"
      }
    },
    {
      "type": "Feature",
      "geometry": {
        "type": "LineString",
        "coordinates": [
          [
            396116.19994117774,
            4786320.789139744
          ],
          [
            396116.19994117774,
            4786191.196096649
          ]
        ]
      },
      "properties": {
        "feature_type": "segment",
        "segment_id": 171,
        "step": 171,
        "length_m": 129.59,
        "elevation_start": 57.63,
        "elevation_end": 54.08,
        "slope_percent": 5.09,
        "cost_usd": 59612.8,
        "cost_per_m": 460.0,
        "cumulative_cost": 15070578.71,
        "pressure_drop_pa": 67978.72,
        "cumulative_pressure_pa": 17046829.23,
        "land_cover_class": 30,
        "land_cover_name": "Grassland",
        "crs": "EPSG:32633"
      }
    },
    {
      "type": "Feature",
      "geometry": {
        "type": "LineString",
        "coordinates": [
          [
            396116.19994117774,
            4786191.196096649
          ],
          [
            396245.80779821257,
            4786061.603053555
          ]
        ]
      },
      "properties": {
        "feature_type": "segment",
        "segment_id": 172,
        "step": 172,
        "length_m": 183.28,
        "elevation_start": 54.08,
        "elevation_end": 43.19,
        "slope_percent": 2.58,
        "cost_usd": 109969.63,
        "cost_per_m": 600.0,
        "cumulative_cost": 15180548.34,
        "pressure_drop_pa": 58003.89,
        "cumulative_pressure_pa": 17104833.12,
        "land_cover_class": 40,
        "land_cover_name": "Cropland",
        "crs": "EPSG:32633"
      }
    },
    {
      "type": "Feature",
      "geometry": {
        "type": "LineString",
        "coordinates": [
          [
            396245.80779821257,
            4786061.603053555
          ],
          [
            396375.41565524746,
            4785932.01001046
          ]
        ]
      },
      "properties": {
        "feature_type": "segment",
        "segment_id": 173,
        "step": 173,
        "length_m": 183.28,
        "elevation_start": 43.19,
        "elevation_end": 51.5,
        "slope_percent": 3.11,
        "cost_usd": 109969.63,
        "cost_per_m": 600.0,
        "cumulative_cost": 15290517.97,
        "pressure_drop_pa": 66066.75,
        "cumulative_pressure_pa": 17170899.87,
        "land_cover_class": 40,
        "land_cover_name": "Cropland",
        "crs": "EPSG:32633"
      }
    },
    {
      "type": "Feature",
      "geometry": {
        "type": "LineString",
        "coordinates": [
          [
            396375.41565524746,
            4785932.01001046
          ],
          [
            396505.0235122823,
            4785802.416967366
          ]
        ]
      },
      "properties": {
        "feature_type": "segment",
        "segment_id": 174,
        "step": 174,
        "length_m": 183.28,
        "elevation_start": 51.5,
        "elevation_end": 47.7,
        "slope_percent": 6.24,
        "cost_usd": 84310.05,
        "cost_per_m": 460.0,
        "cumulative_cost": 15374828.02,
        "pressure_drop_pa": 113649.76,
        "cumulative_pressure_pa": 17284549.63,
        "land_cover_class": 30,
        "land_cover_name": "Grassland",
        "crs": "EPSG:32633"
      }
    },
    {
      "type": "Feature",
      "geometry": {
        "type": "LineString",
        "coordinates": [
          [
            396505.0235122823,
            4785802.416967366
          ],
          [
            396634.6313693171,
            4785672.823924271
          ]
        ]
      },
      "properties": {
        "feature_type": "segment",
        "segment_id": 175,
        "step": 175,
        "length_m": 183.28,
        "elevation_start": 47.7,
        "elevation_end": 31.25,
        "slope_percent": 5.41,
        "cost_usd": 84310.05,
        "cost_per_m": 460.0,
        "cumulative_cost": 15459138.06,
        "pressure_drop_pa": 101154.29,
        "cumulative_pressure_pa": 17385703.92,
        "land_cover_class": 30,
        "land_cover_name": "Grassland",
        "crs": "EPSG:32633"
      }
    },
    {
      "type": "Feature",
      "geometry": {
        "type": "LineString",
        "coordinates": [
          [
            396634.6313693171,
            4785672.823924271
          ],
          [
            396764.239226352,
            4785543.230881177
          ]
        ]
      },
      "properties": {
        "feature_type": "segment",
        "segment_id": 176,
        "step": 176,
        "length_m": 183.28,
        "elevation_start": 31.25,
        "elevation_end": 28.14,
        "slope_percent": 1.62,
        "cost_usd": 73313.09,
        "cost_per_m": 400.0,
        "cumulative_cost": 15532451.15,
        "pressure_drop_pa": 43276.42,
        "cumulative_pressure_pa": 17428980.34,
        "land_cover_class": 30,
        "land_cover_name": "Grassland",
        "crs": "EPSG:32633"
      }
    },
    {
      "type": "Feature",
      "geometry": {
        "type": "LineString",
        "coordinates": [
          [
            396764.239226352,
            4785543.230881177
          ],
          [
            396764.239226352,
            4785413.637838083
          ]
        ]
      },
      "properties": {
        "feature_type": "segment",
        "segment_id": 177,
        "step": 177,
        "length_m": 129.59,
        "elevation_start": 28.14,
        "elevation_end": 28.85,
        "slope_percent": 1.58,
        "cost_usd": 51837.22,
        "cost_per_m": 400.0,
        "cumulative_cost": 15584288.37,
        "pressure_drop_pa": 30163.85,
        "cumulative_pressure_pa": 17459144.19,
        "land_cover_class": 60,
        "land_cover_name": "Bare/sparse vegetation",
        "crs": "EPSG:32633"
      }
    },
    {
      "type": "Feature",
      "geometry": {
        "type": "LineString",
        "coordinates": [
          [
            396764.239226352,
            4785413.637838083
          ],
          [
            396893.84708338685,
            4785284.044794989
          ]
        ]
      },
      "properties": {
        "feature_type": "segment",
        "segment_id": 178,
        "step": 178,
        "length_m": 183.28,
        "elevation_start": 28.85,
        "elevation_end": 27.82,
        "slope_percent": 1.23,
        "cost_usd": 73313.09,
        "cost_per_m": 400.0,
        "cumulative_cost": 15657601.45,
        "pressure_drop_pa": 37314.24,
        "cumulative_pressure_pa": 17496458.44,
        "land_cover_class": 30,
        "land_cover_name": "Grassland",
        "crs": "EPSG:32633"
      }
    },
    {
      "type": "Feature",
      "geometry": {
        "type": "LineString",
        "coordinates": [
          [
            396893.84708338685,
            4785284.044794989
          ],
          [
            396893.84708338685,
            4785154.451751894
          ]
        ]
      },
      "properties": {
        "feature_type": "segment",
        "segment_id": 179,
        "step": 179,
        "length_m": 129.59,
        "elevation_start": 27.82,
        "elevation_end": 27.13,
        "slope_percent": 1.28,
        "cost_usd": 64796.52,
        "cost_per_m": 500.0,
        "cumulative_cost": 15722397.97,
        "pressure_drop_pa": 26971.5,
        "cumulative_pressure_pa": 17523429.93,
        "land_cover_class": 10,
        "land_cover_name": "Tree cover",
        "crs": "EPSG:32633"
      }
    },
    {
      "type": "Feature",
      "geometry": {
        "type": "LineString",
        "coordinates": [
          [
            396893.84708338685,
            4785154.451751894
          ],
          [
            396893.84708338685,
            4785024.8587088
          ]
        ]
      },
      "properties": {
        "feature_type": "segment",
        "segment_id": 180,
        "step": 180,
        "length_m": 129.59,
        "elevation_start": 27.13,
        "elevation_end": 25.52,
        "slope_percent": 0.7,
        "cost_usd": 64796.52,
        "cost_per_m": 500.0,
        "cumulative_cost": 15787194.5,
        "pressure_drop_pa": 20662.33,
        "cumulative_pressure_pa": 17544092.27,
        "land_cover_class": 10,
        "land_cover_name": "Tree cover",
        "crs": "EPSG:32633"
      }
    },
    {
      "type": "Feature",
      "geometry": {
        "type": "LineString",
        "coordinates": [
          [
            396893.84708338685,
            4785024.8587088
          ],
          [
            397023.45494042174,
            4784895.265665705
          ]
        ]
      },
      "properties": {
        "feature_type": "segment",
        "segment_id": 181,
        "step": 181,
        "length_m": 183.28,
        "elevation_start": 25.52,
        "elevation_end": 28.2,
        "slope_percent": 1.6,
        "cost_usd": 73313.09,
        "cost_per_m": 400.0,
        "cumulative_cost": 15860507.58,
        "pressure_drop_pa": 42893.18,
        "cumulative_pressure_pa": 17586985.45,
        "land_cover_class": 30,
        "land_cover_name": "Grassland",
        "crs": "EPSG:32633"
      }
    },
    {
      "type": "Feature",
      "geometry": {
        "type": "LineString",
        "coordinates": [
          [
            397023.45494042174,
            4784895.265665705
          ],
          [
            396893.84708338685,
            4784765.672622611
          ]
        ]
      },
      "properties": {
        "feature_type": "segment",
        "segment_id": 182,
        "step": 182,
        "length_m": 183.28,
        "elevation_start": 28.2,
        "elevation_end": 29.52,
        "slope_percent": 0.87,
        "cost_usd": 73313.09,
        "cost_per_m": 400.0,
        "cumulative_cost": 15933820.67,
        "pressure_drop_pa": 31878.52,
        "cumulative_pressure_pa": 17618863.97,
        "land_cover_class": 60,
        "land_cover_name": "Bare/sparse vegetation",
        "crs": "EPSG:32633"
      }
    },
    {
      "type": "Feature",
      "geometry": {
        "type": "LineString",
        "coordinates": [
          [
            396893.84708338685,
            4784765.672622611
          ],
          [
            396764.239226352,
            4784636.079579516
          ]
        ]
      },
      "properties": {
        "feature_type": "segment",
        "segment_id": 183,
        "step": 183,
        "length_m": 183.28,
        "elevation_start": 29.52,
        "elevation_end": 29.49,
        "slope_percent": 0.64,
        "cost_usd": 73313.09,
        "cost_per_m": 400.0,
        "cumulative_cost": 16007133.75,
        "pressure_drop_pa": 28296.29,
        "cumulative_pressure_pa": 17647160.26,
        "land_cover_class": 30,
        "land_cover_name": "Grassland",
        "crs": "EPSG:32633"
      }
    },
    {
      "type": "Feature",
      "geometry": {
        "type": "LineString",
        "coordinates": [
          [
            396764.239226352,
            4784636.079579516
          ],
          [
            396764.239226352,
            4784506.486536422
          ]
        ]
      },
      "properties": {
        "feature_type": "segment",
        "segment_id": 184,
        "step": 184,
        "length_m": 129.59,
        "elevation_start": 29.49,
        "elevation_end": 30.95,
        "slope_percent": 0.83,
        "cost_usd": 51837.22,
        "cost_per_m": 400.0,
        "cumulative_cost": 16058970.97,
        "pressure_drop_pa": 22053.71,
        "cumulative_pressure_pa": 17669213.97,
        "land_cover_class": 30,
        "land_cover_name": "Grassland",
        "crs": "EPSG:32633"
      }
    },
    {
      "type": "Feature",
      "geometry": {
        "type": "LineString",
        "coordinates": [
          [
            396764.239226352,
            4784506.486536422
          ],
          [
            396764.239226352,
            4784376.893493327
          ]
        ]
      },
      "properties": {
        "feature_type": "segment",
        "segment_id": 185,
        "step": 185,
        "length_m": 129.59,
        "elevation_start": 30.95,
        "elevation_end": 32.42,
        "slope_percent": 1.48,
        "cost_usd": 77755.83,
        "cost_per_m": 600.0,
        "cumulative_cost": 16136726.8,
        "pressure_drop_pa": 29032.31,
        "cumulative_pressure_pa": 17698246.28,
        "land_cover_class": 40,
        "land_cover_name": "Cropland",
        "crs": "EPSG:32633"
      }
    },
    {
      "type": "Feature",
      "geometry": {
        "type": "LineString",
        "coordinates": [
          [
            396764.239226352,
            4784376.893493327
          ],
          [
            396764.239226352,
            4784247.300450233
          ]
        ]
      },
      "properties": {
        "feature_type": "segment",
        "segment_id": 186,
        "step": 186,
        "length_m": 129.59,
        "elevation_start": 32.42,
        "elevation_end": 34.83,
        "slope_percent": 2.02,
        "cost_usd": 77755.83,
        "cost_per_m": 600.0,
        "cumulative_cost": 16214482.62,
        "pressure_drop_pa": 34954.55,
        "cumulative_pressure_pa": 17733200.82,
        "land_cover_class": 40,
        "land_cover_name": "Cropland",
        "crs": "EPSG:32633"
      }
    },
    {
      "type": "Feature",
      "geometry": {
        "type": "LineString",
        "coordinates": [
          [
            396764.239226352,
            4784247.300450233
          ],
          [
            396764.239226352,
            4784117.707407139
          ]
        ]
      },
      "properties": {
        "feature_type": "segment",
        "segment_id": 187,
        "step": 187,
        "length_m": 129.59,
        "elevation_start": 34.83,
        "elevation_end": 33.69,
        "slope_percent": 4.83,
        "cost_usd": 77755.83,
        "cost_per_m": 600.0,
        "cumulative_cost": 16292238.45,
        "pressure_drop_pa": 65182.94,
        "cumulative_pressure_pa": 17798383.77,
        "land_cover_class": 40,
        "land_cover_name": "Cropland",
        "crs": "EPSG:32633"
      }
    },
    {
      "type": "Feature",
      "geometry": {
        "type": "LineString",
        "coordinates": [
          [
            396764.239226352,
            4784117.707407139
          ],
          [
            396893.84708338685,
            4783988.114364045
          ]
        ]
      },
      "properties": {
        "feature_type": "segment",
        "segment_id": 188,
        "step": 188,
        "length_m": 183.28,
        "elevation_start": 33.69,
        "elevation_end": 52.02,
        "slope_percent": 14.44,
        "cost_usd": 102638.32,
        "cost_per_m": 560.0,
        "cumulative_cost": 16394876.77,
        "pressure_drop_pa": 236994.6,
        "cumulative_pressure_pa": 18035378.37,
        "land_cover_class": 30,
        "land_cover_name": "Grassland",
        "crs": "EPSG:32633"
      }
    },
    {
      "type": "Feature",
      "geometry": {
        "type": "LineString",
        "coordinates": [
          [
            396893.84708338685,
            4783988.114364045
          ],
          [
            396893.84708338685,
            4783858.52132095
          ]
        ]
      },
      "properties": {
        "feature_type": "segment",
        "segment_id": 189,
        "step": 189,
        "length_m": 129.59,
        "elevation_start": 52.02,
        "elevation_end": 68.05,
        "slope_percent": 19.98,
        "cost_usd": 103674.43,
        "cost_per_m": 800.0,
        "cumulative_cost": 16498551.2,
        "pressure_drop_pa": 224819.22,
        "cumulative_pressure_pa": 18260197.59,
        "land_cover_class": 30,
        "land_cover_name": "Grassland",
        "crs": "EPSG:32633"
      }
    },
    {
      "type": "Feature",
      "geometry": {
        "type": "LineString",
        "coordinates": [
          [
            396893.84708338685,
            4783858.52132095
          ],
          [
            396893.84708338685,
            4783728.928277856
          ]
        ]
      },
      "properties": {
        "feature_type": "segment",
        "segment_id": 190,
        "step": 190,
        "length_m": 129.59,
        "elevation_start": 68.05,
        "elevation_end": 96.7,
        "slope_percent": 21.31,
        "cost_usd": 103674.43,
        "cost_per_m": 800.0,
        "cumulative_cost": 16602225.64,
        "pressure_drop_pa": 238282.52,
        "cumulative_pressure_pa": 18498480.11,
        "land_cover_class": 30,
        "land_cover_name": "Grassland",
        "crs": "EPSG:32633"
      }
    },
    {
      "type": "Feature",
      "geometry": {
        "type": "LineString",
        "coordinates": [
          [
            396893.84708338685,
            4783728.928277856
          ],
          [
            396893.84708338685,
            4783599.335234761
          ]
        ]
      },
      "properties": {
        "feature_type": "segment",
        "segment_id": 191,
        "step": 191,
        "length_m": 129.59,
        "elevation_start": 96.7,
        "elevation_end": 113.25,
        "slope_percent": 14.66,
        "cost_usd": 72572.1,
        "cost_per_m": 560.0,
        "cumulative_cost": 16674797.74,
        "pressure_drop_pa": 169842.36,
        "cumulative_pressure_pa": 18668322.46,
        "land_cover_class": 30,
        "land_cover_name": "Grassland",
        "crs": "EPSG:32633"
      }
    },
    {
      "type": "Feature",
      "geometry": {
        "type": "LineString",
        "coordinates": [
          [
            396893.84708338685,
            4783599.335234761
          ],
          [
            396893.84708338685,
            4783469.742191667
          ]
        ]
      },
      "properties": {
        "feature_type": "segment",
        "segment_id": 192,
        "step": 192,
        "length_m": 129.59,
        "elevation_start": 113.25,
        "elevation_end": 124.76,
        "slope_percent": 4.03,
        "cost_usd": 77755.83,
        "cost_per_m": 600.0,
        "cumulative_cost": 16752553.57,
        "pressure_drop_pa": 56598.32,
        "cumulative_pressure_pa": 18724920.79,
        "land_cover_class": 40,
        "land_cover_name": "Cropland",
        "crs": "EPSG:32633"
      }
    },
    {
      "type": "Feature",
      "geometry": {
        "type": "LineString",
        "coordinates": [
          [
            396893.84708338685,
            4783469.742191667
          ],
          [
            396893.84708338685,
            4783340.149148572
          ]
        ]
      },
      "properties": {
        "feature_type": "segment",
        "segment_id": 193,
        "step": 193,
        "length_m": 129.59,
        "elevation_start": 124.76,
        "elevation_end": 104.15,
        "slope_percent": 9.97,
        "cost_usd": 59612.8,
        "cost_per_m": 460.0,
        "cumulative_cost": 16812166.37,
        "pressure_drop_pa": 120248.03,
        "cumulative_pressure_pa": 18845168.82,
        "land_cover_class": 30,
        "land_cover_name": "Grassland",
        "crs": "EPSG:32633"
      }
    },
    {
      "type": "Feature",
      "geometry": {
        "type": "LineString",
        "coordinates": [
          [
            396893.84708338685,
            4783340.149148572
          ],
          [
            396893.84708338685,
            4783210.556105478
          ]
        ]
      },
      "properties": {
        "feature_type": "segment",
        "segment_id": 194,
        "step": 194,
        "length_m": 129.59,
        "elevation_start": 104.15,
        "elevation_end": 90.74,
        "slope_percent": 14.19,
        "cost_usd": 72572.1,
        "cost_per_m": 560.0,
        "cumulative_cost": 16884738.47,
        "pressure_drop_pa": 164958.88,
        "cumulative_pressure_pa": 19010127.69,
        "land_cover_class": 30,
        "land_cover_name": "Grassland",
        "crs": "EPSG:32633"
      }
    },
    {
      "type": "Feature",
      "geometry": {
        "type": "LineString",
        "coordinates": [
          [
            396893.84708338685,
            4783210.556105478
          ],
          [
            397023.45494042174,
            4783080.963062383
          ]
        ]
      },
      "properties": {
        "feature_type": "segment",
        "segment_id": 195,
        "step": 195,
        "length_m": 183.28,
        "elevation_start": 90.74,
        "elevation_end": 74.5,
        "slope_percent": 9.55,
        "cost_usd": 84310.05,
        "cost_per_m": 460.0,
        "cumulative_cost": 16969048.52,
        "pressure_drop_pa": 163827.56,
        "cumulative_pressure_pa": 19173955.25,
        "land_cover_class": 30,
        "land_cover_name": "Grassland",
        "crs": "EPSG:32633"
      }
    },
    {
      "type": "Feature",
      "geometry": {
        "type": "LineString",
        "coordinates": [
          [
            397023.45494042174,
            4783080.963062383
          ],
          [
            397023.45494042174,
            4782951.370019289
          ]
        ]
      },
      "properties": {
        "feature_type": "segment",
        "segment_id": 196,
        "step": 196,
        "length_m": 129.59,
        "elevation_start": 74.5,
        "elevation_end": 66.89,
        "slope_percent": 6.76,
        "cost_usd": 59612.8,
        "cost_per_m": 460.0,
        "cumulative_cost": 17028661.32,
        "pressure_drop_pa": 85948.55,
        "cumulative_pressure_pa": 19259903.8,
        "land_cover_class": 30,
        "land_cover_name": "Grassland",
        "crs": "EPSG:32633"
      }
    },
    {
      "type": "Feature",
      "geometry": {
        "type": "LineString",
        "coordinates": [
          [
            397023.45494042174,
            4782951.370019289
          ],
          [
            397153.0627974566,
            4782821.776976195
          ]
        ]
      },
      "properties": {
        "feature_type": "segment",
        "segment_id": 197,
        "step": 197,
        "length_m": 183.28,
        "elevation_start": 66.89,
        "elevation_end": 68.79,
        "slope_percent": 11.23,
        "cost_usd": 102638.32,
        "cost_per_m": 560.0,
        "cumulative_cost": 17131299.64,
        "pressure_drop_pa": 189009.61,
        "cumulative_pressure_pa": 19448913.42,
        "land_cover_class": 30,
        "land_cover_name": "Grassland",
        "crs": "EPSG:32633"
      }
    },
    {
      "type": "Feature",
      "geometry": {
        "type": "LineString",
        "coordinates": [
          [
            397153.0627974566,
            4782821.776976195
          ],
          [
            397153.0627974566,
            4782692.183933101
          ]
        ]
      },
      "properties": {
        "feature_type": "segment",
        "segment_id": 198,
        "step": 198,
        "length_m": 129.59,
        "elevation_start": 68.79,
        "elevation_end": 69.51,
        "slope_percent": 11.68,
        "cost_usd": 72572.1,
        "cost_per_m": 560.0,
        "cumulative_cost": 17203871.74,
        "pressure_drop_pa": 138497.78,
        "cumulative_pressure_pa": 19587411.2,
        "land_cover_class": 30,
        "land_cover_name": "Grassland",
        "crs": "EPSG:32633"
      }
    },
    {
      "type": "Feature",
      "geometry": {
        "type": "LineString",
        "coordinates": [
          [
            397153.0627974566,
            4782692.183933101
          ],
          [
            397153.0627974566,
            4782562.590890006
          ]
        ]
      },
      "properties": {
        "feature_type": "segment",
        "segment_id": 199,
        "step": 199,
        "length_m": 129.59,
        "elevation_start": 69.51,
        "elevation_end": 66.59,
        "slope_percent": 7.64,
        "cost_usd": 85531.41,
        "cost_per_m": 660.0,
        "cumulative_cost": 17289403.15,
        "pressure_drop_pa": 95379.1,
        "cumulative_pressure_pa": 19682790.29,
        "land_cover_class": 40,
        "land_cover_name": "Cropland",
        "crs": "EPSG:32633"
      }
    },
    {
      "type": "Feature",
      "geometry": {
        "type": "LineString",
        "coordinates": [
          [
            397153.0627974566,
            4782562.590890006
          ],
          [
            397153.0627974566,
            4782432.997846912
          ]
        ]
      },
      "properties": {
        "feature_type": "segment",
        "segment_id": 200,
        "step": 200,
        "length_m": 129.59,
        "elevation_start": 66.59,
        "elevation_end": 67.26,
        "slope_percent": 2.33,
        "cost_usd": 77755.83,
        "cost_per_m": 600.0,
        "cumulative_cost": 17367158.98,
        "pressure_drop_pa": 38310.48,
        "cumulative_pressure_pa": 19721100.78,
        "land_cover_class": 40,
        "land_cover_name": "Cropland",
        "crs": "EPSG:32633"
      }
    },
    {
      "type": "Feature",
      "geometry": {
        "type": "LineString",
        "coordinates": [
          [
            397153.0627974566,
            4782432.997846912
          ],
          [
            397153.0627974566,
            4782303.404803817
          ]
        ]
      },
      "properties": {
        "feature_type": "segment",
        "segment_id": 201,
        "step": 201,
        "length_m": 129.59,
        "elevation_start": 67.26,
        "elevation_end": 78.48,
        "slope_percent": 9.6,
        "cost_usd": 85531.41,
        "cost_per_m": 660.0,
        "cumulative_cost": 17452690.39,
        "pressure_drop_pa": 116366.7,
        "cumulative_pressure_pa": 19837467.47,
        "land_cover_class": 40,
        "land_cover_name": "Cropland",
        "crs": "EPSG:32633"
      }
    },
    {
      "type": "Feature",
      "geometry": {
        "type": "LineString",
        "coordinates": [
          [
            397153.0627974566,
            4782303.404803817
          ],
          [
            397153.0627974566,
            4782173.811760723
          ]
        ]
      },
      "properties": {
        "feature_type": "segment",
        "segment_id": 202,
        "step": 202,
        "length_m": 129.59,
        "elevation_start": 78.48,
        "elevation_end": 95.97,
        "slope_percent": 16.68,
        "cost_usd": 129593.04,
        "cost_per_m": 1000.0,
        "cumulative_cost": 17582283.43,
        "pressure_drop_pa": 190853.61,
        "cumulative_pressure_pa": 20028321.08,
        "land_cover_class": 40,
        "land_cover_name": "Cropland",
        "crs": "EPSG:32633"
      }
    },
    {
      "type": "Feature",
      "geometry": {
        "type": "LineString",
        "coordinates": [
          [
            397153.0627974566,
            4782173.811760723
          ],
          [
            397153.0627974566,
            4782044.218717628
          ]
        ]
      },
      "properties": {
        "feature_type": "segment",
        "segment_id": 203,
        "step": 203,
        "length_m": 129.59,
        "elevation_start": 95.97,
        "elevation_end": 119.31,
        "slope_percent": 12.52,
        "cost_usd": 98490.71,
        "cost_per_m": 760.0,
        "cumulative_cost": 17680774.14,
        "pressure_drop_pa": 147299.96,
        "cumulative_pressure_pa": 20175621.05,
        "land_cover_class": 40,
        "land_cover_name": "Cropland",
        "crs": "EPSG:32633"
      }
    },
    {
      "type": "Feature",
      "geometry": {
        "type": "LineString",
        "coordinates": [
          [
            397153.0627974566,
            4782044.218717628
          ],
          [
            397282.6706544914,
            4781914.625674534
          ]
        ]
      },
      "properties": {
        "feature_type": "segment",
        "segment_id": 204,
        "step": 204,
        "length_m": 183.28,
        "elevation_start": 119.31,
        "elevation_end": 119.98,
        "slope_percent": 9.03,
        "cost_usd": 120966.59,
        "cost_per_m": 660.0,
        "cumulative_cost": 17801740.73,
        "pressure_drop_pa": 155900.99,
        "cumulative_pressure_pa": 20331522.04,
        "land_cover_class": 40,
        "land_cover_name": "Cropland",
        "crs": "EPSG:32633"
      }
    },
    {
      "type": "Feature",
      "geometry": {
        "type": "LineString",
        "coordinates": [
          [
            397282.6706544914,
            4781914.625674534
          ],
          [
            397282.6706544914,
            4781785.032631439
          ]
        ]
      },
      "properties": {
        "feature_type": "segment",
        "segment_id": 205,
        "step": 205,
        "length_m": 129.59,
        "elevation_start": 119.98,
        "elevation_end": 129.15,
        "slope_percent": 11.21,
        "cost_usd": 98490.71,
        "cost_per_m": 760.0,
        "cumulative_cost": 17900231.45,
        "pressure_drop_pa": 133423.96,
        "cumulative_pressure_pa": 20464946.0,
        "land_cover_class": 40,
        "land_cover_name": "Cropland",
        "crs": "EPSG:32633"
      }
    },
    {
      "type": "Feature",
      "geometry": {
        "type": "LineString",
        "coordinates": [
          [
            397282.6706544914,
            4781785.032631439
          ],
          [
            397282.6706544914,
            4781655.439588346
          ]
        ]
      },
      "properties": {
        "feature_type": "segment",
        "segment_id": 206,
        "step": 206,
        "length_m": 129.59,
        "elevation_start": 129.15,
        "elevation_end": 150.44,
        "slope_percent": 4.44,
        "cost_usd": 51837.22,
        "cost_per_m": 400.0,
        "cumulative_cost": 17952068.66,
        "pressure_drop_pa": 61020.48,
        "cumulative_pressure_pa": 20525966.48,
        "land_cover_class": 30,
        "land_cover_name": "Grassland",
        "crs": "EPSG:32633"
      }
    },
    {
      "type": "Feature",
      "geometry": {
        "type": "LineString",
        "coordinates": [
          [
            397282.6706544914,
            4781655.439588346
          ],
          [
            397412.2785115263,
            4781525.846545251
          ]
        ]
      },
      "properties": {
        "feature_type": "segment",
        "segment_id": 207,
        "step": 207,
        "length_m": 183.28,
        "elevation_start": 150.44,
        "elevation_end": 120.53,
        "slope_percent": 20.65,
        "cost_usd": 146626.17,
        "cost_per_m": 800.0,
        "cumulative_cost": 18098694.84,
        "pressure_drop_pa": 327657.68,
        "cumulative_pressure_pa": 20853624.16,
        "land_cover_class": 30,
        "land_cover_name": "Grassland",
        "crs": "EPSG:32633"
      }
    },
    {
      "type": "Feature",
      "geometry": {
        "type": "LineString",
        "coordinates": [
          [
            397412.2785115263,
            4781525.846545251
          ],
          [
            397412.2785115263,
            4781396.253502157
          ]
        ]
      },
      "properties": {
        "feature_type": "segment",
        "segment_id": 208,
        "step": 208,
        "length_m": 129.59,
        "elevation_start": 120.53,
        "elevation_end": 97.82,
        "slope_percent": 20.39,
        "cost_usd": 103674.43,
        "cost_per_m": 800.0,
        "cumulative_cost": 18202369.27,
        "pressure_drop_pa": 229015.57,
        "cumulative_pressure_pa": 21082639.73,
        "land_cover_class": 30,
        "land_cover_name": "Grassland",
        "crs": "EPSG:32633"
      }
    },
    {
      "type": "Feature",
      "geometry": {
        "type": "LineString",
        "coordinates": [
          [
            397412.2785115263,
            4781396.253502157
          ],
          [
            397412.2785115263,
            4781266.660459062
          ]
        ]
      },
      "properties": {
        "feature_type": "segment",
        "segment_id": 209,
        "step": 209,
        "length_m": 129.59,
        "elevation_start": 97.82,
        "elevation_end": 75.06,
        "slope_percent": 6.37,
        "cost_usd": 59612.8,
        "cost_per_m": 460.0,
        "cumulative_cost": 18261982.07,
        "pressure_drop_pa": 81781.95,
        "cumulative_pressure_pa": 21164421.68,
        "land_cover_class": 30,
        "land_cover_name": "Grassland",
        "crs": "EPSG:32633"
      }
    },
    {
      "type": "Feature",
      "geometry": {
        "type": "LineString",
        "coordinates": [
          [
            397412.2785115263,
            4781266.660459062
          ],
          [
            397541.8863685611,
            4781137.067415968
          ]
        ]
      },
      "properties": {
        "feature_type": "segment",
        "segment_id": 210,
        "step": 210,
        "length_m": 183.28,
        "elevation_start": 75.06,
        "elevation_end": 95.0,
        "slope_percent": 15.83,
        "cost_usd": 153957.48,
        "cost_per_m": 840.0,
        "cumulative_cost": 18415939.55,
        "pressure_drop_pa": 257502.48,
        "cumulative_pressure_pa": 21421924.16,
        "land_cover_class": 20,
        "land_cover_name": "Shrubland",
        "crs": "EPSG:32633"
      }
    },
    {
      "type": "Feature",
      "geometry": {
        "type": "LineString",
        "coordinates": [
          [
            397541.8863685611,
            4781137.067415968
          ],
          [
            397541.8863685611,
            4781007.474372873
          ]
        ]
      },
      "properties": {
        "feature_type": "segment",
        "segment_id": 211,
        "step": 211,
        "length_m": 129.59,
        "elevation_start": 95.0,
        "elevation_end": 101.49,
        "slope_percent": 18.45,
        "cost_usd": 129593.04,
        "cost_per_m": 1000.0,
        "cumulative_cost": 18545532.59,
        "pressure_drop_pa": 209118.29,
        "cumulative_pressure_pa": 21631042.45,
        "land_cover_class": 40,
        "land_cover_name": "Cropland",
        "crs": "EPSG:32633"
      }
    },
    {
      "type": "Feature",
      "geometry": {
        "type": "LineString",
        "coordinates": [
          [
            397541.8863685611,
            4781007.474372873
          ],
          [
            397541.8863685611,
            4780877.881329779
          ]
        ]
      },
      "properties": {
        "feature_type": "segment",
        "segment_id": 212,
        "step": 212,
        "length_m": 129.59,
        "elevation_start": 101.49,
        "elevation_end": 139.13,
        "slope_percent": 23.57,
        "cost_usd": 129593.04,
        "cost_per_m": 1000.0,
        "cumulative_cost": 18675125.64,
        "pressure_drop_pa": 260976.98,
        "cumulative_pressure_pa": 21892019.43,
        "land_cover_class": 40,
        "land_cover_name": "Cropland",
        "crs": "EPSG:32633"
      }
    },
    {
      "type": "Feature",
      "geometry": {
        "type": "LineString",
        "coordinates": [
          [
            397541.8863685611,
            4780877.881329779
          ],
          [
            397541.8863685611,
            4780748.288286684
          ]
        ]
      },
      "properties": {
        "feature_type": "segment",
        "segment_id": 213,
        "step": 213,
        "length_m": 129.59,
        "elevation_start": 139.13,
        "elevation_end": 167.58,
        "slope_percent": 12.54,
        "cost_usd": 72572.1,
        "cost_per_m": 560.0,
        "cumulative_cost": 18747697.74,
        "pressure_drop_pa": 147509.48,
        "cumulative_pressure_pa": 22039528.91,
        "land_cover_class": 30,
        "land_cover_name": "Grassland",
        "crs": "EPSG:32633"
      }
    },
    {
      "type": "Feature",
      "geometry": {
        "type": "LineString",
        "coordinates": [
          [
            397541.8863685611,
            4780748.288286684
          ],
          [
            397541.8863685611,
            4780618.69524359
          ]
        ]
      },
      "properties": {
        "feature_type": "segment",
        "segment_id": 214,
        "step": 214,
        "length_m": 129.59,
        "elevation_start": 167.58,
        "elevation_end": 169.66,
        "slope_percent": 12.58,
        "cost_usd": 67388.38,
        "cost_per_m": 520.0,
        "cumulative_cost": 18815086.12,
        "pressure_drop_pa": 148001.09,
        "cumulative_pressure_pa": 22187530.01,
        "land_cover_class": 50,
        "land_cover_name": "Built-up",
        "crs": "EPSG:32633"
      }
    },
    {
      "type": "Feature",
      "geometry": {
        "type": "LineString",
        "coordinates": [
          [
            397541.8863685611,
            4780618.69524359
          ],
          [
            397671.49422559596,
            4780489.102200495
          ]
        ]
      },
      "properties": {
        "feature_type": "segment",
        "segment_id": 215,
        "step": 215,
        "length_m": 183.28,
        "elevation_start": 169.66,
        "elevation_end": 135.21,
        "slope_percent": 9.72,
        "cost_usd": 91641.36,
        "cost_per_m": 500.0,
        "cumulative_cost": 18906727.48,
        "pressure_drop_pa": 166314.26,
        "cumulative_pressure_pa": 22353844.26,
        "land_cover_class": 20,
        "land_cover_name": "Shrubland",
        "crs": "EPSG:32633"
      }
    },
    {
      "type": "Feature",
      "geometry": {
        "type": "LineString",
        "coordinates": [
          [
            397671.49422559596,
            4780489.102200495
          ],
          [
            397801.10208263085,
            4780359.5091574015
          ]
        ]
      },
      "properties": {
        "feature_type": "segment",
        "segment_id": 216,
        "step": 216,
        "length_m": 183.28,
        "elevation_start": 135.21,
        "elevation_end": 138.29,
        "slope_percent": 9.12,
        "cost_usd": 84310.05,
        "cost_per_m": 460.0,
        "cumulative_cost": 18991037.53,
        "pressure_drop_pa": 157270.4,
        "cumulative_pressure_pa": 22511114.66,
        "land_cover_class": 30,
        "land_cover_name": "Grassland",
        "crs": "EPSG:32633"
      }
    },
    {
      "type": "Feature",
      "geometry": {
        "type": "LineString",
        "coordinates": [
          [
            397801.10208263085,
            4780359.5091574015
          ],
          [
            397930.7099396657,
            4780229.916114307
          ]
        ]
      },
      "properties": {
        "feature_type": "segment",
        "segment_id": 217,
        "step": 217,
        "length_m": 183.28,
        "elevation_start": 138.29,
        "elevation_end": 141.5,
        "slope_percent": 9.49,
        "cost_usd": 120966.59,
        "cost_per_m": 660.0,
        "cumulative_cost": 19112004.12,
        "pressure_drop_pa": 162977.42,
        "cumulative_pressure_pa": 22674092.08,
        "land_cover_class": 40,
        "land_cover_name": "Cropland",
        "crs": "EPSG:32633"
      }
    },
    {
      "type": "Feature",
      "geometry": {
        "type": "LineString",
        "coordinates": [
          [
            397930.7099396657,
            4780229.916114307
          ],
          [
            397930.7099396657,
            4780100.3230712125
          ]
        ]
      },
      "properties": {
        "feature_type": "segment",
        "segment_id": 218,
        "step": 218,
        "length_m": 129.59,
        "elevation_start": 141.5,
        "elevation_end": 116.73,
        "slope_percent": 18.22,
        "cost_usd": 129593.04,
        "cost_per_m": 1000.0,
        "cumulative_cost": 19241597.16,
        "pressure_drop_pa": 206837.51,
        "cumulative_pressure_pa": 22880929.6,
        "land_cover_class": 40,
        "land_cover_name": "Cropland",
        "crs": "EPSG:32633"
      }
    },
    {
      "type": "Feature",
      "geometry": {
        "type": "LineString",
        "coordinates": [
          [
            397930.7099396657,
            4780100.3230712125
          ],
          [
            397930.7099396657,
            4779970.730028118
          ]
        ]
      },
      "properties": {
        "feature_type": "segment",
        "segment_id": 219,
        "step": 219,
        "length_m": 129.59,
        "elevation_start": 116.73,
        "elevation_end": 98.93,
        "slope_percent": 17.25,
        "cost_usd": 129593.04,
        "cost_per_m": 1000.0,
        "cumulative_cost": 19371190.21,
        "pressure_drop_pa": 196782.71,
        "cumulative_pressure_pa": 23077712.31,
        "land_cover_class": 40,
        "land_cover_name": "Cropland",
        "crs": "EPSG:32633"
      }
    },
    {
      "type": "Feature",
      "geometry": {
        "type": "LineString",
        "coordinates": [
          [
            397930.7099396657,
            4779970.730028118
          ],
          [
            397930.7099396657,
            4779841.1369850235
          ]
        ]
      },
      "properties": {
        "feature_type": "segment",
        "segment_id": 220,
        "step": 220,
        "length_m": 129.59,
        "elevation_start": 98.93,
        "elevation_end": 81.87,
        "slope_percent": 13.67,
        "cost_usd": 98490.71,
        "cost_per_m": 760.0,
        "cumulative_cost": 19469680.92,
        "pressure_drop_pa": 159473.72,
        "cumulative_pressure_pa": 23237186.03,
        "land_cover_class": 40,
        "land_cover_name": "Cropland",
        "crs": "EPSG:32633"
      }
    },
    {
      "type": "Feature",
      "geometry": {
        "type": "LineString",
        "coordinates": [
          [
            397930.7099396657,
            4779841.1369850235
          ],
          [
            397930.7099396657,
            4779711.543941929
          ]
        ]
      },
      "properties": {
        "feature_type": "segment",
        "segment_id": 221,
        "step": 221,
        "length_m": 129.59,
        "elevation_start": 81.87,
        "elevation_end": 67.09,
        "slope_percent": 2.56,
        "cost_usd": 51837.22,
        "cost_per_m": 400.0,
        "cumulative_cost": 19521518.14,
        "pressure_drop_pa": 40727.67,
        "cumulative_pressure_pa": 23277913.7,
        "land_cover_class": 30,
        "land_cover_name": "Grassland",
        "crs": "EPSG:32633"
      }
    },
    {
      "type": "Feature",
      "geometry": {
        "type": "LineString",
        "coordinates": [
          [
            397930.7099396657,
            4779711.543941929
          ],
          [
            397930.7099396657,
            4779581.9508988345
          ]
        ]
      },
      "properties": {
        "feature_type": "segment",
        "segment_id": 222,
        "step": 222,
        "length_m": 129.59,
        "elevation_start": 67.09,
        "elevation_end": 78.06,
        "slope_percent": 19.32,
        "cost_usd": 129593.04,
        "cost_per_m": 1000.0,
        "cumulative_cost": 19651111.18,
        "pressure_drop_pa": 218032.85,
        "cumulative_pressure_pa": 23495946.54,
        "land_cover_class": 40,
        "land_cover_name": "Cropland",
        "crs": "EPSG:32633"
      }
    },
    {
      "type": "Feature",
      "geometry": {
        "type": "LineString",
        "coordinates": [
          [
            397930.7099396657,
            4779581.9508988345
          ],
          [
            397930.7099396657,
            4779452.35785574
          ]
        ]
      },
      "properties": {
        "feature_type": "segment",
        "segment_id": 223,
        "step": 223,
        "length_m": 129.59,
        "elevation_start": 78.06,
        "elevation_end": 118.87,
        "slope_percent": 19.81,
        "cost_usd": 108858.16,
        "cost_per_m": 840.0,
        "cumulative_cost": 19759969.34,
        "pressure_drop_pa": 223103.76,
        "cumulative_pressure_pa": 23719050.3,
        "land_cover_class": 20,
        "land_cover_name": "Shrubland",
        "crs": "EPSG:32633"
      }
    },
    {
      "type": "Feature",
      "geometry": {
        "type": "LineString",
        "coordinates": [
          [
            397930.7099396657,
            4779452.35785574
          ],
          [
            397930.7099396657,
            4779322.7648126455
          ]
        ]
      },
      "properties": {
        "feature_type": "segment",
        "segment_id": 224,
        "step": 224,
        "length_m": 129.59,
        "elevation_start": 118.87,
        "elevation_end": 130.66,
        "slope_percent": 5.18,
        "cost_usd": 85531.41,
        "cost_per_m": 660.0,
        "cumulative_cost": 19845500.74,
        "pressure_drop_pa": 68952.2,
        "cumulative_pressure_pa": 23788002.5,
        "land_cover_class": 40,
        "land_cover_name": "Cropland",
        "crs": "EPSG:32633"
      }
    },
    {
      "type": "Feature",
      "geometry": {
        "type": "LineString",
        "coordinates": [
          [
            397930.7099396657,
            4779322.7648126455
          ],
          [
            397930.7099396657,
            4779193.171769551
          ]
        ]
      },
      "properties": {
        "feature_type": "segment",
        "segment_id": 225,
        "step": 225,
        "length_m": 129.59,
        "elevation_start": 130.66,
        "elevation_end": 102.65,
        "slope_percent": 16.13,
        "cost_usd": 129593.04,
        "cost_per_m": 1000.0,
        "cumulative_cost": 19975093.79,
        "pressure_drop_pa": 185187.95,
        "cumulative_pressure_pa": 23973190.45,
        "land_cover_class": 40,
        "land_cover_name": "Cropland",
        "crs": "EPSG:32633"
      }
    },
    {
      "type": "Feature",
      "geometry": {
        "type": "LineString",
        "coordinates": [
          [
            397930.7099396657,
            4779193.171769551
          ],
          [
            397930.7099396657,
            4779063.578726457
          ]
        ]
      },
      "properties": {
        "feature_type": "segment",
        "segment_id": 226,
        "step": 226,
        "length_m": 129.59,
        "elevation_start": 102.65,
        "elevation_end": 85.72,
        "slope_percent": 8.2,
        "cost_usd": 85531.41,
        "cost_per_m": 660.0,
        "cumulative_cost": 20060625.2,
        "pressure_drop_pa": 101370.71,
        "cumulative_pressure_pa": 24074561.15,
        "land_cover_class": 40,
        "land_cover_name": "Cropland",
        "crs": "EPSG:32633"
      }
    },
    {
      "type": "Feature",
      "geometry": {
        "type": "LineString",
        "coordinates": [
          [
            397930.7099396657,
            4779063.578726457
          ],
          [
            397930.7099396657,
            4778933.985683363
          ]
        ]
      },
      "properties": {
        "feature_type": "segment",
        "segment_id": 227,
        "step": 227,
        "length_m": 129.59,
        "elevation_start": 85.72,
        "elevation_end": 91.43,
        "slope_percent": 11.99,
        "cost_usd": 72572.1,
        "cost_per_m": 560.0,
        "cumulative_cost": 20133197.3,
        "pressure_drop_pa": 141779.56,
        "cumulative_pressure_pa": 24216340.72,
        "land_cover_class": 30,
        "land_cover_name": "Grassland",
        "crs": "EPSG:32633"
      }
    },
    {
      "type": "Feature",
      "geometry": {
        "type": "LineString",
        "coordinates": [
          [
            397930.7099396657,
            4778933.985683363
          ],
          [
            398060.3177967006,
            4778804.392640268
          ]
        ]
      },
      "properties": {
        "feature_type": "segment",
        "segment_id": 228,
        "step": 228,
        "length_m": 183.28,
        "elevation_start": 91.43,
        "elevation_end": 93.81,
        "slope_percent": 14.52,
        "cost_usd": 102638.32,
        "cost_per_m": 560.0,
        "cumulative_cost": 20235835.62,
        "pressure_drop_pa": 238090.98,
        "cumulative_pressure_pa": 24454431.7,
        "land_cover_class": 30,
        "land_cover_name": "Grassland",
        "crs": "EPSG:32633"
      }
    },
    {
      "type": "Feature",
      "geometry": {
        "type": "LineString",
        "coordinates": [
          [
            398060.3177967006,
            4778804.392640268
          ],
          [
            398060.3177967006,
            4778674.799597174
          ]
        ]
      },
      "properties": {
        "feature_type": "segment",
        "segment_id": 229,
        "step": 229,
        "length_m": 129.59,
        "elevation_start": 93.81,
        "elevation_end": 108.72,
        "slope_percent": 12.28,
        "cost_usd": 72572.1,
        "cost_per_m": 560.0,
        "cumulative_cost": 20308407.72,
        "pressure_drop_pa": 144839.47,
        "cumulative_pressure_pa": 24599271.17,
        "land_cover_class": 30,
        "land_cover_name": "Grassland",
        "crs": "EPSG:32633"
      }
    },
    {
      "type": "Feature",
      "geometry": {
        "type": "LineString",
        "coordinates": [
          [
            398060.3177967006,
            4778674.799597174
          ],
          [
            398060.3177967006,
            4778545.206554079
          ]
        ]
      },
      "properties": {
        "feature_type": "segment",
        "segment_id": 230,
        "step": 230,
        "length_m": 129.59,
        "elevation_start": 108.72,
        "elevation_end": 125.57,
        "slope_percent": 1.35,
        "cost_usd": 51837.22,
        "cost_per_m": 400.0,
        "cumulative_cost": 20360244.94,
        "pressure_drop_pa": 27647.3,
        "cumulative_pressure_pa": 24626918.47,
        "land_cover_class": 30,
        "land_cover_name": "Grassland",
        "crs": "EPSG:32633"
      }
    },
    {
      "type": "Feature",
      "geometry": {
        "type": "LineString",
        "coordinates": [
          [
            398060.3177967006,
            4778545.206554079
          ],
          [
            398060.3177967006,
            4778415.613510985
          ]
        ]
      },
      "properties": {
        "feature_type": "segment",
        "segment_id": 231,
        "step": 231,
        "length_m": 129.59,
        "elevation_start": 125.57,
        "elevation_end": 112.92,
        "slope_percent": 11.65,
        "cost_usd": 77755.83,
        "cost_per_m": 600.0,
        "cumulative_cost": 20438000.77,
        "pressure_drop_pa": 138148.54,
        "cumulative_pressure_pa": 24765067.01,
        "land_cover_class": 20,
        "land_cover_name": "Shrubland",
        "crs": "EPSG:32633"
      }
    },
    {
      "type": "Feature",
      "geometry": {
        "type": "LineString",
        "coordinates": [
          [
            398060.3177967006,
            4778415.613510985
          ],
          [
            398060.3177967006,
            4778286.02046789
          ]
        ]
      },
      "properties": {
        "feature_type": "segment",
        "segment_id": 232,
        "step": 232,
        "length_m": 129.59,
        "elevation_start": 112.92,
        "elevation_end": 91.57,
        "slope_percent": 17.36,
        "cost_usd": 103674.43,
        "cost_per_m": 800.0,
        "cumulative_cost": 20541675.2,
        "pressure_drop_pa": 197943.33,
        "cumulative_pressure_pa": 24963010.34,
        "land_cover_class": 30,
        "land_cover_name": "Grassland",
        "crs": "EPSG:32633"
      }
    },
    {
      "type": "Feature",
      "geometry": {
        "type": "LineString",
        "coordinates": [
          [
            398060.3177967006,
            4778286.02046789
          ],
          [
            398189.9256537354,
            4778156.427424796
          ]
        ]
      },
      "properties": {
        "feature_type": "segment",
        "segment_id": 233,
        "step": 233,
        "length_m": 183.28,
        "elevation_start": 91.57,
        "elevation_end": 68.15,
        "slope_percent": 16.36,
        "cost_usd": 183282.71,
        "cost_per_m": 1000.0,
        "cumulative_cost": 20724957.92,
        "pressure_drop_pa": 265231.25,
        "cumulative_pressure_pa": 25228241.59,
        "land_cover_class": 40,
        "land_cover_name": "Cropland",
        "crs": "EPSG:32633"
      }
    },
    {
      "type": "Feature",
      "geometry": {
        "type": "LineString",
        "coordinates": [
          [
            398189.9256537354,
            4778156.427424796
          ],
          [
            398319.53351077024,
            4778026.834381701
          ]
        ]
      },
      "properties": {
        "feature_type": "segment",
        "segment_id": 234,
        "step": 234,
        "length_m": 183.28,
        "elevation_start": 68.15,
        "elevation_end": 52.6,
        "slope_percent": 10.45,
        "cost_usd": 139294.86,
        "cost_per_m": 760.0,
        "cumulative_cost": 20864252.78,
        "pressure_drop_pa": 177434.35,
        "cumulative_pressure_pa": 25405675.94,
        "land_cover_class": 40,
        "land_cover_name": "Cropland",
        "crs": "EPSG:32633"
      }
    },
    {
      "type": "Feature",
      "geometry": {
        "type": "LineString",
        "coordinates": [
          [
            398319.53351077024,
            4778026.834381701
          ],
          [
            398449.14136780513,
            4777897.241338607
          ]
        ]
      },
      "properties": {
        "feature_type": "segment",
        "segment_id": 235,
        "step": 235,
        "length_m": 183.28,
        "elevation_start": 52.6,
        "elevation_end": 55.5,
        "slope_percent": 12.84,
        "cost_usd": 102638.32,
        "cost_per_m": 560.0,
        "cumulative_cost": 20966891.1,
        "pressure_drop_pa": 213107.76,
        "cumulative_pressure_pa": 25618783.69,
        "land_cover_class": 30,
        "land_cover_name": "Grassland",
        "crs": "EPSG:32633"
      }
    },
    {
      "type": "Feature",
      "geometry": {
        "type": "LineString",
        "coordinates": [
          [
            398449.14136780513,
            4777897.241338607
          ],
          [
            398449.14136780513,
            4777767.648295513
          ]
        ]
      },
      "properties": {
        "feature_type": "segment",
        "segment_id": 236,
        "step": 236,
        "length_m": 129.59,
        "elevation_start": 55.5,
        "elevation_end": 40.5,
        "slope_percent": 8.71,
        "cost_usd": 59612.8,
        "cost_per_m": 460.0,
        "cumulative_cost": 21026503.9,
        "pressure_drop_pa": 106846.11,
        "cumulative_pressure_pa": 25725629.8,
        "land_cover_class": 30,
        "land_cover_name": "Grassland",
        "crs": "EPSG:32633"
      }
    },
    {
      "type": "Feature",
      "geometry": {
        "type": "LineString",
        "coordinates": [
          [
            398449.14136780513,
            4777767.648295513
          ],
          [
            398449.14136780513,
            4777638.055252419
          ]
        ]
      },
      "properties": {
        "feature_type": "segment",
        "segment_id": 237,
        "step": 237,
        "length_m": 129.59,
        "elevation_start": 40.5,
        "elevation_end": 33.89,
        "slope_percent": 5.54,
        "cost_usd": 59612.8,
        "cost_per_m": 460.0,
        "cumulative_cost": 21086116.7,
        "pressure_drop_pa": 72920.94,
        "cumulative_pressure_pa": 25798550.74,
        "land_cover_class": 30,
        "land_cover_name": "Grassland",
        "crs": "EPSG:32633"
      }
    },
    {
      "type": "Feature",
      "geometry": {
        "type": "LineString",
        "coordinates": [
          [
            398449.14136780513,
            4777638.055252419
          ],
          [
            398578.74922483996,
            4777508.462209324
          ]
        ]
      },
      "properties": {
        "feature_type": "segment",
        "segment_id": 238,
        "step": 238,
        "length_m": 183.28,
        "elevation_start": 33.89,
        "elevation_end": 28.92,
        "slope_percent": 3.64,
        "cost_usd": 73313.09,
        "cost_per_m": 400.0,
        "cumulative_cost": 21159429.78,
        "pressure_drop_pa": 74065.96,
        "cumulative_pressure_pa": 25872616.7,
        "land_cover_class": 30,
        "land_cover_name": "Grassland",
        "crs": "EPSG:32633"
      }
    },
    {
      "type": "Feature",
      "geometry": {
        "type": "LineString",
        "coordinates": [
          [
            398578.74922483996,
            4777508.462209324
          ],
          [
            398578.74922483996,
            4777378.86916623
          ]
        ]
      },
      "properties": {
        "feature_type": "segment",
        "segment_id": 239,
        "step": 239,
        "length_m": 129.59,
        "elevation_start": 28.92,
        "elevation_end": 25.76,
        "slope_percent": 3.21,
        "cost_usd": 77755.83,
        "cost_per_m": 600.0,
        "cumulative_cost": 21237185.61,
        "pressure_drop_pa": 47789.6,
        "cumulative_pressure_pa": 25920406.3,
        "land_cover_class": 40,
        "land_cover_name": "Cropland",
        "crs": "EPSG:32633"
      }
    },
    {
      "type": "Feature",
      "geometry": {
        "type": "LineString",
        "coordinates": [
          [
            398578.74922483996,
            4777378.86916623
          ],
          [
            398578.74922483996,
            4777249.276123135
          ]
        ]
      },
      "properties": {
        "feature_type": "segment",
        "segment_id": 240,
        "step": 240,
        "length_m": 129.59,
        "elevation_start": 25.76,
        "elevation_end": 20.27,
        "slope_percent": 1.63,
        "cost_usd": 51837.22,
        "cost_per_m": 400.0,
        "cumulative_cost": 21289022.83,
        "pressure_drop_pa": 30745.15,
        "cumulative_pressure_pa": 25951151.45,
        "land_cover_class": 30,
        "land_cover_name": "Grassland",
        "crs": "EPSG:32633"
      }
    },
    {
      "type": "Feature",
      "geometry": {
        "type": "LineString",
        "coordinates": [
          [
            398578.74922483996,
            4777249.276123135
          ],
          [
            398708.35708187486,
            4777119.683080041
          ]
        ]
      },
      "properties": {
        "feature_type": "segment",
        "segment_id": 241,
        "step": 241,
        "length_m": 183.28,
        "elevation_start": 20.27,
        "elevation_end": 20.74,
        "slope_percent": 2.42,
        "cost_usd": 73313.09,
        "cost_per_m": 400.0,
        "cumulative_cost": 21362335.91,
        "pressure_drop_pa": 55460.49,
        "cumulative_pressure_pa": 26006611.94,
        "land_cover_class": 30,
        "land_cover_name": "Grassland",
        "crs": "EPSG:32633"
      }
    },
    {
      "type": "Feature",
      "geometry": {
        "type": "LineString",
        "coordinates": [
          [
            398708.35708187486,
            4777119.683080041
          ],
          [
            398837.9649389097,
            4776990.090036946
          ]
        ]
      },
      "properties": {
        "feature_type": "segment",
        "segment_id": 242,
        "step": 242,
        "length_m": 183.28,
        "elevation_start": 20.74,
        "elevation_end": 29.66,
        "slope_percent": 11.41,
        "cost_usd": 102638.32,
        "cost_per_m": 560.0,
        "cumulative_cost": 21464974.23,
        "pressure_drop_pa": 191802.76,
        "cumulative_pressure_pa": 26198414.71,
        "land_cover_class": 30,
        "land_cover_name": "Grassland",
        "crs": "EPSG:32633"
      }
    },
    {
      "type": "Feature",
      "geometry": {
        "type": "LineString",
        "coordinates": [
          [
            398837.9649389097,
            4776990.090036946
          ],
          [
            398967.5727959445,
            4776860.496993852
          ]
        ]
      },
      "properties": {
        "feature_type": "segment",
        "segment_id": 243,
        "step": 243,
        "length_m": 183.28,
        "elevation_start": 29.66,
        "elevation_end": 54.6,
        "slope_percent": 14.42,
        "cost_usd": 102638.32,
        "cost_per_m": 560.0,
        "cumulative_cost": 21567612.55,
        "pressure_drop_pa": 236571.98,
        "cumulative_pressure_pa": 26434986.69,
        "land_cover_class": 30,
        "land_cover_name": "Grassland",
        "crs": "EPSG:32633"
      }
    },
    {
      "type": "Feature",
      "geometry": {
        "type": "LineString",
        "coordinates": [
          [
            398967.5727959445,
            4776860.496993852
          ],
          [
            399097.1806529794,
            4776860.496993852
          ]
        ]
      },
      "properties": {
        "feature_type": "segment",
        "segment_id": 244,
        "step": 244,
        "length_m": 129.61,
        "elevation_start": 54.6,
        "elevation_end": 64.29,
        "slope_percent": 14.34,
        "cost_usd": 85541.19,
        "cost_per_m": 660.0,
        "cumulative_cost": 21653153.74,
        "pressure_drop_pa": 166451.67,
        "cumulative_pressure_pa": 26601438.36,
        "land_cover_class": 10,
        "land_cover_name": "Tree cover",
        "crs": "EPSG:32633"
      }
    },
    {
      "type": "Feature",
      "geometry": {
        "type": "LineString",
        "coordinates": [
          [
            399097.1806529794,
            4776860.496993852
          ],
          [
            399226.78851001424,
            4776730.903950757
          ]
        ]
      },
      "properties": {
        "feature_type": "segment",
        "segment_id": 245,
        "step": 245,
        "length_m": 183.28,
        "elevation_start": 64.29,
        "elevation_end": 90.61,
        "slope_percent": 16.81,
        "cost_usd": 146626.17,
        "cost_per_m": 800.0,
        "cumulative_cost": 21799779.91,
        "pressure_drop_pa": 271905.59,
        "cumulative_pressure_pa": 26873343.96,
        "land_cover_class": 30,
        "land_cover_name": "Grassland",
        "crs": "EPSG:32633"
      }
    },
    {
      "type": "Feature",
      "geometry": {
        "type": "LineString",
        "coordinates": [
          [
            399226.78851001424,
            4776730.903950757
          ],
          [
            399356.3963670491,
            4776601.310907664
          ]
        ]
      },
      "properties": {
        "feature_type": "segment",
        "segment_id": 246,
        "step": 246,
        "length_m": 183.28,
        "elevation_start": 90.61,
        "elevation_end": 131.76,
        "slope_percent": 7.28,
        "cost_usd": 120966.59,
        "cost_per_m": 660.0,
        "cumulative_cost": 21920746.5,
        "pressure_drop_pa": 129534.0,
        "cumulative_pressure_pa": 27002877.96,
        "land_cover_class": 40,
        "land_cover_name": "Cropland",
        "crs": "EPSG:32633"
      }
    },
    {
      "type": "Feature",
      "geometry": {
        "type": "LineString",
        "coordinates": [
          [
            399356.3963670491,
            4776601.310907664
          ],
          [
            399356.3963670491,
            4776471.717864569
          ]
        ]
      },
      "properties": {
        "feature_type": "segment",
        "segment_id": 247,
        "step": 247,
        "length_m": 129.59,
        "elevation_start": 131.76,
        "elevation_end": 134.88,
        "slope_percent": 9.34,
        "cost_usd": 59612.8,
        "cost_per_m": 460.0,
        "cumulative_cost": 21980359.3,
        "pressure_drop_pa": 113583.58,
        "cumulative_pressure_pa": 27116461.55,
        "land_cover_class": 30,
        "land_cover_name": "Grassland",
        "crs": "EPSG:32633"
      }
    },
    {
      "type": "Feature",
      "geometry": {
        "type": "LineString",
        "coordinates": [
          [
            399356.3963670491,
            4776471.717864569
          ],
          [
            399486.00422408397,
            4776342.124821475
          ]
        ]
      },
      "properties": {
        "feature_type": "segment",
        "segment_id": 248,
        "step": 248,
        "length_m": 183.28,
        "elevation_start": 134.88,
        "elevation_end": 93.32,
        "slope_percent": 23.09,
        "cost_usd": 146626.17,
        "cost_per_m": 800.0,
        "cumulative_cost": 22126985.47,
        "pressure_drop_pa": 362422.26,
        "cumulative_pressure_pa": 27478883.81,
        "land_cover_class": 30,
        "land_cover_name": "Grassland",
        "crs": "EPSG:32633"
      }
    },
    {
      "type": "Feature",
      "geometry": {
        "type": "LineString",
        "coordinates": [
          [
            399486.00422408397,
            4776342.124821475
          ],
          [
            399615.6120811188,
            4776212.53177838
          ]
        ]
      },
      "properties": {
        "feature_type": "segment",
        "segment_id": 249,
        "step": 249,
        "length_m": 183.28,
        "elevation_start": 93.32,
        "elevation_end": 54.82,
        "slope_percent": 6.65,
        "cost_usd": 84310.05,
        "cost_per_m": 460.0,
        "cumulative_cost": 22211295.52,
        "pressure_drop_pa": 119982.11,
        "cumulative_pressure_pa": 27598865.92,
        "land_cover_class": 30,
        "land_cover_name": "Grassland",
        "crs": "EPSG:32633"
      }
    },
    {
      "type": "Feature",
      "geometry": {
        "type": "LineString",
        "coordinates": [
          [
            399615.6120811188,
            4776212.53177838
          ],
          [
            399615.6120811188,
            4776082.938735286
          ]
        ]
      },
      "properties": {
        "feature_type": "segment",
        "segment_id": 250,
        "step": 250,
        "length_m": 129.59,
        "elevation_start": 54.82,
        "elevation_end": 63.18,
        "slope_percent": 8.88,
        "cost_usd": 72572.1,
        "cost_per_m": 560.0,
        "cumulative_cost": 22283867.63,
        "pressure_drop_pa": 108712.94,
        "cumulative_pressure_pa": 27707578.86,
        "land_cover_class": 10,
        "land_cover_name": "Tree cover",
        "crs": "EPSG:32633"
      }
    },
    {
      "type": "Feature",
      "geometry": {
        "type": "LineString",
        "coordinates": [
          [
            399615.6120811188,
            4776082.938735286
          ],
          [
            399745.2199381537,
            4775953.345692191
          ]
        ]
      },
      "properties": {
        "feature_type": "segment",
        "segment_id": 251,
        "step": 251,
        "length_m": 183.28,
        "elevation_start": 63.18,
        "elevation_end": 100.34,
        "slope_percent": 20.61,
        "cost_usd": 153957.48,
        "cost_per_m": 840.0,
        "cumulative_cost": 22437825.11,
        "pressure_drop_pa": 327010.32,
        "cumulative_pressure_pa": 28034589.18,
        "land_cover_class": 20,
        "land_cover_name": "Shrubland",
        "crs": "EPSG:32633"
      }
    },
    {
      "type": "Feature",
      "geometry": {
        "type": "LineString",
        "coordinates": [
          [
            399745.2199381537,
            4775953.345692191
          ],
          [
            399874.8277951885,
            4775823.752649097
          ]
        ]
      },
      "properties": {
        "feature_type": "segment",
        "segment_id": 252,
        "step": 252,
        "length_m": 183.28,
        "elevation_start": 100.34,
        "elevation_end": 137.05,
        "slope_percent": 17.17,
        "cost_usd": 146626.17,
        "cost_per_m": 800.0,
        "cumulative_cost": 22584451.28,
        "pressure_drop_pa": 277175.73,
        "cumulative_pressure_pa": 28311764.91,
        "land_cover_class": 30,
        "land_cover_name": "Grassland",
        "crs": "EPSG:32633"
      }
    },
    {
      "type": "Feature",
      "geometry": {
        "type": "LineString",
        "coordinates": [
          [
            399874.8277951885,
            4775823.752649097
          ],
          [
            400004.43565222336,
            4775694.159606002
          ]
        ]
      },
      "properties": {
        "feature_type": "segment",
        "segment_id": 253,
        "step": 253,
        "length_m": 183.28,
        "elevation_start": 137.05,
        "elevation_end": 156.51,
        "slope_percent": 19.92,
        "cost_usd": 146626.17,
        "cost_per_m": 800.0,
        "cumulative_cost": 22731077.45,
        "pressure_drop_pa": 317101.67,
        "cumulative_pressure_pa": 28628866.58,
        "land_cover_class": 30,
        "land_cover_name": "Grassland",
        "crs": "EPSG:32633"
      }
    },
    {
      "type": "Feature",
      "geometry": {
        "type": "LineString",
        "coordinates": [
          [
            400004.43565222336,
            4775694.159606002
          ],
          [
            400004.43565222336,
            4775564.566562908
          ]
        ]
      },
      "properties": {
        "feature_type": "segment",
        "segment_id": 254,
        "step": 254,
        "length_m": 129.59,
        "elevation_start": 156.51,
        "elevation_end": 189.0,
        "slope_percent": 18.81,
        "cost_usd": 129593.04,
        "cost_per_m": 1000.0,
        "cumulative_cost": 22860670.49,
        "pressure_drop_pa": 212806.78,
        "cumulative_pressure_pa": 28841673.36,
        "land_cover_class": 40,
        "land_cover_name": "Cropland",
        "crs": "EPSG:32633"
      }
    },
    {
      "type": "Feature",
      "geometry": {
        "type": "LineString",
        "coordinates": [
          [
            400004.43565222336,
            4775564.566562908
          ],
          [
            400004.43565222336,
            4775434.973519813
          ]
        ]
      },
      "properties": {
        "feature_type": "segment",
        "segment_id": 255,
        "step": 255,
        "length_m": 129.59,
        "elevation_start": 189.0,
        "elevation_end": 208.42,
        "slope_percent": 7.77,
        "cost_usd": 72572.1,
        "cost_per_m": 560.0,
        "cumulative_cost": 22933242.6,
        "pressure_drop_pa": 96792.52,
        "cumulative_pressure_pa": 28938465.89,
        "land_cover_class": 10,
        "land_cover_name": "Tree cover",
        "crs": "EPSG:32633"
      }
    },
    {
      "type": "Feature",
      "geometry": {
        "type": "LineString",
        "coordinates": [
          [
            400004.43565222336,
            4775434.973519813
          ],
          [
            400004.43565222336,
            4775305.38047672
          ]
        ]
      },
      "properties": {
        "feature_type": "segment",
        "segment_id": 256,
        "step": 256,
        "length_m": 129.59,
        "elevation_start": 208.42,
        "elevation_end": 190.08,
        "slope_percent": 22.23,
        "cost_usd": 108858.16,
        "cost_per_m": 840.0,
        "cumulative_cost": 23042100.75,
        "pressure_drop_pa": 247565.39,
        "cumulative_pressure_pa": 29186031.28,
        "land_cover_class": 20,
        "land_cover_name": "Shrubland",
        "crs": "EPSG:32633"
      }
    },
    {
      "type": "Feature",
      "geometry": {
        "type": "LineString",
        "coordinates": [
          [
            400004.43565222336,
            4775305.38047672
          ],
          [
            400004.43565222336,
            4775175.787433625
          ]
        ]
      },
      "properties": {
        "feature_type": "segment",
        "segment_id": 257,
        "step": 257,
        "length_m": 129.59,
        "elevation_start": 190.08,
        "elevation_end": 166.14,
        "slope_percent": 23.12,
        "cost_usd": 108858.16,
        "cost_per_m": 840.0,
        "cumulative_cost": 23150958.91,
        "pressure_drop_pa": 256478.67,
        "cumulative_pressure_pa": 29442509.95,
        "land_cover_class": 20,
        "land_cover_name": "Shrubland",
        "crs": "EPSG:32633"
      }
    },
    {
      "type": "Feature",
      "geometry": {
        "type": "LineString",
        "coordinates": [
          [
            400004.43565222336,
            4775175.787433625
          ],
          [
            400004.43565222336,
            4775046.194390531
          ]
        ]
      },
      "properties": {
        "feature_type": "segment",
        "segment_id": 258,
        "step": 258,
        "length_m": 129.59,
        "elevation_start": 166.14,
        "elevation_end": 146.11,
        "slope_percent": 8.96,
        "cost_usd": 59612.8,
        "cost_per_m": 460.0,
        "cumulative_cost": 23210571.71,
        "pressure_drop_pa": 109533.49,
        "cumulative_pressure_pa": 29552043.44,
        "land_cover_class": 30,
        "land_cover_name": "Grassland",
        "crs": "EPSG:32633"
      }
    },
    {
      "type": "Feature",
      "geometry": {
        "type": "LineString",
        "coordinates": [
          [
            400004.43565222336,
            4775046.194390531
          ],
          [
            400004.43565222336,
            4774916.601347436
          ]
        ]
      },
      "properties": {
        "feature_type": "segment",
        "segment_id": 259,
        "step": 259,
        "length_m": 129.59,
        "elevation_start": 146.11,
        "elevation_end": 154.42,
        "slope_percent": 8.14,
        "cost_usd": 64796.52,
        "cost_per_m": 500.0,
        "cumulative_cost": 23275368.23,
        "pressure_drop_pa": 100773.33,
        "cumulative_pressure_pa": 29652816.77,
        "land_cover_class": 20,
        "land_cover_name": "Shrubland",
        "crs": "EPSG:32633"
      }
    },
    {
      "type": "Feature",
      "geometry": {
        "type": "LineString",
        "coordinates": [
          [
            400004.43565222336,
            4774916.601347436
          ],
          [
            400004.43565222336,
            4774787.008304342
          ]
        ]
      },
      "properties": {
        "feature_type": "segment",
        "segment_id": 260,
        "step": 260,
        "length_m": 129.59,
        "elevation_start": 154.42,
        "elevation_end": 169.66,
        "slope_percent": 7.79,
        "cost_usd": 85531.41,
        "cost_per_m": 660.0,
        "cumulative_cost": 23360899.64,
        "pressure_drop_pa": 96987.83,
        "cumulative_pressure_pa": 29749804.59,
        "land_cover_class": 40,
        "land_cover_name": "Cropland",
        "crs": "EPSG:32633"
      }
    },
    {
      "type": "Feature",
      "geometry": {
        "type": "LineString",
        "coordinates": [
          [
            400004.43565222336,
            4774787.008304342
          ],
          [
            400004.43565222336,
            4774657.415261247
          ]
        ]
      },
      "properties": {
        "feature_type": "segment",
        "segment_id": 261,
        "step": 261,
        "length_m": 129.59,
        "elevation_start": 169.66,
        "elevation_end": 176.3,
        "slope_percent": 5.53,
        "cost_usd": 59612.8,
        "cost_per_m": 460.0,
        "cumulative_cost": 23420512.44,
        "pressure_drop_pa": 72777.08,
        "cumulative_pressure_pa": 29822581.68,
        "land_cover_class": 30,
        "land_cover_name": "Grassland",
        "crs": "EPSG:32633"
      }
    },
    {
      "type": "Feature",
      "geometry": {
        "type": "LineString",
        "coordinates": [
          [
            400004.43565222336,
            4774657.415261247
          ],
          [
            399874.8277951885,
            4774527.822218153
          ]
        ]
      },
      "properties": {
        "feature_type": "segment",
        "segment_id": 262,
        "step": 262,
        "length_m": 183.28,
        "elevation_start": 176.3,
        "elevation_end": 180.59,
        "slope_percent": 7.59,
        "cost_usd": 84310.05,
        "cost_per_m": 460.0,
        "cumulative_cost": 23504822.49,
        "pressure_drop_pa": 134173.78,
        "cumulative_pressure_pa": 29956755.46,
        "land_cover_class": 30,
        "land_cover_name": "Grassland",
        "crs": "EPSG:32633"
      }
    },
    {
      "type": "Feature",
      "geometry": {
        "type": "LineString",
        "coordinates": [
          [
            399874.8277951885,
            4774527.822218153
          ],
          [
            399874.8277951885,
            4774398.229175058
          ]
        ]
      },
      "properties": {
        "feature_type": "segment",
        "segment_id": 263,
        "step": 263,
        "length_m": 129.59,
        "elevation_start": 180.59,
        "elevation_end": 170.83,
        "slope_percent": 13.6,
        "cost_usd": 98490.71,
        "cost_per_m": 760.0,
        "cumulative_cost": 23603313.2,
        "pressure_drop_pa": 158755.91,
        "cumulative_pressure_pa": 30115511.37,
        "land_cover_class": 40,
        "land_cover_name": "Cropland",
        "crs": "EPSG:32633"
      }
    },
    {
      "type": "Feature",
      "geometry": {
        "type": "LineString",
        "coordinates": [
          [
            399874.8277951885,
            4774398.229175058
          ],
          [
            399874.8277951885,
            4774268.636131964
          ]
        ]
      },
      "properties": {
        "feature_type": "segment",
        "segment_id": 264,
        "step": 264,
        "length_m": 129.59,
        "elevation_start": 170.83,
        "elevation_end": 162.31,
        "slope_percent": 14.15,
        "cost_usd": 98490.71,
        "cost_per_m": 760.0,
        "cumulative_cost": 23701803.91,
        "pressure_drop_pa": 164534.8,
        "cumulative_pressure_pa": 30280046.17,
        "land_cover_class": 40,
        "land_cover_name": "Cropland",
        "crs": "EPSG:32633"
      }
    },
    {
      "type": "Feature",
      "geometry": {
        "type": "LineString",
        "coordinates": [
          [
            399874.8277951885,
            4774268.636131964
          ],
          [
            399874.8277951885,
            4774139.043088869
          ]
        ]
      },
      "properties": {
        "feature_type": "segment",
        "segment_id": 265,
        "step": 265,
        "length_m": 129.59,
        "elevation_start": 162.31,
        "elevation_end": 153.44,
        "slope_percent": 7.41,
        "cost_usd": 59612.8,
        "cost_per_m": 460.0,
        "cumulative_cost": 23761416.71,
        "pressure_drop_pa": 92988.9,
        "cumulative_pressure_pa": 30373035.06,
        "land_cover_class": 30,
        "land_cover_name": "Grassland",
        "crs": "EPSG:32633"
      }
    },
    {
      "type": "Feature",
      "geometry": {
        "type": "LineString",
        "coordinates": [
          [
            399874.8277951885,
            4774139.043088869
          ],
          [
            399745.2199381537,
            4774009.450045776
          ]
        ]
      },
      "properties": {
        "feature_type": "segment",
        "segment_id": 266,
        "step": 266,
        "length_m": 183.28,
        "elevation_start": 153.44,
        "elevation_end": 158.01,
        "slope_percent": 7.01,
        "cost_usd": 84310.05,
        "cost_per_m": 460.0,
        "cumulative_cost": 23845726.76,
        "pressure_drop_pa": 125434.71,
        "cumulative_pressure_pa": 30498469.77,
        "land_cover_class": 30,
        "land_cover_name": "Grassland",
        "crs": "EPSG:32633"
      }
    },
    {
      "type": "Feature",
      "geometry": {
        "type": "LineString",
        "coordinates": [
          [
            399745.2199381537,
            4774009.450045776
          ],
          [
            399745.2199381537,
            4773879.857002681
          ]
        ]
      },
      "properties": {
        "feature_type": "segment",
        "segment_id": 267,
        "step": 267,
        "length_m": 129.59,
        "elevation_start": 158.01,
        "elevation_end": 159.14,
        "slope_percent": 11.91,
        "cost_usd": 72572.1,
        "cost_per_m": 560.0,
        "cumulative_cost": 23918298.87,
        "pressure_drop_pa": 140930.44,
        "cumulative_pressure_pa": 30639400.21,
        "land_cover_class": 30,
        "land_cover_name": "Grassland",
        "crs": "EPSG:32633"
      }
    },
    {
      "type": "Feature",
      "geometry": {
        "type": "LineString",
        "coordinates": [
          [
            399745.2199381537,
            4773879.857002681
          ],
          [
            399615.6120811188,
            4773750.263959587
          ]
        ]
      },
      "properties": {
        "feature_type": "segment",
        "segment_id": 268,
        "step": 268,
        "length_m": 183.28,
        "elevation_start": 159.14,
        "elevation_end": 172.04,
        "slope_percent": 14.49,
        "cost_usd": 102638.32,
        "cost_per_m": 560.0,
        "cumulative_cost": 24020937.19,
        "pressure_drop_pa": 237653.44,
        "cumulative_pressure_pa": 30877053.66,
        "land_cover_class": 30,
        "land_cover_name": "Grassland",
        "crs": "EPSG:32633"
      }
    },
    {
      "type": "Feature",
      "geometry": {
        "type": "LineString",
        "coordinates": [
          [
            399615.6120811188,
            4773750.263959587
          ],
          [
            399615.6120811188,
            4773620.670916492
          ]
        ]
      },
      "properties": {
        "feature_type": "segment",
        "segment_id": 269,
        "step": 269,
        "length_m": 129.59,
        "elevation_start": 172.04,
        "elevation_end": 201.41,
        "slope_percent": 18.35,
        "cost_usd": 103674.43,
        "cost_per_m": 800.0,
        "cumulative_cost": 24124611.62,
        "pressure_drop_pa": 208160.59,
        "cumulative_pressure_pa": 31085214.25,
        "land_cover_class": 30,
        "land_cover_name": "Grassland",
        "crs": "EPSG:32633"
      }
    },
    {
      "type": "Feature",
      "geometry": {
        "type": "LineString",
        "coordinates": [
          [
            399615.6120811188,
            4773620.670916492
          ],
          [
            399486.00422408397,
            4773491.077873398
          ]
        ]
      },
      "properties": {
        "feature_type": "segment",
        "segment_id": 270,
        "step": 270,
        "length_m": 183.28,
        "elevation_start": 201.41,
        "elevation_end": 218.87,
        "slope_percent": 13.71,
        "cost_usd": 102638.32,
        "cost_per_m": 560.0,
        "cumulative_cost": 24227249.94,
        "pressure_drop_pa": 226167.96,
        "cumulative_pressure_pa": 31311382.21,
        "land_cover_class": 30,
        "land_cover_name": "Grassland",
        "crs": "EPSG:32633"
      }
    },
    {
      "type": "Feature",
      "geometry": {
        "type": "LineString",
        "coordinates": [
          [
            399486.00422408397,
            4773491.077873398
          ],
          [
            399615.6120811188,
            4773361.484830303
          ]
        ]
      },
      "properties": {
        "feature_type": "segment",
        "segment_id": 271,
        "step": 271,
        "length_m": 183.28,
        "elevation_start": 218.87,
        "elevation_end": 208.94,
        "slope_percent": 13.05,
        "cost_usd": 139294.86,
        "cost_per_m": 760.0,
        "cumulative_cost": 24366544.8,
        "pressure_drop_pa": 216310.79,
        "cumulative_pressure_pa": 31527692.99,
        "land_cover_class": 40,
        "land_cover_name": "Cropland",
        "crs": "EPSG:32633"
      }
    },
    {
      "type": "Feature",
      "geometry": {
        "type": "LineString",
        "coordinates": [
          [
            399615.6120811188,
            4773361.484830303
          ],
          [
            399745.2199381537,
            4773231.891787209
          ]
        ]
      },
      "properties": {
        "feature_type": "segment",
        "segment_id": 272,
        "step": 272,
        "length_m": 183.28,
        "elevation_start": 208.94,
        "elevation_end": 195.97,
        "slope_percent": 13.06,
        "cost_usd": 102638.32,
        "cost_per_m": 560.0,
        "cumulative_cost": 24469183.12,
        "pressure_drop_pa": 216390.96,
        "cumulative_pressure_pa": 31744083.95,
        "land_cover_class": 30,
        "land_cover_name": "Grassland",
        "crs": "EPSG:32633"
      }
    },
    {
      "type": "Feature",
      "geometry": {
        "type": "LineString",
        "coordinates": [
          [
            399745.2199381537,
            4773231.891787209
          ],
          [
            399874.8277951885,
            4773102.298744114
          ]
        ]
      },
      "properties": {
        "feature_type": "segment",
        "segment_id": 273,
        "step": 273,
        "length_m": 183.28,
        "elevation_start": 195.97,
        "elevation_end": 229.29,
        "slope_percent": 18.78,
        "cost_usd": 146626.17,
        "cost_per_m": 800.0,
        "cumulative_cost": 24615809.3,
        "pressure_drop_pa": 300628.89,
        "cumulative_pressure_pa": 32044712.85,
        "land_cover_class": 30,
        "land_cover_name": "Grassland",
        "crs": "EPSG:32633"
      }
    },
    {
      "type": "Feature",
      "geometry": {
        "type": "LineString",
        "coordinates": [
          [
            399874.8277951885,
            4773102.298744114
          ],
          [
            400004.43565222336,
            4772972.70570102
          ]
        ]
      },
      "properties": {
        "feature_type": "segment",
        "segment_id": 274,
        "step": 274,
        "length_m": 183.28,
        "elevation_start": 229.29,
        "elevation_end": 233.36,
        "slope_percent": 7.1,
        "cost_usd": 91641.36,
        "cost_per_m": 500.0,
        "cumulative_cost": 24707450.65,
        "pressure_drop_pa": 126740.22,
        "cumulative_pressure_pa": 32171453.07,
        "land_cover_class": 20,
        "land_cover_name": "Shrubland",
        "crs": "EPSG:32633"
      }
    },
    {
      "type": "Feature",
      "geometry": {
        "type": "LineString",
        "coordinates": [
          [
            400004.43565222336,
            4772972.70570102
          ],
          [
            399874.8277951885,
            4772843.112657925
          ]
        ]
      },
      "properties": {
        "feature_type": "segment",
        "segment_id": 275,
        "step": 275,
        "length_m": 183.28,
        "elevation_start": 233.36,
        "elevation_end": 249.13,
        "slope_percent": 9.47,
        "cost_usd": 84310.05,
        "cost_per_m": 460.0,
        "cumulative_cost": 24791760.7,
        "pressure_drop_pa": 162669.09,
        "cumulative_pressure_pa": 32334122.16,
        "land_cover_class": 30,
        "land_cover_name": "Grassland",
        "crs": "EPSG:32633"
      }
    },
    {
      "type": "Feature",
      "geometry": {
        "type": "LineString",
        "coordinates": [
          [
            399874.8277951885,
            4772843.112657925
          ],
          [
            400004.43565222336,
            4772713.519614832
          ]
        ]
      },
      "properties": {
        "feature_type": "segment",
        "segment_id": 276,
        "step": 276,
        "length_m": 183.28,
        "elevation_start": 249.13,
        "elevation_end": 228.08,
        "slope_percent": 12.11,
        "cost_usd": 102638.32,
        "cost_per_m": 560.0,
        "cumulative_cost": 24894399.02,
        "pressure_drop_pa": 202198.45,
        "cumulative_pressure_pa": 32536320.61,
        "land_cover_class": 30,
        "land_cover_name": "Grassland",
        "crs": "EPSG:32633"
      }
    },
    {
      "type": "Feature",
      "geometry": {
        "type": "LineString",
        "coordinates": [
          [
            400004.43565222336,
            4772713.519614832
          ],
          [
            400134.04350925825,
            4772583.926571737
          ]
        ]
      },
      "properties": {
        "feature_type": "segment",
        "segment_id": 277,
        "step": 277,
        "length_m": 183.28,
        "elevation_start": 228.08,
        "elevation_end": 225.31,
        "slope_percent": 8.65,
        "cost_usd": 84310.05,
        "cost_per_m": 460.0,
        "cumulative_cost": 24978709.07,
        "pressure_drop_pa": 150164.31,
        "cumulative_pressure_pa": 32686484.92,
        "land_cover_class": 30,
        "land_cover_name": "Grassland",
        "crs": "EPSG:32633"
      }
    },
    {
      "type": "Feature",
      "geometry": {
        "type": "LineString",
        "coordinates": [
          [
            400134.04350925825,
            4772583.926571737
          ],
          [
            400263.6513662931,
            4772583.926571737
          ]
        ]
      },
      "properties": {
        "feature_type": "segment",
        "segment_id": 278,
        "step": 278,
        "length_m": 129.61,
        "elevation_start": 225.31,
        "elevation_end": 202.66,
        "slope_percent": 14.26,
        "cost_usd": 72580.4,
        "cost_per_m": 560.0,
        "cumulative_cost": 25051289.47,
        "pressure_drop_pa": 165682.79,
        "cumulative_pressure_pa": 32852167.71,
        "land_cover_class": 30,
        "land_cover_name": "Grassland",
        "crs": "EPSG:32633"
      }
    },
    {
      "type": "Feature",
      "geometry": {
        "type": "LineString",
        "coordinates": [
          [
            400263.6513662931,
            4772583.926571737
          ],
          [
            400393.2592233279,
            4772454.333528643
          ]
        ]
      },
      "properties": {
        "feature_type": "segment",
        "segment_id": 279,
        "step": 279,
        "length_m": 183.28,
        "elevation_start": 202.66,
        "elevation_end": 250.74,
        "slope_percent": 14.62,
        "cost_usd": 109969.63,
        "cost_per_m": 600.0,
        "cumulative_cost": 25161259.1,
        "pressure_drop_pa": 239644.24,
        "cumulative_pressure_pa": 33091811.94,
        "land_cover_class": 20,
        "land_cover_name": "Shrubland",
        "crs": "EPSG:32633"
      }
    },
    {
      "type": "Feature",
      "geometry": {
        "type": "LineString",
        "coordinates": [
          [
            400393.2592233279,
            4772454.333528643
          ],
          [
            400522.8670803628,
            4772324.740485548
          ]
        ]
      },
      "properties": {
        "feature_type": "segment",
        "segment_id": 280,
        "step": 280,
        "length_m": 183.28,
        "elevation_start": 250.74,
        "elevation_end": 263.66,
        "slope_percent": 8.76,
        "cost_usd": 84310.05,
        "cost_per_m": 460.0,
        "cumulative_cost": 25245569.15,
        "pressure_drop_pa": 151927.58,
        "cumulative_pressure_pa": 33243739.52,
        "land_cover_class": 30,
        "land_cover_name": "Grassland",
        "crs": "EPSG:32633"
      }
    },
    {
      "type": "Feature",
      "geometry": {
        "type": "LineString",
        "coordinates": [
          [
            400522.8670803628,
            4772324.740485548
          ],
          [
            400652.47493739764,
            4772195.147442454
          ]
        ]
      },
      "properties": {
        "feature_type": "segment",
        "segment_id": 281,
        "step": 281,
        "length_m": 183.28,
        "elevation_start": 263.66,
        "elevation_end": 255.26,
        "slope_percent": 19.74,
        "cost_usd": 153957.48,
        "cost_per_m": 840.0,
        "cumulative_cost": 25399526.63,
        "pressure_drop_pa": 314537.58,
        "cumulative_pressure_pa": 33558277.1,
        "land_cover_class": 20,
        "land_cover_name": "Shrubland",
        "crs": "EPSG:32633"
      }
    },
    {
      "type": "Feature",
      "geometry": {
        "type": "LineString",
        "coordinates": [
          [
            400652.47493739764,
            4772195.147442454
          ],
          [
            400652.47493739764,
            4772065.554399359
          ]
        ]
      },
      "properties": {
        "feature_type": "segment",
        "segment_id": 282,
        "step": 282,
        "length_m": 129.59,
        "elevation_start": 255.26,
        "elevation_end": 216.17,
        "slope_percent": 29.97,
        "cost_usd": 160695.37,
        "cost_per_m": 1240.0,
        "cumulative_cost": 25560222.0,
        "pressure_drop_pa": 323290.6,
        "cumulative_pressure_pa": 33881567.71,
        "land_cover_class": 20,
        "land_cover_name": "Shrubland",
        "crs": "EPSG:32633"
      }
    },
    {
      "type": "Feature",
      "geometry": {
        "type": "LineString",
        "coordinates": [
          [
            400652.47493739764,
            4772065.554399359
          ],
          [
            400782.0827944325,
            4771935.961356265
          ]
        ]
      },
      "properties": {
        "feature_type": "segment",
        "segment_id": 283,
        "step": 283,
        "length_m": 183.28,
        "elevation_start": 216.17,
        "elevation_end": 173.99,
        "slope_percent": 23.84,
        "cost_usd": 146626.17,
        "cost_per_m": 800.0,
        "cumulative_cost": 25706848.17,
        "pressure_drop_pa": 372876.94,
        "cumulative_pressure_pa": 34254444.64,
        "land_cover_class": 30,
        "land_cover_name": "Grassland",
        "crs": "EPSG:32633"
      }
    },
    {
      "type": "Feature",
      "geometry": {
        "type": "LineString",
        "coordinates": [
          [
            400782.0827944325,
            4771935.961356265
          ],
          [
            400782.0827944325,
            4771806.36831317
          ]
        ]
      },
      "properties": {
        "feature_type": "segment",
        "segment_id": 284,
        "step": 284,
        "length_m": 129.59,
        "elevation_start": 173.99,
        "elevation_end": 147.06,
        "slope_percent": 19.69,
        "cost_usd": 103674.43,
        "cost_per_m": 800.0,
        "cumulative_cost": 25810522.61,
        "pressure_drop_pa": 221831.84,
        "cumulative_pressure_pa": 34476276.49,
        "land_cover_class": 30,
        "land_cover_name": "Grassland",
        "crs": "EPSG:32633"
      }
    },
    {
      "type": "Feature",
      "geometry": {
        "type": "LineString",
        "coordinates": [
          [
            400782.0827944325,
            4771806.36831317
          ],
          [
            400782.0827944325,
            4771676.775270076
          ]
        ]
      },
      "properties": {
        "feature_type": "segment",
        "segment_id": 285,
        "step": 285,
        "length_m": 129.59,
        "elevation_start": 147.06,
        "elevation_end": 129.33,
        "slope_percent": 15.87,
        "cost_usd": 108858.16,
        "cost_per_m": 840.0,
        "cumulative_cost": 25919380.76,
        "pressure_drop_pa": 182429.48,
        "cumulative_pressure_pa": 34658705.97,
        "land_cover_class": 20,
        "land_cover_name": "Shrubland",
        "crs": "EPSG:32633"
      }
    },
    {
      "type": "Feature",
      "geometry": {
        "type": "LineString",
        "coordinates": [
          [
            400782.0827944325,
            4771676.775270076
          ],
          [
            400782.0827944325,
            4771547.182226982
          ]
        ]
      },
      "properties": {
        "feature_type": "segment",
        "segment_id": 286,
        "step": 286,
        "length_m": 129.59,
        "elevation_start": 129.33,
        "elevation_end": 106.3,
        "slope_percent": 12.71,
        "cost_usd": 72572.1,
        "cost_per_m": 560.0,
        "cumulative_cost": 25991952.87,
        "pressure_drop_pa": 149382.92,
        "cumulative_pressure_pa": 34808088.89,
        "land_cover_class": 30,
        "land_cover_name": "Grassland",
        "crs": "EPSG:32633"
      }
    },
    {
      "type": "Feature",
      "geometry": {
        "type": "LineString",
        "coordinates": [
          [
            400782.0827944325,
            4771547.182226982
          ],
          [
            400782.0827944325,
            4771417.5891838875
          ]
        ]
      },
      "properties": {
        "feature_type": "segment",
        "segment_id": 287,
        "step": 287,
        "length_m": 129.59,
        "elevation_start": 106.3,
        "elevation_end": 88.62,
        "slope_percent": 10.14,
        "cost_usd": 72572.1,
        "cost_per_m": 560.0,
        "cumulative_cost": 26064524.97,
        "pressure_drop_pa": 122125.52,
        "cumulative_pressure_pa": 34930214.41,
        "land_cover_class": 30,
        "land_cover_name": "Grassland",
        "crs": "EPSG:32633"
      }
    },
    {
      "type": "Feature",
      "geometry": {
        "type": "LineString",
        "coordinates": [
          [
            400782.0827944325,
            4771417.5891838875
          ],
          [
            400782.0827944325,
            4771287.996140793
          ]
        ]
      },
      "properties": {
        "feature_type": "segment",
        "segment_id": 288,
        "step": 288,
        "length_m": 129.59,
        "elevation_start": 88.62,
        "elevation_end": 80.66,
        "slope_percent": 8.44,
        "cost_usd": 59612.8,
        "cost_per_m": 460.0,
        "cumulative_cost": 26124137.77,
        "pressure_drop_pa": 103939.43,
        "cumulative_pressure_pa": 35034153.84,
        "land_cover_class": 30,
        "land_cover_name": "Grassland",
        "crs": "EPSG:32633"
      }
    },
    {
      "type": "Feature",
      "geometry": {
        "type": "LineString",
        "coordinates": [
          [
            400782.0827944325,
            4771287.996140793
          ],
          [
            400911.69065146736,
            4771158.403097698
          ]
        ]
      },
      "properties": {
        "feature_type": "segment",
        "segment_id": 289,
        "step": 289,
        "length_m": 183.28,
        "elevation_start": 80.66,
        "elevation_end": 70.54,
        "slope_percent": 6.62,
        "cost_usd": 91641.36,
        "cost_per_m": 500.0,
        "cumulative_cost": 26215779.13,
        "pressure_drop_pa": 119443.42,
        "cumulative_pressure_pa": 35153597.26,
        "land_cover_class": 20,
        "land_cover_name": "Shrubland",
        "crs": "EPSG:32633"
      }
    },
    {
      "type": "Feature",
      "geometry": {
        "type": "LineString",
        "coordinates": [
          [
            400911.69065146736,
            4771158.403097698
          ],
          [
            400911.69065146736,
            4771028.810054604
          ]
        ]
      },
      "properties": {
        "feature_type": "segment",
        "segment_id": 290,
        "step": 290,
        "length_m": 129.59,
        "elevation_start": 70.54,
        "elevation_end": 61.3,
        "slope_percent": 9.47,
        "cost_usd": 85531.41,
        "cost_per_m": 660.0,
        "cumulative_cost": 26301310.54,
        "pressure_drop_pa": 114933.38,
        "cumulative_pressure_pa": 35268530.64,
        "land_cover_class": 40,
        "land_cover_name": "Cropland",
        "crs": "EPSG:32633"
      }
    },
    {
      "type": "Feature",
      "geometry": {
        "type": "LineString",
        "coordinates": [
          [
            400911.69065146736,
            4771028.810054604
          ],
          [
            401041.2985085022,
            4770899.217011509
          ]
        ]
      },
      "properties": {
        "feature_type": "segment",
        "segment_id": 291,
        "step": 291,
        "length_m": 183.28,
        "elevation_start": 61.3,
        "elevation_end": 47.38,
        "slope_percent": 4.96,
        "cost_usd": 73313.09,
        "cost_per_m": 400.0,
        "cumulative_cost": 26374623.62,
        "pressure_drop_pa": 94180.47,
        "cumulative_pressure_pa": 35362711.12,
        "land_cover_class": 30,
        "land_cover_name": "Grassland",
        "crs": "EPSG:32633"
      }
    },
    {
      "type": "Feature",
      "geometry": {
        "type": "LineString",
        "coordinates": [
          [
            401041.2985085022,
            4770899.217011509
          ],
          [
            401041.2985085022,
            4770769.623968415
          ]
        ]
      },
      "properties": {
        "feature_type": "segment",
        "segment_id": 292,
        "step": 292,
        "length_m": 129.59,
        "elevation_start": 47.38,
        "elevation_end": 45.39,
        "slope_percent": 1.54,
        "cost_usd": 57020.94,
        "cost_per_m": 440.0,
        "cumulative_cost": 26431644.56,
        "pressure_drop_pa": 29782.61,
        "cumulative_pressure_pa": 35392493.72,
        "land_cover_class": 20,
        "land_cover_name": "Shrubland",
        "crs": "EPSG:32633"
      }
    },
    {
      "type": "Feature",
      "geometry": {
        "type": "LineString",
        "coordinates": [
          [
            401041.2985085022,
            4770769.623968415
          ],
          [
            401041.2985085022,
            4770640.03092532
          ]
        ]
      },
      "properties": {
        "feature_type": "segment",
        "segment_id": 293,
        "step": 293,
        "length_m": 129.59,
        "elevation_start": 45.39,
        "elevation_end": 45.45,
        "slope_percent": 0.98,
        "cost_usd": 51837.22,
        "cost_per_m": 400.0,
        "cumulative_cost": 26483481.78,
        "pressure_drop_pa": 23629.93,
        "cumulative_pressure_pa": 35416123.65,
        "land_cover_class": 30,
        "land_cover_name": "Grassland",
        "crs": "EPSG:32633"
      }
    },
    {
      "type": "Feature",
      "geometry": {
        "type": "LineString",
        "coordinates": [
          [
            401041.2985085022,
            4770640.03092532
          ],
          [
            401041.2985085022,
            4770510.437882226
          ]
        ]
      },
      "properties": {
        "feature_type": "segment",
        "segment_id": 294,
        "step": 294,
        "length_m": 129.59,
        "elevation_start": 45.45,
        "elevation_end": 45.97,
        "slope_percent": 0.78,
        "cost_usd": 51837.22,
        "cost_per_m": 400.0,
        "cumulative_cost": 26535319.0,
        "pressure_drop_pa": 21548.63,
        "cumulative_pressure_pa": 35437672.28,
        "land_cover_class": 30,
        "land_cover_name": "Grassland",
        "crs": "EPSG:32633"
      }
    },
    {
      "type": "Feature",
      "geometry": {
        "type": "LineString",
        "coordinates": [
          [
            401041.2985085022,
            4770510.437882226
          ],
          [
            401170.9063655371,
            4770380.844839131
          ]
        ]
      },
      "properties": {
        "feature_type": "segment",
        "segment_id": 295,
        "step": 295,
        "length_m": 183.28,
        "elevation_start": 45.97,
        "elevation_end": 45.41,
        "slope_percent": 1.14,
        "cost_usd": 73313.09,
        "cost_per_m": 400.0,
        "cumulative_cost": 26608632.08,
        "pressure_drop_pa": 35914.13,
        "cumulative_pressure_pa": 35473586.41,
        "land_cover_class": 60,
        "land_cover_name": "Bare/sparse vegetation",
        "crs": "EPSG:32633"
      }
    },
    {
      "type": "Feature",
      "geometry": {
        "type": "LineString",
        "coordinates": [
          [
            401170.9063655371,
            4770380.844839131
          ],
          [
            401300.5142225719,
            4770251.251796038
          ]
        ]
      },
      "properties": {
        "feature_type": "segment",
        "segment_id": 296,
        "step": 296,
        "length_m": 183.28,
        "elevation_start": 45.41,
        "elevation_end": 48.13,
        "slope_percent": 1.74,
        "cost_usd": 73313.09,
        "cost_per_m": 400.0,
        "cumulative_cost": 26681945.17,
        "pressure_drop_pa": 45080.36,
        "cumulative_pressure_pa": 35518666.77,
        "land_cover_class": 30,
        "land_cover_name": "Grassland",
        "crs": "EPSG:32633"
      }
    },
    {
      "type": "Feature",
      "geometry": {
        "type": "LineString",
        "coordinates": [
          [
            401300.5142225719,
            4770251.251796038
          ],
          [
            401430.12207960675,
            4770121.658752943
          ]
        ]
      },
      "properties": {
        "feature_type": "segment",
        "segment_id": 297,
        "step": 297,
        "length_m": 183.28,
        "elevation_start": 48.13,
        "elevation_end": 49.37,
        "slope_percent": 2.63,
        "cost_usd": 73313.09,
        "cost_per_m": 400.0,
        "cumulative_cost": 26755258.25,
        "pressure_drop_pa": 58694.3,
        "cumulative_pressure_pa": 35577361.07,
        "land_cover_class": 30,
        "land_cover_name": "Grassland",
        "crs": "EPSG:32633"
      }
    },
    {
      "type": "Feature",
      "geometry": {
        "type": "LineString",
        "coordinates": [
          [
            401430.12207960675,
            4770121.658752943
          ],
          [
            401430.12207960675,
            4769992.065709849
          ]
        ]
      },
      "properties": {
        "feature_type": "segment",
        "segment_id": 298,
        "step": 298,
        "length_m": 129.59,
        "elevation_start": 49.37,
        "elevation_end": 54.53,
        "slope_percent": 4.51,
        "cost_usd": 51837.22,
        "cost_per_m": 400.0,
        "cumulative_cost": 26807095.47,
        "pressure_drop_pa": 61768.84,
        "cumulative_pressure_pa": 35639129.91,
        "land_cover_class": 30,
        "land_cover_name": "Grassland",
        "crs": "EPSG:32633"
      }
    },
    {
      "type": "Feature",
      "geometry": {
        "type": "LineString",
        "coordinates": [
          [
            401430.12207960675,
            4769992.065709849
          ],
          [
            401430.12207960675,
            4769862.472666754
          ]
        ]
      },
      "properties": {
        "feature_type": "segment",
        "segment_id": 299,
        "step": 299,
        "length_m": 129.59,
        "elevation_start": 54.53,
        "elevation_end": 61.21,
        "slope_percent": 10.89,
        "cost_usd": 72572.1,
        "cost_per_m": 560.0,
        "cumulative_cost": 26879667.57,
        "pressure_drop_pa": 130090.99,
        "cumulative_pressure_pa": 35769220.9,
        "land_cover_class": 30,
        "land_cover_name": "Grassland",
        "crs": "EPSG:32633"
      }
    },
    {
      "type": "Feature",
      "geometry": {
        "type": "LineString",
        "coordinates": [
          [
            401430.12207960675,
            4769862.472666754
          ],
          [
            401559.72993664164,
            4769732.87962366
          ]
        ]
      },
      "properties": {
        "feature_type": "segment",
        "segment_id": 300,
        "step": 300,
        "length_m": 183.28,
        "elevation_start": 61.21,
        "elevation_end": 90.02,
        "slope_percent": 20.76,
        "cost_usd": 146626.17,
        "cost_per_m": 800.0,
        "cumulative_cost": 27026293.75,
        "pressure_drop_pa": 329121.88,
        "cumulative_pressure_pa": 36098342.78,
        "land_cover_class": 30,
        "land_cover_name": "Grassland",
        "crs": "EPSG:32633"
      }
    },
    {
      "type": "Feature",
      "geometry": {
        "type": "LineString",
        "coordinates": [
          [
            401559.72993664164,
            4769732.87962366
          ],
          [
            401689.3377936765,
            4769732.87962366
          ]
        ]
      },
      "properties": {
        "feature_type": "segment",
        "segment_id": 301,
        "step": 301,
        "length_m": 129.61,
        "elevation_start": 90.02,
        "elevation_end": 103.8,
        "slope_percent": 22.45,
        "cost_usd": 108870.6,
        "cost_per_m": 840.0,
        "cumulative_cost": 27135164.35,
        "pressure_drop_pa": 249793.02,
        "cumulative_pressure_pa": 36348135.79,
        "land_cover_class": 20,
        "land_cover_name": "Shrubland",
        "crs": "EPSG:32633"
      }
    },
    {
      "type": "Feature",
      "geometry": {
        "type": "LineString",
        "coordinates": [
          [
            401689.3377936765,
            4769732.87962366
          ],
          [
            401818.94565071136,
            4769732.87962366
          ]
        ]
      },
      "properties": {
        "feature_type": "segment",
        "segment_id": 302,
        "step": 302,
        "length_m": 129.61,
        "elevation_start": 103.8,
        "elevation_end": 124.36,
        "slope_percent": 26.75,
        "cost_usd": 160713.74,
        "cost_per_m": 1240.0,
        "cumulative_cost": 27295878.09,
        "pressure_drop_pa": 292360.45,
        "cumulative_pressure_pa": 36640496.24,
        "land_cover_class": 20,
        "land_cover_name": "Shrubland",
        "crs": "EPSG:32633"
      }
    },
    {
      "type": "Feature",
      "geometry": {
        "type": "LineString",
        "coordinates": [
          [
            401818.94565071136,
            4769732.87962366
          ],
          [
            401948.5535077462,
            4769603.286580565
          ]
        ]
      },
      "properties": {
        "feature_type": "segment",
        "segment_id": 303,
        "step": 303,
        "length_m": 183.28,
        "elevation_start": 124.36,
        "elevation_end": 182.35,
        "slope_percent": 24.35,
        "cost_usd": 146626.17,
        "cost_per_m": 800.0,
        "cumulative_cost": 27442504.26,
        "pressure_drop_pa": 380097.0,
        "cumulative_pressure_pa": 37020593.25,
        "land_cover_class": 30,
        "land_cover_name": "Grassland",
        "crs": "EPSG:32633"
      }
    },
    {
      "type": "Feature",
      "geometry": {
        "type": "LineString",
        "coordinates": [
          [
            401948.5535077462,
            4769603.286580565
          ],
          [
            402078.16136478103,
            4769473.693537471
          ]
        ]
      },
      "properties": {
        "feature_type": "segment",
        "segment_id": 304,
        "step": 304,
        "length_m": 183.28,
        "elevation_start": 182.35,
        "elevation_end": 199.16,
        "slope_percent": 11.88,
        "cost_usd": 139294.86,
        "cost_per_m": 760.0,
        "cumulative_cost": 27581799.12,
        "pressure_drop_pa": 198871.67,
        "cumulative_pressure_pa": 37219464.92,
        "land_cover_class": 40,
        "land_cover_name": "Cropland",
        "crs": "EPSG:32633"
      }
    },
    {
      "type": "Feature",
      "geometry": {
        "type": "LineString",
        "coordinates": [
          [
            402078.16136478103,
            4769473.693537471
          ],
          [
            402207.7692218159,
            4769344.100494376
          ]
        ]
      },
      "properties": {
        "feature_type": "segment",
        "segment_id": 305,
        "step": 305,
        "length_m": 183.28,
        "elevation_start": 199.16,
        "elevation_end": 214.3,
        "slope_percent": 12.16,
        "cost_usd": 102638.32,
        "cost_per_m": 560.0,
        "cumulative_cost": 27684437.44,
        "pressure_drop_pa": 202974.2,
        "cumulative_pressure_pa": 37422439.12,
        "land_cover_class": 30,
        "land_cover_name": "Grassland",
        "crs": "EPSG:32633"
      }
    },
    {
      "type": "Feature",
      "geometry": {
        "type": "LineString",
        "coordinates": [
          [
            402207.7692218159,
            4769344.100494376
          ],
          [
            402337.37707885075,
            4769214.507451282
          ]
        ]
      },
      "properties": {
        "feature_type": "segment",
        "segment_id": 306,
        "step": 306,
        "length_m": 183.28,
        "elevation_start": 214.3,
        "elevation_end": 200.53,
        "slope_percent": 6.65,
        "cost_usd": 91641.36,
        "cost_per_m": 500.0,
        "cumulative_cost": 27776078.8,
        "pressure_drop_pa": 119891.6,
        "cumulative_pressure_pa": 37542330.72,
        "land_cover_class": 20,
        "land_cover_name": "Shrubland",
        "crs": "EPSG:32633"
      }
    },
    {
      "type": "Feature",
      "geometry": {
        "type": "LineString",
        "coordinates": [
          [
            402337.37707885075,
            4769214.507451282
          ],
          [
            402466.98493588564,
            4769084.914408187
          ]
        ]
      },
      "properties": {
        "feature_type": "segment",
        "segment_id": 307,
        "step": 307,
        "length_m": 183.28,
        "elevation_start": 200.53,
        "elevation_end": 222.83,
        "slope_percent": 8.58,
        "cost_usd": 84310.05,
        "cost_per_m": 460.0,
        "cumulative_cost": 27860388.85,
        "pressure_drop_pa": 149108.39,
        "cumulative_pressure_pa": 37691439.1,
        "land_cover_class": 30,
        "land_cover_name": "Grassland",
        "crs": "EPSG:32633"
      }
    },
    {
      "type": "Feature",
      "geometry": {
        "type": "LineString",
        "coordinates": [
          [
            402466.98493588564,
            4769084.914408187
          ],
          [
            402596.5927929205,
            4769084.914408187
          ]
        ]
      },
      "properties": {
        "feature_type": "segment",
        "segment_id": 308,
        "step": 308,
        "length_m": 129.61,
        "elevation_start": 222.83,
        "elevation_end": 206.9,
        "slope_percent": 18.28,
        "cost_usd": 103686.29,
        "cost_per_m": 800.0,
        "cumulative_cost": 27964075.14,
        "pressure_drop_pa": 207480.84,
        "cumulative_pressure_pa": 37898919.94,
        "land_cover_class": 30,
        "land_cover_name": "Grassland",
        "crs": "EPSG:32633"
      }
    },
    {
      "type": "Feature",
      "geometry": {
        "type": "LineString",
        "coordinates": [
          [
            402596.5927929205,
            4769084.914408187
          ],
          [
            402726.2006499553,
            4768955.321365094
          ]
        ]
      },
      "properties": {
        "feature_type": "segment",
        "segment_id": 309,
        "step": 309,
        "length_m": 183.28,
        "elevation_start": 206.9,
        "elevation_end": 151.93,
        "slope_percent": 24.43,
        "cost_usd": 146626.17,
        "cost_per_m": 800.0,
        "cumulative_cost": 28110701.31,
        "pressure_drop_pa": 381159.53,
        "cumulative_pressure_pa": 38280079.47,
        "land_cover_class": 30,
        "land_cover_name": "Grassland",
        "crs": "EPSG:32633"
      }
    },
    {
      "type": "Feature",
      "geometry": {
        "type": "LineString",
        "coordinates": [
          [
            402726.2006499553,
            4768955.321365094
          ],
          [
            402855.8085069902,
            4768825.728321999
          ]
        ]
      },
      "properties": {
        "feature_type": "segment",
        "segment_id": 310,
        "step": 310,
        "length_m": 183.28,
        "elevation_start": 151.93,
        "elevation_end": 113.67,
        "slope_percent": 3.33,
        "cost_usd": 73313.09,
        "cost_per_m": 400.0,
        "cumulative_cost": 28184014.39,
        "pressure_drop_pa": 69336.63,
        "cumulative_pressure_pa": 38349416.1,
        "land_cover_class": 30,
        "land_cover_name": "Grassland",
        "crs": "EPSG:32633"
      }
    },
    {
      "type": "Feature",
      "geometry": {
        "type": "LineString",
        "coordinates": [
          [
            402855.8085069902,
            4768825.728321999
          ],
          [
            402985.41636402503,
            4768825.728321999
          ]
        ]
      },
      "properties": {
        "feature_type": "segment",
        "segment_id": 311,
        "step": 311,
        "length_m": 129.61,
        "elevation_start": 113.67,
        "elevation_end": 115.0,
        "slope_percent": 8.32,
        "cost_usd": 72580.4,
        "cost_per_m": 560.0,
        "cumulative_cost": 28256594.79,
        "pressure_drop_pa": 102679.86,
        "cumulative_pressure_pa": 38452095.96,
        "land_cover_class": 10,
        "land_cover_name": "Tree cover",
        "crs": "EPSG:32633"
      }
    },
    {
      "type": "Feature",
      "geometry": {
        "type": "LineString",
        "coordinates": [
          [
            402985.41636402503,
            4768825.728321999
          ],
          [
            403115.02422105987,
            4768825.728321999
          ]
        ]
      },
      "properties": {
        "feature_type": "segment",
        "segment_id": 312,
        "step": 312,
        "length_m": 129.61,
        "elevation_start": 115.0,
        "elevation_end": 117.62,
        "slope_percent": 13.63,
        "cost_usd": 72580.4,
        "cost_per_m": 560.0,
        "cumulative_cost": 28329175.19,
        "pressure_drop_pa": 159008.04,
        "cumulative_pressure_pa": 38611104.0,
        "land_cover_class": 30,
        "land_cover_name": "Grassland",
        "crs": "EPSG:32633"
      }
    },
    {
      "type": "Feature",
      "geometry": {
        "type": "LineString",
        "coordinates": [
          [
            403115.02422105987,
            4768825.728321999
          ],
          [
            403244.63207809476,
            4768825.728321999
          ]
        ]
      },
      "properties": {
        "feature_type": "segment",
        "segment_id": 313,
        "step": 313,
        "length_m": 129.61,
        "elevation_start": 117.62,
        "elevation_end": 116.16,
        "slope_percent": 16.63,
        "cost_usd": 129607.86,
        "cost_per_m": 1000.0,
        "cumulative_cost": 28458783.05,
        "pressure_drop_pa": 190379.7,
        "cumulative_pressure_pa": 38801483.7,
        "land_cover_class": 40,
        "land_cover_name": "Cropland",
        "crs": "EPSG:32633"
      }
    },
    {
      "type": "Feature",
      "geometry": {
        "type": "LineString",
        "coordinates": [
          [
            403244.63207809476,
            4768825.728321999
          ],
          [
            403374.2399351296,
            4768696.135278905
          ]
        ]
      },
      "properties": {
        "feature_type": "segment",
        "segment_id": 314,
        "step": 314,
        "length_m": 183.28,
        "elevation_start": 116.16,
        "elevation_end": 144.4,
        "slope_percent": 24.78,
        "cost_usd": 146626.17,
        "cost_per_m": 800.0,
        "cumulative_cost": 28605409.22,
        "pressure_drop_pa": 386061.62,
        "cumulative_pressure_pa": 39187545.33,
        "land_cover_class": 30,
        "land_cover_name": "Grassland",
        "crs": "EPSG:32633"
      }
    },
    {
      "type": "Feature",
      "geometry": {
        "type": "LineString",
        "coordinates": [
          [
            403374.2399351296,
            4768696.135278905
          ],
          [
            403503.8477921645,
            4768566.54223581
          ]
        ]
      },
      "properties": {
        "feature_type": "segment",
        "segment_id": 315,
        "step": 315,
        "length_m": 183.28,
        "elevation_start": 144.4,
        "elevation_end": 164.17,
        "slope_percent": 14.9,
        "cost_usd": 102638.32,
        "cost_per_m": 560.0,
        "cumulative_cost": 28708047.54,
        "pressure_drop_pa": 243743.7,
        "cumulative_pressure_pa": 39431289.03,
        "land_cover_class": 30,
        "land_cover_name": "Grassland",
        "crs": "EPSG:32633"
      }
    },
    {
      "type": "Feature",
      "geometry": {
        "type": "LineString",
        "coordinates": [
          [
            403503.8477921645,
            4768566.54223581
          ],
          [
            403633.4556491993,
            4768436.949192716
          ]
        ]
      },
      "properties": {
        "feature_type": "segment",
        "segment_id": 316,
        "step": 316,
        "length_m": 183.28,
        "elevation_start": 164.17,
        "elevation_end": 165.91,
        "slope_percent": 8.74,
        "cost_usd": 84310.05,
        "cost_per_m": 460.0,
        "cumulative_cost": 28792357.59,
        "pressure_drop_pa": 151535.23,
        "cumulative_pressure_pa": 39582824.26,
        "land_cover_class": 30,
        "land_cover_name": "Grassland",
        "crs": "EPSG:32633"
      }
    },
    {
      "type": "Feature",
      "geometry": {
        "type": "LineString",
        "coordinates": [
          [
            403633.4556491993,
            4768436.949192716
          ],
          [
            403633.4556491993,
            4768307.356149621
          ]
        ]
      },
      "properties": {
        "feature_type": "segment",
        "segment_id": 317,
        "step": 317,
        "length_m": 129.59,
        "elevation_start": 165.91,
        "elevation_end": 143.56,
        "slope_percent": 10.69,
        "cost_usd": 77755.83,
        "cost_per_m": 600.0,
        "cumulative_cost": 28870113.42,
        "pressure_drop_pa": 127943.7,
        "cumulative_pressure_pa": 39710767.96,
        "land_cover_class": 20,
        "land_cover_name": "Shrubland",
        "crs": "EPSG:32633"
      }
    },
    {
      "type": "Feature",
      "geometry": {
        "type": "LineString",
        "coordinates": [
          [
            403633.4556491993,
            4768307.356149621
          ],
          [
            403633.4556491993,
            4768177.763106527
          ]
        ]
      },
      "properties": {
        "feature_type": "segment",
        "segment_id": 318,
        "step": 318,
        "length_m": 129.59,
        "elevation_start": 143.56,
        "elevation_end": 148.71,
        "slope_percent": 13.64,
        "cost_usd": 85531.41,
        "cost_per_m": 660.0,
        "cumulative_cost": 28955644.82,
        "pressure_drop_pa": 159144.71,
        "cumulative_pressure_pa": 39869912.67,
        "land_cover_class": 10,
        "land_cover_name": "Tree cover",
        "crs": "EPSG:32633"
      }
    },
    {
      "type": "Feature",
      "geometry": {
        "type": "LineString",
        "coordinates": [
          [
            403633.4556491993,
            4768177.763106527
          ],
          [
            403633.4556491993,
            4768048.170063432
          ]
        ]
      },
      "properties": {
        "feature_type": "segment",
        "segment_id": 319,
        "step": 319,
        "length_m": 129.59,
        "elevation_start": 148.71,
        "elevation_end": 180.6,
        "slope_percent": 9.01,
        "cost_usd": 59612.8,
        "cost_per_m": 460.0,
        "cumulative_cost": 29015257.62,
        "pressure_drop_pa": 110064.75,
        "cumulative_pressure_pa": 39979977.42,
        "land_cover_class": 30,
        "land_cover_name": "Grassland",
        "crs": "EPSG:32633"
      }
    },
    {
      "type": "Feature",
      "geometry": {
        "type": "LineString",
        "coordinates": [
          [
            403633.4556491993,
            4768048.170063432
          ],
          [
            403633.4556491993,
            4767918.577020338
          ]
        ]
      },
      "properties": {
        "feature_type": "segment",
        "segment_id": 320,
        "step": 320,
        "length_m": 129.59,
        "elevation_start": 180.6,
        "elevation_end": 156.73,
        "slope_percent": 5.09,
        "cost_usd": 59612.8,
        "cost_per_m": 460.0,
        "cumulative_cost": 29074870.42,
        "pressure_drop_pa": 68051.72,
        "cumulative_pressure_pa": 40048029.14,
        "land_cover_class": 30,
        "land_cover_name": "Grassland",
        "crs": "EPSG:32633"
      }
    },
    {
      "type": "Feature",
      "geometry": {
        "type": "LineString",
        "coordinates": [
          [
            403633.4556491993,
            4767918.577020338
          ],
          [
            403763.06350623415,
            4767788.983977243
          ]
        ]
      },
      "properties": {
        "feature_type": "segment",
        "segment_id": 321,
        "step": 321,
        "length_m": 183.28,
        "elevation_start": 156.73,
        "elevation_end": 187.91,
        "slope_percent": 9.52,
        "cost_usd": 84310.05,
        "cost_per_m": 460.0,
        "cumulative_cost": 29159180.47,
        "pressure_drop_pa": 163298.33,
        "cumulative_pressure_pa": 40211327.47,
        "land_cover_class": 30,
        "land_cover_name": "Grassland",
        "crs": "EPSG:32633"
      }
    },
    {
      "type": "Feature",
      "geometry": {
        "type": "LineString",
        "coordinates": [
          [
            403763.06350623415,
            4767788.983977243
          ],
          [
            403763.06350623415,
            4767659.39093415
          ]
        ]
      },
      "properties": {
        "feature_type": "segment",
        "segment_id": 322,
        "step": 322,
        "length_m": 129.59,
        "elevation_start": 187.91,
        "elevation_end": 179.37,
        "slope_percent": 8.71,
        "cost_usd": 85531.41,
        "cost_per_m": 660.0,
        "cumulative_cost": 29244711.88,
        "pressure_drop_pa": 106820.91,
        "cumulative_pressure_pa": 40318148.38,
        "land_cover_class": 40,
        "land_cover_name": "Cropland",
        "crs": "EPSG:32633"
      }
    },
    {
      "type": "Feature",
      "geometry": {
        "type": "LineString",
        "coordinates": [
          [
            403763.06350623415,
            4767659.39093415
          ],
          [
            403763.06350623415,
            4767529.797891055
          ]
        ]
      },
      "properties": {
        "feature_type": "segment",
        "segment_id": 323,
        "step": 323,
        "length_m": 129.59,
        "elevation_start": 179.37,
        "elevation_end": 170.04,
        "slope_percent": 10.61,
        "cost_usd": 98490.71,
        "cost_per_m": 760.0,
        "cumulative_cost": 29343202.59,
        "pressure_drop_pa": 127140.88,
        "cumulative_pressure_pa": 40445289.26,
        "land_cover_class": 40,
        "land_cover_name": "Cropland",
        "crs": "EPSG:32633"
      }
    },
    {
      "type": "Feature",
      "geometry": {
        "type": "LineString",
        "coordinates": [
          [
            403763.06350623415,
            4767529.797891055
          ],
          [
            403763.06350623415,
            4767400.204847961
          ]
        ]
      },
      "properties": {
        "feature_type": "segment",
        "segment_id": 324,
        "step": 324,
        "length_m": 129.59,
        "elevation_start": 170.04,
        "elevation_end": 169.28,
        "slope_percent": 5.44,
        "cost_usd": 59612.8,
        "cost_per_m": 460.0,
        "cumulative_cost": 29402815.39,
        "pressure_drop_pa": 71820.95,
        "cumulative_pressure_pa": 40517110.21,
        "land_cover_class": 30,
        "land_cover_name": "Grassland",
        "crs": "EPSG:32633"
      }
    },
    {
      "type": "Feature",
      "geometry": {
        "type": "LineString",
        "coordinates": [
          [
            403763.06350623415,
            4767400.204847961
          ],
          [
            403892.67136326904,
            4767270.611804866
          ]
        ]
      },
      "properties": {
        "feature_type": "segment",
        "segment_id": 325,
        "step": 325,
        "length_m": 183.28,
        "elevation_start": 169.28,
        "elevation_end": 177.36,
        "slope_percent": 11.56,
        "cost_usd": 102638.32,
        "cost_per_m": 560.0,
        "cumulative_cost": 29505453.71,
        "pressure_drop_pa": 194036.69,
        "cumulative_pressure_pa": 40711146.9,
        "land_cover_class": 30,
        "land_cover_name": "Grassland",
        "crs": "EPSG:32633"
      }
    },
    {
      "type": "Feature",
      "geometry": {
        "type": "LineString",
        "coordinates": [
          [
            403892.67136326904,
            4767270.611804866
          ],
          [
            403892.67136326904,
            4767141.018761772
          ]
        ]
      },
      "properties": {
        "feature_type": "segment",
        "segment_id": 326,
        "step": 326,
        "length_m": 129.59,
        "elevation_start": 177.36,
        "elevation_end": 138.51,
        "slope_percent": 27.01,
        "cost_usd": 155511.65,
        "cost_per_m": 1200.0,
        "cumulative_cost": 29660965.37,
        "pressure_drop_pa": 294827.44,
        "cumulative_pressure_pa": 41005974.34,
        "land_cover_class": 30,
        "land_cover_name": "Grassland",
        "crs": "EPSG:32633"
      }
    },
    {
      "type": "Feature",
      "geometry": {
        "type": "LineString",
        "coordinates": [
          [
            403892.67136326904,
            4767141.018761772
          ],
          [
            403892.67136326904,
            4767011.425718677
          ]
        ]
      },
      "properties": {
        "feature_type": "segment",
        "segment_id": 327,
        "step": 327,
        "length_m": 129.59,
        "elevation_start": 138.51,
        "elevation_end": 109.23,
        "slope_percent": 24.31,
        "cost_usd": 108858.16,
        "cost_per_m": 840.0,
        "cumulative_cost": 29769823.52,
        "pressure_drop_pa": 268312.88,
        "cumulative_pressure_pa": 41274287.21,
        "land_cover_class": 20,
        "land_cover_name": "Shrubland",
        "crs": "EPSG:32633"
      }
    },
    {
      "type": "Feature",
      "geometry": {
        "type": "LineString",
        "coordinates": [
          [
            403892.67136326904,
            4767011.425718677
          ],
          [
            403892.67136326904,
            4766881.832675583
          ]
        ]
      },
      "properties": {
        "feature_type": "segment",
        "segment_id": 328,
        "step": 328,
        "length_m": 129.59,
        "elevation_start": 109.23,
        "elevation_end": 89.25,
        "slope_percent": 15.5,
        "cost_usd": 103674.43,
        "cost_per_m": 800.0,
        "cumulative_cost": 29873497.96,
        "pressure_drop_pa": 178595.03,
        "cumulative_pressure_pa": 41452882.24,
        "land_cover_class": 30,
        "land_cover_name": "Grassland",
        "crs": "EPSG:32633"
      }
    },
    {
      "type": "Feature",
      "geometry": {
        "type": "LineString",
        "coordinates": [
          [
            403892.67136326904,
            4766881.832675583
          ],
          [
            403892.67136326904,
            4766752.239632488
          ]
        ]
      },
      "properties": {
        "feature_type": "segment",
        "segment_id": 329,
        "step": 329,
        "length_m": 129.59,
        "elevation_start": 89.25,
        "elevation_end": 71.9,
        "slope_percent": 7.11,
        "cost_usd": 59612.8,
        "cost_per_m": 460.0,
        "cumulative_cost": 29933110.76,
        "pressure_drop_pa": 89704.26,
        "cumulative_pressure_pa": 41542586.5,
        "land_cover_class": 30,
        "land_cover_name": "Grassland",
        "crs": "EPSG:32633"
      }
    },
    {
      "type": "Feature",
      "geometry": {
        "type": "LineString",
        "coordinates": [
          [
            403892.67136326904,
            4766752.239632488
          ],
          [
            404022.27922030387,
            4766622.646589394
          ]
        ]
      },
      "properties": {
        "feature_type": "segment",
        "segment_id": 330,
        "step": 330,
        "length_m": 183.28,
        "elevation_start": 71.9,
        "elevation_end": 66.03,
        "slope_percent": 9.41,
        "cost_usd": 84310.05,
        "cost_per_m": 460.0,
        "cumulative_cost": 30017420.8,
        "pressure_drop_pa": 161629.34,
        "cumulative_pressure_pa": 41704215.84,
        "land_cover_class": 30,
        "land_cover_name": "Grassland",
        "crs": "EPSG:32633"
      }
    },
    {
      "type": "Feature",
      "geometry": {
        "type": "LineString",
        "coordinates": [
          [
            404022.27922030387,
            4766622.646589394
          ],
          [
            404151.8870773387,
            4766622.646589394
          ]
        ]
      },
      "properties": {
        "feature_type": "segment",
        "segment_id": 331,
        "step": 331,
        "length_m": 129.61,
        "elevation_start": 66.03,
        "elevation_end": 56.28,
        "slope_percent": 2.9,
        "cost_usd": 57027.46,
        "cost_per_m": 440.0,
        "cumulative_cost": 30074448.26,
        "pressure_drop_pa": 44475.48,
        "cumulative_pressure_pa": 41748691.33,
        "land_cover_class": 20,
        "land_cover_name": "Shrubland",
        "crs": "EPSG:32633"
      }
    },
    {
      "type": "Feature",
      "geometry": {
        "type": "LineString",
        "coordinates": [
          [
            404151.8870773387,
            4766622.646589394
          ],
          [
            404281.4949343736,
            4766493.0535463
          ]
        ]
      },
      "properties": {
        "feature_type": "segment",
        "segment_id": 332,
        "step": 332,
        "length_m": 183.28,
        "elevation_start": 56.28,
        "elevation_end": 55.8,
        "slope_percent": 6.49,
        "cost_usd": 84310.05,
        "cost_per_m": 460.0,
        "cumulative_cost": 30158758.31,
        "pressure_drop_pa": 117432.28,
        "cumulative_pressure_pa": 41866123.61,
        "land_cover_class": 30,
        "land_cover_name": "Grassland",
        "crs": "EPSG:32633"
      }
    },
    {
      "type": "Feature",
      "geometry": {
        "type": "LineString",
        "coordinates": [
          [
            404281.4949343736,
            4766493.0535463
          ],
          [
            404281.4949343736,
            4766363.460503206
          ]
        ]
      },
      "properties": {
        "feature_type": "segment",
        "segment_id": 333,
        "step": 333,
        "length_m": 129.59,
        "elevation_start": 55.8,
        "elevation_end": 68.41,
        "slope_percent": 9.05,
        "cost_usd": 59612.8,
        "cost_per_m": 460.0,
        "cumulative_cost": 30218371.11,
        "pressure_drop_pa": 110454.67,
        "cumulative_pressure_pa": 41976578.28,
        "land_cover_class": 30,
        "land_cover_name": "Grassland",
        "crs": "EPSG:32633"
      }
    },
    {
      "type": "Feature",
      "geometry": {
        "type": "LineString",
        "coordinates": [
          [
            404281.4949343736,
            4766363.460503206
          ],
          [
            404281.4949343736,
            4766233.867460111
          ]
        ]
      },
      "properties": {
        "feature_type": "segment",
        "segment_id": 334,
        "step": 334,
        "length_m": 129.59,
        "elevation_start": 68.41,
        "elevation_end": 50.23,
        "slope_percent": 13.68,
        "cost_usd": 72572.1,
        "cost_per_m": 560.0,
        "cumulative_cost": 30290943.21,
        "pressure_drop_pa": 159600.92,
        "cumulative_pressure_pa": 42136179.2,
        "land_cover_class": 30,
        "land_cover_name": "Grassland",
        "crs": "EPSG:32633"
      }
    },
    {
      "type": "Feature",
      "geometry": {
        "type": "LineString",
        "coordinates": [
          [
            404281.4949343736,
            4766233.867460111
          ],
          [
            404281.4949343736,
            4766104.274417017
          ]
        ]
      },
      "properties": {
        "feature_type": "segment",
        "segment_id": 335,
        "step": 335,
        "length_m": 129.59,
        "elevation_start": 50.23,
        "elevation_end": 32.48,
        "slope_percent": 9.57,
        "cost_usd": 85531.41,
        "cost_per_m": 660.0,
        "cumulative_cost": 30376474.62,
        "pressure_drop_pa": 115994.83,
        "cumulative_pressure_pa": 42252174.03,
        "land_cover_class": 40,
        "land_cover_name": "Cropland",
        "crs": "EPSG:32633"
      }
    },
    {
      "type": "Feature",
      "geometry": {
        "type": "LineString",
        "coordinates": [
          [
            404281.4949343736,
            4766104.274417017
          ],
          [
            404411.1027914084,
            4765974.681373922
          ]
        ]
      },
      "properties": {
        "feature_type": "segment",
        "segment_id": 336,
        "step": 336,
        "length_m": 183.28,
        "elevation_start": 32.48,
        "elevation_end": 22.31,
        "slope_percent": 4.49,
        "cost_usd": 109969.63,
        "cost_per_m": 600.0,
        "cumulative_cost": 30486444.25,
        "pressure_drop_pa": 87031.02,
        "cumulative_pressure_pa": 42339205.05,
        "land_cover_class": 40,
        "land_cover_name": "Cropland",
        "crs": "EPSG:32633"
      }
    },
    {
      "type": "Feature",
      "geometry": {
        "type": "LineString",
        "coordinates": [
          [
            404411.1027914084,
            4765974.681373922
          ],
          [
            404540.7106484433,
            4765845.088330828
          ]
        ]
      },
      "properties": {
        "feature_type": "segment",
        "segment_id": 337,
        "step": 337,
        "length_m": 183.28,
        "elevation_start": 22.31,
        "elevation_end": 20.93,
        "slope_percent": 0.76,
        "cost_usd": 80644.39,
        "cost_per_m": 440.0,
        "cumulative_cost": 30567088.65,
        "pressure_drop_pa": 30169.72,
        "cumulative_pressure_pa": 42369374.77,
        "land_cover_class": 20,
        "land_cover_name": "Shrubland",
        "crs": "EPSG:32633"
      }
    },
    {
      "type": "Feature",
      "geometry": {
        "type": "LineString",
        "coordinates": [
          [
            404540.7106484433,
            4765845.088330828
          ],
          [
            404670.31850547815,
            4765715.495287733
          ]
        ]
      },
      "properties": {
        "feature_type": "segment",
        "segment_id": 338,
        "step": 338,
        "length_m": 183.28,
        "elevation_start": 20.93,
        "elevation_end": 21.14,
        "slope_percent": 0.95,
        "cost_usd": 109969.63,
        "cost_per_m": 600.0,
        "cumulative_cost": 30677058.27,
        "pressure_drop_pa": 33023.52,
        "cumulative_pressure_pa": 42402398.29,
        "land_cover_class": 40,
        "land_cover_name": "Cropland",
        "crs": "EPSG:32633"
      }
    },
    {
      "type": "Feature",
      "geometry": {
        "type": "LineString",
        "coordinates": [
          [
            404670.31850547815,
            4765715.495287733
          ],
          [
            404799.926362513,
            4765585.902244639
          ]
        ]
      },
      "properties": {
        "feature_type": "segment",
        "segment_id": 339,
        "step": 339,
        "length_m": 183.28,
        "elevation_start": 21.14,
        "elevation_end": 21.44,
        "slope_percent": 4.22,
        "cost_usd": 73313.09,
        "cost_per_m": 400.0,
        "cumulative_cost": 30750371.36,
        "pressure_drop_pa": 82895.0,
        "cumulative_pressure_pa": 42485293.29,
        "land_cover_class": 30,
        "land_cover_name": "Grassland",
        "crs": "EPSG:32633"
      }
    },
    {
      "type": "Feature",
      "geometry": {
        "type": "LineString",
        "coordinates": [
          [
            404799.926362513,
            4765585.902244639
          ],
          [
            404799.926362513,
            4765456.309201544
          ]
        ]
      },
      "properties": {
        "feature_type": "segment",
        "segment_id": 340,
        "step": 340,
        "length_m": 129.59,
        "elevation_start": 21.44,
        "elevation_end": 31.72,
        "slope_percent": 11.47,
        "cost_usd": 72572.1,
        "cost_per_m": 560.0,
        "cumulative_cost": 30822943.46,
        "pressure_drop_pa": 136187.37,
        "cumulative_pressure_pa": 42621480.66,
        "land_cover_class": 30,
        "land_cover_name": "Grassland",
        "crs": "EPSG:32633"
      }
    },
    {
      "type": "Feature",
      "geometry": {
        "type": "LineString",
        "coordinates": [
          [
            404799.926362513,
            4765456.309201544
          ],
          [
            404929.5342195479,
            4765326.71615845
          ]
        ]
      },
      "properties": {
        "feature_type": "segment",
        "segment_id": 341,
        "step": 341,
        "length_m": 183.28,
        "elevation_start": 31.72,
        "elevation_end": 34.61,
        "slope_percent": 9.76,
        "cost_usd": 120966.59,
        "cost_per_m": 660.0,
        "cumulative_cost": 30943910.06,
        "pressure_drop_pa": 166927.22,
        "cumulative_pressure_pa": 42788407.88,
        "land_cover_class": 40,
        "land_cover_name": "Cropland",
        "crs": "EPSG:32633"
      }
    },
    {
      "type": "Feature",
      "geometry": {
        "type": "LineString",
        "coordinates": [
          [
            404929.5342195479,
            4765326.71615845
          ],
          [
            405059.1420765827,
            4765197.123115356
          ]
        ]
      },
      "properties": {
        "feature_type": "segment",
        "segment_id": 342,
        "step": 342,
        "length_m": 183.28,
        "elevation_start": 34.61,
        "elevation_end": 45.8,
        "slope_percent": 14.22,
        "cost_usd": 120966.59,
        "cost_per_m": 660.0,
        "cumulative_cost": 31064876.65,
        "pressure_drop_pa": 233704.09,
        "cumulative_pressure_pa": 43022111.97,
        "land_cover_class": 10,
        "land_cover_name": "Tree cover",
        "crs": "EPSG:32633"
      }
    },
    {
      "type": "Feature",
      "geometry": {
        "type": "LineString",
        "coordinates": [
          [
            405059.1420765827,
            4765197.123115356
          ],
          [
            405188.74993361754,
            4765067.530072262
          ]
        ]
      },
      "properties": {
        "feature_type": "segment",
        "segment_id": 343,
        "step": 343,
        "length_m": 183.28,
        "elevation_start": 45.8,
        "elevation_end": 89.24,
        "slope_percent": 23.49,
        "cost_usd": 153957.48,
        "cost_per_m": 840.0,
        "cumulative_cost": 31218834.13,
        "pressure_drop_pa": 367962.39,
        "cumulative_pressure_pa": 43390074.35,
        "land_cover_class": 20,
        "land_cover_name": "Shrubland",
        "crs": "EPSG:32633"
      }
    },
    {
      "type": "Feature",
      "geometry": {
        "type": "LineString",
        "coordinates": [
          [
            405188.74993361754,
            4765067.530072262
          ],
          [
            405188.74993361754,
            4764937.937029167
          ]
        ]
      },
      "properties": {
        "feature_type": "segment",
        "segment_id": 344,
        "step": 344,
        "length_m": 129.59,
        "elevation_start": 89.24,
        "elevation_end": 94.35,
        "slope_percent": 21.6,
        "cost_usd": 116633.74,
        "cost_per_m": 900.0,
        "cumulative_cost": 31335467.87,
        "pressure_drop_pa": 241246.73,
        "cumulative_pressure_pa": 43631321.08,
        "land_cover_class": 10,
        "land_cover_name": "Tree cover",
        "crs": "EPSG:32633"
      }
    },
    {
      "type": "Feature",
      "geometry": {
        "type": "LineString",
        "coordinates": [
          [
            405188.74993361754,
            4764937.937029167
          ],
          [
            405188.74993361754,
            4764808.343986073
          ]
        ]
      },
      "properties": {
        "feature_type": "segment",
        "segment_id": 345,
        "step": 345,
        "length_m": 129.59,
        "elevation_start": 94.35,
        "elevation_end": 133.02,
        "slope_percent": 14.41,
        "cost_usd": 85531.41,
        "cost_per_m": 660.0,
        "cumulative_cost": 31420999.27,
        "pressure_drop_pa": 167173.72,
        "cumulative_pressure_pa": 43798494.8,
        "land_cover_class": 10,
        "land_cover_name": "Tree cover",
        "crs": "EPSG:32633"
      }
    },
    {
      "type": "Feature",
      "geometry": {
        "type": "LineString",
        "coordinates": [
          [
            405188.74993361754,
            4764808.343986073
          ],
          [
            405188.74993361754,
            4764678.750942978
          ]
        ]
      },
      "properties": {
        "feature_type": "segment",
        "segment_id": 346,
        "step": 346,
        "length_m": 129.59,
        "elevation_start": 133.02,
        "elevation_end": 136.09,
        "slope_percent": 3.42,
        "cost_usd": 57020.94,
        "cost_per_m": 440.0,
        "cumulative_cost": 31478020.21,
        "pressure_drop_pa": 49987.07,
        "cumulative_pressure_pa": 43848481.87,
        "land_cover_class": 20,
        "land_cover_name": "Shrubland",
        "crs": "EPSG:32633"
      }
    },
    {
      "type": "Feature",
      "geometry": {
        "type": "LineString",
        "coordinates": [
          [
            405188.74993361754,
            4764678.750942978
          ],
          [
            405188.74993361754,
            4764549.157899884
          ]
        ]
      },
      "properties": {
        "feature_type": "segment",
        "segment_id": 347,
        "step": 347,
        "length_m": 129.59,
        "elevation_start": 136.09,
        "elevation_end": 129.58,
        "slope_percent": 7.41,
        "cost_usd": 64796.52,
        "cost_per_m": 500.0,
        "cumulative_cost": 31542816.74,
        "pressure_drop_pa": 92910.31,
        "cumulative_pressure_pa": 43941392.18,
        "land_cover_class": 20,
        "land_cover_name": "Shrubland",
        "crs": "EPSG:32633"
      }
    },
    {
      "type": "Feature",
      "geometry": {
        "type": "LineString",
        "coordinates": [
          [
            405188.74993361754,
            4764549.157899884
          ],
          [
            405188.74993361754,
            4764419.564856789
          ]
        ]
      },
      "properties": {
        "feature_type": "segment",
        "segment_id": 348,
        "step": 348,
        "length_m": 129.59,
        "elevation_start": 129.58,
        "elevation_end": 146.7,
        "slope_percent": 5.09,
        "cost_usd": 72572.1,
        "cost_per_m": 560.0,
        "cumulative_cost": 31615388.84,
        "pressure_drop_pa": 68045.93,
        "cumulative_pressure_pa": 44009438.11,
        "land_cover_class": 10,
        "land_cover_name": "Tree cover",
        "crs": "EPSG:32633"
      }
    },
    {
      "type": "Feature",
      "geometry": {
        "type": "LineString",
        "coordinates": [
          [
            405188.74993361754,
            4764419.564856789
          ],
          [
            405188.74993361754,
            4764289.971813695
          ]
        ]
      },
      "properties": {
        "feature_type": "segment",
        "segment_id": 349,
        "step": 349,
        "length_m": 129.59,
        "elevation_start": 146.7,
        "elevation_end": 144.5,
        "slope_percent": 4.97,
        "cost_usd": 77755.83,
        "cost_per_m": 600.0,
        "cumulative_cost": 31693144.67,
        "pressure_drop_pa": 66730.87,
        "cumulative_pressure_pa": 44076168.98,
        "land_cover_class": 40,
        "land_cover_name": "Cropland",
        "crs": "EPSG:32633"
      }
    },
    {
      "type": "Feature",
      "geometry": {
        "type": "LineString",
        "coordinates": [
          [
            405188.74993361754,
            4764289.971813695
          ],
          [
            405188.74993361754,
            4764160.3787706
          ]
        ]
      },
      "properties": {
        "feature_type": "segment",
        "segment_id": 350,
        "step": 350,
        "length_m": 129.59,
        "elevation_start": 144.5,
        "elevation_end": 152.43,
        "slope_percent": 7.35,
        "cost_usd": 85531.41,
        "cost_per_m": 660.0,
        "cumulative_cost": 31778676.07,
        "pressure_drop_pa": 92336.12,
        "cumulative_pressure_pa": 44168505.1,
        "land_cover_class": 40,
        "land_cover_name": "Cropland",
        "crs": "EPSG:32633"
      }
    },
    {
      "type": "Feature",
      "geometry": {
        "type": "LineString",
        "coordinates": [
          [
            405188.74993361754,
            4764160.3787706
          ],
          [
            405188.74993361754,
            4764030.785727506
          ]
        ]
      },
      "properties": {
        "feature_type": "segment",
        "segment_id": 351,
        "step": 351,
        "length_m": 129.59,
        "elevation_start": 152.43,
        "elevation_end": 156.62,
        "slope_percent": 12.37,
        "cost_usd": 72572.1,
        "cost_per_m": 560.0,
        "cumulative_cost": 31851248.18,
        "pressure_drop_pa": 145783.19,
        "cumulative_pressure_pa": 44314288.29,
        "land_cover_class": 30,
        "land_cover_name": "Grassland",
        "crs": "EPSG:32633"
      }
    },
    {
      "type": "Feature",
      "geometry": {
        "type": "LineString",
        "coordinates": [
          [
            405188.74993361754,
            4764030.785727506
          ],
          [
            405188.74993361754,
            4763901.192684412
          ]
        ]
      },
      "properties": {
        "feature_type": "segment",
        "segment_id": 352,
        "step": 352,
        "length_m": 129.59,
        "elevation_start": 156.62,
        "elevation_end": 129.15,
        "slope_percent": 24.88,
        "cost_usd": 108858.16,
        "cost_per_m": 840.0,
        "cumulative_cost": 31960106.33,
        "pressure_drop_pa": 273961.12,
        "cumulative_pressure_pa": 44588249.41,
        "land_cover_class": 20,
        "land_cover_name": "Shrubland",
        "crs": "EPSG:32633"
      }
    },
    {
      "type": "Feature",
      "geometry": {
        "type": "LineString",
        "coordinates": [
          [
            405188.74993361754,
            4763901.192684412
          ],
          [
            405188.74993361754,
            4763771.5996413175
          ]
        ]
      },
      "properties": {
        "feature_type": "segment",
        "segment_id": 353,
        "step": 353,
        "length_m": 129.59,
        "elevation_start": 129.15,
        "elevation_end": 100.71,
        "slope_percent": 19.42,
        "cost_usd": 103674.43,
        "cost_per_m": 800.0,
        "cumulative_cost": 32063780.77,
        "pressure_drop_pa": 219084.26,
        "cumulative_pressure_pa": 44807333.67,
        "land_cover_class": 30,
        "land_cover_name": "Grassland",
        "crs": "EPSG:32633"
      }
    },
    {
      "type": "Feature",
      "geometry": {
        "type": "LineString",
        "coordinates": [
          [
            405188.74993361754,
            4763771.5996413175
          ],
          [
            405188.74993361754,
            4763642.006598223
          ]
        ]
      },
      "properties": {
        "feature_type": "segment",
        "segment_id": 354,
        "step": 354,
        "length_m": 129.59,
        "elevation_start": 100.71,
        "elevation_end": 70.44,
        "slope_percent": 11.19,
        "cost_usd": 77755.83,
        "cost_per_m": 600.0,
        "cumulative_cost": 32141536.59,
        "pressure_drop_pa": 133240.73,
        "cumulative_pressure_pa": 44940574.4,
        "land_cover_class": 20,
        "land_cover_name": "Shrubland",
        "crs": "EPSG:32633"
      }
    },
    {
      "type": "Feature",
      "geometry": {
        "type": "LineString",
        "coordinates": [
          [
            405188.74993361754,
            4763642.006598223
          ],
          [
            405188.74993361754,
            4763512.4135551285
          ]
        ]
      },
      "properties": {
        "feature_type": "segment",
        "segment_id": 355,
        "step": 355,
        "length_m": 129.59,
        "elevation_start": 70.44,
        "elevation_end": 66.17,
        "slope_percent": 5.93,
        "cost_usd": 64796.52,
        "cost_per_m": 500.0,
        "cumulative_cost": 32206333.12,
        "pressure_drop_pa": 77103.44,
        "cumulative_pressure_pa": 45017677.84,
        "land_cover_class": 20,
        "land_cover_name": "Shrubland",
        "crs": "EPSG:32633"
      }
    },
    {
      "type": "Feature",
      "geometry": {
        "type": "LineString",
        "coordinates": [
          [
            405188.74993361754,
            4763512.4135551285
          ],
          [
            405188.74993361754,
            4763382.820512034
          ]
        ]
      },
      "properties": {
        "feature_type": "segment",
        "segment_id": 356,
        "step": 356,
        "length_m": 129.59,
        "elevation_start": 66.17,
        "elevation_end": 60.88,
        "slope_percent": 6.58,
        "cost_usd": 85531.41,
        "cost_per_m": 660.0,
        "cumulative_cost": 32291864.52,
        "pressure_drop_pa": 84032.45,
        "cumulative_pressure_pa": 45101710.29,
        "land_cover_class": 40,
        "land_cover_name": "Cropland",
        "crs": "EPSG:32633"
      }
    },
    {
      "type": "Feature",
      "geometry": {
        "type": "LineString",
        "coordinates": [
          [
            405188.74993361754,
            4763382.820512034
          ],
          [
            405188.74993361754,
            4763253.2274689395
          ]
        ]
      },
      "properties": {
        "feature_type": "segment",
        "segment_id": 357,
        "step": 357,
        "length_m": 129.59,
        "elevation_start": 60.88,
        "elevation_end": 70.98,
        "slope_percent": 12.73,
        "cost_usd": 85531.41,
        "cost_per_m": 660.0,
        "cumulative_cost": 32377395.93,
        "pressure_drop_pa": 149520.85,
        "cumulative_pressure_pa": 45251231.14,
        "land_cover_class": 10,
        "land_cover_name": "Tree cover",
        "crs": "EPSG:32633"
      }
    },
    {
      "type": "Feature",
      "geometry": {
        "type": "LineString",
        "coordinates": [
          [
            405188.74993361754,
            4763253.2274689395
          ],
          [
            405188.74993361754,
            4763123.634425845
          ]
        ]
      },
      "properties": {
        "feature_type": "segment",
        "segment_id": 358,
        "step": 358,
        "length_m": 129.59,
        "elevation_start": 70.98,
        "elevation_end": 72.15,
        "slope_percent": 9.43,
        "cost_usd": 59612.8,
        "cost_per_m": 460.0,
        "cumulative_cost": 32437008.73,
        "pressure_drop_pa": 114584.09,
        "cumulative_pressure_pa": 45365815.23,
        "land_cover_class": 30,
        "land_cover_name": "Grassland",
        "crs": "EPSG:32633"
      }
    },
    {
      "type": "Feature",
      "geometry": {
        "type": "LineString",
        "coordinates": [
          [
            405188.74993361754,
            4763123.634425845
          ],
          [
            405188.74993361754,
            4762994.0413827505
          ]
        ]
      },
      "properties": {
        "feature_type": "segment",
        "segment_id": 359,
        "step": 359,
        "length_m": 129.59,
        "elevation_start": 72.15,
        "elevation_end": 76.82,
        "slope_percent": 6.78,
        "cost_usd": 64796.52,
        "cost_per_m": 500.0,
        "cumulative_cost": 32501805.25,
        "pressure_drop_pa": 86146.77,
        "cumulative_pressure_pa": 45451962.0,
        "land_cover_class": 20,
        "land_cover_name": "Shrubland",
        "crs": "EPSG:32633"
      }
    },
    {
      "type": "Feature",
      "geometry": {
        "type": "LineString",
        "coordinates": [
          [
            405188.74993361754,
            4762994.0413827505
          ],
          [
            405059.1420765827,
            4762864.448339656
          ]
        ]
      },
      "properties": {
        "feature_type": "segment",
        "segment_id": 360,
        "step": 360,
        "length_m": 183.28,
        "elevation_start": 76.82,
        "elevation_end": 79.49,
        "slope_percent": 7.43,
        "cost_usd": 91641.36,
        "cost_per_m": 500.0,
        "cumulative_cost": 32593446.61,
        "pressure_drop_pa": 131787.79,
        "cumulative_pressure_pa": 45583749.79,
        "land_cover_class": 20,
        "land_cover_name": "Shrubland",
        "crs": "EPSG:32633"
      }
    },
    {
      "type": "Feature",
      "geometry": {
        "type": "LineString",
        "coordinates": [
          [
            405059.1420765827,
            4762864.448339656
          ],
          [
            405059.1420765827,
            4762734.8552965615
          ]
        ]
      },
      "properties": {
        "feature_type": "segment",
        "segment_id": 361,
        "step": 361,
        "length_m": 129.59,
        "elevation_start": 79.49,
        "elevation_end": 127.32,
        "slope_percent": 26.77,
        "cost_usd": 168470.96,
        "cost_per_m": 1300.0,
        "cumulative_cost": 32761917.57,
        "pressure_drop_pa": 292543.12,
        "cumulative_pressure_pa": 45876292.91,
        "land_cover_class": 10,
        "land_cover_name": "Tree cover",
        "crs": "EPSG:32633"
      }
    },
    {
      "type": "Feature",
      "geometry": {
        "type": "LineString",
        "coordinates": [
          [
            405059.1420765827,
            4762734.8552965615
          ],
          [
            405059.1420765827,
            4762605.262253468
          ]
        ]
      },
      "properties": {
        "feature_type": "segment",
        "segment_id": 362,
        "step": 362,
        "length_m": 129.59,
        "elevation_start": 127.32,
        "elevation_end": 160.8,
        "slope_percent": 16.37,
        "cost_usd": 116633.74,
        "cost_per_m": 900.0,
        "cumulative_cost": 32878551.31,
        "pressure_drop_pa": 187710.94,
        "cumulative_pressure_pa": 46064003.84,
        "land_cover_class": 10,
        "land_cover_name": "Tree cover",
        "crs": "EPSG:32633"
      }
    },
    {
      "type": "Feature",
      "geometry": {
        "type": "LineString",
        "coordinates": [
          [
            405059.1420765827,
            4762605.262253468
          ],
          [
            405059.1420765827,
            4762475.669210373
          ]
        ]
      },
      "properties": {
        "feature_type": "segment",
        "segment_id": 363,
        "step": 363,
        "length_m": 129.59,
        "elevation_start": 160.8,
        "elevation_end": 167.83,
        "slope_percent": 7.69,
        "cost_usd": 59612.8,
        "cost_per_m": 460.0,
        "cumulative_cost": 32938164.11,
        "pressure_drop_pa": 95963.09,
        "cumulative_pressure_pa": 46159966.93,
        "land_cover_class": 30,
        "land_cover_name": "Grassland",
        "crs": "EPSG:32633"
      }
    },
    {
      "type": "Feature",
      "geometry": {
        "type": "LineString",
        "coordinates": [
          [
            405059.1420765827,
            4762475.669210373
          ],
          [
            404929.5342195479,
            4762346.076167279
          ]
        ]
      },
      "properties": {
        "feature_type": "segment",
        "segment_id": 364,
        "step": 364,
        "length_m": 183.28,
        "elevation_start": 167.83,
        "elevation_end": 181.39,
        "slope_percent": 7.12,
        "cost_usd": 84310.05,
        "cost_per_m": 460.0,
        "cumulative_cost": 33022474.15,
        "pressure_drop_pa": 127018.59,
        "cumulative_pressure_pa": 46286985.53,
        "land_cover_class": 30,
        "land_cover_name": "Grassland",
        "crs": "EPSG:32633"
      }
    },
    {
      "type": "Feature",
      "geometry": {
        "type": "LineString",
        "coordinates": [
          [
            404929.5342195479,
            4762346.076167279
          ],
          [
            404799.926362513,
            4762216.483124184
          ]
        ]
      },
      "properties": {
        "feature_type": "segment",
        "segment_id": 365,
        "step": 365,
        "length_m": 183.28,
        "elevation_start": 181.39,
        "elevation_end": 192.47,
        "slope_percent": 2.0,
        "cost_usd": 73313.09,
        "cost_per_m": 400.0,
        "cumulative_cost": 33095787.24,
        "pressure_drop_pa": 49015.27,
        "cumulative_pressure_pa": 46336000.8,
        "land_cover_class": 30,
        "land_cover_name": "Grassland",
        "crs": "EPSG:32633"
      }
    },
    {
      "type": "Feature",
      "geometry": {
        "type": "LineString",
        "coordinates": [
          [
            404799.926362513,
            4762216.483124184
          ],
          [
            404670.31850547815,
            4762086.89008109
          ]
        ]
      },
      "properties": {
        "feature_type": "segment",
        "segment_id": 366,
        "step": 366,
        "length_m": 183.28,
        "elevation_start": 192.47,
        "elevation_end": 192.34,
        "slope_percent": 2.51,
        "cost_usd": 91641.36,
        "cost_per_m": 500.0,
        "cumulative_cost": 33187428.6,
        "pressure_drop_pa": 56828.04,
        "cumulative_pressure_pa": 46392828.84,
        "land_cover_class": 10,
        "land_cover_name": "Tree cover",
        "crs": "EPSG:32633"
      }
    },
    {
      "type": "Feature",
      "geometry": {
        "type": "LineString",
        "coordinates": [
          [
            404670.31850547815,
            4762086.89008109
          ],
          [
            404540.7106484433,
            4761957.297037995
          ]
        ]
      },
      "properties": {
        "feature_type": "segment",
        "segment_id": 367,
        "step": 367,
        "length_m": 183.28,
        "elevation_start": 192.34,
        "elevation_end": 201.06,
        "slope_percent": 14.22,
        "cost_usd": 102638.32,
        "cost_per_m": 560.0,
        "cumulative_cost": 33290066.92,
        "pressure_drop_pa": 233680.97,
        "cumulative_pressure_pa": 46626509.81,
        "land_cover_class": 30,
        "land_cover_name": "Grassland",
        "crs": "EPSG:32633"
      }
    },
    {
      "type": "Feature",
      "geometry": {
        "type": "LineString",
        "coordinates": [
          [
            404540.7106484433,
            4761957.297037995
          ],
          [
            404540.7106484433,
            4761827.703994901
          ]
        ]
      },
      "properties": {
        "feature_type": "segment",
        "segment_id": 368,
        "step": 368,
        "length_m": 129.59,
        "elevation_start": 201.06,
        "elevation_end": 175.13,
        "slope_percent": 23.21,
        "cost_usd": 103674.43,
        "cost_per_m": 800.0,
        "cumulative_cost": 33393741.35,
        "pressure_drop_pa": 257383.86,
        "cumulative_pressure_pa": 46883893.67,
        "land_cover_class": 30,
        "land_cover_name": "Grassland",
        "crs": "EPSG:32633"
      }
    },
    {
      "type": "Feature",
      "geometry": {
        "type": "LineString",
        "coordinates": [
          [
            404540.7106484433,
            4761827.703994901
          ],
          [
            404540.7106484433,
            4761698.110951806
          ]
        ]
      },
      "properties": {
        "feature_type": "segment",
        "segment_id": 369,
        "step": 369,
        "length_m": 129.59,
        "elevation_start": 175.13,
        "elevation_end": 134.1,
        "slope_percent": 3.25,
        "cost_usd": 51837.22,
        "cost_per_m": 400.0,
        "cumulative_cost": 33445578.57,
        "pressure_drop_pa": 48193.68,
        "cumulative_pressure_pa": 46932087.35,
        "land_cover_class": 30,
        "land_cover_name": "Grassland",
        "crs": "EPSG:32633"
      }
    },
    {
      "type": "Feature",
      "geometry": {
        "type": "LineString",
        "coordinates": [
          [
            404540.7106484433,
            4761698.110951806
          ],
          [
            404540.7106484433,
            4761568.517908712
          ]
        ]
      },
      "properties": {
        "feature_type": "segment",
        "segment_id": 370,
        "step": 370,
        "length_m": 129.59,
        "elevation_start": 134.1,
        "elevation_end": 155.26,
        "slope_percent": 14.1,
        "cost_usd": 77755.83,
        "cost_per_m": 600.0,
        "cumulative_cost": 33523334.4,
        "pressure_drop_pa": 164011.5,
        "cumulative_pressure_pa": 47096098.86,
        "land_cover_class": 20,
        "land_cover_name": "Shrubland",
        "crs": "EPSG:32633"
      }
    },
    {
      "type": "Feature",
      "geometry": {
        "type": "LineString",
        "coordinates": [
          [
            404540.7106484433,
            4761568.517908712
          ],
          [
            404411.1027914084,
            4761438.924865618
          ]
        ]
      },
      "properties": {
        "feature_type": "segment",
        "segment_id": 371,
        "step": 371,
        "length_m": 183.28,
        "elevation_start": 155.26,
        "elevation_end": 193.12,
        "slope_percent": 11.7,
        "cost_usd": 102638.32,
        "cost_per_m": 560.0,
        "cumulative_cost": 33625972.72,
        "pressure_drop_pa": 196086.43,
        "cumulative_pressure_pa": 47292185.28,
        "land_cover_class": 30,
        "land_cover_name": "Grassland",
        "crs": "EPSG:32633"
      }
    },
    {
      "type": "Feature",
      "geometry": {
        "type": "LineString",
        "coordinates": [
          [
            404411.1027914084,
            4761438.924865618
          ],
          [
            404411.1027914084,
            4761309.331822524
          ]
        ]
      },
      "properties": {
        "feature_type": "segment",
        "segment_id": 372,
        "step": 372,
        "length_m": 129.59,
        "elevation_start": 193.12,
        "elevation_end": 191.73,
        "slope_percent": 10.37,
        "cost_usd": 72572.1,
        "cost_per_m": 560.0,
        "cumulative_cost": 33698544.82,
        "pressure_drop_pa": 124540.25,
        "cumulative_pressure_pa": 47416725.54,
        "land_cover_class": 30,
        "land_cover_name": "Grassland",
        "crs": "EPSG:32633"
      }
    },
    {
      "type": "Feature",
      "geometry": {
        "type": "LineString",
        "coordinates": [
          [
            404411.1027914084,
            4761309.331822524
          ],
          [
            404540.7106484433,
            4761179.738779429
          ]
        ]
      },
      "properties": {
        "feature_type": "segment",
        "segment_id": 373,
        "step": 373,
        "length_m": 183.28,
        "elevation_start": 191.73,
        "elevation_end": 187.96,
        "slope_percent": 12.39,
        "cost_usd": 109969.63,
        "cost_per_m": 600.0,
        "cumulative_cost": 33808514.45,
        "pressure_drop_pa": 206512.52,
        "cumulative_pressure_pa": 47623238.06,
        "land_cover_class": 20,
        "land_cover_name": "Shrubland",
        "crs": "EPSG:32633"
      }
    },
    {
      "type": "Feature",
      "geometry": {
        "type": "LineString",
        "coordinates": [
          [
            404540.7106484433,
            4761179.738779429
          ],
          [
            404670.31850547815,
            4761050.145736335
          ]
        ]
      },
      "properties": {
        "feature_type": "segment",
        "segment_id": 374,
        "step": 374,
        "length_m": 183.28,
        "elevation_start": 187.96,
        "elevation_end": 215.95,
        "slope_percent": 8.57,
        "cost_usd": 84310.05,
        "cost_per_m": 460.0,
        "cumulative_cost": 33892824.5,
        "pressure_drop_pa": 148967.76,
        "cumulative_pressure_pa": 47772205.82,
        "land_cover_class": 30,
        "land_cover_name": "Grassland",
        "crs": "EPSG:32633"
      }
    },
    {
      "type": "Feature",
      "geometry": {
        "type": "LineString",
        "coordinates": [
          [
            404670.31850547815,
            4761050.145736335
          ],
          [
            404799.926362513,
            4760920.55269324
          ]
        ]
      },
      "properties": {
        "feature_type": "segment",
        "segment_id": 375,
        "step": 375,
        "length_m": 183.28,
        "elevation_start": 215.95,
        "elevation_end": 221.31,
        "slope_percent": 5.62,
        "cost_usd": 84310.05,
        "cost_per_m": 460.0,
        "cumulative_cost": 33977134.55,
        "pressure_drop_pa": 104274.09,
        "cumulative_pressure_pa": 47876479.91,
        "land_cover_class": 30,
        "land_cover_name": "Grassland",
        "crs": "EPSG:32633"
      }
    },
    {
      "type": "Feature",
      "geometry": {
        "type": "LineString",
        "coordinates": [
          [
            404799.926362513,
            4760920.55269324
          ],
          [
            404799.926362513,
            4760790.959650146
          ]
        ]
      },
      "properties": {
        "feature_type": "segment",
        "segment_id": 376,
        "step": 376,
        "length_m": 129.59,
        "elevation_start": 221.31,
        "elevation_end": 196.88,
        "slope_percent": 8.74,
        "cost_usd": 59612.8,
        "cost_per_m": 460.0,
        "cumulative_cost": 34036747.35,
        "pressure_drop_pa": 107159.21,
        "cumulative_pressure_pa": 47983639.12,
        "land_cover_class": 30,
        "land_cover_name": "Grassland",
        "crs": "EPSG:32633"
      }
    },
    {
      "type": "Feature",
      "geometry": {
        "type": "LineString",
        "coordinates": [
          [
            404799.926362513,
            4760790.959650146
          ],
          [
            404799.926362513,
            4760661.366607051
          ]
        ]
      },
      "properties": {
        "feature_type": "segment",
        "segment_id": 377,
        "step": 377,
        "length_m": 129.59,
        "elevation_start": 196.88,
        "elevation_end": 198.09,
        "slope_percent": 12.53,
        "cost_usd": 85531.41,
        "cost_per_m": 660.0,
        "cumulative_cost": 34122278.75,
        "pressure_drop_pa": 147415.33,
        "cumulative_pressure_pa": 48131054.45,
        "land_cover_class": 10,
        "land_cover_name": "Tree cover",
        "crs": "EPSG:32633"
      }
    },
    {
      "type": "Feature",
      "geometry": {
        "type": "LineString",
        "coordinates": [
          [
            404799.926362513,
            4760661.366607051
          ],
          [
            404799.926362513,
            4760531.773563957
          ]
        ]
      },
      "properties": {
        "feature_type": "segment",
        "segment_id": 378,
        "step": 378,
        "length_m": 129.59,
        "elevation_start": 198.09,
        "elevation_end": 215.66,
        "slope_percent": 10.18,
        "cost_usd": 72572.1,
        "cost_per_m": 560.0,
        "cumulative_cost": 34194850.86,
        "pressure_drop_pa": 122537.68,
        "cumulative_pressure_pa": 48253592.13,
        "land_cover_class": 30,
        "land_cover_name": "Grassland",
        "crs": "EPSG:32633"
      }
    },
    {
      "type": "Feature",
      "geometry": {
        "type": "LineString",
        "coordinates": [
          [
            404799.926362513,
            4760531.773563957
          ],
          [
            404929.5342195479,
            4760402.180520862
          ]
        ]
      },
      "properties": {
        "feature_type": "segment",
        "segment_id": 379,
        "step": 379,
        "length_m": 183.28,
        "elevation_start": 215.66,
        "elevation_end": 212.77,
        "slope_percent": 9.39,
        "cost_usd": 84310.05,
        "cost_per_m": 460.0,
        "cumulative_cost": 34279160.91,
        "pressure_drop_pa": 161444.91,
        "cumulative_pressure_pa": 48415037.04,
        "land_cover_class": 30,
        "land_cover_name": "Grassland",
        "crs": "EPSG:32633"
      }
    },
    {
      "type": "Feature",
      "geometry": {
        "type": "LineString",
        "coordinates": [
          [
            404929.5342195479,
            4760402.180520862
          ],
          [
            404799.926362513,
            4760272.587477768
          ]
        ]
      },
      "properties": {
        "feature_type": "segment",
        "segment_id": 380,
        "step": 380,
        "length_m": 183.28,
        "elevation_start": 212.77,
        "elevation_end": 221.59,
        "slope_percent": 10.26,
        "cost_usd": 102638.32,
        "cost_per_m": 560.0,
        "cumulative_cost": 34381799.23,
        "pressure_drop_pa": 174454.97,
        "cumulative_pressure_pa": 48589492.0,
        "land_cover_class": 30,
        "land_cover_name": "Grassland",
        "crs": "EPSG:32633"
      }
    },
    {
      "type": "Feature",
      "geometry": {
        "type": "LineString",
        "coordinates": [
          [
            404799.926362513,
            4760272.587477768
          ],
          [
            404799.926362513,
            4760142.994434674
          ]
        ]
      },
      "properties": {
        "feature_type": "segment",
        "segment_id": 381,
        "step": 381,
        "length_m": 129.59,
        "elevation_start": 221.59,
        "elevation_end": 208.22,
        "slope_percent": 25.76,
        "cost_usd": 160695.37,
        "cost_per_m": 1240.0,
        "cumulative_cost": 34542494.6,
        "pressure_drop_pa": 282625.83,
        "cumulative_pressure_pa": 48872117.84,
        "land_cover_class": 20,
        "land_cover_name": "Shrubland",
        "crs": "EPSG:32633"
      }
    },
    {
      "type": "Feature",
      "geometry": {
        "type": "LineString",
        "coordinates": [
          [
            404799.926362513,
            4760142.994434674
          ],
          [
            404670.31850547815,
            4760013.40139158
          ]
        ]
      },
      "properties": {
        "feature_type": "segment",
        "segment_id": 382,
        "step": 382,
        "length_m": 183.28,
        "elevation_start": 208.22,
        "elevation_end": 163.95,
        "slope_percent": 23.42,
        "cost_usd": 153957.48,
        "cost_per_m": 840.0,
        "cumulative_cost": 34696452.08,
        "pressure_drop_pa": 366969.67,
        "cumulative_pressure_pa": 49239087.51,
        "land_cover_class": 20,
        "land_cover_name": "Shrubland",
        "crs": "EPSG:32633"
      }
    },
    {
      "type": "Feature",
      "geometry": {
        "type": "LineString",
        "coordinates": [
          [
            404670.31850547815,
            4760013.40139158
          ],
          [
            404670.31850547815,
            4759883.808348485
          ]
        ]
      },
      "properties": {
        "feature_type": "segment",
        "segment_id": 383,
        "step": 383,
        "length_m": 129.59,
        "elevation_start": 163.95,
        "elevation_end": 151.59,
        "slope_percent": 23.66,
        "cost_usd": 108858.16,
        "cost_per_m": 840.0,
        "cumulative_cost": 34805310.24,
        "pressure_drop_pa": 261941.88,
        "cumulative_pressure_pa": 49501029.39,
        "land_cover_class": 20,
        "land_cover_name": "Shrubland",
        "crs": "EPSG:32633"
      }
    },
    {
      "type": "Feature",
      "geometry": {
        "type": "LineString",
        "coordinates": [
          [
            404670.31850547815,
            4759883.808348485
          ],
          [
            404799.926362513,
            4759754.215305391
          ]
        ]
      },
      "properties": {
        "feature_type": "segment",
        "segment_id": 384,
        "step": 384,
        "length_m": 183.28,
        "elevation_start": 151.59,
        "elevation_end": 100.09,
        "slope_percent": 20.99,
        "cost_usd": 146626.17,
        "cost_per_m": 800.0,
        "cumulative_cost": 34951936.41,
        "pressure_drop_pa": 332477.76,
        "cumulative_pressure_pa": 49833507.15,
        "land_cover_class": 30,
        "land_cover_name": "Grassland",
        "crs": "EPSG:32633"
      }
    },
    {
      "type": "Feature",
      "geometry": {
        "type": "LineString",
        "coordinates": [
          [
            404799.926362513,
            4759754.215305391
          ],
          [
            404799.926362513,
            4759624.622262296
          ]
        ]
      },
      "properties": {
        "feature_type": "segment",
        "segment_id": 385,
        "step": 385,
        "length_m": 129.59,
        "elevation_start": 100.09,
        "elevation_end": 73.09,
        "slope_percent": 19.98,
        "cost_usd": 103674.43,
        "cost_per_m": 800.0,
        "cumulative_cost": 35055610.84,
        "pressure_drop_pa": 224778.56,
        "cumulative_pressure_pa": 50058285.71,
        "land_cover_class": 30,
        "land_cover_name": "Grassland",
        "crs": "EPSG:32633"
      }
    },
    {
      "type": "Feature",
      "geometry": {
        "type": "LineString",
        "coordinates": [
          [
            404799.926362513,
            4759624.622262296
          ],
          [
            404799.926362513,
            4759495.029219202
          ]
        ]
      },
      "properties": {
        "feature_type": "segment",
        "segment_id": 386,
        "step": 386,
        "length_m": 129.59,
        "elevation_start": 73.09,
        "elevation_end": 47.19,
        "slope_percent": 15.26,
        "cost_usd": 108858.16,
        "cost_per_m": 840.0,
        "cumulative_cost": 35164469.0,
        "pressure_drop_pa": 176111.02,
        "cumulative_pressure_pa": 50234396.73,
        "land_cover_class": 20,
        "land_cover_name": "Shrubland",
        "crs": "EPSG:32633"
      }
    },
    {
      "type": "Feature",
      "geometry": {
        "type": "LineString",
        "coordinates": [
          [
            404799.926362513,
            4759495.029219202
          ],
          [
            404799.926362513,
            4759365.436176107
          ]
        ]
      },
      "properties": {
        "feature_type": "segment",
        "segment_id": 387,
        "step": 387,
        "length_m": 129.59,
        "elevation_start": 47.19,
        "elevation_end": 35.6,
        "slope_percent": 6.25,
        "cost_usd": 72572.1,
        "cost_per_m": 560.0,
        "cumulative_cost": 35237041.1,
        "pressure_drop_pa": 80486.74,
        "cumulative_pressure_pa": 50314883.47,
        "land_cover_class": 10,
        "land_cover_name": "Tree cover",
        "crs": "EPSG:32633"
      }
    },
    {
      "type": "Feature",
      "geometry": {
        "type": "LineString",
        "coordinates": [
          [
            404799.926362513,
            4759365.436176107
          ],
          [
            404929.5342195479,
            4759235.843133013
          ]
        ]
      },
      "properties": {
        "feature_type": "segment",
        "segment_id": 388,
        "step": 388,
        "length_m": 183.28,
        "elevation_start": 35.6,
        "elevation_end": 31.44,
        "slope_percent": 1.98,
        "cost_usd": 73313.09,
        "cost_per_m": 400.0,
        "cumulative_cost": 35310354.19,
        "pressure_drop_pa": 48741.22,
        "cumulative_pressure_pa": 50363624.68,
        "land_cover_class": 30,
        "land_cover_name": "Grassland",
        "crs": "EPSG:32633"
      }
    },
    {
      "type": "Feature",
      "geometry": {
        "type": "LineString",
        "coordinates": [
          [
            404929.5342195479,
            4759235.843133013
          ],
          [
            405059.1420765827,
            4759106.250089918
          ]
        ]
      },
      "properties": {
        "feature_type": "segment",
        "segment_id": 389,
        "step": 389,
        "length_m": 183.28,
        "elevation_start": 31.44,
        "elevation_end": 27.88,
        "slope_percent": 0.58,
        "cost_usd": 73313.09,
        "cost_per_m": 400.0,
        "cumulative_cost": 35383667.27,
        "pressure_drop_pa": 27431.66,
        "cumulative_pressure_pa": 50391056.35,
        "land_cover_class": 30,
        "land_cover_name": "Grassland",
        "crs": "EPSG:32633"
      }
    },
    {
      "type": "Feature",
      "geometry": {
        "type": "LineString",
        "coordinates": [
          [
            405059.1420765827,
            4759106.250089918
          ],
          [
            404929.5342195479,
            4758976.657046824
          ]
        ]
      },
      "properties": {
        "feature_type": "segment",
        "segment_id": 390,
        "step": 390,
        "length_m": 183.28,
        "elevation_start": 27.88,
        "elevation_end": 31.79,
        "slope_percent": 7.39,
        "cost_usd": 84310.05,
        "cost_per_m": 460.0,
        "cumulative_cost": 35467977.32,
        "pressure_drop_pa": 131221.65,
        "cumulative_pressure_pa": 50522278.0,
        "land_cover_class": 30,
        "land_cover_name": "Grassland",
        "crs": "EPSG:32633"
      }
    },
    {
      "type": "Feature",
      "geometry": {
        "type": "LineString",
        "coordinates": [
          [
            404929.5342195479,
            4758976.657046824
          ],
          [
            404929.5342195479,
            4758847.06400373
          ]
        ]
      },
      "properties": {
        "feature_type": "segment",
        "segment_id": 391,
        "step": 391,
        "length_m": 129.59,
        "elevation_start": 31.79,
        "elevation_end": 44.6,
        "slope_percent": 17.3,
        "cost_usd": 108858.16,
        "cost_per_m": 840.0,
        "cumulative_cost": 35576835.48,
        "pressure_drop_pa": 197311.21,
        "cumulative_pressure_pa": 50719589.21,
        "land_cover_class": 20,
        "land_cover_name": "Shrubland",
        "crs": "EPSG:32633"
      }
    },
    {
      "type": "Feature",
      "geometry": {
        "type": "LineString",
        "coordinates": [
          [
            404929.5342195479,
            4758847.06400373
          ],
          [
            404929.5342195479,
            4758717.470960636
          ]
        ]
      },
      "properties": {
        "feature_type": "segment",
        "segment_id": 392,
        "step": 392,
        "length_m": 129.59,
        "elevation_start": 44.6,
        "elevation_end": 68.92,
        "slope_percent": 17.43,
        "cost_usd": 103674.43,
        "cost_per_m": 800.0,
        "cumulative_cost": 35680509.91,
        "pressure_drop_pa": 198643.16,
        "cumulative_pressure_pa": 50918232.37,
        "land_cover_class": 30,
        "land_cover_name": "Grassland",
        "crs": "EPSG:32633"
      }
    },
    {
      "type": "Feature",
      "geometry": {
        "type": "LineString",
        "coordinates": [
          [
            404929.5342195479,
            4758717.470960636
          ],
          [
            404929.5342195479,
            4758587.877917541
          ]
        ]
      },
      "properties": {
        "feature_type": "segment",
        "segment_id": 393,
        "step": 393,
        "length_m": 129.59,
        "elevation_start": 68.92,
        "elevation_end": 86.83,
        "slope_percent": 15.12,
        "cost_usd": 116633.74,
        "cost_per_m": 900.0,
        "cumulative_cost": 35797143.65,
        "pressure_drop_pa": 174633.75,
        "cumulative_pressure_pa": 51092866.12,
        "land_cover_class": 10,
        "land_cover_name": "Tree cover",
        "crs": "EPSG:32633"
      }
    },
    {
      "type": "Feature",
      "geometry": {
        "type": "LineString",
        "coordinates": [
          [
            404929.5342195479,
            4758587.877917541
          ],
          [
            404929.5342195479,
            4758458.284874447
          ]
        ]
      },
      "properties": {
        "feature_type": "segment",
        "segment_id": 394,
        "step": 394,
        "length_m": 129.59,
        "elevation_start": 86.83,
        "elevation_end": 117.28,
        "slope_percent": 20.48,
        "cost_usd": 116633.74,
        "cost_per_m": 900.0,
        "cumulative_cost": 35913777.39,
        "pressure_drop_pa": 229897.37,
        "cumulative_pressure_pa": 51322763.49,
        "land_cover_class": 10,
        "land_cover_name": "Tree cover",
        "crs": "EPSG:32633"
      }
    },
    {
      "type": "Feature",
      "geometry": {
        "type": "LineString",
        "coordinates": [
          [
            404929.5342195479,
            4758458.284874447
          ],
          [
            404929.5342195479,
            4758328.691831352
          ]
        ]
      },
      "properties": {
        "feature_type": "segment",
        "segment_id": 395,
        "step": 395,
        "length_m": 129.59,
        "elevation_start": 117.28,
        "elevation_end": 165.87,
        "slope_percent": 24.8,
        "cost_usd": 116633.74,
        "cost_per_m": 900.0,
        "cumulative_cost": 36030411.13,
        "pressure_drop_pa": 273183.24,
        "cumulative_pressure_pa": 51595946.73,
        "land_cover_class": 10,
        "land_cover_name": "Tree cover",
        "crs": "EPSG:32633"
      }
    },
    {
      "type": "Feature",
      "geometry": {
        "type": "LineString",
        "coordinates": [
          [
            404929.5342195479,
            4758328.691831352
          ],
          [
            404929.5342195479,
            4758199.098788258
          ]
        ]
      },
      "properties": {
        "feature_type": "segment",
        "segment_id": 396,
        "step": 396,
        "length_m": 129.59,
        "elevation_start": 165.87,
        "elevation_end": 193.41,
        "slope_percent": 26.55,
        "cost_usd": 168470.96,
        "cost_per_m": 1300.0,
        "cumulative_cost": 36198882.09,
        "pressure_drop_pa": 290376.73,
        "cumulative_pressure_pa": 51886323.46,
        "land_cover_class": 10,
        "land_cover_name": "Tree cover",
        "crs": "EPSG:32633"
      }
    },
    {
      "type": "Feature",
      "geometry": {
        "type": "LineString",
        "coordinates": [
          [
            404929.5342195479,
            4758199.098788258
          ],
          [
            405059.1420765827,
            4758069.505745163
          ]
        ]
      },
      "properties": {
        "feature_type": "segment",
        "segment_id": 397,
        "step": 397,
        "length_m": 183.28,
        "elevation_start": 193.41,
        "elevation_end": 232.13,
        "slope_percent": 20.05,
        "cost_usd": 164954.44,
        "cost_per_m": 900.0,
        "cumulative_cost": 36363836.53,
        "pressure_drop_pa": 318910.77,
        "cumulative_pressure_pa": 52205234.23,
        "land_cover_class": 10,
        "land_cover_name": "Tree cover",
        "crs": "EPSG:32633"
      }
    },
    {
      "type": "Feature",
      "geometry": {
        "type": "LineString",
        "coordinates": [
          [
            405059.1420765827,
            4758069.505745163
          ],
          [
            405059.1420765827,
            4757939.912702069
          ]
        ]
      },
      "properties": {
        "feature_type": "segment",
        "segment_id": 398,
        "step": 398,
        "length_m": 129.59,
        "elevation_start": 232.13,
        "elevation_end": 231.88,
        "slope_percent": 6.62,
        "cost_usd": 64796.52,
        "cost_per_m": 500.0,
        "cumulative_cost": 36428633.05,
        "pressure_drop_pa": 84466.06,
        "cumulative_pressure_pa": 52289700.29,
        "land_cover_class": 20,
        "land_cover_name": "Shrubland",
        "crs": "EPSG:32633"
      }
    },
    {
      "type": "Feature",
      "geometry": {
        "type": "LineString",
        "coordinates": [
          [
            405059.1420765827,
            4757939.912702069
          ],
          [
            405059.1420765827,
            4757810.319658974
          ]
        ]
      },
      "properties": {
        "feature_type": "segment",
        "segment_id": 399,
        "step": 399,
        "length_m": 129.59,
        "elevation_start": 231.88,
        "elevation_end": 233.43,
        "slope_percent": 1.07,
        "cost_usd": 51837.22,
        "cost_per_m": 400.0,
        "cumulative_cost": 36480470.27,
        "pressure_drop_pa": 24650.78,
        "cumulative_pressure_pa": 52314351.08,
        "land_cover_class": 30,
        "land_cover_name": "Grassland",
        "crs": "EPSG:32633"
      }
    },
    {
      "type": "Feature",
      "geometry": {
        "type": "LineString",
        "coordinates": [
          [
            405059.1420765827,
            4757810.319658974
          ],
          [
            405059.1420765827,
            4757680.72661588
          ]
        ]
      },
      "properties": {
        "feature_type": "segment",
        "segment_id": 400,
        "step": 400,
        "length_m": 129.59,
        "elevation_start": 233.43,
        "elevation_end": 228.38,
        "slope_percent": 15.27,
        "cost_usd": 108858.16,
        "cost_per_m": 840.0,
        "cumulative_cost": 36589328.42,
        "pressure_drop_pa": 176170.56,
        "cumulative_pressure_pa": 52490521.64,
        "land_cover_class": 20,
        "land_cover_name": "Shrubland",
        "crs": "EPSG:32633"
      }
    },
    {
      "type": "Feature",
      "geometry": {
        "type": "LineString",
        "coordinates": [
          [
            405059.1420765827,
            4757680.72661588
          ],
          [
            405188.74993361754,
            4757551.133572786
          ]
        ]
      },
      "properties": {
        "feature_type": "segment",
        "segment_id": 401,
        "step": 401,
        "length_m": 183.28,
        "elevation_start": 228.38,
        "elevation_end": 206.05,
        "slope_percent": 20.48,
        "cost_usd": 146626.17,
        "cost_per_m": 800.0,
        "cumulative_cost": 36735954.6,
        "pressure_drop_pa": 325082.67,
        "cumulative_pressure_pa": 52815604.31,
        "land_cover_class": 30,
        "land_cover_name": "Grassland",
        "crs": "EPSG:32633"
      }
    },
    {
      "type": "Feature",
      "geometry": {
        "type": "LineString",
        "coordinates": [
          [
            405188.74993361754,
            4757551.133572786
          ],
          [
            405188.74993361754,
            4757421.540529692
          ]
        ]
      },
      "properties": {
        "feature_type": "segment",
        "segment_id": 402,
        "step": 402,
        "length_m": 129.59,
        "elevation_start": 206.05,
        "elevation_end": 187.51,
        "slope_percent": 13.36,
        "cost_usd": 98490.71,
        "cost_per_m": 760.0,
        "cumulative_cost": 36834445.31,
        "pressure_drop_pa": 156199.45,
        "cumulative_pressure_pa": 52971803.77,
        "land_cover_class": 40,
        "land_cover_name": "Cropland",
        "crs": "EPSG:32633"
      }
    },
    {
      "type": "Feature",
      "geometry": {
        "type": "LineString",
        "coordinates": [
          [
            405188.74993361754,
            4757421.540529692
          ],
          [
            405188.74993361754,
            4757291.947486597
          ]
        ]
      },
      "properties": {
        "feature_type": "segment",
        "segment_id": 403,
        "step": 403,
        "length_m": 129.59,
        "elevation_start": 187.51,
        "elevation_end": 170.59,
        "slope_percent": 20.94,
        "cost_usd": 103674.43,
        "cost_per_m": 800.0,
        "cumulative_cost": 36938119.74,
        "pressure_drop_pa": 234529.5,
        "cumulative_pressure_pa": 53206333.26,
        "land_cover_class": 30,
        "land_cover_name": "Grassland",
        "crs": "EPSG:32633"
      }
    },
    {
      "type": "Feature",
      "geometry": {
        "type": "LineString",
        "coordinates": [
          [
            405188.74993361754,
            4757291.947486597
          ],
          [
            405188.74993361754,
            4757162.354443503
          ]
        ]
      },
      "properties": {
        "feature_type": "segment",
        "segment_id": 404,
        "step": 404,
        "length_m": 129.59,
        "elevation_start": 170.59,
        "elevation_end": 130.8,
        "slope_percent": 23.5,
        "cost_usd": 103674.43,
        "cost_per_m": 800.0,
        "cumulative_cost": 37041794.18,
        "pressure_drop_pa": 260296.89,
        "cumulative_pressure_pa": 53466630.16,
        "land_cover_class": 30,
        "land_cover_name": "Grassland",
        "crs": "EPSG:32633"
      }
    },
    {
      "type": "Feature",
      "geometry": {
        "type": "LineString",
        "coordinates": [
          [
            405188.74993361754,
            4757162.354443503
          ],
          [
            405188.74993361754,
            4757032.761400408
          ]
        ]
      },
      "properties": {
        "feature_type": "segment",
        "segment_id": 405,
        "step": 405,
        "length_m": 129.59,
        "elevation_start": 130.8,
        "elevation_end": 109.91,
        "slope_percent": 18.69,
        "cost_usd": 108858.16,
        "cost_per_m": 840.0,
        "cumulative_cost": 37150652.33,
        "pressure_drop_pa": 211640.55,
        "cumulative_pressure_pa": 53678270.71,
        "land_cover_class": 20,
        "land_cover_name": "Shrubland",
        "crs": "EPSG:32633"
      }
    },
    {
      "type": "Feature",
      "geometry": {
        "type": "LineString",
        "coordinates": [
          [
            405188.74993361754,
            4757032.761400408
          ],
          [
            405188.74993361754,
            4756903.168357314
          ]
        ]
      },
      "properties": {
        "feature_type": "segment",
        "segment_id": 406,
        "step": 406,
        "length_m": 129.59,
        "elevation_start": 109.91,
        "elevation_end": 85.56,
        "slope_percent": 19.37,
        "cost_usd": 103674.43,
        "cost_per_m": 800.0,
        "cumulative_cost": 37254326.77,
        "pressure_drop_pa": 218566.34,
        "cumulative_pressure_pa": 53896837.05,
        "land_cover_class": 30,
        "land_cover_name": "Grassland",
        "crs": "EPSG:32633"
      }
    },
    {
      "type": "Feature",
      "geometry": {
        "type": "LineString",
        "coordinates": [
          [
            405188.74993361754,
            4756903.168357314
          ],
          [
            405059.1420765827,
            4756773.575314219
          ]
        ]
      },
      "properties": {
        "feature_type": "segment",
        "segment_id": 407,
        "step": 407,
        "length_m": 183.28,
        "elevation_start": 85.56,
        "elevation_end": 59.0,
        "slope_percent": 5.24,
        "cost_usd": 84310.05,
        "cost_per_m": 460.0,
        "cumulative_cost": 37338636.82,
        "pressure_drop_pa": 98507.07,
        "cumulative_pressure_pa": 53995344.12,
        "land_cover_class": 30,
        "land_cover_name": "Grassland",
        "crs": "EPSG:32633"
      }
    },
    {
      "type": "Feature",
      "geometry": {
        "type": "LineString",
        "coordinates": [
          [
            405059.1420765827,
            4756773.575314219
          ],
          [
            404929.5342195479,
            4756773.575314219
          ]
        ]
      },
      "properties": {
        "feature_type": "segment",
        "segment_id": 408,
        "step": 408,
        "length_m": 129.61,
        "elevation_start": 59.0,
        "elevation_end": 60.35,
        "slope_percent": 3.7,
        "cost_usd": 51843.14,
        "cost_per_m": 400.0,
        "cumulative_cost": 37390479.96,
        "pressure_drop_pa": 53097.26,
        "cumulative_pressure_pa": 54048441.37,
        "land_cover_class": 30,
        "land_cover_name": "Grassland",
        "crs": "EPSG:32633"
      }
    },
    {
      "type": "Feature",
      "geometry": {
        "type": "LineString",
        "coordinates": [
          [
            404929.5342195479,
            4756773.575314219
          ],
          [
            404799.926362513,
            4756643.982271125
          ]
        ]
      },
      "properties": {
        "feature_type": "segment",
        "segment_id": 409,
        "step": 409,
        "length_m": 183.28,
        "elevation_start": 60.35,
        "elevation_end": 73.96,
        "slope_percent": 10.35,
        "cost_usd": 102638.32,
        "cost_per_m": 560.0,
        "cumulative_cost": 37493118.28,
        "pressure_drop_pa": 175826.68,
        "cumulative_pressure_pa": 54224268.05,
        "land_cover_class": 30,
        "land_cover_name": "Grassland",
        "crs": "EPSG:32633"
      }
    },
    {
      "type": "Feature",
      "geometry": {
        "type": "LineString",
        "coordinates": [
          [
            404799.926362513,
            4756643.982271125
          ],
          [
            404799.926362513,
            4756514.38922803
          ]
        ]
      },
      "properties": {
        "feature_type": "segment",
        "segment_id": 410,
        "step": 410,
        "length_m": 129.59,
        "elevation_start": 73.96,
        "elevation_end": 88.6,
        "slope_percent": 9.88,
        "cost_usd": 59612.8,
        "cost_per_m": 460.0,
        "cumulative_cost": 37552731.08,
        "pressure_drop_pa": 119357.68,
        "cumulative_pressure_pa": 54343625.73,
        "land_cover_class": 30,
        "land_cover_name": "Grassland",
        "crs": "EPSG:32633"
      }
    },
    {
      "type": "Feature",
      "geometry": {
        "type": "LineString",
        "coordinates": [
          [
            404799.926362513,
            4756514.38922803
          ],
          [
            404670.31850547815,
            4756384.796184937
          ]
        ]
      },
      "properties": {
        "feature_type": "segment",
        "segment_id": 411,
        "step": 411,
        "length_m": 183.28,
        "elevation_start": 88.6,
        "elevation_end": 92.83,
        "slope_percent": 8.76,
        "cost_usd": 84310.05,
        "cost_per_m": 460.0,
        "cumulative_cost": 37637041.13,
        "pressure_drop_pa": 151939.58,
        "cumulative_pressure_pa": 54495565.31,
        "land_cover_class": 30,
        "land_cover_name": "Grassland",
        "crs": "EPSG:32633"
      }
    },
    {
      "type": "Feature",
      "geometry": {
        "type": "LineString",
        "coordinates": [
          [
            404670.31850547815,
            4756384.796184937
          ],
          [
            404670.31850547815,
            4756255.203141842
          ]
        ]
      },
      "properties": {
        "feature_type": "segment",
        "segment_id": 412,
        "step": 412,
        "length_m": 129.59,
        "elevation_start": 92.83,
        "elevation_end": 131.1,
        "slope_percent": 13.77,
        "cost_usd": 77755.83,
        "cost_per_m": 600.0,
        "cumulative_cost": 37714796.95,
        "pressure_drop_pa": 160525.82,
        "cumulative_pressure_pa": 54656091.13,
        "land_cover_class": 20,
        "land_cover_name": "Shrubland",
        "crs": "EPSG:32633"
      }
    },
    {
      "type": "Feature",
      "geometry": {
        "type": "LineString",
        "coordinates": [
          [
            404670.31850547815,
            4756255.203141842
          ],
          [
            404670.31850547815,
            4756125.610098748
          ]
        ]
      },
      "properties": {
        "feature_type": "segment",
        "segment_id": 413,
        "step": 413,
        "length_m": 129.59,
        "elevation_start": 131.1,
        "elevation_end": 143.36,
        "slope_percent": 15.06,
        "cost_usd": 116633.74,
        "cost_per_m": 900.0,
        "cumulative_cost": 37831430.69,
        "pressure_drop_pa": 174019.74,
        "cumulative_pressure_pa": 54830110.87,
        "land_cover_class": 10,
        "land_cover_name": "Tree cover",
        "crs": "EPSG:32633"
      }
    },
    {
      "type": "Feature",
      "geometry": {
        "type": "LineString",
        "coordinates": [
          [
            404670.31850547815,
            4756125.610098748
          ],
          [
            404670.31850547815,
            4755996.017055653
          ]
        ]
      },
      "properties": {
        "feature_type": "segment",
        "segment_id": 414,
        "step": 414,
        "length_m": 129.59,
        "elevation_start": 143.36,
        "elevation_end": 161.93,
        "slope_percent": 21.87,
        "cost_usd": 103674.43,
        "cost_per_m": 800.0,
        "cumulative_cost": 37935105.13,
        "pressure_drop_pa": 243999.72,
        "cumulative_pressure_pa": 55074110.59,
        "land_cover_class": 30,
        "land_cover_name": "Grassland",
        "crs": "EPSG:32633"
      }
    },
    {
      "type": "Feature",
      "geometry": {
        "type": "LineString",
        "coordinates": [
          [
            404670.31850547815,
            4755996.017055653
          ],
          [
            404799.926362513,
            4755866.424012559
          ]
        ]
      },
      "properties": {
        "feature_type": "segment",
        "segment_id": 415,
        "step": 415,
        "length_m": 183.28,
        "elevation_start": 161.93,
        "elevation_end": 201.73,
        "slope_percent": 4.56,
        "cost_usd": 73313.09,
        "cost_per_m": 400.0,
        "cumulative_cost": 38008418.21,
        "pressure_drop_pa": 88062.77,
        "cumulative_pressure_pa": 55162173.36,
        "land_cover_class": 30,
        "land_cover_name": "Grassland",
        "crs": "EPSG:32633"
      }
    },
    {
      "type": "Feature",
      "geometry": {
        "type": "LineString",
        "coordinates": [
          [
            404799.926362513,
            4755866.424012559
          ],
          [
            404799.926362513,
            4755736.830969464
          ]
        ]
      },
      "properties": {
        "feature_type": "segment",
        "segment_id": 416,
        "step": 416,
        "length_m": 129.59,
        "elevation_start": 201.73,
        "elevation_end": 174.66,
        "slope_percent": 16.96,
        "cost_usd": 108858.16,
        "cost_per_m": 840.0,
        "cumulative_cost": 38117276.37,
        "pressure_drop_pa": 193762.04,
        "cumulative_pressure_pa": 55355935.4,
        "land_cover_class": 20,
        "land_cover_name": "Shrubland",
        "crs": "EPSG:32633"
      }
    },
    {
      "type": "Feature",
      "geometry": {
        "type": "LineString",
        "coordinates": [
          [
            404799.926362513,
            4755736.830969464
          ],
          [
            404799.926362513,
            4755607.2379263695
          ]
        ]
      },
      "properties": {
        "feature_type": "segment",
        "segment_id": 417,
        "step": 417,
        "length_m": 129.59,
        "elevation_start": 174.66,
        "elevation_end": 158.84,
        "slope_percent": 18.18,
        "cost_usd": 103674.43,
        "cost_per_m": 800.0,
        "cumulative_cost": 38220950.8,
        "pressure_drop_pa": 206377.76,
        "cumulative_pressure_pa": 55562313.16,
        "land_cover_class": 30,
        "land_cover_name": "Grassland",
        "crs": "EPSG:32633"
      }
    },
    {
      "type": "Feature",
      "geometry": {
        "type": "LineString",
        "coordinates": [
          [
            404799.926362513,
            4755607.2379263695
          ],
          [
            404799.926362513,
            4755477.644883275
          ]
        ]
      },
      "properties": {
        "feature_type": "segment",
        "segment_id": 418,
        "step": 418,
        "length_m": 129.59,
        "elevation_start": 158.84,
        "elevation_end": 159.31,
        "slope_percent": 16.54,
        "cost_usd": 103674.43,
        "cost_per_m": 800.0,
        "cumulative_cost": 38324625.24,
        "pressure_drop_pa": 189443.16,
        "cumulative_pressure_pa": 55751756.32,
        "land_cover_class": 30,
        "land_cover_name": "Grassland",
        "crs": "EPSG:32633"
      }
    },
    {
      "type": "Feature",
      "geometry": {
        "type": "LineString",
        "coordinates": [
          [
            404799.926362513,
            4755477.644883275
          ],
          [
            404670.31850547815,
            4755348.0518401805
          ]
        ]
      },
      "properties": {
        "feature_type": "segment",
        "segment_id": 419,
        "step": 419,
        "length_m": 183.28,
        "elevation_start": 159.31,
        "elevation_end": 159.24,
        "slope_percent": 9.55,
        "cost_usd": 102638.32,
        "cost_per_m": 560.0,
        "cumulative_cost": 38427263.56,
        "pressure_drop_pa": 163766.43,
        "cumulative_pressure_pa": 55915522.74,
        "land_cover_class": 10,
        "land_cover_name": "Tree cover",
        "crs": "EPSG:32633"
      }
    },
    {
      "type": "Feature",
      "geometry": {
        "type": "LineString",
        "coordinates": [
          [
            404670.31850547815,
            4755348.0518401805
          ],
          [
            404670.31850547815,
            4755218.458797086
          ]
        ]
      },
      "properties": {
        "feature_type": "segment",
        "segment_id": 420,
        "step": 420,
        "length_m": 129.59,
        "elevation_start": 159.24,
        "elevation_end": 181.17,
        "slope_percent": 16.33,
        "cost_usd": 108858.16,
        "cost_per_m": 840.0,
        "cumulative_cost": 38536121.71,
        "pressure_drop_pa": 187255.42,
        "cumulative_pressure_pa": 56102778.16,
        "land_cover_class": 20,
        "land_cover_name": "Shrubland",
        "crs": "EPSG:32633"
      }
    },
    {
      "type": "Feature",
      "geometry": {
        "type": "LineString",
        "coordinates": [
          [
            404670.31850547815,
            4755218.458797086
          ],
          [
            404540.7106484433,
            4755088.865753992
          ]
        ]
      },
      "properties": {
        "feature_type": "segment",
        "segment_id": 421,
        "step": 421,
        "length_m": 183.28,
        "elevation_start": 181.17,
        "elevation_end": 208.66,
        "slope_percent": 16.69,
        "cost_usd": 153957.48,
        "cost_per_m": 840.0,
        "cumulative_cost": 38690079.19,
        "pressure_drop_pa": 270119.34,
        "cumulative_pressure_pa": 56372897.51,
        "land_cover_class": 20,
        "land_cover_name": "Shrubland",
        "crs": "EPSG:32633"
      }
    },
    {
      "type": "Feature",
      "geometry": {
        "type": "LineString",
        "coordinates": [
          [
            404540.7106484433,
            4755088.865753992
          ],
          [
            404540.7106484433,
            4754959.272710898
          ]
        ]
      },
      "properties": {
        "feature_type": "segment",
        "segment_id": 422,
        "step": 422,
        "length_m": 129.59,
        "elevation_start": 208.66,
        "elevation_end": 229.4,
        "slope_percent": 16.18,
        "cost_usd": 108858.16,
        "cost_per_m": 840.0,
        "cumulative_cost": 38798937.35,
        "pressure_drop_pa": 185690.87,
        "cumulative_pressure_pa": 56558588.37,
        "land_cover_class": 20,
        "land_cover_name": "Shrubland",
        "crs": "EPSG:32633"
      }
    },
    {
      "type": "Feature",
      "geometry": {
        "type": "LineString",
        "coordinates": [
          [
            404540.7106484433,
            4754959.272710898
          ],
          [
            404540.7106484433,
            4754829.679667803
          ]
        ]
      },
      "properties": {
        "feature_type": "segment",
        "segment_id": 423,
        "step": 423,
        "length_m": 129.59,
        "elevation_start": 229.4,
        "elevation_end": 241.67,
        "slope_percent": 14.83,
        "cost_usd": 77755.83,
        "cost_per_m": 600.0,
        "cumulative_cost": 38876693.18,
        "pressure_drop_pa": 171578.58,
        "cumulative_pressure_pa": 56730166.95,
        "land_cover_class": 20,
        "land_cover_name": "Shrubland",
        "crs": "EPSG:32633"
      }
    },
    {
      "type": "Feature",
      "geometry": {
        "type": "LineString",
        "coordinates": [
          [
            404540.7106484433,
            4754829.679667803
          ],
          [
            404670.31850547815,
            4754700.086624709
          ]
        ]
      },
      "properties": {
        "feature_type": "segment",
        "segment_id": 424,
        "step": 424,
        "length_m": 183.28,
        "elevation_start": 241.67,
        "elevation_end": 245.76,
        "slope_percent": 9.91,
        "cost_usd": 84310.05,
        "cost_per_m": 460.0,
        "cumulative_cost": 38961003.23,
        "pressure_drop_pa": 169181.08,
        "cumulative_pressure_pa": 56899348.03,
        "land_cover_class": 30,
        "land_cover_name": "Grassland",
        "crs": "EPSG:32633"
      }
    },
    {
      "type": "Feature",
      "geometry": {
        "type": "LineString",
        "coordinates": [
          [
            404670.31850547815,
            4754700.086624709
          ],
          [
            404799.926362513,
            4754570.493581614
          ]
        ]
      },
      "properties": {
        "feature_type": "segment",
        "segment_id": 425,
        "step": 425,
        "length_m": 183.28,
        "elevation_start": 245.76,
        "elevation_end": 262.66,
        "slope_percent": 6.86,
        "cost_usd": 84310.05,
        "cost_per_m": 460.0,
        "cumulative_cost": 39045313.27,
        "pressure_drop_pa": 123144.8,
        "cumulative_pressure_pa": 57022492.83,
        "land_cover_class": 30,
        "land_cover_name": "Grassland",
        "crs": "EPSG:32633"
      }
    },
    {
      "type": "Feature",
      "geometry": {
        "type": "LineString",
        "coordinates": [
          [
            404799.926362513,
            4754570.493581614
          ],
          [
            404929.5342195479,
            4754440.90053852
          ]
        ]
      },
      "properties": {
        "feature_type": "segment",
        "segment_id": 426,
        "step": 426,
        "length_m": 183.28,
        "elevation_start": 262.66,
        "elevation_end": 259.49,
        "slope_percent": 14.25,
        "cost_usd": 109969.63,
        "cost_per_m": 600.0,
        "cumulative_cost": 39155282.9,
        "pressure_drop_pa": 234164.79,
        "cumulative_pressure_pa": 57256657.62,
        "land_cover_class": 20,
        "land_cover_name": "Shrubland",
        "crs": "EPSG:32633"
      }
    },
    {
      "type": "Feature",
      "geometry": {
        "type": "LineString",
        "coordinates": [
          [
            404929.5342195479,
            4754440.90053852
          ],
          [
            405059.1420765827,
            4754311.307495425
          ]
        ]
      },
      "properties": {
        "feature_type": "segment",
        "segment_id": 427,
        "step": 427,
        "length_m": 183.28,
        "elevation_start": 259.49,
        "elevation_end": 221.43,
        "slope_percent": 19.42,
        "cost_usd": 153957.48,
        "cost_per_m": 840.0,
        "cumulative_cost": 39309240.38,
        "pressure_drop_pa": 309837.01,
        "cumulative_pressure_pa": 57566494.63,
        "land_cover_class": 20,
        "land_cover_name": "Shrubland",
        "crs": "EPSG:32633"
      }
    },
    {
      "type": "Feature",
      "geometry": {
        "type": "LineString",
        "coordinates": [
          [
            405059.1420765827,
            4754311.307495425
          ],
          [
            405059.1420765827,
            4754181.714452331
          ]
        ]
      },
      "properties": {
        "feature_type": "segment",
        "segment_id": 428,
        "step": 428,
        "length_m": 129.59,
        "elevation_start": 221.43,
        "elevation_end": 206.71,
        "slope_percent": 11.3,
        "cost_usd": 72572.1,
        "cost_per_m": 560.0,
        "cumulative_cost": 39381812.49,
        "pressure_drop_pa": 134392.74,
        "cumulative_pressure_pa": 57700887.38,
        "land_cover_class": 30,
        "land_cover_name": "Grassland",
        "crs": "EPSG:32633"
      }
    },
    {
      "type": "Feature",
      "geometry": {
        "type": "LineString",
        "coordinates": [
          [
            405059.1420765827,
            4754181.714452331
          ],
          [
            405188.74993361754,
            4754052.121409236
          ]
        ]
      },
      "properties": {
        "feature_type": "segment",
        "segment_id": 429,
        "step": 429,
        "length_m": 183.28,
        "elevation_start": 206.71,
        "elevation_end": 179.45,
        "slope_percent": 14.99,
        "cost_usd": 102638.32,
        "cost_per_m": 560.0,
        "cumulative_cost": 39484450.81,
        "pressure_drop_pa": 245017.59,
        "cumulative_pressure_pa": 57945904.97,
        "land_cover_class": 30,
        "land_cover_name": "Grassland",
        "crs": "EPSG:32633"
      }
    },
    {
      "type": "Feature",
      "geometry": {
        "type": "LineString",
        "coordinates": [
          [
            405188.74993361754,
            4754052.121409236
          ],
          [
            405188.74993361754,
            4753922.528366142
          ]
        ]
      },
      "properties": {
        "feature_type": "segment",
        "segment_id": 430,
        "step": 430,
        "length_m": 129.59,
        "elevation_start": 179.45,
        "elevation_end": 174.86,
        "slope_percent": 13.54,
        "cost_usd": 72572.1,
        "cost_per_m": 560.0,
        "cumulative_cost": 39557022.91,
        "pressure_drop_pa": 158096.7,
        "cumulative_pressure_pa": 58104001.67,
        "land_cover_class": 30,
        "land_cover_name": "Grassland",
        "crs": "EPSG:32633"
      }
    },
    {
      "type": "Feature",
      "geometry": {
        "type": "LineString",
        "coordinates": [
          [
            405188.74993361754,
            4753922.528366142
          ],
          [
            405318.35779065243,
            4753792.935323048
          ]
        ]
      },
      "properties": {
        "feature_type": "segment",
        "segment_id": 431,
        "step": 431,
        "length_m": 183.28,
        "elevation_start": 174.86,
        "elevation_end": 152.97,
        "slope_percent": 13.62,
        "cost_usd": 102638.32,
        "cost_per_m": 560.0,
        "cumulative_cost": 39659661.23,
        "pressure_drop_pa": 224810.43,
        "cumulative_pressure_pa": 58328812.1,
        "land_cover_class": 30,
        "land_cover_name": "Grassland",
        "crs": "EPSG:32633"
      }
    },
    {
      "type": "Feature",
      "geometry": {
        "type": "LineString",
        "coordinates": [
          [
            405318.35779065243,
            4753792.935323048
          ],
          [
            405447.96564768726,
            4753663.342279954
          ]
        ]
      },
      "properties": {
        "feature_type": "segment",
        "segment_id": 432,
        "step": 432,
        "length_m": 183.28,
        "elevation_start": 152.97,
        "elevation_end": 111.35,
        "slope_percent": 13.09,
        "cost_usd": 102638.32,
        "cost_per_m": 560.0,
        "cumulative_cost": 39762299.55,
        "pressure_drop_pa": 216836.89,
        "cumulative_pressure_pa": 58545648.99,
        "land_cover_class": 30,
        "land_cover_name": "Grassland",
        "crs": "EPSG:32633"
      }
    },
    {
      "type": "Feature",
      "geometry": {
        "type": "LineString",
        "coordinates": [
          [
            405447.96564768726,
            4753663.342279954
          ],
          [
            405447.96564768726,
            4753533.749236859
          ]
        ]
      },
      "properties": {
        "feature_type": "segment",
        "segment_id": 433,
        "step": 433,
        "length_m": 129.59,
        "elevation_start": 111.35,
        "elevation_end": 96.62,
        "slope_percent": 15.9,
        "cost_usd": 103674.43,
        "cost_per_m": 800.0,
        "cumulative_cost": 39865973.99,
        "pressure_drop_pa": 182781.08,
        "cumulative_pressure_pa": 58728430.07,
        "land_cover_class": 30,
        "land_cover_name": "Grassland",
        "crs": "EPSG:32633"
      }
    },
    {
      "type": "Feature",
      "geometry": {
        "type": "LineString",
        "coordinates": [
          [
            405447.96564768726,
            4753533.749236859
          ],
          [
            405447.96564768726,
            4753404.156193765
          ]
        ]
      },
      "properties": {
        "feature_type": "segment",
        "segment_id": 434,
        "step": 434,
        "length_m": 129.59,
        "elevation_start": 96.62,
        "elevation_end": 75.65,
        "slope_percent": 7.62,
        "cost_usd": 64796.52,
        "cost_per_m": 500.0,
        "cumulative_cost": 39930770.51,
        "pressure_drop_pa": 95153.52,
        "cumulative_pressure_pa": 58823583.59,
        "land_cover_class": 20,
        "land_cover_name": "Shrubland",
        "crs": "EPSG:32633"
      }
    },
    {
      "type": "Feature",
      "geometry": {
        "type": "LineString",
        "coordinates": [
          [
            405447.96564768726,
            4753404.156193765
          ],
          [
            405447.96564768726,
            4753274.56315067
          ]
        ]
      },
      "properties": {
        "feature_type": "segment",
        "segment_id": 435,
        "step": 435,
        "length_m": 129.59,
        "elevation_start": 75.65,
        "elevation_end": 83.68,
        "slope_percent": 10.43,
        "cost_usd": 77755.83,
        "cost_per_m": 600.0,
        "cumulative_cost": 40008526.33,
        "pressure_drop_pa": 125180.93,
        "cumulative_pressure_pa": 58948764.51,
        "land_cover_class": 20,
        "land_cover_name": "Shrubland",
        "crs": "EPSG:32633"
      }
    },
    {
      "type": "Feature",
      "geometry": {
        "type": "LineString",
        "coordinates": [
          [
            405447.96564768726,
            4753274.56315067
          ],
          [
            405577.57350472215,
            4753144.970107576
          ]
        ]
      },
      "properties": {
        "feature_type": "segment",
        "segment_id": 436,
        "step": 436,
        "length_m": 183.28,
        "elevation_start": 83.68,
        "elevation_end": 99.05,
        "slope_percent": 21.18,
        "cost_usd": 146626.17,
        "cost_per_m": 800.0,
        "cumulative_cost": 40155152.5,
        "pressure_drop_pa": 335229.32,
        "cumulative_pressure_pa": 59283993.83,
        "land_cover_class": 30,
        "land_cover_name": "Grassland",
        "crs": "EPSG:32633"
      }
    },
    {
      "type": "Feature",
      "geometry": {
        "type": "LineString",
        "coordinates": [
          [
            405577.57350472215,
            4753144.970107576
          ],
          [
            405707.181361757,
            4753015.377064481
          ]
        ]
      },
      "properties": {
        "feature_type": "segment",
        "segment_id": 437,
        "step": 437,
        "length_m": 183.28,
        "elevation_start": 99.05,
        "elevation_end": 121.99,
        "slope_percent": 21.7,
        "cost_usd": 153957.48,
        "cost_per_m": 840.0,
        "cumulative_cost": 40309109.98,
        "pressure_drop_pa": 342688.54,
        "cumulative_pressure_pa": 59626682.37,
        "land_cover_class": 20,
        "land_cover_name": "Shrubland",
        "crs": "EPSG:32633"
      }
    },
    {
      "type": "Feature",
      "geometry": {
        "type": "LineString",
        "coordinates": [
          [
            405707.181361757,
            4753015.377064481
          ],
          [
            405836.7892187918,
            4752885.784021387
          ]
        ]
      },
      "properties": {
        "feature_type": "segment",
        "segment_id": 438,
        "step": 438,
        "length_m": 183.28,
        "elevation_start": 121.99,
        "elevation_end": 132.67,
        "slope_percent": 18.51,
        "cost_usd": 164954.44,
        "cost_per_m": 900.0,
        "cumulative_cost": 40474064.43,
        "pressure_drop_pa": 296718.53,
        "cumulative_pressure_pa": 59923400.91,
        "land_cover_class": 10,
        "land_cover_name": "Tree cover",
        "crs": "EPSG:32633"
      }
    },
    {
      "type": "Feature",
      "geometry": {
        "type": "LineString",
        "coordinates": [
          [
            405836.7892187918,
            4752885.784021387
          ],
          [
            405966.3970758267,
            4752756.190978292
          ]
        ]
      },
      "properties": {
        "feature_type": "segment",
        "segment_id": 439,
        "step": 439,
        "length_m": 183.28,
        "elevation_start": 132.67,
        "elevation_end": 138.95,
        "slope_percent": 14.79,
        "cost_usd": 139294.86,
        "cost_per_m": 760.0,
        "cumulative_cost": 40613359.29,
        "pressure_drop_pa": 242120.15,
        "cumulative_pressure_pa": 60165521.06,
        "land_cover_class": 40,
        "land_cover_name": "Cropland",
        "crs": "EPSG:32633"
      }
    },
    {
      "type": "Feature",
      "geometry": {
        "type": "LineString",
        "coordinates": [
          [
            405966.3970758267,
            4752756.190978292
          ],
          [
            406096.00493286154,
            4752626.597935198
          ]
        ]
      },
      "properties": {
        "feature_type": "segment",
        "segment_id": 440,
        "step": 440,
        "length_m": 183.28,
        "elevation_start": 138.95,
        "elevation_end": 138.86,
        "slope_percent": 10.88,
        "cost_usd": 102638.32,
        "cost_per_m": 560.0,
        "cumulative_cost": 40715997.61,
        "pressure_drop_pa": 183853.19,
        "cumulative_pressure_pa": 60349374.25,
        "land_cover_class": 30,
        "land_cover_name": "Grassland",
        "crs": "EPSG:32633"
      }
    },
    {
      "type": "Feature",
      "geometry": {
        "type": "LineString",
        "coordinates": [
          [
            406096.00493286154,
            4752626.597935198
          ],
          [
            406225.61278989643,
            4752497.004892104
          ]
        ]
      },
      "properties": {
        "feature_type": "segment",
        "segment_id": 441,
        "step": 441,
        "length_m": 183.28,
        "elevation_start": 138.86,
        "elevation_end": 152.78,
        "slope_percent": 9.49,
        "cost_usd": 84310.05,
        "cost_per_m": 460.0,
        "cumulative_cost": 40800307.66,
        "pressure_drop_pa": 162835.76,
        "cumulative_pressure_pa": 60512210.01,
        "land_cover_class": 30,
        "land_cover_name": "Grassland",
        "crs": "EPSG:32633"
      }
    },
    {
      "type": "Feature",
      "geometry": {
        "type": "LineString",
        "coordinates": [
          [
            406225.61278989643,
            4752497.004892104
          ],
          [
            406355.22064693127,
            4752367.41184901
          ]
        ]
      },
      "properties": {
        "feature_type": "segment",
        "segment_id": 442,
        "step": 442,
        "length_m": 183.28,
        "elevation_start": 152.78,
        "elevation_end": 179.75,
        "slope_percent": 7.37,
        "cost_usd": 91641.36,
        "cost_per_m": 500.0,
        "cumulative_cost": 40891949.02,
        "pressure_drop_pa": 130840.07,
        "cumulative_pressure_pa": 60643050.08,
        "land_cover_class": 20,
        "land_cover_name": "Shrubland",
        "crs": "EPSG:32633"
      }
    },
    {
      "type": "Feature",
      "geometry": {
        "type": "LineString",
        "coordinates": [
          [
            406355.22064693127,
            4752367.41184901
          ],
          [
            406484.8285039661,
            4752237.818805915
          ]
        ]
      },
      "properties": {
        "feature_type": "segment",
        "segment_id": 443,
        "step": 443,
        "length_m": 183.28,
        "elevation_start": 179.75,
        "elevation_end": 151.57,
        "slope_percent": 21.82,
        "cost_usd": 164954.44,
        "cost_per_m": 900.0,
        "cumulative_cost": 41056903.46,
        "pressure_drop_pa": 344381.22,
        "cumulative_pressure_pa": 60987431.3,
        "land_cover_class": 10,
        "land_cover_name": "Tree cover",
        "crs": "EPSG:32633"
      }
    },
    {
      "type": "Feature",
      "geometry": {
        "type": "LineString",
        "coordinates": [
          [
            406484.8285039661,
            4752237.818805915
          ],
          [
            406614.436361001,
            4752108.225762821
          ]
        ]
      },
      "properties": {
        "feature_type": "segment",
        "segment_id": 444,
        "step": 444,
        "length_m": 183.28,
        "elevation_start": 151.57,
        "elevation_end": 101.85,
        "slope_percent": 14.16,
        "cost_usd": 139294.86,
        "cost_per_m": 760.0,
        "cumulative_cost": 41196198.32,
        "pressure_drop_pa": 232783.53,
        "cumulative_pressure_pa": 61220214.83,
        "land_cover_class": 40,
        "land_cover_name": "Cropland",
        "crs": "EPSG:32633"
      }
    },
    {
      "type": "Feature",
      "geometry": {
        "type": "LineString",
        "coordinates": [
          [
            406614.436361001,
            4752108.225762821
          ],
          [
            406744.0442180358,
            4751978.632719726
          ]
        ]
      },
      "properties": {
        "feature_type": "segment",
        "segment_id": 445,
        "step": 445,
        "length_m": 183.28,
        "elevation_start": 101.85,
        "elevation_end": 98.34,
        "slope_percent": 10.31,
        "cost_usd": 102638.32,
        "cost_per_m": 560.0,
        "cumulative_cost": 41298836.64,
        "pressure_drop_pa": 175184.94,
        "cumulative_pressure_pa": 61395399.77,
        "land_cover_class": 30,
        "land_cover_name": "Grassland",
        "crs": "EPSG:32633"
      }
    },
    {
      "type": "Feature",
      "geometry": {
        "type": "LineString",
        "coordinates": [
          [
            406744.0442180358,
            4751978.632719726
          ],
          [
            406744.0442180358,
            4751849.039676632
          ]
        ]
      },
      "properties": {
        "feature_type": "segment",
        "segment_id": 446,
        "step": 446,
        "length_m": 129.59,
        "elevation_start": 98.34,
        "elevation_end": 117.09,
        "slope_percent": 6.99,
        "cost_usd": 85531.41,
        "cost_per_m": 660.0,
        "cumulative_cost": 41384368.05,
        "pressure_drop_pa": 88494.03,
        "cumulative_pressure_pa": 61483893.81,
        "land_cover_class": 40,
        "land_cover_name": "Cropland",
        "crs": "EPSG:32633"
      }
    },
    {
      "type": "Feature",
      "geometry": {
        "type": "LineString",
        "coordinates": [
          [
            406744.0442180358,
            4751849.039676632
          ],
          [
            406873.65207507065,
            4751719.446633537
          ]
        ]
      },
      "properties": {
        "feature_type": "segment",
        "segment_id": 447,
        "step": 447,
        "length_m": 183.28,
        "elevation_start": 117.09,
        "elevation_end": 100.68,
        "slope_percent": 9.54,
        "cost_usd": 91641.36,
        "cost_per_m": 500.0,
        "cumulative_cost": 41476009.41,
        "pressure_drop_pa": 163694.25,
        "cumulative_pressure_pa": 61647588.06,
        "land_cover_class": 20,
        "land_cover_name": "Shrubland",
        "crs": "EPSG:32633"
      }
    },
    {
      "type": "Feature",
      "geometry": {
        "type": "LineString",
        "coordinates": [
          [
            406873.65207507065,
            4751719.446633537
          ],
          [
            407003.25993210555,
            4751589.853590443
          ]
        ]
      },
      "properties": {
        "feature_type": "segment",
        "segment_id": 448,
        "step": 448,
        "length_m": 183.28,
        "elevation_start": 100.68,
        "elevation_end": 97.17,
        "slope_percent": 4.69,
        "cost_usd": 73313.09,
        "cost_per_m": 400.0,
        "cumulative_cost": 41549322.49,
        "pressure_drop_pa": 90048.88,
        "cumulative_pressure_pa": 61737636.94,
        "land_cover_class": 30,
        "land_cover_name": "Grassland",
        "crs": "EPSG:32633"
      }
    },
    {
      "type": "Feature",
      "geometry": {
        "type": "LineString",
        "coordinates": [
          [
            407003.25993210555,
            4751589.853590443
          ],
          [
            407003.25993210555,
            4751460.260547348
          ]
        ]
      },
      "properties": {
        "feature_type": "segment",
        "segment_id": 449,
        "step": 449,
        "length_m": 129.59,
        "elevation_start": 97.17,
        "elevation_end": 86.63,
        "slope_percent": 8.68,
        "cost_usd": 59612.8,
        "cost_per_m": 460.0,
        "cumulative_cost": 41608935.29,
        "pressure_drop_pa": 106523.48,
        "cumulative_pressure_pa": 61844160.42,
        "land_cover_class": 30,
        "land_cover_name": "Grassland",
        "crs": "EPSG:32633"
      }
    },
    {
      "type": "Feature",
      "geometry": {
        "type": "LineString",
        "coordinates": [
          [
            407003.25993210555,
            4751460.260547348
          ],
          [
            407003.25993210555,
            4751330.667504255
          ]
        ]
      },
      "properties": {
        "feature_type": "segment",
        "segment_id": 450,
        "step": 450,
        "length_m": 129.59,
        "elevation_start": 86.63,
        "elevation_end": 67.03,
        "slope_percent": 9.24,
        "cost_usd": 72572.1,
        "cost_per_m": 560.0,
        "cumulative_cost": 41681507.4,
        "pressure_drop_pa": 112532.02,
        "cumulative_pressure_pa": 61956692.44,
        "land_cover_class": 10,
        "land_cover_name": "Tree cover",
        "crs": "EPSG:32633"
      }
    },
    {
      "type": "Feature",
      "geometry": {
        "type": "LineString",
        "coordinates": [
          [
            407003.25993210555,
            4751330.667504255
          ],
          [
            407132.8677891404,
            4751201.07446116
          ]
        ]
      },
      "properties": {
        "feature_type": "segment",
        "segment_id": 451,
        "step": 451,
        "length_m": 183.28,
        "elevation_start": 67.03,
        "elevation_end": 56.12,
        "slope_percent": 14.39,
        "cost_usd": 139294.86,
        "cost_per_m": 760.0,
        "cumulative_cost": 41820802.26,
        "pressure_drop_pa": 236239.93,
        "cumulative_pressure_pa": 62192932.37,
        "land_cover_class": 40,
        "land_cover_name": "Cropland",
        "crs": "EPSG:32633"
      }
    },
    {
      "type": "Feature",
      "geometry": {
        "type": "LineString",
        "coordinates": [
          [
            407132.8677891404,
            4751201.07446116
          ],
          [
            407262.47564617527,
            4751071.481418066
          ]
        ]
      },
      "properties": {
        "feature_type": "segment",
        "segment_id": 452,
        "step": 452,
        "length_m": 183.28,
        "elevation_start": 56.12,
        "elevation_end": 23.56,
        "slope_percent": 15.44,
        "cost_usd": 164954.44,
        "cost_per_m": 900.0,
        "cumulative_cost": 41985756.7,
        "pressure_drop_pa": 251710.49,
        "cumulative_pressure_pa": 62444642.86,
        "land_cover_class": 10,
        "land_cover_name": "Tree cover",
        "crs": "EPSG:32633"
      }
    },
    {
      "type": "Feature",
      "geometry": {
        "type": "LineString",
        "coordinates": [
          [
            407262.47564617527,
            4751071.481418066
          ],
          [
            407392.0835032101,
            4750941.888374971
          ]
        ]
      },
      "properties": {
        "feature_type": "segment",
        "segment_id": 453,
        "step": 453,
        "length_m": 183.28,
        "elevation_start": 23.56,
        "elevation_end": 10.5,
        "slope_percent": 3.73,
        "cost_usd": 73313.09,
        "cost_per_m": 400.0,
        "cumulative_cost": 42059069.79,
        "pressure_drop_pa": 75423.04,
        "cumulative_pressure_pa": 62520065.91,
        "land_cover_class": 30,
        "land_cover_name": "Grassland",
        "crs": "EPSG:32633"
      }
    },
    {
      "type": "Feature",
      "geometry": {
        "type": "LineString",
        "coordinates": [
          [
            407392.0835032101,
            4750941.888374971
          ],
          [
            407521.69136024493,
            4750812.295331877
          ]
        ]
      },
      "properties": {
        "feature_type": "segment",
        "segment_id": 454,
        "step": 454,
        "length_m": 183.28,
        "elevation_start": 10.5,
        "elevation_end": 8.47,
        "slope_percent": 0.86,
        "cost_usd": 91641.36,
        "cost_per_m": 500.0,
        "cumulative_cost": 42150711.15,
        "pressure_drop_pa": 31698.38,
        "cumulative_pressure_pa": 62551764.28,
        "land_cover_class": 10,
        "land_cover_name": "Tree cover",
        "crs": "EPSG:32633"
      }
    },
    {
      "type": "Feature",
      "geometry": {
        "type": "LineString",
        "coordinates": [
          [
            407521.69136024493,
            4750812.295331877
          ],
          [
            407651.2992172798,
            4750812.295331877
          ]
        ]
      },
      "properties": {
        "feature_type": "segment",
        "segment_id": 455,
        "step": 455,
        "length_m": 129.61,
        "elevation_start": 8.47,
        "elevation_end": 8.25,
        "slope_percent": 0.89,
        "cost_usd": 77764.71,
        "cost_per_m": 600.0,
        "cumulative_cost": 42228475.86,
        "pressure_drop_pa": 22720.92,
        "cumulative_pressure_pa": 62574485.2,
        "land_cover_class": 40,
        "land_cover_name": "Cropland",
        "crs": "EPSG:32633"
      }
    },
    {
      "type": "Feature",
      "geometry": {
        "type": "LineString",
        "coordinates": [
          [
            407651.2992172798,
            4750812.295331877
          ],
          [
            407780.90707431466,
            4750682.702288782
          ]
        ]
      },
      "properties": {
        "feature_type": "segment",
        "segment_id": 456,
        "step": 456,
        "length_m": 183.28,
        "elevation_start": 8.25,
        "elevation_end": 7.01,
        "slope_percent": 0.68,
        "cost_usd": 80644.39,
        "cost_per_m": 440.0,
        "cumulative_cost": 42309120.26,
        "pressure_drop_pa": 28897.57,
        "cumulative_pressure_pa": 62603382.77,
        "land_cover_class": 20,
        "land_cover_name": "Shrubland",
        "crs": "EPSG:32633"
      }
    },
    {
      "type": "Feature",
      "geometry": {
        "type": "LineString",
        "coordinates": [
          [
            407780.90707431466,
            4750682.702288782
          ],
          [
            407780.90707431466,
            4750553.109245688
          ]
        ]
      },
      "properties": {
        "feature_type": "segment",
        "segment_id": 457,
        "step": 457,
        "length_m": 129.59,
        "elevation_start": 7.01,
        "elevation_end": 7.14,
        "slope_percent": 0.55,
        "cost_usd": 77755.83,
        "cost_per_m": 600.0,
        "cumulative_cost": 42386876.08,
        "pressure_drop_pa": 18989.47,
        "cumulative_pressure_pa": 62622372.24,
        "land_cover_class": 40,
        "land_cover_name": "Cropland",
        "crs": "EPSG:32633"
      }
    },
    {
      "type": "Feature",
      "geometry": {
        "type": "LineString",
        "coordinates": [
          [
            407780.90707431466,
            4750553.109245688
          ],
          [
            407780.90707431466,
            4750423.516202593
          ]
        ]
      },
      "properties": {
        "feature_type": "segment",
        "segment_id": 458,
        "step": 458,
        "length_m": 129.59,
        "elevation_start": 7.14,
        "elevation_end": 7.94,
        "slope_percent": 0.56,
        "cost_usd": 77755.83,
        "cost_per_m": 600.0,
        "cumulative_cost": 42464631.91,
        "pressure_drop_pa": 19133.91,
        "cumulative_pressure_pa": 62641506.15,
        "land_cover_class": 40,
        "land_cover_name": "Cropland",
        "crs": "EPSG:32633"
      }
    },
    {
      "type": "Feature",
      "geometry": {
        "type": "LineString",
        "coordinates": [
          [
            407780.90707431466,
            4750423.516202593
          ],
          [
            407910.51493134955,
            4750293.923159499
          ]
        ]
      },
      "properties": {
        "feature_type": "segment",
        "segment_id": 459,
        "step": 459,
        "length_m": 183.28,
        "elevation_start": 7.94,
        "elevation_end": 5.85,
        "slope_percent": 0.76,
        "cost_usd": 80644.39,
        "cost_per_m": 440.0,
        "cumulative_cost": 42545276.3,
        "pressure_drop_pa": 30060.82,
        "cumulative_pressure_pa": 62671566.97,
        "land_cover_class": 20,
        "land_cover_name": "Shrubland",
        "crs": "EPSG:32633"
      }
    },
    {
      "type": "Feature",
      "geometry": {
        "type": "LineString",
        "coordinates": [
          [
            407910.51493134955,
            4750293.923159499
          ],
          [
            408040.1227883844,
            4750293.923159499
          ]
        ]
      },
      "properties": {
        "feature_type": "segment",
        "segment_id": 460,
        "step": 460,
        "length_m": 129.61,
        "elevation_start": 5.85,
        "elevation_end": 5.63,
        "slope_percent": 0.45,
        "cost_usd": 77764.71,
        "cost_per_m": 600.0,
        "cumulative_cost": 42623041.02,
        "pressure_drop_pa": 17992.58,
        "cumulative_pressure_pa": 62689559.55,
        "land_cover_class": 40,
        "land_cover_name": "Cropland",
        "crs": "EPSG:32633"
      }
    },
    {
      "type": "Feature",
      "geometry": {
        "type": "LineString",
        "coordinates": [
          [
            408040.1227883844,
            4750293.923159499
          ],
          [
            408169.7306454192,
            4750164.330116404
          ]
        ]
      },
      "properties": {
        "feature_type": "segment",
        "segment_id": 461,
        "step": 461,
        "length_m": 183.28,
        "elevation_start": 5.63,
        "elevation_end": 5.5,
        "slope_percent": 0.32,
        "cost_usd": 80644.39,
        "cost_per_m": 440.0,
        "cumulative_cost": 42703685.41,
        "pressure_drop_pa": 23333.74,
        "cumulative_pressure_pa": 62712893.29,
        "land_cover_class": 20,
        "land_cover_name": "Shrubland",
        "crs": "EPSG:32633"
      }
    },
    {
      "type": "Feature",
      "geometry": {
        "type": "LineString",
        "coordinates": [
          [
            408169.7306454192,
            4750164.330116404
          ],
          [
            408299.3385024541,
            4750164.330116404
          ]
        ]
      },
      "properties": {
        "feature_type": "segment",
        "segment_id": 462,
        "step": 462,
        "length_m": 129.61,
        "elevation_start": 5.5,
        "elevation_end": 5.57,
        "slope_percent": 0.46,
        "cost_usd": 51843.14,
        "cost_per_m": 400.0,
        "cumulative_cost": 42755528.55,
        "pressure_drop_pa": 18068.81,
        "cumulative_pressure_pa": 62730962.1,
        "land_cover_class": 30,
        "land_cover_name": "Grassland",
        "crs": "EPSG:32633"
      }
    },
    {
      "type": "Feature",
      "geometry": {
        "type": "LineString",
        "coordinates": [
          [
            408299.3385024541,
            4750164.330116404
          ],
          [
            408428.94635948894,
            4750164.330116404
          ]
        ]
      },
      "properties": {
        "feature_type": "segment",
        "segment_id": 463,
        "step": 463,
        "length_m": 129.61,
        "elevation_start": 5.57,
        "elevation_end": 5.8,
        "slope_percent": 0.82,
        "cost_usd": 77764.71,
        "cost_per_m": 600.0,
        "cumulative_cost": 42833293.27,
        "pressure_drop_pa": 22004.34,
        "cumulative_pressure_pa": 62752966.44,
        "land_cover_class": 40,
        "land_cover_name": "Cropland",
        "crs": "EPSG:32633"
      }
    }
  ]
}