{
  "type": "FeatureCollection",
  "crs": {
    "type": "name",
    "properties": {
      "name": "EPSG:32633"
    }
  },
  "metadata": {
    "project_name": "test_project2",
    "algorithm": "A* with SAIPEM criteria",
    "crs": "EPSG:32633",
    "total_segments": 280,
    "total_length_m": 107166.22,
    "total_cost_usd": 134367382.74,
    "max_segment_length_m": 400.0,
    "criteria": {
      "max_slope": "20%",
      "powerline_clearance": "6m",
      "railway_crossing": "HDD required",
      "minimize_crossings": true,
      "prefer_pipeline_parallelism": true
    },
    "pipeline_specs": {
      "type": "Natural gas",
      "diameter": "26 inch",
      "material": "Carbon steel",
      "mop": "70 bar",
      "dp": "75 bar",
      "cover_depth": "1.5m"
    },
    "generated_at": "2025-12-11T08:29:24.136729"
  },
  "features": [
    {
      "type": "Feature",
      "geometry": {
        "type": "LineString",
        "coordinates": [
          [
            379649.58,
            4805042.4
          ],
          [
            379676.26,
            4805069.06
          ],
          [
            379702.93,
            4805095.72
          ],
          [
            379729.6,
            4805095.72
          ],
          [
            379756.27,
            4805095.72
          ],
          [
            379782.95,
            4805095.72
          ],
          [
            379809.62,
            4805095.72
          ],
          [
            379836.29,
            4805095.72
          ],
          [
            379862.96,
            4805095.72
          ],
          [
            379889.63,
            4805069.06
          ],
          [
            379916.31,
            4805069.06
          ],
          [
            379942.98,
            4805069.06
          ],
          [
            379969.65,
            4805042.4
          ]
        ]
      },
      "properties": {
        "segment_id": 1,
        "step": 1,
        "length_m": 364.24,
        "elevation_start": 163.47,
        "elevation_end": 146.51,
        "slope_percent": 4.66,
        "cost_usd": 191223.46,
        "cost_per_m": 350.0,
        "cumulative_cost": 191223.46,
        "cumulative_distance_m": 364.24,
        "land_cover_class": 10,
        "land_cover_name": "tree_cover",
        "geohazard_risk": 0.0,
        "terrain_class": "flat",
        "crs": "EPSG:32633"
      }
    },
    {
      "type": "Feature",
      "geometry": {
        "type": "LineString",
        "coordinates": [
          [
            379969.65,
            4805042.4
          ],
          [
            379996.32,
            4805015.73
          ],
          [
            380023.0,
            4805015.73
          ],
          [
            380049.67,
            4805015.73
          ],
          [
            380076.34,
            4805015.73
          ],
          [
            380103.01,
            4805015.73
          ],
          [
            380129.68,
            4805015.73
          ],
          [
            380156.36,
            4804989.07
          ],
          [
            380183.03,
            4804962.41
          ],
          [
            380209.7,
            4804962.41
          ],
          [
            380236.37,
            4804962.41
          ],
          [
            380263.05,
            4804962.41
          ],
          [
            380289.72,
            4804962.41
          ],
          [
            380316.39,
            4804962.41
          ]
        ]
      },
      "properties": {
        "segment_id": 2,
        "step": 2,
        "length_m": 379.87,
        "elevation_start": 146.51,
        "elevation_end": 146.65,
        "slope_percent": 0.04,
        "cost_usd": 199429.32,
        "cost_per_m": 350.0,
        "cumulative_cost": 390652.78,
        "cumulative_distance_m": 744.1,
        "land_cover_class": 40,
        "land_cover_name": "cropland",
        "geohazard_risk": 0.0,
        "terrain_class": "flat",
        "crs": "EPSG:32633"
      }
    },
    {
      "type": "Feature",
      "geometry": {
        "type": "LineString",
        "coordinates": [
          [
            380316.39,
            4804962.41
          ],
          [
            380343.06,
            4804935.74
          ],
          [
            380369.74,
            4804909.08
          ],
          [
            380396.41,
            4804882.41
          ],
          [
            380423.08,
            4804855.75
          ],
          [
            380449.75,
            4804829.09
          ],
          [
            380476.42,
            4804802.42
          ],
          [
            380476.42,
            4804775.76
          ],
          [
            380476.42,
            4804749.09
          ],
          [
            380476.42,
            4804722.43
          ],
          [
            380476.42,
            4804695.77
          ],
          [
            380476.42,
            4804669.1
          ],
          [
            380476.42,
            4804642.44
          ]
        ]
      },
      "properties": {
        "segment_id": 3,
        "step": 3,
        "length_m": 386.27,
        "elevation_start": 146.65,
        "elevation_end": 114.22,
        "slope_percent": 8.4,
        "cost_usd": 202790.94,
        "cost_per_m": 350.0,
        "cumulative_cost": 593443.72,
        "cumulative_distance_m": 1130.37,
        "land_cover_class": 40,
        "land_cover_name": "cropland",
        "geohazard_risk": 0.0,
        "terrain_class": "rolling",
        "crs": "EPSG:32633"
      }
    },
    {
      "type": "Feature",
      "geometry": {
        "type": "LineString",
        "coordinates": [
          [
            380476.42,
            4804642.44
          ],
          [
            380476.42,
            4804615.78
          ],
          [
            380503.1,
            4804589.11
          ],
          [
            380503.1,
            4804562.45
          ],
          [
            380529.77,
            4804535.78
          ],
          [
            380556.44,
            4804509.12
          ],
          [
            380583.11,
            4804482.46
          ],
          [
            380583.11,
            4804455.79
          ],
          [
            380583.11,
            4804429.13
          ],
          [
            380609.79,
            4804402.47
          ],
          [
            380636.46,
            4804375.8
          ],
          [
            380663.13,
            4804349.14
          ]
        ]
      },
      "properties": {
        "segment_id": 4,
        "step": 4,
        "length_m": 370.66,
        "elevation_start": 114.22,
        "elevation_end": 96.92,
        "slope_percent": 4.67,
        "cost_usd": 194593.95,
        "cost_per_m": 350.0,
        "cumulative_cost": 788037.67,
        "cumulative_distance_m": 1501.02,
        "land_cover_class": 40,
        "land_cover_name": "cropland",
        "geohazard_risk": 0.0,
        "terrain_class": "flat",
        "crs": "EPSG:32633"
      }
    },
    {
      "type": "Feature",
      "geometry": {
        "type": "LineString",
        "coordinates": [
          [
            380663.13,
            4804349.14
          ],
          [
            380689.8,
            4804322.47
          ],
          [
            380716.47,
            4804295.81
          ],
          [
            380743.15,
            4804269.15
          ],
          [
            380769.82,
            4804242.48
          ],
          [
            380796.49,
            4804215.82
          ],
          [
            380796.49,
            4804189.16
          ],
          [
            380769.82,
            4804162.49
          ],
          [
            380743.15,
            4804135.83
          ],
          [
            380743.15,
            4804109.16
          ],
          [
            380743.15,
            4804082.5
          ],
          [
            380743.15,
            4804055.84
          ],
          [
            380743.15,
            4804029.17
          ]
        ]
      },
      "properties": {
        "segment_id": 5,
        "step": 5,
        "length_m": 397.32,
        "elevation_start": 96.92,
        "elevation_end": 108.52,
        "slope_percent": 2.92,
        "cost_usd": 6953081.53,
        "cost_per_m": 350.0,
        "cumulative_cost": 7741119.2,
        "cumulative_distance_m": 1898.34,
        "land_cover_class": 50,
        "land_cover_name": "built_up",
        "geohazard_risk": 0.0,
        "terrain_class": "flat",
        "crs": "EPSG:32633"
      }
    },
    {
      "type": "Feature",
      "geometry": {
        "type": "LineString",
        "coordinates": [
          [
            380743.15,
            4804029.17
          ],
          [
            380743.15,
            4804002.51
          ],
          [
            380743.15,
            4803975.84
          ],
          [
            380743.15,
            4803949.18
          ],
          [
            380743.15,
            4803922.52
          ],
          [
            380743.15,
            4803895.85
          ],
          [
            380743.15,
            4803869.19
          ],
          [
            380716.47,
            4803842.53
          ],
          [
            380716.47,
            4803815.86
          ],
          [
            380716.47,
            4803789.2
          ],
          [
            380716.47,
            4803762.53
          ],
          [
            380689.8,
            4803735.87
          ],
          [
            380663.13,
            4803709.21
          ],
          [
            380636.46,
            4803682.54
          ]
        ]
      },
      "properties": {
        "segment_id": 6,
        "step": 6,
        "length_m": 390.83,
        "elevation_start": 108.52,
        "elevation_end": 79.52,
        "slope_percent": 7.42,
        "cost_usd": 109432.76,
        "cost_per_m": 350.0,
        "cumulative_cost": 7850551.96,
        "cumulative_distance_m": 2289.17,
        "land_cover_class": 30,
        "land_cover_name": "grassland",
        "geohazard_risk": 0.0,
        "terrain_class": "rolling",
        "crs": "EPSG:32633"
      }
    },
    {
      "type": "Feature",
      "geometry": {
        "type": "LineString",
        "coordinates": [
          [
            380636.46,
            4803682.54
          ],
          [
            380609.79,
            4803655.88
          ],
          [
            380609.79,
            4803629.22
          ],
          [
            380609.79,
            4803602.55
          ],
          [
            380636.46,
            4803575.89
          ],
          [
            380663.13,
            4803549.22
          ],
          [
            380689.8,
            4803549.22
          ],
          [
            380716.47,
            4803549.22
          ],
          [
            380743.15,
            4803549.22
          ],
          [
            380769.82,
            4803549.22
          ],
          [
            380796.49,
            4803522.56
          ],
          [
            380823.16,
            4803522.56
          ],
          [
            380849.84,
            4803522.56
          ],
          [
            380876.51,
            4803522.56
          ]
        ]
      },
      "properties": {
        "segment_id": 7,
        "step": 7,
        "length_m": 390.89,
        "elevation_start": 79.52,
        "elevation_end": 70.53,
        "slope_percent": 2.3,
        "cost_usd": 205217.51,
        "cost_per_m": 350.0,
        "cumulative_cost": 8055769.46,
        "cumulative_distance_m": 2680.06,
        "land_cover_class": 40,
        "land_cover_name": "cropland",
        "geohazard_risk": 0.0,
        "terrain_class": "flat",
        "crs": "EPSG:32633"
      }
    },
    {
      "type": "Feature",
      "geometry": {
        "type": "LineString",
        "coordinates": [
          [
            380876.51,
            4803522.56
          ],
          [
            380903.18,
            4803522.56
          ],
          [
            380929.85,
            4803522.56
          ],
          [
            380956.52,
            4803522.56
          ],
          [
            380983.2,
            4803522.56
          ],
          [
            381009.87,
            4803522.56
          ],
          [
            381036.54,
            4803522.56
          ],
          [
            381063.21,
            4803522.56
          ],
          [
            381089.89,
            4803522.56
          ],
          [
            381116.56,
            4803495.9
          ],
          [
            381143.23,
            4803469.23
          ],
          [
            381169.9,
            4803469.23
          ],
          [
            381196.57,
            4803469.23
          ],
          [
            381223.25,
            4803469.23
          ],
          [
            381249.92,
            4803469.23
          ]
        ]
      },
      "properties": {
        "segment_id": 8,
        "step": 8,
        "length_m": 395.5,
        "elevation_start": 70.53,
        "elevation_end": 67.35,
        "slope_percent": 0.81,
        "cost_usd": 207635.19,
        "cost_per_m": 350.0,
        "cumulative_cost": 8263404.66,
        "cumulative_distance_m": 3075.56,
        "land_cover_class": 40,
        "land_cover_name": "cropland",
        "geohazard_risk": 0.0,
        "terrain_class": "flat",
        "crs": "EPSG:32633"
      }
    },
    {
      "type": "Feature",
      "geometry": {
        "type": "LineString",
        "coordinates": [
          [
            381249.92,
            4803469.23
          ],
          [
            381276.59,
            4803469.23
          ],
          [
            381303.26,
            4803469.23
          ],
          [
            381329.94,
            4803442.57
          ],
          [
            381356.61,
            4803415.91
          ],
          [
            381383.28,
            4803389.24
          ],
          [
            381409.95,
            4803362.58
          ],
          [
            381436.63,
            4803335.91
          ],
          [
            381463.3,
            4803309.25
          ],
          [
            381489.97,
            4803282.59
          ],
          [
            381516.64,
            4803282.59
          ],
          [
            381543.31,
            4803282.59
          ]
        ]
      },
      "properties": {
        "segment_id": 9,
        "step": 9,
        "length_m": 370.69,
        "elevation_start": 67.35,
        "elevation_end": 61.33,
        "slope_percent": 1.62,
        "cost_usd": 194611.72,
        "cost_per_m": 350.0,
        "cumulative_cost": 8458016.37,
        "cumulative_distance_m": 3446.25,
        "land_cover_class": 40,
        "land_cover_name": "cropland",
        "geohazard_risk": 0.0,
        "terrain_class": "flat",
        "crs": "EPSG:32633"
      }
    },
    {
      "type": "Feature",
      "geometry": {
        "type": "LineString",
        "coordinates": [
          [
            381543.31,
            4803282.59
          ],
          [
            381569.99,
            4803255.92
          ],
          [
            381596.66,
            4803229.26
          ],
          [
            381623.33,
            4803229.26
          ],
          [
            381650.0,
            4803229.26
          ],
          [
            381676.68,
            4803229.26
          ],
          [
            381703.35,
            4803229.26
          ],
          [
            381730.02,
            4803229.26
          ],
          [
            381756.69,
            4803202.59
          ],
          [
            381783.36,
            4803175.93
          ],
          [
            381810.04,
            4803149.27
          ],
          [
            381836.71,
            4803122.6
          ],
          [
            381863.38,
            4803122.6
          ]
        ]
      },
      "properties": {
        "segment_id": 10,
        "step": 10,
        "length_m": 386.32,
        "elevation_start": 61.33,
        "elevation_end": 56.17,
        "slope_percent": 1.34,
        "cost_usd": 202817.59,
        "cost_per_m": 350.0,
        "cumulative_cost": 8660833.96,
        "cumulative_distance_m": 3832.57,
        "land_cover_class": 40,
        "land_cover_name": "cropland",
        "geohazard_risk": 0.0,
        "terrain_class": "flat",
        "crs": "EPSG:32633"
      }
    },
    {
      "type": "Feature",
      "geometry": {
        "type": "LineString",
        "coordinates": [
          [
            381863.38,
            4803122.6
          ],
          [
            381890.05,
            4803122.6
          ],
          [
            381916.73,
            4803122.6
          ],
          [
            381943.4,
            4803122.6
          ],
          [
            381970.07,
            4803122.6
          ],
          [
            381996.74,
            4803122.6
          ],
          [
            382023.41,
            4803122.6
          ],
          [
            382050.09,
            4803122.6
          ],
          [
            382076.76,
            4803122.6
          ],
          [
            382103.43,
            4803122.6
          ],
          [
            382130.1,
            4803122.6
          ],
          [
            382156.78,
            4803095.94
          ],
          [
            382183.45,
            4803069.28
          ],
          [
            382210.12,
            4803042.61
          ]
        ]
      },
      "properties": {
        "segment_id": 11,
        "step": 11,
        "length_m": 379.87,
        "elevation_start": 56.17,
        "elevation_end": 58.27,
        "slope_percent": 0.55,
        "cost_usd": 199429.32,
        "cost_per_m": 350.0,
        "cumulative_cost": 8860263.28,
        "cumulative_distance_m": 4212.43,
        "land_cover_class": 40,
        "land_cover_name": "cropland",
        "geohazard_risk": 0.0,
        "terrain_class": "flat",
        "crs": "EPSG:32633"
      }
    },
    {
      "type": "Feature",
      "geometry": {
        "type": "LineString",
        "coordinates": [
          [
            382210.12,
            4803042.61
          ],
          [
            382236.79,
            4803015.95
          ],
          [
            382263.47,
            4802989.28
          ],
          [
            382263.47,
            4802962.62
          ],
          [
            382263.47,
            4802935.96
          ],
          [
            382263.47,
            4802909.29
          ],
          [
            382290.14,
            4802882.63
          ],
          [
            382316.81,
            4802882.63
          ],
          [
            382343.48,
            4802882.63
          ],
          [
            382370.15,
            4802882.63
          ],
          [
            382396.83,
            4802882.63
          ],
          [
            382423.5,
            4802882.63
          ],
          [
            382450.17,
            4802882.63
          ],
          [
            382476.84,
            4802882.63
          ]
        ]
      },
      "properties": {
        "segment_id": 12,
        "step": 12,
        "length_m": 379.84,
        "elevation_start": 58.27,
        "elevation_end": 45.98,
        "slope_percent": 3.24,
        "cost_usd": 199416.0,
        "cost_per_m": 350.0,
        "cumulative_cost": 9059679.28,
        "cumulative_distance_m": 4592.27,
        "land_cover_class": 40,
        "land_cover_name": "cropland",
        "geohazard_risk": 0.0,
        "terrain_class": "flat",
        "crs": "EPSG:32633"
      }
    },
    {
      "type": "Feature",
      "geometry": {
        "type": "LineString",
        "coordinates": [
          [
            382476.84,
            4802882.63
          ],
          [
            382503.52,
            4802882.63
          ],
          [
            382530.19,
            4802882.63
          ],
          [
            382556.86,
            4802855.97
          ],
          [
            382583.53,
            4802829.3
          ],
          [
            382610.2,
            4802802.64
          ],
          [
            382636.88,
            4802775.97
          ],
          [
            382663.55,
            4802749.31
          ],
          [
            382690.22,
            4802722.65
          ],
          [
            382716.89,
            4802695.98
          ],
          [
            382690.22,
            4802669.32
          ],
          [
            382716.89,
            4802642.66
          ]
        ]
      },
      "properties": {
        "segment_id": 13,
        "step": 13,
        "length_m": 392.77,
        "elevation_start": 45.98,
        "elevation_end": 41.35,
        "slope_percent": 1.18,
        "cost_usd": 206205.85,
        "cost_per_m": 350.0,
        "cumulative_cost": 9265885.13,
        "cumulative_distance_m": 4985.05,
        "land_cover_class": 40,
        "land_cover_name": "cropland",
        "geohazard_risk": 0.0,
        "terrain_class": "flat",
        "crs": "EPSG:32633"
      }
    },
    {
      "type": "Feature",
      "geometry": {
        "type": "LineString",
        "coordinates": [
          [
            382716.89,
            4802642.66
          ],
          [
            382743.57,
            4802615.99
          ],
          [
            382770.24,
            4802589.33
          ],
          [
            382770.24,
            4802562.66
          ],
          [
            382796.91,
            4802536.0
          ],
          [
            382823.58,
            4802536.0
          ],
          [
            382850.25,
            4802562.66
          ],
          [
            382876.93,
            4802562.66
          ],
          [
            382903.6,
            4802562.66
          ],
          [
            382930.27,
            4802562.66
          ],
          [
            382956.94,
            4802562.66
          ],
          [
            382983.62,
            4802536.0
          ],
          [
            383010.29,
            4802509.34
          ]
        ]
      },
      "properties": {
        "segment_id": 14,
        "step": 14,
        "length_m": 386.31,
        "elevation_start": 41.35,
        "elevation_end": 40.06,
        "slope_percent": 0.33,
        "cost_usd": 162250.52,
        "cost_per_m": 350.0,
        "cumulative_cost": 9428135.65,
        "cumulative_distance_m": 5371.36,
        "land_cover_class": 20,
        "land_cover_name": "shrubland",
        "geohazard_risk": 0.0,
        "terrain_class": "flat",
        "crs": "EPSG:32633"
      }
    },
    {
      "type": "Feature",
      "geometry": {
        "type": "LineString",
        "coordinates": [
          [
            383010.29,
            4802509.34
          ],
          [
            383036.96,
            4802509.34
          ],
          [
            383063.63,
            4802509.34
          ],
          [
            383090.3,
            4802482.67
          ],
          [
            383116.98,
            4802482.67
          ],
          [
            383143.65,
            4802482.67
          ],
          [
            383170.32,
            4802482.67
          ],
          [
            383196.99,
            4802482.67
          ],
          [
            383223.67,
            4802509.34
          ],
          [
            383250.34,
            4802536.0
          ],
          [
            383277.01,
            4802562.66
          ],
          [
            383303.68,
            4802589.33
          ],
          [
            383330.36,
            4802615.99
          ]
        ]
      },
      "properties": {
        "segment_id": 15,
        "step": 15,
        "length_m": 386.32,
        "elevation_start": 40.06,
        "elevation_end": 40.16,
        "slope_percent": 0.03,
        "cost_usd": 202817.59,
        "cost_per_m": 350.0,
        "cumulative_cost": 9630953.23,
        "cumulative_distance_m": 5757.68,
        "land_cover_class": 40,
        "land_cover_name": "cropland",
        "geohazard_risk": 0.0,
        "terrain_class": "flat",
        "crs": "EPSG:32633"
      }
    },
    {
      "type": "Feature",
      "geometry": {
        "type": "LineString",
        "coordinates": [
          [
            383330.36,
            4802615.99
          ],
          [
            383357.03,
            4802642.66
          ],
          [
            383383.7,
            4802669.32
          ],
          [
            383410.37,
            4802695.98
          ],
          [
            383437.04,
            4802695.98
          ],
          [
            383463.72,
            4802695.98
          ],
          [
            383490.39,
            4802695.98
          ],
          [
            383517.06,
            4802695.98
          ],
          [
            383543.73,
            4802695.98
          ],
          [
            383570.41,
            4802722.65
          ],
          [
            383597.08,
            4802749.31
          ],
          [
            383623.75,
            4802749.31
          ],
          [
            383650.42,
            4802749.31
          ]
        ]
      },
      "properties": {
        "segment_id": 16,
        "step": 16,
        "length_m": 375.28,
        "elevation_start": 40.16,
        "elevation_end": 36.65,
        "slope_percent": 0.93,
        "cost_usd": 197020.52,
        "cost_per_m": 350.0,
        "cumulative_cost": 9827973.75,
        "cumulative_distance_m": 6132.95,
        "land_cover_class": 40,
        "land_cover_name": "cropland",
        "geohazard_risk": 0.0,
        "terrain_class": "flat",
        "crs": "EPSG:32633"
      }
    },
    {
      "type": "Feature",
      "geometry": {
        "type": "LineString",
        "coordinates": [
          [
            383650.42,
            4802749.31
          ],
          [
            383677.09,
            4802749.31
          ],
          [
            383703.77,
            4802749.31
          ],
          [
            383730.44,
            4802749.31
          ],
          [
            383757.11,
            4802749.31
          ],
          [
            383783.78,
            4802749.31
          ],
          [
            383810.46,
            4802749.31
          ],
          [
            383837.13,
            4802749.31
          ],
          [
            383837.13,
            4802722.65
          ],
          [
            383863.8,
            4802695.98
          ],
          [
            383863.8,
            4802669.32
          ],
          [
            383863.8,
            4802642.66
          ],
          [
            383863.8,
            4802615.99
          ],
          [
            383890.47,
            4802589.33
          ]
        ]
      },
      "properties": {
        "segment_id": 17,
        "step": 17,
        "length_m": 368.79,
        "elevation_start": 36.65,
        "elevation_end": 37.48,
        "slope_percent": 0.22,
        "cost_usd": 193614.5,
        "cost_per_m": 350.0,
        "cumulative_cost": 10021588.25,
        "cumulative_distance_m": 6501.74,
        "land_cover_class": 10,
        "land_cover_name": "tree_cover",
        "geohazard_risk": 0.0,
        "terrain_class": "flat",
        "crs": "EPSG:32633"
      }
    },
    {
      "type": "Feature",
      "geometry": {
        "type": "LineString",
        "coordinates": [
          [
            383890.47,
            4802589.33
          ],
          [
            383917.14,
            4802562.66
          ],
          [
            383917.14,
            4802536.0
          ],
          [
            383917.14,
            4802509.34
          ],
          [
            383917.14,
            4802482.67
          ],
          [
            383917.14,
            4802456.01
          ],
          [
            383917.14,
            4802429.34
          ],
          [
            383917.14,
            4802402.68
          ],
          [
            383917.14,
            4802376.02
          ],
          [
            383943.82,
            4802349.35
          ],
          [
            383970.49,
            4802322.69
          ],
          [
            383970.49,
            4802296.03
          ],
          [
            383970.49,
            4802269.36
          ],
          [
            383970.49,
            4802242.7
          ]
        ]
      },
      "properties": {
        "segment_id": 18,
        "step": 18,
        "length_m": 379.78,
        "elevation_start": 37.48,
        "elevation_end": 36.6,
        "slope_percent": 0.23,
        "cost_usd": 199384.91,
        "cost_per_m": 350.0,
        "cumulative_cost": 10220973.16,
        "cumulative_distance_m": 6881.52,
        "land_cover_class": 10,
        "land_cover_name": "tree_cover",
        "geohazard_risk": 0.0,
        "terrain_class": "flat",
        "crs": "EPSG:32633"
      }
    },
    {
      "type": "Feature",
      "geometry": {
        "type": "LineString",
        "coordinates": [
          [
            383970.49,
            4802242.7
          ],
          [
            383970.49,
            4802216.03
          ],
          [
            383970.49,
            4802189.37
          ],
          [
            383970.49,
            4802162.71
          ],
          [
            383970.49,
            4802136.04
          ],
          [
            383970.49,
            4802109.38
          ],
          [
            383970.49,
            4802082.72
          ],
          [
            383970.49,
            4802056.05
          ],
          [
            383970.49,
            4802029.39
          ],
          [
            383970.49,
            4802002.72
          ],
          [
            383970.49,
            4801976.06
          ],
          [
            383970.49,
            4801949.4
          ],
          [
            383970.49,
            4801922.73
          ],
          [
            383970.49,
            4801896.07
          ],
          [
            383970.49,
            4801869.41
          ],
          [
            383970.49,
            4801842.74
          ]
        ]
      },
      "properties": {
        "segment_id": 19,
        "step": 19,
        "length_m": 399.96,
        "elevation_start": 36.6,
        "elevation_end": 36.22,
        "slope_percent": 0.1,
        "cost_usd": 209977.38,
        "cost_per_m": 350.0,
        "cumulative_cost": 10430950.55,
        "cumulative_distance_m": 7281.48,
        "land_cover_class": 40,
        "land_cover_name": "cropland",
        "geohazard_risk": 0.0,
        "terrain_class": "flat",
        "crs": "EPSG:32633"
      }
    },
    {
      "type": "Feature",
      "geometry": {
        "type": "LineString",
        "coordinates": [
          [
            383970.49,
            4801842.74
          ],
          [
            383970.49,
            4801816.08
          ],
          [
            383970.49,
            4801789.41
          ],
          [
            383970.49,
            4801762.75
          ],
          [
            383970.49,
            4801736.09
          ],
          [
            383970.49,
            4801709.42
          ],
          [
            383997.16,
            4801682.76
          ],
          [
            383997.16,
            4801656.09
          ],
          [
            383997.16,
            4801629.43
          ],
          [
            383997.16,
            4801602.77
          ],
          [
            383997.16,
            4801576.1
          ],
          [
            384023.83,
            4801549.44
          ],
          [
            384050.51,
            4801522.78
          ],
          [
            384023.83,
            4801496.11
          ]
        ]
      },
      "properties": {
        "segment_id": 20,
        "step": 20,
        "length_m": 390.83,
        "elevation_start": 36.22,
        "elevation_end": 51.99,
        "slope_percent": 4.03,
        "cost_usd": 205186.42,
        "cost_per_m": 350.0,
        "cumulative_cost": 10636136.97,
        "cumulative_distance_m": 7672.31,
        "land_cover_class": 40,
        "land_cover_name": "cropland",
        "geohazard_risk": 0.0,
        "terrain_class": "flat",
        "crs": "EPSG:32633"
      }
    },
    {
      "type": "Feature",
      "geometry": {
        "type": "LineString",
        "coordinates": [
          [
            384023.83,
            4801496.11
          ],
          [
            383997.16,
            4801469.45
          ],
          [
            383970.49,
            4801469.45
          ],
          [
            383943.82,
            4801442.78
          ],
          [
            383917.14,
            4801416.12
          ],
          [
            383917.14,
            4801389.46
          ],
          [
            383890.47,
            4801362.79
          ],
          [
            383863.8,
            4801336.13
          ],
          [
            383837.13,
            4801336.13
          ],
          [
            383810.46,
            4801309.47
          ],
          [
            383783.78,
            4801282.8
          ],
          [
            383757.11,
            4801282.8
          ],
          [
            383730.44,
            4801282.8
          ]
        ]
      },
      "properties": {
        "segment_id": 21,
        "step": 21,
        "length_m": 397.35,
        "elevation_start": 51.99,
        "elevation_end": 60.85,
        "slope_percent": 2.23,
        "cost_usd": 208610.21,
        "cost_per_m": 350.0,
        "cumulative_cost": 10844747.18,
        "cumulative_distance_m": 8069.67,
        "land_cover_class": 40,
        "land_cover_name": "cropland",
        "geohazard_risk": 0.0,
        "terrain_class": "flat",
        "crs": "EPSG:32633"
      }
    },
    {
      "type": "Feature",
      "geometry": {
        "type": "LineString",
        "coordinates": [
          [
            383730.44,
            4801282.8
          ],
          [
            383703.77,
            4801282.8
          ],
          [
            383677.09,
            4801282.8
          ],
          [
            383650.42,
            4801309.47
          ],
          [
            383623.75,
            4801282.8
          ],
          [
            383597.08,
            4801282.8
          ],
          [
            383570.41,
            4801282.8
          ],
          [
            383543.73,
            4801282.8
          ],
          [
            383517.06,
            4801256.14
          ],
          [
            383490.39,
            4801229.47
          ],
          [
            383463.72,
            4801229.47
          ],
          [
            383437.04,
            4801202.81
          ],
          [
            383410.37,
            4801176.15
          ]
        ]
      },
      "properties": {
        "segment_id": 22,
        "step": 22,
        "length_m": 386.32,
        "elevation_start": 60.85,
        "elevation_end": 55.11,
        "slope_percent": 1.49,
        "cost_usd": 202817.59,
        "cost_per_m": 350.0,
        "cumulative_cost": 11047564.76,
        "cumulative_distance_m": 8455.98,
        "land_cover_class": 40,
        "land_cover_name": "cropland",
        "geohazard_risk": 0.0,
        "terrain_class": "flat",
        "crs": "EPSG:32633"
      }
    },
    {
      "type": "Feature",
      "geometry": {
        "type": "LineString",
        "coordinates": [
          [
            383410.37,
            4801176.15
          ],
          [
            383383.7,
            4801149.48
          ],
          [
            383357.03,
            4801122.82
          ],
          [
            383330.36,
            4801096.15
          ],
          [
            383303.68,
            4801096.15
          ],
          [
            383277.01,
            4801069.49
          ],
          [
            383250.34,
            4801042.83
          ],
          [
            383223.67,
            4801016.16
          ],
          [
            383196.99,
            4800989.5
          ],
          [
            383170.32,
            4800962.84
          ],
          [
            383143.65,
            4800936.17
          ]
        ]
      },
      "properties": {
        "segment_id": 23,
        "step": 23,
        "length_m": 366.1,
        "elevation_start": 55.11,
        "elevation_end": 73.89,
        "slope_percent": 5.13,
        "cost_usd": 102508.22,
        "cost_per_m": 350.0,
        "cumulative_cost": 11150072.98,
        "cumulative_distance_m": 8822.09,
        "land_cover_class": 30,
        "land_cover_name": "grassland",
        "geohazard_risk": 0.0,
        "terrain_class": "rolling",
        "crs": "EPSG:32633"
      }
    },
    {
      "type": "Feature",
      "geometry": {
        "type": "LineString",
        "coordinates": [
          [
            383143.65,
            4800936.17
          ],
          [
            383116.98,
            4800909.51
          ],
          [
            383090.3,
            4800882.84
          ],
          [
            383063.63,
            4800856.18
          ],
          [
            383063.63,
            4800829.52
          ],
          [
            383090.3,
            4800802.85
          ],
          [
            383063.63,
            4800776.19
          ],
          [
            383063.63,
            4800749.53
          ],
          [
            383063.63,
            4800722.86
          ],
          [
            383036.96,
            4800696.2
          ],
          [
            383010.29,
            4800669.53
          ],
          [
            382983.62,
            4800642.87
          ]
        ]
      },
      "properties": {
        "segment_id": 24,
        "step": 24,
        "length_m": 381.71,
        "elevation_start": 73.89,
        "elevation_end": 74.82,
        "slope_percent": 0.25,
        "cost_usd": 200395.46,
        "cost_per_m": 350.0,
        "cumulative_cost": 11350468.44,
        "cumulative_distance_m": 9203.79,
        "land_cover_class": 40,
        "land_cover_name": "cropland",
        "geohazard_risk": 0.0,
        "terrain_class": "flat",
        "crs": "EPSG:32633"
      }
    },
    {
      "type": "Feature",
      "geometry": {
        "type": "LineString",
        "coordinates": [
          [
            382983.62,
            4800642.87
          ],
          [
            382983.62,
            4800616.21
          ],
          [
            382983.62,
            4800589.54
          ],
          [
            382983.62,
            4800562.88
          ],
          [
            382983.62,
            4800536.22
          ],
          [
            382983.62,
            4800509.55
          ],
          [
            382983.62,
            4800482.89
          ],
          [
            382983.62,
            4800456.22
          ],
          [
            382983.62,
            4800429.56
          ],
          [
            382956.94,
            4800402.9
          ],
          [
            382930.27,
            4800402.9
          ],
          [
            382903.6,
            4800402.9
          ],
          [
            382876.93,
            4800376.23
          ],
          [
            382850.25,
            4800349.57
          ]
        ]
      },
      "properties": {
        "segment_id": 25,
        "step": 25,
        "length_m": 379.8,
        "elevation_start": 74.82,
        "elevation_end": 123.28,
        "slope_percent": 12.76,
        "cost_usd": 199393.8,
        "cost_per_m": 350.0,
        "cumulative_cost": 11549862.24,
        "cumulative_distance_m": 9583.59,
        "land_cover_class": 10,
        "land_cover_name": "tree_cover",
        "geohazard_risk": 0.0,
        "terrain_class": "hilly",
        "crs": "EPSG:32633"
      }
    },
    {
      "type": "Feature",
      "geometry": {
        "type": "LineString",
        "coordinates": [
          [
            382850.25,
            4800349.57
          ],
          [
            382823.58,
            4800322.9
          ],
          [
            382796.91,
            4800296.24
          ],
          [
            382770.24,
            4800269.58
          ],
          [
            382743.57,
            4800242.91
          ],
          [
            382716.89,
            4800242.91
          ],
          [
            382690.22,
            4800216.25
          ],
          [
            382663.55,
            4800216.25
          ],
          [
            382636.88,
            4800189.59
          ],
          [
            382610.2,
            4800162.92
          ],
          [
            382583.53,
            4800136.26
          ],
          [
            382583.53,
            4800109.59
          ]
        ]
      },
      "properties": {
        "segment_id": 26,
        "step": 26,
        "length_m": 381.72,
        "elevation_start": 123.28,
        "elevation_end": 94.79,
        "slope_percent": 7.46,
        "cost_usd": 200404.34,
        "cost_per_m": 350.0,
        "cumulative_cost": 11750266.58,
        "cumulative_distance_m": 9965.31,
        "land_cover_class": 40,
        "land_cover_name": "cropland",
        "geohazard_risk": 0.0,
        "terrain_class": "rolling",
        "crs": "EPSG:32633"
      }
    },
    {
      "type": "Feature",
      "geometry": {
        "type": "LineString",
        "coordinates": [
          [
            382583.53,
            4800109.59
          ],
          [
            382610.2,
            4800082.93
          ],
          [
            382636.88,
            4800056.27
          ],
          [
            382663.55,
            4800029.6
          ],
          [
            382663.55,
            4800002.94
          ],
          [
            382663.55,
            4799976.28
          ],
          [
            382690.22,
            4799949.61
          ],
          [
            382716.89,
            4799922.95
          ],
          [
            382716.89,
            4799896.28
          ],
          [
            382716.89,
            4799869.62
          ],
          [
            382690.22,
            4799869.62
          ],
          [
            382663.55,
            4799842.96
          ],
          [
            382636.88,
            4799842.96
          ]
        ]
      },
      "properties": {
        "segment_id": 27,
        "step": 27,
        "length_m": 386.29,
        "elevation_start": 94.79,
        "elevation_end": 131.32,
        "slope_percent": 9.46,
        "cost_usd": 202799.82,
        "cost_per_m": 350.0,
        "cumulative_cost": 11953066.4,
        "cumulative_distance_m": 10351.6,
        "land_cover_class": 10,
        "land_cover_name": "tree_cover",
        "geohazard_risk": 0.0,
        "terrain_class": "rolling",
        "crs": "EPSG:32633"
      }
    },
    {
      "type": "Feature",
      "geometry": {
        "type": "LineString",
        "coordinates": [
          [
            382636.88,
            4799842.96
          ],
          [
            382610.2,
            4799842.96
          ],
          [
            382583.53,
            4799816.29
          ],
          [
            382583.53,
            4799789.63
          ],
          [
            382583.53,
            4799762.97
          ],
          [
            382610.2,
            4799736.3
          ],
          [
            382636.88,
            4799736.3
          ],
          [
            382663.55,
            4799736.3
          ],
          [
            382690.22,
            4799709.64
          ],
          [
            382663.55,
            4799682.97
          ],
          [
            382636.88,
            4799682.97
          ],
          [
            382610.2,
            4799682.97
          ],
          [
            382583.53,
            4799682.97
          ]
        ]
      },
      "properties": {
        "segment_id": 28,
        "step": 28,
        "length_m": 364.22,
        "elevation_start": 131.32,
        "elevation_end": 160.47,
        "slope_percent": 8.0,
        "cost_usd": 191214.57,
        "cost_per_m": 350.0,
        "cumulative_cost": 12144280.97,
        "cumulative_distance_m": 10715.82,
        "land_cover_class": 40,
        "land_cover_name": "cropland",
        "geohazard_risk": 0.0,
        "terrain_class": "rolling",
        "crs": "EPSG:32633"
      }
    },
    {
      "type": "Feature",
      "geometry": {
        "type": "LineString",
        "coordinates": [
          [
            382583.53,
            4799682.97
          ],
          [
            382556.86,
            4799656.31
          ],
          [
            382530.19,
            4799629.65
          ],
          [
            382503.52,
            4799602.98
          ],
          [
            382476.84,
            4799576.32
          ],
          [
            382450.17,
            4799576.32
          ],
          [
            382423.5,
            4799576.32
          ],
          [
            382396.83,
            4799576.32
          ],
          [
            382370.15,
            4799576.32
          ],
          [
            382343.48,
            4799576.32
          ],
          [
            382316.81,
            4799549.65
          ],
          [
            382316.81,
            4799522.99
          ],
          [
            382316.81,
            4799496.33
          ]
        ]
      },
      "properties": {
        "segment_id": 29,
        "step": 29,
        "length_m": 375.26,
        "elevation_start": 160.47,
        "elevation_end": 188.71,
        "slope_percent": 7.53,
        "cost_usd": 197011.64,
        "cost_per_m": 350.0,
        "cumulative_cost": 12341292.61,
        "cumulative_distance_m": 11091.08,
        "land_cover_class": 40,
        "land_cover_name": "cropland",
        "geohazard_risk": 0.0,
        "terrain_class": "rolling",
        "crs": "EPSG:32633"
      }
    },
    {
      "type": "Feature",
      "geometry": {
        "type": "LineString",
        "coordinates": [
          [
            382316.81,
            4799496.33
          ],
          [
            382316.81,
            4799469.66
          ],
          [
            382316.81,
            4799443.0
          ],
          [
            382316.81,
            4799416.34
          ],
          [
            382316.81,
            4799389.67
          ],
          [
            382316.81,
            4799363.01
          ],
          [
            382290.14,
            4799336.34
          ],
          [
            382263.47,
            4799309.68
          ],
          [
            382236.79,
            4799283.02
          ],
          [
            382236.79,
            4799256.35
          ],
          [
            382236.79,
            4799229.69
          ],
          [
            382236.79,
            4799203.03
          ],
          [
            382236.79,
            4799176.36
          ],
          [
            382236.79,
            4799149.7
          ]
        ]
      },
      "properties": {
        "segment_id": 30,
        "step": 30,
        "length_m": 379.78,
        "elevation_start": 188.71,
        "elevation_end": 189.95,
        "slope_percent": 0.33,
        "cost_usd": 199384.91,
        "cost_per_m": 350.0,
        "cumulative_cost": 12540677.53,
        "cumulative_distance_m": 11470.86,
        "land_cover_class": 40,
        "land_cover_name": "cropland",
        "geohazard_risk": 0.0,
        "terrain_class": "flat",
        "crs": "EPSG:32633"
      }
    },
    {
      "type": "Feature",
      "geometry": {
        "type": "LineString",
        "coordinates": [
          [
            382236.79,
            4799149.7
          ],
          [
            382236.79,
            4799123.03
          ],
          [
            382263.47,
            4799096.37
          ],
          [
            382290.14,
            4799069.71
          ],
          [
            382316.81,
            4799043.04
          ],
          [
            382343.48,
            4799016.38
          ],
          [
            382343.48,
            4798989.72
          ],
          [
            382343.48,
            4798963.05
          ],
          [
            382343.48,
            4798936.39
          ],
          [
            382343.48,
            4798909.72
          ],
          [
            382343.48,
            4798883.06
          ],
          [
            382343.48,
            4798856.4
          ],
          [
            382343.48,
            4798829.73
          ],
          [
            382343.48,
            4798803.07
          ]
        ]
      },
      "properties": {
        "segment_id": 31,
        "step": 31,
        "length_m": 390.83,
        "elevation_start": 189.95,
        "elevation_end": 231.34,
        "slope_percent": 10.59,
        "cost_usd": 205186.42,
        "cost_per_m": 350.0,
        "cumulative_cost": 12745863.95,
        "cumulative_distance_m": 11861.69,
        "land_cover_class": 40,
        "land_cover_name": "cropland",
        "geohazard_risk": 0.0,
        "terrain_class": "hilly",
        "crs": "EPSG:32633"
      }
    },
    {
      "type": "Feature",
      "geometry": {
        "type": "LineString",
        "coordinates": [
          [
            382343.48,
            4798803.07
          ],
          [
            382343.48,
            4798776.4
          ],
          [
            382343.48,
            4798749.74
          ],
          [
            382343.48,
            4798723.08
          ],
          [
            382370.15,
            4798696.41
          ],
          [
            382370.15,
            4798669.75
          ],
          [
            382370.15,
            4798643.09
          ],
          [
            382370.15,
            4798616.42
          ],
          [
            382370.15,
            4798589.76
          ],
          [
            382370.15,
            4798563.09
          ],
          [
            382370.15,
            4798536.43
          ],
          [
            382370.15,
            4798509.77
          ],
          [
            382370.15,
            4798483.1
          ],
          [
            382370.15,
            4798456.44
          ],
          [
            382396.83,
            4798429.78
          ]
        ]
      },
      "properties": {
        "segment_id": 32,
        "step": 32,
        "length_m": 395.39,
        "elevation_start": 231.34,
        "elevation_end": 215.81,
        "slope_percent": 3.93,
        "cost_usd": 207581.9,
        "cost_per_m": 350.0,
        "cumulative_cost": 12953445.85,
        "cumulative_distance_m": 12257.08,
        "land_cover_class": 40,
        "land_cover_name": "cropland",
        "geohazard_risk": 0.0,
        "terrain_class": "flat",
        "crs": "EPSG:32633"
      }
    },
    {
      "type": "Feature",
      "geometry": {
        "type": "LineString",
        "coordinates": [
          [
            382396.83,
            4798429.78
          ],
          [
            382423.5,
            4798403.11
          ],
          [
            382450.17,
            4798376.45
          ],
          [
            382476.84,
            4798349.78
          ],
          [
            382476.84,
            4798323.12
          ],
          [
            382476.84,
            4798296.46
          ],
          [
            382476.84,
            4798269.79
          ],
          [
            382476.84,
            4798243.13
          ],
          [
            382476.84,
            4798216.47
          ],
          [
            382476.84,
            4798189.8
          ],
          [
            382476.84,
            4798163.14
          ],
          [
            382476.84,
            4798136.47
          ],
          [
            382503.52,
            4798109.81
          ]
        ]
      },
      "properties": {
        "segment_id": 33,
        "step": 33,
        "length_m": 364.17,
        "elevation_start": 215.81,
        "elevation_end": 201.74,
        "slope_percent": 3.86,
        "cost_usd": 191187.93,
        "cost_per_m": 350.0,
        "cumulative_cost": 13144633.78,
        "cumulative_distance_m": 12621.25,
        "land_cover_class": 40,
        "land_cover_name": "cropland",
        "geohazard_risk": 0.0,
        "terrain_class": "flat",
        "crs": "EPSG:32633"
      }
    },
    {
      "type": "Feature",
      "geometry": {
        "type": "LineString",
        "coordinates": [
          [
            382503.52,
            4798109.81
          ],
          [
            382530.19,
            4798083.15
          ],
          [
            382556.86,
            4798056.48
          ],
          [
            382583.53,
            4798029.82
          ],
          [
            382610.2,
            4798003.15
          ],
          [
            382636.88,
            4797976.49
          ],
          [
            382663.55,
            4797949.83
          ],
          [
            382690.22,
            4797923.16
          ],
          [
            382716.89,
            4797896.5
          ],
          [
            382743.57,
            4797869.84
          ],
          [
            382770.24,
            4797843.17
          ]
        ]
      },
      "properties": {
        "segment_id": 34,
        "step": 34,
        "length_m": 377.14,
        "elevation_start": 201.74,
        "elevation_end": 206.06,
        "slope_percent": 1.15,
        "cost_usd": 105599.99,
        "cost_per_m": 350.0,
        "cumulative_cost": 13250233.77,
        "cumulative_distance_m": 12998.39,
        "land_cover_class": 30,
        "land_cover_name": "grassland",
        "geohazard_risk": 0.0,
        "terrain_class": "flat",
        "crs": "EPSG:32633"
      }
    },
    {
      "type": "Feature",
      "geometry": {
        "type": "LineString",
        "coordinates": [
          [
            382770.24,
            4797843.17
          ],
          [
            382796.91,
            4797816.51
          ],
          [
            382823.58,
            4797789.84
          ],
          [
            382850.25,
            4797763.18
          ],
          [
            382876.93,
            4797736.52
          ],
          [
            382903.6,
            4797709.85
          ],
          [
            382930.27,
            4797683.19
          ],
          [
            382956.94,
            4797683.19
          ],
          [
            382983.62,
            4797656.53
          ],
          [
            383010.29,
            4797629.86
          ],
          [
            383036.96,
            4797629.86
          ],
          [
            383063.63,
            4797629.86
          ]
        ]
      },
      "properties": {
        "segment_id": 35,
        "step": 35,
        "length_m": 381.73,
        "elevation_start": 206.06,
        "elevation_end": 208.61,
        "slope_percent": 0.67,
        "cost_usd": 200408.78,
        "cost_per_m": 350.0,
        "cumulative_cost": 13450642.55,
        "cumulative_distance_m": 13380.12,
        "land_cover_class": 40,
        "land_cover_name": "cropland",
        "geohazard_risk": 0.0,
        "terrain_class": "flat",
        "crs": "EPSG:32633"
      }
    },
    {
      "type": "Feature",
      "geometry": {
        "type": "LineString",
        "coordinates": [
          [
            383063.63,
            4797629.86
          ],
          [
            383090.3,
            4797629.86
          ],
          [
            383116.98,
            4797603.2
          ],
          [
            383143.65,
            4797576.53
          ],
          [
            383170.32,
            4797549.87
          ],
          [
            383196.99,
            4797523.21
          ],
          [
            383196.99,
            4797496.54
          ],
          [
            383196.99,
            4797469.88
          ],
          [
            383196.99,
            4797443.22
          ],
          [
            383196.99,
            4797416.55
          ],
          [
            383196.99,
            4797389.89
          ],
          [
            383196.99,
            4797363.22
          ],
          [
            383196.99,
            4797336.56
          ],
          [
            383196.99,
            4797309.9
          ]
        ]
      },
      "properties": {
        "segment_id": 36,
        "step": 36,
        "length_m": 390.84,
        "elevation_start": 208.61,
        "elevation_end": 236.72,
        "slope_percent": 7.19,
        "cost_usd": 205190.86,
        "cost_per_m": 350.0,
        "cumulative_cost": 13655833.41,
        "cumulative_distance_m": 13770.96,
        "land_cover_class": 40,
        "land_cover_name": "cropland",
        "geohazard_risk": 0.0,
        "terrain_class": "rolling",
        "crs": "EPSG:32633"
      }
    },
    {
      "type": "Feature",
      "geometry": {
        "type": "LineString",
        "coordinates": [
          [
            383196.99,
            4797309.9
          ],
          [
            383196.99,
            4797283.23
          ],
          [
            383196.99,
            4797256.57
          ],
          [
            383223.67,
            4797229.9
          ],
          [
            383250.34,
            4797229.9
          ],
          [
            383277.01,
            4797229.9
          ],
          [
            383303.68,
            4797229.9
          ],
          [
            383330.36,
            4797229.9
          ],
          [
            383357.03,
            4797229.9
          ],
          [
            383383.7,
            4797229.9
          ],
          [
            383410.37,
            4797229.9
          ],
          [
            383437.04,
            4797229.9
          ],
          [
            383463.72,
            4797229.9
          ],
          [
            383490.39,
            4797229.9
          ],
          [
            383517.06,
            4797229.9
          ]
        ]
      },
      "properties": {
        "segment_id": 37,
        "step": 37,
        "length_m": 384.44,
        "elevation_start": 236.72,
        "elevation_end": 256.89,
        "slope_percent": 5.25,
        "cost_usd": 201829.25,
        "cost_per_m": 350.0,
        "cumulative_cost": 13857662.66,
        "cumulative_distance_m": 14155.4,
        "land_cover_class": 40,
        "land_cover_name": "cropland",
        "geohazard_risk": 0.0,
        "terrain_class": "rolling",
        "crs": "EPSG:32633"
      }
    },
    {
      "type": "Feature",
      "geometry": {
        "type": "LineString",
        "coordinates": [
          [
            383517.06,
            4797229.9
          ],
          [
            383543.73,
            4797229.9
          ],
          [
            383570.41,
            4797229.9
          ],
          [
            383597.08,
            4797256.57
          ],
          [
            383597.08,
            4797283.23
          ],
          [
            383623.75,
            4797309.9
          ],
          [
            383650.42,
            4797309.9
          ],
          [
            383677.09,
            4797336.56
          ],
          [
            383703.77,
            4797336.56
          ],
          [
            383730.44,
            4797336.56
          ],
          [
            383757.11,
            4797309.9
          ],
          [
            383783.78,
            4797309.9
          ],
          [
            383810.46,
            4797336.56
          ]
        ]
      },
      "properties": {
        "segment_id": 38,
        "step": 38,
        "length_m": 375.27,
        "elevation_start": 256.89,
        "elevation_end": 254.51,
        "slope_percent": 0.63,
        "cost_usd": 197016.08,
        "cost_per_m": 350.0,
        "cumulative_cost": 14054678.74,
        "cumulative_distance_m": 14530.67,
        "land_cover_class": 40,
        "land_cover_name": "cropland",
        "geohazard_risk": 0.0,
        "terrain_class": "flat",
        "crs": "EPSG:32633"
      }
    },
    {
      "type": "Feature",
      "geometry": {
        "type": "LineString",
        "coordinates": [
          [
            383810.46,
            4797336.56
          ],
          [
            383837.13,
            4797336.56
          ],
          [
            383863.8,
            4797336.56
          ],
          [
            383890.47,
            4797309.9
          ],
          [
            383917.14,
            4797336.56
          ],
          [
            383943.82,
            4797336.56
          ],
          [
            383970.49,
            4797336.56
          ],
          [
            383997.16,
            4797309.9
          ],
          [
            384023.83,
            4797283.23
          ],
          [
            384050.51,
            4797256.57
          ],
          [
            384077.18,
            4797229.9
          ],
          [
            384103.85,
            4797229.9
          ],
          [
            384130.52,
            4797256.57
          ]
        ]
      },
      "properties": {
        "segment_id": 39,
        "step": 39,
        "length_m": 397.36,
        "elevation_start": 254.51,
        "elevation_end": 252.43,
        "slope_percent": 0.52,
        "cost_usd": 208614.65,
        "cost_per_m": 350.0,
        "cumulative_cost": 14263293.39,
        "cumulative_distance_m": 14928.03,
        "land_cover_class": 40,
        "land_cover_name": "cropland",
        "geohazard_risk": 0.0,
        "terrain_class": "flat",
        "crs": "EPSG:32633"
      }
    },
    {
      "type": "Feature",
      "geometry": {
        "type": "LineString",
        "coordinates": [
          [
            384130.52,
            4797256.57
          ],
          [
            384157.2,
            4797283.23
          ],
          [
            384183.87,
            4797309.9
          ],
          [
            384210.54,
            4797336.56
          ],
          [
            384237.21,
            4797336.56
          ],
          [
            384263.88,
            4797309.9
          ],
          [
            384290.56,
            4797283.23
          ],
          [
            384317.23,
            4797256.57
          ],
          [
            384343.9,
            4797229.9
          ],
          [
            384370.57,
            4797229.9
          ],
          [
            384397.25,
            4797229.9
          ],
          [
            384423.92,
            4797229.9
          ],
          [
            384450.59,
            4797229.9
          ]
        ]
      },
      "properties": {
        "segment_id": 40,
        "step": 40,
        "length_m": 397.36,
        "elevation_start": 252.43,
        "elevation_end": 251.83,
        "slope_percent": 0.15,
        "cost_usd": 6953821.68,
        "cost_per_m": 350.0,
        "cumulative_cost": 21217115.06,
        "cumulative_distance_m": 15325.39,
        "land_cover_class": 50,
        "land_cover_name": "built_up",
        "geohazard_risk": 0.0,
        "terrain_class": "flat",
        "crs": "EPSG:32633"
      }
    },
    {
      "type": "Feature",
      "geometry": {
        "type": "LineString",
        "coordinates": [
          [
            384450.59,
            4797229.9
          ],
          [
            384477.26,
            4797229.9
          ],
          [
            384503.93,
            4797229.9
          ],
          [
            384530.61,
            4797229.9
          ],
          [
            384557.28,
            4797229.9
          ],
          [
            384583.95,
            4797229.9
          ],
          [
            384610.62,
            4797256.57
          ],
          [
            384637.3,
            4797283.23
          ],
          [
            384663.97,
            4797283.23
          ],
          [
            384690.64,
            4797283.23
          ],
          [
            384717.31,
            4797283.23
          ],
          [
            384743.98,
            4797309.9
          ],
          [
            384770.66,
            4797336.56
          ]
        ]
      },
      "properties": {
        "segment_id": 41,
        "step": 41,
        "length_m": 364.24,
        "elevation_start": 251.83,
        "elevation_end": 259.61,
        "slope_percent": 2.14,
        "cost_usd": 101985.84,
        "cost_per_m": 350.0,
        "cumulative_cost": 21319100.91,
        "cumulative_distance_m": 15689.63,
        "land_cover_class": 30,
        "land_cover_name": "grassland",
        "geohazard_risk": 0.0,
        "terrain_class": "flat",
        "crs": "EPSG:32633"
      }
    },
    {
      "type": "Feature",
      "geometry": {
        "type": "LineString",
        "coordinates": [
          [
            384770.66,
            4797336.56
          ],
          [
            384797.33,
            4797363.22
          ],
          [
            384824.0,
            4797389.89
          ],
          [
            384850.67,
            4797416.55
          ],
          [
            384877.35,
            4797443.22
          ],
          [
            384904.02,
            4797443.22
          ],
          [
            384930.69,
            4797443.22
          ],
          [
            384957.36,
            4797443.22
          ],
          [
            384984.03,
            4797469.88
          ],
          [
            385010.71,
            4797496.54
          ],
          [
            385037.38,
            4797496.54
          ],
          [
            385064.05,
            4797496.54
          ],
          [
            385090.72,
            4797496.54
          ]
        ]
      },
      "properties": {
        "segment_id": 42,
        "step": 42,
        "length_m": 386.32,
        "elevation_start": 259.61,
        "elevation_end": 264.22,
        "slope_percent": 1.19,
        "cost_usd": 202817.59,
        "cost_per_m": 350.0,
        "cumulative_cost": 21521918.49,
        "cumulative_distance_m": 16075.94,
        "land_cover_class": 10,
        "land_cover_name": "tree_cover",
        "geohazard_risk": 0.0,
        "terrain_class": "flat",
        "crs": "EPSG:32633"
      }
    },
    {
      "type": "Feature",
      "geometry": {
        "type": "LineString",
        "coordinates": [
          [
            385090.72,
            4797496.54
          ],
          [
            385117.4,
            4797469.88
          ],
          [
            385144.07,
            4797496.54
          ],
          [
            385170.74,
            4797496.54
          ],
          [
            385197.41,
            4797496.54
          ],
          [
            385224.09,
            4797496.54
          ],
          [
            385250.76,
            4797496.54
          ],
          [
            385277.43,
            4797496.54
          ],
          [
            385304.1,
            4797496.54
          ],
          [
            385330.77,
            4797496.54
          ],
          [
            385357.45,
            4797496.54
          ],
          [
            385384.12,
            4797496.54
          ],
          [
            385410.79,
            4797496.54
          ],
          [
            385437.46,
            4797496.54
          ],
          [
            385464.14,
            4797496.54
          ]
        ]
      },
      "properties": {
        "segment_id": 43,
        "step": 43,
        "length_m": 395.5,
        "elevation_start": 264.22,
        "elevation_end": 227.27,
        "slope_percent": 9.34,
        "cost_usd": 207635.19,
        "cost_per_m": 350.0,
        "cumulative_cost": 21729553.69,
        "cumulative_distance_m": 16471.44,
        "land_cover_class": 40,
        "land_cover_name": "cropland",
        "geohazard_risk": 0.0,
        "terrain_class": "rolling",
        "crs": "EPSG:32633"
      }
    },
    {
      "type": "Feature",
      "geometry": {
        "type": "LineString",
        "coordinates": [
          [
            385464.14,
            4797496.54
          ],
          [
            385490.81,
            4797496.54
          ],
          [
            385517.48,
            4797496.54
          ],
          [
            385544.15,
            4797496.54
          ],
          [
            385570.82,
            4797469.88
          ],
          [
            385597.5,
            4797443.22
          ],
          [
            385624.17,
            4797416.55
          ],
          [
            385650.84,
            4797389.89
          ],
          [
            385677.51,
            4797363.22
          ],
          [
            385704.19,
            4797336.56
          ],
          [
            385730.86,
            4797309.9
          ],
          [
            385757.53,
            4797283.23
          ]
        ]
      },
      "properties": {
        "segment_id": 44,
        "step": 44,
        "length_m": 381.73,
        "elevation_start": 227.27,
        "elevation_end": 215.27,
        "slope_percent": 3.14,
        "cost_usd": 6680292.74,
        "cost_per_m": 350.0,
        "cumulative_cost": 28409846.42,
        "cumulative_distance_m": 16853.17,
        "land_cover_class": 50,
        "land_cover_name": "built_up",
        "geohazard_risk": 0.0,
        "terrain_class": "flat",
        "crs": "EPSG:32633"
      }
    },
    {
      "type": "Feature",
      "geometry": {
        "type": "LineString",
        "coordinates": [
          [
            385757.53,
            4797283.23
          ],
          [
            385784.2,
            4797283.23
          ],
          [
            385810.87,
            4797283.23
          ],
          [
            385837.55,
            4797283.23
          ],
          [
            385864.22,
            4797283.23
          ],
          [
            385890.89,
            4797283.23
          ],
          [
            385917.56,
            4797283.23
          ],
          [
            385944.24,
            4797283.23
          ],
          [
            385970.91,
            4797283.23
          ],
          [
            385997.58,
            4797283.23
          ],
          [
            386024.25,
            4797256.57
          ],
          [
            386050.92,
            4797229.9
          ],
          [
            386077.6,
            4797229.9
          ],
          [
            386104.27,
            4797203.24
          ]
        ]
      },
      "properties": {
        "segment_id": 45,
        "step": 45,
        "length_m": 379.87,
        "elevation_start": 215.27,
        "elevation_end": 220.27,
        "slope_percent": 1.32,
        "cost_usd": 106362.31,
        "cost_per_m": 350.0,
        "cumulative_cost": 28516208.73,
        "cumulative_distance_m": 17233.04,
        "land_cover_class": 30,
        "land_cover_name": "grassland",
        "geohazard_risk": 0.0,
        "terrain_class": "flat",
        "crs": "EPSG:32633"
      }
    },
    {
      "type": "Feature",
      "geometry": {
        "type": "LineString",
        "coordinates": [
          [
            386104.27,
            4797203.24
          ],
          [
            386130.94,
            4797203.24
          ],
          [
            386157.61,
            4797203.24
          ],
          [
            386184.29,
            4797203.24
          ],
          [
            386210.96,
            4797203.24
          ],
          [
            386237.63,
            4797203.24
          ],
          [
            386264.3,
            4797203.24
          ],
          [
            386290.98,
            4797229.9
          ],
          [
            386317.65,
            4797256.57
          ],
          [
            386344.32,
            4797256.57
          ],
          [
            386370.99,
            4797256.57
          ],
          [
            386397.66,
            4797256.57
          ],
          [
            386424.34,
            4797229.9
          ],
          [
            386424.34,
            4797203.24
          ]
        ]
      },
      "properties": {
        "segment_id": 46,
        "step": 46,
        "length_m": 379.86,
        "elevation_start": 220.27,
        "elevation_end": 231.6,
        "slope_percent": 2.98,
        "cost_usd": 106359.94,
        "cost_per_m": 350.0,
        "cumulative_cost": 28622568.67,
        "cumulative_distance_m": 17612.89,
        "land_cover_class": 30,
        "land_cover_name": "grassland",
        "geohazard_risk": 0.0,
        "terrain_class": "flat",
        "crs": "EPSG:32633"
      }
    },
    {
      "type": "Feature",
      "geometry": {
        "type": "LineString",
        "coordinates": [
          [
            386424.34,
            4797203.24
          ],
          [
            386424.34,
            4797176.58
          ],
          [
            386424.34,
            4797149.91
          ],
          [
            386424.34,
            4797123.25
          ],
          [
            386424.34,
            4797096.59
          ],
          [
            386424.34,
            4797069.92
          ],
          [
            386424.34,
            4797043.26
          ],
          [
            386424.34,
            4797016.59
          ],
          [
            386424.34,
            4796989.93
          ],
          [
            386424.34,
            4796963.27
          ],
          [
            386451.01,
            4796936.6
          ],
          [
            386477.68,
            4796909.94
          ],
          [
            386504.35,
            4796883.28
          ],
          [
            386504.35,
            4796856.61
          ]
        ]
      },
      "properties": {
        "segment_id": 47,
        "step": 47,
        "length_m": 379.78,
        "elevation_start": 231.6,
        "elevation_end": 183.08,
        "slope_percent": 12.78,
        "cost_usd": 106338.62,
        "cost_per_m": 350.0,
        "cumulative_cost": 28728907.29,
        "cumulative_distance_m": 17992.67,
        "land_cover_class": 30,
        "land_cover_name": "grassland",
        "geohazard_risk": 0.0,
        "terrain_class": "hilly",
        "crs": "EPSG:32633"
      }
    },
    {
      "type": "Feature",
      "geometry": {
        "type": "LineString",
        "coordinates": [
          [
            386504.35,
            4796856.61
          ],
          [
            386504.35,
            4796829.95
          ],
          [
            386504.35,
            4796803.28
          ],
          [
            386504.35,
            4796776.62
          ],
          [
            386504.35,
            4796749.96
          ],
          [
            386504.35,
            4796723.29
          ],
          [
            386504.35,
            4796696.63
          ],
          [
            386504.35,
            4796669.97
          ],
          [
            386504.35,
            4796643.3
          ],
          [
            386504.35,
            4796616.64
          ],
          [
            386504.35,
            4796589.97
          ],
          [
            386504.35,
            4796563.31
          ],
          [
            386504.35,
            4796536.65
          ],
          [
            386504.35,
            4796509.98
          ],
          [
            386504.35,
            4796483.32
          ],
          [
            386504.35,
            4796456.65
          ]
        ]
      },
      "properties": {
        "segment_id": 48,
        "step": 48,
        "length_m": 399.96,
        "elevation_start": 183.08,
        "elevation_end": 166.77,
        "slope_percent": 4.08,
        "cost_usd": 209977.38,
        "cost_per_m": 350.0,
        "cumulative_cost": 28938884.67,
        "cumulative_distance_m": 18392.63,
        "land_cover_class": 40,
        "land_cover_name": "cropland",
        "geohazard_risk": 0.0,
        "terrain_class": "flat",
        "crs": "EPSG:32633"
      }
    },
    {
      "type": "Feature",
      "geometry": {
        "type": "LineString",
        "coordinates": [
          [
            386504.35,
            4796456.65
          ],
          [
            386504.35,
            4796429.99
          ],
          [
            386531.03,
            4796403.33
          ],
          [
            386557.7,
            4796376.66
          ],
          [
            386584.37,
            4796350.0
          ],
          [
            386611.04,
            4796323.34
          ],
          [
            386611.04,
            4796296.67
          ],
          [
            386611.04,
            4796270.01
          ],
          [
            386611.04,
            4796243.34
          ],
          [
            386611.04,
            4796216.68
          ],
          [
            386611.04,
            4796190.02
          ],
          [
            386611.04,
            4796163.35
          ],
          [
            386611.04,
            4796136.69
          ],
          [
            386611.04,
            4796110.03
          ]
        ]
      },
      "properties": {
        "segment_id": 49,
        "step": 49,
        "length_m": 390.83,
        "elevation_start": 166.77,
        "elevation_end": 127.53,
        "slope_percent": 10.04,
        "cost_usd": 109432.76,
        "cost_per_m": 350.0,
        "cumulative_cost": 29048317.43,
        "cumulative_distance_m": 18783.46,
        "land_cover_class": 30,
        "land_cover_name": "grassland",
        "geohazard_risk": 0.0,
        "terrain_class": "hilly",
        "crs": "EPSG:32633"
      }
    },
    {
      "type": "Feature",
      "geometry": {
        "type": "LineString",
        "coordinates": [
          [
            386611.04,
            4796110.03
          ],
          [
            386611.04,
            4796083.36
          ],
          [
            386611.04,
            4796056.7
          ],
          [
            386611.04,
            4796030.03
          ],
          [
            386611.04,
            4796003.37
          ],
          [
            386611.04,
            4795976.71
          ],
          [
            386611.04,
            4795950.04
          ],
          [
            386584.37,
            4795923.38
          ],
          [
            386557.7,
            4795896.72
          ],
          [
            386557.7,
            4795870.05
          ],
          [
            386557.7,
            4795843.39
          ],
          [
            386557.7,
            4795816.72
          ],
          [
            386531.03,
            4795790.06
          ],
          [
            386531.03,
            4795763.4
          ]
        ]
      },
      "properties": {
        "segment_id": 50,
        "step": 50,
        "length_m": 379.78,
        "elevation_start": 127.53,
        "elevation_end": 121.26,
        "slope_percent": 1.65,
        "cost_usd": 199384.91,
        "cost_per_m": 350.0,
        "cumulative_cost": 29247702.34,
        "cumulative_distance_m": 19163.24,
        "land_cover_class": 40,
        "land_cover_name": "cropland",
        "geohazard_risk": 0.0,
        "terrain_class": "flat",
        "crs": "EPSG:32633"
      }
    },
    {
      "type": "Feature",
      "geometry": {
        "type": "LineString",
        "coordinates": [
          [
            386531.03,
            4795763.4
          ],
          [
            386531.03,
            4795736.73
          ],
          [
            386531.03,
            4795710.07
          ],
          [
            386531.03,
            4795683.4
          ],
          [
            386531.03,
            4795656.74
          ],
          [
            386531.03,
            4795630.08
          ],
          [
            386531.03,
            4795603.41
          ],
          [
            386531.03,
            4795576.75
          ],
          [
            386531.03,
            4795550.09
          ],
          [
            386531.03,
            4795523.42
          ],
          [
            386531.03,
            4795496.76
          ],
          [
            386531.03,
            4795470.09
          ],
          [
            386557.7,
            4795443.43
          ],
          [
            386584.37,
            4795416.77
          ]
        ]
      },
      "properties": {
        "segment_id": 51,
        "step": 51,
        "length_m": 368.73,
        "elevation_start": 121.26,
        "elevation_end": 108.68,
        "slope_percent": 3.41,
        "cost_usd": 6452780.31,
        "cost_per_m": 350.0,
        "cumulative_cost": 35700482.65,
        "cumulative_distance_m": 19531.97,
        "land_cover_class": 50,
        "land_cover_name": "built_up",
        "geohazard_risk": 0.0,
        "terrain_class": "flat",
        "crs": "EPSG:32633"
      }
    },
    {
      "type": "Feature",
      "geometry": {
        "type": "LineString",
        "coordinates": [
          [
            386584.37,
            4795416.77
          ],
          [
            386611.04,
            4795390.1
          ],
          [
            386611.04,
            4795363.44
          ],
          [
            386637.71,
            4795336.78
          ],
          [
            386664.39,
            4795310.11
          ],
          [
            386691.06,
            4795283.45
          ],
          [
            386691.06,
            4795256.78
          ],
          [
            386691.06,
            4795230.12
          ],
          [
            386691.06,
            4795203.46
          ],
          [
            386691.06,
            4795176.79
          ],
          [
            386691.06,
            4795150.13
          ],
          [
            386717.73,
            4795123.47
          ],
          [
            386717.73,
            4795096.8
          ]
        ]
      },
      "properties": {
        "segment_id": 52,
        "step": 52,
        "length_m": 375.22,
        "elevation_start": 108.68,
        "elevation_end": 96.24,
        "slope_percent": 3.31,
        "cost_usd": 105061.03,
        "cost_per_m": 350.0,
        "cumulative_cost": 35805543.68,
        "cumulative_distance_m": 19907.19,
        "land_cover_class": 30,
        "land_cover_name": "grassland",
        "geohazard_risk": 0.0,
        "terrain_class": "flat",
        "crs": "EPSG:32633"
      }
    },
    {
      "type": "Feature",
      "geometry": {
        "type": "LineString",
        "coordinates": [
          [
            386717.73,
            4795096.8
          ],
          [
            386717.73,
            4795070.14
          ],
          [
            386744.4,
            4795043.47
          ],
          [
            386771.08,
            4795016.81
          ],
          [
            386771.08,
            4794990.15
          ],
          [
            386797.75,
            4794963.48
          ],
          [
            386824.42,
            4794936.82
          ],
          [
            386851.09,
            4794910.15
          ],
          [
            386877.76,
            4794883.49
          ],
          [
            386877.76,
            4794856.83
          ],
          [
            386877.76,
            4794830.16
          ],
          [
            386904.44,
            4794803.5
          ]
        ]
      },
      "properties": {
        "segment_id": 53,
        "step": 53,
        "length_m": 370.66,
        "elevation_start": 96.24,
        "elevation_end": 93.64,
        "slope_percent": 0.7,
        "cost_usd": 194593.95,
        "cost_per_m": 350.0,
        "cumulative_cost": 36000137.63,
        "cumulative_distance_m": 20277.85,
        "land_cover_class": 40,
        "land_cover_name": "cropland",
        "geohazard_risk": 0.0,
        "terrain_class": "flat",
        "crs": "EPSG:32633"
      }
    },
    {
      "type": "Feature",
      "geometry": {
        "type": "LineString",
        "coordinates": [
          [
            386904.44,
            4794803.5
          ],
          [
            386931.11,
            4794776.84
          ],
          [
            386957.78,
            4794750.17
          ],
          [
            386984.45,
            4794723.51
          ],
          [
            387011.13,
            4794696.84
          ],
          [
            387011.13,
            4794670.18
          ],
          [
            387011.13,
            4794643.52
          ],
          [
            387011.13,
            4794616.85
          ],
          [
            387011.13,
            4794590.19
          ],
          [
            387011.13,
            4794563.53
          ],
          [
            387011.13,
            4794536.86
          ],
          [
            387037.8,
            4794510.2
          ],
          [
            387064.47,
            4794483.53
          ]
        ]
      },
      "properties": {
        "segment_id": 54,
        "step": 54,
        "length_m": 386.27,
        "elevation_start": 93.64,
        "elevation_end": 84.75,
        "slope_percent": 2.3,
        "cost_usd": 202790.94,
        "cost_per_m": 350.0,
        "cumulative_cost": 36202928.57,
        "cumulative_distance_m": 20664.12,
        "land_cover_class": 40,
        "land_cover_name": "cropland",
        "geohazard_risk": 0.0,
        "terrain_class": "flat",
        "crs": "EPSG:32633"
      }
    },
    {
      "type": "Feature",
      "geometry": {
        "type": "LineString",
        "coordinates": [
          [
            387064.47,
            4794483.53
          ],
          [
            387091.14,
            4794456.87
          ],
          [
            387117.82,
            4794430.21
          ],
          [
            387144.49,
            4794403.54
          ],
          [
            387171.16,
            4794376.88
          ],
          [
            387197.83,
            4794350.21
          ],
          [
            387224.5,
            4794323.55
          ],
          [
            387251.18,
            4794296.89
          ],
          [
            387277.85,
            4794270.22
          ],
          [
            387304.52,
            4794243.56
          ],
          [
            387304.52,
            4794216.9
          ]
        ]
      },
      "properties": {
        "segment_id": 55,
        "step": 55,
        "length_m": 366.09,
        "elevation_start": 84.75,
        "elevation_end": 74.98,
        "slope_percent": 2.67,
        "cost_usd": 192198.47,
        "cost_per_m": 350.0,
        "cumulative_cost": 36395127.05,
        "cumulative_distance_m": 21030.21,
        "land_cover_class": 40,
        "land_cover_name": "cropland",
        "geohazard_risk": 0.0,
        "terrain_class": "flat",
        "crs": "EPSG:32633"
      }
    },
    {
      "type": "Feature",
      "geometry": {
        "type": "LineString",
        "coordinates": [
          [
            387304.52,
            4794216.9
          ],
          [
            387331.19,
            4794190.23
          ],
          [
            387357.87,
            4794163.57
          ],
          [
            387384.54,
            4794136.9
          ],
          [
            387411.21,
            4794110.24
          ],
          [
            387437.88,
            4794083.58
          ],
          [
            387464.55,
            4794056.91
          ],
          [
            387491.23,
            4794030.25
          ],
          [
            387517.9,
            4794003.59
          ],
          [
            387544.57,
            4793976.92
          ],
          [
            387571.24,
            4793950.26
          ]
        ]
      },
      "properties": {
        "segment_id": 56,
        "step": 56,
        "length_m": 377.14,
        "elevation_start": 74.98,
        "elevation_end": 71.93,
        "slope_percent": 0.81,
        "cost_usd": 197999.98,
        "cost_per_m": 350.0,
        "cumulative_cost": 36593127.03,
        "cumulative_distance_m": 21407.35,
        "land_cover_class": 40,
        "land_cover_name": "cropland",
        "geohazard_risk": 0.0,
        "terrain_class": "flat",
        "crs": "EPSG:32633"
      }
    },
    {
      "type": "Feature",
      "geometry": {
        "type": "LineString",
        "coordinates": [
          [
            387571.24,
            4793950.26
          ],
          [
            387597.92,
            4793923.59
          ],
          [
            387624.59,
            4793923.59
          ],
          [
            387651.26,
            4793923.59
          ],
          [
            387677.93,
            4793923.59
          ],
          [
            387704.6,
            4793896.93
          ],
          [
            387731.28,
            4793870.27
          ],
          [
            387757.95,
            4793843.6
          ],
          [
            387784.62,
            4793816.94
          ],
          [
            387811.29,
            4793790.28
          ],
          [
            387837.97,
            4793763.61
          ],
          [
            387864.64,
            4793736.95
          ]
        ]
      },
      "properties": {
        "segment_id": 57,
        "step": 57,
        "length_m": 381.73,
        "elevation_start": 71.93,
        "elevation_end": 66.62,
        "slope_percent": 1.39,
        "cost_usd": 200408.78,
        "cost_per_m": 350.0,
        "cumulative_cost": 36793535.81,
        "cumulative_distance_m": 21789.08,
        "land_cover_class": 40,
        "land_cover_name": "cropland",
        "geohazard_risk": 0.0,
        "terrain_class": "flat",
        "crs": "EPSG:32633"
      }
    },
    {
      "type": "Feature",
      "geometry": {
        "type": "LineString",
        "coordinates": [
          [
            387864.64,
            4793736.95
          ],
          [
            387891.31,
            4793710.28
          ],
          [
            387917.98,
            4793683.62
          ],
          [
            387944.65,
            4793656.96
          ],
          [
            387971.33,
            4793630.29
          ],
          [
            387998.0,
            4793603.63
          ],
          [
            388024.67,
            4793576.96
          ],
          [
            388051.34,
            4793550.3
          ],
          [
            388078.02,
            4793523.64
          ],
          [
            388104.69,
            4793496.97
          ],
          [
            388131.36,
            4793470.31
          ]
        ]
      },
      "properties": {
        "segment_id": 58,
        "step": 58,
        "length_m": 377.14,
        "elevation_start": 66.62,
        "elevation_end": 52.01,
        "slope_percent": 3.87,
        "cost_usd": 197999.98,
        "cost_per_m": 350.0,
        "cumulative_cost": 36991535.79,
        "cumulative_distance_m": 22166.22,
        "land_cover_class": 40,
        "land_cover_name": "cropland",
        "geohazard_risk": 0.0,
        "terrain_class": "flat",
        "crs": "EPSG:32633"
      }
    },
    {
      "type": "Feature",
      "geometry": {
        "type": "LineString",
        "coordinates": [
          [
            388131.36,
            4793470.31
          ],
          [
            388158.03,
            4793443.65
          ],
          [
            388184.71,
            4793416.98
          ],
          [
            388211.38,
            4793390.32
          ],
          [
            388238.05,
            4793363.65
          ],
          [
            388264.72,
            4793336.99
          ],
          [
            388264.72,
            4793310.33
          ],
          [
            388264.72,
            4793283.66
          ],
          [
            388264.72,
            4793257.0
          ],
          [
            388264.72,
            4793230.34
          ],
          [
            388264.72,
            4793203.67
          ],
          [
            388264.72,
            4793177.01
          ],
          [
            388264.72,
            4793150.34
          ]
        ]
      },
      "properties": {
        "segment_id": 59,
        "step": 59,
        "length_m": 375.22,
        "elevation_start": 52.01,
        "elevation_end": 46.12,
        "slope_percent": 1.57,
        "cost_usd": 196989.43,
        "cost_per_m": 350.0,
        "cumulative_cost": 37188525.22,
        "cumulative_distance_m": 22541.44,
        "land_cover_class": 40,
        "land_cover_name": "cropland",
        "geohazard_risk": 0.0,
        "terrain_class": "flat",
        "crs": "EPSG:32633"
      }
    },
    {
      "type": "Feature",
      "geometry": {
        "type": "LineString",
        "coordinates": [
          [
            388264.72,
            4793150.34
          ],
          [
            388264.72,
            4793123.68
          ],
          [
            388264.72,
            4793097.02
          ],
          [
            388264.72,
            4793070.35
          ],
          [
            388291.39,
            4793043.69
          ],
          [
            388318.07,
            4793017.03
          ],
          [
            388344.74,
            4792990.36
          ],
          [
            388371.41,
            4792963.7
          ],
          [
            388398.08,
            4792937.03
          ],
          [
            388424.76,
            4792910.37
          ],
          [
            388424.76,
            4792883.71
          ],
          [
            388424.76,
            4792857.04
          ],
          [
            388424.76,
            4792830.38
          ]
        ]
      },
      "properties": {
        "segment_id": 60,
        "step": 60,
        "length_m": 386.27,
        "elevation_start": 46.12,
        "elevation_end": 42.54,
        "slope_percent": 0.93,
        "cost_usd": 108155.17,
        "cost_per_m": 350.0,
        "cumulative_cost": 37296680.39,
        "cumulative_distance_m": 22927.71,
        "land_cover_class": 30,
        "land_cover_name": "grassland",
        "geohazard_risk": 0.0,
        "terrain_class": "flat",
        "crs": "EPSG:32633"
      }
    },
    {
      "type": "Feature",
      "geometry": {
        "type": "LineString",
        "coordinates": [
          [
            388424.76,
            4792830.38
          ],
          [
            388424.76,
            4792803.71
          ],
          [
            388451.43,
            4792777.05
          ],
          [
            388478.1,
            4792750.39
          ],
          [
            388504.77,
            4792723.72
          ],
          [
            388531.44,
            4792697.06
          ],
          [
            388558.12,
            4792670.4
          ],
          [
            388584.79,
            4792643.73
          ],
          [
            388611.46,
            4792617.07
          ],
          [
            388638.13,
            4792590.4
          ],
          [
            388664.81,
            4792590.4
          ],
          [
            388691.48,
            4792590.4
          ]
        ]
      },
      "properties": {
        "segment_id": 61,
        "step": 61,
        "length_m": 381.72,
        "elevation_start": 42.54,
        "elevation_end": 40.67,
        "slope_percent": 0.49,
        "cost_usd": 106882.32,
        "cost_per_m": 350.0,
        "cumulative_cost": 37403562.7,
        "cumulative_distance_m": 23309.43,
        "land_cover_class": 30,
        "land_cover_name": "grassland",
        "geohazard_risk": 0.0,
        "terrain_class": "flat",
        "crs": "EPSG:32633"
      }
    },
    {
      "type": "Feature",
      "geometry": {
        "type": "LineString",
        "coordinates": [
          [
            388691.48,
            4792590.4
          ],
          [
            388718.15,
            4792590.4
          ],
          [
            388744.82,
            4792590.4
          ],
          [
            388771.49,
            4792590.4
          ],
          [
            388798.17,
            4792590.4
          ],
          [
            388824.84,
            4792590.4
          ],
          [
            388851.51,
            4792590.4
          ],
          [
            388878.18,
            4792590.4
          ],
          [
            388904.86,
            4792590.4
          ],
          [
            388931.53,
            4792590.4
          ],
          [
            388958.2,
            4792590.4
          ],
          [
            388984.87,
            4792590.4
          ],
          [
            389011.55,
            4792590.4
          ],
          [
            389038.22,
            4792617.07
          ],
          [
            389064.89,
            4792617.07
          ]
        ]
      },
      "properties": {
        "segment_id": 62,
        "step": 62,
        "length_m": 384.45,
        "elevation_start": 40.67,
        "elevation_end": 40.02,
        "slope_percent": 0.17,
        "cost_usd": 107647.0,
        "cost_per_m": 350.0,
        "cumulative_cost": 37511209.71,
        "cumulative_distance_m": 23693.89,
        "land_cover_class": 30,
        "land_cover_name": "grassland",
        "geohazard_risk": 0.0,
        "terrain_class": "flat",
        "crs": "EPSG:32633"
      }
    },
    {
      "type": "Feature",
      "geometry": {
        "type": "LineString",
        "coordinates": [
          [
            389064.89,
            4792617.07
          ],
          [
            389091.56,
            4792590.4
          ],
          [
            389064.89,
            4792563.74
          ],
          [
            389064.89,
            4792537.08
          ],
          [
            389064.89,
            4792510.41
          ],
          [
            389064.89,
            4792483.75
          ],
          [
            389091.56,
            4792457.09
          ],
          [
            389118.23,
            4792457.09
          ],
          [
            389144.91,
            4792457.09
          ],
          [
            389171.58,
            4792457.09
          ],
          [
            389198.25,
            4792457.09
          ],
          [
            389224.92,
            4792457.09
          ],
          [
            389251.6,
            4792457.09
          ],
          [
            389278.27,
            4792457.09
          ]
        ]
      },
      "properties": {
        "segment_id": 63,
        "step": 63,
        "length_m": 379.84,
        "elevation_start": 40.02,
        "elevation_end": 37.46,
        "slope_percent": 0.67,
        "cost_usd": 106355.2,
        "cost_per_m": 350.0,
        "cumulative_cost": 37617564.91,
        "cumulative_distance_m": 24073.73,
        "land_cover_class": 30,
        "land_cover_name": "grassland",
        "geohazard_risk": 0.0,
        "terrain_class": "flat",
        "crs": "EPSG:32633"
      }
    },
    {
      "type": "Feature",
      "geometry": {
        "type": "LineString",
        "coordinates": [
          [
            389278.27,
            4792457.09
          ],
          [
            389304.94,
            4792483.75
          ],
          [
            389331.61,
            4792510.41
          ],
          [
            389358.28,
            4792537.08
          ],
          [
            389384.96,
            4792537.08
          ],
          [
            389411.63,
            4792537.08
          ],
          [
            389438.3,
            4792537.08
          ],
          [
            389464.97,
            4792537.08
          ],
          [
            389491.65,
            4792537.08
          ],
          [
            389518.32,
            4792537.08
          ],
          [
            389544.99,
            4792537.08
          ],
          [
            389571.66,
            4792510.41
          ],
          [
            389598.33,
            4792510.41
          ]
        ]
      },
      "properties": {
        "segment_id": 64,
        "step": 64,
        "length_m": 364.24,
        "elevation_start": 37.46,
        "elevation_end": 35.59,
        "slope_percent": 0.51,
        "cost_usd": 191223.46,
        "cost_per_m": 350.0,
        "cumulative_cost": 37808788.36,
        "cumulative_distance_m": 24437.96,
        "land_cover_class": 40,
        "land_cover_name": "cropland",
        "geohazard_risk": 0.0,
        "terrain_class": "flat",
        "crs": "EPSG:32633"
      }
    },
    {
      "type": "Feature",
      "geometry": {
        "type": "LineString",
        "coordinates": [
          [
            389598.33,
            4792510.41
          ],
          [
            389625.01,
            4792537.08
          ],
          [
            389651.68,
            4792537.08
          ],
          [
            389678.35,
            4792510.41
          ],
          [
            389705.02,
            4792483.75
          ],
          [
            389678.35,
            4792457.09
          ],
          [
            389651.68,
            4792430.42
          ],
          [
            389625.01,
            4792403.76
          ],
          [
            389625.01,
            4792377.09
          ],
          [
            389625.01,
            4792350.43
          ],
          [
            389625.01,
            4792323.77
          ],
          [
            389651.68,
            4792297.1
          ],
          [
            389651.68,
            4792270.44
          ]
        ]
      },
      "properties": {
        "segment_id": 65,
        "step": 65,
        "length_m": 397.33,
        "elevation_start": 35.59,
        "elevation_end": 35.58,
        "slope_percent": 0.0,
        "cost_usd": 111251.67,
        "cost_per_m": 350.0,
        "cumulative_cost": 37920040.03,
        "cumulative_distance_m": 24835.29,
        "land_cover_class": 30,
        "land_cover_name": "grassland",
        "geohazard_risk": 0.0,
        "terrain_class": "flat",
        "crs": "EPSG:32633"
      }
    },
    {
      "type": "Feature",
      "geometry": {
        "type": "LineString",
        "coordinates": [
          [
            389651.68,
            4792270.44
          ],
          [
            389651.68,
            4792243.78
          ],
          [
            389651.68,
            4792217.11
          ],
          [
            389651.68,
            4792190.45
          ],
          [
            389651.68,
            4792163.78
          ],
          [
            389651.68,
            4792137.12
          ],
          [
            389678.35,
            4792110.46
          ],
          [
            389705.02,
            4792083.79
          ],
          [
            389705.02,
            4792057.13
          ],
          [
            389705.02,
            4792030.46
          ],
          [
            389678.35,
            4792003.8
          ],
          [
            389678.35,
            4791977.14
          ],
          [
            389705.02,
            4791950.47
          ]
        ]
      },
      "properties": {
        "segment_id": 66,
        "step": 66,
        "length_m": 364.17,
        "elevation_start": 35.58,
        "elevation_end": 32.46,
        "slope_percent": 0.86,
        "cost_usd": 101966.9,
        "cost_per_m": 350.0,
        "cumulative_cost": 38022006.93,
        "cumulative_distance_m": 25199.46,
        "land_cover_class": 30,
        "land_cover_name": "grassland",
        "geohazard_risk": 0.0,
        "terrain_class": "flat",
        "crs": "EPSG:32633"
      }
    },
    {
      "type": "Feature",
      "geometry": {
        "type": "LineString",
        "coordinates": [
          [
            389705.02,
            4791950.47
          ],
          [
            389731.7,
            4791923.81
          ],
          [
            389731.7,
            4791897.15
          ],
          [
            389731.7,
            4791870.48
          ],
          [
            389705.02,
            4791843.82
          ],
          [
            389705.02,
            4791817.15
          ],
          [
            389705.02,
            4791790.49
          ],
          [
            389705.02,
            4791763.83
          ],
          [
            389705.02,
            4791737.16
          ],
          [
            389705.02,
            4791710.5
          ],
          [
            389705.02,
            4791683.84
          ],
          [
            389705.02,
            4791657.17
          ],
          [
            389705.02,
            4791630.51
          ],
          [
            389705.02,
            4791603.84
          ]
        ]
      },
      "properties": {
        "segment_id": 67,
        "step": 67,
        "length_m": 368.73,
        "elevation_start": 32.46,
        "elevation_end": 31.56,
        "slope_percent": 0.24,
        "cost_usd": 193583.41,
        "cost_per_m": 350.0,
        "cumulative_cost": 38215590.34,
        "cumulative_distance_m": 25568.19,
        "land_cover_class": 10,
        "land_cover_name": "tree_cover",
        "geohazard_risk": 0.0,
        "terrain_class": "flat",
        "crs": "EPSG:32633"
      }
    },
    {
      "type": "Feature",
      "geometry": {
        "type": "LineString",
        "coordinates": [
          [
            389705.02,
            4791603.84
          ],
          [
            389731.7,
            4791577.18
          ],
          [
            389731.7,
            4791550.52
          ],
          [
            389731.7,
            4791523.85
          ],
          [
            389731.7,
            4791497.19
          ],
          [
            389758.37,
            4791470.53
          ],
          [
            389785.04,
            4791443.86
          ],
          [
            389811.71,
            4791417.2
          ],
          [
            389838.38,
            4791390.53
          ],
          [
            389865.06,
            4791363.87
          ],
          [
            389865.06,
            4791337.21
          ],
          [
            389891.73,
            4791310.54
          ]
        ]
      },
      "properties": {
        "segment_id": 68,
        "step": 68,
        "length_m": 370.66,
        "elevation_start": 31.56,
        "elevation_end": 35.4,
        "slope_percent": 1.03,
        "cost_usd": 194593.95,
        "cost_per_m": 350.0,
        "cumulative_cost": 38410184.29,
        "cumulative_distance_m": 25938.84,
        "land_cover_class": 40,
        "land_cover_name": "cropland",
        "geohazard_risk": 0.0,
        "terrain_class": "flat",
        "crs": "EPSG:32633"
      }
    },
    {
      "type": "Feature",
      "geometry": {
        "type": "LineString",
        "coordinates": [
          [
            389891.73,
            4791310.54
          ],
          [
            389865.06,
            4791283.88
          ],
          [
            389838.38,
            4791257.21
          ],
          [
            389811.71,
            4791230.55
          ],
          [
            389785.04,
            4791203.89
          ],
          [
            389758.37,
            4791177.22
          ],
          [
            389731.7,
            4791150.56
          ],
          [
            389705.02,
            4791123.9
          ],
          [
            389705.02,
            4791097.23
          ],
          [
            389678.35,
            4791070.57
          ],
          [
            389651.68,
            4791043.9
          ]
        ]
      },
      "properties": {
        "segment_id": 69,
        "step": 69,
        "length_m": 366.09,
        "elevation_start": 35.4,
        "elevation_end": 70.9,
        "slope_percent": 9.7,
        "cost_usd": 192198.47,
        "cost_per_m": 350.0,
        "cumulative_cost": 38602382.77,
        "cumulative_distance_m": 26304.93,
        "land_cover_class": 40,
        "land_cover_name": "cropland",
        "geohazard_risk": 0.0,
        "terrain_class": "rolling",
        "crs": "EPSG:32633"
      }
    },
    {
      "type": "Feature",
      "geometry": {
        "type": "LineString",
        "coordinates": [
          [
            389651.68,
            4791043.9
          ],
          [
            389625.01,
            4791017.24
          ],
          [
            389598.33,
            4790990.58
          ],
          [
            389571.66,
            4790963.91
          ],
          [
            389544.99,
            4790937.25
          ],
          [
            389544.99,
            4790910.59
          ],
          [
            389544.99,
            4790883.92
          ],
          [
            389544.99,
            4790857.26
          ],
          [
            389544.99,
            4790830.59
          ],
          [
            389544.99,
            4790803.93
          ],
          [
            389544.99,
            4790777.27
          ],
          [
            389544.99,
            4790750.6
          ],
          [
            389544.99,
            4790723.94
          ],
          [
            389544.99,
            4790697.28
          ]
        ]
      },
      "properties": {
        "segment_id": 70,
        "step": 70,
        "length_m": 390.83,
        "elevation_start": 70.9,
        "elevation_end": 127.5,
        "slope_percent": 14.48,
        "cost_usd": 205186.42,
        "cost_per_m": 350.0,
        "cumulative_cost": 38807569.19,
        "cumulative_distance_m": 26695.77,
        "land_cover_class": 40,
        "land_cover_name": "cropland",
        "geohazard_risk": 0.0,
        "terrain_class": "hilly",
        "crs": "EPSG:32633"
      }
    },
    {
      "type": "Feature",
      "geometry": {
        "type": "LineString",
        "coordinates": [
          [
            389544.99,
            4790697.28
          ],
          [
            389571.66,
            4790670.61
          ],
          [
            389598.33,
            4790643.95
          ],
          [
            389625.01,
            4790617.28
          ],
          [
            389651.68,
            4790590.62
          ],
          [
            389651.68,
            4790563.96
          ],
          [
            389651.68,
            4790537.29
          ],
          [
            389651.68,
            4790510.63
          ],
          [
            389651.68,
            4790483.96
          ],
          [
            389651.68,
            4790457.3
          ],
          [
            389651.68,
            4790430.64
          ],
          [
            389651.68,
            4790403.97
          ],
          [
            389651.68,
            4790377.31
          ],
          [
            389651.68,
            4790350.65
          ]
        ]
      },
      "properties": {
        "segment_id": 71,
        "step": 71,
        "length_m": 390.83,
        "elevation_start": 127.5,
        "elevation_end": 78.73,
        "slope_percent": 12.48,
        "cost_usd": 205186.42,
        "cost_per_m": 350.0,
        "cumulative_cost": 39012755.61,
        "cumulative_distance_m": 27086.6,
        "land_cover_class": 40,
        "land_cover_name": "cropland",
        "geohazard_risk": 0.0,
        "terrain_class": "hilly",
        "crs": "EPSG:32633"
      }
    },
    {
      "type": "Feature",
      "geometry": {
        "type": "LineString",
        "coordinates": [
          [
            389651.68,
            4790350.65
          ],
          [
            389651.68,
            4790323.98
          ],
          [
            389678.35,
            4790297.32
          ],
          [
            389705.02,
            4790270.65
          ],
          [
            389731.7,
            4790243.99
          ],
          [
            389731.7,
            4790217.33
          ],
          [
            389731.7,
            4790190.66
          ],
          [
            389731.7,
            4790164.0
          ],
          [
            389731.7,
            4790137.34
          ],
          [
            389731.7,
            4790110.67
          ],
          [
            389731.7,
            4790084.01
          ],
          [
            389731.7,
            4790057.34
          ],
          [
            389731.7,
            4790030.68
          ],
          [
            389731.7,
            4790004.02
          ]
        ]
      },
      "properties": {
        "segment_id": 72,
        "step": 72,
        "length_m": 379.78,
        "elevation_start": 78.73,
        "elevation_end": 79.13,
        "slope_percent": 0.11,
        "cost_usd": 199384.91,
        "cost_per_m": 350.0,
        "cumulative_cost": 39212140.52,
        "cumulative_distance_m": 27466.38,
        "land_cover_class": 40,
        "land_cover_name": "cropland",
        "geohazard_risk": 0.0,
        "terrain_class": "flat",
        "crs": "EPSG:32633"
      }
    },
    {
      "type": "Feature",
      "geometry": {
        "type": "LineString",
        "coordinates": [
          [
            389731.7,
            4790004.02
          ],
          [
            389731.7,
            4789977.35
          ],
          [
            389731.7,
            4789950.69
          ],
          [
            389731.7,
            4789924.03
          ],
          [
            389731.7,
            4789897.36
          ],
          [
            389731.7,
            4789870.7
          ],
          [
            389731.7,
            4789844.03
          ],
          [
            389731.7,
            4789817.37
          ],
          [
            389731.7,
            4789790.71
          ],
          [
            389731.7,
            4789764.04
          ],
          [
            389731.7,
            4789737.38
          ],
          [
            389731.7,
            4789710.71
          ],
          [
            389731.7,
            4789684.05
          ],
          [
            389705.02,
            4789657.39
          ],
          [
            389678.35,
            4789630.72
          ]
        ]
      },
      "properties": {
        "segment_id": 73,
        "step": 73,
        "length_m": 395.39,
        "elevation_start": 79.13,
        "elevation_end": 71.14,
        "slope_percent": 2.02,
        "cost_usd": 6919396.71,
        "cost_per_m": 350.0,
        "cumulative_cost": 46131537.23,
        "cumulative_distance_m": 27861.77,
        "land_cover_class": 50,
        "land_cover_name": "built_up",
        "geohazard_risk": 0.0,
        "terrain_class": "flat",
        "crs": "EPSG:32633"
      }
    },
    {
      "type": "Feature",
      "geometry": {
        "type": "LineString",
        "coordinates": [
          [
            389678.35,
            4789630.72
          ],
          [
            389651.68,
            4789604.06
          ],
          [
            389625.01,
            4789577.4
          ],
          [
            389598.33,
            4789550.73
          ],
          [
            389571.66,
            4789550.73
          ],
          [
            389544.99,
            4789524.07
          ],
          [
            389518.32,
            4789497.4
          ],
          [
            389491.65,
            4789470.74
          ],
          [
            389464.97,
            4789444.08
          ],
          [
            389438.3,
            4789417.41
          ],
          [
            389411.63,
            4789390.75
          ]
        ]
      },
      "properties": {
        "segment_id": 74,
        "step": 74,
        "length_m": 366.1,
        "elevation_start": 71.14,
        "elevation_end": 59.92,
        "slope_percent": 3.07,
        "cost_usd": 192202.91,
        "cost_per_m": 350.0,
        "cumulative_cost": 46323740.15,
        "cumulative_distance_m": 28227.87,
        "land_cover_class": 40,
        "land_cover_name": "cropland",
        "geohazard_risk": 0.0,
        "terrain_class": "flat",
        "crs": "EPSG:32633"
      }
    },
    {
      "type": "Feature",
      "geometry": {
        "type": "LineString",
        "coordinates": [
          [
            389411.63,
            4789390.75
          ],
          [
            389384.96,
            4789364.09
          ],
          [
            389358.28,
            4789337.42
          ],
          [
            389331.61,
            4789310.76
          ],
          [
            389304.94,
            4789284.09
          ],
          [
            389278.27,
            4789257.43
          ],
          [
            389251.6,
            4789230.77
          ],
          [
            389251.6,
            4789204.1
          ],
          [
            389251.6,
            4789177.44
          ],
          [
            389251.6,
            4789150.78
          ],
          [
            389251.6,
            4789124.11
          ],
          [
            389224.92,
            4789097.45
          ]
        ]
      },
      "properties": {
        "segment_id": 75,
        "step": 75,
        "length_m": 370.66,
        "elevation_start": 59.92,
        "elevation_end": 61.95,
        "slope_percent": 0.55,
        "cost_usd": 194593.95,
        "cost_per_m": 350.0,
        "cumulative_cost": 46518334.1,
        "cumulative_distance_m": 28598.53,
        "land_cover_class": 40,
        "land_cover_name": "cropland",
        "geohazard_risk": 0.0,
        "terrain_class": "flat",
        "crs": "EPSG:32633"
      }
    },
    {
      "type": "Feature",
      "geometry": {
        "type": "LineString",
        "coordinates": [
          [
            389224.92,
            4789097.45
          ],
          [
            389198.25,
            4789070.78
          ],
          [
            389171.58,
            4789070.78
          ],
          [
            389144.91,
            4789070.78
          ],
          [
            389118.23,
            4789070.78
          ],
          [
            389091.56,
            4789070.78
          ],
          [
            389064.89,
            4789070.78
          ],
          [
            389038.22,
            4789044.12
          ],
          [
            389011.55,
            4789017.46
          ],
          [
            388984.87,
            4788990.79
          ],
          [
            388958.2,
            4788964.13
          ],
          [
            388931.53,
            4788937.46
          ],
          [
            388904.86,
            4788910.8
          ]
        ]
      },
      "properties": {
        "segment_id": 76,
        "step": 76,
        "length_m": 397.36,
        "elevation_start": 61.95,
        "elevation_end": 66.71,
        "slope_percent": 1.2,
        "cost_usd": 208614.65,
        "cost_per_m": 350.0,
        "cumulative_cost": 46726948.75,
        "cumulative_distance_m": 28995.89,
        "land_cover_class": 40,
        "land_cover_name": "cropland",
        "geohazard_risk": 0.0,
        "terrain_class": "flat",
        "crs": "EPSG:32633"
      }
    },
    {
      "type": "Feature",
      "geometry": {
        "type": "LineString",
        "coordinates": [
          [
            388904.86,
            4788910.8
          ],
          [
            388878.18,
            4788884.14
          ],
          [
            388851.51,
            4788857.47
          ],
          [
            388824.84,
            4788857.47
          ],
          [
            388798.17,
            4788830.81
          ],
          [
            388771.49,
            4788804.15
          ],
          [
            388744.82,
            4788777.48
          ],
          [
            388718.15,
            4788777.48
          ],
          [
            388691.48,
            4788777.48
          ],
          [
            388664.81,
            4788777.48
          ],
          [
            388638.13,
            4788750.82
          ],
          [
            388611.46,
            4788750.82
          ],
          [
            388584.79,
            4788724.15
          ]
        ]
      },
      "properties": {
        "segment_id": 77,
        "step": 77,
        "length_m": 397.36,
        "elevation_start": 66.71,
        "elevation_end": 71.35,
        "slope_percent": 1.17,
        "cost_usd": 166891.72,
        "cost_per_m": 350.0,
        "cumulative_cost": 46893840.47,
        "cumulative_distance_m": 29393.25,
        "land_cover_class": 20,
        "land_cover_name": "shrubland",
        "geohazard_risk": 0.0,
        "terrain_class": "flat",
        "crs": "EPSG:32633"
      }
    },
    {
      "type": "Feature",
      "geometry": {
        "type": "LineString",
        "coordinates": [
          [
            388584.79,
            4788724.15
          ],
          [
            388558.12,
            4788697.49
          ],
          [
            388531.44,
            4788670.83
          ],
          [
            388504.77,
            4788644.16
          ],
          [
            388478.1,
            4788644.16
          ],
          [
            388451.43,
            4788617.5
          ],
          [
            388424.76,
            4788590.84
          ],
          [
            388424.76,
            4788564.17
          ],
          [
            388398.08,
            4788537.51
          ],
          [
            388371.41,
            4788537.51
          ],
          [
            388344.74,
            4788537.51
          ],
          [
            388318.07,
            4788510.84
          ],
          [
            388291.39,
            4788510.84
          ]
        ]
      },
      "properties": {
        "segment_id": 78,
        "step": 78,
        "length_m": 397.35,
        "elevation_start": 71.35,
        "elevation_end": 91.09,
        "slope_percent": 4.97,
        "cost_usd": 208610.21,
        "cost_per_m": 350.0,
        "cumulative_cost": 47102450.68,
        "cumulative_distance_m": 29790.6,
        "land_cover_class": 40,
        "land_cover_name": "cropland",
        "geohazard_risk": 0.0,
        "terrain_class": "flat",
        "crs": "EPSG:32633"
      }
    },
    {
      "type": "Feature",
      "geometry": {
        "type": "LineString",
        "coordinates": [
          [
            388291.39,
            4788510.84
          ],
          [
            388264.72,
            4788510.84
          ],
          [
            388238.05,
            4788484.18
          ],
          [
            388211.38,
            4788457.52
          ],
          [
            388184.71,
            4788430.85
          ],
          [
            388158.03,
            4788404.19
          ],
          [
            388131.36,
            4788377.52
          ],
          [
            388104.69,
            4788350.86
          ],
          [
            388078.02,
            4788324.2
          ],
          [
            388078.02,
            4788297.53
          ],
          [
            388051.34,
            4788270.87
          ],
          [
            388024.67,
            4788244.21
          ]
        ]
      },
      "properties": {
        "segment_id": 79,
        "step": 79,
        "length_m": 392.76,
        "elevation_start": 91.09,
        "elevation_end": 98.3,
        "slope_percent": 1.84,
        "cost_usd": 206201.41,
        "cost_per_m": 350.0,
        "cumulative_cost": 47308652.09,
        "cumulative_distance_m": 30183.37,
        "land_cover_class": 40,
        "land_cover_name": "cropland",
        "geohazard_risk": 0.0,
        "terrain_class": "flat",
        "crs": "EPSG:32633"
      }
    },
    {
      "type": "Feature",
      "geometry": {
        "type": "LineString",
        "coordinates": [
          [
            388024.67,
            4788244.21
          ],
          [
            387998.0,
            4788217.54
          ],
          [
            387971.33,
            4788190.88
          ],
          [
            387971.33,
            4788164.21
          ],
          [
            387971.33,
            4788137.55
          ],
          [
            387971.33,
            4788110.89
          ],
          [
            387971.33,
            4788084.22
          ],
          [
            387971.33,
            4788057.56
          ],
          [
            387944.65,
            4788030.9
          ],
          [
            387944.65,
            4788004.23
          ],
          [
            387944.65,
            4787977.57
          ],
          [
            387944.65,
            4787950.9
          ],
          [
            387944.65,
            4787924.24
          ],
          [
            387917.98,
            4787897.58
          ]
        ]
      },
      "properties": {
        "segment_id": 80,
        "step": 80,
        "length_m": 390.83,
        "elevation_start": 98.3,
        "elevation_end": 141.21,
        "slope_percent": 10.98,
        "cost_usd": 109432.76,
        "cost_per_m": 350.0,
        "cumulative_cost": 47418084.84,
        "cumulative_distance_m": 30574.2,
        "land_cover_class": 30,
        "land_cover_name": "grassland",
        "geohazard_risk": 0.0,
        "terrain_class": "hilly",
        "crs": "EPSG:32633"
      }
    },
    {
      "type": "Feature",
      "geometry": {
        "type": "LineString",
        "coordinates": [
          [
            387917.98,
            4787897.58
          ],
          [
            387917.98,
            4787870.91
          ],
          [
            387917.98,
            4787844.25
          ],
          [
            387917.98,
            4787817.59
          ],
          [
            387917.98,
            4787790.92
          ],
          [
            387917.98,
            4787764.26
          ],
          [
            387917.98,
            4787737.59
          ],
          [
            387917.98,
            4787710.93
          ],
          [
            387917.98,
            4787684.27
          ],
          [
            387917.98,
            4787657.6
          ],
          [
            387917.98,
            4787630.94
          ],
          [
            387917.98,
            4787604.27
          ],
          [
            387917.98,
            4787577.61
          ],
          [
            387917.98,
            4787550.95
          ],
          [
            387917.98,
            4787524.28
          ],
          [
            387917.98,
            4787497.62
          ]
        ]
      },
      "properties": {
        "segment_id": 81,
        "step": 81,
        "length_m": 399.96,
        "elevation_start": 141.21,
        "elevation_end": 172.26,
        "slope_percent": 7.76,
        "cost_usd": 111987.94,
        "cost_per_m": 350.0,
        "cumulative_cost": 47530072.78,
        "cumulative_distance_m": 30974.16,
        "land_cover_class": 30,
        "land_cover_name": "grassland",
        "geohazard_risk": 0.0,
        "terrain_class": "rolling",
        "crs": "EPSG:32633"
      }
    },
    {
      "type": "Feature",
      "geometry": {
        "type": "LineString",
        "coordinates": [
          [
            387917.98,
            4787497.62
          ],
          [
            387917.98,
            4787470.96
          ],
          [
            387917.98,
            4787444.29
          ],
          [
            387944.65,
            4787417.63
          ],
          [
            387944.65,
            4787390.96
          ],
          [
            387944.65,
            4787364.3
          ],
          [
            387917.98,
            4787337.64
          ],
          [
            387891.31,
            4787337.64
          ],
          [
            387891.31,
            4787310.97
          ],
          [
            387891.31,
            4787284.31
          ],
          [
            387864.64,
            4787284.31
          ],
          [
            387837.97,
            4787257.65
          ],
          [
            387811.29,
            4787230.98
          ]
        ]
      },
      "properties": {
        "segment_id": 82,
        "step": 82,
        "length_m": 364.18,
        "elevation_start": 172.26,
        "elevation_end": 213.5,
        "slope_percent": 11.33,
        "cost_usd": 6373227.01,
        "cost_per_m": 350.0,
        "cumulative_cost": 53903299.79,
        "cumulative_distance_m": 31338.34,
        "land_cover_class": 50,
        "land_cover_name": "built_up",
        "geohazard_risk": 0.0,
        "terrain_class": "hilly",
        "crs": "EPSG:32633"
      }
    },
    {
      "type": "Feature",
      "geometry": {
        "type": "LineString",
        "coordinates": [
          [
            387811.29,
            4787230.98
          ],
          [
            387784.62,
            4787204.32
          ],
          [
            387757.95,
            4787230.98
          ],
          [
            387731.28,
            4787230.98
          ],
          [
            387704.6,
            4787230.98
          ],
          [
            387677.93,
            4787257.65
          ],
          [
            387651.26,
            4787230.98
          ],
          [
            387624.59,
            4787204.32
          ],
          [
            387597.92,
            4787177.65
          ],
          [
            387571.24,
            4787177.65
          ],
          [
            387544.57,
            4787177.65
          ],
          [
            387517.9,
            4787177.65
          ],
          [
            387491.23,
            4787150.99
          ]
        ]
      },
      "properties": {
        "segment_id": 83,
        "step": 83,
        "length_m": 397.36,
        "elevation_start": 213.5,
        "elevation_end": 163.02,
        "slope_percent": 12.71,
        "cost_usd": 208614.65,
        "cost_per_m": 350.0,
        "cumulative_cost": 54111914.44,
        "cumulative_distance_m": 31735.7,
        "land_cover_class": 40,
        "land_cover_name": "cropland",
        "geohazard_risk": 0.0,
        "terrain_class": "hilly",
        "crs": "EPSG:32633"
      }
    },
    {
      "type": "Feature",
      "geometry": {
        "type": "LineString",
        "coordinates": [
          [
            387491.23,
            4787150.99
          ],
          [
            387464.55,
            4787124.33
          ],
          [
            387437.88,
            4787124.33
          ],
          [
            387411.21,
            4787124.33
          ],
          [
            387384.54,
            4787097.66
          ],
          [
            387357.87,
            4787071.0
          ],
          [
            387331.19,
            4787071.0
          ],
          [
            387304.52,
            4787071.0
          ],
          [
            387277.85,
            4787044.34
          ],
          [
            387251.18,
            4787017.67
          ],
          [
            387224.5,
            4787017.67
          ],
          [
            387197.83,
            4787017.67
          ],
          [
            387171.16,
            4787017.67
          ]
        ]
      },
      "properties": {
        "segment_id": 84,
        "step": 84,
        "length_m": 375.28,
        "elevation_start": 163.02,
        "elevation_end": 129.11,
        "slope_percent": 9.04,
        "cost_usd": 197020.52,
        "cost_per_m": 350.0,
        "cumulative_cost": 54308934.96,
        "cumulative_distance_m": 32110.98,
        "land_cover_class": 10,
        "land_cover_name": "tree_cover",
        "geohazard_risk": 0.0,
        "terrain_class": "rolling",
        "crs": "EPSG:32633"
      }
    },
    {
      "type": "Feature",
      "geometry": {
        "type": "LineString",
        "coordinates": [
          [
            387171.16,
            4787017.67
          ],
          [
            387144.49,
            4787017.67
          ],
          [
            387117.82,
            4786991.01
          ],
          [
            387091.14,
            4786991.01
          ],
          [
            387064.47,
            4786991.01
          ],
          [
            387037.8,
            4786964.34
          ],
          [
            387011.13,
            4786964.34
          ],
          [
            386984.45,
            4786937.68
          ],
          [
            386957.78,
            4786911.02
          ],
          [
            386931.11,
            4786911.02
          ],
          [
            386904.44,
            4786884.35
          ],
          [
            386877.76,
            4786857.69
          ],
          [
            386851.09,
            4786831.02
          ]
        ]
      },
      "properties": {
        "segment_id": 85,
        "step": 85,
        "length_m": 397.36,
        "elevation_start": 129.11,
        "elevation_end": 107.01,
        "slope_percent": 5.56,
        "cost_usd": 208614.65,
        "cost_per_m": 350.0,
        "cumulative_cost": 54517549.61,
        "cumulative_distance_m": 32508.34,
        "land_cover_class": 40,
        "land_cover_name": "cropland",
        "geohazard_risk": 0.0,
        "terrain_class": "rolling",
        "crs": "EPSG:32633"
      }
    },
    {
      "type": "Feature",
      "geometry": {
        "type": "LineString",
        "coordinates": [
          [
            386851.09,
            4786831.02
          ],
          [
            386824.42,
            4786804.36
          ],
          [
            386797.75,
            4786777.7
          ],
          [
            386771.08,
            4786751.03
          ],
          [
            386771.08,
            4786724.37
          ],
          [
            386797.75,
            4786697.71
          ],
          [
            386824.42,
            4786671.04
          ],
          [
            386851.09,
            4786644.38
          ],
          [
            386877.76,
            4786644.38
          ],
          [
            386904.44,
            4786644.38
          ],
          [
            386931.11,
            4786644.38
          ],
          [
            386957.78,
            4786644.38
          ],
          [
            386984.45,
            4786617.71
          ]
        ]
      },
      "properties": {
        "segment_id": 86,
        "step": 86,
        "length_m": 397.35,
        "elevation_start": 107.01,
        "elevation_end": 124.69,
        "slope_percent": 4.45,
        "cost_usd": 208610.21,
        "cost_per_m": 350.0,
        "cumulative_cost": 54726159.82,
        "cumulative_distance_m": 32905.69,
        "land_cover_class": 40,
        "land_cover_name": "cropland",
        "geohazard_risk": 0.0,
        "terrain_class": "flat",
        "crs": "EPSG:32633"
      }
    },
    {
      "type": "Feature",
      "geometry": {
        "type": "LineString",
        "coordinates": [
          [
            386984.45,
            4786617.71
          ],
          [
            387011.13,
            4786617.71
          ],
          [
            387037.8,
            4786617.71
          ],
          [
            387064.47,
            4786617.71
          ],
          [
            387091.14,
            4786591.05
          ],
          [
            387117.82,
            4786564.39
          ],
          [
            387144.49,
            4786537.72
          ],
          [
            387171.16,
            4786511.06
          ],
          [
            387197.83,
            4786484.4
          ],
          [
            387197.83,
            4786457.73
          ],
          [
            387224.5,
            4786431.07
          ],
          [
            387251.18,
            4786404.4
          ],
          [
            387277.85,
            4786404.4
          ]
        ]
      },
      "properties": {
        "segment_id": 87,
        "step": 87,
        "length_m": 397.35,
        "elevation_start": 124.69,
        "elevation_end": 148.4,
        "slope_percent": 5.97,
        "cost_usd": 208610.21,
        "cost_per_m": 350.0,
        "cumulative_cost": 54934770.03,
        "cumulative_distance_m": 33303.05,
        "land_cover_class": 40,
        "land_cover_name": "cropland",
        "geohazard_risk": 0.0,
        "terrain_class": "rolling",
        "crs": "EPSG:32633"
      }
    },
    {
      "type": "Feature",
      "geometry": {
        "type": "LineString",
        "coordinates": [
          [
            387277.85,
            4786404.4
          ],
          [
            387304.52,
            4786404.4
          ],
          [
            387331.19,
            4786431.07
          ],
          [
            387357.87,
            4786404.4
          ],
          [
            387384.54,
            4786404.4
          ],
          [
            387411.21,
            4786404.4
          ],
          [
            387437.88,
            4786404.4
          ],
          [
            387464.55,
            4786377.74
          ],
          [
            387491.23,
            4786351.08
          ],
          [
            387517.9,
            4786324.41
          ],
          [
            387517.9,
            4786297.75
          ],
          [
            387517.9,
            4786271.09
          ],
          [
            387517.9,
            4786244.42
          ]
        ]
      },
      "properties": {
        "segment_id": 88,
        "step": 88,
        "length_m": 375.25,
        "elevation_start": 148.4,
        "elevation_end": 95.02,
        "slope_percent": 14.22,
        "cost_usd": 197007.2,
        "cost_per_m": 350.0,
        "cumulative_cost": 55131777.23,
        "cumulative_distance_m": 33678.3,
        "land_cover_class": 40,
        "land_cover_name": "cropland",
        "geohazard_risk": 0.0,
        "terrain_class": "hilly",
        "crs": "EPSG:32633"
      }
    },
    {
      "type": "Feature",
      "geometry": {
        "type": "LineString",
        "coordinates": [
          [
            387517.9,
            4786244.42
          ],
          [
            387517.9,
            4786217.76
          ],
          [
            387517.9,
            4786191.09
          ],
          [
            387491.23,
            4786164.43
          ],
          [
            387464.55,
            4786137.77
          ],
          [
            387437.88,
            4786111.1
          ],
          [
            387437.88,
            4786084.44
          ],
          [
            387437.88,
            4786057.77
          ],
          [
            387411.21,
            4786031.11
          ],
          [
            387411.21,
            4786004.45
          ],
          [
            387411.21,
            4785977.78
          ],
          [
            387411.21,
            4785951.12
          ],
          [
            387411.21,
            4785924.46
          ],
          [
            387411.21,
            4785897.79
          ]
        ]
      },
      "properties": {
        "segment_id": 89,
        "step": 89,
        "length_m": 390.83,
        "elevation_start": 95.02,
        "elevation_end": 82.98,
        "slope_percent": 3.08,
        "cost_usd": 205186.42,
        "cost_per_m": 350.0,
        "cumulative_cost": 55336963.65,
        "cumulative_distance_m": 34069.13,
        "land_cover_class": 40,
        "land_cover_name": "cropland",
        "geohazard_risk": 0.0,
        "terrain_class": "flat",
        "crs": "EPSG:32633"
      }
    },
    {
      "type": "Feature",
      "geometry": {
        "type": "LineString",
        "coordinates": [
          [
            387411.21,
            4785897.79
          ],
          [
            387411.21,
            4785871.13
          ],
          [
            387384.54,
            4785844.46
          ],
          [
            387357.87,
            4785817.8
          ],
          [
            387357.87,
            4785791.14
          ],
          [
            387331.19,
            4785764.47
          ],
          [
            387304.52,
            4785737.81
          ],
          [
            387277.85,
            4785711.15
          ],
          [
            387251.18,
            4785684.48
          ],
          [
            387224.5,
            4785657.82
          ],
          [
            387197.83,
            4785631.15
          ],
          [
            387197.83,
            4785604.49
          ]
        ]
      },
      "properties": {
        "segment_id": 90,
        "step": 90,
        "length_m": 381.71,
        "elevation_start": 82.98,
        "elevation_end": 76.42,
        "slope_percent": 1.72,
        "cost_usd": 106877.58,
        "cost_per_m": 350.0,
        "cumulative_cost": 55443841.23,
        "cumulative_distance_m": 34450.83,
        "land_cover_class": 30,
        "land_cover_name": "grassland",
        "geohazard_risk": 0.0,
        "terrain_class": "flat",
        "crs": "EPSG:32633"
      }
    },
    {
      "type": "Feature",
      "geometry": {
        "type": "LineString",
        "coordinates": [
          [
            387197.83,
            4785604.49
          ],
          [
            387171.16,
            4785577.83
          ],
          [
            387171.16,
            4785551.16
          ],
          [
            387171.16,
            4785524.5
          ],
          [
            387144.49,
            4785497.84
          ],
          [
            387144.49,
            4785471.17
          ],
          [
            387144.49,
            4785444.51
          ],
          [
            387144.49,
            4785417.84
          ],
          [
            387144.49,
            4785391.18
          ],
          [
            387144.49,
            4785364.52
          ],
          [
            387144.49,
            4785337.85
          ],
          [
            387144.49,
            4785311.19
          ],
          [
            387117.82,
            4785284.52
          ],
          [
            387091.14,
            4785257.86
          ]
        ]
      },
      "properties": {
        "segment_id": 91,
        "step": 91,
        "length_m": 390.83,
        "elevation_start": 76.42,
        "elevation_end": 70.02,
        "slope_percent": 1.64,
        "cost_usd": 109432.76,
        "cost_per_m": 350.0,
        "cumulative_cost": 55553273.99,
        "cumulative_distance_m": 34841.67,
        "land_cover_class": 30,
        "land_cover_name": "grassland",
        "geohazard_risk": 0.0,
        "terrain_class": "flat",
        "crs": "EPSG:32633"
      }
    },
    {
      "type": "Feature",
      "geometry": {
        "type": "LineString",
        "coordinates": [
          [
            387091.14,
            4785257.86
          ],
          [
            387064.47,
            4785231.2
          ],
          [
            387064.47,
            4785204.53
          ],
          [
            387064.47,
            4785177.87
          ],
          [
            387064.47,
            4785151.21
          ],
          [
            387064.47,
            4785124.54
          ],
          [
            387064.47,
            4785097.88
          ],
          [
            387064.47,
            4785071.21
          ],
          [
            387064.47,
            4785044.55
          ],
          [
            387064.47,
            4785017.89
          ],
          [
            387064.47,
            4784991.22
          ],
          [
            387064.47,
            4784964.56
          ],
          [
            387064.47,
            4784937.9
          ],
          [
            387064.47,
            4784911.23
          ],
          [
            387064.47,
            4784884.57
          ]
        ]
      },
      "properties": {
        "segment_id": 92,
        "step": 92,
        "length_m": 384.34,
        "elevation_start": 70.02,
        "elevation_end": 66.17,
        "slope_percent": 1.0,
        "cost_usd": 201780.4,
        "cost_per_m": 350.0,
        "cumulative_cost": 55755054.38,
        "cumulative_distance_m": 35226.01,
        "land_cover_class": 40,
        "land_cover_name": "cropland",
        "geohazard_risk": 0.0,
        "terrain_class": "flat",
        "crs": "EPSG:32633"
      }
    },
    {
      "type": "Feature",
      "geometry": {
        "type": "LineString",
        "coordinates": [
          [
            387064.47,
            4784884.57
          ],
          [
            387064.47,
            4784857.9
          ],
          [
            387064.47,
            4784831.24
          ],
          [
            387064.47,
            4784804.58
          ],
          [
            387064.47,
            4784777.91
          ],
          [
            387064.47,
            4784751.25
          ],
          [
            387064.47,
            4784724.59
          ],
          [
            387064.47,
            4784697.92
          ],
          [
            387064.47,
            4784671.26
          ],
          [
            387064.47,
            4784644.59
          ],
          [
            387037.8,
            4784617.93
          ],
          [
            387011.13,
            4784591.27
          ],
          [
            386984.45,
            4784564.6
          ],
          [
            386957.78,
            4784564.6
          ]
        ]
      },
      "properties": {
        "segment_id": 93,
        "step": 93,
        "length_m": 379.79,
        "elevation_start": 66.17,
        "elevation_end": 55.12,
        "slope_percent": 2.91,
        "cost_usd": 106340.99,
        "cost_per_m": 350.0,
        "cumulative_cost": 55861395.37,
        "cumulative_distance_m": 35605.8,
        "land_cover_class": 30,
        "land_cover_name": "grassland",
        "geohazard_risk": 0.0,
        "terrain_class": "flat",
        "crs": "EPSG:32633"
      }
    },
    {
      "type": "Feature",
      "geometry": {
        "type": "LineString",
        "coordinates": [
          [
            386957.78,
            4784564.6
          ],
          [
            386931.11,
            4784564.6
          ],
          [
            386904.44,
            4784537.94
          ],
          [
            386877.76,
            4784511.27
          ],
          [
            386851.09,
            4784511.27
          ],
          [
            386824.42,
            4784511.27
          ],
          [
            386797.75,
            4784484.61
          ],
          [
            386797.75,
            4784457.95
          ],
          [
            386771.08,
            4784431.28
          ],
          [
            386744.4,
            4784404.62
          ],
          [
            386717.73,
            4784377.96
          ],
          [
            386691.06,
            4784351.29
          ]
        ]
      },
      "properties": {
        "segment_id": 94,
        "step": 94,
        "length_m": 370.68,
        "elevation_start": 55.12,
        "elevation_end": 57.64,
        "slope_percent": 0.68,
        "cost_usd": 194607.28,
        "cost_per_m": 350.0,
        "cumulative_cost": 56056002.65,
        "cumulative_distance_m": 35976.48,
        "land_cover_class": 10,
        "land_cover_name": "tree_cover",
        "geohazard_risk": 0.0,
        "terrain_class": "flat",
        "crs": "EPSG:32633"
      }
    },
    {
      "type": "Feature",
      "geometry": {
        "type": "LineString",
        "coordinates": [
          [
            386691.06,
            4784351.29
          ],
          [
            386664.39,
            4784324.63
          ],
          [
            386637.71,
            4784297.96
          ],
          [
            386611.04,
            4784271.3
          ],
          [
            386584.37,
            4784244.64
          ],
          [
            386557.7,
            4784217.97
          ],
          [
            386531.03,
            4784191.31
          ],
          [
            386504.35,
            4784164.65
          ],
          [
            386477.68,
            4784137.98
          ],
          [
            386451.01,
            4784111.32
          ],
          [
            386451.01,
            4784084.65
          ],
          [
            386451.01,
            4784057.99
          ]
        ]
      },
      "properties": {
        "segment_id": 95,
        "step": 95,
        "length_m": 392.76,
        "elevation_start": 57.64,
        "elevation_end": 60.25,
        "slope_percent": 0.66,
        "cost_usd": 206196.97,
        "cost_per_m": 350.0,
        "cumulative_cost": 56262199.61,
        "cumulative_distance_m": 36369.24,
        "land_cover_class": 40,
        "land_cover_name": "cropland",
        "geohazard_risk": 0.0,
        "terrain_class": "flat",
        "crs": "EPSG:32633"
      }
    },
    {
      "type": "Feature",
      "geometry": {
        "type": "LineString",
        "coordinates": [
          [
            386451.01,
            4784057.99
          ],
          [
            386424.34,
            4784031.33
          ],
          [
            386397.66,
            4784004.66
          ],
          [
            386397.66,
            4783978.0
          ],
          [
            386370.99,
            4783951.34
          ],
          [
            386344.32,
            4783924.67
          ],
          [
            386317.65,
            4783898.01
          ],
          [
            386290.98,
            4783871.34
          ],
          [
            386264.3,
            4783844.68
          ],
          [
            386237.63,
            4783844.68
          ],
          [
            386210.96,
            4783844.68
          ],
          [
            386184.29,
            4783818.02
          ]
        ]
      },
      "properties": {
        "segment_id": 96,
        "step": 96,
        "length_m": 381.72,
        "elevation_start": 60.25,
        "elevation_end": 63.98,
        "slope_percent": 0.98,
        "cost_usd": 200404.34,
        "cost_per_m": 350.0,
        "cumulative_cost": 56462603.96,
        "cumulative_distance_m": 36750.96,
        "land_cover_class": 10,
        "land_cover_name": "tree_cover",
        "geohazard_risk": 0.0,
        "terrain_class": "flat",
        "crs": "EPSG:32633"
      }
    },
    {
      "type": "Feature",
      "geometry": {
        "type": "LineString",
        "coordinates": [
          [
            386184.29,
            4783818.02
          ],
          [
            386157.61,
            4783791.35
          ],
          [
            386130.94,
            4783764.69
          ],
          [
            386104.27,
            4783738.02
          ],
          [
            386077.6,
            4783711.36
          ],
          [
            386050.92,
            4783684.7
          ],
          [
            386024.25,
            4783658.03
          ],
          [
            386024.25,
            4783631.37
          ],
          [
            386024.25,
            4783604.71
          ],
          [
            386024.25,
            4783578.04
          ],
          [
            385997.58,
            4783551.38
          ],
          [
            385997.58,
            4783524.71
          ]
        ]
      },
      "properties": {
        "segment_id": 97,
        "step": 97,
        "length_m": 370.66,
        "elevation_start": 63.98,
        "elevation_end": 65.52,
        "slope_percent": 0.42,
        "cost_usd": 194593.95,
        "cost_per_m": 350.0,
        "cumulative_cost": 56657197.91,
        "cumulative_distance_m": 37121.61,
        "land_cover_class": 10,
        "land_cover_name": "tree_cover",
        "geohazard_risk": 0.0,
        "terrain_class": "flat",
        "crs": "EPSG:32633"
      }
    },
    {
      "type": "Feature",
      "geometry": {
        "type": "LineString",
        "coordinates": [
          [
            385997.58,
            4783524.71
          ],
          [
            385970.91,
            4783498.05
          ],
          [
            385944.24,
            4783471.39
          ],
          [
            385917.56,
            4783444.72
          ],
          [
            385890.89,
            4783418.06
          ],
          [
            385864.22,
            4783391.4
          ],
          [
            385837.55,
            4783364.73
          ],
          [
            385810.87,
            4783338.07
          ],
          [
            385784.2,
            4783311.4
          ],
          [
            385757.53,
            4783284.74
          ],
          [
            385730.86,
            4783258.08
          ]
        ]
      },
      "properties": {
        "segment_id": 98,
        "step": 98,
        "length_m": 377.14,
        "elevation_start": 65.52,
        "elevation_end": 70.81,
        "slope_percent": 1.4,
        "cost_usd": 197999.98,
        "cost_per_m": 350.0,
        "cumulative_cost": 56855197.89,
        "cumulative_distance_m": 37498.76,
        "land_cover_class": 40,
        "land_cover_name": "cropland",
        "geohazard_risk": 0.0,
        "terrain_class": "flat",
        "crs": "EPSG:32633"
      }
    },
    {
      "type": "Feature",
      "geometry": {
        "type": "LineString",
        "coordinates": [
          [
            385730.86,
            4783258.08
          ],
          [
            385704.19,
            4783231.41
          ],
          [
            385677.51,
            4783204.75
          ],
          [
            385650.84,
            4783178.09
          ],
          [
            385624.17,
            4783151.42
          ],
          [
            385597.5,
            4783124.76
          ],
          [
            385570.82,
            4783098.09
          ],
          [
            385570.82,
            4783071.43
          ],
          [
            385570.82,
            4783044.77
          ],
          [
            385570.82,
            4783018.1
          ],
          [
            385570.82,
            4782991.44
          ],
          [
            385570.82,
            4782964.77
          ],
          [
            385544.15,
            4782938.11
          ]
        ]
      },
      "properties": {
        "segment_id": 99,
        "step": 99,
        "length_m": 397.32,
        "elevation_start": 70.81,
        "elevation_end": 71.15,
        "slope_percent": 0.08,
        "cost_usd": 208592.45,
        "cost_per_m": 350.0,
        "cumulative_cost": 57063790.33,
        "cumulative_distance_m": 37896.07,
        "land_cover_class": 10,
        "land_cover_name": "tree_cover",
        "geohazard_risk": 0.0,
        "terrain_class": "flat",
        "crs": "EPSG:32633"
      }
    },
    {
      "type": "Feature",
      "geometry": {
        "type": "LineString",
        "coordinates": [
          [
            385544.15,
            4782938.11
          ],
          [
            385517.48,
            4782911.45
          ],
          [
            385490.81,
            4782884.78
          ],
          [
            385464.14,
            4782858.12
          ],
          [
            385437.46,
            4782831.46
          ],
          [
            385437.46,
            4782804.79
          ],
          [
            385437.46,
            4782778.13
          ],
          [
            385410.79,
            4782751.46
          ],
          [
            385384.12,
            4782724.8
          ],
          [
            385384.12,
            4782698.14
          ],
          [
            385357.45,
            4782671.47
          ],
          [
            385330.77,
            4782644.81
          ]
        ]
      },
      "properties": {
        "segment_id": 100,
        "step": 100,
        "length_m": 381.71,
        "elevation_start": 71.15,
        "elevation_end": 76.48,
        "slope_percent": 1.4,
        "cost_usd": 200395.46,
        "cost_per_m": 350.0,
        "cumulative_cost": 57264185.79,
        "cumulative_distance_m": 38277.78,
        "land_cover_class": 40,
        "land_cover_name": "cropland",
        "geohazard_risk": 0.0,
        "terrain_class": "flat",
        "crs": "EPSG:32633"
      }
    },
    {
      "type": "Feature",
      "geometry": {
        "type": "LineString",
        "coordinates": [
          [
            385330.77,
            4782644.81
          ],
          [
            385330.77,
            4782618.15
          ],
          [
            385304.1,
            4782591.48
          ],
          [
            385304.1,
            4782564.82
          ],
          [
            385304.1,
            4782538.15
          ],
          [
            385304.1,
            4782511.49
          ],
          [
            385304.1,
            4782484.83
          ],
          [
            385304.1,
            4782458.16
          ],
          [
            385330.77,
            4782431.5
          ],
          [
            385330.77,
            4782404.84
          ],
          [
            385330.77,
            4782378.17
          ],
          [
            385330.77,
            4782351.51
          ],
          [
            385330.77,
            4782324.84
          ],
          [
            385330.77,
            4782298.18
          ],
          [
            385330.77,
            4782271.52
          ]
        ]
      },
      "properties": {
        "segment_id": 101,
        "step": 101,
        "length_m": 395.39,
        "elevation_start": 76.48,
        "elevation_end": 77.82,
        "slope_percent": 0.34,
        "cost_usd": 207581.9,
        "cost_per_m": 350.0,
        "cumulative_cost": 57471767.69,
        "cumulative_distance_m": 38673.17,
        "land_cover_class": 10,
        "land_cover_name": "tree_cover",
        "geohazard_risk": 0.0,
        "terrain_class": "flat",
        "crs": "EPSG:32633"
      }
    },
    {
      "type": "Feature",
      "geometry": {
        "type": "LineString",
        "coordinates": [
          [
            385330.77,
            4782271.52
          ],
          [
            385330.77,
            4782244.85
          ],
          [
            385330.77,
            4782218.19
          ],
          [
            385357.45,
            4782191.52
          ],
          [
            385384.12,
            4782164.86
          ],
          [
            385410.79,
            4782138.2
          ],
          [
            385437.46,
            4782111.53
          ],
          [
            385464.14,
            4782084.87
          ],
          [
            385490.81,
            4782058.21
          ],
          [
            385490.81,
            4782031.54
          ],
          [
            385517.48,
            4782004.88
          ],
          [
            385544.15,
            4781978.21
          ]
        ]
      },
      "properties": {
        "segment_id": 102,
        "step": 102,
        "length_m": 381.71,
        "elevation_start": 77.82,
        "elevation_end": 83.83,
        "slope_percent": 1.57,
        "cost_usd": 200395.46,
        "cost_per_m": 350.0,
        "cumulative_cost": 57672163.15,
        "cumulative_distance_m": 39054.88,
        "land_cover_class": 10,
        "land_cover_name": "tree_cover",
        "geohazard_risk": 0.0,
        "terrain_class": "flat",
        "crs": "EPSG:32633"
      }
    },
    {
      "type": "Feature",
      "geometry": {
        "type": "LineString",
        "coordinates": [
          [
            385544.15,
            4781978.21
          ],
          [
            385570.82,
            4781951.55
          ],
          [
            385597.5,
            4781924.89
          ],
          [
            385624.17,
            4781898.22
          ],
          [
            385650.84,
            4781871.56
          ],
          [
            385650.84,
            4781844.9
          ],
          [
            385650.84,
            4781818.23
          ],
          [
            385650.84,
            4781791.57
          ],
          [
            385677.51,
            4781764.9
          ],
          [
            385704.19,
            4781738.24
          ],
          [
            385704.19,
            4781711.58
          ],
          [
            385704.19,
            4781684.91
          ],
          [
            385730.86,
            4781658.25
          ]
        ]
      },
      "properties": {
        "segment_id": 103,
        "step": 103,
        "length_m": 397.32,
        "elevation_start": 83.83,
        "elevation_end": 86.8,
        "slope_percent": 0.75,
        "cost_usd": 208592.45,
        "cost_per_m": 350.0,
        "cumulative_cost": 57880755.6,
        "cumulative_distance_m": 39452.2,
        "land_cover_class": 40,
        "land_cover_name": "cropland",
        "geohazard_risk": 0.0,
        "terrain_class": "flat",
        "crs": "EPSG:32633"
      }
    },
    {
      "type": "Feature",
      "geometry": {
        "type": "LineString",
        "coordinates": [
          [
            385730.86,
            4781658.25
          ],
          [
            385730.86,
            4781631.58
          ],
          [
            385757.53,
            4781604.92
          ],
          [
            385784.2,
            4781578.26
          ],
          [
            385810.87,
            4781551.59
          ],
          [
            385837.55,
            4781524.93
          ],
          [
            385837.55,
            4781498.27
          ],
          [
            385864.22,
            4781471.6
          ],
          [
            385890.89,
            4781444.94
          ],
          [
            385917.56,
            4781418.27
          ],
          [
            385917.56,
            4781391.61
          ],
          [
            385917.56,
            4781364.95
          ],
          [
            385917.56,
            4781338.28
          ]
        ]
      },
      "properties": {
        "segment_id": 104,
        "step": 104,
        "length_m": 397.32,
        "elevation_start": 86.8,
        "elevation_end": 91.49,
        "slope_percent": 1.18,
        "cost_usd": 208592.45,
        "cost_per_m": 350.0,
        "cumulative_cost": 58089348.04,
        "cumulative_distance_m": 39849.52,
        "land_cover_class": 10,
        "land_cover_name": "tree_cover",
        "geohazard_risk": 0.0,
        "terrain_class": "flat",
        "crs": "EPSG:32633"
      }
    },
    {
      "type": "Feature",
      "geometry": {
        "type": "LineString",
        "coordinates": [
          [
            385917.56,
            4781338.28
          ],
          [
            385917.56,
            4781311.62
          ],
          [
            385944.24,
            4781284.96
          ],
          [
            385944.24,
            4781258.29
          ],
          [
            385944.24,
            4781231.63
          ],
          [
            385944.24,
            4781204.96
          ],
          [
            385970.91,
            4781178.3
          ],
          [
            385970.91,
            4781151.64
          ],
          [
            385970.91,
            4781124.97
          ],
          [
            385970.91,
            4781098.31
          ],
          [
            385970.91,
            4781071.65
          ],
          [
            385970.91,
            4781044.98
          ],
          [
            385997.58,
            4781018.32
          ],
          [
            386024.25,
            4780991.65
          ]
        ]
      },
      "properties": {
        "segment_id": 105,
        "step": 105,
        "length_m": 390.83,
        "elevation_start": 91.49,
        "elevation_end": 101.75,
        "slope_percent": 2.63,
        "cost_usd": 205186.42,
        "cost_per_m": 350.0,
        "cumulative_cost": 58294534.47,
        "cumulative_distance_m": 40240.35,
        "land_cover_class": 10,
        "land_cover_name": "tree_cover",
        "geohazard_risk": 0.0,
        "terrain_class": "flat",
        "crs": "EPSG:32633"
      }
    },
    {
      "type": "Feature",
      "geometry": {
        "type": "LineString",
        "coordinates": [
          [
            386024.25,
            4780991.65
          ],
          [
            386024.25,
            4780964.99
          ],
          [
            386024.25,
            4780938.33
          ],
          [
            386050.92,
            4780911.66
          ],
          [
            386077.6,
            4780885.0
          ],
          [
            386104.27,
            4780858.33
          ],
          [
            386130.94,
            4780831.67
          ],
          [
            386130.94,
            4780805.01
          ],
          [
            386130.94,
            4780778.34
          ],
          [
            386130.94,
            4780751.68
          ],
          [
            386130.94,
            4780725.02
          ],
          [
            386130.94,
            4780698.35
          ],
          [
            386130.94,
            4780671.69
          ],
          [
            386130.94,
            4780645.02
          ]
        ]
      },
      "properties": {
        "segment_id": 106,
        "step": 106,
        "length_m": 390.83,
        "elevation_start": 101.75,
        "elevation_end": 122.19,
        "slope_percent": 5.23,
        "cost_usd": 205186.42,
        "cost_per_m": 350.0,
        "cumulative_cost": 58499720.89,
        "cumulative_distance_m": 40631.18,
        "land_cover_class": 40,
        "land_cover_name": "cropland",
        "geohazard_risk": 0.0,
        "terrain_class": "rolling",
        "crs": "EPSG:32633"
      }
    },
    {
      "type": "Feature",
      "geometry": {
        "type": "LineString",
        "coordinates": [
          [
            386130.94,
            4780645.02
          ],
          [
            386157.61,
            4780618.36
          ],
          [
            386184.29,
            4780591.7
          ],
          [
            386210.96,
            4780565.03
          ],
          [
            386237.63,
            4780538.37
          ],
          [
            386264.3,
            4780511.71
          ],
          [
            386290.98,
            4780485.04
          ],
          [
            386317.65,
            4780458.38
          ],
          [
            386344.32,
            4780431.71
          ],
          [
            386344.32,
            4780405.05
          ],
          [
            386344.32,
            4780378.39
          ],
          [
            386344.32,
            4780351.72
          ]
        ]
      },
      "properties": {
        "segment_id": 107,
        "step": 107,
        "length_m": 381.71,
        "elevation_start": 122.19,
        "elevation_end": 123.68,
        "slope_percent": 0.39,
        "cost_usd": 200395.46,
        "cost_per_m": 350.0,
        "cumulative_cost": 58700116.35,
        "cumulative_distance_m": 41012.89,
        "land_cover_class": 40,
        "land_cover_name": "cropland",
        "geohazard_risk": 0.0,
        "terrain_class": "flat",
        "crs": "EPSG:32633"
      }
    },
    {
      "type": "Feature",
      "geometry": {
        "type": "LineString",
        "coordinates": [
          [
            386344.32,
            4780351.72
          ],
          [
            386344.32,
            4780325.06
          ],
          [
            386344.32,
            4780298.4
          ],
          [
            386344.32,
            4780271.73
          ],
          [
            386344.32,
            4780245.07
          ],
          [
            386344.32,
            4780218.4
          ],
          [
            386344.32,
            4780191.74
          ],
          [
            386344.32,
            4780165.08
          ],
          [
            386344.32,
            4780138.41
          ],
          [
            386370.99,
            4780111.75
          ],
          [
            386397.66,
            4780085.08
          ],
          [
            386424.34,
            4780058.42
          ],
          [
            386451.01,
            4780058.42
          ],
          [
            386477.68,
            4780031.76
          ]
        ]
      },
      "properties": {
        "segment_id": 108,
        "step": 108,
        "length_m": 390.84,
        "elevation_start": 123.68,
        "elevation_end": 164.37,
        "slope_percent": 10.41,
        "cost_usd": 205190.86,
        "cost_per_m": 350.0,
        "cumulative_cost": 58905307.21,
        "cumulative_distance_m": 41403.73,
        "land_cover_class": 40,
        "land_cover_name": "cropland",
        "geohazard_risk": 0.0,
        "terrain_class": "hilly",
        "crs": "EPSG:32633"
      }
    },
    {
      "type": "Feature",
      "geometry": {
        "type": "LineString",
        "coordinates": [
          [
            386477.68,
            4780031.76
          ],
          [
            386504.35,
            4780005.09
          ],
          [
            386531.03,
            4779978.43
          ],
          [
            386557.7,
            4779978.43
          ],
          [
            386584.37,
            4780005.09
          ],
          [
            386611.04,
            4780031.76
          ],
          [
            386637.71,
            4780005.09
          ],
          [
            386664.39,
            4779978.43
          ],
          [
            386691.06,
            4779951.77
          ],
          [
            386717.73,
            4779925.1
          ],
          [
            386744.4,
            4779925.1
          ],
          [
            386771.08,
            4779898.44
          ]
        ]
      },
      "properties": {
        "segment_id": 109,
        "step": 109,
        "length_m": 392.77,
        "elevation_start": 164.37,
        "elevation_end": 218.32,
        "slope_percent": 13.74,
        "cost_usd": 109976.45,
        "cost_per_m": 350.0,
        "cumulative_cost": 59015283.66,
        "cumulative_distance_m": 41796.5,
        "land_cover_class": 30,
        "land_cover_name": "grassland",
        "geohazard_risk": 0.0,
        "terrain_class": "hilly",
        "crs": "EPSG:32633"
      }
    },
    {
      "type": "Feature",
      "geometry": {
        "type": "LineString",
        "coordinates": [
          [
            386771.08,
            4779898.44
          ],
          [
            386797.75,
            4779871.77
          ],
          [
            386824.42,
            4779845.11
          ],
          [
            386851.09,
            4779818.45
          ],
          [
            386877.76,
            4779791.78
          ],
          [
            386904.44,
            4779765.12
          ],
          [
            386931.11,
            4779738.46
          ],
          [
            386931.11,
            4779711.79
          ],
          [
            386931.11,
            4779685.13
          ],
          [
            386904.44,
            4779658.46
          ],
          [
            386877.76,
            4779631.8
          ],
          [
            386877.76,
            4779605.14
          ]
        ]
      },
      "properties": {
        "segment_id": 110,
        "step": 110,
        "length_m": 381.71,
        "elevation_start": 218.32,
        "elevation_end": 261.15,
        "slope_percent": 11.22,
        "cost_usd": 200395.46,
        "cost_per_m": 350.0,
        "cumulative_cost": 59215679.12,
        "cumulative_distance_m": 42178.2,
        "land_cover_class": 40,
        "land_cover_name": "cropland",
        "geohazard_risk": 0.0,
        "terrain_class": "hilly",
        "crs": "EPSG:32633"
      }
    },
    {
      "type": "Feature",
      "geometry": {
        "type": "LineString",
        "coordinates": [
          [
            386877.76,
            4779605.14
          ],
          [
            386877.76,
            4779578.47
          ],
          [
            386877.76,
            4779551.81
          ],
          [
            386851.09,
            4779525.15
          ],
          [
            386824.42,
            4779498.48
          ],
          [
            386797.75,
            4779471.82
          ],
          [
            386797.75,
            4779445.15
          ],
          [
            386797.75,
            4779418.49
          ],
          [
            386771.08,
            4779391.83
          ],
          [
            386771.08,
            4779365.16
          ],
          [
            386744.4,
            4779338.5
          ],
          [
            386717.73,
            4779311.83
          ],
          [
            386691.06,
            4779285.17
          ]
        ]
      },
      "properties": {
        "segment_id": 111,
        "step": 111,
        "length_m": 397.32,
        "elevation_start": 261.15,
        "elevation_end": 245.58,
        "slope_percent": 3.92,
        "cost_usd": 208592.45,
        "cost_per_m": 350.0,
        "cumulative_cost": 59424271.56,
        "cumulative_distance_m": 42575.52,
        "land_cover_class": 40,
        "land_cover_name": "cropland",
        "geohazard_risk": 0.0,
        "terrain_class": "flat",
        "crs": "EPSG:32633"
      }
    },
    {
      "type": "Feature",
      "geometry": {
        "type": "LineString",
        "coordinates": [
          [
            386691.06,
            4779285.17
          ],
          [
            386664.39,
            4779285.17
          ],
          [
            386637.71,
            4779285.17
          ],
          [
            386611.04,
            4779285.17
          ],
          [
            386584.37,
            4779285.17
          ],
          [
            386557.7,
            4779311.83
          ],
          [
            386531.03,
            4779311.83
          ],
          [
            386504.35,
            4779311.83
          ],
          [
            386477.68,
            4779311.83
          ],
          [
            386451.01,
            4779338.5
          ],
          [
            386424.34,
            4779365.16
          ],
          [
            386397.66,
            4779391.83
          ],
          [
            386370.99,
            4779391.83
          ],
          [
            386344.32,
            4779391.83
          ]
        ]
      },
      "properties": {
        "segment_id": 112,
        "step": 112,
        "length_m": 390.91,
        "elevation_start": 245.58,
        "elevation_end": 215.26,
        "slope_percent": 7.76,
        "cost_usd": 205226.39,
        "cost_per_m": 350.0,
        "cumulative_cost": 59629497.95,
        "cumulative_distance_m": 42966.43,
        "land_cover_class": 40,
        "land_cover_name": "cropland",
        "geohazard_risk": 0.0,
        "terrain_class": "rolling",
        "crs": "EPSG:32633"
      }
    },
    {
      "type": "Feature",
      "geometry": {
        "type": "LineString",
        "coordinates": [
          [
            386344.32,
            4779391.83
          ],
          [
            386317.65,
            4779391.83
          ],
          [
            386290.98,
            4779391.83
          ],
          [
            386264.3,
            4779391.83
          ],
          [
            386237.63,
            4779391.83
          ],
          [
            386210.96,
            4779391.83
          ],
          [
            386184.29,
            4779391.83
          ],
          [
            386157.61,
            4779391.83
          ],
          [
            386130.94,
            4779365.16
          ],
          [
            386104.27,
            4779365.16
          ],
          [
            386077.6,
            4779338.5
          ],
          [
            386050.92,
            4779311.83
          ],
          [
            386024.25,
            4779285.17
          ]
        ]
      },
      "properties": {
        "segment_id": 113,
        "step": 113,
        "length_m": 364.24,
        "elevation_start": 215.26,
        "elevation_end": 187.39,
        "slope_percent": 7.65,
        "cost_usd": 191223.46,
        "cost_per_m": 350.0,
        "cumulative_cost": 59820721.41,
        "cumulative_distance_m": 43330.67,
        "land_cover_class": 40,
        "land_cover_name": "cropland",
        "geohazard_risk": 0.0,
        "terrain_class": "rolling",
        "crs": "EPSG:32633"
      }
    },
    {
      "type": "Feature",
      "geometry": {
        "type": "LineString",
        "coordinates": [
          [
            386024.25,
            4779285.17
          ],
          [
            385997.58,
            4779258.51
          ],
          [
            385970.91,
            4779231.84
          ],
          [
            385970.91,
            4779205.18
          ],
          [
            385970.91,
            4779178.52
          ],
          [
            385970.91,
            4779151.85
          ],
          [
            385944.24,
            4779125.19
          ],
          [
            385917.56,
            4779098.52
          ],
          [
            385917.56,
            4779071.86
          ],
          [
            385917.56,
            4779045.2
          ],
          [
            385917.56,
            4779018.53
          ],
          [
            385917.56,
            4778991.87
          ],
          [
            385917.56,
            4778965.21
          ],
          [
            385917.56,
            4778938.54
          ]
        ]
      },
      "properties": {
        "segment_id": 114,
        "step": 114,
        "length_m": 390.83,
        "elevation_start": 187.39,
        "elevation_end": 165.18,
        "slope_percent": 5.68,
        "cost_usd": 205186.42,
        "cost_per_m": 350.0,
        "cumulative_cost": 60025907.83,
        "cumulative_distance_m": 43721.5,
        "land_cover_class": 40,
        "land_cover_name": "cropland",
        "geohazard_risk": 0.0,
        "terrain_class": "rolling",
        "crs": "EPSG:32633"
      }
    },
    {
      "type": "Feature",
      "geometry": {
        "type": "LineString",
        "coordinates": [
          [
            385917.56,
            4778938.54
          ],
          [
            385917.56,
            4778911.88
          ],
          [
            385917.56,
            4778885.21
          ],
          [
            385917.56,
            4778858.55
          ],
          [
            385917.56,
            4778831.89
          ],
          [
            385944.24,
            4778805.22
          ],
          [
            385917.56,
            4778778.56
          ],
          [
            385890.89,
            4778751.9
          ],
          [
            385864.22,
            4778725.23
          ],
          [
            385837.55,
            4778698.57
          ],
          [
            385810.87,
            4778671.9
          ],
          [
            385810.87,
            4778645.24
          ],
          [
            385810.87,
            4778618.58
          ]
        ]
      },
      "properties": {
        "segment_id": 115,
        "step": 115,
        "length_m": 386.27,
        "elevation_start": 165.18,
        "elevation_end": 194.08,
        "slope_percent": 7.48,
        "cost_usd": 108155.17,
        "cost_per_m": 350.0,
        "cumulative_cost": 60134063.0,
        "cumulative_distance_m": 44107.77,
        "land_cover_class": 30,
        "land_cover_name": "grassland",
        "geohazard_risk": 0.0,
        "terrain_class": "rolling",
        "crs": "EPSG:32633"
      }
    },
    {
      "type": "Feature",
      "geometry": {
        "type": "LineString",
        "coordinates": [
          [
            385810.87,
            4778618.58
          ],
          [
            385810.87,
            4778591.91
          ],
          [
            385810.87,
            4778565.25
          ],
          [
            385810.87,
            4778538.58
          ],
          [
            385810.87,
            4778511.92
          ],
          [
            385810.87,
            4778485.26
          ],
          [
            385810.87,
            4778458.59
          ],
          [
            385810.87,
            4778431.93
          ],
          [
            385810.87,
            4778405.27
          ],
          [
            385784.2,
            4778378.6
          ],
          [
            385757.53,
            4778351.94
          ],
          [
            385730.86,
            4778325.27
          ],
          [
            385704.19,
            4778298.61
          ]
        ]
      },
      "properties": {
        "segment_id": 116,
        "step": 116,
        "length_m": 364.17,
        "elevation_start": 194.08,
        "elevation_end": 247.9,
        "slope_percent": 14.78,
        "cost_usd": 191187.93,
        "cost_per_m": 350.0,
        "cumulative_cost": 60325250.93,
        "cumulative_distance_m": 44471.93,
        "land_cover_class": 40,
        "land_cover_name": "cropland",
        "geohazard_risk": 0.0,
        "terrain_class": "hilly",
        "crs": "EPSG:32633"
      }
    },
    {
      "type": "Feature",
      "geometry": {
        "type": "LineString",
        "coordinates": [
          [
            385704.19,
            4778298.61
          ],
          [
            385677.51,
            4778271.95
          ],
          [
            385650.84,
            4778245.28
          ],
          [
            385624.17,
            4778218.62
          ],
          [
            385597.5,
            4778218.62
          ],
          [
            385570.82,
            4778218.62
          ],
          [
            385544.15,
            4778191.96
          ],
          [
            385517.48,
            4778165.29
          ],
          [
            385490.81,
            4778165.29
          ],
          [
            385464.14,
            4778138.63
          ],
          [
            385437.46,
            4778111.96
          ],
          [
            385410.79,
            4778085.3
          ]
        ]
      },
      "properties": {
        "segment_id": 117,
        "step": 117,
        "length_m": 381.73,
        "elevation_start": 247.9,
        "elevation_end": 205.37,
        "slope_percent": 11.14,
        "cost_usd": 200408.78,
        "cost_per_m": 350.0,
        "cumulative_cost": 60525659.71,
        "cumulative_distance_m": 44853.66,
        "land_cover_class": 40,
        "land_cover_name": "cropland",
        "geohazard_risk": 0.0,
        "terrain_class": "hilly",
        "crs": "EPSG:32633"
      }
    },
    {
      "type": "Feature",
      "geometry": {
        "type": "LineString",
        "coordinates": [
          [
            385410.79,
            4778085.3
          ],
          [
            385410.79,
            4778058.64
          ],
          [
            385410.79,
            4778031.97
          ],
          [
            385410.79,
            4778005.31
          ],
          [
            385410.79,
            4777978.65
          ],
          [
            385437.46,
            4777951.98
          ],
          [
            385464.14,
            4777925.32
          ],
          [
            385490.81,
            4777898.65
          ],
          [
            385490.81,
            4777871.99
          ],
          [
            385490.81,
            4777845.33
          ],
          [
            385490.81,
            4777818.66
          ],
          [
            385490.81,
            4777792.0
          ],
          [
            385490.81,
            4777765.33
          ],
          [
            385490.81,
            4777738.67
          ]
        ]
      },
      "properties": {
        "segment_id": 118,
        "step": 118,
        "length_m": 379.78,
        "elevation_start": 205.37,
        "elevation_end": 192.91,
        "slope_percent": 3.28,
        "cost_usd": 199384.91,
        "cost_per_m": 350.0,
        "cumulative_cost": 60725044.62,
        "cumulative_distance_m": 45233.45,
        "land_cover_class": 40,
        "land_cover_name": "cropland",
        "geohazard_risk": 0.0,
        "terrain_class": "flat",
        "crs": "EPSG:32633"
      }
    },
    {
      "type": "Feature",
      "geometry": {
        "type": "LineString",
        "coordinates": [
          [
            385490.81,
            4777738.67
          ],
          [
            385464.14,
            4777712.01
          ],
          [
            385437.46,
            4777685.34
          ],
          [
            385410.79,
            4777658.68
          ],
          [
            385410.79,
            4777632.02
          ],
          [
            385410.79,
            4777605.35
          ],
          [
            385410.79,
            4777578.69
          ],
          [
            385410.79,
            4777552.02
          ],
          [
            385410.79,
            4777525.36
          ],
          [
            385410.79,
            4777498.7
          ],
          [
            385437.46,
            4777472.03
          ],
          [
            385464.14,
            4777445.37
          ],
          [
            385464.14,
            4777418.71
          ]
        ]
      },
      "properties": {
        "segment_id": 119,
        "step": 119,
        "length_m": 375.22,
        "elevation_start": 192.91,
        "elevation_end": 210.6,
        "slope_percent": 4.71,
        "cost_usd": 196989.43,
        "cost_per_m": 350.0,
        "cumulative_cost": 60922034.06,
        "cumulative_distance_m": 45608.66,
        "land_cover_class": 40,
        "land_cover_name": "cropland",
        "geohazard_risk": 0.0,
        "terrain_class": "flat",
        "crs": "EPSG:32633"
      }
    },
    {
      "type": "Feature",
      "geometry": {
        "type": "LineString",
        "coordinates": [
          [
            385464.14,
            4777418.71
          ],
          [
            385464.14,
            4777392.04
          ],
          [
            385464.14,
            4777365.38
          ],
          [
            385464.14,
            4777338.71
          ],
          [
            385464.14,
            4777312.05
          ],
          [
            385464.14,
            4777285.39
          ],
          [
            385464.14,
            4777258.72
          ],
          [
            385464.14,
            4777232.06
          ],
          [
            385464.14,
            4777205.4
          ],
          [
            385464.14,
            4777178.73
          ],
          [
            385464.14,
            4777152.07
          ],
          [
            385437.46,
            4777125.4
          ],
          [
            385410.79,
            4777098.74
          ],
          [
            385384.12,
            4777072.08
          ]
        ]
      },
      "properties": {
        "segment_id": 120,
        "step": 120,
        "length_m": 379.78,
        "elevation_start": 210.6,
        "elevation_end": 225.5,
        "slope_percent": 3.92,
        "cost_usd": 106338.62,
        "cost_per_m": 350.0,
        "cumulative_cost": 61028372.68,
        "cumulative_distance_m": 45988.44,
        "land_cover_class": 30,
        "land_cover_name": "grassland",
        "geohazard_risk": 0.0,
        "terrain_class": "flat",
        "crs": "EPSG:32633"
      }
    },
    {
      "type": "Feature",
      "geometry": {
        "type": "LineString",
        "coordinates": [
          [
            385384.12,
            4777072.08
          ],
          [
            385357.45,
            4777045.41
          ],
          [
            385357.45,
            4777018.75
          ],
          [
            385357.45,
            4776992.08
          ],
          [
            385357.45,
            4776965.42
          ],
          [
            385357.45,
            4776938.76
          ],
          [
            385357.45,
            4776912.09
          ],
          [
            385357.45,
            4776885.43
          ],
          [
            385357.45,
            4776858.77
          ],
          [
            385357.45,
            4776832.1
          ],
          [
            385357.45,
            4776805.44
          ],
          [
            385357.45,
            4776778.77
          ],
          [
            385357.45,
            4776752.11
          ],
          [
            385357.45,
            4776725.45
          ],
          [
            385357.45,
            4776698.78
          ]
        ]
      },
      "properties": {
        "segment_id": 121,
        "step": 121,
        "length_m": 384.34,
        "elevation_start": 225.5,
        "elevation_end": 209.7,
        "slope_percent": 4.11,
        "cost_usd": 201780.4,
        "cost_per_m": 350.0,
        "cumulative_cost": 61230153.07,
        "cumulative_distance_m": 46372.79,
        "land_cover_class": 40,
        "land_cover_name": "cropland",
        "geohazard_risk": 0.0,
        "terrain_class": "flat",
        "crs": "EPSG:32633"
      }
    },
    {
      "type": "Feature",
      "geometry": {
        "type": "LineString",
        "coordinates": [
          [
            385357.45,
            4776698.78
          ],
          [
            385357.45,
            4776672.12
          ],
          [
            385330.77,
            4776645.46
          ],
          [
            385304.1,
            4776618.79
          ],
          [
            385277.43,
            4776592.13
          ],
          [
            385277.43,
            4776565.46
          ],
          [
            385304.1,
            4776538.8
          ],
          [
            385304.1,
            4776512.14
          ],
          [
            385277.43,
            4776485.47
          ],
          [
            385277.43,
            4776458.81
          ],
          [
            385277.43,
            4776432.15
          ],
          [
            385277.43,
            4776405.48
          ],
          [
            385277.43,
            4776378.82
          ]
        ]
      },
      "properties": {
        "segment_id": 122,
        "step": 122,
        "length_m": 375.22,
        "elevation_start": 209.7,
        "elevation_end": 197.34,
        "slope_percent": 3.29,
        "cost_usd": 105061.03,
        "cost_per_m": 350.0,
        "cumulative_cost": 61335214.11,
        "cumulative_distance_m": 46748.01,
        "land_cover_class": 30,
        "land_cover_name": "grassland",
        "geohazard_risk": 0.0,
        "terrain_class": "flat",
        "crs": "EPSG:32633"
      }
    },
    {
      "type": "Feature",
      "geometry": {
        "type": "LineString",
        "coordinates": [
          [
            385277.43,
            4776378.82
          ],
          [
            385277.43,
            4776352.15
          ],
          [
            385250.76,
            4776325.49
          ],
          [
            385224.09,
            4776298.83
          ],
          [
            385197.41,
            4776272.16
          ],
          [
            385170.74,
            4776245.5
          ],
          [
            385144.07,
            4776218.83
          ],
          [
            385144.07,
            4776192.17
          ],
          [
            385144.07,
            4776165.51
          ],
          [
            385144.07,
            4776138.84
          ],
          [
            385144.07,
            4776112.18
          ],
          [
            385144.07,
            4776085.52
          ],
          [
            385144.07,
            4776058.85
          ]
        ]
      },
      "properties": {
        "segment_id": 123,
        "step": 123,
        "length_m": 375.22,
        "elevation_start": 197.34,
        "elevation_end": 196.57,
        "slope_percent": 0.2,
        "cost_usd": 196989.43,
        "cost_per_m": 350.0,
        "cumulative_cost": 61532203.54,
        "cumulative_distance_m": 47123.22,
        "land_cover_class": 40,
        "land_cover_name": "cropland",
        "geohazard_risk": 0.0,
        "terrain_class": "flat",
        "crs": "EPSG:32633"
      }
    },
    {
      "type": "Feature",
      "geometry": {
        "type": "LineString",
        "coordinates": [
          [
            385144.07,
            4776058.85
          ],
          [
            385144.07,
            4776032.19
          ],
          [
            385144.07,
            4776005.52
          ],
          [
            385117.4,
            4775978.86
          ],
          [
            385090.72,
            4775952.2
          ],
          [
            385064.05,
            4775925.53
          ],
          [
            385064.05,
            4775898.87
          ],
          [
            385064.05,
            4775872.21
          ],
          [
            385064.05,
            4775845.54
          ],
          [
            385064.05,
            4775818.88
          ],
          [
            385064.05,
            4775792.21
          ],
          [
            385037.38,
            4775765.55
          ],
          [
            385010.71,
            4775765.55
          ],
          [
            384984.03,
            4775765.55
          ]
        ]
      },
      "properties": {
        "segment_id": 124,
        "step": 124,
        "length_m": 390.85,
        "elevation_start": 196.57,
        "elevation_end": 172.94,
        "slope_percent": 6.04,
        "cost_usd": 205195.3,
        "cost_per_m": 350.0,
        "cumulative_cost": 61737398.84,
        "cumulative_distance_m": 47514.07,
        "land_cover_class": 40,
        "land_cover_name": "cropland",
        "geohazard_risk": 0.0,
        "terrain_class": "rolling",
        "crs": "EPSG:32633"
      }
    },
    {
      "type": "Feature",
      "geometry": {
        "type": "LineString",
        "coordinates": [
          [
            384984.03,
            4775765.55
          ],
          [
            384957.36,
            4775738.89
          ],
          [
            384930.69,
            4775712.22
          ],
          [
            384930.69,
            4775685.56
          ],
          [
            384957.36,
            4775658.89
          ],
          [
            384957.36,
            4775632.23
          ],
          [
            384957.36,
            4775605.57
          ],
          [
            384957.36,
            4775578.9
          ],
          [
            384957.36,
            4775552.24
          ],
          [
            384957.36,
            4775525.58
          ],
          [
            384957.36,
            4775498.91
          ],
          [
            384984.03,
            4775472.25
          ],
          [
            384984.03,
            4775445.58
          ],
          [
            384984.03,
            4775418.92
          ]
        ]
      },
      "properties": {
        "segment_id": 125,
        "step": 125,
        "length_m": 390.83,
        "elevation_start": 172.94,
        "elevation_end": 134.55,
        "slope_percent": 9.82,
        "cost_usd": 205186.42,
        "cost_per_m": 350.0,
        "cumulative_cost": 61942585.26,
        "cumulative_distance_m": 47904.9,
        "land_cover_class": 10,
        "land_cover_name": "tree_cover",
        "geohazard_risk": 0.0,
        "terrain_class": "rolling",
        "crs": "EPSG:32633"
      }
    },
    {
      "type": "Feature",
      "geometry": {
        "type": "LineString",
        "coordinates": [
          [
            384984.03,
            4775418.92
          ],
          [
            384984.03,
            4775392.26
          ],
          [
            384957.36,
            4775365.59
          ],
          [
            384930.69,
            4775338.93
          ],
          [
            384930.69,
            4775312.27
          ],
          [
            384930.69,
            4775285.6
          ],
          [
            384930.69,
            4775258.94
          ],
          [
            384930.69,
            4775232.27
          ],
          [
            384930.69,
            4775205.61
          ],
          [
            384930.69,
            4775178.95
          ],
          [
            384904.02,
            4775152.28
          ],
          [
            384877.35,
            4775125.62
          ],
          [
            384850.67,
            4775098.96
          ]
        ]
      },
      "properties": {
        "segment_id": 126,
        "step": 126,
        "length_m": 375.22,
        "elevation_start": 134.55,
        "elevation_end": 134.81,
        "slope_percent": 0.07,
        "cost_usd": 105061.03,
        "cost_per_m": 350.0,
        "cumulative_cost": 62047646.29,
        "cumulative_distance_m": 48280.12,
        "land_cover_class": 30,
        "land_cover_name": "grassland",
        "geohazard_risk": 0.0,
        "terrain_class": "flat",
        "crs": "EPSG:32633"
      }
    },
    {
      "type": "Feature",
      "geometry": {
        "type": "LineString",
        "coordinates": [
          [
            384850.67,
            4775098.96
          ],
          [
            384824.0,
            4775072.29
          ],
          [
            384797.33,
            4775045.63
          ],
          [
            384770.66,
            4775018.96
          ],
          [
            384743.98,
            4774992.3
          ],
          [
            384717.31,
            4774965.64
          ],
          [
            384690.64,
            4774938.97
          ],
          [
            384663.97,
            4774912.31
          ],
          [
            384637.3,
            4774885.64
          ],
          [
            384610.62,
            4774858.98
          ],
          [
            384583.95,
            4774832.32
          ]
        ]
      },
      "properties": {
        "segment_id": 127,
        "step": 127,
        "length_m": 377.14,
        "elevation_start": 134.81,
        "elevation_end": 137.58,
        "slope_percent": 0.73,
        "cost_usd": 197999.98,
        "cost_per_m": 350.0,
        "cumulative_cost": 62245646.27,
        "cumulative_distance_m": 48657.26,
        "land_cover_class": 40,
        "land_cover_name": "cropland",
        "geohazard_risk": 0.0,
        "terrain_class": "flat",
        "crs": "EPSG:32633"
      }
    },
    {
      "type": "Feature",
      "geometry": {
        "type": "LineString",
        "coordinates": [
          [
            384583.95,
            4774832.32
          ],
          [
            384557.28,
            4774805.65
          ],
          [
            384530.61,
            4774778.99
          ],
          [
            384503.93,
            4774752.33
          ],
          [
            384477.26,
            4774725.66
          ],
          [
            384450.59,
            4774699.0
          ],
          [
            384423.92,
            4774672.33
          ],
          [
            384397.25,
            4774645.67
          ],
          [
            384370.57,
            4774619.01
          ],
          [
            384343.9,
            4774592.34
          ],
          [
            384317.23,
            4774565.68
          ]
        ]
      },
      "properties": {
        "segment_id": 128,
        "step": 128,
        "length_m": 377.14,
        "elevation_start": 137.58,
        "elevation_end": 140.58,
        "slope_percent": 0.8,
        "cost_usd": 197999.98,
        "cost_per_m": 350.0,
        "cumulative_cost": 62443646.25,
        "cumulative_distance_m": 49034.41,
        "land_cover_class": 40,
        "land_cover_name": "cropland",
        "geohazard_risk": 0.0,
        "terrain_class": "flat",
        "crs": "EPSG:32633"
      }
    },
    {
      "type": "Feature",
      "geometry": {
        "type": "LineString",
        "coordinates": [
          [
            384317.23,
            4774565.68
          ],
          [
            384290.56,
            4774539.02
          ],
          [
            384263.88,
            4774512.35
          ],
          [
            384237.21,
            4774485.69
          ],
          [
            384210.54,
            4774459.02
          ],
          [
            384183.87,
            4774432.36
          ],
          [
            384157.2,
            4774405.7
          ],
          [
            384130.52,
            4774379.03
          ],
          [
            384103.85,
            4774352.37
          ],
          [
            384077.18,
            4774325.71
          ],
          [
            384077.18,
            4774299.04
          ],
          [
            384077.18,
            4774272.38
          ]
        ]
      },
      "properties": {
        "segment_id": 129,
        "step": 129,
        "length_m": 392.76,
        "elevation_start": 140.58,
        "elevation_end": 142.14,
        "slope_percent": 0.4,
        "cost_usd": 206196.97,
        "cost_per_m": 350.0,
        "cumulative_cost": 62649843.22,
        "cumulative_distance_m": 49427.16,
        "land_cover_class": 40,
        "land_cover_name": "cropland",
        "geohazard_risk": 0.0,
        "terrain_class": "flat",
        "crs": "EPSG:32633"
      }
    },
    {
      "type": "Feature",
      "geometry": {
        "type": "LineString",
        "coordinates": [
          [
            384077.18,
            4774272.38
          ],
          [
            384077.18,
            4774245.71
          ],
          [
            384050.51,
            4774219.05
          ],
          [
            384023.83,
            4774192.39
          ],
          [
            383997.16,
            4774165.72
          ],
          [
            383970.49,
            4774139.06
          ],
          [
            383943.82,
            4774112.39
          ],
          [
            383917.14,
            4774085.73
          ],
          [
            383917.14,
            4774059.07
          ],
          [
            383917.14,
            4774032.4
          ],
          [
            383890.47,
            4774005.74
          ],
          [
            383863.8,
            4773979.08
          ]
        ]
      },
      "properties": {
        "segment_id": 130,
        "step": 130,
        "length_m": 381.71,
        "elevation_start": 142.14,
        "elevation_end": 142.17,
        "slope_percent": 0.01,
        "cost_usd": 200395.46,
        "cost_per_m": 350.0,
        "cumulative_cost": 62850238.68,
        "cumulative_distance_m": 49808.87,
        "land_cover_class": 10,
        "land_cover_name": "tree_cover",
        "geohazard_risk": 0.0,
        "terrain_class": "flat",
        "crs": "EPSG:32633"
      }
    },
    {
      "type": "Feature",
      "geometry": {
        "type": "LineString",
        "coordinates": [
          [
            383863.8,
            4773979.08
          ],
          [
            383837.13,
            4773952.41
          ],
          [
            383810.46,
            4773925.75
          ],
          [
            383783.78,
            4773899.08
          ],
          [
            383757.11,
            4773872.42
          ],
          [
            383730.44,
            4773845.76
          ],
          [
            383703.77,
            4773819.09
          ],
          [
            383677.09,
            4773792.43
          ],
          [
            383650.42,
            4773765.77
          ],
          [
            383650.42,
            4773739.1
          ],
          [
            383650.42,
            4773712.44
          ],
          [
            383650.42,
            4773685.77
          ]
        ]
      },
      "properties": {
        "segment_id": 131,
        "step": 131,
        "length_m": 381.71,
        "elevation_start": 142.17,
        "elevation_end": 144.89,
        "slope_percent": 0.71,
        "cost_usd": 200395.46,
        "cost_per_m": 350.0,
        "cumulative_cost": 63050634.14,
        "cumulative_distance_m": 50190.57,
        "land_cover_class": 40,
        "land_cover_name": "cropland",
        "geohazard_risk": 0.0,
        "terrain_class": "flat",
        "crs": "EPSG:32633"
      }
    },
    {
      "type": "Feature",
      "geometry": {
        "type": "LineString",
        "coordinates": [
          [
            383650.42,
            4773685.77
          ],
          [
            383623.75,
            4773659.11
          ],
          [
            383597.08,
            4773632.45
          ],
          [
            383597.08,
            4773605.78
          ],
          [
            383597.08,
            4773579.12
          ],
          [
            383623.75,
            4773552.46
          ],
          [
            383623.75,
            4773525.79
          ],
          [
            383650.42,
            4773499.13
          ],
          [
            383623.75,
            4773472.46
          ],
          [
            383597.08,
            4773445.8
          ],
          [
            383597.08,
            4773419.14
          ],
          [
            383597.08,
            4773392.47
          ],
          [
            383597.08,
            4773365.81
          ]
        ]
      },
      "properties": {
        "segment_id": 132,
        "step": 132,
        "length_m": 386.27,
        "elevation_start": 144.89,
        "elevation_end": 145.42,
        "slope_percent": 0.14,
        "cost_usd": 202790.94,
        "cost_per_m": 350.0,
        "cumulative_cost": 63253425.08,
        "cumulative_distance_m": 50576.84,
        "land_cover_class": 10,
        "land_cover_name": "tree_cover",
        "geohazard_risk": 0.0,
        "terrain_class": "flat",
        "crs": "EPSG:32633"
      }
    },
    {
      "type": "Feature",
      "geometry": {
        "type": "LineString",
        "coordinates": [
          [
            383597.08,
            4773365.81
          ],
          [
            383597.08,
            4773339.14
          ],
          [
            383570.41,
            4773312.48
          ],
          [
            383543.73,
            4773285.82
          ],
          [
            383517.06,
            4773259.15
          ],
          [
            383490.39,
            4773232.49
          ],
          [
            383490.39,
            4773205.83
          ],
          [
            383490.39,
            4773179.16
          ],
          [
            383490.39,
            4773152.5
          ],
          [
            383490.39,
            4773125.83
          ],
          [
            383490.39,
            4773099.17
          ],
          [
            383490.39,
            4773072.51
          ],
          [
            383490.39,
            4773045.84
          ],
          [
            383490.39,
            4773019.18
          ]
        ]
      },
      "properties": {
        "segment_id": 133,
        "step": 133,
        "length_m": 390.83,
        "elevation_start": 145.42,
        "elevation_end": 173.42,
        "slope_percent": 7.16,
        "cost_usd": 109432.76,
        "cost_per_m": 350.0,
        "cumulative_cost": 63362857.83,
        "cumulative_distance_m": 50967.67,
        "land_cover_class": 30,
        "land_cover_name": "grassland",
        "geohazard_risk": 0.0,
        "terrain_class": "rolling",
        "crs": "EPSG:32633"
      }
    },
    {
      "type": "Feature",
      "geometry": {
        "type": "LineString",
        "coordinates": [
          [
            383490.39,
            4773019.18
          ],
          [
            383463.72,
            4772992.52
          ],
          [
            383437.04,
            4772965.85
          ],
          [
            383410.37,
            4772939.19
          ],
          [
            383383.7,
            4772912.52
          ],
          [
            383383.7,
            4772885.86
          ],
          [
            383383.7,
            4772859.2
          ],
          [
            383383.7,
            4772832.53
          ],
          [
            383383.7,
            4772805.87
          ],
          [
            383383.7,
            4772779.21
          ],
          [
            383383.7,
            4772752.54
          ],
          [
            383383.7,
            4772725.88
          ],
          [
            383383.7,
            4772699.21
          ],
          [
            383383.7,
            4772672.55
          ]
        ]
      },
      "properties": {
        "segment_id": 134,
        "step": 134,
        "length_m": 390.83,
        "elevation_start": 173.42,
        "elevation_end": 206.6,
        "slope_percent": 8.49,
        "cost_usd": 205186.42,
        "cost_per_m": 350.0,
        "cumulative_cost": 63568044.25,
        "cumulative_distance_m": 51358.5,
        "land_cover_class": 40,
        "land_cover_name": "cropland",
        "geohazard_risk": 0.0,
        "terrain_class": "rolling",
        "crs": "EPSG:32633"
      }
    },
    {
      "type": "Feature",
      "geometry": {
        "type": "LineString",
        "coordinates": [
          [
            383383.7,
            4772672.55
          ],
          [
            383383.7,
            4772645.89
          ],
          [
            383357.03,
            4772619.22
          ],
          [
            383330.36,
            4772592.56
          ],
          [
            383303.68,
            4772565.89
          ],
          [
            383277.01,
            4772539.23
          ],
          [
            383250.34,
            4772512.57
          ],
          [
            383250.34,
            4772485.9
          ],
          [
            383250.34,
            4772459.24
          ],
          [
            383223.67,
            4772432.58
          ],
          [
            383196.99,
            4772405.91
          ],
          [
            383196.99,
            4772379.25
          ],
          [
            383196.99,
            4772352.58
          ]
        ]
      },
      "properties": {
        "segment_id": 135,
        "step": 135,
        "length_m": 397.32,
        "elevation_start": 206.6,
        "elevation_end": 253.05,
        "slope_percent": 11.69,
        "cost_usd": 111249.3,
        "cost_per_m": 350.0,
        "cumulative_cost": 63679293.56,
        "cumulative_distance_m": 51755.82,
        "land_cover_class": 30,
        "land_cover_name": "grassland",
        "geohazard_risk": 0.0,
        "terrain_class": "hilly",
        "crs": "EPSG:32633"
      }
    },
    {
      "type": "Feature",
      "geometry": {
        "type": "LineString",
        "coordinates": [
          [
            383196.99,
            4772352.58
          ],
          [
            383170.32,
            4772325.92
          ],
          [
            383196.99,
            4772299.26
          ],
          [
            383223.67,
            4772272.59
          ],
          [
            383250.34,
            4772272.59
          ],
          [
            383277.01,
            4772272.59
          ],
          [
            383303.68,
            4772272.59
          ],
          [
            383330.36,
            4772245.93
          ],
          [
            383357.03,
            4772245.93
          ],
          [
            383383.7,
            4772245.93
          ],
          [
            383410.37,
            4772245.93
          ],
          [
            383437.04,
            4772245.93
          ],
          [
            383463.72,
            4772245.93
          ],
          [
            383490.39,
            4772245.93
          ]
        ]
      },
      "properties": {
        "segment_id": 136,
        "step": 136,
        "length_m": 390.91,
        "elevation_start": 253.05,
        "elevation_end": 277.99,
        "slope_percent": 6.38,
        "cost_usd": 109454.07,
        "cost_per_m": 350.0,
        "cumulative_cost": 63788747.63,
        "cumulative_distance_m": 52146.73,
        "land_cover_class": 30,
        "land_cover_name": "grassland",
        "geohazard_risk": 0.0,
        "terrain_class": "rolling",
        "crs": "EPSG:32633"
      }
    },
    {
      "type": "Feature",
      "geometry": {
        "type": "LineString",
        "coordinates": [
          [
            383490.39,
            4772245.93
          ],
          [
            383517.06,
            4772272.59
          ],
          [
            383543.73,
            4772299.26
          ],
          [
            383570.41,
            4772325.92
          ],
          [
            383597.08,
            4772352.58
          ],
          [
            383623.75,
            4772352.58
          ],
          [
            383650.42,
            4772352.58
          ],
          [
            383650.42,
            4772325.92
          ],
          [
            383650.42,
            4772299.26
          ],
          [
            383677.09,
            4772272.59
          ],
          [
            383677.09,
            4772245.93
          ],
          [
            383650.42,
            4772219.27
          ],
          [
            383650.42,
            4772192.6
          ]
        ]
      },
      "properties": {
        "segment_id": 137,
        "step": 137,
        "length_m": 386.29,
        "elevation_start": 277.99,
        "elevation_end": 262.11,
        "slope_percent": 4.11,
        "cost_usd": 6759994.06,
        "cost_per_m": 350.0,
        "cumulative_cost": 70548741.69,
        "cumulative_distance_m": 52533.02,
        "land_cover_class": 50,
        "land_cover_name": "built_up",
        "geohazard_risk": 0.0,
        "terrain_class": "flat",
        "crs": "EPSG:32633"
      }
    },
    {
      "type": "Feature",
      "geometry": {
        "type": "LineString",
        "coordinates": [
          [
            383650.42,
            4772192.6
          ],
          [
            383650.42,
            4772165.94
          ],
          [
            383650.42,
            4772139.27
          ],
          [
            383650.42,
            4772112.61
          ],
          [
            383650.42,
            4772085.95
          ],
          [
            383623.75,
            4772059.28
          ],
          [
            383623.75,
            4772032.62
          ],
          [
            383623.75,
            4772005.96
          ],
          [
            383623.75,
            4771979.29
          ],
          [
            383650.42,
            4771952.63
          ],
          [
            383677.09,
            4771952.63
          ],
          [
            383703.77,
            4771952.63
          ],
          [
            383730.44,
            4771952.63
          ],
          [
            383757.11,
            4771952.63
          ]
        ]
      },
      "properties": {
        "segment_id": 138,
        "step": 138,
        "length_m": 368.76,
        "elevation_start": 262.11,
        "elevation_end": 223.25,
        "slope_percent": 10.54,
        "cost_usd": 154880.94,
        "cost_per_m": 350.0,
        "cumulative_cost": 70703622.63,
        "cumulative_distance_m": 52901.78,
        "land_cover_class": 20,
        "land_cover_name": "shrubland",
        "geohazard_risk": 0.0,
        "terrain_class": "hilly",
        "crs": "EPSG:32633"
      }
    },
    {
      "type": "Feature",
      "geometry": {
        "type": "LineString",
        "coordinates": [
          [
            383757.11,
            4771952.63
          ],
          [
            383783.78,
            4771979.29
          ],
          [
            383810.46,
            4772005.96
          ],
          [
            383837.13,
            4772005.96
          ],
          [
            383863.8,
            4772005.96
          ],
          [
            383890.47,
            4772005.96
          ],
          [
            383917.14,
            4772005.96
          ],
          [
            383943.82,
            4772005.96
          ],
          [
            383970.49,
            4772005.96
          ],
          [
            383997.16,
            4772005.96
          ],
          [
            384023.83,
            4772005.96
          ],
          [
            384050.51,
            4771979.29
          ],
          [
            384077.18,
            4771979.29
          ],
          [
            384103.85,
            4771979.29
          ]
        ]
      },
      "properties": {
        "segment_id": 139,
        "step": 139,
        "length_m": 379.87,
        "elevation_start": 223.25,
        "elevation_end": 183.72,
        "slope_percent": 10.41,
        "cost_usd": 199429.32,
        "cost_per_m": 350.0,
        "cumulative_cost": 70903051.96,
        "cumulative_distance_m": 53281.65,
        "land_cover_class": 40,
        "land_cover_name": "cropland",
        "geohazard_risk": 0.0,
        "terrain_class": "hilly",
        "crs": "EPSG:32633"
      }
    },
    {
      "type": "Feature",
      "geometry": {
        "type": "LineString",
        "coordinates": [
          [
            384103.85,
            4771979.29
          ],
          [
            384130.52,
            4771979.29
          ],
          [
            384157.2,
            4771979.29
          ],
          [
            384183.87,
            4771979.29
          ],
          [
            384210.54,
            4771979.29
          ],
          [
            384237.21,
            4771979.29
          ],
          [
            384263.88,
            4771952.63
          ],
          [
            384290.56,
            4771925.96
          ],
          [
            384290.56,
            4771899.3
          ],
          [
            384290.56,
            4771872.64
          ],
          [
            384263.88,
            4771845.97
          ],
          [
            384263.88,
            4771819.31
          ],
          [
            384263.88,
            4771792.64
          ],
          [
            384263.88,
            4771765.98
          ]
        ]
      },
      "properties": {
        "segment_id": 140,
        "step": 140,
        "length_m": 379.82,
        "elevation_start": 183.72,
        "elevation_end": 137.04,
        "slope_percent": 12.29,
        "cost_usd": 199407.12,
        "cost_per_m": 350.0,
        "cumulative_cost": 71102459.08,
        "cumulative_distance_m": 53661.47,
        "land_cover_class": 40,
        "land_cover_name": "cropland",
        "geohazard_risk": 0.0,
        "terrain_class": "hilly",
        "crs": "EPSG:32633"
      }
    },
    {
      "type": "Feature",
      "geometry": {
        "type": "LineString",
        "coordinates": [
          [
            384263.88,
            4771765.98
          ],
          [
            384290.56,
            4771739.32
          ],
          [
            384290.56,
            4771712.65
          ],
          [
            384290.56,
            4771685.99
          ],
          [
            384290.56,
            4771659.33
          ],
          [
            384290.56,
            4771632.66
          ],
          [
            384290.56,
            4771606.0
          ],
          [
            384290.56,
            4771579.33
          ],
          [
            384317.23,
            4771552.67
          ],
          [
            384317.23,
            4771526.01
          ],
          [
            384317.23,
            4771499.34
          ],
          [
            384317.23,
            4771472.68
          ],
          [
            384343.9,
            4771446.02
          ],
          [
            384370.57,
            4771419.35
          ]
        ]
      },
      "properties": {
        "segment_id": 141,
        "step": 141,
        "length_m": 390.83,
        "elevation_start": 137.04,
        "elevation_end": 125.11,
        "slope_percent": 3.05,
        "cost_usd": 205186.42,
        "cost_per_m": 350.0,
        "cumulative_cost": 71307645.5,
        "cumulative_distance_m": 54052.3,
        "land_cover_class": 40,
        "land_cover_name": "cropland",
        "geohazard_risk": 0.0,
        "terrain_class": "flat",
        "crs": "EPSG:32633"
      }
    },
    {
      "type": "Feature",
      "geometry": {
        "type": "LineString",
        "coordinates": [
          [
            384370.57,
            4771419.35
          ],
          [
            384370.57,
            4771392.69
          ],
          [
            384370.57,
            4771366.02
          ],
          [
            384370.57,
            4771339.36
          ],
          [
            384397.25,
            4771312.7
          ],
          [
            384423.92,
            4771286.03
          ],
          [
            384450.59,
            4771259.37
          ],
          [
            384477.26,
            4771232.71
          ],
          [
            384503.93,
            4771206.04
          ],
          [
            384503.93,
            4771179.38
          ],
          [
            384503.93,
            4771152.71
          ],
          [
            384530.61,
            4771126.05
          ],
          [
            384557.28,
            4771126.05
          ]
        ]
      },
      "properties": {
        "segment_id": 142,
        "step": 142,
        "length_m": 386.28,
        "elevation_start": 125.11,
        "elevation_end": 110.05,
        "slope_percent": 3.9,
        "cost_usd": 202795.38,
        "cost_per_m": 350.0,
        "cumulative_cost": 71510440.88,
        "cumulative_distance_m": 54438.58,
        "land_cover_class": 40,
        "land_cover_name": "cropland",
        "geohazard_risk": 0.0,
        "terrain_class": "flat",
        "crs": "EPSG:32633"
      }
    },
    {
      "type": "Feature",
      "geometry": {
        "type": "LineString",
        "coordinates": [
          [
            384557.28,
            4771126.05
          ],
          [
            384583.95,
            4771099.39
          ],
          [
            384610.62,
            4771072.72
          ],
          [
            384637.3,
            4771072.72
          ],
          [
            384663.97,
            4771046.06
          ],
          [
            384690.64,
            4771019.39
          ],
          [
            384690.64,
            4770992.73
          ],
          [
            384717.31,
            4770966.07
          ],
          [
            384743.98,
            4770939.4
          ],
          [
            384770.66,
            4770939.4
          ],
          [
            384797.33,
            4770912.74
          ],
          [
            384824.0,
            4770886.08
          ]
        ]
      },
      "properties": {
        "segment_id": 143,
        "step": 143,
        "length_m": 381.72,
        "elevation_start": 110.05,
        "elevation_end": 127.87,
        "slope_percent": 4.67,
        "cost_usd": 106882.32,
        "cost_per_m": 350.0,
        "cumulative_cost": 71617323.19,
        "cumulative_distance_m": 54820.3,
        "land_cover_class": 30,
        "land_cover_name": "grassland",
        "geohazard_risk": 0.0,
        "terrain_class": "flat",
        "crs": "EPSG:32633"
      }
    },
    {
      "type": "Feature",
      "geometry": {
        "type": "LineString",
        "coordinates": [
          [
            384824.0,
            4770886.08
          ],
          [
            384850.67,
            4770886.08
          ],
          [
            384877.35,
            4770886.08
          ],
          [
            384904.02,
            4770886.08
          ],
          [
            384930.69,
            4770886.08
          ],
          [
            384957.36,
            4770886.08
          ],
          [
            384984.03,
            4770886.08
          ],
          [
            385010.71,
            4770886.08
          ],
          [
            385037.38,
            4770886.08
          ],
          [
            385064.05,
            4770886.08
          ],
          [
            385090.72,
            4770886.08
          ],
          [
            385117.4,
            4770859.41
          ],
          [
            385144.07,
            4770832.75
          ],
          [
            385170.74,
            4770806.08
          ]
        ]
      },
      "properties": {
        "segment_id": 144,
        "step": 144,
        "length_m": 379.87,
        "elevation_start": 127.87,
        "elevation_end": 143.06,
        "slope_percent": 4.0,
        "cost_usd": 199429.32,
        "cost_per_m": 350.0,
        "cumulative_cost": 71816752.52,
        "cumulative_distance_m": 55200.17,
        "land_cover_class": 40,
        "land_cover_name": "cropland",
        "geohazard_risk": 0.0,
        "terrain_class": "flat",
        "crs": "EPSG:32633"
      }
    },
    {
      "type": "Feature",
      "geometry": {
        "type": "LineString",
        "coordinates": [
          [
            385170.74,
            4770806.08
          ],
          [
            385197.41,
            4770806.08
          ],
          [
            385224.09,
            4770806.08
          ],
          [
            385250.76,
            4770806.08
          ],
          [
            385277.43,
            4770806.08
          ],
          [
            385304.1,
            4770806.08
          ],
          [
            385330.77,
            4770806.08
          ],
          [
            385357.45,
            4770806.08
          ],
          [
            385384.12,
            4770806.08
          ],
          [
            385410.79,
            4770806.08
          ],
          [
            385437.46,
            4770806.08
          ],
          [
            385464.14,
            4770806.08
          ],
          [
            385490.81,
            4770806.08
          ],
          [
            385517.48,
            4770832.75
          ],
          [
            385544.15,
            4770832.75
          ]
        ]
      },
      "properties": {
        "segment_id": 145,
        "step": 145,
        "length_m": 384.45,
        "elevation_start": 143.06,
        "elevation_end": 193.59,
        "slope_percent": 13.14,
        "cost_usd": 201838.13,
        "cost_per_m": 350.0,
        "cumulative_cost": 72018590.64,
        "cumulative_distance_m": 55584.62,
        "land_cover_class": 40,
        "land_cover_name": "cropland",
        "geohazard_risk": 0.0,
        "terrain_class": "hilly",
        "crs": "EPSG:32633"
      }
    },
    {
      "type": "Feature",
      "geometry": {
        "type": "LineString",
        "coordinates": [
          [
            385544.15,
            4770832.75
          ],
          [
            385570.82,
            4770832.75
          ],
          [
            385597.5,
            4770832.75
          ],
          [
            385624.17,
            4770832.75
          ],
          [
            385650.84,
            4770859.41
          ],
          [
            385677.51,
            4770832.75
          ],
          [
            385704.19,
            4770806.08
          ],
          [
            385704.19,
            4770779.42
          ],
          [
            385704.19,
            4770752.76
          ],
          [
            385730.86,
            4770726.09
          ],
          [
            385730.86,
            4770699.43
          ],
          [
            385730.86,
            4770672.77
          ],
          [
            385757.53,
            4770646.1
          ]
        ]
      },
      "properties": {
        "segment_id": 146,
        "step": 146,
        "length_m": 375.24,
        "elevation_start": 193.59,
        "elevation_end": 202.3,
        "slope_percent": 2.32,
        "cost_usd": 6566758.57,
        "cost_per_m": 350.0,
        "cumulative_cost": 78585349.21,
        "cumulative_distance_m": 55959.86,
        "land_cover_class": 50,
        "land_cover_name": "built_up",
        "geohazard_risk": 0.0,
        "terrain_class": "flat",
        "crs": "EPSG:32633"
      }
    },
    {
      "type": "Feature",
      "geometry": {
        "type": "LineString",
        "coordinates": [
          [
            385757.53,
            4770646.1
          ],
          [
            385757.53,
            4770619.44
          ],
          [
            385784.2,
            4770592.77
          ],
          [
            385810.87,
            4770619.44
          ],
          [
            385837.55,
            4770592.77
          ],
          [
            385864.22,
            4770566.11
          ],
          [
            385890.89,
            4770539.45
          ],
          [
            385917.56,
            4770512.78
          ],
          [
            385944.24,
            4770486.12
          ],
          [
            385970.91,
            4770459.46
          ],
          [
            385997.58,
            4770432.79
          ]
        ]
      },
      "properties": {
        "segment_id": 147,
        "step": 147,
        "length_m": 366.09,
        "elevation_start": 202.3,
        "elevation_end": 182.71,
        "slope_percent": 5.35,
        "cost_usd": 192198.47,
        "cost_per_m": 350.0,
        "cumulative_cost": 78777547.68,
        "cumulative_distance_m": 56325.95,
        "land_cover_class": 40,
        "land_cover_name": "cropland",
        "geohazard_risk": 0.0,
        "terrain_class": "rolling",
        "crs": "EPSG:32633"
      }
    },
    {
      "type": "Feature",
      "geometry": {
        "type": "LineString",
        "coordinates": [
          [
            385997.58,
            4770432.79
          ],
          [
            386024.25,
            4770406.13
          ],
          [
            386050.92,
            4770379.46
          ],
          [
            386077.6,
            4770352.8
          ],
          [
            386104.27,
            4770352.8
          ],
          [
            386130.94,
            4770352.8
          ],
          [
            386157.61,
            4770352.8
          ],
          [
            386184.29,
            4770352.8
          ],
          [
            386210.96,
            4770352.8
          ],
          [
            386237.63,
            4770352.8
          ],
          [
            386264.3,
            4770352.8
          ],
          [
            386290.98,
            4770352.8
          ],
          [
            386317.65,
            4770352.8
          ],
          [
            386344.32,
            4770352.8
          ]
        ]
      },
      "properties": {
        "segment_id": 148,
        "step": 148,
        "length_m": 379.87,
        "elevation_start": 182.71,
        "elevation_end": 137.07,
        "slope_percent": 12.01,
        "cost_usd": 106362.31,
        "cost_per_m": 350.0,
        "cumulative_cost": 78883909.99,
        "cumulative_distance_m": 56705.82,
        "land_cover_class": 30,
        "land_cover_name": "grassland",
        "geohazard_risk": 0.0,
        "terrain_class": "hilly",
        "crs": "EPSG:32633"
      }
    },
    {
      "type": "Feature",
      "geometry": {
        "type": "LineString",
        "coordinates": [
          [
            386344.32,
            4770352.8
          ],
          [
            386370.99,
            4770352.8
          ],
          [
            386397.66,
            4770326.14
          ],
          [
            386424.34,
            4770299.47
          ],
          [
            386451.01,
            4770299.47
          ],
          [
            386477.68,
            4770326.14
          ],
          [
            386504.35,
            4770299.47
          ],
          [
            386531.03,
            4770299.47
          ],
          [
            386557.7,
            4770299.47
          ],
          [
            386584.37,
            4770299.47
          ],
          [
            386611.04,
            4770272.81
          ],
          [
            386637.71,
            4770246.14
          ],
          [
            386664.39,
            4770219.48
          ]
        ]
      },
      "properties": {
        "segment_id": 149,
        "step": 149,
        "length_m": 397.36,
        "elevation_start": 137.07,
        "elevation_end": 129.06,
        "slope_percent": 2.02,
        "cost_usd": 208614.65,
        "cost_per_m": 350.0,
        "cumulative_cost": 79092524.64,
        "cumulative_distance_m": 57103.18,
        "land_cover_class": 10,
        "land_cover_name": "tree_cover",
        "geohazard_risk": 0.0,
        "terrain_class": "flat",
        "crs": "EPSG:32633"
      }
    },
    {
      "type": "Feature",
      "geometry": {
        "type": "LineString",
        "coordinates": [
          [
            386664.39,
            4770219.48
          ],
          [
            386691.06,
            4770192.82
          ],
          [
            386717.73,
            4770166.15
          ],
          [
            386744.4,
            4770139.49
          ],
          [
            386771.08,
            4770112.83
          ],
          [
            386797.75,
            4770086.16
          ],
          [
            386824.42,
            4770059.5
          ],
          [
            386851.09,
            4770032.83
          ],
          [
            386877.76,
            4770006.17
          ],
          [
            386904.44,
            4769979.51
          ],
          [
            386931.11,
            4769952.84
          ]
        ]
      },
      "properties": {
        "segment_id": 150,
        "step": 150,
        "length_m": 377.14,
        "elevation_start": 129.06,
        "elevation_end": 147.61,
        "slope_percent": 4.92,
        "cost_usd": 197999.98,
        "cost_per_m": 350.0,
        "cumulative_cost": 79290524.62,
        "cumulative_distance_m": 57480.32,
        "land_cover_class": 10,
        "land_cover_name": "tree_cover",
        "geohazard_risk": 0.0,
        "terrain_class": "flat",
        "crs": "EPSG:32633"
      }
    },
    {
      "type": "Feature",
      "geometry": {
        "type": "LineString",
        "coordinates": [
          [
            386931.11,
            4769952.84
          ],
          [
            386957.78,
            4769952.84
          ],
          [
            386984.45,
            4769926.18
          ],
          [
            387011.13,
            4769899.52
          ],
          [
            387037.8,
            4769899.52
          ],
          [
            387064.47,
            4769872.85
          ],
          [
            387091.14,
            4769872.85
          ],
          [
            387117.82,
            4769872.85
          ],
          [
            387144.49,
            4769846.19
          ],
          [
            387171.16,
            4769846.19
          ],
          [
            387197.83,
            4769846.19
          ],
          [
            387224.5,
            4769819.52
          ],
          [
            387251.18,
            4769792.86
          ]
        ]
      },
      "properties": {
        "segment_id": 151,
        "step": 151,
        "length_m": 386.32,
        "elevation_start": 147.61,
        "elevation_end": 153.09,
        "slope_percent": 1.42,
        "cost_usd": 202817.59,
        "cost_per_m": 350.0,
        "cumulative_cost": 79493342.21,
        "cumulative_distance_m": 57866.64,
        "land_cover_class": 10,
        "land_cover_name": "tree_cover",
        "geohazard_risk": 0.0,
        "terrain_class": "flat",
        "crs": "EPSG:32633"
      }
    },
    {
      "type": "Feature",
      "geometry": {
        "type": "LineString",
        "coordinates": [
          [
            387251.18,
            4769792.86
          ],
          [
            387277.85,
            4769766.2
          ],
          [
            387277.85,
            4769739.53
          ],
          [
            387277.85,
            4769712.87
          ],
          [
            387277.85,
            4769686.21
          ],
          [
            387251.18,
            4769659.54
          ],
          [
            387224.5,
            4769632.88
          ],
          [
            387197.83,
            4769606.21
          ],
          [
            387197.83,
            4769579.55
          ],
          [
            387197.83,
            4769552.89
          ],
          [
            387224.5,
            4769526.22
          ],
          [
            387251.18,
            4769499.56
          ],
          [
            387251.18,
            4769472.89
          ]
        ]
      },
      "properties": {
        "segment_id": 152,
        "step": 152,
        "length_m": 386.27,
        "elevation_start": 153.09,
        "elevation_end": 190.6,
        "slope_percent": 9.71,
        "cost_usd": 202790.94,
        "cost_per_m": 350.0,
        "cumulative_cost": 79696133.15,
        "cumulative_distance_m": 58252.91,
        "land_cover_class": 10,
        "land_cover_name": "tree_cover",
        "geohazard_risk": 0.0,
        "terrain_class": "rolling",
        "crs": "EPSG:32633"
      }
    },
    {
      "type": "Feature",
      "geometry": {
        "type": "LineString",
        "coordinates": [
          [
            387251.18,
            4769472.89
          ],
          [
            387251.18,
            4769446.23
          ],
          [
            387224.5,
            4769419.57
          ],
          [
            387197.83,
            4769392.9
          ],
          [
            387171.16,
            4769392.9
          ],
          [
            387144.49,
            4769366.24
          ],
          [
            387117.82,
            4769366.24
          ],
          [
            387091.14,
            4769339.58
          ],
          [
            387064.47,
            4769339.58
          ],
          [
            387037.8,
            4769339.58
          ],
          [
            387011.13,
            4769339.58
          ],
          [
            386984.45,
            4769339.58
          ],
          [
            386957.78,
            4769312.91
          ]
        ]
      },
      "properties": {
        "segment_id": 153,
        "step": 153,
        "length_m": 375.27,
        "elevation_start": 190.6,
        "elevation_end": 206.65,
        "slope_percent": 4.28,
        "cost_usd": 197016.08,
        "cost_per_m": 350.0,
        "cumulative_cost": 79893149.23,
        "cumulative_distance_m": 58628.18,
        "land_cover_class": 40,
        "land_cover_name": "cropland",
        "geohazard_risk": 0.0,
        "terrain_class": "flat",
        "crs": "EPSG:32633"
      }
    },
    {
      "type": "Feature",
      "geometry": {
        "type": "LineString",
        "coordinates": [
          [
            386957.78,
            4769312.91
          ],
          [
            386931.11,
            4769312.91
          ],
          [
            386904.44,
            4769312.91
          ],
          [
            386877.76,
            4769312.91
          ],
          [
            386851.09,
            4769312.91
          ],
          [
            386824.42,
            4769312.91
          ],
          [
            386797.75,
            4769312.91
          ],
          [
            386771.08,
            4769312.91
          ],
          [
            386744.4,
            4769312.91
          ],
          [
            386717.73,
            4769312.91
          ],
          [
            386691.06,
            4769312.91
          ],
          [
            386664.39,
            4769312.91
          ],
          [
            386637.71,
            4769286.25
          ],
          [
            386611.04,
            4769286.25
          ],
          [
            386584.37,
            4769286.25
          ]
        ]
      },
      "properties": {
        "segment_id": 154,
        "step": 154,
        "length_m": 384.45,
        "elevation_start": 206.65,
        "elevation_end": 163.04,
        "slope_percent": 11.34,
        "cost_usd": 201838.13,
        "cost_per_m": 350.0,
        "cumulative_cost": 80094987.35,
        "cumulative_distance_m": 59012.63,
        "land_cover_class": 40,
        "land_cover_name": "cropland",
        "geohazard_risk": 0.0,
        "terrain_class": "hilly",
        "crs": "EPSG:32633"
      }
    },
    {
      "type": "Feature",
      "geometry": {
        "type": "LineString",
        "coordinates": [
          [
            386584.37,
            4769286.25
          ],
          [
            386557.7,
            4769259.58
          ],
          [
            386531.03,
            4769232.92
          ],
          [
            386504.35,
            4769232.92
          ],
          [
            386477.68,
            4769232.92
          ],
          [
            386451.01,
            4769206.26
          ],
          [
            386424.34,
            4769206.26
          ],
          [
            386397.66,
            4769179.59
          ],
          [
            386370.99,
            4769152.93
          ],
          [
            386344.32,
            4769126.27
          ],
          [
            386344.32,
            4769099.6
          ],
          [
            386344.32,
            4769072.94
          ],
          [
            386344.32,
            4769046.27
          ]
        ]
      },
      "properties": {
        "segment_id": 155,
        "step": 155,
        "length_m": 386.29,
        "elevation_start": 163.04,
        "elevation_end": 145.59,
        "slope_percent": 4.52,
        "cost_usd": 202804.26,
        "cost_per_m": 350.0,
        "cumulative_cost": 80297791.62,
        "cumulative_distance_m": 59398.93,
        "land_cover_class": 10,
        "land_cover_name": "tree_cover",
        "geohazard_risk": 0.0,
        "terrain_class": "flat",
        "crs": "EPSG:32633"
      }
    },
    {
      "type": "Feature",
      "geometry": {
        "type": "LineString",
        "coordinates": [
          [
            386344.32,
            4769046.27
          ],
          [
            386344.32,
            4769019.61
          ],
          [
            386344.32,
            4768992.95
          ],
          [
            386344.32,
            4768966.28
          ],
          [
            386344.32,
            4768939.62
          ],
          [
            386344.32,
            4768912.95
          ],
          [
            386344.32,
            4768886.29
          ],
          [
            386344.32,
            4768859.63
          ],
          [
            386344.32,
            4768832.96
          ],
          [
            386344.32,
            4768806.3
          ],
          [
            386344.32,
            4768779.64
          ],
          [
            386344.32,
            4768752.97
          ],
          [
            386344.32,
            4768726.31
          ],
          [
            386344.32,
            4768699.64
          ],
          [
            386344.32,
            4768672.98
          ],
          [
            386344.32,
            4768646.32
          ]
        ]
      },
      "properties": {
        "segment_id": 156,
        "step": 156,
        "length_m": 399.96,
        "elevation_start": 145.59,
        "elevation_end": 145.87,
        "slope_percent": 0.07,
        "cost_usd": 209977.38,
        "cost_per_m": 350.0,
        "cumulative_cost": 80507769.0,
        "cumulative_distance_m": 59798.88,
        "land_cover_class": 10,
        "land_cover_name": "tree_cover",
        "geohazard_risk": 0.0,
        "terrain_class": "flat",
        "crs": "EPSG:32633"
      }
    },
    {
      "type": "Feature",
      "geometry": {
        "type": "LineString",
        "coordinates": [
          [
            386344.32,
            4768646.32
          ],
          [
            386370.99,
            4768619.65
          ],
          [
            386370.99,
            4768592.99
          ],
          [
            386397.66,
            4768566.33
          ],
          [
            386424.34,
            4768539.66
          ],
          [
            386451.01,
            4768539.66
          ],
          [
            386477.68,
            4768539.66
          ],
          [
            386504.35,
            4768513.0
          ],
          [
            386531.03,
            4768486.33
          ],
          [
            386557.7,
            4768486.33
          ],
          [
            386584.37,
            4768459.67
          ],
          [
            386611.04,
            4768433.01
          ],
          [
            386637.71,
            4768433.01
          ]
        ]
      },
      "properties": {
        "segment_id": 157,
        "step": 157,
        "length_m": 397.35,
        "elevation_start": 145.87,
        "elevation_end": 151.8,
        "slope_percent": 1.49,
        "cost_usd": 208610.21,
        "cost_per_m": 350.0,
        "cumulative_cost": 80716379.21,
        "cumulative_distance_m": 60196.24,
        "land_cover_class": 10,
        "land_cover_name": "tree_cover",
        "geohazard_risk": 0.0,
        "terrain_class": "flat",
        "crs": "EPSG:32633"
      }
    },
    {
      "type": "Feature",
      "geometry": {
        "type": "LineString",
        "coordinates": [
          [
            386637.71,
            4768433.01
          ],
          [
            386664.39,
            4768406.34
          ],
          [
            386691.06,
            4768406.34
          ],
          [
            386717.73,
            4768406.34
          ],
          [
            386744.4,
            4768379.68
          ],
          [
            386771.08,
            4768379.68
          ],
          [
            386797.75,
            4768379.68
          ],
          [
            386824.42,
            4768379.68
          ],
          [
            386851.09,
            4768353.02
          ],
          [
            386877.76,
            4768326.35
          ],
          [
            386904.44,
            4768326.35
          ],
          [
            386931.11,
            4768326.35
          ],
          [
            386957.78,
            4768326.35
          ],
          [
            386984.45,
            4768326.35
          ]
        ]
      },
      "properties": {
        "segment_id": 158,
        "step": 158,
        "length_m": 390.91,
        "elevation_start": 151.8,
        "elevation_end": 153.8,
        "slope_percent": 0.51,
        "cost_usd": 205226.39,
        "cost_per_m": 350.0,
        "cumulative_cost": 80921605.6,
        "cumulative_distance_m": 60587.14,
        "land_cover_class": 10,
        "land_cover_name": "tree_cover",
        "geohazard_risk": 0.0,
        "terrain_class": "flat",
        "crs": "EPSG:32633"
      }
    },
    {
      "type": "Feature",
      "geometry": {
        "type": "LineString",
        "coordinates": [
          [
            386984.45,
            4768326.35
          ],
          [
            387011.13,
            4768326.35
          ],
          [
            387037.8,
            4768326.35
          ],
          [
            387064.47,
            4768299.69
          ],
          [
            387091.14,
            4768273.02
          ],
          [
            387117.82,
            4768273.02
          ],
          [
            387144.49,
            4768246.36
          ],
          [
            387171.16,
            4768219.7
          ],
          [
            387197.83,
            4768193.03
          ],
          [
            387171.16,
            4768166.37
          ],
          [
            387144.49,
            4768139.7
          ],
          [
            387117.82,
            4768113.04
          ]
        ]
      },
      "properties": {
        "segment_id": 159,
        "step": 159,
        "length_m": 381.73,
        "elevation_start": 153.8,
        "elevation_end": 188.43,
        "slope_percent": 9.07,
        "cost_usd": 200408.78,
        "cost_per_m": 350.0,
        "cumulative_cost": 81122014.38,
        "cumulative_distance_m": 60968.88,
        "land_cover_class": 10,
        "land_cover_name": "tree_cover",
        "geohazard_risk": 0.0,
        "terrain_class": "rolling",
        "crs": "EPSG:32633"
      }
    },
    {
      "type": "Feature",
      "geometry": {
        "type": "LineString",
        "coordinates": [
          [
            387117.82,
            4768113.04
          ],
          [
            387117.82,
            4768086.38
          ],
          [
            387117.82,
            4768059.71
          ],
          [
            387117.82,
            4768033.05
          ],
          [
            387117.82,
            4768006.39
          ],
          [
            387117.82,
            4767979.72
          ],
          [
            387117.82,
            4767953.06
          ],
          [
            387091.14,
            4767926.39
          ],
          [
            387091.14,
            4767899.73
          ],
          [
            387091.14,
            4767873.07
          ],
          [
            387117.82,
            4767846.4
          ],
          [
            387117.82,
            4767819.74
          ],
          [
            387117.82,
            4767793.08
          ],
          [
            387117.82,
            4767766.41
          ],
          [
            387117.82,
            4767739.75
          ]
        ]
      },
      "properties": {
        "segment_id": 160,
        "step": 160,
        "length_m": 395.39,
        "elevation_start": 188.43,
        "elevation_end": 238.07,
        "slope_percent": 12.55,
        "cost_usd": 207581.9,
        "cost_per_m": 350.0,
        "cumulative_cost": 81329596.28,
        "cumulative_distance_m": 61364.27,
        "land_cover_class": 10,
        "land_cover_name": "tree_cover",
        "geohazard_risk": 0.0,
        "terrain_class": "hilly",
        "crs": "EPSG:32633"
      }
    },
    {
      "type": "Feature",
      "geometry": {
        "type": "LineString",
        "coordinates": [
          [
            387117.82,
            4767739.75
          ],
          [
            387117.82,
            4767713.08
          ],
          [
            387117.82,
            4767686.42
          ],
          [
            387117.82,
            4767659.76
          ],
          [
            387117.82,
            4767633.09
          ],
          [
            387117.82,
            4767606.43
          ],
          [
            387117.82,
            4767579.77
          ],
          [
            387117.82,
            4767553.1
          ],
          [
            387117.82,
            4767526.44
          ],
          [
            387117.82,
            4767499.77
          ],
          [
            387144.49,
            4767473.11
          ],
          [
            387144.49,
            4767446.45
          ],
          [
            387144.49,
            4767419.78
          ],
          [
            387171.16,
            4767393.12
          ]
        ]
      },
      "properties": {
        "segment_id": 161,
        "step": 161,
        "length_m": 368.73,
        "elevation_start": 238.07,
        "elevation_end": 266.84,
        "slope_percent": 7.8,
        "cost_usd": 193583.41,
        "cost_per_m": 350.0,
        "cumulative_cost": 81523179.69,
        "cumulative_distance_m": 61733.0,
        "land_cover_class": 40,
        "land_cover_name": "cropland",
        "geohazard_risk": 0.0,
        "terrain_class": "rolling",
        "crs": "EPSG:32633"
      }
    },
    {
      "type": "Feature",
      "geometry": {
        "type": "LineString",
        "coordinates": [
          [
            387171.16,
            4767393.12
          ],
          [
            387197.83,
            4767366.45
          ],
          [
            387224.5,
            4767339.79
          ],
          [
            387251.18,
            4767313.13
          ],
          [
            387277.85,
            4767286.46
          ],
          [
            387277.85,
            4767259.8
          ],
          [
            387277.85,
            4767233.14
          ],
          [
            387277.85,
            4767206.47
          ],
          [
            387304.52,
            4767179.81
          ],
          [
            387304.52,
            4767153.14
          ],
          [
            387331.19,
            4767126.48
          ],
          [
            387357.87,
            4767099.82
          ]
        ]
      },
      "properties": {
        "segment_id": 162,
        "step": 162,
        "length_m": 370.66,
        "elevation_start": 266.84,
        "elevation_end": 299.48,
        "slope_percent": 8.81,
        "cost_usd": 194593.95,
        "cost_per_m": 350.0,
        "cumulative_cost": 81717773.64,
        "cumulative_distance_m": 62103.66,
        "land_cover_class": 40,
        "land_cover_name": "cropland",
        "geohazard_risk": 0.0,
        "terrain_class": "rolling",
        "crs": "EPSG:32633"
      }
    },
    {
      "type": "Feature",
      "geometry": {
        "type": "LineString",
        "coordinates": [
          [
            387357.87,
            4767099.82
          ],
          [
            387384.54,
            4767073.15
          ],
          [
            387411.21,
            4767046.49
          ],
          [
            387437.88,
            4767019.83
          ],
          [
            387437.88,
            4766993.16
          ],
          [
            387411.21,
            4766966.5
          ],
          [
            387384.54,
            4766939.83
          ],
          [
            387357.87,
            4766913.17
          ],
          [
            387384.54,
            4766886.51
          ],
          [
            387384.54,
            4766859.84
          ],
          [
            387411.21,
            4766833.18
          ],
          [
            387411.21,
            4766806.52
          ]
        ]
      },
      "properties": {
        "segment_id": 163,
        "step": 163,
        "length_m": 381.71,
        "elevation_start": 299.48,
        "elevation_end": 316.77,
        "slope_percent": 4.53,
        "cost_usd": 200395.46,
        "cost_per_m": 350.0,
        "cumulative_cost": 81918169.1,
        "cumulative_distance_m": 62485.36,
        "land_cover_class": 40,
        "land_cover_name": "cropland",
        "geohazard_risk": 0.0,
        "terrain_class": "flat",
        "crs": "EPSG:32633"
      }
    },
    {
      "type": "Feature",
      "geometry": {
        "type": "LineString",
        "coordinates": [
          [
            387411.21,
            4766806.52
          ],
          [
            387437.88,
            4766779.85
          ],
          [
            387437.88,
            4766753.19
          ],
          [
            387437.88,
            4766726.52
          ],
          [
            387464.55,
            4766699.86
          ],
          [
            387491.23,
            4766673.2
          ],
          [
            387517.9,
            4766646.53
          ],
          [
            387544.57,
            4766619.87
          ],
          [
            387544.57,
            4766593.2
          ],
          [
            387571.24,
            4766566.54
          ],
          [
            387597.92,
            4766539.88
          ],
          [
            387624.59,
            4766513.21
          ]
        ]
      },
      "properties": {
        "segment_id": 164,
        "step": 164,
        "length_m": 381.71,
        "elevation_start": 316.77,
        "elevation_end": 299.82,
        "slope_percent": 4.44,
        "cost_usd": 106877.58,
        "cost_per_m": 350.0,
        "cumulative_cost": 82025046.68,
        "cumulative_distance_m": 62867.07,
        "land_cover_class": 30,
        "land_cover_name": "grassland",
        "geohazard_risk": 0.0,
        "terrain_class": "flat",
        "crs": "EPSG:32633"
      }
    },
    {
      "type": "Feature",
      "geometry": {
        "type": "LineString",
        "coordinates": [
          [
            387624.59,
            4766513.21
          ],
          [
            387651.26,
            4766486.55
          ],
          [
            387624.59,
            4766459.89
          ],
          [
            387651.26,
            4766433.22
          ],
          [
            387677.93,
            4766406.56
          ],
          [
            387704.6,
            4766406.56
          ],
          [
            387731.28,
            4766406.56
          ],
          [
            387757.95,
            4766406.56
          ],
          [
            387784.62,
            4766406.56
          ],
          [
            387811.29,
            4766406.56
          ],
          [
            387837.97,
            4766433.22
          ],
          [
            387864.64,
            4766433.22
          ],
          [
            387891.31,
            4766406.56
          ]
        ]
      },
      "properties": {
        "segment_id": 165,
        "step": 165,
        "length_m": 386.32,
        "elevation_start": 299.82,
        "elevation_end": 247.75,
        "slope_percent": 13.48,
        "cost_usd": 108169.38,
        "cost_per_m": 350.0,
        "cumulative_cost": 82133216.06,
        "cumulative_distance_m": 63253.39,
        "land_cover_class": 30,
        "land_cover_name": "grassland",
        "geohazard_risk": 0.0,
        "terrain_class": "hilly",
        "crs": "EPSG:32633"
      }
    },
    {
      "type": "Feature",
      "geometry": {
        "type": "LineString",
        "coordinates": [
          [
            387891.31,
            4766406.56
          ],
          [
            387917.98,
            4766379.89
          ],
          [
            387944.65,
            4766353.23
          ],
          [
            387971.33,
            4766353.23
          ],
          [
            387998.0,
            4766353.23
          ],
          [
            388024.67,
            4766353.23
          ],
          [
            388051.34,
            4766353.23
          ],
          [
            388078.02,
            4766326.57
          ],
          [
            388104.69,
            4766299.9
          ],
          [
            388078.02,
            4766273.24
          ],
          [
            388078.02,
            4766246.58
          ],
          [
            388104.69,
            4766219.91
          ],
          [
            388131.36,
            4766193.25
          ]
        ]
      },
      "properties": {
        "segment_id": 166,
        "step": 166,
        "length_m": 397.35,
        "elevation_start": 247.75,
        "elevation_end": 198.25,
        "slope_percent": 12.46,
        "cost_usd": 166888.17,
        "cost_per_m": 350.0,
        "cumulative_cost": 82300104.23,
        "cumulative_distance_m": 63650.74,
        "land_cover_class": 20,
        "land_cover_name": "shrubland",
        "geohazard_risk": 0.0,
        "terrain_class": "hilly",
        "crs": "EPSG:32633"
      }
    },
    {
      "type": "Feature",
      "geometry": {
        "type": "LineString",
        "coordinates": [
          [
            388131.36,
            4766193.25
          ],
          [
            388131.36,
            4766166.58
          ],
          [
            388131.36,
            4766139.92
          ],
          [
            388131.36,
            4766113.26
          ],
          [
            388158.03,
            4766086.59
          ],
          [
            388158.03,
            4766059.93
          ],
          [
            388184.71,
            4766033.27
          ],
          [
            388211.38,
            4766006.6
          ],
          [
            388211.38,
            4765979.94
          ],
          [
            388211.38,
            4765953.27
          ],
          [
            388211.38,
            4765926.61
          ],
          [
            388238.05,
            4765899.95
          ],
          [
            388264.72,
            4765873.28
          ]
        ]
      },
      "properties": {
        "segment_id": 167,
        "step": 167,
        "length_m": 375.22,
        "elevation_start": 198.25,
        "elevation_end": 178.16,
        "slope_percent": 5.35,
        "cost_usd": 196989.43,
        "cost_per_m": 350.0,
        "cumulative_cost": 82497093.66,
        "cumulative_distance_m": 64025.96,
        "land_cover_class": 10,
        "land_cover_name": "tree_cover",
        "geohazard_risk": 0.0,
        "terrain_class": "rolling",
        "crs": "EPSG:32633"
      }
    },
    {
      "type": "Feature",
      "geometry": {
        "type": "LineString",
        "coordinates": [
          [
            388264.72,
            4765873.28
          ],
          [
            388264.72,
            4765846.62
          ],
          [
            388264.72,
            4765819.95
          ],
          [
            388264.72,
            4765793.29
          ],
          [
            388264.72,
            4765766.63
          ],
          [
            388264.72,
            4765739.96
          ],
          [
            388291.39,
            4765713.3
          ],
          [
            388318.07,
            4765686.64
          ],
          [
            388344.74,
            4765659.97
          ],
          [
            388371.41,
            4765633.31
          ],
          [
            388398.08,
            4765606.64
          ],
          [
            388424.76,
            4765579.98
          ],
          [
            388451.43,
            4765553.32
          ]
        ]
      },
      "properties": {
        "segment_id": 168,
        "step": 168,
        "length_m": 397.32,
        "elevation_start": 178.16,
        "elevation_end": 169.53,
        "slope_percent": 2.17,
        "cost_usd": 208592.45,
        "cost_per_m": 350.0,
        "cumulative_cost": 82705686.11,
        "cumulative_distance_m": 64423.28,
        "land_cover_class": 40,
        "land_cover_name": "cropland",
        "geohazard_risk": 0.0,
        "terrain_class": "flat",
        "crs": "EPSG:32633"
      }
    },
    {
      "type": "Feature",
      "geometry": {
        "type": "LineString",
        "coordinates": [
          [
            388451.43,
            4765553.32
          ],
          [
            388478.1,
            4765526.65
          ],
          [
            388478.1,
            4765499.99
          ],
          [
            388478.1,
            4765473.33
          ],
          [
            388504.77,
            4765446.66
          ],
          [
            388504.77,
            4765420.0
          ],
          [
            388504.77,
            4765393.33
          ],
          [
            388504.77,
            4765366.67
          ],
          [
            388504.77,
            4765340.01
          ],
          [
            388504.77,
            4765313.34
          ],
          [
            388504.77,
            4765286.68
          ],
          [
            388531.44,
            4765260.02
          ],
          [
            388558.12,
            4765260.02
          ],
          [
            388584.79,
            4765260.02
          ]
        ]
      },
      "properties": {
        "segment_id": 169,
        "step": 169,
        "length_m": 379.8,
        "elevation_start": 169.53,
        "elevation_end": 171.9,
        "slope_percent": 0.62,
        "cost_usd": 199393.8,
        "cost_per_m": 350.0,
        "cumulative_cost": 82905079.9,
        "cumulative_distance_m": 64803.07,
        "land_cover_class": 10,
        "land_cover_name": "tree_cover",
        "geohazard_risk": 0.0,
        "terrain_class": "flat",
        "crs": "EPSG:32633"
      }
    },
    {
      "type": "Feature",
      "geometry": {
        "type": "LineString",
        "coordinates": [
          [
            388584.79,
            4765260.02
          ],
          [
            388611.46,
            4765260.02
          ],
          [
            388638.13,
            4765260.02
          ],
          [
            388664.81,
            4765260.02
          ],
          [
            388691.48,
            4765260.02
          ],
          [
            388718.15,
            4765260.02
          ],
          [
            388744.82,
            4765260.02
          ],
          [
            388771.49,
            4765260.02
          ],
          [
            388798.17,
            4765260.02
          ],
          [
            388824.84,
            4765260.02
          ],
          [
            388851.51,
            4765286.68
          ],
          [
            388878.18,
            4765313.34
          ],
          [
            388904.86,
            4765340.01
          ],
          [
            388931.53,
            4765366.67
          ]
        ]
      },
      "properties": {
        "segment_id": 170,
        "step": 170,
        "length_m": 390.91,
        "elevation_start": 171.9,
        "elevation_end": 174.36,
        "slope_percent": 0.63,
        "cost_usd": 205226.39,
        "cost_per_m": 350.0,
        "cumulative_cost": 83110306.29,
        "cumulative_distance_m": 65193.98,
        "land_cover_class": 40,
        "land_cover_name": "cropland",
        "geohazard_risk": 0.0,
        "terrain_class": "flat",
        "crs": "EPSG:32633"
      }
    },
    {
      "type": "Feature",
      "geometry": {
        "type": "LineString",
        "coordinates": [
          [
            388931.53,
            4765366.67
          ],
          [
            388958.2,
            4765393.33
          ],
          [
            388984.87,
            4765393.33
          ],
          [
            389011.55,
            4765393.33
          ],
          [
            389038.22,
            4765393.33
          ],
          [
            389064.89,
            4765420.0
          ],
          [
            389091.56,
            4765446.66
          ],
          [
            389118.23,
            4765473.33
          ],
          [
            389144.91,
            4765499.99
          ],
          [
            389171.58,
            4765526.65
          ],
          [
            389198.25,
            4765553.32
          ],
          [
            389224.92,
            4765579.98
          ]
        ]
      },
      "properties": {
        "segment_id": 171,
        "step": 171,
        "length_m": 381.73,
        "elevation_start": 174.36,
        "elevation_end": 164.21,
        "slope_percent": 2.66,
        "cost_usd": 106884.68,
        "cost_per_m": 350.0,
        "cumulative_cost": 83217190.98,
        "cumulative_distance_m": 65575.71,
        "land_cover_class": 30,
        "land_cover_name": "grassland",
        "geohazard_risk": 0.0,
        "terrain_class": "flat",
        "crs": "EPSG:32633"
      }
    },
    {
      "type": "Feature",
      "geometry": {
        "type": "LineString",
        "coordinates": [
          [
            389224.92,
            4765579.98
          ],
          [
            389251.6,
            4765606.64
          ],
          [
            389278.27,
            4765633.31
          ],
          [
            389304.94,
            4765659.97
          ],
          [
            389331.61,
            4765686.64
          ],
          [
            389358.28,
            4765713.3
          ],
          [
            389384.96,
            4765713.3
          ],
          [
            389411.63,
            4765713.3
          ],
          [
            389438.3,
            4765713.3
          ],
          [
            389464.97,
            4765713.3
          ],
          [
            389491.65,
            4765713.3
          ],
          [
            389518.32,
            4765713.3
          ],
          [
            389544.99,
            4765713.3
          ]
        ]
      },
      "properties": {
        "segment_id": 172,
        "step": 172,
        "length_m": 375.28,
        "elevation_start": 164.21,
        "elevation_end": 162.75,
        "slope_percent": 0.39,
        "cost_usd": 197020.52,
        "cost_per_m": 350.0,
        "cumulative_cost": 83414211.5,
        "cumulative_distance_m": 65950.99,
        "land_cover_class": 40,
        "land_cover_name": "cropland",
        "geohazard_risk": 0.0,
        "terrain_class": "flat",
        "crs": "EPSG:32633"
      }
    },
    {
      "type": "Feature",
      "geometry": {
        "type": "LineString",
        "coordinates": [
          [
            389544.99,
            4765713.3
          ],
          [
            389571.66,
            4765713.3
          ],
          [
            389598.33,
            4765713.3
          ],
          [
            389625.01,
            4765713.3
          ],
          [
            389651.68,
            4765713.3
          ],
          [
            389678.35,
            4765713.3
          ],
          [
            389705.02,
            4765713.3
          ],
          [
            389731.7,
            4765713.3
          ],
          [
            389758.37,
            4765713.3
          ],
          [
            389785.04,
            4765713.3
          ],
          [
            389811.71,
            4765739.96
          ],
          [
            389838.38,
            4765739.96
          ],
          [
            389865.06,
            4765739.96
          ],
          [
            389891.73,
            4765739.96
          ],
          [
            389918.4,
            4765739.96
          ]
        ]
      },
      "properties": {
        "segment_id": 173,
        "step": 173,
        "length_m": 384.45,
        "elevation_start": 162.75,
        "elevation_end": 162.56,
        "slope_percent": 0.05,
        "cost_usd": 161470.5,
        "cost_per_m": 350.0,
        "cumulative_cost": 83575682.0,
        "cumulative_distance_m": 66335.44,
        "land_cover_class": 20,
        "land_cover_name": "shrubland",
        "geohazard_risk": 0.0,
        "terrain_class": "flat",
        "crs": "EPSG:32633"
      }
    },
    {
      "type": "Feature",
      "geometry": {
        "type": "LineString",
        "coordinates": [
          [
            389918.4,
            4765739.96
          ],
          [
            389945.07,
            4765739.96
          ],
          [
            389971.75,
            4765739.96
          ],
          [
            389998.42,
            4765739.96
          ],
          [
            390025.09,
            4765739.96
          ],
          [
            390051.76,
            4765739.96
          ],
          [
            390078.44,
            4765739.96
          ],
          [
            390105.11,
            4765739.96
          ],
          [
            390131.78,
            4765739.96
          ],
          [
            390158.45,
            4765739.96
          ],
          [
            390185.12,
            4765739.96
          ],
          [
            390211.8,
            4765739.96
          ],
          [
            390238.47,
            4765713.3
          ],
          [
            390265.14,
            4765686.64
          ]
        ]
      },
      "properties": {
        "segment_id": 174,
        "step": 174,
        "length_m": 368.82,
        "elevation_start": 162.56,
        "elevation_end": 177.78,
        "slope_percent": 4.13,
        "cost_usd": 103270.54,
        "cost_per_m": 350.0,
        "cumulative_cost": 83678952.54,
        "cumulative_distance_m": 66704.27,
        "land_cover_class": 30,
        "land_cover_name": "grassland",
        "geohazard_risk": 0.0,
        "terrain_class": "flat",
        "crs": "EPSG:32633"
      }
    },
    {
      "type": "Feature",
      "geometry": {
        "type": "LineString",
        "coordinates": [
          [
            390265.14,
            4765686.64
          ],
          [
            390291.81,
            4765659.97
          ],
          [
            390291.81,
            4765633.31
          ],
          [
            390291.81,
            4765606.64
          ],
          [
            390291.81,
            4765579.98
          ],
          [
            390291.81,
            4765553.32
          ],
          [
            390291.81,
            4765526.65
          ],
          [
            390318.49,
            4765499.99
          ],
          [
            390345.16,
            4765473.33
          ],
          [
            390371.83,
            4765446.66
          ],
          [
            390398.5,
            4765420.0
          ],
          [
            390425.17,
            4765393.33
          ],
          [
            390425.17,
            4765366.67
          ]
        ]
      },
      "properties": {
        "segment_id": 175,
        "step": 175,
        "length_m": 386.27,
        "elevation_start": 177.78,
        "elevation_end": 232.66,
        "slope_percent": 14.21,
        "cost_usd": 108155.17,
        "cost_per_m": 350.0,
        "cumulative_cost": 83787107.7,
        "cumulative_distance_m": 67090.53,
        "land_cover_class": 30,
        "land_cover_name": "grassland",
        "geohazard_risk": 0.0,
        "terrain_class": "hilly",
        "crs": "EPSG:32633"
      }
    },
    {
      "type": "Feature",
      "geometry": {
        "type": "LineString",
        "coordinates": [
          [
            390425.17,
            4765366.67
          ],
          [
            390425.17,
            4765340.01
          ],
          [
            390425.17,
            4765313.34
          ],
          [
            390425.17,
            4765286.68
          ],
          [
            390425.17,
            4765260.02
          ],
          [
            390398.5,
            4765233.35
          ],
          [
            390398.5,
            4765206.69
          ],
          [
            390398.5,
            4765180.02
          ],
          [
            390398.5,
            4765153.36
          ],
          [
            390371.83,
            4765126.7
          ],
          [
            390371.83,
            4765100.03
          ],
          [
            390345.16,
            4765073.37
          ],
          [
            390318.49,
            4765073.37
          ],
          [
            390291.81,
            4765046.7
          ]
        ]
      },
      "properties": {
        "segment_id": 176,
        "step": 176,
        "length_m": 390.84,
        "elevation_start": 232.66,
        "elevation_end": 295.25,
        "slope_percent": 16.01,
        "cost_usd": 109435.13,
        "cost_per_m": 350.0,
        "cumulative_cost": 83896542.83,
        "cumulative_distance_m": 67481.37,
        "land_cover_class": 30,
        "land_cover_name": "grassland",
        "geohazard_risk": 0.0,
        "terrain_class": "mountainous",
        "crs": "EPSG:32633"
      }
    },
    {
      "type": "Feature",
      "geometry": {
        "type": "LineString",
        "coordinates": [
          [
            390291.81,
            4765046.7
          ],
          [
            390265.14,
            4765020.04
          ],
          [
            390238.47,
            4764993.38
          ],
          [
            390211.8,
            4764966.71
          ],
          [
            390211.8,
            4764940.05
          ],
          [
            390211.8,
            4764913.39
          ],
          [
            390211.8,
            4764886.72
          ],
          [
            390211.8,
            4764860.06
          ],
          [
            390238.47,
            4764833.39
          ],
          [
            390238.47,
            4764806.73
          ],
          [
            390238.47,
            4764780.07
          ],
          [
            390238.47,
            4764753.4
          ],
          [
            390265.14,
            4764726.74
          ]
        ]
      },
      "properties": {
        "segment_id": 177,
        "step": 177,
        "length_m": 375.22,
        "elevation_start": 295.25,
        "elevation_end": 334.83,
        "slope_percent": 10.55,
        "cost_usd": 196989.43,
        "cost_per_m": 350.0,
        "cumulative_cost": 84093532.26,
        "cumulative_distance_m": 67856.59,
        "land_cover_class": 10,
        "land_cover_name": "tree_cover",
        "geohazard_risk": 0.0,
        "terrain_class": "hilly",
        "crs": "EPSG:32633"
      }
    },
    {
      "type": "Feature",
      "geometry": {
        "type": "LineString",
        "coordinates": [
          [
            390265.14,
            4764726.74
          ],
          [
            390291.81,
            4764700.08
          ],
          [
            390318.49,
            4764673.41
          ],
          [
            390318.49,
            4764646.75
          ],
          [
            390318.49,
            4764620.08
          ],
          [
            390318.49,
            4764593.42
          ],
          [
            390318.49,
            4764566.76
          ],
          [
            390345.16,
            4764540.09
          ],
          [
            390371.83,
            4764513.43
          ],
          [
            390398.5,
            4764486.77
          ],
          [
            390425.17,
            4764460.1
          ],
          [
            390451.85,
            4764433.44
          ]
        ]
      },
      "properties": {
        "segment_id": 178,
        "step": 178,
        "length_m": 370.66,
        "elevation_start": 334.83,
        "elevation_end": 271.27,
        "slope_percent": 17.15,
        "cost_usd": 103783.44,
        "cost_per_m": 350.0,
        "cumulative_cost": 84197315.71,
        "cumulative_distance_m": 68227.25,
        "land_cover_class": 30,
        "land_cover_name": "grassland",
        "geohazard_risk": 0.0,
        "terrain_class": "mountainous",
        "crs": "EPSG:32633"
      }
    },
    {
      "type": "Feature",
      "geometry": {
        "type": "LineString",
        "coordinates": [
          [
            390451.85,
            4764433.44
          ],
          [
            390478.52,
            4764406.77
          ],
          [
            390505.19,
            4764380.11
          ],
          [
            390531.86,
            4764406.77
          ],
          [
            390558.54,
            4764406.77
          ],
          [
            390585.21,
            4764406.77
          ],
          [
            390611.88,
            4764406.77
          ],
          [
            390638.55,
            4764406.77
          ],
          [
            390665.22,
            4764406.77
          ],
          [
            390691.9,
            4764406.77
          ],
          [
            390718.57,
            4764406.77
          ],
          [
            390745.24,
            4764406.77
          ],
          [
            390771.91,
            4764406.77
          ],
          [
            390798.59,
            4764380.11
          ]
        ]
      },
      "properties": {
        "segment_id": 179,
        "step": 179,
        "length_m": 390.91,
        "elevation_start": 271.27,
        "elevation_end": 217.67,
        "slope_percent": 13.71,
        "cost_usd": 205226.39,
        "cost_per_m": 350.0,
        "cumulative_cost": 84402542.1,
        "cumulative_distance_m": 68618.15,
        "land_cover_class": 40,
        "land_cover_name": "cropland",
        "geohazard_risk": 0.0,
        "terrain_class": "hilly",
        "crs": "EPSG:32633"
      }
    },
    {
      "type": "Feature",
      "geometry": {
        "type": "LineString",
        "coordinates": [
          [
            390798.59,
            4764380.11
          ],
          [
            390825.26,
            4764353.45
          ],
          [
            390851.93,
            4764326.78
          ],
          [
            390878.6,
            4764300.12
          ],
          [
            390905.28,
            4764273.45
          ],
          [
            390931.95,
            4764246.79
          ],
          [
            390931.95,
            4764220.13
          ],
          [
            390931.95,
            4764193.46
          ],
          [
            390931.95,
            4764166.8
          ],
          [
            390931.95,
            4764140.14
          ],
          [
            390905.28,
            4764113.47
          ],
          [
            390905.28,
            4764086.81
          ],
          [
            390905.28,
            4764060.14
          ]
        ]
      },
      "properties": {
        "segment_id": 180,
        "step": 180,
        "length_m": 386.27,
        "elevation_start": 217.67,
        "elevation_end": 171.62,
        "slope_percent": 11.92,
        "cost_usd": 202790.94,
        "cost_per_m": 350.0,
        "cumulative_cost": 84605333.04,
        "cumulative_distance_m": 69004.42,
        "land_cover_class": 40,
        "land_cover_name": "cropland",
        "geohazard_risk": 0.0,
        "terrain_class": "hilly",
        "crs": "EPSG:32633"
      }
    },
    {
      "type": "Feature",
      "geometry": {
        "type": "LineString",
        "coordinates": [
          [
            390905.28,
            4764060.14
          ],
          [
            390905.28,
            4764033.48
          ],
          [
            390905.28,
            4764006.82
          ],
          [
            390905.28,
            4763980.15
          ],
          [
            390931.95,
            4763953.49
          ],
          [
            390931.95,
            4763926.83
          ],
          [
            390931.95,
            4763900.16
          ],
          [
            390931.95,
            4763873.5
          ],
          [
            390931.95,
            4763846.83
          ],
          [
            390905.28,
            4763820.17
          ],
          [
            390878.6,
            4763793.51
          ],
          [
            390905.28,
            4763766.84
          ],
          [
            390931.95,
            4763766.84
          ],
          [
            390958.62,
            4763766.84
          ]
        ]
      },
      "properties": {
        "segment_id": 181,
        "step": 181,
        "length_m": 390.85,
        "elevation_start": 171.62,
        "elevation_end": 157.82,
        "slope_percent": 3.53,
        "cost_usd": 205195.3,
        "cost_per_m": 350.0,
        "cumulative_cost": 84810528.34,
        "cumulative_distance_m": 69395.27,
        "land_cover_class": 10,
        "land_cover_name": "tree_cover",
        "geohazard_risk": 0.0,
        "terrain_class": "flat",
        "crs": "EPSG:32633"
      }
    },
    {
      "type": "Feature",
      "geometry": {
        "type": "LineString",
        "coordinates": [
          [
            390958.62,
            4763766.84
          ],
          [
            390985.29,
            4763766.84
          ],
          [
            391011.96,
            4763766.84
          ],
          [
            391038.64,
            4763766.84
          ],
          [
            391065.31,
            4763766.84
          ],
          [
            391091.98,
            4763766.84
          ],
          [
            391118.65,
            4763766.84
          ],
          [
            391145.33,
            4763766.84
          ],
          [
            391172.0,
            4763766.84
          ],
          [
            391198.67,
            4763766.84
          ],
          [
            391225.34,
            4763766.84
          ],
          [
            391252.01,
            4763766.84
          ],
          [
            391278.69,
            4763766.84
          ],
          [
            391305.36,
            4763766.84
          ],
          [
            391332.03,
            4763766.84
          ]
        ]
      },
      "properties": {
        "segment_id": 182,
        "step": 182,
        "length_m": 373.41,
        "elevation_start": 157.82,
        "elevation_end": 153.19,
        "slope_percent": 1.24,
        "cost_usd": 196041.06,
        "cost_per_m": 350.0,
        "cumulative_cost": 85006569.4,
        "cumulative_distance_m": 69768.68,
        "land_cover_class": 40,
        "land_cover_name": "cropland",
        "geohazard_risk": 0.0,
        "terrain_class": "flat",
        "crs": "EPSG:32633"
      }
    },
    {
      "type": "Feature",
      "geometry": {
        "type": "LineString",
        "coordinates": [
          [
            391332.03,
            4763766.84
          ],
          [
            391358.7,
            4763766.84
          ],
          [
            391385.38,
            4763766.84
          ],
          [
            391412.05,
            4763766.84
          ],
          [
            391438.72,
            4763766.84
          ],
          [
            391465.39,
            4763766.84
          ],
          [
            391492.06,
            4763740.18
          ],
          [
            391518.74,
            4763713.52
          ],
          [
            391545.41,
            4763686.85
          ],
          [
            391572.08,
            4763660.19
          ],
          [
            391598.75,
            4763633.52
          ],
          [
            391625.43,
            4763633.52
          ],
          [
            391652.1,
            4763633.52
          ]
        ]
      },
      "properties": {
        "segment_id": 183,
        "step": 183,
        "length_m": 375.28,
        "elevation_start": 153.19,
        "elevation_end": 177.87,
        "slope_percent": 6.58,
        "cost_usd": 197020.52,
        "cost_per_m": 350.0,
        "cumulative_cost": 85203589.92,
        "cumulative_distance_m": 70143.96,
        "land_cover_class": 40,
        "land_cover_name": "cropland",
        "geohazard_risk": 0.0,
        "terrain_class": "rolling",
        "crs": "EPSG:32633"
      }
    },
    {
      "type": "Feature",
      "geometry": {
        "type": "LineString",
        "coordinates": [
          [
            391652.1,
            4763633.52
          ],
          [
            391678.77,
            4763633.52
          ],
          [
            391705.44,
            4763633.52
          ],
          [
            391732.11,
            4763633.52
          ],
          [
            391758.79,
            4763633.52
          ],
          [
            391785.46,
            4763633.52
          ],
          [
            391812.13,
            4763633.52
          ],
          [
            391838.8,
            4763606.86
          ],
          [
            391865.48,
            4763580.2
          ],
          [
            391892.15,
            4763553.53
          ],
          [
            391918.82,
            4763526.87
          ],
          [
            391945.49,
            4763500.2
          ],
          [
            391972.17,
            4763500.2
          ]
        ]
      },
      "properties": {
        "segment_id": 184,
        "step": 184,
        "length_m": 375.28,
        "elevation_start": 177.87,
        "elevation_end": 166.79,
        "slope_percent": 2.95,
        "cost_usd": 197020.52,
        "cost_per_m": 350.0,
        "cumulative_cost": 85400610.44,
        "cumulative_distance_m": 70519.24,
        "land_cover_class": 40,
        "land_cover_name": "cropland",
        "geohazard_risk": 0.0,
        "terrain_class": "flat",
        "crs": "EPSG:32633"
      }
    },
    {
      "type": "Feature",
      "geometry": {
        "type": "LineString",
        "coordinates": [
          [
            391972.17,
            4763500.2
          ],
          [
            391998.84,
            4763500.2
          ],
          [
            392025.51,
            4763500.2
          ],
          [
            392052.18,
            4763473.54
          ],
          [
            392078.85,
            4763446.88
          ],
          [
            392105.53,
            4763420.21
          ],
          [
            392132.2,
            4763393.55
          ],
          [
            392158.87,
            4763393.55
          ],
          [
            392185.54,
            4763393.55
          ],
          [
            392212.22,
            4763366.89
          ],
          [
            392238.89,
            4763340.22
          ],
          [
            392265.56,
            4763313.56
          ]
        ]
      },
      "properties": {
        "segment_id": 185,
        "step": 185,
        "length_m": 370.69,
        "elevation_start": 166.79,
        "elevation_end": 170.7,
        "slope_percent": 1.05,
        "cost_usd": 194611.72,
        "cost_per_m": 350.0,
        "cumulative_cost": 85595222.16,
        "cumulative_distance_m": 70889.93,
        "land_cover_class": 40,
        "land_cover_name": "cropland",
        "geohazard_risk": 0.0,
        "terrain_class": "flat",
        "crs": "EPSG:32633"
      }
    },
    {
      "type": "Feature",
      "geometry": {
        "type": "LineString",
        "coordinates": [
          [
            392265.56,
            4763313.56
          ],
          [
            392292.23,
            4763286.89
          ],
          [
            392318.9,
            4763286.89
          ],
          [
            392345.58,
            4763260.23
          ],
          [
            392372.25,
            4763233.57
          ],
          [
            392398.92,
            4763206.9
          ],
          [
            392425.59,
            4763180.24
          ],
          [
            392452.27,
            4763153.58
          ],
          [
            392478.94,
            4763126.91
          ],
          [
            392505.61,
            4763100.25
          ],
          [
            392532.28,
            4763073.58
          ]
        ]
      },
      "properties": {
        "segment_id": 186,
        "step": 186,
        "length_m": 366.1,
        "elevation_start": 170.7,
        "elevation_end": 145.61,
        "slope_percent": 6.85,
        "cost_usd": 153762.33,
        "cost_per_m": 350.0,
        "cumulative_cost": 85748984.49,
        "cumulative_distance_m": 71256.03,
        "land_cover_class": 20,
        "land_cover_name": "shrubland",
        "geohazard_risk": 0.0,
        "terrain_class": "rolling",
        "crs": "EPSG:32633"
      }
    },
    {
      "type": "Feature",
      "geometry": {
        "type": "LineString",
        "coordinates": [
          [
            392532.28,
            4763073.58
          ],
          [
            392558.95,
            4763046.92
          ],
          [
            392558.95,
            4763020.26
          ],
          [
            392558.95,
            4762993.59
          ],
          [
            392558.95,
            4762966.93
          ],
          [
            392558.95,
            4762940.26
          ],
          [
            392558.95,
            4762913.6
          ],
          [
            392532.28,
            4762886.94
          ],
          [
            392505.61,
            4762860.27
          ],
          [
            392478.94,
            4762833.61
          ],
          [
            392452.27,
            4762806.95
          ],
          [
            392425.59,
            4762780.28
          ],
          [
            392398.92,
            4762753.62
          ]
        ]
      },
      "properties": {
        "segment_id": 187,
        "step": 187,
        "length_m": 397.32,
        "elevation_start": 145.61,
        "elevation_end": 136.52,
        "slope_percent": 2.29,
        "cost_usd": 208592.45,
        "cost_per_m": 350.0,
        "cumulative_cost": 85957576.94,
        "cumulative_distance_m": 71653.35,
        "land_cover_class": 40,
        "land_cover_name": "cropland",
        "geohazard_risk": 0.0,
        "terrain_class": "flat",
        "crs": "EPSG:32633"
      }
    },
    {
      "type": "Feature",
      "geometry": {
        "type": "LineString",
        "coordinates": [
          [
            392398.92,
            4762753.62
          ],
          [
            392398.92,
            4762726.95
          ],
          [
            392398.92,
            4762700.29
          ],
          [
            392398.92,
            4762673.63
          ],
          [
            392398.92,
            4762646.96
          ],
          [
            392372.25,
            4762620.3
          ],
          [
            392345.58,
            4762593.64
          ],
          [
            392318.9,
            4762566.97
          ],
          [
            392292.23,
            4762540.31
          ],
          [
            392265.56,
            4762513.64
          ],
          [
            392238.89,
            4762486.98
          ],
          [
            392212.22,
            4762460.32
          ]
        ]
      },
      "properties": {
        "segment_id": 188,
        "step": 188,
        "length_m": 370.66,
        "elevation_start": 136.52,
        "elevation_end": 154.62,
        "slope_percent": 4.88,
        "cost_usd": 194593.95,
        "cost_per_m": 350.0,
        "cumulative_cost": 86152170.89,
        "cumulative_distance_m": 72024.0,
        "land_cover_class": 10,
        "land_cover_name": "tree_cover",
        "geohazard_risk": 0.0,
        "terrain_class": "flat",
        "crs": "EPSG:32633"
      }
    },
    {
      "type": "Feature",
      "geometry": {
        "type": "LineString",
        "coordinates": [
          [
            392212.22,
            4762460.32
          ],
          [
            392185.54,
            4762433.65
          ],
          [
            392158.87,
            4762406.99
          ],
          [
            392158.87,
            4762380.33
          ],
          [
            392158.87,
            4762353.66
          ],
          [
            392158.87,
            4762327.0
          ],
          [
            392158.87,
            4762300.33
          ],
          [
            392158.87,
            4762273.67
          ],
          [
            392158.87,
            4762247.01
          ],
          [
            392158.87,
            4762220.34
          ],
          [
            392158.87,
            4762193.68
          ],
          [
            392158.87,
            4762167.01
          ],
          [
            392158.87,
            4762140.35
          ],
          [
            392132.2,
            4762113.69
          ]
        ]
      },
      "properties": {
        "segment_id": 189,
        "step": 189,
        "length_m": 379.78,
        "elevation_start": 154.62,
        "elevation_end": 132.84,
        "slope_percent": 5.74,
        "cost_usd": 106338.62,
        "cost_per_m": 350.0,
        "cumulative_cost": 86258509.51,
        "cumulative_distance_m": 72403.78,
        "land_cover_class": 30,
        "land_cover_name": "grassland",
        "geohazard_risk": 0.0,
        "terrain_class": "rolling",
        "crs": "EPSG:32633"
      }
    },
    {
      "type": "Feature",
      "geometry": {
        "type": "LineString",
        "coordinates": [
          [
            392132.2,
            4762113.69
          ],
          [
            392105.53,
            4762087.02
          ],
          [
            392078.85,
            4762060.36
          ],
          [
            392052.18,
            4762060.36
          ],
          [
            392025.51,
            4762033.7
          ],
          [
            391998.84,
            4762007.03
          ],
          [
            391972.17,
            4761980.37
          ],
          [
            391945.49,
            4761953.7
          ],
          [
            391918.82,
            4761927.04
          ],
          [
            391892.15,
            4761900.38
          ],
          [
            391865.48,
            4761873.71
          ],
          [
            391838.8,
            4761873.71
          ]
        ]
      },
      "properties": {
        "segment_id": 190,
        "step": 190,
        "length_m": 392.77,
        "elevation_start": 132.84,
        "elevation_end": 138.89,
        "slope_percent": 1.54,
        "cost_usd": 206205.85,
        "cost_per_m": 350.0,
        "cumulative_cost": 86464715.36,
        "cumulative_distance_m": 72796.55,
        "land_cover_class": 10,
        "land_cover_name": "tree_cover",
        "geohazard_risk": 0.0,
        "terrain_class": "flat",
        "crs": "EPSG:32633"
      }
    },
    {
      "type": "Feature",
      "geometry": {
        "type": "LineString",
        "coordinates": [
          [
            391838.8,
            4761873.71
          ],
          [
            391812.13,
            4761847.05
          ],
          [
            391785.46,
            4761820.39
          ],
          [
            391758.79,
            4761820.39
          ],
          [
            391732.11,
            4761820.39
          ],
          [
            391705.44,
            4761793.72
          ],
          [
            391678.77,
            4761767.06
          ],
          [
            391652.1,
            4761767.06
          ],
          [
            391625.43,
            4761767.06
          ],
          [
            391598.75,
            4761740.39
          ],
          [
            391572.08,
            4761740.39
          ],
          [
            391545.41,
            4761740.39
          ],
          [
            391518.74,
            4761740.39
          ]
        ]
      },
      "properties": {
        "segment_id": 191,
        "step": 191,
        "length_m": 375.28,
        "elevation_start": 138.89,
        "elevation_end": 138.34,
        "slope_percent": 0.15,
        "cost_usd": 197020.52,
        "cost_per_m": 350.0,
        "cumulative_cost": 86661735.88,
        "cumulative_distance_m": 73171.83,
        "land_cover_class": 40,
        "land_cover_name": "cropland",
        "geohazard_risk": 0.0,
        "terrain_class": "flat",
        "crs": "EPSG:32633"
      }
    },
    {
      "type": "Feature",
      "geometry": {
        "type": "LineString",
        "coordinates": [
          [
            391518.74,
            4761740.39
          ],
          [
            391492.06,
            4761740.39
          ],
          [
            391465.39,
            4761740.39
          ],
          [
            391438.72,
            4761740.39
          ],
          [
            391412.05,
            4761740.39
          ],
          [
            391385.38,
            4761740.39
          ],
          [
            391358.7,
            4761713.73
          ],
          [
            391332.03,
            4761687.07
          ],
          [
            391305.36,
            4761660.4
          ],
          [
            391278.69,
            4761660.4
          ],
          [
            391252.01,
            4761660.4
          ],
          [
            391225.34,
            4761660.4
          ],
          [
            391198.67,
            4761660.4
          ],
          [
            391172.0,
            4761660.4
          ]
        ]
      },
      "properties": {
        "segment_id": 192,
        "step": 192,
        "length_m": 379.87,
        "elevation_start": 138.34,
        "elevation_end": 144.07,
        "slope_percent": 1.51,
        "cost_usd": 199429.32,
        "cost_per_m": 350.0,
        "cumulative_cost": 86861165.2,
        "cumulative_distance_m": 73551.7,
        "land_cover_class": 10,
        "land_cover_name": "tree_cover",
        "geohazard_risk": 0.0,
        "terrain_class": "flat",
        "crs": "EPSG:32633"
      }
    },
    {
      "type": "Feature",
      "geometry": {
        "type": "LineString",
        "coordinates": [
          [
            391172.0,
            4761660.4
          ],
          [
            391145.33,
            4761660.4
          ],
          [
            391118.65,
            4761660.4
          ],
          [
            391091.98,
            4761660.4
          ],
          [
            391065.31,
            4761660.4
          ],
          [
            391038.64,
            4761633.74
          ],
          [
            391011.96,
            4761633.74
          ],
          [
            390985.29,
            4761633.74
          ],
          [
            390958.62,
            4761633.74
          ],
          [
            390931.95,
            4761633.74
          ],
          [
            390905.28,
            4761633.74
          ],
          [
            390878.6,
            4761607.08
          ],
          [
            390851.93,
            4761580.41
          ],
          [
            390825.26,
            4761580.41
          ]
        ]
      },
      "properties": {
        "segment_id": 193,
        "step": 193,
        "length_m": 379.87,
        "elevation_start": 144.07,
        "elevation_end": 145.61,
        "slope_percent": 0.4,
        "cost_usd": 106362.31,
        "cost_per_m": 350.0,
        "cumulative_cost": 86967527.51,
        "cumulative_distance_m": 73931.56,
        "land_cover_class": 30,
        "land_cover_name": "grassland",
        "geohazard_risk": 0.0,
        "terrain_class": "flat",
        "crs": "EPSG:32633"
      }
    },
    {
      "type": "Feature",
      "geometry": {
        "type": "LineString",
        "coordinates": [
          [
            390825.26,
            4761580.41
          ],
          [
            390798.59,
            4761553.75
          ],
          [
            390771.91,
            4761527.08
          ],
          [
            390745.24,
            4761500.42
          ],
          [
            390718.57,
            4761473.76
          ],
          [
            390691.9,
            4761447.09
          ],
          [
            390665.22,
            4761420.43
          ],
          [
            390638.55,
            4761393.76
          ],
          [
            390611.88,
            4761393.76
          ],
          [
            390585.21,
            4761367.1
          ],
          [
            390558.54,
            4761340.44
          ]
        ]
      },
      "properties": {
        "segment_id": 194,
        "step": 194,
        "length_m": 366.1,
        "elevation_start": 145.61,
        "elevation_end": 152.34,
        "slope_percent": 1.84,
        "cost_usd": 192202.91,
        "cost_per_m": 350.0,
        "cumulative_cost": 87159730.42,
        "cumulative_distance_m": 74297.66,
        "land_cover_class": 10,
        "land_cover_name": "tree_cover",
        "geohazard_risk": 0.0,
        "terrain_class": "flat",
        "crs": "EPSG:32633"
      }
    },
    {
      "type": "Feature",
      "geometry": {
        "type": "LineString",
        "coordinates": [
          [
            390558.54,
            4761340.44
          ],
          [
            390531.86,
            4761313.77
          ],
          [
            390505.19,
            4761287.11
          ],
          [
            390478.52,
            4761260.45
          ],
          [
            390451.85,
            4761233.78
          ],
          [
            390425.17,
            4761207.12
          ],
          [
            390398.5,
            4761180.45
          ],
          [
            390371.83,
            4761153.79
          ],
          [
            390345.16,
            4761127.13
          ],
          [
            390318.49,
            4761100.46
          ],
          [
            390291.81,
            4761100.46
          ]
        ]
      },
      "properties": {
        "segment_id": 195,
        "step": 195,
        "length_m": 366.1,
        "elevation_start": 152.34,
        "elevation_end": 163.77,
        "slope_percent": 3.12,
        "cost_usd": 192202.91,
        "cost_per_m": 350.0,
        "cumulative_cost": 87351933.34,
        "cumulative_distance_m": 74663.76,
        "land_cover_class": 10,
        "land_cover_name": "tree_cover",
        "geohazard_risk": 0.0,
        "terrain_class": "flat",
        "crs": "EPSG:32633"
      }
    },
    {
      "type": "Feature",
      "geometry": {
        "type": "LineString",
        "coordinates": [
          [
            390291.81,
            4761100.46
          ],
          [
            390265.14,
            4761073.8
          ],
          [
            390238.47,
            4761047.14
          ],
          [
            390211.8,
            4761020.47
          ],
          [
            390185.12,
            4760993.81
          ],
          [
            390158.45,
            4760967.14
          ],
          [
            390131.78,
            4760940.48
          ],
          [
            390131.78,
            4760913.82
          ],
          [
            390131.78,
            4760887.15
          ],
          [
            390105.11,
            4760860.49
          ],
          [
            390078.44,
            4760833.83
          ],
          [
            390051.76,
            4760807.16
          ]
        ]
      },
      "properties": {
        "segment_id": 196,
        "step": 196,
        "length_m": 392.76,
        "elevation_start": 163.77,
        "elevation_end": 167.21,
        "slope_percent": 0.88,
        "cost_usd": 206196.97,
        "cost_per_m": 350.0,
        "cumulative_cost": 87558130.3,
        "cumulative_distance_m": 75056.52,
        "land_cover_class": 40,
        "land_cover_name": "cropland",
        "geohazard_risk": 0.0,
        "terrain_class": "flat",
        "crs": "EPSG:32633"
      }
    },
    {
      "type": "Feature",
      "geometry": {
        "type": "LineString",
        "coordinates": [
          [
            390051.76,
            4760807.16
          ],
          [
            390051.76,
            4760780.5
          ],
          [
            390051.76,
            4760753.83
          ],
          [
            390051.76,
            4760727.17
          ],
          [
            390025.09,
            4760700.51
          ],
          [
            389998.42,
            4760673.84
          ],
          [
            389971.75,
            4760647.18
          ],
          [
            389945.07,
            4760620.51
          ],
          [
            389918.4,
            4760593.85
          ],
          [
            389891.73,
            4760567.19
          ],
          [
            389865.06,
            4760540.52
          ],
          [
            389838.38,
            4760513.86
          ]
        ]
      },
      "properties": {
        "segment_id": 197,
        "step": 197,
        "length_m": 381.71,
        "elevation_start": 167.21,
        "elevation_end": 199.51,
        "slope_percent": 8.46,
        "cost_usd": 200395.46,
        "cost_per_m": 350.0,
        "cumulative_cost": 87758525.76,
        "cumulative_distance_m": 75438.23,
        "land_cover_class": 40,
        "land_cover_name": "cropland",
        "geohazard_risk": 0.0,
        "terrain_class": "rolling",
        "crs": "EPSG:32633"
      }
    },
    {
      "type": "Feature",
      "geometry": {
        "type": "LineString",
        "coordinates": [
          [
            389838.38,
            4760513.86
          ],
          [
            389811.71,
            4760487.2
          ],
          [
            389811.71,
            4760460.53
          ],
          [
            389785.04,
            4760433.87
          ],
          [
            389758.37,
            4760407.2
          ],
          [
            389731.7,
            4760380.54
          ],
          [
            389731.7,
            4760353.88
          ],
          [
            389731.7,
            4760327.21
          ],
          [
            389731.7,
            4760300.55
          ],
          [
            389731.7,
            4760273.89
          ],
          [
            389731.7,
            4760247.22
          ],
          [
            389731.7,
            4760220.56
          ],
          [
            389731.7,
            4760193.89
          ]
        ]
      },
      "properties": {
        "segment_id": 198,
        "step": 198,
        "length_m": 364.17,
        "elevation_start": 199.51,
        "elevation_end": 239.43,
        "slope_percent": 10.96,
        "cost_usd": 101966.9,
        "cost_per_m": 350.0,
        "cumulative_cost": 87860492.66,
        "cumulative_distance_m": 75802.39,
        "land_cover_class": 30,
        "land_cover_name": "grassland",
        "geohazard_risk": 0.0,
        "terrain_class": "hilly",
        "crs": "EPSG:32633"
      }
    },
    {
      "type": "Feature",
      "geometry": {
        "type": "LineString",
        "coordinates": [
          [
            389731.7,
            4760193.89
          ],
          [
            389758.37,
            4760167.23
          ],
          [
            389758.37,
            4760140.57
          ],
          [
            389785.04,
            4760113.9
          ],
          [
            389811.71,
            4760087.24
          ],
          [
            389838.38,
            4760060.58
          ],
          [
            389865.06,
            4760087.24
          ],
          [
            389891.73,
            4760113.9
          ],
          [
            389918.4,
            4760140.57
          ],
          [
            389945.07,
            4760140.57
          ],
          [
            389971.75,
            4760140.57
          ],
          [
            389998.42,
            4760140.57
          ]
        ]
      },
      "properties": {
        "segment_id": 199,
        "step": 199,
        "length_m": 370.68,
        "elevation_start": 239.43,
        "elevation_end": 303.93,
        "slope_percent": 17.4,
        "cost_usd": 103790.55,
        "cost_per_m": 350.0,
        "cumulative_cost": 87964283.2,
        "cumulative_distance_m": 76173.07,
        "land_cover_class": 30,
        "land_cover_name": "grassland",
        "geohazard_risk": 0.0,
        "terrain_class": "mountainous",
        "crs": "EPSG:32633"
      }
    },
    {
      "type": "Feature",
      "geometry": {
        "type": "LineString",
        "coordinates": [
          [
            389998.42,
            4760140.57
          ],
          [
            390025.09,
            4760113.9
          ],
          [
            390051.76,
            4760087.24
          ],
          [
            390078.44,
            4760060.58
          ],
          [
            390105.11,
            4760033.91
          ],
          [
            390105.11,
            4760007.25
          ],
          [
            390105.11,
            4759980.58
          ],
          [
            390078.44,
            4759953.92
          ],
          [
            390051.76,
            4759927.26
          ],
          [
            390025.09,
            4759900.59
          ],
          [
            389998.42,
            4759900.59
          ],
          [
            389971.75,
            4759900.59
          ],
          [
            389945.07,
            4759900.59
          ]
        ]
      },
      "properties": {
        "segment_id": 200,
        "step": 200,
        "length_m": 397.34,
        "elevation_start": 303.93,
        "elevation_end": 300.7,
        "slope_percent": 0.81,
        "cost_usd": 111256.41,
        "cost_per_m": 350.0,
        "cumulative_cost": 88075539.61,
        "cumulative_distance_m": 76570.42,
        "land_cover_class": 30,
        "land_cover_name": "grassland",
        "geohazard_risk": 0.0,
        "terrain_class": "flat",
        "crs": "EPSG:32633"
      }
    },
    {
      "type": "Feature",
      "geometry": {
        "type": "LineString",
        "coordinates": [
          [
            389945.07,
            4759900.59
          ],
          [
            389918.4,
            4759873.93
          ],
          [
            389891.73,
            4759847.26
          ],
          [
            389865.06,
            4759847.26
          ],
          [
            389838.38,
            4759820.6
          ],
          [
            389811.71,
            4759793.94
          ],
          [
            389785.04,
            4759767.27
          ],
          [
            389758.37,
            4759740.61
          ],
          [
            389731.7,
            4759713.95
          ],
          [
            389705.02,
            4759713.95
          ],
          [
            389678.35,
            4759713.95
          ],
          [
            389651.68,
            4759713.95
          ],
          [
            389625.01,
            4759713.95
          ]
        ]
      },
      "properties": {
        "segment_id": 201,
        "step": 201,
        "length_m": 397.36,
        "elevation_start": 300.7,
        "elevation_end": 327.12,
        "slope_percent": 6.65,
        "cost_usd": 208614.65,
        "cost_per_m": 350.0,
        "cumulative_cost": 88284154.26,
        "cumulative_distance_m": 76967.78,
        "land_cover_class": 40,
        "land_cover_name": "cropland",
        "geohazard_risk": 0.0,
        "terrain_class": "rolling",
        "crs": "EPSG:32633"
      }
    },
    {
      "type": "Feature",
      "geometry": {
        "type": "LineString",
        "coordinates": [
          [
            389625.01,
            4759713.95
          ],
          [
            389598.33,
            4759687.28
          ],
          [
            389625.01,
            4759660.62
          ],
          [
            389651.68,
            4759633.95
          ],
          [
            389678.35,
            4759607.29
          ],
          [
            389705.02,
            4759580.63
          ],
          [
            389731.7,
            4759553.96
          ],
          [
            389758.37,
            4759527.3
          ],
          [
            389758.37,
            4759500.64
          ],
          [
            389758.37,
            4759473.97
          ],
          [
            389758.37,
            4759447.31
          ],
          [
            389758.37,
            4759420.64
          ],
          [
            389758.37,
            4759393.98
          ]
        ]
      },
      "properties": {
        "segment_id": 202,
        "step": 202,
        "length_m": 397.32,
        "elevation_start": 327.12,
        "elevation_end": 302.06,
        "slope_percent": 6.31,
        "cost_usd": 111249.3,
        "cost_per_m": 350.0,
        "cumulative_cost": 88395403.57,
        "cumulative_distance_m": 77365.1,
        "land_cover_class": 30,
        "land_cover_name": "grassland",
        "geohazard_risk": 0.0,
        "terrain_class": "rolling",
        "crs": "EPSG:32633"
      }
    },
    {
      "type": "Feature",
      "geometry": {
        "type": "LineString",
        "coordinates": [
          [
            389758.37,
            4759393.98
          ],
          [
            389758.37,
            4759367.32
          ],
          [
            389785.04,
            4759340.65
          ],
          [
            389811.71,
            4759313.99
          ],
          [
            389811.71,
            4759287.33
          ],
          [
            389811.71,
            4759260.66
          ],
          [
            389811.71,
            4759234.0
          ],
          [
            389785.04,
            4759207.33
          ],
          [
            389785.04,
            4759180.67
          ],
          [
            389785.04,
            4759154.01
          ],
          [
            389785.04,
            4759127.34
          ],
          [
            389785.04,
            4759100.68
          ],
          [
            389811.71,
            4759074.01
          ]
        ]
      },
      "properties": {
        "segment_id": 203,
        "step": 203,
        "length_m": 364.17,
        "elevation_start": 302.06,
        "elevation_end": 300.87,
        "slope_percent": 0.33,
        "cost_usd": 191187.93,
        "cost_per_m": 350.0,
        "cumulative_cost": 88586591.5,
        "cumulative_distance_m": 77729.27,
        "land_cover_class": 40,
        "land_cover_name": "cropland",
        "geohazard_risk": 0.0,
        "terrain_class": "flat",
        "crs": "EPSG:32633"
      }
    },
    {
      "type": "Feature",
      "geometry": {
        "type": "LineString",
        "coordinates": [
          [
            389811.71,
            4759074.01
          ],
          [
            389838.38,
            4759047.35
          ],
          [
            389865.06,
            4759020.69
          ],
          [
            389891.73,
            4758994.02
          ],
          [
            389918.4,
            4758967.36
          ],
          [
            389945.07,
            4758940.7
          ],
          [
            389971.75,
            4758914.03
          ],
          [
            389998.42,
            4758887.37
          ],
          [
            390025.09,
            4758860.7
          ],
          [
            390051.76,
            4758834.04
          ],
          [
            390078.44,
            4758834.04
          ]
        ]
      },
      "properties": {
        "segment_id": 204,
        "step": 204,
        "length_m": 366.1,
        "elevation_start": 300.87,
        "elevation_end": 244.14,
        "slope_percent": 15.5,
        "cost_usd": 102508.22,
        "cost_per_m": 350.0,
        "cumulative_cost": 88689099.72,
        "cumulative_distance_m": 78095.37,
        "land_cover_class": 30,
        "land_cover_name": "grassland",
        "geohazard_risk": 0.0,
        "terrain_class": "mountainous",
        "crs": "EPSG:32633"
      }
    },
    {
      "type": "Feature",
      "geometry": {
        "type": "LineString",
        "coordinates": [
          [
            390078.44,
            4758834.04
          ],
          [
            390105.11,
            4758807.38
          ],
          [
            390105.11,
            4758780.71
          ],
          [
            390078.44,
            4758754.05
          ],
          [
            390078.44,
            4758727.39
          ],
          [
            390051.76,
            4758700.72
          ],
          [
            390025.09,
            4758674.06
          ],
          [
            389998.42,
            4758647.39
          ],
          [
            389971.75,
            4758620.73
          ],
          [
            389945.07,
            4758594.07
          ],
          [
            389918.4,
            4758567.4
          ],
          [
            389891.73,
            4758540.74
          ]
        ]
      },
      "properties": {
        "segment_id": 205,
        "step": 205,
        "length_m": 392.76,
        "elevation_start": 244.14,
        "elevation_end": 214.58,
        "slope_percent": 7.53,
        "cost_usd": 206196.97,
        "cost_per_m": 350.0,
        "cumulative_cost": 88895296.68,
        "cumulative_distance_m": 78488.12,
        "land_cover_class": 40,
        "land_cover_name": "cropland",
        "geohazard_risk": 0.0,
        "terrain_class": "rolling",
        "crs": "EPSG:32633"
      }
    },
    {
      "type": "Feature",
      "geometry": {
        "type": "LineString",
        "coordinates": [
          [
            389891.73,
            4758540.74
          ],
          [
            389891.73,
            4758514.08
          ],
          [
            389891.73,
            4758487.41
          ],
          [
            389918.4,
            4758460.75
          ],
          [
            389945.07,
            4758460.75
          ],
          [
            389971.75,
            4758460.75
          ],
          [
            389998.42,
            4758460.75
          ],
          [
            390025.09,
            4758460.75
          ],
          [
            390051.76,
            4758460.75
          ],
          [
            390078.44,
            4758460.75
          ],
          [
            390105.11,
            4758460.75
          ],
          [
            390131.78,
            4758460.75
          ],
          [
            390158.45,
            4758487.41
          ],
          [
            390185.12,
            4758487.41
          ],
          [
            390211.8,
            4758487.41
          ]
        ]
      },
      "properties": {
        "segment_id": 206,
        "step": 206,
        "length_m": 395.48,
        "elevation_start": 214.58,
        "elevation_end": 199.53,
        "slope_percent": 3.81,
        "cost_usd": 207626.31,
        "cost_per_m": 350.0,
        "cumulative_cost": 89102922.99,
        "cumulative_distance_m": 78883.6,
        "land_cover_class": 40,
        "land_cover_name": "cropland",
        "geohazard_risk": 0.0,
        "terrain_class": "flat",
        "crs": "EPSG:32633"
      }
    },
    {
      "type": "Feature",
      "geometry": {
        "type": "LineString",
        "coordinates": [
          [
            390211.8,
            4758487.41
          ],
          [
            390238.47,
            4758487.41
          ],
          [
            390265.14,
            4758487.41
          ],
          [
            390291.81,
            4758514.08
          ],
          [
            390318.49,
            4758540.74
          ],
          [
            390345.16,
            4758540.74
          ],
          [
            390371.83,
            4758540.74
          ],
          [
            390398.5,
            4758540.74
          ],
          [
            390425.17,
            4758540.74
          ],
          [
            390451.85,
            4758540.74
          ],
          [
            390478.52,
            4758540.74
          ],
          [
            390505.19,
            4758540.74
          ],
          [
            390531.86,
            4758567.4
          ],
          [
            390558.54,
            4758567.4
          ]
        ]
      },
      "properties": {
        "segment_id": 207,
        "step": 207,
        "length_m": 379.87,
        "elevation_start": 199.53,
        "elevation_end": 191.53,
        "slope_percent": 2.11,
        "cost_usd": 199429.32,
        "cost_per_m": 350.0,
        "cumulative_cost": 89302352.32,
        "cumulative_distance_m": 79263.47,
        "land_cover_class": 10,
        "land_cover_name": "tree_cover",
        "geohazard_risk": 0.0,
        "terrain_class": "flat",
        "crs": "EPSG:32633"
      }
    },
    {
      "type": "Feature",
      "geometry": {
        "type": "LineString",
        "coordinates": [
          [
            390558.54,
            4758567.4
          ],
          [
            390585.21,
            4758567.4
          ],
          [
            390611.88,
            4758567.4
          ],
          [
            390638.55,
            4758567.4
          ],
          [
            390665.22,
            4758567.4
          ],
          [
            390691.9,
            4758567.4
          ],
          [
            390718.57,
            4758567.4
          ],
          [
            390745.24,
            4758567.4
          ],
          [
            390771.91,
            4758567.4
          ],
          [
            390798.59,
            4758567.4
          ],
          [
            390825.26,
            4758567.4
          ],
          [
            390851.93,
            4758567.4
          ],
          [
            390878.6,
            4758567.4
          ],
          [
            390905.28,
            4758567.4
          ],
          [
            390931.95,
            4758540.74
          ]
        ]
      },
      "properties": {
        "segment_id": 208,
        "step": 208,
        "length_m": 384.45,
        "elevation_start": 191.53,
        "elevation_end": 186.41,
        "slope_percent": 1.33,
        "cost_usd": 201838.13,
        "cost_per_m": 350.0,
        "cumulative_cost": 89504190.44,
        "cumulative_distance_m": 79647.92,
        "land_cover_class": 10,
        "land_cover_name": "tree_cover",
        "geohazard_risk": 0.0,
        "terrain_class": "flat",
        "crs": "EPSG:32633"
      }
    },
    {
      "type": "Feature",
      "geometry": {
        "type": "LineString",
        "coordinates": [
          [
            390931.95,
            4758540.74
          ],
          [
            390958.62,
            4758540.74
          ],
          [
            390985.29,
            4758514.08
          ],
          [
            391011.96,
            4758514.08
          ],
          [
            391038.64,
            4758514.08
          ],
          [
            391065.31,
            4758487.41
          ],
          [
            391091.98,
            4758460.75
          ],
          [
            391118.65,
            4758460.75
          ],
          [
            391145.33,
            4758460.75
          ],
          [
            391172.0,
            4758434.08
          ],
          [
            391198.67,
            4758434.08
          ],
          [
            391225.34,
            4758434.08
          ],
          [
            391252.01,
            4758434.08
          ],
          [
            391278.69,
            4758434.08
          ]
        ]
      },
      "properties": {
        "segment_id": 209,
        "step": 209,
        "length_m": 390.91,
        "elevation_start": 186.41,
        "elevation_end": 181.35,
        "slope_percent": 1.3,
        "cost_usd": 205226.39,
        "cost_per_m": 350.0,
        "cumulative_cost": 89709416.83,
        "cumulative_distance_m": 80038.83,
        "land_cover_class": 10,
        "land_cover_name": "tree_cover",
        "geohazard_risk": 0.0,
        "terrain_class": "flat",
        "crs": "EPSG:32633"
      }
    },
    {
      "type": "Feature",
      "geometry": {
        "type": "LineString",
        "coordinates": [
          [
            391278.69,
            4758434.08
          ],
          [
            391305.36,
            4758434.08
          ],
          [
            391332.03,
            4758434.08
          ],
          [
            391358.7,
            4758407.42
          ],
          [
            391385.38,
            4758380.76
          ],
          [
            391412.05,
            4758354.09
          ],
          [
            391438.72,
            4758327.43
          ],
          [
            391465.39,
            4758327.43
          ],
          [
            391492.06,
            4758327.43
          ],
          [
            391518.74,
            4758300.76
          ],
          [
            391545.41,
            4758274.1
          ],
          [
            391572.08,
            4758247.44
          ],
          [
            391598.75,
            4758247.44
          ]
        ]
      },
      "properties": {
        "segment_id": 210,
        "step": 210,
        "length_m": 397.36,
        "elevation_start": 181.35,
        "elevation_end": 176.63,
        "slope_percent": 1.19,
        "cost_usd": 208614.65,
        "cost_per_m": 350.0,
        "cumulative_cost": 89918031.48,
        "cumulative_distance_m": 80436.19,
        "land_cover_class": 40,
        "land_cover_name": "cropland",
        "geohazard_risk": 0.0,
        "terrain_class": "flat",
        "crs": "EPSG:32633"
      }
    },
    {
      "type": "Feature",
      "geometry": {
        "type": "LineString",
        "coordinates": [
          [
            391598.75,
            4758247.44
          ],
          [
            391625.43,
            4758247.44
          ],
          [
            391652.1,
            4758247.44
          ],
          [
            391678.77,
            4758220.77
          ],
          [
            391705.44,
            4758194.11
          ],
          [
            391732.11,
            4758167.45
          ],
          [
            391758.79,
            4758140.78
          ],
          [
            391758.79,
            4758114.12
          ],
          [
            391732.11,
            4758087.45
          ],
          [
            391758.79,
            4758060.79
          ],
          [
            391785.46,
            4758034.13
          ],
          [
            391785.46,
            4758007.46
          ]
        ]
      },
      "properties": {
        "segment_id": 211,
        "step": 211,
        "length_m": 370.67,
        "elevation_start": 176.63,
        "elevation_end": 183.88,
        "slope_percent": 1.96,
        "cost_usd": 103788.18,
        "cost_per_m": 350.0,
        "cumulative_cost": 90021819.66,
        "cumulative_distance_m": 80806.86,
        "land_cover_class": 30,
        "land_cover_name": "grassland",
        "geohazard_risk": 0.0,
        "terrain_class": "flat",
        "crs": "EPSG:32633"
      }
    },
    {
      "type": "Feature",
      "geometry": {
        "type": "LineString",
        "coordinates": [
          [
            391785.46,
            4758007.46
          ],
          [
            391812.13,
            4757980.8
          ],
          [
            391812.13,
            4757954.14
          ],
          [
            391838.8,
            4757927.47
          ],
          [
            391865.48,
            4757900.81
          ],
          [
            391865.48,
            4757874.14
          ],
          [
            391892.15,
            4757847.48
          ],
          [
            391892.15,
            4757820.82
          ],
          [
            391918.82,
            4757794.15
          ],
          [
            391945.49,
            4757767.49
          ],
          [
            391972.17,
            4757767.49
          ],
          [
            391998.84,
            4757740.83
          ],
          [
            392025.51,
            4757740.83
          ]
        ]
      },
      "properties": {
        "segment_id": 212,
        "step": 212,
        "length_m": 397.34,
        "elevation_start": 183.88,
        "elevation_end": 171.77,
        "slope_percent": 3.05,
        "cost_usd": 111254.04,
        "cost_per_m": 350.0,
        "cumulative_cost": 90133073.7,
        "cumulative_distance_m": 81204.2,
        "land_cover_class": 30,
        "land_cover_name": "grassland",
        "geohazard_risk": 0.0,
        "terrain_class": "flat",
        "crs": "EPSG:32633"
      }
    },
    {
      "type": "Feature",
      "geometry": {
        "type": "LineString",
        "coordinates": [
          [
            392025.51,
            4757740.83
          ],
          [
            392052.18,
            4757740.83
          ],
          [
            392078.85,
            4757714.16
          ],
          [
            392105.53,
            4757714.16
          ],
          [
            392132.2,
            4757714.16
          ],
          [
            392158.87,
            4757714.16
          ],
          [
            392185.54,
            4757714.16
          ],
          [
            392212.22,
            4757714.16
          ],
          [
            392238.89,
            4757714.16
          ],
          [
            392265.56,
            4757687.5
          ],
          [
            392292.23,
            4757660.83
          ],
          [
            392318.9,
            4757634.17
          ],
          [
            392345.58,
            4757607.51
          ]
        ]
      },
      "properties": {
        "segment_id": 213,
        "step": 213,
        "length_m": 375.28,
        "elevation_start": 171.77,
        "elevation_end": 165.5,
        "slope_percent": 1.67,
        "cost_usd": 6567350.69,
        "cost_per_m": 350.0,
        "cumulative_cost": 96700424.39,
        "cumulative_distance_m": 81579.47,
        "land_cover_class": 50,
        "land_cover_name": "built_up",
        "geohazard_risk": 0.0,
        "terrain_class": "flat",
        "crs": "EPSG:32633"
      }
    },
    {
      "type": "Feature",
      "geometry": {
        "type": "LineString",
        "coordinates": [
          [
            392345.58,
            4757607.51
          ],
          [
            392372.25,
            4757607.51
          ],
          [
            392398.92,
            4757607.51
          ],
          [
            392425.59,
            4757580.84
          ],
          [
            392452.27,
            4757554.18
          ],
          [
            392478.94,
            4757527.51
          ],
          [
            392505.61,
            4757500.85
          ],
          [
            392532.28,
            4757474.19
          ],
          [
            392558.95,
            4757474.19
          ],
          [
            392585.63,
            4757474.19
          ],
          [
            392612.3,
            4757474.19
          ],
          [
            392638.97,
            4757474.19
          ],
          [
            392665.64,
            4757447.52
          ]
        ]
      },
      "properties": {
        "segment_id": 214,
        "step": 214,
        "length_m": 386.32,
        "elevation_start": 165.5,
        "elevation_end": 164.97,
        "slope_percent": 0.14,
        "cost_usd": 202817.59,
        "cost_per_m": 350.0,
        "cumulative_cost": 96903241.98,
        "cumulative_distance_m": 81965.79,
        "land_cover_class": 40,
        "land_cover_name": "cropland",
        "geohazard_risk": 0.0,
        "terrain_class": "flat",
        "crs": "EPSG:32633"
      }
    },
    {
      "type": "Feature",
      "geometry": {
        "type": "LineString",
        "coordinates": [
          [
            392665.64,
            4757447.52
          ],
          [
            392692.32,
            4757420.86
          ],
          [
            392718.99,
            4757420.86
          ],
          [
            392745.66,
            4757420.86
          ],
          [
            392772.33,
            4757420.86
          ],
          [
            392799.01,
            4757420.86
          ],
          [
            392825.68,
            4757420.86
          ],
          [
            392852.35,
            4757420.86
          ],
          [
            392879.02,
            4757420.86
          ],
          [
            392905.69,
            4757420.86
          ],
          [
            392932.37,
            4757394.2
          ],
          [
            392959.04,
            4757367.53
          ],
          [
            392985.71,
            4757367.53
          ],
          [
            393012.38,
            4757367.53
          ]
        ]
      },
      "properties": {
        "segment_id": 215,
        "step": 215,
        "length_m": 379.87,
        "elevation_start": 164.97,
        "elevation_end": 155.43,
        "slope_percent": 2.51,
        "cost_usd": 199429.32,
        "cost_per_m": 350.0,
        "cumulative_cost": 97102671.3,
        "cumulative_distance_m": 82345.66,
        "land_cover_class": 40,
        "land_cover_name": "cropland",
        "geohazard_risk": 0.0,
        "terrain_class": "flat",
        "crs": "EPSG:32633"
      }
    },
    {
      "type": "Feature",
      "geometry": {
        "type": "LineString",
        "coordinates": [
          [
            393012.38,
            4757367.53
          ],
          [
            393039.06,
            4757340.87
          ],
          [
            393065.73,
            4757314.2
          ],
          [
            393092.4,
            4757287.54
          ],
          [
            393119.07,
            4757314.2
          ],
          [
            393145.74,
            4757340.87
          ],
          [
            393172.42,
            4757367.53
          ],
          [
            393199.09,
            4757394.2
          ],
          [
            393225.76,
            4757394.2
          ],
          [
            393252.43,
            4757394.2
          ],
          [
            393279.11,
            4757394.2
          ],
          [
            393305.78,
            4757394.2
          ],
          [
            393332.45,
            4757394.2
          ]
        ]
      },
      "properties": {
        "segment_id": 216,
        "step": 216,
        "length_m": 397.36,
        "elevation_start": 155.43,
        "elevation_end": 154.52,
        "slope_percent": 0.23,
        "cost_usd": 208614.65,
        "cost_per_m": 350.0,
        "cumulative_cost": 97311285.95,
        "cumulative_distance_m": 82743.02,
        "land_cover_class": 40,
        "land_cover_name": "cropland",
        "geohazard_risk": 0.0,
        "terrain_class": "flat",
        "crs": "EPSG:32633"
      }
    },
    {
      "type": "Feature",
      "geometry": {
        "type": "LineString",
        "coordinates": [
          [
            393332.45,
            4757394.2
          ],
          [
            393359.12,
            4757394.2
          ],
          [
            393385.79,
            4757394.2
          ],
          [
            393412.47,
            4757394.2
          ],
          [
            393439.14,
            4757394.2
          ],
          [
            393465.81,
            4757394.2
          ],
          [
            393492.48,
            4757394.2
          ],
          [
            393519.16,
            4757394.2
          ],
          [
            393545.83,
            4757394.2
          ],
          [
            393572.5,
            4757394.2
          ],
          [
            393599.17,
            4757394.2
          ],
          [
            393625.84,
            4757394.2
          ],
          [
            393652.52,
            4757394.2
          ],
          [
            393679.19,
            4757394.2
          ],
          [
            393705.86,
            4757394.2
          ]
        ]
      },
      "properties": {
        "segment_id": 217,
        "step": 217,
        "length_m": 373.41,
        "elevation_start": 154.52,
        "elevation_end": 158.39,
        "slope_percent": 1.04,
        "cost_usd": 196041.06,
        "cost_per_m": 350.0,
        "cumulative_cost": 97507327.02,
        "cumulative_distance_m": 83116.43,
        "land_cover_class": 40,
        "land_cover_name": "cropland",
        "geohazard_risk": 0.0,
        "terrain_class": "flat",
        "crs": "EPSG:32633"
      }
    },
    {
      "type": "Feature",
      "geometry": {
        "type": "LineString",
        "coordinates": [
          [
            393705.86,
            4757394.2
          ],
          [
            393732.53,
            4757367.53
          ],
          [
            393759.21,
            4757340.87
          ],
          [
            393785.88,
            4757314.2
          ],
          [
            393812.55,
            4757287.54
          ],
          [
            393812.55,
            4757260.88
          ],
          [
            393812.55,
            4757234.21
          ],
          [
            393839.22,
            4757207.55
          ],
          [
            393839.22,
            4757180.89
          ],
          [
            393865.9,
            4757154.22
          ],
          [
            393865.9,
            4757127.56
          ],
          [
            393865.9,
            4757100.89
          ],
          [
            393865.9,
            4757074.23
          ]
        ]
      },
      "properties": {
        "segment_id": 218,
        "step": 218,
        "length_m": 386.27,
        "elevation_start": 158.39,
        "elevation_end": 201.84,
        "slope_percent": 11.25,
        "cost_usd": 162232.75,
        "cost_per_m": 350.0,
        "cumulative_cost": 97669559.77,
        "cumulative_distance_m": 83502.7,
        "land_cover_class": 20,
        "land_cover_name": "shrubland",
        "geohazard_risk": 0.0,
        "terrain_class": "hilly",
        "crs": "EPSG:32633"
      }
    },
    {
      "type": "Feature",
      "geometry": {
        "type": "LineString",
        "coordinates": [
          [
            393865.9,
            4757074.23
          ],
          [
            393865.9,
            4757047.57
          ],
          [
            393865.9,
            4757020.9
          ],
          [
            393892.57,
            4756994.24
          ],
          [
            393919.24,
            4756967.58
          ],
          [
            393945.91,
            4756940.91
          ],
          [
            393972.58,
            4756914.25
          ],
          [
            393999.26,
            4756914.25
          ],
          [
            394025.93,
            4756914.25
          ],
          [
            394052.6,
            4756914.25
          ],
          [
            394079.27,
            4756914.25
          ],
          [
            394105.95,
            4756914.25
          ],
          [
            394132.62,
            4756914.25
          ]
        ]
      },
      "properties": {
        "segment_id": 219,
        "step": 219,
        "length_m": 364.22,
        "elevation_start": 201.84,
        "elevation_end": 235.25,
        "slope_percent": 9.17,
        "cost_usd": 101981.11,
        "cost_per_m": 350.0,
        "cumulative_cost": 97771540.87,
        "cumulative_distance_m": 83866.92,
        "land_cover_class": 30,
        "land_cover_name": "grassland",
        "geohazard_risk": 0.0,
        "terrain_class": "rolling",
        "crs": "EPSG:32633"
      }
    },
    {
      "type": "Feature",
      "geometry": {
        "type": "LineString",
        "coordinates": [
          [
            394132.62,
            4756914.25
          ],
          [
            394159.29,
            4756940.91
          ],
          [
            394185.96,
            4756967.58
          ],
          [
            394212.63,
            4756967.58
          ],
          [
            394239.31,
            4756940.91
          ],
          [
            394265.98,
            4756914.25
          ],
          [
            394265.98,
            4756887.58
          ],
          [
            394265.98,
            4756860.92
          ],
          [
            394265.98,
            4756834.26
          ],
          [
            394265.98,
            4756807.59
          ],
          [
            394265.98,
            4756780.93
          ],
          [
            394265.98,
            4756754.26
          ],
          [
            394265.98,
            4756727.6
          ],
          [
            394265.98,
            4756700.94
          ]
        ]
      },
      "properties": {
        "segment_id": 220,
        "step": 220,
        "length_m": 390.84,
        "elevation_start": 235.25,
        "elevation_end": 274.7,
        "slope_percent": 10.09,
        "cost_usd": 109435.13,
        "cost_per_m": 350.0,
        "cumulative_cost": 97880976.0,
        "cumulative_distance_m": 84257.76,
        "land_cover_class": 30,
        "land_cover_name": "grassland",
        "geohazard_risk": 0.0,
        "terrain_class": "hilly",
        "crs": "EPSG:32633"
      }
    },
    {
      "type": "Feature",
      "geometry": {
        "type": "LineString",
        "coordinates": [
          [
            394265.98,
            4756700.94
          ],
          [
            394265.98,
            4756674.27
          ],
          [
            394292.65,
            4756647.61
          ],
          [
            394319.32,
            4756620.95
          ],
          [
            394319.32,
            4756594.28
          ],
          [
            394319.32,
            4756567.62
          ],
          [
            394292.65,
            4756540.95
          ],
          [
            394265.98,
            4756514.29
          ],
          [
            394239.31,
            4756487.63
          ],
          [
            394212.63,
            4756460.96
          ],
          [
            394212.63,
            4756434.3
          ],
          [
            394212.63,
            4756407.64
          ],
          [
            394212.63,
            4756380.97
          ]
        ]
      },
      "properties": {
        "segment_id": 221,
        "step": 221,
        "length_m": 386.27,
        "elevation_start": 274.7,
        "elevation_end": 319.21,
        "slope_percent": 11.52,
        "cost_usd": 108155.17,
        "cost_per_m": 350.0,
        "cumulative_cost": 97989131.17,
        "cumulative_distance_m": 84644.03,
        "land_cover_class": 30,
        "land_cover_name": "grassland",
        "geohazard_risk": 0.0,
        "terrain_class": "hilly",
        "crs": "EPSG:32633"
      }
    },
    {
      "type": "Feature",
      "geometry": {
        "type": "LineString",
        "coordinates": [
          [
            394212.63,
            4756380.97
          ],
          [
            394212.63,
            4756354.31
          ],
          [
            394239.31,
            4756327.64
          ],
          [
            394239.31,
            4756300.98
          ],
          [
            394239.31,
            4756274.32
          ],
          [
            394239.31,
            4756247.65
          ],
          [
            394239.31,
            4756220.99
          ],
          [
            394239.31,
            4756194.32
          ],
          [
            394239.31,
            4756167.66
          ],
          [
            394212.63,
            4756141.0
          ],
          [
            394239.31,
            4756114.33
          ],
          [
            394239.31,
            4756087.67
          ],
          [
            394239.31,
            4756061.01
          ],
          [
            394239.31,
            4756034.34
          ]
        ]
      },
      "properties": {
        "segment_id": 222,
        "step": 222,
        "length_m": 379.78,
        "elevation_start": 319.21,
        "elevation_end": 341.15,
        "slope_percent": 5.78,
        "cost_usd": 106338.62,
        "cost_per_m": 350.0,
        "cumulative_cost": 98095469.79,
        "cumulative_distance_m": 85023.81,
        "land_cover_class": 30,
        "land_cover_name": "grassland",
        "geohazard_risk": 0.0,
        "terrain_class": "rolling",
        "crs": "EPSG:32633"
      }
    },
    {
      "type": "Feature",
      "geometry": {
        "type": "LineString",
        "coordinates": [
          [
            394239.31,
            4756034.34
          ],
          [
            394239.31,
            4756007.68
          ],
          [
            394239.31,
            4755981.01
          ],
          [
            394239.31,
            4755954.35
          ],
          [
            394239.31,
            4755927.69
          ],
          [
            394212.63,
            4755901.02
          ],
          [
            394185.96,
            4755874.36
          ],
          [
            394159.29,
            4755847.7
          ],
          [
            394132.62,
            4755821.03
          ],
          [
            394105.95,
            4755821.03
          ],
          [
            394079.27,
            4755821.03
          ],
          [
            394052.6,
            4755821.03
          ],
          [
            394025.93,
            4755794.37
          ]
        ]
      },
      "properties": {
        "segment_id": 223,
        "step": 223,
        "length_m": 375.24,
        "elevation_start": 341.15,
        "elevation_end": 348.28,
        "slope_percent": 1.9,
        "cost_usd": 105068.14,
        "cost_per_m": 350.0,
        "cumulative_cost": 98200537.93,
        "cumulative_distance_m": 85399.05,
        "land_cover_class": 30,
        "land_cover_name": "grassland",
        "geohazard_risk": 0.0,
        "terrain_class": "flat",
        "crs": "EPSG:32633"
      }
    },
    {
      "type": "Feature",
      "geometry": {
        "type": "LineString",
        "coordinates": [
          [
            394025.93,
            4755794.37
          ],
          [
            393999.26,
            4755794.37
          ],
          [
            393972.58,
            4755767.7
          ],
          [
            393945.91,
            4755741.04
          ],
          [
            393919.24,
            4755714.38
          ],
          [
            393892.57,
            4755714.38
          ],
          [
            393865.9,
            4755714.38
          ],
          [
            393839.22,
            4755687.71
          ],
          [
            393812.55,
            4755661.05
          ],
          [
            393839.22,
            4755634.39
          ],
          [
            393812.55,
            4755607.72
          ],
          [
            393812.55,
            4755581.06
          ],
          [
            393812.55,
            4755554.39
          ]
        ]
      },
      "properties": {
        "segment_id": 224,
        "step": 224,
        "length_m": 397.34,
        "elevation_start": 348.28,
        "elevation_end": 372.31,
        "slope_percent": 6.05,
        "cost_usd": 208605.77,
        "cost_per_m": 350.0,
        "cumulative_cost": 98409143.7,
        "cumulative_distance_m": 85796.4,
        "land_cover_class": 40,
        "land_cover_name": "cropland",
        "geohazard_risk": 0.0,
        "terrain_class": "rolling",
        "crs": "EPSG:32633"
      }
    },
    {
      "type": "Feature",
      "geometry": {
        "type": "LineString",
        "coordinates": [
          [
            393812.55,
            4755554.39
          ],
          [
            393812.55,
            4755527.73
          ],
          [
            393839.22,
            4755501.07
          ],
          [
            393865.9,
            4755474.4
          ],
          [
            393892.57,
            4755474.4
          ],
          [
            393919.24,
            4755474.4
          ],
          [
            393945.91,
            4755474.4
          ],
          [
            393972.58,
            4755474.4
          ],
          [
            393999.26,
            4755474.4
          ],
          [
            394025.93,
            4755474.4
          ],
          [
            394052.6,
            4755474.4
          ],
          [
            394079.27,
            4755474.4
          ],
          [
            394105.95,
            4755474.4
          ],
          [
            394132.62,
            4755474.4
          ]
        ]
      },
      "properties": {
        "segment_id": 225,
        "step": 225,
        "length_m": 368.81,
        "elevation_start": 372.31,
        "elevation_end": 302.33,
        "slope_percent": 18.97,
        "cost_usd": 103268.17,
        "cost_per_m": 350.0,
        "cumulative_cost": 98512411.87,
        "cumulative_distance_m": 86165.21,
        "land_cover_class": 30,
        "land_cover_name": "grassland",
        "geohazard_risk": 0.0,
        "terrain_class": "mountainous",
        "crs": "EPSG:32633"
      }
    },
    {
      "type": "Feature",
      "geometry": {
        "type": "LineString",
        "coordinates": [
          [
            394132.62,
            4755474.4
          ],
          [
            394159.29,
            4755501.07
          ],
          [
            394185.96,
            4755501.07
          ],
          [
            394212.63,
            4755501.07
          ],
          [
            394239.31,
            4755501.07
          ],
          [
            394265.98,
            4755501.07
          ],
          [
            394292.65,
            4755474.4
          ],
          [
            394292.65,
            4755447.74
          ],
          [
            394292.65,
            4755421.07
          ],
          [
            394292.65,
            4755394.41
          ],
          [
            394319.32,
            4755367.75
          ],
          [
            394346.0,
            4755341.08
          ],
          [
            394372.67,
            4755314.42
          ]
        ]
      },
      "properties": {
        "segment_id": 226,
        "step": 226,
        "length_m": 375.25,
        "elevation_start": 302.33,
        "elevation_end": 260.52,
        "slope_percent": 11.14,
        "cost_usd": 157605.76,
        "cost_per_m": 350.0,
        "cumulative_cost": 98670017.62,
        "cumulative_distance_m": 86540.46,
        "land_cover_class": 20,
        "land_cover_name": "shrubland",
        "geohazard_risk": 0.0,
        "terrain_class": "hilly",
        "crs": "EPSG:32633"
      }
    },
    {
      "type": "Feature",
      "geometry": {
        "type": "LineString",
        "coordinates": [
          [
            394372.67,
            4755314.42
          ],
          [
            394399.34,
            4755287.76
          ],
          [
            394426.01,
            4755261.09
          ],
          [
            394452.68,
            4755234.43
          ],
          [
            394479.36,
            4755207.76
          ],
          [
            394506.03,
            4755181.1
          ],
          [
            394532.7,
            4755154.44
          ],
          [
            394559.37,
            4755127.77
          ],
          [
            394586.05,
            4755101.11
          ],
          [
            394612.72,
            4755074.45
          ],
          [
            394639.39,
            4755047.78
          ]
        ]
      },
      "properties": {
        "segment_id": 227,
        "step": 227,
        "length_m": 377.14,
        "elevation_start": 260.52,
        "elevation_end": 197.86,
        "slope_percent": 16.61,
        "cost_usd": 105599.99,
        "cost_per_m": 350.0,
        "cumulative_cost": 98775617.61,
        "cumulative_distance_m": 86917.6,
        "land_cover_class": 30,
        "land_cover_name": "grassland",
        "geohazard_risk": 0.0,
        "terrain_class": "mountainous",
        "crs": "EPSG:32633"
      }
    },
    {
      "type": "Feature",
      "geometry": {
        "type": "LineString",
        "coordinates": [
          [
            394639.39,
            4755047.78
          ],
          [
            394666.06,
            4755021.12
          ],
          [
            394666.06,
            4754994.45
          ],
          [
            394666.06,
            4754967.79
          ],
          [
            394692.74,
            4754941.13
          ],
          [
            394692.74,
            4754914.46
          ],
          [
            394719.41,
            4754887.8
          ],
          [
            394746.08,
            4754861.14
          ],
          [
            394772.75,
            4754834.47
          ],
          [
            394799.42,
            4754807.81
          ],
          [
            394826.1,
            4754781.14
          ],
          [
            394852.77,
            4754754.48
          ]
        ]
      },
      "properties": {
        "segment_id": 228,
        "step": 228,
        "length_m": 381.71,
        "elevation_start": 197.86,
        "elevation_end": 182.44,
        "slope_percent": 4.04,
        "cost_usd": 200395.46,
        "cost_per_m": 350.0,
        "cumulative_cost": 98976013.07,
        "cumulative_distance_m": 87299.31,
        "land_cover_class": 10,
        "land_cover_name": "tree_cover",
        "geohazard_risk": 0.0,
        "terrain_class": "flat",
        "crs": "EPSG:32633"
      }
    },
    {
      "type": "Feature",
      "geometry": {
        "type": "LineString",
        "coordinates": [
          [
            394852.77,
            4754754.48
          ],
          [
            394879.44,
            4754727.82
          ],
          [
            394906.11,
            4754701.15
          ],
          [
            394906.11,
            4754674.49
          ],
          [
            394906.11,
            4754647.82
          ],
          [
            394932.79,
            4754621.16
          ],
          [
            394932.79,
            4754594.5
          ],
          [
            394959.46,
            4754567.83
          ],
          [
            394959.46,
            4754541.17
          ],
          [
            394959.46,
            4754514.51
          ],
          [
            394959.46,
            4754487.84
          ],
          [
            394986.13,
            4754461.18
          ],
          [
            394986.13,
            4754434.51
          ]
        ]
      },
      "properties": {
        "segment_id": 229,
        "step": 229,
        "length_m": 375.22,
        "elevation_start": 182.44,
        "elevation_end": 171.13,
        "slope_percent": 3.01,
        "cost_usd": 105061.03,
        "cost_per_m": 350.0,
        "cumulative_cost": 99081074.1,
        "cumulative_distance_m": 87674.53,
        "land_cover_class": 30,
        "land_cover_name": "grassland",
        "geohazard_risk": 0.0,
        "terrain_class": "flat",
        "crs": "EPSG:32633"
      }
    },
    {
      "type": "Feature",
      "geometry": {
        "type": "LineString",
        "coordinates": [
          [
            394986.13,
            4754434.51
          ],
          [
            394986.13,
            4754407.85
          ],
          [
            394986.13,
            4754381.19
          ],
          [
            394986.13,
            4754354.52
          ],
          [
            394986.13,
            4754327.86
          ],
          [
            394986.13,
            4754301.2
          ],
          [
            395012.8,
            4754274.53
          ],
          [
            395039.47,
            4754247.87
          ],
          [
            395039.47,
            4754221.2
          ],
          [
            395066.15,
            4754194.54
          ],
          [
            395092.82,
            4754167.88
          ],
          [
            395119.49,
            4754141.21
          ],
          [
            395146.16,
            4754141.21
          ]
        ]
      },
      "properties": {
        "segment_id": 230,
        "step": 230,
        "length_m": 375.23,
        "elevation_start": 171.13,
        "elevation_end": 155.52,
        "slope_percent": 4.16,
        "cost_usd": 105063.4,
        "cost_per_m": 350.0,
        "cumulative_cost": 99186137.5,
        "cumulative_distance_m": 88049.75,
        "land_cover_class": 30,
        "land_cover_name": "grassland",
        "geohazard_risk": 0.0,
        "terrain_class": "flat",
        "crs": "EPSG:32633"
      }
    },
    {
      "type": "Feature",
      "geometry": {
        "type": "LineString",
        "coordinates": [
          [
            395146.16,
            4754141.21
          ],
          [
            395172.84,
            4754141.21
          ],
          [
            395199.51,
            4754141.21
          ],
          [
            395226.18,
            4754167.88
          ],
          [
            395252.85,
            4754194.54
          ],
          [
            395279.52,
            4754221.2
          ],
          [
            395306.2,
            4754247.87
          ],
          [
            395332.87,
            4754274.53
          ],
          [
            395359.54,
            4754274.53
          ],
          [
            395386.21,
            4754274.53
          ],
          [
            395412.89,
            4754274.53
          ],
          [
            395439.56,
            4754274.53
          ],
          [
            395466.23,
            4754301.2
          ]
        ]
      },
      "properties": {
        "segment_id": 231,
        "step": 231,
        "length_m": 386.32,
        "elevation_start": 155.52,
        "elevation_end": 180.94,
        "slope_percent": 6.58,
        "cost_usd": 202817.59,
        "cost_per_m": 350.0,
        "cumulative_cost": 99388955.09,
        "cumulative_distance_m": 88436.07,
        "land_cover_class": 10,
        "land_cover_name": "tree_cover",
        "geohazard_risk": 0.0,
        "terrain_class": "rolling",
        "crs": "EPSG:32633"
      }
    },
    {
      "type": "Feature",
      "geometry": {
        "type": "LineString",
        "coordinates": [
          [
            395466.23,
            4754301.2
          ],
          [
            395492.9,
            4754301.2
          ],
          [
            395519.57,
            4754301.2
          ],
          [
            395546.25,
            4754327.86
          ],
          [
            395572.92,
            4754354.52
          ],
          [
            395599.59,
            4754381.19
          ],
          [
            395626.26,
            4754407.85
          ],
          [
            395626.26,
            4754434.51
          ],
          [
            395652.94,
            4754461.18
          ],
          [
            395679.61,
            4754487.84
          ],
          [
            395706.28,
            4754487.84
          ],
          [
            395732.95,
            4754487.84
          ],
          [
            395759.63,
            4754487.84
          ]
        ]
      },
      "properties": {
        "segment_id": 232,
        "step": 232,
        "length_m": 386.31,
        "elevation_start": 180.94,
        "elevation_end": 222.55,
        "slope_percent": 10.77,
        "cost_usd": 202813.14,
        "cost_per_m": 350.0,
        "cumulative_cost": 99591768.23,
        "cumulative_distance_m": 88822.38,
        "land_cover_class": 10,
        "land_cover_name": "tree_cover",
        "geohazard_risk": 0.0,
        "terrain_class": "hilly",
        "crs": "EPSG:32633"
      }
    },
    {
      "type": "Feature",
      "geometry": {
        "type": "LineString",
        "coordinates": [
          [
            395759.63,
            4754487.84
          ],
          [
            395786.3,
            4754514.51
          ],
          [
            395812.97,
            4754514.51
          ],
          [
            395839.64,
            4754514.51
          ],
          [
            395866.31,
            4754487.84
          ],
          [
            395866.31,
            4754461.18
          ],
          [
            395866.31,
            4754434.51
          ],
          [
            395866.31,
            4754407.85
          ],
          [
            395866.31,
            4754381.19
          ],
          [
            395892.99,
            4754354.52
          ],
          [
            395892.99,
            4754327.86
          ],
          [
            395892.99,
            4754301.2
          ],
          [
            395892.99,
            4754274.53
          ],
          [
            395919.66,
            4754247.87
          ]
        ]
      },
      "properties": {
        "segment_id": 233,
        "step": 233,
        "length_m": 390.85,
        "elevation_start": 222.55,
        "elevation_end": 239.49,
        "slope_percent": 4.33,
        "cost_usd": 109437.49,
        "cost_per_m": 350.0,
        "cumulative_cost": 99701205.73,
        "cumulative_distance_m": 89213.23,
        "land_cover_class": 30,
        "land_cover_name": "grassland",
        "geohazard_risk": 0.0,
        "terrain_class": "flat",
        "crs": "EPSG:32633"
      }
    },
    {
      "type": "Feature",
      "geometry": {
        "type": "LineString",
        "coordinates": [
          [
            395919.66,
            4754247.87
          ],
          [
            395946.33,
            4754221.2
          ],
          [
            395946.33,
            4754194.54
          ],
          [
            395946.33,
            4754167.88
          ],
          [
            395946.33,
            4754141.21
          ],
          [
            395946.33,
            4754114.55
          ],
          [
            395973.0,
            4754087.89
          ],
          [
            395999.68,
            4754061.22
          ],
          [
            396026.35,
            4754034.56
          ],
          [
            396053.02,
            4754034.56
          ],
          [
            396079.69,
            4754034.56
          ],
          [
            396106.36,
            4754034.56
          ],
          [
            396133.04,
            4754007.89
          ]
        ]
      },
      "properties": {
        "segment_id": 234,
        "step": 234,
        "length_m": 375.24,
        "elevation_start": 239.49,
        "elevation_end": 196.96,
        "slope_percent": 11.34,
        "cost_usd": 105068.14,
        "cost_per_m": 350.0,
        "cumulative_cost": 99806273.86,
        "cumulative_distance_m": 89588.48,
        "land_cover_class": 30,
        "land_cover_name": "grassland",
        "geohazard_risk": 0.0,
        "terrain_class": "hilly",
        "crs": "EPSG:32633"
      }
    },
    {
      "type": "Feature",
      "geometry": {
        "type": "LineString",
        "coordinates": [
          [
            396133.04,
            4754007.89
          ],
          [
            396159.71,
            4754007.89
          ],
          [
            396186.38,
            4754007.89
          ],
          [
            396213.05,
            4753981.23
          ],
          [
            396239.73,
            4753981.23
          ],
          [
            396266.4,
            4753981.23
          ],
          [
            396293.07,
            4753954.57
          ],
          [
            396319.74,
            4753927.9
          ],
          [
            396346.41,
            4753901.24
          ],
          [
            396373.09,
            4753874.57
          ],
          [
            396399.76,
            4753847.91
          ],
          [
            396426.43,
            4753821.25
          ],
          [
            396426.43,
            4753794.58
          ]
        ]
      },
      "properties": {
        "segment_id": 235,
        "step": 235,
        "length_m": 397.35,
        "elevation_start": 196.96,
        "elevation_end": 150.8,
        "slope_percent": 11.62,
        "cost_usd": 166888.17,
        "cost_per_m": 350.0,
        "cumulative_cost": 99973162.03,
        "cumulative_distance_m": 89985.83,
        "land_cover_class": 20,
        "land_cover_name": "shrubland",
        "geohazard_risk": 0.0,
        "terrain_class": "hilly",
        "crs": "EPSG:32633"
      }
    },
    {
      "type": "Feature",
      "geometry": {
        "type": "LineString",
        "coordinates": [
          [
            396426.43,
            4753794.58
          ],
          [
            396453.1,
            4753767.92
          ],
          [
            396479.78,
            4753741.26
          ],
          [
            396506.45,
            4753714.59
          ],
          [
            396533.12,
            4753687.93
          ],
          [
            396559.79,
            4753661.26
          ],
          [
            396586.47,
            4753634.6
          ],
          [
            396613.14,
            4753634.6
          ],
          [
            396639.81,
            4753634.6
          ],
          [
            396666.48,
            4753634.6
          ],
          [
            396693.15,
            4753607.94
          ],
          [
            396719.83,
            4753607.94
          ],
          [
            396746.5,
            4753607.94
          ]
        ]
      },
      "properties": {
        "segment_id": 236,
        "step": 236,
        "length_m": 397.36,
        "elevation_start": 150.8,
        "elevation_end": 122.58,
        "slope_percent": 7.1,
        "cost_usd": 208614.65,
        "cost_per_m": 350.0,
        "cumulative_cost": 100181776.68,
        "cumulative_distance_m": 90383.19,
        "land_cover_class": 40,
        "land_cover_name": "cropland",
        "geohazard_risk": 0.0,
        "terrain_class": "rolling",
        "crs": "EPSG:32633"
      }
    },
    {
      "type": "Feature",
      "geometry": {
        "type": "LineString",
        "coordinates": [
          [
            396746.5,
            4753607.94
          ],
          [
            396773.17,
            4753607.94
          ],
          [
            396799.84,
            4753607.94
          ],
          [
            396826.52,
            4753607.94
          ],
          [
            396853.19,
            4753607.94
          ],
          [
            396879.86,
            4753607.94
          ],
          [
            396906.53,
            4753581.27
          ],
          [
            396933.2,
            4753554.61
          ],
          [
            396959.88,
            4753527.95
          ],
          [
            396986.55,
            4753501.28
          ],
          [
            397013.22,
            4753474.62
          ],
          [
            397039.89,
            4753447.95
          ],
          [
            397066.57,
            4753421.29
          ]
        ]
      },
      "properties": {
        "segment_id": 237,
        "step": 237,
        "length_m": 397.36,
        "elevation_start": 122.58,
        "elevation_end": 106.87,
        "slope_percent": 3.95,
        "cost_usd": 208614.65,
        "cost_per_m": 350.0,
        "cumulative_cost": 100390391.33,
        "cumulative_distance_m": 90780.55,
        "land_cover_class": 40,
        "land_cover_name": "cropland",
        "geohazard_risk": 0.0,
        "terrain_class": "flat",
        "crs": "EPSG:32633"
      }
    },
    {
      "type": "Feature",
      "geometry": {
        "type": "LineString",
        "coordinates": [
          [
            397066.57,
            4753421.29
          ],
          [
            397093.24,
            4753394.63
          ],
          [
            397119.91,
            4753367.96
          ],
          [
            397146.58,
            4753341.3
          ],
          [
            397173.25,
            4753314.64
          ],
          [
            397173.25,
            4753287.97
          ],
          [
            397173.25,
            4753261.31
          ],
          [
            397173.25,
            4753234.64
          ],
          [
            397199.93,
            4753207.98
          ],
          [
            397199.93,
            4753181.32
          ],
          [
            397199.93,
            4753154.65
          ],
          [
            397199.93,
            4753127.99
          ],
          [
            397226.6,
            4753101.32
          ]
        ]
      },
      "properties": {
        "segment_id": 238,
        "step": 238,
        "length_m": 386.27,
        "elevation_start": 106.87,
        "elevation_end": 99.6,
        "slope_percent": 1.88,
        "cost_usd": 162232.75,
        "cost_per_m": 350.0,
        "cumulative_cost": 100552624.09,
        "cumulative_distance_m": 91166.82,
        "land_cover_class": 20,
        "land_cover_name": "shrubland",
        "geohazard_risk": 0.0,
        "terrain_class": "flat",
        "crs": "EPSG:32633"
      }
    },
    {
      "type": "Feature",
      "geometry": {
        "type": "LineString",
        "coordinates": [
          [
            397226.6,
            4753101.32
          ],
          [
            397226.6,
            4753074.66
          ],
          [
            397253.27,
            4753048.0
          ],
          [
            397279.94,
            4753021.33
          ],
          [
            397306.62,
            4752994.67
          ],
          [
            397333.29,
            4752968.01
          ],
          [
            397359.96,
            4752941.34
          ],
          [
            397386.63,
            4752914.68
          ],
          [
            397413.3,
            4752888.01
          ],
          [
            397439.98,
            4752861.35
          ],
          [
            397466.65,
            4752834.69
          ],
          [
            397493.32,
            4752834.69
          ]
        ]
      },
      "properties": {
        "segment_id": 239,
        "step": 239,
        "length_m": 392.76,
        "elevation_start": 99.6,
        "elevation_end": 88.61,
        "slope_percent": 2.8,
        "cost_usd": 206201.41,
        "cost_per_m": 350.0,
        "cumulative_cost": 100758825.49,
        "cumulative_distance_m": 91559.58,
        "land_cover_class": 10,
        "land_cover_name": "tree_cover",
        "geohazard_risk": 0.0,
        "terrain_class": "flat",
        "crs": "EPSG:32633"
      }
    },
    {
      "type": "Feature",
      "geometry": {
        "type": "LineString",
        "coordinates": [
          [
            397493.32,
            4752834.69
          ],
          [
            397519.99,
            4752834.69
          ],
          [
            397546.67,
            4752834.69
          ],
          [
            397573.34,
            4752834.69
          ],
          [
            397600.01,
            4752834.69
          ],
          [
            397626.68,
            4752834.69
          ],
          [
            397653.36,
            4752834.69
          ],
          [
            397680.03,
            4752834.69
          ],
          [
            397706.7,
            4752834.69
          ],
          [
            397733.37,
            4752861.35
          ],
          [
            397760.04,
            4752861.35
          ],
          [
            397786.72,
            4752861.35
          ],
          [
            397813.39,
            4752861.35
          ],
          [
            397840.06,
            4752861.35
          ],
          [
            397866.73,
            4752861.35
          ]
        ]
      },
      "properties": {
        "segment_id": 240,
        "step": 240,
        "length_m": 384.45,
        "elevation_start": 88.61,
        "elevation_end": 84.31,
        "slope_percent": 1.12,
        "cost_usd": 201838.13,
        "cost_per_m": 350.0,
        "cumulative_cost": 100960663.62,
        "cumulative_distance_m": 91944.04,
        "land_cover_class": 10,
        "land_cover_name": "tree_cover",
        "geohazard_risk": 0.0,
        "terrain_class": "flat",
        "crs": "EPSG:32633"
      }
    },
    {
      "type": "Feature",
      "geometry": {
        "type": "LineString",
        "coordinates": [
          [
            397866.73,
            4752861.35
          ],
          [
            397893.41,
            4752861.35
          ],
          [
            397920.08,
            4752834.69
          ],
          [
            397946.75,
            4752808.02
          ],
          [
            397973.42,
            4752781.36
          ],
          [
            398000.09,
            4752781.36
          ],
          [
            398026.77,
            4752754.7
          ],
          [
            398053.44,
            4752728.03
          ],
          [
            398080.11,
            4752701.37
          ],
          [
            398106.78,
            4752701.37
          ],
          [
            398133.46,
            4752674.7
          ],
          [
            398160.13,
            4752648.04
          ]
        ]
      },
      "properties": {
        "segment_id": 241,
        "step": 241,
        "length_m": 381.73,
        "elevation_start": 84.31,
        "elevation_end": 75.58,
        "slope_percent": 2.29,
        "cost_usd": 200408.78,
        "cost_per_m": 350.0,
        "cumulative_cost": 101161072.4,
        "cumulative_distance_m": 92325.77,
        "land_cover_class": 40,
        "land_cover_name": "cropland",
        "geohazard_risk": 0.0,
        "terrain_class": "flat",
        "crs": "EPSG:32633"
      }
    },
    {
      "type": "Feature",
      "geometry": {
        "type": "LineString",
        "coordinates": [
          [
            398160.13,
            4752648.04
          ],
          [
            398186.8,
            4752621.38
          ],
          [
            398213.47,
            4752621.38
          ],
          [
            398240.14,
            4752594.71
          ],
          [
            398266.82,
            4752568.05
          ],
          [
            398293.49,
            4752568.05
          ],
          [
            398320.16,
            4752568.05
          ],
          [
            398346.83,
            4752568.05
          ],
          [
            398373.51,
            4752568.05
          ],
          [
            398400.18,
            4752541.39
          ],
          [
            398426.85,
            4752514.72
          ],
          [
            398453.52,
            4752488.06
          ],
          [
            398480.2,
            4752461.39
          ]
        ]
      },
      "properties": {
        "segment_id": 242,
        "step": 242,
        "length_m": 397.36,
        "elevation_start": 75.58,
        "elevation_end": 76.51,
        "slope_percent": 0.23,
        "cost_usd": 208614.65,
        "cost_per_m": 350.0,
        "cumulative_cost": 101369687.05,
        "cumulative_distance_m": 92723.13,
        "land_cover_class": 10,
        "land_cover_name": "tree_cover",
        "geohazard_risk": 0.0,
        "terrain_class": "flat",
        "crs": "EPSG:32633"
      }
    },
    {
      "type": "Feature",
      "geometry": {
        "type": "LineString",
        "coordinates": [
          [
            398480.2,
            4752461.39
          ],
          [
            398506.87,
            4752434.73
          ],
          [
            398533.54,
            4752434.73
          ],
          [
            398560.21,
            4752434.73
          ],
          [
            398586.88,
            4752434.73
          ],
          [
            398613.56,
            4752408.07
          ],
          [
            398640.23,
            4752381.4
          ],
          [
            398666.9,
            4752354.74
          ],
          [
            398693.57,
            4752328.07
          ],
          [
            398720.25,
            4752301.41
          ],
          [
            398746.92,
            4752274.75
          ],
          [
            398773.59,
            4752274.75
          ]
        ]
      },
      "properties": {
        "segment_id": 243,
        "step": 243,
        "length_m": 370.69,
        "elevation_start": 76.51,
        "elevation_end": 70.98,
        "slope_percent": 1.49,
        "cost_usd": 155689.37,
        "cost_per_m": 350.0,
        "cumulative_cost": 101525376.42,
        "cumulative_distance_m": 93093.82,
        "land_cover_class": 20,
        "land_cover_name": "shrubland",
        "geohazard_risk": 0.0,
        "terrain_class": "flat",
        "crs": "EPSG:32633"
      }
    },
    {
      "type": "Feature",
      "geometry": {
        "type": "LineString",
        "coordinates": [
          [
            398773.59,
            4752274.75
          ],
          [
            398800.26,
            4752248.08
          ],
          [
            398826.93,
            4752221.42
          ],
          [
            398853.61,
            4752194.76
          ],
          [
            398880.28,
            4752168.09
          ],
          [
            398906.95,
            4752141.43
          ],
          [
            398906.95,
            4752114.76
          ],
          [
            398906.95,
            4752088.1
          ],
          [
            398906.95,
            4752061.44
          ],
          [
            398906.95,
            4752034.77
          ],
          [
            398906.95,
            4752008.11
          ],
          [
            398906.95,
            4751981.45
          ],
          [
            398906.95,
            4751954.78
          ]
        ]
      },
      "properties": {
        "segment_id": 244,
        "step": 244,
        "length_m": 375.22,
        "elevation_start": 70.98,
        "elevation_end": 71.65,
        "slope_percent": 0.18,
        "cost_usd": 196989.43,
        "cost_per_m": 350.0,
        "cumulative_cost": 101722365.86,
        "cumulative_distance_m": 93469.04,
        "land_cover_class": 10,
        "land_cover_name": "tree_cover",
        "geohazard_risk": 0.0,
        "terrain_class": "flat",
        "crs": "EPSG:32633"
      }
    },
    {
      "type": "Feature",
      "geometry": {
        "type": "LineString",
        "coordinates": [
          [
            398906.95,
            4751954.78
          ],
          [
            398906.95,
            4751928.12
          ],
          [
            398906.95,
            4751901.45
          ],
          [
            398906.95,
            4751874.79
          ],
          [
            398906.95,
            4751848.13
          ],
          [
            398906.95,
            4751821.46
          ],
          [
            398906.95,
            4751794.8
          ],
          [
            398906.95,
            4751768.14
          ],
          [
            398906.95,
            4751741.47
          ],
          [
            398906.95,
            4751714.81
          ],
          [
            398906.95,
            4751688.14
          ],
          [
            398906.95,
            4751661.48
          ],
          [
            398906.95,
            4751634.82
          ],
          [
            398906.95,
            4751608.15
          ],
          [
            398906.95,
            4751581.49
          ],
          [
            398906.95,
            4751554.82
          ]
        ]
      },
      "properties": {
        "segment_id": 245,
        "step": 245,
        "length_m": 399.96,
        "elevation_start": 71.65,
        "elevation_end": 75.1,
        "slope_percent": 0.86,
        "cost_usd": 209977.38,
        "cost_per_m": 350.0,
        "cumulative_cost": 101932343.24,
        "cumulative_distance_m": 93868.99,
        "land_cover_class": 10,
        "land_cover_name": "tree_cover",
        "geohazard_risk": 0.0,
        "terrain_class": "flat",
        "crs": "EPSG:32633"
      }
    },
    {
      "type": "Feature",
      "geometry": {
        "type": "LineString",
        "coordinates": [
          [
            398906.95,
            4751554.82
          ],
          [
            398906.95,
            4751528.16
          ],
          [
            398906.95,
            4751501.5
          ],
          [
            398906.95,
            4751474.83
          ],
          [
            398906.95,
            4751448.17
          ],
          [
            398933.62,
            4751421.51
          ],
          [
            398933.62,
            4751394.84
          ],
          [
            398933.62,
            4751368.18
          ],
          [
            398933.62,
            4751341.51
          ],
          [
            398933.62,
            4751314.85
          ],
          [
            398933.62,
            4751288.19
          ],
          [
            398960.3,
            4751261.52
          ],
          [
            398986.97,
            4751234.86
          ],
          [
            399013.64,
            4751208.2
          ]
        ]
      },
      "properties": {
        "segment_id": 246,
        "step": 246,
        "length_m": 390.83,
        "elevation_start": 75.1,
        "elevation_end": 67.88,
        "slope_percent": 1.85,
        "cost_usd": 109432.76,
        "cost_per_m": 350.0,
        "cumulative_cost": 102041776.0,
        "cumulative_distance_m": 94259.83,
        "land_cover_class": 30,
        "land_cover_name": "grassland",
        "geohazard_risk": 0.0,
        "terrain_class": "flat",
        "crs": "EPSG:32633"
      }
    },
    {
      "type": "Feature",
      "geometry": {
        "type": "LineString",
        "coordinates": [
          [
            399013.64,
            4751208.2
          ],
          [
            399040.31,
            4751181.53
          ],
          [
            399066.98,
            4751154.87
          ],
          [
            399093.66,
            4751128.2
          ],
          [
            399093.66,
            4751101.54
          ],
          [
            399093.66,
            4751074.88
          ],
          [
            399120.33,
            4751048.21
          ],
          [
            399147.0,
            4751021.55
          ],
          [
            399147.0,
            4750994.89
          ],
          [
            399147.0,
            4750968.22
          ],
          [
            399147.0,
            4750941.56
          ],
          [
            399173.67,
            4750914.89
          ],
          [
            399200.35,
            4750888.23
          ]
        ]
      },
      "properties": {
        "segment_id": 247,
        "step": 247,
        "length_m": 397.32,
        "elevation_start": 67.88,
        "elevation_end": 63.73,
        "slope_percent": 1.04,
        "cost_usd": 111249.3,
        "cost_per_m": 350.0,
        "cumulative_cost": 102153025.3,
        "cumulative_distance_m": 94657.14,
        "land_cover_class": 30,
        "land_cover_name": "grassland",
        "geohazard_risk": 0.0,
        "terrain_class": "flat",
        "crs": "EPSG:32633"
      }
    },
    {
      "type": "Feature",
      "geometry": {
        "type": "LineString",
        "coordinates": [
          [
            399200.35,
            4750888.23
          ],
          [
            399227.02,
            4750861.57
          ],
          [
            399227.02,
            4750834.9
          ],
          [
            399253.69,
            4750808.24
          ],
          [
            399253.69,
            4750781.57
          ],
          [
            399280.36,
            4750754.91
          ],
          [
            399307.03,
            4750728.25
          ],
          [
            399333.71,
            4750701.58
          ],
          [
            399360.38,
            4750674.92
          ],
          [
            399387.05,
            4750648.26
          ],
          [
            399413.72,
            4750621.59
          ],
          [
            399440.4,
            4750594.93
          ]
        ]
      },
      "properties": {
        "segment_id": 248,
        "step": 248,
        "length_m": 392.76,
        "elevation_start": 63.73,
        "elevation_end": 54.13,
        "slope_percent": 2.45,
        "cost_usd": 206196.97,
        "cost_per_m": 350.0,
        "cumulative_cost": 102359222.27,
        "cumulative_distance_m": 95049.9,
        "land_cover_class": 10,
        "land_cover_name": "tree_cover",
        "geohazard_risk": 0.0,
        "terrain_class": "flat",
        "crs": "EPSG:32633"
      }
    },
    {
      "type": "Feature",
      "geometry": {
        "type": "LineString",
        "coordinates": [
          [
            399440.4,
            4750594.93
          ],
          [
            399440.4,
            4750568.26
          ],
          [
            399467.07,
            4750541.6
          ],
          [
            399493.74,
            4750514.94
          ],
          [
            399520.41,
            4750488.27
          ],
          [
            399547.09,
            4750461.61
          ],
          [
            399573.76,
            4750434.95
          ],
          [
            399600.43,
            4750408.28
          ],
          [
            399627.1,
            4750381.62
          ],
          [
            399653.77,
            4750354.95
          ],
          [
            399680.45,
            4750328.29
          ]
        ]
      },
      "properties": {
        "segment_id": 249,
        "step": 249,
        "length_m": 366.09,
        "elevation_start": 54.13,
        "elevation_end": 65.18,
        "slope_percent": 3.02,
        "cost_usd": 192198.47,
        "cost_per_m": 350.0,
        "cumulative_cost": 102551420.74,
        "cumulative_distance_m": 95415.99,
        "land_cover_class": 10,
        "land_cover_name": "tree_cover",
        "geohazard_risk": 0.0,
        "terrain_class": "flat",
        "crs": "EPSG:32633"
      }
    },
    {
      "type": "Feature",
      "geometry": {
        "type": "LineString",
        "coordinates": [
          [
            399680.45,
            4750328.29
          ],
          [
            399707.12,
            4750301.63
          ],
          [
            399733.79,
            4750274.96
          ],
          [
            399760.46,
            4750248.3
          ],
          [
            399787.14,
            4750248.3
          ],
          [
            399813.81,
            4750248.3
          ],
          [
            399840.48,
            4750248.3
          ],
          [
            399867.15,
            4750248.3
          ],
          [
            399893.82,
            4750248.3
          ],
          [
            399920.5,
            4750221.64
          ],
          [
            399947.17,
            4750194.97
          ],
          [
            399973.84,
            4750168.31
          ],
          [
            400000.51,
            4750168.31
          ]
        ]
      },
      "properties": {
        "segment_id": 250,
        "step": 250,
        "length_m": 386.32,
        "elevation_start": 65.18,
        "elevation_end": 50.57,
        "slope_percent": 3.78,
        "cost_usd": 202817.59,
        "cost_per_m": 350.0,
        "cumulative_cost": 102754238.33,
        "cumulative_distance_m": 95802.31,
        "land_cover_class": 10,
        "land_cover_name": "tree_cover",
        "geohazard_risk": 0.0,
        "terrain_class": "flat",
        "crs": "EPSG:32633"
      }
    },
    {
      "type": "Feature",
      "geometry": {
        "type": "LineString",
        "coordinates": [
          [
            400000.51,
            4750168.31
          ],
          [
            400027.19,
            4750168.31
          ],
          [
            400053.86,
            4750168.31
          ],
          [
            400080.53,
            4750141.64
          ],
          [
            400107.2,
            4750114.98
          ],
          [
            400133.87,
            4750114.98
          ],
          [
            400160.55,
            4750114.98
          ],
          [
            400187.22,
            4750114.98
          ],
          [
            400213.89,
            4750088.32
          ],
          [
            400240.56,
            4750061.65
          ],
          [
            400267.24,
            4750034.99
          ],
          [
            400293.91,
            4750008.32
          ],
          [
            400320.58,
            4749981.66
          ]
        ]
      },
      "properties": {
        "segment_id": 251,
        "step": 251,
        "length_m": 397.36,
        "elevation_start": 50.57,
        "elevation_end": 49.68,
        "slope_percent": 0.22,
        "cost_usd": 208614.65,
        "cost_per_m": 350.0,
        "cumulative_cost": 102962852.98,
        "cumulative_distance_m": 96199.67,
        "land_cover_class": 40,
        "land_cover_name": "cropland",
        "geohazard_risk": 0.0,
        "terrain_class": "flat",
        "crs": "EPSG:32633"
      }
    },
    {
      "type": "Feature",
      "geometry": {
        "type": "LineString",
        "coordinates": [
          [
            400320.58,
            4749981.66
          ],
          [
            400347.25,
            4749981.66
          ],
          [
            400373.93,
            4749981.66
          ],
          [
            400400.6,
            4749981.66
          ],
          [
            400427.27,
            4749981.66
          ],
          [
            400453.94,
            4749981.66
          ],
          [
            400480.61,
            4749981.66
          ],
          [
            400507.29,
            4749981.66
          ],
          [
            400533.96,
            4750008.32
          ],
          [
            400560.63,
            4750008.32
          ],
          [
            400587.3,
            4750008.32
          ],
          [
            400613.98,
            4749981.66
          ],
          [
            400640.65,
            4749981.66
          ],
          [
            400667.32,
            4749981.66
          ]
        ]
      },
      "properties": {
        "segment_id": 252,
        "step": 252,
        "length_m": 368.82,
        "elevation_start": 49.68,
        "elevation_end": 68.67,
        "slope_percent": 5.15,
        "cost_usd": 193632.26,
        "cost_per_m": 350.0,
        "cumulative_cost": 103156485.24,
        "cumulative_distance_m": 96568.5,
        "land_cover_class": 10,
        "land_cover_name": "tree_cover",
        "geohazard_risk": 0.0,
        "terrain_class": "rolling",
        "crs": "EPSG:32633"
      }
    },
    {
      "type": "Feature",
      "geometry": {
        "type": "LineString",
        "coordinates": [
          [
            400667.32,
            4749981.66
          ],
          [
            400693.99,
            4749955.0
          ],
          [
            400720.66,
            4749928.33
          ],
          [
            400747.34,
            4749901.67
          ],
          [
            400774.01,
            4749901.67
          ],
          [
            400800.68,
            4749901.67
          ],
          [
            400827.35,
            4749875.01
          ],
          [
            400854.03,
            4749875.01
          ],
          [
            400880.7,
            4749848.34
          ],
          [
            400907.37,
            4749821.68
          ],
          [
            400934.04,
            4749795.01
          ],
          [
            400960.71,
            4749768.35
          ]
        ]
      },
      "properties": {
        "segment_id": 253,
        "step": 253,
        "length_m": 381.73,
        "elevation_start": 68.67,
        "elevation_end": 82.86,
        "slope_percent": 3.72,
        "cost_usd": 106884.68,
        "cost_per_m": 350.0,
        "cumulative_cost": 103263369.92,
        "cumulative_distance_m": 96950.23,
        "land_cover_class": 30,
        "land_cover_name": "grassland",
        "geohazard_risk": 0.0,
        "terrain_class": "flat",
        "crs": "EPSG:32633"
      }
    },
    {
      "type": "Feature",
      "geometry": {
        "type": "LineString",
        "coordinates": [
          [
            400960.71,
            4749768.35
          ],
          [
            400987.39,
            4749741.69
          ],
          [
            401014.06,
            4749715.02
          ],
          [
            401040.73,
            4749688.36
          ],
          [
            401067.4,
            4749661.7
          ],
          [
            401094.08,
            4749635.03
          ],
          [
            401120.75,
            4749608.37
          ],
          [
            401147.42,
            4749581.7
          ],
          [
            401174.09,
            4749555.04
          ],
          [
            401200.76,
            4749528.38
          ],
          [
            401227.44,
            4749501.71
          ]
        ]
      },
      "properties": {
        "segment_id": 254,
        "step": 254,
        "length_m": 377.14,
        "elevation_start": 82.86,
        "elevation_end": 94.47,
        "slope_percent": 3.08,
        "cost_usd": 105599.99,
        "cost_per_m": 350.0,
        "cumulative_cost": 103368969.91,
        "cumulative_distance_m": 97327.37,
        "land_cover_class": 30,
        "land_cover_name": "grassland",
        "geohazard_risk": 0.0,
        "terrain_class": "flat",
        "crs": "EPSG:32633"
      }
    },
    {
      "type": "Feature",
      "geometry": {
        "type": "LineString",
        "coordinates": [
          [
            401227.44,
            4749501.71
          ],
          [
            401254.11,
            4749475.05
          ],
          [
            401280.78,
            4749475.05
          ],
          [
            401307.45,
            4749448.38
          ],
          [
            401334.13,
            4749421.72
          ],
          [
            401360.8,
            4749395.06
          ],
          [
            401387.47,
            4749368.39
          ],
          [
            401414.14,
            4749341.73
          ],
          [
            401440.82,
            4749341.73
          ],
          [
            401440.82,
            4749368.39
          ],
          [
            401467.49,
            4749395.06
          ],
          [
            401494.16,
            4749395.06
          ],
          [
            401520.83,
            4749395.06
          ]
        ]
      },
      "properties": {
        "segment_id": 255,
        "step": 255,
        "length_m": 397.35,
        "elevation_start": 94.47,
        "elevation_end": 104.48,
        "slope_percent": 2.52,
        "cost_usd": 208610.21,
        "cost_per_m": 350.0,
        "cumulative_cost": 103577580.12,
        "cumulative_distance_m": 97724.72,
        "land_cover_class": 10,
        "land_cover_name": "tree_cover",
        "geohazard_risk": 0.0,
        "terrain_class": "flat",
        "crs": "EPSG:32633"
      }
    },
    {
      "type": "Feature",
      "geometry": {
        "type": "LineString",
        "coordinates": [
          [
            401520.83,
            4749395.06
          ],
          [
            401547.5,
            4749368.39
          ],
          [
            401574.18,
            4749341.73
          ],
          [
            401600.85,
            4749315.07
          ],
          [
            401627.52,
            4749288.4
          ],
          [
            401654.19,
            4749261.74
          ],
          [
            401680.87,
            4749235.07
          ],
          [
            401707.54,
            4749235.07
          ],
          [
            401734.21,
            4749235.07
          ],
          [
            401760.88,
            4749235.07
          ],
          [
            401787.55,
            4749235.07
          ],
          [
            401814.23,
            4749235.07
          ],
          [
            401840.9,
            4749235.07
          ]
        ]
      },
      "properties": {
        "segment_id": 256,
        "step": 256,
        "length_m": 386.32,
        "elevation_start": 104.48,
        "elevation_end": 73.48,
        "slope_percent": 8.02,
        "cost_usd": 202817.59,
        "cost_per_m": 350.0,
        "cumulative_cost": 103780397.7,
        "cumulative_distance_m": 98111.04,
        "land_cover_class": 40,
        "land_cover_name": "cropland",
        "geohazard_risk": 0.0,
        "terrain_class": "rolling",
        "crs": "EPSG:32633"
      }
    },
    {
      "type": "Feature",
      "geometry": {
        "type": "LineString",
        "coordinates": [
          [
            401840.9,
            4749235.07
          ],
          [
            401867.57,
            4749261.74
          ],
          [
            401894.24,
            4749261.74
          ],
          [
            401920.92,
            4749261.74
          ],
          [
            401947.59,
            4749261.74
          ],
          [
            401974.26,
            4749261.74
          ],
          [
            402000.93,
            4749288.4
          ],
          [
            402027.6,
            4749288.4
          ],
          [
            402054.28,
            4749288.4
          ],
          [
            402080.95,
            4749288.4
          ],
          [
            402107.62,
            4749288.4
          ],
          [
            402134.29,
            4749288.4
          ],
          [
            402160.97,
            4749288.4
          ],
          [
            402187.64,
            4749288.4
          ]
        ]
      },
      "properties": {
        "segment_id": 257,
        "step": 257,
        "length_m": 368.82,
        "elevation_start": 73.48,
        "elevation_end": 69.98,
        "slope_percent": 0.95,
        "cost_usd": 193632.26,
        "cost_per_m": 350.0,
        "cumulative_cost": 103974029.96,
        "cumulative_distance_m": 98479.87,
        "land_cover_class": 10,
        "land_cover_name": "tree_cover",
        "geohazard_risk": 0.0,
        "terrain_class": "flat",
        "crs": "EPSG:32633"
      }
    },
    {
      "type": "Feature",
      "geometry": {
        "type": "LineString",
        "coordinates": [
          [
            402187.64,
            4749288.4
          ],
          [
            402214.31,
            4749315.07
          ],
          [
            402240.98,
            4749315.07
          ],
          [
            402267.66,
            4749315.07
          ],
          [
            402294.33,
            4749315.07
          ],
          [
            402321.0,
            4749315.07
          ],
          [
            402347.67,
            4749315.07
          ],
          [
            402374.34,
            4749315.07
          ],
          [
            402401.02,
            4749341.73
          ],
          [
            402427.69,
            4749368.39
          ],
          [
            402454.36,
            4749368.39
          ],
          [
            402481.03,
            4749368.39
          ],
          [
            402507.71,
            4749368.39
          ],
          [
            402534.38,
            4749368.39
          ]
        ]
      },
      "properties": {
        "segment_id": 258,
        "step": 258,
        "length_m": 379.87,
        "elevation_start": 69.98,
        "elevation_end": 65.54,
        "slope_percent": 1.17,
        "cost_usd": 106362.31,
        "cost_per_m": 350.0,
        "cumulative_cost": 104080392.27,
        "cumulative_distance_m": 98859.73,
        "land_cover_class": 30,
        "land_cover_name": "grassland",
        "geohazard_risk": 0.0,
        "terrain_class": "flat",
        "crs": "EPSG:32633"
      }
    },
    {
      "type": "Feature",
      "geometry": {
        "type": "LineString",
        "coordinates": [
          [
            402534.38,
            4749368.39
          ],
          [
            402561.05,
            4749368.39
          ],
          [
            402587.72,
            4749395.06
          ],
          [
            402614.39,
            4749421.72
          ],
          [
            402641.07,
            4749448.38
          ],
          [
            402667.74,
            4749475.05
          ],
          [
            402694.41,
            4749475.05
          ],
          [
            402721.08,
            4749475.05
          ],
          [
            402747.76,
            4749475.05
          ],
          [
            402774.43,
            4749475.05
          ],
          [
            402801.1,
            4749475.05
          ],
          [
            402827.77,
            4749475.05
          ],
          [
            402854.44,
            4749475.05
          ],
          [
            402881.12,
            4749475.05
          ]
        ]
      },
      "properties": {
        "segment_id": 259,
        "step": 259,
        "length_m": 390.91,
        "elevation_start": 65.54,
        "elevation_end": 41.43,
        "slope_percent": 6.17,
        "cost_usd": 205226.39,
        "cost_per_m": 350.0,
        "cumulative_cost": 104285618.66,
        "cumulative_distance_m": 99250.64,
        "land_cover_class": 40,
        "land_cover_name": "cropland",
        "geohazard_risk": 0.0,
        "terrain_class": "rolling",
        "crs": "EPSG:32633"
      }
    },
    {
      "type": "Feature",
      "geometry": {
        "type": "LineString",
        "coordinates": [
          [
            402881.12,
            4749475.05
          ],
          [
            402907.79,
            4749475.05
          ],
          [
            402934.46,
            4749475.05
          ],
          [
            402961.13,
            4749475.05
          ],
          [
            402987.81,
            4749475.05
          ],
          [
            403014.48,
            4749475.05
          ],
          [
            403041.15,
            4749475.05
          ],
          [
            403067.82,
            4749475.05
          ],
          [
            403094.49,
            4749475.05
          ],
          [
            403121.17,
            4749475.05
          ],
          [
            403147.84,
            4749475.05
          ],
          [
            403174.51,
            4749475.05
          ],
          [
            403201.18,
            4749475.05
          ],
          [
            403227.86,
            4749475.05
          ],
          [
            403254.53,
            4749475.05
          ]
        ]
      },
      "properties": {
        "segment_id": 260,
        "step": 260,
        "length_m": 373.41,
        "elevation_start": 41.43,
        "elevation_end": 56.87,
        "slope_percent": 4.13,
        "cost_usd": 196041.06,
        "cost_per_m": 350.0,
        "cumulative_cost": 104481659.72,
        "cumulative_distance_m": 99624.05,
        "land_cover_class": 10,
        "land_cover_name": "tree_cover",
        "geohazard_risk": 0.0,
        "terrain_class": "flat",
        "crs": "EPSG:32633"
      }
    },
    {
      "type": "Feature",
      "geometry": {
        "type": "LineString",
        "coordinates": [
          [
            403254.53,
            4749475.05
          ],
          [
            403281.2,
            4749475.05
          ],
          [
            403307.87,
            4749475.05
          ],
          [
            403334.55,
            4749475.05
          ],
          [
            403361.22,
            4749475.05
          ],
          [
            403387.89,
            4749475.05
          ],
          [
            403414.56,
            4749475.05
          ],
          [
            403441.23,
            4749475.05
          ],
          [
            403467.91,
            4749475.05
          ],
          [
            403494.58,
            4749475.05
          ],
          [
            403521.25,
            4749475.05
          ],
          [
            403547.92,
            4749475.05
          ],
          [
            403574.6,
            4749475.05
          ],
          [
            403601.27,
            4749475.05
          ],
          [
            403627.94,
            4749501.71
          ]
        ]
      },
      "properties": {
        "segment_id": 261,
        "step": 261,
        "length_m": 384.45,
        "elevation_start": 56.87,
        "elevation_end": 51.14,
        "slope_percent": 1.49,
        "cost_usd": 201838.13,
        "cost_per_m": 350.0,
        "cumulative_cost": 104683497.85,
        "cumulative_distance_m": 100008.5,
        "land_cover_class": 40,
        "land_cover_name": "cropland",
        "geohazard_risk": 0.0,
        "terrain_class": "flat",
        "crs": "EPSG:32633"
      }
    },
    {
      "type": "Feature",
      "geometry": {
        "type": "LineString",
        "coordinates": [
          [
            403627.94,
            4749501.71
          ],
          [
            403654.61,
            4749528.38
          ],
          [
            403681.28,
            4749555.04
          ],
          [
            403707.96,
            4749581.7
          ],
          [
            403734.63,
            4749608.37
          ],
          [
            403761.3,
            4749635.03
          ],
          [
            403787.97,
            4749661.7
          ],
          [
            403814.65,
            4749661.7
          ],
          [
            403841.32,
            4749661.7
          ],
          [
            403867.99,
            4749661.7
          ],
          [
            403894.66,
            4749661.7
          ],
          [
            403921.33,
            4749661.7
          ],
          [
            403948.01,
            4749661.7
          ]
        ]
      },
      "properties": {
        "segment_id": 262,
        "step": 262,
        "length_m": 386.32,
        "elevation_start": 51.14,
        "elevation_end": 45.07,
        "slope_percent": 1.57,
        "cost_usd": 202817.59,
        "cost_per_m": 350.0,
        "cumulative_cost": 104886315.43,
        "cumulative_distance_m": 100394.82,
        "land_cover_class": 40,
        "land_cover_name": "cropland",
        "geohazard_risk": 0.0,
        "terrain_class": "flat",
        "crs": "EPSG:32633"
      }
    },
    {
      "type": "Feature",
      "geometry": {
        "type": "LineString",
        "coordinates": [
          [
            403948.01,
            4749661.7
          ],
          [
            403974.68,
            4749661.7
          ],
          [
            404001.35,
            4749661.7
          ],
          [
            404028.02,
            4749661.7
          ],
          [
            404054.7,
            4749688.36
          ],
          [
            404081.37,
            4749715.02
          ],
          [
            404108.04,
            4749741.69
          ],
          [
            404134.71,
            4749768.35
          ],
          [
            404161.39,
            4749795.01
          ],
          [
            404188.06,
            4749821.68
          ],
          [
            404214.73,
            4749848.34
          ],
          [
            404241.4,
            4749875.01
          ]
        ]
      },
      "properties": {
        "segment_id": 263,
        "step": 263,
        "length_m": 381.73,
        "elevation_start": 45.07,
        "elevation_end": 49.47,
        "slope_percent": 1.15,
        "cost_usd": 200408.78,
        "cost_per_m": 350.0,
        "cumulative_cost": 105086724.22,
        "cumulative_distance_m": 100776.55,
        "land_cover_class": 40,
        "land_cover_name": "cropland",
        "geohazard_risk": 0.0,
        "terrain_class": "flat",
        "crs": "EPSG:32633"
      }
    },
    {
      "type": "Feature",
      "geometry": {
        "type": "LineString",
        "coordinates": [
          [
            404241.4,
            4749875.01
          ],
          [
            404268.07,
            4749901.67
          ],
          [
            404294.75,
            4749928.33
          ],
          [
            404321.42,
            4749955.0
          ],
          [
            404348.09,
            4749981.66
          ],
          [
            404374.76,
            4750008.32
          ],
          [
            404401.44,
            4750034.99
          ],
          [
            404428.11,
            4750061.65
          ],
          [
            404454.78,
            4750088.32
          ],
          [
            404481.45,
            4750114.98
          ],
          [
            404508.12,
            4750141.64
          ]
        ]
      },
      "properties": {
        "segment_id": 264,
        "step": 264,
        "length_m": 377.14,
        "elevation_start": 49.47,
        "elevation_end": 37.15,
        "slope_percent": 3.27,
        "cost_usd": 197999.98,
        "cost_per_m": 350.0,
        "cumulative_cost": 105284724.19,
        "cumulative_distance_m": 101153.7,
        "land_cover_class": 40,
        "land_cover_name": "cropland",
        "geohazard_risk": 0.0,
        "terrain_class": "flat",
        "crs": "EPSG:32633"
      }
    },
    {
      "type": "Feature",
      "geometry": {
        "type": "LineString",
        "coordinates": [
          [
            404508.12,
            4750141.64
          ],
          [
            404534.8,
            4750141.64
          ],
          [
            404561.47,
            4750141.64
          ],
          [
            404588.14,
            4750168.31
          ],
          [
            404614.81,
            4750194.97
          ],
          [
            404641.49,
            4750221.64
          ],
          [
            404668.16,
            4750248.3
          ],
          [
            404694.83,
            4750248.3
          ],
          [
            404721.5,
            4750248.3
          ],
          [
            404748.17,
            4750221.64
          ],
          [
            404774.85,
            4750221.64
          ],
          [
            404801.52,
            4750221.64
          ],
          [
            404828.19,
            4750248.3
          ]
        ]
      },
      "properties": {
        "segment_id": 265,
        "step": 265,
        "length_m": 386.32,
        "elevation_start": 37.15,
        "elevation_end": 45.49,
        "slope_percent": 2.16,
        "cost_usd": 6760586.18,
        "cost_per_m": 350.0,
        "cumulative_cost": 112045310.38,
        "cumulative_distance_m": 101540.02,
        "land_cover_class": 50,
        "land_cover_name": "built_up",
        "geohazard_risk": 0.0,
        "terrain_class": "flat",
        "crs": "EPSG:32633"
      }
    },
    {
      "type": "Feature",
      "geometry": {
        "type": "LineString",
        "coordinates": [
          [
            404828.19,
            4750248.3
          ],
          [
            404854.86,
            4750248.3
          ],
          [
            404881.54,
            4750248.3
          ],
          [
            404908.21,
            4750274.96
          ],
          [
            404934.88,
            4750301.63
          ],
          [
            404961.55,
            4750328.29
          ],
          [
            404961.55,
            4750354.95
          ],
          [
            404961.55,
            4750381.62
          ],
          [
            404988.22,
            4750408.28
          ],
          [
            405014.9,
            4750434.95
          ],
          [
            405041.57,
            4750461.61
          ],
          [
            405068.24,
            4750488.27
          ]
        ]
      },
      "properties": {
        "segment_id": 266,
        "step": 266,
        "length_m": 370.67,
        "elevation_start": 45.49,
        "elevation_end": 45.85,
        "slope_percent": 0.1,
        "cost_usd": 155682.27,
        "cost_per_m": 350.0,
        "cumulative_cost": 112200992.65,
        "cumulative_distance_m": 101910.69,
        "land_cover_class": 20,
        "land_cover_name": "shrubland",
        "geohazard_risk": 0.0,
        "terrain_class": "flat",
        "crs": "EPSG:32633"
      }
    },
    {
      "type": "Feature",
      "geometry": {
        "type": "LineString",
        "coordinates": [
          [
            405068.24,
            4750488.27
          ],
          [
            405094.91,
            4750514.94
          ],
          [
            405121.59,
            4750541.6
          ],
          [
            405148.26,
            4750568.26
          ],
          [
            405148.26,
            4750594.93
          ],
          [
            405148.26,
            4750621.59
          ],
          [
            405174.93,
            4750648.26
          ],
          [
            405201.6,
            4750674.92
          ],
          [
            405201.6,
            4750701.58
          ],
          [
            405228.28,
            4750728.25
          ],
          [
            405254.95,
            4750728.25
          ],
          [
            405281.62,
            4750728.25
          ],
          [
            405308.29,
            4750701.58
          ]
        ]
      },
      "properties": {
        "segment_id": 267,
        "step": 267,
        "length_m": 397.34,
        "elevation_start": 45.85,
        "elevation_end": 90.3,
        "slope_percent": 11.19,
        "cost_usd": 208601.33,
        "cost_per_m": 350.0,
        "cumulative_cost": 112409593.97,
        "cumulative_distance_m": 102308.02,
        "land_cover_class": 40,
        "land_cover_name": "cropland",
        "geohazard_risk": 0.0,
        "terrain_class": "hilly",
        "crs": "EPSG:32633"
      }
    },
    {
      "type": "Feature",
      "geometry": {
        "type": "LineString",
        "coordinates": [
          [
            405308.29,
            4750701.58
          ],
          [
            405334.96,
            4750728.25
          ],
          [
            405361.64,
            4750701.58
          ],
          [
            405388.31,
            4750701.58
          ],
          [
            405414.98,
            4750701.58
          ],
          [
            405441.65,
            4750674.92
          ],
          [
            405468.33,
            4750648.26
          ],
          [
            405495.0,
            4750648.26
          ],
          [
            405521.67,
            4750621.59
          ],
          [
            405548.34,
            4750594.93
          ],
          [
            405575.01,
            4750568.26
          ],
          [
            405601.69,
            4750541.6
          ]
        ]
      },
      "properties": {
        "segment_id": 268,
        "step": 268,
        "length_m": 381.73,
        "elevation_start": 90.3,
        "elevation_end": 70.75,
        "slope_percent": 5.12,
        "cost_usd": 6680292.74,
        "cost_per_m": 350.0,
        "cumulative_cost": 119089886.71,
        "cumulative_distance_m": 102689.75,
        "land_cover_class": 50,
        "land_cover_name": "built_up",
        "geohazard_risk": 0.0,
        "terrain_class": "rolling",
        "crs": "EPSG:32633"
      }
    },
    {
      "type": "Feature",
      "geometry": {
        "type": "LineString",
        "coordinates": [
          [
            405601.69,
            4750541.6
          ],
          [
            405628.36,
            4750541.6
          ],
          [
            405655.03,
            4750541.6
          ],
          [
            405681.7,
            4750541.6
          ],
          [
            405708.38,
            4750568.26
          ],
          [
            405735.05,
            4750594.93
          ],
          [
            405735.05,
            4750621.59
          ],
          [
            405735.05,
            4750648.26
          ],
          [
            405735.05,
            4750674.92
          ],
          [
            405735.05,
            4750701.58
          ],
          [
            405761.72,
            4750728.25
          ],
          [
            405761.72,
            4750754.91
          ],
          [
            405735.05,
            4750781.57
          ],
          [
            405735.05,
            4750808.24
          ]
        ]
      },
      "properties": {
        "segment_id": 269,
        "step": 269,
        "length_m": 390.86,
        "elevation_start": 70.75,
        "elevation_end": 40.61,
        "slope_percent": 7.71,
        "cost_usd": 205199.74,
        "cost_per_m": 350.0,
        "cumulative_cost": 119295086.45,
        "cumulative_distance_m": 103080.61,
        "land_cover_class": 10,
        "land_cover_name": "tree_cover",
        "geohazard_risk": 0.0,
        "terrain_class": "rolling",
        "crs": "EPSG:32633"
      }
    },
    {
      "type": "Feature",
      "geometry": {
        "type": "LineString",
        "coordinates": [
          [
            405735.05,
            4750808.24
          ],
          [
            405761.72,
            4750834.9
          ],
          [
            405761.72,
            4750861.57
          ],
          [
            405761.72,
            4750888.23
          ],
          [
            405761.72,
            4750914.89
          ],
          [
            405761.72,
            4750941.56
          ],
          [
            405761.72,
            4750968.22
          ],
          [
            405761.72,
            4750994.89
          ],
          [
            405735.05,
            4751021.55
          ],
          [
            405735.05,
            4751048.21
          ],
          [
            405735.05,
            4751074.88
          ],
          [
            405735.05,
            4751101.54
          ],
          [
            405735.05,
            4751128.2
          ],
          [
            405735.05,
            4751154.87
          ],
          [
            405735.05,
            4751181.53
          ]
        ]
      },
      "properties": {
        "segment_id": 270,
        "step": 270,
        "length_m": 395.39,
        "elevation_start": 40.61,
        "elevation_end": 58.03,
        "slope_percent": 4.41,
        "cost_usd": 207581.9,
        "cost_per_m": 350.0,
        "cumulative_cost": 119502668.36,
        "cumulative_distance_m": 103476.01,
        "land_cover_class": 10,
        "land_cover_name": "tree_cover",
        "geohazard_risk": 0.0,
        "terrain_class": "flat",
        "crs": "EPSG:32633"
      }
    },
    {
      "type": "Feature",
      "geometry": {
        "type": "LineString",
        "coordinates": [
          [
            405735.05,
            4751181.53
          ],
          [
            405735.05,
            4751208.2
          ],
          [
            405735.05,
            4751234.86
          ],
          [
            405735.05,
            4751261.52
          ],
          [
            405735.05,
            4751288.19
          ],
          [
            405735.05,
            4751314.85
          ],
          [
            405761.72,
            4751341.51
          ],
          [
            405788.39,
            4751368.18
          ],
          [
            405815.06,
            4751394.84
          ],
          [
            405841.74,
            4751421.51
          ],
          [
            405868.41,
            4751448.17
          ],
          [
            405895.08,
            4751448.17
          ],
          [
            405921.75,
            4751448.17
          ]
        ]
      },
      "properties": {
        "segment_id": 271,
        "step": 271,
        "length_m": 375.23,
        "elevation_start": 58.03,
        "elevation_end": 92.15,
        "slope_percent": 9.09,
        "cost_usd": 105065.77,
        "cost_per_m": 350.0,
        "cumulative_cost": 119607734.12,
        "cumulative_distance_m": 103851.24,
        "land_cover_class": 30,
        "land_cover_name": "grassland",
        "geohazard_risk": 0.0,
        "terrain_class": "rolling",
        "crs": "EPSG:32633"
      }
    },
    {
      "type": "Feature",
      "geometry": {
        "type": "LineString",
        "coordinates": [
          [
            405921.75,
            4751448.17
          ],
          [
            405948.43,
            4751421.51
          ],
          [
            405975.1,
            4751394.84
          ],
          [
            406001.77,
            4751368.18
          ],
          [
            406028.44,
            4751368.18
          ],
          [
            406055.12,
            4751368.18
          ],
          [
            406081.79,
            4751368.18
          ],
          [
            406108.46,
            4751368.18
          ],
          [
            406135.13,
            4751368.18
          ],
          [
            406161.8,
            4751394.84
          ],
          [
            406188.48,
            4751421.51
          ],
          [
            406215.15,
            4751448.17
          ],
          [
            406241.82,
            4751421.51
          ]
        ]
      },
      "properties": {
        "segment_id": 272,
        "step": 272,
        "length_m": 397.36,
        "elevation_start": 92.15,
        "elevation_end": 51.88,
        "slope_percent": 10.14,
        "cost_usd": 208614.65,
        "cost_per_m": 350.0,
        "cumulative_cost": 119816348.77,
        "cumulative_distance_m": 104248.6,
        "land_cover_class": 10,
        "land_cover_name": "tree_cover",
        "geohazard_risk": 0.0,
        "terrain_class": "hilly",
        "crs": "EPSG:32633"
      }
    },
    {
      "type": "Feature",
      "geometry": {
        "type": "LineString",
        "coordinates": [
          [
            406241.82,
            4751421.51
          ],
          [
            406268.49,
            4751394.84
          ],
          [
            406295.17,
            4751368.18
          ],
          [
            406321.84,
            4751341.51
          ],
          [
            406348.51,
            4751314.85
          ],
          [
            406348.51,
            4751288.19
          ],
          [
            406348.51,
            4751261.52
          ],
          [
            406348.51,
            4751234.86
          ],
          [
            406348.51,
            4751208.2
          ],
          [
            406348.51,
            4751181.53
          ],
          [
            406375.18,
            4751154.87
          ],
          [
            406401.85,
            4751128.2
          ],
          [
            406428.53,
            4751101.54
          ]
        ]
      },
      "properties": {
        "segment_id": 273,
        "step": 273,
        "length_m": 397.32,
        "elevation_start": 51.88,
        "elevation_end": 42.76,
        "slope_percent": 2.29,
        "cost_usd": 208592.45,
        "cost_per_m": 350.0,
        "cumulative_cost": 120024941.22,
        "cumulative_distance_m": 104645.92,
        "land_cover_class": 40,
        "land_cover_name": "cropland",
        "geohazard_risk": 0.0,
        "terrain_class": "flat",
        "crs": "EPSG:32633"
      }
    },
    {
      "type": "Feature",
      "geometry": {
        "type": "LineString",
        "coordinates": [
          [
            406428.53,
            4751101.54
          ],
          [
            406428.53,
            4751074.88
          ],
          [
            406455.2,
            4751048.21
          ],
          [
            406481.87,
            4751021.55
          ],
          [
            406508.54,
            4750994.89
          ],
          [
            406535.22,
            4750968.22
          ],
          [
            406561.89,
            4750968.22
          ],
          [
            406588.56,
            4750968.22
          ],
          [
            406615.23,
            4750968.22
          ],
          [
            406641.9,
            4750968.22
          ],
          [
            406668.58,
            4750968.22
          ],
          [
            406695.25,
            4750968.22
          ],
          [
            406721.92,
            4750968.22
          ],
          [
            406748.59,
            4750968.22
          ]
        ]
      },
      "properties": {
        "segment_id": 274,
        "step": 274,
        "length_m": 390.9,
        "elevation_start": 42.76,
        "elevation_end": 40.18,
        "slope_percent": 0.66,
        "cost_usd": 109451.71,
        "cost_per_m": 350.0,
        "cumulative_cost": 120134392.93,
        "cumulative_distance_m": 105036.82,
        "land_cover_class": 30,
        "land_cover_name": "grassland",
        "geohazard_risk": 0.0,
        "terrain_class": "flat",
        "crs": "EPSG:32633"
      }
    },
    {
      "type": "Feature",
      "geometry": {
        "type": "LineString",
        "coordinates": [
          [
            406748.59,
            4750968.22
          ],
          [
            406775.27,
            4750968.22
          ],
          [
            406801.94,
            4750968.22
          ],
          [
            406828.61,
            4750968.22
          ],
          [
            406855.28,
            4750994.89
          ],
          [
            406881.95,
            4751021.55
          ],
          [
            406908.63,
            4751021.55
          ],
          [
            406935.3,
            4751021.55
          ],
          [
            406961.97,
            4750994.89
          ],
          [
            406988.64,
            4750968.22
          ],
          [
            407015.32,
            4750941.56
          ],
          [
            407041.99,
            4750914.89
          ],
          [
            407068.66,
            4750888.23
          ]
        ]
      },
      "properties": {
        "segment_id": 275,
        "step": 275,
        "length_m": 397.36,
        "elevation_start": 40.18,
        "elevation_end": 20.58,
        "slope_percent": 4.93,
        "cost_usd": 6953821.68,
        "cost_per_m": 350.0,
        "cumulative_cost": 127088214.6,
        "cumulative_distance_m": 105434.18,
        "land_cover_class": 50,
        "land_cover_name": "built_up",
        "geohazard_risk": 0.0,
        "terrain_class": "flat",
        "crs": "EPSG:32633"
      }
    },
    {
      "type": "Feature",
      "geometry": {
        "type": "LineString",
        "coordinates": [
          [
            407068.66,
            4750888.23
          ],
          [
            407095.33,
            4750888.23
          ],
          [
            407122.01,
            4750888.23
          ],
          [
            407148.68,
            4750888.23
          ],
          [
            407175.35,
            4750888.23
          ],
          [
            407202.02,
            4750888.23
          ],
          [
            407228.69,
            4750888.23
          ],
          [
            407255.37,
            4750888.23
          ],
          [
            407282.04,
            4750888.23
          ],
          [
            407308.71,
            4750888.23
          ],
          [
            407335.38,
            4750888.23
          ],
          [
            407362.06,
            4750914.89
          ],
          [
            407388.73,
            4750941.56
          ],
          [
            407415.4,
            4750968.22
          ]
        ]
      },
      "properties": {
        "segment_id": 276,
        "step": 276,
        "length_m": 379.87,
        "elevation_start": 20.58,
        "elevation_end": 13.37,
        "slope_percent": 1.9,
        "cost_usd": 199429.32,
        "cost_per_m": 350.0,
        "cumulative_cost": 127287643.93,
        "cumulative_distance_m": 105814.05,
        "land_cover_class": 40,
        "land_cover_name": "cropland",
        "geohazard_risk": 0.0,
        "terrain_class": "flat",
        "crs": "EPSG:32633"
      }
    },
    {
      "type": "Feature",
      "geometry": {
        "type": "LineString",
        "coordinates": [
          [
            407415.4,
            4750968.22
          ],
          [
            407442.07,
            4750968.22
          ],
          [
            407468.74,
            4750968.22
          ],
          [
            407495.42,
            4750968.22
          ],
          [
            407522.09,
            4750968.22
          ],
          [
            407548.76,
            4750941.56
          ],
          [
            407548.76,
            4750914.89
          ],
          [
            407575.43,
            4750888.23
          ],
          [
            407602.11,
            4750861.57
          ],
          [
            407628.78,
            4750834.9
          ],
          [
            407655.45,
            4750808.24
          ],
          [
            407682.12,
            4750781.57
          ],
          [
            407708.79,
            4750754.91
          ]
        ]
      },
      "properties": {
        "segment_id": 277,
        "step": 277,
        "length_m": 397.35,
        "elevation_start": 13.37,
        "elevation_end": 9.61,
        "slope_percent": 0.95,
        "cost_usd": 208610.21,
        "cost_per_m": 350.0,
        "cumulative_cost": 127496254.14,
        "cumulative_distance_m": 106211.4,
        "land_cover_class": 10,
        "land_cover_name": "tree_cover",
        "geohazard_risk": 0.0,
        "terrain_class": "flat",
        "crs": "EPSG:32633"
      }
    },
    {
      "type": "Feature",
      "geometry": {
        "type": "LineString",
        "coordinates": [
          [
            407708.79,
            4750754.91
          ],
          [
            407735.47,
            4750728.25
          ],
          [
            407762.14,
            4750701.58
          ],
          [
            407788.81,
            4750674.92
          ],
          [
            407815.48,
            4750648.26
          ],
          [
            407815.48,
            4750621.59
          ],
          [
            407842.16,
            4750594.93
          ],
          [
            407868.83,
            4750568.26
          ],
          [
            407895.5,
            4750568.26
          ],
          [
            407922.17,
            4750568.26
          ],
          [
            407948.85,
            4750568.26
          ],
          [
            407975.52,
            4750541.6
          ],
          [
            408002.19,
            4750541.6
          ]
        ]
      },
      "properties": {
        "segment_id": 278,
        "step": 278,
        "length_m": 397.35,
        "elevation_start": 9.61,
        "elevation_end": 6.06,
        "slope_percent": 0.89,
        "cost_usd": 208610.21,
        "cost_per_m": 350.0,
        "cumulative_cost": 127704864.35,
        "cumulative_distance_m": 106608.75,
        "land_cover_class": 40,
        "land_cover_name": "cropland",
        "geohazard_risk": 0.0,
        "terrain_class": "flat",
        "crs": "EPSG:32633"
      }
    },
    {
      "type": "Feature",
      "geometry": {
        "type": "LineString",
        "coordinates": [
          [
            408002.19,
            4750541.6
          ],
          [
            408028.86,
            4750568.26
          ],
          [
            408055.53,
            4750568.26
          ],
          [
            408082.21,
            4750568.26
          ],
          [
            408108.88,
            4750568.26
          ],
          [
            408135.55,
            4750541.6
          ],
          [
            408135.55,
            4750514.94
          ],
          [
            408135.55,
            4750488.27
          ],
          [
            408135.55,
            4750461.61
          ],
          [
            408108.88,
            4750434.95
          ],
          [
            408135.55,
            4750408.28
          ],
          [
            408162.22,
            4750381.62
          ],
          [
            408188.9,
            4750381.62
          ]
        ]
      },
      "properties": {
        "segment_id": 279,
        "step": 279,
        "length_m": 375.25,
        "elevation_start": 6.06,
        "elevation_end": 5.08,
        "slope_percent": 0.26,
        "cost_usd": 6566906.6,
        "cost_per_m": 350.0,
        "cumulative_cost": 134271770.94,
        "cumulative_distance_m": 106984.0,
        "land_cover_class": 50,
        "land_cover_name": "built_up",
        "geohazard_risk": 0.0,
        "terrain_class": "flat",
        "crs": "EPSG:32633"
      }
    },
    {
      "type": "Feature",
      "geometry": {
        "type": "LineString",
        "coordinates": [
          [
            408188.9,
            4750381.62
          ],
          [
            408215.57,
            4750381.62
          ],
          [
            408242.24,
            4750381.62
          ],
          [
            408268.91,
            4750381.62
          ],
          [
            408295.58,
            4750408.28
          ],
          [
            408322.26,
            4750434.95
          ],
          [
            408348.93,
            4750434.95
          ],
          [
            408344.71,
            4750423.54
          ]
        ]
      },
      "properties": {
        "segment_id": 280,
        "step": 280,
        "length_m": 182.12,
        "elevation_start": 5.08,
        "elevation_end": 4.93,
        "slope_percent": 0.08,
        "cost_usd": 95611.73,
        "cost_per_m": 350.0,
        "cumulative_cost": 134367382.67,
        "cumulative_distance_m": 107166.12,
        "land_cover_class": 40,
        "land_cover_name": "cropland",
        "geohazard_risk": 0.0,
        "terrain_class": "flat",
        "crs": "EPSG:32633"
      }
    }
  ]
}