{
  "type": "FeatureCollection",
  "name": "test_project2_existing_snam_pipeline",
  "crs": {
    "type": "name",
    "properties": {
      "name": "urn:ogc:def:crs:EPSG::32633"
    }
  },
  "metadata": {
    "route_id": "test_project2_existing_snam_pipeline",
    "name": "SNAM Metanodotto Ravenna-Chieti (Existing)",
    "generation_method": "Real Data",
    "is_real_route": true,
    "algorithm": "N/A - Actual Infrastructure",
    "total_length_m": 35194.94908299206,
    "segment_count": 352,
    "source": "OpenStreetMap",
    "operator": "SNAM Rete Gas"
  },
  "features": [
    {
      "type": "Feature",
      "properties": {
        "segment_id": "0",
        "route_id": "test_project2_existing_snam_pipeline",
        "length_m": 100.00000000036302,
        "name": "SNAM Metanodotto Ravenna-Chieti (Existing)",
        "generation_method": "Real Data",
        "is_real_route": true,
        "step": 0
      },
      "geometry": {
        "type": "LineString",
        "coordinates": [
          [
            397199.2403444861,
            4782587.627142679
          ],
          [
            397197.6286329935,
            4782687.614153766
          ]
        ]
      }
    },
    {
      "type": "Feature",
      "properties": {
        "segment_id": "1",
        "route_id": "test_project2_existing_snam_pipeline",
        "length_m": 99.99999999930674,
        "name": "SNAM Metanodotto Ravenna-Chieti (Existing)",
        "generation_method": "Real Data",
        "is_real_route": true,
        "step": 1
      },
      "geometry": {
        "type": "LineString",
        "coordinates": [
          [
            397197.6286329935,
            4782687.614153766
          ],
          [
            397197.09694281756,
            4782720.599034594
          ],
          [
            397188.9674718361,
            4782787.114924476
          ]
        ]
      }
    },
    {
      "type": "Feature",
      "properties": {
        "segment_id": "2",
        "route_id": "test_project2_existing_snam_pipeline",
        "length_m": 100.00000000027293,
        "name": "SNAM Metanodotto Ravenna-Chieti (Existing)",
        "generation_method": "Real Data",
        "is_real_route": true,
        "step": 2
      },
      "geometry": {
        "type": "LineString",
        "coordinates": [
          [
            397188.9674718361,
            4782787.114924476
          ],
          [
            397180.98921462486,
            4782852.393572904
          ],
          [
            397180.4574796753,
            4782886.625056822
          ]
        ]
      }
    },
    {
      "type": "Feature",
      "properties": {
        "segment_id": "3",
        "route_id": "test_project2_existing_snam_pipeline",
        "length_m": 99.99999999963272,
        "name": "SNAM Metanodotto Ravenna-Chieti (Existing)",
        "generation_method": "Real Data",
        "is_real_route": true,
        "step": 3
      },
      "geometry": {
        "type": "LineString",
        "coordinates": [
          [
            397180.4574796753,
            4782886.625056822
          ],
          [
            397178.90431647823,
            4782986.612994514
          ]
        ]
      }
    },
    {
      "type": "Feature",
      "properties": {
        "segment_id": "4",
        "route_id": "test_project2_existing_snam_pipeline",
        "length_m": 100.0000000000802,
        "name": "SNAM Metanodotto Ravenna-Chieti (Existing)",
        "generation_method": "Real Data",
        "is_real_route": true,
        "step": 4
      },
      "geometry": {
        "type": "LineString",
        "coordinates": [
          [
            397178.90431647823,
            4782986.612994514
          ],
          [
            397178.8310336772,
            4782991.330719063
          ],
          [
            397174.9382067486,
            4783086.532869549
          ]
        ]
      }
    },
    {
      "type": "Feature",
      "properties": {
        "segment_id": "5",
        "route_id": "test_project2_existing_snam_pipeline",
        "length_m": 100.00000000071167,
        "name": "SNAM Metanodotto Ravenna-Chieti (Existing)",
        "generation_method": "Real Data",
        "is_real_route": true,
        "step": 5
      },
      "geometry": {
        "type": "LineString",
        "coordinates": [
          [
            397174.9382067486,
            4783086.532869549
          ],
          [
            397170.8526093352,
            4783186.449374161
          ]
        ]
      }
    },
    {
      "type": "Feature",
      "properties": {
        "segment_id": "6",
        "route_id": "test_project2_existing_snam_pipeline",
        "length_m": 99.99999999978112,
        "name": "SNAM Metanodotto Ravenna-Chieti (Existing)",
        "generation_method": "Real Data",
        "is_real_route": true,
        "step": 6
      },
      "geometry": {
        "type": "LineString",
        "coordinates": [
          [
            397170.8526093352,
            4783186.449374161
          ],
          [
            397166.76701192185,
            4783286.365878772
          ]
        ]
      }
    },
    {
      "type": "Feature",
      "properties": {
        "segment_id": "7",
        "route_id": "test_project2_existing_snam_pipeline",
        "length_m": 99.99999999945791,
        "name": "SNAM Metanodotto Ravenna-Chieti (Existing)",
        "generation_method": "Real Data",
        "is_real_route": true,
        "step": 7
      },
      "geometry": {
        "type": "LineString",
        "coordinates": [
          [
            397166.76701192185,
            4783286.365878772
          ],
          [
            397166.31814583193,
            4783297.343252754
          ],
          [
            397137.5908015389,
            4783381.593679825
          ]
        ]
      }
    },
    {
      "type": "Feature",
      "properties": {
        "segment_id": "8",
        "route_id": "test_project2_existing_snam_pipeline",
        "length_m": 100.00000000053261,
        "name": "SNAM Metanodotto Ravenna-Chieti (Existing)",
        "generation_method": "Real Data",
        "is_real_route": true,
        "step": 8
      },
      "geometry": {
        "type": "LineString",
        "coordinates": [
          [
            397137.5908015389,
            4783381.593679825
          ],
          [
            397105.31776482024,
            4783476.242774385
          ]
        ]
      }
    },
    {
      "type": "Feature",
      "properties": {
        "segment_id": "9",
        "route_id": "test_project2_existing_snam_pipeline",
        "length_m": 99.99999999979899,
        "name": "SNAM Metanodotto Ravenna-Chieti (Existing)",
        "generation_method": "Real Data",
        "is_real_route": true,
        "step": 9
      },
      "geometry": {
        "type": "LineString",
        "coordinates": [
          [
            397105.31776482024,
            4783476.242774385
          ],
          [
            397082.49559557706,
            4783543.174735997
          ],
          [
            397063.9704797928,
            4783565.854648696
          ]
        ]
      }
    },
    {
      "type": "Feature",
      "properties": {
        "segment_id": "10",
        "route_id": "test_project2_existing_snam_pipeline",
        "length_m": 100.0000000001372,
        "name": "SNAM Metanodotto Ravenna-Chieti (Existing)",
        "generation_method": "Real Data",
        "is_real_route": true,
        "step": 10
      },
      "geometry": {
        "type": "LineString",
        "coordinates": [
          [
            397063.9704797928,
            4783565.854648696
          ],
          [
            397000.71049403213,
            4783643.302529246
          ]
        ]
      }
    },
    {
      "type": "Feature",
      "properties": {
        "segment_id": "11",
        "route_id": "test_project2_existing_snam_pipeline",
        "length_m": 99.99999999984765,
        "name": "SNAM Metanodotto Ravenna-Chieti (Existing)",
        "generation_method": "Real Data",
        "is_real_route": true,
        "step": 11
      },
      "geometry": {
        "type": "LineString",
        "coordinates": [
          [
            397000.71049403213,
            4783643.302529246
          ],
          [
            396998.33651808894,
            4783646.208938456
          ],
          [
            396924.095154009,
            4783707.4605261935
          ]
        ]
      }
    },
    {
      "type": "Feature",
      "properties": {
        "segment_id": "12",
        "route_id": "test_project2_existing_snam_pipeline",
        "length_m": 100.00000000025503,
        "name": "SNAM Metanodotto Ravenna-Chieti (Existing)",
        "generation_method": "Real Data",
        "is_real_route": true,
        "step": 12
      },
      "geometry": {
        "type": "LineString",
        "coordinates": [
          [
            396924.095154009,
            4783707.4605261935
          ],
          [
            396904.3024138912,
            4783723.790193259
          ],
          [
            396843.75157845457,
            4783766.919120814
          ]
        ]
      }
    },
    {
      "type": "Feature",
      "properties": {
        "segment_id": "13",
        "route_id": "test_project2_existing_snam_pipeline",
        "length_m": 100.00000000007371,
        "name": "SNAM Metanodotto Ravenna-Chieti (Existing)",
        "generation_method": "Real Data",
        "is_real_route": true,
        "step": 13
      },
      "geometry": {
        "type": "LineString",
        "coordinates": [
          [
            396843.75157845457,
            4783766.919120814
          ],
          [
            396762.3008944873,
            4783824.934516023
          ]
        ]
      }
    },
    {
      "type": "Feature",
      "properties": {
        "segment_id": "14",
        "route_id": "test_project2_existing_snam_pipeline",
        "length_m": 99.99999999966369,
        "name": "SNAM Metanodotto Ravenna-Chieti (Existing)",
        "generation_method": "Real Data",
        "is_real_route": true,
        "step": 14
      },
      "geometry": {
        "type": "LineString",
        "coordinates": [
          [
            396762.3008944873,
            4783824.934516023
          ],
          [
            396742.02549931937,
            4783839.37620032
          ],
          [
            396678.274968044,
            4783879.087080496
          ]
        ]
      }
    },
    {
      "type": "Feature",
      "properties": {
        "segment_id": "15",
        "route_id": "test_project2_existing_snam_pipeline",
        "length_m": 99.99999999972195,
        "name": "SNAM Metanodotto Ravenna-Chieti (Existing)",
        "generation_method": "Real Data",
        "is_real_route": true,
        "step": 15
      },
      "geometry": {
        "type": "LineString",
        "coordinates": [
          [
            396678.274968044,
            4783879.087080496
          ],
          [
            396624.0758334892,
            4783912.848294637
          ],
          [
            396604.014655714,
            4783942.915953224
          ]
        ]
      }
    },
    {
      "type": "Feature",
      "properties": {
        "segment_id": "16",
        "route_id": "test_project2_existing_snam_pipeline",
        "length_m": 100.00000000024716,
        "name": "SNAM Metanodotto Ravenna-Chieti (Existing)",
        "generation_method": "Real Data",
        "is_real_route": true,
        "step": 16
      },
      "geometry": {
        "type": "LineString",
        "coordinates": [
          [
            396604.014655714,
            4783942.915953224
          ],
          [
            396548.51385672356,
            4784026.100454854
          ]
        ]
      }
    },
    {
      "type": "Feature",
      "properties": {
        "segment_id": "17",
        "route_id": "test_project2_existing_snam_pipeline",
        "length_m": 100.00000000024716,
        "name": "SNAM Metanodotto Ravenna-Chieti (Existing)",
        "generation_method": "Real Data",
        "is_real_route": true,
        "step": 17
      },
      "geometry": {
        "type": "LineString",
        "coordinates": [
          [
            396548.51385672356,
            4784026.100454854
          ],
          [
            396493.01305773313,
            4784109.284956484
          ]
        ]
      }
    },
    {
      "type": "Feature",
      "properties": {
        "segment_id": "18",
        "route_id": "test_project2_existing_snam_pipeline",
        "length_m": 100.00000000024716,
        "name": "SNAM Metanodotto Ravenna-Chieti (Existing)",
        "generation_method": "Real Data",
        "is_real_route": true,
        "step": 18
      },
      "geometry": {
        "type": "LineString",
        "coordinates": [
          [
            396493.01305773313,
            4784109.284956484
          ],
          [
            396437.5122587427,
            4784192.469458114
          ]
        ]
      }
    },
    {
      "type": "Feature",
      "properties": {
        "segment_id": "19",
        "route_id": "test_project2_existing_snam_pipeline",
        "length_m": 99.99999999947244,
        "name": "SNAM Metanodotto Ravenna-Chieti (Existing)",
        "generation_method": "Real Data",
        "is_real_route": true,
        "step": 19
      },
      "geometry": {
        "type": "LineString",
        "coordinates": [
          [
            396437.5122587427,
            4784192.469458114
          ],
          [
            396382.0114597523,
            4784275.653959744
          ]
        ]
      }
    },
    {
      "type": "Feature",
      "properties": {
        "segment_id": "20",
        "route_id": "test_project2_existing_snam_pipeline",
        "length_m": 100.00000000011488,
        "name": "SNAM Metanodotto Ravenna-Chieti (Existing)",
        "generation_method": "Real Data",
        "is_real_route": true,
        "step": 20
      },
      "geometry": {
        "type": "LineString",
        "coordinates": [
          [
            396382.0114597523,
            4784275.653959744
          ],
          [
            396357.8568096579,
            4784311.85690757
          ],
          [
            396396.2727827111,
            4784353.258120871
          ]
        ]
      }
    },
    {
      "type": "Feature",
      "properties": {
        "segment_id": "21",
        "route_id": "test_project2_existing_snam_pipeline",
        "length_m": 99.99999999985504,
        "name": "SNAM Metanodotto Ravenna-Chieti (Existing)",
        "generation_method": "Real Data",
        "is_real_route": true,
        "step": 21
      },
      "geometry": {
        "type": "LineString",
        "coordinates": [
          [
            396396.2727827111,
            4784353.258120871
          ],
          [
            396451.62364262086,
            4784412.910202425
          ],
          [
            396459.3809219058,
            4784421.267431274
          ],
          [
            396457.17753129854,
            4784428.1442741575
          ]
        ]
      }
    },
    {
      "type": "Feature",
      "properties": {
        "segment_id": "22",
        "route_id": "test_project2_existing_snam_pipeline",
        "length_m": 100.0000000005099,
        "name": "SNAM Metanodotto Ravenna-Chieti (Existing)",
        "generation_method": "Real Data",
        "is_real_route": true,
        "step": 22
      },
      "geometry": {
        "type": "LineString",
        "coordinates": [
          [
            396457.17753129854,
            4784428.1442741575
          ],
          [
            396447.93958558503,
            4784456.976157633
          ],
          [
            396442.0777319076,
            4784526.453626452
          ]
        ]
      }
    },
    {
      "type": "Feature",
      "properties": {
        "segment_id": "23",
        "route_id": "test_project2_existing_snam_pipeline",
        "length_m": 99.99999999921336,
        "name": "SNAM Metanodotto Ravenna-Chieti (Existing)",
        "generation_method": "Real Data",
        "is_real_route": true,
        "step": 23
      },
      "geometry": {
        "type": "LineString",
        "coordinates": [
          [
            396442.0777319076,
            4784526.453626452
          ],
          [
            396440.7402324195,
            4784542.306304477
          ],
          [
            396432.95959780435,
            4784626.036573058
          ]
        ]
      }
    },
    {
      "type": "Feature",
      "properties": {
        "segment_id": "24",
        "route_id": "test_project2_existing_snam_pipeline",
        "length_m": 100.00000000045678,
        "name": "SNAM Metanodotto Ravenna-Chieti (Existing)",
        "generation_method": "Real Data",
        "is_real_route": true,
        "step": 24
      },
      "geometry": {
        "type": "LineString",
        "coordinates": [
          [
            396432.95959780435,
            4784626.036573058
          ],
          [
            396427.8606632652,
            4784680.90808156
          ],
          [
            396438.258088065,
            4784706.3091398
          ],
          [
            396450.2108034662,
            4784719.0164212985
          ]
        ]
      }
    },
    {
      "type": "Feature",
      "properties": {
        "segment_id": "25",
        "route_id": "test_project2_existing_snam_pipeline",
        "length_m": 99.99999999991108,
        "name": "SNAM Metanodotto Ravenna-Chieti (Existing)",
        "generation_method": "Real Data",
        "is_real_route": true,
        "step": 25
      },
      "geometry": {
        "type": "LineString",
        "coordinates": [
          [
            396450.2108034662,
            4784719.0164212985
          ],
          [
            396461.3421335686,
            4784730.850464051
          ],
          [
            396507.8715440191,
            4784767.4091307195
          ],
          [
            396493.63460827124,
            4784787.445962981
          ]
        ]
      }
    },
    {
      "type": "Feature",
      "properties": {
        "segment_id": "26",
        "route_id": "test_project2_existing_snam_pipeline",
        "length_m": 100.00000000013605,
        "name": "SNAM Metanodotto Ravenna-Chieti (Existing)",
        "generation_method": "Real Data",
        "is_real_route": true,
        "step": 26
      },
      "geometry": {
        "type": "LineString",
        "coordinates": [
          [
            396493.63460827124,
            4784787.445962981
          ],
          [
            396435.71324853244,
            4784868.963544435
          ]
        ]
      }
    },
    {
      "type": "Feature",
      "properties": {
        "segment_id": "27",
        "route_id": "test_project2_existing_snam_pipeline",
        "length_m": 100.00000000009581,
        "name": "SNAM Metanodotto Ravenna-Chieti (Existing)",
        "generation_method": "Real Data",
        "is_real_route": true,
        "step": 27
      },
      "geometry": {
        "type": "LineString",
        "coordinates": [
          [
            396435.71324853244,
            4784868.963544435
          ],
          [
            396434.9593625694,
            4784870.024551301
          ],
          [
            396435.1329887409,
            4784876.6200536415
          ],
          [
            396473.82682295976,
            4784883.695072678
          ],
          [
            396442.45902170497,
            4784918.030104699
          ],
          [
            396442.6731691485,
            4784924.285475745
          ]
        ]
      }
    },
    {
      "type": "Feature",
      "properties": {
        "segment_id": "28",
        "route_id": "test_project2_existing_snam_pipeline",
        "length_m": 99.99999999976926,
        "name": "SNAM Metanodotto Ravenna-Chieti (Existing)",
        "generation_method": "Real Data",
        "is_real_route": true,
        "step": 28
      },
      "geometry": {
        "type": "LineString",
        "coordinates": [
          [
            396442.6731691485,
            4784924.285475745
          ],
          [
            396446.0945819483,
            4785024.226928278
          ]
        ]
      }
    },
    {
      "type": "Feature",
      "properties": {
        "segment_id": "29",
        "route_id": "test_project2_existing_snam_pipeline",
        "length_m": 100.00000000012551,
        "name": "SNAM Metanodotto Ravenna-Chieti (Existing)",
        "generation_method": "Real Data",
        "is_real_route": true,
        "step": 29
      },
      "geometry": {
        "type": "LineString",
        "coordinates": [
          [
            396446.0945819483,
            4785024.226928278
          ],
          [
            396448.9012888429,
            4785106.212464751
          ],
          [
            396442.08560771006,
            4785122.835920337
          ]
        ]
      }
    },
    {
      "type": "Feature",
      "properties": {
        "segment_id": "30",
        "route_id": "test_project2_existing_snam_pipeline",
        "length_m": 99.99999999989144,
        "name": "SNAM Metanodotto Ravenna-Chieti (Existing)",
        "generation_method": "Real Data",
        "is_real_route": true,
        "step": 30
      },
      "geometry": {
        "type": "LineString",
        "coordinates": [
          [
            396442.08560771006,
            4785122.835920337
          ],
          [
            396404.1499730073,
            4785215.360985155
          ]
        ]
      }
    },
    {
      "type": "Feature",
      "properties": {
        "segment_id": "31",
        "route_id": "test_project2_existing_snam_pipeline",
        "length_m": 100.0000000003944,
        "name": "SNAM Metanodotto Ravenna-Chieti (Existing)",
        "generation_method": "Real Data",
        "is_real_route": true,
        "step": 31
      },
      "geometry": {
        "type": "LineString",
        "coordinates": [
          [
            396404.1499730073,
            4785215.360985155
          ],
          [
            396371.4125129546,
            4785295.207694908
          ],
          [
            396364.150289471,
            4785306.827583761
          ]
        ]
      }
    },
    {
      "type": "Feature",
      "properties": {
        "segment_id": "32",
        "route_id": "test_project2_existing_snam_pipeline",
        "length_m": 99.99999999986323,
        "name": "SNAM Metanodotto Ravenna-Chieti (Existing)",
        "generation_method": "Real Data",
        "is_real_route": true,
        "step": 32
      },
      "geometry": {
        "type": "LineString",
        "coordinates": [
          [
            396364.150289471,
            4785306.827583761
          ],
          [
            396311.1514820521,
            4785391.628093265
          ]
        ]
      }
    },
    {
      "type": "Feature",
      "properties": {
        "segment_id": "33",
        "route_id": "test_project2_existing_snam_pipeline",
        "length_m": 99.99999999986323,
        "name": "SNAM Metanodotto Ravenna-Chieti (Existing)",
        "generation_method": "Real Data",
        "is_real_route": true,
        "step": 33
      },
      "geometry": {
        "type": "LineString",
        "coordinates": [
          [
            396311.1514820521,
            4785391.628093265
          ],
          [
            396258.1526746332,
            4785476.428602769
          ]
        ]
      }
    },
    {
      "type": "Feature",
      "properties": {
        "segment_id": "34",
        "route_id": "test_project2_existing_snam_pipeline",
        "length_m": 99.99999999986323,
        "name": "SNAM Metanodotto Ravenna-Chieti (Existing)",
        "generation_method": "Real Data",
        "is_real_route": true,
        "step": 34
      },
      "geometry": {
        "type": "LineString",
        "coordinates": [
          [
            396258.1526746332,
            4785476.428602769
          ],
          [
            396205.1538672143,
            4785561.229112273
          ]
        ]
      }
    },
    {
      "type": "Feature",
      "properties": {
        "segment_id": "35",
        "route_id": "test_project2_existing_snam_pipeline",
        "length_m": 99.99999999986323,
        "name": "SNAM Metanodotto Ravenna-Chieti (Existing)",
        "generation_method": "Real Data",
        "is_real_route": true,
        "step": 35
      },
      "geometry": {
        "type": "LineString",
        "coordinates": [
          [
            396205.1538672143,
            4785561.229112273
          ],
          [
            396152.15505979536,
            4785646.029621777
          ]
        ]
      }
    },
    {
      "type": "Feature",
      "properties": {
        "segment_id": "36",
        "route_id": "test_project2_existing_snam_pipeline",
        "length_m": 99.99999999986323,
        "name": "SNAM Metanodotto Ravenna-Chieti (Existing)",
        "generation_method": "Real Data",
        "is_real_route": true,
        "step": 36
      },
      "geometry": {
        "type": "LineString",
        "coordinates": [
          [
            396152.15505979536,
            4785646.029621777
          ],
          [
            396099.15625237644,
            4785730.830131281
          ]
        ]
      }
    },
    {
      "type": "Feature",
      "properties": {
        "segment_id": "37",
        "route_id": "test_project2_existing_snam_pipeline",
        "length_m": 100.00000000061108,
        "name": "SNAM Metanodotto Ravenna-Chieti (Existing)",
        "generation_method": "Real Data",
        "is_real_route": true,
        "step": 37
      },
      "geometry": {
        "type": "LineString",
        "coordinates": [
          [
            396099.15625237644,
            4785730.830131281
          ],
          [
            396073.72418205044,
            4785771.522603932
          ],
          [
            396078.0438810973,
            4785823.356802192
          ]
        ]
      }
    },
    {
      "type": "Feature",
      "properties": {
        "segment_id": "38",
        "route_id": "test_project2_existing_snam_pipeline",
        "length_m": 99.99999999985002,
        "name": "SNAM Metanodotto Ravenna-Chieti (Existing)",
        "generation_method": "Real Data",
        "is_real_route": true,
        "step": 38
      },
      "geometry": {
        "type": "LineString",
        "coordinates": [
          [
            396078.0438810973,
            4785823.356802192
          ],
          [
            396086.34877757885,
            4785923.011348974
          ]
        ]
      }
    },
    {
      "type": "Feature",
      "properties": {
        "segment_id": "39",
        "route_id": "test_project2_existing_snam_pipeline",
        "length_m": 99.9999999997524,
        "name": "SNAM Metanodotto Ravenna-Chieti (Existing)",
        "generation_method": "Real Data",
        "is_real_route": true,
        "step": 39
      },
      "geometry": {
        "type": "LineString",
        "coordinates": [
          [
            396086.34877757885,
            4785923.011348974
          ],
          [
            396087.9129422157,
            4785941.780531506
          ],
          [
            396129.6885148668,
            4786011.369906739
          ]
        ]
      }
    },
    {
      "type": "Feature",
      "properties": {
        "segment_id": "40",
        "route_id": "test_project2_existing_snam_pipeline",
        "length_m": 100.00000000016004,
        "name": "SNAM Metanodotto Ravenna-Chieti (Existing)",
        "generation_method": "Real Data",
        "is_real_route": true,
        "step": 40
      },
      "geometry": {
        "type": "LineString",
        "coordinates": [
          [
            396129.6885148668,
            4786011.369906739
          ],
          [
            396181.15797164326,
            4786097.107267436
          ]
        ]
      }
    },
    {
      "type": "Feature",
      "properties": {
        "segment_id": "41",
        "route_id": "test_project2_existing_snam_pipeline",
        "length_m": 100.00000000016004,
        "name": "SNAM Metanodotto Ravenna-Chieti (Existing)",
        "generation_method": "Real Data",
        "is_real_route": true,
        "step": 41
      },
      "geometry": {
        "type": "LineString",
        "coordinates": [
          [
            396181.15797164326,
            4786097.107267436
          ],
          [
            396232.6274284197,
            4786182.844628132
          ]
        ]
      }
    },
    {
      "type": "Feature",
      "properties": {
        "segment_id": "42",
        "route_id": "test_project2_existing_snam_pipeline",
        "length_m": 99.99999999955268,
        "name": "SNAM Metanodotto Ravenna-Chieti (Existing)",
        "generation_method": "Real Data",
        "is_real_route": true,
        "step": 42
      },
      "geometry": {
        "type": "LineString",
        "coordinates": [
          [
            396232.6274284197,
            4786182.844628132
          ],
          [
            396268.7592028582,
            4786243.032614787
          ],
          [
            396270.29380989244,
            4786272.792655019
          ]
        ]
      }
    },
    {
      "type": "Feature",
      "properties": {
        "segment_id": "43",
        "route_id": "test_project2_existing_snam_pipeline",
        "length_m": 100.0000000005481,
        "name": "SNAM Metanodotto Ravenna-Chieti (Existing)",
        "generation_method": "Real Data",
        "is_real_route": true,
        "step": 43
      },
      "geometry": {
        "type": "LineString",
        "coordinates": [
          [
            396270.29380989244,
            4786272.792655019
          ],
          [
            396275.4435703763,
            4786372.659966824
          ]
        ]
      }
    },
    {
      "type": "Feature",
      "properties": {
        "segment_id": "44",
        "route_id": "test_project2_existing_snam_pipeline",
        "length_m": 99.999999999618,
        "name": "SNAM Metanodotto Ravenna-Chieti (Existing)",
        "generation_method": "Real Data",
        "is_real_route": true,
        "step": 44
      },
      "geometry": {
        "type": "LineString",
        "coordinates": [
          [
            396275.4435703763,
            4786372.659966824
          ],
          [
            396280.5933308602,
            4786472.527278627
          ]
        ]
      }
    },
    {
      "type": "Feature",
      "properties": {
        "segment_id": "45",
        "route_id": "test_project2_existing_snam_pipeline",
        "length_m": 100.00000000037727,
        "name": "SNAM Metanodotto Ravenna-Chieti (Existing)",
        "generation_method": "Real Data",
        "is_real_route": true,
        "step": 45
      },
      "geometry": {
        "type": "LineString",
        "coordinates": [
          [
            396280.5933308602,
            4786472.527278627
          ],
          [
            396285.3194717786,
            4786564.1795001635
          ],
          [
            396279.95616794494,
            4786570.41665766
          ]
        ]
      }
    },
    {
      "type": "Feature",
      "properties": {
        "segment_id": "46",
        "route_id": "test_project2_existing_snam_pipeline",
        "length_m": 99.99999999953327,
        "name": "SNAM Metanodotto Ravenna-Chieti (Existing)",
        "generation_method": "Real Data",
        "is_real_route": true,
        "step": 46
      },
      "geometry": {
        "type": "LineString",
        "coordinates": [
          [
            396279.95616794494,
            4786570.41665766
          ],
          [
            396229.80155625765,
            4786628.743059065
          ],
          [
            396234.62712147733,
            4786651.307854221
          ]
        ]
      }
    },
    {
      "type": "Feature",
      "properties": {
        "segment_id": "47",
        "route_id": "test_project2_existing_snam_pipeline",
        "length_m": 100.00000000008798,
        "name": "SNAM Metanodotto Ravenna-Chieti (Existing)",
        "generation_method": "Real Data",
        "is_real_route": true,
        "step": 47
      },
      "geometry": {
        "type": "LineString",
        "coordinates": [
          [
            396234.62712147733,
            4786651.307854221
          ],
          [
            396255.53963826154,
            4786749.096742352
          ]
        ]
      }
    },
    {
      "type": "Feature",
      "properties": {
        "segment_id": "48",
        "route_id": "test_project2_existing_snam_pipeline",
        "length_m": 100.00000000016578,
        "name": "SNAM Metanodotto Ravenna-Chieti (Existing)",
        "generation_method": "Real Data",
        "is_real_route": true,
        "step": 48
      },
      "geometry": {
        "type": "LineString",
        "coordinates": [
          [
            396255.53963826154,
            4786749.096742352
          ],
          [
            396258.06551427714,
            4786760.907975293
          ],
          [
            396268.4519907283,
            4786848.214028104
          ]
        ]
      }
    },
    {
      "type": "Feature",
      "properties": {
        "segment_id": "49",
        "route_id": "test_project2_existing_snam_pipeline",
        "length_m": 99.99999999994405,
        "name": "SNAM Metanodotto Ravenna-Chieti (Existing)",
        "generation_method": "Real Data",
        "is_real_route": true,
        "step": 49
      },
      "geometry": {
        "type": "LineString",
        "coordinates": [
          [
            396268.4519907283,
            4786848.214028104
          ],
          [
            396280.26531573146,
            4786947.513803292
          ]
        ]
      }
    },
    {
      "type": "Feature",
      "properties": {
        "segment_id": "50",
        "route_id": "test_project2_existing_snam_pipeline",
        "length_m": 100.0000000000245,
        "name": "SNAM Metanodotto Ravenna-Chieti (Existing)",
        "generation_method": "Real Data",
        "is_real_route": true,
        "step": 50
      },
      "geometry": {
        "type": "LineString",
        "coordinates": [
          [
            396280.26531573146,
            4786947.513803292
          ],
          [
            396284.84822765185,
            4786986.036583566
          ],
          [
            396266.1696572707,
            4787044.322370793
          ]
        ]
      }
    },
    {
      "type": "Feature",
      "properties": {
        "segment_id": "51",
        "route_id": "test_project2_existing_snam_pipeline",
        "length_m": 100.00000000023698,
        "name": "SNAM Metanodotto Ravenna-Chieti (Existing)",
        "generation_method": "Real Data",
        "is_real_route": true,
        "step": 51
      },
      "geometry": {
        "type": "LineString",
        "coordinates": [
          [
            396266.1696572707,
            4787044.322370793
          ],
          [
            396235.6518957014,
            4787139.551915729
          ]
        ]
      }
    },
    {
      "type": "Feature",
      "properties": {
        "segment_id": "52",
        "route_id": "test_project2_existing_snam_pipeline",
        "length_m": 99.99999999933232,
        "name": "SNAM Metanodotto Ravenna-Chieti (Existing)",
        "generation_method": "Real Data",
        "is_real_route": true,
        "step": 52
      },
      "geometry": {
        "type": "LineString",
        "coordinates": [
          [
            396235.6518957014,
            4787139.551915729
          ],
          [
            396205.1341341322,
            4787234.781460665
          ]
        ]
      }
    },
    {
      "type": "Feature",
      "properties": {
        "segment_id": "53",
        "route_id": "test_project2_existing_snam_pipeline",
        "length_m": 100.00000000018375,
        "name": "SNAM Metanodotto Ravenna-Chieti (Existing)",
        "generation_method": "Real Data",
        "is_real_route": true,
        "step": 53
      },
      "geometry": {
        "type": "LineString",
        "coordinates": [
          [
            396205.1341341322,
            4787234.781460665
          ],
          [
            396175.44135756436,
            4787327.436670453
          ],
          [
            396175.9562635384,
            4787330.090474053
          ]
        ]
      }
    },
    {
      "type": "Feature",
      "properties": {
        "segment_id": "54",
        "route_id": "test_project2_existing_snam_pipeline",
        "length_m": 100.00000000031251,
        "name": "SNAM Metanodotto Ravenna-Chieti (Existing)",
        "generation_method": "Real Data",
        "is_real_route": true,
        "step": 54
      },
      "geometry": {
        "type": "LineString",
        "coordinates": [
          [
            396175.9562635384,
            4787330.090474053
          ],
          [
            396195.0036131481,
            4787428.259707894
          ]
        ]
      }
    },
    {
      "type": "Feature",
      "properties": {
        "segment_id": "55",
        "route_id": "test_project2_existing_snam_pipeline",
        "length_m": 100.0000000003236,
        "name": "SNAM Metanodotto Ravenna-Chieti (Existing)",
        "generation_method": "Real Data",
        "is_real_route": true,
        "step": 55
      },
      "geometry": {
        "type": "LineString",
        "coordinates": [
          [
            396195.0036131481,
            4787428.259707894
          ],
          [
            396214.0509627579,
            4787526.428941735
          ]
        ]
      }
    },
    {
      "type": "Feature",
      "properties": {
        "segment_id": "56",
        "route_id": "test_project2_existing_snam_pipeline",
        "length_m": 99.99999999939824,
        "name": "SNAM Metanodotto Ravenna-Chieti (Existing)",
        "generation_method": "Real Data",
        "is_real_route": true,
        "step": 56
      },
      "geometry": {
        "type": "LineString",
        "coordinates": [
          [
            396214.0509627579,
            4787526.428941735
          ],
          [
            396233.0983123676,
            4787624.598175575
          ]
        ]
      }
    },
    {
      "type": "Feature",
      "properties": {
        "segment_id": "57",
        "route_id": "test_project2_existing_snam_pipeline",
        "length_m": 100.0000000003236,
        "name": "SNAM Metanodotto Ravenna-Chieti (Existing)",
        "generation_method": "Real Data",
        "is_real_route": true,
        "step": 57
      },
      "geometry": {
        "type": "LineString",
        "coordinates": [
          [
            396233.0983123676,
            4787624.598175575
          ],
          [
            396252.1456619774,
            4787722.767409416
          ]
        ]
      }
    },
    {
      "type": "Feature",
      "properties": {
        "segment_id": "58",
        "route_id": "test_project2_existing_snam_pipeline",
        "length_m": 100.00000000031251,
        "name": "SNAM Metanodotto Ravenna-Chieti (Existing)",
        "generation_method": "Real Data",
        "is_real_route": true,
        "step": 58
      },
      "geometry": {
        "type": "LineString",
        "coordinates": [
          [
            396252.1456619774,
            4787722.767409416
          ],
          [
            396271.19301158714,
            4787820.936643257
          ]
        ]
      }
    },
    {
      "type": "Feature",
      "properties": {
        "segment_id": "59",
        "route_id": "test_project2_existing_snam_pipeline",
        "length_m": 99.99999999955963,
        "name": "SNAM Metanodotto Ravenna-Chieti (Existing)",
        "generation_method": "Real Data",
        "is_real_route": true,
        "step": 59
      },
      "geometry": {
        "type": "LineString",
        "coordinates": [
          [
            396271.19301158714,
            4787820.936643257
          ],
          [
            396285.8463246912,
            4787896.459198894
          ],
          [
            396290.8325792266,
            4787918.982894331
          ]
        ]
      }
    },
    {
      "type": "Feature",
      "properties": {
        "segment_id": "60",
        "route_id": "test_project2_existing_snam_pipeline",
        "length_m": 100.00000000002976,
        "name": "SNAM Metanodotto Ravenna-Chieti (Existing)",
        "generation_method": "Real Data",
        "is_real_route": true,
        "step": 60
      },
      "geometry": {
        "type": "LineString",
        "coordinates": [
          [
            396290.8325792266,
            4787918.982894331
          ],
          [
            396311.9374906875,
            4788014.317096506
          ],
          [
            396312.45210398687,
            4788016.617903702
          ]
        ]
      }
    },
    {
      "type": "Feature",
      "properties": {
        "segment_id": "61",
        "route_id": "test_project2_existing_snam_pipeline",
        "length_m": 100.0000000002269,
        "name": "SNAM Metanodotto Ravenna-Chieti (Existing)",
        "generation_method": "Real Data",
        "is_real_route": true,
        "step": 61
      },
      "geometry": {
        "type": "LineString",
        "coordinates": [
          [
            396312.45210398687,
            4788016.617903702
          ],
          [
            396334.2794339983,
            4788114.206671829
          ]
        ]
      }
    },
    {
      "type": "Feature",
      "properties": {
        "segment_id": "62",
        "route_id": "test_project2_existing_snam_pipeline",
        "length_m": 99.99999999996732,
        "name": "SNAM Metanodotto Ravenna-Chieti (Existing)",
        "generation_method": "Real Data",
        "is_real_route": true,
        "step": 62
      },
      "geometry": {
        "type": "LineString",
        "coordinates": [
          [
            396334.2794339983,
            4788114.206671829
          ],
          [
            396336.6657342098,
            4788124.875686221
          ],
          [
            396408.7929544137,
            4788177.131416383
          ]
        ]
      }
    },
    {
      "type": "Feature",
      "properties": {
        "segment_id": "63",
        "route_id": "test_project2_existing_snam_pipeline",
        "length_m": 99.99999999975905,
        "name": "SNAM Metanodotto Ravenna-Chieti (Existing)",
        "generation_method": "Real Data",
        "is_real_route": true,
        "step": 63
      },
      "geometry": {
        "type": "LineString",
        "coordinates": [
          [
            396408.7929544137,
            4788177.131416383
          ],
          [
            396475.83332753816,
            4788225.701756929
          ],
          [
            396493.0364007359,
            4788226.320433959
          ]
        ]
      }
    },
    {
      "type": "Feature",
      "properties": {
        "segment_id": "64",
        "route_id": "test_project2_existing_snam_pipeline",
        "length_m": 99.99999999998884,
        "name": "SNAM Metanodotto Ravenna-Chieti (Existing)",
        "generation_method": "Real Data",
        "is_real_route": true,
        "step": 64
      },
      "geometry": {
        "type": "LineString",
        "coordinates": [
          [
            396493.0364007359,
            4788226.320433959
          ],
          [
            396592.97179592,
            4788229.914427476
          ]
        ]
      }
    },
    {
      "type": "Feature",
      "properties": {
        "segment_id": "65",
        "route_id": "test_project2_existing_snam_pipeline",
        "length_m": 100.00000000004701,
        "name": "SNAM Metanodotto Ravenna-Chieti (Existing)",
        "generation_method": "Real Data",
        "is_real_route": true,
        "step": 65
      },
      "geometry": {
        "type": "LineString",
        "coordinates": [
          [
            396592.97179592,
            4788229.914427476
          ],
          [
            396692.90719110414,
            4788233.508420993
          ]
        ]
      }
    },
    {
      "type": "Feature",
      "properties": {
        "segment_id": "66",
        "route_id": "test_project2_existing_snam_pipeline",
        "length_m": 99.99999999995536,
        "name": "SNAM Metanodotto Ravenna-Chieti (Existing)",
        "generation_method": "Real Data",
        "is_real_route": true,
        "step": 66
      },
      "geometry": {
        "type": "LineString",
        "coordinates": [
          [
            396692.90719110414,
            4788233.508420993
          ],
          [
            396792.8425862882,
            4788237.102414508
          ]
        ]
      }
    },
    {
      "type": "Feature",
      "properties": {
        "segment_id": "67",
        "route_id": "test_project2_existing_snam_pipeline",
        "length_m": 100.00000000000357,
        "name": "SNAM Metanodotto Ravenna-Chieti (Existing)",
        "generation_method": "Real Data",
        "is_real_route": true,
        "step": 67
      },
      "geometry": {
        "type": "LineString",
        "coordinates": [
          [
            396792.8425862882,
            4788237.102414508
          ],
          [
            396804.1694574279,
            4788237.509764691
          ],
          [
            396850.81027405296,
            4788312.917055145
          ]
        ]
      }
    },
    {
      "type": "Feature",
      "properties": {
        "segment_id": "68",
        "route_id": "test_project2_existing_snam_pipeline",
        "length_m": 100.00000000008278,
        "name": "SNAM Metanodotto Ravenna-Chieti (Existing)",
        "generation_method": "Real Data",
        "is_real_route": true,
        "step": 68
      },
      "geometry": {
        "type": "LineString",
        "coordinates": [
          [
            396850.81027405296,
            4788312.917055145
          ],
          [
            396903.4132091701,
            4788397.963696566
          ]
        ]
      }
    },
    {
      "type": "Feature",
      "properties": {
        "segment_id": "69",
        "route_id": "test_project2_existing_snam_pipeline",
        "length_m": 100.00000000008278,
        "name": "SNAM Metanodotto Ravenna-Chieti (Existing)",
        "generation_method": "Real Data",
        "is_real_route": true,
        "step": 69
      },
      "geometry": {
        "type": "LineString",
        "coordinates": [
          [
            396903.4132091701,
            4788397.963696566
          ],
          [
            396956.01614428725,
            4788483.010337988
          ]
        ]
      }
    },
    {
      "type": "Feature",
      "properties": {
        "segment_id": "70",
        "route_id": "test_project2_existing_snam_pipeline",
        "length_m": 100.00000000003688,
        "name": "SNAM Metanodotto Ravenna-Chieti (Existing)",
        "generation_method": "Real Data",
        "is_real_route": true,
        "step": 70
      },
      "geometry": {
        "type": "LineString",
        "coordinates": [
          [
            396956.01614428725,
            4788483.010337988
          ],
          [
            396967.44580235786,
            4788501.489421509
          ],
          [
            396913.48097326304,
            4788558.1840043925
          ]
        ]
      }
    },
    {
      "type": "Feature",
      "properties": {
        "segment_id": "71",
        "route_id": "test_project2_existing_snam_pipeline",
        "length_m": 99.99999999974675,
        "name": "SNAM Metanodotto Ravenna-Chieti (Existing)",
        "generation_method": "Real Data",
        "is_real_route": true,
        "step": 71
      },
      "geometry": {
        "type": "LineString",
        "coordinates": [
          [
            396913.48097326304,
            4788558.1840043925
          ],
          [
            396844.535564806,
            4788630.616943396
          ]
        ]
      }
    },
    {
      "type": "Feature",
      "properties": {
        "segment_id": "72",
        "route_id": "test_project2_existing_snam_pipeline",
        "length_m": 100.0000000000626,
        "name": "SNAM Metanodotto Ravenna-Chieti (Existing)",
        "generation_method": "Real Data",
        "is_real_route": true,
        "step": 72
      },
      "geometry": {
        "type": "LineString",
        "coordinates": [
          [
            396844.535564806,
            4788630.616943396
          ],
          [
            396840.62679415225,
            4788634.723435078
          ],
          [
            396792.35527297104,
            4788715.767422536
          ]
        ]
      }
    },
    {
      "type": "Feature",
      "properties": {
        "segment_id": "73",
        "route_id": "test_project2_existing_snam_pipeline",
        "length_m": 99.99999999982217,
        "name": "SNAM Metanodotto Ravenna-Chieti (Existing)",
        "generation_method": "Real Data",
        "is_real_route": true,
        "step": 73
      },
      "geometry": {
        "type": "LineString",
        "coordinates": [
          [
            396792.35527297104,
            4788715.767422536
          ],
          [
            396784.7700704145,
            4788728.502365331
          ],
          [
            396758.42103242676,
            4788751.052490939
          ],
          [
            396734.33090297267,
            4788795.431815772
          ]
        ]
      }
    },
    {
      "type": "Feature",
      "properties": {
        "segment_id": "74",
        "route_id": "test_project2_existing_snam_pipeline",
        "length_m": 100.00000000019892,
        "name": "SNAM Metanodotto Ravenna-Chieti (Existing)",
        "generation_method": "Real Data",
        "is_real_route": true,
        "step": 74
      },
      "geometry": {
        "type": "LineString",
        "coordinates": [
          [
            396734.33090297267,
            4788795.431815772
          ],
          [
            396714.8341429528,
            4788831.349142318
          ],
          [
            396711.1837067624,
            4788890.368546419
          ]
        ]
      }
    },
    {
      "type": "Feature",
      "properties": {
        "segment_id": "75",
        "route_id": "test_project2_existing_snam_pipeline",
        "length_m": 99.99999999968074,
        "name": "SNAM Metanodotto Ravenna-Chieti (Existing)",
        "generation_method": "Real Data",
        "is_real_route": true,
        "step": 75
      },
      "geometry": {
        "type": "LineString",
        "coordinates": [
          [
            396711.1837067624,
            4788890.368546419
          ],
          [
            396710.92390117946,
            4788894.569022714
          ],
          [
            396684.2636847187,
            4788939.295882748
          ],
          [
            396655.00117620605,
            4788971.7812100565
          ]
        ]
      }
    },
    {
      "type": "Feature",
      "properties": {
        "segment_id": "76",
        "route_id": "test_project2_existing_snam_pipeline",
        "length_m": 100.0000000000814,
        "name": "SNAM Metanodotto Ravenna-Chieti (Existing)",
        "generation_method": "Real Data",
        "is_real_route": true,
        "step": 76
      },
      "geometry": {
        "type": "LineString",
        "coordinates": [
          [
            396655.00117620605,
            4788971.7812100565
          ],
          [
            396639.33072734857,
            4788989.177519741
          ],
          [
            396604.5501534146,
            4789057.410907709
          ]
        ]
      }
    },
    {
      "type": "Feature",
      "properties": {
        "segment_id": "77",
        "route_id": "test_project2_existing_snam_pipeline",
        "length_m": 100.0000000003487,
        "name": "SNAM Metanodotto Ravenna-Chieti (Existing)",
        "generation_method": "Real Data",
        "is_real_route": true,
        "step": 77
      },
      "geometry": {
        "type": "LineString",
        "coordinates": [
          [
            396604.5501534146,
            4789057.410907709
          ],
          [
            396559.13666812156,
            4789146.504203493
          ]
        ]
      }
    },
    {
      "type": "Feature",
      "properties": {
        "segment_id": "78",
        "route_id": "test_project2_existing_snam_pipeline",
        "length_m": 99.99999999949252,
        "name": "SNAM Metanodotto Ravenna-Chieti (Existing)",
        "generation_method": "Real Data",
        "is_real_route": true,
        "step": 78
      },
      "geometry": {
        "type": "LineString",
        "coordinates": [
          [
            396559.13666812156,
            4789146.504203493
          ],
          [
            396513.7231828286,
            4789235.597499276
          ]
        ]
      }
    },
    {
      "type": "Feature",
      "properties": {
        "segment_id": "79",
        "route_id": "test_project2_existing_snam_pipeline",
        "length_m": 100.0000000003487,
        "name": "SNAM Metanodotto Ravenna-Chieti (Existing)",
        "generation_method": "Real Data",
        "is_real_route": true,
        "step": 79
      },
      "geometry": {
        "type": "LineString",
        "coordinates": [
          [
            396513.7231828286,
            4789235.597499276
          ],
          [
            396468.30969753553,
            4789324.690795059
          ]
        ]
      }
    },
    {
      "type": "Feature",
      "properties": {
        "segment_id": "80",
        "route_id": "test_project2_existing_snam_pipeline",
        "length_m": 100.00000000008544,
        "name": "SNAM Metanodotto Ravenna-Chieti (Existing)",
        "generation_method": "Real Data",
        "is_real_route": true,
        "step": 80
      },
      "geometry": {
        "type": "LineString",
        "coordinates": [
          [
            396468.30969753553,
            4789324.690795059
          ],
          [
            396444.6781277301,
            4789371.051791687
          ],
          [
            396444.53127584996,
            4789392.292672736
          ],
          [
            396435.0829072582,
            4789417.288707174
          ]
        ]
      }
    },
    {
      "type": "Feature",
      "properties": {
        "segment_id": "81",
        "route_id": "test_project2_existing_snam_pipeline",
        "length_m": 99.99999999984806,
        "name": "SNAM Metanodotto Ravenna-Chieti (Existing)",
        "generation_method": "Real Data",
        "is_real_route": true,
        "step": 81
      },
      "geometry": {
        "type": "LineString",
        "coordinates": [
          [
            396435.0829072582,
            4789417.288707174
          ],
          [
            396399.72509402095,
            4789510.829206655
          ]
        ]
      }
    },
    {
      "type": "Feature",
      "properties": {
        "segment_id": "82",
        "route_id": "test_project2_existing_snam_pipeline",
        "length_m": 99.99999999989355,
        "name": "SNAM Metanodotto Ravenna-Chieti (Existing)",
        "generation_method": "Real Data",
        "is_real_route": true,
        "step": 82
      },
      "geometry": {
        "type": "LineString",
        "coordinates": [
          [
            396399.72509402095,
            4789510.829206655
          ],
          [
            396374.33811897703,
            4789577.991457611
          ],
          [
            396349.4221103199,
            4789591.198354373
          ]
        ]
      }
    },
    {
      "type": "Feature",
      "properties": {
        "segment_id": "83",
        "route_id": "test_project2_existing_snam_pipeline",
        "length_m": 100.0000000002255,
        "name": "SNAM Metanodotto Ravenna-Chieti (Existing)",
        "generation_method": "Real Data",
        "is_real_route": true,
        "step": 83
      },
      "geometry": {
        "type": "LineString",
        "coordinates": [
          [
            396349.4221103199,
            4789591.198354373
          ],
          [
            396261.06689247,
            4789638.031627574
          ]
        ]
      }
    },
    {
      "type": "Feature",
      "properties": {
        "segment_id": "84",
        "route_id": "test_project2_existing_snam_pipeline",
        "length_m": 100.0000000001621,
        "name": "SNAM Metanodotto Ravenna-Chieti (Existing)",
        "generation_method": "Real Data",
        "is_real_route": true,
        "step": 84
      },
      "geometry": {
        "type": "LineString",
        "coordinates": [
          [
            396261.06689247,
            4789638.031627574
          ],
          [
            396239.4945152622,
            4789649.4662101595
          ],
          [
            396231.18686976784,
            4789724.592757584
          ]
        ]
      }
    },
    {
      "type": "Feature",
      "properties": {
        "segment_id": "85",
        "route_id": "test_project2_existing_snam_pipeline",
        "length_m": 100.0000000000968,
        "name": "SNAM Metanodotto Ravenna-Chieti (Existing)",
        "generation_method": "Real Data",
        "is_real_route": true,
        "step": 85
      },
      "geometry": {
        "type": "LineString",
        "coordinates": [
          [
            396231.18686976784,
            4789724.592757584
          ],
          [
            396220.1956657338,
            4789823.986889372
          ]
        ]
      }
    },
    {
      "type": "Feature",
      "properties": {
        "segment_id": "86",
        "route_id": "test_project2_existing_snam_pipeline",
        "length_m": 99.99999999950417,
        "name": "SNAM Metanodotto Ravenna-Chieti (Existing)",
        "generation_method": "Real Data",
        "is_real_route": true,
        "step": 86
      },
      "geometry": {
        "type": "LineString",
        "coordinates": [
          [
            396220.1956657338,
            4789823.986889372
          ],
          [
            396214.8218095008,
            4789872.583000678
          ],
          [
            396168.09386097774,
            4789893.283056426
          ]
        ]
      }
    },
    {
      "type": "Feature",
      "properties": {
        "segment_id": "87",
        "route_id": "test_project2_existing_snam_pipeline",
        "length_m": 100.00000000014008,
        "name": "SNAM Metanodotto Ravenna-Chieti (Existing)",
        "generation_method": "Real Data",
        "is_real_route": true,
        "step": 87
      },
      "geometry": {
        "type": "LineString",
        "coordinates": [
          [
            396168.09386097774,
            4789893.283056426
          ],
          [
            396076.6634503112,
            4789933.785895899
          ]
        ]
      }
    },
    {
      "type": "Feature",
      "properties": {
        "segment_id": "88",
        "route_id": "test_project2_existing_snam_pipeline",
        "length_m": 100.00000000014008,
        "name": "SNAM Metanodotto Ravenna-Chieti (Existing)",
        "generation_method": "Real Data",
        "is_real_route": true,
        "step": 88
      },
      "geometry": {
        "type": "LineString",
        "coordinates": [
          [
            396076.6634503112,
            4789933.785895899
          ],
          [
            395985.2330396447,
            4789974.288735372
          ]
        ]
      }
    },
    {
      "type": "Feature",
      "properties": {
        "segment_id": "89",
        "route_id": "test_project2_existing_snam_pipeline",
        "length_m": 99.99999999988303,
        "name": "SNAM Metanodotto Ravenna-Chieti (Existing)",
        "generation_method": "Real Data",
        "is_real_route": true,
        "step": 89
      },
      "geometry": {
        "type": "LineString",
        "coordinates": [
          [
            395985.2330396447,
            4789974.288735372
          ],
          [
            395983.45464882685,
            4789975.076546312
          ],
          [
            395900.5298727334,
            4790027.40483373
          ]
        ]
      }
    },
    {
      "type": "Feature",
      "properties": {
        "segment_id": "90",
        "route_id": "test_project2_existing_snam_pipeline",
        "length_m": 99.99999999993855,
        "name": "SNAM Metanodotto Ravenna-Chieti (Existing)",
        "generation_method": "Real Data",
        "is_real_route": true,
        "step": 90
      },
      "geometry": {
        "type": "LineString",
        "coordinates": [
          [
            395900.5298727334,
            4790027.40483373
          ],
          [
            395815.9601514326,
            4790080.771136198
          ]
        ]
      }
    },
    {
      "type": "Feature",
      "properties": {
        "segment_id": "91",
        "route_id": "test_project2_existing_snam_pipeline",
        "length_m": 99.99999999988933,
        "name": "SNAM Metanodotto Ravenna-Chieti (Existing)",
        "generation_method": "Real Data",
        "is_real_route": true,
        "step": 91
      },
      "geometry": {
        "type": "LineString",
        "coordinates": [
          [
            395815.9601514326,
            4790080.771136198
          ],
          [
            395731.39043013187,
            4790134.137438666
          ]
        ]
      }
    },
    {
      "type": "Feature",
      "properties": {
        "segment_id": "92",
        "route_id": "test_project2_existing_snam_pipeline",
        "length_m": 99.9999999999566,
        "name": "SNAM Metanodotto Ravenna-Chieti (Existing)",
        "generation_method": "Real Data",
        "is_real_route": true,
        "step": 92
      },
      "geometry": {
        "type": "LineString",
        "coordinates": [
          [
            395731.39043013187,
            4790134.137438666
          ],
          [
            395658.589769576,
            4790180.077072986
          ],
          [
            395648.15143478406,
            4790189.280732985
          ]
        ]
      }
    },
    {
      "type": "Feature",
      "properties": {
        "segment_id": "93",
        "route_id": "test_project2_existing_snam_pipeline",
        "length_m": 100.00000000022118,
        "name": "SNAM Metanodotto Ravenna-Chieti (Existing)",
        "generation_method": "Real Data",
        "is_real_route": true,
        "step": 93
      },
      "geometry": {
        "type": "LineString",
        "coordinates": [
          [
            395648.15143478406,
            4790189.280732985
          ],
          [
            395573.1439993286,
            4790255.416083792
          ]
        ]
      }
    },
    {
      "type": "Feature",
      "properties": {
        "segment_id": "94",
        "route_id": "test_project2_existing_snam_pipeline",
        "length_m": 100.0000000000715,
        "name": "SNAM Metanodotto Ravenna-Chieti (Existing)",
        "generation_method": "Real Data",
        "is_real_route": true,
        "step": 94
      },
      "geometry": {
        "type": "LineString",
        "coordinates": [
          [
            395573.1439993286,
            4790255.416083792
          ],
          [
            395505.3016748942,
            4790315.23383251
          ],
          [
            395495.7520120076,
            4790314.999629915
          ]
        ]
      }
    },
    {
      "type": "Feature",
      "properties": {
        "segment_id": "95",
        "route_id": "test_project2_existing_snam_pipeline",
        "length_m": 99.99999999994527,
        "name": "SNAM Metanodotto Ravenna-Chieti (Existing)",
        "generation_method": "Real Data",
        "is_real_route": true,
        "step": 95
      },
      "geometry": {
        "type": "LineString",
        "coordinates": [
          [
            395495.7520120076,
            4790314.999629915
          ],
          [
            395395.7820714884,
            4790312.547897348
          ]
        ]
      }
    },
    {
      "type": "Feature",
      "properties": {
        "segment_id": "96",
        "route_id": "test_project2_existing_snam_pipeline",
        "length_m": 100.00000000000347,
        "name": "SNAM Metanodotto Ravenna-Chieti (Existing)",
        "generation_method": "Real Data",
        "is_real_route": true,
        "step": 96
      },
      "geometry": {
        "type": "LineString",
        "coordinates": [
          [
            395395.7820714884,
            4790312.547897348
          ],
          [
            395295.81213096913,
            4790310.096164782
          ]
        ]
      }
    },
    {
      "type": "Feature",
      "properties": {
        "segment_id": "97",
        "route_id": "test_project2_existing_snam_pipeline",
        "length_m": 100.00000000002629,
        "name": "SNAM Metanodotto Ravenna-Chieti (Existing)",
        "generation_method": "Real Data",
        "is_real_route": true,
        "step": 97
      },
      "geometry": {
        "type": "LineString",
        "coordinates": [
          [
            395295.81213096913,
            4790310.096164782
          ],
          [
            395195.8421904499,
            4790307.644432214
          ]
        ]
      }
    },
    {
      "type": "Feature",
      "properties": {
        "segment_id": "98",
        "route_id": "test_project2_existing_snam_pipeline",
        "length_m": 100.00000000000485,
        "name": "SNAM Metanodotto Ravenna-Chieti (Existing)",
        "generation_method": "Real Data",
        "is_real_route": true,
        "step": 98
      },
      "geometry": {
        "type": "LineString",
        "coordinates": [
          [
            395195.8421904499,
            4790307.644432214
          ],
          [
            395187.75808019773,
            4790307.446171855
          ],
          [
            395097.84927932284,
            4790288.354512259
          ]
        ]
      }
    },
    {
      "type": "Feature",
      "properties": {
        "segment_id": "99",
        "route_id": "test_project2_existing_snam_pipeline",
        "length_m": 99.99999999999197,
        "name": "SNAM Metanodotto Ravenna-Chieti (Existing)",
        "generation_method": "Real Data",
        "is_real_route": true,
        "step": 99
      },
      "geometry": {
        "type": "LineString",
        "coordinates": [
          [
            395097.84927932284,
            4790288.354512259
          ],
          [
            395000.0303071321,
            4790267.5831695115
          ]
        ]
      }
    },
    {
      "type": "Feature",
      "properties": {
        "segment_id": "100",
        "route_id": "test_project2_existing_snam_pipeline",
        "length_m": 99.99999999992852,
        "name": "SNAM Metanodotto Ravenna-Chieti (Existing)",
        "generation_method": "Real Data",
        "is_real_route": true,
        "step": 100
      },
      "geometry": {
        "type": "LineString",
        "coordinates": [
          [
            395000.0303071321,
            4790267.5831695115
          ],
          [
            394943.41858437937,
            4790255.561968813
          ],
          [
            394908.5926618959,
            4790279.263393143
          ]
        ]
      }
    },
    {
      "type": "Feature",
      "properties": {
        "segment_id": "101",
        "route_id": "test_project2_existing_snam_pipeline",
        "length_m": 100.00000000030542,
        "name": "SNAM Metanodotto Ravenna-Chieti (Existing)",
        "generation_method": "Real Data",
        "is_real_route": true,
        "step": 101
      },
      "geometry": {
        "type": "LineString",
        "coordinates": [
          [
            394908.5926618959,
            4790279.263393143
          ],
          [
            394825.9218699991,
            4790335.52652643
          ]
        ]
      }
    },
    {
      "type": "Feature",
      "properties": {
        "segment_id": "102",
        "route_id": "test_project2_existing_snam_pipeline",
        "length_m": 99.99999999974867,
        "name": "SNAM Metanodotto Ravenna-Chieti (Existing)",
        "generation_method": "Real Data",
        "is_real_route": true,
        "step": 102
      },
      "geometry": {
        "type": "LineString",
        "coordinates": [
          [
            394825.9218699991,
            4790335.52652643
          ],
          [
            394780.9396365556,
            4790366.140015639
          ],
          [
            394735.5976188671,
            4790370.876376209
          ]
        ]
      }
    },
    {
      "type": "Feature",
      "properties": {
        "segment_id": "103",
        "route_id": "test_project2_existing_snam_pipeline",
        "length_m": 99.99999999961352,
        "name": "SNAM Metanodotto Ravenna-Chieti (Existing)",
        "generation_method": "Real Data",
        "is_real_route": true,
        "step": 103
      },
      "geometry": {
        "type": "LineString",
        "coordinates": [
          [
            394735.5976188671,
            4790370.876376209
          ],
          [
            394687.89670712996,
            4790375.859143387
          ],
          [
            394664.7649626371,
            4790422.474987904
          ]
        ]
      }
    },
    {
      "type": "Feature",
      "properties": {
        "segment_id": "104",
        "route_id": "test_project2_existing_snam_pipeline",
        "length_m": 100.00000000044675,
        "name": "SNAM Metanodotto Ravenna-Chieti (Existing)",
        "generation_method": "Real Data",
        "is_real_route": true,
        "step": 104
      },
      "geometry": {
        "type": "LineString",
        "coordinates": [
          [
            394664.7649626371,
            4790422.474987904
          ],
          [
            394620.3146448488,
            4790512.052715317
          ]
        ]
      }
    },
    {
      "type": "Feature",
      "properties": {
        "segment_id": "105",
        "route_id": "test_project2_existing_snam_pipeline",
        "length_m": 100.00000000025784,
        "name": "SNAM Metanodotto Ravenna-Chieti (Existing)",
        "generation_method": "Real Data",
        "is_real_route": true,
        "step": 105
      },
      "geometry": {
        "type": "LineString",
        "coordinates": [
          [
            394620.3146448488,
            4790512.052715317
          ],
          [
            394585.4250755511,
            4790582.363311138
          ],
          [
            394570.48766951804,
            4790597.839233486
          ]
        ]
      }
    },
    {
      "type": "Feature",
      "properties": {
        "segment_id": "106",
        "route_id": "test_project2_existing_snam_pipeline",
        "length_m": 99.9999999997858,
        "name": "SNAM Metanodotto Ravenna-Chieti (Existing)",
        "generation_method": "Real Data",
        "is_real_route": true,
        "step": 106
      },
      "geometry": {
        "type": "LineString",
        "coordinates": [
          [
            394570.48766951804,
            4790597.839233486
          ],
          [
            394501.03992222546,
            4790669.790678197
          ]
        ]
      }
    },
    {
      "type": "Feature",
      "properties": {
        "segment_id": "107",
        "route_id": "test_project2_existing_snam_pipeline",
        "length_m": 99.9999999997858,
        "name": "SNAM Metanodotto Ravenna-Chieti (Existing)",
        "generation_method": "Real Data",
        "is_real_route": true,
        "step": 107
      },
      "geometry": {
        "type": "LineString",
        "coordinates": [
          [
            394501.03992222546,
            4790669.790678197
          ],
          [
            394431.5921749329,
            4790741.742122907
          ]
        ]
      }
    },
    {
      "type": "Feature",
      "properties": {
        "segment_id": "108",
        "route_id": "test_project2_existing_snam_pipeline",
        "length_m": 100.00000000020752,
        "name": "SNAM Metanodotto Ravenna-Chieti (Existing)",
        "generation_method": "Real Data",
        "is_real_route": true,
        "step": 108
      },
      "geometry": {
        "type": "LineString",
        "coordinates": [
          [
            394431.5921749329,
            4790741.742122907
          ],
          [
            394364.91486985795,
            4790810.823246725
          ],
          [
            394364.3691978899,
            4790814.7749975035
          ]
        ]
      }
    },
    {
      "type": "Feature",
      "properties": {
        "segment_id": "109",
        "route_id": "test_project2_existing_snam_pipeline",
        "length_m": 99.99999999983031,
        "name": "SNAM Metanodotto Ravenna-Chieti (Existing)",
        "generation_method": "Real Data",
        "is_real_route": true,
        "step": 109
      },
      "geometry": {
        "type": "LineString",
        "coordinates": [
          [
            394364.3691978899,
            4790814.7749975035
          ],
          [
            394350.6906274783,
            4790913.835063683
          ]
        ]
      }
    },
    {
      "type": "Feature",
      "properties": {
        "segment_id": "110",
        "route_id": "test_project2_existing_snam_pipeline",
        "length_m": 99.99999999982235,
        "name": "SNAM Metanodotto Ravenna-Chieti (Existing)",
        "generation_method": "Real Data",
        "is_real_route": true,
        "step": 110
      },
      "geometry": {
        "type": "LineString",
        "coordinates": [
          [
            394350.6906274783,
            4790913.835063683
          ],
          [
            394337.0120570668,
            4791012.895129862
          ]
        ]
      }
    },
    {
      "type": "Feature",
      "properties": {
        "segment_id": "111",
        "route_id": "test_project2_existing_snam_pipeline",
        "length_m": 99.9999999999746,
        "name": "SNAM Metanodotto Ravenna-Chieti (Existing)",
        "generation_method": "Real Data",
        "is_real_route": true,
        "step": 111
      },
      "geometry": {
        "type": "LineString",
        "coordinates": [
          [
            394337.0120570668,
            4791012.895129862
          ],
          [
            394327.77534494246,
            4791079.787304029
          ],
          [
            394302.09723523515,
            4791099.665384003
          ]
        ]
      }
    },
    {
      "type": "Feature",
      "properties": {
        "segment_id": "112",
        "route_id": "test_project2_existing_snam_pipeline",
        "length_m": 100.00000000014626,
        "name": "SNAM Metanodotto Ravenna-Chieti (Existing)",
        "generation_method": "Real Data",
        "is_real_route": true,
        "step": 112
      },
      "geometry": {
        "type": "LineString",
        "coordinates": [
          [
            394302.09723523515,
            4791099.665384003
          ],
          [
            394223.02226053894,
            4791160.879339739
          ]
        ]
      }
    },
    {
      "type": "Feature",
      "properties": {
        "segment_id": "113",
        "route_id": "test_project2_existing_snam_pipeline",
        "length_m": 100.00000000014626,
        "name": "SNAM Metanodotto Ravenna-Chieti (Existing)",
        "generation_method": "Real Data",
        "is_real_route": true,
        "step": 113
      },
      "geometry": {
        "type": "LineString",
        "coordinates": [
          [
            394223.02226053894,
            4791160.879339739
          ],
          [
            394143.94728584273,
            4791222.093295475
          ]
        ]
      }
    },
    {
      "type": "Feature",
      "properties": {
        "segment_id": "114",
        "route_id": "test_project2_existing_snam_pipeline",
        "length_m": 100.00000000006949,
        "name": "SNAM Metanodotto Ravenna-Chieti (Existing)",
        "generation_method": "Real Data",
        "is_real_route": true,
        "step": 114
      },
      "geometry": {
        "type": "LineString",
        "coordinates": [
          [
            394143.94728584273,
            4791222.093295475
          ],
          [
            394090.5503163199,
            4791263.429252158
          ],
          [
            394058.63748414407,
            4791269.434744521
          ]
        ]
      }
    },
    {
      "type": "Feature",
      "properties": {
        "segment_id": "115",
        "route_id": "test_project2_existing_snam_pipeline",
        "length_m": 99.99999999997225,
        "name": "SNAM Metanodotto Ravenna-Chieti (Existing)",
        "generation_method": "Real Data",
        "is_real_route": true,
        "step": 115
      },
      "geometry": {
        "type": "LineString",
        "coordinates": [
          [
            394058.63748414407,
            4791269.434744521
          ],
          [
            393960.36246707215,
            4791287.928554824
          ]
        ]
      }
    },
    {
      "type": "Feature",
      "properties": {
        "segment_id": "116",
        "route_id": "test_project2_existing_snam_pipeline",
        "length_m": 100.00000000003041,
        "name": "SNAM Metanodotto Ravenna-Chieti (Existing)",
        "generation_method": "Real Data",
        "is_real_route": true,
        "step": 116
      },
      "geometry": {
        "type": "LineString",
        "coordinates": [
          [
            393960.36246707215,
            4791287.928554824
          ],
          [
            393924.4011382929,
            4791294.69591048
          ],
          [
            393872.1121313346,
            4791322.473557693
          ],
          [
            393874.15568579506,
            4791326.140795313
          ]
        ]
      }
    },
    {
      "type": "Feature",
      "properties": {
        "segment_id": "117",
        "route_id": "test_project2_existing_snam_pipeline",
        "length_m": 99.99999999967227,
        "name": "SNAM Metanodotto Ravenna-Chieti (Existing)",
        "generation_method": "Real Data",
        "is_real_route": true,
        "step": 117
      },
      "geometry": {
        "type": "LineString",
        "coordinates": [
          [
            393874.15568579506,
            4791326.140795313
          ],
          [
            393892.2154075833,
            4791358.5496654585
          ],
          [
            393868.7596411136,
            4791400.294872422
          ],
          [
            393856.7490092961,
            4791409.306335487
          ]
        ]
      }
    },
    {
      "type": "Feature",
      "properties": {
        "segment_id": "118",
        "route_id": "test_project2_existing_snam_pipeline",
        "length_m": 100.00000000020061,
        "name": "SNAM Metanodotto Ravenna-Chieti (Existing)",
        "generation_method": "Real Data",
        "is_real_route": true,
        "step": 118
      },
      "geometry": {
        "type": "LineString",
        "coordinates": [
          [
            393856.7490092961,
            4791409.306335487
          ],
          [
            393776.7601646886,
            4791469.321206464
          ]
        ]
      }
    },
    {
      "type": "Feature",
      "properties": {
        "segment_id": "119",
        "route_id": "test_project2_existing_snam_pipeline",
        "length_m": 99.99999999973002,
        "name": "SNAM Metanodotto Ravenna-Chieti (Existing)",
        "generation_method": "Real Data",
        "is_real_route": true,
        "step": 119
      },
      "geometry": {
        "type": "LineString",
        "coordinates": [
          [
            393776.7601646886,
            4791469.321206464
          ],
          [
            393698.060030785,
            4791528.369170031
          ],
          [
            393697.0044994304,
            4791529.586354806
          ]
        ]
      }
    },
    {
      "type": "Feature",
      "properties": {
        "segment_id": "120",
        "route_id": "test_project2_existing_snam_pipeline",
        "length_m": 100.00000000042046,
        "name": "SNAM Metanodotto Ravenna-Chieti (Existing)",
        "generation_method": "Real Data",
        "is_real_route": true,
        "step": 120
      },
      "geometry": {
        "type": "LineString",
        "coordinates": [
          [
            393697.0044994304,
            4791529.586354806
          ],
          [
            393631.4888385137,
            4791605.135664364
          ]
        ]
      }
    },
    {
      "type": "Feature",
      "properties": {
        "segment_id": "121",
        "route_id": "test_project2_existing_snam_pipeline",
        "length_m": 99.99999999985496,
        "name": "SNAM Metanodotto Ravenna-Chieti (Existing)",
        "generation_method": "Real Data",
        "is_real_route": true,
        "step": 121
      },
      "geometry": {
        "type": "LineString",
        "coordinates": [
          [
            393631.4888385137,
            4791605.135664364
          ],
          [
            393593.9079293667,
            4791648.472046824
          ],
          [
            393553.7836056104,
            4791662.89638985
          ]
        ]
      }
    },
    {
      "type": "Feature",
      "properties": {
        "segment_id": "122",
        "route_id": "test_project2_existing_snam_pipeline",
        "length_m": 99.99999999995065,
        "name": "SNAM Metanodotto Ravenna-Chieti (Existing)",
        "generation_method": "Real Data",
        "is_real_route": true,
        "step": 122
      },
      "geometry": {
        "type": "LineString",
        "coordinates": [
          [
            393553.7836056104,
            4791662.89638985
          ],
          [
            393459.6796160208,
            4791696.72595005
          ]
        ]
      }
    },
    {
      "type": "Feature",
      "properties": {
        "segment_id": "123",
        "route_id": "test_project2_existing_snam_pipeline",
        "length_m": 100.00000000000541,
        "name": "SNAM Metanodotto Ravenna-Chieti (Existing)",
        "generation_method": "Real Data",
        "is_real_route": true,
        "step": 123
      },
      "geometry": {
        "type": "LineString",
        "coordinates": [
          [
            393459.6796160208,
            4791696.72595005
          ],
          [
            393365.57562643115,
            4791730.55551025
          ]
        ]
      }
    },
    {
      "type": "Feature",
      "properties": {
        "segment_id": "124",
        "route_id": "test_project2_existing_snam_pipeline",
        "length_m": 99.99999999995065,
        "name": "SNAM Metanodotto Ravenna-Chieti (Existing)",
        "generation_method": "Real Data",
        "is_real_route": true,
        "step": 124
      },
      "geometry": {
        "type": "LineString",
        "coordinates": [
          [
            393365.57562643115,
            4791730.55551025
          ],
          [
            393271.47163684154,
            4791764.38507045
          ]
        ]
      }
    },
    {
      "type": "Feature",
      "properties": {
        "segment_id": "125",
        "route_id": "test_project2_existing_snam_pipeline",
        "length_m": 100.00000000032048,
        "name": "SNAM Metanodotto Ravenna-Chieti (Existing)",
        "generation_method": "Real Data",
        "is_real_route": true,
        "step": 125
      },
      "geometry": {
        "type": "LineString",
        "coordinates": [
          [
            393271.47163684154,
            4791764.38507045
          ],
          [
            393177.3676472519,
            4791798.21463065
          ]
        ]
      }
    },
    {
      "type": "Feature",
      "properties": {
        "segment_id": "126",
        "route_id": "test_project2_existing_snam_pipeline",
        "length_m": 99.99999999995065,
        "name": "SNAM Metanodotto Ravenna-Chieti (Existing)",
        "generation_method": "Real Data",
        "is_real_route": true,
        "step": 126
      },
      "geometry": {
        "type": "LineString",
        "coordinates": [
          [
            393177.3676472519,
            4791798.21463065
          ],
          [
            393083.26365766226,
            4791832.04419085
          ]
        ]
      }
    },
    {
      "type": "Feature",
      "properties": {
        "segment_id": "127",
        "route_id": "test_project2_existing_snam_pipeline",
        "length_m": 99.99999999995065,
        "name": "SNAM Metanodotto Ravenna-Chieti (Existing)",
        "generation_method": "Real Data",
        "is_real_route": true,
        "step": 127
      },
      "geometry": {
        "type": "LineString",
        "coordinates": [
          [
            393083.26365766226,
            4791832.04419085
          ],
          [
            392989.15966807265,
            4791865.87375105
          ]
        ]
      }
    },
    {
      "type": "Feature",
      "properties": {
        "segment_id": "128",
        "route_id": "test_project2_existing_snam_pipeline",
        "length_m": 100.00000000000541,
        "name": "SNAM Metanodotto Ravenna-Chieti (Existing)",
        "generation_method": "Real Data",
        "is_real_route": true,
        "step": 128
      },
      "geometry": {
        "type": "LineString",
        "coordinates": [
          [
            392989.15966807265,
            4791865.87375105
          ],
          [
            392895.055678483,
            4791899.70331125
          ]
        ]
      }
    },
    {
      "type": "Feature",
      "properties": {
        "segment_id": "129",
        "route_id": "test_project2_existing_snam_pipeline",
        "length_m": 99.99999999995065,
        "name": "SNAM Metanodotto Ravenna-Chieti (Existing)",
        "generation_method": "Real Data",
        "is_real_route": true,
        "step": 129
      },
      "geometry": {
        "type": "LineString",
        "coordinates": [
          [
            392895.055678483,
            4791899.70331125
          ],
          [
            392800.9516888934,
            4791933.532871449
          ]
        ]
      }
    },
    {
      "type": "Feature",
      "properties": {
        "segment_id": "130",
        "route_id": "test_project2_existing_snam_pipeline",
        "length_m": 99.99999999995065,
        "name": "SNAM Metanodotto Ravenna-Chieti (Existing)",
        "generation_method": "Real Data",
        "is_real_route": true,
        "step": 130
      },
      "geometry": {
        "type": "LineString",
        "coordinates": [
          [
            392800.9516888934,
            4791933.532871449
          ],
          [
            392706.84769930376,
            4791967.362431649
          ]
        ]
      }
    },
    {
      "type": "Feature",
      "properties": {
        "segment_id": "131",
        "route_id": "test_project2_existing_snam_pipeline",
        "length_m": 99.99999999975788,
        "name": "SNAM Metanodotto Ravenna-Chieti (Existing)",
        "generation_method": "Real Data",
        "is_real_route": true,
        "step": 131
      },
      "geometry": {
        "type": "LineString",
        "coordinates": [
          [
            392706.84769930376,
            4791967.362431649
          ],
          [
            392654.8160858654,
            4791986.0673410455
          ],
          [
            392627.6592844376,
            4792021.582802934
          ]
        ]
      }
    },
    {
      "type": "Feature",
      "properties": {
        "segment_id": "132",
        "route_id": "test_project2_existing_snam_pipeline",
        "length_m": 100.0000000000263,
        "name": "SNAM Metanodotto Ravenna-Chieti (Existing)",
        "generation_method": "Real Data",
        "is_real_route": true,
        "step": 132
      },
      "geometry": {
        "type": "LineString",
        "coordinates": [
          [
            392627.6592844376,
            4792021.582802934
          ],
          [
            392566.917211072,
            4792101.020832386
          ]
        ]
      }
    },
    {
      "type": "Feature",
      "properties": {
        "segment_id": "133",
        "route_id": "test_project2_existing_snam_pipeline",
        "length_m": 100.00000000006166,
        "name": "SNAM Metanodotto Ravenna-Chieti (Existing)",
        "generation_method": "Real Data",
        "is_real_route": true,
        "step": 133
      },
      "geometry": {
        "type": "LineString",
        "coordinates": [
          [
            392566.917211072,
            4792101.020832386
          ],
          [
            392506.17513770633,
            4792180.458861838
          ]
        ]
      }
    },
    {
      "type": "Feature",
      "properties": {
        "segment_id": "134",
        "route_id": "test_project2_existing_snam_pipeline",
        "length_m": 100.0000000000889,
        "name": "SNAM Metanodotto Ravenna-Chieti (Existing)",
        "generation_method": "Real Data",
        "is_real_route": true,
        "step": 134
      },
      "geometry": {
        "type": "LineString",
        "coordinates": [
          [
            392506.17513770633,
            4792180.458861838
          ],
          [
            392480.54948214674,
            4792213.971902607
          ],
          [
            392449.4763639312,
            4792262.72360729
          ]
        ]
      }
    },
    {
      "type": "Feature",
      "properties": {
        "segment_id": "135",
        "route_id": "test_project2_existing_snam_pipeline",
        "length_m": 100.00000000002223,
        "name": "SNAM Metanodotto Ravenna-Chieti (Existing)",
        "generation_method": "Real Data",
        "is_real_route": true,
        "step": 135
      },
      "geometry": {
        "type": "LineString",
        "coordinates": [
          [
            392449.4763639312,
            4792262.72360729
          ],
          [
            392424.78870783484,
            4792301.456936561
          ],
          [
            392371.23073182505,
            4792294.048235959
          ]
        ]
      }
    },
    {
      "type": "Feature",
      "properties": {
        "segment_id": "136",
        "route_id": "test_project2_existing_snam_pipeline",
        "length_m": 99.99999999963471,
        "name": "SNAM Metanodotto Ravenna-Chieti (Existing)",
        "generation_method": "Real Data",
        "is_real_route": true,
        "step": 136
      },
      "geometry": {
        "type": "LineString",
        "coordinates": [
          [
            392371.23073182505,
            4792294.048235959
          ],
          [
            392362.6913243187,
            4792292.866975608
          ],
          [
            392327.6555490637,
            4792377.262868915
          ]
        ]
      }
    },
    {
      "type": "Feature",
      "properties": {
        "segment_id": "137",
        "route_id": "test_project2_existing_snam_pipeline",
        "length_m": 100.0000000006281,
        "name": "SNAM Metanodotto Ravenna-Chieti (Existing)",
        "generation_method": "Real Data",
        "is_real_route": true,
        "step": 137
      },
      "geometry": {
        "type": "LineString",
        "coordinates": [
          [
            392327.6555490637,
            4792377.262868915
          ],
          [
            392313.9263286382,
            4792410.334488247
          ],
          [
            392309.63563839154,
            4792408.980762879
          ],
          [
            392286.4943652148,
            4792464.005274195
          ]
        ]
      }
    },
    {
      "type": "Feature",
      "properties": {
        "segment_id": "138",
        "route_id": "test_project2_existing_snam_pipeline",
        "length_m": 99.99999999976517,
        "name": "SNAM Metanodotto Ravenna-Chieti (Existing)",
        "generation_method": "Real Data",
        "is_real_route": true,
        "step": 138
      },
      "geometry": {
        "type": "LineString",
        "coordinates": [
          [
            392286.4943652148,
            4792464.005274195
          ],
          [
            392247.7270065181,
            4792556.18494603
          ]
        ]
      }
    },
    {
      "type": "Feature",
      "properties": {
        "segment_id": "139",
        "route_id": "test_project2_existing_snam_pipeline",
        "length_m": 100.00000000021893,
        "name": "SNAM Metanodotto Ravenna-Chieti (Existing)",
        "generation_method": "Real Data",
        "is_real_route": true,
        "step": 139
      },
      "geometry": {
        "type": "LineString",
        "coordinates": [
          [
            392247.7270065181,
            4792556.18494603
          ],
          [
            392228.79246954754,
            4792601.206826885
          ],
          [
            392224.49923133885,
            4792599.686573476
          ],
          [
            392207.24852454517,
            4792642.980400942
          ]
        ]
      }
    },
    {
      "type": "Feature",
      "properties": {
        "segment_id": "140",
        "route_id": "test_project2_existing_snam_pipeline",
        "length_m": 99.99999999937916,
        "name": "SNAM Metanodotto Ravenna-Chieti (Existing)",
        "generation_method": "Real Data",
        "is_real_route": true,
        "step": 140
      },
      "geometry": {
        "type": "LineString",
        "coordinates": [
          [
            392207.24852454517,
            4792642.980400942
          ],
          [
            392200.60128760687,
            4792659.662866917
          ],
          [
            392146.5778747171,
            4792655.389960119
          ],
          [
            392141.0867504172,
            4792682.693106858
          ]
        ]
      }
    },
    {
      "type": "Feature",
      "properties": {
        "segment_id": "141",
        "route_id": "test_project2_existing_snam_pipeline",
        "length_m": 100.00000000044584,
        "name": "SNAM Metanodotto Ravenna-Chieti (Existing)",
        "generation_method": "Real Data",
        "is_real_route": true,
        "step": 141
      },
      "geometry": {
        "type": "LineString",
        "coordinates": [
          [
            392141.0867504172,
            4792682.693106858
          ],
          [
            392121.3698619432,
            4792780.730060651
          ]
        ]
      }
    },
    {
      "type": "Feature",
      "properties": {
        "segment_id": "142",
        "route_id": "test_project2_existing_snam_pipeline",
        "length_m": 100.00000000005289,
        "name": "SNAM Metanodotto Ravenna-Chieti (Existing)",
        "generation_method": "Real Data",
        "is_real_route": true,
        "step": 142
      },
      "geometry": {
        "type": "LineString",
        "coordinates": [
          [
            392121.3698619432,
            4792780.730060651
          ],
          [
            392106.5289226988,
            4792854.522661185
          ],
          [
            392087.07628831675,
            4792869.792191676
          ]
        ]
      }
    },
    {
      "type": "Feature",
      "properties": {
        "segment_id": "143",
        "route_id": "test_project2_existing_snam_pipeline",
        "length_m": 99.99999999997358,
        "name": "SNAM Metanodotto Ravenna-Chieti (Existing)",
        "generation_method": "Real Data",
        "is_real_route": true,
        "step": 143
      },
      "geometry": {
        "type": "LineString",
        "coordinates": [
          [
            392087.07628831675,
            4792869.792191676
          ],
          [
            392008.41562050185,
            4792931.537631499
          ]
        ]
      }
    },
    {
      "type": "Feature",
      "properties": {
        "segment_id": "144",
        "route_id": "test_project2_existing_snam_pipeline",
        "length_m": 99.99999999997358,
        "name": "SNAM Metanodotto Ravenna-Chieti (Existing)",
        "generation_method": "Real Data",
        "is_real_route": true,
        "step": 144
      },
      "geometry": {
        "type": "LineString",
        "coordinates": [
          [
            392008.41562050185,
            4792931.537631499
          ],
          [
            391929.75495268696,
            4792993.283071321
          ]
        ]
      }
    },
    {
      "type": "Feature",
      "properties": {
        "segment_id": "145",
        "route_id": "test_project2_existing_snam_pipeline",
        "length_m": 99.99999999997358,
        "name": "SNAM Metanodotto Ravenna-Chieti (Existing)",
        "generation_method": "Real Data",
        "is_real_route": true,
        "step": 145
      },
      "geometry": {
        "type": "LineString",
        "coordinates": [
          [
            391929.75495268696,
            4792993.283071321
          ],
          [
            391851.09428487206,
            4793055.028511144
          ]
        ]
      }
    },
    {
      "type": "Feature",
      "properties": {
        "segment_id": "146",
        "route_id": "test_project2_existing_snam_pipeline",
        "length_m": 99.99999999997358,
        "name": "SNAM Metanodotto Ravenna-Chieti (Existing)",
        "generation_method": "Real Data",
        "is_real_route": true,
        "step": 146
      },
      "geometry": {
        "type": "LineString",
        "coordinates": [
          [
            391851.09428487206,
            4793055.028511144
          ],
          [
            391772.43361705716,
            4793116.773950967
          ]
        ]
      }
    },
    {
      "type": "Feature",
      "properties": {
        "segment_id": "147",
        "route_id": "test_project2_existing_snam_pipeline",
        "length_m": 99.99999999997358,
        "name": "SNAM Metanodotto Ravenna-Chieti (Existing)",
        "generation_method": "Real Data",
        "is_real_route": true,
        "step": 147
      },
      "geometry": {
        "type": "LineString",
        "coordinates": [
          [
            391772.43361705716,
            4793116.773950967
          ],
          [
            391693.77294924227,
            4793178.51939079
          ]
        ]
      }
    },
    {
      "type": "Feature",
      "properties": {
        "segment_id": "148",
        "route_id": "test_project2_existing_snam_pipeline",
        "length_m": 99.99999999997358,
        "name": "SNAM Metanodotto Ravenna-Chieti (Existing)",
        "generation_method": "Real Data",
        "is_real_route": true,
        "step": 148
      },
      "geometry": {
        "type": "LineString",
        "coordinates": [
          [
            391693.77294924227,
            4793178.51939079
          ],
          [
            391615.11228142737,
            4793240.264830613
          ]
        ]
      }
    },
    {
      "type": "Feature",
      "properties": {
        "segment_id": "149",
        "route_id": "test_project2_existing_snam_pipeline",
        "length_m": 99.99999999997358,
        "name": "SNAM Metanodotto Ravenna-Chieti (Existing)",
        "generation_method": "Real Data",
        "is_real_route": true,
        "step": 149
      },
      "geometry": {
        "type": "LineString",
        "coordinates": [
          [
            391615.11228142737,
            4793240.264830613
          ],
          [
            391536.4516136125,
            4793302.010270435
          ]
        ]
      }
    },
    {
      "type": "Feature",
      "properties": {
        "segment_id": "150",
        "route_id": "test_project2_existing_snam_pipeline",
        "length_m": 99.99999999997358,
        "name": "SNAM Metanodotto Ravenna-Chieti (Existing)",
        "generation_method": "Real Data",
        "is_real_route": true,
        "step": 150
      },
      "geometry": {
        "type": "LineString",
        "coordinates": [
          [
            391536.4516136125,
            4793302.010270435
          ],
          [
            391457.7909457976,
            4793363.755710258
          ]
        ]
      }
    },
    {
      "type": "Feature",
      "properties": {
        "segment_id": "151",
        "route_id": "test_project2_existing_snam_pipeline",
        "length_m": 100.00000000006983,
        "name": "SNAM Metanodotto Ravenna-Chieti (Existing)",
        "generation_method": "Real Data",
        "is_real_route": true,
        "step": 151
      },
      "geometry": {
        "type": "LineString",
        "coordinates": [
          [
            391457.7909457976,
            4793363.755710258
          ],
          [
            391431.1071109861,
            4793384.701440346
          ],
          [
            391376.0560208377,
            4793421.247096134
          ]
        ]
      }
    },
    {
      "type": "Feature",
      "properties": {
        "segment_id": "152",
        "route_id": "test_project2_existing_snam_pipeline",
        "length_m": 100.00000000024417,
        "name": "SNAM Metanodotto Ravenna-Chieti (Existing)",
        "generation_method": "Real Data",
        "is_real_route": true,
        "step": 152
      },
      "geometry": {
        "type": "LineString",
        "coordinates": [
          [
            391376.0560208377,
            4793421.247096134
          ],
          [
            391292.7428356206,
            4793476.5545383915
          ]
        ]
      }
    },
    {
      "type": "Feature",
      "properties": {
        "segment_id": "153",
        "route_id": "test_project2_existing_snam_pipeline",
        "length_m": 99.99999999972908,
        "name": "SNAM Metanodotto Ravenna-Chieti (Existing)",
        "generation_method": "Real Data",
        "is_real_route": true,
        "step": 153
      },
      "geometry": {
        "type": "LineString",
        "coordinates": [
          [
            391292.7428356206,
            4793476.5545383915
          ],
          [
            391209.4296504035,
            4793531.861980648
          ]
        ]
      }
    },
    {
      "type": "Feature",
      "properties": {
        "segment_id": "154",
        "route_id": "test_project2_existing_snam_pipeline",
        "length_m": 100.00000000019568,
        "name": "SNAM Metanodotto Ravenna-Chieti (Existing)",
        "generation_method": "Real Data",
        "is_real_route": true,
        "step": 154
      },
      "geometry": {
        "type": "LineString",
        "coordinates": [
          [
            391209.4296504035,
            4793531.861980648
          ],
          [
            391126.11646518647,
            4793587.169422905
          ]
        ]
      }
    },
    {
      "type": "Feature",
      "properties": {
        "segment_id": "155",
        "route_id": "test_project2_existing_snam_pipeline",
        "length_m": 99.99999999966369,
        "name": "SNAM Metanodotto Ravenna-Chieti (Existing)",
        "generation_method": "Real Data",
        "is_real_route": true,
        "step": 155
      },
      "geometry": {
        "type": "LineString",
        "coordinates": [
          [
            391126.11646518647,
            4793587.169422905
          ],
          [
            391085.0484026373,
            4793614.432448464
          ],
          [
            391044.7359244167,
            4793645.190273433
          ]
        ]
      }
    },
    {
      "type": "Feature",
      "properties": {
        "segment_id": "156",
        "route_id": "test_project2_existing_snam_pipeline",
        "length_m": 100.0000000000424,
        "name": "SNAM Metanodotto Ravenna-Chieti (Existing)",
        "generation_method": "Real Data",
        "is_real_route": true,
        "step": 156
      },
      "geometry": {
        "type": "LineString",
        "coordinates": [
          [
            391044.7359244167,
            4793645.190273433
          ],
          [
            390965.2341795419,
            4793705.84892955
          ]
        ]
      }
    },
    {
      "type": "Feature",
      "properties": {
        "segment_id": "157",
        "route_id": "test_project2_existing_snam_pipeline",
        "length_m": 100.00000000022261,
        "name": "SNAM Metanodotto Ravenna-Chieti (Existing)",
        "generation_method": "Real Data",
        "is_real_route": true,
        "step": 157
      },
      "geometry": {
        "type": "LineString",
        "coordinates": [
          [
            390965.2341795419,
            4793705.84892955
          ],
          [
            390923.63544580794,
            4793737.588148462
          ],
          [
            390920.4258311654,
            4793785.155684404
          ]
        ]
      }
    },
    {
      "type": "Feature",
      "properties": {
        "segment_id": "158",
        "route_id": "test_project2_existing_snam_pipeline",
        "length_m": 100.00000000030073,
        "name": "SNAM Metanodotto Ravenna-Chieti (Existing)",
        "generation_method": "Real Data",
        "is_real_route": true,
        "step": 158
      },
      "geometry": {
        "type": "LineString",
        "coordinates": [
          [
            390920.4258311654,
            4793785.155684404
          ],
          [
            390913.6936492944,
            4793884.928815694
          ]
        ]
      }
    },
    {
      "type": "Feature",
      "properties": {
        "segment_id": "159",
        "route_id": "test_project2_existing_snam_pipeline",
        "length_m": 99.99999999937542,
        "name": "SNAM Metanodotto Ravenna-Chieti (Existing)",
        "generation_method": "Real Data",
        "is_real_route": true,
        "step": 159
      },
      "geometry": {
        "type": "LineString",
        "coordinates": [
          [
            390913.6936492944,
            4793884.928815694
          ],
          [
            390906.9614674233,
            4793984.701946982
          ]
        ]
      }
    },
    {
      "type": "Feature",
      "properties": {
        "segment_id": "160",
        "route_id": "test_project2_existing_snam_pipeline",
        "length_m": 100.00000000027865,
        "name": "SNAM Metanodotto Ravenna-Chieti (Existing)",
        "generation_method": "Real Data",
        "is_real_route": true,
        "step": 160
      },
      "geometry": {
        "type": "LineString",
        "coordinates": [
          [
            390906.9614674233,
            4793984.701946982
          ],
          [
            390904.08489182655,
            4794027.333735633
          ],
          [
            390868.462851334,
            4794072.178679266
          ]
        ]
      }
    },
    {
      "type": "Feature",
      "properties": {
        "segment_id": "161",
        "route_id": "test_project2_existing_snam_pipeline",
        "length_m": 99.99999999991628,
        "name": "SNAM Metanodotto Ravenna-Chieti (Existing)",
        "generation_method": "Real Data",
        "is_real_route": true,
        "step": 161
      },
      "geometry": {
        "type": "LineString",
        "coordinates": [
          [
            390868.462851334,
            4794072.178679266
          ],
          [
            390806.26405867864,
            4794150.48136244
          ]
        ]
      }
    },
    {
      "type": "Feature",
      "properties": {
        "segment_id": "162",
        "route_id": "test_project2_existing_snam_pipeline",
        "length_m": 100.00000000017785,
        "name": "SNAM Metanodotto Ravenna-Chieti (Existing)",
        "generation_method": "Real Data",
        "is_real_route": true,
        "step": 162
      },
      "geometry": {
        "type": "LineString",
        "coordinates": [
          [
            390806.26405867864,
            4794150.48136244
          ],
          [
            390801.25060950033,
            4794156.7928438345
          ],
          [
            390710.0711083259,
            4794144.994741962
          ]
        ]
      }
    },
    {
      "type": "Feature",
      "properties": {
        "segment_id": "163",
        "route_id": "test_project2_existing_snam_pipeline",
        "length_m": 100.0000000001795,
        "name": "SNAM Metanodotto Ravenna-Chieti (Existing)",
        "generation_method": "Real Data",
        "is_real_route": true,
        "step": 163
      },
      "geometry": {
        "type": "LineString",
        "coordinates": [
          [
            390710.0711083259,
            4794144.994741962
          ],
          [
            390705.90293649794,
            4794144.4554045545
          ],
          [
            390634.3870749925,
            4794208.193634704
          ]
        ]
      }
    },
    {
      "type": "Feature",
      "properties": {
        "segment_id": "164",
        "route_id": "test_project2_existing_snam_pipeline",
        "length_m": 99.99999999952773,
        "name": "SNAM Metanodotto Ravenna-Chieti (Existing)",
        "generation_method": "Real Data",
        "is_real_route": true,
        "step": 164
      },
      "geometry": {
        "type": "LineString",
        "coordinates": [
          [
            390634.3870749925,
            4794208.193634704
          ],
          [
            390559.7335866786,
            4794274.728262398
          ]
        ]
      }
    },
    {
      "type": "Feature",
      "properties": {
        "segment_id": "165",
        "route_id": "test_project2_existing_snam_pipeline",
        "length_m": 100.00000000019084,
        "name": "SNAM Metanodotto Ravenna-Chieti (Existing)",
        "generation_method": "Real Data",
        "is_real_route": true,
        "step": 165
      },
      "geometry": {
        "type": "LineString",
        "coordinates": [
          [
            390559.7335866786,
            4794274.728262398
          ],
          [
            390485.08009836456,
            4794341.262890094
          ]
        ]
      }
    },
    {
      "type": "Feature",
      "properties": {
        "segment_id": "166",
        "route_id": "test_project2_existing_snam_pipeline",
        "length_m": 100.00000000014738,
        "name": "SNAM Metanodotto Ravenna-Chieti (Existing)",
        "generation_method": "Real Data",
        "is_real_route": true,
        "step": 166
      },
      "geometry": {
        "type": "LineString",
        "coordinates": [
          [
            390485.08009836456,
            4794341.262890094
          ],
          [
            390410.4266100506,
            4794407.7975177895
          ]
        ]
      }
    },
    {
      "type": "Feature",
      "properties": {
        "segment_id": "167",
        "route_id": "test_project2_existing_snam_pipeline",
        "length_m": 99.99999999997831,
        "name": "SNAM Metanodotto Ravenna-Chieti (Existing)",
        "generation_method": "Real Data",
        "is_real_route": true,
        "step": 167
      },
      "geometry": {
        "type": "LineString",
        "coordinates": [
          [
            390410.4266100506,
            4794407.7975177895
          ],
          [
            390338.2690892838,
            4794472.10762423
          ],
          [
            390335.04050919245,
            4794472.9763125535
          ]
        ]
      }
    },
    {
      "type": "Feature",
      "properties": {
        "segment_id": "168",
        "route_id": "test_project2_existing_snam_pipeline",
        "length_m": 99.99999999992092,
        "name": "SNAM Metanodotto Ravenna-Chieti (Existing)",
        "generation_method": "Real Data",
        "is_real_route": true,
        "step": 168
      },
      "geometry": {
        "type": "LineString",
        "coordinates": [
          [
            390335.04050919245,
            4794472.9763125535
          ],
          [
            390238.47484414943,
            4794498.958466713
          ]
        ]
      }
    },
    {
      "type": "Feature",
      "properties": {
        "segment_id": "169",
        "route_id": "test_project2_existing_snam_pipeline",
        "length_m": 99.99999999992092,
        "name": "SNAM Metanodotto Ravenna-Chieti (Existing)",
        "generation_method": "Real Data",
        "is_real_route": true,
        "step": 169
      },
      "geometry": {
        "type": "LineString",
        "coordinates": [
          [
            390238.47484414943,
            4794498.958466713
          ],
          [
            390141.9091791064,
            4794524.940620873
          ]
        ]
      }
    },
    {
      "type": "Feature",
      "properties": {
        "segment_id": "170",
        "route_id": "test_project2_existing_snam_pipeline",
        "length_m": 99.99999999992092,
        "name": "SNAM Metanodotto Ravenna-Chieti (Existing)",
        "generation_method": "Real Data",
        "is_real_route": true,
        "step": 170
      },
      "geometry": {
        "type": "LineString",
        "coordinates": [
          [
            390141.9091791064,
            4794524.940620873
          ],
          [
            390045.3435140634,
            4794550.922775033
          ]
        ]
      }
    },
    {
      "type": "Feature",
      "properties": {
        "segment_id": "171",
        "route_id": "test_project2_existing_snam_pipeline",
        "length_m": 100.00000000012844,
        "name": "SNAM Metanodotto Ravenna-Chieti (Existing)",
        "generation_method": "Real Data",
        "is_real_route": true,
        "step": 171
      },
      "geometry": {
        "type": "LineString",
        "coordinates": [
          [
            390045.3435140634,
            4794550.922775033
          ],
          [
            389987.685649537,
            4794566.436317285
          ],
          [
            389947.91753186606,
            4794559.962864323
          ]
        ]
      }
    },
    {
      "type": "Feature",
      "properties": {
        "segment_id": "172",
        "route_id": "test_project2_existing_snam_pipeline",
        "length_m": 100.00000000003676,
        "name": "SNAM Metanodotto Ravenna-Chieti (Existing)",
        "generation_method": "Real Data",
        "is_real_route": true,
        "step": 172
      },
      "geometry": {
        "type": "LineString",
        "coordinates": [
          [
            389947.91753186606,
            4794559.962864323
          ],
          [
            389849.21663694497,
            4794543.896335706
          ]
        ]
      }
    },
    {
      "type": "Feature",
      "properties": {
        "segment_id": "173",
        "route_id": "test_project2_existing_snam_pipeline",
        "length_m": 100.00000000003676,
        "name": "SNAM Metanodotto Ravenna-Chieti (Existing)",
        "generation_method": "Real Data",
        "is_real_route": true,
        "step": 173
      },
      "geometry": {
        "type": "LineString",
        "coordinates": [
          [
            389849.21663694497,
            4794543.896335706
          ],
          [
            389750.5157420239,
            4794527.82980709
          ]
        ]
      }
    },
    {
      "type": "Feature",
      "properties": {
        "segment_id": "174",
        "route_id": "test_project2_existing_snam_pipeline",
        "length_m": 99.99999999988714,
        "name": "SNAM Metanodotto Ravenna-Chieti (Existing)",
        "generation_method": "Real Data",
        "is_real_route": true,
        "step": 174
      },
      "geometry": {
        "type": "LineString",
        "coordinates": [
          [
            389750.5157420239,
            4794527.82980709
          ],
          [
            389651.8148471028,
            4794511.763278474
          ]
        ]
      }
    },
    {
      "type": "Feature",
      "properties": {
        "segment_id": "175",
        "route_id": "test_project2_existing_snam_pipeline",
        "length_m": 100.0000000001406,
        "name": "SNAM Metanodotto Ravenna-Chieti (Existing)",
        "generation_method": "Real Data",
        "is_real_route": true,
        "step": 175
      },
      "geometry": {
        "type": "LineString",
        "coordinates": [
          [
            389651.8148471028,
            4794511.763278474
          ],
          [
            389586.4517580977,
            4794501.123476871
          ],
          [
            389561.081727816,
            4794523.421912531
          ]
        ]
      }
    },
    {
      "type": "Feature",
      "properties": {
        "segment_id": "176",
        "route_id": "test_project2_existing_snam_pipeline",
        "length_m": 99.99999999961105,
        "name": "SNAM Metanodotto Ravenna-Chieti (Existing)",
        "generation_method": "Real Data",
        "is_real_route": true,
        "step": 176
      },
      "geometry": {
        "type": "LineString",
        "coordinates": [
          [
            389561.081727816,
            4794523.421912531
          ],
          [
            389485.97046526655,
            4794589.4393211305
          ]
        ]
      }
    },
    {
      "type": "Feature",
      "properties": {
        "segment_id": "177",
        "route_id": "test_project2_existing_snam_pipeline",
        "length_m": 100.0000000006211,
        "name": "SNAM Metanodotto Ravenna-Chieti (Existing)",
        "generation_method": "Real Data",
        "is_real_route": true,
        "step": 177
      },
      "geometry": {
        "type": "LineString",
        "coordinates": [
          [
            389485.97046526655,
            4794589.4393211305
          ],
          [
            389465.28625294165,
            4794607.619259136
          ],
          [
            389435.0360561924,
            4794673.464934664
          ]
        ]
      }
    },
    {
      "type": "Feature",
      "properties": {
        "segment_id": "178",
        "route_id": "test_project2_existing_snam_pipeline",
        "length_m": 99.99999999979526,
        "name": "SNAM Metanodotto Ravenna-Chieti (Existing)",
        "generation_method": "Real Data",
        "is_real_route": true,
        "step": 178
      },
      "geometry": {
        "type": "LineString",
        "coordinates": [
          [
            389435.0360561924,
            4794673.464934664
          ],
          [
            389434.2495727262,
            4794675.176875103
          ],
          [
            389358.5729282898,
            4794737.625279881
          ]
        ]
      }
    },
    {
      "type": "Feature",
      "properties": {
        "segment_id": "179",
        "route_id": "test_project2_existing_snam_pipeline",
        "length_m": 99.99999999986943,
        "name": "SNAM Metanodotto Ravenna-Chieti (Existing)",
        "generation_method": "Real Data",
        "is_real_route": true,
        "step": 179
      },
      "geometry": {
        "type": "LineString",
        "coordinates": [
          [
            389358.5729282898,
            4794737.625279881
          ],
          [
            389334.21589303017,
            4794757.72471754
          ],
          [
            389320.50547212525,
            4794824.38899631
          ],
          [
            389320.18050762045,
            4794824.546560695
          ]
        ]
      }
    },
    {
      "type": "Feature",
      "properties": {
        "segment_id": "180",
        "route_id": "test_project2_existing_snam_pipeline",
        "length_m": 100.00000000008396,
        "name": "SNAM Metanodotto Ravenna-Chieti (Existing)",
        "generation_method": "Real Data",
        "is_real_route": true,
        "step": 180
      },
      "geometry": {
        "type": "LineString",
        "coordinates": [
          [
            389320.18050762045,
            4794824.546560695
          ],
          [
            389230.19973149546,
            4794868.175220175
          ]
        ]
      }
    },
    {
      "type": "Feature",
      "properties": {
        "segment_id": "181",
        "route_id": "test_project2_existing_snam_pipeline",
        "length_m": 100.00000000008396,
        "name": "SNAM Metanodotto Ravenna-Chieti (Existing)",
        "generation_method": "Real Data",
        "is_real_route": true,
        "step": 181
      },
      "geometry": {
        "type": "LineString",
        "coordinates": [
          [
            389230.19973149546,
            4794868.175220175
          ],
          [
            389140.2189553705,
            4794911.803879654
          ]
        ]
      }
    },
    {
      "type": "Feature",
      "properties": {
        "segment_id": "182",
        "route_id": "test_project2_existing_snam_pipeline",
        "length_m": 99.99999999949603,
        "name": "SNAM Metanodotto Ravenna-Chieti (Existing)",
        "generation_method": "Real Data",
        "is_real_route": true,
        "step": 182
      },
      "geometry": {
        "type": "LineString",
        "coordinates": [
          [
            389140.2189553705,
            4794911.803879654
          ],
          [
            389054.73590652854,
            4794953.251742072
          ],
          [
            389052.37059995846,
            4794957.655235158
          ]
        ]
      }
    },
    {
      "type": "Feature",
      "properties": {
        "segment_id": "183",
        "route_id": "test_project2_existing_snam_pipeline",
        "length_m": 100.0000000004229,
        "name": "SNAM Metanodotto Ravenna-Chieti (Existing)",
        "generation_method": "Real Data",
        "is_real_route": true,
        "step": 183
      },
      "geometry": {
        "type": "LineString",
        "coordinates": [
          [
            389052.37059995846,
            4794957.655235158
          ],
          [
            389005.0506742373,
            4795045.75077778
          ]
        ]
      }
    },
    {
      "type": "Feature",
      "properties": {
        "segment_id": "184",
        "route_id": "test_project2_existing_snam_pipeline",
        "length_m": 99.99999999960244,
        "name": "SNAM Metanodotto Ravenna-Chieti (Existing)",
        "generation_method": "Real Data",
        "is_real_route": true,
        "step": 184
      },
      "geometry": {
        "type": "LineString",
        "coordinates": [
          [
            389005.0506742373,
            4795045.75077778
          ],
          [
            388957.73074851616,
            4795133.846320401
          ]
        ]
      }
    },
    {
      "type": "Feature",
      "properties": {
        "segment_id": "185",
        "route_id": "test_project2_existing_snam_pipeline",
        "length_m": 100.0000000004229,
        "name": "SNAM Metanodotto Ravenna-Chieti (Existing)",
        "generation_method": "Real Data",
        "is_real_route": true,
        "step": 185
      },
      "geometry": {
        "type": "LineString",
        "coordinates": [
          [
            388957.73074851616,
            4795133.846320401
          ],
          [
            388910.410822795,
            4795221.941863023
          ]
        ]
      }
    },
    {
      "type": "Feature",
      "properties": {
        "segment_id": "186",
        "route_id": "test_project2_existing_snam_pipeline",
        "length_m": 99.99999999962998,
        "name": "SNAM Metanodotto Ravenna-Chieti (Existing)",
        "generation_method": "Real Data",
        "is_real_route": true,
        "step": 186
      },
      "geometry": {
        "type": "LineString",
        "coordinates": [
          [
            388910.410822795,
            4795221.941863023
          ],
          [
            388863.0908970738,
            4795310.037405644
          ]
        ]
      }
    },
    {
      "type": "Feature",
      "properties": {
        "segment_id": "187",
        "route_id": "test_project2_existing_snam_pipeline",
        "length_m": 100.00000000049678,
        "name": "SNAM Metanodotto Ravenna-Chieti (Existing)",
        "generation_method": "Real Data",
        "is_real_route": true,
        "step": 187
      },
      "geometry": {
        "type": "LineString",
        "coordinates": [
          [
            388863.0908970738,
            4795310.037405644
          ],
          [
            388843.2986120132,
            4795346.884718178
          ],
          [
            388802.9525497711,
            4795388.793516168
          ]
        ]
      }
    },
    {
      "type": "Feature",
      "properties": {
        "segment_id": "188",
        "route_id": "test_project2_existing_snam_pipeline",
        "length_m": 99.99999999969978,
        "name": "SNAM Metanodotto Ravenna-Chieti (Existing)",
        "generation_method": "Real Data",
        "is_real_route": true,
        "step": 188
      },
      "geometry": {
        "type": "LineString",
        "coordinates": [
          [
            388802.9525497711,
            4795388.793516168
          ],
          [
            388733.5977985964,
            4795460.834605065
          ]
        ]
      }
    },
    {
      "type": "Feature",
      "properties": {
        "segment_id": "189",
        "route_id": "test_project2_existing_snam_pipeline",
        "length_m": 100.00000000006082,
        "name": "SNAM Metanodotto Ravenna-Chieti (Existing)",
        "generation_method": "Real Data",
        "is_real_route": true,
        "step": 189
      },
      "geometry": {
        "type": "LineString",
        "coordinates": [
          [
            388733.5977985964,
            4795460.834605065
          ],
          [
            388684.3593490753,
            4795511.980221754
          ],
          [
            388681.3066715999,
            4795540.82406878
          ]
        ]
      }
    },
    {
      "type": "Feature",
      "properties": {
        "segment_id": "190",
        "route_id": "test_project2_existing_snam_pipeline",
        "length_m": 100.0000000001095,
        "name": "SNAM Metanodotto Ravenna-Chieti (Existing)",
        "generation_method": "Real Data",
        "is_real_route": true,
        "step": 190
      },
      "geometry": {
        "type": "LineString",
        "coordinates": [
          [
            388681.3066715999,
            4795540.82406878
          ],
          [
            388670.7819891624,
            4795640.268681805
          ]
        ]
      }
    },
    {
      "type": "Feature",
      "properties": {
        "segment_id": "191",
        "route_id": "test_project2_existing_snam_pipeline",
        "length_m": 99.99999999981277,
        "name": "SNAM Metanodotto Ravenna-Chieti (Existing)",
        "generation_method": "Real Data",
        "is_real_route": true,
        "step": 191
      },
      "geometry": {
        "type": "LineString",
        "coordinates": [
          [
            388670.7819891624,
            4795640.268681805
          ],
          [
            388665.40622436727,
            4795691.062694159
          ],
          [
            388650.82344226266,
            4795737.761032079
          ]
        ]
      }
    },
    {
      "type": "Feature",
      "properties": {
        "segment_id": "192",
        "route_id": "test_project2_existing_snam_pipeline",
        "length_m": 100.00000000021387,
        "name": "SNAM Metanodotto Ravenna-Chieti (Existing)",
        "generation_method": "Real Data",
        "is_real_route": true,
        "step": 192
      },
      "geometry": {
        "type": "LineString",
        "coordinates": [
          [
            388650.82344226266,
            4795737.761032079
          ],
          [
            388647.70345047384,
            4795747.752159274
          ],
          [
            388647.5206889351,
            4795828.914761832
          ],
          [
            388643.6693510477,
            4795836.346329556
          ]
        ]
      }
    },
    {
      "type": "Feature",
      "properties": {
        "segment_id": "193",
        "route_id": "test_project2_existing_snam_pipeline",
        "length_m": 99.99999999991034,
        "name": "SNAM Metanodotto Ravenna-Chieti (Existing)",
        "generation_method": "Real Data",
        "is_real_route": true,
        "step": 193
      },
      "geometry": {
        "type": "LineString",
        "coordinates": [
          [
            388643.6693510477,
            4795836.346329556
          ],
          [
            388597.6571033769,
            4795925.131874912
          ]
        ]
      }
    },
    {
      "type": "Feature",
      "properties": {
        "segment_id": "194",
        "route_id": "test_project2_existing_snam_pipeline",
        "length_m": 99.99999999991034,
        "name": "SNAM Metanodotto Ravenna-Chieti (Existing)",
        "generation_method": "Real Data",
        "is_real_route": true,
        "step": 194
      },
      "geometry": {
        "type": "LineString",
        "coordinates": [
          [
            388597.6571033769,
            4795925.131874912
          ],
          [
            388551.64485570614,
            4796013.917420269
          ]
        ]
      }
    },
    {
      "type": "Feature",
      "properties": {
        "segment_id": "195",
        "route_id": "test_project2_existing_snam_pipeline",
        "length_m": 100.00000000007535,
        "name": "SNAM Metanodotto Ravenna-Chieti (Existing)",
        "generation_method": "Real Data",
        "is_real_route": true,
        "step": 195
      },
      "geometry": {
        "type": "LineString",
        "coordinates": [
          [
            388551.64485570614,
            4796013.917420269
          ],
          [
            388538.1100452591,
            4796040.034282358
          ],
          [
            388525.1914245726,
            4796051.6221386455
          ],
          [
            388508.55193607905,
            4796058.439014875
          ],
          [
            388473.37861906225,
            4796056.139852631
          ]
        ]
      }
    },
    {
      "type": "Feature",
      "properties": {
        "segment_id": "196",
        "route_id": "test_project2_existing_snam_pipeline",
        "length_m": 100.00000000020547,
        "name": "SNAM Metanodotto Ravenna-Chieti (Existing)",
        "generation_method": "Real Data",
        "is_real_route": true,
        "step": 196
      },
      "geometry": {
        "type": "LineString",
        "coordinates": [
          [
            388473.37861906225,
            4796056.139852631
          ],
          [
            388441.22119256406,
            4796054.037829076
          ],
          [
            388404.13620900555,
            4796055.759636785
          ],
          [
            388390.3424254825,
            4796072.805414426
          ],
          [
            388390.27298257477,
            4796081.526383096
          ]
        ]
      }
    },
    {
      "type": "Feature",
      "properties": {
        "segment_id": "197",
        "route_id": "test_project2_existing_snam_pipeline",
        "length_m": 100.00000000005434,
        "name": "SNAM Metanodotto Ravenna-Chieti (Existing)",
        "generation_method": "Real Data",
        "is_real_route": true,
        "step": 197
      },
      "geometry": {
        "type": "LineString",
        "coordinates": [
          [
            388390.27298257477,
            4796081.526383096
          ],
          [
            388389.80065371364,
            4796140.843674554
          ],
          [
            388376.963183338,
            4796162.25053579
          ],
          [
            388365.49984149064,
            4796173.007068866
          ]
        ]
      }
    },
    {
      "type": "Feature",
      "properties": {
        "segment_id": "198",
        "route_id": "test_project2_existing_snam_pipeline",
        "length_m": 99.99999999981338,
        "name": "SNAM Metanodotto Ravenna-Chieti (Existing)",
        "generation_method": "Real Data",
        "is_real_route": true,
        "step": 198
      },
      "geometry": {
        "type": "LineString",
        "coordinates": [
          [
            388365.49984149064,
            4796173.007068866
          ],
          [
            388292.57675870863,
            4796241.433847232
          ]
        ]
      }
    },
    {
      "type": "Feature",
      "properties": {
        "segment_id": "199",
        "route_id": "test_project2_existing_snam_pipeline",
        "length_m": 99.99999999969613,
        "name": "SNAM Metanodotto Ravenna-Chieti (Existing)",
        "generation_method": "Real Data",
        "is_real_route": true,
        "step": 199
      },
      "geometry": {
        "type": "LineString",
        "coordinates": [
          [
            388292.57675870863,
            4796241.433847232
          ],
          [
            388224.44120402704,
            4796305.368287757
          ],
          [
            388221.05028254754,
            4796310.989957981
          ]
        ]
      }
    },
    {
      "type": "Feature",
      "properties": {
        "segment_id": "200",
        "route_id": "test_project2_existing_snam_pipeline",
        "length_m": 100.0000000001668,
        "name": "SNAM Metanodotto Ravenna-Chieti (Existing)",
        "generation_method": "Real Data",
        "is_real_route": true,
        "step": 200
      },
      "geometry": {
        "type": "LineString",
        "coordinates": [
          [
            388221.05028254754,
            4796310.989957981
          ],
          [
            388181.79605862463,
            4796376.067932546
          ],
          [
            388162.63277778024,
            4796390.516358911
          ]
        ]
      }
    },
    {
      "type": "Feature",
      "properties": {
        "segment_id": "201",
        "route_id": "test_project2_existing_snam_pipeline",
        "length_m": 99.9999999999828,
        "name": "SNAM Metanodotto Ravenna-Chieti (Existing)",
        "generation_method": "Real Data",
        "is_real_route": true,
        "step": 201
      },
      "geometry": {
        "type": "LineString",
        "coordinates": [
          [
            388162.63277778024,
            4796390.516358911
          ],
          [
            388097.4695226631,
            4796439.647115847
          ],
          [
            388084.66321784107,
            4796452.846194275
          ]
        ]
      }
    },
    {
      "type": "Feature",
      "properties": {
        "segment_id": "202",
        "route_id": "test_project2_existing_snam_pipeline",
        "length_m": 100.0000000000335,
        "name": "SNAM Metanodotto Ravenna-Chieti (Existing)",
        "generation_method": "Real Data",
        "is_real_route": true,
        "step": 202
      },
      "geometry": {
        "type": "LineString",
        "coordinates": [
          [
            388084.66321784107,
            4796452.846194275
          ],
          [
            388021.8665434274,
            4796517.568863468
          ],
          [
            388016.73653681076,
            4796525.942269387
          ]
        ]
      }
    },
    {
      "type": "Feature",
      "properties": {
        "segment_id": "203",
        "route_id": "test_project2_existing_snam_pipeline",
        "length_m": 100.00000000017388,
        "name": "SNAM Metanodotto Ravenna-Chieti (Existing)",
        "generation_method": "Real Data",
        "is_real_route": true,
        "step": 203
      },
      "geometry": {
        "type": "LineString",
        "coordinates": [
          [
            388016.73653681076,
            4796525.942269387
          ],
          [
            387964.49573579064,
            4796611.211834349
          ]
        ]
      }
    },
    {
      "type": "Feature",
      "properties": {
        "segment_id": "204",
        "route_id": "test_project2_existing_snam_pipeline",
        "length_m": 100.00000000020043,
        "name": "SNAM Metanodotto Ravenna-Chieti (Existing)",
        "generation_method": "Real Data",
        "is_real_route": true,
        "step": 204
      },
      "geometry": {
        "type": "LineString",
        "coordinates": [
          [
            387964.49573579064,
            4796611.211834349
          ],
          [
            387945.2051559244,
            4796642.698705165
          ],
          [
            387903.78857127845,
            4796690.269303016
          ]
        ]
      }
    },
    {
      "type": "Feature",
      "properties": {
        "segment_id": "205",
        "route_id": "test_project2_existing_snam_pipeline",
        "length_m": 99.9999999997421,
        "name": "SNAM Metanodotto Ravenna-Chieti (Existing)",
        "generation_method": "Real Data",
        "is_real_route": true,
        "step": 205
      },
      "geometry": {
        "type": "LineString",
        "coordinates": [
          [
            387903.78857127845,
            4796690.269303016
          ],
          [
            387850.05795338936,
            4796751.983653384
          ],
          [
            387836.79028335214,
            4796764.402621422
          ]
        ]
      }
    },
    {
      "type": "Feature",
      "properties": {
        "segment_id": "206",
        "route_id": "test_project2_existing_snam_pipeline",
        "length_m": 100.00000000007938,
        "name": "SNAM Metanodotto Ravenna-Chieti (Existing)",
        "generation_method": "Real Data",
        "is_real_route": true,
        "step": 206
      },
      "geometry": {
        "type": "LineString",
        "coordinates": [
          [
            387836.79028335214,
            4796764.402621422
          ],
          [
            387763.7831212322,
            4796832.739685152
          ]
        ]
      }
    },
    {
      "type": "Feature",
      "properties": {
        "segment_id": "207",
        "route_id": "test_project2_existing_snam_pipeline",
        "length_m": 100.00000000003689,
        "name": "SNAM Metanodotto Ravenna-Chieti (Existing)",
        "generation_method": "Real Data",
        "is_real_route": true,
        "step": 207
      },
      "geometry": {
        "type": "LineString",
        "coordinates": [
          [
            387763.7831212322,
            4796832.739685152
          ],
          [
            387690.7759591123,
            4796901.0767488815
          ]
        ]
      }
    },
    {
      "type": "Feature",
      "properties": {
        "segment_id": "208",
        "route_id": "test_project2_existing_snam_pipeline",
        "length_m": 100.00000000003689,
        "name": "SNAM Metanodotto Ravenna-Chieti (Existing)",
        "generation_method": "Real Data",
        "is_real_route": true,
        "step": 208
      },
      "geometry": {
        "type": "LineString",
        "coordinates": [
          [
            387690.7759591123,
            4796901.0767488815
          ],
          [
            387617.7687969924,
            4796969.413812611
          ]
        ]
      }
    },
    {
      "type": "Feature",
      "properties": {
        "segment_id": "209",
        "route_id": "test_project2_existing_snam_pipeline",
        "length_m": 99.99999999962215,
        "name": "SNAM Metanodotto Ravenna-Chieti (Existing)",
        "generation_method": "Real Data",
        "is_real_route": true,
        "step": 209
      },
      "geometry": {
        "type": "LineString",
        "coordinates": [
          [
            387617.7687969924,
            4796969.413812611
          ],
          [
            387605.7020573986,
            4796980.708670933
          ],
          [
            387620.93645739305,
            4797062.778527471
          ]
        ]
      }
    },
    {
      "type": "Feature",
      "properties": {
        "segment_id": "210",
        "route_id": "test_project2_existing_snam_pipeline",
        "length_m": 99.99999999989214,
        "name": "SNAM Metanodotto Ravenna-Chieti (Existing)",
        "generation_method": "Real Data",
        "is_real_route": true,
        "step": 210
      },
      "geometry": {
        "type": "LineString",
        "coordinates": [
          [
            387620.93645739305,
            4797062.778527471
          ],
          [
            387632.3177791627,
            4797124.091309412
          ],
          [
            387613.28509109473,
            4797156.564575906
          ]
        ]
      }
    },
    {
      "type": "Feature",
      "properties": {
        "segment_id": "211",
        "route_id": "test_project2_existing_snam_pipeline",
        "length_m": 100.00000000011761,
        "name": "SNAM Metanodotto Ravenna-Chieti (Existing)",
        "generation_method": "Real Data",
        "is_real_route": true,
        "step": 211
      },
      "geometry": {
        "type": "LineString",
        "coordinates": [
          [
            387613.28509109473,
            4797156.564575906
          ],
          [
            387562.719794264,
            4797242.838272688
          ]
        ]
      }
    },
    {
      "type": "Feature",
      "properties": {
        "segment_id": "212",
        "route_id": "test_project2_existing_snam_pipeline",
        "length_m": 99.99999999996339,
        "name": "SNAM Metanodotto Ravenna-Chieti (Existing)",
        "generation_method": "Real Data",
        "is_real_route": true,
        "step": 212
      },
      "geometry": {
        "type": "LineString",
        "coordinates": [
          [
            387562.719794264,
            4797242.838272688
          ],
          [
            387556.2667376015,
            4797253.848374254
          ],
          [
            387590.07991229487,
            4797334.267076772
          ]
        ]
      }
    },
    {
      "type": "Feature",
      "properties": {
        "segment_id": "213",
        "route_id": "test_project2_existing_snam_pipeline",
        "length_m": 100.00000000010292,
        "name": "SNAM Metanodotto Ravenna-Chieti (Existing)",
        "generation_method": "Real Data",
        "is_real_route": true,
        "step": 213
      },
      "geometry": {
        "type": "LineString",
        "coordinates": [
          [
            387590.07991229487,
            4797334.267076772
          ],
          [
            387624.70680459705,
            4797416.621063832
          ],
          [
            387623.8544880049,
            4797427.249376801
          ]
        ]
      }
    },
    {
      "type": "Feature",
      "properties": {
        "segment_id": "214",
        "route_id": "test_project2_existing_snam_pipeline",
        "length_m": 100.00000000046003,
        "name": "SNAM Metanodotto Ravenna-Chieti (Existing)",
        "generation_method": "Real Data",
        "is_real_route": true,
        "step": 214
      },
      "geometry": {
        "type": "LineString",
        "coordinates": [
          [
            387623.8544880049,
            4797427.249376801
          ],
          [
            387615.86084732023,
            4797526.929373333
          ]
        ]
      }
    },
    {
      "type": "Feature",
      "properties": {
        "segment_id": "215",
        "route_id": "test_project2_existing_snam_pipeline",
        "length_m": 99.99999999970723,
        "name": "SNAM Metanodotto Ravenna-Chieti (Existing)",
        "generation_method": "Real Data",
        "is_real_route": true,
        "step": 215
      },
      "geometry": {
        "type": "LineString",
        "coordinates": [
          [
            387615.86084732023,
            4797526.929373333
          ],
          [
            387613.27010288724,
            4797559.235728633
          ],
          [
            387657.9461234375,
            4797609.955074139
          ]
        ]
      }
    },
    {
      "type": "Feature",
      "properties": {
        "segment_id": "216",
        "route_id": "test_project2_existing_snam_pipeline",
        "length_m": 100.00000000024335,
        "name": "SNAM Metanodotto Ravenna-Chieti (Existing)",
        "generation_method": "Real Data",
        "is_real_route": true,
        "step": 216
      },
      "geometry": {
        "type": "LineString",
        "coordinates": [
          [
            387657.9461234375,
            4797609.955074139
          ],
          [
            387724.0447562569,
            4797684.994868511
          ]
        ]
      }
    },
    {
      "type": "Feature",
      "properties": {
        "segment_id": "217",
        "route_id": "test_project2_existing_snam_pipeline",
        "length_m": 99.99999999946162,
        "name": "SNAM Metanodotto Ravenna-Chieti (Existing)",
        "generation_method": "Real Data",
        "is_real_route": true,
        "step": 217
      },
      "geometry": {
        "type": "LineString",
        "coordinates": [
          [
            387724.0447562569,
            4797684.994868511
          ],
          [
            387748.0565403888,
            4797712.254726497
          ],
          [
            387803.18325806287,
            4797744.118030656
          ]
        ]
      }
    },
    {
      "type": "Feature",
      "properties": {
        "segment_id": "218",
        "route_id": "test_project2_existing_snam_pipeline",
        "length_m": 100.00000000051116,
        "name": "SNAM Metanodotto Ravenna-Chieti (Existing)",
        "generation_method": "Real Data",
        "is_real_route": true,
        "step": 218
      },
      "geometry": {
        "type": "LineString",
        "coordinates": [
          [
            387803.18325806287,
            4797744.118030656
          ],
          [
            387827.27397130313,
            4797758.042489717
          ],
          [
            387861.40505544236,
            4797821.636841818
          ]
        ]
      }
    },
    {
      "type": "Feature",
      "properties": {
        "segment_id": "219",
        "route_id": "test_project2_existing_snam_pipeline",
        "length_m": 99.99999999983302,
        "name": "SNAM Metanodotto Ravenna-Chieti (Existing)",
        "generation_method": "Real Data",
        "is_real_route": true,
        "step": 219
      },
      "geometry": {
        "type": "LineString",
        "coordinates": [
          [
            387861.40505544236,
            4797821.636841818
          ],
          [
            387908.694663315,
            4797909.748662746
          ]
        ]
      }
    },
    {
      "type": "Feature",
      "properties": {
        "segment_id": "220",
        "route_id": "test_project2_existing_snam_pipeline",
        "length_m": 99.99999999986483,
        "name": "SNAM Metanodotto Ravenna-Chieti (Existing)",
        "generation_method": "Real Data",
        "is_real_route": true,
        "step": 220
      },
      "geometry": {
        "type": "LineString",
        "coordinates": [
          [
            387908.694663315,
            4797909.748662746
          ],
          [
            387909.8533605564,
            4797911.907592126
          ],
          [
            387913.07001330465,
            4797926.417837999
          ],
          [
            387889.78164469893,
            4797960.418457514
          ],
          [
            387863.624310094,
            4797992.605901029
          ]
        ]
      }
    },
    {
      "type": "Feature",
      "properties": {
        "segment_id": "221",
        "route_id": "test_project2_existing_snam_pipeline",
        "length_m": 99.99999999973703,
        "name": "SNAM Metanodotto Ravenna-Chieti (Existing)",
        "generation_method": "Real Data",
        "is_real_route": true,
        "step": 221
      },
      "geometry": {
        "type": "LineString",
        "coordinates": [
          [
            387863.624310094,
            4797992.605901029
          ],
          [
            387800.5577329864,
            4798070.211357357
          ]
        ]
      }
    },
    {
      "type": "Feature",
      "properties": {
        "segment_id": "222",
        "route_id": "test_project2_existing_snam_pipeline",
        "length_m": 100.00000000028675,
        "name": "SNAM Metanodotto Ravenna-Chieti (Existing)",
        "generation_method": "Real Data",
        "is_real_route": true,
        "step": 222
      },
      "geometry": {
        "type": "LineString",
        "coordinates": [
          [
            387800.5577329864,
            4798070.211357357
          ],
          [
            387793.9545907061,
            4798078.336736811
          ],
          [
            387761.93784491793,
            4798161.94611753
          ]
        ]
      }
    },
    {
      "type": "Feature",
      "properties": {
        "segment_id": "223",
        "route_id": "test_project2_existing_snam_pipeline",
        "length_m": 99.99999999985778,
        "name": "SNAM Metanodotto Ravenna-Chieti (Existing)",
        "generation_method": "Real Data",
        "is_real_route": true,
        "step": 223
      },
      "geometry": {
        "type": "LineString",
        "coordinates": [
          [
            387761.93784491793,
            4798161.94611753
          ],
          [
            387742.076564617,
            4798213.8123926725
          ],
          [
            387728.922166186,
            4798237.247808607
          ],
          [
            387716.28278944886,
            4798249.475609415
          ]
        ]
      }
    },
    {
      "type": "Feature",
      "properties": {
        "segment_id": "224",
        "route_id": "test_project2_existing_snam_pipeline",
        "length_m": 100.00000000021964,
        "name": "SNAM Metanodotto Ravenna-Chieti (Existing)",
        "generation_method": "Real Data",
        "is_real_route": true,
        "step": 224
      },
      "geometry": {
        "type": "LineString",
        "coordinates": [
          [
            387716.28278944886,
            4798249.475609415
          ],
          [
            387710.2294192256,
            4798255.33186379
          ],
          [
            387627.3480745428,
            4798294.282034164
          ]
        ]
      }
    },
    {
      "type": "Feature",
      "properties": {
        "segment_id": "225",
        "route_id": "test_project2_existing_snam_pipeline",
        "length_m": 100.00000000006162,
        "name": "SNAM Metanodotto Ravenna-Chieti (Existing)",
        "generation_method": "Real Data",
        "is_real_route": true,
        "step": 225
      },
      "geometry": {
        "type": "LineString",
        "coordinates": [
          [
            387627.3480745428,
            4798294.282034164
          ],
          [
            387566.39283963555,
            4798322.92800744
          ],
          [
            387540.30444538733,
            4798342.558720266
          ]
        ]
      }
    },
    {
      "type": "Feature",
      "properties": {
        "segment_id": "226",
        "route_id": "test_project2_existing_snam_pipeline",
        "length_m": 99.9999999997419,
        "name": "SNAM Metanodotto Ravenna-Chieti (Existing)",
        "generation_method": "Real Data",
        "is_real_route": true,
        "step": 226
      },
      "geometry": {
        "type": "LineString",
        "coordinates": [
          [
            387540.30444538733,
            4798342.558720266
          ],
          [
            387460.5815229808,
            4798402.547762925
          ],
          [
            387460.4182017388,
            4798402.707015383
          ]
        ]
      }
    },
    {
      "type": "Feature",
      "properties": {
        "segment_id": "227",
        "route_id": "test_project2_existing_snam_pipeline",
        "length_m": 100.00000000004064,
        "name": "SNAM Metanodotto Ravenna-Chieti (Existing)",
        "generation_method": "Real Data",
        "is_real_route": true,
        "step": 227
      },
      "geometry": {
        "type": "LineString",
        "coordinates": [
          [
            387460.4182017388,
            4798402.707015383
          ],
          [
            387413.69893823547,
            4798448.262372863
          ],
          [
            387395.66603895376,
            4798477.963460688
          ]
        ]
      }
    },
    {
      "type": "Feature",
      "properties": {
        "segment_id": "228",
        "route_id": "test_project2_existing_snam_pipeline",
        "length_m": 100.00000000020609,
        "name": "SNAM Metanodotto Ravenna-Chieti (Existing)",
        "generation_method": "Real Data",
        "is_real_route": true,
        "step": 228
      },
      "geometry": {
        "type": "LineString",
        "coordinates": [
          [
            387395.66603895376,
            4798477.963460688
          ],
          [
            387343.76802374463,
            4798563.442089697
          ]
        ]
      }
    },
    {
      "type": "Feature",
      "properties": {
        "segment_id": "229",
        "route_id": "test_project2_existing_snam_pipeline",
        "length_m": 99.99999999955462,
        "name": "SNAM Metanodotto Ravenna-Chieti (Existing)",
        "generation_method": "Real Data",
        "is_real_route": true,
        "step": 229
      },
      "geometry": {
        "type": "LineString",
        "coordinates": [
          [
            387343.76802374463,
            4798563.442089697
          ],
          [
            387337.2790107067,
            4798574.129819004
          ],
          [
            387287.8975058197,
            4798606.012153231
          ],
          [
            387273.6227309718,
            4798630.930209699
          ]
        ]
      }
    },
    {
      "type": "Feature",
      "properties": {
        "segment_id": "230",
        "route_id": "test_project2_existing_snam_pipeline",
        "length_m": 100.00000000040652,
        "name": "SNAM Metanodotto Ravenna-Chieti (Existing)",
        "generation_method": "Real Data",
        "is_real_route": true,
        "step": 230
      },
      "geometry": {
        "type": "LineString",
        "coordinates": [
          [
            387273.6227309718,
            4798630.930209699
          ],
          [
            387262.5630667724,
            4798650.235966882
          ],
          [
            387191.97916676675,
            4798682.84109849
          ]
        ]
      }
    },
    {
      "type": "Feature",
      "properties": {
        "segment_id": "231",
        "route_id": "test_project2_existing_snam_pipeline",
        "length_m": 99.99999999995251,
        "name": "SNAM Metanodotto Ravenna-Chieti (Existing)",
        "generation_method": "Real Data",
        "is_real_route": true,
        "step": 231
      },
      "geometry": {
        "type": "LineString",
        "coordinates": [
          [
            387191.97916676675,
            4798682.84109849
          ],
          [
            387101.19690953055,
            4798724.776546158
          ]
        ]
      }
    },
    {
      "type": "Feature",
      "properties": {
        "segment_id": "232",
        "route_id": "test_project2_existing_snam_pipeline",
        "length_m": 100.00000000000534,
        "name": "SNAM Metanodotto Ravenna-Chieti (Existing)",
        "generation_method": "Real Data",
        "is_real_route": true,
        "step": 232
      },
      "geometry": {
        "type": "LineString",
        "coordinates": [
          [
            387101.19690953055,
            4798724.776546158
          ],
          [
            387010.4146522943,
            4798766.711993826
          ]
        ]
      }
    },
    {
      "type": "Feature",
      "properties": {
        "segment_id": "233",
        "route_id": "test_project2_existing_snam_pipeline",
        "length_m": 99.99999999995251,
        "name": "SNAM Metanodotto Ravenna-Chieti (Existing)",
        "generation_method": "Real Data",
        "is_real_route": true,
        "step": 233
      },
      "geometry": {
        "type": "LineString",
        "coordinates": [
          [
            387010.4146522943,
            4798766.711993826
          ],
          [
            386919.6323950581,
            4798808.647441493
          ]
        ]
      }
    },
    {
      "type": "Feature",
      "properties": {
        "segment_id": "234",
        "route_id": "test_project2_existing_snam_pipeline",
        "length_m": 99.9999999998788,
        "name": "SNAM Metanodotto Ravenna-Chieti (Existing)",
        "generation_method": "Real Data",
        "is_real_route": true,
        "step": 234
      },
      "geometry": {
        "type": "LineString",
        "coordinates": [
          [
            386919.6323950581,
            4798808.647441493
          ],
          [
            386904.4366794833,
            4798815.666865273
          ],
          [
            386850.903602533,
            4798879.437263396
          ]
        ]
      }
    },
    {
      "type": "Feature",
      "properties": {
        "segment_id": "235",
        "route_id": "test_project2_existing_snam_pipeline",
        "length_m": 99.99999999976805,
        "name": "SNAM Metanodotto Ravenna-Chieti (Existing)",
        "generation_method": "Real Data",
        "is_real_route": true,
        "step": 235
      },
      "geometry": {
        "type": "LineString",
        "coordinates": [
          [
            386850.903602533,
            4798879.437263396
          ],
          [
            386786.60837939504,
            4798956.027891292
          ]
        ]
      }
    },
    {
      "type": "Feature",
      "properties": {
        "segment_id": "236",
        "route_id": "test_project2_existing_snam_pipeline",
        "length_m": 100.00000000066709,
        "name": "SNAM Metanodotto Ravenna-Chieti (Existing)",
        "generation_method": "Real Data",
        "is_real_route": true,
        "step": 236
      },
      "geometry": {
        "type": "LineString",
        "coordinates": [
          [
            386786.60837939504,
            4798956.027891292
          ],
          [
            386769.3732146495,
            4798976.558998043
          ],
          [
            386757.43324083305,
            4799048.772265746
          ]
        ]
      }
    },
    {
      "type": "Feature",
      "properties": {
        "segment_id": "237",
        "route_id": "test_project2_existing_snam_pipeline",
        "length_m": 99.99999999946886,
        "name": "SNAM Metanodotto Ravenna-Chieti (Existing)",
        "generation_method": "Real Data",
        "is_real_route": true,
        "step": 237
      },
      "geometry": {
        "type": "LineString",
        "coordinates": [
          [
            386757.43324083305,
            4799048.772265746
          ],
          [
            386752.3120675239,
            4799079.745253192
          ],
          [
            386720.04361605376,
            4799140.289433212
          ]
        ]
      }
    },
    {
      "type": "Feature",
      "properties": {
        "segment_id": "238",
        "route_id": "test_project2_existing_snam_pipeline",
        "length_m": 99.99999999986385,
        "name": "SNAM Metanodotto Ravenna-Chieti (Existing)",
        "generation_method": "Real Data",
        "is_real_route": true,
        "step": 238
      },
      "geometry": {
        "type": "LineString",
        "coordinates": [
          [
            386720.04361605376,
            4799140.289433212
          ],
          [
            386673.0095079093,
            4799228.537904423
          ]
        ]
      }
    },
    {
      "type": "Feature",
      "properties": {
        "segment_id": "239",
        "route_id": "test_project2_existing_snam_pipeline",
        "length_m": 100.00000000076409,
        "name": "SNAM Metanodotto Ravenna-Chieti (Existing)",
        "generation_method": "Real Data",
        "is_real_route": true,
        "step": 239
      },
      "geometry": {
        "type": "LineString",
        "coordinates": [
          [
            386673.0095079093,
            4799228.537904423
          ],
          [
            386651.0705052377,
            4799269.7012967365
          ],
          [
            386642.4244144976,
            4799322.3512168545
          ]
        ]
      }
    },
    {
      "type": "Feature",
      "properties": {
        "segment_id": "240",
        "route_id": "test_project2_existing_snam_pipeline",
        "length_m": 100.0000000000069,
        "name": "SNAM Metanodotto Ravenna-Chieti (Existing)",
        "generation_method": "Real Data",
        "is_real_route": true,
        "step": 240
      },
      "geometry": {
        "type": "LineString",
        "coordinates": [
          [
            386642.4244144976,
            4799322.3512168545
          ],
          [
            386626.21961442876,
            4799421.029504511
          ]
        ]
      }
    },
    {
      "type": "Feature",
      "properties": {
        "segment_id": "241",
        "route_id": "test_project2_existing_snam_pipeline",
        "length_m": 99.9999999990879,
        "name": "SNAM Metanodotto Ravenna-Chieti (Existing)",
        "generation_method": "Real Data",
        "is_real_route": true,
        "step": 241
      },
      "geometry": {
        "type": "LineString",
        "coordinates": [
          [
            386626.21961442876,
            4799421.029504511
          ],
          [
            386610.0148143599,
            4799519.707792166
          ]
        ]
      }
    },
    {
      "type": "Feature",
      "properties": {
        "segment_id": "242",
        "route_id": "test_project2_existing_snam_pipeline",
        "length_m": 100.00000000015775,
        "name": "SNAM Metanodotto Ravenna-Chieti (Existing)",
        "generation_method": "Real Data",
        "is_real_route": true,
        "step": 242
      },
      "geometry": {
        "type": "LineString",
        "coordinates": [
          [
            386610.0148143599,
            4799519.707792166
          ],
          [
            386601.6426727789,
            4799570.68951312
          ],
          [
            386607.8928720463,
            4799618.619128425
          ]
        ]
      }
    },
    {
      "type": "Feature",
      "properties": {
        "segment_id": "243",
        "route_id": "test_project2_existing_snam_pipeline",
        "length_m": 100.0000000007261,
        "name": "SNAM Metanodotto Ravenna-Chieti (Existing)",
        "generation_method": "Real Data",
        "is_real_route": true,
        "step": 243
      },
      "geometry": {
        "type": "LineString",
        "coordinates": [
          [
            386607.8928720463,
            4799618.619128425
          ],
          [
            386617.62668937724,
            4799693.262847796
          ],
          [
            386614.24457971926,
            4799717.754724126
          ]
        ]
      }
    },
    {
      "type": "Feature",
      "properties": {
        "segment_id": "244",
        "route_id": "test_project2_existing_snam_pipeline",
        "length_m": 99.99999999931083,
        "name": "SNAM Metanodotto Ravenna-Chieti (Existing)",
        "generation_method": "Real Data",
        "is_real_route": true,
        "step": 244
      },
      "geometry": {
        "type": "LineString",
        "coordinates": [
          [
            386614.24457971926,
            4799717.754724126
          ],
          [
            386605.8195603194,
            4799778.765322269
          ],
          [
            386606.820109259,
            4799817.162727358
          ]
        ]
      }
    },
    {
      "type": "Feature",
      "properties": {
        "segment_id": "245",
        "route_id": "test_project2_existing_snam_pipeline",
        "length_m": 100.0000000002891,
        "name": "SNAM Metanodotto Ravenna-Chieti (Existing)",
        "generation_method": "Real Data",
        "is_real_route": true,
        "step": 245
      },
      "geometry": {
        "type": "LineString",
        "coordinates": [
          [
            386606.820109259,
            4799817.162727358
          ],
          [
            386609.42499732715,
            4799917.128794392
          ]
        ]
      }
    },
    {
      "type": "Feature",
      "properties": {
        "segment_id": "246",
        "route_id": "test_project2_existing_snam_pipeline",
        "length_m": 99.99999999983693,
        "name": "SNAM Metanodotto Ravenna-Chieti (Existing)",
        "generation_method": "Real Data",
        "is_real_route": true,
        "step": 246
      },
      "geometry": {
        "type": "LineString",
        "coordinates": [
          [
            386609.42499732715,
            4799917.128794392
          ],
          [
            386610.41058259434,
            4799954.951948518
          ],
          [
            386594.7579372745,
            4800015.113052735
          ]
        ]
      }
    },
    {
      "type": "Feature",
      "properties": {
        "segment_id": "247",
        "route_id": "test_project2_existing_snam_pipeline",
        "length_m": 100.00000000016657,
        "name": "SNAM Metanodotto Ravenna-Chieti (Existing)",
        "generation_method": "Real Data",
        "is_real_route": true,
        "step": 247
      },
      "geometry": {
        "type": "LineString",
        "coordinates": [
          [
            386594.7579372745,
            4800015.113052735
          ],
          [
            386569.5783420787,
            4800111.89108736
          ]
        ]
      }
    },
    {
      "type": "Feature",
      "properties": {
        "segment_id": "248",
        "route_id": "test_project2_existing_snam_pipeline",
        "length_m": 100.00000000033549,
        "name": "SNAM Metanodotto Ravenna-Chieti (Existing)",
        "generation_method": "Real Data",
        "is_real_route": true,
        "step": 248
      },
      "geometry": {
        "type": "LineString",
        "coordinates": [
          [
            386569.5783420787,
            4800111.89108736
          ],
          [
            386556.5377553442,
            4800162.012717382
          ],
          [
            386535.1315001778,
            4800205.20933596
          ]
        ]
      }
    },
    {
      "type": "Feature",
      "properties": {
        "segment_id": "249",
        "route_id": "test_project2_existing_snam_pipeline",
        "length_m": 99.99999999957886,
        "name": "SNAM Metanodotto Ravenna-Chieti (Existing)",
        "generation_method": "Real Data",
        "is_real_route": true,
        "step": 249
      },
      "geometry": {
        "type": "LineString",
        "coordinates": [
          [
            386535.1315001778,
            4800205.20933596
          ],
          [
            386490.7291223834,
            4800294.810836205
          ]
        ]
      }
    },
    {
      "type": "Feature",
      "properties": {
        "segment_id": "250",
        "route_id": "test_project2_existing_snam_pipeline",
        "length_m": 100.00000000041335,
        "name": "SNAM Metanodotto Ravenna-Chieti (Existing)",
        "generation_method": "Real Data",
        "is_real_route": true,
        "step": 250
      },
      "geometry": {
        "type": "LineString",
        "coordinates": [
          [
            386490.7291223834,
            4800294.810836205
          ],
          [
            386446.326744589,
            4800384.412336451
          ]
        ]
      }
    },
    {
      "type": "Feature",
      "properties": {
        "segment_id": "251",
        "route_id": "test_project2_existing_snam_pipeline",
        "length_m": 99.99999999926635,
        "name": "SNAM Metanodotto Ravenna-Chieti (Existing)",
        "generation_method": "Real Data",
        "is_real_route": true,
        "step": 251
      },
      "geometry": {
        "type": "LineString",
        "coordinates": [
          [
            386446.326744589,
            4800384.412336451
          ],
          [
            386434.12851537374,
            4800409.027676716
          ],
          [
            386442.1686589711,
            4800442.219189846
          ],
          [
            386422.79625674407,
            4800475.34726645
          ]
        ]
      }
    },
    {
      "type": "Feature",
      "properties": {
        "segment_id": "252",
        "route_id": "test_project2_existing_snam_pipeline",
        "length_m": 100.00000000070872,
        "name": "SNAM Metanodotto Ravenna-Chieti (Existing)",
        "generation_method": "Real Data",
        "is_real_route": true,
        "step": 252
      },
      "geometry": {
        "type": "LineString",
        "coordinates": [
          [
            386422.79625674407,
            4800475.34726645
          ],
          [
            386420.4335030353,
            4800479.387730041
          ],
          [
            386368.8063956101,
            4800521.279855928
          ],
          [
            386372.8607920406,
            4800549.827392059
          ]
        ]
      }
    },
    {
      "type": "Feature",
      "properties": {
        "segment_id": "253",
        "route_id": "test_project2_existing_snam_pipeline",
        "length_m": 99.99999999946925,
        "name": "SNAM Metanodotto Ravenna-Chieti (Existing)",
        "generation_method": "Real Data",
        "is_real_route": true,
        "step": 253
      },
      "geometry": {
        "type": "LineString",
        "coordinates": [
          [
            386372.8607920406,
            4800549.827392059
          ],
          [
            386386.9219541095,
            4800648.833875287
          ]
        ]
      }
    },
    {
      "type": "Feature",
      "properties": {
        "segment_id": "254",
        "route_id": "test_project2_existing_snam_pipeline",
        "length_m": 100.00000000038312,
        "name": "SNAM Metanodotto Ravenna-Chieti (Existing)",
        "generation_method": "Real Data",
        "is_real_route": true,
        "step": 254
      },
      "geometry": {
        "type": "LineString",
        "coordinates": [
          [
            386386.9219541095,
            4800648.833875287
          ],
          [
            386400.98311617837,
            4800747.840358516
          ]
        ]
      }
    },
    {
      "type": "Feature",
      "properties": {
        "segment_id": "255",
        "route_id": "test_project2_existing_snam_pipeline",
        "length_m": 100.00000000003779,
        "name": "SNAM Metanodotto Ravenna-Chieti (Existing)",
        "generation_method": "Real Data",
        "is_real_route": true,
        "step": 255
      },
      "geometry": {
        "type": "LineString",
        "coordinates": [
          [
            386400.98311617837,
            4800747.840358516
          ],
          [
            386412.6724433892,
            4800830.146441952
          ],
          [
            386406.7474397132,
            4800845.939582402
          ]
        ]
      }
    },
    {
      "type": "Feature",
      "properties": {
        "segment_id": "256",
        "route_id": "test_project2_existing_snam_pipeline",
        "length_m": 99.99999999990297,
        "name": "SNAM Metanodotto Ravenna-Chieti (Existing)",
        "generation_method": "Real Data",
        "is_real_route": true,
        "step": 256
      },
      "geometry": {
        "type": "LineString",
        "coordinates": [
          [
            386406.7474397132,
            4800845.939582402
          ],
          [
            386371.6217071336,
            4800939.567478409
          ]
        ]
      }
    },
    {
      "type": "Feature",
      "properties": {
        "segment_id": "257",
        "route_id": "test_project2_existing_snam_pipeline",
        "length_m": 99.99999999992342,
        "name": "SNAM Metanodotto Ravenna-Chieti (Existing)",
        "generation_method": "Real Data",
        "is_real_route": true,
        "step": 257
      },
      "geometry": {
        "type": "LineString",
        "coordinates": [
          [
            386371.6217071336,
            4800939.567478409
          ],
          [
            386336.4959745539,
            4801033.195374416
          ]
        ]
      }
    },
    {
      "type": "Feature",
      "properties": {
        "segment_id": "258",
        "route_id": "test_project2_existing_snam_pipeline",
        "length_m": 100.00000000000267,
        "name": "SNAM Metanodotto Ravenna-Chieti (Existing)",
        "generation_method": "Real Data",
        "is_real_route": true,
        "step": 258
      },
      "geometry": {
        "type": "LineString",
        "coordinates": [
          [
            386336.4959745539,
            4801033.195374416
          ],
          [
            386332.24278872006,
            4801044.532272232
          ],
          [
            386255.6845208942,
            4801087.703491272
          ]
        ]
      }
    },
    {
      "type": "Feature",
      "properties": {
        "segment_id": "259",
        "route_id": "test_project2_existing_snam_pipeline",
        "length_m": 100.0000000000302,
        "name": "SNAM Metanodotto Ravenna-Chieti (Existing)",
        "generation_method": "Real Data",
        "is_real_route": true,
        "step": 259
      },
      "geometry": {
        "type": "LineString",
        "coordinates": [
          [
            386255.6845208942,
            4801087.703491272
          ],
          [
            386168.5791303167,
            4801136.82223446
          ]
        ]
      }
    },
    {
      "type": "Feature",
      "properties": {
        "segment_id": "260",
        "route_id": "test_project2_existing_snam_pipeline",
        "length_m": 100.0000000000809,
        "name": "SNAM Metanodotto Ravenna-Chieti (Existing)",
        "generation_method": "Real Data",
        "is_real_route": true,
        "step": 260
      },
      "geometry": {
        "type": "LineString",
        "coordinates": [
          [
            386168.5791303167,
            4801136.82223446
          ],
          [
            386081.4737397391,
            4801185.940977648
          ]
        ]
      }
    },
    {
      "type": "Feature",
      "properties": {
        "segment_id": "261",
        "route_id": "test_project2_existing_snam_pipeline",
        "length_m": 100.0000000000302,
        "name": "SNAM Metanodotto Ravenna-Chieti (Existing)",
        "generation_method": "Real Data",
        "is_real_route": true,
        "step": 261
      },
      "geometry": {
        "type": "LineString",
        "coordinates": [
          [
            386081.4737397391,
            4801185.940977648
          ],
          [
            385994.3683491616,
            4801235.059720836
          ]
        ]
      }
    },
    {
      "type": "Feature",
      "properties": {
        "segment_id": "262",
        "route_id": "test_project2_existing_snam_pipeline",
        "length_m": 99.9999999997283,
        "name": "SNAM Metanodotto Ravenna-Chieti (Existing)",
        "generation_method": "Real Data",
        "is_real_route": true,
        "step": 262
      },
      "geometry": {
        "type": "LineString",
        "coordinates": [
          [
            385994.3683491616,
            4801235.059720836
          ],
          [
            385990.203661397,
            4801237.408188908
          ],
          [
            385901.891620454,
            4801201.804786798
          ]
        ]
      }
    },
    {
      "type": "Feature",
      "properties": {
        "segment_id": "263",
        "route_id": "test_project2_existing_snam_pipeline",
        "length_m": 100.00000000021716,
        "name": "SNAM Metanodotto Ravenna-Chieti (Existing)",
        "generation_method": "Real Data",
        "is_real_route": true,
        "step": 263
      },
      "geometry": {
        "type": "LineString",
        "coordinates": [
          [
            385901.891620454,
            4801201.804786798
          ],
          [
            385809.14518163505,
            4801164.413636956
          ]
        ]
      }
    },
    {
      "type": "Feature",
      "properties": {
        "segment_id": "264",
        "route_id": "test_project2_existing_snam_pipeline",
        "length_m": 99.9999999999229,
        "name": "SNAM Metanodotto Ravenna-Chieti (Existing)",
        "generation_method": "Real Data",
        "is_real_route": true,
        "step": 264
      },
      "geometry": {
        "type": "LineString",
        "coordinates": [
          [
            385809.14518163505,
            4801164.413636956
          ],
          [
            385716.39874281606,
            4801127.022487116
          ]
        ]
      }
    },
    {
      "type": "Feature",
      "properties": {
        "segment_id": "265",
        "route_id": "test_project2_existing_snam_pipeline",
        "length_m": 99.99999999986892,
        "name": "SNAM Metanodotto Ravenna-Chieti (Existing)",
        "generation_method": "Real Data",
        "is_real_route": true,
        "step": 265
      },
      "geometry": {
        "type": "LineString",
        "coordinates": [
          [
            385716.39874281606,
            4801127.022487116
          ],
          [
            385623.65230399714,
            4801089.631337276
          ]
        ]
      }
    },
    {
      "type": "Feature",
      "properties": {
        "segment_id": "266",
        "route_id": "test_project2_existing_snam_pipeline",
        "length_m": 99.9999999999229,
        "name": "SNAM Metanodotto Ravenna-Chieti (Existing)",
        "generation_method": "Real Data",
        "is_real_route": true,
        "step": 266
      },
      "geometry": {
        "type": "LineString",
        "coordinates": [
          [
            385623.65230399714,
            4801089.631337276
          ],
          [
            385530.90586517815,
            4801052.240187435
          ]
        ]
      }
    },
    {
      "type": "Feature",
      "properties": {
        "segment_id": "267",
        "route_id": "test_project2_existing_snam_pipeline",
        "length_m": 100.00000000021716,
        "name": "SNAM Metanodotto Ravenna-Chieti (Existing)",
        "generation_method": "Real Data",
        "is_real_route": true,
        "step": 267
      },
      "geometry": {
        "type": "LineString",
        "coordinates": [
          [
            385530.90586517815,
            4801052.240187435
          ],
          [
            385438.1594263592,
            4801014.849037594
          ]
        ]
      }
    },
    {
      "type": "Feature",
      "properties": {
        "segment_id": "268",
        "route_id": "test_project2_existing_snam_pipeline",
        "length_m": 99.99999999996662,
        "name": "SNAM Metanodotto Ravenna-Chieti (Existing)",
        "generation_method": "Real Data",
        "is_real_route": true,
        "step": 268
      },
      "geometry": {
        "type": "LineString",
        "coordinates": [
          [
            385438.1594263592,
            4801014.849037594
          ],
          [
            385431.871031586,
            4801012.313842559
          ],
          [
            385341.92002837744,
            4801036.783170041
          ]
        ]
      }
    },
    {
      "type": "Feature",
      "properties": {
        "segment_id": "269",
        "route_id": "test_project2_existing_snam_pipeline",
        "length_m": 99.99999999990065,
        "name": "SNAM Metanodotto Ravenna-Chieti (Existing)",
        "generation_method": "Real Data",
        "is_real_route": true,
        "step": 269
      },
      "geometry": {
        "type": "LineString",
        "coordinates": [
          [
            385341.92002837744,
            4801036.783170041
          ],
          [
            385264.4588723018,
            4801057.854890505
          ],
          [
            385247.7697899907,
            4801068.367158429
          ]
        ]
      }
    },
    {
      "type": "Feature",
      "properties": {
        "segment_id": "270",
        "route_id": "test_project2_existing_snam_pipeline",
        "length_m": 99.99999999994054,
        "name": "SNAM Metanodotto Ravenna-Chieti (Existing)",
        "generation_method": "Real Data",
        "is_real_route": true,
        "step": 270
      },
      "geometry": {
        "type": "LineString",
        "coordinates": [
          [
            385247.7697899907,
            4801068.367158429
          ],
          [
            385163.1563993347,
            4801121.664195135
          ]
        ]
      }
    },
    {
      "type": "Feature",
      "properties": {
        "segment_id": "271",
        "route_id": "test_project2_existing_snam_pipeline",
        "length_m": 99.99999999994054,
        "name": "SNAM Metanodotto Ravenna-Chieti (Existing)",
        "generation_method": "Real Data",
        "is_real_route": true,
        "step": 271
      },
      "geometry": {
        "type": "LineString",
        "coordinates": [
          [
            385163.1563993347,
            4801121.664195135
          ],
          [
            385078.54300867877,
            4801174.961231842
          ]
        ]
      }
    },
    {
      "type": "Feature",
      "properties": {
        "segment_id": "272",
        "route_id": "test_project2_existing_snam_pipeline",
        "length_m": 99.99999999994054,
        "name": "SNAM Metanodotto Ravenna-Chieti (Existing)",
        "generation_method": "Real Data",
        "is_real_route": true,
        "step": 272
      },
      "geometry": {
        "type": "LineString",
        "coordinates": [
          [
            385078.54300867877,
            4801174.961231842
          ],
          [
            384993.9296180228,
            4801228.258268548
          ]
        ]
      }
    },
    {
      "type": "Feature",
      "properties": {
        "segment_id": "273",
        "route_id": "test_project2_existing_snam_pipeline",
        "length_m": 100.00000000013901,
        "name": "SNAM Metanodotto Ravenna-Chieti (Existing)",
        "generation_method": "Real Data",
        "is_real_route": true,
        "step": 273
      },
      "geometry": {
        "type": "LineString",
        "coordinates": [
          [
            384993.9296180228,
            4801228.258268548
          ],
          [
            384935.6119782438,
            4801264.991903306
          ],
          [
            384950.5096059626,
            4801292.265947499
          ]
        ]
      }
    },
    {
      "type": "Feature",
      "properties": {
        "segment_id": "274",
        "route_id": "test_project2_existing_snam_pipeline",
        "length_m": 100.00000000006656,
        "name": "SNAM Metanodotto Ravenna-Chieti (Existing)",
        "generation_method": "Real Data",
        "is_real_route": true,
        "step": 274
      },
      "geometry": {
        "type": "LineString",
        "coordinates": [
          [
            384950.5096059626,
            4801292.265947499
          ],
          [
            384994.5722158451,
            4801372.934198304
          ],
          [
            384999.076888673,
            4801379.64463996
          ]
        ]
      }
    },
    {
      "type": "Feature",
      "properties": {
        "segment_id": "275",
        "route_id": "test_project2_existing_snam_pipeline",
        "length_m": 100.0000000001764,
        "name": "SNAM Metanodotto Ravenna-Chieti (Existing)",
        "generation_method": "Real Data",
        "is_real_route": true,
        "step": 275
      },
      "geometry": {
        "type": "LineString",
        "coordinates": [
          [
            384999.076888673,
            4801379.64463996
          ],
          [
            385054.8125514454,
            4801462.671960134
          ]
        ]
      }
    },
    {
      "type": "Feature",
      "properties": {
        "segment_id": "276",
        "route_id": "test_project2_existing_snam_pipeline",
        "length_m": 99.9999999999044,
        "name": "SNAM Metanodotto Ravenna-Chieti (Existing)",
        "generation_method": "Real Data",
        "is_real_route": true,
        "step": 276
      },
      "geometry": {
        "type": "LineString",
        "coordinates": [
          [
            385054.8125514454,
            4801462.671960134
          ],
          [
            385055.6664545441,
            4801463.943987458
          ],
          [
            385001.818815544,
            4801533.535084036
          ],
          [
            384991.4537523161,
            4801532.010916668
          ]
        ]
      }
    },
    {
      "type": "Feature",
      "properties": {
        "segment_id": "277",
        "route_id": "test_project2_existing_snam_pipeline",
        "length_m": 99.99999999990848,
        "name": "SNAM Metanodotto Ravenna-Chieti (Existing)",
        "generation_method": "Real Data",
        "is_real_route": true,
        "step": 277
      },
      "geometry": {
        "type": "LineString",
        "coordinates": [
          [
            384991.4537523161,
            4801532.010916668
          ],
          [
            384892.5176922683,
            4801517.462513931
          ]
        ]
      }
    },
    {
      "type": "Feature",
      "properties": {
        "segment_id": "278",
        "route_id": "test_project2_existing_snam_pipeline",
        "length_m": 100.00000000004641,
        "name": "SNAM Metanodotto Ravenna-Chieti (Existing)",
        "generation_method": "Real Data",
        "is_real_route": true,
        "step": 278
      },
      "geometry": {
        "type": "LineString",
        "coordinates": [
          [
            384892.5176922683,
            4801517.462513931
          ],
          [
            384886.71102252713,
            4801516.608651649
          ],
          [
            384792.66343472735,
            4801512.649484283
          ]
        ]
      }
    },
    {
      "type": "Feature",
      "properties": {
        "segment_id": "279",
        "route_id": "test_project2_existing_snam_pipeline",
        "length_m": 99.99999999984261,
        "name": "SNAM Metanodotto Ravenna-Chieti (Existing)",
        "generation_method": "Real Data",
        "is_real_route": true,
        "step": 279
      },
      "geometry": {
        "type": "LineString",
        "coordinates": [
          [
            384792.66343472735,
            4801512.649484283
          ],
          [
            384783.7571499242,
            4801512.27455205
          ],
          [
            384698.395586471,
            4801544.055542208
          ]
        ]
      }
    },
    {
      "type": "Feature",
      "properties": {
        "segment_id": "280",
        "route_id": "test_project2_existing_snam_pipeline",
        "length_m": 100.000000000212,
        "name": "SNAM Metanodotto Ravenna-Chieti (Existing)",
        "generation_method": "Real Data",
        "is_real_route": true,
        "step": 280
      },
      "geometry": {
        "type": "LineString",
        "coordinates": [
          [
            384698.395586471,
            4801544.055542208
          ],
          [
            384604.68005858135,
            4801578.946799457
          ]
        ]
      }
    },
    {
      "type": "Feature",
      "properties": {
        "segment_id": "281",
        "route_id": "test_project2_existing_snam_pipeline",
        "length_m": 99.99999999983248,
        "name": "SNAM Metanodotto Ravenna-Chieti (Existing)",
        "generation_method": "Real Data",
        "is_real_route": true,
        "step": 281
      },
      "geometry": {
        "type": "LineString",
        "coordinates": [
          [
            384604.68005858135,
            4801578.946799457
          ],
          [
            384510.96453069174,
            4801613.838056705
          ]
        ]
      }
    },
    {
      "type": "Feature",
      "properties": {
        "segment_id": "282",
        "route_id": "test_project2_existing_snam_pipeline",
        "length_m": 100.00000000015744,
        "name": "SNAM Metanodotto Ravenna-Chieti (Existing)",
        "generation_method": "Real Data",
        "is_real_route": true,
        "step": 282
      },
      "geometry": {
        "type": "LineString",
        "coordinates": [
          [
            384510.96453069174,
            4801613.838056705
          ],
          [
            384417.2490028021,
            4801648.729313954
          ]
        ]
      }
    },
    {
      "type": "Feature",
      "properties": {
        "segment_id": "283",
        "route_id": "test_project2_existing_snam_pipeline",
        "length_m": 99.99999999983248,
        "name": "SNAM Metanodotto Ravenna-Chieti (Existing)",
        "generation_method": "Real Data",
        "is_real_route": true,
        "step": 283
      },
      "geometry": {
        "type": "LineString",
        "coordinates": [
          [
            384417.2490028021,
            4801648.729313954
          ],
          [
            384323.5334749125,
            4801683.620571202
          ]
        ]
      }
    },
    {
      "type": "Feature",
      "properties": {
        "segment_id": "284",
        "route_id": "test_project2_existing_snam_pipeline",
        "length_m": 100.00000000014563,
        "name": "SNAM Metanodotto Ravenna-Chieti (Existing)",
        "generation_method": "Real Data",
        "is_real_route": true,
        "step": 284
      },
      "geometry": {
        "type": "LineString",
        "coordinates": [
          [
            384323.5334749125,
            4801683.620571202
          ],
          [
            384286.3697816743,
            4801697.456997355
          ],
          [
            384226.2641888145,
            4801692.096622196
          ]
        ]
      }
    },
    {
      "type": "Feature",
      "properties": {
        "segment_id": "285",
        "route_id": "test_project2_existing_snam_pipeline",
        "length_m": 99.99999999998315,
        "name": "SNAM Metanodotto Ravenna-Chieti (Existing)",
        "generation_method": "Real Data",
        "is_real_route": true,
        "step": 285
      },
      "geometry": {
        "type": "LineString",
        "coordinates": [
          [
            384226.2641888145,
            4801692.096622196
          ],
          [
            384159.50788597343,
            4801686.1431191955
          ],
          [
            384126.8812058131,
            4801681.337124265
          ]
        ]
      }
    },
    {
      "type": "Feature",
      "properties": {
        "segment_id": "286",
        "route_id": "test_project2_existing_snam_pipeline",
        "length_m": 100.00000000001926,
        "name": "SNAM Metanodotto Ravenna-Chieti (Existing)",
        "generation_method": "Real Data",
        "is_real_route": true,
        "step": 286
      },
      "geometry": {
        "type": "LineString",
        "coordinates": [
          [
            384126.8812058131,
            4801681.337124265
          ],
          [
            384027.9487667414,
            4801666.764118421
          ]
        ]
      }
    },
    {
      "type": "Feature",
      "properties": {
        "segment_id": "287",
        "route_id": "test_project2_existing_snam_pipeline",
        "length_m": 100.00000000001926,
        "name": "SNAM Metanodotto Ravenna-Chieti (Existing)",
        "generation_method": "Real Data",
        "is_real_route": true,
        "step": 287
      },
      "geometry": {
        "type": "LineString",
        "coordinates": [
          [
            384027.9487667414,
            4801666.764118421
          ],
          [
            383929.01632766967,
            4801652.191112577
          ]
        ]
      }
    },
    {
      "type": "Feature",
      "properties": {
        "segment_id": "288",
        "route_id": "test_project2_existing_snam_pipeline",
        "length_m": 99.99999999962584,
        "name": "SNAM Metanodotto Ravenna-Chieti (Existing)",
        "generation_method": "Real Data",
        "is_real_route": true,
        "step": 288
      },
      "geometry": {
        "type": "LineString",
        "coordinates": [
          [
            383929.01632766967,
            4801652.191112577
          ],
          [
            383905.78862703464,
            4801648.769611801
          ],
          [
            383898.4640005823,
            4801724.939903479
          ]
        ]
      }
    },
    {
      "type": "Feature",
      "properties": {
        "segment_id": "289",
        "route_id": "test_project2_existing_snam_pipeline",
        "length_m": 100.00000000032202,
        "name": "SNAM Metanodotto Ravenna-Chieti (Existing)",
        "generation_method": "Real Data",
        "is_real_route": true,
        "step": 289
      },
      "geometry": {
        "type": "LineString",
        "coordinates": [
          [
            383898.4640005823,
            4801724.939903479
          ],
          [
            383893.3196534243,
            4801778.437023922
          ],
          [
            383847.0982793742,
            4801780.229193185
          ]
        ]
      }
    },
    {
      "type": "Feature",
      "properties": {
        "segment_id": "290",
        "route_id": "test_project2_existing_snam_pipeline",
        "length_m": 100.00000000006328,
        "name": "SNAM Metanodotto Ravenna-Chieti (Existing)",
        "generation_method": "Real Data",
        "is_real_route": true,
        "step": 290
      },
      "geometry": {
        "type": "LineString",
        "coordinates": [
          [
            383847.0982793742,
            4801780.229193185
          ],
          [
            383805.86129140266,
            4801781.828099837
          ],
          [
            383778.1875227939,
            4801833.631704027
          ]
        ]
      }
    },
    {
      "type": "Feature",
      "properties": {
        "segment_id": "291",
        "route_id": "test_project2_existing_snam_pipeline",
        "length_m": 100.00000000016078,
        "name": "SNAM Metanodotto Ravenna-Chieti (Existing)",
        "generation_method": "Real Data",
        "is_real_route": true,
        "step": 291
      },
      "geometry": {
        "type": "LineString",
        "coordinates": [
          [
            383778.1875227939,
            4801833.631704027
          ],
          [
            383748.1584092316,
            4801889.844370077
          ],
          [
            383721.05656764837,
            4801913.947211748
          ]
        ]
      }
    },
    {
      "type": "Feature",
      "properties": {
        "segment_id": "292",
        "route_id": "test_project2_existing_snam_pipeline",
        "length_m": 99.99999999962793,
        "name": "SNAM Metanodotto Ravenna-Chieti (Existing)",
        "generation_method": "Real Data",
        "is_real_route": true,
        "step": 292
      },
      "geometry": {
        "type": "LineString",
        "coordinates": [
          [
            383721.05656764837,
            4801913.947211748
          ],
          [
            383646.332499426,
            4801980.4025623845
          ]
        ]
      }
    },
    {
      "type": "Feature",
      "properties": {
        "segment_id": "293",
        "route_id": "test_project2_existing_snam_pipeline",
        "length_m": 100.00000000020336,
        "name": "SNAM Metanodotto Ravenna-Chieti (Existing)",
        "generation_method": "Real Data",
        "is_real_route": true,
        "step": 293
      },
      "geometry": {
        "type": "LineString",
        "coordinates": [
          [
            383646.332499426,
            4801980.4025623845
          ],
          [
            383571.60843120364,
            4802046.857913022
          ]
        ]
      }
    },
    {
      "type": "Feature",
      "properties": {
        "segment_id": "294",
        "route_id": "test_project2_existing_snam_pipeline",
        "length_m": 99.99999999972249,
        "name": "SNAM Metanodotto Ravenna-Chieti (Existing)",
        "generation_method": "Real Data",
        "is_real_route": true,
        "step": 294
      },
      "geometry": {
        "type": "LineString",
        "coordinates": [
          [
            383571.60843120364,
            4802046.857913022
          ],
          [
            383531.71773467434,
            4802082.334437361
          ],
          [
            383493.0678471265,
            4802108.396625581
          ]
        ]
      }
    },
    {
      "type": "Feature",
      "properties": {
        "segment_id": "295",
        "route_id": "test_project2_existing_snam_pipeline",
        "length_m": 100.00000000018049,
        "name": "SNAM Metanodotto Ravenna-Chieti (Existing)",
        "generation_method": "Real Data",
        "is_real_route": true,
        "step": 295
      },
      "geometry": {
        "type": "LineString",
        "coordinates": [
          [
            383493.0678471265,
            4802108.396625581
          ],
          [
            383410.15664176416,
            4802164.3048720695
          ]
        ]
      }
    },
    {
      "type": "Feature",
      "properties": {
        "segment_id": "296",
        "route_id": "test_project2_existing_snam_pipeline",
        "length_m": 100.00000000022877,
        "name": "SNAM Metanodotto Ravenna-Chieti (Existing)",
        "generation_method": "Real Data",
        "is_real_route": true,
        "step": 296
      },
      "geometry": {
        "type": "LineString",
        "coordinates": [
          [
            383410.15664176416,
            4802164.3048720695
          ],
          [
            383327.24543640175,
            4802220.213118558
          ]
        ]
      }
    },
    {
      "type": "Feature",
      "properties": {
        "segment_id": "297",
        "route_id": "test_project2_existing_snam_pipeline",
        "length_m": 99.9999999996598,
        "name": "SNAM Metanodotto Ravenna-Chieti (Existing)",
        "generation_method": "Real Data",
        "is_real_route": true,
        "step": 297
      },
      "geometry": {
        "type": "LineString",
        "coordinates": [
          [
            383327.24543640175,
            4802220.213118558
          ],
          [
            383244.3342310394,
            4802276.121365045
          ]
        ]
      }
    },
    {
      "type": "Feature",
      "properties": {
        "segment_id": "298",
        "route_id": "test_project2_existing_snam_pipeline",
        "length_m": 100.00000000046103,
        "name": "SNAM Metanodotto Ravenna-Chieti (Existing)",
        "generation_method": "Real Data",
        "is_real_route": true,
        "step": 298
      },
      "geometry": {
        "type": "LineString",
        "coordinates": [
          [
            383244.3342310394,
            4802276.121365045
          ],
          [
            383208.5709965114,
            4802300.237040634
          ],
          [
            383206.6188896349,
            4802305.936390567
          ],
          [
            383193.0527706991,
            4802354.93425545
          ]
        ]
      }
    },
    {
      "type": "Feature",
      "properties": {
        "segment_id": "299",
        "route_id": "test_project2_existing_snam_pipeline",
        "length_m": 99.99999999972628,
        "name": "SNAM Metanodotto Ravenna-Chieti (Existing)",
        "generation_method": "Real Data",
        "is_real_route": true,
        "step": 299
      },
      "geometry": {
        "type": "LineString",
        "coordinates": [
          [
            383193.0527706991,
            4802354.93425545
          ],
          [
            383173.28089098504,
            4802426.345975729
          ],
          [
            383164.5625120605,
            4802450.736279087
          ]
        ]
      }
    },
    {
      "type": "Feature",
      "properties": {
        "segment_id": "300",
        "route_id": "test_project2_existing_snam_pipeline",
        "length_m": 100.00000000002586,
        "name": "SNAM Metanodotto Ravenna-Chieti (Existing)",
        "generation_method": "Real Data",
        "is_real_route": true,
        "step": 300
      },
      "geometry": {
        "type": "LineString",
        "coordinates": [
          [
            383164.5625120605,
            4802450.736279087
          ],
          [
            383144.44425028685,
            4802507.01858936
          ],
          [
            383110.638857717,
            4802521.067307699
          ],
          [
            383107.0458787215,
            4802520.611808462
          ]
        ]
      }
    },
    {
      "type": "Feature",
      "properties": {
        "segment_id": "301",
        "route_id": "test_project2_existing_snam_pipeline",
        "length_m": 99.99999999975053,
        "name": "SNAM Metanodotto Ravenna-Chieti (Existing)",
        "generation_method": "Real Data",
        "is_real_route": true,
        "step": 301
      },
      "geometry": {
        "type": "LineString",
        "coordinates": [
          [
            383107.0458787215,
            4802520.611808462
          ],
          [
            383066.53303853085,
            4802515.475800769
          ],
          [
            383019.80572230625,
            4802551.763630264
          ]
        ]
      }
    },
    {
      "type": "Feature",
      "properties": {
        "segment_id": "302",
        "route_id": "test_project2_existing_snam_pipeline",
        "length_m": 100.00000000022659,
        "name": "SNAM Metanodotto Ravenna-Chieti (Existing)",
        "generation_method": "Real Data",
        "is_real_route": true,
        "step": 302
      },
      "geometry": {
        "type": "LineString",
        "coordinates": [
          [
            383019.80572230625,
            4802551.763630264
          ],
          [
            382940.8249475396,
            4802613.099078557
          ]
        ]
      }
    },
    {
      "type": "Feature",
      "properties": {
        "segment_id": "303",
        "route_id": "test_project2_existing_snam_pipeline",
        "length_m": 100.00000000022659,
        "name": "SNAM Metanodotto Ravenna-Chieti (Existing)",
        "generation_method": "Real Data",
        "is_real_route": true,
        "step": 303
      },
      "geometry": {
        "type": "LineString",
        "coordinates": [
          [
            382940.8249475396,
            4802613.099078557
          ],
          [
            382861.84417277295,
            4802674.4345268505
          ]
        ]
      }
    },
    {
      "type": "Feature",
      "properties": {
        "segment_id": "304",
        "route_id": "test_project2_existing_snam_pipeline",
        "length_m": 99.99999999965536,
        "name": "SNAM Metanodotto Ravenna-Chieti (Existing)",
        "generation_method": "Real Data",
        "is_real_route": true,
        "step": 304
      },
      "geometry": {
        "type": "LineString",
        "coordinates": [
          [
            382861.84417277295,
            4802674.4345268505
          ],
          [
            382782.8633980063,
            4802735.769975143
          ]
        ]
      }
    },
    {
      "type": "Feature",
      "properties": {
        "segment_id": "305",
        "route_id": "test_project2_existing_snam_pipeline",
        "length_m": 99.99999999999619,
        "name": "SNAM Metanodotto Ravenna-Chieti (Existing)",
        "generation_method": "Real Data",
        "is_real_route": true,
        "step": 305
      },
      "geometry": {
        "type": "LineString",
        "coordinates": [
          [
            382782.8633980063,
            4802735.769975143
          ],
          [
            382755.8060626414,
            4802756.782351878
          ],
          [
            382691.6150215487,
            4802770.977558906
          ]
        ]
      }
    },
    {
      "type": "Feature",
      "properties": {
        "segment_id": "306",
        "route_id": "test_project2_existing_snam_pipeline",
        "length_m": 100.0000000000026,
        "name": "SNAM Metanodotto Ravenna-Chieti (Existing)",
        "generation_method": "Real Data",
        "is_real_route": true,
        "step": 306
      },
      "geometry": {
        "type": "LineString",
        "coordinates": [
          [
            382691.6150215487,
            4802770.977558906
          ],
          [
            382593.9739905039,
            4802792.569896818
          ]
        ]
      }
    },
    {
      "type": "Feature",
      "properties": {
        "segment_id": "307",
        "route_id": "test_project2_existing_snam_pipeline",
        "length_m": 100.00000000014687,
        "name": "SNAM Metanodotto Ravenna-Chieti (Existing)",
        "generation_method": "Real Data",
        "is_real_route": true,
        "step": 307
      },
      "geometry": {
        "type": "LineString",
        "coordinates": [
          [
            382593.9739905039,
            4802792.569896818
          ],
          [
            382496.3329594591,
            4802814.162234731
          ]
        ]
      }
    },
    {
      "type": "Feature",
      "properties": {
        "segment_id": "308",
        "route_id": "test_project2_existing_snam_pipeline",
        "length_m": 100.0000000000026,
        "name": "SNAM Metanodotto Ravenna-Chieti (Existing)",
        "generation_method": "Real Data",
        "is_real_route": true,
        "step": 308
      },
      "geometry": {
        "type": "LineString",
        "coordinates": [
          [
            382496.3329594591,
            4802814.162234731
          ],
          [
            382398.6919284143,
            4802835.754572643
          ]
        ]
      }
    },
    {
      "type": "Feature",
      "properties": {
        "segment_id": "309",
        "route_id": "test_project2_existing_snam_pipeline",
        "length_m": 99.99999999981793,
        "name": "SNAM Metanodotto Ravenna-Chieti (Existing)",
        "generation_method": "Real Data",
        "is_real_route": true,
        "step": 309
      },
      "geometry": {
        "type": "LineString",
        "coordinates": [
          [
            382398.6919284143,
            4802835.754572643
          ],
          [
            382301.5928356353,
            4802857.227066325
          ],
          [
            382301.3129746807,
            4802857.706375796
          ]
        ]
      }
    },
    {
      "type": "Feature",
      "properties": {
        "segment_id": "310",
        "route_id": "test_project2_existing_snam_pipeline",
        "length_m": 100.00000000034399,
        "name": "SNAM Metanodotto Ravenna-Chieti (Existing)",
        "generation_method": "Real Data",
        "is_real_route": true,
        "step": 310
      },
      "geometry": {
        "type": "LineString",
        "coordinates": [
          [
            382301.3129746807,
            4802857.706375796
          ],
          [
            382250.8904194193,
            4802944.063575386
          ]
        ]
      }
    },
    {
      "type": "Feature",
      "properties": {
        "segment_id": "311",
        "route_id": "test_project2_existing_snam_pipeline",
        "length_m": 99.99999999967369,
        "name": "SNAM Metanodotto Ravenna-Chieti (Existing)",
        "generation_method": "Real Data",
        "is_real_route": true,
        "step": 311
      },
      "geometry": {
        "type": "LineString",
        "coordinates": [
          [
            382250.8904194193,
            4802944.063575386
          ],
          [
            382224.14834086143,
            4802989.863932061
          ],
          [
            382182.9566806143,
            4803012.422070507
          ]
        ]
      }
    },
    {
      "type": "Feature",
      "properties": {
        "segment_id": "312",
        "route_id": "test_project2_existing_snam_pipeline",
        "length_m": 99.99999999999153,
        "name": "SNAM Metanodotto Ravenna-Chieti (Existing)",
        "generation_method": "Real Data",
        "is_real_route": true,
        "step": 312
      },
      "geometry": {
        "type": "LineString",
        "coordinates": [
          [
            382182.9566806143,
            4803012.422070507
          ],
          [
            382095.2477720854,
            4803060.454844367
          ]
        ]
      }
    },
    {
      "type": "Feature",
      "properties": {
        "segment_id": "313",
        "route_id": "test_project2_existing_snam_pipeline",
        "length_m": 100.00000000004258,
        "name": "SNAM Metanodotto Ravenna-Chieti (Existing)",
        "generation_method": "Real Data",
        "is_real_route": true,
        "step": 313
      },
      "geometry": {
        "type": "LineString",
        "coordinates": [
          [
            382095.2477720854,
            4803060.454844367
          ],
          [
            382007.53886355646,
            4803108.487618227
          ]
        ]
      }
    },
    {
      "type": "Feature",
      "properties": {
        "segment_id": "314",
        "route_id": "test_project2_existing_snam_pipeline",
        "length_m": 99.99999999999153,
        "name": "SNAM Metanodotto Ravenna-Chieti (Existing)",
        "generation_method": "Real Data",
        "is_real_route": true,
        "step": 314
      },
      "geometry": {
        "type": "LineString",
        "coordinates": [
          [
            382007.53886355646,
            4803108.487618227
          ],
          [
            381919.82995502756,
            4803156.520392086
          ]
        ]
      }
    },
    {
      "type": "Feature",
      "properties": {
        "segment_id": "315",
        "route_id": "test_project2_existing_snam_pipeline",
        "length_m": 99.99999999999153,
        "name": "SNAM Metanodotto Ravenna-Chieti (Existing)",
        "generation_method": "Real Data",
        "is_real_route": true,
        "step": 315
      },
      "geometry": {
        "type": "LineString",
        "coordinates": [
          [
            381919.82995502756,
            4803156.520392086
          ],
          [
            381832.12104649865,
            4803204.553165946
          ]
        ]
      }
    },
    {
      "type": "Feature",
      "properties": {
        "segment_id": "316",
        "route_id": "test_project2_existing_snam_pipeline",
        "length_m": 100.00000000004258,
        "name": "SNAM Metanodotto Ravenna-Chieti (Existing)",
        "generation_method": "Real Data",
        "is_real_route": true,
        "step": 316
      },
      "geometry": {
        "type": "LineString",
        "coordinates": [
          [
            381832.12104649865,
            4803204.553165946
          ],
          [
            381744.4121379697,
            4803252.585939806
          ]
        ]
      }
    },
    {
      "type": "Feature",
      "properties": {
        "segment_id": "317",
        "route_id": "test_project2_existing_snam_pipeline",
        "length_m": 99.99999999999153,
        "name": "SNAM Metanodotto Ravenna-Chieti (Existing)",
        "generation_method": "Real Data",
        "is_real_route": true,
        "step": 317
      },
      "geometry": {
        "type": "LineString",
        "coordinates": [
          [
            381744.4121379697,
            4803252.585939806
          ],
          [
            381656.7032294408,
            4803300.618713666
          ]
        ]
      }
    },
    {
      "type": "Feature",
      "properties": {
        "segment_id": "318",
        "route_id": "test_project2_existing_snam_pipeline",
        "length_m": 100.00000000004258,
        "name": "SNAM Metanodotto Ravenna-Chieti (Existing)",
        "generation_method": "Real Data",
        "is_real_route": true,
        "step": 318
      },
      "geometry": {
        "type": "LineString",
        "coordinates": [
          [
            381656.7032294408,
            4803300.618713666
          ],
          [
            381568.9943209118,
            4803348.651487526
          ]
        ]
      }
    },
    {
      "type": "Feature",
      "properties": {
        "segment_id": "319",
        "route_id": "test_project2_existing_snam_pipeline",
        "length_m": 100.00000000004513,
        "name": "SNAM Metanodotto Ravenna-Chieti (Existing)",
        "generation_method": "Real Data",
        "is_real_route": true,
        "step": 319
      },
      "geometry": {
        "type": "LineString",
        "coordinates": [
          [
            381568.9943209118,
            4803348.651487526
          ],
          [
            381557.40324986377,
            4803354.999204123
          ],
          [
            381473.30129383976,
            4803376.410186694
          ]
        ]
      }
    },
    {
      "type": "Feature",
      "properties": {
        "segment_id": "320",
        "route_id": "test_project2_existing_snam_pipeline",
        "length_m": 99.99999999988074,
        "name": "SNAM Metanodotto Ravenna-Chieti (Existing)",
        "generation_method": "Real Data",
        "is_real_route": true,
        "step": 320
      },
      "geometry": {
        "type": "LineString",
        "coordinates": [
          [
            381473.30129383976,
            4803376.410186694
          ],
          [
            381376.3924612699,
            4803401.0815905845
          ]
        ]
      }
    },
    {
      "type": "Feature",
      "properties": {
        "segment_id": "321",
        "route_id": "test_project2_existing_snam_pipeline",
        "length_m": 100.00000000016692,
        "name": "SNAM Metanodotto Ravenna-Chieti (Existing)",
        "generation_method": "Real Data",
        "is_real_route": true,
        "step": 321
      },
      "geometry": {
        "type": "LineString",
        "coordinates": [
          [
            381376.3924612699,
            4803401.0815905845
          ],
          [
            381279.4836287,
            4803425.752994476
          ]
        ]
      }
    },
    {
      "type": "Feature",
      "properties": {
        "segment_id": "322",
        "route_id": "test_project2_existing_snam_pipeline",
        "length_m": 99.99999999988074,
        "name": "SNAM Metanodotto Ravenna-Chieti (Existing)",
        "generation_method": "Real Data",
        "is_real_route": true,
        "step": 322
      },
      "geometry": {
        "type": "LineString",
        "coordinates": [
          [
            381279.4836287,
            4803425.752994476
          ],
          [
            381182.5747961302,
            4803450.424398366
          ]
        ]
      }
    },
    {
      "type": "Feature",
      "properties": {
        "segment_id": "323",
        "route_id": "test_project2_existing_snam_pipeline",
        "length_m": 99.99999999999167,
        "name": "SNAM Metanodotto Ravenna-Chieti (Existing)",
        "generation_method": "Real Data",
        "is_real_route": true,
        "step": 323
      },
      "geometry": {
        "type": "LineString",
        "coordinates": [
          [
            381182.5747961302,
            4803450.424398366
          ],
          [
            381114.06241354905,
            4803467.866530496
          ],
          [
            381085.22193870443,
            4803462.685048767
          ]
        ]
      }
    },
    {
      "type": "Feature",
      "properties": {
        "segment_id": "324",
        "route_id": "test_project2_existing_snam_pipeline",
        "length_m": 100.00000000000739,
        "name": "SNAM Metanodotto Ravenna-Chieti (Existing)",
        "generation_method": "Real Data",
        "is_real_route": true,
        "step": 324
      },
      "geometry": {
        "type": "LineString",
        "coordinates": [
          [
            381085.22193870443,
            4803462.685048767
          ],
          [
            380986.79777832306,
            4803445.002157227
          ]
        ]
      }
    },
    {
      "type": "Feature",
      "properties": {
        "segment_id": "325",
        "route_id": "test_project2_existing_snam_pipeline",
        "length_m": 100.00000000011478,
        "name": "SNAM Metanodotto Ravenna-Chieti (Existing)",
        "generation_method": "Real Data",
        "is_real_route": true,
        "step": 325
      },
      "geometry": {
        "type": "LineString",
        "coordinates": [
          [
            380986.79777832306,
            4803445.002157227
          ],
          [
            380888.37361794175,
            4803427.319265686
          ]
        ]
      }
    },
    {
      "type": "Feature",
      "properties": {
        "segment_id": "326",
        "route_id": "test_project2_existing_snam_pipeline",
        "length_m": 99.99999999984566,
        "name": "SNAM Metanodotto Ravenna-Chieti (Existing)",
        "generation_method": "Real Data",
        "is_real_route": true,
        "step": 326
      },
      "geometry": {
        "type": "LineString",
        "coordinates": [
          [
            380888.37361794175,
            4803427.319265686
          ],
          [
            380845.50231009454,
            4803419.617003519
          ],
          [
            380792.40548967867,
            4803438.760149788
          ]
        ]
      }
    },
    {
      "type": "Feature",
      "properties": {
        "segment_id": "327",
        "route_id": "test_project2_existing_snam_pipeline",
        "length_m": 99.9999999999304,
        "name": "SNAM Metanodotto Ravenna-Chieti (Existing)",
        "generation_method": "Real Data",
        "is_real_route": true,
        "step": 327
      },
      "geometry": {
        "type": "LineString",
        "coordinates": [
          [
            380792.40548967867,
            4803438.760149788
          ],
          [
            380698.3327331962,
            4803472.67646574
          ]
        ]
      }
    },
    {
      "type": "Feature",
      "properties": {
        "segment_id": "328",
        "route_id": "test_project2_existing_snam_pipeline",
        "length_m": 100.00000000024626,
        "name": "SNAM Metanodotto Ravenna-Chieti (Existing)",
        "generation_method": "Real Data",
        "is_real_route": true,
        "step": 328
      },
      "geometry": {
        "type": "LineString",
        "coordinates": [
          [
            380698.3327331962,
            4803472.67646574
          ],
          [
            380604.25997671374,
            4803506.592781694
          ]
        ]
      }
    },
    {
      "type": "Feature",
      "properties": {
        "segment_id": "329",
        "route_id": "test_project2_existing_snam_pipeline",
        "length_m": 100.00000000025166,
        "name": "SNAM Metanodotto Ravenna-Chieti (Existing)",
        "generation_method": "Real Data",
        "is_real_route": true,
        "step": 329
      },
      "geometry": {
        "type": "LineString",
        "coordinates": [
          [
            380604.25997671374,
            4803506.592781694
          ],
          [
            380575.741117422,
            4803516.874766388
          ],
          [
            380544.4982933667,
            4803579.162654424
          ]
        ]
      }
    },
    {
      "type": "Feature",
      "properties": {
        "segment_id": "330",
        "route_id": "test_project2_existing_snam_pipeline",
        "length_m": 99.99999999929737,
        "name": "SNAM Metanodotto Ravenna-Chieti (Existing)",
        "generation_method": "Real Data",
        "is_real_route": true,
        "step": 330
      },
      "geometry": {
        "type": "LineString",
        "coordinates": [
          [
            380544.4982933667,
            4803579.162654424
          ],
          [
            380511.29482646246,
            4803645.359417727
          ],
          [
            380506.9745762781,
            4803670.939875525
          ]
        ]
      }
    },
    {
      "type": "Feature",
      "properties": {
        "segment_id": "331",
        "route_id": "test_project2_existing_snam_pipeline",
        "length_m": 100.00000000064331,
        "name": "SNAM Metanodotto Ravenna-Chieti (Existing)",
        "generation_method": "Real Data",
        "is_real_route": true,
        "step": 331
      },
      "geometry": {
        "type": "LineString",
        "coordinates": [
          [
            380506.9745762781,
            4803670.939875525
          ],
          [
            380490.3215373149,
            4803769.543507778
          ]
        ]
      }
    },
    {
      "type": "Feature",
      "properties": {
        "segment_id": "332",
        "route_id": "test_project2_existing_snam_pipeline",
        "length_m": 99.99999999970477,
        "name": "SNAM Metanodotto Ravenna-Chieti (Existing)",
        "generation_method": "Real Data",
        "is_real_route": true,
        "step": 332
      },
      "geometry": {
        "type": "LineString",
        "coordinates": [
          [
            380490.3215373149,
            4803769.543507778
          ],
          [
            380474.72109327215,
            4803861.914663022
          ],
          [
            380468.45642350847,
            4803862.754685919
          ]
        ]
      }
    },
    {
      "type": "Feature",
      "properties": {
        "segment_id": "333",
        "route_id": "test_project2_existing_snam_pipeline",
        "length_m": 99.99999999992912,
        "name": "SNAM Metanodotto Ravenna-Chieti (Existing)",
        "generation_method": "Real Data",
        "is_real_route": true,
        "step": 333
      },
      "geometry": {
        "type": "LineString",
        "coordinates": [
          [
            380468.45642350847,
            4803862.754685919
          ],
          [
            380369.34347165545,
            4803876.044636068
          ]
        ]
      }
    },
    {
      "type": "Feature",
      "properties": {
        "segment_id": "334",
        "route_id": "test_project2_existing_snam_pipeline",
        "length_m": 99.99999999998214,
        "name": "SNAM Metanodotto Ravenna-Chieti (Existing)",
        "generation_method": "Real Data",
        "is_real_route": true,
        "step": 334
      },
      "geometry": {
        "type": "LineString",
        "coordinates": [
          [
            380369.34347165545,
            4803876.044636068
          ],
          [
            380336.6999741255,
            4803880.421767884
          ],
          [
            380272.23463254893,
            4803898.910857209
          ]
        ]
      }
    },
    {
      "type": "Feature",
      "properties": {
        "segment_id": "335",
        "route_id": "test_project2_existing_snam_pipeline",
        "length_m": 100.00000000018613,
        "name": "SNAM Metanodotto Ravenna-Chieti (Existing)",
        "generation_method": "Real Data",
        "is_real_route": true,
        "step": 335
      },
      "geometry": {
        "type": "LineString",
        "coordinates": [
          [
            380272.23463254893,
            4803898.910857209
          ],
          [
            380207.10557565885,
            4803917.590304507
          ],
          [
            380176.265109939,
            4803908.176632176
          ]
        ]
      }
    },
    {
      "type": "Feature",
      "properties": {
        "segment_id": "336",
        "route_id": "test_project2_existing_snam_pipeline",
        "length_m": 99.99999999999778,
        "name": "SNAM Metanodotto Ravenna-Chieti (Existing)",
        "generation_method": "Real Data",
        "is_real_route": true,
        "step": 336
      },
      "geometry": {
        "type": "LineString",
        "coordinates": [
          [
            380176.265109939,
            4803908.176632176
          ],
          [
            380080.62146051205,
            4803878.982586134
          ]
        ]
      }
    },
    {
      "type": "Feature",
      "properties": {
        "segment_id": "337",
        "route_id": "test_project2_existing_snam_pipeline",
        "length_m": 99.9999999999421,
        "name": "SNAM Metanodotto Ravenna-Chieti (Existing)",
        "generation_method": "Real Data",
        "is_real_route": true,
        "step": 337
      },
      "geometry": {
        "type": "LineString",
        "coordinates": [
          [
            380080.62146051205,
            4803878.982586134
          ],
          [
            379984.9778110852,
            4803849.788540092
          ]
        ]
      }
    },
    {
      "type": "Feature",
      "properties": {
        "segment_id": "338",
        "route_id": "test_project2_existing_snam_pipeline",
        "length_m": 99.99999999977221,
        "name": "SNAM Metanodotto Ravenna-Chieti (Existing)",
        "generation_method": "Real Data",
        "is_real_route": true,
        "step": 338
      },
      "geometry": {
        "type": "LineString",
        "coordinates": [
          [
            379984.9778110852,
            4803849.788540092
          ],
          [
            379962.175048419,
            4803842.828277627
          ],
          [
            379902.5207940137,
            4803890.172821637
          ]
        ]
      }
    },
    {
      "type": "Feature",
      "properties": {
        "segment_id": "339",
        "route_id": "test_project2_existing_snam_pipeline",
        "length_m": 100.00000000006571,
        "name": "SNAM Metanodotto Ravenna-Chieti (Existing)",
        "generation_method": "Real Data",
        "is_real_route": true,
        "step": 339
      },
      "geometry": {
        "type": "LineString",
        "coordinates": [
          [
            379902.5207940137,
            4803890.172821637
          ],
          [
            379824.19183827343,
            4803952.338525145
          ]
        ]
      }
    },
    {
      "type": "Feature",
      "properties": {
        "segment_id": "340",
        "route_id": "test_project2_existing_snam_pipeline",
        "length_m": 99.99999999994955,
        "name": "SNAM Metanodotto Ravenna-Chieti (Existing)",
        "generation_method": "Real Data",
        "is_real_route": true,
        "step": 340
      },
      "geometry": {
        "type": "LineString",
        "coordinates": [
          [
            379824.19183827343,
            4803952.338525145
          ],
          [
            379792.07118583994,
            4803977.831051336
          ],
          [
            379777.17792810797,
            4804034.91274808
          ]
        ]
      }
    },
    {
      "type": "Feature",
      "properties": {
        "segment_id": "341",
        "route_id": "test_project2_existing_snam_pipeline",
        "length_m": 100.00000000059796,
        "name": "SNAM Metanodotto Ravenna-Chieti (Existing)",
        "generation_method": "Real Data",
        "is_real_route": true,
        "step": 341
      },
      "geometry": {
        "type": "LineString",
        "coordinates": [
          [
            379777.17792810797,
            4804034.91274808
          ],
          [
            379751.93196056026,
            4804131.67348972
          ]
        ]
      }
    },
    {
      "type": "Feature",
      "properties": {
        "segment_id": "342",
        "route_id": "test_project2_existing_snam_pipeline",
        "length_m": 99.9999999997115,
        "name": "SNAM Metanodotto Ravenna-Chieti (Existing)",
        "generation_method": "Real Data",
        "is_real_route": true,
        "step": 342
      },
      "geometry": {
        "type": "LineString",
        "coordinates": [
          [
            379751.93196056026,
            4804131.67348972
          ],
          [
            379726.6859930125,
            4804228.434231359
          ]
        ]
      }
    },
    {
      "type": "Feature",
      "properties": {
        "segment_id": "343",
        "route_id": "test_project2_existing_snam_pipeline",
        "length_m": 99.99999999966363,
        "name": "SNAM Metanodotto Ravenna-Chieti (Existing)",
        "generation_method": "Real Data",
        "is_real_route": true,
        "step": 343
      },
      "geometry": {
        "type": "LineString",
        "coordinates": [
          [
            379726.6859930125,
            4804228.434231359
          ],
          [
            379702.0912052125,
            4804322.699182919
          ],
          [
            379702.138287652,
            4804325.278094787
          ]
        ]
      }
    },
    {
      "type": "Feature",
      "properties": {
        "segment_id": "344",
        "route_id": "test_project2_existing_snam_pipeline",
        "length_m": 99.99999999999467,
        "name": "SNAM Metanodotto Ravenna-Chieti (Existing)",
        "generation_method": "Real Data",
        "is_real_route": true,
        "step": 344
      },
      "geometry": {
        "type": "LineString",
        "coordinates": [
          [
            379702.138287652,
            4804325.278094787
          ],
          [
            379703.96365421696,
            4804425.261433584
          ]
        ]
      }
    },
    {
      "type": "Feature",
      "properties": {
        "segment_id": "345",
        "route_id": "test_project2_existing_snam_pipeline",
        "length_m": 99.99999999999467,
        "name": "SNAM Metanodotto Ravenna-Chieti (Existing)",
        "generation_method": "Real Data",
        "is_real_route": true,
        "step": 345
      },
      "geometry": {
        "type": "LineString",
        "coordinates": [
          [
            379703.96365421696,
            4804425.261433584
          ],
          [
            379705.78902078193,
            4804525.24477238
          ]
        ]
      }
    },
    {
      "type": "Feature",
      "properties": {
        "segment_id": "346",
        "route_id": "test_project2_existing_snam_pipeline",
        "length_m": 100.00000000022071,
        "name": "SNAM Metanodotto Ravenna-Chieti (Existing)",
        "generation_method": "Real Data",
        "is_real_route": true,
        "step": 346
      },
      "geometry": {
        "type": "LineString",
        "coordinates": [
          [
            379705.78902078193,
            4804525.24477238
          ],
          [
            379707.3668541404,
            4804611.669630965
          ],
          [
            379702.583247257,
            4804624.358632641
          ]
        ]
      }
    },
    {
      "type": "Feature",
      "properties": {
        "segment_id": "347",
        "route_id": "test_project2_existing_snam_pipeline",
        "length_m": 100.00000000023873,
        "name": "SNAM Metanodotto Ravenna-Chieti (Existing)",
        "generation_method": "Real Data",
        "is_real_route": true,
        "step": 347
      },
      "geometry": {
        "type": "LineString",
        "coordinates": [
          [
            379702.583247257,
            4804624.358632641
          ],
          [
            379667.3078343621,
            4804717.930237549
          ]
        ]
      }
    },
    {
      "type": "Feature",
      "properties": {
        "segment_id": "348",
        "route_id": "test_project2_existing_snam_pipeline",
        "length_m": 99.99999999934674,
        "name": "SNAM Metanodotto Ravenna-Chieti (Existing)",
        "generation_method": "Real Data",
        "is_real_route": true,
        "step": 348
      },
      "geometry": {
        "type": "LineString",
        "coordinates": [
          [
            379667.3078343621,
            4804717.930237549
          ],
          [
            379632.03242146724,
            4804811.501842457
          ]
        ]
      }
    },
    {
      "type": "Feature",
      "properties": {
        "segment_id": "349",
        "route_id": "test_project2_existing_snam_pipeline",
        "length_m": 100.00000000023873,
        "name": "SNAM Metanodotto Ravenna-Chieti (Existing)",
        "generation_method": "Real Data",
        "is_real_route": true,
        "step": 349
      },
      "geometry": {
        "type": "LineString",
        "coordinates": [
          [
            379632.03242146724,
            4804811.501842457
          ],
          [
            379596.75700857234,
            4804905.073447365
          ]
        ]
      }
    },
    {
      "type": "Feature",
      "properties": {
        "segment_id": "350",
        "route_id": "test_project2_existing_snam_pipeline",
        "length_m": 100.00000000015667,
        "name": "SNAM Metanodotto Ravenna-Chieti (Existing)",
        "generation_method": "Real Data",
        "is_real_route": true,
        "step": 350
      },
      "geometry": {
        "type": "LineString",
        "coordinates": [
          [
            379596.75700857234,
            4804905.073447365
          ],
          [
            379563.4817446266,
            4804993.339454639
          ],
          [
            379566.72184967855,
            4804997.992591359
          ]
        ]
      }
    },
    {
      "type": "Feature",
      "properties": {
        "segment_id": "351",
        "route_id": "test_project2_existing_snam_pipeline",
        "length_m": 94.94908299205959,
        "name": "SNAM Metanodotto Ravenna-Chieti (Existing)",
        "generation_method": "Real Data",
        "is_real_route": true,
        "step": 351
      },
      "geometry": {
        "type": "LineString",
        "coordinates": [
          [
            379566.72184967855,
            4804997.992591359
          ],
          [
            379620.9793314901,
            4805075.912126961
          ]
        ]
      }
    }
  ]
}