{
  "type": "FeatureCollection",
  "crs": {
    "type": "name",
    "properties": {
      "name": "EPSG:32633"
    }
  },
  "metadata": {
    "project_name": "Ravenna-Chieti-Pipeline",
    "algorithm": "A* with SAIPEM criteria",
    "crs": "EPSG:32633",
    "total_segments": 188,
    "total_length_m": 71998.66,
    "total_cost_usd": 91053771.69,
    "max_segment_length_m": 400.0,
    "criteria": {
      "max_slope": "20%",
      "powerline_clearance": "6m",
      "railway_crossing": "HDD required",
      "minimize_crossings": true,
      "prefer_pipeline_parallelism": true
    },
    "pipeline_specs": {
      "type": "Natural gas",
      "diameter": "26 inch",
      "material": "Carbon steel",
      "mop": "70 bar",
      "dp": "75 bar",
      "cover_depth": "1.5m"
    },
    "generated_at": "2025-12-13T07:09:54.713035",
    "distance_weight": 1.0,
    "start_point": {
      "utm": [
        379647.982455605,
        4805029.949282696
      ],
      "wgs84": [
        13.514053,
        43.388493
      ]
    },
    "end_point": {
      "utm": [
        408344.70514289197,
        4750423.544301522
      ],
      "wgs84": [
        13.877318,
        42.90092
      ]
    }
  },
  "features": [
    {
      "type": "Feature",
      "geometry": {
        "type": "LineString",
        "coordinates": [
          [
            379649.58,
            4805042.4
          ],
          [
            379649.58,
            4805015.73
          ],
          [
            379649.58,
            4804989.07
          ],
          [
            379649.58,
            4804962.41
          ],
          [
            379622.91,
            4804935.74
          ],
          [
            379622.91,
            4804909.08
          ],
          [
            379622.91,
            4804882.41
          ],
          [
            379622.91,
            4804855.75
          ],
          [
            379622.91,
            4804829.09
          ],
          [
            379622.91,
            4804802.42
          ],
          [
            379622.91,
            4804775.76
          ],
          [
            379649.58,
            4804749.09
          ],
          [
            379676.26,
            4804722.43
          ],
          [
            379676.26,
            4804695.77
          ]
        ]
      },
      "properties": {
        "segment_id": 1,
        "step": 1,
        "length_m": 379.78,
        "elevation_start": 163.47,
        "elevation_end": 145.68,
        "slope_percent": 4.68,
        "cost_usd": 401048.51,
        "cost_per_m": 800.0,
        "cumulative_cost": 401048.51,
        "cumulative_distance_m": 379.78,
        "land_cover_class": 30,
        "land_cover_name": "grassland",
        "geohazard_risk": 0.0,
        "terrain_class": "flat",
        "crs": "EPSG:32633"
      }
    },
    {
      "type": "Feature",
      "geometry": {
        "type": "LineString",
        "coordinates": [
          [
            379676.26,
            4804695.77
          ],
          [
            379676.26,
            4804669.1
          ],
          [
            379676.26,
            4804642.44
          ],
          [
            379676.26,
            4804615.78
          ],
          [
            379676.26,
            4804589.11
          ],
          [
            379676.26,
            4804562.45
          ],
          [
            379676.26,
            4804535.78
          ],
          [
            379676.26,
            4804509.12
          ],
          [
            379676.26,
            4804482.46
          ],
          [
            379676.26,
            4804455.79
          ],
          [
            379676.26,
            4804429.13
          ],
          [
            379676.26,
            4804402.47
          ],
          [
            379676.26,
            4804375.8
          ],
          [
            379676.26,
            4804349.14
          ],
          [
            379676.26,
            4804322.47
          ],
          [
            379676.26,
            4804295.81
          ]
        ]
      },
      "properties": {
        "segment_id": 2,
        "step": 2,
        "length_m": 399.96,
        "elevation_start": 145.68,
        "elevation_end": 121.42,
        "slope_percent": 6.07,
        "cost_usd": 479948.3,
        "cost_per_m": 800.0,
        "cumulative_cost": 880996.82,
        "cumulative_distance_m": 779.74,
        "land_cover_class": 40,
        "land_cover_name": "cropland",
        "geohazard_risk": 0.0,
        "terrain_class": "rolling",
        "crs": "EPSG:32633"
      }
    },
    {
      "type": "Feature",
      "geometry": {
        "type": "LineString",
        "coordinates": [
          [
            379676.26,
            4804295.81
          ],
          [
            379676.26,
            4804269.15
          ],
          [
            379676.26,
            4804242.48
          ],
          [
            379676.26,
            4804215.82
          ],
          [
            379676.26,
            4804189.16
          ],
          [
            379676.26,
            4804162.49
          ],
          [
            379676.26,
            4804135.83
          ],
          [
            379676.26,
            4804109.16
          ],
          [
            379676.26,
            4804082.5
          ],
          [
            379676.26,
            4804055.84
          ],
          [
            379676.26,
            4804029.17
          ],
          [
            379702.93,
            4804002.51
          ],
          [
            379729.6,
            4803975.84
          ],
          [
            379729.6,
            4803949.18
          ],
          [
            379729.6,
            4803922.52
          ]
        ]
      },
      "properties": {
        "segment_id": 3,
        "step": 3,
        "length_m": 395.39,
        "elevation_start": 121.42,
        "elevation_end": 90.42,
        "slope_percent": 7.84,
        "cost_usd": 474472.92,
        "cost_per_m": 800.0,
        "cumulative_cost": 1355469.73,
        "cumulative_distance_m": 1175.13,
        "land_cover_class": 40,
        "land_cover_name": "cropland",
        "geohazard_risk": 0.0,
        "terrain_class": "rolling",
        "crs": "EPSG:32633"
      }
    },
    {
      "type": "Feature",
      "geometry": {
        "type": "LineString",
        "coordinates": [
          [
            379729.6,
            4803922.52
          ],
          [
            379729.6,
            4803895.85
          ],
          [
            379729.6,
            4803869.19
          ],
          [
            379729.6,
            4803842.53
          ],
          [
            379729.6,
            4803815.86
          ],
          [
            379702.93,
            4803789.2
          ],
          [
            379676.26,
            4803762.53
          ],
          [
            379676.26,
            4803735.87
          ],
          [
            379676.26,
            4803709.21
          ],
          [
            379649.58,
            4803682.54
          ],
          [
            379649.58,
            4803655.88
          ],
          [
            379649.58,
            4803629.22
          ],
          [
            379649.58,
            4803602.55
          ],
          [
            379649.58,
            4803575.89
          ]
        ]
      },
      "properties": {
        "segment_id": 4,
        "step": 4,
        "length_m": 379.78,
        "elevation_start": 90.42,
        "elevation_end": 82.59,
        "slope_percent": 2.06,
        "cost_usd": 455736.95,
        "cost_per_m": 800.0,
        "cumulative_cost": 1811206.68,
        "cumulative_distance_m": 1554.91,
        "land_cover_class": 40,
        "land_cover_name": "cropland",
        "geohazard_risk": 0.0,
        "terrain_class": "flat",
        "crs": "EPSG:32633"
      }
    },
    {
      "type": "Feature",
      "geometry": {
        "type": "LineString",
        "coordinates": [
          [
            379649.58,
            4803575.89
          ],
          [
            379649.58,
            4803549.22
          ],
          [
            379649.58,
            4803522.56
          ],
          [
            379649.58,
            4803495.9
          ],
          [
            379649.58,
            4803469.23
          ],
          [
            379649.58,
            4803442.57
          ],
          [
            379676.26,
            4803415.91
          ],
          [
            379702.93,
            4803389.24
          ],
          [
            379729.6,
            4803362.58
          ],
          [
            379756.27,
            4803335.91
          ],
          [
            379782.95,
            4803309.25
          ],
          [
            379809.62,
            4803282.59
          ],
          [
            379836.29,
            4803255.92
          ]
        ]
      },
      "properties": {
        "segment_id": 5,
        "step": 5,
        "length_m": 397.32,
        "elevation_start": 82.59,
        "elevation_end": 76.32,
        "slope_percent": 1.58,
        "cost_usd": 476782.73,
        "cost_per_m": 800.0,
        "cumulative_cost": 2287989.42,
        "cumulative_distance_m": 1952.23,
        "land_cover_class": 40,
        "land_cover_name": "cropland",
        "geohazard_risk": 0.0,
        "terrain_class": "flat",
        "crs": "EPSG:32633"
      }
    },
    {
      "type": "Feature",
      "geometry": {
        "type": "LineString",
        "coordinates": [
          [
            379836.29,
            4803255.92
          ],
          [
            379862.96,
            4803229.26
          ],
          [
            379889.63,
            4803202.59
          ],
          [
            379889.63,
            4803175.93
          ],
          [
            379889.63,
            4803149.27
          ],
          [
            379889.63,
            4803122.6
          ],
          [
            379889.63,
            4803095.94
          ],
          [
            379916.31,
            4803069.28
          ],
          [
            379942.98,
            4803042.61
          ],
          [
            379942.98,
            4803015.95
          ],
          [
            379942.98,
            4802989.28
          ],
          [
            379942.98,
            4802962.62
          ],
          [
            379942.98,
            4802935.96
          ],
          [
            379942.98,
            4802909.29
          ]
        ]
      },
      "properties": {
        "segment_id": 6,
        "step": 6,
        "length_m": 390.83,
        "elevation_start": 76.32,
        "elevation_end": 65.03,
        "slope_percent": 2.89,
        "cost_usd": 468997.53,
        "cost_per_m": 800.0,
        "cumulative_cost": 2756986.95,
        "cumulative_distance_m": 2343.06,
        "land_cover_class": 40,
        "land_cover_name": "cropland",
        "geohazard_risk": 0.0,
        "terrain_class": "flat",
        "crs": "EPSG:32633"
      }
    },
    {
      "type": "Feature",
      "geometry": {
        "type": "LineString",
        "coordinates": [
          [
            379942.98,
            4802909.29
          ],
          [
            379942.98,
            4802882.63
          ],
          [
            379942.98,
            4802855.97
          ],
          [
            379942.98,
            4802829.3
          ],
          [
            379942.98,
            4802802.64
          ],
          [
            379942.98,
            4802775.97
          ],
          [
            379942.98,
            4802749.31
          ],
          [
            379916.31,
            4802722.65
          ],
          [
            379916.31,
            4802695.98
          ],
          [
            379916.31,
            4802669.32
          ],
          [
            379916.31,
            4802642.66
          ],
          [
            379916.31,
            4802615.99
          ],
          [
            379916.31,
            4802589.33
          ],
          [
            379916.31,
            4802562.66
          ],
          [
            379916.31,
            4802536.0
          ]
        ]
      },
      "properties": {
        "segment_id": 7,
        "step": 7,
        "length_m": 384.34,
        "elevation_start": 65.03,
        "elevation_end": 57.04,
        "slope_percent": 2.08,
        "cost_usd": 553454.8,
        "cost_per_m": 800.0,
        "cumulative_cost": 3310441.75,
        "cumulative_distance_m": 2727.41,
        "land_cover_class": 10,
        "land_cover_name": "tree_cover",
        "geohazard_risk": 0.0,
        "terrain_class": "flat",
        "crs": "EPSG:32633"
      }
    },
    {
      "type": "Feature",
      "geometry": {
        "type": "LineString",
        "coordinates": [
          [
            379916.31,
            4802536.0
          ],
          [
            379916.31,
            4802509.34
          ],
          [
            379942.98,
            4802482.67
          ],
          [
            379942.98,
            4802456.01
          ],
          [
            379942.98,
            4802429.34
          ],
          [
            379942.98,
            4802402.68
          ],
          [
            379942.98,
            4802376.02
          ],
          [
            379942.98,
            4802349.35
          ],
          [
            379942.98,
            4802322.69
          ],
          [
            379942.98,
            4802296.03
          ],
          [
            379942.98,
            4802269.36
          ],
          [
            379942.98,
            4802242.7
          ],
          [
            379942.98,
            4802216.03
          ],
          [
            379942.98,
            4802189.37
          ],
          [
            379942.98,
            4802162.71
          ]
        ]
      },
      "properties": {
        "segment_id": 8,
        "step": 8,
        "length_m": 384.34,
        "elevation_start": 57.04,
        "elevation_end": 51.22,
        "slope_percent": 1.51,
        "cost_usd": 461212.33,
        "cost_per_m": 800.0,
        "cumulative_cost": 3771654.08,
        "cumulative_distance_m": 3111.75,
        "land_cover_class": 40,
        "land_cover_name": "cropland",
        "geohazard_risk": 0.0,
        "terrain_class": "flat",
        "crs": "EPSG:32633"
      }
    },
    {
      "type": "Feature",
      "geometry": {
        "type": "LineString",
        "coordinates": [
          [
            379942.98,
            4802162.71
          ],
          [
            379942.98,
            4802136.04
          ],
          [
            379942.98,
            4802109.38
          ],
          [
            379942.98,
            4802082.72
          ],
          [
            379942.98,
            4802056.05
          ],
          [
            379942.98,
            4802029.39
          ],
          [
            379942.98,
            4802002.72
          ],
          [
            379942.98,
            4801976.06
          ],
          [
            379942.98,
            4801949.4
          ],
          [
            379942.98,
            4801922.73
          ],
          [
            379942.98,
            4801896.07
          ],
          [
            379942.98,
            4801869.41
          ],
          [
            379942.98,
            4801842.74
          ],
          [
            379942.98,
            4801816.08
          ],
          [
            379942.98,
            4801789.41
          ],
          [
            379942.98,
            4801762.75
          ]
        ]
      },
      "properties": {
        "segment_id": 9,
        "step": 9,
        "length_m": 399.96,
        "elevation_start": 51.22,
        "elevation_end": 50.68,
        "slope_percent": 0.13,
        "cost_usd": 422354.51,
        "cost_per_m": 800.0,
        "cumulative_cost": 4194008.59,
        "cumulative_distance_m": 3511.71,
        "land_cover_class": 30,
        "land_cover_name": "grassland",
        "geohazard_risk": 0.0,
        "terrain_class": "flat",
        "crs": "EPSG:32633"
      }
    },
    {
      "type": "Feature",
      "geometry": {
        "type": "LineString",
        "coordinates": [
          [
            379942.98,
            4801762.75
          ],
          [
            379942.98,
            4801736.09
          ],
          [
            379942.98,
            4801709.42
          ],
          [
            379942.98,
            4801682.76
          ],
          [
            379942.98,
            4801656.09
          ],
          [
            379942.98,
            4801629.43
          ],
          [
            379942.98,
            4801602.77
          ],
          [
            379942.98,
            4801576.1
          ],
          [
            379942.98,
            4801549.44
          ],
          [
            379942.98,
            4801522.78
          ],
          [
            379942.98,
            4801496.11
          ],
          [
            379942.98,
            4801469.45
          ],
          [
            379942.98,
            4801442.78
          ],
          [
            379942.98,
            4801416.12
          ],
          [
            379942.98,
            4801389.46
          ],
          [
            379942.98,
            4801362.79
          ]
        ]
      },
      "properties": {
        "segment_id": 10,
        "step": 10,
        "length_m": 399.96,
        "elevation_start": 50.68,
        "elevation_end": 54.71,
        "slope_percent": 1.01,
        "cost_usd": 479948.3,
        "cost_per_m": 800.0,
        "cumulative_cost": 4673956.89,
        "cumulative_distance_m": 3911.66,
        "land_cover_class": 40,
        "land_cover_name": "cropland",
        "geohazard_risk": 0.0,
        "terrain_class": "flat",
        "crs": "EPSG:32633"
      }
    },
    {
      "type": "Feature",
      "geometry": {
        "type": "LineString",
        "coordinates": [
          [
            379942.98,
            4801362.79
          ],
          [
            379942.98,
            4801336.13
          ],
          [
            379942.98,
            4801309.47
          ],
          [
            379942.98,
            4801282.8
          ],
          [
            379942.98,
            4801256.14
          ],
          [
            379942.98,
            4801229.47
          ],
          [
            379942.98,
            4801202.81
          ],
          [
            379942.98,
            4801176.15
          ],
          [
            379942.98,
            4801149.48
          ],
          [
            379942.98,
            4801122.82
          ],
          [
            379942.98,
            4801096.15
          ],
          [
            379942.98,
            4801069.49
          ],
          [
            379969.65,
            4801042.83
          ],
          [
            379996.32,
            4801016.16
          ],
          [
            379996.32,
            4800989.5
          ]
        ]
      },
      "properties": {
        "segment_id": 11,
        "step": 11,
        "length_m": 395.39,
        "elevation_start": 54.71,
        "elevation_end": 58.58,
        "slope_percent": 0.98,
        "cost_usd": 569367.5,
        "cost_per_m": 800.0,
        "cumulative_cost": 5243324.39,
        "cumulative_distance_m": 4307.06,
        "land_cover_class": 10,
        "land_cover_name": "tree_cover",
        "geohazard_risk": 0.0,
        "terrain_class": "flat",
        "crs": "EPSG:32633"
      }
    },
    {
      "type": "Feature",
      "geometry": {
        "type": "LineString",
        "coordinates": [
          [
            379996.32,
            4800989.5
          ],
          [
            379996.32,
            4800962.84
          ],
          [
            379996.32,
            4800936.17
          ],
          [
            379996.32,
            4800909.51
          ],
          [
            379996.32,
            4800882.84
          ],
          [
            379996.32,
            4800856.18
          ],
          [
            379996.32,
            4800829.52
          ],
          [
            379996.32,
            4800802.85
          ],
          [
            379996.32,
            4800776.19
          ],
          [
            379996.32,
            4800749.53
          ],
          [
            379996.32,
            4800722.86
          ],
          [
            379996.32,
            4800696.2
          ],
          [
            379996.32,
            4800669.53
          ],
          [
            379996.32,
            4800642.87
          ],
          [
            379996.32,
            4800616.21
          ],
          [
            379996.32,
            4800589.54
          ]
        ]
      },
      "properties": {
        "segment_id": 12,
        "step": 12,
        "length_m": 399.96,
        "elevation_start": 58.58,
        "elevation_end": 62.36,
        "slope_percent": 0.95,
        "cost_usd": 479948.3,
        "cost_per_m": 800.0,
        "cumulative_cost": 5723272.69,
        "cumulative_distance_m": 4707.01,
        "land_cover_class": 40,
        "land_cover_name": "cropland",
        "geohazard_risk": 0.0,
        "terrain_class": "flat",
        "crs": "EPSG:32633"
      }
    },
    {
      "type": "Feature",
      "geometry": {
        "type": "LineString",
        "coordinates": [
          [
            379996.32,
            4800589.54
          ],
          [
            379996.32,
            4800562.88
          ],
          [
            380023.0,
            4800536.22
          ],
          [
            380049.67,
            4800509.55
          ],
          [
            380049.67,
            4800482.89
          ],
          [
            380076.34,
            4800456.22
          ],
          [
            380103.01,
            4800429.56
          ],
          [
            380129.68,
            4800402.9
          ],
          [
            380156.36,
            4800376.23
          ],
          [
            380183.03,
            4800349.57
          ],
          [
            380183.03,
            4800322.9
          ],
          [
            380183.03,
            4800296.24
          ],
          [
            380183.03,
            4800269.58
          ]
        ]
      },
      "properties": {
        "segment_id": 13,
        "step": 13,
        "length_m": 397.32,
        "elevation_start": 62.36,
        "elevation_end": 65.31,
        "slope_percent": 0.74,
        "cost_usd": 476782.73,
        "cost_per_m": 800.0,
        "cumulative_cost": 6200055.42,
        "cumulative_distance_m": 5104.33,
        "land_cover_class": 40,
        "land_cover_name": "cropland",
        "geohazard_risk": 0.0,
        "terrain_class": "flat",
        "crs": "EPSG:32633"
      }
    },
    {
      "type": "Feature",
      "geometry": {
        "type": "LineString",
        "coordinates": [
          [
            380183.03,
            4800269.58
          ],
          [
            380183.03,
            4800242.91
          ],
          [
            380183.03,
            4800216.25
          ],
          [
            380183.03,
            4800189.59
          ],
          [
            380183.03,
            4800162.92
          ],
          [
            380209.7,
            4800136.26
          ],
          [
            380236.37,
            4800109.59
          ],
          [
            380263.05,
            4800082.93
          ],
          [
            380289.72,
            4800056.27
          ],
          [
            380316.39,
            4800029.6
          ],
          [
            380343.06,
            4800002.94
          ],
          [
            380369.74,
            4799976.28
          ]
        ]
      },
      "properties": {
        "segment_id": 14,
        "step": 14,
        "length_m": 370.66,
        "elevation_start": 65.31,
        "elevation_end": 70.96,
        "slope_percent": 1.52,
        "cost_usd": 533743.42,
        "cost_per_m": 800.0,
        "cumulative_cost": 6733798.84,
        "cumulative_distance_m": 5474.99,
        "land_cover_class": 10,
        "land_cover_name": "tree_cover",
        "geohazard_risk": 0.0,
        "terrain_class": "flat",
        "crs": "EPSG:32633"
      }
    },
    {
      "type": "Feature",
      "geometry": {
        "type": "LineString",
        "coordinates": [
          [
            380369.74,
            4799976.28
          ],
          [
            380396.41,
            4799949.61
          ],
          [
            380396.41,
            4799922.95
          ],
          [
            380396.41,
            4799896.28
          ],
          [
            380396.41,
            4799869.62
          ],
          [
            380396.41,
            4799842.96
          ],
          [
            380396.41,
            4799816.29
          ],
          [
            380396.41,
            4799789.63
          ],
          [
            380396.41,
            4799762.97
          ],
          [
            380396.41,
            4799736.3
          ],
          [
            380396.41,
            4799709.64
          ],
          [
            380396.41,
            4799682.97
          ],
          [
            380396.41,
            4799656.31
          ],
          [
            380396.41,
            4799629.65
          ],
          [
            380396.41,
            4799602.98
          ]
        ]
      },
      "properties": {
        "segment_id": 15,
        "step": 15,
        "length_m": 384.34,
        "elevation_start": 70.96,
        "elevation_end": 87.9,
        "slope_percent": 4.41,
        "cost_usd": 461212.33,
        "cost_per_m": 800.0,
        "cumulative_cost": 7195011.17,
        "cumulative_distance_m": 5859.33,
        "land_cover_class": 40,
        "land_cover_name": "cropland",
        "geohazard_risk": 0.0,
        "terrain_class": "flat",
        "crs": "EPSG:32633"
      }
    },
    {
      "type": "Feature",
      "geometry": {
        "type": "LineString",
        "coordinates": [
          [
            380396.41,
            4799602.98
          ],
          [
            380396.41,
            4799576.32
          ],
          [
            380396.41,
            4799549.65
          ],
          [
            380396.41,
            4799522.99
          ],
          [
            380396.41,
            4799496.33
          ],
          [
            380396.41,
            4799469.66
          ],
          [
            380396.41,
            4799443.0
          ],
          [
            380396.41,
            4799416.34
          ],
          [
            380396.41,
            4799389.67
          ],
          [
            380396.41,
            4799363.01
          ],
          [
            380396.41,
            4799336.34
          ],
          [
            380396.41,
            4799309.68
          ],
          [
            380396.41,
            4799283.02
          ],
          [
            380396.41,
            4799256.35
          ],
          [
            380396.41,
            4799229.69
          ]
        ]
      },
      "properties": {
        "segment_id": 16,
        "step": 16,
        "length_m": 373.29,
        "elevation_start": 87.9,
        "elevation_end": 113.95,
        "slope_percent": 6.98,
        "cost_usd": 394197.54,
        "cost_per_m": 800.0,
        "cumulative_cost": 7589208.71,
        "cumulative_distance_m": 6232.63,
        "land_cover_class": 30,
        "land_cover_name": "grassland",
        "geohazard_risk": 0.0,
        "terrain_class": "rolling",
        "crs": "EPSG:32633"
      }
    },
    {
      "type": "Feature",
      "geometry": {
        "type": "LineString",
        "coordinates": [
          [
            380396.41,
            4799229.69
          ],
          [
            380423.08,
            4799203.03
          ],
          [
            380449.75,
            4799176.36
          ],
          [
            380449.75,
            4799149.7
          ],
          [
            380449.75,
            4799123.03
          ],
          [
            380449.75,
            4799096.37
          ],
          [
            380449.75,
            4799069.71
          ],
          [
            380449.75,
            4799043.04
          ],
          [
            380449.75,
            4799016.38
          ],
          [
            380449.75,
            4798989.72
          ],
          [
            380449.75,
            4798963.05
          ],
          [
            380449.75,
            4798936.39
          ],
          [
            380449.75,
            4798909.72
          ],
          [
            380476.42,
            4798883.06
          ]
        ]
      },
      "properties": {
        "segment_id": 17,
        "step": 17,
        "length_m": 379.78,
        "elevation_start": 113.95,
        "elevation_end": 200.26,
        "slope_percent": 22.73,
        "cost_usd": 455736.95,
        "cost_per_m": 800.0,
        "cumulative_cost": 8044945.66,
        "cumulative_distance_m": 6612.41,
        "land_cover_class": 40,
        "land_cover_name": "cropland",
        "geohazard_risk": 0.0,
        "terrain_class": "steep",
        "crs": "EPSG:32633"
      }
    },
    {
      "type": "Feature",
      "geometry": {
        "type": "LineString",
        "coordinates": [
          [
            380476.42,
            4798883.06
          ],
          [
            380476.42,
            4798856.4
          ],
          [
            380476.42,
            4798829.73
          ],
          [
            380476.42,
            4798803.07
          ],
          [
            380476.42,
            4798776.4
          ],
          [
            380503.1,
            4798749.74
          ],
          [
            380529.77,
            4798723.08
          ],
          [
            380556.44,
            4798696.41
          ],
          [
            380583.11,
            4798669.75
          ],
          [
            380609.79,
            4798643.09
          ],
          [
            380609.79,
            4798616.42
          ],
          [
            380636.46,
            4798589.76
          ],
          [
            380636.46,
            4798563.09
          ]
        ]
      },
      "properties": {
        "segment_id": 18,
        "step": 18,
        "length_m": 386.27,
        "elevation_start": 200.26,
        "elevation_end": 192.77,
        "slope_percent": 1.94,
        "cost_usd": 463522.15,
        "cost_per_m": 800.0,
        "cumulative_cost": 8508467.81,
        "cumulative_distance_m": 6998.67,
        "land_cover_class": 40,
        "land_cover_name": "cropland",
        "geohazard_risk": 0.0,
        "terrain_class": "flat",
        "crs": "EPSG:32633"
      }
    },
    {
      "type": "Feature",
      "geometry": {
        "type": "LineString",
        "coordinates": [
          [
            380636.46,
            4798563.09
          ],
          [
            380636.46,
            4798536.43
          ],
          [
            380636.46,
            4798509.77
          ],
          [
            380636.46,
            4798483.1
          ],
          [
            380636.46,
            4798456.44
          ],
          [
            380636.46,
            4798429.78
          ],
          [
            380663.13,
            4798403.11
          ],
          [
            380689.8,
            4798376.45
          ],
          [
            380716.47,
            4798349.78
          ],
          [
            380716.47,
            4798323.12
          ],
          [
            380743.15,
            4798296.46
          ],
          [
            380743.15,
            4798269.79
          ],
          [
            380743.15,
            4798243.13
          ],
          [
            380743.15,
            4798216.47
          ]
        ]
      },
      "properties": {
        "segment_id": 19,
        "step": 19,
        "length_m": 390.83,
        "elevation_start": 192.77,
        "elevation_end": 190.68,
        "slope_percent": 0.53,
        "cost_usd": 468997.53,
        "cost_per_m": 800.0,
        "cumulative_cost": 8977465.34,
        "cumulative_distance_m": 7389.51,
        "land_cover_class": 40,
        "land_cover_name": "cropland",
        "geohazard_risk": 0.0,
        "terrain_class": "flat",
        "crs": "EPSG:32633"
      }
    },
    {
      "type": "Feature",
      "geometry": {
        "type": "LineString",
        "coordinates": [
          [
            380743.15,
            4798216.47
          ],
          [
            380743.15,
            4798189.8
          ],
          [
            380743.15,
            4798163.14
          ],
          [
            380743.15,
            4798136.47
          ],
          [
            380743.15,
            4798109.81
          ],
          [
            380743.15,
            4798083.15
          ],
          [
            380743.15,
            4798056.48
          ],
          [
            380769.82,
            4798029.82
          ],
          [
            380769.82,
            4798003.15
          ],
          [
            380769.82,
            4797976.49
          ],
          [
            380769.82,
            4797949.83
          ],
          [
            380769.82,
            4797923.16
          ],
          [
            380769.82,
            4797896.5
          ],
          [
            380769.82,
            4797869.84
          ],
          [
            380769.82,
            4797843.17
          ]
        ]
      },
      "properties": {
        "segment_id": 20,
        "step": 20,
        "length_m": 384.34,
        "elevation_start": 190.68,
        "elevation_end": 207.98,
        "slope_percent": 4.5,
        "cost_usd": 405866.85,
        "cost_per_m": 800.0,
        "cumulative_cost": 9383332.19,
        "cumulative_distance_m": 7773.85,
        "land_cover_class": 30,
        "land_cover_name": "grassland",
        "geohazard_risk": 0.0,
        "terrain_class": "flat",
        "crs": "EPSG:32633"
      }
    },
    {
      "type": "Feature",
      "geometry": {
        "type": "LineString",
        "coordinates": [
          [
            380769.82,
            4797843.17
          ],
          [
            380769.82,
            4797816.51
          ],
          [
            380743.15,
            4797789.84
          ],
          [
            380743.15,
            4797763.18
          ],
          [
            380743.15,
            4797736.52
          ],
          [
            380743.15,
            4797709.85
          ],
          [
            380743.15,
            4797683.19
          ],
          [
            380743.15,
            4797656.53
          ],
          [
            380716.47,
            4797629.86
          ],
          [
            380689.8,
            4797603.2
          ],
          [
            380663.13,
            4797576.53
          ],
          [
            380663.13,
            4797549.87
          ],
          [
            380663.13,
            4797523.21
          ],
          [
            380663.13,
            4797496.54
          ]
        ]
      },
      "properties": {
        "segment_id": 21,
        "step": 21,
        "length_m": 390.83,
        "elevation_start": 207.98,
        "elevation_end": 182.28,
        "slope_percent": 6.58,
        "cost_usd": 468997.53,
        "cost_per_m": 800.0,
        "cumulative_cost": 9852329.72,
        "cumulative_distance_m": 8164.68,
        "land_cover_class": 40,
        "land_cover_name": "cropland",
        "geohazard_risk": 0.0,
        "terrain_class": "rolling",
        "crs": "EPSG:32633"
      }
    },
    {
      "type": "Feature",
      "geometry": {
        "type": "LineString",
        "coordinates": [
          [
            380663.13,
            4797496.54
          ],
          [
            380663.13,
            4797469.88
          ],
          [
            380663.13,
            4797443.22
          ],
          [
            380663.13,
            4797416.55
          ],
          [
            380663.13,
            4797389.89
          ],
          [
            380663.13,
            4797363.22
          ],
          [
            380663.13,
            4797336.56
          ],
          [
            380663.13,
            4797309.9
          ],
          [
            380663.13,
            4797283.23
          ],
          [
            380689.8,
            4797256.57
          ],
          [
            380716.47,
            4797229.9
          ],
          [
            380716.47,
            4797203.24
          ],
          [
            380743.15,
            4797176.58
          ],
          [
            380743.15,
            4797149.91
          ]
        ]
      },
      "properties": {
        "segment_id": 22,
        "step": 22,
        "length_m": 379.78,
        "elevation_start": 182.28,
        "elevation_end": 180.28,
        "slope_percent": 0.53,
        "cost_usd": 455736.95,
        "cost_per_m": 800.0,
        "cumulative_cost": 10308066.67,
        "cumulative_distance_m": 8544.46,
        "land_cover_class": 40,
        "land_cover_name": "cropland",
        "geohazard_risk": 0.0,
        "terrain_class": "flat",
        "crs": "EPSG:32633"
      }
    },
    {
      "type": "Feature",
      "geometry": {
        "type": "LineString",
        "coordinates": [
          [
            380743.15,
            4797149.91
          ],
          [
            380743.15,
            4797123.25
          ],
          [
            380743.15,
            4797096.59
          ],
          [
            380743.15,
            4797069.92
          ],
          [
            380743.15,
            4797043.26
          ],
          [
            380743.15,
            4797016.59
          ],
          [
            380743.15,
            4796989.93
          ],
          [
            380743.15,
            4796963.27
          ],
          [
            380743.15,
            4796936.6
          ],
          [
            380743.15,
            4796909.94
          ],
          [
            380769.82,
            4796883.28
          ],
          [
            380796.49,
            4796856.61
          ],
          [
            380796.49,
            4796829.95
          ],
          [
            380796.49,
            4796803.28
          ],
          [
            380796.49,
            4796776.62
          ]
        ]
      },
      "properties": {
        "segment_id": 23,
        "step": 23,
        "length_m": 395.39,
        "elevation_start": 180.28,
        "elevation_end": 163.91,
        "slope_percent": 4.14,
        "cost_usd": 474472.92,
        "cost_per_m": 800.0,
        "cumulative_cost": 10782539.59,
        "cumulative_distance_m": 8939.86,
        "land_cover_class": 40,
        "land_cover_name": "cropland",
        "geohazard_risk": 0.0,
        "terrain_class": "flat",
        "crs": "EPSG:32633"
      }
    },
    {
      "type": "Feature",
      "geometry": {
        "type": "LineString",
        "coordinates": [
          [
            380796.49,
            4796776.62
          ],
          [
            380796.49,
            4796749.96
          ],
          [
            380796.49,
            4796723.29
          ],
          [
            380796.49,
            4796696.63
          ],
          [
            380796.49,
            4796669.97
          ],
          [
            380796.49,
            4796643.3
          ],
          [
            380796.49,
            4796616.64
          ],
          [
            380796.49,
            4796589.97
          ],
          [
            380796.49,
            4796563.31
          ],
          [
            380796.49,
            4796536.65
          ],
          [
            380796.49,
            4796509.98
          ],
          [
            380796.49,
            4796483.32
          ],
          [
            380796.49,
            4796456.65
          ],
          [
            380796.49,
            4796429.99
          ],
          [
            380796.49,
            4796403.33
          ],
          [
            380796.49,
            4796376.66
          ]
        ]
      },
      "properties": {
        "segment_id": 24,
        "step": 24,
        "length_m": 399.96,
        "elevation_start": 163.91,
        "elevation_end": 154.73,
        "slope_percent": 2.3,
        "cost_usd": 479948.3,
        "cost_per_m": 800.0,
        "cumulative_cost": 11262487.89,
        "cumulative_distance_m": 9339.81,
        "land_cover_class": 40,
        "land_cover_name": "cropland",
        "geohazard_risk": 0.0,
        "terrain_class": "flat",
        "crs": "EPSG:32633"
      }
    },
    {
      "type": "Feature",
      "geometry": {
        "type": "LineString",
        "coordinates": [
          [
            380796.49,
            4796376.66
          ],
          [
            380796.49,
            4796350.0
          ],
          [
            380796.49,
            4796323.34
          ],
          [
            380796.49,
            4796296.67
          ],
          [
            380796.49,
            4796270.01
          ],
          [
            380769.82,
            4796243.34
          ],
          [
            380769.82,
            4796216.68
          ],
          [
            380769.82,
            4796190.02
          ],
          [
            380743.15,
            4796163.35
          ],
          [
            380716.47,
            4796136.69
          ],
          [
            380689.8,
            4796110.03
          ],
          [
            380663.13,
            4796083.36
          ],
          [
            380663.13,
            4796056.7
          ]
        ]
      },
      "properties": {
        "segment_id": 25,
        "step": 25,
        "length_m": 375.22,
        "elevation_start": 154.73,
        "elevation_end": 135.41,
        "slope_percent": 5.15,
        "cost_usd": 396230.18,
        "cost_per_m": 800.0,
        "cumulative_cost": 11658718.07,
        "cumulative_distance_m": 9715.03,
        "land_cover_class": 30,
        "land_cover_name": "grassland",
        "geohazard_risk": 0.0,
        "terrain_class": "rolling",
        "crs": "EPSG:32633"
      }
    },
    {
      "type": "Feature",
      "geometry": {
        "type": "LineString",
        "coordinates": [
          [
            380663.13,
            4796056.7
          ],
          [
            380663.13,
            4796030.03
          ],
          [
            380663.13,
            4796003.37
          ],
          [
            380663.13,
            4795976.71
          ],
          [
            380663.13,
            4795950.04
          ],
          [
            380663.13,
            4795923.38
          ],
          [
            380636.46,
            4795896.72
          ],
          [
            380609.79,
            4795870.05
          ],
          [
            380609.79,
            4795843.39
          ],
          [
            380609.79,
            4795816.72
          ],
          [
            380609.79,
            4795790.06
          ],
          [
            380609.79,
            4795763.4
          ],
          [
            380609.79,
            4795736.73
          ],
          [
            380609.79,
            4795710.07
          ],
          [
            380609.79,
            4795683.4
          ]
        ]
      },
      "properties": {
        "segment_id": 26,
        "step": 26,
        "length_m": 395.39,
        "elevation_start": 135.41,
        "elevation_end": 120.77,
        "slope_percent": 3.7,
        "cost_usd": 474472.92,
        "cost_per_m": 800.0,
        "cumulative_cost": 12133190.99,
        "cumulative_distance_m": 10110.43,
        "land_cover_class": 40,
        "land_cover_name": "cropland",
        "geohazard_risk": 0.0,
        "terrain_class": "flat",
        "crs": "EPSG:32633"
      }
    },
    {
      "type": "Feature",
      "geometry": {
        "type": "LineString",
        "coordinates": [
          [
            380609.79,
            4795683.4
          ],
          [
            380609.79,
            4795656.74
          ],
          [
            380609.79,
            4795630.08
          ],
          [
            380609.79,
            4795603.41
          ],
          [
            380583.11,
            4795576.75
          ],
          [
            380583.11,
            4795550.09
          ],
          [
            380583.11,
            4795523.42
          ],
          [
            380583.11,
            4795496.76
          ],
          [
            380583.11,
            4795470.09
          ],
          [
            380583.11,
            4795443.43
          ],
          [
            380583.11,
            4795416.77
          ],
          [
            380583.11,
            4795390.1
          ],
          [
            380583.11,
            4795363.44
          ],
          [
            380583.11,
            4795336.78
          ],
          [
            380583.11,
            4795310.11
          ]
        ]
      },
      "properties": {
        "segment_id": 27,
        "step": 27,
        "length_m": 384.34,
        "elevation_start": 120.77,
        "elevation_end": 90.75,
        "slope_percent": 7.81,
        "cost_usd": 461212.33,
        "cost_per_m": 800.0,
        "cumulative_cost": 12594403.32,
        "cumulative_distance_m": 10494.77,
        "land_cover_class": 40,
        "land_cover_name": "cropland",
        "geohazard_risk": 0.0,
        "terrain_class": "rolling",
        "crs": "EPSG:32633"
      }
    },
    {
      "type": "Feature",
      "geometry": {
        "type": "LineString",
        "coordinates": [
          [
            380583.11,
            4795310.11
          ],
          [
            380583.11,
            4795283.45
          ],
          [
            380583.11,
            4795256.78
          ],
          [
            380583.11,
            4795230.12
          ],
          [
            380583.11,
            4795203.46
          ],
          [
            380583.11,
            4795176.79
          ],
          [
            380583.11,
            4795150.13
          ],
          [
            380583.11,
            4795123.47
          ],
          [
            380583.11,
            4795096.8
          ],
          [
            380583.11,
            4795070.14
          ],
          [
            380609.79,
            4795043.47
          ],
          [
            380636.46,
            4795016.81
          ],
          [
            380636.46,
            4794990.15
          ],
          [
            380636.46,
            4794963.48
          ]
        ]
      },
      "properties": {
        "segment_id": 28,
        "step": 28,
        "length_m": 368.73,
        "elevation_start": 90.75,
        "elevation_end": 90.27,
        "slope_percent": 0.13,
        "cost_usd": 389379.2,
        "cost_per_m": 800.0,
        "cumulative_cost": 12983782.52,
        "cumulative_distance_m": 10863.5,
        "land_cover_class": 30,
        "land_cover_name": "grassland",
        "geohazard_risk": 0.0,
        "terrain_class": "flat",
        "crs": "EPSG:32633"
      }
    },
    {
      "type": "Feature",
      "geometry": {
        "type": "LineString",
        "coordinates": [
          [
            380636.46,
            4794963.48
          ],
          [
            380663.13,
            4794936.82
          ],
          [
            380689.8,
            4794910.15
          ],
          [
            380716.47,
            4794883.49
          ],
          [
            380716.47,
            4794856.83
          ],
          [
            380716.47,
            4794830.16
          ],
          [
            380716.47,
            4794803.5
          ],
          [
            380716.47,
            4794776.84
          ],
          [
            380716.47,
            4794750.17
          ],
          [
            380716.47,
            4794723.51
          ],
          [
            380743.15,
            4794696.84
          ],
          [
            380769.82,
            4794670.18
          ],
          [
            380796.49,
            4794643.52
          ]
        ]
      },
      "properties": {
        "segment_id": 29,
        "step": 29,
        "length_m": 386.27,
        "elevation_start": 90.27,
        "elevation_end": 91.81,
        "slope_percent": 0.4,
        "cost_usd": 463522.15,
        "cost_per_m": 800.0,
        "cumulative_cost": 13447304.67,
        "cumulative_distance_m": 11249.77,
        "land_cover_class": 40,
        "land_cover_name": "cropland",
        "geohazard_risk": 0.0,
        "terrain_class": "flat",
        "crs": "EPSG:32633"
      }
    },
    {
      "type": "Feature",
      "geometry": {
        "type": "LineString",
        "coordinates": [
          [
            380796.49,
            4794643.52
          ],
          [
            380823.16,
            4794616.85
          ],
          [
            380849.84,
            4794590.19
          ],
          [
            380876.51,
            4794563.53
          ],
          [
            380903.18,
            4794536.86
          ],
          [
            380929.85,
            4794510.2
          ],
          [
            380929.85,
            4794483.53
          ],
          [
            380929.85,
            4794456.87
          ],
          [
            380929.85,
            4794430.21
          ],
          [
            380929.85,
            4794403.54
          ],
          [
            380929.85,
            4794376.88
          ],
          [
            380929.85,
            4794350.21
          ],
          [
            380929.85,
            4794323.55
          ]
        ]
      },
      "properties": {
        "segment_id": 30,
        "step": 30,
        "length_m": 375.22,
        "elevation_start": 91.81,
        "elevation_end": 103.3,
        "slope_percent": 3.06,
        "cost_usd": 450261.56,
        "cost_per_m": 800.0,
        "cumulative_cost": 13897566.23,
        "cumulative_distance_m": 11624.99,
        "land_cover_class": 40,
        "land_cover_name": "cropland",
        "geohazard_risk": 0.0,
        "terrain_class": "flat",
        "crs": "EPSG:32633"
      }
    },
    {
      "type": "Feature",
      "geometry": {
        "type": "LineString",
        "coordinates": [
          [
            380929.85,
            4794323.55
          ],
          [
            380956.52,
            4794296.89
          ],
          [
            380983.2,
            4794270.22
          ],
          [
            381009.87,
            4794243.56
          ],
          [
            381036.54,
            4794216.9
          ],
          [
            381036.54,
            4794190.23
          ],
          [
            381036.54,
            4794163.57
          ],
          [
            381036.54,
            4794136.9
          ],
          [
            381036.54,
            4794110.24
          ],
          [
            381063.21,
            4794083.58
          ],
          [
            381063.21,
            4794056.91
          ],
          [
            381063.21,
            4794030.25
          ],
          [
            381089.89,
            4794003.59
          ]
        ]
      },
      "properties": {
        "segment_id": 31,
        "step": 31,
        "length_m": 386.27,
        "elevation_start": 103.3,
        "elevation_end": 83.74,
        "slope_percent": 5.06,
        "cost_usd": 463522.15,
        "cost_per_m": 800.0,
        "cumulative_cost": 14361088.38,
        "cumulative_distance_m": 12011.25,
        "land_cover_class": 40,
        "land_cover_name": "cropland",
        "geohazard_risk": 0.0,
        "terrain_class": "rolling",
        "crs": "EPSG:32633"
      }
    },
    {
      "type": "Feature",
      "geometry": {
        "type": "LineString",
        "coordinates": [
          [
            381089.89,
            4794003.59
          ],
          [
            381116.56,
            4793976.92
          ],
          [
            381143.23,
            4793950.26
          ],
          [
            381169.9,
            4793923.59
          ],
          [
            381169.9,
            4793896.93
          ],
          [
            381196.57,
            4793870.27
          ],
          [
            381223.25,
            4793843.6
          ],
          [
            381249.92,
            4793816.94
          ],
          [
            381276.59,
            4793790.28
          ],
          [
            381303.26,
            4793763.61
          ],
          [
            381329.94,
            4793736.95
          ]
        ]
      },
      "properties": {
        "segment_id": 32,
        "step": 32,
        "length_m": 366.09,
        "elevation_start": 83.74,
        "elevation_end": 79.27,
        "slope_percent": 1.22,
        "cost_usd": 439310.8,
        "cost_per_m": 800.0,
        "cumulative_cost": 14800399.18,
        "cumulative_distance_m": 12377.35,
        "land_cover_class": 40,
        "land_cover_name": "cropland",
        "geohazard_risk": 0.0,
        "terrain_class": "flat",
        "crs": "EPSG:32633"
      }
    },
    {
      "type": "Feature",
      "geometry": {
        "type": "LineString",
        "coordinates": [
          [
            381329.94,
            4793736.95
          ],
          [
            381356.61,
            4793710.28
          ],
          [
            381383.28,
            4793683.62
          ],
          [
            381409.95,
            4793656.96
          ],
          [
            381436.63,
            4793630.29
          ],
          [
            381463.3,
            4793603.63
          ],
          [
            381436.63,
            4793576.96
          ],
          [
            381409.95,
            4793550.3
          ],
          [
            381409.95,
            4793523.64
          ],
          [
            381409.95,
            4793496.97
          ],
          [
            381409.95,
            4793470.31
          ],
          [
            381409.95,
            4793443.65
          ],
          [
            381409.95,
            4793416.98
          ]
        ]
      },
      "properties": {
        "segment_id": 33,
        "step": 33,
        "length_m": 397.32,
        "elevation_start": 79.27,
        "elevation_end": 75.53,
        "slope_percent": 0.94,
        "cost_usd": 476782.73,
        "cost_per_m": 800.0,
        "cumulative_cost": 15277181.91,
        "cumulative_distance_m": 12774.67,
        "land_cover_class": 40,
        "land_cover_name": "cropland",
        "geohazard_risk": 0.0,
        "terrain_class": "flat",
        "crs": "EPSG:32633"
      }
    },
    {
      "type": "Feature",
      "geometry": {
        "type": "LineString",
        "coordinates": [
          [
            381409.95,
            4793416.98
          ],
          [
            381409.95,
            4793390.32
          ],
          [
            381409.95,
            4793363.65
          ],
          [
            381436.63,
            4793336.99
          ],
          [
            381463.3,
            4793310.33
          ],
          [
            381489.97,
            4793283.66
          ],
          [
            381516.64,
            4793257.0
          ],
          [
            381543.31,
            4793230.34
          ],
          [
            381569.99,
            4793203.67
          ],
          [
            381596.66,
            4793177.01
          ],
          [
            381623.33,
            4793150.34
          ],
          [
            381650.0,
            4793123.68
          ]
        ]
      },
      "properties": {
        "segment_id": 34,
        "step": 34,
        "length_m": 392.76,
        "elevation_start": 75.53,
        "elevation_end": 73.25,
        "slope_percent": 0.58,
        "cost_usd": 471307.35,
        "cost_per_m": 800.0,
        "cumulative_cost": 15748489.26,
        "cumulative_distance_m": 13167.42,
        "land_cover_class": 40,
        "land_cover_name": "cropland",
        "geohazard_risk": 0.0,
        "terrain_class": "flat",
        "crs": "EPSG:32633"
      }
    },
    {
      "type": "Feature",
      "geometry": {
        "type": "LineString",
        "coordinates": [
          [
            381650.0,
            4793123.68
          ],
          [
            381676.68,
            4793097.02
          ],
          [
            381703.35,
            4793070.35
          ],
          [
            381730.02,
            4793043.69
          ],
          [
            381730.02,
            4793017.03
          ],
          [
            381730.02,
            4792990.36
          ],
          [
            381730.02,
            4792963.7
          ],
          [
            381730.02,
            4792937.03
          ],
          [
            381730.02,
            4792910.37
          ],
          [
            381730.02,
            4792883.71
          ],
          [
            381730.02,
            4792857.04
          ],
          [
            381730.02,
            4792830.38
          ],
          [
            381730.02,
            4792803.71
          ],
          [
            381730.02,
            4792777.05
          ]
        ]
      },
      "properties": {
        "segment_id": 35,
        "step": 35,
        "length_m": 379.78,
        "elevation_start": 73.25,
        "elevation_end": 73.06,
        "slope_percent": 0.05,
        "cost_usd": 455736.95,
        "cost_per_m": 800.0,
        "cumulative_cost": 16204226.21,
        "cumulative_distance_m": 13547.2,
        "land_cover_class": 40,
        "land_cover_name": "cropland",
        "geohazard_risk": 0.0,
        "terrain_class": "flat",
        "crs": "EPSG:32633"
      }
    },
    {
      "type": "Feature",
      "geometry": {
        "type": "LineString",
        "coordinates": [
          [
            381730.02,
            4792777.05
          ],
          [
            381730.02,
            4792750.39
          ],
          [
            381730.02,
            4792723.72
          ],
          [
            381730.02,
            4792697.06
          ],
          [
            381730.02,
            4792670.4
          ],
          [
            381756.69,
            4792643.73
          ],
          [
            381783.36,
            4792617.07
          ],
          [
            381810.04,
            4792590.4
          ],
          [
            381836.71,
            4792563.74
          ],
          [
            381863.38,
            4792537.08
          ],
          [
            381890.05,
            4792510.41
          ],
          [
            381890.05,
            4792483.75
          ],
          [
            381890.05,
            4792457.09
          ]
        ]
      },
      "properties": {
        "segment_id": 36,
        "step": 36,
        "length_m": 386.27,
        "elevation_start": 73.06,
        "elevation_end": 74.36,
        "slope_percent": 0.33,
        "cost_usd": 463522.15,
        "cost_per_m": 800.0,
        "cumulative_cost": 16667748.35,
        "cumulative_distance_m": 13933.47,
        "land_cover_class": 40,
        "land_cover_name": "cropland",
        "geohazard_risk": 0.0,
        "terrain_class": "flat",
        "crs": "EPSG:32633"
      }
    },
    {
      "type": "Feature",
      "geometry": {
        "type": "LineString",
        "coordinates": [
          [
            381890.05,
            4792457.09
          ],
          [
            381890.05,
            4792430.42
          ],
          [
            381890.05,
            4792403.76
          ],
          [
            381890.05,
            4792377.09
          ],
          [
            381890.05,
            4792350.43
          ],
          [
            381890.05,
            4792323.77
          ],
          [
            381890.05,
            4792297.1
          ],
          [
            381890.05,
            4792270.44
          ],
          [
            381890.05,
            4792243.78
          ],
          [
            381890.05,
            4792217.11
          ],
          [
            381890.05,
            4792190.45
          ],
          [
            381890.05,
            4792163.78
          ],
          [
            381890.05,
            4792137.12
          ],
          [
            381890.05,
            4792110.46
          ],
          [
            381890.05,
            4792083.79
          ],
          [
            381890.05,
            4792057.13
          ]
        ]
      },
      "properties": {
        "segment_id": 37,
        "step": 37,
        "length_m": 399.96,
        "elevation_start": 74.36,
        "elevation_end": 74.48,
        "slope_percent": 0.03,
        "cost_usd": 479948.3,
        "cost_per_m": 800.0,
        "cumulative_cost": 17147696.66,
        "cumulative_distance_m": 14333.43,
        "land_cover_class": 40,
        "land_cover_name": "cropland",
        "geohazard_risk": 0.0,
        "terrain_class": "flat",
        "crs": "EPSG:32633"
      }
    },
    {
      "type": "Feature",
      "geometry": {
        "type": "LineString",
        "coordinates": [
          [
            381890.05,
            4792057.13
          ],
          [
            381890.05,
            4792030.46
          ],
          [
            381890.05,
            4792003.8
          ],
          [
            381890.05,
            4791977.14
          ],
          [
            381890.05,
            4791950.47
          ],
          [
            381890.05,
            4791923.81
          ],
          [
            381890.05,
            4791897.15
          ],
          [
            381890.05,
            4791870.48
          ],
          [
            381890.05,
            4791843.82
          ],
          [
            381890.05,
            4791817.15
          ],
          [
            381890.05,
            4791790.49
          ],
          [
            381890.05,
            4791763.83
          ],
          [
            381890.05,
            4791737.16
          ],
          [
            381890.05,
            4791710.5
          ],
          [
            381890.05,
            4791683.84
          ],
          [
            381890.05,
            4791657.17
          ]
        ]
      },
      "properties": {
        "segment_id": 38,
        "step": 38,
        "length_m": 399.96,
        "elevation_start": 74.48,
        "elevation_end": 72.58,
        "slope_percent": 0.47,
        "cost_usd": 479948.3,
        "cost_per_m": 800.0,
        "cumulative_cost": 17627644.96,
        "cumulative_distance_m": 14733.38,
        "land_cover_class": 40,
        "land_cover_name": "cropland",
        "geohazard_risk": 0.0,
        "terrain_class": "flat",
        "crs": "EPSG:32633"
      }
    },
    {
      "type": "Feature",
      "geometry": {
        "type": "LineString",
        "coordinates": [
          [
            381890.05,
            4791657.17
          ],
          [
            381890.05,
            4791630.51
          ],
          [
            381890.05,
            4791603.84
          ],
          [
            381916.73,
            4791577.18
          ],
          [
            381943.4,
            4791550.52
          ],
          [
            381970.07,
            4791523.85
          ],
          [
            381996.74,
            4791497.19
          ],
          [
            382023.41,
            4791470.53
          ],
          [
            382050.09,
            4791443.86
          ],
          [
            382076.76,
            4791417.2
          ],
          [
            382103.43,
            4791390.53
          ],
          [
            382130.1,
            4791363.87
          ]
        ]
      },
      "properties": {
        "segment_id": 39,
        "step": 39,
        "length_m": 392.76,
        "elevation_start": 72.58,
        "elevation_end": 68.97,
        "slope_percent": 0.92,
        "cost_usd": 471307.35,
        "cost_per_m": 800.0,
        "cumulative_cost": 18098952.31,
        "cumulative_distance_m": 15126.14,
        "land_cover_class": 40,
        "land_cover_name": "cropland",
        "geohazard_risk": 0.0,
        "terrain_class": "flat",
        "crs": "EPSG:32633"
      }
    },
    {
      "type": "Feature",
      "geometry": {
        "type": "LineString",
        "coordinates": [
          [
            382130.1,
            4791363.87
          ],
          [
            382130.1,
            4791337.21
          ],
          [
            382130.1,
            4791310.54
          ],
          [
            382130.1,
            4791283.88
          ],
          [
            382103.43,
            4791257.21
          ],
          [
            382103.43,
            4791230.55
          ],
          [
            382103.43,
            4791203.89
          ],
          [
            382103.43,
            4791177.22
          ],
          [
            382130.1,
            4791150.56
          ],
          [
            382130.1,
            4791123.9
          ],
          [
            382156.78,
            4791097.23
          ],
          [
            382183.45,
            4791070.57
          ],
          [
            382210.12,
            4791043.9
          ]
        ]
      },
      "properties": {
        "segment_id": 40,
        "step": 40,
        "length_m": 375.22,
        "elevation_start": 68.97,
        "elevation_end": 68.31,
        "slope_percent": 0.18,
        "cost_usd": 450261.56,
        "cost_per_m": 800.0,
        "cumulative_cost": 18549213.87,
        "cumulative_distance_m": 15501.36,
        "land_cover_class": 40,
        "land_cover_name": "cropland",
        "geohazard_risk": 0.0,
        "terrain_class": "flat",
        "crs": "EPSG:32633"
      }
    },
    {
      "type": "Feature",
      "geometry": {
        "type": "LineString",
        "coordinates": [
          [
            382210.12,
            4791043.9
          ],
          [
            382236.79,
            4791017.24
          ],
          [
            382263.47,
            4790990.58
          ],
          [
            382290.14,
            4790963.91
          ],
          [
            382316.81,
            4790937.25
          ],
          [
            382343.48,
            4790910.59
          ],
          [
            382370.15,
            4790883.92
          ],
          [
            382396.83,
            4790857.26
          ],
          [
            382423.5,
            4790830.59
          ],
          [
            382423.5,
            4790803.93
          ],
          [
            382423.5,
            4790777.27
          ],
          [
            382423.5,
            4790750.6
          ]
        ]
      },
      "properties": {
        "segment_id": 41,
        "step": 41,
        "length_m": 381.71,
        "elevation_start": 68.31,
        "elevation_end": 67.11,
        "slope_percent": 0.31,
        "cost_usd": 458046.76,
        "cost_per_m": 800.0,
        "cumulative_cost": 19007260.63,
        "cumulative_distance_m": 15883.06,
        "land_cover_class": 40,
        "land_cover_name": "cropland",
        "geohazard_risk": 0.0,
        "terrain_class": "flat",
        "crs": "EPSG:32633"
      }
    },
    {
      "type": "Feature",
      "geometry": {
        "type": "LineString",
        "coordinates": [
          [
            382423.5,
            4790750.6
          ],
          [
            382423.5,
            4790723.94
          ],
          [
            382423.5,
            4790697.28
          ],
          [
            382423.5,
            4790670.61
          ],
          [
            382423.5,
            4790643.95
          ],
          [
            382423.5,
            4790617.28
          ],
          [
            382423.5,
            4790590.62
          ],
          [
            382423.5,
            4790563.96
          ],
          [
            382423.5,
            4790537.29
          ],
          [
            382423.5,
            4790510.63
          ],
          [
            382423.5,
            4790483.96
          ],
          [
            382423.5,
            4790457.3
          ],
          [
            382423.5,
            4790430.64
          ],
          [
            382423.5,
            4790403.97
          ],
          [
            382423.5,
            4790377.31
          ],
          [
            382423.5,
            4790350.65
          ]
        ]
      },
      "properties": {
        "segment_id": 42,
        "step": 42,
        "length_m": 399.96,
        "elevation_start": 67.11,
        "elevation_end": 99.56,
        "slope_percent": 8.11,
        "cost_usd": 455950.89,
        "cost_per_m": 800.0,
        "cumulative_cost": 19463211.52,
        "cumulative_distance_m": 16283.02,
        "land_cover_class": 20,
        "land_cover_name": "shrubland",
        "geohazard_risk": 0.0,
        "terrain_class": "rolling",
        "crs": "EPSG:32633"
      }
    },
    {
      "type": "Feature",
      "geometry": {
        "type": "LineString",
        "coordinates": [
          [
            382423.5,
            4790350.65
          ],
          [
            382423.5,
            4790323.98
          ],
          [
            382423.5,
            4790297.32
          ],
          [
            382450.17,
            4790270.65
          ],
          [
            382476.84,
            4790243.99
          ],
          [
            382503.52,
            4790217.33
          ],
          [
            382503.52,
            4790190.66
          ],
          [
            382530.19,
            4790164.0
          ],
          [
            382530.19,
            4790137.34
          ],
          [
            382530.19,
            4790110.67
          ],
          [
            382556.86,
            4790084.01
          ],
          [
            382583.53,
            4790057.34
          ],
          [
            382610.2,
            4790030.68
          ]
        ]
      },
      "properties": {
        "segment_id": 43,
        "step": 43,
        "length_m": 397.32,
        "elevation_start": 99.56,
        "elevation_end": 129.36,
        "slope_percent": 7.5,
        "cost_usd": 476782.73,
        "cost_per_m": 800.0,
        "cumulative_cost": 19939994.25,
        "cumulative_distance_m": 16680.34,
        "land_cover_class": 40,
        "land_cover_name": "cropland",
        "geohazard_risk": 0.0,
        "terrain_class": "rolling",
        "crs": "EPSG:32633"
      }
    },
    {
      "type": "Feature",
      "geometry": {
        "type": "LineString",
        "coordinates": [
          [
            382610.2,
            4790030.68
          ],
          [
            382636.88,
            4790004.02
          ],
          [
            382663.55,
            4789977.35
          ],
          [
            382690.22,
            4789950.69
          ],
          [
            382716.89,
            4789924.03
          ],
          [
            382743.57,
            4789897.36
          ],
          [
            382770.24,
            4789870.7
          ],
          [
            382770.24,
            4789844.03
          ],
          [
            382770.24,
            4789817.37
          ],
          [
            382796.91,
            4789790.71
          ],
          [
            382823.58,
            4789764.04
          ],
          [
            382850.25,
            4789737.38
          ]
        ]
      },
      "properties": {
        "segment_id": 44,
        "step": 44,
        "length_m": 392.76,
        "elevation_start": 129.36,
        "elevation_end": 122.6,
        "slope_percent": 1.72,
        "cost_usd": 471307.35,
        "cost_per_m": 800.0,
        "cumulative_cost": 20411301.6,
        "cumulative_distance_m": 17073.1,
        "land_cover_class": 40,
        "land_cover_name": "cropland",
        "geohazard_risk": 0.0,
        "terrain_class": "flat",
        "crs": "EPSG:32633"
      }
    },
    {
      "type": "Feature",
      "geometry": {
        "type": "LineString",
        "coordinates": [
          [
            382850.25,
            4789737.38
          ],
          [
            382876.93,
            4789710.71
          ],
          [
            382903.6,
            4789684.05
          ],
          [
            382930.27,
            4789657.39
          ],
          [
            382956.94,
            4789630.72
          ],
          [
            382983.62,
            4789604.06
          ],
          [
            382983.62,
            4789577.4
          ],
          [
            382983.62,
            4789550.73
          ],
          [
            383010.29,
            4789524.07
          ],
          [
            383036.96,
            4789497.4
          ],
          [
            383063.63,
            4789470.74
          ],
          [
            383090.3,
            4789444.08
          ]
        ]
      },
      "properties": {
        "segment_id": 45,
        "step": 45,
        "length_m": 392.76,
        "elevation_start": 122.6,
        "elevation_end": 106.3,
        "slope_percent": 4.15,
        "cost_usd": 414750.47,
        "cost_per_m": 800.0,
        "cumulative_cost": 20826052.07,
        "cumulative_distance_m": 17465.85,
        "land_cover_class": 30,
        "land_cover_name": "grassland",
        "geohazard_risk": 0.0,
        "terrain_class": "flat",
        "crs": "EPSG:32633"
      }
    },
    {
      "type": "Feature",
      "geometry": {
        "type": "LineString",
        "coordinates": [
          [
            383090.3,
            4789444.08
          ],
          [
            383116.98,
            4789417.41
          ],
          [
            383143.65,
            4789390.75
          ],
          [
            383143.65,
            4789364.09
          ],
          [
            383143.65,
            4789337.42
          ],
          [
            383170.32,
            4789310.76
          ],
          [
            383196.99,
            4789284.09
          ],
          [
            383223.67,
            4789257.43
          ],
          [
            383223.67,
            4789230.77
          ],
          [
            383223.67,
            4789204.1
          ],
          [
            383223.67,
            4789177.44
          ],
          [
            383223.67,
            4789150.78
          ],
          [
            383223.67,
            4789124.11
          ]
        ]
      },
      "properties": {
        "segment_id": 46,
        "step": 46,
        "length_m": 375.22,
        "elevation_start": 106.3,
        "elevation_end": 65.55,
        "slope_percent": 10.86,
        "cost_usd": 450261.56,
        "cost_per_m": 800.0,
        "cumulative_cost": 21276313.63,
        "cumulative_distance_m": 17841.07,
        "land_cover_class": 40,
        "land_cover_name": "cropland",
        "geohazard_risk": 0.0,
        "terrain_class": "hilly",
        "crs": "EPSG:32633"
      }
    },
    {
      "type": "Feature",
      "geometry": {
        "type": "LineString",
        "coordinates": [
          [
            383223.67,
            4789124.11
          ],
          [
            383223.67,
            4789097.45
          ],
          [
            383223.67,
            4789070.78
          ],
          [
            383223.67,
            4789044.12
          ],
          [
            383223.67,
            4789017.46
          ],
          [
            383223.67,
            4788990.79
          ],
          [
            383223.67,
            4788964.13
          ],
          [
            383223.67,
            4788937.46
          ],
          [
            383223.67,
            4788910.8
          ],
          [
            383223.67,
            4788884.14
          ],
          [
            383223.67,
            4788857.47
          ],
          [
            383223.67,
            4788830.81
          ],
          [
            383250.34,
            4788804.15
          ],
          [
            383277.01,
            4788777.48
          ]
        ]
      },
      "properties": {
        "segment_id": 47,
        "step": 47,
        "length_m": 368.73,
        "elevation_start": 65.55,
        "elevation_end": 73.14,
        "slope_percent": 2.06,
        "cost_usd": 442476.36,
        "cost_per_m": 800.0,
        "cumulative_cost": 21718790.0,
        "cumulative_distance_m": 18209.8,
        "land_cover_class": 40,
        "land_cover_name": "cropland",
        "geohazard_risk": 0.0,
        "terrain_class": "flat",
        "crs": "EPSG:32633"
      }
    },
    {
      "type": "Feature",
      "geometry": {
        "type": "LineString",
        "coordinates": [
          [
            383277.01,
            4788777.48
          ],
          [
            383303.68,
            4788750.82
          ],
          [
            383330.36,
            4788724.15
          ],
          [
            383357.03,
            4788697.49
          ],
          [
            383383.7,
            4788670.83
          ],
          [
            383410.37,
            4788644.16
          ],
          [
            383437.04,
            4788617.5
          ],
          [
            383463.72,
            4788590.84
          ],
          [
            383490.39,
            4788564.17
          ],
          [
            383517.06,
            4788537.51
          ],
          [
            383517.06,
            4788510.84
          ],
          [
            383517.06,
            4788484.18
          ]
        ]
      },
      "properties": {
        "segment_id": 48,
        "step": 48,
        "length_m": 392.76,
        "elevation_start": 73.14,
        "elevation_end": 86.91,
        "slope_percent": 3.51,
        "cost_usd": 471307.35,
        "cost_per_m": 800.0,
        "cumulative_cost": 22190097.35,
        "cumulative_distance_m": 18602.56,
        "land_cover_class": 40,
        "land_cover_name": "cropland",
        "geohazard_risk": 0.0,
        "terrain_class": "flat",
        "crs": "EPSG:32633"
      }
    },
    {
      "type": "Feature",
      "geometry": {
        "type": "LineString",
        "coordinates": [
          [
            383517.06,
            4788484.18
          ],
          [
            383517.06,
            4788457.52
          ],
          [
            383517.06,
            4788430.85
          ],
          [
            383517.06,
            4788404.19
          ],
          [
            383517.06,
            4788377.52
          ],
          [
            383517.06,
            4788350.86
          ],
          [
            383517.06,
            4788324.2
          ],
          [
            383517.06,
            4788297.53
          ],
          [
            383517.06,
            4788270.87
          ],
          [
            383517.06,
            4788244.21
          ],
          [
            383517.06,
            4788217.54
          ],
          [
            383517.06,
            4788190.88
          ],
          [
            383517.06,
            4788164.21
          ],
          [
            383517.06,
            4788137.55
          ],
          [
            383517.06,
            4788110.89
          ],
          [
            383517.06,
            4788084.22
          ]
        ]
      },
      "properties": {
        "segment_id": 49,
        "step": 49,
        "length_m": 399.96,
        "elevation_start": 86.91,
        "elevation_end": 133.98,
        "slope_percent": 11.77,
        "cost_usd": 479948.3,
        "cost_per_m": 800.0,
        "cumulative_cost": 22670045.65,
        "cumulative_distance_m": 19002.51,
        "land_cover_class": 40,
        "land_cover_name": "cropland",
        "geohazard_risk": 0.0,
        "terrain_class": "hilly",
        "crs": "EPSG:32633"
      }
    },
    {
      "type": "Feature",
      "geometry": {
        "type": "LineString",
        "coordinates": [
          [
            383517.06,
            4788084.22
          ],
          [
            383517.06,
            4788057.56
          ],
          [
            383517.06,
            4788030.9
          ],
          [
            383517.06,
            4788004.23
          ],
          [
            383517.06,
            4787977.57
          ],
          [
            383517.06,
            4787950.9
          ],
          [
            383517.06,
            4787924.24
          ],
          [
            383490.39,
            4787897.58
          ],
          [
            383463.72,
            4787870.91
          ],
          [
            383463.72,
            4787844.25
          ],
          [
            383490.39,
            4787817.59
          ],
          [
            383517.06,
            4787790.92
          ],
          [
            383517.06,
            4787764.26
          ],
          [
            383517.06,
            4787737.59
          ]
        ]
      },
      "properties": {
        "segment_id": 50,
        "step": 50,
        "length_m": 390.83,
        "elevation_start": 133.98,
        "elevation_end": 176.95,
        "slope_percent": 10.99,
        "cost_usd": 468997.53,
        "cost_per_m": 800.0,
        "cumulative_cost": 23139043.18,
        "cumulative_distance_m": 19393.34,
        "land_cover_class": 40,
        "land_cover_name": "cropland",
        "geohazard_risk": 0.0,
        "terrain_class": "hilly",
        "crs": "EPSG:32633"
      }
    },
    {
      "type": "Feature",
      "geometry": {
        "type": "LineString",
        "coordinates": [
          [
            383517.06,
            4787737.59
          ],
          [
            383517.06,
            4787710.93
          ],
          [
            383517.06,
            4787684.27
          ],
          [
            383517.06,
            4787657.6
          ],
          [
            383517.06,
            4787630.94
          ],
          [
            383517.06,
            4787604.27
          ],
          [
            383517.06,
            4787577.61
          ],
          [
            383543.73,
            4787550.95
          ],
          [
            383570.41,
            4787524.28
          ],
          [
            383597.08,
            4787497.62
          ],
          [
            383597.08,
            4787470.96
          ],
          [
            383623.75,
            4787444.29
          ],
          [
            383650.42,
            4787417.63
          ]
        ]
      },
      "properties": {
        "segment_id": 51,
        "step": 51,
        "length_m": 375.22,
        "elevation_start": 176.95,
        "elevation_end": 189.52,
        "slope_percent": 3.35,
        "cost_usd": 450261.56,
        "cost_per_m": 800.0,
        "cumulative_cost": 23589304.75,
        "cumulative_distance_m": 19768.56,
        "land_cover_class": 40,
        "land_cover_name": "cropland",
        "geohazard_risk": 0.0,
        "terrain_class": "flat",
        "crs": "EPSG:32633"
      }
    },
    {
      "type": "Feature",
      "geometry": {
        "type": "LineString",
        "coordinates": [
          [
            383650.42,
            4787417.63
          ],
          [
            383650.42,
            4787390.96
          ],
          [
            383677.09,
            4787364.3
          ],
          [
            383703.77,
            4787337.64
          ],
          [
            383730.44,
            4787310.97
          ],
          [
            383730.44,
            4787284.31
          ],
          [
            383730.44,
            4787257.65
          ],
          [
            383730.44,
            4787230.98
          ],
          [
            383730.44,
            4787204.32
          ],
          [
            383730.44,
            4787177.65
          ],
          [
            383757.11,
            4787150.99
          ],
          [
            383783.78,
            4787124.33
          ],
          [
            383810.46,
            4787097.66
          ]
        ]
      },
      "properties": {
        "segment_id": 52,
        "step": 52,
        "length_m": 386.27,
        "elevation_start": 189.52,
        "elevation_end": 144.45,
        "slope_percent": 11.67,
        "cost_usd": 463522.15,
        "cost_per_m": 800.0,
        "cumulative_cost": 24052826.89,
        "cumulative_distance_m": 20154.83,
        "land_cover_class": 40,
        "land_cover_name": "cropland",
        "geohazard_risk": 0.0,
        "terrain_class": "hilly",
        "crs": "EPSG:32633"
      }
    },
    {
      "type": "Feature",
      "geometry": {
        "type": "LineString",
        "coordinates": [
          [
            383810.46,
            4787097.66
          ],
          [
            383837.13,
            4787071.0
          ],
          [
            383863.8,
            4787044.34
          ],
          [
            383890.47,
            4787017.67
          ],
          [
            383890.47,
            4786991.01
          ],
          [
            383890.47,
            4786964.34
          ],
          [
            383863.8,
            4786937.68
          ],
          [
            383863.8,
            4786911.02
          ],
          [
            383863.8,
            4786884.35
          ],
          [
            383863.8,
            4786857.69
          ],
          [
            383890.47,
            4786831.02
          ],
          [
            383917.14,
            4786804.36
          ],
          [
            383943.82,
            4786777.7
          ]
        ]
      },
      "properties": {
        "segment_id": 53,
        "step": 53,
        "length_m": 397.32,
        "elevation_start": 144.45,
        "elevation_end": 100.66,
        "slope_percent": 11.02,
        "cost_usd": 476782.73,
        "cost_per_m": 800.0,
        "cumulative_cost": 24529609.63,
        "cumulative_distance_m": 20552.15,
        "land_cover_class": 40,
        "land_cover_name": "cropland",
        "geohazard_risk": 0.0,
        "terrain_class": "hilly",
        "crs": "EPSG:32633"
      }
    },
    {
      "type": "Feature",
      "geometry": {
        "type": "LineString",
        "coordinates": [
          [
            383943.82,
            4786777.7
          ],
          [
            383970.49,
            4786751.03
          ],
          [
            383997.16,
            4786724.37
          ],
          [
            384023.83,
            4786697.71
          ],
          [
            384050.51,
            4786671.04
          ],
          [
            384077.18,
            4786644.38
          ],
          [
            384103.85,
            4786617.71
          ],
          [
            384130.52,
            4786591.05
          ],
          [
            384157.2,
            4786564.39
          ],
          [
            384183.87,
            4786537.72
          ],
          [
            384210.54,
            4786537.72
          ],
          [
            384237.21,
            4786537.72
          ]
        ]
      },
      "properties": {
        "segment_id": 54,
        "step": 54,
        "length_m": 392.77,
        "elevation_start": 100.66,
        "elevation_end": 91.03,
        "slope_percent": 2.45,
        "cost_usd": 471327.65,
        "cost_per_m": 800.0,
        "cumulative_cost": 25000937.28,
        "cumulative_distance_m": 20944.92,
        "land_cover_class": 40,
        "land_cover_name": "cropland",
        "geohazard_risk": 0.0,
        "terrain_class": "flat",
        "crs": "EPSG:32633"
      }
    },
    {
      "type": "Feature",
      "geometry": {
        "type": "LineString",
        "coordinates": [
          [
            384237.21,
            4786537.72
          ],
          [
            384263.88,
            4786511.06
          ],
          [
            384290.56,
            4786484.4
          ],
          [
            384317.23,
            4786457.73
          ],
          [
            384343.9,
            4786431.07
          ],
          [
            384370.57,
            4786404.4
          ],
          [
            384397.25,
            4786377.74
          ],
          [
            384423.92,
            4786351.08
          ],
          [
            384450.59,
            4786324.41
          ],
          [
            384477.26,
            4786297.75
          ],
          [
            384503.93,
            4786297.75
          ]
        ]
      },
      "properties": {
        "segment_id": 55,
        "step": 55,
        "length_m": 366.1,
        "elevation_start": 91.03,
        "elevation_end": 82.16,
        "slope_percent": 2.42,
        "cost_usd": 527185.14,
        "cost_per_m": 800.0,
        "cumulative_cost": 25528122.41,
        "cumulative_distance_m": 21311.02,
        "land_cover_class": 10,
        "land_cover_name": "tree_cover",
        "geohazard_risk": 0.0,
        "terrain_class": "flat",
        "crs": "EPSG:32633"
      }
    },
    {
      "type": "Feature",
      "geometry": {
        "type": "LineString",
        "coordinates": [
          [
            384503.93,
            4786297.75
          ],
          [
            384530.61,
            4786271.09
          ],
          [
            384557.28,
            4786244.42
          ],
          [
            384583.95,
            4786217.76
          ],
          [
            384610.62,
            4786191.09
          ],
          [
            384637.3,
            4786164.43
          ],
          [
            384663.97,
            4786137.77
          ],
          [
            384690.64,
            4786111.1
          ],
          [
            384717.31,
            4786084.44
          ],
          [
            384743.98,
            4786057.77
          ],
          [
            384770.66,
            4786031.11
          ]
        ]
      },
      "properties": {
        "segment_id": 56,
        "step": 56,
        "length_m": 377.14,
        "elevation_start": 82.16,
        "elevation_end": 76.13,
        "slope_percent": 1.6,
        "cost_usd": 452571.38,
        "cost_per_m": 800.0,
        "cumulative_cost": 25980693.79,
        "cumulative_distance_m": 21688.17,
        "land_cover_class": 40,
        "land_cover_name": "cropland",
        "geohazard_risk": 0.0,
        "terrain_class": "flat",
        "crs": "EPSG:32633"
      }
    },
    {
      "type": "Feature",
      "geometry": {
        "type": "LineString",
        "coordinates": [
          [
            384770.66,
            4786031.11
          ],
          [
            384797.33,
            4786004.45
          ],
          [
            384797.33,
            4785977.78
          ],
          [
            384824.0,
            4785951.12
          ],
          [
            384850.67,
            4785924.46
          ],
          [
            384850.67,
            4785897.79
          ],
          [
            384850.67,
            4785871.13
          ],
          [
            384850.67,
            4785844.46
          ],
          [
            384850.67,
            4785817.8
          ],
          [
            384850.67,
            4785791.14
          ],
          [
            384850.67,
            4785764.47
          ],
          [
            384850.67,
            4785737.81
          ],
          [
            384850.67,
            4785711.15
          ],
          [
            384850.67,
            4785684.48
          ]
        ]
      },
      "properties": {
        "segment_id": 57,
        "step": 57,
        "length_m": 379.78,
        "elevation_start": 76.13,
        "elevation_end": 75.99,
        "slope_percent": 0.04,
        "cost_usd": 455736.95,
        "cost_per_m": 800.0,
        "cumulative_cost": 26436430.74,
        "cumulative_distance_m": 22067.95,
        "land_cover_class": 40,
        "land_cover_name": "cropland",
        "geohazard_risk": 0.0,
        "terrain_class": "flat",
        "crs": "EPSG:32633"
      }
    },
    {
      "type": "Feature",
      "geometry": {
        "type": "LineString",
        "coordinates": [
          [
            384850.67,
            4785684.48
          ],
          [
            384850.67,
            4785657.82
          ],
          [
            384850.67,
            4785631.15
          ],
          [
            384850.67,
            4785604.49
          ],
          [
            384850.67,
            4785577.83
          ],
          [
            384850.67,
            4785551.16
          ],
          [
            384850.67,
            4785524.5
          ],
          [
            384850.67,
            4785497.84
          ],
          [
            384850.67,
            4785471.17
          ],
          [
            384850.67,
            4785444.51
          ],
          [
            384850.67,
            4785417.84
          ],
          [
            384850.67,
            4785391.18
          ],
          [
            384850.67,
            4785364.52
          ],
          [
            384850.67,
            4785337.85
          ],
          [
            384850.67,
            4785311.19
          ],
          [
            384850.67,
            4785284.52
          ]
        ]
      },
      "properties": {
        "segment_id": 58,
        "step": 58,
        "length_m": 399.96,
        "elevation_start": 75.99,
        "elevation_end": 80.68,
        "slope_percent": 1.17,
        "cost_usd": 479948.3,
        "cost_per_m": 800.0,
        "cumulative_cost": 26916379.04,
        "cumulative_distance_m": 22467.9,
        "land_cover_class": 40,
        "land_cover_name": "cropland",
        "geohazard_risk": 0.0,
        "terrain_class": "flat",
        "crs": "EPSG:32633"
      }
    },
    {
      "type": "Feature",
      "geometry": {
        "type": "LineString",
        "coordinates": [
          [
            384850.67,
            4785284.52
          ],
          [
            384850.67,
            4785257.86
          ],
          [
            384850.67,
            4785231.2
          ],
          [
            384850.67,
            4785204.53
          ],
          [
            384850.67,
            4785177.87
          ],
          [
            384850.67,
            4785151.21
          ],
          [
            384824.0,
            4785124.54
          ],
          [
            384797.33,
            4785097.88
          ],
          [
            384770.66,
            4785071.21
          ],
          [
            384770.66,
            4785044.55
          ],
          [
            384770.66,
            4785017.89
          ],
          [
            384770.66,
            4784991.22
          ],
          [
            384770.66,
            4784964.56
          ],
          [
            384770.66,
            4784937.9
          ]
        ]
      },
      "properties": {
        "segment_id": 59,
        "step": 59,
        "length_m": 379.78,
        "elevation_start": 80.68,
        "elevation_end": 90.41,
        "slope_percent": 2.56,
        "cost_usd": 455736.95,
        "cost_per_m": 800.0,
        "cumulative_cost": 27372115.99,
        "cumulative_distance_m": 22847.69,
        "land_cover_class": 40,
        "land_cover_name": "cropland",
        "geohazard_risk": 0.0,
        "terrain_class": "flat",
        "crs": "EPSG:32633"
      }
    },
    {
      "type": "Feature",
      "geometry": {
        "type": "LineString",
        "coordinates": [
          [
            384770.66,
            4784937.9
          ],
          [
            384770.66,
            4784911.23
          ],
          [
            384770.66,
            4784884.57
          ],
          [
            384770.66,
            4784857.9
          ],
          [
            384770.66,
            4784831.24
          ],
          [
            384770.66,
            4784804.58
          ],
          [
            384770.66,
            4784777.91
          ],
          [
            384770.66,
            4784751.25
          ],
          [
            384770.66,
            4784724.59
          ],
          [
            384770.66,
            4784697.92
          ],
          [
            384770.66,
            4784671.26
          ],
          [
            384770.66,
            4784644.59
          ],
          [
            384770.66,
            4784617.93
          ],
          [
            384770.66,
            4784591.27
          ],
          [
            384743.98,
            4784564.6
          ]
        ]
      },
      "properties": {
        "segment_id": 60,
        "step": 60,
        "length_m": 384.34,
        "elevation_start": 90.41,
        "elevation_end": 65.53,
        "slope_percent": 6.47,
        "cost_usd": 553454.8,
        "cost_per_m": 800.0,
        "cumulative_cost": 27925570.79,
        "cumulative_distance_m": 23232.03,
        "land_cover_class": 10,
        "land_cover_name": "tree_cover",
        "geohazard_risk": 0.0,
        "terrain_class": "rolling",
        "crs": "EPSG:32633"
      }
    },
    {
      "type": "Feature",
      "geometry": {
        "type": "LineString",
        "coordinates": [
          [
            384743.98,
            4784564.6
          ],
          [
            384743.98,
            4784537.94
          ],
          [
            384743.98,
            4784511.27
          ],
          [
            384743.98,
            4784484.61
          ],
          [
            384743.98,
            4784457.95
          ],
          [
            384743.98,
            4784431.28
          ],
          [
            384743.98,
            4784404.62
          ],
          [
            384743.98,
            4784377.96
          ],
          [
            384743.98,
            4784351.29
          ],
          [
            384743.98,
            4784324.63
          ],
          [
            384743.98,
            4784297.96
          ],
          [
            384743.98,
            4784271.3
          ],
          [
            384770.66,
            4784244.64
          ],
          [
            384797.33,
            4784217.97
          ]
        ]
      },
      "properties": {
        "segment_id": 61,
        "step": 61,
        "length_m": 368.73,
        "elevation_start": 65.53,
        "elevation_end": 94.11,
        "slope_percent": 7.75,
        "cost_usd": 442476.36,
        "cost_per_m": 800.0,
        "cumulative_cost": 28368047.15,
        "cumulative_distance_m": 23600.76,
        "land_cover_class": 40,
        "land_cover_name": "cropland",
        "geohazard_risk": 0.0,
        "terrain_class": "rolling",
        "crs": "EPSG:32633"
      }
    },
    {
      "type": "Feature",
      "geometry": {
        "type": "LineString",
        "coordinates": [
          [
            384797.33,
            4784217.97
          ],
          [
            384824.0,
            4784191.31
          ],
          [
            384850.67,
            4784164.65
          ],
          [
            384877.35,
            4784137.98
          ],
          [
            384904.02,
            4784111.32
          ],
          [
            384930.69,
            4784084.65
          ],
          [
            384957.36,
            4784057.99
          ],
          [
            384984.03,
            4784031.33
          ],
          [
            385010.71,
            4784004.66
          ],
          [
            385037.38,
            4783978.0
          ],
          [
            385064.05,
            4783978.0
          ],
          [
            385090.72,
            4783978.0
          ]
        ]
      },
      "properties": {
        "segment_id": 62,
        "step": 62,
        "length_m": 392.77,
        "elevation_start": 94.11,
        "elevation_end": 133.93,
        "slope_percent": 10.14,
        "cost_usd": 471327.65,
        "cost_per_m": 800.0,
        "cumulative_cost": 28839374.8,
        "cumulative_distance_m": 23993.53,
        "land_cover_class": 40,
        "land_cover_name": "cropland",
        "geohazard_risk": 0.0,
        "terrain_class": "hilly",
        "crs": "EPSG:32633"
      }
    },
    {
      "type": "Feature",
      "geometry": {
        "type": "LineString",
        "coordinates": [
          [
            385090.72,
            4783978.0
          ],
          [
            385117.4,
            4783978.0
          ],
          [
            385144.07,
            4783951.34
          ],
          [
            385170.74,
            4783924.67
          ],
          [
            385197.41,
            4783898.01
          ],
          [
            385224.09,
            4783871.34
          ],
          [
            385224.09,
            4783844.68
          ],
          [
            385224.09,
            4783818.02
          ],
          [
            385224.09,
            4783791.35
          ],
          [
            385224.09,
            4783764.69
          ],
          [
            385224.09,
            4783738.02
          ],
          [
            385224.09,
            4783711.36
          ],
          [
            385224.09,
            4783684.7
          ],
          [
            385224.09,
            4783658.03
          ]
        ]
      },
      "properties": {
        "segment_id": 63,
        "step": 63,
        "length_m": 390.84,
        "elevation_start": 133.93,
        "elevation_end": 149.39,
        "slope_percent": 3.96,
        "cost_usd": 844213.83,
        "cost_per_m": 800.0,
        "cumulative_cost": 29683588.63,
        "cumulative_distance_m": 24384.37,
        "land_cover_class": 50,
        "land_cover_name": "built_up",
        "geohazard_risk": 0.0,
        "terrain_class": "flat",
        "crs": "EPSG:32633"
      }
    },
    {
      "type": "Feature",
      "geometry": {
        "type": "LineString",
        "coordinates": [
          [
            385224.09,
            4783658.03
          ],
          [
            385250.76,
            4783631.37
          ],
          [
            385250.76,
            4783604.71
          ],
          [
            385250.76,
            4783578.04
          ],
          [
            385250.76,
            4783551.38
          ],
          [
            385250.76,
            4783524.71
          ],
          [
            385250.76,
            4783498.05
          ],
          [
            385250.76,
            4783471.39
          ],
          [
            385250.76,
            4783444.72
          ],
          [
            385250.76,
            4783418.06
          ],
          [
            385250.76,
            4783391.4
          ],
          [
            385277.43,
            4783364.73
          ],
          [
            385304.1,
            4783338.07
          ],
          [
            385330.77,
            4783338.07
          ]
        ]
      },
      "properties": {
        "segment_id": 64,
        "step": 64,
        "length_m": 379.79,
        "elevation_start": 149.39,
        "elevation_end": 120.33,
        "slope_percent": 7.65,
        "cost_usd": 455747.1,
        "cost_per_m": 800.0,
        "cumulative_cost": 30139335.73,
        "cumulative_distance_m": 24764.16,
        "land_cover_class": 40,
        "land_cover_name": "cropland",
        "geohazard_risk": 0.0,
        "terrain_class": "rolling",
        "crs": "EPSG:32633"
      }
    },
    {
      "type": "Feature",
      "geometry": {
        "type": "LineString",
        "coordinates": [
          [
            385330.77,
            4783338.07
          ],
          [
            385357.45,
            4783311.4
          ],
          [
            385384.12,
            4783284.74
          ],
          [
            385410.79,
            4783258.08
          ],
          [
            385437.46,
            4783231.41
          ],
          [
            385437.46,
            4783204.75
          ],
          [
            385437.46,
            4783178.09
          ],
          [
            385437.46,
            4783151.42
          ],
          [
            385437.46,
            4783124.76
          ],
          [
            385437.46,
            4783098.09
          ],
          [
            385437.46,
            4783071.43
          ],
          [
            385437.46,
            4783044.77
          ],
          [
            385437.46,
            4783018.1
          ],
          [
            385437.46,
            4782991.44
          ]
        ]
      },
      "properties": {
        "segment_id": 65,
        "step": 65,
        "length_m": 390.83,
        "elevation_start": 120.33,
        "elevation_end": 80.77,
        "slope_percent": 10.12,
        "cost_usd": 468997.53,
        "cost_per_m": 800.0,
        "cumulative_cost": 30608333.27,
        "cumulative_distance_m": 25154.99,
        "land_cover_class": 40,
        "land_cover_name": "cropland",
        "geohazard_risk": 0.0,
        "terrain_class": "hilly",
        "crs": "EPSG:32633"
      }
    },
    {
      "type": "Feature",
      "geometry": {
        "type": "LineString",
        "coordinates": [
          [
            385437.46,
            4782991.44
          ],
          [
            385437.46,
            4782964.77
          ],
          [
            385437.46,
            4782938.11
          ],
          [
            385437.46,
            4782911.45
          ],
          [
            385437.46,
            4782884.78
          ],
          [
            385437.46,
            4782858.12
          ],
          [
            385437.46,
            4782831.46
          ],
          [
            385437.46,
            4782804.79
          ],
          [
            385437.46,
            4782778.13
          ],
          [
            385410.79,
            4782751.46
          ],
          [
            385384.12,
            4782724.8
          ],
          [
            385384.12,
            4782698.14
          ],
          [
            385357.45,
            4782671.47
          ],
          [
            385330.77,
            4782644.81
          ]
        ]
      },
      "properties": {
        "segment_id": 66,
        "step": 66,
        "length_m": 390.83,
        "elevation_start": 80.77,
        "elevation_end": 76.48,
        "slope_percent": 1.1,
        "cost_usd": 468997.53,
        "cost_per_m": 800.0,
        "cumulative_cost": 31077330.8,
        "cumulative_distance_m": 25545.82,
        "land_cover_class": 40,
        "land_cover_name": "cropland",
        "geohazard_risk": 0.0,
        "terrain_class": "flat",
        "crs": "EPSG:32633"
      }
    },
    {
      "type": "Feature",
      "geometry": {
        "type": "LineString",
        "coordinates": [
          [
            385330.77,
            4782644.81
          ],
          [
            385304.1,
            4782618.15
          ],
          [
            385277.43,
            4782591.48
          ],
          [
            385277.43,
            4782564.82
          ],
          [
            385277.43,
            4782538.15
          ],
          [
            385277.43,
            4782511.49
          ],
          [
            385277.43,
            4782484.83
          ],
          [
            385277.43,
            4782458.16
          ],
          [
            385277.43,
            4782431.5
          ],
          [
            385304.1,
            4782404.84
          ],
          [
            385304.1,
            4782378.17
          ],
          [
            385304.1,
            4782351.51
          ],
          [
            385304.1,
            4782324.84
          ],
          [
            385304.1,
            4782298.18
          ]
        ]
      },
      "properties": {
        "segment_id": 67,
        "step": 67,
        "length_m": 379.78,
        "elevation_start": 76.48,
        "elevation_end": 77.54,
        "slope_percent": 0.28,
        "cost_usd": 546884.34,
        "cost_per_m": 800.0,
        "cumulative_cost": 31624215.14,
        "cumulative_distance_m": 25925.6,
        "land_cover_class": 10,
        "land_cover_name": "tree_cover",
        "geohazard_risk": 0.0,
        "terrain_class": "flat",
        "crs": "EPSG:32633"
      }
    },
    {
      "type": "Feature",
      "geometry": {
        "type": "LineString",
        "coordinates": [
          [
            385304.1,
            4782298.18
          ],
          [
            385304.1,
            4782271.52
          ],
          [
            385304.1,
            4782244.85
          ],
          [
            385330.77,
            4782218.19
          ],
          [
            385357.45,
            4782191.52
          ],
          [
            385384.12,
            4782164.86
          ],
          [
            385410.79,
            4782138.2
          ],
          [
            385437.46,
            4782111.53
          ],
          [
            385464.14,
            4782084.87
          ],
          [
            385490.81,
            4782058.21
          ],
          [
            385490.81,
            4782031.54
          ],
          [
            385517.48,
            4782004.88
          ]
        ]
      },
      "properties": {
        "segment_id": 68,
        "step": 68,
        "length_m": 381.71,
        "elevation_start": 77.54,
        "elevation_end": 82.79,
        "slope_percent": 1.38,
        "cost_usd": 549656.12,
        "cost_per_m": 800.0,
        "cumulative_cost": 32173871.25,
        "cumulative_distance_m": 26307.31,
        "land_cover_class": 10,
        "land_cover_name": "tree_cover",
        "geohazard_risk": 0.0,
        "terrain_class": "flat",
        "crs": "EPSG:32633"
      }
    },
    {
      "type": "Feature",
      "geometry": {
        "type": "LineString",
        "coordinates": [
          [
            385517.48,
            4782004.88
          ],
          [
            385544.15,
            4781978.21
          ],
          [
            385570.82,
            4781951.55
          ],
          [
            385597.5,
            4781924.89
          ],
          [
            385624.17,
            4781898.22
          ],
          [
            385650.84,
            4781871.56
          ],
          [
            385650.84,
            4781844.9
          ],
          [
            385650.84,
            4781818.23
          ],
          [
            385650.84,
            4781791.57
          ],
          [
            385650.84,
            4781764.9
          ],
          [
            385677.51,
            4781738.24
          ],
          [
            385704.19,
            4781711.58
          ],
          [
            385704.19,
            4781684.91
          ]
        ]
      },
      "properties": {
        "segment_id": 69,
        "step": 69,
        "length_m": 397.32,
        "elevation_start": 82.79,
        "elevation_end": 87.02,
        "slope_percent": 1.07,
        "cost_usd": 476782.73,
        "cost_per_m": 800.0,
        "cumulative_cost": 32650653.99,
        "cumulative_distance_m": 26704.63,
        "land_cover_class": 40,
        "land_cover_name": "cropland",
        "geohazard_risk": 0.0,
        "terrain_class": "flat",
        "crs": "EPSG:32633"
      }
    },
    {
      "type": "Feature",
      "geometry": {
        "type": "LineString",
        "coordinates": [
          [
            385704.19,
            4781684.91
          ],
          [
            385704.19,
            4781658.25
          ],
          [
            385730.86,
            4781631.58
          ],
          [
            385757.53,
            4781604.92
          ],
          [
            385784.2,
            4781578.26
          ],
          [
            385810.87,
            4781551.59
          ],
          [
            385837.55,
            4781524.93
          ],
          [
            385864.22,
            4781498.27
          ],
          [
            385864.22,
            4781471.6
          ],
          [
            385890.89,
            4781444.94
          ],
          [
            385917.56,
            4781418.27
          ],
          [
            385917.56,
            4781391.61
          ]
        ]
      },
      "properties": {
        "segment_id": 70,
        "step": 70,
        "length_m": 381.71,
        "elevation_start": 87.02,
        "elevation_end": 89.28,
        "slope_percent": 0.59,
        "cost_usd": 458046.76,
        "cost_per_m": 800.0,
        "cumulative_cost": 33108700.75,
        "cumulative_distance_m": 27086.33,
        "land_cover_class": 40,
        "land_cover_name": "cropland",
        "geohazard_risk": 0.0,
        "terrain_class": "flat",
        "crs": "EPSG:32633"
      }
    },
    {
      "type": "Feature",
      "geometry": {
        "type": "LineString",
        "coordinates": [
          [
            385917.56,
            4781391.61
          ],
          [
            385917.56,
            4781364.95
          ],
          [
            385917.56,
            4781338.28
          ],
          [
            385917.56,
            4781311.62
          ],
          [
            385917.56,
            4781284.96
          ],
          [
            385944.24,
            4781258.29
          ],
          [
            385944.24,
            4781231.63
          ],
          [
            385944.24,
            4781204.96
          ],
          [
            385970.91,
            4781178.3
          ],
          [
            385970.91,
            4781151.64
          ],
          [
            385970.91,
            4781124.97
          ],
          [
            385970.91,
            4781098.31
          ],
          [
            385970.91,
            4781071.65
          ],
          [
            385970.91,
            4781044.98
          ]
        ]
      },
      "properties": {
        "segment_id": 71,
        "step": 71,
        "length_m": 368.73,
        "elevation_start": 89.28,
        "elevation_end": 100.12,
        "slope_percent": 2.94,
        "cost_usd": 530971.64,
        "cost_per_m": 800.0,
        "cumulative_cost": 33639672.39,
        "cumulative_distance_m": 27455.07,
        "land_cover_class": 10,
        "land_cover_name": "tree_cover",
        "geohazard_risk": 0.0,
        "terrain_class": "flat",
        "crs": "EPSG:32633"
      }
    },
    {
      "type": "Feature",
      "geometry": {
        "type": "LineString",
        "coordinates": [
          [
            385970.91,
            4781044.98
          ],
          [
            385997.58,
            4781018.32
          ],
          [
            386024.25,
            4780991.65
          ],
          [
            386024.25,
            4780964.99
          ],
          [
            386024.25,
            4780938.33
          ],
          [
            386050.92,
            4780911.66
          ],
          [
            386077.6,
            4780885.0
          ],
          [
            386104.27,
            4780858.33
          ],
          [
            386130.94,
            4780831.67
          ],
          [
            386130.94,
            4780805.01
          ],
          [
            386130.94,
            4780778.34
          ],
          [
            386130.94,
            4780751.68
          ],
          [
            386157.61,
            4780725.02
          ]
        ]
      },
      "properties": {
        "segment_id": 72,
        "step": 72,
        "length_m": 397.32,
        "elevation_start": 100.12,
        "elevation_end": 116.93,
        "slope_percent": 4.23,
        "cost_usd": 572139.28,
        "cost_per_m": 800.0,
        "cumulative_cost": 34211811.67,
        "cumulative_distance_m": 27852.38,
        "land_cover_class": 10,
        "land_cover_name": "tree_cover",
        "geohazard_risk": 0.0,
        "terrain_class": "flat",
        "crs": "EPSG:32633"
      }
    },
    {
      "type": "Feature",
      "geometry": {
        "type": "LineString",
        "coordinates": [
          [
            386157.61,
            4780725.02
          ],
          [
            386184.29,
            4780698.35
          ],
          [
            386210.96,
            4780671.69
          ],
          [
            386237.63,
            4780645.02
          ],
          [
            386264.3,
            4780618.36
          ],
          [
            386290.98,
            4780591.7
          ],
          [
            386317.65,
            4780565.03
          ],
          [
            386344.32,
            4780538.37
          ],
          [
            386370.99,
            4780511.71
          ],
          [
            386397.66,
            4780485.04
          ],
          [
            386424.34,
            4780458.38
          ]
        ]
      },
      "properties": {
        "segment_id": 73,
        "step": 73,
        "length_m": 377.14,
        "elevation_start": 116.93,
        "elevation_end": 117.89,
        "slope_percent": 0.25,
        "cost_usd": 452571.38,
        "cost_per_m": 800.0,
        "cumulative_cost": 34664383.05,
        "cumulative_distance_m": 28229.53,
        "land_cover_class": 40,
        "land_cover_name": "cropland",
        "geohazard_risk": 0.0,
        "terrain_class": "flat",
        "crs": "EPSG:32633"
      }
    },
    {
      "type": "Feature",
      "geometry": {
        "type": "LineString",
        "coordinates": [
          [
            386424.34,
            4780458.38
          ],
          [
            386451.01,
            4780431.71
          ],
          [
            386477.68,
            4780405.05
          ],
          [
            386504.35,
            4780378.39
          ],
          [
            386531.03,
            4780351.72
          ],
          [
            386557.7,
            4780325.06
          ],
          [
            386584.37,
            4780298.4
          ],
          [
            386584.37,
            4780271.73
          ],
          [
            386584.37,
            4780245.07
          ],
          [
            386584.37,
            4780218.4
          ],
          [
            386584.37,
            4780191.74
          ],
          [
            386584.37,
            4780165.08
          ],
          [
            386584.37,
            4780138.41
          ]
        ]
      },
      "properties": {
        "segment_id": 74,
        "step": 74,
        "length_m": 386.27,
        "elevation_start": 117.89,
        "elevation_end": 162.31,
        "slope_percent": 11.5,
        "cost_usd": 463522.15,
        "cost_per_m": 800.0,
        "cumulative_cost": 35127905.2,
        "cumulative_distance_m": 28615.8,
        "land_cover_class": 40,
        "land_cover_name": "cropland",
        "geohazard_risk": 0.0,
        "terrain_class": "hilly",
        "crs": "EPSG:32633"
      }
    },
    {
      "type": "Feature",
      "geometry": {
        "type": "LineString",
        "coordinates": [
          [
            386584.37,
            4780138.41
          ],
          [
            386584.37,
            4780111.75
          ],
          [
            386584.37,
            4780085.08
          ],
          [
            386584.37,
            4780058.42
          ],
          [
            386611.04,
            4780031.76
          ],
          [
            386637.71,
            4780005.09
          ],
          [
            386664.39,
            4779978.43
          ],
          [
            386691.06,
            4779951.77
          ],
          [
            386717.73,
            4779925.1
          ],
          [
            386744.4,
            4779925.1
          ],
          [
            386771.08,
            4779925.1
          ],
          [
            386797.75,
            4779925.1
          ],
          [
            386824.42,
            4779925.1
          ]
        ]
      },
      "properties": {
        "segment_id": 75,
        "step": 75,
        "length_m": 375.25,
        "elevation_start": 162.31,
        "elevation_end": 223.38,
        "slope_percent": 16.28,
        "cost_usd": 396265.91,
        "cost_per_m": 800.0,
        "cumulative_cost": 35524171.1,
        "cumulative_distance_m": 28991.05,
        "land_cover_class": 30,
        "land_cover_name": "grassland",
        "geohazard_risk": 0.0,
        "terrain_class": "mountainous",
        "crs": "EPSG:32633"
      }
    },
    {
      "type": "Feature",
      "geometry": {
        "type": "LineString",
        "coordinates": [
          [
            386824.42,
            4779925.1
          ],
          [
            386851.09,
            4779898.44
          ],
          [
            386877.76,
            4779871.77
          ],
          [
            386904.44,
            4779845.11
          ],
          [
            386931.11,
            4779818.45
          ],
          [
            386957.78,
            4779791.78
          ],
          [
            386984.45,
            4779765.12
          ],
          [
            387011.13,
            4779738.46
          ],
          [
            387037.8,
            4779738.46
          ],
          [
            387064.47,
            4779738.46
          ],
          [
            387091.14,
            4779711.79
          ],
          [
            387117.82,
            4779685.13
          ]
        ]
      },
      "properties": {
        "segment_id": 76,
        "step": 76,
        "length_m": 392.77,
        "elevation_start": 223.38,
        "elevation_end": 237.26,
        "slope_percent": 3.53,
        "cost_usd": 471327.65,
        "cost_per_m": 800.0,
        "cumulative_cost": 35995498.75,
        "cumulative_distance_m": 29383.82,
        "land_cover_class": 40,
        "land_cover_name": "cropland",
        "geohazard_risk": 0.0,
        "terrain_class": "flat",
        "crs": "EPSG:32633"
      }
    },
    {
      "type": "Feature",
      "geometry": {
        "type": "LineString",
        "coordinates": [
          [
            387117.82,
            4779685.13
          ],
          [
            387144.49,
            4779658.46
          ],
          [
            387171.16,
            4779631.8
          ],
          [
            387197.83,
            4779605.14
          ],
          [
            387224.5,
            4779578.47
          ],
          [
            387251.18,
            4779551.81
          ],
          [
            387277.85,
            4779525.15
          ],
          [
            387304.52,
            4779498.48
          ],
          [
            387331.19,
            4779471.82
          ],
          [
            387357.87,
            4779445.15
          ],
          [
            387384.54,
            4779418.49
          ]
        ]
      },
      "properties": {
        "segment_id": 77,
        "step": 77,
        "length_m": 377.14,
        "elevation_start": 237.26,
        "elevation_end": 144.98,
        "slope_percent": 24.47,
        "cost_usd": 452571.38,
        "cost_per_m": 800.0,
        "cumulative_cost": 36448070.13,
        "cumulative_distance_m": 29760.96,
        "land_cover_class": 40,
        "land_cover_name": "cropland",
        "geohazard_risk": 0.0,
        "terrain_class": "steep",
        "crs": "EPSG:32633"
      }
    },
    {
      "type": "Feature",
      "geometry": {
        "type": "LineString",
        "coordinates": [
          [
            387384.54,
            4779418.49
          ],
          [
            387411.21,
            4779391.83
          ],
          [
            387437.88,
            4779365.16
          ],
          [
            387464.55,
            4779338.5
          ],
          [
            387491.23,
            4779311.83
          ],
          [
            387491.23,
            4779285.17
          ],
          [
            387491.23,
            4779258.51
          ],
          [
            387491.23,
            4779231.84
          ],
          [
            387491.23,
            4779205.18
          ],
          [
            387491.23,
            4779178.52
          ],
          [
            387491.23,
            4779151.85
          ],
          [
            387491.23,
            4779125.19
          ],
          [
            387491.23,
            4779098.52
          ],
          [
            387491.23,
            4779071.86
          ]
        ]
      },
      "properties": {
        "segment_id": 78,
        "step": 78,
        "length_m": 390.83,
        "elevation_start": 144.98,
        "elevation_end": 125.63,
        "slope_percent": 4.95,
        "cost_usd": 468997.53,
        "cost_per_m": 800.0,
        "cumulative_cost": 36917067.67,
        "cumulative_distance_m": 30151.79,
        "land_cover_class": 40,
        "land_cover_name": "cropland",
        "geohazard_risk": 0.0,
        "terrain_class": "flat",
        "crs": "EPSG:32633"
      }
    },
    {
      "type": "Feature",
      "geometry": {
        "type": "LineString",
        "coordinates": [
          [
            387491.23,
            4779071.86
          ],
          [
            387491.23,
            4779045.2
          ],
          [
            387491.23,
            4779018.53
          ],
          [
            387517.9,
            4778991.87
          ],
          [
            387544.57,
            4778965.21
          ],
          [
            387544.57,
            4778938.54
          ],
          [
            387571.24,
            4778911.88
          ],
          [
            387597.92,
            4778885.21
          ],
          [
            387624.59,
            4778858.55
          ],
          [
            387651.26,
            4778831.89
          ],
          [
            387677.93,
            4778831.89
          ],
          [
            387704.6,
            4778831.89
          ],
          [
            387731.28,
            4778831.89
          ]
        ]
      },
      "properties": {
        "segment_id": 79,
        "step": 79,
        "length_m": 386.29,
        "elevation_start": 125.63,
        "elevation_end": 124.44,
        "slope_percent": 0.31,
        "cost_usd": 463552.6,
        "cost_per_m": 800.0,
        "cumulative_cost": 37380620.27,
        "cumulative_distance_m": 30538.09,
        "land_cover_class": 40,
        "land_cover_name": "cropland",
        "geohazard_risk": 0.0,
        "terrain_class": "flat",
        "crs": "EPSG:32633"
      }
    },
    {
      "type": "Feature",
      "geometry": {
        "type": "LineString",
        "coordinates": [
          [
            387731.28,
            4778831.89
          ],
          [
            387757.95,
            4778805.22
          ],
          [
            387784.62,
            4778778.56
          ],
          [
            387811.29,
            4778751.9
          ],
          [
            387837.97,
            4778725.23
          ],
          [
            387864.64,
            4778698.57
          ],
          [
            387891.31,
            4778671.9
          ],
          [
            387917.98,
            4778671.9
          ],
          [
            387944.65,
            4778671.9
          ],
          [
            387971.33,
            4778671.9
          ],
          [
            387998.0,
            4778671.9
          ],
          [
            388024.67,
            4778645.24
          ]
        ]
      },
      "properties": {
        "segment_id": 80,
        "step": 80,
        "length_m": 370.69,
        "elevation_start": 124.44,
        "elevation_end": 121.12,
        "slope_percent": 0.89,
        "cost_usd": 391447.57,
        "cost_per_m": 800.0,
        "cumulative_cost": 37772067.84,
        "cumulative_distance_m": 30908.78,
        "land_cover_class": 30,
        "land_cover_name": "grassland",
        "geohazard_risk": 0.0,
        "terrain_class": "flat",
        "crs": "EPSG:32633"
      }
    },
    {
      "type": "Feature",
      "geometry": {
        "type": "LineString",
        "coordinates": [
          [
            388024.67,
            4778645.24
          ],
          [
            388051.34,
            4778618.58
          ],
          [
            388078.02,
            4778591.91
          ],
          [
            388104.69,
            4778565.25
          ],
          [
            388131.36,
            4778538.58
          ],
          [
            388131.36,
            4778511.92
          ],
          [
            388158.03,
            4778485.26
          ],
          [
            388184.71,
            4778458.59
          ],
          [
            388211.38,
            4778431.93
          ],
          [
            388238.05,
            4778405.27
          ],
          [
            388264.72,
            4778378.6
          ],
          [
            388264.72,
            4778351.94
          ]
        ]
      },
      "properties": {
        "segment_id": 81,
        "step": 81,
        "length_m": 392.76,
        "elevation_start": 121.12,
        "elevation_end": 100.91,
        "slope_percent": 5.15,
        "cost_usd": 447741.98,
        "cost_per_m": 800.0,
        "cumulative_cost": 38219809.82,
        "cumulative_distance_m": 31301.53,
        "land_cover_class": 20,
        "land_cover_name": "shrubland",
        "geohazard_risk": 0.0,
        "terrain_class": "rolling",
        "crs": "EPSG:32633"
      }
    },
    {
      "type": "Feature",
      "geometry": {
        "type": "LineString",
        "coordinates": [
          [
            388264.72,
            4778351.94
          ],
          [
            388264.72,
            4778325.27
          ],
          [
            388264.72,
            4778298.61
          ],
          [
            388264.72,
            4778271.95
          ],
          [
            388264.72,
            4778245.28
          ],
          [
            388264.72,
            4778218.62
          ],
          [
            388291.39,
            4778191.96
          ],
          [
            388318.07,
            4778165.29
          ],
          [
            388344.74,
            4778138.63
          ],
          [
            388371.41,
            4778111.96
          ],
          [
            388398.08,
            4778085.3
          ],
          [
            388424.76,
            4778058.64
          ],
          [
            388451.43,
            4778031.97
          ]
        ]
      },
      "properties": {
        "segment_id": 82,
        "step": 82,
        "length_m": 397.32,
        "elevation_start": 100.91,
        "elevation_end": 98.84,
        "slope_percent": 0.52,
        "cost_usd": 476782.73,
        "cost_per_m": 800.0,
        "cumulative_cost": 38696592.55,
        "cumulative_distance_m": 31698.85,
        "land_cover_class": 40,
        "land_cover_name": "cropland",
        "geohazard_risk": 0.0,
        "terrain_class": "flat",
        "crs": "EPSG:32633"
      }
    },
    {
      "type": "Feature",
      "geometry": {
        "type": "LineString",
        "coordinates": [
          [
            388451.43,
            4778031.97
          ],
          [
            388478.1,
            4778005.31
          ],
          [
            388504.77,
            4777978.65
          ],
          [
            388531.44,
            4777951.98
          ],
          [
            388558.12,
            4777925.32
          ],
          [
            388584.79,
            4777898.65
          ],
          [
            388611.46,
            4777871.99
          ],
          [
            388638.13,
            4777845.33
          ],
          [
            388664.81,
            4777818.66
          ],
          [
            388691.48,
            4777792.0
          ],
          [
            388718.15,
            4777765.33
          ]
        ]
      },
      "properties": {
        "segment_id": 83,
        "step": 83,
        "length_m": 377.14,
        "elevation_start": 98.84,
        "elevation_end": 102.18,
        "slope_percent": 0.89,
        "cost_usd": 452571.38,
        "cost_per_m": 800.0,
        "cumulative_cost": 39149163.93,
        "cumulative_distance_m": 32075.99,
        "land_cover_class": 40,
        "land_cover_name": "cropland",
        "geohazard_risk": 0.0,
        "terrain_class": "flat",
        "crs": "EPSG:32633"
      }
    },
    {
      "type": "Feature",
      "geometry": {
        "type": "LineString",
        "coordinates": [
          [
            388718.15,
            4777765.33
          ],
          [
            388744.82,
            4777738.67
          ],
          [
            388771.49,
            4777712.01
          ],
          [
            388798.17,
            4777685.34
          ],
          [
            388824.84,
            4777658.68
          ],
          [
            388824.84,
            4777632.02
          ],
          [
            388824.84,
            4777605.35
          ],
          [
            388824.84,
            4777578.69
          ],
          [
            388824.84,
            4777552.02
          ],
          [
            388824.84,
            4777525.36
          ],
          [
            388824.84,
            4777498.7
          ],
          [
            388851.51,
            4777472.03
          ],
          [
            388878.18,
            4777445.37
          ]
        ]
      },
      "properties": {
        "segment_id": 84,
        "step": 84,
        "length_m": 386.27,
        "elevation_start": 102.18,
        "elevation_end": 106.15,
        "slope_percent": 1.03,
        "cost_usd": 463522.15,
        "cost_per_m": 800.0,
        "cumulative_cost": 39612686.08,
        "cumulative_distance_m": 32462.26,
        "land_cover_class": 40,
        "land_cover_name": "cropland",
        "geohazard_risk": 0.0,
        "terrain_class": "flat",
        "crs": "EPSG:32633"
      }
    },
    {
      "type": "Feature",
      "geometry": {
        "type": "LineString",
        "coordinates": [
          [
            388878.18,
            4777445.37
          ],
          [
            388904.86,
            4777418.71
          ],
          [
            388931.53,
            4777392.04
          ],
          [
            388958.2,
            4777365.38
          ],
          [
            388984.87,
            4777338.71
          ],
          [
            389011.55,
            4777312.05
          ],
          [
            389011.55,
            4777285.39
          ],
          [
            389011.55,
            4777258.72
          ],
          [
            389038.22,
            4777232.06
          ],
          [
            389064.89,
            4777205.4
          ],
          [
            389091.56,
            4777178.73
          ],
          [
            389118.23,
            4777152.07
          ]
        ]
      },
      "properties": {
        "segment_id": 85,
        "step": 85,
        "length_m": 392.76,
        "elevation_start": 106.15,
        "elevation_end": 110.3,
        "slope_percent": 1.06,
        "cost_usd": 471307.35,
        "cost_per_m": 800.0,
        "cumulative_cost": 40083993.43,
        "cumulative_distance_m": 32855.02,
        "land_cover_class": 40,
        "land_cover_name": "cropland",
        "geohazard_risk": 0.0,
        "terrain_class": "flat",
        "crs": "EPSG:32633"
      }
    },
    {
      "type": "Feature",
      "geometry": {
        "type": "LineString",
        "coordinates": [
          [
            389118.23,
            4777152.07
          ],
          [
            389144.91,
            4777125.4
          ],
          [
            389171.58,
            4777098.74
          ],
          [
            389198.25,
            4777072.08
          ],
          [
            389224.92,
            4777045.41
          ],
          [
            389251.6,
            4777018.75
          ],
          [
            389278.27,
            4776992.08
          ],
          [
            389278.27,
            4776965.42
          ],
          [
            389304.94,
            4776938.76
          ],
          [
            389331.61,
            4776912.09
          ],
          [
            389358.28,
            4776885.43
          ]
        ]
      },
      "properties": {
        "segment_id": 86,
        "step": 86,
        "length_m": 366.09,
        "elevation_start": 110.3,
        "elevation_end": 161.04,
        "slope_percent": 13.86,
        "cost_usd": 386593.5,
        "cost_per_m": 800.0,
        "cumulative_cost": 40470586.93,
        "cumulative_distance_m": 33221.11,
        "land_cover_class": 30,
        "land_cover_name": "grassland",
        "geohazard_risk": 0.0,
        "terrain_class": "hilly",
        "crs": "EPSG:32633"
      }
    },
    {
      "type": "Feature",
      "geometry": {
        "type": "LineString",
        "coordinates": [
          [
            389358.28,
            4776885.43
          ],
          [
            389384.96,
            4776858.77
          ],
          [
            389411.63,
            4776832.1
          ],
          [
            389438.3,
            4776805.44
          ],
          [
            389438.3,
            4776778.77
          ],
          [
            389438.3,
            4776752.11
          ],
          [
            389438.3,
            4776725.45
          ],
          [
            389464.97,
            4776698.78
          ],
          [
            389491.65,
            4776672.12
          ],
          [
            389518.32,
            4776645.46
          ],
          [
            389544.99,
            4776618.79
          ],
          [
            389571.66,
            4776592.13
          ]
        ]
      },
      "properties": {
        "segment_id": 87,
        "step": 87,
        "length_m": 381.71,
        "elevation_start": 161.04,
        "elevation_end": 153.66,
        "slope_percent": 1.93,
        "cost_usd": 458046.76,
        "cost_per_m": 800.0,
        "cumulative_cost": 40928633.69,
        "cumulative_distance_m": 33602.82,
        "land_cover_class": 40,
        "land_cover_name": "cropland",
        "geohazard_risk": 0.0,
        "terrain_class": "flat",
        "crs": "EPSG:32633"
      }
    },
    {
      "type": "Feature",
      "geometry": {
        "type": "LineString",
        "coordinates": [
          [
            389571.66,
            4776592.13
          ],
          [
            389598.33,
            4776565.46
          ],
          [
            389625.01,
            4776538.8
          ],
          [
            389651.68,
            4776512.14
          ],
          [
            389678.35,
            4776512.14
          ],
          [
            389705.02,
            4776485.47
          ],
          [
            389731.7,
            4776458.81
          ],
          [
            389758.37,
            4776432.15
          ],
          [
            389785.04,
            4776405.48
          ],
          [
            389811.71,
            4776378.82
          ],
          [
            389838.38,
            4776352.15
          ]
        ]
      },
      "properties": {
        "segment_id": 88,
        "step": 88,
        "length_m": 366.1,
        "elevation_start": 153.66,
        "elevation_end": 119.99,
        "slope_percent": 9.2,
        "cost_usd": 386602.43,
        "cost_per_m": 800.0,
        "cumulative_cost": 41315236.12,
        "cumulative_distance_m": 33968.92,
        "land_cover_class": 30,
        "land_cover_name": "grassland",
        "geohazard_risk": 0.0,
        "terrain_class": "rolling",
        "crs": "EPSG:32633"
      }
    },
    {
      "type": "Feature",
      "geometry": {
        "type": "LineString",
        "coordinates": [
          [
            389838.38,
            4776352.15
          ],
          [
            389865.06,
            4776325.49
          ],
          [
            389891.73,
            4776298.83
          ],
          [
            389918.4,
            4776272.16
          ],
          [
            389945.07,
            4776245.5
          ],
          [
            389971.75,
            4776218.83
          ],
          [
            389971.75,
            4776192.17
          ],
          [
            389971.75,
            4776165.51
          ],
          [
            389971.75,
            4776138.84
          ],
          [
            389971.75,
            4776112.18
          ],
          [
            389998.42,
            4776085.52
          ],
          [
            390025.09,
            4776058.85
          ]
        ]
      },
      "properties": {
        "segment_id": 89,
        "step": 89,
        "length_m": 370.66,
        "elevation_start": 119.99,
        "elevation_end": 95.84,
        "slope_percent": 6.51,
        "cost_usd": 444786.18,
        "cost_per_m": 800.0,
        "cumulative_cost": 41760022.3,
        "cumulative_distance_m": 34339.57,
        "land_cover_class": 40,
        "land_cover_name": "cropland",
        "geohazard_risk": 0.0,
        "terrain_class": "rolling",
        "crs": "EPSG:32633"
      }
    },
    {
      "type": "Feature",
      "geometry": {
        "type": "LineString",
        "coordinates": [
          [
            390025.09,
            4776058.85
          ],
          [
            390051.76,
            4776032.19
          ],
          [
            390078.44,
            4776005.52
          ],
          [
            390105.11,
            4775978.86
          ],
          [
            390131.78,
            4775952.2
          ],
          [
            390158.45,
            4775925.53
          ],
          [
            390158.45,
            4775898.87
          ],
          [
            390158.45,
            4775872.21
          ],
          [
            390158.45,
            4775845.54
          ],
          [
            390158.45,
            4775818.88
          ],
          [
            390158.45,
            4775792.21
          ],
          [
            390158.45,
            4775765.55
          ],
          [
            390185.12,
            4775738.89
          ]
        ]
      },
      "properties": {
        "segment_id": 90,
        "step": 90,
        "length_m": 386.27,
        "elevation_start": 95.84,
        "elevation_end": 116.88,
        "slope_percent": 5.44,
        "cost_usd": 440346.04,
        "cost_per_m": 800.0,
        "cumulative_cost": 42200368.35,
        "cumulative_distance_m": 34725.84,
        "land_cover_class": 20,
        "land_cover_name": "shrubland",
        "geohazard_risk": 0.0,
        "terrain_class": "rolling",
        "crs": "EPSG:32633"
      }
    },
    {
      "type": "Feature",
      "geometry": {
        "type": "LineString",
        "coordinates": [
          [
            390185.12,
            4775738.89
          ],
          [
            390211.8,
            4775712.22
          ],
          [
            390238.47,
            4775685.56
          ],
          [
            390265.14,
            4775658.89
          ],
          [
            390291.81,
            4775632.23
          ],
          [
            390318.49,
            4775605.57
          ],
          [
            390345.16,
            4775578.9
          ],
          [
            390371.83,
            4775552.24
          ],
          [
            390398.5,
            4775525.58
          ],
          [
            390425.17,
            4775498.91
          ],
          [
            390451.85,
            4775498.91
          ]
        ]
      },
      "properties": {
        "segment_id": 91,
        "step": 91,
        "length_m": 366.1,
        "elevation_start": 116.88,
        "elevation_end": 101.97,
        "slope_percent": 4.07,
        "cost_usd": 386602.43,
        "cost_per_m": 800.0,
        "cumulative_cost": 42586970.78,
        "cumulative_distance_m": 35091.94,
        "land_cover_class": 30,
        "land_cover_name": "grassland",
        "geohazard_risk": 0.0,
        "terrain_class": "flat",
        "crs": "EPSG:32633"
      }
    },
    {
      "type": "Feature",
      "geometry": {
        "type": "LineString",
        "coordinates": [
          [
            390451.85,
            4775498.91
          ],
          [
            390478.52,
            4775472.25
          ],
          [
            390505.19,
            4775445.58
          ],
          [
            390531.86,
            4775418.92
          ],
          [
            390558.54,
            4775392.26
          ],
          [
            390585.21,
            4775365.59
          ],
          [
            390611.88,
            4775338.93
          ],
          [
            390638.55,
            4775312.27
          ],
          [
            390665.22,
            4775285.6
          ],
          [
            390691.9,
            4775258.94
          ],
          [
            390718.57,
            4775232.27
          ]
        ]
      },
      "properties": {
        "segment_id": 92,
        "step": 92,
        "length_m": 377.14,
        "elevation_start": 101.97,
        "elevation_end": 57.92,
        "slope_percent": 11.68,
        "cost_usd": 452571.38,
        "cost_per_m": 800.0,
        "cumulative_cost": 43039542.16,
        "cumulative_distance_m": 35469.09,
        "land_cover_class": 40,
        "land_cover_name": "cropland",
        "geohazard_risk": 0.0,
        "terrain_class": "hilly",
        "crs": "EPSG:32633"
      }
    },
    {
      "type": "Feature",
      "geometry": {
        "type": "LineString",
        "coordinates": [
          [
            390718.57,
            4775232.27
          ],
          [
            390745.24,
            4775205.61
          ],
          [
            390771.91,
            4775178.95
          ],
          [
            390798.59,
            4775152.28
          ],
          [
            390825.26,
            4775125.62
          ],
          [
            390851.93,
            4775125.62
          ],
          [
            390878.6,
            4775125.62
          ],
          [
            390905.28,
            4775125.62
          ],
          [
            390931.95,
            4775125.62
          ],
          [
            390958.62,
            4775098.96
          ],
          [
            390985.29,
            4775072.29
          ],
          [
            391011.96,
            4775045.63
          ],
          [
            391038.64,
            4775045.63
          ]
        ]
      },
      "properties": {
        "segment_id": 93,
        "step": 93,
        "length_m": 397.36,
        "elevation_start": 57.92,
        "elevation_end": 66.81,
        "slope_percent": 2.24,
        "cost_usd": 476833.49,
        "cost_per_m": 800.0,
        "cumulative_cost": 43516375.64,
        "cumulative_distance_m": 35866.45,
        "land_cover_class": 40,
        "land_cover_name": "cropland",
        "geohazard_risk": 0.0,
        "terrain_class": "flat",
        "crs": "EPSG:32633"
      }
    },
    {
      "type": "Feature",
      "geometry": {
        "type": "LineString",
        "coordinates": [
          [
            391038.64,
            4775045.63
          ],
          [
            391065.31,
            4775045.63
          ],
          [
            391091.98,
            4775018.96
          ],
          [
            391118.65,
            4774992.3
          ],
          [
            391145.33,
            4774965.64
          ],
          [
            391172.0,
            4774938.97
          ],
          [
            391198.67,
            4774912.31
          ],
          [
            391225.34,
            4774885.64
          ],
          [
            391252.01,
            4774858.98
          ],
          [
            391278.69,
            4774832.32
          ],
          [
            391305.36,
            4774805.65
          ]
        ]
      },
      "properties": {
        "segment_id": 94,
        "step": 94,
        "length_m": 366.1,
        "elevation_start": 66.81,
        "elevation_end": 78.45,
        "slope_percent": 3.18,
        "cost_usd": 439320.95,
        "cost_per_m": 800.0,
        "cumulative_cost": 43955696.59,
        "cumulative_distance_m": 36232.55,
        "land_cover_class": 40,
        "land_cover_name": "cropland",
        "geohazard_risk": 0.0,
        "terrain_class": "flat",
        "crs": "EPSG:32633"
      }
    },
    {
      "type": "Feature",
      "geometry": {
        "type": "LineString",
        "coordinates": [
          [
            391305.36,
            4774805.65
          ],
          [
            391332.03,
            4774778.99
          ],
          [
            391358.7,
            4774752.33
          ],
          [
            391358.7,
            4774725.66
          ],
          [
            391358.7,
            4774699.0
          ],
          [
            391358.7,
            4774672.33
          ],
          [
            391385.38,
            4774645.67
          ],
          [
            391412.05,
            4774619.01
          ],
          [
            391412.05,
            4774592.34
          ],
          [
            391412.05,
            4774565.68
          ],
          [
            391438.72,
            4774539.02
          ],
          [
            391465.39,
            4774512.35
          ],
          [
            391492.06,
            4774485.69
          ]
        ]
      },
      "properties": {
        "segment_id": 95,
        "step": 95,
        "length_m": 397.32,
        "elevation_start": 78.45,
        "elevation_end": 89.93,
        "slope_percent": 2.89,
        "cost_usd": 419568.81,
        "cost_per_m": 800.0,
        "cumulative_cost": 44375265.4,
        "cumulative_distance_m": 36629.87,
        "land_cover_class": 30,
        "land_cover_name": "grassland",
        "geohazard_risk": 0.0,
        "terrain_class": "flat",
        "crs": "EPSG:32633"
      }
    },
    {
      "type": "Feature",
      "geometry": {
        "type": "LineString",
        "coordinates": [
          [
            391492.06,
            4774485.69
          ],
          [
            391518.74,
            4774459.02
          ],
          [
            391518.74,
            4774432.36
          ],
          [
            391518.74,
            4774405.7
          ],
          [
            391545.41,
            4774379.03
          ],
          [
            391572.08,
            4774352.37
          ],
          [
            391572.08,
            4774325.71
          ],
          [
            391598.75,
            4774299.04
          ],
          [
            391625.43,
            4774272.38
          ],
          [
            391625.43,
            4774245.71
          ],
          [
            391652.1,
            4774219.05
          ],
          [
            391678.77,
            4774192.39
          ]
        ]
      },
      "properties": {
        "segment_id": 96,
        "step": 96,
        "length_m": 370.66,
        "elevation_start": 89.93,
        "elevation_end": 113.34,
        "slope_percent": 6.32,
        "cost_usd": 533743.42,
        "cost_per_m": 800.0,
        "cumulative_cost": 44909008.81,
        "cumulative_distance_m": 37000.52,
        "land_cover_class": 10,
        "land_cover_name": "tree_cover",
        "geohazard_risk": 0.0,
        "terrain_class": "rolling",
        "crs": "EPSG:32633"
      }
    },
    {
      "type": "Feature",
      "geometry": {
        "type": "LineString",
        "coordinates": [
          [
            391678.77,
            4774192.39
          ],
          [
            391705.44,
            4774165.72
          ],
          [
            391732.11,
            4774139.06
          ],
          [
            391758.79,
            4774112.39
          ],
          [
            391785.46,
            4774112.39
          ],
          [
            391812.13,
            4774112.39
          ],
          [
            391838.8,
            4774112.39
          ],
          [
            391865.48,
            4774085.73
          ],
          [
            391892.15,
            4774059.07
          ],
          [
            391918.82,
            4774032.4
          ],
          [
            391918.82,
            4774005.74
          ],
          [
            391918.82,
            4773979.08
          ],
          [
            391945.49,
            4773952.41
          ]
        ]
      },
      "properties": {
        "segment_id": 97,
        "step": 97,
        "length_m": 397.34,
        "elevation_start": 113.34,
        "elevation_end": 175.6,
        "slope_percent": 15.67,
        "cost_usd": 476813.19,
        "cost_per_m": 800.0,
        "cumulative_cost": 45385822.0,
        "cumulative_distance_m": 37397.87,
        "land_cover_class": 40,
        "land_cover_name": "cropland",
        "geohazard_risk": 0.0,
        "terrain_class": "mountainous",
        "crs": "EPSG:32633"
      }
    },
    {
      "type": "Feature",
      "geometry": {
        "type": "LineString",
        "coordinates": [
          [
            391945.49,
            4773952.41
          ],
          [
            391945.49,
            4773925.75
          ],
          [
            391972.17,
            4773899.08
          ],
          [
            391998.84,
            4773872.42
          ],
          [
            391998.84,
            4773845.76
          ],
          [
            392025.51,
            4773819.09
          ],
          [
            392025.51,
            4773792.43
          ],
          [
            392025.51,
            4773765.77
          ],
          [
            392025.51,
            4773739.1
          ],
          [
            392025.51,
            4773712.44
          ],
          [
            392025.51,
            4773685.77
          ],
          [
            392025.51,
            4773659.11
          ],
          [
            392025.51,
            4773632.45
          ],
          [
            392025.51,
            4773605.78
          ]
        ]
      },
      "properties": {
        "segment_id": 98,
        "step": 98,
        "length_m": 379.78,
        "elevation_start": 175.6,
        "elevation_end": 103.77,
        "slope_percent": 18.91,
        "cost_usd": 546884.34,
        "cost_per_m": 800.0,
        "cumulative_cost": 45932706.33,
        "cumulative_distance_m": 37777.65,
        "land_cover_class": 10,
        "land_cover_name": "tree_cover",
        "geohazard_risk": 0.0,
        "terrain_class": "mountainous",
        "crs": "EPSG:32633"
      }
    },
    {
      "type": "Feature",
      "geometry": {
        "type": "LineString",
        "coordinates": [
          [
            392025.51,
            4773605.78
          ],
          [
            392025.51,
            4773579.12
          ],
          [
            392025.51,
            4773552.46
          ],
          [
            392025.51,
            4773525.79
          ],
          [
            392052.18,
            4773499.13
          ],
          [
            392052.18,
            4773472.46
          ],
          [
            392078.85,
            4773445.8
          ],
          [
            392078.85,
            4773419.14
          ],
          [
            392078.85,
            4773392.47
          ],
          [
            392078.85,
            4773365.81
          ],
          [
            392078.85,
            4773339.14
          ],
          [
            392078.85,
            4773312.48
          ],
          [
            392052.18,
            4773285.82
          ],
          [
            392025.51,
            4773259.15
          ]
        ]
      },
      "properties": {
        "segment_id": 99,
        "step": 99,
        "length_m": 390.83,
        "elevation_start": 103.77,
        "elevation_end": 80.89,
        "slope_percent": 5.85,
        "cost_usd": 562797.04,
        "cost_per_m": 800.0,
        "cumulative_cost": 46495503.37,
        "cumulative_distance_m": 38168.48,
        "land_cover_class": 10,
        "land_cover_name": "tree_cover",
        "geohazard_risk": 0.0,
        "terrain_class": "rolling",
        "crs": "EPSG:32633"
      }
    },
    {
      "type": "Feature",
      "geometry": {
        "type": "LineString",
        "coordinates": [
          [
            392025.51,
            4773259.15
          ],
          [
            392025.51,
            4773232.49
          ],
          [
            392025.51,
            4773205.83
          ],
          [
            392025.51,
            4773179.16
          ],
          [
            392025.51,
            4773152.5
          ],
          [
            392052.18,
            4773125.83
          ],
          [
            392052.18,
            4773099.17
          ],
          [
            392052.18,
            4773072.51
          ],
          [
            392078.85,
            4773045.84
          ],
          [
            392078.85,
            4773019.18
          ],
          [
            392105.53,
            4772992.52
          ],
          [
            392132.2,
            4772965.85
          ],
          [
            392132.2,
            4772939.19
          ],
          [
            392132.2,
            4772912.52
          ]
        ]
      },
      "properties": {
        "segment_id": 100,
        "step": 100,
        "length_m": 390.83,
        "elevation_start": 80.89,
        "elevation_end": 111.31,
        "slope_percent": 7.78,
        "cost_usd": 562797.04,
        "cost_per_m": 800.0,
        "cumulative_cost": 47058300.41,
        "cumulative_distance_m": 38559.31,
        "land_cover_class": 10,
        "land_cover_name": "tree_cover",
        "geohazard_risk": 0.0,
        "terrain_class": "rolling",
        "crs": "EPSG:32633"
      }
    },
    {
      "type": "Feature",
      "geometry": {
        "type": "LineString",
        "coordinates": [
          [
            392132.2,
            4772912.52
          ],
          [
            392132.2,
            4772885.86
          ],
          [
            392132.2,
            4772859.2
          ],
          [
            392158.87,
            4772832.53
          ],
          [
            392185.54,
            4772805.87
          ],
          [
            392185.54,
            4772779.21
          ],
          [
            392185.54,
            4772752.54
          ],
          [
            392212.22,
            4772725.88
          ],
          [
            392238.89,
            4772699.21
          ],
          [
            392238.89,
            4772672.55
          ],
          [
            392238.89,
            4772645.89
          ],
          [
            392238.89,
            4772619.22
          ],
          [
            392238.89,
            4772592.56
          ]
        ]
      },
      "properties": {
        "segment_id": 101,
        "step": 101,
        "length_m": 364.17,
        "elevation_start": 111.31,
        "elevation_end": 76.97,
        "slope_percent": 9.43,
        "cost_usd": 384560.86,
        "cost_per_m": 800.0,
        "cumulative_cost": 47442861.28,
        "cumulative_distance_m": 38923.48,
        "land_cover_class": 30,
        "land_cover_name": "grassland",
        "geohazard_risk": 0.0,
        "terrain_class": "rolling",
        "crs": "EPSG:32633"
      }
    },
    {
      "type": "Feature",
      "geometry": {
        "type": "LineString",
        "coordinates": [
          [
            392238.89,
            4772592.56
          ],
          [
            392265.56,
            4772565.89
          ],
          [
            392292.23,
            4772539.23
          ],
          [
            392318.9,
            4772512.57
          ],
          [
            392345.58,
            4772485.9
          ],
          [
            392372.25,
            4772459.24
          ],
          [
            392372.25,
            4772432.58
          ],
          [
            392372.25,
            4772405.91
          ],
          [
            392372.25,
            4772379.25
          ],
          [
            392372.25,
            4772352.58
          ],
          [
            392372.25,
            4772325.92
          ],
          [
            392372.25,
            4772299.26
          ],
          [
            392372.25,
            4772272.59
          ]
        ]
      },
      "properties": {
        "segment_id": 102,
        "step": 102,
        "length_m": 375.22,
        "elevation_start": 76.97,
        "elevation_end": 92.18,
        "slope_percent": 4.06,
        "cost_usd": 540313.88,
        "cost_per_m": 800.0,
        "cumulative_cost": 47983175.15,
        "cumulative_distance_m": 39298.69,
        "land_cover_class": 10,
        "land_cover_name": "tree_cover",
        "geohazard_risk": 0.0,
        "terrain_class": "flat",
        "crs": "EPSG:32633"
      }
    },
    {
      "type": "Feature",
      "geometry": {
        "type": "LineString",
        "coordinates": [
          [
            392372.25,
            4772272.59
          ],
          [
            392372.25,
            4772245.93
          ],
          [
            392372.25,
            4772219.27
          ],
          [
            392372.25,
            4772192.6
          ],
          [
            392372.25,
            4772165.94
          ],
          [
            392372.25,
            4772139.27
          ],
          [
            392372.25,
            4772112.61
          ],
          [
            392398.92,
            4772085.95
          ],
          [
            392425.59,
            4772059.28
          ],
          [
            392452.27,
            4772032.62
          ],
          [
            392478.94,
            4772005.96
          ],
          [
            392505.61,
            4771979.29
          ],
          [
            392532.28,
            4771952.63
          ]
        ]
      },
      "properties": {
        "segment_id": 103,
        "step": 103,
        "length_m": 386.27,
        "elevation_start": 92.18,
        "elevation_end": 83.96,
        "slope_percent": 2.13,
        "cost_usd": 556226.58,
        "cost_per_m": 800.0,
        "cumulative_cost": 48539401.73,
        "cumulative_distance_m": 39684.96,
        "land_cover_class": 10,
        "land_cover_name": "tree_cover",
        "geohazard_risk": 0.0,
        "terrain_class": "flat",
        "crs": "EPSG:32633"
      }
    },
    {
      "type": "Feature",
      "geometry": {
        "type": "LineString",
        "coordinates": [
          [
            392532.28,
            4771952.63
          ],
          [
            392558.95,
            4771925.96
          ],
          [
            392585.63,
            4771899.3
          ],
          [
            392612.3,
            4771899.3
          ],
          [
            392638.97,
            4771899.3
          ],
          [
            392665.64,
            4771872.64
          ],
          [
            392692.32,
            4771845.97
          ],
          [
            392718.99,
            4771819.31
          ],
          [
            392745.66,
            4771819.31
          ],
          [
            392772.33,
            4771819.31
          ],
          [
            392799.01,
            4771819.31
          ],
          [
            392825.68,
            4771819.31
          ],
          [
            392852.35,
            4771819.31
          ]
        ]
      },
      "properties": {
        "segment_id": 104,
        "step": 104,
        "length_m": 375.28,
        "elevation_start": 83.96,
        "elevation_end": 93.44,
        "slope_percent": 2.53,
        "cost_usd": 540399.14,
        "cost_per_m": 800.0,
        "cumulative_cost": 49079800.87,
        "cumulative_distance_m": 40060.24,
        "land_cover_class": 10,
        "land_cover_name": "tree_cover",
        "geohazard_risk": 0.0,
        "terrain_class": "flat",
        "crs": "EPSG:32633"
      }
    },
    {
      "type": "Feature",
      "geometry": {
        "type": "LineString",
        "coordinates": [
          [
            392852.35,
            4771819.31
          ],
          [
            392879.02,
            4771792.64
          ],
          [
            392905.69,
            4771765.98
          ],
          [
            392932.37,
            4771739.32
          ],
          [
            392959.04,
            4771712.65
          ],
          [
            392959.04,
            4771685.99
          ],
          [
            392985.71,
            4771659.33
          ],
          [
            393012.38,
            4771632.66
          ],
          [
            393039.06,
            4771606.0
          ],
          [
            393065.73,
            4771579.33
          ],
          [
            393092.4,
            4771552.67
          ]
        ]
      },
      "properties": {
        "segment_id": 105,
        "step": 105,
        "length_m": 366.09,
        "elevation_start": 93.44,
        "elevation_end": 100.69,
        "slope_percent": 1.98,
        "cost_usd": 527172.95,
        "cost_per_m": 800.0,
        "cumulative_cost": 49606973.83,
        "cumulative_distance_m": 40426.33,
        "land_cover_class": 10,
        "land_cover_name": "tree_cover",
        "geohazard_risk": 0.0,
        "terrain_class": "flat",
        "crs": "EPSG:32633"
      }
    },
    {
      "type": "Feature",
      "geometry": {
        "type": "LineString",
        "coordinates": [
          [
            393092.4,
            4771552.67
          ],
          [
            393119.07,
            4771526.01
          ],
          [
            393145.74,
            4771499.34
          ],
          [
            393145.74,
            4771472.68
          ],
          [
            393172.42,
            4771446.02
          ],
          [
            393199.09,
            4771419.35
          ],
          [
            393225.76,
            4771392.69
          ],
          [
            393252.43,
            4771366.02
          ],
          [
            393279.11,
            4771339.36
          ],
          [
            393305.78,
            4771312.7
          ],
          [
            393332.45,
            4771286.03
          ]
        ]
      },
      "properties": {
        "segment_id": 106,
        "step": 106,
        "length_m": 366.09,
        "elevation_start": 100.69,
        "elevation_end": 113.05,
        "slope_percent": 3.38,
        "cost_usd": 527172.95,
        "cost_per_m": 800.0,
        "cumulative_cost": 50134146.78,
        "cumulative_distance_m": 40792.42,
        "land_cover_class": 10,
        "land_cover_name": "tree_cover",
        "geohazard_risk": 0.0,
        "terrain_class": "flat",
        "crs": "EPSG:32633"
      }
    },
    {
      "type": "Feature",
      "geometry": {
        "type": "LineString",
        "coordinates": [
          [
            393332.45,
            4771286.03
          ],
          [
            393359.12,
            4771259.37
          ],
          [
            393359.12,
            4771232.71
          ],
          [
            393359.12,
            4771206.04
          ],
          [
            393359.12,
            4771179.38
          ],
          [
            393359.12,
            4771152.71
          ],
          [
            393359.12,
            4771126.05
          ],
          [
            393359.12,
            4771099.39
          ],
          [
            393359.12,
            4771072.72
          ],
          [
            393359.12,
            4771046.06
          ],
          [
            393359.12,
            4771019.39
          ],
          [
            393385.79,
            4770992.73
          ],
          [
            393385.79,
            4770966.07
          ],
          [
            393385.79,
            4770939.4
          ],
          [
            393385.79,
            4770912.74
          ]
        ]
      },
      "properties": {
        "segment_id": 107,
        "step": 107,
        "length_m": 395.39,
        "elevation_start": 113.05,
        "elevation_end": 158.24,
        "slope_percent": 11.43,
        "cost_usd": 569367.5,
        "cost_per_m": 800.0,
        "cumulative_cost": 50703514.28,
        "cumulative_distance_m": 41187.82,
        "land_cover_class": 10,
        "land_cover_name": "tree_cover",
        "geohazard_risk": 0.0,
        "terrain_class": "hilly",
        "crs": "EPSG:32633"
      }
    },
    {
      "type": "Feature",
      "geometry": {
        "type": "LineString",
        "coordinates": [
          [
            393385.79,
            4770912.74
          ],
          [
            393385.79,
            4770886.08
          ],
          [
            393385.79,
            4770859.41
          ],
          [
            393385.79,
            4770832.75
          ],
          [
            393385.79,
            4770806.08
          ],
          [
            393385.79,
            4770779.42
          ],
          [
            393359.12,
            4770752.76
          ],
          [
            393359.12,
            4770726.09
          ],
          [
            393359.12,
            4770699.43
          ],
          [
            393359.12,
            4770672.77
          ],
          [
            393332.45,
            4770646.1
          ],
          [
            393332.45,
            4770619.44
          ],
          [
            393332.45,
            4770592.77
          ],
          [
            393332.45,
            4770566.11
          ],
          [
            393332.45,
            4770539.45
          ]
        ]
      },
      "properties": {
        "segment_id": 108,
        "step": 108,
        "length_m": 395.39,
        "elevation_start": 158.24,
        "elevation_end": 239.45,
        "slope_percent": 20.54,
        "cost_usd": 417536.17,
        "cost_per_m": 800.0,
        "cumulative_cost": 51121050.45,
        "cumulative_distance_m": 41583.21,
        "land_cover_class": 30,
        "land_cover_name": "grassland",
        "geohazard_risk": 0.0,
        "terrain_class": "steep",
        "crs": "EPSG:32633"
      }
    },
    {
      "type": "Feature",
      "geometry": {
        "type": "LineString",
        "coordinates": [
          [
            393332.45,
            4770539.45
          ],
          [
            393332.45,
            4770512.78
          ],
          [
            393332.45,
            4770486.12
          ],
          [
            393332.45,
            4770459.46
          ],
          [
            393332.45,
            4770432.79
          ],
          [
            393332.45,
            4770406.13
          ],
          [
            393332.45,
            4770379.46
          ],
          [
            393332.45,
            4770352.8
          ],
          [
            393359.12,
            4770326.14
          ],
          [
            393385.79,
            4770299.47
          ],
          [
            393412.47,
            4770272.81
          ],
          [
            393439.14,
            4770246.14
          ],
          [
            393439.14,
            4770219.48
          ],
          [
            393439.14,
            4770192.82
          ]
        ]
      },
      "properties": {
        "segment_id": 109,
        "step": 109,
        "length_m": 390.83,
        "elevation_start": 239.45,
        "elevation_end": 328.35,
        "slope_percent": 22.74,
        "cost_usd": 468997.53,
        "cost_per_m": 800.0,
        "cumulative_cost": 51590047.98,
        "cumulative_distance_m": 41974.04,
        "land_cover_class": 40,
        "land_cover_name": "cropland",
        "geohazard_risk": 0.0,
        "terrain_class": "steep",
        "crs": "EPSG:32633"
      }
    },
    {
      "type": "Feature",
      "geometry": {
        "type": "LineString",
        "coordinates": [
          [
            393439.14,
            4770192.82
          ],
          [
            393439.14,
            4770166.15
          ],
          [
            393439.14,
            4770139.49
          ],
          [
            393439.14,
            4770112.83
          ],
          [
            393439.14,
            4770086.16
          ],
          [
            393439.14,
            4770059.5
          ],
          [
            393439.14,
            4770032.83
          ],
          [
            393439.14,
            4770006.17
          ],
          [
            393439.14,
            4769979.51
          ],
          [
            393439.14,
            4769952.84
          ],
          [
            393439.14,
            4769926.18
          ],
          [
            393465.81,
            4769899.52
          ],
          [
            393492.48,
            4769872.85
          ],
          [
            393519.16,
            4769846.19
          ]
        ]
      },
      "properties": {
        "segment_id": 110,
        "step": 110,
        "length_m": 379.78,
        "elevation_start": 328.35,
        "elevation_end": 264.37,
        "slope_percent": 16.84,
        "cost_usd": 432950.1,
        "cost_per_m": 800.0,
        "cumulative_cost": 52022998.08,
        "cumulative_distance_m": 42353.83,
        "land_cover_class": 20,
        "land_cover_name": "shrubland",
        "geohazard_risk": 0.0,
        "terrain_class": "mountainous",
        "crs": "EPSG:32633"
      }
    },
    {
      "type": "Feature",
      "geometry": {
        "type": "LineString",
        "coordinates": [
          [
            393519.16,
            4769846.19
          ],
          [
            393545.83,
            4769819.52
          ],
          [
            393572.5,
            4769792.86
          ],
          [
            393599.17,
            4769766.2
          ],
          [
            393625.84,
            4769739.53
          ],
          [
            393652.52,
            4769712.87
          ],
          [
            393679.19,
            4769686.21
          ],
          [
            393679.19,
            4769659.54
          ],
          [
            393679.19,
            4769632.88
          ],
          [
            393679.19,
            4769606.21
          ],
          [
            393679.19,
            4769579.55
          ],
          [
            393679.19,
            4769552.89
          ],
          [
            393679.19,
            4769526.22
          ]
        ]
      },
      "properties": {
        "segment_id": 111,
        "step": 111,
        "length_m": 386.27,
        "elevation_start": 264.37,
        "elevation_end": 183.19,
        "slope_percent": 21.02,
        "cost_usd": 556226.58,
        "cost_per_m": 800.0,
        "cumulative_cost": 52579224.66,
        "cumulative_distance_m": 42740.09,
        "land_cover_class": 10,
        "land_cover_name": "tree_cover",
        "geohazard_risk": 0.0,
        "terrain_class": "steep",
        "crs": "EPSG:32633"
      }
    },
    {
      "type": "Feature",
      "geometry": {
        "type": "LineString",
        "coordinates": [
          [
            393679.19,
            4769526.22
          ],
          [
            393679.19,
            4769499.56
          ],
          [
            393652.52,
            4769472.89
          ],
          [
            393652.52,
            4769446.23
          ],
          [
            393652.52,
            4769419.57
          ],
          [
            393652.52,
            4769392.9
          ],
          [
            393652.52,
            4769366.24
          ],
          [
            393652.52,
            4769339.58
          ],
          [
            393652.52,
            4769312.91
          ],
          [
            393652.52,
            4769286.25
          ],
          [
            393652.52,
            4769259.58
          ],
          [
            393652.52,
            4769232.92
          ],
          [
            393652.52,
            4769206.26
          ],
          [
            393679.19,
            4769179.59
          ],
          [
            393679.19,
            4769152.93
          ]
        ]
      },
      "properties": {
        "segment_id": 112,
        "step": 112,
        "length_m": 395.39,
        "elevation_start": 183.19,
        "elevation_end": 160.87,
        "slope_percent": 5.65,
        "cost_usd": 569367.5,
        "cost_per_m": 800.0,
        "cumulative_cost": 53148592.16,
        "cumulative_distance_m": 43135.49,
        "land_cover_class": 10,
        "land_cover_name": "tree_cover",
        "geohazard_risk": 0.0,
        "terrain_class": "rolling",
        "crs": "EPSG:32633"
      }
    },
    {
      "type": "Feature",
      "geometry": {
        "type": "LineString",
        "coordinates": [
          [
            393679.19,
            4769152.93
          ],
          [
            393679.19,
            4769126.27
          ],
          [
            393679.19,
            4769099.6
          ],
          [
            393679.19,
            4769072.94
          ],
          [
            393679.19,
            4769046.27
          ],
          [
            393679.19,
            4769019.61
          ],
          [
            393705.86,
            4768992.95
          ],
          [
            393705.86,
            4768966.28
          ],
          [
            393705.86,
            4768939.62
          ],
          [
            393705.86,
            4768912.95
          ],
          [
            393732.53,
            4768886.29
          ],
          [
            393732.53,
            4768859.63
          ],
          [
            393732.53,
            4768832.96
          ],
          [
            393759.21,
            4768806.3
          ]
        ]
      },
      "properties": {
        "segment_id": 113,
        "step": 113,
        "length_m": 379.78,
        "elevation_start": 160.87,
        "elevation_end": 145.06,
        "slope_percent": 4.16,
        "cost_usd": 546884.34,
        "cost_per_m": 800.0,
        "cumulative_cost": 53695476.5,
        "cumulative_distance_m": 43515.27,
        "land_cover_class": 10,
        "land_cover_name": "tree_cover",
        "geohazard_risk": 0.0,
        "terrain_class": "flat",
        "crs": "EPSG:32633"
      }
    },
    {
      "type": "Feature",
      "geometry": {
        "type": "LineString",
        "coordinates": [
          [
            393759.21,
            4768806.3
          ],
          [
            393759.21,
            4768779.64
          ],
          [
            393759.21,
            4768752.97
          ],
          [
            393759.21,
            4768726.31
          ],
          [
            393759.21,
            4768699.64
          ],
          [
            393759.21,
            4768672.98
          ],
          [
            393785.88,
            4768646.32
          ],
          [
            393812.55,
            4768619.65
          ],
          [
            393839.22,
            4768592.99
          ],
          [
            393865.9,
            4768566.33
          ],
          [
            393892.57,
            4768539.66
          ],
          [
            393919.24,
            4768513.0
          ],
          [
            393945.91,
            4768486.33
          ]
        ]
      },
      "properties": {
        "segment_id": 114,
        "step": 114,
        "length_m": 397.32,
        "elevation_start": 145.06,
        "elevation_end": 134.45,
        "slope_percent": 2.67,
        "cost_usd": 572139.28,
        "cost_per_m": 800.0,
        "cumulative_cost": 54267615.78,
        "cumulative_distance_m": 43912.59,
        "land_cover_class": 10,
        "land_cover_name": "tree_cover",
        "geohazard_risk": 0.0,
        "terrain_class": "flat",
        "crs": "EPSG:32633"
      }
    },
    {
      "type": "Feature",
      "geometry": {
        "type": "LineString",
        "coordinates": [
          [
            393945.91,
            4768486.33
          ],
          [
            393972.58,
            4768486.33
          ],
          [
            393999.26,
            4768486.33
          ],
          [
            394025.93,
            4768459.67
          ],
          [
            394052.6,
            4768433.01
          ],
          [
            394079.27,
            4768406.34
          ],
          [
            394105.95,
            4768379.68
          ],
          [
            394132.62,
            4768353.02
          ],
          [
            394159.29,
            4768326.35
          ],
          [
            394185.96,
            4768299.69
          ],
          [
            394212.63,
            4768273.02
          ],
          [
            394239.31,
            4768246.36
          ]
        ]
      },
      "properties": {
        "segment_id": 115,
        "step": 115,
        "length_m": 392.77,
        "elevation_start": 134.45,
        "elevation_end": 124.65,
        "slope_percent": 2.5,
        "cost_usd": 565593.18,
        "cost_per_m": 800.0,
        "cumulative_cost": 54833208.96,
        "cumulative_distance_m": 44305.36,
        "land_cover_class": 10,
        "land_cover_name": "tree_cover",
        "geohazard_risk": 0.0,
        "terrain_class": "flat",
        "crs": "EPSG:32633"
      }
    },
    {
      "type": "Feature",
      "geometry": {
        "type": "LineString",
        "coordinates": [
          [
            394239.31,
            4768246.36
          ],
          [
            394265.98,
            4768219.7
          ],
          [
            394292.65,
            4768193.03
          ],
          [
            394319.32,
            4768166.37
          ],
          [
            394346.0,
            4768139.7
          ],
          [
            394372.67,
            4768113.04
          ],
          [
            394399.34,
            4768086.38
          ],
          [
            394426.01,
            4768059.71
          ],
          [
            394452.68,
            4768033.05
          ],
          [
            394479.36,
            4768006.39
          ],
          [
            394506.03,
            4767979.72
          ]
        ]
      },
      "properties": {
        "segment_id": 116,
        "step": 116,
        "length_m": 377.14,
        "elevation_start": 124.65,
        "elevation_end": 113.32,
        "slope_percent": 3.0,
        "cost_usd": 398262.81,
        "cost_per_m": 800.0,
        "cumulative_cost": 55231471.78,
        "cumulative_distance_m": 44682.5,
        "land_cover_class": 30,
        "land_cover_name": "grassland",
        "geohazard_risk": 0.0,
        "terrain_class": "flat",
        "crs": "EPSG:32633"
      }
    },
    {
      "type": "Feature",
      "geometry": {
        "type": "LineString",
        "coordinates": [
          [
            394506.03,
            4767979.72
          ],
          [
            394532.7,
            4767953.06
          ],
          [
            394559.37,
            4767926.39
          ],
          [
            394559.37,
            4767899.73
          ],
          [
            394559.37,
            4767873.07
          ],
          [
            394559.37,
            4767846.4
          ],
          [
            394559.37,
            4767819.74
          ],
          [
            394559.37,
            4767793.08
          ],
          [
            394559.37,
            4767766.41
          ],
          [
            394559.37,
            4767739.75
          ],
          [
            394559.37,
            4767713.08
          ],
          [
            394559.37,
            4767686.42
          ],
          [
            394559.37,
            4767659.76
          ],
          [
            394559.37,
            4767633.09
          ],
          [
            394559.37,
            4767606.43
          ]
        ]
      },
      "properties": {
        "segment_id": 117,
        "step": 117,
        "length_m": 395.39,
        "elevation_start": 113.32,
        "elevation_end": 110.21,
        "slope_percent": 0.79,
        "cost_usd": 417536.17,
        "cost_per_m": 800.0,
        "cumulative_cost": 55649007.94,
        "cumulative_distance_m": 45077.9,
        "land_cover_class": 30,
        "land_cover_name": "grassland",
        "geohazard_risk": 0.0,
        "terrain_class": "flat",
        "crs": "EPSG:32633"
      }
    },
    {
      "type": "Feature",
      "geometry": {
        "type": "LineString",
        "coordinates": [
          [
            394559.37,
            4767606.43
          ],
          [
            394559.37,
            4767579.77
          ],
          [
            394559.37,
            4767553.1
          ],
          [
            394559.37,
            4767526.44
          ],
          [
            394559.37,
            4767499.77
          ],
          [
            394559.37,
            4767473.11
          ],
          [
            394559.37,
            4767446.45
          ],
          [
            394559.37,
            4767419.78
          ],
          [
            394559.37,
            4767393.12
          ],
          [
            394559.37,
            4767366.45
          ],
          [
            394559.37,
            4767339.79
          ],
          [
            394559.37,
            4767313.13
          ],
          [
            394559.37,
            4767286.46
          ],
          [
            394586.05,
            4767259.8
          ],
          [
            394612.72,
            4767233.14
          ]
        ]
      },
      "properties": {
        "segment_id": 118,
        "step": 118,
        "length_m": 395.39,
        "elevation_start": 110.21,
        "elevation_end": 108.75,
        "slope_percent": 0.37,
        "cost_usd": 569367.5,
        "cost_per_m": 800.0,
        "cumulative_cost": 56218375.44,
        "cumulative_distance_m": 45473.29,
        "land_cover_class": 10,
        "land_cover_name": "tree_cover",
        "geohazard_risk": 0.0,
        "terrain_class": "flat",
        "crs": "EPSG:32633"
      }
    },
    {
      "type": "Feature",
      "geometry": {
        "type": "LineString",
        "coordinates": [
          [
            394612.72,
            4767233.14
          ],
          [
            394639.39,
            4767206.47
          ],
          [
            394639.39,
            4767179.81
          ],
          [
            394639.39,
            4767153.14
          ],
          [
            394639.39,
            4767126.48
          ],
          [
            394639.39,
            4767099.82
          ],
          [
            394639.39,
            4767073.15
          ],
          [
            394639.39,
            4767046.49
          ],
          [
            394639.39,
            4767019.83
          ],
          [
            394666.06,
            4766993.16
          ],
          [
            394692.74,
            4766966.5
          ],
          [
            394719.41,
            4766939.83
          ],
          [
            394746.08,
            4766913.17
          ]
        ]
      },
      "properties": {
        "segment_id": 119,
        "step": 119,
        "length_m": 375.22,
        "elevation_start": 108.75,
        "elevation_end": 146.19,
        "slope_percent": 9.98,
        "cost_usd": 540313.88,
        "cost_per_m": 800.0,
        "cumulative_cost": 56758689.32,
        "cumulative_distance_m": 45848.51,
        "land_cover_class": 10,
        "land_cover_name": "tree_cover",
        "geohazard_risk": 0.0,
        "terrain_class": "rolling",
        "crs": "EPSG:32633"
      }
    },
    {
      "type": "Feature",
      "geometry": {
        "type": "LineString",
        "coordinates": [
          [
            394746.08,
            4766913.17
          ],
          [
            394772.75,
            4766886.51
          ],
          [
            394799.42,
            4766859.84
          ],
          [
            394826.1,
            4766833.18
          ],
          [
            394852.77,
            4766806.52
          ],
          [
            394879.44,
            4766779.85
          ],
          [
            394879.44,
            4766753.19
          ],
          [
            394879.44,
            4766726.52
          ],
          [
            394879.44,
            4766699.86
          ],
          [
            394879.44,
            4766673.2
          ],
          [
            394879.44,
            4766646.53
          ],
          [
            394906.11,
            4766619.87
          ],
          [
            394932.79,
            4766593.2
          ]
        ]
      },
      "properties": {
        "segment_id": 120,
        "step": 120,
        "length_m": 397.32,
        "elevation_start": 146.19,
        "elevation_end": 214.46,
        "slope_percent": 17.18,
        "cost_usd": 419568.81,
        "cost_per_m": 800.0,
        "cumulative_cost": 57178258.13,
        "cumulative_distance_m": 46245.83,
        "land_cover_class": 30,
        "land_cover_name": "grassland",
        "geohazard_risk": 0.0,
        "terrain_class": "mountainous",
        "crs": "EPSG:32633"
      }
    },
    {
      "type": "Feature",
      "geometry": {
        "type": "LineString",
        "coordinates": [
          [
            394932.79,
            4766593.2
          ],
          [
            394959.46,
            4766566.54
          ],
          [
            394986.13,
            4766539.88
          ],
          [
            395012.8,
            4766513.21
          ],
          [
            395039.47,
            4766486.55
          ],
          [
            395066.15,
            4766459.89
          ],
          [
            395066.15,
            4766433.22
          ],
          [
            395092.82,
            4766406.56
          ],
          [
            395092.82,
            4766379.89
          ],
          [
            395119.49,
            4766353.23
          ],
          [
            395146.16,
            4766326.57
          ],
          [
            395172.84,
            4766299.9
          ]
        ]
      },
      "properties": {
        "segment_id": 121,
        "step": 121,
        "length_m": 392.76,
        "elevation_start": 214.46,
        "elevation_end": 235.02,
        "slope_percent": 5.24,
        "cost_usd": 414750.47,
        "cost_per_m": 800.0,
        "cumulative_cost": 57593008.59,
        "cumulative_distance_m": 46638.58,
        "land_cover_class": 30,
        "land_cover_name": "grassland",
        "geohazard_risk": 0.0,
        "terrain_class": "rolling",
        "crs": "EPSG:32633"
      }
    },
    {
      "type": "Feature",
      "geometry": {
        "type": "LineString",
        "coordinates": [
          [
            395172.84,
            4766299.9
          ],
          [
            395199.51,
            4766273.24
          ],
          [
            395199.51,
            4766246.58
          ],
          [
            395226.18,
            4766219.91
          ],
          [
            395252.85,
            4766193.25
          ],
          [
            395279.52,
            4766166.58
          ],
          [
            395306.2,
            4766139.92
          ],
          [
            395332.87,
            4766113.26
          ],
          [
            395332.87,
            4766086.59
          ],
          [
            395332.87,
            4766059.93
          ],
          [
            395332.87,
            4766033.27
          ],
          [
            395332.87,
            4766006.6
          ],
          [
            395332.87,
            4765979.94
          ]
        ]
      },
      "properties": {
        "segment_id": 122,
        "step": 122,
        "length_m": 386.27,
        "elevation_start": 235.02,
        "elevation_end": 177.08,
        "slope_percent": 15.0,
        "cost_usd": 556226.58,
        "cost_per_m": 800.0,
        "cumulative_cost": 58149235.17,
        "cumulative_distance_m": 47024.85,
        "land_cover_class": 10,
        "land_cover_name": "tree_cover",
        "geohazard_risk": 0.0,
        "terrain_class": "mountainous",
        "crs": "EPSG:32633"
      }
    },
    {
      "type": "Feature",
      "geometry": {
        "type": "LineString",
        "coordinates": [
          [
            395332.87,
            4765979.94
          ],
          [
            395332.87,
            4765953.27
          ],
          [
            395332.87,
            4765926.61
          ],
          [
            395359.54,
            4765899.95
          ],
          [
            395386.21,
            4765873.28
          ],
          [
            395412.89,
            4765846.62
          ],
          [
            395412.89,
            4765819.95
          ],
          [
            395412.89,
            4765793.29
          ],
          [
            395439.56,
            4765766.63
          ],
          [
            395439.56,
            4765739.96
          ],
          [
            395439.56,
            4765713.3
          ],
          [
            395412.89,
            4765686.64
          ],
          [
            395412.89,
            4765659.97
          ]
        ]
      },
      "properties": {
        "segment_id": 123,
        "step": 123,
        "length_m": 375.22,
        "elevation_start": 177.08,
        "elevation_end": 143.12,
        "slope_percent": 9.05,
        "cost_usd": 427748.49,
        "cost_per_m": 800.0,
        "cumulative_cost": 58576983.66,
        "cumulative_distance_m": 47400.07,
        "land_cover_class": 20,
        "land_cover_name": "shrubland",
        "geohazard_risk": 0.0,
        "terrain_class": "rolling",
        "crs": "EPSG:32633"
      }
    },
    {
      "type": "Feature",
      "geometry": {
        "type": "LineString",
        "coordinates": [
          [
            395412.89,
            4765659.97
          ],
          [
            395412.89,
            4765633.31
          ],
          [
            395412.89,
            4765606.64
          ],
          [
            395412.89,
            4765579.98
          ],
          [
            395439.56,
            4765553.32
          ],
          [
            395439.56,
            4765526.65
          ],
          [
            395439.56,
            4765499.99
          ],
          [
            395439.56,
            4765473.33
          ],
          [
            395439.56,
            4765446.66
          ],
          [
            395439.56,
            4765420.0
          ],
          [
            395439.56,
            4765393.33
          ],
          [
            395439.56,
            4765366.67
          ],
          [
            395439.56,
            4765340.01
          ],
          [
            395439.56,
            4765313.34
          ],
          [
            395439.56,
            4765286.68
          ]
        ]
      },
      "properties": {
        "segment_id": 124,
        "step": 124,
        "length_m": 384.34,
        "elevation_start": 143.12,
        "elevation_end": 127.55,
        "slope_percent": 4.05,
        "cost_usd": 553454.8,
        "cost_per_m": 800.0,
        "cumulative_cost": 59130438.46,
        "cumulative_distance_m": 47784.41,
        "land_cover_class": 10,
        "land_cover_name": "tree_cover",
        "geohazard_risk": 0.0,
        "terrain_class": "flat",
        "crs": "EPSG:32633"
      }
    },
    {
      "type": "Feature",
      "geometry": {
        "type": "LineString",
        "coordinates": [
          [
            395439.56,
            4765286.68
          ],
          [
            395439.56,
            4765260.02
          ],
          [
            395439.56,
            4765233.35
          ],
          [
            395439.56,
            4765206.69
          ],
          [
            395439.56,
            4765180.02
          ],
          [
            395439.56,
            4765153.36
          ],
          [
            395466.23,
            4765126.7
          ],
          [
            395466.23,
            4765100.03
          ],
          [
            395466.23,
            4765073.37
          ],
          [
            395466.23,
            4765046.7
          ],
          [
            395466.23,
            4765020.04
          ],
          [
            395466.23,
            4764993.38
          ],
          [
            395466.23,
            4764966.71
          ],
          [
            395466.23,
            4764940.05
          ],
          [
            395466.23,
            4764913.39
          ]
        ]
      },
      "properties": {
        "segment_id": 125,
        "step": 125,
        "length_m": 384.34,
        "elevation_start": 127.55,
        "elevation_end": 103.11,
        "slope_percent": 6.36,
        "cost_usd": 553454.8,
        "cost_per_m": 800.0,
        "cumulative_cost": 59683893.26,
        "cumulative_distance_m": 48168.76,
        "land_cover_class": 10,
        "land_cover_name": "tree_cover",
        "geohazard_risk": 0.0,
        "terrain_class": "rolling",
        "crs": "EPSG:32633"
      }
    },
    {
      "type": "Feature",
      "geometry": {
        "type": "LineString",
        "coordinates": [
          [
            395466.23,
            4764913.39
          ],
          [
            395466.23,
            4764886.72
          ],
          [
            395466.23,
            4764860.06
          ],
          [
            395466.23,
            4764833.39
          ],
          [
            395466.23,
            4764806.73
          ],
          [
            395492.9,
            4764780.07
          ],
          [
            395519.57,
            4764753.4
          ],
          [
            395546.25,
            4764726.74
          ],
          [
            395572.92,
            4764700.08
          ],
          [
            395599.59,
            4764673.41
          ],
          [
            395626.26,
            4764673.41
          ],
          [
            395652.94,
            4764673.41
          ],
          [
            395679.61,
            4764673.41
          ]
        ]
      },
      "properties": {
        "segment_id": 126,
        "step": 126,
        "length_m": 375.24,
        "elevation_start": 103.11,
        "elevation_end": 87.56,
        "slope_percent": 4.14,
        "cost_usd": 540350.42,
        "cost_per_m": 800.0,
        "cumulative_cost": 60224243.67,
        "cumulative_distance_m": 48544.0,
        "land_cover_class": 10,
        "land_cover_name": "tree_cover",
        "geohazard_risk": 0.0,
        "terrain_class": "flat",
        "crs": "EPSG:32633"
      }
    },
    {
      "type": "Feature",
      "geometry": {
        "type": "LineString",
        "coordinates": [
          [
            395679.61,
            4764673.41
          ],
          [
            395706.28,
            4764673.41
          ],
          [
            395732.95,
            4764700.08
          ],
          [
            395759.63,
            4764700.08
          ],
          [
            395786.3,
            4764700.08
          ],
          [
            395812.97,
            4764700.08
          ],
          [
            395839.64,
            4764700.08
          ],
          [
            395866.31,
            4764700.08
          ],
          [
            395866.31,
            4764673.41
          ],
          [
            395866.31,
            4764646.75
          ],
          [
            395892.99,
            4764620.08
          ],
          [
            395919.66,
            4764593.42
          ],
          [
            395946.33,
            4764566.76
          ],
          [
            395973.0,
            4764566.76
          ]
        ]
      },
      "properties": {
        "segment_id": 127,
        "step": 127,
        "length_m": 390.89,
        "elevation_start": 87.56,
        "elevation_end": 85.68,
        "slope_percent": 0.48,
        "cost_usd": 562882.31,
        "cost_per_m": 800.0,
        "cumulative_cost": 60787125.98,
        "cumulative_distance_m": 48934.89,
        "land_cover_class": 10,
        "land_cover_name": "tree_cover",
        "geohazard_risk": 0.0,
        "terrain_class": "flat",
        "crs": "EPSG:32633"
      }
    },
    {
      "type": "Feature",
      "geometry": {
        "type": "LineString",
        "coordinates": [
          [
            395973.0,
            4764566.76
          ],
          [
            395999.68,
            4764540.09
          ],
          [
            396026.35,
            4764513.43
          ],
          [
            396053.02,
            4764486.77
          ],
          [
            396053.02,
            4764460.1
          ],
          [
            396079.69,
            4764433.44
          ],
          [
            396106.36,
            4764406.77
          ],
          [
            396133.04,
            4764380.11
          ],
          [
            396133.04,
            4764353.45
          ],
          [
            396133.04,
            4764326.78
          ],
          [
            396133.04,
            4764300.12
          ],
          [
            396133.04,
            4764273.45
          ],
          [
            396133.04,
            4764246.79
          ]
        ]
      },
      "properties": {
        "segment_id": 128,
        "step": 128,
        "length_m": 386.27,
        "elevation_start": 85.68,
        "elevation_end": 92.03,
        "slope_percent": 1.65,
        "cost_usd": 463522.15,
        "cost_per_m": 800.0,
        "cumulative_cost": 61250648.13,
        "cumulative_distance_m": 49321.16,
        "land_cover_class": 40,
        "land_cover_name": "cropland",
        "geohazard_risk": 0.0,
        "terrain_class": "flat",
        "crs": "EPSG:32633"
      }
    },
    {
      "type": "Feature",
      "geometry": {
        "type": "LineString",
        "coordinates": [
          [
            396133.04,
            4764246.79
          ],
          [
            396133.04,
            4764220.13
          ],
          [
            396133.04,
            4764193.46
          ],
          [
            396133.04,
            4764166.8
          ],
          [
            396133.04,
            4764140.14
          ],
          [
            396133.04,
            4764113.47
          ],
          [
            396133.04,
            4764086.81
          ],
          [
            396133.04,
            4764060.14
          ],
          [
            396133.04,
            4764033.48
          ],
          [
            396133.04,
            4764006.82
          ],
          [
            396133.04,
            4763980.15
          ],
          [
            396133.04,
            4763953.49
          ],
          [
            396133.04,
            4763926.83
          ],
          [
            396133.04,
            4763900.16
          ],
          [
            396106.36,
            4763873.5
          ]
        ]
      },
      "properties": {
        "segment_id": 129,
        "step": 129,
        "length_m": 384.34,
        "elevation_start": 92.03,
        "elevation_end": 93.73,
        "slope_percent": 0.44,
        "cost_usd": 461212.33,
        "cost_per_m": 800.0,
        "cumulative_cost": 61711860.46,
        "cumulative_distance_m": 49705.5,
        "land_cover_class": 40,
        "land_cover_name": "cropland",
        "geohazard_risk": 0.0,
        "terrain_class": "flat",
        "crs": "EPSG:32633"
      }
    },
    {
      "type": "Feature",
      "geometry": {
        "type": "LineString",
        "coordinates": [
          [
            396106.36,
            4763873.5
          ],
          [
            396079.69,
            4763846.83
          ],
          [
            396053.02,
            4763820.17
          ],
          [
            396026.35,
            4763793.51
          ],
          [
            395999.68,
            4763766.84
          ],
          [
            395999.68,
            4763740.18
          ],
          [
            395999.68,
            4763713.52
          ],
          [
            395999.68,
            4763686.85
          ],
          [
            395999.68,
            4763660.19
          ],
          [
            395999.68,
            4763633.52
          ],
          [
            395999.68,
            4763606.86
          ],
          [
            395999.68,
            4763580.2
          ],
          [
            395999.68,
            4763553.53
          ],
          [
            395999.68,
            4763526.87
          ]
        ]
      },
      "properties": {
        "segment_id": 130,
        "step": 130,
        "length_m": 390.83,
        "elevation_start": 93.73,
        "elevation_end": 98.76,
        "slope_percent": 1.29,
        "cost_usd": 562797.04,
        "cost_per_m": 800.0,
        "cumulative_cost": 62274657.5,
        "cumulative_distance_m": 50096.34,
        "land_cover_class": 10,
        "land_cover_name": "tree_cover",
        "geohazard_risk": 0.0,
        "terrain_class": "flat",
        "crs": "EPSG:32633"
      }
    },
    {
      "type": "Feature",
      "geometry": {
        "type": "LineString",
        "coordinates": [
          [
            395999.68,
            4763526.87
          ],
          [
            395999.68,
            4763500.2
          ],
          [
            395999.68,
            4763473.54
          ],
          [
            395999.68,
            4763446.88
          ],
          [
            395999.68,
            4763420.21
          ],
          [
            395999.68,
            4763393.55
          ],
          [
            395973.0,
            4763366.89
          ],
          [
            395946.33,
            4763340.22
          ],
          [
            395919.66,
            4763313.56
          ],
          [
            395919.66,
            4763286.89
          ],
          [
            395919.66,
            4763260.23
          ],
          [
            395892.99,
            4763233.57
          ],
          [
            395892.99,
            4763206.9
          ],
          [
            395892.99,
            4763180.24
          ]
        ]
      },
      "properties": {
        "segment_id": 131,
        "step": 131,
        "length_m": 390.83,
        "elevation_start": 98.76,
        "elevation_end": 100.77,
        "slope_percent": 0.51,
        "cost_usd": 468997.53,
        "cost_per_m": 800.0,
        "cumulative_cost": 62743655.03,
        "cumulative_distance_m": 50487.17,
        "land_cover_class": 40,
        "land_cover_name": "cropland",
        "geohazard_risk": 0.0,
        "terrain_class": "flat",
        "crs": "EPSG:32633"
      }
    },
    {
      "type": "Feature",
      "geometry": {
        "type": "LineString",
        "coordinates": [
          [
            395892.99,
            4763180.24
          ],
          [
            395866.31,
            4763153.58
          ],
          [
            395839.64,
            4763126.91
          ],
          [
            395839.64,
            4763100.25
          ],
          [
            395812.97,
            4763073.58
          ],
          [
            395786.3,
            4763046.92
          ],
          [
            395786.3,
            4763020.26
          ],
          [
            395786.3,
            4762993.59
          ],
          [
            395786.3,
            4762966.93
          ],
          [
            395786.3,
            4762940.26
          ],
          [
            395786.3,
            4762913.6
          ],
          [
            395759.63,
            4762886.94
          ],
          [
            395759.63,
            4762860.27
          ]
        ]
      },
      "properties": {
        "segment_id": 132,
        "step": 132,
        "length_m": 375.22,
        "elevation_start": 100.77,
        "elevation_end": 104.01,
        "slope_percent": 0.86,
        "cost_usd": 450261.56,
        "cost_per_m": 800.0,
        "cumulative_cost": 63193916.6,
        "cumulative_distance_m": 50862.38,
        "land_cover_class": 40,
        "land_cover_name": "cropland",
        "geohazard_risk": 0.0,
        "terrain_class": "flat",
        "crs": "EPSG:32633"
      }
    },
    {
      "type": "Feature",
      "geometry": {
        "type": "LineString",
        "coordinates": [
          [
            395759.63,
            4762860.27
          ],
          [
            395786.3,
            4762833.61
          ],
          [
            395812.97,
            4762806.95
          ],
          [
            395839.64,
            4762780.28
          ],
          [
            395866.31,
            4762753.62
          ],
          [
            395892.99,
            4762726.95
          ],
          [
            395919.66,
            4762700.29
          ],
          [
            395946.33,
            4762673.63
          ],
          [
            395973.0,
            4762646.96
          ],
          [
            395973.0,
            4762620.3
          ],
          [
            395973.0,
            4762593.64
          ],
          [
            395973.0,
            4762566.97
          ]
        ]
      },
      "properties": {
        "segment_id": 133,
        "step": 133,
        "length_m": 381.71,
        "elevation_start": 104.01,
        "elevation_end": 110.8,
        "slope_percent": 1.78,
        "cost_usd": 458046.76,
        "cost_per_m": 800.0,
        "cumulative_cost": 63651963.36,
        "cumulative_distance_m": 51244.09,
        "land_cover_class": 40,
        "land_cover_name": "cropland",
        "geohazard_risk": 0.0,
        "terrain_class": "flat",
        "crs": "EPSG:32633"
      }
    },
    {
      "type": "Feature",
      "geometry": {
        "type": "LineString",
        "coordinates": [
          [
            395973.0,
            4762566.97
          ],
          [
            395973.0,
            4762540.31
          ],
          [
            395973.0,
            4762513.64
          ],
          [
            395973.0,
            4762486.98
          ],
          [
            395999.68,
            4762460.32
          ],
          [
            395999.68,
            4762433.65
          ],
          [
            395999.68,
            4762406.99
          ],
          [
            395999.68,
            4762380.33
          ],
          [
            396026.35,
            4762353.66
          ],
          [
            396053.02,
            4762327.0
          ],
          [
            396053.02,
            4762300.33
          ],
          [
            396053.02,
            4762273.67
          ],
          [
            396079.69,
            4762247.01
          ],
          [
            396079.69,
            4762220.34
          ]
        ]
      },
      "properties": {
        "segment_id": 134,
        "step": 134,
        "length_m": 390.83,
        "elevation_start": 110.8,
        "elevation_end": 116.87,
        "slope_percent": 1.55,
        "cost_usd": 562797.04,
        "cost_per_m": 800.0,
        "cumulative_cost": 64214760.4,
        "cumulative_distance_m": 51634.92,
        "land_cover_class": 10,
        "land_cover_name": "tree_cover",
        "geohazard_risk": 0.0,
        "terrain_class": "flat",
        "crs": "EPSG:32633"
      }
    },
    {
      "type": "Feature",
      "geometry": {
        "type": "LineString",
        "coordinates": [
          [
            396079.69,
            4762220.34
          ],
          [
            396079.69,
            4762193.68
          ],
          [
            396106.36,
            4762167.01
          ],
          [
            396106.36,
            4762140.35
          ],
          [
            396106.36,
            4762113.69
          ],
          [
            396106.36,
            4762087.02
          ],
          [
            396133.04,
            4762060.36
          ],
          [
            396159.71,
            4762033.7
          ],
          [
            396186.38,
            4762007.03
          ],
          [
            396213.05,
            4761980.37
          ],
          [
            396239.73,
            4761980.37
          ],
          [
            396266.4,
            4761980.37
          ],
          [
            396293.07,
            4761953.7
          ]
        ]
      },
      "properties": {
        "segment_id": 135,
        "step": 135,
        "length_m": 386.29,
        "elevation_start": 116.87,
        "elevation_end": 126.17,
        "slope_percent": 2.41,
        "cost_usd": 407917.36,
        "cost_per_m": 800.0,
        "cumulative_cost": 64622677.76,
        "cumulative_distance_m": 52021.21,
        "land_cover_class": 30,
        "land_cover_name": "grassland",
        "geohazard_risk": 0.0,
        "terrain_class": "flat",
        "crs": "EPSG:32633"
      }
    },
    {
      "type": "Feature",
      "geometry": {
        "type": "LineString",
        "coordinates": [
          [
            396293.07,
            4761953.7
          ],
          [
            396319.74,
            4761927.04
          ],
          [
            396346.41,
            4761900.38
          ],
          [
            396373.09,
            4761873.71
          ],
          [
            396399.76,
            4761847.05
          ],
          [
            396426.43,
            4761820.39
          ],
          [
            396426.43,
            4761793.72
          ],
          [
            396426.43,
            4761767.06
          ],
          [
            396426.43,
            4761740.39
          ],
          [
            396426.43,
            4761713.73
          ],
          [
            396426.43,
            4761687.07
          ],
          [
            396426.43,
            4761660.4
          ],
          [
            396426.43,
            4761633.74
          ]
        ]
      },
      "properties": {
        "segment_id": 136,
        "step": 136,
        "length_m": 375.22,
        "elevation_start": 126.17,
        "elevation_end": 164.6,
        "slope_percent": 10.24,
        "cost_usd": 396230.18,
        "cost_per_m": 800.0,
        "cumulative_cost": 65018907.93,
        "cumulative_distance_m": 52396.42,
        "land_cover_class": 30,
        "land_cover_name": "grassland",
        "geohazard_risk": 0.0,
        "terrain_class": "hilly",
        "crs": "EPSG:32633"
      }
    },
    {
      "type": "Feature",
      "geometry": {
        "type": "LineString",
        "coordinates": [
          [
            396426.43,
            4761633.74
          ],
          [
            396426.43,
            4761607.08
          ],
          [
            396426.43,
            4761580.41
          ],
          [
            396426.43,
            4761553.75
          ],
          [
            396426.43,
            4761527.08
          ],
          [
            396453.1,
            4761500.42
          ],
          [
            396479.78,
            4761473.76
          ],
          [
            396506.45,
            4761447.09
          ],
          [
            396506.45,
            4761420.43
          ],
          [
            396506.45,
            4761393.76
          ],
          [
            396506.45,
            4761367.1
          ],
          [
            396533.12,
            4761340.44
          ],
          [
            396559.79,
            4761313.77
          ]
        ]
      },
      "properties": {
        "segment_id": 137,
        "step": 137,
        "length_m": 375.22,
        "elevation_start": 164.6,
        "elevation_end": 219.93,
        "slope_percent": 14.75,
        "cost_usd": 540313.88,
        "cost_per_m": 800.0,
        "cumulative_cost": 65559221.81,
        "cumulative_distance_m": 52771.64,
        "land_cover_class": 10,
        "land_cover_name": "tree_cover",
        "geohazard_risk": 0.0,
        "terrain_class": "hilly",
        "crs": "EPSG:32633"
      }
    },
    {
      "type": "Feature",
      "geometry": {
        "type": "LineString",
        "coordinates": [
          [
            396559.79,
            4761313.77
          ],
          [
            396559.79,
            4761287.11
          ],
          [
            396559.79,
            4761260.45
          ],
          [
            396559.79,
            4761233.78
          ],
          [
            396559.79,
            4761207.12
          ],
          [
            396559.79,
            4761180.45
          ],
          [
            396559.79,
            4761153.79
          ],
          [
            396559.79,
            4761127.13
          ],
          [
            396559.79,
            4761100.46
          ],
          [
            396559.79,
            4761073.8
          ],
          [
            396559.79,
            4761047.14
          ],
          [
            396559.79,
            4761020.47
          ],
          [
            396559.79,
            4760993.81
          ],
          [
            396586.47,
            4760967.14
          ],
          [
            396613.14,
            4760940.48
          ]
        ]
      },
      "properties": {
        "segment_id": 138,
        "step": 138,
        "length_m": 395.39,
        "elevation_start": 219.93,
        "elevation_end": 230.74,
        "slope_percent": 2.73,
        "cost_usd": 569367.5,
        "cost_per_m": 800.0,
        "cumulative_cost": 66128589.31,
        "cumulative_distance_m": 53167.04,
        "land_cover_class": 10,
        "land_cover_name": "tree_cover",
        "geohazard_risk": 0.0,
        "terrain_class": "flat",
        "crs": "EPSG:32633"
      }
    },
    {
      "type": "Feature",
      "geometry": {
        "type": "LineString",
        "coordinates": [
          [
            396613.14,
            4760940.48
          ],
          [
            396639.81,
            4760913.82
          ],
          [
            396666.48,
            4760887.15
          ],
          [
            396666.48,
            4760860.49
          ],
          [
            396693.15,
            4760833.83
          ],
          [
            396693.15,
            4760807.16
          ],
          [
            396719.83,
            4760780.5
          ],
          [
            396719.83,
            4760753.83
          ],
          [
            396719.83,
            4760727.17
          ],
          [
            396719.83,
            4760700.51
          ],
          [
            396719.83,
            4760673.84
          ],
          [
            396746.5,
            4760647.18
          ],
          [
            396746.5,
            4760620.51
          ]
        ]
      },
      "properties": {
        "segment_id": 139,
        "step": 139,
        "length_m": 375.22,
        "elevation_start": 230.74,
        "elevation_end": 191.84,
        "slope_percent": 10.37,
        "cost_usd": 540313.88,
        "cost_per_m": 800.0,
        "cumulative_cost": 66668903.19,
        "cumulative_distance_m": 53542.26,
        "land_cover_class": 10,
        "land_cover_name": "tree_cover",
        "geohazard_risk": 0.0,
        "terrain_class": "hilly",
        "crs": "EPSG:32633"
      }
    },
    {
      "type": "Feature",
      "geometry": {
        "type": "LineString",
        "coordinates": [
          [
            396746.5,
            4760620.51
          ],
          [
            396746.5,
            4760593.85
          ],
          [
            396746.5,
            4760567.19
          ],
          [
            396773.17,
            4760540.52
          ],
          [
            396773.17,
            4760513.86
          ],
          [
            396773.17,
            4760487.2
          ],
          [
            396799.84,
            4760460.53
          ],
          [
            396799.84,
            4760433.87
          ],
          [
            396826.52,
            4760407.2
          ],
          [
            396853.19,
            4760380.54
          ],
          [
            396879.86,
            4760353.88
          ],
          [
            396906.53,
            4760327.21
          ],
          [
            396933.2,
            4760300.55
          ]
        ]
      },
      "properties": {
        "segment_id": 140,
        "step": 140,
        "length_m": 397.32,
        "elevation_start": 191.84,
        "elevation_end": 159.76,
        "slope_percent": 8.07,
        "cost_usd": 572139.28,
        "cost_per_m": 800.0,
        "cumulative_cost": 67241042.47,
        "cumulative_distance_m": 53939.57,
        "land_cover_class": 10,
        "land_cover_name": "tree_cover",
        "geohazard_risk": 0.0,
        "terrain_class": "rolling",
        "crs": "EPSG:32633"
      }
    },
    {
      "type": "Feature",
      "geometry": {
        "type": "LineString",
        "coordinates": [
          [
            396933.2,
            4760300.55
          ],
          [
            396933.2,
            4760273.89
          ],
          [
            396933.2,
            4760247.22
          ],
          [
            396933.2,
            4760220.56
          ],
          [
            396933.2,
            4760193.89
          ],
          [
            396933.2,
            4760167.23
          ],
          [
            396933.2,
            4760140.57
          ],
          [
            396933.2,
            4760113.9
          ],
          [
            396933.2,
            4760087.24
          ],
          [
            396933.2,
            4760060.58
          ],
          [
            396906.53,
            4760033.91
          ],
          [
            396906.53,
            4760007.25
          ],
          [
            396906.53,
            4759980.58
          ],
          [
            396906.53,
            4759953.92
          ],
          [
            396879.86,
            4759927.26
          ]
        ]
      },
      "properties": {
        "segment_id": 141,
        "step": 141,
        "length_m": 395.39,
        "elevation_start": 159.76,
        "elevation_end": 148.84,
        "slope_percent": 2.76,
        "cost_usd": 474472.92,
        "cost_per_m": 800.0,
        "cumulative_cost": 67715515.39,
        "cumulative_distance_m": 54334.97,
        "land_cover_class": 40,
        "land_cover_name": "cropland",
        "geohazard_risk": 0.0,
        "terrain_class": "flat",
        "crs": "EPSG:32633"
      }
    },
    {
      "type": "Feature",
      "geometry": {
        "type": "LineString",
        "coordinates": [
          [
            396879.86,
            4759927.26
          ],
          [
            396879.86,
            4759900.59
          ],
          [
            396879.86,
            4759873.93
          ],
          [
            396853.19,
            4759847.26
          ],
          [
            396826.52,
            4759820.6
          ],
          [
            396826.52,
            4759793.94
          ],
          [
            396826.52,
            4759767.27
          ],
          [
            396826.52,
            4759740.61
          ],
          [
            396826.52,
            4759713.95
          ],
          [
            396826.52,
            4759687.28
          ],
          [
            396826.52,
            4759660.62
          ],
          [
            396826.52,
            4759633.95
          ],
          [
            396826.52,
            4759607.29
          ],
          [
            396826.52,
            4759580.63
          ]
        ]
      },
      "properties": {
        "segment_id": 142,
        "step": 142,
        "length_m": 368.73,
        "elevation_start": 148.84,
        "elevation_end": 141.0,
        "slope_percent": 2.12,
        "cost_usd": 530971.64,
        "cost_per_m": 800.0,
        "cumulative_cost": 68246487.02,
        "cumulative_distance_m": 54703.7,
        "land_cover_class": 10,
        "land_cover_name": "tree_cover",
        "geohazard_risk": 0.0,
        "terrain_class": "flat",
        "crs": "EPSG:32633"
      }
    },
    {
      "type": "Feature",
      "geometry": {
        "type": "LineString",
        "coordinates": [
          [
            396826.52,
            4759580.63
          ],
          [
            396799.84,
            4759553.96
          ],
          [
            396799.84,
            4759527.3
          ],
          [
            396799.84,
            4759500.64
          ],
          [
            396799.84,
            4759473.97
          ],
          [
            396773.17,
            4759447.31
          ],
          [
            396746.5,
            4759420.64
          ],
          [
            396746.5,
            4759393.98
          ],
          [
            396746.5,
            4759367.32
          ],
          [
            396746.5,
            4759340.65
          ],
          [
            396746.5,
            4759313.99
          ],
          [
            396746.5,
            4759287.33
          ],
          [
            396746.5,
            4759260.66
          ],
          [
            396746.5,
            4759234.0
          ]
        ]
      },
      "properties": {
        "segment_id": 143,
        "step": 143,
        "length_m": 379.78,
        "elevation_start": 141.0,
        "elevation_end": 129.7,
        "slope_percent": 2.98,
        "cost_usd": 455736.95,
        "cost_per_m": 800.0,
        "cumulative_cost": 68702223.97,
        "cumulative_distance_m": 55083.48,
        "land_cover_class": 40,
        "land_cover_name": "cropland",
        "geohazard_risk": 0.0,
        "terrain_class": "flat",
        "crs": "EPSG:32633"
      }
    },
    {
      "type": "Feature",
      "geometry": {
        "type": "LineString",
        "coordinates": [
          [
            396746.5,
            4759234.0
          ],
          [
            396746.5,
            4759207.33
          ],
          [
            396746.5,
            4759180.67
          ],
          [
            396746.5,
            4759154.01
          ],
          [
            396773.17,
            4759127.34
          ],
          [
            396799.84,
            4759100.68
          ],
          [
            396799.84,
            4759074.01
          ],
          [
            396799.84,
            4759047.35
          ],
          [
            396799.84,
            4759020.69
          ],
          [
            396799.84,
            4758994.02
          ],
          [
            396799.84,
            4758967.36
          ],
          [
            396826.52,
            4758940.7
          ],
          [
            396853.19,
            4758914.03
          ]
        ]
      },
      "properties": {
        "segment_id": 144,
        "step": 144,
        "length_m": 364.17,
        "elevation_start": 129.7,
        "elevation_end": 141.55,
        "slope_percent": 3.25,
        "cost_usd": 415150.93,
        "cost_per_m": 800.0,
        "cumulative_cost": 69117374.9,
        "cumulative_distance_m": 55447.65,
        "land_cover_class": 20,
        "land_cover_name": "shrubland",
        "geohazard_risk": 0.0,
        "terrain_class": "flat",
        "crs": "EPSG:32633"
      }
    },
    {
      "type": "Feature",
      "geometry": {
        "type": "LineString",
        "coordinates": [
          [
            396853.19,
            4758914.03
          ],
          [
            396879.86,
            4758887.37
          ],
          [
            396906.53,
            4758860.7
          ],
          [
            396933.2,
            4758834.04
          ],
          [
            396959.88,
            4758807.38
          ],
          [
            396986.55,
            4758780.71
          ],
          [
            397013.22,
            4758754.05
          ],
          [
            397039.89,
            4758727.39
          ],
          [
            397066.57,
            4758700.72
          ],
          [
            397093.24,
            4758674.06
          ],
          [
            397119.91,
            4758647.39
          ]
        ]
      },
      "properties": {
        "segment_id": 145,
        "step": 145,
        "length_m": 377.14,
        "elevation_start": 141.55,
        "elevation_end": 108.4,
        "slope_percent": 8.79,
        "cost_usd": 543085.66,
        "cost_per_m": 800.0,
        "cumulative_cost": 69660460.56,
        "cumulative_distance_m": 55824.79,
        "land_cover_class": 10,
        "land_cover_name": "tree_cover",
        "geohazard_risk": 0.0,
        "terrain_class": "rolling",
        "crs": "EPSG:32633"
      }
    },
    {
      "type": "Feature",
      "geometry": {
        "type": "LineString",
        "coordinates": [
          [
            397119.91,
            4758647.39
          ],
          [
            397119.91,
            4758620.73
          ],
          [
            397119.91,
            4758594.07
          ],
          [
            397119.91,
            4758567.4
          ],
          [
            397146.58,
            4758540.74
          ],
          [
            397173.25,
            4758540.74
          ],
          [
            397199.93,
            4758540.74
          ],
          [
            397226.6,
            4758540.74
          ],
          [
            397253.27,
            4758540.74
          ],
          [
            397279.94,
            4758540.74
          ],
          [
            397306.62,
            4758540.74
          ],
          [
            397333.29,
            4758540.74
          ],
          [
            397359.96,
            4758540.74
          ],
          [
            397386.63,
            4758540.74
          ],
          [
            397413.3,
            4758540.74
          ]
        ]
      },
      "properties": {
        "segment_id": 146,
        "step": 146,
        "length_m": 384.43,
        "elevation_start": 108.4,
        "elevation_end": 104.27,
        "slope_percent": 1.07,
        "cost_usd": 830364.91,
        "cost_per_m": 800.0,
        "cumulative_cost": 70490825.47,
        "cumulative_distance_m": 56209.22,
        "land_cover_class": 50,
        "land_cover_name": "built_up",
        "geohazard_risk": 0.0,
        "terrain_class": "flat",
        "crs": "EPSG:32633"
      }
    },
    {
      "type": "Feature",
      "geometry": {
        "type": "LineString",
        "coordinates": [
          [
            397413.3,
            4758540.74
          ],
          [
            397439.98,
            4758540.74
          ],
          [
            397466.65,
            4758540.74
          ],
          [
            397493.32,
            4758514.08
          ],
          [
            397519.99,
            4758487.41
          ],
          [
            397546.67,
            4758460.75
          ],
          [
            397573.34,
            4758460.75
          ],
          [
            397600.01,
            4758460.75
          ],
          [
            397626.68,
            4758434.08
          ],
          [
            397653.36,
            4758434.08
          ],
          [
            397680.03,
            4758434.08
          ],
          [
            397706.7,
            4758434.08
          ],
          [
            397733.37,
            4758434.08
          ],
          [
            397760.04,
            4758434.08
          ]
        ]
      },
      "properties": {
        "segment_id": 147,
        "step": 147,
        "length_m": 390.91,
        "elevation_start": 104.27,
        "elevation_end": 100.26,
        "slope_percent": 1.03,
        "cost_usd": 412798.22,
        "cost_per_m": 800.0,
        "cumulative_cost": 70903623.69,
        "cumulative_distance_m": 56600.13,
        "land_cover_class": 30,
        "land_cover_name": "grassland",
        "geohazard_risk": 0.0,
        "terrain_class": "flat",
        "crs": "EPSG:32633"
      }
    },
    {
      "type": "Feature",
      "geometry": {
        "type": "LineString",
        "coordinates": [
          [
            397760.04,
            4758434.08
          ],
          [
            397786.72,
            4758434.08
          ],
          [
            397813.39,
            4758434.08
          ],
          [
            397840.06,
            4758434.08
          ],
          [
            397866.73,
            4758434.08
          ],
          [
            397893.41,
            4758434.08
          ],
          [
            397920.08,
            4758407.42
          ],
          [
            397946.75,
            4758380.76
          ],
          [
            397973.42,
            4758380.76
          ],
          [
            398000.09,
            4758380.76
          ],
          [
            398026.77,
            4758380.76
          ],
          [
            398053.44,
            4758380.76
          ],
          [
            398080.11,
            4758380.76
          ],
          [
            398106.78,
            4758380.76
          ]
        ]
      },
      "properties": {
        "segment_id": 148,
        "step": 148,
        "length_m": 368.82,
        "elevation_start": 100.26,
        "elevation_end": 96.06,
        "slope_percent": 1.14,
        "cost_usd": 442588.02,
        "cost_per_m": 800.0,
        "cumulative_cost": 71346211.71,
        "cumulative_distance_m": 56968.95,
        "land_cover_class": 40,
        "land_cover_name": "cropland",
        "geohazard_risk": 0.0,
        "terrain_class": "flat",
        "crs": "EPSG:32633"
      }
    },
    {
      "type": "Feature",
      "geometry": {
        "type": "LineString",
        "coordinates": [
          [
            398106.78,
            4758380.76
          ],
          [
            398133.46,
            4758354.09
          ],
          [
            398160.13,
            4758327.43
          ],
          [
            398186.8,
            4758300.76
          ],
          [
            398213.47,
            4758274.1
          ],
          [
            398240.14,
            4758247.44
          ],
          [
            398266.82,
            4758220.77
          ],
          [
            398293.49,
            4758194.11
          ],
          [
            398320.16,
            4758167.45
          ],
          [
            398346.83,
            4758140.78
          ],
          [
            398373.51,
            4758114.12
          ]
        ]
      },
      "properties": {
        "segment_id": 149,
        "step": 149,
        "length_m": 377.14,
        "elevation_start": 96.06,
        "elevation_end": 94.03,
        "slope_percent": 0.54,
        "cost_usd": 398262.81,
        "cost_per_m": 800.0,
        "cumulative_cost": 71744474.53,
        "cumulative_distance_m": 57346.09,
        "land_cover_class": 30,
        "land_cover_name": "grassland",
        "geohazard_risk": 0.0,
        "terrain_class": "flat",
        "crs": "EPSG:32633"
      }
    },
    {
      "type": "Feature",
      "geometry": {
        "type": "LineString",
        "coordinates": [
          [
            398373.51,
            4758114.12
          ],
          [
            398400.18,
            4758087.45
          ],
          [
            398426.85,
            4758060.79
          ],
          [
            398453.52,
            4758060.79
          ],
          [
            398480.2,
            4758034.13
          ],
          [
            398506.87,
            4758007.46
          ],
          [
            398533.54,
            4757980.8
          ],
          [
            398560.21,
            4757954.14
          ],
          [
            398586.88,
            4757927.47
          ],
          [
            398613.56,
            4757900.81
          ],
          [
            398613.56,
            4757874.14
          ],
          [
            398640.23,
            4757847.48
          ]
        ]
      },
      "properties": {
        "segment_id": 150,
        "step": 150,
        "length_m": 392.76,
        "elevation_start": 94.03,
        "elevation_end": 103.72,
        "slope_percent": 2.47,
        "cost_usd": 565581.0,
        "cost_per_m": 800.0,
        "cumulative_cost": 72310055.52,
        "cumulative_distance_m": 57738.86,
        "land_cover_class": 10,
        "land_cover_name": "tree_cover",
        "geohazard_risk": 0.0,
        "terrain_class": "flat",
        "crs": "EPSG:32633"
      }
    },
    {
      "type": "Feature",
      "geometry": {
        "type": "LineString",
        "coordinates": [
          [
            398640.23,
            4757847.48
          ],
          [
            398666.9,
            4757820.82
          ],
          [
            398693.57,
            4757794.15
          ],
          [
            398720.25,
            4757767.49
          ],
          [
            398746.92,
            4757740.83
          ],
          [
            398773.59,
            4757714.16
          ],
          [
            398800.26,
            4757714.16
          ],
          [
            398826.93,
            4757714.16
          ],
          [
            398853.61,
            4757687.5
          ],
          [
            398880.28,
            4757660.83
          ],
          [
            398906.95,
            4757634.17
          ],
          [
            398933.62,
            4757607.51
          ]
        ]
      },
      "properties": {
        "segment_id": 151,
        "step": 151,
        "length_m": 392.77,
        "elevation_start": 103.72,
        "elevation_end": 107.94,
        "slope_percent": 1.07,
        "cost_usd": 565593.18,
        "cost_per_m": 800.0,
        "cumulative_cost": 72875648.7,
        "cumulative_distance_m": 58131.63,
        "land_cover_class": 10,
        "land_cover_name": "tree_cover",
        "geohazard_risk": 0.0,
        "terrain_class": "flat",
        "crs": "EPSG:32633"
      }
    },
    {
      "type": "Feature",
      "geometry": {
        "type": "LineString",
        "coordinates": [
          [
            398933.62,
            4757607.51
          ],
          [
            398960.3,
            4757607.51
          ],
          [
            398986.97,
            4757607.51
          ],
          [
            399013.64,
            4757607.51
          ],
          [
            399040.31,
            4757607.51
          ],
          [
            399066.98,
            4757607.51
          ],
          [
            399093.66,
            4757607.51
          ],
          [
            399120.33,
            4757607.51
          ],
          [
            399147.0,
            4757607.51
          ],
          [
            399173.67,
            4757607.51
          ],
          [
            399200.35,
            4757607.51
          ],
          [
            399227.02,
            4757607.51
          ],
          [
            399253.69,
            4757580.84
          ],
          [
            399280.36,
            4757580.84
          ],
          [
            399307.03,
            4757580.84
          ]
        ]
      },
      "properties": {
        "segment_id": 152,
        "step": 152,
        "length_m": 384.45,
        "elevation_start": 107.94,
        "elevation_end": 117.05,
        "slope_percent": 2.37,
        "cost_usd": 553613.15,
        "cost_per_m": 800.0,
        "cumulative_cost": 73429261.85,
        "cumulative_distance_m": 58516.08,
        "land_cover_class": 10,
        "land_cover_name": "tree_cover",
        "geohazard_risk": 0.0,
        "terrain_class": "flat",
        "crs": "EPSG:32633"
      }
    },
    {
      "type": "Feature",
      "geometry": {
        "type": "LineString",
        "coordinates": [
          [
            399307.03,
            4757580.84
          ],
          [
            399333.71,
            4757580.84
          ],
          [
            399360.38,
            4757580.84
          ],
          [
            399387.05,
            4757580.84
          ],
          [
            399413.72,
            4757580.84
          ],
          [
            399440.4,
            4757580.84
          ],
          [
            399467.07,
            4757554.18
          ],
          [
            399493.74,
            4757554.18
          ],
          [
            399520.41,
            4757527.51
          ],
          [
            399547.09,
            4757500.85
          ],
          [
            399573.76,
            4757500.85
          ],
          [
            399600.43,
            4757500.85
          ],
          [
            399627.1,
            4757500.85
          ],
          [
            399653.77,
            4757500.85
          ]
        ]
      },
      "properties": {
        "segment_id": 153,
        "step": 153,
        "length_m": 379.87,
        "elevation_start": 117.05,
        "elevation_end": 129.38,
        "slope_percent": 3.25,
        "cost_usd": 547006.15,
        "cost_per_m": 800.0,
        "cumulative_cost": 73976268.0,
        "cumulative_distance_m": 58895.95,
        "land_cover_class": 10,
        "land_cover_name": "tree_cover",
        "geohazard_risk": 0.0,
        "terrain_class": "flat",
        "crs": "EPSG:32633"
      }
    },
    {
      "type": "Feature",
      "geometry": {
        "type": "LineString",
        "coordinates": [
          [
            399653.77,
            4757500.85
          ],
          [
            399680.45,
            4757500.85
          ],
          [
            399707.12,
            4757500.85
          ],
          [
            399733.79,
            4757500.85
          ],
          [
            399760.46,
            4757500.85
          ],
          [
            399787.14,
            4757500.85
          ],
          [
            399813.81,
            4757500.85
          ],
          [
            399840.48,
            4757474.19
          ],
          [
            399867.15,
            4757474.19
          ],
          [
            399893.82,
            4757474.19
          ],
          [
            399920.5,
            4757474.19
          ],
          [
            399947.17,
            4757447.52
          ],
          [
            399973.84,
            4757447.52
          ],
          [
            400000.51,
            4757447.52
          ]
        ]
      },
      "properties": {
        "segment_id": 154,
        "step": 154,
        "length_m": 368.82,
        "elevation_start": 129.38,
        "elevation_end": 142.06,
        "slope_percent": 3.44,
        "cost_usd": 531105.63,
        "cost_per_m": 800.0,
        "cumulative_cost": 74507373.63,
        "cumulative_distance_m": 59264.77,
        "land_cover_class": 10,
        "land_cover_name": "tree_cover",
        "geohazard_risk": 0.0,
        "terrain_class": "flat",
        "crs": "EPSG:32633"
      }
    },
    {
      "type": "Feature",
      "geometry": {
        "type": "LineString",
        "coordinates": [
          [
            400000.51,
            4757447.52
          ],
          [
            400027.19,
            4757420.86
          ],
          [
            400053.86,
            4757420.86
          ],
          [
            400080.53,
            4757394.2
          ],
          [
            400107.2,
            4757394.2
          ],
          [
            400133.87,
            4757367.53
          ],
          [
            400160.55,
            4757340.87
          ],
          [
            400187.22,
            4757314.2
          ],
          [
            400213.89,
            4757314.2
          ],
          [
            400240.56,
            4757314.2
          ],
          [
            400267.24,
            4757287.54
          ],
          [
            400293.91,
            4757287.54
          ],
          [
            400320.58,
            4757260.88
          ]
        ]
      },
      "properties": {
        "segment_id": 155,
        "step": 155,
        "length_m": 397.36,
        "elevation_start": 142.06,
        "elevation_end": 174.62,
        "slope_percent": 8.19,
        "cost_usd": 572200.18,
        "cost_per_m": 800.0,
        "cumulative_cost": 75079573.81,
        "cumulative_distance_m": 59662.13,
        "land_cover_class": 10,
        "land_cover_name": "tree_cover",
        "geohazard_risk": 0.0,
        "terrain_class": "rolling",
        "crs": "EPSG:32633"
      }
    },
    {
      "type": "Feature",
      "geometry": {
        "type": "LineString",
        "coordinates": [
          [
            400320.58,
            4757260.88
          ],
          [
            400347.25,
            4757260.88
          ],
          [
            400373.93,
            4757234.21
          ],
          [
            400400.6,
            4757207.55
          ],
          [
            400427.27,
            4757207.55
          ],
          [
            400453.94,
            4757180.89
          ],
          [
            400480.61,
            4757154.22
          ],
          [
            400507.29,
            4757127.56
          ],
          [
            400533.96,
            4757100.89
          ],
          [
            400560.63,
            4757074.23
          ],
          [
            400587.3,
            4757047.57
          ],
          [
            400613.98,
            4757020.9
          ]
        ]
      },
      "properties": {
        "segment_id": 156,
        "step": 156,
        "length_m": 392.77,
        "elevation_start": 174.62,
        "elevation_end": 260.93,
        "slope_percent": 21.97,
        "cost_usd": 565593.18,
        "cost_per_m": 800.0,
        "cumulative_cost": 75645166.99,
        "cumulative_distance_m": 60054.91,
        "land_cover_class": 10,
        "land_cover_name": "tree_cover",
        "geohazard_risk": 0.0,
        "terrain_class": "steep",
        "crs": "EPSG:32633"
      }
    },
    {
      "type": "Feature",
      "geometry": {
        "type": "LineString",
        "coordinates": [
          [
            400613.98,
            4757020.9
          ],
          [
            400640.65,
            4756994.24
          ],
          [
            400667.32,
            4756967.58
          ],
          [
            400693.99,
            4756940.91
          ],
          [
            400720.66,
            4756914.25
          ],
          [
            400747.34,
            4756887.58
          ],
          [
            400774.01,
            4756860.92
          ],
          [
            400800.68,
            4756834.26
          ],
          [
            400827.35,
            4756807.59
          ],
          [
            400854.03,
            4756780.93
          ],
          [
            400880.7,
            4756754.26
          ]
        ]
      },
      "properties": {
        "segment_id": 157,
        "step": 157,
        "length_m": 377.14,
        "elevation_start": 260.93,
        "elevation_end": 264.05,
        "slope_percent": 0.83,
        "cost_usd": 543085.66,
        "cost_per_m": 800.0,
        "cumulative_cost": 76188252.65,
        "cumulative_distance_m": 60432.05,
        "land_cover_class": 10,
        "land_cover_name": "tree_cover",
        "geohazard_risk": 0.0,
        "terrain_class": "flat",
        "crs": "EPSG:32633"
      }
    },
    {
      "type": "Feature",
      "geometry": {
        "type": "LineString",
        "coordinates": [
          [
            400880.7,
            4756754.26
          ],
          [
            400907.37,
            4756727.6
          ],
          [
            400934.04,
            4756700.94
          ],
          [
            400960.71,
            4756700.94
          ],
          [
            400987.39,
            4756700.94
          ],
          [
            401014.06,
            4756700.94
          ],
          [
            401040.73,
            4756700.94
          ],
          [
            401067.4,
            4756674.27
          ],
          [
            401094.08,
            4756647.61
          ],
          [
            401120.75,
            4756620.95
          ],
          [
            401147.42,
            4756594.28
          ],
          [
            401174.09,
            4756567.62
          ],
          [
            401200.76,
            4756567.62
          ]
        ]
      },
      "properties": {
        "segment_id": 158,
        "step": 158,
        "length_m": 397.36,
        "elevation_start": 264.05,
        "elevation_end": 185.11,
        "slope_percent": 19.87,
        "cost_usd": 452991.81,
        "cost_per_m": 800.0,
        "cumulative_cost": 76641244.46,
        "cumulative_distance_m": 60829.41,
        "land_cover_class": 20,
        "land_cover_name": "shrubland",
        "geohazard_risk": 0.0,
        "terrain_class": "mountainous",
        "crs": "EPSG:32633"
      }
    },
    {
      "type": "Feature",
      "geometry": {
        "type": "LineString",
        "coordinates": [
          [
            401200.76,
            4756567.62
          ],
          [
            401227.44,
            4756567.62
          ],
          [
            401254.11,
            4756567.62
          ],
          [
            401280.78,
            4756567.62
          ],
          [
            401307.45,
            4756567.62
          ],
          [
            401334.13,
            4756567.62
          ],
          [
            401360.8,
            4756540.95
          ],
          [
            401387.47,
            4756514.29
          ],
          [
            401414.14,
            4756487.63
          ],
          [
            401440.82,
            4756460.96
          ],
          [
            401440.82,
            4756434.3
          ],
          [
            401440.82,
            4756407.64
          ],
          [
            401467.49,
            4756380.97
          ]
        ]
      },
      "properties": {
        "segment_id": 159,
        "step": 159,
        "length_m": 375.26,
        "elevation_start": 185.11,
        "elevation_end": 196.92,
        "slope_percent": 3.15,
        "cost_usd": 540374.78,
        "cost_per_m": 800.0,
        "cumulative_cost": 77181619.24,
        "cumulative_distance_m": 61204.67,
        "land_cover_class": 10,
        "land_cover_name": "tree_cover",
        "geohazard_risk": 0.0,
        "terrain_class": "flat",
        "crs": "EPSG:32633"
      }
    },
    {
      "type": "Feature",
      "geometry": {
        "type": "LineString",
        "coordinates": [
          [
            401467.49,
            4756380.97
          ],
          [
            401467.49,
            4756354.31
          ],
          [
            401467.49,
            4756327.64
          ],
          [
            401467.49,
            4756300.98
          ],
          [
            401467.49,
            4756274.32
          ],
          [
            401467.49,
            4756247.65
          ],
          [
            401467.49,
            4756220.99
          ],
          [
            401467.49,
            4756194.32
          ],
          [
            401494.16,
            4756167.66
          ],
          [
            401520.83,
            4756141.0
          ],
          [
            401547.5,
            4756114.33
          ],
          [
            401574.18,
            4756087.67
          ],
          [
            401600.85,
            4756061.01
          ]
        ]
      },
      "properties": {
        "segment_id": 160,
        "step": 160,
        "length_m": 375.22,
        "elevation_start": 196.92,
        "elevation_end": 223.82,
        "slope_percent": 7.17,
        "cost_usd": 427748.49,
        "cost_per_m": 800.0,
        "cumulative_cost": 77609367.72,
        "cumulative_distance_m": 61579.89,
        "land_cover_class": 20,
        "land_cover_name": "shrubland",
        "geohazard_risk": 0.0,
        "terrain_class": "rolling",
        "crs": "EPSG:32633"
      }
    },
    {
      "type": "Feature",
      "geometry": {
        "type": "LineString",
        "coordinates": [
          [
            401600.85,
            4756061.01
          ],
          [
            401627.52,
            4756034.34
          ],
          [
            401654.19,
            4756007.68
          ],
          [
            401680.87,
            4755981.01
          ],
          [
            401707.54,
            4755954.35
          ],
          [
            401734.21,
            4755927.69
          ],
          [
            401734.21,
            4755901.02
          ],
          [
            401734.21,
            4755874.36
          ],
          [
            401734.21,
            4755847.7
          ],
          [
            401760.88,
            4755821.03
          ],
          [
            401787.55,
            4755794.37
          ],
          [
            401814.23,
            4755767.7
          ]
        ]
      },
      "properties": {
        "segment_id": 161,
        "step": 161,
        "length_m": 381.71,
        "elevation_start": 223.82,
        "elevation_end": 222.79,
        "slope_percent": 0.27,
        "cost_usd": 458046.76,
        "cost_per_m": 800.0,
        "cumulative_cost": 78067414.49,
        "cumulative_distance_m": 61961.59,
        "land_cover_class": 40,
        "land_cover_name": "cropland",
        "geohazard_risk": 0.0,
        "terrain_class": "flat",
        "crs": "EPSG:32633"
      }
    },
    {
      "type": "Feature",
      "geometry": {
        "type": "LineString",
        "coordinates": [
          [
            401814.23,
            4755767.7
          ],
          [
            401814.23,
            4755741.04
          ],
          [
            401814.23,
            4755714.38
          ],
          [
            401814.23,
            4755687.71
          ],
          [
            401814.23,
            4755661.05
          ],
          [
            401814.23,
            4755634.39
          ],
          [
            401814.23,
            4755607.72
          ],
          [
            401814.23,
            4755581.06
          ],
          [
            401814.23,
            4755554.39
          ],
          [
            401814.23,
            4755527.73
          ],
          [
            401840.9,
            4755501.07
          ],
          [
            401840.9,
            4755474.4
          ],
          [
            401840.9,
            4755447.74
          ],
          [
            401840.9,
            4755421.07
          ],
          [
            401840.9,
            4755394.41
          ]
        ]
      },
      "properties": {
        "segment_id": 162,
        "step": 162,
        "length_m": 384.34,
        "elevation_start": 222.79,
        "elevation_end": 281.12,
        "slope_percent": 15.18,
        "cost_usd": 461212.33,
        "cost_per_m": 800.0,
        "cumulative_cost": 78528626.82,
        "cumulative_distance_m": 62345.94,
        "land_cover_class": 40,
        "land_cover_name": "cropland",
        "geohazard_risk": 0.0,
        "terrain_class": "mountainous",
        "crs": "EPSG:32633"
      }
    },
    {
      "type": "Feature",
      "geometry": {
        "type": "LineString",
        "coordinates": [
          [
            401840.9,
            4755394.41
          ],
          [
            401840.9,
            4755367.75
          ],
          [
            401840.9,
            4755341.08
          ],
          [
            401867.57,
            4755314.42
          ],
          [
            401867.57,
            4755287.76
          ],
          [
            401867.57,
            4755261.09
          ],
          [
            401867.57,
            4755234.43
          ],
          [
            401867.57,
            4755207.76
          ],
          [
            401867.57,
            4755181.1
          ],
          [
            401867.57,
            4755154.44
          ],
          [
            401867.57,
            4755127.77
          ],
          [
            401867.57,
            4755101.11
          ],
          [
            401867.57,
            4755074.45
          ],
          [
            401867.57,
            4755047.78
          ],
          [
            401867.57,
            4755021.12
          ]
        ]
      },
      "properties": {
        "segment_id": 163,
        "step": 163,
        "length_m": 384.34,
        "elevation_start": 281.12,
        "elevation_end": 244.38,
        "slope_percent": 9.56,
        "cost_usd": 461212.33,
        "cost_per_m": 800.0,
        "cumulative_cost": 78989839.15,
        "cumulative_distance_m": 62730.28,
        "land_cover_class": 40,
        "land_cover_name": "cropland",
        "geohazard_risk": 0.0,
        "terrain_class": "rolling",
        "crs": "EPSG:32633"
      }
    },
    {
      "type": "Feature",
      "geometry": {
        "type": "LineString",
        "coordinates": [
          [
            401867.57,
            4755021.12
          ],
          [
            401867.57,
            4754994.45
          ],
          [
            401867.57,
            4754967.79
          ],
          [
            401867.57,
            4754941.13
          ],
          [
            401867.57,
            4754914.46
          ],
          [
            401867.57,
            4754887.8
          ],
          [
            401867.57,
            4754861.14
          ],
          [
            401867.57,
            4754834.47
          ],
          [
            401867.57,
            4754807.81
          ],
          [
            401867.57,
            4754781.14
          ],
          [
            401867.57,
            4754754.48
          ],
          [
            401867.57,
            4754727.82
          ],
          [
            401867.57,
            4754701.15
          ],
          [
            401867.57,
            4754674.49
          ],
          [
            401867.57,
            4754647.82
          ],
          [
            401867.57,
            4754621.16
          ]
        ]
      },
      "properties": {
        "segment_id": 164,
        "step": 164,
        "length_m": 399.96,
        "elevation_start": 244.38,
        "elevation_end": 215.73,
        "slope_percent": 7.16,
        "cost_usd": 479948.3,
        "cost_per_m": 800.0,
        "cumulative_cost": 79469787.46,
        "cumulative_distance_m": 63130.24,
        "land_cover_class": 40,
        "land_cover_name": "cropland",
        "geohazard_risk": 0.0,
        "terrain_class": "rolling",
        "crs": "EPSG:32633"
      }
    },
    {
      "type": "Feature",
      "geometry": {
        "type": "LineString",
        "coordinates": [
          [
            401867.57,
            4754621.16
          ],
          [
            401867.57,
            4754594.5
          ],
          [
            401867.57,
            4754567.83
          ],
          [
            401894.24,
            4754567.83
          ],
          [
            401920.92,
            4754541.17
          ],
          [
            401947.59,
            4754514.51
          ],
          [
            401974.26,
            4754487.84
          ],
          [
            402000.93,
            4754487.84
          ],
          [
            402027.6,
            4754487.84
          ],
          [
            402054.28,
            4754487.84
          ],
          [
            402080.95,
            4754487.84
          ],
          [
            402107.62,
            4754487.84
          ],
          [
            402134.29,
            4754487.84
          ],
          [
            402160.97,
            4754487.84
          ]
        ]
      },
      "properties": {
        "segment_id": 165,
        "step": 165,
        "length_m": 379.85,
        "elevation_start": 215.73,
        "elevation_end": 192.07,
        "slope_percent": 6.23,
        "cost_usd": 455818.15,
        "cost_per_m": 800.0,
        "cumulative_cost": 79925605.61,
        "cumulative_distance_m": 63510.09,
        "land_cover_class": 40,
        "land_cover_name": "cropland",
        "geohazard_risk": 0.0,
        "terrain_class": "rolling",
        "crs": "EPSG:32633"
      }
    },
    {
      "type": "Feature",
      "geometry": {
        "type": "LineString",
        "coordinates": [
          [
            402160.97,
            4754487.84
          ],
          [
            402187.64,
            4754487.84
          ],
          [
            402214.31,
            4754487.84
          ],
          [
            402240.98,
            4754487.84
          ],
          [
            402267.66,
            4754487.84
          ],
          [
            402294.33,
            4754461.18
          ],
          [
            402321.0,
            4754434.51
          ],
          [
            402347.67,
            4754434.51
          ],
          [
            402374.34,
            4754434.51
          ],
          [
            402401.02,
            4754434.51
          ],
          [
            402427.69,
            4754407.85
          ],
          [
            402454.36,
            4754381.19
          ],
          [
            402481.03,
            4754381.19
          ],
          [
            402507.71,
            4754381.19
          ]
        ]
      },
      "properties": {
        "segment_id": 166,
        "step": 166,
        "length_m": 390.91,
        "elevation_start": 192.07,
        "elevation_end": 175.51,
        "slope_percent": 4.23,
        "cost_usd": 562906.67,
        "cost_per_m": 800.0,
        "cumulative_cost": 80488512.28,
        "cumulative_distance_m": 63900.99,
        "land_cover_class": 10,
        "land_cover_name": "tree_cover",
        "geohazard_risk": 0.0,
        "terrain_class": "flat",
        "crs": "EPSG:32633"
      }
    },
    {
      "type": "Feature",
      "geometry": {
        "type": "LineString",
        "coordinates": [
          [
            402507.71,
            4754381.19
          ],
          [
            402534.38,
            4754381.19
          ],
          [
            402561.05,
            4754354.52
          ],
          [
            402587.72,
            4754327.86
          ],
          [
            402614.39,
            4754301.2
          ],
          [
            402641.07,
            4754301.2
          ],
          [
            402667.74,
            4754301.2
          ],
          [
            402694.41,
            4754274.53
          ],
          [
            402721.08,
            4754247.87
          ],
          [
            402747.76,
            4754221.2
          ],
          [
            402774.43,
            4754194.54
          ],
          [
            402801.1,
            4754167.88
          ]
        ]
      },
      "properties": {
        "segment_id": 167,
        "step": 167,
        "length_m": 381.73,
        "elevation_start": 175.51,
        "elevation_end": 158.49,
        "slope_percent": 4.46,
        "cost_usd": 458077.22,
        "cost_per_m": 800.0,
        "cumulative_cost": 80946589.49,
        "cumulative_distance_m": 64282.72,
        "land_cover_class": 40,
        "land_cover_name": "cropland",
        "geohazard_risk": 0.0,
        "terrain_class": "flat",
        "crs": "EPSG:32633"
      }
    },
    {
      "type": "Feature",
      "geometry": {
        "type": "LineString",
        "coordinates": [
          [
            402801.1,
            4754167.88
          ],
          [
            402827.77,
            4754141.21
          ],
          [
            402854.44,
            4754114.55
          ],
          [
            402881.12,
            4754087.89
          ],
          [
            402907.79,
            4754061.22
          ],
          [
            402934.46,
            4754034.56
          ],
          [
            402961.13,
            4754007.89
          ],
          [
            402987.81,
            4753981.23
          ],
          [
            403014.48,
            4753954.57
          ],
          [
            403041.15,
            4753927.9
          ],
          [
            403067.82,
            4753927.9
          ],
          [
            403094.49,
            4753927.9
          ]
        ]
      },
      "properties": {
        "segment_id": 168,
        "step": 168,
        "length_m": 392.77,
        "elevation_start": 158.49,
        "elevation_end": 149.71,
        "slope_percent": 2.23,
        "cost_usd": 565593.18,
        "cost_per_m": 800.0,
        "cumulative_cost": 81512182.67,
        "cumulative_distance_m": 64675.5,
        "land_cover_class": 10,
        "land_cover_name": "tree_cover",
        "geohazard_risk": 0.0,
        "terrain_class": "flat",
        "crs": "EPSG:32633"
      }
    },
    {
      "type": "Feature",
      "geometry": {
        "type": "LineString",
        "coordinates": [
          [
            403094.49,
            4753927.9
          ],
          [
            403121.17,
            4753927.9
          ],
          [
            403147.84,
            4753927.9
          ],
          [
            403174.51,
            4753901.24
          ],
          [
            403201.18,
            4753874.57
          ],
          [
            403227.86,
            4753847.91
          ],
          [
            403254.53,
            4753847.91
          ],
          [
            403281.2,
            4753847.91
          ],
          [
            403307.87,
            4753821.25
          ],
          [
            403334.55,
            4753821.25
          ],
          [
            403361.22,
            4753821.25
          ],
          [
            403387.89,
            4753821.25
          ],
          [
            403414.56,
            4753794.58
          ]
        ]
      },
      "properties": {
        "segment_id": 169,
        "step": 169,
        "length_m": 375.28,
        "elevation_start": 149.71,
        "elevation_end": 135.75,
        "slope_percent": 3.72,
        "cost_usd": 540399.14,
        "cost_per_m": 800.0,
        "cumulative_cost": 82052581.81,
        "cumulative_distance_m": 65050.77,
        "land_cover_class": 10,
        "land_cover_name": "tree_cover",
        "geohazard_risk": 0.0,
        "terrain_class": "flat",
        "crs": "EPSG:32633"
      }
    },
    {
      "type": "Feature",
      "geometry": {
        "type": "LineString",
        "coordinates": [
          [
            403414.56,
            4753794.58
          ],
          [
            403441.23,
            4753794.58
          ],
          [
            403467.91,
            4753794.58
          ],
          [
            403494.58,
            4753767.92
          ],
          [
            403521.25,
            4753741.26
          ],
          [
            403547.92,
            4753741.26
          ],
          [
            403574.6,
            4753741.26
          ],
          [
            403601.27,
            4753714.59
          ],
          [
            403627.94,
            4753687.93
          ],
          [
            403654.61,
            4753687.93
          ],
          [
            403681.28,
            4753687.93
          ],
          [
            403707.96,
            4753687.93
          ],
          [
            403734.63,
            4753687.93
          ],
          [
            403761.3,
            4753687.93
          ]
        ]
      },
      "properties": {
        "segment_id": 170,
        "step": 170,
        "length_m": 390.91,
        "elevation_start": 135.75,
        "elevation_end": 118.73,
        "slope_percent": 4.35,
        "cost_usd": 562906.67,
        "cost_per_m": 800.0,
        "cumulative_cost": 82615488.48,
        "cumulative_distance_m": 65441.68,
        "land_cover_class": 10,
        "land_cover_name": "tree_cover",
        "geohazard_risk": 0.0,
        "terrain_class": "flat",
        "crs": "EPSG:32633"
      }
    },
    {
      "type": "Feature",
      "geometry": {
        "type": "LineString",
        "coordinates": [
          [
            403761.3,
            4753687.93
          ],
          [
            403787.97,
            4753687.93
          ],
          [
            403814.65,
            4753687.93
          ],
          [
            403841.32,
            4753687.93
          ],
          [
            403867.99,
            4753687.93
          ],
          [
            403894.66,
            4753687.93
          ],
          [
            403921.33,
            4753687.93
          ],
          [
            403948.01,
            4753687.93
          ],
          [
            403974.68,
            4753687.93
          ],
          [
            404001.35,
            4753661.26
          ],
          [
            404028.02,
            4753661.26
          ],
          [
            404054.7,
            4753661.26
          ],
          [
            404081.37,
            4753661.26
          ],
          [
            404108.04,
            4753661.26
          ],
          [
            404134.71,
            4753634.6
          ]
        ]
      },
      "properties": {
        "segment_id": 171,
        "step": 171,
        "length_m": 395.5,
        "elevation_start": 118.73,
        "elevation_end": 112.45,
        "slope_percent": 1.59,
        "cost_usd": 417643.36,
        "cost_per_m": 800.0,
        "cumulative_cost": 83033131.84,
        "cumulative_distance_m": 65837.18,
        "land_cover_class": 30,
        "land_cover_name": "grassland",
        "geohazard_risk": 0.0,
        "terrain_class": "flat",
        "crs": "EPSG:32633"
      }
    },
    {
      "type": "Feature",
      "geometry": {
        "type": "LineString",
        "coordinates": [
          [
            404134.71,
            4753634.6
          ],
          [
            404161.39,
            4753634.6
          ],
          [
            404188.06,
            4753634.6
          ],
          [
            404214.73,
            4753634.6
          ],
          [
            404241.4,
            4753634.6
          ],
          [
            404268.07,
            4753634.6
          ],
          [
            404294.75,
            4753634.6
          ],
          [
            404321.42,
            4753607.94
          ],
          [
            404348.09,
            4753581.27
          ],
          [
            404374.76,
            4753581.27
          ],
          [
            404401.44,
            4753581.27
          ],
          [
            404428.11,
            4753554.61
          ],
          [
            404454.78,
            4753527.95
          ],
          [
            404481.45,
            4753527.95
          ]
        ]
      },
      "properties": {
        "segment_id": 172,
        "step": 172,
        "length_m": 390.91,
        "elevation_start": 112.45,
        "elevation_end": 101.31,
        "slope_percent": 2.85,
        "cost_usd": 562906.67,
        "cost_per_m": 800.0,
        "cumulative_cost": 83596038.51,
        "cumulative_distance_m": 66228.09,
        "land_cover_class": 10,
        "land_cover_name": "tree_cover",
        "geohazard_risk": 0.0,
        "terrain_class": "flat",
        "crs": "EPSG:32633"
      }
    },
    {
      "type": "Feature",
      "geometry": {
        "type": "LineString",
        "coordinates": [
          [
            404481.45,
            4753527.95
          ],
          [
            404508.12,
            4753527.95
          ],
          [
            404534.8,
            4753527.95
          ],
          [
            404561.47,
            4753527.95
          ],
          [
            404588.14,
            4753527.95
          ],
          [
            404614.81,
            4753527.95
          ],
          [
            404641.49,
            4753527.95
          ],
          [
            404668.16,
            4753527.95
          ],
          [
            404694.83,
            4753527.95
          ],
          [
            404721.5,
            4753527.95
          ],
          [
            404748.17,
            4753527.95
          ],
          [
            404774.85,
            4753527.95
          ],
          [
            404801.52,
            4753527.95
          ],
          [
            404828.19,
            4753527.95
          ],
          [
            404854.86,
            4753527.95
          ]
        ]
      },
      "properties": {
        "segment_id": 173,
        "step": 173,
        "length_m": 373.41,
        "elevation_start": 101.31,
        "elevation_end": 88.92,
        "slope_percent": 3.32,
        "cost_usd": 537712.63,
        "cost_per_m": 800.0,
        "cumulative_cost": 84133751.14,
        "cumulative_distance_m": 66601.5,
        "land_cover_class": 10,
        "land_cover_name": "tree_cover",
        "geohazard_risk": 0.0,
        "terrain_class": "flat",
        "crs": "EPSG:32633"
      }
    },
    {
      "type": "Feature",
      "geometry": {
        "type": "LineString",
        "coordinates": [
          [
            404854.86,
            4753527.95
          ],
          [
            404881.54,
            4753527.95
          ],
          [
            404908.21,
            4753527.95
          ],
          [
            404934.88,
            4753527.95
          ],
          [
            404961.55,
            4753527.95
          ],
          [
            404988.22,
            4753527.95
          ],
          [
            405014.9,
            4753527.95
          ],
          [
            405041.57,
            4753527.95
          ],
          [
            405068.24,
            4753527.95
          ],
          [
            405094.91,
            4753527.95
          ],
          [
            405121.59,
            4753501.28
          ],
          [
            405148.26,
            4753501.28
          ],
          [
            405174.93,
            4753501.28
          ],
          [
            405201.6,
            4753474.62
          ],
          [
            405228.28,
            4753474.62
          ]
        ]
      },
      "properties": {
        "segment_id": 174,
        "step": 174,
        "length_m": 395.5,
        "elevation_start": 88.92,
        "elevation_end": 81.28,
        "slope_percent": 1.93,
        "cost_usd": 569513.67,
        "cost_per_m": 800.0,
        "cumulative_cost": 84703264.81,
        "cumulative_distance_m": 66996.99,
        "land_cover_class": 10,
        "land_cover_name": "tree_cover",
        "geohazard_risk": 0.0,
        "terrain_class": "flat",
        "crs": "EPSG:32633"
      }
    },
    {
      "type": "Feature",
      "geometry": {
        "type": "LineString",
        "coordinates": [
          [
            405228.28,
            4753474.62
          ],
          [
            405254.95,
            4753474.62
          ],
          [
            405281.62,
            4753474.62
          ],
          [
            405308.29,
            4753447.95
          ],
          [
            405334.96,
            4753421.29
          ],
          [
            405361.64,
            4753394.63
          ],
          [
            405388.31,
            4753394.63
          ],
          [
            405414.98,
            4753367.96
          ],
          [
            405441.65,
            4753341.3
          ],
          [
            405468.33,
            4753341.3
          ],
          [
            405495.0,
            4753341.3
          ],
          [
            405521.67,
            4753341.3
          ],
          [
            405548.34,
            4753341.3
          ]
        ]
      },
      "properties": {
        "segment_id": 175,
        "step": 175,
        "length_m": 375.28,
        "elevation_start": 81.28,
        "elevation_end": 73.86,
        "slope_percent": 1.98,
        "cost_usd": 540399.14,
        "cost_per_m": 800.0,
        "cumulative_cost": 85243663.95,
        "cumulative_distance_m": 67372.27,
        "land_cover_class": 10,
        "land_cover_name": "tree_cover",
        "geohazard_risk": 0.0,
        "terrain_class": "flat",
        "crs": "EPSG:32633"
      }
    },
    {
      "type": "Feature",
      "geometry": {
        "type": "LineString",
        "coordinates": [
          [
            405548.34,
            4753341.3
          ],
          [
            405575.01,
            4753341.3
          ],
          [
            405601.69,
            4753314.64
          ],
          [
            405628.36,
            4753287.97
          ],
          [
            405655.03,
            4753287.97
          ],
          [
            405681.7,
            4753287.97
          ],
          [
            405708.38,
            4753287.97
          ],
          [
            405735.05,
            4753287.97
          ],
          [
            405761.72,
            4753287.97
          ],
          [
            405788.39,
            4753261.31
          ],
          [
            405815.06,
            4753261.31
          ],
          [
            405841.74,
            4753261.31
          ],
          [
            405868.41,
            4753261.31
          ],
          [
            405895.08,
            4753261.31
          ]
        ]
      },
      "properties": {
        "segment_id": 176,
        "step": 176,
        "length_m": 379.87,
        "elevation_start": 73.86,
        "elevation_end": 65.58,
        "slope_percent": 2.18,
        "cost_usd": 547006.15,
        "cost_per_m": 800.0,
        "cumulative_cost": 85790670.09,
        "cumulative_distance_m": 67752.13,
        "land_cover_class": 10,
        "land_cover_name": "tree_cover",
        "geohazard_risk": 0.0,
        "terrain_class": "flat",
        "crs": "EPSG:32633"
      }
    },
    {
      "type": "Feature",
      "geometry": {
        "type": "LineString",
        "coordinates": [
          [
            405895.08,
            4753261.31
          ],
          [
            405921.75,
            4753261.31
          ],
          [
            405948.43,
            4753261.31
          ],
          [
            405975.1,
            4753261.31
          ],
          [
            406001.77,
            4753261.31
          ],
          [
            406028.44,
            4753261.31
          ],
          [
            406055.12,
            4753261.31
          ],
          [
            406081.79,
            4753234.64
          ],
          [
            406108.46,
            4753234.64
          ],
          [
            406135.13,
            4753207.98
          ],
          [
            406161.8,
            4753207.98
          ],
          [
            406188.48,
            4753207.98
          ],
          [
            406215.15,
            4753207.98
          ],
          [
            406241.82,
            4753207.98
          ],
          [
            406268.49,
            4753207.98
          ]
        ]
      },
      "properties": {
        "segment_id": 177,
        "step": 177,
        "length_m": 395.5,
        "elevation_start": 65.58,
        "elevation_end": 63.23,
        "slope_percent": 0.6,
        "cost_usd": 569513.67,
        "cost_per_m": 800.0,
        "cumulative_cost": 86360183.76,
        "cumulative_distance_m": 68147.63,
        "land_cover_class": 10,
        "land_cover_name": "tree_cover",
        "geohazard_risk": 0.0,
        "terrain_class": "flat",
        "crs": "EPSG:32633"
      }
    },
    {
      "type": "Feature",
      "geometry": {
        "type": "LineString",
        "coordinates": [
          [
            406268.49,
            4753207.98
          ],
          [
            406295.17,
            4753207.98
          ],
          [
            406321.84,
            4753181.32
          ],
          [
            406348.51,
            4753154.65
          ],
          [
            406375.18,
            4753127.99
          ],
          [
            406401.85,
            4753101.32
          ],
          [
            406428.53,
            4753074.66
          ],
          [
            406455.2,
            4753048.0
          ],
          [
            406481.87,
            4753021.33
          ],
          [
            406508.54,
            4753021.33
          ],
          [
            406535.22,
            4753021.33
          ],
          [
            406561.89,
            4752994.67
          ]
        ]
      },
      "properties": {
        "segment_id": 178,
        "step": 178,
        "length_m": 381.73,
        "elevation_start": 63.23,
        "elevation_end": 65.72,
        "slope_percent": 0.65,
        "cost_usd": 403107.95,
        "cost_per_m": 800.0,
        "cumulative_cost": 86763291.71,
        "cumulative_distance_m": 68529.36,
        "land_cover_class": 30,
        "land_cover_name": "grassland",
        "geohazard_risk": 0.0,
        "terrain_class": "flat",
        "crs": "EPSG:32633"
      }
    },
    {
      "type": "Feature",
      "geometry": {
        "type": "LineString",
        "coordinates": [
          [
            406561.89,
            4752994.67
          ],
          [
            406588.56,
            4752968.01
          ],
          [
            406615.23,
            4752941.34
          ],
          [
            406641.9,
            4752914.68
          ],
          [
            406668.58,
            4752888.01
          ],
          [
            406695.25,
            4752861.35
          ],
          [
            406721.92,
            4752834.69
          ],
          [
            406748.59,
            4752808.02
          ],
          [
            406775.27,
            4752781.36
          ],
          [
            406801.94,
            4752754.7
          ],
          [
            406801.94,
            4752728.03
          ],
          [
            406801.94,
            4752701.37
          ]
        ]
      },
      "properties": {
        "segment_id": 179,
        "step": 179,
        "length_m": 392.76,
        "elevation_start": 65.72,
        "elevation_end": 97.89,
        "slope_percent": 8.19,
        "cost_usd": 471307.35,
        "cost_per_m": 800.0,
        "cumulative_cost": 87234599.06,
        "cumulative_distance_m": 68922.12,
        "land_cover_class": 40,
        "land_cover_name": "cropland",
        "geohazard_risk": 0.0,
        "terrain_class": "rolling",
        "crs": "EPSG:32633"
      }
    },
    {
      "type": "Feature",
      "geometry": {
        "type": "LineString",
        "coordinates": [
          [
            406801.94,
            4752701.37
          ],
          [
            406801.94,
            4752674.7
          ],
          [
            406828.61,
            4752648.04
          ],
          [
            406828.61,
            4752621.38
          ],
          [
            406855.28,
            4752594.71
          ],
          [
            406881.95,
            4752568.05
          ],
          [
            406908.63,
            4752541.39
          ],
          [
            406908.63,
            4752514.72
          ],
          [
            406908.63,
            4752488.06
          ],
          [
            406908.63,
            4752461.39
          ],
          [
            406908.63,
            4752434.73
          ],
          [
            406935.3,
            4752408.07
          ],
          [
            406961.97,
            4752408.07
          ]
        ]
      },
      "properties": {
        "segment_id": 180,
        "step": 180,
        "length_m": 375.23,
        "elevation_start": 97.89,
        "elevation_end": 166.04,
        "slope_percent": 18.16,
        "cost_usd": 396239.11,
        "cost_per_m": 800.0,
        "cumulative_cost": 87630838.17,
        "cumulative_distance_m": 69297.34,
        "land_cover_class": 30,
        "land_cover_name": "grassland",
        "geohazard_risk": 0.0,
        "terrain_class": "mountainous",
        "crs": "EPSG:32633"
      }
    },
    {
      "type": "Feature",
      "geometry": {
        "type": "LineString",
        "coordinates": [
          [
            406961.97,
            4752408.07
          ],
          [
            406988.64,
            4752408.07
          ],
          [
            407015.32,
            4752381.4
          ],
          [
            407041.99,
            4752354.74
          ],
          [
            407068.66,
            4752328.07
          ],
          [
            407095.33,
            4752301.41
          ],
          [
            407122.01,
            4752274.75
          ],
          [
            407148.68,
            4752248.08
          ],
          [
            407175.35,
            4752221.42
          ],
          [
            407202.02,
            4752194.76
          ],
          [
            407228.69,
            4752168.09
          ]
        ]
      },
      "properties": {
        "segment_id": 181,
        "step": 181,
        "length_m": 366.1,
        "elevation_start": 166.04,
        "elevation_end": 83.58,
        "slope_percent": 22.52,
        "cost_usd": 386602.43,
        "cost_per_m": 800.0,
        "cumulative_cost": 88017440.6,
        "cumulative_distance_m": 69663.44,
        "land_cover_class": 30,
        "land_cover_name": "grassland",
        "geohazard_risk": 0.0,
        "terrain_class": "steep",
        "crs": "EPSG:32633"
      }
    },
    {
      "type": "Feature",
      "geometry": {
        "type": "LineString",
        "coordinates": [
          [
            407228.69,
            4752168.09
          ],
          [
            407255.37,
            4752141.43
          ],
          [
            407282.04,
            4752114.76
          ],
          [
            407308.71,
            4752088.1
          ],
          [
            407335.38,
            4752061.44
          ],
          [
            407362.06,
            4752034.77
          ],
          [
            407388.73,
            4752008.11
          ],
          [
            407415.4,
            4751981.45
          ],
          [
            407442.07,
            4751954.78
          ],
          [
            407468.74,
            4751928.12
          ],
          [
            407495.42,
            4751901.45
          ]
        ]
      },
      "properties": {
        "segment_id": 182,
        "step": 182,
        "length_m": 377.14,
        "elevation_start": 83.58,
        "elevation_end": 54.82,
        "slope_percent": 7.63,
        "cost_usd": 543085.66,
        "cost_per_m": 800.0,
        "cumulative_cost": 88560526.26,
        "cumulative_distance_m": 70040.59,
        "land_cover_class": 10,
        "land_cover_name": "tree_cover",
        "geohazard_risk": 0.0,
        "terrain_class": "rolling",
        "crs": "EPSG:32633"
      }
    },
    {
      "type": "Feature",
      "geometry": {
        "type": "LineString",
        "coordinates": [
          [
            407495.42,
            4751901.45
          ],
          [
            407495.42,
            4751874.79
          ],
          [
            407522.09,
            4751848.13
          ],
          [
            407548.76,
            4751821.46
          ],
          [
            407575.43,
            4751794.8
          ],
          [
            407575.43,
            4751768.14
          ],
          [
            407575.43,
            4751741.47
          ],
          [
            407575.43,
            4751714.81
          ],
          [
            407575.43,
            4751688.14
          ],
          [
            407575.43,
            4751661.48
          ],
          [
            407575.43,
            4751634.82
          ],
          [
            407575.43,
            4751608.15
          ],
          [
            407575.43,
            4751581.49
          ],
          [
            407602.11,
            4751554.82
          ]
        ]
      },
      "properties": {
        "segment_id": 183,
        "step": 183,
        "length_m": 390.83,
        "elevation_start": 54.82,
        "elevation_end": 35.71,
        "slope_percent": 4.89,
        "cost_usd": 468997.53,
        "cost_per_m": 800.0,
        "cumulative_cost": 89029523.79,
        "cumulative_distance_m": 70431.42,
        "land_cover_class": 40,
        "land_cover_name": "cropland",
        "geohazard_risk": 0.0,
        "terrain_class": "flat",
        "crs": "EPSG:32633"
      }
    },
    {
      "type": "Feature",
      "geometry": {
        "type": "LineString",
        "coordinates": [
          [
            407602.11,
            4751554.82
          ],
          [
            407628.78,
            4751528.16
          ],
          [
            407628.78,
            4751501.5
          ],
          [
            407628.78,
            4751474.83
          ],
          [
            407628.78,
            4751448.17
          ],
          [
            407628.78,
            4751421.51
          ],
          [
            407628.78,
            4751394.84
          ],
          [
            407655.45,
            4751368.18
          ],
          [
            407655.45,
            4751341.51
          ],
          [
            407655.45,
            4751314.85
          ],
          [
            407655.45,
            4751288.19
          ],
          [
            407682.12,
            4751261.52
          ],
          [
            407708.79,
            4751234.86
          ]
        ]
      },
      "properties": {
        "segment_id": 184,
        "step": 184,
        "length_m": 364.17,
        "elevation_start": 35.71,
        "elevation_end": 19.13,
        "slope_percent": 4.55,
        "cost_usd": 524401.18,
        "cost_per_m": 800.0,
        "cumulative_cost": 89553924.97,
        "cumulative_distance_m": 70795.59,
        "land_cover_class": 10,
        "land_cover_name": "tree_cover",
        "geohazard_risk": 0.0,
        "terrain_class": "flat",
        "crs": "EPSG:32633"
      }
    },
    {
      "type": "Feature",
      "geometry": {
        "type": "LineString",
        "coordinates": [
          [
            407708.79,
            4751234.86
          ],
          [
            407735.47,
            4751208.2
          ],
          [
            407762.14,
            4751181.53
          ],
          [
            407788.81,
            4751154.87
          ],
          [
            407815.48,
            4751128.2
          ],
          [
            407842.16,
            4751101.54
          ],
          [
            407868.83,
            4751074.88
          ],
          [
            407895.5,
            4751048.21
          ],
          [
            407922.17,
            4751021.55
          ],
          [
            407948.85,
            4750994.89
          ],
          [
            407975.52,
            4750968.22
          ]
        ]
      },
      "properties": {
        "segment_id": 185,
        "step": 185,
        "length_m": 377.14,
        "elevation_start": 19.13,
        "elevation_end": 5.61,
        "slope_percent": 3.58,
        "cost_usd": 543085.66,
        "cost_per_m": 800.0,
        "cumulative_cost": 90097010.62,
        "cumulative_distance_m": 71172.73,
        "land_cover_class": 10,
        "land_cover_name": "tree_cover",
        "geohazard_risk": 0.0,
        "terrain_class": "flat",
        "crs": "EPSG:32633"
      }
    },
    {
      "type": "Feature",
      "geometry": {
        "type": "LineString",
        "coordinates": [
          [
            407975.52,
            4750968.22
          ],
          [
            408002.19,
            4750941.56
          ],
          [
            408028.86,
            4750941.56
          ],
          [
            408055.53,
            4750941.56
          ],
          [
            408082.21,
            4750941.56
          ],
          [
            408108.88,
            4750941.56
          ],
          [
            408135.55,
            4750941.56
          ],
          [
            408162.22,
            4750941.56
          ],
          [
            408188.9,
            4750914.89
          ],
          [
            408215.57,
            4750888.23
          ],
          [
            408242.24,
            4750861.57
          ],
          [
            408268.91,
            4750834.9
          ],
          [
            408295.58,
            4750808.24
          ]
        ]
      },
      "properties": {
        "segment_id": 186,
        "step": 186,
        "length_m": 386.32,
        "elevation_start": 5.61,
        "elevation_end": 3.99,
        "slope_percent": 0.42,
        "cost_usd": 463583.05,
        "cost_per_m": 800.0,
        "cumulative_cost": 90560593.68,
        "cumulative_distance_m": 71559.05,
        "land_cover_class": 40,
        "land_cover_name": "cropland",
        "geohazard_risk": 0.0,
        "terrain_class": "flat",
        "crs": "EPSG:32633"
      }
    },
    {
      "type": "Feature",
      "geometry": {
        "type": "LineString",
        "coordinates": [
          [
            408295.58,
            4750808.24
          ],
          [
            408322.26,
            4750781.57
          ],
          [
            408348.93,
            4750754.91
          ],
          [
            408348.93,
            4750728.25
          ],
          [
            408348.93,
            4750701.58
          ],
          [
            408348.93,
            4750674.92
          ],
          [
            408348.93,
            4750648.26
          ],
          [
            408348.93,
            4750621.59
          ],
          [
            408348.93,
            4750594.93
          ],
          [
            408348.93,
            4750568.26
          ],
          [
            408348.93,
            4750541.6
          ],
          [
            408375.6,
            4750514.94
          ],
          [
            408402.27,
            4750488.27
          ]
        ]
      },
      "properties": {
        "segment_id": 187,
        "step": 187,
        "length_m": 364.17,
        "elevation_start": 3.99,
        "elevation_end": 4.31,
        "slope_percent": 0.09,
        "cost_usd": 384560.86,
        "cost_per_m": 800.0,
        "cumulative_cost": 90945154.54,
        "cumulative_distance_m": 71923.22,
        "land_cover_class": 30,
        "land_cover_name": "grassland",
        "geohazard_risk": 0.0,
        "terrain_class": "flat",
        "crs": "EPSG:32633"
      }
    },
    {
      "type": "Feature",
      "geometry": {
        "type": "LineString",
        "coordinates": [
          [
            408402.27,
            4750488.27
          ],
          [
            408375.6,
            4750461.61
          ],
          [
            408348.93,
            4750434.95
          ],
          [
            408344.71,
            4750423.54
          ]
        ]
      },
      "properties": {
        "segment_id": 188,
        "step": 188,
        "length_m": 75.43,
        "elevation_start": 4.31,
        "elevation_end": 4.93,
        "slope_percent": 0.82,
        "cost_usd": 108617.13,
        "cost_per_m": 800.0,
        "cumulative_cost": 91053771.67,
        "cumulative_distance_m": 71998.64,
        "land_cover_class": 10,
        "land_cover_name": "tree_cover",
        "geohazard_risk": 0.0,
        "terrain_class": "flat",
        "crs": "EPSG:32633"
      }
    }
  ]
}