#{"t_start": 1763711140.0213337, "env_id": "None"}
r,l,t
331.75394,2,0.706276
268.395,2,0.706394
221.73856,3,0.719221
185.85458,3,0.719264
291.58405,3,0.719274
388.84204,3,0.719282
839.6918,5,0.730314
269.381,5,0.730372
289.1609,2,0.730387
982.46606,6,0.741439
15.982849,6,0.741607
240.70152,2,0.744834
812.9636,8,0.747681
1373.5529,7,0.754721
499.56116,9,0.754805
906.9186,6,0.754822
514.3306,11,0.772108
-142.51077,6,0.772427
1681.5762,12,0.784627
1614.7721,12,0.784711
541.5023,12,0.784745
218.96227,2,0.798488
-163.47623,6,0.802819
1606.6841,15,0.807663
386.46448,10,0.807734
572.52966,3,0.807753
48.57007,6,0.821984
195.58176,2,0.822057
2093.9233,14,0.822074
1073.7711,4,0.840582
1536.4761,20,0.845326
3196.4458,19,0.849991
2880.4485,14,0.85005
1542.4802,19,0.862543
4326.3584,17,0.867571
512.4804,6,0.867655
460.1955,5,0.873128
571.6075,16,0.877754
364.25235,9,0.8886
3584.4067,27,0.893392
219.35341,5,0.90225
859.9636,16,0.913146
777.5919,17,0.913213
197.82184,9,0.917996
691.06793,24,0.918045
149.20367,9,0.93306
77.44202,4,0.945301
4275.893,34,0.965369
337.1637,2,0.965442
665.7636,3,0.977289
1695.9999,8,0.977346
1870.3157,29,0.980055
2507.1553,31,0.998294
1348.8065,12,1.005045
863.3717,21,1.005099
6514.0776,47,1.046244
354.04327,21,1.0463
31.854492,6,1.05291
586.32263,19,1.056776
6709.545,34,1.056842
4152.1636,24,1.05686
8288.176,37,1.075043
1401.6443,12,1.081181
295.8662,3,1.081289
11761.75,53,1.09092
1344.284,16,1.091004
1598.1437,24,1.09102
394.78595,16,1.097768
589.6189,4,1.101586
1261.8385,5,1.113755
3776.734,40,1.113824
2374.387,13,1.134426
5585.1987,37,1.141732
5361.314,49,1.141799
476.93643,10,1.145258
3341.847,15,1.15496
603.2406,10,1.168433
6541.379,43,1.177036
805.2331,13,1.177103
342.8706,2,1.184656
1796.7925,68,1.184721
2496.7046,13,1.199484
1602.394,29,1.207635
1307.8821,12,1.214949
330.55313,4,1.227795
1726.5615,43,1.227872
2091.5925,11,1.22789
4412.8735,22,1.238441
4147.066,39,1.246863
3735.166,27,1.246923
492.18158,6,1.250385
151.15622,9,1.250446
225.00378,2,1.25427
2389.8743,25,1.260794
474.8739,2,1.26085
1146.612,5,1.268429
-285.16006,19,1.268478
3327.239,32,1.26849
58.38498,2,1.282206
10173.791,63,1.282504
99.92816,3,1.293675
945.352,9,1.293752
9993.269,50,1.293766
1703.9824,12,1.310655
-358.90616,5,1.310722
402.982,2,1.310739
-74.971466,3,1.313904
1057.6124,14,1.313954
1621.6709,11,1.317344
5063.883,61,1.317392
1910.7825,14,1.317407
591.4933,3,1.322532
1458.4569,6,1.328905
2545.6775,31,1.329003
1710.8184,13,1.329017
118.13522,6,1.3379
621.26843,10,1.33797
305.677,6,1.344283
1365.5739,9,1.348504
1000.1434,8,1.358539
-317.81747,3,1.358607
56.471725,5,1.362634
289.5485,3,1.362667
299.36584,2,1.371107
2003.6881,9,1.374928
500.41022,3,1.37501
2821.1716,14,1.387421
5455.2188,54,1.394605
683.394,4,1.414453
1960.4016,24,1.4145
1763.5938,25,1.41451
-418.8626,2,1.414516
4888.388,39,1.419432
4342.8335,15,1.435219
2330.0107,41,1.435296
8563.742,107,1.435313
10333.596,52,1.44242
-116.358765,3,1.446381
177.50897,9,1.453769
307.11487,6,1.460214
2135.2925,39,1.460302
2466.2065,14,1.479484
1208.0613,19,1.485622
3273.44,21,1.485669
508.74408,8,1.49282
635.7238,4,1.492868
4255.3945,30,1.510491
448.41083,5,1.51522
4978.5386,38,1.515274
1093.0979,8,1.518831
1748.7874,34,1.518882
7793.3086,68,1.523409
2439.0203,36,1.523489
766.12054,4,1.539992
-340.36517,27,1.543033
783.9219,5,1.546031
2425.8755,79,1.546078
201.2849,5,1.548615
10201.706,66,1.559988
10645.383,52,1.565658
2377.038,13,1.572951
594.0195,5,1.587063
998.0985,8,1.598392
1999.2676,34,1.611292
396.54712,3,1.611362
895.55475,5,1.61138
4252.8955,46,1.617737
166.25497,3,1.622027
363.3849,12,1.6253
2891.0667,17,1.62535
5868.9746,36,1.639748
8075.46,49,1.639789
242.33035,3,1.643959
9093.829,45,1.662729
1094.7789,9,1.666295
515.6558,4,1.671816
966.7728,9,1.67186
736.7826,4,1.671871
677.38214,10,1.677571
2373.35,21,1.681311
1323.0117,9,1.700415
525.62616,7,1.70048
683.14655,3,1.700494
764.0098,6,1.719287
2283.002,43,1.719351
980.0389,7,1.729969
1100.5504,6,1.73283
517.51263,29,1.735793
2603.9749,47,1.73584
519.6582,3,1.754942
1850.3389,12,1.789048
5722.496,68,1.803214
1401.685,5,1.803283
4015.8616,58,1.803301
1692.3982,13,1.803309
3763.945,19,1.808517
4256.741,20,1.808585
201.31837,2,1.812503
10021.512,50,1.812568
9259.127,44,1.815871
184.64685,4,1.824067
8959.009,45,1.83637
2987.4307,16,1.84958
15.934906,2,1.849631
922.6464,5,1.864522
2526.3237,53,1.864591
1226.6316,6,1.882738
2595.5432,14,1.917981
1476.709,26,1.918039
1615.259,31,1.920797
134.12173,5,1.951549
11441.494,56,1.96403
6151.407,44,1.969537
1165.8395,9,1.969602
4716.1616,21,1.969618
2338.4753,37,1.994934
877.6409,8,1.998165
13685.544,93,2.003135
23.82193,3,2.012619
224.1647,9,2.017797
2341.5464,24,2.017838
4248.108,32,2.031642
761.7236,4,2.04715
273.555,4,2.054176
1056.0122,11,2.059264
2690.171,15,2.059326
2888.1143,124,2.085126
2833.0183,51,2.090932
2552.2224,14,2.093943
2186.9412,42,2.093981
5626.828,55,2.096594
547.38763,2,2.099456
2179.821,40,2.111739
6101.159,43,2.111816
494.6177,4,2.120307
199.9976,2,2.120377
708.63464,43,2.120394
1900.0249,11,2.120401
196.90471,2,2.137789
1934.5826,37,2.137849
3891.4956,17,2.14635
920.36914,10,2.146393
1279.8655,6,2.149453
2300.32,49,2.152815
-18.692017,7,2.16598
298.87506,17,2.173959
-41.194183,6,2.180358
5446.1577,54,2.192862
990.62256,16,2.192924
309.11984,2,2.196941
4262.0054,42,2.196991
1004.85913,15,2.197005
1997.0154,24,2.200542
715.4187,7,2.200587
6331.598,92,2.200598
72.03433,2,2.203326
2607.5042,21,2.2084
1970.8413,36,2.211452
5341.769,93,2.227416
470.1776,5,2.227491
9788.85,34,2.244271
5555.6123,38,2.258578
1156.931,6,2.258644
-96.12668,43,2.264476
712.39624,11,2.267662
-62.50995,3,2.267713
1746.7078,23,2.27118
150.57275,15,2.276543
711.3081,8,2.276612
385.13452,4,2.283243
38.13214,4,2.299158
687.9674,3,2.299237
1324.2133,10,2.307373
620.511,7,2.31083
2309.6162,35,2.325922
1145.768,30,2.325997
271.46698,9,2.34702
4402.503,32,2.347124
979.18365,5,2.347155
11455.322,80,2.351533
-117.986694,4,2.3516
811.19226,6,2.356604
1066.846,5,2.368408
1604.1973,12,2.368497
1113.5054,5,2.372234
4076.4824,29,2.372318
1622.6558,20,2.372338
1045.3618,31,2.375867
-6.8072815,3,2.383416
3357.4258,29,2.389043
4098.669,37,2.389113
-101.62576,5,2.392469
423.37372,12,2.397687
743.7079,3,2.401557
1394.1436,8,2.415309
5384.1504,36,2.436879
4107.0503,23,2.436986
1944.4991,37,2.437014
496.982,6,2.450046
371.57755,2,2.450109
776.28845,8,2.453906
894.77704,7,2.482919
235.54901,4,2.482977
133.92783,4,2.486065
3670.9995,20,2.489045
621.3395,3,2.498796
742.35944,22,2.498877
1200.5486,19,2.518292
-138.5434,5,2.521492
645.8352,6,2.521568
-251.50333,2,2.547581
7816.2993,115,2.54765
253.35721,5,2.571344
13655.448,54,2.571406
5708.9165,48,2.57142
1316.5381,16,2.5888
1960.3405,17,2.58887
372.84106,5,2.588885
4429.064,129,2.615423
1520.2932,42,2.615512
1993.6145,44,2.615531
-237.60593,7,2.618859
267.60715,4,2.618888
393.93195,17,2.618896
954.4774,15,2.627425
221.56076,5,2.650337
3770.8079,37,2.655971
2362.446,13,2.656015
705.36194,7,2.656028
920.54224,11,2.656033
-36.5177,2,2.674456
4155.4287,33,2.67454
835.67645,5,2.678969
385.36618,3,2.67901
1183.2455,13,2.67902
4487.1123,40,2.679026
461.25995,11,2.688995
7094.756,82,2.689131
14008.116,111,2.701418
540.0847,2,2.701506
483.8675,6,2.71833
394.69113,2,2.72139
343.4081,3,2.736412
1180.959,7,2.758886
4752.162,24,2.792028
253.9722,6,2.806046
8581.793,47,2.830769
1229.7488,13,2.830817
6931.848,58,2.830827
1108.9188,5,2.8607
293.30984,2,2.860777
2724.4163,17,2.860802
1362.8484,48,2.864085
349.79318,4,2.867059
270.3099,3,2.883667
1008.2445,6,2.896897
461.7446,2,2.896999
1850.0367,23,2.910671
1545.0935,9,2.950258
2143.2415,23,2.980914
4011.3364,31,3.000476
6126.7007,46,3.003825
75.29297,2,3.009246
1038.2146,34,3.009296
5782.2114,43,3.009311
2122.48,14,3.012358
13798.741,49,3.012397
4217.6455,16,3.016341
638.23486,2,3.016403
2345.703,66,3.039423
3516.5583,29,3.042307
-124.02597,5,3.045146
737.18695,3,3.049236
1660.7441,8,3.049315
669.3126,7,3.049332
785.73975,38,3.056004
2271.4849,25,3.05608
6134.292,52,3.059394
514.2246,3,3.06321
2039.2437,52,3.063282
11203.695,55,3.084925
-15.284363,4,3.084969
395.65588,8,3.105054
700.64355,21,3.105158
435.07855,3,3.160698
304.61493,5,3.163103
9479.45,48,3.163206
13101.876,54,3.226575
473.81778,2,3.228995
562.0502,4,3.229095
44.031097,3,3.290385
776.1515,6,3.290743
1540.1758,18,3.350156
1827.815,103,3.389741
2419.9211,14,3.389829
1171.2808,12,3.429199
170.35408,36,3.47636
3365.693,23,3.526398
62.151733,15,3.53059
2076.1938,12,3.582418
808.99347,4,3.58676
464.01837,7,3.587075
552.14435,5,3.632518
2686.5874,24,3.632578
-255.09566,3,3.677765
664.3115,5,3.679162
107.69693,3,3.679199
485.52707,3,3.70195
746.7736,5,3.704534
1109.7606,8,3.746372
-106.229706,2,3.746412
10423.166,47,3.770458
4799.604,66,3.770568
1473.7655,9,3.796471
-524.332,4,3.800046
2970.8281,40,3.810611
617.2328,9,3.831184
377.52396,3,3.848465
11373.481,51,3.848541
1842.5898,17,3.871988
1824.6627,27,3.892595
1108.5085,15,3.892668
2053.85,28,3.895869
1873.2871,14,3.895911
4358.6235,39,3.898701
6266.9224,39,3.901638
356.06592,12,3.901681
1811.3306,17,3.923378
7743.633,37,3.934571
1662.5309,32,3.934633
820.1008,5,3.934649
3519.6924,37,3.952236
475.90988,8,3.952285
364.80768,4,3.95551
1150.8602,6,3.962662
747.7306,9,3.979219
1549.3044,35,3.984173
2408.112,47,3.989156
5087.7124,37,4.008266
941.31116,60,4.0114
1199.8777,6,4.014326
219.84698,13,4.032151
2895.1245,18,4.032228
49.246277,4,4.037973
297.7246,3,4.052986
521.4097,3,4.05961
1901.8937,19,4.059664
330.48972,10,4.064981
1180.4657,14,4.067977
10913.641,138,4.081256
493.9563,5,4.081318
1337.93,36,4.085161
828.13367,4,4.085213
2042.1417,54,4.085227
533.84094,4,4.087916
1839.1892,17,4.098861
276.8142,3,4.111771
-401.04797,2,4.123913
13000.556,56,4.248253
919.15704,5,4.261628
1331.5264,33,4.261692
665.0177,9,4.261708
2923.0432,24,4.261714
2525.435,12,4.277304
1160.5433,18,4.277361
1161.9231,50,4.283162
341.8121,37,4.286163
8717.171,95,4.286205
9480.554,57,4.288862
3029.9224,26,4.301744
8545.642,60,4.305549
3881.4854,54,4.305603
954.4251,11,4.305617
8132.4336,61,4.305624
396.22647,7,4.310867
1888.2756,24,4.316091
241.11768,2,4.316198
2113.395,24,4.32859
226.27267,6,4.334288
1395.0046,12,4.349928
777.208,3,4.353104
243.08482,4,4.353153
1755.1787,39,4.353167
3954.1577,25,4.377169
989.15753,6,4.377216
271.0996,3,4.395349
4223.396,28,4.395403
2576.7905,14,4.400518
4400.493,26,4.404139
4277.4478,26,4.404182
372.02072,2,4.434168
4408.0835,20,4.434266
97.78595,3,4.434288
9458.103,75,4.456499
54.72693,37,4.460175
6506.8433,42,4.465975
1500.6548,10,4.466029
5384.9644,78,4.469535
622.58307,6,4.469595
542.9867,4,4.46961
-92.356995,6,4.472647
1480.9736,27,4.472718
243.08882,2,4.490357
720.999,12,4.502503
3148.87,36,4.508834
3164.1577,26,4.517541
11328.422,40,4.527651
200.99847,4,4.537073
1197.521,16,4.547968
1909.2048,34,4.548051
193.92047,4,4.552308
-554.4529,21,4.569806
3228.6074,17,4.569922
10825.371,41,4.569953
558.7412,4,4.58939
1481.9421,18,4.593512
288.12073,2,4.597447
7530.6416,44,4.597513
3811.268,21,4.615545
2013.5564,39,4.628988
845.6452,5,4.632743
636.15393,4,4.632807
1702.5715,9,4.63578
1546.6355,42,4.650764
1308.004,10,4.650901
578.0649,12,4.658744
-59.699306,3,4.658796
1252.0648,17,4.661535
2396.5747,16,4.681449
51.138306,5,4.684562
2017.8534,9,4.689419
226.4765,3,4.689489
724.0055,4,4.689505
603.212,3,4.706637
9837.873,119,4.712773
-38.844788,35,4.712818
720.93365,7,4.715448
2103.8286,25,4.718636
8924.674,76,4.718676
781.7918,7,4.721266
1988.0425,14,4.73867
2050.611,41,4.738763
621.73706,19,4.746699
444.55984,8,4.751857
-574.20166,15,4.763512
10510.631,54,4.76357
473.7318,2,4.763581
558.1678,5,4.773725
1080.7194,8,4.773806
143.63387,2,4.787152
7518.3765,147,4.807595
1161.2184,5,4.822135
1777.1259,14,4.834414
794.7469,54,4.834491
6283.6143,24,4.834536
5890.8887,56,4.834544
-314.99084,2,4.851661
7374.311,39,4.851743
12990.662,66,4.855285
1897.936,22,4.855336
717.11346,9,4.855352
33.872437,4,4.864945
671.6741,9,4.86501
12855.751,55,4.879929
1620.0833,25,4.879998
-66.53406,5,4.883247
540.2649,6,4.883311
209.68604,44,4.886374
9860.968,41,4.901439
6706.73,28,4.905031
642.4782,56,4.915872
2643.7366,20,4.934965
373.69055,3,4.935028
477.99124,5,4.935045
637.13055,10,4.93505
497.19342,2,4.958979
710.10364,13,4.968029
-189.5586,4,4.98547
814.2961,14,4.985525
3703.433,23,4.985538
5753.4873,113,4.997997
1800.215,21,4.998078
31.927368,8,5.003444
1152.785,5,5.027308
-87.301956,2,5.045293
1775.4601,8,5.070538
1317.0385,9,5.091768
6334.817,29,5.09508
2891.39,26,5.095136
2056.1416,30,5.097811
353.04633,2,5.102648
3374.2202,31,5.118747
1084.8124,9,5.118818
12485.128,55,5.122746
2243.725,36,5.122796
-127.54379,3,5.130633
894.3318,15,5.130687
1728.2603,10,5.143181
583.2509,2,5.143257
556.74304,3,5.162796
1061.9574,10,5.166129
1128.8052,5,5.171906
550.84607,3,5.171947
3036.9797,42,5.195309
295.97974,7,5.199307
164.06201,3,5.19937
2441.688,40,5.199386
-318.83643,3,5.22066
9677.537,46,5.220776
481.48337,3,5.223845
6145.0923,74,5.250068
955.3695,5,5.250122
3403.7588,20,5.253211
1868.0608,31,5.253252
4739.5234,31,5.263553
2076.6406,17,5.263633
1483.8203,11,5.267019
408.7093,2,5.27009
765.90155,16,5.270129
75.21826,7,5.273131
1108.5884,8,5.273171
675.19525,5,5.290352
2183.7766,74,5.290416
1355.9874,17,5.293712
175.84602,2,5.296977
701.6332,8,5.297021
396.35483,3,5.300265
2378.3171,12,5.300305
765.0821,4,5.300318
880.057,5,5.303285
3953.9888,40,5.303323
331.50687,10,5.30637
513.97125,2,5.306396
2045.565,54,5.306404
625.511,6,5.335265
3357.0142,27,5.335336
626.16754,15,5.348553
2197.8838,13,5.348637
-308.32306,5,5.369268
6190.247,73,5.369391
1697.3999,13,5.372607
1085.5947,10,5.393615
708.5358,7,5.393739
755.17065,8,5.393761
3885.6333,16,5.397259
-1.919281,6,5.40039
2413.9724,13,5.400442
365.70862,5,5.403592
183.4473,4,5.403641
78.61931,2,5.40634
11173.5625,63,5.421298
460.79962,2,5.421357
275.0562,5,5.421372
1617.8894,12,5.421379
-266.00153,2,5.421395
1128.6152,12,5.448753
608.1089,3,5.448832
848.0499,8,5.44885
584.17377,10,5.467783
694.2985,7,5.467855
319.62598,7,5.470801
882.2997,16,5.473861
1921.398,21,5.473914
1811.1624,9,5.47683
546.4688,2,5.479728
5097.2554,39,5.490767
143.17667,3,5.496261
1075.8098,9,5.496326
944.67816,9,5.496341
3261.861,19,5.514899
1737.5944,9,5.526141
751.6654,9,5.526181
820.4183,3,5.526191
824.6034,3,5.546406
576.3633,5,5.546472
1412.4688,7,5.54964
3862.449,57,5.552524
529.9829,34,5.564475
1920.9464,18,5.567948
1334.3411,4,5.568002
-118.454895,3,5.574604
225.51447,5,5.577785
5889.846,43,5.577842
1359.4722,11,5.59461
0.79400635,4,5.600256
1470.6437,15,5.606403
-440.8507,9,5.606468
3855.8645,30,5.606483
629.1855,3,5.612308
14059.49,74,5.61698
2113.9648,15,5.624768
4124.6143,42,5.636189
367.71777,4,5.636246
12276.357,99,5.671836
1849.5503,145,5.671908
7833.034,43,5.671922
1792.6333,40,5.671928
1294.0173,11,5.686822
-762.71643,20,5.686862
3768.5117,34,5.698781
650.4412,11,5.70204
10955.787,51,5.704896
4934.799,38,5.707684
487.55676,3,5.710782
865.5693,6,5.710832
329.74387,6,5.714086
484.64856,6,5.71414
-112.41321,3,5.717495
72.820145,2,5.717546
707.6218,19,5.731374
944.02423,3,5.734865
4323.195,41,5.747144
252.79631,3,5.767153
2273.5288,14,5.767209
8288.164,41,5.772181
306.7498,3,5.782475
2519.312,27,5.787997
371.17096,2,5.788068
3091.9316,14,5.804177
403.65137,8,5.826102
1097.9282,30,5.828979
1685.2482,15,5.831678
6768.493,42,5.834391
4540.338,82,5.855953
386.52502,4,5.856011
382.34827,10,5.856026
606.4198,4,5.858988
2330.981,10,5.861729
532.062,32,5.866807
7431.3228,26,5.870866
232.51224,3,5.870934
2276.3232,13,5.887068
3889.147,64,5.890268
1737.7799,18,5.890314
292.6197,6,5.895304
1815.1593,22,5.897897
620.97375,54,5.900973
1940.9612,12,5.901006
3271.9375,140,5.91063
5306.4385,64,5.910714
1050.9026,14,5.928849
4437.946,35,5.934019
8829.132,42,5.937214
-214.65036,3,5.937258
2212.7546,12,5.940202
1485.1155,16,5.940228
1401.2305,40,5.964705
1553.2157,18,5.981918
861.02765,7,5.985861
5155.292,69,5.994383
686.4774,13,5.994426
1007.2646,11,6.000865
992.0404,5,6.014183
1797.0487,16,6.014224
375.97595,8,6.014233
2243.3857,13,6.026379
4363.1704,20,6.049539
1407.7466,24,6.052673
1049.816,9,6.056718
259.393,7,6.056784
223.39093,4,6.056801
2065.04,17,6.06093
20.527771,4,6.067853
361.35803,3,6.06789
239.04056,3,6.07659
723.1001,13,6.081581
492.8661,8,6.085343
6544.5244,64,6.10139
1688.759,12,6.101449
195.46399,6,6.119549
1373.2456,9,6.139684
1056.6307,8,6.143396
372.27075,2,6.146375
4550.072,37,6.160268
915.532,14,6.160349
7963.5537,37,6.175258
4657.056,46,6.182172
1911.6857,10,6.182228
154.64005,25,6.182243
525.28577,3,6.188278
403.6933,2,6.192649
2007.296,48,6.199681
508.09094,3,6.203219
69.87033,5,6.223809
2026.8878,25,6.223888
1517.536,25,6.223907
980.02893,4,6.228241
13109.673,78,6.231873
291.46524,2,6.23193
1753.1232,89,6.235129
1797.7393,67,6.242305
367.536,4,6.250932
2225.0488,97,6.251008
4429.517,48,6.255398
379.2901,36,6.255461
56.77382,4,6.255478
25.255707,10,6.270378
504.99023,3,6.270427
1286.2723,13,6.270439
1176.612,5,6.273737
383.3352,2,6.27685
-51.613037,4,6.282339
-172.95325,6,6.282389
690.5022,8,6.287496
-114.299805,10,6.295479
653.8516,9,6.295555
212.90535,3,6.317717
97.47278,6,6.330008
1147.1254,19,6.330058
268.00272,2,6.348711
1318.3414,14,6.356569
965.584,4,6.360319
3202.4688,17,6.36036
2126.7449,36,6.360371
4522.7646,47,6.367027
1546.0847,10,6.379573
356.52362,32,6.37966
3003.617,81,6.402626
12907.773,45,6.42603
1101.7708,54,6.42616
3077.0024,58,6.43005
8456.635,44,6.430109
2736.9084,21,6.447814
505.5089,5,6.448077
239.2709,39,6.452479
4981.72,39,6.452545
6295.9165,98,6.456281
1083.6826,25,6.456333
1891.8008,32,6.461781
7781.481,134,6.467327
-105.84033,8,6.470897
11126.006,52,6.474413
287.95428,4,6.474518
1009.8749,5,6.480698
405.68134,14,6.480781
499.07428,4,6.490393
1412.4137,9,6.501291
3651.268,22,6.505118
93.59123,2,6.514926
3338.954,20,6.522619
1048.7058,11,6.533019
3354.0173,19,6.55356
3092.8096,29,6.568032
4771.2075,22,6.596641
154.68042,9,6.60252
5294.914,52,6.60257
291.61676,23,6.605414
993.0078,10,6.631877
1850.5383,53,6.638011
4439.933,20,6.638063
3246.6755,22,6.641738
5407.784,63,6.641799
1139.3853,11,6.645031
3534.5225,27,6.648821
1781.0427,9,6.669332
2237.3003,104,6.674765
1072.4744,9,6.679593
1057.7637,4,6.679675
527.2271,6,6.67969
1990.7646,11,6.679698
535.24225,5,6.679705
1786.3462,26,6.682987
1386.905,19,6.686258
580.5215,4,6.701335
4843.773,31,6.701403
346.86917,4,6.701418
2818.734,29,6.706589
996.7074,14,6.710091
1560.1914,19,6.710141
1962.8673,10,6.725051
-76.36752,4,6.739761
499.94522,7,6.739836
1541.2043,59,6.754704
3250.1104,47,6.754764
3001.6694,14,6.757784
1078.0782,12,6.771201
658.7526,15,6.784491
1526.5305,20,6.802825
2590.0413,55,6.80588
179.52002,2,6.812726
519.5061,16,6.826632
1545.1257,16,6.842088
3085.6736,24,6.851245
-90.020996,4,6.853979
328.8208,7,6.856842
7471.0425,40,6.865831
2389.142,37,6.873859
5866.09,36,6.889396
205.86661,4,6.898858
1906.3303,33,6.898937
934.58466,5,6.906502
148.68243,31,6.930555
2018.6328,43,6.934076
4090.2605,49,6.934102
4312.022,88,6.934109
6000.506,37,6.936767
182.63272,2,6.939961
-314.6678,2,6.94453
6010.1772,60,6.944584
1822.0581,11,6.947323
2253.119,17,6.950036
33.522705,4,7.060463
13.109013,2,7.060538
4712.437,37,7.070049
5511.9155,94,7.070118
7156.193,39,7.082392
5107.0015,39,7.082493
872.6532,16,7.094337
979.7568,7,7.094423
59.41157,2,7.094436
26.054443,4,7.107733
1429.8864,24,7.107821
61.963745,12,7.107842
714.8983,3,7.10785
2930.8984,15,7.107855
119.896385,3,7.118625
71.56935,3,7.118708
157.66039,2,7.12939
5560.085,34,7.129469
1117.0079,10,7.139502
324.0882,3,7.13957
-82.497375,3,7.139585
291.07205,2,7.151217
-351.0702,4,7.173167
7795.535,44,7.182984
872.5768,8,7.187878
219.6557,7,7.187939
321.27814,2,7.187955
652.30316,5,7.187961
1541.0504,20,7.200344
2458.7234,20,7.200396
2237.9724,48,7.204104
405.32596,3,7.204155
1080.9849,7,7.20417
311.6322,10,7.204177
2135.0232,12,7.207354
317.36273,2,7.207391
719.5457,4,7.211084
2439.8276,96,7.216112
1112.1438,11,7.227493
271.83618,14,7.227558
288.83615,5,7.227574
4666.3545,32,7.227581
-40.567413,4,7.227586
785.95557,5,7.249562
885.2065,26,7.249626
360.12,3,7.24964
6351.529,94,7.253767
322.31424,3,7.253839
4469.797,49,7.253855
432.82788,10,7.253862
326.74463,2,7.256614
1703.7983,10,7.264763
2420.1577,19,7.280722
2244.7097,15,7.284403
370.9681,2,7.287885
459.12564,6,7.287948
354.5481,5,7.292135
2204.9788,13,7.315486
91.09912,11,7.315541
1677.6432,50,7.315555
2859.777,19,7.329777
203.11633,6,7.349755
243.72249,2,7.354603
960.0315,8,7.354671
1943.0603,34,7.358926
-16.891052,16,7.386559
575.8594,40,7.426019
3001.7852,17,7.426082
1931.1885,21,7.459484
3973.545,30,7.459558
5627.4683,39,7.459574
942.93884,6,7.459579
748.4626,7,7.480736
-474.35696,2,7.498633
238.12689,3,7.515051
6834.2935,23,7.515134
890.8439,11,7.53705
3076.6492,19,7.537118
2661.8352,15,7.566517
1132.5309,7,7.56659
5183.1973,33,7.566604
2666.9792,15,7.566609
511.11115,3,7.566614
1101.6166,8,7.589059
1339.675,11,7.589114
1389.266,30,7.604195
6549.8525,36,7.604261
4850.479,31,7.622736
522.55743,2,7.633884
429.2482,6,7.633961
284.10016,3,7.63398
-260.2338,2,7.663141
-59.139526,9,7.677605
-246.88293,3,7.67766
1402.1385,22,7.677675
1956.008,35,7.677684
909.3375,8,7.698362
416.0667,5,7.698441
6106.7954,144,7.735199
2888.507,14,7.799802
1991.81,7,7.799847
927.9263,15,7.817795
538.79156,8,7.839249
1222.7151,14,7.839293
1370.6597,22,7.855006
388.53787,4,7.922411
2301.244,45,7.922475
29.890015,13,7.92249
1066.3756,17,7.950533
-427.85986,2,7.974446
2086.7646,24,8.00113
428.36166,2,8.019206
890.17505,13,8.070459
1469.2422,7,8.14221
1308.1615,16,8.179084
1439.0172,13,8.195063
3342.5837,35,8.218832
504.3454,43,8.218891
2560.2422,15,8.241634
1535.9508,12,8.266803
3454.3772,20,8.29197
5292.004,30,8.310369
1680.9312,23,8.310453
162.53229,2,8.343569
167.84308,3,8.343676
947.14764,4,8.343695
-342.47842,15,8.381928
5736.747,62,8.403061
4570.4,36,8.403132
794.9729,12,8.437395
7227.462,47,8.472546
186.09486,3,8.496193
1135.983,8,8.496284
895.86945,6,8.51156
2638.839,15,8.511708
462.8464,11,8.547434
4560.7676,44,8.547512
921.94006,8,8.547529
894.01917,4,8.620153
908.61914,21,8.620196
5604.99,63,8.741978
140.27505,4,8.764965
7580.8496,50,8.779999
3328.752,28,8.843172
780.8002,8,8.843234
2010.4263,17,8.866229
1161.3237,16,8.866304
1371.484,35,8.906987
736.7999,3,8.925992
7426.36,70,8.926109
826.0963,6,8.926134
1369.4752,9,8.942416
2269.1475,61,8.942912
2059.426,8,8.942935
399.8681,3,8.978222
156.54083,3,9.034912
501.94662,4,9.053402
324.08643,7,9.053444
-366.7433,3,9.103702
4422.9995,27,9.153447
-49.47278,37,9.153533
593.4595,6,9.170964
978.9437,11,9.191029
3745.0947,30,9.268465
-295.02408,3,9.305516
1619.5911,19,9.357876
445.6444,3,9.381043
1722.417,9,9.381097
1602.9712,18,9.417984
856.2473,10,9.437256
162.62039,3,9.454336
-157.30704,45,9.479912
165.35066,5,9.536051
1460.2163,20,9.560187
814.98157,6,9.584822
328.63568,2,9.584898
1233.2452,6,9.604237
202.1543,3,9.672928
560.0309,3,9.702153
1377.634,22,9.749496
13390.908,66,9.770107
1846.5957,35,9.817955
1144.601,5,9.871553
5387.417,34,9.902375
4790.3325,51,9.902872
1436.156,19,9.902915
238.94153,4,9.92194
613.73267,3,9.940417
2932.6309,90,9.940491
3456.6526,25,9.940509
5802.9453,54,9.966603
1880.7959,29,9.966674
858.21344,7,10.054871
1272.008,13,10.070002
439.401,16,10.091433
1038.913,8,10.121299
910.38654,8,10.121376
1933.2002,11,10.136292
191.965,3,10.159555
1126.1084,12,10.181546
4827.317,31,10.181616
4680.9355,69,10.252751
132.75034,3,10.252825
331.98975,4,10.252844
2195.4453,98,10.270104
1598.8478,7,10.270187
663.1374,22,10.297801
2605.6943,19,10.327403
6855.83,55,10.339627
475.97815,5,10.358804
451.87604,5,10.381112
2321.811,33,10.381191
-165.65002,3,10.395655
712.28503,16,10.417895
1034.8038,21,10.417962
1278.0154,8,10.417981
149.22694,5,10.456811
135.91783,2,10.456851
1432.3795,5,10.46681
345.45697,6,10.595616
3041.854,18,10.6136
1211.4255,12,10.624088
524.96387,2,10.624146
-264.6836,4,10.675162
4496.95,75,10.703738
5723.4043,38,10.72529
1821.9109,144,10.764853
-297.906,24,10.764915
4583.763,104,10.764929
5416.2764,52,10.764936
4073.4976,24,10.784523
-211.27344,3,10.817891
438.50107,5,10.817939
3807.064,32,10.81795
1763.6702,24,10.838983
1893.0931,11,10.83905
900.5466,10,10.874037
-424.07312,3,10.874125
9004.357,42,10.894334
2998.8015,40,10.91715
3012.4646,12,10.936132
2055.3398,8,10.936195
2078.545,27,10.981863
511.99463,8,11.003378
-102.96045,2,11.026742
885.54956,11,11.046099
1022.93585,9,11.075371
-58.613617,2,11.075437
1811.0931,10,11.103109
271.45642,2,11.121539
2168.4329,17,11.121604
323.04922,6,11.125787
440.0741,3,11.125876
1415.4119,50,11.130804
1466.2224,15,11.130873
808.62335,5,11.130888
890.7957,10,11.130895
1857.8861,59,11.134539
342.29193,11,11.1346
1574.9636,13,11.134616
6612.608,164,11.138254
1235.2307,28,11.138366
348.14923,2,11.138382
472.7449,2,11.157176
5486.585,86,11.166914
1368.8824,7,11.173084
-43.6958,3,11.180357
1323.8776,9,11.203971
547.6384,9,11.20404
1497.7402,12,11.204057
84.13542,2,11.204064
165.41217,12,11.217328
1446.3413,8,11.232075
681.37177,3,11.235799
9698.621,210,11.239384
3102.173,16,11.253445
2244.4595,36,11.262364
1065.9299,16,11.279534
265.07498,8,11.279603
340.3981,7,11.284214
4873.347,56,11.284297
441.076,2,11.284314
1724.3555,22,11.288284
376.78784,14,11.288347
709.0016,11,11.291754
4852.641,67,11.304583
176.85379,4,11.304648
975.18915,9,11.304663
1539.4384,23,11.324146
1081.6351,16,11.328347
596.0928,5,11.328405
-607.5549,15,11.328421
1769.635,42,11.328428
429.77182,8,11.331718
-184.45865,4,11.331776
968.77167,14,11.33179
1245.3333,9,11.347509
1062.6638,10,11.347591
360.72635,4,11.354186
732.55896,3,11.354238
33.216553,14,11.354253
936.2416,10,11.366948
-416.90378,3,11.367013
630.11597,4,11.370171
1354.8376,15,11.379931
567.8251,8,11.380034
28.526978,2,11.390984
-167.45844,37,11.409945
371.88013,72,11.41
3584.9832,17,11.410015
1047.4225,9,11.410022
623.788,36,11.410028
2238.6987,49,11.413601
-171.97174,3,11.413671
192.9862,3,11.413689
1877.9468,19,11.439633
2081.6772,46,11.443403
604.84717,6,11.447008
721.5083,8,11.450872
531.57056,8,11.450932
1130.4585,10,11.454288
345.33527,2,11.454355
1498.7524,22,11.471864
1264.3552,9,11.471941
1254.824,22,11.475676
6372.5454,68,11.488093
111.03708,2,11.488148
1523.1226,12,11.488163
1066.8802,5,11.502638
270.87628,3,11.506917
428.53964,24,11.506962
-183.52399,27,11.509833
8527.033,91,11.514157
1681.9625,21,11.514202
981.2939,14,11.519567
-286.8605,2,11.519629
3674.7297,20,11.526387
1446.9806,9,11.538966
896.46295,12,11.539043
652.2191,4,11.539061
227.46988,5,11.539071
397.33685,3,11.550414
2127.9607,9,11.570549
4393.6357,36,11.575141
4440.1787,24,11.575186
2024.8463,19,11.575196
765.7649,4,11.575214
5478.5293,64,11.590655
939.7244,3,11.590724
2255.7568,14,11.593889
963.8785,48,11.59691
251.37952,5,11.600198
765.91797,15,11.600239
761.2485,20,11.603204
613.59344,2,11.615671
1770.3104,14,11.618817
3262.068,24,11.621856
763.6185,10,11.625908
742.58466,10,11.625964
338.16196,2,11.625979
8807.768,46,11.64453
1720.3518,10,11.647691
249.55293,2,11.651005
1135.2566,17,11.651045
5883.227,46,11.654221
1244.9321,13,11.669612
8220.2,41,11.669672
3918.642,21,11.67278
2071.311,13,11.676041
87.44322,2,11.676078
1208.2743,9,11.679539
1322.3328,7,11.687425
130.32254,2,11.687491
2652.827,14,11.700634
314.69574,2,11.706697
-381.42188,10,11.706752
2690.9573,14,11.712304
1626.277,22,11.71236
361.46637,4,11.712375
1315.3912,7,11.715771
2169.48,15,11.734708
331.94464,2,11.740293
1596.3652,43,11.74301
552.7946,10,11.778604
2698.797,25,11.789224
672.1945,12,11.792353
7453.8086,32,11.79939
477.23853,3,11.820068
2632.9663,20,11.826617
2206.0745,10,11.826689
1730.1606,16,11.826708
-1.4793396,47,11.857919
1559.0706,6,11.879746
-605.84265,21,11.883865
1150.4642,12,11.883928
1452.2266,6,11.88697
264.45587,4,11.895695
6203.279,52,11.9122
4710.497,25,11.912264
1523.3705,10,11.916526
2154.0093,16,11.91725
3132.7588,40,11.917288
5191.4414,79,11.917299
1013.6008,6,11.920463
3138.4556,33,11.923248
775.03723,4,11.931475
354.9486,40,11.948317
425.29663,10,11.951688
-22.576004,7,11.955186
54.572998,19,11.955236
6578.409,43,11.955257
2811.6309,11,11.958424
271.1565,13,11.988096
150.29033,3,11.988153
296.78577,12,11.988165
13956.968,80,11.991079
1712.3446,11,12.014148
698.3949,39,12.014194
8241.579,86,12.017922
500.6009,6,12.017987
1024.3337,63,12.018025
4754.673,26,12.0344
445.32983,9,12.034466
2700.9888,13,12.037632
201.02812,4,12.040654
5697.0537,48,12.0407
869.3,6,12.043995
12239.637,79,12.044043
7313.4272,34,12.06085
1364.1545,7,12.064457
4523.5864,64,12.064511
429.53516,6,12.06732
273.90192,7,12.072885
416.29047,2,12.072938
483.42957,46,12.082543
562.15784,6,12.104873
-440.20926,3,12.104938
436.55847,15,12.104953
2360.7324,25,12.108368
1412.7426,16,12.140702
372.7378,3,12.140756
5456.87,43,12.143292
484.16003,6,12.155186
11711.128,90,12.155254
459.03534,3,12.173071
3257.9597,33,12.173126
45.807365,2,12.173141
9108.059,37,12.184962
2216.8887,18,12.185047
3424.187,24,12.188183
1729.3383,34,12.206966
607.2239,8,12.20701
6799.877,47,12.210144
2413.7317,13,12.210171
743.6351,6,12.210179
31.684082,7,12.213228
3396.7874,18,12.216573
1179.2045,9,12.248157
306.7704,3,12.248214
3650.4365,20,12.253617
1430.9778,7,12.253667
69.71283,3,12.256631
424.9468,9,12.256684
7280.948,55,12.256697
1407.1626,38,12.266829
13030.935,57,12.282639
-223.5145,3,12.295996
433.57162,3,12.301732
947.3602,13,12.30179
254.50403,8,12.307056
550.7577,2,12.307106
1220.3,11,12.310081
382.06802,2,12.319831
8420.939,56,12.340691
1542.4868,53,12.340733
609.353,3,12.343642
5576.4707,46,12.362301
518.3231,14,12.365713
-63.241028,46,12.368606
588.5596,9,12.374586
532.60297,6,12.374625
1776.829,24,12.374635
921.4394,5,12.374644
332.7577,2,12.401314
534.8964,3,12.405015
1000.5149,12,12.411439
596.3357,9,12.428063
470.74777,2,12.428122
1433.1758,6,12.43214
998.41986,11,12.432206
5106.256,40,12.435344
10102.381,53,12.438491
388.0365,3,12.4387
886.91754,3,12.442068
12910.996,56,12.454508
311.88638,4,12.454567
6754.2866,26,12.459548
-101.07779,3,12.459612
297.10962,14,12.472629
7608.3223,53,12.472689
2102.8003,31,12.475518
307.5122,3,12.478417
4216.186,40,12.491663
261.18732,5,12.51458
402.1421,11,12.514669
1139.6406,7,12.518036
88.61566,4,12.518088
531.2195,20,12.521197
-224.09024,3,12.521237
847.7128,12,12.524469
4487.2417,37,12.524522
438.68802,4,12.527349
1253.5543,11,12.624765
340.55765,3,12.635223
688.3258,4,12.635283
638.54834,5,12.635297
9164.424,56,12.651132
6667.9146,56,12.654408
1043.0905,14,12.659994
2109.578,43,12.660041
862.93933,5,12.674897
745.1891,13,12.6784
3374.276,17,12.678466
9688.138,42,12.678485
154.65561,3,12.706942
7582.934,38,12.707004
1713.7523,10,12.707034
490.53497,8,12.707042
1759.9866,16,12.711031
978.691,26,12.742916
2675.7302,17,12.742995
9729.132,45,12.761449
1110.3729,6,12.791424
8027.9126,74,12.798859
727.8069,17,12.799248
3855.0623,23,12.818069
696.0643,3,12.821975
1002.56036,14,12.822036
161.3247,2,12.825601
1199.1823,15,12.825678
500.3649,2,12.829865
5689.8696,47,12.829933
3861.5112,40,12.82995
389.91266,16,12.829957
1081.8916,11,12.829964
352.70724,2,12.833143
13332.642,81,12.838662
1546.2634,28,12.838737
515.1395,8,12.853115
481.8914,3,12.853231
1319.2477,6,12.858032
-8.700378,2,12.871514
855.8375,4,12.871599
3407.7588,39,12.871616
2647.1343,14,12.896173
4650.665,25,12.917747
571.4906,38,12.917819
1251.0704,40,12.936718
434.58124,4,12.940232
442.11237,4,12.940284
3012.662,16,12.950216
1036.6602,10,12.950304
1027.9728,15,12.973851
6462.971,40,12.976958
2144.227,20,13.003974
1881.2415,22,13.010154
10807.349,97,13.010183
2161.6697,18,13.01019
329.5667,8,13.020082
436.20383,12,13.041234
217.61821,5,13.052928
3494.774,48,13.075473
3615.5984,42,13.075527
1258.3075,8,13.078539
2341.4639,16,13.093074
415.23645,9,13.09313
1013.376,7,13.097265
350.5476,2,13.100486
1292.0231,13,13.100558
2505.091,53,13.103241
-48.133575,4,13.113029
2453.5288,14,13.118703
2064.0232,9,13.121264
5794.565,66,13.124119
3661.7808,27,13.124166
4774.6357,33,13.12699
3913.8855,23,13.127029
1906.302,40,13.150185
1345.9231,15,13.150263
122.25029,5,13.150286
-129.63458,5,13.160538
646.0764,16,13.181168
772.827,7,13.181231
1387.9518,11,13.181247
755.85925,3,13.19349
865.85516,69,13.193611
470.7417,4,13.205122
932.9132,9,13.227073
1648.7495,38,13.227164
2132.1318,13,13.235897
10485.607,48,13.247323
748.8789,12,13.250583
1350.1597,22,13.254265
3616.1663,17,13.254316
1372.0012,5,13.254345
451.93158,4,13.257173
355.90186,6,13.259959
968.1554,29,13.263183
-180.69818,3,13.263237
8067.9565,54,13.266728
121.18552,3,13.266789
2384.9531,41,13.266807
949.739,15,13.283251
1299.4609,9,13.320834
1547.614,16,13.344374
8882.375,66,13.344445
8438.11,85,13.359032
1328.4329,38,13.383084
558.0731,2,13.383152
728.42084,4,13.388143
2710.418,12,13.388218
5062.874,34,13.391613
360.53702,3,13.416354
425.80145,3,13.416418
36.150665,7,13.429784
475.88916,6,13.435474
774.53784,4,13.435589
1308.4708,11,13.435621
512.9979,27,13.453581
861.65344,8,13.461794
703.5725,4,13.461862
6579.1357,28,13.471178
2059.1292,54,13.471258
758.5166,9,13.477825
972.377,3,13.542674
217.16867,7,13.542718
2559.5337,14,13.58107
702.3673,36,13.586456
980.31055,9,13.590573
338.7712,9,13.590639
1037.5442,12,13.590657
2398.1338,43,13.59778
632.6907,5,13.608397
857.4331,4,13.61417
8847.31,69,13.618618
36.605377,6,13.623053
12773.542,102,13.623155
116.17926,2,13.637676
3242.7114,53,13.637768
658.4215,3,13.648847
1225.6526,5,13.648927
7577.1665,39,13.648951
10967.995,58,13.672131
430.02545,12,13.672199
6193.59,25,13.672223
7163.3223,36,13.677988
1001.1271,5,13.693297
4375.3623,55,13.693377
-79.766754,2,13.693397
1833.4791,13,13.72916
252.58864,3,13.740551
12701.375,69,13.748078
-221.54655,3,13.748139
1159.2175,14,13.752216
1403.1335,16,13.752276
2699.5334,26,13.769679
498.64047,13,13.769751
980.975,75,13.769772
11319.35,69,13.786989
1472.794,118,13.787049
615.41174,4,13.787064
-38.838486,4,13.790813
19.33646,2,13.79088
1321.9116,16,13.805396
1639.0786,26,13.820994
1394.8501,9,13.886919
1211.2373,9,13.89911
1969.068,68,13.899174
1992.2299,13,13.917542
1773.0508,13,13.925391
5294.8125,73,13.934307
303.43246,3,13.934381
2515.8772,13,13.934399
2620.2915,18,13.942789
1342.8168,7,13.963139
163.62837,4,13.976161
512.15045,5,13.976243
99.79527,2,13.993084
41.10486,10,13.993188
-327.3398,2,14.003251
1176.5078,17,14.016347
168.72383,81,14.027436
607.5741,21,14.027518
12524.989,59,14.027539
1439.4331,21,14.03534
812.5436,8,14.035398
581.3947,3,14.03541
635.7853,6,14.043792
438.34964,3,14.043894
7952.692,36,14.057853
231.17184,4,14.071089
1669.3708,9,14.071189
1077.8082,15,14.091151
56.891937,3,14.095701
65.14453,8,14.100088
1770.443,45,14.133041
3588.5903,33,14.133121
646.0924,13,14.133141
760.3453,11,14.13691
8672.593,45,14.141726
809.8473,10,14.141846
4761.971,33,14.152044
2215.6846,19,14.180924
2747.129,13,14.187711
1243.1337,7,14.205546
1020.7937,9,14.205637
428.2226,8,14.22036
1418.8857,10,14.220486
166.56104,22,14.242558
5319.3394,60,14.24609
2354.516,9,14.249953
439.198,4,14.250015
9888.458,55,14.253805
14071.402,59,14.262427
5226.1226,32,14.262506
1514.7618,8,14.273238
1578.6979,17,14.273328
3328.373,22,14.27646
350.11472,2,14.280805
453.9452,10,14.280919
760.42944,19,14.294184
282.2115,6,14.298772
358.26712,4,14.302423
3577.5737,20,14.305271
1423.096,17,14.315383
2284.7583,46,14.327888
5680.6943,34,14.327999
2476.024,50,14.328029
616.82355,13,14.343476
367.02493,5,14.3479
8631.135,75,14.347968
557.45667,6,14.347984
402.45804,7,14.368624
1518.3394,45,14.373055
98.304886,4,14.373112
171.91418,5,14.373128
1750.8689,12,14.376605
1122.6375,17,14.38041
346.33026,2,14.38049
380.89545,6,14.380514
1713.75,16,14.389595
1156.0232,20,14.406579
409.43134,2,14.406687
5111.337,80,14.406719
405.10898,3,14.424804
1577.581,21,14.424891
2007.3969,10,14.428738
433.88837,5,14.438783
368.35168,5,14.448096
619.2148,11,14.448144
2049.2446,30,14.448155
585.45807,3,14.470604
1202.2876,35,14.470659
599.62683,9,14.488248
3396.4285,17,14.505092
12061.769,55,14.509363
3275.4224,13,14.509418
428.17322,5,14.509435
225.69553,25,14.509442
446.03452,6,14.512331
12973.962,113,14.517029
1811.9526,16,14.517098
712.4895,17,14.519932
9822.044,67,14.532131
518.7665,6,14.544914
395.67566,9,14.545004
112.78409,4,14.54502
4750.204,24,14.545026
2634.5679,25,14.594171
5466.8623,34,14.620134
6891.021,39,14.620253
838.1554,9,14.620276
1110.4548,10,14.655162
7463.457,25,14.655259
5820.12,48,14.686942
658.9383,2,14.687013
891.18536,6,14.687031
365.39227,3,14.717811
425.38202,3,14.74588
100.695366,2,14.745969
409.71338,11,14.745985
2636.302,14,14.815288
324.04242,3,14.815371
4512.3457,40,14.815385
2135.8,51,14.81539
1743.5674,9,14.815394
239.25388,3,14.845415
4264.571,33,14.885118
966.5604,13,14.94839
198.52704,4,14.948458
1500.1887,14,14.970989
275.45605,3,15.037513
879.0642,24,15.062409
347.28943,9,15.089603
1938.5104,15,15.095851
3525.8848,19,15.095905
1355.9409,60,15.099941
1012.40405,9,15.099997
300.0568,3,15.100014
1127.0624,4,15.114529
4383.8066,24,15.128851
2815.2397,12,15.139913
380.59586,8,15.146449
2372.6133,45,15.146515
47.69391,8,15.146531
983.9398,26,15.146537
3125.9263,46,15.158769
-245.60968,4,15.158808
1428.357,23,15.158818
2194.3132,16,15.158824
1328.184,23,15.174241
354.27124,2,15.174295
1288.3064,12,15.190061
629.0964,30,15.190117
3388.9106,38,15.190145
1668.898,13,15.190153
699.42303,4,15.194213
854.74963,4,15.218172
1652.029,11,15.218235
189.65314,2,15.218255
69.33066,2,15.231547
10259.774,39,15.235107
7895.361,56,15.240373
894.2858,4,15.243313
325.48465,2,15.24722
3229.261,13,15.250326
2301.5347,43,15.253034
74.63919,3,15.260095
241.02689,3,15.265848
7045.1025,39,15.271673
231.52426,3,15.271726
1392.2432,9,15.295044
4143.9297,19,15.301343
4764.5083,17,15.307104
4905.589,24,15.321892
790.2565,4,15.321951
3519.0867,18,15.33322
1141.022,29,15.345175
321.55377,5,15.357121
936.57764,3,15.363294
6199.5913,31,15.377845
2019.8499,13,15.389163
-213.32031,52,15.39198
480.07013,10,15.401985
138.5047,5,15.402045
1770.2041,22,15.407367
1141.4486,13,15.409985
8260.068,61,15.412705
11602.297,64,15.416634
580.3032,3,15.416703
697.42096,6,15.428961
345.52808,3,15.434139
248.30823,8,15.434212
5146.3877,39,15.438657
-200.92703,5,15.438715
548.3824,38,15.442213
881.16174,5,15.445669
1185.4144,17,15.445729
374.15686,2,15.463848
398.0824,43,15.463926
607.4645,12,15.463945
3492.6008,30,15.463954
1102.1383,9,15.474074
80.23419,3,15.477272
6888.4946,34,15.477334
754.65894,4,15.49033
13878.802,52,15.496203
856.349,21,15.502006
8779.411,50,15.505607
-121.06328,4,15.505682
309.3169,6,15.516961
436.05847,3,15.529967
5164.359,93,15.53003
1199.0743,15,15.543588
9350.842,59,15.563809
751.2355,8,15.563898
1065.769,5,15.563917
514.34656,7,15.567973
400.47797,4,15.568017
971.44714,18,15.568029
6212.4272,45,15.582913
820.0934,6,15.583014
513.95337,2,15.588869
4249.8325,30,15.58895
420.66928,4,15.592966
73.05598,3,15.593022
654.1512,64,15.593038
579.06323,4,15.606726
365.51004,4,15.617001
1882.1641,22,15.623701
2418.253,29,15.636917
741.6375,8,15.640599
827.6239,11,15.653423
556.2563,3,15.653481
4164.7637,35,15.656351
-5.732239,4,15.659948
8975.987,71,15.659996
499.71838,8,15.660011
3104.6514,15,15.660019
625.8378,3,15.662982
809.13,16,15.663026
449.2829,4,15.666599
949.15063,38,15.67693
1340.3569,18,15.697676
4436.1255,56,15.697773
-215.93845,4,15.701153
605.4708,7,15.70398
1543.2455,8,15.706898
455.41727,3,15.70695
399.37048,9,15.709883
1904.463,26,15.709917
4378.544,31,15.72154
399.67438,4,15.743745
588.17114,2,15.743803
-68.649506,6,15.74383
976.4466,11,15.754796
6713.604,42,15.776903
838.832,7,15.776964
2652.996,17,15.782973
2393.7158,11,15.783019
2167.6538,55,15.803311
1788.6135,24,15.806669
1090.207,54,15.810143
-57.74521,2,15.81366
-17.57611,7,15.81372
531.84973,10,15.827131
1142.3044,13,15.840951
558.593,3,15.841027
748.37537,12,15.844053
374.1978,3,15.849396
8198.834,48,15.852262
343.27878,2,15.855404
7819.6025,46,15.855453
597.5052,7,15.858493
315.11795,6,15.858548
593.2998,9,15.870413
4220.021,24,15.880584
4853.528,68,15.880632
22.0979,32,15.884841
342.20273,2,15.889786
1145.2212,15,15.905834
884.30615,29,15.918291
765.99146,10,15.936088
67.47998,7,15.936155
1507.2905,15,15.936172
195.1276,32,15.938938
2285.045,37,15.942188
924.5689,5,15.942228
5916.2744,73,15.945642
444.61395,3,15.954187
11714.365,56,15.954235
625.99286,3,15.958567
11595.571,71,15.95867
738.33923,5,15.958689
-770.6288,27,15.97154
5211.854,149,15.975791
402.94806,5,15.975844
173.44629,4,15.983131
7436.662,43,15.98816
1207.798,6,15.988205
363.06683,3,16.005009
684.94696,3,16.008256
677.8756,7,16.017749
690.13806,2,16.038195
594.3122,12,16.042714
1524.4625,8,16.050572
3455.8882,44,16.050667
866.0565,8,16.058892
443.92288,16,16.058983
539.76855,3,16.073225
2136.977,15,16.073326
8233.18,35,16.083001
880.62976,18,16.08306
6632.548,33,16.083075
4.760376,34,16.083081
410.73682,4,16.097465
1495.527,17,16.117296
587.3742,5,16.122052
1111.4381,30,16.125878
-196.63234,5,16.125941
218.75314,2,16.227129
2624.752,36,16.23074
-176.11554,3,16.230796
4991.9194,32,16.234056
758.28613,13,16.234096
1137.5635,14,16.239452
8197.926,40,16.2395
483.85696,3,16.252531
782.31335,20,16.256117
1353.9272,14,16.260351
-347.28226,3,16.260428
3362.7734,37,16.260446
3033.4216,21,16.2692
747.0824,7,16.295307
2359.8083,37,16.304837
435.15372,2,16.324755
1080.7668,6,16.324809
8704.819,100,16.324823
1193.5879,12,16.328173
1011.323,13,16.328228
-266.90555,3,16.331264
842.9571,5,16.347966
943.4606,11,16.348037
974.3425,22,16.351311
-363.7588,2,16.354807
120.545235,6,16.354845
3627.5542,26,16.354857
1130.9419,6,16.357481
746.6025,21,16.360256
481.35016,2,16.360303
699.9511,2,16.372098
9831.82,98,16.388893
1307.7288,7,16.393783
1585.4336,12,16.403983
625.54297,7,16.40667
1574.7458,21,16.417518
4668.6646,107,16.417602
524.6005,2,16.417623
1296.3077,14,16.429268
4968.9526,30,16.429348
2495.3628,45,16.439202
3629.5955,26,16.455673
1402.05,15,16.455755
312.96637,3,16.46009
1530.1058,35,16.460145
2622.445,12,16.460162
9.345581,6,16.460169
3780.932,24,16.466558
118.43402,4,16.472835
639.12805,2,16.472886
2513.9336,11,16.476129
496.41565,25,16.476177
-287.69287,7,16.496063
1135.3915,8,16.496174
1625.6716,44,16.526898
1981.8196,20,16.541048
2353.9846,19,16.543952
1094.6624,11,16.555635
1439.1188,37,16.555705
853.47595,6,16.568198
12123.184,98,16.580135
96.966415,2,16.595789
712.4557,8,16.610452
3387.1626,20,16.614429
2686.8386,19,16.621715
1443.9742,12,16.621766
4693.5083,27,16.624623
13867.792,72,16.628029
515.30396,3,16.655052
4401.1646,27,16.655108
6127.6875,64,16.657998
993.4857,5,16.658038
1138.1566,12,16.660979
81.61017,17,16.667809
411.7724,8,16.667873
228.186,29,16.66789
373.96466,2,16.667897
210.02707,4,16.671243
7742.1064,61,16.6713
521.094,20,16.681747
303.329,3,16.681829
11294.058,100,16.681843
5650.189,38,16.693039
1039.5077,5,16.693108
1702.2778,14,16.710219
329.2644,7,16.713464
733.1633,5,16.726087
981.41296,6,16.726156
773.1385,9,16.73566
337.93625,2,16.739712
1026.2828,9,16.747329
564.7875,3,16.762975
933.6495,13,16.78191
2738.7356,31,16.781998
6235.4644,41,16.78606
716.59564,15,16.811608
8961.354,100,16.82082
2023.9152,29,16.820876
1424.042,23,16.83168
2130.871,14,16.835096
1821.1959,56,16.837932
632.3982,5,16.842949
5004.749,63,16.845587
642.9408,23,16.858985
-101.78204,4,16.859061
9513.42,100,16.859078
662.81537,6,16.859085
1141.8619,7,16.859091
13338.604,69,16.872327
-25.242157,4,16.883248
387.20013,2,16.889815
161.37267,8,16.898895
437.6321,13,16.927699
1310.0402,14,16.930655
267.58173,2,16.933589
3504.5955,29,16.938547
2902.506,42,16.951654
2753.7625,29,16.955109
4631.1846,32,16.955153
11804.564,161,16.958166
321.20822,2,16.960912
9451.104,129,16.963537
1589.9855,9,16.98639
5805.385,39,16.989423
10789.82,45,16.994375
536.5334,4,16.997223
562.79144,7,16.99728
11112.625,56,17.003381
4278.1494,33,17.013384
509.64795,4,17.016477
992.35876,12,17.022145
412.57834,3,17.022195
-218.76056,2,17.02707
3849.7314,29,17.030118
1011.8993,5,17.046637
2324.2405,55,17.050125
1019.2294,9,17.054831
13199.035,57,17.054901
756.7288,5,17.071936
6343.3545,42,17.072018
1356.3716,17,17.072044
4484.149,38,17.075279
68.48697,4,17.07807
310.40387,2,17.083992
91.10895,3,17.08409
1885.915,9,17.084115
346.07556,4,17.084125
1562.2302,26,17.094068
8092.8125,60,17.100794
387.05652,3,17.100863
5388.167,84,17.100882
1803.0208,9,17.119851
985.6917,24,17.135036
276.9167,5,17.138155
4726.111,23,17.141114
5960.503,53,17.14116
411.6754,8,17.147233
1515.5039,10,17.147287
-118.99762,5,17.147301
13095.721,60,17.147307
395.68024,5,17.150326
1537.7913,14,17.150366
279.40436,2,17.153565
7068.07,82,17.153661
6004.9043,77,17.153676
7066.2627,45,17.174718
307.079,3,17.179185
1064.205,15,17.179235
185.03412,41,17.17925
2561.957,14,17.179256
3554.2202,42,17.179261
615.0659,3,17.191572
1256.123,47,17.196184
61.99362,4,17.196246
446.21436,7,17.196262
194.02539,5,17.213957
352.55203,2,17.21405
401.91953,6,17.225648
2372.151,10,17.225718
3401.5298,22,17.229226
1065.0251,4,17.240878
1197.4578,16,17.25834
1240.0277,8,17.261016
-264.37527,20,17.263565
1650.9357,19,17.275932
665.0237,6,17.275992
965.15,36,17.308301
1795.2417,22,17.311228
335.95773,4,17.326581
1864.7594,18,17.326648
822.82416,6,17.335791
470.1582,10,17.335844
272.40652,33,17.338419
13191.185,51,17.341032
2802.9062,18,17.343989
2421.1506,38,17.344046
502.01663,2,17.352853
4920.5903,38,17.352929
1441.6729,23,17.363018
140.4465,27,17.369228
884.4126,10,17.369294
1603.6414,39,17.372842
5917.5654,49,17.372896
124.33307,19,17.376505
-62.982056,3,17.384701
5077.7075,56,17.384763
4161.207,33,17.389128
568.1847,3,17.389199
1100.4482,3,17.401423
1772.1909,12,17.401517
738.26404,8,17.401547
-30.252686,3,17.415616
2744.8289,37,17.415685
762.10223,14,17.441771
280.059,12,17.445745
8739.027,103,17.445797
8998.998,53,17.445813
-49.186188,3,17.457965
741.1957,22,17.464584
1371.7572,9,17.464659
1010.38416,9,17.464677
249.98485,8,17.464684
104.06018,5,17.46469
494.70715,9,17.481144
864.71204,12,17.493958
211.85909,3,17.498343
1063.5361,4,17.49863
-383.20135,24,17.510489
2652.7705,20,17.523277
1786.0535,18,17.537911
462.02365,7,17.537965
1697.0366,8,17.540959
7316.986,65,17.546011
1467.6162,7,17.550685
727.4655,8,17.550739
7803.2217,41,17.58387
379.71802,100,17.607413
5765.5293,43,17.631499
448.5005,4,17.634917
12535.063,68,17.634964
333.44067,2,17.643752
4665.4365,36,17.643815
1463.4248,17,17.64383
9479.005,69,17.652523
1697.0244,21,17.663804
695.4371,5,17.695652
2357.6067,31,17.706128
379.5217,5,17.706185
2288.0425,45,17.7062
1242.4604,8,17.709578
136.31613,5,17.70964
972.1655,8,17.709654
66.93643,3,17.734417
352.19666,2,17.734504
3544.9797,22,17.738904
1380.1129,10,17.738959
1998.7653,26,17.746678
480.86667,4,17.746731
6165.289,82,17.773007
373.7821,6,17.79283
13257.227,58,17.796648
260.34918,5,17.79669
13915.103,56,17.812624
2716.9453,15,17.812711
1667.3257,33,17.812731
1411.1912,8,17.812738
371.17816,3,17.838053
160.5376,3,17.838121
771.20447,3,17.838138
6249.4126,20,17.840981
5416.014,54,17.845265
-143.15833,6,17.845336
972.7429,8,17.849577
1681.1597,18,17.849641
392.09265,7,17.849657
697.67584,4,17.852723
5754.971,44,17.852771
102.654205,24,17.865636
6821.707,55,17.872424
3778.8926,27,17.87868
2186.4084,10,17.878733
-154.12903,7,17.878751
1423.4426,25,17.88677
-83.38574,3,17.886832
7589.706,58,17.886851
4263.9214,44,17.90257
2048.9668,13,17.908687
193.28009,6,17.91516
1155.1465,6,17.924925
651.70404,7,17.928864
1247.59,14,17.928937
11445.849,59,17.942703
1502.9832,18,17.953497
6477.1084,75,17.978562
2726.2883,25,18.003957
387.55286,11,18.004013
482.93018,4,18.006622
-52.332977,25,18.009207
255.7513,3,18.011774
616.9154,9,18.014639
763.56464,5,18.027455
1916.4246,27,18.027516
8949.015,47,18.027529
319.34213,7,18.038038
1331.922,15,18.038082
2663.2969,16,18.038093
7719.3906,38,18.051663
-63.28781,5,18.051718
300.32065,3,18.054697
134.75333,2,18.057662
2632.4868,25,18.061846
-245.33148,4,18.074244
2414.236,36,18.087679
2214.9287,12,18.087734
3779.3296,30,18.08775
746.49023,13,18.087755
236.3913,31,18.090609
13357.107,56,18.095006
12939.053,81,18.095057
5517.1533,37,18.099231
149.19765,3,18.099296
1343.2932,11,18.102083
632.3939,8,18.105494
1366.2612,5,18.105563
870.27985,9,18.105576
1661.7334,27,18.115693
148.47772,4,18.115766
1576.959,8,18.140702
90.76367,3,18.14078
519.6499,2,18.140797
1464.144,20,18.146625
141.4672,3,18.146699
417.60397,2,18.159685
1265.6099,18,18.159756
765.65814,6,18.159773
147.48419,13,18.162801
456.6266,2,18.174372
319.32184,4,18.174475
9070.854,77,18.174498
1484.2799,15,18.188934
3877.6338,25,18.189005
436.4252,12,18.201294
351.9555,3,18.201357
287.44727,6,18.216749
470.2622,2,18.216844
238.50368,2,18.229711
-134.44962,13,18.229811
637.7772,2,18.259743
1105.5348,8,18.259821
754.8103,8,18.263808
331.07245,4,18.26772
716.4243,11,18.267782
405.07776,7,18.267799
395.02344,6,18.270983
665.9873,9,18.285262
986.6889,5,18.285326
1520.0348,18,18.297062
3628.9705,24,18.30508
2063.1743,8,18.325403
5359.641,54,18.340081
12115.502,56,18.340143
1962.1931,42,18.340158
1089.821,20,18.359747
766.34766,12,18.359835
7833.49,71,18.36456
1742.623,31,18.364631
954.9441,11,18.364648
324.2501,3,18.391655
716.7197,5,18.40699
1117.1127,19,18.407045
124.96881,6,18.415235
284.7185,5,18.432439
1529.4116,9,18.432531
482.48895,8,18.445013
1661.666,9,18.445098
126.79678,4,18.448738
1327.8875,18,18.458817
7948.155,37,18.466766
1001.7623,5,18.470429
4456.548,24,18.470504
4244.948,49,18.474109
1602.3956,17,18.474187
516.7818,2,18.485714
1562.824,26,18.485827
376.21356,10,18.496831
434.54672,2,18.496917
14.216949,5,18.496939
5675.104,33,18.509919
1265.3429,5,18.514193
-302.3681,2,18.514274
753.2639,5,18.537794
83.51724,7,18.560636
52.2417,5,18.563654
4750.88,32,18.573382
-251.54025,32,18.595707
437.7818,4,18.607869
2240.618,35,18.607949
12580.589,59,18.607968
2290.3948,11,18.607975
4375.4683,61,18.630432
3335.148,19,18.659709
1721.9828,21,18.659767
2334.9304,61,18.6624
1458.5586,12,18.684759
1048.5239,19,18.684824
929.0757,12,18.684839
738.26056,5,18.687986
2869.9023,18,18.688027
1794.5385,23,18.690626
520.74207,3,18.693237
587.2894,8,18.706225
6843.2334,160,18.709174
1074.9309,11,18.711838
693.3541,6,18.716086
596.6192,3,18.719656
2527.4146,39,18.719708
3784.8672,23,18.736789
1311.1437,9,18.7595
1952.7786,23,18.759564
1563.627,14,18.75958
1656.1287,29,18.759587
2612.3618,14,19.90675
1785.7296,15,19.915345
836.8921,13,19.915402
219.77414,6,19.927235
-239.77823,3,19.927295
1261.4479,18,19.9372
853.12585,11,19.940749
-229.8214,2,19.940807
482.11804,5,19.952061
465.9978,7,19.955496
1335.192,13,19.963726
1388.2178,34,19.963795
870.3817,3,19.97493
5464.654,124,19.975007
694.0407,18,19.982785
10012.873,53,19.991587
4098.534,69,20.006846
11831.297,60,20.006917
1155.2479,7,20.010262
652.0069,11,20.010314
384.43808,3,20.02422
9880.981,73,20.028816
290.48367,3,20.028892
605.0773,7,20.06195
1627.407,21,20.062011
1810.7601,15,20.065094
3462.8298,17,20.070188
6801.376,31,20.073582
1619.8014,11,20.073637
1992.611,8,20.077178
6505.2417,73,20.077241
1500.0264,26,20.089322
345.1892,2,20.089407
528.08264,5,20.089427
2153.1785,10,20.08945
12518.797,65,20.101022
16004.793,72,20.101097
1337.4579,25,20.116468
398.0385,2,20.116564
422.5739,3,20.116594
257.65994,2,20.116601
707.2312,7,20.129365
1282.7488,8,20.129461
465.4498,4,20.142606
215.80354,2,20.142694
513.8618,3,20.142716
266.25012,5,20.229133
13413.771,63,20.243417
2312.0188,28,20.243485
2917.6584,32,20.243502
7142.861,34,20.246598
171.89163,5,20.258423
2693.1282,21,20.27926
923.50464,8,20.279315
2261.5488,85,20.283143
1341.6998,11,20.283202
997.9617,5,20.283217
2385.729,31,20.287672
676.0707,5,20.287817
576.90094,2,20.290841
8479.682,45,20.308267
690.1034,4,20.312071
2917.3625,20,20.312161
550.2303,7,20.31751
593.1251,6,20.317597
9367.918,40,20.317617
460.3228,8,20.343419
36.34555,4,20.346675
1096.9602,21,20.355407
1822.8363,19,20.355457
-388.52234,5,20.373167
1580.4595,20,20.373293
4317.065,24,20.373312
2029.1508,10,20.399798
2734.629,17,20.41857
6008.715,50,20.418673
-83.45392,6,20.418701
4292.6514,35,20.418712
15.056091,4,20.448932
2586.9229,43,20.455478
1735.6973,22,20.455537
2580.819,21,20.455551
7501.7876,32,20.455558
2558.8745,13,20.458353
652.6488,8,20.461427
302.71115,4,20.461474
2162.9912,30,20.475302
294.5464,13,20.478579
965.87726,6,20.481559
2017.5492,28,20.484719
1404.7346,7,20.484772
5008.1763,77,20.492174
498.47705,4,20.50815
2404.328,29,20.524164
2103.0627,10,20.524231
226.60077,2,20.536005
6602.465,34,20.540026
1893.4446,11,20.540087
361.26263,3,20.540103
3999.7944,53,20.553632
332.94168,2,20.563818
1265.9208,16,20.59284
2392.6255,20,20.596042
1447.4292,24,20.60185
-41.342377,4,20.604861
1879.7428,26,20.618412
174.61835,4,20.624661
1864.8616,12,20.640354
4369.8506,70,20.665954
7573.047,60,20.670531
6270.8433,57,20.6706
2163.172,23,20.674474
534.8873,2,20.674533
99.28482,2,20.677359
1724.9215,41,20.680077
26.261658,3,20.6833
1202.4698,5,20.689213
12783.836,59,20.689274
237.34576,12,20.708689
632.5309,34,20.721175
5886.1943,79,20.721258
4305.8247,36,20.74049
527.557,9,20.761233
1512.6713,13,20.77551
1174.2726,12,20.907642
2810.5999,21,20.908068
6247.761,62,20.908211
1511.8021,7,20.929999
3364.399,88,20.930167
793.7111,3,20.948481
1848.728,12,20.960669
1870.1697,14,20.960719
5710.5986,46,20.960729
-72.91246,2,20.97638
212.00441,3,21.013613
408.049,10,21.021343
2270.8967,26,21.021401
703.3333,3,21.021417
1158.4851,19,21.021425
6160.7837,91,21.02449
979.5081,11,21.024528
571.71124,2,21.039222
130.64908,2,21.054216
-379.17206,3,21.058408
433.29498,4,21.058476
2654.8833,11,21.066909
2640.2754,17,21.072206
598.9715,4,21.075954
11941.346,43,21.076034
10383.222,48,21.092444
212.07979,3,21.092524
9746.373,44,21.092548
1747.8044,20,21.096932
1596.8909,7,21.096996
14036.964,57,21.102498
870.49304,58,21.102564
-123.5715,5,21.106493
1019.1038,58,21.106537
13952.084,80,21.116997
650.7602,3,21.117073
737.95026,14,21.117091
2993.4917,15,21.121517
223.84741,5,21.121587
1090.9801,39,21.121602
3249.7053,13,21.121609
438.91544,2,21.131962
1707.0192,19,21.146338
818.5001,7,21.172307
507.00748,6,21.172368
568.0746,13,21.178502
737.3322,8,21.178559
660.7339,8,21.178572
782.18445,3,21.181426
1219.7769,7,21.181473
2252.6343,13,21.194078
160.2078,4,21.198315
131.98875,4,21.198384
7232.0156,42,21.198402
401.39648,6,21.203922
1773.0952,18,21.203972
3124.2654,18,21.20653
447.41498,4,21.209305
2020.9097,37,21.209368
-77.087524,5,21.212232
4173.0713,20,21.235531
1235.2351,8,21.235598
-134.80145,2,21.235615
630.6913,27,21.238546
63.11966,3,21.244603
683.0324,6,21.244659
1634.9331,25,21.244674
87.94678,3,21.244682
1884.8412,11,21.261491
484.6879,3,21.261566
1995.7635,10,21.261586
1399.6212,6,21.261596
1263.0178,4,21.265563
4640.1865,85,21.265634
-248.60004,2,21.269132
5917.1113,37,21.272774
300.87592,3,21.272816
1205.1389,7,21.276481
467.72876,3,21.276552
387.86038,64,21.276574
772.3294,21,21.286139
765.0804,4,21.286236
1413.3422,9,21.29202
1446.0361,36,21.292075
1320.5736,19,21.298499
-205.97232,2,21.298565
4227.7666,33,21.298579
2804.174,18,21.307809
80.13075,4,21.307877
868.66437,5,21.307894
319.644,2,21.311431
2001.8696,10,21.311513
2138.472,110,21.320859
184.92152,2,21.320928
693.3629,6,21.330356
483.14075,4,21.344721
1550.3052,8,21.3448
871.5291,10,21.347919
1175.5564,7,21.352033
281.8568,5,21.352114
2570.87,28,21.352131
8440.244,42,21.352139
919.50464,16,21.361164
622.95123,4,21.361228
259.56464,4,21.365309
2205.836,34,21.371115
147.12677,80,21.371176
848.32416,4,21.37482
2078.284,10,21.374866
225.53488,2,21.381773
912.8689,10,21.385517
325.14822,7,21.39019
937.07196,7,21.396271
823.0657,7,21.399757
361.12677,10,21.406251
1880.9993,14,21.406308
530.5288,7,21.406323
3231.9692,25,21.414394
697.64526,8,21.414489
2018.9243,15,21.428847
3191.162,34,21.428931
510.39972,5,21.440477
1298.0547,10,21.45421
2239.0916,12,21.457467
535.7453,5,21.460773
718.85974,8,21.460813
1188.0691,15,21.463583
5058.749,25,21.483514
12613.077,75,21.483598
1954.5403,37,21.492372
13674.763,60,21.49621
7453.2305,31,21.496297
718.9249,4,21.503401
2183.8196,40,21.520532
1276.7227,5,21.523558
2749.1594,31,21.526365
146.78458,5,21.529806
277.8432,3,21.533924
2444.588,72,21.534003
1632.9176,8,21.537866
3134.8796,34,21.543207
3072.9053,15,21.547014
1356.8955,16,21.547082
9823.669,44,21.562174
320.33282,8,21.562235
840.3749,18,21.565953
-417.32324,2,21.565985
530.10004,5,21.565995
960.5072,7,21.566001
-5.9222717,6,21.568831
462.1179,2,21.575015
572.2844,3,21.575079
-105.1929,3,21.575097
1027.3082,11,21.587681
499.10406,6,21.587735
1810.3807,25,21.605771
1566.6611,8,21.611548
1255.9691,14,21.624907
6983.484,40,21.630553
844.0659,4,21.630595
5232.8135,36,21.630606
3078.0198,14,21.640765
1160.7422,11,21.644371
378.95236,3,21.647637
794.71375,66,21.655961
1524.2375,11,21.656019
826.6467,3,21.661984
190.24127,5,21.669619
183.02527,4,21.674495
1759.0417,8,21.674572
204.04031,3,21.681007
2205.9043,15,21.681069
1224.98,10,21.687763
-278.79724,3,21.687812
169.24158,3,21.701597
206.52649,35,21.701673
5131.241,52,21.70169
13587.766,58,21.720825
-181.91972,4,21.724376
2871.553,53,21.724422
1024.2344,5,21.737558
359.8491,4,21.737628
2008.7078,8,21.747774
584.36597,4,21.756329
2339.327,27,21.770357
4409.324,34,21.770409
6515.6025,56,21.770422
548.57294,7,21.770431
1419.1345,9,21.77982
403.3191,5,21.783461
-22.488922,2,21.783541
535.16895,2,21.783562
1301.7125,5,21.791842
9786.66,53,21.791884
1329.9124,20,21.791894
134.08012,2,21.7919
446.44226,4,21.796843
439.10806,3,21.804928
1111.3627,8,21.804997
76.28969,2,21.805014
12457.67,50,21.805021
891.8426,4,21.813762
1231.5792,31,21.813832
283.6963,2,21.816967
619.0045,5,21.820165
2498.3066,10,21.823769
546.85645,4,21.823824
232.4614,2,21.827234
3740.8496,42,21.827279
761.4057,74,21.83101
829.41174,8,21.831041
708.1443,5,21.844026
3182.4287,11,21.857548
129.59055,2,21.878508
7302.922,34,21.878563
3344.3083,17,21.883561
1408.0758,24,21.88987
397.30377,7,21.889916
6311.8755,33,21.889928
2796.7498,14,21.893104
462.66443,11,21.893191
234.87257,3,21.893204
293.54996,3,21.901305
1809.3645,11,21.901373
2388.7368,12,21.901383
883.2246,13,21.915602
1416.0437,21,21.924176
263.78192,2,21.924241
975.5211,6,21.938732
573.0022,2,21.938788
801.6568,12,21.950066
348.999,8,21.953612
1185.2987,7,21.965381
828.10645,3,21.965515
5948.966,57,21.970573
426.06317,4,21.970649
1929.1306,84,21.970667
315.1275,9,21.978589
8929.182,41,21.992988
1840.6648,28,21.993049
98.211334,2,22.005626
504.4673,2,22.017051
1408.0461,7,22.017104
2171.2751,28,22.033005
343.61682,5,22.033046
405.3911,4,22.036866
1635.218,19,22.036925
342.77856,9,22.036942
1994.8413,68,22.036949
2407.3164,34,22.039701
497.86188,2,22.042825
625.7369,3,22.048259
2488.1794,18,22.048298
8334.513,37,22.059561
618.6626,6,22.064239
247.68808,6,22.064322
150.50717,2,22.06434
872.8408,6,22.095021
1693.0271,12,22.095093
165.60345,9,22.098544
618.2765,4,22.103306
-219.70448,22,22.108653
6287.1953,36,22.112201
2035.3778,32,22.112253
2377.103,31,22.112278
695.8744,7,22.112286
886.01697,9,22.130205
450.5343,3,22.142388
1976.32,24,22.142446
5716.8135,51,22.156424
1766.8895,11,22.162725
4815.845,28,22.166322
504.99512,6,22.166416
1144.3298,9,22.17148
8260.422,36,22.171546
963.88306,17,22.171563
482.66333,2,22.175977
1008.90924,10,22.179598
443.33966,4,22.179662
2704.0073,13,22.179679
-115.4138,3,22.198022
2338.7231,10,22.225313
6363.6763,73,22.225371
1859.228,15,22.225385
1097.8203,21,22.23255
504.05682,2,22.241809
709.11597,8,22.25264
443.08447,4,22.263958
320.5523,3,22.282546
2275.5925,15,22.286196
4523.7275,25,22.291437
371.62802,3,22.294427
1653.474,17,22.312512
10415.033,46,22.315725
3264.9995,17,22.321542
150.15283,13,22.321599
11134.592,57,22.348341
1495.2023,8,22.348391
1577.0957,34,22.363762
5905.8994,30,22.363854
2617.4573,18,22.381595
340.7457,3,22.381666
3562.0625,32,22.38848
542.1259,3,22.394707
11659.676,65,22.394754
194.13477,52,22.401139
432.9279,3,22.413329
7463.8887,38,22.413401
-288.20557,21,22.424386
11248.866,45,22.42449
9723.242,41,22.436649
9654.796,63,22.436734
3121.9248,65,22.450339
650.5667,2,22.450394
305.31836,3,22.450405
4133.4985,22,22.456962
1487.3333,12,22.460872
1899.1001,13,22.461099
694.0653,8,22.474969
218.51431,3,22.481374
13808.142,95,22.48143
1657.6278,19,22.498224
1869.2013,11,22.502231
3618.9424,28,22.505821
3872.9197,22,22.505866
124.77075,2,22.50588
1080.9819,8,22.508697
1320.9332,11,22.512111
10752.7295,42,22.512149
1301.1991,9,22.512161
622.82385,7,22.512166
1041.2478,6,22.51468
11899.823,47,22.527606
593.72473,3,22.527677
1436.5033,6,22.555262
1774.7896,17,22.55867
2623.126,8,22.561952
585.2968,4,22.562001
968.3594,6,22.562014
1066.6748,13,22.564679
1339.5338,13,22.571594
367.6109,3,22.574953
373.60452,9,22.574993
4763.5566,27,22.593447
707.6954,44,22.593516
489.2815,10,22.593539
407.4547,2,22.59355
1300.1777,9,22.603782
-404.30133,2,22.607469
332.59796,4,22.611001
637.4783,4,22.615076
367.4951,3,22.615145
831.66223,5,22.624818
1144.3561,14,22.643487
1885.99,12,22.643543
3745.2124,29,22.647363
870.1102,6,22.654318
3711.2542,138,22.654383
1617.4104,12,22.657779
902.17975,10,22.667996
799.508,13,22.671815
2138.2522,34,22.691147
2215.02,14,22.691208
2690.57,13,22.691224
1532.239,22,22.695054
13346.068,63,22.695314
228.37012,6,22.695333
1721.0234,9,22.698732
876.4739,5,22.698778
211.8155,3,22.702514
-184.36212,3,22.702556
429.80087,3,22.705307
79.4393,56,22.708234
78.86246,4,22.708267
1431.0845,27,22.71198
672.83167,14,22.71205
13823.301,98,22.716143
4725.124,33,22.716204
526.28687,2,22.729197
254.72131,5,22.729269
1375.9393,6,22.729285
4020.0671,30,22.75202
2145.3633,42,22.764904
692.93585,10,22.775404
607.25684,3,22.77872
870.40405,12,22.781949
8012.621,45,22.793323
595.1339,6,22.793379
12404.066,42,22.797053
7743.6465,50,22.80099
1491.3777,20,22.801051
942.5724,6,22.808804
151.3074,2,22.823292
1291.4929,17,22.828552
824.8756,5,22.831242
3768.004,20,22.836081
-177.64798,8,22.836148
1356.7595,9,22.83924
-758.6423,24,22.839289
599.98584,12,22.844144
1149.5353,23,22.850172
-185.49402,4,22.862358
3752.9346,24,22.870777
304.14606,6,22.875898
3726.145,34,22.894694
97.980896,33,22.894776
150.03717,5,22.894794
3699.6511,16,22.916249
1411.1605,15,22.932136
-97.47986,19,22.932197
1467.365,9,22.942627
463.168,2,22.946417
1187.0115,8,22.950137
6155.456,45,22.95019
209.80603,9,22.954616
-117.78818,4,22.954657
391.14655,2,22.957478
4121.547,117,22.966965
821.01917,17,22.973383
659.768,2,22.973426
2637.0732,33,22.976749
974.83295,5,22.980271
155.41638,3,22.99743
4013.9116,23,22.997493
3519.7314,49,23.001694
1012.01666,12,23.001757
6609.274,59,23.00177
942.2539,18,23.001777
1758.5778,16,23.005381
1543.5043,6,23.005459
3726.632,21,23.005477
10391.583,46,23.005483
577.98975,2,23.009069
110.375,5,23.009115
1496.5228,36,23.009128
472.61633,2,23.01171
726.07434,3,23.014582
-239.98238,2,23.014644
160.42294,2,23.025953
343.60062,6,23.025997
796.85065,5,23.037084
1419.9365,7,23.037176
213.71387,2,23.115003
-266.63123,3,23.120479
0.91864014,2,23.120532
664.6179,9,23.123304
13231.898,55,23.134081
194.28873,3,23.151362
1618.1613,8,23.155841
2780.544,18,23.165319
209.38791,2,23.165384
2494.3296,14,23.170651
1070.8787,10,23.17069
791.93274,7,23.170698
667.7481,9,23.175025
3327.123,25,23.175086
2420.6514,77,23.178458
135.55054,3,23.182833
571.7086,18,23.192714
389.20364,3,23.200116
1104.0356,6,23.215337
697.84375,9,23.215418
475.57562,14,23.221601
263.6093,3,23.221689
11473.477,49,23.221717
1484.2811,9,23.221732
7980.938,32,23.226069
136.68793,6,23.226113
805.28485,9,23.229622
9078.182,53,23.22968
571.9742,4,23.244896
189.0274,12,23.244938
451.76874,6,23.258393
2336.4978,18,23.258443
237.7078,2,23.268483
928.29767,4,23.26855
1369.05,16,23.275174
265.123,3,23.278176
9891.681,58,23.281819
1201.8777,4,23.295439
1249.0219,10,23.295539
844.9677,3,23.307623
241.01755,2,23.320743
835.82666,12,23.320857
3933.1943,33,23.333613
-80.02251,3,23.347024
874.5084,4,23.347107
745.2669,7,23.347126
239.30156,2,23.347134
267.06744,3,23.357334
2555.9421,16,23.357397
1205.0221,132,23.357429
3444.6873,23,23.357436
274.3771,3,23.379301
994.5486,12,23.37956
-79.45642,6,23.390271
598.75525,6,23.394037
1167.2308,6,23.394231
953.35486,20,23.394267
10584.21,52,23.394277
2267.2808,44,23.401296
5722.8774,57,23.418088
-243.08255,4,23.418164
305.71014,10,23.418181
815.9458,11,23.429786
828.73206,5,23.436033
44.549805,2,23.436116
6536.5044,30,23.436143
485.05966,2,23.446904
1647.1702,16,23.450613
13118.655,50,23.461122
3514.654,21,23.46118
368.97394,30,23.461195
232.15167,7,23.465064
1033.9159,6,23.465106
48.700134,5,23.465115
3592.851,27,23.465121
4720.932,17,23.475085
316.66278,8,23.475143
566.7872,3,23.475156
3430.5938,18,23.475164
240.13977,2,23.489986
374.4483,4,23.498818
114.66362,2,23.498865
11726.997,116,23.513433
3503.5886,17,23.513505
5573.9097,47,23.513522
610.50336,4,23.518674
2654.08,15,23.518737
332.21667,4,23.518753
59.973274,2,23.527788
421.29602,6,23.527869
64.69064,5,23.534392
-30.532204,4,23.534474
583.6705,3,23.547171
5694.7256,40,23.563544
1486.3551,6,23.571148
690.85187,11,23.574904
188.03824,2,23.582271
2027.2546,13,23.582331
814.4167,12,23.591296
4149.068,41,23.591358
132.18745,4,23.596961
1988.3923,29,23.597009
290.099,5,23.615123
1183.9988,14,23.629596
3263.3342,15,23.629658
1370.1542,6,23.629675
804.14636,8,23.634609
1523.4927,27,23.649773
2867.4558,18,23.649853
4516.2314,23,23.669077
5855.745,36,23.672117
4846.048,58,23.675495
4760.622,30,23.675555
5624.0503,41,23.680382
2037.5154,27,23.683124
150.74445,8,23.683167
654.5186,12,23.686901
2166.0562,17,23.68695
332.71283,2,23.689758
296.33316,3,23.711952
222.18027,21,23.716163
5476.885,33,23.71622
6175.5854,25,23.720031
3068.1064,18,23.723335
1978.3635,33,23.726307
966.14215,14,23.729766
360.06924,4,23.729834
2832.6165,18,23.73452
-80.06317,3,23.744371
155.3102,4,23.744451
682.3041,3,23.766343
256.28174,3,23.776221
1787.5198,17,23.776281
987.7247,5,23.776297
13383.205,58,23.793145
3460.3489,40,23.793222
-154.58371,3,23.807254
1870.9852,14,23.829676
2497.9714,13,23.833598
794.8455,28,23.833673
9950.084,54,23.85817
1095.1913,4,23.861762
1521.7344,8,23.861819
450.8946,10,23.867462
3059.376,27,23.867523
776.32336,3,23.870699
4091.9436,40,23.873759
3465.4016,18,23.884849
586.9878,28,23.892164
1301.9088,4,23.892243
4565.3296,40,23.896503
1280.2249,11,23.902021
1307.8204,53,23.906485
2511.819,12,23.921179
13035.77,71,23.924422
1673.7643,18,23.927152
1878.657,20,23.930288
5.6336517,5,23.930328
710.1795,4,23.949236
1025.3174,14,23.954674
459.87677,6,23.954763
555.47205,12,23.954778
-3.506073,2,23.964562
728.0047,6,23.964618
213.91568,2,23.967839
2659.4807,42,23.967893
2010.9489,19,23.972408
5091.022,39,23.972501
6397.8604,77,23.976507
7303.645,32,23.97658
1765.6661,18,23.981251
363.47162,2,23.981296
-211.2956,5,23.981306
279.05994,13,23.994428
8095.841,38,24.004781
331.87405,2,24.004879
86.87431,4,24.004911
441.57462,4,24.009111
1255.9474,7,24.00915
939.19653,9,24.012363
11316.368,55,24.036278
841.7577,9,24.036333
1189.5529,11,24.036348
607.09924,3,24.036355
110.280945,4,24.036361
4116.467,21,24.036366
672.19714,2,24.042172
1723.536,12,24.042237
7198.067,37,24.042252
7343.4585,41,24.045192
2011.3007,34,24.058374
1141.1462,12,24.06455
2430.0168,34,24.070414
763.94275,16,24.070498
636.5354,11,24.081783
2067.9695,16,24.0956
127.87512,4,24.09567
867.1384,12,24.095685
12299.57,64,24.095692
540.8347,3,24.112523
1398.6958,12,24.112645
1180.5005,15,24.126968
588.4269,7,24.127024
2685.1003,73,24.127038
696.65155,3,24.127043
4750.6206,29,24.130129
109.24783,3,24.134492
981.6977,3,24.138178
3732.433,26,24.138228
1164.719,6,24.13824
724.94977,7,24.141382
10445.201,43,24.141423
305.7415,2,24.14404
552.08167,3,24.156815
1377.6332,21,24.156854
12533.566,53,24.156861
253.64203,3,24.156865
1689.0178,10,24.175143
266.70642,5,24.175193
1099.1133,23,24.181808
745.7915,4,24.18188
337.4918,2,24.186645
2694.019,26,24.205087
2026.6709,22,24.208529
6762.13,43,24.213693
244.91887,3,24.224243
2481.8452,16,24.227376
3616.467,39,24.230489
1854.2524,9,24.230535
761.9102,11,24.233505
518.6576,14,24.233565
-2.0843506,5,24.243174
396.67496,7,24.253455
1113.7452,8,24.263275
711.7979,8,24.279082
-89.30052,3,24.279138
95.677216,4,24.279154
-21.960327,34,24.29076
162.94926,5,24.296763
1797.262,22,24.296795
1110.2563,18,24.300222
31.360825,2,24.305967
2011.2527,80,24.306043
6148.9863,56,24.31342
2424.896,31,24.313468
-113.08331,4,24.339201
357.75723,3,24.339251
348.3029,2,24.339265
394.28732,3,24.377138
610.1365,4,24.377179
4237.284,37,24.401514
4996.5884,28,24.401593
15.808563,5,24.401611
968.1478,11,24.405098
2877.323,14,24.405145
1929.7444,24,24.411529
373.67343,4,24.411602
3504.4512,17,24.41162
40.660828,3,24.411629
11340.382,59,24.411634
4797.6636,45,24.424145
8113.7515,47,24.432966
1486.3489,20,24.438978
2214.712,42,24.439061
533.59375,5,24.453872
464.93027,2,24.461385
1391.071,17,24.478257
834.509,4,24.478324
10882.411,43,24.488144
7091.7437,37,24.491745
-25.42273,3,24.508811
1043.6038,11,24.508888
118.192276,2,24.511886
422.30984,8,24.528392
157.94505,3,24.545527
2133.9634,14,24.552215
1927.6388,8,24.552283
473.80438,2,24.570063
3037.1882,25,24.576801
2183.01,23,24.576848
4165.8496,26,24.57686
960.773,6,24.576866
799.2295,3,24.584892
2081.3462,72,24.609697
1630.1884,82,24.613318
11055.976,72,24.613361
1452.9769,7,24.616304
-257.00046,2,24.62651
1002.6707,36,24.64205
38.959953,2,24.646988
2290.4487,36,24.649658
3993.3733,42,24.660227
255.33167,2,24.678267
2105.859,19,24.69569
731.9104,11,24.695738
2870.7659,24,24.699043
1192.8269,5,24.699087
1709.6924,31,24.699101
593.4217,3,24.707614
315.8555,4,24.707661
-300.36237,2,24.727542
2437.058,39,24.727608
4907.7866,105,24.731025
1056.9064,6,24.731066
912.2036,7,24.731078
666.3605,4,24.73508
448.3595,2,24.73515
1565.1333,39,24.735167
230.8382,2,24.739851
4123.857,28,24.739912
1680.7308,25,24.739926
174.70811,3,24.750047
-117.92401,4,24.766371
13295.836,61,24.766451
6193.3325,46,24.766469
3670.4763,53,24.786088
831.2483,8,24.786366
2809.8833,21,24.79117
625.88245,3,24.791239
13580.67,58,24.800843
906.16406,7,24.800924
575.47095,7,24.806024
1898.3208,39,24.816391
-543.71155,68,24.828031
2879.0735,20,24.848315
1042.4384,3,24.851769
10069.561,67,24.851812
1046.841,9,24.858123
10737.3125,104,24.858177
356.78534,3,24.86104
835.4146,18,24.870448
2095.858,15,24.873971
2971.8555,14,24.877047
1164.2616,5,24.880043
2773.472,20,24.880081
197.26321,2,24.883026
2809.8928,14,24.883077
3852.754,22,24.892057
2981.1907,18,24.912046
949.4311,6,24.915497
1445.6702,13,24.91556
1309.0505,39,24.918767
1857.8202,21,24.928414
-338.10168,4,24.928463
5172.154,52,24.932009
1097.8641,82,24.932067
1081.9414,5,24.946375
145.96628,3,24.971257
433.27332,4,24.976437
376.86322,6,24.979072
768.032,8,24.982357
2410.3525,12,24.982407
431.3739,3,25.005402
663.2993,20,25.011616
385.13306,4,25.011678
6402.634,65,25.011694
1183.5487,40,25.015905
1315.3529,66,25.02649
2008.2933,9,25.040533
1682.1946,37,25.040606
-446.4545,2,25.04774
4627.4067,28,25.06707
4096.532,32,25.072114
8536.044,29,25.072179
9116.949,52,25.072195
284.89545,10,25.072203
3264.6216,21,25.075251
358.6227,2,25.080384
2522.9858,55,25.083654
1106.1257,9,25.083704
1442.5677,42,25.083718
2435.5938,40,25.098751
375.9757,7,25.098827
1933.2559,7,25.101691
381.76126,4,25.104496
1444.1725,15,25.107759
2719.3586,17,25.107816
1617.3105,21,25.107831
1618.602,18,25.113967
145.55858,3,25.114049
418.5542,5,25.126098
856.8856,12,25.126153
726.58606,6,25.126167
-346.13864,3,25.126174
1072.481,10,25.133093
406.17084,15,25.145638
4771.1714,50,25.145705
7540.6143,60,25.145723
1263.3533,6,25.145731
4016.0032,24,25.150303
90.754944,2,25.163857
868.495,6,25.163927
-161.34607,3,25.173231
682.57666,2,25.184144
966.48315,6,25.202243
740.64465,5,25.202335
1804.5645,33,25.247871
1777.6382,14,25.26043
573.4324,5,25.26051
5943.8467,59,25.260543
1198.8221,13,25.264703
1613.6267,6,25.264766
6059.755,30,25.264783
126.315125,3,25.268436
821.32544,3,25.281147
755.4973,15,25.291545
1833.2517,21,25.291652
13889.968,61,25.296022
367.695,13,25.308694
349.4393,6,25.319391
4864.2847,50,25.333112
6306.1143,28,25.333173
852.18964,7,25.339274
1304.4568,6,25.339381
1412.7839,6,25.342896
-25.723999,3,25.3459
6276.8003,64,25.358282
1281.2336,6,25.361584
365.79092,2,25.377536
31.571,24,25.377616
13096.12,86,25.377634
3274.768,39,25.389173
4738.494,17,25.389248
907.2598,8,25.389268
423.25226,45,25.414532
693.0759,3,25.428931
1891.4395,16,25.428991
-96.52356,4,25.441323
159.0,4,25.466196
3461.2607,37,25.466267
316.10294,2,25.466285
513.6558,4,25.473609
1598.7075,8,25.473679
585.4861,4,25.494296
1946.4167,27,25.509666
685.51685,10,25.509723
1946.496,13,25.528423
1878.7198,36,25.52849
3067.9458,21,25.531435
343.47296,3,25.549115
932.8751,4,25.549174
968.1002,14,25.555392
320.71884,2,25.555445
328.0793,2,25.55546
1718.191,9,25.55853
4422.8687,24,25.579523
1035.8503,38,25.579595
3225.0627,70,25.579613
465.08658,5,25.582727
5543.876,62,25.582771
7496.1763,36,25.585474
-97.756775,3,25.598361
1031.0988,9,25.601886
339.18823,2,25.601934
754.1093,2,25.624674
9156.629,44,25.627972
47.642487,34,25.628021
1735.8892,44,25.630885
6451.4307,32,25.630931
310.79028,2,25.634018
3882.7153,55,25.634058
979.9917,7,25.638609
1006.4186,9,25.638661
6055.8955,41,25.641843
183.11047,7,25.641893
9804.088,74,25.645871
2442.558,13,25.6557
837.1234,8,25.673648
793.2892,4,25.673743
632.734,7,25.677729
129.91316,3,25.689162
4491.401,27,25.689244
820.69995,9,25.710351
933.35144,11,25.715064
1341.4668,12,25.715155
1848.9617,81,25.719213
220.30626,2,25.719271
5492.263,67,25.722951
2475.8716,20,25.723026
1233.0276,10,25.723042
732.1961,6,25.726223
521.53906,2,25.726267
11458.359,79,25.739411
447.1203,3,25.739499
281.11768,4,25.745638
1541.2837,17,25.749002
477.1209,13,25.761302
1954.6458,8,25.769657
838.083,10,25.769721
207.28189,4,25.769734
502.25763,4,25.773436
675.15955,15,25.785863
420.68845,4,25.802563
1890.3678,18,25.802635
2391.3462,13,25.802653
481.1669,5,25.80858
3523.257,24,25.808631
964.5428,6,25.819982
218.53622,6,25.841326
8045.002,43,25.84138
5755.9595,52,25.845304
879.0657,3,25.845351
1018.1222,8,25.845365
1989.3801,81,25.845372
200.5801,2,25.858614
5536.4326,84,25.864009
4478.9565,23,25.866783
1325.6329,16,25.870117
833.25946,14,25.884569
560.7232,6,25.887975
3461.662,56,25.979155
1211.8359,15,25.997929
225.91614,2,25.997988
2182.3484,19,25.998003
4332.1846,54,26.000863
1182.9506,6,26.003975
9825.848,45,26.006955
606.5291,3,26.007018
811.25824,13,26.010305
1727.0447,19,26.010346
93.49139,2,26.013222
-281.37146,35,26.013262
462.00992,3,26.026065
666.08887,11,26.026122
6605.166,90,26.026136
4268.2793,28,26.029593
1320.1614,21,26.029643
632.93976,2,26.032467
5.975586,5,26.035281
743.9137,10,26.038813
4106.429,31,26.038881
1236.9847,10,26.038897
1269.9512,6,26.041973
302.1906,2,26.05258
1604.6964,24,26.052669
1886.4968,26,26.052684
8594.704,45,26.064102
5760.1772,44,26.064163
616.4776,3,26.073041
59.791412,12,26.077082
512.90283,2,26.082092
356.5953,5,26.082166
1135.781,10,26.082191
1646.1279,16,26.082203
-488.45142,9,26.090958
5832.317,50,26.091016
523.044,5,26.091032
7328.45,59,26.094704
530.9518,2,26.100687
1531.801,14,26.100759
510.5727,5,26.11021
110.013954,4,26.113664
2265.296,17,26.113714
1911.2711,33,26.120049
8819.863,40,26.128059
399.49683,3,26.128114
861.0111,3,26.128131
607.82275,14,26.143583
13217.783,52,26.143653
-33.395294,2,26.143669
345.05576,3,26.151512
3229.716,19,26.151587
332.45792,2,26.166621
1324.6812,6,26.17161
-80.5674,3,26.171696
416.12216,5,26.171718
1899.8625,22,26.171726
714.9911,2,26.192405
2169.0596,21,26.192473
428.77026,4,26.206481
439.44525,6,26.211245
360.62784,2,26.211349
3428.334,29,26.211369
578.5272,5,26.222371
2313.8125,31,26.243392
653.6677,5,26.246616
1960.5547,38,26.254337
1718.8167,11,26.284445
-290.11328,11,26.284521
3717.7214,30,26.302063
301.69568,28,26.306044
3679.2126,46,26.306107
4962.46,33,26.311676
-695.41327,23,26.321524
2024.2743,42,26.32714
4815.0464,33,26.332281
1279.8788,8,26.332328
417.55542,10,26.335466
12157.253,41,26.348935
6251.7935,24,26.354702
3340.7456,40,26.35749
1030.8013,12,26.362742
-78.47983,4,26.372213
951.38153,4,26.37873
1692.6594,14,26.398434
2058.8225,14,26.398524
1615.0681,24,26.410624
566.6634,6,26.410691
8198.666,30,26.410708
6383.4087,111,26.410715
3598.3672,21,26.422149
5540.375,40,26.422238
2416.85,50,26.42226
235.77374,3,26.440937
328.26416,5,26.448795
-179.49344,2,26.448879
3268.5012,41,26.448896
303.38846,4,26.448902
2249.1216,43,26.452277
1138.812,11,26.452327
263.02054,4,26.46073
11329.343,61,26.470198
-207.69269,22,26.470294
1708.2507,11,26.473478
2299.7363,29,26.479576
104.621414,2,26.479646
1307.0552,10,26.495791
11656.313,47,26.509208
1136.8896,11,26.509274
1778.8179,19,26.540206
13553.406,74,26.544148
1460.1074,21,26.544201
1171.2415,10,26.544216
1488.4158,14,26.544223
2700.834,11,26.549337
3648.1572,23,26.555172
2046.5659,23,26.555226
890.00574,9,26.558114
1143.7041,6,26.570119
4741.2085,22,26.594531
5044.122,56,26.598719
320.81778,54,26.608942
12361.826,46,26.609015
857.7094,10,26.624712
925.10333,18,26.631853
1981.8319,22,26.631922
10971.752,45,26.634898
1736.4243,15,26.638788
9595.186,78,26.638831
214.51993,2,26.655311
1622.6405,9,26.65537
939.1949,5,26.659608
2903.5442,22,26.659692
1328.4268,21,26.668015
1723.9424,7,26.681035
1550.0487,9,26.681089
261.87808,5,26.687386
2069.2102,48,26.696714
2003.3031,32,26.700981
557.223,6,26.711608
590.5822,3,26.711691
254.84921,2,26.7302
4260.7837,25,26.730288
2256.5825,14,26.73363
646.1779,8,26.733684
779.1642,41,26.736437
617.4277,2,26.739281
762.85736,4,26.742587
1252.5681,9,26.751123
6307.5586,30,26.759021
3714.5752,18,26.781305
1003.60187,8,26.781373
294.975,12,26.78139
1470.7332,8,26.784996
2292.807,30,26.789697
442.89615,7,26.789757
-190.88196,2,26.789798
530.22217,2,26.78981
3611.9055,23,26.804584
937.3954,10,26.804667
200.69946,3,26.80795
277.08453,2,26.811122
3414.6228,46,26.81118
106.92001,2,26.816122
1392.9288,6,26.830765
13653.452,65,26.839496
11966.814,97,26.842307
2263.151,14,26.845503
1409.4141,16,26.84556
6408.8726,57,26.857285
327.0492,67,26.874635
1878.7324,56,26.877817
6459.801,122,26.881694
3761.582,37,26.881749
2372.8447,42,26.881763
709.8511,7,26.896448
231.06305,2,26.896513
845.2656,4,26.896528
212.48909,2,26.896534
808.6529,5,26.913177
3198.1958,80,26.913258
1073.0052,9,26.918964
2180.091,24,26.919072
637.3639,3,26.919099
882.5212,13,26.929037
335.75745,2,26.933223
-128.06195,3,26.933285
4030.2346,46,26.9333
1.2750092,3,26.946818
165.23438,6,26.946894
134.67184,3,26.951379
912.0344,7,26.951443
1276.8767,9,26.951466
325.57043,6,26.964603
572.11505,5,26.968348
14.947922,5,26.98586
73.73236,2,26.985941
464.7153,5,26.985956
2140.216,67,26.985963
2299.396,8,26.992417
695.81775,8,26.992519
238.20523,4,26.992555
2031.3564,36,26.997885
415.9625,2,26.998133
939.57043,8,26.998171
-130.5426,7,26.998182
1018.5168,5,27.040071
1888.323,17,27.040127
2311.9634,34,27.045238
3643.1963,29,27.066346
5330.4634,41,27.070023
2139.2722,10,27.07008
12279.894,45,27.076515
1160.8815,18,27.076575
4096.754,23,27.079821
310.87292,7,27.083186
1794.8315,14,27.086607
857.8983,3,27.086681
30.165161,64,27.096536
53.762024,3,27.105795
-461.62024,3,27.112423
1286.131,17,27.112514
998.5201,11,27.118822
128.09236,4,27.12849
451.33325,4,27.132821
9375.729,44,27.150619
377.00235,4,27.156708
11903.956,57,27.159997
1445.471,27,27.163015
26.115295,7,27.180789
1575.2777,18,27.184523
821.5672,14,27.184594
-148.87085,26,27.192048
859.8179,7,27.192109
1254.8068,35,27.192129
2656.0999,15,27.199743
955.2409,27,27.199842
12146.38,73,27.199869
409.35117,2,27.215024
9109.55,85,27.230686
765.51715,8,27.230754
1074.7266,43,27.257617
1766.3215,7,27.257685
6358.2744,25,27.264116
1709.587,11,27.264378
8438.787,34,27.264416
305.04138,2,27.26443
353.62366,14,27.26996
1202.7988,8,27.270068
2062.798,18,27.27009
282.03827,3,27.270099
10582.4375,46,27.28751
10603.003,46,27.287587
632.2809,5,27.313995
117.084015,3,27.314042
3253.358,77,27.31934
4453.516,22,27.322492
980.12573,6,27.322544
2320.6987,42,27.32587
506.89154,18,27.325912
196.42184,4,27.325925
1120.4823,9,27.32936
6489.385,55,27.329408
196.40726,2,27.32942
943.9967,11,27.350541
489.0173,2,27.350628
4341.7646,23,27.350643
358.28387,3,27.36329
229.22523,4,27.375545
563.27625,9,27.375596
400.88428,6,27.375609
505.1688,3,27.39621
-340.76608,4,27.396285
10228.972,100,27.399085
4643.7563,17,27.401962
491.49496,2,27.405624
1572.2822,7,27.405674
1872.1315,9,27.432029
6712.0728,43,27.435233
1416.8909,15,27.435281
207.31076,8,27.448889
4762.616,38,27.452016
519.0293,2,27.455344
1788.2692,15,27.459348
6378.6562,34,27.459405
1421.6211,20,27.45942
1707.6422,18,27.46228
-374.67926,4,27.484762
1652.9479,15,27.495365
337.65363,7,27.495463
718.36816,11,27.495482
4136.2305,19,27.499319
492.35428,12,27.512948
3404.54,20,27.513007
731.864,4,27.529685
-216.72289,4,27.533077
3216.9712,15,27.537502
219.03995,4,27.560961
1872.9005,43,27.564777
1734.4792,49,27.580412
3334.187,31,27.596981
334.565,11,27.597047
55.89325,4,27.600267
2002.2407,88,27.608954
402.59393,2,27.630534
2383.569,12,27.63061
486.95865,10,27.630628
1399.5371,6,27.648779
7666.9746,43,27.661389
1364.491,7,27.664184
9659.223,95,27.679112
1328.5742,9,27.67915
336.8371,11,27.679159
8587.253,86,27.679165
678.7098,2,27.679171
171.72232,6,27.685029
916.001,7,27.685071
2481.7373,22,27.696357
3444.1838,24,27.700621
412.19836,4,27.700693
729.8836,8,27.724551
654.90186,3,27.724625
6852.761,61,27.724648
1502.7886,9,27.748252
2112.1392,27,27.748302
6135.1006,57,27.751363
2882.0217,37,27.757416
3781.5662,67,27.760102
8725.816,39,27.770279
320.83618,2,27.770608
12234.218,68,27.773614
345.71643,9,27.776294
4726.2437,22,27.77897
1825.6897,18,27.78317
1578.3314,27,27.783244
41.37451,4,27.783268
1686.0442,10,27.786893
8398.246,38,27.799223
1760.734,21,27.802191
8842.837,57,27.806083
2354.7676,48,27.806133
-236.73175,5,27.806146
989.18115,5,27.809189
-341.23593,3,27.809228
1481.0922,16,27.82203
1370.7747,19,27.825677
1858.9928,9,27.829078
395.31998,4,27.846772
434.84003,12,27.863177
5294.0015,40,27.863238
253.18848,4,27.892112
1204.8889,20,27.900456
1741.1821,17,27.900511
610.51697,36,27.903296
395.95422,5,27.913852
66.33484,5,27.936428
447.34445,5,27.936502
-61.49243,5,27.94881
572.84106,4,27.948888
504.9052,3,27.964927
3027.5984,25,27.968777
1958.6985,49,27.968831
4997.895,33,27.968846
1476.032,21,27.978558
9332.6455,42,27.978622
3249.2478,76,27.978893
296.678,2,27.989944
3650.656,31,27.990018
1379.874,6,27.990034
712.4751,2,27.990043
4645.0464,50,28.00052
114.50435,2,28.000581
4451.437,39,28.004686
253.00195,2,28.004791
8612.393,41,28.01001
1356.6384,6,28.010088
1093.4631,5,28.010106
12971.781,53,28.010113
244.3298,3,28.010118
372.48132,3,28.017623
6816.882,35,28.017699
479.64404,2,28.017718
663.83966,4,28.02997
672.26733,6,28.030056
1941.2734,48,28.033991
224.8385,9,28.034065
1433.6317,9,28.04865
214.44412,7,28.04872
287.7812,2,28.060591
7575.014,42,28.060662
241.28241,6,28.074862
474.73575,3,28.087291
1958.0981,20,28.114632
1138.0812,6,28.114746
11129.38,46,28.114775
789.8297,4,28.138665
1863.6814,8,28.138732
526.8727,12,28.138748
621.4927,12,28.138755
431.3788,3,28.142134
6587.709,71,28.142175
22.893127,2,28.145653
538.9381,2,28.145712
11411.216,70,28.145728
911.19275,4,28.162662
1309.9663,7,28.169934
170.17084,4,28.173115
1700.4843,11,28.176171
823.46423,19,28.18753
24.910309,4,28.199298
912.3222,12,28.199361
8105.2686,66,28.210062
-319.8119,25,28.210139
4097.743,51,28.220011
425.28192,3,28.243446
3985.1714,30,28.246753
1296.6464,5,28.246804
671.7929,2,28.25001
170.95578,8,28.250051
3877.5034,22,28.25656
600.69446,2,28.256614
469.04953,10,28.261962
2116.3328,39,28.262022
5811.057,42,28.276881
2146.5881,33,28.281784
5351.2827,41,28.281903
265.5342,2,28.28194
183.03354,4,28.281949
176.60706,31,28.299706
1863.9438,8,28.299781
14088.404,85,28.299798
281.97794,3,28.317002
13236.966,52,28.317078
-127.47595,3,28.317092
1682.2488,19,28.321108
1350.3661,11,28.321177
117.12091,31,28.321192
1645.6013,20,28.3212
5731.1235,49,28.325376
508.52545,2,28.325431
7215.2583,50,28.325445
3042.8293,23,28.338268
373.78122,6,28.353411
342.23715,3,28.353483
1088.1664,5,28.36492
1008.5062,5,28.36498
1181.3833,4,28.375764
745.45764,5,28.375864
140.9294,2,28.375898
1456.3285,9,28.38295
230.8971,2,28.383023
54.09015,4,28.414974
1666.1771,12,28.41503
8919.058,46,28.418696
2867.8267,17,28.418756
4278.336,25,28.430818
1058.9962,9,28.430889
3296.4783,20,28.430907
443.2642,9,28.440567
397.95068,18,28.463286
-25.98706,3,28.463352
1770.7588,8,28.472476
430.43436,3,28.472547
4210.1606,65,28.472565
6547.907,30,28.487031
58.383728,9,28.490966
2603.2122,53,28.493805
2101.1343,27,28.497023
2575.3958,12,28.497087
2374.441,12,28.500291
262.81073,6,28.500344
779.3037,7,28.511008
71.17955,2,28.511067
869.24133,5,28.514579
2173.2148,24,28.518023
4899.1436,35,28.532599
289.25363,3,28.536701
609.77094,7,28.544911
567.7418,5,28.544982
538.5166,2,28.561419
295.00797,3,28.561492
2060.7175,34,28.561504
1620.1321,15,28.565244
1852.7202,10,28.575166
35.991882,7,28.575255
5737.819,40,28.575272
560.27765,2,28.587441
874.4442,7,28.587532
208.1802,5,28.613577
850.08124,7,28.613644
281.5329,4,28.61366
5631.6353,35,28.613668
6614.4663,25,28.617326
1292.2618,6,28.617381
11048.897,60,28.617397
584.34863,4,28.625262
714.6911,5,28.639591
1034.7261,5,28.639668
278.76855,5,28.639685
7561.432,34,28.642763
710.4457,2,28.72561
13937.4375,88,28.725686
304.99567,2,28.725703
1030.8849,7,28.729605
934.1753,3,28.729683
5203.881,28,28.736187
995.8608,4,28.740702
1397.9779,39,28.740777
1598.2538,14,28.740797
2849.9158,19,28.740802
1012.7869,10,28.744827
807.3388,4,28.744905
739.7238,44,28.744925
12560.681,49,28.757053
-231.61113,2,28.757105
510.3988,3,28.757135
314.90942,4,28.757144
2213.9375,18,28.767035
733.21655,3,28.767109
1024.8691,7,28.781763
1989.718,57,28.797782
1012.9919,7,28.809737
428.74948,5,28.809832
7181.149,45,28.814429
946.6774,9,28.814507
962.34625,7,28.83546
438.27512,13,28.835576
2380.7234,10,28.854099
-286.50427,3,28.857401
1550.6753,9,28.86472
4219.9106,44,28.867389
587.8277,5,28.870073
296.40903,2,28.874136
2185.0342,25,28.874218
1398.7927,20,28.888592
3882.4685,23,28.888651
1960.9473,37,28.888665
1062.782,22,28.914411
4722.373,22,28.918254
1316.38,12,28.918306
3154.037,16,28.918321
812.6222,10,28.930545
725.5982,3,28.930601
6331.621,50,28.930613
12237.547,52,28.94159
1165.473,8,28.941664
81.82965,19,28.945074
-126.77908,4,28.951137
833.8216,5,28.972361
1028.4037,12,28.977301
593.1636,4,28.977368
1399.2368,9,28.989212
582.43146,23,28.989271
180.14526,4,29.001776
1244.2898,10,29.001864
616.53955,2,29.001883
399.6319,2,29.013455
705.8983,9,29.033339
3799.9429,28,29.04507
628.4914,4,29.045147
806.93774,4,29.054972
1948.4792,36,29.055054
7815.0645,56,29.059647
1229.5375,13,29.059706
446.8604,3,29.070664
747.3903,9,29.07451
270.50894,4,29.088046
8016.2466,51,29.088111
42.236526,4,29.100723
103.79562,5,29.100811
-305.09662,4,29.125879
1835.4746,11,29.128893
955.12225,6,29.128944
2103.2078,14,29.131933
1048.916,21,29.131975
42.112854,7,29.137705
2066.07,43,29.148547
930.53674,5,29.148617
4249.4214,35,29.162489
1599.757,33,29.162559
-77.94153,5,29.162578
171.62598,2,29.183953
492.35345,16,29.213316
1302.2258,11,29.213379
4502.029,39,29.213406
932.01855,7,29.216465
8.151718,3,29.222839
4412.9087,22,29.237884
586.87384,5,29.237938
1438.2849,14,29.238002
1334.6547,10,29.250304
-162.39395,2,29.253521
1211.189,14,29.258278
7485.667,120,29.258343
-191.09659,2,29.265924
1500.2208,18,29.265973
184.81485,6,29.269747
13680.472,51,29.269807
690.21387,10,29.269821
2190.9292,32,29.280008
921.2017,3,29.285324
286.36432,2,29.285433
1414.5154,13,29.285465
6516.654,67,29.285471
-116.795105,7,29.295661
7459.502,26,29.295735
4479.1226,39,29.295753
302.12018,3,29.30102
-398.40897,2,29.301103
1132.883,29,29.329139
5927.6084,75,29.329206
1727.5564,15,29.332444
4894.6367,37,29.332494
219.91385,2,29.335712
141.27008,6,29.335751
628.6758,5,29.335763
1197.4437,6,29.348527
107.188736,3,29.348601
10824.441,81,29.374681
6200.2036,53,29.382172
1065.4487,15,29.38669
418.2921,9,29.395408
1074.6956,13,29.395478
903.996,18,29.412675
715.12305,7,29.419307
778.88416,15,29.419385
189.16156,4,29.419404
2543.2817,13,29.419411
1708.6108,11,29.419417
1460.8931,9,29.427871
4407.3154,28,29.427946
1137.5789,22,29.440026
97.40619,6,29.4508
2623.356,20,29.464067
29.607422,9,29.464139
405.9388,6,29.467412
1099.0547,6,29.478975
303.41226,3,29.479076
70.51399,2,29.479106
267.11157,11,29.479111
485.745,13,29.483839
4454.2754,31,29.483892
810.9229,4,29.483906
2453.8606,14,29.494782
3279.1377,71,29.500126
-80.06317,3,29.500195
3753.856,29,29.508151
482.52597,2,29.512754
812.45874,3,29.51286
4354.3433,40,29.522742
9498.429,40,29.527203
7877.077,74,29.531839
636.64575,44,29.531883
12318.562,50,29.550005
2016.954,11,29.550054
820.92944,7,29.557866
565.36975,3,29.566988
1510.0239,12,29.578379
2248.4497,30,29.578441
-93.26877,3,29.578459
4787.419,19,29.59083
2084.9094,13,29.599095
2826.2905,74,29.602045
2576.6191,19,29.6163
452.6709,6,29.616373
3708.509,20,29.61639
1791.8038,19,29.630792
34.125214,3,29.64055
1163.8466,5,29.646937
2353.3381,16,29.679398
1444.9619,17,29.687155
8127.6963,66,29.689949
1908.8743,11,29.692518
436.04932,18,29.695693
295.68192,3,29.695755
3581.6423,38,29.703348
1496.424,8,29.710507
4913.4814,65,29.710569
745.81354,118,29.710586
234.59422,2,29.714991
584.1677,5,29.715075
988.51587,3,29.733657
2579.335,53,29.733726
12104.5,60,29.733742
507.7176,3,29.73375
2188.8237,26,29.737096
900.6316,6,29.737148
10951.806,56,29.7401
275.17084,6,29.74404
200.85356,2,29.744111
4523.4775,61,29.744128
1967.1147,18,29.748487
3.5184326,4,29.748553
2485.1208,34,29.748573
397.55542,2,29.752
-29.23877,5,29.772053
469.37592,4,29.782945
9924.448,44,29.783029
6598.827,48,29.783047
9375.946,42,29.787241
1185.0693,8,29.787312
754.8663,6,29.787331
172.90836,3,29.798558
1137.5872,15,29.810879
2212.319,29,29.810956
459.63495,7,29.815927
368.3313,8,29.815994
1146.0364,6,29.816008
563.642,2,29.821104
236.42548,2,29.821173
81.50381,2,29.824778
1034.9854,5,29.829177
1845.8201,7,29.829233
317.87326,34,29.829248
767.59186,3,29.838952
1319.6279,8,29.839084
717.0083,13,29.84358
-264.625,3,29.843647
3687.9927,18,29.857287
254.50745,2,29.857391
415.9439,8,29.871026
317.9458,7,29.871095
4684.3896,62,29.885281
871.91486,3,29.885345
345.8733,4,29.885361
365.40137,2,29.910729
1677.5286,9,29.913948
2416.7903,11,29.920176
731.7538,6,29.920239
2637.4463,46,29.920258
1163.6748,7,29.920264
1819.7323,14,29.923025
126.15283,29,29.92658
130.74097,2,29.926636
3249.661,19,29.926651
2151.2163,18,29.938615
4776.1396,26,29.942778
-236.95047,3,29.942827
918.96185,5,29.942841
6373.862,71,29.942848
1196.8892,14,29.945773
666.0374,2,29.948554
659.3665,3,29.951759
1524.5461,8,29.951813
277.5938,8,29.954665
-232.68726,4,29.963583
276.74243,9,29.963665
619.775,6,29.972141
1524.8745,8,29.976254
9303.308,47,30.000368
2358.598,12,30.000427
7056.7803,43,30.013632
434.1183,3,30.0258
1989.925,37,30.02587
32.407944,3,30.05128
-24.311462,13,30.051347
723.3052,9,30.051362
12640.812,50,30.062174
1147.8676,11,30.062234
7865.7285,40,30.062251
900.672,8,30.075183
188.00471,2,30.075267
39.414764,3,30.0802
2471.1619,14,30.080271
1129.3011,9,30.09961
1055.9218,6,30.103385
-324.2506,3,30.103447
645.5736,5,30.103463
1180.6278,6,30.112931
3098.886,32,30.116788
5397.545,33,30.116872
750.317,5,30.116897
1394.0758,23,30.12112
67.382416,2,30.134988
5667.1025,37,30.135045
1787.7198,31,30.138069
13.829041,2,30.141208
4831.188,23,30.141248
1082.3079,5,30.144152
189.77599,2,30.144188
2331.0022,13,30.149637
4441.8364,32,30.149684
907.136,7,30.152744
22.421814,6,30.152781
619.1113,3,30.167318
8636.295,61,30.190119
7457.016,49,30.190223
11768.553,86,30.197239
195.79253,3,30.199993
4293.5356,40,30.205289
-108.83325,55,30.205332
2700.7158,30,30.208169
1411.7587,15,30.220878
609.333,17,30.232167
3824.9602,24,30.235496
685.8131,8,30.238681
1634.0454,10,30.238751
6120.3423,59,30.242983
1485.1458,7,30.255995
364.022,2,30.256121
6232.788,55,30.256162
1438.9683,20,30.256173
6326.777,32,30.269746
856.3854,7,30.269838
-264.9311,2,30.269864
1151.3014,9,30.280237
346.14407,2,30.280324
1813.2385,31,30.301123
4718.4233,19,30.304379
760.24384,4,30.316637
1376.7412,9,30.316725
976.0489,4,30.316748
304.67108,3,30.316757
375.38205,5,30.336074
8097.787,34,30.348691
1710.8147,13,30.352409
458.21695,9,30.36085
934.12933,18,30.36094
976.99365,10,30.364157
2144.586,29,30.368113
571.6187,5,30.377942
903.2418,8,30.378005
1151.795,10,30.407661
3486.21,15,30.407726
313.83856,14,30.410733
1181.1812,5,30.41472
1596.2759,10,30.429661
420.26666,8,30.429741
5089.1367,36,30.429758
11978.076,47,30.435432
303.3395,47,30.438666
483.47815,7,30.438723
828.2563,6,30.462312
837.8818,9,30.465591
935.3011,4,30.465644
233.82275,3,30.48219
264.501,5,30.48838
722.7591,9,30.488444
36.152283,3,30.491728
2570.2266,59,30.491782
264.8435,13,30.497044
3719.0386,28,30.520294
1434.9784,6,30.520374
1513.2617,8,30.525996
1989.2103,25,30.529107
228.38068,3,30.529156
8578.199,36,30.547342
400.1059,40,30.558074
2896.1577,18,30.558164
1949.3827,12,30.561315
378.20233,2,30.561356
3450.274,28,30.575953
1196.7487,7,30.58414
13337.738,71,30.584186
3075.419,12,30.587252
7447.072,46,30.587308
498.51965,8,30.590815
396.91367,2,30.590884
-298.20624,3,30.616188
1980.7976,59,30.620512
1035.2766,9,30.62058
235.87207,3,30.642
6321.409,76,30.645511
3683.6206,57,30.66219
2275.541,11,30.662244
6948.4375,55,30.665857
1139.3486,5,30.669563
6373.765,66,30.669623
6627.5117,25,30.674009
1125.7263,4,30.67756
-301.2392,49,30.695786
114.562546,3,30.698992
6547.946,35,30.699042
4215.5474,30,30.702205
356.98233,5,30.70224
2337.6099,34,30.71482
4218.9194,28,30.714887
699.0678,3,30.736022
277.7205,5,30.751365
3962.023,31,30.755045
158.70515,3,30.758097
2690.5164,13,30.76089
1218.7019,26,30.763915
-309.5434,7,30.763963
5191.9927,69,30.766888
2787.3196,16,30.766935
704.1352,3,30.771174
308.74716,2,30.771261
1091.183,9,30.771276
1527.24,6,30.771283
10397.538,65,30.782474
31.87696,3,30.782541
1523.0605,50,30.794518
316.10562,7,30.809245
495.3864,2,30.809326
1853.9873,28,30.822121
-17.082336,3,30.82219
310.08014,6,30.831327
209.48625,2,30.836464
13808.244,81,30.836549
-307.6167,3,30.847849
2885.215,20,30.86025
382.1727,5,30.860329
2224.9504,121,30.867629
319.644,2,30.867698
465.97046,2,30.871184
920.77057,10,30.871249
973.12555,6,30.8802
2042.9243,36,30.8837
633.66583,6,30.883756
2387.2021,13,30.883771
143.52414,5,30.897101
455.80917,4,30.897183
6105.753,44,30.897199
2366.8696,33,30.914014
764.73535,7,30.918716
464.52362,9,30.918789
671.142,8,30.935547
2091.3962,8,30.950289
1125.0852,23,30.953666
-240.04813,6,30.953716
13365.305,52,30.953729
570.17535,6,30.962714
2425.0605,36,30.985023
2327.7744,26,30.985097
44.0856,4,30.989558
2203.2893,45,30.989679
1516.876,21,30.9897
899.18915,6,31.000086
1495.5775,10,31.000151
1153.7742,40,31.009818
103.49376,3,31.009912
217.50826,2,31.013381
3295.904,19,31.029368
112.1711,4,31.029445
1930.5813,18,31.042168
4870.099,30,31.042254
301.22266,7,31.052178
384.32703,10,31.052269
1142.335,6,31.052286
982.7558,5,31.061483
311.8087,2,31.064848
1272.0546,11,31.064915
405.14157,4,31.069436
1174.688,14,31.085735
819.4454,10,31.085805
6654.167,23,31.085823
1694.3087,9,31.091401
434.91455,2,31.096528
1288.8022,7,31.118975
1438.8069,43,31.123561
1599.866,11,31.136495
487.73468,7,31.136564
2377.6033,35,31.153556
2892.7102,13,31.165963
1534.5082,10,31.177331
150.35715,3,31.177392
9879.653,53,31.185347
1365.9235,5,31.188938
51.1847,2,31.192997
9055.097,119,31.203821
5738.5337,40,31.216149
3621.77,18,31.216206
-217.72067,3,31.216219
851.7588,24,31.216226
2018.1421,15,31.222843
266.9833,5,31.243505
7457.117,26,31.246647
723.5061,38,31.246707
163.95343,7,31.249729
449.15775,17,31.249779
362.22034,2,31.25288
1085.0112,8,31.252925
753.76483,4,31.259387
415.878,3,31.275
-87.96646,3,31.278463
2680.965,17,31.278517
1186.482,6,31.287459
2913.9233,31,31.29752
3124.43,21,31.301683
847.231,15,31.301735
456.3108,3,31.301749
438.18,2,31.31458
4398.8374,26,31.314649
1447.3071,9,31.314667
2602.8945,61,31.314674
1056.5447,11,31.314681
988.99365,6,31.318742
2151.84,40,31.318794
-350.50806,2,31.323065
120.941376,4,31.323121
4311.8086,41,31.336069
-3.319275,3,31.347852
172.90732,2,31.347931
3130.645,19,31.388068
614.8916,2,31.406267
615.62506,12,31.411742
422.33667,12,31.421359
1600.2808,21,31.432411
11.209473,4,31.432722
7178.645,38,31.44525
7675.192,83,31.459722
1570.2314,16,31.459795
3729.564,50,31.459812
5373.631,36,31.45982
9141.746,56,31.464512
3534.4324,25,31.482512
554.5252,4,31.482595
5448.6504,39,31.482616
6210.0938,38,31.499377
2489.665,19,31.499452
584.43616,5,31.499471
1127.9213,8,31.49948
140.08081,2,31.518473
48.47371,4,31.518538
675.7324,2,31.518553
2220.1426,10,31.521898
575.4283,3,31.522154
1715.076,16,31.538121
608.19257,5,31.538184
6220.9106,31,31.547349
754.8516,5,31.551177
1676.6052,10,31.554578
2361.5144,17,31.583565
630.2866,9,31.583683
359.4688,7,31.587045
1520.9718,14,31.704535
625.58734,7,31.717347
1919.461,28,31.721792
6482.1978,46,31.721872
1631.6447,29,31.721892
1514.91,41,31.726213
11292.8,45,31.736525
12789.008,47,31.758663
243.28857,4,31.78202
1366.3137,23,31.786294
1464.8047,9,31.78635
436.7436,10,31.798251
3548.806,36,31.798333
12050.36,85,31.809023
1263.5054,11,31.809085
1979.9124,12,31.809115
9630.21,145,31.809121
8690.322,56,31.834205
2685.8643,28,31.834278
702.3649,3,31.847019
4061.4893,27,31.84711
647.10095,5,31.862172
2133.4414,55,31.862227
545.698,4,31.87464
356.0207,9,31.886541
5385.389,36,31.88661
2361.8916,11,31.90914
166.66121,4,31.9092
1676.3501,16,31.918105
836.5354,3,31.918157
2016.115,37,31.918172
1421.3883,44,31.925122
2375.8342,14,31.937165
2495.1514,17,31.937234
338.07758,3,31.937252
6180.267,27,31.937261
1041.7767,18,31.937347
1522.1597,15,31.941825
-188.20767,2,31.946002
325.09125,3,31.95664
625.2334,5,31.965571
-468.1971,2,31.965635
4793.9673,41,31.965653
11887.722,54,31.965658
213.71773,2,31.982877
299.57748,2,31.982944
662.99744,2,31.998484
3466.6,18,31.998561
1355.1885,14,31.998576
1271.852,9,32.009793
205.39471,2,32.01361
220.08284,2,32.029386
1119.5201,12,32.049682
630.0574,8,32.049769
237.50485,2,32.063615
10505.87,51,32.067912
1957.2852,12,32.079504
2417.6826,16,32.09667
1532.8975,6,32.096745
352.2977,3,32.104897
1257.1941,11,32.132172
130.90256,5,32.13222
1129.3175,13,32.150982
2251.724,13,32.15397
5677.5425,60,32.168513
60.51829,2,32.168583
1771.9897,18,32.171827
10061.102,59,32.187953
899.3211,9,32.188013
510.30103,7,32.204115
103.78723,8,32.228104
5437.054,52,32.228254
6371.277,28,32.245545
7736.8213,51,32.245626
519.1132,2,32.252438
5710.9653,56,32.258365
554.6941,5,32.26176
158.6814,15,32.261807
1290.6295,10,32.261819
399.62628,12,32.261825
4566.5957,39,32.276487
1857.9633,10,32.276565
89.852646,2,32.276582
4377.903,19,32.279813
1885.3383,16,32.282819
4863.149,43,32.28821
25.277817,3,32.288254
4759.9966,52,32.302356
506.55453,7,32.306077
4625.3633,66,32.306146
1089.8298,9,32.306163
683.32355,4,32.309091
773.65784,7,32.311931
398.23746,2,32.315111
2166.3723,53,32.315153
1119.2837,5,32.329329
1765.3456,9,32.332834
2039.1448,16,32.332875
2759.7957,55,32.335973
13552.054,64,32.33602
1276.9805,9,32.338835
1100.2979,4,32.342874
2639.6763,18,32.342925
1195.6796,6,32.34294
4366.776,48,32.34589
1670.6168,19,32.367695
8755.02,87,32.371151
758.41956,4,32.371195
1257.0746,86,32.381343
572.20544,8,32.381393
-520.2608,23,32.38644
320.6258,3,32.400172
2081.8145,27,32.412459
11428.981,49,32.424263
-17.386597,37,32.431545
1164.0951,6,32.431608
645.7932,13,32.456669
504.5041,5,32.460282
2048.146,12,32.463451
6380.927,175,32.466554
2500.7915,11,32.469434
3804.9685,26,32.47483
607.13513,8,32.474905
2230.6953,20,32.474922
3742.7385,23,32.499441
807.8696,5,32.514097
3272.5696,15,32.517184
2698.0098,17,32.519989
1415.651,5,32.525057
9944.439,93,32.537232
969.63617,24,32.537292
1911.7437,10,32.548271
1502.0746,16,32.570646
-132.87914,16,32.594147
1725.3145,11,32.594216
342.0719,2,32.599994
2840.5417,40,32.600039
4839.137,38,32.611626
357.69406,13,32.611736
297.53882,2,32.623964
12498.208,61,32.62912
202.96495,52,32.640035
1404.3296,44,32.651612
1384.2782,21,32.651702
646.318,2,32.666013
1452.258,19,32.666104
6946.336,35,32.66613
5204.2725,29,32.666142
8365.904,49,32.67786
2177.545,20,32.677916
820.5722,164,32.67793
562.3342,11,32.696846
260.63867,6,32.700269
311.3291,2,32.700313
13958.488,46,32.703211
261.9173,3,32.708682
2271.3567,14,32.708732
1079.7521,7,32.711455
5678.729,40,32.714758
717.98334,7,32.714815
624.0221,4,32.741076
12964.487,65,32.743897
2997.5159,21,32.749968
3047.156,17,32.755469
988.3208,5,32.755527
9572.773,46,32.781365
2308.647,13,32.78144
9505.202,39,32.781457
1426.8436,8,32.786799
8068.743,29,32.789872
1910.3805,16,32.789915
4765.0933,31,32.793609
293.44617,2,32.793711
1235.1458,9,32.806854
-63.195953,2,32.811851
1567.9025,6,32.81192
527.26587,56,32.811934
4443.8647,19,32.821458
10586.717,40,32.821532
842.55786,4,32.821556
2050.0251,26,32.831447
4642.122,19,32.831518
14122.167,82,32.831536
1012.3855,6,32.834799
330.48346,2,32.834855
1585.5403,6,32.849857
230.58685,3,32.849933
514.74506,6,32.865476
1377.6959,13,32.865543
441.24396,2,32.883313
888.063,7,32.883368
1201.2445,6,32.883383
1560.1012,10,32.891281
821.86456,3,32.902322
4800.5337,35,32.90239
126.132095,3,32.902406
1549.9941,11,32.912278
1287.0674,7,32.912351
173.7154,2,32.917041
4210.385,20,32.917173
279.53497,2,32.928188
622.5192,37,32.928252
3238.795,44,32.946658
12912.931,43,32.951168
69.781006,6,32.951221
185.21011,5,32.951237
1246.9961,7,32.951246
-38.060577,5,32.954584
3203.8933,21,32.962594
8609.384,42,32.96266
544.9587,7,32.966086
1537.2991,17,32.97518
647.3944,7,32.987698
102.159485,3,32.987779
71.3681,2,32.987802
4286.774,26,32.999662
1324.8643,27,32.999745
12634.936,62,33.016565
468.9425,5,33.016623
253.67493,3,33.016637
-428.8899,2,33.016644
1213.0074,8,33.016649
1289.7654,9,33.019861
59.85846,4,33.033602
2222.8564,15,33.037212
4196.294,54,33.037263
419.09012,3,33.037283
658.00244,2,33.050705
1333.9846,21,33.050791
2054.308,16,33.054552
105.46521,3,33.068237
590.48083,4,33.068293
1018.4936,6,33.085418
469.5018,9,33.08549
1810.1995,35,33.085504
1552.8468,11,33.085519
523.1095,10,33.089578
3451.414,18,33.08964
127.090256,4,33.104117
2001.5076,10,33.122639
-66.023926,3,33.122718
1209.4978,5,33.129908
1091.4277,5,33.129969
1040.9597,16,33.149781
585.1997,4,33.149962
738.22327,14,33.162572
1660.3125,15,33.185913
202.16812,6,33.18597
491.14133,3,33.185985
2750.4053,34,33.185993
3099.1912,23,33.199693
2196.7761,56,33.199757
331.33252,3,33.212338
4324.0503,24,33.225482
398.0446,4,33.225558
5343.3423,25,33.225583
540.3061,2,33.231024
6331.9595,95,33.238742
1582.1936,7,33.238809
1132.4496,19,33.250618
872.3588,6,33.250703
1052.09,5,33.26215
287.8109,2,33.262225
482.59955,3,33.279875
514.257,3,33.279932
1799.7849,41,33.28546
490.74054,16,33.285508
1215.3179,9,33.28874
12507.86,58,33.28879
936.752,10,33.288804
233.61539,2,33.292501
6183.3984,25,33.292554
679.6752,14,33.295413
1572.8424,28,33.298492
1351.935,19,33.298549
176.22409,4,33.308485
225.34082,10,33.321343
814.4053,5,33.321409
475.2851,3,33.321426
567.3716,6,33.34284
5967.0806,76,33.351873
340.16846,6,33.356251
2550.8572,19,33.35631
7480.778,36,33.356325
643.2948,8,33.356331
533.6211,3,33.373273
1721.9316,12,33.384299
416.41345,7,33.387064
1983.9773,22,33.390195
217.82056,2,33.390239
4109.8755,20,33.410517
1009.44604,17,33.420216
7578.9487,36,33.420284
4345.2803,25,33.438127
419.32117,4,33.447292
2256.4631,48,33.450794
8700.868,69,33.460909
5398.6045,36,33.464356
2901.0337,25,33.467823
983.1061,5,33.480747
1525.7737,24,33.480789
389.89075,4,33.480801
4086.287,87,33.506238
267.0364,3,33.506299
2866.5588,18,33.516006
230.43057,2,33.519115
4627.118,27,33.534165
2611.134,29,33.534235
1561.4868,24,33.563706
1541.7275,9,33.563779
11577.01,67,33.58079
466.52374,6,33.580869
3978.9272,28,33.59394
4349.781,20,33.594008
9.570862,3,33.615272
768.52844,5,33.618594
1205.9614,10,33.621831
1263.1196,20,33.621882
383.94827,16,33.632538
10819.137,87,33.646695
1257.0039,10,33.661518
913.1106,4,33.665104
825.3003,16,33.668615
2917.004,13,33.680954
9813.559,53,33.68103
491.71072,2,33.698574
7258.712,52,33.70297
6072.9766,27,33.703026
822.4192,5,33.70304
1668.8485,11,33.703047
181.83209,3,33.703053
1704.748,66,33.727033
564.6775,4,33.736842
133.1405,11,33.736914
9659.298,47,33.741143
975.71484,5,33.741201
2397.6292,63,33.748477
1379.9753,7,33.752435
1146.2231,7,33.752517
6274.381,41,33.762952
481.2751,2,33.766264
864.50244,3,33.77913
3933.7095,74,33.7792
381.42584,2,33.795188
1501.0286,19,33.798443
888.1046,15,33.801418
4651.093,40,33.805562
684.10474,3,33.805654
2229.3984,11,33.805702
1509.2346,24,33.814659
402.51797,2,33.824895
826.4347,57,33.828025
1851.6061,51,33.830789
412.20038,3,33.834024
674.9184,6,33.834063
54.06198,2,33.834074
67.79877,11,33.837091
2313.0046,76,33.864251
1124.3928,5,33.864301
631.8308,5,33.867715
669.27313,11,33.876979
-59.226517,2,33.877043
33.42636,2,33.890618
-22.85019,2,33.894678
838.56256,14,33.909008
2716.51,14,33.924257
2113.6245,43,33.924322
462.16476,3,33.924338
586.16724,11,33.936859
1667.7341,27,33.949576
1132.5519,12,33.949684
6395.832,33,33.962499
-16.947174,3,33.976809
212.56232,4,33.976881
1531.1499,7,33.98259
5496.4937,32,33.985332
13939.062,49,33.987986
1101.8809,9,33.997373
6351.154,30,33.997442
2380.1892,18,33.997459
11372.044,62,33.997467
820.7031,5,33.997474
337.25262,2,34.007291
2019.0597,33,34.01831
4578.605,54,34.024884
-186.63205,3,34.024949
945.3074,11,34.028179
304.1928,3,34.04472
317.59888,3,34.054812
4543.4565,45,34.062966
1909.4534,43,34.06303
1721.3379,9,34.06663
-51.842407,9,34.066677
2784.1135,20,34.066691
3611.1904,131,34.08618
424.28305,4,34.086246
6826.6084,24,34.086263
-360.79858,3,34.098406
1571.5391,45,34.098483
502.4013,7,34.108335
12036.658,82,34.108393
4508.3916,21,34.111937
578.3688,5,34.112005
4475.189,24,34.129638
2466.0376,14,34.129692
3490.2385,12,34.129705
2847.9666,18,34.133437
132.07751,3,34.137552
613.3562,4,34.149888
493.92062,8,34.149959
8368.847,45,34.149975
213.42719,8,34.149981
650.4942,4,34.149986
1651.4358,6,34.149997
1841.5304,21,34.160711
155.61447,4,34.18231
886.80896,4,34.182369
2390.7764,13,34.185282
2751.1921,17,34.188253
687.79694,10,34.188291
11993.296,41,35.379598
204.46039,8,35.389418
1193.7341,12,35.402077
740.9444,9,35.402138
2077.248,16,35.42667
2096.3425,18,35.426746
517.2569,3,35.426764
1865.2078,34,35.439988
1267.1571,6,35.451582
5088.8706,38,35.451652
526.1779,3,35.455047
70.63721,4,35.464833
618.27954,2,35.48554
467.77167,2,35.500154
975.743,11,35.500227
343.2951,6,35.511224
2504.6272,29,35.51516
919.38556,5,35.549278
3343.0007,24,35.549329
1105.8269,8,35.553161
1803.9785,14,35.55321
1193.4229,16,35.553224
833.72736,7,35.553232
12138.38,45,35.556049
3465.8838,23,35.564783
489.81793,2,35.564853
1940.2051,16,35.582228
3919.0476,53,35.582285
906.52814,5,35.5823
117.76424,4,35.586184
4976.8394,41,35.586258
271.5095,4,35.597178
373.90894,2,35.597232
345.1615,15,35.597247
629.5112,5,35.609039
262.30392,2,35.613743
3484.581,18,35.634822
8134.0356,41,35.634877
290.98444,2,35.641641
105.62607,4,35.641728
1826.3682,29,35.651925
32.361618,4,35.656065
2113.8745,35,35.656126
1293.21,11,35.668747
7176.9067,34,35.668846
359.74136,4,35.683497
444.50183,11,35.683556
831.4477,10,35.68357
3302.1553,17,35.696748
5978.0957,47,35.721255
662.625,5,35.721308
987.5272,14,35.721322
2359.3005,33,35.72445
5661.9185,44,35.750321
1870.0009,9,35.750399
2111.637,11,35.75834
1798.0662,21,35.758401
717.09106,25,35.758416
1122.4506,49,35.76182
1476.4442,14,35.761872
518.17316,3,35.765464
877.61456,7,35.765531
958.1631,12,35.777248
379.61963,3,35.781228
803.4363,10,35.789623
1180.8988,15,35.78968
2522.8735,75,35.802915
1566.6208,18,35.806379
4364.315,15,35.813241
1140.0654,18,35.813311
6928.638,69,35.818825
-169.10959,3,35.822311
2879.5933,20,35.836988
978.755,12,35.837046
2062.1875,68,35.847172
3059.6277,18,35.852564
4177.682,31,35.852605
627.7969,6,35.937859
2181.4631,22,35.941525
907.54706,9,35.941608
1074.9957,5,35.946807
3771.561,23,35.946864
3665.7183,23,35.961687
4855.6064,44,35.961744
-404.0089,20,35.975624
161.40352,3,35.975705
594.8157,3,35.975726
839.5342,5,36.001322
11966.751,57,36.012017
1182.4691,5,36.012092
1864.2766,31,36.01211
1009.70795,12,36.015501
1400.9612,13,36.028756
4359.445,23,36.028855
3644.434,52,36.044596
-7.88443,4,36.055023
1661.398,37,36.072851
126.18351,2,36.072922
5493.8257,48,36.072937
640.2083,5,36.080689
2985.554,28,36.086186
277.17935,2,36.086224
1395.9348,19,36.086236
2573.6143,16,36.09135
1319.0913,8,36.100812
399.56552,11,36.101106
949.63055,4,36.106105
1175.8363,6,36.119981
6804.023,43,36.123081
278.28485,2,36.133316
1528.2606,16,36.137012
470.65137,10,36.151201
6822.8745,79,36.166918
7656.8735,29,36.180883
3121.145,19,36.180986
4638.6357,40,36.181009
11869.086,51,36.196907
1053.025,14,36.196977
253.3378,2,36.196994
215.59149,2,36.219082
688.1553,11,36.219141
3704.483,20,36.228621
553.22815,3,36.228696
9279.602,36,36.228715
670.50745,41,36.269361
2034.7614,11,36.269419
1009.78046,5,36.283226
12009.536,57,36.287223
1173.8035,9,36.287278
603.69543,8,36.301162
13714.864,60,36.301241
758.6022,5,36.301258
990.24927,6,36.306665
2154.7603,15,36.306735
2907.6284,15,36.321748
4253.7827,21,36.321817
264.40918,4,36.321835
5893.4014,41,36.336032
865.0469,3,36.339244
88.53259,6,36.352937
917.06274,5,36.367261
-169.36978,2,36.367331
581.4029,10,36.371022
3083.786,42,36.38363
2087.3184,49,36.383679
1059.2494,11,36.388462
9630.609,58,36.400284
2574.043,13,36.425035
4305.0654,24,36.430172
6330.337,81,36.43023
634.61475,6,36.434246
-48.448242,3,36.460212
619.6277,2,36.47407
192.07697,19,36.474132
1570.885,11,36.485881
2998.9314,44,36.495323
3161.1995,17,36.495391
10527.578,49,36.499286
210.91316,2,36.504733
855.5276,10,36.504791
4391.7363,22,36.508023
5369.9575,36,36.520464
657.0924,6,36.536521
12138.243,46,36.549201
2386.5085,37,36.55266
2990.4624,23,36.562623
2094.918,74,36.577454
3967.7,27,36.577519
13509.004,61,36.577532
9639.436,70,36.581068
68.7117,2,36.596778
11304.227,49,36.613635
2823.7822,26,36.617164
3520.861,19,36.617222
797.81525,3,36.620544
994.9911,9,36.620594
2226.315,8,36.624196
514.86914,6,36.624242
1764.4996,7,36.634598
426.60623,6,36.640608
3496.6558,26,36.650026
1285.659,9,36.66752
852.2049,26,36.672723
566.63983,5,36.682968
1079.7985,10,36.683041
541.05023,4,36.718816
4393.238,36,36.721853
10583.099,54,36.754035
1211.3481,48,36.754087
1466.7234,21,36.770269
2429.5796,57,36.770324
1220.0103,33,36.770338
6154.019,42,36.773753
6081.8003,37,36.773817
880.7777,8,36.773834
100.50041,2,36.778419
3184.9172,32,36.778482
660.41003,4,36.778498
424.6598,28,36.778506
151.93561,2,36.778511
1124.8413,17,36.782113
7558.0396,44,36.788389
12974.858,69,36.793353
307.83472,3,36.793444
927.4934,4,36.797529
679.70294,4,36.797602
1053.5988,9,36.807837
3876.9043,20,36.807931
583.91235,6,36.807949
563.58704,2,36.834428
4033.8428,67,36.837569
7428.8057,35,36.844352
4783.0815,25,36.854378
182.31697,2,36.860145
662.0868,11,36.865286
20.156677,16,36.881394
3605.2046,58,36.881451
1608.6001,14,36.884789
1877.6488,41,36.884838
567.4918,4,36.884851
1730.7976,21,36.887978
293.60376,20,36.888025
2342.3906,17,36.888037
456.4599,2,36.890706
1495.6061,21,36.893584
4603.4727,23,36.896291
494.6121,4,36.906197
13997.306,48,36.90626
1177.2391,17,36.918664
1146.2593,6,36.918754
303.74475,3,36.931003
-444.83234,3,36.947646
155.26166,7,36.947716
961.3468,3,36.955605
402.15405,3,36.955653
1524.0569,12,36.955665
1108.5421,7,36.958301
3909.6892,26,36.961509
2919.0588,30,36.961564
260.0448,3,36.976209
212.88641,3,36.976326
2522.961,11,36.980495
2237.2932,100,36.980557
593.5821,15,36.987607
3047.2822,17,36.987664
6977.504,60,36.987681
1080.8857,5,36.987689
737.1923,4,36.991252
2258.9739,34,36.991304
1390.5093,34,37.003002
-37.703262,5,37.003076
184.5207,2,37.003093
899.96796,49,37.003101
577.7203,14,37.015319
319.644,2,37.015392
442.70486,2,37.0263
629.488,2,37.042413
-40.05493,5,37.04249
1964.6809,29,37.042508
568.1371,9,37.042515
99.295166,3,37.051986
159.88126,6,37.065187
2041.2297,9,37.06943
1076.4354,5,37.069504
7578.2905,48,37.083595
491.16016,5,37.095183
1544.1788,17,37.115579
3785.103,55,37.119196
1748.4358,14,37.119245
1398.847,16,37.11926
2520.0903,12,37.122522
3299.0115,36,37.12257
354.0586,2,37.122594
1366.8868,20,37.125378
258.6178,2,37.12846
3446.7937,46,37.128507
570.5614,2,37.13162
4032.4412,33,37.13168
6155.462,38,37.146729
860.8473,12,37.146802
1063.0319,7,37.153559
2035.6677,13,37.16293
301.71545,2,37.167201
7475.6616,32,37.175253
1666.41,46,37.179986
398.8617,8,37.189228
2774.9915,23,37.189275
4558.7744,20,37.198788
447.5334,6,37.201995
688.54517,5,37.21783
6302.627,23,37.23083
496.84433,8,37.249946
3579.615,19,37.250072
1373.9564,18,37.261309
658.6554,8,37.261396
1973.9794,21,37.261416
3682.2742,19,37.276618
171.59483,2,37.28042
2612.0195,23,37.280488
6519.0938,97,37.297826
7464.2656,39,37.297913
2025.8646,40,37.304646
1068.3849,9,37.304744
2180.7988,36,37.318283
389.15387,2,37.318537
681.5513,6,37.32838
2221.9116,20,37.328447
2455.4263,14,37.333118
591.44867,50,37.333219
430.6504,7,37.342906
322.13574,5,37.342988
-343.90192,19,37.343001
-149.04262,4,37.34875
7027.565,43,37.348854
-29.542282,3,37.348867
457.8684,5,37.3741
312.64246,18,37.394523
1835.9532,34,37.394578
-146.57841,2,37.400919
968.05475,17,37.401004
4222.0557,23,37.407715
1511.602,12,37.407793
2891.3076,15,37.407812
152.60121,3,37.41984
3950.3716,24,37.419914
1373.2207,6,37.433901
915.8474,4,37.433983
505.32803,3,37.450509
-502.56357,3,37.453771
2135.011,18,37.463631
6677.3784,26,37.4637
2897.2588,18,37.470302
583.76355,7,37.480356
1182.0114,7,37.49599
5255.7065,31,37.499419
4223.4717,24,37.504849
551.8058,8,37.508009
11213.92,56,37.51122
450.29993,2,37.511269
14030.074,53,37.51502
2216.049,48,37.515061
5800.046,55,37.520129
-33.613388,3,37.525917
1024.9299,31,37.52599
2201.8665,17,37.526015
695.6863,3,37.526023
308.58707,3,37.534913
6197.1533,74,37.541509
95.06079,3,37.541588
4305.217,19,37.547296
230.2877,4,37.550812
1133.9207,15,37.550881
310.39224,2,37.555082
307.38147,3,37.566891
-64.92685,3,37.566932
-331.00104,5,37.566942
9718.541,49,37.582522
-378.04248,2,37.582591
816.871,5,37.595943
194.88094,2,37.609945
2072.9565,10,37.610016
114.88095,3,37.610034
1927.1959,14,37.619738
5489.766,26,37.619789
9672.32,42,37.619802
1556.099,15,37.623137
3311.334,17,37.623175
5663.436,33,37.631394
94.92383,3,37.643251
602.70166,2,37.643289
337.46637,5,37.657163
11771.609,49,37.665512
431.981,3,37.665576
509.29,3,37.669338
983.8874,8,37.669421
1002.7163,6,37.678648
501.37033,2,37.682333
4350.0405,36,37.682372
3147.5696,29,37.699143
2365.168,33,37.706572
607.71893,2,37.706632
1321.5112,7,37.720284
6893.3594,43,37.720348
1384.0513,5,37.720361
1787.7509,54,37.727774
15.941303,2,37.727845
648.99756,11,37.734165
1211.9576,6,37.742859
2625.0808,18,37.742912
779.73694,7,37.748946
510.73828,8,37.778108
737.55634,16,37.791824
4569.397,84,37.791883
-210.54404,5,37.791895
9578.764,40,37.805202
4176.2627,21,37.821476
165.1083,6,37.836742
10622.522,37,37.840413
3368.1958,73,37.840461
371.24176,13,37.850982
6558.89,32,37.851089
1325.626,8,37.851116
325.09293,2,37.87662
187.71835,3,37.876657
147.31479,2,37.876664
2035.3552,20,37.882371
2339.5864,41,37.882444
416.8459,2,37.885714
938.04517,8,37.902646
-591.41284,25,37.909559
13462.656,56,37.917741
1773.3727,28,37.921093
758.36743,4,37.924439
5542.5303,47,37.92449
694.6896,27,37.93028
420.80304,17,37.930326
1171.071,11,37.934499
2612.7231,11,37.934578
776.09674,19,37.934597
244.92914,2,37.938811
316.6847,11,37.938861
1539.17,25,37.938876
530.249,4,37.943633
1.3107147,6,37.943705
1174.9231,68,37.943724
265.63013,3,37.95374
276.9602,3,37.958006
773.78284,11,37.958092
630.82404,3,37.95811
220.26884,3,37.969801
5969.2197,73,37.969882
6818.3394,51,37.981323
4712.401,52,37.98137
2054.3264,27,37.981383
174.75479,3,37.996142
28.625153,4,37.996194
601.6155,3,38.007136
12542.664,52,38.0123
600.02844,2,38.012378
1492.7269,9,38.025044
2608.428,12,38.025141
2395.7517,17,38.038247
-451.66116,9,38.05173
154.0713,4,38.051821
6144.51,39,38.072229
1510.1648,8,38.072293
4404.6777,32,38.078841
2859.064,13,38.078901
2273.7568,11,38.095724
3134.8638,21,38.105595
550.0084,6,38.118144
582.44775,13,38.118213
1443.7483,4,38.118229
872.3696,10,38.133134
421.19745,2,38.138324
15.803406,3,38.157134
1195.4675,6,38.157198
357.391,2,38.176138
1033.9462,9,38.176198
1324.4291,8,38.179778
2120.0664,29,38.18338
2474.2915,33,38.188696
4879.9062,23,38.192481
512.63293,5,38.197604
505.11874,5,38.197655
1886.9121,25,38.235827
3192.1575,41,38.239333
5173.5596,45,38.239389
2137.687,9,38.242756
6602.8633,25,38.242839
9578.318,59,38.246106
1800.5355,14,38.256464
849.7043,46,38.256531
573.9075,4,38.259851
7320.2915,33,38.262608
346.33655,2,38.265553
1096.0577,6,38.275487
669.9517,6,38.279338
1735.6249,19,38.28739
986.15424,7,38.291862
9404.628,50,38.302305
1402.3684,64,38.302378
2494.208,92,38.32006
246.24951,5,38.320134
70.02094,2,38.320149
452.41248,3,38.327358
594.87225,13,38.327407
867.0863,6,38.330867
467.64294,10,38.334594
1896.4215,17,38.345924
2148.4792,37,38.350542
1184.0542,6,38.356283
168.43196,3,38.356324
459.70197,6,38.358986
163.7804,3,38.366547
5719.1357,33,38.382254
334.1282,23,38.386327
220.22368,3,38.386384
1120.3743,27,38.393847
10.433838,3,38.397387
4490.343,22,38.397484
979.9083,15,38.414034
1472.5159,14,38.418227
235.84082,6,38.422034
12835.394,51,38.422098
-340.5194,3,38.431237
-91.14038,6,38.441652
774.2483,25,38.447554
1741.347,11,38.457868
564.10156,5,38.465954
548.105,80,38.469495
2297.4907,57,38.479649
550.7554,5,38.483842
-169.32297,4,38.48391
4354.9917,24,38.483927
375.86172,2,38.498917
315.7183,2,38.509254
3228.6997,17,38.527059
376.47897,6,38.527134
335.91443,3,38.530515
2189.0513,35,38.534328
319.644,2,38.534386
5881.4404,102,38.537691
13744.945,63,38.541136
-46.672424,5,38.545614
45.5278,3,38.545684
2002.2871,10,38.552651
261.09344,4,38.552713
3675.1501,40,38.575914
1333.1716,6,38.590489
8079.386,44,38.596415
12104.843,85,38.596487
9237.963,49,38.602141
346.3698,16,38.60219
620.9489,7,38.605005
1516.1494,9,38.605053
1064.3074,5,38.627203
90.99457,4,38.627263
7427.893,99,38.627278
707.1491,7,38.627284
590.3755,8,38.639311
1917.5662,47,38.648999
7306.3105,27,38.661751
14046.362,76,38.661854
9232.591,61,38.668762
9986.93,106,38.668817
505.88104,9,38.671724
762.0323,4,38.677188
3207.2324,18,38.67731
-293.13055,42,38.677345
317.9112,2,38.677355
64.22337,3,38.683461
9825.735,44,38.683525
2594.4353,34,38.683542
300.87592,3,38.693688
651.58185,2,38.697367
329.86432,2,38.697437
446.4651,2,38.697454
-173.1714,2,38.700879
7354.496,23,38.716288
1116.6562,22,38.719292
2209.173,14,38.722739
1751.7826,8,38.731869
520.8889,5,38.73505
2039.7792,10,38.756567
2113.669,18,38.840175
1895.3452,56,38.840228
3158.835,16,38.844598
128.28757,3,38.844972
259.15836,2,38.854279
4448.5757,26,38.85436
1916.9283,13,38.867454
314.39624,45,38.881151
394.23322,4,38.881212
1610.6917,28,38.881227
441.90427,5,38.881234
1039.4644,4,38.904054
1348.3838,24,38.904114
1465.4377,9,38.913983
5018.3765,43,38.918617
2356.1895,9,38.918687
2055.4014,29,38.918703
1532.0624,56,38.925862
684.26526,4,38.932689
2030.1163,9,38.932759
13456.471,76,38.932774
845.4857,7,38.946685
12021.201,48,38.978419
1277.312,38,38.981623
671.11633,9,38.981664
182.23608,7,38.984847
1294.8296,10,38.98489
1058.383,8,38.988111
808.6732,3,38.988161
321.8064,3,38.990763
992.8451,4,38.993678
2281.3574,48,38.99373
157.92004,3,39.004361
2697.3174,15,39.004441
10568.402,48,39.016234
5456.303,35,39.031543
6509.231,34,39.031648
6634.0156,49,39.031671
2057.8267,18,39.056636
993.2834,4,39.056715
291.80023,4,39.059845
1486.6068,16,39.063169
513.6858,2,39.069325
1875.0809,29,39.069378
384.7625,8,39.069392
2322.9868,11,39.072109
2803.2083,72,39.074769
863.4368,7,39.090291
4900.696,53,39.092995
851.0074,6,39.096649
782.19995,13,39.100261
2353.1443,27,39.100313
752.6327,4,39.114696
1489.8835,7,39.114743
1561.1136,10,39.11768
1202.6166,4,39.120862
-369.73373,15,39.1209
1784.1115,7,39.120911
3387.927,38,39.126039
410.52734,5,39.138529
1696.8488,46,39.14374
1626.408,17,39.146479
579.55524,8,39.149181
2348.3445,13,39.15222
385.75012,3,39.162601
6086.3105,80,39.175456
1961.0792,13,39.175547
1429.1091,10,39.187607
5846.6025,36,39.187707
6607.96,36,39.206019
360.22162,6,39.209474
5939.882,35,39.209512
699.9209,4,39.20952
600.5983,5,39.223258
3340.917,39,39.22333
1753.487,27,39.223351
332.132,5,39.227915
9838.529,59,39.227966
391.797,8,39.240216
13778.906,82,39.24026
1540.9832,10,39.240275
3299.2456,37,39.259476
5654.7783,37,39.259548
1438.707,7,39.262654
497.43555,7,39.283372
1288.6582,7,39.283433
7998.4785,48,39.286244
-267.3631,4,39.288957
-139.35571,3,39.292231
718.37506,7,39.292278
581.2807,9,39.29229
2299.3447,8,39.295733
32.05838,3,39.295785
614.06976,2,39.295803
4816.95,43,39.299398
10989.173,71,39.299452
1138.7888,14,39.299467
98.427795,4,39.32087
2702.0867,12,39.323601
1025.3328,12,39.327218
601.4968,5,39.327353
334.60553,2,39.336263
1210.2379,8,39.34946
1286.7391,6,39.34955
864.75165,5,39.363817
329.53958,3,39.363921
434.9502,2,39.378838
639.4789,9,39.378922
2307.9246,9,39.386021
4581.1196,34,39.390183
5374.2686,39,39.397377
1289.9773,4,39.397425
2863.4185,20,39.400224
-229.13193,46,39.415488
330.18942,2,39.41559
384.65482,5,39.415612
933.24884,7,39.433929
730.9953,10,39.434021
484.77118,8,39.434042
849.51685,5,39.446273
2469.4448,28,39.459242
-21.970459,9,39.474885
485.76117,6,39.479392
-7.3979797,4,39.482496
217.33514,4,39.485996
2034.2849,11,39.486049
775.09937,7,39.489558
-46.878326,4,39.489609
5889.1396,39,39.494328
1134.6455,8,39.494407
2448.4585,10,39.49443
1632.088,12,39.514982
1351.9495,5,39.518252
8695.353,54,39.518293
1646.7451,6,39.520944
1102.2943,58,39.524417
1784.0686,23,39.544116
1202.6658,6,39.54418
6178.628,43,39.544196
2463.3726,35,39.553716
1113.9635,8,39.553778
-435.68762,19,39.566489
1536.8162,9,39.566536
6212.3047,32,39.575728
1750.4097,55,39.580496
249.95535,8,39.580546
-41.16095,4,39.580554
2213.575,8,39.588307
399.2281,4,39.592061
1748.2267,6,39.592129
393.873,3,39.600842
1081.308,10,39.600897
696.5416,3,39.600912
5241.7856,44,39.633214
2114.8638,15,39.635984
1884.7141,14,39.641438
2118.0376,31,39.652728
373.64914,5,39.692304
1642.2416,21,39.695748
3918.777,22,39.695802
2642.8884,17,39.695814
4349.5117,18,39.704998
5553.8345,54,39.705089
1480.8918,68,39.705104
1615.4634,32,39.713773
1563.9856,7,39.720572
-409.16248,2,39.720648
4765.57,26,39.734264
1403.7726,7,39.734352
372.191,2,39.745651
2251.5032,30,39.769201
4071.7456,19,39.7723
742.60364,4,39.775014
2256.891,27,39.778988
1213.6826,12,39.795835
2549.777,13,39.799535
652.4007,3,39.799586
-79.08835,2,39.802356
2114.4653,25,39.804955
2189.4414,9,39.807571
285.0747,8,39.814179
352.68512,4,39.814231
4072.173,35,39.818246
252.14693,5,39.818342
709.94,3,39.825038
7676.1226,37,39.825127
853.35736,3,39.834231
1139.5796,23,39.8343
2898.4458,18,39.840985
11277.818,55,39.841095
1553.7946,18,39.854247
307.98807,6,39.854309
1808.3282,7,39.854322
5293.875,32,39.857411
2526.524,21,39.864297
347.21613,4,39.864396
318.08786,8,39.877997
1698.5394,22,39.904349
6061.151,79,39.904405
71.25833,4,39.90442
1780.8276,32,39.911639
2552.666,11,39.914571
392.2093,7,39.917809
142.29747,4,39.917862
1093.6047,16,39.920666
348.93127,4,39.923635
5540.694,53,39.923687
616.57117,7,39.930429
9140.016,68,39.937672
984.0608,5,39.937732
11962.122,58,39.937746
5456.907,25,39.940988
1074.1301,5,39.94103
7667.5684,66,39.948503
1115.3698,5,39.972059
686.192,4,39.984425
6333.8037,108,39.98455
655.5524,5,39.984576
3154.677,19,39.988826
1830.4595,23,39.988872
1531.3286,20,39.988884
237.75674,2,40.006088
326.20575,19,40.006167
9603.698,80,40.009706
-303.60498,10,40.009759
603.65607,2,40.016021
2443.1199,14,40.016085
499.24344,5,40.019233
1046.8475,15,40.045554
744.9183,10,40.045611
180.48846,5,40.045626
658.1177,6,40.048691
310.34537,4,40.054228
1986.593,25,40.059475
362.42197,5,40.062857
2903.097,13,40.063125
931.25555,7,40.071167
453.43652,2,40.07124
986.61957,14,40.080269
2899.4473,37,40.080341
2156.8801,22,40.086805
1647.9832,23,40.101841
3918.3865,17,40.101896
161.25798,4,40.105718
754.1444,5,40.109113
1348.928,16,40.124379
13294.596,66,40.12445
514.2434,4,40.14669
1462.1217,20,40.150159
1204.0481,5,40.150218
586.156,3,40.154143
2569.0767,17,40.154204
213.64456,3,40.158069
8636.732,44,40.158139
1075.1503,6,40.165447
1932.446,32,40.185396
-653.94763,21,40.185472
911.6769,5,40.185489
7085.5723,54,40.185497
299.1313,10,40.195692
5881.58,57,40.195767
534.54865,3,40.220392
1086.5651,5,40.220465
4960.007,38,40.220482
469.0329,3,40.224244
2129.3672,18,40.224301
880.7421,8,40.224318
818.73975,5,40.231574
2158.4504,11,40.235079
305.92865,6,40.235127
56.180817,3,40.238252
611.6925,2,40.259037
152.06525,2,40.259109
1664.7395,26,40.289655
704.0919,10,40.293253
1450.6431,6,40.310229
465.62222,12,40.313553
3457.9434,15,40.316874
5188.652,35,40.326101
5879.948,64,40.326171
5416.161,40,40.326187
654.1891,12,40.338556
888.0462,15,40.338697
276.8083,4,40.341912
1526.8557,8,40.34197
334.21667,4,40.358964
6148.8096,50,40.359025
193.74577,2,40.374498
1431.1372,12,40.396335
3471.0706,29,40.41164
1175.396,7,40.411752
9191.497,42,40.415754
581.8136,7,40.415854
522.4569,4,40.415883
438.6326,4,40.449049
1341.5647,11,40.452457
2060.4336,42,40.452508
980.89795,13,40.455414
728.623,8,40.470382
626.5858,3,40.470424
871.356,17,40.470435
1517.7424,18,40.490463
1475.9556,11,40.49934
396.50177,7,40.502546
5426.4775,36,40.512475
938.7999,5,40.512554
195.2182,6,40.512587
155.5038,2,40.527596
26.542633,8,40.527743
1119.1053,9,40.544794
5134.4204,47,40.544881
122.99127,22,40.544901
187.98116,3,40.544907
3385.9375,13,40.557235
619.017,7,40.568564
1188.9446,18,40.568653
358.59198,2,40.568671
378.08765,3,40.588546
2019.2316,34,40.591249
13882.757,53,40.600316
1440.5702,8,40.600359
834.7174,12,40.605808
13933.465,67,40.605857
2665.5754,12,40.623363
942.7082,10,40.62709
6052.1616,83,40.627172
4115.7188,29,40.630195
80.67343,6,40.630235
2022.8003,52,40.63285
583.87305,3,40.641226
1153.7115,59,40.662324
345.70178,3,40.66239
1429.2422,17,40.666179
663.9456,17,40.66972
2118.7056,11,40.689304
10572.56,56,40.692436
8847.701,39,40.692465
519.36743,6,40.710283
3265.8113,24,40.716394
-28.053741,2,40.716449
1660.8082,66,40.72147
1009.5334,11,40.721517
2584.5493,31,40.724043
3880.079,22,40.726532
4096.37,42,40.745762
315.00238,13,40.745824
2619.5562,17,40.745839
544.48114,80,40.749223
929.3679,13,40.749269
1684.805,10,40.752129
531.5978,3,40.755517
424.0369,3,40.755601
118.17297,5,40.76711
644.3699,7,40.767182
1006.5067,12,40.767199
3240.9785,21,40.779849
1768.9165,34,40.78353
3629.4077,28,40.808915
2737.8298,15,40.825773
126.66504,19,40.825847
639.3003,6,40.825865
1479.5532,7,40.837074
1691.1969,9,40.840297
128.3154,2,40.840348
1486.9355,24,40.843102
867.9154,5,40.864139
309.9068,3,40.867391
421.8632,6,40.883404
950.58624,8,40.887082
2901.2207,42,40.889872
500.1185,5,40.892404
6214.5767,80,40.908271
854.401,3,40.908365
5570.144,40,40.908379
465.78262,3,40.922241
236.28427,3,40.944002
4439.3384,27,40.944075
1383.8662,15,40.958719
552.0908,11,40.986463
879.93274,4,40.992553
1039.212,8,40.99263
1213.7147,7,41.00587
1023.37616,10,41.005962
2166.7476,26,41.011646
171.05939,2,41.011774
466.62756,5,41.022003
272.0083,2,41.033971
5308.44,27,41.034041
633.7816,15,41.043537
311.163,3,41.043647
1977.1528,26,41.043665
1205.8088,13,41.071654
4704.574,39,41.086764
376.9543,2,41.086812
895.1697,6,41.091301
564.2722,5,41.091352
554.73,6,41.104043
112.467545,2,41.119318
1217.2291,50,41.139696
2959.2922,44,41.139753
268.44366,3,41.14261
444.09903,2,41.163762
2182.3574,26,41.166906
9629.391,52,41.17036
240.19376,13,41.170406
812.55505,4,41.17042
625.4962,7,41.170427
1802.4226,9,41.173439
11717.823,47,41.173484
8477.595,35,41.173496
729.02484,11,41.176288
4513.4326,80,41.176328
-385.8227,2,41.194058
2869.164,21,41.194103
153.308,2,41.194115
118.98279,3,41.194123
307.29193,2,41.208275
3916.3357,23,41.225961
518.45776,6,41.226017
747.8904,4,41.226032
675.0548,3,41.226039
1402.3318,54,41.242818
3942.7356,24,41.242898
582.1307,3,41.262376
1706.8125,15,41.285854
6395.488,87,41.290375
2364.7776,12,41.29044
642.28107,8,41.290458
14030.376,62,41.315894
189.07672,18,41.315944
7681.8286,83,41.318959
1291.5433,12,41.321946
531.65424,3,41.324827
1649.5823,20,41.324876
69.43451,14,41.335321
4636.173,22,41.349231
1513.2583,26,41.349341
1345.7203,4,41.349361
165.00232,3,41.36031
3164.0164,68,41.376605
1767.8931,9,41.391242
368.87784,3,41.407434
422.29916,4,41.407516
2622.5537,23,41.423938
6947.839,46,41.43731
6329.171,29,41.440244
268.14133,2,41.444328
472.91583,6,41.444385
567.15216,2,41.454759
925.4027,11,41.454834
2131.23,20,41.454851
3027.5676,15,41.472029
2838.8289,12,41.4721
3448.982,16,41.474995
490.32422,4,41.477969
986.0231,3,41.490274
3257.114,51,41.515558
530.6385,3,41.523794
944.7594,13,41.538401
9506.192,43,41.541562
2256.9707,12,41.544721
424.0417,4,41.544764
-24.029572,2,41.547809
150.60645,16,41.547861
3441.7195,49,41.553134
-8.590515,4,41.556253
4843.297,53,41.55631
5734.922,48,41.574054
673.19794,4,41.574126
12778.337,42,41.589229
2001.4075,42,41.593474
-100.66467,3,41.593511
657.9398,105,41.593519
585.1236,4,41.608046
428.94824,8,41.608097
807.74677,20,41.617691
588.2645,2,41.632241
11718.131,74,41.63231
4685.1157,35,41.632325
452.968,4,41.632332
1061.1326,6,41.632338
99.99417,2,41.64183
92.39984,3,41.644573
401.33603,7,41.656439
10963.248,55,41.65651
8573.352,50,41.656528
320.78784,3,41.659423
624.037,14,41.668479
2389.5886,34,41.672281
153.56946,3,41.672327
336.6228,7,41.672337
191.65106,14,41.692201
114.57733,16,41.712867
400.0379,3,41.712951
481.0207,8,41.715915
1094.7516,3,41.718807
2445.5344,14,41.724197
4526.697,40,41.727355
660.7643,11,41.731021
5471.2686,47,41.731092
695.0377,9,41.73111
807.35693,16,41.731117
1474.1719,20,41.747256
6277.305,59,41.747315
246.55113,3,41.753573
1693.5557,13,41.756482
11312.527,47,41.759158
795.104,6,41.767196
1039.847,12,41.767241
581.2889,7,41.77081
911.4712,13,41.770873
1379.9867,8,41.790556
11239.547,59,41.793308
1638.3881,12,41.802895
2153.9866,17,41.805569
2886.2559,22,41.828293
785.98376,15,41.828352
823.4349,11,41.828368
1064.2815,12,41.828375
1352.9973,8,41.831399
4261.6523,31,41.837346
4323.7964,33,41.837402
571.0167,14,41.920062
-94.44876,3,41.92292
183.13931,3,41.92296
3185.7893,20,41.928442
28.397915,2,41.928495
1153.7847,8,41.928509
1020.0974,40,41.940402
3200.2366,21,41.940484
5575.7188,48,41.94051
10.290009,17,41.943764
-3.9902039,3,41.971384
1526.7422,9,41.971476
811.04114,14,41.974938
335.6034,7,41.97498
1670.4563,9,41.996172
71.662766,2,41.996232
11784.817,85,41.996247
413.13342,3,41.996255
5424.89,35,41.999548
3896.725,19,42.0024
4286.766,28,42.005504
1506.9629,67,42.005554
12888.522,79,42.009094
4414.895,35,42.009152
287.96564,4,42.009168
5409.031,66,42.032503
285.48358,3,42.03258
761.4712,6,42.036767
3481.066,41,42.036841
3266.8987,17,42.036859
889.4991,4,42.040225
505.58142,2,42.043453
-9.20163,5,42.058454
441.98474,3,42.058522
1445.3436,13,42.063918
5335.503,29,42.067082
1072.2091,4,42.069997
419.62146,9,42.072962
2716.6558,23,42.105949
763.91144,3,42.124332
539.273,5,42.124394
12974.925,49,42.14773
3993.6328,19,42.147797
5294.937,36,42.147814
610.68164,11,42.150933
5191.1514,24,42.153674
1447.6049,12,42.159496
-116.89636,4,42.159562
4315.738,16,42.180465
2193.954,22,42.193376
73.23959,9,42.208531
1398.3623,11,42.208625
1310.0167,12,42.226397
1215.3499,4,42.255285
1877.5818,19,42.26474
6803.6626,42,42.264804
1592.2322,31,42.264821
2251.1843,43,42.275455
562.559,3,42.307155
486.90784,2,42.307237
775.52765,4,42.307255
1127.5035,33,42.318189
780.183,9,42.318267
4454.3433,24,42.338613
334.32477,3,42.338671
203.8896,3,42.341456
2006.3809,38,42.344711
25.32135,5,42.344753
1062.8486,20,42.344765
301.2612,2,42.35959
535.5842,7,42.359629
3205.5312,22,42.359637
574.79285,7,42.370382
220.70288,5,42.37044
5014.2837,45,42.370457
1536.802,12,42.373754
6333.867,30,42.373804
695.6038,4,42.373817
-224.60474,44,42.392971
190.95233,2,42.393034
10530.428,48,42.393053
10590.613,45,42.393061
691.4812,8,42.404688
591.5605,3,42.40873
605.87024,3,42.42803
82.42462,6,42.428095
471.4804,5,42.446029
415.2771,8,42.449368
12893.725,92,42.452414
1257.2803,9,42.485502
2706.4866,118,42.485571
1111.2263,40,42.48882
1338.8971,18,42.497315
3813.8652,18,42.507675
673.9857,22,42.511149
213.29337,3,42.511205
404.994,6,42.532591
4007.0156,35,42.535393
462.93207,4,42.538126
7250.4683,27,42.541152
8243.093,81,42.541193
1863.1295,7,42.544186
202.77762,4,42.54423
531.014,3,42.566349
1175.7468,13,42.570089
1463.8552,34,42.570153
1055.118,7,42.573325
688.8927,12,42.593249
732.30054,6,42.593307
-66.94006,4,42.602889
13027.347,67,42.602941
531.69806,2,42.606272
188.15048,2,42.617439
3125.866,29,42.617514
733.28735,3,42.623068
741.18475,8,42.626016
1129.1954,6,42.629044
57.28192,4,42.629096
613.6168,4,42.629109
1013.77167,11,42.631844
2193.099,9,42.635536
392.16156,16,42.653439
983.08905,5,42.653522
13451.776,62,42.671567
312.56714,3,42.67163
-95.11316,6,42.675088
4438.006,44,42.675119
1229.248,7,42.675129
3980.214,21,42.685284
1489.5253,7,42.685354
86.61446,2,42.709208
194.29932,4,42.718553
575.92163,4,42.72148
9786.2705,46,42.743769
800.6254,7,42.762713
2347.0557,50,42.762765
1022.48865,10,42.784172
4777.8906,53,42.792028
891.63293,16,42.792088
6334.6035,51,42.795016
215.81815,6,42.795044
224.64986,2,42.809072
4935.721,37,42.813965
2186.3486,14,42.817797
2247.5146,11,42.817858
5657.6104,90,42.820957
716.3977,14,42.820994
211.406,3,42.826575
267.37695,2,42.826665
10467.32,68,42.844535
6077.2344,48,42.844618
170.03673,2,42.847959
908.6011,4,42.848001
7109.902,68,42.851451
832.05054,7,42.851502
340.2056,2,42.851516
227.05441,2,42.851522
1853.7916,10,42.85638
72.32657,3,42.875115
2276.732,26,42.895063
398.0137,5,42.911155
4107.6035,29,42.911225
-112.627396,2,42.911244
1343.3359,16,42.924361
400.91772,3,42.927407
1401.9508,8,42.927469
1581.0076,36,42.949751
161.54756,2,42.949815
1206.679,20,42.949831
12711.009,94,42.949838
539.48376,6,42.953157
87.74512,6,42.958364
991.4828,5,42.963803
450.964,18,42.963848
1823.4901,22,42.981323
1122.2446,6,42.984871
10843.906,46,42.988152
2469.974,16,42.988194
3054.6516,28,42.991381
441.87778,2,42.991419
377.98752,4,42.991431
149.91861,2,43.021475
938.28986,4,43.039929
1081.629,13,43.043055
344.05286,9,43.054117
1403.8301,14,43.05416
875.7953,5,43.054173
1316.3597,26,43.056919
199.3645,2,43.05973
1375.3047,13,43.05978
439.7473,5,43.075184
13496.243,67,43.075239
7165.087,99,43.075253
400.6163,3,43.07526
318.40607,5,43.079973
59.429565,3,43.080044
1356.1421,13,43.090275
273.30862,3,43.090345
913.8596,3,43.095888
540.3865,6,43.108042
-70.20063,3,43.108099
392.85666,2,43.121478
1185.2025,15,43.121553
814.51416,13,43.121569
1141.3242,8,43.134659
-45.533142,2,43.138742
434.7714,3,43.146642
674.883,14,43.1566
4862.87,33,43.156678
6776.3613,40,43.172431
1576.7672,6,43.172521
10840.398,107,43.172537
2795.5134,14,43.185322
1989.4148,14,43.185405
9617.092,34,43.19646
144.2792,2,43.196563
542.7297,10,43.196585
8198.432,38,43.196593
6513.2744,72,43.199959
350.73886,2,43.200001
1381.6322,9,43.203898
434.20773,2,43.207462
381.6611,6,43.212554
1391.388,9,43.229678
1084.1224,5,43.229726
689.0558,9,43.229737
1290.9316,19,43.229744
2648.6426,19,43.229751
1178.9275,6,43.24641
342.0779,3,43.260767
996.4118,8,43.260825
1146.5966,5,43.279513
2452.5693,64,43.27959
13100.855,41,43.279609
-350.05963,2,43.285193
69.43149,8,43.285247
2198.333,69,43.287752
900.72314,5,43.290602
1660.1604,11,43.290631
3329.2905,40,43.308922
1077.8824,12,43.315089
1062.7767,10,43.31869
711.7463,3,43.318746
2642.0762,24,43.318763
2143.2495,14,43.318788
4397.123,19,43.321396
781.94727,16,43.338516
791.40216,11,43.362672
557.954,2,43.368251
1167.061,22,43.371022
7464.981,42,43.378143
453.89325,10,43.378212
1644.0779,12,43.395286
1732.8623,13,43.410076
917.37744,3,43.410153
5300.375,25,43.421913
833.224,23,43.44031
6067.238,41,43.440402
436.9472,9,43.440421
4497.56,36,43.44043
303.8122,2,43.469692
2383.7683,8,43.469765
13693.357,100,43.469803
-123.85257,4,43.475542
1562.2424,43,43.497495
8494.804,41,43.497574
1725.4918,10,43.500562
3554.1191,35,43.504287
1412.6561,22,43.504334
2677.9363,12,43.504349
5878.8794,32,43.504356
1390.6711,55,43.504361
749.6074,7,43.512563
9273.3955,87,43.512625
6731.0713,25,43.530312
2078.289,28,43.537301
2420.2512,37,43.555819
33.28293,4,43.559055
875.3726,9,43.562346
891.77734,10,43.562391
1669.1558,15,43.562403
2801.003,19,43.565393
965.5801,21,43.565442
309.56818,2,43.568044
1907.9933,20,43.571156
1467.8077,18,43.571197
9716.923,44,43.571209
-33.701874,11,43.588099
1884.4677,12,43.588162
111.51941,6,43.588177
1821.7694,30,43.592607
1016.4429,15,43.603488
1108.3645,9,43.624529
885.154,4,43.624583
365.0653,6,43.629139
315.8214,4,43.629186
12255.802,57,43.641732
1220.3052,7,43.64178
627.36926,20,43.652961
513.2862,7,43.674332
5109.2314,29,43.699918
1161.0177,12,43.699976
292.584,7,43.702957
3488.9338,14,43.703005
1458.5497,10,43.705643
169.5893,10,43.708615
1069.0684,10,43.70866
2125.184,20,43.711194
1301.7126,12,43.744623
706.8783,8,43.762508
4074.37,25,43.771104
1612.4266,9,43.774226
3701.8662,26,43.777952
1813.9504,19,43.777996
1150.0503,18,43.794042
1447.2905,45,43.794154
303.4255,3,43.794177
6911.8833,41,43.811604
1352.2382,7,43.821254
154.79147,4,43.824615
631.5049,6,43.824662
775.0847,6,43.844267
456.02075,4,43.855516
3076.9739,22,43.855579
5703.895,34,43.866501
6699.413,33,43.870738
5375.5767,45,43.870797
119.17355,3,43.874039
2484.1343,11,43.874082
1201.7083,10,43.905726
10198.532,74,43.905806
1622.6864,26,43.928039
2702.0046,15,43.928093
1124.4253,6,43.928106
1097.2761,7,43.939586
11955.149,53,43.939631
389.97803,2,43.955898
900.1269,13,43.955976
-13.984871,27,43.970399
159.7971,4,43.973649
340.05746,2,43.973699
2376.8643,57,43.976489
3877.127,26,43.980417
1587.3081,34,43.990664
218.99142,7,44.008561
215.13934,4,44.008632
1320.6179,17,44.026687
3177.3088,18,44.02676
771.29663,4,44.045255
-177.6286,2,44.04967
7269.5225,65,44.049739
1113.4202,9,44.049756
79.463745,7,44.049762
716.0669,5,44.053169
521.41486,2,44.057197
11623.398,55,44.057243
449.03143,3,44.057252
5272.7783,37,44.074846
-190.59064,2,44.074915
863.7212,6,44.086103
844.83136,7,44.10919
1194.978,6,44.114455
6018.9224,37,44.12492
804.3923,9,44.143466
5954.5244,48,44.169863
1632.4442,21,44.169932
2198.3828,29,44.17533
325.93793,2,44.175372
2177.962,26,44.177938
1750.8362,21,44.192561
611.0558,9,44.211061
2798.544,13,44.229859
731.0811,9,44.229964
4257.585,17,44.253466
4970.5757,35,44.253563
960.9531,6,44.25358
3068.8071,20,44.257115
-73.65564,20,44.25716
902.8317,19,44.257172
618.90326,4,44.282438
144.22714,5,44.29019
4560.343,29,44.290258
5067.313,49,44.307301
2398.3887,15,44.316149
404.83862,3,44.316207
6284.8354,30,44.316222
405.09772,4,44.31623
1170.0784,16,44.321391
1672.7269,21,44.346045
730.03284,13,44.346087
13218.746,51,44.349845
12635.925,53,44.349896
328.89383,5,44.349911
130.13281,2,44.356247
9335.542,43,44.356295
2747.6067,13,44.359267
1174.9585,4,44.359303
537.2948,4,44.362499
1665.846,9,44.362538
3023.4575,13,44.362546
1823.1128,77,44.384494
10543.886,41,44.384565
1648.5906,9,44.384582
348.966,6,44.391147
4087.0293,25,44.39121
2357.148,25,44.394789
8400.077,55,44.394865
421.6154,2,44.42264
295.90735,11,44.422708
396.55527,2,44.422732
3457.212,29,44.43963
6422.6895,65,44.439702
754.1078,8,44.445668
343.67456,30,44.459799
1983.7351,34,44.478078
337.46198,3,44.478147
1953.8496,14,44.494348
3171.1462,19,44.513906
5058.5176,26,44.513973
1904.5459,11,44.517307
-266.9023,11,44.517353
819.2814,4,44.520406
4502.8013,49,44.520451
394.34686,3,44.542031
1032.4744,8,44.544945
4167.3276,23,44.557059
2340.1626,24,44.575091
1758.575,23,44.57947
1187.7517,4,44.579533
1142.1829,21,44.57955
614.2858,7,44.585853
11174.602,45,44.588536
5748.212,29,44.596812
4730.08,27,44.596906
58.952152,2,44.596924
831.9737,12,44.618036
385.59314,11,44.618121
5468.5273,32,44.621649
10776.797,50,44.63396
923.2634,6,44.653852
1321.3864,18,44.653918
1790.4515,26,44.657264
844.99194,12,44.657306
1534.4845,41,44.657317
3096.3716,19,44.660213
417.5324,2,44.660261
2074.004,22,44.663111
951.6891,14,44.667205
2020.5819,9,44.667257
617.5417,6,44.667272
646.3078,9,44.670335
1922.8585,21,44.67038
826.5856,16,44.687329
1499.773,13,44.687394
410.8256,2,44.702272
2225.671,43,44.705668
2382.921,13,44.705718
1431.6254,5,44.708501
1311.7839,6,44.712062
2436.3813,16,44.712097
987.1315,8,44.712108
4165.7036,21,44.72211
10727.582,55,44.722164
246.71005,2,44.734534
4359.1353,32,44.734601
1169.94,12,44.734618
11663.678,40,44.734626
112.727325,2,44.741363
2346.3784,27,44.741415
1329.648,10,44.743952
26.04657,7,44.760828
63.713837,5,44.770476
367.8273,17,44.773955
658.5266,6,44.791376
-53.984528,3,44.794331
2012.3201,14,44.81195
1192.3967,8,44.822845
3295.558,30,44.825926
4379.352,23,44.825979
1444.9877,24,44.829233
1491.7173,19,44.849975
1861.1863,24,44.853222
757.8939,4,44.869239
534.72894,2,44.872836
676.6975,3,44.872898
-429.80655,13,44.872914
409.24478,2,44.886614
5212.445,32,44.923907
367.32788,6,44.947747
1483.3375,61,44.947829
1574.6383,16,44.961657
-476.81802,23,44.961701
3363.6045,28,44.98542
10817.315,35,44.991199
85.14159,2,44.991281
387.52332,5,44.991299
155.50974,7,45.012531
2381.6738,41,45.012622
5143.18,34,45.034591
1849.0948,21,45.034682
1538.335,9,45.034704
568.438,2,45.048564
604.12506,25,45.052882
5400.832,41,45.052946
1256.2222,17,45.052976
-178.56183,17,45.056349
656.89136,12,45.056404
447.7702,7,45.05973
953.68274,8,45.06323
534.1038,2,45.063276
334.99728,6,45.066231
216.82413,2,45.069951
1961.4205,10,45.069986
4414.5825,29,45.069994
1278.6456,8,45.085971
8458.1,44,45.089893
86.15234,4,45.089972
324.83374,3,45.089998
1731.2789,22,45.104531
12141.041,50,45.1046
1453.8027,8,45.104613
92.88708,3,45.119624
550.3998,6,45.123116
619.8108,4,45.123156
833.78345,6,45.123167
917.14,7,45.125914
18.59552,4,45.128731
6294.762,37,45.138609
770.4033,5,45.138648
28.292404,3,45.138656
4827.4106,32,45.154899
408.84418,2,45.159653
69.36859,5,45.159701
984.23175,53,45.177703
1677.2993,9,45.269081
899.5618,12,45.269112
511.11862,3,45.269201
3959.7273,21,45.29047
1257.174,7,45.290544
98.73201,4,45.311511
1546.187,8,45.331428
1058.4766,11,45.331508
770.4939,5,45.331528
3053.4233,26,45.334765
231.4765,5,45.337588
236.66861,3,45.350486
398.98825,13,45.350549
1436.063,7,45.378227
1511.3597,8,45.402216
756.4928,27,45.406639
5868.8496,64,45.406691
5150.0195,33,45.406706
826.63,12,45.406714
1075.2661,10,45.41105
7041.03,61,45.411124
2715.9604,18,45.429245
554.1467,3,45.433972
386.43317,3,45.434028
6916.007,40,45.440243
411.88785,4,45.440284
6047.1934,36,45.440403
5515.452,76,45.443988
660.3261,9,45.444077
1355.5643,6,45.444098
217.79344,4,45.444105
-223.12631,6,45.47832
899.7212,5,45.478378
-219.34848,6,45.492631
2458.666,36,45.492712
784.75916,7,45.492729
13736.981,48,45.492738
6498.271,82,45.517218
949.2854,14,45.517263
533.3252,12,45.520467
439.146,3,45.520527
1168.9365,5,45.523501
1605.3444,21,45.523548
522.9275,2,45.526088
429.25333,2,45.52894
1443.8612,12,45.528982
2957.3618,19,45.544342
697.7131,3,45.549164
1876.8743,15,45.549221
1125.8269,35,45.549244
562.01447,5,45.552318
622.98395,5,45.555
12352.65,57,45.563578
10611.356,47,45.587625
415.25974,5,45.587687
2675.7744,16,45.591269
293.16644,7,45.591327
2759.176,15,45.591342
2628.652,12,45.594062
1477.922,16,45.618297
693.6553,15,45.618351
733.80383,4,45.618366
766.78906,7,45.636825
488.45502,8,45.636905
5981.894,59,45.644379
1192.755,11,45.655287
863.3462,9,45.659224
-582.15955,36,45.659283
539.416,2,45.662674
1008.5952,7,45.672396
924.0217,11,45.672443
2126.7305,21,45.69149
3857.1006,30,45.69159
6061.3,49,45.706624
680.40015,3,45.706697
75.04404,2,45.706714
3581.427,33,45.71832
333.67056,2,45.727592
1238.7648,7,45.727629
1059.9249,5,45.727639
625.4105,2,45.740452
1369.436,9,45.753192
1001.7954,11,45.769746
5073.6064,72,45.789865
453.84198,19,45.789928
1846.1921,10,45.802235
13326.51,61,45.8023
375.96887,2,45.822859
1185.6384,29,45.822948
1242.4421,12,45.822973
659.11694,10,45.826575
568.90564,2,45.830152
2891.0972,16,45.83022
376.51678,13,45.833038
5052.401,55,45.835728
2385.6082,31,45.838445
854.96045,5,45.841096
1960.0778,7,45.85587
304.12213,3,45.879615
1882.8104,9,45.885192
3485.5916,19,45.885235
1148.5898,7,45.888082
1665.9185,17,45.88813
1005.3289,7,45.893899
496.57684,10,45.893961
5029.0044,58,45.89933
3229.2478,44,45.899378
15997.772,74,45.914212
1681.4341,7,45.92605
867.071,4,45.926095
4815.3076,30,45.941052
402.2812,4,45.954819
598.5343,25,45.958986
218.23407,8,45.959076
293.41272,5,45.980694
8855.803,58,45.980777
6036.3438,92,45.986338
237.77652,4,45.991435
239.7986,2,45.991494
961.4761,20,46.011072
2032.023,11,46.022591
10152.108,43,46.026337
-3.1569214,4,46.026392
5413.2837,32,46.030404
4546.879,36,46.030448
755.5902,34,46.030458
3401.4556,31,46.030466
81.79651,3,46.053815
1009.11926,55,46.053863
3246.4807,27,46.053875
379.38892,3,46.063281
10469.643,71,46.063382
-166.41583,5,46.075223
1746.9775,73,46.075316
217.59816,3,46.080092
4141.5576,42,46.080145
228.7493,2,46.088649
970.1593,4,46.092209
240.41278,7,46.104453
546.02466,12,46.113548
950.38245,7,46.127182
2020.8704,29,46.151956
999.2897,22,46.152015
3764.419,79,46.15203
2452.1191,16,46.152038
335.9877,7,46.155509
1215.62,14,46.155566
512.57935,8,46.155581
1805.4358,9,46.155589
323.7114,2,46.159218
862.02814,12,46.175322
493.75974,4,46.175373
703.1252,7,46.188021
767.03595,9,46.188127
8132.1987,41,46.204085
280.1533,5,46.204139
839.6669,6,46.21559
1484.6661,17,46.215671
1440.69,7,46.231849
524.6613,3,46.231918
1464.781,6,46.25297
176.24205,3,46.253026
1911.1863,24,46.256057
785.48486,7,46.256107
337.0464,4,46.258703
421.5107,2,46.261554
2598.404,17,46.270448
51.963055,2,46.286495
1118.6833,3,46.286562
952.05347,12,46.289165
653.8475,3,46.306428
1016.6685,13,46.309663
1094.9507,11,46.312892
10046.448,40,46.321881
1287.7972,13,46.329121
6242.088,23,46.329169
978.9513,12,46.329181
967.68677,4,46.32919
1741.7654,35,46.339048
1882.7966,50,46.342273
4364.266,20,46.345425
2203.787,11,46.36454
679.7604,6,46.37237
10268.589,63,46.37762
12867.344,62,46.385521
1538.1387,12,46.407729
1463.2981,12,46.40781
13107.346,73,46.423746
7140.1196,40,46.456297
984.2669,8,46.456355
7896.365,35,46.459486
757.1358,5,46.474341
361.2503,2,46.487823
1019.0471,26,46.530078
1963.2157,22,46.530126
1446.3962,11,46.530136
1767.2766,85,46.546463
5818.4766,42,46.546534
97.56851,3,46.549809
459.94104,2,46.557622
7992.9243,37,46.569932
1983.217,24,46.594581
631.3074,3,46.594652
2566.3086,10,46.622173
7250.4434,76,46.626262
5274.6836,41,46.62977
6809.746,41,46.629815
336.1304,2,46.632662
6742.279,26,46.635471
6646.7026,43,46.661414
2075.4001,9,46.661486
1568.9154,36,46.677884
1895.4172,9,46.677969
8913.5,69,46.677987
770.21204,8,46.682671
1918.4631,13,46.682723
657.5142,2,46.686248
-124.680725,2,46.686317
1740.2048,29,46.689332
997.4458,20,46.698009
3653.3066,23,46.698093
778.44727,3,46.712178
10632.389,68,46.712255
11446.448,49,46.712273
12513.626,44,46.725308
456.01392,9,46.725382
200.71112,6,46.747066
464.04468,2,46.747134
355.26883,5,46.759578
2064.852,8,46.759648
671.5431,23,46.77397
594.44495,5,46.785405
14032.798,65,46.798905
487.44904,7,46.798975
6404.238,83,46.811093
1352.375,10,46.823495
1191.6445,14,46.833496
449.7768,7,46.833541
87.95419,2,46.848209
2513.4895,12,46.854305
533.45074,6,46.854357
116.070145,2,46.854373
2380.395,36,46.85438
1307.3939,10,46.863362
14176.545,119,46.868566
920.8944,5,46.871487
33.59259,3,46.871555
1049.0331,6,46.886603
-7.97995,23,46.886671
294.60495,2,46.907371
852.70966,4,46.91011
1513.0444,10,46.913208
985.677,5,46.913233
4770.468,32,46.91324
1674.9979,61,46.920641
1358.7634,21,46.924069
304.20374,2,46.924112
765.79266,3,46.941164
11396.31,83,46.941218
430.48138,5,46.941233
4260.1094,19,46.94124
469.67004,3,46.962267
3826.9712,30,46.962328
1016.39197,6,46.973963
2110.228,30,46.974016
643.0583,4,46.97403
805.832,5,46.977303
295.20456,5,46.97736
862.11993,3,46.996524
713.68744,4,47.009575
4516.088,48,47.021456
1308.6803,6,47.025406
341.36215,4,47.025474
427.10638,6,47.034046
1760.599,16,47.038697
344.71805,2,47.060958
2226.7944,10,47.061044
167.77509,4,47.06481
8181.3574,37,47.064872
398.84604,2,47.078582
-180.71667,4,47.092977
559.4729,23,47.114345
1096.1888,62,47.117303
1463.4452,14,47.123353
1783.475,9,47.123397
1990.7362,11,47.126379
349.403,2,47.145097
1972.1112,51,47.145151
1159.827,5,47.145164
-144.13727,4,47.149874
190.71075,2,47.15272
-191.23636,2,47.165884
452.9655,55,47.165941
2581.0269,69,47.169661
5744.3193,114,47.172835
1166.5868,51,47.175475
2745.803,30,47.178806
544.56946,2,47.178844
1076.5555,10,47.178855
883.7065,4,47.17886
9945.392,63,47.18667
11637.244,40,47.190855
-445.88126,43,47.208523
957.7482,7,47.212346
1649.1016,65,47.212404
276.92938,8,47.212425
-179.34094,18,47.222372
3297.702,23,47.240216
1035.3179,5,47.240268
1424.3226,14,47.240277
1808.0132,25,47.256897
1019.76807,5,47.260611
1058.1621,9,47.260678
349.19687,5,47.260694
425.7821,2,47.269475
-37.47177,5,47.269549
4420.4785,18,47.290606
632.05273,2,47.290651
3416.5747,60,47.309827
-128.1747,3,47.310006
765.37384,10,47.317298
768.4644,6,47.31736
3181.2395,18,47.317384
732.1603,7,47.328814
442.13483,8,47.340425
678.87805,7,47.364099
859.3927,4,47.376162
2483.1882,19,47.37624
3925.1514,19,47.393939
3081.2695,20,47.39401
13283.446,47,47.394026
1000.68713,10,47.407713
796.9703,9,47.407769
1740.2211,10,47.410621
342.3894,6,47.413794
1433.6621,15,47.427473
2646.3975,15,47.427565
1975.1611,27,47.437489
1725.3259,6,47.437535
573.9075,15,47.437547
2347.925,51,47.437556
583.0136,4,47.444867
1660.824,14,47.452719
308.1043,2,47.452812
-77.063995,3,47.462657
-41.009094,7,47.462705
202.62415,5,47.483509
-183.4562,4,47.483585
455.9657,5,47.488342
3237.2449,19,47.488405
825.3404,3,47.492527
592.7744,4,47.492573
984.9163,3,47.492583
4466.9116,56,47.492589
34.00363,3,47.516788
1114.1982,21,47.516864
2115.0024,16,47.527387
475.66772,2,47.52746
-97.784546,12,47.532578
219.64261,3,47.558053
1482.5249,8,47.558103
1278.3918,22,47.563802
416.1711,2,47.563835
289.3208,3,47.566592
2225.7402,22,47.575758
-109.70393,3,47.596029
1376.7917,13,47.596105
732.6332,23,47.622159
1795.783,11,47.622221
13234.086,90,47.625051
914.71014,19,47.627652
1652.0817,23,47.630384
1654.1786,7,47.633125
2502.6672,33,47.636724
193.7569,4,47.639762
619.1544,10,47.639823
471.48334,9,47.648884
1374.2206,14,47.672259
709.7149,5,47.688869
885.02783,4,47.688928
7442.956,49,47.691977
5174.791,23,47.695572
6225.3506,27,47.695618
7704.919,40,47.695632
1535.7035,11,47.730085
834.6153,5,47.730147
9318.977,61,47.741989
1848.1886,7,47.742047
76.89752,4,47.756472
11580.5,97,47.756521
1710.1395,10,47.759944
7284.501,39,47.760017
1851.5416,36,47.776756
5701.082,72,47.797102
5786.5884,26,47.807229
804.57294,5,47.807322
2080.9353,29,47.82263
319.644,2,47.826878
-3.9685059,3,47.826943
1521.9039,20,47.830195
4306.6094,20,47.848879
2162.514,27,47.852165
3672.7104,20,47.854982
467.3816,7,47.85759
2073.2046,31,47.860682
324.28467,2,47.860709
586.3604,6,47.860717
156.57037,4,47.877802
291.51678,3,47.892868
2734.9463,51,47.892935
-138.87828,2,47.892951
2713.3425,16,47.896351
166.10605,2,47.896398
436.78036,3,47.896411
443.76144,2,47.903982
217.97923,2,47.906613
-213.225,3,47.909274
422.0822,2,47.92427
4586.9634,43,47.931216
1889.8394,22,47.937095
8705.921,64,47.940681
3093.5415,27,47.940722
2266.1467,10,47.944012
8131.2563,62,47.944068
1896.5845,36,47.944082
1711.0187,6,47.947155
1817.5043,46,47.947202
2033.8412,14,47.949996
442.12326,4,47.953028
643.37714,9,47.953069
676.7925,6,47.955693
12245.939,44,47.959115
1992.5336,34,47.959169
0.988678,2,47.959178
360.697,6,47.964089
1986.8376,9,47.971161
3548.2036,38,47.990752
272.99564,6,47.994164
-307.66605,6,47.99421
927.33496,11,47.994222
525.83624,5,48.000859
-120.38516,22,48.000911
1533.5701,23,48.000924
1643.7676,13,48.007792
604.2622,14,48.007873
855.57513,4,48.007888
1084.705,4,48.011362
1782.8569,10,48.011396
-401.2331,2,48.02436
1674.6841,35,48.038979
443.5437,6,48.039075
707.63824,3,48.04461
2077.9355,12,48.044667
401.92545,2,48.049282
507.42233,5,48.061616
9670.301,37,48.067238
2003.9746,10,48.067295
2371.7627,47,48.076592
302.60245,7,48.076667
2335.0881,43,48.076682
1954.9724,20,48.076687
2296.878,28,48.086813
1233.3713,5,48.086883
2522.4556,23,48.096997
530.9158,2,48.097072
1853.2714,24,48.097087
-91.19159,3,48.107697
11.685577,2,48.107762
1450.0657,15,48.112868
1600.4039,7,48.112924
703.1043,3,48.128751
412.67612,7,48.146972
1259.4968,19,48.150633
5308.3306,32,48.154439
9987.339,41,48.1545
655.8334,2,48.154516
1951.1521,9,48.154523
135.45374,8,48.157617
985.9209,13,48.157665
3271.1404,52,48.160652
4435.0264,21,48.1607
720.9533,4,48.166793
-39.506165,3,48.166881
1617.733,19,48.166899
1037.2296,5,48.182949
322.25897,3,48.183016
1778.6093,25,48.18698
13853.442,63,48.18704
2031.2704,27,48.190767
656.3685,4,48.20007
1053.022,5,48.200119
3681.3938,17,48.200133
153.11609,4,48.203186
4285.662,26,48.203228
2687.066,14,48.212056
1434.523,23,48.225916
1531.5907,33,48.229047
871.436,6,48.231844
-300.42297,23,48.234848
3883.3052,17,48.234903
354.4186,2,48.238033
6061.351,191,48.25148
101.37848,2,48.26848
4104.633,24,48.278943
801.5731,11,48.279272
2349.0,31,48.29541
60.106873,10,48.306149
2051.5881,13,48.318102
348.25415,3,48.32179
127.4538,35,48.325314
10975.222,38,48.334647
4072.7737,30,48.334706
3913.6902,47,48.345386
53.881397,2,48.349865
4741.1924,34,48.349929
724.92456,2,48.439316
513.78394,15,48.447532
4970.7827,29,48.447585
2944.1584,14,48.447597
2078.4148,37,48.463363
935.1638,5,48.463421
495.30756,3,48.466581
2309.5996,38,48.472115
851.6823,6,48.475156
4362.7173,18,48.490379
-239.3285,16,48.495756
71.964264,2,48.501415
604.1293,8,48.501467
504.48767,9,48.501481
-397.64508,33,48.504719
1221.5779,10,48.504778
1768.9822,18,48.51788
353.62384,3,48.531435
286.30048,23,48.531509
842.4612,24,48.531527
-97.58725,2,48.531533
738.8086,2,48.546792
869.41205,5,48.563544
2301.334,37,48.563595
122.118286,2,48.563608
468.06107,5,48.563618
61.344994,2,48.563626
1405.4221,12,48.571767
13529.364,53,48.575403
13394.434,53,48.575468
1647.4325,19,48.578714
1001.933,13,48.578768
362.85977,5,48.586571
1389.7234,7,48.586917
1737.6324,28,48.590316
428.13635,5,48.590386
295.34988,4,48.593794
802.57495,7,48.593829
941.0265,8,48.601977
3315.3828,17,48.602073
129.63367,3,48.602095
857.0425,4,48.60561
246.37677,3,48.619653
7323.107,55,48.619695
96.46811,2,48.619704
575.16406,10,48.62975
613.8511,4,48.629825
554.566,6,48.629841
10835.66,63,48.64584
4132.0913,59,48.650168
502.24963,3,48.650222
3016.197,16,48.650237
7669.0054,50,48.650244
11923.207,74,48.653627
1691.6321,8,48.653688
594.4591,5,48.672915
1097.4785,9,48.676548
1968.9374,24,48.676626
2436.3262,20,48.676643
1165.1545,14,48.67948
1236.6038,10,48.682551
727.0823,10,48.682624
2596.8867,12,48.694393
311.103,3,48.697787
1077.6715,4,48.69782
48.424904,3,48.701173
1916.1069,18,48.712853
872.6185,13,48.71293
1228.0363,5,48.724564
151.16296,12,48.72462
-116.06708,3,48.724634
278.08633,9,48.733007
475.5303,2,48.733081
-11.278259,4,48.750028
1000.5165,3,48.754769
1945.4465,32,48.75482
1258.5353,7,48.754834
458.07996,6,48.759884
162.84393,8,48.764734
1080.7966,3,48.769129
192.54599,4,48.774864
653.9351,2,48.77492
1929.3419,24,48.792316
2824.5874,15,48.792377
1657.0344,8,48.804673
711.06793,10,48.80476
1071.3545,6,48.808917
7558.9497,37,48.814257
621.08887,3,48.818388
434.21878,2,48.81846
543.5957,3,48.818477
507.8106,3,48.847481
1240.1357,11,48.867686
1295.5759,7,48.870555
2456.7224,42,48.889199
232.94064,6,48.891979
6247.15,32,48.895442
12220.79,91,48.900333
3988.8032,24,48.900379
267.3374,2,48.91043
4317.6626,63,48.917197
4167.6987,33,48.917284
1081.5098,26,48.917304
-337.72464,51,48.921729
798.5757,4,48.921796
8771.708,109,48.93599
3359.8838,21,48.936049
5995.1294,52,48.947502
786.94073,3,48.947584
899.2748,5,48.950887
1082.0575,6,48.954569
72.20358,6,48.954618
128.32191,3,48.968349
5516.013,100,48.968404
5875.918,46,48.968417
2976.647,69,48.993736
23.537292,3,49.008737
1164.8226,6,49.008841
497.00693,4,49.008866
13196.343,59,49.0257
2263.49,42,49.028802
687.7725,5,49.040506
1693.2047,13,49.045459
1350.2933,8,49.045549
9378.688,57,49.04557
2101.2134,30,49.045579
-62.05249,4,49.04956
4795.721,22,49.060584
1918.5886,30,49.075613
1469.2842,9,49.085578
1252.526,5,49.093865
1604.1597,19,49.098353
3248.0234,81,49.104466
-34.939026,13,49.10795
2446.0198,22,49.107994
6322.872,25,49.11279
9775.799,42,49.112857
2556.67,28,49.112872
2196.7075,11,49.122225
400.5287,10,49.122303
918.4207,10,49.122319
1888.8632,31,49.122324
6727.057,49,49.134185
1337.9626,21,49.137211
346.65393,4,49.140712
836.9452,7,49.140774
-120.08972,11,49.154998
629.4323,5,49.155048
3123.1333,17,49.16318
530.55383,3,49.167501
1281.1868,10,49.167565
1578.4084,14,49.171335
281.0677,2,49.174666
605.8223,6,49.178632
2583.9128,13,49.189781
1241.2725,12,49.193747
657.6461,14,49.201655
418.7787,16,49.221967
1086.351,6,49.222033
1983.9304,34,49.22205
4869.206,32,49.225768
128.33649,5,49.225818
1039.1079,6,49.225839
4386.995,21,49.250863
-211.16339,3,49.250928
2137.8274,24,49.254005
6727.889,25,49.281928
3282.1846,21,49.282005
2242.3213,21,49.287816
8381.288,27,49.287866
1804.4863,38,49.287879
2424.385,12,49.292757
3032.0789,19,49.314565
7700.3457,101,49.314619
8763.129,34,49.325014
12690.572,55,49.335479
852.88586,4,49.34006
770.5965,8,49.365798
1198.7261,9,49.369311
1116.6869,6,49.369357
3285.546,24,49.376958
1769.0862,28,49.379906
639.5051,3,49.392908
190.59753,3,49.398954
4487.7646,43,49.405625
2242.3948,9,49.405685
883.9367,7,49.411296
474.36337,2,49.414701
2355.7139,13,49.42245
1639.9174,32,49.422575
6080.1553,51,49.431139
526.0686,3,49.440983
3114.985,34,49.441048
1476.7274,5,49.441079
569.9674,3,49.454559
2375.6807,18,49.459548
460.82535,3,49.463519
4676.375,63,49.473808
436.10266,5,49.473868
1603.8322,17,49.479334
13611.865,65,49.494677
683.7539,5,49.498042
2906.623,19,49.511458
597.50836,7,49.514538
5571.917,41,49.514566
243.24696,4,49.524395
4786.651,47,49.538843
414.51398,2,49.549972
564.55536,2,49.572272
1745.4663,15,49.575262
695.1941,12,49.581362
12677.447,53,49.581411
5387.2227,37,49.581425
8514.011,64,49.59975
8048.1094,86,49.599838
429.68665,4,49.599857
521.79126,3,49.60388
1737.523,19,49.603962
5593.185,53,49.60398
6293.508,44,49.616193
721.3652,3,49.632311
2407.6362,26,49.632368
1149.6332,14,49.632384
720.12787,4,49.635214
1417.5575,11,49.638158
1985.5776,29,49.641495
5237.537,32,49.644636
345.7347,7,49.64757
544.87665,7,49.662582
4787.3804,20,49.665998
4504.4688,41,49.666042
4536.1436,43,49.666054
707.569,9,49.672213
557.94836,14,49.672266
91.24006,2,49.672281
938.7176,15,49.675518
569.1138,2,49.679577
332.77887,5,49.679659
864.5534,7,49.679675
7449.5986,37,49.679682
601.5123,10,49.679688
808.84033,4,49.679695
1537.125,19,49.690802
281.10767,2,49.694193
4491.071,44,49.694249
621.4693,4,49.698068
65.747955,5,49.715518
737.57996,5,49.715575
295.21143,4,49.722273
800.80646,9,49.722329
3848.9102,18,49.739484
946.3887,8,49.739567
4796.9307,22,49.744355
6265.797,28,49.744408
622.4226,11,49.747501
956.7524,6,49.747549
1821.5515,27,49.754336
670.2074,7,49.754405
379.81213,2,49.754419
1937.5786,38,49.754426
5144.777,29,49.762846
1981.5294,49,49.762921
-58.4646,7,49.775472
1160.7421,5,49.781599
7764.236,45,49.800086
1207.3939,7,49.80014
2249.0684,32,49.810194
3797.766,22,49.818032
1341.1549,10,49.818071
2085.8298,10,49.823848
846.35046,6,49.835317
908.252,13,49.83942
-157.637,3,49.839469
1017.39795,7,49.866225
844.03577,10,49.869934
1114.6511,28,49.876078
1589.882,30,49.881112
8476.398,41,49.891615
1350.0831,8,49.891697
373.4767,2,49.896532
459.16736,4,49.896585
897.7928,10,49.906542
3308.276,23,49.906646
1352.9037,8,49.914542
973.9321,4,49.934867
1766.6124,16,49.934914
2286.4617,23,49.934925
10367.809,40,49.941164
1768.8168,10,49.948155
7859.598,35,49.951725
6247.5117,105,49.955104
1794.9729,11,49.95833
230.43597,6,49.986671
629.7506,8,49.996688
5020.4385,45,50.000135
3202.5198,31,50.000187
5576.332,47,50.000198
1568.7832,17,50.011424
-84.433304,2,50.011492
2353.4126,57,50.011509
7418.9683,42,50.015008
12517.852,44,50.015062
374.10352,2,50.019489
11795.17,120,50.031437
323.21957,5,50.031527
198.09454,4,50.045022
4484.901,35,50.048801
6228.1675,32,50.058249
711.2273,4,50.058306
101.88806,31,50.062236
1992.6187,10,50.062294
2254.9019,12,50.065561
955.68054,19,50.069957
11.338989,4,50.079568
805.9257,4,50.096004
597.2792,9,50.09912
3590.4268,61,50.102908
7789.85,32,50.102947
4368.2725,34,50.102957
1952.752,16,50.102962
828.02264,3,50.109471
2387.4624,15,50.12611
294.78772,4,50.126163
218.79129,3,50.126177
3552.4475,33,50.135531
402.117,2,50.135584
2248.6707,25,50.154467
3626.697,25,50.154533
1115.1259,11,50.157734
328.435,3,50.157782
2382.5906,35,50.160671
1958.8618,16,50.160717
842.1679,6,50.166831
706.9972,6,50.188682
460.79913,8,50.188755
4624.241,22,50.195224
947.80664,11,50.201438
2008.9847,10,50.201501
5777.686,32,50.204531
11481.031,58,50.204569
303.68533,2,50.216624
774.47925,5,50.223922
-243.97375,2,50.228183
7459.543,27,50.228245
456.72702,5,50.235556
-179.4317,2,50.239137
9343.513,85,50.250273
2432.6758,44,50.250335
1675.4617,13,50.266966
182.29443,3,50.270475
-158.66585,35,50.270525
2135.191,20,50.275598
1730.8323,8,50.289497
6107.669,70,50.298024
1755.7676,13,50.298085
1573.8992,13,50.30108
1844.762,12,50.304361
-200.77307,5,50.304422
1515.3663,8,50.314732
6800.5244,36,50.314808
925.2901,3,50.314826
2298.2134,17,50.314835
6773.9297,41,50.335762
2188.049,21,50.335829
6507.9585,90,50.338759
425.87878,35,50.342215
1048.2446,36,50.342262
319.644,2,50.345062
1042.1531,7,50.356031
8733.798,81,50.356086
1176.2556,7,50.365228
211.75574,28,50.387582
1676.8384,12,50.393608
1966.8162,11,50.393656
5217.4688,35,50.393668
2148.4585,7,50.396641
2479.5068,12,50.396687
8665.096,128,50.399314
1070.7897,6,51.571565
2030.9031,54,51.571657
232.69824,3,51.571681
882.9653,9,51.576025
2176.9128,14,51.576082
5517.346,55,51.576094
704.2704,2,51.591681
4385.228,18,51.591769
1324.4259,8,51.601543
3424.658,31,51.614879
468.96204,11,51.627368
2417.339,16,51.627437
896.7174,17,51.630892
3931.0894,35,51.644254
1210.2844,6,51.644332
303.77713,4,51.649721
3282.3047,15,51.649793
-242.99261,6,51.672932
13581.213,66,51.67301
2137.9448,30,51.67303
1080.0896,7,51.683746
3141.3328,46,51.690848
6813.139,39,51.694202
2908.333,13,51.694263
3920.8438,25,51.725061
1369.351,13,51.725121
1559.7922,13,51.725137
674.70544,78,51.734262
2897.0903,16,51.734316
1450.2958,17,51.748491
6800.074,30,51.748571
2093.2725,9,51.754596
1140.7091,5,51.767789
1622.6101,31,51.767852
1064.4636,4,51.767868
305.72763,3,51.767875
2998.7354,29,51.776433
1259.7595,35,51.776497
1229.0864,6,51.78777
850.44727,7,51.78786
498.31076,4,51.792738
2307.1438,46,51.792818
-108.01039,3,51.792835
-106.559784,5,51.792845
1492.8776,5,51.796226
-77.25796,3,51.806533
1744.3933,39,51.823227
11929.435,52,51.823288
15.353485,2,51.823304
390.63922,6,51.844792
360.92563,11,51.847991
5965.8105,33,51.859483
1428.7043,8,51.859555
293.70172,2,51.87655
5514.4697,39,51.876631
408.54028,6,51.876646
688.28534,7,51.883908
778.3688,14,51.883964
190.24043,2,51.887068
759.48114,3,51.890623
7.297394,3,51.896646
824.346,7,51.900181
784.83514,8,51.900258
1911.7303,18,51.912891
5139.3735,66,51.933262
1422.2843,7,51.933312
597.3778,7,51.936173
1202.3171,22,51.938883
1599.15,9,51.944546
-164.66475,2,51.944602
6566.2544,47,51.947219
1637.8176,60,51.954954
1621.1667,16,51.965039
5911.04,37,51.975402
3165.992,12,51.981569
1242.1237,6,51.98537
4975.3765,62,51.985445
2061.7244,12,51.999839
550.70667,4,52.011345
4518.9355,29,52.022841
12235.941,71,52.033012
7370.762,52,52.05406
768.402,3,52.057065
6596.8267,44,52.062366
-327.5666,28,52.062414
13609.515,51,52.068403
2921.0774,13,52.072982
591.4739,3,52.073065
1548.1085,7,52.084156
673.88074,16,52.084216
10222.672,63,52.088613
-441.20746,2,52.088667
1206.4084,19,52.092253
1491.8488,18,52.100332
11199.9795,61,52.100396
6590.125,32,52.100412
1075.5671,12,52.103922
447.72504,8,52.103982
1093.4744,5,52.107244
449.80658,5,52.120615
-212.65567,3,52.120707
628.2912,7,52.132296
2167.4937,9,52.132358
502.02032,5,52.132375
-17.78955,3,52.141762
5861.655,44,52.149679
10299.603,55,52.161455
4289.7896,33,52.181989
1062.3105,11,52.193624
1379.6445,8,52.275094
578.082,2,52.275156
2822.456,59,52.275172
1301.408,6,52.28073
2326.5315,36,52.290904
867.5056,3,52.299347
5612.2207,41,52.313971
415.72482,3,52.314018
1027.0483,6,52.317731
7854.074,34,52.317799
82.05234,4,52.325743
429.69113,7,52.325817
1301.1809,64,52.330405
5979.7524,47,52.330641
865.16125,3,52.330675
4198.0493,24,52.330687
13845.418,48,52.330694
726.8245,3,52.352892
14.588928,4,52.355766
36.327515,6,52.358435
436.05026,8,52.3636
964.37683,4,52.366216
2083.9907,9,52.369597
1215.8152,6,52.369658
603.6163,3,52.378199
362.7279,5,52.378258
2070.7742,12,52.378276
5707.449,27,52.393867
-104.601395,2,52.393972
751.9519,2,52.393994
341.2935,2,52.397464
632.2635,3,52.404138
1555.3961,18,52.414555
2193.5505,30,52.414649
615.8777,4,52.425658
324.61487,9,52.429699
2219.4097,51,52.429777
548.2859,8,52.434335
2252.3394,25,52.434407
6654.1035,34,52.434424
892.64966,8,52.434431
4340.6104,22,52.459781
1020.5953,7,52.463215
828.74426,8,52.463256
829.98236,5,52.463268
801.1509,6,52.46747
8677.308,42,52.467528
5735.7075,43,52.467543
254.90024,2,52.467551
2602.0364,46,52.467556
621.69055,2,52.473073
375.97778,5,52.478443
1836.4298,12,52.481564
12445.428,59,52.481621
1103.8181,6,52.495479
11946.456,44,52.495564
514.7643,6,52.495579
602.77924,13,52.498583
3594.1875,41,52.509518
4488.718,32,52.509588
940.026,3,52.51276
205.23056,3,52.512809
-99.20599,2,52.51611
492.14767,2,52.516162
2103.4883,10,52.516181
2430.6318,57,52.52789
1619.9082,14,52.531436
1665.3073,19,52.531503
2983.8008,40,52.541055
2473.87,12,52.541118
692.3408,4,52.541145
891.89575,8,52.5454
11663.053,59,52.545496
231.15671,2,52.545512
189.41624,2,52.559466
-44.533234,2,52.567312
-177.39688,4,52.567369
1555.7401,7,52.567384
4534.0913,68,52.571893
323.27274,4,52.591038
3074.6821,15,52.594422
762.1017,4,52.594486
2514.6973,35,52.599428
603.55066,8,52.599527
251.12683,2,52.599547
447.0987,2,52.613599
3571.5908,19,52.613682
862.61884,15,52.613699
965.22546,13,52.620973
1437.2495,15,52.62107
-16.910889,2,52.624799
892.5944,5,52.631232
1292.1919,13,52.646092
139.58385,3,52.646152
1912.7249,11,52.646167
1459.8813,7,52.646174
8635.319,42,52.652523
233.11288,4,52.652607
750.3242,3,52.666051
164.33298,2,52.666113
5178.9326,32,52.666128
3629.6638,17,52.666136
11945.507,40,52.677836
507.69922,5,52.677929
683.048,6,52.684755
7557.282,30,52.684836
5061.308,38,52.706366
4704.8887,21,52.709966
514.628,5,52.71002
1899.426,8,52.710036
613.5494,3,52.723315
202.1648,9,52.726432
4739.145,29,52.737597
3816.4395,20,52.748028
614.69275,5,52.757037
1424.6842,15,52.761195
538.97925,3,52.772505
552.78424,5,52.772575
2062.877,33,52.783985
1591.2947,63,52.812015
8217.447,30,52.81207
2316.125,34,52.815184
464.1659,5,52.815227
8342.53,66,52.830659
24.99965,3,52.836118
362.0605,8,52.836187
10645.249,49,52.846855
5073.6846,30,52.846936
513.2499,5,52.857415
3657.6638,27,52.862268
1995.4259,11,52.862332
351.62146,2,52.88535
21.485474,6,52.885418
4690.4023,35,52.898178
3972.788,34,52.906094
597.6946,7,52.906162
1274.6775,7,52.93671
329.97748,6,52.941129
1439.018,15,52.94119
4182.8936,24,52.944685
527.241,3,52.948042
1000.6299,7,52.948089
272.29312,2,52.966479
5196.724,36,52.96655
3813.0732,32,52.97652
170.58704,7,52.995799
937.1012,7,52.99589
3496.3855,21,53.000748
253.42711,2,53.007295
399.98663,6,53.011259
4012.4585,50,53.016146
7326.5728,42,53.016239
2840.8228,35,53.02765
-75.41882,2,53.027733
16.628357,6,53.036577
1156.108,4,53.03668
11436.528,47,53.049812
765.54816,10,53.054207
10163.711,58,53.063554
827.07477,17,53.063607
3244.8735,28,53.067543
13359.12,63,53.067632
1545.2817,12,53.079851
4344.23,34,53.085431
398.2964,9,53.089816
576.1106,8,53.108123
2219.984,13,53.108188
886.10986,4,53.138893
367.91504,2,53.138985
2629.4463,16,53.139004
424.6011,2,53.139011
1851.584,29,53.160587
-222.64563,2,53.192945
689.79407,28,53.210469
3221.4043,47,53.24352
1250.9998,15,53.243592
8387.487,46,53.266231
1691.1362,22,53.283797
1331.132,7,53.283834
1537.3529,12,53.283844
605.6988,8,53.294275
469.1896,6,53.313271
4493.5864,33,53.313353
2524.6565,52,53.341769
4238.5967,27,53.341876
990.95984,4,53.357583
1543.1165,7,53.386604
12062.071,57,53.386822
240.67673,7,53.40598
-47.786407,2,53.430857
8649.059,93,53.447863
3928.7173,22,53.447919
4190.101,17,53.485462
412.74182,2,53.485551
6190.236,41,53.557729
2961.6592,17,53.572315
448.89862,2,53.596709
1567.3162,17,53.619017
5795.5996,34,53.634225
2623.1729,19,53.645841
256.18475,3,53.645888
2459.0369,101,53.645897
1760.3467,21,53.645903
279.8009,2,53.661021
1093.4495,17,53.665129
2177.1182,29,53.673723
179.28227,2,53.678214
3088.9824,40,53.682223
8932.539,125,53.682276
300.46735,2,53.689433
-199.9068,12,53.696893
5090.5713,46,53.696956
1697.5474,20,53.705848
658.9739,6,53.705899
598.1257,4,53.705915
1219.2767,4,53.709481
2106.146,35,53.715138
2159.3027,28,53.71519
2202.0393,11,53.733734
11451.926,72,53.733869
1601.5923,13,53.745906
600.1882,2,53.745983
525.291,3,53.760041
2505.455,18,53.771273
2685.2856,12,53.801294
635.20966,13,53.804325
3065.94,24,53.812976
4551.578,40,53.817213
2746.7727,25,53.817271
345.0086,5,53.817287
1595.75,13,53.828457
4758.218,38,53.828498
3809.5442,34,53.828507
9749.442,41,53.831834
310.8166,3,53.835359
108.75566,4,53.83866
249.94296,4,53.870999
1670.9619,24,53.874197
539.3352,8,53.884935
391.7674,8,53.892187
508.33282,2,53.907261
-4.7614136,4,53.907326
5164.712,46,53.926005
1500.1051,13,53.930042
2391.25,28,53.946157
648.6281,6,53.953653
4192.0117,18,53.957528
4466.343,30,53.95759
2996.5708,39,53.961142
590.5445,2,53.961178
1652.4862,29,53.972199
300.4658,3,53.988417
616.46936,3,53.991853
5226.9287,38,53.995906
1939.3136,28,54.008507
938.4396,7,54.021166
555.89496,5,54.021245
358.31848,2,54.033033
1675.7817,12,54.044176
-406.0709,2,54.058021
483.11383,2,54.074449
3348.8828,28,54.07453
5662.667,66,54.090486
55.441223,3,54.106595
411.87445,33,54.106666
528.2546,4,54.110573
13085.084,75,54.110636
1464.4115,9,54.115496
105.88016,3,54.115554
1898.2947,15,54.115569
-64.21745,3,54.123011
281.87964,4,54.123073
2639.789,49,54.131575
156.49426,28,54.131675
3217.903,15,54.13171
235.8049,5,54.139922
360.64203,2,54.144486
911.5613,3,54.156018
629.91846,3,54.170122
881.69305,4,54.170175
4171.5957,31,54.170188
4812.678,59,54.183943
760.92053,5,54.203997
1301.1672,13,54.207456
3378.8298,39,54.207513
1706.9569,13,54.221902
516.77344,3,54.233446
6819.3286,38,54.261803
1723.6396,11,54.265052
1928.4382,8,54.268126
966.4912,15,54.270978
6129.7124,35,54.280174
312.22253,10,54.29458
624.4728,3,54.294831
540.546,4,54.316002
1483.8416,8,54.316063
2260.6763,12,54.321054
2115.737,58,54.321101
555.9013,8,54.326312
4486.126,29,54.326362
13771.932,88,54.326376
13514.18,79,54.326382
641.165,3,54.329441
1992.205,23,54.333496
9369.32,78,54.33357
155.32506,2,54.343595
454.48187,3,54.343635
1738.9563,16,54.363438
4453.76,35,54.363508
653.9475,2,54.363525
1848.4222,7,54.367555
203.90887,7,54.367636
-50.215424,2,54.379195
2616.2844,14,54.391557
510.924,2,54.39162
1569.4247,7,54.42075
377.9105,7,54.42082
1124.6512,9,54.420836
609.66064,4,54.431012
250.24512,2,54.445334
-218.88255,6,54.445445
15.507584,3,54.4563
1240.948,9,54.481521
729.94037,15,54.496134
11576.7,65,54.496199
707.3547,5,54.509286
843.32043,6,54.524574
4586.774,59,54.529794
5826.038,56,54.52986
1725.3457,25,54.529876
6889.0674,54,54.533765
1465.3481,12,54.546695
1582.6313,16,54.579017
740.66064,5,54.579083
8556.978,45,54.582804
1814.4094,9,54.588501
1180.0458,5,54.588536
490.69025,3,54.591668
3229.327,18,54.591706
212.03952,3,54.596729
13926.417,56,54.607721
133.53336,4,54.612023
525.79376,7,54.612074
1578.6262,16,54.612089
11397.586,46,54.629054
341.79922,3,54.641111
6907.9014,55,54.656789
-239.80637,5,54.656847
1849.7681,9,54.65686
653.0207,2,54.68223
2776.2632,141,54.691652
2786.3296,12,54.694422
1716.9597,24,54.697276
6522.3154,24,54.700107
469.56198,4,54.703655
587.0053,2,54.706594
655.23517,13,54.715987
2210.7139,30,54.735423
2636.7163,25,54.745924
2602.4912,16,54.752953
7256.5586,51,54.753025
240.85422,3,54.766233
2111.612,42,54.766301
-214.12906,3,54.794948
481.81842,4,54.798573
1734.108,18,54.798614
1107.9565,24,54.801574
11720.985,48,54.804834
380.1829,2,54.80488
181.36975,2,54.81167
-3.1381836,3,54.811748
8376.186,44,54.811769
66.30054,3,54.81463
3454.4558,14,54.834498
778.51715,5,54.840255
1483.3519,20,54.843393
5974.52,67,54.843449
10868.604,97,54.857157
253.134,4,54.857238
359.3843,2,54.860328
1031.5659,3,54.865481
8436.5,68,54.875506
11814.855,41,54.875572
10113.25,46,54.875597
1919.9668,30,54.88734
1087.2958,5,54.887402
1915.5402,12,54.887417
1654.948,21,54.891508
13587.995,61,54.891572
1895.1676,22,54.894604
862.2023,3,54.894651
188.44473,4,54.897789
5628.0938,31,54.897841
4329.5815,21,54.897854
12722.675,61,54.90837
547.66675,4,54.908451
281.8298,3,54.924361
345.1737,2,54.924568
2140.2253,32,54.930296
673.6087,3,54.930349
431.30408,2,54.930362
782.4295,7,54.930371
1026.8591,13,54.942086
1885.6097,12,54.968129
1683.9253,8,54.968199
197.40521,2,54.968216
1727.2461,8,54.98113
4150.9204,24,54.994954
530.15765,2,54.995315
767.91113,6,54.995348
833.12555,7,55.024174
-130.80249,5,55.027259
1710.8369,10,55.032961
344.52554,5,55.032992
-128.34534,3,55.033002
2045.5636,11,55.048657
4721.339,34,55.048727
234.39316,2,55.067586
2606.824,14,55.067658
562.859,7,55.067676
455.94165,3,55.072186
492.2748,3,55.072244
533.9912,2,55.079619
177.56844,2,55.079696
-443.4105,3,55.079713
295.54892,2,55.100247
580.5403,3,55.100318
1950.1317,20,55.100348
668.7026,5,55.137904
1181.9252,60,55.148451
2154.9292,11,55.168622
945.6853,32,55.17945
12918.989,69,55.179527
403.7805,15,55.196271
442.84573,5,55.205037
7899.5664,82,55.208119
1196.8965,17,55.208161
12059.837,39,55.211149
14035.553,47,55.215978
7019.823,48,55.216034
11647.083,53,55.216053
6197.947,37,55.216064
889.70166,20,55.230642
200.07022,2,55.234185
1002.18005,11,55.234241
3728.213,99,55.241882
5205.494,34,55.241935
142.7052,3,55.264037
650.06177,7,55.264093
5220.5244,28,55.264122
1934.0454,12,55.286003
2301.2056,27,55.292675
-9.307495,3,55.29273
1856.3629,10,55.29645
2900.346,17,55.296499
8080.827,43,55.296512
439.4685,12,55.300187
539.4536,3,55.321238
2005.8481,11,55.32141
3170.8662,15,55.330009
3158.244,48,55.333561
547.3275,5,55.339702
1292.6743,9,55.339762
10988.165,43,55.339778
2182.8464,10,55.339785
1166.2308,8,55.34626
231.98936,3,55.346327
2171.162,8,55.353023
791.42834,3,55.353081
631.8402,17,55.353097
2025.26,10,55.359078
911.32367,9,55.3627
5228.1465,32,55.387963
345.78494,3,55.407117
706.9755,5,55.40717
2317.9343,17,55.407184
1839.0745,43,55.410226
1313.4219,14,55.413883
2504.6396,13,55.418589
1014.29504,6,55.423475
4149.421,22,55.423575
435.47827,4,55.447227
720.23834,5,55.447305
12232.3,55,55.450877
1293.031,8,55.454496
1182.8691,9,55.45455
322.6424,2,55.457604
695.33374,2,55.461816
234.90045,15,55.461923
1970.291,19,55.473604
8648.521,34,55.480729
8695.283,50,55.484577
1725.9982,19,55.484619
7394.9683,35,55.503034
374.38898,6,55.50309
3677.002,22,55.503106
1818.5618,15,55.507629
-77.551865,2,55.507706
592.19446,6,55.510946
1745.1707,70,55.513813
4871.9185,29,55.517364
971.6589,14,55.517416
26.18164,8,55.517432
2330.8284,25,55.521524
78.1322,4,55.521606
358.2376,25,55.530728
288.1833,4,55.553358
148.8271,3,55.553478
157.43518,4,55.564578
882.5388,3,55.564688
9964.777,43,55.574474
320.59637,3,55.578303
895.0898,9,55.590845
4170.243,21,55.590905
2063.6975,14,55.590922
1622.3877,12,55.614614
792.9304,15,55.627719
2864.051,28,55.627791
-146.72363,3,55.655897
1532.7562,10,55.671293
3020.5154,11,55.676827
6668.952,23,55.777033
1824.6531,18,55.777109
1781.7426,25,55.777126
1383.1366,35,55.780385
777.99335,33,55.790362
606.4152,3,55.794555
593.2877,3,55.807015
-20.496887,13,55.807082
2371.5884,27,55.8071
3899.8052,21,55.833121
735.08246,2,55.83321
4600.8027,22,55.833224
1935.0746,21,55.846061
1792.352,21,55.84951
561.4222,4,55.852479
12777.182,64,55.855408
2836.5808,31,55.85895
359.18845,4,55.859021
1108.4454,8,55.859039
2048.5327,58,55.861864
2184.0537,14,55.864987
2398.8762,15,55.877516
1999.0854,28,55.886523
1844.2886,13,55.886598
415.6277,4,55.886614
4122.9253,33,55.88662
2014.4475,6,55.903298
533.6969,8,55.903378
488.70367,7,55.903404
4969.842,42,55.916854
2524.903,13,55.916919
-115.5338,3,55.916933
136.14839,2,55.927965
1922.0505,17,55.940672
209.26016,5,55.94075
3239.6072,17,55.962055
1643.4944,36,55.97791
-271.1699,4,55.977973
1166.2911,7,55.989381
232.96747,2,55.993212
1170.3096,12,56.00607
6322.35,36,56.006562
1880.8835,9,56.017375
1265.2993,11,56.030331
395.50018,9,56.044747
1042.9089,7,56.044819
10945.809,61,56.055897
1516.7482,7,56.059369
834.8022,4,56.07797
1124.5796,7,56.08132
4650.841,26,56.084949
1234.3888,6,56.126631
1676.2988,28,56.129889
3823.52,31,56.129953
-34.48699,3,56.142562
242.18007,2,56.14264
1494.8323,14,56.156312
573.2483,3,56.156388
3418.2659,27,56.166137
320.10437,3,56.190361
543.9823,2,56.203833
559.6654,6,56.2039
1023.483,8,56.207999
3109.6663,28,56.208313
5402.6294,58,56.212168
10166.788,46,56.21221
8664.919,42,56.21524
1997.7708,10,56.215287
1598.0842,19,56.217897
358.29208,2,56.222207
4651.3047,33,56.244323
10720.553,39,56.24438
414.33075,2,56.244394
9894.447,44,56.249675
5920.028,38,56.249723
720.43243,47,56.25285
595.7739,8,56.252901
7735.198,95,56.255933
4958.5117,45,56.255973
240.45709,3,56.258855
1820.5938,18,56.258892
8954.405,38,56.261722
301.72668,2,56.261746
603.2452,6,56.282387
1164.2955,13,56.28585
875.89087,16,56.285897
2680.4985,69,56.291454
610.483,6,56.291507
1885.5052,9,56.294704
1401.3665,12,56.294752
353.0722,3,56.294766
134.30649,2,56.300644
797.67175,8,56.300704
154.18289,2,56.30072
6319.6543,40,56.300727
737.3345,4,56.317116
3398.7346,20,56.317206
939.1918,11,56.32263
6791.266,40,56.322685
-49.779907,2,56.328361
840.11383,4,56.332155
323.39035,3,56.350356
1950.5046,22,56.373607
2314.3374,28,56.373648
5380.9365,90,56.377501
1286.5083,23,56.377571
2065.7314,12,56.377586
5025.823,52,56.380418
741.9543,3,56.383178
626.4607,5,56.394932
61.380108,2,56.40069
1986.1569,14,56.400743
6774.277,32,56.405128
926.59106,8,56.40801
977.7293,6,56.410805
2734.1047,16,56.424191
1025.8857,10,56.428712
2744.3235,10,56.434729
-108.04947,4,56.447645
1256.2452,8,56.461047
920.37646,6,56.4611
3480.9514,22,56.461114
3859.6753,33,56.477323
449.43774,3,56.480414
-72.59506,2,56.493073
3312.8562,21,56.493148
8362.026,31,56.506046
250.3446,3,56.506126
1250.7817,11,56.506143
1774.0746,29,56.50615
943.4778,7,56.506156
2464.0137,15,56.506162
1843.6783,8,56.515506
418.48987,2,56.527417
4106.951,52,56.527552
5497.58,112,56.562783
8479.367,42,56.566223
830.59424,3,56.566277
893.22107,10,56.572231
574.3817,2,56.572274
311.2093,3,56.572287
844.3109,7,56.575676
12076.545,57,56.575737
829.9906,3,56.575753
202.16394,8,56.575761
279.9069,3,56.594784
1356.2593,8,56.594871
5146.3916,31,56.598984
628.73724,4,56.599044
2360.1492,11,56.599059
-5.892685,3,56.599064
560.041,4,56.612524
622.39124,2,56.612879
931.5681,8,56.643088
2080.9512,26,56.650942
579.3794,5,56.655504
7907.936,52,56.655558
3391.5986,23,56.655571
528.4353,10,56.659239
803.7008,7,56.659304
403.7155,8,56.669282
7058.6904,40,56.672837
727.3531,4,56.676014
-157.92911,22,56.679121
6066.703,62,56.67916
1309.5718,5,56.681847
3746.059,31,56.684646
1119.9844,5,56.689303
951.0593,8,56.689368
2568.1711,61,56.711043
1333.2563,7,56.717149
-91.29352,4,56.717204
1665.162,7,56.721773
599.19977,5,56.721833
334.3461,2,56.72455
14039.934,61,56.727116
10212.65,61,56.730851
84.49965,3,56.73091
6306.517,23,56.730925
415.01886,11,56.730932
1130.5524,4,56.730938
9952.772,48,56.744077
597.1176,2,56.747191
862.8474,7,56.772053
2358.4307,42,56.777654
397.28995,2,56.783379
2980.5767,12,56.787817
1361.5504,13,56.787876
5774.9453,32,56.80855
2328.3958,29,56.808619
7857.648,48,56.808634
1678.3235,8,56.808642
8550.726,32,56.823816
4411.8604,33,56.823874
721.3153,3,56.826843
3494.6187,41,56.83042
12725.967,44,56.844883
200.13127,2,56.862237
5296.4863,42,56.862284
102.6716,7,56.862296
9463.635,46,56.878897
759.8939,7,56.878975
13486.286,51,56.882626
3036.8682,36,56.886198
1168.2832,9,56.890261
4863.4873,32,56.903323
259.6293,2,56.903403
499.89725,36,56.915493
662.0387,6,56.917511
10137.478,43,56.933469
1281.7494,6,56.937289
312.96133,3,56.937345
1284.2974,8,56.94136
4684.546,18,56.941414
6346.767,22,56.94472
187.72336,2,56.947834
2756.17,21,56.95219
332.1015,8,56.952264
1166.9109,12,56.952282
6379.7275,34,56.952289
1028.6716,4,56.952294
543.8379,5,56.98171
793.3353,8,56.981776
1034.7927,24,56.981791
2321.1348,39,56.981798
384.61356,4,56.984964
2793.8716,15,56.985005
8460.427,41,56.989344
443.95215,8,57.00356
2000.2217,9,57.00671
10696.579,88,57.009518
673.1498,7,57.012196
1204.144,9,57.015615
-88.91705,2,57.015683
-86.991394,4,57.0157
127.785515,2,57.032408
407.61075,5,57.032478
4316.0234,14,57.032496
-346.10864,40,57.03583
6693.6714,51,57.038812
901.967,6,57.04373
1094.6528,20,57.051536
2643.661,18,57.064264
13034.306,60,57.080577
479.77988,6,57.080635
2665.2957,18,57.080651
512.1193,2,57.084296
790.43365,8,57.08437
1835.5646,9,57.084438
2195.456,36,57.09796
505.8768,2,57.09802
7247.077,31,57.098036
4750.608,19,57.098042
642.96277,2,57.098048
2317.547,44,57.110331
53.255787,2,57.110386
285.18784,2,57.110402
496.13934,31,57.110408
680.3991,25,57.134597
1149.2994,4,57.140476
1621.0186,15,57.140519
-97.642914,7,57.150215
497.94885,2,57.15028
1758.6583,10,57.168366
1245.2595,21,57.182818
1128.1028,9,57.188097
496.04047,11,57.188174
1884.842,11,57.200304
7252.6294,41,57.200363
692.8472,8,57.225865
242.18158,37,57.225912
1968.4807,11,57.225922
300.70386,5,57.225928
240.95108,6,57.234919
430.62817,5,57.235006
1173.0476,13,57.235022
537.7814,3,57.245487
525.30365,10,57.249147
549.7261,2,57.249221
567.487,4,57.253232
5625.082,38,57.263548
2294.2825,16,57.26361
239.70961,4,57.263623
702.097,8,57.263628
1385.5093,44,57.263633
1004.5633,6,57.263637
5966.427,46,57.267655
2271.443,31,57.267719
369.62125,3,57.282261
678.65405,2,57.282347
453.26337,2,57.282366
11693.097,68,57.301972
1399.7802,11,57.305431
1044.2771,4,57.308883
205.84769,2,57.308943
144.29056,2,57.31661
-30.880981,4,57.316665
5348.4927,30,57.320306
1362.02,10,57.344216
891.16644,4,57.344293
3344.14,14,57.347204
194.83922,2,57.350003
614.842,6,57.353064
10556.071,40,57.353107
3387.3757,14,57.356736
1447.0029,11,57.377947
2957.3394,14,57.393886
1199.9504,8,57.396743
914.91785,7,57.405333
7485.185,41,57.408425
468.38626,2,57.417342
5469.924,27,57.425213
4810.302,32,57.428638
1665.8385,17,57.444846
680.0368,3,57.444935
654.7676,5,57.463088
1399.8085,31,57.466694
527.00757,3,57.469675
701.1801,4,57.472737
1245.4968,40,57.475784
1609.4562,24,57.475832
555.79156,5,57.478452
6076.4507,54,57.481317
-244.61017,24,57.484357
1521.3928,20,57.500221
9629.688,61,57.512818
3662.1006,35,57.524716
13325.725,48,57.524796
704.8154,4,57.52481
7298.069,47,57.528531
412.20947,8,57.531992
539.8716,3,57.543918
382.12976,9,57.54399
7630.8076,42,57.544003
6409.4,23,57.560866
1249.1635,12,57.560908
11531.02,47,57.57298
871.26074,3,57.573067
-103.952515,5,57.581372
8440.696,47,57.584779
351.2826,3,57.584831
1954.2151,29,57.584844
1303.5271,12,57.596695
2337.6992,14,57.596766
380.33615,2,57.60876
651.0127,3,57.614321
6879.396,45,57.633697
547.5581,7,57.637391
2282.5693,14,57.637458
1181.039,8,57.640852
53.006943,2,57.640892
2266.0232,16,57.640903
9884.087,45,57.643759
304.7358,2,57.643804
4011.7522,26,57.646316
12412.666,62,57.648925
795.58276,5,57.658097
3688.22,21,57.658155
261.906,3,57.65817
181.68951,7,57.673415
10452.036,67,57.677041
716.2677,3,57.691699
595.4199,15,57.701658
4403.7544,30,57.719794
6307.921,20,57.72286
441.07968,2,57.726082
955.3681,13,57.72613
2334.1714,44,57.728839
4389.405,27,57.740889
2178.211,18,57.740927
991.5141,16,57.758762
7150.9375,32,57.758832
240.15031,5,57.75885
379.9112,3,57.762674
5894.6357,37,57.762749
10445.987,83,57.765451
731.9308,7,57.768314
309.28336,2,57.768352
335.60703,2,57.772281
28.610413,4,57.784948
254.81746,3,57.800397
236.6591,3,57.800441
236.4428,2,57.812443
4440.9976,52,57.823663
115.620605,41,57.834768
519.7277,21,57.843301
557.08594,3,57.849617
-7.653137,6,57.84967
1470.109,15,57.861176
1556.8157,10,57.87235
337.81116,2,57.878039
406.68146,3,57.878115
1309.5573,8,57.903014
2509.2654,14,57.908471
6446.538,49,57.911534
4416.5537,50,57.911587
7088.7803,36,57.914211
1246.4948,30,57.926831
5986.91,38,57.926892
3088.805,55,57.929949
1909.4188,26,57.933604
-188.18655,5,57.933655
785.37305,3,57.936458
12840.649,48,57.942181
797.8794,6,57.964272
1147.8691,8,57.968334
7420.179,58,57.968398
-111.72955,22,57.9726
3356.894,48,57.972648
1565.0518,15,57.979938
461.1665,5,57.983279
7620.5264,44,57.986169
1709.4329,6,58.008525
477.409,4,58.008604
10503.464,35,58.008619
527.1444,2,58.014426
357.51132,2,58.014482
4288.552,26,58.017163
3565.9224,65,58.020181
3236.8044,13,58.020222
5847.365,48,58.024289
5988.487,30,58.024339
4270.5146,41,58.024355
673.06287,4,58.028136
6930.763,34,58.028194
508.92255,2,58.043238
1613.0317,17,58.043294
210.27872,4,58.047482
938.60626,6,58.058855
175.64832,6,58.058926
152.83388,3,58.063142
277.83444,3,58.063223
1472.8907,7,58.072982
8028.5986,64,58.08225
13297.228,57,58.099589
-52.146637,2,58.099645
3207.8489,20,58.112305
4539.205,15,58.112389
7918.7227,37,58.139637
4205.668,30,58.142497
4684.9624,42,58.145913
7926.1323,48,58.145961
358.7194,5,58.145989
510.8366,2,58.165054
2491.926,14,58.169021
386.90955,4,58.172426
2746.5117,19,58.175172
8322.817,40,58.178025
1586.9225,12,58.178063
3506.0435,16,58.180593
1806.0433,45,58.18368
1904.8656,27,58.199226
10285.613,40,58.199282
-35.970688,3,58.203278
1849.4819,20,58.203334
2287.7405,13,58.203344
2365.4595,18,58.206586
483.94238,5,58.226827
2160.838,12,58.226894
12563.539,64,58.22691
963.6844,13,58.226917
1198.8909,10,58.245855
1368.2269,11,58.248962
10485.051,54,58.251827
13615.489,94,58.263252
946.8603,8,58.272754
2133.6191,8,58.27284
249.48035,13,58.279707
4951.7837,36,58.294002
2961.4724,15,58.294058
2965.629,26,58.294073
2150.2166,22,58.301337
3487.6672,34,58.301389
747.9623,5,58.306469
-70.14282,4,58.306561
419.64926,14,58.318825
18.922913,3,58.318869
695.1336,8,58.327635
3029.974,15,58.330608
1180.3257,4,58.342765
1730.0619,22,58.34287
101.93091,7,58.355802
976.5312,6,58.355901
2142.1768,50,58.360671
2047.4961,23,58.360724
2266.8494,11,58.385477
1664.98,30,58.39301
490.34357,6,58.393057
5680.2974,42,58.39558
2473.3403,36,58.400617
829.9325,12,58.419028
8164.7954,30,58.4191
368.75458,3,58.422287
39.4637,2,58.425155
2410.2944,14,58.430748
591.3803,3,58.430816
2436.1958,22,58.442409
1191.4796,5,58.442484
1070.7488,12,58.463243
5170.7812,37,58.473132
4576.795,20,58.478449
1686.5728,26,58.478581
2199.768,30,58.492655
10958.781,76,58.509979
322.9355,9,58.510172
484.00143,4,58.514655
1370.216,6,58.51481
4394.022,56,58.521932
470.76828,4,58.52201
1845.0039,15,58.540177
3790.1506,31,58.540301
912.31104,5,58.627864
4560.611,35,58.630744
1091.8483,7,58.630783
1176.8379,34,58.635831
586.17285,3,58.644031
5583.1104,73,58.644111
1242.4426,6,58.644129
524.8983,11,58.650731
3795.1636,32,58.650787
1947.1093,12,58.676332
2363.7993,22,58.676389
4273.965,17,58.676418
141.9833,3,58.684367
536.0545,4,58.687795
655.8441,53,58.687869
7893.048,87,58.696346
2679.3567,10,58.708678
624.0857,10,58.708771
1018.74475,3,58.708797
349.53415,4,58.718618
3230.1064,31,58.730893
1871.3811,12,58.734154
1748.41,49,58.737632
60.493134,3,58.741206
2386.893,13,58.744336
2490.5051,17,58.754525
-265.30463,11,58.754575
872.90515,8,58.762482
7497.8135,39,58.762565
11821.776,48,58.76259
1425.3359,13,58.793236
707.1969,3,58.793295
204.17174,3,58.793312
70.2478,5,58.796787
6015.187,75,58.800379
13791.84,67,58.800429
791.4296,4,58.80953
4125.03,32,58.818682
2119.9285,13,58.81878
2865.0283,32,58.843181
1365.7782,9,58.843442
1227.6672,17,58.868973
2148.8271,9,58.869028
2174.5044,26,58.875567
6053.008,43,58.878758
3171.0073,17,58.878814
1303.2037,5,58.878827
5229.63,43,58.89186
540.06866,3,58.895405
1659.0143,54,58.895463
1500.7294,5,58.898842
576.3195,5,58.90155
1166.8616,6,58.904313
-312.30142,4,58.907407
6044.6772,73,58.916988
9746.122,48,58.932466
12266.904,55,58.932537
1153.5034,15,58.940038
1271.6879,21,58.940084
3939.2166,28,58.953786
226.1394,25,58.96339
1170.2345,7,58.963463
1292.5454,15,58.978312
1438.403,9,58.978368
426.97638,2,58.978382
11167.852,34,58.981889
780.91943,12,58.981946
4327.0327,32,58.98196
3204.0059,24,58.984697
9747.283,45,58.987542
104.46506,3,58.987591
11218.244,70,58.990814
362.45688,2,58.993862
813.32715,7,58.993921
1621.7635,51,58.993935
4105.6665,33,59.004136
374.85767,2,59.004199
4322.5693,53,59.004216
861.6462,26,59.021852
5797.226,48,59.028482
2727.0952,10,59.028557
2202.2505,12,59.043493
936.54736,8,59.052492
3972.4644,29,59.058302
1685.8027,23,59.061519
2301.5522,18,59.076184
1030.3224,6,59.079654
311.83612,3,59.079707
1571.431,20,59.085673
1378.9663,16,59.085729
5296.9956,38,59.10587
797.55096,13,59.105961
933.5316,4,59.105979
2034.0564,23,59.111886
997.8039,4,59.118739
750.4192,7,59.126835
2374.0479,15,59.126911
197.22984,3,59.12693
1995.577,23,59.126938
13399.278,42,59.1452
138.98708,4,59.149173
1427.2837,8,59.149242
4977.952,29,59.152335
1730.2874,56,59.169625
9200.467,39,59.169727
839.6943,3,59.179336
-228.23695,3,59.179392
1278.9924,29,59.193837
290.81198,2,59.193943
4904.0635,21,59.193962
205.41367,2,59.193969
2283.6582,10,59.198578
2174.424,15,59.198656
4451.8613,21,59.198674
228.26321,2,59.21091
297.40042,3,59.221212
9188.488,79,59.22127
381.9729,3,59.221282
465.63022,2,59.234224
1849.3073,17,59.234299
541.9271,4,59.247251
8213.17,35,59.247315
102.550575,2,59.265848
724.2507,3,59.278791
591.1866,4,59.278848
1875.7456,9,59.283292
1501.2937,12,59.283411
1059.0448,5,59.301469
2680.7654,60,59.301554
974.0797,13,59.305919
2010.2573,19,59.308598
2265.5266,21,59.326739
1232.0487,5,59.326808
687.5124,5,59.330396
1602.706,12,59.33046
1595.9828,52,59.339777
12730.329,48,59.353364
932.843,6,59.359462
1524.6962,7,59.367183
1844.2772,9,59.372387
2863.053,14,59.372483
-23.613403,4,59.400622
3437.1606,22,59.403763
414.22107,7,59.403828
-253.09659,28,59.407048
2515.4292,42,59.407089
13298.268,63,59.41309
5322.2295,77,59.435875
872.003,7,59.435948
902.00745,10,59.435965
5584.9175,29,59.45124
6044.823,37,59.477273
6235.6836,32,59.477343
6288.927,58,59.484029
547.4785,10,59.48412
2222.4255,25,59.487284
485.83252,9,59.498372
733.6948,8,59.509708
10430.528,55,59.512816
128.44814,3,59.516502
3946.9404,24,59.522018
2656.9395,61,59.525561
5827.896,65,59.525623
1687.1547,51,59.525642
12374.212,50,59.528975
3168.3286,16,59.529016
5860.324,51,59.532475
4985.4756,63,59.532502
2364.7417,29,59.532512
2335.0913,12,59.536188
-155.58392,3,59.536243
1513.425,18,59.536259
791.9281,3,59.544845
1048.0372,6,59.544902
-54.07608,3,59.544924
585.817,6,59.554914
1308.6854,12,59.562631
1441.3689,8,59.562695
596.2593,4,59.562712
-48.92572,2,59.569687
674.5524,4,59.569725
417.88647,2,59.569735
2530.897,9,59.584053
1602.6343,17,59.591951
5032.334,34,59.603859
1031.5663,3,59.607736
785.16766,16,59.611065
1134.4202,7,59.631278
1603.6135,10,59.631349
340.9305,4,59.631366
5281.8027,36,59.635513
1932.437,23,59.647202
983.73773,7,59.66299
10122.229,46,59.679344
3150.8281,35,59.679418
620.80566,5,59.679432
1382.7715,18,59.693227
2734.6094,25,59.719171
239.3864,4,59.719224
12020.948,50,59.723592
13812.476,52,59.731416
1186.4485,13,59.734944
13382.176,70,59.734995
703.7494,5,59.735013
362.27524,7,59.748926
373.18552,3,59.749013
2000.2161,11,59.752794
6871.7095,49,59.767512
1534.9512,10,59.784403
4834.716,37,59.784478
629.17975,4,59.799347
1151.8303,19,59.79943
2051.1592,8,59.799449
453.11066,7,59.81924
1153.8159,5,59.823483
-217.25836,20,59.827125
3694.3218,35,59.827175
4257.6323,44,59.843506
0.6098633,4,59.849756
2412.8904,13,59.849823
6233.242,45,59.8532
954.09515,14,59.853286
1004.768,3,59.869204
1964.4728,28,59.886296
13522.695,83,59.886332
4962.592,51,59.886341
1094.4578,8,59.886347
328.10443,21,59.889655
676.9949,13,59.889708
2988.066,37,59.892687
259.64893,3,59.895541
13999.63,68,59.900701
-391.67758,4,59.904347
6328.044,49,59.904392
1280.4348,7,59.918761
1357.329,14,59.928463
1740.71,19,59.928509
263.80322,4,59.932337
114.7818,10,59.935763
529.9289,2,59.935815
4946.4233,63,59.950431
3416.4954,27,59.957717
4403.2676,16,59.962265
648.7324,10,59.965818
937.53235,16,59.96586
173.18529,3,59.974804
1824.5444,18,59.991233
1044.5818,16,59.991281
1634.69,26,60.000672
5319.3926,56,60.005315
1282.3428,6,60.005361
1051.2482,12,60.005372
2250.643,9,60.009526
162.48875,2,60.012778
-142.60504,2,60.012834
11522.811,47,60.024458
12588.619,42,60.027836
10616.994,56,60.036613
542.4353,3,60.042235
6210.022,36,60.0423
111.36086,2,60.042324
3466.3618,24,60.056762
5016.644,28,60.056836
10187.622,41,60.082543
3646.8894,37,60.082611
11764.602,45,60.082626
1784.6716,70,60.085741
629.7451,8,60.08579
1302.5205,5,60.088563
36.434967,2,60.0917
6513.8247,52,60.091749
1523.686,32,60.095661
1006.6131,12,60.095745
1699.647,22,60.095764
1550.8811,17,60.108115
1367.2954,31,60.108166
1124.0603,15,60.117598
1725.656,20,60.11764
1669.7535,9,60.129081
378.82166,5,60.129139
1346.1099,9,60.129155
4167.5737,34,60.132907
3233.2444,26,60.132946
1378.9668,8,60.137
373.3968,3,60.144685
2310.008,11,60.149229
1141.9587,11,60.152189
1140.3853,20,60.164282
62.72759,2,60.164337
264.52826,4,60.164348
1854.9197,7,60.164354
7756.817,33,60.170916
1956.303,7,60.170987
437.7791,9,60.171005
132.43958,3,60.189152
4850.2427,35,60.189226
4455.577,19,60.189238
6824.059,61,60.192247
3420.8389,18,60.199002
823.27966,6,60.202264
2875.3015,45,60.209376
1114.1453,13,60.22729
1541.8949,7,60.236122
2566.3142,20,60.236177
684.7757,12,60.236189
1263.8517,13,60.245317
4395.241,23,60.256988
1956.5386,16,60.266782
1138.8801,33,60.266845
1714.0576,10,60.277479
519.38574,4,60.296462
3409.2104,52,60.296633
8454.15,35,60.304774
2506.241,12,60.310944
5605.4116,33,60.311017
811.9138,10,60.327122
2235.8015,12,60.333062
328.97775,4,60.33311
1417.9548,17,60.344692
482.18384,4,60.3494
4634.5386,24,60.36762
2461.878,10,60.3727
8020.265,51,60.398071
2384.447,22,60.398135
699.3332,4,60.401519
1845.7102,37,60.404859
5929.127,33,60.404921
660.22833,10,60.408435
651.5392,10,60.408484
233.25543,2,60.411342
1258.5227,17,60.426085
377.73773,2,60.426212
1938.3567,10,60.426242
465.57382,3,60.426253
394.5149,3,60.426261
1047.7585,65,60.426269
8955.944,40,60.426276
1180.9043,5,60.434052
200.57414,2,60.448823
812.12933,9,60.448866
268.97803,4,60.459382
70.81929,2,60.467217
2304.7483,8,60.481046
878.0863,9,60.485163
1132.5781,36,60.485235
9551.395,83,60.485255
357.77765,2,60.495394
711.3271,47,60.495463
293.83167,2,60.499787
6959.73,48,60.499894
11735.103,47,60.509322
4868.4556,41,60.509399
981.7809,4,60.518422
548.045,6,60.521985
1052.5925,3,60.522067
2787.0984,16,60.525407
1110.6309,8,60.534591
772.02167,6,60.534679
772.699,6,60.551751
6752.2573,34,60.557613
2146.939,26,60.575605
3400.8804,15,60.579099
1080.1818,59,60.581993
679.18036,3,60.587555
2593.9563,19,60.587606
6235.5884,85,60.590801
441.7534,3,60.590834
956.1196,11,60.601991
280.00098,15,60.60205
327.5981,2,60.602065
103.705215,2,60.608037
7393.73,29,60.608087
6116.803,83,60.61228
3156.0476,32,60.628171
389.19034,2,60.628211
299.5144,9,60.628222
166.22142,2,60.63357
5279.8184,42,60.633643
404.59467,6,60.633662
570.7228,6,60.637023
367.47556,3,60.641241
132.03706,2,60.65046
285.5528,4,60.660458
5970.684,60,60.664527
120.74288,3,60.664644
1876.3086,28,60.672793
959.69727,4,60.672888
2315.089,10,60.672906
1497.5741,27,60.677822
6017.9478,31,60.691428
415.74146,3,60.699195
1030.8872,17,60.731428
2609.6038,18,60.734456
3538.5935,19,60.734512
12544.107,55,60.737722
12952.453,45,60.737778
11208.771,50,60.737792
10728.317,61,60.752605
69.82712,13,60.752677
1000.36194,4,60.756114
2903.9148,16,60.75616
342.9737,2,60.7601
4475.811,27,60.775631
2417.655,16,60.775714
-46.468887,4,60.775734
9556.7705,77,60.775741
466.2961,4,60.78203
13796.32,60,60.782099
485.5664,2,60.801959
4195.2617,22,60.814392
1209.3948,4,60.814464
2861.8784,75,60.814484
4698.752,41,60.818011
1664.935,10,60.820915
3975.22,23,60.82425
624.64984,11,60.83915
1633.5872,21,60.839255
-120.07263,13,60.839278
1046.9347,6,60.843199
528.452,6,60.843295
521.5312,7,60.852351
6766.797,31,60.860515
476.35535,2,60.860591
11051.668,56,60.864097
497.88095,3,60.867458
478.0459,6,60.87854
338.39636,2,60.878621
2166.4238,21,60.882196
2459.6814,15,60.882254
6174.077,31,60.895342
1156.2347,9,60.90735
483.47418,4,60.928916
932.95386,7,60.935515
1116.2703,46,60.935584
794.0879,12,60.935602
1000.25024,12,60.94187
2440.1638,9,60.94643
289.7846,4,60.954909
616.28577,3,60.965225
4162.7188,29,60.965297
13042.43,55,60.978051
58.755783,2,60.978124
2061.4956,26,60.990879
3551.8936,20,60.990973
462.1784,6,61.020383
1116.571,20,61.023645
5572.2954,34,61.023697
-204.65039,23,61.026431
499.71783,2,61.029573
8799.176,37,61.029623
1191.8953,9,61.032355
78.031876,2,61.03508
1197.0714,17,61.044756
488.0082,44,61.044825
2227.2852,8,61.0656
451.80725,3,61.069734
7960.024,37,61.06999
4369.8276,16,61.090178
-141.95993,3,61.093689
6739.2217,40,61.096961
338.83972,8,61.101014
1529.115,25,61.101073
84.08609,3,61.101089
1145.147,13,61.101096
634.76416,6,61.101101
1698.5758,23,61.104019
161.75583,6,61.104058
-338.6044,2,61.113724
12772.865,76,61.113788
5660.7593,34,61.113806
758.8692,4,61.121309
814.60345,6,61.121354
344.30795,2,61.121364
77.61273,4,61.121369
12966.124,52,61.13254
507.03467,6,61.146885
892.20886,3,61.146938
730.5428,7,61.161266
3012.8435,10,61.171282
2159.7812,28,61.17164
645.7716,3,61.177427
1141.7527,5,61.183011
138.23901,8,61.183064
658.8287,2,61.183079
2495.4915,14,61.187644
531.41455,6,61.292155
870.532,8,61.303144
6286.9067,47,61.303201
2122.7957,40,61.320584
2916.1946,20,61.336738
1209.9604,7,61.34211
1436.7301,14,61.342165
3365.88,20,61.342179
5503.0923,57,61.355253
7063.8022,39,61.355305
13610.762,49,61.370131
3619.771,60,61.380259
1415.0872,11,61.386004
2235.9,78,61.386078
4746.52,22,61.389992
1681.5251,9,61.395018
4161.6904,29,61.395082
252.15906,2,61.395099
5203.203,31,61.395108
4391.61,21,61.402424
1199.3485,5,61.419869
-245.57462,2,61.419974
5194.2104,35,61.44163
129.29169,5,61.441677
897.0864,4,61.44169
1446.1233,5,61.44602
3045.6912,17,61.45498
1272.7554,14,61.476207
1834.9257,18,61.480197
4000.3406,18,61.480244
7927.7495,56,61.483587
78.277824,2,61.483639
13964.7705,54,61.486624
310.3533,2,61.491063
219.29477,9,61.491118
681.9309,10,61.491133
4042.1191,27,61.495324
7748.734,57,61.495408
241.37592,2,61.51859
565.055,3,61.51868
2074.261,18,61.531644
1373.0579,9,61.535325
-221.15906,2,61.548912
1213.4213,55,61.556072
5161.02,45,61.581914
4450.001,20,61.593367
538.3867,5,61.593441
4052.2666,35,61.612015
1127.6055,6,61.629128
6858.6167,36,61.647235
4669.2812,38,61.65127
6393.835,30,61.651329
1669.8496,18,61.65471
1126.319,30,61.654799
405.56015,8,61.666955
8213.726,36,61.679277
282.68732,5,61.690112
1612.9182,5,61.70535
805.1264,5,61.71734
2031.8236,28,61.717411
234.00502,2,61.740155
2886.6162,16,61.740247
8191.31,32,61.745946
324.94846,2,61.765574
4812.508,39,61.765637
2070.1416,16,61.798116
814.1343,39,61.824751
1628.966,17,61.824806
540.37354,4,61.827757
1621.3225,13,61.833136
-191.86868,2,61.833176
892.2587,4,61.836643
9728.471,44,61.83673
10289.216,41,61.849497
5586.0664,35,61.849582
688.41077,19,61.849605
2254.76,38,61.849616
125.56534,3,61.863139
3466.2388,24,61.863229
600.70044,2,61.889705
874.8142,5,61.895846
1475.0269,6,61.898663
470.89978,3,61.903707
12790.153,92,61.915394
3182.8982,28,61.928442
5494.845,31,61.940084
666.7588,2,61.943435
4533.6587,30,61.955961
1831.1626,74,61.956033
419.2535,5,61.973635
631.0486,4,61.97984
1377.5435,21,61.983673
5095.029,48,61.996006
3801.5493,23,62.002834
4665.5244,66,62.005862
456.78357,29,62.009986
520.0294,11,62.023468
592.6847,14,62.03667
10074.256,70,62.036737
546.57947,4,62.036752
12620.613,48,62.049163
4236.48,24,62.049233
1192.1807,11,62.049249
1562.7253,7,62.055863
430.16843,2,62.055918
366.26196,5,62.055932
-323.7787,4,62.059325
202.40915,2,62.063341
3050.1812,25,62.075183
602.4415,7,62.07526
395.51334,3,62.09111
1385.6006,14,62.097848
1075.6422,4,62.101854
51.60414,3,62.101927
1399.5963,8,62.109597
639.83,3,62.131906
580.67053,10,62.13575
2324.8257,89,62.135826
4836.1836,38,62.135843
348.83997,2,62.141748
465.8701,3,62.141811
445.85898,2,62.141827
12868.362,171,62.152281
4263.1196,74,62.156419
321.65692,2,62.156477
208.62305,2,62.156492
365.0146,11,62.1565
2312.6458,26,62.161741
2111.068,11,62.16811
3991.646,23,62.192679
453.66476,63,62.192737
1803.1671,22,62.196234
13045.088,46,62.244267
4313.175,20,62.244333
3619.5889,28,62.25318
10482.813,57,62.269716
5498.6777,56,62.280207
11469.369,57,62.280266
3072.0186,16,62.300449
484.72214,5,62.316261
162.63385,15,62.322105
10180.834,55,62.322149
11857.987,78,62.32216
511.67456,3,62.324829
7429.2197,25,62.329842
1790.0417,22,62.333813
938.11523,12,62.333882
483.92096,11,62.333898
7205.0747,42,62.333905
2420.234,15,62.343989
453.3792,3,62.356171
4550.7305,31,62.369773
643.9303,4,62.36984
1651.557,31,62.381928
8632.269,41,62.395384
3588.7007,35,62.412244
5412.3633,43,62.412309
1187.0659,10,62.412324
632.3308,2,62.420275
1034.2164,11,62.430869
1710.1055,30,62.442472
1621.9056,7,62.446206
1128.0339,6,62.446255
2878.9114,16,62.446271
503.39258,6,62.449289
584.9255,7,62.452132
5673.364,34,62.466446
171.62616,4,62.466532
6138.289,43,62.477844
2127.9294,9,62.508036
1878.5582,23,62.515484
1085.3857,9,62.53915
772.13434,11,62.53922
84.256676,2,62.562362
977.6909,33,62.579744
2774.7197,17,62.579809
1498.9406,12,62.588882
607.3054,6,62.592161
620.8829,4,62.59221
10810.993,42,62.594734
3095.1555,61,62.597464
2891.028,20,62.600337
3900.875,41,62.610121
1935.4775,33,62.610203
2016.6008,52,62.621675
-506.33688,30,62.630198
1221.3164,7,62.636717
647.0663,4,62.636783
7562.7314,72,62.646156
149.33733,2,62.660613
2537.8357,14,62.660666
6821.408,56,62.660677
2529.3835,87,62.672446
345.68146,4,62.682337
4575.732,34,62.68242
681.2634,7,62.706287
3420.963,17,62.706354
624.22064,3,62.706377
2162.8333,12,62.706386
2010.3212,47,62.717929
5081.2563,28,62.718009
1463.4288,8,62.718027
1988.2034,40,62.721802
517.4105,3,62.731485
3899.5244,22,62.73465
1485.2244,10,62.754211
1525.486,6,62.759293
950.70483,8,62.769399
1154.6694,23,62.769491
2286.4583,56,62.769511
1893.2433,9,62.769519
3962.6033,43,62.787663
779.9634,10,62.787742
254.73262,2,62.787766
99.1958,4,62.801252
1540.7946,12,62.804484
595.69434,21,62.816151
325.401,2,62.816241
-207.82178,5,62.825646
1696.1466,6,62.849609
1253.8827,13,62.856134
5185.7866,58,62.866627
975.3592,3,62.866715
4371.109,34,62.884521
7102.382,69,62.88459
5917.6763,31,62.888551
292.47906,2,62.88862
133.00192,7,62.888636
241.7034,9,62.891601
283.7222,2,62.895313
327.9964,2,62.895365
554.7432,8,62.895379
4132.3457,36,62.898565
56.424377,4,62.898622
1147.4371,42,62.91398
1005.1527,4,62.930428
1842.8374,7,62.933241
5436.763,56,62.949317
1538.7115,8,62.954749
4847.187,32,62.970397
4045.6213,84,62.970494
1949.5161,26,62.981313
802.7501,10,62.999423
424.74323,2,62.999488
331.6773,2,62.999505
2830.3357,38,63.005496
915.75104,12,63.00939
121.47603,3,63.009451
62.81763,3,63.009467
2156.0981,20,63.009475
-197.0599,2,63.014545
5755.4634,42,63.017649
136.6663,2,63.027053
5355.5283,34,63.027119
1834.7572,36,63.042548
3367.9385,32,63.042626
1668.7758,23,63.042642
2262.238,15,63.045737
1276.5891,25,63.050417
1195.7153,7,63.050483
681.23114,7,63.050499
12350.679,51,63.050508
1708.704,5,63.06231
1032.0977,5,63.072538
592.8179,4,63.082826
4551.107,42,63.082891
315.75668,5,63.099025
1193.9951,31,63.105004
7192.947,37,63.105063
5096.3887,45,63.114381
1175.5598,6,63.114426
1850.4993,11,63.117344
-242.40381,3,63.128416
879.064,12,63.128489
6679.7915,37,63.145989
1055.1223,10,63.149177
8436.702,42,63.152003
220.04115,3,63.154825
4797.1514,26,63.167594
5004.081,27,63.167673
1529.1586,24,63.170915
2748.0269,13,63.170965
1650.069,11,63.179951
577.49274,4,63.180027
-241.58557,3,63.180044
448.70465,14,63.180051
2386.4321,10,63.182923
1019.8391,6,63.202972
1366.5402,6,63.20682
2259.6917,15,63.212759
666.6084,3,63.212824
5863.674,54,63.21284
511.31525,3,63.222124
-419.43344,2,63.234486
6324.6885,24,63.258362
2093.393,40,63.261642
6441.7036,89,63.264843
2413.5386,36,63.264883
6552.643,26,63.270638
721.3273,23,63.273709
1434.438,17,63.273752
1555.1345,13,63.283318
5937.3887,38,63.283388
3476.1785,16,63.301157
12670.742,57,63.314781
7562.455,44,63.314846
-346.90405,20,63.334253
967.44885,12,63.337126
1006.4786,8,63.34783
950.3998,8,63.366056
5935.968,32,63.366125
6920.8057,38,63.368976
2611.065,15,63.37192
1266.2174,10,63.371968
13630.999,48,63.380497
4371.4644,22,63.392777
595.43884,3,63.407686
1153.9863,34,63.411561
4913.0923,65,63.414504
4036.9077,27,63.4201
4740.2246,30,63.420139
1266.4314,15,63.420151
10777.135,45,63.425117
413.8929,5,63.425195
457.09955,2,63.434941
13164.232,61,63.435039
1321.1692,15,63.446804
355.3987,2,63.446884
2436.8425,52,63.478304
210.70244,3,63.478343
575.15674,6,63.496769
312.43796,2,63.496828
4869.039,39,63.500236
36.543274,3,63.507188
1694.4329,8,63.507243
1683.0696,27,63.507259
2316.259,25,63.507267
621.36237,2,63.512278
7911.3867,39,63.528337
442.94934,15,63.539487
3437.3108,26,63.53956
357.4099,8,63.543306
535.4286,9,63.549138
13591.537,63,63.552269
95.28119,5,63.552319
786.386,7,63.563672
247.92444,5,63.563743
1954.728,64,63.576039
1728.344,32,63.587656
547.88403,16,63.587708
1431.7557,12,63.599936
1087.478,12,63.600007
12006.241,55,63.611613
533.8938,5,63.630558
6421.428,91,63.633767
309.1348,4,63.633821
342.45105,7,63.64608
3420.2747,34,63.656765
668.31323,2,63.665818
1414.1981,14,63.68682
6125.322,66,63.692605
9702.779,36,63.692678
3470.6135,20,63.709052
2041.0107,24,63.70914
345.20563,2,63.712609
437.74796,2,63.712661
944.7118,4,63.72377
2066.5876,6,63.736948
2548.1914,40,63.737016
10659.453,54,63.750753
4836.3525,28,63.756592
379.34418,4,63.759628
805.277,44,63.762443
893.07227,16,63.770038
5676.5083,50,63.783139
1252.1637,61,63.80021
4628.1396,24,63.818155
2247.4023,30,63.818213
1175.5425,16,63.839717
2877.41,17,63.839778
459.43515,6,63.842763
5350.496,42,63.848347
2146.6765,8,63.848386
456.63678,5,63.854512
4245.8096,17,63.854587
2019.0475,18,63.854603
2194.4207,12,63.867648
531.4025,2,63.871424
1947.2979,37,63.887074
1476.04,35,63.904054
740.917,5,63.915407
771.455,4,63.915456
669.92975,4,63.927211
1192.3328,8,63.927272
4018.4358,46,63.930883
432.85208,2,63.937293
462.31757,5,63.941721
4672.058,52,63.941798
1085.584,5,63.951608
104.462585,2,63.960839
2493.071,12,63.960918
2443.221,32,63.960933
758.32043,8,63.985116
386.74185,3,63.988628
13016.951,58,63.9887
459.7305,3,63.988717
3841.4272,42,63.996094
13134.64,48,64.025398
2390.5544,14,64.02917
10528.308,46,64.029234
1126.1064,8,64.031902
1363.7119,7,64.034947
-26.582092,3,64.035004
489.44553,7,64.057203
8864.436,35,64.057266
1890.2539,20,64.061547
1657.1104,9,64.061607
2287.6982,13,64.061622
873.5266,7,64.067153
9436.144,42,64.0672
4316.2734,40,64.070256
744.8292,3,64.070297
7772.5005,70,64.072926
1050.4956,10,64.08281
20.040218,2,64.082897
443.1576,6,64.1231
2208.414,14,64.123152
3364.7847,14,64.148804
707.633,18,64.15202
1102.7173,15,64.155712
1535.8812,39,64.177836
553.9353,13,64.177892
13776.64,48,64.180874
364.50272,5,64.183475
350.83472,3,64.188517
2395.4019,49,64.198813
357.60834,6,64.201934
139.59036,21,64.204656
913.2258,28,64.288466
629.2411,9,64.30751
1225.8903,4,64.307671
1649.6732,7,64.311343
553.74585,4,64.319423
384.9959,35,64.33464
9323.126,44,64.334728
7175.138,127,64.334748
917.44855,14,64.339563
4432.9463,102,64.348744
4896.017,27,64.361755
5988.1147,47,64.361819
679.1153,5,64.38819
666.60443,4,64.38827
1516.389,10,64.41679
12732.6455,73,64.416855
1024.9534,7,64.41687
1328.6802,11,64.422995
722.81067,4,64.423075
2065.0312,43,64.423098
5936.8984,45,64.437184
4622.4663,106,64.437266
1147.8464,18,64.437299
1246.8154,6,64.447429
252.21252,4,64.45366
1934.342,21,64.47464
1199.7628,7,64.480555
414.32196,4,64.49695
2162.009,73,64.500361
2793.0366,13,64.500406
4720.279,12,64.506197
249.03264,4,64.513382
13446.119,64,64.513458
4779.7153,38,64.520936
2860.9172,15,64.520979
2196.5493,26,64.520988
1523.8887,11,64.520995
588.8209,2,64.532432
1017.2228,5,64.537705
6353.3677,64,64.542734
707.07874,5,64.542792
570.2545,4,64.542806
10889.727,55,64.542814
828.54315,4,64.542823
3447.9094,54,64.551261
1018.3076,5,64.584364
934.6322,9,64.587006
1567.6693,16,64.59071
205.80872,2,64.590801
4388.176,29,64.613297
11950.778,52,64.615873
1665.8259,15,64.621855
1433.4747,34,64.621922
3382.6902,15,64.621936
809.3507,8,64.630152
342.31573,2,64.635329
8570.851,37,64.63544
381.57587,2,64.635469
2496.6064,100,64.656571
2958.0889,72,64.686131
636.1223,8,64.686199
10180.371,45,64.686215
967.13165,10,64.689511
56.499603,2,64.693624
471.67,2,64.693688
-151.21649,26,64.693704
2775.164,31,64.697231
10523.455,47,64.697263
332.04758,2,64.700647
813.50616,29,64.709721
1378.2803,12,64.7098
4885.5215,83,64.722665
2514.9602,65,64.732333
1165.3147,6,64.735409
370.48608,3,64.73888
5068.985,27,64.738927
706.4729,8,64.73894
228.48451,2,64.742083
13290.073,66,64.742152
693.79456,8,64.76108
399.3255,3,64.76114
6471.787,38,64.763951
3006.303,14,64.766875
51.29888,2,64.766932
1047.2521,5,64.769493
1352.407,24,64.774127
286.3056,7,64.774215
11585.55,60,64.774237
473.30035,13,64.782314
3003.024,15,64.782384
13606.185,48,64.788343
564.41455,3,64.788429
333.09583,5,64.788445
2001.9285,20,64.804198
420.95428,2,64.804265
1060.4404,37,64.808858
255.81577,5,64.819843
904.1547,4,64.826864
504.92383,9,64.826943
562.20807,3,64.826974
512.4912,6,64.834936
2016.5903,37,64.83501
10447.572,58,64.839644
35.549744,6,64.839723
934.7828,9,64.849943
623.8138,4,64.868082
106.993866,3,64.868165
918.8505,7,64.878253
-71.04324,4,64.888333
514.6098,3,64.898104
438.3963,3,64.919936
7117.125,36,64.919992
1348.0012,5,64.920022
750.1984,2,64.92448
491.3617,8,64.924541
11915.006,44,64.924555
1148.2899,8,64.927861
462.67117,2,64.930895
-17.064636,3,64.939111
3019.5605,26,64.963429
1076.1797,14,64.971429
1921.9879,9,64.984461
6841.822,25,64.984536
2183.832,52,64.996379
4752.7734,27,64.999711
1074.436,7,64.99976
207.00067,3,65.005201
363.2409,37,65.005239
2897.414,24,65.00525
556.1967,5,65.010963
909.89813,3,65.011018
5899.874,35,65.014068
221.04225,4,65.014108
3526.9534,34,65.016844
1262.2954,8,65.02071
816.80585,5,65.02502
-398.91635,2,65.036335
13703.234,79,65.036385
6852.9395,22,65.036412
8320.26,38,65.04849
13566.249,55,65.053878
4276.008,24,65.056887
109.92819,3,65.075941
3542.3608,31,65.079165
2411.4739,11,65.082101
2312.748,15,65.088895
276.5038,2,65.088975
2096.4536,10,65.089
1587.6895,16,65.08901
11796.553,55,65.100848
4180.841,58,65.104321
639.786,6,65.107483
843.75684,6,65.115488
5103.337,67,65.128466
161.75879,9,65.134448
1246.663,10,65.13799
5757.399,51,65.141153
-84.31708,9,65.144244
6051.5693,41,65.158992
-66.52478,11,65.15906
2606.5315,14,65.181364
294.36136,5,65.184999
12134.763,47,65.185046
401.13428,4,65.185059
1086.8903,10,65.189449
3875.165,27,65.189541
5225.8623,40,65.200112
1039.6301,24,65.200204
1665.6215,10,65.230468
128.24384,35,65.233787
1223.7832,6,65.246386
4321.2915,26,65.246508
11331.673,55,65.265985
5.616333,2,65.269668
6116.872,34,65.269722
819.1476,7,65.273723
264.21252,2,65.273804
4872.4697,36,65.273823
1352.7999,9,65.291487
378.46588,3,65.291567
1423.8347,12,65.294905
549.6636,29,65.297723
3567.615,15,65.301319
2068.4219,62,65.301368
1959.5791,8,65.301383
225.38132,2,65.30139
393.52023,8,65.317236
3526.8433,50,65.320313
1410.5988,12,65.345059
1490.0239,20,65.345114
987.88293,4,65.345142
1739.1024,7,65.345148
2115.994,53,65.348816
1101.5709,9,65.348879
682.74725,13,65.372727
4645.1675,30,65.37279
1102.0784,6,65.372806
459.79462,6,65.372814
-138.6413,6,65.372819
3056.1453,15,65.382464
7055.2285,41,65.405139
334.79895,2,65.405193
1229.5197,31,65.405215
5504.54,56,65.405225
183.7438,2,65.427077
8317.556,63,65.427166
190.26079,2,65.427196
3216.3071,15,65.427205
285.4385,3,65.438281
626.755,9,65.456754
529.42615,3,65.467801
1635.4722,13,65.484414
4891.224,39,65.484501
2034.1777,20,65.503316
169.54288,5,65.503395
3622.6108,33,65.50702
5589.452,49,65.507082
1742.1212,9,65.507099
593.2035,2,65.513575
471.8674,2,65.513625
1368.5664,11,65.513639
2462.8086,33,65.513647
-429.16418,2,65.53046
713.34015,7,65.533872
4386.964,20,65.533934
1641.4761,6,65.53667
1314.7009,8,65.539556
1865.1969,28,65.550738
5639.9375,53,65.550842
2162.1216,23,65.550865
8841.865,38,65.58375
651.3843,6,65.587278
4219.28,26,65.587319
917.3307,11,65.600788
608.3543,3,65.614211
734.5242,10,65.61921
-402.22556,2,65.619264
1797.9441,35,65.619278
305.7887,12,65.631243
553.694,5,65.631565
1724.6348,12,65.637605
-92.93356,24,65.641171
2449.758,18,65.65466
2513.1995,13,65.65832
638.30835,7,65.658379
1999.99,12,65.676399
589.10095,7,65.676479
5548.082,59,65.676498
326.25284,2,65.680515
5277.427,59,65.686647
1249.0164,11,65.689357
149.77147,2,65.700743
1094.4205,9,65.713729
2826.2373,14,65.717045
1763.5443,28,65.717098
990.69775,12,65.719851
7181.3843,63,65.722848
1854.0854,9,65.722879
5321.416,35,65.731557
665.3896,3,65.748525
655.7904,47,65.75406
2707.539,15,65.754101
5915.313,46,65.756627
960.49133,8,65.768219
283.6821,10,65.773877
3967.757,28,65.781482
5846.197,36,65.78418
492.76282,11,65.812767
3486.2095,16,65.812822
6493.1455,41,65.815705
15988.161,59,65.819874
2168.5154,10,65.819955
3202.8176,18,65.823393
8556.792,89,65.823448
6005.224,24,65.833076
727.98145,3,65.845589
-72.57669,5,65.845693
2207.2832,33,65.860799
852.4033,5,65.863836
1324.9865,9,65.8674
826.90295,7,65.867455
1153.6128,7,65.870229
1235.44,10,65.872816
3802.1274,44,65.877273
112.40088,4,65.877325
6587.8613,28,65.877341
2332.7068,17,65.877348
12124.599,54,65.888912
455.53278,2,65.899736
4488.0527,41,65.902917
4695.528,28,65.914352
810.1029,5,65.917719
3162.7852,14,65.921146
5968.0933,44,65.921194
6873.044,67,65.921206
463.29205,4,65.927168
354.05893,2,65.927218
2599.9458,12,65.930666
857.59204,7,65.930734
-128.4174,2,65.940491
4319.8496,19,65.958094
617.1357,3,65.958155
6453.521,36,65.958173
10680.078,58,65.968599
4679.009,25,65.973768
4966.01,40,65.973838
168.48367,3,65.985409
2039.1552,18,65.985473
1534.1643,36,65.989304
3353.4106,21,65.989359
14062.703,57,66.01022
879.9453,4,66.010281
132.53362,3,66.013654
-195.21689,3,66.013711
1242.7572,14,66.016927
1666.1703,16,66.016972
319.644,2,66.016984
320.6106,2,66.020254
546.55585,6,66.020293
579.1109,13,66.020305
1324.5002,14,66.022991
2302.3564,31,66.040001
1524.3441,19,66.040072
11987.696,57,66.048463
6395.823,34,66.0512
677.32404,28,66.065552
7065.4614,32,66.070284
325.37018,2,66.086494
4143.372,41,66.086561
1718.0851,31,66.089403
276.96637,14,66.093209
4060.7368,19,66.093247
109.60611,4,66.110843
992.1118,16,66.110896
322.47873,5,66.11091
4531.7363,72,66.110918
2386.4006,20,66.113626
1805.7947,12,67.275014
609.52673,8,67.283711
-52.57419,4,67.294955
1477.8693,11,67.305012
761.64136,5,67.305085
4103.4116,29,67.308491
8930.665,43,67.320599
1088.7058,4,67.335177
101.03522,4,67.364319
-44.370758,3,67.370302
696.24414,10,67.370355
1650.7439,5,67.393197
473.14563,14,67.393258
285.17896,3,67.393274
168.81696,4,67.483152
6445.2744,54,67.486872
12434.757,54,67.486953
282.72156,2,67.555559
152.71312,2,67.558853
2030.0659,33,67.603618
6824.9814,33,67.623052
1702.432,18,67.663787
751.61145,5,67.705089
913.02246,8,67.754449
-274.54993,3,67.754547
1632.165,17,67.793758
4795.2583,40,67.843539
-270.41602,2,67.897934
3003.437,18,67.970938
8500.605,31,67.97102
8110.89,27,67.971038
504.64026,7,67.971045
13564.673,45,67.971053
6267.6055,42,67.982829
5189.6724,60,68.032224
-61.188416,4,68.048153
623.7576,3,68.048224
511.19293,3,68.091839
2476.0232,10,68.114215
7849.551,33,68.114325
746.97754,6,68.133625
4411.0625,17,68.150104
1217.6019,10,68.150169
3925.2466,29,68.162649
5148.3564,55,68.173929
1251.361,54,68.191792
8674.342,31,68.208019
513.687,7,68.22332
462.33594,4,68.223359
9678.462,29,68.255799
1424.9663,35,68.272517
13935.614,44,68.272556
357.7514,4,68.287691
5778.3696,28,68.300546
147.02661,2,68.312735
7249.24,59,68.320631
1779.501,13,68.376634
1661.8289,12,68.376685
1936.9785,24,68.395636
215.59712,3,68.413154
11958.646,41,68.43596
3835.7756,18,68.436034
4244.827,23,68.457172
8697.59,37,68.457246
-110.92795,33,68.487598
1398.344,51,68.493566
2865.1875,16,68.493611
2512.9446,13,68.493622
920.73944,6,68.512734
745.2996,6,68.523803
8623.559,41,68.532952
8781.696,35,68.539163
393.5191,2,68.539211
1989.613,25,68.551146
5190.643,90,68.563133
4038.477,30,68.566559
1454.4657,14,68.566608
815.61127,36,68.56965
764.8273,4,68.569695
10170.909,60,68.572443
5889.037,39,68.575343
173.55688,4,68.581233
1273.5903,16,68.581282
13861.952,51,68.591331
756.50085,10,68.603284
690.80707,7,68.610619
5153.715,26,68.622524
577.324,3,68.622651
-125.440186,4,68.622682
592.2405,7,68.634989
371.51678,5,68.635058
1696.7028,10,68.657932
1249.7622,6,68.672803
229.36206,4,68.672867
683.3601,6,68.675807
-418.27167,2,68.679899
6882.874,35,68.679949
4463.3535,16,68.679963
4639.6206,27,68.679969
-163.12555,3,68.682779
599.51184,33,68.685472
5367.516,28,68.688242
494.94293,7,68.708608
13507.388,50,68.708643
2726.4946,47,68.708651
335.2893,7,68.711717
687.8836,6,68.711769
321.6266,5,68.714811
914.42053,3,68.71822
485.36176,60,68.718261
537.9234,10,68.721026
542.9625,5,68.724106
293.1831,5,68.724153
5568.6665,31,68.75075
1013.1728,6,68.767006
171.29086,6,68.767062
8278.011,27,68.769693
2613.4526,11,68.772909
6550.7637,25,68.772957
5921.596,58,68.772968
39.31534,3,68.775765
7347.918,28,68.789173
854.3988,7,68.789231
1144.5671,6,68.796708
2033.5546,23,68.796773
679.7859,5,68.796796
3447.3333,15,68.799663
2495.7405,18,68.802458
192.74956,5,68.807665
5795.983,57,68.816911
5704.336,59,68.836691
13190.3545,52,68.839839
10282.676,37,68.843397
3302.16,14,68.843434
164.081,2,68.852249
7324.1123,33,68.862557
369.8107,3,68.876472
2380.0579,14,68.885182
4722.1113,28,68.889366
5413.792,54,68.889425
633.0071,3,68.895757
13624.766,57,68.895841
6303.175,72,68.900662
768.9442,3,68.900716
140.35951,2,68.949241
2558.3977,15,68.949333
4688.327,21,68.953529
497.44925,4,68.953602
1304.1422,9,68.970247
11996.025,50,68.970305
5283.249,34,68.970323
2727.9758,13,68.980951
5065.1025,38,68.991024
-330.81262,3,68.991233
252.14624,5,69.006349
378.86044,6,69.012213
442.1177,2,69.017363
1533.5582,11,69.035856
3784.3738,27,69.035924
2742.3938,11,69.035937
7368.7573,35,69.035943
4852.425,35,69.035946
256.07928,3,69.043962
1011.68225,35,69.046885
7078.999,34,69.060874
321.0902,2,69.072633
5634.0483,40,69.072721
1001.8642,7,69.078032
2768.1084,14,69.08721
437.91037,3,69.099497
4289.404,41,69.105824
212.05417,7,69.118549
4284.8154,26,69.118636
547.4407,6,69.127265
619.06244,6,69.141337
9554.974,35,69.1414
-80.06317,3,69.141417
489.40402,2,69.141424
1151.8308,11,69.14143
179.3899,2,69.155878
3224.171,16,69.155922
2476.719,75,69.188224
2796.1228,31,69.193139
5936.0664,22,69.193194
1619.8795,8,69.193208
2914.9783,22,69.193214
1554.7444,13,69.193218
6973.1846,38,69.193223
1019.1799,9,69.193226
-418.39557,41,69.193231
264.3913,2,69.210907
86.11101,3,69.21454
5881.818,34,69.214603
630.1537,10,69.218415
714.90674,4,69.21847
9799.9375,39,69.218487
11685.105,41,69.228144
1972.6162,30,69.232618
999.4562,4,69.232692
11272.035,40,69.232726
169.49802,5,69.250535
540.97723,5,69.250596
874.7715,4,69.250619
5988.109,62,69.270502
1531.1073,10,69.274628
64.25845,6,69.281988
1908.6516,8,69.303133
214.4892,5,69.303195
580.8102,2,69.309225
570.6738,6,69.309285
1203.8501,16,69.309299
1038.456,12,69.312118
1541.95,16,69.33996
210.31683,4,69.340017
306.55896,37,69.34321
1743.7969,6,69.346671
647.061,9,69.362144
629.1569,33,69.362194
557.5816,4,69.366066
12344.907,59,69.366128
1161.2122,4,69.369013
10431.074,63,69.371696
9816.37,39,69.414007
1909.7745,7,69.414109
8386.694,37,69.414133
820.52423,9,69.42231
523.8627,9,69.442536
372.37634,17,69.442672
4930.6704,33,69.442704
717.2346,2,69.442714
11740.485,42,69.446343
754.3211,2,69.449286
2696.7383,30,69.463439
786.0979,5,69.475293
2120.8118,10,69.480181
3226.894,49,69.480248
414.14154,8,69.480263
6141.822,43,69.484451
771.2636,9,69.484519
2342.8586,9,69.484537
736.1618,18,69.494926
5554.8184,39,69.494983
2137.6096,26,69.494996
3405.154,22,69.509795
8799.198,46,69.512842
982.0315,9,69.519579
11148.587,40,69.528728
1463.3439,8,69.549073
209.15848,5,69.54912
4763.5723,51,69.55317
2075.754,11,69.553225
1129.9397,43,69.55324
984.3319,5,69.553248
1354.501,21,69.556528
6067.449,30,69.556559
5572.0806,47,69.559484
2240.9949,10,69.559537
92.03493,3,69.56253
362.62204,3,69.567763
88.58606,8,69.572435
4599.0757,15,69.572477
712.0433,3,69.572487
1144.0464,8,69.600374
1805.873,19,69.600447
355.66156,5,69.603687
977.7516,13,69.620301
1742.9094,10,69.623522
4102.2217,23,69.623571
13102.026,53,69.627074
488.4199,4,69.627123
1798.8054,9,69.627137
2108.3372,10,69.627145
1663.0482,14,69.627151
1101.3839,7,69.640292
131.909,2,69.640362
772.9177,3,69.643541
500.41974,3,69.643594
488.41797,3,69.649441
540.11646,6,69.649491
2326.2346,45,69.652287
2755.701,21,69.655022
12344.797,53,69.657675
2767.2417,12,69.68059
507.10446,5,69.68066
2346.8318,28,69.680678
1688.3552,7,69.680687
2088.187,8,69.690776
1112.732,7,69.701171
726.4924,2,69.701242
6764.4673,35,69.711199
111.11766,2,69.731786
865.0089,9,69.734834
329.04367,5,69.73829
6308.797,18,69.738333
1435.0883,8,69.749797
1215.0192,6,69.749848
1375.9963,7,69.749863
1392.9126,9,69.76744
612.8766,2,69.770858
1980.2957,21,69.773982
502.53418,2,69.774021
6427.0957,27,69.776797
643.88086,5,69.802546
422.36804,3,69.802609
13610.085,49,69.805454
810.6626,10,69.808594
1737.1003,9,69.808642
336.239,2,69.808657
11876.156,40,69.811316
1329.1404,64,69.827579
13619.813,53,69.827673
2237.0498,25,69.827692
247.02625,2,69.838996
599.65204,6,69.839055
536.2396,7,69.839068
6876.522,57,69.85421
157.05093,2,69.857897
2014.487,34,69.880073
1182.4805,3,69.88013
564.22064,3,69.880144
1318.3469,10,69.883327
1312.322,11,69.888916
13279.154,54,69.888965
1769.6139,10,69.896588
8892.4,72,69.896636
957.0318,6,69.905451
2621.782,57,69.917972
205.48419,4,69.91803
3185.0042,14,69.9272
817.2968,4,69.93715
9548.01,58,69.953186
437.97964,5,69.95815
1144.0042,9,69.958224
13822.95,54,69.975594
9826.762,39,69.975649
1254.9727,9,69.982483
363.66736,2,69.982554
626.14307,7,69.989873
1703.4722,16,69.989944
4547.8994,20,70.00359
575.6649,2,70.003711
7856.7437,42,70.00808
9534.535,44,70.008119
5957.203,51,70.021115
7025.7134,41,70.024867
4472.62,41,70.024912
1895.4198,24,70.05754
2436.196,17,70.057615
2347.9282,8,70.061278
2752.7034,11,70.061336
214.86082,2,70.064623
11162.317,47,70.080279
1785.2935,23,70.080448
12603.785,56,70.084201
4737.6665,14,70.084253
2115.5764,6,70.084268
5779.753,39,70.089545
9618.277,42,70.092254
70.09648,4,70.099538
-213.72314,4,70.099637
426.22473,2,70.115168
500.83188,6,70.115229
5987.488,38,70.119151
440.49115,53,70.119203
194.35516,2,70.124191
285.93332,4,70.134876
1694.3347,16,70.149975
2019.7485,9,70.15004
7348.827,26,70.153724
432.33124,6,70.161852
999.3823,15,70.166821
529.09314,4,70.166876
1216.4532,82,70.196296
1994.6849,28,70.19636
12427.6455,55,70.199585
1794.0156,36,70.202557
3342.6318,56,70.206216
4159.8623,33,70.206284
4294.2104,26,70.217498
2196.8015,7,70.217587
4141.79,33,70.222088
2212.5837,19,70.242883
270.15363,3,70.253011
729.6777,7,70.256185
2240.1123,30,70.259004
504.66165,4,70.26194
802.8241,11,70.264812
1897.5823,10,70.292853
2114.1956,22,70.296033
5875.839,72,70.299459
4682.21,22,70.302856
3332.9297,13,70.31694
9850.531,34,70.317024
525.63965,2,70.322793
3965.5503,30,70.322847
1066.5277,7,70.325503
740.7046,2,70.341108
496.68304,7,70.341172
2389.8577,31,70.345056
7424.497,21,70.345114
4415.7554,17,70.345129
2341.2747,23,70.348254
703.1757,3,70.351211
3882.9758,20,70.356394
5874.3384,36,70.377266
513.9403,5,70.377345
4989.896,29,70.388429
1230.0974,8,70.394685
880.7584,12,70.403556
765.9584,6,70.419419
334.06192,4,70.422973
1954.8282,12,70.431201
1539.3738,13,70.431253
2577.526,14,70.431265
2735.2646,71,70.43127
766.7566,4,70.439775
1666.2487,7,70.439826
9681.882,36,70.439841
6121.405,75,70.443028
10487.189,44,70.449222
11581.489,52,70.449277
11173.003,41,70.449291
1735.047,15,70.452773
2274.704,9,70.452835
4265.9478,27,70.452853
2348.386,23,70.456145
195.60632,6,70.46411
2802.803,34,70.46417
1281.3407,7,70.464188
709.7445,3,70.476974
9502.334,64,70.492556
-122.3862,5,70.507719
721.1074,6,70.516109
4422.156,15,70.516158
2719.009,14,70.519316
11407.405,36,70.527067
-318.68463,6,70.552865
1527.2744,88,70.567637
1378.9878,12,70.567694
284.64786,2,70.577821
342.66724,4,70.606229
991.04663,12,70.606289
541.0434,4,70.620644
2723.4277,24,70.620722
3648.4177,22,70.62354
92.72121,4,70.626512
1843.7225,18,70.640789
3451.6924,33,70.668399
-159.39282,4,70.679312
10763.95,48,70.682588
3634.877,30,70.682638
4783.467,33,70.68536
494.25354,4,70.688171
190.77966,3,70.693063
2187.6646,32,70.693111
1053.5219,4,70.710676
992.68176,13,70.714772
2013.9963,13,70.714834
2702.6628,11,70.714849
11786.139,42,70.735228
1724.0714,16,70.740807
1257.0537,8,70.758529
8270.684,74,70.769406
993.54126,8,70.776898
11855.226,48,70.79159
1349.3354,12,70.804814
277.44574,5,70.808544
561.12195,2,70.816277
6061.1484,54,70.816332
3753.1235,28,70.819872
1533.6909,9,70.819959
1498.3771,13,70.819971
12439.854,47,70.822765
-48.970703,54,70.840804
489.8806,3,70.840863
1160.1907,5,70.844384
447.4895,7,70.847435
831.4939,3,70.850379
4485.41,26,70.88517
590.8368,13,70.88521
5465.9272,28,70.885219
4101.167,74,70.905411
-172.06357,8,70.905488
86.52724,2,70.918295
524.2565,70,70.918341
1526.519,22,70.918352
13194.229,55,70.936976
5915.4863,67,70.937053
4798.0723,25,70.948936
6170.0933,75,70.948978
1591.3916,22,70.96744
328.1026,3,70.974385
1792.7769,20,70.984343
614.63293,4,71.008869
2391.4043,64,71.024038
6481.382,42,71.036859
3362.3481,16,71.039678
1199.4617,17,71.050888
9882.007,30,71.060224
5824.5366,55,71.084012
1042.3412,7,71.084069
2316.917,45,71.094288
175.6933,4,71.094322
3823.5112,21,71.12
480.16718,7,71.120054
4905.3726,28,71.123522
5155.86,44,71.123582
5196.1846,33,71.14236
5828.886,59,71.160035
3333.3176,19,71.171689
4727.288,28,71.177204
1022.5885,10,71.193827
1175.2749,8,71.207251
10374.754,38,71.211116
861.2523,5,71.224133
753.701,2,71.224197
17.761963,2,71.242839
6983.061,38,71.242909
2179.6064,17,71.256105
462.01135,5,71.273972
862.1951,105,71.277478
9358.512,48,71.277511
2039.051,17,71.287369
311.42593,6,71.29018
1586.7405,13,71.292781
400.6163,3,71.300142
5694.951,67,71.312623
974.6721,5,71.312689
6262.189,20,71.312706
1311.4316,15,71.317281
-79.195435,2,71.328047
29.101685,3,71.33971
1978.6019,36,71.344208
514.9201,5,71.344263
101.32184,4,71.359107
761.82544,3,71.386795
-347.50232,13,71.386857
5859.3994,49,71.398331
10109.676,41,71.401381
1343.5781,7,71.425658
8439.89,71,71.438515
5000.7954,67,71.441504
500.5396,6,71.445177
1988.6063,12,71.445263
2084.9343,9,71.448822
5259.34,36,71.452687
1572.1124,20,71.452757
1064.0563,11,71.457719
366.28552,3,71.457789
12124.679,100,71.457808
1577.5906,14,71.457815
5403.6562,53,71.471535
152.657,2,71.471618
923.47626,7,71.471638
661.46155,3,71.490967
5077.7153,41,71.491049
-108.480286,3,71.512502
897.96106,3,71.523223
13467.064,72,71.541378
1159.0999,10,71.545618
2596.439,14,71.570529
1870.2957,7,71.57058
2171.268,39,71.585932
1401.6659,5,71.585977
2412.1643,32,71.585988
4938.2134,33,71.608588
1846.971,22,71.622658
574.4854,8,71.626137
1372.6326,4,71.626189
4388.8203,25,71.629862
1217.106,9,71.640475
128.99622,4,71.675614
3407.1614,64,71.6787
1277.8391,13,71.681587
2171.187,25,71.685662
14123.102,62,71.685724
2697.6655,49,71.68574
1578.4819,18,71.708483
943.0398,12,71.71188
3906.4863,30,71.71575
2220.5322,82,71.715813
472.1895,5,71.715831
1786.8167,9,71.72392
2736.285,13,71.723973
591.81604,6,71.746007
1216.2155,16,71.746081
11217.216,38,71.751602
410.1413,6,71.766744
8219.443,66,71.766812
13753.532,49,71.76976
319.644,2,71.772533
318.3294,5,71.775246
307.35333,3,71.787366
2115.4456,8,71.787442
8215.584,45,71.796034
13613.929,47,71.809268
4403.4453,17,71.81725
7381.919,51,71.83887
9876.844,39,71.838934
373.0567,8,71.838949
10877.291,68,71.903322
5096.3643,29,71.903378
13523.783,45,71.906382
344.05414,2,71.909319
9558.726,49,71.909371
890.522,8,71.923589
856.85547,4,71.923655
4653.9272,37,71.926749
1509.1638,6,71.935814
3813.8323,26,71.935856
4142.4595,27,71.938641
5788.198,57,71.950032
2100.0317,10,71.958779
868.9093,7,71.965373
1814.1296,11,71.974657
-33.34973,6,71.974733
4277.527,24,71.978039
542.96497,12,71.984463
5656.0728,39,71.984519
2144.2583,21,71.987304
4281.8564,15,71.990108
1643.0347,7,72.002018
7709.2505,47,72.002077
1859.3567,33,72.011642
956.5703,5,72.011718
167.91342,3,72.025394
13.871765,4,72.029114
4022.5605,19,72.056585
1852.2727,11,72.056669
1338.228,8,72.056685
1771.444,7,72.056692
-6.1481934,52,72.059911
2059.1265,14,72.068552
9910.874,36,72.071975
9135.322,44,72.072019
4280.8257,19,72.074947
1115.634,5,72.091433
1105.239,6,72.111209
168.75467,5,72.11163
12496.573,49,72.111659
960.6908,10,72.111667
198.21019,2,72.111672
5118.137,30,72.121817
477.91806,2,72.125273
1746.2336,10,72.12532
21.029175,6,72.152202
330.094,4,72.152256
1440.6957,19,72.161326
5629.872,39,72.161376
3124.614,26,72.184546
400.6307,2,72.184597
4192.338,21,72.195693
3908.7385,18,72.195776
5955.986,52,72.206734
259.9248,3,72.2249
1226.5013,8,72.232001
419.86514,3,72.235371
684.2266,6,72.235414
1758.7897,9,72.24054
129.1376,3,72.243979
393.90134,3,72.244042
-278.47296,5,72.253157
1524.8855,22,72.253227
-195.16898,2,72.268394
5873.266,81,72.268487
1119.0543,5,72.289345
62.99517,2,72.289414
5322.0117,59,72.309076
334.0014,2,72.317989
-134.2948,7,72.32141
12813.552,58,72.325542
2042.1821,9,72.325602
6364.831,35,72.339437
1516.5488,33,72.339521
839.89514,4,72.353317
5624.8833,73,72.368629
516.9919,2,72.368708
612.75146,6,72.368752
624.0176,9,72.372705
2111.2227,38,72.372762
15847.156,61,72.372778
626.6248,4,72.381447
12782.2295,54,72.381533
550.8352,6,72.381557
246.50958,3,72.387315
714.0359,5,72.39071
622.23346,5,72.400053
6363.0845,45,72.400139
1530.3843,9,72.400157
1074.1765,6,72.403806
4012.359,34,72.403848
677.0256,3,72.407023
2883.0415,40,72.409864
1311.8835,7,72.420079
1161.9957,8,72.420136
96.181305,3,72.438652
4130.644,21,72.438694
251.26581,2,72.438707
604.3065,10,72.442908
343.30484,8,72.456632
453.79147,41,72.456709
126.31662,2,72.465228
3532.4175,28,72.465293
3897.7583,14,72.468761
3839.7007,37,72.476203
11313.461,50,72.47626
1520.7136,7,72.486138
4997.375,25,72.486208
1279.593,14,72.493553
1361.582,12,72.493628
265.79996,2,72.499689
408.34958,4,72.510733
-185.6518,3,72.531639
1104.3336,9,72.531694
5112.2783,64,72.539491
444.43625,7,72.539544
1989.1438,13,72.542586
372.319,2,72.55135
5914.336,62,72.551428
1879.2911,27,72.55572
519.90106,3,72.555806
-271.53363,3,72.567909
5136.876,30,72.593292
3220.6301,23,72.597114
2295.158,59,72.602812
386.41226,3,72.602862
1225.0356,30,72.602876
2243.1555,27,72.611446
610.0909,9,72.611566
430.61172,3,72.625551
1124.5763,7,72.631066
2261.2786,29,72.633857
1480.007,9,72.641819
1521.6785,7,72.64186
3350.851,16,72.65849
12071.89,46,72.658566
9152.913,35,72.675448
651.7136,5,72.693943
667.603,4,72.702782
10454.787,36,72.702837
2313.3423,35,72.709583
540.2578,37,72.713665
7531.444,35,72.713744
3905.5315,19,72.724288
47.47058,4,72.724349
427.99518,9,72.736284
1839.5358,11,72.736339
11428.799,47,72.736351
1227.3145,19,72.744918
621.9244,3,72.74952
1015.7083,92,72.749607
290.4688,3,72.762096
4123.8296,20,72.762185
274.17108,4,72.775345
4239.919,34,72.789016
13126.661,58,72.794759
186.54721,2,72.794819
1012.6358,11,72.797611
500.93512,7,72.800385
365.8456,8,72.805885
1922.44,10,72.805947
29.758045,2,72.826669
3554.994,13,72.838651
12627.383,51,72.845807
2187.605,30,72.845862
1212.2557,7,72.845891
453.2345,2,72.849113
-123.30267,2,72.855497
342.0005,2,72.855565
9860.069,52,72.859503
1171.7001,7,72.859566
1985.6758,28,72.873718
1762.0764,20,72.87871
2289.508,11,72.878768
11830.862,48,72.878784
359.91687,2,72.878791
13775.045,54,72.878797
1567.7966,14,72.886067
2053.8086,27,72.886141
794.21545,5,72.890249
10992.503,53,72.895291
4453.7886,21,72.89535
374.7905,2,72.895365
430.6889,4,72.898871
11299.268,42,72.912312
1255.9554,19,72.912362
3303.3923,13,72.922631
1357.5428,6,72.939655
2064.4084,35,72.939742
669.6571,11,72.946062
2832.788,10,72.94956
2719.0605,14,72.949617
2478.521,14,72.952839
4286.8345,38,72.958469
289.90082,4,72.962128
3453.6643,20,72.96217
10726.134,42,72.962181
503.23868,5,72.966776
668.94653,7,72.966845
247.2023,2,72.96686
1701.8674,19,72.966865
1773.3547,6,72.96687
850.1318,4,72.966874
13854.192,92,72.972584
182.63625,2,72.972693
2046.6501,23,72.972728
8295.173,48,72.976494
2434.0457,15,72.976578
1238.6417,4,72.990161
161.37616,3,72.993935
272.78278,5,72.993989
5279.533,28,73.005781
1095.6426,3,73.020407
894.7531,7,73.034889
791.5122,3,73.034956
2556.9927,27,73.060316
1607.1428,12,73.07342
1393.9735,7,73.077404
1192.9009,29,73.077506
2475.7065,40,73.087318
5725.192,34,73.087418
-71.89792,2,73.087438
1047.5004,8,73.091367
480.16455,2,73.091453
9633.195,56,73.091473
63.53293,3,73.103355
6611.371,34,73.103428
3224.5469,15,73.124135
2262.1755,23,73.138539
2359.2292,20,73.138596
624.6586,3,73.159141
984.565,13,73.159223
621.51044,9,73.159241
9555.629,49,73.180464
-477.57178,19,73.18819
4846.542,33,73.188233
2707.8145,20,73.202978
5989.2935,36,73.209528
1038.4739,14,73.216588
8223.877,38,73.21667
999.85223,9,73.229077
480.83142,4,73.229151
3905.0938,19,73.235005
957.6815,8,73.23505
832.12415,4,73.237753
2074.4233,43,73.240614
425.31125,5,73.243756
2703.33,32,73.256927
10135.155,40,73.256994
211.86485,4,73.257009
4575.7563,28,73.266227
1681.0688,20,73.277812
9428.584,66,73.277882
4999.294,37,73.29065
3505.5247,47,73.295114
940.6344,12,73.312165
239.71954,4,73.312225
225.54556,2,73.318025
5030.452,64,73.318076
2410.7146,39,73.321281
-402.80692,52,73.321324
1131.7285,14,73.324828
11991.707,62,73.3249
4574.031,28,73.324919
4244.624,18,73.327891
-191.50089,4,73.344697
319.78104,6,73.348205
10008.953,45,73.348258
2819.0151,28,73.361209
-127.14758,2,73.36129
721.6759,3,73.367216
282.27902,7,73.367292
1489.6074,7,73.372173
1407.2002,12,73.372231
955.91064,11,73.384433
336.73218,4,73.384511
769.51794,3,73.388398
3013.4941,12,73.393268
832.4566,7,73.412271
1781.6128,21,73.412367
1750.8457,14,73.442273
3026.058,27,73.442353
5266.8696,28,73.455919
586.0603,4,73.455966
9660.564,38,73.466295
2067.4775,14,73.466364
10064.755,49,73.471295
1678.0144,15,73.475639
-161.32034,35,73.475708
831.5233,4,73.475729
5778.2856,34,73.491836
1057.3518,6,73.491878
5653.595,33,73.495165
2654.0815,81,73.500645
1124.5051,32,73.50071
3215.9812,16,73.500728
929.4915,3,73.510851
854.4052,10,73.510959
1214.2173,8,73.533385
1337.074,42,73.540448
1013.71655,3,73.54051
-385.9674,2,73.551972
479.07385,2,73.557173
783.4507,6,73.569532
586.0646,3,73.579118
1109.2743,13,73.579204
258.19888,2,73.588806
1510.2278,12,73.59235
1368.4375,14,73.605072
8209.668,50,73.605125
4140.7217,30,73.61746
1088.1678,10,73.622963
15939.506,51,73.627515
5205.8926,34,73.627594
247.52792,2,73.63361
226.23462,6,73.638584
442.58142,2,73.638641
411.72003,2,73.651303
865.98486,8,73.660427
1450.6836,22,73.662272
12954.93,49,73.667205
1805.765,19,73.66729
9131.331,30,73.676015
8591.95,36,73.676138
1974.2664,12,73.682078
-21.45044,32,73.687082
12475.083,54,73.687141
-71.730896,5,73.692267
231.82367,4,73.692312
2185.9224,42,73.692323
709.782,3,73.705516
385.3347,6,73.711234
2585.1924,22,73.71129
811.0791,10,73.716029
2268.9094,6,73.738783
631.3291,5,73.738849
661.0198,6,73.748681
2154.6855,13,73.748738
911.90204,9,73.75148
643.73584,4,73.769834
1759.9651,7,73.769924
1173.7751,13,73.779682
474.5877,4,73.79114
10495.612,52,73.791225
5572.1104,32,73.791239
-338.48047,3,73.801898
2056.0903,15,73.801971
11652.474,58,73.801992
6398.9507,47,73.808998
1840.9357,11,73.81238
4817.7095,28,73.812439
1295.3423,11,73.829629
551.72375,3,73.829946
5343.739,25,73.83619
813.31433,17,73.836255
1616.0549,20,73.838917
1718.658,8,73.841744
816.4564,5,73.852488
5001.208,39,73.852562
7501.4434,44,73.858136
13842.745,58,73.87161
696.50134,4,73.871674
74.37982,8,73.88143
4723.5234,59,73.881512
498.71796,2,73.891197
6739.2007,31,73.90819
234.18034,6,73.908305
2131.9673,15,73.920765
767.7734,6,73.928591
1530.2678,15,73.944939
333.31052,7,73.963967
153.1495,3,73.967303
12706.573,47,73.967349
1698.2817,20,73.981068
1051.7328,15,73.994032
815.9213,3,73.994099
692.47296,23,74.00807
4741.776,52,74.027671
5152.6465,30,74.027751
605.5145,11,74.027774
788.4587,3,74.027783
2405.7493,27,74.044749
2926.2944,70,74.044822
5948.393,46,74.050861
1008.1627,7,74.050902
302.20526,3,74.054217
4467.5117,49,74.054269
2048.958,18,74.054281
1074.8903,11,74.057253
333.29358,2,74.057306
778.09265,7,74.078176
358.60767,9,74.081409
2087.6638,38,74.103724
757.72626,9,74.106955
2329.9314,29,74.106996
2457.6362,31,74.109853
952.2978,6,74.1099
1827.0073,23,74.115261
2465.7427,13,74.13183
10444.347,42,74.137901
5947.13,39,74.137959
6713.648,32,74.137983
413.4533,8,74.145994
166.83563,21,74.157694
3868.5085,29,74.169666
927.3091,3,74.169747
703.89575,3,74.169767
293.76318,5,74.169776
1997.8408,19,74.169783
530.3263,4,74.177012
55.540573,2,74.184523
170.89755,3,74.184598
569.7102,2,74.184614
4918.751,28,74.19418
2064.8757,24,74.217776
384.54453,4,74.217886
2175.8843,29,74.22545
3376.8484,16,74.229388
11701.42,40,74.229465
6802.5493,18,74.240379
979.1845,9,74.24048
-59.979645,13,74.255061
1030.1337,5,74.255163
1202.7416,11,74.26749
95.87016,2,74.276787
4115.123,36,74.288689
6042.9727,31,74.288781
572.1743,2,74.288802
662.6393,6,74.292629
2005.3241,9,74.302205
634.932,2,74.302294
201.18222,2,74.302315
196.24539,3,74.307271
4176.7607,15,74.307333
1464.7509,15,74.307351
4304.27,42,74.317934
319.01038,9,74.318009
427.42255,3,74.332479
139.37201,2,74.332564
552.9789,4,74.342059
712.0642,4,74.356967
756.1989,9,74.360556
2303.7112,15,74.370369
2287.5344,13,74.37342
2127.1492,17,74.37749
420.45428,5,74.377545
909.014,8,74.394129
13002.177,45,74.40293
8791.489,62,74.416177
1875.6022,14,74.41625
1644.0977,26,74.416265
6715.49,30,74.42794
7999.1436,40,74.444973
393.3152,2,74.445043
1746.1217,6,74.445075
676.19525,4,74.46502
800.74414,3,74.468492
61.152252,3,74.46856
457.94626,18,74.471819
5073.5557,31,74.476827
622.58936,5,74.489903
157.47845,8,74.489999
2092.9167,47,74.503681
944.47174,13,74.503765
307.3186,6,74.506875
7386.197,44,74.522672
547.9225,8,74.53487
4698.7944,53,74.535247
549.75696,5,74.541799
11737.298,59,74.541871
4522.792,29,74.55404
203.35876,17,74.557034
325.50922,4,74.579476
2446.3936,36,74.587358
537.9913,7,74.590459
-485.81317,15,74.590505
5786.146,30,74.593196
178.2561,3,74.605729
3023.0256,23,74.608832
7841.1294,36,74.612278
272.12427,2,74.612335
710.06274,2,74.615627
174.81903,6,74.615679
2568.9167,21,74.621246
1729.0475,38,74.621299
468.3026,4,74.631727
822.4328,9,74.642091
851.42017,5,74.66064
4836.598,29,74.674744
1870.4376,29,74.688651
5516.704,41,74.688725
240.5667,4,74.694928
1856.3303,11,74.722711
5857.3604,55,74.725808
331.42868,2,74.728919
6299.033,41,74.72898
11468.386,55,74.732218
6216.0854,47,74.732262
661.81726,3,74.737491
1138.5613,20,74.744
1842.7494,22,74.768756
857.65674,5,74.768823
12827.423,57,74.780098
580.3634,2,74.824285
4743.04,38,74.824338
65.65886,2,74.829066
294.9067,3,74.829133
4540.7656,16,74.841466
447.68173,6,74.841539
1687.9951,8,74.845582
118.215775,2,74.858825
293.841,2,74.86924
3096.8052,44,74.869302
3383.0435,27,74.869318
1730.2959,42,74.888296
1336.2913,15,74.906231
448.55344,9,74.909265
2489.308,50,74.940363
13400.74,138,74.94041
348.77435,31,74.943473
2786.7942,10,74.953067
1983.0092,46,74.953136
3299.3865,52,74.969297
-209.73875,2,74.969359
-196.39578,2,74.975975
5683.649,54,74.979549
696.07104,3,74.979618
703.0814,2,74.985452
5439.8047,87,74.9855
807.3967,7,74.985513
-117.98538,5,74.997746
28.905792,3,75.000916
8300.255,35,75.006196
26.066162,7,75.006235
2032.8243,24,75.00913
452.7032,20,75.009182
472.20023,2,75.012547
603.8201,2,75.012623
957.58636,7,75.012642
1419.1726,7,75.029333
2150.6018,31,75.029425
470.7448,9,75.052469
209.53743,5,75.058904
4857.089,24,75.061778
2436.6057,10,75.07702
13407.973,52,75.086835
10559.436,61,75.094114
8079.8633,37,75.107625
112.52707,37,75.107695
761.1644,3,75.111545
3681.6367,58,75.12437
3239.655,17,75.143698
484.7312,17,75.167846
742.6877,4,75.167916
2174.018,40,75.167933
273.36978,4,75.188071
6281.2427,19,75.188155
549.14984,3,75.222493
-44.815094,4,75.225545
3058.581,76,75.22849
8725.596,52,75.238544
2485.8154,11,75.238621
5813.6533,46,75.251725
11026.195,57,75.283075
501.91183,8,75.283131
4221.3784,22,75.283145
1300.7683,12,75.286598
1163.3452,15,75.286637
1146.8729,14,75.28665
107.53755,2,75.289753
1533.4856,14,75.289791
735.0205,31,75.295555
7251.508,25,75.295606
444.05316,3,75.305508
323.20422,4,75.305608
1392.0415,51,75.310275
1624.2188,11,75.310336
6665.532,62,75.310351
1764.4512,8,75.329173
3180.1992,16,75.333662
7683.9434,46,75.343791
1530.2756,10,75.347513
1004.8441,21,75.358355
4435.9243,17,75.358417
-179.10522,2,75.373929
833.93005,8,75.374003
2407.5706,11,75.382785
6080.3438,33,75.390666
762.96564,4,75.390734
54.548462,3,75.394694
10583.432,36,75.394768
12714.819,41,75.394788
1866.9196,9,75.394794
2917.6672,18,75.405075
467.64365,2,75.405134
2251.6648,9,75.409194
10206.42,64,75.41806
902.73175,10,75.423467
99.881714,4,75.431877
473.6135,6,75.431961
2527.922,17,75.436486
525.9198,4,75.436582
1860.8052,27,75.445134
2513.3171,35,75.445611
974.56146,10,75.456001
8508.335,54,75.456082
1565.4631,7,75.4561
179.50397,9,75.459304
477.84537,2,75.482303
1692.2892,6,75.482368
1624.6514,7,75.482384
389.70276,27,75.482392
6513.5586,96,75.485714
2015.4634,28,75.4886
478.8171,3,75.491884
479.94962,9,75.502256
138.48743,2,75.502314
203.15729,9,75.519886
86.59454,3,75.523005
440.17587,12,75.526373
1913.4597,18,75.538314
1832.5848,33,75.538391
992.7739,8,75.542829
5829.0117,35,75.553167
602.47565,3,75.573836
526.5404,5,75.577957
719.6791,2,75.588371
129.36542,4,75.596367
1592.8611,11,75.596426
5385.1357,27,75.622289
12747.089,48,75.628282
1063.3798,43,75.628325
455.87302,2,75.628336
-170.85974,6,75.636172
4187.352,28,75.636233
2819.1216,15,75.636249
5049.469,38,75.642061
2103.9731,21,75.642109
7621.038,27,75.642128
4348.654,44,75.663187
1286.6351,21,75.673974
5732.3306,35,75.67714
301.7241,2,75.692071
909.9786,5,75.69563
217.25723,5,75.711206
4310.3687,37,75.716783
3065.2651,13,75.720698
6787.2617,31,75.720765
333.16653,2,75.729472
238.69952,6,75.738959
59.538147,3,75.742035
5893.7725,64,75.7452
251.32884,4,75.770168
5290.4087,26,75.770281
898.5587,7,75.770296
10918.274,46,75.77309
5725.095,55,75.787995
6374.572,30,75.818045
3208.2236,37,75.820866
3703.5432,55,75.82841
320.7319,68,75.840839
400.60962,2,75.84092
1574.8091,13,75.8539
2016.2449,9,75.854012
494.82184,2,75.861798
3773.92,20,75.870687
-51.7258,34,75.874022
13598.559,66,75.87762
1414.4556,38,75.877699
692.1417,6,75.892394
465.70782,4,75.89247
3120.1704,18,75.892491
160.03249,5,75.892497
319.644,2,75.892502
13386.173,75,75.906878
410.32422,2,75.918013
590.86005,5,75.918123
8575.83,39,75.925992
13965.053,42,75.926061
1250.8755,22,75.929443
1784.6466,63,75.929529
406.58575,4,75.938632
12226.99,43,75.938709
1378.1714,23,75.942131
8066.989,34,75.942192
5326.362,34,75.945241
368.97693,6,75.970112
916.0964,30,75.970179
413.0865,3,75.970196
2959.7466,16,75.981197
977.9252,7,75.985139
244.30307,5,75.985206
11910.48,39,76.011509
329.98865,3,76.011566
1003.5305,7,76.019085
4717.949,18,76.021999
1583.4545,18,76.024976
1205.3087,16,76.027997
1359.2866,15,76.033484
9566.944,58,76.043276
689.589,7,76.052342
1954.82,23,76.066739
1676.0541,12,76.092517
2085.013,36,76.092588
5062.3013,23,76.092605
380.76498,6,76.105181
4856.136,35,76.105262
319.644,2,76.116144
1716.0494,24,76.116207
608.8654,2,76.116224
3059.2827,23,76.130936
3442.6406,17,76.134852
4459.569,33,76.140702
2726.4631,15,76.143397
8098.686,39,76.160489
246.28899,2,76.17162
5416.9453,40,76.171702
642.2479,12,76.196603
6806.059,28,76.199568
10439.215,45,76.207172
1717.8527,26,76.217127
6655.7,51,76.225943
95.06061,4,76.24313
1059.3212,15,76.251555
666.21716,3,76.270144
5492.427,42,76.270206
13501.503,49,76.273802
5467.5767,33,76.27388
992.7586,40,76.277102
7271.636,32,76.280305
-201.42139,3,76.280349
-331.605,33,76.283501
2362.8284,10,76.28356
543.29205,2,76.28635
5778.4663,29,76.299519
13847.975,55,76.305248
589.26294,9,76.32433
5933.9805,35,76.324414
6340.693,31,76.332338
347.09613,40,76.337135
12672.607,110,76.337213
471.37616,2,76.350585
1966.3438,11,76.350662
9570.1875,44,76.350677
688.2979,5,76.370407
434.16342,3,76.370476
3881.9958,27,76.37534
12808.32,49,76.375409
2516.9387,76,76.375424
1167.9314,7,76.388718
273.41876,2,76.401719
7315.2847,49,76.401828
-194.24472,2,76.40186
13.100098,3,76.401871
84.68353,6,76.411345
217.50253,2,76.417764
448.61264,2,76.417868
5253.1177,35,76.429695
754.05444,5,76.440302
13651.276,71,76.440364
2818.059,21,76.44038
213.74924,3,76.440386
2883.0916,16,76.450393
535.7151,2,76.450511
-73.30914,5,76.463393
434.91296,7,76.463479
754.69635,11,76.472285
2312.3745,13,76.472352
-165.78342,6,76.472368
4807.177,33,76.479509
1345.6616,7,76.49301
-228.46909,4,76.505956
-241.27985,4,76.506016
5821.8623,33,76.506033
2900.896,17,76.50604
-311.39246,47,76.519264
639.2896,11,76.529134
762.4048,10,76.536612
-196.18842,2,76.540474
498.39978,2,76.544887
5982.6655,38,76.544966
898.8661,10,76.576328
279.17496,4,76.576386
672.3356,10,76.588624
8926.873,30,76.588677
259.11526,2,76.588689
2362.371,26,76.601221
1261.469,7,76.601287
815.66583,3,76.604144
3718.5889,16,76.606851
1156.5016,5,76.609747
7116.801,47,76.609791
188.59895,6,76.623806
10955.535,53,76.627115
1222.9071,6,76.62716
11641.834,53,76.668192
5557.334,30,76.683349
8452.103,41,76.697257
193.59473,35,76.701558
833.4284,5,76.708248
4606.4336,20,76.715533
280.84842,4,76.715608
-8.316666,3,76.715623
3360.0237,18,76.725337
9091.428,100,76.728966
11670.53,48,76.739316
4024.5415,19,76.739366
1772.1243,13,76.749077
1401.7942,32,76.754169
808.20465,5,76.754257
2424.1726,75,76.769966
843.50635,3,76.770048
11592.652,57,76.770064
10329.686,49,76.797753
623.3193,52,76.797857
10229.288,40,76.804806
11836.353,52,76.804879
877.1247,4,76.804894
1292.9167,8,76.809058
389.83652,48,76.809129
482.66077,2,76.812451
813.44385,59,76.823897
822.0707,8,76.839342
807.4565,11,76.839427
936.0425,4,76.839538
478.4661,7,76.847246
2155.16,11,76.84734
226.67609,16,76.851708
4097.9004,57,76.851781
879.2569,7,76.851794
354.22992,3,76.859381
773.8579,3,76.86384
11072.153,43,76.863937
-213.74548,2,76.863966
1888.6821,21,76.877662
1518.1077,13,76.877754
557.8673,23,76.877774
403.3742,2,76.890207
385.76672,2,76.898504
6949.304,42,76.915408
5267.834,46,76.915528
9498.861,48,76.919382
987.51324,12,76.938568
3906.6401,26,76.944734
12022.993,57,76.967202
6904.7573,32,76.970867
105.730774,3,76.994038
2031.8541,30,76.994127
1536.6869,10,76.99769
133.69508,3,76.997749
955.40405,9,77.000803
2934.8315,16,77.003852
873.3253,6,77.023071
7127.9585,35,77.023134
5876.797,28,77.026143
449.87793,2,77.033222
4225.435,23,77.033274
2308.8323,11,77.038563
7064.493,36,77.041236
1309.2136,11,77.051945
5153.2065,28,77.067211
1090.9851,8,77.067275
3352.7705,49,77.067298
337.21683,3,77.067307
1152.9965,14,77.094842
3599.5452,17,77.098507
607.3329,4,77.098598
5565.257,35,77.098615
4164.4043,38,77.101973
258.0467,3,77.119957
2492.1602,38,77.123778
2244.004,13,77.123841
2416.535,13,77.123857
322.85324,4,77.126684
7777.9663,36,77.147813
6539.7725,42,77.147881
478.85757,5,77.147896
4907.4463,27,77.150907
11038.599,47,77.175589
1208.0823,5,77.175651
10283.963,37,77.175666
348.06506,8,77.190818
4220.9116,54,77.194256
4608.419,22,77.1943
3422.1235,20,77.200984
1461.9956,11,77.201036
514.4485,56,77.20404
2281.4546,26,77.204082
1318.7695,8,77.206783
6123.4053,35,77.216563
-199.22882,4,77.22813
559.11774,8,77.238807
1031.4125,4,77.2389
6547.4644,29,77.238924
1484.1881,8,77.24387
2599.2224,12,77.243929
698.41174,2,77.259412
654.3286,4,77.268394
4922.82,59,77.276874
10665.6875,29,77.277254
13039.01,57,77.294219
312.54865,4,77.310019
210.52945,6,77.32551
3507.4104,41,77.325581
4809.4395,32,77.325598
3086.278,16,77.335654
2990.961,22,77.335746
183.31715,4,77.344081
226.10107,8,77.367
1053.1788,7,77.375481
1388.4086,7,77.375538
3878.412,21,77.375553
5424.9634,32,77.37556
991.1452,5,77.381907
636.4239,3,77.396056
728.2388,3,77.39612
1416.286,19,77.396138
1462.7712,10,77.405548
454.592,3,77.410828
3052.7266,20,77.41091
6393.3164,51,77.410928
9896.092,91,77.424897
3233.1116,45,77.429564
587.7156,4,77.446398
1224.0669,10,77.456791
2638.1304,53,77.456855
3371.4382,26,77.456868
443.3314,2,77.468387
4229.634,49,77.468457
6668.6074,33,77.471781
8588.472,30,77.471823
4585.612,31,77.47569
680.8066,2,77.475737
2125.1738,10,77.475751
568.6751,7,77.481384
1838.6777,7,77.484577
5915.4697,55,77.484629
3858.7227,15,77.493312
13559.459,43,77.503768
7851.974,33,77.503844
-0.81970215,2,77.50386
3382.7288,16,77.503868
502.4287,3,77.514685
1371.3784,27,77.531034
2589.8708,16,77.531108
1314.0117,14,77.561522
1398.3275,18,77.561576
11166.973,50,77.580909
4571.013,38,77.581277
1195.6194,16,77.584445
1673.9393,14,77.587246
4075.0469,16,77.59278
3680.4038,28,77.592827
2512.578,16,77.592839
10096.617,41,77.599587
578.56824,2,77.608531
6283.2705,25,77.608604
3857.3452,19,77.608621
-346.68118,24,77.624171
788.044,3,77.627769
255.73114,2,77.627834
1101.3757,10,77.634112
2133.016,27,77.634165
3493.62,21,77.634181
113.46222,2,77.646677
371.55728,9,77.65932
624.1356,16,77.659376
-43.407806,4,77.717882
6223.0435,42,77.717965
13898.695,41,77.739335
1237.1381,14,77.739397
510.84705,3,77.739413
1284.3213,19,77.756223
-57.18045,4,77.766622
727.28894,3,77.766696
1587.3037,14,77.778509
6254.21,43,77.778561
1797.0092,29,77.785141
-114.38089,2,77.785215
596.9683,4,77.785235
-80.06317,3,77.798174
1756.3225,8,77.798239
654.56165,7,77.813002
258.7155,7,77.813065
-36.841812,5,77.836876
79.81775,8,77.836932
626.2329,2,77.836947
11768.792,44,77.842605
3764.3757,20,77.848534
6171.6953,59,77.848604
7224.159,23,77.851781
5844.02,47,77.851832
1538.0562,28,77.85475
1615.7415,21,77.86233
935.74634,3,77.871586
1406.8883,8,77.871672
1897.4348,25,77.87784
1514.6626,13,77.889158
230.76846,5,77.88922
602.8247,3,77.904026
7165.113,35,77.904084
608.05225,2,77.906941
10240.453,49,77.910414
787.90594,4,77.922611
213.20886,3,77.930661
3490.3174,17,77.943075
1716.9513,12,77.946734
2526.8762,24,77.961695
1185.6768,12,77.961778
2065.6372,29,77.961798
277.1761,4,77.975618
203.63522,3,77.979973
8616.555,39,77.980026
552.46826,5,77.993275
1666.2122,29,77.993331
3752.4739,20,78.018522
830.56165,8,78.018588
9011.921,37,78.018604
1019.06445,31,78.021643
1744.4623,10,78.043885
4550.2627,33,78.055897
1829.456,27,78.055959
764.4796,4,78.055976
162.74869,2,78.061886
365.9679,2,78.061935
1879.8639,17,78.088166
2309.7507,31,78.09182
6645.576,46,78.091884
9181.245,74,78.0919
356.29477,43,78.098533
294.32065,2,78.109923
463.59213,5,78.110009
315.21402,3,78.114055
5966.1367,63,78.132733
6561.653,33,78.132802
-125.71387,5,78.132819
5654.823,35,78.135906
1315.3273,8,78.146749
2203.1072,9,78.14681
2032.8778,24,78.179599
5654.047,35,78.179679
638.6285,10,78.190564
1717.3252,20,78.190647
7478.5757,52,78.195079
1357.0815,14,78.195169
12236.047,41,78.211784
2069.4998,7,78.211927
4474.114,43,78.216635
3754.651,21,78.216727
651.8724,5,78.228176
11425.044,41,78.228261
-40.644287,5,78.244713
2524.5154,16,78.248576
1143.3323,3,78.248665
609.4419,66,78.272022
1713.9089,22,78.288754
382.9492,7,78.288825
1093.5964,6,78.295028
197.98448,43,78.295092
4289.743,23,78.308804
2212.7244,11,78.318403
1556.2568,14,78.318501
370.88458,2,78.331982
633.8717,10,78.353839
1340.5935,26,78.361639
11374.902,47,78.364429
1284.4674,6,78.371816
4729.5034,26,78.384701
11832.241,46,78.384774
527.70605,2,78.396126
694.16455,2,78.406087
1897.4526,18,78.416314
12515.303,54,78.428349
12701.147,64,78.449069
8313.839,82,78.453005
337.2605,2,78.456053
855.2845,6,78.476948
5510.702,32,78.48027
1000.64905,46,78.480327
2215.6282,31,78.495008
336.13525,2,78.495075
296.14618,10,78.495099
293.81958,6,78.495108
2897.0698,17,78.517185
361.98862,3,78.520283
242.96524,4,78.523669
6234.5347,31,78.52372
1692.7905,43,78.529433
9789.431,43,78.540164
477.30026,4,78.558526
28.984253,2,78.581308
2848.3816,13,78.586966
5995.1533,47,78.587025
140.55411,3,78.618706
3950.4465,50,78.618783
14011.337,70,78.624238
7230.6226,50,78.627355
10523.034,34,78.627398
1415.8738,15,78.630116
3357.3464,22,78.645883
2191.6614,11,78.645942
160.73349,2,78.645957
8512.488,43,78.65752
5923.7705,33,78.671621
-16.727753,46,78.671675
1348.6565,18,78.67169
993.35785,5,78.677248
2582.3005,27,78.681581
2531.529,12,78.681646
10860.268,39,78.681662
291.3459,3,78.681669
1403.4443,13,78.685822
901.2391,10,78.685892
-28.828705,5,78.69904
480.89877,4,78.713333
789.2267,10,78.713397
1234.9546,6,78.726919
2735.7239,10,78.726997
1032.8751,6,78.748045
9058.197,34,78.748102
161.3645,5,78.748118
1549.2004,32,78.748124
3182.3535,14,78.751584
10427.551,35,78.760899
856.06525,11,78.760956
1817.5863,7,78.760971
1258.1262,4,78.760978
2943.63,21,78.773157
1332.3942,9,78.788661
343.01874,3,78.788717
7342.0894,37,78.797435
2056.4365,10,78.797554
718.08386,4,78.800849
5962.383,35,78.806402
1088.6124,16,78.806462
183.82669,2,78.830894
242.03407,3,78.840596
1617.9298,6,78.840651
3405.0635,16,78.843946
226.02509,2,78.84402
9874.822,78,78.870069
8436.984,65,78.873078
1952.3589,29,78.879715
1114.834,12,78.879778
4059.7712,30,78.88424
980.52234,10,78.901079
3253.3726,16,78.903996
1025.2891,7,78.910308
347.23102,25,78.910363
6885.8193,40,78.913717
10988.391,91,78.932224
7979.0933,38,78.932297
76.34892,3,78.945923
2436.4204,26,78.945982
1050.7175,6,78.945997
6621.1724,34,78.956762
6670.6636,31,78.966457
-6.4205627,5,78.99525
13806.156,54,78.995313
517.13086,2,78.995329
1286.6766,5,78.998719
641.5826,7,79.002273
1607.1176,7,79.005396
351.7388,7,79.020431
384.8995,4,79.037874
4693.2935,27,79.037949
8970.113,41,79.042126
2995.7788,84,79.042205
900.5259,3,79.064041
7832.298,42,79.064119
-114.722595,3,79.074479
4810.331,27,79.078249
3712.793,31,79.081692
4451.332,53,79.091898
201.67041,4,79.091969
199.0737,3,79.105694
2432.315,15,79.105755
3427.76,16,79.120594
1205.8915,5,79.120676
660.29974,11,79.148197
914.83685,17,79.148265
1640.6632,21,79.148279
1988.8569,28,79.156963
372.3361,3,79.157023
2350.1357,11,79.1601
1439.6023,43,79.171064
186.42142,3,79.193527
2946.3882,12,79.207724
201.15215,2,79.207796
-240.56726,50,79.210868
6592.875,123,79.214972
205.73877,15,79.215035
582.6384,2,79.215052
4733.992,15,79.215059
400.8767,2,79.215064
-36.689697,2,79.220857
358.55798,3,79.220902
1276.7887,8,79.223612
11593.366,71,79.226254
1637.2439,19,79.229022
870.33496,6,79.246172
11736.986,50,79.25025
11971.338,49,79.261374
8955.181,30,79.29211
5998.2363,41,79.292179
1301.8354,36,79.29649
453.92786,6,79.296573
11040.455,58,79.296591
1255.8496,10,79.304749
6649.9,25,79.319006
690.36975,5,79.34109
5953.4844,48,79.341151
1334.5193,11,79.344545
933.73004,7,79.344594
1296.6526,9,79.344607
4311.7017,72,79.358487
13573.486,38,79.35855
286.4643,3,79.358566
422.17572,3,79.376089
3122.0652,21,79.393057
1864.9376,8,79.393114
-79.19977,6,79.398712
1096.1584,4,79.398762
919.45386,13,79.402114
787.19196,5,79.402155
475.7995,3,79.402166
999.5472,9,79.4052
1247.184,52,79.408448
315.63483,6,79.41223
1913.8044,39,79.412289
2165.2825,68,79.412305
441.0198,3,79.43065
2454.2214,37,79.430714
7804.145,35,79.441444
1214.692,6,79.441549
1054.4067,4,79.455964
694.4596,7,79.456015
1583.7974,20,79.456028
1958.7506,10,79.471508
1523.9437,6,79.474561
11297.933,39,79.47991
8660.622,40,79.485644
9366.074,40,79.485706
580.72986,8,79.485721
1531.3423,9,79.485729
423.63513,4,79.485735
1298.7184,14,79.488644
137.20996,2,79.497625
4401.9565,30,79.513014
1794.9714,22,79.516941
704.49084,2,79.517016
12501.568,41,79.520128
8304.881,44,79.523964
2250.5383,12,79.524012
824.9827,12,79.524026
990.72046,8,79.52706
550.7721,19,79.529876
506.45746,3,79.54275
3751.7202,20,79.556884
1924.626,12,79.556964
633.59247,4,79.564699
1136.1498,6,79.577372
4773.063,17,79.577456
2313.5498,14,79.596376
3858.938,32,79.596534
2475.308,11,79.596575
565.27454,2,79.61436
-12.505127,5,79.624592
1450.6602,14,79.641218
1136.1699,11,79.641289
5177.514,43,79.641305
810.59546,6,79.644232
537.5241,10,79.661121
968.2771,7,79.681466
779.52673,4,79.687711
5767.3774,37,79.690794
2522.7717,10,79.704284
1588.6156,9,79.704353
86.97958,3,79.713815
6504.082,50,79.721992
2020.7974,24,79.722052
4134.174,30,79.722069
3741.501,19,79.743362
583.44727,4,79.743419
5452.069,33,79.743434
6217.9473,74,79.746432
3394.258,20,79.754894
319.644,2,79.754945
1284.091,12,79.757805
4759.052,32,79.761441
3514.831,37,79.761502
403.0061,8,79.773375
2110.6646,9,79.781823
10.355408,4,79.781897
1817.1057,23,79.797688
6827.189,54,79.797766
3138.0227,36,79.807981
899.49695,8,79.808048
2398.7883,49,79.811764
407.68848,28,79.811824
787.2186,8,79.81184
1453.4536,41,79.814863
581.7536,8,79.81492
-260.22128,2,79.827315
2532.158,14,79.830464
804.9749,9,79.83431
1548.578,21,79.83763
308.69888,3,79.837677
5161.9756,22,79.837689
2200.6582,13,79.841056
166.26236,14,79.844936
34.66754,2,79.856415
846.5633,4,79.880031
1084.1407,10,79.880098
295.97858,4,79.880115
1197.8965,13,79.893702
615.7319,3,79.897214
340.00412,3,79.897265
3580.8162,20,79.921642
248.88322,3,79.940336
1022.9452,28,79.945604
8772.067,47,79.951761
2408.6218,36,79.955172
-46.681274,3,79.95522
3137.3264,12,79.965191
5104.0376,25,79.982166
1801.4294,19,79.982224
531.19745,11,79.982247
7114.3496,28,79.990556
1130.868,13,80.031471
8674.93,82,80.04394
4633.913,21,80.060244
1957.7244,31,80.060307
892.87396,8,80.063769
4558.089,34,80.075145
1284.2522,58,80.080637
1622.839,10,80.080707
154.6399,3,80.092214
992.64056,7,80.105237
398.84354,5,80.105302
1041.2913,31,80.1126
319.5716,3,80.112928
5910.208,64,80.112967
4153.6846,31,80.118428
5131.9365,37,80.118525
771.9595,10,80.140836
1019.87695,4,80.140892
3093.7288,17,80.157319
1786.1421,8,80.17187
7582.569,34,80.171938
83.73895,4,80.176069
-94.96266,2,80.187195
699.411,5,80.198555
1190.1942,14,80.213088
1264.9906,10,80.213397
9945.254,46,80.223546
453.8282,11,80.227
2196.434,13,80.23138
60.24625,2,80.231446
1149.095,6,80.231462
303.29865,2,80.256523
2334.2869,30,80.256592
774.3237,8,80.262207
1187.3181,6,80.278767
1505.7761,9,80.278829
4172.055,36,80.290841
5375.42,44,80.290921
-61.156235,2,80.29094
8503.885,33,80.290951
12916.655,59,80.297781
3724.5127,23,80.30742
301.59448,25,80.307506
460.3623,3,80.307521
3232.609,44,80.326355
2348.4988,13,80.32641
1429.7562,7,80.326425
5419.519,48,80.326433
780.2842,5,80.329691
1010.67834,23,80.329728
1421.2671,5,80.329739
2440.1892,79,80.332456
300.87592,3,80.344339
1690.918,21,80.344396
490.64337,3,80.344411
934.30664,12,80.344418
8260.742,35,80.347281
245.88647,3,80.373164
8027.6914,42,80.378887
989.8668,5,80.378936
2751.8196,16,80.381643
1144.0552,16,80.396617
2115.9333,10,80.396681
8893.273,41,80.40011
431.81998,5,80.400172
978.9155,7,80.40853
4832.5845,29,80.408583
4676.702,16,80.408596
4994.7715,24,80.41135
548.1318,2,80.424467
1692.2583,6,80.446241
970.86127,30,80.446315
319.644,2,80.453111
1002.9206,14,80.469535
69.73065,4,80.473825
4729.2065,23,80.473891
2649.9502,24,80.490886
1044.9026,3,80.490953
2820.911,22,80.490968
917.7005,5,80.490975
100.20543,3,80.494639
78.56029,3,80.494685
1369.3798,12,80.508195
6999.226,28,80.515929
6164.419,17,80.516
1010.2689,6,80.541518
6705.875,74,80.544567
1694.2406,8,80.547288
7079.074,39,80.551758
3249.2412,32,80.557133
1936.089,8,80.55981
910.9351,9,80.617206
12625.066,70,80.639321
11959.067,42,80.639382
9076.785,61,80.639402
3346.6326,27,80.647812
4239.0244,21,80.647885
860.0976,18,80.647906
9212.935,61,80.647915
970.48206,9,80.647922
2286.58,11,80.659525
512.71466,2,80.659599
4554.0024,34,80.676183
460.17194,5,80.687783
13084.716,45,80.687864
1137.5884,7,80.691817
5522.489,73,80.7048
1157.5518,41,80.712595
1654.2496,7,80.712678
162.0152,3,80.712696
1607.6783,8,80.723444
398.42468,3,80.723517
-245.9961,3,80.746053
1.5413666,2,80.746107
6406.6904,25,80.746122
753.89813,4,80.746128
13043.787,58,80.751781
1760.2102,13,80.751844
382.15356,3,80.754575
187.2061,3,80.775861
5992.5254,45,80.775929
875.4923,5,80.775945
1328.3652,20,80.827049
614.1724,4,80.827099
1205.8743,10,80.83033
2723.211,16,80.850141
1919.3119,48,80.857711
2180.8745,8,80.857764
3463.2866,13,80.860446
6369.537,30,80.87229
12849.118,47,80.872344
7316.7905,52,80.883455
3403.6174,33,80.892469
63.210114,3,80.892538
4560.5356,28,80.892554
4119.94,67,80.896141
323.62988,20,80.908679
687.4568,9,80.908747
500.03256,2,80.915733
496.97714,5,80.915802
321.0921,4,80.919436
2038.2628,21,80.930895
13397.725,50,80.942748
429.688,2,80.963771
4086.6633,19,80.981174
7724.3496,44,80.981241
317.77066,2,80.981258
86.33209,7,80.986706
3298.592,13,80.986779
132.583,3,80.990767
2250.47,16,81.079626
1174.9116,12,81.07971
7454.0986,37,81.114043
642.94464,5,81.114232
577.2029,2,81.131038
543.84314,4,81.131474
2279.8835,11,81.139296
165.82986,3,81.14291
1307.9192,15,81.156339
-81.01105,4,81.156389
-286.3717,4,81.166082
2447.9678,13,81.190779
10090.714,49,81.215509
878.53955,10,81.215584
6730.682,24,81.215601
466.52472,7,81.236033
9909.676,55,81.236096
279.40283,3,81.242748
622.856,7,81.242809
1506.6567,6,81.242826
1927.8724,78,81.245764
-165.35425,3,81.245802
-338.9129,4,81.248998
706.4829,2,81.249039
4949.8145,52,81.261749
146.08875,6,81.261813
89.81384,7,81.265291
799.69635,4,81.280404
4801.192,31,81.292161
1371.3008,22,81.292221
1982.7734,44,81.295187
792.1218,30,81.297927
1391.5754,8,81.314788
543.74164,5,81.336199
-151.72787,4,81.340055
443.56647,2,81.345806
12203.979,60,81.345853
478.7005,7,81.34587
11758.377,86,81.345877
2049.8042,13,81.355581
2330.1587,32,81.355668
1766.3964,12,81.355689
5976.481,43,81.371022
332.6629,3,81.371097
5948.9707,41,81.374599
2119.3018,12,81.374657
7437.1836,19,81.377863
286.05896,4,81.38094
3324.5872,18,81.385059
356.125,6,81.40296
5273.338,34,81.40303
5032.9937,27,81.406136
936.07166,5,81.409294
2065.665,24,81.439394
2126.1313,15,81.439453
1102.9003,17,81.457022
1365.7588,17,81.472101
458.30414,47,81.475865
8798.1045,53,81.475934
227.9233,2,81.478975
2208.7712,37,81.497346
3179.509,19,81.497406
10505.082,39,81.497422
4227.1577,30,81.497431
4626.399,28,81.497437
3896.741,25,81.516168
328.37726,3,81.516211
12276.452,49,81.516222
1444.7365,8,81.524211
279.8177,31,81.524255
3288.0903,24,81.527084
2812.5513,13,81.527126
1927.6063,9,81.540379
-177.6753,2,81.540426
10387.628,35,81.543939
201.11267,4,81.543988
396.84296,8,81.547289
249.12291,2,81.54733
371.91116,2,81.547347
499.3791,2,81.55478
3976.8135,35,81.554845
747.03735,3,81.554863
1608.7284,17,81.572958
4730.3906,24,81.573038
1170.9136,10,81.582846
142.09753,4,81.582886
397.58093,34,81.58294
640.4973,5,81.588858
350.43073,21,81.588937
3221.0203,33,81.588956
1041.4906,6,81.594231
1878.5803,19,81.612974
11303.594,44,81.616022
10567.547,107,81.621399
659.6761,6,81.628429
1048.7511,12,81.628519
1587.238,10,81.63152
731.5488,10,81.648278
10284.882,47,81.661249
291.71136,6,81.664868
804.4735,8,81.671557
25.143494,4,81.671608
11906.52,69,81.674794
801.1634,8,81.692761
3231.959,17,81.696774
1941.6299,29,81.696821
2053.8506,21,81.706857
950.974,9,81.706914
2498.9456,56,81.726173
479.72665,6,81.729023
1684.7698,11,81.731942
605.51874,11,81.731988
481.4057,3,81.752639
1157.3909,8,81.756102
2438.506,16,81.756145
1382.3042,12,81.756157
2225.3445,44,81.758945
28.489544,2,81.762122
3862.61,37,81.762185
2508.9138,49,81.774216
9417.767,39,81.774304
7889.3696,37,81.783487
473.99,2,81.78356
-33.253876,4,81.787226
1527.5624,5,81.787276
-93.47406,3,81.790984
281.2591,2,81.791036
9941.371,63,81.793797
-50.61499,54,81.796975
666.90875,5,81.810249
9905.811,45,81.824202
1653.3063,9,81.82987
8694.462,43,81.839015
8041.805,39,81.839063
2442.0757,35,81.839073
12625.087,62,81.849808
2130.2659,11,81.866637
10325.99,35,81.866738
1698.2727,17,81.872866
1820.6545,13,81.872912
158.289,5,81.877028
1620.389,34,81.877074
-199.73077,6,81.887233
7307.1113,27,81.906498
1241.6293,5,81.911509
1364.5309,9,81.911578
412.41394,2,81.915193
3565.7622,55,81.926595
772.71063,23,81.941504
3077.4736,17,81.962668
513.12787,13,81.965948
761.9821,4,81.966002
697.2639,3,81.969687
1357.1995,22,81.969757
3146.079,25,81.97428
6316.1724,33,81.974335
136.3412,2,81.974351
2680.478,12,81.97436
371.94095,4,81.978707
1124.5038,9,81.978755
2980.082,38,81.978767
406.13245,2,81.978775
3697.122,29,81.986811
151.9013,5,82.003468
2023.5952,11,82.00353
11028.095,41,82.003545
328.56995,2,82.003551
990.9507,4,82.014194
298.50107,3,82.014264
635.9119,3,82.026643
1620.2917,28,82.026697
4381.8086,18,82.03031
516.2438,3,82.03042
997.55914,3,82.030456
7743.1987,47,82.030466
869.417,4,82.046347
5495.5947,28,82.054445
2477.25,26,82.059866
1862.1575,14,82.059936
1272.7788,16,82.069682
13953.238,59,82.079186
9712.646,49,82.097637
1052.5483,32,82.104305
625.9489,5,82.104362
1033.6162,4,82.104378
1301.3491,13,82.107478
244.42986,3,82.107533
1685.8708,8,82.12751
1461.049,45,82.127584
6496.599,23,82.136163
217.47185,3,82.136208
1145.0106,5,82.13622
-58.39743,22,82.139038
594.0553,7,82.143028
534.3154,2,82.143093
1723.3315,26,82.143111
1804.0643,24,82.147771
1256.9539,7,82.147835
1838.9904,11,82.147851
-72.19092,3,82.14786
2082.782,17,82.147867
754.21124,3,82.164913
427.74374,6,82.164958
-227.31525,31,82.173374
5610.686,30,82.173428
379.60678,2,82.173443
2742.0688,12,82.176668
903.9177,8,82.176733
-9.338226,2,82.191651
1907.8726,28,82.19608
3478.612,15,82.196149
513.7487,2,82.196163
3275.9463,16,82.196169
1306.9172,29,82.201534
-440.98303,2,82.215763
2414.076,10,82.215823
541.42725,3,82.226519
222.01352,3,82.226586
2091.6116,41,82.246053
1285.5105,16,82.250233
1681.2764,10,82.250306
653.11096,5,82.250324
1712.2148,15,82.250333
1752.104,13,82.261194
13764.453,60,82.276896
1738.0048,14,82.2825
357.97238,5,82.286327
-51.11129,3,82.286379
3746.1611,21,82.289043
504.78,2,82.291762
387.55914,4,82.297072
3409.2126,24,82.297146
1965.551,16,82.3018
2581.233,15,82.301884
11519.025,45,82.301904
1996.208,27,82.306617
7487.7817,60,82.306697
375.97943,7,82.306715
3164.1748,12,82.313263
91.44125,4,82.324705
2047.4734,21,82.328315
537.4619,5,82.328379
-128.1492,2,82.331192
420.26266,5,82.33421
1672.1832,25,82.334254
7734.7866,45,82.337828
387.29727,2,82.341435
2494.9482,35,82.353548
1270.1085,8,82.353633
12590.96,57,82.371513
813.78314,30,82.384161
289.37827,3,82.396722
4536.273,32,82.413935
6803.0996,24,82.419194
7224.183,35,82.423146
-668.1358,18,82.423218
391.35284,2,82.426684
4259.7354,30,82.426735
4662.9043,45,82.434313
6661.5864,26,82.438673
871.92,5,82.458712
85.44029,4,82.461842
1601.3107,8,82.464988
8151.407,82,82.465039
13486.866,46,82.483712
5444.8867,31,82.487101
4901.6714,36,82.487155
1221.1796,5,82.490026
2280.193,34,82.493191
372.29507,2,82.493253
994.5809,7,82.493268
1319.6327,6,82.503002
6888.9614,30,82.503075
197.05669,3,82.50987
1474.4205,19,82.517947
-95.1839,55,82.518011
302.40228,3,82.518024
357.55917,4,82.527644
1290.427,42,82.527755
2902.7205,15,82.527781
472.00626,2,82.549425
118.43436,2,82.549513
373.29486,8,82.55778
13160.108,45,82.55784
5971.1094,55,82.557858
2255.6978,39,82.561415
5805.4126,42,82.566103
530.105,9,82.566189
5024.199,38,82.581188
1744.1204,16,82.581256
1693.4563,14,83.646606
816.8745,4,83.646661
-213.80807,2,83.657891
237.15991,12,83.664545
424.9172,5,83.664609
2100.8943,8,83.664627
28.930206,3,83.671747
12747.437,57,83.675623
924.4491,5,83.692482
6228.894,49,83.708895
1541.3171,10,83.708973
1154.4458,10,83.708992
981.0089,7,83.711967
2214.0134,24,83.712015
41.92856,2,83.714781
2217.7983,20,83.719729
1108.0554,9,83.722371
661.01013,4,83.74067
1592.0835,7,83.740737
452.54178,2,83.746186
13796.042,50,83.748768
2940.7678,20,83.75658
5446.952,48,83.759765
6111.8296,30,83.766828
13423.002,70,83.766909
8254.581,49,83.771596
666.9398,15,83.771664
6135.1953,30,83.780665
9452.589,35,83.780706
2724.307,12,83.795313
1888.1323,25,83.795388
1063.3516,4,83.799259
4118.7236,24,83.808552
1956.7172,23,83.819959
4558.6943,23,83.823592
96.95297,3,83.827158
887.3731,31,83.827203
2065.9768,7,83.832264
1944.916,8,83.837818
1481.386,19,83.84832
354.62372,7,83.848386
664.2948,10,83.848404
4198.1865,17,83.858938
9066.562,51,83.867119
1698.8234,9,83.886816
2152.572,24,83.889805
1053.9401,7,83.892948
7192.903,41,83.893014
10562.686,51,83.910259
834.49365,14,83.920656
4404.165,27,83.927227
326.22815,2,83.931213
12.689758,21,83.931269
11051.713,42,83.953484
12866.251,56,83.953547
500.99896,2,83.956454
317.46765,2,83.959171
6785.0957,33,83.962095
487.01205,2,83.965031
12844.178,70,83.980224
1150.7205,7,83.983669
11446.392,41,83.986997
21.42696,2,83.992289
2124.259,8,84.00525
5617.458,30,84.008972
10708.6,49,84.009025
296.6064,2,84.012366
5939.374,36,84.012404
802.82526,3,84.012416
481.05267,7,84.015268
481.89078,22,84.015304
300.89212,2,84.018134
163.67642,3,84.018179
307.46454,3,84.023973
262.74014,2,84.02402
6822.3535,46,84.027743
1404.9155,18,84.02782
526.45544,2,84.03999
3241.2925,87,84.047757
8907.164,28,84.05049
4253.355,27,84.053221
5909.1636,31,84.059742
8852.464,42,84.059819
10358.06,41,84.063083
407.13666,4,84.079059
11009.31,89,84.089022
469.38318,4,84.089082
13831.395,52,84.089098
3171.8196,18,84.089103
2403.4827,52,84.095162
1272.3578,11,84.095206
583.7771,2,84.09522
348.83206,2,84.095227
6024.5845,40,84.09774
12.562393,3,84.112004
91.34848,5,84.112092
10962.486,40,84.135734
13346.143,72,84.13581
888.1704,10,84.143788
11105.8,45,84.155108
1606.0071,13,84.162254
6337.5815,31,84.162309
630.8894,5,84.1657
367.32587,3,84.165765
581.02783,6,84.170284
5433.5176,44,84.173788
681.32416,3,84.176748
526.8783,33,84.176799
3686.8865,17,84.180318
-118.3107,3,84.191406
9465.79,37,84.195742
-60.05362,2,84.210783
7498.6294,40,84.213623
4115.7163,30,84.21884
7252.9053,23,84.227626
3157.6926,14,84.248334
3613.9375,27,84.248395
362.26462,2,84.251765
8395.683,36,84.254864
13646.999,50,84.261022
2709.7139,17,84.261065
12717.683,45,84.261081
1005.437,19,84.264574
-380.95126,58,84.264634
964.2659,5,84.291491
920.2926,6,84.291553
3085.0593,40,84.291575
568.1055,31,84.294452
-309.90503,3,84.30016
7466.526,53,84.327915
2314.3113,8,84.332178
6719.483,55,84.350513
1070.9998,7,84.35061
3187.785,19,84.363608
989.0875,5,84.363683
1734.7903,25,84.383406
7440.218,28,84.399521
2309.338,13,84.412815
1053.2079,3,84.412931
2157.9536,10,84.443486
4472.4937,31,84.443558
358.91003,7,84.446734
3951.1807,51,84.446802
1511.2623,9,84.449618
1089.8165,18,84.456657
295.27707,3,84.456696
1023.24084,5,84.46004
379.50427,10,84.469396
1198.3762,4,84.469522
-315.6454,2,84.476281
954.54553,6,84.493502
1094.2488,6,84.496605
1967.4814,28,84.500645
11498.698,41,84.500785
3042.8567,51,84.508152
6203.8774,71,84.508243
9991.635,39,84.512371
202.09299,2,84.512416
8493.658,44,84.512427
1018.60455,4,84.53895
10655.777,37,84.539021
-131.25668,3,84.539039
272.34006,3,84.542317
986.693,7,84.542361
291.66806,2,84.545064
491.31476,6,84.548064
2201.584,13,84.548104
1366.6338,13,84.553504
-399.18805,3,84.55357
6395.358,21,84.556786
5492.1953,28,84.564165
10139.314,42,84.56424
6867.153,39,84.587169
7336.548,48,84.664393
781.5261,11,84.664454
392.3891,6,84.66447
9563.891,42,84.664477
1852.5297,15,84.667714
867.3978,7,84.667771
312.0761,4,84.671331
5337.7,35,84.671391
362.93793,3,84.674348
184.82611,3,84.686748
279.7185,4,84.686807
5181.838,33,84.686823
1995.0153,8,84.686829
366.6119,2,84.690182
15867.829,39,84.690234
884.0028,7,84.70608
7476.5776,49,84.706134
657.9731,6,84.706149
1767.042,14,84.717311
5801.2305,37,84.71736
1546.6208,10,84.717371
820.47485,4,84.717377
6442.384,34,84.725647
307.77945,2,84.735801
228.89157,3,84.750289
3076.2427,13,84.756443
1239.7925,14,84.759876
2273.9817,19,84.759955
6717.113,27,84.759976
13053.003,53,84.770706
523.62286,3,84.774977
3782.825,30,84.787944
1522.6674,12,84.809643
140.11813,8,84.812849
487.96628,6,84.81942
3848.5146,16,84.827675
2036.4147,11,84.833434
470.23553,6,84.833567
6765.6787,40,84.838441
1941.3374,24,84.838539
739.0047,11,84.845308
373.5089,29,84.845368
509.69434,2,84.849756
392.57294,5,84.860075
35.592773,4,84.860151
498.2591,18,84.872597
1610.3887,6,84.881748
490.6338,4,84.881819
1670.5183,25,84.881832
378.9147,2,84.89171
4378.4956,35,84.8949
365.2547,5,84.91077
13371.735,51,84.910831
11344.916,43,84.913748
3740.293,28,84.931009
601.4071,7,84.931063
1915.6254,14,84.945753
9712.75,59,84.948809
953.2505,14,84.951976
2772.368,15,84.9661
260.5872,3,84.982719
3851.6638,15,84.986669
1346.8771,10,84.986755
12315.185,50,84.998409
5516.9116,59,85.009778
5772.479,56,85.032534
394.2217,5,85.037626
618.24365,3,85.040625
3298.557,13,85.043293
12508.692,47,85.046238
313.64636,2,85.046278
756.7108,54,85.062155
4419.764,31,85.065508
5630.6978,39,85.065565
1021.676,5,85.069347
535.4354,4,85.069397
2933.4014,16,85.072681
410.70868,5,85.072722
10159.691,61,85.082581
421.75964,3,85.086348
12471.982,71,85.089882
900.6688,12,85.092618
1048.1362,5,85.095777
339.8926,2,85.095835
2398.1294,29,85.098464
1159.2452,7,85.111917
194.72012,4,85.12925
3249.5286,48,85.145075
10492.841,39,85.145137
878.2791,8,85.145148
5438.4688,25,85.156101
668.6011,7,85.175935
411.3371,4,85.191977
753.052,5,85.195055
669.8397,4,85.197668
10408.107,43,85.204245
1772.5411,23,85.222726
1317.4485,15,85.222803
9576.967,40,85.222821
1709.5333,17,85.225669
1431.0707,13,85.228332
10567.43,40,85.230934
11340.577,49,85.238577
61.22357,3,85.248979
13743.129,59,85.249053
2305.6624,31,85.260392
-282.5315,2,85.260474
3766.2468,42,85.260497
1538.175,16,85.271508
10449.718,41,85.271577
1919.8245,9,85.28405
926.34515,10,85.294021
6374.7993,82,85.294113
-10.63208,5,85.309769
-64.74756,4,85.313891
7730.3994,53,85.313962
12229.45,43,85.313977
5851.211,37,85.313985
1618.7102,26,85.316791
875.9944,3,85.331457
173.92969,3,85.331548
1132.1063,9,85.339851
5118.2305,37,85.339921
1762.2273,17,85.343518
10570.816,37,85.357256
317.48688,2,85.357338
1972.5217,9,85.374904
374.57385,5,85.374973
1225.0198,10,85.379216
2030.1241,11,85.401862
1117.6277,5,85.401938
-202.9808,2,85.401963
1120.2836,9,85.416615
6077.248,50,85.424824
391.05188,2,85.424886
1019.13586,6,85.445459
4335.5293,22,85.456032
8396.648,37,85.477066
1764.5916,8,85.479678
10793.05,45,85.482411
2589.2463,24,85.485626
770.3198,10,85.485699
47.503662,4,85.514971
1745.8192,13,85.519207
1892.122,24,85.519277
383.4911,7,85.529151
2598.4927,12,85.529234
3535.8528,45,85.53277
2417.0632,49,85.540725
1479.0503,11,85.540778
293.88974,3,85.566455
2054.0505,24,85.566543
803.3504,3,85.566565
214.6059,8,85.570787
12596.608,46,85.573885
2065.2788,8,85.573935
5370.5605,40,85.576957
964.1387,8,85.577029
459.98834,4,85.580095
1912.4548,18,85.597213
1555.1903,8,85.600071
11982.506,47,85.604544
6806.232,24,85.610923
1463.7726,16,85.610977
7330.974,38,85.614139
6291.6963,30,85.614179
12619.7705,43,85.617076
2875.7446,12,85.617118
12079.298,49,85.622525
355.9877,12,85.622687
12042.327,51,85.640648
465.07388,3,85.640737
1995.1259,16,85.660126
13832.958,56,85.660214
395.3584,4,85.678895
1445.8625,5,85.68219
641.8911,8,85.682238
1062.4766,4,85.68225
1883.3081,13,85.68751
1604.8955,18,85.70145
10090.228,46,85.701547
606.2131,5,85.723228
2353.437,26,85.726353
245.4812,4,85.729705
2481.244,19,85.729749
4197.5815,19,85.729761
7757.5957,54,85.746681
718.75244,5,85.746744
2396.5095,27,85.746759
1024.6837,3,85.746766
7905.03,42,85.766529
5688.369,25,85.766608
1381.0768,7,85.784513
3472.057,20,85.787972
6773.3457,49,85.79142
1057.5117,9,85.791479
8594.071,35,85.791496
992.2625,7,85.797619
5634.796,45,85.797675
517.5586,16,85.800405
1158.2814,16,85.81043
3904.4744,14,85.824189
1224.0188,7,85.84283
600.1853,7,85.84289
925.7402,10,85.859394
8573.676,39,85.864281
42.32373,5,85.864333
5761.3433,88,85.86435
3238.3499,14,85.864359
4272.215,18,85.864368
845.8236,6,85.87157
58.651886,3,85.875311
1157.9861,6,85.893862
7607.7666,35,85.893937
13476.989,54,85.893954
1175.6963,6,85.901511
2770.6292,27,85.901602
652.5713,3,85.901626
10644.086,102,85.907302
13534.897,48,85.907345
287.41827,5,85.907355
12103.225,39,85.920009
-104.014984,3,85.925956
793.8388,15,85.92601
237.02515,4,85.930057
557.4287,7,85.942018
230.24753,4,85.952297
8149.7905,47,85.952368
1433.3533,16,85.959927
12557.443,39,85.959983
537.6801,7,85.973807
2796.7063,9,85.973869
253.46909,5,85.977081
3043.5186,20,85.983704
2923.2778,19,85.988945
13743.068,49,85.989029
953.74084,7,86.001695
545.05853,2,86.008819
1244.0417,5,86.008892
1426.4855,5,86.026344
224.12714,73,86.029755
315.5076,5,86.046226
1982.6152,21,86.068617
1505.4534,19,86.081752
2417.7012,15,86.084613
6138.7275,18,86.100368
2929.2192,19,86.100425
4029.8801,16,86.124001
1421.0273,14,86.124058
825.3749,7,86.127962
4728.3647,24,86.128021
12525.381,45,86.128037
2076.068,31,86.131678
2338.806,48,86.131733
385.59006,2,86.131749
3506.2903,22,86.152257
11110.375,42,86.152301
587.41,4,86.152309
579.0676,4,86.167592
10530.734,36,86.167641
1485.9567,15,86.177771
6166.9404,39,86.181563
2009.4863,7,86.181626
317.14554,2,86.181642
10423.919,42,86.203176
459.9074,4,86.203302
3493.165,16,86.209144
4449.8613,57,86.212132
7980.765,51,86.215502
9770.208,39,86.23004
5934.013,47,86.230126
496.1457,4,86.245534
2135.949,14,86.245598
930.6013,4,86.248453
-75.06116,3,86.251686
2819.5466,16,86.251733
488.80032,4,86.270237
907.1446,4,86.270296
1911.5636,24,86.273729
3739.2312,16,86.273778
6125.4263,53,86.279973
252.27408,3,86.280016
541.07214,6,86.280029
339.53156,6,86.283102
2419.767,40,86.283141
263.45255,3,86.299534
2033.979,18,86.302905
1452.7878,10,86.302935
528.35846,6,86.306383
9434.962,29,86.306425
548.02893,6,86.306439
1351.0095,20,86.30932
6.1371613,2,86.312492
3286.1008,23,86.312521
5772.9844,24,86.323169
756.49786,4,86.33727
612.92377,4,86.341339
1568.9812,12,86.345584
2198.4966,27,86.345631
10224.233,38,86.359759
1843.0588,32,86.37153
3505.8525,40,86.384304
603.0326,3,86.39434
5401.6875,27,86.418325
3439.055,22,86.430228
2003.7583,36,86.430306
237.29507,2,86.446645
3335.5754,17,86.451587
881.3733,11,86.462119
9734.93,95,86.472078
1376.93,7,86.49246
11493.198,39,86.501132
3145.0159,22,86.501186
1661.3766,11,86.507962
7377.112,26,86.511255
-13.1094055,2,86.52207
842.99744,6,86.522136
1485.5361,9,86.530081
1666.531,38,86.548669
5096.0977,31,86.548734
845.94806,4,86.551634
633.3959,3,86.551682
2153.3052,8,86.563006
688.75824,5,86.56306
693.5437,8,86.563076
-330.5371,3,86.57896
6020.8867,31,86.579004
13274.498,63,86.581971
230.97772,3,86.58201
566.90405,4,86.585272
10776.985,60,86.58531
161.35735,2,86.585321
607.62396,3,86.595323
3430.3406,21,86.611175
4341.6177,31,86.629098
6369.8516,30,86.632148
916.2518,6,86.635226
340.56097,2,86.644002
4461.4004,47,86.644053
822.9023,6,86.647768
3255.217,45,86.647828
1539.8088,7,86.647844
6200.988,42,86.651557
2960.488,15,86.665004
3173.5742,41,86.668371
1015.0099,3,86.668428
13739.166,43,86.678718
329.81082,2,86.684795
4003.394,24,86.700642
2190.4443,15,86.708698
10112.885,60,86.708755
11499.372,44,86.73066
1814.4971,8,86.730725
768.3589,3,86.730743
3926.9402,18,86.733529
544.945,3,86.75415
2658.1016,13,86.754213
629.8088,4,86.768953
1745.4899,20,86.794591
3143.172,14,86.798437
1570.6327,6,86.798498
1638.8322,18,86.811766
482.10013,11,86.824547
3111.8816,57,86.841271
-230.26273,3,86.845473
3353.5867,35,86.86114
413.72235,9,86.861196
514.41846,5,86.861211
12290.692,34,86.864609
1251.2535,15,86.864662
5288.7563,33,86.870041
1012.7558,4,86.875334
1381.7109,12,86.895549
1028.642,6,86.895618
1842.6061,17,86.902249
344.9568,2,86.902316
1252.2466,59,86.912487
864.9517,11,86.919844
3233.3599,30,86.93205
7355.268,62,86.951447
7059.102,27,86.966182
663.3771,7,86.966239
1001.4971,51,86.979999
857.8764,41,86.983134
1195.8585,9,86.986644
1022.37476,4,86.986697
2192.501,43,86.986711
10572.759,41,86.989566
321.48273,2,87.0033
4494.3086,27,87.003346
1746.6523,10,87.01522
3837.5527,17,87.015275
4994.126,27,87.044259
1772.6797,8,87.044313
1302.427,11,87.063047
1508.3529,7,87.063101
12752.387,53,87.06608
656.7567,5,87.078382
3160.9768,14,87.082525
4394.834,18,87.082576
9361.263,36,87.082589
-145.21762,2,87.101751
2289.4363,31,87.120862
12103.442,44,87.120933
7425.6313,26,87.123854
8350.171,65,87.126658
585.85144,6,87.129281
475.35126,7,87.132332
6170.295,57,87.136173
781.0177,4,87.149116
526.0243,3,87.149172
4320.8394,23,87.149187
-218.76822,2,87.159571
4531.296,36,87.159639
891.26306,8,87.159657
1050.7128,5,87.167179
2227.5247,23,87.179012
346.5303,3,87.182702
-61.593353,4,87.186719
11875.776,48,87.186786
1992.6193,46,87.197397
10919.933,33,87.211371
286.62405,2,87.21143
3031.2083,53,87.222964
13148.897,51,87.234311
1663.4374,8,87.24621
216.50523,2,87.246279
2011.1462,18,87.250614
2423.9805,14,87.257565
1468.665,8,87.257642
5746.8066,33,87.27169
590.694,2,87.291865
1746.8964,21,87.295121
374.41064,3,87.300134
1247.6195,10,87.330159
1877.3177,14,87.333058
10724.294,56,87.336526
7164.2666,36,87.33661
2315.5994,22,87.350706
74.92647,3,87.350868
1871.03,15,87.358078
562.0304,2,87.358153
4174.4224,40,87.375345
1627.4863,21,87.375422
731.23303,5,87.379926
733.5038,3,87.380001
493.1496,5,87.394223
8448.312,43,87.400952
-278.80716,7,87.401021
8940.437,52,87.405148
1259.8118,6,87.415488
1421.5242,18,87.421073
7252.9897,42,87.421168
1703.6033,7,87.421197
1755.084,8,87.437328
635.2816,6,87.441583
2091.4958,15,87.441655
7165.851,37,87.44168
2904.501,10,87.457959
2228.2134,29,87.462509
5831.4844,28,87.462578
1094.7246,6,87.462595
12894.686,49,87.462601
1021.8831,4,87.46555
2728.595,10,87.468454
733.8119,3,87.476713
1613.9739,7,87.480166
6071.241,38,87.494495
2437.9595,14,87.501451
2819.526,18,87.518072
13375.653,45,87.52246
2400.0125,39,87.529367
6263.8896,41,87.533386
12079.751,50,87.533446
2729.4058,14,87.533462
1793.3643,14,87.539216
-69.90405,3,87.539296
1038.0709,15,87.539317
8605.19,37,87.539322
3402.3372,13,87.554747
5784.7637,56,87.554827
5059.443,31,87.554846
3298.3044,71,87.554856
544.4407,2,87.57335
-98.92792,3,87.573452
2381.9521,11,87.647368
1064.6991,5,87.659169
5060.202,35,87.659239
1452.2764,13,87.669163
3641.595,25,87.679059
6335.9395,29,87.679119
2344.6453,12,87.684973
100.27545,4,87.685033
5814.447,31,87.697425
3160.2136,34,87.697501
10.042053,3,87.697516
2706.086,14,87.704024
395.61624,2,87.71478
192.06848,2,87.714851
162.23676,4,87.718608
238.04103,2,87.71868
1802.1915,13,87.718697
12964.492,41,87.727637
4737.0786,19,87.756863
1456.9352,21,87.763942
3137.301,38,87.764008
1336.6866,24,87.766886
1272.7399,4,87.781911
6234.544,35,87.781974
1577.7789,11,87.792099
-242.54727,2,87.795785
-144.17401,42,87.804764
8586.835,40,87.804849
1958.3602,29,87.804869
1036.4342,8,87.808743
2574.463,35,87.832142
3153.6655,21,87.845843
978.5713,7,87.853479
1690.5474,11,87.853543
2043.4602,9,87.866508
495.36115,11,87.871427
11276.679,40,87.871515
187.30313,2,87.871547
496.96732,2,87.883343
765.80005,4,87.883387
192.73282,2,87.883403
6316.327,35,87.897582
4898.454,23,87.918542
287.62384,30,87.918598
1765.3542,18,87.925009
10699.193,44,87.927863
2360.9314,32,87.930838
9651.802,35,87.941354
1880.3795,12,87.944431
3682.8857,23,87.94734
-306.45993,3,87.952325
2009.0837,9,87.957254
1336.2766,8,87.967235
1955.9268,40,87.967296
596.50006,6,87.967312
5457.2085,37,87.972233
3869.3975,22,87.97619
167.65018,3,87.992488
12422.855,47,87.992575
164.37329,13,87.992602
4057.0115,19,88.000124
7838.732,63,88.013728
244.22382,36,88.017698
910.6892,4,88.017775
1834.2722,23,88.022963
8661.427,32,88.026258
11575.748,56,88.030301
8099.182,28,88.030363
1150.31,4,88.039721
2300.6963,26,88.039819
1668.4473,9,88.039838
13967.206,68,88.050241
10314.857,61,88.054398
12853.718,57,88.05449
957.7127,6,88.063952
409.9227,3,88.067677
1032.2657,6,88.06777
1031.5328,16,88.092139
1019.82074,27,88.10175
253.65317,2,88.110859
116.66702,7,88.110933
3610.9763,22,88.114171
1647.6527,13,88.118126
1593.3184,12,88.118224
597.3697,3,88.139568
3737.4736,30,88.154797
8368.479,38,88.167502
258.02914,5,88.179893
12702.42,46,88.19215
-125.29523,4,88.192225
6994.0117,34,88.209098
5883.716,41,88.214327
3647.7986,18,88.21729
1588.1427,16,88.217332
8160.051,33,88.224524
2701.4995,10,88.236152
332.0493,6,88.236249
10191.427,37,88.23627
370.6671,4,88.24799
618.1693,4,88.248071
6582.4673,43,88.248099
2253.1924,10,88.261861
114.85855,2,88.261947
6808.7505,44,88.265025
8648.871,37,88.268392
4327.141,24,88.268597
4914.5425,29,88.274725
1060.4724,4,88.274799
896.80225,5,88.297417
373.89258,2,88.303748
1274.2233,9,88.306837
417.90195,7,88.3096
200.76779,2,88.319595
2594.6426,12,88.333399
2175.9695,33,88.333477
2367.8997,10,88.336752
9978.278,35,88.355479
8602.047,41,88.355586
1011.32104,12,88.355618
1063.2424,7,88.369043
7330.0845,50,88.36911
370.38333,5,88.382952
533.2754,4,88.409305
9540.863,61,88.415478
3530.7637,18,88.415529
5882.0054,49,88.418235
4336.532,25,88.429045
2119.7058,23,88.441
3027.3875,24,88.441092
13947.189,55,88.453233
12821.882,59,88.46564
5928.534,40,88.485863
2741.6353,14,88.511482
8164.2007,36,88.511561
2209.0002,9,88.514856
1912.8821,24,88.517851
853.72534,9,88.520638
507.44824,2,88.523445
3325.6353,21,88.526457
1210.3146,28,88.53593
922.08374,6,88.547818
1192.8994,9,88.564653
9080.667,57,88.564725
7437.5044,33,88.568234
9049.758,37,88.581695
477.5617,2,88.581768
5526.2188,51,88.586236
3075.951,13,88.594109
8010.6543,33,88.613439
5904.046,33,88.622527
7627.39,88,88.635111
7263.798,36,88.635188
1030.1769,6,88.635217
9721.925,28,88.641395
5873.795,32,88.652147
634.38696,11,88.660153
1554.3103,6,88.664753
490.31772,9,88.664831
698.199,5,88.678317
906.0309,5,88.687397
-38.842896,2,88.691807
10390.846,37,88.691894
1721.7195,18,88.691914
1096.012,4,88.702325
686.5482,4,88.702392
784.71643,10,88.715021
2160.748,21,88.729544
2084.7942,7,88.737121
13463.621,49,88.740187
13390.749,43,88.756701
6462.3994,44,88.756772
7613.5225,38,88.764669
771.99817,7,88.784311
10065.451,48,88.784381
1262.7971,13,88.795431
57.148113,2,88.80183
2173.4878,36,88.811608
1038.3022,4,88.831783
2310.4065,38,88.839597
1535.3069,10,88.842252
13678.538,80,88.845586
6285.6074,20,88.854469
1214.1847,3,88.877462
13939.665,46,88.887096
6496.2363,31,88.902737
5515.754,30,88.902817
932.54816,3,88.902847
1033.1979,5,88.90286
6845.4917,33,88.902869
2418.0417,28,88.915547
11265.091,49,88.931248
5795.445,32,88.940131
780.71515,3,88.944986
-283.68176,43,88.945064
13670.28,48,88.949903
118.832214,3,88.953584
497.30585,4,88.969037
6167.283,30,88.969137
3443.5085,14,88.986881
812.46704,5,88.992303
1121.7628,17,88.995207
5883.839,57,88.995247
1450.0635,42,89.00051
2161.8477,11,89.000558
677.4106,3,89.003186
10425.424,47,89.023897
2370.5586,14,89.033305
3730.3325,23,89.033369
5727.9897,37,89.03339
742.3894,7,89.051666
460.57956,3,89.051769
974.05945,4,89.051798
2095.0632,20,89.063546
1165.1334,4,89.063604
4375.8413,27,89.063621
486.54846,2,89.072923
5050.8843,44,89.072997
384.6661,2,89.073015
2330.8042,27,89.077257
13937.093,47,89.082833
1183.8601,3,89.095602
1142.3214,4,89.09567
4338.1226,39,89.095685
10547.113,35,89.099142
6715.868,42,89.099184
210.89731,2,89.102747
3019.977,42,89.102822
286.52072,4,89.102849
560.9586,2,89.114178
3429.4287,19,89.114228
2377.552,9,89.121091
4554.89,23,89.129394
713.81433,11,89.136136
6838.507,51,89.151691
1836.7903,17,89.160354
11604.111,60,89.160438
-185.49268,6,89.172904
947.10876,9,89.193249
5376.0073,26,89.19331
254.50703,3,89.19742
-56.037476,8,89.197489
623.8851,5,89.197506
2013.9589,15,89.217108
10394.675,48,89.219992
984.82806,7,89.231242
4155.171,31,89.231299
2516.9185,16,89.234979
1477.6388,24,89.263854
1178.5055,6,89.263916
1439.4313,15,89.283332
247.48198,2,89.291211
1611.4583,17,89.291275
3826.6582,35,89.291291
660.9781,15,89.297085
1534.9451,8,89.311
363.17154,3,89.311061
-7.622223,3,89.311082
5592.064,37,89.314451
1145.5232,55,89.318174
491.72815,3,89.327198
8164.055,29,89.327277
5611.358,35,89.339908
8722.874,33,89.344386
230.13983,42,89.344448
5030.7437,27,89.344462
11267.971,51,89.358197
2718.971,16,89.366266
3563.5493,33,89.369658
1399.2336,6,89.393488
1832.1831,9,89.393555
8842.056,33,89.397137
1802.2897,16,89.397193
1237.188,32,89.402045
-88.66968,4,89.405475
10394.12,48,89.409296
1987.8127,13,89.415707
12231.849,94,89.431961
3094.145,57,89.437267
395.18298,4,89.461768
10586.637,37,89.461826
13683.924,48,89.4649
1693.8374,21,89.464953
2697.4668,25,89.470646
-521.605,20,89.470699
2576.8167,25,89.473949
4607.904,18,89.473998
12172.051,57,89.474011
508.8208,3,89.486394
657.23615,4,89.486462
938.9546,4,89.489748
4630.4443,27,89.497858
2532.4783,11,89.518043
12991.957,39,89.524964
8835.071,32,89.52851
1854.5825,10,89.528581
419.20178,2,89.544385
5380.4937,28,89.544471
4187.1367,15,89.547719
2009.5316,23,89.551556
3279.664,19,89.5516
343.74927,19,89.551611
13883.475,57,89.565988
5402.578,29,89.566042
11763.909,45,89.58476
300.3942,3,89.588407
1922.4568,30,89.588468
12.0289,3,89.603138
1009.738,14,89.618997
2409.4312,9,89.619097
10724.98,33,89.619121
4064.5603,21,89.62925
1444.6168,7,89.632617
5906.42,41,89.645993
11680.777,56,89.664089
832.9869,7,89.673941
870.5864,18,89.685668
5262.015,55,89.700838
3536.099,45,89.704139
4184.7173,32,89.704185
9570.557,51,89.707121
4704.2935,22,89.718188
1932.3638,7,89.732409
665.0363,10,89.746871
932.3482,4,89.746922
3143.1616,27,89.746932
3924.6074,20,89.764354
1658.2478,29,89.767988
8097.2397,31,89.78469
9012.14,34,89.784761
5014.7476,52,89.792454
1964.8132,17,89.796795
2316.1377,43,89.805327
715.2289,3,89.80902
403.8559,3,89.819623
7464.2188,31,89.846862
1041.206,8,89.846917
12136.85,41,89.846932
2242.674,11,89.846939
1906.1676,9,89.846945
992.79,6,89.852222
5732.681,61,89.852269
623.12427,3,89.855754
182.55644,2,89.859543
2231.273,24,89.859578
394.73743,3,89.873111
3068.8184,13,89.873193
5271.128,47,89.873213
4434.9795,33,89.87629
1366.1001,40,89.881689
-242.6432,2,89.881762
-366.87158,4,89.895062
3647.7095,21,89.907108
189.32895,7,89.921254
2303.249,23,89.921315
4622.0137,42,89.933796
9499.357,52,89.934073
1155.5785,42,89.947956
238.04965,2,89.948032
1617.2289,9,89.968893
747.77563,3,89.968955
29.749603,3,89.974699
1472.8235,5,89.974754
2844.454,11,89.985201
4307.375,23,89.988363
7159.6987,45,89.998044
3720.5789,41,90.002083
8419.443,32,90.002162
3021.5466,36,90.008471
300.46017,2,90.012105
1870.2656,17,90.01217
1128.1606,7,90.012192
2049.2146,22,90.015816
731.81177,5,90.028286
1550.4773,10,90.028382
1874.242,27,90.035746
835.8085,6,90.070175
548.76587,5,90.070234
1471.3805,13,90.09125
775.5448,8,90.091303
1292.5834,11,90.096644
2904.806,21,90.096693
7321.855,38,90.099813
2826.2705,15,90.09986
8361.521,35,90.103577
2028.4645,29,90.120146
1131.9258,7,90.120241
717.9935,73,90.120273
5620.286,37,90.141078
9378.445,38,90.141136
12173.143,48,90.141152
1243.9464,4,90.148599
2007.7844,30,90.151512
508.41138,2,90.154149
868.0729,6,90.158925
955.58856,6,90.158973
2284.9878,25,90.158986
8788.49,36,90.171165
2842.684,20,90.183967
2213.1455,41,90.184044
1378.1396,9,90.184062
6437.5986,29,90.208015
3232.3552,17,90.213712
1847.7593,7,90.216891
4571.6616,37,90.216935
1341.372,9,90.21972
13682.655,58,90.223697
3064.734,12,90.226445
2213.3135,10,90.229408
1351.6738,23,90.246408
718.8581,3,90.246793
2285.568,10,90.281057
1763.0184,17,90.296657
10870.309,50,90.315022
1191.4457,9,90.31507
2378.5044,15,90.318408
2053.7202,12,90.318458
1714.9967,34,90.318474
9656.875,72,90.321576
10849.822,43,90.327028
1029.6826,7,90.330074
402.39868,5,90.330113
423.43304,2,90.347281
9941.063,43,90.351378
470.1495,3,90.351442
239.41254,5,90.354522
509.68115,2,90.35771
12583.8545,43,90.377145
871.20734,6,90.381897
854.07764,4,90.39457
3802.6907,28,90.40763
771.4348,4,90.417014
2634.621,62,90.417099
2951.2866,14,90.41712
1151.8245,8,90.433841
223.56812,3,90.433933
529.47974,3,90.449757
4451.0547,38,90.459302
487.15564,3,90.459388
755.7417,3,90.463784
5641.151,30,90.546783
6625.088,41,90.56187
4417.004,54,90.5674
7827.1343,49,90.574413
10361.688,47,90.574466
1968.71,15,90.583332
364.84668,10,90.5834
13917.29,64,90.583417
4901.9707,32,90.597659
792.61816,7,90.6014
1151.0883,9,90.601458
2828.1995,16,90.605623
3404.3555,33,90.605707
13051.903,49,90.605724
1635.0533,16,90.618606
668.86926,4,90.641436
823.19055,8,90.644641
941.7519,8,90.661815
9375.702,44,90.661883
2753.6582,24,90.665256
9046.172,41,90.668149
2192.0479,54,90.673038
1820.3643,16,90.680937
5235.9688,40,90.692196
11979.913,48,90.69611
466.2032,16,90.696154
1020.62555,15,90.696166
618.3478,8,90.69918
1941.4119,23,90.703703
83.88632,2,90.70375
615.4928,11,90.70376
747.2637,34,90.738754
354.1806,3,90.742116
1334.1031,10,90.742159
600.2412,5,90.747605
580.7879,2,90.747653
1169.7937,8,90.750968
113.95178,41,90.751039
2544.9333,19,90.751057
465.3546,4,90.758729
455.23862,2,90.758772
12377.623,86,90.769157
943.1152,12,90.783956
1656.9812,14,90.788722
535.28406,4,90.788782
3079.3733,25,90.796927
1347.0367,7,90.797015
12664.332,86,90.800608
-117.171295,3,90.812918
6030.495,33,90.812984
651.3745,3,90.813012
13634.392,54,90.829142
1210.004,15,90.832339
1102.8416,13,90.83551
11226.451,37,90.843016
611.6434,13,90.843071
8307.53,40,90.843087
320.4745,2,90.843095
2562.164,13,90.843101
818.8999,7,90.845927
535.5541,2,90.857582
6132.611,34,90.882591
462.93414,4,90.882653
635.3015,6,90.887737
1862.7502,20,90.887794
4060.3381,51,90.909683
498.18365,9,90.912769
574.4999,2,90.917854
3304.5967,21,90.939742
784.44775,5,90.954192
-149.32416,2,90.954271
12135.784,45,90.971649
12080.921,52,90.994672
796.94763,10,90.99474
858.74976,4,91.01002
1785.064,21,91.010095
619.9204,38,91.014369
4437.7026,17,91.014432
11031.599,43,91.031778
373.5201,2,91.031836
755.0764,4,91.03507
599.4141,3,91.049591
3965.8027,26,91.049636
1484.956,27,91.054706
4800.37,29,91.05476
292.15,3,91.054773
499.28644,4,91.064894
1965.0554,23,91.082108
3949.656,25,91.082178
1160.2349,3,91.082193
545.17615,7,91.082199
-12.388245,4,91.082205
9698.383,49,91.097415
11172.851,40,91.097495
721.43506,15,91.113194
1220.4918,5,91.113277
7812.834,79,91.125237
303.55124,3,91.125302
579.9076,5,91.147746
480.26416,9,91.153447
197.82213,2,91.153496
177.5492,10,91.18646
1021.3954,14,91.19637
3458.3882,32,91.196405
686.911,3,91.225083
2098.4736,18,91.22517
6061.4297,43,91.225183
772.7556,3,91.239273
2433.7056,12,91.247301
180.18773,2,91.247359
2040.3175,24,91.247372
211.6182,3,91.251453
6001.6,49,91.255538
2313.1157,18,91.283362
224.11034,4,91.283425
3229.9026,39,91.283448
5693.8677,31,91.283458
3171.8533,16,91.295344
5451.3354,35,91.295402
109.49939,12,91.295418
6334.874,52,91.299166
975.861,4,91.29922
1596.0574,5,91.302887
436.7251,25,91.31934
-48.518585,3,91.319399
628.81836,5,91.322441
182.30438,18,91.351428
1882.0115,9,91.351468
3340.4656,41,91.355047
2133.9126,16,91.355114
6919.291,33,91.378881
4698.2705,57,91.378955
2584.1792,12,91.378971
6261.547,36,91.378979
677.27576,2,91.385811
443.33905,18,91.385873
409.80597,2,91.385904
428.15314,7,91.391607
488.1648,2,91.391662
7974.548,35,91.408234
7365.679,42,91.412673
2191.3335,11,91.41276
11522.6045,43,91.41278
2793.3184,15,91.412789
7526.0083,43,91.416421
1208.9778,9,91.420039
5079.411,30,91.420103
2393.0378,23,91.430176
1282.6597,15,91.441153
696.2479,4,91.441242
799.7458,3,91.441257
2627.712,10,91.455692
1068.675,5,91.455774
5545.308,25,91.473278
4033.8025,25,91.47334
1770.3737,9,91.473355
380.9728,2,91.47336
2884.8167,14,91.473364
10890.217,42,91.481362
5902.97,41,91.484109
4147.4487,18,91.4961
588.9844,3,91.510213
1285.1068,8,91.514128
1673.5276,9,91.522521
416.63586,11,91.531747
422.20142,2,91.531813
640.7819,4,91.531832
3366.9792,20,91.53184
405.5887,4,91.535211
10434.796,69,91.540151
6181.8306,29,91.540317
35.229248,2,91.540329
495.0938,3,91.56021
843.2737,5,91.560279
12610.843,54,91.566997
4509.476,21,91.567064
8886.79,37,91.567096
3282.28,35,91.583349
2227.8662,22,91.610618
1308.6481,12,91.610693
4216.3594,20,91.613894
600.03424,2,91.619098
916.95087,17,91.630768
343.32263,16,91.630877
8246.398,62,91.641032
1942.4359,34,91.641103
3150.9768,15,91.644737
10271.338,38,91.650841
555.572,4,91.650897
204.444,2,91.650912
379.82214,2,91.657558
577.0774,2,91.657634
1253.7804,9,91.657652
8087.006,35,91.664016
1800.6749,7,91.6764
126.26248,4,91.676466
1851.9258,9,91.679739
517.6237,6,91.683774
5570.575,29,91.683859
205.07245,29,91.683877
-8.304363,3,91.69609
4300.6416,24,91.696154
12032.305,46,91.71263
2281.5957,28,91.722434
5070.864,28,91.722506
4830.355,57,91.734817
11841.205,51,91.734889
5562.509,31,91.734906
1405.7086,10,91.750612
432.08633,3,91.750671
1193.064,8,91.750687
7148.572,75,91.750695
1992.7667,11,91.758921
13029.197,61,91.76203
1689.8525,27,91.762071
5602.226,32,91.765267
1841.863,21,91.765639
614.3263,8,91.765672
188.9332,2,91.768829
424.37354,2,91.777885
160.3313,5,91.790926
1352.3225,8,91.790984
972.94116,6,91.801943
8799.158,67,91.802025
1916.756,9,91.827066
2028.7427,23,91.829856
373.1683,2,91.832737
2325.348,42,91.872361
2989.9988,25,91.887446
2311.0776,7,91.887512
4455.9824,25,91.898005
1245.5308,5,91.929016
5919.8984,37,91.941189
1448.9414,24,91.941259
4864.3438,36,91.941273
4185.6445,31,91.954022
1227.1235,6,91.954102
-216.14941,2,91.970762
729.9237,3,91.970837
9966.071,50,91.993989
8274.069,55,91.994052
5634.663,84,91.994071
1812.0981,11,91.994081
11997.719,41,91.997421
6313.712,38,92.000896
-60.961975,10,92.004279
8482.569,31,92.004306
408.114,3,92.004314
2722.8188,13,92.009247
61.41884,3,92.012649
666.925,51,92.012705
2168.8992,26,92.01272
5813.432,37,92.030216
2130.2476,8,92.030271
3631.999,14,92.034936
5222.535,38,92.057024
531.1494,48,92.057094
6334.684,20,92.064597
2140.0186,17,92.064665
927.18353,8,92.064683
1500.3541,14,92.068099
1988.6602,8,92.068133
12744.509,48,92.088686
1010.8274,4,92.091698
464.22397,9,92.095029
1345.3433,25,92.095078
5603.2954,46,92.097963
9130.145,57,92.098009
7086.716,33,92.109484
816.29865,3,92.112666
393.71637,2,92.117791
11235.025,54,92.120544
1096.8837,6,92.136704
898.8678,11,92.145168
6308.436,23,92.148048
5304.298,27,92.150696
1111.2867,6,92.153311
3188.4094,18,92.156427
6088.6704,32,92.1565
4300.8926,21,92.169206
2226.0718,14,92.172978
1713.0375,8,92.176956
2060.4717,36,92.181428
3757.012,23,92.181494
4393.7983,13,92.18454
989.42346,10,92.188212
270.5556,3,92.188272
511.5616,2,92.188282
623.8118,8,92.212537
8386.874,32,92.212606
3900.23,24,92.21578
460.342,3,92.229585
214.16718,3,92.232553
-174.35498,3,92.238138
2141.4148,9,92.238178
3797.3242,14,92.241752
104.23833,2,92.244529
122.57648,5,92.254851
13548.152,48,92.258758
6226.6245,39,92.267722
316.60638,3,92.267769
5297.609,34,92.281353
722.1401,22,92.285628
524.6206,2,92.285679
7770.7427,41,92.285693
9437.28,49,92.295689
4147.9824,26,92.310823
316.05054,3,92.315609
221.177,3,92.315661
415.7389,5,92.330373
2594.7632,107,92.330443
355.7071,8,92.33046
13145.9,50,92.345332
605.51935,3,92.34542
1221.6837,9,92.348592
8984.539,50,92.362248
154.46172,4,92.362309
7367.9624,33,92.379104
506.90118,7,92.379141
-148.90118,35,92.379149
744.94446,4,92.379153
13664.688,45,92.394967
6301.0044,33,92.395039
371.23904,4,92.425097
1356.55,9,92.425183
4483.492,34,92.441884
660.2302,7,92.461027
1092.0067,10,92.469085
1333.0358,11,92.472198
235.34428,3,92.486161
1988.1755,18,92.503996
8277.681,40,92.518713
497.95343,6,92.518789
1431.843,14,92.529693
626.8516,3,92.549375
993.7015,5,92.549445
11227.247,80,92.552534
7100.661,36,92.55647
12625.051,46,92.556529
2944.9805,24,92.556546
11581.583,42,92.556552
1858.9353,19,92.556558
4134.899,18,92.565581
4429.9697,21,92.565636
-68.78348,4,92.568464
6799.5312,23,92.568496
1604.3651,7,92.581537
7378.429,50,92.581921
1806.1044,41,92.585051
1264.8491,7,92.5887
1195.3081,7,92.588773
11659.405,36,92.609881
447.4845,3,92.60995
466.15,2,92.626348
-348.0824,2,92.626411
6368.6904,37,92.629755
2018.1624,42,92.629809
6267.084,22,92.633265
1094.212,7,92.633303
502.40817,8,92.644501
155.38052,4,92.644596
324.22046,2,92.644615
1939.8904,24,92.656386
613.885,12,92.65644
564.0367,3,92.668457
2552.9995,12,92.685297
1548.833,9,92.711014
4374.017,37,92.713593
2074.9858,29,92.716476
3824.7188,16,92.71918
2463.402,53,92.731447
1917.9044,22,92.734493
4131.1475,18,92.737437
707.5298,5,92.747896
131.8761,9,92.763155
940.0128,8,92.766171
1839.9652,8,92.77357
13753.183,68,92.788846
3822.8442,20,92.788888
5190.958,27,92.811179
11187.53,40,92.814402
579.4746,2,92.817175
1281.6284,7,92.822079
2999.637,11,92.831502
2294.2114,36,92.831574
13160.641,49,92.845682
27.16806,3,92.845763
9991.76,54,92.845798
1281.2938,6,92.848913
3829.9822,26,92.848955
9623.504,53,92.851923
250.77383,4,92.851972
6156.8413,53,92.855507
13747.474,48,92.855552
1619.5181,22,92.855564
13764.839,53,92.86479
377.29065,22,92.864868
751.4695,4,92.864887
11943.885,42,92.864895
1553.6124,7,92.88275
893.3037,52,92.895905
87.29065,4,92.907148
868.71643,7,92.907249
13430.536,45,92.934751
905.5991,9,92.934829
638.54553,8,92.945829
1175.8683,4,92.964717
4487.041,47,92.964825
3075.1592,13,92.976245
13407.732,81,92.976308
250.2598,2,92.976323
3115.9395,17,93.003898
503.2186,5,93.00655
214.95943,2,93.021178
3765.8801,23,93.031635
1077.5593,21,93.034472
1067.7806,24,93.037649
234.70143,3,93.050952
881.6212,12,93.072364
2656.7908,13,93.09243
5744.5547,47,93.09667
4512.809,28,93.096723
2153.0618,10,93.096738
9730.627,51,93.096743
3845.1333,21,93.100057
4996.185,38,93.100102
4424.3965,68,93.102902
1110.4907,3,93.106073
861.8399,4,93.129555
10395.331,47,93.143533
2325.8855,34,93.143609
272.74225,5,93.155373
1368.0018,7,93.155465
321.29047,5,93.172213
12587.288,58,93.179193
2219.7712,28,93.185263
10057.641,36,93.188561
1154.0626,7,93.18862
1485.2473,13,93.219853
206.65503,4,93.239566
2249.4504,23,93.256917
872.76526,22,93.281696
11493.43,51,93.281784
2845.7266,12,93.285758
784.2034,8,93.28583
2636.8997,15,93.289269
13608.507,45,93.289328
865.8978,3,93.306131
4058.034,26,93.306226
13073.193,56,93.336801
11110.345,56,93.34125
527.55695,7,93.347466
770.9807,3,93.347531
1428.6414,5,93.347548
1250.4407,17,93.359285
523.3571,3,93.359351
1526.6781,8,93.36967
2484.0488,11,93.379563
2049.7546,35,93.379634
8771.071,32,93.383643
1536.0305,16,93.394733
932.5213,53,93.398144
5348.558,28,93.409875
1698.2053,7,93.429078
909.13464,9,93.432304
700.5275,5,93.438662
498.89206,9,93.438742
5154.7593,39,93.43876
10771.662,48,93.44942
466.61255,3,93.449503
11272.882,34,93.552118
1789.2534,8,93.579847
6672.8135,19,93.579903
1968.7897,9,93.583209
5700.074,43,93.583252
3502.575,15,93.583265
5044.6113,74,93.586056
295.596,3,93.598732
184.80472,2,93.59878
4527.22,52,93.598791
471.6725,3,93.617032
1509.3328,15,93.628271
963.2584,4,93.628316
5409.9062,34,93.631827
6379.4106,28,93.631868
1505.573,15,93.631881
13296.285,39,93.634979
396.88434,10,93.638393
729.94617,3,93.638432
1993.6238,11,93.651712
485.70746,2,93.651755
547.70135,4,93.651765
1927.3676,10,93.6635
339.46902,3,93.66358
245.73943,2,93.671837
11655.922,40,93.690709
12105.4,62,93.690845
1923.067,23,93.702384
783.52155,4,93.706335
3249.4468,14,93.706371
-244.61789,3,93.72918
1672.8077,8,93.740601
527.0693,4,93.744021
1330.3641,5,93.747585
11258.032,42,93.74764
630.16406,8,93.75682
606.6654,2,93.75686
6486.5146,40,93.763082
801.8374,4,93.786414
4959.7437,47,93.815603
534.17676,5,93.831133
2190.8708,36,93.831181
4955.2676,53,93.849221
749.45447,4,93.869812
13666.548,53,93.869865
10447.326,64,93.873563
11096.463,71,93.889218
1189.8444,7,93.889266
5128.074,32,93.901423
872.57477,8,93.901506
318.94867,3,93.9104
394.01636,2,93.928558
5941.918,37,93.93311
12579.688,38,93.933167
2857.536,37,93.933185
12119.992,44,93.933195
2521.1887,9,93.937254
8360.931,31,93.937304
750.9536,2,93.937318
-105.976364,2,93.940472
2395.4788,16,93.940523
10218.224,42,93.940536
2001.7083,28,93.943803
319.91556,2,93.943866
689.9374,3,93.949439
319.644,2,93.949498
12285.22,62,93.964263
3654.4016,28,93.964325
62.579224,3,93.964355
744.126,7,93.977093
11593.137,41,94.001815
2389.8044,13,94.017145
8554.156,40,94.032428
5737.8936,40,94.03249
4136.476,27,94.042684
713.0545,5,94.045403
5180.7593,30,94.076706
3783.945,21,94.079967
1253.9817,22,94.083126
1717.2499,12,94.086206
1232.1803,4,94.098729
12843.687,63,94.098783
5306.2437,26,94.103517
887.892,4,94.103596
10765.72,51,94.103639
303.86005,2,94.110017
1258.9431,6,94.125651
9652.0625,45,94.128627
2472.2666,11,94.146496
2441.5134,31,94.164592
6040.877,75,94.1702
6757.7324,39,94.173464
6008.114,70,94.173536
3948.4124,38,94.173551
52.665375,23,94.177138
765.8283,6,94.177198
11231.695,54,94.177216
13583.753,45,94.177223
10510.809,50,94.180797
5350.572,27,94.214223
764.40576,12,94.214281
667.44977,9,94.219696
1575.8264,17,94.219743
410.25833,6,94.222454
1945.5692,50,94.238611
5865.3354,38,94.238697
649.98694,4,94.238713
9141.288,46,94.251413
2572.2507,9,94.251479
1104.5295,22,94.251495
1588.3844,9,94.254393
382.34576,2,94.268748
1430.5033,6,94.272597
2596.6875,11,94.284685
430.71008,3,94.295454
1109.733,4,94.29555
529.4023,2,94.311301
8873.986,61,94.319787
1166.0782,9,94.319862
8146.318,60,94.339158
2195.0337,20,94.352322
-66.69885,3,94.362087
1620.2023,9,94.383386
501.13657,15,94.383458
364.19733,4,94.38909
1310.4451,10,94.389132
2381.781,24,94.409988
3786.9414,24,94.410057
2067.8794,39,94.414092
1736.1084,8,94.414573
847.5046,9,94.414608
1683.5155,19,94.423386
581.77936,4,94.423462
11153.901,38,94.42856
-83.40285,3,94.428653
823.7643,4,94.457102
1481.3463,28,94.463166
13578.055,77,94.463212
1380.597,10,94.465899
9688.465,36,94.468598
745.0728,8,94.471582
578.224,3,94.471629
566.6935,52,94.486464
1637.5818,7,94.489422
789.6466,12,94.506224
5749.0254,40,94.506323
11599.99,57,94.524396
1033.9407,4,94.533253
924.81195,6,94.533303
5374.8794,34,94.543392
697.8975,3,94.5511
324.76776,4,94.555107
1884.225,41,94.565804
3729.2927,15,94.56589
6439.808,25,94.569825
3144.8293,28,94.56987
11749.598,43,94.578976
9672.036,42,94.579032
-101.0692,3,94.582759
607.32825,3,94.582816
3510.9482,17,94.596654
611.58374,18,94.612773
13729.536,51,94.612833
331.75378,3,94.616635
4371.759,16,94.616703
643.9969,6,94.620157
320.9188,3,94.625959
1165.0533,8,94.628588
10863.263,39,94.649182
13295.947,47,94.64923
1713.0834,21,94.652001
1452.8776,16,94.656913
11180.582,48,94.66802
108.43271,4,94.668107
4809.7974,42,94.672107
668.96075,4,94.672191
146.0787,2,94.68551
567.0556,2,94.6856
8304.283,47,94.685627
21.215942,3,94.707128
5833.3115,48,94.730548
920.13416,45,94.730606
1133.258,8,94.730622
7800.3613,24,94.748325
4991.8022,22,94.75201
7464.746,23,94.755328
6688.1445,32,94.755373
327.32355,2,94.770543
520.93896,5,94.770623
1622.2158,6,94.773651
6344.985,23,94.7827
586.2789,7,94.795177
4701.865,27,94.798701
841.6334,9,94.806897
11201.341,52,94.806947
826.44617,9,94.80696
7434.968,33,94.825383
2099.283,26,94.825453
8512.601,38,94.825486
1356.247,6,94.828963
326.44092,3,94.82902
8625.817,54,94.832611
570.56274,3,94.836037
849.1697,10,94.836082
169.4416,3,94.836095
476.4459,2,94.849581
2191.65,10,94.849642
318.25916,2,94.852619
389.4704,2,94.85798
2302.7644,10,94.873162
3995.0635,26,94.905522
13382.362,52,94.90559
1316.3501,13,94.921084
15967.098,56,94.921138
6052.525,36,94.93112
960.93823,4,94.931177
4031.4973,25,94.934113
3554.8293,19,94.937071
4339.1226,56,94.937117
2917.9785,15,94.954071
6336.595,70,94.957861
2294.9885,31,94.961236
383.23798,4,94.961285
11477.152,43,94.964408
10954.133,51,94.964453
546.2747,3,94.964465
263.80518,4,94.969182
1281.6548,5,94.985542
2052.6072,12,94.985618
10893.018,38,94.993752
1037.3394,5,94.99705
12969.615,47,95.000313
12935.696,52,95.019941
615.8088,7,95.022924
186.59311,2,95.028402
512.5665,7,95.045061
5120.521,28,95.045117
6338.5674,36,95.045132
8879.084,35,95.050861
244.73145,2,95.055786
12984.927,63,95.077509
2951.1736,13,95.077586
2010.7861,10,95.077602
1355.196,37,95.081117
9832.378,41,95.098557
1342.6354,12,95.122309
838.27606,5,95.122368
7204.34,35,95.127111
2980.7568,46,95.127175
1782.9705,29,95.146755
4277.609,26,95.149949
11399.992,51,95.149999
928.46747,4,95.15326
4227.5537,17,95.153301
1453.487,8,95.153314
3778.9043,21,95.174474
1397.2308,8,95.178458
390.6264,3,95.178521
1169.3547,5,95.178536
1482.0853,8,95.178544
111.99768,2,95.184378
653.5537,3,95.184413
4253.6006,42,95.199952
9417.937,37,95.200004
12231.707,44,95.204151
391.6116,4,95.204194
3963.9158,18,95.215934
486.95773,47,95.22472
354.29263,4,95.229446
2358.8762,53,95.23837
11018.002,43,95.238427
232.21584,6,95.238444
3757.1548,24,95.238451
712.1971,5,95.247432
12211.938,44,95.250904
478.15024,2,95.250954
2137.7732,10,95.250966
431.5464,15,95.255169
877.99414,5,95.255247
547.36847,2,95.26864
1236.9191,11,95.271927
13576.844,56,95.276576
1045.3984,13,95.276632
967.1754,8,95.291174
109.987946,7,95.296361
7988.677,36,95.304083
1076.7354,16,95.306932
12027.195,53,95.312824
1371.3027,11,95.316594
1033.8855,9,95.34839
1639.1542,15,95.348464
7401.861,26,95.352446
2910.0034,12,95.352508
6814.5605,23,95.356121
9256.89,51,95.356174
4015.3132,23,95.373093
10026.106,42,95.384354
775.88806,6,95.384417
702.8659,5,95.387778
473.0386,2,95.401504
5504.509,28,95.401563
467.8515,4,95.404762
4547.1895,24,95.40482
319.14264,6,95.407979
12566.546,44,95.408033
6730.7124,33,95.411964
8415.989,41,95.412031
10759.334,35,95.414773
998.94714,5,95.418128
7489.684,47,95.429793
1169.7618,4,95.429881
1200.9741,4,95.429901
13485.763,47,95.429912
1457.7471,6,95.440429
471.45157,10,95.440496
6077.256,36,95.451667
12621.568,59,95.467625
368.82,3,95.467708
-5.3258057,3,95.467723
281.3363,7,95.489382
3555.2742,27,95.50571
412.36874,2,95.529302
1343.0057,22,95.529358
12891.63,44,95.532551
12484.056,49,95.53621
536.6194,12,95.550103
2386.6296,27,95.554405
3897.0745,15,95.571921
1331.0212,6,95.576602
5760.53,34,95.576654
2354.2222,14,95.580589
823.81805,4,95.580639
1077.643,13,95.58065
408.61807,2,95.586294
304.94592,2,95.586333
2328.1824,11,95.58922
979.6619,6,95.59373
984.2663,6,95.598725
567.06525,3,95.598786
625.51227,4,95.608165
6330.2095,21,95.60823
559.89636,4,95.613343
8889.839,45,95.623985
2846.1948,15,95.637942
1324.9305,6,95.637996
3127.9265,28,95.638007
6559.107,30,95.643938
1533.0458,8,95.650507
927.88574,9,95.65547
1216.2264,8,95.65916
9222.153,48,95.66348
555.1085,2,95.663555
2371.606,46,95.663572
1726.6091,7,95.67414
-21.368134,2,95.683043
477.3672,2,95.683119
342.3411,2,95.683138
743.8021,2,95.694074
-124.36853,31,95.719291
13732.468,45,95.719342
2900.482,24,95.72246
13351.441,61,95.733285
341.16202,3,95.73332
1674.474,8,95.738052
258.1978,4,95.738146
671.4629,2,95.743377
12167.745,42,95.75576
11605.738,42,95.7558
-41.662506,2,95.75581
11689.324,45,95.767167
13782.819,49,95.767252
486.20374,3,95.767273
320.1059,2,95.77251
606.1497,3,95.777346
430.0656,4,95.793399
930.2641,3,95.793471
804.2501,6,95.803343
403.92432,3,95.803402
1225.0411,5,95.807161
5312.7876,26,95.807194
2180.787,30,95.807204
5247.9844,46,95.81994
470.77838,2,95.820004
1080.4395,19,95.840613
9919.248,34,95.845935
1102.5012,29,95.852091
9863.325,35,95.855246
3508.7854,20,95.855287
8437.052,44,95.857921
4739.889,13,95.86187
2000.7288,35,95.861919
824.87354,9,95.861934
2077.0588,35,95.865084
2718.7217,16,95.865128
4472.137,20,95.881863
6512.296,32,95.881981
4861.503,20,95.887988
1782.159,7,95.896487
535.042,5,95.896543
2621.3667,12,95.896559
1313.2087,14,95.900049
540.0069,2,95.91644
1232.3921,9,95.92232
159.81706,3,95.922376
562.3617,3,95.930723
1134.635,21,95.930786
587.63464,8,95.930803
547.00464,4,95.94641
4486.4487,24,95.946519
-169.8497,4,95.957532
903.2689,8,95.957595
3632.3484,22,95.961127
9201.958,82,95.961179
5831.4893,28,95.979583
110.29364,6,95.982876
1765.0072,19,95.982916
3407.2637,15,95.982928
-446.15106,27,95.985988
5084.1265,27,95.98867
469.42862,3,95.99185
2514.3645,13,95.991909
4960.231,39,96.008013
1153.251,51,96.008053
11141.955,58,96.008062
328.72888,3,96.008069
2639.6184,11,96.011207
357.12112,4,96.01606
1967.1519,33,96.023334
9672.025,63,96.030008
5725.401,102,96.03008
796.4582,28,96.030097
4209.372,16,96.03373
11888.625,46,96.048478
1728.2787,8,96.048753
470.5082,3,96.052987
147.72025,3,96.053033
286.96906,4,96.053049
812.7188,5,96.053056
922.89087,6,96.053062
3784.3135,41,96.055752
519.2124,2,96.06101
376.6956,3,96.061065
2359.946,9,96.06108
44.35675,2,96.061088
2003.6027,30,96.064498
13828.879,51,96.064554
336.49152,4,96.067732
1091.4246,43,96.085359
3058.9727,18,96.088705
860.4313,7,96.093221
708.7071,6,96.102241
6391.0674,34,96.102312
12129.512,49,96.105879
536.40985,2,96.110038
915.47314,10,96.110123
459.85712,4,96.114059
685.99146,8,96.11413
692.5835,4,96.118255
1378.2188,10,96.118301
1015.217,23,96.118312
3466.322,20,96.127849
2143.0703,10,96.127913
1162.0426,4,96.132499
330.11893,2,96.143832
686.2029,4,96.143913
2199.9102,12,96.161509
2146.2695,22,96.178585
4963.224,31,96.178635
8849.371,28,96.189316
439.0301,6,96.189387
663.54944,5,96.194265
1339.407,9,96.201856
1849.5405,22,96.201939
11215.895,38,96.205925
49.377625,3,96.20597
272.50745,2,96.215948
4649.9414,23,96.234157
200.26355,4,96.237476
4417.5728,17,96.237524
3876.6897,19,96.240402
1004.094,6,96.24045
4734.333,39,96.311956
3257.2222,21,96.315913
86.13208,2,96.315974
1867.1808,29,96.315991
2148.5977,15,96.319513
95.016815,2,96.319576
8761.011,35,96.326205
162.54211,3,96.336826
1002.8675,8,96.341424
2157.0432,28,96.341528
4359.5103,27,96.346955
2543.7644,12,96.363691
5445.229,32,96.363744
9324.074,46,96.370884
1710.9497,14,96.378944
9576.493,45,96.378998
869.1195,15,96.38183
775.50525,11,96.392864
2052.86,66,96.392929
2310.7153,12,96.392946
13412.78,51,96.396744
709.6534,2,96.400731
647.2586,4,96.410263
11568.905,44,96.414286
3949.6675,30,96.414324
3390.9106,42,96.420959
213.67963,7,96.421022
942.18994,3,96.429038
11270.976,39,96.448513
1960.9576,13,96.448572
707.8427,3,96.467378
1667.3866,7,96.467429
5570.5303,24,96.480408
10240.375,42,96.491981
682.3402,17,96.492065
11226.778,47,96.492086
4992.633,36,96.492092
296.08136,11,96.492096
8994.324,29,96.496455
5657.1064,33,96.507854
140.82596,13,96.512391
877.73676,3,96.512453
571.64343,5,96.512469
2288.0845,16,96.518582
79.093025,2,96.518641
5973.817,51,96.518658
9267.299,34,96.521956
1461.5249,10,96.522014
65.47052,4,96.52702
572.5677,2,96.527117
1255.7975,11,96.527139
349.6764,15,96.531499
6102.3984,42,96.531567
456.00323,2,96.542997
11963.154,42,96.543066
10518.262,46,96.549195
352.83575,3,96.549263
312.98004,4,96.549281
793.04553,6,96.553562
-296.3004,3,96.553603
519.8356,2,96.562251
1014.79675,8,96.565512
589.37494,3,96.565561
11134.81,38,96.570528
684.59454,4,96.592954
339.18906,4,96.593038
2743.004,19,96.604606
290.18652,7,96.60467
11616.692,38,96.608574
17.400448,2,96.611972
1266.7191,33,96.614893
1509.3138,13,96.634962
524.1384,2,96.638113
64.653595,2,96.65001
4762.854,21,96.662465
3496.7405,29,96.675751
5414.495,30,96.690144
8654.354,56,96.703232
13644.456,50,96.703314
1212.9324,15,96.721565
341.21506,2,96.721629
1145.9337,12,96.721644
1850.3184,19,96.755296
2855.1636,16,96.755546
2120.1323,22,96.758548
1362.138,9,96.758603
2235.8115,37,96.761706
4721.567,57,96.765005
8981.256,39,96.765058
127.14705,3,96.775119
5054.6323,32,96.775184
-360.68805,2,96.778406
250.38544,3,96.781605
2005.896,12,96.781653
569.0435,4,96.786899
87.954544,2,96.786937
823.9804,7,96.806637
10702.432,54,96.833471
12035.574,43,96.836533
970.0397,9,96.839571
11563.045,47,96.844126
2481.2478,24,96.844197
1234.7125,4,96.858646
10073.706,47,96.863865
1024.7651,33,96.876398
9217.549,42,96.876492
8576.844,55,96.894395
375.43182,2,96.894476
16000.8545,64,96.897491
367.4435,6,96.901621
5711.1655,35,96.901715
410.01324,12,96.910446
12169.839,57,96.910527
11723.044,50,96.910571
2573.8594,26,96.910586
1487.9823,12,96.930435
673.08124,8,96.936172
538.93036,2,96.941355
4019.0627,45,96.944408
411.29077,9,96.944458
13498.397,49,96.954989
1501.9719,30,96.955058
300.87592,3,96.968278
12007.445,43,96.968347
3243.0647,12,96.968409
516.8065,2,96.986981
669.12726,3,96.987075
12162.788,41,97.003097
198.81049,13,97.008036
1329.3912,7,97.011955
1764.991,7,97.012
-249.8535,17,97.012011
11406.264,43,97.01563
136.77805,4,97.015687
4765.3413,33,97.015704
1056.3463,8,97.019985
4465.654,22,97.02009
84.96269,2,97.020112
502.0777,2,97.038451
2731.8096,20,97.038543
12846.509,43,97.038572
236.63446,2,97.05129
503.24066,4,97.063709
-315.12018,2,97.063795
675.3899,7,97.099789
4066.961,31,97.109486
4305.095,28,97.11589
2902.21,28,97.115957
3268.9978,12,97.115975
286.32083,2,97.115982
681.6575,4,97.123378
1747.3177,10,97.131566
5808.386,40,97.131672
243.86664,4,97.157517
2204.308,22,97.157591
1239.177,6,97.172418
6988.8354,37,97.172473
13450.508,64,97.175185
271.21594,60,97.190249
4092.145,27,97.199926
3472.9343,17,97.202867
6037.81,36,97.202931
11012.429,56,97.210667
1544.8348,11,97.223809
472.00174,3,97.223853
6123.818,28,97.223865
8053.851,32,97.240363
6231.491,41,97.240444
272.4421,2,97.252624
8980.585,32,97.26641
878.7324,10,97.286829
1083.8828,7,97.286898
559.91437,4,97.289713
2074.4988,11,97.303034
1938.8533,34,97.303114
567.6553,2,97.303133
4177.025,20,97.30314
3831.2656,25,97.317322
1254.6195,9,97.349309
892.2676,14,97.349366
2218.773,14,97.349381
312.54517,5,97.349388
3627.9504,15,97.354744
550.3924,34,97.354808
1006.7057,9,97.37142
1470.147,37,97.371473
722.18665,12,97.375592
723.01294,10,97.375657
9252.172,38,97.385715
3734.4631,58,97.40243
479.86194,6,97.407689
5208.363,78,97.421852
-219.66766,11,97.436675
8870.108,55,97.439705
499.31277,2,97.448551
-91.883575,3,97.454545
6026.327,58,97.454626
2795.9268,11,97.454645
492.29636,15,97.454654
5114.739,30,97.46573
4412.6636,14,97.469722
494.03006,2,97.469795
-190.89844,12,97.485387
357.56317,2,97.485499
8773.79,51,97.50112
10088.715,62,97.504057
179.52518,2,97.506965
718.56885,10,97.507002
1460.8414,9,97.513381
3917.0508,24,97.513438
13765.482,58,97.513453
-77.93402,5,97.513459
835.4821,3,97.516363
708.97266,3,97.521438
674.98065,4,97.524609
1088.182,13,97.540887
986.8967,6,97.540959
1301.6305,5,97.540988
5969.8003,31,97.558051
142.84235,2,97.558137
437.80286,4,97.558159
474.86163,2,97.582913
939.68475,4,97.600145
13862.129,56,97.600237
894.43066,8,97.60665
658.4143,9,97.609606
2186.2883,8,97.619139
738.42035,4,97.625386
12773.482,48,97.625458
887.7655,7,97.635191
13677.8,48,97.635266
5270.172,29,97.655265
8950.1,39,97.655323
4630.322,35,97.655339
1114.6769,7,97.658484
1966.0522,26,97.658514
10191.362,51,97.658522
1885.7838,22,97.661647
1913.7522,36,97.661698
8491.986,32,97.665416
258.4449,2,97.66571
363.02255,4,97.682121
742.74054,5,97.686815
299.03232,3,97.686869
2160.4873,10,97.686884
977.2145,8,97.686894
6198.273,48,97.700816
390.88144,3,97.700915
5780.147,27,97.70094
562.276,6,97.700952
587.29877,77,97.713125
8590.061,34,97.713217
1086.9463,7,97.722173
8583.596,48,97.72224
359.01465,2,97.734029
591.35266,6,97.736927
1672.61,7,97.740322
1150.1414,4,97.759363
1775.9714,7,97.759439
7568.107,35,97.763676
1192.4355,12,97.787539
1601.8678,15,97.787604
2215.5203,10,97.787622
470.7392,5,97.787629
9444.686,60,98.883683
1049.989,4,98.894087
2008.1666,12,98.894193
3409.4775,16,98.905419
628.1137,4,98.918875
558.0254,6,98.937225
782.25824,11,98.956368
-393.7738,20,98.956426
1378.5604,9,98.956441
4197.094,26,98.959704
557.63367,2,98.965428
1482.951,40,98.968361
259.95975,4,98.973702
363.773,3,98.981217
1356.4629,7,98.987011
8243.163,50,98.998719
9804.586,45,99.031787
10122.397,38,99.031906
801.94336,5,99.034867
6868.7803,32,99.042981
2388.486,28,99.043056
699.60596,19,99.043072
888.0358,10,99.043079
9106.794,41,99.058513
470.3234,3,99.068192
339.44476,2,99.068255
498.0899,3,99.075737
6786.1606,39,99.089143
1254.5825,6,99.089218
2641.1003,11,99.089254
696.9687,4,99.089263
1511.5303,9,99.093024
5667.771,29,99.093082
5260.9067,25,99.097556
9881.604,43,99.097633
2046.3895,8,99.097661
-9.504944,3,99.111186
7920.226,29,99.11746
-33.855408,4,99.120229
1072.6534,6,99.122982
799.982,14,99.134228
853.758,5,99.140446
2186.896,19,99.148684
1511.2771,17,99.148767
1339.0063,11,99.148786
11336.663,39,99.152599
4508.021,25,99.152643
1608.7194,9,99.152655
8566.605,51,99.159027
566.7386,3,99.166359
13311.853,53,99.16644
4685.677,62,99.166467
2419.1338,13,99.195486
855.43445,5,99.198515
2011.6156,9,99.198563
13585.918,46,99.201187
9944.9375,43,99.21635
3348.875,13,99.222176
4180.746,27,99.225026
2796.5847,17,99.234063
268.24426,8,99.244333
709.2366,2,99.253037
4943.461,21,99.262533
2215.4395,10,99.26259
7873.13,49,99.266743
302.50128,6,99.294541
3198.4475,33,99.294613
6909.06,35,99.294631
1164.2449,24,99.294639
7347.27,63,99.305975
719.2323,2,99.316054
949.6554,9,99.316132
6197.7607,30,99.316157
5012.5347,25,99.31617
8748.336,38,99.327
358.74493,2,99.338174
180.29677,2,99.341129
349.84985,2,99.349274
545.2049,6,99.363248
1460.8608,9,99.366146
1170.5288,4,99.374048
669.2964,11,99.377558
5887.6157,33,99.377619
7287.2812,27,99.377649
6230.137,22,99.377661
12361.011,59,99.380394
164.34454,3,99.392189
8726.065,39,99.392268
5333.288,35,99.392283
2286.7769,11,99.402446
4429.442,22,99.413864
719.38416,9,99.418894
2066.9023,52,99.419
724.1847,2,99.428101
2902.9656,20,99.438451
5863.6978,54,99.453125
2194.4841,28,99.473978
917.8285,10,99.47404
1940.132,8,99.474056
943.81573,5,99.486755
1299.0581,12,99.486807
1632.0288,7,99.486821
912.83545,11,99.489934
750.6024,3,99.489977
1897.5696,9,99.497005
1287.2272,13,99.497083
319.75507,2,99.501662
772.2231,3,99.519754
851.245,3,99.523036
590.2917,5,99.523088
6037.648,48,99.526191
2698.2568,19,99.526239
2967.3433,17,99.529247
10076.685,35,99.537815
1744.2358,12,99.537877
13834.502,48,99.546828
12835.4,41,99.558879
13327.046,47,99.558959
1970.988,14,99.576932
663.66907,10,99.593993
332.02573,3,99.594086
4397.4565,16,99.60146
407.2208,4,99.634256
1604.7465,9,99.634311
5418.4424,66,99.634326
190.89102,8,99.637178
7384.977,23,99.641107
3247.8604,20,99.656162
386.69766,3,99.656219
642.1116,6,99.684105
8541.72,51,99.689479
1486.4331,23,99.692725
-219.62515,21,99.692788
1828.3638,48,99.692803
2239.2227,11,99.699477
2555.507,15,99.71246
6202.9595,39,99.735646
6833.5166,29,99.742301
1455.8364,8,99.754274
477.1193,4,99.754336
9776.758,47,99.75435
683.0089,3,99.766586
11067.494,42,99.766658
1125.0242,12,99.766676
3634.869,28,99.766684
3824.6968,38,99.76669
9281.884,64,99.787603
405.591,2,99.787663
1510.9822,11,99.791065
2429.8047,32,99.803359
543.9391,5,99.803406
842.7219,7,99.806456
180.16461,6,99.806523
2984.3123,31,99.818954
5122.261,23,99.819041
349.4857,5,99.819059
13980.194,59,99.824458
1125.3074,11,99.828482
4119.749,19,99.828576
466.39896,5,99.842144
1239.4038,9,99.8422
1136.1238,7,99.851582
353.52673,3,99.851644
5931.809,29,99.851661
13464.625,46,99.870048
2308.4116,16,99.873234
1663.8457,7,99.876789
55.491486,2,99.876835
13488.308,49,99.879995
2706.4639,12,99.882899
1090.3136,9,99.893947
7105.649,38,99.894011
932.5658,10,99.905082
-24.086502,2,99.909537
638.95123,5,99.928081
2010.7103,8,99.932178
668.33453,24,99.942861
6259.449,46,99.946365
10459.043,51,99.951241
8738.179,39,99.979766
3832.676,17,99.979858
4049.5166,18,99.984912
5411.622,26,99.988206
4288.337,23,99.988263
3612.3257,20,99.991213
3230.997,13,100.003933
1203.7153,11,100.032471
8832.983,36,100.032536
8658.105,43,100.032552
1209.1522,7,100.035734
3872.279,19,100.035784
1508.9373,8,100.038654
310.58548,6,100.055395
271.69397,5,100.075076
9583.23,38,100.075141
3218.5615,20,100.07522
13677.843,45,100.080262
315.45963,2,100.083514
272.3694,3,100.086442
187.84802,3,100.089704
1466.7732,25,100.089749
9594.084,42,100.089761
378.08356,2,100.098637
13070.092,42,100.098711
1373.9292,17,100.098732
6685.341,21,100.098741
3978.5244,23,100.110572
4918.521,24,100.110651
13414.908,63,100.12431
11306.765,38,100.134722
3434.9893,14,100.134789
467.60135,2,100.149695
8578.081,33,100.161144
1913.887,22,100.164891
3944.5042,26,100.181726
2904.6956,13,100.190327
517.6814,4,100.207204
199.75916,3,100.20727
1364.6599,14,100.216617
2084.9268,9,100.243065
869.8541,17,100.25448
1005.7595,25,100.324417
2900.827,14,100.324466
3913.2542,20,100.339685
869.11664,4,100.343124
8053.897,40,100.343173
414.227,2,100.346241
1171.8214,24,100.349141
13612.087,57,100.352164
456.47226,2,100.352213
904.10284,14,100.355451
532.9198,2,100.35834
9714.934,32,100.36965
957.5317,6,100.37548
3330.9583,16,100.37553
13813.59,43,100.383782
2224.394,32,100.387246
7054.7124,45,100.387312
1252.4128,6,100.397113
1408.569,12,100.405126
4755.96,18,100.405199
7641.426,47,100.412837
5925.7217,38,100.421167
1041.8986,6,100.421239
11638.543,54,100.434486
686.671,3,100.45167
1479.3407,28,100.455385
4414.1104,17,100.467861
491.76486,8,100.467948
494.26654,4,100.471397
9914.271,34,100.477345
128.96318,2,100.493828
525.8909,9,100.493906
3788.7925,20,100.501276
10768.906,59,100.501347
2241.8833,48,100.52214
618.229,4,100.535813
7058.7544,46,100.535918
3265.3267,24,100.550184
4830.9824,41,100.550262
970.58826,8,100.56112
1637.3193,20,100.564194
133.71068,4,100.58385
1056.242,5,100.583909
3718.6758,61,100.587074
7668.886,36,100.587122
1012.9839,6,100.59228
2905.1104,31,100.59552
-187.8754,3,100.595569
957.9707,4,100.595583
633.88336,4,100.598926
8521.303,31,100.602282
2057.9958,15,100.623384
2082.5344,26,100.62658
3811.1365,23,100.626627
3588.0002,39,100.636621
10071.369,42,100.639713
843.9847,7,100.642591
3947.5283,14,100.652291
8882.659,35,100.652346
11451.778,58,100.668778
285.56473,2,100.668854
13439.77,41,100.679201
11179.999,43,100.679282
410.2428,2,100.702465
1770.7986,21,100.705478
4215.913,14,100.70825
8219.216,40,100.715034
687.56915,2,100.715092
918.65356,7,100.715108
10107.103,38,100.715115
2098.2437,52,100.71512
11317.147,42,100.715126
849.88184,10,100.71513
-213.02042,3,100.735608
8181.5645,39,100.735656
4293.5156,26,100.751333
2172.4148,9,100.779846
1116.0325,75,100.78306
2303.1855,10,100.783122
1558.1604,8,100.793473
11290.257,46,100.802166
9284.769,47,100.806194
13450.664,40,100.806245
1588.9952,9,100.813433
3818.371,25,100.81351
3907.7766,18,100.816642
3769.7415,25,100.820667
865.35004,8,100.829306
-466.567,2,100.833727
544.98535,10,100.85298
12796.277,45,100.860903
2537.0764,14,100.86857
2304.7288,13,100.86862
12493.214,51,100.888046
11937.475,37,100.906273
13884.328,55,100.909165
1506.943,11,100.920399
1850.3762,9,100.928076
10041.36,36,100.943201
651.5863,2,100.958641
728.9822,7,100.966054
5780.6006,49,100.990272
10977.912,54,100.990331
753.73956,11,100.990348
6695.1987,45,101.018478
5923.1006,36,101.02145
11685.058,44,101.025025
8056.7983,32,101.025059
223.9508,2,101.025069
8598.3545,31,101.028147
5872.11,35,101.028192
1738.5859,14,101.031929
5777.435,35,101.031993
3481.0366,15,101.032017
512.5366,3,101.032029
1705.8184,7,101.032037
4599.8657,30,101.042472
888.26337,50,101.042556
13235.607,34,101.06644
6318.52,25,101.069968
1023.8835,5,101.070122
11554.937,53,101.070205
1149.065,5,101.095172
1987.5942,17,101.095208
9943.81,41,101.095217
1561.5276,7,101.095223
957.19653,3,101.099067
1225.1798,14,101.099132
1484.9579,8,101.101944
1171.197,8,101.104733
666.08466,3,101.107855
414.00754,8,101.111095
672.9807,3,101.111159
2568.0452,7,101.125584
1228.5925,5,101.142982
5721.8394,80,101.143045
11760.066,39,101.160256
3264.9849,16,101.160331
10811.019,70,101.171479
934.63184,6,101.195093
4429.4434,29,101.198779
1971.6814,18,101.198843
1066.3191,12,101.201721
2308.522,26,101.204419
184.51556,2,101.207032
5366.0464,26,101.214673
-362.2071,28,101.228206
2042.3789,29,101.238121
2537.8022,13,101.242316
7341.145,32,101.242366
833.92926,25,101.252823
616.337,2,101.26689
393.29794,2,101.267009
1232.7151,7,101.279426
2854.0552,18,101.290089
8909.162,37,101.294415
835.59033,4,101.304993
622.1166,2,101.308725
568.3328,2,101.324019
1062.1866,16,101.324085
4282.2314,20,101.354045
869.06,5,101.357174
441.33044,5,101.357217
2935.8618,12,101.360231
341.1794,7,101.360295
1533.1257,20,101.363869
556.71106,2,101.363931
2950.1367,17,101.363949
1465.136,85,101.369563
9897.365,43,101.369633
4828.3086,58,101.381037
1632.064,5,101.390018
1100.9658,6,101.417822
9459.085,39,101.421472
1248.9233,36,101.42153
5677.3438,48,101.427163
825.46387,10,101.427283
885.6548,3,101.434682
4133.172,24,101.434743
1212.5339,5,101.457903
2298.9407,9,101.461486
2766.7393,13,101.461545
61.437317,5,101.464697
134.48193,2,101.47251
780.9857,3,101.472561
12977.791,54,101.472572
8392.262,46,101.486635
7204.352,32,101.486711
208.32047,3,101.48985
7214.403,52,101.495147
6685.1826,29,101.495192
580.01227,3,101.495203
13723.24,54,101.495209
966.02216,3,101.513522
13451.052,58,101.517157
1910.2687,11,101.517216
2824.5054,17,101.517233
674.4868,6,101.521347
2836.993,11,101.521388
11792.624,45,101.521398
1300.3826,13,101.535621
1723.4253,8,101.535679
-2.5821838,2,101.535694
2008.7493,9,101.564351
2027.0472,7,101.564399
1079.8005,12,101.567393
8900.021,31,101.570575
4448.027,30,101.573889
1056.9277,10,101.573937
709.464,4,101.57785
2771.9092,18,101.5779
1282.7947,10,101.577928
711.2106,6,101.593136
-219.552,17,101.593254
370.39197,17,101.593267
510.94937,9,101.607007
5669.0923,34,101.607067
148.52774,2,101.626247
6488.608,64,101.63199
4296.565,42,101.643296
2665.2527,18,101.653792
2371.4883,10,101.653869
1692.7397,18,101.658331
862.3123,4,101.658382
1064.576,15,101.658394
672.4565,7,101.663139
12772.841,50,101.663204
2500.6404,18,101.667227
444.41284,2,101.667283
6322.267,31,101.677346
8384.862,28,101.677418
1721.3538,14,101.677435
526.5091,2,101.689351
10598.882,63,101.689407
72.06964,5,101.692648
911.36725,4,101.692726
-14.802002,7,101.707249
2326.9075,22,101.707316
1129.7817,4,101.707334
69.19049,3,101.711862
555.083,3,101.71963
1279.0719,5,101.724361
1395.2925,5,101.737547
2985.4424,13,101.73765
8356.731,41,101.737677
4853.7812,29,101.747343
992.8289,4,101.762974
6824.709,39,101.763062
5780.083,61,101.774493
2447.8445,15,101.774566
582.1493,6,101.784731
-263.5456,2,101.791184
961.7673,11,101.79126
2606.7524,10,101.800235
68.91333,3,101.800304
604.0869,9,101.805146
3468.8794,20,101.80522
812.77795,13,101.820584
13197.759,45,101.82067
3629.6873,25,101.820689
4037.6738,17,101.823891
1105.6666,5,101.827173
2256.5312,11,101.827222
2444.5803,18,101.830623
382.26575,2,101.840656
6031.695,53,101.840726
1077.5916,7,101.840745
406.22345,2,101.860206
1913.6818,54,101.860266
564.31006,8,101.860282
1923.2524,22,101.863878
778.7357,4,101.867017
7938.8745,41,101.867081
989.4844,8,101.870191
1872.9772,15,101.870234
841.1985,7,101.873658
277.05682,3,101.873705
1538.8865,10,101.87372
634.48975,4,101.885194
1174.6906,10,101.891123
1547.5259,9,101.894636
2268.032,9,101.894705
744.0715,3,101.899831
4483.4727,16,101.89995
262.7511,2,101.909729
968.09393,8,101.919621
1135.7062,8,101.919693
365.8349,3,101.919709
1684.6685,20,101.923444
1322.1919,11,101.923525
1421.0825,12,101.927975
221.78294,4,101.946673
2564.5654,11,101.946737
573.7026,3,101.946752
7265.165,24,101.95056
12429.109,42,101.958836
13765.106,47,101.965894
-0.08355713,28,101.965963
11137.388,46,101.96598
1942.4402,19,101.986154
8411.463,70,101.986236
13915.127,49,101.986254
804.2779,6,101.98626
144.73344,2,101.98978
467.60168,5,101.989846
500.96323,2,102.001642
1061.8077,11,102.001684
738.829,7,102.012741
768.11255,4,102.020783
2239.269,7,102.027834
894.94916,13,102.042184
1589.638,7,102.042247
938.96643,4,102.050086
828.3858,5,102.069346
-188.8825,4,102.072575
8140.9116,38,102.072629
1767.7643,6,102.075706
578.32184,2,102.081395
10276.445,38,102.081457
6772.572,33,102.087913
2225.8674,24,102.087985
3763.8284,20,102.097188
1166.3606,6,102.117632
4245.302,31,102.12055
7282.3716,36,102.123439
10956.806,56,102.123485
406.09094,2,102.132252
6556.3086,26,102.147718
5289.0293,29,102.151479
1742.8801,17,102.159609
341.51447,5,102.164752
4124.9756,20,102.164826
1413.8093,8,102.164843
13518.153,60,102.171339
7919.1875,33,102.183115
3043.866,13,102.186958
825.3837,11,102.187004
120.02026,2,102.187018
378.23734,3,102.187025
9229.265,40,102.190036
1099.7698,8,102.190074
175.66963,3,102.203168
137.76872,3,102.203239
6214.0024,23,102.20633
451.01443,8,102.209907
-58.31534,2,102.209956
11211.23,46,102.231429
13472.657,54,102.231514
6064.596,49,102.231533
7933.119,33,102.231539
8151.0693,43,102.239398
1041.3496,3,102.246556
4049.621,51,102.25425
3631.4644,14,102.259457
2187.8247,14,102.259541
7016.1953,37,102.267072
3420.7568,19,102.267147
-198.14264,6,102.271536
7400.746,53,102.280858
3631.198,20,102.280937
10316.446,60,102.294683
5648.6216,46,102.294731
-276.10742,2,102.294743
303.24786,2,102.298657
2610.1895,21,102.302682
283.94022,2,102.302742
889.9674,5,102.302757
416.1876,2,102.302763
1549.3668,13,102.30843
4653.3384,17,102.308479
276.01672,3,102.311069
1207.0376,15,102.314202
400.45795,2,102.314246
612.4689,22,102.325073
569.40094,3,102.325169
9294.248,39,102.359992
3455.0662,31,102.368457
2704.2795,16,102.381295
5625.153,33,102.384787
7449.865,56,102.387667
391.9643,4,102.392757
1113.6519,5,102.409068
1754.0483,22,102.409119
3843.139,17,102.421934
4726.7793,21,102.422256
2120.041,33,102.427866
910.9516,4,102.450532
5296.2646,34,102.453916
13575.032,41,102.453971
2344.8896,10,102.457201
88.1109,2,102.460033
3928.8396,20,102.46312
11528.807,36,102.473503
4046.42,68,102.482167
6846.427,37,102.482238
7490.527,36,102.482254
656.0094,6,102.486349
6380.4565,28,102.494684
1308.8384,13,102.494763
5183.174,29,102.505089
150.80087,4,102.51301
1729.6597,8,102.516318
6184.2656,43,102.516361
8293.146,34,102.519397
330.23868,2,102.523857
82.1803,6,102.5289
2296.4373,14,102.528961
10596.427,55,102.528977
4902.1855,28,102.533979
1497.8434,8,102.534052
362.03284,10,102.546267
1975.4207,7,102.5632
4430.554,30,102.56676
476.67398,5,102.570611
846.5072,7,102.570692
13714.873,45,102.570709
7687.806,47,102.57772
4050.4082,43,102.592655
62.006897,19,102.599027
3019.1257,10,102.626277
1848.7722,9,102.634672
1881.1171,9,102.652575
174.95682,2,102.655563
591.619,9,102.661061
348.01364,4,102.675147
1461.216,20,102.69305
722.3113,3,102.693139
11148.386,40,102.706546
10091.592,41,102.727679
3601.7893,17,102.727716
4761.6865,23,102.736798
13617.491,63,102.73684
3190.0222,13,102.752167
5718.707,35,102.755728
1837.1836,7,102.758802
10285.889,39,102.758842
1318.8864,7,102.761346
404.8375,3,102.777425
3178.027,35,102.784319
1101.7462,4,102.787188
1720.4034,9,102.791985
8531.185,35,102.819272
2103.2805,54,102.824907
2044.134,12,102.824961
3649.87,15,102.827612
10541.899,44,102.84545
9365.358,40,102.845489
297.83588,2,102.845499
7600.1533,34,102.845506
13688.716,47,102.854527
609.4075,4,102.85459
4525.7656,45,102.870108
6282.3237,16,102.900165
10376.989,46,102.937261
2961.6685,13,102.953443
5596.2363,26,102.953531
8409.995,34,102.957755
1617.6497,31,102.957831
2728.0347,13,102.957848
3327.45,14,102.957855
12360.694,47,102.95786
4453.4717,25,102.969748
397.36868,4,102.997245
605.61084,3,102.997303
928.18823,3,102.997319
10448.584,49,103.000872
1091.5635,4,103.000926
1582.0356,6,103.004207
467.79578,7,103.004248
107.308044,5,103.00426
13646.806,45,103.006895
3177.8784,18,103.00946
11086.169,33,103.012951
11057.663,44,103.013022
139.37889,2,103.013038
-76.42267,3,103.013045
3988.7397,34,103.01305
658.4045,4,103.025862
324.96768,2,103.038166
523.9125,2,103.038229
3934.119,26,103.057021
1698.4597,9,103.057095
2140.7478,9,103.074114
2199.3625,9,103.166651
13275.041,48,103.170212
9455.23,36,103.186377
2180.2493,38,103.186451
479.55853,2,103.189398
438.32614,2,103.19243
4262.444,17,103.192478
2861.1855,15,103.201163
734.82684,6,103.222304
13257.019,46,103.222414
3831.5718,32,103.22244
409.5707,3,103.22568
3282.8079,18,103.225719
271.36118,2,103.228357
577.7311,2,103.23792
13850.026,42,103.237983
2894.3687,16,103.238001
9429.0,27,103.255913
2442.8486,21,103.255975
-102.649414,2,103.256006
551.7471,4,103.273364
825.1517,11,103.276936
-120.632904,4,103.276983
423.90192,5,103.291052
-24.195923,3,103.291115
235.30876,2,103.294135
13674.741,48,103.302135
4724.226,29,103.314668
2232.1387,11,103.314734
360.94308,2,103.336069
2319.0376,8,103.336141
1294.6277,5,103.341808
2145.7986,40,103.344656
305.94843,4,103.362768
617.8397,2,103.365737
9652.805,34,103.36871
1607.9778,15,103.372116
6783.406,107,103.372163
12864.084,41,103.396112
7242.406,36,103.396167
2205.6487,30,103.411515
5657.39,45,103.429023
467.00348,2,103.429077
-252.87357,4,103.456795
227.57463,3,103.456861
7899.9883,51,103.456878
2213.296,12,103.460157
724.16284,10,103.460207
5311.0815,33,103.466988
4509.742,33,103.489471
9360.328,42,103.493956
335.74844,2,103.494011
823.67267,6,103.518587
1098.0598,7,103.518642
927.56104,3,103.518656
1025.9209,13,103.521528
9532.967,50,103.529476
4325.2866,31,103.533701
6848.1333,27,103.533778
7462.9897,30,103.533798
4210.0024,19,103.543596
14.997406,3,103.566852
2989.937,18,103.5669
1277.8398,33,103.577149
1632.6953,17,103.588168
13031.764,44,103.601694
3371.0784,24,103.60177
1211.8701,11,103.601791
4909.573,43,103.601799
126.029816,3,103.620348
1666.2197,22,103.62379
1975.9185,19,103.623833
12448.627,42,103.629245
654.5796,2,103.629273
474.44455,3,103.652203
12002.589,41,103.65527
4762.804,27,103.655312
9929.324,36,103.658621
10321.938,49,103.658651
973.6998,12,103.65866
359.40637,2,103.671604
4975.9526,27,103.685537
1953.67,10,103.685621
235.12784,3,103.698369
794.2545,5,103.705555
2234.0847,10,103.712996
1962.05,17,103.716825
7603.259,29,103.728789
1981.214,21,103.728873
871.0824,3,103.747248
5407.6157,30,103.747307
4779.1035,31,103.758665
1744.055,24,103.781554
721.75793,6,103.785218
1811.0847,15,103.787897
1964.6564,17,103.794729
3211.2031,16,103.7948
5756.7715,32,103.810187
8130.824,33,103.823338
6694.1963,58,103.827981
330.41147,2,103.847823
9377.438,39,103.847893
201.5485,2,103.861956
-117.07766,2,103.877882
6737.6553,31,103.877953
2903.614,17,103.900688
585.9368,5,103.903825
980.853,5,103.907053
9018.006,47,103.907096
10059.902,41,103.910147
1406.7786,8,103.910189
542.7065,17,103.922867
1291.2997,15,103.926259
478.27832,2,103.926298
-197.55263,3,103.929742
9466.733,35,103.929789
1521.3574,20,103.929803
714.44275,6,103.935295
274.72836,3,103.937912
4213.4854,30,103.955732
302.50467,6,103.961436
861.22327,8,103.978766
5525.329,25,103.984835
2879.1035,15,103.988237
4529.9683,29,104.004787
1790.1733,43,104.008065
349.32236,2,104.008119
791.75287,5,104.011201
1833.0887,9,104.011237
5789.26,40,104.017527
819.3669,11,104.040883
13511.284,48,104.046319
5253.176,52,104.046384
3379.0498,70,104.046407
1857.7673,22,104.046423
520.1011,2,104.052594
223.86981,2,104.052629
8891.866,74,104.071694
794.0278,3,104.071757
13775.395,54,104.07177
266.73932,2,104.074876
2026.362,14,104.07787
265.30164,2,104.089023
4850.4507,52,104.089093
7920.3423,34,104.091838
1062.0411,9,104.1078
10772.626,33,104.107859
32.708595,2,104.107877
13210.155,59,104.120192
12242.356,45,104.120244
1032.7518,8,104.139505
6096.133,29,104.14283
440.0968,2,104.14313
1371.3973,12,104.146513
344.09567,2,104.146591
1654.4749,9,104.146608
1052.5956,8,104.166387
566.82245,3,104.16649
3090.7473,37,104.170243
6386.8276,24,104.170316
681.58435,3,104.196202
774.8157,4,104.200073
1876.0529,7,104.200138
4723.306,29,104.200155
2355.1702,8,104.203044
816.44006,3,104.205829
10540.817,37,104.208624
1402.5288,17,104.225265
1034.5574,4,104.225326
13799.419,56,104.237413
1461.0227,5,104.240459
854.2704,8,104.254103
1314.3585,10,104.25416
3079.2998,52,104.254176
9157.158,37,104.254184
11470.717,37,104.257374
1759.8655,9,104.276691
521.89685,2,104.287867
494.00607,7,104.291297
870.9071,12,104.291349
12833.787,44,104.291365
2962.3418,18,104.294112
7486.412,34,104.311547
1035.4033,3,104.311611
1622.0426,14,104.321995
2032.492,21,104.322049
13312.847,39,104.335147
2213.507,7,104.335214
115.96652,3,104.33523
1088.2761,5,104.344059
1267.764,8,104.355591
583.2355,2,104.371763
1758.8197,7,104.389371
389.78802,3,104.38943
1868.4254,13,104.389446
11398.272,37,104.395319
2246.5845,11,104.395377
586.92676,2,104.395391
13724.373,71,104.406236
13664.76,45,104.420074
9761.147,42,104.420132
519.4511,11,104.420146
4707.1196,26,104.420154
2334.2651,44,104.42016
5830.996,42,104.424404
6616.68,52,104.439545
5978.1406,49,104.445752
-232.73137,5,104.451171
2224.1038,9,104.451235
1462.5549,6,104.451254
327.9121,2,104.456893
122.96542,4,104.460034
10144.927,32,104.460106
585.1648,9,104.473382
431.38812,3,104.492049
7583.1567,35,104.492121
448.7766,2,104.492139
1001.67676,7,104.503242
693.4794,6,104.50916
3668.541,16,104.522795
736.0248,6,104.522893
10212.228,39,104.526559
1135.2562,6,104.557281
1952.8125,15,104.557351
6278.0244,58,104.563206
912.6022,8,104.563253
5867.1514,37,104.566357
1969.7775,7,104.566441
397.7661,5,104.578151
240.06566,2,104.578222
1102.8446,25,104.591156
4862.903,37,104.594113
7858.362,47,104.594182
4158.4644,25,104.597355
682.51245,6,104.597404
667.574,4,104.611512
677.60297,3,104.630411
5692.696,27,104.630492
2326.6116,33,104.636249
-191.91533,5,104.638899
544.553,5,104.64423
609.68744,7,104.644272
15.235046,4,104.65786
562.1467,2,104.671284
4312.1704,22,104.682317
3576.8784,14,104.695903
786.12964,7,104.705906
827.299,3,104.719019
1030.7894,9,104.731485
10493.153,87,104.743266
350.4561,4,104.762519
5155.8496,26,104.775247
20.047607,4,104.77531
7813.004,31,104.775327
-92.07417,2,104.796542
282.0123,2,104.79661
2299.5195,55,104.796626
4296.431,36,104.800093
7482.0107,51,104.808185
7776.423,40,104.808226
454.3747,4,104.810821
1864.904,23,104.814639
3008.9429,57,104.830414
3599.1436,38,104.830487
12975.185,43,104.84517
9960.329,52,104.845257
936.1376,6,104.861733
1125.3235,15,104.88336
6696.2583,40,104.883458
591.49695,4,104.886672
-288.7663,2,104.889342
4757.337,42,104.902614
11700.917,40,104.922304
1785.3322,29,104.922372
1522.6821,17,104.925294
1514.8044,34,104.928125
9243.668,50,104.944819
839.37695,9,104.956911
1325.4536,5,104.956971
1539.7317,31,104.961102
3280.12,18,104.96114
2561.7798,9,104.973307
89.65694,4,104.973369
1020.7676,5,104.973385
13483.755,50,104.980461
3420.7468,76,104.983828
98.31287,4,104.983873
322.9041,4,104.987061
1797.3813,11,104.987098
7093.7896,34,104.98711
7208.6763,27,104.997248
8094.4297,28,104.997304
-5.288452,12,105.012407
-221.5735,3,105.012479
764.2228,3,105.024768
989.50916,5,105.051832
8308.887,41,105.066058
2495.1277,12,105.077739
3704.961,33,105.077793
9462.977,41,105.077806
2862.7915,11,105.090549
-354.80234,4,105.090594
9754.904,51,105.090604
1500.8857,17,105.096872
3220.7297,45,105.105011
1141.8945,4,105.105098
1297.4863,4,105.105118
342.8487,2,105.105125
3470.1345,14,105.125424
3634.841,24,105.128722
421.3083,4,105.128781
658.1304,5,105.138156
828.4081,7,105.138236
12915.654,40,105.138252
2936.7754,35,105.159944
653.8115,2,105.160008
3855.7695,28,105.164639
3449.1028,13,105.167392
743.5229,6,105.17003
6823.16,30,105.185996
5894.079,47,105.189262
2335.3472,43,105.192606
2299.6033,27,105.19291
4229.58,23,105.206078
1206.3977,9,105.223082
4770.9116,20,105.228863
9238.891,36,105.228895
684.926,5,105.228904
1905.6545,16,105.231807
12214.555,122,105.231856
7872.826,33,105.246062
3993.798,36,105.24615
1250.0535,7,105.259207
803.3123,12,105.276621
253.69601,3,105.276688
756.2723,5,105.276705
2638.7952,12,105.29153
4253.268,25,105.291585
451.0208,2,105.313287
735.1687,5,105.313356
682.3189,9,105.329384
-42.524017,3,105.339442
1315.3691,20,105.339498
236.64351,2,105.339512
5274.76,26,105.344599
10028.315,43,105.353945
2304.903,27,105.36743
5611.3057,34,105.370607
198.62042,6,105.373818
2311.9556,20,105.38559
1316.7312,17,105.385679
487.6029,2,105.406138
606.8507,9,105.406203
13038.099,51,105.40622
4910.0737,27,105.409064
273.7664,2,105.41246
1512.6493,7,105.415765
9194.203,34,105.418999
1086.6277,6,105.439035
2119.1318,20,105.445067
218.49127,6,105.445132
2267.2476,16,105.445148
-40.456024,3,105.467915
3940.4346,50,105.472086
12754.646,41,105.472185
162.46521,25,105.472206
712.75024,6,105.472212
243.06413,4,105.472221
286.2718,5,105.475413
2409.8223,32,105.475462
4048.0552,17,105.479038
3668.2314,28,105.479085
287.117,2,105.4791
336.81644,2,105.479108
2449.8142,31,105.50595
8265.157,38,105.513971
332.86136,6,105.51406
7306.858,24,105.514086
863.2173,6,105.518502
9023.848,35,105.541853
1864.0171,7,105.541912
2808.561,12,105.555424
334.212,2,105.570545
7547.064,56,105.594263
-132.5097,2,105.594349
2590.8413,10,105.61114
2702.8442,11,105.61121
545.71124,2,105.621901
3416.351,15,105.625496
1597.8887,10,105.625551
375.35266,4,105.629295
106.47316,2,105.629339
11870.734,42,105.62935
9235.942,32,105.639972
5882.1387,34,105.640042
464.33282,2,105.654385
13548.029,43,105.665436
1264.1697,5,105.66549
4239.7437,18,105.6655
343.2402,4,105.665507
113.759575,2,105.69146
10936.231,36,105.694974
9981.804,51,105.704309
1822.2585,13,105.710803
19.739243,4,105.717282
5341.5264,32,105.729696
1802.3667,9,105.733334
500.10315,3,105.737546
1741.2151,15,105.754331
203.34244,3,105.754406
696.2665,4,105.763106
477.91925,3,105.763165
10173.934,39,105.763181
2063.536,16,105.781307
6286.153,21,105.787513
1023.4049,4,105.790477
2191.349,16,105.790524
10365.195,38,105.795296
2330.666,7,105.817162
1224.395,8,105.817218
5711.2593,45,105.826175
2826.5322,10,105.829736
346.44635,2,105.829798
5296.321,30,105.842122
132.52185,3,105.84672
7490.3267,63,105.846793
727.05505,3,105.859709
1189.1206,7,105.859772
5636.599,35,105.872722
566.96387,2,105.872805
6876.1445,50,105.872823
437.33685,4,105.892268
1043.1532,6,105.896002
9847.411,33,105.921627
9429.937,56,105.933878
1868.4696,7,105.941849
4740.2334,17,105.941928
1549.0312,26,105.957702
1648.2086,7,105.957751
13374.221,78,105.962821
7958.263,38,105.962866
1622.855,11,105.962878
766.4655,4,105.972744
722.3019,4,105.988724
225.79318,2,105.988768
720.51746,2,106.011177
1075.6072,7,106.022646
4931.3564,28,106.022698
13923.17,50,106.043054
13384.287,42,106.047619
156.99329,5,106.047687
1457.113,63,106.047704
12348.274,41,106.057911
6299.443,74,106.063865
6317.701,33,106.063935
1823.3788,10,106.063947
1483.1377,6,106.063956
1124.1147,18,106.074386
7952.8945,48,106.074473
1615.8757,21,106.092213
676.60895,4,106.092271
1050.5735,11,106.092287
431.48984,2,106.098409
1592.3411,8,106.098473
330.03445,2,106.09849
1503.4128,12,106.105037
13496.858,38,106.1051
1041.3091,11,106.110495
368.06543,2,106.110565
1375.7527,5,106.124211
1054.3688,5,106.124268
2345.8398,13,106.128095
471.2798,2,106.143194
3610.83,16,106.153684
1729.4921,39,106.153754
2865.6348,9,106.153773
11736.051,38,106.153781
295.19843,2,106.163454
11360.913,42,106.163518
5584.017,43,106.163534
210.79388,2,106.163542
2078.4446,23,106.169401
605.63544,2,106.16943
9337.734,34,106.169437
3975.6792,17,106.182259
423.196,2,106.182316
1555.168,13,106.182329
1148.6503,10,106.182337
190.34581,2,106.193729
471.5091,2,106.193794
412.96997,4,106.19381
1529.8884,14,106.197108
13686.273,48,106.197139
10516.542,44,106.201611
406.6856,8,106.201698
593.30176,2,106.268498
1260.4177,10,106.285271
1234.3842,8,106.302151
1302.5945,7,106.305946
6304.5522,18,106.322053
2424.4128,12,106.32214
14202.81,154,106.322157
916.13324,3,106.348525
-60.68158,5,106.348572
6121.8896,27,106.352998
3736.4878,51,106.353051
2924.96,14,106.353066
4994.745,25,106.35596
676.8479,2,106.358999
202.37753,4,106.387222
6077.315,45,106.394411
13576.9795,60,106.397054
5228.2275,35,106.40009
1318.732,10,106.400122
305.80994,2,106.409201
8736.731,36,106.443674
2456.0933,35,106.446698
6552.88,22,106.46006
1929.2983,29,106.463602
3464.8625,17,106.46367
3297.8828,24,106.467486
2064.666,22,106.478438
10571.348,35,106.478557
12816.181,64,106.48356
8537.227,31,106.525234
13963.337,51,106.53107
1050.7589,13,106.546161
2994.5505,16,106.546227
433.78592,2,106.546245
12373.261,52,106.54925
4515.0713,27,106.552264
4141.9927,25,106.571376
984.74274,20,106.58065
9526.046,55,106.58359
844.2868,4,106.586501
826.5615,6,106.586546
13611.693,57,106.600973
5188.5776,53,106.606292
892.989,3,106.609607
2156.3992,7,106.613418
11583.069,40,106.613487
6409.592,92,106.617147
8513.128,63,106.61723
178.91528,4,106.645376
2508.0293,56,106.645424
605.11786,5,106.648934
314.63013,8,106.649001
-161.96906,7,106.649018
1386.9822,49,106.651724
715.0686,2,106.654912
10305.973,40,106.654963
4213.471,24,106.657902
8434.768,54,106.657931
9502.876,98,106.67123
13410.154,42,106.677434
13996.107,53,106.688553
1133.0259,7,106.691886
11074.534,35,106.707291
1977.7794,10,106.707358
5343.4756,31,106.707374
1150.4288,10,106.710914
12.114502,5,106.710961
3942.2966,25,106.710975
91.187164,3,106.714484
1463.6216,10,106.717907
372.0775,2,106.717955
716.8268,7,106.72302
3916.4958,13,106.725621
1942.8116,15,106.741416
7493.127,59,106.745548
1147.8672,8,106.745608
9186.9,38,106.745629
771.97186,6,106.750981
396.90155,2,106.751051
11533.247,41,106.754636
9537.751,57,106.754673
440.10538,3,106.772728
145.3815,13,106.777174
707.28894,4,106.777239
444.70087,3,106.777252
1219.5524,6,106.790011
1871.5316,6,106.790052
752.07025,4,106.790062
1623.3796,14,106.80715
8854.848,61,106.8108
50.38318,2,106.810865
122.984344,3,106.813687
182.00244,10,106.816782
13481.082,41,106.816834
616.9432,2,106.819652
1304.9977,14,106.822976
13309.68,36,106.823025
458.7281,2,106.823039
11770.904,47,106.83961
1745.9072,18,106.843133
2547.5532,11,106.846638
8970.59,34,106.846689
10152.307,41,106.853818
2273.6938,10,106.853863
343.0429,4,106.890063
2277.1357,12,106.89013
582.44476,3,106.890146
2876.8835,10,106.895444
79.419495,2,106.895494
571.8167,3,106.898102
235.71677,2,106.927497
1673.3489,10,106.927565
6079.6685,34,106.931603
1297.8619,6,106.931682
200.36658,22,106.935285
7689.5137,41,106.968032
10684.006,55,106.981548
3280.8325,14,106.981642
1480.4634,11,106.981668
12204.783,42,106.989737
3224.5696,13,106.995474
10272.6,46,106.995551
3594.3298,30,107.02349
6707.7026,37,107.02355
5916.204,33,107.026793
5986.197,63,107.030293
68.48628,2,107.038568
9737.771,39,107.038662
6269.1187,33,107.038697
1513.2517,11,107.049264
964.6236,7,107.049343
794.0961,4,107.049363
2082.003,25,107.066995
582.53687,20,107.06708
-194.62985,3,107.091525
-39.440613,3,107.129586
2113.0125,7,107.129658
1751.7109,45,107.129676
4018.9849,41,107.129683
12105.039,64,107.159427
421.6045,6,107.159524
3181.9312,15,107.184011
491.2472,2,107.220337
584.45184,3,107.220402
520.92096,3,107.269727
420.27734,2,107.320643
8924.572,45,107.320745
738.7289,8,107.357084
1196.0255,9,107.389572
1485.8829,10,107.418081
12142.597,44,107.437597
283.37186,2,107.489552
2534.8872,19,107.539849
4161.868,31,107.593381
2973.4111,43,107.611409
1110.7272,9,107.627966
1898.8286,27,107.637308
11907.923,47,107.637376
1396.8074,6,107.642001
480.92966,2,107.647736
579.8793,2,107.647797
4658.4897,25,107.661511
2209.8733,40,107.661608
275.60083,2,107.661628
4701.1245,64,107.665225
6133.012,34,107.676533
909.1278,3,107.702837
7375.6655,64,107.70292
5217.7183,22,107.702937
13519.873,47,107.708251
1249.1157,7,107.710924
-332.8049,2,107.720466
1205.456,5,107.732528
3502.517,19,107.7326
12037.529,40,107.748367
4702.82,42,107.75779
-33.16736,3,107.757858
414.9788,3,107.76187
6440.6606,19,107.774897
440.80304,2,107.775004
5796.9927,44,107.783942
1043.5797,6,107.787328
3315.0854,16,107.787412
3431.6538,30,107.800765
6396.0566,45,107.812603
6507.327,21,107.824128
32.83194,3,107.836791
264.14963,2,107.836865
2191.3887,9,107.836884
3372.563,21,107.845989
729.2394,8,107.846047
1971.8794,25,107.858004
1345.8344,5,107.87623
-50.185913,9,107.876299
1912.6077,16,107.876314
13853.164,49,107.886291
1395.7605,9,107.889117
3071.5696,19,107.907332
1034.2864,7,107.910431
1995.0165,29,107.913788
4715.898,58,107.91385
10014.785,53,107.933636
6528.032,55,107.933698
2989.183,16,107.936795
754.6888,2,107.939557
1603.0448,16,107.942506
3830.2524,24,107.942551
931.28424,4,107.945686
2131.9707,9,107.945735
1277.1646,4,107.954754
526.4237,7,107.954834
4069.6882,78,107.967686
6262.956,60,107.967759
10960.1455,70,107.967779
687.30255,5,107.973947
709.5897,4,107.974
1183.0449,6,107.974018
6086.102,36,107.977437
184.20068,3,107.977503
3776.4373,15,107.977527
471.43988,2,107.989649
1619.1768,7,107.999307
13041.484,45,108.010165
1722.317,6,108.022566
1046.1456,8,108.022638
4896.4424,24,108.03722
5803.5664,28,108.04097
-188.22525,3,108.041018
4063.8672,26,108.044047
481.6374,2,108.047594
4165.6006,34,108.061333
263.16147,2,108.061388
1033.0212,9,108.072915
481.56488,6,108.088228
102.27142,7,108.088294
143.07474,2,108.110218
1448.7275,4,108.119694
1912.2638,6,108.123105
281.26675,3,108.132975
2711.0498,43,108.161722
-541.9839,21,108.161789
8117.785,49,108.164719
275.29962,33,108.167661
3668.9978,25,108.181593
4679.357,28,108.18588
1588.4082,7,108.185965
5311.205,30,108.20213
4386.7437,21,108.202192
8946.905,32,108.205998
5247.1587,37,108.206048
700.14075,6,108.206065
2159.3354,21,108.213421
674.0734,5,108.213485
330.48236,3,108.213498
1064.3318,3,108.225107
13464.931,59,108.229465
356.57147,2,108.240655
1950.5962,38,108.240753
1813.9906,8,108.26155
6747.305,34,108.26162
1427.7858,5,108.264623
545.67096,4,108.285329
607.8095,3,108.285401
813.66907,5,108.291797
4999.6587,22,108.291847
13315.014,50,108.291862
950.4523,11,108.29187
5031.904,26,108.294808
664.77875,10,108.294865
3641.9194,18,108.298922
5937.782,79,108.298969
549.9269,2,108.298982
3488.1099,25,108.31176
1740.8721,13,108.319812
1772.0455,8,108.322577
817.1241,8,108.327629
1687.5271,20,108.339155
10636.616,40,108.363429
607.78613,15,108.3635
2213.1172,13,108.363515
9957.736,52,108.375525
5432.9307,25,108.375589
4756.894,21,108.375606
6593.4546,26,108.375615
595.3141,3,108.37562
5469.529,31,108.375625
-358.57355,2,108.378481
7862.172,52,108.407727
-41.357513,13,108.41138
1574.7493,6,108.411443
2208.097,19,108.41146
2297.607,8,108.417673
1994.4226,8,108.417727
2264.9504,19,108.430842
2777.8394,27,108.430907
4125.472,16,108.435353
335.35654,4,108.435401
369.7104,4,108.435472
12809.917,61,108.438833
329.81876,3,108.455126
1005.97626,4,108.455209
1532.1339,19,108.467981
2065.9568,10,108.483013
927.7833,6,108.483087
2948.6226,17,108.483104
1525.6687,9,108.486137
13139.898,49,108.494116
5126.0625,35,108.505347
795.6629,3,108.518395
4125.1567,37,108.533231
3034.5881,29,108.568661
3455.2812,13,108.568731
325.3728,5,108.572544
1057.9626,25,108.572613
12009.554,45,108.582053
8281.474,48,108.593428
9504.208,34,108.596681
7770.0713,33,108.596737
5402.305,61,108.607445
516.2123,2,108.607564
-109.98337,4,108.607586
15900.785,46,108.607596
605.0348,2,108.62162
477.6609,14,108.621707
4198.528,36,108.625168
114.22612,3,108.625216
731.7477,8,108.627999
739.3705,5,108.632016
630.70074,3,108.63581
6294.9214,28,108.64205
8513.078,27,108.652239
5300.458,32,108.660299
1530.2606,15,108.671415
7666.552,34,108.671496
5963.7725,40,108.682385
6043.8726,41,108.682463
5731.83,35,108.689206
9545.647,37,108.694461
3341.5586,24,108.69456
510.27878,2,108.714859
8562.054,54,108.714927
2035.1792,15,108.714944
3647.1724,46,108.714952
1281.1726,18,108.714957
2677.2295,18,108.721495
39.918,3,108.729842
1035.3262,9,108.737529
4595.249,19,108.740908
395.57852,2,108.74095
540.55786,4,108.758661
1756.7045,20,108.762205
1760.4451,7,108.762258
12161.737,54,108.762277
751.9058,5,108.767264
4149.708,28,108.770697
8049.7417,37,108.774434
526.02875,3,108.774494
318.757,2,108.774507
525.7395,4,108.774513
1891.098,21,108.786377
199.81873,2,108.796598
528.15497,5,108.796675
4657.1973,27,108.808601
1397.0786,16,108.811687
1695.2408,16,108.811736
554.5189,6,108.817079
1139.319,6,108.81713
10233.529,43,108.840319
2556.5667,9,108.840373
9792.685,41,108.840388
1564.19,8,108.840395
9869.649,52,108.843302
251.82736,3,108.863228
1003.39087,4,108.875226
2766.8616,42,108.875285
4842.8584,20,108.88416
3432.4512,26,108.887733
5841.716,31,108.887784
528.71155,2,108.887797
1067.8772,6,108.903124
316.04108,2,108.906645
1056.0433,4,108.906697
389.74713,3,108.909597
123.014496,5,108.912565
5657.8486,32,108.924089
5357.4375,31,108.924167
410.61557,3,108.924185
5705.5195,32,108.924192
2150.2446,15,108.939307
11830.57,39,108.957467
3715.2595,15,108.957531
669.11847,5,108.960809
7215.974,22,108.960859
11836.548,58,108.963615
908.29865,8,108.97725
969.6139,4,108.989431
3708.95,18,109.012439
1806.7477,10,109.015436
13906.392,52,109.023935
1939.806,21,109.023983
737.64233,6,109.031673
2422.7205,11,109.053548
1215.0227,36,109.056857
13146.576,43,109.056908
10402.149,40,109.062063
6739.0747,45,109.08631
10792.853,44,109.086376
4945.704,29,109.086393
11183.734,38,109.089916
476.61948,6,109.092705
206.58615,4,109.098982
13580.95,51,109.113335
1052.962,7,109.137242
6715.0674,36,109.13731
5833.17,53,109.142787
2037.4944,10,109.146063
370.1551,2,109.15264
3135.6736,36,109.163751
10027.898,47,109.18133
3889.9065,17,109.181387
2318.4211,9,109.184745
12847.507,46,109.184795
3055.832,12,109.187852
1306.962,5,109.187908
450.59784,3,109.191108
11465.526,44,109.20477
197.3559,4,109.211098
13779.613,47,109.211161
4391.94,18,109.21118
603.5345,4,109.22405
434.91742,2,109.249972
875.5452,5,109.253186
985.9144,8,109.255899
679.8899,10,109.276276
5364.054,53,109.279035
1765.3364,14,109.282987
746.777,10,109.28305
825.93744,6,109.28307
6838.5312,35,109.293983
257.71674,3,109.294049
13343.494,43,109.294067
796.2404,4,109.313116
1908.962,9,109.316365
151.44437,16,109.322159
673.0676,5,109.322202
947.10754,6,109.322214
716.9087,3,109.325098
9467.364,58,109.325145
12735.949,69,109.328559
8667.235,43,109.328606
542.98596,2,109.328619
3176.9917,52,109.345097
493.08994,3,109.35146
1152.5703,5,109.354742
400.64783,2,109.354791
912.65356,3,109.447349
3533.492,33,109.460451
1930.2456,23,109.460541
1362.5327,8,109.460557
13984.329,57,109.476983
335.03094,3,109.490614
10964.0,104,109.496369
9647.409,33,109.496417
13695.843,48,109.527422
1202.2582,79,109.532669
13683.019,46,109.538902
11893.441,54,109.538958
11427.081,60,109.539025
6300.886,17,109.554375
211.07596,3,109.560518
5419.627,28,109.565615
1361.8934,14,109.565708
1783.0249,12,109.565732
2652.1616,13,109.569338
5203.7065,38,109.574533
2015.862,9,109.587336
1447.523,8,109.587384
5147.4346,25,109.591279
6336.6177,67,109.591329
6921.196,33,109.591343
5666.3926,40,109.59135
812.23773,3,109.60684
13644.732,44,109.612694
469.10696,4,109.612803
1219.2908,11,109.626552
1927.278,12,109.626622
6657.9263,34,109.626639
696.5457,3,109.642779
2748.982,15,109.649345
3025.401,15,109.649415
8693.893,50,109.649432
1769.666,25,109.671314
96.10483,3,109.70463
635.82434,5,109.704695
1556.8014,10,109.708409
-198.27203,18,109.708469
5574.53,27,109.708485
10964.091,40,109.708492
9976.805,46,109.711144
12808.14,52,109.713814
1071.1575,5,109.734263
1762.044,11,109.73826
909.7578,6,109.751237
1092.4318,6,109.751312
3725.5713,17,109.771673
-48.383545,7,109.771743
2380.5256,61,109.775955
8635.375,33,109.776016
13652.678,49,109.792332
965.6916,10,109.792406
1462.1692,21,109.795774
332.1487,5,109.798831
1561.9216,6,109.804284
2208.692,8,109.81349
12316.3125,66,109.813558
13557.367,32,109.813575
1866.6997,25,109.822433
74.534874,2,109.840839
4484.7007,28,109.840899
13690.358,39,109.844089
3678.2559,35,109.847976
1393.8641,11,109.875799
683.2324,3,109.878778
1388.4683,6,109.881493
11606.535,41,109.88904
674.6539,4,109.909125
1406.2671,6,109.91223
7366.4297,42,109.912271
502.61465,2,109.915162
3328.9949,30,109.915205
2159.8691,23,109.919293
1411.1908,25,109.919352
8373.555,47,109.919367
657.3158,2,109.922252
7317.018,25,109.935999
251.04584,2,109.936083
710.8049,3,109.940585
4598.1216,19,109.948931
2038.3506,18,109.954394
441.5581,16,109.970165
1018.64777,8,109.970236
-1.4612732,2,109.970251
1698.3494,22,109.970259
855.8995,3,109.970265
2154.3318,7,109.970272
8675.867,31,109.982279
4981.7627,34,109.989757
1740.1333,7,109.989823
5830.2554,37,109.994557
5551.6597,31,109.994625
433.40985,4,109.994641
2207.5437,19,110.012927
494.62234,4,110.012999
4997.5312,30,110.016302
816.58044,3,110.021929
293.93185,3,110.022043
897.037,3,110.022068
5281.5605,39,110.022078
2433.6655,7,110.035253
2712.8147,12,110.045658
1446.504,10,110.056263
3051.3193,14,110.056333
1331.5751,11,110.078017
237.45837,2,110.081238
2299.7363,10,110.081283
3246.1582,12,110.08987
7862.994,35,110.089924
3828.4106,19,110.08994
310.07892,2,110.093308
787.05194,6,110.093364
1124.5156,5,110.097386
296.78992,2,110.097459
7767.2783,53,110.097475
5837.824,35,110.097483
1900.6521,10,110.106219
659.6687,2,110.116596
3204.796,18,110.12118
11140.309,54,110.121246
452.8814,3,110.129297
2306.993,11,110.144424
1592.3818,9,110.155717
2219.3738,9,110.178114
1693.7194,7,110.178162
1792.8547,14,110.178174
7423.1167,22,110.180862
4812.292,25,110.189832
3114.5586,73,110.189898
5006.3594,25,110.193616
5550.6714,24,110.19368
2825.9236,18,110.193697
2708.7769,13,110.203386
188.62445,3,110.22299
2854.734,19,110.226278
12103.07,36,110.231576
8865.673,44,110.231628
681.6228,8,110.237173
325.05405,2,110.237222
1459.4517,5,110.247209
4514.816,26,110.247269
6049.6104,37,110.247285
9548.481,40,110.277919
2483.0732,15,110.280642
1532.2488,41,110.293523
380.4584,3,110.293598
254.34283,3,110.311143
3987.6655,16,110.344019
4260.4897,26,110.347034
5258.9697,39,110.347074
13228.922,41,110.357023
853.6026,11,110.357084
12691.874,44,110.370087
1072.307,3,110.370147
1206.7863,5,110.382277
56.026154,3,110.382365
2421.4072,13,110.394359
969.3935,24,110.39442
2321.39,46,110.39444
3280.6987,54,110.398107
5357.6514,33,110.410594
4497.6553,40,110.431771
2241.3716,7,110.436922
9906.909,39,110.442502
3481.7136,12,110.445358
11209.411,42,110.454157
3548.044,14,110.454232
616.04004,2,110.471275
3997.0789,21,110.471336
1019.41516,10,110.474854
11986.231,51,110.478652
12684.827,40,110.478709
10909.561,35,110.478723
625.116,8,110.47873
642.2169,3,110.500609
3115.6,18,110.504222
3288.3464,17,110.504263
11183.77,38,110.504275
6644.554,47,110.506997
7214.4204,40,110.509542
813.4957,7,110.512686
13514.919,53,110.512733
38.481476,2,110.518738
2930.3103,12,110.527594
1328.0945,6,110.527655
4962.7773,24,110.544678
11528.051,46,110.544747
785.29834,5,110.544764
2188.9937,9,110.547831
613.61755,16,110.559366
123.45384,2,110.559421
34.708405,4,110.559437
1998.6466,31,110.565791
1412.8561,4,110.565851
1109.3235,4,110.576287
697.11115,6,110.580573
440.65726,2,110.580637
7592.9976,33,110.607855
2370.4712,68,110.613125
181.5498,9,110.615795
1951.349,15,110.621737
5073.75,21,110.621797
6239.757,31,110.627358
2187.6494,11,110.648833
5772.8926,26,110.665458
11672.34,46,110.66553
8575.06,29,110.66556
2222.746,8,110.669751
11542.015,47,110.682853
474.1364,3,110.686242
4509.4766,31,110.689958
7940.09,42,110.700937
12356.951,37,110.701017
624.87354,2,110.701045
6341.0,21,110.715897
11859.097,48,110.729178
11383.183,45,110.729264
3136.984,11,110.740396
684.6034,2,110.744711
817.54004,4,110.744782
1173.8525,6,110.748608
1629.3748,10,110.748676
-619.51276,11,110.761628
1917.0356,7,110.78859
5584.099,34,110.796672
4196.113,35,110.799574
7952.304,41,110.802839
839.59753,8,110.802891
10836.976,35,110.805982
1656.9939,10,110.806039
461.06177,2,110.825709
6453.215,31,110.825794
1934.7324,29,110.839359
1820.6506,9,110.839423
5993.144,56,110.847929
375.35654,2,110.859322
2258.8542,22,110.859387
3044.907,19,110.859417
646.7893,8,110.866119
10255.285,40,110.866183
138.55304,5,110.879223
1747.237,7,110.882549
1883.2004,20,110.885852
792.13715,4,110.888856
825.55634,7,110.891727
9441.618,44,110.894957
1897.2131,16,110.894998
4464.2915,31,110.89501
773.57965,10,110.897714
734.11884,2,110.911153
2719.1152,14,110.914683
3.1784668,4,110.914739
3911.3655,45,110.919912
121.7103,4,110.91998
2036.58,18,110.919997
14037.856,69,110.923253
412.01526,2,110.926505
1672.45,9,110.93988
799.6581,5,110.939949
963.52466,6,110.945903
710.10254,2,110.94596
764.4882,2,110.945976
9346.705,33,110.945983
7278.633,31,110.949245
6793.204,48,110.952178
1299.2281,4,110.961863
435.44586,40,110.962034
1018.43304,5,110.976166
364.25037,5,110.976249
5011.1855,36,110.976267
2223.4338,20,110.979985
343.24554,3,110.983909
322.987,2,110.983991
735.1702,3,110.984006
809.56177,7,110.987527
6350.1187,21,110.997967
1608.6937,7,111.022159
989.5398,5,111.025738
12070.749,47,111.025799
2951.5925,23,111.028824
10186.473,31,111.028876
4749.831,20,111.032464
-98.507614,6,111.032526
417.93863,2,111.032542
5730.1743,31,111.038504
188.51787,2,111.043046
2415.6326,37,111.06582
3247.6255,44,111.065879
11780.134,35,111.084563
1182.8544,12,111.096766
727.6656,3,111.10814
-283.07788,2,111.114492
11622.64,49,111.114552
2243.7422,30,111.114567
1964.7849,12,111.114574
4840.7637,28,111.117386
1538.5195,22,111.120454
-407.31567,5,111.128301
1768.3898,19,111.128354
645.6477,7,111.148052
12807.949,40,111.177563
1924.1062,8,111.177629
1270.3412,10,111.180788
1475.197,44,111.183653
8787.257,45,111.18874
7984.089,39,111.19136
13857.323,50,111.194624
1236.3562,10,111.194678
2480.335,10,111.194691
84.24219,4,111.221958
819.25494,5,111.229075
1848.5616,9,111.229132
2144.6895,12,111.234695
1735.8323,10,111.238398
4613.968,26,111.238476
10480.05,44,111.238493
4349.746,44,111.25525
1838.2422,6,111.255306
106.28468,2,111.259067
29.109985,2,111.259124
4243.6177,46,111.26325
553.71155,2,111.263308
1257.8741,11,111.263325
7814.1426,34,111.275195
12909.51,42,111.285802
532.17596,4,111.285868
344.81332,3,111.285884
13476.062,42,111.300894
1962.9661,45,111.305518
5688.671,44,111.305587
781.8836,11,111.309129
3440.5776,18,111.30918
-235.50484,3,111.314682
10789.565,42,111.31473
6092.2725,58,111.318512
1299.4274,7,111.318596
1672.1997,14,111.321773
1027.826,13,111.332549
543.1655,13,111.342538
-83.300964,2,111.342629
1921.905,13,111.342657
803.161,7,111.353321
10529.287,33,111.353389
669.6575,6,111.368651
876.37415,17,111.390232
592.5221,7,111.390301
4028.2043,37,111.390319
7729.5186,57,111.393526
11978.105,47,111.393578
292.39148,2,111.400254
13880.374,47,111.400316
595.52496,22,111.400336
4131.0938,40,111.400345
1219.37,8,111.404552
270.42673,4,111.404622
5496.591,30,111.40464
690.6729,3,111.426756
-64.231445,4,111.431136
1646.4202,15,111.43119
472.78778,7,111.445188
5799.5938,28,111.454608
5986.607,29,111.483602
1257.7377,6,111.483681
1633.5717,22,111.483698
1144.5106,7,111.486585
4014.271,17,111.495052
5817.6934,29,111.495093
393.26364,3,111.495105
722.85846,5,111.497626
592.3295,9,111.500281
5041.6284,30,111.534373
735.4666,6,111.534441
1991.2754,11,111.537314
4645.3,40,111.54291
778.8177,3,111.542968
1639.5138,9,111.551591
3235.7637,15,111.563532
5794.347,30,111.575618
8719.868,42,111.583967
376.0014,3,111.5896
12171.613,40,111.598187
7018.8184,60,111.60836
6641.191,44,111.608423
13641.904,49,111.618116
878.46515,3,111.618191
4869.083,32,111.630188
672.8899,8,111.630302
8979.294,34,111.634424
1597.9453,15,111.641139
1896.0615,15,111.659645
11141.035,46,111.65972
8710.991,37,111.659737
7825.9683,62,111.659745
1103.9297,6,111.663503
1356.3701,7,111.663584
139.21777,2,111.687471
1256.4043,8,111.687539
2096.0955,7,111.687554
2044.8031,9,111.701237
189.67523,8,111.711149
468.09943,5,111.711203
2161.9763,28,111.711219
4165.8047,21,111.711226
3818.4995,48,111.711231
2235.877,16,111.713936
580.39246,2,111.716577
631.32947,5,111.733745
1093.3793,6,111.742171
1726.1387,7,111.745774
9362.73,38,111.749351
1603.9177,8,111.74941
8514.636,29,111.749427
2139.4292,20,111.758591
247.09311,3,111.776053
7930.4297,43,111.791049
7136.7065,28,111.794398
1549.3984,22,111.794447
368.48193,8,111.800524
4805.922,54,111.800582
2525.4624,61,111.800599
1808.2904,8,111.800607
-2.0168457,3,111.803853
2052.8357,25,111.8039
4797.9136,23,111.806576
817.7122,3,111.81206
1509.9225,8,111.822067
1141.8785,5,111.822133
13169.478,40,111.833798
630.1489,7,111.847376
8251.402,30,111.847458
1005.3263,4,111.859843
-271.99603,20,111.882882
441.9354,3,111.882946
252.52252,11,111.89171
1077.9379,3,111.904649
4546.6274,24,111.928572
3634.7722,74,111.932584
3400.8877,12,111.932637
919.105,12,111.932653
319.644,2,111.942017
13106.605,54,111.958268
8575.598,33,111.961537
13871.799,48,111.964788
6769.114,32,111.96484
442.68774,6,111.983038
139.25397,5,111.985898
7114.163,31,111.997084
9627.277,48,111.997144
13315.97,51,112.014732
9906.077,35,112.029984
9213.331,55,112.030043
5390.202,31,112.030058
754.8822,3,112.042142
10097.0205,46,112.042214
735.4714,2,112.042234
1162.4061,4,112.059876
421.95105,2,112.064848
3232.3306,16,112.080991
8588.353,33,112.085013
11121.013,32,112.08507
35.153107,3,112.090694
5634.5933,31,112.09345
13799.242,41,112.097555
396.3479,3,112.109518
2308.5513,27,112.109583
1053.628,4,112.1096
3246.1973,18,112.122222
6235.149,37,112.126047
1263.6741,5,112.15077
776.37317,3,112.151105
8505.046,34,112.158179
1699.2423,21,112.162442
1059.9342,13,112.162492
1593.67,7,112.171784
2501.3438,23,112.248873
860.6485,3,112.248932
4221.715,40,112.26413
859.1189,7,112.264189
1316.4507,9,112.281039
758.6968,8,112.281091
5972.959,30,112.281124
1412.9867,5,112.295504
13410.114,48,112.306097
276.689,2,112.30618
5538.635,54,112.310585
4016.635,30,112.310656
1124.8213,19,112.331656
4960.9214,28,112.340334
10434.66,37,112.348742
948.93164,9,112.376695
11820.323,54,112.379728
14092.605,71,112.38259
9194.66,31,112.388472
1030.5952,5,112.405686
13603.359,54,112.409794
3011.9622,93,112.421051
437.50226,16,112.44991
876.58887,3,112.449976
6024.697,54,112.453005
5036.778,37,112.456035
1625.9344,22,112.456074
6677.0156,24,112.468387
966.97516,11,112.468454
231.96844,2,112.468471
1310.1527,11,112.474663
5551.306,30,112.474716
2176.5142,9,112.47473
6241.668,21,112.477785
103.67148,3,112.477835
1648.1337,8,112.483413
13306.502,57,112.493364
108.72133,3,112.493445
830.1559,4,112.505048
-129.79031,4,112.527302
2052.555,11,112.52736
8675.769,38,112.530303
5151.21,25,112.530345
11931.215,34,112.533141
4829.0586,40,112.536069
1258.9657,9,112.53867
2877.7231,17,112.542377
12860.884,47,112.552776
-25.57138,2,112.558135
4608.427,43,112.561158
5972.9985,36,112.581188
9688.817,52,112.581256
518.88257,5,112.592283
2734.5964,12,112.595706
147.855,2,112.59576
10998.348,47,112.609287
1303.344,4,112.613526
2128.2534,26,112.613592
2430.896,13,112.617308
1193.4766,14,112.617513
1697.7249,26,112.620825
1606.8552,22,112.620877
580.469,2,112.62366
447.70184,3,112.637435
2112.5828,10,112.649101
3635.0408,15,112.649168
7840.227,40,112.671309
2367.9473,9,112.671373
1322.6893,11,112.685332
9037.409,57,112.685397
1073.6952,3,112.685416
767.27356,10,112.685425
334.31122,4,112.69852
5941.944,35,112.69862
1047.7352,24,112.710529
12370.175,42,112.710583
487.6385,2,112.724149
292.43414,5,112.724214
920.6425,14,112.72793
13771.429,38,112.73919
9642.267,45,112.744232
76.746124,3,112.769617
1596.5941,10,112.76968
3585.4302,35,112.783238
2554.05,13,112.798182
435.37292,3,112.810627
12861.914,95,112.822928
10178.57,41,112.82876
5739.1963,31,112.828841
52.956604,5,112.82886
1606.8228,5,112.838478
8936.624,41,112.838554
3323.7139,23,112.856671
13778.152,52,112.856725
1660.2957,15,112.856738
10134.817,31,112.856743
311.35376,3,112.863345
2059.4912,29,112.863399
12343.0625,37,112.863413
448.66885,5,112.86604
3000.0469,16,112.869862
1307.5647,7,112.884756
261.41077,5,112.887856
993.0322,8,112.921175
3410.2957,18,112.924451
5310.5874,41,112.924502
6353.197,19,112.927107
7859.1396,36,112.935862
5417.7095,40,112.95682
7893.562,35,112.959962
10451.307,34,112.965669
10106.655,43,112.97121
601.74176,9,112.971269
3180.4736,23,112.971286
554.6127,2,112.984706
8370.902,42,112.990488
1220.7988,12,112.990537
9389.129,31,112.9956
1275.8179,9,112.995647
708.59784,7,112.998436
5466.4644,31,113.001526
6701.908,35,113.006516
13372.662,37,113.006599
2085.898,52,113.006616
1813.4846,6,113.009844
147.64319,6,113.022707
1213.5245,4,113.03421
9385.444,39,113.045614
11975.711,39,113.045689
2350.9758,12,113.045707
1173.7583,10,113.045717
5910.0566,25,113.051479
127.16449,3,113.051551
10326.962,38,113.051569
6735.4795,32,113.051579
1727.3689,7,113.051586
161.61737,3,113.060824
643.8978,3,113.065625
699.6603,7,113.065697
4190.7285,18,113.06572
8255.368,50,113.065732
1531.2471,10,113.080611
13551.059,50,113.092444
34.08895,2,113.103107
4655.222,30,113.103165
904.2778,6,113.10701
912.6245,8,113.11857
2503.477,16,113.118655
13270.099,47,113.143049
576.19653,2,113.148531
879.6136,7,113.148581
5969.403,72,113.169328
684.9568,8,113.169383
3729.732,15,113.169399
655.96686,9,113.174839
1010.64777,13,113.177425
7660.951,38,113.180483
10402.58,34,113.180531
9140.218,42,113.192383
326.89832,3,113.192571
1939.6917,20,113.210706
4904.7534,20,113.210764
1035.77,6,113.214038
2712.617,24,113.219456
7375.017,30,113.219537
1209.637,5,113.219553
696.6022,3,113.230795
6219.2837,25,113.230845
718.7763,4,113.230859
5804.5234,36,113.243477
691.34106,4,113.248729
-34.47827,5,113.261002
864.9787,8,113.261073
1953.1262,15,113.277882
898.6393,17,113.277949
762.7218,4,113.281154
2293.9646,10,113.286831
1356.049,7,113.286891
1281.6963,19,113.286906
11755.42,33,113.286914
770.80676,4,113.296387
957.5925,4,113.316391
2543.8154,8,113.328682
1.3361053,12,113.328741
3139.676,22,113.328757
309.711,2,113.338434
3303.559,14,113.343952
4777.6445,33,113.358271
9853.091,44,113.364177
5817.4097,45,113.36708
1354.7893,4,113.379298
9619.808,43,113.379415
9636.17,46,113.384674
445.6203,2,113.38475
1650.3323,13,113.384767
1549.4186,9,113.398856
2640.0317,25,113.425783
318.9837,5,113.429397
539.99176,11,113.429458
529.57904,4,113.444846
1424.176,6,113.447898
5362.356,23,113.452623
3.7041626,2,113.452688
5956.3896,51,113.452705
7412.7495,24,113.455796
340.0841,2,113.459569
4530.879,40,113.459638
-109.18091,3,113.459655
158.48183,2,113.47631
1074.2781,7,113.476365
4403.0444,19,113.476381
495.99982,7,113.489879
4002.4412,26,113.493536
1435.5559,5,113.509063
3979.2893,29,113.5121
2036.1333,34,113.515552
207.79044,7,113.5156
282.89493,2,113.515613
5734.12,57,113.519867
116.54766,2,113.523172
13170.876,45,113.523221
913.7911,10,113.540772
650.6438,10,113.549659
1890.1292,13,113.549734
4728.214,21,113.561068
6200.8364,36,113.561132
1318.5447,6,113.575938
13881.18,47,114.833697
345.7156,14,114.845685
9119.535,34,114.845752
324.41956,3,114.845767
1838.5723,28,114.866483
11192.821,42,114.880377
4715.3237,14,114.88493
1272.3534,8,114.884995
6334.4966,18,114.89488
1919.5465,21,114.900408
12146.963,41,114.913891
11589.884,35,114.913976
3468.593,15,114.917272
347.08508,3,114.941535
1336.9567,19,114.952014
193.36362,2,114.969098
7584.4185,36,114.986806
3512.1252,14,114.995692
1195.8691,14,114.995745
3072.8528,13,115.015687
1334.241,7,115.026425
10440.067,54,115.063228
3978.8315,35,115.063282
10275.669,31,115.075993
9111.669,48,115.076057
10466.925,39,115.091145
5264.704,31,115.094393
1028.6716,13,115.098382
1763.8191,9,115.098442
11485.719,34,115.098457
1166.6305,5,115.098465
2580.005,39,115.098471
1674.1008,6,115.110156
3464.6533,22,115.113633
6840.9014,26,115.117459
803.4545,4,115.117529
8134.71,32,115.117546
7394.431,34,115.12167
376.00455,5,115.121728
8988.075,44,115.121763
738.59814,5,115.121772
1042.803,50,115.135592
283.38492,4,115.135709
23.97467,8,115.135738
5233.306,31,115.144653
469.4736,6,115.144704
451.51862,2,115.157417
277.39038,5,115.160916
1785.7554,6,115.181341
3818.822,48,115.181395
374.0286,5,115.185152
10810.809,42,115.185204
323.28186,2,115.188623
1031.552,12,115.188669
2170.6729,8,115.19166
335.74475,2,115.195211
1742.6747,19,115.207647
3319.136,18,115.238122
1262.2306,6,115.252883
9804.932,39,115.25296
10389.629,63,115.273153
1803.4154,6,115.273202
9370.179,30,115.276472
13164.527,57,115.276519
289.88635,3,115.276531
3689.45,27,115.27911
-38.016937,2,115.281735
751.224,3,115.284998
4040.1433,32,115.295549
1593.3573,8,115.29562
402.73795,3,115.307053
167.09473,7,115.310968
549.1292,3,115.321536
9791.036,71,115.350078
4820.8506,22,115.350174
909.2008,8,115.361503
5765.6104,35,115.378752
10481.24,88,115.378826
1677.2781,15,115.3899
2010.7808,15,115.414291
10847.102,39,115.414348
10906.145,49,115.414364
701.32556,8,115.42812
-205.97842,2,115.433259
6022.759,41,115.433317
1612.1125,7,115.433334
3972.0115,17,115.441612
1174.2861,11,115.441677
174.20682,2,115.441698
397.2128,2,115.441707
932.59973,5,115.451399
525.11707,5,115.451491
534.70325,2,115.462151
7880.7354,45,115.46221
2858.4094,36,115.465433
464.25793,4,115.468214
10259.139,37,115.471275
1340.6117,9,115.474782
6148.345,22,115.474839
6477.66,29,115.478589
1849.2375,6,115.478647
12827.543,37,115.478662
788.0086,6,115.481596
147.02559,2,115.492211
5278.251,44,115.496287
432.21002,3,115.496336
919.6927,11,115.499275
6733.4736,54,115.504707
12235.905,39,115.508055
13585.431,55,115.508111
408.7383,4,115.508126
13669.089,56,115.530796
1186.1344,12,115.542968
11486.9375,40,115.546217
740.8013,3,115.546262
1385.6456,10,115.555139
697.9208,3,115.56965
1150.052,3,115.569707
1492.4343,9,115.572495
8108.7905,34,115.575265
2694.8516,12,115.583036
1815.0537,27,115.583092
610.60345,3,115.593708
356.21512,4,115.593803
4395.668,20,115.593831
574.8814,4,115.593842
19.590607,2,115.613414
7866.6777,27,115.628861
8000.3916,22,115.628921
1199.0817,4,115.628937
5052.513,30,115.632364
915.7017,7,115.63242
11342.031,39,115.632436
886.73083,3,115.638303
9671.629,48,115.638355
7188.3057,29,115.63837
337.53296,3,115.641304
408.17,2,115.644766
60.028564,2,115.644827
10591.566,36,115.654088
1069.0466,4,115.667851
13775.448,47,115.677523
5971.01,36,115.717007
1139.6123,5,115.71708
5028.9907,38,115.749067
2858.5266,34,115.749122
12025.34,43,115.749137
1114.2633,31,115.749144
990.1928,9,115.752166
4706.301,27,115.755301
292.99753,2,115.755349
663.41693,2,115.764495
275.9391,3,115.764566
536.92004,4,115.777807
263.26044,4,115.777874
2392.6567,16,115.79231
10622.105,36,115.792389
2848.2915,17,115.812934
2596.4312,12,115.815956
6875.164,30,115.83158
927.1675,5,115.831655
1299.549,9,115.855277
1883.3071,27,115.855375
3336.1943,16,115.855416
-190.72635,3,115.865083
10931.946,41,115.87728
197.03098,5,115.894667
1931.5118,7,115.89474
3123.2456,14,115.897811
991.024,15,115.900936
1442.0094,13,115.911927
12816.429,34,115.924712
919.84314,9,115.932678
9235.303,40,115.932729
1685.3275,10,115.935942
2948.3315,61,115.955684
864.917,12,115.955729
1345.5763,11,115.958451
7085.5205,46,115.960995
460.78015,3,115.976422
11753.752,50,115.97649
1950.8828,14,115.979393
6356.64,20,115.998424
13644.653,44,115.998519
1906.622,19,116.016085
13983.034,42,116.016143
10920.319,51,116.029358
1094.0713,7,116.029407
552.19226,2,116.035816
689.7733,8,116.035887
9797.195,56,116.035905
6004.3467,24,116.035911
2637.6252,10,116.053603
2102.2664,16,116.057515
154.71875,4,116.079091
11919.944,40,116.092304
2048.315,19,116.092401
817.1537,5,116.092419
617.31824,2,116.110155
8184.9517,29,116.113335
1016.09393,10,116.11338
238.61697,4,116.12475
4563.6616,28,116.124867
1485.1455,10,116.141705
1058.1349,4,116.165801
10659.759,45,116.169531
4439.03,49,116.187346
13676.599,69,116.190929
13342.384,51,116.190972
1477.6064,13,116.196061
593.7724,4,116.198721
9075.807,37,116.208846
7061.0474,38,116.224997
6779.428,37,116.225081
751.7483,4,116.247206
4343.192,15,116.250238
1728.5747,10,116.254995
7825.9214,53,116.257787
8415.331,31,116.268413
3104.898,18,116.279643
879.9836,3,116.279721
2134.902,27,116.282674
8750.409,35,116.286483
1292.9261,5,116.313028
1785.1708,7,116.313104
984.1393,5,116.316203
115.85101,5,116.320126
7485.7617,26,116.320201
9041.035,34,116.320215
6190.547,20,116.320221
192.7131,3,116.323763
2930.3752,16,116.323811
5516.389,31,116.323824
758.848,2,116.326934
13520.483,51,116.335869
6304.1675,19,116.347214
1260.5225,12,116.347295
373.82382,4,116.3597
11417.219,46,116.376468
1201.3989,5,116.379993
254.9149,6,116.380043
2038.798,31,116.380058
413.74496,4,116.382859
9291.725,38,116.38562
2839.903,18,116.388793
888.64984,5,116.410017
7717.329,32,116.413308
680.0465,6,116.41344
4355.3877,55,116.416529
3203.3828,27,116.416574
871.9906,9,116.431689
2297.86,8,116.451929
8095.03,39,116.452003
13418.117,46,116.477637
-83.25412,3,116.481068
2272.7603,21,116.481124
7944.172,57,116.569753
213.48077,15,116.580845
2407.3953,8,116.580903
571.64264,3,116.611749
1242.8951,13,116.644939
1529.9154,16,116.648651
943.91406,15,116.648709
4199.4917,26,116.648724
13681.03,47,116.64873
8040.341,26,116.678467
3090.6965,10,116.678524
9712.867,38,116.683966
15937.734,52,116.700496
8795.632,44,116.710637
13566.822,41,116.710713
12472.332,45,116.728084
4775.244,17,116.733527
1949.4694,9,116.747722
1172.793,9,116.747811
1064.9973,6,116.762657
512.32684,3,116.766365
8767.515,32,116.770223
10543.863,42,116.770293
6449.148,26,116.773982
7990.957,56,116.774045
10883.738,53,116.777514
10297.621,37,116.777575
12429.972,58,116.782585
8504.606,24,116.795481
1212.7737,5,116.799008
8832.749,50,116.799055
8699.71,40,116.803608
2246.2852,32,116.80369
10181.203,45,116.803708
862.3135,6,116.814895
858.03265,3,116.814989
12910.716,46,116.833384
12172.519,52,116.833428
2098.9836,6,116.843014
9776.993,32,116.853697
2597.3193,12,116.871177
2112.0364,10,116.871244
15847.434,43,116.87126
5330.6885,23,116.883282
9054.837,40,116.906964
258.82996,2,116.90703
5684.2734,59,116.92739
1859.5146,13,116.93044
5271.553,39,116.933356
862.23047,12,116.936301
3897.0796,16,116.939591
630.7621,2,116.93965
8129.021,27,116.954441
10461.704,41,116.960641
5848.4355,32,116.963843
8790.618,32,116.968313
1406.3457,5,116.980083
2040.3542,20,116.993502
3936.9944,28,116.993563
9576.925,37,117.014556
12081.063,38,117.014644
439.1727,4,117.021337
142.9107,3,117.021426
4446.6,64,117.021444
2512.2175,12,117.03082
8284.004,32,117.030911
556.0962,3,117.063471
10957.843,39,117.066735
13702.463,45,117.066786
11388.202,37,117.069549
1928.0437,28,117.077583
575.0256,3,117.077653
447.53317,2,117.077671
201.27515,2,117.101171
4166.3833,26,117.131241
688.95984,23,117.135418
319.644,2,117.150067
684.3317,9,117.150159
3562.8608,34,117.150177
1552.3463,14,117.155035
379.68,2,117.167928
3668.7478,23,117.184999
7338.3423,32,117.185059
311.43658,2,117.201787
174.67708,5,117.219568
12696.816,42,117.219662
2215.9321,10,117.231138
732.27136,4,117.231189
9595.328,47,117.247256
1448.116,6,117.24735
79.51318,2,117.272292
1839.8772,7,117.272396
9895.348,34,117.272429
5742.5723,30,117.296487
1007.41425,3,117.300231
10208.369,64,117.300285
1004.8347,6,117.300302
157.1795,6,117.303453
852.8375,4,117.303516
12154.641,51,117.312216
11829.528,53,117.312272
2845.6934,10,117.312288
4055.0112,16,117.312296
12432.869,39,117.318107
1094.5402,3,117.329452
9330.599,40,117.333873
885.7954,8,117.333939
2243.7769,41,117.345483
1976.7009,9,117.34557
13651.489,41,117.345595
6291.9,43,117.349523
381.04977,3,117.354563
10571.254,57,117.354633
214.74149,5,117.354648
1315.1674,9,117.377559
10062.681,35,117.377637
9160.511,37,117.377656
466.98654,4,117.399676
12456.268,42,117.405601
525.33496,2,117.405662
12504.236,53,117.405692
3830.8494,19,117.427207
208.50967,3,117.42727
4358.1045,21,117.447386
4323.9883,17,117.452143
8619.055,37,117.460106
1625.9834,8,117.460191
1760.5499,17,117.469415
2237.8218,10,117.47902
4048.6846,25,117.498614
2504.6018,31,117.506185
10198.939,47,117.509449
50.16577,24,117.509517
13429.003,47,117.515031
845.22205,3,117.518028
7208.612,35,117.518288
3778.4277,21,117.530892
2100.2112,26,117.550279
6953.569,30,117.550341
7294.991,33,117.554067
1255.7166,11,117.558566
10786.182,43,117.558609
1568.7467,11,117.561935
671.6142,2,117.562009
222.57074,2,117.571999
513.76434,3,117.572077
5496.8877,37,117.572094
174.83377,2,117.579414
328.66766,2,117.579474
11188.693,33,117.583189
617.5443,7,117.586506
8156.5483,31,117.598353
889.78235,13,117.602572
7428.7295,19,117.602645
1497.7017,9,117.607117
12978.48,44,117.607186
6178.9897,35,117.607203
871.5047,9,117.61382
5665.614,36,117.618011
8138.216,34,117.61807
415.51288,2,117.624068
11376.437,39,117.63595
3882.3323,24,117.636013
11458.842,52,117.636029
217.96225,2,117.653847
10847.314,48,117.663003
671.31915,9,117.667338
2667.9136,51,117.667392
672.051,5,117.676457
664.0561,4,117.680615
429.32068,2,117.68068
5690.745,26,117.683568
3181.59,39,117.68627
413.7947,2,117.696998
327.29858,6,117.697057
2990.5066,16,117.697097
1744.3866,12,117.705875
2169.013,21,117.705932
178.70787,3,117.719356
-179.69385,4,117.744344
4002.2078,32,117.747637
1399.8754,6,117.747686
523.5819,5,117.747698
13060.201,52,117.750248
10245.239,67,117.75314
6274.308,21,117.758204
5655.3486,31,117.762279
6156.746,45,117.766856
1097.2339,5,117.766908
13636.6455,46,117.782509
4192.875,17,117.782575
1519.5063,18,117.786005
481.26898,3,117.792306
2564.0562,14,117.794972
2348.1326,10,117.800134
837.5353,5,117.816663
13499.376,44,117.820928
4156.176,22,117.820996
3986.033,17,117.823902
12442.341,39,117.827376
393.94745,5,117.827414
7793.059,41,117.827426
1058.8082,4,117.842822
2940.1062,17,117.842892
8125.2173,44,117.846216
546.3668,6,117.849047
12347.412,47,117.85285
9309.772,43,117.85292
11823.747,38,117.864494
5625.9966,29,117.869229
8153.012,41,117.869299
1516.3539,12,117.869317
1084.5135,24,117.869325
6019.0586,44,117.86933
1310.1368,7,117.874808
583.0643,5,117.885051
5008.3735,32,117.908461
454.66464,4,117.908502
1211.4412,5,117.9127
5614.008,42,117.912763
255.20435,5,117.91278
7110.708,26,117.91802
8631.527,35,117.932464
1531.6348,10,117.951803
534.2056,7,117.951865
479.43625,5,117.964142
5875.9087,27,117.990206
1293.3201,11,117.990263
2438.0208,14,118.011108
9425.517,45,118.030409
1930.806,25,118.030506
2830.383,34,118.033478
4242.815,24,118.038733
1565.8163,7,118.038795
11116.103,41,118.03881
5234.89,27,118.057878
3543.163,14,118.062328
614.5817,3,118.062371
13921.223,49,118.065515
11001.46,55,118.077104
10990.868,35,118.085374
1923.0142,26,118.085439
7217.5327,44,118.089124
895.46594,4,118.089178
422.96942,11,118.095313
1128.1229,10,118.098804
13482.978,47,118.103096
1121.1864,7,118.103154
416.33426,3,118.107409
4545.7207,24,118.107484
793.987,7,118.111032
11746.658,38,118.11644
5242.686,21,118.116485
361.17056,3,118.127984
2902.431,45,118.128068
2372.254,21,118.134536
11091.853,45,118.146207
319.75735,2,118.153483
11489.516,42,118.153581
828.0716,5,118.164742
725.10864,2,118.168213
8786.524,41,118.168267
2400.878,9,118.181374
1116.1504,19,118.181462
1312.4343,13,118.198559
1079.0554,3,118.198663
9963.119,39,118.226281
1326.9574,6,118.234666
4813.447,30,118.23473
6239.6226,26,118.258079
1123.809,13,118.267385
4897.304,19,118.26745
2613.646,33,118.267462
286.1658,3,118.267469
4194.484,28,118.267474
11100.436,36,118.267478
11369.679,37,118.267482
6271.2725,21,118.279173
402.32498,3,118.284795
99.10603,4,118.296391
13987.455,58,118.296458
6057.894,32,118.318486
8507.107,27,118.332911
11437.353,34,118.33557
639.31744,2,118.34723
3025.647,13,118.347291
11330.504,45,118.359348
8884.069,36,118.359408
623.3636,2,118.371241
12491.056,45,118.385188
8775.141,37,118.405257
1834.5952,21,118.405316
2883.2266,17,118.405333
5481.4478,30,118.408227
327.1118,2,118.411605
7340.9614,36,118.41165
1802.4132,9,118.414261
3580.7395,14,118.429249
2678.2656,13,118.429345
5694.466,29,118.447096
1787.07,8,118.44716
12543.03,53,118.447176
5257.567,30,118.449996
4097.1694,24,118.453321
4496.426,31,118.45338
12472.285,37,118.456729
517.15845,7,118.462464
12351.82,59,118.481804
13415.283,50,118.481888
816.4322,8,118.485246
1675.3416,8,118.49579
11294.148,50,118.500881
11466.326,38,118.518536
7142.9297,37,118.518595
505.38702,7,118.518611
615.64624,4,118.532895
593.95575,8,118.555906
13444.881,49,118.555974
5082.9146,19,118.561198
6442.574,48,118.566286
5981.354,28,118.569446
384.27667,6,118.579659
1532.9851,20,118.593069
5742.0244,28,118.604852
13241.529,39,118.628413
1045.768,5,118.631557
7624.39,27,118.635183
1398.7601,5,118.635235
926.78674,10,118.63525
240.98543,2,118.645713
11671.022,36,118.655152
12363.471,43,118.658743
4162.2134,27,118.658811
2473.6775,29,118.662136
3382.2441,19,118.662196
7.9432373,4,118.665561
10670.998,44,118.665619
5568.048,40,118.681396
476.24255,12,118.686639
13001.732,42,118.690549
1153.133,8,118.703677
6803.639,42,118.725218
5574.956,34,118.734763
7692.6436,34,118.738445
11075.342,38,118.741696
477.3352,3,118.763769
1466.7504,20,118.763839
4126.124,19,118.781035
13268.586,47,118.781093
13248.706,47,118.784028
5898.4375,36,118.786899
5507.312,38,118.790256
658.31116,3,118.790308
1794.7885,22,118.793444
9453.012,43,118.793493
573.84827,3,118.816231
6582.929,35,118.819303
9351.146,35,118.840444
8802.354,30,118.840497
994.1493,15,118.846018
9711.948,40,118.848671
10679.784,44,118.862062
1611.533,32,118.865007
6737.791,29,118.867825
590.6394,5,118.87204
94.7431,3,118.872089
897.20526,3,118.877688
15910.717,48,118.887126
168.12857,4,118.891509
9125.215,45,118.896937
1112.0751,15,118.897024
8556.544,46,118.911003
10411.066,31,118.911065
12216.144,49,118.921904
889.23694,4,118.921983
3486.5269,24,118.926636
2329.193,24,118.926718
1242.6979,4,118.939675
2087.475,16,118.939758
480.39383,4,118.954872
12070.441,56,118.960945
372.83228,8,118.960992
11.715088,2,118.983061
2156.0154,7,118.986775
1683.7588,5,118.986836
9721.979,40,118.999551
7885.497,37,118.999604
175.04382,12,119.031895
3994.6543,33,119.036083
981.4575,6,119.046853
1413.0361,18,119.046935
5754.9854,25,119.046962
1893.3809,31,119.046974
786.0528,15,119.050703
5749.558,52,119.075818
1102.9724,4,119.07587
2011.4257,9,119.075884
10367.19,34,119.075891
1113.4435,5,119.075896
134.44537,4,119.078977
676.4093,5,119.081975
3094.8145,14,119.082023
513.344,4,119.095722
10308.979,44,119.09579
629.42377,4,119.095807
11139.889,48,119.101195
620.7368,5,119.104118
7474.4263,93,119.104171
3303.0293,15,119.107174
187.19623,4,119.107214
6536.063,30,119.110327
2481.254,13,119.119931
6128.107,34,119.120008
346.64648,3,119.13149
1103.6465,16,119.135961
295.87546,4,119.154476
751.8399,2,119.17745
11200.813,62,119.183877
3425.8982,19,119.183942
915.5857,8,119.183956
5803.585,43,119.183962
4491.653,47,119.189938
2082.7852,9,119.277843
12087.2295,38,119.283703
1717.0674,10,119.287118
3430.5122,27,119.287187
2044.5674,29,119.287212
928.5472,22,119.289943
4037.483,23,119.293497
477.11865,2,119.293588
190.52412,4,119.310353
263.44943,2,119.310412
354.79337,3,119.31044
11562.562,52,119.331488
-174.48227,3,119.331535
943.06866,6,119.335016
1449.0812,5,119.338336
274.4537,2,119.342121
7424.662,32,119.342175
1159.6796,12,119.353328
13157.892,37,119.362532
470.47757,16,119.368805
302.75858,2,119.36886
8277.727,38,119.381984
1172.07,6,119.384808
9220.306,53,119.388038
802.46954,3,119.396214
8361.494,47,119.399865
9662.157,30,119.413351
746.1824,10,119.413414
703.1553,7,119.413427
9302.864,69,119.429076
-182.37653,2,119.429167
13148.2,40,119.445986
359.28757,3,119.477021
10860.626,55,119.480124
6258.4653,59,119.483161
1600.3292,6,119.485869
1105.3655,10,119.496101
468.54883,18,119.499823
11483.941,41,119.502837
13693.103,48,119.513793
863.06976,3,119.524363
307.14008,3,119.535164
4382.808,14,119.535232
10801.511,35,119.549704
-238.59521,3,119.578499
756.24615,6,119.582203
144.11288,3,119.582257
2108.4282,32,119.596026
2361.2454,13,119.59608
13462.66,52,119.599231
1582.2554,19,119.599277
2783.9006,10,119.611694
9618.304,39,119.611766
917.29443,6,119.614802
283.77588,4,119.619423
814.5762,8,119.619489
8339.64,38,119.619506
3577.5166,16,119.619513
367.39014,2,119.632275
2624.5251,71,119.632343
7577.2485,28,119.652677
1055.7336,3,119.652745
119.14845,2,119.652777
1240.1371,4,119.668051
5716.586,37,119.691505
2683.1619,46,119.691569
10243.333,37,119.694377
101.65991,4,119.702068
10759.815,39,119.70212
9129.071,47,119.718279
3820.33,18,119.718347
8069.6084,69,119.722356
1073.7501,7,119.731951
4891.285,21,119.732015
4408.286,38,119.743917
4326.5854,19,119.750781
570.0985,2,119.765502
1027.5583,5,119.76558
5853.865,30,119.785241
1898.0497,8,119.78529
13863.522,48,119.788001
1742.1943,21,119.805093
831.92664,7,119.820998
297.23907,3,119.841342
5893.6577,100,119.845019
7897.9424,29,119.848347
13343.122,59,119.871691
5106.2607,45,119.874898
8756.753,53,119.877724
8548.058,43,119.881044
9000.535,41,119.890822
371.14917,3,119.890901
8251.464,42,119.900388
1165.634,4,119.914153
13935.722,49,119.917125
417.73856,8,119.921649
-209.31534,4,119.921717
8142.7188,36,119.921735
2277.8857,25,119.924937
12899.164,50,119.927913
1743.9445,6,119.927959
3019.5112,17,119.930677
11532.133,37,119.933556
5422.7617,33,119.945295
60.051895,2,119.945363
1956.8511,22,119.945379
2125.8887,9,119.963919
1713.7389,38,119.963997
1588.6506,7,119.97086
625.2951,3,119.9861
1479.2698,5,119.997273
1548.6226,24,119.997371
10787.055,58,120.000932
323.98322,9,120.000983
1781.6523,12,120.000998
1470.4612,5,120.004064
8552.103,44,120.004106
449.96133,4,120.022442
13389.816,52,120.022515
3819.3228,33,120.022532
776.19104,4,120.026208
521.7122,2,120.034365
734.9591,41,120.054896
4724.2466,21,120.058671
4384.446,15,120.058738
1206.0612,9,120.061571
2129.2744,44,120.064459
696.84863,3,120.085576
-207.1424,2,120.085675
1421.8481,5,120.100874
-31.448425,6,120.100945
2780.9187,14,120.115942
581.551,8,120.118931
12592.316,46,120.131769
9408.512,87,120.13796
1536.4294,26,120.148951
628.37866,6,120.172178
1032.2896,11,120.175458
1078.2423,4,120.179256
717.0179,11,120.179308
10993.67,42,120.179323
789.8235,3,120.18235
555.9637,2,120.185477
5709.8364,29,120.185523
1099.3672,15,120.189008
11275.378,35,120.189059
410.85187,2,120.189075
9709.781,36,120.192059
335.819,2,120.209104
13327.928,43,120.209182
711.16,5,120.228593
406.52432,3,120.233452
437.5482,4,120.233523
13447.752,37,120.237405
8262.336,31,120.23747
10902.998,37,120.261207
1441.2473,12,120.264654
10781.3955,48,120.267517
530.02454,5,120.270465
13293.806,42,120.280088
12709.644,45,120.284429
306.44827,3,120.3037
280.19153,2,120.303777
9109.565,55,120.321998
301.80573,2,120.334203
1548.1062,11,120.350323
3532.1616,22,120.353946
5302.1914,47,120.354002
149.5578,4,120.357476
6278.3813,23,120.360341
639.6236,3,120.364467
807.67883,5,120.364536
9372.306,48,120.364552
2172.1267,35,120.36456
12552.156,60,120.374147
1087.0281,3,120.397596
6659.515,21,120.402247
8844.946,38,120.420723
1074.564,14,120.438064
6128.871,28,120.450004
397.71002,8,120.454203
6698.6807,24,120.454265
332.2637,2,120.468808
1830.4402,40,120.468881
349.44107,2,120.481371
3993.4517,22,120.481441
1647.0327,22,120.492119
5950.919,40,120.492187
2135.226,20,120.531531
3940.7576,18,120.554631
-412.25095,29,120.559079
3807.695,14,120.559139
10960.953,38,120.559155
1211.5242,5,120.563116
4770.678,44,120.56317
90.421616,2,120.566819
-369.8858,3,120.569951
480.21356,2,120.570013
4417.3945,16,120.581481
511.24258,3,120.584622
8587.23,30,120.592886
1698.6471,7,120.598009
7041.339,28,120.598071
1196.8461,10,120.609226
-379.85345,2,120.620553
12537.163,38,120.636348
1692.3903,9,120.653498
7653.6562,37,120.653575
877.1997,4,120.672135
5384.384,26,120.672227
720.6941,2,120.686429
8177.3696,54,120.698079
3714.3623,19,120.698126
9845.036,42,120.700938
6145.7734,19,120.72459
11635.612,64,120.728644
484.0816,3,120.728723
986.52094,12,120.73261
7496.379,40,120.732678
2044.2501,11,120.732695
1470.6609,6,120.753356
9831.949,40,120.763741
12322.453,41,120.76381
6650.273,46,120.763827
366.72586,3,120.788191
10368.732,44,120.788253
1337.9546,13,120.79224
424.85803,3,120.792295
10113.238,61,120.800457
450.52484,3,120.800505
7699.2056,79,120.800518
307.16522,5,120.80318
1329.1158,18,120.815711
11154.478,50,120.81579
202.04358,3,120.823833
2302.0408,39,120.823912
9162.103,60,120.827589
3261.163,25,120.827659
1484.7854,5,120.854672
1372.6473,5,120.854743
5575.415,39,120.858152
603.35455,8,120.858196
3098.4736,10,120.863364
5808.7993,32,120.869086
1272.6562,5,120.86914
2610.6277,26,120.874519
811.5884,5,120.884247
9261.771,41,120.895969
-200.59723,3,120.903466
13646.53,48,120.917328
7313.5166,20,120.917389
1664.9353,14,120.917407
6289.7456,40,120.920464
552.8098,2,120.933269
8471.035,34,120.933351
6544.351,29,120.933374
765.5736,4,120.947079
2098.5154,18,120.959188
2480.4084,13,120.970695
457.37262,3,120.981329
3738.3813,26,120.996597
9878.911,36,121.01594
7327.242,28,121.020004
393.456,9,121.030482
9513.613,36,121.030566
9208.909,54,121.036318
1259.1448,5,121.036397
703.5137,2,121.046684
7441.7124,31,121.057489
13664.06,48,121.069638
1022.91187,4,121.069764
5028.393,41,121.080377
3574.7717,15,121.080448
1608.9706,10,121.087303
905.87946,7,121.096999
923.166,9,121.097098
4097.717,21,121.101375
286.09644,2,121.108886
505.6946,3,121.113167
4659.8833,28,121.113252
1427.7041,9,121.121812
1505.9556,11,121.121864
782.04535,3,121.133292
11842.609,39,121.133358
777.8254,36,121.137858
307.01202,2,121.137952
579.7994,2,121.147886
1946.4518,13,121.152842
8227.685,48,121.167778
7076.755,27,121.181331
6500.565,30,121.18142
11823.486,67,121.211266
5869.238,44,121.223457
4426.047,14,121.24546
1753.1542,41,121.249271
13140.664,72,121.263984
2765.3096,20,121.280153
7463.064,27,121.280221
897.6991,9,121.29508
13208.047,48,121.317171
220.66257,3,121.317238
10334.151,43,121.317255
5354.323,40,121.320304
203.50073,2,121.327446
911.12976,4,121.332794
2694.5015,22,121.332841
4597.2017,26,121.348047
13210.399,50,121.355205
237.74371,6,121.358263
2057.9795,34,121.3583
1713.4962,7,121.370265
1669.6504,28,121.370329
4427.2637,39,121.370344
9642.145,44,121.378599
68.73314,2,121.382788
10298.795,30,121.38309
11067.628,42,121.396797
12574.624,47,121.396898
6402.341,31,121.406693
2881.5222,28,121.434428
4517.143,34,121.437742
2739.293,43,121.44441
9033.364,61,121.449568
-125.587524,15,121.468429
1221.5352,6,121.468507
879.4989,9,121.480504
-136.86426,3,121.489465
5787.5825,34,121.51217
1352.2914,31,121.522698
227.70865,4,121.522834
6729.0947,55,121.522859
11271.361,36,121.537874
87.490265,3,121.53797
2392.4663,15,121.558888
935.0996,60,121.56218
29.893127,5,121.562227
13303.104,51,121.565032
11359.689,39,121.568486
3182.8518,25,121.568544
643.89307,6,121.586586
764.93536,4,121.586654
11007.414,32,121.594384
1399.8262,6,121.597397
9093.126,38,121.608352
2802.1675,11,121.608429
9598.59,41,121.608452
516.32104,4,121.620165
8471.418,50,121.620222
8358.553,38,121.620236
714.40485,9,121.620244
2012.3564,16,121.629632
1609.6824,6,121.636162
11012.336,36,121.636217
2493.753,13,121.636233
223.21716,2,121.650627
230.02951,7,121.655169
10814.632,41,121.655246
1123.7836,10,121.655265
607.8797,3,121.655271
9363.721,45,121.666932
4357.747,19,121.667035
4236.739,32,121.679004
2388.5405,10,121.679066
735.50854,3,121.691931
7613.173,29,121.692022
7323.9575,48,121.713082
1640.7422,11,121.718588
12555.996,47,121.721674
2149.2217,9,121.721724
3966.9375,17,121.730593
2647.4106,14,121.757254
646.00574,5,121.757311
974.8264,4,121.757327
6693.2656,38,121.760343
3405.9116,16,121.767826
958.65967,5,121.7773
4175.4424,20,121.781879
857.7986,6,121.787796
12444.944,49,121.78785
2451.139,13,121.787863
6103.597,40,121.800131
1164.5374,4,121.803432
772.8553,7,121.821175
6017.9424,33,121.824882
613.2607,3,121.830359
-138.24959,34,121.830399
3281.807,21,121.833316
12652.778,74,121.836195
644.40796,2,121.836234
4276.2817,29,121.839798
8475.286,40,121.864086
1397.1276,5,121.864153
2641.2886,36,121.867448
2249.8284,19,121.872835
13178.258,44,121.876326
2554.0352,14,121.876367
6054.285,36,121.876379
889.9369,7,121.884533
864.7201,3,121.884575
5534.5747,29,121.897222
4113.6265,30,121.90021
2796.3022,11,121.903412
430.3817,3,121.916768
1876.5681,11,121.926871
7858.799,25,121.926926
11994.653,46,121.935709
4585.6934,30,121.949528
1024.8867,7,121.952585
3095.8474,15,121.956146
5187.1084,60,121.956218
12469.168,49,121.97549
4069.1956,30,121.989193
13316.537,56,121.989261
7639.6074,37,122.004663
1360.8982,7,122.004752
4389.867,28,122.016639
7931.4077,66,122.021307
585.6182,8,122.021393
981.47314,4,122.029895
332.59686,4,122.029955
165.71675,2,122.029973
226.50035,3,122.047847
10313.748,43,122.047894
1454.6332,16,122.051376
6751.7246,26,122.077701
12637.712,68,122.077778
1915.3093,8,122.103059
-429.60834,15,122.113295
4860.481,26,122.113356
8714.278,35,122.113384
1364.1338,5,122.182444
1765.094,16,122.18249
11306.042,40,122.191275
436.3508,4,122.195013
601.90497,2,122.195067
1081.074,4,122.19933
5888.1006,36,122.199389
13410.253,47,122.199405
455.3183,2,122.203892
737.422,3,122.203937
10516.005,46,122.203953
536.76245,2,122.212502
72.33931,3,122.212569
4257.161,18,122.212587
6172.5615,27,122.223719
8543.284,27,122.22381
768.0277,2,122.223827
784.648,3,122.223836
115.91693,5,122.235163
735.65656,2,122.235243
688.58746,3,122.246122
7170.934,45,122.271164
2316.4194,27,122.284769
1377.899,9,122.29379
2479.3035,10,122.299564
13860.518,58,122.29986
10099.431,34,122.299888
357.50903,2,122.311484
575.412,4,122.31831
13479.645,45,122.318369
4007.0151,22,122.343786
1168.5808,8,122.350924
419.6938,4,122.35099
4473.1035,18,122.354298
6319.0293,21,122.368869
4374.2104,22,122.368939
1168.1868,4,122.38063
6479.966,37,122.380776
13360.266,42,122.384316
2254.6335,12,122.393705
3652.107,30,122.39377
10006.588,34,122.393792
8873.37,43,122.398472
174.46732,4,122.398583
805.2569,5,122.423013
13042.367,45,122.42949
2548.2185,28,122.429553
113.101166,2,122.436593
7285.4814,35,122.444519
1037.8539,6,122.451333
7105.9653,67,122.454897
2842.1006,18,122.463717
340.66864,2,122.467173
1036.891,4,122.467226
986.89606,15,122.484201
740.09576,3,122.484266
213.0126,2,122.484288
5441.967,34,122.491768
334.39313,2,122.495481
252.76692,2,122.499795
7427.8877,22,122.49987
6657.0176,50,122.511969
740.5914,9,122.512035
757.7028,3,122.521663
6984.756,42,122.536909
507.68076,3,122.536982
13327.032,48,122.555001
3596.3115,25,122.564769
10729.82,45,122.572114
1818.2836,8,122.582173
2561.0159,9,122.582273
2383.983,11,122.592473
3287.6028,34,122.596601
4381.3853,32,122.596684
-23.464142,17,122.607071
13586.476,48,122.607136
267.67468,2,122.613087
7159.3755,44,122.61316
1606.4777,6,122.627822
202.05304,3,122.627891
783.951,3,122.63336
6219.804,16,122.638139
11288.069,40,122.63824
2275.3635,29,122.638276
11227.612,40,122.64944
7900.287,27,122.661134
925.75195,3,122.664371
661.9718,12,122.664429
12737.47,43,122.674129
1047.8469,6,122.674212
11545.694,50,122.678851
10342.926,65,122.678921
1434.9985,16,122.684351
3720.2625,13,122.688605
-167.83765,4,122.688668
445.84363,4,122.704615
624.4807,3,122.728604
512.462,6,122.733171
1296.1234,8,122.743391
13596.149,46,122.749586
8539.692,38,122.762245
5184.453,30,122.786068
2704.4426,17,122.801947
1024.722,3,122.828498
13731.031,47,122.848932
1055.3009,13,122.849013
4646.1626,24,122.849028
8234.246,35,122.860117
9015.393,33,122.872664
718.5307,3,122.872741
860.422,3,122.87276
12740.112,46,122.884936
4637.912,28,122.888782
8291.493,34,122.88886
362.86456,3,122.88904
1050.7751,4,122.894336
12104.568,35,122.894422
91.70279,2,122.90749
6172.384,37,122.907562
6745.8105,20,122.914328
667.3059,3,122.929308
5456.352,47,122.92937
2524.8652,9,122.929386
11118.091,34,122.937993
12808.397,61,122.952664
1545.67,6,122.956252
6874.2627,35,122.956316
2760.9497,12,122.968343
1526.7328,10,122.9684
5242.0156,90,122.968413
1598.669,17,122.972812
520.44696,6,122.972881
8957.582,51,122.980987
298.0019,8,122.985292
4029.7913,50,122.985348
6456.287,42,123.015954
13141.466,41,123.019148
1240.8993,31,123.01919
5888.602,27,123.02187
1563.0784,13,123.031195
2142.2195,17,123.046213
902.0076,6,123.056874
1250.0984,25,123.056982
-224.159,3,123.073953
12632.446,53,123.074015
711.7223,8,123.077855
1245.0388,7,123.077908
9617.567,47,123.081269
692.14355,9,123.081321
13724.432,51,123.081333
689.16113,3,123.084201
-92.57539,2,123.087368
743.83673,4,123.087408
4977.0786,22,123.093755
1038.7324,5,123.093817
10009.779,34,123.106325
1390.7272,5,123.112564
963.84503,7,123.112627
731.3262,2,123.112642
3527.0613,24,123.124042
2482.539,32,123.127481
1284.4268,5,123.130673
5014.3037,30,123.13588
4277.3887,33,123.152948
11826.751,35,123.177476
791.23706,4,123.180639
2000.673,19,123.180691
812.8524,12,123.186013
12026.917,39,123.205668
9568.233,49,123.208869
867.9622,5,123.208923
13755.649,54,123.21455
66.29236,3,123.214615
-200.72794,2,123.234908
5708.558,26,123.237956
4844.28,23,123.245575
11646.826,44,123.245625
1107.7593,11,123.248998
741.6369,7,123.249067
4379.1323,27,123.252267
7832.376,33,123.263843
4804.3335,27,123.263912
6154.969,52,123.263928
561.6578,4,123.285553
9613.555,32,123.306779
60.45822,10,123.306844
13055.958,55,123.306861
13034.006,45,123.313802
2302.0547,19,123.31778
392.45453,2,123.317842
782.7679,3,123.328636
-367.011,3,123.328707
714.3243,2,123.341321
6780.26,34,123.346438
2031.2784,15,123.346516
5009.506,25,123.346536
12304.476,40,123.346544
2803.4265,14,123.356543
13628.377,46,123.371432
97.682205,2,123.371505
10737.952,56,123.381189
4097.5186,25,123.384772
4740.919,15,123.397547
13797.364,58,123.40933
13665.109,74,123.412836
1594.0518,46,123.422773
535.0816,11,123.444019
1022.25946,7,123.447564
6258.4956,31,123.447626
7606.958,30,123.45067
3725.9675,19,123.453938
9938.236,34,123.453988
13260.442,43,123.457075
1666.4713,9,123.460184
3133.3726,16,123.463141
1809.6031,19,123.472792
3915.4329,22,123.483264
10215.52,39,123.487005
1693.1118,10,123.487072
320.38092,2,123.49466
459.70828,8,123.498827
4280.235,22,123.498972
664.9264,6,123.519444
625.6061,5,123.519503
3067.899,17,123.528902
3221.3367,12,123.531864
7409.6846,23,123.53489
10604.073,36,123.534928
6363.9927,16,123.537812
2884.2578,16,123.547632
13123.433,41,123.55531
7270.7173,33,123.555374
9777.818,37,123.56589
765.1275,6,123.568919
11596.579,43,123.581135
-89.3891,4,123.58122
350.53677,3,123.585118
380.9711,4,123.607123
398.49982,2,123.614256
7436.213,23,123.61433
9737.145,49,123.620561
13564.741,67,123.630241
8604.78,35,123.630314
2072.3962,22,123.63033
6860.3525,41,123.639855
373.1362,3,123.644062
4428.148,27,123.666035
321.0345,6,123.66891
5191.547,21,123.679701
7272.595,73,123.700899
783.88464,17,123.71232
5378.1616,31,123.712364
8600.442,42,123.712376
6230.5894,41,123.715321
2595.6123,51,123.719064
1272.8455,11,123.719133
528.77454,3,123.728783
11364.944,35,123.728859
584.865,4,123.737885
6802.285,37,123.737965
9737.455,55,123.737984
146.83582,5,123.748155
528.3793,2,123.757166
7220.7217,31,123.764217
3171.043,15,123.764299
4770.25,26,123.780259
1650.3037,6,123.780324
930.34546,8,123.799547
1057.5249,8,123.799603
1716.0363,6,123.80255
4867.679,43,123.802598
1892.9183,38,123.805599
1145.249,12,123.805649
4989.623,49,123.809486
11995.551,65,123.809554
313.44455,3,123.813231
560.7376,11,123.816221
1056.0057,4,123.816271
13220.192,46,123.829173
8569.172,32,123.829235
3569.7515,13,123.829251
1969.8601,31,123.832858
952.19055,5,123.832924
712.553,2,123.832958
639.04724,5,123.836097
0.5701294,3,123.836147
560.2283,2,123.839643
720.22174,3,123.839715
1282.7985,18,123.839731
632.6125,3,123.847761
1006.92334,6,123.847865
3092.1948,15,123.847885
11143.556,37,123.863716
1687.5697,7,123.881746
740.8975,4,123.881843
833.3817,12,123.887143
2521.541,8,123.890029
12338.906,44,123.904356
4209.019,37,123.914685
372.09857,2,123.92666
1499.2096,23,123.926727
2073.2458,12,123.93722
237.05144,2,123.949752
196.14615,3,123.953802
1888.3998,33,123.953872
155.32993,2,123.966826
727.0664,3,123.966898
6330.53,25,123.980371
9247.387,38,123.980422
4491.2236,18,123.984054
6247.316,18,123.996301
1831.5277,18,124.005746
172.57645,5,124.014361
5132.16,25,124.014466
1399.0225,28,124.019374
-415.78537,2,124.023025
12719.633,36,124.027804
5535.761,28,124.040052
6325.591,30,124.050848
12596.773,41,124.056939
670.7855,2,124.057024
5570.896,27,124.060945
10009.393,115,124.070122
2147.064,35,124.074776
735.26697,5,124.098129
4213.6353,18,124.111776
3785.8506,17,124.12461
187.9975,2,124.124692
1869.8098,15,124.128309
9316.586,46,124.137923
2974.7388,11,124.138001
1314.4817,9,124.14829
963.8731,3,124.148356
10437.4375,40,124.152617
1172.4077,17,124.161798
7499.162,28,124.161856
62.989403,2,124.161871
616.23456,4,124.165467
3460.8142,33,124.169128
916.91455,3,124.178291
6995.9795,74,124.178362
11537.527,36,124.188668
6191.1436,64,124.192207
493.27274,2,124.195724
12322.147,39,124.195791
1448.5134,5,124.209876
2786.0513,17,124.209951
441.99313,14,124.222647
275.748,2,124.222724
12592.761,47,124.228723
81.49109,3,124.228821
6597.689,40,124.239507
3823.1357,12,124.239584
424.02173,2,124.239602
13694.697,45,124.253798
501.73352,3,124.270109
287.69724,2,124.270181
12429.884,54,124.273178
605.08374,3,124.276758
10576.426,36,124.276809
112.157455,2,124.276824
1960.7521,7,124.285589
1154.5312,22,124.298457
1534.6497,8,124.304382
3577.771,14,124.307705
1460.0543,7,124.319655
10530.8125,47,124.324446
870.1798,3,124.324521
2135.1326,8,124.332385
323.16763,2,124.338765
8330.356,30,124.351296
13904.553,51,124.361297
13668.138,45,124.38311
-336.8849,2,124.383167
4791.893,26,124.383181
4077.199,20,124.398818
-157.34747,3,124.398888
625.28094,14,124.420951
6244.509,22,124.437829
2307.3682,40,124.437878
4822.433,32,124.449325
13118.336,46,124.452592
634.01697,4,124.471353
8184.8687,44,124.47142
2019.4172,25,124.480564
2314.6587,22,124.484227
639.13275,2,124.484284
6477.2695,34,124.488154
10843.555,43,124.488246
364.04175,2,124.497271
1123.8971,3,124.497334
5909.6426,28,124.500967
5846.9155,40,124.501019
10481.512,53,124.50473
591.1096,4,124.504783
6318.184,59,124.517503
871.056,4,124.517588
12960.122,53,124.525242
463.59875,5,124.547554
10999.602,39,124.550378
566.4278,5,124.553418
1756.7395,8,124.553463
2820.2449,11,124.557026
1764.8934,14,124.557126
13528.477,47,124.563253
491.08722,3,124.563308
2309.2837,75,124.563323
858.3241,3,124.577708
10232.619,53,124.580668
673.6638,14,124.592576
8113.6343,34,124.602944
828.7005,15,124.603034
10525.985,40,124.603051
4250.78,18,124.603058
785.28174,8,124.603064
11953.633,40,124.621641
-46.745575,4,124.624676
1293.0331,7,124.634768
3603.9023,24,124.634824
10325.701,36,124.655126
11390.62,48,124.655189
1981.4307,8,124.667931
1096.7634,13,124.677515
13942.729,48,124.683301
6823.7236,44,124.699268
268.3504,5,124.699344
1103.846,14,124.703577
9153.341,48,124.735673
7491.5547,33,124.743402
8604.675,32,124.746167
565.2443,2,124.748818
7485.997,32,124.751419
1043.5911,15,124.76908
9781.455,29,124.769171
10356.129,38,124.769196
1606.4252,13,124.772806
1246.3801,6,124.78263
3209.5728,32,124.796516
8253.887,43,124.796593
654.44543,4,124.809206
13698.579,52,124.831558
9391.7,36,124.831621
10121.2295,51,124.834646
6015.502,31,124.850995
4610.235,26,124.870477
524.0839,3,124.941838
12502.435,73,124.949414
729.5276,11,124.949485
675.4487,2,124.952563
1937.1794,12,124.955552
3572.6025,28,124.955609
3910.2832,21,124.963337
531.0307,2,124.966619
1344.3833,14,124.966668
1665.0762,9,124.981645
803.4937,6,124.981704
12321.921,42,124.989303
12068.0,38,125.005155
9981.227,53,125.005269
881.7743,6,125.020814
1249.8889,6,125.041673
1065.1178,6,125.041735
13376.108,55,125.04175
8889.421,39,125.044837
1976.6622,7,125.047523
1848.2065,6,125.058138
365.00162,4,125.058193
8433.708,32,125.06148
4705.6,26,125.061542
699.5756,2,125.071431
5472.1787,51,125.07151
1615.3472,7,125.071528
380.8354,3,125.079752
1204.1204,5,125.08387
1607.2786,20,125.083941
9027.505,32,125.083959
12488.985,46,125.083965
320.05774,7,125.098597
534.4462,3,125.107239
10587.68,38,125.107308
1640.1484,24,125.113888
1220.0022,7,125.113949
10279.883,39,125.134651
5420.075,41,125.142425
3735.2947,47,125.156621
1706.5688,84,125.177188
11290.953,54,125.185953
3006.185,15,125.191345
1550.5897,10,125.200059
1511.8074,40,125.203758
6957.1665,34,125.203809
4397.591,15,125.203824
6077.181,31,125.207372
1131.08,25,125.216093
555.6078,7,125.219962
912.36084,5,125.230584
504.411,10,125.2509
13245.246,44,125.253865
1280.1678,7,125.253915
5789.9346,29,125.256767
373.4228,2,125.262897
5944.477,30,125.266435
2269.9827,32,125.266495
13331.119,48,125.275679
1399.5682,6,125.289898
4895.04,25,125.289974
10305.782,37,125.290013
13929.277,61,125.30028
7248.662,36,125.300355
257.26007,5,125.304826
816.0943,3,125.316826
41.27072,2,125.316909
-266.43118,2,125.31693
729.83435,2,125.327357
10003.96,29,125.347697
13113.252,57,125.347744
1605.2501,6,125.350983
2751.329,41,125.36012
1666.518,9,125.360171
5876.488,47,125.362961
1665.3828,14,125.375019
833.3281,15,125.378189
12909.44,36,125.383632
8383.085,45,125.387263
892.2256,4,125.387312
5998.961,37,125.387326
303.5103,6,125.387333
1074.5734,16,125.390016
176.0292,3,125.405578
415.47552,2,125.405635
5229.8564,58,125.405651
1734.8423,9,125.410323
568.8303,4,125.410404
13394.993,83,125.410424
2131.0557,19,125.420212
438.6383,2,125.420287
7054.4785,29,125.42425
239.17845,4,125.437975
5795.694,44,125.438055
776.1951,3,125.438082
3319.968,43,125.438092
3887.1956,70,125.46162
599.9868,3,125.461693
9650.29,44,125.470806
1148.4631,5,125.478673
9657.398,36,125.478751
495.3636,11,125.487738
9045.186,42,125.497125
1171.7498,3,125.5014
4381.7944,26,125.501466
1357.6608,4,125.518174
11576.793,48,125.524924
195.53648,2,125.524968
13475.055,50,125.539642
1731.5305,12,125.563619
1743.0645,20,125.577542
333.8322,2,125.580829
10364.538,30,125.58564
597.29504,2,125.585709
3927.442,31,125.585726
1780.6442,16,125.593154
268.007,2,125.593214
556.65106,3,125.596655
2141.768,27,125.602613
9447.806,42,125.606394
639.8142,4,125.606459
6797.132,47,125.61437
149.06995,5,125.614454
-34.736694,2,125.620207
1768.2849,15,125.620289
10215.265,34,125.620311
9472.244,42,125.633366
404.35312,2,125.643244
4192.763,20,125.643304
608.9392,7,125.643321
1501.8735,9,125.667273
2189.253,32,125.667327
319.644,2,125.672208
4382.875,59,125.701437
1462.506,11,125.70149
1230.3722,11,125.704618
7457.8413,51,125.704667
11060.843,38,125.704679
3704.3267,48,125.708113
679.289,14,125.70815
2527.8132,12,125.708157
308.24423,4,125.727021
12187.3125,36,125.73228
4273.7344,51,125.732348
202.55748,4,125.732365
657.5973,4,125.732376
761.2604,5,125.73834
9927.339,41,125.738402
2312.7266,55,125.742624
9693.682,47,125.742681
1542.5781,9,125.747492
1170.4316,4,125.751774
831.2144,15,125.755576
12168.234,55,125.755632
782.41614,6,125.760395
508.11136,4,125.760481
2318.1921,12,125.76665
645.3237,3,125.770525
373.86298,2,125.773938
1114.3547,5,125.782617
2066.9626,9,125.791909
6203.3516,40,125.803046
210.89139,4,125.816976
2465.893,9,125.817062
10606.115,44,125.833889
6609.2847,40,125.845942
5660.55,43,125.851327
681.71484,9,125.859052
5008.5186,36,125.859154
12531.229,44,125.869656
1874.5374,27,125.873272
937.19214,3,125.873353
1016.14343,5,125.888444
5275.741,35,125.888519
12841.8955,74,125.888537
198.27573,3,125.89691
10612.91,38,125.912819
13157.388,37,125.931099
9761.276,36,125.95245
4490.5605,23,125.955936
8239.602,34,125.962127
4659.7183,29,125.972946
8390.431,43,125.973034
1025.3419,5,125.973051
2085.8657,18,125.983716
12331.068,36,125.983789
3462.4373,32,125.983805
10348.532,44,125.990108
11004.092,41,125.990208
1998.0273,18,125.993824
-26.035065,3,126.001154
480.7307,2,126.012896
929.073,5,126.012962
11974.803,37,126.024414
1255.1144,8,126.029847
5800.0625,31,126.029915
6272.8086,74,126.054199
1923.4098,16,126.057777
3995.4768,15,126.061721
8456.2295,31,126.061784
646.0933,2,126.073568
7492.4824,58,126.073656
11673.871,75,126.073677
386.96667,3,126.084628
13800.766,61,126.084685
7354.221,24,126.088068
7067.6304,32,126.088119
1266.8037,15,126.088132
887.85187,12,126.096572
1918.7336,10,126.096644
3143.4277,13,126.102482
13508.619,42,126.113398
482.6375,3,126.113487
2043.1105,11,126.117881
1061.5935,6,126.132699
8784.082,35,126.140033
1983.1132,24,126.140141
1626.164,10,126.168342
2789.3235,19,126.168397
1578.7412,13,126.183392
12452.169,44,126.199974
3077.6028,10,126.203025
4738.6694,18,126.208511
4212.1797,22,126.211427
592.8155,11,126.214056
3584.9995,16,126.227958
3289.6567,24,126.235932
11029.632,38,126.235989
4758.1953,34,126.238758
68.974884,18,126.250716
1974.8002,7,126.251014
2126.343,13,126.25105
2187.7852,8,126.251062
2063.0486,27,126.262791
5268.631,28,126.274857
6094.2085,17,126.285942
2244.1477,9,126.303647
5923.407,33,126.303719
2418.62,9,126.310273
6473.0977,19,126.310338
1245.9836,11,126.310359
9276.639,50,126.31037
245.50873,2,126.315998
8378.354,35,126.341784
12009.523,51,126.341882
2581.6147,51,126.349731
1270.0089,5,126.354018
3343.1929,72,126.366056
1058.0873,8,126.369629
1005.62225,5,126.389058
978.0287,7,126.389122
657.74445,3,126.389138
3430.7373,14,126.392394
13610.339,40,126.395736
998.365,5,126.399642
9706.769,39,126.399708
856.7253,3,126.399724
2298.4456,10,126.399732
257.14572,2,126.411347
12296.537,44,126.414691
2102.027,16,126.418687
5367.7314,30,126.418736
79.81314,3,126.418754
655.5553,2,126.418763
766.27576,4,126.423252
894.087,6,126.423314
285.89722,2,126.423331
-416.1299,2,126.432054
319.644,2,126.432133
5660.8516,27,126.432158
5555.7876,34,126.441994
421.58075,4,126.453238
7896.747,43,126.453716
5993.3184,30,126.459178
169.0415,4,126.469622
471.00214,7,126.479039
338.81293,3,126.489537
1908.7507,9,126.496768
1162.8129,9,126.503042
1371.9402,9,126.506472
5782.327,35,126.506534
8881.09,29,126.519868
9971.124,52,126.51996
2547.5803,14,126.535613
12484.351,41,126.539004
1422.567,15,126.539055
449.82022,5,126.54248
3263.1042,29,126.54253
7292.6035,36,126.556881
9077.727,34,126.556953
2991.0474,13,126.569933
157.92368,3,126.569991
967.2597,11,126.570003
4438.4746,24,126.572985
6726.067,43,126.577067
4822.687,20,126.577181
275.9929,3,126.588654
402.9137,7,126.60625
911.868,5,126.614273
1246.9734,14,126.618006
2305.057,15,126.618068
569.52466,3,126.621396
3558.4556,34,126.629235
1356.0992,9,126.639055
761.3514,7,126.651907
1582.15,16,126.680295
1611.1694,7,126.683744
5459.6377,60,126.683794
530.3342,9,126.690165
652.4911,2,126.690215
193.64705,2,126.690229
3084.578,17,126.699446
2208.0571,35,126.718291
11703.369,45,126.718361
816.5348,4,126.718377
11342.018,44,126.748472
686.2457,7,126.752455
3487.3313,13,126.755764
4909.6016,28,126.765742
1535.4083,6,126.799094
959.7667,8,126.799162
5820.756,35,126.806461
2716.3718,39,126.816271
3357.725,34,126.816338
2714.4424,11,126.820445
100.6246,2,126.834105
1862.8003,9,126.834171
1066.7461,9,126.837082
7414.6685,49,126.84027
8522.542,48,126.840313
345.01776,3,126.848943
164.79272,6,126.849
6932.223,34,126.852825
622.0753,3,126.852885
10260.155,33,126.852898
4371.1797,33,126.852903
4967.158,24,126.856147
631.2342,2,126.856197
645.4266,3,126.870868
1813.1663,13,126.87094
-94.87338,2,126.870958
741.99207,2,126.8836
4324.0986,20,126.883663
1095.0885,5,126.887637
13116.449,48,126.899732
10676.88,44,126.912289
2075.4814,7,126.912345
6716.229,16,126.926141
791.8167,3,126.929294
2162.381,11,126.934375
897.5945,22,126.937076
2164.2085,12,126.941916
3985.4417,19,126.944575
479.8466,2,126.947228
8882.568,46,126.954715
423.8047,2,126.954783
1454.1011,7,126.965523
1992.0673,51,126.979841
187.81183,3,126.979928
625.1491,2,126.979941
439.96472,3,126.989406
6733.877,49,127.004279
593.13324,2,127.004357
5344.6587,43,127.004373
10137.161,51,127.004381
7140.126,42,127.004387
6887.148,32,127.014715
1859.2009,23,127.018287
-126.82765,2,127.028201
539.0783,3,127.02829
1103.0951,9,127.053468
6286.6963,38,127.072625
1711.6758,7,127.07269
827.6899,12,127.07868
1094.1982,6,127.081401
7944.8765,36,127.084314
510.86005,2,127.084354
5371.635,38,127.086896
3505.7705,16,127.093486
12166.905,35,127.102531
8442.776,29,127.102616
8359.827,30,127.102633
1039.4468,16,127.106525
1083.3198,8,127.106575
2676.6892,8,127.121287
562.9834,3,127.121341
10121.759,49,127.125776
13574.135,45,127.125866
6915.575,43,127.140046
12096.319,50,127.149041
11821.385,42,127.149096
643.00867,2,127.16874
9135.201,30,127.172154
6125.439,26,127.175628
9887.741,38,127.175681
5059.8286,22,127.183764
3349.6882,15,127.183823
1279.7623,9,127.202474
7220.794,34,127.217812
5693.866,51,127.223561
1305.7659,6,127.23666
2484.3972,10,127.239967
8708.5625,42,127.240008
10333.089,41,127.249539
1446.8164,19,127.25368
1618.2252,14,127.262909
1197.0151,5,127.284424
672.7485,6,127.304121
1278.0732,7,127.309965
5890.8613,32,127.31003
3298.8513,16,127.332292
7451.027,31,127.332356
1924.2041,21,127.335188
4157.3716,20,127.338119
110.62535,2,127.338167
7861.9507,28,127.34831
511.84314,4,127.351633
13734.484,58,127.356875
5864.925,45,127.361951
118.847015,3,127.362008
9740.535,46,127.364832
482.27298,21,127.38006
10227.77,41,127.405206
780.78467,3,127.428105
12376.6455,40,127.447181
11788.2295,49,127.468814
4422.154,30,127.505345
5670.487,47,127.505385
271.93893,4,127.573697
13145.856,55,127.597218
6201.2695,44,127.597276
398.11877,2,127.618115
507.20258,9,127.618193
2081.9,30,127.661819
3549.3174,28,127.661858
5797.105,45,127.67615
510.01028,5,127.683872
7312.683,63,127.683944
13652.279,36,127.68809
3749.5386,26,127.688155
1185.7168,7,127.688172
160.30862,4,127.701789
1883.0668,17,127.701868
708.62445,3,127.74653
1737.9609,6,127.802279
11420.614,72,127.824658
1842.196,8,127.863771
2361.817,9,127.863856
8618.263,50,127.897144
1663.4661,36,128.1063
3123.0269,12,128.132736
4570.5693,33,128.132812
1362.1979,38,128.13283
781.1645,4,128.132839
2426.7148,9,128.159259
603.7112,2,128.174685
309.0986,2,128.174864
10229.095,35,128.187317
269.6063,7,128.211163
4062.602,30,128.211278
13232.101,47,128.211309
1422.8473,12,128.269379
132.04141,3,128.304934
5357.7495,32,128.327042
11837.247,42,128.340702
704.2644,2,128.358956
1725.5942,18,128.392846
1339.7487,10,128.392896
8247.364,28,128.416154
2708.6953,14,128.431607
13309.502,45,128.443888
2886.1511,12,128.44394
9368.274,35,128.44395
754.7332,2,128.453568
318.46957,5,128.470857
591.96967,2,128.470929
9426.691,34,128.470952
8398.42,59,128.47598
3915.217,18,128.508801
9345.903,41,128.518613
4260.7666,25,128.544219
316.6898,3,128.551629
13247.05,60,128.554698
530.5137,2,128.554747
4560.2905,25,128.55739
2549.3074,13,128.567217
3332.649,13,128.567262
1317.297,10,128.567272
1745.2623,7,128.571405
9754.858,35,128.575307
1902.1233,7,128.591165
711.9376,2,128.59122
1101.6318,5,128.595114
468.515,2,128.598317
182.99953,2,128.598359
6401.0645,49,128.601455
801.5379,7,128.604696
8436.959,35,128.604725
495.4933,2,128.604733
574.3546,2,128.624447
958.3231,5,128.638201
653.36957,4,128.65735
1417.0535,45,128.657404
2603.6426,19,128.657419
12113.874,46,128.662444
6671.744,19,128.662518
8955.2,33,128.662536
933.92957,8,128.666241
592.77875,2,128.666292
13728.115,41,128.669604
413.8229,2,128.669641
2181.0771,20,128.688184
-113.918335,5,128.691353
611.2022,3,128.706389
7634.2427,32,128.706451
10061.404,40,128.706467
7632.935,36,128.711037
10010.481,46,128.711086
430.2924,6,128.725307
13401.943,45,128.725368
4043.8,18,128.725385
1165.6201,5,128.74645
129.43518,3,128.746537
387.89355,7,128.765726
646.3531,2,128.768935
565.4953,3,128.768984
1441.8556,6,128.791967
439.9852,6,128.792251
1264.81,14,128.804079
5688.399,41,128.804135
319.644,2,128.80813
3341.6462,18,128.830284
1253.6042,8,128.83034
362.6992,4,128.830354
5109.929,53,128.855493
6003.2056,47,128.85875
6260.859,20,128.858778
416.25174,5,128.880357
3202.7585,19,128.880414
2303.4626,9,128.880429
4130.913,17,128.880435
9952.436,40,128.880441
286.93826,2,128.88592
595.86096,5,128.888798
958.0445,3,128.919442
11496.346,87,128.922743
171.81372,7,128.922783
960.5507,6,128.92587
716.2723,8,128.925901
648.00134,2,128.945082
2153.1482,28,128.948509
1084.4329,4,128.951335
3472.419,29,128.954563
270.47986,4,128.95461
9188.06,37,128.958488
13380.301,48,128.958529
2507.247,14,128.978733
1900.0342,14,128.978842
5413.7437,28,128.98386
1355.7369,7,128.983917
869.8969,4,129.005584
1594.0178,7,129.005671
507.34274,4,129.0185
2135.8323,23,129.039553
11066.193,41,129.060106
8555.372,34,129.076156
5866.1367,69,129.080223
9055.839,57,129.080274
13471.304,42,129.102252
3317.692,13,129.115777
571.81146,2,129.140298
3321.1902,18,129.140353
10642.974,34,129.143557
-101.23953,17,129.1465
10353.331,52,129.169356
8231.617,42,129.174963
320.30765,3,129.186995
12523.78,48,129.187063
3381.7612,18,129.190808
362.38562,10,129.190896
3543.1074,24,129.202096
2009.494,25,129.202134
2604.3918,18,129.214093
1372.4407,10,129.214168
4680.9053,29,129.217573
301.80057,2,129.217623
11081.798,49,129.217636
1470.5408,31,129.220781
1720.7808,20,129.220837
70.002716,4,129.243244
337.281,2,129.24915
1141.8253,5,129.249193
647.7074,8,129.252383
2050.2747,7,129.263713
1489.3969,13,129.267128
4532.445,47,129.267226
13539.835,42,129.270631
8067.6123,88,129.284789
13498.761,45,129.284845
6186.3306,26,129.288336
6011.537,45,129.310994
1543.081,9,129.311063
2317.7747,27,129.311079
2329.7812,10,129.331231
4263.4565,18,129.335215
4876.397,27,129.359823
7714.396,29,129.359897
7804.6997,60,129.363824
4774.545,20,129.366846
3210.7588,44,129.370294
941.8967,3,129.370332
1914.9198,16,129.370344
13804.141,58,129.37307
4031.2112,22,129.388038
360.2682,3,129.393733
2290.9998,54,129.40047
884.96985,11,129.400762
6153.3574,27,129.42451
7374.547,40,129.424579
232.9062,4,129.443418
528.6537,7,129.451699
883.5496,14,129.454566
94.64923,2,129.458855
5931.3003,42,129.469694
-175.66754,2,129.494392
1947.8865,29,129.508681
1534.0403,7,129.518716
1554.2311,9,130.485796
1487.9795,53,130.508342
120.13025,2,130.508398
10289.651,40,130.519339
13249.087,42,130.525017
10831.456,54,130.525077
5096.285,24,130.536123
2508.5193,9,130.539442
2218.4575,24,130.542922
8398.994,30,130.542953
291.2847,2,130.549272
1452.0157,8,130.552546
7441.4863,59,130.563649
4001.415,17,130.579384
13609.95,47,130.579445
13220.506,44,130.57946
6650.0527,35,130.588259
9631.267,45,130.588315
4470.673,18,130.61677
1615.7161,7,130.622354
5006.2236,67,130.627649
10494.491,30,130.627681
10635.819,41,130.650409
1070.5544,10,130.650488
1458.3213,11,130.678144
13131.268,46,130.678228
1323.4205,5,130.678243
7559.1885,32,130.693678
6151.1646,33,130.703521
6854.234,30,130.711055
386.69803,3,130.714344
13455.008,44,130.717919
4138.3657,18,130.722883
11944.408,51,130.722951
11656.857,35,130.726025
46.463913,3,130.738429
1445.6001,14,130.738487
1118.5562,34,130.744124
10762.631,40,130.758447
601.98016,38,130.758605
12092.201,37,130.75864
1115.7141,4,130.77428
2300.9956,28,130.778606
1027.9281,33,130.778674
2554.8516,35,130.782819
9832.075,36,130.806059
5460.588,53,130.806116
5163.8677,22,130.806131
5916.1143,30,130.809042
603.353,2,130.818436
9164.764,72,130.836247
13368.95,40,130.836308
2708.3042,17,130.836319
10740.847,42,130.836328
1645.8826,6,130.836335
4973.8647,35,130.888968
6158.638,19,130.899219
1051.0118,6,130.899276
1966.9563,31,130.899292
-38.248444,2,130.902656
1724.8729,15,130.907019
2194.468,8,130.907092
449.77393,2,130.907106
3310.872,19,130.907111
2927.2478,26,130.907116
570.13403,2,130.914223
440.6329,3,130.91436
2127.0657,18,130.914382
2523.0957,11,130.933966
3393.1304,14,130.936979
1293.4556,5,130.939748
2055.4387,8,130.942632
166.5249,2,130.962006
1314.5464,6,130.970913
1433.1681,6,130.970996
886.94507,4,130.994476
2846.4143,33,130.99452
5643.8027,28,131.005531
12227.814,38,131.024534
1521.3386,14,131.024904
3955.8252,29,131.038866
13872.146,40,131.048713
4927.0747,34,131.048769
355.4662,10,131.057734
6918.725,28,131.061088
9091.288,36,131.071975
5328.863,28,131.10309
763.4592,9,131.103134
8241.376,37,131.103146
5899.0674,27,131.105918
11031.459,42,131.108629
1632.7876,17,131.119918
431.36862,3,131.119973
11591.894,38,131.131314
442.1863,2,131.135426
255.94388,5,131.160545
8585.29,44,131.169628
6817.0454,20,131.174258
3441.5625,29,131.174302
287.872,2,131.174311
2399.2092,20,131.191666
655.57214,7,131.191741
3572.4395,26,131.199674
1827.6372,21,131.212416
12129.64,39,131.215699
11254.725,41,131.219195
1821.2991,54,131.219241
4231.7134,17,131.219256
9619.217,33,131.221982
639.9223,4,131.241683
2369.1064,28,131.241749
458.89127,4,131.241766
13566.267,48,131.245286
5813.8403,36,131.251939
2580.8435,14,131.255394
324.28177,2,131.272767
6813.022,37,131.277264
1119.9036,13,131.277302
1796.7482,6,131.277313
1655.3574,6,131.298693
644.6103,2,131.298753
1694.7821,12,131.29877
3379.38,17,131.303178
7394.2056,49,131.303217
352.20844,4,131.303229
13453.052,51,131.303234
6239.031,20,131.306848
2102.7217,14,131.3212
1331.9006,6,131.327052
640.07684,2,131.327085
2884.0596,10,131.350034
13658.176,38,131.353227
3309.5742,37,131.358194
10650.618,30,131.372876
1615.6222,18,131.390208
68.79266,3,131.390251
13592.7295,60,131.39026
1646.2607,7,131.415546
11950.528,47,131.43297
5756.602,30,131.440051
12314.8545,50,131.440105
925.13025,4,131.44012
3867.7253,24,131.443123
10955.361,37,131.457744
6302.748,34,131.460953
13047.584,40,131.460983
931.06836,3,131.48306
982.7138,6,131.483119
7893.6,47,131.490349
487.41565,15,131.497399
2626.6978,9,131.51156
6418.599,32,131.511604
12341.565,52,131.518225
272.62015,2,131.518297
1279.8899,13,131.521656
1458.4587,16,131.537276
695.36,2,131.537345
13028.488,38,131.537369
727.2993,11,131.549466
248.2586,5,131.549518
2195.72,29,131.552624
6517.7607,37,131.55267
12460.269,40,131.557971
1751.8506,20,131.575366
13478.805,34,131.575453
5580.914,27,131.579604
10969.034,44,131.590083
10058.908,40,131.603509
149.67738,3,131.6175
10503.118,42,131.624134
6938.499,31,131.624199
399.82245,5,131.624212
1142.0793,13,131.627309
345.05634,3,131.649676
640.9164,2,131.655356
1229.1394,19,131.672472
7654.4414,31,131.677284
1086.2504,12,131.680688
2375.1074,21,131.680749
5007.901,25,131.683655
671.82825,2,131.683714
11582.417,62,131.704979
7061.4253,32,131.707705
665.5359,5,131.710435
6135.376,37,131.713552
347.6515,2,131.716798
2093.9363,21,131.716859
1282.145,5,131.719819
360.90622,4,131.719867
1104.72,40,131.722724
9557.239,30,131.722785
375.78943,3,131.726303
8636.488,40,131.726337
4429.2783,23,131.736146
6870.7534,33,131.736195
1591.8704,13,131.740391
1728.144,24,131.744055
-221.3653,3,131.759587
435.36438,4,131.759668
6183.795,37,131.759686
55.23169,4,131.768075
1603.0549,20,131.768131
181.41182,4,131.783604
13220.296,39,131.783693
1557.9366,10,131.79547
1928.4424,20,131.799067
8151.9873,35,131.79912
2523.416,28,131.801815
241.50269,2,131.805081
7087.9863,82,131.80513
4880.171,42,131.807933
4191.818,14,131.810699
474.13818,2,131.826919
231.49109,5,131.836214
779.6495,9,131.839285
413.40356,2,131.846711
512.5641,21,131.846817
5980.17,29,131.846847
123.0441,2,131.854257
11745.683,42,131.858818
655.47925,4,131.870768
1055.6605,8,131.880396
1433.3304,4,131.885412
7409.941,28,131.906089
4283.5825,17,131.919729
2005.211,11,131.919794
9604.767,63,131.924094
751.08405,5,131.94061
10706.489,36,131.940667
7876.245,29,131.953269
3545.9583,33,131.965014
2426.455,8,131.974301
1864.4968,39,131.974358
9464.519,42,131.990265
4074.9028,36,131.990395
6174.69,30,132.009526
5582.0825,29,132.01374
5284.371,39,132.013815
10812.948,36,132.017929
12666.891,43,132.017974
12664.025,73,132.024496
10677.816,42,132.03528
5427.5195,26,132.040018
9564.881,39,132.040066
1100.0902,6,132.040078
358.0989,3,132.040086
709.02515,5,132.040094
1793.091,9,132.056079
90.030045,2,132.056136
855.80927,4,132.059273
3066.2864,18,132.070806
-55.733856,3,132.07434
1467.8948,17,132.074391
5459.527,22,132.074407
3828.3965,35,132.074414
474.77783,2,132.083655
921.87866,4,132.087682
7509.702,28,132.087724
8423.122,34,132.096705
467.0315,2,132.107146
379.4262,5,132.107214
11113.447,51,132.11116
567.13354,2,132.118194
691.97534,3,132.118249
4782.5024,19,132.131082
9195.535,31,132.143653
3079.8672,13,132.157507
13518.082,44,132.161534
637.1886,2,132.170609
996.4549,4,132.17077
6807.8823,19,132.181348
410.66498,3,132.194093
6126.157,51,132.194173
224.57758,3,132.197726
1406.7322,12,132.273396
648.7333,2,132.273461
4709.912,22,132.273478
6959.8022,31,132.273485
7267.0693,32,132.277377
11222.871,38,132.29179
710.0814,6,132.311825
8411.2,47,132.311894
2109.3962,16,132.311912
3869.9639,27,132.314859
13985.407,44,132.323013
628.3226,5,132.325774
1741.3516,14,132.336046
625.2766,2,132.342553
5285.9517,24,132.342608
776.0996,7,132.342622
12480.647,41,132.345644
1941.7332,8,132.349067
180.02567,2,132.358184
9260.693,31,132.358594
12635.234,41,132.379787
10121.771,39,132.388447
11977.992,45,132.392245
7261.0693,33,132.392293
1697.5232,7,132.392307
954.5309,10,132.392314
11772.574,41,132.406469
64.14692,2,132.409744
2015.9448,9,132.409796
1091.2605,11,132.41335
6418.9385,23,132.421097
12768.653,43,132.421128
8572.541,32,132.421135
4782.9224,27,132.423856
1853.4163,18,132.431098
1755.7954,8,132.431259
183.62212,3,132.439808
407.56335,3,132.446182
672.80664,9,132.446234
957.6996,8,132.446259
10013.281,35,132.456013
1855.1438,21,132.456101
955.215,5,132.456125
818.36926,3,132.461038
8939.3545,35,132.461131
6442.053,25,132.478576
3435.228,14,132.478644
496.49304,2,132.47866
1140.7267,4,132.492027
13665.0625,47,132.49207
511.19482,4,132.492084
1524.1971,16,132.492095
1887.3556,7,132.514987
334.25983,2,132.515046
572.58716,3,132.523327
906.1475,3,132.52338
13586.697,47,132.523395
12054.094,44,132.52608
194.74387,3,132.532746
1299.0256,13,132.542327
1149.092,12,132.542394
745.4292,9,132.542409
10022.5625,39,132.566773
357.50363,3,132.572184
1786.1499,13,132.572257
176.5894,5,132.577773
1555.601,6,132.580743
696.17395,3,132.594992
523.2018,6,132.595081
1315.9105,25,132.602668
12304.154,58,132.607137
8346.883,28,132.607187
5482.2124,33,132.6072
5342.927,29,132.62389
7169.313,37,132.631661
264.66885,3,132.631722
9609.06,43,132.631738
2203.142,9,132.651304
2079.527,10,132.654504
1108.4684,4,132.654554
656.3191,3,132.66269
5215.4653,33,132.665719
529.2659,3,132.680264
5596.25,35,132.680331
917.027,6,132.680344
7947.4346,73,132.684291
10991.387,50,132.684347
-238.84624,3,132.691518
5774.413,26,132.691703
7918.9263,31,132.691738
3044.802,17,132.691749
9241.79,33,132.703127
5433.3755,31,132.708037
12617.994,45,132.711184
4264.8716,29,132.716744
635.698,6,132.716849
11643.139,50,132.716873
5859.3613,42,132.725578
634.856,4,132.753988
793.1489,13,132.760354
1539.7598,14,132.764292
2941.8828,13,132.764338
2179.6223,11,132.771007
1351.6091,13,132.782908
13694.24,45,132.782982
546.34955,4,132.802313
453.7093,6,132.805252
947.92975,8,132.807994
14001.337,43,132.82319
203.00282,2,132.823264
6183.056,57,132.823279
1435.3698,13,132.836209
1150.9553,9,132.840081
11477.023,38,132.860202
871.3695,5,132.860256
13773.799,47,132.876131
6226.974,45,132.885103
9434.514,31,132.899857
13039.243,35,132.905545
3377.823,23,132.90871
3432.5208,14,132.908751
13208.362,53,132.912394
9073.549,33,132.912461
15862.482,44,132.918931
459.62537,3,132.923192
264.70462,4,132.923266
1209.7656,5,132.923284
1233.9744,8,132.928361
2292.196,26,132.936723
6073.5835,24,132.940199
10874.427,54,132.940244
13808.838,42,132.947839
1558.7487,11,132.959793
10412.099,48,132.971985
8904.123,27,132.972047
796.4608,6,132.979916
-249.59662,2,132.980012
13668.276,50,132.980031
5905.562,39,132.980038
1311.0868,11,133.011005
13626.423,48,133.01106
12469.139,68,133.014095
676.76697,5,133.019209
7177.849,36,133.022022
9716.215,33,133.040714
179.80606,3,133.040797
1398.5088,12,133.04618
924.74603,9,133.04942
9660.818,46,133.052921
545.28204,5,133.056468
11280.855,38,133.056524
6718.147,24,133.072101
768.1789,4,133.072427
250.00967,2,133.07549
5824.5747,61,133.079611
788.6877,16,133.079671
56.341072,2,133.079686
1709.5643,24,133.084206
916.24365,5,133.084267
815.39905,4,133.084288
12.72937,7,133.087828
1917.3525,29,133.087881
4659.427,28,133.087895
221.21095,3,133.099505
2866.3809,14,133.104466
701.8974,7,133.121622
11128.637,41,133.121676
1292.2848,5,133.121691
9339.252,39,133.13048
351.80627,3,133.13055
8893.767,45,133.130568
8267.63,37,133.133475
668.6698,5,133.136333
485.92328,2,133.136369
1564.5442,11,133.139282
3465.8882,13,133.139322
525.0414,4,133.141908
1323.302,29,133.157815
1317.5164,15,133.162055
8133.9565,25,133.162119
462.91708,8,133.172197
732.28046,3,133.18385
13027.832,41,133.18391
8131.8477,38,133.183925
1024.5065,4,133.207838
2659.0288,11,133.207884
2833.1035,11,133.210984
2126.0977,28,133.240032
3962.4705,20,133.240115
13127.486,48,133.240133
4679.058,27,133.243392
5213.2812,28,133.256212
2355.3655,12,133.256283
1311.918,12,133.266338
10121.936,32,133.266393
7473.187,29,133.266408
163.01282,2,133.266415
541.77844,5,133.285073
1265.2651,13,133.285165
960.41,29,133.295811
-436.0842,3,133.295903
11422.823,49,133.295924
7826.8423,47,133.295933
400.3318,3,133.314626
1510.9718,6,133.325143
832.04456,5,133.325227
784.51794,11,133.325246
12981.587,38,133.343557
13671.567,57,133.343612
815.7652,15,133.352403
5374.323,30,133.35247
3432.97,30,133.355684
-91.76178,2,133.358397
2781.635,11,133.383471
2076.3135,20,133.383528
11151.3125,38,133.395034
6922.0054,29,133.395109
6226.6055,23,133.408235
-312.7938,3,133.423487
2855.7302,15,133.428022
6052.861,37,133.428082
329.86966,3,133.428098
4352.5977,17,133.436134
326.72446,2,133.436217
5430.2563,41,133.436236
2326.3054,25,133.436244
180.2118,4,133.44152
1844.2764,27,133.44623
447.10342,2,133.446316
1102.51,4,133.455977
649.3103,4,133.456055
7346.623,32,133.476246
572.8021,2,133.476307
1707.1882,54,133.480289
758.92834,5,133.480404
5105.259,29,133.480417
89.564514,2,133.488908
3669.5125,20,133.508811
13528.315,45,133.508877
-41.79532,3,133.508896
10602.595,42,133.523685
10770.725,41,133.523754
8190.527,34,133.536092
5885.2407,31,133.556979
13503.034,52,133.557026
1019.81213,6,133.562174
8957.236,47,133.562236
960.35876,9,133.565768
11072.742,36,133.569973
504.29434,2,133.570037
4308.3936,30,133.570055
696.9205,2,133.573222
4970.2524,21,133.577117
12721.761,43,133.577217
977.89087,3,133.59135
2940.8367,11,133.594696
849.2723,5,133.616644
1604.4023,9,133.638915
6807.018,26,133.638986
1211.6936,20,133.639003
11853.789,50,133.642447
2115.4941,17,133.642503
7142.7007,42,133.649168
9649.964,32,133.64922
490.56598,2,133.649235
-125.62619,3,133.649243
9578.315,36,133.649248
4744.7188,15,133.660481
6039.226,28,133.690355
880.725,3,133.690421
908.19116,4,133.69363
2140.0205,6,133.693706
1040.0845,5,133.702754
9297.429,35,133.715629
12867.319,41,133.715695
712.20526,3,133.725537
444.31207,2,133.740084
1430.2007,41,133.760449
776.46857,11,133.769046
1998.0682,33,133.775663
2156.909,10,133.775741
13876.718,54,133.79211
5830.869,28,133.795259
13901.364,47,133.798696
3779.4656,32,133.802598
476.38434,3,133.802664
6874.3706,45,133.805961
3140.05,16,133.809718
774.3761,3,133.809775
3076.8135,16,133.813358
13285.17,37,133.813423
768.2733,4,133.826123
5750.979,26,133.826207
511.7894,3,133.826231
6865.476,62,133.839336
7273.904,22,133.842999
919.5804,6,133.851179
904.95404,4,133.856983
13260.067,44,133.860842
13193.11,46,133.86091
52.618317,2,133.860936
222.32468,3,133.886253
1834.5531,15,133.886398
10146.488,36,133.897692
508.1524,2,133.901959
505.15808,5,133.902012
1003.4263,11,133.938807
6786.538,29,133.941597
1546.7003,21,133.956233
6307.9434,43,133.96076
3334.2139,29,133.960805
3054.9143,11,133.970678
2359.7153,12,133.970766
4273.255,20,133.981139
-199.8022,2,133.981197
8223.497,39,134.000652
1471.6913,7,134.00453
8443.525,26,134.008554
1176.4113,4,134.008603
7804.576,25,134.008618
545.15857,5,134.038491
979.09424,18,134.038564
13297.182,49,134.038581
10002.27,34,134.041899
436.51196,8,134.041943
697.998,9,134.055908
7618.69,33,134.059484
6292.584,48,134.059536
644.05896,3,134.059551
2209.1099,15,134.063209
2295.046,14,134.063262
8791.771,47,134.070097
2183.677,25,134.070175
5865.4727,59,134.070189
694.1367,2,134.070196
7713.665,38,134.072899
2939.0312,10,134.100157
985.8795,6,134.100211
379.52014,4,134.10394
1039.5795,6,134.103999
1190.8334,7,134.104015
7412.441,73,134.115858
3379.8025,13,134.126279
474.40274,2,134.129711
8833.565,39,134.133191
158.85785,2,134.13324
1700.1622,6,134.136508
223.07721,6,134.136563
407.755,7,134.140171
6349.9106,56,134.140226
1052.3593,13,134.154966
1578.9359,29,134.158869
11383.581,50,134.158929
2565.7344,12,134.162881
2903.9175,14,134.170612
468.5583,4,134.170702
4437.33,22,134.178361
4840.746,20,134.193279
249.7262,4,134.19681
2386.033,12,134.196874
2123.342,11,134.196889
3815.1423,14,134.199978
1676.4049,8,134.203491
12497.423,44,134.206668
1787.9556,39,134.209924
8766.624,36,134.209979
376.98804,5,134.223617
1379.7704,8,134.223688
8268.654,35,134.229651
236.58119,2,134.229711
12141.435,41,134.235821
2737.3271,11,134.238726
1440.2083,7,134.260898
13448.054,37,134.278144
1035.9083,4,134.278255
265.3809,2,134.278284
13329.441,43,134.300526
411.08447,2,134.300597
7274.2964,27,134.300614
2343.331,24,134.306203
2331.0278,10,134.306257
1998.5167,10,134.306269
33.2294,2,134.320164
2252.8743,23,134.320235
5635.994,30,134.323241
127.28088,2,134.326909
11725.298,31,134.326961
11267.371,42,134.326976
9264.742,54,134.329778
820.8763,11,134.33556
2351.541,9,134.356742
2451.217,47,134.366626
10172.923,36,134.378162
2375.0518,26,134.392649
6541.087,28,134.401909
6658.3223,21,134.423641
1048.9587,10,134.423711
10666.581,36,134.444957
5278.864,29,134.46236
206.33862,6,134.48239
4527.162,26,134.487141
7349.5483,20,134.487228
2689.4104,12,134.506338
547.9987,2,134.509563
13281.618,43,134.509603
857.4893,11,134.525498
1530.5884,19,134.546448
11288.063,30,134.550034
13324.445,48,134.550085
10275.336,49,134.550098
5903.071,29,134.553104
5893.9907,61,134.553143
173.57735,3,134.560481
6612.4053,33,134.575216
601.7079,12,134.578623
7152.3364,41,134.589624
13288.33,36,134.589679
11376.502,40,134.608732
287.86716,4,134.608822
507.71802,2,134.613047
8095.622,37,134.633094
12833.581,44,134.633177
584.60443,6,134.638286
3988.6306,22,134.654301
3014.5144,14,134.654359
3196.0679,31,134.654374
1795.794,7,134.673311
2811.337,14,134.67337
1319.7559,7,134.676236
506.4212,2,134.679471
3940.1377,22,134.679506
980.4065,3,134.701192
1952.989,7,134.704783
13978.71,44,134.724155
1358.5386,22,134.730073
3108.2434,12,134.730126
1809.8871,14,134.733063
297.375,2,134.735824
8964.232,35,134.740795
135.43646,12,134.749949
8278.476,50,134.750034
8093.126,30,134.774728
7052.0684,43,134.794943
13911.564,43,134.809404
7387.3735,20,134.820003
12077.584,41,134.820085
257.09094,2,134.834519
490.25507,7,134.841707
4357.9478,13,134.841783
2505.3503,11,134.856471
7169.8745,19,134.859473
6587.5645,35,134.879241
13525.797,45,134.879285
702.6666,5,134.882338
996.16907,43,134.887074
827.6122,3,134.887134
263.24283,2,134.88715
1956.2842,11,134.887159
5757.4478,35,134.894425
3836.6006,28,134.904824
6561.246,35,134.920553
5991.557,39,134.920641
1401.5051,10,134.923778
5184.916,30,134.926502
1078.649,9,134.929593
12264.108,43,134.929645
5997.822,95,134.929658
5302.9688,29,135.004356
1607.435,12,135.030747
12881.869,47,135.038166
1861.8286,18,135.043069
271.9065,5,135.056073
245.24086,2,135.069829
13693.423,50,135.094317
5975.7866,25,135.106407
11531.979,43,135.106474
1174.332,13,135.109782
573.652,3,135.116312
2811.5547,35,135.116397
4419.759,21,135.130973
13792.4,46,135.192929
9893.258,30,135.192991
13778.387,44,135.219765
13036.091,50,135.219832
350.8485,5,135.21985
610.17505,6,135.222634
347.53622,2,135.225633
1631.4224,12,135.22568
13530.476,45,135.229299
351.6538,2,135.229332
2798.293,18,135.229341
484.87805,3,135.229347
3282.8442,31,135.2326
1878.25,15,135.232647
510.10712,2,135.242116
4805.3853,17,135.255408
6134.053,16,135.255477
11342.618,42,135.255494
195.16768,4,135.264928
13135.547,37,135.277312
6448.9644,41,135.281491
9638.25,37,135.281527
-303.2151,3,135.281536
12749.998,52,135.28985
2258.3325,29,135.289903
13018.702,50,135.313168
2953.5898,13,135.316225
13564.065,46,135.316267
13758.891,44,135.319142
12141.539,35,135.344445
1229.7896,9,135.347552
1036.5905,4,135.347596
1525.0033,14,135.368717
6715.0728,25,135.368795
948.82623,11,135.372378
3828.464,19,135.372424
6664.2236,25,135.375276
170.33746,2,135.380418
8328.792,27,135.406847
3026.6462,27,135.412694
2542.301,12,135.439145
6904.77,66,135.439208
823.5826,3,135.439227
323.10144,14,135.445569
8248.836,52,135.449858
235.43405,3,135.449932
10663.578,37,135.449953
10706.69,52,135.44996
322.40143,2,135.469896
252.95107,5,135.469975
13618.363,39,135.469989
847.0305,11,135.484846
741.4633,3,135.484946
4122.6025,38,135.508324
874.06396,4,135.50841
6133.525,42,135.508434
1214.717,4,135.512939
6865.009,37,135.513257
1231.1772,6,135.520003
-56.333847,3,135.524301
754.39966,2,135.524369
5477.057,31,135.530963
5954.0815,36,135.550313
8745.968,44,135.55444
9930.511,46,135.587455
10189.341,37,135.591149
5124.916,55,135.59121
3788.9695,18,135.594216
7.3430176,4,135.610565
13477.179,51,135.61064
1696.7092,13,135.614839
1594.768,6,135.614897
960.8134,6,135.618136
9730.526,47,135.620979
5736.365,23,135.624239
538.80444,3,135.624281
11774.396,40,135.635206
401.72623,4,135.635266
1225.9214,7,135.640632
1598.2893,12,135.645903
7270.6426,30,135.645935
2171.3765,9,135.651102
165.98772,2,135.6718
8850.533,32,135.674767
5014.4814,23,135.677505
6487.0947,28,135.681726
406.37183,2,135.681775
5749.1777,33,135.687048
-88.097626,3,135.695207
13904.437,43,135.695276
3091.858,12,135.695335
13692.05,55,135.706062
902.8079,8,135.710249
1080.5281,3,135.717586
1968.9707,17,135.71765
13237.894,45,135.721669
9866.224,39,135.736744
-131.73135,3,135.736811
12445.361,68,135.74791
10153.682,38,135.772679
6643.986,26,135.777182
3409.0737,23,135.790867
3261.7878,13,135.790931
225.93608,2,135.797159
13406.063,49,135.797216
12732.575,36,135.802822
10234.876,50,135.80287
7455.2847,18,135.806049
13424.311,49,135.809022
13804.068,71,135.812187
2271.3396,13,135.812268
1312.2561,11,135.831304
1367.7267,10,135.8314
353.1488,5,135.841184
-196.18152,3,135.844843
620.2303,2,135.844909
604.47095,3,135.844927
2953.0852,24,135.844934
582.39185,2,135.864583
2115.5276,6,135.864653
10988.016,41,135.870709
12099.0625,42,135.870783
1072.3839,4,135.873885
3153.3364,12,135.87394
1753.7784,7,135.895838
13123.575,46,135.910297
72.42383,2,135.910372
1781.9058,17,135.910388
7363.5674,44,135.930325
5957.3315,38,135.9471
3803.0469,15,135.967552
4656.1323,25,135.967608
12520.89,39,135.975634
12874.649,45,135.975686
772.54645,5,135.981387
4453.6255,40,135.981447
9455.589,38,135.994003
742.7551,3,135.99788
2785.5486,20,135.997939
6756.31,19,135.997954
9867.727,27,135.997959
319.644,2,136.019647
3633.473,25,136.023549
993.87524,12,136.026556
1306.3843,5,136.029647
7344.4873,34,136.029703
4195.3647,20,136.040944
311.36652,6,136.04101
751.0926,3,136.04103
329.13516,2,136.060835
1775.9503,6,136.060882
5997.5645,29,136.069139
272.05005,3,136.091895
8715.887,35,136.102274
7539.523,57,136.102328
4551.331,40,136.128652
1050.4563,10,136.128709
11935.341,37,136.139966
3007.077,30,136.142772
555.9277,58,136.152575
-79.57834,4,136.174382
671.2853,2,136.190645
10373.659,36,136.190731
7825.601,40,136.205613
7620.978,70,136.214198
6255.74,16,136.217767
1900.8088,22,136.217829
9669.32,50,136.217847
427.88507,3,136.238424
8427.319,37,136.245787
1255.7142,8,136.245845
6627.974,28,136.24586
3145.0273,13,136.254763
4552.486,19,136.263886
649.1636,6,136.263983
516.27844,3,136.264002
785.72327,2,136.289648
406.75244,3,136.307752
13519.405,51,136.307792
3116.323,18,136.307801
5010.7236,32,136.307807
12115.396,40,136.307812
276.45575,2,136.33615
1739.4138,7,136.339182
1432.7456,7,136.34197
1079.664,15,136.344949
12682.946,43,136.344979
232.82346,3,136.356492
9534.849,44,136.370099
6900.836,32,136.370158
13346.108,39,136.373218
8844.936,32,136.399993
4350.3887,39,136.400071
1568.1351,9,136.41057
1087.1073,9,136.432219
950.69653,9,136.432284
681.90796,14,136.453322
1737.2706,17,136.456646
1991.9271,18,136.464507
6160.161,51,136.464596
586.52704,3,136.464618
377.30548,2,136.49355
3786.0574,19,136.505776
1820.8408,39,136.52974
4767.377,35,136.529781
1833.2202,73,136.541378
582.23315,2,136.544251
8230.756,44,136.546834
772.2177,5,136.564587
12105.699,38,136.579672
2238.1855,15,136.596984
10585.431,43,136.597069
9548.5,39,136.609948
12260.074,40,136.624332
471.00153,2,136.624454
11452.734,38,136.624473
3073.8857,25,136.635999
581.0497,6,136.650814
13192.405,43,136.650879
63.827637,4,136.650895
2969.7988,57,136.661239
7198.3984,70,136.66129
9137.753,31,136.672319
3828.6533,26,136.68031
8016.1406,31,136.680385
591.67285,4,136.689894
846.4069,4,136.692894
2455.2954,10,136.696358
635.73944,27,136.696417
703.1011,2,136.696432
4419.0664,16,136.715839
5791.238,44,136.719261
716.29297,11,136.719302
507.2088,2,136.722094
1458.3263,7,136.733393
1751.6191,8,136.737436
4257.655,27,136.741804
528.1599,2,136.755084
8752.033,34,136.769634
11694.367,67,136.779189
2413.2769,7,136.791638
3018.519,24,136.803512
8442.104,32,136.803595
415.5304,3,136.80766
367.57635,2,136.816265
3677.4648,16,136.816338
4750.5234,35,136.826512
11918.614,58,136.82658
5854.6636,33,136.846924
10858.724,72,136.851254
1265.9062,13,136.872727
9095.129,35,136.878092
1223.7666,11,136.882116
8044.967,29,136.882174
1507.4779,13,136.882189
11461.038,37,136.88611
10217.573,38,136.894037
11995.911,42,136.8972
5000.0674,31,136.90225
13172.608,52,136.902335
911.14777,12,136.902355
9411.923,34,136.909193
13115.8955,36,136.92248
1472.9132,13,136.922549
814.3668,8,136.922567
562.0299,3,136.939388
5665.009,43,136.95121
493.36127,3,136.951265
9928.235,36,136.955444
1044.9935,4,136.95865
705.5613,8,136.958684
683.7654,4,136.979834
9900.494,37,136.995478
2802.3726,36,137.003791
587.42444,19,137.010308
551.26685,4,137.022384
942.9708,7,137.027766
12399.44,50,137.034034
12726.118,37,137.038908
5079.2583,20,137.056701
5764.0938,54,137.071151
9270.456,43,137.071224
664.9686,2,137.082959
1491.2882,7,137.08305
1841.768,48,137.091801
4979.611,27,137.095518
-19.585663,2,137.095571
13383.102,48,137.101814
2814.3218,9,137.101876
12098.592,36,137.112601
396.3486,3,137.112661
8559.985,33,137.117342
753.70514,7,137.131647
5004.5957,35,137.131698
5588.6924,32,137.140198
5042.5327,36,137.159604
7931.0396,25,137.159659
933.2695,4,137.162363
9840.127,35,137.16523
13606.02,46,137.168193
4925.6445,45,137.16824
2876.51,14,137.171342
9666.971,38,137.174446
5186.519,29,137.177413
1274.4917,10,137.177453
385.7949,2,137.191028
10820.721,52,137.193681
13611.342,52,137.201852
13414.426,42,137.20191
133.2492,5,137.204822
1032.7543,3,137.221687
2042.2637,15,137.235863
1856.3154,15,137.240314
5451.1855,26,137.240357
9790.224,31,137.246605
13800.973,56,137.246664
1194.0193,6,137.289212
1171.1881,8,137.289249
2568.4297,16,137.289258
6725.3027,42,137.296068
5367.3306,21,137.296161
131.89615,4,137.306727
10047.253,50,137.306871
12167.82,37,137.310238
11808.869,38,137.330037
8894.241,33,137.333608
13119.279,42,137.342574
9896.335,31,137.342663
503.6422,3,137.346422
1043.0251,17,137.352057
704.24335,3,137.352106
7885.7524,41,137.355746
8680.8545,44,137.355798
755.0393,11,137.3591
715.8834,4,137.359149
10016.618,38,137.368352
-196.18922,3,137.36842
843.66736,6,137.374392
10355.582,37,137.378001
4485.869,17,137.378078
3669.415,18,137.388846
741.9406,7,137.388901
1698.2134,7,137.397716
1211.6469,7,137.400897
11872.647,46,137.404648
4511.881,35,137.411182
8288.836,33,137.415169
297.07956,2,137.415241
9338.138,32,137.428615
9156.689,48,137.442696
2519.2341,10,137.461271
361.6828,8,137.46132
256.02612,4,137.464123
1597.9622,9,137.467788
582.5931,3,137.47516
2335.8037,40,137.475212
2773.6926,19,137.492908
-217.0831,4,137.516699
2127.8916,25,137.519961
4945.093,24,137.52
11170.263,80,137.520012
11675.72,37,137.522629
1021.0785,10,137.525203
8608.541,32,137.532543
4700.7305,41,137.532622
2102.748,22,137.532641
4287.3193,28,137.543398
103.86664,5,137.543471
6950.9907,33,137.547062
13487.202,44,137.551538
433.42923,2,137.551589
1997.4131,19,137.559701
1137.4377,4,137.55977
12346.637,36,137.562975
2804.351,11,137.579992
8281.811,40,137.585614
1407.8933,6,137.585668
682.49023,9,137.585681
1490.9358,6,137.588577
447.4723,5,137.59191
140.50513,2,137.591957
4726.8047,22,137.59482
279.69824,3,137.594865
12572.319,47,137.597412
1163.1987,5,137.600259
1559.7837,13,137.603105
3919.4927,26,137.603168
324.52988,3,137.608465
13100.239,41,137.618833
4250.8374,59,137.623289
675.7429,2,137.637326
1244.1187,8,137.640479
1111.1829,15,137.643246
5929.5273,43,137.65388
2426.2231,11,137.653965
2201.777,9,137.653982
2422.026,51,137.656926
479.03156,3,137.66602
9396.257,40,137.666119
646.42706,4,137.672598
3126.7227,23,137.675439
4227.635,12,137.69047
5538.588,27,137.690532
2008.0115,7,137.702863
3696.4524,18,137.702935
11917.861,89,137.706679
1784.0454,24,137.70675
1159.6179,7,137.721347
668.63025,5,137.79345
1124.4352,5,137.796819
1536.7157,13,137.796883
6790.914,25,137.806714
8659.12,36,137.810058
735.47394,7,137.829586
10431.526,33,137.829655
8781.035,47,137.832743
385.7527,2,137.835927
13812.317,44,137.835979
336.95197,3,137.842292
13800.77,49,137.84235
427.05408,2,137.848668
12645.917,39,137.852639
1950.3086,21,137.852712
685.303,4,137.85763
8756.67,36,137.875201
12265.35,43,137.87527
6513.4116,26,137.875288
3643.6816,26,137.87834
12179.499,36,137.884573
9915.078,38,137.884624
3730.7937,49,137.884638
865.3913,7,137.88755
709.03864,2,137.890952
4111.942,27,137.891016
5855.577,27,137.894054
1827.5828,23,137.912013
1601.1906,17,137.912064
319.644,2,137.921059
4428.13,32,137.925176
1695.1326,17,137.938141
235.22118,3,137.946539
7633.3857,27,137.946619
2052.6287,8,137.946637
4700.151,14,137.951989
720.35986,4,137.962236
4596.75,21,137.982235
393.94916,7,137.98781
985.17554,8,138.00368
13479.1875,78,138.003754
7826.798,44,138.011592
4989.2554,43,138.01167
216.58304,2,138.018661
928.61017,4,138.018744
7205.288,27,138.027706
8234.414,30,138.046462
3121.6719,15,138.046573
6203.7476,47,138.063996
1782.462,15,138.064065
4375.956,29,138.075549
10587.537,41,138.079529
4198.1587,24,138.079567
11906.495,34,138.089061
381.00897,6,138.109906
11727.791,40,138.109966
473.04514,5,138.113085
930.20557,8,138.113128
2116.121,9,138.120966
1700.9053,7,138.121043
362.7207,2,138.135822
402.35138,3,138.13591
129.49344,3,138.135929
6660.043,50,138.135937
5006.7246,27,138.157287
207.0247,2,138.162145
442.15613,3,138.162208
9811.976,39,138.170413
518.3861,3,138.170482
315.06494,3,138.175458
1492.8323,11,138.175532
188.77081,2,138.17555
2064.7288,7,138.18357
833.9597,6,138.188538
13863.004,43,138.188615
316.8586,3,138.188633
556.303,3,138.215121
506.37967,9,138.21516
11310.359,43,138.215169
392.07935,2,138.215176
1048.4747,7,138.226712
5666.3394,44,138.226754
455.52975,2,138.248738
6033.8184,31,138.262105
335.97778,2,138.26523
660.9675,5,138.270474
12073.653,41,138.273942
2326.2988,9,138.274089
1726.9622,32,138.280714
7868.661,73,138.292017
8892.52,33,138.304506
1973.6436,29,138.311612
3312.9204,14,138.325048
5243.5527,28,138.325102
150.216,2,138.333954
2885.746,40,138.351712
12314.657,48,138.366673
10923.049,46,138.370468
1259.0359,5,138.373661
1854.254,10,138.37639
11185.838,44,138.379074
889.0748,29,138.385338
4129.88,30,138.388761
320.20078,7,138.393586
476.8171,3,138.408079
3526.7246,31,138.408136
1230.1589,6,138.424846
5854.058,30,138.424902
2772.418,11,138.428144
6702.963,30,138.428196
344.60632,2,138.439591
228.13947,7,138.445192
6997.505,35,138.44533
324.5591,3,138.457309
4125.0796,29,138.45739
9931.925,37,138.45742
5902.424,31,138.462621
8085.73,38,138.46269
5975.4805,42,138.462705
710.637,2,138.469557
4541.6274,34,138.478249
151.13359,4,138.478308
413.7561,7,138.483227
3497.8596,20,138.483282
3196.4534,14,138.496295
762.73083,3,138.509064
8859.595,40,138.514521
10453.066,55,138.517874
964.8843,14,138.517908
2445.3862,14,138.52131
650.75635,2,138.521368
1371.6461,8,138.52538
367.53662,3,138.536256
1093.3436,9,138.550295
13221.847,42,138.550366
292.64978,3,138.556559
1467.274,10,138.559866
1054.6442,7,138.559912
215.26077,2,138.563102
13367.94,38,138.568547
339.08945,2,138.568633
8483.531,36,138.573382
420.09552,3,138.573442
542.0923,4,138.58618
-3.0726624,3,138.586261
1330.7916,10,138.596855
226.75435,2,138.596919
2341.4443,36,138.596935
12196.62,48,138.606952
6205.212,24,138.607033
13268.404,53,138.61422
641.70667,28,138.614264
886.4939,5,138.614274
2235.045,29,138.629924
1846.5254,23,138.63593
1303.9985,5,138.639435
540.0001,7,138.646097
211.5125,2,138.646152
12447.541,52,138.660128
5699.828,36,138.672931
1327.206,13,138.672992
1944.6132,11,138.679928
1366.1287,11,138.685544
531.01587,2,138.698734
12078.347,39,138.698804
36.622826,2,138.707456
1674.4185,18,138.707524
10363.358,39,138.719068
8135.3623,36,138.731737
6391.769,16,138.745487
12891.029,38,138.745551
8881.338,32,138.749132
11918.653,40,138.749181
2779.3735,94,138.752556
10740.6,52,138.752605
11053.477,40,138.767059
256.58008,4,138.773252
13786.5625,56,138.793114
5867.874,33,138.798285
327.4799,5,138.801144
13835.134,43,138.806618
1119.1022,12,138.8095
12273.0625,38,138.816934
628.6166,2,138.827962
4534.614,22,138.82801
2217.0732,19,138.828023
503.85266,7,138.843039
71.62082,2,138.846612
10050.171,44,138.851554
12347.902,49,138.851623
380.16473,7,138.854685
1133.7236,6,138.857886
10844.395,35,138.881965
1902.2173,8,138.89379
279.0862,2,138.913554
13552.635,46,138.913637
2342.141,28,138.920902
13700.253,49,138.92522
1367.4233,11,138.937597
11217.739,50,138.948041
199.41083,2,138.948097
13062.663,46,138.96034
12531.233,43,138.970678
3208.503,45,138.976437
13186.043,51,138.979322
8083.51,34,138.998517
2068.3977,15,138.998601
13636.401,43,139.002061
472.57355,2,139.007879
13383.147,55,139.011357
11849.909,45,139.02645
1601.3597,8,139.026522
589.58716,5,139.030523
2443.8284,20,139.030586
3144.4473,32,139.060849
11589.605,49,139.060915
1868.8835,21,139.066043
4091.9834,33,139.070854
342.0402,3,139.070956
4165.9414,30,139.07585
1005.24304,10,139.087276
13708.747,52,139.101292
9654.347,40,139.101379
1614.6332,14,139.107464
933.46436,7,139.11893
1881.2861,7,139.123208
3645.9626,26,139.135879
9770.157,45,139.135921
13680.607,52,139.142752
7785.918,33,139.147065
4688.3643,14,139.164211
11136.616,40,139.167186
634.8608,6,139.173065
5562.824,49,139.173149
896.89453,4,139.185802
6822.6255,41,139.199526
4334.3823,20,139.203626
1095.5251,5,139.203691
13639.783,46,139.206956
2329.456,31,139.210546
718.37537,2,139.210592
7404.5664,41,139.213691
1764.2178,59,139.213718
11151.023,32,139.221421
2157.5007,23,139.221487
962.49646,5,139.221501
1249.4299,6,139.254013
1417.7545,5,139.254087
7870.7246,30,139.25828
10494.972,37,139.258352
6293.8335,19,139.272372
1557.8655,15,139.285636
3820.4673,42,139.289019
12707.564,39,139.292028
5035.418,27,139.306244
1404.8049,13,139.306317
790.6738,7,139.306335
1028.0637,5,139.312217
1544.2455,16,139.312267
5715.064,30,139.312278
3440.3438,16,139.316495
407.03226,2,139.321329
467.60052,2,139.321383
384.0115,2,139.324516
2722.2964,11,139.328424
1884.3827,5,139.33966
1734.3081,55,139.354002
8576.051,44,139.357412
4274.2114,22,139.360537
925.45776,4,139.363491
13111.669,44,139.370332
2197.026,9,139.370374
877.78217,5,139.395849
12744.579,52,139.395931
9818.966,41,139.409305
323.12387,2,139.414958
7319.068,34,139.414989
5247.9805,25,139.41814
11809.091,35,139.418189
13312.681,55,139.423141
7482.3457,27,139.428614
5983.1074,27,139.428714
12419.639,58,139.428729
4235.8926,19,139.441686
39.40558,2,139.441746
4616.053,32,139.446891
561.63403,2,139.446967
332.6925,4,139.460875
2853.4353,23,139.468502
1421.4528,12,139.494513
1409.3859,9,139.494587
1038.14,9,139.497462
4758.131,14,139.502077
3936.1501,26,139.50212
1285.1414,19,139.502133
11895.723,38,139.502141
13357.93,44,139.502146
455.41696,2,139.517947
130.98746,3,139.518018
1148.6555,13,139.524713
486.96857,3,139.528023
702.2462,2,139.531764
13351.942,51,139.531801
1632.3885,7,139.544513
13714.361,42,139.544564
13551.165,58,139.554101
286.81393,2,139.554158
11331.182,42,139.554174
1681.7552,15,139.557718
917.5227,9,139.557757
11310.321,51,139.56901
900.27484,7,139.575586
6119.351,41,139.583968
1033.0537,5,139.584013
10119.831,51,139.584022
12013.657,40,139.607074
5548.6445,35,139.607121
-36.335205,10,139.639003
5191.7725,35,139.642008
2103.744,21,139.644911
2159.3552,27,139.647619
4191.7124,15,139.675634
729.0342,3,139.694784
4399.776,15,139.694837
13639.0205,46,139.702717
8312.84,34,139.706486
10101.955,41,139.706547
7435.6562,34,139.706562
4106.816,18,139.723486
7266.612,27,139.727003
803.9688,7,139.729812
11787.374,48,139.733766
6497.938,29,139.733808
1788.6935,6,139.733819
5728.8076,31,139.743307
9778.098,38,139.764363
2043.1356,9,139.769236
5991.1743,30,139.78596
1277.3961,8,139.788808
5971.566,30,139.792646
638.66943,9,139.792687
10368.535,39,139.801558
8792.593,29,139.812026
1775.1503,14,139.812127
11524.023,49,139.81592
-205.20703,2,139.823554
577.82654,3,139.827001
6270.2637,20,139.830942
929.5735,3,139.845866
2350.6436,34,139.849409
9071.565,34,139.856587
772.8888,2,139.856668
1978.0012,16,139.856683
12364.224,50,139.860453
5435.908,28,139.873152
13250.068,54,139.873202
7315.542,20,139.876256
3061.8706,13,139.881886
750.1422,3,139.881915
777.6988,17,139.887204
9651.105,35,139.887244
9222.837,29,139.901393
9651.184,30,139.90713
1619.9944,5,139.910587
367.8314,2,139.916745
815.6085,4,139.916809
736.5685,14,139.916822
1305.2291,6,139.91683
2581.061,11,139.92373
13550.619,60,139.946691
7341.4385,22,139.946748
843.6676,5,139.953366
10511.516,32,139.956272
868.7279,3,139.964674
5860.202,57,139.964736
162.80374,2,139.972024
11835.25,44,139.981774
1842.2097,14,140.001967
13581.666,39,140.005243
2234.548,24,140.005294
4915.7817,31,140.010976
1800.5798,16,140.01107
842.3237,3,140.011087
11962.383,41,140.011096
4573.0166,33,140.031808
844.66315,13,140.038507
4891.2427,27,140.038578
729.2804,10,140.038609
8472.712,29,140.052867
1160.4834,6,140.056045
6109.449,58,140.056096
10265.96,39,140.059214
497.0653,7,140.059256
1677.9021,7,140.075131
3605.7085,27,140.075208
1269.8324,4,140.075225
8688.658,30,140.081266
894.5639,12,140.107132
7494.744,27,140.107191
2652.049,10,140.110573
11024.499,54,140.110621
13916.482,60,140.11644
213.51674,3,140.116491
4480.0845,18,140.130845
12798.527,38,140.130893
3566.7332,23,140.151081
1882.9529,7,140.151148
8272.262,37,140.16209
6066.507,36,140.175871
1890.915,17,140.175963
5282.577,26,140.187529
13060.09,104,140.195981
957.3325,6,140.196028
543.3671,3,140.212316
5394.376,29,140.218079
7700.06,65,140.221269
4413.6216,28,140.22132
1490.7178,7,140.224225
13137.438,46,140.224264
5593.596,28,140.244474
1265.4116,6,140.24778
11415.957,44,140.259235
978.5814,6,140.259309
1349.957,14,140.259329
107.76814,2,140.273965
13297.301,47,140.290849
2813.1902,13,140.29414
180.14764,6,140.294184
9636.827,31,140.363744
687.1074,3,140.374453
6711.849,36,140.374532
989.2602,4,140.374548
1318.0502,11,140.374553
10248.684,54,140.378337
2388.219,26,140.386636
117.78074,2,140.386704
1815.3752,10,140.396255
395.42233,3,140.396318
7721.6157,32,140.400384
263.32428,3,140.400484
13339.475,48,140.4005
288.58304,2,140.409519
7542.603,21,140.409592
-255.38042,3,140.409611
9976.322,48,140.419642
246.92082,3,140.419731
10684.198,40,140.419751
8596.619,54,140.448858
13269.284,48,140.448948
510.93958,10,140.462079
13884.424,44,140.462147
466.18973,2,140.466443
2381.2898,27,140.473618
9961.349,42,140.476751
12982.423,40,140.494353
2005.3447,14,140.494414
10762.9375,52,140.498031
10052.047,50,140.509051
2417.4053,12,140.522895
530.35297,8,140.531131
13004.855,39,140.535621
7039.702,48,140.538415
8303.541,34,140.541117
2508.4604,27,140.545196
6971.3604,26,140.545253
519.6897,3,140.545268
11572.598,35,140.5597
7431.0986,22,140.559852
987.69025,3,140.565585
5493.558,37,140.569079
430.68423,4,140.569135
426.57468,2,140.578696
371.63385,4,140.583266
1960.9951,6,140.583314
3222.1543,10,140.604627
11982.751,36,140.608665
4316.513,20,140.608729
10214.919,35,140.608746
2248.918,22,140.611625
9229.121,38,140.614627
13251.316,41,140.614675
11788.474,43,140.62
3507.7463,19,140.620086
174.82925,4,140.623615
2778.5913,25,140.633235
6928.759,30,140.633312
157.24756,5,140.637266
1285.9143,4,140.648827
1552.7595,8,140.648878
9106.726,38,140.655216
13894.722,39,140.682356
6983.682,27,140.682399
2749.154,12,140.68241
2681.3872,18,140.696925
11083.201,44,140.705902
127.741,17,140.708698
12683.606,60,140.724779
13916.928,69,140.736358
1684.4714,14,140.736417
8966.66,34,140.736434
13030.858,33,140.755714
7599.6904,27,140.759102
1414.5061,7,140.759145
7390.309,30,140.764406
47.71222,23,140.773579
7071.1484,35,140.790919
3111.329,18,140.790972
8170.4165,36,140.790986
7883.5195,28,140.796841
1197.2073,9,140.802917
186.58087,4,140.802977
2412.9172,9,140.802992
4752.712,34,140.814956
333.6158,2,140.821898
13297.869,43,140.821969
2651.9368,12,140.821986
386.78027,3,140.83229
2228.208,16,140.838877
851.90674,3,140.842366
233.38814,3,140.842411
9678.318,36,140.8457
779.36646,8,140.84574
9807.447,29,140.849431
5604.845,50,140.865352
1490.5725,10,140.874414
-98.86908,4,140.877547
1233.9053,7,140.877595
6895.558,30,140.880602
1409.2583,6,140.880681
1460.4961,12,140.889523
1880.6531,7,140.899103
7773.872,39,140.910758
10779.857,39,140.922737
652.99774,6,140.949174
13077.541,42,140.965192
12817.239,51,140.965296
1057.9642,13,140.980797
9267.865,37,140.984628
13395.583,53,140.984697
1519.2561,6,141.007766
7972.4653,35,141.007823
9502.53,34,141.010832
6814.476,18,141.01087
12782.9,65,141.016149
11826.715,40,141.035526
5812.3477,38,141.038815
912.3498,4,141.038889
3699.3389,30,141.042234
4061.4363,18,141.042286
4293.346,25,141.042302
1916.2897,7,141.045792
2337.1714,12,141.04584
1771.45,7,141.048426
1385.2393,13,141.055158
5660.2896,34,141.069233
8445.808,38,141.093773
882.2615,7,141.099447
473.5742,2,141.0995
9663.613,42,141.108896
2085.9187,10,141.108964
1901.5107,29,141.129458
1419.972,10,141.154829
1062.0614,7,141.177202
1166.9766,3,141.238079
3905.6597,19,141.310669
8972.15,42,141.333847
1039.257,7,141.349335
9303.897,33,141.367438
9914.848,36,141.394817
8008.9023,49,141.425064
13479.968,48,141.425184
6157.573,27,141.446477
6205.611,19,141.45986
1233.8208,7,141.459954
2240.5542,32,141.497744
2578.523,15,141.497815
2287.6216,23,141.521034
10378.138,38,141.546816
10546.463,35,141.546875
-148.11768,3,141.550092
9270.115,31,141.554299
13577.474,68,141.554346
5646.9473,42,141.554361
206.79428,2,141.557341
654.4169,2,141.562333
7893.2954,38,141.56239
6032.2764,42,141.567755
1374.17,5,141.56783
661.99396,2,141.567845
451.1355,3,141.567853
3546.737,17,141.593285
6101.022,51,141.610097
8366.03,27,141.627015
5620.982,26,141.641115
1667.3662,13,141.657133
11110.753,31,141.666444
1681.5658,11,141.666516
9327.001,37,141.666534
9080.323,104,141.679774
1902.1313,7,141.685256
13325.189,50,141.70404
11761.35,65,141.704146
590.37427,3,141.725784
7422.3936,24,141.72586
762.5051,5,141.725873
3984.7512,42,141.730074
1329.0166,5,141.730145
4316.0205,21,141.730161
1099.6321,6,141.730168
12322.738,37,141.730174
5852.367,41,141.735862
976.37,3,141.735912
7414.7363,24,141.738634
1051.9349,5,141.751489
10706.822,40,141.751578
793.0061,6,141.755652
1078.5049,4,141.755706
345.03177,3,141.755722
2613.6995,9,141.762497
477.31702,3,141.766613
12409.148,39,141.776503
4425.697,14,141.779768
14113.961,87,141.783605
8824.587,35,141.783652
589.0499,3,141.786594
5367.605,27,141.790226
975.34283,6,141.793756
2447.7808,20,141.808993
7575.78,25,141.817033
3451.319,13,141.817096
2685.4224,19,141.821808
1955.9037,9,141.827536
12802.681,41,141.82759
199.84766,3,141.82761
175.68427,2,141.833898
311.01422,2,141.834006
13864.219,43,141.83404
13562.644,44,141.850379
4279.7837,18,141.850431
11047.863,53,141.850442
411.68146,4,141.859192
1815.171,7,141.859269
393.5365,3,141.87529
7770.3667,30,141.884301
4373.259,30,141.884365
864.20276,3,141.884383
5275.2534,32,141.887829
7961.039,29,141.887882
10962.182,41,141.893049
648.0367,13,141.911607
1075.4956,4,141.915415
1034.3447,14,141.91548
2083.6687,10,141.934984
6169.0977,31,141.946081
516.09766,7,141.946137
11946.618,51,141.949305
13569.799,33,141.949354
2840.434,9,141.964591
5256.53,24,141.971766
5889.5264,43,141.975629
5637.1895,34,141.975705
4345.572,32,141.975721
10120.413,31,141.984092
13200.679,46,141.990915
11004.668,40,141.99115
67.4613,2,141.991282
3820.9563,21,141.996276
1337.314,10,142.029686
327.84042,5,142.029907
1715.5077,10,142.043241
5574.4194,30,142.054706
7581.3965,39,142.079808
669.4038,7,142.079972
2597.6248,19,142.083576
13603.549,51,142.099152
343.56277,4,142.112203
6261.2236,43,142.125656
403.50336,3,142.129336
1119.444,20,142.133173
4278.9067,20,142.139366
12601.3,40,142.139399
187.85832,3,142.142905
576.27246,2,142.150818
12332.88,67,142.164649
12885.935,45,142.164697
13204.407,50,142.164706
675.5207,4,142.169915
9842.33,42,142.185885
10275.692,53,142.186064
7416.3916,24,142.19805
9327.422,35,142.198092
6180.244,31,142.227086
650.6407,3,142.227271
6430.653,38,142.23112
2026.3994,9,142.234919
2133.6436,24,142.234954
1388.5114,12,142.239067
12864.976,38,142.250997
1309.6665,5,142.255984
7441.4785,21,142.270685
13779.833,39,142.280673
4824.264,24,142.280735
10694.815,41,142.280751
708.4889,2,142.297184
968.7871,14,142.297253
13329.095,52,142.297271
4224.3867,29,142.297278
873.94745,5,142.309848
2861.0334,14,142.309939
694.3753,2,142.320764
1035.2103,10,142.328661
11767.18,39,142.328725
8258.1,27,142.328741
1820.1421,7,142.34294
4431.537,23,142.349341
12749.417,47,142.349384
2575.608,15,142.349394
453.31903,2,142.354894
8329.17,27,142.357918
1808.391,9,142.357967
2589.262,8,142.36113
1723.8726,16,142.361175
6602.464,42,142.369275
2607.208,13,142.386529
883.06604,3,142.390467
6353.054,30,142.404902
195.12787,2,142.410389
1917.7169,20,142.415539
2074.904,15,142.422181
443.1743,5,142.442273
4371.9927,36,142.451977
4299.272,35,142.455123
2306.5808,8,142.458453
13190.347,40,142.458514
12461.194,40,142.46171
1492.0217,16,142.461771
10189.203,32,142.471691
185.36313,32,142.471793
5549.9595,26,142.486753
10176.373,35,142.494252
886.62665,4,142.515591
216.15424,7,142.525501
8086.741,33,142.529721
2944.208,13,142.546043
3582.6082,15,142.546094
13490.282,48,142.550722
15818.91,36,142.561456
514.0978,2,142.561521
872.6147,5,142.568759
13200.717,38,142.572089
1425.2544,9,142.575549
15818.352,37,142.585439
509.74228,4,142.585512
849.7347,5,142.593307
840.1215,7,142.593363
13678.315,70,142.597139
6234.993,50,142.597207
13761.721,44,142.601802
734.8297,3,142.626094
1815.3263,6,142.630334
12262.974,51,142.630707
11899.78,53,142.630745
14098.269,79,142.630757
1458.6511,12,142.637334
1288.5087,7,142.637386
3877.0144,29,142.637401
14074.37,57,142.637408
1222.3566,9,142.637423
1118.5254,3,142.640238
9228.129,34,142.647072
5722.8076,33,142.654375
1199.8418,6,142.669044
1231.3214,6,142.669104
845.1189,6,142.669121
624.4617,7,142.682021
7447.4297,26,142.682069
12609.256,44,142.69149
577.69,3,142.691596
11720.99,52,142.695517
7488.9478,22,142.709081
1670.0903,11,142.725202
7240.4487,47,142.749356
2784.7769,11,142.759361
5387.537,25,142.772397
3976.3608,33,142.777313
5386.6714,27,142.777392
2201.6702,27,142.789401
5700.1826,41,142.795387
10748.085,34,142.795428
6711.8164,37,142.795439
886.4346,12,142.813882
6006.536,33,142.817368
2411.9822,28,142.826174
4390.554,28,142.826238
10096.799,35,142.84772
13627.371,68,142.847777
277.9473,4,142.850624
343.00067,2,142.853776
6786.8184,32,142.858961
113.85739,4,142.859009
570.9192,3,142.861792
1811.9535,19,142.86546
416.9177,5,142.865534
610.63464,2,142.872179
1487.15,21,142.882655
930.2305,4,142.882751
583.7043,3,142.886667
13382.058,55,142.894964
203.81552,2,142.895021
10613.13,39,142.895035
518.5625,5,142.898993
13391.84,48,142.89904
284.4871,2,142.911644
13850.844,52,142.917746
10670.687,45,142.920726
11611.094,42,142.936592
6374.1,30,142.940261
1472.9014,13,142.940314
2360.9375,16,142.940329
9015.734,31,142.943408
6186.612,36,142.943457
7839.9863,26,142.948874
7438.138,50,142.948911
1072.9402,51,142.948922
11900.33,90,142.962916
772.0162,9,142.96297
10344.096,39,142.962983
655.3287,2,142.968535
3205.142,15,142.972106
12145.077,41,142.97618
1184.1791,9,142.976245
10961.743,38,142.991599
1156.7145,11,142.999103
1823.7611,15,142.999142
962.04584,15,143.002835
1610.2852,14,143.021161
13171.31,49,143.027146
9190.5205,32,143.032706
5700.529,26,143.032784
7374.2715,32,143.041924
1871.0736,31,143.041997
707.7119,7,143.042014
754.63086,3,143.060783
1056.3174,9,143.072339
3546.9055,13,143.08351
6083.629,39,143.096784
3665.9697,55,143.096929
6602.192,22,143.1694
3520.686,31,143.180499
5648.173,42,143.180754
569.9481,4,143.195481
-27.40216,4,143.202813
2221.7068,11,143.209361
12080.037,37,143.224383
579.2028,6,143.228197
6187.0728,32,143.228248
798.2293,7,143.228263
3973.5947,25,143.22827
6105.212,31,143.231096
1444.7941,5,143.234538
11358.057,53,143.234607
443.4619,3,143.237458
1150.4153,17,143.240262
6657.56,23,143.243638
11986.041,45,143.253828
2862.2217,12,143.263822
6060.0757,38,143.271533
607.7868,7,143.271614
1399.3196,8,143.282419
10096.068,46,143.292316
2199.574,7,143.296523
717.87354,4,143.307606
8995.325,49,143.323194
628.30994,2,143.323271
4345.29,15,143.32329
402.54938,2,143.327171
6231.5596,52,143.327225
621.10815,2,143.333297
1986.0068,9,143.333382
2579.926,10,143.344828
13955.866,50,143.357278
13165.971,42,143.35735
13464.522,41,143.369908
5103.576,26,143.384454
10441.959,40,143.404571
1349.4773,15,143.416618
13235.168,48,143.429274
920.15704,15,143.435385
3749.989,32,143.435459
10171.389,49,143.435484
717.1195,4,143.435495
485.4163,7,143.449325
526.4992,2,143.463051
2971.8606,27,143.463103
9910.477,32,143.482413
3892.7686,22,143.496351
1362.7893,8,143.517939
7400.448,30,143.517976
4852.4287,26,143.517984
1122.2975,7,143.524039
638.94366,2,143.524106
7044.699,29,143.524125
571.9286,2,143.524132
13680.276,44,143.538821
2407.7534,12,143.538896
13462.961,43,143.538929
-190.54944,2,143.562838
359.2544,5,143.566567
5606.9253,29,143.588778
7507.742,53,143.593209
212.72342,4,143.593295
1280.7058,10,143.613321
8728.7705,31,143.613381
540.3407,5,143.613398
12697.6,51,143.616564
6037.6357,34,143.624473
994.8469,4,143.641546
7606.9097,45,143.655277
4065.712,31,143.655358
4517.19,19,143.659247
708.32214,11,143.659357
282.10452,2,143.671259
11225.489,31,143.671348
9301.762,47,143.684883
1143.3776,6,143.695129
4660.6895,41,143.71464
11154.828,41,143.71471
1477.832,6,143.718254
13665.949,81,143.718314
10758.794,45,143.721614
566.511,2,143.721666
4878.8228,25,143.724473
365.25763,2,143.727059
9594.545,34,143.729682
-97.57257,4,143.742936
2251.9175,27,143.745836
1297.853,5,143.749041
5698.2007,50,143.749331
10615.866,37,143.754483
1686.6882,20,143.758521
3975.9731,19,143.758586
461.9067,2,143.758602
4208.0337,25,143.75861
1025.7407,7,143.779333
7895.083,49,143.779414
3136.393,13,143.797129
11584.135,48,143.822526
5022.755,31,143.84683
9335.102,38,143.846904
1207.2242,20,143.846921
1113.0479,13,143.84693
12870.038,41,143.849865
11402.796,105,143.849913
13499.781,42,143.854686
445.65286,2,143.85474
10472.254,34,143.857653
866.4491,3,143.868566
6129.7666,54,143.877571
1859.3822,14,143.881048
4292.225,18,143.884344
345.41168,5,143.898203
1183.6761,3,143.898334
1486.8076,9,143.901823
1216.4878,4,143.911815
1504.4414,16,143.91717
2212.8608,9,143.917231
1228.6234,4,143.92182
9192.844,55,143.921872
1483.1921,14,143.931669
951.7007,3,143.931733
13772.307,47,143.952419
3297.0845,17,143.958664
9112.315,29,143.958715
1278.9865,7,143.961474
637.2435,2,143.964254
1397.127,10,143.967852
3568.2676,36,143.979686
1328.1952,6,145.535008
11080.282,36,145.535054
547.38196,2,145.539519
13863.242,43,145.552532
15920.706,47,145.552575
1198.1553,16,145.556956
11888.551,36,145.560336
11337.84,51,145.563613
12363.507,41,145.566918
936.45184,10,145.566967
1547.7268,6,145.576374
539.6996,2,145.576699
1372.595,11,145.58213
1914.9917,7,145.586578
1814.9702,7,145.596919
3099.4211,17,145.603487
2134.4702,28,145.603586
12503.65,39,145.613455
352.668,8,145.613515
3005.0796,30,145.626242
1649.5581,15,145.626316
478.83447,2,145.630399
11284.945,41,145.630438
339.9936,4,145.630447
-5.1676636,2,145.630454
1630.511,12,145.661651
1104.4233,5,145.667422
1573.9786,5,145.667472
13649.911,56,145.667485
13621.112,53,145.6788
1174.605,8,145.690642
4273.008,40,145.690746
12793.595,47,145.694188
7799.8687,36,145.698003
1734.9945,14,145.698066
7012.236,35,145.710618
4553.475,21,145.71074
1400.4669,5,145.714466
11360.654,41,145.733392
12899.273,41,145.737981
8534.057,31,145.74098
3434.033,13,145.744115
1192.7601,9,145.744154
3582.9097,12,145.74701
817.43854,3,145.747055
2373.0034,25,145.749689
406.6915,2,145.76089
8533.366,30,145.78308
4417.4585,32,145.806847
1072.8447,9,145.810353
3286.7148,17,145.813539
2951.0803,21,145.816954
719.105,2,145.816992
388.67432,2,145.820322
6158.327,42,145.829886
4749.0884,13,145.836328
3564.7285,31,145.839444
544.72235,2,145.843061
8335.038,38,145.852646
3216.1392,27,145.857092
12022.513,49,145.857169
4058.7207,26,145.866956
3173.3098,14,145.877793
5000.976,29,145.877874
7316.9,17,145.877898
7757.9854,34,145.881375
12983.093,41,145.884548
11836.121,38,145.90957
545.5171,4,145.909631
886.31445,6,145.917305
1481.0415,9,145.919945
989.297,10,145.930449
3365.6987,38,145.93369
6738.1294,21,145.940543
7931.9995,52,145.946411
11962.995,37,145.946495
13707.92,39,145.964934
12637.748,44,145.968784
12006.834,43,145.968852
3311.6658,13,145.96887
1993.0504,7,145.968878
1378.835,13,145.99816
1092.2134,11,145.99822
5309.2637,28,146.001232
808.24915,7,146.015577
1742.0564,10,146.015641
820.36237,3,146.015657
6022.1777,33,146.02798
11743.166,37,146.02805
11705.928,47,146.031854
258.7759,3,146.03193
2520.6604,9,146.031948
5353.0464,37,146.031956
566.12415,7,146.041048
1225.2477,17,146.044972
159.091,2,146.045036
13339.802,41,146.048219
5974.44,50,146.063828
540.9961,2,146.06391
7489.3477,34,146.063929
229.08426,5,146.063938
13348.732,36,146.067659
532.0602,2,146.085339
9308.652,37,146.085402
1390.4661,18,146.112739
2600.0334,12,146.112808
11552.599,32,146.116063
11375.847,38,146.11916
2135.8875,11,146.119218
343.12015,2,146.132227
780.7539,2,146.135785
938.7899,9,146.13583
8809.589,42,146.139058
715.6727,2,146.139112
1623.0067,8,146.142262
1495.6477,14,146.142305
11.748169,2,146.145298
3359.4844,25,146.14535
8005.7017,40,146.187315
4264.3486,21,146.219877
3417.9639,16,146.219952
7470.378,26,146.223716
4117.327,27,146.22378
82.11722,4,146.223796
10622.182,37,146.229952
5598.2544,27,146.24595
538.5613,4,146.250435
272.8914,2,146.260207
4528.89,21,146.263739
4875.2354,24,146.274939
6692.128,30,146.278445
7748.417,40,146.296301
5439.5576,28,146.296363
13504.554,38,146.296377
6203.2104,20,146.29972
7509.078,21,146.299772
772.3623,2,146.303063
13745.448,50,146.303123
522.2683,2,146.317062
12109.492,41,146.340292
4472.159,18,146.345861
242.05975,14,146.356996
229.49023,3,146.363422
137.34305,2,146.363477
13816.605,43,146.363494
5967.1587,31,146.366743
8816.912,45,146.372497
4904.96,28,146.403968
9660.766,40,146.406718
2015.5875,10,146.409691
8776.144,42,146.409743
13346.205,44,146.414499
12768.532,33,146.419003
49.53249,3,146.419082
8280.803,46,146.426634
4749.3105,28,146.448995
6507.5293,39,146.46241
5455.5635,30,146.465772
535.12036,3,146.487141
330.27423,2,146.487201
11574.322,34,146.487217
10217.9375,42,146.49352
502.7025,2,146.493592
362.30426,3,146.505236
10634.194,35,146.50531
6809.473,40,146.505327
636.08655,2,146.51775
9199.15,33,146.517825
625.78845,6,146.536329
7167.002,28,146.53638
9427.369,38,146.53932
381.10544,3,146.544855
2972.1619,20,146.556069
1156.244,8,146.564932
634.51794,2,146.580226
1551.0886,7,146.585542
13031.483,37,146.606045
8339.108,30,146.6061
744.97174,12,146.606115
797.4114,6,146.608966
694.9201,15,146.611648
4466.109,41,146.615319
13277.883,52,146.61536
712.2925,3,146.618672
13298.226,47,146.618737
593.3624,2,146.64131
1942.3602,14,146.644605
10924.711,36,146.649971
425.2746,9,146.65001
561.1814,4,146.652783
13033.052,45,146.65284
227.06036,8,146.666254
1259.795,4,146.666312
9258.264,62,146.666327
451.50314,2,146.669528
1913.4944,10,146.669582
652.7698,2,146.681202
1201.4686,41,146.681286
1571.895,14,146.684798
3378.0566,11,146.684876
12550.871,43,146.696518
12198.055,41,146.705251
1296.8798,5,146.705315
7682.0117,69,146.724629
10589.401,29,146.724698
1349.3389,4,146.72898
236.79602,2,146.729036
11937.218,35,146.751412
52.765106,3,146.751469
8524.863,25,146.756145
12118.66,35,146.75619
13328.664,44,146.758885
1300.3188,7,146.762367
459.26913,3,146.762407
3873.7178,33,146.762434
1820.3766,12,146.76533
1902.6943,8,146.776496
-286.6366,3,146.780704
448.19788,2,146.784639
1303.7422,6,146.784684
395.8847,2,146.805542
198.85193,2,146.805611
1942.6631,24,146.819391
1156.7383,6,146.819425
886.59717,14,146.834984
13662.572,64,146.843304
12680.125,38,146.843355
1931.1952,26,146.866758
13468.646,37,146.866812
798.93304,5,146.878782
12152.04,48,146.883023
918.8547,4,146.89817
4352.5723,16,146.916834
6071.7266,38,146.941312
1800.1387,7,146.94137
15775.99,38,146.946751
1408.7607,16,146.94943
2958.2742,11,146.983037
883.87695,3,146.983102
11131.65,40,146.983119
9137.432,43,146.983125
13205.549,43,146.997431
1594.6102,45,147.00169
12613.757,40,147.001767
968.421,3,147.001791
398.42523,3,147.001814
12843.445,35,147.010275
503.31207,2,147.013172
330.21268,3,147.029649
540.51447,2,147.029719
7899.2305,36,147.029739
614.67145,2,147.03605
11470.566,40,147.03611
2668.4622,15,147.044471
667.74884,3,147.044538
11430.346,38,147.044554
650.17303,8,147.047547
476.6093,8,147.051775
7591.109,50,147.065302
3853.838,20,147.087747
13327.489,60,147.104182
1370.6259,16,147.107629
165.76108,4,147.107677
1643.5208,9,147.113006
2488.661,10,147.115617
12087.584,36,147.119041
1271.3821,6,147.119082
629.3077,20,147.119095
4241.237,15,147.1191
12681.217,51,147.122173
234.10284,2,147.125021
2006.6818,32,147.136254
11217.747,44,147.136338
1763.8926,6,147.147891
13331.332,49,147.155265
219.53217,2,147.15532
6795.315,46,147.155347
4492.4897,23,147.160074
621.2162,2,147.160153
1037.8501,7,147.170874
2012.2822,19,147.170928
1749.3303,19,147.170938
335.8432,2,147.181566
665.22034,7,147.181607
642.7252,4,147.19683
1223.2754,7,147.200098
12614.776,42,147.200155
1908.159,8,147.205187
2630.7622,10,147.237891
13543.469,44,147.237968
3885.7485,17,147.257145
9934.952,36,147.262677
4068.0928,33,147.266199
9314.163,47,147.266262
1533.297,18,147.275446
4079.6072,27,147.284933
7650.649,32,147.284982
10330.696,32,147.288702
617.39954,2,147.292931
11161.399,38,147.293014
916.17694,4,147.309721
13968.951,45,147.316749
13185.918,36,147.329964
2362.0664,29,147.330041
8896.295,39,147.330065
1912.1744,9,147.340079
8974.828,37,147.344854
711.7027,6,147.355474
2943.508,33,147.355533
4750.689,26,147.367669
858.7817,3,147.367736
8840.744,28,147.384061
580.0901,4,147.39204
750.41943,6,147.405356
1594.8776,6,147.409284
9497.919,36,147.40936
5304.825,34,147.413204
13416.674,45,147.413268
116.393005,3,147.41968
7569.4355,27,147.493279
1799.5066,15,147.493357
1552.1133,7,147.493373
9979.022,41,147.497822
5225.604,27,147.497903
238.39656,2,147.511654
10699.275,41,147.515573
1454.4072,8,147.524737
2053.0244,19,147.524848
858.92615,6,147.532132
427.43555,7,147.532193
4429.553,18,147.53221
532.18384,2,147.537605
4380.683,16,147.537702
5050.742,18,147.550481
7613.576,41,147.550563
10466.574,42,147.563745
564.69214,3,147.563835
10323.201,37,147.584094
560.3682,3,147.584161
3429.045,17,147.606306
4227.8887,18,147.606355
5451.421,30,147.61217
13854.138,48,147.625145
1560.6411,5,147.638993
8131.595,35,147.639049
4619.657,17,147.642093
15901.874,43,147.654385
11662.049,48,147.658164
13589.017,46,147.669146
5206.8135,25,147.6692
6287.103,17,147.669216
905.7512,3,147.688744
-115.999725,2,147.695754
411.4572,2,147.702664
5890.2246,38,147.729696
2913.7883,10,147.75281
3069.819,10,147.752862
8600.269,37,147.75565
9814.256,38,147.760988
5771.133,37,147.761029
-254.96695,2,147.777601
567.222,8,147.777665
11115.49,36,147.781641
10354.192,37,147.801266
9745.286,42,147.808709
8425.645,35,147.812479
10452.846,40,147.812531
655.0602,5,147.812544
3980.538,20,147.815676
1087.3016,10,147.815713
6183.461,37,147.828677
13498.838,41,147.838578
1479.0759,15,147.872205
1298.9248,6,147.876658
594.0459,5,147.876733
6621.127,40,147.884135
2536.251,8,147.884229
4348.3247,17,147.90164
8771.978,35,147.912535
821.9194,5,147.912581
7629.8545,36,147.912594
6552.7065,51,147.91574
4362.6797,15,147.930267
12285.981,42,147.934135
428.00436,4,147.934213
11708.114,48,147.964504
1087.4247,5,147.964563
1610.1367,6,147.968164
13553.188,42,147.968219
255.7721,2,147.983117
3452.5156,16,147.986927
11123.525,30,147.995153
679.43286,2,147.995213
9565.761,32,148.034371
11412.562,44,148.034445
2936.748,24,148.045916
12938.85,66,148.045987
13071.992,53,148.049046
855.18805,3,148.054617
6475.87,20,148.076314
11908.549,40,148.078981
11731.099,39,148.084299
13371.752,45,148.084337
3322.9133,12,148.084349
331.6743,3,148.087149
8086.627,31,148.087198
13555.585,42,148.098355
8031.884,28,148.103912
9748.079,36,148.109559
6353.977,30,148.119728
566.3246,5,148.131824
3939.1128,20,148.15237
13357.051,42,148.152449
772.8462,5,148.152468
6061.491,38,148.178493
11223.07,30,148.178569
13882.156,49,148.181563
12001.08,33,148.184572
3875.3713,16,148.195318
570.3564,3,148.195364
7123.333,40,148.198501
730.6657,4,148.198561
6609.478,26,148.216961
7488.908,48,148.220876
1273.6593,5,148.24084
1650.1602,9,148.240904
1191.8107,3,148.261809
11927.13,43,148.265108
8998.355,29,148.268115
11450.631,47,148.273469
1119.6514,5,148.279491
4992.111,25,148.279548
4326.5845,23,148.27957
11237.07,37,148.302711
611.405,2,148.302783
2292.6838,8,148.31066
364.4842,2,148.310715
467.4381,5,148.31812
4328.29,22,148.3486
5438.6406,25,148.348668
492.53613,2,148.364107
10435.224,39,148.381973
9674.553,38,148.382046
1993.6365,8,148.385552
11393.188,37,148.394256
13461.036,34,148.41141
10702.345,30,148.414416
7223.69,26,148.4383
8767.194,46,148.441718
11619.112,66,148.441773
13075.955,43,148.449456
8382.715,37,148.459471
12276.386,37,148.47085
1630.9044,6,148.470928
547.78156,2,148.49257
3234.4402,11,148.497791
8353.883,29,148.497862
886.2619,3,148.518044
8434.967,28,148.531195
12439.412,40,148.531269
7653.5596,29,148.536257
1668.8425,8,148.558592
67.8501,2,148.558658
8479.09,46,148.587567
13341.681,54,148.591365
50.55237,3,148.59141
588.38477,2,148.599911
11756.335,38,148.599959
3136.3901,16,148.632394
543.56433,6,148.632464
5047.6426,25,148.632482
479.65842,4,148.647871
9965.423,43,148.64798
586.43695,2,148.658815
2814.0251,22,148.66253
12438.446,52,148.671268
1156.2091,7,148.675234
13690.499,65,148.675298
2783.1108,13,148.68673
12892.115,36,148.698439
722.1648,2,148.698517
311.67712,2,148.698561
4499.88,23,148.702692
751.13855,3,148.723887
229.40668,3,148.74252
1439.6011,13,148.742611
281.92157,2,148.762828
7420.78,20,148.7629
13555.828,41,148.768557
1604.9427,6,148.771548
1987.0427,7,148.771603
4580.346,16,148.774844
2006.1608,12,148.774894
140.01584,3,148.777812
1446.7688,7,148.796337
13675.566,45,148.796414
5647.7705,30,148.810492
13652.56,48,148.823746
12932.949,45,148.823816
10731.085,46,148.82383
11165.441,43,148.847112
662.3032,4,148.850095
13782.221,38,148.856093
253.1499,22,148.870686
3108.916,11,148.900411
10501.111,32,148.90048
12625.456,46,148.907021
9617.066,40,148.967227
7151.7383,30,148.9892
2032.7192,10,148.992348
5134.857,27,148.995456
7534.99,44,148.995504
9560.522,43,148.998361
13633.283,47,148.998401
1042.5885,5,149.01389
6090.441,33,149.01678
764.8676,6,149.029613
5502.3125,33,149.029757
748.45215,2,149.03972
12994.732,40,149.039777
2159.318,44,149.048489
385.70688,2,149.048568
6188.042,37,149.052728
364.48032,2,149.063497
13152.433,37,149.073981
5748.8125,27,149.074063
6162.2065,39,149.080286
12594.63,35,149.087964
7485.7383,35,149.104602
12333.771,45,149.116742
10914.361,60,149.140828
12859.609,42,149.14425
10421.194,37,149.144295
2193.774,9,149.155389
1758.145,7,149.155455
2058.5054,19,149.173137
1924.1116,32,149.177133
9922.065,46,149.190701
1261.1766,16,149.222339
331.9131,8,149.225892
1195.4941,6,149.228712
3642.1729,28,149.247619
13258.124,47,149.2504
7315.451,40,149.252985
3168.4187,17,149.257571
10015.742,37,149.257639
-217.8725,2,149.263893
326.57617,5,149.263971
13829.962,40,149.268663
319.15683,6,149.27834
6109.876,43,149.281371
12690.042,44,149.284532
511.331,2,149.295054
4976.8457,26,149.295129
8284.832,35,149.295144
11405.568,41,149.313676
4938.625,18,149.313745
10970.932,40,149.313761
13427.52,45,149.330547
3022.481,27,149.330833
1468.698,8,149.330852
3755.7664,13,149.330858
11761.742,45,149.334706
532.07697,6,149.334748
691.6229,2,149.342298
5847.5195,37,149.34236
-253.7569,2,149.342376
2273.7454,23,149.35613
1166.2925,6,149.356225
572.7569,2,149.356241
1238.805,9,149.356248
1282.2606,5,149.367426
286.34677,3,149.370801
1379.8003,5,149.383837
247.37915,5,149.383898
1638.9902,5,149.396875
9789.265,42,149.396955
606.43604,2,149.410901
1792.1053,8,149.431641
724.0382,2,149.431783
454.95358,4,149.438348
1481.3383,11,149.451734
10883.483,42,149.451815
2140.5945,9,149.451835
830.2313,11,149.466097
757.625,5,149.466159
1949.098,8,149.466176
13636.888,43,149.469139
10151.418,50,149.479717
267.32538,13,149.486757
7365.8022,30,149.486831
13185.964,43,149.505729
5118.001,24,149.50577
10517.58,32,149.51688
1335.5621,6,149.520061
5199.77,27,149.538861
9399.683,60,149.54998
4442.2275,20,149.566162
12058.768,44,149.566218
12429.309,37,149.566233
4257.04,26,149.572485
13329.037,41,149.572543
450.60797,2,149.572559
2211.696,25,149.575368
12348.77,50,149.594549
12529.668,45,149.594609
234.22638,2,149.601085
8877.379,34,149.606851
7341.4033,29,149.606892
1125.3203,9,149.617636
7858.958,32,149.631052
8367.117,35,149.638275
7312.0806,39,149.638363
988.5123,8,149.64852
4206.004,18,149.675552
13743.063,43,149.685164
784.6369,8,149.685343
10754.425,39,149.688152
7464.931,40,149.693797
13052.135,48,149.696865
8209.275,39,149.704726
277.02975,2,149.710321
8917.551,47,149.71039
12844.954,38,149.715051
12444.836,39,149.715114
997.1717,4,149.71513
3655.8535,26,149.715137
1062.4336,20,149.725866
243.16339,5,149.730873
1987.7183,28,149.73092
171.13437,3,149.730932
451.5082,2,149.754702
9810.703,42,149.760673
2884.893,18,149.763739
1273.1444,6,149.763782
5720.2207,29,149.766494
301.0451,3,149.77208
5022.2827,26,149.772128
9657.32,53,149.775204
9128.821,40,149.775255
1760.8911,10,149.778128
13644.433,40,149.788069
13237.476,46,149.788122
7485.492,22,149.794798
619.0385,3,149.798534
2197.623,9,149.811698
11729.215,36,149.828605
748.77045,4,149.828664
9285.68,33,149.828693
4601.9893,25,149.842396
13518.11,40,149.842453
4646.468,28,149.857384
-106.79378,15,149.864204
3539.0884,20,149.864264
2392.0537,49,149.869415
13936.345,41,149.889242
3331.0996,35,149.889291
2031.5308,12,149.892008
4201.785,26,149.895049
6747.586,46,149.907358
814.6078,4,149.907445
229.36348,2,149.91611
4261.7305,22,149.916163
668.51416,3,149.926049
13407.839,43,149.937411
12595.043,44,149.944823
3256.664,15,149.944894
-22.071167,4,149.948846
5743.1006,27,149.964337
1405.803,10,149.964417
13315.115,43,149.964432
7172.7876,31,149.970799
9215.923,34,149.981214
12368.447,36,149.981262
534.3263,3,149.981275
10929.405,43,149.981283
2866.7966,24,149.981291
8953.256,42,149.985083
2437.0896,18,149.98514
410.71915,2,149.989191
193.84378,2,149.989245
107.93024,6,150.000097
9580.823,36,150.002867
675.5035,8,150.016437
548.5546,26,150.022582
2333.8813,13,150.022679
12824.453,45,150.032681
24.322388,3,150.050562
3564.7214,15,150.054351
-112.3273,2,150.054393
906.93866,7,150.057453
3677.6233,13,150.060272
3887.1047,13,150.066065
12358.316,52,150.066119
1822.3411,6,150.069659
611.4472,3,150.069697
1726.289,6,150.079034
2028.9767,8,150.105859
5885.736,30,150.105934
13485.386,41,150.11611
2013.7822,25,150.124384
13834.511,52,150.124439
2651.2607,9,150.134785
2598.618,12,150.134856
3519.1824,21,150.137936
6234.151,25,150.141256
13230.167,41,150.146856
622.93884,4,150.146898
6931.1646,29,150.16453
6870.656,32,150.170747
2784.95,11,150.175384
6845.283,35,150.175475
155.37769,3,150.175498
4532.1377,19,150.192921
9773.491,43,150.1969
10448.455,36,150.19695
2489.4438,11,150.200221
8833.882,32,150.204002
341.77573,2,150.204087
2256.7446,15,150.222576
-43.40497,2,150.222662
1060.6866,12,150.22268
8592.584,34,150.226153
13602.54,46,150.23975
745.39734,2,150.245685
2401.691,8,150.248368
1140.2999,8,150.251495
13616.366,51,150.251545
6845.7534,49,150.258863
12265.768,36,150.270532
2581.7693,12,150.27477
160.0256,3,150.274822
5928.103,30,150.277988
9101.385,34,150.278033
7288.187,38,150.28062
6118.891,38,150.283707
778.8729,3,150.305487
4247.8027,37,150.30557
3324.5984,19,150.312126
1671.3555,8,150.37723
3662.5444,16,150.381404
7056.505,39,150.397047
8224.37,30,150.403173
12520.722,37,150.403218
9180.993,31,150.403229
6621.523,26,150.41481
524.49316,3,150.414867
391.77338,2,150.417948
-251.85483,2,150.435243
2188.5083,8,150.44518
8640.937,36,150.445234
11779.013,37,150.467416
4007.4788,38,150.470447
4296.94,27,150.474374
437.40005,3,150.477252
1556.9412,14,150.482883
13355.326,57,150.482953
449.92224,2,150.482966
11158.164,37,150.488265
1168.4783,7,150.501372
2277.374,11,150.501445
514.30475,2,150.50506
9462.386,29,150.505119
1891.2926,16,150.520747
13021.43,46,150.525663
423.79517,4,150.538095
1166.3655,11,150.553203
1293.0288,19,150.553248
731.0697,4,150.553259
543.1439,6,150.564841
2057.2397,9,150.564913
8015.2524,32,150.564928
727.40375,3,150.589005
3282.8772,22,150.592437
13867.808,44,150.59529
483.50183,3,150.597923
1966.3431,11,150.600515
2944.564,11,150.603059
1468.1533,10,150.608241
13560.799,42,150.608282
13325.671,51,150.613143
11520.666,38,150.613237
3802.66,11,150.627047
13540.465,44,150.627168
551.58466,2,150.630681
6474.0312,30,150.630732
13165.795,41,150.633539
265.9121,3,150.646527
603.2722,2,150.646608
5626.486,24,150.646625
1674.5735,6,150.646634
849.7193,5,150.64988
1305.6637,4,150.663622
6268.94,22,150.663688
9136.98,37,150.669986
13462.619,52,150.678646
1869.7452,7,150.688159
13117.947,49,150.688217
11358.563,42,150.710754
3493.5156,19,150.710813
7500.7075,37,150.716149
1896.2301,7,150.716212
5971.5566,31,150.736924
498.21524,4,150.747238
2916.2102,11,150.760799
3845.7266,28,150.776788
10823.159,39,150.782317
13938.679,42,150.785132
2176.8108,38,150.788212
9344.776,42,150.788238
818.67365,4,150.788247
12174.68,38,150.791084
6304.4873,34,150.79617
929.005,5,150.799273
13849.264,41,150.817308
9638.015,41,150.821807
2879.7478,11,150.85397
12429.395,34,150.854036
11200.339,31,150.865581
13391.441,39,150.865673
1883.3368,21,150.87746
1820.6144,12,150.894585
12885.405,44,150.894658
7963.7495,43,150.903489
13323.159,37,150.909157
13479.871,45,150.922426
345.5489,2,150.92251
11688.448,50,150.932256
1794.5546,8,150.932326
8012.641,34,150.93647
3062.8516,36,150.936549
737.3395,4,150.959013
411.52332,5,150.959098
2244.3315,11,150.972937
789.5419,7,150.973
13179.043,50,150.983136
4220.652,24,150.983188
7340.9517,32,150.998936
2145.5437,9,150.999021
538.62634,2,151.017697
492.7222,8,151.033383
13736.319,46,151.033454
7158.868,33,151.038706
12550.83,54,151.043199
13550.091,39,151.043251
12674.957,42,151.046393
3766.0369,21,151.05316
3287.6765,14,151.053211
2358.0908,23,151.062185
13822.012,54,151.077983
1721.741,7,151.078051
5902.453,41,151.085147
11417.861,34,151.085205
10672.077,33,151.085222
567.1596,3,151.09458
11664.678,37,151.103841
6807.1685,26,151.103909
4712.3306,21,151.116574
9784.111,53,151.116653
1347.0796,16,151.130652
12231.992,44,151.144062
2572.5664,11,151.144099
1265.3192,14,151.144107
2304.613,18,151.14755
10328.281,38,151.151623
566.3471,2,151.151695
173.8966,6,151.151712
8490.692,40,151.171588
9867.515,35,151.171665
13682.033,39,151.175023
2008.3687,10,151.177964
992.4247,5,151.178011
5751.359,51,151.180618
1296.2719,4,151.183688
10212.704,30,151.187093
364.16077,3,151.187142
8147.356,26,151.187157
457.1099,4,151.197404
4789.844,22,151.210269
424.8324,5,151.21036
1452.0646,9,151.229964
13660.541,37,151.230012
3724.6135,21,151.235109
492.72778,3,151.237726
168.93771,6,151.247773
3964.1523,18,151.260706
1738.1508,11,151.267367
10456.41,43,151.27025
968.63715,7,151.288881
8232.269,39,151.293482
574.0302,3,151.293556
427.59372,2,151.293575
4329.49,26,151.299756
867.6848,3,151.312806
1487.0566,6,151.33498
1916.263,21,151.373654
9321.354,40,151.373721
6180.2095,33,151.385264
10633.799,37,151.396252
12465.488,48,151.420095
8501.334,28,151.435059
916.8091,4,151.435123
1150.9812,5,151.45044
3430.1328,19,151.450539
12680.777,41,151.471247
9125.157,37,151.476006
6756.097,46,151.493088
665.627,13,151.513769
13908.476,58,151.518202
11368.936,40,151.518262
12846.746,39,151.518277
7224.561,49,151.518285
1547.93,7,151.521825
2526.9827,12,151.52186
393.88574,2,151.531427
5026.7754,24,151.535644
2361.1118,28,151.542298
8691.869,39,151.546572
9030.622,36,151.560257
2449.1433,8,151.563599
13628.951,47,151.573578
5446.159,41,151.587777
1163.7432,19,151.591843
10401.4,37,151.597541
3056.8591,9,151.60113
4668.322,24,151.601191
8232.794,77,151.607299
13381.779,40,151.623939
10639.977,30,151.632642
7324.8477,29,151.632692
6512.3286,22,151.641654
4456.414,22,151.641719
439.40344,4,151.641734
1413.1167,9,151.648033
567.4076,4,151.648116
13097.889,45,151.665074
-54.6156,13,151.673392
4313.3667,16,151.673465
5592.023,34,151.673481
2331.9783,11,151.690007
506.3158,3,151.690075
6137.611,31,151.706092
10254.884,31,151.711417
8885.262,35,151.728151
374.8354,7,151.728227
8751.6455,51,151.732821
399.66177,3,151.732925
4191.465,16,151.73295
7106.761,26,151.741315
7297.6533,20,151.759299
8047.771,57,151.766896
1491.6052,8,151.766951
13843.155,44,151.766967
13778.643,38,151.766974
13475.668,39,151.777593
8110.602,25,151.791714
465.80566,3,151.791786
12250.458,49,151.798079
4411.9175,13,151.798126
1307.4419,8,151.801061
13478.849,51,151.801111
1051.2236,4,151.803805
11672.019,47,151.809108
752.7095,2,151.809163
10991.347,40,151.809175
490.2642,5,151.809181
1309.5378,9,151.829762
744.948,2,151.833165
1476.2372,8,151.833209
1142.4589,4,151.838248
481.61914,5,151.856117
1702.5817,14,151.866617
9076.244,29,151.866686
12495.318,49,151.866703
7649.4727,32,151.866711
932.02594,3,151.869714
13657.219,39,151.891896
2903.896,15,151.915423
13400.399,44,151.918276
10181.788,33,151.921636
9440.124,29,151.921693
8595.72,27,151.931437
11656.398,42,151.931509
249.15038,3,151.931526
173.15796,4,151.953841
348.5197,3,151.953891
12149.132,46,151.976354
774.0156,2,151.982619
5928.0405,25,151.985826
265.09653,2,152.000313
2963.9038,25,152.003994
5340.274,28,152.023818
11813.674,33,152.036884
3732.5427,15,152.03694
146.65802,6,152.046981
5146.7524,46,152.047091
13487.91,46,152.047106
9120.525,32,152.060039
6230.325,28,152.070587
3781.6619,19,152.070668
11558.678,42,152.080498
559.8726,8,152.080567
3376.1787,21,152.087243
2315.712,7,152.097111
12358.973,39,152.113332
1968.948,7,152.113392
725.0862,2,152.118643
7233.9253,27,152.121965
329.73782,3,152.122016
1878.543,8,152.12203
-190.1579,4,152.139175
8569.49,42,152.139244
6663.229,32,152.142488
10032.488,35,152.145678
2675.4648,16,152.145724
1485.3182,14,152.148742
13720.002,43,152.148788
2297.668,9,152.152683
13840.179,46,152.152751
13390.416,50,152.152769
11816.396,47,152.163367
11804.623,47,152.180746
1336.2837,8,152.186836
258.95898,5,152.198357
994.86743,5,152.198444
4932.6567,27,152.215634
1472.8955,10,152.218659
724.6992,2,152.231607
12820.339,54,152.231679
2188.1052,12,152.231696
1951.18,9,152.248514
252.1886,5,152.248583
13.760193,2,152.248598
2325.9292,30,152.248605
9706.735,41,152.252127
1513.3931,13,152.252179
6386.5234,30,152.252194
620.9568,2,152.255233
1608.5991,31,152.255275
354.06772,2,152.265695
138.08026,5,152.265771
724.3173,3,152.282604
938.181,5,152.286066
13717.947,37,152.289071
976.99225,3,152.289112
494.26053,4,152.320848
10871.797,42,152.332212
1907.3394,19,152.332286
11315.113,45,152.35195
11122.729,48,152.352007
186.63611,4,152.355547
2060.7834,15,152.366685
749.82465,3,152.382983
7239.5933,21,152.386571
1458.7754,8,152.386621
2407.5452,29,152.386634
13634.667,38,152.389472
1778.8359,7,152.389522
11703.33,39,152.392144
2931.245,19,152.398036
552.35736,3,152.415464
501.65936,5,152.419596
655.1709,2,152.419654
1013.2865,8,152.423267
5888.6924,38,152.426791
449.3253,2,152.431034
1453.2812,8,152.4311
7659.389,34,152.43113
5016.1855,28,152.431135
7967.663,26,152.434254
114.27869,2,152.441665
-53.138428,2,152.445309
9696.204,35,152.45741
5906.02,43,152.457481
8856.798,39,152.464994
8253.245,23,152.465369
8004.465,30,152.469188
935.36255,10,152.469235
627.68805,3,152.469249
3831.0776,12,152.472045
6191.1035,49,152.485423
3722.2356,12,152.499369
4670.542,20,152.499461
12380.73,37,152.499488
474.32883,5,152.507205
1479.5653,6,152.507303
1467.0625,6,152.512797
325.17706,2,152.512893
13616.083,41,152.516517
1953.8162,7,152.527924
75.42677,2,152.528003
1174.9501,8,152.528022
13129.614,39,152.547508
237.73288,2,152.547579
615.59973,2,152.547596
4430.346,18,152.55034
2290.441,8,152.553193
1002.1088,8,152.556946
9372.462,29,152.557017
847.0582,3,152.578249
8952.769,26,152.57831
4562.1553,24,152.581928
1252.5618,7,152.58199
1538.6407,7,152.582018
13147.964,39,152.585171
916.1476,7,152.585211
13833.145,52,152.588117
5446.6465,25,152.604438
4404.319,15,152.60448
11694.973,44,152.614643
1154.6041,7,152.635036
1037.0216,4,152.638177
1855.3191,9,152.647877
3233.3828,12,152.658581
7003.2627,34,152.661937
1668.2026,9,152.665093
4155.2754,21,152.673168
230.3772,3,152.673195
6132.747,26,152.673202
9213.212,35,152.67592
12557.115,42,152.680143
8662.395,30,152.680222
506.0186,2,152.680242
10373.497,53,152.699899
1973.2727,16,152.699956
7408.167,34,152.703132
2546.919,10,152.706327
559.2149,2,152.706369
1413.0083,5,152.710861
342.4812,2,152.710909
5807.504,40,152.715827
9356.263,48,152.731962
4833.4854,29,152.735377
5903.907,27,152.735428
5571.665,29,152.735445
12273.709,37,152.738277
12493.742,35,152.756571
2418.611,21,152.760552
9600.123,41,152.760586
727.64575,2,152.763241
2017.5094,14,152.772304
6685.466,17,152.79322
4968.3076,25,152.822555
1266.0305,10,152.842211
2428.353,17,152.842272
651.8505,8,152.842286
381.90045,2,152.848327
168.52893,2,152.848361
8165.3613,44,152.848369
5442.6924,26,152.848374
2025.8826,17,152.864452
12938.239,37,152.864518
11572.324,38,152.88711
536.79584,3,152.902724
8574.624,26,152.902765
5401.756,31,152.902774
670.14014,2,152.931062
4641.872,22,152.934607
11430.674,41,152.934647
3244.112,12,152.954137
8416.033,31,152.957412
11551.11,38,152.957465
2419.8237,8,152.982693
7986.6343,30,152.985607
9762.104,37,152.988214
879.0781,3,153.015414
2532.7354,64,153.015469
-19.53064,2,153.020684
143.03217,2,153.020731
3148.7246,13,153.023428
1761.5493,14,153.029507
792.706,3,153.029571
1880.4415,9,153.029589
236.26013,2,153.029595
2168.9355,25,153.038735
689.1396,3,153.075408
13845.75,42,153.08174
2962.8645,28,153.081793
984.3602,6,153.099633
3.6242065,53,153.103168
9248.615,33,153.109317
11159.43,44,153.109373
10787.337,48,153.109394
322.18784,3,153.109404
6184.7207,36,153.112682
1052.6477,7,153.11274
9062.675,30,153.112754
4420.4126,13,153.195876
632.0616,3,153.195967
5630.3906,38,153.205449
13443.591,51,153.213723
1692.4089,7,153.21726
3297.9272,31,153.230053
2214.1135,34,153.230151
492.48322,3,153.23017
9833.16,37,153.230179
7932.982,39,153.234426
10320.57,36,153.237883
10529.726,42,153.23794
953.34314,20,153.245694
950.49805,4,153.248777
13521.425,55,153.252002
3658.9983,14,153.260139
1091.2512,3,153.264185
291.01202,2,153.264249
-267.5902,2,153.28846
10392.966,37,153.299552
6553.13,17,153.299607
5328.2754,27,153.302636
419.69193,2,153.305452
1050.9277,7,153.316176
1757.8389,13,153.32024
7425.484,22,153.320294
11272.459,34,153.32031
4226.392,15,153.323381
4443.586,28,153.323435
1953.1583,7,153.326478
9961.3125,30,153.329287
1326.245,9,153.347428
782.328,7,153.353042
792.96564,3,153.35582
1594.6685,8,153.370782
6885.49,25,153.381799
5954.149,33,153.385351
325.8602,2,153.388698
6066.8076,36,153.388771
3615.207,13,153.388788
734.3592,2,153.40485
7130.288,29,153.404935
27.265549,2,153.417955
3538.9248,28,153.455217
15848.741,41,153.480754
13304.776,35,153.481159
1994.3885,15,153.481185
10827.497,38,153.484783
2692.001,11,153.484853
289.10052,10,153.484868
7262.2915,37,153.487783
216.70503,3,153.49738
11596.155,37,153.49741
13192.763,41,153.518419
387.60822,6,153.528285
7811.232,28,153.531514
1699.8186,7,153.531561
344.03345,5,153.531573
7253.4697,50,153.537144
-57.22081,3,153.537181
1296.9708,5,153.53719
1317.3452,7,153.552409
13635.49,55,153.556373
342.9707,2,153.556481
276.89563,3,153.570208
817.11646,3,153.570246
339.13757,2,153.570256
8194.197,24,153.585503
10963.223,36,153.585547
2306.8599,13,153.590525
760.1475,7,153.59063
1096.4274,3,153.600656
10516.106,41,153.613384
632.7427,2,153.613456
8632.827,38,153.613475
11988.377,43,153.623875
12688.177,37,153.623959
208.7374,6,153.623981
771.3533,2,153.623988
394.83936,2,153.637095
423.55768,2,153.637164
557.3192,4,153.654124
11791.677,44,153.65854
7507.9287,31,153.658615
2792.2715,12,153.66838
1744.3204,6,153.668437
189.03531,2,153.681695
3967.189,18,153.681752
4599.7812,39,153.681763
2610.2139,14,153.688082
874.5291,6,153.693944
1185.642,10,153.694
4397.4175,21,153.708022
749.3454,6,153.734159
10088.596,47,153.734226
-10.795013,4,153.734244
4812.6416,29,153.737494
875.08374,3,153.742919
12438.1455,34,153.753255
44.07132,5,153.765405
1684.4014,17,153.774471
2059.4,19,153.789546
788.4342,3,153.789619
5812.1973,49,153.789641
12714.419,42,153.811801
908.3801,6,153.830046
701.39526,4,153.830104
4129.4,14,153.830119
9931.283,30,153.833123
3178.4558,29,153.838989
290.36206,3,153.839037
12415.874,44,153.839051
8623.005,35,153.848127
5864.4385,27,153.84816
251.56064,4,153.85764
6272.7217,34,153.862983
4174.151,19,153.867347
2208.6323,9,153.8674
1420.9269,12,153.874255
896.55206,5,153.878914
582.0955,2,153.878969
11882.836,41,153.894964
8905.339,33,153.903557
5531.39,26,153.918557
13407.897,46,153.927412
4587.306,26,153.945514
10754.434,35,153.951137
6675.9707,25,153.954008
2728.2488,10,153.972682
6568.5728,17,153.972716
12173.255,43,153.98217
3503.3882,16,153.993351
41.976227,2,153.99969
8671.468,31,154.015204
1821.5457,6,154.047149
1243.4031,8,154.05093
13823.564,39,154.050985
8896.533,51,154.050999
7452.2266,53,154.054063
465.35754,2,154.054111
2275.1824,17,154.057243
7630.7446,34,154.057283
392.9517,3,154.060256
6243.73,18,154.066102
266.24564,3,154.066172
-210.085,23,154.066191
7508.8833,44,154.066199
4439.0625,26,154.070159
5326.426,22,154.070203
6022.7285,37,154.070213
3759.1545,40,154.07394
6948.479,65,154.089664
415.72897,3,154.101944
458.6454,2,154.102001
6066.243,33,154.115438
222.29265,2,154.115509
2036.615,10,154.123831
192.53645,3,154.130769
3025.559,13,154.13459
13652.455,43,154.162074
3496.1714,13,154.162137
7600.209,41,154.166616
10005.987,45,154.166687
13151.033,42,154.166705
1017.84845,9,154.17046
2331.8516,12,154.185065
13870.047,42,154.185118
9759.888,38,154.224249
2173.6582,9,154.226901
3737.6487,35,154.232255
1001.02637,28,154.232286
13211.739,42,154.248629
4748.746,15,154.248724
4818.896,28,154.252709
9236.287,29,154.260265
4474.0117,20,154.264681
3088.5264,33,154.264724
231.659,2,154.264734
2105.195,6,154.284944
1867.4166,22,154.288169
6266.001,28,154.30529
5752.4067,28,154.314523
5652.075,28,154.329596
10059.172,40,154.329714
205.44128,4,154.329731
9442.759,42,154.335193
7004.609,35,154.347492
12830.748,45,154.353422
414.26736,2,154.356495
3208.7192,13,154.362935
64.96597,2,154.362995
13365.105,40,154.363011
13819.69,48,154.377363
13347.549,52,154.377426
10068.147,33,154.388302
13989.393,47,154.408165
1636.4838,6,154.418743
377.6914,2,154.423947
1038.2429,3,154.446469
4623.412,32,154.460202
356.23773,2,154.474822
6837.039,30,154.479105
11033.005,36,154.479147
8190.55,38,154.479157
9676.073,42,154.497069
12805.932,54,154.497144
-4.407257,3,154.497169
11219.004,39,154.502227
5383.692,29,154.514457
724.3507,2,154.519187
984.5464,4,154.531544
11942.1875,39,154.531615
2435.7104,13,154.531633
384.05786,2,154.545155
8600.104,30,154.545236
-192.7959,3,154.545256
320.6297,3,154.549133
573.0984,3,154.574697
1103.7306,5,154.578366
4738.4717,26,154.585281
6210.2617,48,154.585318
14044.899,48,154.585329
1035.5203,9,154.585335
7251.507,32,154.588716
7238.2847,40,154.588786
19.131653,3,154.588801
7650.6846,41,154.599371
114.13632,3,154.609202
4241.2954,19,154.609319
9764.995,53,154.613965
350.34283,2,154.614011
994.56116,5,154.624786
3271.5776,12,154.624831
9233.028,38,154.624843
793.8365,9,154.637452
342.95123,2,154.644636
728.2157,2,154.644777
1325.6587,4,154.650378
1748.6582,19,154.650456
11335.044,38,154.650472
13465.039,41,154.662145
1605.5201,6,154.662209
5187.784,25,154.662225
675.2864,2,154.662232
13107.95,40,154.662238
1274.9272,17,154.671206
341.0585,2,154.671284
809.67096,4,154.6887
1580.1827,13,154.688757
1322.9835,5,154.692431
466.9038,2,154.695285
1103.8419,6,154.699107
12723.759,48,154.69915
5606.661,55,154.699164
475.14505,2,154.699171
362.6843,14,154.702488
2389.0776,9,154.702549
6166.936,35,154.705456
1201.0813,7,154.721382
982.5113,6,154.726482
2025.3265,36,154.730148
10605.974,36,154.730197
834.38,7,154.730211
1916.4868,8,154.730217
2957.9678,15,154.732982
2278.2095,25,154.749274
325.8105,2,154.755346
1635.5886,19,154.755389
2376.5574,7,154.769242
277.22394,8,154.772418
2024.8895,10,154.781371
7528.2954,27,154.784401
9751.967,33,154.795255
1554.8394,7,154.800358
10680.217,35,154.800469
3908.4727,30,154.800488
7828.284,26,154.804002
521.61865,2,154.811927
8779.56,37,154.812
6989.288,32,154.821366
465.15497,2,154.834971
5020.896,19,154.841239
1521.0054,10,154.848927
1665.0503,8,154.848994
3355.5198,12,154.852631
161.50098,2,154.852687
10593.152,30,154.873239
1173.897,5,154.87794
13662.085,40,154.878001
11980.379,44,154.878017
1340.0859,8,154.878023
5430.3325,33,154.889852
1248.7334,6,154.898692
73.77528,3,154.904934
1653.8982,8,154.905026
3738.236,32,154.909646
635.52924,2,154.912894
10537.306,36,154.923423
5376.588,25,154.932372
956.7322,8,154.932428
12745.748,47,154.937587
325.4967,2,154.951213
12624.497,42,154.963608
277.29913,4,154.96368
10796.884,42,154.97452
609.0307,5,155.00167
4078.9858,16,155.015288
3555.3586,16,155.015346
94.29835,2,155.020489
1047.5206,9,155.025185
6484.8247,17,155.025267
7481.073,33,155.039248
2429.3335,9,155.039305
10741.683,34,155.053854
1683.7566,8,155.053927
1049.979,6,155.057338
519.09503,3,155.069812
122.47998,3,155.089906
71.94498,2,155.10624
2363.6243,18,155.106365
1907.5076,8,155.117806
4293.523,19,155.127947
1852.5026,6,155.132744
13415.192,47,155.132811
4839.7236,55,155.132832
400.6163,3,155.147967
9210.831,31,155.15119
13920.79,42,155.154945
12743.983,53,155.154996
6156.2954,34,155.15956
9470.609,33,155.165052
6286.4526,19,155.179292
11995.973,31,155.179347
4108.9795,52,155.179361
2524.1523,10,155.185083
6923.335,65,155.18864
13895.643,45,155.188704
5036.863,40,155.206624
202.72809,3,155.206686
13741.107,41,155.212477
246.20695,2,155.212528
5477.2617,27,155.216002
236.65964,2,155.229662
2211.1023,17,155.229811
1731.6727,6,155.232814
10852.621,34,155.237983
4450.046,27,155.24976
552.6064,5,155.249856
2429.2966,10,155.264333
6182.486,38,155.26766
2501.144,71,155.291751
4935.212,31,155.300302
9257.308,34,155.300356
1326.2523,5,155.305764
7699.2144,28,155.321069
944.1681,5,155.324171
1400.2167,14,155.327752
1682.7915,6,155.327793
13590.049,44,155.331101
10268.345,37,155.33114
13393.151,38,155.331151
456.3417,2,155.334616
11674.643,41,155.334671
4082.1187,34,155.334689
13041.635,52,155.34496
4402.808,47,155.373764
5409.552,27,155.373824
1702.637,8,155.376966
1011.96136,6,155.377006
7307.747,21,155.38031
2222.0505,24,155.380349
9255.47,32,155.380361
13897.277,41,155.383125
599.43445,2,155.386874
5332.607,28,155.386943
1303.4941,4,155.386959
416.4572,2,155.386965
7014.505,51,155.392048
36.247192,3,155.392105
3391.6555,16,155.395865
823.4293,4,155.41434
883.75256,3,155.41439
13964.144,49,155.423072
13104.331,47,155.43674
13368.693,53,155.440375
8890.21,35,155.440422
1161.4813,14,155.452901
138.30092,4,155.466636
4594.127,22,155.469791
13659.0,44,155.469828
433.15833,8,155.474873
370.0223,2,155.474925
12159.88,31,155.490436
350.6202,4,155.494515
8081.0366,33,155.504794
5240.029,34,155.514932
379.98334,5,155.515019
2357.4043,24,155.533885
1012.2345,10,155.533952
498.84656,2,155.533971
7143.5635,32,155.547626
11614.091,37,155.551087
1496.6527,6,155.572575
11602.65,39,155.586462
1446.7263,7,155.586569
4279.596,20,155.595217
10569.988,44,155.598952
11341.978,35,155.59903
12615.378,35,155.62437
12173.75,33,155.6409
13833.529,45,155.640934
647.9199,2,155.640944
2719.2842,11,155.64095
8937.715,38,155.644727
2614.0337,12,155.644794
12325.453,41,155.64481
7620.917,39,155.655694
480.20984,2,155.655765
1398.4661,8,155.655782
9001.725,30,155.65579
930.08075,4,155.683457
477.15063,2,155.688796
7213.0127,26,155.69569
877.5112,8,155.695742
13632.583,46,155.709924
1701.6942,10,155.713854
563.04333,3,155.713906
13466.396,47,155.721075
13001.221,41,155.723672
13891.479,46,155.73628
1146.9022,7,155.749401
1332.7537,6,155.749472
12693.782,41,155.753592
7444.3867,24,155.765575
10084.666,33,155.785228
347.80505,5,155.785301
2036.7886,6,155.817288
349.75226,6,155.822664
5524.8994,36,155.822717
5457.965,29,155.83296
3730.1526,19,155.850084
1916.6033,30,155.854505
2398.567,36,155.854579
2298.4768,38,155.870422
1060.5139,4,155.870486
636.7928,3,155.870502
10051.205,36,155.870507
111.59114,2,155.882283
11092.739,45,155.885328
396.226,4,155.888043
1052.748,5,155.891001
11821.2295,37,155.89104
7589.73,31,155.901774
678.8136,3,155.915471
265.55692,2,155.915572
2041.033,10,155.926533
10214.214,40,155.940139
4024.8845,13,155.959979
7508.3457,29,155.966547
13439.775,49,155.9666
607.94305,6,155.969181
12279.305,48,156.058648
9970.283,35,156.058698
1150.3899,3,156.058711
1379.1855,22,156.058716
2456.8118,10,156.05872
848.93774,3,156.087357
3377.9424,12,156.09121
12501.086,48,156.091244
7089.2515,36,156.091255
-449.42133,21,156.091261
290.3884,3,156.113612
948.34753,6,156.11987
11334.05,45,156.119934
297.51746,3,156.131286
11619.375,39,156.142799
3024.4426,12,156.160958
1521.2375,8,156.16102
13287.011,47,156.164783
10625.933,38,156.173105
718.88367,3,156.17315
4435.7114,22,156.19502
13561.235,43,156.198044
1659.0089,9,156.203099
1025.2285,3,156.206891
13069.027,70,156.206957
1164.4521,8,156.22614
13978.698,73,156.240998
2741.432,9,156.256668
4384.12,27,156.256758
2018.9431,15,156.256777
737.17566,4,156.268063
11554.955,43,156.268121
1149.8291,8,156.290688
9529.002,29,156.290759
7048.515,29,156.290776
121.977036,2,156.290785
1070.5228,4,156.290791
399.5671,3,156.301778
2221.27,8,156.301846
-277.41638,2,156.305753
341.04855,3,156.324193
4808.438,23,156.32424
488.1918,3,156.337562
10740.018,38,156.337636
10229.767,46,156.337655
4315.0845,26,156.341777
386.5968,2,156.356721
1340.0103,4,156.368995
2825.7913,51,156.398696
394.2693,3,156.398763
11572.405,48,156.404097
9283.503,39,156.407157
9697.006,34,156.407211
13336.622,40,156.425025
15974.445,58,156.425099
6262.6416,16,156.425114
13267.6875,56,156.448839
707.3254,3,156.452435
3452.7463,18,156.452499
357.59644,12,156.455204
973.3124,5,156.46969
10249.782,41,156.480941
3205.4155,14,156.514795
506.34854,6,156.517687
839.1348,5,156.517725
633.1386,3,156.523025
4364.4546,15,156.52329
4347.123,17,156.53734
13369.378,45,156.547267
2.1522827,4,156.547328
7292.793,30,156.565756
10633.109,34,156.565823
628.3354,7,156.56584
9034.219,33,156.571643
4847.1953,37,156.571694
2469.3604,8,156.57424
260.74323,4,156.582223
562.8688,3,156.606175
9134.22,42,156.619706
4187.869,26,156.61977
2224.8677,8,156.635175
270.8204,2,156.635232
12715.602,51,156.638613
5311.7056,26,156.638662
6546.4,27,156.649392
931.3176,10,156.649446
2135.4058,8,156.652369
362.23883,2,156.652428
9981.036,47,156.661621
1655.2236,10,156.661673
7444.901,41,156.661682
1800.9441,19,156.711602
13315.497,45,156.711703
988.8102,3,156.71173
2052.1692,18,156.711741
1104.3037,7,156.730223
272.81046,3,156.741696
2170.5396,40,156.7534
10273.259,56,156.77467
10682.659,59,156.777536
4102.1167,15,156.78028
13569.168,48,156.783464
13670.352,48,156.783523
615.25714,3,156.783536
249.65472,2,156.78688
997.83716,7,156.786924
4074.4673,21,156.786939
14017.514,45,156.812634
3085.427,15,156.815323
881.22534,10,156.836849
7766.557,28,156.842314
13709.829,41,156.842345
3041.6467,11,156.842352
7429.6353,22,156.852942
4246.7427,16,156.869733
3703.583,14,156.872525
5635.045,30,156.880505
2041.8046,9,156.883946
3865.3728,19,156.883997
13960.969,47,156.900538
9823.269,31,156.906368
11138.169,35,156.906412
766.47577,10,156.906424
605.3397,4,156.909098
118.380844,2,156.912189
13852.065,39,156.930245
2491.1384,14,156.933817
629.51904,2,156.93385
1103.1655,14,156.95393
13466.011,46,156.970875
10025.42,42,156.99123
9134.643,45,157.00461
1539.2727,16,157.004665
184.92545,2,157.004678
13614.284,44,157.014325
7346.475,32,157.014393
551.56964,2,157.020506
59.94599,3,157.020565
4900.7754,29,157.023645
13124.813,40,157.023698
6.8461914,5,157.044724
1784.0134,7,157.047729
6299.1553,58,157.050973
537.2819,5,157.053981
4013.0579,19,157.057156
4951.8916,27,157.057193
426.20447,2,157.057205
2908.0706,15,157.08219
12998.327,43,157.095077
1602.0793,18,157.101398
1349.7219,8,157.101453
1056.997,5,157.104484
1837.6694,17,157.124164
9890.094,56,157.124235
5384.697,32,157.13948
8555.619,34,157.178579
642.1759,2,157.184386
5453.1265,22,157.184445
10465.638,51,157.18446
10036.691,44,157.184465
9207.513,37,157.22111
4230.3857,24,157.233334
6298.452,20,157.250427
2770.9604,17,157.250502
12769.949,44,157.250519
5839.0303,30,157.254993
647.4506,39,157.255066
12610.201,39,157.258391
9475.627,31,157.26126
9553.539,46,157.266292
5775.6494,29,157.286778
741.38055,3,157.286836
2351.7617,26,157.296816
13694.797,45,157.300998
964.80347,3,157.318107
1670.3906,6,157.335705
219.04446,3,157.335777
1541.0406,7,157.335795
2387.3953,29,157.350088
3701.2185,21,157.350144
4431.337,15,157.367741
9632.071,36,157.375395
13779.276,40,157.375449
1097.5789,4,157.383727
10153.46,42,157.386556
458.24536,2,157.40148
2403.0776,10,157.405565
6602.1367,30,157.416491
4691.4917,12,157.4198
11035.87,39,157.453607
2144.575,19,157.453664
4075.5825,27,157.456878
6080.2686,31,157.460195
1009.7138,7,157.460225
-159.89868,2,157.460233
728.6549,2,157.463259
9665.873,36,157.463301
670.64087,4,157.466168
520.14935,3,157.488438
5210.09,33,157.508562
883.1194,3,157.508661
30.52863,2,157.519545
6555.792,41,157.523091
5438.5244,26,157.523125
8087.5938,53,157.536718
6344.2573,24,157.549477
1466.8419,22,157.549579
576.3429,2,157.565996
524.4465,7,157.566053
322.9989,3,157.566068
6679.329,52,157.566075
2208.1575,17,157.573611
3844.288,23,157.576183
491.6673,6,157.581533
1976.0502,8,157.584819
13461.662,44,157.584866
11449.292,44,157.604408
30.398956,2,157.607569
2209.925,14,157.617706
886.1312,3,157.620834
2790.1467,16,157.620884
13449.561,47,157.623955
660.7084,3,157.655913
1064.1183,7,157.678369
10844.012,37,157.681976
6230.3154,34,157.685291
10372.278,37,157.69014
2338.06,9,157.690209
5168.9434,29,157.702159
3208.132,14,157.702205
319.74582,2,157.702216
773.5187,3,157.702222
547.32263,5,157.707575
6569.4224,45,157.707647
13760.955,59,157.721545
1668.8134,10,157.725131
10494.025,32,157.753286
7081.6484,26,157.769237
12561.649,40,157.774251
8104.468,28,157.786209
10534.099,37,157.799669
10672.612,34,157.799725
7710.8755,28,157.799739
3190.6436,13,157.80294
395.56015,2,157.805979
981.2915,12,157.80602
13294.098,51,157.823788
11528.297,48,157.836427
1103.3187,8,157.839289
2409.8833,10,157.857949
172.41568,2,157.879672
15801.145,46,157.887216
633.9867,9,157.890011
2256.8118,49,157.892877
1982.5032,10,157.903141
440.01932,2,157.906866
13534.198,50,157.906961
9545.503,31,157.917566
8234.269,31,157.92037
7583.595,27,157.952332
7866.2837,35,157.956212
-19.643433,5,157.956267
3707.099,16,157.959093
4142.9194,22,157.963559
13467.257,48,157.96363
13861.882,45,157.963646
535.77264,2,157.984164
513.1449,3,157.992508
1446.3895,6,157.992567
6832.357,27,158.013604
2170.2095,34,158.013746
8952.288,41,158.017406
6364.1084,44,158.020351
5421.616,23,158.023095
540.5774,2,158.044519
-117.729095,4,158.044596
6026.193,48,158.048633
684.61273,5,158.052388
426.2275,2,158.052451
2551.3115,10,158.065099
13638.543,49,158.065167
2941.8499,14,158.065182
10899.236,51,158.078001
636.3751,3,158.089763
7897.2437,39,158.08983
11472.12,39,158.118632
1548.528,12,158.118706
8867.536,29,158.118723
11566.694,31,158.133468
13946.123,45,158.150249
929.2321,5,158.168715
695.15216,3,158.181681
1769.3042,8,158.199483
2322.5344,23,158.216592
4110.55,16,158.220163
1670.9138,6,158.220205
9912.307,35,158.223028
2088.1707,37,158.225797
163.6875,2,158.237502
9342.043,35,158.241307
5006.754,38,158.273243
10634.486,37,158.290496
7441.2246,21,158.290572
1428.3528,11,158.295826
7167.768,32,158.295877
10810.388,43,158.295892
10844.4795,47,158.298742
2882.2085,13,158.303691
4785.0454,28,158.319474
523.19586,3,158.339426
8473.317,35,158.3425
416.4804,4,158.365925
5247.873,23,158.365972
9657.4795,33,158.365988
1261.2812,14,158.369529
8929.718,32,158.369587
5641.9146,36,158.369602
10815.303,36,158.369608
265.1896,2,158.373326
510.96527,2,158.373371
3467.6055,38,158.373384
1369.4702,15,158.392562
591.1495,2,158.392627
356.839,7,158.43692
1154.6337,6,158.436985
13400.339,37,158.462324
12665.084,38,158.462375
13728.01,49,158.470906
6384.6733,64,158.47096
5492.8623,26,158.473693
4502.314,20,158.476355
12049.983,37,158.508289
11799.291,41,158.508342
13951.433,39,158.528395
304.56244,2,158.531982
4497.401,21,158.532037
7922.6836,42,158.534804
7431.6133,36,158.540248
9385.721,33,158.540287
13381.168,36,158.540299
442.77402,3,158.543607
-42.929993,2,158.553277
472.29175,2,158.553331
9685.761,40,158.565279
4565.1416,20,158.577191
4728.781,14,158.57727
3780.151,18,158.580651
186.5917,2,158.590315
859.8777,4,158.590399
274.0135,2,158.607697
61.67975,3,158.607764
8174.912,33,158.619997
2148.4119,7,158.62005
7223.802,33,158.620067
7636.53,32,158.620073
1209.1404,4,158.620078
3436.8267,16,158.62285
13462.864,48,158.625543
643.5086,3,158.6527
12028.338,39,158.67101
5670.978,27,158.683704
5957.6016,42,158.686524
1242.0905,5,158.701308
3595.3137,13,158.704521
777.63007,3,158.70457
9899.334,47,158.707495
972.7787,13,158.718266
4481.98,22,158.718334
13721.828,37,158.735983
945.0196,3,158.736051
2497.392,11,158.738965
3691.1318,37,158.753878
4406.537,20,158.77103
755.0276,7,158.788594
7800.1514,35,158.801138
13239.772,48,158.801216
656.8815,2,158.823301
10443.536,38,158.823372
11822.919,38,158.828285
8296.261,35,158.828334
8060.3564,27,158.841154
789.8776,4,158.856794
1327.0728,16,158.862998
1179.6643,5,158.863066
689.5355,2,158.865812
7185.7017,37,158.868772
6163.455,17,158.868817
6001.0537,24,158.88616
12592.562,47,158.914578
1889.0203,9,158.918319
932.12427,5,158.918369
9959.766,38,158.918383
2153.7705,12,158.921326
9333.127,41,158.921366
289.74228,3,158.923952
11366.887,62,158.936198
12832.431,46,158.936267
961.7572,4,158.939291
518.21704,6,158.942019
10582.399,29,158.951729
550.9138,4,158.954521
9619.8125,37,158.971658
428.44177,2,158.971731
1964.6367,29,158.982104
1798.6992,25,158.982169
10211.206,45,159.001755
522.84644,4,159.001832
555.2934,4,159.005942
7414.7793,33,159.006002
13639.094,53,159.006019
1086.9961,3,159.006025
344.70056,2,159.008773
891.8825,3,159.022288
494.8367,7,159.022358
3342.7922,14,159.022376
3446.2102,16,159.040234
13632.612,47,159.040301
13239.577,42,159.040319
431.30716,5,159.043875
322.58112,2,159.05534
5949.2217,30,159.066766
12301.059,47,159.066805
618.64606,4,159.066816
700.7362,2,159.087506
12943.422,41,159.099587
2191.7727,9,159.103746
9242.011,40,159.103838
3191.5903,22,159.103861
2205.6938,19,159.132663
5233.823,26,159.135785
4243.4155,18,159.138493
2235.7952,19,159.141623
334.329,2,159.141669
10751.182,41,159.141681
4156.92,17,159.159127
4841.4614,33,159.159194
681.3276,5,159.189545
667.262,4,159.189601
177.9778,2,159.204485
6689.938,38,159.204555
7208.1636,23,159.207618
1802.8778,14,159.216969
658.09326,7,159.217036
4253.5195,23,159.217051
2020.7401,34,159.217057
1899.1208,14,159.219979
1023.51904,4,159.229435
6004.9814,62,159.24046
11596.587,55,159.240541
380.96497,4,159.305877
923.9355,13,159.305933
687.06085,2,159.305946
784.0095,8,159.318843
715.7893,6,159.347617
944.9558,5,159.350888
11226.969,38,159.354193
162.54063,2,159.354234
11339.152,36,159.356898
3175.4722,14,159.360328
4734.3867,22,159.360373
2859.8684,13,159.360389
4147.067,14,159.360396
439.9176,3,159.363205
4263.714,21,159.381766
7361.831,25,159.381851
1294.2104,4,159.410012
2289.4375,14,159.410063
403.95584,5,159.424822
15819.729,43,159.438567
2163.0452,11,159.43864
12872.005,44,159.43866
614.45386,2,159.438667
2654.3792,10,159.442317
12549.319,38,159.455076
2387.1455,38,159.45515
272.38232,3,159.455171
11746.463,43,159.455178
4686.2256,25,159.455183
618.99005,2,159.455188
171.65784,3,159.469242
378.1659,2,159.485612
616.26263,3,159.48896
13623.628,48,159.488991
914.7859,4,159.492678
1548.6108,6,159.492746
16012.226,66,159.540117
5373.487,27,159.540213
1664.6017,13,159.559991
10340.891,41,159.560064
5684.1953,25,159.560083
1974.9174,14,159.560091
2619.219,11,159.577759
6133.3516,28,159.581911
6745.168,41,159.581978
-106.599,3,159.582012
913.0025,4,159.587992
9220.771,38,159.590796
393.4557,2,159.593395
1062.2407,5,159.609303
-107.32745,2,159.617867
8146.6074,35,159.638533
4231.1987,23,159.638587
13199.806,45,159.641203
6642.92,29,159.644124
9533.563,38,159.644165
5078.03,29,159.651385
3907.2695,17,159.658389
813.3357,4,159.658477
653.56213,6,159.68848
7600.9546,36,159.693452
42.43036,3,159.70523
1268.7771,9,159.716723
2143.303,13,159.737579
9532.498,44,159.737635
2280.1787,11,159.737646
5327.9956,24,159.737653
13857.989,76,159.737657
5219.447,37,159.742336
-191.01245,2,159.755403
11632.287,42,159.755482
294.92197,2,159.755501
4657.7817,24,159.770139
10359.33,54,159.770198
598.1504,3,159.782436
13866.609,44,159.798335
11871.6455,35,159.813974
98.563965,3,159.814022
10032.819,48,159.817096
1459.6783,37,159.817151
653.89355,3,159.839833
9992.135,34,159.843031
6988.6323,33,159.843084
13411.438,42,159.853265
1275.3142,15,159.856515
733.7355,2,159.856564
12871.389,44,159.859622
3703.9768,15,159.859657
1797.2466,17,159.859665
-159.81166,2,159.877028
2613.224,16,159.8771
3947.6653,20,159.890962
4656.5854,20,159.902429
5928.888,39,159.908685
1385.9381,9,159.908731
6639.368,25,159.919843
732.07544,6,159.934364
911.74036,3,159.937948
9909.177,34,159.938001
1645.1676,8,159.938014
4566.456,29,159.941132
1138.7501,3,159.941182
3336.4214,25,159.947051
9501.3,45,159.947121
5778.6885,32,159.947135
956.0546,3,159.957532
568.14386,3,159.986418
7097.17,27,161.444499
13410.474,40,161.480816
727.12573,3,161.497123
5315.869,33,161.50141
6295.631,15,161.505444
1869.3425,55,161.505509
6342.0757,28,161.508773
1296.9857,17,161.511976
13154.714,72,161.522873
9451.629,30,161.531797
5913.431,22,161.534639
4248.041,35,161.537341
13255.373,40,161.553512
6714.158,33,161.556361
10173.878,40,161.56415
11622.064,47,161.564217
11377.037,42,161.587047
6966.066,26,161.619033
4182.2495,15,161.638704
2466.8643,39,161.67202
10004.154,43,161.675017
13690.297,44,161.687947
11366.419,47,161.688
957.5919,8,161.688015
13866.744,45,161.691217
13385.876,46,161.691267
13700.047,55,161.694099
712.73425,5,161.696852
9889.253,34,161.704479
6369.8384,34,161.717132
430.89804,5,161.720597
8755.265,33,161.736913
10804.315,47,161.736985
9083.925,36,161.737003
7411.9663,32,161.751502
11391.505,29,161.754353
4027.0454,14,161.757041
377.2985,2,161.7599
1493.9929,5,161.759944
254.73459,3,161.787765
7156.8706,42,161.787831
1181.8945,10,161.793451
12288.397,41,161.793518
12206.354,37,161.811765
1617.1311,6,161.814903
12489.548,38,161.814944
13815.289,51,161.81836
13863.547,42,161.818626
1793.1525,13,161.818657
11176.494,39,161.82652
10820.453,54,161.837403
2282.5476,14,161.837449
1461.8955,11,161.858525
2277.3154,9,161.874648
2402.7307,9,161.874697
7229.6,33,161.87471
2740.9124,11,161.885836
12952.209,42,161.89104
811.39954,3,161.903728
1777.4617,8,161.921191
13647.31,37,161.924678
13612.265,39,161.929351
7415.426,29,161.929392
-22.45456,4,161.948392
4460.528,34,161.948525
13182.11,42,161.95255
4068.7417,17,161.957478
8070.158,28,161.95756
7084.1826,42,161.969908
1321.1423,10,161.969972
920.4993,3,161.969986
2537.3528,10,161.969993
6151.707,41,161.969999
840.332,4,161.970005
1085.6808,4,162.005383
6100.6826,23,162.008535
7252.515,19,162.008591
2420.8027,7,162.011413
13048.654,42,162.0219
9410.585,33,162.042345
434.61633,4,162.048369
9158.609,37,162.052251
437.49854,2,162.052312
3245.623,13,162.055786
4728.7207,14,162.065265
861.6582,3,162.069245
10309.859,33,162.069286
4910.849,25,162.099666
1686.3519,8,162.105152
1141.5481,6,162.10824
10176.858,29,162.10828
10683.652,57,162.110947
885.65753,37,162.121892
4737.7188,27,162.160349
1634.32,23,162.170947
12936.806,34,162.199273
13196.94,43,162.20529
11051.292,38,162.208184
1132.8438,6,162.219128
461.59976,4,162.219188
6617.7974,29,162.219205
13198.999,36,162.225283
13579.429,38,162.225333
4251.662,37,162.236025
64.657104,2,162.240245
13643.551,44,162.258458
605.22534,5,162.258512
9725.429,41,162.278816
1610.6951,7,162.289175
1717.6926,21,162.289247
10643.171,32,162.306429
5554.454,26,162.310133
6496.7427,29,162.320335
1104.1962,4,162.32043
9930.961,42,162.324319
1306.9985,9,162.33526
11254.52,52,162.335299
10259.04,36,162.351076
-29.273926,3,162.363172
8065.473,27,162.395258
13510.719,49,162.395298
647.49243,2,162.395307
800.62616,9,162.398421
2083.1833,14,162.412819
12654.407,35,162.422615
282.0541,2,162.42268
10621.864,34,162.440287
10662.445,40,162.440358
6151.6484,25,162.444174
3461.7192,17,162.444219
8674.292,29,162.444231
549.4896,2,162.453279
1727.3848,6,162.456663
12869.059,43,162.456699
1152.3358,3,162.466452
235.82683,2,162.485044
2069.1926,9,162.485088
6048.2427,30,162.499422
1291.545,5,162.499479
1000.9397,4,162.504733
2397.8296,10,162.520651
2611.06,11,162.520748
1602.6553,8,162.542322
9376.628,62,162.542377
12116.135,42,162.557534
2027.6727,7,162.569426
6684.599,39,162.575301
1987.8933,15,162.587847
3167.2122,36,162.599213
2303.9746,33,162.603004
13441.542,39,162.607729
425.0417,2,162.607792
13955.698,47,162.607808
10319.355,45,162.607816
416.04968,2,162.627381
9255.887,72,162.627462
7237.2876,27,162.639091
10191.562,40,162.652806
3710.6116,17,162.686126
686.4681,7,162.686181
9502.666,29,162.686197
1813.6339,14,162.706081
12818.457,40,162.706128
11383.042,50,162.709584
7806.4175,38,162.709632
1067.9558,4,162.7291
13672.521,44,162.729164
13552.845,45,162.732849
4838.6074,21,162.732913
1654.3534,7,162.732932
5712.1265,29,162.735967
12249.88,35,162.736014
3340.0603,18,162.74883
6147.4556,33,162.748887
11.673462,5,162.767095
15863.078,43,162.786786
624.98645,3,162.79542
8507.322,21,162.807247
11507.783,34,162.822339
9382.721,36,162.822396
4734.262,14,162.825916
211.17722,2,162.836929
4654.469,26,162.837277
1961.2461,20,162.847961
2738.1326,30,162.852759
567.5873,2,162.852814
-3.8327637,2,162.86346
6767.9043,32,162.867254
4871.982,20,162.892328
588.6488,2,162.892386
8267.146,34,162.90034
1225.1986,6,162.900398
2086.233,8,162.900413
12347.452,40,162.903577
3340.5134,16,162.918082
604.71747,3,162.921535
2067.5276,16,162.928487
5992.524,28,162.928549
10414.497,35,162.928569
6015.478,33,162.932387
11856.098,40,162.942328
95.84337,3,162.958608
4899.828,27,162.990652
9620.358,34,162.990708
646.5433,5,162.990724
8567.651,32,162.990731
232.32202,3,163.010066
362.65894,9,163.010124
13585.9795,41,163.023049
8161.457,28,163.059076
13665.989,42,163.062358
8612.162,29,163.072073
13582.048,52,163.084705
13787.326,39,163.095326
6213.2324,23,163.095399
13255.357,57,163.116879
13479.345,50,163.116954
11123.376,29,163.121613
7233.1255,38,163.121682
236.47716,2,163.136414
7430.18,25,163.156766
10727.611,32,163.160143
82.41458,3,163.170022
1241.3612,11,163.170085
6024.452,36,163.177787
11024.679,29,163.185614
974.1814,7,163.185662
-520.7427,23,163.196351
1252.0688,7,163.196404
1993.2853,16,163.271431
8855.87,45,163.271493
7724.4355,30,163.285309
3324.0034,14,163.285365
11166.351,33,163.285383
11735.37,37,163.303315
945.09607,6,163.323204
4369.244,16,163.323264
1871.6844,6,163.323281
1735.0815,9,163.33004
9254.35,36,163.330098
10283.502,53,163.336102
5406.6724,32,163.336148
2966.0906,10,163.357115
828.1891,5,163.36044
12114.476,38,163.360488
7876.225,53,163.369474
181.44083,2,163.369523
9862.939,29,163.383336
460.66412,10,163.383383
1128.0319,3,163.383396
569.3249,3,163.386264
11708.187,39,163.389668
12828.221,51,163.398122
12594.087,43,163.404586
9284.382,34,163.41247
12848.559,43,163.412548
13544.472,72,163.412567
11673.329,40,163.422004
8475.511,37,163.422067
12787.478,37,163.427472
6234.5835,18,163.427579
1170.5605,9,163.440873
384.83804,2,163.460008
1149.211,9,163.511519
5808.7686,29,163.527373
13556.504,38,163.54134
10842.104,33,163.554051
5069.6094,25,163.55677
8545.231,42,163.562085
13234.68,55,163.562114
4887.758,24,163.569753
525.60376,2,163.575579
1677.214,7,163.59311
12924.973,43,163.593163
667.8747,2,163.598506
2035.9766,29,163.603711
637.31555,2,163.608793
12677.183,38,163.612053
2217.1694,24,163.612105
12310.018,37,163.615255
6779.1826,37,163.618722
13462.789,42,163.618779
6635.996,48,163.618794
9609.2705,41,163.621533
531.1074,4,163.625094
71.86022,2,163.625141
1688.8798,12,163.628007
10569.987,35,163.631557
995.2522,3,163.634989
5997.9297,38,163.635037
12642.844,38,163.638525
7865.989,27,163.638583
598.4754,6,163.638598
261.57016,2,163.642063
13673.59,41,163.642106
13565.389,78,163.642121
430.95673,2,163.645642
13203.679,43,163.656373
13203.435,43,163.6592
6447.3325,31,163.674631
13501.676,41,163.7461
10656.901,36,163.746143
8.008911,2,163.751887
711.12634,3,163.755348
4442.3433,19,163.765409
12784.721,41,163.765476
13336.861,53,163.76855
2419.5176,38,163.774443
760.7637,2,163.774493
6688.0073,22,163.777303
1015.6616,6,163.785921
5619.2046,30,163.793035
367.44083,2,163.793105
-20.818268,3,163.799562
5449.462,34,163.809171
6530.782,32,163.81247
1798.3378,8,163.823204
9745.399,40,163.823249
7975.3457,35,163.826484
8207.427,32,163.826532
-234.03383,2,163.829336
883.4,4,163.833078
634.15283,2,163.83315
7619.823,34,163.841268
4929.087,33,163.844362
12145.214,35,163.855915
10594.434,40,163.855979
4404.802,14,163.859117
12087.622,34,163.863293
13839.91,42,163.879485
1644.4163,16,163.885979
13889.056,45,163.894497
481.4187,14,163.89455
4388.5107,14,163.906513
13640.343,49,163.909833
12849.323,42,163.913414
11233.663,39,163.919685
13872.79,53,163.924016
13609.679,50,163.924066
8263.342,32,163.924079
716.0273,8,163.927444
548.7002,2,163.936517
13430.695,37,163.936589
1462.2075,6,163.936612
11009.644,32,163.940724
85.96744,6,163.940792
325.9075,4,163.94429
134.10515,3,163.947971
2056.9614,15,163.948017
4670.661,31,163.950991
10371.312,31,163.954277
-164.35278,3,163.958589
-156.33383,2,163.961863
9661.367,34,163.966403
7234.491,41,163.96939
2068.4944,9,163.972111
12516.0625,41,163.983637
7558.7046,32,163.986453
1415.2146,8,163.990037
8694.823,54,163.990089
2472.7563,8,163.993358
11026.29,38,163.996674
406.4124,4,164.000416
11894.763,38,164.000475
3248.863,15,164.003863
10149.058,33,164.00748
373.39136,3,164.007539
12199.712,39,164.007555
-180.54419,3,164.010651
1794.1748,11,164.010697
210.26266,2,164.013318
628.2643,6,164.018379
13710.354,35,164.032823
637.6734,8,164.036154
3485.0566,12,164.042162
129.50452,4,164.048736
7937.8755,33,164.052162
5345.7725,26,164.058571
8058.0894,46,164.06177
10723.945,38,164.061799
2311.2654,10,164.068718
8909.954,39,164.072403
13937.4375,41,164.072438
1551.7308,26,164.075649
542.964,4,164.078398
13743.603,40,164.087434
12862.386,39,164.090763
9983.274,36,164.094497
380.42572,8,164.094559
566.2593,3,164.103275
734.46826,10,164.108302
5685.3896,51,164.112201
10813.365,48,164.112498
215.11157,4,164.112527
3904.2964,14,164.11254
472.5972,5,164.112547
353.60614,2,164.119934
6511.929,27,164.119978
757.4989,10,164.11999
768.65393,2,164.125405
1436.5491,41,164.128632
13312.541,39,164.128686
370.84436,5,164.13466
911.13336,8,164.137523
11838.101,38,164.137568
8196.402,39,164.1427
972.779,6,164.142746
8588.955,26,164.14553
310.34454,2,164.152643
10353.66,40,164.15269
2635.3887,10,164.152703
13539.678,46,164.155694
611.4821,3,164.158798
215.47778,2,164.158837
3262.7854,18,164.167731
4258.659,47,164.172952
6051.283,27,164.175888
5427.116,23,164.183712
1016.65576,4,164.195236
9047.244,44,164.195295
4722.9883,13,164.203
237.18597,5,164.214749
8372.657,32,164.214828
421.12064,2,164.229584
13324.544,43,164.229624
2468.8965,45,164.255807
8215.588,29,164.255902
1857.1624,18,164.259297
623.77686,2,164.273398
9771.0,43,164.281027
549.5055,4,164.281081
10219.768,36,164.284702
-341.44485,2,164.287546
8403.14,29,164.297
745.36316,9,164.297035
12135.048,39,164.312377
11870.8125,50,164.320001
-81.34003,5,164.320057
72.653656,2,164.320072
13731.047,47,164.323122
10802.517,39,164.323164
10134.351,39,164.329099
11594.986,38,164.333474
9769.894,36,164.333538
5127.125,60,164.333553
7577.518,31,164.336595
3391.4834,15,164.341473
12954.1875,41,164.344695
1799.4916,12,164.352383
9528.182,143,164.352448
1032.2905,3,164.355173
12823.256,46,164.361968
5617.6484,28,164.362032
1789.3438,7,164.362053
6553.9766,21,164.371073
4386.4434,30,164.373821
4638.4146,30,164.379862
3420.7317,14,164.379935
1630.7163,7,164.383421
587.0665,2,164.386686
698.56006,3,164.389858
11779.675,43,164.398984
1368.942,8,164.399037
6135.0107,36,164.406195
8315.856,29,164.411753
1028.1248,22,164.415137
10088.437,33,164.425919
1985.9816,7,164.425992
13713.074,39,164.431278
1914.1268,6,164.431372
9855.726,35,164.434859
8976.926,37,164.439384
1775.0828,13,164.439444
10815.138,75,164.43946
5615.097,25,164.439466
13494.63,39,164.446686
6864.4507,39,164.455171
12399.101,46,164.465961
1942.7269,23,164.469209
13540.78,42,164.47586
1367.5249,4,164.475911
1381.3223,12,164.478809
9744.777,46,164.487467
4759.4897,27,164.490677
12454.742,42,164.490727
8568.731,34,164.496984
522.9303,7,164.497022
13628.026,45,164.501045
9799.615,34,164.501113
12733.481,42,164.501134
4257.412,20,164.508228
12720.79,41,164.508291
351.15234,5,164.515283
3412.3713,22,164.518421
1692.2994,8,164.523476
9223.836,54,164.538808
1140.9695,11,164.542186
10537.712,39,164.590013
1782.3113,13,164.593418
12892.229,37,164.593465
12895.443,41,164.608782
7264.3477,25,164.608853
9713.892,29,164.608869
2158.2007,21,164.612117
3799.3555,28,164.624119
783.9811,3,164.627872
13611.281,46,164.640265
6802.4746,29,164.640332
353.24622,2,164.646727
11449.326,52,164.646783
8184.598,40,164.649711
2506.8845,11,164.655465
13691.274,48,164.655511
319.644,2,164.661531
13291.981,44,164.671735
1131.698,8,164.677857
14000.582,54,164.680655
13567.697,46,164.689807
11436.167,38,164.689868
330.0526,2,164.689883
3392.2974,18,164.689891
10866.588,53,164.689897
1132.6779,8,164.692712
1409.7222,15,164.695547
11777.102,37,164.708875
7301.1406,42,164.708936
2890.4138,15,164.715757
877.3096,4,164.72134
2350.2385,12,164.721393
636.7073,3,164.73536
1250.2751,5,164.735415
13380.808,45,164.73543
9437.185,30,164.742652
8712.68,31,164.745266
12836.462,44,164.751835
1012.1797,13,164.751886
10587.623,32,164.754653
324.0002,2,164.757368
6214.351,57,164.769654
10046.377,40,164.769725
6008.766,26,164.769743
8572.179,34,164.77775
2988.5166,10,164.777802
1646.7174,5,164.790666
6137.5884,27,164.793974
9382.516,57,164.801717
9964.231,44,164.801759
6828.7373,29,164.801779
7550.6377,28,164.804804
3326.643,14,164.807991
9525.441,32,164.808038
202.0692,2,164.80805
685.4995,3,164.815674
379.8462,4,164.818484
1499.1748,5,164.821365
8501.3,25,164.821404
8764.864,37,164.824597
660.14954,8,164.824645
5226.8047,50,164.827673
2706.4766,9,164.827703
6375.5728,39,164.84555
1759.794,22,164.865695
13769.964,39,164.86574
7421.5923,27,164.892801
1000.6612,8,164.923235
11540.731,45,164.923304
863.2825,7,164.92638
2504.5996,8,164.926421
8276.695,23,164.929274
5656.7744,30,164.934317
8069.1294,34,164.958949
3532.7827,19,164.959
5994.013,32,164.963446
5169.1406,27,164.967036
11507.964,36,164.967087
8614.098,31,164.967099
257.5588,20,164.970257
3415.1082,48,164.973282
13641.8125,53,164.978424
757.7406,3,164.987101
6410.7646,38,164.994965
10547.729,54,164.995006
4944.889,26,164.999296
4770.5796,15,165.011723
1752.7899,14,165.011787
2813.501,10,165.015366
7758.484,35,165.018783
11175.923,36,165.01883
2542.0933,14,165.018842
443.2989,3,165.021558
1109.074,12,165.024673
8321.819,29,165.024717
-259.4738,2,165.024729
13004.586,35,165.027327
384.9212,4,165.033102
12591.178,36,165.035878
966.38086,7,165.038734
13676.707,45,165.03878
9370.404,32,165.043612
755.12805,13,165.05781
443.94943,2,165.057908
10567.859,39,165.061716
11871.786,40,165.068855
9582.868,52,165.071679
2187.6978,32,165.077054
2701.866,11,165.080019
13544.438,45,165.083424
544.7819,2,165.083477
11170.926,46,165.095838
355.0362,2,165.095877
343.92218,3,165.095887
4449.0493,19,165.095892
7308.4604,27,165.095898
1428.7023,8,165.108442
1288.8843,12,165.130832
11302.739,38,165.130915
2032.9523,8,165.130934
364.68182,3,165.141523
2870.9087,15,165.156061
514.0779,2,165.156103
317.69006,4,165.156112
12184.519,44,165.205843
10389.018,37,165.217698
1792.145,8,165.222088
2578.7524,31,165.231446
595.10767,3,165.24058
3893.3132,54,165.24064
4933.6426,25,165.240656
8804.1455,44,165.240662
485.5785,2,165.245689
2772.0168,9,165.256381
6405.4,18,165.259503
3468.461,13,165.263331
739.9347,5,165.26337
532.3722,3,165.263381
4898.316,23,165.269778
324.17786,2,165.275651
13646.8,47,165.278567
10122.09,45,165.278613
13541.608,47,165.293457
385.35397,3,165.29352
13663.248,44,165.293535
13416.43,43,165.296518
11176.653,52,165.300155
548.8668,2,165.300203
7833.8965,45,165.300217
456.13223,5,165.303373
12439.75,31,165.303422
5557.424,26,165.303434
1102.9718,11,165.306108
374.46683,3,165.311577
10032.25,29,165.311639
955.94183,3,165.322609
9853.235,38,165.326768
5860.4194,34,165.326819
12682.733,36,165.326834
956.1745,7,165.32991
1693.28,9,165.32994
1723.4658,18,165.333106
588.5576,2,165.333146
496.7578,2,165.33617
477.367,4,165.336209
9068.986,35,165.338797
643.12256,2,165.341429
13493.683,42,165.350214
7538.3203,27,165.353374
3053.5642,13,165.353416
781.3475,5,165.356152
1154.1501,15,165.358819
1000.56683,8,165.361375
6788.6426,20,165.375852
11265.492,43,165.378821
11499.28,33,165.37887
8558.576,32,165.389736
7549.7466,26,165.401458
5105.9585,22,165.44054
4920.6235,29,165.440603
167.49998,2,165.454869
9165.965,45,165.458355
13597.005,40,165.486454
3698.7837,30,165.486526
11597.066,42,165.486541
163.61165,2,165.486549
6618.029,40,165.489718
9059.784,33,165.489768
8559.5625,26,165.495484
9874.742,30,165.506172
4382.9683,37,165.509534
11102.608,36,165.509582
9794.902,57,165.509594
4888.77,24,165.528084
637.43677,3,165.52814
650.4004,9,165.533417
687.3453,12,165.533483
2703.9592,11,165.541297
4800.4526,28,165.54134
1982.1211,10,165.544373
2371.901,48,165.547736
1838.1289,20,165.551167
304.14383,4,165.554456
6645.0684,33,165.560964
15889.613,46,165.561017
13294.354,44,165.564291
10857.847,31,165.568136
10778.928,44,165.568184
6765.5103,20,165.640105
5233.244,41,165.640162
13770.856,46,165.640176
686.18555,2,165.645912
3343.5024,28,165.651518
8838.621,29,165.654435
5569.0044,30,165.659667
12452.468,32,165.662424
6245.749,26,165.668882
5189.3496,26,165.671691
5956.1777,27,165.674747
4787.8564,18,165.677484
2466.4126,31,165.684844
3700.2979,21,165.684909
12444.015,35,165.687965
3930.7908,16,165.688003
4419.703,16,165.70228
676.06024,4,165.718617
9102.941,38,165.718671
8750.746,29,165.718684
806.7563,3,165.71869
6579.554,28,165.76884
1562.3698,13,165.795402
13935.325,38,165.804929
2369.6008,11,165.808662
10940.817,43,165.815075
1259.4191,4,165.815128
12724.41,38,165.815142
11945.161,37,165.818106
4556.587,22,165.821034
-271.88055,2,165.826657
5913.5044,26,165.829921
13735.086,49,165.829978
1989.5131,19,165.83363
268.18948,2,165.833692
13131.707,46,165.833706
12476.688,34,165.841333
13464.052,42,165.844806
4247.9536,23,165.84484
11704.028,34,165.844851
12321.315,39,165.861151
3422.603,93,165.861204
7067.8804,25,165.861217
791.44025,11,165.861224
10985.851,36,165.868663
10189.92,33,165.868718
9232.99,29,165.871611
333.55762,6,165.874479
2001.6453,9,165.879734
547.3339,7,165.891109
5474.721,28,165.894536
11028.34,36,165.894582
13729.983,49,165.897713
453.40198,2,165.907314
2223.746,26,165.910425
2830.8904,23,165.910474
970.22925,3,165.92346
3916.326,15,165.930961
2004.5989,18,165.934172
630.90533,2,165.939573
450.5857,17,165.939621
8643.5,33,165.942264
5589.3794,28,165.945028
-96.50458,2,165.954075
1796.4279,25,165.959396
10735.581,39,165.959441
1655.878,7,165.96636
10659.589,33,165.966442
8384.062,27,165.966465
10705.766,35,165.969793
12094.472,32,165.974905
495.67355,3,165.978774
6108.377,24,165.978812
337.23804,5,165.989142
13616.846,40,165.99321
3097.391,35,165.993252
4481.4834,25,165.993264
6870.8315,23,166.005549
11940.216,42,166.021028
1342.692,5,166.040426
10929.154,36,166.053183
13768.028,50,166.053231
3021.4558,13,166.05324
5286.5117,26,166.070274
2620.081,9,166.070332
11546.326,35,166.07387
8090.64,37,166.073933
1283.7527,11,166.077913
10314.831,35,166.093153
4672.354,23,166.093209
1769.2794,10,166.096285
1608.4993,12,166.096328
12289.176,38,166.100084
1050.7169,8,166.110297
40.652008,3,166.11343
4639.7676,33,166.116635
2116.6836,15,166.125268
9273.267,27,166.128471
754.946,2,166.141284
3657.782,14,166.141331
695.08154,2,166.144251
9125.515,34,166.14799
477.8125,2,166.151442
9612.738,33,166.151493
1370.0029,12,166.154342
4036.2656,21,166.162246
223.72641,4,166.162287
1562.8455,7,166.162299
13536.306,43,166.167237
766.7955,5,166.167299
9202.674,30,166.167315
8291.288,24,166.170904
6818.5654,19,166.170953
6998.318,27,166.170966
1476.9756,6,166.174056
5893.8203,38,166.174104
6660.6436,18,166.176855
1318.4575,5,166.179722
2585.1653,12,166.195471
941.4708,5,166.200778
938.919,4,166.200841
4821.7983,24,166.200855
1761.282,22,166.204351
12262.977,38,166.204409
373.3443,4,166.204425
6619.0566,29,166.204432
12762.509,39,166.207042
676.4309,43,166.209654
1283.6979,4,166.212847
828.20703,4,166.212902
3051.8374,12,166.216597
9838.957,38,166.219602
573.71106,4,166.224864
12321.849,40,166.224902
587.09094,4,166.230605
1586.8275,5,166.238694
2268.7422,21,166.238744
-301.78558,2,166.243948
13768.017,37,166.24971
13038.769,42,166.249762
4131.387,24,166.253082
678.29736,5,166.253122
3322.0403,17,166.253133
9301.317,26,166.256404
1692.7688,25,166.256456
5589.519,34,166.256471
3064.3901,25,166.259351
653.1097,3,166.266669
7645.0723,30,166.280402
765.5304,5,166.280445
861.56067,7,166.291638
4953.806,20,166.291708
10540.587,32,166.309224
992.74475,9,166.31242
206.88707,2,166.323726
10301.877,33,166.365265
7258.1987,30,166.365306
1335.4993,14,166.365317
7048.0356,30,166.368425
322.065,2,166.371188
12879.042,34,166.373866
13692.846,44,166.376529
5661.5713,38,166.393934
5761.5195,22,166.393987
9692.592,32,166.396838
10671.347,44,166.416225
10640.374,40,166.41632
5423.881,25,166.426636
9248.656,34,166.429787
6429.5244,23,166.436389
12554.046,33,166.439747
560.2617,5,166.454254
13737.891,54,166.454327
13437.915,35,166.454344
11088.78,33,166.457112
11632.957,47,166.469883
1198.7979,6,166.469935
535.47723,4,166.473347
711.4896,3,166.473389
3677.0618,25,166.476488
475.9412,5,166.476535
1579.8124,21,166.480172
458.04517,2,166.48022
6719.654,28,166.480234
5201.0796,25,166.480241
4207.771,37,166.483392
12473.02,36,166.488904
904.6889,10,166.492128
11590.303,44,166.49217
1648.8282,5,166.492186
645.08466,4,166.496046
792.37213,14,166.508049
11775.423,30,166.508134
578.18243,2,166.508173
12934.867,42,166.508182
-9.519989,4,166.514237
713.58624,2,166.514292
12774.692,46,166.5171
10913.883,38,166.519843
1978.5098,6,166.529842
12106.875,42,166.532637
10318.341,31,166.535603
13183.593,36,166.535647
166.78682,2,166.540546
467.95862,3,166.554183
47.35988,2,166.559746
11325.695,45,166.570693
13561.718,41,166.591836
9067.539,26,166.591899
9494.699,29,166.595177
4476.6562,24,166.595232
3067.8845,23,166.600762
8805.708,42,166.604061
8683.776,32,166.614134
12135.08,31,166.614177
1200.2582,6,166.645936
4715.7837,22,166.64597
10755.875,32,166.655009
12629.7295,38,166.655064
13859.936,35,166.658279
611.7148,2,166.658321
435.33707,3,166.665415
441.0536,3,166.665478
1095.8743,3,166.668665
4900.356,28,166.668713
6632.57,46,166.671405
1258.9052,18,166.673973
840.7793,5,166.678883
1267.9753,4,166.688928
8467.725,50,166.688987
11800.834,38,166.692099
539.8224,4,166.707812
-152.85864,3,166.711483
796.09827,5,166.715448
11912.616,46,166.71551
12979.975,48,166.71866
1417.7874,9,166.718709
14010.229,45,166.723072
13462.838,54,166.723122
4235.667,27,166.723138
337.1192,3,166.723147
282.8447,2,166.726676
1703.1392,5,166.738368
1034.2809,3,166.738414
1094.9429,7,166.743886
734.52386,9,166.743936
13280.843,52,166.747164
13775.724,44,166.747204
572.0143,6,166.75619
1046.6597,4,166.756242
10998.839,35,166.759571
158.75638,5,166.759618
15861.307,34,166.762413
3073.4849,11,166.775266
7675.7754,24,166.778289
6113.693,27,166.778328
9685.35,44,166.784216
13643.331,47,166.790059
596.70667,6,166.796139
11496.714,42,166.796196
9390.148,38,166.805497
12209.135,44,166.805558
5689.222,35,166.808414
4162.822,16,166.808462
330.80096,2,166.813699
7820.179,36,166.813748
5585.089,25,166.817284
2135.978,53,166.817323
7425.808,20,166.822831
1055.481,11,166.82777
829.5347,6,166.830732
619.0952,9,166.870247
1701.5605,8,166.870302
6868.293,43,166.9064
2304.0376,31,166.921143
666.5504,4,166.943968
8630.2295,35,166.94404
12402.933,37,166.95154
4984.967,31,166.951609
13830.691,42,166.951625
2267.2434,12,166.959873
8674.192,26,166.969314
5563.98,27,166.96936
13267.124,42,166.972064
6780.903,23,166.97563
1156.1311,10,166.975713
9761.334,36,166.975738
13771.12,43,166.978786
767.1234,2,166.985438
13428.833,44,166.985511
13272.035,41,166.989022
1174.4054,5,167.007723
13644.529,48,167.007787
1492.7042,6,167.007804
1460.8787,7,167.013324
369.18832,2,167.013356
7777.2583,31,167.024075
2798.54,13,167.027375
628.8307,5,167.030172
8475.6875,30,167.03939
2099.6282,7,167.043362
11577.644,39,167.043415
9269.203,49,167.047372
9245.654,66,167.047406
507.98517,2,167.047415
538.58887,2,167.050774
13936.804,45,167.05081
718.5343,2,167.050822
499.99112,2,167.054988
883.3987,8,167.05503
12094.777,39,167.073266
1618.4838,5,167.076223
8228.043,33,167.07626
455.40912,5,167.078896
993.4181,4,167.08606
706.64124,2,167.086115
3997.4636,34,167.088945
10880.688,33,167.091511
-144.2767,3,167.094054
1343.0748,12,167.11284
1323.6636,11,167.126564
1818.6575,7,167.12662
13885.775,64,167.129544
844.7281,3,167.12957
6699.75,41,167.141178
9621.425,34,167.148404
12779.866,43,167.158095
2792.1968,27,167.168594
2670.4287,13,167.168665
5870.0845,37,167.183654
4584.7163,21,167.196637
10272.541,40,167.196704
1265.4706,6,167.209996
241.1372,7,167.210036
12835.195,45,167.22189
3771.254,37,167.221954
1445.4484,5,167.221972
8106.971,30,167.22534
4759.52,16,167.228539
2219.6555,33,167.2313
-33.97699,5,167.238427
10216.479,50,167.246689
7151.296,38,167.250145
1479.8462,11,167.250188
2262.3416,26,167.25324
10165.171,36,167.253279
287.29626,2,167.256666
732.1577,6,167.281465
4857.7793,26,167.281502
6245.3857,42,167.292539
1726.7812,18,167.292604
2049.0552,25,167.29552
9028.317,29,167.306076
400.66263,2,167.309243
2110.316,22,167.31208
450.54813,3,167.317954
12412.718,48,167.318022
5664.1494,29,167.320974
1229.487,4,167.32507
1589.8123,15,167.32511
10086.612,34,167.325123
3309.5615,17,167.327736
2.1022034,4,167.330688
13776.169,48,167.330715
9825.35,28,167.336998
10705.452,35,167.346411
999.08875,7,167.364278
1570.6487,13,167.364326
4365.9766,26,167.388001
529.61707,2,167.393574
9273.756,44,167.397862
2926.0498,10,167.397914
8695.15,38,167.397928
617.72943,3,167.406255
10031.675,35,167.406297
8422.441,27,167.408964
12992.678,47,167.41188
13323.366,49,167.419313
11633.718,44,167.422709
2446.407,10,167.422766
12877.401,52,167.422784
13768.562,53,167.425657
678.011,7,167.429166
4742.3843,27,167.433098
2948.2104,10,167.436748
13166.245,38,167.45754
1160.1549,5,167.461707
7645.4673,41,167.474144
3690.981,26,167.486401
11029.763,32,167.498933
5256.187,32,167.498971
11651.268,44,167.509924
1245.703,9,167.521134
1004.9411,6,167.531225
8775.306,38,167.535182
32.52597,3,167.538975
7337.3813,25,167.539017
7452.4067,43,167.541963
13337.982,38,167.544721
13783.005,44,167.547656
4160.059,14,167.556498
3366.7217,21,167.559722
91.69006,3,167.559758
2741.9534,11,167.55977
2119.0093,23,167.564705
12862.599,48,167.568459
790.80786,8,167.588779
13315.577,36,167.591896
2882.5781,13,167.598151
2224.1936,19,167.605704
13374.392,36,167.60901
9976.462,35,167.612781
284.85162,3,167.622465
13940.242,55,167.625963
11669.971,39,167.629289
9776.061,28,167.629328
13643.792,44,167.632452
2123.2124,10,167.632503
334.88477,2,167.63556
749.5454,3,167.635595
376.58572,2,167.638494
10955.225,32,167.63854
55.508774,3,167.64142
13.239098,2,167.641465
13080.972,37,167.65119
1876.3684,7,167.651247
8588.962,32,167.651264
149.33157,4,167.6542
14009.764,45,167.725709
7575.753,58,167.728585
13262.416,43,167.731615
7961.5967,38,167.771423
645.03156,4,167.771488
6114.2935,38,167.771505
1553.37,8,167.777064
13435.759,37,167.789063
13753.332,44,167.807892
362.1466,5,167.80795
11618.668,42,167.81098
11543.752,41,167.811023
11232.713,33,167.827113
1125.6709,37,167.839272
13230.077,42,167.839328
3813.4368,27,167.847041
1332.7202,4,167.857445
10925.099,35,167.860543
12408.122,49,167.871583
8937.631,30,167.882254
840.04236,5,167.882299
10937.55,39,167.882312
560.6442,2,167.887625
11870.056,37,167.887676
7806.193,26,167.893186
703.24457,2,167.893233
9671.35,39,167.896478
12416.587,36,167.901167
1328.9606,13,167.903908
7879.5244,43,167.911819
8615.586,51,167.911879
908.39264,5,167.914501
2306.2505,27,167.917594
13350.141,39,167.917643
485.45496,2,167.920242
587.5602,2,167.923231
10233.448,28,167.923268
3236.5388,31,167.928758
1105.8938,5,167.931739
13693.396,47,167.93179
833.3523,6,167.937225
731.2724,2,167.937266
5699.568,31,167.940383
11267.466,42,167.940424
1375.7622,5,167.94311
5747.5977,29,167.945735
7722.0312,44,167.970837
8994.544,30,167.970897
740.203,2,167.983402
13621.875,54,167.983458
13005.676,39,167.991665
6303.0884,64,167.991716
1735.2046,6,167.994462
13734.54,48,168.006032
11323.53,36,168.006087
3511.66,34,168.008911
9773.0,36,168.011606
13676.888,42,168.017663
285.23148,4,168.017714
10266.511,32,168.017732
15890.509,40,168.02385
248.6337,2,168.023909
10888.99,38,168.027302
5865.3765,30,168.035923
3552.9001,27,168.035987
618.2505,2,168.036009
5174.1914,36,168.04439
2982.6125,9,168.047334
2300.12,17,168.064806
193.99446,3,168.064842
12459.392,44,168.067946
13868.482,73,168.071716
2101.7087,8,168.071764
7560.691,36,168.071778
541.6758,2,168.071785
5573.6284,24,168.074433
423.43127,6,168.077014
13716.996,39,168.0802
854.4333,3,168.084158
12420.283,40,168.087298
918.8252,6,168.08734
4815.5146,20,168.092506
13372.221,49,168.096413
1005.1277,3,168.096483
13321.023,41,168.0965
346.51245,2,168.102726
892.84216,5,168.102777
8757.679,32,168.107713
454.59692,21,168.110525
474.88724,4,168.119243
3414.0962,15,168.122211
12030.206,36,168.124899
955.6636,3,168.128319
1079.5537,9,168.128366
1823.7546,15,168.131207
13475.573,36,168.13902
13267.969,37,168.13906
293.8407,5,168.139071
6147.2153,56,168.14217
541.6332,5,168.145279
13517.917,42,168.150421
407.35977,3,168.153061
12631.783,38,168.155697
-7.2196655,3,168.159765
10018.581,39,168.159833
637.83234,3,168.169902
7369.4316,21,168.169962
1549.0862,15,168.173673
6537.595,28,168.173727
2956.513,11,168.173743
12610.692,41,168.176555
2336.9517,34,168.17936
1187.9856,13,168.182057
10142.547,29,168.187554
629.0682,2,168.1876
1750.0565,6,168.191833
7782.661,38,168.191896
11010.516,31,168.191912
13951.634,43,168.200931
10410.869,41,168.206876
4388.962,18,168.217363
7432.008,31,168.22393
692.1372,5,168.224002
8915.731,47,168.227274
10583.776,38,168.24088
6663.8394,20,168.25894
13477.438,45,168.261732
9832.346,28,168.264697
13566.656,82,168.264726
7906.435,29,168.272083
658.67084,2,168.272138
5546.208,23,168.272154
883.13495,4,168.274886
6716.6104,17,168.277927
13405.308,42,168.277966
467.16162,3,168.281452
13323.885,47,168.281501
7433.907,26,168.281515
9002.942,29,168.288586
722.88367,3,168.291599
13012.728,37,168.296871
416.02618,5,168.29691
11843.694,38,168.308662
7138.312,46,168.31234
10821.084,42,168.312391
10639.896,45,168.312407
1566.0216,9,168.312413
1533.2893,11,168.315518
9912.72,28,168.318495
2196.478,9,168.318543
4705.2075,19,168.321223
340.72546,4,168.323848
7949.2812,34,168.326834
2054.905,9,168.326872
564.38574,4,168.337434
872.8286,3,168.337491
3410.6013,12,168.340397
8946.256,44,168.343107
11664.198,37,168.346363
699.6273,3,168.350629
469.10196,4,168.35069
13152.592,51,168.350708
1030.6824,7,168.354032
10998.703,43,168.35705
1196.0056,4,168.369375
612.1039,9,168.369441
6705.47,70,168.375795
9321.155,32,168.381345
5812.2256,35,168.384253
3992.9,28,168.387309
967.5028,8,168.393131
12501.977,37,168.396892
709.37067,7,168.396953
10278.946,37,168.411874
12589.416,40,168.41758
2294.948,22,168.432558
2597.0117,34,168.456903
13328.371,39,168.471843
480.39166,37,168.475013
12478.102,35,168.486207
11190.808,39,168.497315
13277.867,41,168.497383
13844.294,42,168.504449
4747.5312,18,168.504501
10873.116,43,168.50797
2554.2087,14,168.508001
10373.712,35,168.51746
-101.38574,2,168.517535
490.22327,3,168.517555
206.75418,2,168.521345
10054.886,33,168.524314
628.43115,2,168.524359
1469.9185,5,168.527529
1016.3386,5,168.531805
11209.526,37,168.531838
268.21796,3,168.531848
485.28592,3,168.542979
1036.3264,5,168.543031
10381.761,73,168.545983
3816.7634,14,168.555583
12377.326,32,168.555648
13836.333,43,168.558857
7337.6484,20,168.562373
13739.519,45,168.565931
792.7039,7,168.565963
12463.698,34,168.565973
11417.782,32,168.569
9432.589,38,168.571884
42.456482,3,168.574579
2084.3323,10,168.577252
1491.0708,10,168.592516
13636.898,48,168.595871
3508.1233,15,168.595934
306.70465,6,168.602154
13826.473,39,168.602197
4421.383,26,168.605154
847.5477,3,168.605212
441.37085,2,168.607781
581.16656,2,168.611313
426.72208,2,168.611362
4740.415,14,168.611377
5230.8613,23,168.622422
12070.523,39,168.622478
1820.9314,8,168.630364
6995.204,29,168.641897
2111.59,7,168.645654
13246.929,38,168.645701
1401.147,9,168.648829
6910.796,34,168.651916
5547.6387,32,168.65767
1285.2479,5,168.661486
12944.137,41,168.661542
1302.7888,17,168.661561
1539.4177,6,168.665083
631.9378,3,168.679139
942.62585,3,168.679187
581.4215,10,168.679201
1382.4891,15,168.679207
11981.796,38,168.681944
2359.4866,9,168.685559
6078.496,32,168.685638
14017.898,62,168.689314
12732.098,39,168.689369
436.45483,4,168.692365
1206.7307,5,168.711772
2705.7808,11,168.711817
1924.0522,23,168.714447
433.90787,2,168.726754
613.40295,2,168.726817
13221.852,37,168.729627
3206.3904,25,168.739987
9809.998,44,168.740044
6172.043,40,168.747332
2453.9707,26,168.750772
11343.725,51,168.750845
10216.382,36,168.753989
1294.7196,5,168.754039
1856.9792,7,168.759429
10306.676,51,168.759457
13560.917,50,168.759467
696.62006,2,168.765099
6338.741,23,168.765145
8427.731,30,168.769365
5974.2935,52,168.769409
-404.0808,2,168.772208
3210.6685,26,168.777593
3625.346,18,168.777639
733.3644,7,168.780463
6161.9683,19,168.790725
9820.944,29,168.790767
150.7156,2,168.79577
1998.0388,26,168.804625
-58.74164,40,168.808146
447.9246,7,168.808186
4141.5767,17,168.808199
598.15405,2,168.813403
8378.895,40,168.829934
13456.494,40,168.830006
13592.22,41,168.840988
60.226196,3,168.844094
10759.187,41,168.847292
8984.054,58,168.850777
5243.117,28,168.856244
3292.8013,17,168.86049
1135.7092,4,168.860545
3233.4602,12,168.86056
2231.8142,27,168.867146
437.9402,4,168.876911
12592.267,51,168.876975
2037.2994,10,168.880038
1080.0024,4,168.88008
5314.5312,27,168.897103
11502.936,34,168.907621
13676.57,39,168.911555
12644.378,41,168.91431
1961.2612,17,168.918686
9643.269,43,168.924425
4519.797,22,168.927516
10376.277,39,168.927565
13682.008,57,168.936023
273.0606,10,168.939098
63.663025,4,168.939146
1416.1516,9,168.94498
5858.2373,38,168.945028
7784.0894,35,168.947634
4793.9966,21,168.958732
2660.729,24,168.962287
1153.1912,9,168.962336
11439.2295,37,168.969115
819.1531,3,168.976471
1837.0907,19,168.979639
2209.687,9,168.979686
10831.523,51,168.979698
8778.179,31,168.985832
10595.488,43,168.988545
375.60226,5,168.991076
13247.27,37,168.993859
1013.7914,4,168.996604
7356.6206,51,169.009236
12440.261,62,169.012313
5834.901,37,169.012352
808.63904,6,169.015402
13358.396,43,169.018584
12963.647,71,169.03326
9355.856,29,169.033307
9214.967,27,169.036194
1253.1864,8,169.036236
1808.1555,25,169.039964
1296.4281,10,169.04001
7792.878,26,169.040024
11722.229,48,169.040031
3357.436,16,169.040036
12635.053,40,169.042821
3697.9644,20,169.042857
2385.725,31,169.051116
775.9906,4,169.051169
1072.7621,5,169.054077
10193.334,48,169.054116
1225.7058,6,169.059136
3068.478,15,169.059182
1234.1982,44,169.065018
321.38907,4,169.065053
348.197,2,169.077704
10005.569,42,169.084835
5463.6875,33,169.090702
7527.458,33,169.090775
13881.928,41,169.096404
5619.7666,33,169.113659
996.22705,9,169.113712
1529.7021,18,169.122667
789.42285,3,169.12272
13830.131,55,169.12886
1455.1792,35,169.128905
2106.2546,26,169.131789
6189.727,31,169.142781
4018.5247,17,169.14594
12437.484,43,169.149277
316.5398,2,169.149326
8496.61,34,169.149341
12873.885,47,169.152094
8896.068,34,169.154924
9802.994,38,169.160108
2353.3218,10,169.160145
3542.5667,30,169.16268
12509.996,39,169.165328
745.7022,4,169.170492
12714.533,38,169.175642
11753.91,38,169.175689
2741.7632,18,169.178533
2305.5637,9,169.178576
12589.114,38,169.18435
354.8996,3,169.184393
215.51407,2,169.189874
766.8992,3,169.192636
13635.822,47,169.192679
90.34308,3,169.197466
13805.861,46,169.217167
169.77272,2,169.222846
552.15845,7,169.222886
7778.693,37,169.222898
13878.7,47,169.228224
11702.36,34,169.228264
13812.171,44,169.231051
11779.096,47,169.240072
11123.966,39,169.244336
11838.075,39,169.24439
603.67206,3,169.244406
1015.98413,3,169.249056
1117.3818,6,169.249138
715.1535,2,169.253227
7163.1104,32,169.253271
10043.581,33,169.256356
743.0576,2,169.256405
11253.028,29,169.259054
11562.475,34,169.262674
8034.061,36,169.262771
703.80115,4,169.266852
12532.372,36,169.266893
421.84378,6,169.266904
975.5283,9,169.285415
4140.2993,24,169.288203
12480.808,35,169.291095
2690.0906,75,169.304777
861.93536,5,169.316163
6787.299,38,169.391029
7621.1426,34,169.40075
11019.797,40,169.40398
4.5247498,2,169.407096
799.1288,8,169.407146
277.0372,2,169.412864
1738.9167,18,169.412921
156.15488,2,169.412936
6285.366,22,169.41625
10386.656,44,169.416299
10654.225,51,169.416312
13561.227,46,169.419908
7842.3916,25,169.427226
354.0562,3,169.427272
7377.644,31,169.427286
1022.702,6,169.432498
1284.5818,5,169.440515
1933.4927,11,169.445585
7076.275,32,169.449405
6791.048,30,169.449479
10606.381,30,169.449498
9177.408,43,169.45628
1168.3267,3,169.459349
7293.5264,28,169.459391
7801.131,28,169.465118
11989.487,47,169.476362
637.97766,4,169.476404
11010.127,38,169.47934
10919.745,45,169.483171
9508.848,28,169.483235
10815.466,39,169.483248
-59.529907,2,169.48617
8163.6274,45,169.491255
3145.9873,13,169.494939
13740.01,47,169.49501
13602.462,38,169.495026
542.2143,4,169.498835
929.7227,13,169.498897
1299.9264,10,169.507805
505.18494,7,169.513569
1472.7504,27,169.517159
2479.4749,13,169.517205
5277.1855,26,169.520162
1455.0786,9,169.522834
-352.69623,2,169.530404
1511.321,11,169.530482
534.0393,7,169.530506
-3.9925995,3,169.530517
615.24207,6,169.541859
3562.8413,27,169.541936
3146.1658,12,169.545123
1800.919,6,169.545163
649.33856,2,169.548052
9754.171,36,169.5481
13670.279,43,169.553437
9914.183,41,169.55603
6835.9365,27,169.563707
12823.054,45,169.569338
13273.379,37,169.577156
11086.873,50,169.582138
1791.4578,16,169.590533
10445.108,39,169.590588
10992.606,40,169.593341
453.00198,2,169.596347
13871.042,52,169.596388
10390.944,37,169.599037
227.60397,3,169.601851
1295.6584,22,169.604721
683.0232,11,169.6074
6060.388,27,169.613084
13764.613,42,169.613128
6350.2983,38,169.613142
254.54562,5,169.619039
13864.453,44,169.619086
8781.623,31,169.624583
9678.822,32,169.627779
15831.811,42,169.627827
466.01886,9,169.62784
-245.1001,2,169.630793
8924.703,28,169.63084
1200.314,8,169.644166
3400.4336,27,169.646968
13594.93,43,169.655099
854.81946,3,169.655146
1577.4238,10,169.655158
1920.5641,8,169.658448
7278.41,19,169.658503
11307.14,37,169.658518
10911.114,39,169.658525
165.57317,2,169.661449
1706.3849,30,169.661495
835.59607,3,169.663997
312.59595,4,169.675272
12602.586,41,169.675361
1117.3529,4,169.68075
6261.1206,18,169.6808
13107.025,40,169.685499
5064.7485,21,169.68557
4731.787,13,169.685587
2215.7568,16,169.692204
6602.686,21,169.692252
793.76105,6,169.694916
508.50305,10,169.697681
427.0946,2,169.707901
1665.8165,19,169.710611
12987.872,37,169.726928
12789.274,56,169.726978
1917.1592,9,169.729783
13532.681,42,169.732435
8207.37,38,169.738098
13853.622,39,169.73814
1196.6272,14,169.738152
314.86362,3,169.740728
3214.266,14,169.747983
8363.357,33,169.751887
4717.1323,22,169.751935
7998.2935,26,169.754618
1698.4426,29,169.762583
1886.7976,9,169.762647
13534.585,44,169.772896
8020.7246,28,169.776025
1126.4045,10,169.779493
585.9453,2,169.782482
303.03326,4,169.785313
6200.072,37,169.787952
319.79416,4,169.790849
10222.565,45,169.793617
10604.572,42,169.798596
1044.909,4,169.801857
13048.435,37,169.801893
13484.654,41,169.801906
146.60168,10,169.813745
10486.633,44,169.818265
2518.6792,13,169.818328
1161.135,8,169.823814
1540.6876,9,169.823865
748.0642,2,169.829224
13135.467,42,169.829264
7029.175,49,169.837755
5986.876,38,169.837822
9979.37,36,169.852926
273.48544,2,169.852988
13880.472,40,169.853004
10670.764,32,169.856118
11527.676,40,169.856157
2016.674,8,169.86819
1028.9727,8,169.879105
3983.8623,25,169.882271
6599.2065,28,169.882317
6152.056,44,169.882329
11416.731,42,169.886103
13387.258,46,169.886161
6147.5654,56,169.892005
5569.0586,25,169.892057
816.1886,3,169.894727
7632.022,43,169.9032
11588.259,64,169.903246
8350.952,30,169.905869
10310.49,49,169.910634
1126.3679,12,169.915459
8136.4004,26,169.923787
744.96533,4,169.928647
10313.155,35,169.935464
579.51953,3,169.938318
4330.2036,20,169.943542
561.93536,7,169.94359
8421.198,38,169.946744
1963.5153,31,169.950347
579.8384,6,169.95371
524.2449,3,169.956998
10009.621,35,169.960283
320.19852,2,169.960322
410.0808,5,169.960334
13447.777,63,169.963829
12221.706,36,169.963903
7195.3984,28,169.967144
6208.3413,26,169.970277
12764.208,43,169.970328
977.4291,3,169.974137
233.57162,2,169.974184
7054.979,26,169.9742
351.18066,2,169.977614
5140.3975,22,169.980371
11432.976,50,169.994286
13309.2,35,169.994358
9287.323,27,169.994376
119.13757,5,169.998092
13689.165,43,169.998152
556.5774,3,170.007118
836.2871,7,170.007178
11698.674,32,170.012174
2591.0923,14,170.014759
517.8082,4,170.017447
13895.499,47,170.022637
807.11676,3,170.025819
7113.702,39,170.029014
2183.6223,12,170.032009
13697.703,48,170.035496
8484.635,29,170.035552
4411.305,15,170.039036
677.58594,3,170.039093
-151.73343,3,170.044337
11011.719,29,170.047147
740.92847,4,170.058798
1352.6282,24,170.061879
12890.495,66,170.061921
1145.3209,10,170.064516
732.88684,2,170.068696
7995.0186,34,170.077291
6621.3687,34,170.080185
5900.394,58,170.084507
13824.5205,40,170.084564
959.7822,9,170.084578
13173.23,37,170.091143
6195.3296,34,170.093982
541.7979,2,170.096921
12490.369,39,170.09696
11342.17,37,170.100927
6093.095,35,170.104927
269.54526,2,170.109064
10948.569,35,170.119186
1657.63,13,170.119248
3189.3835,22,170.119265
1818.0022,16,170.123571
518.32117,2,170.123622
1771.7516,6,170.123635
3176.0857,14,170.135043
2032.8945,7,170.141572
508.05884,2,170.141636
4762.119,24,170.144742
13810.161,40,170.147906
12500.909,45,170.151386
1672.0227,18,170.151428
10388.24,39,170.154145
617.4492,5,170.161063
12537.555,40,170.163726
779.68805,3,170.169335
10265.604,35,170.169379
8583.82,46,170.169391
2517.6626,11,170.17211
767.7936,9,170.174979
770.35077,5,170.178179
9216.919,41,170.17822
8450.19,34,170.191146
1330.4152,7,170.199917
13446.613,47,170.199981
4210.5806,26,170.199997
8745.421,35,170.200005
2893.5994,11,170.202849
8725.533,31,170.205914
2950.3794,13,170.208834
313.6942,2,170.215616
624.7721,4,170.215706
9926.693,36,170.215727
314.13147,3,170.21574
620.2868,3,170.22536
10526.09,34,170.225407
12908.997,35,170.225418
9253.212,28,170.228252
13771.883,50,170.228294
11926.382,37,170.231119
1570.3861,10,170.231157
3876.5781,28,170.241702
10618.216,33,170.244694
1317.061,5,170.244742
11691.611,40,170.247513
3111.222,45,170.24756
7508.596,53,170.265894
7895.7793,30,170.276883
2391.9087,7,170.280083
12885.739,34,170.289862
7783.008,26,170.292835
8557.306,34,170.292877
12833.4375,34,170.295457
672.35156,2,170.298512
8966.602,28,170.29856
15.297028,3,170.306716
12302.91,35,170.316096
104.344055,31,170.319084
1560.5715,15,170.319127
1204.219,29,170.32302
2432.5957,9,170.323083
691.5746,2,170.323098
11858.474,55,170.333653
9543.688,30,170.336765
4063.7356,27,170.344298
616.8876,2,170.348194
6179.136,21,170.348268
10647.39,37,170.354026
932.04596,5,170.354083
5544.8696,28,170.354099
797.6998,8,170.359699
174.59937,4,170.362659
2057.2095,8,170.362707
1180.1571,4,170.365281
10602.545,42,170.374799
7805.025,35,170.374866
681.103,2,170.374882
1210.5804,4,170.377789
1046.0686,4,170.381746
3036.4412,11,170.381849
2126.5876,8,170.381865
6657.5044,18,170.381871
11399.149,41,170.381877
11595.334,53,170.385746
643.9637,2,170.3888
1399.7135,11,170.38885
646.6815,2,170.402659
394.67688,3,170.402743
488.31412,4,170.40276
2326.0444,27,170.406307
10599.715,36,170.409997
13524.35,44,170.41006
12426.919,42,170.413511
1135.3651,6,170.413568
1316.2397,7,170.416183
1731.4929,10,170.418914
183.19739,4,170.423683
13819.77,50,170.426608
1286.3025,9,170.430144
1160.7761,6,170.43402
4570.2397,17,170.440309
622.5376,4,170.443643
1520.8062,13,170.458063
12447.124,41,170.461091
3076.9778,24,170.475052
12598.054,49,170.478607
7624.8853,32,170.478659
5353.564,28,170.482031
3650.3196,22,170.486217
1108.4556,3,170.493184
871.66046,4,170.493245
4951.6343,28,170.498921
7771.862,28,170.498979
13565.891,45,170.502669
5737.1494,26,170.502724
1662.2705,8,170.50613
13593.147,45,170.506175
5775.2114,33,170.511508
1798.529,25,170.514694
6214.0244,26,170.514743
1240.8243,4,170.514756
13624.462,35,170.52374
1651.3188,8,170.529213
7635.283,34,170.538757
126.8396,3,170.538826
10157.222,39,170.543087
1514.3265,12,170.543134
13702.691,50,170.543146
13226.214,50,170.554693
1861.4033,14,170.554789
614.7584,4,170.554803
12326.9795,34,170.569891
1001.86255,7,170.569952
12962.224,37,170.573208
707.03577,3,170.579464
12430.158,34,170.579531
337.729,4,170.582686
2180.1536,8,170.588641
13863.603,95,170.588696
6160.329,19,170.59152
7163.5566,28,170.594187
11759.674,39,170.5969
493.49512,4,170.602595
7942.153,30,170.608469
13674.863,35,170.60852
8267.653,19,170.608537
4243.851,26,170.608544
11791.2705,39,170.611972
595.1337,9,170.616082
1822.4646,6,170.641346
1620.9675,5,170.641392
6481.6836,26,170.64412
1350.7051,4,170.655457
12209.937,45,170.658165
1541.9587,26,170.663034
11318.943,42,170.674435
6033.491,28,170.680414
1090.2949,64,170.680464
10219.207,34,170.683406
7904.442,50,170.688959
13692.658,49,170.694497
6622.827,18,170.697891
806.1867,6,170.706958
14010.116,52,170.707012
7795.4146,27,170.712434
9487.998,28,170.715536
7341.963,38,170.715595
13707.72,43,170.715608
256.42786,4,170.718857
8129.2734,34,170.718905
12449.486,39,170.722195
2093.698,34,170.722235
11236.778,37,170.722246
8710.045,32,170.722251
2577.5298,11,170.727645
6308.35,52,170.727685
982.298,4,170.731238
349.06467,3,170.731286
1167.2572,3,170.731307
12596.842,33,170.737
422.68726,2,170.737052
-44.483765,3,170.740495
603.9809,6,170.740552
4449.7505,18,170.740566
266.63763,2,170.743438
2591.802,9,170.743484
482.8483,2,170.746053
581.8906,3,170.748582
577.5417,2,170.752525
13467.572,34,170.752573
10462.46,42,170.75805
5475.624,32,170.760922
445.74976,2,170.763649
3926.0408,25,170.778655
3156.9292,16,170.791453
779.1047,6,170.794508
13655.304,40,170.794558
4900.6973,28,170.799612
8929.726,40,170.799665
12019.63,33,170.803129
647.5835,2,170.806453
91.091705,4,170.806511
7838.168,31,170.872401
9642.379,42,170.872543
8659.035,34,170.875699
1618.072,9,170.881611
13165.042,51,170.881679
703.2968,4,170.895949
5664.9976,25,170.896013
6573.9526,28,170.90345
11556.55,38,170.908923
8668.268,37,170.908964
13700.873,41,170.911697
1292.8538,14,170.926621
10520.236,38,170.926687
10436.034,50,170.930411
13971.787,43,170.930485
8478.629,32,170.930502
2090.9844,10,170.93051
9595.159,37,170.934233
1117.0137,6,170.934285
87.492905,2,170.9343
509.45383,2,170.934307
758.607,3,170.941989
289.2953,4,170.94559
7748.9873,45,170.945638
11709.543,43,170.945651
1279.8566,6,170.948775
155.86603,11,170.948829
506.07443,2,170.948842
5308.1465,26,170.951585
8037.0107,56,170.956629
384.3075,3,170.956675
11042.099,41,170.959462
1864.9741,22,170.96923
321.96744,2,170.975001
8406.4795,31,170.975064
2129.481,8,170.979302
9290.988,31,170.982948
7881.031,29,170.988396
5424.873,29,170.988472
8912.506,37,170.994522
1985.7288,12,171.00876
13600.497,45,171.011951
1204.12,10,171.014705
13421.751,47,171.030191
2012.2976,25,171.034008
6589.4263,33,171.039516
10193.031,34,171.042336
673.6695,35,171.045924
8296.906,30,171.045983
13262.927,40,171.048729
4225.933,18,171.052146
12629.151,45,171.055971
18.891113,7,171.056017
10645.188,33,171.056031
322.84604,2,171.059334
13808.338,38,171.059371
7841.9043,26,171.065154
6220.965,20,171.074455
11457.096,42,171.077533
105.46962,3,171.087612
11658.261,38,171.087667
10921.46,36,171.090812
7255.6846,30,171.093983
1130.2423,7,171.094023
8219.065,31,171.100021
11674.295,43,171.10007
