#{"t_start": 1763713037.7761369, "env_id": "None"}
r,l,t
-1101.5343,2,0.764377
-1063.4717,3,0.780844
-1006.0429,3,0.78094
-1131.4738,3,0.780957
-1008.5125,3,0.780962
-926.8711,4,0.793623
-1061.0092,4,0.793677
-1559.8582,6,0.830579
-736.26416,6,0.830631
-1067.8802,3,0.830641
-1383.4951,7,0.845819
-2335.8474,8,0.860355
-1108.2456,5,0.860474
-1991.3651,11,0.907409
-833.4248,5,0.907488
-862.3737,4,0.929231
-1709.4269,12,0.929287
-970.5028,6,0.943059
-1161.6002,9,0.943101
-1027.273,2,0.971516
-1004.57184,2,0.98672
-2278.9697,11,0.986811
-1101.1569,4,0.986829
-1637.411,12,0.986837
-1489.6177,4,1.000122
-1056.6919,2,1.017095
-1045.471,17,1.01717
-1032.0894,5,1.055814
-1747.394,20,1.080135
-1088.2893,5,1.080211
-1808.0415,11,1.119543
-1185.5388,4,1.13726
-911.8684,4,1.150753
-3730.1284,8,1.167937
-1037.2433,2,1.185075
-1465.9729,27,1.198439
-1682.9539,14,1.198504
101.06909,27,1.228973
-1608.5571,15,1.252111
-3246.5295,27,1.25216
-1138.4045,3,1.252171
-1215.5831,9,1.271563
-1917.294,7,1.286898
-547.3099,16,1.286939
-2483.5488,32,1.28695
-2898.685,25,1.313614
-1138.9373,7,1.346541
151.39087,35,1.362141
-401.15686,16,1.376716
-1372.2676,4,1.409187
-2190.4333,7,1.437967
-2126.2573,9,1.438027
-1587.7687,5,1.48372
-2902.941,19,1.508067
-873.6153,4,1.508107
-1269.7972,12,1.534118
-1521.4647,10,1.548177
-2614.3906,19,1.548279
-1657.1721,47,1.583817
-1192.5593,18,1.5839
-1212.9401,41,1.583917
-1814.2128,48,1.603018
-822.5386,32,1.619235
-1250.7496,4,1.648451
-1954.9744,22,1.665118
-1444.067,7,1.665529
-717.50037,20,1.691525
-1603.7838,5,1.70932
-1934.8804,15,1.70939
-1095.7393,4,1.722787
106.02838,49,1.722874
-1125.9215,8,1.738658
-1092.4163,3,1.754426
-1188.6204,16,1.76745
-1047.9949,6,1.767758
-1698.7148,5,1.78378
-953.7395,5,1.804969
2982.2173,60,1.805055
-999.7589,46,1.819447
-1401.9398,9,1.819534
-1163.383,6,1.819552
-3314.9365,62,1.837903
-1011.23505,2,1.838039
-3949.8506,19,1.853222
-1137.2975,3,1.86895
-1019.16406,4,1.869035
-3232.9146,34,1.869052
-4988.492,26,1.91228
-1096.0336,10,1.912376
-1374.6296,5,1.912396
638.75586,67,1.912403
-1066.8162,4,1.927659
117.45166,36,1.927726
-424.39178,26,1.927741
-1078.3029,2,1.944986
-1020.5638,2,1.945084
-827.9613,11,1.945126
-1450.6857,9,1.983604
-1037.4375,2,1.98369
-2255.6948,27,2.004897
-1218.5338,8,2.004982
-1057.9907,5,2.004997
563.57245,27,2.035881
-955.87915,3,2.035976
-1076.0895,3,2.059521
-1395.802,4,2.059572
734.70593,44,2.059584
-1875.198,7,2.059592
-1265.4207,76,2.085533
-1099.259,5,2.106871
-946.2613,5,2.145939
-1401.8579,3,2.146042
-903.5635,4,2.146059
-1039.4199,2,2.146064
-885.7383,40,2.146069
-1509.1869,7,2.185597
-964.32556,14,2.206001
-680.4334,24,2.206053
-1036.0068,37,2.233806
-2771.76,20,2.233886
-1713.406,17,2.280222
-1069.9789,12,2.304199
-917.32526,4,2.304266
-293.61127,28,2.334838
-3533.1897,21,2.334906
-1971.2,11,2.35103
-1020.6984,2,2.370115
-57.54181,26,2.404772
-112.066895,27,2.440898
-1163.5872,17,2.459703
-2576.293,13,2.487195
-2094.3328,8,2.487269
-479.03772,18,2.487287
-687.7069,11,2.487294
-1173.5779,6,2.4873
720.75073,40,2.505687
-2222.8257,23,2.505753
-1059.2991,2,2.524062
-1489.4016,4,2.549404
-1744.2887,4,2.572303
-1358.727,19,2.594464
-929.3457,45,2.666718
-1080.6382,21,2.666829
-967.61597,30,2.691342
-1270.0923,15,2.719659
-1140.7244,3,2.719729
-2919.611,15,2.76036
-2655.341,5,2.785597
-2189.0273,4,2.806505
-1135.8322,12,2.806582
-1267.7571,5,2.819966
-1201.6111,20,2.843198
-3735.7327,56,2.843276
2053.8232,65,2.864688
-1047.8698,5,2.899811
-2070.404,33,2.95003
841.75806,52,2.967082
-1016.8197,27,2.967138
-2200.4956,26,2.991385
98.45618,43,2.991474
-1083.9803,3,3.014095
-766.29144,26,3.039215
-1403.7649,9,3.039287
-1076.9828,2,3.039303
-1085.2234,2,3.057107
240.42108,35,3.057189
-1047.8301,2,3.092008
-1115.0082,6,3.110864
-1023.2305,2,3.110934
-966.10693,3,3.127294
-1703.4613,5,3.158121
-1177.4961,17,3.158181
-1510.3911,39,3.190032
-1597.2081,34,3.240206
-832.2761,6,3.271862
-1067.3888,2,3.271962
-3131.9407,14,3.299498
-2554.582,52,3.299603
-1059.509,2,3.321949
-1021.74695,2,3.322013
-1249.5956,67,3.337696
-1105.0796,3,3.351744
-2684.1047,27,3.390063
-963.0511,2,3.390109
-1306.0604,14,3.39012
-1122.1561,4,3.390127
-2306.6099,32,3.437163
-984.72925,2,3.437292
-942.0171,6,3.43731
-1079.4578,8,3.452802
-1106.0039,3,3.491957
-623.09717,15,3.492007
-2170.2065,30,3.515196
-69.22095,35,3.533685
-1045.5499,8,3.550286
-1047.6604,3,3.55035
-1364.9679,8,3.585458
-1805.0088,10,3.585518
-1390.5947,8,3.60334
-1105.9783,3,3.603416
-1074.7675,5,3.637608
-1086.4325,14,3.653789
877.2721,29,3.67018
326.00665,77,3.69642
-661.73505,63,3.69652
-748.53253,30,3.711714
-1574.0475,15,3.711771
-1468.2638,7,3.711785
-232.91943,106,3.73874
-1339.5946,7,3.738824
372.29584,31,3.758304
-1051.7151,2,3.758362
-854.6523,23,3.773949
1011.6421,49,3.810436
-1449.8302,3,3.832648
-1220.4104,4,3.832744
-2089.8857,8,3.845864
-643.9469,39,3.845938
-1913.3079,19,3.845954
272.08154,90,3.874114
-1688.3118,12,3.874197
-1001.4147,2,3.888585
-1252.1527,10,3.91235
-1124.1992,4,3.912429
-1039.7399,2,3.92684
-1652.9978,11,3.942844
10.59082,49,3.942925
-1010.0631,2,3.942949
-479.1098,22,3.942955
-1488.0574,11,3.958326
-1045.366,2,3.975831
-743.97766,4,3.976202
1553.038,67,3.976236
2116.1216,50,4.011357
-918.6366,27,4.074336
-1205.4276,7,4.074398
-1227.6406,7,4.090679
-1109.9731,21,4.103024
-2051.5671,30,4.128149
-2465.644,5,4.151683
-3805.809,14,4.166784
-257.86145,28,4.182855
-790.3875,33,4.227429
-4571.287,25,4.227515
-4462.2046,17,4.241958
-1028.7188,2,4.257122
-675.6112,24,4.257236
-1524.6039,13,4.292089
-1348.8788,15,4.313149
204.82697,29,4.339803
-1367.6853,10,4.353009
-1191.054,25,4.353096
-1843.5996,13,4.353115
-1651.5247,24,4.372543
-925.1977,3,4.372602
-1253.8655,41,4.387643
-1053.7606,2,4.412327
-308.17566,89,4.433376
-1828.1926,33,4.433436
-922.3772,53,4.447764
-1952.0413,32,4.467478
-907.3685,4,4.467565
-403.60175,22,4.496045
-2645.7852,13,4.496117
-1826.738,32,4.49613
-1663.0669,11,4.510297
-1919.5382,46,4.527191
-1068.0399,3,4.527248
-1418.0176,3,4.543394
-1789.6174,10,4.543546
-1454.2897,7,4.579927
-1655.646,6,4.579994
-1161.3032,8,4.580011
-902.5056,6,4.599078
-62.94812,44,4.599163
-312.76135,20,4.617909
-2133.339,47,4.632078
-1141.8378,4,4.663569
-1056.3818,2,4.663615
-1047.6895,6,4.677035
-1078.9966,42,4.704477
-1564.5758,4,4.728936
65.680115,29,4.729066
-1075.8824,12,4.72908
-1077.3226,5,4.752313
217.31201,25,4.781618
-1053.9152,4,4.802157
-1511.8042,35,4.860509
-984.2298,5,4.860589
-1846.0762,18,4.88441
-370.36957,28,4.884478
-86.03052,25,4.901556
-1049.9584,3,4.915713
-1032.3655,11,4.915796
-1538.6465,20,4.915813
-975.69214,2,4.932469
1206.0442,45,4.932681
-1539.2222,4,4.932709
-1104.8573,3,4.967109
-774.59796,36,4.967164
-1642.8137,15,4.967178
-2165.7944,12,4.991557
-970.0516,51,5.00696
-1035.6401,5,5.007457
-2888.121,31,5.024691
-824.3221,31,5.037692
-1606.1129,9,5.054826
-1843.0879,39,5.070884
-2186.607,25,5.083543
-1235.6206,8,5.083641
-1978.5371,9,5.101581
-2633.0413,41,5.101672
846.80273,45,5.121018
-1830.8354,32,5.121092
-1447.386,15,5.121107
-1326.6455,5,5.135661
-998.25323,14,5.156932
-1458.5767,4,5.157009
-1058.3956,3,5.157025
280.51276,26,5.172294
-1091.591,3,5.187669
-1401.746,10,5.187736
-2801.524,36,5.204695
-704.8696,29,5.204781
-1693.4601,7,5.204813
-1445.7085,5,5.204826
-1547.0793,5,5.204835
-1194.1512,43,5.221018
-1000.33026,2,5.221091
-1127.403,9,5.221121
-971.7519,2,5.241374
-1018.58777,2,5.241437
-3447.6804,7,5.241454
-1128.7219,6,5.283961
-1073.063,2,5.284032
-3141.6982,17,5.303446
-1248.6996,4,5.303514
-357.07227,17,5.303531
-912.24524,3,5.334295
-1493.2606,3,5.354461
-1105.5785,4,5.354582
-1769.6611,10,5.367229
-1562.9088,27,5.367337
-2083.2808,9,5.383041
-1036.4668,6,5.400201
-1054.2281,15,5.411735
-974.0369,3,5.411789
-571.48676,36,5.480819
-2651.8289,17,5.518512
-1998.1235,70,5.518595
-1071.624,15,5.551741
-1997.9963,9,5.56518
-3274.5469,24,5.565244
-3096.9038,34,5.61068
-1075.1921,42,5.625937
-1620.7289,25,5.62603
-849.67755,15,5.644633
-1042.386,3,5.689039
-448.80872,27,5.689112
-1751.9768,9,5.720708
-1378.8569,31,5.735332
-2722.5889,37,5.735446
-1170.1403,46,5.735464
-448.52112,30,5.750607
-1075.7197,2,5.750691
-1075.1772,25,5.776375
-1080.71,4,5.776497
-620.5807,38,5.806309
-1877.6162,19,5.806416
-368.32922,25,5.806431
-3313.5984,30,5.843693
-917.355,4,5.843771
-1899.898,37,5.843806
-2576.198,15,5.88994
-1031.1731,4,5.912886
-535.29553,24,5.926029
-1572.0724,11,5.926099
-2125.3953,10,5.946088
-2035.0719,9,5.960467
-1263.6674,14,5.986997
-986.0066,25,5.987047
-1468.448,5,5.987057
-2751.9653,10,5.987064
-2078.3665,16,5.987069
-1075.329,3,5.987074
-1342.1375,11,6.010133
-1047.904,2,6.024654
-1215.761,39,6.024734
-1150.5962,3,6.04473
-1467.104,3,6.044817
-986.80927,2,6.044842
-897.25397,24,6.061129
-365.88855,40,6.061189
-974.0332,6,6.101233
-1141.3785,4,6.120002
-1519.7069,5,6.120102
-1074.7073,10,6.12012
-908.1488,66,6.135968
-1062.1416,2,6.136067
388.6656,29,6.136084
-973.7979,2,6.151473
-1063.7175,7,6.164438
-1098.3285,2,6.164541
-676.032,19,6.183483
-1910.6658,15,6.183592
-960.4136,4,6.241268
-1942.9467,8,6.257512
-1620.8904,16,6.257615
-913.87787,25,6.282384
-1597.9648,11,6.295284
518.5299,43,6.322403
-1630.6611,9,6.323077
-923.2378,3,6.323117
-849.9263,4,6.341153
-1412.4258,3,6.369262
-2546.13,23,6.387151
-3923.4,56,6.387258
-938.57477,36,6.387276
-1836.4341,6,6.40294
-3389.0867,38,6.403044
-1041.0061,5,6.403065
-1060.9224,2,6.430859
-305.3827,25,6.466692
-2127.6113,30,6.466779
-877.5299,5,6.466796
-1874.685,55,6.466801
-1062.3317,2,6.502473
-918.6233,23,6.502548
-738.1482,31,6.502581
-1519.2699,10,6.502589
-1077.7327,3,6.516229
388.2926,28,6.541226
-1494.3682,11,6.60621
-831.26587,25,6.627589
-1089.2057,13,6.627655
-1222.7864,10,6.661493
-1040.4496,3,6.661574
-1035.2449,2,6.661592
-670.53076,37,6.67939
-1744.207,9,6.679546
-2237.3809,9,6.679561
-1271.9984,13,6.679567
-1043.3882,2,6.698251
-1060.1876,2,6.698323
180.97223,26,6.713186
-1197.4374,7,6.749514
-995.25134,5,6.775434
-989.837,6,6.775509
-615.1876,24,6.835679
-1520.3096,18,6.861802
-1112.1671,30,6.876194
-1520.8728,9,6.876286
-1055.8795,2,6.876306
-2243.4316,11,6.89469
-3222.228,18,6.894773
-1648.2734,9,6.933949
-1446.8927,8,7.002709
-1805.073,8,7.029714
-2144.308,11,7.065419
-1649.4688,11,7.0655
-2030.5842,32,7.065525
-996.7593,3,7.065533
-1922.0085,22,7.088725
-238.54352,30,7.088805
-1031.9003,2,7.111826
-1476.8707,54,7.111893
-1054.5392,2,7.111912
-435.9569,23,7.128159
-2308.7368,21,7.155829
-8198.636,42,7.180082
-887.6542,5,7.205305
-1271.012,63,7.205371
-117.30859,29,7.223426
-969.65314,6,7.223489
-2464.583,24,7.223505
-974.36633,9,7.237398
-1006.5369,6,7.237566
1429.5527,83,7.266481
-1425.7046,3,7.266581
-725.7339,20,7.266599
-1427.4775,8,7.266605
-992.8083,2,7.266626
1422.5681,61,7.281124
-4386.5986,49,7.281183
-899.926,24,7.302777
-2008.8035,5,7.302849
-582.84485,43,7.31576
-1420.4121,3,7.337821
-1368.6417,6,7.380184
-1772.5544,6,7.380281
-1005.3661,2,7.380301
-1813.4894,8,7.380307
-929.95276,5,7.380312
-2123.6433,16,7.399647
-1740.1946,12,7.412417
-2843.853,19,7.43295
-234.93866,28,7.447556
-908.7604,4,7.447649
-2687.7795,11,7.475599
1766.1101,40,7.475668
-1655.4297,15,7.523129
-1721.7385,11,7.5232
-1760.6484,12,7.548799
-1239.5792,9,7.576149
-832.43445,5,7.576232
-945.4774,6,7.57625
-1056.1776,2,7.614882
-1084.0002,2,7.649966
-4404.3506,21,7.675064
-1698.8328,10,7.675161
-1209.112,13,7.689565
-1377.6797,3,7.733409
-825.44446,24,7.755141
-2976.9702,9,7.755237
-89.454834,26,7.776103
-2489.1665,14,7.776187
-2653.9995,31,7.80261
-572.5682,35,7.802708
-1219.9902,21,7.8253
-1034.0854,2,7.825374
-2479.6733,14,7.825387
-1398.3224,9,7.854797
-1184.662,5,7.85489
-1906.827,5,7.880728
-1048.4683,2,7.88084
-1120.4739,16,7.880857
-750.54816,24,7.896965
-2488.5073,4,7.915527
-1509.2216,24,7.915659
-815.3678,6,7.915678
-443.9386,85,7.940068
-1008.04614,5,7.974088
-1112.2427,4,8.002603
-1028.6259,4,8.002687
-1165.7747,29,8.002707
-2690.3418,8,8.002717
-959.06274,3,8.002723
-1231.2656,8,8.019464
141.33923,34,8.044092
-2163.4993,11,8.04417
-1034.0972,2,8.062384
-2004.002,18,8.083271
-1969.4333,9,8.099019
-1080.4163,12,8.099063
-910.0831,5,8.099074
-2976.8833,13,8.13448
-2322.5598,31,8.134547
-1015.80676,3,8.151491
-1947.3217,5,8.151568
-2111.7517,43,8.151597
-806.6712,15,8.170146
-789.51776,15,8.241495
-718.3565,19,8.24156
-936.7497,6,8.241577
-1916.177,12,8.241583
-1855.1715,5,8.241588
-2268.497,15,8.258212
-1011.0929,2,8.27295
-766.94855,32,8.293452
-2477.8022,13,8.293518
-2576.6685,11,8.437198
-159.56793,40,8.437305
-1805.2856,21,8.466193
-5268.6143,30,8.466268
-1099.6001,22,8.485631
23.508545,15,8.501743
-16.527893,119,8.501842
-1027.9775,4,8.535587
-949.75836,2,8.535693
-2063.732,12,8.549896
-1244.2549,13,8.562456
-920.02795,3,8.578721
-1229.6515,9,8.578808
-167.94543,29,8.604559
-1745.8313,14,8.604625
-1761.4202,10,8.637702
-2742.7266,27,8.65168
-2535.1018,19,8.667131
-1572.8037,18,8.684088
-939.7647,4,8.728569
-1233.4473,20,8.728686
-1394.8408,10,8.728721
-1032.5316,2,8.768788
-1212.4678,11,8.76891
-917.7043,21,8.785575
-1313.9099,11,8.785687
-1982.1133,13,8.820277
-1181.1597,53,8.820347
-1937.7404,7,8.853784
-1068.9856,27,8.854001
-1380.0957,37,8.854033
-1033.6152,2,8.854043
-3927.062,20,8.877066
-515.8965,23,8.899052
-838.81775,6,8.899108
-2136.2378,41,8.899122
-1473.8625,17,8.929129
-1026.5255,2,8.92919
-177.10297,37,8.977451
-1159.315,8,9.01963
-1425.6904,7,9.019723
-1423.7762,9,9.019742
-530.0228,26,9.033148
-2479.6956,28,9.033237
-1371.0123,13,9.093368
-1541.4636,5,9.106303
-1085.8707,6,9.122771
-1521.1542,13,9.156234
-814.42896,4,9.156313
-1637.3834,17,9.15633
762.4198,60,9.173903
-1059.4552,2,9.18861
-1400.279,5,9.233094
-1120.5854,5,9.233182
-1783.405,8,9.233197
-1044.8099,4,9.25622
-2139.2617,33,9.256322
-1931.2354,7,9.293893
-4306.425,18,9.293958
-1098.7224,15,9.293973
-978.3468,2,9.293981
-1022.50793,30,9.308819
-1209.7521,5,9.325741
193.94836,66,9.361979
-3404.8708,126,9.462106
-1596.7605,20,9.462179
-1567.8545,37,9.462195
-2135.1777,58,9.476767
-912.38605,14,9.476855
-1240.4127,34,9.476872
-309.0523,38,9.508208
-856.70184,50,9.508352
-852.6832,13,9.508377
-77.48804,103,9.522172
-3650.6729,17,9.536416
-2131.5103,5,9.536479
-2346.7532,5,9.549582
-1313.4208,15,9.56775
-2792.1226,47,9.567818
608.33093,49,9.602295
-1153.7361,4,9.602382
-1388.7893,7,9.614059
-3462.2964,20,9.614141
-3626.4211,38,9.650931
-1307.3508,11,9.651017
-2654.1172,13,9.663723
-1058.7296,3,9.663794
-1455.5828,9,9.663812
-1160.9667,56,9.67819
-1040.8937,8,9.691078
-3727.4497,26,9.705426
-1533.707,17,9.717964
-993.2947,12,9.718029
-1064.5631,5,9.718046
-2323.1567,15,9.729255
-981.3248,6,9.742782
-1030.5901,2,9.758052
-2349.727,12,9.785311
-1983.7961,12,9.785397
-1806.5232,8,9.799373
-1772.6177,7,9.832406
-3310.255,11,9.886473
-1158.5559,7,9.886579
-3392.595,37,9.8866
140.65515,59,9.921321
-1074.065,6,9.921393
-1079.3319,5,9.943398
-834.3557,10,9.943456
-2524.338,23,9.943486
-1371.1836,16,9.971104
-1754.1074,15,9.98589
368.0492,59,10.022618
-2910.364,32,10.050013
-2075.831,28,10.050117
-956.58203,4,10.101719
-1713.7537,26,10.101829
177.6571,38,10.119679
-1636.4629,12,10.119786
-1429.7816,5,10.135652
-2395.8892,12,10.150633
-2358.1213,10,10.150717
-2485.4373,12,10.150731
-1857.7034,26,10.194591
-1052.3865,2,10.194693
-1421.8724,16,10.194712
-2847.7751,33,10.194718
-2695.7048,4,10.215962
-1166.5913,3,10.256259
-1051.2242,3,10.256334
-856.59106,14,10.256364
-1194.8591,6,10.279288
-1309.044,19,10.30643
-4879.7812,61,10.306511
-915.78186,21,10.322654
-1372.0105,5,10.357023
-2858.946,11,10.37092
-1961.9963,60,10.403547
-1392.7728,6,10.403608
-1920.7358,11,10.403637
-1041.434,2,10.403642
-2676.2993,10,10.432397
-1694.0477,18,10.432456
-802.3909,6,10.454691
-1153.4457,3,10.45475
1311.7451,67,10.470036
-1037.5059,2,10.47015
-1039.0803,2,10.470169
-1155.1154,46,10.493565
-716.9133,17,10.520523
-1332.3057,16,10.520648
-1574.2211,6,10.520667
-1473.547,3,10.54131
-964.5895,22,10.541456
-1035.0012,2,10.557007
-1515.9102,41,10.557058
-1992.1353,16,10.591756
-1786.6489,6,10.621588
670.4856,40,10.648787
-2033.4917,6,10.672255
-2007.1782,21,10.672324
-1823.642,6,10.672341
-2574.4714,58,10.723767
-1357.7458,32,10.723984
-538.39636,18,10.740782
-2376.561,6,10.74088
-1244.0122,24,10.760006
-1051.8158,2,10.771771
-1122.161,7,10.771847
-798.9958,18,10.791091
-1104.2865,8,10.806489
-364.23853,23,10.825894
-1129.5189,3,10.825978
-1041.2664,7,10.848374
-1069.5885,2,10.870538
-885.63605,4,10.870718
-2359.9585,45,10.891806
88.77991,24,10.936023
-585.3556,61,10.936135
-1195.6923,4,10.965572
-1031.0664,2,10.965638
-573.8164,25,10.965656
-824.52637,15,10.998653
-1086.7349,3,11.014508
-1367.5828,20,11.025981
-398.2323,20,11.026052
-2779.2236,11,11.052817
-904.51953,5,11.052912
-1541.9976,6,11.067996
-1042.6829,2,11.068075
-881.76953,4,11.083193
-1010.4392,2,11.107033
-1698.1655,11,11.120467
-974.4951,5,11.120547
99.31848,33,11.13607
-876.0073,16,11.150858
-1060.8936,7,11.177047
-2633.0908,35,11.17716
766.3241,68,11.177195
-916.4118,5,11.207494
-1996.0431,9,11.207584
-998.30194,3,11.2076
-1029.2104,3,11.228049
-974.80664,5,11.228125
-936.1733,4,11.24242
-936.4499,25,11.256397
-1506.4888,30,11.272062
-912.1372,4,11.289425
317.97888,57,11.289489
-1115.0387,6,11.310375
-898.6809,5,11.310438
-1535.7314,6,11.310463
-526.61456,40,11.310471
-1421.4535,7,11.324504
-1029.0098,3,11.338582
-1050.5985,3,11.367023
1855.0924,70,11.367113
-1125.9313,23,11.385245
-4196.004,30,11.385358
-1209.0294,16,11.385388
-1827.3684,6,11.406336
1117.075,52,11.406428
-1720.4019,8,11.43281
-316.12158,38,11.432882
-1525.012,36,11.454486
-1557.7413,4,11.5111
22.41211,45,11.525358
-3859.6333,10,11.548601
-404.3559,29,11.54869
-1244.9949,9,11.58507
-2168.5813,10,11.606055
-282.77112,19,11.620091
-890.1188,19,11.620203
-2024.6702,15,11.640725
-1393.7378,5,11.640802
-1494.1313,23,11.65544
-383.77362,25,11.655525
-1496.4989,24,11.655543
-1976.168,17,11.692179
-1183.5916,4,11.718455
1314.5186,69,11.718589
-2401.0972,15,11.764966
-724.1121,26,11.76505
-1357.6831,6,11.791646
-901.7783,4,11.79176
-1282.9602,44,11.81927
-1623.0905,7,11.837153
-733.5866,12,11.837229
669.1863,27,11.837247
-994.9232,34,11.855284
-2771.3398,19,11.855458
-791.52374,14,11.85548
-1085.7079,5,11.876904
688.91235,30,11.876977
-4390.53,13,11.87701
-1140.9679,3,11.912696
-1112.4495,4,11.912762
-1833.154,8,11.912781
-1535.9043,44,11.912787
-1055.1216,2,11.912793
-1689.9738,19,11.933476
-1027.2969,6,11.933657
-875.1929,4,11.957897
-1455.8087,7,11.971628
-1253.4556,33,11.971689
-1036.2799,3,11.991331
-259.44006,24,12.031271
-1023.3393,5,12.044504
-1799.8549,7,12.044586
-1432.832,9,12.05812
-483.8927,41,12.058184
-368.79938,18,12.091265
-1417.0021,4,12.106502
-1340.0596,10,12.118515
-1718.7272,34,12.118589
-4061.2742,14,12.134294
-2290.7322,17,12.134428
-2938.0342,18,12.160815
-2141.5342,14,12.188077
-1676.1139,8,12.188157
-1042.4275,2,12.208173
-1023.24817,4,12.227379
-2008.6458,14,12.227435
-1942.798,9,12.227451
264.4768,26,12.227459
-2077.7883,35,12.242652
-1605.9854,8,12.259276
-975.09216,3,12.277508
-790.35864,22,12.29109
2345.259,105,12.291182
-1721.344,22,12.2912
-2593.3342,15,12.322109
-1352.3088,7,12.342553
-1123.2601,3,12.342664
-925.3308,4,12.358213
-824.37854,14,12.373571
-1055.6598,2,12.3737
-1357.5381,10,12.388611
-286.44055,28,12.388726
-409.16156,33,12.40918
-1956.8325,16,12.409262
-1026.3125,2,12.422876
1811.4512,78,12.422956
-1662.1013,5,12.422974
-1098.457,20,12.446264
-777.391,24,12.446344
-1733.9504,15,12.446363
-2515.8247,7,12.446371
-1037.9591,4,12.461703
-2381.6406,15,12.461811
-1470.1553,3,12.479467
-1000.1307,4,12.4916
-3119.3296,14,12.49167
-1314.013,13,12.491694
-1103.4215,3,12.510939
-1564.5435,14,12.531893
-910.177,4,12.557401
328.51263,23,12.57169
-1488.7632,9,12.593438
-1055.6199,6,12.625813
961.71655,58,12.641521
-3052.7085,15,12.659174
-2254.3464,26,12.659241
-1072.5768,3,12.691509
-1029.7654,2,12.691572
-2423.725,13,12.707208
94.095764,67,12.730913
-1557.027,19,12.731003
-2127.3003,6,12.758068
-1079.3237,6,12.786019
375.4981,28,12.83506
-1736.8923,22,12.835137
-3227.2744,10,12.847394
-802.13354,25,12.847466
1489.7849,42,12.847483
-1081.208,15,12.86189
-1010.43085,3,12.878255
-1450.1957,39,12.878329
-1131.3168,29,12.897924
-1066.7263,3,12.897998
-1302.6425,9,12.898015
-1045.2705,4,12.898023
-1018.32794,5,12.92745
982.1655,36,12.942634
-1422.7601,3,12.942709
-1009.12006,4,12.95869
-513.4811,29,12.971981
-1121.9427,3,12.990903
-2630.7505,33,12.990997
-981.83856,3,12.991014
-1459.4805,13,12.991018
-1058.9891,2,13.025116
-2412.7505,12,13.039657
-3485.6133,29,13.057974
-1972.8501,21,13.058031
-1771.2173,12,13.058046
-1033.4532,4,13.058054
-901.1055,6,13.072903
-1268.7046,5,13.072985
-1330.2019,7,13.073007
-118.3244,40,13.099684
-896.1892,4,13.09975
-1041.3705,2,13.099766
-1040.5469,3,13.133617
1424.2966,47,13.146917
-1831.7043,14,13.160164
-860.9249,3,13.186248
-3181.9023,29,13.186313
-201.11725,39,13.186329
-1948.8799,11,13.241925
-1076.6057,4,13.261909
-1110.5692,4,13.307184
-2234.008,13,13.307325
-2105.821,14,13.30736
-996.2857,3,13.307369
-3089.404,52,13.344538
406.13513,27,13.344644
-1706.4548,18,13.370186
-1842.7694,56,13.370264
-923.68665,41,13.392838
-5375.4814,18,13.414775
-1317.5009,5,13.414834
-1605.1038,16,13.414849
-1083.5262,2,13.447759
-1329.8875,16,13.447842
-772.9617,27,13.46373
-776.5714,23,13.463822
-1084.5116,5,13.463839
-1079.8066,2,13.475548
-539.3894,56,13.505092
-1073.8586,5,13.531172
-2378.581,4,13.531261
-785.7637,13,13.549184
-2022.444,13,13.549252
-755.9094,38,13.549268
-1716.5967,13,13.581848
-2222.7715,13,13.581944
-1023.7583,3,13.581971
-972.56323,29,13.581979
-1015.34467,2,13.617865
-972.5249,2,13.618094
-1523.5354,14,13.640075
-2847.4116,44,13.640146
-944.60583,14,13.65414
-1388.5,5,13.671658
-1459.8066,7,13.671752
-1003.5572,47,13.695452
-1684.1565,37,13.695548
-512.2,34,13.695567
-1647.7766,31,13.744192
-1344.6229,8,13.777312
-1367.3997,23,13.777376
-1442.7358,14,13.79471
-1404.685,37,13.840153
-1800.8851,10,13.866168
-604.89246,23,13.86626
-2197.6875,21,13.891928
-1147.0779,3,13.892002
-1276.2222,26,13.905848
-949.1198,34,13.906213
-969.2476,4,13.925759
-451.62433,30,13.925837
-1496.6761,3,13.939302
-1204.6984,5,13.9833
-1918.097,19,13.98339
-1137.9073,24,13.983407
-1885.1328,22,14.02341
-1079.8374,24,14.044553
-994.2155,2,14.058302
2015.5415,131,14.090263
-2421.5205,28,14.140304
-1808.627,31,14.140377
-1996.4414,13,14.140397
-1517.499,8,14.174626
-2762.5298,15,14.174701
-815.6125,7,14.204824
-1061.0684,33,14.233334
-3638.8965,11,14.233387
-2053.7869,21,14.233401
-496.63245,29,14.258376
-907.9353,3,14.271714
424.76904,23,14.271833
-556.7713,45,14.290758
-684.2361,49,14.290855
-2935.317,9,14.307763
-1002.5996,2,14.328066
-1814.0283,3,14.342615
-2104.818,4,14.342705
-1803.8047,35,14.342726
-2136.5679,13,14.342733
-2290.9805,38,14.355816
819.6053,36,14.355949
-1077.6826,2,14.378004
-2358.2893,6,14.378081
-2138.953,46,14.378099
-1052.2415,2,14.392839
-1050.8584,2,14.408475
-842.69586,29,14.408544
-1023.85645,2,14.42392
-1185.1313,4,14.438471
-1385.0392,7,14.457399
-1025.4219,4,14.484501
-1100.3971,3,14.48458
-924.5326,3,14.507348
-635.0547,34,14.545606
706.6344,43,14.561978
-2279.956,53,14.56208
-1075.401,4,14.562099
-5333.071,15,14.577109
-1875.6221,6,14.59362
-815.1179,28,14.593746
-1196.0073,3,14.609129
-809.0276,12,14.609218
-443.23395,18,14.642705
473.36584,29,14.642805
-1843.762,6,14.642834
-499.16132,68,14.642844
-1047.7712,2,14.642852
-2131.1401,32,14.656587
-1310.0126,42,14.672513
-1062.5836,2,14.693621
-902.54333,30,14.693691
-1292.5105,10,14.75912
-966.3611,4,14.759227
-1187.0798,5,14.776435
-1026.287,8,14.776516
-1351.275,12,14.80928
-959.2061,10,14.809364
-3817.0474,30,14.809381
-1980.3193,37,14.840456
-1045.5386,12,14.840526
-1133.7925,28,14.868065
-1475.9196,31,14.868128
-2735.7617,22,14.868144
-1324.2225,5,14.895941
-1305.923,7,14.920377
-938.3658,3,14.920442
-931.99744,34,14.934815
-779.71344,23,14.934896
-3631.2153,22,14.955417
-2186.883,8,14.970945
-1241.532,20,14.971
-1093.1288,4,15.009619
-837.4447,7,15.009685
-2330.7957,45,15.0097
-409.36737,22,15.009708
-1134.4089,3,15.024019
-782.80005,6,15.062491
-3646.3555,65,15.062552
-1836.3488,12,15.086306
1030.6582,51,15.086382
-563.0674,25,15.10983
-1016.63275,2,15.109908
-1073.3091,5,15.109925
-1738.2955,46,15.123993
-2709.6309,22,15.137835
-929.2134,6,15.191941
-1294.8191,37,15.192024
59.092285,27,15.207022
-1025.837,5,15.207109
-1303.24,13,15.223574
-3436.35,16,15.238535
-853.799,13,15.238597
-937.9583,8,15.238615
-537.22125,42,15.253389
-1001.0519,3,15.273058
-1070.8141,2,15.27312
-1057.336,2,15.296686
-1166.5586,22,15.296765
599.00775,32,15.30757
-1318.6666,6,15.307658
-983.0072,3,15.327815
-2283.5457,28,15.342757
-875.8816,24,15.342864
-1333.4636,16,15.358013
-1109.9717,5,15.377053
-718.3992,33,15.392824
-907.0875,7,15.392908
-868.2908,24,15.406414
-1049.0502,5,15.422296
-700.9238,22,15.422405
-991.99713,9,15.469713
-2490.5117,43,15.496814
-2120.1926,12,15.610641
-1115.6786,16,15.610718
-1117.4215,7,15.624961
-1029.6034,2,15.640445
-889.29535,21,15.656606
-978.9553,3,15.656735
-749.10425,16,15.679242
-1618.6116,14,15.723703
583.57074,33,15.723771
-1345.5826,13,15.739621
-238.75824,27,15.739702
1578.2783,50,15.739719
-1958.8892,6,15.739728
-638.5306,28,15.755497
-178.05096,46,15.787346
-1024.8706,2,15.787424
-941.42957,3,15.787439
-919.71454,37,15.808843
-3104.7578,10,15.823537
-1476.6346,10,15.839516
-1700.7771,6,15.839652
-2127.6538,6,15.839675
-1056.3613,24,15.83968
-1034.8289,2,15.855327
-1800.6111,14,15.855423
-1647.6365,20,15.919308
-2214.0078,25,15.942557
72.28522,29,15.957034
-1409.9827,11,15.974171
-1579.2013,8,15.974236
-1578.6466,14,15.974249
-1194.0261,15,15.974253
-3021.9438,40,16.006074
-1448.8369,6,16.022787
-1035.3854,3,16.022851
-1036.8215,14,16.038509
-887.17426,8,16.10961
-1901.7314,16,16.10992
-1127.5762,8,16.109953
-1293.4553,5,16.12653
-1038.7928,2,16.141969
-963.2344,3,16.158895
-1345.4058,18,16.158962
-1496.3167,40,16.15898
-3983.2563,20,16.174206
-984.86346,37,16.188238
-1437.9844,3,16.208599
607.84485,67,16.225074
-2572.0889,16,16.225142
-834.6146,6,16.239949
1235.4019,47,16.240041
-1561.0082,23,16.240058
-172.23407,29,16.268538
-1351.91,9,16.268615
-1815.0887,19,16.282982
-1621.1799,8,16.283053
-1110.2039,8,16.314756
-1313.1935,8,16.330986
-1111.889,3,16.331075
-1114.0659,5,16.355063
-1069.7106,2,16.371105
-657.77515,36,16.400754
44.70227,22,16.400851
-1748.134,5,16.415576
1491.7006,42,16.429743
-1877.5513,12,16.452515
-1797.1848,4,16.452629
-1437.2319,8,16.493671
-3374.2305,6,16.54498
-566.94196,25,16.563321
-1183.8881,19,16.596738
-2166.4692,17,16.596799
-1225.5189,33,16.596811
393.0218,55,16.613412
-1562.7192,5,16.6287
-623.7412,73,16.643355
-1476.2378,4,16.676666
-1098.2001,2,16.67696
-452.20685,25,16.691242
-1515.7495,8,16.691319
-1746.3379,13,16.723044
-1149.756,33,16.75452
-2243.7007,21,16.773662
-904.95306,6,16.773795
-2250.417,11,16.773825
-203.69635,31,16.773837
-516.80164,22,16.792428
-2080.8066,12,16.792514
-1579.5863,4,16.792533
-1744.883,12,16.828302
-1006.0896,5,16.849677
-150.34943,22,16.849779
-935.2772,5,16.865834
347.62488,101,16.897927
-1001.5045,2,16.898016
-1698.9585,8,16.919799
-1453.1443,9,16.959174
-2235.8506,9,16.959329
-999.4341,9,16.959356
-1851.4521,28,16.959365
-2284.9966,16,16.975086
-1696.562,22,16.975208
-1089.3326,7,16.975226
-1017.3962,2,16.993665
-152.06665,31,16.993742
-1045.2501,2,17.009038
-995.0144,4,17.021591
-1078.6099,5,17.047696
-1464.3827,5,17.047796
-1571.5662,8,17.047819
-1049.2092,2,17.075005
-3155.3262,23,17.089139
-1069.4619,5,17.114901
-1039.9807,2,17.130372
-4487.8394,52,17.146196
90.46997,49,17.173306
-1308.6282,18,17.173368
-2140.4995,10,17.173384
-842.8025,15,17.187191
-2821.7456,11,17.208752
-1812.1389,24,17.208873
-1701.644,13,17.208892
-1151.3689,4,17.233789
-1244.0273,24,17.26426
-1376.8159,15,17.264358
-645.9254,16,17.264377
-1801.292,51,17.278445
-1459.6831,13,17.278518
-1397.6644,5,17.294018
-742.26733,22,17.294118
2018.8011,77,17.294142
-1053.727,3,17.307271
-970.31067,2,17.327465
-973.8661,4,17.32754
-2266.4365,8,17.356466
-1633.9075,10,17.37106
-1493.0261,6,17.391393
-2825.642,12,17.391455
-1482.0167,8,17.406736
-1032.5508,6,17.421903
-1078.3036,17,17.421993
-174.98822,19,17.422015
-956.6393,3,17.447117
-1350.0294,13,17.447189
-1128.8243,4,17.471529
-2066.7864,6,17.48962
931.11365,45,17.489736
-1008.80743,2,17.489754
-1784.4019,12,17.507256
-18.83319,83,17.507396
-1670.7651,5,17.5282
-1006.27234,2,17.52831
-962.21094,6,17.541363
-1403.4426,11,17.559382
-880.31635,6,17.574353
-3030.2402,17,17.615221
-1715.0769,10,17.615279
-1078.8304,7,17.643235
297.68048,30,17.709151
-1856.7644,9,17.709247
-1524.366,53,17.730304
-1132.756,11,17.730393
-549.49365,22,17.730412
-1295.7659,107,17.730418
-1073.6051,2,17.748506
646.63684,35,17.762464
-1051.8926,3,17.779953
-2651.6226,10,17.780033
-802.81006,91,17.780051
-3371.0337,18,17.802132
-1418.6829,4,17.802227
-867.3065,6,17.85181
-1549.5192,14,17.851888
-1092.2253,16,17.851908
-2500.1443,36,17.875896
-1098.4242,4,17.87599
-1973.2654,5,17.893539
-1147.6113,3,17.932045
-2875.0398,10,17.962856
-2733.5435,7,17.98143
-1660.3871,10,18.038529
-364.93756,35,18.108023
-1776.9419,14,18.108169
-1089.6992,21,18.108189
-779.4055,40,18.127427
-1050.4727,19,18.127494
-1138.6351,45,18.145549
-1589.7202,28,18.14561
-1895.2075,9,18.145626
-1031.0854,2,18.161207
-435.1952,38,18.186352
-1571.1578,18,18.205364
-1685.3618,59,18.231837
-1700.6975,6,18.246332
-1627.6838,7,18.246417
-3459.378,54,18.260126
-1121.186,21,18.260185
-1544.4816,3,18.284306
-1403.399,3,18.298678
-1559.0294,33,18.298773
-1014.7163,2,18.298788
251.34497,30,18.315525
-1365.0697,12,18.315586
-640.27844,31,18.315602
-2163.4023,13,18.331983
-2153.9658,50,18.332069
-1441.0247,9,18.33209
-1148.7356,5,18.350007
-306.05804,48,18.367281
-1049.4967,5,18.367412
-1054.3013,5,18.381586
-1009.5381,3,18.38166
-1272.7904,5,18.39906
-861.4238,25,18.399147
431.3147,39,18.413361
-980.21204,6,18.430569
-1066.2804,3,18.430626
-1642.0281,8,18.430641
-1498.4117,7,18.430647
-1101.0863,2,18.430653
-836.76086,7,18.447015
-2035.7051,54,18.44714
-1786.1824,14,18.476905
-1688.2659,4,18.476982
-4150.0366,21,18.498771
-1464.6191,14,18.530982
-662.71,22,18.531059
-1312.4877,6,18.531076
-2186.5303,14,18.543346
-670.8024,85,18.543426
-1100.0267,2,18.567654
-1016.8954,38,18.58502
-1525.3501,8,18.6157
-1959.2205,14,18.657419
-1175.1342,4,18.67189
-2575.2803,8,18.706026
-1165.0121,22,18.722923
-2247.483,17,18.723026
-9.69043,19,18.746101
-1037.5845,2,18.760572
-1352.5012,6,18.76065
-2561.5684,37,18.760669
-1029.0406,14,18.760676
184.2575,26,18.776065
-958.5398,25,18.792988
-2208.8071,43,18.81555
-1372.298,18,18.815607
-3111.2542,18,18.842098
-1261.729,28,18.842155
1309.175,49,18.842169
-1089.1858,8,18.864749
-1001.5114,2,18.864816
-314.41748,29,18.879346
-989.58435,3,18.879404
-398.08795,27,18.905165
-1352.4545,4,18.919792
-3119.2344,13,18.934273
-1061.462,2,18.947991
-367.02936,39,18.96091
-1000.3206,11,18.960975
-751.2671,29,18.976878
-982.7828,2,18.97695
-1015.76935,37,18.993269
-1353.585,15,18.993374
-993.85547,3,19.00764
-1042.6984,20,19.020536
-1119.179,4,19.034889
-3441.5757,20,19.03495
-2699.5403,16,19.034967
-1003.944,7,19.034974
-2004.0712,10,19.048349
-907.4809,6,19.048413
-696.05115,41,19.063747
-1904.3782,6,19.063816
-1586.7578,4,19.063833
177.00092,26,19.086645
-1032.8346,6,19.109218
-1008.30896,4,19.109283
-2008.2988,8,19.1093
-1450.5989,5,19.109306
-1120.4386,31,19.123815
-1071.8859,2,19.13484
-2200.3628,28,19.160829
-1013.5206,4,19.16091
-2226.195,42,19.160941
-1012.6543,2,19.18711
-1959.6436,9,19.187173
-1540.3739,49,19.20372
-756.61035,23,19.203776
-2628.407,10,19.203791
-1558.8611,27,19.217566
-976.0878,7,19.230374
-1047.186,2,19.230444
-870.86646,34,19.230459
-2905.9868,14,19.246051
-1390.9927,6,19.246137
-2196.0977,13,19.246154
-582.09424,26,19.246159
-3230.7905,28,19.259121
-1421.6556,4,19.259182
88.27075,41,19.288598
-1038.595,2,19.288653
-745.7651,19,19.303014
120.339966,74,19.319049
-843.2165,6,19.334264
-1058.1274,5,19.33432
-1729.8932,24,19.334335
-2295.9526,8,19.365052
-933.9053,14,19.365108
-1070.3832,2,19.365123
-826.92017,9,19.365129
-1449.5153,3,19.381243
-1064.8633,4,19.381306
-1343.4415,9,19.38132
-2156.0874,7,19.408416
-1762.6985,8,19.408486
-3359.7068,21,19.422917
-1018.35925,4,19.423013
-1624.7247,5,19.451459
-1022.6858,2,19.451545
-1713.623,6,19.466332
-2535.9868,12,19.466398
-1006.83453,25,19.466414
-993.82434,6,19.490977
-937.5605,30,19.520023
-1041.5834,2,19.520112
-1035.836,2,19.548946
-1073.7524,7,19.561948
-2618.1667,14,19.562016
-1448.6544,9,19.576776
-1029.4525,2,19.591594
-2227.422,28,19.591732
539.3372,28,19.605337
-1765.1223,27,19.619775
-1589.7719,28,19.619853
-3684.956,13,19.632698
-1146.7526,3,19.632764
-2066.2117,37,19.632779
-1121.3265,4,19.661925
-666.04126,21,19.66198
-1408.7286,23,19.661996
-1603.6536,34,19.677377
-1993.3365,21,19.709417
-2174.1052,10,19.735347
75.18713,33,19.735424
-1573.5898,8,19.767487
1203.8922,51,19.78392
-1694.7385,7,19.784008
-1602.8983,4,19.801553
-1878.6215,22,19.801644
-2164.437,10,19.801694
-1717.5391,7,19.801754
-1467.3206,8,19.80177
-1066.9878,2,19.818513
-1247.8884,29,19.818573
-1013.9911,2,19.839041
-2083.568,7,19.839141
-1899.1002,19,19.85646
-1467.657,3,19.856544
-1437.655,3,19.856558
-673.6354,29,19.870102
-1459.9087,18,19.886576
-1584.5885,6,19.926405
-1891.8939,19,19.94983
-1972.8982,9,19.949894
-1846.5298,7,19.964201
-1111.0153,9,19.964278
-1550.6226,7,19.964295
-1602.2305,12,19.980038
-894.35956,3,20.010276
-1105.2903,9,20.010347
-1553.5027,15,20.010365
-1099.942,4,20.023996
-2023.783,32,20.024045
-990.58234,5,20.036116
326.36932,26,20.036173
-1134.1064,3,20.049401
-277.36877,55,20.064178
-2182.8108,4,20.064234
-1286.4222,9,20.081497
-1086.8138,3,20.08156
-1650.4845,11,20.098866
-546.94806,17,20.098944
-1461.844,28,20.114628
-581.3015,6,20.14994
1037.8527,74,20.15002
-1120.8923,3,20.150035
-1662.1523,10,20.163644
-1313.8008,9,20.17846
-1697.4801,8,20.193403
-1353.3662,20,20.193463
-938.2704,24,20.193475
-1374.5957,17,20.212077
-1077.3453,9,20.212136
-1188.4565,9,20.22339
-1483.4761,6,20.238651
-1968.5999,50,20.238736
-1042.2816,2,20.238752
-2594.0537,33,20.257801
-1019.1713,3,20.257888
-983.50745,27,20.273524
-1959.3438,30,20.273583
-1009.6838,2,20.273597
-1082.636,2,20.273605
-1563.8466,11,20.325486
-1074.9355,4,20.338837
2041.0914,46,20.353004
-1945.7949,13,20.35307
-2011.91,12,20.365971
-2167.7131,18,20.366048
-1562.5714,7,20.380057
-975.0314,7,20.380167
-1385.7719,13,20.392848
-938.99603,6,20.407831
-1003.6804,28,20.407902
597.87067,69,20.420645
423.67218,26,20.420709
-1705.4368,4,20.444151
-2021.8721,12,20.457446
-1146.8971,3,20.457654
-1061.1243,2,20.457712
-2195.3657,9,20.472009
-798.3435,17,20.484406
477.51453,60,20.499863
-1725.261,25,20.499926
-1343.0281,8,20.516128
-1377.922,6,20.516194
-1090.7905,2,20.529066
-962.2814,24,20.556685
-993.12274,15,20.58391
-2567.4045,27,20.598039
-3509.8777,40,20.625163
-543.44836,16,20.640309
-1589.343,8,20.640375
-1294.185,14,20.653594
-882.8433,4,20.653686
316.33588,41,20.706025
-1632.4514,31,20.706106
-1658.9583,5,20.720034
-2404.9905,11,20.779331
-1259.6521,9,20.779421
-2270.5713,6,20.792948
-1035.7483,2,20.80781
-1448.9971,24,20.807886
-1205.9728,31,20.807902
-1679.7429,9,20.841603
41.831787,25,20.841684
-1404.4817,18,20.841701
-1142.8667,29,20.870012
-1736.8381,25,20.870112
-46.31897,39,20.909137
-1271.7751,19,20.909418
-1340.8164,5,20.909465
-922.03345,5,20.909477
-1788.5276,5,20.909481
-691.63824,46,20.909486
-1612.7954,8,20.922319
-1042.1316,2,20.943315
325.65417,39,20.943393
-989.8456,3,20.961144
-1078.505,2,20.97331
-799.44336,5,20.988278
-2011.7495,18,20.988332
-1009.2584,3,20.988346
-1712.0369,6,21.001084
-379.63354,57,21.00115
-806.12726,4,21.030315
-1151.1349,37,21.030371
-966.6621,36,21.030387
-1059.0958,3,21.030393
-1422.6721,3,21.044234
-856.05023,4,21.058183
-794.2018,7,21.058259
-1161.1263,13,21.058276
1382.185,44,21.073409
-2410.3115,21,21.08724
-1973.7543,19,21.087294
296.87805,21,21.101705
-1504.5719,13,21.101787
-1670.8496,12,21.101806
2778.64,53,21.115682
-903.60754,7,21.128464
-910.906,3,21.128551
394.3871,41,21.14396
-1736.2517,13,21.173998
-1736.936,10,21.174058
-1097.0768,3,21.174069
-1559.1458,26,21.187019
-1326.5966,10,21.201295
-1509.7002,12,21.213089
-981.8815,6,21.213144
-3304.722,13,21.213158
-1043.4229,2,21.228389
-2544.053,13,21.242661
-2111.5276,11,21.270694
-980.7685,17,21.294415
-996.56464,7,21.311124
-1907.2324,47,21.311193
-2695.0417,12,21.335898
-1258.5867,6,21.348891
-797.30493,64,21.365216
-1171.2872,17,21.382373
-971.4335,3,21.382442
-1482.849,5,21.382461
-3046.0405,21,21.397074
-1767.0847,24,21.411909
-2441.6326,18,21.437514
676.63983,29,21.437565
-4339.958,82,21.437587
-1027.6002,7,21.451843
-1067.8363,4,21.466158
-1144.2672,18,21.466215
281.94476,22,21.481531
-1283.431,12,21.481623
-2869.5708,15,21.506817
-1574.2804,4,21.520343
-1872.9014,11,21.552048
-1711.0254,40,21.552127
-1888.488,5,21.552159
-1473.0209,8,21.552169
-3182.726,10,21.576895
1022.1258,29,21.576971
-1108.3599,3,21.591135
-1019.2975,25,21.59121
-958.49,4,21.608249
-1158.2512,5,21.619599
-1436.3806,4,21.634923
-3000.8452,38,21.635025
-2531.894,11,21.63504
-1142.3727,5,21.650404
-2515.1108,40,21.67254
-1013.0394,56,21.672612
-1028.4226,2,21.672627
-1092.0104,10,21.706702
-1035.2275,2,21.706769
-2424.684,7,21.70678
-2249.2695,12,21.706787
-1335.0991,8,21.742496
-1048.4484,5,21.754131
-1539.6862,10,21.785121
711.51,49,21.800771
-997.88086,5,21.816347
-1050.2603,2,21.816427
-207.61719,30,21.838646
-926.8783,24,21.838727
-924.1105,8,21.838741
-1181.7709,6,21.856782
-2432.5981,9,21.85687
-254.68066,65,21.874837
-3406.651,32,21.875021
-2410.983,32,21.875043
-2516.6428,45,21.888827
-1034.2377,4,21.888919
-2966.1055,15,21.888937
-1044.951,2,21.923589
-421.42755,30,21.923687
-2207.405,13,21.923704
-1113.8138,18,21.938821
-2007.1987,37,21.938912
-1026.2888,3,21.938931
-1410.5674,14,21.938936
-1039.3945,2,21.95709
-972.5357,4,21.993017
-1166.1761,35,21.99311
-1106.7905,4,22.011288
-3449.1345,9,22.024131
-1566.7251,10,22.040128
-913.8403,12,22.040191
-1151.9854,6,22.040209
-2097.2415,11,22.062109
-2051.2632,55,22.075995
-1509.5265,15,22.114669
-2137.0244,8,22.146557
-1996.6592,33,22.16429
-875.7614,6,22.164433
-1699.1055,9,22.179151
-2695.1943,20,22.192509
-1477.7283,16,22.20879
-997.6548,23,22.208892
-2981.81,15,22.208911
-1266.5947,14,22.251366
-969.9448,4,22.279672
-985.4542,3,22.27976
-801.91956,17,22.279779
-2104.8147,8,22.294288
-1868.7861,13,22.294391
-1074.3026,3,22.420676
-3199.6714,28,22.437711
-1072.8755,3,22.437796
-1035.3308,2,22.478371
1363.5334,51,22.507082
-1568.0295,6,22.523878
-1349.8696,16,22.538168
-1179.5831,3,22.561939
-1815.9937,5,22.623411
390.88147,48,22.623491
-1099.9956,19,22.641019
-1864.9387,28,22.664507
-1633.9014,33,22.664562
-1063.7513,2,22.664578
-88.87268,50,22.679855
-3555.183,8,22.695009
-1221.9119,21,22.71004
-1089.5537,3,22.710101
-1423.0902,4,22.730124
-1026.6388,26,22.744877
-1128.4178,25,22.770979
-2145.1826,23,22.790565
-1913.9354,9,22.803855
-2242.683,25,22.833806
-2594.8662,51,22.846312
-2436.5276,21,22.859862
753.23975,34,22.859937
-1968.7324,12,22.872938
-1140.8387,7,22.896645
-993.7782,2,22.896734
-1139.5933,8,22.896749
-1023.02484,2,22.923405
-1806.9369,12,22.923528
-991.594,9,22.939722
-993.4444,3,22.939793
-1028.1617,2,22.953853
-1921.5928,20,22.953943
-1097.3467,17,22.96549
-3023.109,20,22.9804
2685.518,57,22.980452
-1038.1849,3,22.980467
-1668.6191,8,23.043625
-1955.8584,38,23.04374
-2466.109,13,23.120548
-857.92737,5,23.120654
893.0537,37,23.120675
-3140.8633,22,23.120681
-4001.6414,51,23.162709
-2420.814,8,23.227869
-1031.8348,2,23.228136
-1757.5874,9,23.276574
-1784.1079,7,23.360325
-300.0255,19,23.360446
-1063.7955,7,23.485911
-849.2877,6,23.536798
-1137.9647,3,23.536879
-1129.5502,60,23.536891
-944.68335,71,23.536898
-951.2306,7,23.631024
-659.0066,13,23.63108
-1003.611,2,23.631093
-1461.3286,18,23.754813
-85.94629,23,23.754935
-1056.3351,2,23.849761
-2294.7427,12,23.849812
-1052.3625,4,23.849823
-999.7511,5,23.898901
-2137.7651,18,23.899003
-1383.1669,7,23.93187
-1417.9476,18,23.981966
-934.04254,5,23.982089
795.1417,52,24.016318
-842.2428,27,24.106938
-970.279,3,24.107035
-2099.7512,20,24.149569
-1789.8367,7,24.149624
-2861.6787,13,24.16451
-795.088,6,24.185215
-946.4215,3,24.185288
-971.24884,3,24.185301
-1717.3943,3,24.212649
-2973.374,20,24.212755
-1085.8018,6,24.21278
-1695.967,63,24.263934
-1082.9197,3,24.362038
-2359.4644,7,24.395655
-569.6477,14,24.395733
-3319.3293,22,24.421109
-2385.5547,10,24.421159
-1646.7261,18,24.436004
-1061.036,11,24.44777
-1067.6816,10,24.463562
-1371.4038,6,24.491895
-1959.9646,14,24.506021
-1955.6729,7,24.533592
-1332.2825,65,24.533668
-1564.0732,10,24.533684
-1044.2833,17,24.546547
-647.3983,17,24.559721
2287.419,52,24.575379
-1038.5885,6,24.588156
-20.70691,31,24.612329
-3023.669,36,24.612389
-1757.3091,11,24.612401
-986.25037,4,24.626651
-1132.4595,6,24.642618
-2333.9414,50,24.642687
-1058.2894,2,24.642704
-1509.6738,7,24.642711
-1529.8894,3,24.659842
-987.76404,2,24.673363
1971.8113,100,24.689137
-1204.8159,12,24.703872
358.38,38,24.733119
-962.1393,3,24.780207
-750.50464,32,24.78028
-604.3025,27,24.79438
-2544.7983,13,24.820707
-2583.3486,14,24.820778
-1231.9249,26,24.820793
2089.6567,80,24.838573
-1173.2682,12,24.838624
-1036.9176,29,24.838638
-1061.502,2,24.85741
-1463.6975,5,24.903598
-2682.3896,8,24.903688
-2222.963,17,24.903705
677.2391,26,24.916165
-1061.7422,2,24.929281
-1072.9723,5,24.929346
-1306.1033,7,24.945958
1192.1016,61,24.946062
-2320.4167,32,24.961681
-1403.9794,18,24.974734
-279.34198,39,24.997567
-1511.0488,7,25.012215
-748.71326,5,25.012293
-1011.9844,2,25.037824
-1562.9592,26,25.037905
-1210.4224,3,25.03792
-1602.8884,14,25.053913
-767.9236,28,25.066835
-1233.7822,8,25.086578
-2037.4053,6,25.101345
-291.1817,28,25.101444
-1041.2792,3,25.101465
-1377.5594,5,25.115497
-1685.4133,21,25.142655
-2751.3047,80,25.158337
-1346.2378,4,25.158374
-1081.4977,6,25.174786
-1000.0179,5,25.174856
-1726.9473,13,25.174871
-462.20383,42,25.243312
-1008.6982,7,25.243401
-1214.3589,12,25.243423
-1850.9362,5,25.243432
-1022.18555,4,25.280081
-1053.5209,37,25.314615
-1914.0127,14,25.31471
-2270.2747,11,25.34014
-1406.6176,3,25.340215
431.72308,28,25.34023
-1873.0452,23,25.366422
-3212.7495,5,25.388404
-1445.7678,5,25.388493
-1078.2196,2,25.388506
-1094.9506,2,25.42273
-936.3222,4,25.462065
-2533.5813,11,25.462139
-1545.9954,29,25.489439
-1218.6621,36,25.489515
-2700.1787,26,25.489534
-1157.1115,3,25.548197
-667.0401,8,25.548267
-1107.4108,8,25.548283
-997.18,2,25.548288
964.3648,86,25.573053
-1021.69415,4,25.610096
-1466.2163,7,25.610221
-3967.683,15,25.610237
-1840.6316,16,25.637352
-1447.2863,9,25.662036
-1037.6079,10,25.699955
-1013.7239,5,25.700037
-1302.9944,5,25.700051
-3290.5376,9,25.731227
-2875.3564,7,25.768063
-262.6787,64,25.789868
-1566.8215,6,25.789936
-1088.4089,19,25.806965
-1004.58765,10,25.866344
-1100.3099,19,25.866417
-1101.7456,16,25.902651
-2790.4302,24,25.923421
-1633.3564,10,25.92351
-1068.0103,35,25.923528
-1310.6156,6,25.923534
-608.85547,20,25.956351
-1254.6465,7,26.008673
775.9479,100,26.022057
-1141.3433,60,26.034634
-875.8721,20,26.050097
-1951.8877,21,26.050153
-1224.3127,8,26.050169
549.51746,51,26.065705
-2127.8398,16,26.065795
-795.08575,24,26.08117
-1510.0527,54,26.081249
-1038.8492,2,26.081268
-1925.9675,6,26.099288
-1732.572,17,26.099359
-1094.0411,3,26.099376
-668.95886,10,26.099383
-1660.7963,13,26.099389
-1049.7473,2,26.11242
-998.0902,2,26.125056
-921.8692,19,26.125143
-1067.729,5,26.142792
-997.9887,4,26.160913
-2323.964,14,26.160983
-895.5615,4,26.161
-3338.4438,23,26.161006
-2016.0338,5,26.184897
-1521.46,9,26.184982
-874.8723,16,26.208431
-2635.0283,27,26.221106
-1173.073,3,26.248952
-1565.4354,5,26.249027
-886.0872,5,26.249046
-1027.211,2,26.291737
-242.97314,33,26.306736
-892.30975,23,26.322459
-1251.7283,12,26.322541
-1263.0481,6,26.35336
-2661.6213,16,26.353425
-1299.7904,5,26.372548
-274.00464,38,26.372653
-1161.3679,22,26.388969
-858.3695,7,26.415368
-629.27405,21,26.451125
-1851.1038,5,26.451211
-1684.3118,9,26.476652
-2761.2207,32,26.496138
-1932.6625,20,26.516255
-1147.3308,8,26.516355
-1336.8887,6,26.539022
-2411.5693,21,26.539083
-489.8463,28,26.583903
-1093.9559,4,26.603518
-32.36078,21,26.603572
-1129.8042,3,26.603586
-1427.2589,14,26.618212
-2543.2715,13,26.640603
-2068.6826,9,26.640687
-959.9685,3,26.640706
-1507.7462,3,26.660026
102.04712,22,26.660089
-703.327,34,26.67475
-1507.259,12,26.708375
-1451.9502,11,26.708436
-2440.1458,4,26.70845
-1023.0304,2,26.708457
-2727.7002,31,26.732986
-1096.304,4,26.746123
-2746.636,12,26.746203
-1627.6349,11,26.769706
-1046.3114,2,26.769794
-1554.71,8,26.812173
-1872.0034,6,26.826237
48.8031,35,26.839056
-1821.6074,4,26.839122
-2508.2314,4,26.839139
-1289.3497,9,26.855023
-1027.9215,13,26.855069
-2395.0654,18,26.870087
-1969.241,10,26.887131
-951.62006,3,26.887184
-763.81067,15,26.887198
171.55457,41,26.887204
583.3531,29,26.901003
-1873.8578,6,26.901077
-1048.0299,5,26.901093
-1083.755,2,26.91518
1620.0367,84,26.915448
-1518.2817,66,26.930276
-1419.8265,3,26.930345
-1099.5294,4,26.945988
-1662.3551,14,26.946043
-1831.2139,6,26.958172
-1085.7002,5,26.979423
-1582.2578,6,26.979657
-1057.9539,2,26.979707
-1060.3577,4,26.995299
-1906.7911,6,26.995368
-856.5864,4,26.995384
-1037.0184,2,27.009959
-1875.4685,8,27.024533
-1238.5205,22,27.024607
-941.702,3,27.038441
-1126.9056,3,27.065444
-2217.3896,9,27.080932
-746.9125,23,27.109842
2887.9058,53,27.109962
-1010.85565,3,27.124944
-1441.2163,3,27.154705
-1783.7122,29,27.168662
-1814.0513,13,27.16889
-2710.7412,23,27.182417
-643.9342,23,27.201554
-3914.983,15,27.223524
-2592.788,10,27.223781
547.86975,37,27.24877
-1027.4835,5,27.248819
-1186.3805,65,27.24883
-1648.988,7,27.276002
-972.6144,5,27.27606
-1048.2955,3,27.276076
-1324.5377,25,27.334388
-1470.1821,20,27.334451
-477.10083,35,27.334466
-1115.7963,3,27.370618
-1199.9824,8,27.370689
-2038.1218,7,27.400792
-1853.8608,5,27.400879
-927.0905,5,27.400897
-2748.0396,30,27.400904
-1519.676,9,27.416047
-928.6539,28,27.442621
-1607.5212,11,27.475611
-791.54626,5,27.490172
485.26428,68,27.503566
-299.7527,40,27.503625
-1330.0631,6,27.515189
-2564.5278,10,27.527342
-1730.6597,8,27.527426
-1391.3789,6,27.527444
-1938.7493,10,27.527452
-3598.1023,31,27.541706
-1059.706,4,27.557183
-1017.60675,7,27.588043
-1318.978,26,27.635541
-310.9182,16,27.653145
-1893.0001,10,27.653211
-3466.3074,35,27.681978
-815.5056,10,27.682082
-1645.5023,54,27.699577
-970.134,3,27.699667
-651.4225,27,27.699684
-789.63513,20,27.717728
-545.02026,44,27.717813
-753.20166,28,27.732931
-1335.4543,49,27.745582
-1777.3594,15,27.759284
-4138.366,14,27.759366
-2449.9077,7,27.759387
-1504.5093,4,27.772317
-1177.0475,3,27.788432
-970.11304,7,27.788496
-1353.0464,21,27.788513
-429.01758,21,27.841111
-1724.8563,8,27.876068
-1042.3634,9,27.892244
-1130.5228,8,27.892316
-1055.249,2,27.922278
-1411.8513,16,27.922358
-1696.4146,16,27.935828
-1436.6063,6,27.935909
-1037.8687,4,27.935957
-1918.2148,17,27.951084
-1315.9194,11,27.951149
-887.17535,3,27.964811
-1966.4294,18,27.96489
-3205.1248,15,27.978139
-2325.5837,17,27.978228
-987.7776,2,27.99389
-1313.2747,15,28.00629
-1569.4329,118,28.006347
-1553.6093,5,28.020966
-796.81775,16,28.021036
-2423.4211,7,28.048034
-1302.1752,31,28.062923
-1073.2902,4,28.063001
-878.1372,8,28.063019
-2824.2144,11,28.089056
-981.07117,4,28.089124
-1954.6555,9,28.102754
-1306.2225,9,28.1194
-1998.9609,7,28.133988
-366.93396,33,28.134064
656.11896,57,28.147251
-3157.2905,40,28.167499
-1138.1105,13,28.189601
-2739.4353,16,28.189695
1114.462,74,28.189713
-1063.9773,3,28.20783
-1292.5902,7,28.20791
-1781.8665,8,28.220888
-1848.9246,13,28.220964
-1293.5038,5,28.220981
-2455.1782,13,28.24511
-1030.9109,2,28.279391
2294.8271,71,28.302727
-1622.1404,5,28.3028
-718.53174,40,28.351336
-1013.1527,3,28.377224
-1743.4427,18,28.377337
-953.17053,11,28.377363
-1019.4498,15,28.414809
-993.82324,5,28.449768
-545.1457,12,28.489753
-1973.6807,14,28.535078
374.82593,60,28.63274
-631.16046,4,28.632862
-3007.35,14,28.632882
-966.8206,28,28.677821
-1914.9265,17,28.681999
-2442.44,17,28.682159
-1495.1011,17,28.729024
-1809.7358,9,28.793347
-2850.0007,27,28.793455
-926.62134,28,28.835423
-1158.0989,14,28.835497
-3227.9407,63,28.835515
-1159.425,25,28.929862
-1081.0803,3,28.950871
-1222.824,14,28.950927
-1339.7455,5,28.96634
-1442.6139,7,28.966397
-394.43585,92,28.983709
-915.32733,3,28.996773
-1038.9653,2,29.009538
302.00757,47,29.02473
-2907.4392,12,29.024819
-1844.1655,11,29.024835
-1664.9124,12,29.040156
-1741.3606,12,29.051458
-1500.2859,9,29.062251
-2265.882,9,29.094645
-866.3461,49,29.10782
-86.10486,24,29.107895
-1266.2384,6,29.107912
-1008.0593,2,29.131362
-2071.3447,6,29.14634
-1209.9071,24,29.1464
-2010.187,21,29.146414
-1146.3071,4,29.172271
-1366.8544,30,29.237134
-1558.056,4,29.23719
-16.662964,25,29.237205
-1066.8048,6,29.250052
-2633.25,13,29.264838
-984.51984,2,29.264903
-2221.7407,14,29.26492
-894.8496,24,29.264928
-1110.0504,3,29.305657
-1836.3477,22,29.334105
-2757.1616,5,29.334162
-1422.3326,54,29.350687
-1672.3567,12,29.350751
-3713.1218,22,29.350766
-1056.9535,2,29.376453
-1066.2152,2,29.376521
-1517.888,31,29.437055
-1271.0217,7,29.437111
-1341.3167,14,29.437125
-1274.1257,14,29.46481
-144.57281,38,29.478374
-1152.8374,4,29.491187
-1658.8513,9,29.503845
-1736.7812,47,29.520652
-1515.0483,42,29.533777
-1453.0181,14,29.533848
-4128.7812,29,29.547796
-952.4052,17,29.587538
-1285.1466,7,29.613133
-681.122,35,29.613203
-62.296997,61,29.656169
-1052.9678,3,29.65624
-2709.8772,12,29.656271
-1057.1843,2,29.689906
-1476.4832,3,29.710695
-1106.3745,23,29.710799
-1947.4829,10,29.742625
-1695.76,20,29.776628
-1187.4136,56,29.793253
-1553.6384,16,29.793339
-957.79803,3,29.793366
-1117.787,20,29.807051
-1044.1063,2,29.817915
-1040.1422,2,29.85336
48.081238,41,29.853433
-3416.31,15,29.853449
-2307.9102,12,29.853458
-2621.0896,11,29.883933
-733.45996,41,29.884003
-1144.9862,10,29.88402
-1145.1993,6,29.900105
-1042.0764,2,29.900161
-1048.3584,2,29.916416
-1944.9515,8,29.940423
-1094.3121,4,29.940505
369.91205,47,29.976187
-1062.9106,5,29.976274
-1019.56696,2,29.99243
424.24164,37,30.057308
-2162.314,9,30.072047
-1711.0127,5,30.072107
-2634.5354,56,30.072123
-1031.5894,2,30.10222
-1098.0789,6,30.102287
-1089.4163,3,30.102304
-2395.8691,8,30.116503
-1043.244,2,30.133703
865.57166,69,30.133787
-482.98016,35,30.133806
-3692.5173,18,30.148542
-1050.2333,2,30.163053
-387.56677,25,30.163125
-1215.9443,37,30.163154
-353.53424,44,30.16316
-87.45398,62,30.178121
-1344.8436,15,30.17822
-1148.1263,13,30.178242
-1050.2926,2,30.19851
-2289.866,10,30.224373
-982.576,6,30.238802
-1469.1406,6,30.253111
-2065.7268,5,30.253466
-1370.5544,4,30.280889
-2232.713,14,30.280977
-3899.808,12,30.316717
-524.7432,14,30.316796
-1379.6313,4,30.316814
-998.0496,3,30.334518
-1700.3584,12,30.346577
2966.5903,84,30.359152
-2356.4956,30,30.374709
-1452.9557,5,30.388
-1415.7197,5,30.402025
-2097.4526,10,30.402114
-1798.1263,20,30.414377
-1718.2922,13,30.426401
-2072.3303,7,30.447058
-1113.0371,19,30.464127
-1366.8428,6,30.465257
-355.8045,43,30.512619
-1052.1797,4,30.512736
-992.9232,6,30.512754
-1126.4065,4,30.581284
-1071.3732,30,30.581341
-1472.1625,27,30.595707
-3533.7095,14,30.595799
176.17786,43,30.608336
-3810.7566,19,30.622406
-875.8135,43,30.622472
-1465.0175,3,30.647063
-1393.9631,15,30.674871
-1655.9065,29,30.675424
-2348.3633,10,30.697658
-1637.3315,4,30.69774
-1024.2163,3,30.697757
705.62646,86,30.726919
-1578.4447,11,30.726991
-1499.5653,25,30.727009
-1384.1034,5,30.837195
-1753.963,3,30.84835
-797.3327,26,30.86201
-1062.9166,2,30.86211
-946.4181,4,30.8764
-951.7379,5,30.876469
-1227.1636,4,30.876499
858.9806,80,30.888938
-1601.6187,8,30.889001
-1325.3372,11,30.889018
-2102.2432,19,30.889024
-1051.8052,2,30.904088
-1051.6321,2,30.916286
-1095.2418,4,30.929919
-1247.0564,6,30.943523
-935.1493,4,30.943597
-1116.3013,5,30.961881
-1612.0131,8,30.972466
-265.66467,30,30.98524
-1026.9639,2,31.01213
-1872.7754,6,31.026334
-1868.9868,9,31.026404
-934.047,17,31.071247
-1085.0372,4,31.101826
-1242.6301,26,31.101924
-1352.657,6,31.115628
-1898.2549,3,31.115707
3655.3071,150,31.115724
-1117.7374,3,31.145273
-2716.234,5,31.183236
-1400.7205,15,31.183304
-3792.6968,60,31.260682
-1486.0134,30,31.260747
-1222.3114,5,31.276304
-1156.9191,4,31.326935
-461.229,23,31.355241
-2176.3052,49,31.355335
-1160.3435,4,31.355353
-2689.891,29,31.355362
-1955.8428,33,31.385043
-2025.5947,42,31.385088
94.41467,20,31.385097
-1010.79095,3,31.405943
-1875.8142,4,31.44071
2625.789,84,31.459156
-2165.2832,11,31.483535
-1207.4736,19,31.511774
-1064.049,2,31.511872
-1671.2163,6,31.511886
-1092.1046,5,31.531054
-949.83777,25,31.569552
-1535.4242,14,31.58291
-1721.486,35,31.582971
871.3612,81,31.582987
985.416,47,31.582994
-1702.8088,12,31.612461
-1886.4995,15,31.612811
-1533.3594,15,31.61285
-888.15314,4,31.62592
-1054.3713,2,31.638371
-818.2794,16,31.652369
-2570.5664,66,31.677326
-1016.6747,5,31.677395
-1487.7388,4,31.677418
823.89105,46,31.695316
-3763.5825,49,31.695368
-1066.1569,3,31.695382
-1498.9392,8,31.695386
-1342.8735,7,31.707828
-1180.7285,10,31.721316
-1539.9728,4,31.733745
-702.897,16,31.73381
-870.1243,3,31.74834
-2846.1582,17,31.76176
-1268.6934,19,31.775891
-924.9366,22,31.77596
-1595.7913,4,31.775978
-1295.3179,26,31.791423
-1574.1754,7,31.791478
-1782.112,11,31.791492
-1049.1515,2,31.804286
-1058.1575,2,31.831843
-1444.5385,9,31.83191
-1583.138,7,31.849399
-369.05603,40,31.84946
-1042.2996,4,31.871435
-1745.2173,7,31.871545
-1255.1333,6,31.89222
432.90192,21,31.902985
-570.21216,48,31.916927
-1326.21,8,31.91701
-1414.2577,5,31.91703
-1937.9573,5,31.930319
-1824.061,5,31.943946
-1387.6924,4,31.962837
-933.1185,6,31.977485
-1735.0281,65,31.977541
-1120.0568,4,31.977556
-160.62683,32,32.001339
-1052.2971,5,32.014435
-1713.4756,8,32.042123
-2522.253,12,32.042181
272.6117,25,32.080481
-1061.0496,2,32.080584
-1243.7017,14,32.109792
-835.47675,81,32.109857
-2878.5237,33,32.109872
-2666.4702,17,32.128815
-3529.7256,12,32.128878
-2140.454,3,32.146644
-2788.2715,27,32.146745
-1774.5562,11,32.146768
-1037.3077,2,32.165182
-1034.6937,2,32.183826
-1054.4379,2,32.183917
-1096.4072,3,32.207086
19.937256,23,32.207143
-1439.9382,5,32.220346
-811.2835,7,32.254516
-1189.1537,15,32.254596
-1285.2335,13,32.277078
-21.194946,28,32.277117
-1395.1252,10,32.2941
-1801.1484,6,32.424446
-1795.4901,10,32.443444
-1934.7062,13,32.479072
-290.69067,25,32.50317
-2120.171,15,32.539709
-1716.76,37,32.539779
-1987.2585,3,32.570121
-985.8734,22,32.595007
-1165.5385,14,32.595092
-1139.5057,16,32.618389
-985.7953,2,32.618458
-1405.7892,16,32.618475
-2262.9844,82,32.618483
-1774.5792,46,32.63584
-646.7582,31,32.635908
-1893.5912,10,32.635927
-1104.1371,51,32.669442
-1645.1145,28,32.669526
-1044.728,2,32.690775
-1734.69,4,32.690857
-1498.8749,4,32.730976
-1080.2863,4,32.77193
-1388.5369,8,32.772025
-2523.4502,4,32.772046
-2839.2097,14,32.805384
-938.4929,7,32.805464
-1224.1705,4,32.852218
-2557.9482,8,32.891681
-2533.5518,5,32.98915
-1393.3424,3,33.043686
1799.4362,59,33.043749
-1595.9866,12,33.088391
-1954.2302,42,33.088487
215.96936,33,33.127255
-2600.8254,10,33.217358
-2204.1897,10,33.217491
-2856.3928,19,33.254785
135.92126,46,33.283605
-1535.4257,23,33.283922
-1071.4005,17,33.283942
-1440.9474,3,33.31445
-1428.9879,3,33.314527
-1761.5913,14,33.314542
-3604.5664,13,33.338526
-1193.0061,8,33.338584
-2497.8062,17,33.349739
113.34839,35,33.364183
-1044.3093,4,33.36427
-2306.5789,14,33.36429
896.93115,45,33.383581
-1692.8301,10,33.394887
-3028.5703,8,33.415128
-1382.6631,4,33.428407
-913.8282,3,33.465874
-2433.3052,16,33.482619
-993.5393,17,33.498675
-841.8552,6,33.526385
-1153.8768,3,33.538888
-2597.0952,49,33.538963
-3810.9448,16,33.55283
-1306.3143,16,33.568965
-1912.2479,15,33.569022
79.50256,150,33.58656
-1079.2323,2,33.58665
-1060.0725,7,33.586669
-1207.6022,8,33.586675
-3790.5518,56,33.616423
-1177.8633,4,33.629408
-273.7119,37,33.654071
-2024.526,23,33.664152
-972.728,4,33.690424
-1127.1927,3,33.69048
-1923.7231,9,33.7172
-611.00073,27,33.744162
555.7029,35,33.74422
-1070.0287,2,33.758573
-1104.3462,2,33.786853
-2215.0254,12,33.786943
-2878.7104,25,33.786958
-801.1089,5,33.786963
-353.62372,24,33.786967
-1107.1667,16,33.800257
-1145.0968,8,33.800317
69.94653,30,33.813792
-2017.6868,18,33.830279
-1062.0396,2,33.83035
-1006.7727,5,33.830368
-4034.6792,15,33.859692
-5051.304,41,33.859774
-926.54724,18,33.872219
-876.7815,7,33.903895
-1902.0211,8,33.903968
-1885.709,8,33.903985
-657.05804,7,33.928432
-966.9197,5,33.951227
-3298.5273,52,33.951298
-370.55054,41,33.967771
-1004.71924,2,33.967875
-161.68976,29,33.98788
455.01422,40,34.00465
-1083.0365,3,34.02968
-1486.9424,16,34.029754
64.9137,62,34.044844
-1853.0142,12,34.044935
-1287.2136,19,34.076728
-818.56396,6,34.088549
-2353.4194,15,34.08861
-881.1855,5,34.116176
-1007.5354,2,34.144578
-2840.394,21,34.144657
-1145.5967,6,34.165657
-283.62598,37,34.165734
-301.10248,26,34.181163
-1369.7908,15,34.181235
1870.6912,54,34.194193
-2260.5547,11,34.206044
-1691.3558,30,34.22092
-1648.3743,4,34.234885
24.051147,20,34.248911
-1055.9907,2,34.300566
-2250.6907,22,34.324732
-1063.1598,10,34.324801
-3057.0085,47,34.324818
-1066.9451,2,34.33871
-1012.6424,2,34.37159
-942.7412,4,34.403203
-1009.0404,12,34.403264
661.0115,44,34.420398
-412.98898,19,34.420467
-71.820496,21,34.448535
-1076.8444,4,34.448622
-1586.9725,10,34.491567
-1785.9922,6,34.513076
-1633.166,29,34.513399
-899.62604,21,34.534906
-1589.7202,23,34.555134
-1008.24634,2,34.55522
-1053.1212,2,34.570712
-1839.8092,46,34.570774
-3492.7075,20,34.57079
-1453.7482,3,34.600891
-1850.8259,6,34.600967
-1057.643,43,34.614634
-1013.4709,2,34.62759
-764.85266,52,34.668734
-18.97583,26,34.668822
-4150.8955,48,34.693298
-1415.4657,6,34.721776
-1120.2778,3,34.72222
-1866.2782,20,34.722264
-1577.5051,4,34.734643
-1131.5479,22,34.746996
-1956.3418,49,34.761275
667.3325,45,34.761362
-1865.1603,35,34.774703
-2381.7024,9,34.837195
-1008.48517,4,34.837285
1238.2046,26,34.878271
-1510.4446,8,34.909713
-1056.3496,2,34.922972
-1640.699,95,34.923048
-273.84802,23,34.943301
-1054.6746,2,34.943394
-2151.8193,12,34.943416
-1335.2188,40,34.943423
-1459.3411,21,34.955523
-924.5775,7,34.967718
-1256.9534,14,34.967784
-1163.7748,3,34.967803
-990.0124,3,34.984004
-2105.3154,9,35.004639
-1037.6138,2,35.004739
-463.74274,36,35.032711
-2221.5166,27,35.032827
-1235.7476,5,35.044075
-953.0465,18,35.057469
-1139.3752,21,35.08289
-1452.4738,9,35.082978
-2460.9985,18,35.095311
-863.3251,5,35.095392
-1057.5804,2,35.115512
-1902.0198,5,35.115563
-2756.8354,10,35.131769
-995.6719,3,35.131861
-1406.9888,8,35.146419
-513.86,35,35.146494
-1029.6141,2,35.146508
-1344.4226,10,35.146514
-2891.3887,8,35.171364
-1045.0087,5,35.171431
-762.7788,5,35.171447
-1066.2771,4,35.183154
-1008.31256,3,35.183223
-317.87048,40,35.225454
-1044.783,4,35.240044
630.4686,49,35.254454
-1698.1633,9,35.270576
-1037.8615,2,35.286471
-422.01538,84,35.28658
-1049.6757,2,35.306677
-822.50024,24,35.333791
-1108.2244,5,35.333874
-1029.8058,43,35.333894
-1553.0981,9,35.333902
-1241.427,7,35.349649
-992.92834,3,35.363614
-1094.049,3,35.376736
-1402.6382,40,35.434153
-1608.9642,15,35.4342
-1756.5043,20,35.434212
-2007.3623,8,35.449468
-1514.4009,28,35.44955
3103.608,68,35.449565
-1017.6013,29,35.465248
-398.9046,34,35.465312
-2601.3433,19,35.484123
-959.2511,3,35.484196
-160.68915,23,35.531017
-1039.946,2,35.531118
-761.064,34,35.531138
-906.3732,4,35.545997
-1896.8228,15,35.582084
1476.794,40,35.594554
-1191.8802,8,35.609738
-1213.0089,11,35.625188
-1464.3082,11,35.64071
-2350.2673,17,35.640807
-835.3764,28,35.668083
-1027.037,6,35.68038
-2763.2139,14,35.703477
-1075.5018,2,35.717212
-1450.7096,12,35.729736
-821.7821,16,35.729807
434.35498,28,35.766372
1293.1515,95,35.766702
-1092.8765,9,35.804577
-1059.4722,5,35.804705
-2487.4612,12,35.80475
-1462.4093,19,35.82277
-1070.5782,6,35.837118
-924.4206,33,35.852023
-966.2694,3,35.852091
-2219.0654,19,35.852107
-1097.6538,3,35.871151
-2014.2773,30,35.884419
-1017.9576,2,35.884479
-2561.924,14,35.884506
-1001.6668,5,35.884512
-1975.5476,4,35.90543
-1728.6411,34,35.92672
-1557.1365,10,35.944533
-1698.2253,11,35.961267
-1016.39307,2,35.961363
-1171.6444,5,35.977646
-646.76636,22,35.990102
-1537.5404,18,36.00458
3001.3086,51,36.004669
-1103.6156,4,36.025159
-1564.3173,9,36.025217
-1417.1654,5,36.039181
-2390.0674,24,36.039258
-2424.346,12,36.05286
-73.402466,24,36.067724
-530.66327,45,36.081372
-1347.6012,57,36.098015
-140.08197,95,36.098102
-2199.7925,40,36.128638
-3011.18,9,36.145915
-1776.1401,4,36.18827
-1588.4717,9,36.188325
309.15533,38,36.21455
-1348.6736,7,36.214619
-676.6759,18,36.240765
-2674.558,29,36.260509
-1421.2618,4,36.291213
-1182.0933,5,36.304457
-704.0059,15,36.316856
-1091.248,2,36.316922
-1359.2573,3,36.316939
-300.42572,24,36.329826
-1334.0884,9,36.329894
-1142.63,5,36.329908
-992.7458,2,36.357491
-1018.08466,3,36.370423
-1722.4482,19,36.386823
-124.22821,20,36.416496
-2022.5514,7,36.416547
-989.00714,7,36.416574
-1846.2422,8,36.427706
-1077.38,3,36.455722
-1268.6495,26,36.455798
-1614.6709,16,36.4705
-907.6017,5,36.497221
-1062.9072,2,36.497545
-1190.8115,27,36.540714
-1500.1163,8,36.568084
-2731.1304,46,36.568153
-1871.214,41,36.56817
-842.27136,18,36.581984
-2256.7483,38,36.594904
-645.9154,25,36.59496
1899.9941,48,36.632583
-2996.993,37,36.632673
-1112.3246,12,36.657602
-2702.9302,9,36.685069
-1196.6063,12,36.725538
-1398.3945,3,36.725597
-2613.408,8,36.741074
-1450.5648,12,36.755418
-214.91339,28,36.797292
144.77307,45,36.815699
-1645.7041,20,36.816019
-1309.1847,29,36.816063
-2680.0273,47,36.83097
585.7334,33,36.831052
-726.4057,39,36.849605
-330.09985,34,36.861109
-2054.7102,9,36.87514
-1280.2318,10,36.875224
-1416.7231,6,36.900351
-1054.7997,24,36.928281
-1880.6343,9,36.96067
-1203.0771,8,36.960745
-962.1242,27,36.960765
-1094.8335,4,36.960774
-755.11237,89,36.960779
2827.3237,62,36.976525
-1049.2172,16,37.005563
-2103.1724,46,37.018546
-1381.283,11,37.018605
-1966.9812,20,37.032127
-1420.1506,5,37.04559
-317.85242,26,37.045661
-1372.4156,4,37.061158
-1002.19617,2,37.061223
-1082.185,4,37.076315
-1146.4076,16,37.076369
1977.4174,76,37.076385
-2017.1377,33,37.076391
-894.1393,13,37.076395
-963.0552,4,37.076399
-1870.981,18,37.090689
-2488.874,10,37.104416
-1352.3086,19,37.104497
-1619.6008,4,37.118069
-1162.9596,5,37.118167
-1078.0631,4,37.131188
-1304.6923,14,37.160801
-4269.3906,17,37.177272
-100.74286,48,37.190091
1048.6451,38,37.190169
-587.733,23,37.200936
-753.14636,18,37.21424
-392.47968,85,37.243126
-1290.5138,10,37.260756
-2119.6306,12,37.260827
-1734.94,13,37.260845
-1340.2148,8,37.31536
-791.8266,30,37.315437
-1620.7388,6,37.34527
-1446.1904,3,37.357189
-947.3373,21,37.371947
-1532.3235,16,37.384535
-1057.5144,66,37.399248
-2402.1484,21,37.399311
-1775.9631,22,37.417736
-1627.0283,12,37.430743
-2211.9297,18,37.446743
-1066.6566,2,37.446848
-890.6379,34,37.446863
-1072.226,5,37.463143
-1581.4385,20,37.482387
-2115.815,9,37.482448
-982.63654,29,37.503213
-1000.6826,3,37.529067
644.60596,35,39.21424
-1153.9357,16,39.214294
-1051.557,26,39.214308
-803.4813,23,39.242663
-1487.1455,9,39.242731
-1247.1881,8,39.242748
-1137.2798,4,39.26642
-1100.358,2,39.266498
-1769.4475,14,39.266517
439.49707,46,39.288319
-3528.474,12,39.288392
-1081.7852,3,39.320382
-1069.5635,2,39.320464
-924.71674,5,39.345367
-1031.1506,3,39.358613
-1786.5276,8,39.358704
-1442.7937,24,39.375311
-1184.9066,31,39.375361
-2742.6365,21,39.375375
-1538.2961,16,39.37538
-864.20654,5,39.391164
-1634.7888,12,39.391254
-1868.635,8,39.405289
-1466.6215,21,39.40535
-943.7657,26,39.41764
-2552.982,15,39.433416
-928.1491,5,39.43347
-1682.8916,13,39.433485
718.7197,49,39.433493
-1115.5695,3,39.433497
-1427.2954,4,39.433503
-854.76245,5,39.46041
-1072.9095,3,39.460497
-1750.4148,8,39.472176
-1062.0587,3,39.472245
-1023.902,48,39.472262
-1476.2826,4,39.485186
-1148.0615,4,39.48527
-1138.0457,3,39.499183
25.877563,54,39.517715
-246.88776,25,39.517807
-1357.1339,7,39.532713
-613.3992,18,39.532847
-1279.1499,8,39.548298
-1061.1086,30,39.548352
-1453.0278,8,39.598772
-1367.6592,10,39.59884
-380.19202,29,39.598857
-1646.9948,16,39.598863
-1071.2197,9,39.642841
-1385.998,7,39.642902
-1070.4034,3,39.642914
-1052.1487,2,39.768853
-1398.9202,24,39.785343
-921.06555,20,39.819513
-159.32587,25,39.8452
-1744.6007,13,39.845279
-2156.3975,10,39.861047
-1019.06744,2,39.861121
-2462.8508,19,39.861139
-3768.5747,68,39.886352
-1206.1711,4,39.909264
-1010.83575,4,39.909328
-3678.0278,28,39.909343
-841.92993,31,39.923378
-1611.9878,7,39.936873
-1042.9662,5,39.951494
-2215.3647,26,39.951563
-975.8713,2,39.972403
-1494.3684,12,39.972452
511.5522,27,39.986377
-373.36658,29,40.008265
-1101.0957,2,40.019788
-1056.288,4,40.034186
-1273.1418,6,40.054027
-5290.3003,24,40.06733
-1051.5619,3,40.067389
-908.50665,39,40.083703
-3549.5505,32,40.083773
-1865.5101,7,40.083791
-1591.9078,77,40.125844
-1093.4264,2,40.154761
-320.53412,24,40.154811
-887.43207,12,40.154839
-106.48102,26,40.154845
-2763.8564,34,40.154849
-1083.7733,5,40.154855
-3009.0889,20,40.165662
2378.4624,91,40.180209
-1285.8376,7,40.193144
-1064.4838,3,40.193199
-1419.2548,8,40.207199
-1403.6648,4,40.207278
-1307.8688,8,40.207295
-1271.9751,6,40.234241
471.5114,27,40.24676
-2326.6172,5,40.247061
-1051.7798,41,40.247104
-1866.1963,14,40.247114
-866.47314,23,40.258396
-1268.4596,9,40.271278
-1436.2496,6,40.271355
-1421.3777,4,40.315114
-1623.3347,12,40.334834
-2412.9768,10,40.361483
-3068.6504,24,40.374391
-1494.1309,8,40.374472
-2999.6804,10,40.403943
-1483.2947,12,40.445065
-3275.7637,24,40.445145
-1031.3972,13,40.473743
-1929.4153,47,40.473803
375.0951,28,40.487511
-579.8392,19,40.487596
-1576.662,11,40.487614
-1360.1111,5,40.556248
-2941.2236,43,40.572842
-277.64362,42,40.572928
-2014.5583,43,40.572942
650.54724,28,40.572949
-969.22705,2,40.610071
-1474.2979,16,40.623419
-1072.1407,3,40.623477
-1501.0366,4,40.635771
-126.85541,33,40.665643
-1822.4059,5,40.70817
-1457.4363,15,40.708256
-2069.7773,10,40.732674
-1151.4009,25,40.763239
-1081.8938,5,40.791075
-367.66846,38,40.811993
-1771.8815,10,40.851795
-1167.1532,5,40.851867
412.92914,36,40.871504
623.1388,75,40.889832
-1263.5979,17,40.913794
-3323.979,43,40.932729
-1210.8708,8,40.951779
-1034.707,2,40.965483
-991.0905,16,40.979486
171.71606,43,40.979544
-2076.8364,9,40.998538
-1405.7979,9,40.998625
-2172.203,7,40.998642
-977.2169,3,41.035919
-982.9073,2,41.089109
-3277.9307,36,41.102422
-1097.1471,6,41.116432
-214.44995,46,41.146024
-777.61523,33,41.146111
164.87646,59,41.170992
-444.3855,44,41.171058
-117.66504,42,41.171075
-1089.0114,3,41.188706
-983.69135,7,41.201318
-1855.3417,13,41.214373
-1103.3286,3,41.214435
170.85114,31,41.245887
-1945.8755,49,41.246004
-737.07526,39,41.259094
-1789.075,6,41.259161
-1289.6057,17,41.26982
-996.97784,2,41.269917
-1028.4456,2,41.269933
-1090.6564,3,41.318355
-412.97205,23,41.318467
-1349.2168,28,41.318483
-2540.3188,11,41.33554
-2179.6592,9,41.335598
-1014.68475,5,41.335612
-817.31775,17,41.365095
-874.75854,5,41.397694
-1405.4489,5,41.414826
-2506.8103,13,41.415075
-1026.4607,2,41.43051
-189.41296,23,41.430647
-1829.8901,7,41.458425
-1087.9407,19,41.494309
-2658.0732,4,41.494386
-880.92676,7,41.494408
-988.88214,7,41.549299
-1407.8436,3,41.549399
-784.121,14,41.570002
-457.8978,17,41.570086
-48.405212,36,41.570108
-1123.2579,6,41.570115
-973.4204,26,41.57012
-862.3396,71,41.592208
-1790.9761,5,41.657138
-906.6017,4,41.657212
-603.7693,80,41.68497
-1010.9741,2,41.705398
-420.02356,129,41.719708
-1024.2943,3,41.719782
-1766.135,13,41.765109
-1162.905,3,41.76521
-3004.668,13,41.765227
-1035.5004,10,41.782454
-1065.2128,4,41.80716
-2306.5903,11,41.823136
-2800.9346,34,41.83959
-1005.94226,3,41.858216
-980.8476,22,41.879971
-955.437,3,41.88006
-1852.4149,7,41.898559
-972.11255,35,41.91204
-1061.2151,7,41.912113
-1169.027,19,41.926583
-1145.2251,35,41.926666
-1223.4574,6,41.940387
-1113.327,4,41.953291
-1203.21,5,41.953366
1139.6003,76,41.966613
-312.1137,60,41.966685
-1362.3147,15,41.99088
-1103.0464,32,42.05596
-2110.5889,26,42.068935
-1907.0491,13,42.13456
-1072.259,8,42.134648
-1514.4075,31,42.154477
-2823.5486,44,42.154539
-1777.6965,7,42.168738
-185.78424,33,42.183018
-3304.4,14,42.199347
-1022.24243,2,42.199438
488.35834,48,42.199458
-1803.705,18,42.254797
-962.27734,7,42.269261
-1493.054,17,42.269331
-1269.9103,29,42.284661
-1140.7468,84,42.284739
-1136.5347,6,42.302201
-997.2625,32,42.32725
-2453.0278,8,42.402421
-1373.0293,8,42.402516
-2179.812,15,42.419577
-1316.1559,9,42.435525
-2665.4526,33,42.435588
-1043.8408,2,42.456358
-2054.774,16,42.482653
-960.567,3,42.521752
-995.93304,5,42.521835
-4585.8833,23,42.521852
-1618.7434,7,42.536058
-1504.857,15,42.536134
40.956543,121,42.574919
-3641.028,92,42.590451
-1054.6248,2,42.603946
-2584.017,40,42.604014
-1571.2997,14,42.619411
-2324.4036,35,42.66026
-266.30084,24,42.673621
-1121.4226,18,42.690257
-4017.9238,49,42.711636
585.1709,30,42.711724
-1485.7389,33,42.711743
-403.33112,28,42.711751
-1082.4718,2,42.731908
-1699.3508,5,42.746271
-5415.047,14,42.763235
-1780.6743,14,42.763304
-1088.561,3,42.776568
-1741.0767,16,42.806649
-1764.2761,13,42.818867
-1016.40643,2,42.833677
-1985.6307,10,42.833746
-921.0393,7,42.851443
-232.79938,39,42.851518
-2248.6897,5,42.851535
1616.0884,55,42.870003
-922.2634,3,42.901284
-1156.2096,3,42.901356
-989.6095,13,42.922002
-2716.9023,14,42.933633
-1997.7319,57,42.933709
-1054.4326,2,42.969208
-600.3028,23,42.969293
-2169.504,18,42.999985
-1063.6373,5,43.000074
-869.1139,11,43.016618
1088.2827,62,43.016682
254.4729,66,43.0167
-2702.2795,37,43.037104
-3104.183,32,43.0547
-701.63513,46,43.089973
-2002.0802,9,43.090055
504.90826,21,43.109321
829.80994,84,43.12193
-1600.6984,6,43.147948
-977.39154,2,43.148014
-2296.1914,16,43.161559
-3538.4424,17,43.174932
-1197.3574,20,43.17501
-1637.1333,22,43.175028
-585.25476,23,43.201519
-1467.6184,16,43.223812
-1019.2117,5,43.223892
-2125.3113,5,43.258182
-1789.3481,10,43.258246
-1539.5983,4,43.285995
-1543.6672,9,43.311968
-972.7991,2,43.312036
-2078.3062,19,43.324646
831.35724,50,43.338554
-375.5534,34,43.405214
-4044.1328,43,43.438097
-717.92175,19,43.438198
-750.7477,6,43.43823
-543.6366,47,43.452685
-1049.5018,2,43.463198
-1018.6461,31,43.481579
-878.3687,15,43.481648
-1071.5452,5,43.481663
-86.56348,27,43.494931
-976.8675,4,43.495008
-1970.2009,31,43.495025
-2048.702,12,43.510286
-2133.1887,5,43.554622
-1183.6339,4,43.554689
938.53,59,43.554706
-252.18433,35,43.554715
-1112.6235,21,43.566162
785.2704,28,43.579997
-1331.4513,6,43.592632
-1007.82025,2,43.623365
-1544.821,13,43.677171
-859.79846,30,43.677238
915.28894,72,43.732345
-3095.7783,12,43.732467
-1436.3269,4,43.732491
-3839.0127,48,43.746186
-1593.5562,10,43.746459
-1710.9946,23,43.769374
-1120.366,8,43.782057
-1626.9441,21,43.810046
-1740.7087,43,43.823163
-993.0523,7,43.835128
543.1089,25,43.857958
-1039.7068,2,43.858038
-1517.4304,9,43.869825
-1031.8502,4,43.897205
918.5026,28,43.911619
-2588.9473,30,43.911681
-942.4485,5,43.927136
-1633.1389,11,43.954806
-1972.4653,63,43.954862
936.8954,66,43.968856
-1087.1533,3,43.968947
-2031.4419,36,43.981234
-639.2721,17,43.994547
-1043.3257,2,44.005841
-1246.5372,7,44.005903
-1716.4141,8,44.01922
-1038.8442,4,44.019275
-992.0428,5,44.019295
-476.9452,49,44.032436
-1511.4683,12,44.032498
-1431.1719,32,44.032513
-2153.328,14,44.045546
-3932.6753,31,44.059969
-1467.7118,4,44.060052
-1475.6028,8,44.073117
-786.1686,5,44.07317
-926.2778,3,44.073184
-1036.8286,4,44.073191
-969.4355,37,44.087216
-1333.1761,5,44.087292
-2792.3857,5,44.087309
-2750.5762,15,44.100348
-1016.21094,5,44.113458
-1230.611,3,44.129434
-1104.7723,4,44.129501
-1727.6277,63,44.129517
-1196.7637,71,44.129525
-1928.7771,28,44.142716
-1633.6782,26,44.142779
-1095.1503,2,44.157393
-1332.8016,26,44.172297
-2307.849,17,44.187949
-1716.355,8,44.187994
-964.9297,44,44.188004
-1366.1697,8,44.203271
-1033.883,3,44.203363
-1516.486,7,44.226059
-1480.1451,7,44.250855
-1060.3728,14,44.279463
-1117.1542,5,44.293227
-1060.2682,8,44.307403
-811.75476,21,44.307461
-1446.9172,18,44.307476
-2720.9204,13,44.307481
-1065.3154,12,44.324082
-1612.7833,7,44.356541
-1877.7014,5,44.35661
-2188.7112,12,44.409431
-2205.5933,22,44.40953
-1146.6635,14,44.425302
-2318.205,7,44.439516
-836.57306,18,44.439579
-3238.253,11,44.484066
1526.9908,78,44.484121
-877.1592,5,44.484136
-1664.9692,6,44.509942
-964.03076,4,44.51002
-1827.2087,12,44.510038
1030.2407,27,44.521524
-1023.6102,3,44.532896
-1985.0743,12,44.547304
-1157.1509,4,44.56029
-970.47815,2,44.575852
-2114.203,28,44.576149
677.5367,70,44.601811
369.79346,29,44.601923
-167.36566,19,44.601936
-2229.746,22,44.635437
-173.30902,39,44.635498
-1006.6275,5,44.655891
-1231.3691,3,44.655962
-963.9862,3,44.655981
-1040.1394,2,44.66893
-921.80164,3,44.683889
-3000.143,17,44.683939
-1867.242,8,44.698807
-560.22894,40,44.698871
-1043.4353,2,44.712676
-1759.4586,14,44.727189
-1254.1155,5,44.727258
-459.26398,33,44.741779
-1440.9576,35,44.741883
-1057.2164,5,44.75624
-1042.6409,6,44.756327
-2807.6384,18,44.756346
-2203.3867,5,44.766828
-1388.4988,4,44.766889
-2686.9941,28,44.781236
-1046.6862,3,44.834136
-1111.5581,6,44.847982
-1625.7086,27,44.848051
-1305.2717,51,44.861595
-705.8595,76,44.874506
-1033.6619,3,44.874563
-1895.1838,11,44.891364
-665.8712,26,44.891623
-2002.4489,11,44.919856
-1146.3413,4,44.934769
-1567.159,6,44.934813
-1460.9637,4,44.951019
-1448.1101,8,44.973532
-777.25867,21,44.973601
-1086.7637,2,44.973617
-1952.6016,7,44.973625
-1511.4968,44,44.987239
-2702.0286,18,45.009691
-1064.5529,4,45.020883
-3499.0166,24,45.046059
-670.6482,31,45.059851
-2214.529,10,45.059929
-1127.8639,12,45.05995
-218.45758,20,45.059958
-1087.7881,3,45.088634
-1265.3772,30,45.088701
-1092.1288,2,45.088729
-862.24097,7,45.112928
-1984.7722,27,45.12549
-1190.9431,14,45.125546
632.4302,44,45.137049
-928.92883,7,45.148088
-1144.0083,7,45.148151
-954.1522,4,45.162315
-1650.2356,4,45.176296
-2144.295,6,45.205022
-1040.7196,2,45.205129
-911.3649,5,45.232068
-1318.0232,12,45.246635
-1062.5522,3,45.246699
-1751.4418,9,45.271975
-34.88507,24,45.286351
-1406.5471,23,45.286433
1680.8115,75,45.30085
-1623.4915,6,45.315142
-1492.7666,6,45.327501
-1754.1509,24,45.327567
-1189.331,29,45.340763
-2313.6958,11,45.354265
-1620.7227,20,45.354373
-446.2731,23,45.371075
-1032.1422,3,45.371183
-889.03827,6,45.371212
-4893.049,22,45.38693
-862.2274,31,45.387005
2106.7969,61,45.444654
-1769.1885,5,45.444715
-1408.8274,7,45.470021
-904.3332,13,45.47009
-2118.6006,7,45.484047
-1608.6587,15,45.507551
-1059.8555,4,45.52326
-1118.4928,3,45.523573
-1340.0735,14,45.537495
-1529.9886,12,45.56373
-1970.817,10,45.57921
-424.54755,24,45.591914
-1016.20026,17,45.63926
-1900.4084,17,45.639319
-1748.4705,4,45.639334
359.68115,21,45.67294
587.76025,56,45.687669
-1899.452,10,45.699667
-1953.215,38,45.731734
-292.5368,21,45.731819
-1291.7065,13,45.747588
-2839.349,8,45.747662
-207.18652,69,45.747679
1367.3256,66,45.747685
507.25818,86,45.762192
-1039.772,4,45.762266
-3294.3052,83,45.762296
-978.75134,5,45.788784
-1080.8712,2,45.788863
-1026.2035,3,45.788882
794.42065,72,45.827958
-1332.2191,11,45.828011
-3041.5667,23,45.844105
-897.69934,7,45.864664
-1561.5763,6,45.896174
-964.5331,2,45.896265
-3367.2363,12,45.949162
-1152.6757,9,45.9495
-945.4022,4,45.96313
-2006.1825,18,45.977736
-1578.658,21,45.991276
-1512.739,6,46.032925
-1227.1179,48,46.07617
-1134.3334,26,46.076237
-1439.7168,9,46.104437
-1042.7903,3,46.134157
1506.61,63,46.134252
-547.5691,24,46.168186
-1786.1827,28,46.195136
-942.01105,15,46.210099
-996.9461,3,46.210177
-3439.4795,47,46.210195
-3014.7434,28,46.223521
-1402.3352,8,46.250782
-2240.1204,26,46.250847
-1269.0166,18,46.265526
-486.9815,45,46.26558
-1536.1152,86,46.280224
-1333.5387,15,46.318803
-64.104126,35,46.35306
-2625.8865,11,46.353145
-958.6968,3,46.372421
-1131.8942,9,46.476708
-1989.5166,9,46.492415
-1046.7808,18,46.49249
-1033.5662,3,46.532268
-2575.2476,15,46.558067
-1398.5435,39,46.576706
-1318.7539,7,46.577034
-1870.1989,6,46.577067
-629.15094,73,46.590403
-1376.1108,6,46.605437
-1587.7223,27,46.6055
-1665.0508,6,46.605514
-1612.0908,10,46.618108
-2195.815,5,46.618167
-1092.3192,18,46.632613
-255.39789,21,46.632679
-2903.4922,7,46.691497
-3024.8076,66,46.691576
-1024.7758,2,46.724382
-1477.125,8,46.736923
-744.6155,9,46.777525
-1009.2227,70,46.836001
-2331.1138,15,46.849128
-2181.1775,19,46.863494
-1939.505,15,46.877053
-1640.2456,37,46.896808
-2433.6702,17,46.89688
-1872.8318,11,46.896908
-2013.387,19,46.896917
-2033.6489,38,46.908562
-1720.4082,22,46.922172
-606.8275,23,46.950278
-1175.2247,5,46.950405
-1821.8862,20,46.950428
-2115.1643,15,46.982121
632.5755,72,46.995033
-1093.6605,3,46.995111
-879.25055,8,47.008769
202.58905,40,47.022634
-2045.8809,10,47.044796
-901.46423,17,47.044901
-1185.7441,11,47.058044
-1190.0142,5,47.058107
-929.5846,6,47.058121
-1393.8768,5,47.07306
-922.2818,3,47.086266
167.54657,31,47.086337
-1064.0217,2,47.08636
-2121.3713,4,47.131547
-1569.9663,4,47.144776
-1215.903,15,47.158622
-1029.854,3,47.195719
-1071.4471,3,47.23205
-1148.3876,22,47.249517
-944.1358,89,47.249618
-1624.1262,12,47.26562
-3670.6963,29,47.265698
-1915.8242,18,47.27972
-46.74939,27,47.293953
-1733.8257,17,47.294029
-1528.828,83,47.294055
-951.0863,4,47.307827
83.908325,89,47.319795
-2810.606,7,47.332647
-1163.6703,4,47.33273
-1028.7795,4,47.375656
1545.9175,47,47.398915
-1187.503,37,47.399013
-499.96567,81,47.399032
-324.0912,24,47.424452
-1626.6874,19,47.424534
-919.51666,7,47.448922
-1588.9965,13,47.449079
-662.6269,34,47.449102
-529.28217,37,47.449111
-2718.6914,4,47.464715
-2081.8179,13,47.464812
-1459.0408,21,47.479181
-980.8405,2,47.47928
-1202.5059,39,47.496491
-1047.595,7,47.496548
-774.811,7,47.528
-914.04706,5,47.52807
-1076.1145,16,47.568811
-912.7652,7,47.568881
41.078003,32,47.586427
-633.86414,19,47.606469
-1556.7705,35,47.606532
-1258.0227,6,47.606562
-953.87067,6,47.606569
-1038.5934,9,47.62582
2333.8335,80,47.626217
-1219.2004,41,47.626261
-1136.358,3,47.668324
-1072.1493,4,47.685641
-1451.3469,9,47.696932
-1278.9071,6,47.709267
-3527.9258,28,47.724431
-2140.4954,8,47.771369
3191.9646,106,47.781804
-265.03192,18,47.795924
-933.88055,4,47.795962
-2299.6206,12,47.831425
-1135.781,4,47.831495
-1391.4685,10,47.831517
-359.07477,32,47.831536
-1542.0677,10,47.861876
-1057.7034,2,47.861944
-1149.4519,15,47.877125
-753.54175,17,47.87719
-1424.4724,5,47.877207
-1213.1799,20,47.877215
-33.05957,38,47.911793
-1561.3052,7,47.934465
-1081.6782,7,47.934541
-1077.6786,4,47.934558
-914.7932,8,47.946965
-2111.1143,28,47.947044
590.6651,32,47.991239
-984.94666,7,47.991319
-1719.4668,4,48.005486
-455.87653,21,48.018184
-2112.5566,6,48.03667
-1637.939,11,48.036978
-1659.524,12,48.070918
-1084.4855,3,48.089323
-75.75806,24,48.110179
218.4154,38,48.110242
-2112.6738,7,48.140036
-1584.085,44,48.163489
-1369.4285,35,48.177221
-1880.7712,44,48.177286
-1084.8638,3,48.177302
-932.40454,36,48.19188
-691.95593,50,48.191953
-1658.0327,13,48.224757
-1408.9219,19,48.25459
-1027.0283,5,48.254672
-1034.6725,5,48.254691
-1126.0013,3,48.275329
-1049.4481,13,48.31431
-907.9876,4,48.325942
-94.58356,33,48.350754
-1920.0636,6,48.364847
-604.1267,31,48.381991
-2069.6038,18,48.402589
-703.6704,32,48.42013
-1820.544,60,48.420211
-2075.8667,28,48.435146
-888.7611,8,48.43521
-226.3316,20,48.463449
-1359.5217,9,48.46352
-1900.0424,15,48.503578
-2243.962,9,48.503642
-931.381,6,48.526841
-1364.2623,6,48.560345
-2217.7856,18,48.584605
-2054.9155,36,48.58467
-1083.0208,7,48.614008
-1552.9445,14,48.625945
-1457.9341,6,48.626017
-1434.8826,4,48.641619
-1263.9844,35,48.641695
-1637.9036,39,48.641711
-875.24976,35,48.655627
-1001.30066,8,48.655697
-182.6112,61,48.655712
-890.87384,3,48.669809
-1010.9157,2,48.684199
-82.94269,42,48.722241
-1859.0317,11,48.736389
-1107.6267,3,48.736448
-1849.6953,7,48.749162
-1033.4382,9,48.764252
-1418.1189,34,48.764347
-1163.1802,36,48.778373
-1633.5399,9,48.778471
-1081.8997,3,48.802356
-1060.8728,4,48.802408
-890.22284,5,48.802422
-783.1034,11,48.815606
-2235.5337,62,48.815675
-1104.0669,3,48.842738
-1084.3645,2,48.842807
-1306.0835,19,48.892314
-530.70905,23,48.892391
-2796.2036,30,48.904571
-1583.5729,12,48.953959
-1439.9673,4,48.972636
-1435.0055,4,48.986401
-3274.7458,37,49.00087
398.6222,33,49.014576
-1061.1588,5,49.038385
-2142.8667,30,49.038437
-1301.771,20,49.077148
-1269.3568,27,49.077224
-699.5548,21,49.090996
-2703.6047,10,49.091101
-1086.9419,5,49.107743
-1467.2039,31,49.125959
-219.40314,28,49.144135
-2811.0933,59,49.144197
-1991.6384,5,49.195743
-961.813,6,49.220183
1506.2307,66,49.220238
-54.054688,25,49.220252
-2122.1501,14,49.24688
-1935.0354,21,49.246942
-1030.3586,2,49.246957
-1930.9639,9,49.246964
-1018.2508,2,49.24697
-1270.6572,10,49.259162
-2558.1746,4,49.259235
-1116.3932,3,49.292277
-1091.621,3,49.292339
-1356.9578,3,49.292354
-2014.5968,4,49.306705
-1215.8868,9,49.306823
-0.9579468,32,49.323029
407.95343,32,49.339547
-2649.6704,22,49.339633
-983.4666,2,49.339651
-936.08905,6,49.3617
-1484.7825,4,49.361782
-923.36523,4,49.374063
-890.9226,40,49.374131
-1570.2124,8,49.412304
-1405.4119,14,49.434796
-1163.0797,10,49.452921
-999.6696,6,49.45299
-1783.0659,10,49.481941
-1493.701,8,49.482018
-1827.3467,9,49.482037
-1035.8392,2,49.511508
-270.5078,42,49.525425
-1288.8142,10,49.525495
-1909.1685,6,49.539601
-768.1119,25,49.562376
-1680.9131,16,49.59777
-1474.11,5,49.611085
-1121.1467,6,49.611132
-4223.422,12,49.623762
-1065.9156,2,49.63626
-1506.4869,37,49.636315
-1340.5952,11,49.648983
-1049.7084,2,49.649062
-1710.4674,93,49.665287
-1034.0383,2,49.665343
-2143.4482,27,49.665358
-2138.392,5,49.679084
-2090.3274,7,49.699979
-933.1529,53,49.700053
-1054.7848,2,49.700068
-1020.5499,5,49.731661
-1733.8583,13,49.770145
1726.8792,82,49.77024
-1471.701,5,49.790605
-1771.7749,15,49.790695
26.193542,24,49.80379
-1062.937,2,49.803855
-871.6437,5,49.827241
-1084.3564,2,49.827308
-1630.7041,51,49.827324
-1268.5955,8,49.840605
-980.5212,12,49.840691
-613.3622,25,49.85922
396.51013,45,49.859288
-1547.3887,14,49.909474
-886.11993,5,49.922243
-1149.3186,4,49.922309
-1170.4067,5,49.922327
-939.66284,3,49.956169
-808.03406,10,50.030823
-1095.9988,6,50.158462
-1598.1913,14,50.158521
-2603.3208,22,50.158531
-963.1719,50,50.1993
-983.0108,3,50.199523
-1788.1152,16,50.199623
-1587.7358,47,50.255339
-1166.754,3,50.277299
269.29242,25,50.277359
-2031.7566,92,50.27737
-1004.91437,4,50.277375
-975.98755,5,50.294012
-1041.8959,2,50.318832
-1824.7988,42,50.333019
-1846.6002,7,50.333082
-1199.1603,5,50.359028
-1103.896,3,50.378216
-1268.0852,6,50.417469
-1684.8011,11,50.417528
-3065.433,30,50.438053
-1021.34875,6,50.438121
-1477.583,11,50.461967
-1018.4013,3,50.476528
-2726.2808,23,50.476639
613.23486,31,50.490204
1670.0171,75,50.551995
-1892.8867,7,50.563257
-2799.1755,63,50.5736
-958.0082,5,50.573668
-948.3473,7,50.588856
-947.1346,4,50.603984
-816.7176,47,50.604041
-1076.9312,5,50.633439
-1694.1683,11,50.633513
-950.8383,35,50.661307
-2642.9458,13,50.674682
-1202.7686,7,50.711012
-1197.7903,3,50.741119
-2724.3281,30,50.741197
-4403.3223,18,50.741217
-891.0147,4,50.741223
-1034.9786,6,50.74123
-1163.0421,7,50.756346
-37.53064,40,50.756401
-1150.8024,3,50.786052
969.8793,29,50.786379
-1027.5975,4,50.802084
-2633.0454,58,50.802144
309.34198,24,50.815933
-1857.263,4,50.850759
-2429.58,20,50.904346
-1057.6165,10,50.904422
-892.8431,7,50.920507
299.56506,38,50.920868
-2620.951,10,50.920914
-845.47406,57,50.93915
-993.17175,23,50.962822
-1001.6609,2,50.979155
-1104.9563,12,51.020345
-1154.2806,3,51.020447
-931.91473,45,51.033632
-640.20544,83,51.064758
-173.66064,42,51.065913
1647.9679,66,51.091572
-523.6102,23,51.166192
-1216.6239,17,51.203563
-1434.0239,11,51.203639
-1310.5604,14,51.248303
-1114.298,3,51.317916
-1772.6855,28,51.350258
-703.6485,29,51.350343
-2211.6284,5,51.466472
-1946.7969,11,51.542919
1130.6375,80,51.579462
-2299.7507,55,51.592393
-2426.2817,7,51.612252
-920.32153,3,51.612316
-1972.5967,34,51.612329
76.867676,18,51.612336
-2320.7002,19,51.636807
-2685.1152,26,51.669852
-1786.3116,10,51.669941
-2572.5034,48,51.729027
-907.73535,4,51.760465
-932.30884,5,51.760524
-812.3705,19,51.81831
-1726.0747,9,51.818369
-990.32086,4,51.848495
-1987.6799,34,51.879698
-2225.6624,4,51.879773
-1567.1055,13,51.975707
-1096.8394,8,52.011471
-3016.5798,45,52.01154
-1057.2844,6,52.043694
-848.0213,29,52.043807
-1123.8843,12,52.043824
-1722.8677,15,52.085036
1387.7971,58,52.086294
-1207.8488,15,52.086363
-1087.7015,2,52.086376
-2984.912,33,52.126797
-1030.8864,2,52.160181
-1006.2763,23,52.198769
-4263.6387,185,52.198888
-1856.1399,5,52.239137
-1213.4749,6,52.287833
-1034.9606,6,52.287943
-1011.38513,3,52.287968
-2501.2676,11,52.287977
-1132.2635,3,52.485917
-2295.9731,50,52.572437
-1234.2692,5,52.572518
-1319.1829,10,52.572536
-3835.3623,12,52.572543
-1310.8889,8,52.669175
-1034.6418,2,52.763296
-1009.23883,44,52.763395
-1393.3789,9,52.76341
-1122.3717,4,52.763417
-1014.15015,5,52.829439
-1031.1577,2,52.874887
-739.4015,38,52.875001
-1554.2078,23,52.949472
-457.84033,25,52.949722
-1853.2185,8,52.96462
-1186.0645,27,53.020705
-1518.0627,15,53.053654
-1401.618,17,53.053747
-1020.40985,4,53.053766
-992.5807,3,53.078015
-1439.7806,36,53.201296
-2128.569,7,53.201496
-2105.4688,7,53.247694
1786.5602,50,53.247766
-1249.0165,27,53.367229
-1584.4185,7,53.36733
-1284.1537,29,53.430899
-997.0809,2,53.430959
-1329.8162,75,53.430971
-3843.4077,22,53.455104
119.68536,27,53.45519
-1321.4608,3,53.510455
-951.8365,31,53.510504
-1687.2314,11,53.510513
-2494.1982,36,53.544283
-1057.8315,21,53.611861
-1081.3105,3,53.611946
-2174.9417,17,53.689163
-2353.811,15,53.755416
-3673.289,14,53.755466
-1034.1138,22,53.811322
-1792.3286,29,53.81143
-1947.2761,5,53.854577
-53.770264,56,53.881303
-1047.3065,2,53.907741
-833.0723,30,53.996879
-1038.5411,3,54.02498
-2247.7712,22,54.025064
-1658.0292,9,54.04932
-1119.186,32,54.069653
-1665.7295,18,54.069699
-2322.1487,20,54.069708
-1340.2009,10,54.097195
-1041.8693,4,54.116232
-1628.8811,11,54.134793
-1115.9736,6,54.171355
-1111.9182,4,54.205503
-1661.273,11,54.20557
-829.4814,92,54.224309
-2653.6284,14,54.22437
72.11377,19,54.245772
-983.41504,3,54.264378
-956.0294,4,54.284163
-1362.849,33,54.30195
-1246.6461,6,54.347914
-1797.365,10,54.348017
-2422.8389,12,54.34805
-1908.1597,10,54.377488
-1682.0869,43,54.424428
-863.2771,14,54.544358
-954.04346,6,54.580554
-1664.7598,7,54.580649
-1874.8945,35,54.62016
-1607.9353,22,54.681807
-1535.4629,38,54.770962
-1023.62396,2,54.771093
594.5531,57,54.771108
-1486.522,14,54.771114
-977.89935,7,54.804757
-1041.7224,2,54.826426
-845.5475,27,54.867552
-1063.3322,8,54.867644
-1428.8864,18,54.867675
-1383.6411,20,54.867687
-765.08057,21,54.867694
-777.3583,45,54.981889
-1234.3376,6,54.981964
290.41833,57,54.98198
-476.31268,48,54.981988
-170.2796,25,55.083993
-1401.7644,6,55.08409
-576.68274,51,55.117743
-1449.419,36,55.150444
-1701.8105,10,55.195777
-92.773254,46,55.22295
-3270.417,26,55.250397
-1698.9429,26,55.25049
-1326.2878,11,55.250507
752.6211,56,55.279656
-909.2256,5,55.279742
-982.80383,2,55.315764
-1782.3738,5,55.315849
-963.30963,4,55.315874
-1507.3984,10,55.315884
-1022.6157,2,55.347101
-1048.2007,2,55.386595
-2395.6484,9,55.386696
-1834.0979,12,55.386714
-1786.5774,5,55.416323
-962.8332,3,55.472
-796.80554,18,55.472077
-1270.2758,13,55.506466
-1422.709,3,55.50658
-1488.1879,17,55.538006
-1046.5269,6,55.551399
-1696.8157,6,55.551469
-1121.3018,3,55.551479
-1573.3256,9,55.582226
-1050.5424,6,55.671527
-947.30133,4,55.671577
-1196.9502,5,55.742794
-784.3599,15,55.778928
-1903.8157,11,55.813596
-745.3259,29,55.815773
-2813.3906,18,55.839611
-783.94543,32,55.839726
-1056.8625,2,55.868265
-1814.0771,61,55.869374
-1523.2201,6,55.86943
-1925.9587,7,55.889331
-1671.0681,15,55.945365
-2218.0645,20,55.945924
-1412.6841,5,55.946101
-2782.5322,38,55.98674
-3625.803,17,56.04512
-347.80975,37,56.045219
-1107.3552,6,56.045254
-1032.781,3,56.068188
-2615.5261,8,56.068301
-1577.295,26,56.084751
-961.3142,6,56.106365
-2738.163,30,56.10648
-1870.157,4,56.126493
-1770.156,7,56.327042
-831.22894,14,56.355708
-749.187,34,56.355818
-934.907,5,56.371842
-1016.3265,2,56.388879
34.763794,18,56.417025
-1932.5857,4,56.431497
-610.2862,24,56.464073
-1440.6388,7,56.502504
-1042.9432,2,56.543909
-1112.1849,18,56.543987
-845.74426,37,56.576898
501.06482,37,56.576942
-612.47,24,56.576952
-2657.3696,21,56.597508
-105.539795,67,56.597592
3346.3555,63,56.613196
-929.0502,4,56.644353
-734.4061,25,56.644413
798.7064,69,56.644429
-907.98645,6,56.699206
-1394.1194,7,56.69929
-979.42474,4,56.713198
-1926.7361,9,56.728118
-322.56342,35,56.728198
-1287.526,23,56.753859
-1040.648,4,56.776485
-1016.8811,2,56.797868
-1747.0293,43,56.797974
-1805.4192,9,56.818758
-1112.9368,4,56.819163
-1013.40564,6,56.81922
-1295.5212,6,56.867092
-1313.2434,29,56.867186
-1977.853,18,56.902294
-3604.679,15,56.90237
71.220825,36,56.961273
-1048.7051,2,57.015445
-4.9300537,19,57.097492
-587.013,17,57.150614
177.68457,58,57.279879
-2247.9663,10,57.279978
549.0818,36,57.279994
2314.5273,55,57.317199
-1051.3558,6,57.455042
-3808.067,91,57.455171
-507.9001,21,57.455202
63.180542,24,57.474437
-1120.6765,47,57.496921
-1426.362,27,57.497018
-990.68054,5,57.553686
-764.2912,5,57.553821
-1055.2705,3,57.553837
-387.31104,26,57.569372
-1045.6522,2,57.5864
-1033.4045,3,57.601006
1072.2499,114,57.601097
-983.32715,2,57.617109
-4068.728,22,57.617193
-296.55096,63,57.61721
-1029.1825,2,57.646097
310.49207,35,57.646159
-1309.0344,34,57.646175
-1227.6611,5,57.684336
-960.07294,4,57.684395
-1065.4785,3,57.708396
-1211.1802,3,57.708441
-867.3549,34,57.70845
-1281.9742,21,57.729483
435.22046,39,57.729542
-1060.4541,28,57.764432
-1244.6837,3,57.77867
-1040.3286,5,57.778765
-3008.892,17,57.778784
-927.89374,5,57.802112
-3601.2979,17,57.802194
-1424.9484,4,57.802212
-3117.3228,75,57.817575
-1622.9207,12,57.830208
-2052.3948,19,57.883929
-946.5401,24,57.884014
-1418.3331,8,57.920474
-1599.4126,70,57.920547
-1423.4999,10,57.967384
-2077.274,20,57.96744
-1615.4648,15,57.986625
-131.94086,51,58.011186
-1688.1321,24,58.011321
-1214.9565,4,58.011344
753.18933,69,58.039344
-2824.4856,11,58.039475
-1712.8154,12,58.039495
-1161.3838,8,58.067017
-1037.7611,2,58.067319
-749.0117,7,58.120589
-1561.0248,9,58.120743
-2630.4243,17,58.150984
-966.6539,6,58.151053
-955.45154,4,58.151068
-99.01959,24,58.173612
-1770.4832,9,58.173766
-3607.5627,43,58.2052
-1476.8584,9,58.264746
-315.40186,24,58.292943
-989.2557,5,58.293079
-1021.94214,2,58.315463
-1796.7963,4,58.315561
-1048.3389,2,58.352309
-1141.3563,13,58.378611
-1739.2251,11,58.484827
-1948.8337,30,58.516558
-2933.6755,14,58.548759
-1651.5511,38,58.548852
-966.07886,3,58.604711
-1103.622,3,58.633197
542.2096,86,58.633311
-1871.9369,15,58.633332
-1203.3401,35,58.706207
-832.65216,11,58.706321
-1216.9242,34,58.736402
-1724.8611,9,58.764005
-2569.0684,42,58.764105
-920.7604,26,58.764124
-1832.2971,21,58.802316
-1406.3793,3,58.802413
-1031.8309,2,58.834043
-136.94977,84,58.922188
-1361.6172,9,58.922251
-1458.3704,20,58.941174
-1615.8298,7,58.970268
-1658.3629,39,58.970347
-923.37775,5,58.970363
-1484.7202,14,59.067522
-932.96704,29,59.067588
-1250.9181,4,59.100637
-1663.0325,16,59.138487
-1022.04584,7,59.138652
-1300.2908,39,59.138673
-1266.6296,27,59.138679
-1061.9128,5,59.22525
-1138.6976,3,59.225366
21.347046,28,59.255352
-1276.1136,8,59.311348
-902.0076,4,59.342876
-1295.9097,8,59.342992
-1365.9612,7,59.343015
1066.4174,83,59.404122
-1152.5242,5,59.49039
-3029.844,18,59.519116
-932.0653,3,59.561199
-204.2157,33,59.588642
-318.62097,50,59.605061
-229.38995,54,59.652963
-405.74805,30,59.70108
-1489.122,14,59.778614
-1275.5919,32,59.778721
-942.18414,6,59.812131
-4454.181,35,59.851223
-908.6012,3,59.882011
1255.6096,37,59.882178
-1381.1945,6,59.921882
-627.2626,51,59.921981
-1603.395,4,59.922004
-1030.958,2,59.983353
-1068.9978,2,59.983461
-5784.9023,47,60.028923
-898.9627,3,60.136562
-881.6068,4,60.136652
-2919.9927,16,60.136667
-38.277283,32,60.172109
-2060.5032,9,60.172205
-3342.0454,10,60.225225
-1079.1625,4,60.25305
-1770.4973,32,60.253156
-963.5391,5,60.288871
-669.3422,32,60.288976
-1031.6672,5,60.353353
-813.0918,6,60.436
-121.37097,25,60.440475
-1046.8064,4,60.605272
-1413.6702,34,60.605371
-1303.0327,5,60.733944
-2257.9128,18,60.734002
-74.15143,33,60.734017
-1708.387,7,60.761445
-1038.2983,51,60.805158
-543.7411,27,60.86643
-2505.6428,12,60.942627
-1465.918,9,60.942707
441.73047,55,61.008653
-327.9682,55,61.035089
-702.8557,8,61.060032
-1020.8021,2,61.081823
-1568.2269,10,61.081896
-1051.7852,2,61.142258
-1118.1328,3,61.169227
-1350.4037,18,61.198956
-1510.9058,11,61.199023
-1085.1637,2,61.199039
-709.52124,26,61.229459
-2253.383,72,61.261632
1402.6154,96,61.29259
-1508.7119,13,61.324654
-1666.6531,10,61.35615
-3017.0615,12,61.356225
-1160.5972,4,61.446066
-953.27405,3,61.446177
-995.6173,17,61.446195
-1065.7494,3,61.538682
-1453.4001,9,61.575881
-1768.3328,13,61.575968
-1119.0887,3,61.625722
3179.7979,64,61.655578
-1062.8446,3,61.655686
-996.8507,15,61.707155
-1621.5066,35,61.768026
-1541.4355,21,61.829408
-3076.3696,36,61.86443
-1412.4014,14,61.864526
38.72046,45,61.910802
-1074.9637,3,61.939203
-46.150635,82,61.975028
-1574.9246,5,61.992209
104.005615,50,62.020353
-2574.168,12,62.048006
231.5487,43,62.048879
-1607.9747,26,62.090188
-1027.941,3,62.10799
-1438.8186,44,62.108068
697.90137,64,62.12568
-1034.6252,3,62.14239
-1020.89355,7,62.184464
412.1607,67,62.227614
-899.6041,12,62.227709
-583.5111,12,62.262164
-1615.4514,25,62.295157
-1011.4563,4,62.29524
-1159.1008,3,62.328174
-1832.6179,8,62.328271
-1130.5173,26,62.328289
-1004.2392,2,62.328296
641.29987,29,62.328302
-1102.2556,2,62.354664
-827.32837,43,62.386742
-1069.038,3,62.386858
-981.001,2,62.386876
-1628.4197,16,62.410981
788.4463,44,62.411069
-1416.6462,4,62.440374
-2049.2915,80,62.476173
-1636.2211,4,62.494215
-1070.3976,2,62.494648
-1987.4712,47,62.526205
-901.7622,5,62.543119
-1412.675,8,62.543207
-1030.2344,3,62.543225
-1761.5142,35,62.543232
-1065.1046,2,62.543239
-1020.72925,2,62.557761
-1074.0356,5,62.590739
-987.24536,4,62.604718
-1045.8678,5,62.62352
-1614.8899,13,62.672464
-1159.2307,9,62.690617
-2051.4058,7,62.707372
-2346.3604,5,62.707438
-1029.6776,2,62.707452
-853.92694,35,62.724846
263.2688,19,62.724952
-2224.662,11,62.724972
-1024.6902,2,62.738433
-4902.7393,40,62.739377
1039.8679,77,62.739455
-2145.2407,9,62.759418
-2203.9543,14,62.799716
-149.38312,29,62.79984
1501.7048,45,62.82967
-1351.9373,4,62.82977
-1068.005,5,62.876921
-2552.6055,23,62.876974
-1660.9955,4,62.894192
713.06067,106,62.922097
-526.33563,29,62.922175
-1973.0391,8,62.92219
-1372.6979,9,62.922196
-887.0642,6,62.922201
697.24365,60,62.955343
-1103.9333,3,63.039381
-1643.3494,11,63.054674
-1115.7488,7,63.054739
-2846.1067,13,63.117775
-2869.9744,7,63.117861
-1568.3381,34,63.15547
-352.3603,51,63.155557
-1571.4347,12,63.190573
-1171.8555,16,63.190683
-2180.6719,9,63.190699
-1003.39575,6,63.313379
-908.95996,8,63.313458
-1269.1428,18,63.361036
-1189.515,11,63.361133
-1862.4861,9,63.386894
-2947.6716,8,63.424598
-1036.2345,3,63.460813
40.28723,44,63.478497
-2410.4175,11,63.478566
-2242.9263,56,63.504703
-865.8246,4,63.504775
-1287.6903,8,63.504792
-1051.938,3,63.522993
-305.16534,22,63.523105
-1084.9521,3,63.538994
-1415.489,5,63.587343
-688.8531,28,63.630485
358.46973,63,63.630551
-1109.9276,3,63.731585
-2191.644,55,63.732972
413.55408,36,63.769046
-1002.21405,6,63.769154
-1292.5889,17,63.769168
-1347.8843,34,63.837656
-1800.0046,17,63.931117
-2933.5752,24,63.931195
-2273.3423,23,63.955349
-1552.7594,7,63.982018
-1174.9116,19,64.052289
-1589.768,3,64.052381
-1208.5232,8,64.093742
2387.1758,50,64.093792
-652.9618,35,64.133625
-177.34247,45,64.133745
-1116.4911,3,64.176345
-1059.4136,14,64.196881
-3518.8403,25,64.196975
-1942.5839,10,64.226534
-1005.30273,2,64.226613
-1194.8093,17,64.244992
-2040.877,7,64.24507
-441.3921,52,64.245087
-1018.3375,3,64.277842
-903.1642,27,64.278492
-4302.9546,52,64.325713
-1424.2941,8,64.325794
353.6577,47,64.350178
-1471.321,7,64.384123
-1774.8882,18,64.422865
-968.71545,4,64.440232
-902.2109,10,64.460995
-930.0927,4,64.461075
-1035.607,2,64.461093
-2046.493,9,64.487594
-1334.1405,11,64.487688
-1500.416,10,64.508954
-1440.3667,11,64.509036
-848.12366,4,64.523536
-874.1397,78,64.553705
-1050.2805,2,64.553751
631.1052,40,64.553761
-1041.7594,2,64.591345
-1465.6663,24,64.591514
-905.21155,6,64.59153
-1036.8643,3,64.609069
-1073.2162,2,64.626592
-2118.2537,37,64.626688
-3221.4263,18,64.654837
-1692.1824,7,64.684958
-1164.9108,9,64.685047
-460.99707,36,64.709152
-1747.7964,60,64.726065
718.1401,40,64.758048
-1542.1571,4,64.776248
-1455.7839,16,64.796986
-1983.3599,7,64.823472
-2675.7463,32,64.82355
-1159.0061,3,64.842487
-1744.889,8,64.842578
-1053.9266,2,64.842601
-1601.0632,12,64.890429
-506.80527,54,64.890477
-982.7218,2,64.890488
-1541.0613,17,64.905505
604.62537,71,64.94143
-1218.1337,10,64.941489
-915.7676,5,64.941499
-212.16516,28,64.941506
-1000.3667,29,64.972897
-980.0732,3,65.027445
-1456.6517,18,65.057257
-2160.5586,7,65.081605
-848.373,21,65.081714
-1931.5393,14,65.105694
-2697.642,7,65.124802
-923.5175,3,65.139404
110.31616,24,65.163299
-1032.2207,6,65.163404
-618.9353,30,65.19243
-1397.9211,31,65.192535
-1512.2375,4,65.192552
-1038.6724,2,65.225276
-737.8062,50,65.240685
-2207.5178,4,65.285457
-1376.366,14,65.285557
-1026.0465,2,65.285574
-2225.6206,11,65.322796
-1780.3726,16,65.322871
-1044.6545,2,65.339913
-1047.8608,7,65.355492
-1046.2659,2,65.355558
-1626.2498,11,65.375622
-1093.4742,5,65.418703
-1501.9163,23,65.418793
-1511.496,9,65.437306
-969.13184,3,65.474228
-2077.6836,9,65.490552
-1599.5414,15,65.490649
-1075.6622,4,65.490664
-990.3216,9,65.53942
-1446.583,8,65.539486
-3493.0488,11,65.559787
-3563.6504,52,65.652084
-1366.3281,9,65.706711
-1031.3438,10,65.706919
1143.0116,63,65.706966
-1015.1234,6,65.706982
2027.5754,69,65.734314
-1450.4022,15,65.734396
-990.72107,3,65.793006
-1764.148,37,65.79308
-3046.4502,10,65.793095
-661.2279,52,65.813775
-2383.5034,11,65.813899
-1096.6343,6,65.813918
-2290.645,42,65.857188
-977.49066,3,65.857267
-759.64655,38,65.871522
-1346.001,40,65.894148
-1683.5035,6,65.915786
-995.9681,54,65.915922
-1478.7299,8,65.915957
-2074.8464,5,65.915966
-1128.5376,3,65.958941
-2083.005,12,65.978837
-1001.676,4,65.995063
-1883.134,41,66.01138
-992.88684,5,66.011485
-1420.4451,7,66.011501
-1055.2094,3,66.0303
-3095.6062,31,66.062274
-2614.5686,10,66.062352
-954.12823,3,66.079294
-1092.8138,3,66.103492
-2939.897,18,66.103596
-1066.2089,3,66.125681
-787.4826,55,66.175172
-671.04346,16,66.189668
-1848.1003,22,66.189751
-2772.8193,19,66.219489
-1375.3177,13,66.242303
-1779.5707,16,66.28023
-1019.37146,7,66.280292
-1612.3401,5,66.347532
-1376.1675,36,66.348166
-1128.5815,3,66.348227
-838.9713,5,66.348244
-610.865,51,66.390683
-2298.0654,15,66.416308
-1790.1844,41,66.416412
-1038.591,7,66.443351
-1013.51733,2,66.443538
-1188.0044,15,66.478895
-502.64764,41,66.478947
-924.0748,29,66.47896
-976.1438,3,66.496189
-1042.8373,3,66.496264
-1971.5298,8,66.545023
-1459.62,7,66.558663
-1433.3828,8,66.57255
-1136.22,4,66.572644
-1757.6814,3,66.596176
-1139.2754,76,66.616387
-1393.5209,4,66.656548
-1492.4846,31,66.656897
-1283.5547,8,66.656944
-2305.315,20,66.675469
-1031.5808,6,66.710757
-693.8557,4,66.710889
-1193.3591,4,66.728836
-2178.082,30,66.728942
-1037.4847,2,66.745682
-1252.477,7,66.745781
203.68689,27,66.7458
-923.98224,6,66.765083
-987.11066,3,66.794773
-1792.5864,20,66.795698
-1085.1981,3,66.815308
-1481.3271,47,66.815383
113.22394,46,66.883433
-1743.6804,10,66.883501
-965.33234,24,66.915277
-307.36353,19,66.915965
-1026.1028,3,66.980502
-1338.8271,8,66.980664
-1189.557,3,66.98068
-1629.1392,7,67.012527
-1631.0573,6,67.012588
-174.61957,28,67.03037
-883.7737,8,67.030464
-2492.2295,31,67.068373
-1235.9128,23,67.068474
-1754.74,40,67.068493
-1070.1185,3,67.115883
26.831299,33,67.145283
-646.1126,22,67.166077
-920.9503,6,67.166177
-980.183,5,67.19701
-2089.4106,18,67.365059
-1074.3516,5,67.365156
-1442.8718,8,67.365172
-2114.6353,21,67.36518
-554.63434,18,67.391795
-763.4841,32,67.410193
-1135.1603,3,67.426012
-2020.7961,12,67.426088
-2558.1475,18,67.449898
-1619.0913,15,67.449982
-1058.9579,4,67.450001
-1501.8298,11,67.450008
-1042.6936,2,67.450015
-1736.2244,8,67.479409
-1903.8682,17,67.51083
-966.67175,2,67.527354
-580.0558,13,67.527445
-1033.1875,5,67.562529
-1047.0137,7,67.625335
-955.5104,5,67.625409
-1166.0924,5,67.647666
-803.9535,7,67.69969
1683.7191,98,67.699774
-3369.3955,16,67.699789
-2259.0566,14,67.699797
-1010.48987,2,67.746652
-1897.1432,5,67.746769
-1062.7972,3,67.784865
-1048.618,2,67.840353
-1008.777,6,67.868545
-1999.9807,24,67.892019
-883.6752,30,67.892094
-1682.8096,18,67.915689
1315.6677,71,67.915802
-2231.7307,26,67.915819
-995.25385,4,67.985648
-831.1166,41,67.985756
-921.82605,4,67.985773
-990.12506,2,68.041919
-994.3796,5,68.041999
-1184.6857,24,68.077882
-1465.9949,8,68.146566
-684.84875,30,68.187747
-1049.4181,2,68.2209
92.47339,38,68.220995
-1555.2833,12,68.222341
417.67017,29,68.222399
-1830.8477,18,68.22241
-1551.1552,6,68.264941
-1015.5562,5,68.264999
-1014.549,2,68.293873
-1087.5845,54,68.311881
-562.51953,25,68.327947
1217.0216,80,68.346309
1216.0973,43,68.346387
-1396.7443,5,68.346411
-949.006,5,68.346419
180.80908,34,68.346426
-1589.1588,11,68.362469
-518.2163,23,68.388184
-1049.6378,2,68.388252
-1465.2184,3,68.417637
-684.4413,25,68.447071
-1970.992,6,68.447165
-1778.5278,11,68.478991
-1500.6847,3,68.479204
-855.93585,6,68.504833
-2175.603,43,68.575149
-898.07446,8,68.605789
-1811.6451,36,68.605896
-1724.9326,11,68.63986
-1724.4706,13,68.663587
-1100.2563,3,68.663671
-2656.039,9,68.689616
-1054.6686,2,68.689708
-1727.6842,10,68.689727
-477.6401,26,68.689734
-1078.6143,8,68.68974
-1048.5168,2,68.718673
-477.00555,20,68.718781
-1182.1483,4,68.718798
-1093.7612,31,68.747009
-1084.3467,3,68.772122
-3333.7998,35,68.772209
-1583.8431,14,68.793902
-79.2666,46,68.794039
-966.17883,4,68.811318
-1078.5647,3,68.843493
-2770.5479,5,68.871186
-1376.4421,8,68.89838
-374.32507,26,68.936393
-973.6183,5,68.936452
-1083.179,2,68.936462
-1618.4658,9,68.95808
-1184.8052,10,68.958189
-154.2013,61,68.958212
-1321.4896,8,68.978917
-1389.1051,12,68.978995
-2925.5696,38,69.014489
-1121.7397,3,69.014632
-3278.0654,12,69.014652
-1142.7327,3,69.040461
-3769.4973,27,69.040515
-1073.8845,4,69.068343
-867.6542,34,69.096152
-2848.1284,11,69.113519
-1018.6767,3,69.113599
-655.535,25,69.113616
-1436.353,5,69.142213
-1105.1049,8,69.142693
-1225.0585,18,69.176263
-1042.1938,2,69.17648
-1421.8862,4,69.224707
-1575.9478,15,69.225033
-1727.0525,3,69.26662
-899.1553,4,69.26682
206.85535,34,69.323178
-1157.9534,37,69.323435
-1946.1487,5,69.394384
-1989.002,15,69.425881
-822.0497,14,69.426094
-3003.6436,7,69.426191
-2504.457,8,69.459808
-529.81647,25,69.460383
-2268.5225,17,69.460531
-1237.5383,7,69.460621
-1370.3885,9,69.460723
-1054.1205,2,69.526537
-1356.3872,6,69.526842
-1627.7764,5,69.553203
-1491.2386,4,69.553405
-2836.8047,26,69.665162
-1133.6455,12,69.665526
-980.4222,7,69.799879
-774.94293,55,69.84577
-1593.6384,9,69.879892
-2634.8372,56,69.879973
-742.09454,20,69.96385
-2434.9937,13,69.998641
-1791.2307,9,70.000092
-991.0652,6,70.041224
-1036.749,2,70.075771
-1831.7585,33,70.110425
-1265.7693,19,70.13905
383.14276,37,70.139174
-1925.3469,7,70.226905
-1469.055,34,70.227002
-1745.4634,22,70.275964
-669.62396,26,70.276344
-1811.1392,52,70.320837
-2802.0347,13,70.36025
-1872.4148,7,70.360315
-1081.4056,3,70.360327
-1291.1711,13,70.385114
-1007.8529,5,70.44657
-1831.7617,7,70.471298
-1420.0934,4,70.471402
-1127.7473,8,70.576075
-1096.9507,3,70.576152
-452.09283,24,70.723001
-1521.4813,12,70.723067
-626.61414,38,70.752965
-1011.69354,2,70.780083
-1996.2253,11,70.823364
-937.63464,3,70.823411
-1012.1604,13,70.85655
-1810.1672,25,70.856697
-1527.1948,41,70.887506
-1142.2463,10,70.887574
-904.74475,55,70.887591
-1030.4728,2,70.919496
-1048.438,3,70.919565
-1043.3279,2,70.950744
-575.3274,44,70.982572
-1021.0827,2,70.982653
-948.2433,6,71.046425
-2039.862,8,71.046494
-1282.4071,48,71.083591
-1913.7122,8,71.083681
-1202.2961,26,71.113478
-1126.9227,3,71.143747
-932.5057,6,71.144271
-1131.0964,48,71.176708
-1034.2236,2,71.176835
-1207.8557,5,71.208647
-1401.0356,28,71.231882
-1183.3063,16,71.248504
-1320.6143,4,71.248599
-1696.6321,10,71.280189
-2516.2983,50,71.330039
-1307.4856,7,71.349549
-1786.4973,72,71.379648
-981.3213,7,71.379736
-1024.71,4,71.446022
-1760.5283,11,71.466255
-921.76996,6,71.524807
-1714.7997,48,71.554175
-1536.314,12,71.584449
-757.4947,46,71.584551
-1017.24524,3,71.612143
-3490.784,14,71.61223
-2869.2102,26,71.646499
-1032.9955,2,71.667287
-3034.0176,9,71.71081
-1328.3635,5,71.739265
-1231.2157,6,71.770119
-36.151367,54,71.791428
-2410.1887,5,71.820092
-823.87555,32,71.820179
-1404.5859,15,71.820197
-990.861,21,71.854346
-999.5681,7,71.854437
-946.62555,5,71.885884
-958.9606,5,71.92135
220.47205,45,71.921439
-3112.3374,53,71.976486
-868.31573,5,71.97655
179.10919,29,71.976578
125.18091,36,71.976585
-808.77606,90,71.976591
-1066.8386,6,72.015972
-1014.5445,2,72.01608
-1062.2664,2,72.0161
-1096.4442,12,72.060771
-1918.4784,9,72.090089
-1189.1383,5,72.112121
-940.0706,3,72.112208
1232.0306,94,72.134259
-1863.9839,11,72.167074
-1577.5304,12,72.167153
-369.99045,39,72.200948
-965.9813,4,72.225894
-1324.9335,11,72.226008
-1135.4937,7,72.226039
-1322.414,30,72.265235
-1044.7211,3,72.265365
-1257.6431,69,72.265387
-1054.6426,2,72.301203
-1015.629,2,72.301287
-1135.9872,3,72.301303
-1022.09247,26,72.39769
-1982.6392,12,72.43864
-1494.7664,15,72.438747
-2726.1267,16,72.464094
-2642.7852,31,72.493811
-1164.5405,3,72.522412
-1436.9128,11,72.522724
-1514.2275,9,72.560957
229.6753,18,72.584164
-1160.5972,3,72.584253
43.875244,23,72.609479
-532.94604,16,72.628495
-1424.544,4,72.628577
-637.66364,55,72.662414
-1365.7538,10,72.662488
-1080.669,3,72.694793
-1386.5348,5,72.694877
-3057.0078,21,72.694892
-1617.0968,7,72.713705
-979.905,2,72.713789
-1982.3597,12,72.753042
-994.8231,2,72.782611
-1085.0988,4,72.812496
-1048.4529,2,72.812584
-2231.3428,20,72.874753
835.01575,65,72.874841
1466.0392,57,72.941051
326.3725,29,72.975087
-1662.0105,13,72.975168
-999.2072,9,73.005891
-1028.3254,6,73.00598
-901.57886,5,73.034005
1191.3628,54,73.067003
-1493.1154,14,73.103752
-44.296753,44,73.103841
-1046.049,4,73.10386
-1201.0565,22,73.103868
-1048.6193,3,73.103874
-1146.193,3,73.123079
-1044.2432,2,73.160237
-207.32227,31,73.160331
-1928.2207,30,73.187405
-976.8479,7,73.187467
-1421.1862,12,73.23337
-2518.4038,32,73.233427
-1050.0065,34,73.264967
-1279.0828,4,73.265089
-984.61365,7,73.298162
-1262.6404,7,73.298283
-2480.9165,9,73.329618
-1066.2169,3,73.360978
-1057.3575,2,73.399173
-1714.2388,31,73.435491
-1754.3296,11,73.465201
-393.2384,53,73.465437
-1147.4688,10,73.503491
-448.1195,42,73.533405
-2098.8076,24,73.561837
426.61755,29,73.60201
-1069.8217,3,73.631154
-2733.6265,12,73.631283
-2054.0225,12,73.676572
-1238.213,7,73.701868
-1275.6223,18,73.738162
-689.3894,38,73.738224
-1180.1129,17,73.738237
-1184.5759,10,73.769803
-1155.9019,3,73.844288
-2026.4315,29,73.871527
-868.4687,13,73.9082
-1717.8145,26,73.946706
-3690.6611,21,74.013253
-953.599,2,74.013336
-1491.9526,14,74.07977
-1156.8435,13,74.079857
-1473.9148,4,74.149199
431.01624,49,74.18239
-1905.3438,9,74.197302
-1050.0768,4,74.197367
-1029.9703,2,74.197383
-441.90558,45,74.219326
-2051.3564,19,74.249617
-2550.0757,40,74.264915
-1634.0858,4,74.291279
-840.9244,31,74.291412
-990.3937,3,74.291444
-1823.6996,19,74.330667
-1071.6417,3,74.33074
-1317.5862,5,74.330756
-1642.043,30,74.365015
-360.59283,25,74.365101
-981.28784,3,74.40042
-1111.71,18,74.400481
204.80298,20,74.400495
-894.7952,43,74.49072
-1295.8025,25,74.490823
-1013.14417,5,74.546087
-1016.10913,5,74.576136
-1228.605,21,74.576205
-1530.6478,6,74.576217
-808.0956,6,74.644319
-1037.2854,2,74.734232
-2529.8674,6,74.73433
675.16614,35,74.823616
-1049.0063,15,74.824425
-2154.4958,8,74.942739
-915.3258,4,74.942825
-973.5088,4,74.972165
-439.44733,43,74.972264
356.33716,24,74.972289
-3837.0283,15,74.993294
-1229.7625,15,75.006325
-976.17883,3,75.028187
-2106.4197,18,75.042828
-949.4874,5,75.043089
-1448.9906,13,75.057557
-845.75494,5,75.057627
-1957.1653,6,75.071212
-998.76086,5,75.071279
-1011.14264,2,75.071297
-1103.0044,29,75.104675
-1511.6046,40,75.104772
-1044.2042,2,75.129234
-1828.8049,13,75.157548
-2200.6128,16,75.157616
256.5675,25,75.18098
-957.4828,4,75.181052
-1014.11914,6,75.222541
-2120.0557,12,75.222619
-1839.0232,6,75.222631
-1499.5724,6,75.302689
-1420.4497,10,75.302811
-2283.3887,32,75.302917
-267.81104,26,75.33128
-1082.3218,47,75.331383
-1975.5222,14,75.345438
-2038.8871,6,75.345497
-1140.221,8,75.363316
-2120.248,11,75.363384
-1132.2373,6,75.413359
-1873.3628,29,75.413431
-2349.6436,9,75.413458
-1319.8722,6,75.430991
-1077.3444,2,75.467402
313.3573,20,75.482575
1494.2098,70,75.48262
-1041.8037,4,75.500986
-853.4812,7,75.501069
-1236.3397,29,75.501099
-1984.3206,6,75.534075
-1096.4686,2,75.534176
131.79803,22,75.580241
-1974.9639,7,75.647582
-1414.5251,12,75.675496
-1390.2617,26,75.69446
-1361.7273,22,75.715938
-3492.316,16,75.73137
-2149.4893,9,75.746852
-25.481262,29,75.791432
-1146.288,4,75.838293
-1116.8237,7,75.868669
-1098.7961,3,75.900343
-952.6938,5,75.900434
-1424.0225,10,75.900452
-2085.1023,32,75.900459
-461.6767,27,75.900465
-2219.2178,21,75.926286
-390.609,35,75.926368
-1970.1688,22,75.926386
-1070.9496,3,75.946329
-1066.3013,5,75.946388
-1112.9485,31,75.946404
1051.8044,113,75.971256
94.43823,33,75.988042
1176.023,43,76.004015
-221.22833,37,76.027343
-1365.1073,8,76.055311
-483.7547,61,76.06882
-2803.1172,11,76.068888
-1956.4724,6,76.08763
-1156.1178,32,76.087726
-1544.8208,9,76.123738
-2748.9512,12,76.147147
-1419.5529,8,76.160688
-14.5686035,42,76.160785
-1211.7659,8,76.205881
-3405.6868,16,76.205953
-965.04266,5,76.228637
-1228.1963,9,76.228727
-1265.0641,21,76.240638
-3061.944,15,76.253912
-1026.9204,2,76.253989
-980.5608,23,76.281519
-2816.713,20,76.281857
-1853.9995,8,76.309452
-1538.9056,4,76.309524
1865.014,78,76.30955
-2151.0803,13,76.331127
-1028.6787,10,76.360793
-2623.552,24,76.360864
-1440.3257,12,76.360882
-500.08032,26,76.360888
-990.1761,27,76.360893
-2239.5742,75,76.360898
-1140.562,5,76.379071
-870.51013,3,76.415007
-1829.1199,5,76.444584
-814.9276,6,76.466861
-1423.4811,7,76.466962
-1043.3853,2,76.498892
-2598.4453,7,76.499027
105.37329,43,76.529767
1381.9286,43,76.589868
-213.21777,28,76.632477
-1293.6615,15,76.632561
-1029.4019,5,76.648931
-1666.2123,8,76.677256
-2076.4758,5,76.706817
-1438.355,17,76.706911
973.7395,60,76.706928
-1145.6636,3,76.706934
-1259.7476,19,76.70694
-1230.2981,18,76.736253
-1600.1296,23,76.736328
-1780.9861,14,76.769692
-1094.7021,4,76.769789
-2064.3223,41,76.769808
-3075.3367,12,76.798795
-1078.3153,2,76.823032
-851.3334,24,76.823124
-365.24292,33,76.823146
-1612.5588,4,76.853868
-1033.9987,2,76.853934
-1001.2013,2,76.875767
-916.78156,20,76.875851
-1044.0167,2,76.896494
-1027.9932,2,76.896565
-1634.2551,9,76.914318
-1340.3085,9,76.937713
-2240.626,12,76.937774
-1121.8333,4,76.964657
-1015.18854,2,76.964741
-898.3028,4,76.983674
-199.24902,28,76.98375
-995.20807,2,76.998802
-1272.4492,8,76.99885
1908.9509,71,77.015916
-710.0111,31,77.015987
-1039.4171,2,77.016002
-1730.6299,6,77.016011
-1480.1753,11,77.099457
-2500.103,13,77.099515
-1048.512,5,77.119054
-1823.8439,7,77.136482
-1496.331,21,77.172599
-914.419,6,77.206179
-795.1417,15,77.239849
-1501.1136,14,77.239914
-914.4803,40,77.239929
-3509.7244,23,77.239934
-636.2937,13,77.258332
-1492.5776,8,77.281369
-992.90375,3,77.294154
1607.6616,50,77.294236
-1504.5491,30,77.33228
-881.61383,4,77.332359
-1088.1456,6,77.348018
-714.2265,18,77.348082
-585.7316,41,77.373593
-1445.643,4,77.392509
-1823.417,10,77.405918
-1529.9789,9,77.443855
-1103.0216,8,77.457659
-1306.5037,5,77.457763
-1525.4286,21,77.472468
-2580.1597,38,77.472552
-1299.0686,7,77.510634
-1048.3627,2,77.510908
-1530.352,40,77.535452
-965.21295,3,77.535545
-1052.0635,5,77.558198
-1323.3381,5,77.558278
-847.2146,52,77.579114
-2661.6506,13,77.579163
-1051.7612,2,77.579175
-3087.0156,27,77.579182
-1801.9701,36,77.595689
1495.1146,60,77.595789
-1500.659,15,77.621768
-310.58203,26,77.645697
-1115.8074,3,77.645767
-1445.2618,38,77.645785
-2523.5044,34,77.645792
-1010.4883,3,77.645798
-1399.8577,3,77.69149
-2878.849,13,77.691582
-1831.7439,12,77.728327
-475.92212,24,77.728391
355.11328,49,77.728406
-1035.0585,2,77.728414
-1809.9158,29,77.82319
-898.9358,3,77.823266
-2040.7029,11,77.882475
-3061.5718,9,77.882563
-1368.1965,8,77.913404
-1013.135,7,77.951354
-959.558,29,77.951452
-1350.8286,10,77.951471
-1550.0453,16,78.01279
-1673.1079,46,78.012905
-982.58167,15,78.038611
-1742.2874,7,78.03869
-2302.1301,12,78.070084
-1103.2322,6,78.130948
-1239.4324,4,78.131013
-1709.777,11,78.163637
2018.4965,63,78.163723
-1604.148,16,78.163741
-1087.0333,21,78.189031
-1495.8062,8,78.189084
-1940.0784,17,78.189098
-1410.8331,25,78.239146
-1044.257,7,78.239222
-1072.2346,2,78.239239
-1339.7042,13,78.268813
-1157.6941,4,78.301369
-1546.686,5,78.30148
-1421.1246,4,78.301508
-1051.6906,6,78.301516
-1042.536,2,78.362619
-1913.3093,14,78.36271
-988.11456,2,78.362728
-807.24524,4,78.362734
-1062.9327,3,78.383683
-768.12134,27,78.383761
-1333.8297,6,78.416055
-270.9699,24,78.450382
-725.9175,7,78.450506
-1038.4065,2,78.450522
-764.94165,26,78.527395
-558.3678,13,78.527493
-892.65405,5,78.527521
-2423.3835,14,78.604384
-744.93933,23,78.647674
-1041.252,7,78.723222
-1123.3557,3,78.723338
-1773.001,33,78.752246
-1689.7596,9,78.752321
-1109.6246,4,78.871798
-1294.8995,5,78.913735
-2617.8384,14,78.913813
-3182.6738,10,78.913833
-3717.2668,15,78.91384
381.80377,28,79.073148
-1259.1863,20,79.073249
-1193.3884,3,79.073266
-1476.6791,13,79.108852
-791.5277,7,79.108964
-1173.6775,61,79.135078
-1046.2228,5,79.165075
-1325.0021,29,79.224247
-1101.7755,3,79.244094
-990.29333,4,79.244173
-1055.2812,2,79.276024
-1672.0942,9,79.27619
-735.8136,22,79.311975
-1059.632,2,79.337441
-2407.5889,10,79.403725
-1242.4723,31,79.442612
-468.79852,18,79.442903
-924.58923,30,79.479668
-2363.1707,16,79.574301
-1491.7034,10,79.574633
-2223.4492,8,79.574779
-1207.1667,30,79.57494
-1015.74835,2,79.637466
-1090.3918,3,79.669677
-520.83685,46,79.670004
-913.0056,37,79.693828
-1028.4524,3,79.767584
-1544.5082,10,79.767822
-2138.334,23,79.849343
-2674.4119,18,79.849535
-980.6658,2,79.849617
-1449.0231,7,79.943456
-1399.7014,15,79.978535
-1923.9259,21,79.978757
-1528.333,4,80.083872
-3021.462,8,80.12901
-1126.0876,35,80.206415
-575.76825,49,80.275938
2993.1628,84,80.312403
-897.11273,4,80.348818
-741.45026,12,80.393281
351.97955,28,80.39351
-1170.9731,17,80.429358
-243.29944,27,80.504074
-2697.7473,45,80.50475
-778.67554,36,80.573971
-2559.2148,28,80.602519
-2751.71,25,80.646257
-1393.2699,4,80.646353
1303.9619,48,80.680246
-842.0489,8,80.680317
-993.3454,26,80.723155
-2398.2383,10,80.723459
-915.6215,3,80.747288
-1734.8171,5,80.811936
-1767.7843,6,80.812009
-3465.0825,15,80.893957
-2367.6025,18,80.894049
-3434.8215,60,80.951446
-255.95093,48,80.986529
-1380.3087,40,80.986612
-749.47217,24,81.070111
-1480.1066,11,81.102504
-710.29535,31,81.135564
-1467.8921,13,81.136007
-1044.9695,4,81.136063
-1176.6843,10,81.136075
823.21106,73,81.167352
-2329.1335,17,81.167416
-1065.0494,2,81.205931
2378.012,99,81.244637
-4147.7617,23,81.245028
-1094.7246,3,81.281294
-1371.1454,5,81.281574
-975.5686,2,81.31625
-1018.10046,4,81.316482
-1151.2462,6,81.351049
-4893.052,23,81.351388
-978.6884,42,81.373869
-1039.7585,2,81.405572
-1041.8737,2,81.40577
-1310.5917,27,81.435761
-1100.4961,6,81.435956
-1754.5573,20,81.469646
-1362.1953,10,81.469888
-1389.8615,5,81.470048
-1085.3766,6,81.470215
-798.9197,7,81.50437
-1084.9579,4,81.556294
-1576.4456,4,81.556356
-1445.4795,6,81.570391
-1337.1793,14,81.630577
-3005.5784,21,81.630708
-2617.9133,8,81.681823
-1304.2728,9,81.7132
1012.228,67,81.746488
-1089.8206,5,81.771537
-2189.4548,11,81.843182
-1959.8641,56,81.843319
-1254.01,5,81.886666
-2509.9087,34,81.928115
-1468.103,3,81.953547
-503.7066,41,81.953658
-1086.4615,4,81.953678
-3139.142,16,81.966905
-3484.3706,23,82.019635
-1381.0349,12,82.074779
-1418.7644,3,82.100369
-2183.0305,7,82.128864
-881.89514,25,82.128955
-754.62146,25,82.128968
-1074.7084,3,82.161869
-1898.1814,9,82.201578
-1052.7246,21,82.239635
-127.07715,43,82.302195
7.0584717,31,82.328755
-1031.0282,3,82.32887
-3532.8242,50,82.367769
-991.4805,2,82.390902
-777.7797,17,82.391066
-995.1901,2,82.424806
-2320.0688,29,82.424909
-1541.3026,46,82.456196
-528.9016,27,82.456409
-1050.3549,3,82.48508
1688.7025,71,82.485226
-1025.2515,2,82.519424
-967.7694,4,82.547588
-1055.5416,2,82.590739
-1244.2897,7,82.590847
-1561.9402,6,82.618002
-1119.6222,26,82.650671
-818.31116,19,82.650765
-1109.9558,3,82.676172
-3366.5786,50,82.710172
-936.543,3,82.710274
-382.5562,52,82.710292
-985.1467,6,82.771921
-1647.8276,30,82.772027
-1835.8527,152,82.802237
-62.80365,28,82.889138
-2744.365,20,82.920272
-1384.0248,10,82.952026
-1503.9594,8,82.952108
-1307.1963,31,82.952127
-1160.8989,6,82.952134
-1012.7327,2,82.986133
-1066.2167,17,82.986232
-1778.3219,70,82.986253
-973.38367,4,83.022566
-985.458,4,83.096331
-1938.508,12,83.096398
-15.710999,33,83.096412
-2551.002,13,83.208471
-2579.1096,38,83.236567
-1317.5402,9,83.29268
-1011.03687,2,83.292764
-1807.5544,10,83.292784
451.8783,61,83.292792
-2385.0688,32,83.367346
79.41931,35,83.367427
-1085.7118,3,83.394573
-1232.457,22,83.423643
-457.66522,26,83.452259
-1353.6669,8,83.452368
-2080.9685,28,83.452386
-1234.883,15,83.452393
-1066.4264,2,83.485168
-2145.1514,4,83.485258
-2592.4844,17,83.516253
2695.9585,59,83.551041
-1389.5332,17,83.551166
-1171.1514,6,83.590858
-877.7574,4,83.646338
-2267.129,11,83.646431
-943.9588,6,83.646444
-1071.8967,2,83.702926
-2213.729,29,83.72863
-684.9113,5,83.798244
-1998.9086,15,83.864305
-1430.9939,5,83.914439
-2087.2085,56,83.914532
-3516.901,28,83.975565
-928.76056,8,83.975798
-3909.7986,20,84.026092
-1033.0869,4,84.026233
-1041.1796,2,84.077346
-1358.8369,13,84.077572
-322.96704,51,84.128978
-1074.7625,2,84.129131
-4339.808,30,84.236358
-569.3339,20,84.270924
-1036.1617,8,84.319544
-3007.179,11,84.421934
3866.1133,207,84.422174
-1124.2327,11,84.469522
-1077.9368,3,84.49967
-1109.2494,8,84.499902
2015.5858,66,84.5
-2707.803,12,84.53609
-1975.0931,16,84.536151
-977.13525,2,84.570027
-1103.3871,3,84.570356
-1301.2225,16,84.594047
-1451.929,13,84.594135
-1008.085,13,84.59415
-1030.3043,4,84.638816
-969.8314,6,84.653935
896.8621,38,84.654024
-1014.25964,2,84.691297
-1143.7512,4,84.691391
-1456.2529,6,84.717591
-1250.6364,6,84.742942
-1590.3811,9,84.74302
-1034.2081,3,84.743036
-1074.8562,4,84.777373
952.9735,49,84.805315
-970.6679,2,84.805449
-1062.2522,39,84.835494
-2935.4243,18,84.835582
-936.7947,6,84.870075
-939.48553,5,84.962766
-4391.83,42,84.962869
-462.84515,39,84.96289
-977.33673,2,85.020251
-805.0383,7,85.052811
-487.96442,44,85.09139
-2608.8062,19,85.091463
-723.3296,13,85.173176
-1282.949,63,85.173292
-1050.5417,4,85.19941
-788.3367,23,85.227646
-2488.8655,14,85.289553
-599.1488,13,85.334559
-2453.989,57,85.368106
-1485.5867,68,85.368204
-2111.244,14,85.428251
-2525.767,14,85.492833
-844.6193,19,85.536524
-992.39,32,85.5366
-1439.053,13,85.564467
-1037.993,8,85.597664
-2133.4143,13,85.597738
-1461.1312,3,85.620289
745.2852,64,85.620382
-1085.3309,2,85.651026
-2408.3286,32,85.65111
4.603943,32,85.675998
-1041.0288,3,85.7043
-1455.8195,8,85.73193
-2335.3452,17,85.732078
-2430.9233,24,85.761843
-949.27826,4,85.792481
-2820.1377,14,85.792524
-1333.2343,56,85.823557
-2000.3895,3,85.823621
-1520.7141,10,85.823636
-1300.9277,37,85.853989
-1007.64124,3,85.854087
-2216.6592,38,85.888209
-1955.0879,10,85.88829
-1231.701,35,85.888304
-1159.3334,4,85.922112
-1943.2543,17,85.950259
-1028.499,2,85.950337
-2066.8896,14,85.980719
839.06854,69,86.004962
193.05542,54,86.005074
-389.56995,22,86.031175
-1075.6901,3,86.054883
-2322.9497,14,86.054973
-1853.4414,6,86.054992
-1140.2578,6,86.054999
-1048.904,3,86.101875
-1796.0696,4,86.101958
-1792.6829,20,86.13501
-1045.8983,17,86.160997
510.0476,33,86.188851
-1065.9275,2,86.188927
-701.0039,21,86.188946
-152.91492,68,86.222383
-2445.5032,16,86.222461
-1024.3711,5,86.222478
-1435.2278,3,86.288814
-3296.199,14,86.348129
-955.9811,7,86.348193
-1029.7842,19,86.348205
-981.81915,8,86.409581
-1261.5303,25,86.480878
-515.66486,20,86.480988
-4712.366,22,86.530324
-937.5372,7,86.555549
-1006.2092,29,86.555611
528.1494,26,86.58611
-2407.0317,12,86.610796
-1328.9565,27,86.610893
-1032.6693,5,86.610916
-928.00995,3,86.637762
-1673.5598,19,86.673856
-1036.9877,2,86.673983
-1738.9816,56,86.700607
111.74695,35,86.725148
-2137.0918,14,86.737285
-798.7046,14,86.795648
-1052.1156,3,86.795777
-1515.4161,8,86.833114
-1704.6091,13,86.833174
-2315.9412,31,86.833188
-3712.6633,24,86.833194
-996.7947,2,86.864043
-1101.0851,10,86.949984
-1128.821,4,86.950083
-2030.0161,12,86.988892
-121.522705,49,87.018691
2212.904,79,87.018795
-1242.8469,24,87.035849
290.6856,30,87.035943
-2599.7627,6,87.035957
-1067.0261,2,87.035962
-1166.8629,4,87.054291
-2022.2712,9,87.084679
-2502.8516,11,87.105552
-1083.168,3,87.127181
-1079.1749,21,87.127285
-1170.7664,4,87.127305
-1375.0354,5,87.155228
-1261.1952,7,87.169848
-1072.8447,13,87.17031
-1162.3969,46,87.222294
-2061.7085,5,87.240721
-1851.1506,10,87.387259
287.26978,24,87.387332
-1085.262,30,87.484429
894.8243,35,87.484821
-1077.8281,12,87.484845
-3081.6274,15,87.508901
-1044.8815,2,87.537138
1437.585,51,87.567623
-559.6957,37,87.603271
-1138.6348,22,87.641781
-1466.8483,68,87.679047
-891.26575,30,87.679133
-1170.5719,10,87.701728
-1841.2333,25,87.735362
-1465.3392,21,87.735518
-1141.1167,4,87.73562
-1446.0261,3,87.735726
-1249.078,23,87.735808
-1731.7825,11,87.735888
743.7779,74,87.798879
-2546.7305,8,87.799131
-227.84998,29,87.841764
-1927.1547,5,87.841829
-1383.8066,3,87.841852
-2129.8645,11,87.880649
-978.8088,4,87.880908
-530.22906,64,87.881016
-978.0355,4,87.881102
-1142.241,3,87.918792
-1146.9175,35,87.983777
-2574.4001,44,87.984086
-1788.6958,9,88.016193
-1889.8359,4,88.016328
-978.24316,4,88.016426
-1290.8323,8,88.016513
-1871.1377,17,88.042626
-1572.4631,8,88.096771
-1057.2386,6,88.09723
-1024.5396,3,88.117748
-2003.9585,4,88.117929
-985.0962,11,88.178195
-1949.8435,6,88.178258
-919.4087,4,88.24471
-890.1283,9,88.244781
-985.5687,4,88.244796
-1379.4276,25,88.277884
-1754.7852,6,88.277975
1241.1123,58,88.313927
-1400.2878,18,88.314008
-766.32416,39,88.363059
12.360352,36,88.363126
-2052.7388,9,88.363142
-848.1189,5,88.402853
16.979187,27,88.432835
-713.191,7,88.507162
-1202.5597,9,88.535105
-1012.91315,7,88.575928
-1302.4656,9,88.576007
-1703.0833,7,88.576025
-2089.8867,24,88.596636
-1888.8755,21,88.62269
14.270325,32,88.65882
-1091.7476,3,88.658859
-2446.4456,14,88.658869
740.78204,30,88.719434
-982.1768,16,88.750969
-500.1449,25,88.751081
-2461.0508,11,88.751099
-2159.241,14,88.776149
-1137.2859,4,88.776205
-1114.1145,4,88.856182
-1123.5557,21,88.856261
-1622.4697,6,88.911638
-2608.1343,9,88.911787
-1004.69385,2,88.911807
992.73413,56,88.911818
-1769.637,20,88.959475
-1095.5447,3,88.985182
-2116.5168,17,89.041842
-848.10583,11,89.041917
-280.56073,17,89.10705
-1057.6757,7,89.107242
-2023.0679,9,89.10727
-4711.0674,20,89.15249
-1120.3344,3,89.170027
-1387.7778,5,89.170099
-1498.6028,17,89.205886
-177.3468,20,89.2248
-1948.2778,13,89.224928
-2517.8503,38,89.224948
-22.074219,50,89.25863
-1610.5645,12,89.258717
-1099.4875,2,89.258733
-1230.0784,8,89.278738
-495.03973,51,89.311308
-1298.9058,8,89.363689
-2379.3716,20,89.434203
-664.0403,33,89.467565
-1178.8091,60,89.467654
-3979.8284,79,89.467669
-1546.3717,7,89.498
-1562.1118,8,89.498064
-1115.7997,8,89.498079
-1200.2882,9,89.498086
-2389.7222,20,89.527296
-1332.9302,5,89.527402
-1030.4065,3,89.5654
-1164.0667,6,89.610166
-1275.2332,8,112.380914
-331.89117,45,112.381028
-917.27057,7,112.476006
-2341.118,58,112.47609
-1408.6842,13,112.508476
-1639.1425,14,112.569496
-849.11755,22,112.636003
-964.44904,16,112.694971
-1017.317,2,112.75649
-1552.5652,8,112.8141
-3017.6338,38,112.916328
-1467.1726,13,112.916885
-2183.066,15,112.961768
-1619.7869,58,112.998252
-1485.1643,4,113.06908
-2396.4336,30,113.099972
-857.747,5,113.100095
-4853.706,22,113.129092
-1057.1108,2,113.12915
-1206.4363,5,113.153462
-1495.7489,12,113.153528
-1794.0403,48,113.179559
-1661.8671,42,113.17966
2012.8076,51,113.208921
925.73413,89,113.249222
-1944.8737,7,113.319668
-1614.4696,7,113.31987
-1586.2336,11,113.319904
-3351.6484,38,113.39546
-2331.5293,6,113.431168
-1813.8086,3,113.431314
-1136.9108,3,113.503199
-1260.1205,9,113.562269
-1058.9165,46,113.588836
-1755.9996,14,113.650746
97.213745,59,113.650865
-3143.429,25,113.650887
-1900.3467,8,113.680406
-1010.71545,2,113.751606
-2524.8232,7,113.803871
-951.6051,12,113.856312
-2542.104,8,113.881361
-1238.5718,22,113.882547
-3730.5996,89,113.910567
-335.4818,23,113.933144
535.3101,40,113.975084
113.9151,26,114.003283
-2487.0525,58,114.038175
-1416.8225,5,114.03825
-1427.3762,8,114.038267
-971.1224,3,114.038275
-1461.008,7,114.07027
43.477173,62,114.159042
-1005.9394,5,114.19861
-1725.838,16,114.19898
-930.0627,6,114.199247
-600.40686,17,114.237519
-2167.6768,13,114.301955
-931.9349,7,114.302027
-1253.1781,76,114.336463
-1149.1884,11,114.336624
-1118.076,4,114.378658
-1615.5117,14,114.378836
-870.8984,31,114.378934
-2596.3752,5,114.379052
-1394.2144,10,114.379228
-1040.5001,2,114.519693
-1661.871,12,114.557279
-1734.988,3,114.590409
1657.5769,98,114.59063
47.47888,63,114.618744
-2421.8823,40,114.646242
96.63226,26,114.646451
-1043.0277,6,114.689801
1084.3799,82,114.690001
-268.05365,34,114.76215
-1414.2819,65,114.762234
-936.4758,3,114.762254
-1067.5522,2,114.83435
-1015.94275,2,114.834423
-1028.8544,4,114.898893
-892.3585,3,114.93801
-1229.5063,13,114.978438
-989.4389,4,114.978556
-2367.9749,20,115.02081
-1519.2026,11,115.064015
-1781.5992,12,115.064121
-1315.5466,14,115.06414
-1180.4741,3,115.131459
-1036.0076,2,115.159082
-577.37683,25,115.217886
-1203.9766,4,115.233131
-1892.1497,39,115.267407
-1884.593,23,115.26749
-1666.1628,7,115.300814
-1598.1057,11,115.302924
-1039.6819,7,115.303013
-1018.294,2,115.332384
-1024.0725,2,115.332839
-1516.2698,7,115.388968
-6019.7793,32,115.419585
-1002.1433,12,115.419669
-1259.8606,37,115.456371
-1025.7203,2,115.488994
-3030.6138,30,115.489083
-1815.028,6,115.518869
312.9615,29,115.519012
-1137.4736,24,115.555721
-2556.6484,10,115.589749
-812.4946,5,115.629376
-1907.9675,32,115.629475
-2623.4805,9,115.687013
-1659.7881,6,115.715831
-1945.6715,16,115.745539
17.10437,38,115.74566
-1434.6829,6,115.787985
-317.77087,34,115.788088
-548.59186,14,115.824768
619.7842,74,115.824886
-1028.8193,3,115.824925
-1030.2573,70,115.850869
-1018.9556,4,115.914757
-2265.866,29,115.941736
-1482.3293,7,115.978319
-897.18677,5,115.978415
-783.10657,44,116.005887
-1933.6023,38,116.005986
-919.50415,3,116.041615
-823.3731,12,116.077708
-1526.9749,9,116.110878
-1355.9246,24,116.143816
-1539.3893,10,116.176727
-5096.9463,18,116.214012
-1060.7537,4,116.214108
-670.2184,27,116.214121
-1401.947,3,116.214126
-2484.0242,11,116.273601
-1060.5776,27,116.311125
-1523.6287,10,116.311233
-3224.1484,9,116.311255
-1075.544,4,116.345078
-803.3488,8,116.417001
-1388.7559,41,116.41711
-1716.8759,28,116.41713
-2590.9648,12,116.4541
-671.3891,30,116.512451
-882.6266,59,116.624725
-1555.6576,10,116.62483
-879.75354,7,116.657651
-1582.1953,15,116.7094
-1428.549,10,116.756101
-627.24536,29,116.756167
-1105.6447,3,116.785671
-1754.7075,15,116.785753
-221.27771,37,116.817849
-1099.7522,2,116.84808
-1198.1399,17,116.848167
-1209.4888,4,116.876876
-1499.9021,11,116.947297
-1638.7423,11,116.94738
-1570.2151,5,116.947398
-1164.9993,4,116.985036
-1015.7189,4,117.082
958.39355,49,117.082065
-581.92944,22,117.116115
-1891.539,5,117.152149
119.47388,49,117.152218
-1083.6138,4,117.227019
-974.89734,5,117.251313
-2244.573,11,117.251663
-217.83966,29,117.291972
170.29114,41,117.38011
-859.1201,5,117.473263
-1575.6617,12,117.541793
-1005.275,17,117.54218
-1219.9738,24,117.583073
-134.9538,36,117.626785
-1189.7515,4,117.630727
-1398.7114,49,117.630805
-2505.3447,42,117.630814
-3322.9949,43,117.664778
-1753.6906,14,117.664874
-1146.9281,4,117.695137
-798.7849,5,117.738847
-3713.651,46,117.738961
-1956.8309,29,117.857359
-1679.3735,4,117.915739
1208.5066,65,117.983092
-790.4813,10,117.983178
-2503.591,32,118.02019
-1312.7413,9,118.052025
-1926.2925,11,118.086237
-983.45166,13,118.120036
-811.71985,23,118.120138
-1046.3446,2,118.157639
-945.6657,5,118.237076
-1143.1306,23,118.237164
-1546.7555,11,118.271259
-1341.3472,5,118.314555
-953.77405,8,118.314653
-1281.9829,52,118.352511
-752.3332,31,118.388903
-395.71393,23,118.535028
-1233.6382,21,118.564553
-484.54657,19,118.626595
-1775.8994,17,118.626729
-499.69025,25,118.626748
-1826.4514,10,118.626768
-1333.4393,7,118.652175
-1548.8975,12,118.753999
-1293.6167,40,118.754093
-916.9947,13,118.754105
-3012.1882,17,118.754111
-1052.4836,2,118.816446
-1674.3539,45,118.816506
-2034.3317,17,118.935278
-1165.1564,107,119.007074
-1127.1019,3,119.037422
-1101.952,14,119.098428
-1227.7549,27,119.098497
532.6116,72,119.158934
-3143.2695,45,119.219426
63.727905,30,119.24279
-1899.4071,14,119.242861
-854.78107,5,119.297193
-1041.0013,2,119.297292
-989.02356,4,119.326749
-1840.2494,8,119.326813
-1183.7103,27,119.36165
-1128.8966,5,119.38445
-961.53516,27,119.420834
-1222.9249,14,119.420923
-1057.7596,3,119.420937
34.94452,23,119.420944
-2042.2024,6,119.44267
-1066.265,2,119.469204
2198.5442,75,119.490394
-1086.1289,2,119.490477
-723.765,26,119.562091
-2039.2135,20,119.562158
-1048.3859,2,119.562174
366.427,59,119.589109
-1092.14,7,119.619955
-1601.7312,34,119.620042
-1104.7589,8,119.650466
-900.0045,4,119.679685
-1413.4844,4,119.706024
-950.7478,7,119.706131
706.3054,54,119.706155
-2467.8176,5,119.773851
-1741.4534,18,119.802412
423.14648,29,119.892123
-353.3808,44,119.892233
-1087.6809,4,119.928423
-1660.4738,8,119.928495
330.0097,42,119.9693
-651.0724,23,119.969402
306.91736,127,119.969416
-1907.7777,13,120.011152
-2108.9507,11,120.011289
-1038.2222,3,120.033489
-62.134583,45,120.065115
-393.6709,20,120.065194
-1134.1191,3,120.103722
-2019.8789,7,120.103802
45.31714,60,120.130853
-1559.5872,4,120.22497
-1142.7285,6,120.225067
-2597.0168,58,120.239176
-2548.8813,31,120.239255
-1075.6628,7,120.239274
-2165.437,11,120.239281
-922.7247,5,120.239287
-3359.727,10,120.263915
-973.49603,2,120.288054
-2364.4346,7,120.309
-1678.9453,14,120.35881
-1019.35156,3,120.438524
-1765.2969,7,120.43861
-142.56891,27,120.438628
-2622.857,10,120.45875
-1839.3884,9,120.458831
-2447.0562,22,120.4743
-1416.9438,7,120.474407
-1714.5306,3,120.498741
-1125.2362,3,120.498852
-2646.032,13,120.559249
-739.746,30,120.55936
-2508.189,29,120.746696
1698.3458,76,120.783519
-907.58295,21,120.78361
-4531.574,45,120.810822
-212.88287,31,120.811175
3183.3218,143,120.856479
-707.6681,34,120.92622
-996.17505,5,120.989962
-2045.8033,13,120.990105
340.1333,50,120.990146
-548.5239,27,121.012136
-486.5522,19,121.067224
-470.47876,20,121.097338
2711.462,65,121.135372
-1726.6382,11,121.16124
-1696.2533,6,121.161345
-1488.217,13,121.194894
-1035.1439,2,121.221202
-2411.6738,8,121.221277
-1502.6401,24,121.252707
-751.04645,13,121.252833
-1442.2721,4,121.252851
-1564.8853,65,121.282017
509.4781,36,121.282095
-2427.141,8,121.313498
-957.37964,4,121.37515
-1083.9692,6,121.375223
768.4459,26,121.37524
-1012.5726,3,121.375246
-1087.8436,17,121.43742
-409.93976,14,121.4375
-797.41846,32,121.437517
-1195.214,3,121.474564
-570.2658,22,121.474652
-1568.8708,4,121.509923
-2569.7522,9,121.543615
-945.4104,2,121.615478
-865.04944,20,121.615585
-107.01233,67,121.615603
74.04462,36,121.655282
-1284.8557,11,121.655386
-965.4207,5,121.655403
-918.3596,8,121.655409
-1073.3138,2,121.729285
-47.85486,40,121.729374
510.0531,47,121.729394
-1123.9696,4,121.769239
-5013.8916,18,121.769324
-980.98444,3,121.76935
-988.1301,3,121.769359
-993.8976,7,121.769364
-979.5929,6,121.83561
-1064.7136,3,121.83597
-963.36414,3,121.856668
-2027.6938,12,121.856898
-3464.287,24,121.895922
-3240.6318,20,121.896049
-2261.3025,15,121.966631
-1460.7837,7,122.000823
-1051.5089,9,122.065856
950.4761,52,122.096106
-1320.2488,27,122.158771
-2256.9478,13,122.158838
-2030.904,10,122.19298
-754.662,27,122.228731
-1113.3184,5,122.293655
-965.775,3,122.2937
-2378.6062,27,122.364635
-608.4237,25,122.364737
-795.8082,14,122.428828
-2429.1035,15,122.432212
-1027.0507,2,122.514491
-1091.1658,2,122.600751
-883.8839,52,122.706895
-1753.6072,7,122.744988
-1094.6816,2,122.813237
-1883.1306,9,122.906736
-1981.2332,8,122.947094
-1004.87164,5,122.995896
-2026.013,34,123.043877
-1506.4182,24,123.076388
-1409.5901,5,123.076494
-1038.2717,13,123.096363
1165.6738,36,123.133559
-1274.3032,41,123.133633
-1056.4777,2,123.163944
-904.5324,5,123.224484
-724.4685,36,123.224565
-1052.4102,2,123.286606
-897.26196,5,123.325965
-1921.9916,35,123.326091
-1151.9927,4,123.362586
-2094.287,18,123.362735
-1750.2382,11,123.391591
-1488.5674,25,123.427359
-1018.94415,2,123.45645
-1711.1526,4,123.456528
-1494.2561,39,123.517528
-1241.2621,37,123.542688
-3382.9355,48,123.571467
-1606.3788,10,123.634864
-900.6157,8,123.671547
-1072.1299,7,123.671731
-2880.097,38,123.716953
-1020.9619,2,123.717054
-1071.9639,49,123.757534
-581.0044,20,123.757638
-1055.5463,2,123.818061
-1559.9856,16,123.843034
-2308.4644,16,123.843116
-2414.4536,9,123.843128
-919.5668,7,123.907837
-1628.7705,20,123.907924
-1244.6724,14,123.934943
-132.32153,60,123.965709
-628.7551,58,123.965767
-1013.8134,4,123.965775
-1059.2053,2,124.035898
-978.68005,3,124.11393
-1922.2336,14,124.172373
1014.3583,83,124.172471
-1399.4314,9,124.206575
-1122.0203,19,124.242474
-1019.55853,5,124.270692
-1626.7338,20,124.304543
-1745.6123,14,124.338505
-4097.967,41,124.338648
-3362.1326,59,124.375917
-1106.37,3,124.455376
-1054.7576,2,124.455486
-1556.8633,10,124.517609
-1430.4082,5,124.517687
-1098.5302,3,124.550259
-842.8014,22,124.6153
-1687.2482,7,124.685488
-4674.3896,49,124.685589
-3797.879,40,124.709438
-3686.488,30,124.771153
-2847.0435,73,124.771256
-1844.9368,57,124.771273
-1443.235,4,124.885395
505.66797,64,124.885443
-2341.3184,12,124.915548
-1064.2794,2,124.949931
-1060.5543,3,124.998572
-1821.1277,24,124.998693
-1106.3127,38,125.044945
-2525.0688,12,125.070279
-412.59747,50,125.106799
-1891.8533,19,125.106896
-1609.9492,37,125.127899
-2821.6382,31,125.163293
-1213.0109,5,125.163426
-859.99097,5,125.189959
-407.92603,84,125.190043
-723.00684,18,125.210168
-2201.1565,30,125.210236
-1092.5597,2,125.25894
-1427.2872,3,125.259033
-1949.9293,10,125.274223
-1099.6555,36,125.30873
-963.45593,49,125.343789
-2229.9707,9,125.409794
-1090.1047,2,125.409956
-1512.9539,11,125.449747
-880.4263,6,125.449799
-1770.6528,31,125.449809
-2155.7646,10,125.52147
-2373.9556,29,125.559924
-1569.1266,22,125.560008
-1043.4104,4,125.602595
-1104.4198,2,125.602712
-1322.9958,17,125.636353
-919.9229,15,125.636595
-1041.4297,2,125.636616
-1267.4634,30,125.688085
-3033.814,66,125.70975
-2240.103,16,125.761545
-3129.6365,22,125.761765
-2099.704,7,125.775778
-3742.711,60,125.801789
-1515.8169,7,125.874328
-1758.2397,6,125.874435
-990.3521,2,125.951641
-1063.6106,2,125.951777
-56.280945,18,125.97975
-1604.4435,15,126.042359
3448.227,196,126.042445
-971.8796,3,126.042461
-1154.8273,14,126.042467
-3135.5425,15,126.078528
-1040.233,2,126.115219
-1738.7471,10,126.148789
-3886.8547,22,126.148862
-250.31207,52,126.208564
-1065.7919,3,126.239731
-1038.9773,4,126.271307
-1057.2466,9,126.323896
-1378.0387,24,126.351186
-1059.7769,8,126.351283
-711.0591,40,126.390999
-1063.5735,3,126.420494
-923.44165,15,126.42065
-1130.9617,3,126.42067
-1976.2856,34,126.461207
27.213745,18,126.478996
-1424.1532,15,126.479316
774.2853,31,126.479337
-954.53503,3,126.479345
-1080.3588,2,126.493722
-1067.9672,2,126.528307
-1097.2673,50,126.566691
-2233.526,54,126.566889
-1341.2155,3,126.603268
-887.7351,45,126.665453
382.22443,31,126.695937
-1394.2538,9,126.696207
-1800.8491,4,126.728908
-2107.7727,22,126.7291
-1072.5742,2,126.785588
-1739.8549,67,126.785764
-3677.394,82,126.820585
-997.86633,3,126.872442
-1084.1677,2,126.87255
-773.3695,24,126.896633
-1204.8401,9,126.922548
-1225.121,14,126.952878
-72.008545,55,126.99104
-1433.7227,11,127.026597
-2738.3936,15,127.0267
-1175.5825,26,127.026716
-2930.7969,13,127.08682
-1057.085,7,127.086928
-961.81024,4,127.113208
-665.48267,5,127.113334
-12.196045,21,127.113357
571.03754,27,127.208074
-1871.6367,50,127.245172
-1029.9601,6,127.262964
-3096.058,9,127.263083
-1306.6475,7,127.263098
-999.64197,6,127.263103
-953.7129,18,127.290128
-1093.9081,2,127.311514
-2197.0928,14,127.382968
-949.26404,6,127.383263
-1407.7622,66,127.38341
-1245.6965,13,127.410698
-1008.2459,2,127.443396
-1641.7036,13,127.443594
-1538.52,8,127.478989
-975.0748,2,127.479071
-1300.2172,5,127.531803
-315.76,40,127.563349
-2435.0508,48,127.597275
-1850.5769,13,127.632934
16.28125,25,127.633272
671.46533,55,127.633384
426.67627,42,127.679018
-1074.5667,2,127.679166
-2507.8325,4,127.702822
-105.206055,18,127.778791
-1630.4949,11,127.848121
-75.14917,22,127.90514
-1060.5564,2,128.106488
-2248.1519,19,128.106555
-2579.3906,12,128.125829
-3797.2253,49,128.125924
-2894.2231,13,128.228038
-1769.6422,37,128.228164
-1499.406,4,128.253085
679.6876,45,128.314688
-1137.6862,3,128.314767
-1651.5618,23,128.314785
-991.2142,2,128.376225
-1449.668,8,128.376292
-4002.7131,52,128.376313
-1042.5857,2,128.376321
1924.8259,61,128.416
-1168.1635,4,128.442708
-984.40155,2,128.442797
-1135.0627,8,128.471618
-2177.1353,17,128.471749
-1045.1481,2,128.501984
-1140.8728,4,128.50206
-1551.0367,4,128.502077
-1073.1124,3,128.571148
488.62683,32,128.571244
-1306.9678,29,128.602901
-1378.1543,32,128.602969
-1028.0608,3,128.602984
-1842.7753,4,128.634196
2008.9464,74,128.634278
-1531.3834,17,128.634296
-1062.5,3,128.671534
-999.9228,3,128.671688
-1039.6616,2,128.699327
-1048.2032,2,128.724273
-1212.7109,9,128.760407
-927.3755,6,128.796852
-1697.1837,59,128.796962
-1352.5203,5,128.796976
-973.2243,8,128.846365
-1283.8491,20,128.87759
-2094.267,14,128.877672
-1032.5281,2,128.905804
-1048.7731,4,128.905883
-1169.7736,10,128.905903
415.4964,48,129.044151
-3465.0322,22,129.07503
-520.86676,40,129.075127
-1081.7512,8,129.137798
-1518.4608,13,129.175297
-1997.3323,23,129.220551
-790.68567,39,129.220649
-1584.4602,5,129.255198
-1221.1057,28,129.255263
-1382.901,3,129.255279
-652.6229,8,129.319098
-1088.2373,2,129.319208
-1008.2151,4,129.352297
622.5299,62,129.352391
-1302.9194,4,129.440045
-1379.7595,8,129.440151
-2033.3486,5,129.480182
-1005.0265,26,129.480546
-2270.7498,25,129.50854
-363.4345,20,129.508647
-1057.2654,2,129.555971
-1060.8982,3,129.556078
-1053.772,4,129.681324
-967.4025,5,129.681451
2071.8481,51,129.711483
-985.75287,16,129.747394
-1853.7147,7,129.777377
-3298.6533,36,129.839651
-1231.7816,17,129.900909
-1291.1765,32,129.901261
235.28052,83,129.901287
-855.48047,5,129.901295
-1150.515,5,129.944812
-2214.0117,36,129.944888
-1480.563,21,129.944905
-2387.038,42,129.990729
-2160.6235,68,129.990777
-1046.8562,2,130.028192
-1014.67633,2,130.059644
-1004.92505,4,130.059716
-2820.5107,5,130.093079
-2044.1865,24,130.15254
-1032.4757,2,130.152608
-936.17285,5,130.152622
-1497.9602,4,130.183249
-1044.1768,2,130.21537
-3048.899,11,130.215491
-1012.96875,3,130.248667
-838.4138,7,130.2842
-1460.5906,25,130.331423
-1086.7952,3,130.331534
-1309.1399,11,130.363479
-1593.5303,14,130.393294
-1243.7565,5,130.420877
-1143.871,3,130.479164
-170.82129,26,130.518404
-1035.5913,5,130.518467
82.943115,45,130.55688
-1666.5288,13,130.556978
2758.2449,57,130.586228
-2606.5234,13,130.586319
-927.0697,4,130.611627
-1407.7412,3,130.611707
537.12384,36,130.650435
-913.04724,14,130.650571
-1082.717,3,130.688255
4432.372,155,130.688349
-1091.6268,3,130.722278
-952.9477,5,130.758066
-1000.1198,3,130.758114
-662.1256,57,130.758124
-1067.3582,6,130.758131
-1042.7291,2,130.791147
-1430.8105,36,130.862598
-1008.9492,3,130.86272
-439.5614,50,130.889716
-1128.059,11,130.889833
-160.06195,19,130.946046
-3930.5513,100,130.946154
-1087.8779,25,131.010056
-878.11835,4,131.010145
-1024.7161,11,131.040095
-3563.9246,49,131.040178
-1624.237,14,131.068549
-1990.17,8,131.102886
-1840.0143,15,131.129068
-1024.6412,7,131.161557
-1545.669,13,131.161625
-2908.7534,40,131.190109
-1550.5253,12,131.226244
-2075.192,10,131.262758
-1075.1609,3,131.262842
-695.73535,74,131.290643
-2066.0417,9,131.33162
-1777.8748,5,131.331728
-2263.3477,19,131.358433
-279.4959,30,131.389884
-1088.6605,4,131.389992
-1031.5173,2,131.460648
-1427.6537,24,131.460785
592.44794,51,131.547066
-1168.8309,4,131.584137
-1319.6086,12,131.616049
-882.5888,9,131.647752
-1932.8306,7,131.678982
-2028.3458,21,131.729393
2775.6768,64,131.762748
-2688.836,20,131.762853
-1307.1023,38,131.762868
-1157.9491,5,131.795009
-2081.8032,4,131.795085
-1566.7644,26,131.822423
-1530.0177,30,131.822527
-1028.9584,9,131.851523
-2840.2156,15,131.853447
602.8062,51,131.94937
-1425.6997,22,131.94946
1037.54,39,131.98097
-1325.1157,28,131.981023
-968.6057,6,131.981038
-1552.9814,8,131.981045
-1167.8477,6,132.015465
-981.6573,2,132.093074
-1122.6763,3,132.093117
-506.5149,42,132.119667
-1552.6208,8,132.119725
-958.0818,5,132.11974
-1474.7937,6,132.176316
-2003.221,18,132.1764
-1466.8713,31,132.176414
-976.16034,6,132.176421
-1094.4619,2,132.176429
-1656.9309,14,132.209143
-1506.2322,8,132.250435
-1048.7821,2,132.250578
-2991.215,25,132.342711
-1138.1243,3,132.342824
-1470.1897,17,132.374279
948.8927,76,132.374399
-1007.24457,4,132.477414
-1974.8882,11,132.47756
-3032.4094,19,132.477582
-1962.7369,5,132.509961
-1291.3853,9,132.543683
-1417.9475,5,132.543815
-1166.9567,6,132.576924
-1120.2814,3,132.576983
-3505.5833,15,132.576998
-1673.2039,16,132.638724
-1271.6937,6,132.670051
-2684.8643,16,132.707064
-948.5492,6,132.707123
-1002.452,19,132.707131
0.14111328,29,132.707138
-1364.5112,9,132.774864
-1755.7493,31,132.77501
-1061.7354,3,132.811874
-47.593506,32,132.844258
-838.24927,56,132.844374
-1227.033,20,132.844396
-1050.1965,2,132.877282
-1049.5831,4,132.965478
-1043.1907,9,133.000381
-719.69775,13,133.073313
-2317.311,12,133.105127
-1642.5242,12,133.166708
-1234.7649,6,133.166819
-1101.2479,19,133.192459
-1654.4463,39,133.225888
-1761.0795,15,133.270274
1098.8754,60,133.270386
-939.5945,15,133.3284
-991.96606,8,133.37404
-980.1537,3,133.374218
-3155.5278,21,133.403102
-2267.124,26,133.403207
-59.44763,65,133.434223
-1134.0627,5,133.434338
-1052.4674,3,133.45678
-1079.1292,4,133.491633
-1325.2551,3,133.524059
-1180.4149,4,133.524168
-1175.6494,14,133.524186
-2090.0269,21,133.559181
462.1435,42,133.559309
-1076.3588,4,133.61852
-1836.5521,32,133.618719
-1255.6555,19,133.618753
-1028.2156,4,133.674402
-1343.3009,47,133.727972
-1755.2183,5,133.763311
-2088.8618,18,133.796439
-1241.7294,14,133.828613
-1654.1943,5,133.828708
-1174.5781,22,133.862048
-2524.0098,32,133.862119
-1373.2863,11,133.862137
-928.73425,4,133.862144
-1473.9822,53,133.890305
-1084.0712,10,133.925176
974.94855,39,133.925302
-1018.77295,2,133.925321
-905.2517,17,133.953888
-1240.2095,4,133.953965
-1574.2544,5,133.999054
-2366.38,8,134.05122
-3983.251,20,134.076886
-1686.5306,5,134.07704
-889.54626,5,134.077072
-733.1494,15,134.07708
-544.4978,29,134.10523
-2751.5728,19,134.10531
1701.3243,49,134.127791
-1712.4344,13,134.162157
-1023.48395,4,134.194086
-1102.0587,4,134.194181
2868.3792,91,134.194207
-1101.9349,11,134.194218
-1099.5189,3,134.221679
-1683.2839,12,134.309662
-1034.1793,4,134.309739
-1313.0962,8,134.347142
-897.8907,6,134.381787
-1760.063,34,134.381878
-1385.7844,11,134.411209
-1728.8962,18,134.411312
-986.77936,28,134.411331
-1202.9097,59,134.411337
-3282.2632,43,134.498575
-1401.8191,9,134.498872
-1065.0543,7,134.530353
-899.88904,5,134.530468
821.8942,114,134.639823
-1037.1742,5,134.672738
-3390.3184,23,134.704926
-3060.0454,17,134.751115
-2026.4817,11,134.791803
-2416.3372,12,134.791994
-1037.5171,5,134.830611
-742.4835,21,134.830791
-220.52081,30,134.867481
-1512.549,4,134.867563
-1983.3291,10,134.867592
-1749.3998,19,134.969459
-2240.6016,10,134.969598
-1031.9696,6,134.969621
-2382.7139,18,135.002891
-722.50806,4,135.003017
-1155.6168,4,135.003038
-2526.079,8,135.034145
-1045.5955,5,135.034259
687.14215,31,135.03428
-2115.755,5,135.132086
-987.56104,5,135.166843
-833.9866,33,135.166927
-3024.459,41,135.166943
-1943.685,31,135.192754
-1032.0248,2,135.192853
-1000.4325,40,135.228698
-262.64716,38,135.291034
-1352.7708,8,135.291128
-978.2992,5,135.32074
-1394.302,30,135.383312
-1635.0859,11,135.383413
-873.8385,7,135.383433
-2444.7253,21,135.38344
-823.06946,4,135.421794
-1340.8088,14,135.422006
-1060.6387,2,135.462381
-1022.093,2,135.502019
-3320.0737,29,135.502147
-1682.7758,33,135.502171
904.138,36,135.502178
-1063.5776,4,135.539495
-2419.2253,22,135.565225
-1016.8383,3,135.565358
-1056.3367,2,135.565382
-1080.7294,3,135.597139
-975.21704,6,135.597199
-1001.1499,19,135.597211
-1142.4172,3,135.597218
-1054.0815,2,135.633662
-1029.8527,2,135.659622
-2225.038,21,135.689535
-1096.7021,4,135.722636
-1593.4902,15,135.722739
-1313.3033,9,135.722754
-1768.7319,6,135.72276
-2360.3013,70,135.749031
-2296.51,14,135.749127
-1116.5546,3,135.749146
-1813.4448,12,135.78071
-947.8716,5,135.82749
260.5421,26,135.858846
554.80133,42,135.858948
-1567.2501,33,135.881088
-1694.7227,13,135.881157
-1231.0173,8,135.936616
-1377.3086,4,135.971386
-1201.6124,10,136.017907
-2509.6338,9,136.061731
-1150.5065,3,136.103382
-1882.1646,35,136.141401
-452.85278,70,136.141503
-1669.8485,10,136.166082
-1761.9543,13,136.166212
-1051.316,2,136.204021
-1053.8611,22,136.259552
-1002.6621,6,136.259685
-1012.9395,9,136.259715
-392.56915,21,136.259724
-506.95453,31,136.319513
-3020.546,18,136.319597
-1006.5636,2,136.384108
-1210.3778,26,136.384211
-902.5444,22,136.413727
-896.40125,16,136.413827
-989.552,9,136.445665
-1807.3367,39,136.445776
-1520.1814,9,136.445802
-1537.541,8,136.50488
-1043.9216,2,136.505091
-1581.279,4,136.505137
-1526.5039,8,136.505148
-842.98413,4,136.535677
-996.2765,2,136.570319
-985.25885,4,136.570397
-1305.0725,3,136.594906
-1927.1937,3,136.59529
-1777.022,44,136.59534
-1131.6207,28,136.63642
-1042.1815,4,136.67028
-1059.9823,2,136.670336
-1523.522,3,136.670348
-1607.5608,47,136.670353
-2262.62,6,136.715389
-1375.5969,4,136.73843
-1156.6198,3,136.765119
-3056.4548,16,136.765232
-2574.4922,21,136.804343
-914.6136,7,136.841981
-3280.1157,35,136.842097
-2024.2241,5,136.864736
468.1104,26,136.864807
-1694.1996,15,136.897256
-1769.7058,18,136.897345
531.2379,41,136.917341
-1921.7917,16,136.949498
-1008.9952,11,136.981368
-1936.759,34,136.981448
-1517.3418,7,136.981466
-1246.7268,7,137.047796
-1770.0813,30,137.047927
-1553.1802,13,137.086208
-998.9285,7,137.086312
-1668.6472,8,137.119041
-276.052,28,137.155257
-1980.1843,12,137.188887
-2469.575,20,137.219024
-1865.2717,9,137.268486
-1147.7714,19,137.349747
-712.09534,6,137.349895
-3298.0369,23,137.385695
-2726.8613,14,137.385839
-1104.8401,13,137.385885
-995.9252,2,137.414396
-984.8695,20,137.452216
-1059.6078,2,137.452341
-1036.2015,2,137.452358
-1275.5854,4,137.482733
-1653.813,14,137.482824
-1012.66846,20,137.507522
-1076.1044,3,137.544966
-1065.4165,2,137.545081
-1007.54034,5,137.545095
-2689.0854,15,137.575811
810.58264,39,137.613567
-1340.5851,13,137.613676
-918.68134,6,137.650877
-666.8232,31,137.651006
-466.06683,21,137.740188
860.0731,68,137.740312
-1147.7537,4,137.769433
-2239.6108,11,137.769536
-1147.3351,3,137.838044
-2983.3687,9,137.838109
1501.5062,62,137.838121
-1076.2158,9,137.869758
477.25598,31,137.911012
-1506.8984,12,137.911084
-1015.5438,4,137.911102
-1430.0662,54,137.911108
-989.8384,2,137.935851
-1699.6653,12,138.041682
-1546.324,30,138.103466
-1629.4084,17,138.103627
-2086.3933,34,138.12425
-1756.2604,9,138.124353
-164.44556,27,138.12437
-2504.3752,38,138.185206
-762.5901,20,138.185303
-1060.0785,2,138.250003
-699.90015,16,138.281094
-1857.3228,15,138.308379
-1873.9194,9,138.412325
-1652.6401,5,138.44561
-2288.375,18,138.493548
-2016.6677,8,138.547559
-717.06555,19,138.601534
396.89984,32,138.715625
-891.2,6,138.751566
-1085.0546,2,138.83859
-1029.747,29,138.866003
-473.9377,28,138.918483
-1753.0747,20,138.998516
-1883.7144,12,138.998609
-1912.8921,44,139.042946
-774.2844,24,139.043034
-1186.1736,4,139.078461
-1058.8198,2,139.078542
-1266.4663,9,139.111753
-940.63043,4,139.215199
-1317.1453,6,139.279219
-932.81384,5,139.279325
-845.05914,31,139.306352
-2902.3127,23,139.342386
-1386.6049,3,139.363472
1468.8585,73,139.39976
141.43262,41,139.399894
-1093.3173,3,139.434397
-1419.9781,47,139.43451
-1061.9854,2,139.507118
985.4572,81,139.50722
-3484.6094,15,139.543618
-1635.0039,11,139.573348
-966.3792,4,139.573447
-869.3667,9,139.613575
-3954.605,60,139.613702
-1938.7565,19,139.613729
-1721.2659,21,139.613739
-1049.1522,2,139.636113
-1069.9127,3,139.636301
-1023.7347,3,139.693072
-2675.5576,77,139.727366
-736.69434,32,139.755892
-865.21606,23,139.755957
-1152.6401,6,139.79412
-1169.7349,55,139.852413
-1064.9944,4,139.877622
-914.2841,4,139.877709
-2395.793,13,139.906377
-1120.2294,4,139.906477
-2780.5703,54,139.934108
-3542.895,19,139.999752
-2429.0728,13,140.044889
-698.3916,5,140.044993
-1591.9542,18,140.078716
-1813.4333,5,140.078794
-1578.3789,8,140.112655
-1043.9994,2,140.112751
-1343.6975,16,140.112772
-1012.95557,2,140.11278
-1474.2341,15,140.173438
-1023.27325,3,140.173511
-595.3531,9,140.173552
-1509.7684,6,140.202771
2224.2522,60,140.202857
-3327.242,18,140.202875
-1169.3983,21,140.241161
-1188.6377,4,140.241251
-1024.3859,2,140.241271
-896.511,11,140.278641
-2046.9966,11,140.310391
-881.0253,4,140.310507
-1616.6362,3,140.310538
-2289.3657,8,140.36671
-807.2349,7,140.453927
2392.995,56,140.467873
-1141.253,9,140.467945
-142.18451,46,140.491565
-1752.6599,17,140.587863
-1093.5884,66,140.587908
-500.2441,42,140.672426
1686.147,76,140.703947
-909.52966,5,140.738497
-953.4707,17,140.767306
-1763.853,12,140.830065
-2999.4692,40,140.830129
-1155.7911,3,140.830145
-720.9016,27,140.925484
-2360.961,11,140.925573
-2306.5732,6,140.948867
-973.4628,4,140.948929
-1208.4373,17,140.993663
-1364.9274,27,140.993746
4419.2334,102,140.993762
-1132.4109,6,140.993769
668.87634,43,141.022478
-1595.1426,7,141.022583
259.48444,32,141.051554
-1060.9349,4,141.105353
-989.3522,4,141.105439
-951.05817,4,141.134074
669.69006,62,141.158425
-1048.6631,3,141.183826
-1084.0992,2,141.211405
-1060.6272,4,141.234953
-1082.8965,3,141.266479
-1386.4935,10,141.291656
-1040.1395,35,141.291704
-1019.60034,2,141.291715
-2793.0547,13,141.291722
-2729.0503,14,141.320716
-117.0105,64,141.320805
-1580.199,36,141.320819
-1063.6818,2,141.346749
-1117.0513,4,141.379333
-1118.5872,3,141.379389
-1225.8491,39,141.407341
-715.828,26,141.40747
-1927.3647,5,141.58385
-1927.1018,5,141.640573
-854.01746,8,141.640668
-1132.0739,9,141.640683
-499.927,47,141.663187
-3600.8643,17,141.663272
-2188.684,25,141.687027
280.7279,44,141.687121
-1192.7793,49,141.716605
-2145.1543,11,141.71672
-762.43713,23,141.716735
-1252.6155,23,141.716742
-1125.1022,42,141.7428
-1088.9847,3,141.762272
-2615.7114,11,141.762338
-1100.8267,3,141.801889
-543.36,24,141.802021
-1399.8577,3,141.802038
-1040.5096,6,141.802046
-1200.0044,5,141.802051
-1052.4073,2,141.840737
-1790.7185,6,141.897726
-897.38495,6,141.897788
-3229.3203,7,141.965387
-1029.5728,3,141.99398
-1729.7999,60,141.994067
-1441.0652,4,142.091938
-1673.0225,5,142.126561
-1031.6395,2,142.162288
-1550.3809,42,142.186906
-1059.9019,2,142.186967
-3443.354,30,142.281926
115.105835,28,142.282063
-993.22485,19,142.330644
-3229.3384,19,142.358162
-1043.3899,23,142.358226
-1268.0847,25,142.358241
-1061.1926,20,142.395714
-481.82068,25,142.395787
-1029.9619,3,142.444645
-980.03546,3,142.470626
-2185.7305,14,142.516046
-1659.8627,6,142.516143
-1003.4087,5,142.53869
-1015.30396,2,142.567188
-1945.7839,13,142.605249
-2060.6519,40,142.60534
-1384.2394,12,142.640702
-2524.584,17,142.640805
-993.922,5,142.66973
-2077.5833,33,142.702992
-250.98438,79,142.719897
-1815.7134,5,142.720026
-1405.2104,42,142.720062
-830.55853,5,142.73611
-1668.5774,9,142.7507
-2066.0422,20,142.750806
-1190.426,4,142.774557
-949.3476,4,142.804657
83.64868,39,142.820436
-1514.5767,16,142.820509
-1513.421,11,142.820525
-1382.1128,10,142.872015
-1030.8584,2,142.872104
-4679.1313,56,142.872134
-1034.349,3,142.897939
-1033.3152,2,142.917524
-1065.8751,2,142.93045
-1264.7285,10,143.019729
-1260.7421,16,143.033767
-545.6268,32,143.061074
-1451.0126,5,143.156268
-2329.873,16,143.156351
-468.13818,72,143.156368
-1571.0342,12,143.186742
-854.7194,5,143.212683
-2521.3184,28,143.242497
-2316.1167,20,143.242576
-1044.3815,2,143.270019
-2236.5854,23,143.270142
-653.14124,18,143.284919
-1219.1016,5,143.285006
-1069.3927,3,143.301409
-749.3552,16,143.301499
-1029.9275,2,143.321924
483.08203,60,143.322021
-444.6353,68,143.334899
-1437.4026,5,143.347901
-2089.0022,13,143.348002
-1117.9768,4,143.34802
-1127.0466,4,143.384655
-1039.674,7,143.38476
-1030.1013,2,143.41498
-1696.2227,5,143.469986
-1949.3491,17,143.480494
-2275.6743,9,143.50155
-873.5147,18,143.501637
1348.5347,68,143.517625
-2576.3545,16,143.517714
-2220.8545,12,143.517735
-764.2345,12,143.550398
57.07202,42,143.576122
396.28082,40,143.57623
-222.97736,57,143.576247
-1069.7319,5,143.605291
-1928.9248,14,143.605388
-457.18872,113,143.605404
-2824.5344,18,143.620368
-1085.0098,3,143.634454
-1109.6637,20,143.664288
-1072.0599,6,143.718753
-2508.7764,10,143.718835
-1144.0253,8,143.754473
-1078.3035,6,143.754553
-1495.7491,14,143.754568
-1723.865,7,143.802117
-967.89935,7,143.832439
435.68445,74,143.832513
-1070.6521,52,143.862921
20.631592,89,143.886067
-1206.6832,12,143.886168
-1023.3006,3,143.918784
-2550.2278,13,143.918858
-893.5265,7,143.933338
-2759.8794,37,143.950759
268.32568,52,143.9696
-1858.4192,12,143.983726
-2552.2412,11,144.00316
-987.8197,20,144.00325
-1020.7238,3,144.003276
-1163.5973,6,144.003289
2864.5266,93,144.018714
-654.7302,7,144.050776
-737.11163,21,144.084516
-2299.8433,31,144.084694
-2787.435,26,144.119991
-1215.9209,4,144.120083
-1127.5977,4,144.175879
-1001.8707,4,144.195173
-933.53186,18,144.195254
-820.3949,14,144.239478
-1327.5259,9,144.273835
-1051.4421,6,144.273936
2901.391,74,144.273952
-954.474,3,144.273958
-1452.729,6,144.298684
-1361.2385,10,144.298778
-1506.2922,12,144.333909
-1858.4993,25,144.362588
-1099.6431,8,144.362678
-888.9293,5,144.362694
-1661.7639,5,144.388419
-1083.6359,6,144.38851
-938.90515,5,144.423775
-3297.8218,22,144.453059
-957.0782,6,144.523522
-2464.688,8,144.523592
-870.4058,23,144.593433
-2091.2847,7,144.593534
-1154.1953,7,144.684561
-935.9336,13,144.684706
-1342.5122,31,144.703825
-1053.9813,2,144.727476
-1516.3184,12,144.750306
-3047.5078,51,144.817347
-1137.1569,3,144.817483
451.02075,61,144.848061
-4344.437,16,144.848183
-1269.7395,9,144.848202
-996.7224,6,144.882336
-2365.0588,12,144.882425
-1403.3094,4,144.88244
-724.91675,35,144.916125
-989.0247,21,144.951487
-797.54663,54,144.983549
-1907.1688,6,145.019562
-772.3971,35,145.019663
-968.9796,20,145.052484
-53.405396,22,145.05257
-1411.7373,6,145.082475
-1325.8412,26,145.116706
-1117.8585,3,145.116828
-1129.2848,59,145.152714
-758.3117,25,145.18593
-1270.106,37,145.186013
-2448.022,12,145.214774
-1023.43384,5,145.214895
-1500.6843,4,145.254336
-2222.7363,8,145.254408
-1010.6179,2,145.282231
-1190.1129,6,145.282372
-1263.0469,12,145.282405
399.13074,42,145.310219
-1132.6927,4,145.310365
-915.5714,7,145.335334
-1876.2661,10,145.335431
-1123.2223,4,145.366928
-1144.5461,3,145.400923
-1335.6482,36,145.400978
-1233.1665,15,145.400989
-1096.3575,6,145.479033
-1162.6877,6,145.514882
-3728.892,20,145.514951
-1733.9758,31,145.547375
-2063.9087,10,145.574965
-1700.2494,11,145.618631
-1212.5383,4,145.662125
-1835.8494,25,145.662221
-534.1658,27,145.719967
-2250.8608,5,145.746859
-1055.8746,4,145.746954
-1025.709,2,145.780903
1200.7054,67,145.816862
-1057.6936,2,145.850294
-1022.4824,3,145.850412
-581.18414,42,145.850426
-1381.8032,4,145.891633
-1044.1019,21,145.928833
-3964.9172,13,145.962774
-990.5314,4,145.99392
-3868.6353,20,145.995346
-1095.988,6,146.064365
-3603.5962,21,146.099556
-1148.7035,3,146.099965
-1051.4834,5,146.138271
-1604.7139,8,146.166629
-1872.4987,15,146.166712
-1251.429,18,146.166727
-2539.9717,23,146.166733
-1102.348,4,146.213475
-1004.0075,4,146.289768
-3260.4507,41,146.290113
-370.55988,50,146.290152
-1396.821,5,146.315199
-1959.052,6,146.344817
-1298.3849,9,146.378147
267.63873,27,146.37824
-1792.9952,6,146.407777
-1090.808,2,146.439944
-1060.7404,3,146.44007
-1037.1648,2,146.466871
-2214.733,34,146.466942
-3045.233,51,146.501629
-2433.9578,21,146.501683
-2039.5835,11,146.501692
-1953.781,46,146.526885
86.86755,39,146.526989
-1463.385,36,146.554913
-891.41235,4,146.554992
-938.89355,9,146.555007
-1027.9982,7,146.587513
-906.90076,29,146.58763
-3888.2441,22,146.619004
-1039.6841,2,146.619127
-1104.6495,3,146.647847
-1730.5459,13,146.678789
527.3425,46,146.678879
-998.4821,4,146.742881
-957.31354,8,146.742945
-871.22,7,146.74296
-2342.4165,8,146.764757
-5230.5137,52,146.791962
-1086.7776,2,146.792038
-686.9998,30,146.792056
318.19598,23,146.80682
-1707.9592,4,146.839053
-2247.8042,54,146.866826
-1033.4509,2,146.900448
-2233.772,6,146.93233
-1456.9476,10,146.93239
-1723.5397,8,146.964106
-1208.6174,7,147.008609
-941.95233,7,147.008708
-1600.3809,16,147.039113
-3204.76,16,147.067668
-1710.0396,13,147.067901
-1947.9316,5,147.099129
-2542.6182,21,147.0992
-1456.0212,6,147.153169
-1071.6833,6,147.18059
-387.12244,25,147.22348
753.9575,41,147.279641
-1053.2738,5,147.307509
-820.5919,8,147.307588
-1797.2727,15,147.336868
-549.3635,18,147.336953
-897.45056,21,147.402527
-1848.2207,37,147.402617
-3261.2031,18,147.443922
-1660.0433,11,147.444006
-1432.7781,5,147.444023
-1771.0857,7,147.47283
-1037.7393,2,147.503835
-3480.3086,15,147.503911
-895.12366,43,147.533859
-492.86847,34,147.601026
-1607.7302,4,147.63507
-1848.6038,20,147.635498
-2044.2495,14,147.63552
-1018.6863,5,147.698343
-1701.0688,13,147.698414
-460.48773,42,147.721966
-660.859,24,147.750402
-3232.4531,12,147.750512
-3011.1396,12,147.8093
-889.6009,32,147.809386
-1042.4584,4,147.872146
-240.04126,50,147.893534
-1171.0486,11,147.965565
-781.0225,32,147.965698
-1863.3593,33,147.965717
-2039.6855,18,147.999173
-2034.3108,18,148.025049
-1570.6882,23,148.025163
-966.8845,3,148.06292
-534.6262,47,148.062981
-2522.1758,12,148.062994
-1098.8872,2,148.090904
-1552.0681,3,148.104051
-1039.8845,3,148.133033
651.7472,58,148.158504
-1125.4807,15,148.189796
-1102.8672,3,148.261745
999.7023,57,148.262119
826.0906,76,148.262146
-912.8656,4,148.262152
-1041.0056,2,148.32075
-809.3548,24,148.320857
-998.30505,2,148.320871
-2102.7114,15,148.349914
-945.0322,4,148.37221
-1070.599,2,148.436784
-1619.4393,8,148.436901
-1039.3495,6,148.492628
-736.85675,21,148.570597
-1002.7086,3,148.570924
-1891.8131,30,148.602143
27.983887,27,148.602242
-791.03674,34,148.635185
680.7267,43,148.662642
-919.27783,12,148.662714
-1384.2051,8,148.662731
-1052.229,2,148.662739
-3306.2336,14,148.724492
-3267.3984,25,148.779752
-523.41516,19,148.806552
-1181.4973,9,148.827826
-2558.27,9,148.8279
-1106.3833,6,148.827915
-3337.7012,35,148.827921
-2171.026,45,148.827927
-1752.1112,41,148.891824
-1017.0612,2,148.891899
-1142.6229,9,148.906616
-900.8661,11,148.906738
-1597.0328,4,148.921161
-1048.8475,7,148.98335
-975.28735,8,148.983783
-1343.3607,7,149.012405
-3292.415,24,149.012489
-1260.0454,12,149.049803
835.5001,38,149.080044
-2041.2517,40,149.116821
-706.2507,5,149.148576
-1840.3151,5,149.148662
-2255.272,10,149.203553
-1332.2402,28,149.23577
-1066.4889,4,149.259015
-2531.5122,15,149.259103
-1038.7311,7,149.25914
-1135.6608,23,149.28421
-959.33594,12,149.284353
-1053.755,3,149.284373
-1028.2303,2,149.314281
-2796.0977,8,149.314373
-727.02295,43,149.314405
-1693.6461,15,149.314416
-1098.6952,16,149.347816
-2060.7915,11,149.347949
-1053.6112,2,149.347994
-2224.026,9,149.408799
-1010.8228,3,149.427944
-1457.4279,11,149.428158
162.4978,64,149.484206
-1708.5352,8,149.510273
-1102.5583,6,149.510336
-909.45935,4,149.510351
-1473.7604,5,149.557206
-820.3352,53,149.557276
-1153.6564,3,149.590017
-3015.7446,14,149.652159
-299.22546,27,149.695979
-1179.1364,4,149.696281
-1685.1919,13,149.696305
-1424.4126,13,149.735845
-2612.5989,9,149.782398
-1395.4885,11,149.917719
-1385.4539,12,149.973212
-1495.7657,9,149.973286
2053.394,91,149.997701
-1642.511,11,149.997805
-1079.7842,7,149.997824
-1326.237,26,150.02679
-907.90936,3,150.051287
-2802.3188,43,150.085157
-726.8407,14,150.12569
-1603.9702,6,150.168224
-2829.6782,29,150.196779
-720.5364,32,150.247748
-2553.836,18,150.247874
-1048.7682,2,150.305058
-223.5802,56,150.305122
-1710.4482,33,150.305139
-647.73914,37,150.337783
-1079.6244,3,150.404653
-2573.6113,59,150.404748
-1004.3745,37,150.429224
-801.14606,87,150.429319
-1219.3568,26,150.514226
-1722.2395,11,150.514341
-119.47821,34,150.514385
-2144.1406,17,150.547224
-911.6984,7,150.547409
-3440.8477,18,150.547443
1290.6447,52,150.57707
-1090.3148,2,150.602123
-2131.65,7,150.602177
-1042.4344,17,150.630934
-1638.4375,9,150.663886
-2533.9563,6,150.693647
-981.7839,3,150.71868
-886.5679,6,150.77986
-690.0434,21,150.780002
-288.19263,91,150.780032
-4793.0757,43,150.804434
-880.4481,21,150.861583
-1326.8436,32,150.861671
-1031.1143,5,150.933226
-943.8924,13,150.933334
-3946.9092,11,150.991256
-1234.5499,14,151.021608
-978.45526,8,151.061089
-618.9957,22,151.08901
-600.44006,37,151.121549
-2744.043,23,151.12164
-2122.2085,20,151.121656
-1496.6017,3,151.156368
-2643.4114,58,151.193443
-1048.529,10,151.193516
-617.9729,39,151.193531
-1020.0009,2,151.193537
-1075.5167,4,151.230685
-817.12933,5,151.286323
-1429.8971,11,151.286376
-1106.4608,3,151.286386
-636.5204,34,151.340197
-1056.2462,2,151.340275
-921.8537,6,151.407725
-540.84753,23,151.407875
-1830.3933,10,151.434826
-1960.0745,8,151.434886
-689.3447,13,151.434901
-2657.1523,9,151.464728
-1191.5858,8,151.533707
-996.974,8,151.533799
-933.45825,4,151.565393
-2222.6738,13,151.595401
-659.83093,5,151.628325
-1684.5374,28,151.661814
-1741.5684,30,151.661966
-796.51526,52,151.690827
-1001.5539,3,151.690892
51.138916,26,151.748571
-1821.2026,10,151.748657
-1092.5494,32,151.780983
-1298.6989,21,151.817315
-1025.5197,3,151.851471
-1084.4877,6,151.878151
-2563.2173,12,151.934137
-987.3976,5,151.965125
-1170.3344,6,151.965211
-2100.5037,16,152.038826
-1492.5322,13,152.094858
-2930.3718,40,152.122375
-773.0881,6,152.12248
-1328.7804,23,152.1225
-2938.4868,38,152.167159
-1653.8446,11,152.167236
-1039.5939,3,152.167253
-1007.9013,3,152.199362
-1082.1947,3,152.199452
-3457.4648,19,152.227831
-1072.2407,2,152.251741
-172.00397,56,152.251821
-1120.4266,3,152.251839
1049.6652,64,152.251849
-1395.8728,9,152.277664
-2102.3984,32,152.303769
-1036.2788,3,152.326606
-1128.311,3,152.326683
-1509.0819,3,152.3267
-312.85065,76,152.378581
-1114.8918,3,152.378705
-1130.7002,29,152.41386
-1265.7207,8,152.414358
-1171.5549,8,152.481402
-3502.8875,63,152.514532
-1013.5366,6,152.541789
-1200.9049,6,152.541897
-1721.9604,37,152.567081
-1106.7467,13,152.60618
-1007.33826,32,152.606265
-1116.2961,28,152.606282
-1084.5745,2,152.665916
-1769.279,10,152.665976
-1478.0948,12,152.689935
-1684.3723,10,152.72422
2547.2212,73,152.752744
-982.335,6,152.752786
-909.38873,17,152.7859
-1620.6294,9,152.832204
-1075.1584,4,152.832293
-875.5398,6,152.878082
777.09375,47,152.882152
-1492.5713,9,152.957373
-558.26465,34,153.005784
-2166.1506,51,153.00975
-941.03564,6,153.094558
-879.82495,4,153.16919
-1682.6324,13,153.239915
-1411.374,5,153.28531
-1516.8337,17,153.327129
-1083.8647,6,153.403069
-1176.6409,14,153.403479
-866.75665,32,153.467777
-1714.4619,7,153.467852
-983.96594,5,153.518351
-1159.0792,8,153.518424
-1080.5042,3,153.543339
662.55554,43,153.578585
-1402.6101,15,153.578652
-1039.1941,6,153.578685
-2944.6172,26,153.616179
-1396.1814,18,153.651118
-1142.3319,18,153.69499
-1089.2023,18,153.724776
-1017.8928,4,153.724862
-1640.7505,21,153.724879
-1864.7979,8,153.916179
-1308.334,10,153.916325
-948.6782,13,153.964766
-1063.3539,3,153.965022
-1279.5559,5,153.965132
-1941.7004,10,154.025759
-1071.0474,5,154.065268
-453.80872,53,154.09515
-1562.9238,4,154.095242
-1229.0565,40,154.123277
-1268.7521,39,154.17803
-620.8164,25,154.317013
-1389.801,10,154.317113
-2877.1997,27,154.350909
332.30334,30,154.351026
-951.51587,20,154.376417
-1175.279,4,154.440621
-305.16577,49,154.441568
-1195.2523,11,154.441646
-1037.1564,2,154.502824
-1008.20776,5,154.503252
-2260.5225,24,154.532743
-3303.9077,77,154.532959
-905.56323,7,154.565801
-549.5177,18,154.565875
-846.0123,6,154.625473
-1111.7014,3,154.659994
1212.689,46,154.660053
-1508.1755,10,154.715189
-1021.88696,2,154.715302
-600.25226,16,154.715325
-1292.8577,68,154.752278
-1008.20605,2,154.783624
-1065.358,2,154.854242
-911.6257,27,154.854551
-1023.31335,2,154.909593
-1277.7975,65,154.933142
-3547.0679,13,154.951142
-3008.8066,10,154.970932
-619.57153,18,154.984691
-22.32367,36,154.984779
-1157.5913,5,155.007692
-682.5073,33,155.007776
-1084.038,3,155.022619
428.3822,32,155.022695
-1565.8325,12,155.022713
-2148.291,25,155.033677
-1033.488,2,155.056706
-1033.3,3,155.070629
-2788.3928,16,155.070709
-2968.2139,16,155.082826
-825.0198,20,155.082869
-950.6095,16,155.098279
-2190.4004,40,155.131643
-1121.4496,4,155.131756
-946.5505,6,155.203527
-1228.7867,5,155.203595
-1953.9761,9,155.257196
-1140.0374,4,155.257258
-1285.0377,11,155.370052
-61.141846,34,155.391067
-1011.48956,19,155.427124
-1313.3123,7,155.427229
-2042.4592,50,155.455457
-1010.8864,2,155.455532
-3742.7114,27,155.488345
-1018.10205,3,155.504981
-1031.0358,2,155.52808
-1767.4846,15,155.528162
-1305.6316,6,155.528195
-161.71814,28,155.556374
-3927.922,35,155.577966
894.02716,68,155.596651
1101.78,65,155.596736
-940.5449,6,155.615315
14.843567,30,155.615487
304.36133,30,155.647777
-221.77783,26,155.678093
-904.7208,63,155.693156
-1006.0966,4,155.705918
-109.70892,24,155.705991
-1092.7043,4,155.727112
-2341.811,11,155.740469
-1062.2865,2,155.740551
-1580.5581,34,155.74057
-1125.2775,21,155.759385
-48.05432,77,155.759453
-1329.7465,21,155.775508
-75.274536,56,155.789677
-1939.4539,7,155.824576
-1675.423,5,155.824677
-1287.1023,6,155.842098
544.7521,45,155.842187
-1332.7015,16,155.872739
-1093.4664,5,155.87283
-650.35095,36,155.902719
-1379.8165,61,155.93135
-1398.6464,9,155.93147
-1153.5708,4,155.931494
-3051.899,9,155.965847
-2098.539,10,155.984722
-988.8829,2,156.016592
-1699.3108,5,156.01668
-1661.8442,7,156.036892
-993.08923,5,156.036982
-2030.9773,4,156.037118
-1414.851,4,156.091548
-1045.4232,3,156.091609
-2392.602,25,156.104254
-2617.8398,15,156.10458
-2799.3184,7,156.148828
280.70538,36,156.1489
-1792.0759,5,156.172599
-944.50165,2,156.185013
-1044.9739,3,156.208946
-1049.0199,4,156.262591
-1032.4967,21,156.276803
-1442.6108,11,156.289156
-615.48486,24,156.289228
902.39905,54,156.304716
-1874.6075,8,156.304843
-1367.0963,35,156.319456
-732.05774,5,156.332492
-558.2378,46,156.411829
-2727.382,21,156.412277
-935.6589,7,156.449011
-1575.933,30,156.449117
-1070.5771,6,156.449134
-1457.8179,7,156.478223
-1781.4756,7,156.500232
-938.7386,4,156.525829
-1286.6672,24,156.616417
-1172.6134,6,156.616498
712.6271,48,156.616512
-14.978394,44,156.652243
-889.92017,8,156.652331
-2265.515,15,156.652352
-1068.645,4,156.726625
-1092.524,4,156.741892
-1254.0039,4,156.741965
-1267.256,15,156.741981
-1085.8176,11,156.757906
-963.32117,6,156.788465
-967.4118,8,156.814092
-3900.4146,33,156.814193
-4392.5703,45,156.843117
-1791.1512,15,156.843243
-3113.9124,56,156.874909
-5442.1523,42,156.906893
-1832.5452,15,156.941496
-938.41833,10,156.941584
287.5334,67,156.978258
-1379.0131,11,157.008241
-1280.6764,10,157.008318
-716.7803,14,157.008335
2969.171,72,157.008341
-1085.6975,14,157.030738
-995.29126,4,157.063389
-1136.9728,3,157.09158
-2283.226,27,157.11078
-1233.0505,26,157.110836
-922.9166,4,157.136033
-1048.8866,9,157.136369
1282.0574,57,157.136391
-1004.61237,4,157.164403
1200.1155,40,157.194814
-1001.74915,3,157.209262
-1976.8491,77,157.209333
-2295.0242,17,157.209349
-1441.715,21,157.238879
-1149.9221,3,157.238948
-2559.0142,12,157.252362
-2985.2793,25,157.266287
293.50226,28,157.266375
-2250.7432,25,157.288377
-1000.6029,2,157.288453
-526.64355,19,157.313699
-1963.5417,11,157.313775
-594.49194,114,157.329177
-3352.0928,30,157.329233
-1247.1129,5,157.329262
-1036.3771,5,157.35758
-940.5127,14,157.372628
-1146.2551,3,157.372717
-1269.0187,21,157.399226
-3368.5166,14,157.433275
-1032.628,19,157.433361
-1657.0747,11,157.47188
-1900.7089,32,157.483395
-1867.5657,17,157.515158
-3707.0305,30,157.563498
-987.63605,4,157.563583
-2160.2031,10,157.647499
-695.5825,20,157.726547
-1140.4181,4,157.754019
-2408.664,9,157.795478
-1537.0046,17,157.812638
-1088.1954,4,157.812804
-2405.713,12,157.812843
-1502.7994,27,157.812853
-2245.485,24,157.81286
-1448.2898,3,157.921961
-1388.5547,29,157.954611
-2002.9095,26,157.990556
-231.55383,31,158.029708
348.87842,83,158.029801
-813.7682,22,158.069192
-2542.2617,7,158.069291
-1039.5641,7,158.06931
-689.688,33,158.069318
-1079.4381,3,158.115929
-1631.8529,18,158.116049
1474.4519,44,158.181346
1925.6462,75,158.228009
1366.9697,103,158.285665
-970.41797,5,158.285974
-993.67566,4,158.285998
-133.65149,32,158.286005
-1029.7799,2,158.286011
-2469.499,10,158.416595
-1016.6696,32,158.416678
-978.3541,2,158.520119
-1002.9651,5,158.520219
-1969.9342,9,158.563578
-876.3755,5,158.563737
-2732.6816,19,158.563769
-1236.9642,4,158.615043
-974.1803,49,158.674251
-1022.26733,7,158.674319
-966.17896,7,158.674335
-1046.6346,2,158.733776
68.547,55,158.733861
-967.3561,3,158.757921
-1020.68805,5,158.786794
-1459.6278,12,158.956763
-2744.479,28,158.956856
-4108.6104,50,158.956868
-1120.6031,29,158.995774
-2759.9912,14,159.034628
-989.1562,3,159.068599
-695.1558,16,159.101994
-988.1496,69,159.102083
-1039.4591,27,159.195
-1003.1965,3,159.195072
-917.45447,6,159.195089
-3144.099,31,159.195096
-3439.454,16,159.22665
142.03912,29,159.226732
-1359.8523,21,159.226749
-984.5437,6,159.268579
-1154.1078,7,159.268689
-1007.68176,2,159.310073
-218.10083,27,159.31016
-1055.3793,2,159.310176
-844.1082,5,159.37099
-1435.9736,30,159.397137
-1821.8818,3,159.397226
-265.90118,35,159.413278
-1040.1439,2,159.433358
-1216.3123,8,159.454019
-1166.5603,4,159.5706
-1987.6742,28,159.626106
-20.777222,33,159.647306
-1692.7802,23,159.647445
-1166.2642,9,159.659387
-3098.8516,15,159.659447
-3720.754,17,159.659463
-586.91174,15,159.677296
-1096.0094,3,159.744547
-959.87415,7,159.744642
-1455.695,41,159.780091
-1291.302,6,159.808801
-1861.2542,6,159.808927
-927.48425,59,159.839011
-2567.4243,38,159.839384
-1417.7622,30,159.839411
-418.2622,25,159.899372
-1484.0562,4,159.958656
-1139.6041,10,159.958757
-1030.2145,2,159.958773
-595.79645,22,159.993655
-848.5876,8,160.052552
-1175.1509,60,160.075414
-3268.657,46,160.09358
-988.1515,3,160.110492
-1065.2458,3,160.146745
-1581.1561,13,160.14685
-1606.3145,16,160.177613
116.33966,102,160.177715
-1309.8306,35,160.212529
-1064.3363,2,160.238952
-260.92346,34,160.273173
-1553.6356,7,160.309564
-1753.7844,6,160.309635
-1136.975,4,160.340349
-1083.7722,2,160.340457
-1771.7654,35,160.375596
-1346.5045,43,160.415547
-1002.45734,6,160.447443
2495.8843,72,160.478993
-1936.5537,23,160.479061
-2353.8628,30,160.479075
-944.1956,3,160.557104
-2666.6226,13,160.577405
-2007.1191,47,160.609179
-1982.3054,28,160.645634
-948.9873,17,160.646039
-1100.5609,3,160.646125
-750.56006,31,160.6462
-885.96155,6,160.646302
-1070.6465,7,160.68102
-1123.3619,3,160.681077
-991.2368,3,160.718554
-1015.5731,2,160.718795
-2706.0366,11,160.718877
-1046.7446,3,160.75418
-1130.1033,3,160.754385
-1024.6144,2,160.777724
-894.89044,5,160.816272
-1382.9634,5,160.848806
-727.85156,60,160.848894
-1996.7578,14,160.874256
-1141.7025,5,160.874342
-1052.3994,7,160.899164
-1137.4634,6,160.925701
-2311.8142,20,160.925778
-3604.0254,28,160.925792
-2745.7144,18,160.963443
-1540.0305,6,160.963538
-1078.8899,21,160.963561
-1142.8054,5,160.985388
114.483826,45,160.985444
-122.21045,23,161.039903
-951.3168,6,161.096427
-1047.7646,3,161.13457
-1007.8068,6,161.134843
-2156.798,50,161.163968
-1562.4032,15,161.191403
-4345.197,10,161.191477
-2118.1904,13,161.23996
-981.6253,7,161.317606
-850.4746,5,161.317777
215.3601,47,161.359315
-269.9295,48,161.386203
-980.7798,8,161.386311
-351.73425,24,161.427759
-2311.8677,9,161.441986
-1196.8225,28,161.47385
-1026.3376,2,161.496062
-376.58575,21,161.513366
-1141.0068,8,161.571506
-1962.4843,27,161.571577
-1050.845,3,161.571592
-692.66907,21,161.571599
-1087.9388,3,161.592847
-782.01404,22,161.593232
210.85352,27,161.62084
-1068.6367,2,161.620928
-1079.918,2,161.641969
-1020.609,4,161.66293
-576.6223,27,161.663012
-2875.4321,28,161.733205
-862.5066,16,161.758579
-2447.85,24,161.781343
-1047.1095,7,161.781429
-859.19336,16,161.848086
-3183.3145,69,161.863111
-1810.9086,12,161.883116
-1045.2878,2,161.90624
-1203.2335,28,161.966968
806.7648,79,162.000619
-1600.3359,12,162.033
-2840.3706,15,162.063092
1071.4779,63,162.063155
-1601.1837,48,162.093254
-1036.2778,2,162.124545
69.087524,78,162.124708
-1213.4667,4,162.124744
-437.4712,35,162.197205
-1063.7773,2,162.19729
-1071.457,3,162.197305
-1036.6086,5,162.228794
-989.7528,2,162.252509
-1120.8104,3,162.276548
-1029.5387,24,162.276628
-1028.1427,24,162.348457
-950.8113,4,162.348527
-1616.0515,12,162.381298
-184.81097,44,162.381397
-2419.6694,8,162.412099
-952.68005,2,162.412191
-526.063,18,162.492532
-2499.816,36,162.492584
-2171.9678,5,162.519082
-1126.6396,6,162.554137
-428.68024,53,162.589575
-562.7362,45,162.589722
77.09009,61,162.589765
-1267.4672,14,162.615942
47.35327,30,162.678047
-1214.9362,40,162.678123
-1393.5977,12,162.711969
691.2488,40,162.713398
-1345.1177,9,162.769947
-1036.1753,2,162.845184
-1614.2217,14,162.845503
-1735.5974,10,162.875374
-2841.4143,8,162.875487
-873.1996,21,162.910007
-3175.7249,12,162.910064
-3745.016,21,162.910076
-2580.6511,8,162.92191
-1545.0148,4,162.955957
-713.8323,11,162.95603
-1016.7865,8,163.00209
-921.1849,7,163.002154
-2375.1882,66,163.03467
-832.3867,46,163.098526
-36.775024,47,163.098631
-1897.8752,26,163.181088
-4163.7666,15,163.18115
-1574.6256,17,163.19546
-998.5985,8,163.23997
983.10266,70,163.251549
164.99536,38,163.267418
-2989.2078,6,163.267486
-1907.7844,8,163.313449
-1022.96954,50,163.313514
-1407.1732,26,163.313531
-932.26276,35,163.330301
-3336.5215,27,163.330372
-947.7318,4,163.383022
-1354.5332,21,163.383088
-1547.9626,74,163.396619
-1410.7424,7,163.396694
-979.05145,4,163.396722
-372.08582,31,163.407512
-1396.9846,7,163.420827
-1097.5587,3,163.441824
-1045.6302,7,163.44202
-14.588379,58,163.442051
-849.80774,45,163.442061
-895.596,5,163.456168
-1029.8042,2,163.484052
-1037.2479,4,163.484144
-1277.1619,13,163.484161
-2234.6519,15,163.514036
-1057.1161,23,163.51412
-1041.3372,6,163.514141
-3434.2043,43,163.54802
-2695.2622,15,163.548102
-1445.1854,6,163.558984
-1121.9999,82,163.619469
-2550.9395,8,163.643832
-2292.7607,9,163.643898
-2246.1338,14,163.643914
-1171.9064,6,163.65837
-3623.8938,21,163.673688
-2398.5615,10,163.673777
-1009.53595,8,163.673796
-1120.4391,3,163.694678
-1448.5869,10,163.716813
-1160.9943,3,163.716883
-1234.654,44,163.729665
-1003.452,3,163.729733
-959.3393,4,163.744875
-2512.2388,15,163.74494
1230.6381,42,163.744957
-1020.37335,5,163.757215
-1124.2046,5,163.810006
-640.1591,35,163.810101
-1506.1636,10,163.828003
-1558.2031,7,163.861074
-2419.4497,14,163.900836
-1834.2766,16,163.900942
-1585.4823,12,163.9292
-2393.447,9,163.942964
-1005.8051,2,163.943042
-1646.7594,6,163.94306
-1986.2493,6,163.965941
-1993.239,30,163.965998
-1066.772,2,163.992188
-1060.1752,5,164.006898
-1104.9751,3,164.006988
-1427.8676,15,164.007006
-1387.9917,5,164.068523
-987.70087,6,164.093881
-2001.9117,21,164.093956
-1018.5144,2,164.114666
225.29645,19,164.114756
-1051.8859,3,164.155876
-1042.4432,2,164.155945
-1068.9786,2,164.198794
-1416.9241,26,164.198864
152.15125,27,164.198881
1748.7444,86,164.212111
-1109.7286,4,164.332071
-818.82556,73,164.332156
-1611.3416,9,164.358093
-1048.0005,3,164.378379
-1393.7727,33,164.378506
3240.4949,71,164.378541
-1108.1116,6,164.404439
-1170.1982,5,164.404531
-3139.8755,18,164.418325
985.37286,48,164.418406
-225.87573,54,164.418425
67.624146,89,164.436622
-1516.6807,3,164.44863
-1134.2834,3,164.462576
-1403.3083,6,164.479303
-1231.742,53,164.479369
-905.77454,6,164.479384
-1107.3282,3,164.558119
-905.2419,6,164.578335
-1147.0217,61,164.627316
-1038.0554,7,164.627386
-3218.0022,22,164.627404
-1532.9957,10,164.627413
-1205.6423,5,164.642174
-3097.252,13,164.654879
-1387.9177,11,164.677766
-1105.8942,4,164.701419
-1006.91425,3,164.701474
-1049.3488,2,164.701489
-438.95337,39,164.723731
-1035.4366,2,164.73473
-1576.0798,14,164.753535
-1522.782,26,164.7812
-1390.7433,39,164.803052
-2728.065,12,164.803122
-1506.5266,22,164.803137
-1014.9056,3,164.827909
54.116577,23,164.840755
-1017.43176,2,164.840835
-1250.1582,28,164.864733
-1133.3298,7,164.883855
-1215.292,31,164.884001
-1123.7595,5,164.931297
-1624.1548,11,164.931431
-1584.4796,5,164.962774
-1675.1843,18,165.005635
-1058.4092,3,165.005721
-2668.329,76,165.005755
-1034.7705,4,165.026584
-1016.52844,7,165.039973
-1792.9326,12,165.040051
-506.17975,55,165.051929
-1144.9885,3,165.051986
-2553.5698,12,165.078756
-2025.936,14,165.078865
-1987.251,65,165.08982
-1019.19666,2,165.102756
-1626.0208,5,165.103078
-3407.62,23,165.128142
-938.4115,3,165.151983
-1991.7341,24,165.177656
-2362.5645,64,165.177783
-1926.4702,10,165.201174
-1318.3115,30,165.230101
-1433.8086,19,165.240917
-854.47656,19,165.259738
-2068.0671,7,165.259823
-1092.2954,3,165.308045
-917.6866,3,165.308133
-1413.0874,8,165.337037
1573.4058,72,165.337107
-177.24146,101,165.387671
-2018.2699,41,165.400887
-1186.2609,23,165.400943
-963.06525,4,165.400964
-1202.0231,5,165.415849
-994.1874,2,165.46257
-3863.258,59,165.479508
-1537.0842,10,165.479713
-3229.313,56,165.479811
-1155.3672,4,165.479892
-739.3983,23,165.52843
-928.5444,4,165.528574
-320.2151,22,165.545171
-1428.3662,32,165.56292
-675.87585,41,165.562994
-1000.3338,5,165.563016
-1635.7329,6,165.587521
-1624.5658,11,165.587585
80.50311,31,165.617188
-1335.804,7,165.617265
-1401.3473,31,165.617285
-1010.07007,2,165.617294
-1933.7961,17,165.617299
-867.9763,4,165.637564
-1035.8729,4,165.651361
-976.3458,2,165.651407
-1089.6246,2,165.65142
-1056.1118,2,165.670884
-370.5677,30,165.693838
-518.0516,25,165.693896
-1237.3918,9,165.709874
-1153.5248,4,165.724508
-1005.25867,6,165.724567
339.30505,32,165.750801
-1419.7593,37,165.750867
-2944.8232,34,165.777955
-1009.39166,2,165.778044
-1742.422,6,165.801961
-1568.4746,12,165.81945
-2854.817,24,165.832444
-1407.8381,61,165.849712
-929.23755,6,165.849771
-2664.1465,9,165.863871
-1042.9141,7,165.899674
-1742.2717,6,165.899756
-1537.5488,18,165.899775
-2979.941,29,165.92803
-1011.7266,2,165.953516
-906.7376,3,165.982234
-410.58795,24,165.982304
-1777.0316,9,166.031481
-1056.078,3,166.031548
-1539.0248,9,166.053974
-1653.5198,22,166.054093
-1154.2671,3,166.101538
-1491.786,22,166.101631
-671.3074,23,166.132231
-1059.3457,64,166.146667
-1092.1542,5,166.159668
-1821.3961,12,166.174844
-2104.023,37,166.174916
-2554.1924,25,166.195278
-1758.273,12,166.209196
-920.3342,6,166.209286
298.58014,35,166.276767
1591.8853,67,166.276875
-1878.227,23,166.276896
-689.7019,4,166.295181
-1043.4261,2,166.315505
-1233.7422,59,166.315603
-981.31836,3,166.341168
-685.0328,27,166.419535
-2362.745,11,166.439464
-885.92255,16,166.463037
-1537.7067,7,166.482578
-1770.2634,14,166.482652
-1388.2448,6,166.482669
-1445.9038,4,166.495658
-826.96576,44,166.509249
-2431.9375,18,166.53351
-900.328,5,166.533608
-1038.4996,2,166.547065
-3542.418,17,166.574261
-1189.2853,27,166.599913
-865.10706,26,166.600023
-1091.0309,7,166.630848
-4479.8057,53,166.645685
-2595.6626,11,166.686189
-1694.5105,28,166.686285
-1609.7708,5,166.701393
1089.8359,42,166.701512
-1041.128,2,166.716581
-1537.5089,12,166.771126
-578.50256,26,166.785022
-1002.34314,6,166.799034
-1392.3185,7,166.799113
-1682.019,18,166.799127
-237.24554,32,166.799133
-1029.0105,3,166.811832
-1037.3475,47,166.8308
-937.441,17,166.8309
-1130.4951,4,166.861008
-1086.2869,2,166.861083
-2188.2043,23,166.953845
-1069.6748,28,167.026124
-83.35919,54,167.02621
-28.506592,38,167.052937
-2556.7146,71,167.053019
-947.85077,3,167.110711
-1900.1354,26,167.110791
-1639.1731,22,167.138556
-1040.9551,2,167.161759
-1145.7946,34,167.161846
-1128.9242,15,167.184365
-1600.649,17,167.197252
-1030.6958,8,167.212318
-1460.0006,3,167.21243
-957.9156,6,167.252209
665.06226,46,167.252264
-107.68402,22,167.264982
-156.18518,33,167.265327
-891.2195,7,167.274799
-1567.9906,4,167.274881
-987.3714,37,167.304869
-989.8332,2,167.319427
-1207.7872,89,167.319494
-1756.53,14,167.335591
-1506.5115,3,167.335682
-1096.441,4,167.3357
-975.41943,6,167.35323
-2082.7256,9,167.353283
-1088.4346,2,167.353298
-1062.5443,5,167.396631
-997.87823,3,167.420995
-1007.78577,4,167.421065
-737.4702,22,167.421081
1288.5969,64,167.421089
1107.3892,40,167.421095
-1458.0261,4,167.440824
-943.3023,6,167.440879
-441.9441,39,167.440893
-3615.6997,17,167.4409
-975.59247,3,167.453516
-4532.381,21,167.483489
-1530.9794,14,167.483566
-1785.9564,29,167.48359
-2425.423,34,167.497645
2246.7383,87,167.510432
-1863.0927,31,167.510509
-2908.0,18,167.510528
-1531.9381,8,167.510535
-2080.9204,6,167.523945
-1127.0138,7,167.534828
-1124.4541,5,167.547848
-1581.5073,40,167.561035
-1559.5328,4,167.561125
-1597.6575,7,167.597355
-2025.8491,9,167.597435
-2763.2056,41,167.616886
-1236.166,7,167.631543
-1079.416,21,167.631632
-1024.8492,6,167.658209
-2465.3105,7,167.706413
-1299.2804,14,167.706477
-1080.0616,5,167.716789
-1420.374,8,167.72878
-1105.7578,15,167.752567
-2923.025,9,167.752621
-750.6561,23,167.75265
-3507.8892,17,167.765772
-2717.6147,25,167.779711
-1470.0388,9,167.779775
-1053.6387,16,167.779791
-1067.9663,3,167.794127
-2336.0688,20,167.794218
-132.3487,22,167.821969
-835.2213,5,167.835663
-1927.7631,16,167.848686
-1193.8987,5,167.860891
-1673.4126,4,167.860956
-2914.1025,10,167.874741
-1043.9221,2,167.901673
98.41467,28,167.926538
-2370.7095,29,167.926613
-1077.3386,7,167.926631
-992.7623,37,167.926638
-1259.686,14,167.926644
-3019.4473,16,167.965068
-893.9234,6,167.986788
-1614.0447,5,168.012768
-1176.6877,34,168.012843
-743.27826,5,168.012859
-978.2047,12,168.038049
-1875.6667,39,168.130874
-2650.7363,14,168.130952
-3243.0232,18,168.130967
-1355.0079,13,168.130973
176.73175,26,168.130979
-1095.48,2,168.154665
-1196.4717,37,168.175875
-3706.776,37,168.200153
-1928.6685,9,168.200215
-1725.8945,15,168.220846
-2164.5103,16,168.23934
-1341.3752,18,168.253126
-1990.056,31,168.253214
-2092.673,36,168.253244
213.23322,27,168.271951
-917.10583,7,168.285691
-926.50507,20,168.298756
-1680.4626,31,168.312392
-188.83429,27,168.325928
-3089.108,16,168.325996
-2011.0181,14,168.358972
-1343.8744,5,168.383664
-983.77747,3,168.383739
-1112.1161,4,168.383757
-1526.6682,8,168.403649
-321.46368,24,168.422119
-3163.8745,14,168.468183
-1556.2032,4,168.468258
-1786.4617,15,168.468274
-1475.1361,16,168.468282
-620.7484,13,168.482838
-1420.2148,6,168.504754
-1313.2727,19,168.555451
-2220.9912,23,168.555611
-1575.8812,5,168.572578
-1731.5693,10,168.572659
-737.0321,31,168.595273
-1571.0774,10,168.595349
-1223.8413,8,168.607517
-49.710632,28,168.632564
-1009.97534,2,168.632625
-1157.9587,4,168.6329
-2046.8801,7,168.632942
-3313.7856,56,168.652422
-1224.9564,4,168.667212
-1091.1967,6,168.731528
-1350.4685,28,168.75773
-976.31824,8,168.776148
-2882.6055,9,168.795202
-1652.0164,32,168.810467
-1280.1595,9,168.823541
-1512.0581,6,168.872404
-563.67395,23,168.902176
-494.76154,49,168.930239
-1200.6987,62,168.943734
-1860.04,15,168.943815
-2450.5996,25,168.943829
-1532.1224,19,168.974029
-859.47394,39,168.974123
-978.0276,8,168.974141
446.15613,47,168.98644
-1160.2812,4,168.999934
214.26868,29,169.012133
-1477.9019,7,169.024194
-1052.378,4,169.049882
-975.7816,6,169.050222
-3341.7935,37,169.080415
-3198.8354,32,169.093011
-1983.4595,10,169.109807
-1103.0494,3,169.133009
-1135.3514,18,169.178909
-1069.6029,5,169.197709
-380.84982,27,169.24771
-174.48419,41,169.259916
171.35876,25,169.28774
-952.16364,5,169.315607
-1874.8538,30,169.315669
-4881.064,18,169.330127
-1577.9321,26,169.330237
-5050.339,61,169.330256
-3009.227,59,169.356693
-29.285889,22,169.356787
-1672.7847,12,169.375488
-999.7716,3,169.375588
-1141.979,3,169.421741
-1363.5945,6,169.453292
-1231.1466,21,169.478571
628.5336,64,169.517273
-2109.6978,51,169.517357
-2379.849,27,169.517374
-1199.9163,10,169.535104
-1008.5096,2,169.561274
-1100.2976,3,169.575956
-1630.1686,18,169.602459
-1164.9717,4,169.602538
-1019.26587,36,169.602556
-5.2772217,27,169.616466
-691.80853,17,169.61654
-1343.6692,7,169.616557
-1091.6888,4,169.664598
2673.0784,93,169.703501
-799.40643,19,169.726951
-1518.1313,7,169.744055
-2279.0796,7,169.770016
-2008.8923,20,169.803858
-1229.9977,21,169.803931
1649.5197,46,169.803951
-89.17377,23,169.837751
-183.5144,60,169.865623
-1200.2416,5,169.865704
1051.2601,71,169.865724
-818.10547,4,169.889863
-1092.5205,3,169.908867
-1973.4653,13,169.90896
-920.05457,8,169.94763
-1712.5955,7,169.947703
-2039.5626,11,170.00068
-1093.96,4,170.000752
-877.189,18,170.000772
-820.04675,17,170.031936
-1594.237,5,170.048297
-2173.8293,31,170.064779
-159.67279,33,170.064901
-2240.1816,25,170.080387
-1221.4996,14,170.080474
-1490.7405,7,170.080493
-2655.4058,57,170.103229
-1026.4268,2,170.115356
-2028.7715,11,170.115447
-1226.9077,9,170.161701
-1637.3667,9,170.162304
1175.6682,35,170.162334
-927.7744,3,170.162344
-1694.2378,51,170.162351
-1142.688,3,170.173893
-970.7834,7,170.173964
-1091.68,2,170.208789
-1079.9124,2,170.209103
-2457.4492,10,170.228781
-2440.2812,7,170.228844
-1115.2606,3,170.261744
-1379.4155,7,170.275006
-1360.6302,4,170.296211
-970.30304,6,170.296296
-966.5617,4,170.330103
-1043.5469,4,170.330187
-2200.022,38,170.363062
-1534.1099,77,177.185404
-1111.7977,5,177.185491
-1123.8256,9,177.208619
-1047.3507,2,177.208686
-997.2831,7,177.208703
-1863.351,13,177.208711
-2295.648,19,177.223397
-1048.7753,2,177.236717
-1022.5631,16,177.250121
-1217.0397,4,177.26251
-1451.0718,26,177.26258
-514.801,24,177.300922
-1365.0168,14,177.327768
-786.3467,28,177.337325
-652.5137,50,177.351172
-1005.5379,2,177.378131
-1400.9375,18,177.420202
-1562.1322,24,177.420458
-1838.0961,14,177.432894
-1731.5454,19,177.456434
-1028.8541,2,177.456511
-1664.3973,49,177.45653
-2658.6003,12,177.478179
97.36127,111,177.530127
-786.3671,37,177.542117
-965.9857,6,177.542164
608.0331,54,177.542178
-777.0731,26,177.555588
-1066.596,24,177.555657
-1927.537,22,177.555675
-1795.5878,17,177.569732
-1012.86993,2,177.569808
-1530.1123,12,177.582293
-2992.9312,35,177.604009
-2333.9385,59,177.617388
-1166.4966,32,177.662151
-1443.329,14,177.662225
-892.6846,6,177.662242
-1477.8376,6,177.673246
-1835.3943,9,177.69867
-2799.835,23,177.69877
-1082.0201,3,177.69879
-876.46106,42,177.698797
-2066.4912,16,177.714612
-778.88434,30,177.714724
-866.93506,73,177.725609
-1357.9358,14,177.72568
-946.4832,3,177.770262
-1002.5416,5,177.77032
-903.99976,5,177.786178
-2173.8687,17,177.800553
-2050.628,7,177.823738
-235.52826,74,177.850907
-1048.5848,2,177.850964
-1160.9288,11,177.850979
-1649.188,7,177.863904
312.71667,29,177.863992
-1131.5581,6,177.86401
-747.6102,18,177.954183
-1715.4834,5,177.979057
-2912.3215,36,177.979151
-827.0679,18,178.045149
-1452.615,8,178.072914
-1570.0746,20,178.106648
-948.7314,5,178.135484
-3136.922,26,178.196794
-5042.637,34,178.196876
-2213.5288,9,178.222132
-2704.3745,15,178.314541
-980.3641,74,178.314592
-1061.3087,4,178.339871
-1457.0677,16,178.340019
-2451.4573,8,178.371886
-1402.5577,29,178.388724
-3121.2417,12,178.424147
-2755.1174,41,178.42422
-1056.7466,8,178.424233
-1213.8904,21,178.438822
-1725.9905,17,178.452027
-1688.3,14,178.47396
-1106.4254,5,178.474093
-985.7176,11,178.474168
-992.6177,8,178.488211
-1354.831,30,178.488274
-982.3318,4,178.48829
-1020.7754,4,178.488299
-1079.459,68,178.520461
1313.7596,47,178.55005
-1094.4918,3,178.574071
1677.376,114,178.574159
-989.9005,8,178.57418
-1073.9962,4,178.574189
-7.59021,49,178.574197
-230.9173,33,178.615436
-910.0463,8,178.679492
-3144.9458,7,178.705825
-939.6128,4,178.72118
-814.89026,6,178.721265
-654.0364,10,178.721284
-2136.8696,11,178.721292
-1830.0854,7,178.743853
-1238.555,15,178.776422
-816.6146,19,178.776515
-1215.4567,49,178.793452
-2436.009,9,178.793517
-1195.1952,5,178.793536
-969.81573,54,178.813064
-1612.3959,10,178.813153
-1076.9553,3,178.813173
-917.6021,5,178.823111
-1633.0704,16,178.849982
-1518.1702,9,178.873661
-1668.2614,10,178.905732
-1056.078,4,178.915781
-1507.7513,9,179.020735
-1816.5023,23,179.020962
-881.01465,17,179.044305
-975.08887,2,179.078663
-4800.6636,16,179.10284
-2424.998,9,179.126425
-1007.08875,23,179.144199
-1655.4985,12,179.164174
-985.0286,5,179.177596
-1893.9672,23,179.177718
-2185.2944,22,179.200982
2187.5767,78,179.215134
-1102.6124,2,179.215227
-1115.6968,7,179.241328
-1793.0334,22,179.241395
-1588.5978,27,179.252747
-2062.8167,17,179.266845
-857.62384,5,179.267166
-258.05566,38,179.283043
-1037.227,2,179.297179
-1189.2195,15,179.297286
-1543.3484,6,179.335984
-1340.1814,12,179.344513
-973.72375,4,179.38959
-478.33643,56,179.403354
-1500.9277,36,179.40344
-1827.7656,10,179.403466
-998.99365,5,179.417806
1716.3561,52,179.441753
-1107.6583,4,179.472001
-640.8601,31,179.472095
-2352.7788,6,179.472111
-3748.5703,78,179.486577
-2069.7556,13,179.486657
-1058.4755,2,179.510909
-2611.2139,17,179.52836
-1149.0757,26,179.559182
-1522.9037,3,179.619004
-1075.4133,9,179.619067
-1732.6628,11,179.619084
-141.14886,32,179.64023
-1269.6467,10,179.640336
326.23328,26,179.672049
-1777.2251,18,179.685435
-849.6012,13,179.700284
-1040.3315,19,179.700363
-1267.751,32,179.700379
-4080.8198,31,179.717062
-951.9992,3,179.746391
-2464.2485,59,179.746477
-1626.2816,8,179.746493
-1597.2505,7,179.773275
-1114.9685,4,179.773365
-1053.9888,3,179.81555
-956.68085,5,179.815656
409.44922,68,179.830692
-1318.4608,10,179.830788
-1492.614,14,179.845168
-2712.0928,10,179.845279
-3182.8003,20,179.845308
-1061.2507,8,179.863288
-768.0928,7,179.881305
-203.66595,32,179.893801
-982.7826,5,179.916102
-1132.3873,7,179.9441
-2200.6948,13,179.94418
-1335.5453,17,179.958336
464.26294,50,179.975708
-869.91455,8,179.975801
-913.0961,8,179.975826
-1012.50116,2,179.975835
-1018.50946,5,179.99157
-1170.158,25,180.006356
-1030.3903,2,180.006435
-1647.3164,11,180.028034
-1124.7777,4,180.047762
-873.2616,5,180.047869
-6446.946,98,180.04789
-2065.3125,90,180.062031
-2170.3188,38,180.062132
-1069.4337,4,180.062155
-486.60565,52,180.093613
-1051.3555,2,180.093701
3840.754,83,180.104647
-1107.1782,5,180.104979
-1279.7748,5,180.119189
-1013.55,2,180.119279
-1642.9204,5,180.137751
-1702.215,13,180.137887
-965.19525,5,180.137915
-1613.8099,22,180.15282
-1204.2655,8,180.165055
-2559.084,8,180.165123
-1056.4775,2,180.165142
-1027.6108,2,180.165148
-1725.8718,6,180.177453
451.682,24,180.177511
-1030.3916,5,180.177531
-1482.8198,19,180.177543
-1032.1531,2,180.200255
-868.4339,4,180.200301
-1142.1824,3,180.211184
-2282.1724,39,180.224798
-965.7943,18,180.238509
-1081.3477,5,180.252065
-1050.4191,48,180.252134
-2473.2793,7,180.295302
-1906.9922,7,180.305497
-674.32263,30,180.31699
-1977.3315,7,180.346709
2178.4238,129,180.34681
-1133.99,5,180.358133
-1088.963,4,180.370651
-1145.6176,29,180.384346
-899.09216,7,180.396658
-799.43726,16,180.396719
-1042.6204,19,180.40826
-1804.1941,17,180.408313
-896.56335,6,180.421847
-2087.7202,15,180.455633
-2490.8481,16,180.455744
-1023.4305,5,180.471156
-1502.809,9,180.485081
-1668.4069,38,180.498574
2649.865,126,180.498658
-1199.9604,9,180.498678
-1238.3514,12,180.510978
-953.38324,4,180.511049
-1238.7235,5,180.533026
-2606.3364,29,180.533107
-2727.954,9,180.567053
-1120.1377,4,180.567135
-1529.2504,10,180.567153
-1370.1736,24,180.56716
-1281.9362,5,180.567166
-1098.1963,3,180.582442
-3462.4265,35,180.604798
185.79852,34,180.604867
-775.1945,31,180.618075
-1166.3625,15,180.618145
-2126.7139,31,180.630853
-1053.6582,2,180.64549
-1181.8893,6,180.645551
-1153.982,4,180.657595
-1041.917,7,180.657775
-1251.5814,8,180.669487
-1029.4498,12,180.681945
-1228.5117,7,180.697031
-1517.8687,59,180.697125
-1005.731,6,180.725331
-1125.1079,5,180.725395
-1566.5131,6,180.764978
-823.83746,20,180.779409
-1176.2479,5,180.789843
-532.83044,28,180.802164
-1256.9414,11,180.815228
-1166.4757,4,180.826878
-1313.2693,10,180.82718
-1030.1515,2,180.850275
-72.402405,28,180.878703
-943.73535,12,180.916279
-937.46106,18,180.926464
-2198.6648,25,180.938525
-1105.8408,3,180.949885
-1078.9393,3,180.966932
-1052.4355,3,180.97737
-1051.7544,2,180.97745
-1048.9222,2,181.007563
-2174.5205,73,181.007653
-1292.4087,5,181.041166
-1301.5112,50,181.054177
-2230.4028,66,181.05424
-1100.2081,7,181.054257
-1097.865,6,181.077209
692.00977,46,181.077271
-1111.6034,3,181.112355
-3096.4395,71,181.112422
349.14966,46,181.124257
-1963.4979,6,181.12432
-3513.7454,48,181.136223
-2334.8901,40,181.136287
-1392.5693,8,181.147899
-1058.1022,8,181.208833
-979.39307,2,181.232421
480.4347,37,181.243588
-1320.3746,9,181.260425
2310.6997,56,181.281315
-838.4508,32,181.281377
-1833.9646,12,181.28139
-1055.7062,2,181.318921
-1580.9053,5,181.332354
625.22107,53,181.358104
-1119.2898,5,181.358172
-409.52472,54,181.358188
-927.96747,125,181.370161
-2101.0444,45,181.398619
-1344.2815,19,181.411527
54.61261,27,181.411604
-2575.4507,27,181.426661
-1065.877,7,181.437975
-1022.0377,3,181.470676
-2491.7104,46,181.470757
-1753.2057,25,181.484232
-1185.3536,10,181.498871
-4460.571,14,181.498995
-1483.6365,11,181.511633
-1816.3702,9,181.52721
-1064.5425,6,181.566449
322.12024,54,181.566542
-1005.0037,3,181.585674
-1380.9498,15,181.585725
-1884.4146,16,181.61796
-1091.869,2,181.646166
-547.65393,35,181.659857
-450.41125,47,181.674174
-1622.5063,10,181.67424
-823.2427,28,181.719167
-1116.7671,5,181.732612
-1099.7198,7,181.749246
-985.40717,13,181.764617
-118.08533,47,181.764715
-1653.3135,18,181.77527
-34.43518,32,181.80021
2742.9028,78,181.800274
2394.6616,72,181.812383
-1623.539,10,181.812441
-1091.5571,2,181.827388
-876.6225,7,181.82744
-2444.482,6,181.827454
-1000.3315,2,181.855575
-965.1606,4,181.874612
-1045.734,5,181.902921
-973.7651,5,181.903002
-917.85376,9,181.903028
-5888.0957,45,181.914331
-1101.7755,3,181.944546
-1113.0809,5,181.944609
-1049.8333,14,181.965368
-347.95648,38,181.979001
-966.7671,27,181.979069
724.0967,38,181.979085
-2385.815,103,182.003463
-1696.1218,15,182.015136
-1120.6346,6,182.025806
704.18744,33,182.036089
-317.31744,33,182.050347
90.54736,24,182.050402
-1637.6732,14,182.050417
-337.6153,28,182.063659
-1068.7377,7,182.063737
150.31506,40,182.076991
-1198.4313,6,182.089236
-1644.3583,9,182.089304
-112.73096,112,182.101987
-1181.5519,4,182.114654
-1622.8167,22,182.114719
-952.3249,4,182.126999
-1128.1313,6,182.127062
-2169.1929,10,182.156041
782.26843,47,182.156123
-1739.2268,8,182.169065
-950.11334,4,182.181142
-1836.1329,11,182.19781
-929.7883,7,182.210743
-911.7163,16,182.210817
-1289.7761,78,182.224926
-2115.0369,14,182.224987
-1042.7648,2,182.235837
-1029.7428,2,182.235906
-1053.5646,2,182.246879
-975.13654,6,182.292529
-1045.2281,5,182.308278
-1027.9724,6,182.308347
-1692.1652,26,182.308364
-1048.4283,2,182.331575
-1084.9791,3,182.343221
-4088.4094,21,182.354409
-1072.102,5,182.369521
-1123.4818,17,182.369584
-1006.32715,3,182.38883
-1747.8765,51,182.438446
-1194.8127,25,182.438507
-2274.1133,43,182.463257
-2742.074,40,182.463328
-1037.8014,9,182.486426
-1047.1194,2,182.486497
-862.02966,5,182.50028
-1073.1036,5,182.500368
-1995.5547,33,182.511992
-283.37054,36,182.512035
-2366.6038,79,182.527382
-1465.1389,5,182.527465
-646.4436,45,182.546222
-1274.1676,14,182.546347
-1354.7404,20,182.561841
-1039.7039,3,182.561973
-1086.8718,18,182.604157
-995.06323,35,182.63284
-1084.7795,8,182.664559
-1405.458,6,182.690349
-1030.757,54,182.690452
-377.99042,36,182.718742
-2591.838,33,182.71884
-1355.8269,10,182.773348
-2044.933,10,182.843859
-1022.65753,8,182.84397
-2579.7637,4,182.843999
-1840.1216,10,182.84401
-1037.8174,2,182.844019
-662.7429,24,182.905885
-1688.6035,61,182.938964
-1655.9694,41,182.939085
-62.99121,38,182.975257
-1013.10815,2,182.97534
-846.89453,13,182.975353
-1372.5618,6,183.028682
-1054.3458,2,183.028781
-1084.5702,3,183.115778
-2213.0383,97,183.11587
-1086.1086,3,183.115889
-1332.4779,16,183.141533
-1762.7931,17,183.141611
-3092.7075,11,183.171079
-1137.9917,4,183.223975
-852.28503,10,183.247608
-1199.53,20,183.269717
-535.8403,27,183.305957
-1555.6805,16,183.306006
-817.82916,5,183.306015
-1362.3588,7,183.331988
-469.26703,18,183.364063
-2276.5925,5,183.459957
-1276.3219,26,183.46003
-1191.586,36,183.472275
1139.1925,50,183.519692
-2052.2727,41,183.51976
-1448.9912,34,183.544179
-1780.484,73,183.544234
-1643.7832,7,183.544248
-1315.7373,42,183.544255
-1801.7118,13,183.54426
-1026.229,3,183.558338
-263.4815,30,183.593684
-1150.7003,3,183.593763
-1490.8152,4,183.593782
-1658.0007,34,183.607124
-1227.115,6,183.617108
-2245.528,45,183.62932
-2028.052,26,183.629364
-936.3532,25,183.675969
-1138.4115,5,183.676043
-1112.108,10,183.676067
-1062.763,4,183.689667
-1066.201,12,183.7026
-1080.7451,2,183.702686
-4362.1167,81,183.716187
47.687256,32,183.758586
-2422.7388,14,183.784196
-1026.6346,2,183.784252
-601.7848,43,183.784268
-1344.1517,24,183.784275
-1329.684,32,183.784281
-2453.9946,10,183.808574
-1167.8739,4,183.84419
-954.73444,12,183.844245
-1707.3597,33,183.84426
-1503.394,10,183.844268
-1125.8593,3,183.855341
-1087.0208,39,183.890635
-2524.647,14,183.902955
-1080.7383,23,183.903012
-915.0809,10,183.917182
-2841.6436,11,183.93137
-1004.0007,7,183.931437
-1861.3318,11,183.93145
-2677.134,23,183.948064
-3115.2012,51,183.961365
-1117.7148,4,183.987044
-1269.2512,16,184.00212
818.39636,55,184.013501
-965.97235,6,184.013602
-1404.6753,25,184.033354
-1725.8464,10,184.056624
-712.85486,40,184.056694
-1150.3042,5,184.067532
-1458.529,8,184.067591
-950.6421,36,184.078809
-1133.2725,3,184.100058
108.128784,49,184.112547
-979.90564,2,184.112609
626.35144,69,184.12662
-1176.1635,4,184.126684
-1645.4817,5,184.126702
-1042.3088,2,184.1495
-1861.4924,23,184.149563
-1381.8795,25,184.174473
-2112.1626,20,184.174529
-1155.0977,6,184.187388
-2977.5996,26,184.239809
-1112.3726,40,184.239884
-1529.2871,19,184.265783
-1084.7399,20,184.282165
-3676.2827,30,184.307752
-780.4911,15,184.323962
-1376.9043,4,184.324048
-1345.8186,14,184.338053
-1036.0591,14,184.338117
-1133.3307,3,184.365839
-1077.0396,11,184.387117
-588.0026,33,184.387201
-2172.8936,5,184.408343
-765.36053,26,184.418882
886.3093,80,184.443953
-1024.3566,4,184.444028
-831.50745,21,184.458808
102.911865,69,184.468739
-1272.635,9,184.482838
-1097.4408,5,184.482933
-2506.2122,43,184.507884
-2804.6199,51,184.533845
-1125.7262,5,184.549031
-1386.081,71,184.572276
-1976.435,43,184.59969
-1108.0383,8,184.611779
-1388.9006,14,184.651594
-3206.5671,13,184.651669
-886.26514,36,184.651685
-1058.3926,7,184.688683
-935.2808,3,184.688762
-1402.2837,12,184.688778
-3645.9978,18,184.688787
-1703.3481,49,184.748075
-1251.5784,6,184.759689
-1913.0107,52,184.773065
-1086.4673,10,184.773136
-1310.6213,16,184.773152
-1372.1073,12,184.7991
-1793.0022,16,184.811891
-967.87714,5,184.83883
-1215.1565,6,184.852169
-2099.7383,7,184.852221
-740.67395,35,184.852236
-121.26068,33,184.864282
-447.76837,43,184.864337
1023.693,79,184.881389
-1035.7278,2,184.904225
-298.29688,30,184.942517
-2007.146,51,184.958882
433.9674,54,184.958958
1525.1274,58,184.958974
-1446.6244,8,184.980874
-2247.62,15,185.01011
-999.60046,9,185.010188
-2118.4734,5,185.025288
-1119.1373,7,185.03557
-1368.0322,19,185.035638
-1053.5453,2,185.058463
-1372.9607,15,185.058519
-1376.4935,10,185.081943
-755.8739,22,185.106278
-1780.6616,5,185.14448
-1625.0237,15,185.144541
1649.5084,80,185.166264
-3115.4775,22,185.175521
-5053.7847,26,185.188084
1434.6647,67,185.200605
-1880.8845,18,185.309071
-1062.0234,3,185.321254
-324.0116,66,185.369699
-2714.7217,24,185.382667
-2195.2397,36,185.382756
-1365.4434,23,185.396856
-1780.162,8,185.410536
-792.02576,15,185.410589
-1035.0966,4,185.458279
-5527.2983,82,185.458568
120.13928,27,185.470593
-806.1623,8,185.495091
-1122.2578,3,185.49515
672.4113,53,185.510172
-1183.5908,11,185.510259
-1465.7305,3,185.510276
-902.3895,10,185.510284
391.77344,83,185.533539
-891.68396,26,185.550332
-1012.7342,49,185.56385
-133.42682,31,185.585458
1128.361,63,185.585554
-2422.6562,25,185.604572
-1316.8632,6,185.604637
-2856.115,10,185.639047
-1405.9531,9,185.639113
-1044.4429,4,185.653914
-1029.3151,2,185.666441
-1411.748,12,185.678017
-2530.958,16,185.678077
-1614.395,11,185.694703
-1351.7565,9,185.694776
-1072.0096,30,185.719434
1672.3997,73,185.719504
-1143.11,3,185.734827
-1031.7228,5,185.747314
-996.7374,7,185.796676
-1101.2247,29,185.821258
-5632.308,132,185.821337
-1329.707,20,185.868625
-996.5032,8,185.868713
-1180.7885,5,185.880685
-819.5974,38,185.912626
-2504.1094,13,185.912703
-753.1441,51,185.955221
-1135.6914,3,185.955288
-1155.8539,7,185.978371
-1077.7687,11,185.978445
885.2245,54,185.995328
-1779.7754,7,185.995394
-187.5274,66,185.995411
-1664.3938,6,186.007706
-3031.7524,26,186.039613
-1153.6991,4,186.049703
-1087.3354,6,186.063063
-1439.2634,10,186.105049
-774.2468,101,186.117553
-1214.286,25,186.141748
-1711.9003,11,186.178979
-2.1194458,50,186.191764
144.28674,44,186.191834
186.21619,37,186.191852
-613.52686,18,186.191859
-2743.5798,41,186.207013
-499.58905,80,186.207095
-1086.6381,2,186.220557
-2308.2722,9,186.220625
-3230.3027,9,186.233184
-1051.2651,2,186.23324
-1075.8812,5,186.259538
-917.5902,5,186.259609
-4616.46,30,186.273402
-1749.1411,18,186.287853
-1144.8823,7,186.287941
-934.2467,52,186.313118
-2702.2183,11,186.326879
-858.5072,61,186.354256
1323.2141,59,186.3655
-1342.4614,9,186.379753
-1124.5376,20,186.410827
-1438.1378,10,186.423311
-1249.8932,12,186.423375
-1663.8335,7,186.423391
-1072.6443,2,186.445217
-907.5222,6,186.457957
109.102295,53,186.458028
-960.7549,2,186.470616
-2612.185,18,186.470678
-2102.2617,20,186.470693
-727.95996,9,186.483069
-978.53174,39,186.508734
-2566.1433,39,186.508802
-1148.7695,3,186.508817
-997.5063,3,186.508824
-3896.3164,18,186.527619
-1074.3585,2,186.540608
-1478.8994,4,186.540681
222.25134,111,186.55325
199.00952,24,186.572235
-1640.1055,8,186.621548
2077.4465,69,186.621637
-1345.3599,19,186.641637
-1085.6952,2,186.653323
-1700.2927,9,186.653396
-238.31732,26,186.664892
-786.72485,18,186.695806
-1671.0312,12,186.695874
109.253235,70,186.708174
-1030.7998,2,186.720384
-1118.0016,4,186.720458
-3334.5513,14,186.737113
-1969.4456,13,186.737204
-1165.1991,17,186.764493
-917.7208,4,186.782057
-2164.6782,16,186.782119
23.18335,52,186.793596
-1600.366,12,186.82019
-1128.9359,3,186.820275
-1138.3226,9,186.830645
-3071.3635,16,186.842614
-1362.1926,44,186.842676
-1335.4457,65,186.854605
-1906.4719,7,186.854669
-3015.27,13,186.887182
-1005.97833,4,186.899514
-962.3015,11,186.922887
2104.2114,72,186.945415
-407.52402,28,186.945484
-1149.7349,39,186.956801
-1650.4055,13,186.966786
-1345.0767,21,186.991136
-5942.8027,38,186.991209
-1353.3998,6,187.011117
-1216.5629,6,187.023186
-25.519531,31,187.034997
-648.4056,42,187.035071
-1103.9648,5,187.068497
-1198.5768,3,187.068556
-864.75415,8,187.083909
-912.20483,5,187.083997
-274.404,26,187.084028
-2185.8416,14,187.084034
-133.53546,59,187.098202
-674.43036,37,187.098283
-1078.6304,23,187.120223
-1054.6849,53,187.120323
-2774.763,15,187.176351
-1028.1859,3,187.176421
-1230.5631,7,187.21334
-1024.775,3,187.228717
-1177.3823,31,187.229002
-1025.8372,2,187.243929
-1015.41547,6,187.273107
-1856.0913,52,187.27318
-1795.3694,12,187.315479
-2092.988,13,187.315561
-652.9263,36,187.315578
-1009.41254,15,187.330996
-4602.8906,36,187.331056
-1545.7195,4,187.331075
-613.32166,15,187.331082
-1276.6384,36,187.352469
-1456.7515,17,187.352546
-1012.38715,3,187.363961
-1028.828,2,187.376291
-928.32166,4,187.376369
76.30371,84,187.390319
156.33215,28,187.403786
-1002.60614,37,187.416696
-1187.1555,4,187.44208
-1694.2118,8,187.442155
-858.7524,8,187.442171
-721.5293,7,187.466163
-947.83734,5,187.50698
-1270.4265,8,187.507054
-1766.7745,19,187.541475
-1748.2047,48,187.554543
-1874.7723,22,187.554618
-1332.1716,11,187.570299
-80.44629,25,187.581267
-2025.3145,41,187.650912
-1455.0784,29,187.651006
-645.52704,22,187.67468
-1129.0193,17,187.686416
-2197.285,11,187.716608
-1239.7983,15,187.741408
-2051.0493,29,187.74151
-1491.9873,29,187.763518
-911.6915,18,187.789332
-1002.99475,7,187.803406
-1568.7229,46,187.803486
-1059.7354,2,187.81559
-1115.8381,6,187.815669
-502.11957,26,187.83215
-1604.0317,34,187.843619
-3060.3438,51,187.843681
-1038.1714,3,187.858159
-3575.2598,18,187.858224
-1468.8629,5,187.884646
-2544.517,17,187.898521
-1525.3,25,187.914868
-1329.8318,16,187.914962
-1553.8984,5,187.914981
-1507.8514,14,187.954162
-2491.6711,16,187.967727
-1137.6581,5,187.983652
-1552.2214,5,187.983762
-3190.6396,62,188.013564
-1132.4678,3,188.028645
-515.4394,16,188.028717
-1391.4968,96,188.042438
-2592.7512,14,188.042498
-78.23541,47,188.055681
-1067.435,2,188.071233
-1040.5706,4,188.104979
-1519.4203,6,188.105138
2505.53,97,188.10519
-1085.5532,6,188.125739
-2296.4375,15,188.137351
-3238.0383,27,188.13742
-1127.1064,8,188.152242
-1084.8699,47,188.176079
-1750.0718,40,188.176138
-951.6271,6,188.176153
-1004.79333,5,188.189568
-798.0233,14,188.189663
-1852.9067,4,188.240955
-2229.2676,9,188.241063
-1465.5671,18,188.256666
-1076.0596,6,188.256778
-1051.322,2,188.27196
-970.70374,2,188.272066
-1048.5834,2,188.28392
-2012.9084,12,188.297469
-1257.22,11,188.297549
-113.57892,32,188.341192
-1042.5815,2,188.34129
-848.11304,35,188.353263
-2350.6074,14,188.353354
-198.37164,49,188.383847
-1866.1307,8,188.383945
-1170.6338,3,188.397975
-1939.5701,34,188.414234
-676.87665,41,188.414315
-411.94507,38,188.437322
-1465.008,16,188.437382
-2707.6055,31,188.437396
-2106.5295,76,188.465598
-1484.224,39,188.478252
-1562.0697,11,188.514242
-1416.6724,22,188.514316
-700.02484,8,188.53874
-1833.98,8,188.538816
-2170.276,15,188.565001
-1127.3866,14,188.565053
-478.91675,18,188.565065
-1051.8936,12,188.565071
-712.5915,26,188.565077
-777.9598,8,188.586107
-2197.1272,10,188.586184
-1189.0481,5,188.61143
-1037.5507,3,188.611487
-1079.4852,2,188.611503
-934.7432,3,188.61151
-801.8916,34,188.624828
-1605.7068,24,188.639316
-1065.9924,2,188.639405
-1079.8387,5,188.652116
-1021.2699,3,188.652172
-1068.791,2,188.663975
-835.0894,10,188.676462
-724.50616,7,188.699992
-1679.4564,14,188.700091
-1463.0167,37,188.700129
-1831.9158,23,188.712607
3021.5981,78,188.712667
-1162.8483,6,188.724995
-1681.2926,20,188.748777
-2234.477,4,188.748914
-2238.8208,125,188.766613
-1025.1713,2,188.781173
-748.475,14,188.795416
-1053.8528,5,188.795483
-3219.737,26,188.7955
-1783.6787,8,188.805751
-150.03552,33,188.85316
-1479.1937,28,188.879305
-1395.6328,8,188.894445
-1052.2959,3,188.894517
-479.52026,34,188.894539
-1035.8152,3,188.930971
-1211.9622,13,188.944979
-1200.1571,20,188.959636
-1330.3777,16,188.972557
-491.80685,33,189.000159
-1771.2449,54,189.023719
-1569.9868,7,189.023798
-1178.2131,20,189.050094
-907.2651,4,189.082848
-1559.9275,6,189.108676
-1536.8892,10,189.108818
943.1129,76,189.138528
-807.45667,61,189.150999
-1057.347,27,189.163671
-2757.7615,29,189.178081
-1057.5511,18,189.190006
-937.463,4,189.190099
-988.0266,4,189.216159
52.476196,41,189.216247
-662.64624,14,189.264354
-1059.5077,2,189.264446
-1914.2983,5,189.297206
476.6679,42,189.328454
-1734.4169,10,189.367131
-704.1077,45,189.458849
-2300.796,17,189.549379
-521.90967,33,189.549492
-2185.732,12,189.595309
-978.7995,3,189.595401
-1681.4568,38,189.687321
-2253.5483,31,189.735634
-889.0145,7,189.7495
-564.4024,12,189.749566
-1265.7094,6,189.749583
-1177.1494,16,189.775328
2157.3635,68,189.788432
-3913.3086,61,189.788475
-1790.1025,4,189.798985
-4434.2324,64,189.79904
-1123.9458,44,189.799054
-413.40436,24,189.811002
-1428.0465,11,189.81107
499.66687,67,189.823125
-1407.9185,6,189.823484
-1025.3643,3,189.835693
-3175.2202,22,189.85983
2485.0803,68,189.859905
-693.7704,45,189.87276
-1043.7626,3,189.872826
-1857.7606,25,189.885039
-982.15234,6,189.885099
-1792.1736,27,189.885113
-987.4488,3,189.90119
-2714.386,38,189.901282
-1093.8313,9,189.913946
-2587.2747,24,189.914019
-1088.3386,3,189.925581
-1283.2881,15,189.925912
-1071.8107,22,189.938238
-1552.915,15,189.938294
-1097.5215,4,189.960898
-1125.1415,13,189.98841
-1792.98,43,189.988496
-979.7949,6,190.003146
-2242.0186,71,190.003206
-2021.3225,5,190.003221
-1581.5878,18,190.016034
-1038.3151,2,190.036415
-1041.6669,2,190.036505
-1098.245,2,190.061257
-117.02722,22,190.06134
-4951.257,14,190.061356
-922.0664,14,190.087011
-1650.2244,21,190.087086
-1712.0857,17,190.10043
-1130.657,6,190.111666
-1354.2002,17,190.11173
-1972.4165,19,190.111746
-4180.917,16,190.123797
-1481.9167,10,190.123869
-1134.9045,3,190.13854
-1905.9712,17,190.151859
-2466.8428,19,190.151941
-2833.6848,34,190.151959
-1044.7135,2,190.176649
-1658.8451,9,190.176741
-1171.7899,4,190.176755
-1450.7406,13,190.176762
-4857.5938,24,190.203358
-1025.9943,4,190.203413
-951.0167,7,190.203428
-1977.1892,6,190.252679
696.7495,35,190.27827
-1642.2932,11,190.278342
-2267.5435,9,190.289558
-1166.2944,18,190.289619
-1343.9166,25,190.312809
-3199.3743,26,190.350378
-1767.4629,20,190.37334
-896.2697,44,190.373431
-1481.947,16,190.387986
854.699,116,190.411021
-1487.6987,10,190.424975
-873.8433,4,190.425066
-2152.9287,12,190.437623
-2422.0042,30,190.451307
-1031.0455,2,190.451639
-492.32132,37,190.451677
-648.7257,39,190.451698
-1466.9077,24,190.462913
-2198.608,9,190.475096
-915.0664,6,190.489556
66.10742,56,190.514354
-1025.4683,24,190.514432
-1208.619,6,190.525788
-914.6061,5,190.525862
-1037.6307,2,190.55149
-2101.0303,9,190.563638
-908.187,38,190.57965
-1111.6453,5,190.579718
-743.47864,37,190.607579
-930.1335,17,190.607656
-1249.0237,25,190.607675
-1691.3784,31,190.607681
-1510.2123,14,190.620374
-630.98047,19,190.620434
-427.443,23,190.620448
-991.74603,3,190.620456
-1541.6326,11,190.633546
-1426.6063,15,190.648165
-1055.904,2,190.648253
-1383.7065,5,190.672745
-1343.1532,15,190.672801
-956.83325,5,190.686106
-1708.8359,21,190.696272
-309.87213,35,190.711253
-1814.9209,12,190.711323
-1155.2378,8,190.711351
-1938.3562,9,190.738144
-1223.5582,10,190.738225
-1857.7266,9,190.765299
28.670288,36,190.765393
-1939.6626,10,190.779013
-2573.5244,8,190.779107
-2677.7646,14,190.800879
-1042.9148,2,190.827013
-1800.8494,13,190.841513
-2990.9082,51,190.867901
-1999.8259,28,190.883256
-1147.3468,9,190.883313
-1372.1898,9,190.899469
-2138.129,12,190.899549
-989.9142,5,190.948173
-1950.3193,26,190.972788
3611.2412,66,190.972856
-1562.346,12,190.995544
-1003.01666,3,191.008384
2984.4583,72,191.020936
-603.23584,20,191.021039
-2646.306,11,191.032439
-1353.8447,36,191.03249
-1654.3097,9,191.056625
-1028.6193,2,191.056699
-900.25116,28,191.069671
-3865.938,16,191.069739
-1253.8297,7,191.109359
-1410.8823,17,191.109428
-773.94995,29,191.109446
-1092.9331,7,191.120559
29.414246,24,191.135555
-1444.727,10,191.135618
-688.6747,49,191.159543
-2521.848,37,191.159609
-1006.2399,5,191.171706
-1882.438,9,191.183907
-1055.7965,3,191.198259
155.58765,25,191.198317
-1064.7997,4,191.246704
-3321.2825,21,191.282991
-1382.0309,18,191.283057
-2081.3252,8,191.381318
-354.86224,47,191.394788
-1326.5906,68,191.407671
-2849.9792,44,191.419748
-1448.0175,5,191.429558
-1048.6405,19,191.477768
-1058.54,7,191.492197
-2359.7295,10,191.492258
313.3963,24,191.492278
-1052.7218,2,191.505564
-1031.1808,2,191.519512
-84.14819,59,191.532129
-1407.3901,3,191.532196
-1325.8284,12,191.579409
-1452.6611,19,191.579744
-2349.6616,29,191.595027
-1085.6183,2,191.607543
-1353.9478,36,191.607619
-608.5504,33,191.618159
-990.18115,7,191.631068
-2015.4309,18,191.631121
-635.40106,28,191.631136
1110.55,35,191.653839
-2284.5269,47,191.653935
-974.1906,22,191.665296
-1290.0148,11,191.676888
-3675.4146,79,191.676956
-916.9075,7,191.707577
1178.3721,79,191.707654
-2042.6995,12,191.75829
-1058.613,6,191.758348
-1466.6901,10,191.758365
-1765.821,11,191.773063
-1476.4968,54,191.773143
3623.65,119,191.800096
-938.2453,8,191.819366
-382.86414,24,191.835401
-1893.1531,14,191.848498
901.8927,33,191.877043
-1040.1207,3,191.877139
-3161.942,26,191.877162
-1568.7983,12,191.877169
-1434.4851,28,191.877176
-1052.4313,8,191.877183
-1041.3474,2,191.904561
-1008.0028,7,191.963064
-1108.2571,91,191.977829
-838.3313,63,191.977903
-1618.3274,23,191.992125
-1274.1698,31,191.992455
-1222.8901,34,192.039803
-1492.0134,5,192.039883
-715.4458,28,192.039901
-1330.8447,16,192.052312
-1150.379,5,192.052368
-1443.2823,21,192.052382
-1919.27,35,192.066954
644.9411,65,192.067032
-1899.4221,7,192.093712
-1025.7717,5,192.12324
-1611.6597,6,192.136762
-908.31323,24,192.159777
-1421.5759,5,192.17399
-2619.3708,14,192.174045
-287.12152,29,192.17406
47.119934,26,192.174066
-709.89087,8,192.18532
-1853.7982,4,192.222913
-1809.2037,8,192.257941
-2226.8499,14,192.258021
-834.5446,8,192.269566
-1757.4965,15,192.282617
-1094.5,3,192.295656
-2179.195,22,192.373182
-2343.2158,16,192.373243
4067.7017,86,192.400981
-949.85034,26,192.416462
-3705.4927,50,192.444085
-1568.0098,24,192.444154
-1548.6772,7,192.477082
-787.30756,37,192.48925
-2011.4685,33,192.502836
-1202.9891,5,192.522427
-1154.5773,3,192.536617
-1979.1377,27,192.536698
-2662.311,18,192.551792
-1681.4922,9,192.55187
-340.53522,49,192.551915
-1053.5103,3,192.551981
-1051.1407,2,192.576464
-145.90308,51,192.591605
-1351.5536,69,192.612894
-1102.3665,3,192.627517
-2138.6216,5,192.627583
-2168.049,35,192.665342
-2677.4897,11,192.67783
-1201.449,4,192.677894
-1935.9271,10,192.694045
-1335.362,10,192.707439
-1664.2502,16,192.707495
166.32556,78,192.707511
-510.46957,19,192.719178
-1578.4661,9,192.761054
-984.24304,3,192.76114
-1024.6936,4,192.775483
-616.7394,36,192.775549
-1207.452,7,192.789694
-1988.8137,26,192.789786
-695.5105,20,192.824431
-1979.0479,5,192.824507
-942.778,4,192.824525
-592.5452,12,192.836873
2807.1943,67,192.836939
2994.9075,70,192.848788
-1546.7949,12,192.860853
-2124.8535,13,192.860922
-994.28613,3,192.884941
-1049.3572,3,192.898354
-1040.725,5,192.898417
-2305.3965,83,192.919702
-1146.8209,27,192.919806
-1035.6382,6,192.931623
-1669.8479,28,192.9317
-852.74585,52,192.931716
-1474.4298,4,192.945969
-1145.3602,51,192.967039
-1685.3762,4,192.967117
-1258.5372,8,193.015435
-1631.6519,10,193.015515
-2809.692,13,193.039621
-1014.4099,2,193.039694
-994.077,9,193.039712
-1525.7814,5,193.103558
-1769.6604,7,193.103654
-915.74664,6,193.116213
-993.69836,73,193.116271
-1984.5691,6,193.116286
-1536.9258,92,193.116293
-1827.1382,13,193.129374
-1044.1343,18,193.152415
-1080.4451,4,193.165499
-1161.9595,5,193.1861
-1833.041,33,193.186178
-1179.4987,6,193.19837
-1713.0896,19,193.209295
-1003.3854,32,193.223051
-1645.6807,9,193.238877
-1021.7526,24,193.251136
-1336.3661,11,193.278975
-1304.237,8,193.279045
-1605.6753,8,193.294827
1925.0774,75,193.294894
-938.2,37,193.309917
-1900.862,7,193.309991
-656.76843,39,193.32208
-1749.0408,43,193.335929
-925.09033,4,193.350239
-1112.4148,5,193.350295
-1071.036,5,193.35031
612.7056,34,193.384988
-1254.7803,9,193.385048
-1300.0074,49,193.396375
-1738.4062,48,193.409517
-1081.6686,6,193.433995
-1048.9791,4,193.434078
-2498.2905,8,193.447235
-1000.6333,4,193.447289
-2176.6172,15,193.447304
-930.2927,21,193.476058
-950.83813,10,193.489347
-932.41614,8,193.520746
-1169.3307,6,193.520822
-1679.9081,5,193.520842
1065.1863,62,193.532594
380.90454,70,193.545626
-630.50616,5,193.545921
-1446.7009,34,193.567463
-3901.969,58,193.584722
-590.1434,21,193.584799
-1862.3015,12,193.600612
-1088.5184,2,193.600679
-1352.4675,6,193.600701
-1015.71564,2,193.621493
-1019.9521,12,193.645811
-1703.4592,15,193.645876
-969.89294,97,193.690235
-1423.6919,15,193.742571
-1124.1698,9,193.767973
-1031.2006,3,193.782393
-1236.739,7,193.78247
-2356.5142,15,193.782489
-946.10583,51,193.794657
-1443.1375,12,193.809119
-28.315346,45,193.809186
-1939.156,21,193.809202
-1010.7974,3,193.82141
-1419.1017,37,193.821602
1178.3378,45,193.833233
-71.54443,20,193.85539
-1051.0691,4,193.855498
-924.36755,4,193.870928
-3441.2285,53,193.871037
-1867.7881,8,193.883327
-572.071,29,193.895216
511.17578,44,193.895293
-1028.783,2,193.906997
-1046.9031,5,193.917942
-939.2274,3,193.94487
-3223.2656,38,193.944948
-787.9973,28,193.959845
904.73206,44,193.959904
-1912.8115,12,193.984248
185.84308,49,193.998564
-2730.8647,8,193.99862
-1891.6997,11,194.011565
-439.32202,37,194.022709
-1999.1064,9,194.034993
-1112.6019,4,194.0523
-595.91736,19,194.064757
-7.621826,35,194.075729
-1208.5131,4,194.075809
2832.808,104,194.087162
-1039.9459,2,194.098902
-1456.5055,3,194.11521
-2149.4873,10,194.126013
-1504.7352,19,194.138534
-1195.0638,30,194.15513
-1526.1902,27,194.155205
-811.39453,13,194.155224
-1030.9198,8,194.155231
-936.9919,5,194.168881
-1436.3646,4,194.168952
-704.2338,46,194.186367
-304.96692,31,194.200213
-1839.4694,10,194.200282
-901.7213,3,194.200305
-383.27863,19,194.200314
-2184.0952,13,194.212316
-1099.6793,2,194.212389
-304.36682,35,194.234342
-960.10236,6,194.234401
-2638.3022,8,194.275593
-2166.124,7,194.290602
-898.95575,6,194.290679
-383.7412,32,194.290692
-1025.1766,4,194.290697
-697.2427,27,194.304341
-2483.3145,9,194.31446
-1821.6187,37,194.338847
-1082.7208,5,194.34947
-374.6612,17,194.362646
-1207.499,3,194.373309
-1968.1539,13,194.37338
-1678.9082,8,194.388754
-2895.5828,12,194.388839
-1935.3503,33,194.388858
-1098.5906,2,194.400898
-849.7727,7,194.400992
-1091.9686,9,194.401012
-1080.3102,12,194.436335
-1957.5393,7,194.436401
-1742.8333,38,194.448308
-875.59045,36,194.473897
-954.35034,3,194.473953
-1474.3741,7,194.484514
-1684.4171,26,194.497874
-1204.5449,4,194.497941
-1031.8374,2,194.51493
-893.6752,10,194.515
-524.1634,19,194.515016
-3416.1492,78,194.531103
-1393.6702,57,194.544238
-4250.7236,12,194.544305
-938.6521,7,194.566768
-724.9304,21,194.566833
-2618.8584,13,194.56685
-2087.9604,12,194.5902
-1650.5426,4,194.590288
-1192.498,35,194.605505
-2183.0137,16,194.605562
-1285.999,8,194.605577
-2513.022,17,194.605584
-1523.4792,35,194.605589
-1075.3931,4,194.617258
-1031.2224,2,194.617311
-1016.4508,33,194.617325
-1073.0582,2,194.628921
-2151.585,4,194.641376
-1054.9226,2,194.641434
-1054.4911,3,194.641449
-1043.5558,3,194.641457
-1027.0259,2,194.641462
-1546.8057,12,194.652526
-1046.0762,5,194.66541
-2862.0693,13,194.676083
-1120.8678,3,194.687485
-967.41754,4,194.687559
316.8695,48,194.700744
-981.3919,3,194.725568
-691.78723,16,194.739734
-1183.1079,5,194.752125
-1233.7589,8,194.76554
-2576.9277,12,194.7902
1668.8876,54,194.814807
-634.63416,15,194.829665
617.33936,29,194.875378
-1224.2451,10,194.885857
-947.8565,6,194.904093
-1827.1333,22,194.916699
-77.14868,124,194.916762
-357.12177,44,194.930585
-860.41235,3,194.9561
-3745.9307,19,194.971035
-1223.8506,14,194.97112
-1702.4285,35,194.971137
-1789.9012,39,194.971144
-1060.9009,21,194.97115
-604.48425,18,194.983338
-880.1995,63,194.994309
-210.66547,39,195.008479
-1031.5321,2,195.020459
-1008.2339,5,195.032021
-810.2904,38,195.053852
-314.57983,29,195.053919
-1032.5336,2,195.053935
-1150.955,5,195.053943
-996.30414,8,195.06915
-1047.45,2,195.08187
-1135.1818,9,195.095103
-2071.806,15,195.09548
-1283.0757,14,195.107568
-2521.4893,15,195.107622
-968.47754,4,195.107637
-1914.4368,18,195.119535
-1877.3348,10,195.145521
-1613.2223,8,195.156629
-3625.203,8,195.169842
-2365.0403,48,195.183085
-948.31165,28,195.183152
-1518.6892,9,195.195531
-432.67883,45,195.208489
-324.4973,67,195.218796
-31.792725,50,195.259501
-1586.2073,14,195.281041
-1862.5435,14,195.281117
-648.75024,19,195.337247
-1348.239,11,195.337306
-2273.166,30,195.363353
-2129.5015,27,195.387751
-1019.3158,2,195.387851
-1695.7917,16,195.387868
52.410767,26,195.387875
-804.8937,62,195.403095
-1133.2931,51,195.40315
-1606.6602,6,195.417295
-1282.89,5,195.454
-2581.2305,29,195.465552
2228.1204,65,195.479967
-2823.709,23,195.48004
-1097.6067,26,195.490569
-1071.029,3,195.506061
-1167.7124,8,195.506141
-1411.2589,5,195.518149
-506.06732,30,195.532884
-1613.8337,10,195.546328
-936.8253,23,195.559077
-1073.7426,2,195.574503
-635.2184,36,195.574561
-1539.9033,14,195.574576
-1821.4109,7,195.574582
-1776.4412,4,195.574587
-1354.2277,23,195.588476
-789.9868,19,195.588529
-1014.0147,2,195.599618
-980.7039,15,195.599696
-1149.1603,4,195.614815
-1055.3906,2,195.629699
-456.67963,51,195.641893
-1374.2139,11,195.675791
-946.7327,15,195.700897
-1301.6504,10,195.700953
-2166.6426,9,195.700967
487.1554,43,195.728298
-217.1167,26,195.728356
-1608.4231,6,195.773659
-1173.1165,17,195.788126
-973.87897,18,195.800166
-2453.809,16,195.815613
-1129.0741,25,195.815693
-1277.2609,3,195.815711
-1019.0673,5,195.871665
-3575.1338,17,195.883533
-1087.0979,8,195.883599
-1835.053,10,195.933101
1175.8495,56,195.933173
-2638.3022,57,195.933192
-418.3341,79,195.946523
-1837.2852,13,195.957538
-1786.1526,19,195.957594
-1044.7448,5,196.011479
-1230.9448,10,196.011562
-1046.5333,4,196.01158
-2295.772,12,196.028413
-1670.1179,5,196.028498
-2012.7126,17,196.028519
-479.27362,50,196.028527
-2315.652,33,196.05252
-1293.5039,38,196.052608
-608.218,37,196.067386
-1136.6467,4,196.081019
-2380.206,62,196.081078
-1021.20935,5,196.081092
-1402.9105,5,196.093775
-970.82434,7,196.109884
-1490.1172,4,196.109971
3556.5173,90,196.133248
-1327.4626,19,196.133313
-1841.2014,6,196.133328
-978.43665,5,196.158773
-992.8093,7,196.158841
-2328.431,51,196.158855
-1019.8809,6,196.158863
-378.74323,42,196.158868
-749.35535,46,196.170976
-866.1402,13,196.184298
-837.3804,8,196.184363
-3807.5327,20,196.199172
-2229.9731,9,196.199251
-965.2644,4,196.211686
-1012.9037,2,196.225616
-1043.4503,2,196.225686
-1159.5795,4,196.238008
-1381.677,7,196.251301
1053.8823,88,196.251369
-1004.304,7,196.301589
-1537.2322,10,196.301664
-2217.7505,12,196.316863
25.017761,65,196.316925
449.39246,48,196.316941
463.13098,31,196.343482
-1142.6893,16,196.369612
-997.15784,5,196.381603
-2877.0012,20,196.393861
292.00983,28,196.39393
-1110.1736,21,196.405301
-949.1062,3,196.405361
-1858.6938,15,196.430554
-813.5432,31,196.430655
-1031.4053,5,196.444673
-1047.1083,11,196.45938
-1668.4409,12,196.459438
-2889.205,11,196.459453
-1765.5508,26,196.471945
-1572.3477,29,196.483099
-2062.7158,14,196.483168
-1440.1343,7,196.495298
-1062.6105,3,196.49537
-1097.4518,2,196.508316
-607.3122,21,196.519294
-452.13074,46,196.536458
-1037.1458,3,196.536515
-970.226,5,196.55846
-1615.2688,15,196.587084
-1790.5867,38,196.602997
-4730.769,13,196.603044
-375.68958,27,196.60307
-226.43994,33,196.622289
-1495.1989,13,196.633855
-1095.2129,2,196.633917
-861.2542,3,196.647338
-4486.68,17,196.65966
-2545.7002,16,196.673767
-164.97943,76,196.685772
-1701.8853,11,196.68585
-1503.0858,7,196.700567
-1102.2026,3,196.72417
-1038.5684,2,196.724437
-1565.7517,8,196.737692
-1033.8928,2,196.749135
948.5906,30,196.783875
-1593.5089,15,196.812219
-912.9901,3,196.82724
-2662.3296,13,196.93819
-155.85754,39,196.938285
-238.81055,16,196.938302
-2158.719,10,196.949824
-1722.134,35,196.949883
-1082.0083,3,196.975368
-114.53339,51,196.975427
-533.4218,35,196.988522
-1088.8887,29,197.000515
-1027.5328,6,197.027065
-75.72504,37,197.039562
-1331.4529,24,197.05389
-893.51825,6,197.053969
-1671.2507,6,197.053986
-2209.4053,12,197.066674
-1046.4117,2,197.077183
-986.6136,30,197.102215
-952.18066,3,197.102281
-997.1614,33,197.102295
-1094.7,4,197.102301
-1351.4126,100,197.102306
-1546.5828,39,197.115196
-1067.5443,4,197.126497
-1497.1458,3,197.139169
-675.50543,43,197.153521
-880.38666,8,197.153615
-127.267456,40,197.165543
-1060.2456,5,197.17833
-1340.9999,18,197.178408
64.49402,69,197.21361
-78.33014,31,197.21369
-1207.1047,7,197.224664
-1890.3992,26,197.237963
-1030.5305,2,197.238065
-757.7614,17,197.251226
-1859.194,7,197.27678
-1367.2097,4,197.276882
1784.5824,79,197.276901
-2128.139,22,197.288996
-2288.3516,9,197.289071
-1909.2361,12,197.308992
-1002.1378,3,197.323329
-938.5945,29,197.323407
-1454.2919,29,197.323427
-1074.1261,4,197.355646
-1071.0654,3,197.368486
-1562.3912,6,197.368541
-1438.9382,19,197.368556
-1028.6901,2,197.390947
-4486.617,23,197.426844
-1514.2026,12,197.426919
-1748.5552,9,197.452985
-1959.4983,26,197.467133
-1083.1387,7,197.467211
-306.02618,32,197.480042
-1116.7952,6,197.501592
-1844.0093,16,197.514207
-2955.749,17,197.514287
-1838.2433,8,197.529811
-2023.5194,5,197.529902
-1955.1733,25,197.529925
-1442.2224,27,197.529935
-1078.3684,6,197.544316
-2439.1128,17,197.560171
-913.0877,3,197.560237
-425.56427,42,197.560255
-1119.2129,5,197.5761
-655.604,20,197.590635
199.48987,56,197.590696
-304.9411,26,197.602183
-929.1286,5,197.623058
-3640.5586,12,197.634534
-1501.7374,8,197.634589
-2711.8462,9,197.646139
-782.1151,7,197.646215
-908.6221,3,197.659996
-1269.5956,33,197.660073
-1901.895,11,197.674063
-1074.2537,6,197.674148
-2897.571,39,197.6859
-1104.4596,3,197.685944
-1066.4397,2,197.706662
-1133.0602,3,197.719754
-1042.5487,2,197.719816
-2464.4995,46,197.732084
-1013.5978,3,197.732139
-2331.7732,73,197.732153
-293.12347,29,197.744262
-1217.8427,13,197.74433
-1005.5231,39,197.769105
-1071.9996,4,197.781664
-1817.965,16,197.797179
-1794.2941,7,197.808797
-1063.2701,27,197.80887
-970.9901,18,197.824359
-1095.6774,14,197.849136
2769.8909,97,197.860918
-1819.8398,9,197.860979
-1048.6178,2,197.888242
-1347.6272,27,197.888314
-2163.9077,7,197.88833
-714.886,13,197.901072
-1371.2996,4,197.911252
-1124.3104,4,197.933622
-324.85217,43,197.957651
-1438.4159,26,197.98101
-1222.5416,23,197.992913
-368.59186,35,198.007639
-1670.3021,28,198.024242
-2743.2646,20,198.024343
-1038.8059,2,198.050174
-1098.6187,9,198.076376
488.29095,42,198.090848
-1027.0076,2,198.105382
-2411.5063,17,198.118944
-992.43445,8,198.131161
-3698.6963,22,198.131228
-3237.9238,35,198.172789
832.8728,31,198.18719
-2319.9775,51,198.18727
-6043.0444,25,198.233809
-309.4143,46,198.233888
-1194.5496,67,198.246974
-893.8186,21,198.272207
-1978.657,8,198.285542
-909.7669,13,198.299545
-152.41595,38,198.299625
262.57526,28,198.299644
-913.4897,5,198.299651
-1869.3586,44,198.311903
-1142.7131,5,198.348028
-2763.4272,15,198.359577
-1715.8473,12,198.39411
-799.5006,45,198.394176
340.68262,47,198.405388
1602.137,63,198.442957
-1846.9736,12,198.44311
-1427.4348,32,198.462609
-1014.3375,3,198.487898
-2659.534,7,198.487971
-1976.5188,12,198.512861
-1170.7993,41,198.512918
-2280.8628,9,198.524789
-1127.9236,3,198.524865
-116.35675,24,198.536965
-2336.9106,22,198.557192
-1093.2522,3,198.557247
378.4958,36,198.57048
-952.2565,4,198.570534
211.94214,21,198.570549
-1764.6929,46,198.611107
-3453.462,34,198.623694
-1157.9835,5,198.623765
-1094.0762,6,198.635137
807.2074,45,198.674337
1279.0929,62,198.685816
-1008.94855,4,198.686121
-1768.0249,62,198.686162
-1079.9722,9,198.686181
-2177.6877,31,198.697096
-603.8026,46,198.728852
-2323.2336,15,198.728932
-1179.9487,4,198.738551
-1267.4761,21,198.760838
23.232544,51,198.773767
-650.96704,6,198.797089
-2121.3718,10,198.824311
-1111.2388,5,198.8244
-1367.9528,17,198.837829
-455.95227,86,198.837893
-1021.3133,7,198.867562
-2777.155,15,198.884431
-1204.5228,5,198.90983
-1002.2453,2,198.934216
-4366.8804,50,198.959225
154.49945,39,198.959292
-3021.6035,8,198.971549
-686.69147,23,198.984636
-2223.1526,15,199.002224
-1346.916,13,199.00231
169.1123,41,199.00233
-1764.1301,21,199.01361
207.54492,23,199.025057
-683.7501,32,199.043233
-1422.2355,4,199.058549
-1294.4066,7,199.058624
-2293.6519,16,199.05865
-1629.4016,6,199.071296
-987.5177,3,199.101236
-1368.7036,7,199.101312
-2253.368,43,199.113753
-2265.8862,6,199.113809
-1990.0459,13,199.113822
-2403.3862,22,199.127672
-982.20966,9,199.12777
-706.88153,56,199.138161
-591.1551,6,199.157642
-380.6856,45,199.169155
-1195.3679,8,199.169216
-2012.2965,12,199.189377
-833.72437,5,199.189436
825.9988,47,199.238753
-1177.7909,16,199.270004
-902.5985,6,199.270089
-2481.4272,11,199.283165
-1521.978,12,199.283236
-1036.5247,30,199.296974
-2085.5127,9,199.29704
-2386.5278,12,199.29707
-2508.5503,17,199.297077
-1001.66174,3,199.307884
-1068.4362,2,199.321408
-2035.8416,11,199.331972
-3090.3364,49,199.345228
-895.1553,5,199.34529
-935.5198,5,199.359821
-2133.2068,19,199.359888
-1085.1176,3,199.359904
-1022.6488,5,199.359911
-1030.3077,2,199.359915
-969.23694,7,199.386518
-1072.4528,2,199.386574
-1598.8845,17,199.386601
-1006.5525,3,199.399031
-1843.5227,4,199.41313
2223.571,81,199.425624
-2408.8157,20,199.437687
-1259.4923,15,199.437754
-1047.4553,7,199.437771
-1143.2603,4,199.45133
-2080.811,14,199.462145
533.9456,27,199.474025
-1250.9639,7,199.474112
-873.8162,5,199.497207
-1762.8037,11,199.497309
-1274.1792,92,199.508393
-1510.6897,5,199.530992
-846.89246,9,199.53109
-2193.2227,13,199.543525
-1766.5035,9,199.543606
74.92236,76,199.566455
-332.05878,45,199.566515
-1065.435,3,199.578276
-1147.6777,4,199.578348
-1167.1417,6,199.578379
-1502.8511,3,199.578385
-677.2313,14,199.578391
-2313.6147,11,199.598086
-1704.937,12,199.598155
-2735.2144,18,199.608823
-1007.4313,15,199.622306
-1448.2253,5,199.633423
-1126.2401,5,199.647486
-1236.744,27,199.647558
-831.4284,31,199.66127
-2075.397,8,199.68385
-934.8124,15,199.683913
-1483.8708,10,199.7089
-1541.7573,19,199.708973
-3325.7524,28,199.708992
59.664185,92,199.743273
-1564.7346,11,199.743365
2.465149,82,199.756605
-893.02277,32,199.756687
-894.0444,6,199.796304
-1264.3967,15,199.81504
-879.01807,51,199.815166
1003.2677,56,199.843768
-1138.0887,8,199.869932
-1897.7349,19,199.898937
-1390.6516,7,199.910794
-2220.0825,12,199.910856
-670.3447,32,199.922476
-1538.901,17,199.922529
-2171.582,22,199.946039
2069.5005,74,199.946127
-973.82184,3,199.946146
-406.64423,28,199.946153
-958.2412,5,199.955752
-1770.8878,4,199.968962
-20.170898,24,199.979842
-1389.4656,4,199.992542
-1380.7114,15,200.004804
-1080.0096,6,200.021215
-1625.4727,18,200.043318
-1464.7004,7,200.043382
-1099.325,3,200.05394
-384.5699,26,200.063432
-1631.2949,37,200.077686
471.79486,36,200.077754
-1049.2954,9,200.077768
-1183.5586,26,200.090024
-2004.8405,13,200.149409
-879.0407,18,200.14948
-3320.4214,37,200.149497
-1249.0806,12,200.160434
-1485.9326,9,200.160505
-1491.0781,3,200.18583
-473.971,46,200.197268
-716.605,28,200.211195
-1150.3914,5,200.21126
-1955.1335,10,200.211275
-967.31555,16,200.234161
-2318.0312,6,200.234233
-935.82434,20,200.248354
-1233.496,7,200.248407
-2499.1665,14,200.260888
-884.9686,15,200.272564
-1543.2725,28,200.283788
-885.86847,5,200.307629
-1131.2657,4,200.336923
-136.03265,22,200.348082
-1827.1501,9,200.348155
-1393.9495,12,200.359717
-2386.689,26,200.371277
-1447.4443,13,200.404299
-980.9822,5,200.41623
-1033.1648,37,200.429322
-1364.9827,20,200.453194
258.26257,53,200.453261
-1081.5775,10,200.482482
-984.8208,5,200.482571
-1041.4186,5,200.505506
-1539.444,9,200.505564
-1076.6306,10,200.505578
-1583.4966,22,200.505585
723.5266,66,200.505591
-1168.8685,50,200.536146
-1228.563,4,200.56182
-968.63055,4,200.574975
-1490.1624,9,200.596438
-2006.7065,9,200.596501
-1001.9957,7,200.609097
-1177.8276,5,200.621647
-1843.7227,42,200.621735
-1091.4327,33,200.633349
2674.541,68,200.633412
-1372.7981,8,200.64561
-1245.5054,12,200.673721
-932.12744,9,200.685123
-1992.681,6,200.685199
444.61633,87,200.694744
-857.9108,3,200.715941
-1050.1915,6,200.730435
-455.30713,29,200.74127
-1219.442,7,200.792655
-1595.9581,23,200.827299
-1753.8477,14,200.82736
420.73755,32,200.854578
-922.5653,3,200.866613
17.736328,47,200.891081
-952.851,5,200.91647
-1358.2292,5,200.929532
-997.3922,31,200.92963
-1483.6742,4,200.965001
-1251.0737,66,200.977426
-1097.9828,5,200.990286
168.80084,38,201.001318
188.83527,23,201.013937
346.92645,99,201.014014
117.91058,33,201.026706
69.1264,26,201.026787
-2992.5042,22,201.026806
-1286.7915,25,201.049072
-1182.1487,4,201.061941
-1073.7549,8,201.062002
-1859.7208,5,201.071041
2137.6707,61,201.071123
-1724.1633,12,201.071142
-1885.6437,23,201.084414
2231.1802,61,201.084482
-1028.4564,6,201.093567
-1321.7922,10,201.105376
-2315.5474,8,201.125909
-1086.1746,5,201.140037
-878.7336,7,201.152583
-1146.8855,5,201.164259
933.29425,78,201.178987
-1159.4261,5,201.179088
-1543.5214,14,201.179108
1480.6597,65,201.179115
1111.616,44,201.192184
-1150.8265,5,201.192276
1489.5365,48,201.216011
-1045.5018,2,201.216071
-2503.2322,7,201.249445
-915.9541,5,201.249508
-1095.3356,4,201.249525
-1225.6477,6,201.260705
-1771.8882,11,201.28709
-994.60547,4,201.299886
-1853.4296,10,201.299943
-1022.7915,54,201.330084
-1058.4639,6,201.330157
-931.56604,6,201.343856
-1154.2695,3,201.343917
-998.8584,2,201.359302
-1842.8218,13,201.359361
-2375.1492,41,201.359377
-1058.5094,2,201.371697
-1454.9293,9,201.371771
38.619385,57,201.382961
-1168.2401,23,201.383041
-1505.278,6,201.406122
-1887.981,14,201.406186
-1065.2507,4,201.424826
-593.01697,30,201.424898
-1091.2527,5,201.424914
-622.06433,29,201.437462
-1220.3954,27,201.437529
-1041.0302,2,201.450767
-1049.0675,2,201.450842
-979.4395,8,201.450866
-2122.852,39,201.48652
-1125.5789,5,201.511402
-971.2098,5,201.511463
-2500.3247,24,201.538326
-2585.7117,13,201.558656
-1203.9185,10,201.573222
-4524.9966,29,201.573295
-679.7792,37,201.586122
-876.1388,5,201.58618
-948.9511,22,201.599718
-1495.8658,14,201.59983
-2620.6443,18,201.599854
-916.2197,3,201.616549
-2235.1782,7,201.616617
-1071.5215,3,201.616634
-1064.1438,2,201.628876
-2789.4016,21,201.657494
-1104.9126,3,201.657549
-901.1229,3,201.657565
-2283.742,110,201.68763
2103.6006,75,201.687696
-848.0268,26,201.716109
-1116.9744,22,201.731234
-933.9209,3,201.731298
-1407.893,13,201.750671
-899.16394,6,201.750746
-1527.5409,11,201.750763
-1046.2246,3,201.761705
-740.553,35,201.773155
-1942.2687,52,201.773218
-1804.5042,8,201.773233
-993.08435,3,201.773241
-2466.3303,18,201.796849
-901.8596,30,201.821285
-1735.2054,14,201.821354
-758.0604,16,201.834236
-912.27594,7,201.834307
-958.77484,4,201.866778
-1698.0037,10,201.888622
-1242.2072,11,201.905778
-1561.514,4,201.920496
114.95862,78,201.920823
-2194.0867,15,201.920856
-1593.8307,33,201.950702
-3819.3088,25,201.950813
-706.0767,19,201.950835
-1315.9825,9,201.964621
-3074.3472,15,201.96473
-827.97864,4,201.976594
-1125.3848,3,201.991147
-1195.1172,16,201.991243
-867.1477,5,202.004601
-484.51483,32,202.043455
-1839.0464,43,202.043534
-1888.8892,4,202.056191
-1894.3262,10,202.086711
-1027.775,2,202.086765
675.9837,75,202.113842
-1825.2509,28,202.127702
-2095.3193,34,202.127832
-975.7813,4,202.141735
-1407.4327,15,202.166773
-1012.90704,4,202.166847
-576.90967,28,202.179719
-1949.519,55,202.195763
-1016.4063,2,202.195821
-1029.331,6,202.206471
-2850.416,21,202.224225
-1102.3838,2,202.224296
-1063.5204,18,202.224315
-1874.6896,19,202.246936
-815.7125,36,202.259776
-555.2337,17,202.272589
-1212.1853,7,202.272685
-1432.2546,6,202.301202
2331.4224,70,202.342305
-1886.8467,5,202.342354
-1349.029,22,202.342366
-1330.2365,37,202.342372
-688.45074,6,202.355828
-889.8527,34,202.376181
-1357.8228,42,202.398373
-1239.9253,5,202.41156
1256.67,60,202.411646
-1057.4235,2,202.42503
-910.79236,9,202.425133
-3871.2295,17,202.435115
-500.45264,35,202.457869
-326.83044,25,202.457958
-3522.3125,29,202.557968
-1175.2783,5,202.581046
-1076.8188,20,202.581141
-1777.3042,7,202.594671
-2129.7678,42,202.594773
-986.9116,2,202.60915
-1584.8284,14,202.620539
2822.691,59,202.631888
-4596.4043,45,202.641464
-1047.3789,5,202.655213
-864.79486,28,202.65539
-2097.0576,9,202.671662
-931.52203,9,202.671762
-3436.7827,12,202.671786
-1612.7231,18,202.6846
-1043.415,8,202.684686
-1233.3889,6,202.696072
-1053.1293,2,202.70945
-2172.094,4,202.709533
-1074.9309,4,202.721464
-934.6293,16,202.731546
-1380.9171,39,202.767938
280.48584,33,202.782457
-406.0025,55,202.782505
-1308.3928,13,202.795599
-1793.7743,8,202.7957
-2175.9265,12,202.795718
-2335.6887,11,202.795727
-1120.0635,3,202.820167
-2252.666,32,202.850501
-2357.2012,9,202.850603
-934.3671,5,202.86663
-2358.9194,6,202.866702
-1192.0428,13,202.883867
-221.10583,34,202.883936
-1677.8065,4,202.883953
-973.2197,7,202.894862
-890.6513,6,202.931482
-1620.6155,10,202.93154
-1954.081,10,202.931563
-1701.512,17,202.943336
-1613.8401,7,202.943394
-3440.4995,48,202.94341
-1481.5432,6,202.958057
-1061.3738,2,202.970984
-1383.9042,7,202.971042
-1052.6046,4,202.984592
-734.2837,31,203.001151
-1081.4421,3,203.001223
-746.39154,26,203.017152
-862.78284,7,203.046464
-1036.0382,4,203.059223
-900.05426,31,203.085673
-1092.2112,29,203.097436
-1087.8868,7,203.112896
-1098.4589,5,203.113012
-1212.5432,9,203.129215
569.8855,51,203.141073
333.5581,43,203.141206
-2034.7704,13,203.154213
-909.9808,18,203.180797
-1182.6594,22,203.180876
-1515.8152,44,203.194735
-1532.9963,11,203.208623
-855.32654,5,203.208729
-1772.3489,13,203.257338
760.4431,70,203.270698
-1278.9669,7,203.296571
-425.9989,32,203.296638
-1048.3385,2,203.296658
-1599.7987,81,203.307738
-965.1539,13,203.328059
-1171.5537,11,203.328119
-2112.8188,15,203.338319
-1001.67334,2,203.348507
-2228.0933,35,203.362284
-722.8183,14,203.388267
-1612.8066,7,203.388336
160.28217,23,203.412454
-1070.4325,2,203.412511
-255.5888,41,203.412527
441.888,56,203.42769
564.0652,49,203.427758
-1800.3307,24,203.441054
-1269.6847,38,203.45887
121.13757,36,203.458945
-1393.041,8,203.492085
-3881.6577,24,203.492164
-961.7342,6,203.492181
66.33887,76,203.504492
-1652.3225,14,203.519355
-1313.2437,13,203.519434
-871.93756,41,203.53293
-966.639,6,203.533075
-706.6343,13,203.533113
-1125.6853,3,203.533125
-1064.4266,2,203.562557
-958.92914,4,203.562617
-2152.8872,11,203.562631
-1007.7588,12,203.573492
-2374.807,23,203.614638
-1010.0447,4,203.614709
-1043.0336,2,203.640204
-806.05804,7,203.653325
-1350.7023,17,203.680364
-1881.638,43,203.680438
-1626.5874,19,203.680456
-1000.9197,19,203.680462
-1000.211,5,203.680468
-1581.0222,15,203.692549
-1038.3849,2,203.707312
-2406.021,32,203.721885
-3124.393,31,203.73539
-829.6181,4,203.73545
-673.77893,17,203.75021
-1085.9182,3,203.750295
-1297.5249,61,203.75031
-1295.7725,4,203.808856
-1281.8092,9,203.808945
-294.38116,27,203.808966
-1598.56,13,203.820703
-77.99957,22,203.833659
-1185.5947,44,203.846953
-1277.385,9,203.85946
-1309.9004,13,203.871079
-1137.229,28,203.871159
-1031.0785,2,203.896424
-978.75916,5,203.921651
-1351.883,21,203.933327
-1762.7408,17,203.9449
-1161.0841,4,203.944963
-2862.6475,16,203.956202
-1571.3439,8,203.969381
-1578.9541,11,203.982438
-621.68,35,203.982508
-1636.2324,15,203.996184
-1700.4316,15,204.007159
-1938.096,8,204.02124
-1049.1777,7,204.035528
-1693.4951,18,204.035584
-1421.5161,5,204.035598
-284.80768,27,204.035605
-728.4325,36,204.03561
-1060.1276,9,204.107148
439.00037,46,204.130609
-2432.9683,11,204.170225
-1873.1035,19,204.170284
774.677,47,204.181636
2831.2715,84,204.193059
-1765.8184,14,204.20536
-871.568,3,204.205419
-1997.5663,9,204.216464
-1078.4622,4,204.231298
-2038.259,5,204.231367
-2211.6545,16,204.231396
391.03357,34,204.231404
-2151.4758,17,204.242221
-1023.1117,4,204.261585
-1015.4432,41,204.261665
-1192.1996,3,204.275566
-1073.7869,5,204.29162
-405.87817,49,204.316212
-1602.9675,14,204.316281
-1599.5994,29,204.331916
-943.96497,6,204.331974
-1089.2753,3,204.369105
-1105.114,8,204.36916
-886.0127,8,204.369176
-706.4777,8,204.382172
-2775.558,15,204.39541
-1245.6742,8,204.395493
-1900.4908,5,204.39551
-2042.0073,6,204.395518
-1616.6953,86,204.422708
-1627.0686,68,204.422763
-1223.135,14,204.422776
-1126.3142,3,204.422784
-527.3844,17,204.435897
-1139.7104,3,204.436199
-271.72742,48,204.44845
-3381.9932,16,204.448508
-613.35345,39,204.448524
-1076.4258,7,204.459179
-1353.2102,18,204.470061
-1095.4073,4,204.470158
-1484.8103,38,204.470184
-1058.535,35,204.482049
-1067.442,5,204.505507
-918.16064,7,204.505578
-723.4073,6,204.546623
-897.61,12,204.574004
-590.2374,11,204.574096
-2518.319,15,204.609763
-1432.1472,4,204.620872
-1233.9133,7,204.633333
-552.74817,49,204.644837
-2098.6353,21,204.657424
-826.7385,17,204.657488
-2302.9775,72,204.667796
-1029.8922,2,204.680818
-1424.1252,25,204.680939
-1032.8302,5,204.702523
-825.46094,7,204.716884
-2251.6194,28,204.736522
-868.8744,4,204.762852
-2084.7883,23,204.762932
-967.19116,6,204.788792
-304.68213,24,204.788881
-1927.0535,13,204.800805
-1041.9575,2,204.815722
-319.0459,23,204.83093
-906.7641,4,204.841518
-830.07043,24,204.841592
8.527161,31,204.860255
-2855.3293,15,204.874316
-952.42914,5,204.874373
-88.753845,41,204.874389
-955.16174,29,204.893241
-2427.274,9,204.893306
-1450.8228,12,204.908554
-987.45465,4,204.948297
-2362.6157,14,204.978883
-1673.5574,19,204.978964
-1069.1313,2,205.020235
-1367.8872,22,205.020301
-1050.75,3,205.043839
-2916.3474,18,205.114005
-2433.7356,43,205.114065
468.7964,79,205.114081
312.1223,44,205.127018
-1774.8909,13,205.127099
-2204.753,51,205.148053
-587.9758,27,205.148125
-1610.0438,25,205.148141
-794.60016,20,205.188794
-1050.4785,3,205.188865
-1543.6655,6,205.201017
-1728.8708,11,205.201087
-1076.1731,5,205.21559
-720.7871,24,205.21567
-1717.54,57,205.227601
-1308.9623,22,205.227777
-907.7888,8,205.239018
-2076.4272,16,205.251025
-1742.6167,10,205.297142
-993.561,8,205.312754
-1414.0276,50,205.334902
-1179.0048,16,205.353223
194.65515,22,205.353282
-1917.969,8,205.366225
-1506.4741,12,205.366303
-1755.3193,9,205.36632
-1166.9832,28,205.379434
-1352.3632,8,205.379493
-1246.1921,31,205.379509
-980.4853,3,205.410629
-1160.975,4,205.430783
-2418.0537,18,205.474907
-656.99945,44,205.51997
-1834.8551,13,205.520081
-1857.2614,16,205.536095
-86.45715,28,205.536155
-1051.0686,23,205.53617
722.6941,46,205.54961
-1245.5903,14,205.561786
-481.427,44,205.561852
-2531.5366,15,205.56187
-1094.4407,2,205.561876
-976.95953,3,205.583211
2531.6382,173,205.583292
-1544.4583,5,205.596115
-1567.6917,27,205.596198
-1446.3237,20,205.637377
-971.44006,6,205.647487
-1083.0482,20,205.65976
-1529.4426,27,205.673951
-653.2444,21,205.674056
-837.5707,20,205.687741
-1056.6251,7,205.688041
-3848.4583,12,205.688064
-1195.571,4,205.699657
-2061.813,20,205.714081
-2956.7974,11,205.71417
-1100.6692,2,205.714188
-1099.0453,3,205.714196
-1751.9138,10,205.728032
-1031.0908,2,205.7281
-3113.5798,15,205.739628
-1502.4949,20,205.763364
-2416.4502,13,205.763434
-1008.5906,2,205.763449
-1087.2991,3,205.81658
-1434.9971,6,205.816644
129.65332,48,205.816661
-710.887,43,205.841511
-1003.7588,2,205.841587
-993.3202,5,205.841603
-1091.2725,7,205.841609
294.1283,64,205.841615
-3571.0596,132,205.855895
-2251.6294,20,205.855976
-1584.7838,10,205.867312
-1008.3865,2,205.867376
-1069.0829,3,205.883218
-1046.7924,2,205.883279
-1021.76886,22,205.896711
-913.73895,3,205.910373
-1483.0879,8,205.924789
-1658.5132,17,205.924864
-1138.3087,5,205.924879
-1070.4695,6,205.924886
-1861.3306,19,205.937781
-2123.3933,12,205.937855
-327.78876,51,205.96402
-1075.3345,3,205.964093
-1837.7294,6,205.96411
-1036.3535,5,205.988667
-1278.0933,8,206.001235
-1094.5742,3,206.001309
-873.3523,8,206.013478
-2024.7671,24,206.025342
-1836.7896,16,206.051353
-1637.0466,11,206.078053
-1257.1466,11,206.078133
-2066.2393,10,206.088891
-1912.7684,17,206.100389
-376.32947,28,206.100735
-1043.0573,2,206.11291
-1188.5706,9,206.112987
-1480.6471,17,206.145951
-108.137695,42,206.146016
-2611.8408,14,206.168325
-974.83795,5,206.184098
-1061.9132,3,206.210621
-1207.8524,19,206.210696
-1019.37354,9,206.224025
-1040.6351,2,206.238649
-1106.7408,8,206.253106
-940.6929,8,206.253174
-2405.173,35,206.278591
-1046.1416,67,206.29379
-1329.5626,5,206.293858
-1078.5583,34,206.293875
-1032.8932,3,206.293881
-1101.6943,4,206.304846
-1104.0272,2,206.318958
764.56903,32,206.340758
-228.406,36,206.340825
-1329.8369,12,206.364415
-3806.8062,25,206.375373
-1759.2437,12,206.397797
-1200.3503,8,206.397873
-1641.1887,9,206.39789
-903.9797,7,206.416085
-3541.3945,29,206.416161
-920.59326,10,206.428189
-1205.9117,18,206.428245
-1322.1815,7,206.440556
-2099.0225,6,206.45127
-1055.2854,53,206.465147
-934.04236,3,206.465225
-1117.5583,6,206.493151
1277.6814,29,206.493218
-1121.7366,3,207.900662
-2141.4756,9,207.926552
-1125.7839,3,207.926617
-1018.6518,3,207.942371
-1426.0105,9,207.94242
-1699.7911,74,207.965254
-1257.4939,9,207.976581
-1392.7858,4,208.023697
-1765.3596,17,208.035692
-1434.1921,28,208.081862
-2122.3994,76,208.081942
144.0935,25,208.095809
-3803.3054,21,208.095883
-2496.8823,19,208.109663
830.3357,46,208.109751
-1043.8702,2,208.109766
-982.3296,7,208.123777
-984.9626,2,208.123846
3117.5627,76,208.136397
-1499.7063,4,208.157687
-1885.2205,34,208.169676
-930.4494,16,208.169739
-1536.6538,6,208.181726
-2402.5154,52,208.18178
-1060.1918,49,208.181796
-723.3714,5,208.19525
-803.1278,7,208.195348
1217.3092,59,208.20647
-1685.7711,11,208.221615
-979.8139,2,208.221687
-660.7787,22,208.246216
999.3943,63,208.246321
-959.249,6,208.279399
-2941.7444,86,208.279465
-1232.7871,13,208.279482
-1451.0002,8,208.311155
-2102.7964,32,208.311227
-1036.3704,7,208.358341
-1457.8601,21,208.370155
-3192.4055,17,208.370219
-700.6357,46,208.381392
-876.41956,33,208.392892
-1139.7366,17,208.392958
-4126.4214,15,208.417939
-1106.818,3,208.438226
-998.5174,6,208.438305
-1116.5613,4,208.438324
-2041.2859,24,208.452268
-2441.4536,23,208.466566
-1726.904,12,208.466735
-784.5668,43,208.492062
-1053.9028,4,208.492118
-2761.5571,32,208.492132
-1029.8867,5,208.511473
-1656.7412,13,208.534789
-886.1927,22,208.549129
-699.9229,53,208.549183
-1060.66,8,208.564046
-2255.8638,7,208.576575
197.65582,43,208.576638
-4464.9883,16,208.615231
-1452.5461,7,208.615295
-1671.1575,13,208.615325
-2343.4768,33,208.642743
-1577.6633,8,208.662424
-1113.4808,30,208.676185
-857.0512,6,208.676248
-1895.5288,7,208.694166
-1285.9241,30,208.723765
-3263.8428,20,208.749789
-1749.4484,6,208.797617
-2446.6013,18,208.809742
-1149.7817,10,208.809803
-2634.6284,18,208.80982
-1392.1227,14,208.867629
704.938,82,208.89616
-542.69446,19,208.906802
-388.4453,56,208.919258
-1793.7438,13,208.919338
-1085.1758,74,208.919356
-1107.0117,3,208.940987
-572.0152,33,208.941122
-1067.5778,3,208.958643
-1141.7458,59,208.958724
-918.04803,7,208.958736
-1192.749,4,208.969259
186.35571,37,208.99458
-516.56934,58,209.006185
-1088.9264,3,209.028057
-230.11072,28,209.028129
-1053.1154,4,209.052865
-702.7758,48,209.06683
-1076.9779,3,209.066937
-890.68896,21,209.066955
-1092.9128,22,209.09281
-266.14307,53,209.139668
-949.3406,40,209.139732
-2132.4517,16,209.150242
-1696.0731,11,209.16021
20.872559,38,209.172287
-2034.3381,20,209.199551
-1026.9266,2,209.199627
-248.8844,33,209.224833
-1102.8329,2,209.224921
-504.77185,52,209.247395
-954.6366,4,209.247456
-1469.8547,3,209.259623
-1401.5657,4,209.273826
-641.9623,26,209.285279
-37.264404,40,209.312536
-2293.2915,21,209.312594
-1008.3825,5,209.31261
-786.92004,55,209.324865
-1083.9445,73,209.324916
-1188.4958,15,209.324931
-147.6726,35,209.324937
-977.3557,4,209.33847
-1035.1349,2,209.354656
-786.55493,93,209.36642
-947.672,25,209.378092
-940.9057,6,209.388766
626.48004,35,209.388829
-2021.9226,10,209.401086
-1126.3447,8,209.41385
-1893.8538,41,209.425882
-1917.5277,14,209.425961
-1275.1716,9,209.425975
-623.77026,27,209.425981
-1572.2587,9,209.439519
-110.32855,42,209.464221
-1136.7361,33,209.477846
-905.81305,6,209.477919
-2061.13,4,209.477937
-1080.8667,10,209.477944
-1067.9551,6,209.500403
-1900.3951,12,209.514566
-1059.3217,3,209.51462
-1062.0089,3,209.536538
-1195.0532,7,209.655026
-1912.0175,74,209.655083
-2355.7827,4,209.655098
-1169.0264,41,209.670732
-930.1126,21,209.690775
-879.3982,3,209.709844
-1511.1378,10,209.709904
-687.66864,36,209.721632
-994.28644,5,209.736654
-246.16724,38,209.73672
-2225.2656,55,209.736738
-1347.4171,13,209.749555
-2038.9241,16,209.778186
-1065.6886,3,209.778228
-3021.6125,11,209.791615
-1419.3695,7,209.817516
-1906.3162,10,209.817599
-2226.885,12,209.837242
-232.00128,24,209.837309
-3187.9282,16,209.837325
-1458.488,7,209.83733
-875.21814,4,209.850908
-1500.8817,6,209.862078
239.79602,24,209.862156
-1039.8503,2,209.862174
-2115.5972,13,209.883615
-2160.3677,6,209.908653
-3658.768,36,209.908756
-1421.57,7,209.932384
-1143.7324,35,209.942721
-3147.9524,7,209.942786
-995.19415,4,209.955043
-581.51514,22,209.987519
-1249.2844,43,210.018796
-1755.605,15,210.033297
-831.0841,18,210.04635
-2290.5005,9,210.055994
-1779.3419,7,210.070344
-625.28253,13,210.095758
-931.053,32,210.095849
-1697.1566,14,210.109683
-1163.1897,4,210.109785
-777.8718,28,210.163694
-1220.7151,73,210.163749
-1166.6323,20,210.175896
-1842.439,7,210.186738
-993.7781,3,210.19688
-1665.228,9,210.209931
790.5114,55,210.224291
-474.6405,69,210.238512
-1812.4313,19,210.275789
-1187.0022,4,210.275871
-1363.456,37,210.275898
-1260.2466,13,210.275907
-1668.9092,43,210.275913
-3348.9868,37,210.291617
-1617.5476,10,210.291744
-1185.0154,6,210.291762
-2160.0405,63,210.291771
-837.305,36,210.303597
-1091.3748,3,210.318179
-1638.3348,3,210.318238
-1949.2795,45,210.318254
-1111.1218,3,210.333198
-1619.1118,22,210.333277
-612.7841,18,210.343375
-1290.1266,9,210.400511
-1206.5374,25,210.400569
-1872.9554,7,210.414134
-1076.6841,10,210.439304
-979.7534,3,210.439376
-1485.8909,11,210.463753
-1353.4506,14,210.463808
-800.09717,54,210.463824
-1858.9653,45,210.479775
-2475.9146,36,210.491839
-3009.9238,11,210.491903
-1354.0624,4,210.49192
-1051.9668,3,210.502864
-1080.8429,3,210.526206
-893.07733,18,210.526263
-969.99945,4,210.539402
-804.204,87,210.539459
-1095.2576,2,210.565503
-971.98236,4,210.579477
-1552.8495,10,210.59446
-1001.13464,20,210.594544
-1136.7228,3,210.61426
-1055.8846,3,210.638443
-1025.2994,2,210.666212
-2269.1658,35,210.666277
901.26575,61,210.666295
-1166.7383,12,210.666303
-5165.895,19,210.689519
-2755.961,7,210.69979
-1171.4806,13,210.699874
-989.03796,3,210.699893
-204.14465,32,210.711573
-1117.3069,3,210.734738
-1669.2264,31,210.734807
-2730.8545,37,210.773681
-2561.9075,15,210.773746
-973.4221,3,210.773763
-963.86035,7,210.818155
-3001.5554,29,210.839263
-941.77454,6,210.849268
-879.48987,30,210.863759
-547.11755,35,210.864136
-2356.2417,13,210.864169
1281.7587,53,210.874591
-864.53644,3,210.887289
-3295.566,14,210.88735
-1008.26276,3,210.899311
-172.47314,108,210.910517
-1309.2839,25,210.910582
-1931.0027,12,210.928313
-995.32184,2,210.952992
-924.84015,8,210.96531
-1561.0293,56,210.965419
-1283.044,9,210.976368
-1713.8442,22,210.976422
-966.7032,2,210.990583
-2642.1719,25,211.003297
-1014.7812,7,211.003355
-1789.6248,8,211.016121
-2171.6692,12,211.028089
699.6988,42,211.028158
-1016.704,7,211.053712
-1028.0236,2,211.053778
-1001.7077,6,211.053795
-955.62103,4,211.080056
-294.45453,54,211.092927
37.249146,34,211.092988
567.56055,71,211.093005
-1900.8071,8,211.10497
-48.15381,44,211.105062
-2646.1865,37,211.140364
-1095.388,13,211.153275
-894.0925,4,211.153345
-1039.5359,2,211.175726
-1994.5549,8,211.199318
-1035.5116,2,211.199386
-1038.1776,5,211.199403
797.245,72,211.211059
2021.0764,69,211.211107
-4159.9956,29,211.211122
-2931.767,27,211.235518
-1227.2806,3,211.247016
-1835.0375,48,211.27102
-1337.9349,10,211.271078
-975.48047,27,211.296032
-859.6698,8,211.30847
-948.21765,39,211.323682
-1378.3801,11,211.335636
-481.36847,25,211.335714
-1019.21,3,211.352511
-968.7383,23,211.352582
-3038.9902,11,211.352598
-838.3432,22,211.387901
-1269.3375,25,211.419202
-680.34766,19,211.43037
-1441.3354,5,211.440919
-1730.3032,16,211.488563
-1622.863,15,211.501591
-714.71497,6,211.514911
-1263.6981,15,211.514981
289.81995,24,211.528469
-622.49207,35,211.528532
-472.1749,39,211.540668
-1326.2372,53,211.564391
-1247.2484,11,211.564463
-1137.6683,5,211.597538
-2027.9398,28,211.597596
-1263.5679,3,211.608548
-1454.6919,16,211.622797
-1130.87,10,211.650745
-995.2936,7,211.664137
-1836.9321,48,211.664209
848.31885,33,211.68475
1258.5114,48,211.684819
-1547.4685,14,211.720774
-2040.5638,12,211.752862
128.97595,78,211.763226
-354.51794,26,211.83482
-2389.9255,15,211.848215
-3326.794,79,211.88701
297.27197,72,211.912527
-958.0448,24,211.93562
-1506.4158,46,211.935702
-998.261,22,211.948994
-1470.1833,33,211.949093
327.3647,47,211.949111
-1165.4626,27,211.949122
-207.30688,37,211.978775
-1033.3931,2,211.97882
-1507.4601,55,211.978828
-3214.9429,80,212.018938
-2467.816,25,212.018992
-1880.5131,29,212.03121
-1788.2146,4,212.031294
-1351.7555,22,212.042397
-3646.1265,41,212.065345
-1374.3937,26,212.065403
-1050.6038,4,212.077075
-1052.8881,3,212.077128
-1566.8257,12,212.089408
-2584.5444,12,212.097823
-1765.0205,4,212.107966
-1894.4036,13,212.108024
-876.73816,21,212.121532
-1420.6426,15,212.121888
-1106.3483,12,212.121931
-2940.3228,22,212.121943
-2450.419,30,212.146829
-865.755,7,212.158785
-1543.4945,16,212.172096
-1225.4811,5,212.172178
2607.3164,67,212.184556
-1879.4451,9,212.228772
-2167.3757,17,212.229045
-2496.141,23,212.229087
-1467.7098,10,212.244131
-316.0993,71,212.244213
-2435.5205,13,212.244237
-1660.2625,7,212.265117
-928.0463,3,212.340789
-29.329834,33,212.493015
24.549927,58,212.526687
-556.0621,28,212.56007
-719.15375,21,212.601386
-1071.4729,2,212.641045
-966.35266,22,212.73909
-1152.7231,6,212.73914
-1127.1127,3,212.73915
-889.5327,44,212.820123
-601.6347,17,212.820168
-118.157776,28,212.881305
-1556.2083,5,212.898611
-1014.12384,2,212.932751
-2185.3662,35,212.932833
-1003.5211,6,213.014832
-1431.5178,41,213.04332
-506.05896,74,213.056703
-1388.0353,14,213.056744
269.74432,31,213.086379
-978.98444,3,213.086441
-2767.6396,33,213.099489
-48.28015,35,213.116375
-1075.4669,3,213.130699
2839.1143,119,213.147949
-630.5261,22,213.148022
-846.25244,29,213.148039
-3526.08,33,213.148047
-1748.9314,6,213.148052
-2180.9644,56,213.160032
-991.0138,5,213.183701
-1005.21515,4,213.19716
-1740.8956,4,213.215947
-1130.0996,3,213.228783
-1576.4291,6,213.228837
-862.62476,43,213.245027
-1011.1991,2,213.268611
-1406.025,28,213.289296
-870.7404,4,213.301657
-817.63745,37,213.301732
-3407.7314,49,213.313474
-914.864,7,213.327854
-2570.0525,60,213.341868
-3553.8696,65,213.34195
-1218.7085,7,213.362157
-1082.4152,2,213.386248
-4922.219,60,213.386306
-994.5234,4,213.386321
-1047.4917,3,213.386327
-1068.4362,4,213.399379
-965.89813,8,213.412748
-922.7316,34,213.412822
-1053.7527,3,213.425634
-1890.653,15,213.425788
-1612.0791,30,213.438504
-1399.878,63,213.45077
-1032.953,2,213.450844
-1611.9065,12,213.450862
-1885.2151,24,213.487228
-3166.2144,46,213.487286
-1033.6296,7,213.497797
-1336.4781,28,213.497881
-901.23584,8,213.497902
847.28455,45,213.497908
-1415.5562,4,213.507993
-749.44495,27,213.518584
-1112.5024,4,213.53112
-991.7275,8,213.531199
-1410.3818,7,213.531231
-1433.607,5,213.558314
-2899.3882,19,213.558367
-1033.3402,2,213.558381
-1056.8083,6,213.574092
-922.6433,6,213.574145
-1098.6445,7,213.598835
-1226.0732,5,213.598896
-1012.362,3,213.612887
-1151.2411,16,213.633181
-697.5886,5,213.646827
-1144.0347,7,213.659189
-2123.4897,42,213.670837
-2332.8733,8,213.670908
-1277.3568,5,213.68149
-1084.453,7,213.693446
-2557.0544,23,213.725073
-933.09875,25,213.72515
-1593.1768,10,213.737874
-1047.3207,25,213.794044
-547.3359,47,213.794377
-132.5398,54,213.806021
-1069.7346,45,213.821954
-1708.0233,13,213.843878
-1082.7739,27,213.855242
-975.0285,4,213.855322
-1457.2185,3,213.85534
-1173.6439,11,213.864989
-1382.5554,4,213.893543
-3225.1514,57,213.907169
-3566.4817,19,213.952029
-1046.4558,42,213.952109
-1031.6296,37,213.952124
-1076.354,8,213.965218
3304.7373,103,213.979398
433.979,38,213.994501
-859.0787,15,213.994574
-1040.4655,2,213.994592
-994.41205,28,214.029839
-1531.5837,13,214.029907
-1355.6649,8,214.051059
-929.4694,6,214.064635
-1648.8424,34,214.076895
-1523.3162,14,214.076968
-3507.5156,19,214.101458
-346.8172,29,214.101754
-1541.3442,7,214.115967
-670.9016,6,214.141191
-611.80383,46,214.141249
1340.0399,48,214.156007
-1036.8268,32,214.156075
-1583.1257,46,214.169602
-1546.685,24,214.182867
-1259.8025,22,214.227865
-1060.2012,42,214.227929
-1906.73,11,214.277266
-1640.2913,11,214.28917
-1016.5936,24,214.289225
-1851.3737,14,214.289241
-2711.8093,40,214.301935
-874.7673,13,214.326795
-3403.7964,31,214.339621
321.98273,16,214.33972
-1200.9493,6,214.365333
-1433.0813,11,214.365398
4257.6187,80,214.365414
-1499.6904,26,214.378484
-248.57196,55,214.378569
-1326.8809,7,214.39382
-2717.8467,17,214.393884
-1023.9686,2,214.393901
-1132.7214,4,214.393909
-955.0624,9,214.407783
-1766.7576,59,214.407856
-2131.6953,6,214.42098
470.7857,25,214.421069
-993.92645,2,214.433381
-2012.25,27,214.446705
-1071.0253,7,214.472187
-1236.9001,26,214.486675
-1155.8262,7,214.486736
-1428.5448,6,214.486754
-1131.0839,5,214.499015
-2259.5325,13,214.499082
-2320.199,47,214.512855
-1055.8293,4,214.552909
-1452.4712,5,214.564545
-930.85565,6,214.588082
-213.28973,44,214.588142
-3824.2034,18,214.6028
-2887.064,12,214.603059
-3150.73,14,214.603146
-82.09119,42,214.618181
-1616.935,19,214.644525
-1942.729,19,214.644612
-1831.7137,4,214.644629
-928.13947,7,214.656501
-1119.4104,3,214.656563
-2033.6494,5,214.670686
-1332.7913,15,214.681881
-979.31464,3,214.695245
-1137.5382,4,214.69532
216.35999,50,214.72101
-349.65387,27,214.721094
-1395.4211,27,214.748027
-1502.3855,5,214.760442
-1861.7585,7,214.787767
-1352.7073,8,214.787848
-1541.7349,20,214.817414
-1431.1632,17,214.830591
-1115.0178,3,214.830701
-1447.0192,9,214.848083
-997.0934,7,214.859449
-636.70294,28,214.859503
-2923.352,37,214.872638
-824.0123,21,214.884948
-656.3433,46,214.885021
-1059.0255,2,214.885042
-882.85486,5,214.935001
-2162.3853,8,214.947353
-1712.9268,17,214.96103
-1054.6295,19,215.006811
-2478.2651,13,215.020541
-2822.441,20,215.082207
-1710.9135,6,215.104572
1856.3877,88,215.141201
-831.7608,65,215.153641
-2587.145,52,215.165254
298.79083,40,215.180017
-1240.1675,22,215.180067
-2628.8884,23,215.180081
640.69604,39,215.193008
-2123.347,41,215.207477
-533.6283,21,215.22432
-954.7094,9,215.224378
-1078.7769,2,215.224395
-272.1535,31,215.244935
-2949.1282,28,215.255875
-1046.7549,5,215.266504
-2269.4653,17,215.298397
-1918.4075,5,215.298457
-1955.9912,68,215.307705
-1414.6306,85,215.330509
992.79004,55,215.358567
-3723.8315,107,215.358665
-2522.955,17,215.380133
-1095.8,3,215.39035
-1481.8026,5,215.390414
-1503.4257,8,215.402699
-963.2246,10,215.417388
-820.55896,13,215.417475
-2780.9644,15,215.430239
-528.8018,35,215.444134
-3045.88,25,215.573024
-1482.1049,8,215.573121
-533.3119,55,215.585788
-1056.8502,2,215.596689
-601.69714,46,215.596751
-987.22485,22,215.674293
-1942.2853,15,215.687403
-1622.2427,36,215.687485
-874.489,30,215.687501
-1301.1993,35,215.711124
-1139.9984,4,215.734769
-2058.911,19,215.734835
-1018.0823,2,215.734853
-780.07837,15,215.776376
-1150.0165,7,215.77644
-1129.3173,14,215.787918
3282.7847,87,215.81515
-1013.4126,3,215.827589
621.6936,67,215.839344
-936.51135,6,215.851714
94.5332,48,215.851786
-327.42572,28,215.863354
-1256.538,10,215.863414
-1149.6788,11,215.87605
-1662.4211,4,215.87612
-1457.2684,6,215.910335
-451.87863,31,215.910433
-1107.36,6,215.926581
-1268.9996,21,215.936323
-1573.259,40,215.96375
-4727.4917,56,215.963823
-1734.0679,7,215.963838
-999.7047,3,215.977823
-1644.3999,6,216.003054
-900.1567,3,216.00312
-830.04785,9,216.027766
-1073.7932,2,216.027835
288.8211,27,216.027858
-385.3676,39,216.041427
-1043.8988,16,216.053346
-2181.2297,12,216.062999
-1415.4742,63,216.099903
-2033.9606,63,216.099975
-1055.2798,3,216.099993
-1023.3627,7,216.110618
-1147.9352,8,216.123657
-756.4482,21,216.123719
-2205.84,7,216.123732
-2114.002,85,216.123738
-1006.2817,3,216.144453
-1640.2175,31,216.15848
-768.52655,5,216.158536
-1152.485,13,216.158553
-1112.6537,4,216.170172
-1063.4052,7,216.183791
-1168.4117,7,216.20672
-1386.8706,6,216.228237
-1775.2627,5,216.228293
-1102.7517,3,216.248696
-2578.73,12,216.272253
-245.06061,54,216.272339
-3306.1484,56,216.306515
-2174.893,37,216.320878
-2375.0781,22,216.320967
-1379.6646,14,216.320996
-897.2374,5,216.33585
-908.24,30,216.335926
-976.65533,9,216.346952
-1049.5123,2,216.34702
-1080.1825,5,216.383102
-1611.8033,4,216.393304
-933.15314,26,216.415932
960.9225,55,216.415976
87.94159,50,216.42762
-354.99805,46,216.442842
932.58215,74,216.442893
-367.41992,22,216.453159
-2141.5938,7,216.464577
-1649.5623,17,216.481165
-1662.5276,13,216.493179
-2171.4417,21,216.493235
-1158.4937,5,216.519863
-3640.8333,7,216.52028
-932.82446,7,216.532472
-1106.6123,5,216.532547
-1000.37683,5,216.562159
-1089.0706,2,216.56225
-1032.4208,6,216.562268
-1577.1696,17,216.562275
-1455.6841,5,216.562281
-590.3565,47,216.562287
-1109.521,4,216.574703
-921.4728,44,216.574766
-1591.5798,13,216.587493
-1482.6389,4,216.634318
-909.8408,6,216.645633
-1337.5392,44,216.680985
-1308.2314,34,216.681048
-549.42847,42,216.693991
-835.22186,92,216.694046
-1316.4626,31,216.704012
-1147.2871,13,216.733618
-1040.5588,5,216.750153
-4384.257,15,216.76035
-985.9988,3,216.773332
-940.11316,7,216.787858
-1094.2014,7,216.787942
-1012.288,3,216.813486
-1148.3984,9,216.825687
-1738.3835,16,216.840599
-1112.0883,21,216.840696
-455.41986,24,216.854639
-1049.6678,5,216.85471
897.0217,55,216.86656
-2834.7249,18,216.885568
-1365.0339,43,216.899046
-1057.5459,3,216.899139
-533.40466,34,216.89919
-2682.3682,12,216.910768
-1168.1448,5,216.96858
-663.0115,29,216.968648
-864.5862,33,216.968664
-1146.1552,6,216.968669
-1549.056,10,216.979967
-2738.4116,16,216.980026
-1565.8903,80,216.992907
-1045.5555,2,217.007216
-1115.22,3,217.007273
-1526.4104,10,217.007285
-1429.4451,16,217.007291
-1000.004,31,217.007295
-1186.3074,3,217.01741
-1096.1052,4,217.054764
-1215.0625,5,217.054851
-1414.4062,9,217.087208
-1510.4331,7,217.111672
-2803.4226,15,217.124201
1509.1143,61,217.133666
-1377.2827,19,217.163767
-1042.5269,3,217.163831
-396.0628,36,217.175441
-1824.438,9,217.18668
-1255.604,14,217.197641
-3834.4746,28,217.197702
-920.63074,29,217.228574
-1358.5701,16,217.22869
-2316.6113,50,217.239915
-1966.4641,20,217.239979
-949.56165,6,217.239996
-1127.5515,4,217.251522
-744.73376,22,217.263069
-1026.7166,2,217.274517
-1313.7709,31,217.274571
-3060.9954,65,217.285845
-1065.2775,8,217.333886
-1637.397,9,217.346313
-2796.9841,15,217.360012
1483.4501,76,217.394214
-2732.4912,10,217.394284
-3027.793,18,217.418893
-1097.8442,5,217.418951
-1268.1676,34,217.445121
-1290.9719,11,217.472595
-1330.1471,35,217.472674
-801.7938,26,217.48468
-2024.9559,13,217.508516
-487.66107,26,217.508576
-1368.8456,26,217.549882
-951.4963,7,217.562599
-1720.8505,12,217.573585
-1112.6772,6,217.584641
-1923.7112,17,217.605947
-1185.2777,5,217.617192
4.8936768,82,217.630026
128.54956,237,217.630092
-945.0742,7,217.630121
-1291.5522,4,217.654082
-979.75323,3,217.665978
-2050.6533,14,217.677625
-1620.1445,16,217.677696
-1108.9418,36,217.677712
-3244.7417,35,217.689449
-1383.559,7,217.713411
-2291.085,26,217.739988
798.6262,52,217.779169
-1031.3105,5,217.779252
-777.83264,12,217.779272
-1082.3099,11,217.792985
3020.4348,72,217.813874
-2353.8677,11,217.830691
-1554.423,12,217.830808
-2375.4429,5,217.841338
444.66486,46,217.853813
-602.00903,22,217.853873
-664.04944,9,217.889762
2676.7495,67,217.90125
-1349.6204,10,217.912429
-2527.4302,20,217.912495
-4309.8867,58,217.939412
1852.755,89,217.972761
-948.5924,5,217.972832
-3171.4033,15,218.013919
-1940.5352,13,218.013988
-491.09387,32,218.014006
-2778.1152,13,218.072865
756.5337,79,218.072931
358.59662,49,218.072948
-1014.44525,4,218.123425
-2075.5508,17,218.147439
-1574.0208,12,218.161143
-137.45312,26,218.161208
2408.1611,86,218.174834
-3981.5347,75,218.198722
-1029.2032,2,218.220734
-330.28943,40,218.23142
-1545.3289,34,218.243397
-1165.953,20,218.254683
-265.79535,66,218.25475
-5096.5093,22,218.279986
-1084.5607,2,218.280051
-864.2931,26,218.292537
-2019.0737,5,218.292597
-1991.1116,12,218.315756
215.14758,18,218.35278
-851.19324,6,218.365678
-3088.3005,16,218.365749
-3587.7583,24,218.378838
-292.53436,32,218.378914
-1047.2675,2,218.394391
-2425.4932,44,218.406542
-1385.9893,9,218.419203
-1904.3013,48,218.419278
-376.46338,61,218.442979
-1642.4546,8,218.455889
-1197.978,15,218.491733
-1050.7588,18,218.515153
-2086.5332,22,218.529416
-1480.4886,77,218.529488
650.7533,69,218.541912
-2269.033,8,218.541981
-690.0461,11,218.558692
-1027.2274,3,218.569756
-753.26575,27,218.569793
-1159.4084,4,218.582187
-690.169,36,218.606433
-1153.7788,4,218.606742
-968.7045,5,218.60677
651.31506,36,218.619181
-1736.6932,19,218.632014
-1070.6888,2,218.632078
2424.9934,59,218.645569
-1156.8036,4,218.655207
-868.6135,11,218.703592
-1905.0981,75,218.715575
-1405.5964,8,218.736181
-2688.721,15,218.736251
-2423.9443,18,218.748149
-1884.1602,30,218.764124
-1477.4646,40,218.777163
-802.4041,71,218.792558
-1027.9581,6,218.792626
716.45233,38,218.819272
-2574.3325,15,218.819602
-2546.0366,7,218.831118
-1322.8691,8,218.831167
-213.84186,26,218.831191
-987.83264,3,218.831198
-1247.6635,16,218.846489
-1098.0908,2,218.860806
-1573.269,6,218.907232
-1517.4529,12,218.93491
-1532.6149,44,218.934967
-903.9986,8,218.93498
-1743.9775,9,218.95637
-931.6924,71,218.97884
195.67896,46,218.989397
-1325.362,19,218.989473
-1096.1477,3,218.989491
-1571.2837,12,219.001991
429.1615,49,219.00206
-1064.385,27,219.002079
-1660.8787,37,219.044305
-1634.205,9,219.044363
-1006.3233,5,219.044377
-643.647,31,219.044384
703.5523,133,219.066433
-1123.0199,6,219.066485
-959.12195,6,219.0665
-1065.3475,2,219.066507
-1911.0613,28,219.091048
-1107.2745,3,219.103825
-1376.733,22,219.103893
-1079.4608,3,219.103909
-1192.3439,41,219.103915
737.94525,55,219.115141
-2142.923,29,219.135654
-1073.5303,6,219.147659
-1225.1609,4,219.160256
-1488.7139,12,219.160324
-3682.5034,20,219.16034
-1038.4229,2,219.172442
-1521.5488,13,219.172502
-1978.5808,28,219.172518
-1528.9077,4,219.187015
-1012.5598,6,219.187076
-3082.722,12,219.199886
-1336.9702,16,219.199956
-1118.552,4,219.225262
-2271.6687,9,219.225345
-2606.6665,10,219.22536
-1506.8875,6,219.23575
-2195.106,25,219.246988
-958.3815,3,219.259221
-1306.257,9,219.300885
-1252.2303,39,219.313087
-2569.4624,11,219.313142
-2169.5557,12,219.324979
-1503.2301,57,219.337154
-1294.9465,43,219.337261
-2466.7144,11,219.337275
-2126.6123,9,219.337282
-3612.9607,15,219.347432
-2440.542,11,219.358751
-2701.2266,26,219.367294
-1142.7705,4,219.380247
-1209.4119,5,219.392138
-1213.9325,7,219.403466
-3091.9927,20,219.403532
-982.08856,5,219.403548
-1589.1272,30,219.415841
-615.2804,20,219.434625
-1680.5446,6,219.459372
-1215.2434,11,219.459436
-1103.3837,4,219.473376
-127.1189,44,219.496146
-1350.5642,19,219.496217
-1140.8301,8,219.507824
-1020.78644,4,219.507916
-978.56055,7,219.552742
-1506.9875,7,219.588261
-1374.9775,19,219.601833
-1422.243,24,219.601922
-990.4282,2,219.632173
-838.08765,17,219.632235
-425.72644,25,219.63225
-896.4856,9,219.676412
-2974.485,15,219.689553
-2867.7446,21,219.725069
360.68402,48,219.73602
-805.606,8,219.736084
-1193.8761,9,219.74742
-1141.1022,21,219.759539
-451.96716,40,219.773619
-1114.0455,3,219.77368
-1048.9131,2,219.789791
-1022.3011,5,219.789866
-1388.3234,13,219.801098
-675.4766,37,219.813007
-1214.2627,11,219.813092
-533.7154,64,219.824114
-1405.0703,20,219.848572
-1045.0184,3,219.848639
-1299.5183,11,219.872238
-1672.8567,22,219.883018
-980.4867,3,219.883086
-1508.8552,9,219.90739
-1176.5645,6,219.907448
-1439.7491,9,219.907464
-1434.5679,3,219.91859
-2834.83,38,219.934179
390.51648,64,219.93425
46.28711,57,219.934267
-5107.532,17,219.979501
-1196.1373,4,219.979562
-1181.555,6,219.992858
-322.89905,71,219.992925
-1399.199,39,220.013246
-994.4968,7,220.024715
-1455.3428,11,220.037097
918.70825,123,220.037173
-1066.8018,10,220.058277
-949.4834,4,220.058347
-2167.8723,8,220.08287
-2827.604,26,220.107045
-1357.6244,16,220.107121
-1276.8219,7,220.119761
-1111.3331,3,220.119822
-975.8641,5,220.119838
-1202.8301,18,220.135681
-1531.3645,9,220.135766
-899.59863,6,220.195042
-55.858154,61,220.206146
-1611.7552,8,220.218697
-867.6602,35,220.239544
-1109.6774,45,220.254995
-1886.2328,33,220.268462
1659.8586,73,220.268535
-2098.4697,14,220.283366
-1081.2744,3,220.305893
-2160.0454,5,220.305953
-1080.3723,9,220.320339
-1420.9744,24,220.330913
4.282898,36,220.341867
-1167.4291,3,220.341934
-937.7619,6,220.355767
-1690.2935,20,220.383316
-1143.6965,3,220.383398
-1048.663,50,220.409088
-1091.8158,2,220.409157
3645.93,78,220.409185
2228.822,82,220.431141
-1076.0105,2,220.431206
-1118.3268,51,220.452039
-1872.8683,16,220.452115
-1379.4224,4,220.471568
-3640.9546,11,220.471647
-1871.7383,24,220.480525
3792.3115,101,220.503839
-975.66174,31,220.503888
-1000.55615,5,220.503901
-1958.1501,10,220.518263
-790.13696,18,220.549687
-1476.1555,14,220.549771
-1072.1681,37,220.563933
-1014.3657,2,220.578088
-866.3675,21,220.578141
-1437.326,18,220.578156
-2160.246,6,220.591007
-681.67145,50,220.591608
-1678.5764,15,220.591731
-2660.9841,52,220.614553
-2999.5842,13,220.638516
257.80676,42,220.638577
-967.128,5,220.649614
-1184.8756,8,220.661942
-1600.3196,9,220.662012
-1809.4012,8,220.673548
-1069.6638,5,220.673603
-1034.6854,3,220.708608
-748.17474,55,220.732615
-897.7493,5,220.732687
-1185.5819,7,220.750629
-887.92096,11,220.778743
-1131.1351,42,220.796413
-2559.2031,8,220.819008
-2710.895,18,220.819068
520.65784,68,220.831804
-1329.0587,20,220.845725
-1322.5863,33,220.991791
-772.7949,29,220.99187
-1209.0385,18,220.991884
-1271.7576,25,220.991891
-634.401,55,221.003106
-2136.7505,12,221.00317
-1141.2582,3,221.027144
-2695.664,12,221.027213
-2492.48,41,221.05793
-2791.0427,31,221.058011
-312.73816,27,221.08868
-905.4739,5,221.088747
-1183.4576,9,221.101995
-1105.8931,3,221.10204
-1926.9827,39,221.102049
-71.45288,57,221.11686
-830.20886,8,221.132564
-2534.5503,19,221.154932
-1919.8015,12,221.155
-1330.0228,6,221.165587
-956.35175,7,221.202368
36.518616,29,221.202543
48.487427,96,221.227519
-1492.3892,3,221.240566
-972.1181,41,221.253678
-1054.643,2,221.253761
-573.71533,52,221.267238
-1050.5737,28,221.286925
-878.8566,6,221.334807
-969.8256,6,221.358963
-1199.3088,30,221.371221
-1033.5033,2,221.394587
-2044.8397,12,221.394644
-2761.999,11,221.394658
1411.073,66,221.421552
-922.9197,5,221.421661
-548.8936,72,221.433279
-1679.0422,8,221.433351
-1633.0734,29,221.469656
-994.7261,33,221.482631
-1601.7747,39,221.49767
536.1938,29,221.497754
-1513.481,9,221.51061
-1712.9021,10,221.521069
-2387.632,31,221.550302
-579.13135,50,221.550379
-1121.5425,13,221.567554
-2309.6782,11,221.567625
-1628.8258,5,221.58277
-938.0623,3,221.593654
-1234.4459,9,221.593754
-1060.4529,13,221.604766
-314.06238,52,221.604849
-1428.8491,41,221.616922
-493.6468,41,221.63113
-1257.0979,52,221.662953
-989.0133,5,221.66301
-1099.0275,6,221.676287
-115.72949,38,221.699277
-1012.362,3,221.699341
-2224.8816,11,221.699356
-2018.0687,46,221.699363
-1355.6912,22,221.720391
-1384.3704,18,221.733853
-1131.3528,8,221.733899
-1917.8181,6,221.748791
-1631.9524,17,221.748856
-876.9118,5,221.759093
-1007.4701,26,221.759151
-1031.4159,39,221.77049
-1488.9812,7,221.783755
-1878.6039,49,221.78384
-985.73975,8,221.824249
-1515.0972,20,221.824328
1896.6184,77,221.824355
-1022.97974,6,221.836335
-2410.6082,15,221.847995
-1912.2412,12,221.848276
-1447.7535,15,221.881862
-1058.815,9,221.881929
-1868.5231,8,221.881948
-777.6873,5,221.904573
-1075.4154,24,221.915782
-1250.245,8,221.915855
-1124.5824,11,221.969408
-810.9204,7,221.969467
-1314.1061,18,221.982325
-1522.7563,5,221.982414
-926.4769,9,221.995013
-390.37457,39,221.995091
-1012.1185,2,221.995107
-1629.7631,14,221.995115
-4054.035,18,222.010558
-1071.9923,2,222.010628
-1597.5192,11,222.048746
-969.90814,12,222.077158
-1930.4692,16,222.089508
-1202.3271,8,222.100615
3907.3965,73,222.100672
-789.97266,29,222.112282
-1246.0585,8,222.112357
-2042.5607,12,222.149944
-1853.7744,11,222.150033
-2366.879,6,222.150063
-1262.2369,14,222.162947
-1080.6583,2,222.176219
-2592.967,10,222.176275
-899.2232,3,222.190066
-1008.734,2,222.190144
3552.04,103,222.204629
-1388.5759,8,222.204716
-119.13989,51,222.215598
-1300.557,51,222.229219
-2367.4084,7,222.242904
-988.8553,33,222.242971
-240.04181,50,222.242986
-979.8697,5,222.242991
-1083.4132,23,222.286076
-1713.654,7,222.286135
-267.8053,26,222.298016
-290.66217,18,222.332531
222.6676,50,222.355681
-2029.78,30,222.367009
-1285.2062,12,222.379792
-871.2985,45,222.408297
-1975.744,16,222.408368
-1066.1348,3,222.408385
-1693.1654,15,222.420319
-885.7852,16,222.420394
-32.691406,54,222.420414
-1026.4617,2,222.43362
-1813.2476,21,222.471348
-2721.9922,77,222.471875
-796.5902,69,222.486226
-2150.69,19,222.486297
-1371.61,7,222.517668
-1141.1112,28,222.540606
-1040.117,2,222.566551
18.420288,38,222.580374
-3089.024,12,222.580439
-1017.63696,4,222.580457
-1794.5662,9,222.594786
-2901.9565,13,222.60875
-1144.8196,11,222.635283
-1203.8059,15,222.63535
-1073.4617,2,222.635371
-983.9899,4,222.649292
-3128.3765,23,222.649366
-1138.5604,42,222.649384
-3236.484,33,222.671282
-1021.44385,8,222.671366
-932.0384,15,222.687478
-1261.7728,9,222.69947
-1830.7351,8,222.732469
-1052.3561,4,222.745863
-2480.8691,23,222.768732
-1688.5042,9,222.79695
-1407.3876,13,222.812028
-821.4428,39,222.812099
-1580.7233,32,222.812115
400.3288,30,222.837851
429.4027,86,222.837938
-1462.9995,8,222.837964
-1042.4133,2,222.837974
-1846.2129,7,222.865672
-1355.846,17,222.865747
-458.83112,44,222.865762
-969.87274,3,222.876526
-1962.5513,5,222.919708
-3087.2993,11,222.931266
-1656.2556,8,222.931339
-94.397156,69,222.997651
-1575.3772,6,223.00976
-122.05328,31,223.023718
321.75842,65,223.023811
-93.107666,53,223.052445
-2014.1995,4,223.085835
-974.6857,2,223.08591
-1048.9799,2,223.110098
-1970.6962,21,223.134476
-1562.6888,29,223.18181
-828.8417,5,223.196049
-3740.0508,29,223.2111
-500.2664,44,223.211154
-696.5157,42,223.211169
-949.3938,8,223.211177
641.6459,63,223.236128
-1013.2374,2,223.236197
-1156.216,3,223.236215
-2357.223,19,223.267154
1298.9941,53,223.267212
-1720.8738,31,223.267228
-4327.4375,21,223.286124
-341.85535,76,223.286161
-2189.0623,7,223.286171
-1573.9937,5,223.286177
-1501.7905,4,223.299761
112.7923,37,223.300196
-2202.7698,20,223.300232
-898.28394,5,223.319363
-928.6776,4,223.331291
-1405.3816,8,223.331343
-1097.8397,4,223.331358
-1449.6101,3,223.331365
-1294.624,5,223.36636
-1071.1327,3,223.366411
-1639.7295,8,223.392484
946.93445,60,223.457308
-1662.8146,11,223.457366
-915.09875,28,223.457383
-1249.8052,5,223.457389
-207.24298,46,223.478856
-995.2563,3,223.492187
-2053.4895,70,223.492246
789.30774,44,223.50143
-1017.8961,2,223.518338
-1467.4266,5,223.543782
-774.8469,25,223.543845
-556.3179,46,223.543861
-1346.602,17,223.543869
-1060.468,2,223.564884
-2965.629,23,223.57735
-961.74194,3,223.577404
387.0489,25,223.590784
-806.2817,23,223.590863
-1608.2139,27,223.59088
14.745117,30,223.68967
-1343.3479,8,223.689745
711.88367,74,223.713528
-1133.6274,4,223.760133
-3651.8396,37,223.760207
-1415.7905,33,223.784349
-1157.6521,3,223.794596
-1057.6873,5,223.817598
-260.24933,44,223.884331
-1399.957,17,223.905723
-2070.9197,9,223.916698
-661.3871,33,223.940371
72.59192,28,223.940434
510.22858,32,223.956295
-1128.8148,3,223.980281
-925.13275,6,223.992826
-246.27173,31,223.992903
-793.57733,42,223.992921
-760.3787,39,224.004788
-551.43304,32,224.004862
-1138.6046,5,224.018559
-1003.59454,2,224.028859
-1140.386,10,224.029153
-1474.9971,5,224.040457
-1335.3062,5,224.051982
-1322.7648,7,224.076623
-1401.8765,7,224.08981
-400.85754,48,224.104634
-1219.9795,10,224.119699
949.4719,99,224.119778
-972.01044,8,224.119795
600.9132,54,224.153367
-1181.0287,4,224.153428
-367.34576,46,224.166457
-885.8727,3,224.189146
-2084.5256,29,224.200179
-6371.8755,122,224.212919
-949.807,13,224.212997
-1326.98,60,224.224442
-5419.409,67,224.224496
-2775.2107,16,224.23387
-1080.9519,7,224.243924
-1044.6492,4,224.255274
-969.61304,3,224.282837
-1715.5627,5,224.282913
-1679.3945,30,224.318465
-2958.5518,17,224.318531
-2404.1162,15,224.335116
-3690.5796,43,224.335186
-2270.2017,5,224.347288
2977.9778,168,224.360214
-1692.826,14,224.360303
-308.9547,29,224.399049
-907.2176,6,224.410304
-561.84296,23,224.410363
-3.760559,29,224.423301
-1040.4691,2,224.434563
-1061.3368,2,224.434615
-368.43237,26,224.451203
-813.11694,67,224.451507
-1738.519,19,224.46318
-1413.874,12,224.475868
-1712.4241,3,224.486875
100.97571,75,224.499835
-1869.5042,12,224.499898
405.89185,22,224.532332
-2057.717,6,224.544261
-786.205,9,224.557699
29.336426,70,224.569588
-24.28125,27,224.56965
-1042.8215,3,224.569665
-190.46753,40,224.58234
-1445.2959,25,224.596215
-1008.8198,2,224.596288
-1006.97656,3,224.609559
-1613.5691,14,224.609617
-540.7562,33,224.609643
-1003.3617,2,224.619778
-853.1687,22,224.640298
-1466.3566,5,224.651634
-1897.7009,13,224.66587
-1469.1523,5,224.676443
-746.5268,6,224.689997
-2910.2056,23,224.690067
-1028.8672,2,224.712825
-561.865,21,224.72488
731.7084,44,224.759292
-594.27997,51,224.759352
-1764.099,114,224.772755
-866.4758,6,224.783872
1836.3586,72,224.797905
-1095.8087,2,224.822526
-1030.159,5,224.822592
-1193.4841,12,224.83572
-1076.7013,3,224.860141
-1071.0593,6,224.860222
-1601.5387,17,224.872453
-2388.533,16,224.872875
-1710.3376,31,224.885192
-1126.5883,27,224.911294
-1166.4288,4,224.935846
-2075.2942,15,224.954076
-993.9334,7,224.954123
-1645.7188,10,224.954137
-1812.9607,26,224.954146
-1120.0048,52,224.985954
199.9867,46,225.021475
-5279.757,19,225.021534
-949.1098,6,225.021549
-914.8518,5,225.02157
423.04944,53,225.036987
-777.9043,31,225.037043
-1229.7549,7,225.056408
1419.9652,60,225.093379
-944.2426,5,225.105392
-4940.2354,59,225.180012
-1039.6794,6,225.180082
-1965.958,18,225.195078
-1392.079,10,225.215716
-602.8998,24,225.228366
-1011.78644,17,225.242531
-1516.6577,22,225.287241
386.40277,35,225.299401
-800.79645,64,225.311952
-2320.6797,52,225.323446
-193.44867,57,225.333809
-1078.8169,4,225.362125
-1125.3114,5,225.362208
955.73804,39,225.387895
-1674.2827,60,225.387984
-274.0348,29,225.427991
-696.8552,11,225.428051
-2411.9917,33,225.453361
-1021.3892,5,225.453439
-1564.0151,9,225.453455
-200.2591,41,225.488907
-1103.2983,74,225.502887
-2288.584,51,225.536827
-1050.943,2,225.536879
-2690.8872,63,225.555758
-1205.702,15,225.566598
-1068.6134,30,225.576368
-1386.9814,10,225.589988
-1036.1641,2,225.590316
-1062.9952,5,225.614054
-316.4912,28,225.614125
-911.68085,7,225.624694
-55.422363,24,225.635912
-1845.3352,15,225.647729
-1620.0798,7,225.663536
-853.79236,52,225.698074
-1821.1226,9,225.698164
-1240.4442,21,225.698188
297.3407,65,225.716342
-1076.9406,12,225.726325
-398.1842,39,225.72638
-1072.1758,2,225.751838
-1336.378,12,225.765172
-1081.8265,4,225.77896
-2798.3933,11,225.779057
-1099.5326,2,225.779076
-1046.5256,2,225.792561
-1303.8042,28,225.805017
-1016.88293,2,225.805091
-1818.1738,17,225.815739
-2020.1807,12,225.840302
-1501.2551,13,225.853114
-885.4584,34,225.853182
-1106.986,4,225.899517
-492.3772,45,225.938423
179.60376,35,225.938496
-1746.0352,71,225.954174
-1574.17,18,225.954268
-1115.5391,25,225.982206
-1434.857,22,225.982291
-1568.4913,10,225.996015
-1888.7031,16,225.996086
-1072.6589,3,225.996099
-2494.713,10,225.996107
-1582.5315,112,226.00845
-2221.7031,37,226.008512
-1719.05,15,226.008536
-996.1219,2,226.018296
-1636.8011,77,226.01861
-963.9367,4,226.039573
-1340.883,18,226.050685
-1135.9366,7,226.071024
-570.81573,37,226.071099
-872.48926,6,226.086654
-932.5107,3,226.086723
-830.5292,11,226.121781
-3814.4316,57,226.121888
-1353.0978,10,226.132859
-999.61444,5,226.179111
-2904.8623,76,226.190704
-1280.4497,22,226.216249
-1221.0946,10,226.216317
-657.3427,18,226.227938
-1043.9379,2,226.241375
-2436.7256,21,226.241442
-854.5448,4,226.241458
61.597595,25,226.25428
-489.9853,18,226.265779
-2767.3486,15,226.265844
-679.2375,16,226.279688
-437.1255,31,226.292648
-521.2808,38,226.292714
-984.1402,6,226.391598
-313.9273,89,226.403994
-1117.66,3,226.40407
-870.1107,42,226.417985
-1116.573,3,226.432584
-1136.1633,6,226.432667
-3363.8862,29,226.444814
-2134.608,58,226.457871
-1050.2778,2,226.469519
-1118.1472,4,226.48718
-3429.2737,15,226.500011
-2711.8853,10,226.513586
-1890.4633,33,226.526673
-1130.5029,4,226.539224
-914.03217,8,226.539656
-472.60046,23,226.575763
-614.09155,18,226.575847
-1501.2759,30,226.629652
-2730.969,31,226.629729
-1161.7374,8,226.629746
200.64673,104,226.638923
-1521.0103,23,226.654567
-238.29132,59,226.654655
-5419.08,35,226.654675
-1092.5385,4,226.686033
-1487.7047,10,226.686101
-1073.4175,3,226.699954
-1802.397,9,226.713282
-487.91034,27,226.727041
-1021.95605,3,226.73764
-1234.0249,5,226.756546
-1501.1783,9,226.756677
-855.6481,6,226.770007
-2481.969,10,226.794331
-1146.4812,5,226.794419
-1155.7096,9,226.794436
-1037.1433,2,226.808039
-687.19385,19,226.841702
-1084.1322,3,226.841781
-1299.5637,7,226.841802
-1312.5063,29,226.851611
-1925.6328,37,226.873052
-1169.3163,5,226.873112
-1123.1791,3,226.884628
-1088.9161,2,226.884704
-1015.4703,2,226.89794
-1218.3948,63,226.909947
-979.2742,5,226.910014
-1229.9473,4,226.923297
-1662.8286,9,226.935773
-914.30756,5,226.948516
-998.2814,33,226.948572
3.7354736,37,226.948591
-837.50775,7,226.97614
-2101.7192,5,226.976212
-972.2163,4,226.989936
1668.0308,65,226.990008
-1980.5713,6,227.000387
-847.9185,4,227.000453
-938.5225,3,227.015067
-1772.0974,6,227.026008
-1195.485,46,227.036894
-614.87604,33,227.057784
-1041.9735,7,227.071094
-1122.8826,6,227.071147
-1193.7566,6,227.071161
-1228.1409,52,227.095259
-1111.0973,3,227.09533
-2044.3851,8,227.106079
297.61005,32,227.106141
-2636.0005,10,227.133277
-1487.7468,5,227.133348
-1965.1067,28,227.144404
-210.69153,30,227.155781
-1690.6211,6,227.175186
-1440.5947,12,227.18971
-1058.9336,2,227.189855
-4241.71,12,227.228505
-3426.3848,17,227.240245
-1513.7971,8,227.256962
591.5007,55,227.257045
-2943.031,14,227.257066
524.6972,37,227.271079
-685.6613,18,227.28325
-723.18085,38,227.305749
-1060.7415,7,227.326298
-912.63745,8,227.350621
-1713.8269,13,227.350717
-1098.3752,17,227.350737
-2046.4915,33,227.373461
-1012.5183,43,227.396775
-1130.3328,4,227.396841
-1941.7653,13,227.408482
372.06744,25,227.419562
-3440.334,16,227.44892
-799.04645,66,227.448981
-643.13416,19,227.459922
-1182.3265,10,227.503418
-922.20325,8,227.518458
-1866.4059,8,227.552611
-1131.9081,4,227.56442
-867.19556,37,227.574877
-1969.1155,20,227.65063
-2680.1982,18,227.650722
-1696.7598,16,227.650741
-1155.4227,18,227.682651
-4217.954,96,227.695298
-1884.971,12,227.695354
-264.29718,43,227.718785
-1134.0928,36,227.71885
-1042.1814,3,227.731661
-384.61102,34,227.744375
-986.27057,9,227.755941
-2129.3257,16,227.769738
-732.51697,34,227.769881
-2280.0227,52,227.789304
1879.6045,89,227.806345
-1114.1028,3,227.806388
-2463.9458,13,227.818414
-1049.0142,3,227.818477
-1529.2573,7,227.831325
-1604.0999,8,227.831394
-553.8843,36,227.859426
-1813.3054,23,227.859505
-1794.1458,4,227.873665
-957.3809,18,227.88627
-907.6806,6,227.886324
2869.2354,103,227.903754
-873.01953,4,227.924823
-1959.0042,81,227.96102
1075.882,56,227.985307
-1890.1532,7,227.985397
-999.1867,7,227.999756
-1060.5984,3,227.99985
-1339.1826,14,228.015083
-2559.8643,24,228.015159
530.88916,66,228.025328
-1077.8564,3,228.036689
-2237.0938,18,228.036753
-1189.6766,14,228.048006
-621.15515,75,228.057642
-2221.09,26,228.073072
-1097.7279,4,228.073152
-849.8019,14,228.073169
2915.6453,92,228.08636
-994.5508,4,228.112189
-1407.6013,11,228.125674
-1398.1062,9,228.147122
-984.0095,36,228.173069
-1747.9669,27,228.185496
-1018.07837,7,228.211132
-2337.9517,26,228.211198
-852.6888,5,228.211214
-989.1304,3,228.222564
-1700.5173,11,228.222648
-1552.5901,33,228.235167
-1513.697,19,228.245943
-1365.1838,4,228.25858
821.2036,72,228.271676
234.29425,38,228.271744
-854.5602,40,228.271761
-1190.7593,22,228.293797
-1187.2877,6,228.293858
-2800.5298,21,228.310082
-2050.1655,18,228.310148
-1087.4326,2,228.310165
640.80273,62,228.310178
49.569214,23,228.345548
-1048.065,8,228.345628
-2157.4575,8,228.359568
56.31256,30,228.390772
-28.48645,24,228.390834
-1125.7539,6,228.390849
-1061.658,4,228.402673
-1708.326,11,228.440156
-1156.6146,6,228.466274
-2470.6025,23,228.480407
-981.96954,2,228.495603
-989.62305,4,228.495669
-597.3197,8,228.495692
-2449.2812,16,228.495703
-982.7708,3,228.521577
-1119.7126,3,228.541702
-991.8099,4,228.55262
-488.50903,59,228.61015
-1486.9637,23,228.610239
110.7608,30,228.624336
-516.1373,54,228.624413
-1299.6997,19,228.638674
-258.12488,33,228.647459
-1478.5201,4,228.660467
-1501.1338,12,228.686861
-622.6896,36,228.698118
-867.60645,16,228.718767
-1062.2678,4,228.730846
-1429.1412,55,228.776891
-1776.4453,42,228.822123
-192.09106,68,228.853553
1281.1877,39,228.853622
-1288.4436,23,228.889243
-1850.1348,19,228.8893
-1589.0726,14,228.901487
-1436.248,21,228.90156
-1279.9912,18,228.915088
-1203.293,11,228.915168
-1330.9012,17,228.926867
-1051.2383,2,228.926943
-1839.3856,50,228.937939
-1085.061,2,228.938008
-1265.9172,11,228.961778
697.6032,68,228.975845
379.3462,56,228.975919
-952.632,31,228.997661
-175.30902,43,229.02412
-305.5393,34,229.048556
-384.43616,16,229.048877
-1040.2031,4,229.048899
-1191.7976,3,229.082531
-1151.2168,14,229.095599
-974.41974,22,229.12228
-537.9833,21,229.145636
-1604.6615,11,229.158171
-2443.2322,69,229.204834
-1015.39935,55,229.217228
-721.0576,29,229.240689
209.91016,51,229.240759
431.01892,76,229.251581
-2583.4148,18,229.264324
-2990.3513,16,229.277023
-1426.9062,28,229.277102
-1042.5479,3,229.27712
-1504.3618,3,229.28666
-1009.3816,16,229.28672
-1143.2686,3,229.30959
-1137.1206,3,229.322156
599.58295,68,229.322233
2344.8088,162,229.344916
-982.09283,38,229.356354
-1488.6979,12,229.356413
-1446.9065,18,229.365391
-2479.7441,36,229.389476
-1628.4348,13,229.410786
-1.8459473,83,229.410851
-796.7856,37,229.410866
757.42444,93,229.423318
-1077.4149,2,229.436772
-1524.3899,34,229.448992
-1388.1349,8,229.461821
-969.24896,7,229.475297
-2347.196,45,229.47536
-524.5939,24,229.486792
-1553.292,4,229.486856
-2400.275,7,229.499367
-2208.1406,6,229.499422
-408.5448,45,229.511639
-1203.1522,22,229.537404
-1107.712,5,229.537554
-1136.4231,51,229.537635
-2593.9387,17,229.551182
-1019.6905,2,229.576658
-1344.0842,21,229.577039
-1450.3672,15,229.600265
-1026.566,5,229.600336
-905.32513,24,229.613113
367.66687,59,229.627219
-870.54474,10,229.627276
-1668.0034,12,229.638197
-1749.3567,9,229.656569
-3352.11,26,229.680264
-3858.6719,36,229.680591
-1510.597,11,229.680618
-1603.803,5,229.680627
-1065.6272,21,229.717249
-2287.516,18,229.717305
-811.6829,33,229.71732
-1117.6304,4,229.729151
-1079.0928,6,229.752718
-1607.3855,32,229.752785
-1055.5964,2,229.752801
-1718.8704,12,229.786702
-1340.4034,56,229.799589
-1093.9663,19,229.810961
-2690.7305,16,229.824119
-1447.7134,7,229.838239
-1276.9802,8,229.85709
-1594.3948,20,229.883632
-948.1924,5,229.883711
-1135.0056,7,229.896273
-959.956,34,229.906828
-2253.2095,18,229.906866
-1630.8955,13,229.92321
-1004.41327,17,229.934173
-2174.5825,54,229.960146
-53.45288,39,229.960241
-3917.9404,30,229.960258
-949.7632,26,229.984681
-1132.8401,4,229.984755
116.789185,38,229.998107
-936.1296,11,229.998172
-2475.246,9,229.998188
-1617.2217,32,230.009436
-2320.5698,11,230.020233
-864.03595,6,230.034186
-1127.7117,3,230.034262
-1453.4095,10,230.034281
-1254.9745,4,230.059102
-1576.6285,13,230.05916
-2548.501,37,230.072177
-300.57782,45,230.072246
-1398.2797,23,230.086351
-982.8626,4,230.086425
-2428.1875,8,230.086444
-3202.874,8,230.1019
-979.4935,5,230.101973
-1035.1378,2,230.10199
-937.7885,8,230.101997
-1134.0063,3,230.102004
-1500.2208,5,230.102009
-1045.758,3,230.112954
-1034.6477,31,230.113019
-1754.598,13,230.123697
3635.5508,80,230.134936
-1053.1393,2,230.148482
-1027.7274,3,230.148565
-2012.2926,6,230.16169
-1122.9333,5,230.161772
-1037.2499,12,230.173089
-910.5654,5,230.203291
-1484.3524,11,230.203606
-1291.3597,9,230.226965
-944.61505,3,230.237506
-2793.7852,12,230.251023
-187.24017,48,230.287898
-696.9033,35,230.287971
-1714.2131,15,230.28799
-1312.19,12,230.300466
-1516.5258,11,230.300524
-1207.041,18,230.32365
-4124.437,13,230.333467
765.98035,50,230.345789
-481.05878,20,230.345853
-1231.9353,8,230.398871
-1329.3884,26,230.412999
2723.8525,93,230.448327
-1003.26385,3,230.448425
-783.6517,25,230.472269
-1281.6882,20,230.493246
-2998.3525,16,230.507498
-1185.1423,33,230.52542
-1061.7507,2,230.52549
-1383.9043,28,230.536005
-1293.2119,3,230.54828
2100.4849,56,230.562351
-1774.0569,15,230.562432
-1075.1704,4,230.601464
-4123.6675,18,230.601563
-182.03369,49,230.621283
-1076.1108,3,230.62135
446.61725,23,230.621372
-2118.0837,14,230.670529
-2494.0454,6,230.755815
-2249.5984,10,230.778238
-1298.7737,5,230.778376
-462.6781,26,230.778407
-2541.8245,34,230.778416
-938.25745,33,230.873957
-1183.0,6,230.874044
-4080.5835,29,230.88947
-4169.373,22,230.88953
-1075.0328,2,230.903042
-1103.351,8,230.903093
-1006.17474,3,230.931651
-1295.9929,11,230.931752
-103.063416,35,230.945982
-1161.8967,5,230.963741
-1073.1711,4,230.963797
6.1812744,64,230.98237
-1330.643,13,230.982445
-2521.9268,44,230.982531
-1116.2993,3,230.999211
-2884.7974,20,231.012763
-1214.8774,4,231.022479
-1393.1208,19,231.022544
-1886.473,8,231.02256
-2280.6655,25,231.036959
-981.8578,11,231.037272
-867.13605,5,231.050364
-3851.4326,22,231.050452
-1778.4834,3,231.065035
-904.2838,6,231.0651
-1749.1873,62,231.078606
-3949.8083,21,231.093876
-1073.4296,3,231.094046
1921.7734,80,231.11907
-1647.2795,9,231.171432
-1010.37494,83,231.171507
-3142.4302,16,231.186156
-2152.9336,12,231.225886
-1361.8671,16,231.225995
-1222.3933,4,231.226015
-1667.7828,15,231.240322
-602.9945,17,231.253772
-488.20435,50,231.307397
-176.15515,53,231.318946
338.00732,24,231.34124
-1344.8273,9,231.341312
-2150.6313,21,231.341329
-969.4277,3,231.378331
-368.24927,28,231.404361
-1056.7018,8,231.441639
446.99207,52,231.441723
-2020.7699,18,231.455165
-1081.8202,2,231.471849
-1043.3967,2,231.485381
433.19733,31,231.499266
-1113.1198,5,231.511163
-812.45483,41,231.523468
-892.1742,66,231.546762
-1446.8342,4,231.546856
-823.9203,19,231.559294
-146.09467,33,231.610368
-1030.6066,6,231.623657
-1312.6654,11,231.623744
-927.31116,37,231.647598
-4178.9365,94,231.647667
-1045.2501,2,231.647685
-2248.667,11,231.647693
-1097.0414,54,231.69897
-1482.7634,6,231.72283
-765.651,40,231.770909
-1246.0616,5,231.770967
-1435.8704,12,231.770982
-234.07611,44,231.793651
1578.922,55,231.793719
-898.5942,6,231.805848
-1508.7705,3,231.805912
-866.4066,34,231.817805
-445.1375,68,231.830554
2689.1572,68,231.830638
-1036.0994,5,231.880974
-2349.1902,60,231.881047
-1708.7124,18,231.893553
-1935.209,6,231.893612
1127.2524,87,231.908017
-1606.9048,11,231.917942
-974.3473,3,231.94385
-1167.0817,5,232.059182
-291.1054,31,232.05924
-876.39966,23,232.059255
-1047.1001,2,232.069343
-1360.1552,7,232.069425
-981.1831,51,232.069442
-1640.658,12,232.094814
-2305.0405,18,232.108697
-786.00146,36,232.141489
-2380.2473,30,232.152286
-984.1389,33,232.163138
-3539.2273,20,232.163205
-966.9116,6,232.212036
-3307.4321,45,232.212114
-1377.2638,8,232.212132
-993.644,6,232.222424
-428.28387,51,232.234256
-2304.381,61,232.234322
-1610.9008,7,232.244768
-3718.5312,22,232.256781
-1136.9126,3,232.279702
-1148.9082,6,232.279784
-1671.5233,62,232.312405
-1007.63855,7,232.33185
-1912.226,21,232.331924
-57.853638,35,232.357153
-1659.4554,28,232.357193
-944.37463,6,232.37041
-2246.9663,25,232.384528
-1868.7976,24,232.384585
-979.2597,4,232.3846
-2067.6729,7,232.384607
-1745.7863,24,232.414028
783.2932,30,232.4141
-3368.6702,14,232.41412
-1216.8623,37,232.427064
-1329.0221,27,232.427131
-1058.5306,6,232.440681
-1434.0205,5,232.451592
-775.3573,17,232.460722
-1980.4026,10,232.48338
-896.9254,6,232.494215
-1031.3268,4,232.494303
-2871.5825,10,232.508093
-1083.7344,2,232.508152
-1736.5154,8,232.521426
580.4238,92,232.535841
-935.13574,14,232.556021
-1753.5992,5,232.568285
-1967.1306,10,232.56836
-630.61475,39,232.578723
-1003.9341,7,232.60308
-884.9809,8,232.61498
-937.55927,4,232.627568
-5198.7554,45,232.639363
539.54285,33,232.639416
-1029.1603,6,232.639445
-1470.3477,7,232.639451
-874.04004,25,232.660241
192.32947,110,232.660298
-2396.376,16,232.671783
-1501.4375,37,232.695068
-279.14044,34,232.712713
-1132.3062,4,232.712792
-1539.7902,13,232.712809
-1952.6575,14,232.712821
-1504.9053,7,232.712827
-1299.4673,61,232.725404
-1455.1415,13,232.737791
-1176.1228,3,232.752648
-695.0599,6,232.752724
-1048.6245,5,232.777742
-1088.3923,22,232.791025
-2778.5786,6,232.791088
-2097.463,13,232.816138
-2868.1587,10,232.828238
-1877.3518,16,232.85958
-1909.0522,6,232.872484
740.4359,42,232.872552
-997.1645,3,232.895226
-1777.2437,14,232.907006
-1083.3771,7,232.919596
-1488.8522,41,232.91995
-1059.5947,2,232.943378
-341.7998,60,232.943454
-1050.8436,2,232.97003
-2043.8774,45,232.970108
-1150.698,15,232.970126
-1424.54,9,232.981963
-802.0265,26,232.982066
-1431.8965,22,232.998986
-1804.2799,10,232.999074
-882.7224,5,233.011129
-1112.3352,3,233.054877
-824.9468,6,233.054925
-915.80707,35,233.064442
-1477.0713,21,233.064496
791.6752,53,233.09548
-1181.7482,9,233.106364
-1505.2258,10,233.117734
-823.10486,32,233.117804
-1345.4633,12,233.128938
-1911.842,19,233.129287
-1286.4607,32,233.143309
-1071.0845,3,233.143396
-1602.9343,14,233.143414
-663.4822,59,233.166485
-1762.0251,10,233.166558
-1071.5542,3,233.178485
-3247.4941,24,233.202748
-1842.8796,11,233.225809
-1489.7625,10,233.239642
1103.9218,46,233.239713
-1708.374,6,233.253144
-205.58295,41,233.26556
-1129.8604,3,233.265617
-1058.0065,11,233.277903
-1880.606,6,233.277981
-1362.3713,14,233.290188
-1048.2782,3,233.303421
-425.7395,32,233.313101
-2252.914,15,233.313165
-1003.1061,6,233.325795
-1046.6553,2,233.338608
-1428.012,24,233.349441
-1338.4385,10,233.361479
-1102.0248,8,233.36153
-2408.1257,27,233.37404
-848.2727,45,233.374102
-1340.2974,7,233.405814
-1093.0605,3,233.405871
1188.7645,54,233.43454
-1111.2161,11,233.434615
-1337.8564,12,233.434631
-951.17206,4,233.434638
-1102.3927,3,233.468699
-1672.3931,6,233.484884
-1616.5127,10,233.496403
-1066.605,38,233.532687
-1039.652,5,233.532758
-388.05023,33,233.544919
-1621.3187,9,233.544987
426.19165,71,233.545006
552.55835,73,233.5636
-858.33997,24,233.586676
-1044.2416,2,233.586803
-1411.0082,5,233.609166
-1186.9731,4,233.628865
-1702.3555,8,233.641883
-1057.8992,3,233.641976
1314.6528,55,233.655894
-762.09766,25,233.687906
-1315.593,12,233.737332
-915.8936,4,233.761627
-2814.2095,17,233.761697
-688.3401,31,233.76171
-1855.4734,29,233.797891
-2470.4692,27,233.797961
-1522.2869,10,233.809914
-1508.1343,38,233.809953
-1860.2854,4,233.822165
-1028.2229,2,233.834908
-1187.3223,6,233.835003
-1139.1318,15,233.85804
-1253.0,23,233.858105
-947.9637,7,233.858121
-1047.0536,3,233.872102
-1393.9913,8,233.87217
-1041.2921,2,233.894467
-2459.602,57,233.905506
-1090.4315,10,233.929183
-1413.8124,75,233.939505
-209.39948,22,233.939556
-1124.8943,4,233.951888
-1158.7032,5,233.951956
-1345.4883,9,233.964878
300.39374,38,233.990824
-988.047,2,233.990905
-1507.508,5,234.024672
-1016.4477,7,234.024749
3148.6982,68,234.050693
-1046.8568,2,234.050778
-943.01685,5,234.064073
-1180.6892,3,234.064149
-844.3297,17,234.08877
-694.27466,18,234.08884
-2199.8706,23,234.088858
-1024.2635,4,234.098258
-1202.7974,9,234.110302
2444.6987,67,234.110368
-1043.8462,3,234.124803
-1351.2493,134,234.144965
-915.91815,6,234.168101
-509.23718,49,234.179399
-880.5436,30,234.179466
-1105.0767,3,234.210936
-888.0163,6,234.226053
-2124.4294,9,234.226117
-1190.4269,9,234.246711
-1786.8931,12,234.271937
1421.8123,65,234.285836
-1985.1444,19,234.297204
-1102.4084,6,234.297265
-170.29547,34,234.297286
-1712.9255,7,234.308605
-2174.4717,20,234.320153
-1485.0576,3,234.320228
-999.59436,10,234.334995
-3716.6377,31,234.346508
-1146.0623,4,234.371154
-858.4403,8,234.371482
-2521.8582,12,234.394246
3365.7568,85,234.439174
-2809.906,23,234.460799
-1585.7556,15,234.471151
-2194.749,11,234.471221
-1461.6412,16,234.484572
167.82172,53,234.48464
-1509.6086,3,234.508917
-2215.476,12,234.508987
741.809,69,234.521606
-2604.8372,93,234.521671
-6270.6562,37,234.521689
-1388.3406,83,234.542042
-75.5238,111,234.553471
-1158.554,15,234.567249
-1524.275,9,234.567312
-703.9459,22,234.567327
-2153.2078,8,234.578391
-1154.5281,5,234.578691
392.00067,41,234.59153
-1069.4397,6,234.616045
-1117.8981,4,234.616105
-1165.8474,4,234.61612
-3090.203,54,234.629236
-1274.427,37,234.62931
843.83014,65,234.639382
-473.883,19,234.661054
-826.38293,14,234.68206
-2974.1982,48,234.693392
-2326.2097,11,234.710565
-1185.2485,6,234.710667
-1188.1892,4,234.710685
-1396.4727,15,234.748333
-2988.3691,5,234.810869
378.37854,70,234.810938
-2852.3413,18,234.810956
-373.3783,27,234.810964
-699.70044,16,234.823146
-2162.912,17,234.836783
-1498.8308,39,234.836872
-2421.761,11,234.85252
-2603.8208,27,234.889869
-1152.379,6,234.890208
-809.2334,30,234.890237
-1308.5513,7,234.92461
-3247.336,10,234.956673
-1338.1716,28,234.968796
-1928.116,13,234.982743
-1090.9016,8,234.993615
-2114.4084,8,234.993936
-2205.6335,40,235.007756
-1622.7928,43,235.007815
-2047.2161,60,235.032376
-1034.0947,7,235.046672
-1176.3893,5,235.046747
-899.5733,6,235.07015
329.66162,39,235.070234
-3233.4192,28,235.070252
-1743.5614,21,235.08448
-1937.0244,10,235.104403
-4665.952,22,235.104853
-221.35687,47,235.104897
-492.56317,32,235.104908
-1126.896,5,235.119026
-1569.1421,21,235.13111
-1893.4983,6,235.13117
-905.34186,6,235.155134
-1091.3927,5,235.155194
-1141.5222,7,235.167309
-1564.0938,13,235.178811
-993.1972,6,235.192361
-952.3353,5,235.192469
-1066.3635,7,235.192494
-1649.7991,8,235.205605
-1099.6282,4,235.227753
936.59326,49,235.24033
-1114.9991,7,235.252298
-3685.7842,20,235.252389
-1119.0038,3,235.271219
-1165.2534,12,237.411312
-2824.6216,20,237.420503
-271.99866,52,237.434066
1812.5674,86,237.477785
-2658.8008,28,237.499542
-599.6754,26,237.499596
-206.71796,44,237.52353
-818.6376,36,237.56143
235.18939,27,237.561468
-1118.847,4,237.573508
-1032.7369,2,237.597374
-1564.8439,27,237.641644
-1309.958,33,237.641702
732.9927,101,237.65207
-977.4345,33,237.678719
-784.897,9,237.678794
-1943.4224,7,237.68972
-648.07056,30,237.701461
-509.87234,21,237.701524
-1465.6411,56,237.713633
-953.44714,73,237.713701
433.38678,56,237.786591
-1644.646,9,237.786665
-988.8504,7,237.797338
-3126.397,15,237.820373
-1780.6882,15,237.833749
-1036.0303,3,237.858252
-1431.2549,8,237.882755
-1666.8533,6,237.915077
-569.3228,58,237.92645
-1185.984,13,237.955383
-813.6039,22,237.967751
-3030.8594,27,237.984008
-1926.8221,42,238.006146
-3704.6113,12,238.045552
-550.7402,51,238.059425
-1745.435,21,238.075201
-1537.0869,11,238.101062
-2047.1681,4,238.130255
-3699.4497,21,238.140303
-2379.2144,13,238.140358
1034.0231,70,238.152609
-827.29535,35,238.162817
-1029.5907,2,238.175696
-1811.1038,19,238.175761
-1146.326,6,238.175778
-1433.4755,17,238.199191
-1365.5085,13,238.211293
-1599.0533,120,238.211349
-984.8225,3,238.211368
-3612.7559,42,238.211378
-1433.288,69,238.222402
653.9065,75,238.222472
-957.4946,3,238.233328
-1443.9652,15,238.244753
5753.672,65,238.244809
-977.75684,6,238.244823
-2157.0364,106,238.256599
-1125.6573,4,238.256663
-1599.395,5,238.271298
-1852.8638,21,238.271378
-935.5491,45,238.271396
-1357.3547,12,238.271403
-986.6224,4,238.293921
-2793.348,11,238.293981
-1138.1093,3,238.306191
-1220.6101,7,238.30626
-1184.6542,4,238.318245
-276.56335,61,238.330456
-895.5022,6,238.330519
-1331.2482,34,238.34507
-132.89752,68,238.365436
-1429.7324,12,238.365489
-1016.2308,16,238.378744
-1395.282,4,238.37881
-1906.6749,11,238.378827
-1111.7405,9,238.389868
-1392.9569,11,238.411097
-917.28845,3,238.411169
-1274.1519,4,238.411185
-858.97974,12,238.41119
-2154.8342,17,238.423528
-1063.5653,5,238.423582
-1550.692,3,238.443635
-1051.1708,5,238.443712
-1103.016,4,238.463259
-1625.9885,27,238.483314
-1457.533,5,238.483397
-1183.5707,4,238.483415
-1725.872,15,238.494073
-2106.361,19,238.494124
-1077.9908,16,238.511072
-1058.0002,2,238.511147
-1143.1926,3,238.511171
-1238.646,9,238.542628
-1073.9197,7,238.578085
-1036.7467,9,238.617085
-1474.8613,18,238.61716
-1771.1084,8,238.617175
-1045.0791,3,238.61718
-1417.6852,22,238.628418
-366.31384,38,238.628504
-1081.2623,20,238.641345
-1029.8798,2,238.641408
943.79205,74,238.655264
-698.4924,24,238.668298
-1181.3049,14,238.668367
-1146.636,4,238.668394
-854.0006,5,238.680668
259.81744,35,238.680733
-1704.3213,19,238.705432
-261.99243,94,238.705482
-1202.2998,4,238.716431
-1139.7288,5,238.729096
-1006.9868,10,238.740653
-893.06305,5,238.74072
-2047.4724,19,238.751512
-2252.8774,7,238.766014
-1640.5924,5,238.766087
-1040.51,10,238.788269
-1107.4829,4,238.812786
-2229.3843,17,238.837079
-999.67584,9,238.862035
-1402.3915,8,238.862112
-1711.4639,10,238.927131
-1746.1643,8,238.957993
-985.9597,6,238.958058
-1942.0537,20,238.972803
-745.2849,50,238.972908
-1346.3087,34,238.988224
-1965.8302,4,238.988283
-904.9061,41,239.004372
-2880.2686,13,239.004431
-901.83514,3,239.031744
-1025.8945,5,239.031823
-1775.8433,33,239.066135
452.846,56,239.076193
-1015.02295,2,239.096145
-945.4719,35,239.108856
398.86194,54,239.132726
-1145.5608,4,239.14618
-558.1933,32,239.158679
-1872.5972,66,239.171398
-2522.9673,17,239.185106
357.3932,55,239.205137
-4464.6104,16,239.223634
-1067.2496,5,239.223905
-720.2357,18,239.246406
-1358.4841,39,239.246499
-1686.489,151,239.270051
-880.0529,3,239.270111
-1857.1826,10,239.270126
-847.792,22,239.281512
-1074.6744,2,239.29142
-3027.373,52,239.316001
-1975.0045,25,239.316053
-326.59033,82,239.316065
-1170.7986,5,239.32781
-322.49622,29,239.327875
-842.61865,48,239.343013
-1244.9722,5,239.353678
-2275.0056,12,239.366889
-1068.5486,4,239.366953
-1403.3525,15,239.36697
81.32556,30,239.366977
-1308.0864,8,239.377887
-2498.7896,11,239.395047
-1120.3105,3,239.406093
-2083.037,13,239.417588
-1846.2959,62,239.439893
-3767.5974,22,239.65527
-984.45966,8,239.655356
-1816.4832,57,239.655372
-1502.1583,11,239.65538
-1865.8448,13,239.669291
-1070.0378,8,239.669347
-3028.613,11,239.678732
-1525.8883,6,239.701258
-523.4617,36,239.701323
-1020.42346,3,239.713323
-1042.2607,2,239.729222
-3210.3843,18,239.72928
-591.49316,17,239.747292
-1062.1418,14,239.759419
-1775.478,6,239.780571
-972.9779,3,239.780626
-1455.3477,5,239.780641
1030.5059,86,239.804188
-1811.2861,17,239.804255
-1144.2986,6,239.804272
-856.275,5,239.815486
-931.21985,4,239.851475
-1190.419,25,239.864067
-1100.3453,5,239.877116
-1247.0118,18,239.877175
-911.2139,8,239.87719
-3612.6252,38,239.889274
-339.03967,44,239.889336
-1056.2659,3,239.900575
-1180.2954,4,239.900697
-1226.8649,13,239.951852
-2010.8933,23,239.965227
-1415.3564,4,239.965327
-1449.8098,14,239.986928
-1094.0941,2,240.010432
-930.0986,4,240.010499
-1934.6251,10,240.032953
150.2539,78,240.065604
-979.90265,4,240.10843
-1576.6357,8,240.108513
-2465.2131,12,240.108547
547.1723,36,240.119374
1049.5516,78,240.139878
-1282.5122,35,240.160419
-1726.158,22,240.175592
-1076.8342,8,240.215268
21.013672,50,240.228298
-14.8966675,28,240.228368
-96.87067,25,240.257155
-1119.217,4,240.270876
-2000.8604,9,240.285059
249.21582,66,240.28511
735.8379,81,240.318026
-1198.3759,54,240.336844
-897.3552,6,240.348481
-2121.931,20,240.361663
-982.5047,66,240.387554
-1563.2161,40,240.387614
-1447.9307,23,240.397576
-1813.4663,22,240.418557
-2460.2476,12,240.429323
1848.4104,75,240.454042
-2587.7234,36,240.454106
1583.5143,65,240.464822
-1936.6741,16,240.47575
-670.4729,48,240.489175
-1550.6396,55,240.48926
-598.17737,24,240.524389
-1184.2981,4,240.524479
-1707.7183,12,240.5392
-2473.1104,16,240.550995
-944.92633,8,240.551075
-1029.6477,3,240.563331
554.92017,57,240.585948
-1379.514,11,240.597522
-1551.6447,9,240.597595
-1772.5579,12,240.637844
1023.9121,80,240.649807
-1129.3827,9,240.66104
-1057.6238,19,240.661103
-987.2205,2,240.682615
2962.0034,72,240.682711
-1837.781,7,240.694667
-1868.6602,10,240.694754
250.61444,30,240.71571
-1143.1384,4,240.727129
-1557.2115,10,240.727193
-3556.2769,40,240.739194
-1040.3516,2,240.739253
-1031.11,4,240.739269
-773.9498,17,240.753006
-1187.886,6,240.766995
-1041.0577,2,240.786511
-388.46704,42,240.802796
-1339.1367,32,240.802856
-780.12915,15,240.823761
-1290.4017,8,240.862517
-1118.4564,6,240.862564
-1358.9092,23,240.88216
-1973.9762,53,240.882238
-1982.771,24,240.882258
-1245.5326,5,240.882268
-1008.5686,7,240.895857
-2400.4355,14,240.909272
-3964.6704,16,240.909356
-909.36487,4,240.92509
-1379.2139,13,240.925187
-1833.7208,9,240.954049
-1024.2058,2,240.954144
-1111.7838,6,240.970465
-2793.9658,16,240.993903
-2287.9177,7,241.014967
-909.35364,9,241.015066
371.38306,68,241.028601
125.33826,46,241.028689
-1055.0157,2,241.028707
3688.3403,77,241.056984
-2866.9756,11,241.057045
-1330.707,10,241.067972
-1449.3687,18,241.080426
-1476.679,12,241.096373
-1215.3192,6,241.096829
-1007.0418,7,241.149669
-1081.0995,11,241.180094
-2799.277,52,241.206376
-1034.2495,3,241.206444
-1397.1144,15,241.20646
-1338.9418,30,241.206466
-1882.4478,32,241.219183
-1028.1255,3,241.246065
-1336.94,19,241.246148
-4288.36,22,241.266582
-1884.0591,14,241.266663
-1053.6298,5,241.30491
-1023.0823,3,241.318379
-1361.5375,17,241.331719
-1095.2618,5,241.331853
-2296.685,41,241.331867
425.7882,70,241.345139
-1882.2216,16,241.345208
-1758.4615,6,241.362979
-1639.4763,11,241.383768
-1252.4858,35,241.414506
-924.5029,5,241.424665
-916.86255,7,241.424732
-2731.7974,12,241.42475
-1901.0342,7,241.424758
-928.53625,28,241.434464
-743.3462,34,241.45954
-735.0643,13,241.481565
-1528.183,6,241.493498
-847.4591,21,241.493554
-1100.8607,4,241.504673
-936.9603,9,241.515284
-1580.6831,80,241.547474
916.68494,46,241.547535
-1091.4513,4,241.562325
-2252.871,41,241.595695
-2498.253,14,241.617164
-1006.1812,6,241.654131
-874.2981,8,241.668336
-1407.9952,20,241.693192
-1163.6298,21,241.704087
-3173.6924,41,241.749949
-2144.7192,20,241.750016
-260.49023,56,241.792414
-1625.0374,10,241.803526
-1562.273,34,241.803595
-2607.7246,37,241.81433
-968.689,3,241.841184
-755.17285,25,241.841261
-1054.87,2,241.841293
-88.10669,85,241.841302
-1712.0519,9,241.854504
996.83795,115,241.893169
-1077.9349,6,241.917765
-1667.8379,49,241.9293
-1401.305,12,241.941872
-1556.3347,35,241.941937
-2349.0857,25,241.951857
-1062.044,49,241.962674
573.4437,67,241.977542
-1064.0624,3,241.97761
-1667.6216,52,241.995674
-953.3862,7,242.032452
-3156.9482,31,242.087815
-2456.415,16,242.09839
-1902.6902,6,242.106662
1778.3787,74,242.116406
-1454.0612,53,242.146086
155.96545,41,242.165493
38.93579,46,242.176694
-281.39764,37,242.197787
-2066.9048,17,242.208299
-199.48975,27,242.221339
-1528.9575,9,242.221404
-1123.3274,5,242.221421
-868.10223,3,242.2326
-2294.687,18,242.243378
-2633.33,37,242.243428
-3136.3857,27,242.264326
-1561.095,14,242.26441
-1368.5634,21,242.276349
-1859.6874,9,242.276413
-2437.5952,27,242.289116
-1757.9614,15,242.300663
-1029.0249,2,242.320978
-454.52594,40,242.332947
-864.04517,5,242.333016
-1395.6487,12,242.34395
-543.95703,89,242.378344
-976.0483,10,242.37841
-895.5087,8,242.378426
-1140.9626,5,242.400075
-2925.752,15,242.410521
-1303.1635,13,242.422384
-1125.2574,4,242.422485
-929.839,36,242.437449
-2536.4702,12,242.458777
307.57117,41,242.474185
132.07678,28,242.47425
-1236.069,5,242.474267
-1234.4536,77,242.489102
-2105.5366,23,242.489181
-2182.5151,8,242.522319
-1476.9628,12,242.522387
-866.31226,37,242.522404
718.71014,56,242.554228
-1131.5435,26,242.565382
-992.3826,6,242.58708
-1063.6212,3,242.587143
-983.8274,7,242.599542
-1466.7432,11,242.61136
-1143.0942,5,242.643668
-1163.7892,8,242.657303
1017.04913,39,242.672694
316.44788,66,242.672769
-1389.4219,6,242.684381
-45.012695,53,242.684479
-1802.2013,19,242.714019
-2698.9612,22,242.72876
-1335.5558,4,242.728813
-1196.0898,43,242.758859
-2072.7915,24,242.773283
-1400.6812,9,242.782626
-373.4214,48,242.793167
-1735.4756,10,242.804198
-1080.1885,6,242.804264
-1061.8027,3,242.817457
-833.5664,29,242.828877
-1500.0059,20,242.84326
-1807.3721,12,242.843358
-1033.9653,2,242.858036
-1359.3293,21,242.871017
-1012.6325,3,242.890924
-1012.49756,6,242.904299
-1248.8079,8,242.904373
-1065.1407,7,242.904389
-1073.662,56,242.918023
-988.20264,5,242.93048
-3078.7153,12,242.930605
352.1222,44,242.965703
-2605.357,19,243.00046
-1507.0765,52,243.000534
-1072.0024,2,243.033884
-884.07513,8,243.033967
-1125.689,7,243.047476
-1364.3778,5,243.047552
538.45575,29,243.068158
-960.3237,10,243.080336
-2894.377,14,243.104108
-2738.6304,15,243.104181
-2151.032,5,243.12605
2236.4854,58,243.136217
-1103.5498,5,243.159987
-1894.6719,7,243.183291
-1107.5154,20,243.183364
-383.35083,57,243.183382
-965.4306,14,243.217661
2185.7402,126,243.217741
-2794.4084,38,243.235831
-1011.08,2,243.249687
-1230.8157,19,243.249771
-1701.753,11,243.261382
-1340.8241,11,243.296045
-440.37708,23,243.320019
-1099.5176,9,243.334679
-2307.0986,33,243.348526
-2182.5796,44,243.348585
-1861.4282,23,243.359738
269.92627,34,243.382547
-504.45526,52,243.382604
-1161.7208,4,243.382619
-1949.9575,17,243.39368
795.6636,45,243.406586
-1803.4713,73,243.417741
326.40375,69,243.417825
-2842.441,15,243.432585
-778.2462,9,243.432664
-1275.005,6,243.43268
-882.74646,4,243.448941
1589.3555,79,243.44902
-197.68079,32,243.449038
-1050.2817,5,243.449046
-1028.997,3,243.449052
-911.29956,25,243.449057
-1039.9799,4,243.471768
-1077.4473,4,243.504335
-2719.5703,12,243.504408
-1007.5801,5,243.504426
-1713.1758,11,243.528674
-228.19489,51,243.528775
-2416.995,15,243.539511
-1387.2673,9,243.539571
-982.6096,4,243.550413
-1358.9409,29,243.550506
-2310.4214,10,243.561807
-1037.429,8,243.575235
-1531.0764,4,243.590543
47.671143,24,243.607131
-1103.5312,8,243.607208
-1035.1649,6,243.607227
-998.09863,9,243.667114
-1832.2849,7,243.71535
-1643.5217,9,243.715488
-1198.265,25,243.738673
-3339.7915,7,243.807665
-2417.377,24,243.82438
-1004.7525,14,243.84972
-1627.4175,26,243.849792
-1140.3712,4,243.862992
-1082.6532,17,243.899295
-3316.898,21,243.910686
-2050.2847,24,243.930832
-1165.801,5,243.964736
-1274.8162,8,243.964821
-737.5475,31,243.986776
-1993.0865,69,243.999751
-1080.0922,6,244.031198
-1403.9862,11,244.031261
-1014.5289,2,244.064976
536.8694,55,244.065052
-999.572,5,244.0862
-1851.3843,15,244.08629
-1388.3955,7,244.097164
-1098.9005,2,244.111656
-228.27429,61,244.1239
-416.89655,27,244.154345
-1298.6504,17,244.166925
-1123.0254,5,244.180024
-1309.2053,8,244.180137
-1515.4349,14,244.180175
-1107.2716,3,244.199908
-1031.874,2,244.210325
-1564.2885,31,244.210418
1277.8599,51,244.22067
-1879.2307,10,244.232803
-903.62726,3,244.232873
411.99036,41,244.232891
-538.2844,44,244.232899
2754.378,68,244.232904
-1151.5532,5,244.289656
-1838.8704,58,244.301903
-1080.494,8,244.302245
-1681.7832,17,244.302272
1481.0635,81,244.322874
49.2312,26,244.322933
-1040.9948,2,244.322948
-1191.4065,8,244.393946
-4419.405,67,244.409303
-1127.1246,3,244.434577
488.0813,68,244.434648
-2383.0464,17,244.443474
-1389.4062,21,244.496502
-974.83374,2,244.523175
-1641.8889,25,244.523244
-1106.8876,8,244.537882
-2137.1284,70,244.537961
-2301.9468,163,244.537978
-495.3131,24,244.537985
-1142.3921,26,244.546885
-665.0314,18,244.560689
-77.27515,35,244.570854
-1494.0591,35,244.605153
-1043.7068,5,244.605257
1388.9858,59,244.618217
-1230.4554,7,244.618277
-1746.7551,8,244.630491
-1249.1302,6,244.646003
-1392.1078,19,244.64609
-486.16803,47,244.646106
794.3866,47,244.671879
-1592.26,18,244.671953
-1011.4278,7,244.69572
-2220.445,9,244.727968
-1330.8832,15,244.728046
-1371.1987,9,244.739618
-1039.4382,2,244.766418
-1676.6924,36,244.766501
-1766.731,35,244.777971
-1549.6792,10,244.778042
-890.4436,5,244.828419
306.59912,52,244.841663
-1980.3177,49,244.853753
-2223.8406,45,244.874527
-329.9687,29,244.889091
-1653.364,21,244.900471
-1069.5277,2,244.900539
-1820.8035,11,244.91473
-1585.5101,7,244.914791
-878.18774,26,244.944696
-3905.109,24,244.944805
-803.12964,50,244.95549
-1042.7324,6,244.969119
320.82922,31,245.045632
-1538.2087,18,245.062364
-896.68646,51,245.062436
1365.2137,100,245.082291
-636.37195,46,245.096932
-3304.3918,47,245.126715
-203.14417,34,245.153272
-2967.0193,20,245.166016
-1192.976,8,245.373248
-768.2828,18,245.385527
-1639.0372,10,245.385585
-1160.0162,5,245.40743
-913.85156,3,245.407489
1465.1605,83,245.4231
-116.239624,26,245.423167
855.0553,34,245.457652
-1316.6765,16,245.481676
-2386.872,51,245.525913
-1182.9125,46,245.538102
-1574.9912,11,245.538167
-788.3336,11,245.54856
-4783.4375,11,245.548914
-1074.4357,2,245.55998
-1649.8022,16,245.572615
-1077.4253,2,245.600367
-533.48944,52,245.600451
-1352.9199,8,245.634582
-1047.522,7,245.645121
-979.8596,6,245.645182
-2675.3936,16,245.65759
-1698.4092,42,245.667973
-1023.4572,2,245.691284
-1669.3418,62,245.691343
-3746.41,44,245.714137
-1594.111,15,245.726848
1253.1696,71,245.726915
-915.61414,29,245.738231
1240.6436,80,245.748574
-981.3568,6,245.760498
-2337.7876,39,245.771238
-934.6605,4,245.771306
-946.6746,3,245.801072
-3039.756,22,245.812129
528.4042,59,245.827138
-1429.733,57,245.838848
-1465.6588,3,245.850461
1546.51,43,245.872239
-1557.8201,23,245.872295
-1046.4888,5,245.883968
-454.15955,22,245.894226
-1390.2489,17,245.905575
-3396.3066,12,245.905639
-2045.0667,9,245.905656
-2995.6836,24,245.928339
1870.7666,55,245.928408
-1078.4774,4,245.937913
-1155.6776,4,245.952115
-466.19513,89,245.952168
-1073.5197,2,245.952184
-1179.6194,4,245.952192
-1141.8588,40,245.952197
602.5962,73,245.962423
-1103.572,3,245.976775
-110.51587,48,245.976857
-524.5767,29,245.976874
-951.19183,20,245.990208
-1478.3044,4,246.003721
-1012.28754,2,246.003795
-1147.8463,4,246.003814
-1030.1309,29,246.028715
-1412.7993,26,246.041008
-1208.2927,37,246.067636
-1401.7544,12,246.082273
-1478.284,8,246.093883
-2042.5532,19,246.104312
-1960.9407,14,246.127661
-1062.9492,3,246.139346
-358.57776,46,246.151862
-1118.5994,6,246.151923
-317.63165,35,246.170456
-611.31036,23,246.170748
-2142.0386,14,246.181691
-970.4002,18,246.181753
-1098.8219,8,246.197912
-1029.7227,2,246.197979
-1792.5745,17,246.241857
-1172.5499,21,246.266803
-1004.2826,2,246.26687
-1283.0767,11,246.289056
-951.8717,8,246.289124
-1970.98,14,246.323853
655.4922,37,246.323909
-2134.5605,13,246.335918
512.57184,31,246.335998
-895.7303,8,246.360712
-1746.2074,15,246.360797
-1103.3093,4,246.386267
-1120.6428,3,246.397073
-1021.82355,4,246.406759
-1179.3485,90,246.406815
901.77905,36,246.41749
-2399.9668,24,246.428554
-2517.3389,7,246.462316
-3194.217,53,246.474101
-1201.9752,52,246.474169
-1235.7695,6,246.48705
-3510.2017,27,246.487135
-222.73499,43,246.499991
-1111.8296,7,246.509687
-3201.2803,17,246.520173
-1921.4678,11,246.531978
2174.1006,68,246.532054
-314.69586,40,246.543618
-682.9094,37,246.5664
-1169.1768,8,246.585019
-1069.993,57,246.594385
-1222.4867,7,246.615616
-1749.6243,12,246.615692
-1038.2037,7,246.61571
566.2472,21,246.649408
-1044.3208,3,246.649482
-806.5852,60,246.684175
-1953.7529,12,246.684234
430.13074,55,246.697263
-1658.2847,10,246.717117
-1124.2214,9,246.730429
-1173.1505,22,246.730482
-992.95245,3,246.730496
-1161.6932,9,246.762852
-1788.7759,21,246.775858
-1050.2664,4,246.775932
-1076.5288,4,246.818286
-635.26514,27,246.818355
-1596.3503,14,246.818373
-2032.8912,21,246.830447
-3735.6934,13,246.861172
584.557,72,246.874012
-773.72174,33,246.886629
-2886.4001,32,246.898463
-964.5569,4,246.946165
-1287.0249,51,246.946242
-706.9675,19,246.946265
-3148.374,64,246.958229
-1257.2046,12,246.968284
-2062.568,9,246.968362
-2046.6552,18,246.980002
-1058.0343,24,247.010897
-1010.19293,5,247.0231
-4069.4734,18,247.032885
-2169.3777,36,247.044404
-2704.8372,9,247.056817
-249.07141,65,247.05688
-672.99884,31,247.056895
-1435.4451,11,247.068558
-1105.728,3,247.081351
-535.3767,18,247.094932
-1047.2769,4,247.106033
-1109.0721,3,247.106122
-2539.9268,13,247.116478
-1477.5365,25,247.11681
-3452.9985,17,247.141186
-1054.3403,2,247.141259
960.87317,73,247.155393
-2699.0156,10,247.155459
-18.375854,27,247.155483
2088.4556,64,247.155492
-1221.0623,33,247.16438
58.612793,50,247.164444
-1273.7151,21,247.184489
-1118.2803,5,247.214538
-1747.0587,11,247.227631
-1532.8397,20,247.239938
-725.30676,65,247.240016
-960.4272,8,247.252312
-718.2394,20,247.252371
-1482.726,13,247.30012
-1481.9572,19,247.313675
-1096.0765,5,247.313757
-2091.2188,13,247.338404
-1001.9103,4,247.360984
-987.2068,5,247.372642
-1448.6604,12,247.372719
-1110.1893,3,247.406132
-1342.8015,22,247.406187
-2932.2026,31,247.417452
-3708.4204,24,247.427878
-1065.7308,2,247.427926
-1581.7427,13,247.448643
-1010.6986,3,247.448769
4541.2,97,247.461253
-1044.8619,6,247.472494
1833.3818,64,247.472552
-2563.9893,20,247.486957
-1122.6213,3,247.49934
-1010.389,2,247.49942
-1021.7478,5,247.512916
-1100.2195,37,247.512987
-1072.412,3,247.540159
-1053.63,2,247.540211
-802.03064,35,247.553301
-342.10504,38,247.553364
-583.4044,36,247.564761
-1281.4286,8,247.57806
-1087.1534,3,247.578115
-2478.0479,12,247.600402
-1075.5364,20,247.612232
1268.5236,63,247.612288
-3124.202,34,247.625205
-1046.9205,2,247.638969
1841.4092,117,247.650422
-1384.9299,27,247.660563
-1663.141,7,247.660615
-4658.7607,20,247.672191
259.01672,61,247.694743
-2757.27,28,247.694821
261.62378,40,247.715956
-1537.0568,20,247.732163
-1213.239,26,247.751554
-1896.0336,7,247.751718
-1041.6869,3,247.762122
-1035.9208,6,247.775694
-1785.6646,6,247.77577
-1555.9232,4,247.799959
-1041.4863,2,247.800043
706.56616,56,247.822101
-891.3501,7,247.82217
-1745.2549,14,247.834301
-246.28882,24,247.847989
-1377.2554,20,247.848065
-1768.9811,26,247.87036
-977.1726,2,247.870447
-3074.9946,18,247.870464
-2223.8882,14,247.923556
-1782.9016,20,247.923615
-969.5788,5,247.936677
-1221.8168,30,247.936752
-2700.2834,10,247.951882
-989.7588,12,247.951976
-1353.7612,14,247.973245
-1760.4863,9,247.984073
1265.2297,77,247.984145
-1610.9158,6,247.996621
-1780.28,20,248.006871
-1076.1361,4,248.021508
-1154.9553,3,248.021589
-695.33545,32,248.036179
-1219.4377,17,248.061471
727.16626,47,248.082569
-2242.7983,6,248.101664
-635.5222,48,248.11309
-815.95435,24,248.127668
-1520.5449,8,248.127749
-1279.4888,29,248.141451
-1511.6902,16,248.14151
-1737.8896,16,248.152251
-1047.2168,43,248.165275
-1028.5953,51,248.175367
-1029.0775,2,248.199809
-468.22156,52,248.224452
-1163.812,9,248.248923
-2684.7007,13,248.249002
-2685.794,10,248.261321
-1014.55804,2,248.274802
-3345.2483,14,248.274879
8.592407,34,248.2958
-1471.3411,11,248.295872
-89.230896,30,248.30655
-1377.1157,9,248.329156
-971.8457,5,248.350248
111.61487,62,248.376738
-1213.1276,26,248.376801
-1486.0544,15,248.376819
-139.99115,45,248.388877
4227.707,105,248.388932
-2966.7327,12,248.398456
-517.7223,34,248.411792
-1398.1128,3,248.420594
-1744.3301,15,248.469373
-991.7478,29,248.469441
632.30676,38,248.469475
-549.42035,44,248.480554
-1218.2783,13,248.500096
-1184.2446,5,248.529937
-2888.0107,33,248.542113
-379.37238,25,248.5623
214.17651,54,248.575981
-1035.6309,3,248.5978
-3100.6562,11,248.60884
-948.9858,5,248.665505
-114.4801,32,248.691028
-2519.4678,54,248.691115
-1749.4519,6,248.691132
-857.6262,23,248.703016
1733.9028,60,248.716534
-1060.7131,2,248.716588
-1468.5591,4,248.742294
-1851.6862,5,248.768057
-863.3658,20,248.778415
-314.26392,30,248.778727
135.0846,38,248.791399
-873.07056,35,248.803641
-88.12933,36,248.814477
-2105.2104,8,248.814528
-914.1617,7,248.826076
-871.8603,6,248.8383
-1470.2891,59,248.838359
-1104.2185,38,248.838376
-848.04083,4,248.848812
-821.7964,52,248.872413
98.51544,29,248.892288
-1560.4469,11,248.918716
-980.587,9,248.947051
-1383.1132,22,248.987313
-1222.1199,14,248.987397
-1056.6649,3,248.987419
-349.4505,27,248.998791
-966.4503,51,249.014949
384.7672,145,249.015016
-1612.2969,15,249.015069
-1287.352,8,249.027176
315.90894,76,249.04458
-252.98572,38,249.056506
-2548.3223,13,249.06882
-1379.1914,48,249.068894
-1040.6342,6,249.068913
-1702.797,5,249.08008
-1100.2646,4,249.080144
-900.68427,7,249.080226
13.82312,46,249.080249
-1154.0975,4,249.117582
-1117.0453,8,249.117686
-1378.2518,11,249.130258
-1180.8585,4,249.130316
-1069.9631,4,249.130332
-316.8153,29,249.142509
-1086.3729,6,249.154071
-945.6409,7,249.200056
-958.2309,7,249.200115
477.0074,61,249.230352
-1941.3502,19,249.238976
-3390.5576,15,249.249049
-1264.3866,11,249.268377
-3155.833,40,249.288602
-1742.5718,18,249.288675
-908.3712,11,249.38316
-2449.6265,45,249.38322
1292.7892,56,249.39606
-940.0136,9,249.396116
-1078.4427,2,249.419684
-1580.1787,23,249.431826
-1132.376,24,249.431889
-1079.5845,2,249.452343
-24.531006,34,249.452399
-1414.0815,14,249.463623
-1034.4285,48,249.489508
-1113.8711,4,249.489569
-3174.5913,99,249.503442
-1013.9516,22,249.523976
-1015.0362,29,249.535237
-1829.2467,22,249.545986
-947.39374,4,249.546048
-1023.2303,56,249.556614
-941.39197,7,249.55668
597.67883,38,249.569058
1211.4933,93,249.569123
-1876.3934,35,249.579629
-1039.8986,2,249.60534
-977.3607,7,249.618946
-1666.1866,14,249.630333
-1628.3624,8,249.641718
-1014.57275,48,249.65475
-1208.06,8,249.667225
-1301.0421,31,249.6673
-1845.7954,12,249.667318
-3068.1348,18,249.678588
-935.7989,3,249.694064
-1302.863,38,249.694132
-1232.1874,7,249.70443
-1067.8529,2,249.716375
-866.3826,25,249.716424
-1013.7866,3,249.716438
-1227.2622,6,249.716444
-1174.4484,5,249.734843
-1039.5916,5,249.765499
-1033.858,5,249.788154
-4628.4326,20,249.802655
-240.43658,30,249.814204
-1766.4546,8,249.814556
-2092.9683,11,249.845726
-997.0814,5,249.867151
-234.81775,83,249.881685
-1289.5919,7,249.881757
2292.3928,84,249.906689
-579.0487,25,249.906784
-1880.8558,6,249.920384
-2114.3862,17,249.920459
-1046.653,4,249.940793
-1053.5413,3,249.952292
-885.9076,31,249.952392
-1129.7417,3,249.964973
-926.82385,21,249.976519
-1140.8921,4,249.988674
-732.49243,49,249.998316
-1583.9026,38,250.024865
-1075.4082,3,250.024926
-1018.0422,3,250.036368
-2202.0366,12,250.057758
-888.67706,33,250.070128
1010.8335,69,250.070218
-1817.4341,37,250.081489
-1044.1697,5,250.081542
-1063.2653,2,250.09157
-2110.1865,10,250.091625
697.86725,46,250.103261
-1059.2163,3,250.113673
-1038.3992,2,250.127492
-933.1046,15,250.127906
-498.36374,24,250.158437
-881.4426,9,250.158496
-1153.0565,8,250.167699
594.9665,34,250.191396
-1834.0493,12,250.202535
-958.70447,23,250.213994
-61.44922,36,250.236584
-1129.2361,70,250.236669
-2904.0264,24,250.236685
-990.97754,3,250.246101
1180.8274,50,250.256774
-996.62256,50,250.296139
-1471.8362,34,250.29623
-1905.3647,12,250.306823
-1937.5659,24,250.317879
-1862.7534,69,250.336152
-1492.7924,8,250.347083
-3773.6826,107,250.400677
-176.55066,26,250.411561
-2405.1401,7,250.411633
-1500.7224,9,250.42447
1492.5134,76,250.618975
-1011.44214,2,250.619025
-1986.7631,26,250.61904
-2371.1577,12,250.63144
-1476.4218,25,250.66377
-1561.8235,23,250.663846
-1283.0276,13,250.674113
-1414.4795,40,250.684994
-1308.6787,7,250.695504
-1066.7871,2,250.695557
-4481.601,50,250.709166
478.4723,31,250.720592
-1330.2649,6,250.73176
-1100.7031,3,250.764051
-1161.3789,8,250.775277
-4066.3643,13,250.807848
866.71356,32,250.820683
-915.449,9,250.820749
-2781.5703,21,250.841207
-1732.6038,5,250.883683
-271.1955,24,250.895202
-1369.318,11,250.907844
-2141.9675,8,250.907924
-532.53467,29,250.918175
-1045.8022,21,250.951076
-881.49457,7,250.969345
-1681.074,38,250.980899
-1054.1335,7,250.992779
-998.0547,2,250.992842
-1685.5122,49,251.015017
-1219.5818,54,251.038174
-3073.176,62,251.050499
-1815.5239,13,251.076473
-89.01672,41,251.102334
-292.8241,29,251.116378
372.04688,36,251.133119
-2636.147,14,251.1931
-1032.638,5,251.193173
-762.14685,48,251.20697
-1004.3936,5,251.207047
-1161.5435,5,251.226422
-1604.3638,18,251.272446
-1040.2441,2,251.27287
531.38904,79,251.38523
-2025.9688,5,251.416693
-3123.49,110,251.416778
-74.106445,54,251.416796
-1020.29395,6,251.445027
-1880.3904,25,251.445133
-1982.5718,11,251.481436
1118.1815,40,251.500551
1173.577,74,251.500621
-919.0682,37,251.537194
-1307.2218,27,251.556645
-1739.689,18,251.569383
-2154.727,10,251.582464
-1673.1896,12,251.607954
956.29895,61,251.62137
-1977.7715,21,251.621472
-1592.6085,14,251.64642
-1598.6313,8,251.657186
481.85938,55,251.679385
-2261.5757,18,251.679445
-1198.0089,6,251.690939
-1236.878,7,251.703906
-2706.4106,19,251.703987
-582.3534,46,251.704009
-653.9159,14,251.715173
-451.86224,43,251.763112
-941.7574,6,251.774889
-1342.2013,18,251.786412
977.02936,44,251.798429
992.7217,52,251.830933
2048.432,102,251.902268
-1430.3293,21,251.932068
-1079.4417,2,251.964135
-2006.6439,13,251.964233
-1357.9734,15,251.979013
-2061.6875,22,252.004493
283.94995,39,252.004557
-1332.1887,74,252.004572
-967.13513,3,252.029865
-786.8032,26,252.081787
-1253.9432,31,252.096302
-1045.2218,5,252.096359
-1112.2578,4,252.096375
-470.59668,38,252.11001
1369.5782,117,252.125233
-835.06433,6,252.125333
-1142.4773,3,252.153233
-1969.6677,25,252.166047
-1042.4946,10,252.166121
-1095.989,5,252.177836
-1473.8281,53,252.177907
-1363.5071,4,252.177939
-1671.0991,7,252.200391
-256.39252,52,252.217091
-662.6218,35,252.217146
-1165.9286,4,252.21716
-1160.3678,5,252.217167
-978.52966,5,252.243235
-1369.0608,13,252.27145
-1174.9252,5,252.284072
-2134.0403,7,252.296905
-2922.2231,8,252.317589
-5194.5054,48,252.317666
-604.1548,27,252.317685
1054.7848,73,252.338512
-2080.6382,15,252.338593
-1062.7584,46,252.338615
-1051.2449,47,252.371906
-1940.8462,15,252.386168
-2120.792,7,252.386229
-748.75854,20,252.409588
-1633.5482,57,252.410106
59.915222,27,252.431279
-925.5939,5,252.443153
-1605.8892,68,252.453186
-59.659912,42,252.466891
-1630.4482,12,252.466963
-1133.9333,6,252.466981
-3244.6492,51,252.515343
-1074.7097,3,252.515403
-1342.8677,10,252.53001
-1529.3265,5,252.530081
-1154.4064,22,252.530097
-1057.6539,3,252.56682
-970.8001,4,252.625495
-1409.4365,8,252.657689
-1793.2734,13,252.69487
-817.1639,23,252.694935
-2681.3423,17,252.694947
-1328.4346,17,252.717966
-1524.3027,5,252.744399
771.9617,37,252.765045
-1047.4801,4,252.796181
-982.20703,19,252.79628
10.956787,32,252.806298
4398.1934,176,252.843455
124.20801,32,252.885528
-2444.4995,8,252.909276
-2519.6055,14,252.921849
-263.72034,25,252.944304
-1506.8568,13,252.957902
504.67157,32,253.002091
-3638.2476,18,253.022902
111.88684,63,253.035561
-1562.2488,56,253.035633
-1930.2253,11,253.06766
74.52466,56,253.091832
-1396.6157,6,253.114943
-956.478,8,253.11501
-1118.8121,5,253.174316
-901.604,17,253.174405
-1608.4126,5,253.199303
826.9043,57,253.258011
-1017.34796,2,253.25812
-586.77527,35,253.292301
-810.14795,31,253.292385
532.65875,44,253.292404
-1489.9401,13,253.337905
1197.053,58,253.338228
-3498.134,59,253.338263
-1514.5619,4,253.40022
2638.1865,57,253.43163
476.6289,49,253.431787
-2044.1204,21,253.463538
-2243.7778,20,253.463727
-1558.9714,28,253.514298
-1095.5916,3,253.536736
-928.2631,8,253.536823
-1567.8599,5,253.567376
-2319.4558,45,253.567465
-845.07495,38,253.596115
-933.4708,4,253.62101
-1364.9337,43,253.621088
-787.32764,6,253.621104
-3176.8926,21,253.632896
-984.6315,3,253.632964
-974.4402,51,253.632982
-1117.7104,14,253.667797
-922.2933,5,253.685276
-1025.184,4,253.685374
-425.20013,41,253.723461
-1026.6558,2,253.748928
-1898.7925,8,253.748994
-1468.9253,21,253.761605
-310.377,21,253.774971
-946.94305,5,253.809844
-1183.9084,4,253.809988
-1145.5751,31,253.823304
-916.67017,35,253.8234
-1004.1676,11,253.833959
79.96301,41,253.864726
-368.45673,25,253.864795
-623.76666,19,253.876443
-825.6187,65,253.89175
296.81165,34,253.891829
-319.61707,34,253.891847
-891.01404,5,253.891854
-1185.0259,6,253.891868
3470.5686,92,253.891873
-1102.3652,3,253.926117
-1011.94147,5,253.94728
-790.6006,5,253.947366
-1639.4358,27,253.970068
374.6422,108,253.990247
-951.74567,5,253.999835
-1871.3577,13,254.021999
-1423.215,49,254.047389
175.7331,31,254.061471
-886.9241,15,254.061572
-1041.1646,4,254.073394
-2422.1562,14,254.084733
-1177.054,3,254.126159
-1581.5812,16,254.158229
-1093.807,7,254.158298
-1139.4415,27,254.171699
-3014.509,16,254.188101
-917.1422,27,254.188191
-2323.7622,5,254.200109
-717.83105,60,254.200178
-2112.663,16,254.210611
-476.96844,27,254.210676
-3312.1138,28,254.223242
-1699.7008,37,254.22334
-961.3823,3,254.254214
-1045.7115,3,254.296096
-2556.9834,11,254.296162
-937.85846,7,254.296179
-1852.0386,49,254.319767
-3307.6938,14,254.340703
-1107.9889,3,254.385821
-1319.8204,22,254.395823
-1580.3784,8,254.435687
-1683.8159,21,254.459654
-597.5552,44,254.459723
46.670593,34,254.459742
-870.411,3,254.474727
-1110.0903,9,254.507968
-1121.9564,3,254.508048
-3573.0366,25,254.508067
-1870.7041,16,254.520472
-1273.1675,7,254.553516
-1197.0549,4,254.553585
-529.17004,21,254.574605
-1314.5948,32,254.605616
-911.91693,8,254.605696
-1590.5422,16,254.605714
-1435.979,30,254.605722
713.6174,41,254.616964
-1133.8289,4,254.629956
-112.8288,42,254.630029
-1488.2544,11,254.652715
186.7843,65,254.652804
-903.83435,5,254.686546
208.78467,40,254.709913
-5479.09,16,254.7418
-1021.63245,6,254.755327
-1049.1677,2,254.78253
-1801.4194,11,254.782587
-1103.4987,6,254.782602
-3455.7095,15,254.782609
3130.9087,81,254.806684
-1069.6532,3,254.827808
290.13788,27,254.840022
-855.54193,18,254.851044
-444.44482,46,254.881925
1286.0826,105,254.893456
-1036.0312,5,254.903979
3948.17,100,254.916279
-925.53394,26,254.916333
-316.0736,27,254.926502
706.83484,119,254.949859
-1288.471,14,254.94993
665.8609,30,254.962081
394.15405,60,254.972318
-33.44812,30,255.006781
-1085.3754,9,255.006855
-1245.0148,6,255.018443
-2167.6196,18,255.045572
-2552.6448,10,255.045675
-2610.4614,11,255.045689
-974.39685,4,255.069988
-1244.179,50,255.07006
-1348.6063,8,255.109745
726.6904,121,255.109837
94.21411,50,255.171768
-1896.3889,5,255.183058
-1928.1947,11,255.1991
-239.34668,20,255.213803
-1999.2908,17,255.247498
-923.43365,5,255.247573
-3910.4878,10,255.262214
-3733.3713,62,255.262287
-1151.8561,4,255.309701
-495.68835,35,255.373902
-1050.606,33,255.37397
332.33557,47,255.458264
-1887.4454,44,255.458346
-1085.4823,24,255.487426
-1448.2559,13,255.51377
-2644.3132,16,255.571317
-981.4999,11,255.571389
-486.64566,67,255.603208
-1658.6375,54,255.632335
-1675.2761,10,255.632407
-1317.7512,102,255.668249
-6698.1655,34,255.668317
-1170.7554,5,255.702535
-1202.9393,5,255.702592
-1061.1339,4,255.716519
-232.87585,47,255.74197
-976.8272,5,255.783301
-837.5713,57,255.783387
-1386.29,11,255.838941
1087.791,33,255.911225
-3827.0083,26,255.911313
393.21515,37,255.938608
-992.13043,7,255.96831
2078.9507,75,255.968405
-763.4462,24,255.968421
-1603.3494,14,255.999636
-957.9472,60,256.101785
-1806.6455,28,256.138866
-1060.4133,5,256.163597
782.3956,149,256.191669
-150.27167,77,256.191771
-1141.6498,33,256.226116
1185.7655,60,256.287573
-1067.6248,5,256.321903
213.33777,23,256.349733
-1167.3759,9,256.374366
-2967.5654,16,256.374462
-2619.4563,20,256.397254
-1103.8575,36,256.450342
-3038.474,17,256.450449
-788.32983,22,256.551227
-1046.743,9,256.562552
-1708.9275,16,256.586467
-1590.1079,31,256.586554
-2446.1416,24,256.58658
-1951.0841,16,256.615598
-268.84674,51,256.615664
-965.3565,20,256.615681
-92.94849,29,256.627814
-311.766,66,256.627889
-1162.3116,4,256.640239
-841.0977,22,256.654408
-3583.4307,42,256.654497
-1047.1725,2,256.654523
-1193.298,18,256.676218
-1838.1245,7,256.676276
-1727.7515,5,256.676291
-1034.0609,6,256.68844
-2017.5443,9,256.688525
2158.192,74,256.710898
-978.7188,3,256.72989
-2778.5337,19,256.741992
1769.4536,86,256.766567
-1279.2358,7,256.76664
-1034.7782,13,256.7781
-1062.938,9,256.788906
-2184.3882,6,256.827323
-1531.5559,18,256.827412
-1081.785,12,256.839628
-1119.5216,3,256.864034
-1595.594,16,256.864093
-1754.3745,6,256.895491
-1020.0926,2,256.927405
-666.1036,36,256.927529
-3548.7344,35,256.958328
-1571.7659,13,256.958434
-294.27875,38,256.977317
-1076.3124,2,256.99654
158.8006,51,257.026305
-1892.7485,21,257.058626
2069.3953,76,257.058997
-1678.5793,14,257.126966
-1917.8627,31,257.127037
-723.3683,60,257.127054
-2060.9246,17,257.211277
533.4595,51,257.4521
-1009.3911,4,257.452397
-619.5906,25,257.452431
677.85205,87,257.552243
-1132.6707,4,257.552318
-5749.1743,43,257.702109
-1061.2224,18,257.702286
-778.8561,38,257.876037
-285.48822,20,257.889797
337.5155,24,257.889877
-1809.0073,26,257.889941
-2079.2876,46,257.901042
-1067.1694,3,257.913711
-937.57477,3,257.925536
971.30566,31,257.937954
-715.96625,33,257.938045
-1441.1471,4,257.960275
983.5499,64,258.049926
-1012.9723,5,258.080451
-1349.417,26,258.120572
-2518.502,27,258.217017
-2527.334,20,258.319331
-982.2034,4,258.31945
-1058.9657,5,258.319474
-1579.018,26,258.399631
686.5207,27,258.461691
-1819.677,12,258.523409
-1472.7964,16,258.579496
-1030.5227,2,258.579896
-887.5914,5,258.645483
2429.5854,67,258.692582
-1203.5873,10,258.720898
-641.323,58,258.739679
308.82782,65,258.788563
-50.713135,41,258.802011
-1255.6027,5,258.8172
-859.80176,13,258.817681
-1127.8572,9,258.849385
-2091.4238,5,258.849569
-99.21985,51,258.867856
-934.56714,35,258.867926
-1065.0848,2,258.867945
-987.6535,2,258.895856
-2217.96,24,258.946338
-1910.0494,14,258.97378
-2097.8872,55,258.973869
-1065.5957,62,258.990592
-567.0591,53,258.990677
-1804.5637,19,259.012546
-1848.2081,4,259.040088
-542.92175,88,259.064714
-2533.154,16,259.064793
-1116.9443,3,259.064809
-1833.76,18,259.091779
-1186.479,13,259.196736
-2775.4478,42,259.217345
-1205.0363,5,259.217458
-3036.629,15,259.217483
-2201.417,13,259.217497
-690.87683,41,259.264941
-1113.4989,3,259.265043
47.954407,46,259.289208
-942.43726,6,259.322307
-1049.9644,13,259.350168
80.91998,100,259.372219
-973.7232,3,259.417342
-1770.3274,40,259.41753
-1075.4036,2,259.444061
-1328.8448,28,259.455313
-1545.7798,16,259.484282
-1790.4045,13,259.510585
-1526.8801,9,259.51066
-1568.9263,22,259.510675
-989.5299,33,259.522127
-1127.2511,4,259.563349
-3229.2285,15,259.583744
-863.5654,28,259.583807
-2197.9258,27,259.583814
-2687.9695,8,259.58382
-1387.3727,7,259.620033
42.765503,53,259.641756
-1803.8428,21,259.656581
-1626.9044,4,259.656685
-1113.689,3,259.70723
-3625.4458,38,259.70733
-1498.5273,25,259.707358
-2280.3164,16,259.780159
-2826.2012,7,259.815964
922.2108,52,259.816021
-2435.5532,45,259.829018
-3168.2786,16,259.848305
-20.342041,37,259.848776
-1834.5452,3,259.878381
-843.16187,5,259.8937
-1472.3561,12,259.89381
-1089.8926,2,259.907652
-932.8584,7,259.919338
-1264.6978,50,259.919399
-1733.304,8,259.954351
-942.9575,3,259.954413
-1224.2769,4,259.976617
-3179.9753,32,260.005123
-1030.158,3,260.005181
-2014.1438,26,260.034045
-476.01038,27,260.034101
-563.83954,30,260.034117
-1078.7482,3,260.053843
-987.02625,6,260.054021
-1569.3004,14,260.054071
-5144.414,32,260.094497
-2557.3154,53,260.09457
-570.20184,63,260.094588
-1003.4353,4,260.118156
-79.24579,35,260.144693
-1416.7843,6,260.144831
-1024.8179,4,260.159319
-1916.4397,72,260.176965
-1434.5525,8,260.177042
-2314.707,13,260.188022
-1066.8049,7,260.206907
-571.5869,22,260.237011
-2878.8977,11,260.237127
-931.2053,10,260.251406
-2436.654,50,260.265129
-1191.351,9,260.282679
-1087.4365,3,260.310328
-1751.7771,12,260.327213
3698.5938,106,260.33834
-1236.2607,8,260.357112
-1391.5364,14,260.36978
-2172.7876,43,260.369864
-2537.0532,12,260.388005
-1049.9578,5,260.388066
-920.58746,5,260.410537
-1201.8506,5,260.450281
606.7095,36,260.450349
-1010.7275,4,260.450365
2434.0774,61,260.450372
-1206.8672,4,260.463592
-1105.6788,19,260.479351
-1865.6023,10,260.49784
-354.7633,41,260.532518
-2164.9375,22,260.567109
1120.233,75,260.598455
-70.98694,62,260.617879
-1050.5261,2,260.633637
373.6405,59,260.693377
-810.0841,19,260.745569
-755.83356,31,260.828144
-2227.9546,30,260.828289
-1640.4377,13,260.828332
710.1675,26,260.84391
-2911.4092,45,260.858737
-769.24146,17,260.873138
-995.4535,2,260.873251
-253.82996,53,260.873277
-1051.0507,8,260.873285
-1056.2246,2,260.907432
-1845.1328,5,260.907475
-838.8629,37,260.94071
-2481.628,9,260.956489
-1737.1052,6,260.98429
-851.83997,58,260.984356
5.0828247,31,261.00117
-1025.4906,4,261.001345
-1026.7911,2,261.030103
-1001.4276,3,261.030247
-2225.9932,14,261.074005
-1249.553,43,261.124804
-3496.108,10,261.137069
-186.79877,41,261.182919
-1884.7405,7,261.183025
-585.62683,60,261.183058
-2120.696,77,261.183069
-1097.7329,144,261.196654
-2135.7864,23,261.211797
-1029.2289,2,261.211876
-1011.98987,12,261.211907
416.479,52,261.225731
-1799.2748,25,261.239313
-924.0816,5,261.255455
-1035.466,3,261.255535
-175.94006,68,261.272723
1160.4067,74,261.292615
-1095.7827,4,261.292685
-1419.4384,7,261.30247
-1216.5459,11,261.33732
-941.8109,5,261.361874
-2642.8262,15,261.361938
-1870.088,19,261.397809
-860.166,8,261.397911
-1208.3647,11,261.413392
-1504.7194,10,261.413455
-1009.4854,5,261.413471
-1039.3844,2,261.444492
-1540.4768,7,261.458641
-1744.783,4,261.470477
-514.80804,56,261.50512
-2781.8823,19,261.523484
-1793.084,15,261.569948
-1226.2104,13,261.582217
-1555.4094,13,261.582311
-6166.2593,31,261.627009
-875.3391,3,261.6271
-2031.0049,43,261.627116
-852.737,8,261.627121
-2392.949,79,261.656864
-2313.336,14,261.656957
-249.05103,33,261.68952
399.19568,54,261.689607
2816.894,86,261.721898
-1078.9854,4,261.721996
-1353.4658,8,261.757227
169.24817,49,261.757308
-2698.8132,21,261.795489
-986.60864,3,261.814517
-686.3439,92,261.825604
-951.0297,8,261.825671
-1121.9309,6,261.864683
66.22449,69,261.864805
-1294.5273,44,261.87866
-1575.904,31,261.890494
-1580.0935,10,261.890533
-1442.6316,10,261.890542
-3418.6084,17,261.916743
-3033.9565,15,261.916835
-1519.2721,3,261.934263
-2981.482,20,261.959558
1805.3352,66,261.959644
-1030.8572,8,261.959661
-2608.8774,16,261.959671
-1256.3047,8,261.959678
-1065.982,4,261.959684
-1102.0914,11,261.981025
-1193.9359,22,261.981081
-1111.712,3,262.003833
-2352.5146,13,262.003923
2305.055,130,262.027076
1970.5012,50,262.051462
62.9032,40,262.051538
-247.51093,32,262.063108
-1951.0277,14,262.063199
-927.5088,8,262.063218
-1826.403,14,262.063224
-823.85406,9,262.076145
-1338.898,13,262.076208
-960.484,3,262.094904
-1880.1702,13,262.135484
-998.62445,17,262.145328
-1142.4692,3,262.179316
-1485.9307,9,262.179383
-1664.8086,13,262.221669
-2315.1108,23,262.221768
615.27637,68,262.233674
-911.74426,7,262.272294
-1728.4955,14,262.272398
-1322.4133,99,262.306971
1083.6,54,262.329602
-1028.1069,7,262.340966
-2836.485,21,262.364187
-1814.2642,21,262.364233
-1052.9447,6,262.384995
-1311.5042,13,262.385051
-893.4747,30,262.429919
-1119.4789,3,262.429994
-322.73853,24,262.430014
-1152.386,6,262.465286
-2538.7551,25,262.512349
-2093.4998,39,262.531575
-368.90466,42,262.542558
-2587.3003,17,262.578614
-2321.4797,66,262.578689
-5292.8843,42,262.600973
-1910.3286,18,262.611562
-1040.9734,3,262.624233
-1702.5526,15,262.661063
-838.0414,29,262.67671
-814.46814,9,262.676833
314.5592,30,262.692652
-2044.5543,11,262.692743
1817.7368,54,262.692761
-2074.4185,7,262.718562
-1460.1184,7,262.772087
-2837.2932,7,262.772202
-772.5493,8,262.796796
-1844.677,11,262.838402
-3714.2056,58,262.838508
-1454.2471,53,262.857482
-1207.4386,29,262.857564
-1220.6907,11,262.871702
-1326.783,38,262.906561
-1077.1421,4,262.921316
-1519.1316,9,262.921378
-1170.8872,7,262.954397
-300.15186,40,262.967832
-203.85242,26,262.967903
690.8722,66,262.980976
-2321.997,15,262.981052
-1504.3562,5,262.996349
-1042.532,5,262.996409
-2273.5051,12,263.009497
-1085.9735,6,263.051347
-378.11407,44,263.064935
-1430.5088,9,263.080625
-1318.2693,7,263.080736
-957.0051,3,263.098866
-993.4606,2,263.11279
-927.8345,45,263.112874
967.9042,80,263.11289
-1095.7698,3,263.112911
-1147.2385,3,263.137058
-998.82385,8,263.137132
1020.8044,35,263.137151
-218.58746,31,263.137157
-1583.345,21,263.152398
-2261.3442,58,263.152466
-1161.5856,31,263.230758
15.864136,79,263.230848
-974.31665,40,263.247805
-788.0856,8,263.259948
-974.5707,4,263.286897
-2890.7368,10,263.286983
-23.372559,53,263.287277
-679.2174,19,263.287324
-876.3693,5,263.301101
-2054.162,13,263.301189
-1088.3314,2,263.315082
-132.74188,64,263.315171
-2109.1626,12,263.327184
-2172.8188,12,263.32725
-1033.9397,2,263.353763
772.7081,94,263.35389
-1752.4729,10,263.394202
-1302.2102,9,263.428514
-1009.0401,2,263.428689
-2128.3018,22,263.47074
-2025.3124,31,263.470831
-1042.0195,4,263.48866
-1962.7694,39,263.50172
-1892.6245,9,263.501801
-1084.4482,4,263.528962
-1345.7738,9,263.557761
-1079.819,5,263.575119
-544.672,18,263.575177
282.66638,67,263.575194
522.1268,30,263.575201
-919.8727,4,263.594948
-1205.9036,9,263.609623
-1001.97614,4,263.633431
-990.5138,7,263.670601
-575.7103,25,263.670672
-1072.9569,6,263.67069
698.4304,28,263.695337
-659.78436,58,263.730867
-1674.7576,9,263.744667
-1034.4264,3,263.76961
-3086.9028,53,263.769684
-2725.3557,44,263.812506
-1802.7219,54,263.812575
-2044.8748,11,263.844283
-1677.5261,10,263.844352
-1465.1351,15,263.907846
-21.005371,51,263.9083
-1009.17334,28,263.934778
-1025.0311,6,263.934847
-1134.5981,4,263.993448
-3275.7832,14,263.993546
-1463.1575,11,264.012881
-1942.0295,6,264.024648
-980.8524,6,264.074101
-1049.2201,8,264.105374
-87.72247,42,264.120702
-1108.582,17,264.143763
-2293.0752,28,264.155499
-974.667,36,264.178948
-998.9835,7,264.215694
-1059.1862,6,264.21581
-884.4498,5,264.235256
-3090.0713,60,264.235336
-1056.5096,2,264.247143
1489.0359,75,264.264374
244.32715,46,264.275622
-1471.1064,5,264.295999
-1264.9744,9,264.30676
-112.68793,29,264.333927
-1605.0791,7,264.334046
-1369.6001,70,264.36009
-2145.7388,6,264.360169
3190.467,70,264.376597
-1073.132,8,264.376915
-2099.3416,28,264.421554
-1115.5546,9,264.421646
-39.42102,44,264.464592
-634.4044,21,264.489773
-1494.7408,12,264.5043
-1050.6404,33,264.504369
1840.945,64,264.53154
-2095.3591,11,264.531595
-1019.5827,3,264.544135
-1626.5392,18,264.556666
547.3501,54,264.568415
-590.5762,24,264.589058
93.14429,87,264.589118
-2062.6272,69,264.619892
-1200.621,103,264.856938
-2193.8882,18,264.87164
-1499.3857,7,264.87177
-31.378906,88,264.871797
-914.54926,32,264.886162
-648.5797,21,264.911534
-329.44702,25,264.911608
-1220.654,9,264.936557
-950.25336,6,264.948398
-2125.0154,7,264.96811
-1049.7518,4,264.968189
-1691.6143,16,264.968209
-1480.5712,15,264.997011
-988.1868,3,265.010588
-2174.266,9,265.010686
324.9702,80,265.040764
2638.888,71,265.040828
-85.83893,34,265.063406
271.23383,22,265.076166
-1035.6381,7,265.076308
-1071.6193,2,265.076341
-1905.6941,5,265.098402
-1026.2938,6,265.11185
-1033.4518,2,265.11198
-1241.0095,41,265.125504
-1153.7975,28,265.145108
-1203.4868,3,265.154165
-533.01086,32,265.168046
-1588.2512,42,265.168193
-1073.717,2,265.191134
-1530.1572,8,265.191241
-833.9375,5,265.191266
-1339.3308,6,265.25153
-1445.5781,13,265.308871
-1045.2566,4,265.308998
-1918.8237,19,265.34807
-261.72858,29,265.380292
-1616.6606,42,265.400659
-653.8963,35,265.428789
-995.8846,3,265.438905
-1379.5146,21,265.46344
-1621.9558,32,265.463528
-354.33142,35,265.477614
8.430054,58,265.494513
2664.3801,133,265.49457
-1528.1277,26,265.506115
-4115.2256,31,265.523439
-1045.2501,2,265.52353
-1022.7255,6,265.553778
-1018.5708,5,265.553854
-1020.144,4,265.553873
-1302.4678,13,265.566855
-719.621,36,265.566931
-1070.8429,4,265.566949
-1058.142,3,265.566959
-268.58844,30,265.611867
-1287.6202,30,265.611982
-811.2864,53,265.648873
-590.68835,34,265.675159
2077.7297,96,265.675239
-1140.8574,3,265.717264
-1051.6527,19,265.717355
-1719.7725,55,265.756002
-1454.1582,13,265.767595
-4099.314,65,265.810177
-1267.6827,7,265.831445
-1214.7717,15,265.842796
-1092.7057,2,265.857832
-744.9996,14,265.857978
79.31641,53,265.875326
-1106.2084,4,265.8754
-881.54614,39,265.897872
-1450.5249,4,265.923136
-1088.3132,25,265.949507
-1126.6903,4,265.94962
-1013.53894,33,265.971394
-806.0498,29,265.971504
-1065.3049,5,266.000549
-17.093262,29,266.000878
-1075.3923,31,266.038096
-948.3545,5,266.052357
149.09143,31,266.052422
-1872.3352,32,266.05244
-1920.1102,50,266.070168
-1019.56665,2,266.081532
-936.7725,21,266.081615
-1421.4437,9,266.108099
502.37463,47,266.135394
-1584.7405,4,266.135476
-1079.3461,3,266.148809
-1102.4056,3,266.181561
-398.07336,101,266.18166
-1663.6863,12,266.216637
-1029.1505,2,266.21671
-1480.9703,18,266.23124
-1271.6042,23,266.231383
-5122.714,102,266.244657
-2986.9531,5,266.258507
-2878.4602,13,266.270621
-1005.9505,33,266.270707
1952.4604,47,266.294272
-3145.3884,11,266.325527
-3079.0137,18,266.337992
-1068.5637,3,266.380514
-1130.1655,8,266.396267
-1047.6499,2,266.411234
-868.12244,32,266.437621
-981.5714,17,266.481382
-1214.0809,51,266.502904
711.54626,55,266.517265
-2184.376,19,266.538697
-1632.7124,19,266.570263
-2505.855,13,266.593735
-494.61298,31,266.606652
-2976.6406,37,266.60673
-782.8402,20,266.618491
-1382.4165,28,266.657245
-1022.7972,4,266.67514
343.88232,45,266.693327
-1310.5459,8,266.693411
-1326.0713,15,266.719028
-2712.3306,44,266.733865
-733.86786,33,266.734007
940.2439,73,266.748951
-1467.0527,3,266.763432
-1201.537,10,266.763489
-1106.9962,3,266.813167
-1108.7762,3,266.813264
-1250.3556,36,266.827209
-1027.721,8,266.827249
-2870.41,9,266.827259
-109.59802,21,266.86408
-1417.8427,10,266.876159
-2578.4265,58,266.899287
-1246.8846,8,266.924978
-1104.7825,5,266.954317
-1018.9617,15,266.968362
-518.9143,35,266.983071
-319.89197,23,266.983149
-1193.19,6,266.983167
-1096.6681,14,267.008932
-1104.8333,3,267.027865
-1067.0437,4,267.028321
-2043.046,14,267.02836
-1322.4144,49,267.049536
-1076.5057,4,267.08994
-852.1853,8,267.111714
-1233.2623,4,267.111793
-1418.3484,18,267.148046
-531.44495,82,267.148118
-1258.094,8,267.170469
-1072.562,3,267.202119
-1726.4138,15,267.202192
-1177.2783,4,267.216922
-981.769,7,267.217001
1034.5127,45,267.217017
-1303.8878,7,267.232921
983.5638,34,267.23326
-423.33618,32,267.23331
-1055.7358,52,267.233323
-1338.1119,65,267.245793
-1173.1356,4,267.258337
-1487.5522,4,267.283097
-1266.6611,5,267.298203
-1961.2133,7,267.313696
-1225.7217,21,267.334169
-1515.2778,24,267.350295
3169.8784,131,267.350392
-1076.1217,2,267.380877
-899.0665,47,267.380964
409.20404,38,267.39287
-1118.4984,5,267.409664
-2419.7153,14,267.433952
-1414.931,14,267.484801
-811.059,60,267.507264
-1629.1412,10,267.507342
-1451.1624,10,267.516326
-3220.6104,30,267.534257
-1458.4143,5,267.547121
-1676.2864,22,267.572288
-1730.6362,27,267.585167
-921.0824,33,267.617635
-1010.5795,3,267.61771
-1492.4325,19,267.635064
-1559.6691,8,267.635128
2753.9192,120,267.646913
-1507.0591,43,267.647003
-1644.6301,10,267.64702
516.52496,31,267.647027
1659.986,59,267.681129
-1087.993,3,267.69465
-1141.5656,6,267.732376
-1050.9832,2,267.732507
-1212.5176,10,267.743591
-383.28668,84,267.78006
-1921.2146,7,267.830359
-1511.1606,21,267.85893
-749.69305,15,267.859023
-1016.1294,5,267.907736
-1667.8043,19,267.932995
-1580.4755,11,267.933087
488.2417,44,267.933107
-2008.1267,5,267.966967
-1012.50275,9,267.96704
-1019.0161,2,268.000572
-1787.785,58,268.014473
-1182.7466,6,268.014545
-994.8873,7,268.038011
-3483.1514,59,268.09368
-3849.555,64,268.131782
-1003.0082,11,268.146551
-2722.7341,34,268.159976
-1022.85645,2,268.160067
-1897.3418,9,268.177332
-1215.3339,13,269.522441
955.2621,48,269.539074
-1423.7251,48,269.5809
-732.5839,16,269.581012
-883.64966,8,269.592196
3454.9326,92,269.592257
-1716.6924,9,269.603901
-1056.7668,4,269.630187
-1288.1947,9,269.653789
-311.0075,41,269.65386
-1499.3082,15,269.696524
-1467.2684,9,269.712499
-208.77838,26,269.712563
-1012.4092,6,269.712573
-396.55682,55,269.746908
196.80286,70,269.75789
1624.1494,72,269.757981
-2701.581,12,269.779271
-1080.5048,2,269.791317
-1278.5165,6,269.810636
-1473.4835,12,269.846853
-989.21686,4,269.858771
549.2371,58,269.858836
-3587.959,19,269.872977
-1127.4746,6,269.873052
-59.910583,42,269.873062
-2325.1738,15,269.888292
939.5713,94,269.888373
-1169.1217,3,269.888398
-1800.6755,11,269.888406
-967.5491,4,269.958226
2843.62,68,269.974822
-843.76184,8,269.998877
-1380.2595,7,269.998957
-1053.2573,5,270.027147
-1435.7886,11,270.027217
-546.145,31,270.044203
-1574.4125,12,270.044302
3745.87,97,270.082117
-2724.295,7,270.093588
-995.23083,10,270.102864
-646.18524,25,270.117718
-3165.9292,16,270.117809
175.02765,48,270.117831
-1265.1497,19,270.147495
-932.84094,9,270.147588
51.214233,48,270.162373
-956.71515,3,270.191494
-1009.0515,5,270.191554
-985.43243,7,270.211361
3904.3257,205,270.246531
-2225.6309,40,270.299057
-1998.1733,10,270.316806
-709.07086,38,270.341171
-1199.2837,21,270.357306
-774.4463,7,270.35738
1059.9158,93,270.357396
-768.6638,16,270.381895
-1252.5037,10,270.381969
2108.4368,90,270.395309
-1023.612,3,270.417789
-3099.2607,40,270.41786
-1441.6377,35,270.417878
-981.8865,8,270.439934
-990.26825,6,270.439997
1732.7076,87,270.450763
-1028.5288,2,270.46919
-2215.1646,26,270.511982
-1783.9185,30,270.532581
-271.80377,54,270.532664
-2292.4956,12,270.546566
-2303.4165,14,270.569963
-1618.5178,13,270.581779
-874.60156,11,270.627755
-985.9497,7,270.627841
-2187.2114,11,270.645646
-1045.9113,2,270.655544
-614.50824,30,270.655602
-1052.9531,17,270.669405
-1536.2793,46,270.682828
-1684.6522,44,270.682903
-1101.0602,6,270.721916
-1070.054,5,270.722
129.76611,42,270.734548
-1068.6058,5,270.745953
-1598.2433,15,270.758475
277.55585,28,270.758553
-2487.4888,37,270.758569
-1181.616,3,270.790226
531.31506,31,270.815602
-1125.6486,27,270.81569
-2125.0388,18,270.81571
-2348.89,14,270.860736
-934.7468,7,270.860828
-1198.6758,7,270.860846
-570.67096,48,270.879466
-1065.4556,56,270.879554
-888.92163,5,270.891763
-1337.1444,15,270.941922
-833.1782,11,270.954602
-940.52625,25,270.954682
-877.2463,5,271.001616
-1168.0232,10,271.018557
-2289.2173,14,271.018672
-1246.2261,6,271.029307
-1735.9915,16,271.044044
-1466.4617,4,271.057318
-1031.6494,52,271.070091
-1415.348,15,271.070186
-1128.8905,3,271.070213
-1856.4268,36,271.096337
-681.63416,28,271.096438
-1428.3378,17,271.109325
-1074.649,2,271.124514
-1062.1018,3,271.124595
-890.42255,32,271.124613
683.87695,32,271.1494
-1448.5884,9,271.19819
-1117.2445,6,271.198314
-2199.3838,8,271.221878
-1620.3152,37,271.246405
-792.74634,27,271.263885
-1155.1289,4,271.278689
-654.14636,15,271.278772
-1034.7035,6,271.278788
601.98444,37,271.278794
-942.7435,13,271.298343
-981.66327,7,271.298421
-1268.1903,4,271.317401
-394.59692,33,271.330817
-452.82227,63,271.330947
-2496.517,100,271.347295
-1378.7229,5,271.369166
-953.1902,6,271.412687
-868.73364,8,271.412828
-762.39246,5,271.431285
-807.3726,29,271.466403
3075.728,132,271.466496
-1344.6874,14,271.481253
-1030.6821,3,271.511703
36.213257,46,271.539666
-1329.2826,16,271.539735
-745.19165,32,271.561478
-862.4928,35,271.642777
-522.4447,40,271.666552
-1909.6078,47,271.680821
-1186.4304,15,271.680871
-3906.5815,20,271.701979
-1883.9426,12,271.716981
807.51025,83,271.735584
-3289.9468,56,271.748323
-1685.3,15,271.748398
-1895.5674,94,271.80693
-1724.2732,12,271.81834
-260.5478,35,271.831752
-1450.4707,57,271.831858
791.562,55,271.84494
-1349.4656,9,271.860432
-1427.8672,13,271.879858
-1078.4584,2,271.917122
-1859.1958,8,271.931398
-462.10596,46,271.976536
-2816.8591,17,271.976654
-965.491,11,272.000049
-1236.6953,44,272.011037
-2008.6259,18,272.023973
-1776.8619,44,272.046987
-2437.1116,13,272.047049
-1387.7361,21,272.057311
-3693.9512,16,272.06858
-1870.552,51,272.068662
-1034.9487,4,272.093565
-848.1373,19,272.106229
-1142.9412,10,272.106306
-899.1836,4,272.128526
263.01843,31,272.128616
-1145.5989,4,272.128637
1738.7173,59,272.151751
-1763.3418,48,272.163638
-1917.4993,32,272.186487
556.5353,37,272.239966
-2693.3389,17,272.255885
-944.17255,9,272.255984
-2013.2659,11,272.294262
-2164.7822,20,272.51913
-1193.6199,7,272.519202
-2408.4038,20,272.568259
-1272.6527,8,272.622313
558.2727,61,272.741536
-627.1562,40,272.819714
983.08527,73,272.861667
-1503.2178,20,272.861751
-995.1831,9,272.861769
-276.05927,122,272.914634
-1809.6499,7,272.972987
-1438.5511,12,272.973105
-1031.474,43,272.994377
-372.50385,30,273.027925
-1294.3292,3,273.027986
-957.4138,3,273.057792
-3083.501,23,273.169628
1739.4365,98,273.199731
-1998.666,29,273.19983
-561.8355,52,273.246926
-1078.1908,2,273.264588
-1142.0715,3,273.290683
-1664.1609,54,273.302119
-2819.3594,22,273.32454
1533.2819,60,273.356436
-1670.9482,10,273.41413
-635.28735,54,273.467022
-1587.5834,4,273.487184
-1015.5841,10,273.508131
-1371.355,12,273.52851
1898.4028,99,273.541147
-2919.7363,49,273.553056
-1722.6324,12,273.55312
99.959656,58,273.566191
-1038.6378,2,273.566244
-1535.3828,18,273.597347
-2626.1584,29,273.597423
-1052.7032,2,273.597439
-1024.475,2,273.597444
-2705.0361,35,273.597449
-2306.2544,33,273.616403
-1190.9679,10,273.640097
-398.39722,62,273.660906
-1497.1764,64,273.680367
-1826.7014,52,273.699224
-1464.46,4,273.738405
-1647.2257,10,273.738492
-2512.8352,13,273.775013
-1414.2736,13,273.775117
-1169.9221,8,273.775135
-1543.0155,51,273.79969
40.241943,51,273.819789
-1057.7198,4,273.849619
-2803.1248,77,273.849685
-987.718,18,273.867576
-996.6708,26,273.893342
-1686.1882,11,273.907906
756.0674,88,273.90797
-2127.5679,18,273.907985
-1059.819,3,273.948492
-3815.2756,42,273.95912
899.17346,31,273.971259
-1592.6721,9,273.97138
-1105.9004,28,273.986387
-1027.4525,11,273.997559
-924.26733,30,274.016267
-1338.8815,9,274.028219
-1099.1998,2,274.028325
-1346.3682,11,274.056437
-1578.6891,6,274.056583
-2238.5552,15,274.150925
-504.46677,32,274.151004
-2342.824,10,274.180762
-2722.5186,20,274.180847
-805.8067,27,274.180868
-354.46466,55,274.195956
-2109.8738,17,274.217175
-2257.8281,13,274.217246
-1456.669,14,274.231021
-980.2623,3,274.231109
-2034.2468,16,274.248424
-1070.7693,3,274.265973
-1862.068,7,274.266051
-2712.2524,20,274.266074
-1432.836,47,274.296463
-1032.875,7,274.315119
-1091.0056,6,274.35097
-94.06647,41,274.351393
-3891.4563,34,274.364326
-3216.2395,9,274.385391
-1085.8525,3,274.396398
-1555.8949,11,274.41617
-1748.8982,28,274.416255
-4968.034,59,274.467833
-1146.2805,30,274.499105
-2899.0222,14,274.521509
-3258.8086,21,274.521572
-2405.1519,9,274.549387
3123.27,69,274.562071
-3016.8887,102,274.586162
-1588.5625,13,274.58625
-1436.2552,4,274.637698
-1563.1443,6,274.671702
-1860.905,11,274.682813
-1230.8848,13,274.702046
-1776.2383,19,274.702111
2475.904,104,274.715707
-504.82312,60,274.715781
-654.05927,30,274.734584
411.3332,34,274.749124
-2078.755,13,274.760938
-877.9307,5,274.771569
-942.5357,9,274.771733
-1625.5413,4,274.79019
-757.5774,8,274.824728
-1728.2395,9,274.824812
-1908.1274,6,274.838565
-3132.7676,33,274.860827
-1012.3589,7,274.860894
-1717.1943,10,274.860911
-2000.8898,26,274.8949
-2297.8374,20,274.950408
-896.65393,13,274.963593
63.95569,32,275.002099
-1911.1678,14,275.002166
1498.7722,84,275.023876
-1011.9238,9,275.02394
-592.15063,125,275.023956
30.198608,49,275.035493
-1773.7402,13,275.03557
2101.3398,57,275.099362
-382.74084,24,275.099562
-1096.4521,21,275.099611
-1236.1802,7,275.119908
-1777.5818,19,275.11999
-164.2055,56,275.153337
-3312.4766,16,275.163684
-1691.106,16,275.180361
-1992.6335,51,275.204737
-3311.54,13,275.204831
-2211.5427,8,275.218402
3479.5557,74,275.252792
-2337.0488,16,275.266809
-1201.7335,5,275.266889
-1119.3691,5,275.280762
-2517.501,40,275.280884
-2481.831,31,275.304347
80.35437,103,275.30442
2576.4492,76,275.314649
-1133.7947,6,275.369395
-3133.283,17,275.369478
-1113.2013,4,275.382623
-3771.168,10,275.38269
-2348.9785,26,275.401287
-1046.0895,4,275.445864
-474.07288,43,275.466967
-220.72882,80,275.467069
-2618.6904,18,275.467088
-862.8429,6,275.467095
-2206.5283,24,275.485687
-1134.4203,8,275.505037
-1124.9631,3,275.505087
-1902.8,16,275.515877
-1174.945,4,275.542479
-3223.037,16,275.542554
-1279.3206,6,275.555585
-2521.8628,54,275.578462
-2561.667,13,275.591654
-1870.9484,8,275.591764
-899.5061,20,275.591786
-848.7671,24,275.591793
-1177.6622,5,275.616752
-1152.1101,8,275.616829
-910.85986,10,275.616846
-776.8445,40,275.616853
-1129.9629,3,275.625641
-1123.9316,4,275.638296
-1662.1902,10,275.638356
298.67084,19,275.682857
-985.9479,3,275.682935
-978.59204,8,275.706102
-4628.081,27,275.706168
-1598.5596,48,275.74565
-1110.676,3,275.745755
-2428.1807,19,275.827055
1730.9001,47,275.827133
-848.4836,35,275.827151
-219.3385,98,275.857185
-1746.1711,16,275.857266
-1097.7368,2,275.871806
-1059.8456,2,275.871899
-932.24084,23,275.893438
-2281.8972,13,275.893502
-1201.1841,50,275.941398
-856.6197,22,275.959076
-437.56042,23,275.970928
-949.26483,31,275.991109
-1530.5675,11,276.028672
-1117.5323,14,276.052618
-920.5423,9,276.067039
463.79303,62,276.067111
-2052.8684,15,276.092189
-956.0575,6,276.102814
-681.47864,73,276.134865
-1339.0492,12,276.156166
798.373,38,276.156265
-1112.9486,30,276.156286
-1002.2879,4,276.174841
778.222,29,276.187908
-1198.8248,39,276.213104
-643.93494,60,276.213176
103.10016,24,276.245578
-1040.3132,7,276.258381
-1203.4417,14,276.258437
228.46454,53,276.258453
-1053.1622,2,276.285671
-474.8457,46,276.307729
-1075.2244,2,276.333597
-997.0843,8,276.369334
841.2703,36,276.395523
-1136.646,3,276.447285
-2318.2827,20,276.447427
-2313.941,25,276.457322
162.94391,35,276.457381
900.28357,54,276.489634
-3546.0117,30,276.499401
-70.76636,39,276.528051
-706.5107,27,276.553142
1342.9785,56,276.565757
1587.4734,68,276.565811
278.261,48,276.578528
-1075.599,5,276.632353
-905.1521,36,276.65763
-3223.7324,43,276.682492
-1410.3921,8,276.693945
-2297.3728,26,276.74009
-837.3838,41,276.740216
-1499.9695,40,276.782367
-2137.7454,9,276.782415
-1641.426,36,276.795458
-971.8903,8,276.795535
-774.3826,25,276.795554
-1075.6885,8,276.809721
-994.157,44,276.838121
-571.13495,69,276.849582
-4258.5786,23,276.850182
-1415.8666,31,276.87617
-413.18097,39,276.876242
-1346.0325,11,276.889189
-1069.6855,2,276.901519
-677.8544,9,276.913913
-3145.352,33,276.914008
-1089.2653,3,276.938948
-1056.0347,3,276.956985
-1129.332,3,276.957325
-1009.3012,8,276.957367
-1981.7646,30,276.982443
-1402.3093,15,276.998221
-2426.101,37,276.998314
-1163.629,4,276.998332
-1082.931,17,277.009858
-584.5682,34,277.023188
-982.71674,17,277.023279
-1115.985,4,277.053823
-855.33124,100,277.065937
-1005.19745,9,277.093508
-1549.4667,17,277.093572
-1308.3875,22,277.127436
-1520.7769,4,277.149767
-1877.1868,29,277.16214
-1047.8008,10,277.202946
-1352.8307,9,277.219341
-2485.2964,13,277.232909
-1397.0786,21,277.233005
1858.592,54,277.233023
-2264.3613,19,277.254778
-1943.9849,31,277.264899
137.97137,47,277.285797
-1153.5388,30,277.300391
-1040.1345,6,277.300459
-1055.214,9,277.300477
-1338.6957,23,277.336851
-1265.1567,6,277.356367
-1392.6476,9,277.356498
-1268.9332,80,277.37029
-984.9602,6,277.383556
-1442.521,3,277.383612
-1239.008,10,277.383627
-1434.0219,7,277.383673
336.64832,29,277.395741
-567.9125,19,277.395792
-1429.9928,69,277.411324
-1134.9559,4,277.423833
-1051.0787,2,277.423923
-1176.0457,5,277.423944
-1857.2451,5,277.453399
-1878.8193,16,277.476577
-1457.2096,5,277.500371
-1078.0927,8,277.500432
71.62744,40,277.522529
-2505.1094,10,277.534285
-1480.7509,44,277.570868
-3354.1523,22,277.570929
1048.5797,101,277.602361
-1355.3442,12,277.602495
-2076.6997,16,277.635763
-1157.6353,19,277.635835
-1067.4106,2,277.656482
-871.7549,4,277.656536
-3007.1787,20,277.668832
-2264.4897,37,277.684414
-3805.3145,63,277.684483
-1135.7137,3,277.711287
2129.4827,106,277.722594
-1353.3093,19,277.722697
125.40405,71,277.722718
-1070.0072,52,277.750567
-268.02576,32,277.750628
-927.2593,14,277.762171
-1695.1869,9,277.778873
-1005.78076,7,277.778941
-1596.0812,20,277.778959
-2131.596,10,277.791608
-1113.5099,8,277.791936
-1201.1589,3,277.791976
-1953.6508,13,277.809584
-4230.9385,18,277.824754
-1008.1187,3,277.824852
-2671.7883,6,277.856314
-1287.8364,21,277.892914
-2048.1301,6,277.892987
-1536.1996,11,277.929622
-1128.8667,8,277.929718
-1009.6171,31,277.942253
-594.3889,69,277.954762
-1026.7595,37,277.980151
469.56738,53,277.980218
-2597.635,5,278.041577
-1084.9987,10,278.062403
-1608.9778,15,278.083548
-899.3406,12,278.083599
-1096.8313,4,278.098662
-1183.1196,24,278.098746
-3671.9683,18,278.128002
-1211.806,4,278.150805
-1041.9707,29,278.184248
-783.93115,34,278.184337
149.46802,56,278.27815
-394.02325,20,278.342107
-1149.0348,6,278.354046
-2387.6025,22,278.366547
-1042.74,18,278.400306
-2164.368,22,278.400386
-950.52576,73,278.400403
581.37634,56,278.455411
-828.0421,57,278.473234
-1765.7452,7,278.500129
651.80066,75,278.5002
-1589.0374,27,278.500231
-1487.3271,35,278.52163
-963.5722,5,278.532166
-1033.9337,3,278.544602
-2520.8657,92,278.544703
1699.5653,59,278.60254
908.5709,57,278.60267
-1029.1139,2,278.628236
-1642.5752,20,278.639123
1974.7977,65,278.652156
-1325.18,11,278.652255
-827.3442,55,278.662704
-3864.765,53,278.677218
-998.8093,6,278.701123
-1058.6827,2,278.701186
-2672.603,16,278.712543
-1270.2336,6,278.738619
-1107.4459,4,278.751731
-1093.3784,4,278.784604
-835.73975,19,278.78474
-2048.7017,9,278.829068
-999.7343,5,278.946974
-1239.4084,36,278.97502
524.8867,110,278.97508
1006.4381,61,278.988923
-1756.7909,24,279.001819
664.6478,29,279.014629
-1222.1825,4,279.027838
3691.077,93,279.027934
-1087.5616,4,279.041131
1721.4337,77,279.056346
-323.79248,37,279.05668
-1030.2595,20,279.056724
-1205.5188,8,279.056736
460.10004,34,279.056741
-974.6403,6,279.080793
-1024.3511,5,279.104829
-1035.3804,6,279.104899
-695.10376,37,279.104916
-1381.5266,4,279.104923
1738.1255,93,279.104928
-1350.5555,7,279.117659
-1096.1093,2,279.134322
1087.4633,67,279.158674
-1257.8132,32,279.158734
-1147.4312,3,279.158751
-1022.13135,32,279.17469
-1806.3096,9,279.187012
-1608.7971,5,279.187092
-377.70703,102,279.202253
-1120.6628,3,279.202367
-623.5192,24,279.220537
1276.1924,53,279.220596
-902.8488,5,279.220612
-2314.287,8,279.233983
-993.2462,4,279.23407
-1546.2227,59,279.234089
-2086.3882,14,279.268833
-1095.3901,3,279.282398
-922.2302,8,279.28251
-516.34174,6,279.303284
-1113.6769,4,279.303389
-1576.0825,8,279.317271
-1082.2013,3,279.354155
-1114.5574,4,279.375069
-1680.9849,15,279.387423
-238.57343,23,279.400741
-616.3765,48,279.413802
-1020.7335,4,279.426674
-986.0822,7,279.437587
-1623.7568,5,279.446964
-1195.3821,28,279.46942
-658.7124,14,279.4847
-1352.8779,35,279.484785
-1328.5908,6,279.494846
-3465.998,21,279.516074
-1161.8788,23,279.51614
-4498.162,10,279.527011
-2747.53,49,279.527077
-1648.9932,31,279.575654
-1010.5088,3,279.575745
-1518.802,7,279.591448
-1002.3025,8,279.591512
-4716.244,15,279.682359
-2116.5508,29,279.699676
237.22339,55,279.699746
-743.7422,14,279.715196
-1432.2083,9,279.71529
-623.6636,92,279.715309
-1882.188,37,279.739378
-1115.0869,3,279.752451
-1439.3247,5,279.78557
-1513.3337,38,279.816363
-791.0272,26,279.816428
-1063.6781,7,279.844005
-2062.3906,47,279.870872
-3198.6196,14,279.883207
-4023.1963,47,279.909081
-698.2964,31,279.90941
-861.6742,22,279.909454
-1301.5503,36,279.932195
-1114.7144,4,279.969586
-810.1643,9,279.98253
-1352.9747,5,279.982622
390.49518,64,280.009104
-1939.29,30,280.009186
-1601.9917,8,280.0092
-1060.6124,2,280.009207
-1278.4644,17,280.03273
-903.86084,57,280.032804
-926.89624,9,280.107352
-928.05225,21,280.120318
-4361.1606,74,280.165544
-784.56366,42,280.165619
-1601.4458,21,280.165636
-1521.3777,12,280.165641
-1669.1592,12,280.165646
-1051.5321,3,280.220781
-1371.891,13,280.220846
-1046.1842,7,280.220861
-613.982,56,280.24075
3546.4287,85,280.240845
-1033.1655,10,280.264024
-1024.8185,5,280.264109
-959.2355,53,280.295609
-2919.5,33,280.306087
-2262.4512,42,280.318015
736.55566,54,280.31809
-36.54535,26,280.318109
-1073.0564,43,280.340765
-2878.358,7,280.340873
-1542.0529,4,280.375658
-1418.1267,9,280.375732
-1147.3795,5,280.392106
-2237.2705,11,280.392184
-940.08606,4,280.408235
-928.35925,27,280.408347
-1041.4912,8,280.433502
-1085.8807,2,280.433846
-2824.366,11,280.456065
-903.8757,82,280.456142
-2057.1462,10,280.456157
-1955.7756,11,280.507991
-999.3801,35,280.52015
-427.15167,21,280.531864
-1630.4731,24,280.531919
-977.0269,7,280.551287
-1349.4991,11,280.563787
-4169.5044,22,280.586779
-2805.825,24,280.586834
1212.1418,57,280.597809
-1686.1995,15,280.610037
-1055.3713,5,280.621158
261.56445,33,280.660017
-1137.9667,10,280.660061
42.900024,49,280.687436
-1630.5614,8,280.700927
-3297.2197,22,280.700988
-866.7554,8,280.701002
-1438.7576,6,280.725544
-1010.82697,5,280.750753
-1043.005,5,280.750836
-1158.9738,3,280.768695
-1229.8792,8,280.810161
3300.4727,77,280.837029
-282.7542,63,280.837121
-1635.9274,15,280.837133
-1643.0197,19,280.849441
-3064.9116,25,280.8764
-1407.8894,33,280.876476
-577.359,31,280.891952
-1028.8102,5,280.913959
-1724.4536,25,280.914017
-1768.9253,11,280.914032
-3720.895,16,280.941278
-1479.6138,4,280.952971
-1983.3969,39,280.953043
-2000.355,52,281.01429
-800.0247,16,281.037066
-806.01575,43,281.07473
17.78894,27,281.084778
-121.17468,24,281.106903
-1082.0492,4,281.150011
237.62,32,281.16713
-120.0932,69,281.196259
-234.85248,27,281.223061
-1442.9779,15,281.236814
-515.7516,23,281.236993
599.4236,57,281.264931
-1185.9604,48,281.288704
-1675.2747,29,281.288775
-1017.1401,2,281.325905
-344.0298,27,281.326004
-3129.9736,29,281.326034
-1020.07544,7,281.326044
587.2455,61,281.345903
-2011.3353,22,281.356696
-2210.733,8,281.35681
-287.664,34,281.372802
-1972.0247,8,281.391852
378.29102,33,281.43254
-680.21545,22,281.432683
360.08142,37,281.478849
-1654.0245,5,281.502536
-3340.0068,101,281.515106
-1744.8164,14,281.528895
-1244.5956,14,281.540599
-388.21783,69,281.540689
-830.43054,5,281.559735
-1174.7352,30,281.59843
-1930.4639,54,281.613496
-957.9274,6,281.632735
1343.0293,61,281.632814
-921.9409,6,281.644631
-1042.7349,2,281.644705
-976.17706,7,281.644724
-1291.4623,9,281.656227
-1491.1111,32,281.693522
-924.1283,6,281.70518
-1250.403,4,281.705279
-1889.9417,5,281.7053
-204.62256,39,281.74907
-609.0234,60,281.767264
-5667.3228,31,281.767334
-882.1608,32,281.787345
-1126.3164,3,281.799901
-4950.549,21,281.80003
-1123.8212,3,281.815812
-2537.9082,8,281.815882
-2157.9119,13,281.815899
-1463.7991,28,281.825886
-1005.37634,2,281.839182
1009.9668,70,281.850419
-1162.6318,4,281.850494
-953.57166,5,281.850515
-1038.377,2,281.882468
-1513.8193,12,281.882534
-1205.2311,10,281.902861
-541.97375,38,281.913953
293.8985,41,281.934734
1871.6947,55,281.934799
-2168.5552,11,281.969808
-1137.297,10,281.987169
-574.6375,13,282.036141
-866.5134,5,282.036216
-1910.1547,13,282.069036
-2508.1113,70,282.09419
-1786.806,12,282.107941
-972.01025,5,282.122539
-2949.8413,21,282.122608
-1206.0121,21,282.137326
2566.7732,58,282.162504
-1690.3699,15,282.162565
-384.49146,37,282.173726
-1034.8475,4,282.186069
-1585.5353,5,282.186192
-988.57764,25,282.231743
-1003.0708,4,282.231858
-1629.8752,12,282.253201
-1398.3085,45,282.264457
-744.6362,25,282.27722
-3117.0002,17,282.299127
-998.7298,5,282.299196
-1904.1586,38,282.328183
-2902.2334,16,282.32824
1324.5598,75,282.351509
626.64197,34,282.387621
-1442.7439,4,282.387728
-1451.7631,9,282.387745
-600.0775,74,282.404664
-1033.1744,2,282.417245
-1343.8341,40,282.41731
1774.1047,75,282.439604
-1095.584,18,282.484515
-1167.6285,14,282.484707
-1931.3289,24,282.50588
-1063.5634,56,282.505989
-988.6532,2,282.531925
-1556.0614,29,282.556632
-2484.454,13,282.568458
-1926.9089,8,282.592297
-1068.898,5,282.592615
-1770.8188,13,282.610531
-1951.5039,38,282.610609
-366.60352,47,282.631579
-942.1765,29,282.69398
-2112.3306,27,282.694574
-1207.9862,40,282.694638
932.88086,51,282.733903
-1112.5413,4,282.753861
-1538.1139,21,282.763418
-2838.787,14,282.779113
-3592.224,91,282.859216
-865.1731,7,282.876743
-1246.0322,29,282.889387
-1231.1107,22,282.889468
-1144.7798,4,282.920954
-1224.7332,17,282.943047
-2307.2148,42,282.972296
-1077.2524,41,282.991004
3585.8499,93,283.012418
-952.4262,9,283.02889
-1501.091,24,283.045061
-1495.5028,29,283.045139
-976.8044,7,283.045158
-1304.3433,6,283.056113
-1096.7694,2,283.070266
-1057.6533,14,283.126612
-1110.5681,6,283.149629
-386.3545,28,283.149722
-1688.7188,62,283.14974
2408.433,60,283.149748
-2395.3542,40,283.181937
1126.398,118,283.18201
-985.89685,9,283.182028
-1096.0767,3,283.19513
436.36145,45,283.20553
-1105.8235,3,283.221753
-1716.801,4,283.250749
-943.1683,7,283.273723
-634.8448,9,283.273868
-1490.4799,4,283.298259
-1142.0731,3,283.31072
-2475.496,30,283.310822
-2410.893,39,283.333785
2692.6958,66,283.33385
-1035.1353,13,283.358073
-1897.7588,17,283.369924
-1712.6509,17,283.387698
-1201.3867,8,283.387805
-902.7832,46,283.415611
-1575.2399,4,283.415697
-2681.3896,20,283.424823
-3692.15,28,283.425202
-1527.3855,38,283.44064
-1135.6788,91,283.454802
-1900.9202,10,283.454899
-1551.5251,9,283.454917
-2661.3242,5,283.497257
-1626.1766,80,283.535008
-853.93256,7,283.558475
350.32397,71,283.55854
-2298.6914,13,283.571367
-793.8423,40,283.591973
-1122.9198,4,283.617041
42.526367,45,283.62929
-1476.697,10,283.642986
-1147.7681,7,283.665311
-1216.6953,24,283.665387
-1126.3633,4,283.692321
-1855.281,7,283.723439
-1896.9065,12,283.73704
-1161.5717,7,283.758058
-1034.9884,5,283.791136
-1080.0702,3,283.80328
-3695.254,84,283.84416
-1506.9401,11,283.870665
-3578.7798,20,283.870758
-2281.9795,37,283.894423
-1936.4282,31,283.909217
-1006.0332,4,283.934977
-430.51532,33,283.948058
-1031.2705,5,283.948518
-1082.5983,5,283.962798
574.90796,33,283.979515
2461.2117,62,283.979663
-1031.3276,3,283.99078
-681.96094,53,284.014743
-1152.0253,3,284.014858
-1204.322,55,284.037307
-1154.82,3,284.061644
-32.837463,26,284.083704
3797.8975,119,284.083772
-1074.7493,5,284.094471
-1360.8228,20,284.121766
-2655.2183,17,284.134101
380.8307,36,284.134183
-2005.8354,24,284.134211
-1382.775,5,284.157399
-1577.7393,75,284.184626
1078.4363,48,284.184714
-1675.0886,26,284.184731
-1103.059,4,284.196664
-845.67993,17,284.196758
-1112.2336,7,284.196777
-894.44257,6,284.223014
-1093.4081,2,284.223091
-3670.5684,22,284.23407
-538.2901,17,284.244185
-1312.186,6,284.259873
-1132.2974,4,284.273032
-2556.8218,6,284.273121
-2476.4802,18,284.296881
-1015.9386,3,284.310114
-1029.9094,3,284.310218
-990.16907,2,284.331713
-988.34625,5,284.331799
373.49927,66,284.359447
-769.9612,16,284.359512
-1455.1415,4,284.374889
225.81812,64,284.392557
-1093.1027,4,284.392634
-1101.0076,3,284.417459
-1453.6301,14,284.417536
-915.3018,8,284.429318
-1492.9789,22,284.42944
-1194.048,14,284.448193
-2338.1494,15,284.448279
-1402.2615,4,284.448299
-979.8876,2,284.465428
-1952.5497,20,284.46549
-399.58447,34,284.465506
799.9979,72,284.474891
985.1606,37,284.492308
-1422.6653,4,284.506202
-1151.0532,3,284.506264
-1850.562,10,284.506276
-1114.0447,4,284.51801
-1128.7167,8,284.538063
-1701.7781,54,284.54981
-844.1483,9,284.549902
-974.7615,7,284.584731
-947.4844,7,284.611444
-768.64307,18,284.621473
-1953.978,13,284.631606
-1671.919,5,284.643274
3970.609,88,284.665047
-1045.5292,3,284.679508
-1090.8445,2,284.698115
-1040.6193,13,284.698175
-1105.0016,18,284.723552
-1240.9257,8,284.72361
-2123.6436,8,284.740966
-1871.9277,17,284.755337
-1661.5498,15,284.771888
-1690.4576,24,284.80358
-1071.41,2,284.80365
-1691.3004,18,284.803667
-949.9767,7,284.85504
-368.0506,76,284.855138
-1664.6919,48,284.89019
-4123.187,15,284.89027
-4306.1377,52,284.913015
-1211.8573,4,284.941722
-1034.0764,4,284.941799
-1052.0762,2,284.941817
-1055.2369,7,285.05258
-1299.5198,17,285.052642
-2969.8477,32,285.064001
-1127.3619,8,285.064076
-1781.6967,17,285.078023
-1120.318,3,285.078195
-2083.8599,21,285.097401
-1047.8636,2,285.097486
-1704.1135,5,285.111266
-1067.475,56,285.111374
-1704.3943,33,285.143902
-1805.6879,17,285.168429
-1818.2607,8,285.187413
-968.0135,8,285.210362
3042.5603,122,285.210428
-730.9883,51,285.25737
-936.2341,13,285.257442
-2037.2911,85,285.287522
-3062.849,16,285.309078
-526.2439,28,285.32095
-1077.53,3,285.321095
-1912.7589,13,285.337709
-2.1542969,48,285.33786
-1423.0322,34,285.367412
-1318.6096,4,285.367497
-1042.3358,4,285.4069
-1039.0035,21,285.422497
-1792.4485,19,285.456227
-1663.6843,24,285.45631
-1103.7312,3,285.493644
-1099.5879,47,285.493711
-1104.3949,10,285.507115
-1377.4828,25,285.527917
-1431.4445,35,285.562189
-1303.4178,12,285.595298
754.8944,35,285.609049
-2473.035,18,285.635183
-4408.69,101,285.660027
-1626.6167,77,285.674057
-1443.1168,35,285.717104
-1331.9989,34,285.750917
-1250.1323,57,285.750971
-893.70087,8,285.750985
-203.57532,38,285.761756
-1868.1155,32,285.786048
39.2948,46,285.786124
-1444.4343,30,285.836262
-1706.8588,11,285.836368
-1646.6675,6,285.853359
1592.3823,99,285.887522
-1750.0981,17,285.900271
-1196.7004,14,285.921133
-1492.7338,10,285.930818
937.2887,75,285.930883
-2626.0017,30,285.930899
-1416.1249,13,285.962322
-1169.9254,4,285.9624
-2130.2048,12,285.982808
-1915.4126,6,285.997515
-968.3208,7,286.012239
-972.35223,4,286.045793
-1116.8088,3,286.045861
-1738.8848,16,286.067265
-1193.9377,10,286.067334
-344.84406,23,286.067351
-1412.3887,8,286.081661
82.24463,53,286.103536
-1071.016,2,286.103603
-675.14844,70,286.130941
-1291.817,8,286.143956
-1186.1666,4,286.144038
-383.40686,62,286.144059
-1004.61816,7,286.160595
-1932.8789,46,286.160697
-1994.9199,41,286.183122
-1552.6228,4,286.192487
-1134.4847,4,286.207478
-763.8178,6,286.220294
-1865.1117,14,286.254861
-80.67865,27,286.271331
-1318.2441,37,286.271447
241.47076,26,286.271471
501.5865,67,286.287494
-1850.2013,11,286.31212
-776.35425,51,286.312206
-1478.3329,8,286.335227
128.96118,56,286.346923
-1524.011,16,286.347063
-853.0167,12,286.371799
-2012.1069,28,286.371887
-774.84973,18,286.403441
-2409.4263,14,286.467175
-910.719,11,286.467261
-274.17194,52,286.485221
-876.38,28,286.494649
-989.45013,8,286.507379
-1057.3818,6,286.545078
-927.1779,33,286.562145
-1216.8483,4,286.562192
-1872.6221,22,286.610292
-2344.078,23,286.610382
-4264.1904,81,286.633592
2473.4185,76,286.633672
-1042.5863,4,286.646988
-1156.1462,39,286.647067
-1011.6726,4,286.647085
-1033.0127,5,286.683816
-4108.0073,15,286.695339
-1008.72394,6,286.707569
-1084.9071,16,286.725236
-2037.8569,11,286.725297
-921.06384,6,286.72531
-1179.4513,5,286.745181
-35.00403,27,286.7684
-1102.6837,3,286.768485
-1662.9268,12,286.781615
-970.7491,34,286.807234
-1751.2424,6,286.807341
-1044.3076,9,286.832634
-1403.6602,45,286.832719
-829.25867,5,286.832737
-778.84436,34,286.854318
3200.516,95,286.866818
-1219.367,5,286.866887
-1137.1732,4,286.880599
317.51288,77,286.919749
-1110.8826,21,286.977446
-356.8261,45,287.001321
306.74957,28,287.021859
-2195.255,27,287.02195
-1333.2794,23,287.051916
-1130.5016,48,287.051991
-799.1714,50,287.062836
-1063.5802,3,287.062949
-1052.3323,3,287.100925
-1476.3754,18,287.114303
-919.2066,28,287.14636
-933.84186,3,287.159552
-267.74994,63,287.173903
291.67773,41,287.220314
-1052.2306,14,287.220405
-1087.7245,4,287.220425
-1913.3007,51,287.237031
-1040.4501,2,287.258489
-249.67279,69,287.258556
-1401.6184,6,287.269139
584.3267,31,287.287657
227.33258,36,287.30607
-2955.5474,17,287.306146
-906.74854,35,287.355876
-1986.5796,17,287.376087
-2290.1597,8,287.413542
-1433.5488,11,287.426029
2039.539,85,287.447083
-722.64355,28,287.480927
-1235.9984,7,287.504297
-1982.0828,13,287.533135
-777.91693,42,287.550891
-1713.6099,7,287.55095
-2168.812,20,287.550971
858.6455,54,287.596673
-770.6472,24,287.59676
-1803.957,14,287.618501
-2455.8691,9,287.63258
-1903.175,33,287.632651
-1021.05554,6,287.632669
-2277.121,11,287.632677
-1634.9485,7,287.657854
-1485.0315,29,287.657923
-1189.6681,5,287.708707
-798.72723,5,287.708803
512.1062,32,287.737272
-2086.348,33,287.772201
-1364.1112,61,287.772271
-1055.7622,12,287.786488
-865.20056,6,287.786805
3890.7014,120,287.799754
-1001.2914,8,287.899077
-644.6234,25,287.899172
-1246.8721,81,287.925847
-876.74664,44,287.925945
-3044.189,15,287.939955
2742.6597,74,287.94006
2864.3877,75,287.950105
-2201.593,43,287.963668
-691.9471,52,287.963774
-561.47925,24,287.963799
-896.95087,5,287.985351
-3684.379,26,287.998734
-1182.6274,5,287.998836
-2367.864,16,288.01327
-1410.4175,3,288.024403
-1366.916,5,288.072142
-1122.2003,5,288.097201
-727.5874,42,288.110149
-1393.2247,11,288.110237
-1347.4388,81,288.143799
-961.7092,2,288.143871
-1184.7073,41,288.155307
-880.367,35,288.18316
-774.9861,7,288.194596
-1898.7507,21,288.234086
-984.6791,17,288.23416
-964.3701,7,288.234174
374.8675,48,288.251264
-336.2649,22,288.262248
-524.7168,25,288.262314
-1339.7458,24,288.262329
-1068.1299,2,288.288684
-1491.1572,38,288.288753
-1020.89777,3,288.32855
1988.993,92,288.343463
-1695.2546,52,288.343581
-1312.8458,9,288.361255
-881.7744,8,288.361324
-2288.9758,16,288.371883
-877.6234,5,288.403307
-692.87036,37,288.403391
157.7655,99,288.40341
-996.7973,5,288.42736
-867.14734,4,288.460146
-1230.773,36,288.460225
-1171.1438,5,288.478543
-1246.0493,27,288.488011
-1148.0055,10,288.507683
-1057.907,5,288.507743
-1405.7006,4,288.521069
-1117.4492,4,288.549529
-3815.812,18,288.549571
-1123.9364,3,288.577203
-497.34015,34,288.577285
-973.717,6,288.603327
-953.2995,5,288.641196
-1144.007,29,288.675906
-784.63617,40,288.699903
-1107.2743,10,288.699975
-1773.6936,13,288.722005
-1203.0564,5,288.735468
-1075.8328,28,288.735568
-2131.962,29,288.756028
-1134.5874,3,288.783559
-1045.6068,4,288.783601
-1698.8518,19,288.810661
4354.8345,84,288.810739
-1174.3448,7,288.84438
-357.31598,46,288.844452
326.88403,61,288.858153
-1066.696,46,288.888871
-873.48206,4,288.905643
516.47656,31,288.917884
-1114.4004,5,288.936577
413.96222,33,288.970708
-1214.859,7,288.996635
-1150.0765,23,289.018493
-1050.947,3,289.056821
-117.57861,85,289.077864
-39.568787,44,289.077965
-1742.3635,7,289.09397
-658.18164,22,289.09409
-168.97998,52,289.108418
-1261.7527,41,289.157032
400.6009,38,289.157121
769.4436,55,289.16958
-857.43976,9,289.208338
-739.33624,24,289.208454
196.13086,24,289.243618
-2626.9607,21,289.257881
1854.9358,76,289.28939
-1250.5431,5,289.31878
1299.0806,114,289.350709
-770.54614,10,289.350812
-1377.3363,16,289.382217
-2258.8555,39,289.382291
-1494.4521,37,289.434923
-1375.5635,11,289.483831
23.905945,50,289.483922
-898.8025,11,289.529315
-3280.6094,54,289.554697
-73.45209,34,289.571865
952.93506,64,289.592492
-1119.1816,22,289.603444
-690.426,9,289.603501
-865.0784,5,289.625113
-51.134705,134,289.639598
-2084.1907,41,289.63967
-1096.4491,3,289.639698
-1622.4042,8,289.639706
-171.31476,34,289.639712
-1015.14294,2,289.667146
-1063.402,2,289.667235
-1901.1829,102,289.679117
-1101.3645,6,289.71516
-1614.1548,6,289.729091
-2039.971,9,289.769932
-1912.0292,50,289.781321
-1463.0775,26,289.795123
-958.6987,9,289.808622
-1061.8773,3,289.83148
-1257.7825,18,289.831559
-1428.3711,28,289.864658
-1685.4037,47,289.864753
-3396.799,46,289.886543
-1087.8497,2,289.900276
-1619.506,39,289.900355
-1165.0508,4,289.932493
-1029.7084,2,289.932597
-2440.15,64,289.956693
-1126.6383,43,289.956769
-1770.0044,86,289.956787
-1176.5596,6,289.983213
-1544.6989,22,289.983286
-891.2669,4,290.010218
365.3546,86,290.010292
-2724.4429,13,290.020805
-931.4339,6,290.03853
-2233.6982,36,290.080698
-1546.7329,51,290.09302
-1638.1414,26,290.093121
-448.72897,33,290.107376
-1200.34,17,290.116168
-708.4581,30,290.140181
-3595.2144,140,290.140298
-1090.8163,3,290.154095
1402.2307,77,290.154197
-1383.9277,17,290.173874
-1057.4403,5,290.173981
103.12402,26,290.187618
-2373.8867,37,290.198842
-1051.9198,11,290.198926
-1242.0945,6,290.222725
-1422.0394,15,290.244663
-2136.219,16,290.244739
-991.2163,4,290.256964
-1839.5619,8,290.257055
577.7528,30,290.27701
-1046.1461,2,290.277364
-2469.7905,20,290.303278
-2150.7422,6,290.330524
2443.7266,84,290.342052
-1479.3069,13,290.342162
-973.9984,3,290.374818
-1555.7302,9,290.383973
-954.6433,4,290.399221
-1267.1587,45,290.422667
-905.31036,6,290.422735
-1066.5742,6,290.458106
-822.24524,37,290.50374
-768.1416,18,290.503836
-1028.4261,7,290.517303
-296.91602,39,290.533357
-1971.741,27,290.571044
-335.45355,32,290.571135
-1142.9125,5,290.571165
-962.81683,4,290.584189
-1284.0105,9,290.584566
-1050.5939,3,290.606687
-2948.2354,18,290.606806
-1362.8914,39,290.617451
-1172.1268,4,290.653465
-1315.8651,12,290.666982
-1371.4142,8,290.667046
-1418.8558,5,290.683058
-1154.5258,3,290.696767
126.74451,45,290.708228
-2192.2246,13,290.742007
4206.661,84,290.753988
-12.31604,47,290.7958
-955.8112,30,290.795859
-808.6112,41,290.856644
-1274.7354,21,290.952743
-3238.3145,43,290.97227
-994.0466,7,290.995673
-1036.4011,2,291.033847
-1278.8492,54,291.033939
849.19934,51,291.046236
-1183.1273,19,291.171881
-3200.8706,18,291.226068
-2768.65,22,291.226185
-1915.7808,90,291.244454
-947.6269,15,291.255285
-1451.3663,35,291.277238
-831.9187,10,291.277341
-1003.5826,3,291.277358
-1038.287,28,291.29015
-1047.8555,15,291.303945
-1504.8083,27,291.314948
1466.4231,66,291.31504
-2016.5149,13,291.329505
-1040.6865,2,291.347007
-1233.6119,6,291.35763
1036.1503,71,291.379009
-149.96051,64,291.379097
-1257.1919,7,291.390602
1788.6396,87,291.390761
-827.3694,41,291.407811
-2633.54,36,291.407919
-1673.2598,20,291.421823
-1224.7902,14,291.448137
-895.7183,3,291.448303
-989.3565,9,291.458907
675.02466,95,291.481254
-730.5293,27,291.504245
-1569.756,12,291.53705
-1487.918,13,291.549106
-1016.1696,2,291.567977
-1890.7258,11,291.568031
1947.4899,67,291.568046
-1840.7279,10,291.578083
2551.3657,62,291.578146
-1381.0936,9,291.591943
-2339.1006,44,291.612829
-846.675,17,291.625215
-1036.1128,43,291.625308
-1872.4641,4,291.643672
-1175.1436,5,291.655348
-1019.44214,3,291.676462
-997.9587,8,291.67653
-1381.0466,6,291.689772
-780.7224,26,291.689844
-609.0957,36,291.689863
-1189.7438,5,291.72016
-1069.0521,3,291.735958
-1187.7185,5,291.736027
-1078.9023,10,291.736041
-1468.5562,11,291.759938
-1094.4034,5,291.76
-1607.9062,33,291.776249
-1484.3065,13,291.798408
-845.7331,5,291.798473
-1891.844,10,291.798491
-1154.1838,4,291.814875
-906.9894,7,291.814966
-3741.1387,36,291.828022
-916.5131,7,291.828105
-1739.424,34,291.870067
-999.687,5,291.892981
-1217.1001,7,291.893043
-913.64764,8,291.907787
-4057.9624,41,291.92095
-1680.8208,38,291.921056
-608.7382,29,291.959492
-1877.6576,14,292.018926
-842.50586,6,292.053639
-1033.4354,3,292.066036
-2170.2227,41,292.090652
-1043.7439,2,292.117807
-1444.1104,22,292.117894
-1031.7161,4,292.143652
-2172.0059,14,292.143744
-1431.1881,15,292.196337
-875.0394,26,292.196479
-1729.1072,5,292.196505
-1067.321,2,292.225992
-1058.5411,6,292.239348
847.1816,53,292.25157
-1489.6367,5,292.266314
-115.20862,33,292.266386
-1208.8036,65,292.288601
-1092.9447,3,292.301254
-998.5559,2,292.301347
-1082.1847,8,292.314791
-890.05756,53,292.314863
460.59424,70,292.33206
67.88696,37,292.357384
-2589.397,32,292.357447
-2426.7817,15,292.376654
-1013.8813,27,292.376756
-804.87866,36,292.397742
92.6156,40,292.420376
-1277.8226,28,292.42043
-1190.7273,34,292.455048
-548.0895,47,292.493822
-694.7347,26,292.570026
-1654.541,16,292.570121
-1413.229,47,292.672528
-951.96497,13,292.685913
-1024.4691,2,292.697222
-1551.8663,11,292.709579
-1304.581,12,292.723248
-2050.765,27,292.76622
-3009.416,61,292.7902
31.755493,89,292.809621
-1273.4196,44,292.840542
-1041.384,7,292.890526
-3300.726,12,292.918225
143.93225,39,292.937968
-1209.1318,3,292.961113
-1038.3973,39,292.991091
-3489.8123,46,292.991164
-2057.6543,21,293.012362
-760.2344,43,293.069724
1187.0994,82,293.087677
-933.8434,6,293.087754
-817.885,45,293.10047
-996.5129,7,293.100582
1608.118,56,293.121188
-1070.9677,2,293.121255
-1177.2849,48,293.183186
-1503.5725,6,293.183255
-825.41693,54,293.183273
598.3458,66,293.243182
-1249.9579,10,293.243281
-960.4075,5,293.257813
-944.187,38,293.270591
-1039.6874,3,293.284786
-1555.4231,15,293.297881
-1423.8241,61,293.298076
-766.06195,61,293.298109
-339.5243,66,293.31611
-1654.0253,27,293.348317
-1644.7087,5,293.381971
-1000.901,25,293.382564
510.5506,38,293.382613
-1918.5515,21,293.421219
445.64093,43,293.434685
-1553.2896,4,293.434748
-2230.142,18,293.447414
-2586.0293,49,293.447485
-2597.3987,19,293.461452
-1122.1184,11,293.461538
-1117.4535,9,293.481944
-1361.6146,13,293.482055
608.55536,78,293.521837
-2632.061,14,293.541833
-1009.13855,7,293.587624
-3306.3018,45,293.588023
-983.5345,9,293.610977
-1036.089,7,293.611064
-1354.5369,9,293.632489
-1305.8544,13,293.643788
-2235.74,52,293.643861
-1780.6758,24,293.656129
-1228.0365,4,293.674434
-1915.4658,19,293.688315
-2755.8672,10,293.688404
-1105.6666,7,293.688424
-928.0273,4,293.70549
2091.315,95,293.779322
-862.87506,7,293.779419
137.99774,27,293.795573
-1097.7579,2,293.808841
-1303.5131,22,293.825805
-1175.792,5,293.901706
-2832.9844,55,293.901789
-402.89117,43,293.901809
1502.0355,108,293.996456
-2591.2803,21,293.996554
-3259.542,21,294.031491
-1842.6704,13,294.031569
-772.41815,35,294.047791
-1050.6455,4,294.082375
-1451.3232,4,294.082448
-1013.52246,40,294.082465
-1307.6868,17,294.103563
-1283.6625,11,294.103621
-2088.7988,29,294.1419
-2580.8328,36,294.141996
144.20776,55,294.179569
-292.54156,58,294.179652
-2583.2893,10,294.202714
-3323.6099,18,294.216855
-2702.6753,8,294.216951
-1097.8601,33,294.230673
-4242.8105,41,294.256917
-1072.2786,5,294.256992
-1633.8931,39,294.25701
-1257.9066,11,294.278687
-495.5589,23,294.298606
-1002.5854,5,294.299063
-992.7496,14,294.313417
-1020.995,9,294.356475
-860.76154,5,294.35656
-2185.2908,11,294.378333
-334.49152,38,294.387985
-1763.3123,15,294.410906
-1040.1907,2,294.435325
-1009.1728,4,294.456246
-919.86115,31,294.468282
-900.9233,69,294.533125
2980.4229,101,294.533211
-4180.055,18,294.569152
-2267.907,27,294.569243
-1618.0952,7,294.591259
2803.781,94,294.591319
-1050.1628,3,294.614865
-2228.479,16,294.628271
2269.974,69,294.628347
-1122.6216,3,294.652889
-985.15686,5,294.652999
-246.2088,37,294.664694
-1038.3884,2,294.676318
-1020.7362,7,294.676405
-1878.6642,21,294.676423
-2190.1567,11,294.688911
-311.61676,41,294.715401
-1842.8049,18,294.715472
-1070.1051,3,294.727035
-901.48346,5,294.758885
-1023.3481,3,294.758986
-450.01147,21,294.772776
342.9037,35,294.800097
-1083.8192,5,294.820556
431.16162,45,294.820708
-1250.2764,10,294.857765
424.125,83,294.907405
-2021.14,14,294.907491
-631.8502,60,294.907509
-927.4499,50,294.944207
-889.1357,9,294.958505
-1025.0526,3,295.002309
-1118.8882,23,295.062486
304.49243,30,295.062582
-650.1781,27,295.0626
-1004.91394,5,295.079401
-1021.57733,2,295.095927
-2085.4497,17,295.108673
-726.6388,57,295.108781
-1128.4407,30,295.131161
394.73553,38,295.131628
-1135.9272,5,295.172247
-2420.3447,102,295.226668
-1578.8853,7,295.226737
-2179.793,19,295.226752
-1594.4254,8,295.226758
-2184.3618,22,295.226763
-1299.4292,12,295.251313
-918.5071,42,295.263788
-1216.2081,4,295.274947
-965.27594,48,295.326036
-2509.3755,14,295.326121
-1031.8896,8,295.347643
-1098.5933,4,295.347738
1623.3081,75,295.367618
-2563.395,15,295.378374
-1343.2117,4,295.37844
-1072.3793,2,295.390691
2718.6792,77,295.390775
-1351.1189,21,295.407095
-3051.4902,16,295.449195
-1161.3059,7,295.476426
-2293.5112,13,295.524296
-2443.1497,9,295.524378
-2756.4326,11,295.546771
-1137.8696,4,295.547132
4696.0894,85,295.559533
-737.7901,50,295.559603
-358.1504,47,295.586601
-3262.2222,14,295.598057
-117.154724,56,295.619778
-1122.145,6,295.674742
-1375.3098,31,295.674835
639.9326,78,295.674856
-1021.438,16,295.695827
236.47052,44,295.70783
-1370.6746,4,295.741683
-1100.4424,3,295.741762
-1018.25574,3,295.763145
-1229.9066,13,295.763221
-2648.0723,24,295.775475
-2277.7114,18,295.838024
-1279.901,15,295.860755
-487.729,54,295.873785
1819.4714,66,295.884774
-677.4167,25,295.909759
586.506,78,295.909838
-845.4309,16,295.928408
-1155.5642,13,295.939683
668.53906,79,295.939766
-1440.9331,18,295.958982
689.3014,47,295.959043
-1819.8783,108,295.988666
-729.64105,52,296.013423
-1029.6183,10,296.046058
-915.2561,18,296.046158
-1010.3892,9,296.063146
-2931.564,54,296.085618
-1865.0315,4,296.102628
-1247.8639,6,296.124317
-1134.2781,3,296.136193
-940.83734,7,296.161996
-1265.4177,21,296.162068
-1982.9039,13,296.181044
-663.1709,17,296.228862
531.89026,31,296.251308
-1157.8011,7,296.264498
-2146.08,48,296.264569
-1095.0131,2,296.278409
-1137.2339,11,296.304036
-1120.3163,12,296.340118
-3034.5122,67,296.340233
122.165405,53,296.340253
-997.0231,5,296.363013
-1022.45746,4,296.398601
-308.49188,43,296.398696
-1832.8745,34,296.424872
535.4848,37,296.424954
-2053.0886,4,296.436076
-1470.5377,11,296.436211
-1114.1398,4,296.472119
-2740.0757,49,296.472206
-1096.7375,3,296.515714
389.6496,43,296.579575
-258.78912,88,296.627831
-1152.7722,18,296.697187
-1147.9875,53,296.711748
-551.5886,31,296.711816
-2028.8567,10,296.738053
-2866.7458,19,296.760777
-2507.7188,78,296.775142
-1177.5323,18,296.796939
-599.9845,57,296.797049
-1529.0579,31,296.80998
-913.93756,5,296.834359
834.44354,46,296.834404
-873.00745,31,296.866853
-1332.2239,11,296.866951
-1014.2493,3,296.866969
202.59937,33,296.878549
-2289.8994,12,296.878644
-235.48914,65,296.893066
-1799.5287,15,296.90645
-999.2067,4,296.918778
-818.0705,7,296.918869
-1114.6342,3,296.930815
-2495.2236,48,296.943305
382.16663,57,296.943395
-853.3718,8,296.969796
-2216.9165,15,296.969873
-1086.6326,43,297.009704
-1101.2803,8,297.025247
-1116.1342,3,297.057008
-1143.0222,10,297.071975
-3543.1855,17,297.095951
-920.7822,17,297.108062
-1128.441,24,297.108159
-1881.2747,8,297.142709
-3996.5835,20,297.158392
-1456.6848,52,297.172326
3987.9624,111,297.172394
2095.3853,81,297.17241
-1117.4695,29,297.201151
-1206.2739,5,297.212637
-1008.04565,4,297.234788
-1055.9282,2,297.266973
-2010.0585,13,297.303049
-1060.2407,7,297.331361
518.68396,101,297.331456
-901.2217,19,297.359672
-979.16,3,297.376535
-1218.815,31,297.376623
404.00024,80,297.376642
-1638.6892,12,297.393471
-1042.6401,2,297.393554
-1284.2688,7,297.436119
-1444.2736,31,297.436234
-1214.9941,22,297.448223
-1550.5652,38,297.602005
-2705.5269,53,297.602079
-331.27234,53,297.648996
-1111.2618,3,297.649108
-1304.2739,9,297.669234
-406.71613,102,297.669311
-3101.3525,27,297.680897
-1184.8824,4,297.731512
-1072.2076,23,297.731604
-1057.0696,2,297.731624
-1091.2202,4,297.751225
-186.68939,23,297.77702
-1266.8303,18,297.777095
-188.04938,33,297.777114
866.51526,39,297.800824
-880.089,22,297.822213
-1009.5532,6,297.822283
-2555.4453,74,297.833317
-1476.4607,5,297.848634
-465.4395,57,297.859913
-1418.1173,7,297.882343
-1362.2712,16,297.922978
-814.93756,29,297.934408
817.7368,58,297.950392
-909.78046,5,297.950474
-1251.0934,16,297.969891
-2450.285,15,297.970009
-994.17035,11,297.970029
-2809.0261,25,297.998361
-1816.4725,5,298.008914
-1630.1997,13,298.008995
-1284.3533,7,298.027635
-3811.7515,32,298.038247
-1263.924,15,298.054023
-1290.6958,6,298.076976
679.8098,36,298.077043
-1271.917,9,298.099687
-1387.7649,5,298.09976
-404.3758,43,298.126415
154.47339,56,298.126463
-1782.4536,12,298.126476
1691.4584,115,298.140083
-1984.8209,5,298.159264
-2023.8569,6,298.190297
-1886.5784,10,298.190396
-3654.5085,69,298.210146
-1059.195,3,298.233948
-1463.4258,10,298.245679
-252.93542,53,298.280733
-919.3875,21,298.280807
-1812.3271,10,298.297597
-1907.9976,9,298.297707
-224.79712,30,298.310457
-1817.5015,44,298.331226
-929.4026,19,298.372983
3132.5454,90,298.409227
-1122.22,19,298.427921
-2967.2615,25,298.439306
-1938.9536,12,298.439386
-226.87347,21,298.457974
-837.1433,5,298.458034
-514.61487,34,298.485735
-2058.6682,17,298.49846
-1232.9899,48,298.545645
-1063.412,6,298.545981
-2010.5659,18,298.559407
-2793.329,19,298.580286
-1173.718,57,298.593718
-229.1886,24,298.658839
416.8385,44,298.678764
-1006.6453,6,298.678886
55.820312,37,298.695803
-2373.7292,12,298.731262
-1022.54236,3,298.731356
-2140.3005,5,298.742545
-888.9712,4,298.763645
-2390.2036,67,298.79252
-1065.4293,2,298.792584
-1478.2537,26,298.809446
-1818.2397,20,298.809639
-1197.6425,6,298.831271
-1007.9315,2,298.831344
-1050.5834,58,298.843378
96.672485,36,298.876155
-366.35718,37,298.87621
-3263.0635,43,298.876224
-1099.7051,2,298.876231
-982.7523,5,298.902759
-1119.5498,47,298.914753
-1085.1106,23,298.936985
-1821.6887,12,298.937072
-994.6304,8,298.957917
-852.2559,25,298.957985
173.90137,72,298.958001
-1329.9675,16,298.979753
-1040.9249,2,298.979865
-469.26483,33,299.00286
-1661.0692,10,299.033339
-1298.186,46,299.044772
-841.0548,32,299.044861
-1059.4349,40,299.044888
-1261.7509,8,299.077641
-2941.6694,13,299.077721
-2079.4333,18,299.088284
-1447.5637,11,299.10221
-1357.9725,4,299.126393
-727.6038,18,299.188918
-1353.3591,78,299.18901
-130.36304,28,299.213284
-2397.8677,12,299.213342
-1162.1853,11,299.23451
-1648.6439,18,299.234597
-1080.9688,3,299.252506
-1033.9385,2,299.264438
-1091.309,4,299.264506
-1447.5801,28,299.277678
-3520.6968,17,299.27777
-1123.5747,3,299.27779
-1768.6512,34,299.308435
-2669.5842,27,299.308492
-1449.4172,24,299.318867
-1099.1154,4,299.342899
-1098.8395,4,299.367194
-1798.4863,13,299.380013
-447.34116,34,299.389515
-920.29456,19,299.389566
-403.9425,29,299.400574
829.38617,66,299.418443
-203.79443,36,299.455933
-1337.6349,10,299.470104
89.378296,54,299.470194
-1146.206,7,299.484198
-870.723,17,299.499876
-1054.9547,3,299.499948
-1559.6354,11,299.532489
-2138.402,10,299.545052
2760.1243,76,299.573991
-1036.9817,8,299.620841
-3518.141,26,299.620913
-871.12665,6,299.634275
-1645.103,12,299.66591
-2893.1785,57,299.696864
-1814.1753,13,299.696939
-1846.2163,30,299.696956
-933.4294,13,299.72102
-451.7519,26,299.73293
-896.7317,7,299.733006
-1202.1707,5,299.733022
2021.2042,88,299.751906
721.65796,49,299.796916
-1629.2526,25,299.837001
-1418.7075,16,299.858847
-1523.2261,8,299.858922
-1518.2428,8,299.870464
-1055.4615,2,299.895682
-1423.0414,45,299.92829
408.4082,62,299.928363
-2428.9268,14,299.942798
-2035.0052,36,299.942931
-1080.8302,4,299.985815
-1732.4824,22,299.999261
-1412.528,20,299.999312
364.06726,27,299.999321
193.57007,50,300.010866
-2196.7913,7,300.010937
-387.8584,71,300.031251
-1066.1777,5,300.059766
-3670.1367,19,300.059972
-1577.9941,16,300.08356
-436.9333,50,300.111531
-1783.7924,8,300.130439
-1276.5824,14,300.130497
-2658.976,18,300.165006
-1121.0869,4,300.181783
-918.26697,9,300.210048
-1353.8477,81,300.232578
1301.9237,66,300.232671
-1190.4584,9,300.268281
-879.14484,13,300.268361
-2299.3745,12,300.268377
-434.39636,40,300.287528
-1288.8185,18,300.287588
-1039.0033,2,300.300417
-2037.576,4,300.300538
-1093.556,43,300.323979
-2849.328,21,300.345101
-1360.6886,28,300.359138
-658.95197,13,300.359254
-2278.5725,12,300.359281
-1335.8037,36,300.378618
-1124.0973,8,300.413505
-1164.6318,4,300.413585
-977.58875,5,300.441329
-1350.3115,14,301.958608
-1524.4955,11,302.004883
-753.2328,31,302.024535
3675.6714,81,302.024597
-127.1864,90,302.024619
-872.6719,18,302.072691
-1273.3947,16,302.099499
-2002.1938,13,302.09975
-2201.71,12,302.110934
-1971.1218,12,302.127738
-2493.1265,23,302.153177
-1033.3219,25,302.153275
-961.9286,6,302.164741
-3037.215,9,302.232921
-2871.7793,17,302.256729
-1234.6774,7,302.256816
-3.440918,43,302.283974
-1497.9736,53,302.313278
-2115.2012,15,302.32802
-1073.1484,3,302.328088
-845.66473,22,302.342434
2894.9053,76,302.365547
-1064.1078,2,302.365648
-764.80365,32,302.37523
424.0569,42,302.387409
-1041.8109,2,302.38749
-79.56445,36,302.40477
-2058.9197,91,302.404852
-1133.5052,6,302.404863
315.66455,60,302.420831
-1027.6741,3,302.434089
-1101.549,3,302.43416
173.88269,58,302.535867
132.13947,31,302.570813
-1477.9603,11,302.570868
-2660.9558,32,302.570882
-1772.4641,16,302.570889
4415.679,112,302.596915
-2755.374,43,302.61942
-332.54248,27,302.619498
-1364.0735,24,302.645703
-910.33997,5,302.645785
-4297.136,19,302.660064
-34.858887,49,302.694499
-1565.4487,23,302.724621
340.47992,66,302.724736
-2132.192,45,302.737162
-387.97424,39,302.762339
-1104.5929,28,302.773708
-987.92505,5,302.788984
422.6228,27,302.789053
-396.3512,67,302.80229
-1014.7664,4,302.844537
-1013.15985,4,302.892562
-1808.0212,12,302.938366
-1044.1561,4,303.032428
-948.55225,5,303.222459
-3053.3599,28,303.299137
-2895.838,29,303.324668
340.6192,54,303.324746
-2223.6455,37,303.334924
367.22723,33,303.356976
-815.37805,38,303.379295
-1652.322,4,303.397203
-1420.5881,6,303.421257
-1436.2332,6,303.446422
1654.3481,74,303.47126
-995.49097,37,303.52826
-851.7216,10,303.551535
-1432.0759,12,303.564897
2855.4502,136,303.586347
-1499.6552,20,303.613619
3785.1782,80,303.644317
-205.98395,28,303.644426
-2889.9412,9,303.666766
-733.676,56,303.689395
-885.8521,7,303.711967
-3044.085,61,303.71204
-1467.6996,5,303.730314
189.17517,57,303.756056
-678.75793,78,303.756167
-480.0584,66,303.796122
-485.78976,51,303.81783
-1189.3755,5,303.830356
-2581.5366,17,303.842855
1847.8678,83,303.854301
-1408.5027,3,303.854379
1053.4828,50,303.854397
1005.7621,69,303.872459
-1460.9951,22,303.872578
-1594.5137,17,303.894971
-919.2452,8,303.905953
-382.9265,36,303.93395
-998.4012,7,303.946326
2267.9917,57,303.964142
-1473.4668,8,303.96422
-2650.046,65,303.985272
-1157.8151,4,304.034107
-4078.5117,17,304.057817
-4507.3833,52,304.057885
-989.6317,9,304.079059
-1064.5662,8,304.079137
-686.9283,43,304.090006
-1056.3873,2,304.102519
-540.89764,76,304.102604
-1004.8378,4,304.123783
-1050.0022,4,304.123876
-1002.49603,2,304.135164
-1098.2012,19,304.135252
-1643.6926,30,304.148902
-990.3277,3,304.169721
-741.8168,30,304.185516
698.2142,34,304.185605
-4261.778,76,304.185624
-2944.8264,9,304.217611
-1032.5552,7,304.230164
-1170.1454,8,304.26636
-2175.6924,27,304.286927
-1484.7153,22,304.335531
-798.59143,9,304.352902
-2935.4229,15,304.37175
-1922.984,12,304.371829
-2300.8296,32,304.371849
-1066.4757,2,304.394876
-298.52026,42,304.407658
-1008.4153,7,304.418629
-616.10956,56,304.418724
-1078.436,35,304.439777
-3448.725,22,304.461274
-2294.8276,6,304.47408
-1635.876,25,304.498687
-2414.3657,7,304.509887
-954.4885,12,304.523791
-1038.1656,2,304.523892
-956.1004,10,304.544629
-1102.8799,5,304.586673
77.814575,76,304.601455
-4222.411,42,304.632829
-1070.195,3,304.643676
-2034.6389,24,304.663379
-1002.3215,3,304.691713
-1615.7388,19,304.716287
-1808.8618,3,304.726989
-1872.0784,12,304.76184
-1119.8146,11,304.809668
-637.682,30,304.809742
-2436.52,54,304.821063
-1063.2548,6,304.836663
-1162.833,3,304.865884
-458.52716,32,304.865969
3689.4785,85,304.876542
276.04767,57,304.888821
-1052.2128,6,304.888884
-1340.5115,77,304.899012
-884.2417,21,304.911105
-450.69977,42,304.924138
-1286.733,9,304.924505
-318.33673,35,304.942745
-1534.2379,5,304.954384
-1935.7224,7,304.984145
-1676.8196,8,305.016112
375.7071,96,305.037409
-366.24243,69,305.065083
-1093.9187,10,305.078228
1214.0774,91,305.122713
-1005.7405,2,305.14563
-1971.5955,48,305.186101
-2471.6487,50,305.205352
-2318.4692,10,305.218433
-1163.2075,4,305.248609
821.6936,103,305.263488
-1318.3126,18,305.281075
-583.4459,22,305.281163
-1214.9641,11,305.470674
-997.89655,31,305.47079
2123.309,140,305.485419
-1733.1489,11,305.50795
-2250.3157,11,305.530706
-1956.2571,13,305.544108
-355.54095,37,305.544427
-1057.9309,6,305.576639
-607.37616,21,305.598477
-413.74542,57,305.609732
-771.9133,33,305.609839
3045.7334,92,305.633653
-1604.5085,51,305.646135
-1031.416,8,305.646451
-1034.9502,6,305.658243
-1009.47656,2,305.673015
-454.63754,46,305.673095
-3306.4453,52,305.689222
-1069.7058,2,305.711293
-508.54895,53,305.711383
924.1669,98,305.711412
610.9904,33,305.729424
-1029.6642,2,305.747083
-1196.9127,27,305.763152
1275.212,79,305.763234
-1079.1677,11,305.774662
-1167.0842,6,305.787477
-2678.9026,28,305.870066
-912.62445,10,305.882475
2085.87,77,305.905236
-1559.3508,27,305.905314
269.914,34,305.946251
2199.5068,72,305.981275
-2443.441,9,305.998067
-1247.951,69,306.051899
535.6159,30,306.052001
-1423.9929,25,306.065873
-2220.0474,14,306.090363
-1537.0298,64,306.090424
-1403.582,33,306.143415
5982.9756,142,306.169647
-953.22076,6,306.169728
626.31537,32,306.199947
-2868.7458,21,306.200038
-1025.6345,10,306.200055
-2460.7573,40,306.225565
361.5551,46,306.238562
-1016.5884,5,306.238621
-1086.2185,2,306.251999
-1026.3945,8,306.278733
-957.08813,59,306.289368
-978.3776,8,306.303333
-1073.2811,5,306.3034
-1129.4797,42,306.351017
-199.42957,55,306.399069
-1343.4952,38,306.413081
-1365.2455,9,306.413141
-2191.7656,53,306.433582
-2861.533,26,306.489115
-1160.765,65,306.501002
-1766.7151,8,306.534513
-521.7458,45,306.545222
828.3905,61,306.558813
561.4724,76,306.583171
-1004.7275,8,306.595024
-563.88904,69,306.650716
-291.03503,42,306.650857
-2377.2979,45,306.66316
-375.2739,51,306.677242
-1056.8936,2,306.686113
-376.34412,34,306.686412
808.07996,52,306.701341
-1316.5286,5,306.713195
-1188.7161,12,306.71328
-1368.0184,72,306.734091
-966.36273,6,306.75617
-1150.0399,26,306.756231
-1031.1982,6,306.769307
-25.204834,28,306.794799
-1806.5713,41,306.820891
-1437.0332,10,306.84865
-789.6291,8,306.848718
-1841.6549,6,306.894696
-427.2115,42,306.916785
-1508.4567,33,306.940645
-1657.4639,29,306.965668
-760.1447,54,306.965737
-1939.8434,43,306.9872
-1627.5217,10,306.98726
-1005.50574,34,307.026356
-3320.7354,72,307.042179
-391.1147,26,307.042275
-1421.6029,64,307.058713
-1054.5123,2,307.058804
-1066.9592,8,307.058822
-478.1471,35,307.071911
-1093.105,3,307.084097
833.96106,66,307.084173
-1110.5629,7,307.084193
-1143.5068,3,307.107037
-1037.708,4,307.126371
-2022.2681,11,307.126452
-753.99725,32,307.13937
-2781.12,35,307.139411
-1650.1941,28,307.139423
-1307.3723,7,307.165228
-951.79456,8,307.181931
-1092.973,5,307.205848
-948.50305,21,307.205965
88.52051,32,307.223279
-2517.7065,7,307.235645
-1489.4493,8,307.259778
-1667.0312,16,307.271134
-2564.045,14,307.29627
-1798.5361,21,307.325138
-2761.4998,52,307.350717
-2346.073,43,307.370044
-880.72644,9,307.392646
-1029.7507,5,307.392741
-769.84906,18,307.392761
-2182.96,27,307.420249
480.30267,48,307.420332
-1514.6561,17,307.432751
3526.5012,86,307.447714
161.39172,35,307.447786
-1457.2507,19,307.447802
-2103.5125,5,307.459876
-1494.7299,6,307.499513
-1031.5353,15,307.499588
-1711.0546,6,307.534655
-962.75183,10,307.534723
161.98279,36,307.55591
-2609.8596,14,307.616533
-2411.389,18,307.62899
-858.2981,8,307.640445
-2776.1733,16,307.653515
-1180.8903,4,307.672924
2850.5796,102,307.683665
-915.32666,31,307.683715
-1485.2921,15,307.717713
-1066.1274,2,307.745698
-317.19098,22,307.756954
-1083.3352,68,307.779598
-1040.1736,11,307.803185
-1983.3237,42,307.803268
-1382.5865,21,307.829609
-3393.1445,47,307.829652
-2228.3103,13,307.829663
-920.016,11,307.861537
-1050.6635,2,307.870875
-1087.5377,3,307.891973
-973.1626,7,307.903231
-1210.2084,5,307.90337
-1115.3868,10,307.925792
-1408.3732,32,307.937705
-1013.5095,2,307.937783
-1109.4728,4,307.937801
-2960.1377,20,307.937808
-2206.8765,30,307.959571
-161.09564,41,307.959644
-2274.3572,10,308.002348
-2462.371,5,308.002435
725.6272,56,308.016984
-1000.5409,5,308.017067
-959.3308,6,308.017085
-2392.43,25,308.047152
-1011.0572,3,308.057384
-982.90424,7,308.094451
-1139.5626,9,308.165868
-2247.0444,34,308.165954
-2526.5479,77,308.220565
-1518.889,16,308.220694
-1468.3098,49,308.233801
3849.6133,103,308.326624
762.8048,82,308.341296
1247.4346,32,308.354965
-1554.6941,44,308.355083
-1002.9824,3,308.366325
-989.2228,12,308.391395
-1154.9175,4,308.42393
-2301.0254,24,308.423996
-459.22595,45,308.463347
141.56152,140,308.483356
2470.3242,73,308.483425
-1427.3997,44,308.512581
-1358.0977,8,308.535499
-1440.0013,11,308.535576
93.267944,47,308.53559
-1112.3585,14,308.551093
-1844.3445,9,308.551202
74.42444,45,308.563293
-1075.4158,3,308.575053
-2.8548584,44,308.59749
-1480.1942,4,308.621976
-1732.2461,8,308.652724
-1813.7344,10,308.663239
357.42297,92,308.674104
-1046.611,2,308.688238
1974.0869,126,308.714342
-212.17627,41,308.728891
-973.0376,10,308.728981
-939.63635,14,308.739538
-967.2607,46,308.782799
-1152.3427,5,308.797996
-426.12402,59,308.798092
-2168.1875,6,308.798121
356.71753,72,308.863585
-2731.6572,31,308.863661
-1668.7024,33,308.886194
621.52954,50,308.886274
-873.4018,9,308.914917
-1556.454,11,308.934894
-1089.2452,3,308.966766
72.724304,43,308.966878
-904.8293,3,308.984746
-276.79858,34,308.984814
-1006.4688,8,309.006695
-986.22144,41,309.03481
74.15405,82,309.056762
-1427.3187,10,309.056853
-311.96674,37,309.056874
-1802.8469,5,309.056881
-1841.3118,20,309.097855
-404.97308,32,309.097972
40.906494,92,309.097987
-796.9935,44,309.115201
-1337.1788,6,309.148527
-848.8061,10,309.148597
1971.0051,69,309.21565
-4291.092,84,309.215732
-563.09644,37,309.215751
-2429.4155,15,309.227497
-892.8276,36,309.243223
-2293.7075,22,309.243291
-1090.4385,3,309.255648
-434.4984,68,309.320804
-2127.9922,19,309.334402
-2144.4236,52,309.368964
-1062.2607,3,309.384452
2.6807804,28,309.40074
-1240.89,11,309.400823
-652.4874,23,309.400843
940.2991,47,309.432793
-1190.8746,4,309.455745
-742.6653,25,309.455822
-1130.6,3,309.467813
-3895.3306,21,309.479508
-271.2519,25,309.489073
-979.8562,3,309.512708
-2203.6611,19,309.512777
-1351.7731,26,309.54972
-1182.3624,19,309.5498
-1189.5653,7,309.549816
414.90735,30,309.573718
-2219.684,36,309.573799
-1062.9283,5,309.592395
-1100.3533,3,309.604353
-1082.6903,4,309.621816
-2895.0847,33,309.6219
-1994.4198,11,309.62192
-2203.9097,14,309.638908
-572.8013,27,309.651148
-771.3385,35,309.67096
-1715.6802,8,309.68416
-1212.2251,5,309.684245
-3608.8203,19,309.704739
-1664.3636,8,309.732641
-1026.7827,9,309.755673
-1038.6781,7,309.755776
-1237.0972,8,309.789839
-1044.218,12,309.803915
625.54877,31,309.819868
-523.6342,76,309.829924
527.7273,68,309.842884
-1258.115,19,309.867963
-1306.3732,14,309.904175
41.083252,35,309.924667
-1638.3899,8,309.924739
-1571.5598,9,309.953049
-970.80725,62,309.985325
-1092.9738,9,309.998717
-1116.8704,35,310.011358
-1026.3862,2,310.011452
-1253.8217,6,310.011475
-1165.6201,20,310.034798
-1155.4573,11,310.089256
-961.58185,8,310.08933
-1836.8141,59,310.102852
-105.0448,39,310.128469
-1669.0205,9,310.128524
-1049.3301,15,310.128534
8.222595,45,310.128541
-1184.8076,4,310.159994
-1114.2208,3,310.168816
-3026.305,37,310.198844
-1068.7299,21,310.198918
842.83887,44,310.198936
-906.269,5,310.198942
-1035.9236,2,310.232762
-1361.6146,29,310.252572
-2319.3398,43,310.287534
-1521.0964,14,310.29685
-967.9133,9,310.336701
701.53577,39,310.348212
-411.82416,25,310.385299
-2303.9297,13,310.385347
669.8761,62,310.410456
-1683.6864,13,310.421134
-2483.834,10,310.443839
-1030.6019,3,310.454414
-713.1847,50,310.471795
-1404.4733,21,310.48125
-1022.9062,2,310.492964
671.32544,89,310.51697
-2982.3306,9,310.544068
-57.743896,65,310.556705
-1094.5891,7,310.581446
-1443.587,13,310.622346
-1939.8757,36,310.632545
-1801.1818,35,310.646355
473.69385,38,310.646425
-337.57074,21,310.667454
-1220.4049,4,310.693455
1745.4453,70,310.704534
-2004.5198,12,310.704655
-1066.2352,7,310.722568
1121.3953,52,310.722748
-2424.0625,29,310.722785
-1076.9269,4,310.722795
-1043.7606,2,310.745693
-1073.8906,3,310.745799
-1730.2471,46,310.759952
-1026.0554,2,310.78307
-2594.232,13,310.816104
-2895.1646,76,310.828155
-66.78644,32,310.855807
-652.65826,41,310.855883
-962.2339,6,310.867152
-889.8412,10,310.878746
2439.2856,104,310.894191
-850.9177,6,310.90402
-1591.8916,43,310.917161
-1822.8232,29,310.917249
-1013.6443,5,310.917276
-264.88208,41,310.932081
-872.973,6,310.932161
1925.9396,142,310.93218
-1178.7544,18,310.959942
-1179.9138,29,310.96
-1463.0898,22,310.99053
-1352.5354,14,311.003901
-1216.0488,6,311.004016
-1010.3803,9,311.025399
-509.36118,42,311.035662
-815.04736,8,311.035735
-128.6997,33,311.0673
-760.1802,25,311.067376
-1124.5767,4,311.080743
-1477.0736,11,311.080825
-955.27234,6,311.0928
-1147.8442,29,311.10867
-3270.667,14,311.140042
-2775.3389,12,311.202869
-1003.3237,24,311.216307
-1306.3862,16,311.262516
-1166.351,21,311.262597
-1289.686,12,311.375386
1185.3276,59,311.4099
3665.4146,96,311.425201
-170.0545,42,311.425276
-691.5373,10,311.439931
-1037.107,2,311.468054
-2221.7034,35,311.49232
-1071.4534,9,311.528728
710.6875,33,311.550854
-1592.9885,14,311.567363
-895.8141,5,311.567411
-1931.5269,11,311.580307
-231.26184,40,311.595019
-1022.63043,5,311.633687
-1159.2316,20,311.633798
-1016.51074,6,311.659166
-1405.0073,15,311.673156
466.63538,37,311.673199
-279.22028,39,311.702633
-471.85956,39,311.722897
-2553.0134,15,311.75235
-1354.267,38,311.765348
-1761.5076,13,311.780001
-1406.3552,8,311.780079
-1021.6377,11,311.797101
-1867.1062,110,311.82814
-1040.1776,4,311.828211
-960.5697,6,311.840011
-847.06946,8,311.840127
-1254.2329,21,311.871804
-2996.4373,38,311.907676
-2441.6096,41,311.907802
1525.7916,66,311.907836
1535.4421,58,311.936726
1503.5986,114,311.936801
-2684.746,52,311.936829
-1154.9175,11,311.9475
840.42615,81,311.969744
505.66248,55,311.969846
-1223.8999,6,311.993935
-1282.8059,14,312.00717
-1911.4792,15,312.007251
-793.7634,10,312.031948
-551.8542,25,312.05655
-2491.242,12,312.081049
-987.0238,2,312.081113
-1075.3778,5,312.08113
-1890.3801,9,312.081137
-2647.248,18,312.092499
-1057.2045,13,312.122017
-940.7366,5,312.143414
-1485.7305,15,312.168406
-3061.2124,43,312.168535
-2367.6829,6,312.20384
-1071.4547,2,312.203951
-1096.8625,3,312.215146
411.37585,83,312.240093
-3836.1174,19,312.254592
-1169.3807,6,312.287192
-3401.2388,29,312.315213
-1021.39655,2,312.315293
-1076.1422,9,312.326346
-2480.913,18,312.326411
-987.76697,18,312.326427
-1376.6854,35,312.33748
-1614.8352,3,312.35168
4246.1978,95,312.380836
-1048.6327,2,312.380907
-897.4462,22,312.392112
-1084.9131,5,312.392154
-1898.6586,55,312.418013
-1010.1931,4,312.4468
-1125.6057,3,312.461031
-1478.8959,6,312.461118
294.89783,74,312.480322
-1032.1288,35,312.491402
144.94043,57,312.517845
-1693.5763,19,312.517892
-1595.0154,14,312.517902
-256.93457,34,312.54447
-1288.4377,4,312.544528
682.2461,52,312.554786
-1551.8933,13,312.554853
-1431.7334,13,312.569453
-1247.1833,48,312.595529
-1320.2122,11,312.60678
-1036.6732,7,312.607186
-985.99,8,312.623502
-1055.2411,8,312.658355
-1675.3535,11,312.658442
194.19373,52,312.672823
-792.5776,26,312.687114
-1465.4243,9,312.687174
114.90167,49,312.687185
-1375.8234,6,312.709469
-4223.0767,37,312.751391
-1015.3655,10,312.751471
1181.3499,65,312.751489
-1363.0112,9,312.834642
-1112.8796,22,312.867878
-1653.8286,8,312.880136
-1624.3591,69,312.903396
-3316.7903,42,312.925125
-2388.0854,55,312.983824
-1352.1057,22,312.983918
144.10999,41,313.02738
-1150.3225,31,313.042601
1011.38354,97,313.042648
-978.5807,6,313.057573
-1406.0764,14,313.05767
-2406.7422,11,313.057687
-300.76733,44,313.057692
-562.73486,37,313.075151
-1810.7996,19,313.095238
-919.20886,4,313.107018
-2034.6616,31,313.1071
-3946.8677,36,313.107115
-1049.5264,2,313.132169
-1031.087,5,313.132229
-1872.4307,8,313.165178
-1051.9235,2,313.188745
-1498.7059,14,313.212291
-709.0416,49,313.212347
-1183.0184,10,313.212361
-2170.106,13,313.222927
-856.0532,9,313.238466
-1153.2837,4,313.269078
-1574.0276,16,313.29143
618.4619,73,313.313467
-1876.479,34,313.313557
-1725.6798,28,313.348212
-2222.1184,21,313.374122
-164.16339,51,313.384114
-1183.7246,4,313.401989
-25.650513,93,313.412155
-686.81934,28,313.432978
415.27148,51,313.445158
-534.7842,44,313.48553
-1615.5187,17,313.502064
-856.5848,17,313.528063
-1076.1273,3,313.537261
203.75098,58,313.547338
-3063.1194,27,313.59736
-1454.0552,35,313.597401
-1200.4065,4,313.59744
-17.154297,38,313.609419
-3821.0862,17,313.609502
-1053.9537,2,313.623006
-1908.0228,15,313.635142
-897.79364,4,313.647159
-985.0293,4,313.669095
-2901.4502,21,313.739176
-2090.6172,42,313.769497
-846.48584,17,313.76956
-1432.6426,8,313.78292
-1074.0997,4,313.813171
-1069.209,7,313.854636
-1353.1422,7,313.867857
3579.879,88,313.914557
-1947.0146,4,313.91466
1888.9865,106,313.936433
-2306.1162,9,313.951552
-1070.8535,3,313.970618
-677.01697,22,313.970699
-1094.4993,26,313.983502
-686.70483,31,314.025034
-428.95685,52,314.025095
-2714.292,13,314.056895
-1063.4995,48,314.07109
-85.17041,63,314.086028
1835.717,106,314.145393
1133.3466,67,314.145487
784.5377,36,314.145503
-3828.9072,47,314.164419
-2939.4927,16,314.183563
-2057.6487,17,314.20639
-738.0041,41,314.206471
-2304.5227,6,314.232535
-3602.5127,13,314.25946
-1169.3695,9,314.27435
2768.8354,74,314.27443
-2009.8187,23,314.29572
-942.07666,8,314.295774
-1740.8363,13,314.321867
-1072.2437,9,314.321952
-1090.8816,4,314.321971
-1063.8464,2,314.321979
-3420.813,74,314.333099
-899.32855,31,314.346347
-1115.1252,8,314.359621
-1014.89966,4,314.38006
-1260.9644,36,314.426411
-1130.815,9,314.440336
-3139.5444,31,314.452862
-1594.021,7,314.452956
2180.9592,69,314.472499
-3602.8716,9,314.472592
-913.29346,7,314.472612
-1040.6514,2,314.502571
-2672.7068,17,314.502672
-1093.9366,4,314.502696
-1265.6459,4,314.532114
-1017.7941,6,314.560143
-803.1642,37,314.571637
-814.58844,5,314.571779
-2920.4849,31,314.585464
556.314,42,314.608835
-1176.8483,5,314.632901
-2359.4092,14,314.65166
-1339.0139,6,314.651735
-249.2555,66,314.651753
-1957.2397,27,314.694399
2783.3723,148,314.729928
-904.21387,12,314.752425
-1581.7947,8,314.76489
2409.6987,125,314.764974
-584.2131,20,314.778867
1348.8645,52,314.800996
-1415.3782,13,314.824609
-1054.5038,6,314.839259
-1926.1786,16,314.850284
3078.8513,108,314.892031
-2435.997,24,314.911572
177.46277,54,314.933949
-1253.2859,10,314.957801
-687.06274,40,314.994961
1589.474,77,314.995049
-1117.0818,16,315.011372
-1119.5194,3,315.011445
-2102.9558,40,315.042424
-425.75485,38,315.069741
-2083.7617,25,315.069822
-2107.6582,9,315.083406
-1100.9991,9,315.133041
-4546.4785,59,315.149408
-1857.9966,70,315.16838
-625.29016,62,315.194585
22.03125,38,315.194667
-889.3248,8,315.220525
-1457.0018,26,315.241309
2391.7646,133,315.252977
-1104.977,59,315.270576
-1371.4873,34,315.270656
-798.2689,16,315.270673
-2844.6714,17,315.308632
-597.0054,28,315.350593
-1338.3328,38,315.375274
-825.4092,28,315.429177
-1362.0105,29,315.429243
-917.7135,5,315.442956
-1009.8581,15,315.443084
-2029.6699,18,315.474998
283.37366,40,315.493966
2593.0337,87,315.527813
-1270.4429,19,315.527886
-2031.139,23,315.583758
-1736.22,13,315.609085
-1549.2103,65,315.609154
-432.76407,32,315.620194
-2240.5244,62,315.632033
-1104.0609,41,315.657118
-2109.497,31,315.694364
-2684.2695,36,315.694437
-1357.6122,13,315.694451
-1235.4943,20,315.706968
-2077.6934,8,315.726897
-1168.2964,8,315.809843
-1523.2089,36,315.809937
1327.7828,52,315.833061
1172.4597,50,315.873766
-1032.58,3,315.873821
-2581.5933,32,315.909254
-1445.6411,31,315.922448
-1031.6235,4,315.942172
-1868.7817,18,315.969578
2058.4707,102,315.988318
-1157.0735,4,316.028279
2003.8464,89,316.02839
-1530.8586,17,316.067106
-1367.7213,26,316.081826
-2194.2476,13,316.127211
-1506.5981,7,316.188775
-2295.3208,8,316.188849
40.589844,32,316.209762
-1337.2609,24,316.234697
-1171.822,5,316.270173
37.40912,25,316.340088
-1023.172,6,316.340171
-1024.8462,2,316.374643
-830.91614,38,316.374771
-1629.1974,17,316.374806
2867.275,78,316.388834
525.42786,35,316.419041
-1054.5956,3,316.419146
37.08191,55,316.452997
-3100.6094,87,316.453485
-964.0718,7,316.480657
-247.45386,80,316.51173
-1442.0809,6,316.540655
-443.42993,35,316.540731
-1865.8813,14,316.554868
-1998.4785,23,316.567256
-1067.723,2,316.579133
2003.5867,74,316.593911
-1286.1547,28,316.593977
-1524.0618,65,316.61797
-1366.2256,13,316.639688
-1039.9547,6,316.650394
-1047.1792,2,316.650478
-685.0227,44,316.664829
1173.1322,82,316.681365
-814.72833,9,316.723935
-1056.2441,6,316.734628
-1335.9849,11,316.734705
-1947.4214,17,316.747952
-1549.3064,7,316.748047
-1071.6431,2,316.763365
2308.1812,91,316.76344
-1518.7278,27,316.763466
-912.6712,27,316.798702
3829.3767,117,316.827156
-1117.6644,5,316.827281
-383.61853,31,316.852351
-2221.7554,33,316.852418
-2108.8965,14,316.852433
-1950.5,10,316.86233
-1282.5747,10,316.871597
-2335.6428,19,316.923389
-220.24487,52,316.923464
-1710.4049,7,316.941176
-869.44214,31,316.951192
-2134.9634,88,316.959479
-804.2422,10,316.971772
-2302.5845,11,316.984283
-1069.3785,2,317.010602
-1402.4199,17,317.01067
-1178.5192,4,317.010682
-1066.508,7,317.010687
277.6847,34,317.037621
-1090.7533,3,317.04899
-955.80444,7,317.060373
-348.16022,45,317.071733
-962.9319,10,317.071815
-993.72943,6,317.092372
-3633.0112,20,317.136969
-830.3214,5,317.154751
-1150.5807,10,317.154838
-1090.2511,6,317.173618
-394.08398,112,317.173696
-1067.8533,9,317.299646
-1195.6183,4,317.322196
-1368.3236,17,317.351275
-1156.9274,6,317.389051
1942.2673,98,317.414422
382.78613,40,317.414477
-1068.9114,18,317.414491
-2076.623,37,317.439686
-1182.2585,6,317.450207
-1148.5958,29,317.450279
-1172.2656,60,317.476076
511.39844,122,317.476149
-4537.4326,14,317.476165
-1020.20355,11,317.507406
-2952.7588,38,317.507461
-1976.386,55,317.507474
-1487.4369,6,317.507481
-1119.5775,3,317.518649
-1800.278,34,317.518817
-540.3544,126,317.518837
-1407.323,19,317.549843
-1215.6721,12,317.583411
-1188.8356,27,317.605073
-382.61005,56,317.605126
-2038.1654,22,317.605137
-1575.0284,8,317.617744
-244.47296,25,317.618395
-1914.7141,18,317.660128
-1017.3327,5,317.660172
-1513.422,10,317.685411
-1544.6133,9,317.725507
-1166.9337,5,317.735408
-1905.6199,10,317.745485
-116.361084,28,317.829894
-2093.2017,28,317.841624
-1483.9368,26,317.861937
-388.07025,28,317.874433
-1874.1382,14,317.917428
386.23206,33,317.935677
-678.6846,81,317.948123
-1000.4365,8,317.948209
3183.8643,76,317.965952
-1022.7525,5,317.986824
-2353.585,44,317.986886
-1669.0713,25,317.986902
-1916.9006,21,317.986908
-884.0315,11,318.00499
-1694.6436,6,318.047345
241.99524,45,318.04743
-919.08575,7,318.047448
-2472.7764,88,318.065437
843.86255,35,318.076285
-1232.3049,43,318.089619
-1055.0519,10,318.140171
-1112.5695,7,318.140254
-605.8005,42,318.160677
-3457.627,13,318.173037
-979.31024,5,318.221649
-1607.7471,5,318.241464
-369.78247,45,318.28659
-947.5619,9,318.302457
-982.81934,26,318.302518
-2077.7195,10,318.353691
-1609.186,15,318.353829
-818.9086,30,318.375261
-1737.2141,12,318.402025
-1018.00476,4,318.41614
-1038.9661,70,318.416615
2293.1833,69,318.454759
204.61407,33,318.454838
-1600.9734,6,318.493377
-1126.8969,5,318.528857
151.82379,34,318.573918
-2439.2373,17,318.596465
-1141.5706,5,318.596544
-2177.4585,66,318.630522
-1179.5604,4,318.65248
-1203.2131,49,318.673568
-1723.1226,16,318.698468
-1102.2615,31,318.710171
4969.0967,112,318.710252
333.94135,30,318.710268
-902.7939,65,318.721186
-1188.4669,4,318.764293
-2555.212,52,318.76441
-1262.4236,26,318.764439
-2984.6787,96,318.774869
-1083.1482,3,318.8024
-820.8163,6,318.802476
-1753.4641,14,318.821983
-1069.4836,5,318.843154
3032.7175,94,318.868705
-1219.7354,7,318.879914
-1619.5708,13,318.880001
-1914.2009,13,318.894649
-1450.4546,38,318.894777
-1961.561,36,318.907374
-1749.6152,16,318.930794
300.37708,77,318.931175
-2027.1794,5,318.931223
-1035.7156,11,318.958651
-486.6172,14,318.958718
-1546.9111,8,319.001207
-1040.9675,10,319.025609
357.7467,41,319.025778
-1028.5892,71,319.038099
-931.8452,7,319.038419
-1048.5396,6,319.063675
-1615.277,8,319.063795
-1839.2482,13,319.090368
-897.0195,3,319.104371
-2437.6528,6,319.11845
-3865.3745,35,319.142859
-1218.54,18,319.172129
-917.6956,8,319.172205
-1058.3617,7,319.186738
-1724.4924,43,319.200616
-1007.2412,12,319.224569
-1067.902,3,319.236048
-2071.2983,20,319.299292
-999.2633,7,319.314478
-870.3038,34,319.314566
-3461.3804,8,319.314583
-958.2207,7,319.329298
-3529.6514,11,319.329372
-1120.9194,3,319.377369
-2321.3784,58,319.40009
-1082.8074,29,319.400174
-2025.8726,7,319.43194
-989.35876,3,319.444214
-1903.2051,8,319.460885
3346.9155,85,319.513638
-657.2062,60,319.540457
-1056.024,9,319.563659
-886.9607,44,319.584018
-1053.6616,34,319.606183
-1983.4187,15,319.637696
-1233.593,35,319.649991
-29.846924,38,319.650091
-1711.6917,24,319.663382
-1480.3494,47,319.69888
2775.4434,117,319.728866
-296.30444,24,319.728959
-904.94653,7,319.739339
677.8054,68,319.787736
-2123.537,16,319.787838
-1160.2078,20,319.787861
-577.92865,44,319.810559
-2146.5803,17,319.821459
-1054.4121,3,319.842684
787.65515,57,319.869048
-2094.7842,16,319.892172
-1461.9583,4,319.924034
974.49304,132,319.937359
376.90424,28,319.937428
-1063.2095,13,319.937444
-2362.6816,8,319.961493
-1033.6133,2,319.980049
-1853.6157,42,319.991496
89.05054,178,320.004014
-1368.7977,13,320.004072
-1032.4116,3,320.004088
-997.26434,3,320.028241
3704.4175,83,320.041436
-1229.9082,31,320.057492
-940.5245,6,320.05761
-1503.5099,11,320.057636
3900.4834,150,320.110914
-1210.1724,10,320.149345
-2168.228,32,320.177238
-2066.8215,19,320.192874
-2108.7732,6,320.261283
-1017.35724,6,320.276968
-351.4909,59,320.277387
-1018.27527,2,320.293361
-110.20349,40,320.342484
-1012.0281,24,320.375349
-328.55994,56,320.41464
-1050.203,11,320.432951
-1091.8342,5,320.445702
-1669.9613,111,320.461531
-1094.5526,9,320.473907
-3715.1147,15,320.495294
-986.77936,4,320.527452
-1558.2173,42,320.527581
0.76116943,44,320.539539
809.1356,60,320.552067
90.182495,32,320.564666
-304.5747,37,320.564771
-1069.1619,42,320.574906
57.45117,91,320.586404
-1145.5508,8,320.596948
2667.3452,92,320.614596
-973.78033,9,320.635544
-954.011,5,320.635617
-1191.2322,5,320.651517
-1417.5083,26,320.651622
-1535.669,12,320.713593
538.58624,66,320.713684
-904.6744,48,320.713724
-1434.574,17,320.713733
2834.8032,77,320.725776
-3363.472,14,320.754301
-1716.1733,17,320.754391
-926.3446,4,320.763697
-2750.037,6,320.787097
-2888.3328,11,320.787172
-1121.9702,4,320.800755
-2812.8447,11,320.80114
-1743.3442,12,320.801177
-1600.7786,5,320.839077
-1212.5381,30,320.839146
-2713.1,22,320.861167
-2839.0317,13,320.888253
-947.6478,8,320.899123
-806.1098,63,320.899224
-817.56964,15,320.913289
-1179.8877,6,320.913369
-738.53577,29,320.929276
-1811.7019,38,320.959618
-1136.8286,6,320.969834
-2896.6096,12,320.969928
-1333.0338,3,320.969958
-1016.9593,2,320.992131
-968.2052,30,321.02575
-3021.8572,17,321.03575
-1155.195,7,321.055161
-719.3021,25,321.09311
1945.1176,80,321.09324
-1431.9648,4,321.1074
-107.03247,28,321.107503
-1507.3085,11,321.129679
-1037.3668,3,321.162098
-2128.8286,40,321.162183
-1173.9895,3,321.162206
-1454.9618,4,321.162214
-1149.7133,4,321.162218
-1401.2268,14,321.183166
605.8749,73,321.183264
-1073.5779,4,321.195071
2645.5112,105,321.205006
-325.6695,89,321.227308
-1056.3905,6,321.237208
-897.0138,6,321.24853
-1067.9172,2,321.261875
450.97888,104,321.261957
-1039.7141,2,321.27879
-957.8913,8,321.278886
-698.9851,28,321.294909
-1973.1045,21,321.294978
-987.3773,11,321.30793
-606.2649,37,321.331206
-1046.7471,2,321.331302
-1395.7793,11,321.348407
-1024.7135,2,321.360994
-1514.1655,14,321.361085
-2170.3328,41,321.372301
14.3029785,34,321.395028
-1488.4359,7,321.395087
267.42114,52,321.395102
-983.3573,2,321.420218
-1072.6791,3,321.431402
-3069.0918,42,321.431464
-1093.1155,4,321.445342
-4140.506,17,321.445411
-3169.1545,7,321.455111
-2186.955,39,321.464621
-1973.3364,8,321.51122
-300.93512,35,321.525493
-624.90814,37,321.548829
-1225.7231,7,321.548899
-1037.8737,2,321.571429
-1037.6031,8,321.571486
427.7157,52,321.584782
-1714.2776,12,321.584913
192.81201,83,321.603718
-4970.456,27,321.603776
-1565.717,22,321.623308
69.01349,26,321.635712
-1886.0403,26,321.662339
-711.9752,37,321.662411
-1066.9655,6,321.66243
-3395.256,18,321.67496
-1047.587,2,321.686635
-1942.2594,9,321.686706
-1459.4954,5,321.697947
-1394.368,10,321.698035
-3448.7888,27,321.725147
-987.228,11,321.744299
-1787.6968,35,321.744368
942.30896,60,321.744385
-1113.8832,4,321.755925
-2153.8005,12,321.756021
-1129.6691,4,321.789932
-761.98157,8,321.818786
441.38794,29,321.83886
-938.5802,7,321.851109
-1697.2466,16,321.891683
1046.7485,55,321.916216
-1047.6083,2,321.91628
-897.9091,48,321.926982
-3000.0256,10,321.927057
-1473.9795,13,321.93733
-3200.4934,15,321.956635
-783.6952,33,321.977882
596.9665,29,322.011657
-3175.2334,20,322.023277
-1010.9416,2,322.039956
-2718.9233,11,322.079567
-100.55493,36,322.07964
-1110.6403,7,322.079655
-225.80109,40,322.100306
-957.988,7,322.169924
970.0776,62,322.195507
-1014.6481,36,322.195579
-978.88367,22,322.229481
-931.177,4,322.22954
-1800.6697,17,322.281206
-978.73816,7,322.281313
460.80957,63,322.281332
-1205.2277,5,322.293292
-327.57312,28,322.293435
137.86688,34,322.306778
821.21844,74,322.306871
-1478.9634,11,322.336403
-1802.1914,20,322.349889
-3347.853,50,322.352016
-941.3316,6,322.369582
-1010.0201,5,322.369662
-2514.304,25,322.380428
2303.016,65,322.404784
-1679.7288,15,322.42622
651.9615,55,322.436563
-2475.4395,11,322.444885
59.571045,39,322.456921
1274.5942,61,322.496713
-1093.9321,17,322.521228
-993.69086,7,322.541528
-938.5192,13,322.571403
-10.410645,62,322.582661
-3590.9546,21,322.614147
-993.68616,61,322.627026
-1270.2239,16,322.627108
-3513.7676,28,322.639012
-1474.7012,11,322.680773
962.26056,46,322.680818
-1429.5475,7,322.706494
-90.66632,61,322.718642
-1594.0757,31,322.760026
-353.06085,27,322.784225
971.6948,35,322.810192
-1285.746,34,322.823889
1878.07,69,322.876346
-1333.4316,15,322.919902
-3232.6606,14,322.919951
-1842.6898,13,322.953857
-1985.4828,32,322.995334
420.27466,33,323.029574
-1896.9988,56,323.029653
-369.91388,28,323.02967
-912.4394,41,323.048607
-1056.5764,2,323.048681
-903.0877,6,323.195704
-3589.3838,59,323.195768
-1077.9249,13,323.207455
-1.7666016,36,323.237486
-863.44946,97,323.256292
4512.8804,132,323.256354
-2412.7925,20,323.271696
-1080.5011,2,323.284977
-1113.6285,5,323.32303
-2182.5066,13,323.36226
-1712.5718,7,323.395297
-1214.527,32,323.395342
1917.3896,89,323.42436
-2452.6042,13,323.468212
-1112.2437,20,323.468291
-736.3922,23,323.485474
374.96686,41,323.499037
-2361.38,20,323.499158
-1212.4344,41,323.51105
-4156.7505,51,323.523664
167.08765,57,323.560655
-904.0597,23,323.560747
-1422.1633,11,323.587993
24.145386,37,323.611804
-136.09131,69,323.629191
-1445.6987,8,323.651324
-2432.5605,20,323.651388
-1555.1289,34,323.679167
-187.52618,59,323.679261
1268.7975,85,323.688757
-894.7532,5,323.710122
-1060.06,4,323.73001
2257.0374,93,323.774068
-2183.0347,12,323.800126
-1985.223,11,323.829362
-1092.2314,33,323.879011
-3596.9878,21,323.913775
13.621155,32,323.913845
-1752.083,8,323.913863
-1673.1592,11,323.913871
-1678.0791,32,323.913875
-646.37225,43,323.924472
-1576.4912,15,323.947757
-715.58826,48,323.961473
-1232.0895,4,323.971055
-1119.41,4,323.982317
432.57336,63,324.010217
-1003.60144,2,324.021032
-564.6458,38,324.0782
-893.99207,11,324.078247
-864.37,31,324.128766
572.1394,41,324.128899
-1471.4451,3,324.128919
-296.04425,30,324.149852
546.235,40,324.149936
-1972.8489,23,324.160442
-2696.541,17,324.186538
-1456.2668,13,324.217912
-1238.9529,6,324.238862
-1125.883,6,324.257627
-863.3683,8,324.291682
-1335.972,20,324.291758
-621.46344,46,324.291777
-2174.9243,21,324.291783
-858.6444,25,324.323253
-1105.8033,5,324.323311
1796.2266,52,324.348597
-1499.7231,27,324.348738
-550.0283,23,324.360795
-964.71277,11,324.360889
-1114.1959,3,324.388149
3563.7192,122,324.427634
-1003.92676,3,324.427728
-994.4246,2,324.452362
-1322.7476,8,324.452443
907.65265,51,324.473292
270.93182,43,324.515266
612.4992,61,324.539948
-1253.1238,7,324.540005
-1315.2422,15,324.553754
-2023.0332,30,324.553821
-873.1728,7,324.575074
-2607.0918,20,324.597976
-498.5777,43,324.59807
-908.4267,12,324.62983
-1097.1349,3,324.629904
-1075.3962,3,324.639654
-949.5857,26,324.655002
-1707.2247,25,324.683735
-1100.8947,18,324.696837
-2459.1335,42,324.696889
-1497.5194,8,324.6969
-2636.6438,10,324.731771
-1073.844,24,324.731842
-844.1068,8,324.731859
-1180.633,5,324.749297
-440.61163,39,324.811273
-1841.2067,18,324.811383
-1652.6487,9,324.837752
-1125.4183,3,324.849214
-1170.5891,7,324.849299
-68.930664,86,324.882739
-1018.1868,5,324.882828
-765.64557,41,324.915814
-956.3745,45,324.915881
1233.1158,79,324.928189
-1367.0724,14,324.928271
-3775.5059,43,324.948367
-1037.7565,4,324.974038
-1017.5534,3,324.974097
-1110.8007,3,324.974114
-2307.7212,10,325.029054
-1434.8495,20,325.029154
-351.6397,28,325.062451
-1309.8855,4,325.097993
-653.0125,62,325.111862
-557.993,25,325.111991
-1129.2035,10,325.165092
-1630.7645,10,325.165175
-1787.7427,30,325.165191
-1109.7457,33,325.165196
-1109.0286,4,325.177833
-1829.304,6,325.177943
-2833.355,11,325.177962
-1089.4956,3,325.212908
-1068.3269,3,325.223801
-911.2802,7,325.243091
-285.8365,25,325.255227
-1828.8724,19,325.268216
-1135.4215,3,325.268289
997.56586,61,325.29156
-1138.9362,5,325.334776
-2913.4968,12,325.334853
-995.0885,8,325.346189
-1484.3,10,325.346659
-1045.4907,29,325.381804
-1754.9634,11,325.407644
-769.51996,46,325.40774
-982.921,4,325.407756
-2041.0286,17,325.407764
-757.26373,31,325.489983
-1397.4111,10,325.522006
-457.062,56,325.522089
-955.05133,27,325.533959
-1592.2961,31,325.545024
-2185.6062,50,325.556775
-2437.2031,14,325.574336
2525.6733,63,325.574409
59.780518,71,325.608519
-904.6796,6,325.638697
-888.75964,73,325.638769
-645.80566,6,325.648359
-1213.9696,10,325.669333
-374.88837,25,325.669413
1319.1731,39,325.698326
-1949.2646,12,325.698379
-1277.1437,9,325.709147
-1011.5032,3,325.709287
-3682.7952,40,325.729216
-1693.3274,18,325.786165
127.67938,33,325.78629
-1142.974,6,325.78632
-1042.6074,7,325.805743
-888.0482,9,325.817009
-3074.25,10,325.831196
-1707.7234,9,325.845301
-1794.6183,70,325.861045
-3023.572,18,325.861122
-1103.9365,3,325.87286
-2522.604,44,325.883414
3245.8447,70,325.883491
-472.8767,20,325.912797
-1955.9072,9,325.912844
-2306.6748,21,325.953245
-1737.1289,35,325.968452
1859.7351,53,325.977945
33.35309,25,325.991279
-1524.0793,16,326.004509
85.4046,49,326.04725
-2808.966,14,326.047336
-1516.4819,32,326.070052
-3716.8308,132,326.083635
-2139.4717,16,326.105608
-844.5165,19,326.105683
-3670.1982,21,326.105698
-1165.625,4,326.116023
-2142.2515,9,326.134032
-3375.3267,16,326.13409
-1827.05,12,326.134104
-1845.0334,43,326.172685
-3263.4116,17,326.186702
-790.1423,7,326.187117
-1184.5194,4,326.234158
-2092.6057,9,326.256579
-2380.7583,19,326.256677
-1488.13,7,326.269477
-1202.7245,3,326.307816
-1962.654,16,326.329681
2321.0981,71,326.350763
-1238.1533,4,326.350839
-1348.2892,13,326.350855
-1527.8643,9,326.362859
1791.8031,75,326.374177
-1078.2474,2,326.390679
-1361.8767,12,326.409649
-1119.8904,22,326.42277
-2381.9128,28,326.432003
543.20056,34,326.432091
-1047.1042,83,326.443814
-993.02313,7,326.443905
-1446.7214,5,326.443924
-690.2314,47,326.479073
-850.6489,153,326.523985
-1079.1575,9,326.56824
937.07556,57,326.568317
216.36261,27,326.593414
-518.1761,40,326.63138
-698.3208,40,326.668877
-1258.7815,6,326.688501
-2029.4741,10,326.688545
-2674.877,17,326.688555
1173.6628,63,326.710564
-1962.7305,5,326.711095
-1216.2606,5,326.748338
-1000.30725,4,326.748401
-3404.2246,49,326.775238
-1084.2096,7,326.788732
-2314.1284,50,326.788834
187.69098,65,326.802374
-1087.1472,4,326.802494
-1013.16614,9,326.83925
-635.5499,5,326.867452
1092.6982,39,326.867526
144.95215,80,326.883309
250.59143,41,326.9648
1202.6631,40,326.997911
-945.56366,17,327.010573
-1135.2083,23,327.010666
-1323.6439,8,327.075767
-2013.5923,18,327.097529
-2779.341,88,327.097585
-1484.4418,37,327.0976
-715.70654,27,327.097608
-1157.5752,75,327.109676
-1031.5747,2,327.132324
-254.59503,48,327.132418
-1879.0902,45,327.132454
-2306.9622,52,327.15257
-2817.6392,21,327.174907
-119.45648,55,327.207888
-1046.7836,7,327.207973
-1472.8542,32,327.207994
-1462.7258,6,327.221326
-1458.5847,16,327.233334
-1272.219,7,327.245507
-2145.0967,25,327.245584
1860.702,64,327.257735
693.8169,33,327.276289
-1194.5657,14,327.291632
-1063.3363,2,327.303483
-3150.0469,14,327.303565
-1339.7812,6,327.31671
-1077.7007,2,327.316768
-1721.6136,54,327.360359
-1217.9161,10,327.360416
-1090.862,2,327.390162
-646.50244,36,327.403594
-2155.3345,13,327.403662
-930.5198,5,327.403678
-1014.7652,3,327.403687
-505.88617,20,327.403694
-926.535,19,327.414643
-1138.972,5,327.462935
-1210.9741,5,327.463053
1250.2656,73,327.48145
-1373.8735,14,327.512734
-991.6017,9,327.52421
-1506.4979,16,327.538174
-1863.3472,9,327.538243
-2016.1821,10,327.538256
-1186.175,13,327.561846
-405.92688,33,327.58607
-851.18665,23,327.586154
-4131.744,57,327.598913
-1769.1422,11,327.61927
-1018.88635,8,327.642501
-1124.4991,4,327.660825
-824.56537,8,327.67403
-336.23065,33,327.674101
-1754.3982,30,327.674124
-1159.678,3,327.686238
-1349.9904,64,327.697205
-1056.1877,2,327.707376
-1009.8599,9,327.70745
-1635.729,13,327.707465
-828.89124,42,327.719093
246.17914,35,327.732619
-776.40857,8,327.769974
-605.0577,54,327.770052
-5447.368,43,327.770069
-1054.1891,2,327.792177
-2498.9492,11,327.8281
-1020.82574,23,327.828181
-86.428345,29,327.86321
-1747.8806,13,327.876147
-1590.5692,13,327.876303
-1352.6794,9,327.89742
-1053.7875,2,327.897487
-727.1665,9,327.927796
-712.1692,30,327.927884
-1044.4072,6,327.927906
-838.84534,52,327.940483
-1046.1962,6,327.964458
-1389.6327,14,327.964519
-1707.4989,36,327.986736
-657.25867,42,328.02966
-1625.8933,7,328.029773
-2733.8472,24,328.063932
-1537.867,16,328.064081
-1059.3408,6,328.113526
-1628.7625,11,328.113713
-398.50262,34,328.127577
-1936.0825,10,328.228932
531.1898,67,328.278446
1044.5784,95,328.30671
-1981.3894,30,328.306768
-1151.8629,35,328.349426
-1422.1904,19,328.34951
-675.175,35,328.349529
-723.1156,30,328.370532
951.11707,79,328.370943
746.4614,58,328.424913
931.43677,67,328.469739
232.18439,28,328.486927
-3.4475708,43,328.487011
1184.7343,155,328.487028
-1674.6323,59,328.509061
-1699.9132,14,328.50914
-2144.0178,35,328.523381
-1142.939,13,328.53563
-755.62823,6,328.55968
-284.8908,46,328.578787
-1823.6628,39,328.578869
-974.8568,7,328.593406
-1145.498,28,328.623558
-1106.7306,6,328.623607
-1836.4655,11,328.67913
-942.01196,6,328.679194
-973.6742,8,328.701391
-1047.5071,8,328.745539
-1066.5336,7,328.785182
-1498.6194,14,328.810861
2033.3907,84,328.821389
832.38135,59,328.864237
-1713.402,23,328.89042
-2178.2827,72,328.90276
-1103.618,39,328.902877
-564.7623,37,328.913514
-1403.5144,10,328.941207
-1735.0356,12,328.941264
-220.0711,30,328.954615
-812.15454,10,328.954677
2803.664,75,328.980453
-1013.58484,3,328.9986
-2143.71,38,329.01069
-1765.2104,8,329.01078
-2102.9211,13,329.010801
-2815.6875,45,329.027312
-2752.043,23,329.03812
-1531.4856,4,329.038208
-1146.0237,7,329.038221
-1474.3608,44,329.038228
-1765.7274,16,329.080744
-4250.3564,50,329.108792
2316.3281,102,329.120059
-1462.8927,10,329.17591
3141.3884,112,329.175992
-1587.723,13,329.190837
-1100.1665,11,329.190912
1130.5636,39,329.203287
710.5896,67,329.364995
-1742.4414,14,329.394594
403.2976,47,329.394664
-1260.775,8,329.407231
-535.41907,23,329.44238
-969.314,22,329.459057
-1570.7017,24,329.459206
-1290.6771,7,329.493708
-754.42896,32,329.493777
100.85266,25,329.493794
-1418.713,14,329.513604
-1428.3259,10,329.513685
-1070.9467,5,329.523668
-999.7526,5,329.523745
-1225.1558,17,329.541602
-800.47253,54,329.566907
-2336.269,12,329.579204
-1271.1108,15,329.607724
-1035.8057,9,329.632715
-1335.1843,47,329.660251
-952.39276,3,329.696748
-3353.1943,51,329.696843
-44.14923,43,329.696862
-3079.9604,17,329.77703
-2524.1372,38,329.797135
1227.4529,57,329.797218
-1154.898,9,329.815698
-115.4245,45,329.848112
-937.13226,3,329.848165
492.33643,28,329.884607
-3487.3223,31,329.922521
-335.5686,38,329.945347
2434.7817,96,329.96569
-1306.9585,8,329.965801
-1380.6989,20,329.965824
-598.6463,35,329.965832
-1704.9429,3,329.987564
-1022.82825,2,329.997658
-1708.1819,64,330.011988
-1165.0765,3,330.012063
-834.9884,28,330.012079
-1193.0928,16,330.03211
-629.2723,39,330.032193
-1985.992,40,330.043318
-1866.4509,35,330.053424
-1054.975,4,330.064344
-1078.1461,6,330.137925
-2084.473,11,330.138039
-3454.1665,15,330.16034
-2325.2495,15,330.174376
-1011.5455,3,330.174439
-1593.8658,12,330.174455
-1042.907,2,330.196913
445.9464,50,330.209637
-1971.1536,4,330.245866
-2888.2588,17,330.256508
-508.51117,23,330.27413
-1882.7988,51,330.284713
-1068.4076,26,330.295285
-964.37524,47,330.319426
-3736.3115,22,330.330929
-648.0467,37,330.342127
-1898.5509,11,330.342287
-216.8916,84,330.364319
737.1605,36,330.386912
-1066.8444,7,330.4201
-1396.3928,10,330.448814
-2817.712,32,330.472652
-1253.0461,6,330.472746
-497.9339,23,330.504435
-1081.8086,4,330.504525
-612.08276,27,330.522026
2181.9705,106,330.522455
-1575.1565,11,330.559581
597.449,92,330.559633
-3567.6797,19,330.569314
-1608.7736,7,330.613169
-1014.35706,18,330.613238
11.657837,59,330.626441
-3851.215,61,330.647948
-2454.5227,27,330.657718
-1134.1205,4,330.67399
-778.1245,11,330.709785
-1177.258,37,330.709844
-725.3009,26,330.744573
-1055.4917,6,330.744668
-4050.0867,53,330.762157
2706.1392,151,330.762207
-2719.9893,21,330.774128
-944.92017,6,330.802761
-1174.2957,6,330.83584
-2012.465,13,330.83594
-1708.7949,22,330.877425
-1101.214,17,330.877527
-1935.9995,20,330.906305
-1450.949,32,330.976981
-1713.2053,20,331.034109
-1543.0636,14,331.061707
-3809.3486,20,331.075526
-1643.1249,22,331.075591
-913.6996,56,331.075608
-1125.3954,14,331.089797
284.42676,26,331.114781
-21.174438,29,331.126226
-1422.4973,21,331.126313
-2062.191,6,331.167531
1530.3347,56,331.167584
-2006.6339,9,331.167597
-1026.858,4,331.184967
435.67072,53,331.195262
-3103.4219,8,331.195365
-1188.8329,8,331.222259
447.0459,50,331.222328
-102.42963,30,331.252055
-1675.8848,11,331.2521
-1907.964,15,331.285637
2495.7302,127,331.285711
-1118.4108,9,331.347205
-1047.409,5,331.347338
42.35144,43,331.359822
-1011.9057,2,331.373103
-1260.3427,12,331.443022
-3405.6104,19,331.462671
-1167.4283,6,331.462742
186.72766,71,331.476357
-1503.0059,11,331.517903
-1443.4862,5,331.533212
-1959.9559,25,331.533302
1098.8961,71,331.533326
3399.289,96,331.551391
-911.8756,8,334.088396
4316.2466,113,334.124198
-2078.918,10,334.142761
-1470.8987,7,334.155358
-2569.7666,8,334.177832
1247.6948,100,334.202022
-1371.1372,11,334.2119
-726.7655,44,334.221181
-2446.7773,41,334.221263
467.61377,39,334.232743
-1181.9977,13,334.254468
-1120.5668,3,334.267272
-1556.199,63,334.267355
372.443,80,334.310395
-1012.9694,4,334.323981
-940.51733,4,334.324059
-1836.7012,15,334.335728
-545.7532,44,334.365673
-1573.9653,10,334.386363
-2489.6042,21,334.473655
-765.5477,57,334.473758
-944.732,8,334.561138
-1577.3837,34,334.561246
3470.8242,81,334.57981
184.45142,63,334.597905
-611.9254,112,334.622094
-294.4607,25,334.622188
-1909.1973,23,334.660125
-1138.8433,29,334.701934
222.16125,33,334.742814
-1130.5498,22,334.762372
-1871.5801,12,334.784417
-1781.9277,84,334.810537
-2481.1802,73,334.830618
1247.4465,52,334.859614
-1835.0771,7,334.872502
-641.8585,24,334.924966
-2674.8198,17,334.987641
-795.501,63,334.987745
528.55347,32,335.002335
-1132.988,3,335.031891
259.67993,52,335.059475
-1363.3357,31,335.078058
-2142.3364,81,335.099507
-980.9298,6,335.139865
-1022.7527,10,335.149651
-259.84863,25,335.149726
1022.6289,91,335.162305
142.92902,42,335.16239
-1148.0251,10,335.181221
1214.2703,113,335.228644
4987.7666,117,335.228738
-1841.4634,13,335.251983
873.363,52,335.252048
-1168.5541,8,335.261671
1252.0143,94,335.261727
-1974.522,12,335.29574
208.91528,93,335.309508
-17.213074,36,335.309933
-2241.5098,9,335.333885
83.01111,40,335.363035
-585.3042,37,335.372401
-4088.4038,18,335.390605
-1429.2114,11,335.390686
1344.0364,87,335.419066
-1544.2478,57,335.419135
-836.10345,22,335.419152
-739.78516,50,335.429356
-215.11816,56,335.447557
-1101.5886,5,335.463783
-1031.8307,5,335.495503
-2184.4128,19,335.49559
-1141.2598,18,335.495617
-2015.1462,12,335.495627
-963.632,7,335.525464
-1313.658,8,335.542214
-935.35223,4,335.553536
1050.4863,74,335.553601
-1221.9933,8,335.553618
-1368.8004,14,335.595436
1670.0043,107,335.617182
-830.2488,8,335.636165
-2366.1372,7,335.647706
-1066.5531,4,335.677349
-1325.4395,11,335.709042
1417.8541,43,335.72262
-710.9818,33,335.763225
-1442.4609,61,335.811948
-1075.3163,12,335.825653
3.8894043,38,335.825727
-3240.8286,22,335.862882
373.54327,41,335.875009
-575.40576,55,335.896926
-1583.1877,34,335.932626
-1828.6594,72,335.932708
-959.46533,18,335.947946
3306.6135,134,335.948053
-365.5987,33,335.999532
775.73364,39,336.024488
-1661.1698,20,336.024573
-4270.258,32,336.036593
-1065.4141,2,336.048876
1346.2346,61,336.0652
-33.460083,43,336.087944
-2235.4128,5,336.126124
-857.12524,8,336.147038
164.22803,46,336.179162
239.75043,44,336.179269
-913.6078,58,336.192728
632.4221,37,336.192803
348.5622,73,336.20747
-1712.0757,11,336.221567
-1102.8306,5,336.266511
802.1038,35,336.266625
-1312.067,7,336.266647
-2127.0647,11,336.33093
-755.8325,20,336.379246
-743.1115,36,336.399044
-1620.0865,11,336.464394
776.4487,41,336.47747
-401.74805,84,336.493259
-1103.3519,8,336.503322
-2125.4854,16,336.577071
557.1533,53,336.635018
-1544.0265,13,336.649589
-1235.5161,60,336.649705
27.790588,36,336.649725
-1046.7158,5,336.712962
48.025757,36,336.728215
-1319.5488,12,336.740753
195.05371,87,336.763232
-1120.6422,3,336.763533
-1775.801,41,336.789778
-1547.2832,22,336.789868
-1047.6716,2,336.81979
-2622.187,15,336.845281
-973.3252,76,336.845344
-877.61414,6,336.845359
-108.39264,28,336.857141
-1246.2643,19,336.881683
1584.8737,111,336.926506
-789.6283,69,336.926601
-1941.779,77,336.939975
2347.066,80,336.940097
-1025.2313,2,336.962873
-1425.579,8,336.978936
-250.30634,74,336.979079
-1599.2429,14,336.991425
-4959.4766,10,336.99152
-1069.8743,40,337.011184
-1029.1805,2,337.026372
-1166.9152,5,337.026453
1548.2477,95,337.067845
555.8771,62,337.085011
-1883.198,32,337.085066
-988.0799,6,337.098894
-773.82355,9,337.098966
134.77551,73,337.11791
-1323.9257,12,337.149163
-1397.9934,70,337.149231
-1159.188,3,337.149249
-474.54785,30,337.160656
-1039.1167,27,337.216078
339.46582,84,337.216232
-1417.8658,6,337.244553
-1038.8917,10,337.244615
-1487.386,24,337.2836
-992.7889,15,337.361214
-986.25116,7,337.374151
-1048.3633,2,337.40517
600.45435,38,337.434629
1960.8468,120,337.434706
-1041.0154,25,337.455317
-518.93994,15,337.45542
2584.9746,96,337.767943
-1046.6266,3,337.782217
-1325.9856,38,337.782395
-957.0663,5,337.797499
-1034.0499,5,337.837956
-1620.5568,45,337.89215
-1910.6001,15,337.91181
1486.332,64,337.911909
-495.0096,38,337.911927
974.8318,64,337.962557
-746.75476,34,337.973179
-2082.9849,13,338.074708
-286.42163,42,338.0748
-1079.3378,25,338.116614
-3436.266,7,338.165926
600.5614,62,338.166026
885.9502,56,338.213873
227.43927,57,338.213974
136.64453,80,338.248679
-570.9341,32,338.270095
684.3541,42,338.314836
-994.77277,67,338.327812
-527.28235,59,338.339899
-1287.8921,9,338.35042
-1071.5256,3,338.364462
422.71667,80,338.389341
-1419.5032,12,338.389463
-1121.6111,11,338.402256
-1011.9128,3,338.402335
-1236.5048,25,338.420062
-1001.0262,2,338.420142
-581.2047,49,338.450303
-2533.2368,9,338.463751
-820.84973,9,338.475075
-1048.7118,5,338.475154
2545.9258,86,338.485984
-174.6366,39,338.497954
3115.1865,80,338.50871
-1690.7689,45,338.551952
-907.0623,7,338.571092
-1387.0791,6,338.571181
-1122.9479,3,338.594382
-215.18646,37,338.608582
-1525.925,16,338.608663
2019.8292,67,338.623599
-970.43207,5,338.63564
-1443.7255,13,338.635714
-1028.6813,2,338.635731
3299.3745,111,338.658687
-1105.4727,6,338.682872
-1053.9308,3,338.68295
-1477.5381,19,338.710556
2656.7422,80,338.731517
-1135.5984,43,338.742723
-2377.064,18,338.742798
273.0807,68,338.800214
-4461.169,16,338.823186
-1342.6157,42,338.823264
458.81335,78,338.833107
-1500.27,3,338.844587
621.41876,52,338.853968
-1116.491,18,338.854028
-1111.4688,3,338.883469
-1501.5469,16,338.88353
-2008.638,12,338.883546
-1486.5667,17,338.883553
-999.2423,7,338.909202
-1082.4818,5,338.919717
118.336426,51,338.965244
375.97363,82,338.965322
-431.738,40,338.986142
-1205.2112,27,338.986214
-1358.972,9,338.995962
-1451.3115,6,339.045967
514.61176,49,339.04605
4512.7065,87,339.046069
-1357.2137,35,339.079812
-1444.1335,8,339.079884
-895.8457,5,339.108057
-1066.3604,42,339.108131
-1139.292,6,339.151464
-960.7391,10,339.166918
-1803.0148,15,339.222787
-4460.205,21,339.222866
-1662.8086,27,339.236673
-487.14447,30,339.24741
30.788269,44,339.247465
182.5498,37,339.272243
-1069.1404,4,339.272581
-1236.6401,29,339.272624
-997.3496,46,339.313385
-1450.5525,12,339.313473
-713.4072,22,339.346273
-1333.4822,74,339.372197
1361.7463,77,339.382987
-1678.7595,16,339.437011
-543.02826,29,339.447155
-1404.6417,13,339.456907
4051.6267,88,339.47732
-995.3055,3,339.490908
-1056.3707,2,339.50445
13.844971,71,339.538888
-894.34796,58,339.55165
-1009.45886,10,339.620115
-837.0029,60,339.711013
2487.7837,71,339.736982
205.677,31,339.737063
-1715.1938,40,339.761207
-2008.9353,42,339.786928
1530.863,85,339.787001
-869.9912,36,339.824275
-1744.138,6,339.824353
-613.855,27,339.856929
-3316.013,52,339.877086
-656.8872,48,339.877167
3060.9888,85,339.892043
1890.2155,64,339.901312
944.4372,75,339.922035
-1121.0592,7,339.9677
-1159.023,6,339.967801
740.4807,65,339.9915
-1039.0259,6,340.00807
-1403.5353,27,340.008149
-931.17596,12,340.022478
-1690.7268,9,340.022576
-1030.3121,2,340.022602
-654.006,62,340.055999
-1289.232,38,340.072049
-1007.1647,6,340.098448
-994.24524,8,340.109972
-990.381,7,340.110062
-1257.7046,6,340.154949
-846.97034,26,340.155132
356.52332,55,340.209579
-1609.1304,17,340.230567
-1005.53906,2,340.25523
-1184.7727,33,340.291608
-1175.4395,25,340.315724
-1060.8553,3,340.31581
1026.6759,52,340.31583
-833.99414,42,340.367157
-899.9128,13,340.367281
2782.522,111,340.367307
-2295.2302,75,340.401736
501.0724,81,340.450035
-1120.682,21,340.469268
-892.7067,6,340.469339
-925.06476,7,340.483287
-2080.5002,11,340.496281
-288.07794,28,340.522621
-1871.428,22,340.566401
305.34528,36,340.584863
-1041.8339,2,340.604036
-411.31198,39,340.614628
2891.1,81,340.614672
-1205.3369,20,340.627978
-2848.6016,12,340.628023
276.63318,33,340.628034
-480.2906,55,340.691028
-1211.3237,4,340.691143
-1969.8687,15,340.712768
-2043.988,10,340.721823
-48.150635,65,340.733195
-1054.139,4,340.773335
-1395.5277,13,340.783778
-2220.6338,24,340.807728
512.1283,34,340.807798
-638.96814,28,340.856804
-1178.4764,11,340.856894
-2373.3276,6,340.900382
-145.03668,28,340.913539
-1130.7783,5,340.959389
-1418.3774,8,340.959472
-690.42145,25,340.95949
725.97925,39,340.998765
-1104.2672,4,341.010868
27.246521,128,341.010952
-948.9524,6,341.037115
374.57446,48,341.061474
-2893.6855,5,341.073016
-1104.6829,5,341.101529
-2487.8389,32,341.101661
993.84766,38,341.125577
-941.93713,10,341.135513
-1046.9137,2,341.135581
-812.35754,6,341.146131
-2015.9114,16,341.171492
-734.2641,7,341.171645
-1575.8124,62,341.171666
1914.0033,84,341.18246
-2830.362,73,341.192554
-1085.9053,2,341.192639
1222.9067,40,341.204727
68.44885,30,341.204803
-1667.5266,40,341.255656
2983.1328,95,341.25612
3986.3352,102,341.256166
-1149.3708,5,341.277004
-1245.5,12,341.321375
-642.22455,38,341.34912
-1630.5955,10,341.393803
-1552.7761,18,341.412915
-1073.0453,12,341.424385
-2704.5789,11,341.500909
-1902.4426,27,341.501009
-1600.0079,24,341.533867
1852.0076,71,341.579318
-428.62573,43,341.599282
-1292.1123,30,341.61003
2401.1016,91,341.621372
-1003.3913,9,341.673231
574.5921,42,341.687574
-503.1493,41,341.703916
-1179.1244,6,341.714362
-1595.021,11,341.738398
-995.41815,4,341.73846
4569.351,87,341.781305
-1048.4452,6,341.793814
-309.52808,37,341.793898
-2574.995,20,341.793933
-27.31958,29,341.804871
-1068.0219,28,341.80494
-493.34473,50,341.816263
-1175.3757,15,341.816369
2432.1975,78,341.827018
-1004.7485,7,341.883614
-284.0434,52,341.918684
-1549.7687,9,341.937811
-1208.6819,9,341.938008
2499.0112,82,342.02152
-1611.2107,65,342.075475
-1793.734,19,342.090168
1011.9145,49,342.111376
-261.73724,32,342.132003
-1404.4141,59,342.146177
-933.2047,9,342.146281
-1174.5032,4,342.146301
-836.4085,28,342.175828
1.8111572,31,342.199504
-938.2597,44,342.199561
-968.68195,4,342.199576
-1720.2355,20,342.199582
-2703.2617,42,342.232486
-2241.2383,9,342.249261
-1137.6758,8,342.272263
-1160.1561,6,342.272321
3648.236,155,342.280401
-695.45447,30,342.310207
-1033.2078,5,342.310294
231.87744,113,342.31032
-1076.5463,2,342.343387
-78.43323,90,342.343524
-923.96106,8,342.343585
-984.2826,3,342.353883
-1149.2349,3,342.385263
-1924.4534,16,342.409996
-2011.0435,16,342.410077
-1092.1279,8,342.421502
-1692.5115,11,342.421798
-1146.7664,3,342.421839
-1057.0631,6,342.441477
-5359.2515,28,342.476266
-1069.867,44,342.476351
96.246826,49,342.47637
-1011.9392,26,342.486601
-886.90356,54,342.514301
-1218.371,4,342.526587
-3012.1494,21,342.554916
-1038.1224,9,342.582082
-2893.416,15,342.593082
-1301.3477,10,342.614395
2049.8018,53,342.62853
1717.6375,67,342.628627
-1264.2772,18,342.664256
-1156.8037,21,342.690758
-3084.3296,8,342.701069
-1525.821,22,342.72233
4189.3843,109,342.734434
-1342.2577,22,342.768697
-331.97504,43,342.768825
-301.41968,28,342.80031
-1420.6681,18,342.812094
-1825.4277,13,342.837854
-1769.3856,35,342.890941
-2899.8005,22,342.901428
-1436.7932,11,342.914349
-368.86792,32,342.952709
2026.9269,108,342.974785
-1146.5352,14,342.992515
-711.98254,49,342.992574
-1071.0977,2,343.024363
442.0498,56,343.024488
538.1981,52,343.038315
124.119934,74,343.071125
-867.01324,28,343.071188
-734.2345,42,343.084208
-989.4093,9,343.098548
-100.62317,31,343.124003
373.42322,103,343.124075
-923.2221,8,343.133714
-2791.1545,19,343.155102
-601.4668,18,343.166209
2911.6084,77,343.176199
-1209.5055,6,343.176262
-982.072,2,343.176279
-2254.5396,30,343.201919
-917.69995,6,343.222508
-788.85376,36,343.222589
3602.8232,106,343.244255
-1544.206,6,343.244338
-1046.646,4,343.272874
-1100.1692,3,343.291629
-1049.0963,2,343.315815
-2997.0007,16,343.345157
-1888.2632,13,343.360073
-1261.8451,16,343.676777
159.96326,56,343.676845
-1812.4501,15,343.687647
-1665.6147,20,343.734475
-602.9359,54,343.798709
279.2208,57,343.818479
-1441.9943,38,343.891061
713.16895,51,343.905563
-1441.1471,8,343.928433
-1875.1067,10,343.942087
-242.72418,44,343.942147
1377.342,52,343.964335
-1318.0784,29,344.032599
-377.7099,68,344.046371
-2541.396,11,344.068507
497.6306,59,344.11981
862.3374,44,344.13376
-511.41785,40,344.146609
-982.5151,58,344.146708
-577.9033,37,344.183545
-2229.6638,8,344.183609
-1209.8811,4,344.198617
474.41144,37,344.198747
300.66168,48,344.214752
-1081.162,3,344.236865
1441.1858,57,344.281242
-756.57544,6,344.296116
1104.6047,67,344.323606
1431.0365,70,344.323684
1791.6812,104,344.334866
-1061.7242,5,344.356824
46.692078,38,344.398805
-1379.2231,6,344.410848
-1579.3113,12,344.43144
-1117.7665,5,344.462634
-27.986938,42,344.491442
-2363.749,25,344.514156
-3741.1602,46,344.528362
-3455.8472,39,344.55974
-669.1277,46,344.577445
-1331.0808,53,344.589958
1601.8845,73,344.619789
-1808.4255,23,344.64566
-996.53955,4,344.655898
2988.5588,131,344.687864
-1018.59784,46,344.738968
4142.006,107,344.739057
-1059.1962,8,344.739068
-2609.1636,15,344.768876
-1141.7379,48,344.781579
-737.1377,36,344.809314
-1971.1163,9,344.809381
600.0995,43,344.823207
-1110.1831,7,344.835419
-3292.9897,31,344.83548
-1251.7299,35,344.835496
-721.14014,25,344.835504
841.4635,82,344.846977
-1443.697,24,344.859665
-1291.2925,3,344.879174
-962.18494,8,344.916309
-1973.5809,6,344.916385
-1066.3134,9,344.951085
2216.4578,94,344.965123
-1313.4762,38,345.036008
-680.29626,21,345.059529
-156.19452,24,345.059587
-993.919,36,345.059602
-924.73315,19,345.059609
666.0541,66,345.083505
-1714.769,16,345.083563
-1097.897,4,345.112414
-1057.5068,3,345.131887
-990.47394,5,345.131966
-988.26013,6,345.153142
-353.4668,54,345.178689
-986.61255,4,345.189747
3216.9048,80,345.239897
-1437.0254,16,345.26798
-2532.2266,12,345.29533
-955.7033,8,345.29539
-1780.4414,15,345.308957
-1130.2068,4,345.356843
813.2111,36,345.356926
642.85767,33,345.37198
-1198.952,11,345.385828
-1220.4202,56,345.385894
4172.092,89,345.400627
804.0116,50,345.443111
-2479.477,7,345.472118
-235.2774,38,345.472279
-3153.4126,46,345.472317
-1001.4956,9,345.482365
640.2636,48,345.482434
-80.73749,26,345.508665
-1791.4872,16,345.508741
-1001.3646,33,345.521038
-847.11914,6,345.575049
2671.6035,69,345.598637
-1208.8982,22,345.598713
-1782.7893,11,345.632719
-206.9696,86,345.650895
-752.4394,10,345.650965
-1005.04407,20,345.678048
-1398.8451,16,345.712424
328.61194,57,345.725262
-996.5854,3,345.758185
-978.45557,10,345.789075
-1744.3497,11,345.799129
-3290.6348,22,345.814319
2998.019,135,345.892012
53.685303,73,345.914961
-1638.8601,18,345.987083
1200.6455,86,346.006208
-4144.9287,16,346.016462
-34.951355,62,346.027481
-2680.9102,34,346.040968
-1307.3153,45,346.084248
-504.73987,47,346.08434
1387.1877,102,346.115659
-523.73706,74,346.13685
-1680.2588,20,346.148443
111.13934,44,346.166019
-595.84644,12,346.23384
1996.2018,73,346.233907
906.6909,71,346.302773
-339.6845,72,346.32714
-2614.8147,15,346.327224
-1050.3657,52,346.361066
72.21484,64,346.374974
-1132.5416,4,346.375127
-1062.508,2,346.390986
-2794.6235,31,346.439279
2706.9004,79,346.43937
-1118.1833,28,346.4601
-962.33405,7,346.483914
-1110.0488,9,346.495617
978.8594,71,346.545078
-2111.393,19,346.608194
-215.79169,59,346.608322
-144.14227,33,346.62535
-976.67163,12,346.64213
-1115.2344,35,346.664475
1074.6222,75,346.664552
-1903.4751,48,346.664568
955.7361,89,346.703808
-1463.4683,12,346.736503
-2109.9863,8,346.736584
1462.2942,70,346.75087
-1089.4752,65,346.8146
-1116.8833,6,346.81471
-1184.2463,8,346.840455
52.42157,51,346.853487
-563.07043,58,346.853535
-1281.2059,18,346.85355
-985.11096,48,346.976806
-1677.0242,28,346.976854
-1229.3082,22,347.039789
-726.961,30,347.039889
-3719.9814,29,347.052543
2959.3743,77,347.074758
-939.2578,7,347.074826
74.052124,46,347.103294
3071.1484,101,347.103385
2918.1572,80,347.103401
-1577.111,20,347.103406
-968.76306,10,347.116545
-2103.4028,7,347.130694
-1432.5184,46,347.143483
418.3161,36,347.143562
-166.95123,36,347.175671
-1151.4036,5,347.189098
-3984.2021,31,347.224311
-3012.9365,72,347.236037
-2506.7524,12,347.260721
-742.4804,32,347.272006
-688.4119,8,347.295221
1589.4502,48,347.307827
763.62585,77,347.307908
-1268.8536,13,347.321839
-915.1294,20,347.346376
-2197.4177,6,347.356297
-1035.6913,3,347.356359
-864.3364,5,347.3666
-1087.5089,3,347.397583
-959.66125,30,347.434637
1157.053,50,347.468614
-984.1615,4,347.483668
-3522.7656,76,347.484071
-1110.1964,29,347.494556
-789.778,18,347.564253
-57.12445,42,347.588229
-1139.9554,9,347.60296
-1969.133,11,347.625608
-688.95776,44,347.653723
-241.18127,61,347.653784
-1128.2738,3,347.669498
1440.8054,95,347.669589
95.33777,46,347.701199
-204.78558,90,347.701286
-2150.8992,24,347.701304
-954.68176,6,347.7336
-898.05676,6,347.744589
-1298.1504,10,347.800706
-1317.3949,7,347.841466
-1158.7516,10,347.860996
-527.771,47,347.872374
-329.81293,46,347.891318
-2609.2627,57,347.91755
-762.2924,60,347.917641
-1279.2065,8,347.98456
-41.575012,37,348.003242
-1666.885,21,348.016264
-1159.1051,12,348.016335
-1501.0095,61,348.02897
-970.4483,4,348.043906
-1082.0311,3,348.064209
-1320.273,12,348.102445
-913.3739,6,348.141181
-236.22363,55,348.141275
70.13251,60,348.141295
-1040.7864,15,348.159139
-1386.6394,41,348.181312
-1006.2005,8,348.227206
-1010.8022,3,348.227335
-1017.9595,6,348.245068
-1690.013,8,348.257042
2871.8403,104,348.292047
-581.58234,45,348.32656
-2779.075,14,348.338995
-1017.37726,7,348.339113
-3137.4897,52,348.370179
-1606.5502,10,348.370263
-654.40717,53,348.405926
1272.0227,94,348.445154
-1104.4529,7,348.44522
-2189.127,16,348.473603
-1023.5152,50,348.473689
-1168.9685,7,348.497464
-1577.677,11,348.527797
-1133.1127,14,348.527919
-1255.8275,31,348.560164
1030.7373,86,348.560222
-2237.803,14,348.570768
-1076.7504,7,348.580332
-1392.9205,11,348.612756
-4104.763,37,348.625989
-1831.5118,11,348.641465
-1635.7062,11,348.653048
-1654.272,7,348.653103
-1061.3856,5,348.653118
-693.9533,61,348.682901
-1051.4473,2,348.682966
-436.50198,56,348.712823
-2313.3054,10,348.768783
601.03656,50,348.768855
-3274.5908,59,348.778889
1886.3572,97,348.77896
-1098.6388,3,348.812052
-3750.2368,42,348.865014
-1172.6594,7,348.865096
-944.7709,23,348.952302
-2348.8452,19,348.95235
-658.09314,34,349.005883
-1235.8341,12,349.021835
-485.13043,26,349.021924
-1024.3875,6,349.033236
-1039.0334,2,349.056705
-515.14136,46,349.056807
-350.4419,41,349.091955
1011.1056,87,349.092034
1137.2175,51,349.108741
2663.7217,114,349.127225
-970.5286,6,349.13707
1209.6423,138,349.19586
-971.1432,12,349.230335
-795.32007,12,349.252318
-2672.0464,45,349.252392
1239.0558,38,349.28834
-1181.3494,4,349.288417
-931.99176,49,349.33191
-314.5417,21,349.332006
-941.58514,3,349.332032
-1209.5328,16,349.332043
-1142.7148,5,349.364039
-955.375,3,349.380777
-1143.8569,3,349.380873
1319.878,88,349.410995
-20.752808,42,349.411092
-2209.4148,19,349.411103
-1150.1304,4,349.432639
-1584.0884,33,349.728009
-1090.0616,3,349.750282
-1043.0167,2,349.750381
1763.231,100,349.763556
-582.07117,43,349.763627
-1754.8228,5,349.763646
-1105.4387,6,349.782219
-1979.967,17,349.794738
-619.41895,71,349.804893
-2831.2515,22,349.853712
-2295.1467,7,349.876705
-1185.9308,9,349.894937
-2335.2102,10,349.895007
-1038.0574,3,349.941201
-1362.5842,22,349.941292
-135.65051,44,349.981515
-1008.2715,9,350.009663
-2193.5425,8,350.009707
3408.2046,99,350.118738
1816.0825,88,350.118822
-1955.8917,13,350.1456
-981.6467,4,350.170504
160.21313,88,350.181403
193.18176,43,350.21252
-494.01355,38,350.212578
-585.3097,62,350.241309
3017.003,103,350.27386
-1070.116,5,350.273945
-770.37964,74,350.345021
176.76788,26,350.364657
162.37708,40,350.364966
-141.25299,53,350.423324
-1059.6405,3,350.423374
-957.3859,6,350.490699
335.055,37,350.516579
-1320.3193,7,350.528536
296.78827,57,350.528623
-1144.4902,50,350.556044
-1000.2904,3,350.556088
-1858.024,21,350.556097
-1370.015,35,350.556103
1415.7771,53,350.570131
-386.5022,42,350.580521
-690.1853,17,350.594015
-184.7027,56,350.608163
-1060.5405,4,350.629097
205.52386,59,350.641802
-1218.5797,12,350.641849
1346.2755,79,350.660132
-1186.6989,8,350.682706
2571.1335,85,350.682788
-912.9963,3,350.682819
-993.79553,8,350.740082
209.4602,31,350.740168
-1064.9695,7,350.761098
-1000.89764,8,350.7712
-1203.9906,15,350.78192
-1463.6857,16,350.831916
-1471.7406,19,350.832155
727.9083,42,350.843988
-1713.9756,13,350.864095
178.78894,124,350.864156
-1243.3556,6,350.928336
-469.0878,29,350.986679
-1611.2262,14,351.022303
-1598.8895,16,351.17085
-2337.9048,25,351.191128
-2869.3994,42,351.191194
-1088.8785,3,351.246775
-187.37439,44,351.26849
-214.48022,35,351.268589
-1030.5873,2,351.283115
-977.8187,17,351.334771
-207.13824,40,351.334862
606.3736,51,351.349335
-29.164673,51,351.369389
-802.5877,10,351.38035
272.02448,41,351.395054
-1208.6246,71,351.407284
-1673.6423,11,351.407373
-1072.0992,2,351.419345
-199.78162,71,351.444925
-1666.696,39,351.460235
-361.5818,45,351.470345
-291.30786,52,351.491158
-1090.1892,6,351.520313
-506.56836,44,351.543683
-1503.738,6,351.560509
1483.9746,111,351.573138
-1276.6646,77,351.631526
-1294.6498,22,351.63164
-425.43573,23,351.631665
-1198.167,7,351.652973
-27.717285,41,351.682691
-1133.9857,9,351.697874
-9.957703,48,351.697942
-1130.2799,5,351.712034
-1045.794,2,351.732509
-79.08679,25,351.732576
-3075.8267,23,351.73259
-627.98865,103,351.759475
-449.76263,26,351.770793
-2000.6079,6,351.770864
-612.69684,33,351.781171
-302.98462,39,351.781265
4011.5205,107,351.781284
-1075.9205,2,351.781294
-338.62354,31,351.793038
-1136.8646,46,351.804922
-245.01007,70,351.827421
-884.81445,7,351.848868
-971.9438,11,351.848936
-1241.8519,6,351.84895
-899.8809,8,351.882246
-1375.095,13,351.893384
275.24347,31,351.911723
-913.7801,5,351.925153
-1806.1095,13,351.945543
-1196.5023,17,351.959021
2275.0315,82,351.959102
352.08875,56,351.959119
-996.02234,6,351.971024
-1833.947,16,351.996372
-1076.8013,27,352.016319
-3121.597,17,352.01639
-898.51306,7,352.026972
-1905.0934,8,352.055503
-1133.3698,6,352.089895
-1463.9727,6,352.089957
-1636.4979,11,352.107431
-2067.6877,13,352.120576
0.56225586,54,352.16054
-920.88104,6,352.178194
-810.63025,48,352.187409
-997.38684,7,352.19742
262.02197,26,352.254034
-1205.5366,6,352.284506
-6540.732,22,352.307272
-638.3489,21,352.336926
-727.7339,45,352.337355
-2244.1313,19,352.369976
512.70685,38,352.370055
-1339.7057,66,352.38555
-1080.0824,4,352.385673
-1008.86285,2,352.397552
-1058.7578,2,352.397613
-1449.9313,54,352.39763
-2054.7776,10,352.410558
-1121.0453,3,352.422676
-993.1386,8,352.422746
-1705.9844,57,352.447542
212.16821,46,352.447637
-1476.971,7,352.484637
-958.36237,5,352.522867
-2383.392,10,352.535516
-4127.9375,55,352.635911
26.520142,57,352.66558
549.1002,39,352.680285
379.01715,81,352.680374
348.13446,52,352.700563
1048.5483,65,352.70062
-1085.1552,4,352.714231
-391.25977,31,352.714317
-2375.3267,47,352.724576
-1279.7247,46,352.795668
-947.8083,7,352.795776
-2853.2407,11,352.816261
-1026.6276,2,352.82817
-2557.5818,14,352.856823
-249.05823,33,352.856873
-1402.8264,40,352.877844
-2017.886,18,352.877935
-1896.9703,14,352.897491
-62.031067,33,352.897571
3211.965,87,352.924671
-1109.4144,18,352.947393
354.50586,32,352.958395
-1050.2382,3,352.973782
-936.41675,3,352.995586
-1074.7855,8,352.995668
-1109.3134,4,353.025114
-639.0448,46,353.025218
-1746.2832,23,353.057031
-1134.8013,11,353.071481
1427.0824,61,353.071589
-1033.0116,2,353.085976
-1129.8154,3,353.125702
1082.3308,54,353.15293
-1248.9789,12,353.166773
-2681.5845,10,353.207474
3265.7197,92,353.207563
1543.7,79,353.275692
-1666.9612,12,353.322057
-1131.7032,4,353.344187
-401.2708,39,353.365315
-317.29285,26,353.365421
-806.6505,17,353.397474
-2049.06,24,353.411794
-1078.8524,3,353.439953
151.79858,30,353.453205
884.8169,110,353.495561
-1251.5635,5,353.510809
-63.467285,60,353.534319
2048.5098,81,353.544668
-2547.4316,13,353.569226
3889.648,84,353.586926
-1195.9744,4,353.587022
-9.354919,34,353.587036
1694.6414,56,353.630446
2015.8232,84,353.647957
-1600.6213,39,353.723209
-1557.2299,53,353.741839
530.74365,63,353.741922
-335.1961,65,353.787293
-1778.7291,5,353.845464
-1628.6904,10,353.860924
-52.12683,79,353.885597
-2118.2676,30,353.885666
-1938.4841,32,353.89611
-1899.3721,27,353.912476
-523.75977,38,353.912539
-1022.13715,2,353.939704
-1093.315,4,353.939769
714.09033,57,353.950932
3057.9526,107,353.972517
-1072.221,12,353.993321
134.02649,53,354.031254
-4235.8726,16,354.064751
942.1531,38,354.064849
-1138.712,15,354.076456
-1506.59,13,354.129027
-2810.7593,15,354.160999
-735.6332,62,354.207349
-169.00201,41,354.207847
-1643.8861,12,354.207892
-1497.7183,9,354.207903
-1088.3955,8,354.222646
-1069.8037,2,354.238563
451.0816,43,354.250404
-4698.0396,48,354.25047
1533.4218,101,354.260463
3159.6692,106,354.293622
-2020.9163,42,354.309544
-1209.1791,6,354.320462
-1408.3865,8,354.335931
-858.4535,27,354.353817
370.1767,61,354.416203
539.07214,80,354.416645
-1070.6458,2,354.442071
-2942.5967,22,354.464678
-997.4474,6,354.493658
3701.1948,72,354.51771
-520.49207,57,354.518014
5.378662,39,354.528877
-2883.0303,25,354.540706
-1151.8881,4,354.540807
-1967.5266,17,354.559873
-911.4488,47,354.578431
-961.96265,6,354.600563
-136.12659,25,354.625143
-2639.9968,23,354.625206
-1183.9897,42,354.661798
3.0795288,31,354.661877
-2319.626,18,354.683919
-1034.0544,2,354.696155
-1099.7863,10,354.696248
-729.11865,34,354.696268
-1145.4688,30,354.707459
-1004.4445,9,354.721323
-1043.6581,40,354.735007
-1548.1333,8,354.735418
-1443.0615,14,354.759253
-1058.044,2,354.759329
3315.0234,133,354.796473
-1587.4619,47,354.829473
-1210.9895,10,354.829538
-1052.9312,10,354.829549
3341.9434,112,354.859193
-496.33304,33,354.914894
-1113.7495,9,354.915015
-1102.4598,7,354.925829
-1126.796,6,354.94865
-1118.9415,9,354.960834
-1497.5933,19,354.969283
-247.65338,79,354.994962
-3415.563,19,355.020126
-235.82306,38,355.038532
-1507.7147,38,355.061178
2835.845,69,355.073059
-584.19995,44,355.116309
40.53607,30,355.116394
-1022.5615,8,355.116414
-1790.2583,7,355.15181
-1574.9042,17,355.151977
-2079.007,36,355.184956
-1558.5732,11,355.185038
-1080.7336,6,355.206658
-1001.72797,4,355.206733
-1299.9429,33,355.206753
-1039.161,8,355.22962
-1369.634,25,355.240582
-1623.1216,24,355.265286
-336.88965,33,355.276103
-937.9241,10,355.293813
-1437.5946,9,355.332954
-1290.4559,13,355.357133
-173.92114,32,355.417948
580.61096,56,355.438218
-1298.328,13,355.449776
-1375.4031,18,355.449841
3296.124,94,355.463432
3981.5417,101,355.483019
-728.94666,70,355.495336
-937.4037,4,355.504555
-757.9061,17,355.515062
-412.48865,34,355.525519
-79.377075,43,355.545204
-934.7428,6,355.545284
-1124.8232,9,355.561037
-152.36023,46,355.573802
-1626.1619,18,355.573877
-3065.144,18,355.600387
-1366.5944,14,355.889403
-957.6229,3,355.889487
-764.85815,28,355.912426
-862.5107,27,355.91249
-2005.5599,31,355.912506
-1379.7173,12,356.005215
-1814.7126,38,356.030335
3305.9,80,356.030396
-1229.5452,10,356.039527
-637.4763,18,356.104934
-792.24414,47,356.105018
369.07202,92,356.16814
-56.921448,25,356.182993
-954.7091,10,356.1833
-810.5924,60,356.229786
-3966.3474,36,356.260286
-1620.5359,36,356.311756
-74.035095,124,356.31186
-2957.0225,44,356.337337
122.27637,85,356.350348
-280.38202,33,356.350443
-1025.9126,2,356.379845
-1078.4271,3,356.396794
-1112.6057,4,356.396886
-1652.5674,16,356.396901
-1051.4039,7,356.415
-2548.6553,17,356.41506
-1695.2854,31,356.445021
-1021.76904,4,356.471153
-413.40778,42,356.481038
-305.8156,42,356.49529
-2037.9365,7,356.495416
-3924.4941,56,356.542487
-1508.8362,35,356.581363
-1064.3458,15,356.581458
-939.20593,9,356.602083
-1031.5027,4,356.60241
-96.44989,41,356.612427
-282.53162,43,356.622079
308.8014,61,356.622143
-1588.4026,16,356.622159
-1105.2815,4,356.644016
-787.86475,58,356.683611
-915.93744,8,356.700053
-451.94388,28,356.700123
-1478.2112,22,356.700141
-2514.484,17,356.721674
-1392.0272,6,356.783598
-192.44604,48,356.812613
-474.79926,73,356.825289
4110.5747,76,356.843652
961.9656,134,356.843955
-1789.28,10,356.856905
-134.396,34,356.856966
-1085.3428,2,356.86788
-1007.0544,28,356.867954
-1187.1658,3,356.884439
-1402.4427,14,356.884557
-1037.6761,48,356.912096
-1944.7458,20,356.912208
-573.30835,73,356.912261
-3399.4106,16,356.912271
-1190.8479,6,356.946309
-1758.5547,11,356.994775
-1852.0247,55,356.994895
-1024.9403,3,357.034728
-1591.3376,11,357.034798
-1223.8796,9,357.049321
-945.9456,7,357.049395
-1230.6644,46,357.085641
-32.941772,36,357.111375
-640.5869,5,357.132113
-1108.8029,5,357.132202
-1879.3506,38,357.158525
-1169.5315,4,357.206215
-2354.129,13,357.219346
-1475.3864,54,357.219422
-964.76917,2,357.237729
-796.08606,25,357.267166
-236.74524,26,357.279164
-1156.6992,48,357.291338
412.84314,39,357.31467
-1091.2953,30,357.325548
-654.40576,40,357.362144
-1450.2466,96,357.417903
-1963.0447,46,357.486048
332.7494,46,357.50487
-832.187,24,357.525522
-2201.0103,42,357.538667
-1135.7937,72,357.562695
204.41113,30,357.588045
-1156.9851,5,357.588117
827.42114,39,357.607344
-906.77246,11,357.632246
-419.80695,79,357.669368
-1157.4479,9,357.669496
808.4855,64,357.693013
-1568.335,12,357.732507
-101.66217,44,357.76498
624.20337,57,357.804198
-1935.0319,22,357.862225
-814.73663,45,357.877095
-575.4783,51,357.914599
-1123.342,4,357.926169
-2100.617,18,357.926242
850.8954,65,357.948199
-1552.4264,7,357.961481
2285.6792,101,357.961589
-1013.9406,3,357.973532
-1084.0479,3,358.00786
-1993.5212,21,358.026341
-803.2702,102,358.049358
-1074.9808,28,358.067146
2206.6245,89,358.07948
-1359.5391,7,358.091716
1937.0421,58,358.091808
-1133.1135,4,358.103738
-3709.8784,57,358.115083
2432.6782,84,358.142582
-969.0915,8,358.142693
-2603.184,35,358.154116
-941.2735,42,358.178148
-1614.6636,10,358.194926
-1082.6799,5,358.226041
2772.3555,86,358.245328
-1115.5066,5,358.268471
-1527.6375,3,358.279742
-912.32336,14,358.325981
-1026.1926,2,358.356224
498.5644,41,358.375204
-275.151,30,358.375274
-1393.1948,68,358.402314
1837.6503,66,358.435988
-1438.023,5,358.436063
-1629.7013,30,358.497317
-1524.4944,15,358.497394
-824.1249,8,358.497411
927.63245,91,358.52249
-856.25037,38,358.522606
-1597.7688,10,358.535766
-53.119934,30,358.598993
161.41577,37,358.599087
-2947.877,28,358.662705
809.2372,51,358.662827
-2009.9374,104,358.662844
-548.5721,49,358.704296
-2008.9579,16,358.731141
-628.576,20,358.731221
2674.6506,98,358.753882
55.36377,44,358.774901
-1803.5703,19,358.775003
-978.79443,4,358.787344
-574.26807,21,358.817986
-993.5965,23,358.833631
-1434.8279,18,358.867867
-3460.9639,15,358.883618
-908.9399,90,358.896175
-566.5579,59,358.931245
-649.8,71,358.931341
-1705.306,25,358.959491
-3523.4807,23,359.026602
-1181.4803,91,359.026692
-1459.7329,48,359.062325
-621.92224,24,359.083699
-114.081726,73,359.118302
277.72034,75,359.118459
331.90887,34,359.118486
-1484.7902,15,359.141884
305.13916,67,359.142
-1053.4277,3,359.152988
-1015.8526,2,359.172886
-4755.0024,26,359.221171
-1701.0773,15,359.221282
-2766.9734,45,359.252656
-668.46484,56,359.252743
1029.2255,57,359.252763
-1213.9902,16,359.277565
-1028.1288,2,359.292035
668.07806,44,359.292201
-965.6864,6,359.305223
-1008.17334,8,359.327545
-1116.0215,3,359.327583
-1930.456,43,359.339135
-874.6533,68,359.35792
-2899.0776,14,359.358
-1062.5521,2,359.383322
-565.6958,37,359.41695
-1781.8503,24,359.441719
-1833.3198,6,359.464571
-1.1236572,45,359.464647
-1058.882,2,359.484148
-1356.042,56,359.49533
-1583.8604,15,359.521793
-530.53577,32,359.540344
-1349.6837,4,359.540401
-2010.7668,10,359.564625
-1522.6709,20,359.564723
826.53186,56,359.564746
-966.8821,2,359.564756
-836.8353,42,359.586517
-1888.9045,18,359.586583
-1070.5828,2,359.599255
-1253.6503,10,359.599345
-1103.1261,3,359.651305
687.4514,37,359.651436
-1229.3865,9,359.664147
-822.8859,6,359.696168
-1257.3414,46,359.710019
1968.0006,71,359.710141
-690.8728,10,359.742209
-811.22095,69,359.755105
-1139.3458,6,359.785656
-2093.9722,38,359.796825
-1304.6334,68,359.839508
-857.69604,6,359.852335
-272.99237,36,359.852401
-1018.3567,2,359.872141
-2772.7139,13,359.906725
-1083.4518,27,359.927634
-1314.1929,46,359.927702
-1404.6293,11,359.939971
-1047.739,2,359.957817
-988.89026,29,359.998589
-2722.314,44,360.025022
288.72327,55,360.036442
-2155.8933,11,360.063268
-1705.7329,10,360.085817
-281.72186,68,360.085903
295.89642,46,360.189657
-647.2788,37,360.189758
1930.079,101,360.203063
-537.1477,35,360.203154
-1020.42175,2,360.222675
-1171.199,14,360.234843
-1373.4883,14,360.258302
-1200.8589,3,360.258361
-917.2824,22,360.271409
-1502.7583,53,360.288416
-1170.7235,3,360.306532
2539.854,81,360.361191
-862.62244,39,360.383998
-1715.8086,39,360.384073
1159.6335,66,360.413466
-1123.7134,3,360.424622
-3271.5593,16,360.444241
-3096.9702,81,360.444299
-520.79474,58,360.457233
-943.41296,8,360.490897
-1004.8894,5,360.490989
108.01099,66,360.556211
1854.7649,62,360.556288
101.47455,66,360.556317
-917.2843,5,360.616331
1349.5502,56,360.636073
-1595.8486,16,360.695319
-1407.7617,33,360.695453
-1289.695,13,360.718607
-894.72595,34,360.740395
-1007.00116,6,360.762489
1405.8872,56,360.762573
-2611.3794,26,360.776491
-1523.5613,9,360.797503
-1123.632,3,360.797585
-1061.9966,2,360.8217
-1913.4917,9,360.821789
-277.32764,42,360.842416
-2754.7034,96,360.855121
-993.3762,9,360.872816
1048.8147,52,360.895358
-1435.203,9,360.92945
1757.6033,70,360.945441
-4.988159,77,360.945506
-981.0282,9,360.964477
-614.72595,43,360.975321
-854.6922,5,361.006261
-1091.0197,16,361.006327
-1793.3671,11,361.006341
-1902.7546,4,361.030622
1368.9269,63,361.030698
-1141.3434,6,361.030715
-332.2771,42,361.06754
-1114.9316,10,361.112045
-6476.8936,21,361.150623
-4152.717,95,361.150695
-1215.1931,15,361.198589
-4179.486,19,361.22496
-242.86334,30,361.239842
70.419495,39,361.252439
2058.1267,68,361.312437
-682.75055,19,361.312533
-987.5464,5,361.328519
-935.17,8,361.351838
284.2567,59,361.371253
-742.38776,28,361.371335
512.4094,59,361.381383
-956.4674,6,361.40192
-2138.9316,14,361.402001
-959.47504,6,361.442998
-1087.3395,3,361.443076
-902.48755,3,361.443093
-1818.7878,14,361.443101
-1359.6704,24,361.443105
-1451.8274,21,361.443109
-928.7814,6,361.454974
-1039.064,90,361.475357
2717.6724,86,361.760158
-1045.9066,4,361.760223
-1693.8606,6,361.783333
3247.7065,97,361.796947
-930.1437,14,361.797048
-1395.0225,40,361.808995
-1984.1826,19,361.838058
1170.9581,48,361.838146
3978.0066,115,361.853475
-889.96313,8,361.867028
-1299.5706,7,361.877147
4082.4138,91,361.877205
-1057.9424,4,361.890378
-319.12292,47,361.902994
-1421.2264,15,361.903065
2861.0703,91,361.916221
-1002.3331,5,361.938119
-1037.4998,2,361.957726
-875.4073,5,361.969097
836.23804,77,361.986408
-2700.3655,18,362.018322
-1075.1542,25,362.029778
-974.458,13,362.057123
-1094.4304,5,362.090114
-4119.3735,25,362.138189
970.46747,33,362.138324
-486.20764,34,362.153287
-756.1367,9,362.164093
-3318.9385,11,362.231412
-1110.3575,10,362.275747
-1652.0864,17,362.28767
-1068.1998,2,362.307627
1044.6481,96,362.330252
1006.545,86,362.354417
-1470.6357,16,362.354503
-1781.922,7,362.438892
-3325.0984,52,362.453444
-1544.1721,44,362.464207
2398.187,67,362.488952
-775.56213,51,362.510919
2983.676,83,362.525543
-643.41113,68,362.525618
-1159.5193,5,362.525634
-258.18182,28,362.544091
98.64484,51,362.544451
406.83356,46,362.57531
-2772.9895,57,362.605797
-951.9019,6,362.605864
-1326.3236,49,362.637122
-512.3304,73,362.681314
-1426.8033,26,362.715106
-2960.0085,37,362.745688
760.3037,67,362.789506
-1718.4302,19,362.789588
-2912.2192,23,362.789612
604.28,28,362.809553
-1017.7571,9,362.85309
-951.4701,4,362.853171
-1136.7194,9,362.905561
-1345.544,47,362.915421
-960.00555,5,362.915477
3308.1538,89,362.915493
-1608.7268,5,362.959138
936.0055,36,362.999523
-670.0378,66,363.010735
1010.84766,52,363.202458
167.75317,53,363.202657
-979.7121,4,363.25356
3011.1624,113,363.283682
-1628.7476,36,363.326234
-1815.3467,77,363.326321
-1062.9528,4,363.342106
-1753.8418,56,363.366492
1933.6909,70,363.366552
-1530.7798,60,363.39046
-2019.9456,116,363.418709
799.35974,67,363.418764
-1394.178,12,363.41879
-1119.2823,4,363.418795
-928.27795,3,363.430202
-2732.667,9,364.832872
-1119.5393,39,364.894317
921.96704,64,364.908331
-1922.0441,8,364.920871
-442.06262,49,364.938054
3773.9778,120,364.94705
-3548.0425,97,364.999012
-1307.3602,17,365.02829
-2495.4866,18,365.028426
-1720.3574,21,365.072711
1626.2295,79,365.087863
-1034.32,7,365.125768
1082.6736,60,365.136695
-918.4885,9,365.14569
-1075.2642,17,365.163939
-2092.5764,8,365.196649
-1540.7866,22,365.196693
-1025.898,4,365.213855
-686.75073,22,365.236325
-2433.7063,48,365.236391
-404.8977,39,365.246691
-1171.4683,3,365.246767
3814.8267,100,365.281783
-1367.3435,11,365.281847
3601.2524,85,365.294395
-930.7141,3,365.314522
1971.2937,106,365.369073
-202.41534,44,365.369144
-652.7134,36,365.381545
-1627.4167,24,365.381615
3239.6392,82,365.439899
-677.3402,22,365.50061
-1548.1514,26,365.54319
88.51538,106,365.543327
791.5702,43,365.557204
-905.82214,47,365.557274
-904.1114,4,365.600279
-1958.5435,65,365.632395
2628.9639,105,365.660383
-1911.1398,23,365.66052
3479.6643,78,365.715771
-104.86334,46,365.735799
-2298.0137,16,365.767351
559.654,46,365.767422
-1967.1716,10,365.79889
617.80316,42,365.811933
-821.0392,46,365.812036
-972.19006,3,365.846062
843.28467,35,365.846134
-97.295166,50,365.861592
-285.88153,86,365.873563
-891.68225,47,365.896594
-1115.5771,4,365.906303
386.47357,32,365.932602
-1052.5007,37,366.165095
-1092.2982,2,366.23371
-1363.5435,33,366.465671
-259.01715,38,366.498743
1122.6643,59,366.498851
1979.6913,148,366.516433
-459.02893,33,366.536526
-988.62213,5,366.547933
-1038.9694,4,366.567089
495.3313,34,366.579995
1100.6836,71,366.592975
2474.376,82,366.593082
1977.008,86,366.607591
386.15405,42,366.607678
-1963.1494,6,366.624074
-913.74817,6,366.636657
359.4217,49,366.681057
-342.15253,41,366.681174
-949.25366,5,366.703986
-1831.6143,7,366.70405
-1354.1891,39,366.713113
3929.38,85,366.730692
367.74127,51,366.783348
294.58148,48,366.800565
-1063.7833,46,366.847832
-1024.8668,3,366.887672
2428.5137,92,366.90514
533.92993,52,366.905255
-1407.2727,10,366.935326
-609.7894,27,366.97862
-1020.1586,4,366.995747
-1022.682,7,367.011117
-1077.4119,25,367.053345
-1527.6797,11,367.071053
-1186.5339,5,367.086069
3508.6191,91,367.106073
206.53839,35,367.106148
675.1362,37,367.153226
-266.08063,31,367.171692
-867.5567,9,367.195
-1413.8494,9,367.204315
13.497864,34,367.236881
260.84406,38,367.26411
106.22925,99,367.294748
-3116.963,55,367.31838
-1735.5841,66,367.318492
-1069.294,7,367.336246
-1725.5715,21,367.394936
1078.5498,50,367.428531
962.4901,61,367.491841
-2301.899,17,367.521758
-1103.901,8,367.532578
-1208.9623,40,367.560493
-1024.9215,6,367.578619
-80.1275,40,367.591275
-1893.8894,37,367.612541
-4158.2266,22,367.61262
1417.9121,125,367.660202
-1420.1604,17,367.749365
-1640.4448,14,367.779927
286.9928,44,367.790848
-2080.3333,46,367.803026
-1322.7753,36,367.816829
-1116.1573,3,367.840926
854.6061,40,367.889997
16.07251,55,367.890077
1258.081,87,367.916126
-1607.8617,15,367.916199
-1050.6381,2,367.946259
-982.58234,9,367.97692
3689.5005,89,367.987464
-1523.3809,6,367.987571
2430.6714,145,368.023434
-436.23077,56,368.072955
3129.3064,109,368.119273
382.65692,38,368.140501
-779.26843,10,368.169468
4012.654,93,368.182653
1814.6139,70,368.182718
-1975.5635,38,368.193967
-2472.3613,22,368.236163
4025.2773,90,368.236258
852.1687,116,368.266384
421.8822,73,368.266479
-93.750305,61,368.280135
-1147.9734,9,368.297891
1256.7609,48,368.297975
-289.79437,38,368.387073
-1189.911,30,368.408414
262.31482,30,368.408489
214.80713,43,368.420963
1112.0356,41,368.450853
-803.8998,51,368.506053
-895.2986,42,368.519081
-1413.1627,10,368.543553
-1604.2795,30,368.571362
1304.282,77,368.620382
-1385.2393,9,368.634139
-644.45404,44,368.677013
-294.81024,31,368.677127
-954.94293,3,368.677146
-1626.0397,10,368.695405
-1360.2151,23,368.722187
-481.61285,32,368.722258
-800.41864,40,368.734332
-1161.5172,7,368.765234
-1196.4441,26,368.79456
-895.4517,30,368.794642
-883.4312,8,368.816016
1911.9773,63,368.837811
-357.73242,43,368.861599
-1020.6604,5,368.861666
1690.9216,71,368.871913
-2284.269,5,368.885868
-933.24774,17,368.948736
2800.313,95,368.949099
-1083.4199,2,368.973475
-2228.1924,10,368.983739
-948.66187,2,369.003182
-1097.5691,2,369.016812
109.49695,47,369.032021
1335.2094,60,369.032128
-896.2756,7,369.045204
1679.9141,65,369.045295
-1193.1908,34,369.362706
-446.6695,31,369.374917
820.80194,41,369.409266
-2454.2153,9,369.438178
-985.56964,23,369.447668
1213.1152,49,369.459148
1799.2123,72,369.47625
-292.37305,31,369.487479
-1496.962,10,369.487546
-15.282532,40,369.497927
827.9324,72,369.498025
647.0079,43,369.521877
-893.6706,6,369.53345
-599.1015,32,369.586688
-1115.6653,8,369.60833
-1368.8821,6,369.617044
2060.1692,80,369.617105
-1455.8832,24,369.670762
3434.1865,98,369.700891
-2901.4749,46,369.745417
-15.991455,55,369.769436
3958.789,107,369.824281
-939.34296,6,369.824361
-1076.3486,28,369.83819
-2378.4219,33,369.853266
-1113.6409,7,369.853351
-1078.7356,3,369.877103
-1077.6086,14,369.877172
-1113.8962,3,369.890735
-1221.8763,8,369.947441
-495.1345,38,369.947503
-422.4573,52,369.985513
-196.73999,37,369.985604
-54.438477,56,370.009254
-1070.4208,11,370.009315
-108.2879,43,370.021584
-2919.46,6,370.074882
-1940.1975,16,370.07497
-2093.1458,8,370.074996
629.85645,65,370.100442
-1046.8816,2,370.100521
1141.4327,57,370.119079
2255.2012,88,370.119128
-970.2905,4,370.129142
-1073.4375,2,370.140051
-1638.4937,26,370.140132
-1579.6199,17,370.15174
-1154.1998,4,370.164597
656.7031,71,370.201039
79.229614,49,370.272815
-2569.087,17,370.314272
-1532.4788,19,370.314365
-1341.5872,9,370.314382
-51.732117,37,370.326323
2651.275,97,370.339189
-1030.7548,3,370.35155
91.63721,44,370.360953
-948.0476,8,370.374054
-913.5494,3,370.415302
-2058.398,21,370.415403
-1120.1243,6,370.447123
1125.7915,35,370.461923
-494.2981,90,370.462
-1041.1305,11,370.462012
-1224.048,6,370.504167
-2469.994,31,370.504248
-1292.0421,13,370.531573
-2310.224,17,370.558791
1798.2014,76,370.558858
748.038,33,370.572482
3459.874,77,370.591723
-1223.1278,4,370.619545
-778.24695,37,370.619624
640.6019,90,370.642536
-612.90063,38,370.642596
-4010.3772,58,370.695855
-1073.0737,11,370.724933
-710.40955,4,370.771803
3892.074,107,370.814388
-2348.8162,22,370.83076
-626.8443,20,370.830881
-1592.834,4,370.830908
140.91833,39,370.845792
-1381.1678,13,370.870291
475.5409,31,370.885249
4642.38,101,370.885379
-2132.424,69,370.908339
2180.8975,101,370.908442
619.36584,57,370.928258
2230.4312,73,370.941455
-1934.5674,5,370.980061
616.0564,44,371.017065
-1222.4285,8,371.051559
-1106.5382,5,371.051636
-975.3052,3,371.090741
-1108.7694,3,371.130894
-1617.8252,15,371.130994
-1591.7328,14,371.230163
-379.2489,29,371.230242
-1288.4348,47,371.24883
-1400.1111,32,371.294502
1831.7089,65,371.320728
-993.39685,6,371.365191
-499.01855,63,371.4129
102.92615,72,371.412978
-152.19495,32,371.43436
568.1362,75,371.467981
2623.2947,84,371.468049
-491.53854,30,371.527009
2240.2964,66,371.527102
2021.5693,83,371.609706
-68.31641,60,371.623911
-446.78278,84,371.623996
840.897,56,371.654935
1803.2771,62,371.655011
-1096.2537,7,371.701448
311.53302,25,371.757232
-778.35443,6,371.788064
-1591.568,52,371.820096
2274.7012,91,371.84047
-1071.2277,3,371.840576
458.52576,72,371.851395
4552.571,90,371.851488
342.47705,29,371.866395
1944.3816,74,371.877324
-1559.7717,19,371.913401
-1091.7733,8,371.932955
-1148.8636,8,371.952785
2039.1935,85,371.964666
-12.77533,56,371.986583
-377.91217,49,371.986662
-331.82104,35,371.996999
-1038.1211,13,372.026136
194.55585,32,372.085879
-2110.41,11,372.10163
4087.565,96,372.114388
-795.29333,5,372.158257
-1493.7236,33,372.203163
-581.3231,27,372.203258
-1709.2573,22,372.277346
-997.2641,27,372.289856
-551.57715,35,372.322105
-1904.7062,28,372.332112
-1543.2324,19,372.342934
-1099.1329,15,372.384083
3649.363,89,372.416903
2387.858,76,372.428226
-1167.9735,4,372.439406
-725.58545,46,372.452096
-1584.0037,12,372.487717
-758.2875,32,372.502799
-2685.999,46,372.523252
-1740.0701,15,372.544305
-2094.4373,22,372.566118
1435.6965,58,372.589685
-1068.6,23,372.589773
-1042.36,5,372.60382
1164.408,35,372.621213
-1000.3251,4,372.644405
3187.319,92,372.656886
-1127.3534,6,372.687485
2658.5845,91,372.709916
4340.448,96,372.720668
-884.7031,11,372.737384
-2865.4421,14,372.766732
2779.4146,87,372.766817
-1018.0958,3,372.766833
3808.8298,91,372.816998
-552.3636,30,372.817084
1042.5101,124,372.855955
-956.5976,34,372.85605
-1064.9036,3,372.856068
3144.5806,75,372.891372
517.17993,71,372.942749
117.476135,39,372.955872
-1031.9161,7,372.955951
-1079.1809,4,373.000505
-1157.9735,13,373.029028
-731.10205,39,373.065513
-269.20447,45,373.089636
-1246.7944,29,373.08971
-2055.2302,25,373.089724
-1019.3928,2,373.113433
1182.3776,135,373.139978
-490.3403,42,373.182626
-308.72662,28,373.214203
2925.7268,99,373.252418
-1011.59784,3,373.25248
826.013,41,373.288936
-1093.0889,4,373.305092
-1078.0732,12,373.343363
872.1274,42,373.369762
3121.288,79,373.382814
-1186.3046,10,373.397007
-1206.9812,4,373.429745
-993.0627,2,373.451744
-925.1251,44,373.472071
258.2713,77,373.494666
-2951.5374,15,373.505672
-1036.4486,2,373.522486
-877.46027,5,373.53661
-1253.2424,4,373.56912
-1012.4031,3,373.56918
497.3758,36,373.569199
-838.4277,42,373.633698
599.60254,68,373.670225
2102.817,55,373.684078
-1610.1443,57,373.695057
-155.02502,72,373.695107
2541.79,82,373.718645
-1184.8269,3,373.736055
-402.21808,97,373.736135
3924.1904,119,373.76779
-1903.5422,7,373.77737
-843.42065,50,373.791902
-1003.8767,3,373.803277
-3104.1758,22,373.837883
-1117.8933,12,373.881474
3469.1802,107,373.897328
2316.2559,68,373.909557
-462.385,42,373.933072
-954.0166,8,373.989679
-372.47595,36,374.034787
-521.0145,37,374.053798
-159.37897,51,374.064757
-864.50134,16,374.076167
-303.72125,41,374.103032
93.85956,46,374.204418
-1347.1494,15,374.225875
90.11926,43,374.256165
-274.52557,35,374.256222
454.60327,77,374.282271
-998.6954,6,374.334434
-308.02136,24,374.346914
-1858.4478,11,374.371038
3313.3667,132,374.40603
3171.6929,106,374.406114
-577.35376,42,374.427956
1095.3176,61,374.443153
689.8865,52,374.443223
-1902.3573,7,374.457486
2330.9458,101,374.457835
-77.28699,38,374.470965
-665.1847,4,374.52023
-1372.874,110,374.52033
875.9192,60,374.543106
-2097.427,15,374.585684
1938.3258,89,374.622959
-31.075745,34,374.655052
47.568726,27,374.655192
770.4746,68,374.672783
1982.0782,73,374.672852
-1090.0387,27,374.710765
1355.6115,105,374.724549
-1646.0791,22,374.735692
-1202.575,13,374.745452
-11.721924,27,374.754555
-1075.3224,4,375.066786
1181.2881,86,375.077452
1784.9102,45,375.128925
1364.2957,60,375.141035
-1319.724,18,375.161799
-705.5498,24,375.190324
637.3139,40,375.190392
996.40076,41,375.22169
-1339.9843,40,375.23395
-1317.5548,9,375.251456
2168.7024,74,375.283633
2643.7139,81,375.338288
2792.0881,95,375.408819
-456.70764,21,375.459675
-803.0484,37,375.459762
78.41553,45,375.503353
-1039.8015,41,375.503443
-1068.5007,3,375.546641
181.71326,39,375.575964
-1033.9259,10,375.602556
-1342.4297,6,375.675393
985.0276,61,375.719933
-1054.24,5,375.747323
-263.4406,39,375.747384
-2903.9497,72,375.747396
243.8374,32,375.776938
528.41,76,375.792432
-598.4232,31,375.82808
656.44653,85,375.828181
-3287.0518,62,375.868778
-1682.741,9,375.868876
-323.28656,48,375.884545
-2555.038,47,375.922272
-1218.6986,4,375.922498
335.45557,55,375.922562
927.8423,73,375.96938
-3355.9355,16,375.99202
-1112.1431,7,376.018656
-1581.0117,13,376.039533
-683.9816,43,376.039619
2112.624,101,376.05083
824.4309,69,376.079711
-3243.19,62,376.079775
3709.5776,88,376.0916
-1569.3123,14,376.108945
39.27118,41,376.121111
-1675.3611,4,376.13836
-672.2688,44,376.138486
-1019.55255,8,376.160479
-1111.1921,48,376.160536
1074.7992,103,376.160563
5082.3345,87,376.18689
2638.0173,81,376.220279
-3388.7893,22,376.243301
-968.1549,6,376.243395
853.0055,31,376.271528
-45.718323,44,376.322267
-1511.126,40,376.345649
-895.38214,8,376.34574
-3212.5835,35,376.367156
-2312.047,27,376.394448
-1090.803,5,376.405738
-1219.1676,6,376.422292
-207.61658,51,376.449687
-1112.1234,4,376.471453
-1368.4628,19,376.52686
290.94043,25,376.550595
387.5653,29,376.5765
-1239.1526,33,376.586465
-1262.2808,43,376.586526
-869.90564,7,376.646158
2129.174,58,376.663266
-880.5063,5,376.717941
-1484.0968,46,376.752146
-537.49194,45,376.791012
-1072.7065,7,376.822894
-1377.6188,8,376.922267
-1287.3744,28,376.945159
-1110.56,3,376.971944
-2649.7007,43,376.991711
136.42542,65,376.991802
3402.9824,89,377.00966
992.7734,40,377.043455
-1139.9697,3,377.043515
1626.8771,69,377.115822
2629.585,84,377.177474
-1009.1729,7,377.204998
29.84607,49,377.25847
1399.8677,74,377.274953
1887.8713,80,377.287437
1228.2627,41,377.316354
2592.6873,78,377.316411
421.2426,50,377.325909
647.76355,67,377.341725
-1820.6787,7,377.351708
-1137.9745,3,377.366295
-1176.5057,5,377.378215
-1252.1338,6,377.402876
1591.5828,65,377.402947
-1026.0632,8,377.402966
-1413.9341,10,377.419317
-418.8039,29,377.44247
1712.4407,91,377.453115
-1003.9977,34,377.476155
-890.71796,9,377.50227
1969.859,82,377.502339
-1094.3055,8,377.533954
-942.8385,67,377.553958
-1259.3958,8,377.573485
-983.85913,6,377.597548
-780.0152,108,377.597726
-701.2498,41,377.617963
61.06555,44,377.630519
-875.0541,6,377.630578
-1727.9689,6,377.654785
-1134.0149,16,377.654877
-1063.8248,3,377.696147
-3339.724,14,377.696271
-2732.8037,6,377.69631
-2102.8174,23,377.710483
-1007.71075,3,377.738805
-3618.124,56,377.764306
-1084.1311,4,377.791254
2619.1216,71,377.825211
-1075.7516,5,377.890421
2014.2898,64,377.907053
1394.0231,127,377.936328
-2573.3086,18,377.947298
-1930.3757,18,377.94738
-161.56519,30,377.947394
3344.3677,107,377.969663
-1287.2457,44,378.03165
-1019.5695,28,378.063475
-2000.263,45,378.079058
-1290.5604,10,378.091808
-1418.5876,5,378.107832
-1020.68964,3,378.107919
122.10327,47,378.119341
1917.8469,106,378.119426
-1058.716,2,378.152876
-1237.2252,48,378.176931
-964.59546,7,378.212032
-924.5956,7,378.227254
548.1329,32,378.227322
-2038.4033,11,378.2488
1338.4453,71,378.248929
-1070.5139,2,378.248953
-871.8672,9,378.28288
222.10486,51,378.282952
-1422.403,14,378.311724
-1194.6412,10,378.311798
-928.58167,49,378.311816
-1039.0913,2,378.339051
-3697.6191,14,378.395033
-1103.5618,10,378.434267
-343.9635,41,378.474882
-560.2342,92,378.512378
-920.8566,5,378.536552
1083.4541,61,378.561114
-1079.6034,8,378.622382
4303.3633,87,378.647415
305.04462,56,378.700027
-182.89288,36,378.728671
2252.4146,80,378.769886
1844.8303,81,378.769942
265.16888,40,378.78278
-1004.5948,2,378.798009
560.2605,63,378.811195
-944.6304,8,378.811284
-1567.0757,44,378.85948
1854.5667,78,378.859623
-173.46252,91,378.885881
-1202.7648,10,378.907788
1042.5692,30,378.916826
-171.05945,40,378.966411
-4010.7876,21,379.004889
134.05048,59,379.004968
804.6421,56,379.046456
-38.936768,36,379.093575
2884.121,86,379.126783
1494.6552,80,379.16988
-1299.3308,29,379.169965
-785.3684,26,379.227314
-1038.4318,5,379.237922
-2021.0111,13,379.274015
-2357.5923,34,379.274074
225.77625,100,379.274089
-879.42163,6,379.305935
1683.404,99,379.315492
-2142.6514,30,379.381461
-136.8346,28,379.400877
-961.79913,43,379.455751
-2071.973,39,379.46954
-872.03986,83,379.51308
-1173.4526,34,379.619976
2111.269,79,379.620044
-1041.4493,25,379.666195
350.06494,28,379.666548
-479.9909,34,379.705668
-1672.9668,60,379.730084
250.71198,52,379.74202
5.071106,34,379.756166
3537.523,107,379.788597
59.227905,86,379.810363
-1612.4891,8,379.81042
-1106.238,3,379.842758
-1040.8292,6,379.865984
-1106.0878,42,379.877399
3395.187,82,379.92369
-344.19794,25,379.964455
1055.124,88,380.000308
-1918.248,15,380.06632
-930.5493,7,380.088061
803.8696,136,380.148967
737.58984,37,380.167761
-404.89038,80,380.190996
3345.6987,143,380.229972
1661.0691,50,380.243042
-1211.6998,9,380.287646
-928.00275,45,380.31794
835.82837,88,380.372645
-1732.6111,65,380.403664
-1105.7095,3,380.415915
-3244.127,16,380.415974
-891.95325,9,380.415992
-850.33154,107,380.436584
-1420.7585,49,380.43665
282.55878,43,380.448183
-895.9061,5,380.483453
1202.0171,86,380.494962
62.60608,44,380.508938
-534.8534,36,380.548967
1113.6586,77,380.560853
-3326.3943,9,380.560941
681.54443,85,380.615442
-1426.7744,21,380.615567
-329.6931,41,380.723641
404.55823,62,380.760224
456.948,49,380.760313
-1087.2188,2,380.782245
1167.2473,76,380.800378
2546.252,82,380.810149
-358.77948,32,381.132009
-3252.5234,26,381.132074
585.5965,35,381.158122
-2914.7847,34,381.158224
-1252.8262,7,381.175126
-935.0675,3,381.175199
-1021.5137,8,381.196417
-498.26178,25,381.222818
-1086.8439,5,381.270058
-76.1814,57,381.293584
-1692.3484,6,381.315572
-1516.7648,18,381.357169
-891.1765,38,381.357275
-954.33594,4,381.374044
-990.566,4,381.41412
634.9719,65,381.429342
-1359.8407,45,381.440557
-850.4919,24,381.470405
334.27148,50,381.480232
-1110.6049,6,381.510287
4610.181,131,381.510381
-1050.4865,13,381.548128
975.5729,96,381.570786
1046.6472,30,381.570864
108.10034,112,381.598664
2856.3105,90,381.62859
-1079.3281,8,381.650786
-661.7213,45,381.661424
-968.0542,8,381.676577
-828.4605,10,381.743653
-1293.6935,10,381.797954
-2128.563,47,381.830716
-824.2572,35,381.84357
-693.1239,50,381.863815
-1659.1018,8,381.863907
3116.3525,82,381.863926
2368.9187,75,381.873868
-3364.6177,22,381.891032
-1791.541,27,381.891112
805.1525,33,381.917351
-457.8297,46,381.927637
-1076.2223,3,381.937331
470.1604,33,381.950501
-1147.6222,4,381.971308
2884.2842,87,381.971375
2663.919,94,382.008713
-432.48096,38,382.02838
-941.9393,14,382.045447
-1041.3112,7,382.05672
-1043.1346,6,382.111517
-837.52246,51,382.111627
-2752.8953,23,382.111648
-1611.2869,17,382.132472
-1435.7083,7,382.147372
8.935791,34,382.165403
88.91809,40,382.198836
1761.5438,98,382.258345
-3662.3413,18,382.284523
-745.37646,95,382.371439
-432.8724,33,382.371494
294.0302,32,382.404031
-1121.9974,4,382.426728
-12.629028,45,382.470656
2168.0942,71,382.470723
1189.2086,57,382.488509
-1219.5188,5,382.488591
865.40155,41,382.529355
-1294.0388,12,382.529466
245.3523,96,382.529491
-1246.3783,29,382.558414
183.43677,28,382.594343
-1332.9768,4,382.607314
-1019.57794,3,382.637709
667.787,25,382.637775
-1035.3024,2,382.637789
-979.52936,32,382.676348
1385.6135,56,382.676398
-1178.0583,3,382.676408
898.624,37,382.699107
-1074.3446,13,382.699184
-2244.6064,13,382.699203
-3133.7642,14,382.69921
-1222.4464,12,382.73359
-1071.1938,3,382.745777
-1865.3807,8,382.765505
-899.7926,6,382.780511
-899.1745,8,382.804631
-627.66846,24,382.842814
-1166.2366,12,382.86832
-1575.2273,16,382.930694
5945.2393,114,382.941252
-1420.9283,16,382.96583
-1127.2882,4,382.985669
2316.1865,70,382.985782
-1629.1892,23,383.013252
5564.8096,84,383.060724
1296.5374,64,383.091712
-2186.9065,22,383.10332
2941.1462,91,383.163574
-1688.0464,14,383.204584
-680.09174,18,383.240519
3433.2092,78,383.258372
-718.3008,39,383.277021
502.107,46,383.289055
-1038.3171,4,383.302407
-1595.9453,52,383.302508
-1088.9993,2,383.30253
-3018.502,15,383.323447
2854.8818,84,383.353212
-1433.7736,4,383.353315
-1235.644,34,383.353342
-4603.3853,20,383.376045
-1107.6871,3,383.385769
-1004.1033,7,383.399441
-433.05426,30,383.418173
2304.4683,107,383.418242
2301.4458,53,383.4295
-2061.7488,48,383.429567
2150.7224,81,383.442496
-1588.5576,12,383.470782
-227.8114,46,383.481467
3047.671,78,383.518205
-1315.5192,15,383.559506
455.17773,57,383.580023
-2306.5781,12,383.614959
-726.59973,22,383.636782
-1815.656,16,383.662366
800.095,78,383.662447
-1424.5426,13,383.7353
-1683.9066,42,383.774254
-2287.0461,120,383.806213
-1344.0588,11,383.816507
-1894.2784,40,383.864808
466.20386,68,383.875052
125.19812,49,383.946438
30.38971,47,384.054324
226.78131,49,384.054411
1004.0494,74,384.088173
149.63672,54,384.08824
-4967.964,50,384.109856
284.54407,26,384.143429
-1667.1028,25,384.143529
-3491.3438,41,384.180901
-2125.8044,47,384.238162
420.16144,37,384.260349
1928.8303,94,384.260403
-907.08307,10,384.310895
1484.6923,67,384.346535
-1000.9748,6,384.346653
-396.74783,72,384.448298
-1913.0093,16,384.489311
251.19775,78,384.489388
140.59167,47,384.506876
407.52606,58,384.536602
1868.5597,97,384.576299
-321.96667,36,384.604199
-1164.0659,25,384.616319
2570.9502,76,384.627743
-1525.2887,6,384.627826
403.97968,36,384.652079
15.776489,43,384.652139
2758.0776,82,384.652155
69.539795,91,384.652164
2587.4238,85,384.666389
-1013.7739,3,384.666454
-1106.9591,5,384.686747
-1001.63586,5,384.742374
-543.03125,52,384.780762
-1430.6741,10,384.788951
-662.42615,66,384.855731
-626.3987,55,384.870056
-1211.355,28,384.890876
216.33643,57,384.891008
-875.6963,27,384.891088
-1475.8602,11,384.891167
648.0565,74,384.918312
-997.77295,3,384.940558
-647.48254,21,384.95259
-1162.1642,5,384.978486
-654.9062,28,384.978555
2624.8901,96,385.012853
-653.5797,8,385.012959
438.3014,37,385.012975
-1128.7542,8,385.02331
51.832214,27,385.023381
-1107.9155,4,385.068858
-340.59216,28,385.102501
-1087.3636,3,385.113898
-828.0542,7,385.134812
1635.5581,73,385.20243
-1476.6917,10,385.247485
-1577.3823,25,385.281464
436.68903,64,385.281532
-1034.2014,22,385.304909
-1115.7319,7,385.304989
751.1312,50,385.326826
-192.83618,47,385.353951
3285.3276,74,385.428942
458.80902,41,385.491233
620.54254,35,385.522066
403.34918,42,385.558927
579.6721,62,385.558974
-1046.9763,4,385.558984
-92.270935,49,385.597005
-751.1185,40,385.597098
-2590.85,21,385.597113
-516.0541,45,385.631609
-1448.7207,29,385.674775
4030.2466,94,385.69806
-2166.5078,9,385.698122
-1121.0312,3,385.726995
-2234.8433,11,385.753109
641.4966,67,385.76381
-1514.2728,67,385.790788
186.02533,35,385.80466
-352.21313,35,385.839092
809.7524,36,385.879236
1246.7024,62,385.906667
-2432.4873,13,385.906766
-1113.8549,3,385.930162
3531.3271,100,385.952571
-1046.2334,2,385.98111
-76.07532,28,386.00388
-1389.8832,7,386.016549
-767.97705,50,386.029583
-1358.0817,12,386.085203
-1014.7971,8,386.103353
2131.654,77,386.103476
-917.1294,69,386.103494
-292.7303,38,386.114855
-950.53845,9,386.161411
4246.964,103,386.1615
-1466.5231,7,386.192112
-1325.7021,46,386.209652
-1147.7069,7,386.271769
-2351.5579,48,386.271891
-2851.6694,7,386.295072
1686.6089,73,386.359194
3148.5796,85,386.359304
-1481.0066,47,386.371701
-45.19452,44,386.382722
-1229.6661,7,386.38282
-777.5413,45,386.440137
-1069.6141,7,386.475661
-1972.6123,39,386.538366
-1564.2534,33,386.565167
474.50037,71,386.590111
50.340637,33,386.598789
-1119.7766,4,386.616943
-720.541,39,386.62787
2464.85,68,386.646396
1597.1335,47,386.658617
1889.2952,75,386.684196
-41.836914,72,386.797679
-1947.0718,33,386.842521
-1921.9614,43,386.860384
-1406.5724,17,386.912076
-1035.9142,9,386.982279
-1132.9762,6,387.006553
-2240.9795,87,387.006611
-966.19763,3,387.033674
-1278.1248,40,387.343116
-466.16882,35,387.395945
-1697.0498,21,387.396066
1116.6733,72,387.409943
-1093.645,5,387.454757
-384.91693,59,387.47091
-1370.0718,11,387.470965
-1041.4467,89,387.470978
2656.0771,78,387.48102
-806.61365,36,387.481082
-965.0685,2,387.493523
1885.1569,73,387.512993
-1978.3196,17,387.523317
-1318.9127,14,387.523369
2657.0312,100,387.53513
411.19916,59,387.553492
-855.11316,133,387.596136
-962.711,8,387.607087
-1831.9093,20,387.647321
1213.3394,73,387.659507
-372.15344,55,387.674089
6167.1055,88,387.746552
-987.2777,8,387.758177
2708.9155,87,387.813897
84.98401,72,387.869831
-2182.4043,34,387.892143
147.71509,28,387.892215
-1056.6642,9,387.934087
2913.4067,82,387.934194
-7364.1045,38,387.948164
2008.355,77,387.973989
127.351135,60,388.053487
750.6228,53,388.07258
-1878.4792,37,388.107726
412.75134,53,388.120904
2409.296,80,388.169311
228.78198,53,388.180522
-317.0788,38,388.224624
-334.9602,38,388.237634
-561.24994,53,388.27023
-961.16437,7,388.270303
-220.2403,31,388.280718
-92.217285,29,388.295029
161.62994,32,388.29525
-255.05573,35,388.311115
831.6642,51,388.311213
685.4735,107,388.338868
-669.31177,32,388.338942
-1302.5027,14,388.35096
-908.82074,9,388.351029
-1224.1654,21,388.392138
910.859,69,388.405095
3264.3726,73,388.434311
-1640.0991,13,388.434378
-2572.8247,78,388.453694
-1359.8364,11,388.469568
-1311.2203,30,388.48018
-2599.7373,11,388.480244
961.5445,44,388.492383
1920.386,73,388.50363
-1462.2106,4,388.514457
-658.6049,19,388.552039
-1180.2281,6,388.565657
-2408.416,87,388.565721
-2562.513,21,388.588825
-1161.5708,3,388.600341
-2434.9229,5,388.634287
61.149414,35,388.655251
-992.2463,4,388.655566
-475.98547,30,388.675826
-2606.0566,15,388.701617
-1015.6228,20,388.701721
-1803.8779,39,388.744029
710.73206,42,388.812282
-2953.7708,15,388.812368
-4027.816,30,388.843952
-1065.4893,2,388.866243
1192.6907,69,388.90435
-930.50854,30,388.924499
-2132.3384,16,388.943175
-1405.0945,11,388.954123
835.6637,40,388.963557
1823.0343,121,388.973295
-412.94092,57,388.984965
81.2583,57,388.985035
-1623.5488,11,388.996763
-2537.3538,12,389.086512
-772.6718,37,389.097883
-810.54803,59,389.097962
-1091.8679,4,389.128841
-1463.6919,41,389.146692
-2893.1226,15,389.175941
-1039.0365,2,389.176247
-1644.1714,47,389.186508
-590.05566,43,389.199698
-1351.564,8,389.19978
-1101.5406,3,389.210387
-1071.1232,4,389.247983
4513.7,104,389.248083
-1133.8733,4,389.266086
1606.4061,101,389.310498
2536.1162,85,389.323401
-906.5919,30,389.323489
-1113.1274,11,389.371231
-919.98,7,389.380233
1768.8623,79,389.434379
-1058.8112,38,389.448829
-1845.6052,17,389.448919
1137.3508,64,389.46192
542.3124,86,389.461993
-2195.814,58,389.508548
-1819.4575,19,389.533839
3796.9385,92,389.53392
237.05286,30,389.547342
-971.92413,41,389.584712
217.32965,36,389.608255
-2416.8914,15,389.628815
-2593.9922,65,389.690431
1257.8896,85,389.704181
-799.8642,15,389.704258
912.94196,48,389.724805
92.27985,26,389.736525
-626.25806,28,389.769664
-898.221,37,389.803817
-229.72559,71,389.803905
-1971.544,50,389.82116
-2114.561,40,389.831752
-581.31006,32,389.831818
2045.2642,123,389.853024
-1027.8014,5,389.870373
-1424.092,3,389.870432
-884.8168,29,389.881124
224.19556,86,389.913163
-625.94434,40,389.924318
3273.7002,80,389.924395
-1917.2582,10,389.924415
-166.81671,83,389.936071
-660.5137,55,389.946714
-934.5204,10,389.977539
-976.88354,16,389.99983
-941.39703,8,390.023697
-1172.0222,11,390.033669
-33.242065,49,390.144292
-2201.658,13,390.167876
786.7684,45,390.197712
157.11255,44,390.22267
3573.0098,95,390.223034
-313.44574,32,390.235408
-1063.6625,3,390.235476
-1862.2928,5,390.282198
1179.6355,69,390.295359
-3633.1636,42,390.330768
-111.92218,42,390.397559
1247.1626,39,390.416965
-1655.6095,18,390.485038
607.42413,48,390.4851
-855.3893,51,390.495293
2506.3225,87,390.528865
-957.30896,3,390.567792
350.2088,65,390.580849
-1665.8159,30,390.581052
1535.6742,84,390.591593
1396.5067,78,390.603421
3209.3176,90,390.619836
-947.31116,32,390.619916
3087.5212,78,390.642732
-1295.992,7,390.66845
2992.3784,85,390.694778
-746.0343,72,390.705394
-3126.8943,13,390.867603
5313.481,95,390.89022
1558.0748,62,390.903782
-1761.2908,41,390.903859
-1058.472,2,390.927594
-201.95013,28,390.963508
4039.2336,88,390.963872
-218.21545,67,390.984435
-1041.3556,2,391.005117
-1280.1914,5,391.013731
445.865,61,391.027988
-324.7707,67,391.043696
1697.3715,88,391.04376
-1750.1785,14,391.052817
968.35864,52,391.052888
-284.36316,39,391.083408
-1449.397,7,391.083468
638.6444,50,391.09287
-20.966797,37,391.103148
-1147.9327,3,391.122108
-678.8522,72,391.181442
-952.8166,47,391.193123
-1596.3689,25,391.204682
-1010.4096,5,391.262972
2510.6924,108,391.284891
968.5199,68,391.296592
413.0113,35,391.424815
1199.8846,75,391.459356
3584.5298,81,391.508663
1027.2556,79,391.522614
-454.78845,43,391.53481
-4074.0598,56,391.53487
170.66675,40,391.545179
-1551.0701,41,391.545229
29.490417,40,391.556828
-1990.0798,23,391.556893
-2764.543,48,391.568369
-1843.517,5,391.620597
-889.525,9,391.63377
1808.125,60,391.655694
1832.973,91,391.655762
-1462.8229,13,391.693609
425.0511,36,391.705212
-994.6063,3,391.743258
1279.4154,64,391.756727
-2059.755,5,391.756783
-1012.9074,2,391.767695
-1526.5306,13,391.767761
-1203.7336,44,391.777585
-1071.9221,4,391.801154
-294.2572,32,391.813415
-2444.1865,7,391.84712
2429.102,70,391.855171
2927.0195,86,391.855232
-1289.0854,30,391.876456
-1113.4543,3,391.876509
1676.1277,103,391.884621
-1074.4685,2,391.894049
-1434.2856,69,391.90326
-210.38318,121,391.912187
-1445.5786,8,391.944896
-3120.7222,17,391.944954
250.23688,35,391.977958
-1132.042,9,392.00916
85.446045,34,392.009217
-969.62506,33,392.020329
1123.7064,77,392.069474
-1301.5024,49,392.114508
591.4356,28,392.16722
-1109.8219,103,392.211466
150.25037,28,392.211531
-1085.3595,7,392.242044
2094.2861,63,392.615842
-906.88873,6,392.61594
-173.29718,66,392.648435
3087.48,99,392.726256
-1051.9792,2,392.726588
-1149.4342,20,392.855392
842.24536,71,392.885429
-2331.3418,9,392.975684
-1042.8142,10,392.998923
-92.51642,59,393.185735
-62.66089,72,393.18633
-1627.5906,60,393.303345
-3106.2256,16,393.315905
567.3733,72,393.336723
-1113.2272,3,393.352076
278.57617,34,393.365008
-255.7425,52,393.376862
-1010.0192,4,393.37692
-515.2049,28,393.396679
706.99646,63,393.396793
286.78223,62,393.409338
-994.5601,8,393.466773
-1341.6434,12,393.548899
3464.9204,117,393.590379
-1135.6068,5,393.61561
1876.8743,71,393.669838
1844.4862,81,393.719106
741.34827,58,393.771718
-1563.5367,55,393.782029
-798.7304,31,393.782089
1982.8204,97,393.782102
-773.7915,36,393.805077
-1052.4355,2,393.805149
-1120.2207,4,393.834566
-998.9773,5,393.834644
619.3556,99,393.905319
3923.9624,117,393.905375
-95.828,58,393.925684
1325.7637,45,393.925748
3301.0286,118,393.950458
-2561.217,50,393.963588
-1138.9045,4,393.977528
1953.6471,63,393.988857
2303.2957,110,393.998052
1927.1936,106,394.017841
-1509.2166,8,394.017909
332.0006,29,394.017926
3485.642,86,394.028354
-1003.49225,5,394.069681
-418.9319,31,394.080505
2378.6924,57,394.091533
-1108.4431,8,394.107487
-23.448792,47,394.145227
-1203.2928,5,394.157436
208.21283,47,396.123267
-1663.4868,20,396.134559
-588.9289,34,396.178841
-1204.8127,4,396.220336
-2285.7017,43,396.228213
-1016.30115,10,396.237729
4613.516,98,396.255746
-1162.8088,3,396.267127
818.28204,41,396.304397
3241.5215,87,396.435638
-1237.7786,60,396.435732
-1095.953,3,396.46598
1606.9619,61,396.46607
-1941.8967,37,396.500172
2156.5825,58,396.500216
3607.7527,124,396.500225
948.6616,40,396.500231
-1146.0253,4,396.509677
2615.3958,105,396.509741
736.4151,49,396.519327
-1494.8823,45,396.599472
-1360.5826,9,396.623655
-1264.146,64,396.623724
-772.1456,12,396.645092
-1007.0767,7,396.693665
-2672.0051,57,396.753305
490.562,40,396.762418
-747.0093,45,396.771507
-1665.1372,46,396.771562
-843.9558,7,396.781545
4567.9204,92,396.792661
-936.12085,5,396.82374
2945.5415,81,396.833203
-1051.056,4,396.833258
1770.1611,78,396.833274
1405.633,83,396.845091
151.86462,39,396.870519
1241.2595,41,396.958304
-1619.299,20,396.99793
-779.982,5,397.019052
3492.3418,89,397.031647
-1013.4365,4,397.062089
339.77917,43,397.079569
-938.7924,55,397.10893
228.93665,34,397.119159
3076.6284,111,397.181708
2819.669,105,397.199989
-1073.4698,2,397.228693
1632.6676,67,397.274333
421.57117,94,397.309341
1198.098,68,397.309417
-660.17737,58,397.354765
-2235.2058,32,397.462803
-2607.0806,12,397.462877
2103.0605,108,397.50122
3043.9883,85,397.501318
-1137.7565,4,397.520245
1065.2,55,397.54523
62.971558,34,397.592326
-451.38983,60,397.592404
644.12256,63,397.687049
238.96338,47,397.699498
3881.715,87,397.718338
-2095.565,75,397.737566
-1022.64667,11,397.748657
-1050.2882,2,397.748732
571.02277,43,397.803099
-1388.5597,60,397.814916
-3.888916,39,397.856233
3865.9556,108,397.856303
-489.23798,38,397.867862
-1023.5513,7,397.894997
-1099.839,3,397.895067
4393.662,82,397.919074
412.8501,32,397.933819
-1490.2644,7,397.944791
-647.6292,33,397.956977
525.94745,36,397.982411
-1037.5142,3,397.982481
-1511.4678,8,397.997806
-1085.1089,9,398.011476
-2086.995,25,398.049878
3774.1855,94,398.076106
294.69714,48,398.10922
-542.63824,19,398.128812
-2441.6272,14,398.154665
2907.4219,74,398.154738
2419.275,69,398.18727
-1057.776,7,398.213616
-991.3115,5,398.213686
1962.6183,106,398.226886
103.53076,118,398.280357
1942.3767,92,398.31587
-328.9624,27,398.335884
-1060.2842,48,398.378482
1056.0183,52,398.430941
392.88104,35,398.458428
3702.0972,84,398.458528
-1720.271,34,398.471559
-1167.0194,32,398.471664
-1612.9243,42,398.549906
-1710.4071,34,398.669896
2795.8076,84,398.724977
2885.5234,88,398.725055
455.37634,80,398.764904
-1030.8843,8,398.783855
-1189.1002,4,398.783965
2766.4504,77,398.783983
-1007.6838,4,398.825989
-225.5362,37,398.868086
-1408.9016,10,398.918957
-555.4394,68,399.000504
1110.633,59,399.043046
1095.9436,41,399.054853
3186.1387,85,399.10047
1380.1174,95,399.125634
2008.8633,75,399.151322
416.80743,50,399.164388
-698.8013,24,399.188454
828.8391,69,399.214577
-1014.87177,2,399.225266
3025.3052,77,399.238256
-1049.6216,8,399.293429
1398.5311,63,399.308361
446.97058,78,399.308426
-2326.0054,9,399.320645
-1450.2819,7,399.337503
-455.49054,41,399.350187
-1016.5826,3,399.366489
-866.382,8,399.432155
1157.334,59,399.432214
-1437.8466,8,399.477853
2451.7725,110,399.488551
-912.43024,29,399.525578
-466.8051,27,399.589712
2809.3923,82,399.632788
-1290.615,43,399.664614
801.0089,50,399.664678
32.503845,31,399.677754
-590.1409,40,399.698789
732.84894,35,399.765465
-1022.94165,7,399.787609
-710.4603,66,399.814089
3900.6272,98,399.814154
2948.3384,105,399.814169
-893.5653,6,399.858741
-1117.5902,4,399.858832
-4272.2803,40,399.870465
-281.02478,33,399.890648
-1282.3066,66,399.912938
-1122.5665,5,399.913028
1201.0667,106,399.950808
3489.6982,83,399.950846
2266.618,119,399.950853
-1092.5046,5,400.003276
498.7013,58,400.071906
-848.06244,13,400.134889
2392.7004,101,400.361383
-2681.787,18,400.361476
-970.05597,9,400.413723
4134.7915,92,400.77676
652.00714,28,400.786509
1430.3169,62,400.804746
3521.5942,71,400.82196
4430.4585,85,400.954366
-31.940613,66,400.986662
-1359.2065,11,400.986714
2879.6958,78,400.997277
968.3186,51,401.02977
1186.7368,70,401.059877
1698.8525,39,401.059948
3530.8164,91,401.091135
-958.10223,10,401.101561
2215.8625,83,401.15292
-1312.6549,69,401.182561
-1042.1185,4,401.194435
1798.2692,74,401.323126
1648.0638,66,401.510387
3348.1162,95,401.572387
-206.05536,96,401.615661
755.6837,28,401.615801
-215.75818,87,401.74877
762.19653,81,401.88518
306.03516,20,401.885615
-1042.205,45,402.002094
-1190.4052,13,402.029679
-1588.6648,6,402.052726
3810.263,103,402.127601
-1003.0391,3,402.128019
-2280.9167,14,402.152494
-1867.2356,12,402.163112
2339.458,70,402.225334
230.52039,103,402.249611
-626.029,52,402.259509
1351.402,85,402.322853
341.57678,90,402.358439
888.21277,60,402.35867
-1164.5264,4,402.368849
2229.358,69,402.380341
3148.0737,83,402.402905
-757.2237,32,402.444962
2849.5898,97,402.445031
-679.9677,8,402.467465
-938.0154,3,402.477694
2612.9697,63,402.507404
-169.6112,73,402.530331
723.8935,26,402.530416
-22.010925,36,402.542837
744.5787,74,402.56485
399.05774,55,402.595945
1956.8766,90,402.648151
2199.8508,106,402.671276
-1396.4404,12,402.682232
732.7484,49,402.704486
-1703.7058,21,402.714959
-1685.4993,32,402.73736
-238.72351,24,402.761525
-1186.1213,8,402.803356
-907.82416,3,402.837683
1120.4827,38,402.858095
-1478.8479,13,402.86807
-1218.3193,5,402.891326
348.54822,32,402.891406
-1049.4857,3,402.935708
-993.40594,4,402.953285
145.04913,36,402.974288
3234.5881,87,402.987867
5.079651,45,402.987951
2239.9678,88,402.999013
134.30103,40,403.033859
-3955.8696,64,403.033928
-1948.1669,61,403.090506
3374.565,72,403.112926
457.33588,45,403.125767
-1033.9304,2,403.140519
1641.4193,106,403.140625
-3023.3586,33,403.160754
-1074.7975,2,403.190353
2460.7676,88,403.200371
-1027.7301,6,403.267531
86.96863,33,403.267584
-1280.5544,8,403.30109
1177.9608,95,403.301149
1462.5294,47,403.311713
-198.07697,106,403.350441
-936.082,4,403.362727
60.011414,35,403.362797
-1085.332,3,403.382843
769.99194,36,403.403888
-1240.6399,3,403.417276
1846.8811,67,403.454404
3487.0654,89,403.454484
75.57501,39,403.494063
-942.81744,6,403.617844
-549.0481,35,403.953139
77.91705,57,403.953234
2760.618,101,404.061644
3615.6333,75,404.061717
3717.6182,93,404.077273
-747.3611,45,404.102072
-963.85065,9,404.158076
-1042.6019,48,404.182047
1038.6108,72,404.207696
-444.36218,43,404.352585
-900.6076,7,404.352643
2131.5493,67,404.380125
1549.7214,71,404.380245
2851.046,84,404.390846
-810.80804,39,404.444258
-699.9364,19,404.444322
-898.8854,56,404.465759
4229.161,84,404.477637
-757.0019,11,404.489356
2001.648,97,404.57438
2389.5615,124,404.59539
121.05713,39,404.608196
-68.40991,88,404.608253
-541.1572,89,404.629128
910.0399,76,404.629198
-1094.1595,7,404.654139
-974.94305,5,404.66725
1570.9048,67,404.678966
-203.40088,34,404.749734
-2781.0557,13,404.760653
776.68396,34,404.779197
632.41797,32,404.818405
-608.4281,15,404.839678
-784.8867,86,404.851841
384.23566,57,404.881065
-959.996,10,404.881128
-307.98767,40,404.924171
-84.2561,28,404.938775
-1304.6853,12,404.950802
-585.1839,60,404.959514
4633.9487,108,405.03894
3637.3022,101,405.051747
-324.27106,46,405.109754
1689.6229,84,405.179631
-511.89624,66,405.192257
-450.80444,47,405.201527
-661.4858,52,405.224256
2437.9473,89,405.245931
3459.2466,77,405.255566
2490.305,70,405.269834
-520.7308,30,405.280541
-1156.9738,5,405.320863
-842.24316,10,405.32095
3492.9092,92,405.320971
-1078.856,2,405.356123
-917.6893,39,405.356197
3565.1035,79,405.356215
-1107.6681,7,405.395929
4054.0981,87,405.415357
15.15625,39,405.452938
-2432.5376,20,405.480876
-4.9328003,47,405.524162
1567.6228,57,405.572517
-3426.7896,42,405.572596
2665.8413,79,405.581901
910.10046,34,405.606124
-1138.776,4,405.617975
648.4302,75,405.641776
-1244.9948,6,405.653656
2938.6768,79,405.677348
-1064.4482,47,405.688036
-1344.4368,36,405.688098
-1549.1143,12,405.711356
-1061.7878,3,405.745743
-905.3956,9,405.745812
536.921,29,405.783844
2191.1538,79,405.783908
-213.5326,70,405.797315
3397.768,82,405.83708
121.535645,40,405.837137
2841.204,64,405.948655
450.94745,48,405.961548
-1069.7687,21,406.030674
1839.4342,83,406.040925
-1206.1409,4,406.070208
-500.77603,42,406.111577
1354.4996,39,406.11165
-1150.5273,5,406.164213
-1734.168,44,406.186801
3313.5088,70,406.202288
770.42444,40,406.212914
2213.542,75,406.232165
-469.4561,56,406.254193
-191.89807,45,406.266227
1683.4689,80,406.26628
-2345.991,28,406.277107
2833.7869,81,406.295815
2760.9634,87,406.295882
419.0036,43,406.316353
-1161.451,6,406.328066
-292.84094,58,406.439116
-737.8895,25,406.476235
1173.387,48,406.567727
664.8701,78,406.567806
-98.28296,46,406.599836
2532.308,81,406.626088
-1241.793,13,406.654828
-1213.1863,5,406.654914
-1108.1649,32,406.684451
3067.7727,116,406.695902
-1290.1123,32,406.708323
-1167.7742,5,406.725062
4242.8027,103,406.725138
388.95764,33,406.871874
-1046.9164,2,406.871938
1002.724,48,406.913068
1870.8342,85,406.921335
853.7001,83,406.941428
-1637.5149,47,406.952003
-1547.9546,49,407.018961
-1132.6199,3,407.053749
707.8396,56,407.074153
1407.9993,72,407.083758
3334.792,127,407.09474
1414.6454,70,407.113812
-1966.6775,19,407.126
-123.973755,45,407.1261
-622.0939,25,407.152222
3348.437,77,407.268541
-151.75885,40,407.292464
206.62164,37,407.292526
1983.2542,105,407.303227
-1890.3708,41,407.324951
753.05615,47,407.354006
328.8957,25,407.354064
-1061.1188,22,407.375626
797.7282,49,407.405751
1245.309,87,407.40583
276.6809,95,407.417284
32.442078,29,407.43997
-1014.5423,2,407.440073
-1182.5718,33,407.462086
-956.00085,34,407.462145
-2359.7559,8,407.502828
-1793.0087,8,407.532368
-1643.8512,16,407.532438
-961.41003,17,407.566463
496.34076,38,407.578074
-1000.18616,8,407.596721
-1395.9631,15,407.655607
-948.45844,32,407.736848
1985.1421,89,407.80312
4309.577,92,407.815304
1789.0566,97,407.85305
2827.1514,84,407.901613
-299.46802,68,407.913301
4308.568,92,407.958558
191.65308,46,407.977373
-175.84546,61,407.98783
-1788.948,51,407.999561
2798.5078,86,408.031145
-1098.4801,6,408.044679
969.69824,97,408.05755
-1099.4941,3,408.06885
-1178.6881,43,408.068918
209.02893,53,408.078952
704.2411,43,408.092543
803.5034,73,408.103983
-1315.2772,21,408.196705
-243.0874,40,408.25619
-535.8469,32,408.269096
-1178.9764,18,408.288332
-88.6109,36,408.308244
-1123.8013,5,408.327836
808.2669,44,408.351388
1267.0405,93,408.3905
1667.9333,96,408.390606
-592.52106,29,408.401719
-2348.9482,9,408.411174
5254.3945,142,408.421615
-326.953,33,408.443319
807.61414,57,408.454452
823.49084,103,408.484163
-3200.0342,12,408.529261
-2517.8867,11,408.573721
-302.2,29,408.597397
1266.699,83,408.597453
2632.0786,78,408.6168
218.34875,38,408.627343
43.611084,46,408.627411
1793.4517,97,408.656568
2295.2112,95,408.681963
-420.95538,23,408.691163
-1229.3533,6,408.703276
133.17725,35,408.70333
-3261.4346,57,408.735853
-684.1843,23,408.894027
-947.0756,118,408.894103
1556.0985,79,408.89412
1063.3131,30,408.917156
-265.45007,78,408.940006
-763.50165,30,408.940084
879.7229,78,408.97297
-1456.8906,7,408.985637
-993.36743,5,409.048906
375.7193,26,409.048969
-1089.4592,39,409.060581
-2086.5876,12,409.070759
-2825.2314,11,409.082875
-1568.4496,4,409.104707
569.2378,54,409.117621
-34.251038,38,409.128699
5095.153,69,409.138538
-2313.9043,52,409.138578
-1063.0457,7,409.147584
310.94775,47,409.205615
-3156.276,68,409.237819
2178.8208,74,409.260101
83.70221,50,409.292614
255.66388,35,409.313361
-1139.897,21,409.324925
3483.2922,81,409.34757
-1715.6936,20,409.369833
826.8648,42,409.391492
1798.3073,92,409.424951
413.64038,41,409.447896
-1414.7236,45,409.47559
-61.740356,37,409.475653
-2727.802,38,409.485339
-863.8724,8,409.519894
3199.836,97,409.538777
-81.75983,40,409.584913
-408.87506,41,409.58498
3547.5103,78,409.599259
-101.533325,139,409.608665
361.511,45,409.621001
3855.8647,87,409.632678
-1043.2365,3,409.662652
181.8255,31,409.673036
3218.9521,84,409.673116
-2146.0562,14,409.822102
-157.71277,23,409.86627
1916.3209,60,409.876526
-957.7372,8,409.951866
-1992.4231,8,409.962221
-1920.3948,41,409.982402
1160.5417,45,410.003006
2056.94,69,410.014225
-488.81097,41,410.026919
1698.8933,61,410.03823
604.9133,55,410.078851
-1924.2295,5,410.091867
-2010.8035,72,410.131573
3348.5276,82,410.13166
-2497.9543,14,410.162491
152.32648,18,410.173143
4866.469,95,410.196454
-2546.9458,36,410.211448
-436.53857,82,410.211512
827.52026,85,410.224849
-1221.4938,9,410.234184
2086.4568,73,410.26868
1927.9731,77,410.295329
2806.04,85,410.327706
315.54193,31,410.355944
-99.464966,64,410.384307
-981.9965,6,410.405658
-185.0708,75,410.431718
3050.5947,87,410.442548
-1127.9089,3,410.464716
4277.048,118,410.464789
-650.13837,45,410.47719
-987.22015,23,410.477277
383.20642,47,410.487461
2592.959,81,410.48753
-904.98175,4,410.508432
119.66394,31,410.549125
1805.0374,80,410.559391
-1496.3347,11,410.596813
1362.9404,90,410.618212
85.67511,43,410.645404
-943.5694,40,410.645524
-819.69666,32,410.656215
-963.7125,5,410.678526
-675.5906,22,410.755709
-1037.5798,4,410.804744
-1107.5968,5,410.869614
1846.1135,74,410.918091
-738.4721,43,410.91817
409.16913,35,410.954482
1419.9924,63,411.002926
155.6687,77,411.026294
2960.6528,81,411.069266
-3232.3809,46,411.069335
2486.6855,67,411.127199
-1094.2468,6,411.137098
-683.41724,75,411.137148
233.81189,24,411.157705
-1865.9973,41,411.216952
3500.3062,79,411.244758
-1352.8965,53,411.244845
-1042.3213,13,411.486373
-725.4228,6,411.553966
-791.4378,21,411.565294
1654.7,76,411.565348
1018.3657,96,411.575032
2097.5706,82,411.59775
6835.748,89,411.630111
2278.1436,65,411.644142
-3.5073242,71,411.657781
-1995.647,37,411.691764
1879.4553,83,411.691837
-648.68774,73,411.72294
-1286.2266,89,411.745016
-1719.177,16,411.745092
-78.10571,34,411.776814
-1113.2286,6,411.816514
-1075.592,3,411.848928
2267.2786,86,412.018815
283.41284,64,412.041539
-321.59753,48,412.05449
5954.525,99,412.106472
-2518.0571,9,412.151472
672.0353,35,412.151541
-1185.8763,46,412.253534
1559.9371,84,412.253592
2009.2296,87,412.28816
4.175537,35,412.361712
-513.25757,76,412.382387
-582.9686,22,412.404197
1422.076,90,412.417241
587.3794,56,412.471748
2907.1519,93,412.471813
-315.62842,59,412.484776
-1150.4088,10,412.514031
1349.9636,57,412.514086
558.0496,43,412.514103
-1085.5771,14,412.547798
-1070.0236,7,412.557914
-3716.261,43,412.583023
-206.77478,40,412.583093
4334.349,92,412.638114
1142.8942,77,412.658937
-1247.8754,25,412.706373
-331.10358,85,412.706699
-868.15216,51,412.740297
-852.861,20,412.761149
196.5097,39,412.761243
-1374.667,14,412.813279
3297.3708,107,412.825785
375.85278,87,412.837559
2649.1572,82,412.860149
-1087.8032,2,412.860216
-761.2801,81,412.871212
-1017.42957,5,412.871308
-1037.6252,2,412.884479
-1402.6057,26,412.894106
-27.100647,45,412.894171
1081.8293,71,412.90758
-937.39307,8,412.921024
-1094.4282,6,412.939506
-1130.9366,5,412.967227
1628.6079,96,412.976087
806.5319,38,413.000067
267.6117,63,413.000135
189.12738,45,413.01215
-659.1916,42,413.012213
-1214.4412,7,413.044521
-926.29736,6,413.066584
2045.3181,70,413.078187
-955.0534,11,413.119776
-652.0277,39,413.14751
-166.5014,25,413.162977
-312.35718,27,413.183829
810.0638,40,413.205064
-1237.1659,8,413.205119
-1141.8779,4,413.227081
953.1683,57,413.22719
-1437.8208,34,413.227218
1436.4766,41,413.308342
-871.9058,60,413.328004
2032.3433,72,413.350488
-908.0184,29,413.376383
-534.3567,48,413.408061
401.4099,38,413.408117
-696.05664,26,413.439052
261.9276,82,413.439107
-1761.8884,26,413.475275
-1015.27356,5,413.493404
597.68256,43,413.5221
-753.5571,24,413.560669
-1068.4581,9,413.580731
2396.2568,78,413.601941
1563.5076,84,413.620238
3437.147,105,413.631479
-4300.8423,50,413.671785
-1034.055,5,413.681325
885.80554,74,413.710711
-1005.0821,37,413.710785
3766.8171,92,413.734318
1709.112,82,413.744403
1227.3813,61,413.844439
-1629.9736,15,413.895067
-1764.3721,17,413.895132
-344.22937,90,413.925761
-173.42938,89,413.953351
-2514.5522,33,413.972252
2872.4011,72,413.982421
-605.13354,52,414.023309
999.55505,76,414.023387
1863.422,65,414.035801
278.7791,36,414.055758
-55.63269,64,414.09054
-232.74762,68,414.104287
-1058.8551,4,414.134638
2112.012,104,414.148214
-261.4129,41,414.185367
-379.5058,48,414.195698
-2199.7683,94,414.216824
-1615.7888,36,414.230754
-779.98096,32,414.240474
-1087.7319,7,414.275257
-1487.933,9,414.295627
-2923.1924,15,414.328003
-1111.7704,40,414.373616
-1035.7662,34,414.387247
301.91895,37,414.400354
378.58136,36,414.416999
1142.3391,73,414.426639
3397.7222,93,414.447338
-1468.9579,12,414.507724
863.93365,34,414.507802
248.56696,43,414.547286
2116.3843,93,414.557386
-1124.7192,21,414.579221
1031.6246,42,414.629819
1228.8519,82,414.642934
-893.9427,37,414.670202
-340.99902,36,414.670261
2561.727,100,414.681088
523.96326,34,414.705339
-801.68506,8,414.760746
-1716.1157,30,414.760871
3500.6863,105,414.7609
-1053.5784,2,414.786906
-312.00018,37,414.808596
-54.561646,67,414.80866
-623.2051,42,414.905598
-567.5946,32,414.925521
-520.55804,37,414.945893
-1090.7852,3,414.957818
-3038.9375,135,414.957896
-1335.2087,14,414.980793
386.472,40,414.980857
433.0569,90,414.980873
-169.9065,26,414.990839
-1115.589,3,414.990907
-1424.5571,6,415.022061
417.90533,34,415.03334
3113.2065,90,415.080457
-1038.2781,4,415.080883
29.089111,39,415.159978
-1328.3533,39,415.233485
-1200.92,5,415.233574
-1487.0676,13,415.244449
-1077.4819,2,415.264446
-1184.5411,25,415.277055
-1895.5298,28,415.277162
-1857.5645,5,415.322494
4223.9937,109,415.342008
247.45825,94,415.365016
-755.00183,6,415.384825
501.58978,35,415.398298
2076.8018,74,415.421487
551.6993,38,415.421559
-1040.966,2,415.442678
-1139.9037,4,415.465709
-1721.3608,19,415.48548
125.135254,45,415.497763
-432.94397,17,415.524988
-511.53436,40,415.535474
-1077.2482,8,415.549122
-1044.8359,6,415.549212
922.82324,79,415.561151
-350.92932,109,415.561262
3627.086,102,415.6089
-1360.6826,17,415.625863
187.40417,77,415.65344
-1931.1101,11,415.665631
2451.2266,113,415.6658
-1515.5452,12,415.665818
3677.902,98,415.707577
-959.53,6,415.7273
-1714.1703,17,415.749465
-1634.5535,13,415.763308
2182.514,86,415.774068
2712.5537,82,415.833499
4066.5964,104,415.870698
919.24963,62,415.928377
1428.9957,63,415.939371
-661.68134,51,415.960132
2926.0107,90,416.010394
-644.07837,43,416.041812
-2176.9229,71,416.063451
103.44849,39,416.063512
-1018.94165,5,416.093943
-999.1241,9,416.106955
-1112.1813,5,416.118022
-673.9907,34,416.130943
1087.9672,100,416.152069
1231.0646,68,416.152137
-1157.1499,6,416.191438
794.1964,79,416.234789
-352.11633,47,416.247009
1085.6749,63,416.247079
-445.04083,53,416.247096
-916.8644,11,416.270093
981.08813,56,416.270149
-1874.5256,49,416.300536
2660.1274,137,416.351418
-571.7029,30,416.411412
1091.2584,89,416.471874
-884.1411,87,416.529482
401.37616,31,416.562996
-1233.3529,7,416.639623
-2797.7305,6,416.655512
249.88391,31,416.700185
1101.0128,54,416.714033
114.29114,86,416.714128
-2086.2861,37,416.714149
-618.21344,37,416.747266
438.42212,40,416.760149
-974.54047,7,416.951952
1971.0,75,417.004939
2148.2153,82,417.057436
2108.9536,52,417.057514
563.6156,66,417.072545
2337.2244,98,417.11991
4261.819,94,417.199065
-911.4226,7,417.199137
-1768.2047,50,417.210289
894.564,73,417.227981
-397.9168,30,417.228068
-1063.1299,2,417.254301
3075.058,93,417.281467
2850.4758,73,417.281551
-897.1151,6,417.359753
3015.9583,123,417.385747
-1615.4861,33,417.386038
181.8175,27,417.396498
1404.885,113,417.437429
-2645.52,75,417.460707
-239.81696,29,417.515359
-57.43994,34,417.529128
-409.87488,29,417.573469
-385.32617,53,417.59085
-1813.8917,7,417.67794
1591.7402,53,417.706446
-512.92236,32,417.744674
-1141.2266,8,417.810273
-94.303345,53,417.810368
-1082.9988,3,417.840082
3699.679,78,417.840151
-1235.0747,5,417.852973
-1063.7289,3,417.87252
-1422.2611,43,417.872577
-1009.8374,2,417.872592
85.86578,34,417.89942
-1610.271,17,417.899486
-1001.71106,3,417.90856
1366.671,78,417.908612
-969.9693,4,417.940716
1768.2365,103,417.940844
-932.4621,10,417.964371
-1320.1364,7,418.018592
913.7772,47,418.038844
509.5841,43,418.069214
-2699.3125,22,418.081452
-1963.4938,22,418.106824
-2627.59,50,418.141783
3041.3174,86,418.160361
281.53137,64,418.178588
-1085.8835,3,418.212675
3762.0757,87,418.212744
-1602.181,23,418.224569
-1063.1735,14,418.234779
-1366.1176,14,418.273597
605.6686,35,418.273666
-1106.6143,5,418.334897
-705.78375,38,418.344375
-1796.2373,43,418.367768
100.20856,64,418.367836
1262.2338,70,418.379491
-541.1036,57,418.397242
2718.462,81,418.413611
-1884.1198,41,418.422369
-845.9214,9,418.441843
364.8208,78,418.455293
-1165.7457,5,418.473046
-1163.3453,50,418.492338
-1130.6621,46,418.558581
-1032.6237,9,418.558646
2129.7388,79,418.572066
-1174.6211,11,418.61762
-997.7456,10,418.678412
-870.6282,12,418.69732
422.91937,50,418.732338
-995.32416,5,418.754163
-316.88837,47,418.798208
-3557.6704,48,418.798293
-1163.9586,4,418.808676
-1186.1532,8,418.828732
-382.76178,38,418.840233
1631.2336,64,418.840309
-1770.2917,39,418.840337
4046.1516,81,418.840348
174.99512,37,418.851163
-672.1277,25,418.861063
-875.5263,38,418.888223
-977.6605,10,418.908948
4362.39,124,418.909014
-880.7028,23,418.937865
4340.4814,100,418.946939
-801.2789,42,418.947002
-1273.0333,13,418.975525
-1128.9023,3,418.975583
-1074.467,5,418.989651
-982.52673,8,418.989737
-2462.1763,69,419.010567
3573.8564,71,419.03075
2192.57,87,419.03968
-967.61,7,419.050328
-1164.1152,4,419.072495
-1114.2615,4,419.089863
-1645.2803,15,419.158598
37.601685,32,419.168411
1674.3568,72,419.168714
-591.29083,39,419.259137
1210.5233,58,419.273178
1676.4413,80,419.285311
-1992.2778,9,419.29723
-1450.2864,47,419.362201
3488.646,89,419.362265
915.6944,35,419.386649
-61.06018,38,419.406699
3691.585,99,419.406766
-1247.7024,12,419.426787
-1879.9839,17,419.447332
556.3487,50,419.537889
3017.09,67,419.580005
3002.6726,126,419.592091
-747.15015,48,419.601233
-2039.3639,39,419.61225
-1028.6478,3,419.612315
-1093.4923,4,419.654853
465.3568,78,419.705859
90.95856,41,419.705933
282.36658,62,419.715473
3210.2717,88,419.753758
271.27148,75,419.753825
-926.4199,36,419.777995
3843.1956,91,419.778063
3284.1648,88,419.79402
1282.721,84,419.794333
-960.8657,9,419.81405
-1660.3474,11,419.838006
-916.5869,8,419.859266
416.1225,41,419.891615
-497.5513,32,419.891686
-880.1649,11,419.925339
1665.5931,55,419.954338
89.92291,32,419.954401
-907.20734,10,419.964926
-1435.8296,64,419.976875
-2714.549,42,420.060709
22.271912,42,420.082195
2166.1675,82,420.082299
-1111.0773,4,420.100552
-394.89685,29,420.110387
2238.6587,72,420.139923
-1056.4447,114,420.150044
-1172.26,4,420.181687
-866.2055,37,420.21811
1667.2031,79,420.258653
-526.0658,43,420.258718
2021.5415,81,420.258735
-177.34113,35,420.267915
3945.3374,112,420.316499
-971.57654,29,420.39113
664.5443,40,420.391204
-2045.5453,44,420.404059
-1083.9142,7,420.404145
-210.336,40,420.41546
-856.9253,29,420.415563
-738.6854,42,420.432547
4407.4,98,420.505997
777.9462,63,420.506069
-1257.3455,10,420.516271
-1811.255,10,420.525609
-1337.3842,11,420.547329
1090.3287,87,420.627735
-214.36993,47,420.679725
-2269.08,13,420.692964
678.3151,30,420.733541
-1022.5784,5,420.743705
544.8424,31,420.765196
428.88647,44,420.765274
-216.61401,46,420.773902
-2165.3376,64,420.814512
598.40094,30,420.825675
-954.0825,8,420.84732
3255.948,102,420.84748
-431.90674,53,420.847506
3131.37,82,420.85881
-1328.4387,15,420.903791
824.3307,66,420.920412
2995.812,79,420.954657
2033.8564,96,420.954772
-1175.9066,5,420.966606
-403.61316,107,421.018313
1651.0406,114,421.027669
-2862.9495,58,421.06141
-900.9713,9,421.08702
-1299.5851,21,421.087097
3589.7156,78,421.114915
-1076.82,42,421.114993
-938.20154,9,421.153437
-1095.908,18,421.153499
147.86798,26,421.171933
4204.9453,81,421.198254
-1788.9546,58,421.198315
-1159.5216,5,421.234375
-983.0755,7,421.234448
-3964.5708,22,421.234465
2193.9543,73,421.280771
-811.3699,20,421.293858
-412.54932,24,421.459239
-1539.6528,12,421.459339
-1137.2782,27,421.459355
-1391.1162,31,421.493228
-1109.8829,31,421.52136
1376.5417,89,421.579721
-869.3297,40,421.597226
3161.0498,92,421.62691
2186.0742,69,421.685368
-340.2315,67,421.704805
-1547.7157,21,421.713493
2659.312,81,421.723796
-456.61,86,421.723864
-735.9786,40,421.735335
2198.959,81,421.856321
3140.1328,89,421.865559
81.65521,74,421.889107
-1422.5669,8,421.949877
-1498.8652,8,421.971279
220.20319,34,421.971328
101.10718,61,421.98228
-213.33942,44,421.982355
3113.1587,75,422.001976
4106.6494,102,422.002042
-271.6767,44,422.021147
-2300.207,28,422.177004
-120.30054,33,422.18774
-1319.4678,6,422.198159
-1082.5923,3,422.209912
2772.532,73,422.209975
-202.25269,55,422.228228
-911.8113,76,422.239765
-1055.5951,5,422.247519
-1896.31,11,422.342727
3917.893,114,422.342797
-1270.6477,11,422.363378
-1028.9773,2,422.387386
2814.8232,88,422.398878
-1219.6907,6,422.408221
857.1917,63,422.418289
494.68555,86,422.418343
233.25739,41,422.440704
-1206.4275,32,422.440789
-1406.804,9,422.48999
-589.2723,35,422.500277
-231.29468,61,422.509877
524.2443,42,422.52321
-992.30084,14,422.535036
-1132.8976,4,422.545129
-1364.0547,6,422.55461
-1061.4175,4,422.575239
165.0993,79,422.617643
2471.7764,93,422.657182
-1114.699,7,422.73163
3450.088,79,422.731715
-2920.2036,62,422.769214
-1069.4458,5,422.778239
3138.5728,88,422.790564
-1062.1891,2,422.790636
-1962.9478,7,422.805205
896.3671,34,422.80562
1015.7452,54,422.816109
