{"type": "FeatureCollection", "name": "roads", "crs": {"type": "name", "properties": {"name": "urn:ogc:def:crs:OGC:1.3:CRS84"}}, "features": [{"type": "Feature", "properties": {"osm_id": "15520823", "name": null, "highway": "residential", "waterway": null, "aerialway": null, "barrier": null, "man_made": null, "railway": null, "z_order": 3, "other_tags": "\"tiger:cfcc\"=>\"A41\",\"tiger:county\"=>\"Clay, WV\",\"tiger:reviewed\"=>\"no\",\"tiger:separated\"=>\"no\",\"tiger:source\"=>\"tiger_import_dch_v0.6_20070828\",\"tiger:tlid\"=>\"49949671:49949672\",\"tiger:upload_uuid\"=>\"bulk_upload.pl-95dfe9c3-5c95-4ec0-9985-9cc7af4c9ac0\""}, "geometry": {"type": "LineString", "coordinates": [[-81.097858, 38.37592, 0.0], [-81.097716, 38.375795, 0.0], [-81.09652, 38.374734, 0.0]]}}, {"type": "Feature", "properties": {"osm_id": "15520826", "name": null, "highway": "residential", "waterway": null, "aerialway": null, "barrier": null, "man_made": null, "railway": null, "z_order": 3, "other_tags": "\"tiger:cfcc\"=>\"A41\",\"tiger:county\"=>\"Clay, WV\",\"tiger:reviewed\"=>\"no\",\"tiger:separated\"=>\"no\",\"tiger:source\"=>\"tiger_import_dch_v0.6_20070828\",\"tiger:tlid\"=>\"49949673\",\"tiger:upload_uuid\"=>\"bulk_upload.pl-95dfe9c3-5c95-4ec0-9985-9cc7af4c9ac0\""}, "geometry": {"type": "LineString", "coordinates": [[-81.097716, 38.375795, 0.0], [-81.097284, 38.375503, 0.0], [-81.096846, 38.375423, 0.0], [-81.096153, 38.375897, 0.0]]}}, {"type": "Feature", "properties": {"osm_id": "15520828", "name": null, "highway": "residential", "waterway": null, "aerialway": null, "barrier": null, "man_made": null, "railway": null, "z_order": 3, "other_tags": "\"tiger:cfcc\"=>\"A41\",\"tiger:county\"=>\"Clay, WV\",\"tiger:reviewed\"=>\"no\",\"tiger:separated\"=>\"no\",\"tiger:source\"=>\"tiger_import_dch_v0.6_20070828\",\"tiger:tlid\"=>\"49949674\",\"tiger:upload_uuid\"=>\"bulk_upload.pl-95dfe9c3-5c95-4ec0-9985-9cc7af4c9ac0\""}, "geometry": {"type": "LineString", "coordinates": [[-81.098365, 38.374732, 0.0], [-81.097907, 38.374804, 0.0], [-81.097641, 38.374938, 0.0], [-81.097716, 38.375795, 0.0]]}}, {"type": "Feature", "properties": {"osm_id": "15520840", "name": null, "highway": "track", "waterway": null, "aerialway": null, "barrier": null, "man_made": null, "railway": null, "z_order": 0, "other_tags": "\"tiger:cfcc\"=>\"A51\",\"tiger:county\"=>\"Clay, WV\",\"tiger:reviewed\"=>\"no\""}, "geometry": {"type": "LineString", "coordinates": [[-81.09766972931168, 38.331999932044546, 0.0], [-81.097455, 38.331939, 0.0], [-81.096774, 38.331504, 0.0], [-81.096032, 38.331095, 0.0], [-81.095422, 38.331143, 0.0]]}}, {"type": "Feature", "properties": {"osm_id": "15520982", "name": null, "highway": "track", "waterway": null, "aerialway": null, "barrier": null, "man_made": null, "railway": null, "z_order": 0, "other_tags": "\"tiger:cfcc\"=>\"A51\",\"tiger:county\"=>\"Clay, WV\",\"tiger:reviewed\"=>\"no\",\"tiger:separated\"=>\"no\",\"tiger:source\"=>\"tiger_import_dch_v0.6_20070828\",\"tiger:tlid\"=>\"49947996\",\"tiger:upload_uuid\"=>\"bulk_upload.pl-95dfe9c3-5c95-4ec0-9985-9cc7af4c9ac0\""}, "geometry": {"type": "LineString", "coordinates": [[-81.096508, 38.376354, 0.0], [-81.097404, 38.376819, 0.0], [-81.096933, 38.377197, 0.0], [-81.097474, 38.377996, 0.0], [-81.098004, 38.378569, 0.0], [-81.097768, 38.379116, 0.0], [-81.096786, 38.379236, 0.0], [-81.096069, 38.379453, 0.0], [-81.096313, 38.380267, 0.0], [-81.095954, 38.380557, 0.0], [-81.094482, 38.380192, 0.0], [-81.093184, 38.379956, 0.0]]}}, {"type": "Feature", "properties": {"osm_id": "15520987", "name": null, "highway": "residential", "waterway": null, "aerialway": null, "barrier": null, "man_made": null, "railway": null, "z_order": 3, "other_tags": "\"tiger:cfcc\"=>\"A41\",\"tiger:county\"=>\"Clay, WV\",\"tiger:reviewed\"=>\"no\""}, "geometry": {"type": "LineString", "coordinates": [[-81.080919, 38.376046, 0.0], [-81.082228, 38.376105, 0.0], [-81.083661, 38.375897, 0.0], [-81.084643, 38.375697, 0.0], [-81.085182, 38.375798, 0.0], [-81.085592, 38.376382, 0.0], [-81.085766, 38.376497, 0.0], [-81.086261, 38.376565, 0.0], [-81.08661, 38.377023, 0.0], [-81.086872, 38.377778, 0.0], [-81.08661, 38.378305, 0.0], [-81.08664, 38.378946, 0.0], [-81.086872, 38.379335, 0.0], [-81.086873, 38.37961, 0.0], [-81.08824, 38.380571, 0.0], [-81.08824, 38.380869, 0.0], [-81.087775, 38.381441, 0.0], [-81.087542, 38.38199, 0.0], [-81.087484, 38.382906, 0.0], [-81.087223, 38.383158, 0.0], [-81.086845, 38.383158, 0.0], [-81.086641, 38.382998, 0.0], [-81.086321, 38.382586, 0.0], [-81.085768, 38.382105, 0.0], [-81.083703, 38.381121, 0.0], [-81.083151, 38.381121, 0.0], [-81.083151, 38.381488, 0.0], [-81.083238, 38.381556, 0.0], [-81.083442, 38.382266, 0.0], [-81.083529, 38.382335, 0.0], [-81.083529, 38.382518, 0.0], [-81.083326, 38.382609, 0.0], [-81.080476, 38.382358, 0.0], [-81.079981, 38.382404, 0.0], [-81.078847, 38.382198, 0.0], [-81.078353, 38.381763, 0.0], [-81.078353, 38.381649, 0.0], [-81.078149, 38.381443, 0.0], [-81.077887, 38.381397, 0.0], [-81.077538, 38.381534, 0.0], [-81.077131, 38.38158, 0.0], [-81.07652, 38.38126, 0.0], [-81.076141, 38.381328, 0.0], [-81.075821, 38.381603, 0.0], [-81.075298, 38.381763, 0.0], [-81.074949, 38.381672, 0.0], [-81.074455, 38.381397, 0.0], [-81.074193, 38.3811, 0.0], [-81.074164, 38.380848, 0.0], [-81.07396, 38.380619, 0.0], [-81.073815, 38.380253, 0.0], [-81.073582, 38.379978, 0.0], [-81.072419, 38.37952, 0.0], [-81.072157, 38.379246, 0.0], [-81.0723803, 38.37898480000001, 0.0]]}}, {"type": "Feature", "properties": {"osm_id": "15521002", "name": null, "highway": "residential", "waterway": null, "aerialway": null, "barrier": null, "man_made": null, "railway": null, "z_order": 3, "other_tags": "\"tiger:cfcc\"=>\"A41\",\"tiger:county\"=>\"Clay, WV\",\"tiger:reviewed\"=>\"no\",\"tiger:separated\"=>\"no\",\"tiger:source\"=>\"tiger_import_dch_v0.6_20070828\",\"tiger:tlid\"=>\"49947999:49947704:49947705:49950409:49950410\",\"tiger:upload_uuid\"=>\"bulk_upload.pl-95dfe9c3-5c95-4ec0-9985-9cc7af4c9ac0\""}, "geometry": {"type": "LineString", "coordinates": [[-81.10417551343264, 38.3966125848623, 0.0], [-81.103343, 38.396773, 0.0], [-81.103023, 38.396682, 0.0], [-81.10279, 38.396453, 0.0], [-81.102702, 38.396201, 0.0], [-81.102295, 38.395766, 0.0], [-81.102266, 38.3954, 0.0], [-81.102934, 38.394186, 0.0], [-81.103166, 38.393568, 0.0], [-81.103457, 38.393087, 0.0], [-81.103486, 38.392767, 0.0], [-81.102904, 38.391966, 0.0], [-81.102525, 38.391668, 0.0], [-81.101682, 38.391623, 0.0], [-81.101391, 38.391371, 0.0], [-81.101362, 38.391096, 0.0], [-81.101478, 38.390822, 0.0], [-81.10203, 38.390249, 0.0], [-81.102059, 38.39002, 0.0], [-81.101477, 38.389357, 0.0], [-81.101215, 38.388762, 0.0], [-81.101215, 38.388304, 0.0], [-81.101215, 38.388006, 0.0], [-81.101243, 38.387617, 0.0], [-81.101621, 38.38661, 0.0], [-81.101446, 38.385557, 0.0], [-81.101213, 38.385236, 0.0], [-81.100457, 38.384939, 0.0], [-81.100166, 38.384733, 0.0], [-81.100224, 38.383887, 0.0], [-81.10034, 38.383658, 0.0], [-81.100747, 38.383314, 0.0], [-81.101328, 38.383085, 0.0], [-81.101881, 38.382673, 0.0], [-81.102142, 38.382055, 0.0], [-81.102055, 38.381757, 0.0], [-81.101793, 38.381551, 0.0], [-81.101153, 38.381254, 0.0], [-81.100686, 38.380796, 0.0], [-81.100802, 38.380476, 0.0], [-81.101354, 38.379697, 0.0], [-81.101354, 38.379262, 0.0], [-81.100598, 38.378507, 0.0], [-81.100219, 38.3775, 0.0], [-81.099608, 38.376905, 0.0], [-81.097834, 38.376105, 0.0], [-81.097747, 38.375944, 0.0]]}}, {"type": "Feature", "properties": {"osm_id": "15521036", "name": null, "highway": "track", "waterway": null, "aerialway": null, "barrier": null, "man_made": null, "railway": null, "z_order": 0, "other_tags": "\"tiger:cfcc\"=>\"A51\",\"tiger:county\"=>\"Clay, WV\",\"tiger:reviewed\"=>\"no\",\"tiger:separated\"=>\"no\",\"tiger:source\"=>\"tiger_import_dch_v0.6_20070828\",\"tiger:tlid\"=>\"49949837:49944678:49944679\",\"tiger:upload_uuid\"=>\"bulk_upload.pl-95dfe9c3-5c95-4ec0-9985-9cc7af4c9ac0\""}, "geometry": {"type": "LineString", "coordinates": [[-80.991808, 38.403245, 0.0], [-80.991635, 38.402972, 0.0], [-80.991374, 38.402553, 0.0], [-80.991365, 38.402368, 0.0], [-80.991671, 38.402377, 0.0], [-80.991825, 38.402224, 0.0], [-80.990915, 38.400917, 0.0], [-80.990592, 38.400287, 0.0], [-80.990204, 38.400238, 0.0], [-80.989584, 38.399889, 0.0], [-80.989153, 38.398639, 0.0], [-80.989669, 38.397763, 0.0], [-80.989568, 38.397529, 0.0], [-80.989204, 38.397004, 0.0], [-80.989416, 38.395812, 0.0], [-80.990914, 38.394543, 0.0], [-80.992147, 38.393435, 0.0], [-80.992117, 38.39325, 0.0], [-80.99148, 38.392249, 0.0], [-80.991654, 38.392145, 0.0], [-80.992462, 38.391962, 0.0], [-80.99273, 38.391527, 0.0], [-80.992761, 38.391411, 0.0]]}}, {"type": "Feature", "properties": {"osm_id": "15521039", "name": null, "highway": "track", "waterway": null, "aerialway": null, "barrier": null, "man_made": null, "railway": null, "z_order": 0, "other_tags": "\"tiger:cfcc\"=>\"A51\",\"tiger:county\"=>\"Clay, WV\",\"tiger:reviewed\"=>\"no\",\"tiger:separated\"=>\"no\",\"tiger:source\"=>\"tiger_import_dch_v0.6_20070828\",\"tiger:tlid\"=>\"49949839:49949840:49944686:49950383:49950384\",\"tiger:upload_uuid\"=>\"bulk_upload.pl-95dfe9c3-5c95-4ec0-9985-9cc7af4c9ac0\""}, "geometry": {"type": "LineString", "coordinates": [[-80.991374, 38.402553, 0.0], [-80.991016, 38.402308, 0.0], [-80.990794, 38.402157, 0.0], [-80.990673, 38.40202, 0.0], [-80.990155, 38.401607, 0.0], [-80.989534, 38.401202, 0.0], [-80.989211, 38.400742, 0.0], [-80.989107, 38.400602, 0.0], [-80.988937, 38.400371, 0.0], [-80.988785, 38.400249, 0.0], [-80.98794, 38.399884, 0.0], [-80.987828, 38.399803, 0.0], [-80.987574, 38.399537, 0.0], [-80.987648, 38.399174, 0.0], [-80.987577, 38.399086, 0.0], [-80.986977, 38.398713, 0.0], [-80.982741, 38.397024, 0.0], [-80.982313, 38.396846, 0.0], [-80.982181, 38.396676, 0.0], [-80.982213, 38.396539, 0.0], [-80.982266, 38.395558, 0.0], [-80.982283, 38.39525, 0.0], [-80.982547, 38.393801, 0.0], [-80.982756, 38.393068, 0.0], [-80.983091, 38.391756, 0.0], [-80.983114, 38.391474, 0.0], [-80.983085, 38.39143, 0.0], [-80.982568, 38.39066, 0.0], [-80.981674, 38.3899, 0.0], [-80.980686, 38.389566, 0.0], [-80.980411, 38.389573, 0.0]]}}, {"type": "Feature", "properties": {"osm_id": "15521112", "name": null, "highway": "track", "waterway": null, "aerialway": null, "barrier": null, "man_made": null, "railway": null, "z_order": 0, "other_tags": "\"tiger:cfcc\"=>\"A51\",\"tiger:county\"=>\"Clay, WV\",\"tiger:reviewed\"=>\"no\",\"tiger:separated\"=>\"no\",\"tiger:source\"=>\"tiger_import_dch_v0.6_20070828\",\"tiger:tlid\"=>\"49944694:49944454:49949038:49944440\",\"tiger:upload_uuid\"=>\"bulk_upload.pl-95dfe9c3-5c95-4ec0-9985-9cc7af4c9ac0\""}, "geometry": {"type": "LineString", "coordinates": [[-81.00445010230685, 38.413708494846894, 0.0], [-81.004371, 38.413615, 0.0], [-81.004313, 38.413134, 0.0], [-81.004226, 38.413066, 0.0], [-81.004197, 38.412814, 0.0], [-81.003878, 38.412333, 0.0], [-81.003965, 38.411944, 0.0], [-81.005247, 38.410388, 0.0], [-81.005597, 38.409312, 0.0], [-81.005509, 38.40922, 0.0], [-81.005568, 38.408808, 0.0], [-81.005481, 38.40874, 0.0], [-81.005452, 38.408145, 0.0], [-81.005336, 38.407938, 0.0], [-81.004696, 38.407709, 0.0], [-81.003969, 38.407709, 0.0], [-81.002892, 38.407983, 0.0], [-81.002019, 38.408303, 0.0], [-81.000942, 38.408989, 0.0], [-80.999885, 38.409043, 0.0], [-80.998914, 38.409264, 0.0], [-80.99778, 38.409745, 0.0], [-80.997402, 38.41018, 0.0], [-80.997111, 38.410959, 0.0], [-80.996763, 38.411257, 0.0], [-80.996734, 38.411371, 0.0], [-80.996268, 38.411509, 0.0], [-80.99589, 38.411806, 0.0], [-80.995702, 38.412307, 0.0], [-80.995658, 38.412425, 0.0], [-80.994756, 38.412517, 0.0], [-80.994611, 38.412448, 0.0], [-80.994436, 38.412082, 0.0], [-80.993941, 38.41183, 0.0], [-80.993417, 38.411716, 0.0], [-80.992719, 38.411808, 0.0], [-80.992195, 38.411785, 0.0], [-80.991555, 38.41158, 0.0], [-80.990741, 38.411763, 0.0], [-80.990209, 38.412028, 0.0], [-80.989228, 38.412519, 0.0], [-80.988472, 38.412634, 0.0], [-80.9869, 38.412703, 0.0], [-80.986696, 38.412772, 0.0], [-80.986289, 38.412749, 0.0], [-80.985591, 38.412544, 0.0], [-80.985213, 38.412567, 0.0], [-80.984805, 38.41275, 0.0], [-80.984456, 38.413025, 0.0], [-80.983962, 38.413117, 0.0], [-80.980704, 38.414377, 0.0], [-80.979599, 38.414652, 0.0], [-80.97947420717624, 38.41470346938066, 0.0]]}}, {"type": "Feature", "properties": {"osm_id": "15521114", "name": null, "highway": "residential", "waterway": null, "aerialway": null, "barrier": null, "man_made": null, "railway": null, "z_order": 3, "other_tags": "\"tiger:cfcc\"=>\"A41\",\"tiger:county\"=>\"Clay, WV\",\"tiger:reviewed\"=>\"no\",\"tiger:separated\"=>\"no\",\"tiger:source\"=>\"tiger_import_dch_v0.6_20070828\",\"tiger:tlid\"=>\"49947713:49947901\",\"tiger:upload_uuid\"=>\"bulk_upload.pl-95dfe9c3-5c95-4ec0-9985-9cc7af4c9ac0\""}, "geometry": {"type": "LineString", "coordinates": [[-81.079981, 38.382404, 0.0], [-81.080098, 38.382587, 0.0], [-81.082424, 38.38325, 0.0], [-81.084547, 38.384051, 0.0], [-81.086031, 38.384944, 0.0], [-81.086525, 38.384944, 0.0], [-81.087048, 38.384738, 0.0], [-81.08734, 38.384623, 0.0], [-81.088096, 38.384669, 0.0]]}}, {"type": "Feature", "properties": {"osm_id": "15521118", "name": null, "highway": "track", "waterway": null, "aerialway": null, "barrier": null, "man_made": null, "railway": null, "z_order": 0, "other_tags": "\"tiger:cfcc\"=>\"A51\",\"tiger:county\"=>\"Clay, WV\",\"tiger:reviewed\"=>\"no\",\"tiger:separated\"=>\"no\",\"tiger:source\"=>\"tiger_import_dch_v0.6_20070828\",\"tiger:tlid\"=>\"49944695\",\"tiger:upload_uuid\"=>\"bulk_upload.pl-95dfe9c3-5c95-4ec0-9985-9cc7af4c9ac0\""}, "geometry": {"type": "LineString", "coordinates": [[-80.992532, 38.406827, 0.0], [-80.990918, 38.40849, 0.0], [-80.990846, 38.408675, 0.0], [-80.991138, 38.409288, 0.0], [-80.991429, 38.410111, 0.0], [-80.991408, 38.410264, 0.0], [-80.991171, 38.410473, 0.0], [-80.990926, 38.41048, 0.0], [-80.990824, 38.410528, 0.0], [-80.990515, 38.410898, 0.0], [-80.990054, 38.411154, 0.0], [-80.989747, 38.411274, 0.0], [-80.989705, 38.411427, 0.0], [-80.989796, 38.411589, 0.0], [-80.990209, 38.412028, 0.0]]}}, {"type": "Feature", "properties": {"osm_id": "15521162", "name": null, "highway": "track", "waterway": null, "aerialway": null, "barrier": null, "man_made": null, "railway": null, "z_order": 0, "other_tags": "\"tiger:cfcc\"=>\"A51\",\"tiger:county\"=>\"Clay, WV\",\"tiger:reviewed\"=>\"no\",\"tiger:separated\"=>\"no\",\"tiger:source\"=>\"tiger_import_dch_v0.6_20070828\",\"tiger:tlid\"=>\"49944670:49944672:49944668\",\"tiger:upload_uuid\"=>\"bulk_upload.pl-95dfe9c3-5c95-4ec0-9985-9cc7af4c9ac0\""}, "geometry": {"type": "LineString", "coordinates": [[-80.979174, 38.388388, 0.0], [-80.978756, 38.38803, 0.0], [-80.978047, 38.387157, 0.0], [-80.977368, 38.386558, 0.0], [-80.976594, 38.386162, 0.0], [-80.975769, 38.385885, 0.0], [-80.975179, 38.385675, 0.0], [-80.974465, 38.385422, 0.0], [-80.973494, 38.384944, 0.0]]}}, {"type": "Feature", "properties": {"osm_id": "15521167", "name": null, "highway": "residential", "waterway": null, "aerialway": null, "barrier": null, "man_made": null, "railway": null, "z_order": 3, "other_tags": "\"tiger:cfcc\"=>\"A41\",\"tiger:county\"=>\"Clay, WV\",\"tiger:reviewed\"=>\"no\",\"tiger:separated\"=>\"no\",\"tiger:source\"=>\"tiger_import_dch_v0.6_20070828\",\"tiger:tlid\"=>\"49944564\",\"tiger:upload_uuid\"=>\"bulk_upload.pl-95dfe9c3-5c95-4ec0-9985-9cc7af4c9ac0\""}, "geometry": {"type": "LineString", "coordinates": [[-80.940579, 38.400775, 0.0], [-80.940669, 38.400857, 0.0], [-80.941338, 38.400576, 0.0]]}}, {"type": "Feature", "properties": {"osm_id": "15521271", "name": "Hunters Grove Drive", "highway": "track", "waterway": null, "aerialway": null, "barrier": null, "man_made": null, "railway": null, "z_order": 0, "other_tags": "\"tiger:cfcc\"=>\"A51\",\"tiger:county\"=>\"Clay, WV\",\"tiger:reviewed\"=>\"no\""}, "geometry": {"type": "LineString", "coordinates": [[-80.9189737, 38.4133346, 0.0], [-80.920014, 38.411638, 0.0], [-80.920188, 38.411432, 0.0], [-80.92077, 38.411088, 0.0], [-80.921439, 38.411088, 0.0], [-80.921992, 38.41118, 0.0], [-80.922795, 38.411116, 0.0], [-80.923127, 38.411089, 0.0], [-80.924116, 38.410791, 0.0], [-80.925105, 38.410951, 0.0], [-80.926298, 38.411638, 0.0], [-80.926327, 38.41173, 0.0], [-80.92752, 38.412302, 0.0], [-80.928363, 38.413104, 0.0], [-80.929527, 38.413745, 0.0], [-80.929963, 38.413882, 0.0], [-80.930429, 38.41418, 0.0], [-80.931127, 38.414431, 0.0], [-80.931534, 38.414432, 0.0], [-80.932844, 38.414203, 0.0], [-80.933125, 38.414098, 0.0], [-80.933455, 38.413974, 0.0], [-80.933891, 38.413974, 0.0], [-80.9352, 38.414385, 0.0], [-80.935494, 38.414428, 0.0], [-80.937382, 38.414705, 0.0], [-80.937642, 38.4147, 0.0], [-80.940699, 38.414637, 0.0], [-80.941291, 38.414428, 0.0], [-80.941805, 38.414247, 0.0], [-80.942183, 38.414247, 0.0], [-80.942648, 38.414362, 0.0], [-80.943056, 38.414774, 0.0], [-80.943143, 38.415163, 0.0], [-80.94312510539233, 38.41615152281022, 0.0]]}}, {"type": "Feature", "properties": {"osm_id": "15521443", "name": null, "highway": "track", "waterway": null, "aerialway": null, "barrier": null, "man_made": null, "railway": null, "z_order": 0, "other_tags": "\"tiger:cfcc\"=>\"A51\",\"tiger:county\"=>\"Clay, WV\",\"tiger:reviewed\"=>\"no\""}, "geometry": {"type": "LineString", "coordinates": [[-80.995702, 38.412307, 0.0], [-80.996497, 38.413599, 0.0], [-80.99714493521711, 38.41399951365448, 0.0]]}}, {"type": "Feature", "properties": {"osm_id": "15521573", "name": null, "highway": "service", "waterway": null, "aerialway": null, "barrier": null, "man_made": null, "railway": null, "z_order": 0, "other_tags": "\"access\"=>\"private\",\"tiger:cfcc\"=>\"A74\",\"tiger:county\"=>\"Clay, WV\",\"tiger:reviewed\"=>\"no\",\"tiger:source\"=>\"tiger_import_dch_v0.6_20070828\",\"tiger:tlid\"=>\"49950420\",\"tiger:upload_uuid\"=>\"bulk_upload.pl-95dfe9c3-5c95-4ec0-9985-9cc7af4c9ac0\""}, "geometry": {"type": "LineString", "coordinates": [[-81.096023, 38.400133, 0.0], [-81.09805, 38.400002, 0.0], [-81.099511, 38.400084, 0.0], [-81.100763, 38.400411, 0.0]]}}, {"type": "Feature", "properties": {"osm_id": "15521608", "name": null, "highway": "residential", "waterway": null, "aerialway": null, "barrier": null, "man_made": null, "railway": null, "z_order": 3, "other_tags": "\"tiger:cfcc\"=>\"A41\",\"tiger:county\"=>\"Clay, WV\",\"tiger:reviewed\"=>\"no\",\"tiger:separated\"=>\"no\",\"tiger:source\"=>\"tiger_import_dch_v0.6_20070828\",\"tiger:tlid\"=>\"49950730:49950731:49950727\",\"tiger:upload_uuid\"=>\"bulk_upload.pl-95dfe9c3-5c95-4ec0-9985-9cc7af4c9ac0\""}, "geometry": {"type": "LineString", "coordinates": [[-81.097002, 38.335759, 0.0], [-81.097465, 38.336304, 0.0], [-81.098044, 38.336987, 0.0], [-81.097928, 38.337578, 0.0], [-81.098259, 38.338189, 0.0], [-81.0982953715507, 38.33821354196867, 0.0]]}}, {"type": "Feature", "properties": {"osm_id": "15521773", "name": null, "highway": "residential", "waterway": null, "aerialway": null, "barrier": null, "man_made": null, "railway": null, "z_order": 3, "other_tags": "\"tiger:cfcc\"=>\"A41\",\"tiger:county\"=>\"Clay, WV\",\"tiger:reviewed\"=>\"no\",\"tiger:separated\"=>\"no\",\"tiger:source\"=>\"tiger_import_dch_v0.6_20070828\",\"tiger:tlid\"=>\"49949669\",\"tiger:upload_uuid\"=>\"bulk_upload.pl-95dfe9c3-5c95-4ec0-9985-9cc7af4c9ac0\""}, "geometry": {"type": "LineString", "coordinates": [[-81.101066, 38.374509, 0.0], [-81.100537, 38.37448, 0.0], [-81.100099, 38.374658, 0.0], [-81.099599, 38.374591, 0.0], [-81.099059, 38.374372, 0.0], [-81.09862, 38.373981, 0.0], [-81.098529, 38.373502, 0.0], [-81.098559, 38.37311, 0.0], [-81.098845, 38.372675, 0.0], [-81.098814, 38.372287, 0.0], [-81.098437, 38.372149, 0.0], [-81.097958, 38.372131, 0.0], [-81.097448, 38.372198, 0.0], [-81.097203, 38.37152, 0.0]]}}, {"type": "Feature", "properties": {"osm_id": "15521800", "name": null, "highway": "residential", "waterway": null, "aerialway": null, "barrier": null, "man_made": null, "railway": null, "z_order": 3, "other_tags": "\"tiger:cfcc\"=>\"A41\",\"tiger:county\"=>\"Clay, WV\",\"tiger:reviewed\"=>\"no\",\"tiger:separated\"=>\"no\",\"tiger:source\"=>\"tiger_import_dch_v0.6_20070828\",\"tiger:tlid\"=>\"49947696\",\"tiger:upload_uuid\"=>\"bulk_upload.pl-95dfe9c3-5c95-4ec0-9985-9cc7af4c9ac0\""}, "geometry": {"type": "LineString", "coordinates": [[-81.0772758, 38.390989, 0.0], [-81.0765225, 38.3915427, 0.0], [-81.075388, 38.391859, 0.0], [-81.074923, 38.391905, 0.0]]}}, {"type": "Feature", "properties": {"osm_id": "15521820", "name": null, "highway": "residential", "waterway": null, "aerialway": null, "barrier": null, "man_made": null, "railway": null, "z_order": 3, "other_tags": "\"tiger:cfcc\"=>\"A41\",\"tiger:county\"=>\"Clay, WV\",\"tiger:reviewed\"=>\"no\",\"tiger:separated\"=>\"no\",\"tiger:source\"=>\"tiger_import_dch_v0.6_20070828\",\"tiger:tlid\"=>\"49947891:49947708\",\"tiger:upload_uuid\"=>\"bulk_upload.pl-95dfe9c3-5c95-4ec0-9985-9cc7af4c9ac0\""}, "geometry": {"type": "LineString", "coordinates": [[-81.051684, 38.385129, 0.0], [-81.053051, 38.38561, 0.0], [-81.055406, 38.386754, 0.0], [-81.056133, 38.387189, 0.0], [-81.056889, 38.387487, 0.0], [-81.057297, 38.387556, 0.0], [-81.058373, 38.387441, 0.0], [-81.061514, 38.386388, 0.0], [-81.062532, 38.385953, 0.0], [-81.063782, 38.385976, 0.0], [-81.064102, 38.385862, 0.0], [-81.064252, 38.385734, 0.0], [-81.064451, 38.385564, 0.0]]}}, {"type": "Feature", "properties": {"osm_id": "15521864", "name": null, "highway": "track", "waterway": null, "aerialway": null, "barrier": null, "man_made": null, "railway": null, "z_order": 0, "other_tags": "\"tiger:cfcc\"=>\"A51\",\"tiger:county\"=>\"Clay, WV\",\"tiger:reviewed\"=>\"no\""}, "geometry": {"type": "LineString", "coordinates": [[-81.001477, 38.396762, 0.0], [-80.999826, 38.396742, 0.0], [-80.997972, 38.396628, 0.0], [-80.997536, 38.396331, 0.0], [-80.995818, 38.395759, 0.0], [-80.995032, 38.395325, 0.0], [-80.994218, 38.394707, 0.0], [-80.993839, 38.394089, 0.0], [-80.993868, 38.393608, 0.0], [-80.993838, 38.393128, 0.0], [-80.993373, 38.39283, 0.0], [-80.993256, 38.392533, 0.0], [-80.993168, 38.391732, 0.0], [-80.992761, 38.391411, 0.0], [-80.991772, 38.391503, 0.0], [-80.991481, 38.391458, 0.0], [-80.99119, 38.391252, 0.0], [-80.99087, 38.390863, 0.0], [-80.990752, 38.388665, 0.0], [-80.991042, 38.388024, 0.0], [-80.991507, 38.38752, 0.0], [-80.991652, 38.387246, 0.0], [-80.991652, 38.386376, 0.0], [-80.991157, 38.38585, 0.0], [-80.991098, 38.385484, 0.0], [-80.991418, 38.384477, 0.0], [-80.991621, 38.384225, 0.0], [-80.992086, 38.384042, 0.0], [-80.992522, 38.383561, 0.0], [-80.992492, 38.382508, 0.0], [-80.99223, 38.381844, 0.0], [-80.991764, 38.381432, 0.0], [-80.991473, 38.381043, 0.0], [-80.991008, 38.380677, 0.0], [-80.990687, 38.380219, 0.0], [-80.990628, 38.379029, 0.0], [-80.990163, 38.378594, 0.0], [-80.989988, 38.378182, 0.0], [-80.990074, 38.376992, 0.0]]}}, {"type": "Feature", "properties": {"osm_id": "15521902", "name": null, "highway": "track", "waterway": null, "aerialway": null, "barrier": null, "man_made": null, "railway": null, "z_order": 0, "other_tags": "\"tiger:cfcc\"=>\"A51\",\"tiger:county\"=>\"Clay, WV\",\"tiger:reviewed\"=>\"no\",\"tiger:separated\"=>\"no\",\"tiger:source\"=>\"tiger_import_dch_v0.6_20070828\",\"tiger:tlid\"=>\"49944289\",\"tiger:upload_uuid\"=>\"bulk_upload.pl-95dfe9c3-5c95-4ec0-9985-9cc7af4c9ac0\""}, "geometry": {"type": "LineString", "coordinates": [[-80.97747, 38.406229, 0.0], [-80.977326, 38.407671, 0.0], [-80.977006, 38.408587, 0.0], [-80.976105, 38.409617, 0.0], [-80.975756, 38.40996, 0.0], [-80.974156, 38.410945, 0.0], [-80.972789, 38.411541, 0.0], [-80.972208, 38.412022, 0.0], [-80.971277, 38.412526, 0.0], [-80.970782, 38.412915, 0.0], [-80.970434, 38.413533, 0.0], [-80.970143, 38.413854, 0.0], [-80.969707, 38.414014, 0.0], [-80.969357, 38.414014, 0.0], [-80.96831, 38.413511, 0.0], [-80.966972, 38.413694, 0.0], [-80.966651, 38.41358, 0.0], [-80.966011, 38.413603, 0.0], [-80.965546, 38.413786, 0.0], [-80.962666, 38.414039, 0.0], [-80.961095, 38.413948, 0.0], [-80.960455, 38.413742, 0.0], [-80.960484, 38.413467, 0.0], [-80.961007, 38.412986, 0.0], [-80.961356, 38.412482, 0.0], [-80.96121, 38.412116, 0.0], [-80.961152, 38.411429, 0.0], [-80.960919, 38.411155, 0.0], [-80.960657, 38.41104, 0.0], [-80.959901, 38.411132, 0.0], [-80.959465, 38.411109, 0.0], [-80.958795, 38.41088, 0.0], [-80.958475, 38.410491, 0.0], [-80.958475, 38.40985, 0.0], [-80.958359, 38.409667, 0.0], [-80.955449, 38.407699, 0.0], [-80.955069, 38.406646, 0.0], [-80.954429, 38.406211, 0.0], [-80.952975, 38.405914, 0.0], [-80.950909, 38.406075, 0.0], [-80.949804, 38.405297, 0.0], [-80.948931, 38.404931, 0.0], [-80.94864, 38.404702, 0.0], [-80.948349, 38.404176, 0.0], [-80.948029, 38.40397, 0.0], [-80.947476, 38.404061, 0.0], [-80.946982, 38.404336, 0.0], [-80.945295, 38.404611, 0.0], [-80.944771, 38.404817, 0.0], [-80.944568, 38.405092, 0.0], [-80.944451, 38.405641, 0.0], [-80.944742, 38.406305, 0.0], [-80.944859, 38.406351, 0.0], [-80.945266, 38.406259, 0.0], [-80.945848, 38.405847, 0.0], [-80.946284, 38.405847, 0.0], [-80.946633, 38.405938, 0.0], [-80.946895, 38.40619, 0.0], [-80.947069, 38.406625, 0.0], [-80.94707, 38.407976, 0.0], [-80.947797, 38.40857, 0.0], [-80.947913, 38.408753, 0.0], [-80.948408, 38.408661, 0.0], [-80.948699, 38.40841, 0.0], [-80.949048, 38.40841, 0.0], [-80.949426, 38.408524, 0.0], [-80.950765, 38.409302, 0.0], [-80.951841, 38.410515, 0.0], [-80.952132, 38.410927, 0.0], [-80.952132, 38.4115, 0.0], [-80.952045, 38.411774, 0.0], [-80.952163, 38.412369, 0.0], [-80.953443, 38.413422, 0.0]]}}, {"type": "Feature", "properties": {"osm_id": "15521904", "name": null, "highway": "residential", "waterway": null, "aerialway": null, "barrier": null, "man_made": null, "railway": null, "z_order": 3, "other_tags": "\"tiger:cfcc\"=>\"A41\",\"tiger:county\"=>\"Clay, WV\",\"tiger:reviewed\"=>\"no\",\"tiger:separated\"=>\"no\",\"tiger:source\"=>\"tiger_import_dch_v0.6_20070828\",\"tiger:tlid\"=>\"49947720\",\"tiger:upload_uuid\"=>\"bulk_upload.pl-95dfe9c3-5c95-4ec0-9985-9cc7af4c9ac0\""}, "geometry": {"type": "LineString", "coordinates": [[-81.088093, 38.376473, 0.0], [-81.087598, 38.376313, 0.0], [-81.087424, 38.37613, 0.0], [-81.086959, 38.37597, 0.0], [-81.086232, 38.375901, 0.0], [-81.085592, 38.375592, 0.0], [-81.085126, 38.375557, 0.0], [-81.085127, 38.375719, 0.0], [-81.085182, 38.375798, 0.0]]}}, {"type": "Feature", "properties": {"osm_id": "15521937", "name": null, "highway": "residential", "waterway": null, "aerialway": null, "barrier": null, "man_made": null, "railway": null, "z_order": 3, "other_tags": "\"tiger:cfcc\"=>\"A41\",\"tiger:county\"=>\"Clay, WV\",\"tiger:reviewed\"=>\"no\",\"tiger:separated\"=>\"no\",\"tiger:source\"=>\"tiger_import_dch_v0.6_20070828\",\"tiger:tlid\"=>\"49947703\",\"tiger:upload_uuid\"=>\"bulk_upload.pl-95dfe9c3-5c95-4ec0-9985-9cc7af4c9ac0\""}, "geometry": {"type": "LineString", "coordinates": [[-81.101215, 38.388304, 0.0], [-81.101826, 38.388555, 0.0], [-81.103368, 38.389493, 0.0], [-81.10346012076693, 38.38950761225958, 0.0]]}}, {"type": "Feature", "properties": {"osm_id": "15521941", "name": null, "highway": "residential", "waterway": null, "aerialway": null, "barrier": null, "man_made": null, "railway": null, "z_order": 3, "other_tags": "\"tiger:cfcc\"=>\"A41\",\"tiger:county\"=>\"Clay, WV\",\"tiger:reviewed\"=>\"no\",\"tiger:separated\"=>\"no\",\"tiger:source\"=>\"tiger_import_dch_v0.6_20070828\",\"tiger:tlid\"=>\"49947709\",\"tiger:upload_uuid\"=>\"bulk_upload.pl-95dfe9c3-5c95-4ec0-9985-9cc7af4c9ac0\""}, "geometry": {"type": "MultiLineString", "coordinates": [[[-81.101215, 38.388006, 0.0], [-81.102145, 38.388075, 0.0], [-81.1032824885152, 38.38774344505162, 0.0]], [[-81.10305057531676, 38.38544018280114, 0.0], [-81.102813, 38.38535, 0.0], [-81.10258, 38.385121, 0.0]]]}}, {"type": "Feature", "properties": {"osm_id": "15521972", "name": null, "highway": "residential", "waterway": null, "aerialway": null, "barrier": null, "man_made": null, "railway": null, "z_order": 3, "other_tags": "\"tiger:cfcc\"=>\"A41\",\"tiger:county\"=>\"Clay, WV\",\"tiger:reviewed\"=>\"no\",\"tiger:separated\"=>\"no\",\"tiger:source\"=>\"tiger_import_dch_v0.6_20070828\",\"tiger:tlid\"=>\"49951349\",\"tiger:upload_uuid\"=>\"bulk_upload.pl-95dfe9c3-5c95-4ec0-9985-9cc7af4c9ac0\""}, "geometry": {"type": "LineString", "coordinates": [[-81.091794, 38.340088, 0.0], [-81.091924, 38.340141, 0.0], [-81.092159, 38.340124, 0.0]]}}, {"type": "Feature", "properties": {"osm_id": "15522067", "name": null, "highway": "track", "waterway": null, "aerialway": null, "barrier": null, "man_made": null, "railway": null, "z_order": 0, "other_tags": "\"tiger:cfcc\"=>\"A51\",\"tiger:county\"=>\"Clay, WV\",\"tiger:reviewed\"=>\"no\",\"tiger:separated\"=>\"no\",\"tiger:source\"=>\"tiger_import_dch_v0.6_20070828\",\"tiger:tlid\"=>\"49950387:49950388\",\"tiger:upload_uuid\"=>\"bulk_upload.pl-95dfe9c3-5c95-4ec0-9985-9cc7af4c9ac0\""}, "geometry": {"type": "LineString", "coordinates": [[-80.983085, 38.39143, 0.0], [-80.983395, 38.391157, 0.0], [-80.983859, 38.390748, 0.0], [-80.984925, 38.389534, 0.0], [-80.98667, 38.387371, 0.0], [-80.987542, 38.385815, 0.0], [-80.988075, 38.384791, 0.0], [-80.98822, 38.384184, 0.0], [-80.98793, 38.383804, 0.0], [-80.987251, 38.383691, 0.0]]}}, {"type": "Feature", "properties": {"osm_id": "15522205", "name": null, "highway": "residential", "waterway": null, "aerialway": null, "barrier": null, "man_made": null, "railway": null, "z_order": 3, "other_tags": "\"tiger:cfcc\"=>\"A41\",\"tiger:county\"=>\"Clay, WV\",\"tiger:reviewed\"=>\"no\",\"tiger:separated\"=>\"no\",\"tiger:source\"=>\"tiger_import_dch_v0.6_20070828\",\"tiger:tlid\"=>\"49948867\",\"tiger:upload_uuid\"=>\"bulk_upload.pl-95dfe9c3-5c95-4ec0-9985-9cc7af4c9ac0\""}, "geometry": {"type": "LineString", "coordinates": [[-81.096545, 38.356041, 0.0], [-81.096952, 38.35627, 0.0], [-81.097795, 38.356086, 0.0], [-81.098464, 38.355743, 0.0], [-81.099365, 38.355742, 0.0], [-81.099743, 38.355651, 0.0], [-81.10005215715474, 38.35566118182247, 0.0]]}}, {"type": "Feature", "properties": {"osm_id": "15522212", "name": null, "highway": "residential", "waterway": null, "aerialway": null, "barrier": null, "man_made": null, "railway": null, "z_order": 3, "other_tags": "\"tiger:cfcc\"=>\"A41\",\"tiger:county\"=>\"Clay, WV\",\"tiger:reviewed\"=>\"no\",\"tiger:separated\"=>\"no\",\"tiger:source\"=>\"tiger_import_dch_v0.6_20070828\",\"tiger:tlid\"=>\"49950744\",\"tiger:upload_uuid\"=>\"bulk_upload.pl-95dfe9c3-5c95-4ec0-9985-9cc7af4c9ac0\""}, "geometry": {"type": "LineString", "coordinates": [[-81.09869397675551, 38.34217231761053, 0.0], [-81.098302, 38.342007, 0.0], [-81.097747, 38.341626, 0.0], [-81.097886, 38.340919, 0.0], [-81.098371, 38.340376, 0.0], [-81.09851121674208, 38.34035722367601, 0.0]]}}, {"type": "Feature", "properties": {"osm_id": "15522213", "name": null, "highway": "residential", "waterway": null, "aerialway": null, "barrier": null, "man_made": null, "railway": null, "z_order": 3, "other_tags": "\"tiger:cfcc\"=>\"A41\",\"tiger:county\"=>\"Clay, WV\",\"tiger:reviewed\"=>\"no\",\"tiger:separated\"=>\"no\",\"tiger:source\"=>\"tiger_import_dch_v0.6_20070828\",\"tiger:tlid\"=>\"49950747\",\"tiger:upload_uuid\"=>\"bulk_upload.pl-95dfe9c3-5c95-4ec0-9985-9cc7af4c9ac0\""}, "geometry": {"type": "LineString", "coordinates": [[-81.101303, 38.368627, 0.0], [-81.10134651005718, 38.3685161387584, 0.0]]}}, {"type": "Feature", "properties": {"osm_id": "15522217", "name": null, "highway": "service", "waterway": null, "aerialway": null, "barrier": null, "man_made": null, "railway": null, "z_order": 0, "other_tags": "\"access\"=>\"private\",\"tiger:cfcc\"=>\"A74\",\"tiger:county\"=>\"Clay, WV\",\"tiger:reviewed\"=>\"no\",\"tiger:source\"=>\"tiger_import_dch_v0.6_20070828\",\"tiger:tlid\"=>\"49950411\",\"tiger:upload_uuid\"=>\"bulk_upload.pl-95dfe9c3-5c95-4ec0-9985-9cc7af4c9ac0\""}, "geometry": {"type": "LineString", "coordinates": [[-81.100219, 38.3775, 0.0], [-81.098799, 38.380688, 0.0]]}}, {"type": "Feature", "properties": {"osm_id": "15522237", "name": null, "highway": "service", "waterway": null, "aerialway": null, "barrier": null, "man_made": null, "railway": null, "z_order": 0, "other_tags": "\"access\"=>\"private\",\"tiger:cfcc\"=>\"A74\",\"tiger:county\"=>\"Clay, WV\",\"tiger:reviewed\"=>\"no\",\"tiger:source\"=>\"tiger_import_dch_v0.6_20070828\",\"tiger:tlid\"=>\"49950722\",\"tiger:upload_uuid\"=>\"bulk_upload.pl-95dfe9c3-5c95-4ec0-9985-9cc7af4c9ac0\""}, "geometry": {"type": "LineString", "coordinates": [[-81.09567, 38.343308, 0.0], [-81.094686, 38.342762, 0.0], [-81.094802, 38.341898, 0.0], [-81.094338, 38.341398, 0.0], [-81.094165, 38.340579, 0.0], [-81.093918, 38.33923, 0.0]]}}, {"type": "Feature", "properties": {"osm_id": "15522257", "name": null, "highway": "residential", "waterway": null, "aerialway": null, "barrier": null, "man_made": null, "railway": null, "z_order": 3, "other_tags": "\"tiger:cfcc\"=>\"A41\",\"tiger:county\"=>\"Clay, WV\",\"tiger:reviewed\"=>\"no\",\"tiger:separated\"=>\"no\",\"tiger:source\"=>\"tiger_import_dch_v0.6_20070828\",\"tiger:tlid\"=>\"49950729\",\"tiger:upload_uuid\"=>\"bulk_upload.pl-95dfe9c3-5c95-4ec0-9985-9cc7af4c9ac0\""}, "geometry": {"type": "LineString", "coordinates": [[-81.095844, 38.336168, 0.0], [-81.096886, 38.337259, 0.0], [-81.098259, 38.338189, 0.0]]}}, {"type": "Feature", "properties": {"osm_id": "15522403", "name": "Cannel Creek Road", "highway": "residential", "waterway": null, "aerialway": null, "barrier": null, "man_made": null, "railway": null, "z_order": 3, "other_tags": "\"tiger:cfcc\"=>\"A41\",\"tiger:county\"=>\"Clay, WV\",\"tiger:name_base\"=>\"Cannel Creek\",\"tiger:name_type\"=>\"Rd\",\"tiger:reviewed\"=>\"no\""}, "geometry": {"type": "LineString", "coordinates": [[-81.089023, 38.375701, 0.0], [-81.089867, 38.375103, 0.0], [-81.0907075, 38.374248, 0.0], [-81.0918508, 38.3733953, 0.0], [-81.0922337, 38.3727342, 0.0], [-81.0919861, 38.3717474, 0.0], [-81.09138050000001, 38.3710539, 0.0]]}}, {"type": "Feature", "properties": {"osm_id": "15522503", "name": null, "highway": "residential", "waterway": null, "aerialway": null, "barrier": null, "man_made": null, "railway": null, "z_order": 3, "other_tags": "\"ref\"=>\"CR 24\",\"tiger:cfcc\"=>\"A41\",\"tiger:county\"=>\"Clay, WV\",\"tiger:name_base\"=>\"County Route 24\",\"tiger:name_base_1\"=>\"Sycamore\",\"tiger:reviewed\"=>\"no\""}, "geometry": {"type": "LineString", "coordinates": [[-81.07903, 38.335332, 0.0], [-81.079039, 38.335512, 0.0], [-81.079155, 38.335718, 0.0], [-81.079155, 38.336202, 0.0], [-81.079155, 38.336359, 0.0], [-81.07924, 38.33648, 0.0], [-81.07965, 38.337068, 0.0], [-81.080144, 38.337801, 0.0], [-81.080667, 38.338281, 0.0], [-81.081307, 38.338579, 0.0], [-81.081917, 38.339014, 0.0]]}}, {"type": "Feature", "properties": {"osm_id": "15522607", "name": "Pisgah Ridge Road", "highway": "tertiary", "waterway": null, "aerialway": null, "barrier": null, "man_made": null, "railway": null, "z_order": 4, "other_tags": "\"ref\"=>\"CR 28\",\"surface\"=>\"unpaved\",\"tiger:cfcc\"=>\"A41\",\"tiger:county\"=>\"Clay, WV\",\"tiger:name_base\"=>\"County Route 28\",\"tiger:name_base_1\"=>\"Pisgah Ridge\",\"tiger:name_type_1\"=>\"Rd\",\"tiger:reviewed\"=>\"no\""}, "geometry": {"type": "LineString", "coordinates": [[-81.0619347, 38.3997902, 0.0], [-81.0615136, 38.400193, 0.0], [-81.0613588, 38.4004017, 0.0], [-81.0612225, 38.4006153, 0.0], [-81.0610429, 38.4008579, 0.0], [-81.0606713, 38.4011637, 0.0], [-81.0605908, 38.4016442, 0.0], [-81.0604917, 38.4020082, 0.0], [-81.0603493, 38.402182899999985, 0.0], [-81.0601016, 38.40230420000001, 0.0], [-81.0597362, 38.4025323, 0.0], [-81.0595009, 38.4026973, 0.0], [-81.059377, 38.40294, 0.0], [-81.0593584, 38.4031098, 0.0], [-81.0593708, 38.4033428, 0.0], [-81.059683, 38.404017, 0.0], [-81.059652, 38.40438, 0.0], [-81.059593, 38.404746, 0.0], [-81.059303, 38.405158, 0.0], [-81.058401, 38.405822, 0.0], [-81.058284, 38.406028, 0.0], [-81.058372, 38.406578, 0.0], [-81.058517, 38.406738, 0.0], [-81.058895, 38.407722, 0.0], [-81.059419, 38.408569, 0.0], [-81.0596296, 38.4089411, 0.0], [-81.0593818, 38.4097013, 0.0], [-81.05907, 38.4100088, 0.0], [-81.05907, 38.410195, 0.0], [-81.0592065, 38.41068640000001, 0.0], [-81.0592938, 38.410886, 0.0], [-81.059331, 38.41111, 0.0], [-81.0593296, 38.4113099, 0.0], [-81.05886290726895, 38.41154083058644, 0.0]]}}, {"type": "Feature", "properties": {"osm_id": "15522614", "name": null, "highway": "tertiary", "waterway": null, "aerialway": null, "barrier": null, "man_made": null, "railway": null, "z_order": 4, "other_tags": "\"ref\"=>\"CR 28\",\"tiger:cfcc\"=>\"A41\",\"tiger:county\"=>\"Clay, WV\",\"tiger:name_base\"=>\"County Route 28\",\"tiger:name_base_1\"=>\"Pisgah Ridge\",\"tiger:name_type_1\"=>\"Rd\",\"tiger:reviewed\"=>\"no\""}, "geometry": {"type": "LineString", "coordinates": [[-81.06952, 38.3910417, 0.0], [-81.0689491, 38.3917436, 0.0], [-81.068232, 38.393118, 0.0], [-81.068116, 38.393485, 0.0], [-81.066953, 38.394217, 0.0], [-81.065498, 38.39543, 0.0], [-81.065149, 38.396071, 0.0], [-81.065586, 38.399252, 0.0], [-81.065469, 38.399413, 0.0], [-81.065237, 38.399458, 0.0], [-81.06451, 38.398611, 0.0], [-81.064102, 38.398268, 0.0], [-81.063841, 38.39836, 0.0], [-81.0631968, 38.3991329, 0.0], [-81.0628197, 38.399504, 0.0], [-81.062362, 38.3997271, 0.0], [-81.0619347, 38.3997902, 0.0], [-81.0617613, 38.3997416, 0.0], [-81.061495, 38.3996009, 0.0], [-81.0612906, 38.3992757, 0.0], [-81.061142, 38.3990767, 0.0], [-81.0610243, 38.3990185, 0.0], [-81.0608262, 38.3990088, 0.0], [-81.0606342, 38.3990573, 0.0], [-81.0598167, 38.3996155, 0.0], [-81.0594699, 38.3997465, 0.0], [-81.0593027, 38.3997465, 0.0], [-81.0587887, 38.3995912, 0.0], [-81.0583366, 38.3991689, 0.0], [-81.0573581, 38.3986011, 0.0], [-81.0570113, 38.3984167, 0.0], [-81.0567574, 38.39818849999999, 0.0], [-81.0566892, 38.398009, 0.0], [-81.0567078, 38.3978148, 0.0], [-81.0567078, 38.3976061, 0.0], [-81.0567388, 38.3974605, 0.0], [-81.0567388, 38.3973149, 0.0], [-81.0567078, 38.397179, 0.0], [-81.0562186, 38.39680529999998, 0.0], [-81.0560328, 38.3962908, 0.0], [-81.0555312, 38.3950628, 0.0], [-81.0551162, 38.3946891, 0.0], [-81.0548933, 38.3946065, 0.0], [-81.0545465, 38.3945968, 0.0], [-81.0541997, 38.3946745, 0.0], [-81.0538219, 38.3948395, 0.0], [-81.0535308, 38.3948929, 0.0], [-81.0530787, 38.3948492, 0.0], [-81.0529673, 38.3947376, 0.0], [-81.0528867, 38.3940969, 0.0], [-81.052748, 38.3933204, 0.0], [-81.0525018, 38.3931649, 0.0], [-81.05216830000002, 38.393083899999986, 0.0], [-81.05187450000001, 38.3931462, 0.0], [-81.0512314, 38.3933391, 0.0], [-81.0506835, 38.3933827, 0.0], [-81.0502468, 38.39335160000001, 0.0], [-81.0500324, 38.3932271, 0.0], [-81.0499768, 38.3930217, 0.0], [-81.04996090000002, 38.39282879999998, 0.0], [-81.0498656, 38.3926359, 0.0], [-81.0497068, 38.3925301, 0.0], [-81.049278, 38.3925052, 0.0], [-81.049016, 38.3924678, 0.0], [-81.0489366, 38.3924243, 0.0], [-81.048754, 38.39224380000001, 0.0], [-81.0486349, 38.3921007, 0.0], [-81.0483411, 38.3919824, 0.0], [-81.0480155, 38.39197, 0.0], [-81.0471103, 38.3921193, 0.0], [-81.0462528, 38.3921318, 0.0], [-81.0453238, 38.39216909999998, 0.0], [-81.0451491, 38.392082, 0.0], [-81.045022, 38.3918891, 0.0], [-81.044895, 38.3909369, 0.0], [-81.0449903, 38.3901029, 0.0], [-81.0453238, 38.3893187, 0.0], [-81.0456573, 38.38888309999999, 0.0], [-81.04567310000002, 38.3887275, 0.0], [-81.0453079, 38.3875574, 0.0], [-81.0450156, 38.3870937, 0.0], [-81.0445575, 38.3868942, 0.0], [-81.0436819, 38.3865431, 0.0], [-81.0434478, 38.38634359999999, 0.0], [-81.0432951, 38.386184, 0.0], [-81.0433052, 38.3859765, 0.0], [-81.0433765, 38.3858009, 0.0], [-81.0435699, 38.3856094, 0.0], [-81.0438754, 38.3854578, 0.0], [-81.0441197, 38.3853301, 0.0], [-81.044364, 38.3852184, 0.0], [-81.0445371, 38.3851146, 0.0], [-81.0445575, 38.3850428, 0.0], [-81.0445575, 38.3848992, 0.0], [-81.0444658, 38.38458, 0.0], [-81.0443742, 38.3843485, 0.0], [-81.04426220000002, 38.38422090000001, 0.0], [-81.043967, 38.3841411, 0.0], [-81.043743, 38.3841411, 0.0], [-81.0434783, 38.384268699999986, 0.0], [-81.0428573, 38.3846837, 0.0], [-81.0426333, 38.3847396, 0.0], [-81.0423075, 38.38472359999999, 0.0], [-81.0419919, 38.3846358, 0.0], [-81.0416662, 38.3846917, 0.0], [-81.0413098, 38.3848513, 0.0], [-81.0410451, 38.3848673, 0.0], [-81.0407906, 38.3847156, 0.0], [-81.0405361, 38.3846119, 0.0], [-81.0402511, 38.3847715, 0.0], [-81.0393552, 38.3852663, 0.0], [-81.0390192, 38.3856094, 0.0], [-81.0387851, 38.385729099999985, 0.0], [-81.0381844, 38.385761, 0.0], [-81.0378993, 38.3857052, 0.0], [-81.0379299, 38.38551360000001, 0.0], [-81.0378484, 38.3850189, 0.0], [-81.0380622, 38.3846039, 0.0], [-81.038103, 38.3844443, 0.0], [-81.0381437, 38.3841889, 0.0], [-81.0379706, 38.3837021, 0.0], [-81.0379604, 38.3835026, 0.0], [-81.0380215, 38.3832951, 0.0], [-81.0381335, 38.3831276, 0.0], [-81.0382251, 38.3830318, 0.0], [-81.0383575, 38.3829919, 0.0], [-81.0385713, 38.3828802, 0.0], [-81.0387749, 38.3827684, 0.0], [-81.0389174, 38.3826168, 0.0], [-81.039121, 38.382122, 0.0], [-81.0390905, 38.38187460000001, 0.0], [-81.0389988, 38.38153949999999, 0.0], [-81.0388563, 38.3810048, 0.0], [-81.0387443, 38.3802306, 0.0], [-81.0386222, 38.380103, 0.0], [-81.0381335, 38.3799992, 0.0], [-81.0374819, 38.3799593, 0.0], [-81.0371663, 38.3799753, 0.0], [-81.0370442, 38.3800152, 0.0], [-81.0367897, 38.38003109999999, 0.0], [-81.0365962, 38.3799992, 0.0], [-81.0363519, 38.3799513, 0.0], [-81.0363112, 38.3798236, 0.0], [-81.0363214, 38.37958419999999, 0.0], [-81.0362704, 38.379161199999984, 0.0], [-81.0361177, 38.3786904, 0.0], [-81.035853, 38.378435, 0.0], [-81.0355171, 38.3781716, 0.0], [-81.0352524, 38.3780439, 0.0], [-81.0349877, 38.378028, 0.0], [-81.0347434, 38.3780918, 0.0], [-81.0344583, 38.3781477, 0.0], [-81.03417320000001, 38.378155599999985, 0.0], [-81.0339187, 38.3780758, 0.0], [-81.0336031, 38.3777726, 0.0], [-81.0331755, 38.377581, 0.0], [-81.0325851, 38.3773336, 0.0]]}}, {"type": "Feature", "properties": {"osm_id": "15522892", "name": null, "highway": "residential", "waterway": null, "aerialway": null, "barrier": null, "man_made": null, "railway": null, "z_order": 3, "other_tags": "\"ref\"=>\"CR 16/3\",\"tiger:cfcc\"=>\"A41\",\"tiger:county\"=>\"Clay, WV\",\"tiger:name_base\"=>\"County Route 16/3\",\"tiger:name_base_1\"=>\"Leatherwood\",\"tiger:name_type_1\"=>\"Rd\",\"tiger:reviewed\"=>\"no\""}, "geometry": {"type": "LineString", "coordinates": [[-81.088097, 38.389406, 0.0], [-81.088417, 38.389795, 0.0], [-81.08897, 38.390551, 0.0], [-81.089814, 38.391214, 0.0], [-81.091414, 38.391878, 0.0], [-81.093276, 38.39293, 0.0], [-81.093799, 38.393045, 0.0], [-81.095399, 38.392861, 0.0], [-81.095836, 38.392884, 0.0], [-81.096331, 38.393021, 0.0], [-81.096454, 38.393133, 0.0], [-81.096884, 38.393524, 0.0], [-81.096971, 38.393708, 0.0], [-81.096826, 38.394394, 0.0], [-81.096855, 38.395035, 0.0], [-81.096943, 38.395333, 0.0], [-81.096709, 38.395763, 0.0], [-81.096681, 38.395814, 0.0], [-81.096652, 38.396294, 0.0], [-81.096216, 38.396821, 0.0], [-81.096042, 38.397279, 0.0], [-81.095519, 38.39776, 0.0], [-81.095444, 38.397945, 0.0], [-81.095286, 38.398332, 0.0], [-81.095287, 38.39911, 0.0], [-81.095607, 38.399751, 0.0], [-81.096023, 38.400133, 0.0], [-81.096131, 38.400232, 0.0], [-81.096771, 38.400552, 0.0], [-81.097993, 38.400872, 0.0], [-81.098151, 38.40097, 0.0], [-81.098662, 38.401284, 0.0], [-81.100437, 38.40181, 0.0], [-81.100844, 38.402039, 0.0], [-81.100873, 38.402222, 0.0], [-81.100996, 38.402784, 0.0], [-81.101094, 38.403458, 0.0], [-81.101234, 38.405143, 0.0], [-81.100106, 38.406374, 0.0], [-81.099112, 38.407106, 0.0], [-81.098014, 38.408507, 0.0], [-81.097869, 38.409708, 0.0], [-81.09808235762077, 38.40997842995479, 0.0]]}}, {"type": "Feature", "properties": {"osm_id": "15523004", "name": null, "highway": "residential", "waterway": null, "aerialway": null, "barrier": null, "man_made": null, "railway": null, "z_order": 3, "other_tags": "\"ref\"=>\"CR 17\",\"tiger:cfcc\"=>\"A41\",\"tiger:county\"=>\"Clay, WV\",\"tiger:name_base\"=>\"County Route 17\",\"tiger:reviewed\"=>\"no\""}, "geometry": {"type": "LineString", "coordinates": [[-81.088096, 38.384669, 0.0], [-81.088008, 38.384806, 0.0], [-81.087165, 38.38531, 0.0], [-81.087136, 38.386065, 0.0], [-81.087369, 38.386546, 0.0], [-81.087544, 38.386706, 0.0], [-81.087747, 38.386752, 0.0], [-81.087777, 38.387072, 0.0], [-81.088155, 38.387553, 0.0], [-81.088155, 38.388446, 0.0], [-81.088068, 38.388651, 0.0], [-81.088097, 38.389406, 0.0]]}}, {"type": "Feature", "properties": {"osm_id": "15523007", "name": null, "highway": "residential", "waterway": null, "aerialway": null, "barrier": null, "man_made": null, "railway": null, "z_order": 3, "other_tags": "\"ref\"=>\"CR 17\",\"tiger:cfcc\"=>\"A41\",\"tiger:county\"=>\"Clay, WV\",\"tiger:name_base\"=>\"County Route 17\",\"tiger:name_base_1\"=>\"Leatherwood\",\"tiger:name_type_1\"=>\"Rd\",\"tiger:reviewed\"=>\"no\""}, "geometry": {"type": "LineString", "coordinates": [[-81.053829, 38.376179, 0.0], [-81.054128, 38.376934, 0.0], [-81.055029, 38.378307, 0.0], [-81.055523, 38.378674, 0.0], [-81.057239, 38.379246, 0.0], [-81.057704, 38.379475, 0.0], [-81.058635, 38.380345, 0.0], [-81.058762, 38.380424, 0.0], [-81.05974, 38.381032, 0.0], [-81.060438, 38.381169, 0.0], [-81.061834, 38.381215, 0.0], [-81.062066, 38.381306, 0.0], [-81.062037, 38.381673, 0.0], [-81.06195, 38.381787, 0.0], [-81.062037, 38.38213, 0.0], [-81.063259, 38.383, 0.0], [-81.06352, 38.38355, 0.0], [-81.063811, 38.384603, 0.0], [-81.064451, 38.385564, 0.0]]}}, {"type": "Feature", "properties": {"osm_id": "15523008", "name": null, "highway": "residential", "waterway": null, "aerialway": null, "barrier": null, "man_made": null, "railway": null, "z_order": 3, "other_tags": "\"ref\"=>\"CR 17\",\"tiger:cfcc\"=>\"A41\",\"tiger:county\"=>\"Clay, WV\",\"tiger:name_base\"=>\"County Route 17\",\"tiger:name_base_1\"=>\"Leatherwood\",\"tiger:name_type_1\"=>\"Rd\",\"tiger:reviewed\"=>\"no\""}, "geometry": {"type": "LineString", "coordinates": [[-81.087414, 38.389641, 0.0], [-81.086236, 38.390048, 0.0], [-81.085916, 38.390231, 0.0], [-81.085335, 38.39078, 0.0], [-81.0844876, 38.391789, 0.0], [-81.084259, 38.391879, 0.0], [-81.083852, 38.391856, 0.0], [-81.083241, 38.391651, 0.0], [-81.082485, 38.391239, 0.0], [-81.081758, 38.391078, 0.0], [-81.0772758, 38.390989, 0.0]]}}, {"type": "Feature", "properties": {"osm_id": "15523274", "name": "Legg Road-Legg Mine", "highway": "residential", "waterway": null, "aerialway": null, "barrier": null, "man_made": null, "railway": null, "z_order": 3, "other_tags": "\"tiger:cfcc\"=>\"A41\",\"tiger:county\"=>\"Clay, WV\",\"tiger:name_base\"=>\"Legg Road-Legg Mine\",\"tiger:reviewed\"=>\"no\",\"tiger:separated\"=>\"no\",\"tiger:source\"=>\"tiger_import_dch_v0.6_20070828\",\"tiger:tlid\"=>\"49950745:49950746\",\"tiger:upload_uuid\"=>\"bulk_upload.pl-95dfe9c3-5c95-4ec0-9985-9cc7af4c9ac0\""}, "geometry": {"type": "LineString", "coordinates": [[-81.10113023314365, 38.366368169371945, 0.0], [-81.100911, 38.366226, 0.0], [-81.099516, 38.366204, 0.0], [-81.098295, 38.366456, 0.0], [-81.096986, 38.366342, 0.0], [-81.096783, 38.366411, 0.0], [-81.096754, 38.36696, 0.0], [-81.09626, 38.367876, 0.0], [-81.096173, 38.368197, 0.0]]}}, {"type": "Feature", "properties": {"osm_id": "15523514", "name": null, "highway": "residential", "waterway": null, "aerialway": null, "barrier": null, "man_made": null, "railway": null, "z_order": 3, "other_tags": "\"ref\"=>\"CR 24/1\",\"tiger:cfcc\"=>\"A41\",\"tiger:county\"=>\"Clay, WV\",\"tiger:name_base\"=>\"County Route 24/1\",\"tiger:name_base_1\"=>\"Fola\",\"tiger:name_type_1\"=>\"Rd\",\"tiger:reviewed\"=>\"no\""}, "geometry": {"type": "LineString", "coordinates": [[-81.090975, 38.340145, 0.0], [-81.091794, 38.340088, 0.0], [-81.091973, 38.340076, 0.0], [-81.092267, 38.339952, 0.0], [-81.092983, 38.339589, 0.0], [-81.093713, 38.33933, 0.0], [-81.093918, 38.33923, 0.0], [-81.095481, 38.33847, 0.0], [-81.096479, 38.338418, 0.0], [-81.097293, 38.338735, 0.0], [-81.09831, 38.33933, 0.0], [-81.09842497493024, 38.339500707052906, 0.0]]}}, {"type": "Feature", "properties": {"osm_id": "15523550", "name": null, "highway": "residential", "waterway": null, "aerialway": null, "barrier": null, "man_made": null, "railway": null, "z_order": 3, "other_tags": "\"ref\"=>\"CR 17/1\",\"tiger:cfcc\"=>\"A41\",\"tiger:county\"=>\"Clay, WV\",\"tiger:name_base\"=>\"County Route 17/1\",\"tiger:name_base_1\"=>\"Left Hand Fork\",\"tiger:reviewed\"=>\"no\""}, "geometry": {"type": "LineString", "coordinates": [[-81.018304, 38.36259, 0.0], [-81.018716, 38.362906, 0.0], [-81.019065, 38.362998, 0.0], [-81.019559, 38.362907, 0.0], [-81.020082, 38.362619, 0.0], [-81.020141, 38.362586, 0.0], [-81.021013, 38.362472, 0.0], [-81.021711, 38.361992, 0.0], [-81.022322, 38.361832, 0.0], [-81.022771, 38.361832, 0.0], [-81.023339, 38.361832, 0.0], [-81.02395, 38.361626, 0.0], [-81.024967, 38.361741, 0.0], [-81.025869, 38.361558, 0.0], [-81.027264, 38.361696, 0.0], [-81.028252, 38.362383, 0.0], [-81.029444, 38.362933, 0.0], [-81.030083, 38.363437, 0.0], [-81.030316, 38.36378, 0.0], [-81.030635, 38.364719, 0.0], [-81.030897, 38.365108, 0.0], [-81.031391, 38.365497, 0.0], [-81.032699, 38.366139, 0.0], [-81.033688, 38.366848, 0.0], [-81.034793, 38.367123, 0.0], [-81.035287, 38.367375, 0.0], [-81.035578, 38.367627, 0.0], [-81.036043, 38.367833, 0.0], [-81.036566, 38.367948, 0.0], [-81.037991, 38.367948, 0.0], [-81.038747, 38.36804, 0.0], [-81.039648, 38.367971, 0.0], [-81.040724, 38.367468, 0.0], [-81.042498, 38.367491, 0.0], [-81.044097, 38.367171, 0.0], [-81.045202, 38.36717, 0.0], [-81.048458, 38.367995, 0.0]]}}, {"type": "Feature", "properties": {"osm_id": "15523669", "name": null, "highway": "residential", "waterway": null, "aerialway": null, "barrier": null, "man_made": null, "railway": null, "z_order": 3, "other_tags": "\"ref\"=>\"CR 30\",\"tiger:cfcc\"=>\"A41\",\"tiger:county\"=>\"Clay, WV\",\"tiger:name_base\"=>\"County Route 30\",\"tiger:reviewed\"=>\"no\""}, "geometry": {"type": "LineString", "coordinates": [[-81.000337, 38.402265, 0.0], [-80.999826, 38.402487, 0.0], [-80.999083, 38.402488, 0.0], [-80.998588, 38.402442, 0.0], [-80.997919, 38.402237, 0.0], [-80.997395, 38.401939, 0.0], [-80.996755, 38.40194, 0.0], [-80.995941, 38.402123, 0.0], [-80.995097, 38.40249, 0.0], [-80.993963, 38.403154, 0.0], [-80.99312, 38.403452, 0.0], [-80.992742, 38.40343, 0.0], [-80.992188, 38.403201, 0.0], [-80.992066, 38.403215, 0.0], [-80.991808, 38.403245, 0.0], [-80.991403, 38.403293, 0.0], [-80.990734, 38.403568, 0.0], [-80.989016, 38.40369, 0.0], [-80.988145, 38.403752, 0.0], [-80.987825, 38.403935, 0.0], [-80.987667, 38.404221, 0.0], [-80.987622, 38.404302, 0.0], [-80.985644, 38.405081, 0.0], [-80.984917, 38.405058, 0.0], [-80.981047, 38.404625, 0.0], [-80.980964, 38.404643, 0.0], [-80.980611, 38.404717, 0.0], [-80.979409, 38.405731, 0.0], [-80.97939, 38.405747, 0.0], [-80.978634, 38.406114, 0.0], [-80.978052, 38.406228, 0.0], [-80.97747, 38.406229, 0.0], [-80.973834, 38.406047, 0.0], [-80.972204, 38.405223, 0.0], [-80.971361, 38.404903, 0.0], [-80.970604, 38.40472, 0.0], [-80.970226, 38.404377, 0.0], [-80.970118, 38.40418, 0.0], [-80.969498, 38.403049, 0.0], [-80.969469, 38.4025, 0.0], [-80.969294, 38.402019, 0.0], [-80.969061, 38.40179, 0.0], [-80.968421, 38.401493, 0.0], [-80.96781, 38.401333, 0.0], [-80.967587, 38.401322, 0.0], [-80.967345, 38.40131, 0.0], [-80.966385, 38.401493, 0.0], [-80.965629, 38.401791, 0.0], [-80.965134, 38.40186, 0.0], [-80.964494, 38.401585, 0.0], [-80.963756, 38.401471, 0.0], [-80.962865, 38.401334, 0.0], [-80.962021, 38.400969, 0.0], [-80.960596, 38.399893, 0.0], [-80.959286, 38.399184, 0.0], [-80.958151, 38.399047, 0.0], [-80.953555, 38.399002, 0.0], [-80.950792, 38.39804, 0.0], [-80.949861, 38.397812, 0.0], [-80.949483, 38.397812, 0.0], [-80.94861, 38.398018, 0.0], [-80.947708, 38.398384, 0.0], [-80.94669, 38.398956, 0.0], [-80.945381, 38.399964, 0.0], [-80.944712, 38.400261, 0.0], [-80.943782, 38.400445, 0.0], [-80.941542, 38.400491, 0.0], [-80.941338, 38.400576, 0.0]]}}, {"type": "Feature", "properties": {"osm_id": "15523685", "name": null, "highway": "track", "waterway": null, "aerialway": null, "barrier": null, "man_made": null, "railway": null, "z_order": 0, "other_tags": "\"ref\"=>\"CR 30\",\"tiger:cfcc\"=>\"A51\",\"tiger:county\"=>\"Clay, WV\",\"tiger:name_base\"=>\"County Route 30\",\"tiger:reviewed\"=>\"no\""}, "geometry": {"type": "LineString", "coordinates": [[-80.980411, 38.389573, 0.0], [-80.97974, 38.38908, 0.0], [-80.979174, 38.388388, 0.0]]}}, {"type": "Feature", "properties": {"osm_id": "15523939", "name": null, "highway": "residential", "waterway": null, "aerialway": null, "barrier": null, "man_made": null, "railway": null, "z_order": 3, "other_tags": "\"ref\"=>\"CR 1/7\",\"tiger:cfcc\"=>\"A41\",\"tiger:county\"=>\"Clay, WV\",\"tiger:name_base\"=>\"County Route 1/7\",\"tiger:reviewed\"=>\"no\""}, "geometry": {"type": "LineString", "coordinates": [[-81.088096, 38.384669, 0.0], [-81.089782, 38.382745, 0.0], [-81.090101, 38.381898, 0.0], [-81.090101, 38.380731, 0.0], [-81.089519, 38.379792, 0.0], [-81.088763, 38.379037, 0.0], [-81.088692, 38.378859, 0.0], [-81.088617, 38.378671, 0.0], [-81.0885, 38.377595, 0.0], [-81.088093, 38.376473, 0.0], [-81.088151, 38.375672, 0.0], [-81.088325, 38.375557, 0.0], [-81.08879, 38.375534, 0.0], [-81.088835, 38.375552, 0.0], [-81.089023, 38.375626, 0.0], [-81.089023, 38.375701, 0.0], [-81.089023, 38.375855, 0.0], [-81.088791, 38.376153, 0.0], [-81.08882, 38.376725, 0.0], [-81.089431, 38.377366, 0.0], [-81.089838, 38.378213, 0.0], [-81.090362, 38.378693, 0.0], [-81.090798, 38.378808, 0.0], [-81.091263, 38.378808, 0.0], [-81.09167, 38.378624, 0.0], [-81.092165, 38.378235, 0.0], [-81.092746, 38.377411, 0.0], [-81.093269, 38.377342, 0.0], [-81.093851, 38.377502, 0.0], [-81.094927, 38.377479, 0.0], [-81.095421, 38.377273, 0.0], [-81.096508, 38.376354, 0.0], [-81.096642, 38.376242, 0.0], [-81.097136, 38.376013, 0.0], [-81.097747, 38.375944, 0.0], [-81.097858, 38.37592, 0.0], [-81.099317, 38.375601, 0.0], [-81.100204, 38.375103, 0.0], [-81.100799, 38.374638, 0.0], [-81.101066, 38.374509, 0.0], [-81.101439, 38.37433, 0.0], [-81.101759, 38.374238, 0.0], [-81.10192364733268, 38.37424801822395, 0.0]]}}, {"type": "Feature", "properties": {"osm_id": "15523943", "name": null, "highway": "residential", "waterway": null, "aerialway": null, "barrier": null, "man_made": null, "railway": null, "z_order": 3, "other_tags": "\"ref\"=>\"CR 1/7\",\"tiger:cfcc\"=>\"A41\",\"tiger:county\"=>\"Clay, WV\",\"tiger:name_base\"=>\"County Route 1/7\",\"tiger:name_base_1\"=>\"Leatherwood\",\"tiger:name_type_1\"=>\"Rd\",\"tiger:reviewed\"=>\"no\""}, "geometry": {"type": "LineString", "coordinates": [[-81.064451, 38.385564, 0.0], [-81.064713, 38.385633, 0.0], [-81.066109, 38.386594, 0.0], [-81.066865, 38.387327, 0.0], [-81.0671019, 38.388047, 0.0], [-81.0669897, 38.3889771, 0.0], [-81.067158, 38.3894759, 0.0], [-81.0683879, 38.3902789, 0.0], [-81.06952, 38.3910417, 0.0], [-81.0700628, 38.3912348, 0.0], [-81.0709515, 38.3914099, 0.0], [-81.073768, 38.3913424, 0.0], [-81.0757359, 38.39129960000001, 0.0], [-81.0772758, 38.390989, 0.0]]}}, {"type": "Feature", "properties": {"osm_id": "15523944", "name": null, "highway": "residential", "waterway": null, "aerialway": null, "barrier": null, "man_made": null, "railway": null, "z_order": 3, "other_tags": "\"ref\"=>\"CR 1/7\",\"tiger:cfcc\"=>\"A41\",\"tiger:county\"=>\"Clay, WV\",\"tiger:name_base\"=>\"County Route 1/7\",\"tiger:name_base_1\"=>\"Leatherwood\",\"tiger:name_type_1\"=>\"Rd\",\"tiger:reviewed\"=>\"no\""}, "geometry": {"type": "LineString", "coordinates": [[-81.088097, 38.389406, 0.0], [-81.087414, 38.389641, 0.0]]}}, {"type": "Feature", "properties": {"osm_id": "15523947", "name": null, "highway": "residential", "waterway": null, "aerialway": null, "barrier": null, "man_made": null, "railway": null, "z_order": 3, "other_tags": "\"ref\"=>\"CR 1/7\",\"tiger:cfcc\"=>\"A41\",\"tiger:county\"=>\"Clay, WV\",\"tiger:name_base\"=>\"County Route 1/7\",\"tiger:name_base_1\"=>\"Leatherwood\",\"tiger:name_type_1\"=>\"Rd\",\"tiger:reviewed\"=>\"no\""}, "geometry": {"type": "LineString", "coordinates": [[-81.048458, 38.367995, 0.0], [-81.049214, 38.368773, 0.0], [-81.049301, 38.369139, 0.0], [-81.049156, 38.369757, 0.0], [-81.048807, 38.370581, 0.0], [-81.048894, 38.371589, 0.0], [-81.049068, 38.371955, 0.0], [-81.049737, 38.372596, 0.0], [-81.050202, 38.372848, 0.0], [-81.05183, 38.373375, 0.0], [-81.052179, 38.373558, 0.0], [-81.053197, 38.374382, 0.0], [-81.053487, 38.374698, 0.0], [-81.053531, 38.375103, 0.0], [-81.05372, 38.375904, 0.0], [-81.053829, 38.376179, 0.0]]}}, {"type": "Feature", "properties": {"osm_id": "15615673", "name": null, "highway": "residential", "waterway": null, "aerialway": null, "barrier": null, "man_made": null, "railway": null, "z_order": 3, "other_tags": "\"tiger:cfcc\"=>\"A41\",\"tiger:county\"=>\"Nicholas, WV\",\"tiger:reviewed\"=>\"no\""}, "geometry": {"type": "LineString", "coordinates": [[-80.9119821, 38.2927245, 0.0], [-80.9121931, 38.2926733, 0.0], [-80.9123594, 38.29266279999999, 0.0], [-80.9128822, 38.2926697, 0.0], [-80.9131211, 38.2926586, 0.0]]}}, {"type": "Feature", "properties": {"osm_id": "15615678", "name": null, "highway": "residential", "waterway": null, "aerialway": null, "barrier": null, "man_made": null, "railway": null, "z_order": 3, "other_tags": "\"tiger:cfcc\"=>\"A41\",\"tiger:county\"=>\"Nicholas, WV\""}, "geometry": {"type": "LineString", "coordinates": [[-80.9956146, 38.2690333, 0.0], [-80.9954209, 38.2686042, 0.0], [-80.9953822, 38.2683964, 0.0], [-80.9954123, 38.2681666, 0.0], [-80.9955113, 38.2680399, 0.0], [-80.9956059, 38.2679571, 0.0], [-80.9957262, 38.2679184, 0.0], [-80.9959007, 38.2679216, 0.0], [-80.9959911, 38.26795039999999, 0.0], [-80.9960815, 38.2680196, 0.0], [-80.9965097, 38.2684335, 0.0], [-80.9966539, 38.2685045, 0.0], [-80.9967722, 38.268519699999985, 0.0], [-80.9969681, 38.2684961, 0.0], [-80.9976241, 38.2684606, 0.0], [-80.9978657, 38.2684335, 0.0], [-80.9980946, 38.268452, 0.0], [-80.9984722, 38.2685045, 0.0], [-80.9989832, 38.2685232, 0.0], [-80.9993232, 38.2688164, 0.0]]}}, {"type": "Feature", "properties": {"osm_id": "15615843", "name": "Hoot Owl Hollow Road", "highway": "residential", "waterway": null, "aerialway": null, "barrier": null, "man_made": null, "railway": null, "z_order": 3, "other_tags": "\"tiger:cfcc\"=>\"A74\",\"tiger:county\"=>\"Nicholas, WV\",\"tiger:reviewed\"=>\"no\""}, "geometry": {"type": "LineString", "coordinates": [[-80.931387, 38.2925681, 0.0], [-80.931387, 38.2924923, 0.0], [-80.931446, 38.2924502, 0.0], [-80.9321594, 38.2921555, 0.0], [-80.9322238, 38.2921471, 0.0], [-80.9328568, 38.2922818, 0.0], [-80.9339458, 38.29279970000001, 0.0], [-80.93458950000002, 38.2930144, 0.0], [-80.9352252, 38.2933344, 0.0], [-80.9352896, 38.2933617, 0.0], [-80.9353834, 38.2933849, 0.0], [-80.9355873, 38.2934186, 0.0], [-80.9357724, 38.2934607, 0.0], [-80.9359172, 38.2935133, 0.0], [-80.9359735, 38.293568, 0.0], [-80.9360486, 38.293648, 0.0], [-80.9361774, 38.29385220000001, 0.0], [-80.9362713, 38.2939512, 0.0], [-80.9364671, 38.2941048, 0.0], [-80.9364939, 38.29416169999999, 0.0], [-80.9364992, 38.294222699999985, 0.0], [-80.9364966, 38.2943048, 0.0], [-80.9363812, 38.2947153, 0.0], [-80.9366548, 38.2950311, 0.0], [-80.9367085, 38.2950711, 0.0], [-80.9371376, 38.2952542, 0.0], [-80.9376177, 38.2955237, 0.0], [-80.9376955, 38.2955805, 0.0], [-80.9377438, 38.2956352, 0.0], [-80.9378162, 38.295751, 0.0], [-80.9379128, 38.2958626, 0.0], [-80.938299, 38.29610679999998, 0.0], [-80.9385324, 38.2962752, 0.0], [-80.9386236, 38.2963825, 0.0], [-80.9386718, 38.2964772, 0.0], [-80.9387094, 38.2966057, 0.0], [-80.9387416, 38.2968246, 0.0], [-80.9387818, 38.29690879999998, 0.0], [-80.938881, 38.2969803, 0.0], [-80.9389736, 38.2970564, 0.0], [-80.9390366, 38.2972708, 0.0], [-80.9389937, 38.2974898, 0.0], [-80.9387872, 38.2977802, 0.0], [-80.9387603, 38.2980097, 0.0], [-80.938822, 38.2981002, 0.0], [-80.93903120000002, 38.298197, 0.0], [-80.9390809, 38.2983149, 0.0], [-80.9390688, 38.2984644, 0.0], [-80.939152, 38.298591, 0.0], [-80.939268, 38.298683, 0.0], [-80.939447, 38.2987875, 0.0], [-80.93955160000002, 38.2987959, 0.0], [-80.9396307, 38.2987812, 0.0], [-80.9399345, 38.29861420000001, 0.0], [-80.9401906, 38.2987803, 0.0], [-80.9403654, 38.2989938, 0.0], [-80.9406245, 38.2992116, 0.0], [-80.9407237, 38.2992179, 0.0], [-80.9407747, 38.2994853, 0.0], [-80.9409142, 38.2997463, 0.0], [-80.9410375, 38.3000157, 0.0], [-80.9411274, 38.30039089999999, 0.0], [-80.9411944, 38.3005577, 0.0], [-80.9412266, 38.30059459999999, 0.0], [-80.9412521, 38.3006104, 0.0], [-80.9414801, 38.3005988, 0.0], [-80.941515, 38.3006114, 0.0], [-80.9415418, 38.3006598, 0.0], [-80.9416342, 38.3009634, 0.0]]}}, {"type": "Feature", "properties": {"osm_id": "15615937", "name": "Lanham Lane", "highway": "residential", "waterway": null, "aerialway": null, "barrier": null, "man_made": null, "railway": null, "z_order": 3, "other_tags": "\"tiger:cfcc\"=>\"A41\",\"tiger:county\"=>\"Nicholas, WV\",\"tiger:reviewed\"=>\"no\""}, "geometry": {"type": "LineString", "coordinates": [[-80.9398604, 38.3106207, 0.0], [-80.93976580000002, 38.3106914, 0.0], [-80.9396185, 38.3107251, 0.0], [-80.9393443, 38.3106176, 0.0], [-80.9391468, 38.3104712, 0.0], [-80.939012, 38.3103481, 0.0], [-80.9387996, 38.3102365, 0.0], [-80.9386057, 38.3101539, 0.0], [-80.9383213, 38.3100496, 0.0], [-80.9380332, 38.3099568, 0.0], [-80.9380045, 38.30995, 0.0], [-80.9378005, 38.3099018, 0.0]]}}, {"type": "Feature", "properties": {"osm_id": "15615943", "name": null, "highway": "track", "waterway": null, "aerialway": null, "barrier": null, "man_made": null, "railway": null, "z_order": 0, "other_tags": "\"tiger:cfcc\"=>\"A51\",\"tiger:county\"=>\"Nicholas, WV\",\"tiger:reviewed\"=>\"no\",\"tiger:separated\"=>\"no\",\"tiger:source\"=>\"tiger_import_dch_v0.6_20070828\",\"tiger:tlid\"=>\"50036067\",\"tiger:upload_uuid\"=>\"bulk_upload.pl-e0de079b-95e2-44a9-babc-21fee03bafaf\""}, "geometry": {"type": "LineString", "coordinates": [[-81.078183, 38.279199, 0.0], [-81.078531, 38.279153, 0.0], [-81.080884, 38.27929, 0.0], [-81.082248, 38.279496, 0.0], [-81.082771, 38.279382, 0.0], [-81.083212, 38.279009, 0.0], [-81.084397, 38.278008, 0.0], [-81.084854, 38.27751, 0.0], [-81.085129, 38.277208, 0.0], [-81.086139, 38.277238, 0.0], [-81.086289, 38.277655, 0.0], [-81.086606, 38.277699, 0.0], [-81.087249, 38.27774, 0.0], [-81.088139, 38.27797, 0.0], [-81.089244, 38.278206, 0.0], [-81.090842, 38.278154, 0.0], [-81.090916, 38.278207, 0.0], [-81.091131, 38.27836, 0.0], [-81.091072, 38.278457, 0.0]]}}, {"type": "Feature", "properties": {"osm_id": "15616010", "name": null, "highway": "service", "waterway": null, "aerialway": null, "barrier": null, "man_made": null, "railway": null, "z_order": 0, "other_tags": "\"access\"=>\"private\",\"tiger:cfcc\"=>\"A74\",\"tiger:county\"=>\"Nicholas, WV\",\"tiger:reviewed\"=>\"no\",\"tiger:source\"=>\"tiger_import_dch_v0.6_20070828\",\"tiger:tlid\"=>\"50032277\",\"tiger:upload_uuid\"=>\"bulk_upload.pl-e0de079b-95e2-44a9-babc-21fee03bafaf\""}, "geometry": {"type": "LineString", "coordinates": [[-81.095582, 38.324645, 0.0], [-81.094757, 38.324085, 0.0], [-81.094555, 38.323955, 0.0], [-81.09421, 38.323732, 0.0], [-81.093348, 38.322881, 0.0], [-81.093285, 38.322818, 0.0], [-81.092338, 38.322338, 0.0], [-81.091325, 38.321602, 0.0], [-81.089459, 38.320506, 0.0]]}}, {"type": "Feature", "properties": {"osm_id": "15616016", "name": null, "highway": "service", "waterway": null, "aerialway": null, "barrier": null, "man_made": null, "railway": null, "z_order": 0, "other_tags": "\"access\"=>\"private\",\"tiger:cfcc\"=>\"A74\",\"tiger:county\"=>\"Nicholas, WV\",\"tiger:reviewed\"=>\"no\",\"tiger:source\"=>\"tiger_import_dch_v0.6_20070828\",\"tiger:tlid\"=>\"50032278\",\"tiger:upload_uuid\"=>\"bulk_upload.pl-e0de079b-95e2-44a9-babc-21fee03bafaf\""}, "geometry": {"type": "LineString", "coordinates": [[-81.092399, 38.32179, 0.0], [-81.093354, 38.32268, 0.0], [-81.093348, 38.322881, 0.0]]}}, {"type": "Feature", "properties": {"osm_id": "15616033", "name": null, "highway": "service", "waterway": null, "aerialway": null, "barrier": null, "man_made": null, "railway": null, "z_order": 0, "other_tags": "\"access\"=>\"private\",\"tiger:cfcc\"=>\"A74\",\"tiger:county\"=>\"Nicholas, WV\",\"tiger:reviewed\"=>\"no\",\"tiger:source\"=>\"tiger_import_dch_v0.6_20070828\",\"tiger:tlid\"=>\"50025926\",\"tiger:upload_uuid\"=>\"bulk_upload.pl-e0de079b-95e2-44a9-babc-21fee03bafaf\""}, "geometry": {"type": "LineString", "coordinates": [[-80.9137857, 38.2995052, 0.0], [-80.913008, 38.299562, 0.0], [-80.912529, 38.299569, 0.0], [-80.9123138, 38.2995105, 0.0], [-80.912067, 38.2993569, 0.0], [-80.9115896, 38.2991822, 0.0], [-80.9113535, 38.2990895, 0.0], [-80.9111041, 38.299018, 0.0], [-80.9109029, 38.2989169, 0.0], [-80.9108278, 38.2988075, 0.0]]}}, {"type": "Feature", "properties": {"osm_id": "15616121", "name": null, "highway": "unclassified", "waterway": null, "aerialway": null, "barrier": null, "man_made": null, "railway": null, "z_order": 3, "other_tags": "\"tiger:cfcc\"=>\"A41\",\"tiger:county\"=>\"Nicholas, WV\",\"tiger:reviewed\"=>\"no\""}, "geometry": {"type": "LineString", "coordinates": [[-81.0080595, 38.2672877, 0.0], [-81.0075813, 38.2675395, 0.0], [-81.0073091, 38.2676571, 0.0], [-81.006256, 38.2682, 0.0], [-81.0060748, 38.2682635, 0.0], [-81.0058769, 38.2682596, 0.0], [-81.0057782, 38.2682509, 0.0], [-81.0056039, 38.2683315, 0.0], [-81.0053643, 38.2684537, 0.0], [-81.0050281, 38.2688764, 0.0], [-81.00453640000002, 38.2694433, 0.0], [-81.0036401, 38.2706038, 0.0], [-81.0032574, 38.2710656, 0.0], [-81.0030769, 38.271327, 0.0], [-81.0030831, 38.271549399999984, 0.0], [-81.0031111, 38.2723459, 0.0], [-81.0031963, 38.2738944, 0.0], [-81.0031487, 38.2747691, 0.0], [-81.0032534, 38.2755018, 0.0], [-81.0040724, 38.2772735, 0.0], [-81.0044343, 38.2775352, 0.0], [-81.00499610000001, 38.2778043, 0.0], [-81.005139, 38.2779688, 0.0], [-81.0052437, 38.2782603, 0.0], [-81.0053389, 38.2787462, 0.0], [-81.0060056, 38.2800021, 0.0], [-81.0064531, 38.28053289999998, 0.0], [-81.0065579, 38.2806151, 0.0], [-81.0066912, 38.2805777, 0.0], [-81.0067293, 38.2804731, 0.0], [-81.0065579, 38.2797031, 0.0], [-81.0066531, 38.2791499, 0.0], [-81.0066531, 38.2789929, 0.0]]}}, {"type": "Feature", "properties": {"osm_id": "15616275", "name": null, "highway": "track", "waterway": null, "aerialway": null, "barrier": null, "man_made": null, "railway": null, "z_order": 0, "other_tags": "\"tiger:cfcc\"=>\"A51\",\"tiger:county\"=>\"Nicholas, WV\",\"tiger:reviewed\"=>\"no\""}, "geometry": {"type": "LineString", "coordinates": [[-81.0466956, 38.27384820000001, 0.0], [-81.04712220000002, 38.27373570000001, 0.0], [-81.0475792, 38.27371380000001, 0.0], [-81.0478267, 38.2736997, 0.0], [-81.0481689, 38.27359389999999, 0.0], [-81.04836030000001, 38.2735373, 0.0], [-81.0491695, 38.2734375, 0.0], [-81.0495086, 38.2734643, 0.0], [-81.0501474, 38.2734987, 0.0], [-81.0503257, 38.2735247, 0.0], [-81.0504606, 38.2735769, 0.0], [-81.0506858, 38.2736734, 0.0], [-81.050908, 38.2737949, 0.0], [-81.0510389, 38.2738371, 0.0], [-81.0514266, 38.2738962, 0.0], [-81.0521111, 38.2739854, 0.0], [-81.0526501, 38.2739817, 0.0], [-81.0529888, 38.274013, 0.0], [-81.0537647, 38.2739711, 0.0], [-81.0539741, 38.2739815, 0.0], [-81.0546774, 38.2741081, 0.0], [-81.0548681, 38.27419410000001, 0.0], [-81.0550496, 38.2743075, 0.0], [-81.0552364, 38.2745114, 0.0], [-81.0556164, 38.2749831, 0.0], [-81.055857, 38.2753035, 0.0], [-81.0560115, 38.2754248, 0.0], [-81.0562114, 38.2755, 0.0], [-81.0564793, 38.2755174, 0.0], [-81.0565995, 38.2755104, 0.0], [-81.0567668, 38.2755006, 0.0], [-81.0570801, 38.27546349999999, 0.0], [-81.057329, 38.2754096, 0.0], [-81.0574127, 38.2754012, 0.0], [-81.057653, 38.2754315, 0.0], [-81.0585242, 38.2757246, 0.0], [-81.0593568, 38.2760447, 0.0], [-81.0596701, 38.2762519, 0.0], [-81.0599941, 38.2766326, 0.0], [-81.0604254, 38.2768802, 0.0], [-81.0605627, 38.2770268, 0.0], [-81.0606957, 38.2772373, 0.0], [-81.0609082, 38.2773586, 0.0]]}}, {"type": "Feature", "properties": {"osm_id": "15616668", "name": null, "highway": "track", "waterway": null, "aerialway": null, "barrier": null, "man_made": null, "railway": null, "z_order": 0, "other_tags": "\"tiger:cfcc\"=>\"A51\",\"tiger:county\"=>\"Nicholas, WV\",\"tiger:reviewed\"=>\"no\",\"tiger:separated\"=>\"no\",\"tiger:source\"=>\"tiger_import_dch_v0.6_20070828\",\"tiger:tlid\"=>\"50035708:50024386:50024387:50024381:50024377:50024379:50032048\",\"tiger:upload_uuid\"=>\"bulk_upload.pl-e0de079b-95e2-44a9-babc-21fee03bafaf\""}, "geometry": {"type": "LineString", "coordinates": [[-80.973494, 38.384944, 0.0], [-80.973295, 38.384846, 0.0], [-80.972654, 38.384578, 0.0], [-80.972549, 38.384539, 0.0], [-80.972104, 38.384367, 0.0], [-80.971505, 38.383858, 0.0], [-80.971271, 38.383432, 0.0], [-80.971142, 38.383196, 0.0], [-80.970829, 38.382703, 0.0], [-80.970149, 38.382024, 0.0], [-80.970063, 38.381938, 0.0], [-80.969492, 38.381365, 0.0], [-80.968932, 38.380804, 0.0], [-80.96853, 38.379771, 0.0], [-80.96777, 38.378987, 0.0], [-80.966918, 38.378179, 0.0], [-80.965777, 38.377869, 0.0], [-80.964941, 38.377745, 0.0], [-80.963808, 38.377661, 0.0], [-80.96261, 38.378254, 0.0], [-80.961597, 38.378548, 0.0], [-80.960858, 38.379134, 0.0], [-80.959475, 38.379935, 0.0], [-80.958442, 38.380262, 0.0], [-80.958183, 38.380308, 0.0], [-80.957256, 38.380476, 0.0], [-80.956319, 38.380159, 0.0], [-80.955585, 38.379781, 0.0], [-80.955139, 38.379551, 0.0], [-80.954549, 38.379315, 0.0]]}}, {"type": "Feature", "properties": {"osm_id": "15616838", "name": null, "highway": "service", "waterway": null, "aerialway": null, "barrier": null, "man_made": null, "railway": null, "z_order": 0, "other_tags": "\"tiger:cfcc\"=>\"A41\",\"tiger:county\"=>\"Nicholas, WV\",\"tiger:reviewed\"=>\"no\""}, "geometry": {"type": "LineString", "coordinates": [[-81.0233292, 38.2626841, 0.0], [-81.0218781, 38.2624595, 0.0], [-81.019819, 38.262162, 0.0]]}}, {"type": "Feature", "properties": {"osm_id": "15616983", "name": null, "highway": "track", "waterway": null, "aerialway": null, "barrier": null, "man_made": null, "railway": null, "z_order": 0, "other_tags": "\"tiger:cfcc\"=>\"A41\",\"tiger:county\"=>\"Nicholas, WV\",\"tiger:reviewed\"=>\"no\""}, "geometry": {"type": "LineString", "coordinates": [[-80.9828056, 38.27274580000001, 0.0], [-80.9827719, 38.2732674, 0.0], [-80.9825701, 38.2736833, 0.0], [-80.9824789, 38.2748392, 0.0], [-80.982391, 38.275232, 0.0], [-80.982072, 38.275782, 0.0], [-80.9808885, 38.2774505, 0.0], [-80.9807275, 38.277859, 0.0], [-80.9805425, 38.2780864, 0.0], [-80.980305, 38.278265, 0.0], [-80.979774, 38.2786672, 0.0], [-80.9794029, 38.278906, 0.0], [-80.9791651, 38.2789754, 0.0], [-80.9787193, 38.278994, 0.0], [-80.978419, 38.278917, 0.0], [-80.977864, 38.279171, 0.0]]}}, {"type": "Feature", "properties": {"osm_id": "15617058", "name": "Wingate Road", "highway": "residential", "waterway": null, "aerialway": null, "barrier": null, "man_made": null, "railway": null, "z_order": 3, "other_tags": "\"tiger:cfcc\"=>\"A41\",\"tiger:county\"=>\"Nicholas, WV\",\"tiger:reviewed\"=>\"no\""}, "geometry": {"type": "LineString", "coordinates": [[-80.9326771, 38.28558289999999, 0.0], [-80.933488, 38.285474, 0.0], [-80.934244, 38.285336, 0.0], [-80.934592, 38.285451, 0.0], [-80.93497, 38.285771, 0.0], [-80.935202, 38.285863, 0.0], [-80.936189, 38.285794, 0.0], [-80.936944, 38.286435, 0.0], [-80.938251, 38.286916, 0.0], [-80.938861, 38.287236, 0.0], [-80.939297, 38.287649, 0.0], [-80.939529, 38.288038, 0.0], [-80.939878, 38.288244, 0.0], [-80.940488, 38.288404, 0.0], [-80.940807, 38.28877, 0.0], [-80.941043, 38.288923, 0.0], [-80.9421247, 38.2895244, 0.0], [-80.94286250000002, 38.2897697, 0.0], [-80.944273, 38.29006279999999, 0.0], [-80.944409, 38.290189, 0.0], [-80.944641, 38.2903362, 0.0], [-80.944699, 38.290601, 0.0], [-80.944738, 38.290621, 0.0], [-80.945019, 38.290762, 0.0], [-80.945376, 38.2907861, 0.0]]}}, {"type": "Feature", "properties": {"osm_id": "15617151", "name": null, "highway": "service", "waterway": null, "aerialway": null, "barrier": null, "man_made": null, "railway": null, "z_order": 0, "other_tags": "\"access\"=>\"private\",\"tiger:cfcc\"=>\"A74\",\"tiger:county\"=>\"Nicholas, WV\",\"tiger:reviewed\"=>\"no\",\"tiger:source\"=>\"tiger_import_dch_v0.6_20070828\",\"tiger:tlid\"=>\"50032239:50032065\",\"tiger:upload_uuid\"=>\"bulk_upload.pl-e0de079b-95e2-44a9-babc-21fee03bafaf\""}, "geometry": {"type": "LineString", "coordinates": [[-81.0858631, 38.2717023, 0.0], [-81.085876, 38.272147, 0.0], [-81.085852, 38.272197, 0.0], [-81.085702, 38.272513, 0.0], [-81.085615, 38.274436, 0.0], [-81.085703, 38.27462, 0.0], [-81.085877, 38.276153, 0.0], [-81.085761, 38.27652, 0.0], [-81.085129, 38.277208, 0.0]]}}, {"type": "Feature", "properties": {"osm_id": "15618483", "name": null, "highway": "service", "waterway": null, "aerialway": null, "barrier": null, "man_made": null, "railway": null, "z_order": 0, "other_tags": "\"access\"=>\"private\",\"tiger:cfcc\"=>\"A74\",\"tiger:county\"=>\"Nicholas, WV\",\"tiger:reviewed\"=>\"no\""}, "geometry": {"type": "LineString", "coordinates": [[-80.9431007, 38.2956986, 0.0], [-80.943405, 38.295798, 0.0], [-80.943618, 38.295815, 0.0], [-80.943823, 38.29559, 0.0], [-80.943987, 38.295397, 0.0], [-80.944335, 38.295245, 0.0], [-80.94463, 38.295189, 0.0], [-80.944956, 38.295287, 0.0], [-80.945098, 38.2954, 0.0], [-80.945208, 38.295738, 0.0], [-80.945135, 38.296246, 0.0], [-80.945275, 38.296923, 0.0], [-80.945324, 38.297447, 0.0], [-80.945282, 38.297584, 0.0], [-80.94515, 38.297543, 0.0], [-80.944814, 38.297518, 0.0], [-80.94456, 38.297396, 0.0], [-80.944357, 38.297355, 0.0], [-80.944275, 38.297339, 0.0], [-80.944295, 38.297565, 0.0], [-80.944364, 38.297927, 0.0], [-80.944618, 38.298226, 0.0], [-80.945014, 38.298469, 0.0], [-80.945258, 38.298574, 0.0], [-80.945431, 38.298696, 0.0]]}}, {"type": "Feature", "properties": {"osm_id": "15618595", "name": null, "highway": "residential", "waterway": null, "aerialway": null, "barrier": null, "man_made": null, "railway": null, "z_order": 3, "other_tags": "\"tiger:cfcc\"=>\"A41\",\"tiger:county\"=>\"Nicholas, WV\",\"tiger:reviewed\"=>\"no\",\"tiger:separated\"=>\"no\",\"tiger:source\"=>\"tiger_import_dch_v0.6_20070828\",\"tiger:tlid\"=>\"50024281:50024279:50024255\",\"tiger:upload_uuid\"=>\"bulk_upload.pl-e0de079b-95e2-44a9-babc-21fee03bafaf\""}, "geometry": {"type": "LineString", "coordinates": [[-80.933543, 38.398224, 0.0], [-80.934095, 38.398613, 0.0], [-80.935433, 38.398499, 0.0], [-80.936219, 38.398522, 0.0], [-80.936713, 38.398636, 0.0], [-80.937208, 38.398934, 0.0], [-80.938255, 38.399117, 0.0], [-80.938374, 38.399164, 0.0], [-80.939477, 38.399598, 0.0], [-80.940029, 38.399987, 0.0], [-80.940407, 38.400124, 0.0], [-80.94043, 38.40034, 0.0], [-80.940466, 38.400674, 0.0], [-80.940579, 38.400775, 0.0]]}}, {"type": "Feature", "properties": {"osm_id": "15618664", "name": null, "highway": "residential", "waterway": null, "aerialway": null, "barrier": null, "man_made": null, "railway": null, "z_order": 3, "other_tags": "\"tiger:cfcc\"=>\"A41\",\"tiger:county\"=>\"Nicholas, WV\",\"tiger:reviewed\"=>\"no\""}, "geometry": {"type": "LineString", "coordinates": [[-80.921153, 38.39911319999999, 0.0], [-80.9212395, 38.3991306, 0.0], [-80.921317, 38.3991582, 0.0], [-80.9213698, 38.3992106, 0.0], [-80.9214085, 38.3993099, 0.0], [-80.9214437, 38.3995691, 0.0], [-80.9214675, 38.3996909, 0.0], [-80.9215228, 38.3998256, 0.0], [-80.921772, 38.400118, 0.0], [-80.922434, 38.401788, 0.0], [-80.922636, 38.402216, 0.0], [-80.922911, 38.402322, 0.0], [-80.923576, 38.402147, 0.0], [-80.924508, 38.401764, 0.0], [-80.925111, 38.401709, 0.0], [-80.926209, 38.402309, 0.0], [-80.927248, 38.402668, 0.0], [-80.928085, 38.402735, 0.0], [-80.930292, 38.402557, 0.0], [-80.93152, 38.402119, 0.0], [-80.931836, 38.402184, 0.0], [-80.931937, 38.402354, 0.0], [-80.931894, 38.402692, 0.0], [-80.931542, 38.403327, 0.0], [-80.931495, 38.404238, 0.0], [-80.93191, 38.404706, 0.0], [-80.932038, 38.404869, 0.0]]}}, {"type": "Feature", "properties": {"osm_id": "15618678", "name": null, "highway": "residential", "waterway": null, "aerialway": null, "barrier": null, "man_made": null, "railway": null, "z_order": 3, "other_tags": "\"tiger:cfcc\"=>\"A41\",\"tiger:county\"=>\"Nicholas, WV\",\"tiger:reviewed\"=>\"no\""}, "geometry": {"type": "LineString", "coordinates": [[-80.9242905, 38.4083331, 0.0], [-80.9240233, 38.4079487, 0.0], [-80.9238381, 38.4077123, 0.0], [-80.9235321, 38.4073709, 0.0], [-80.923011, 38.406831, 0.0], [-80.922941, 38.406841, 0.0], [-80.922575, 38.406899, 0.0], [-80.922441, 38.407073, 0.0], [-80.9224, 38.407128, 0.0], [-80.9224, 38.408158, 0.0], [-80.9223676, 38.4083523, 0.0], [-80.9220955, 38.4090591, 0.0], [-80.9220052, 38.4091512, 0.0], [-80.9218897, 38.4091895, 0.0], [-80.92176, 38.4091869, 0.0]]}}, {"type": "Feature", "properties": {"osm_id": "15618681", "name": null, "highway": "service", "waterway": null, "aerialway": null, "barrier": null, "man_made": null, "railway": null, "z_order": 0, "other_tags": "\"tiger:cfcc\"=>\"A41\",\"tiger:county\"=>\"Nicholas, WV\",\"tiger:reviewed\"=>\"no\""}, "geometry": {"type": "LineString", "coordinates": [[-80.965502, 38.2824416, 0.0], [-80.965605, 38.282958, 0.0], [-80.965766, 38.283498, 0.0], [-80.965845, 38.284055, 0.0]]}}, {"type": "Feature", "properties": {"osm_id": "15618700", "name": null, "highway": "service", "waterway": null, "aerialway": null, "barrier": null, "man_made": null, "railway": null, "z_order": 0, "other_tags": "\"access\"=>\"private\",\"surface\"=>\"unpaved\",\"tiger:cfcc\"=>\"A74\",\"tiger:county\"=>\"Nicholas, WV\",\"tiger:reviewed\"=>\"no\""}, "geometry": {"type": "LineString", "coordinates": [[-80.9182006, 38.3971588, 0.0], [-80.9181371, 38.3972129, 0.0], [-80.9180526, 38.397257, 0.0], [-80.9178733, 38.3972995, 0.0], [-80.9177396, 38.3973215, 0.0], [-80.917166, 38.3973712, 0.0], [-80.9169091, 38.3974043, 0.0], [-80.9167436, 38.3974319, 0.0], [-80.91668681368417, 38.39742803314299, 0.0]]}}, {"type": "Feature", "properties": {"osm_id": "15618791", "name": null, "highway": "residential", "waterway": null, "aerialway": null, "barrier": null, "man_made": null, "railway": null, "z_order": 3, "other_tags": "\"tiger:cfcc\"=>\"A41\",\"tiger:county\"=>\"Nicholas, WV\",\"tiger:reviewed\"=>\"no\",\"tiger:separated\"=>\"no\",\"tiger:source\"=>\"tiger_import_dch_v0.6_20070828\",\"tiger:tlid\"=>\"50035405\",\"tiger:upload_uuid\"=>\"bulk_upload.pl-e0de079b-95e2-44a9-babc-21fee03bafaf\""}, "geometry": {"type": "LineString", "coordinates": [[-80.946544, 38.304684, 0.0], [-80.947684, 38.305144, 0.0]]}}, {"type": "Feature", "properties": {"osm_id": "15618996", "name": null, "highway": "residential", "waterway": null, "aerialway": null, "barrier": null, "man_made": null, "railway": null, "z_order": 3, "other_tags": "\"tiger:cfcc\"=>\"A41\",\"tiger:county\"=>\"Nicholas, WV\",\"tiger:reviewed\"=>\"no\",\"tiger:separated\"=>\"no\",\"tiger:source\"=>\"tiger_import_dch_v0.6_20070828\",\"tiger:tlid\"=>\"50038570\",\"tiger:upload_uuid\"=>\"bulk_upload.pl-e0de079b-95e2-44a9-babc-21fee03bafaf\""}, "geometry": {"type": "LineString", "coordinates": [[-80.9969444, 38.271223, 0.0], [-80.996766, 38.2711051, 0.0]]}}, {"type": "Feature", "properties": {"osm_id": "15619301", "name": null, "highway": "residential", "waterway": null, "aerialway": null, "barrier": null, "man_made": null, "railway": null, "z_order": 3, "other_tags": "\"tiger:cfcc\"=>\"A41\",\"tiger:county\"=>\"Nicholas, WV\",\"tiger:reviewed\"=>\"no\",\"tiger:separated\"=>\"no\",\"tiger:source\"=>\"tiger_import_dch_v0.6_20070828\",\"tiger:tlid\"=>\"50026078\",\"tiger:upload_uuid\"=>\"bulk_upload.pl-e0de079b-95e2-44a9-babc-21fee03bafaf\""}, "geometry": {"type": "LineString", "coordinates": [[-80.9707864, 38.2909959, 0.0], [-80.9699276, 38.2910503, 0.0], [-80.969576, 38.291218, 0.0], [-80.968965, 38.291281, 0.0], [-80.968292, 38.291464, 0.0], [-80.967955, 38.291649, 0.0], [-80.967639, 38.291849, 0.0], [-80.967343, 38.291945, 0.0], [-80.967027, 38.291872, 0.0], [-80.966682, 38.291783, 0.0]]}}, {"type": "Feature", "properties": {"osm_id": "15619567", "name": null, "highway": "residential", "waterway": null, "aerialway": null, "barrier": null, "man_made": null, "railway": null, "z_order": 3, "other_tags": "\"tiger:cfcc\"=>\"A41\",\"tiger:county\"=>\"Nicholas, WV\""}, "geometry": {"type": "LineString", "coordinates": [[-80.9978724, 38.2708301, 0.0], [-80.997535, 38.2708065, 0.0], [-80.9972016, 38.270864, 0.0], [-80.99682760000002, 38.2709031, 0.0], [-80.9966718, 38.270897, 0.0], [-80.9965111, 38.2708769, 0.0], [-80.9963461, 38.2708249, 0.0], [-80.996181, 38.27074660000001, 0.0], [-80.9960516, 38.27067319999998, 0.0], [-80.9958615, 38.2706218, 0.0], [-80.9954072, 38.2705857, 0.0], [-80.9949443, 38.2704847, 0.0], [-80.994735, 38.2703309, 0.0]]}}, {"type": "Feature", "properties": {"osm_id": "15619635", "name": null, "highway": "track", "waterway": null, "aerialway": null, "barrier": null, "man_made": null, "railway": null, "z_order": 0, "other_tags": "\"tiger:cfcc\"=>\"A41\",\"tiger:county\"=>\"Nicholas, WV\",\"tiger:reviewed\"=>\"no\""}, "geometry": {"type": "LineString", "coordinates": [[-80.9659504, 38.3044023, 0.0], [-80.9652503, 38.304678, 0.0], [-80.9650612, 38.304738, 0.0], [-80.9648721, 38.30477169999999, 0.0], [-80.9646517, 38.3047811, 0.0], [-80.9645045, 38.3047893, 0.0]]}}, {"type": "Feature", "properties": {"osm_id": "15619753", "name": null, "highway": "residential", "waterway": null, "aerialway": null, "barrier": null, "man_made": null, "railway": null, "z_order": 3, "other_tags": "\"tiger:cfcc\"=>\"A41\",\"tiger:county\"=>\"Nicholas, WV\""}, "geometry": {"type": "LineString", "coordinates": [[-80.9926579, 38.2691021, 0.0], [-80.9927957, 38.2692178, 0.0], [-80.992981, 38.26928, 0.0], [-80.9932501, 38.2693293, 0.0], [-80.9939488, 38.2694285, 0.0], [-80.9941546, 38.269511299999984, 0.0], [-80.9943071, 38.2696975, 0.0], [-80.99444380000001, 38.269922, 0.0], [-80.9946608, 38.2702381, 0.0], [-80.994735, 38.2703309, 0.0]]}}, {"type": "Feature", "properties": {"osm_id": "15619841", "name": null, "highway": "track", "waterway": null, "aerialway": null, "barrier": null, "man_made": null, "railway": null, "z_order": 0, "other_tags": "\"tiger:cfcc\"=>\"A51\",\"tiger:county\"=>\"Nicholas, WV\",\"tiger:reviewed\"=>\"no\""}, "geometry": {"type": "LineString", "coordinates": [[-80.980305, 38.278265, 0.0], [-80.9803453, 38.27805930000001, 0.0], [-80.9802709, 38.2779859, 0.0], [-80.9801003, 38.2778823, 0.0], [-80.97969170000002, 38.2775536, 0.0], [-80.9792166, 38.2771781, 0.0], [-80.97868, 38.276908, 0.0], [-80.978275, 38.276384, 0.0], [-80.977595, 38.275915, 0.0], [-80.976781, 38.275647, 0.0], [-80.975835, 38.275435, 0.0], [-80.975346, 38.275514, 0.0], [-80.974735, 38.275521, 0.0], [-80.974043, 38.275439, 0.0], [-80.973515, 38.274898, 0.0], [-80.973079, 38.274494, 0.0], [-80.972603, 38.273913, 0.0], [-80.972197, 38.273557, 0.0], [-80.971974, 38.273258, 0.0], [-80.971995, 38.272928, 0.0], [-80.97225, 38.272888, 0.0], [-80.97288, 38.273261, 0.0], [-80.973347, 38.273528, 0.0], [-80.973632, 38.273681, 0.0], [-80.973784, 38.273722, 0.0], [-80.973826, 38.273601, 0.0], [-80.973897, 38.273448, 0.0], [-80.97394, 38.273062, 0.0], [-80.974053, 38.272692, 0.0], [-80.974186, 38.272442, 0.0], [-80.97438, 38.272241, 0.0], [-80.974564, 38.272129, 0.0], [-80.974606, 38.271911, 0.0], [-80.974364, 38.271057, 0.0], [-80.974275, 38.270517, 0.0], [-80.974195, 38.270122, 0.0], [-80.974531, 38.270002, 0.0], [-80.975031, 38.269826, 0.0], [-80.975437, 38.269924, 0.0], [-80.975926, 38.270021, 0.0], [-80.976252, 38.26999, 0.0], [-80.976395, 38.269813, 0.0], [-80.976253, 38.269499, 0.0], [-80.975898, 38.269151, 0.0], [-80.975819, 38.268515, 0.0], [-80.975973, 38.26812, 0.0], [-80.976188, 38.267823, 0.0], [-80.976413, 38.267493, 0.0], [-80.976669, 38.267228, 0.0], [-80.976935, 38.266826, 0.0], [-80.977101, 38.266077, 0.0], [-80.977091, 38.265964, 0.0], [-80.976593, 38.265649, 0.0], [-80.976249, 38.265148, 0.0], [-80.975804, 38.264293, 0.0], [-80.975613, 38.263697, 0.0], [-80.975584, 38.263261, 0.0], [-80.975554, 38.262931, 0.0], [-80.975474, 38.262633, 0.0], [-80.975424, 38.262463, 0.0], [-80.975328, 38.26214, 0.0]]}}, {"type": "Feature", "properties": {"osm_id": "15620002", "name": null, "highway": "track", "waterway": null, "aerialway": null, "barrier": null, "man_made": null, "railway": null, "z_order": 0, "other_tags": "\"tiger:cfcc\"=>\"A51\",\"tiger:county\"=>\"Nicholas, WV\",\"tiger:reviewed\"=>\"no\",\"tiger:separated\"=>\"no\",\"tiger:source\"=>\"tiger_import_dch_v0.6_20070828\",\"tiger:tlid\"=>\"50025972\",\"tiger:upload_uuid\"=>\"bulk_upload.pl-e0de079b-95e2-44a9-babc-21fee03bafaf\""}, "geometry": {"type": "LineString", "coordinates": [[-80.913507, 38.265235, 0.0], [-80.913171, 38.265301, 0.0], [-80.912855, 38.265356, 0.0], [-80.912478, 38.265363, 0.0], [-80.912337, 38.265185, 0.0], [-80.912195, 38.264927, 0.0], [-80.912186, 38.264685, 0.0], [-80.912106, 38.264419, 0.0], [-80.911811, 38.264265, 0.0], [-80.911568, 38.264152, 0.0], [-80.911232, 38.264086, 0.0], [-80.911049, 38.264126, 0.0], [-80.910906, 38.264109, 0.0], [-80.910713, 38.264109, 0.0], [-80.910621, 38.264068, 0.0], [-80.91052, 38.264052, 0.0], [-80.91058, 38.264173, 0.0], [-80.910773, 38.26427, 0.0], [-80.911068, 38.264303, 0.0], [-80.911261, 38.264401, 0.0], [-80.911372, 38.264578, 0.0], [-80.911341, 38.26482, 0.0], [-80.911269, 38.265021, 0.0], [-80.911217, 38.265238, 0.0], [-80.911155, 38.265383, 0.0], [-80.911012, 38.265584, 0.0], [-80.910919, 38.265705, 0.0], [-80.911, 38.265858, 0.0], [-80.911274, 38.266157, 0.0], [-80.911517, 38.266407, 0.0], [-80.911719, 38.26677, 0.0], [-80.911727, 38.267133, 0.0], [-80.911787, 38.267464, 0.0], [-80.911938, 38.267827, 0.0], [-80.911947, 38.268181, 0.0], [-80.911945, 38.268439, 0.0], [-80.911894, 38.268608, 0.0], [-80.911771, 38.268696, 0.0], [-80.911638, 38.268784, 0.0], [-80.911546, 38.268905, 0.0]]}}, {"type": "Feature", "properties": {"osm_id": "15620007", "name": null, "highway": "track", "waterway": null, "aerialway": null, "barrier": null, "man_made": null, "railway": null, "z_order": 0, "other_tags": "\"tiger:cfcc\"=>\"A51\",\"tiger:county\"=>\"Nicholas, WV\",\"tiger:reviewed\"=>\"no\",\"tiger:separated\"=>\"no\",\"tiger:source\"=>\"tiger_import_dch_v0.6_20070828\",\"tiger:tlid\"=>\"50025974\",\"tiger:upload_uuid\"=>\"bulk_upload.pl-e0de079b-95e2-44a9-babc-21fee03bafaf\""}, "geometry": {"type": "LineString", "coordinates": [[-80.9080147, 38.2731075, 0.0], [-80.908648, 38.272691, 0.0], [-80.908811, 38.272611, 0.0], [-80.909066, 38.272555, 0.0], [-80.909341, 38.27254, 0.0], [-80.909514, 38.272645, 0.0], [-80.909686, 38.272839, 0.0], [-80.909898, 38.273129, 0.0], [-80.910101, 38.273267, 0.0], [-80.910386, 38.273268, 0.0], [-80.910773, 38.273221, 0.0], [-80.911008, 38.273181, 0.0], [-80.911192, 38.273061, 0.0]]}}, {"type": "Feature", "properties": {"osm_id": "15620097", "name": null, "highway": "track", "waterway": null, "aerialway": null, "barrier": null, "man_made": null, "railway": null, "z_order": 0, "other_tags": "\"tiger:cfcc\"=>\"A51\",\"tiger:county\"=>\"Nicholas, WV\",\"tiger:reviewed\"=>\"no\",\"tiger:separated\"=>\"no\",\"tiger:source\"=>\"tiger_import_dch_v0.6_20070828\",\"tiger:tlid\"=>\"50026031\",\"tiger:upload_uuid\"=>\"bulk_upload.pl-e0de079b-95e2-44a9-babc-21fee03bafaf\""}, "geometry": {"type": "LineString", "coordinates": [[-80.96206363498524, 38.26188732013262, 0.0], [-80.96219, 38.26227, 0.0], [-80.962381, 38.262939, 0.0], [-80.962338, 38.263518, 0.0], [-80.962163, 38.264106, 0.0], [-80.961794, 38.264774, 0.0], [-80.961651, 38.265184, 0.0], [-80.961414, 38.265788, 0.0], [-80.96128, 38.266327, 0.0], [-80.961176, 38.266722, 0.0], [-80.961297, 38.267173, 0.0], [-80.961936, 38.267852, 0.0], [-80.962391, 38.268473, 0.0], [-80.962816, 38.269143, 0.0], [-80.963079, 38.269619, 0.0], [-80.963048, 38.26986, 0.0], [-80.963006, 38.270247, 0.0], [-80.962974, 38.270577, 0.0]]}}, {"type": "Feature", "properties": {"osm_id": "15620247", "name": null, "highway": "residential", "waterway": null, "aerialway": null, "barrier": null, "man_made": null, "railway": null, "z_order": 3, "other_tags": "\"tiger:cfcc\"=>\"A41\",\"tiger:county\"=>\"Nicholas, WV\",\"tiger:reviewed\"=>\"no\""}, "geometry": {"type": "LineString", "coordinates": [[-81.0125793, 38.2654166, 0.0], [-81.012361, 38.265174, 0.0], [-81.0121776, 38.2651175, 0.0], [-81.0118751, 38.2650352, 0.0], [-81.0116601, 38.2649504, 0.0], [-81.0115223, 38.2648586, 0.0], [-81.0113909, 38.264698, 0.0], [-81.0112698, 38.2645981, 0.0], [-81.0112093, 38.2645014, 0.0], [-81.0109318, 38.264138, 0.0], [-81.0108616, 38.2639567, 0.0]]}}, {"type": "Feature", "properties": {"osm_id": "15620269", "name": null, "highway": "service", "waterway": null, "aerialway": null, "barrier": null, "man_made": null, "railway": null, "z_order": 0, "other_tags": "\"service\"=>\"driveway\",\"tiger:cfcc\"=>\"A51\",\"tiger:county\"=>\"Nicholas, WV\""}, "geometry": {"type": "LineString", "coordinates": [[-80.9949443, 38.2704847, 0.0], [-80.994629, 38.270626, 0.0], [-80.9942879, 38.2707847, 0.0], [-80.9939026, 38.2709661, 0.0], [-80.9936735, 38.2710871, 0.0], [-80.9932841, 38.2712782, 0.0]]}}, {"type": "Feature", "properties": {"osm_id": "15620390", "name": "Holiday Road", "highway": "service", "waterway": null, "aerialway": null, "barrier": null, "man_made": null, "railway": null, "z_order": 0, "other_tags": "\"access\"=>\"private\",\"tiger:cfcc\"=>\"A74\",\"tiger:county\"=>\"Nicholas, WV\",\"tiger:name_base\"=>\"Holiday\",\"tiger:name_type\"=>\"Rd\",\"tiger:reviewed\"=>\"no\""}, "geometry": {"type": "LineString", "coordinates": [[-80.918979, 38.26862, 0.0], [-80.918297, 38.268756, 0.0], [-80.91807, 38.268808, 0.0], [-80.917838, 38.268867, 0.0], [-80.917501, 38.2691, 0.0], [-80.917215, 38.269397, 0.0], [-80.916959, 38.269638, 0.0], [-80.916734, 38.269823, 0.0], [-80.916652, 38.269911, 0.0]]}}, {"type": "Feature", "properties": {"osm_id": "15620472", "name": null, "highway": "track", "waterway": null, "aerialway": null, "barrier": null, "man_made": null, "railway": null, "z_order": 0, "other_tags": "\"tiger:cfcc\"=>\"A51\",\"tiger:county\"=>\"Nicholas, WV\",\"tiger:reviewed\"=>\"no\""}, "geometry": {"type": "LineString", "coordinates": [[-81.090067, 38.279186, 0.0], [-81.090297, 38.279472, 0.0], [-81.09233233446395, 38.27899121951479, 0.0]]}}, {"type": "Feature", "properties": {"osm_id": "15620570", "name": null, "highway": "service", "waterway": null, "aerialway": null, "barrier": null, "man_made": null, "railway": null, "z_order": 0, "other_tags": "\"access\"=>\"private\",\"tiger:cfcc\"=>\"A74\",\"tiger:county\"=>\"Nicholas, WV\",\"tiger:reviewed\"=>\"no\""}, "geometry": {"type": "LineString", "coordinates": [[-80.9081053, 38.2779642, 0.0], [-80.9080034, 38.2776232, 0.0], [-80.9079283, 38.2771179, 0.0], [-80.907939, 38.2767642, 0.0], [-80.9080618, 38.2759323, 0.0], [-80.9081617, 38.2754643, 0.0], [-80.9082339, 38.2751475, 0.0], [-80.908226, 38.2749465, 0.0], [-80.908202, 38.2747838, 0.0], [-80.9081211, 38.2744775, 0.0], [-80.9080876, 38.2742995, 0.0], [-80.9080083, 38.2738784, 0.0]]}}, {"type": "Feature", "properties": {"osm_id": "15620618", "name": null, "highway": "track", "waterway": null, "aerialway": null, "barrier": null, "man_made": null, "railway": null, "z_order": 0, "other_tags": "\"tiger:cfcc\"=>\"A51\",\"tiger:county\"=>\"Nicholas, WV\",\"tiger:reviewed\"=>\"no\",\"tiger:separated\"=>\"no\",\"tiger:source\"=>\"tiger_import_dch_v0.6_20070828\",\"tiger:tlid\"=>\"50032430:50032431\",\"tiger:upload_uuid\"=>\"bulk_upload.pl-e0de079b-95e2-44a9-babc-21fee03bafaf\""}, "geometry": {"type": "LineString", "coordinates": [[-81.096169, 38.324659, 0.0], [-81.096232, 38.324115, 0.0], [-81.096262, 38.323864, 0.0], [-81.096287, 38.323115, 0.0], [-81.096538, 38.321405, 0.0], [-81.096496, 38.321333, 0.0], [-81.096387, 38.321495, 0.0], [-81.096149, 38.321821, 0.0], [-81.095874, 38.321856, 0.0], [-81.095929, 38.32155, 0.0], [-81.096081, 38.321, 0.0], [-81.09581, 38.320199, 0.0], [-81.095319, 38.319641, 0.0], [-81.09512, 38.318895, 0.0], [-81.095523, 38.31765, 0.0], [-81.09613796271687, 38.31678708431569, 0.0]]}}, {"type": "Feature", "properties": {"osm_id": "15620905", "name": null, "highway": "residential", "waterway": null, "aerialway": null, "barrier": null, "man_made": null, "railway": null, "z_order": 3, "other_tags": "\"ref\"=>\"CR 24\",\"tiger:cfcc\"=>\"A41\",\"tiger:county\"=>\"Nicholas, WV\",\"tiger:name_base\"=>\"County Route 24\",\"tiger:name_base_1\"=>\"Sycamore\",\"tiger:reviewed\"=>\"no\""}, "geometry": {"type": "LineString", "coordinates": [[-81.09694555275581, 38.32480772161868, 0.0], [-81.096169, 38.324659, 0.0], [-81.096035, 38.324634, 0.0], [-81.095582, 38.324645, 0.0], [-81.095106, 38.324657, 0.0], [-81.09435, 38.324864, 0.0], [-81.093333, 38.32539, 0.0], [-81.092607, 38.325986, 0.0], [-81.0922, 38.326467, 0.0], [-81.091852, 38.327291, 0.0], [-81.091736, 38.328504, 0.0], [-81.091388, 38.329054, 0.0], [-81.090952, 38.329397, 0.0], [-81.089296, 38.330016, 0.0], [-81.088483, 38.330794, 0.0], [-81.08825, 38.330863, 0.0], [-81.086942, 38.330703, 0.0], [-81.085867, 38.330406, 0.0], [-81.085254, 38.330375, 0.0], [-81.084937, 38.33036, 0.0], [-81.083252, 38.330475, 0.0], [-81.082641, 38.330704, 0.0], [-81.081799, 38.331459, 0.0], [-81.081537, 38.33194, 0.0], [-81.080724, 38.33265, 0.0], [-81.079503, 38.333291, 0.0], [-81.079155, 38.333589, 0.0], [-81.07898, 38.333886, 0.0], [-81.078981, 38.334253, 0.0], [-81.07903, 38.335332, 0.0]]}}, {"type": "Feature", "properties": {"osm_id": "15621486", "name": "Jones Branch Road", "highway": "residential", "waterway": null, "aerialway": null, "barrier": null, "man_made": null, "railway": null, "z_order": 3, "other_tags": "\"ref\"=>\"CR 39/38\",\"tiger:cfcc\"=>\"A41\",\"tiger:county\"=>\"Nicholas, WV\",\"tiger:name_base\"=>\"Jones Branch\",\"tiger:name_base_1\"=>\"County Route 39/38\",\"tiger:name_type\"=>\"Rd\",\"tiger:reviewed\"=>\"no\""}, "geometry": {"type": "LineString", "coordinates": [[-80.971671, 38.28473549999999, 0.0], [-80.971942, 38.286728, 0.0], [-80.971913, 38.287231, 0.0], [-80.971594, 38.287918, 0.0], [-80.97174, 38.28888, 0.0], [-80.971682, 38.289338, 0.0], [-80.971247, 38.290185, 0.0], [-80.970782, 38.290643, 0.0], [-80.9707864, 38.2909959, 0.0], [-80.970761, 38.29325, 0.0], [-80.970755, 38.294053, 0.0], [-80.970842, 38.294442, 0.0], [-80.9710515, 38.296012, 0.0], [-80.9710085, 38.2963236, 0.0], [-80.9709388, 38.2966856, 0.0], [-80.97077250000001, 38.2968498, 0.0], [-80.9699088, 38.297355, 0.0], [-80.9698016, 38.2975403, 0.0], [-80.9697425, 38.29790229999998, 0.0], [-80.9695602, 38.2982981, 0.0], [-80.9691203, 38.29879489999998, 0.0], [-80.9689164, 38.2994158, 0.0], [-80.9675903, 38.3018314, 0.0], [-80.9667341, 38.3027276, 0.0], [-80.9661655, 38.3030728, 0.0], [-80.9653822, 38.3033843, 0.0], [-80.9649531, 38.3036789, 0.0], [-80.964642, 38.3041757, 0.0], [-80.9645508, 38.3045398, 0.0], [-80.9645045, 38.3047893, 0.0]]}}, {"type": "Feature", "properties": {"osm_id": "15621652", "name": "Hutchinson Branch Road", "highway": "residential", "waterway": null, "aerialway": null, "barrier": null, "man_made": null, "railway": null, "z_order": 3, "other_tags": "\"ref\"=>\"CR 19/17\",\"tiger:cfcc\"=>\"A41\",\"tiger:county\"=>\"Nicholas, WV\",\"tiger:name_base\"=>\"Hutchison\",\"tiger:name_base_1\"=>\"Hutchinson Branch\",\"tiger:name_base_2\"=>\"County Route 19/17\",\"tiger:name_type\"=>\"Br\",\"tiger:name_type_1\"=>\"Rd\",\"tiger:reviewed\"=>\"no\""}, "geometry": {"type": "LineString", "coordinates": [[-80.9360645, 38.3032082, 0.0], [-80.9361827, 38.3036719, 0.0], [-80.9362471, 38.3037729, 0.0], [-80.9363356, 38.3039234, 0.0], [-80.9364161, 38.3040045, 0.0], [-80.9366092, 38.3041539, 0.0], [-80.9368747, 38.3043097, 0.0], [-80.9377223, 38.3047896, 0.0], [-80.9381327, 38.3050884, 0.0], [-80.9382507, 38.3051937, 0.0], [-80.9383526, 38.3053179, 0.0], [-80.9384224, 38.3054336, 0.0], [-80.938468, 38.3055262, 0.0], [-80.938717, 38.306351, 0.0], [-80.939095, 38.306878, 0.0], [-80.939158, 38.307125, 0.0], [-80.93924, 38.30745, 0.0], [-80.940286, 38.308, 0.0], [-80.940373, 38.308114, 0.0], [-80.940286, 38.308297, 0.0], [-80.939647, 38.308618, 0.0], [-80.939502, 38.308801, 0.0], [-80.939502, 38.309236, 0.0], [-80.9397286, 38.3102639, 0.0], [-80.9398063, 38.3105128, 0.0], [-80.9398604, 38.3106207, 0.0], [-80.9399624, 38.3107622, 0.0], [-80.9400526, 38.3108872, 0.0], [-80.9403882, 38.3112376, 0.0], [-80.9405927, 38.3114711, 0.0], [-80.9408014, 38.3116479, 0.0], [-80.9409475, 38.3117493, 0.0], [-80.9418968, 38.31240860000001, 0.0], [-80.9436259, 38.3134162, 0.0], [-80.9445019, 38.3137738, 0.0], [-80.9446927, 38.3139936, 0.0], [-80.94481190000002, 38.3144286, 0.0], [-80.944794, 38.31458759999999, 0.0], [-80.944645, 38.3148589, 0.0], [-80.9441438, 38.3153155, 0.0], [-80.9438168, 38.3156901, 0.0], [-80.9434523, 38.3162625, 0.0], [-80.9433665, 38.3164266, 0.0], [-80.9433129, 38.3166497, 0.0], [-80.9433076, 38.3170074, 0.0], [-80.9433719, 38.3171926, 0.0]]}}, {"type": "Feature", "properties": {"osm_id": "15621817", "name": "Blue Spruce Road", "highway": "residential", "waterway": null, "aerialway": null, "barrier": null, "man_made": null, "railway": null, "z_order": 3, "other_tags": "\"ref\"=>\"CR 19/30\",\"tiger:cfcc\"=>\"A41\",\"tiger:county\"=>\"Nicholas, WV\",\"tiger:name_base\"=>\"Blue Spruce\",\"tiger:name_base_1\"=>\"County Route 19/30\",\"tiger:name_base_2\"=>\"Mc Clung\",\"tiger:name_type\"=>\"Rd\",\"tiger:reviewed\"=>\"no\""}, "geometry": {"type": "LineString", "coordinates": [[-80.9142001, 38.297381, 0.0], [-80.9142042, 38.2975061, 0.0], [-80.9142391, 38.2975914, 0.0], [-80.9141936, 38.2977506, 0.0], [-80.9141996, 38.297987, 0.0], [-80.9143319, 38.2981823, 0.0], [-80.9144215, 38.2984411, 0.0], [-80.9144504, 38.2985818, 0.0], [-80.9144638, 38.29888360000001, 0.0], [-80.9144158, 38.2993441, 0.0], [-80.9143045, 38.29945, 0.0], [-80.9141614, 38.2994956, 0.0], [-80.9137857, 38.2995052, 0.0], [-80.91362230000001, 38.299602, 0.0], [-80.9128153, 38.3003081, 0.0], [-80.9126375, 38.3005758, 0.0], [-80.9124643, 38.3007738, 0.0], [-80.9121968, 38.3010194, 0.0], [-80.9119966, 38.3010867, 0.0], [-80.911513, 38.3011268, 0.0], [-80.9111062, 38.3011682, 0.0], [-80.9105593, 38.3014326, 0.0], [-80.9101892, 38.3015906, 0.0], [-80.9098839, 38.3020602, 0.0], [-80.90926178698817, 38.30269964829577, 0.0]]}}, {"type": "Feature", "properties": {"osm_id": "15621937", "name": "Turkey Creek Road", "highway": "residential", "waterway": null, "aerialway": null, "barrier": null, "man_made": null, "railway": null, "z_order": 3, "other_tags": "\"tiger:cfcc\"=>\"A41\",\"tiger:county\"=>\"Nicholas, WV\",\"tiger:name_base\"=>\"Turkey Creek\",\"tiger:name_type\"=>\"Rd\",\"tiger:reviewed\"=>\"no\""}, "geometry": {"type": "LineString", "coordinates": [[-80.97577033372436, 38.26133247073829, 0.0], [-80.97536, 38.26208, 0.0], [-80.975328, 38.26214, 0.0], [-80.974834, 38.262598, 0.0], [-80.974689, 38.262942, 0.0], [-80.974225, 38.263583, 0.0], [-80.972194, 38.265575, 0.0], [-80.972049, 38.26585, 0.0]]}}, {"type": "Feature", "properties": {"osm_id": "15622027", "name": "Camp Fork Road", "highway": "unclassified", "waterway": null, "aerialway": null, "barrier": null, "man_made": null, "railway": null, "z_order": 3, "other_tags": "\"ref\"=>\"CR 19/15\",\"tiger:cfcc\"=>\"A41\",\"tiger:county\"=>\"Nicholas, WV\",\"tiger:name_base\"=>\"Camp Fork\",\"tiger:name_base_1\"=>\"County Route 19/15\",\"tiger:name_type\"=>\"Rd\",\"tiger:reviewed\"=>\"no\""}, "geometry": {"type": "LineString", "coordinates": [[-80.9098221, 38.2826086, 0.0], [-80.9099881, 38.2836707, 0.0], [-80.9100582, 38.284044, 0.0], [-80.910167, 38.284648, 0.0], [-80.910601, 38.286868, 0.0], [-80.911066, 38.288654, 0.0], [-80.911211, 38.289936, 0.0], [-80.9113401, 38.2906545, 0.0], [-80.9114072, 38.2908566, 0.0], [-80.9116325, 38.2913681, 0.0], [-80.9119821, 38.2927245, 0.0], [-80.9121045, 38.2931744, 0.0], [-80.912185, 38.2934354, 0.0], [-80.9122762, 38.2936733, 0.0], [-80.9125498, 38.2942459, 0.0], [-80.9126182, 38.29440550000001, 0.0], [-80.9128314, 38.2949027, 0.0], [-80.9134108, 38.2962688, 0.0], [-80.913738, 38.2968035, 0.0], [-80.9142001, 38.297381, 0.0], [-80.9150577, 38.298323299999986, 0.0], [-80.91576580000002, 38.2996537, 0.0], [-80.9158422, 38.2999726, 0.0], [-80.9158824, 38.3001368, 0.0], [-80.9159021, 38.3005734, 0.0], [-80.9159052, 38.3014681, 0.0], [-80.9159347, 38.30174169999999, 0.0], [-80.916029, 38.302137, 0.0], [-80.9163898, 38.3032747, 0.0]]}}, {"type": "Feature", "properties": {"osm_id": "15622187", "name": "Open Lane Road", "highway": "residential", "waterway": null, "aerialway": null, "barrier": null, "man_made": null, "railway": null, "z_order": 3, "other_tags": "\"tiger:cfcc\"=>\"A41\",\"tiger:county\"=>\"Nicholas, WV\",\"tiger:name_base\"=>\"Open Lane\",\"tiger:name_type\"=>\"Rd\",\"tiger:reviewed\"=>\"no\""}, "geometry": {"type": "LineString", "coordinates": [[-80.9251437, 38.304323, 0.0], [-80.9252503, 38.3043574, 0.0], [-80.925367, 38.3043445, 0.0], [-80.9255506, 38.3042568, 0.0], [-80.9257593, 38.3041855, 0.0], [-80.9260916, 38.3041251, 0.0], [-80.926436, 38.304308, 0.0]]}}, {"type": "Feature", "properties": {"osm_id": "15622213", "name": "Jim Young Fork Road", "highway": "residential", "waterway": null, "aerialway": null, "barrier": null, "man_made": null, "railway": null, "z_order": 3, "other_tags": "\"tiger:cfcc\"=>\"A41\",\"tiger:county\"=>\"Nicholas, WV\",\"tiger:name_base\"=>\"Jim Young Fork\",\"tiger:name_type\"=>\"Rd\",\"tiger:reviewed\"=>\"no\""}, "geometry": {"type": "LineString", "coordinates": [[-80.9204386, 38.3976048, 0.0], [-80.920627, 38.397193, 0.0], [-80.921034, 38.39685, 0.0], [-80.921383, 38.39685, 0.0], [-80.921965, 38.39701, 0.0], [-80.92214, 38.397147, 0.0], [-80.922343, 38.397674, 0.0], [-80.922634, 38.397903, 0.0], [-80.92307, 38.39788, 0.0], [-80.923623, 38.397605, 0.0], [-80.924437, 38.397606, 0.0], [-80.924554, 38.397148, 0.0], [-80.924699, 38.397033, 0.0], [-80.925311, 38.397125, 0.0], [-80.926271, 38.396782, 0.0], [-80.926795, 38.396782, 0.0], [-80.928889, 38.397171, 0.0], [-80.929361, 38.397364, 0.0]]}}, {"type": "Feature", "properties": {"osm_id": "15622264", "name": "Fence Lane", "highway": "residential", "waterway": null, "aerialway": null, "barrier": null, "man_made": null, "railway": null, "z_order": 3, "other_tags": "\"tiger:cfcc\"=>\"A41\",\"tiger:county\"=>\"Nicholas, WV\",\"tiger:name_base\"=>\"Fence\",\"tiger:name_type\"=>\"Ln\",\"tiger:reviewed\"=>\"no\""}, "geometry": {"type": "LineString", "coordinates": [[-80.9244211, 38.304768, 0.0], [-80.9243783, 38.3043391, 0.0]]}}, {"type": "Feature", "properties": {"osm_id": "15622421", "name": "Trail", "highway": "track", "waterway": null, "aerialway": null, "barrier": null, "man_made": null, "railway": null, "z_order": 0, "other_tags": "\"tiger:cfcc\"=>\"A51\",\"tiger:county\"=>\"Nicholas, WV\",\"tiger:name_base\"=>\"Trail\",\"tiger:reviewed\"=>\"no\",\"tiger:separated\"=>\"no\",\"tiger:source\"=>\"tiger_import_dch_v0.6_20070828\",\"tiger:tlid\"=>\"50026167:50026123\",\"tiger:upload_uuid\"=>\"bulk_upload.pl-e0de079b-95e2-44a9-babc-21fee03bafaf\""}, "geometry": {"type": "LineString", "coordinates": [[-80.911546, 38.268905, 0.0], [-80.911551, 38.269256, 0.0], [-80.911579, 38.269756, 0.0], [-80.911708, 38.270441, 0.0], [-80.911919, 38.271264, 0.0], [-80.912099, 38.272022, 0.0], [-80.912127, 38.272449, 0.0], [-80.912085, 38.272578, 0.0], [-80.912004, 38.272835, 0.0], [-80.91186, 38.273093, 0.0], [-80.9116191, 38.2733748, 0.0]]}}, {"type": "Feature", "properties": {"osm_id": "15622424", "name": "Trail", "highway": "track", "waterway": null, "aerialway": null, "barrier": null, "man_made": null, "railway": null, "z_order": 0, "other_tags": "\"tiger:cfcc\"=>\"A51\",\"tiger:county\"=>\"Nicholas, WV\",\"tiger:name_base\"=>\"Trail\",\"tiger:reviewed\"=>\"no\",\"tiger:separated\"=>\"no\",\"tiger:source\"=>\"tiger_import_dch_v0.6_20070828\",\"tiger:tlid\"=>\"50032443\",\"tiger:upload_uuid\"=>\"bulk_upload.pl-e0de079b-95e2-44a9-babc-21fee03bafaf\""}, "geometry": {"type": "LineString", "coordinates": [[-81.091072, 38.278457, 0.0], [-81.09083, 38.278565, 0.0], [-81.090537, 38.278721, 0.0], [-81.090214, 38.278878, 0.0], [-81.090114, 38.278976, 0.0], [-81.090067, 38.279186, 0.0]]}}, {"type": "Feature", "properties": {"osm_id": "15622530", "name": "Hutchinson Branch Road", "highway": "residential", "waterway": null, "aerialway": null, "barrier": null, "man_made": null, "railway": null, "z_order": 3, "other_tags": "\"tiger:cfcc\"=>\"A41\",\"tiger:county\"=>\"Nicholas, WV\",\"tiger:name_base\"=>\"Hutchinson Branch\",\"tiger:name_type\"=>\"Rd\",\"tiger:reviewed\"=>\"no\""}, "geometry": {"type": "LineString", "coordinates": [[-80.9364161, 38.3040045, 0.0], [-80.9362485, 38.3043436, 0.0], [-80.935995, 38.3048569, 0.0], [-80.935978, 38.304926, 0.0], [-80.935936, 38.3050969, 0.0], [-80.9358877, 38.305181, 0.0], [-80.935759, 38.3052779, 0.0], [-80.935441, 38.305411, 0.0], [-80.935176, 38.30558, 0.0], [-80.935133, 38.305634, 0.0], [-80.935068, 38.305715, 0.0], [-80.935022, 38.305773, 0.0], [-80.934889, 38.305974, 0.0], [-80.934848, 38.306046, 0.0], [-80.934694, 38.30615, 0.0], [-80.93447, 38.306311, 0.0], [-80.934316, 38.306407, 0.0], [-80.934255, 38.306528, 0.0]]}}, {"type": "Feature", "properties": {"osm_id": "15622590", "name": "Whitewater Road", "highway": "residential", "waterway": null, "aerialway": null, "barrier": null, "man_made": null, "railway": null, "z_order": 3, "other_tags": "\"ref\"=>\"CR 9\",\"tiger:cfcc\"=>\"A41\",\"tiger:county\"=>\"Nicholas, WV\",\"tiger:name_base\"=>\"County Route 9:White Water:Whitewater\",\"tiger:name_base_1\"=>\"Cooper Creek:County Route 9\",\"tiger:name_base_2\"=>\"Whitewater\",\"tiger:name_type\"=>\"Rd\",\"tiger:name_type_1\"=>\"Rd\",\"tiger:reviewed\"=>\"no\""}, "geometry": {"type": "LineString", "coordinates": [[-80.934157, 38.263016985255796, 0.0], [-80.934157, 38.263201, 0.0], [-80.933983, 38.263544, 0.0], [-80.933983, 38.263979, 0.0], [-80.934186, 38.264483, 0.0], [-80.934186, 38.265284, 0.0], [-80.934041, 38.265673, 0.0], [-80.933489, 38.266474, 0.0], [-80.933471, 38.266636, 0.0], [-80.933402, 38.267275, 0.0], [-80.932909, 38.268031, 0.0], [-80.932926, 38.268311, 0.0], [-80.932938, 38.268512, 0.0], [-80.933025, 38.268626, 0.0], [-80.933025, 38.269427, 0.0], [-80.93285, 38.270228, 0.0], [-80.933025, 38.270526, 0.0], [-80.9331403, 38.2707276, 0.0], [-80.93313840000002, 38.2709955, 0.0], [-80.9330821, 38.2713746, 0.0], [-80.933007, 38.2717199, 0.0], [-80.9328112, 38.2722632, 0.0], [-80.9328085, 38.2724527, 0.0], [-80.932889, 38.2727601, 0.0], [-80.9328944, 38.2732023, 0.0], [-80.9328568, 38.2741625, 0.0], [-80.9327897, 38.2746468, 0.0], [-80.9327334, 38.2747563, 0.0], [-80.93261, 38.2748911, 0.0], [-80.9325537, 38.2749922, 0.0], [-80.9325457, 38.2751048, 0.0], [-80.9325752, 38.2751964, 0.0], [-80.932602, 38.2752259, 0.0], [-80.9326261, 38.2752575, 0.0], [-80.9326932, 38.2752954, 0.0], [-80.9333718, 38.2755102, 0.0], [-80.9334978, 38.2756049, 0.0], [-80.9335971, 38.2757039, 0.0], [-80.9337553, 38.2759481, 0.0], [-80.9338814, 38.2762556, 0.0], [-80.9339994, 38.2766388, 0.0], [-80.934099, 38.277005, 0.0], [-80.9341979, 38.2771989, 0.0], [-80.9344447, 38.2774768, 0.0], [-80.9346861, 38.2775779, 0.0], [-80.9351957, 38.2779653, 0.0], [-80.9354988, 38.2780579, 0.0], [-80.9358126, 38.2781127, 0.0], [-80.9363249, 38.2781148, 0.0], [-80.9365073, 38.2782074, 0.0], [-80.9366146, 38.2783001, 0.0], [-80.9367272, 38.2784285, 0.0], [-80.9368962, 38.2786728, 0.0], [-80.9373254, 38.279355, 0.0], [-80.9373951, 38.2794266, 0.0], [-80.9376481, 38.2795671, 0.0], [-80.9384412, 38.2800077, 0.0], [-80.93921, 38.280323, 0.0], [-80.9396213, 38.2805088, 0.0], [-80.94024360000002, 38.2811067, 0.0], [-80.9405708, 38.281304699999986, 0.0], [-80.9408766, 38.2813257, 0.0], [-80.9412092, 38.28132569999999, 0.0], [-80.941736, 38.28133, 0.0], [-80.94325310000002, 38.281591, 0.0], [-80.9451279, 38.2820921, 0.0], [-80.9454498, 38.2821826, 0.0], [-80.9457582, 38.28229, 0.0], [-80.9461391, 38.2825553, 0.0], [-80.9462786, 38.2827069, 0.0], [-80.9464717, 38.2832333, 0.0], [-80.9465522, 38.28365010000001, 0.0], [-80.9466541, 38.2837596, 0.0], [-80.946819, 38.283871, 0.0], [-80.947487, 38.284054, 0.0], [-80.9488524, 38.2848067, 0.0], [-80.9491793, 38.2850282, 0.0], [-80.9492052, 38.2851257, 0.0], [-80.9491754, 38.285465, 0.0], [-80.9491976, 38.2855914, 0.0], [-80.9492236, 38.2856629, 0.0], [-80.9493041, 38.2857639, 0.0], [-80.9494516, 38.2858818, 0.0], [-80.9495867, 38.285972, 0.0]]}}, {"type": "Feature", "properties": {"osm_id": "15622591", "name": "Keenan Branch Road", "highway": "residential", "waterway": null, "aerialway": null, "barrier": null, "man_made": null, "railway": null, "z_order": 3, "other_tags": "\"tiger:cfcc\"=>\"A41\",\"tiger:county\"=>\"Nicholas, WV\",\"tiger:name_base\"=>\"Keenan Branch\",\"tiger:name_type\"=>\"Rd\",\"tiger:reviewed\"=>\"no\",\"tiger:zip_left\"=>\"26651\",\"tiger:zip_right\"=>\"26651\""}, "geometry": {"type": "LineString", "coordinates": [[-80.960263, 38.272835, 0.0], [-80.960292, 38.273339, 0.0], [-80.960495, 38.273636, 0.0], [-80.9609234, 38.2741394, 0.0], [-80.960989, 38.2743, 0.0], [-80.960902, 38.274531, 0.0], [-80.960263, 38.275239, 0.0], [-80.960263, 38.275468, 0.0], [-80.9605345, 38.276023899999984, 0.0], [-80.9605211, 38.2762556, 0.0], [-80.9604701, 38.2768936, 0.0], [-80.9605479, 38.27725779999999, 0.0], [-80.9606203, 38.2776073, 0.0], [-80.96069280000002, 38.2780895, 0.0], [-80.960903, 38.278444, 0.0], [-80.961252, 38.278833, 0.0], [-80.9613365, 38.2789823, 0.0], [-80.9613459, 38.2793393, 0.0]]}}, {"type": "Feature", "properties": {"osm_id": "15622599", "name": "Line Creek Road", "highway": "residential", "waterway": null, "aerialway": null, "barrier": null, "man_made": null, "railway": null, "z_order": 3, "other_tags": "\"name_1\"=>\"CR 19/23\",\"tiger:cfcc\"=>\"A41\",\"tiger:county\"=>\"Nicholas, WV\",\"tiger:name_base\"=>\"Line Creek\",\"tiger:name_base_1\"=>\"County Route 19/23\",\"tiger:name_type\"=>\"Rd\",\"tiger:reviewed\"=>\"no\""}, "geometry": {"type": "LineString", "coordinates": [[-81.0332585, 38.2624895, 0.0], [-81.0335797, 38.26311409999999, 0.0], [-81.0337995, 38.2636003, 0.0], [-81.0340439, 38.2640098, 0.0], [-81.0343381, 38.2644941, 0.0], [-81.0345054, 38.2648728, 0.0], [-81.0346047, 38.2650448, 0.0], [-81.0346994, 38.2651547, 0.0], [-81.0348619, 38.2653001, 0.0], [-81.0352211, 38.2655421, 0.0], [-81.0353591, 38.2656576, 0.0], [-81.035671, 38.266034, 0.0], [-81.03584250000002, 38.2662033, 0.0], [-81.0360537, 38.2663505, 0.0], [-81.036387, 38.266509, 0.0], [-81.0365641, 38.2665985, 0.0], [-81.0371875, 38.2670442, 0.0], [-81.0374851, 38.2673177, 0.0], [-81.0378994, 38.2677028, 0.0], [-81.0381253, 38.2680926, 0.0], [-81.03832920000002, 38.2684368, 0.0], [-81.0385316, 38.2687641, 0.0], [-81.0386996, 38.2689819, 0.0], [-81.0388666, 38.2691559, 0.0], [-81.039241, 38.269629, 0.0], [-81.039647, 38.270385, 0.0], [-81.040402, 38.270866, 0.0], [-81.0409008, 38.2714554, 0.0], [-81.0412809, 38.2718204, 0.0], [-81.0418087, 38.2723339, 0.0], [-81.0420701, 38.2725054, 0.0], [-81.0422625, 38.2726247, 0.0], [-81.0427182, 38.2727866, 0.0], [-81.043021, 38.2729149, 0.0], [-81.043102, 38.273018, 0.0], [-81.0432619, 38.2732456, 0.0], [-81.0434449, 38.273411, 0.0], [-81.043625, 38.273522, 0.0], [-81.044205, 38.273819, 0.0], [-81.0443189, 38.2738982, 0.0], [-81.0444082, 38.2740858, 0.0], [-81.0444769, 38.2741841, 0.0], [-81.0445862, 38.2742277, 0.0], [-81.0446232, 38.2742278, 0.0], [-81.044723, 38.2742279, 0.0], [-81.0448263, 38.2741822, 0.0], [-81.044888, 38.274102, 0.0], [-81.0449349, 38.273807, 0.0], [-81.04502730000002, 38.2736792, 0.0], [-81.0451923, 38.2736294, 0.0], [-81.0453647, 38.273628, 0.0], [-81.0456019, 38.2736251, 0.0], [-81.0457306, 38.2736531, 0.0], [-81.045919, 38.273682, 0.0], [-81.0460725, 38.2737003, 0.0], [-81.0464034, 38.273819299999985, 0.0], [-81.0466956, 38.27384820000001, 0.0]]}}, {"type": "Feature", "properties": {"osm_id": "15622607", "name": "Delta Road 3", "highway": "residential", "waterway": null, "aerialway": null, "barrier": null, "man_made": null, "railway": null, "z_order": 3, "other_tags": "\"name_1\"=>\"Deal Fork\",\"tiger:cfcc\"=>\"A41\",\"tiger:county\"=>\"Nicholas, WV\",\"tiger:name_base\"=>\"Delta Road 3\",\"tiger:name_base_1\"=>\"Deal Fork\",\"tiger:reviewed\"=>\"no\""}, "geometry": {"type": "LineString", "coordinates": [[-80.9902371, 38.2731463, 0.0], [-80.990282, 38.273461, 0.0], [-80.990462, 38.273855, 0.0], [-80.991858, 38.276144, 0.0], [-80.991829, 38.276625, 0.0], [-80.991423, 38.277174, 0.0]]}}, {"type": "Feature", "properties": {"osm_id": "15622787", "name": null, "highway": "unclassified", "waterway": null, "aerialway": null, "barrier": null, "man_made": null, "railway": null, "z_order": 3, "other_tags": "\"ref\"=>\"CR 20/1\",\"tiger:cfcc\"=>\"A41\",\"tiger:county\"=>\"Nicholas, WV\",\"tiger:name_base\"=>\"County Route 20/1\",\"tiger:name_base_1\"=>\"Twentymile Creek\",\"tiger:reviewed\"=>\"no\""}, "geometry": {"type": "LineString", "coordinates": [[-81.09325944095438, 38.288198842866336, 0.0], [-81.0932081, 38.2882124, 0.0], [-81.0928353, 38.2883829, 0.0], [-81.09197080000001, 38.2889245, 0.0], [-81.0909945, 38.2895644, 0.0], [-81.0905492, 38.289836, 0.0], [-81.09023, 38.2899665, 0.0], [-81.0896426, 38.2901244, 0.0], [-81.0887817, 38.2903244, 0.0], [-81.0879716, 38.2905055, 0.0], [-81.0874647, 38.2906571, 0.0], [-81.0870409, 38.2908486, 0.0], [-81.0867834, 38.2910002, 0.0], [-81.0862926, 38.2914044, 0.0], [-81.0855603, 38.2920233, 0.0], [-81.0853699, 38.2922423, 0.0], [-81.0852438, 38.2924212, 0.0], [-81.0851508, 38.292627, 0.0], [-81.0851186, 38.2929554, 0.0], [-81.0851285, 38.2931833, 0.0], [-81.0852063, 38.2933938, 0.0], [-81.0853136, 38.293638, 0.0], [-81.0857829, 38.294139, 0.0], [-81.08611820000002, 38.2944905, 0.0], [-81.0862926, 38.2947726, 0.0], [-81.0864294, 38.29512, 0.0], [-81.0864803, 38.2954462, 0.0], [-81.0864615, 38.2957746, 0.0], [-81.0864159, 38.2959851, 0.0], [-81.0861665, 38.2964504, 0.0], [-81.0860056, 38.2966545, 0.0], [-81.0857186, 38.29689029999999, 0.0], [-81.0854047, 38.2970882, 0.0], [-81.0849917, 38.2972482, 0.0], [-81.0836855, 38.2975492, 0.0], [-81.0825643, 38.2977912, 0.0], [-81.0821861, 38.2978397, 0.0], [-81.080786, 38.2979386, 0.0], [-81.0800698, 38.2980017, 0.0], [-81.0796997, 38.2980628, 0.0], [-81.0793322, 38.29816169999999, 0.0], [-81.0791042, 38.2982565, 0.0], [-81.0787073, 38.2984438, 0.0], [-81.0784444, 38.2986143, 0.0], [-81.0780501, 38.2989069, 0.0], [-81.07712750000002, 38.299612, 0.0], [-81.0762316, 38.3002877, 0.0], [-81.0757729, 38.3005993, 0.0], [-81.07533040000001, 38.3008034, 0.0], [-81.0749388, 38.3009318, 0.0], [-81.074464, 38.3010455, 0.0], [-81.07387930000002, 38.3011592, 0.0], [-81.0733482, 38.3012749, 0.0], [-81.0728815, 38.3014349, 0.0], [-81.0724899, 38.30162009999999, 0.0], [-81.0723209, 38.3017443, 0.0], [-81.0720608, 38.3019359, 0.0], [-81.0717711, 38.30215479999998, 0.0], [-81.0714814, 38.3023968, 0.0], [-81.0706794, 38.3030136, 0.0], [-81.0701188, 38.3034219, 0.0], [-81.0697997, 38.3035966, 0.0], [-81.0693356, 38.3037924, 0.0], [-81.0688287, 38.3039439, 0.0], [-81.0679489, 38.3042323, 0.0], [-81.067324, 38.3044238, 0.0], [-81.0669914, 38.3045838, 0.0], [-81.0665435, 38.3048448, 0.0], [-81.0663396, 38.3050068, 0.0], [-81.0661116, 38.305211, 0.0], [-81.0658863, 38.305472, 0.0], [-81.0657227, 38.3057119, 0.0], [-81.0654464, 38.306196, 0.0], [-81.06529890000002, 38.3064128, 0.0], [-81.0650146, 38.3067664, 0.0], [-81.064741, 38.3069769, 0.0], [-81.0644862, 38.3071305, 0.0], [-81.063365, 38.3076357, 0.0], [-81.0629439, 38.3078125, 0.0], [-81.0627669, 38.3079156, 0.0], [-81.0624928, 38.3081369, 0.0]]}}, {"type": "Feature", "properties": {"osm_id": "15622813", "name": "Garden Road", "highway": "residential", "waterway": null, "aerialway": null, "barrier": null, "man_made": null, "railway": null, "z_order": 3, "other_tags": "\"ref\"=>\"CR 19/16\",\"tiger:cfcc\"=>\"A41\",\"tiger:county\"=>\"Nicholas, WV\",\"tiger:name_base\"=>\"Garden\",\"tiger:name_base_1\"=>\"County Route 19/16\",\"tiger:name_type\"=>\"Rd\",\"tiger:reviewed\"=>\"no\""}, "geometry": {"type": "LineString", "coordinates": [[-80.9274912, 38.3031808, 0.0], [-80.9274946, 38.3032362, 0.0], [-80.927646, 38.3033038, 0.0], [-80.9280682, 38.30342790000001, 0.0], [-80.928428, 38.303619, 0.0], [-80.928723, 38.303902, 0.0], [-80.93064, 38.305184, 0.0], [-80.930989, 38.30571, 0.0], [-80.931018, 38.306626, 0.0], [-80.930495, 38.307908, 0.0], [-80.930698, 38.308801, 0.0], [-80.931483, 38.309556, 0.0], [-80.931453, 38.309831, 0.0], [-80.931047, 38.31038, 0.0], [-80.931192, 38.311021, 0.0], [-80.931163, 38.311387, 0.0], [-80.9309095, 38.3116677, 0.0], [-80.9294558, 38.3122528, 0.0], [-80.9290159, 38.3123328, 0.0], [-80.928517, 38.3123243, 0.0], [-80.9278089, 38.31218539999998, 0.0], [-80.92744410000002, 38.3122023, 0.0], [-80.9268862, 38.3123454, 0.0], [-80.925875, 38.312806, 0.0], [-80.925817, 38.312944, 0.0], [-80.925846, 38.313127, 0.0], [-80.926688, 38.313539, 0.0], [-80.927037, 38.313928, 0.0], [-80.927008, 38.314546, 0.0], [-80.926659, 38.315599, 0.0], [-80.927473, 38.315805, 0.0], [-80.927937, 38.316125, 0.0], [-80.928257, 38.316537, 0.0], [-80.928228, 38.317155, 0.0], [-80.927602, 38.318139, 0.0], [-80.927559, 38.318208, 0.0], [-80.927123, 38.319009, 0.0], [-80.925706, 38.3211546, 0.0], [-80.925293, 38.3215081, 0.0], [-80.9243918, 38.3236208, 0.0], [-80.9239894, 38.32419320000001, 0.0], [-80.9234905, 38.3246877, 0.0], [-80.923335, 38.3249738, 0.0], [-80.9231526, 38.3252832, 0.0], [-80.92268050000001, 38.3263247, 0.0], [-80.9226269, 38.3265625, 0.0], [-80.9225249, 38.3267982, 0.0], [-80.9224116, 38.3269213, 0.0], [-80.9210873, 38.3274168, 0.0], [-80.9202504, 38.327501, 0.0], [-80.9175038, 38.32835939999999, 0.0], [-80.911749, 38.328782, 0.0], [-80.91131373867141, 38.32887841864874, 0.0]]}}, {"type": "Feature", "properties": {"osm_id": "15622814", "name": "Garden Road", "highway": "residential", "waterway": null, "aerialway": null, "barrier": null, "man_made": null, "railway": null, "z_order": 3, "other_tags": "\"tiger:cfcc\"=>\"A41\",\"tiger:county\"=>\"Nicholas, WV\",\"tiger:name_base\"=>\"Garden\",\"tiger:name_type\"=>\"Rd\",\"tiger:reviewed\"=>\"no\""}, "geometry": {"type": "LineString", "coordinates": [[-80.925817, 38.312944, 0.0], [-80.925566, 38.313009, 0.0], [-80.925207, 38.313104, 0.0], [-80.924684, 38.313493, 0.0], [-80.923492, 38.313859, 0.0], [-80.922969, 38.314248, 0.0], [-80.922359, 38.314454, 0.0], [-80.921488, 38.314614, 0.0], [-80.920354, 38.315187, 0.0], [-80.919366, 38.315461, 0.0], [-80.91864, 38.31585, 0.0]]}}, {"type": "Feature", "properties": {"osm_id": "15622820", "name": "Garden Road", "highway": "residential", "waterway": null, "aerialway": null, "barrier": null, "man_made": null, "railway": null, "z_order": 3, "other_tags": "\"ref\"=>\"CR 19/16\",\"tiger:cfcc\"=>\"A41\",\"tiger:county\"=>\"Nicholas, WV\",\"tiger:name_base\"=>\"Garden\",\"tiger:name_base_1\"=>\"County Route 19/16\",\"tiger:name_type\"=>\"Rd\",\"tiger:reviewed\"=>\"no\""}, "geometry": {"type": "LineString", "coordinates": [[-80.93086390000002, 38.3031036, 0.0], [-80.9307835, 38.3032972, 0.0], [-80.9302136, 38.303505399999985, 0.0], [-80.929827, 38.303558, 0.0], [-80.92881, 38.303261, 0.0], [-80.9280728, 38.3031222, 0.0], [-80.9277025, 38.3031238, 0.0], [-80.9275531, 38.3031468, 0.0], [-80.9274912, 38.3031808, 0.0]]}}, {"type": "Feature", "properties": {"osm_id": "15623006", "name": "Gilboa Road", "highway": "residential", "waterway": null, "aerialway": null, "barrier": null, "man_made": null, "railway": null, "z_order": 3, "other_tags": "\"ref\"=>\"CR 19/18\",\"tiger:cfcc\"=>\"A41\",\"tiger:county\"=>\"Nicholas, WV\",\"tiger:name_base\"=>\"County Route 19/18:Gilboa\",\"tiger:name_base_1\"=>\"County Route 19/18\",\"tiger:name_type\"=>\"Rd\",\"tiger:reviewed\"=>\"no\""}, "geometry": {"type": "LineString", "coordinates": [[-80.9429017, 38.3003388, 0.0], [-80.943248, 38.300856, 0.0], [-80.943675, 38.301195, 0.0], [-80.944019, 38.301671, 0.0], [-80.944252, 38.302091, 0.0], [-80.944352, 38.302289, 0.0], [-80.944394, 38.302373, 0.0], [-80.9445673, 38.3026889, 0.0], [-80.945021, 38.303358, 0.0], [-80.945518, 38.303883, 0.0], [-80.946097, 38.304481, 0.0], [-80.946162, 38.304511, 0.0], [-80.94629, 38.304569, 0.0], [-80.946544, 38.304684, 0.0]]}}, {"type": "Feature", "properties": {"osm_id": "15623042", "name": "Right Fork Line Creek", "highway": "residential", "waterway": null, "aerialway": null, "barrier": null, "man_made": null, "railway": null, "z_order": 3, "other_tags": "\"name_1\"=>\"CR 19/22\",\"name_2\"=>\"Right Fork Bridge\",\"tiger:cfcc\"=>\"A41\",\"tiger:county\"=>\"Nicholas, WV\",\"tiger:name_base\"=>\"Right Fork Line Creek\",\"tiger:name_base_1\"=>\"County Route 19/22\",\"tiger:name_base_2\"=>\"Right Fork\",\"tiger:name_type_2\"=>\"Br\",\"tiger:reviewed\"=>\"no\""}, "geometry": {"type": "LineString", "coordinates": [[-81.0332585, 38.2624895, 0.0], [-81.0328907, 38.2626862, 0.0], [-81.0326756, 38.262801, 0.0], [-81.032384, 38.2629985, 0.0], [-81.0321618, 38.2632328, 0.0], [-81.0319254, 38.2633982, 0.0], [-81.0317788, 38.2634511, 0.0], [-81.0315165, 38.2635456, 0.0], [-81.0312392, 38.2636809, 0.0], [-81.030806, 38.263961899999984, 0.0], [-81.0304069, 38.2643674, 0.0], [-81.0301685, 38.2647002, 0.0], [-81.0300433, 38.2649062, 0.0], [-81.0298627, 38.2650789, 0.0], [-81.0296221, 38.2652589, 0.0], [-81.029339, 38.2654767, 0.0], [-81.029172, 38.2656256, 0.0], [-81.029022, 38.26569, 0.0], [-81.0288304, 38.2657115, 0.0], [-81.0286759, 38.2656887, 0.0], [-81.0285874, 38.265675600000016, 0.0], [-81.0281573, 38.2656443, 0.0], [-81.027945, 38.2656687, 0.0], [-81.0277979, 38.2657308, 0.0], [-81.0273252, 38.266072, 0.0], [-81.0267941, 38.2665231, 0.0], [-81.0265667, 38.2668527, 0.0]]}}, {"type": "Feature", "properties": {"osm_id": "15623044", "name": "Right Fork Line Creek", "highway": "residential", "waterway": null, "aerialway": null, "barrier": null, "man_made": null, "railway": null, "z_order": 3, "other_tags": "\"name_1\"=>\"Line Creek\",\"ref\"=>\"CR 19/23\",\"tiger:cfcc\"=>\"A41\",\"tiger:county\"=>\"Nicholas, WV\",\"tiger:name_base\"=>\"Right Fork Line Creek\",\"tiger:name_base_1\"=>\"Line Creek\",\"tiger:name_base_2\"=>\"County Route 19/23\",\"tiger:reviewed\"=>\"no\""}, "geometry": {"type": "LineString", "coordinates": [[-81.034918, 38.25957, 0.0], [-81.0347816, 38.2601314, 0.0], [-81.0346453, 38.2603004, 0.0], [-81.0340578, 38.2606907, 0.0], [-81.0339662, 38.260761, 0.0], [-81.03386380000002, 38.260854, 0.0], [-81.0337565, 38.2610187, 0.0], [-81.0335566, 38.2613055, 0.0], [-81.0335014, 38.2614304, 0.0], [-81.0334461, 38.2616908, 0.0], [-81.0332585, 38.2624895, 0.0]]}}, {"type": "Feature", "properties": {"osm_id": "15623417", "name": "Burl Road", "highway": "residential", "waterway": null, "aerialway": null, "barrier": null, "man_made": null, "railway": null, "z_order": 3, "other_tags": "\"ref\"=>\"CR 9/2\",\"tiger:cfcc\"=>\"A41\",\"tiger:county\"=>\"Nicholas, WV\",\"tiger:name_base\"=>\"Burl:County Route 9/2\",\"tiger:name_base_1\"=>\"Burl:County Route 9/2\",\"tiger:name_type\"=>\"Rd\",\"tiger:name_type_1\"=>\"Rd\",\"tiger:reviewed\"=>\"no\""}, "geometry": {"type": "LineString", "coordinates": [[-80.91231365114254, 38.26390120757033, 0.0], [-80.913049, 38.26432, 0.0], [-80.913223, 38.264984, 0.0], [-80.913507, 38.265235, 0.0], [-80.914906, 38.266472, 0.0], [-80.91508, 38.266747, 0.0], [-80.916851, 38.267938, 0.0], [-80.918005, 38.268229, 0.0], [-80.918303, 38.268304, 0.0], [-80.918854, 38.268533, 0.0], [-80.918979, 38.26862, 0.0], [-80.919812, 38.269197, 0.0], [-80.920277, 38.269197, 0.0], [-80.920654, 38.26906, 0.0], [-80.921032, 38.269197, 0.0], [-80.921091, 38.269793, 0.0], [-80.921477, 38.270728, 0.0], [-80.921497, 38.270777, 0.0], [-80.922542, 38.271533, 0.0], [-80.92292, 38.272311, 0.0], [-80.92292, 38.272494, 0.0], [-80.922919, 38.273089, 0.0], [-80.925039, 38.275035, 0.0], [-80.9256578, 38.2752491, 0.0], [-80.9260762, 38.2751143, 0.0], [-80.926795, 38.2751901, 0.0], [-80.9281147, 38.2751143, 0.0], [-80.9291446, 38.2750469, 0.0], [-80.9299815, 38.2752912, 0.0], [-80.93194490000002, 38.2750806, 0.0], [-80.9325752, 38.2751964, 0.0]]}}, {"type": "Feature", "properties": {"osm_id": "15623491", "name": "Camp Fork", "highway": "unclassified", "waterway": null, "aerialway": null, "barrier": null, "man_made": null, "railway": null, "z_order": 3, "other_tags": "\"ref\"=>\"CR 19/15\",\"tiger:cfcc\"=>\"A41\",\"tiger:county\"=>\"Nicholas, WV\",\"tiger:name_base\"=>\"County Route 19/15\",\"tiger:name_base_1\"=>\"Camp Fork\",\"tiger:reviewed\"=>\"no\""}, "geometry": {"type": "LineString", "coordinates": [[-80.90673158308607, 38.27041934294552, 0.0], [-80.9067832, 38.2705003, 0.0], [-80.9071652, 38.2709046, 0.0], [-80.9072878, 38.271114, 0.0], [-80.9073744, 38.2712619, 0.0], [-80.9078327, 38.272389299999986, 0.0], [-80.9080147, 38.2731075, 0.0], [-80.9081894, 38.2737818, 0.0], [-80.9082126, 38.273861, 0.0], [-80.9084792, 38.2748406, 0.0], [-80.9087661, 38.2760168, 0.0], [-80.90885350000002, 38.2763565, 0.0], [-80.9092475, 38.2777474, 0.0], [-80.9093922, 38.2783922, 0.0], [-80.9096183, 38.2795341, 0.0], [-80.9096838, 38.2801242, 0.0], [-80.9097223, 38.2804711, 0.0], [-80.9097393, 38.2806241, 0.0], [-80.9097409, 38.280662, 0.0], [-80.9097562, 38.2807936, 0.0], [-80.9097863, 38.2810521, 0.0], [-80.9098221, 38.2826086, 0.0]]}}, {"type": "Feature", "properties": {"osm_id": "15623511", "name": "Van Hoy Road", "highway": "residential", "waterway": null, "aerialway": null, "barrier": null, "man_made": null, "railway": null, "z_order": 3, "other_tags": "\"name_1\"=>\"Turnpike Road\",\"tiger:cfcc\"=>\"A41\",\"tiger:county\"=>\"Nicholas, WV\",\"tiger:name_base\"=>\"Van Hoy\",\"tiger:name_base_1\"=>\"Turnpike\",\"tiger:name_type\"=>\"Rd\",\"tiger:name_type_1\"=>\"Rd\",\"tiger:reviewed\"=>\"no\""}, "geometry": {"type": "LineString", "coordinates": [[-80.9243783, 38.3043391, 0.0], [-80.9248213, 38.3043318, 0.0], [-80.924888, 38.3043307, 0.0], [-80.9251437, 38.304323, 0.0], [-80.9252084, 38.3042118, 0.0], [-80.92542720000002, 38.3040643, 0.0], [-80.925686, 38.30393129999999, 0.0], [-80.9258585, 38.3037984, 0.0], [-80.925991, 38.303588, 0.0], [-80.9261882, 38.303375199999984, 0.0], [-80.9264532, 38.30323259999999, 0.0], [-80.9268166, 38.3031664, 0.0], [-80.9272228, 38.3031457, 0.0], [-80.9274912, 38.3031808, 0.0]]}}, {"type": "Feature", "properties": {"osm_id": "15623512", "name": "Van Hoy Road", "highway": "residential", "waterway": null, "aerialway": null, "barrier": null, "man_made": null, "railway": null, "z_order": 3, "other_tags": "\"tiger:cfcc\"=>\"A41\",\"tiger:county\"=>\"Nicholas, WV\",\"tiger:name_base\"=>\"Van Hoy\",\"tiger:name_type\"=>\"Rd\",\"tiger:reviewed\"=>\"no\",\"tiger:zip_left\"=>\"26651\""}, "geometry": {"type": "LineString", "coordinates": [[-80.9196749, 38.3023375, 0.0], [-80.919795, 38.3024277, 0.0], [-80.91986, 38.302483, 0.0], [-80.9200067, 38.3025761, 0.0], [-80.92042490000001, 38.30261, 0.0], [-80.9208387, 38.3025541, 0.0], [-80.9217203, 38.302413, 0.0], [-80.9221386, 38.302391, 0.0], [-80.9227824, 38.3028089, 0.0], [-80.9229273, 38.3028826, 0.0], [-80.9232909, 38.303026, 0.0], [-80.9235662, 38.3030915, 0.0], [-80.9238195, 38.3031372, 0.0], [-80.9239823, 38.3031942, 0.0], [-80.9240672, 38.3033511, 0.0], [-80.9240885, 38.3035705, 0.0], [-80.9240566, 38.3037483, 0.0], [-80.9240885, 38.3039121, 0.0], [-80.92427870000002, 38.3043113, 0.0], [-80.9243783, 38.3043391, 0.0]]}}, {"type": "Feature", "properties": {"osm_id": "15623578", "name": "Keenan Branch Road", "highway": "residential", "waterway": null, "aerialway": null, "barrier": null, "man_made": null, "railway": null, "z_order": 3, "other_tags": "\"tiger:cfcc\"=>\"A41\",\"tiger:county\"=>\"Nicholas, WV\",\"tiger:name_base\"=>\"County Route 19/19:Keenan Br\",\"tiger:name_base_1\"=>\"Keenan:Right Fork of Keenan\",\"tiger:name_type\"=>\"Rd\",\"tiger:name_type_1\"=>\"Br\",\"tiger:reviewed\"=>\"no\""}, "geometry": {"type": "LineString", "coordinates": [[-80.9463295, 38.2723579, 0.0], [-80.9466112, 38.2720231, 0.0], [-80.946748, 38.2719031, 0.0], [-80.9468043, 38.27187150000001, 0.0], [-80.9468579, 38.2718926, 0.0], [-80.9469679, 38.2720021, 0.0], [-80.9470108, 38.2720358, 0.0], [-80.9470564, 38.2720631, 0.0], [-80.9471637, 38.2721116, 0.0], [-80.94722, 38.2721284, 0.0], [-80.9472764, 38.2721368, 0.0], [-80.94733, 38.2721516, 0.0], [-80.9474722, 38.2721853, 0.0], [-80.9475285, 38.2721937, 0.0], [-80.947845, 38.27227579999999, 0.0], [-80.947904, 38.2722884, 0.0], [-80.9482768, 38.2722948, 0.0], [-80.9483358, 38.2723032, 0.0], [-80.9484512, 38.2723116, 0.0], [-80.94850210000001, 38.2723348, 0.0], [-80.9490654, 38.27252009999999, 0.0], [-80.94917, 38.2725222, 0.0], [-80.9492263, 38.2725138, 0.0], [-80.94928, 38.2724864, 0.0], [-80.9493336, 38.2724674, 0.0], [-80.949398, 38.2724674, 0.0], [-80.9494624, 38.2724738, 0.0], [-80.9495777, 38.2724801, 0.0], [-80.9507659, 38.27297489999999, 0.0], [-80.9508142, 38.2730023, 0.0], [-80.9508491, 38.2730381, 0.0], [-80.9508786, 38.27308020000001, 0.0], [-80.9509215, 38.2731686, 0.0], [-80.9509563, 38.2733497, 0.0], [-80.9509563, 38.2733961, 0.0], [-80.9509644, 38.2734466, 0.0], [-80.9509832, 38.2734908, 0.0], [-80.95101, 38.2735329, 0.0], [-80.9513131, 38.27374560000001, 0.0], [-80.9516805, 38.2741288, 0.0], [-80.9519675, 38.2745289, 0.0], [-80.952107, 38.2746489, 0.0], [-80.9526193, 38.275068, 0.0], [-80.9529895, 38.2754049, 0.0], [-80.9531611, 38.2754807, 0.0], [-80.953483, 38.2758302, 0.0], [-80.954146, 38.276227, 0.0], [-80.954194, 38.276247, 0.0], [-80.9547436, 38.2765567, 0.0], [-80.954816, 38.2766261, 0.0], [-80.954985, 38.27693570000001, 0.0], [-80.9550467, 38.2770199, 0.0], [-80.9551433, 38.2770936, 0.0], [-80.9559533, 38.27758, 0.0], [-80.9560713, 38.2776116, 0.0], [-80.9566587, 38.2776389, 0.0], [-80.95699130000001, 38.277681, 0.0], [-80.9574553, 38.2778516, 0.0], [-80.9575385, 38.2778558, 0.0], [-80.9576243, 38.2778516, 0.0], [-80.9576941, 38.2778263, 0.0], [-80.9578952, 38.277737899999984, 0.0], [-80.9580642, 38.2777189, 0.0], [-80.9587133, 38.2779063, 0.0], [-80.9591425, 38.2779779, 0.0], [-80.9594858, 38.2780537, 0.0], [-80.9597433, 38.2781043, 0.0], [-80.9606981, 38.2788412, 0.0], [-80.9611271, 38.2792297, 0.0], [-80.9613459, 38.2793393, 0.0], [-80.96140930000001, 38.2794214, 0.0], [-80.9619051, 38.2797631, 0.0], [-80.9620377, 38.2798429, 0.0], [-80.9620886, 38.2800202, 0.0], [-80.962095, 38.2805491, 0.0]]}}, {"type": "Feature", "properties": {"osm_id": "15623580", "name": "Country Road", "highway": "residential", "waterway": null, "aerialway": null, "barrier": null, "man_made": null, "railway": null, "z_order": 3, "other_tags": "\"name_1\"=>\"Bays Run\",\"ref\"=>\"CR 19/29\",\"tiger:cfcc\"=>\"A41\",\"tiger:county\"=>\"Nicholas, WV\",\"tiger:name_base\"=>\"Country\",\"tiger:name_base_1\"=>\"Bays\",\"tiger:name_base_2\"=>\"County Rt 19/29\",\"tiger:name_type\"=>\"Rd\",\"tiger:name_type_1\"=>\"Run\",\"tiger:reviewed\"=>\"no\",\"tiger:zip_left\"=>\"26651\",\"tiger:zip_right\"=>\"26651\""}, "geometry": {"type": "LineString", "coordinates": [[-80.9486834, 38.287374599999985, 0.0], [-80.9495455, 38.2871576, 0.0], [-80.9497494, 38.2871534, 0.0], [-80.9498271, 38.2871408, 0.0], [-80.9499076, 38.2870924, 0.0], [-80.9499559, 38.2870166, 0.0], [-80.9500417, 38.2868397, 0.0], [-80.9502241, 38.2863092, 0.0], [-80.9502348, 38.2861913, 0.0], [-80.9502724, 38.2861324, 0.0], [-80.9503502, 38.2860734, 0.0], [-80.9504682, 38.2860418, 0.0], [-80.95050860000002, 38.2860407, 0.0], [-80.950613, 38.2860376, 0.0], [-80.950886, 38.286068, 0.0], [-80.9509305, 38.2860821, 0.0], [-80.9517074, 38.2863282, 0.0], [-80.9528393, 38.2864082, 0.0], [-80.953247, 38.2864839, 0.0], [-80.95388, 38.2867366, 0.0], [-80.9541374, 38.2869176, 0.0], [-80.9543359, 38.2871492, 0.0], [-80.954454, 38.2873513, 0.0], [-80.954517, 38.287533, 0.0], [-80.954749, 38.288677, 0.0], [-80.954837, 38.289776, 0.0], [-80.95504, 38.290005, 0.0], [-80.955214, 38.290394, 0.0], [-80.955185, 38.290898, 0.0], [-80.954721, 38.291928, 0.0], [-80.954954, 38.292661, 0.0], [-80.9552693, 38.2946522, 0.0], [-80.9550923, 38.2961573, 0.0], [-80.9544271, 38.2971866, 0.0], [-80.954316, 38.29772, 0.0]]}}, {"type": "Feature", "properties": {"osm_id": "15623593", "name": null, "highway": "residential", "waterway": null, "aerialway": null, "barrier": null, "man_made": null, "railway": null, "z_order": 3, "other_tags": "\"ref\"=>\"CR 19/20\",\"tiger:cfcc\"=>\"A41\",\"tiger:county\"=>\"Nicholas, WV\",\"tiger:name_base\"=>\"County Route 19/20\",\"tiger:name_base_1\"=>\"Jones\",\"tiger:name_type_1\"=>\"Br\",\"tiger:reviewed\"=>\"no\""}, "geometry": {"type": "LineString", "coordinates": [[-81.016769, 38.361761, 0.0], [-81.017001, 38.361784, 0.0], [-81.017699, 38.362128, 0.0], [-81.018304, 38.36259, 0.0]]}}, {"type": "Feature", "properties": {"osm_id": "15623617", "name": "Jerry Fork", "highway": "unclassified", "waterway": null, "aerialway": null, "barrier": null, "man_made": null, "railway": null, "z_order": 3, "other_tags": "\"ref\"=>\"CR 19/21\",\"tiger:cfcc\"=>\"A41\",\"tiger:county\"=>\"Nicholas, WV\",\"tiger:name_base\"=>\"County Route 19/21\",\"tiger:name_base_1\"=>\"Jerry Fork\",\"tiger:reviewed\"=>\"no\""}, "geometry": {"type": "LineString", "coordinates": [[-80.9798796, 38.2794347, 0.0], [-80.9802302, 38.2797653, 0.0], [-80.9804667, 38.280632, 0.0], [-80.9806265, 38.2815166, 0.0], [-80.9807274, 38.2816685, 0.0], [-80.9811563, 38.2821306, 0.0], [-80.9814759, 38.2827247, 0.0], [-80.982031, 38.2832595, 0.0], [-80.9823338, 38.2839658, 0.0], [-80.9828636, 38.2846392, 0.0], [-80.9830738, 38.2850023, 0.0], [-80.9831243, 38.2855238, 0.0], [-80.9835196, 38.2862433, 0.0], [-80.9837719, 38.2865074, 0.0], [-80.9840662, 38.2866658, 0.0], [-80.9844699, 38.2870817, 0.0], [-80.9849829, 38.2879002, 0.0], [-80.9851406, 38.2880023, 0.0], [-80.9854455, 38.2882765, 0.0], [-80.9858324, 38.2888904, 0.0], [-80.9858408, 38.2892402, 0.0], [-80.9857146, 38.2896099, 0.0], [-80.9857483, 38.2898871, 0.0], [-80.9861099, 38.2904152, 0.0], [-80.987733, 38.2919862, 0.0], [-80.9884899, 38.2926067, 0.0], [-80.9888432, 38.2930159, 0.0], [-80.9892132, 38.2937618, 0.0], [-80.9892132, 38.2944681, 0.0], [-80.9896085, 38.2955572, 0.0], [-80.989844, 38.2964614, 0.0], [-80.9897935, 38.2979201, 0.0], [-80.989331, 38.29879129999998, 0.0], [-80.9892889, 38.2989761, 0.0], [-80.9893898, 38.2991609, 0.0], [-80.9894992, 38.2992929, 0.0], [-80.9895917, 38.2993325, 0.0], [-80.9899281, 38.2992863, 0.0], [-80.9902056, 38.2992863, 0.0], [-80.9904747, 38.299365499999986, 0.0], [-80.99084480000002, 38.2995041, 0.0], [-80.9912569, 38.2999133, 0.0], [-80.9920726, 38.3010617, 0.0], [-80.9948984, 38.3025467, 0.0], [-80.9952348, 38.3026193, 0.0], [-80.9956049, 38.3024411, 0.0], [-80.9959749, 38.3020451, 0.0], [-80.9961347, 38.3018999, 0.0], [-80.9963618, 38.3018339, 0.0], [-80.99661180000001, 38.3019483, 0.0]]}}, {"type": "Feature", "properties": {"osm_id": "15623632", "name": null, "highway": "residential", "waterway": null, "aerialway": null, "barrier": null, "man_made": null, "railway": null, "z_order": 3, "other_tags": "\"ref\"=>\"CR 19/22\",\"tiger:cfcc\"=>\"A41\",\"tiger:county\"=>\"Nicholas, WV\",\"tiger:name_base\"=>\"County Route 19/22\",\"tiger:name_base_1\"=>\"Right Fork\",\"tiger:name_type_1\"=>\"Br\",\"tiger:reviewed\"=>\"no\""}, "geometry": {"type": "LineString", "coordinates": [[-81.0265667, 38.2668527, 0.0], [-81.0264622, 38.2670775, 0.0], [-81.0260663, 38.2676192, 0.0], [-81.0256714, 38.2681665, 0.0], [-81.0251066, 38.26883719999998, 0.0], [-81.0247772, 38.2692284, 0.0], [-81.024636, 38.269396, 0.0], [-81.0243932, 38.2696894, 0.0], [-81.0240788, 38.2702901, 0.0], [-81.0237914, 38.27096439999998, 0.0], [-81.0236387, 38.2718142, 0.0], [-81.023635, 38.2718786, 0.0], [-81.0236227, 38.2720929, 0.0], [-81.0236385, 38.2722874, 0.0], [-81.0236141, 38.2724103, 0.0], [-81.0235418, 38.2725021, 0.0], [-81.0235105, 38.2726176, 0.0], [-81.0234781, 38.2732542, 0.0], [-81.02348, 38.2733977, 0.0], [-81.0235164, 38.273545, 0.0], [-81.0236189, 38.27372350000001, 0.0], [-81.0238632, 38.2744713, 0.0]]}}, {"type": "Feature", "properties": {"osm_id": "289315831", "name": null, "highway": "track", "waterway": null, "aerialway": null, "barrier": null, "man_made": null, "railway": null, "z_order": 0, "other_tags": "\"tiger:cfcc\"=>\"A51\",\"tiger:county\"=>\"Nicholas, WV\",\"tiger:reviewed\"=>\"no\""}, "geometry": {"type": "LineString", "coordinates": [[-80.981332, 38.304716, 0.0], [-80.981527, 38.304144, 0.0], [-80.981692, 38.303564, 0.0], [-80.981919, 38.302808, 0.0], [-80.981839, 38.30234, 0.0], [-80.981902, 38.301857, 0.0], [-80.982006, 38.301382, 0.0], [-80.982233, 38.300464, 0.0], [-80.982634, 38.299216, 0.0], [-80.982883, 38.298008, 0.0], [-80.983039, 38.297123, 0.0], [-80.983081, 38.296744, 0.0], [-80.982889, 38.296284, 0.0], [-80.982819, 38.29601, 0.0], [-80.982902, 38.295567, 0.0], [-80.983005, 38.295254, 0.0], [-80.983219, 38.295085, 0.0], [-80.983587, 38.294812, 0.0], [-80.983883, 38.294506, 0.0], [-80.984149, 38.294241, 0.0], [-80.984293, 38.293815, 0.0], [-80.984305, 38.293331, 0.0], [-80.984603, 38.292462, 0.0], [-80.984881, 38.291745, 0.0], [-80.985047, 38.290972, 0.0], [-80.985161, 38.290248, 0.0], [-80.985142, 38.289796, 0.0], [-80.985072, 38.28945, 0.0], [-80.9849678, 38.2889075, 0.0], [-80.9849104, 38.2885444, 0.0], [-80.9849513, 38.288432, 0.0], [-80.9850741, 38.2883356, 0.0], [-80.9851201, 38.288183, 0.0], [-80.9851406, 38.2880023, 0.0]]}}, {"type": "Feature", "properties": {"osm_id": "289316114", "name": "Keenan Cemetery Road", "highway": "residential", "waterway": null, "aerialway": null, "barrier": null, "man_made": null, "railway": null, "z_order": 3, "other_tags": "\"tiger:cfcc\"=>\"A41\",\"tiger:county\"=>\"Nicholas, WV\",\"tiger:name_base\"=>\"Keenan Cem\",\"tiger:name_type\"=>\"Rd\",\"tiger:reviewed\"=>\"no\""}, "geometry": {"type": "LineString", "coordinates": [[-80.9633669, 38.2812457, 0.0], [-80.9636781, 38.2813236, 0.0], [-80.9638873, 38.2813215, 0.0], [-80.96459, 38.2811531, 0.0], [-80.96472140000002, 38.281151, 0.0], [-80.9649146, 38.28123939999998, 0.0], [-80.9653115, 38.2817005, 0.0], [-80.96537320000002, 38.2818479, 0.0], [-80.965502, 38.2824416, 0.0], [-80.9662664, 38.2827785, 0.0], [-80.9665507, 38.2829932, 0.0], [-80.9667867, 38.2830943, 0.0], [-80.9674251, 38.2831701, 0.0], [-80.9675807, 38.2832206, 0.0], [-80.9676558, 38.2833006, 0.0], [-80.9676451, 38.2838438, 0.0], [-80.9680635, 38.2846354, 0.0], [-80.9681871, 38.2847192, 0.0]]}}, {"type": "Feature", "properties": {"osm_id": "297130044", "name": "Summersville Lake Road", "highway": "secondary", "waterway": null, "aerialway": null, "barrier": null, "man_made": null, "railway": null, "z_order": 6, "other_tags": "\"lanes\"=>\"2\",\"ref\"=>\"WV 129\",\"tiger:cfcc\"=>\"A31\",\"tiger:county\"=>\"Nicholas, WV\",\"tiger:name_base\"=>\"State Route 129\",\"tiger:reviewed\"=>\"no\""}, "geometry": {"type": "LineString", "coordinates": [[-80.99488124369836, 38.26055885799417, 0.0], [-80.9954636, 38.2611378, 0.0], [-80.9960702, 38.2614553, 0.0], [-80.9975557, 38.2616517, 0.0], [-80.9979849, 38.261778, 0.0], [-80.9984355, 38.2620813, 0.0], [-80.9995084, 38.2633112, 0.0], [-80.999823, 38.26371, 0.0], [-81.0001287, 38.2642931, 0.0], [-81.000272, 38.265564, 0.0], [-81.0003889, 38.2668232, 0.0], [-81.0004613, 38.2677761, 0.0], [-81.000454, 38.2679013, 0.0], [-81.0004445, 38.2679677, 0.0], [-81.0004311, 38.268038, 0.0], [-81.0004059, 38.2681106, 0.0], [-81.0003906, 38.2681451, 0.0], [-81.0003723, 38.2681822, 0.0], [-81.0003315, 38.26823970000002, 0.0], [-81.0002871, 38.2682924, 0.0], [-81.0002486, 38.2683301, 0.0], [-81.0002054, 38.2683669, 0.0], [-81.0001178, 38.268429099999985, 0.0], [-81.000041, 38.2684724, 0.0], [-80.9999462, 38.2685139, 0.0], [-80.9996115, 38.2686455, 0.0], [-80.9995008, 38.2687062, 0.0], [-80.9994612, 38.2687288, 0.0], [-80.9994192, 38.2687542, 0.0], [-80.9993232, 38.2688164, 0.0], [-80.9992584, 38.2688664, 0.0], [-80.998985, 38.2691505, 0.0], [-80.9986726, 38.2694673, 0.0], [-80.9985516, 38.2696214, 0.0], [-80.998464, 38.2697194, 0.0], [-80.9984051, 38.26980729999999, 0.0], [-80.9983677, 38.26988810000001, 0.0], [-80.9983584, 38.2699333, 0.0], [-80.9983599, 38.2699969, 0.0], [-80.9983849, 38.2700838, 0.0], [-80.998437, 38.2702294, 0.0], [-80.998579, 38.270466, 0.0]]}}, {"type": "Feature", "properties": {"osm_id": "297578599", "name": null, "highway": "service", "waterway": null, "aerialway": null, "barrier": null, "man_made": null, "railway": null, "z_order": 0, "other_tags": "\"service\"=>\"driveway\""}, "geometry": {"type": "LineString", "coordinates": [[-80.9932841, 38.2712782, 0.0], [-80.9927711, 38.2715202, 0.0]]}}, {"type": "Feature", "properties": {"osm_id": "297578600", "name": null, "highway": "service", "waterway": null, "aerialway": null, "barrier": null, "man_made": null, "railway": null, "z_order": 0, "other_tags": "\"service\"=>\"driveway\""}, "geometry": {"type": "LineString", "coordinates": [[-80.9967722, 38.268519699999985, 0.0], [-80.9967938, 38.2685653, 0.0], [-80.9970972, 38.268793399999986, 0.0]]}}, {"type": "Feature", "properties": {"osm_id": "297578601", "name": null, "highway": "service", "waterway": null, "aerialway": null, "barrier": null, "man_made": null, "railway": null, "z_order": 0, "other_tags": "\"service\"=>\"driveway\""}, "geometry": {"type": "LineString", "coordinates": [[-80.9932841, 38.2712782, 0.0], [-80.9932781, 38.2713419, 0.0], [-80.9933105, 38.2714199, 0.0], [-80.9935396, 38.2717446, 0.0]]}}, {"type": "Feature", "properties": {"osm_id": "297578602", "name": null, "highway": "residential", "waterway": null, "aerialway": null, "barrier": null, "man_made": null, "railway": null, "z_order": 3, "other_tags": "\"tiger:cfcc\"=>\"A41\",\"tiger:county\"=>\"Nicholas, WV\",\"tiger:reviewed\"=>\"no\""}, "geometry": {"type": "LineString", "coordinates": [[-80.994735, 38.2703309, 0.0], [-80.994586, 38.2703173, 0.0], [-80.994165, 38.2704019, 0.0], [-80.9939036, 38.27052719999999, 0.0], [-80.9936672, 38.27064890000001, 0.0]]}}, {"type": "Feature", "properties": {"osm_id": "312529276", "name": null, "highway": "service", "waterway": null, "aerialway": null, "barrier": null, "man_made": null, "railway": null, "z_order": 0, "other_tags": null}, "geometry": {"type": "LineString", "coordinates": [[-80.9984091, 38.3017005, 0.0], [-80.9986451, 38.301951, 0.0], [-80.9989053, 38.30222040000001, 0.0], [-80.9990502, 38.3022962, 0.0], [-80.9991735, 38.3023152, 0.0], [-80.999431, 38.3022899, 0.0], [-80.9996322, 38.3022604, 0.0], [-81.0002679, 38.302012, 0.0], [-81.0004637, 38.3019868, 0.0], [-81.0005924, 38.3019847, 0.0], [-81.0009733, 38.3021257, 0.0], [-81.0012013, 38.3021194, 0.0], [-81.0014588, 38.3021173, 0.0], [-81.0016814, 38.3020584, 0.0]]}}, {"type": "Feature", "properties": {"osm_id": "312529277", "name": null, "highway": "unclassified", "waterway": null, "aerialway": null, "barrier": null, "man_made": null, "railway": null, "z_order": 3, "other_tags": null}, "geometry": {"type": "LineString", "coordinates": [[-81.0051047, 38.2990723, 0.0], [-81.0047343, 38.29928240000001, 0.0], [-81.0043212, 38.2994677, 0.0], [-81.0036077, 38.2997329, 0.0], [-81.00246240000001, 38.300249, 0.0], [-81.0022747, 38.3003795, 0.0], [-81.0020494, 38.3005942, 0.0], [-81.0018992, 38.3006826, 0.0], [-81.0016631, 38.3007458, 0.0], [-81.0013413, 38.3008552, 0.0], [-81.0006063, 38.30122570000001, 0.0], [-81.000005, 38.3014921, 0.0], [-80.9994498, 38.3016521, 0.0], [-80.9990904, 38.3016942, 0.0], [-80.9984091, 38.3017005, 0.0], [-80.9974247, 38.30172790000001, 0.0], [-80.9970787, 38.3017995, 0.0], [-80.99661180000001, 38.3019483, 0.0], [-80.9963921, 38.3021236, 0.0], [-80.9962177, 38.3023383, 0.0], [-80.9957269, 38.3030918, 0.0], [-80.9954238, 38.3033255, 0.0], [-80.99515830000001, 38.3034139, 0.0], [-80.9948176, 38.3034286, 0.0], [-80.9945333, 38.3033549, 0.0], [-80.9940613, 38.3031845, 0.0], [-80.9937179, 38.30310870000001, 0.0], [-80.9933907, 38.3030666, 0.0], [-80.9929884, 38.3030792, 0.0], [-80.9926987, 38.3031192, 0.0], [-80.9925243, 38.3032118, 0.0], [-80.9924224, 38.3033991, 0.0], [-80.9923312, 38.3039085, 0.0], [-80.9923473, 38.304151, 0.0], [-80.99235, 38.3042116, 0.0], [-80.9924627, 38.3046389, 0.0], [-80.9925109, 38.3051019, 0.0], [-80.9924922, 38.305504, 0.0], [-80.9924868, 38.305859699999985, 0.0], [-80.9925834, 38.3061396, 0.0], [-80.9928301, 38.3064153, 0.0], [-80.9929562, 38.3065774, 0.0], [-80.9930071, 38.3067142, 0.0], [-80.9930045, 38.3068573, 0.0], [-80.9929642, 38.3069983, 0.0], [-80.9928489, 38.30722559999999, 0.0], [-80.99256190000001, 38.3075729, 0.0], [-80.9919074, 38.3081685, 0.0], [-80.9909204, 38.3089662, 0.0], [-80.99039470000001, 38.3094082, 0.0], [-80.9899065, 38.3097492, 0.0], [-80.98950420000001, 38.3099596, 0.0], [-80.9891179, 38.31012590000001, 0.0], [-80.98874510000002, 38.3102101, 0.0], [-80.9883616, 38.310229, 0.0], [-80.9879244, 38.3102269, 0.0], [-80.9875864, 38.3102901, 0.0], [-80.98703120000002, 38.3104732, 0.0], [-80.9864062, 38.31061, 0.0], [-80.9855747, 38.3107131, 0.0], [-80.9842926, 38.3108141, 0.0], [-80.9819806, 38.310993, 0.0], [-80.9817821, 38.3109972, 0.0], [-80.9816078, 38.310932, 0.0], [-80.9814361, 38.3107888, 0.0], [-80.9811652, 38.310170099999986, 0.0], [-80.9809774, 38.3098565, 0.0], [-80.9807173, 38.3095787, 0.0], [-80.980492, 38.3094229, 0.0], [-80.980205, 38.3093093, 0.0], [-80.9798777, 38.3092461, 0.0], [-80.9782389, 38.3090441, 0.0], [-80.9779814, 38.309042, 0.0], [-80.9777105, 38.3090862, 0.0], [-80.9774047, 38.3092567, 0.0], [-80.97671, 38.3095471, 0.0], [-80.9763882, 38.3096839, 0.0], [-80.9761924, 38.3098312, 0.0], [-80.9759134, 38.3101154, 0.0], [-80.9754977, 38.3106331, 0.0], [-80.9752134, 38.3109214, 0.0], [-80.974972, 38.3111298, 0.0], [-80.9748915, 38.31131709999999, 0.0], [-80.9747306, 38.3116728, 0.0], [-80.9745026, 38.3119506, 0.0], [-80.9742397, 38.3121632, 0.0], [-80.973942, 38.31230630000002, 0.0], [-80.9736657, 38.312342, 0.0], [-80.972684, 38.3123294, 0.0], [-80.9724453, 38.3123378, 0.0], [-80.9722361, 38.3123968, 0.0], [-80.972051, 38.312502, 0.0], [-80.9718445, 38.3126577, 0.0], [-80.9715387, 38.3131418, 0.0], [-80.9713242, 38.3133901, 0.0], [-80.9709487, 38.3136616, 0.0], [-80.9703639, 38.314173, 0.0], [-80.9692374, 38.3153494, 0.0], [-80.9690228, 38.3156861, 0.0], [-80.9688914, 38.3159618, 0.0], [-80.9688646, 38.3160944, 0.0], [-80.96889950000002, 38.3163575, 0.0], [-80.9689987, 38.316643699999986, 0.0], [-80.969232, 38.317296, 0.0], [-80.9692857, 38.3175381, 0.0], [-80.9692562, 38.3177148, 0.0], [-80.9691757, 38.3179169, 0.0], [-80.9689585, 38.3182283, 0.0], [-80.9686768, 38.3186281, 0.0], [-80.9685427, 38.3188912, 0.0], [-80.96837910000002, 38.31928259999999, 0.0], [-80.9683174, 38.319613, 0.0], [-80.9682825, 38.3199518, 0.0], [-80.9682986, 38.3202695, 0.0], [-80.9684086, 38.3207641, 0.0], [-80.9685347, 38.3211344, 0.0], [-80.968618, 38.321341, 0.0], [-80.9689102, 38.3216058, 0.0], [-80.9693474, 38.3219341, 0.0], [-80.9697443, 38.3222181, 0.0], [-80.970439, 38.3226095, 0.0], [-80.9707502, 38.3228242, 0.0], [-80.9709187, 38.3229948, 0.0], [-80.9710559, 38.3231545, 0.0], [-80.9712377, 38.3232917, 0.0], [-80.9732152, 38.3247837, 0.0], [-80.9749606, 38.32686539999999, 0.0], [-80.9751309, 38.3274554, 0.0], [-80.9748896, 38.32776710000001, 0.0], [-80.9747194, 38.328513, 0.0], [-80.9747761, 38.3293367, 0.0], [-80.9751025, 38.3306058, 0.0], [-80.974989, 38.3311401, 0.0], [-80.9746484, 38.3315965, 0.0], [-80.9741517, 38.3321308, 0.0], [-80.9739956, 38.3325092, 0.0]]}}, {"type": "Feature", "properties": {"osm_id": "312530140", "name": null, "highway": "service", "waterway": null, "aerialway": null, "barrier": null, "man_made": null, "railway": null, "z_order": 0, "other_tags": null}, "geometry": {"type": "LineString", "coordinates": [[-81.0291787, 38.3237687, 0.0], [-81.0283419, 38.3242674, 0.0], [-81.0281139, 38.3244252, 0.0], [-81.027843, 38.3245725, 0.0], [-81.0275533, 38.324684, 0.0], [-81.027218, 38.3247913, 0.0], [-81.02708930000001, 38.3248145, 0.0], [-81.0270022, 38.3248063, 0.0], [-81.0269552, 38.3248018, 0.0], [-81.0269039, 38.3247676, 0.0], [-81.0268435, 38.3247438, 0.0], [-81.026695, 38.3246714, 0.0], [-81.0266038, 38.3246083, 0.0], [-81.0265528, 38.3245472, 0.0], [-81.0265716, 38.3244736, 0.0], [-81.0266843, 38.3243536, 0.0]]}}, {"type": "Feature", "properties": {"osm_id": "312530215", "name": null, "highway": "track", "waterway": null, "aerialway": null, "barrier": null, "man_made": null, "railway": null, "z_order": 0, "other_tags": "\"tiger:cfcc\"=>\"A41\",\"tiger:county\"=>\"Nicholas, WV\",\"tiger:reviewed\"=>\"no\""}, "geometry": {"type": "LineString", "coordinates": [[-80.968618, 38.321341, 0.0], [-80.967805, 38.321661, 0.0], [-80.9671721, 38.3218878, 0.0], [-80.96674030000001, 38.3219825, 0.0], [-80.9664801, 38.3219951, 0.0], [-80.9662065, 38.3219762, 0.0], [-80.9658846, 38.3218773, 0.0], [-80.9655869, 38.321831, 0.0], [-80.9653428, 38.3218667, 0.0], [-80.9651551, 38.3219572, 0.0], [-80.9650156, 38.32212349999999, 0.0], [-80.9647501, 38.3225506, 0.0], [-80.9642834, 38.32341969999999, 0.0], [-80.9641412, 38.32368059999999, 0.0], [-80.9638864, 38.32389949999999, 0.0], [-80.9636262, 38.3240489, 0.0], [-80.96350820000002, 38.3240804, 0.0], [-80.9631971, 38.3240741, 0.0], [-80.9627491, 38.32394149999999, 0.0], [-80.9624326, 38.3238405, 0.0], [-80.9617836, 38.3236743, 0.0], [-80.9615207, 38.3235733, 0.0], [-80.961408, 38.3234912, 0.0], [-80.9613222, 38.3233502, 0.0], [-80.9613034, 38.3231651, 0.0], [-80.9616655, 38.3221655, 0.0], [-80.9617326, 38.3219004, 0.0], [-80.9617567, 38.3216816, 0.0], [-80.9617085, 38.3215153, 0.0], [-80.961569, 38.3214185, 0.0], [-80.9613168, 38.321328, 0.0], [-80.9609467, 38.3213007, 0.0], [-80.9606678, 38.321235399999985, 0.0], [-80.9596145, 38.3203039, 0.0], [-80.9592396, 38.3196685, 0.0], [-80.9591626, 38.3195415, 0.0], [-80.95883, 38.3195597, 0.0], [-80.9586146, 38.3199203, 0.0], [-80.9586049, 38.3205025, 0.0], [-80.9587426, 38.32108549999999, 0.0], [-80.9586903, 38.3214573, 0.0], [-80.9585599, 38.3216248, 0.0], [-80.9583187, 38.3216557, 0.0], [-80.9577096, 38.3215684, 0.0], [-80.956159, 38.3211702, 0.0], [-80.9558639, 38.3211029, 0.0], [-80.9556601, 38.3211618, 0.0], [-80.9555421, 38.321267, 0.0], [-80.9554643, 38.3214501, 0.0], [-80.9555501, 38.3218962, 0.0], [-80.9558237, 38.32265790000001, 0.0], [-80.9559256, 38.3227716, 0.0], [-80.9561321, 38.3229273, 0.0], [-80.9571809, 38.3234618, 0.0], [-80.95736060000002, 38.3235817, 0.0], [-80.9574813, 38.3237437, 0.0], [-80.9575644, 38.3239689, 0.0], [-80.9575162, 38.3247622, 0.0], [-80.9574223, 38.3249726, 0.0], [-80.957197, 38.3251725, 0.0], [-80.9569556, 38.3253093, 0.0], [-80.9567812, 38.3253387, 0.0], [-80.9565559, 38.3253009, 0.0]]}}, {"type": "Feature", "properties": {"osm_id": "409864467", "name": "Road Private Gated", "highway": "residential", "waterway": null, "aerialway": null, "barrier": null, "man_made": null, "railway": null, "z_order": 3, "other_tags": null}, "geometry": {"type": "LineString", "coordinates": [[-80.9600146, 38.2876654, 0.0], [-80.9596444, 38.2873917, 0.0], [-80.9595506, 38.2873033, 0.0], [-80.9594299, 38.2870328, 0.0], [-80.9593038, 38.2868707, 0.0], [-80.9589578, 38.2865601, 0.0], [-80.9588492, 38.2864433, 0.0], [-80.9587902, 38.2863086, 0.0], [-80.9587124, 38.286078, 0.0], [-80.9587057, 38.2859349, 0.0], [-80.9587674, 38.2857443, 0.0], [-80.9587768, 38.2855106, 0.0], [-80.9587003, 38.2853643, 0.0], [-80.9584053, 38.28506429999999, 0.0], [-80.958015, 38.28479690000001, 0.0], [-80.9575986, 38.2845626, 0.0]]}}, {"type": "Feature", "properties": {"osm_id": "438011026", "name": "Jones Branch Road", "highway": "unclassified", "waterway": null, "aerialway": null, "barrier": null, "man_made": null, "railway": null, "z_order": 3, "other_tags": "\"ref\"=>\"CR 39/38\",\"tiger:cfcc\"=>\"A41\",\"tiger:county\"=>\"Nicholas, WV\",\"tiger:name_base\"=>\"Jones Branch\",\"tiger:name_base_1\"=>\"County Route 39/38\",\"tiger:name_type\"=>\"Rd\",\"tiger:reviewed\"=>\"no\""}, "geometry": {"type": "LineString", "coordinates": [[-80.9645045, 38.3047893, 0.0], [-80.9645221, 38.3049937, 0.0], [-80.9645811, 38.3052089, 0.0], [-80.9646515, 38.3054, 0.0], [-80.9647957, 38.30565989999999, 0.0], [-80.964968, 38.305873, 0.0], [-80.9651772, 38.3060598, 0.0], [-80.9654776, 38.3062561, 0.0], [-80.9658732, 38.3064329, 0.0], [-80.9662005, 38.3065465, 0.0], [-80.9663386, 38.3066223, 0.0], [-80.9664472, 38.3067223, 0.0], [-80.9665626, 38.3068891, 0.0], [-80.9665974, 38.3070064, 0.0], [-80.9666169, 38.3074368, 0.0], [-80.9668405, 38.3091185, 0.0], [-80.9668526, 38.3091616, 0.0], [-80.96687, 38.3092016, 0.0], [-80.9669009, 38.3092374, 0.0], [-80.9669398, 38.3092669, 0.0], [-80.966988, 38.309289, 0.0], [-80.9670403, 38.3092984, 0.0], [-80.9670953, 38.3093016, 0.0], [-80.967149, 38.3093016, 0.0], [-80.9672026, 38.3092921, 0.0], [-80.9672599, 38.3092626, 0.0], [-80.9673176, 38.3092306, 0.0], [-80.9673706, 38.3091695, 0.0], [-80.9674269, 38.3090827, 0.0], [-80.9675107, 38.3088885, 0.0], [-80.9676911, 38.3083666, 0.0], [-80.9678668, 38.308013, 0.0], [-80.9680854, 38.3076078, 0.0], [-80.9682691, 38.3072984, 0.0], [-80.9684187, 38.3071801, 0.0], [-80.9685715, 38.3070959, 0.0], [-80.9687606, 38.3070453, 0.0], [-80.9690114, 38.3070075, 0.0], [-80.96942310000001, 38.3069885, 0.0], [-80.9700427, 38.3069738, 0.0], [-80.9703512, 38.30692959999999, 0.0], [-80.970657, 38.3068286, 0.0], [-80.9708286, 38.3067023, 0.0], [-80.9709681, 38.3065781, 0.0], [-80.9710727, 38.3064139, 0.0], [-80.9711478, 38.3062056, 0.0], [-80.9711545, 38.3059193, 0.0], [-80.9711585, 38.3053942, 0.0], [-80.9710982, 38.3050311, 0.0], [-80.9710761, 38.3048422, 0.0], [-80.9710633, 38.3045028, 0.0], [-80.9710968, 38.3043018, 0.0], [-80.9711478, 38.3041939, 0.0], [-80.971235, 38.3040455, 0.0], [-80.9713087, 38.3039571, 0.0], [-80.9714824, 38.3038166, 0.0], [-80.9716125, 38.303744, 0.0], [-80.9721248, 38.3035404, 0.0], [-80.9722971, 38.3034441, 0.0], [-80.9723836, 38.3033775, 0.0]]}}, {"type": "Feature", "properties": {"osm_id": "438011028", "name": null, "highway": "unclassified", "waterway": null, "aerialway": null, "barrier": null, "man_made": null, "railway": null, "z_order": 3, "other_tags": null}, "geometry": {"type": "LineString", "coordinates": [[-80.9777105, 38.3090862, 0.0], [-80.9778255, 38.3089227, 0.0], [-80.9782064, 38.3085702, 0.0], [-80.9788075, 38.3081374, 0.0], [-80.9789363, 38.3080227, 0.0], [-80.979002, 38.3079585, 0.0], [-80.9790328, 38.3079249, 0.0], [-80.9791482, 38.3077849, 0.0], [-80.9793477, 38.3074495, 0.0], [-80.9799619, 38.3066644, 0.0], [-80.9803508, 38.30616769999999, 0.0], [-80.9807049, 38.3057236, 0.0], [-80.9809412, 38.3055568, 0.0], [-80.9810954, 38.3054905, 0.0], [-80.9813462, 38.3054726, 0.0], [-80.9815407, 38.30551149999999, 0.0], [-80.981762, 38.305602, 0.0], [-80.9820154, 38.305758, 0.0], [-80.9820449, 38.3057949, 0.0], [-80.9822863, 38.3062242, 0.0], [-80.982407, 38.3063589, 0.0], [-80.9825573, 38.3064821, 0.0], [-80.9827759, 38.3065831, 0.0], [-80.9830333, 38.3066673, 0.0], [-80.9833673, 38.3067346, 0.0], [-80.9837079, 38.3067388, 0.0], [-80.9840767, 38.306701, 0.0], [-80.9847325, 38.3065431, 0.0], [-80.984986, 38.30647050000001, 0.0], [-80.9858577, 38.3062611, 0.0], [-80.9875515, 38.3057696, 0.0], [-80.9876669, 38.3057296, 0.0], [-80.9889114, 38.305315, 0.0], [-80.990856, 38.304572, 0.0], [-80.9913629, 38.3043847, 0.0], [-80.9919986, 38.3042121, 0.0], [-80.9921086, 38.304191, 0.0], [-80.9923473, 38.304151, 0.0]]}}, {"type": "Feature", "properties": {"osm_id": "438011029", "name": null, "highway": "unclassified", "waterway": null, "aerialway": null, "barrier": null, "man_made": null, "railway": null, "z_order": 3, "other_tags": null}, "geometry": {"type": "LineString", "coordinates": [[-80.9723836, 38.3033775, 0.0], [-80.9724762, 38.30327539999998, 0.0], [-80.9725821, 38.3031081, 0.0], [-80.9728946, 38.3027766, 0.0], [-80.9733345, 38.3023956, 0.0], [-80.9737395, 38.30221670000001, 0.0], [-80.9740104, 38.3021514, 0.0], [-80.9741391, 38.3021514, 0.0], [-80.974284, 38.30218510000001, 0.0], [-80.9744744, 38.3022567, 0.0], [-80.9748097, 38.302423, 0.0], [-80.9749545, 38.302604, 0.0], [-80.9751128, 38.3029976, 0.0], [-80.9752174, 38.3031028, 0.0], [-80.9754293, 38.3032817, 0.0], [-80.9758262, 38.30361640000001, 0.0], [-80.9759013, 38.3037427, 0.0], [-80.9759148, 38.3039426, 0.0], [-80.976014, 38.3043952, 0.0], [-80.9761776, 38.3050098, 0.0], [-80.9763949, 38.3057549, 0.0], [-80.976537, 38.3063463, 0.0], [-80.9766685, 38.3065357, 0.0], [-80.9768643, 38.3067273, 0.0], [-80.9770681, 38.3068472, 0.0], [-80.9772344, 38.3069009, 0.0], [-80.977567, 38.3069535, 0.0], [-80.9778084, 38.3069493, 0.0], [-80.97806860000001, 38.3068988, 0.0], [-80.9782858, 38.3067988, 0.0], [-80.97910260000002, 38.3062632, 0.0], [-80.980221, 38.3054778, 0.0], [-80.9806006, 38.3052368, 0.0], [-80.9808822, 38.30514740000001, 0.0], [-80.9810968, 38.30512, 0.0], [-80.9813677, 38.3051369, 0.0], [-80.9815689, 38.30518629999999, 0.0], [-80.9817593, 38.3052758, 0.0], [-80.981884, 38.3053558, 0.0], [-80.9819484, 38.3054318, 0.0], [-80.9819913, 38.3055118, 0.0], [-80.9820154, 38.3055918, 0.0], [-80.9820235, 38.3056759, 0.0], [-80.9820154, 38.305758, 0.0]]}}, {"type": "Feature", "properties": {"osm_id": "556807361", "name": "Turnpike Road", "highway": "secondary", "waterway": null, "aerialway": null, "barrier": null, "man_made": null, "railway": null, "z_order": 6, "other_tags": "\"ref\"=>\"WV 39\",\"tiger:cfcc\"=>\"A31\",\"tiger:county\"=>\"Nicholas, WV\",\"tiger:name_base\"=>\"State Route 39:Turnpike\",\"tiger:name_base_1\"=>\"State Route 39:Turnpike\",\"tiger:name_type\"=>\"Rd\",\"tiger:name_type_1\"=>\"Rd\",\"tiger:reviewed\"=>\"no\",\"tiger:zip_left\"=>\"26651\",\"tiger:zip_left_1\"=>\"26651\",\"tiger:zip_right\"=>\"26651\",\"tiger:zip_right_1\"=>\"26651\""}, "geometry": {"type": "LineString", "coordinates": [[-80.90953392317016, 38.306171557830204, 0.0], [-80.909767, 38.306067, 0.0], [-80.910356, 38.305803, 0.0], [-80.9108878, 38.3055749, 0.0], [-80.9110699, 38.3054968, 0.0], [-80.9115518, 38.3052865, 0.0], [-80.9117536, 38.3051985, 0.0], [-80.9121663, 38.3050184, 0.0], [-80.9124302, 38.3049033, 0.0], [-80.912887, 38.304704, 0.0], [-80.9163898, 38.3032747, 0.0], [-80.9171564, 38.30301259999999, 0.0], [-80.9176353, 38.3028489, 0.0], [-80.9181529, 38.3027058, 0.0], [-80.9196749, 38.3023375, 0.0], [-80.920299, 38.302115, 0.0], [-80.9207641, 38.3019787, 0.0], [-80.9211842, 38.3019029, 0.0], [-80.921785, 38.3018995, 0.0], [-80.92245870000002, 38.30199180000001, 0.0], [-80.9228143, 38.3020731, 0.0], [-80.9231934, 38.3022276, 0.0], [-80.9234583, 38.3023395, 0.0], [-80.9235817, 38.30237109999999, 0.0], [-80.9242335, 38.3025037, 0.0], [-80.9257235, 38.3027973, 0.0], [-80.9260708, 38.3028531, 0.0], [-80.926283, 38.302848, 0.0], [-80.92722630000002, 38.30282660000001, 0.0], [-80.92855, 38.3028964, 0.0], [-80.9287691, 38.3029099, 0.0], [-80.9290481, 38.3029352, 0.0], [-80.9296784, 38.3030489, 0.0], [-80.9299976, 38.3031057, 0.0], [-80.9302899, 38.3031331, 0.0], [-80.9306413, 38.30313309999999, 0.0], [-80.93086390000002, 38.3031036, 0.0], [-80.932558, 38.30278, 0.0], [-80.933197, 38.302757, 0.0], [-80.9355299, 38.3031608, 0.0], [-80.9360645, 38.3032082, 0.0], [-80.9362766, 38.3032152, 0.0], [-80.9364805, 38.3032025, 0.0], [-80.936687, 38.3031794, 0.0], [-80.937454, 38.3030088, 0.0], [-80.9375721, 38.3029626, 0.0], [-80.9377076, 38.3028926, 0.0], [-80.9378082, 38.3027942, 0.0], [-80.9378698, 38.3027184, 0.0], [-80.9379235, 38.3026426, 0.0], [-80.937977, 38.3025318, 0.0], [-80.9380576, 38.3022343, 0.0], [-80.9381381, 38.3020869, 0.0], [-80.9382561, 38.30197539999999, 0.0], [-80.9384216, 38.3018547, 0.0], [-80.9385619, 38.3017775, 0.0], [-80.9387523, 38.3017102, 0.0], [-80.940459, 38.301292, 0.0], [-80.9408007, 38.3011965, 0.0], [-80.9416342, 38.3009634, 0.0], [-80.9422016, 38.3007419, 0.0], [-80.9425449, 38.3005819, 0.0], [-80.9427595, 38.3004567, 0.0], [-80.9429017, 38.3003388, 0.0], [-80.9429888, 38.3002325, 0.0], [-80.9430693, 38.300101, 0.0], [-80.9431073, 38.3000167, 0.0], [-80.9431471, 38.2998789, 0.0], [-80.9431659, 38.2996778, 0.0], [-80.9431618, 38.2995495, 0.0], [-80.943131, 38.2993884, 0.0], [-80.9430881, 38.2992927, 0.0], [-80.9429639, 38.2991088, 0.0], [-80.9425542, 38.2986727, 0.0], [-80.9423268, 38.298374, 0.0], [-80.9422422, 38.2980673, 0.0], [-80.9422475, 38.2977827, 0.0], [-80.9423094, 38.2975381, 0.0], [-80.9424854, 38.2969491, 0.0], [-80.9426899, 38.29637750000001, 0.0], [-80.9431007, 38.2956986, 0.0], [-80.9432672, 38.2954634, 0.0], [-80.943741, 38.29502, 0.0], [-80.944351, 38.294516, 0.0], [-80.9448765, 38.2942194, 0.0], [-80.9452593, 38.2938901, 0.0], [-80.9453505, 38.293787, 0.0], [-80.9454203, 38.2936775, 0.0], [-80.9454846, 38.293568, 0.0], [-80.9455383, 38.2933533, 0.0], [-80.9455651, 38.29311749999999, 0.0], [-80.9455463, 38.292887, 0.0], [-80.9453492, 38.291726, 0.0], [-80.9452808, 38.2913187, 0.0], [-80.9452731, 38.2911583, 0.0], [-80.9452915, 38.2910271, 0.0], [-80.9453217, 38.2909082, 0.0], [-80.945376, 38.2907861, 0.0], [-80.94544440000001, 38.2906797, 0.0], [-80.9455625, 38.29054880000001, 0.0], [-80.9473769, 38.2891513, 0.0], [-80.9475419, 38.2890092, 0.0], [-80.9476934, 38.2888503, 0.0], [-80.9478195, 38.2886966, 0.0], [-80.9486834, 38.287374599999985, 0.0], [-80.949378, 38.2863216, 0.0], [-80.9495867, 38.285972, 0.0], [-80.9497751, 38.2856695, 0.0], [-80.9498215, 38.2854791, 0.0], [-80.9498129, 38.2853129, 0.0], [-80.9497671, 38.2850299, 0.0], [-80.9497786, 38.28479639999998, 0.0], [-80.9498301, 38.2846459, 0.0], [-80.9499648, 38.2844565, 0.0], [-80.9501247, 38.28428130000001, 0.0], [-80.9503594, 38.2841249, 0.0], [-80.9505907, 38.2840063, 0.0], [-80.9508801, 38.2839138, 0.0], [-80.9512091, 38.2838509, 0.0], [-80.9523401, 38.28378, 0.0], [-80.952654, 38.2838262, 0.0], [-80.9529017, 38.2839553, 0.0], [-80.9530788, 38.284109, 0.0], [-80.953169, 38.2843427, 0.0], [-80.9531776, 38.2846481, 0.0], [-80.9531217, 38.2851144, 0.0], [-80.9531318, 38.2853915, 0.0], [-80.9532519, 38.2856677, 0.0], [-80.9534372, 38.2859439, 0.0], [-80.9537251, 38.286206, 0.0], [-80.95408310000002, 38.2863717, 0.0], [-80.9544136, 38.2864672, 0.0], [-80.9546854, 38.2864919, 0.0], [-80.9562219, 38.2864647, 0.0], [-80.95655, 38.28642520000001, 0.0], [-80.9568667, 38.2863086, 0.0], [-80.9570933, 38.2861752, 0.0], [-80.95738190000002, 38.2859355, 0.0], [-80.9575168, 38.2856272, 0.0], [-80.9575311, 38.284845300000015, 0.0], [-80.9575986, 38.2845626, 0.0], [-80.957644, 38.2844756, 0.0], [-80.9578813, 38.28421179999999, 0.0], [-80.958252, 38.2840274, 0.0], [-80.9585179, 38.2838952, 0.0], [-80.959206, 38.28353829999999, 0.0], [-80.9595895, 38.2833241, 0.0], [-80.9599138, 38.2830882, 0.0], [-80.9602894, 38.2827623, 0.0], [-80.96051880000002, 38.2824612, 0.0], [-80.9605979, 38.28229360000001, 0.0], [-80.9606453, 38.2820794, 0.0], [-80.9607231, 38.2815849, 0.0], [-80.9608035, 38.2813841, 0.0], [-80.9608747, 38.28127229999998, 0.0], [-80.9609498, 38.2811854, 0.0], [-80.9611159, 38.2810458, 0.0], [-80.9613123, 38.2809175, 0.0], [-80.9617107, 38.2807129, 0.0], [-80.962095, 38.2805491, 0.0], [-80.96379070000002, 38.2800403, 0.0], [-80.9640133, 38.2799877, 0.0], [-80.9642011, 38.2799561, 0.0], [-80.9644398, 38.279954, 0.0], [-80.9646379, 38.279977, 0.0], [-80.96476440000002, 38.2800045, 0.0], [-80.9649898, 38.280067, 0.0], [-80.9651801, 38.2801593, 0.0], [-80.965341, 38.2802561, 0.0], [-80.9657925, 38.2806257, 0.0], [-80.9661618, 38.2809341, 0.0], [-80.9664407, 38.2812478, 0.0], [-80.96654, 38.2813805, 0.0], [-80.9672003, 38.2824447, 0.0], [-80.9677776, 38.2830934, 0.0], [-80.9679437, 38.2832983, 0.0], [-80.9680098, 38.2834564, 0.0], [-80.9680504, 38.2835807, 0.0], [-80.9680755, 38.283757500000014, 0.0], [-80.9681252, 38.2844354, 0.0], [-80.9681399, 38.2845649, 0.0], [-80.9681871, 38.2847192, 0.0], [-80.9682485, 38.2848523, 0.0], [-80.9683344, 38.2849849, 0.0], [-80.9684739, 38.2851134, 0.0], [-80.96864150000002, 38.2852397, 0.0], [-80.9688185, 38.2853155, 0.0], [-80.9690344, 38.28539339999998, 0.0], [-80.969198, 38.2854334, 0.0], [-80.9693643, 38.28545230000001, 0.0], [-80.9695092, 38.2854597, 0.0], [-80.9697144, 38.2854523, 0.0], [-80.9699671, 38.2854165, 0.0], [-80.9703876, 38.2853165, 0.0], [-80.970688, 38.285206, 0.0], [-80.97111450000001, 38.2850113, 0.0], [-80.9713706, 38.2849049, 0.0], [-80.971671, 38.28473549999999, 0.0], [-80.9721392, 38.2843815, 0.0], [-80.9727481, 38.2838321, 0.0], [-80.9732306, 38.2833759, 0.0], [-80.9734401, 38.2830872, 0.0], [-80.9735509, 38.2828327, 0.0], [-80.973654, 38.282607, 0.0], [-80.973624, 38.281783, 0.0], [-80.973769, 38.28137, 0.0], [-80.97406, 38.281004, 0.0], [-80.9749259, 38.2798459, 0.0], [-80.975222, 38.2794794, 0.0], [-80.9755523, 38.2792157, 0.0], [-80.975854, 38.2790414, 0.0], [-80.9762127, 38.2789296, 0.0], [-80.9765999, 38.2789207, 0.0], [-80.977864, 38.279171, 0.0], [-80.9788547, 38.2794034, 0.0], [-80.9789598, 38.27941839999998, 0.0], [-80.9792305, 38.279457, 0.0], [-80.9794412, 38.2794749, 0.0], [-80.97969170000002, 38.2794704, 0.0], [-80.9798796, 38.2794347, 0.0], [-80.9800732, 38.2793453, 0.0], [-80.9802668, 38.2792336, 0.0], [-80.9804149, 38.2791129, 0.0], [-80.9806369, 38.2788402, 0.0], [-80.9814682, 38.2778122, 0.0], [-80.9820889, 38.2770836, 0.0], [-80.9825672, 38.2765785, 0.0], [-80.9828006, 38.27638179999999, 0.0], [-80.9829771, 38.276212, 0.0], [-80.9831138, 38.2760644, 0.0], [-80.9832333, 38.2758812, 0.0], [-80.9836889, 38.2749201, 0.0], [-80.98376290000002, 38.2747592, 0.0], [-80.9837857, 38.2745938, 0.0], [-80.9837515, 38.2738965, 0.0], [-80.9837458, 38.2736104, 0.0]]}}, {"type": "Feature", "properties": {"osm_id": "558371464", "name": "Turnpike Road", "highway": "secondary", "waterway": null, "aerialway": null, "barrier": null, "man_made": null, "railway": null, "z_order": 6, "other_tags": "\"ref\"=>\"WV 39\",\"tiger:cfcc\"=>\"A31\",\"tiger:county\"=>\"Nicholas, WV\",\"tiger:name_base\"=>\"State Route 39:Turnpike\",\"tiger:name_base_1\"=>\"State Route 39:Turnpike\",\"tiger:name_type\"=>\"Rd\",\"tiger:name_type_1\"=>\"Rd\",\"tiger:reviewed\"=>\"no\",\"tiger:zip_left\"=>\"26651\",\"tiger:zip_left_1\"=>\"26651\",\"tiger:zip_right\"=>\"26651\",\"tiger:zip_right_1\"=>\"26651\""}, "geometry": {"type": "MultiLineString", "coordinates": [[[-80.998579, 38.270466, 0.0], [-80.999526, 38.27011, 0.0], [-81.000195, 38.269899, 0.0], [-81.0003388, 38.2698663, 0.0], [-81.000485, 38.269833, 0.0], [-81.001285, 38.269685, 0.0], [-81.001702, 38.269569, 0.0], [-81.002063, 38.269414, 0.0], [-81.002773, 38.268973, 0.0], [-81.003025, 38.268754, 0.0], [-81.003222, 38.268557, 0.0], [-81.003325, 38.268441, 0.0], [-81.003584, 38.268088, 0.0], [-81.00388, 38.267619, 0.0], [-81.003985, 38.267398, 0.0], [-81.004071, 38.267152, 0.0], [-81.004214, 38.266529, 0.0], [-81.004332, 38.266261, 0.0], [-81.004519, 38.266029, 0.0], [-81.004618, 38.265958, 0.0], [-81.004771, 38.265909, 0.0], [-81.004871, 38.265899, 0.0], [-81.005075, 38.265907, 0.0], [-81.005325, 38.265976, 0.0], [-81.005571, 38.266098, 0.0], [-81.005731, 38.266199, 0.0], [-81.006178, 38.266504, 0.0], [-81.006758, 38.266929, 0.0], [-81.007115, 38.267147, 0.0], [-81.007282, 38.267218, 0.0], [-81.007458, 38.26727, 0.0], [-81.007788, 38.267318, 0.0], [-81.00788, 38.267317, 0.0], [-81.0080595, 38.2672877, 0.0], [-81.008211, 38.267263, 0.0], [-81.008519, 38.267182, 0.0], [-81.008864, 38.267086, 0.0], [-81.009416, 38.266904, 0.0], [-81.009765, 38.266768, 0.0], [-81.010334, 38.266504, 0.0], [-81.011449, 38.265904, 0.0], [-81.012168, 38.265562, 0.0], [-81.012448, 38.265456, 0.0], [-81.0125793, 38.2654166, 0.0], [-81.012798, 38.265351, 0.0], [-81.013308, 38.265261, 0.0], [-81.014447, 38.265157, 0.0], [-81.014675, 38.265155, 0.0], [-81.014955, 38.265124, 0.0], [-81.01531, 38.265125, 0.0], [-81.015645, 38.26509, 0.0], [-81.016755, 38.265095, 0.0], [-81.0171855, 38.2651404, 0.0], [-81.017759, 38.265201, 0.0], [-81.018569, 38.265315, 0.0], [-81.0189552, 38.2653831, 0.0], [-81.01938, 38.265458, 0.0], [-81.020314, 38.265681, 0.0], [-81.020621, 38.265729, 0.0], [-81.021043, 38.26574, 0.0], [-81.021304, 38.26573, 0.0], [-81.0215591, 38.26568, 0.0], [-81.021615, 38.265669, 0.0], [-81.022087, 38.265524, 0.0], [-81.022444, 38.265388, 0.0], [-81.022959, 38.265142, 0.0], [-81.023265, 38.264901, 0.0], [-81.023428, 38.264731, 0.0], [-81.023639, 38.264414, 0.0], [-81.023785, 38.264097, 0.0], [-81.023854, 38.263759, 0.0], [-81.023852, 38.263138, 0.0], [-81.0237959, 38.2629134, 0.0], [-81.023772, 38.262818, 0.0], [-81.0237043, 38.262642, 0.0], [-81.023559, 38.262264, 0.0], [-81.023145, 38.261429, 0.0], [-81.0228094, 38.2607327, 0.0], [-81.0227638, 38.2606003, 0.0], [-81.0227725, 38.2604487, 0.0], [-81.0228149, 38.2602927, 0.0], [-81.0228713, 38.2601772, 0.0], [-81.0229382, 38.2600785, 0.0], [-81.0230175, 38.2599818, 0.0], [-81.0230911, 38.25990680000001, 0.0], [-81.02320860000002, 38.259824, 0.0], [-81.0233869, 38.2597229, 0.0], [-81.02411423062802, 38.25937550192855, 0.0]], [[-81.03331262165884, 38.25900314956352, 0.0], [-81.0334654, 38.2591281, 0.0], [-81.0335498, 38.2591972, 0.0], [-81.03359, 38.25923, 0.0], [-81.0338091, 38.25936260000001, 0.0], [-81.033905, 38.259411, 0.0], [-81.0339478, 38.2594268, 0.0], [-81.034076, 38.259474, 0.0], [-81.034236, 38.259512, 0.0], [-81.034552, 38.25956, 0.0], [-81.034918, 38.25957, 0.0]]]}}, {"type": "Feature", "properties": {"osm_id": "558371466", "name": "Turnpike Road", "highway": "secondary", "waterway": null, "aerialway": null, "barrier": null, "man_made": null, "railway": null, "z_order": 6, "other_tags": "\"ref\"=>\"WV 39\",\"tiger:cfcc\"=>\"A31\",\"tiger:county\"=>\"Nicholas, WV\",\"tiger:name_base\"=>\"State Route 39:Turnpike\",\"tiger:name_base_1\"=>\"State Route 39:Turnpike\",\"tiger:name_type\"=>\"Rd\",\"tiger:name_type_1\"=>\"Rd\",\"tiger:reviewed\"=>\"no\",\"tiger:zip_left\"=>\"26651\",\"tiger:zip_left_1\"=>\"26651\",\"tiger:zip_right\"=>\"26651\",\"tiger:zip_right_1\"=>\"26651\""}, "geometry": {"type": "LineString", "coordinates": [[-80.9837458, 38.2736104, 0.0], [-80.983853, 38.273573, 0.0], [-80.983979, 38.273492, 0.0], [-80.984196, 38.273315, 0.0], [-80.984275, 38.273284, 0.0], [-80.984591, 38.273224, 0.0], [-80.98483, 38.273163, 0.0], [-80.984926, 38.273146, 0.0], [-80.985376, 38.27313, 0.0], [-80.985768, 38.273088, 0.0], [-80.986133, 38.273009, 0.0], [-80.9864, 38.272997, 0.0], [-80.986663, 38.272958, 0.0], [-80.987821, 38.272839, 0.0], [-80.987942, 38.272832, 0.0], [-80.988554, 38.272855, 0.0], [-80.989004, 38.272932, 0.0], [-80.989191, 38.272952, 0.0], [-80.989609, 38.273044, 0.0], [-80.9902371, 38.2731463, 0.0], [-80.990659, 38.273215, 0.0], [-80.991215, 38.273172, 0.0], [-80.991421, 38.273138, 0.0], [-80.992223, 38.272938, 0.0], [-80.992614, 38.272818, 0.0], [-80.993141, 38.272603, 0.0], [-80.993852, 38.272278, 0.0], [-80.99411, 38.272182, 0.0], [-80.996376, 38.271452, 0.0], [-80.9969444, 38.271223, 0.0], [-80.997133, 38.271147, 0.0], [-80.9978724, 38.2708301, 0.0], [-80.998316, 38.27064, 0.0], [-80.99845, 38.270568, 0.0], [-80.998579, 38.270466, 0.0]]}}, {"type": "Feature", "properties": {"osm_id": "558371467", "name": "Turnpike Road", "highway": "secondary", "waterway": null, "aerialway": null, "barrier": null, "man_made": null, "railway": null, "z_order": 6, "other_tags": "\"maxspeed\"=>\"55 mph\",\"ref\"=>\"WV 39\",\"tiger:cfcc\"=>\"A31\",\"tiger:county\"=>\"Nicholas, WV\",\"tiger:name_base\"=>\"State Route 39:Turnpike\",\"tiger:name_base_1\"=>\"State Route 39:Turnpike\",\"tiger:name_type\"=>\"Rd\",\"tiger:name_type_1\"=>\"Rd\",\"tiger:reviewed\"=>\"no\",\"tiger:zip_left\"=>\"26651\",\"tiger:zip_left_1\"=>\"26651\",\"tiger:zip_right\"=>\"26651\",\"tiger:zip_right_1\"=>\"26651\""}, "geometry": {"type": "MultiLineString", "coordinates": [[[-81.034918, 38.25957, 0.0], [-81.035222, 38.259503, 0.0], [-81.035501, 38.259423, 0.0], [-81.036176, 38.259185, 0.0], [-81.03707463983403, 38.25885086245591, 0.0]], [[-81.05223047987236, 38.25823735158608, 0.0], [-81.052583, 38.258332, 0.0], [-81.053727, 38.258614, 0.0], [-81.054361, 38.258782, 0.0], [-81.0550264, 38.2589539, 0.0], [-81.055359, 38.2590374, 0.0], [-81.0557617, 38.2591293, 0.0], [-81.0561115, 38.2591834, 0.0], [-81.0563558, 38.2592104, 0.0], [-81.0565991, 38.259226, 0.0], [-81.0567557, 38.259234, 0.0], [-81.056997, 38.259228, 0.0], [-81.0572276, 38.2592153, 0.0], [-81.0575772, 38.2591901, 0.0], [-81.0586593, 38.2591054, 0.0], [-81.0600594, 38.2590005, 0.0], [-81.060396, 38.2590046, 0.0], [-81.0607675, 38.259067, 0.0], [-81.061092, 38.259154, 0.0], [-81.062262, 38.259422, 0.0], [-81.06371, 38.259783, 0.0], [-81.064248, 38.259887, 0.0], [-81.064715, 38.259998, 0.0], [-81.065086, 38.260113, 0.0], [-81.065516, 38.260304, 0.0], [-81.067004, 38.261142, 0.0], [-81.068209, 38.261764, 0.0], [-81.069675, 38.262486, 0.0]]]}}, {"type": "Feature", "properties": {"osm_id": "558371468", "name": "Turnpike Road", "highway": "secondary", "waterway": null, "aerialway": null, "barrier": null, "man_made": null, "railway": null, "z_order": 6, "other_tags": "\"ref\"=>\"WV 39\",\"tiger:cfcc\"=>\"A31\",\"tiger:county\"=>\"Nicholas, WV\",\"tiger:name_base\"=>\"State Route 39:Turnpike\",\"tiger:name_base_1\"=>\"State Route 39:Turnpike\",\"tiger:name_type\"=>\"Rd\",\"tiger:name_type_1\"=>\"Rd\",\"tiger:reviewed\"=>\"no\",\"tiger:zip_left\"=>\"26651\",\"tiger:zip_left_1\"=>\"26651\",\"tiger:zip_right\"=>\"26651\",\"tiger:zip_right_1\"=>\"26651\""}, "geometry": {"type": "LineString", "coordinates": [[-81.069675, 38.262486, 0.0], [-81.07077, 38.263056, 0.0], [-81.071897, 38.26361, 0.0], [-81.0720271, 38.2636784, 0.0], [-81.073559, 38.264484, 0.0], [-81.073819, 38.264589, 0.0], [-81.0742881, 38.264736, 0.0], [-81.074489, 38.264799, 0.0], [-81.074661, 38.264864, 0.0], [-81.074857, 38.264969, 0.0], [-81.074988, 38.265068, 0.0], [-81.07514, 38.265224, 0.0], [-81.0756469, 38.2658245, 0.0], [-81.075844, 38.266058, 0.0], [-81.076251, 38.266411, 0.0], [-81.077007, 38.26719, 0.0], [-81.077297, 38.267563, 0.0], [-81.077559, 38.267863, 0.0], [-81.077682, 38.267955, 0.0], [-81.0778707, 38.2680396, 0.0], [-81.078061, 38.268125, 0.0], [-81.0788863, 38.2684299, 0.0], [-81.07975, 38.268749, 0.0], [-81.079896, 38.268816, 0.0], [-81.080308, 38.269069, 0.0], [-81.080678, 38.26935, 0.0], [-81.0808087, 38.2694831, 0.0], [-81.081002, 38.26968, 0.0], [-81.081427, 38.27036, 0.0], [-81.081691, 38.270567, 0.0], [-81.081827, 38.270645, 0.0], [-81.082196, 38.270774, 0.0], [-81.082748, 38.270909, 0.0], [-81.083604, 38.271088, 0.0], [-81.08402, 38.271204, 0.0], [-81.085422, 38.271652, 0.0], [-81.085714, 38.271703, 0.0], [-81.0858631, 38.2717023, 0.0], [-81.085943, 38.271702, 0.0], [-81.086129, 38.271675, 0.0], [-81.086305, 38.271625, 0.0], [-81.088242, 38.270925, 0.0], [-81.0885, 38.270812, 0.0], [-81.088783, 38.270662, 0.0], [-81.089429, 38.270355, 0.0], [-81.089666, 38.270218, 0.0], [-81.08993, 38.270009, 0.0], [-81.090104, 38.269892, 0.0], [-81.0909321, 38.2694878, 0.0], [-81.090985, 38.269462, 0.0], [-81.09135215651384, 38.269256513226836, 0.0]]}}, {"type": "Feature", "properties": {"osm_id": "610753801", "name": "Johnson Way", "highway": "residential", "waterway": null, "aerialway": null, "barrier": null, "man_made": null, "railway": null, "z_order": 3, "other_tags": null}, "geometry": {"type": "LineString", "coordinates": [[-80.9401444, 38.29305440000001, 0.0], [-80.9408927, 38.2928586, 0.0], [-80.9414452, 38.2927786, 0.0], [-80.94181, 38.2927681, 0.0], [-80.9424269, 38.29279120000001, 0.0], [-80.943076, 38.292829099999985, 0.0], [-80.9434274, 38.292867, 0.0]]}}, {"type": "Feature", "properties": {"osm_id": "610753803", "name": "Sundew Road", "highway": "residential", "waterway": null, "aerialway": null, "barrier": null, "man_made": null, "railway": null, "z_order": 3, "other_tags": null}, "geometry": {"type": "LineString", "coordinates": [[-80.9400076, 38.2921786, 0.0], [-80.9406486, 38.2921576, 0.0], [-80.940713, 38.2921681, 0.0], [-80.9407693, 38.2921744, 0.0], [-80.940823, 38.2921913, 0.0], [-80.9408873, 38.2922039, 0.0], [-80.9409919, 38.2922544, 0.0], [-80.9410483, 38.29227760000001, 0.0], [-80.9411073, 38.2922881, 0.0], [-80.9411636, 38.2922923, 0.0], [-80.9412307, 38.292292299999986, 0.0], [-80.9415686, 38.2922818, 0.0], [-80.9418583, 38.2923113, 0.0], [-80.9421024, 38.2923913, 0.0], [-80.9427488, 38.292526, 0.0], [-80.9431136, 38.2926776, 0.0], [-80.9434274, 38.292867, 0.0], [-80.9435347, 38.2929449, 0.0], [-80.9437788, 38.2931217, 0.0], [-80.9439397, 38.2933428, 0.0], [-80.9442133, 38.2935322, 0.0], [-80.9444037, 38.2936564, 0.0], [-80.94455390000002, 38.2937785, 0.0], [-80.9448765, 38.2942194, 0.0]]}}, {"type": "Feature", "properties": {"osm_id": "683110488", "name": null, "highway": "track", "waterway": null, "aerialway": null, "barrier": null, "man_made": null, "railway": null, "z_order": 0, "other_tags": null}, "geometry": {"type": "LineString", "coordinates": [[-81.0099986, 38.4000278, 0.0], [-81.0104053, 38.3998519, 0.0], [-81.0106999, 38.399802499999986, 0.0], [-81.0112118, 38.3998135, 0.0], [-81.0115554, 38.399637599999984, 0.0], [-81.0123548, 38.3990111, 0.0], [-81.0131542, 38.3988023, 0.0], [-81.015286, 38.3984231, 0.0], [-81.015854, 38.3983626, 0.0], [-81.0163238, 38.3981813, 0.0], [-81.0169129, 38.3981758, 0.0], [-81.0171934, 38.3981978, 0.0], [-81.017551, 38.39829670000001, 0.0], [-81.0178946, 38.3982747, 0.0], [-81.0186659, 38.3980797, 0.0], [-81.0199319, 38.398231, 0.0], [-81.0205112, 38.3983992, 0.0], [-81.0210691, 38.3987019, 0.0], [-81.0213052, 38.3990046, 0.0], [-81.0217343, 38.399626799999986, 0.0], [-81.0217343, 38.4001313, 0.0], [-81.0217987, 38.4009889, 0.0], [-81.0229789, 38.4030236, 0.0], [-81.0232364, 38.404167, 0.0], [-81.0234295, 38.4047556, 0.0], [-81.0233437, 38.4052937, 0.0], [-81.0228501, 38.4065211, 0.0], [-81.0228501, 38.40687420000001, 0.0], [-81.0228501, 38.4073451, 0.0], [-81.0231291, 38.4079167, 0.0], [-81.0231505, 38.408707, 0.0], [-81.0229145, 38.4092787, 0.0], [-81.0227858, 38.4095982, 0.0], [-81.0226999, 38.4101867, 0.0], [-81.0227858, 38.4107583, 0.0], [-81.02295740000001, 38.4110778, 0.0], [-81.0232578, 38.41134679999998, 0.0], [-81.0236655, 38.4113636, 0.0], [-81.0272489, 38.4110442, 0.0], [-81.0281716, 38.410876, 0.0], [-81.028751, 38.4105902, 0.0], [-81.0300814, 38.409884, 0.0], [-81.0308968, 38.4097159, 0.0], [-81.032785, 38.4098672, 0.0], [-81.034566, 38.4100858, 0.0], [-81.0357717, 38.4100099, 0.0], [-81.0369873, 38.4100089, 0.0], [-81.0375049, 38.4100185, 0.0], [-81.0405552, 38.4099944, 0.0], [-81.04160270000001, 38.409864, 0.0], [-81.0419293, 38.409922, 0.0], [-81.0426688, 38.4107766, 0.0], [-81.04295632434625, 38.41217450737137, 0.0]]}}, {"type": "Feature", "properties": {"osm_id": "683219732", "name": null, "highway": "unclassified", "waterway": null, "aerialway": null, "barrier": null, "man_made": null, "railway": null, "z_order": 3, "other_tags": null}, "geometry": {"type": "LineString", "coordinates": [[-81.0056566, 38.3597913, 0.0], [-81.0052678, 38.3599979, 0.0], [-81.0051492, 38.3600134, 0.0], [-81.0048805, 38.3600287, 0.0], [-81.0047341, 38.3600752, 0.0], [-81.0041351, 38.36058649999999, 0.0], [-81.0036956, 38.3610031, 0.0], [-81.0035748, 38.3612872, 0.0], [-81.00347710000001, 38.3615266, 0.0], [-81.0028426, 38.3618477, 0.0], [-81.0025699, 38.3620036, 0.0], [-81.0025211, 38.3621914, 0.0], [-81.0026883, 38.3622637, 0.0], [-81.0029818, 38.3623284, 0.0], [-81.0036382, 38.3623496, 0.0], [-81.003854, 38.3623566, 0.0], [-81.0041956, 38.3624412, 0.0], [-81.0041956, 38.3625822, 0.0], [-81.0040518, 38.3629559, 0.0], [-81.0039349, 38.3631674, 0.0], [-81.0039349, 38.3632943, 0.0], [-81.0047261, 38.3638159, 0.0], [-81.0049688, 38.3639851, 0.0], [-81.0049958, 38.3644363, 0.0], [-81.004938, 38.3654703, 0.0], [-81.004852, 38.3670094, 0.0], [-81.0049509, 38.3674323, 0.0], [-81.0052206, 38.3676861, 0.0], [-81.0061916, 38.36818659999999, 0.0], [-81.006758, 38.368532, 0.0], [-81.0070008, 38.3689056, 0.0], [-81.0071087, 38.3693074, 0.0], [-81.0075582, 38.3698713, 0.0], [-81.0075942, 38.3701251, 0.0], [-81.0075223, 38.370393, 0.0], [-81.00739640000002, 38.3707454, 0.0], [-81.0073604, 38.3709992, 0.0], [-81.0074234, 38.371154299999986, 0.0], [-81.0076122, 38.3712318, 0.0], [-81.0084933, 38.371013300000016, 0.0], [-81.0102735, 38.3703789, 0.0], [-81.0110557, 38.3702872, 0.0], [-81.0115322, 38.370104, 0.0], [-81.0128089, 38.36918759999998, 0.0], [-81.0136721, 38.36884219999999, 0.0], [-81.0160996, 38.36835580000001, 0.0], [-81.0175472, 38.3682923, 0.0], [-81.0182035, 38.36835579999999, 0.0], [-81.018698, 38.3684827, 0.0], [-81.0205771, 38.3693638, 0.0], [-81.0210267, 38.3694907, 0.0], [-81.0215391, 38.3695189, 0.0], [-81.0221505, 38.3694343, 0.0], [-81.0236071, 38.36899720000001, 0.0], [-81.0243803, 38.3688704, 0.0], [-81.0248029, 38.3688281, 0.0], [-81.0249917, 38.3688704, 0.0], [-81.0254682, 38.3689338, 0.0], [-81.0257469, 38.3688704, 0.0], [-81.0264392, 38.3686448, 0.0], [-81.0272381, 38.3680285, 0.0], [-81.0273827, 38.3679962, 0.0], [-81.0276051, 38.3680018, 0.0], [-81.0278328, 38.3680456, 0.0], [-81.0282104, 38.368109, 0.0], [-81.0284991, 38.3681195, 0.0], [-81.0287877, 38.3681006, 0.0], [-81.0291469, 38.368035, 0.0], [-81.0295061, 38.3679862, 0.0], [-81.0298699, 38.3679975, 0.0], [-81.030172, 38.3680972, 0.0], [-81.0306829, 38.3682994, 0.0], [-81.0311954, 38.3684404, 0.0], [-81.031591, 38.368588399999986, 0.0], [-81.031844, 38.3687557, 0.0], [-81.0320835, 38.3689919, 0.0], [-81.0322563, 38.3692299, 0.0], [-81.0322833, 38.3694836, 0.0], [-81.0321215, 38.3697515, 0.0], [-81.0318665, 38.3700097, 0.0], [-81.0314308, 38.3703627, 0.0], [-81.0312046, 38.3705593, 0.0], [-81.0310156, 38.3708371, 0.0], [-81.0310336, 38.3710415, 0.0], [-81.0313393, 38.3714785, 0.0], [-81.0314741, 38.3717464, 0.0], [-81.031618, 38.3721764, 0.0], [-81.0314561, 38.3727544, 0.0], [-81.0315281, 38.373431, 0.0], [-81.0317708, 38.3748478, 0.0], [-81.0316626, 38.37518690000001, 0.0], [-81.031426, 38.3756186, 0.0], [-81.0313583, 38.3757625, 0.0], [-81.0313922, 38.375993500000014, 0.0], [-81.0317061, 38.3764895, 0.0], [-81.0324017, 38.377031, 0.0], [-81.0325755, 38.3771787, 0.0], [-81.0326142, 38.3772772, 0.0], [-81.0325851, 38.3773336, 0.0], [-81.0324017, 38.3773643, 0.0], [-81.0320877, 38.3772809, 0.0], [-81.0317737, 38.3772014, 0.0], [-81.0315564, 38.3771939, 0.0], [-81.0313342, 38.3771939, 0.0], [-81.0310637, 38.3772052, 0.0], [-81.0308415, 38.3772355, 0.0], [-81.0304165, 38.3774021, 0.0], [-81.0302088, 38.3775346, 0.0], [-81.0299817, 38.3779777, 0.0], [-81.0299914, 38.3786327, 0.0], [-81.0297064, 38.3794165, 0.0], [-81.0296799, 38.379826500000014, 0.0], [-81.0297161, 38.3802458, 0.0], [-81.0298755, 38.3804654, 0.0], [-81.0303295, 38.3807683, 0.0], [-81.0304648, 38.38089329999998, 0.0], [-81.03055170000002, 38.3810182, 0.0], [-81.0306, 38.3811772, 0.0], [-81.0304889, 38.3813363, 0.0], [-81.030286, 38.381412, 0.0], [-81.0300977, 38.3814498, 0.0], [-81.0299528, 38.3815483, 0.0], [-81.0298755, 38.381696, 0.0], [-81.0298127, 38.3822147, 0.0], [-81.0298223, 38.3830855, 0.0], [-81.0294987, 38.3838049, 0.0], [-81.0291992, 38.3840737, 0.0], [-81.028354, 38.3846379, 0.0], [-81.0279724, 38.3848916, 0.0], [-81.027784, 38.3850733, 0.0], [-81.02760530000002, 38.3855314, 0.0], [-81.0276343, 38.3858873, 0.0], [-81.0277115, 38.3861826, 0.0], [-81.0278226, 38.386519599999986, 0.0]]}}, {"type": "Feature", "properties": {"osm_id": "683219736", "name": null, "highway": "track", "waterway": null, "aerialway": null, "barrier": null, "man_made": null, "railway": null, "z_order": 0, "other_tags": "\"tiger:cfcc\"=>\"A51\",\"tiger:county\"=>\"Nicholas, WV\",\"tiger:reviewed\"=>\"no\""}, "geometry": {"type": "LineString", "coordinates": [[-80.996089, 38.371438, 0.0], [-80.995712, 38.372103, 0.0], [-80.994956, 38.373064, 0.0], [-80.993212, 38.373866, 0.0], [-80.9920983, 38.3744376, 0.0], [-80.991556, 38.374716, 0.0], [-80.991178, 38.375104, 0.0], [-80.990771, 38.375554, 0.0], [-80.990481, 38.376236, 0.0], [-80.990074, 38.376992, 0.0]]}}, {"type": "Feature", "properties": {"osm_id": "683225567", "name": null, "highway": "track", "waterway": null, "aerialway": null, "barrier": null, "man_made": null, "railway": null, "z_order": 0, "other_tags": null}, "geometry": {"type": "LineString", "coordinates": [[-81.0058769, 38.2682596, 0.0], [-81.0057563, 38.2681, 0.0], [-81.005681, 38.267959, 0.0], [-81.0056404, 38.2677817, 0.0], [-81.0056404, 38.2675952, 0.0], [-81.0056404, 38.2673132, 0.0], [-81.005623, 38.2671267, 0.0], [-81.0055245, 38.2670221, 0.0], [-81.0053334, 38.2669402, 0.0], [-81.0050669, 38.2669766, 0.0], [-81.0048699, 38.2670676, 0.0], [-81.0046151, 38.26727229999999, 0.0], [-81.0043718, 38.2674906, 0.0], [-81.004169, 38.2676998, 0.0], [-81.0040184, 38.2678999, 0.0], [-81.0037809, 38.2681728, 0.0], [-81.0035202, 38.2684912, 0.0], [-81.0027208, 38.2691688, 0.0], [-81.0024485, 38.2694099, 0.0], [-81.002182, 38.26956, 0.0], [-81.0018634, 38.2696737, 0.0], [-81.0016738, 38.2697134, 0.0], [-81.0016028, 38.26972820000001, 0.0], [-81.0012841, 38.2697783, 0.0], [-81.0006701, 38.2699011, 0.0], [-81.0003388, 38.2698663, 0.0]]}}, {"type": "Feature", "properties": {"osm_id": "683225568", "name": null, "highway": "track", "waterway": null, "aerialway": null, "barrier": null, "man_made": null, "railway": null, "z_order": 0, "other_tags": null}, "geometry": {"type": "LineString", "coordinates": [[-81.0016738, 38.2697134, 0.0], [-81.00178810000001, 38.2700557, 0.0], [-81.0018692, 38.2703604, 0.0], [-81.0016607, 38.2703513, 0.0], [-81.0013421, 38.270183, 0.0], [-81.001035, 38.2703422, 0.0], [-80.9999112, 38.2709289, 0.0], [-80.9994188, 38.27122, 0.0], [-80.9992103, 38.2713428, 0.0], [-80.99905390000002, 38.27140639999999, 0.0], [-80.9989844, 38.2715838, 0.0], [-80.9988164, 38.2717384, 0.0]]}}, {"type": "Feature", "properties": {"osm_id": "683225569", "name": null, "highway": "service", "waterway": null, "aerialway": null, "barrier": null, "man_made": null, "railway": null, "z_order": 0, "other_tags": "\"service\"=>\"driveway\""}, "geometry": {"type": "LineString", "coordinates": [[-81.0171855, 38.2651404, 0.0], [-81.0171795, 38.2652017, 0.0], [-81.0170773, 38.2652736, 0.0], [-81.0169787, 38.2652985, 0.0], [-81.0169152, 38.2654147, 0.0], [-81.0168377, 38.2656665, 0.0], [-81.0168553, 38.2657301, 0.0], [-81.0169117, 38.2657218, 0.0], [-81.0169681, 38.2656803, 0.0]]}}, {"type": "Feature", "properties": {"osm_id": "683225570", "name": null, "highway": "service", "waterway": null, "aerialway": null, "barrier": null, "man_made": null, "railway": null, "z_order": 0, "other_tags": "\"tiger:cfcc\"=>\"A41\",\"tiger:county\"=>\"Nicholas, WV\",\"tiger:reviewed\"=>\"no\""}, "geometry": {"type": "LineString", "coordinates": [[-81.01263640452369, 38.25984012619611, 0.0], [-81.0126467, 38.2598748, 0.0], [-81.0126562, 38.2600356, 0.0], [-81.0127134, 38.2602412, 0.0], [-81.0128705, 38.2604917, 0.0], [-81.0134085, 38.2608244, 0.0], [-81.0134324, 38.2609366, 0.0], [-81.01338, 38.261131, 0.0], [-81.0132943, 38.2613142, 0.0], [-81.0129276, 38.2616619, 0.0], [-81.0127896, 38.2617853, 0.0], [-81.0127419, 38.2619161, 0.0], [-81.0127134, 38.2620881, 0.0], [-81.0127657, 38.2622376, 0.0], [-81.0128181, 38.2623722, 0.0], [-81.0129705, 38.2625218, 0.0], [-81.0132038, 38.2627162, 0.0], [-81.0136752, 38.2631013, 0.0], [-81.0138514, 38.2631386, 0.0], [-81.0139847, 38.2631461, 0.0], [-81.0142037, 38.2631386, 0.0], [-81.0146465, 38.2631611, 0.0], [-81.0148703, 38.2632209, 0.0], [-81.015037, 38.2632658, 0.0], [-81.0151941, 38.2632396, 0.0], [-81.01532260000002, 38.263146099999986, 0.0], [-81.0155464, 38.2628134, 0.0], [-81.0156655, 38.2627386, 0.0], [-81.0158559, 38.2626825, 0.0], [-81.0168654, 38.2628994, 0.0], [-81.0172368, 38.2628994, 0.0], [-81.017551, 38.262847, 0.0], [-81.0178795, 38.2627685, 0.0], [-81.0181319, 38.262604, 0.0], [-81.0183652, 38.2623797, 0.0], [-81.0187318, 38.2617479, 0.0], [-81.0188652, 38.2616694, 0.0], [-81.0190604, 38.2616582, 0.0], [-81.0194514, 38.2617918, 0.0], [-81.019611, 38.26188230000001, 0.0], [-81.019819, 38.262162, 0.0], [-81.0201252, 38.2628776, 0.0], [-81.0203184, 38.2633988, 0.0], [-81.0203412, 38.2636452, 0.0], [-81.0204833, 38.2638779, 0.0], [-81.0207038, 38.264102, 0.0], [-81.0208187, 38.264207, 0.0], [-81.0208442, 38.2642371, 0.0], [-81.0208651, 38.2642598, 0.0], [-81.0208996, 38.2642973, 0.0], [-81.0214275, 38.2649626, 0.0], [-81.0214997, 38.2651241, 0.0]]}}, {"type": "Feature", "properties": {"osm_id": "699147692", "name": "Lyonsville Road", "highway": "track", "waterway": null, "aerialway": null, "barrier": null, "man_made": null, "railway": null, "z_order": 0, "other_tags": null}, "geometry": {"type": "LineString", "coordinates": [[-81.0575772, 38.2591901, 0.0], [-81.0575312, 38.259016, 0.0], [-81.0575048, 38.25895219999999, 0.0], [-81.0574865, 38.2588612, 0.0], [-81.05747680000002, 38.2587719, 0.0], [-81.0574723, 38.25873029999999, 0.0], [-81.0574519, 38.2586569, 0.0], [-81.0574296, 38.258626600000014, 0.0]]}}, {"type": "Feature", "properties": {"osm_id": "699147693", "name": "King Avenue", "highway": "track", "waterway": null, "aerialway": null, "barrier": null, "man_made": null, "railway": null, "z_order": 0, "other_tags": null}, "geometry": {"type": "LineString", "coordinates": [[-81.05747680000002, 38.2587719, 0.0], [-81.0577304, 38.2587255, 0.0], [-81.0581207, 38.2586793, 0.0]]}}, {"type": "Feature", "properties": {"osm_id": "744496601", "name": null, "highway": "service", "waterway": null, "aerialway": null, "barrier": null, "man_made": null, "railway": null, "z_order": 0, "other_tags": "\"service\"=>\"driveway\""}, "geometry": {"type": "LineString", "coordinates": [[-80.9170667, 38.3931788, 0.0], [-80.9168485, 38.3932575, 0.0], [-80.9165644, 38.3934129, 0.0]]}}, {"type": "Feature", "properties": {"osm_id": "744496602", "name": null, "highway": "service", "waterway": null, "aerialway": null, "barrier": null, "man_made": null, "railway": null, "z_order": 0, "other_tags": "\"service\"=>\"driveway\""}, "geometry": {"type": "LineString", "coordinates": [[-80.9167376, 38.3929752, 0.0], [-80.9166532, 38.3930047, 0.0], [-80.9165585, 38.3929977, 0.0], [-80.91633112835935, 38.392890204834515, 0.0]]}}, {"type": "Feature", "properties": {"osm_id": "744496603", "name": null, "highway": "service", "waterway": null, "aerialway": null, "barrier": null, "man_made": null, "railway": null, "z_order": 0, "other_tags": "\"service\"=>\"driveway\""}, "geometry": {"type": "LineString", "coordinates": [[-80.9169311, 38.3930949, 0.0], [-80.9169151, 38.3929851, 0.0], [-80.9168732, 38.3926998, 0.0], [-80.9169151, 38.3926309, 0.0], [-80.9169946, 38.3926046, 0.0], [-80.9171528, 38.39259109999998, 0.0]]}}, {"type": "Feature", "properties": {"osm_id": "744496604", "name": null, "highway": "service", "waterway": null, "aerialway": null, "barrier": null, "man_made": null, "railway": null, "z_order": 0, "other_tags": "\"service\"=>\"driveway\""}, "geometry": {"type": "LineString", "coordinates": [[-80.9192689, 38.3972378, 0.0], [-80.919207, 38.39727589999998, 0.0], [-80.9191005, 38.397308399999986, 0.0], [-80.9188696, 38.3973385, 0.0], [-80.918698, 38.3973965, 0.0], [-80.9180825, 38.3976655, 0.0], [-80.9179019, 38.3977073, 0.0], [-80.9176859, 38.3977073, 0.0], [-80.9174196, 38.3977119, 0.0], [-80.9172657, 38.3977397, 0.0], [-80.9171532, 38.3977977, 0.0], [-80.9170585, 38.3978859, 0.0], [-80.9168781, 38.3981222, 0.0], [-80.91675840000002, 38.398182900000016, 0.0], [-80.91674610810047, 38.398184510461974, 0.0]]}}, {"type": "Feature", "properties": {"osm_id": "744496606", "name": null, "highway": "service", "waterway": null, "aerialway": null, "barrier": null, "man_made": null, "railway": null, "z_order": 0, "other_tags": "\"service\"=>\"driveway\""}, "geometry": {"type": "LineString", "coordinates": [[-80.9180753, 38.3944339, 0.0], [-80.9179411, 38.3944913, 0.0], [-80.9177818, 38.3946162, 0.0], [-80.9175977, 38.3947683, 0.0], [-80.9174185, 38.3948619, 0.0], [-80.9171945, 38.3949126, 0.0], [-80.9168959, 38.3949438, 0.0], [-80.9166521, 38.3949438, 0.0], [-80.91648931697105, 38.3949083728899, 0.0]]}}, {"type": "Feature", "properties": {"osm_id": "744496607", "name": null, "highway": "service", "waterway": null, "aerialway": null, "barrier": null, "man_made": null, "railway": null, "z_order": 0, "other_tags": "\"service\"=>\"driveway\""}, "geometry": {"type": "LineString", "coordinates": [[-80.9192622, 38.402315899999984, 0.0], [-80.9189891, 38.4023509, 0.0], [-80.9188659, 38.4023205, 0.0], [-80.9187392, 38.4021992, 0.0], [-80.9185668, 38.4020696, 0.0]]}}, {"type": "Feature", "properties": {"osm_id": "744496608", "name": null, "highway": "service", "waterway": null, "aerialway": null, "barrier": null, "man_made": null, "railway": null, "z_order": 0, "other_tags": "\"service\"=>\"driveway\""}, "geometry": {"type": "LineString", "coordinates": [[-80.9198371, 38.4019051, 0.0], [-80.9200484, 38.4020254, 0.0], [-80.9202595, 38.4021854, 0.0], [-80.9203581, 38.4022929, 0.0], [-80.9204848, 38.4025053, 0.0]]}}, {"type": "Feature", "properties": {"osm_id": "744496609", "name": "Clay-Summersville Road", "highway": "secondary", "waterway": null, "aerialway": null, "barrier": null, "man_made": null, "railway": null, "z_order": 6, "other_tags": "\"alt_name\"=>\"Swandale Road\",\"ref\"=>\"CR 15\",\"tiger:cfcc\"=>\"A41\",\"tiger:county\"=>\"Clay, WV\",\"tiger:name_base\"=>\"County Route 15\",\"tiger:name_base_1\"=>\"Peach Orchard\",\"tiger:name_type_1\"=>\"Rd\",\"tiger:reviewed\"=>\"yes\""}, "geometry": {"type": "LineString", "coordinates": [[-80.9217811, 38.409062, 0.0], [-80.92176, 38.4091869, 0.0], [-80.9217354, 38.4092753, 0.0], [-80.921616, 38.4094937, 0.0], [-80.9214517, 38.4096887, 0.0], [-80.9211658, 38.4099916, 0.0], [-80.9209943, 38.4101195, 0.0], [-80.9207515, 38.410254, 0.0], [-80.9198643, 38.4106639, 0.0], [-80.9194428, 38.410885, 0.0], [-80.9191044, 38.4111034, 0.0], [-80.9188705, 38.4113062, 0.0], [-80.9186833, 38.4115523, 0.0], [-80.918524, 38.411915, 0.0], [-80.9180603, 38.413088, 0.0], [-80.9180315, 38.4132358, 0.0], [-80.9180482, 38.4133538, 0.0], [-80.91808650000002, 38.413417199999984, 0.0], [-80.9181268, 38.4134838, 0.0], [-80.9182511, 38.4135905, 0.0], [-80.9183932, 38.4136508, 0.0], [-80.9186713, 38.4137203, 0.0], [-80.918725, 38.4137437, 0.0], [-80.9187779, 38.41376669999999, 0.0], [-80.9188691, 38.4138421, 0.0], [-80.9189076, 38.4139279, 0.0], [-80.9189372, 38.4140508, 0.0], [-80.9189165, 38.4144056, 0.0], [-80.9189312, 38.4145285, 0.0], [-80.91899030000002, 38.41466909999998, 0.0], [-80.9190923, 38.4147739, 0.0], [-80.9192683, 38.4149007, 0.0], [-80.9195182, 38.4149945, 0.0], [-80.9196941, 38.4150248, 0.0], [-80.91982, 38.4150268, 0.0], [-80.9198666, 38.4150276, 0.0], [-80.9199575, 38.4150081, 0.0], [-80.9200047, 38.414998, 0.0], [-80.9200601, 38.4149862, 0.0], [-80.9206408, 38.41483729999999, 0.0], [-80.9209043, 38.4147827, 0.0], [-80.9209998, 38.4147628, 0.0], [-80.921218, 38.4147353, 0.0], [-80.9216579, 38.4147022, 0.0], [-80.921869, 38.4146746, 0.0], [-80.9220872, 38.4146084, 0.0], [-80.9222843, 38.4145174, 0.0], [-80.9225626, 38.4144082, 0.0], [-80.922684, 38.4143787, 0.0], [-80.9228012, 38.4143787, 0.0], [-80.9229351, 38.41443120000001, 0.0], [-80.923023, 38.4145033, 0.0], [-80.9230732, 38.4146017, 0.0], [-80.9231025, 38.41471640000001, 0.0], [-80.9231276, 38.4149558, 0.0], [-80.9231611, 38.415087, 0.0], [-80.9232323, 38.4152182, 0.0], [-80.9235067, 38.415616, 0.0], [-80.9235701, 38.4157814, 0.0], [-80.9235982, 38.4159607, 0.0], [-80.9235771, 38.4161013, 0.0], [-80.9235243, 38.416253, 0.0], [-80.9234132, 38.4164958, 0.0], [-80.9233984, 38.4166233, 0.0], [-80.9234191, 38.4167462, 0.0], [-80.923494, 38.4168692, 0.0], [-80.9235519458525, 38.41693126644645, 0.0]]}}, {"type": "Feature", "properties": {"osm_id": "744496610", "name": null, "highway": "service", "waterway": null, "aerialway": null, "barrier": null, "man_made": null, "railway": null, "z_order": 0, "other_tags": "\"service\"=>\"driveway\""}, "geometry": {"type": "LineString", "coordinates": [[-80.9201515, 38.4072884, 0.0], [-80.9200084, 38.407337, 0.0], [-80.9197198, 38.4073682, 0.0], [-80.9195257, 38.4073604, 0.0], [-80.9191325, 38.4072629, 0.0], [-80.9189881, 38.4072551, 0.0], [-80.91886370000002, 38.4072824, 0.0], [-80.9186945, 38.4073292, 0.0], [-80.91858, 38.407337, 0.0], [-80.9184805, 38.4073097, 0.0]]}}, {"type": "Feature", "properties": {"osm_id": "744496611", "name": null, "highway": "service", "waterway": null, "aerialway": null, "barrier": null, "man_made": null, "railway": null, "z_order": 0, "other_tags": "\"service\"=>\"driveway\""}, "geometry": {"type": "LineString", "coordinates": [[-80.9191375, 38.4060578, 0.0], [-80.919456, 38.4061241, 0.0]]}}, {"type": "Feature", "properties": {"osm_id": "744496612", "name": null, "highway": "service", "waterway": null, "aerialway": null, "barrier": null, "man_made": null, "railway": null, "z_order": 0, "other_tags": "\"service\"=>\"driveway\""}, "geometry": {"type": "LineString", "coordinates": [[-80.9191202, 38.4052737, 0.0], [-80.9190479, 38.4054064, 0.0], [-80.9189782, 38.4056326, 0.0]]}}, {"type": "Feature", "properties": {"osm_id": "744496613", "name": null, "highway": "service", "waterway": null, "aerialway": null, "barrier": null, "man_made": null, "railway": null, "z_order": 0, "other_tags": "\"service\"=>\"driveway\""}, "geometry": {"type": "LineString", "coordinates": [[-80.9191175, 38.4051568, 0.0], [-80.91895330000001, 38.4052933, 0.0], [-80.9187293, 38.4054142, 0.0], [-80.9186248, 38.4054337, 0.0], [-80.91858, 38.4053986, 0.0], [-80.9185701, 38.4053089, 0.0]]}}, {"type": "Feature", "properties": {"osm_id": "744496615", "name": null, "highway": "service", "waterway": null, "aerialway": null, "barrier": null, "man_made": null, "railway": null, "z_order": 0, "other_tags": "\"service\"=>\"driveway\""}, "geometry": {"type": "LineString", "coordinates": [[-80.9189737, 38.4133346, 0.0], [-80.918725, 38.4137437, 0.0]]}}, {"type": "Feature", "properties": {"osm_id": "744496616", "name": null, "highway": "service", "waterway": null, "aerialway": null, "barrier": null, "man_made": null, "railway": null, "z_order": 0, "other_tags": "\"service\"=>\"driveway\""}, "geometry": {"type": "LineString", "coordinates": [[-80.9180603, 38.413088, 0.0], [-80.91791169301261, 38.41305502617202, 0.0]]}}, {"type": "Feature", "properties": {"osm_id": "744496617", "name": null, "highway": "service", "waterway": null, "aerialway": null, "barrier": null, "man_made": null, "railway": null, "z_order": 0, "other_tags": "\"service\"=>\"driveway\""}, "geometry": {"type": "LineString", "coordinates": [[-80.91808650000002, 38.413417199999984, 0.0], [-80.91795159840113, 38.41356413855047, 0.0]]}}, {"type": "Feature", "properties": {"osm_id": "744496618", "name": null, "highway": "service", "waterway": null, "aerialway": null, "barrier": null, "man_made": null, "railway": null, "z_order": 0, "other_tags": "\"service\"=>\"driveway\""}, "geometry": {"type": "LineString", "coordinates": [[-80.9209043, 38.4147827, 0.0], [-80.9207982, 38.4147234, 0.0], [-80.920573, 38.4146599, 0.0], [-80.9203231, 38.4146296, 0.0]]}}, {"type": "Feature", "properties": {"osm_id": "744496619", "name": null, "highway": "service", "waterway": null, "aerialway": null, "barrier": null, "man_made": null, "railway": null, "z_order": 0, "other_tags": "\"service\"=>\"driveway\""}, "geometry": {"type": "LineString", "coordinates": [[-80.91982, 38.4150268, 0.0], [-80.9196615, 38.4150846, 0.0], [-80.9194398, 38.4151259, 0.0]]}}, {"type": "Feature", "properties": {"osm_id": "749633473", "name": null, "highway": "service", "waterway": null, "aerialway": null, "barrier": null, "man_made": null, "railway": null, "z_order": 0, "other_tags": "\"service\"=>\"driveway\""}, "geometry": {"type": "LineString", "coordinates": [[-80.92420246128553, 38.41690535160791, 0.0], [-80.9241757, 38.4167912, 0.0], [-80.9241871, 38.4165385, 0.0], [-80.9242478, 38.4164286, 0.0], [-80.9244602, 38.4162027, 0.0]]}}, {"type": "Feature", "properties": {"osm_id": "749633474", "name": "Century Lane", "highway": "unclassified", "waterway": null, "aerialway": null, "barrier": null, "man_made": null, "railway": null, "z_order": 3, "other_tags": null}, "geometry": {"type": "LineString", "coordinates": [[-80.9199575, 38.4150081, 0.0], [-80.91994950000002, 38.4150566, 0.0], [-80.9198905, 38.4151218, 0.0], [-80.919566, 38.415334, 0.0], [-80.9193568, 38.41554, 0.0], [-80.9191303, 38.4159015, 0.0], [-80.9189644, 38.4161439, 0.0], [-80.9187762, 38.4164938, 0.0], [-80.9186774, 38.4166112, 0.0], [-80.9185562, 38.4167062, 0.0], [-80.9184475, 38.4168154, 0.0], [-80.9183742, 38.4169229, 0.0], [-80.918288, 38.41706279999998, 0.0], [-80.91823065173567, 38.417124297018404, 0.0]]}}, {"type": "Feature", "properties": {"osm_id": "749633480", "name": null, "highway": "service", "waterway": null, "aerialway": null, "barrier": null, "man_made": null, "railway": null, "z_order": 0, "other_tags": "\"service\"=>\"driveway\""}, "geometry": {"type": "LineString", "coordinates": [[-80.9228012, 38.4143787, 0.0], [-80.92282760000002, 38.4142271, 0.0], [-80.92282760000002, 38.4139918, 0.0], [-80.9227364, 38.4137984, 0.0], [-80.9226023, 38.4135378, 0.0], [-80.9226077, 38.4134117, 0.0], [-80.9226989, 38.4132772, 0.0]]}}, {"type": "Feature", "properties": {"osm_id": "790434880", "name": null, "highway": "track", "waterway": null, "aerialway": null, "barrier": null, "man_made": null, "railway": null, "z_order": 0, "other_tags": null}, "geometry": {"type": "LineString", "coordinates": [[-80.9293351, 38.3416583, 0.0], [-80.9308878, 38.3428971, 0.0], [-80.9310702, 38.3430822, 0.0], [-80.9312419, 38.3432925, 0.0], [-80.931435, 38.3435827, 0.0], [-80.9314779, 38.3436711, 0.0], [-80.9316227, 38.3442726, 0.0], [-80.9316441, 38.344525, 0.0], [-80.9316334, 38.34479420000002, 0.0], [-80.9315905, 38.34494140000002, 0.0], [-80.9315047, 38.3451223, 0.0], [-80.9312365, 38.3455303, 0.0], [-80.9311185, 38.3457743, 0.0], [-80.9310649, 38.3460057, 0.0], [-80.931038, 38.3462833, 0.0], [-80.9310434, 38.3463548, 0.0], [-80.931097, 38.3464768, 0.0], [-80.9312365, 38.3466198, 0.0], [-80.9314993, 38.346767, 0.0], [-80.9327276, 38.3471877, 0.0], [-80.932969, 38.3473181, 0.0], [-80.9333016, 38.3476209, 0.0], [-80.9335108, 38.3478944, 0.0], [-80.9337253, 38.3482267, 0.0], [-80.9339238, 38.3486894, 0.0], [-80.9339077, 38.3488072, 0.0], [-80.933854, 38.3489712, 0.0], [-80.9334839, 38.3496358, 0.0], [-80.9334088, 38.3498882, 0.0], [-80.9333981, 38.3500523, 0.0], [-80.9334249, 38.3501574, 0.0], [-80.9335429, 38.3503425, 0.0], [-80.9337897, 38.3505612, 0.0], [-80.9341651, 38.350801, 0.0], [-80.9347873, 38.35131, 0.0], [-80.9350502, 38.35147829999999, 0.0], [-80.9352647, 38.351566599999984, 0.0], [-80.9354203, 38.351596, 0.0], [-80.9356026, 38.351596, 0.0], [-80.9360532, 38.3515371, 0.0], [-80.9364501, 38.351411, 0.0], [-80.9367505, 38.3512469, 0.0], [-80.936949, 38.3510744, 0.0], [-80.9370723, 38.3509567, 0.0], [-80.9383221, 38.3499261, 0.0], [-80.9385045, 38.3497999, 0.0], [-80.9387727, 38.3496695, 0.0], [-80.9389819, 38.3496148, 0.0], [-80.9391642, 38.3496106, 0.0], [-80.9392876, 38.3496316, 0.0], [-80.9393627, 38.3496653, 0.0], [-80.9394753, 38.3497662, 0.0], [-80.9398079, 38.35022889999998, 0.0], [-80.9399742, 38.350536, 0.0], [-80.9400278, 38.3508263, 0.0], [-80.9400975, 38.351347899999986, 0.0], [-80.9400922, 38.3515119, 0.0], [-80.9399956, 38.3517433, 0.0], [-80.9397328, 38.3522607, 0.0], [-80.9397167, 38.3524499, 0.0], [-80.9397918, 38.352736, 0.0], [-80.9399473, 38.353089299999986, 0.0], [-80.9402048, 38.3534216, 0.0], [-80.9403925, 38.3536109, 0.0], [-80.9404569, 38.3536951, 0.0], [-80.94050520000002, 38.3538086, 0.0], [-80.9404945, 38.3538928, 0.0], [-80.9403979, 38.3540736, 0.0], [-80.94013510000002, 38.3544101, 0.0], [-80.9398186, 38.3547214, 0.0], [-80.939765, 38.3548266, 0.0], [-80.9397703, 38.3548476, 0.0], [-80.9398669, 38.3549486, 0.0], [-80.9401083, 38.35507059999998, 0.0], [-80.9408216, 38.3553229, 0.0], [-80.9410952, 38.3553987, 0.0], [-80.9412776, 38.3554323, 0.0], [-80.9414814, 38.3554491, 0.0], [-80.9420285, 38.3554449, 0.0], [-80.9421841, 38.355466, 0.0], [-80.9423986, 38.3555164, 0.0], [-80.9425756, 38.3556006, 0.0], [-80.9426829, 38.3556721, 0.0], [-80.9428116, 38.3557941, 0.0], [-80.942876, 38.3558824, 0.0], [-80.9429082, 38.3559581, 0.0], [-80.9428814, 38.3560633, 0.0], [-80.9428545, 38.3561011, 0.0], [-80.942758, 38.3561516, 0.0], [-80.9420982, 38.3563367, 0.0], [-80.9418032, 38.3564335, 0.0], [-80.9412025, 38.35669, 0.0], [-80.9407787, 38.3568499, 0.0], [-80.9398937, 38.3570728, 0.0], [-80.938887, 38.3574359, 0.0], [-80.9385501, 38.35739119999999, 0.0], [-80.9382983, 38.3573137, 0.0], [-80.9379027, 38.3573207, 0.0], [-80.9372733, 38.357772, 0.0], [-80.9371295, 38.3578848, 0.0], [-80.9371115, 38.3580117, 0.0], [-80.9372194, 38.358202, 0.0], [-80.9372644, 38.3583289, 0.0], [-80.93742620000002, 38.3585757, 0.0], [-80.9374622, 38.3587096, 0.0], [-80.9374082, 38.3589493, 0.0], [-80.9372644, 38.3590762, 0.0], [-80.9369047, 38.3592384, 0.0], [-80.9362034, 38.3593864, 0.0], [-80.9343962, 38.3604158, 0.0], [-80.93400960000001, 38.36066249999999, 0.0], [-80.9332904, 38.3616213, 0.0], [-80.9329667, 38.3624673, 0.0], [-80.9332814, 38.362671699999986, 0.0]]}}, {"type": "Feature", "properties": {"osm_id": "790434881", "name": null, "highway": "track", "waterway": null, "aerialway": null, "barrier": null, "man_made": null, "railway": null, "z_order": 0, "other_tags": "\"tiger:cfcc\"=>\"A51\",\"tiger:county\"=>\"Nicholas, WV\",\"tiger:reviewed\"=>\"no\""}, "geometry": {"type": "LineString", "coordinates": [[-80.9332814, 38.362671699999986, 0.0], [-80.933756, 38.3620329, 0.0], [-80.9343089, 38.3614718, 0.0], [-80.9353415, 38.3609108, 0.0], [-80.9367401, 38.3604772, 0.0], [-80.9385939, 38.35998630000001, 0.0], [-80.9391224, 38.359846, 0.0], [-80.9393907, 38.3597185, 0.0], [-80.9401713, 38.3591383, 0.0], [-80.9411207, 38.3585415, 0.0], [-80.9419823, 38.3581185, 0.0], [-80.942784, 38.3579152, 0.0], [-80.9435857, 38.3577457, 0.0], [-80.94386190000002, 38.35771579999999, 0.0], [-80.9443745, 38.3575759, 0.0], [-80.9450011, 38.356996, 0.0], [-80.9454727, 38.35627559999998, 0.0], [-80.9462614, 38.3558611, 0.0], [-80.9474485, 38.355249, 0.0], [-80.9482209, 38.3545221, 0.0], [-80.9491967, 38.3536231, 0.0], [-80.9498309, 38.3532979, 0.0], [-80.9504651, 38.3532469, 0.0], [-80.9510505, 38.3533744, 0.0], [-80.952644, 38.353712, 0.0], [-80.954562, 38.35417, 0.0], [-80.955754, 38.354238, 0.0], [-80.956394, 38.354398, 0.0], [-80.956917, 38.354421, 0.0], [-80.957673, 38.354077, 0.0], [-80.958225, 38.353368, 0.0], [-80.958545, 38.352727, 0.0], [-80.958399, 38.352406, 0.0], [-80.958298, 38.351854, 0.0], [-80.958224, 38.351445, 0.0], [-80.958021, 38.351079, 0.0], [-80.95773, 38.350071, 0.0], [-80.957555, 38.348675, 0.0], [-80.957555, 38.34808, 0.0], [-80.957758, 38.346935, 0.0], [-80.957554, 38.345607, 0.0], [-80.957552, 38.345568, 0.0], [-80.957506, 38.344824, 0.0], [-80.957496, 38.344646, 0.0], [-80.957855, 38.343536, 0.0], [-80.958193, 38.342494, 0.0], [-80.9581288, 38.3404167, 0.0], [-80.9581218, 38.3397237, 0.0], [-80.9582378, 38.3394497, 0.0], [-80.9588188, 38.3389687, 0.0], [-80.96086880000001, 38.3383377, 0.0], [-80.9612018, 38.3382357, 0.0], [-80.9615798, 38.3379147, 0.0], [-80.9617828, 38.3375257, 0.0], [-80.961881, 38.334664, 0.0], [-80.961969, 38.334458, 0.0], [-80.9634179, 38.3328915, 0.0], [-80.9636271, 38.332618, 0.0], [-80.9638256, 38.3321846, 0.0], [-80.9643245, 38.3315829, 0.0], [-80.96448, 38.3312504, 0.0], [-80.9646034, 38.3310106, 0.0], [-80.9646142, 38.33072439999999, 0.0], [-80.9645766, 38.330434099999984, 0.0], [-80.9645122, 38.32986180000001, 0.0], [-80.9645417, 38.32929149999999, 0.0], [-80.9645981, 38.3290748, 0.0], [-80.9647965, 38.3287803, 0.0], [-80.9649253, 38.32856769999999, 0.0], [-80.9650058, 38.3284541, 0.0], [-80.9650862, 38.3283721, 0.0], [-80.9652311, 38.3282711, 0.0], [-80.9657139, 38.3279744, 0.0], [-80.9659848, 38.3277555, 0.0], [-80.9675673, 38.3261753, 0.0], [-80.9677175, 38.3260491, 0.0], [-80.9678677, 38.3259839, 0.0], [-80.968101, 38.3259754, 0.0], [-80.9685838, 38.3261143, 0.0], [-80.9688252, 38.3261375, 0.0], [-80.9690452, 38.3260617, 0.0], [-80.9691417, 38.325986, 0.0], [-80.9692383, 38.3257797, 0.0], [-80.9694469, 38.3253396, 0.0]]}}, {"type": "Feature", "properties": {"osm_id": "790434889", "name": null, "highway": "track", "waterway": null, "aerialway": null, "barrier": null, "man_made": null, "railway": null, "z_order": 0, "other_tags": null}, "geometry": {"type": "LineString", "coordinates": [[-80.9385753, 38.3416267, 0.0], [-80.9383768, 38.3413827, 0.0], [-80.9382749, 38.3413196, 0.0], [-80.9381408, 38.3412607, 0.0], [-80.9379316, 38.3412354, 0.0], [-80.9375239, 38.3412186, 0.0], [-80.9373629, 38.3412018, 0.0], [-80.9368801, 38.3411681, 0.0], [-80.9362686, 38.3410755, 0.0], [-80.9359735, 38.3410503, 0.0], [-80.9356624, 38.3410755, 0.0], [-80.9348846, 38.3413322, 0.0], [-80.934273, 38.3414837, 0.0], [-80.9340853, 38.3415131, 0.0], [-80.9336937, 38.3415215, 0.0], [-80.9334737, 38.3414963, 0.0], [-80.9329641, 38.3413953, 0.0], [-80.9326154, 38.3413027, 0.0], [-80.932138, 38.3412018, 0.0], [-80.9317893, 38.341084, 0.0], [-80.9315533, 38.3409535, 0.0], [-80.9314621, 38.3408862, 0.0], [-80.9310973, 38.3405496, 0.0], [-80.9308559, 38.3402173, 0.0], [-80.9306896, 38.34012889999999, 0.0], [-80.9303838, 38.3397587, 0.0], [-80.9302497, 38.3395315, 0.0], [-80.9299815, 38.3389887, 0.0], [-80.9298527, 38.3387868, 0.0], [-80.9295791, 38.338446, 0.0], [-80.9294397, 38.338324, 0.0], [-80.9290481, 38.3380589, 0.0], [-80.9288871, 38.3378906, 0.0], [-80.9287262, 38.3376634, 0.0], [-80.9286189, 38.3373942, 0.0], [-80.9285653, 38.3369356, 0.0], [-80.9284687, 38.336599, 0.0], [-80.9285116, 38.3360604, 0.0], [-80.9286833, 38.335564, 0.0], [-80.9287637, 38.3350759, 0.0], [-80.9288442, 38.3349161, 0.0], [-80.9292412, 38.3345627, 0.0], [-80.9298635, 38.3340704, 0.0], [-80.9301478, 38.3336707, 0.0], [-80.9303087, 38.3333804, 0.0], [-80.9303463, 38.3332121, 0.0], [-80.9303355, 38.333027, 0.0], [-80.9301317, 38.3319163, 0.0], [-80.9300834, 38.3315376, 0.0], [-80.9300834, 38.3314156, 0.0], [-80.9301209, 38.3312683, 0.0], [-80.9301692, 38.3311674, 0.0], [-80.9302497, 38.3310664, 0.0], [-80.9303677, 38.3309949, 0.0], [-80.9305447, 38.3309402, 0.0], [-80.930931, 38.3308518, 0.0], [-80.9312743, 38.330713, 0.0], [-80.9315157, 38.3305657, 0.0], [-80.9318912, 38.33029219999999, 0.0], [-80.9320361, 38.330166, 0.0], [-80.9323043, 38.3299346, 0.0], [-80.9325028, 38.3296822, 0.0], [-80.9326422, 38.3293708, 0.0], [-80.932712, 38.3290763, 0.0], [-80.9328178, 38.32866829999998, 0.0], [-80.9338431, 38.3276676, 0.0], [-80.9348326, 38.3272, 0.0], [-80.9358222, 38.3268352, 0.0], [-80.9359414, 38.32662939999999, 0.0]]}}, {"type": "Feature", "properties": {"osm_id": "790434890", "name": null, "highway": "track", "waterway": null, "aerialway": null, "barrier": null, "man_made": null, "railway": null, "z_order": 0, "other_tags": null}, "geometry": {"type": "LineString", "coordinates": [[-80.9285116, 38.3360604, 0.0], [-80.928458, 38.3360926, 0.0], [-80.9281629, 38.3366355, 0.0], [-80.9278893, 38.3373257, 0.0], [-80.9276372, 38.3377255, 0.0], [-80.9273261, 38.3381127, 0.0], [-80.9271329, 38.33848720000001, 0.0], [-80.9270847, 38.3386345, 0.0], [-80.9270847, 38.3391732, 0.0], [-80.9272134, 38.3396698, 0.0], [-80.9272402, 38.33993069999999, 0.0], [-80.9272939, 38.3401832, 0.0], [-80.9273529, 38.3403263, 0.0], [-80.9274173, 38.3404273, 0.0], [-80.92755140000001, 38.3405452, 0.0], [-80.9277928, 38.3406925, 0.0], [-80.9280288, 38.3408061, 0.0], [-80.9284955, 38.3409913, 0.0], [-80.928812, 38.341168, 0.0], [-80.9288978, 38.3412438, 0.0], [-80.9293351, 38.3416583, 0.0]]}}, {"type": "Feature", "properties": {"osm_id": "790434891", "name": null, "highway": "track", "waterway": null, "aerialway": null, "barrier": null, "man_made": null, "railway": null, "z_order": 0, "other_tags": null}, "geometry": {"type": "LineString", "coordinates": [[-80.9508502, 38.3267204, 0.0], [-80.9510969, 38.3262827, 0.0], [-80.9512364, 38.3260849, 0.0], [-80.95129, 38.3258745, 0.0], [-80.9512364, 38.3254537, 0.0], [-80.9512364, 38.32486870000001, 0.0], [-80.9512846, 38.3247214, 0.0], [-80.951408, 38.3245783, 0.0], [-80.9517781, 38.3244268, 0.0], [-80.9520945, 38.32441, 0.0], [-80.9522822, 38.3244184, 0.0], [-80.952427, 38.3244436, 0.0], [-80.9528453, 38.3246541, 0.0]]}}, {"type": "Feature", "properties": {"osm_id": "790434892", "name": null, "highway": "track", "waterway": null, "aerialway": null, "barrier": null, "man_made": null, "railway": null, "z_order": 0, "other_tags": null}, "geometry": {"type": "LineString", "coordinates": [[-80.9528453, 38.3246541, 0.0], [-80.9524377, 38.3253442, 0.0], [-80.9522017, 38.3259166, 0.0]]}}, {"type": "Feature", "properties": {"osm_id": "790434893", "name": null, "highway": "track", "waterway": null, "aerialway": null, "barrier": null, "man_made": null, "railway": null, "z_order": 0, "other_tags": null}, "geometry": {"type": "LineString", "coordinates": [[-80.9528453, 38.3246541, 0.0], [-80.95322070000002, 38.3240312, 0.0], [-80.9537195, 38.3230717, 0.0], [-80.9539501, 38.32257929999999, 0.0], [-80.9540842, 38.3223689, 0.0], [-80.9542666, 38.3221416, 0.0], [-80.9544435, 38.3218723, 0.0], [-80.9545133, 38.3215567, 0.0], [-80.9545615, 38.3208539, 0.0], [-80.9547781, 38.3206733, 0.0], [-80.9551105, 38.3206547, 0.0], [-80.9553796, 38.3208969, 0.0], [-80.9556601, 38.3211618, 0.0]]}}, {"type": "Feature", "properties": {"osm_id": "790434897", "name": null, "highway": "unclassified", "waterway": null, "aerialway": null, "barrier": null, "man_made": null, "railway": null, "z_order": 3, "other_tags": null}, "geometry": {"type": "LineString", "coordinates": [[-81.0464085, 38.3221882, 0.0], [-81.046233, 38.322397, 0.0], [-81.0455841, 38.3226873, 0.0], [-81.0453374, 38.3228892, 0.0], [-81.0451979, 38.3230323, 0.0], [-81.0451336, 38.3231711, 0.0], [-81.0451336, 38.323352, 0.0], [-81.0452784, 38.32427340000001, 0.0], [-81.0452784, 38.324736199999975, 0.0], [-81.0452408, 38.32489609999999, 0.0], [-81.04511210000001, 38.3252453, 0.0], [-81.0450478, 38.3254893, 0.0], [-81.044919, 38.3258679, 0.0], [-81.044785, 38.3264359, 0.0], [-81.0446187, 38.326966, 0.0], [-81.04457040000001, 38.3272184, 0.0], [-81.0445222, 38.3277528, 0.0], [-81.0445436, 38.328022, 0.0], [-81.0444846, 38.3281525, 0.0], [-81.0442111, 38.328468, 0.0], [-81.0440663, 38.3286742, 0.0], [-81.0438786, 38.3291874, 0.0], [-81.0437499, 38.3294525, 0.0], [-81.0436426, 38.3297807, 0.0], [-81.0436212, 38.32990690000001, 0.0], [-81.0436587, 38.3300163, 0.0], [-81.04385710000001, 38.3302182, 0.0], [-81.0442218, 38.3306389, 0.0], [-81.0444954, 38.3309965, 0.0], [-81.0446509, 38.3313331, 0.0], [-81.0446723, 38.3315225, 0.0], [-81.0446294, 38.3316276, 0.0], [-81.0445758, 38.3316865, 0.0], [-81.0444203, 38.331774899999985, 0.0], [-81.044136, 38.3318464, 0.0], [-81.0436855, 38.3318927, 0.0], [-81.0435461, 38.3319263, 0.0], [-81.0432243, 38.33200209999998, 0.0], [-81.0431387, 38.332082, 0.0]]}}, {"type": "Feature", "properties": {"osm_id": "790434898", "name": null, "highway": "unclassified", "waterway": null, "aerialway": null, "barrier": null, "man_made": null, "railway": null, "z_order": 3, "other_tags": null}, "geometry": {"type": "LineString", "coordinates": [[-81.0431387, 38.332082, 0.0], [-81.0429243, 38.33247749999999, 0.0], [-81.0428653, 38.3327258, 0.0], [-81.0428278, 38.3331297, 0.0], [-81.0428492, 38.3335253, 0.0], [-81.042994, 38.3341438, 0.0], [-81.0431869, 38.33432890000001, 0.0], [-81.0433156, 38.3345562, 0.0], [-81.0434389, 38.33495169999998, 0.0], [-81.0434818, 38.3352462, 0.0], [-81.0435032, 38.336336, 0.0], [-81.043396, 38.3372701, 0.0], [-81.043396, 38.3374721, 0.0], [-81.0434282, 38.3376825, 0.0], [-81.043589, 38.3381454, 0.0], [-81.0438624, 38.338625, 0.0]]}}, {"type": "Feature", "properties": {"osm_id": "790434899", "name": "Nicholas Road", "highway": "unclassified", "waterway": null, "aerialway": null, "barrier": null, "man_made": null, "railway": null, "z_order": 3, "other_tags": "\"name_1\"=>\"CR 20/1\",\"name_3\"=>\"Twentymile Creek\",\"ref\"=>\"CR 20/38\",\"tiger:cfcc\"=>\"A41\",\"tiger:county\"=>\"Nicholas, WV\",\"tiger:name_base\"=>\"Nicholas\",\"tiger:name_base_1\"=>\"County Route 20/1\",\"tiger:name_base_2\"=>\"County Route 20/38\",\"tiger:name_base_3\"=>\"Twentymile Creek\",\"tiger:name_type\"=>\"Rd\",\"tiger:reviewed\"=>\"no\""}, "geometry": {"type": "LineString", "coordinates": [[-81.0266843, 38.3243536, 0.0], [-81.027064, 38.3241505, 0.0], [-81.027253, 38.324017, 0.0], [-81.0274234, 38.323797, 0.0], [-81.0283483, 38.3234221, 0.0], [-81.0294748, 38.3230707, 0.0], [-81.0302102, 38.3226018, 0.0], [-81.030655, 38.3224857, 0.0], [-81.0310895, 38.3224163, 0.0], [-81.031554, 38.322425, 0.0], [-81.0320095, 38.3225741, 0.0], [-81.0329676, 38.3228459, 0.0], [-81.0344401, 38.3232667, 0.0], [-81.0348585, 38.3233088, 0.0], [-81.0352206, 38.3233109, 0.0], [-81.0355157, 38.3232394, 0.0], [-81.0363927, 38.3228901, 0.0], [-81.03749, 38.322446, 0.0], [-81.0382564, 38.3223111, 0.0], [-81.0394151, 38.3221996, 0.0], [-81.040861, 38.322309, 0.0], [-81.042754, 38.3226521, 0.0], [-81.0428525, 38.3226795, 0.0], [-81.0432453, 38.3227888, 0.0], [-81.0435806, 38.3228582, 0.0], [-81.0437871, 38.322835, 0.0], [-81.0440607, 38.322692, 0.0], [-81.0442887, 38.3226309, 0.0], [-81.0445301, 38.322635100000014, 0.0], [-81.0450316, 38.3225278, 0.0], [-81.0457446, 38.3222619, 0.0], [-81.0462127, 38.3221661, 0.0], [-81.0464085, 38.3221882, 0.0], [-81.0466177, 38.3221051, 0.0], [-81.0471541, 38.3218021, 0.0], [-81.047366, 38.3217558, 0.0], [-81.0475457, 38.3217074, 0.0], [-81.0477174, 38.3216632, 0.0], [-81.0478864, 38.3215959, 0.0], [-81.0483182, 38.3213812, 0.0], [-81.049426, 38.320691, 0.0], [-81.0499919, 38.3203396, 0.0], [-81.0503245, 38.32019229999999, 0.0], [-81.0506732, 38.320057599999984, 0.0], [-81.0509441, 38.319984, 0.0], [-81.0512231, 38.3199587, 0.0], [-81.0514993, 38.319984, 0.0], [-81.05175680000002, 38.320026, 0.0], [-81.0519231, 38.3200387, 0.0], [-81.0520787, 38.3200197, 0.0], [-81.0522235, 38.3199608, 0.0], [-81.0525025, 38.3198914, 0.0], [-81.0528619, 38.3198345, 0.0], [-81.0530577, 38.3198514, 0.0], [-81.0532428, 38.3199229, 0.0], [-81.05366920000002, 38.3200155, 0.0], [-81.0539509, 38.3197651, 0.0], [-81.0540873, 38.3196084, 0.0], [-81.0543635, 38.3194758, 0.0], [-81.0551092, 38.3192948, 0.0], [-81.0553291, 38.3192127, 0.0], [-81.0554882, 38.319065, 0.0], [-81.05559690000001, 38.318952, 0.0], [-81.0556733, 38.3188861, 0.0], [-81.0559541, 38.3187877, 0.0], [-81.056292, 38.3186214, 0.0], [-81.0566166, 38.3183584, 0.0], [-81.0568607, 38.3180532, 0.0], [-81.0570511, 38.3176807, 0.0], [-81.05706, 38.3173646, 0.0], [-81.0569044, 38.3165923, 0.0], [-81.0567381, 38.3157715, 0.0], [-81.0567435, 38.3154537, 0.0], [-81.056888, 38.314763, 0.0], [-81.0573059, 38.3141473, 0.0], [-81.0575098, 38.3139432, 0.0], [-81.0581642, 38.3133834, 0.0], [-81.0587168, 38.3128888, 0.0], [-81.0594517, 38.3122322, 0.0], [-81.0601196, 38.3116492, 0.0], [-81.0605916, 38.3112388, 0.0], [-81.0609081, 38.3108495, 0.0], [-81.0610825, 38.3105885, 0.0], [-81.0613373, 38.3100076, 0.0], [-81.061806, 38.308872, 0.0], [-81.0620695, 38.3085302, 0.0], [-81.0624928, 38.3081369, 0.0]]}}, {"type": "Feature", "properties": {"osm_id": "790434900", "name": null, "highway": "track", "waterway": null, "aerialway": null, "barrier": null, "man_made": null, "railway": null, "z_order": 0, "other_tags": null}, "geometry": {"type": "LineString", "coordinates": [[-81.0266843, 38.3243536, 0.0], [-81.0262832, 38.32440789999998, 0.0], [-81.0253859, 38.3245169, 0.0], [-81.0251041, 38.3245169, 0.0], [-81.02458, 38.324436, 0.0], [-81.0242624, 38.3243083, 0.0], [-81.0238971, 38.3242771, 0.0], [-81.0235914, 38.3242865, 0.0], [-81.0230912, 38.3242273, 0.0], [-81.022591, 38.3241089, 0.0], [-81.0224321, 38.3240155, 0.0], [-81.0220391, 38.323947, 0.0]]}}, {"type": "Feature", "properties": {"osm_id": "790434901", "name": null, "highway": "track", "waterway": null, "aerialway": null, "barrier": null, "man_made": null, "railway": null, "z_order": 0, "other_tags": null}, "geometry": {"type": "LineString", "coordinates": [[-81.0270022, 38.3248063, 0.0], [-81.0270915, 38.3249939, 0.0], [-81.027069, 38.325082, 0.0], [-81.0269431, 38.3251208, 0.0], [-81.0267498, 38.3250432, 0.0], [-81.0266419, 38.3250362, 0.0], [-81.0264756, 38.325149, 0.0], [-81.0263812, 38.3252125, 0.0], [-81.0260845, 38.3252266, 0.0], [-81.0259002, 38.3251737, 0.0], [-81.0254057, 38.3249939, 0.0], [-81.0249966, 38.3249233, 0.0], [-81.0247313, 38.3248775, 0.0], [-81.02429080000002, 38.3248704, 0.0], [-81.0238637, 38.3248246, 0.0], [-81.0235086, 38.32476110000001, 0.0], [-81.0225196, 38.3244825, 0.0]]}}, {"type": "Feature", "properties": {"osm_id": "790434911", "name": null, "highway": "track", "waterway": null, "aerialway": null, "barrier": null, "man_made": null, "railway": null, "z_order": 0, "other_tags": null}, "geometry": {"type": "LineString", "coordinates": [[-80.9400526, 38.3108872, 0.0], [-80.9400073, 38.31095339999999, 0.0], [-80.9399715, 38.311103, 0.0], [-80.9399358, 38.3112434, 0.0], [-80.9399119, 38.3113837, 0.0], [-80.9399239, 38.3115708, 0.0], [-80.9399954, 38.3117953, 0.0], [-80.9400788, 38.3120198, 0.0], [-80.9401504, 38.3122443, 0.0], [-80.9402219, 38.3124314, 0.0], [-80.9402338, 38.31258110000001, 0.0], [-80.9402815, 38.3127027, 0.0], [-80.9403411, 38.3128711, 0.0], [-80.9403292, 38.3129927, 0.0], [-80.9402577, 38.3131143, 0.0], [-80.9401504, 38.3132078, 0.0], [-80.940055, 38.3133014, 0.0], [-80.9398762, 38.3134417, 0.0], [-80.9397212, 38.3135446, 0.0], [-80.9395662, 38.3136007, 0.0], [-80.9393874, 38.3136475, 0.0], [-80.9387078, 38.3140497, 0.0], [-80.9385528, 38.3143304, 0.0], [-80.9384932, 38.31448, 0.0], [-80.938827, 38.3149758, 0.0], [-80.9385409, 38.3152564, 0.0], [-80.9378613, 38.3158457, 0.0], [-80.9383144, 38.31615439999999, 0.0], [-80.9387555, 38.3164257, 0.0], [-80.9377063, 38.3169869, 0.0], [-80.9377063, 38.31750139999998, 0.0], [-80.9377893, 38.317706399999985, 0.0], [-80.9384569, 38.3180151, 0.0], [-80.9383139, 38.3181928, 0.0], [-80.93788470000001, 38.3187072, 0.0], [-80.93798, 38.3192217, 0.0], [-80.9375985, 38.3199139, 0.0], [-80.9373839, 38.3208866, 0.0], [-80.9366281, 38.3219312, 0.0], [-80.9365745, 38.322049, 0.0], [-80.9364243, 38.3224783, 0.0], [-80.9362795, 38.3228066, 0.0], [-80.9361723, 38.3231054, 0.0], [-80.9360007, 38.323602, 0.0], [-80.9359899, 38.3241239, 0.0], [-80.9360918, 38.3242838, 0.0], [-80.9363492, 38.3245321, 0.0], [-80.9365584, 38.32465419999998, 0.0], [-80.9366603, 38.3246921, 0.0], [-80.9368158, 38.3247805, 0.0], [-80.936864, 38.3248352, 0.0], [-80.9368855, 38.324953, 0.0], [-80.9367622, 38.325437, 0.0], [-80.9365691, 38.325921, 0.0], [-80.9361455, 38.3263671, 0.0], [-80.9359414, 38.32662939999999, 0.0]]}}, {"type": "Feature", "properties": {"osm_id": "790846596", "name": null, "highway": "track", "waterway": null, "aerialway": null, "barrier": null, "man_made": null, "railway": null, "z_order": 0, "other_tags": null}, "geometry": {"type": "LineString", "coordinates": [[-81.0294121, 38.3092799, 0.0], [-81.0292137, 38.3094965, 0.0], [-81.028679, 38.3099432, 0.0], [-81.0276527, 38.3107349, 0.0], [-81.0274061, 38.3115788, 0.0], [-81.0273177, 38.3120994, 0.0], [-81.0273951, 38.3123857, 0.0], [-81.0275499, 38.312637299999984, 0.0], [-81.0279812, 38.3128629, 0.0], [-81.0282687, 38.3132967, 0.0], [-81.0286557, 38.3134963, 0.0], [-81.0293855, 38.3138607, 0.0], [-81.0297394, 38.3142251, 0.0], [-81.0302702, 38.3146242, 0.0], [-81.0308673, 38.3150841, 0.0], [-81.0311106, 38.3154572, 0.0], [-81.0312986, 38.3157175, 0.0], [-81.0315529, 38.316212, 0.0], [-81.0318072, 38.3167412, 0.0], [-81.0320616, 38.31703619999998, 0.0], [-81.0323602, 38.3173659, 0.0], [-81.0327472, 38.3188842, 0.0], [-81.0327361, 38.319465499999986, 0.0], [-81.0326255, 38.31996, 0.0], [-81.0324486, 38.320307, 0.0], [-81.0320505, 38.3205586, 0.0], [-81.0316746, 38.3208189, 0.0], [-81.0312212, 38.320949, 0.0], [-81.0304029, 38.3210878, 0.0], [-81.0299716, 38.3213134, 0.0], [-81.0295846, 38.32147830000001, 0.0], [-81.0289211, 38.3219728, 0.0], [-81.028241, 38.32218959999999, 0.0], [-81.0272292, 38.3229965, 0.0], [-81.0266763, 38.323308799999985, 0.0], [-81.0261013, 38.3233608, 0.0], [-81.0254489, 38.3232827, 0.0], [-81.0246969, 38.3231266, 0.0], [-81.0240776, 38.3229184, 0.0], [-81.0232372, 38.3228316, 0.0], [-81.0225738, 38.3228837, 0.0], [-81.0218771, 38.3231266, 0.0], [-81.021395, 38.3234346, 0.0], [-81.0213423, 38.3234683, 0.0], [-81.0212727, 38.3235711, 0.0], [-81.0210968, 38.3237572, 0.0], [-81.0208104, 38.3240237, 0.0], [-81.0207694, 38.32412, 0.0], [-81.0207367, 38.3243383, 0.0], [-81.0206794, 38.3244956, 0.0], [-81.0205075, 38.3246176, 0.0], [-81.0201884, 38.3247909, 0.0], [-81.0198651, 38.3248584, 0.0], [-81.0195418, 38.32495139999999, 0.0], [-81.0192554, 38.3250574, 0.0], [-81.0191367, 38.32512479999998, 0.0], [-81.0190058, 38.3252789, 0.0], [-81.0187603, 38.3254843, 0.0], [-81.0186007, 38.3256962, 0.0], [-81.0185966, 38.32653410000001, 0.0], [-81.0186048, 38.3268069, 0.0], [-81.0185311, 38.3271793, 0.0], [-81.0184411, 38.3274554, 0.0], [-81.0184043, 38.3276768, 0.0], [-81.0183061, 38.3279304, 0.0], [-81.017549, 38.328611, 0.0], [-81.0174836, 38.3287651, 0.0], [-81.0173444, 38.3295547, 0.0], [-81.017324, 38.3299624, 0.0], [-81.0173813, 38.3302802, 0.0], [-81.0172953, 38.3306461, 0.0], [-81.0172012, 38.3307745, 0.0], [-81.0169721, 38.3309189, 0.0], [-81.0167143, 38.33116290000001, 0.0], [-81.0164442, 38.3313908, 0.0], [-81.0163378, 38.3315706, 0.0], [-81.0163501, 38.3317728, 0.0], [-81.0164278, 38.3320392, 0.0], [-81.0164156, 38.33227990000001, 0.0], [-81.016346, 38.3324854, 0.0], [-81.0163869, 38.3327293, 0.0], [-81.0165383, 38.3330439, 0.0], [-81.0165915, 38.3341705, 0.0], [-81.0164442, 38.3344209, 0.0], [-81.0161741, 38.3350468, 0.0], [-81.0158222, 38.33582349999999, 0.0], [-81.015724, 38.3361285, 0.0], [-81.0156381, 38.336305, 0.0], [-81.0153271, 38.3365874, 0.0], [-81.0138744, 38.3373867, 0.0], [-81.01344070000002, 38.3375439, 0.0], [-81.0127123, 38.3377943, 0.0], [-81.0119103, 38.3381217, 0.0], [-81.0112269, 38.3376659, 0.0], [-81.010609, 38.3372198, 0.0], [-81.0094715, 38.3368282, 0.0], [-81.0091359, 38.3367672, 0.0], [-81.0087308, 38.3366934, 0.0], [-81.0079451, 38.33653609999999, 0.0], [-81.0070572, 38.3365489, 0.0], [-81.00663570000002, 38.336565, 0.0], [-81.0060956, 38.3366067, 0.0], [-81.0055963, 38.33663559999999, 0.0], [-81.0051012, 38.3366163, 0.0], [-81.0046061, 38.3366163, 0.0], [-81.0042869, 38.336581, 0.0], [-81.0038041, 38.33649119999998, 0.0], [-81.003133, 38.3365554, 0.0], [-81.0028138, 38.3366709, 0.0], [-81.0025151, 38.3367993, 0.0], [-81.0022696, 38.336902, 0.0], [-81.0020118, 38.3369694, 0.0], [-81.0016517, 38.3370753, 0.0], [-81.0014839, 38.3371877, 0.0], [-81.0011525, 38.3375375, 0.0], [-81.0010542, 38.3377044, 0.0], [-81.0009151, 38.3378713, 0.0], [-81.0007514, 38.3379869, 0.0], [-81.0005673, 38.3381152, 0.0], [-81.00014170000001, 38.3385068, 0.0], [-80.9999576, 38.3386063, 0.0], [-80.9995689, 38.3387572, 0.0], [-80.9990901, 38.3392354, 0.0], [-80.9988446, 38.3395242, 0.0], [-80.9979853, 38.3404101, 0.0], [-80.9976988, 38.340583399999986, 0.0], [-80.9973919, 38.3407631, 0.0], [-80.9970523, 38.3408305, 0.0], [-80.9968109, 38.3410167, 0.0], [-80.9964876, 38.341090499999986, 0.0], [-80.9956427, 38.341565, 0.0], [-80.9952235, 38.3416699, 0.0], [-80.9951404, 38.3417039, 0.0], [-80.9950428, 38.3417804, 0.0], [-80.9949344, 38.3418966, 0.0], [-80.9947754, 38.3421206, 0.0], [-80.9946887, 38.34232459999998, 0.0], [-80.9945441, 38.342551399999984, 0.0], [-80.9942478, 38.3428008, 0.0], [-80.9932644, 38.3435349, 0.0], [-80.9930545, 38.34372, 0.0], [-80.9927975, 38.3440039, 0.0], [-80.9925719, 38.344374299999984, 0.0], [-80.9923672, 38.3446376, 0.0], [-80.9919738, 38.3452631, 0.0], [-80.9918059, 38.3455017, 0.0], [-80.991596, 38.3457363, 0.0], [-80.9913704, 38.3459256, 0.0], [-80.9910976, 38.346049, 0.0], [-80.9907041, 38.3461025, 0.0], [-80.9898961, 38.345979, 0.0], [-80.9891983, 38.345728, 0.0], [-80.9877608, 38.3450162, 0.0], [-80.9872939, 38.3448516, 0.0], [-80.9866538, 38.34465, 0.0], [-80.9864649, 38.3445924, 0.0], [-80.9859822, 38.3442961, 0.0], [-80.9856674, 38.344185, 0.0], [-80.9852687, 38.3440862, 0.0], [-80.9849434, 38.3440616, 0.0], [-80.9846654, 38.344028600000016, 0.0], [-80.9844345, 38.3440492, 0.0], [-80.9841512, 38.344078, 0.0], [-80.9838889, 38.3440904, 0.0], [-80.9834429, 38.3441521, 0.0], [-80.983296, 38.3442138, 0.0], [-80.9830127, 38.3443743, 0.0], [-80.9828658, 38.3444689, 0.0], [-80.9827399, 38.3447076, 0.0], [-80.9826664, 38.3450244, 0.0], [-80.9825248, 38.3452384, 0.0], [-80.9809876, 38.3460819, 0.0], [-80.9808459, 38.3465716, 0.0], [-80.9805364, 38.346802, 0.0], [-80.9801009, 38.3470448, 0.0], [-80.9797022, 38.3473451, 0.0], [-80.9796269, 38.34738689999999, 0.0], [-80.9789834, 38.3477442, 0.0], [-80.9787421, 38.3479294, 0.0], [-80.9784063, 38.3481804, 0.0], [-80.9782279, 38.3484849, 0.0], [-80.9779813, 38.3487852, 0.0], [-80.977761, 38.3489951, 0.0], [-80.977247, 38.3494932, 0.0], [-80.977087, 38.349983, 0.0], [-80.9769499, 38.3506759, 0.0], [-80.9768585, 38.3510881, 0.0], [-80.9766528, 38.3515003, 0.0], [-80.9769086, 38.3526232, 0.0], [-80.9771219, 38.3532035, 0.0], [-80.9771632, 38.3537223, 0.0], [-80.9767595, 38.3543196, 0.0], [-80.9762339, 38.3548452, 0.0], [-80.9756678, 38.3551262, 0.0], [-80.973827, 38.3558427, 0.0], [-80.9732633, 38.355992, 0.0], [-80.9724255, 38.3560577, 0.0], [-80.9720142, 38.3561175, 0.0], [-80.9715496, 38.3562548, 0.0], [-80.9712677, 38.3563504, 0.0], [-80.9703766, 38.356446, 0.0], [-80.9699653, 38.3565236, 0.0], [-80.9694549, 38.3566371, 0.0], [-80.9687313, 38.3567028, 0.0], [-80.9683733, 38.356816299999984, 0.0], [-80.9681829, 38.3569178, 0.0]]}}, {"type": "Feature", "properties": {"osm_id": "850255189", "name": "Clay-Summersville Road", "highway": "secondary", "waterway": null, "aerialway": null, "barrier": null, "man_made": null, "railway": null, "z_order": 6, "other_tags": "\"alt_name\"=>\"Peach Orchard Road\",\"ref\"=>\"CR 19/8\",\"tiger:cfcc\"=>\"A41\",\"tiger:county\"=>\"Nicholas, WV\",\"tiger:name_base\"=>\"County Route 19/8\",\"tiger:name_base_1\"=>\"Peach Orchard\",\"tiger:name_type_1\"=>\"Rd\",\"tiger:reviewed\"=>\"aerial\""}, "geometry": {"type": "LineString", "coordinates": [[-80.91629494438104, 38.3924285701545, 0.0], [-80.9164321, 38.392683, 0.0], [-80.9165518, 38.392832, 0.0], [-80.9167376, 38.3929752, 0.0], [-80.9169311, 38.3930949, 0.0], [-80.9170667, 38.3931788, 0.0], [-80.9172845, 38.3933135, 0.0], [-80.9175314, 38.39352670000001, 0.0], [-80.9177742, 38.3937924, 0.0], [-80.9179039, 38.3939892, 0.0], [-80.9179709, 38.394127, 0.0], [-80.9180753, 38.3944339, 0.0], [-80.9181362, 38.3946128, 0.0], [-80.9182905, 38.3949795, 0.0], [-80.9184645, 38.3953063, 0.0], [-80.9187658, 38.3958344, 0.0], [-80.9188304, 38.3959752, 0.0], [-80.918841, 38.39608, 0.0], [-80.9188304, 38.3961849, 0.0], [-80.9187706, 38.39626479999998, 0.0], [-80.9182251, 38.3966537, 0.0], [-80.9180739, 38.3967947, 0.0], [-80.9180282, 38.3968802, 0.0], [-80.9180247, 38.3969823, 0.0], [-80.9180563, 38.3970678, 0.0], [-80.9181162, 38.3971257, 0.0], [-80.9182006, 38.3971588, 0.0], [-80.9183519, 38.3971754, 0.0], [-80.9187461, 38.3971478, 0.0], [-80.9189584, 38.39716459999999, 0.0], [-80.9191478, 38.3972017, 0.0], [-80.9192689, 38.3972378, 0.0], [-80.9198936, 38.3974243, 0.0], [-80.9203577, 38.39756280000001, 0.0], [-80.9204386, 38.3976048, 0.0], [-80.920517, 38.3976455, 0.0], [-80.9206091, 38.3977471, 0.0], [-80.9206551, 38.3978783, 0.0], [-80.9206844, 38.398416199999986, 0.0], [-80.9207262, 38.3985934, 0.0], [-80.9207973, 38.39873929999999, 0.0], [-80.92092280000001, 38.3988672, 0.0], [-80.9210986, 38.39901480000001, 0.0], [-80.921153, 38.39911319999999, 0.0], [-80.9211488, 38.39922139999999, 0.0], [-80.9211093, 38.3993016, 0.0], [-80.9209897, 38.399423, 0.0], [-80.92068, 38.399671199999986, 0.0], [-80.9205814, 38.3997815, 0.0], [-80.9205297, 38.3999176, 0.0], [-80.9205031, 38.4000938, 0.0], [-80.9205031, 38.4004046, 0.0], [-80.9204498, 38.4005252, 0.0], [-80.9203433, 38.4006226, 0.0], [-80.9201683, 38.4007176, 0.0], [-80.9196756, 38.4008749, 0.0], [-80.9195771, 38.4009576, 0.0], [-80.9195454, 38.4010486, 0.0], [-80.919556, 38.4011396, 0.0], [-80.91962280000001, 38.4012968, 0.0], [-80.9198336, 38.4015962, 0.0], [-80.91988640000001, 38.4017121, 0.0], [-80.9198899, 38.4018058, 0.0], [-80.9198371, 38.4019051, 0.0], [-80.9197245, 38.40197959999998, 0.0], [-80.9194886, 38.4020853, 0.0], [-80.9193619, 38.40217349999999, 0.0], [-80.919302, 38.4022535, 0.0], [-80.9192622, 38.402315899999984, 0.0], [-80.9191507, 38.4024907, 0.0], [-80.9190416, 38.402612, 0.0], [-80.9188342, 38.4027563, 0.0], [-80.9184999, 38.4029245, 0.0], [-80.9184014, 38.40301, 0.0], [-80.9183803, 38.403101, 0.0], [-80.9184119, 38.4032086, 0.0], [-80.918507, 38.4033051, 0.0], [-80.9188307, 38.403545, 0.0], [-80.9189328, 38.4036609, 0.0], [-80.9190137, 38.4038015, 0.0], [-80.9190736, 38.4039808, 0.0], [-80.9191225, 38.4042754, 0.0], [-80.9191424, 38.4047629, 0.0], [-80.9191175, 38.4051568, 0.0], [-80.9191202, 38.4052737, 0.0], [-80.9191225, 38.4053752, 0.0], [-80.9191673, 38.405578, 0.0], [-80.9192619, 38.4057925, 0.0], [-80.919456, 38.4061241, 0.0], [-80.91953560000002, 38.4063113, 0.0], [-80.9195854, 38.406518, 0.0], [-80.9196053, 38.4067988, 0.0], [-80.9196451, 38.4069509, 0.0], [-80.91972970000002, 38.407064, 0.0], [-80.9198691, 38.4071693, 0.0], [-80.9200582, 38.4072512, 0.0], [-80.9201515, 38.4072884, 0.0], [-80.9211133, 38.40767240000001, 0.0], [-80.9212776, 38.4077699, 0.0], [-80.921402, 38.407883, 0.0], [-80.9215115, 38.4080429, 0.0], [-80.9217653, 38.4087059, 0.0], [-80.9218001, 38.4088814, 0.0], [-80.9217811, 38.409062, 0.0]]}}, {"type": "Feature", "properties": {"osm_id": "896421579", "name": null, "highway": "service", "waterway": null, "aerialway": null, "barrier": null, "man_made": null, "railway": null, "z_order": 0, "other_tags": "\"service\"=>\"driveway\""}, "geometry": {"type": "LineString", "coordinates": [[-80.9258796, 38.4091201, 0.0], [-80.9257838, 38.4091788, 0.0], [-80.9256731, 38.4092364, 0.0], [-80.9255838, 38.4092699, 0.0], [-80.9254654, 38.4093413, 0.0], [-80.9253907, 38.4093913, 0.0], [-80.92531510000002, 38.4094277, 0.0], [-80.9252577, 38.4094391, 0.0], [-80.9251839, 38.40943759999998, 0.0], [-80.9250618, 38.4094062, 0.0], [-80.9249416, 38.40935059999999, 0.0], [-80.9248933, 38.4093056, 0.0], [-80.92477580000002, 38.4091714, 0.0], [-80.9247093, 38.4090636, 0.0], [-80.9245472, 38.4088095, 0.0], [-80.9244032, 38.4085561, 0.0], [-80.9243131, 38.4084105, 0.0], [-80.9242905, 38.4083331, 0.0]]}}, {"type": "Feature", "properties": {"osm_id": "1006853516", "name": null, "highway": "service", "waterway": null, "aerialway": null, "barrier": null, "man_made": null, "railway": null, "z_order": 0, "other_tags": "\"access\"=>\"private\",\"tiger:cfcc\"=>\"A74\",\"tiger:county\"=>\"Nicholas, WV\",\"tiger:reviewed\"=>\"no\""}, "geometry": {"type": "LineString", "coordinates": [[-80.9097562, 38.2807936, 0.0], [-80.9096718, 38.2808905, 0.0], [-80.9095216, 38.280781, 0.0], [-80.9093607, 38.2803179, 0.0], [-80.9092856, 38.2801705, 0.0], [-80.9088249, 38.2794732, 0.0], [-80.9087488, 38.2793578, 0.0], [-80.9086799, 38.2792532, 0.0], [-80.908571, 38.279084, 0.0], [-80.9083156, 38.2786872, 0.0], [-80.90831260000002, 38.2786767, 0.0], [-80.9081053, 38.2779642, 0.0]]}}, {"type": "Feature", "properties": {"osm_id": "1006853528", "name": "Robin Hood Street", "highway": "service", "waterway": null, "aerialway": null, "barrier": null, "man_made": null, "railway": null, "z_order": 0, "other_tags": null}, "geometry": {"type": "LineString", "coordinates": [[-80.9099829, 38.2801705, 0.0], [-80.9100956, 38.2801873, 0.0], [-80.9112757, 38.2800021, 0.0], [-80.9114771, 38.2799726, 0.0]]}}, {"type": "Feature", "properties": {"osm_id": "1006853529", "name": "Vista Drive", "highway": "service", "waterway": null, "aerialway": null, "barrier": null, "man_made": null, "railway": null, "z_order": 0, "other_tags": null}, "geometry": {"type": "LineString", "coordinates": [[-80.9111148, 38.279821, 0.0], [-80.9100312, 38.2800989, 0.0], [-80.9099829, 38.2801705, 0.0]]}}, {"type": "Feature", "properties": {"osm_id": "1006853530", "name": "Horseshoe Road", "highway": "residential", "waterway": null, "aerialway": null, "barrier": null, "man_made": null, "railway": null, "z_order": 3, "other_tags": null}, "geometry": {"type": "LineString", "coordinates": [[-80.9096838, 38.2801242, 0.0], [-80.90991320000002, 38.2801368, 0.0], [-80.9099511, 38.2801456, 0.0], [-80.9099829, 38.2801705, 0.0], [-80.9100366, 38.2807221, 0.0], [-80.9102219, 38.2813851, 0.0], [-80.9102867, 38.2816318, 0.0], [-80.9102911, 38.28164850000001, 0.0], [-80.9103048, 38.2816905, 0.0], [-80.9103801, 38.281942, 0.0], [-80.9104552, 38.2822845, 0.0], [-80.9104558, 38.2823442, 0.0], [-80.9104479, 38.2825079, 0.0], [-80.9104227, 38.2825822, 0.0], [-80.9103964, 38.2826079, 0.0], [-80.91030460000002, 38.282640499999985, 0.0], [-80.910251, 38.2826466, 0.0], [-80.9100847, 38.2826398, 0.0], [-80.9098221, 38.2826086, 0.0]]}}, {"type": "Feature", "properties": {"osm_id": "1006853531", "name": null, "highway": "service", "waterway": null, "aerialway": null, "barrier": null, "man_made": null, "railway": null, "z_order": 0, "other_tags": "\"service\"=>\"driveway\""}, "geometry": {"type": "LineString", "coordinates": [[-80.9107822, 38.2823305, 0.0], [-80.9104558, 38.2823442, 0.0]]}}, {"type": "Feature", "properties": {"osm_id": "1006853532", "name": "Wayside Lane", "highway": "service", "waterway": null, "aerialway": null, "barrier": null, "man_made": null, "railway": null, "z_order": 0, "other_tags": null}, "geometry": {"type": "LineString", "coordinates": [[-80.91158570000002, 38.28168809999998, 0.0], [-80.9112879, 38.2816784, 0.0], [-80.9109448, 38.2816881, 0.0], [-80.9107025, 38.2816719, 0.0], [-80.9103882, 38.28162189999998, 0.0], [-80.9102867, 38.2816318, 0.0]]}}, {"type": "Feature", "properties": {"osm_id": "1006853831", "name": null, "highway": "service", "waterway": null, "aerialway": null, "barrier": null, "man_made": null, "railway": null, "z_order": 0, "other_tags": null}, "geometry": {"type": "LineString", "coordinates": [[-80.90739711795274, 38.278910227296684, 0.0], [-80.9074509, 38.2789407, 0.0], [-80.9075777, 38.2790073, 0.0], [-80.9078009, 38.2790537, 0.0], [-80.9080467, 38.279081099999985, 0.0], [-80.9081122, 38.2789754, 0.0], [-80.9081324, 38.2788503, 0.0], [-80.9081812, 38.2787608, 0.0], [-80.90831260000002, 38.2786767, 0.0]]}}, {"type": "Feature", "properties": {"osm_id": "1006853832", "name": null, "highway": "track", "waterway": null, "aerialway": null, "barrier": null, "man_made": null, "railway": null, "z_order": 0, "other_tags": null}, "geometry": {"type": "LineString", "coordinates": [[-80.9081324, 38.2788503, 0.0], [-80.9075689, 38.2785154, 0.0], [-80.9073548782996, 38.27837133440334, 0.0]]}}, {"type": "Feature", "properties": {"osm_id": "1006853833", "name": null, "highway": "track", "waterway": null, "aerialway": null, "barrier": null, "man_made": null, "railway": null, "z_order": 0, "other_tags": null}, "geometry": {"type": "LineString", "coordinates": [[-80.908571, 38.279084, 0.0], [-80.9084091, 38.279127, 0.0], [-80.9082818, 38.2791447, 0.0], [-80.9080467, 38.279081099999985, 0.0]]}}, {"type": "Feature", "properties": {"osm_id": "1006854354", "name": null, "highway": "service", "waterway": null, "aerialway": null, "barrier": null, "man_made": null, "railway": null, "z_order": 0, "other_tags": "\"surface\"=>\"unpaved\""}, "geometry": {"type": "LineString", "coordinates": [[-80.9072878, 38.271114, 0.0], [-80.9076065, 38.2709961, 0.0], [-80.9076279, 38.2709835, 0.0], [-80.9086472, 38.2707477, 0.0], [-80.9087866, 38.2707603, 0.0], [-80.9088135, 38.2708024, 0.0], [-80.9088349, 38.2709203, 0.0], [-80.9088135, 38.2710424, 0.0], [-80.9087384, 38.2711982, 0.0], [-80.9085613, 38.2714508, 0.0], [-80.9085345, 38.2715602, 0.0], [-80.9085721, 38.2716276, 0.0], [-80.908733, 38.2716949, 0.0], [-80.9091246, 38.2717244, 0.0], [-80.909822, 38.271716, 0.0], [-80.9106266, 38.271636, 0.0], [-80.9107232, 38.2716402, 0.0], [-80.910868, 38.2716697, 0.0], [-80.9110236, 38.2717455, 0.0], [-80.9110987, 38.2718044, 0.0], [-80.91117380000001, 38.2719012, 0.0], [-80.9112221, 38.2720486, 0.0], [-80.9112703, 38.2724149, 0.0], [-80.911367, 38.2726927, 0.0], [-80.911535, 38.2731868, 0.0], [-80.9116191, 38.2733748, 0.0], [-80.9119409, 38.2737243, 0.0], [-80.9125793, 38.274099, 0.0], [-80.9126759, 38.2741748, 0.0], [-80.9127188, 38.27424639999999, 0.0], [-80.9127295, 38.2743222, 0.0], [-80.912692, 38.274419, 0.0], [-80.9126115, 38.2745243, 0.0], [-80.9123057, 38.27484, 0.0], [-80.9123165, 38.2757074, 0.0], [-80.9124345, 38.2759642, 0.0], [-80.912751, 38.2762927, 0.0], [-80.9128368, 38.276419, 0.0], [-80.912869, 38.2765453, 0.0], [-80.9128797, 38.27687369999999, 0.0], [-80.9129012, 38.2769748, 0.0], [-80.9129441, 38.2770548, 0.0], [-80.9131318, 38.2772653, 0.0], [-80.91362, 38.2777284, 0.0], [-80.9137809, 38.2779305, 0.0], [-80.9138131, 38.2780148, 0.0], [-80.9138024, 38.2784737, 0.0], [-80.9138238, 38.278579, 0.0], [-80.9139365, 38.2786884, 0.0], [-80.9144086, 38.2788105, 0.0], [-80.9146178, 38.2789032, 0.0], [-80.9149074, 38.2790969, 0.0], [-80.9150952, 38.2792863, 0.0], [-80.9151649, 38.2793874, 0.0], [-80.915181, 38.2794379, 0.0], [-80.9151435, 38.2797621, 0.0], [-80.9151542, 38.279922099999986, 0.0], [-80.9151864, 38.2800442, 0.0], [-80.9152937, 38.2802716, 0.0], [-80.9153205, 38.2803642, 0.0], [-80.9153205, 38.2804105, 0.0], [-80.9152883, 38.2804821, 0.0], [-80.9151113, 38.2806421, 0.0], [-80.9148002, 38.2808021, 0.0], [-80.9143335, 38.2810084, 0.0], [-80.9141779, 38.2811095, 0.0], [-80.9140706, 38.28129469999999, 0.0], [-80.9139526, 38.2819263, 0.0]]}}, {"type": "Feature", "properties": {"osm_id": "1006854357", "name": null, "highway": "service", "waterway": null, "aerialway": null, "barrier": null, "man_made": null, "railway": null, "z_order": 0, "other_tags": null}, "geometry": {"type": "LineString", "coordinates": [[-80.90745967644061, 38.27970834759389, 0.0], [-80.907464, 38.2797073, 0.0], [-80.9079084, 38.2795789, 0.0], [-80.9087488, 38.2793578, 0.0]]}}, {"type": "Feature", "properties": {"osm_id": "1006854358", "name": null, "highway": "service", "waterway": null, "aerialway": null, "barrier": null, "man_made": null, "railway": null, "z_order": 0, "other_tags": "\"access\"=>\"private\",\"tiger:cfcc\"=>\"A74\",\"tiger:county\"=>\"Nicholas, WV\",\"tiger:reviewed\"=>\"no\""}, "geometry": {"type": "LineString", "coordinates": [[-80.9070670024676, 38.27469861863834, 0.0], [-80.9071022, 38.2746253, 0.0], [-80.907276, 38.274394, 0.0], [-80.9073865, 38.2741369, 0.0], [-80.9074831, 38.2740106, 0.0], [-80.907585, 38.2739264, 0.0], [-80.9078049, 38.2738801, 0.0], [-80.9079577, 38.2738801, 0.0], [-80.9080083, 38.2738784, 0.0], [-80.9082126, 38.273861, 0.0]]}}, {"type": "Feature", "properties": {"osm_id": "1204003631", "name": "Raintree Lane", "highway": "track", "waterway": null, "aerialway": null, "barrier": null, "man_made": null, "railway": null, "z_order": 0, "other_tags": "\"tiger:cfcc\"=>\"A51\",\"tiger:county\"=>\"Nicholas, WV\",\"tiger:reviewed\"=>\"no\""}, "geometry": {"type": "LineString", "coordinates": [[-80.921032, 38.269197, 0.0], [-80.921289, 38.268966, 0.0], [-80.921473, 38.268813, 0.0], [-80.921575, 38.268661, 0.0], [-80.921647, 38.268459, 0.0], [-80.921679, 38.26825, 0.0], [-80.921833, 38.267944, 0.0], [-80.922242, 38.267551, 0.0], [-80.922611, 38.267173, 0.0], [-80.922825, 38.267013, 0.0], [-80.922979, 38.266892, 0.0], [-80.923244, 38.266684, 0.0], [-80.923428, 38.26645, 0.0], [-80.92348, 38.266193, 0.0], [-80.923481, 38.266032, 0.0], [-80.923654, 38.26596, 0.0], [-80.923848, 38.265928, 0.0], [-80.924206, 38.265607, 0.0], [-80.924472, 38.265309, 0.0], [-80.924666, 38.265173, 0.0], [-80.924697, 38.264948, 0.0], [-80.924464, 38.264705, 0.0], [-80.924435, 38.264399, 0.0], [-80.924385, 38.264181, 0.0]]}}, {"type": "Feature", "properties": {"osm_id": "1204004524", "name": null, "highway": "service", "waterway": null, "aerialway": null, "barrier": null, "man_made": null, "railway": null, "z_order": 0, "other_tags": null}, "geometry": {"type": "LineString", "coordinates": [[-80.9233618, 38.3857551, 0.0], [-80.9232276, 38.3858897, 0.0], [-80.923115, 38.38606630000001, 0.0], [-80.9230935, 38.3861421, 0.0]]}}, {"type": "Feature", "properties": {"osm_id": "1204004526", "name": null, "highway": "service", "waterway": null, "aerialway": null, "barrier": null, "man_made": null, "railway": null, "z_order": 0, "other_tags": null}, "geometry": {"type": "LineString", "coordinates": [[-80.9233618, 38.3857551, 0.0], [-80.9239304, 38.38562469999999, 0.0], [-80.9251427, 38.385448, 0.0], [-80.9257489, 38.3851999, 0.0], [-80.92614050000002, 38.3849307, 0.0], [-80.9262639, 38.3847751, 0.0], [-80.9263873, 38.38457739999998, 0.0], [-80.9265429, 38.3843881, 0.0], [-80.9272402, 38.3837572, 0.0], [-80.9275084, 38.383467, 0.0], [-80.9278679, 38.3830127, 0.0], [-80.9279644, 38.38291179999999, 0.0], [-80.9281844, 38.3827519, 0.0], [-80.9283453, 38.3826804, 0.0], [-80.9285009, 38.3826594, 0.0], [-80.9287101, 38.3826762, 0.0], [-80.9289407, 38.3827519, 0.0], [-80.9293002, 38.3829328, 0.0], [-80.9294611, 38.3830632, 0.0], [-80.9297347, 38.3833744, 0.0], [-80.9297776, 38.3834964, 0.0], [-80.9297991, 38.3840096, 0.0], [-80.9297776, 38.3850358, 0.0], [-80.9297991, 38.3851957, 0.0], [-80.9299707, 38.3855658, 0.0], [-80.9301263, 38.3857425, 0.0], [-80.9302872, 38.3858518, 0.0], [-80.9305769, 38.3859738, 0.0], [-80.9308237, 38.3861631, 0.0], [-80.9308773, 38.386222, 0.0], [-80.9308827, 38.386264, 0.0], [-80.9308505, 38.3863229, 0.0], [-80.9303355, 38.3868529, 0.0], [-80.9302497, 38.3869034, 0.0], [-80.9299922, 38.3869791, 0.0], [-80.9298581, 38.387038, 0.0], [-80.9296971, 38.38713889999999, 0.0], [-80.9296703, 38.3872062, 0.0], [-80.9297079, 38.38732820000001, 0.0]]}}, {"type": "Feature", "properties": {"osm_id": "1204004539", "name": null, "highway": "service", "waterway": null, "aerialway": null, "barrier": null, "man_made": null, "railway": null, "z_order": 0, "other_tags": null}, "geometry": {"type": "LineString", "coordinates": [[-80.91593644461237, 38.38785483521131, 0.0], [-80.9163451, 38.3879128, 0.0], [-80.9170317, 38.3879591, 0.0], [-80.9172678, 38.3879507, 0.0], [-80.9175253, 38.387896, 0.0], [-80.9182226, 38.38761, 0.0], [-80.91841040000001, 38.3875553, 0.0], [-80.9189844, 38.3874291, 0.0], [-80.9191239, 38.3873871, 0.0], [-80.919258, 38.3873745, 0.0], [-80.9194243, 38.3873787, 0.0], [-80.9195959, 38.38734920000001, 0.0], [-80.9204489, 38.3869118, 0.0], [-80.9218329, 38.3864407, 0.0], [-80.9226697, 38.3860748, 0.0], [-80.9228146, 38.3860621, 0.0], [-80.9230935, 38.3861421, 0.0]]}}, {"type": "Feature", "properties": {"osm_id": "1204004548", "name": null, "highway": "service", "waterway": null, "aerialway": null, "barrier": null, "man_made": null, "railway": null, "z_order": 0, "other_tags": null}, "geometry": {"type": "LineString", "coordinates": [[-80.9230935, 38.3861421, 0.0], [-80.9232008, 38.3863566, 0.0], [-80.9232115, 38.386672, 0.0], [-80.92305060000001, 38.3872357, 0.0], [-80.9228629, 38.3877025, 0.0], [-80.9228253, 38.38797589999999, 0.0], [-80.9226966, 38.388299799999984, 0.0], [-80.9226912, 38.388468, 0.0], [-80.9227127, 38.3886321, 0.0], [-80.9227502, 38.3887078, 0.0], [-80.92285210000001, 38.3887919, 0.0], [-80.9229487, 38.3888256, 0.0], [-80.9231204, 38.3888382, 0.0], [-80.9236783, 38.3887583, 0.0], [-80.9239894, 38.3886531, 0.0], [-80.9243273, 38.3885143, 0.0], [-80.9245312, 38.3884723, 0.0], [-80.9246492, 38.3884807, 0.0], [-80.9247136, 38.3885101, 0.0], [-80.9247672, 38.3885606, 0.0], [-80.9247994, 38.3886153, 0.0], [-80.9248316, 38.3887793, 0.0], [-80.9248209, 38.388876, 0.0], [-80.9247726, 38.3890359, 0.0], [-80.9246009, 38.3893219, 0.0], [-80.924381, 38.38955319999999, 0.0], [-80.924204, 38.3897131, 0.0], [-80.9241235, 38.3898182, 0.0], [-80.9240859, 38.3899234, 0.0], [-80.9241235, 38.3900916, 0.0], [-80.9242362, 38.390318700000016, 0.0], [-80.9243381, 38.3905879, 0.0], [-80.9244561, 38.3910338, 0.0], [-80.9245097, 38.3911516, 0.0], [-80.9245902, 38.3912104, 0.0], [-80.9247082, 38.3912357, 0.0], [-80.9249067, 38.3912273, 0.0], [-80.925647, 38.3911179, 0.0], [-80.9259796, 38.3911263, 0.0], [-80.926221, 38.3911684, 0.0], [-80.9264463, 38.3912399, 0.0], [-80.9265321, 38.3913114, 0.0], [-80.9265804, 38.3913955, 0.0], [-80.9266394, 38.3914544, 0.0], [-80.926736, 38.3915217, 0.0], [-80.9269398, 38.39161, 0.0], [-80.927149, 38.39163949999999, 0.0], [-80.927723, 38.3913787, 0.0], [-80.9279322, 38.3913534, 0.0]]}}, {"type": "Feature", "properties": {"osm_id": "1204004560", "name": null, "highway": "service", "waterway": null, "aerialway": null, "barrier": null, "man_made": null, "railway": null, "z_order": 0, "other_tags": null}, "geometry": {"type": "LineString", "coordinates": [[-80.9109091, 38.3046319, 0.0], [-80.910259, 38.30483, 0.0]]}}, {"type": "Feature", "properties": {"osm_id": "1204004584", "name": null, "highway": "service", "waterway": null, "aerialway": null, "barrier": null, "man_made": null, "railway": null, "z_order": 0, "other_tags": null}, "geometry": {"type": "LineString", "coordinates": [[-80.93747560000001, 38.3118876, 0.0], [-80.9377438, 38.31147090000001, 0.0], [-80.937894, 38.3111804, 0.0], [-80.9380656, 38.310789, 0.0], [-80.93816760000001, 38.3107132, 0.0], [-80.9382427, 38.3107006, 0.0], [-80.9384412, 38.310709, 0.0], [-80.93885960000001, 38.3107679, 0.0], [-80.93922970000001, 38.3108058, 0.0], [-80.939565, 38.3108259, 0.0], [-80.9397098, 38.3108132, 0.0], [-80.9399624, 38.3107622, 0.0]]}}, {"type": "Feature", "properties": {"osm_id": "1204004627", "name": null, "highway": "service", "waterway": null, "aerialway": null, "barrier": null, "man_made": null, "railway": null, "z_order": 0, "other_tags": null}, "geometry": {"type": "LineString", "coordinates": [[-80.9122735, 38.3059019, 0.0], [-80.91238620000001, 38.3058724, 0.0], [-80.9124398, 38.3058177, 0.0], [-80.9124935, 38.3052284, 0.0], [-80.9124881, 38.3050642, 0.0], [-80.9124302, 38.3049033, 0.0]]}}, {"type": "Feature", "properties": {"osm_id": "1204004702", "name": null, "highway": "service", "waterway": null, "aerialway": null, "barrier": null, "man_made": null, "railway": null, "z_order": 0, "other_tags": null}, "geometry": {"type": "LineString", "coordinates": [[-80.9117961, 38.3059735, 0.0], [-80.9117371, 38.305843, 0.0], [-80.9115518, 38.3052865, 0.0]]}}, {"type": "Feature", "properties": {"osm_id": "1204004721", "name": null, "highway": "service", "waterway": null, "aerialway": null, "barrier": null, "man_made": null, "railway": null, "z_order": 0, "other_tags": null}, "geometry": {"type": "LineString", "coordinates": [[-80.9224606, 38.3270203, 0.0], [-80.9226537, 38.3271002, 0.0], [-80.92300240000002, 38.3273528, 0.0], [-80.9232438, 38.3274833, 0.0], [-80.9234852, 38.3275717, 0.0], [-80.9237105, 38.3276138, 0.0], [-80.9239948, 38.3277653, 0.0], [-80.9243381, 38.327799, 0.0]]}}, {"type": "Feature", "properties": {"osm_id": "1204004732", "name": null, "highway": "service", "waterway": null, "aerialway": null, "barrier": null, "man_made": null, "railway": null, "z_order": 0, "other_tags": null}, "geometry": {"type": "LineString", "coordinates": [[-80.9120965, 38.3037636, 0.0], [-80.9121501, 38.3042013, 0.0], [-80.9120858, 38.3043529, 0.0], [-80.9120536, 38.30447909999999, 0.0], [-80.9120536, 38.3046054, 0.0], [-80.9121663, 38.3050184, 0.0]]}}, {"type": "Feature", "properties": {"osm_id": "1204005028", "name": null, "highway": "service", "waterway": null, "aerialway": null, "barrier": null, "man_made": null, "railway": null, "z_order": 0, "other_tags": null}, "geometry": {"type": "LineString", "coordinates": [[-80.9224116, 38.3269213, 0.0], [-80.9224177, 38.3269403, 0.0], [-80.9224606, 38.3270203, 0.0], [-80.9224606, 38.3271971, 0.0], [-80.9226108, 38.3275128, 0.0], [-80.9227663, 38.3281189, 0.0], [-80.9229058, 38.3284346, 0.0], [-80.923056, 38.3287124, 0.0], [-80.9231579, 38.3289818, 0.0], [-80.9231901, 38.329209099999986, 0.0], [-80.9231848, 38.32941119999999, 0.0], [-80.9232169, 38.3295585, 0.0], [-80.9232974, 38.3296848, 0.0], [-80.923925, 38.3302573, 0.0], [-80.9239519, 38.3304719, 0.0], [-80.9238982, 38.3310655, 0.0], [-80.9239358, 38.3313475, 0.0], [-80.9240484, 38.3315243, 0.0], [-80.9242362, 38.3315411, 0.0], [-80.9244937, 38.3313643, 0.0], [-80.9246761, 38.3312086, 0.0]]}}, {"type": "Feature", "properties": {"osm_id": "1204005079", "name": "Flintlock Drive", "highway": "residential", "waterway": null, "aerialway": null, "barrier": null, "man_made": null, "railway": null, "z_order": 3, "other_tags": null}, "geometry": {"type": "LineString", "coordinates": [[-80.9126182, 38.29440550000001, 0.0], [-80.91227890000002, 38.2943827, 0.0], [-80.9122199, 38.2943932, 0.0], [-80.9121823, 38.2944143, 0.0], [-80.9120455, 38.2946753, 0.0], [-80.9120187, 38.2946985, 0.0], [-80.9119785, 38.2947279, 0.0], [-80.91158690000002, 38.29480369999999, 0.0]]}}, {"type": "Feature", "properties": {"osm_id": "1204005080", "name": "Flintlock Drive", "highway": "residential", "waterway": null, "aerialway": null, "barrier": null, "man_made": null, "railway": null, "z_order": 3, "other_tags": null}, "geometry": {"type": "LineString", "coordinates": [[-80.9134108, 38.2962688, 0.0], [-80.9130836, 38.2964246, 0.0], [-80.9130272, 38.2964351, 0.0], [-80.91297090000002, 38.2964372, 0.0], [-80.9123138, 38.2962478, 0.0], [-80.9122682, 38.2962183, 0.0], [-80.9122387, 38.29618039999998, 0.0], [-80.912236, 38.2961362, 0.0], [-80.9122601, 38.296092, 0.0], [-80.91227890000002, 38.2960457, 0.0]]}}, {"type": "Feature", "properties": {"osm_id": "1204005088", "name": "Old Stone Drive", "highway": "residential", "waterway": null, "aerialway": null, "barrier": null, "man_made": null, "railway": null, "z_order": 3, "other_tags": null}, "geometry": {"type": "LineString", "coordinates": [[-80.9108878, 38.3055749, 0.0], [-80.9108573, 38.3055368, 0.0], [-80.91080370000002, 38.3055157, 0.0], [-80.910742, 38.3055157, 0.0], [-80.9106883, 38.3055368, 0.0], [-80.9105355, 38.3055788, 0.0], [-80.9104738, 38.3055746, 0.0], [-80.9104174, 38.305562, 0.0], [-80.9103799, 38.3055241, 0.0], [-80.9103531, 38.305482, 0.0], [-80.910259, 38.30483, 0.0], [-80.9102377, 38.30468219999999, 0.0], [-80.9102002, 38.3045622, 0.0], [-80.91011170000002, 38.304377, 0.0], [-80.91011170000002, 38.3043307, 0.0], [-80.9101385, 38.3042865, 0.0], [-80.9101975, 38.3042676, 0.0], [-80.9102565, 38.30425489999999, 0.0], [-80.9103182, 38.3042381, 0.0], [-80.91080610000002, 38.3040779, 0.0]]}}, {"type": "Feature", "properties": {"osm_id": "1204005089", "name": "Spanish Lane", "highway": "residential", "waterway": null, "aerialway": null, "barrier": null, "man_made": null, "railway": null, "z_order": 3, "other_tags": null}, "geometry": {"type": "LineString", "coordinates": [[-80.9117536, 38.3051985, 0.0], [-80.911658, 38.3049685, 0.0], [-80.91162710000002, 38.3048401, 0.0], [-80.9115815, 38.3041665, 0.0]]}}, {"type": "Feature", "properties": {"osm_id": "1204005090", "name": "Briarwood Drive", "highway": "residential", "waterway": null, "aerialway": null, "barrier": null, "man_made": null, "railway": null, "z_order": 3, "other_tags": null}, "geometry": {"type": "LineString", "coordinates": [[-80.9110699, 38.3054968, 0.0], [-80.9109091, 38.3046319, 0.0], [-80.91080610000002, 38.3040779, 0.0], [-80.9106857, 38.3034298, 0.0], [-80.9106588, 38.3033499, 0.0], [-80.9106106, 38.3032825, 0.0]]}}, {"type": "Feature", "properties": {"osm_id": "1204005091", "name": "Dakota Drive", "highway": "residential", "waterway": null, "aerialway": null, "barrier": null, "man_made": null, "railway": null, "z_order": 3, "other_tags": null}, "geometry": {"type": "LineString", "coordinates": [[-80.9177694, 38.3009124, 0.0], [-80.9170184, 38.30057139999999, 0.0], [-80.9168306, 38.3005335, 0.0], [-80.9165651, 38.3005209, 0.0], [-80.9159021, 38.3005734, 0.0]]}}, {"type": "Feature", "properties": {"osm_id": "1204005092", "name": "Carriage Way", "highway": "residential", "waterway": null, "aerialway": null, "barrier": null, "man_made": null, "railway": null, "z_order": 3, "other_tags": null}, "geometry": {"type": "LineString", "coordinates": [[-80.9171564, 38.30301259999999, 0.0], [-80.9170184, 38.3026405, 0.0], [-80.9168467, 38.3020806, 0.0]]}}, {"type": "Feature", "properties": {"osm_id": "1204005093", "name": "Open Lane Road", "highway": "residential", "waterway": null, "aerialway": null, "barrier": null, "man_made": null, "railway": null, "z_order": 3, "other_tags": null}, "geometry": {"type": "LineString", "coordinates": [[-80.9250569, 38.305943, 0.0], [-80.9250033, 38.3058798, 0.0], [-80.9249765, 38.3058083, 0.0], [-80.9248799, 38.3052568, 0.0], [-80.9248213, 38.3043318, 0.0]]}}, {"type": "Feature", "properties": {"osm_id": "1204005094", "name": "Lanham Loop", "highway": "residential", "waterway": null, "aerialway": null, "barrier": null, "man_made": null, "railway": null, "z_order": 3, "other_tags": null}, "geometry": {"type": "LineString", "coordinates": [[-80.9362485, 38.3043436, 0.0], [-80.9356704, 38.3041244, 0.0]]}}, {"type": "Feature", "properties": {"osm_id": "1204005095", "name": "Hillside Road", "highway": "residential", "waterway": null, "aerialway": null, "barrier": null, "man_made": null, "railway": null, "z_order": 3, "other_tags": null}, "geometry": {"type": "LineString", "coordinates": [[-80.935978, 38.304926, 0.0], [-80.9356597, 38.3048169, 0.0]]}}, {"type": "Feature", "properties": {"osm_id": "1204005096", "name": "Treasure Lane", "highway": "residential", "waterway": null, "aerialway": null, "barrier": null, "man_made": null, "railway": null, "z_order": 3, "other_tags": null}, "geometry": {"type": "LineString", "coordinates": [[-80.9449992, 38.2928228, 0.0], [-80.9450126, 38.2932017, 0.0], [-80.9449992, 38.2932523, 0.0], [-80.9449884, 38.2933028, 0.0], [-80.944967, 38.29335119999999, 0.0], [-80.9449428, 38.2934017, 0.0], [-80.9448624, 38.29349220000001, 0.0], [-80.9446049, 38.2936691, 0.0], [-80.9445754, 38.2937112, 0.0], [-80.94455390000002, 38.2937785, 0.0]]}}, {"type": "Feature", "properties": {"osm_id": "1204005097", "name": "Benton Road", "highway": "residential", "waterway": null, "aerialway": null, "barrier": null, "man_made": null, "railway": null, "z_order": 3, "other_tags": null}, "geometry": {"type": "LineString", "coordinates": [[-80.9479442, 38.2918986, 0.0], [-80.9479469, 38.2918439, 0.0], [-80.9479469, 38.2917765, 0.0], [-80.9479362, 38.2917302, 0.0], [-80.947912, 38.2916839, 0.0], [-80.9478772, 38.2916481, 0.0], [-80.9472442, 38.2910987, 0.0], [-80.9471986, 38.2910692, 0.0], [-80.9471422, 38.2910482, 0.0], [-80.9470886, 38.2910313, 0.0], [-80.9470296, 38.2910166, 0.0], [-80.9469679, 38.2910103, 0.0], [-80.9469062, 38.2910082, 0.0], [-80.9467185, 38.2910292, 0.0], [-80.9466594, 38.2910397, 0.0], [-80.9465468, 38.2910734, 0.0], [-80.94633490000001, 38.2911892, 0.0], [-80.9459621, 38.2915218, 0.0], [-80.9458199, 38.2917492, 0.0], [-80.9457529, 38.2919955, 0.0], [-80.9457368, 38.2920418, 0.0], [-80.9457234, 38.292105, 0.0], [-80.945667, 38.2924376, 0.0], [-80.945667, 38.2924839, 0.0], [-80.945718, 38.29305859999999, 0.0], [-80.9457126, 38.2935764, 0.0], [-80.9456885, 38.2936754, 0.0], [-80.9456724, 38.2937238, 0.0], [-80.9456536, 38.2937701, 0.0], [-80.9456241, 38.2938185, 0.0], [-80.9455329, 38.2939469, 0.0], [-80.94549, 38.2939848, 0.0], [-80.9454176, 38.2940669, 0.0], [-80.945321, 38.2941238, 0.0], [-80.9450313, 38.2941932, 0.0], [-80.9448765, 38.2942194, 0.0]]}}, {"type": "Feature", "properties": {"osm_id": "1204005098", "name": "Benton Road", "highway": "residential", "waterway": null, "aerialway": null, "barrier": null, "man_made": null, "railway": null, "z_order": 3, "other_tags": null}, "geometry": {"type": "LineString", "coordinates": [[-80.9467614, 38.295911, 0.0], [-80.9468633, 38.2958541, 0.0], [-80.9469143, 38.295820499999984, 0.0], [-80.9469572, 38.2957847, 0.0], [-80.946992, 38.29574680000002, 0.0], [-80.9470189, 38.2956984, 0.0], [-80.947035, 38.29565, 0.0], [-80.9470376, 38.2955952, 0.0], [-80.947035, 38.2955468, 0.0], [-80.9469813, 38.29546049999998, 0.0], [-80.9461632, 38.2950226, 0.0], [-80.9457341, 38.2948269, 0.0], [-80.9452942, 38.29452160000001, 0.0], [-80.9452567, 38.2944837, 0.0], [-80.9451762, 38.2944164, 0.0], [-80.9451145, 38.2943364, 0.0], [-80.9450313, 38.2941932, 0.0]]}}, {"type": "Feature", "properties": {"osm_id": "1204005101", "name": "Sulobon Lane", "highway": "residential", "waterway": null, "aerialway": null, "barrier": null, "man_made": null, "railway": null, "z_order": 3, "other_tags": null}, "geometry": {"type": "LineString", "coordinates": [[-80.9789598, 38.27941839999998, 0.0], [-80.9788835, 38.279675, 0.0], [-80.978854, 38.2797171, 0.0], [-80.9787387, 38.2798266, 0.0], [-80.9779018, 38.2800308, 0.0], [-80.9774727, 38.2802035, 0.0], [-80.9772849, 38.280245599999986, 0.0], [-80.9771615, 38.2802498, 0.0], [-80.9768048, 38.2802288, 0.0], [-80.9761611, 38.2801593, 0.0], [-80.9759814, 38.2801256, 0.0], [-80.9758633, 38.280134, 0.0], [-80.9758177, 38.2801677, 0.0], [-80.9757882, 38.2802098, 0.0], [-80.97577480000001, 38.2802582, 0.0], [-80.97577480000001, 38.2803046, 0.0], [-80.9757963, 38.2803488, 0.0], [-80.9758312, 38.2803909, 0.0], [-80.9758848, 38.2804161, 0.0], [-80.9761316, 38.2805867, 0.0], [-80.9762067, 38.280673, 0.0], [-80.97622810000001, 38.2807214, 0.0], [-80.9762844, 38.2809109, 0.0], [-80.97633, 38.2813889, 0.0], [-80.9763944, 38.28166259999998, 0.0], [-80.9766385, 38.2823427, 0.0], [-80.9766465, 38.2823932, 0.0], [-80.9766465, 38.2824942, 0.0], [-80.9764963, 38.2828922, 0.0], [-80.9764347, 38.2829764, 0.0], [-80.976035, 38.2833596, 0.0]]}}, {"type": "Feature", "properties": {"osm_id": "1204005102", "name": "Iron Horse Lane", "highway": "residential", "waterway": null, "aerialway": null, "barrier": null, "man_made": null, "railway": null, "z_order": 3, "other_tags": null}, "geometry": {"type": "LineString", "coordinates": [[-80.9715825, 38.2843386, 0.0], [-80.9713089, 38.2846081, 0.0], [-80.971266, 38.28463760000001, 0.0], [-80.9712231, 38.2846733, 0.0], [-80.9711748, 38.2847091, 0.0], [-80.970751, 38.2848902, 0.0], [-80.970338, 38.2850165, 0.0], [-80.9699678, 38.2850692, 0.0], [-80.9699249, 38.2850986, 0.0], [-80.9699142, 38.2851449, 0.0], [-80.9699671, 38.2854165, 0.0]]}}, {"type": "Feature", "properties": {"osm_id": "1204005103", "name": "Buttercup Lane", "highway": "residential", "waterway": null, "aerialway": null, "barrier": null, "man_made": null, "railway": null, "z_order": 3, "other_tags": null}, "geometry": {"type": "LineString", "coordinates": [[-80.9455088, 38.3112468, 0.0], [-80.94512250000001, 38.3111079, 0.0], [-80.9450635, 38.3110995, 0.0], [-80.9449992, 38.3110995, 0.0], [-80.9449321, 38.3111037, 0.0], [-80.9448704, 38.3111205, 0.0], [-80.9448168, 38.3111394, 0.0], [-80.9442911, 38.311415099999984, 0.0], [-80.9441248, 38.3114867, 0.0], [-80.9440658, 38.3114972, 0.0], [-80.9437439, 38.31153089999999, 0.0], [-80.9435615, 38.31153089999999, 0.0], [-80.9434971, 38.3115288, 0.0], [-80.9434435, 38.3115099, 0.0], [-80.9433979, 38.3114825, 0.0], [-80.9433067, 38.3113983, 0.0], [-80.9431887, 38.3112299, 0.0], [-80.9430867, 38.3111247, 0.0], [-80.94303850000001, 38.3110974, 0.0], [-80.9429848, 38.3110742, 0.0], [-80.94293120000002, 38.3110426, 0.0], [-80.9428883, 38.3110132, 0.0], [-80.9428427, 38.3109879, 0.0], [-80.942789, 38.3109669, 0.0], [-80.9427327, 38.3109479, 0.0], [-80.9425718, 38.310889, 0.0], [-80.9423974, 38.3108406, 0.0], [-80.9423411, 38.310828, 0.0], [-80.9422821, 38.3108259, 0.0], [-80.9420487, 38.3107985, 0.0], [-80.9415123, 38.3108048, 0.0], [-80.941456, 38.3108195, 0.0], [-80.941405, 38.3108427, 0.0], [-80.9412172, 38.3109563, 0.0], [-80.9411716, 38.3109942, 0.0], [-80.9411395, 38.3110384, 0.0], [-80.9411287, 38.31108679999998, 0.0], [-80.9411287, 38.3111331, 0.0], [-80.9411824, 38.3115267, 0.0], [-80.9411743, 38.3115751, 0.0], [-80.9411556, 38.3116193, 0.0], [-80.941118, 38.31165509999999, 0.0], [-80.9409475, 38.3117493, 0.0]]}}, {"type": "Feature", "properties": {"osm_id": "1204005104", "name": null, "highway": "service", "waterway": null, "aerialway": null, "barrier": null, "man_made": null, "railway": null, "z_order": 0, "other_tags": "\"access\"=>\"private\",\"tiger:cfcc\"=>\"A74\",\"tiger:county\"=>\"Nicholas, WV\",\"tiger:reviewed\"=>\"no\""}, "geometry": {"type": "LineString", "coordinates": [[-80.9348711, 38.2951321, 0.0], [-80.9352225, 38.2949637, 0.0], [-80.9356007, 38.2946606, 0.0], [-80.9356758, 38.294618499999984, 0.0], [-80.9357482, 38.29460789999999, 0.0], [-80.9360567, 38.2946016, 0.0], [-80.9361827, 38.2946248, 0.0], [-80.9363061, 38.2946774, 0.0], [-80.9363812, 38.2947153, 0.0]]}}, {"type": "Feature", "properties": {"osm_id": "1204005105", "name": "Rebel Drive", "highway": "residential", "waterway": null, "aerialway": null, "barrier": null, "man_made": null, "railway": null, "z_order": 3, "other_tags": null}, "geometry": {"type": "LineString", "coordinates": [[-80.9434354, 38.301828, 0.0], [-80.9433281, 38.3016512, 0.0], [-80.9433121, 38.301609099999986, 0.0], [-80.9432825, 38.3015165, 0.0], [-80.9432369, 38.3013271, 0.0], [-80.9429231, 38.3008893, 0.0], [-80.9427595, 38.3008261, 0.0], [-80.9427032, 38.300811399999986, 0.0], [-80.9426388, 38.3008072, 0.0], [-80.9425691, 38.3008177, 0.0], [-80.94247790000001, 38.3008808, 0.0], [-80.942435, 38.3009166, 0.0], [-80.9423921, 38.3009482, 0.0], [-80.9423009, 38.30100920000001, 0.0], [-80.9421802, 38.3010387, 0.0], [-80.9421185, 38.3010429, 0.0], [-80.9420058, 38.3010556, 0.0], [-80.9419361, 38.301064, 0.0], [-80.9418663, 38.3010766, 0.0], [-80.9412816, 38.3012492, 0.0], [-80.9412172, 38.30126389999999, 0.0], [-80.9410885, 38.301285, 0.0], [-80.9410188, 38.3012913, 0.0], [-80.9409544, 38.3012934, 0.0], [-80.9408981, 38.3012808, 0.0], [-80.9408525, 38.3012513, 0.0], [-80.9408007, 38.3011965, 0.0]]}}, {"type": "Feature", "properties": {"osm_id": "1204005107", "name": null, "highway": "service", "waterway": null, "aerialway": null, "barrier": null, "man_made": null, "railway": null, "z_order": 0, "other_tags": "\"tiger:cfcc\"=>\"A41\",\"tiger:county\"=>\"Nicholas, WV\",\"tiger:reviewed\"=>\"no\""}, "geometry": {"type": "LineString", "coordinates": [[-80.938468, 38.3055262, 0.0], [-80.938417, 38.3055746, 0.0], [-80.9383982, 38.30563570000001, 0.0], [-80.9385136, 38.3060061, 0.0], [-80.938606, 38.306435, 0.0], [-80.938666, 38.306629, 0.0], [-80.9387354, 38.3068352, 0.0]]}}, {"type": "Feature", "properties": {"osm_id": "1204005109", "name": null, "highway": "service", "waterway": null, "aerialway": null, "barrier": null, "man_made": null, "railway": null, "z_order": 0, "other_tags": null}, "geometry": {"type": "LineString", "coordinates": [[-80.9509586, 38.28581459999999, 0.0], [-80.9505156, 38.28579339999999, 0.0]]}}, {"type": "Feature", "properties": {"osm_id": "1204005110", "name": null, "highway": "service", "waterway": null, "aerialway": null, "barrier": null, "man_made": null, "railway": null, "z_order": 0, "other_tags": null}, "geometry": {"type": "LineString", "coordinates": [[-80.95050860000002, 38.2860407, 0.0], [-80.9505156, 38.28579339999999, 0.0], [-80.9505259, 38.28543229999999, 0.0], [-80.950558, 38.2853839, 0.0], [-80.9506305, 38.2853313, 0.0], [-80.9506841, 38.28529969999999, 0.0], [-80.9507404, 38.2852871, 0.0], [-80.9507887, 38.28528390000001, 0.0], [-80.95085980000002, 38.2852881, 0.0], [-80.9509228, 38.2853018, 0.0], [-80.9509778, 38.2853376, 0.0], [-80.9509952, 38.2853755, 0.0], [-80.9510006, 38.2854155, 0.0], [-80.9509586, 38.28581459999999, 0.0], [-80.9509305, 38.2860821, 0.0]]}}, {"type": "Feature", "properties": {"osm_id": "1204005115", "name": "Waycross Way", "highway": "residential", "waterway": null, "aerialway": null, "barrier": null, "man_made": null, "railway": null, "z_order": 3, "other_tags": null}, "geometry": {"type": "LineString", "coordinates": [[-80.9364295, 38.2800245, 0.0], [-80.9368211, 38.27968340000001, 0.0], [-80.936923, 38.2795276, 0.0], [-80.9369445, 38.2793002, 0.0], [-80.9369177, 38.2791065, 0.0], [-80.9364939, 38.2783485, 0.0], [-80.9364778, 38.27829589999999, 0.0], [-80.9364751, 38.278255899999984, 0.0], [-80.9365073, 38.2782074, 0.0]]}}, {"type": "Feature", "properties": {"osm_id": "1204005121", "name": "King Cross Lane", "highway": "residential", "waterway": null, "aerialway": null, "barrier": null, "man_made": null, "railway": null, "z_order": 3, "other_tags": null}, "geometry": {"type": "LineString", "coordinates": [[-80.9385538, 38.28055509999999, 0.0], [-80.9385565, 38.2805214, 0.0], [-80.938527, 38.28048349999999, 0.0], [-80.9378269, 38.279771899999986, 0.0], [-80.9377384, 38.2796918, 0.0], [-80.9376481, 38.2795671, 0.0]]}}, {"type": "Feature", "properties": {"osm_id": "1204005122", "name": "Harthstone Lane", "highway": "residential", "waterway": null, "aerialway": null, "barrier": null, "man_made": null, "railway": null, "z_order": 3, "other_tags": null}, "geometry": {"type": "LineString", "coordinates": [[-80.9491976, 38.2855914, 0.0], [-80.9491083, 38.28562079999998, 0.0], [-80.9490305, 38.2856671, 0.0], [-80.949001, 38.2857134, 0.0], [-80.9489742, 38.2858713, 0.0], [-80.948883, 38.2860376, 0.0], [-80.9485853, 38.286345, 0.0], [-80.9481508, 38.2869303, 0.0], [-80.9480649, 38.2871071, 0.0], [-80.9480327, 38.287353399999986, 0.0], [-80.9479791, 38.2874777, 0.0], [-80.9479255, 38.2875619, 0.0], [-80.947794, 38.2876629, 0.0], [-80.9475097, 38.2879113, 0.0], [-80.9471691, 38.288305, 0.0]]}}, {"type": "Feature", "properties": {"osm_id": "1204005124", "name": "Keenan Cemetery Road", "highway": "residential", "waterway": null, "aerialway": null, "barrier": null, "man_made": null, "railway": null, "z_order": 3, "other_tags": null}, "geometry": {"type": "LineString", "coordinates": [[-80.9601188, 38.2833869, 0.0], [-80.9595448, 38.2835891, 0.0], [-80.9587964, 38.2839554, 0.0], [-80.9586167, 38.2840186, 0.0], [-80.9584504, 38.2840607, 0.0], [-80.9583834, 38.2840628, 0.0], [-80.958252, 38.2840274, 0.0]]}}, {"type": "Feature", "properties": {"osm_id": "1204005125", "name": "Country Road", "highway": "residential", "waterway": null, "aerialway": null, "barrier": null, "man_made": null, "railway": null, "z_order": 3, "other_tags": null}, "geometry": {"type": "LineString", "coordinates": [[-80.95655, 38.28642520000001, 0.0], [-80.9565568, 38.2865324, 0.0], [-80.9565246, 38.2865766, 0.0], [-80.9564656, 38.2866061, 0.0], [-80.9563851, 38.286625, 0.0], [-80.9559506, 38.2866061, 0.0], [-80.9557897, 38.2866545, 0.0], [-80.9548858, 38.2870755, 0.0], [-80.9547973, 38.2871808, 0.0], [-80.9547678, 38.28728610000001, 0.0], [-80.9547436, 38.2873829, 0.0], [-80.9547088, 38.2874377, 0.0], [-80.9546766, 38.2874629, 0.0], [-80.9546149, 38.2874924, 0.0], [-80.954517, 38.287533, 0.0]]}}, {"type": "Feature", "properties": {"osm_id": "1204005227", "name": null, "highway": "track", "waterway": null, "aerialway": null, "barrier": null, "man_made": null, "railway": null, "z_order": 0, "other_tags": "\"tiger:cfcc\"=>\"A51\",\"tiger:county\"=>\"Nicholas, WV\",\"tiger:reviewed\"=>\"no\""}, "geometry": {"type": "LineString", "coordinates": [[-80.98850439115745, 38.26081699402221, 0.0], [-80.9885, 38.260859, 0.0], [-80.988418, 38.26102, 0.0], [-80.988213, 38.261374, 0.0], [-80.988191, 38.261858, 0.0], [-80.988342, 38.262365, 0.0], [-80.988402, 38.262728, 0.0], [-80.988228, 38.263026, 0.0], [-80.987748, 38.263355, 0.0], [-80.987034, 38.26378, 0.0], [-80.986616, 38.263876, 0.0], [-80.9863, 38.26398, 0.0], [-80.985882, 38.264205, 0.0], [-80.985323, 38.264171, 0.0], [-80.98457, 38.263903, 0.0], [-80.983848, 38.263644, 0.0]]}}, {"type": "Feature", "properties": {"osm_id": "1204005544", "name": "Crow Foot Road", "highway": "residential", "waterway": null, "aerialway": null, "barrier": null, "man_made": null, "railway": null, "z_order": 3, "other_tags": null}, "geometry": {"type": "LineString", "coordinates": [[-80.934906, 38.270258, 0.0], [-80.9346056, 38.27019629999999, 0.0], [-80.9341443, 38.2702216, 0.0], [-80.9339404, 38.2701863, 0.0], [-80.9338385, 38.2701921, 0.0], [-80.9337527, 38.27023, 0.0], [-80.9336936, 38.2702805, 0.0], [-80.9335864, 38.2704154, 0.0], [-80.9331403, 38.2707276, 0.0]]}}, {"type": "Feature", "properties": {"osm_id": "1349839502", "name": null, "highway": "track", "waterway": null, "aerialway": null, "barrier": null, "man_made": null, "railway": null, "z_order": 0, "other_tags": null}, "geometry": {"type": "LineString", "coordinates": [[-80.9604996, 38.3559317, 0.0], [-80.9604473, 38.3560958, 0.0], [-80.9603441, 38.356405, 0.0], [-80.9601952, 38.3568435, 0.0], [-80.9601027, 38.3569055, 0.0], [-80.9598103, 38.356996, 0.0], [-80.9593463, 38.3571621, 0.0], [-80.9586409, 38.3573998, 0.0], [-80.9581245, 38.3576175, 0.0], [-80.957737, 38.3577742, 0.0], [-80.9576444, 38.3578468, 0.0], [-80.9575586, 38.3579803, 0.0], [-80.9573749, 38.3584104, 0.0], [-80.95734, 38.3588605, 0.0], [-80.9573802, 38.3592727, 0.0], [-80.9581769, 38.35889730000001, 0.0], [-80.9587803, 38.3586071, 0.0], [-80.9589654, 38.35855129999999, 0.0]]}}, {"type": "Feature", "properties": {"osm_id": "1349839503", "name": null, "highway": "track", "waterway": null, "aerialway": null, "barrier": null, "man_made": null, "railway": null, "z_order": 0, "other_tags": null}, "geometry": {"type": "LineString", "coordinates": [[-80.9517328, 38.3596366, 0.0], [-80.9517181, 38.3595672, 0.0], [-80.9513989, 38.35936739999999, 0.0], [-80.9511361, 38.3592338, 0.0]]}}, {"type": "Feature", "properties": {"osm_id": "1349839504", "name": null, "highway": "track", "waterway": null, "aerialway": null, "barrier": null, "man_made": null, "railway": null, "z_order": 0, "other_tags": null}, "geometry": {"type": "MultiLineString", "coordinates": [[[-80.9489179, 38.3600509, 0.0], [-80.9487475, 38.3599121, 0.0], [-80.9484391, 38.3595588, 0.0], [-80.948022, 38.3590183, 0.0], [-80.9479697, 38.35891419999999, 0.0], [-80.9479295, 38.3586902, 0.0], [-80.9479751, 38.35848090000001, 0.0], [-80.9480461, 38.3583799, 0.0], [-80.9481668, 38.3582905, 0.0], [-80.9485424, 38.3581317, 0.0], [-80.9486604, 38.358102299999985, 0.0], [-80.948765, 38.3580991, 0.0], [-80.9488522, 38.358137, 0.0], [-80.9489031, 38.3581906, 0.0], [-80.9489299, 38.3583947, 0.0], [-80.9489688, 38.3584809, 0.0], [-80.9490399, 38.358565, 0.0], [-80.9492277, 38.3586996, 0.0], [-80.9493457, 38.35875750000001, 0.0], [-80.9494811, 38.3588142, 0.0], [-80.9497815, 38.358891, 0.0], [-80.9494275, 38.3594505, 0.0], [-80.9492666, 38.3596103, 0.0], [-80.9490305, 38.359807, 0.0], [-80.948946, 38.3599037, 0.0], [-80.9489192, 38.3599826, 0.0], [-80.9489179, 38.3600509, 0.0]], [[-80.9489179, 38.3600509, 0.0], [-80.9492518, 38.360419, 0.0], [-80.9493738, 38.360603, 0.0], [-80.9494691, 38.3608154, 0.0], [-80.9494852, 38.3609101, 0.0], [-80.9494758, 38.3611341, 0.0], [-80.9494208, 38.3615126, 0.0], [-80.9493537, 38.361684, 0.0], [-80.9492746, 38.3617955, 0.0], [-80.9491888, 38.3618786, 0.0], [-80.9490788, 38.361969, 0.0], [-80.9487475, 38.362128900000016, 0.0], [-80.9486684, 38.3622077, 0.0], [-80.9486282, 38.36227609999999, 0.0], [-80.948604, 38.36257470000001, 0.0], [-80.9486242, 38.3629344, 0.0], [-80.94860540000002, 38.3631499, 0.0], [-80.9485383, 38.3634328, 0.0], [-80.9484833, 38.363579, 0.0], [-80.9484002, 38.3637051, 0.0], [-80.9481883, 38.3638986, 0.0], [-80.9480529, 38.3640521, 0.0]]]}}, {"type": "Feature", "properties": {"osm_id": "1349839505", "name": null, "highway": "track", "waterway": null, "aerialway": null, "barrier": null, "man_made": null, "railway": null, "z_order": 0, "other_tags": null}, "geometry": {"type": "LineString", "coordinates": [[-80.9660625, 38.367867, 0.0], [-80.96604510000002, 38.3676788, 0.0], [-80.9660277, 38.3674548, 0.0], [-80.9660424, 38.3673413, 0.0], [-80.9660961, 38.3671909, 0.0], [-80.9661873, 38.3670132, 0.0], [-80.9664273, 38.3667924, 0.0], [-80.9665306, 38.3666536, 0.0], [-80.9666111, 38.3665747, 0.0], [-80.967126, 38.3662488, 0.0], [-80.967405, 38.3660921, 0.0], [-80.9675539, 38.3660332, 0.0], [-80.9676786, 38.3660038, 0.0], [-80.9678207, 38.3659228, 0.0], [-80.9678556, 38.3658629, 0.0], [-80.9678851, 38.3657241, 0.0], [-80.9679079, 38.3654275, 0.0], [-80.96796960000002, 38.3652162, 0.0], [-80.9683384, 38.3643035, 0.0], [-80.9684269, 38.3642435, 0.0], [-80.9689258, 38.3640238, 0.0], [-80.9691538, 38.3638976, 0.0], [-80.9693751, 38.3638029, 0.0], [-80.9696902, 38.3637157, 0.0], [-80.9697787, 38.3636452, 0.0], [-80.9700861, 38.3638728, 0.0]]}}, {"type": "Feature", "properties": {"osm_id": "1349839506", "name": null, "highway": "track", "waterway": null, "aerialway": null, "barrier": null, "man_made": null, "railway": null, "z_order": 0, "other_tags": null}, "geometry": {"type": "LineString", "coordinates": [[-80.9479228, 38.36476720000001, 0.0], [-80.9482983, 38.3647798, 0.0], [-80.9489715, 38.3648156, 0.0], [-80.9492424, 38.3647945, 0.0], [-80.9493712, 38.36475979999999, 0.0], [-80.9495723, 38.3646715, 0.0], [-80.9498164, 38.3645253, 0.0], [-80.9500551, 38.364315, 0.0], [-80.9501088, 38.3642078, 0.0], [-80.9501182, 38.364111, 0.0], [-80.9500833, 38.36358950000001, 0.0], [-80.9501664, 38.3631015, 0.0], [-80.9503099, 38.3626914, 0.0], [-80.9504199, 38.3622288, 0.0], [-80.9504601, 38.3620037, 0.0], [-80.9504735, 38.3616588, 0.0], [-80.9504025, 38.361296, 0.0], [-80.9500994, 38.360704, 0.0], [-80.9499814, 38.3604064, 0.0], [-80.9499867, 38.3601918, 0.0], [-80.9500243, 38.3600962, 0.0], [-80.9500927, 38.3600289, 0.0], [-80.9501892, 38.3599679, 0.0], [-80.9503998, 38.359872199999984, 0.0], [-80.95064120000002, 38.359787, 0.0], [-80.9510958, 38.3595651, 0.0], [-80.9512045, 38.3595409, 0.0], [-80.951301, 38.3595451, 0.0], [-80.9515974, 38.3596471, 0.0], [-80.9516712, 38.3596555, 0.0], [-80.9517328, 38.3596366, 0.0], [-80.9518589, 38.3596313, 0.0], [-80.952331, 38.359767, 0.0], [-80.9524705, 38.3597544, 0.0], [-80.9528889, 38.3596471, 0.0], [-80.9534454, 38.359462, 0.0], [-80.9535675, 38.3594389, 0.0], [-80.9538706, 38.3594168, 0.0], [-80.9543547, 38.3594242, 0.0], [-80.9547021, 38.3594053, 0.0], [-80.9559654, 38.3592559, 0.0], [-80.9563784, 38.35926959999998, 0.0], [-80.9567016, 38.3593053, 0.0], [-80.9573802, 38.3592727, 0.0], [-80.9574486, 38.3593979, 0.0], [-80.9579784, 38.3600383, 0.0], [-80.9580106, 38.3601014, 0.0], [-80.9579971, 38.3604221, 0.0], [-80.9578912, 38.3608144, 0.0], [-80.9575841, 38.3612739, 0.0], [-80.9575224, 38.3614317, 0.0], [-80.9575251, 38.3617829, 0.0], [-80.9575559, 38.3620121, 0.0], [-80.9576538, 38.362274, 0.0], [-80.9578255, 38.3624916, 0.0], [-80.9582171, 38.3628145, 0.0], [-80.9589748, 38.3633119, 0.0], [-80.9593342, 38.3634675, 0.0], [-80.9598881, 38.3637514, 0.0], [-80.9599565, 38.3638282, 0.0], [-80.959982, 38.3639049, 0.0], [-80.9603052, 38.3643813, 0.0], [-80.9603897, 38.3644654, 0.0], [-80.9605761, 38.3645989, 0.0], [-80.960855, 38.3647577, 0.0], [-80.961083, 38.3648303, 0.0], [-80.9614639, 38.36499640000001, 0.0], [-80.9616999, 38.3650721, 0.0], [-80.9620701, 38.3651089, 0.0], [-80.9623772, 38.3650858, 0.0], [-80.9626092, 38.3651089, 0.0], [-80.9628305, 38.365172, 0.0], [-80.963147, 38.3653045, 0.0], [-80.9634487, 38.3654728, 0.0], [-80.963788, 38.3656357, 0.0], [-80.9640589, 38.3657462, 0.0], [-80.9642923, 38.3658734, 0.0], [-80.9645002, 38.36603010000001, 0.0], [-80.9648556, 38.366335, 0.0], [-80.965388, 38.3666136, 0.0], [-80.9654886, 38.36670619999999, 0.0], [-80.9655529, 38.3668492, 0.0], [-80.9656709, 38.3674128, 0.0], [-80.965746, 38.367539, 0.0], [-80.9658493, 38.367663, 0.0], [-80.9660625, 38.367867, 0.0], [-80.9660733, 38.368132, 0.0], [-80.9661336, 38.36854839999999, 0.0]]}}, {"type": "Feature", "properties": {"osm_id": "1349839507", "name": null, "highway": "track", "waterway": null, "aerialway": null, "barrier": null, "man_made": null, "railway": null, "z_order": 0, "other_tags": null}, "geometry": {"type": "LineString", "coordinates": [[-80.9513037, 38.36763780000001, 0.0], [-80.9512541, 38.3674464, 0.0], [-80.951073, 38.3669301, 0.0], [-80.9509979, 38.3667956, 0.0], [-80.9509081, 38.3666841, 0.0], [-80.9507941, 38.3665926, 0.0], [-80.9506573, 38.3665253, 0.0], [-80.9503649, 38.3664507, 0.0], [-80.9495294, 38.3663676, 0.0], [-80.9492344, 38.3662782, 0.0], [-80.9490493, 38.3661951, 0.0], [-80.9488079, 38.3660248, 0.0], [-80.9485866, 38.3658387, 0.0], [-80.9484002, 38.3656515, 0.0], [-80.9480166, 38.3653403, 0.0], [-80.9478259, 38.3651012, 0.0]]}}, {"type": "Feature", "properties": {"osm_id": "1349839508", "name": null, "highway": "track", "waterway": null, "aerialway": null, "barrier": null, "man_made": null, "railway": null, "z_order": 0, "other_tags": null}, "geometry": {"type": "MultiLineString", "coordinates": [[[-80.9546551, 38.3670321, 0.0], [-80.9547155, 38.3669785, 0.0], [-80.9547584, 38.3669133, 0.0], [-80.954808, 38.3666694, 0.0], [-80.954867, 38.3665884, 0.0]], [[-80.954867, 38.3665884, 0.0], [-80.9548885, 38.366521099999986, 0.0], [-80.9550427, 38.3662856, 0.0], [-80.9551004, 38.3660637, 0.0], [-80.9551393, 38.3660343, 0.0], [-80.9551983, 38.3660248, 0.0], [-80.9553069, 38.3660521, 0.0], [-80.9553351, 38.3660942, 0.0], [-80.9553324, 38.3661436, 0.0], [-80.9552439, 38.3662898, 0.0], [-80.95503870000002, 38.3664738, 0.0], [-80.954867, 38.3665884, 0.0]]]}}, {"type": "Feature", "properties": {"osm_id": "1349839509", "name": null, "highway": "track", "waterway": null, "aerialway": null, "barrier": null, "man_made": null, "railway": null, "z_order": 0, "other_tags": null}, "geometry": {"type": "LineString", "coordinates": [[-80.9528379, 38.3682151, 0.0], [-80.9530257, 38.3680205, 0.0], [-80.9537338, 38.3673297, 0.0], [-80.953939, 38.3672624, 0.0], [-80.954167, 38.367234, 0.0], [-80.95427960000002, 38.3672014, 0.0], [-80.9546551, 38.3670321, 0.0], [-80.9547074, 38.36707, 0.0], [-80.9547731, 38.3670868, 0.0], [-80.9548388, 38.3670795, 0.0], [-80.9548992, 38.3670532, 0.0], [-80.9555295, 38.3665684, 0.0], [-80.9557736, 38.366296100000014, 0.0], [-80.9558192, 38.3662246, 0.0], [-80.9558916, 38.3660006, 0.0], [-80.9560914, 38.3657956, 0.0], [-80.9561665, 38.3656378, 0.0]]}}, {"type": "Feature", "properties": {"osm_id": "1349839510", "name": null, "highway": "track", "waterway": null, "aerialway": null, "barrier": null, "man_made": null, "railway": null, "z_order": 0, "other_tags": null}, "geometry": {"type": "LineString", "coordinates": [[-80.9523886, 38.3684148, 0.0], [-80.9524865, 38.368397, 0.0], [-80.9525992, 38.3683518, 0.0], [-80.9528379, 38.3682151, 0.0], [-80.952787, 38.3683665, 0.0], [-80.9527722, 38.3685936, 0.0]]}}, {"type": "Feature", "properties": {"osm_id": "1349839511", "name": null, "highway": "track", "waterway": null, "aerialway": null, "barrier": null, "man_made": null, "railway": null, "z_order": 0, "other_tags": null}, "geometry": {"type": "LineString", "coordinates": [[-80.9545639, 38.3729865, 0.0], [-80.9547007, 38.3730086, 0.0], [-80.9550368, 38.3731726, 0.0], [-80.95517010000002, 38.3732126, 0.0], [-80.9552787, 38.3732157, 0.0], [-80.9556842, 38.3731458, 0.0], [-80.9560727, 38.3730559, 0.0], [-80.9562457, 38.3730601, 0.0], [-80.9563623, 38.373099, 0.0], [-80.9564053, 38.3730927, 0.0], [-80.9564723, 38.37306959999999, 0.0], [-80.9565729, 38.3730044, 0.0], [-80.9566775, 38.3729224, 0.0], [-80.9567271, 38.3728582, 0.0], [-80.9567902, 38.3726816, 0.0], [-80.9568129, 38.3724787, 0.0], [-80.9567405, 38.3723189, 0.0], [-80.9566802, 38.37224, 0.0], [-80.9563543, 38.3719666, 0.0], [-80.9557454, 38.3716796, 0.0], [-80.95564750000001, 38.3715902, 0.0], [-80.9555979, 38.3714945, 0.0], [-80.9555939, 38.3714367, 0.0]]}}, {"type": "Feature", "properties": {"osm_id": "1349839512", "name": null, "highway": "track", "waterway": null, "aerialway": null, "barrier": null, "man_made": null, "railway": null, "z_order": 0, "other_tags": null}, "geometry": {"type": "LineString", "coordinates": [[-80.949402, 38.3678702, 0.0], [-80.9496474, 38.367752399999986, 0.0], [-80.9498043, 38.3676893, 0.0], [-80.9500377, 38.367621, 0.0], [-80.9503596, 38.3675621, 0.0], [-80.9505433, 38.3675547, 0.0], [-80.9508625, 38.367581, 0.0], [-80.9511803, 38.3675652, 0.0], [-80.9512514, 38.3675936, 0.0], [-80.9513037, 38.36763780000001, 0.0], [-80.9513681, 38.3678786, 0.0], [-80.9514472, 38.3680226, 0.0], [-80.95157190000002, 38.3681509, 0.0], [-80.9517838, 38.3682676, 0.0], [-80.9523886, 38.3684148, 0.0], [-80.9525697, 38.36848109999998, 0.0], [-80.9527722, 38.3685936, 0.0], [-80.9532563, 38.3689942, 0.0], [-80.9533167, 38.3690815, 0.0], [-80.9533583, 38.3691824, 0.0], [-80.9533851, 38.3693075, 0.0], [-80.9533824, 38.3694106, 0.0], [-80.9533435, 38.3695672, 0.0], [-80.9532885, 38.3696913, 0.0], [-80.9530431, 38.3700372, 0.0], [-80.9528714, 38.3702412, 0.0], [-80.9528017, 38.3703464, 0.0], [-80.9527534, 38.37045889999999, 0.0], [-80.95274, 38.3705808, 0.0], [-80.95276420000002, 38.3707354, 0.0], [-80.95285, 38.3709993, 0.0], [-80.953023, 38.3712559, 0.0], [-80.9531263, 38.3713568, 0.0], [-80.9535004, 38.371626, 0.0], [-80.9536587, 38.3717584, 0.0], [-80.9537365, 38.37184890000002, 0.0], [-80.9542327, 38.3725838, 0.0], [-80.9545639, 38.3729865, 0.0], [-80.9548523, 38.37360679999998, 0.0], [-80.9550293, 38.37411989999998, 0.0]]}}, {"type": "Feature", "properties": {"osm_id": "1349839513", "name": null, "highway": "track", "waterway": null, "aerialway": null, "barrier": null, "man_made": null, "railway": null, "z_order": 0, "other_tags": null}, "geometry": {"type": "LineString", "coordinates": [[-80.9484766, 38.36691230000001, 0.0], [-80.9486899, 38.3670721, 0.0], [-80.948993, 38.367275, 0.0], [-80.9491821, 38.3674538, 0.0], [-80.949402, 38.3678702, 0.0], [-80.9496608, 38.3683213, 0.0], [-80.9501959, 38.369407399999986, 0.0], [-80.9503301, 38.369587199999984, 0.0]]}}, {"type": "Feature", "properties": {"osm_id": "1349839514", "name": null, "highway": "track", "waterway": null, "aerialway": null, "barrier": null, "man_made": null, "railway": null, "z_order": 0, "other_tags": null}, "geometry": {"type": "LineString", "coordinates": [[-80.9480475, 38.3665432, 0.0], [-80.9482513, 38.3667209, 0.0], [-80.9484766, 38.36691230000001, 0.0], [-80.948537, 38.3670384, 0.0], [-80.9486912, 38.3672656, 0.0], [-80.9488964, 38.3675074, 0.0], [-80.9490815, 38.3678187, 0.0], [-80.949174, 38.3680605, 0.0], [-80.9492867, 38.3683665, 0.0], [-80.9492907, 38.3686525, 0.0], [-80.949284, 38.3689301, 0.0], [-80.9493135, 38.3692897, 0.0], [-80.9493417, 38.3694737, 0.0], [-80.949457, 38.369858499999985, 0.0], [-80.9494704, 38.3699931, 0.0], [-80.949465, 38.3701455, 0.0], [-80.9494369, 38.3703422, 0.0], [-80.949394, 38.3706176, 0.0], [-80.9493886, 38.3707417, 0.0], [-80.9494087, 38.3708963, 0.0], [-80.9494382, 38.37107609999999, 0.0], [-80.9494731, 38.3712853, 0.0], [-80.9495495, 38.3715692, 0.0], [-80.9495924, 38.3717784, 0.0], [-80.949626, 38.3719803, 0.0]]}}, {"type": "Feature", "properties": {"osm_id": "1349839515", "name": null, "highway": "track", "waterway": null, "aerialway": null, "barrier": null, "man_made": null, "railway": null, "z_order": 0, "other_tags": null}, "geometry": {"type": "LineString", "coordinates": [[-80.9348886, 38.363273, 0.0], [-80.9348376, 38.363151, 0.0], [-80.9348309, 38.3630185, 0.0], [-80.9348497, 38.3629259, 0.0], [-80.9348658, 38.3625064, 0.0]]}}, {"type": "Feature", "properties": {"osm_id": "1349839516", "name": null, "highway": "track", "waterway": null, "aerialway": null, "barrier": null, "man_made": null, "railway": null, "z_order": 0, "other_tags": null}, "geometry": {"type": "LineString", "coordinates": [[-80.9446585, 38.3708816, 0.0], [-80.9447618, 38.3708227, 0.0], [-80.9448503, 38.3708059, 0.0], [-80.944971, 38.3708122, 0.0], [-80.945136, 38.3708605, 0.0], [-80.9452955, 38.3709205, 0.0], [-80.9455906, 38.37108340000001, 0.0]]}}, {"type": "Feature", "properties": {"osm_id": "1349839517", "name": null, "highway": "track", "waterway": null, "aerialway": null, "barrier": null, "man_made": null, "railway": null, "z_order": 0, "other_tags": null}, "geometry": {"type": "LineString", "coordinates": [[-80.9404649, 38.3710246, 0.0], [-80.94014030000001, 38.3710992, 0.0], [-80.9398493, 38.3711781, 0.0], [-80.9396508, 38.37119280000001, 0.0], [-80.9387295, 38.3709772, 0.0], [-80.9386504, 38.3709068, 0.0], [-80.9385887, 38.3707459, 0.0], [-80.9385873, 38.3706618, 0.0], [-80.93862090000002, 38.3705882, 0.0], [-80.9387912, 38.3704652, 0.0], [-80.9388636, 38.3704463, 0.0], [-80.9390299, 38.370471500000015, 0.0], [-80.9398091, 38.3706481, 0.0], [-80.9400103, 38.3706429, 0.0], [-80.9401296, 38.3706155, 0.0], [-80.9405185, 38.3707606, 0.0], [-80.9406312, 38.3707596, 0.0]]}}, {"type": "Feature", "properties": {"osm_id": "1349839518", "name": null, "highway": "track", "waterway": null, "aerialway": null, "barrier": null, "man_made": null, "railway": null, "z_order": 0, "other_tags": null}, "geometry": {"type": "LineString", "coordinates": [[-80.9455946, 38.3735774, 0.0], [-80.9455919, 38.3736941, 0.0], [-80.9455678, 38.373950599999986, 0.0], [-80.9456, 38.3743964, 0.0], [-80.9455812, 38.3746961, 0.0], [-80.9456, 38.3748937, 0.0], [-80.945655, 38.3751734, 0.0], [-80.9457193, 38.3753301, 0.0], [-80.9458119, 38.3754468, 0.0], [-80.9460264, 38.3756854, 0.0], [-80.9465347, 38.3761564, 0.0], [-80.946638, 38.376312, 0.0], [-80.9466594, 38.3764014, 0.0], [-80.9466407, 38.3765023, 0.0], [-80.9464838, 38.3766064, 0.0]]}}, {"type": "Feature", "properties": {"osm_id": "1349839519", "name": null, "highway": "track", "waterway": null, "aerialway": null, "barrier": null, "man_made": null, "railway": null, "z_order": 0, "other_tags": null}, "geometry": {"type": "LineString", "coordinates": [[-80.9453774, 38.3724944, 0.0], [-80.9454954, 38.3725765, 0.0], [-80.9455799, 38.3726595, 0.0], [-80.9456094, 38.372772, 0.0], [-80.9456, 38.3730159, 0.0], [-80.9455812, 38.3733177, 0.0], [-80.9455946, 38.3735774, 0.0], [-80.945482, 38.3737362, 0.0], [-80.9453371, 38.3739117, 0.0], [-80.9452352, 38.3740274, 0.0], [-80.9451775, 38.3741725, 0.0], [-80.94507430000002, 38.3743912, 0.0]]}}, {"type": "Feature", "properties": {"osm_id": "1349839520", "name": null, "highway": "track", "waterway": null, "aerialway": null, "barrier": null, "man_made": null, "railway": null, "z_order": 0, "other_tags": null}, "geometry": {"type": "LineString", "coordinates": [[-80.9500498, 38.3793651, 0.0], [-80.9503073, 38.379526, 0.0], [-80.9506935, 38.3799139, 0.0], [-80.950786, 38.3799801, 0.0], [-80.95092010000002, 38.3800211, 0.0], [-80.95120180000002, 38.3800684, 0.0], [-80.9515531, 38.3801157, 0.0], [-80.95212040000001, 38.3801599, 0.0], [-80.9524155, 38.3802135, 0.0], [-80.9526153, 38.3802619, 0.0], [-80.9528969, 38.3803586, 0.0], [-80.9535071, 38.3805899, 0.0]]}}, {"type": "Feature", "properties": {"osm_id": "1349839521", "name": null, "highway": "track", "waterway": null, "aerialway": null, "barrier": null, "man_made": null, "railway": null, "z_order": 0, "other_tags": null}, "geometry": {"type": "LineString", "coordinates": [[-80.9414747, 38.3721454, 0.0], [-80.9414667, 38.3720886, 0.0], [-80.9414318, 38.3720423, 0.0], [-80.9413661, 38.372016, 0.0], [-80.9412615, 38.371998199999986, 0.0], [-80.9407157, 38.3719414, 0.0], [-80.9403804, 38.3719014, 0.0], [-80.9402315, 38.3718678, 0.0], [-80.9400746, 38.3718173, 0.0], [-80.9399512, 38.3717532, 0.0], [-80.9398708, 38.3716649, 0.0], [-80.9398547, 38.37159649999999, 0.0], [-80.9398547, 38.3715313, 0.0], [-80.9398761, 38.3714777, 0.0], [-80.9399351, 38.37142619999999, 0.0], [-80.940025, 38.3713947, 0.0], [-80.9401779, 38.3713274, 0.0], [-80.9402812, 38.3712695, 0.0], [-80.9403643, 38.37120539999999, 0.0], [-80.9404394, 38.3711045, 0.0], [-80.9404649, 38.3710246, 0.0], [-80.9405373, 38.3708595, 0.0], [-80.9405829, 38.3707932, 0.0], [-80.9406312, 38.3707596, 0.0], [-80.94068080000001, 38.370747, 0.0], [-80.9407264, 38.3707522, 0.0], [-80.940776, 38.3707838, 0.0], [-80.9408243, 38.370829, 0.0], [-80.9409638, 38.3710298, 0.0], [-80.9410523, 38.3711171, 0.0], [-80.9411716, 38.3712012, 0.0], [-80.941287, 38.37123480000001, 0.0], [-80.9413902, 38.3712496, 0.0], [-80.9415351, 38.3712338, 0.0], [-80.9417349, 38.3711844, 0.0], [-80.9422955, 38.3710351, 0.0], [-80.9428614, 38.3709089, 0.0], [-80.9434904, 38.3707922, 0.0], [-80.9436929, 38.3707659, 0.0], [-80.9438579, 38.3707606, 0.0], [-80.9442079, 38.3707964, 0.0], [-80.94440240000002, 38.3708164, 0.0], [-80.9446585, 38.3708816, 0.0], [-80.9448503, 38.3709856, 0.0], [-80.9449616, 38.37108759999999, 0.0], [-80.94514, 38.3712832, 0.0], [-80.9452795, 38.3714451, 0.0], [-80.9453586, 38.371586, 0.0], [-80.9453975, 38.3717185, 0.0], [-80.9454203, 38.3719078, 0.0], [-80.9454229, 38.37216750000001, 0.0], [-80.9454082, 38.3723662, 0.0], [-80.9453774, 38.3724944, 0.0], [-80.9452365, 38.3727668, 0.0], [-80.9450676, 38.3729697, 0.0], [-80.9448516, 38.3732651, 0.0], [-80.94468530000002, 38.3735259, 0.0], [-80.9445418, 38.3737751, 0.0], [-80.9444936, 38.373918, 0.0], [-80.9444734, 38.3740242, 0.0], [-80.9444493, 38.3741872, 0.0], [-80.9443621, 38.3746414, 0.0], [-80.9443018, 38.3748138, 0.0], [-80.9441744, 38.374979899999985, 0.0], [-80.9440818, 38.375103, 0.0], [-80.9440108, 38.3752081, 0.0], [-80.9439813, 38.3752964, 0.0], [-80.9439692, 38.3754005, 0.0], [-80.9439906, 38.375493, 0.0], [-80.9440255, 38.3756055, 0.0], [-80.9440926, 38.375717, 0.0], [-80.9441865, 38.3758, 0.0], [-80.9443514, 38.3758841, 0.0], [-80.9445687, 38.3759819, 0.0], [-80.9447792, 38.3761207, 0.0], [-80.9449469, 38.3762489, 0.0], [-80.9451132, 38.376408799999986, 0.0], [-80.9452513, 38.3765675, 0.0], [-80.9453787, 38.3767357, 0.0], [-80.9454659, 38.3768766, 0.0], [-80.9455986, 38.3771825, 0.0], [-80.945667, 38.377317099999985, 0.0], [-80.9457247, 38.3773981, 0.0], [-80.9458266, 38.3775095, 0.0], [-80.9459326, 38.37758310000001, 0.0], [-80.9460385, 38.3776189, 0.0], [-80.9462075, 38.3776399, 0.0], [-80.946473, 38.3776104, 0.0], [-80.94665680000001, 38.3775821, 0.0], [-80.9468217, 38.37757580000001, 0.0], [-80.9470658, 38.3776094, 0.0], [-80.9472871, 38.37765670000001, 0.0], [-80.9475459, 38.3777408, 0.0], [-80.9477203, 38.37781339999999, 0.0], [-80.9479617, 38.37795, 0.0], [-80.9481561, 38.378052, 0.0], [-80.9483935, 38.3781719, 0.0], [-80.9486108, 38.378297, 0.0], [-80.9487663, 38.3784116, 0.0], [-80.9489071, 38.378544, 0.0], [-80.9490533, 38.3786544, 0.0], [-80.9492652, 38.3787921, 0.0], [-80.9494637, 38.3789299, 0.0], [-80.94963, 38.3790413, 0.0], [-80.9498151, 38.3791769, 0.0], [-80.9500498, 38.3793651, 0.0], [-80.950094, 38.379486, 0.0], [-80.9501597, 38.3796206, 0.0], [-80.9502174, 38.37974149999999, 0.0], [-80.9503247, 38.379876, 0.0], [-80.9504454, 38.37996540000001, 0.0]]}}, {"type": "Feature", "properties": {"osm_id": "1349839522", "name": null, "highway": "track", "waterway": null, "aerialway": null, "barrier": null, "man_made": null, "railway": null, "z_order": 0, "other_tags": null}, "geometry": {"type": "LineString", "coordinates": [[-80.94379480000002, 38.3780783, 0.0], [-80.9437157, 38.3778659, 0.0], [-80.9435628, 38.3775936, 0.0], [-80.943469, 38.377475899999986, 0.0], [-80.9433617, 38.3773728, 0.0], [-80.9432504, 38.3772982, 0.0], [-80.9430479, 38.3771983, 0.0], [-80.9428185, 38.3771026, 0.0], [-80.9424296, 38.3769492, 0.0], [-80.9421493, 38.3768409, 0.0], [-80.9418972, 38.3767378, 0.0], [-80.9417671, 38.376665299999985, 0.0], [-80.9416772, 38.3765938, 0.0], [-80.9416021, 38.3765034, 0.0], [-80.9415539, 38.3764382, 0.0], [-80.9416504, 38.3764371, 0.0], [-80.9417336, 38.3764519, 0.0], [-80.9418798, 38.376498099999985, 0.0], [-80.94217610000001, 38.3766106, 0.0], [-80.9424041, 38.3767147, 0.0], [-80.9426455, 38.3768177, 0.0], [-80.9428132, 38.3768798, 0.0], [-80.9429553, 38.3769229, 0.0], [-80.9431846, 38.3769786, 0.0], [-80.943363, 38.3769902, 0.0], [-80.9435266, 38.3769838, 0.0], [-80.9436943, 38.3769702, 0.0], [-80.9438659, 38.376967, 0.0], [-80.9439679, 38.3769817, 0.0], [-80.9440497, 38.3770206, 0.0], [-80.9441207, 38.3770701, 0.0], [-80.9441891, 38.3771373, 0.0], [-80.9442441, 38.3772309, 0.0], [-80.9442911, 38.3773434, 0.0], [-80.9443299, 38.377478, 0.0], [-80.9443608, 38.3776462, 0.0], [-80.9443836, 38.3778113, 0.0], [-80.9443796, 38.3779038, 0.0], [-80.9443621, 38.3779658, 0.0], [-80.94431520000002, 38.3780962, 0.0], [-80.9442978, 38.3781939, 0.0], [-80.9443031, 38.378278, 0.0], [-80.944334, 38.3783685, 0.0], [-80.9444292, 38.378564, 0.0], [-80.9444989, 38.378688099999984, 0.0], [-80.9445566, 38.3787732, 0.0], [-80.9446129, 38.3788363, 0.0], [-80.9447189, 38.3789162, 0.0], [-80.9448034, 38.3789551, 0.0], [-80.9448865, 38.3789782, 0.0], [-80.9449764, 38.3789929, 0.0], [-80.9450676, 38.3789877, 0.0], [-80.9451561, 38.3789772, 0.0], [-80.945266, 38.3789509, 0.0], [-80.9454739, 38.37888679999999, 0.0], [-80.94567910000002, 38.378831, 0.0], [-80.9458615, 38.3787816, 0.0], [-80.9460251, 38.3787438, 0.0], [-80.9462893, 38.3786965, 0.0], [-80.9464207, 38.3786818, 0.0], [-80.9465066, 38.3786807, 0.0], [-80.9466219, 38.3786849, 0.0], [-80.9467506, 38.37870490000001, 0.0], [-80.9469304, 38.3787396, 0.0], [-80.9470806, 38.3787806, 0.0], [-80.9471865, 38.3788237, 0.0], [-80.9472764, 38.378871, 0.0], [-80.9475043, 38.3790171, 0.0], [-80.9478812, 38.3792842, 0.0], [-80.9480341, 38.379384, 0.0], [-80.9482406, 38.3795081, 0.0], [-80.9484954, 38.37967, 0.0], [-80.9486952, 38.3798025, 0.0], [-80.948934, 38.3799759, 0.0], [-80.9491083, 38.3801336, 0.0], [-80.9492598, 38.3802808, 0.0], [-80.9494154, 38.3804364, 0.0], [-80.9495656, 38.3806046, 0.0], [-80.9497051, 38.3807423, 0.0], [-80.9498084, 38.3808569, 0.0], [-80.9499089, 38.3809231, 0.0], [-80.9500484, 38.3809831, 0.0], [-80.9501919, 38.3810314, 0.0], [-80.950326, 38.3810609, 0.0], [-80.9505259, 38.3810756, 0.0], [-80.9509148, 38.3810998, 0.0], [-80.9512112, 38.381105, 0.0], [-80.9514016, 38.3811019, 0.0], [-80.9516336, 38.3811302, 0.0], [-80.9518696, 38.381167, 0.0], [-80.9520493, 38.3812122, 0.0], [-80.9521888, 38.3812543, 0.0], [-80.9523202, 38.381301599999986, 0.0], [-80.952449, 38.3813826, 0.0], [-80.9526072, 38.381520299999984, 0.0], [-80.9528205, 38.38172, 0.0], [-80.9529881, 38.3819156, 0.0], [-80.9531195, 38.3820428, 0.0], [-80.9532242, 38.382109, 0.0], [-80.9533462, 38.3821552, 0.0], [-80.9534642, 38.3821952, 0.0]]}}, {"type": "Feature", "properties": {"osm_id": "1349839523", "name": null, "highway": "track", "waterway": null, "aerialway": null, "barrier": null, "man_made": null, "railway": null, "z_order": 0, "other_tags": null}, "geometry": {"type": "LineString", "coordinates": [[-80.9446411, 38.3798151, 0.0], [-80.94475240000001, 38.3798571, 0.0], [-80.9448342, 38.379873899999986, 0.0], [-80.944908, 38.379875, 0.0], [-80.9449884, 38.3798613, 0.0], [-80.945085, 38.3798182, 0.0], [-80.94542430000001, 38.3796416, 0.0], [-80.9455436, 38.3795932, 0.0], [-80.945659, 38.3795501, 0.0], [-80.9457622, 38.3795218, 0.0], [-80.9459071, 38.3794976, 0.0], [-80.9460533, 38.379486, 0.0], [-80.9461565, 38.3794503, 0.0], [-80.9462839, 38.3793924, 0.0], [-80.9463604, 38.3793451, 0.0], [-80.9464677, 38.3792905, 0.0], [-80.9465213, 38.379276799999985, 0.0], [-80.9466071, 38.379276799999985, 0.0], [-80.946701, 38.37929470000001, 0.0], [-80.9467855, 38.3793315, 0.0], [-80.9468579, 38.3793935, 0.0], [-80.9469639, 38.379567, 0.0], [-80.9470256, 38.3796479, 0.0], [-80.9470913, 38.3797205, 0.0], [-80.9471798, 38.3798109, 0.0], [-80.9472978, 38.3798981, 0.0], [-80.947452, 38.3799738, 0.0], [-80.9476827, 38.3800642, 0.0], [-80.9478557, 38.3801368, 0.0], [-80.9479724, 38.38019460000001, 0.0], [-80.9480448, 38.3802514, 0.0], [-80.9481347, 38.3803365, 0.0], [-80.948191, 38.3804154, 0.0], [-80.948242, 38.3805268, 0.0], [-80.9482795, 38.3806677, 0.0], [-80.9483157, 38.380838, 0.0], [-80.9483492, 38.3809831, 0.0], [-80.9484243, 38.38119540000001, 0.0], [-80.9484968, 38.3813552, 0.0], [-80.9486282, 38.3815276, 0.0], [-80.9487046, 38.3815781, 0.0], [-80.9488414, 38.3816275, 0.0], [-80.9490278, 38.3817316, 0.0], [-80.9491324, 38.3818251, 0.0], [-80.9492129, 38.3818577, 0.0]]}}, {"type": "Feature", "properties": {"osm_id": "1349839524", "name": null, "highway": "track", "waterway": null, "aerialway": null, "barrier": null, "man_made": null, "railway": null, "z_order": 0, "other_tags": null}, "geometry": {"type": "LineString", "coordinates": [[-80.9393223, 38.3779301, 0.0], [-80.9397568, 38.3778039, 0.0], [-80.9399284, 38.3777597, 0.0], [-80.9401175, 38.377744, 0.0], [-80.9403858, 38.3777187, 0.0], [-80.9406567, 38.37766719999998, 0.0], [-80.9408404, 38.377624099999984, 0.0], [-80.9409718, 38.3776178, 0.0], [-80.9411059, 38.3776252, 0.0], [-80.941342, 38.377642, 0.0], [-80.9414305, 38.377634599999986, 0.0], [-80.9416182, 38.3775852, 0.0], [-80.9419066, 38.3775337, 0.0], [-80.9421037, 38.377519, 0.0], [-80.9422942, 38.3775211, 0.0], [-80.9425141, 38.3775369, 0.0], [-80.9426428, 38.37756, 0.0], [-80.9428333, 38.37761469999999, 0.0], [-80.9429741, 38.377662, 0.0], [-80.9430747, 38.37771140000001, 0.0], [-80.9432048, 38.377801799999986, 0.0], [-80.9433644, 38.3779101, 0.0], [-80.943477, 38.3779763, 0.0], [-80.9436178, 38.3780478, 0.0], [-80.943701, 38.3780835, 0.0], [-80.9437493, 38.3780867, 0.0], [-80.94379480000002, 38.3780783, 0.0], [-80.9438941, 38.3784105, 0.0], [-80.9439451, 38.3785545, 0.0], [-80.9440295, 38.3787396, 0.0], [-80.9440885, 38.3788731, 0.0], [-80.9441878, 38.37914219999998, 0.0], [-80.9442428, 38.3793052, 0.0], [-80.9443058, 38.3794334, 0.0], [-80.9443742, 38.3795133, 0.0], [-80.9444627, 38.3795964, 0.0], [-80.9445499, 38.3796752, 0.0], [-80.9446411, 38.3798151, 0.0], [-80.94475240000001, 38.3800558, 0.0], [-80.9447873, 38.3801799, 0.0], [-80.9448141, 38.3803018, 0.0]]}}, {"type": "Feature", "properties": {"osm_id": "1349839525", "name": null, "highway": "track", "waterway": null, "aerialway": null, "barrier": null, "man_made": null, "railway": null, "z_order": 0, "other_tags": null}, "geometry": {"type": "LineString", "coordinates": [[-80.93909830000001, 38.378032, 0.0], [-80.9391828, 38.37816560000001, 0.0], [-80.9392378, 38.3782265, 0.0], [-80.9393612, 38.3783138, 0.0], [-80.9397595, 38.3784852, 0.0], [-80.9399942, 38.3785819, 0.0], [-80.9400854, 38.3786492, 0.0], [-80.9402382, 38.3788048, 0.0], [-80.940422, 38.3789173, 0.0]]}}, {"type": "Feature", "properties": {"osm_id": "1349839526", "name": null, "highway": "track", "waterway": null, "aerialway": null, "barrier": null, "man_made": null, "railway": null, "z_order": 0, "other_tags": null}, "geometry": {"type": "LineString", "coordinates": [[-80.9393102, 38.3766905, 0.0], [-80.9390594, 38.3767578, 0.0], [-80.9389146, 38.3767999, 0.0], [-80.9388462, 38.3768409, 0.0], [-80.9387818, 38.3769124, 0.0], [-80.938755, 38.3770259, 0.0], [-80.9388167, 38.3771531, 0.0], [-80.9389414, 38.3772614, 0.0], [-80.9392874, 38.3776504, 0.0], [-80.9393263, 38.3777618, 0.0], [-80.9393223, 38.3779301, 0.0], [-80.93909830000001, 38.378032, 0.0], [-80.9388958, 38.3780972, 0.0], [-80.9388368, 38.3781309, 0.0], [-80.9387845, 38.3781971, 0.0], [-80.9387724, 38.378256, 0.0], [-80.9387858, 38.3783222, 0.0], [-80.9388623, 38.3784284, 0.0]]}}, {"type": "Feature", "properties": {"osm_id": "1349839527", "name": null, "highway": "track", "waterway": null, "aerialway": null, "barrier": null, "man_made": null, "railway": null, "z_order": 0, "other_tags": null}, "geometry": {"type": "LineString", "coordinates": [[-80.9368694, 38.3767273, 0.0], [-80.9367621, 38.3768156, 0.0], [-80.9366146, 38.3769008, 0.0], [-80.9365824, 38.376968099999985, 0.0], [-80.9363289, 38.37709, 0.0], [-80.93611170000001, 38.3772172, 0.0], [-80.9359145, 38.37738860000001, 0.0]]}}, {"type": "Feature", "properties": {"osm_id": "1349839528", "name": null, "highway": "track", "waterway": null, "aerialway": null, "barrier": null, "man_made": null, "railway": null, "z_order": 0, "other_tags": null}, "geometry": {"type": "LineString", "coordinates": [[-80.9358703, 38.3771142, 0.0], [-80.9357227, 38.3773865, 0.0]]}}, {"type": "Feature", "properties": {"osm_id": "1349839529", "name": null, "highway": "track", "waterway": null, "aerialway": null, "barrier": null, "man_made": null, "railway": null, "z_order": 0, "other_tags": null}, "geometry": {"type": "LineString", "coordinates": [[-80.9353633, 38.369684, 0.0], [-80.9354076, 38.3698448, 0.0], [-80.9355001, 38.370034099999984, 0.0], [-80.9357187, 38.3703043, 0.0], [-80.9358703, 38.3704315, 0.0], [-80.9360138, 38.3705125, 0.0], [-80.9361331, 38.3705482, 0.0], [-80.9363155, 38.3705556, 0.0], [-80.936687, 38.3705262, 0.0], [-80.93680370000001, 38.3705272, 0.0], [-80.9369163, 38.3705461, 0.0], [-80.9370209, 38.3705798, 0.0], [-80.9372717, 38.370727, 0.0], [-80.9373951, 38.370829, 0.0], [-80.9375145, 38.3709583, 0.0], [-80.9375882, 38.3710687, 0.0], [-80.9376968, 38.37133679999999, 0.0], [-80.9378591, 38.3715818, 0.0], [-80.9381689, 38.371912, 0.0], [-80.9384465, 38.3721296, 0.0], [-80.9385552, 38.3721832, 0.0], [-80.9386718, 38.3722211, 0.0], [-80.9390044, 38.3722568, 0.0], [-80.9400022, 38.3722989, 0.0], [-80.9405534, 38.3723031, 0.0], [-80.9408873, 38.3722926, 0.0], [-80.9411421, 38.3722621, 0.0], [-80.9413339, 38.3722211, 0.0], [-80.9414747, 38.3721454, 0.0], [-80.9417738, 38.3721769, 0.0], [-80.9422177, 38.3721885, 0.0], [-80.9424712, 38.372219, 0.0], [-80.9427743, 38.3722957, 0.0], [-80.942895, 38.3723525, 0.0], [-80.943009, 38.3724587, 0.0], [-80.9430586, 38.3725491, 0.0], [-80.943076, 38.3726574, 0.0], [-80.9430572, 38.3728414, 0.0], [-80.9429057, 38.3733419, 0.0], [-80.9428534, 38.3739054, 0.0], [-80.9427756, 38.3741094, 0.0], [-80.94271660000001, 38.3741925, 0.0], [-80.9426482, 38.3742503, 0.0], [-80.941979, 38.3745342, 0.0], [-80.9417805, 38.374634, 0.0], [-80.9416437, 38.374735, 0.0], [-80.9414586, 38.3749158, 0.0], [-80.9413943, 38.3750556, 0.0], [-80.9413715, 38.3752028, 0.0], [-80.94137280000001, 38.3755424, 0.0], [-80.9414077, 38.3759335, 0.0], [-80.9415029, 38.3763267, 0.0], [-80.9415539, 38.3764382, 0.0], [-80.9414278, 38.3765234, 0.0], [-80.9412548, 38.3766117, 0.0], [-80.940835, 38.3767284, 0.0], [-80.9403522, 38.37675990000001, 0.0], [-80.9400786, 38.3767547, 0.0], [-80.9394979, 38.3767284, 0.0], [-80.9393102, 38.3766905, 0.0], [-80.9387429, 38.3765097, 0.0], [-80.9386168, 38.3764834, 0.0], [-80.9384894, 38.37648129999999, 0.0], [-80.9376217, 38.3765297, 0.0], [-80.93732, 38.3765948, 0.0], [-80.9368694, 38.3767273, 0.0], [-80.9367473, 38.3767231, 0.0], [-80.9365502, 38.3767568, 0.0], [-80.9362498, 38.376832499999985, 0.0], [-80.9361224, 38.3769029, 0.0], [-80.9358703, 38.3771142, 0.0], [-80.9354424, 38.377289799999986, 0.0]]}}, {"type": "Feature", "properties": {"osm_id": "1349839530", "name": null, "highway": "track", "waterway": null, "aerialway": null, "barrier": null, "man_made": null, "railway": null, "z_order": 0, "other_tags": null}, "geometry": {"type": "MultiLineString", "coordinates": [[[-80.92924520000001, 38.3737162, 0.0], [-80.9293807, 38.3737772, 0.0], [-80.9296086, 38.3738329, 0.0], [-80.9297333, 38.3738407, 0.0]], [[-80.9297333, 38.3738407, 0.0], [-80.9300123, 38.3738497, 0.0], [-80.9300539, 38.3738087, 0.0], [-80.9300163, 38.3737635, 0.0], [-80.9299855, 38.3737614, 0.0], [-80.9297333, 38.3738407, 0.0]]]}}, {"type": "Feature", "properties": {"osm_id": "1349839531", "name": null, "highway": "track", "waterway": null, "aerialway": null, "barrier": null, "man_made": null, "railway": null, "z_order": 0, "other_tags": null}, "geometry": {"type": "LineString", "coordinates": [[-80.9288469, 38.3723515, 0.0], [-80.9289086, 38.3724534, 0.0], [-80.9291352, 38.3726185, 0.0], [-80.9291889, 38.3726984, 0.0], [-80.9291835, 38.3730559, 0.0], [-80.92926, 38.3734144, 0.0], [-80.92926530000001, 38.3735984, 0.0], [-80.92924520000001, 38.3737162, 0.0], [-80.9291714, 38.3738213, 0.0], [-80.9291567, 38.3738791, 0.0], [-80.9291755, 38.3739275, 0.0], [-80.92926530000001, 38.3739916, 0.0], [-80.9295979, 38.37413569999999, 0.0], [-80.92980180000002, 38.37415879999999, 0.0], [-80.9302162, 38.3741599, 0.0], [-80.9303851, 38.3741546, 0.0], [-80.9307808, 38.3741104, 0.0]]}}, {"type": "Feature", "properties": {"osm_id": "1349839532", "name": null, "highway": "track", "waterway": null, "aerialway": null, "barrier": null, "man_made": null, "railway": null, "z_order": 0, "other_tags": null}, "geometry": {"type": "LineString", "coordinates": [[-80.9300888, 38.3716291, 0.0], [-80.9299989, 38.3718194, 0.0], [-80.9298863, 38.3719729, 0.0], [-80.9297414, 38.3720455, 0.0], [-80.9293203, 38.3722106, 0.0], [-80.9288469, 38.3723515, 0.0], [-80.9286793, 38.3722221, 0.0], [-80.9283587, 38.3720318, 0.0], [-80.9280355, 38.3718583, 0.0], [-80.92751120000001, 38.371626, 0.0], [-80.9274066, 38.3715429, 0.0], [-80.9274025, 38.37149139999999, 0.0], [-80.927424, 38.3714304, 0.0], [-80.9275956, 38.3712159, 0.0], [-80.92788, 38.3707869, 0.0], [-80.9280543, 38.3706324, 0.0], [-80.9282716, 38.3704746, 0.0], [-80.9283695, 38.3703727, 0.0], [-80.9284151, 38.3702917, 0.0], [-80.9284258, 38.370216, 0.0], [-80.9283292, 38.3700846, 0.0], [-80.9282286, 38.3700383, 0.0], [-80.9278451, 38.3699279, 0.0], [-80.9277901, 38.3698964, 0.0], [-80.9277539, 38.3698301, 0.0], [-80.9277499, 38.3697733, 0.0], [-80.9277767, 38.3697102, 0.0], [-80.9278907, 38.3695599, 0.0], [-80.9278987, 38.3693853, 0.0], [-80.9278545, 38.3690352, 0.0], [-80.9276761, 38.3685295, 0.0], [-80.92766270000001, 38.3684338, 0.0], [-80.927719, 38.3679617, 0.0], [-80.9276681, 38.3677377, 0.0], [-80.9276158, 38.3676462, 0.0], [-80.9275299, 38.3675747, 0.0], [-80.9273824, 38.3675106, 0.0], [-80.9272188, 38.3674685, 0.0], [-80.9268272, 38.3674338, 0.0], [-80.9256765, 38.3674222, 0.0], [-80.9251133, 38.3673413, 0.0], [-80.9245701, 38.3672088, 0.0], [-80.9239009, 38.3670963, 0.0], [-80.9236555, 38.3670059, 0.0], [-80.9235375, 38.366947, 0.0], [-80.923453, 38.3668849, 0.0], [-80.923402, 38.3668113, 0.0], [-80.9233323, 38.3666094, 0.0], [-80.9232451, 38.3664917, 0.0], [-80.9231392, 38.3664139, 0.0], [-80.922769, 38.36624349999999, 0.0], [-80.9225719, 38.366091, 0.0]]}}, {"type": "Feature", "properties": {"osm_id": "1349839533", "name": null, "highway": "track", "waterway": null, "aerialway": null, "barrier": null, "man_made": null, "railway": null, "z_order": 0, "other_tags": null}, "geometry": {"type": "LineString", "coordinates": [[-80.9331518, 38.3628881, 0.0], [-80.9329829, 38.363024799999984, 0.0], [-80.9328702, 38.3631405, 0.0], [-80.9323137, 38.3636052, 0.0]]}}, {"type": "Feature", "properties": {"osm_id": "1349839534", "name": null, "highway": "track", "waterway": null, "aerialway": null, "barrier": null, "man_made": null, "railway": null, "z_order": 0, "other_tags": null}, "geometry": {"type": "LineString", "coordinates": [[-80.9310517, 38.368705, 0.0], [-80.9309337, 38.3687292, 0.0], [-80.9305756, 38.3690405, 0.0], [-80.9304468, 38.369113, 0.0], [-80.9303369, 38.3691372, 0.0], [-80.9302484, 38.3691267, 0.0], [-80.9301598, 38.3690615, 0.0], [-80.9301183, 38.36897, 0.0], [-80.9300539, 38.3686746, 0.0], [-80.9300298, 38.3684159, 0.0], [-80.9300365, 38.368216099999984, 0.0], [-80.9300874, 38.368071, 0.0], [-80.9302832, 38.3677808, 0.0], [-80.9303154, 38.367682, 0.0], [-80.9303181, 38.3675589, 0.0], [-80.9300123, 38.36639910000001, 0.0], [-80.9299935, 38.3662719, 0.0], [-80.9300043, 38.3661026, 0.0], [-80.9300432, 38.366039499999985, 0.0], [-80.9305984, 38.3656063, 0.0], [-80.9311777, 38.36506580000001, 0.0], [-80.931454, 38.3648524, 0.0], [-80.9317142, 38.3646873, 0.0], [-80.93222780000002, 38.3642214, 0.0], [-80.9324572, 38.3639827, 0.0], [-80.9326677, 38.3637083, 0.0], [-80.9330566, 38.3630984, 0.0], [-80.9331518, 38.3628881, 0.0], [-80.9332814, 38.362671699999986, 0.0]]}}, {"type": "Feature", "properties": {"osm_id": "1349839535", "name": null, "highway": "track", "waterway": null, "aerialway": null, "barrier": null, "man_made": null, "railway": null, "z_order": 0, "other_tags": null}, "geometry": {"type": "LineString", "coordinates": [[-80.9342824, 38.36852420000001, 0.0], [-80.93363870000002, 38.36867560000001, 0.0], [-80.9332202, 38.3688523, 0.0], [-80.9330553, 38.3689574, 0.0], [-80.9328863, 38.3691099, 0.0]]}}, {"type": "Feature", "properties": {"osm_id": "1349839536", "name": null, "highway": "track", "waterway": null, "aerialway": null, "barrier": null, "man_made": null, "railway": null, "z_order": 0, "other_tags": null}, "geometry": {"type": "LineString", "coordinates": [[-80.9370384, 38.3683833, 0.0], [-80.9362565, 38.3689206, 0.0], [-80.9356624, 38.3693254, 0.0], [-80.9355243, 38.3694484, 0.0], [-80.935425, 38.3695641, 0.0], [-80.9353633, 38.369684, 0.0], [-80.935193, 38.3694695, 0.0], [-80.9348738, 38.3691435, 0.0], [-80.9345305, 38.3687334, 0.0], [-80.9342824, 38.36852420000001, 0.0]]}}, {"type": "Feature", "properties": {"osm_id": "1349839537", "name": null, "highway": "track", "waterway": null, "aerialway": null, "barrier": null, "man_made": null, "railway": null, "z_order": 0, "other_tags": null}, "geometry": {"type": "LineString", "coordinates": [[-80.9356919, 38.367478, 0.0], [-80.935543, 38.3675673, 0.0], [-80.9354652, 38.3675915, 0.0], [-80.93517420000002, 38.3675978, 0.0], [-80.9346257, 38.3676388, 0.0], [-80.9341443, 38.3677209, 0.0], [-80.9327079, 38.3678859, 0.0], [-80.9327495, 38.3684064, 0.0], [-80.9327348, 38.3689458, 0.0], [-80.9327669, 38.3690268, 0.0], [-80.9328863, 38.3691099, 0.0], [-80.9328125, 38.3692497, 0.0], [-80.9326798, 38.369869, 0.0], [-80.93261, 38.3701035, 0.0], [-80.93253360000001, 38.3702528, 0.0], [-80.932433, 38.370379, 0.0], [-80.9322868, 38.3705041, 0.0], [-80.9319878, 38.3707081, 0.0], [-80.9315117, 38.3709825, 0.0], [-80.93130110000001, 38.3710887, 0.0], [-80.9303986, 38.3714714, 0.0], [-80.930239, 38.37156920000001, 0.0], [-80.9300888, 38.3716291, 0.0], [-80.9299278, 38.3716533, 0.0], [-80.9298447, 38.3716407, 0.0], [-80.9297669, 38.371606, 0.0], [-80.9296851, 38.3715135, 0.0], [-80.929673, 38.3713305, 0.0], [-80.9297092, 38.3712222, 0.0], [-80.92985, 38.37099829999999, 0.0], [-80.9301303, 38.3706429, 0.0], [-80.9304214, 38.3702349, 0.0], [-80.9311187, 38.3690089, 0.0], [-80.9311616, 38.3688933, 0.0], [-80.931167, 38.3688207, 0.0], [-80.9311348, 38.3687534, 0.0], [-80.9310517, 38.368705, 0.0], [-80.9310584, 38.3685095, 0.0], [-80.9310181, 38.3682519, 0.0], [-80.9309806, 38.3677103, 0.0], [-80.9309913, 38.3669333, 0.0], [-80.9310114, 38.3667545, 0.0], [-80.9310691, 38.3666273, 0.0], [-80.9311938, 38.366519, 0.0], [-80.9314661, 38.3663539, 0.0], [-80.9316136, 38.3662908, 0.0], [-80.9317558, 38.366274, 0.0], [-80.9323646, 38.3663876, 0.0], [-80.9326758, 38.3664233, 0.0], [-80.9328917, 38.3664275, 0.0], [-80.9330405, 38.3664181, 0.0], [-80.9332658, 38.3663613, 0.0], [-80.9334187, 38.366295, 0.0], [-80.933518, 38.3662162, 0.0], [-80.9335703, 38.366151, 0.0], [-80.9335971, 38.3660563, 0.0], [-80.9335998, 38.365866, 0.0], [-80.9335622, 38.36578189999999, 0.0], [-80.9334335, 38.3656599, 0.0], [-80.933349, 38.3655537, 0.0], [-80.933176, 38.3651037, 0.0], [-80.9331612, 38.3649691, 0.0], [-80.9332109, 38.3648135, 0.0], [-80.9333155, 38.3646988, 0.0], [-80.9340866, 38.3640238, 0.0], [-80.9344541, 38.3636547, 0.0], [-80.9348886, 38.363273, 0.0], [-80.9349744, 38.3632319, 0.0], [-80.9350964, 38.3632172, 0.0], [-80.9359011, 38.363242499999984, 0.0], [-80.9359977, 38.3632603, 0.0], [-80.9363852, 38.3633823, 0.0], [-80.9366722, 38.3634454, 0.0], [-80.936805, 38.3634528, 0.0], [-80.9369002, 38.363438, 0.0], [-80.9369928, 38.3633991, 0.0], [-80.9372784, 38.3631867, 0.0], [-80.9373549, 38.3631142, 0.0], [-80.9373844, 38.3630626, 0.0], [-80.9373656, 38.3629049, 0.0], [-80.937379, 38.3628302, 0.0], [-80.9376016, 38.3623371, 0.0], [-80.9377398, 38.3619753, 0.0], [-80.9378283, 38.361893299999984, 0.0], [-80.937953, 38.3618207, 0.0], [-80.9382722, 38.3617366, 0.0], [-80.9384961, 38.3616882, 0.0], [-80.9385954, 38.3616893, 0.0], [-80.9386946, 38.3617208, 0.0], [-80.93881, 38.3617766, 0.0], [-80.9391157, 38.36201109999998, 0.0], [-80.9395181, 38.3622224, 0.0], [-80.9401162, 38.3624759, 0.0], [-80.940249, 38.36252420000001, 0.0], [-80.9403348, 38.3625379, 0.0], [-80.94043, 38.3625327, 0.0], [-80.9406419, 38.3624801, 0.0], [-80.9414519, 38.3621436, 0.0], [-80.9416035, 38.3620184, 0.0], [-80.9416665, 38.3618965, 0.0], [-80.9416987, 38.361786, 0.0]]}}, {"type": "Feature", "properties": {"osm_id": "1349839538", "name": null, "highway": "track", "waterway": null, "aerialway": null, "barrier": null, "man_made": null, "railway": null, "z_order": 0, "other_tags": null}, "geometry": {"type": "LineString", "coordinates": [[-80.9365837, 38.3657861, 0.0], [-80.9366333, 38.3656736, 0.0], [-80.936624, 38.3655485, 0.0], [-80.9365757, 38.3654633, 0.0], [-80.9364992, 38.365396, 0.0], [-80.9363732, 38.365334, 0.0], [-80.9360151, 38.3652057, 0.0]]}}, {"type": "Feature", "properties": {"osm_id": "1349839539", "name": null, "highway": "track", "waterway": null, "aerialway": null, "barrier": null, "man_made": null, "railway": null, "z_order": 0, "other_tags": null}, "geometry": {"type": "LineString", "coordinates": [[-80.9350589, 38.3684138, 0.0], [-80.9351702, 38.3682266, 0.0], [-80.935649, 38.3679459, 0.0], [-80.9357415, 38.3678681, 0.0], [-80.9357764, 38.3677955, 0.0], [-80.9357804, 38.3676893, 0.0], [-80.9357576, 38.3675568, 0.0], [-80.9356919, 38.367478, 0.0], [-80.9357026, 38.3672898, 0.0], [-80.9357616, 38.367172, 0.0], [-80.9361747, 38.366417, 0.0], [-80.9363973, 38.3659543, 0.0], [-80.9364751, 38.3658597, 0.0], [-80.9365837, 38.3657861, 0.0], [-80.9367071, 38.3658418, 0.0], [-80.9367648, 38.3659365, 0.0], [-80.936911, 38.3663024, 0.0], [-80.9369659, 38.366682, 0.0], [-80.9370169, 38.36674820000001, 0.0], [-80.937092, 38.3667714, 0.0], [-80.9376204, 38.3667125, 0.0], [-80.9378296, 38.3666557, 0.0], [-80.9379289, 38.3666063, 0.0]]}}, {"type": "Feature", "properties": {"osm_id": "1349839540", "name": null, "highway": "track", "waterway": null, "aerialway": null, "barrier": null, "man_made": null, "railway": null, "z_order": 0, "other_tags": null}, "geometry": {"type": "LineString", "coordinates": [[-80.94134870000002, 38.366518, 0.0], [-80.9408203, 38.3668092, 0.0], [-80.9402449, 38.3671667, 0.0], [-80.93987350000002, 38.3673739, 0.0], [-80.9393598, 38.3676441, 0.0], [-80.9388985, 38.3678744, 0.0], [-80.9383822, 38.3681131, 0.0], [-80.938075, 38.3682277, 0.0], [-80.9377813, 38.3683097, 0.0], [-80.9375104, 38.3683507, 0.0], [-80.9372891, 38.368378, 0.0], [-80.9370384, 38.3683833, 0.0], [-80.9364966, 38.36835390000001, 0.0], [-80.9360915, 38.3683423, 0.0], [-80.9355953, 38.3683654, 0.0], [-80.9350589, 38.3684138, 0.0], [-80.9345399, 38.3684863, 0.0], [-80.9342824, 38.36852420000001, 0.0]]}}, {"type": "Feature", "properties": {"osm_id": "1349839541", "name": null, "highway": "track", "waterway": null, "aerialway": null, "barrier": null, "man_made": null, "railway": null, "z_order": 0, "other_tags": null}, "geometry": {"type": "LineString", "coordinates": [[-80.9428588, 38.36389, 0.0], [-80.9427474, 38.3635705, 0.0], [-80.9426375, 38.3633402, 0.0], [-80.9425288, 38.3631731, 0.0], [-80.9424014, 38.3630458, 0.0], [-80.9422325, 38.3629648, 0.0], [-80.942156, 38.3629554, 0.0], [-80.94204070000002, 38.36297429999998, 0.0]]}}, {"type": "Feature", "properties": {"osm_id": "1349839542", "name": null, "highway": "track", "waterway": null, "aerialway": null, "barrier": null, "man_made": null, "railway": null, "z_order": 0, "other_tags": null}, "geometry": {"type": "MultiLineString", "coordinates": [[[-80.944165, 38.3674338, 0.0], [-80.9435964, 38.3675589, 0.0], [-80.9433818, 38.3675968, 0.0], [-80.9432423, 38.3675989, 0.0], [-80.9431163, 38.36758, 0.0], [-80.9427327, 38.3674391, 0.0], [-80.9421158, 38.3671404, 0.0], [-80.9418583, 38.3669743, 0.0], [-80.9416088, 38.3667766, 0.0], [-80.94134870000002, 38.366518, 0.0], [-80.9419817, 38.3661079, 0.0], [-80.9422526, 38.3658629, 0.0], [-80.9423558, 38.3657262, 0.0], [-80.9424256, 38.3655947, 0.0], [-80.9424765, 38.3654486, 0.0], [-80.9425476, 38.3650753, 0.0], [-80.9425811, 38.3646915, 0.0], [-80.9425852, 38.364416, 0.0], [-80.9426214, 38.3642162, 0.0], [-80.94273670000001, 38.3640059, 0.0], [-80.9428118, 38.3639228, 0.0], [-80.9428588, 38.36389, 0.0], [-80.9429231, 38.363845, 0.0], [-80.9436983, 38.3634875, 0.0], [-80.94435540000002, 38.3632645, 0.0], [-80.9447604, 38.3631562, 0.0], [-80.9452111, 38.3630984, 0.0], [-80.9455168, 38.3630837, 0.0], [-80.9460613, 38.3630868, 0.0], [-80.9463215, 38.3631173, 0.0], [-80.9464851, 38.363151, 0.0], [-80.9466702, 38.363212, 0.0], [-80.9470041, 38.3633686, 0.0], [-80.9474413, 38.3636073, 0.0], [-80.9480529, 38.3640521, 0.0], [-80.9479818, 38.3643266, 0.0], [-80.9479228, 38.36476720000001, 0.0], [-80.9478259, 38.3651012, 0.0], [-80.947731, 38.3653981, 0.0], [-80.947735, 38.36553159999998, 0.0], [-80.9477645, 38.3656031, 0.0], [-80.9479818, 38.36592910000001, 0.0], [-80.9481186, 38.3662099, 0.0], [-80.9481266, 38.3663581, 0.0], [-80.9480985, 38.3664622, 0.0], [-80.9480475, 38.3665432, 0.0], [-80.94793350000002, 38.36663569999999, 0.0], [-80.9477967, 38.3666872, 0.0], [-80.9475929, 38.3667167, 0.0], [-80.9473957, 38.3667209, 0.0], [-80.946878, 38.3666389, 0.0], [-80.9465374, 38.3666378, 0.0], [-80.9463885, 38.3666736, 0.0], [-80.9461176, 38.3667913, 0.0], [-80.9456563, 38.3670595, 0.0], [-80.9454779, 38.3671394, 0.0], [-80.94455390000002, 38.3675001, 0.0], [-80.9444252, 38.3675274, 0.0], [-80.9443045, 38.36751790000001, 0.0], [-80.944224, 38.3674853, 0.0], [-80.944165, 38.3674338, 0.0]], [[-80.944165, 38.3674338, 0.0], [-80.9441355, 38.367335, 0.0], [-80.9441382, 38.3672445, 0.0], [-80.944161, 38.3671751, 0.0], [-80.944283, 38.3669974, 0.0], [-80.9449629, 38.3662814, 0.0]]]}}, {"type": "Feature", "properties": {"osm_id": "1387606161", "name": null, "highway": "unclassified", "waterway": null, "aerialway": null, "barrier": null, "man_made": null, "railway": null, "z_order": 3, "other_tags": null}, "geometry": {"type": "LineString", "coordinates": [[-81.0713955, 38.3462143, 0.0], [-81.0715863, 38.3461544, 0.0], [-81.0717008, 38.346209299999984, 0.0], [-81.0717199, 38.3464039, 0.0], [-81.0715163, 38.3465137, 0.0], [-81.07132550000001, 38.3464688, 0.0], [-81.07132550000001, 38.34629420000001, 0.0], [-81.0709628, 38.3460497, 0.0], [-81.0705493, 38.3457104, 0.0], [-81.0702439, 38.3450817, 0.0], [-81.0691497, 38.3447773, 0.0], [-81.06833530000002, 38.344438, 0.0], [-81.0676976, 38.3442186, 0.0], [-81.0669703, 38.3437377, 0.0], [-81.06614680000001, 38.3431933, 0.0], [-81.0656823, 38.3426716, 0.0], [-81.0647089, 38.3426317, 0.0], [-81.0643081, 38.3430708, 0.0], [-81.0642191, 38.3435897, 0.0], [-81.0643717, 38.3445577, 0.0], [-81.0643463, 38.3452214, 0.0], [-81.0639773, 38.3457952, 0.0], [-81.0632584, 38.3462892, 0.0], [-81.0625331, 38.34668329999999, 0.0], [-81.0617633, 38.3471723, 0.0], [-81.0604145, 38.3475116, 0.0], [-81.0598801, 38.3479158, 0.0], [-81.0593775, 38.3485943, 0.0], [-81.0598229, 38.349672, 0.0], [-81.059931, 38.3503606, 0.0], [-81.0593966, 38.3514183, 0.0], [-81.0583342, 38.3522315, 0.0], [-81.0576089, 38.35295, 0.0], [-81.0575707, 38.3531096, 0.0], [-81.0577234, 38.3532094, 0.0], [-81.058086, 38.3531545, 0.0], [-81.0586014, 38.3528951, 0.0], [-81.0591485, 38.3526706, 0.0], [-81.059492, 38.3527005, 0.0], [-81.059702, 38.3529151, 0.0], [-81.0599247, 38.3534439, 0.0], [-81.0601092, 38.3537283, 0.0], [-81.0604782, 38.3538331, 0.0], [-81.0610698, 38.3535337, 0.0], [-81.0616488, 38.35322939999999, 0.0], [-81.0620241, 38.3535387, 0.0], [-81.0623868, 38.3540276, 0.0], [-81.0624631, 38.354531499999986, 0.0], [-81.062272, 38.3550382, 0.0], [-81.0615979, 38.3558686, 0.0], [-81.0610305, 38.35644210000001, 0.0], [-81.0603064, 38.3571507, 0.0], [-81.0597147, 38.3578841, 0.0], [-81.0591994, 38.3584628, 0.0], [-81.0585505, 38.3588619, 0.0], [-81.0580033, 38.3593807, 0.0], [-81.0574435, 38.3598945, 0.0], [-81.0573671, 38.360114, 0.0], [-81.0581751, 38.3600392, 0.0], [-81.0589831, 38.359859599999986, 0.0], [-81.0597898, 38.3598153, 0.0], [-81.0603562, 38.3601115, 0.0], [-81.06092270000002, 38.3606499, 0.0], [-81.0610601, 38.3614844, 0.0], [-81.0608541, 38.36279, 0.0], [-81.0599271, 38.3635707, 0.0], [-81.05953950000001, 38.364146199999986, 0.0], [-81.0591203, 38.3647686, 0.0], [-81.0585366, 38.3657915, 0.0], [-81.0586568, 38.3662761, 0.0], [-81.0588344, 38.3666304, 0.0], [-81.0590345, 38.3670298, 0.0], [-81.0597211, 38.3674605, 0.0], [-81.0608369, 38.3678239, 0.0], [-81.0625535, 38.368766, 0.0], [-81.062193, 38.36978890000001, 0.0], [-81.0619355, 38.370879, 0.0], [-81.061781, 38.3720095, 0.0], [-81.0620385, 38.37250740000001, 0.0], [-81.0673085, 38.376639, 0.0], [-81.0681325, 38.3771503, 0.0], [-81.0688192, 38.3776483, 0.0], [-81.0691625, 38.37815959999999, 0.0], [-81.0700208, 38.378348, 0.0], [-81.0708104, 38.3783077, 0.0], [-81.0713941, 38.3786575, 0.0], [-81.072157, 38.379246, 0.0]]}}, {"type": "Feature", "properties": {"osm_id": "1387606162", "name": null, "highway": "unclassified", "waterway": null, "aerialway": null, "barrier": null, "man_made": null, "railway": null, "z_order": 3, "other_tags": null}, "geometry": {"type": "MultiLineString", "coordinates": [[[-81.0593775, 38.3485943, 0.0], [-81.0586247, 38.3480454, 0.0], [-81.0578836, 38.3476561, 0.0], [-81.057604, 38.3471517, 0.0], [-81.0574991, 38.3464389, 0.0], [-81.0571216, 38.3458139, 0.0], [-81.0566672, 38.3452217, 0.0], [-81.0565903, 38.3448105, 0.0], [-81.0563526, 38.3441197, 0.0], [-81.0555347, 38.3436207, 0.0], [-81.0541435, 38.3435165, 0.0], [-81.0540126, 38.3434927, 0.0], [-81.0532976, 38.343363, 0.0], [-81.0528082, 38.343045, 0.0], [-81.0524517, 38.3426008, 0.0], [-81.0520532, 38.3416906, 0.0], [-81.0516896, 38.3411588, 0.0], [-81.0512562, 38.3409614, 0.0], [-81.0506899, 38.3411259, 0.0], [-81.0502215, 38.34150970000001, 0.0], [-81.0493407, 38.3422883, 0.0], [-81.049117, 38.3430559, 0.0], [-81.049096, 38.3433246, 0.0], [-81.0489422, 38.3438291, 0.0], [-81.0487255, 38.3443609, 0.0], [-81.0482011, 38.344805, 0.0], [-81.0474601, 38.3450353, 0.0], [-81.0466981, 38.3447502, 0.0], [-81.0456145, 38.3440648, 0.0], [-81.0450972, 38.3434672, 0.0], [-81.04487340000001, 38.3428037, 0.0], [-81.0444959, 38.3423651, 0.0], [-81.0439367, 38.3421896, 0.0], [-81.0432865, 38.34227730000001, 0.0], [-81.04293, 38.3426008, 0.0], [-81.0424056, 38.343522, 0.0], [-81.0422021, 38.3435151, 0.0], [-81.042084, 38.343511, 0.0], [-81.0420695, 38.34330229999998, 0.0], [-81.0420631, 38.3432095, 0.0], [-81.04298590000002, 38.3416961, 0.0], [-81.0434962, 38.34157, 0.0], [-81.0442163, 38.341581, 0.0], [-81.0448944, 38.3413397, 0.0], [-81.0459361, 38.3406488, 0.0], [-81.04619150000002, 38.340566299999985, 0.0], [-81.0464115, 38.3404953, 0.0], [-81.0470127, 38.3405556, 0.0], [-81.0480124, 38.3404185, 0.0], [-81.0492218, 38.3398208, 0.0], [-81.0500817, 38.339119, 0.0], [-81.0504724, 38.3391074, 0.0]], [[-81.0504724, 38.3391074, 0.0], [-81.0510045, 38.3390916, 0.0], [-81.05080880000001, 38.3397112, 0.0], [-81.0503544, 38.3396563, 0.0], [-81.0504724, 38.3391074, 0.0]]]}}, {"type": "Feature", "properties": {"osm_id": "1387606163", "name": null, "highway": "unclassified", "waterway": null, "aerialway": null, "barrier": null, "man_made": null, "railway": null, "z_order": 3, "other_tags": null}, "geometry": {"type": "LineString", "coordinates": [[-81.0616566, 38.3554976, 0.0], [-81.0610247, 38.3559044, 0.0], [-81.059393, 38.3562446, 0.0], [-81.0584216, 38.3563999, 0.0], [-81.0564598, 38.35778289999998, 0.0], [-81.0562167, 38.3582118, 0.0], [-81.0560448, 38.3585151, 0.0], [-81.0560731, 38.3594544, 0.0], [-81.056552, 38.3600304, 0.0], [-81.0569031, 38.3604528, 0.0], [-81.0574596, 38.3604823, 0.0], [-81.0577614, 38.3603048, 0.0], [-81.0581751, 38.3600392, 0.0]]}}, {"type": "Feature", "properties": {"osm_id": "1387606164", "name": null, "highway": "unclassified", "waterway": null, "aerialway": null, "barrier": null, "man_made": null, "railway": null, "z_order": 3, "other_tags": null}, "geometry": {"type": "LineString", "coordinates": [[-81.0562167, 38.3582118, 0.0], [-81.0561957, 38.35746489999999, 0.0], [-81.0569314, 38.3556455, 0.0], [-81.0544792, 38.3529903, 0.0], [-81.0543754, 38.3523986, 0.0], [-81.0540678, 38.3515922, 0.0], [-81.0540453, 38.3515333, 0.0], [-81.0522911, 38.3513853, 0.0], [-81.0511404, 38.351629399999986, 0.0], [-81.0496597, 38.3520362, 0.0], [-81.0484996, 38.3521398, 0.0], [-81.0472641, 38.3517773, 0.0], [-81.0458588, 38.3514667, 0.0], [-81.04501930000002, 38.3515111, 0.0], [-81.0443686, 38.3519844, 0.0], [-81.0436046, 38.352406, 0.0], [-81.0426992, 38.3526723, 0.0], [-81.0413599, 38.3537299, 0.0], [-81.0410204, 38.3538335, 0.0], [-81.0408978, 38.3535155, 0.0], [-81.0405582, 38.3521767, 0.0], [-81.0412617, 38.350299, 0.0], [-81.0418282, 38.3494912, 0.0], [-81.042326, 38.3489662, 0.0], [-81.042532, 38.34825270000001, 0.0], [-81.0429783, 38.3473103, 0.0], [-81.0430642, 38.3466776, 0.0], [-81.0426693, 38.3451158, 0.0], [-81.042326, 38.34456379999999, 0.0], [-81.0419609, 38.344420699999986, 0.0], [-81.041708, 38.3443215, 0.0], [-81.04177670000001, 38.3438368, 0.0], [-81.0422021, 38.3435151, 0.0]]}}, {"type": "Feature", "properties": {"osm_id": "1387606165", "name": null, "highway": "unclassified", "waterway": null, "aerialway": null, "barrier": null, "man_made": null, "railway": null, "z_order": 3, "other_tags": null}, "geometry": {"type": "LineString", "coordinates": [[-81.041708, 38.3443215, 0.0], [-81.0405579, 38.3452101, 0.0], [-81.0401116, 38.346341, 0.0], [-81.0405236, 38.346866, 0.0], [-81.0404161, 38.34741169999999, 0.0], [-81.0399858, 38.348023, 0.0], [-81.0388165, 38.3492202, 0.0], [-81.0381831, 38.34944309999999, 0.0], [-81.0377203, 38.3494686, 0.0], [-81.0370869, 38.3493285, 0.0], [-81.0365429, 38.3490801, 0.0], [-81.0360394, 38.3487426, 0.0], [-81.0350244, 38.3479721, 0.0], [-81.0344966, 38.3476282, 0.0], [-81.0337252, 38.347227, 0.0], [-81.0329782, 38.3470423, 0.0], [-81.0323123, 38.3470296, 0.0], [-81.0316871, 38.3468449, 0.0], [-81.0313623, 38.3464628, 0.0], [-81.03122560000001, 38.346189, 0.0]]}}, {"type": "Feature", "properties": {"osm_id": "1387606166", "name": null, "highway": "unclassified", "waterway": null, "aerialway": null, "barrier": null, "man_made": null, "railway": null, "z_order": 3, "other_tags": null}, "geometry": {"type": "LineString", "coordinates": [[-81.0420695, 38.34330229999998, 0.0], [-81.0417188, 38.34321, 0.0], [-81.0411277, 38.3425725, 0.0], [-81.04064, 38.3419929, 0.0], [-81.039502, 38.3415061, 0.0], [-81.0386448, 38.3413206, 0.0], [-81.0379354, 38.340799, 0.0], [-81.0374033, 38.3397441, 0.0], [-81.0370191, 38.3389675, 0.0], [-81.0359254, 38.3384922, 0.0], [-81.0350978, 38.33831829999998, 0.0], [-81.033679, 38.33842259999999, 0.0], [-81.0312156, 38.33852920000001, 0.0], [-81.029659, 38.3385965, 0.0], [-81.0270283, 38.3389443, 0.0], [-81.0263781, 38.3393616, 0.0], [-81.0259495, 38.3400107, 0.0], [-81.0255652, 38.3408106, 0.0], [-81.0248706, 38.3414365, 0.0], [-81.022033, 38.3425377, 0.0], [-81.02127930000002, 38.3430825, 0.0], [-81.0204287, 38.3434016, 0.0], [-81.0202595, 38.3434651, 0.0], [-81.0181017, 38.3441026, 0.0], [-81.0164169, 38.3443924, 0.0], [-81.0148208, 38.3444851, 0.0], [-81.0038842, 38.3474176, 0.0], [-81.0036141, 38.3474229, 0.0], [-81.003293, 38.3474292, 0.0], [-81.002894, 38.347151, 0.0], [-81.0026427, 38.346896, 0.0], [-81.0018252, 38.3464222, 0.0], [-81.00015980000002, 38.3461774, 0.0], [-80.998475, 38.3456674, 0.0], [-80.9980907, 38.3457137, 0.0], [-80.9977213, 38.3461658, 0.0], [-80.996938, 38.3466178, 0.0], [-80.9968534, 38.3466666, 0.0], [-80.9951645, 38.347974, 0.0], [-80.9939378, 38.3491794, 0.0], [-80.9936274, 38.3498284, 0.0], [-80.9937752, 38.350095, 0.0], [-80.9942038, 38.3502109, 0.0], [-80.99472110000002, 38.3503964, 0.0], [-80.995061, 38.3507209, 0.0], [-80.9950758, 38.3510454, 0.0], [-80.9946915, 38.35137, 0.0], [-80.9942925, 38.351961, 0.0], [-80.9941447, 38.3524015, 0.0], [-80.9931397, 38.3531548, 0.0], [-80.9926372, 38.3529694, 0.0], [-80.9921347, 38.3525869, 0.0], [-80.9917505, 38.3525985, 0.0], [-80.9913958, 38.353178, 0.0], [-80.9906568, 38.35417469999999, 0.0], [-80.9900656, 38.3545572, 0.0], [-80.9896814, 38.3548585, 0.0], [-80.9895779, 38.3553453, 0.0], [-80.9895927, 38.3561797, 0.0], [-80.9900065, 38.3570489, 0.0], [-80.9901395, 38.35762829999999, 0.0], [-80.9899326, 38.3580919, 0.0], [-80.9892823, 38.35837, 0.0], [-80.9881, 38.3589843, 0.0], [-80.9874202, 38.359274, 0.0], [-80.986829, 38.3593088, 0.0], [-80.9864004, 38.3591465, 0.0], [-80.9860753, 38.3586598, 0.0], [-80.9861492, 38.357976, 0.0], [-80.9862822, 38.3575125, 0.0], [-80.9862231, 38.3571995, 0.0], [-80.9858092, 38.3572111, 0.0], [-80.9852624, 38.3577095, 0.0], [-80.9835054, 38.360195, 0.0], [-80.9834473, 38.3602922, 0.0], [-80.983266, 38.3603512, 0.0], [-80.9831342, 38.3605256, 0.0], [-80.9829756, 38.3606663, 0.0], [-80.9826768, 38.3609314, 0.0], [-80.9825726, 38.3610239, 0.0]]}}, {"type": "Feature", "properties": {"osm_id": "1387616073", "name": null, "highway": "unclassified", "waterway": null, "aerialway": null, "barrier": null, "man_made": null, "railway": null, "z_order": 3, "other_tags": null}, "geometry": {"type": "LineString", "coordinates": [[-80.983266, 38.3603512, 0.0], [-80.983398, 38.36036, 0.0], [-80.9833642, 38.3606888, 0.0], [-80.9834464, 38.3610491, 0.0], [-80.9837927, 38.3617348, 0.0], [-80.9841618, 38.3624228, 0.0], [-80.98493590000001, 38.3638691, 0.0], [-80.9861771, 38.3644259, 0.0], [-80.9872019, 38.3651612, 0.0], [-80.9875109, 38.3649054, 0.0], [-80.9877871, 38.3648405, 0.0], [-80.9878542, 38.3648247, 0.0], [-80.9881803, 38.3646632, 0.0], [-80.9887297, 38.3644747, 0.0], [-80.98900430000002, 38.3645555, 0.0], [-80.9892103, 38.3647305, 0.0], [-80.9910471, 38.3648516, 0.0], [-80.9930727, 38.36464969999999, 0.0], [-80.993725, 38.3646901, 0.0], [-80.9940683, 38.3648112, 0.0], [-80.994549, 38.3653496, 0.0], [-80.9951841, 38.3655111, 0.0], [-80.9960424, 38.3655246, 0.0], [-80.9964888, 38.3653496, 0.0], [-80.99726120000001, 38.3647574, 0.0], [-80.9977076, 38.3646497, 0.0], [-80.9982225, 38.3646363, 0.0], [-80.999098, 38.3647305, 0.0], [-80.9999563, 38.3645959, 0.0], [-81.0003855, 38.3642728, 0.0], [-81.0013124, 38.3638018, 0.0], [-81.0020506, 38.3635595, 0.0], [-81.0029604, 38.3634787, 0.0], [-81.0036814, 38.3637075, 0.0], [-81.0040762, 38.3642998, 0.0], [-81.0045053, 38.3648651, 0.0], [-81.004938, 38.3654703, 0.0]]}}, {"type": "Feature", "properties": {"osm_id": "1387616074", "name": null, "highway": "unclassified", "waterway": null, "aerialway": null, "barrier": null, "man_made": null, "railway": null, "z_order": 3, "other_tags": null}, "geometry": {"type": "LineString", "coordinates": [[-80.9872019, 38.3651612, 0.0], [-80.9874672, 38.36586109999999, 0.0], [-80.9873392, 38.3668974, 0.0], [-80.9869615, 38.3682702, 0.0], [-80.9855024, 38.370141, 0.0], [-80.9848844, 38.37133879999998, 0.0], [-80.9848501, 38.3721598, 0.0], [-80.9856226, 38.3730345, 0.0], [-80.9861719, 38.3734248, 0.0], [-80.987322, 38.3735729, 0.0], [-80.9882318, 38.3733575, 0.0], [-80.9897081, 38.3727654, 0.0], [-80.9907553, 38.3729134, 0.0], [-80.9915277, 38.3730884, 0.0], [-80.9920983, 38.3744376, 0.0], [-80.99316310000002, 38.3754883, 0.0], [-80.9941542, 38.3764662, 0.0], [-80.9959566, 38.3803688, 0.0], [-80.9968836, 38.3809609, 0.0], [-80.9975702, 38.3813107, 0.0], [-80.9978277, 38.3824142, 0.0], [-80.9978792, 38.3832754, 0.0], [-80.9982912, 38.3843653, 0.0], [-80.99957870000001, 38.3870564, 0.0], [-81.0003683, 38.3874197, 0.0], [-81.0016901, 38.3886307, 0.0], [-81.0019819, 38.3887787, 0.0], [-81.0022222, 38.3885903, 0.0], [-81.004059, 38.3874063, 0.0], [-81.0046255, 38.3869353, 0.0], [-81.0058271, 38.3859127, 0.0]]}}, {"type": "Feature", "properties": {"osm_id": "1387616075", "name": null, "highway": "unclassified", "waterway": null, "aerialway": null, "barrier": null, "man_made": null, "railway": null, "z_order": 3, "other_tags": null}, "geometry": {"type": "LineString", "coordinates": [[-80.9829756, 38.3606663, 0.0], [-80.9828661, 38.360644, 0.0], [-80.9806567, 38.3601592, 0.0], [-80.9791735, 38.3599881, 0.0], [-80.978142, 38.3601279, 0.0], [-80.9766899, 38.3593376, 0.0], [-80.9747485, 38.3589947, 0.0], [-80.9734061, 38.3588033, 0.0], [-80.9727, 38.3587026, 0.0], [-80.9718565, 38.3588401, 0.0], [-80.9709801, 38.3590548, 0.0], [-80.9704433, 38.3590548, 0.0], [-80.970038, 38.3585394, 0.0], [-80.9692054, 38.3581013, 0.0], [-80.9683509, 38.3582216, 0.0], [-80.9672226, 38.3578264, 0.0], [-80.9665872, 38.3574914, 0.0], [-80.966401, 38.3568729, 0.0], [-80.9665324, 38.3563231, 0.0], [-80.9671459, 38.355696, 0.0], [-80.9682414, 38.3550603, 0.0], [-80.9702571, 38.35463080000001, 0.0]]}}, {"type": "Feature", "properties": {"osm_id": "1387795141", "name": null, "highway": "unclassified", "waterway": null, "aerialway": null, "barrier": null, "man_made": null, "railway": null, "z_order": 3, "other_tags": null}, "geometry": {"type": "LineString", "coordinates": [[-81.090413, 38.3706774, 0.0], [-81.0898366, 38.3698895, 0.0], [-81.0892159, 38.3693333, 0.0], [-81.08861, 38.3686844, 0.0], [-81.0881666, 38.3677227, 0.0], [-81.08772320000001, 38.3668304, 0.0], [-81.0873094, 38.3663669, 0.0], [-81.0865409, 38.3662395, 0.0], [-81.0853881, 38.3661468, 0.0], [-81.0842501, 38.3659961, 0.0], [-81.08373280000002, 38.3657064, 0.0], [-81.0828461, 38.3653356, 0.0], [-81.0818263, 38.3652313, 0.0], [-81.0803188, 38.3654631, 0.0], [-81.0795947, 38.3654631, 0.0], [-81.0788557, 38.3651039, 0.0], [-81.0780429, 38.3643043, 0.0], [-81.0768014, 38.3633077, 0.0], [-81.0757373, 38.3625429, 0.0], [-81.07485060000002, 38.36220680000001, 0.0], [-81.074555, 38.3617896, 0.0], [-81.0745254, 38.3610364, 0.0], [-81.0746436, 38.3603411, 0.0], [-81.0742742, 38.3595067, 0.0], [-81.07355, 38.3590315, 0.0], [-81.0724859, 38.3588113, 0.0], [-81.0712001, 38.3588693, 0.0], [-81.0702099, 38.3587534, 0.0], [-81.06907190000001, 38.3587302, 0.0], [-81.0682443, 38.3583826, 0.0], [-81.0675496, 38.3577452, 0.0], [-81.0664116, 38.35738589999998, 0.0], [-81.0647268, 38.3573048, 0.0], [-81.0630124, 38.3574902, 0.0], [-81.0608251, 38.35873019999999, 0.0], [-81.0589831, 38.359859599999986, 0.0]]}}, {"type": "Feature", "properties": {"osm_id": "1387795142", "name": null, "highway": "unclassified", "waterway": null, "aerialway": null, "barrier": null, "man_made": null, "railway": null, "z_order": 3, "other_tags": null}, "geometry": {"type": "LineString", "coordinates": [[-81.0865409, 38.3662395, 0.0], [-81.0865432, 38.3668129, 0.0], [-81.0861817, 38.3673454, 0.0], [-81.0854806, 38.36800669999999, 0.0], [-81.0830377, 38.3684448, 0.0], [-81.0823914, 38.3688141, 0.0], [-81.0808906, 38.3688484, 0.0], [-81.0796089, 38.368754, 0.0], [-81.0782724, 38.3683245, 0.0], [-81.0774946, 38.3680067, 0.0], [-81.07618, 38.36692450000001, 0.0], [-81.074729, 38.3666518, 0.0], [-81.0714031, 38.3662672, 0.0], [-81.0703959, 38.3659196, 0.0], [-81.0693881, 38.36588519999998, 0.0], [-81.0687856, 38.3662116, 0.0], [-81.0682159, 38.3668816, 0.0], [-81.0678982, 38.3673368, 0.0], [-81.0666494, 38.3673883, 0.0], [-81.0653239, 38.3681012, 0.0], [-81.0647542, 38.3685135, 0.0], [-81.06467760000001, 38.3688055, 0.0], [-81.0647323, 38.369149, 0.0], [-81.0646557, 38.36942389999999, 0.0], [-81.0644256, 38.3695613, 0.0], [-81.0641298, 38.3695527, 0.0], [-81.0638998, 38.36937240000001, 0.0], [-81.0634287, 38.36870239999999, 0.0], [-81.0631001, 38.3679638, 0.0], [-81.0623661, 38.3667613, 0.0], [-81.0618951, 38.3664521, 0.0], [-81.0615336, 38.366349, 0.0], [-81.0611063, 38.3664178, 0.0], [-81.0599399, 38.3664927, 0.0], [-81.0593207, 38.36664969999999, 0.0], [-81.0588344, 38.3666304, 0.0]]}}, {"type": "Feature", "properties": {"osm_id": "1387795143", "name": null, "highway": "unclassified", "waterway": null, "aerialway": null, "barrier": null, "man_made": null, "railway": null, "z_order": 3, "other_tags": null}, "geometry": {"type": "LineString", "coordinates": [[-81.05953950000001, 38.364146199999986, 0.0], [-81.0613162, 38.3630187, 0.0], [-81.0615462, 38.3624003, 0.0], [-81.0617872, 38.3617045, 0.0], [-81.0627622, 38.3603645, 0.0], [-81.06315660000001, 38.3598577, 0.0]]}}, {"type": "Feature", "properties": {"osm_id": "1387795144", "name": null, "highway": "unclassified", "waterway": null, "aerialway": null, "barrier": null, "man_made": null, "railway": null, "z_order": 3, "other_tags": null}, "geometry": {"type": "LineString", "coordinates": [[-81.056552, 38.3600304, 0.0], [-81.0558266, 38.35947070000001, 0.0], [-81.0551764, 38.358787, 0.0], [-81.0546591, 38.3582886, 0.0], [-81.0543192, 38.3578251, 0.0], [-81.0542896, 38.3573383, 0.0], [-81.0543044, 38.3568748, 0.0], [-81.0544226, 38.356191, 0.0], [-81.0541566, 38.355345, 0.0], [-81.0536689, 38.3547539, 0.0], [-81.0535285, 38.35470810000001, 0.0], [-81.0531369, 38.3545801, 0.0], [-81.0524866, 38.3546844, 0.0], [-81.0519397, 38.3549625, 0.0], [-81.051452, 38.3554957, 0.0], [-81.0510678, 38.3559708, 0.0], [-81.0509939, 38.3565966, 0.0], [-81.0510382, 38.3573152, 0.0], [-81.0510678, 38.3579641, 0.0], [-81.0510678, 38.3587638, 0.0], [-81.0508461, 38.3596445, 0.0], [-81.0505801, 38.3603051, 0.0], [-81.0503584, 38.3608961, 0.0], [-81.0505949, 38.3613712, 0.0], [-81.0510973, 38.3615682, 0.0], [-81.0518067, 38.3617652, 0.0]]}}, {"type": "Feature", "properties": {"osm_id": "1387795145", "name": null, "highway": "unclassified", "waterway": null, "aerialway": null, "barrier": null, "man_made": null, "railway": null, "z_order": 3, "other_tags": null}, "geometry": {"type": "LineString", "coordinates": [[-81.0544792, 38.3529903, 0.0], [-81.0544299, 38.3534994, 0.0], [-81.0543861, 38.354075, 0.0], [-81.0540794, 38.3545389, 0.0], [-81.0535285, 38.35470810000001, 0.0]]}}, {"type": "Feature", "properties": {"osm_id": "1387795146", "name": null, "highway": "unclassified", "waterway": null, "aerialway": null, "barrier": null, "man_made": null, "railway": null, "z_order": 3, "other_tags": null}, "geometry": {"type": "LineString", "coordinates": [[-81.0540678, 38.3515922, 0.0], [-81.0546971, 38.3513963, 0.0], [-81.054908, 38.3510353, 0.0], [-81.054379, 38.3506878, 0.0], [-81.0537937, 38.3502488, 0.0], [-81.0532211, 38.3499993, 0.0], [-81.0528903, 38.34968, 0.0], [-81.0528142, 38.3493969, 0.0], [-81.0527885, 38.3493008, 0.0], [-81.0535665, 38.3476475, 0.0], [-81.05397180000001, 38.3467861, 0.0], [-81.0539845, 38.3464868, 0.0], [-81.0538955, 38.34619210000001, 0.0], [-81.05387, 38.34610760000001, 0.0], [-81.0524195, 38.3446107, 0.0]]}}, {"type": "Feature", "properties": {"osm_id": "1387795147", "name": null, "highway": "unclassified", "waterway": null, "aerialway": null, "barrier": null, "man_made": null, "railway": null, "z_order": 3, "other_tags": null}, "geometry": {"type": "LineString", "coordinates": [[-81.0545444, 38.3495503, 0.0], [-81.0528142, 38.3493969, 0.0], [-81.0516942, 38.34940060000002, 0.0]]}}, {"type": "Feature", "properties": {"osm_id": "1387795148", "name": null, "highway": "unclassified", "waterway": null, "aerialway": null, "barrier": null, "man_made": null, "railway": null, "z_order": 3, "other_tags": null}, "geometry": {"type": "LineString", "coordinates": [[-81.0551042, 38.3479836, 0.0], [-81.0535665, 38.3476475, 0.0]]}}, {"type": "Feature", "properties": {"osm_id": "1387795149", "name": null, "highway": "unclassified", "waterway": null, "aerialway": null, "barrier": null, "man_made": null, "railway": null, "z_order": 3, "other_tags": null}, "geometry": {"type": "LineString", "coordinates": [[-81.0546589, 38.3459778, 0.0], [-81.0538955, 38.34619210000001, 0.0]]}}, {"type": "Feature", "properties": {"osm_id": "1387795150", "name": null, "highway": "unclassified", "waterway": null, "aerialway": null, "barrier": null, "man_made": null, "railway": null, "z_order": 3, "other_tags": null}, "geometry": {"type": "LineString", "coordinates": [[-81.0539845, 38.3464868, 0.0], [-81.0535265, 38.3465367, 0.0], [-81.0529793, 38.3464668, 0.0]]}}, {"type": "Feature", "properties": {"osm_id": "1387795151", "name": null, "highway": "unclassified", "waterway": null, "aerialway": null, "barrier": null, "man_made": null, "railway": null, "z_order": 3, "other_tags": null}, "geometry": {"type": "LineString", "coordinates": [[-81.0540126, 38.3434927, 0.0], [-81.0545936, 38.343268499999986, 0.0], [-81.0552802, 38.3433089, 0.0], [-81.0564303, 38.3434705, 0.0], [-81.0571342, 38.3433089, 0.0], [-81.0579753, 38.3431743, 0.0], [-81.0585418, 38.3431339, 0.0], [-81.0592627, 38.3433359, 0.0], [-81.0595546, 38.343659, 0.0], [-81.0600009, 38.344386, 0.0], [-81.0602412, 38.3447495, 0.0], [-81.060327, 38.3452073, 0.0], [-81.0605502, 38.3455573, 0.0], [-81.0608592, 38.3455842, 0.0], [-81.06109950000001, 38.3454631, 0.0], [-81.0612197, 38.3451938, 0.0], [-81.0611853, 38.3448303, 0.0], [-81.0609793, 38.3441571, 0.0], [-81.0606703, 38.3435378, 0.0], [-81.060533, 38.3431339, 0.0], [-81.060533, 38.3428108, 0.0], [-81.060636, 38.3423665, 0.0], [-81.06116820000001, 38.3418818, 0.0], [-81.0619063, 38.3411548, 0.0], [-81.0634856, 38.339754499999984, 0.0], [-81.0641924, 38.3390692, 0.0], [-81.0647215, 38.3385562, 0.0], [-81.0655112, 38.3375329, 0.0]]}}, {"type": "Feature", "properties": {"osm_id": "1387795152", "name": null, "highway": "unclassified", "waterway": null, "aerialway": null, "barrier": null, "man_made": null, "railway": null, "z_order": 3, "other_tags": null}, "geometry": {"type": "LineString", "coordinates": [[-81.04619150000002, 38.340566299999985, 0.0], [-81.0444112, 38.3388861, 0.0], [-81.0438624, 38.338625, 0.0]]}}, {"type": "Feature", "properties": {"osm_id": "1387795153", "name": null, "highway": "unclassified", "waterway": null, "aerialway": null, "barrier": null, "man_made": null, "railway": null, "z_order": 3, "other_tags": null}, "geometry": {"type": "LineString", "coordinates": [[-81.0312156, 38.33852920000001, 0.0], [-81.031027, 38.338235800000014, 0.0], [-81.0306616, 38.3378919, 0.0], [-81.0304342, 38.337669, 0.0], [-81.0305479, 38.3370703, 0.0], [-81.0307996, 38.3364716, 0.0], [-81.030483, 38.334822, 0.0], [-81.0301744, 38.333478, 0.0]]}}, {"type": "Feature", "properties": {"osm_id": "1387795154", "name": null, "highway": "unclassified", "waterway": null, "aerialway": null, "barrier": null, "man_made": null, "railway": null, "z_order": 3, "other_tags": null}, "geometry": {"type": "LineString", "coordinates": [[-81.0204287, 38.3434016, 0.0], [-81.0203803, 38.3436191, 0.0], [-81.0201174, 38.3437652, 0.0], [-81.0196464, 38.3441089, 0.0], [-81.0185619, 38.3445642, 0.0], [-81.017971, 38.3449447, 0.0], [-81.01781690000001, 38.3453289, 0.0], [-81.017806, 38.34581, 0.0], [-81.0180375, 38.3462213, 0.0], [-81.018529, 38.34721039999999, 0.0], [-81.0188029, 38.3477087, 0.0], [-81.0187919, 38.3481813, 0.0], [-81.0186933, 38.3485593, 0.0], [-81.0184852, 38.3489631, 0.0], [-81.0184742, 38.3492552, 0.0], [-81.018781, 38.3496418, 0.0], [-81.01898910000001, 38.3499768, 0.0], [-81.0200627, 38.3506211, 0.0], [-81.020457, 38.351171, 0.0], [-81.0209719, 38.3516263, 0.0], [-81.0209609, 38.3519871, 0.0], [-81.0207419, 38.3523565, 0.0], [-81.0203694, 38.3530867, 0.0], [-81.02016130000001, 38.35379119999999, 0.0], [-81.0201393, 38.3542722, 0.0], [-81.019986, 38.3547275, 0.0], [-81.0201065, 38.3556124, 0.0], [-81.0200407, 38.3562824, 0.0], [-81.0199969, 38.3565401, 0.0], [-81.0197121, 38.3572875, 0.0], [-81.01970120000001, 38.3575452, 0.0], [-81.0197669, 38.3579833, 0.0], [-81.0200079, 38.3584987, 0.0], [-81.0201832, 38.3587993, 0.0], [-81.0204461, 38.358988299999986, 0.0], [-81.0208843, 38.359160099999976, 0.0], [-81.0213334, 38.3592374, 0.0], [-81.0218154, 38.3592546, 0.0], [-81.0221221, 38.3591, 0.0], [-81.022396, 38.3590914, 0.0], [-81.0226151, 38.359289, 0.0], [-81.02260420000002, 38.3596068, 0.0], [-81.0228452, 38.3598215, 0.0], [-81.02284290000001, 38.3600251, 0.0], [-81.0223595, 38.3602805, 0.0], [-81.0214539, 38.3606462, 0.0]]}}, {"type": "Feature", "properties": {"osm_id": "1387795155", "name": null, "highway": "unclassified", "waterway": null, "aerialway": null, "barrier": null, "man_made": null, "railway": null, "z_order": 3, "other_tags": null}, "geometry": {"type": "LineString", "coordinates": [[-81.017806, 38.34581, 0.0], [-81.0175565, 38.3463784, 0.0], [-81.017151, 38.3471033, 0.0], [-81.0170284, 38.3473252, 0.0], [-81.0163305, 38.3475767, 0.0], [-81.0159909, 38.34761369999999, 0.0], [-81.0156042, 38.3475323, 0.0], [-81.0152836, 38.3476211, 0.0], [-81.0140197, 38.3480501, 0.0], [-81.0135765, 38.3483829, 0.0], [-81.0127654, 38.3486492, 0.0], [-81.0122749, 38.3489229, 0.0], [-81.0118977, 38.3491966, 0.0], [-81.0114544, 38.3494702, 0.0], [-81.0112375, 38.3497809, 0.0], [-81.0111714, 38.3501211, 0.0], [-81.0114733, 38.3505427, 0.0], [-81.0118222, 38.3512898, 0.0], [-81.0118977, 38.3516522, 0.0], [-81.01209570000002, 38.3523844, 0.0], [-81.0121618, 38.3525989, 0.0], [-81.0129351, 38.353272, 0.0], [-81.0140575, 38.3536714, 0.0], [-81.0145479, 38.3540338, 0.0], [-81.01468, 38.3542778, 0.0], [-81.0149346, 38.3544923, 0.0], [-81.0151515, 38.354655, 0.0], [-81.0150101, 38.3549213, 0.0], [-81.0146988, 38.3552541, 0.0], [-81.0148686, 38.3556313, 0.0], [-81.0150572, 38.3559493, 0.0], [-81.0150101, 38.356452199999985, 0.0], [-81.0152364, 38.3568738, 0.0], [-81.015293, 38.3574433, 0.0], [-81.0152647, 38.3581533, 0.0], [-81.0151515, 38.3587597, 0.0], [-81.014812, 38.3590777, 0.0], [-81.0143121, 38.359166499999986, 0.0], [-81.0138783, 38.3591221, 0.0], [-81.013501, 38.35895939999999, 0.0], [-81.0132392, 38.3589784, 0.0], [-81.0129917, 38.3589964, 0.0], [-81.0120674, 38.3591812, 0.0], [-81.0113318, 38.359233, 0.0], [-81.0105773, 38.3591221, 0.0], [-81.0101246, 38.3589816, 0.0]]}}, {"type": "Feature", "properties": {"osm_id": "1387795156", "name": null, "highway": "unclassified", "waterway": null, "aerialway": null, "barrier": null, "man_made": null, "railway": null, "z_order": 3, "other_tags": null}, "geometry": {"type": "LineString", "coordinates": [[-81.0140103, 38.3594327, 0.0], [-81.0132392, 38.3589784, 0.0]]}}, {"type": "Feature", "properties": {"osm_id": "1387795157", "name": null, "highway": "unclassified", "waterway": null, "aerialway": null, "barrier": null, "man_made": null, "railway": null, "z_order": 3, "other_tags": null}, "geometry": {"type": "LineString", "coordinates": [[-81.0036141, 38.3474229, 0.0], [-81.0036145, 38.3478642, 0.0], [-81.0042668, 38.3496547, 0.0], [-81.0038719, 38.3511086, 0.0], [-81.0039921, 38.3526164, 0.0]]}}, {"type": "Feature", "properties": {"osm_id": "1387795158", "name": null, "highway": "unclassified", "waterway": null, "aerialway": null, "barrier": null, "man_made": null, "railway": null, "z_order": 3, "other_tags": null}, "geometry": {"type": "LineString", "coordinates": [[-81.0219477, 38.3450236, 0.0], [-81.0204287, 38.3434016, 0.0], [-81.0189437, 38.3422232, 0.0], [-81.015459, 38.3404998, 0.0]]}}, {"type": "Feature", "properties": {"osm_id": "1387795159", "name": null, "highway": "unclassified", "waterway": null, "aerialway": null, "barrier": null, "man_made": null, "railway": null, "z_order": 3, "other_tags": null}, "geometry": {"type": "LineString", "coordinates": [[-80.9712377, 38.3232917, 0.0], [-80.9714241, 38.3227047, 0.0], [-80.9720857, 38.3221757, 0.0], [-80.9726202, 38.3221956, 0.0], [-80.97318, 38.3224252, 0.0], [-80.9734727, 38.3229443, 0.0], [-80.9739943, 38.3232638, 0.0], [-80.9749995, 38.3235932, 0.0], [-80.9771117, 38.3240723, 0.0], [-80.9798601, 38.3258891, 0.0], [-80.9794657, 38.326977099999986, 0.0], [-80.9793639, 38.3279453, 0.0], [-80.9795802, 38.3316185, 0.0], [-80.97899490000002, 38.332906, 0.0], [-80.9790585, 38.3332055, 0.0], [-80.9777607, 38.3340838, 0.0], [-80.9766028, 38.3343233, 0.0], [-80.9752286, 38.334493, 0.0], [-80.9733709, 38.3349022, 0.0], [-80.9725056, 38.3351417, 0.0], [-80.9722893, 38.335501, 0.0], [-80.9724166, 38.33610980000001, 0.0], [-80.9725565, 38.3367087, 0.0], [-80.972442, 38.33738730000002, 0.0], [-80.97272190000001, 38.33796619999998, 0.0], [-80.9743252, 38.3387646, 0.0], [-80.977468, 38.3408804, 0.0], [-80.977977, 38.3415889, 0.0], [-80.9779388, 38.3420081, 0.0], [-80.9773917, 38.3422077, 0.0], [-80.9762083, 38.3417187, 0.0], [-80.9751777, 38.3414193, 0.0], [-80.9742234, 38.3414293, 0.0], [-80.9735617, 38.3417586, 0.0], [-80.9732564, 38.3419981, 0.0], [-80.97304, 38.3418684, 0.0], [-80.9731546, 38.3412097, 0.0], [-80.9727856, 38.3404612, 0.0], [-80.9717549, 38.3401019, 0.0], [-80.9709788, 38.3402516, 0.0], [-80.9702026, 38.3399323, 0.0], [-80.96949, 38.3391638, 0.0]]}}, {"type": "Feature", "properties": {"osm_id": "1387795160", "name": null, "highway": "unclassified", "waterway": null, "aerialway": null, "barrier": null, "man_made": null, "railway": null, "z_order": 3, "other_tags": null}, "geometry": {"type": "LineString", "coordinates": [[-80.974989, 38.3311401, 0.0], [-80.9737908, 38.3315885, 0.0], [-80.9732691, 38.3319179, 0.0], [-80.9717676, 38.3323271, 0.0], [-80.970597, 38.332387, 0.0], [-80.9699354, 38.33228720000001, 0.0], [-80.9696046, 38.3320976, 0.0], [-80.9699608, 38.3319379, 0.0], [-80.9707879, 38.3316983, 0.0], [-80.9715452, 38.3314796, 0.0], [-80.971615, 38.3312092, 0.0], [-80.97143680000002, 38.3310396, 0.0], [-80.9709279, 38.3310296, 0.0], [-80.9700245, 38.3310196, 0.0], [-80.9693501, 38.3310795, 0.0], [-80.9688157, 38.3311493, 0.0], [-80.9682176, 38.331309, 0.0], [-80.96743110000001, 38.3317453, 0.0], [-80.9667798, 38.3321774, 0.0]]}}, {"type": "Feature", "properties": {"osm_id": "1387795161", "name": null, "highway": "track", "waterway": null, "aerialway": null, "barrier": null, "man_made": null, "railway": null, "z_order": 0, "other_tags": null}, "geometry": {"type": "LineString", "coordinates": [[-80.9709187, 38.3229948, 0.0], [-80.9707108, 38.3238733, 0.0], [-80.9705955, 38.3241805, 0.0], [-80.970515, 38.3243236, 0.0], [-80.9704238, 38.3244078, 0.0], [-80.9702253, 38.3245761, 0.0], [-80.9697278, 38.3250172, 0.0], [-80.9694469, 38.3253396, 0.0]]}}, {"type": "Feature", "properties": {"osm_id": "1387810463", "name": null, "highway": "unclassified", "waterway": null, "aerialway": null, "barrier": null, "man_made": null, "railway": null, "z_order": 3, "other_tags": null}, "geometry": {"type": "LineString", "coordinates": [[-80.9877871, 38.3648405, 0.0], [-80.987746, 38.3647092, 0.0], [-80.9877203, 38.3642739, 0.0], [-80.9876549, 38.364082, 0.0], [-80.9874783, 38.3639793, 0.0], [-80.986926, 38.3639123, 0.0], [-80.9866925, 38.3639659, 0.0], [-80.9864619, 38.3641623, 0.0], [-80.9861771, 38.3644259, 0.0]]}}, {"type": "Feature", "properties": {"osm_id": "1387810468", "name": null, "highway": "unclassified", "waterway": null, "aerialway": null, "barrier": null, "man_made": null, "railway": null, "z_order": 3, "other_tags": null}, "geometry": {"type": "LineString", "coordinates": [[-80.9826768, 38.3609314, 0.0], [-80.982113, 38.3609878, 0.0], [-80.9805702, 38.3610324, 0.0], [-80.9797826, 38.361147, 0.0], [-80.9791574, 38.3613953, 0.0], [-80.978524, 38.3618219, 0.0], [-80.9779556, 38.362535, 0.0], [-80.9772979, 38.3634773, 0.0], [-80.9767782, 38.3642986, 0.0], [-80.97659140000002, 38.3649416, 0.0], [-80.9763641, 38.3657375, 0.0], [-80.9760799, 38.3664569, 0.0], [-80.975885, 38.36691529999999, 0.0], [-80.9758931, 38.367532799999985, 0.0], [-80.9760068, 38.3687615, 0.0], [-80.976072, 38.369388700000016, 0.0], [-80.9760961, 38.369621, 0.0]]}}, {"type": "Feature", "properties": {"osm_id": "1387810472", "name": null, "highway": "unclassified", "waterway": null, "aerialway": null, "barrier": null, "man_made": null, "railway": null, "z_order": 3, "other_tags": null}, "geometry": {"type": "LineString", "coordinates": [[-80.9734061, 38.3588033, 0.0], [-80.9731229, 38.3586724, 0.0], [-80.9727497, 38.3586205, 0.0], [-80.9723104, 38.3585874, 0.0], [-80.9719312, 38.3585072, 0.0], [-80.9720214, 38.3584034, 0.0], [-80.972852, 38.3583939, 0.0], [-80.9735803, 38.3585072, 0.0], [-80.9746396, 38.3583656, 0.0], [-80.9751874, 38.358464699999985, 0.0], [-80.9758073, 38.3584836, 0.0], [-80.9766921, 38.3585969, 0.0]]}}, {"type": "Feature", "properties": {"osm_id": "1390061761", "name": null, "highway": "unclassified", "waterway": null, "aerialway": null, "barrier": null, "man_made": null, "railway": null, "z_order": 3, "other_tags": null}, "geometry": {"type": "LineString", "coordinates": [[-81.04064, 38.3419929, 0.0], [-81.0409903, 38.3410935, 0.0], [-81.0405268, 38.3403126, 0.0], [-81.0395397, 38.3394644, 0.0], [-81.0383724, 38.3381785, 0.0], [-81.0377201, 38.3371081, 0.0], [-81.0380549, 38.3360242, 0.0], [-81.0380034, 38.3350816, 0.0], [-81.037497, 38.3336206, 0.0], [-81.0371193, 38.3327992, 0.0], [-81.0357031, 38.3318567, 0.0], [-81.0349735, 38.3314796, 0.0], [-81.0345873, 38.3313517, 0.0]]}}, {"type": "Feature", "properties": {"osm_id": "1411808217", "name": null, "highway": "service", "waterway": null, "aerialway": null, "barrier": null, "man_made": null, "railway": null, "z_order": 0, "other_tags": "\"service\"=>\"driveway\""}, "geometry": {"type": "LineString", "coordinates": [[-80.9354846, 38.3102658, 0.0], [-80.9356372, 38.3101154, 0.0], [-80.9358444, 38.3099028, 0.0], [-80.9359969, 38.3097478, 0.0], [-80.9361344, 38.3096843, 0.0], [-80.9362928, 38.3096419, 0.0], [-80.9365351, 38.3096295, 0.0], [-80.9368094, 38.30962920000001, 0.0], [-80.9369096, 38.3096543, 0.0], [-80.937233, 38.3097654, 0.0], [-80.9373337, 38.3097708, 0.0], [-80.9374915, 38.3097495, 0.0], [-80.9378005, 38.3099018, 0.0]]}}, {"type": "Feature", "properties": {"osm_id": "1411808218", "name": null, "highway": "service", "waterway": null, "aerialway": null, "barrier": null, "man_made": null, "railway": null, "z_order": 0, "other_tags": "\"service\"=>\"driveway\""}, "geometry": {"type": "LineString", "coordinates": [[-80.9374915, 38.3097495, 0.0], [-80.9373566, 38.3096615, 0.0], [-80.9372726, 38.3095658, 0.0], [-80.9372125, 38.309471, 0.0], [-80.9371664, 38.309441, 0.0], [-80.9370854, 38.3094147, 0.0], [-80.9368786, 38.3093733, 0.0], [-80.9366441, 38.3092973, 0.0], [-80.9365055, 38.3092513, 0.0], [-80.9364407, 38.3092385, 0.0], [-80.9363794, 38.3092397, 0.0], [-80.9362935, 38.3092597, 0.0], [-80.9362115, 38.30930450000001, 0.0]]}}, {"type": "Feature", "properties": {"osm_id": "1411808219", "name": null, "highway": "service", "waterway": null, "aerialway": null, "barrier": null, "man_made": null, "railway": null, "z_order": 0, "other_tags": "\"service\"=>\"driveway\""}, "geometry": {"type": "LineString", "coordinates": [[-80.9389818, 38.30877309999999, 0.0], [-80.9390418, 38.30878, 0.0], [-80.9390822, 38.3088085, 0.0], [-80.939082, 38.3088582, 0.0], [-80.9390543, 38.3090273, 0.0], [-80.9389901, 38.3091053, 0.0], [-80.938901, 38.309142, 0.0], [-80.938774, 38.3091969, 0.0], [-80.9381627, 38.3093816, 0.0], [-80.9380162, 38.30948110000001, 0.0], [-80.9378988, 38.3096185, 0.0], [-80.9378868, 38.309721, 0.0], [-80.9379122, 38.3097914, 0.0], [-80.9379741, 38.3098873, 0.0], [-80.9380064, 38.3099207, 0.0], [-80.9380045, 38.30995, 0.0]]}}, {"type": "Feature", "properties": {"osm_id": "1432385597", "name": null, "highway": "track", "waterway": null, "aerialway": null, "barrier": null, "man_made": null, "railway": null, "z_order": 0, "other_tags": null}, "geometry": {"type": "LineString", "coordinates": [[-81.0347229, 38.28907610000002, 0.0], [-81.0343334, 38.2895211, 0.0], [-81.0339588, 38.2900705, 0.0], [-81.0336531, 38.29038, 0.0], [-81.0331749, 38.2906161, 0.0], [-81.0328841, 38.2907476, 0.0], [-81.0326918, 38.290921699999984, 0.0], [-81.0326228, 38.2911693, 0.0], [-81.0327313, 38.2915756, 0.0], [-81.0327756, 38.2918464, 0.0], [-81.0327263, 38.2921018, 0.0], [-81.0325538, 38.2922991, 0.0], [-81.032258, 38.2924229, 0.0], [-81.0318587, 38.2925429, 0.0], [-81.0315334, 38.2927789, 0.0], [-81.0312721, 38.2930884, 0.0], [-81.0311291, 38.2934676, 0.0], [-81.03109460000002, 38.2938197, 0.0], [-81.0308333, 38.2942994, 0.0], [-81.0307298, 38.2946206, 0.0], [-81.0304143, 38.2948953, 0.0], [-81.0296946, 38.2953711, 0.0], [-81.0289354, 38.2957348, 0.0], [-81.0282946, 38.2959747, 0.0], [-81.0277178, 38.2960559, 0.0], [-81.0269438, 38.2960095, 0.0], [-81.0261994, 38.2958664, 0.0], [-81.0257163, 38.2957619, 0.0], [-81.0251987, 38.2957348, 0.0], [-81.0244198, 38.2957426, 0.0], [-81.0240452, 38.2958199, 0.0], [-81.0235916, 38.2960366, 0.0], [-81.0230494, 38.2963113, 0.0], [-81.0225515, 38.2965086, 0.0], [-81.0220881, 38.2967446, 0.0], [-81.0216395, 38.29688, 0.0], [-81.0213141, 38.296911, 0.0], [-81.0209592, 38.2968413, 0.0], [-81.0203972, 38.2966053, 0.0], [-81.01987960000001, 38.2963306, 0.0], [-81.019081, 38.295765799999984, 0.0], [-81.0184746, 38.2953131, 0.0], [-81.0178289, 38.2949185, 0.0], [-81.0172373, 38.2946902, 0.0], [-81.0165077, 38.2944697, 0.0], [-81.0160246, 38.294287799999985, 0.0], [-81.0156253, 38.294179499999984, 0.0], [-81.0152408, 38.2941563, 0.0], [-81.01467880000001, 38.294195, 0.0], [-81.0139492, 38.2942259, 0.0], [-81.0135795, 38.2941911, 0.0], [-81.0128006, 38.2940286, 0.0], [-81.0122879, 38.2939628, 0.0], [-81.0119083, 38.2939744, 0.0], [-81.0115189, 38.294075, 0.0], [-81.0110151, 38.2943627, 0.0], [-81.0105916, 38.2948706, 0.0], [-81.0100755, 38.2954575, 0.0], [-81.0093731, 38.2960557, 0.0], [-81.0089248, 38.2964017, 0.0], [-81.0085587, 38.29673589999999, 0.0], [-81.0082972, 38.2968825, 0.0], [-81.0066758, 38.2980964, 0.0], [-81.0051047, 38.2990723, 0.0]]}}, {"type": "Feature", "properties": {"osm_id": "1432385598", "name": null, "highway": "track", "waterway": null, "aerialway": null, "barrier": null, "man_made": null, "railway": null, "z_order": 0, "other_tags": null}, "geometry": {"type": "LineString", "coordinates": [[-81.0196138, 38.3173959, 0.0], [-81.01924470000002, 38.3174531, 0.0], [-81.0189142, 38.3174733, 0.0], [-81.0184851, 38.3173757, 0.0], [-81.0181847, 38.3171737, 0.0], [-81.0180173, 38.3168167, 0.0], [-81.0180302, 38.316443, 0.0], [-81.0180259, 38.316113, 0.0], [-81.0179873, 38.3157527, 0.0], [-81.0176869, 38.3150288, 0.0], [-81.0176096, 38.3146988, 0.0], [-81.0176783, 38.3143688, 0.0], [-81.0178542, 38.31401189999998, 0.0], [-81.0180982, 38.313715, 0.0], [-81.0185173, 38.3128409, 0.0], [-81.0189215, 38.3122181, 0.0], [-81.0190891, 38.3117501, 0.0], [-81.0191384, 38.311367099999984, 0.0], [-81.0190349, 38.3107289, 0.0], [-81.019025, 38.310373, 0.0], [-81.019025, 38.3101526, 0.0], [-81.0188525, 38.3096381, 0.0], [-81.0187638, 38.3092165, 0.0], [-81.0185025, 38.3085279, 0.0], [-81.0182757, 38.3081566, 0.0], [-81.0181328, 38.3077929, 0.0], [-81.0178419, 38.307468, 0.0], [-81.017482, 38.307174, 0.0], [-81.017063, 38.3068375, 0.0], [-81.016851, 38.3065241, 0.0], [-81.01664390000002, 38.3061646, 0.0], [-81.0163512, 38.3058635, 0.0], [-81.0158633, 38.3054347, 0.0], [-81.0156097, 38.3050366, 0.0], [-81.0151478, 38.3043526, 0.0], [-81.0150502, 38.3039136, 0.0], [-81.0150893, 38.3027855, 0.0], [-81.0149657, 38.3022954, 0.0], [-81.0147315, 38.3019177, 0.0], [-81.0144453, 38.3015859, 0.0], [-81.0137558, 38.3012184, 0.0], [-81.0135281, 38.3010703, 0.0], [-81.0133655, 38.3008508, 0.0], [-81.0131444, 38.3006722, 0.0], [-81.0125487, 38.3004947, 0.0], [-81.0122349, 38.3003657, 0.0], [-81.0118165, 38.3000842, 0.0], [-81.0115027, 38.2998731, 0.0], [-81.0111515, 38.2996972, 0.0], [-81.0106075, 38.2993909, 0.0], [-81.0103668, 38.2993092, 0.0], [-81.0100026, 38.299253, 0.0], [-81.0095017, 38.2992683, 0.0], [-81.0090268, 38.2994011, 0.0], [-81.008604, 38.2995032, 0.0], [-81.0077909, 38.2995236, 0.0], [-81.0073551, 38.2994879, 0.0], [-81.0068282, 38.2993398, 0.0], [-81.0064314, 38.2991969, 0.0], [-81.0061127, 38.2991101, 0.0], [-81.0057419, 38.2990642, 0.0], [-81.00542330000002, 38.2990529, 0.0], [-81.0051047, 38.2990723, 0.0]]}}, {"type": "Feature", "properties": {"osm_id": "1432385599", "name": null, "highway": "track", "waterway": null, "aerialway": null, "barrier": null, "man_made": null, "railway": null, "z_order": 0, "other_tags": null}, "geometry": {"type": "LineString", "coordinates": [[-81.021395, 38.3234346, 0.0], [-81.021193, 38.3233756, 0.0], [-81.0210557, 38.3233688, 0.0], [-81.0207596, 38.3234463, 0.0], [-81.0202403, 38.3235237, 0.0], [-81.0199871, 38.3235843, 0.0], [-81.0194936, 38.3237123, 0.0], [-81.0190215, 38.3238638, 0.0], [-81.0186825, 38.3240422, 0.0], [-81.0182576, 38.3243351, 0.0], [-81.0179916, 38.3245338, 0.0], [-81.0178585, 38.3245674, 0.0], [-81.0174809, 38.3245775, 0.0], [-81.0172277, 38.3245338, 0.0], [-81.0171461, 38.324453, 0.0], [-81.0171719, 38.3243587, 0.0], [-81.0174079, 38.3240388, 0.0], [-81.0178457, 38.3233789, 0.0], [-81.0180216, 38.322968199999984, 0.0], [-81.0181504, 38.3227325, 0.0], [-81.018189, 38.3225271, 0.0], [-81.0182619, 38.3223386, 0.0], [-81.0184808, 38.3221804, 0.0], [-81.0186954, 38.3220019, 0.0], [-81.018734, 38.3218874, 0.0], [-81.018734, 38.3216652, 0.0], [-81.0185666, 38.3214464, 0.0], [-81.018528, 38.3212814, 0.0], [-81.01854950000002, 38.3209245, 0.0], [-81.018528, 38.3207595, 0.0], [-81.0183521, 38.32040940000001, 0.0], [-81.0183392, 38.32017370000001, 0.0], [-81.0184164, 38.3198909, 0.0], [-81.0184121, 38.3196316, 0.0], [-81.0183177, 38.3192377, 0.0], [-81.0181418, 38.3190828, 0.0], [-81.0179229, 38.318975, 0.0], [-81.0174294, 38.31881340000001, 0.0], [-81.0173264, 38.3186619, 0.0], [-81.017232, 38.3183185, 0.0], [-81.0171118, 38.318103, 0.0], [-81.0169187, 38.3179279, 0.0], [-81.0165968, 38.3178235, 0.0], [-81.0163479, 38.3176956, 0.0], [-81.01612470000002, 38.3173824, 0.0], [-81.016099, 38.317274699999984, 0.0], [-81.0161376, 38.3171871, 0.0], [-81.0163222, 38.3170019, 0.0], [-81.0165539, 38.3167831, 0.0], [-81.016782, 38.3166508, 0.0], [-81.0168978, 38.31649559999999, 0.0], [-81.0169613, 38.3163607, 0.0], [-81.0169688, 38.3161848, 0.0], [-81.0169127, 38.316009, 0.0], [-81.0168642, 38.3158507, 0.0], [-81.0167147, 38.3156162, 0.0], [-81.0164681, 38.3152761, 0.0], [-81.0163822, 38.3151061, 0.0], [-81.0163336, 38.3148511, 0.0], [-81.0163486, 38.3146078, 0.0], [-81.0165578, 38.3142179, 0.0], [-81.0166886, 38.3140743, 0.0], [-81.016838, 38.3139189, 0.0], [-81.0169053, 38.3137694, 0.0], [-81.01698, 38.3135085, 0.0], [-81.0171444, 38.3131949, 0.0], [-81.0174133, 38.312849, 0.0], [-81.0175665, 38.3126731, 0.0], [-81.0177085, 38.3125412, 0.0], [-81.0178953, 38.3124474, 0.0], [-81.0180634, 38.3123682, 0.0], [-81.0182427, 38.3122539, 0.0], [-81.0184071, 38.3121044, 0.0], [-81.0186532, 38.3117539, 0.0], [-81.018758, 38.3115473, 0.0], [-81.0188004, 38.3113473, 0.0], [-81.0187834, 38.3110252, 0.0], [-81.0187438, 38.3107764, 0.0], [-81.01876930000002, 38.3106009, 0.0], [-81.0188231, 38.3105076, 0.0], [-81.019025, 38.310373, 0.0]]}}, {"type": "Feature", "properties": {"osm_id": "1432385600", "name": null, "highway": "service", "waterway": null, "aerialway": null, "barrier": null, "man_made": null, "railway": null, "z_order": 0, "other_tags": "\"service\"=>\"driveway\""}, "geometry": {"type": "LineString", "coordinates": [[-81.0333857, 38.2637576, 0.0], [-81.0337995, 38.2636003, 0.0]]}}, {"type": "Feature", "properties": {"osm_id": "1432385606", "name": null, "highway": "track", "waterway": null, "aerialway": null, "barrier": null, "man_made": null, "railway": null, "z_order": 0, "other_tags": null}, "geometry": {"type": "LineString", "coordinates": [[-81.0541781, 38.2664231, 0.0], [-81.0545134, 38.2663573, 0.0], [-81.0552676, 38.2664618, 0.0], [-81.055593, 38.266516, 0.0], [-81.0558444, 38.266427, 0.0], [-81.0560218, 38.2662528, 0.0], [-81.05615, 38.2660593, 0.0], [-81.056081, 38.2658464, 0.0], [-81.0556423, 38.2655058, 0.0], [-81.0552676, 38.2653007, 0.0], [-81.0550803, 38.2651187, 0.0], [-81.0549373, 38.264782, 0.0], [-81.0547944, 38.2646427, 0.0], [-81.05457740000001, 38.2645575, 0.0], [-81.0542422, 38.2644801, 0.0], [-81.0538922, 38.2642788, 0.0], [-81.0537, 38.2640582, 0.0], [-81.0535915, 38.2637563, 0.0], [-81.0536063, 38.2630944, 0.0], [-81.0537148, 38.262819599999986, 0.0], [-81.0539514, 38.2625796, 0.0], [-81.0541288, 38.26239, 0.0], [-81.0541535, 38.2622506, 0.0], [-81.0540253, 38.2620997, 0.0], [-81.0534288, 38.26191, 0.0], [-81.0530788, 38.2615732, 0.0], [-81.0527929, 38.2609887, 0.0], [-81.052645, 38.2605049, 0.0], [-81.0526499, 38.2601488, 0.0], [-81.0524774, 38.2597307, 0.0], [-81.05230490000001, 38.25940559999999, 0.0], [-81.0523295, 38.2592391, 0.0], [-81.0524565, 38.2591449, 0.0], [-81.0525981, 38.2591137, 0.0], [-81.0528161, 38.259136, 0.0], [-81.0531049, 38.2592227, 0.0], [-81.0532748, 38.2592316, 0.0], [-81.0536258, 38.25916929999999, 0.0], [-81.0545998, 38.2591271, 0.0]]}}, {"type": "Feature", "properties": {"osm_id": "1432385607", "name": null, "highway": "track", "waterway": null, "aerialway": null, "barrier": null, "man_made": null, "railway": null, "z_order": 20, "other_tags": "\"bridge\"=>\"yes\",\"layer\"=>\"1\""}, "geometry": {"type": "LineString", "coordinates": [[-81.0545998, 38.2591271, 0.0], [-81.0548886, 38.2590626, 0.0]]}}, {"type": "Feature", "properties": {"osm_id": "1432385608", "name": null, "highway": "track", "waterway": null, "aerialway": null, "barrier": null, "man_made": null, "railway": null, "z_order": 0, "other_tags": null}, "geometry": {"type": "LineString", "coordinates": [[-81.0548886, 38.2590626, 0.0], [-81.0550264, 38.2589539, 0.0]]}}, {"type": "Feature", "properties": {"osm_id": "1432385625", "name": null, "highway": "track", "waterway": null, "aerialway": null, "barrier": null, "man_made": null, "railway": null, "z_order": 0, "other_tags": null}, "geometry": {"type": "LineString", "coordinates": [[-81.0264512, 38.2839907, 0.0], [-81.026219, 38.2837018, 0.0], [-81.0260944, 38.2835151, 0.0], [-81.0260774, 38.2833528, 0.0], [-81.0260491, 38.2831439, 0.0], [-81.0259868, 38.2829683, 0.0], [-81.0260038, 38.2827839, 0.0], [-81.02595, 38.2824416, 0.0], [-81.0259075, 38.282226, 0.0], [-81.0259472, 38.2821038, 0.0], [-81.0260208, 38.2818104, 0.0], [-81.026018, 38.2816726, 0.0], [-81.0259302, 38.2815415, 0.0], [-81.025899, 38.2814126, 0.0], [-81.0258877, 38.2812948, 0.0], [-81.0257745, 38.2811459, 0.0], [-81.02564140000001, 38.2810547, 0.0], [-81.025497, 38.2809414, 0.0], [-81.0254319, 38.2807369, 0.0], [-81.0254489, 38.2803702, 0.0], [-81.025429, 38.28021240000001, 0.0], [-81.0252875, 38.2799768, 0.0], [-81.0248344, 38.2794545, 0.0], [-81.0245825, 38.2791677, 0.0], [-81.0244494, 38.278901, 0.0], [-81.0243588, 38.2785432, 0.0], [-81.0243701, 38.2783432, 0.0], [-81.0244635, 38.2779564, 0.0], [-81.0244579, 38.277743, 0.0], [-81.024455, 38.2774941, 0.0], [-81.0245088, 38.2773585, 0.0], [-81.0245003, 38.2772029, 0.0], [-81.0245456, 38.2770118, 0.0], [-81.02453430000001, 38.2768673, 0.0], [-81.0244466, 38.2767428, 0.0], [-81.0243135, 38.2764183, 0.0], [-81.0241493, 38.2759249, 0.0], [-81.0240643, 38.2755159, 0.0], [-81.0239511, 38.2751314, 0.0], [-81.0239284, 38.2747157, 0.0], [-81.0238632, 38.2744713, 0.0]]}}, {"type": "Feature", "properties": {"osm_id": "1432385638", "name": null, "highway": "service", "waterway": null, "aerialway": null, "barrier": null, "man_made": null, "railway": null, "z_order": 0, "other_tags": "\"service\"=>\"driveway\",\"surface\"=>\"unpaved\""}, "geometry": {"type": "LineString", "coordinates": [[-81.0449214, 38.2761317, 0.0], [-81.0447691, 38.2758992, 0.0], [-81.0447433, 38.2757257, 0.0], [-81.0447497, 38.2756415, 0.0], [-81.0447905, 38.27555730000001, 0.0], [-81.0448592, 38.2754714, 0.0], [-81.0448613, 38.2753181, 0.0], [-81.0447905, 38.27492560000001, 0.0], [-81.0447905, 38.2745718, 0.0], [-81.0447562, 38.2744185, 0.0], [-81.0446232, 38.2742278, 0.0]]}}, {"type": "Feature", "properties": {"osm_id": "1432385639", "name": null, "highway": "service", "waterway": null, "aerialway": null, "barrier": null, "man_made": null, "railway": null, "z_order": 0, "other_tags": "\"service\"=>\"driveway\""}, "geometry": {"type": "LineString", "coordinates": [[-81.031976, 38.263675, 0.0], [-81.0317788, 38.2634511, 0.0]]}}, {"type": "Feature", "properties": {"osm_id": "1432385640", "name": null, "highway": "service", "waterway": null, "aerialway": null, "barrier": null, "man_made": null, "railway": null, "z_order": 0, "other_tags": "\"service\"=>\"driveway\""}, "geometry": {"type": "LineString", "coordinates": [[-81.0303571, 38.2648856, 0.0], [-81.03029, 38.26479889999999, 0.0]]}}, {"type": "Feature", "properties": {"osm_id": "1432385641", "name": null, "highway": "service", "waterway": null, "aerialway": null, "barrier": null, "man_made": null, "railway": null, "z_order": 0, "other_tags": "\"service\"=>\"driveway\""}, "geometry": {"type": "LineString", "coordinates": [[-81.0302191, 38.2647424, 0.0], [-81.0301685, 38.2647002, 0.0]]}}, {"type": "Feature", "properties": {"osm_id": "1432385642", "name": null, "highway": "service", "waterway": null, "aerialway": null, "barrier": null, "man_made": null, "railway": null, "z_order": 20, "other_tags": "\"bridge\"=>\"yes\",\"layer\"=>\"1\",\"service\"=>\"driveway\""}, "geometry": {"type": "LineString", "coordinates": [[-81.03029, 38.26479889999999, 0.0], [-81.0302191, 38.2647424, 0.0]]}}, {"type": "Feature", "properties": {"osm_id": "1432385643", "name": null, "highway": "service", "waterway": null, "aerialway": null, "barrier": null, "man_made": null, "railway": null, "z_order": 0, "other_tags": "\"service\"=>\"driveway\""}, "geometry": {"type": "LineString", "coordinates": [[-81.0286009, 38.2658953, 0.0], [-81.0286347, 38.265800099999986, 0.0]]}}, {"type": "Feature", "properties": {"osm_id": "1432385644", "name": null, "highway": "service", "waterway": null, "aerialway": null, "barrier": null, "man_made": null, "railway": null, "z_order": 0, "other_tags": "\"service\"=>\"driveway\""}, "geometry": {"type": "LineString", "coordinates": [[-81.0286637, 38.2657253, 0.0], [-81.0286759, 38.2656887, 0.0]]}}, {"type": "Feature", "properties": {"osm_id": "1432385645", "name": null, "highway": "service", "waterway": null, "aerialway": null, "barrier": null, "man_made": null, "railway": null, "z_order": 20, "other_tags": "\"bridge\"=>\"yes\",\"layer\"=>\"1\",\"service\"=>\"driveway\""}, "geometry": {"type": "LineString", "coordinates": [[-81.0286347, 38.265800099999986, 0.0], [-81.0286637, 38.2657253, 0.0]]}}, {"type": "Feature", "properties": {"osm_id": "1432385646", "name": null, "highway": "service", "waterway": null, "aerialway": null, "barrier": null, "man_made": null, "railway": null, "z_order": 0, "other_tags": "\"service\"=>\"driveway\""}, "geometry": {"type": "LineString", "coordinates": [[-81.0258189, 38.2682777, 0.0], [-81.0256714, 38.2681665, 0.0]]}}, {"type": "Feature", "properties": {"osm_id": "1432385647", "name": null, "highway": "service", "waterway": null, "aerialway": null, "barrier": null, "man_made": null, "railway": null, "z_order": 0, "other_tags": "\"service\"=>\"driveway\""}, "geometry": {"type": "LineString", "coordinates": [[-81.0252973, 38.2689409, 0.0], [-81.0251066, 38.26883719999998, 0.0]]}}, {"type": "Feature", "properties": {"osm_id": "1432385648", "name": null, "highway": "service", "waterway": null, "aerialway": null, "barrier": null, "man_made": null, "railway": null, "z_order": 0, "other_tags": "\"service\"=>\"driveway\""}, "geometry": {"type": "LineString", "coordinates": [[-81.0249723, 38.2693222, 0.0], [-81.0247772, 38.2692284, 0.0]]}}, {"type": "Feature", "properties": {"osm_id": "1432385649", "name": null, "highway": "service", "waterway": null, "aerialway": null, "barrier": null, "man_made": null, "railway": null, "z_order": 0, "other_tags": "\"service\"=>\"driveway\""}, "geometry": {"type": "LineString", "coordinates": [[-81.02474290000002, 38.2697497, 0.0], [-81.0243932, 38.2696894, 0.0]]}}, {"type": "Feature", "properties": {"osm_id": "1432385650", "name": null, "highway": "track", "waterway": null, "aerialway": null, "barrier": null, "man_made": null, "railway": null, "z_order": 0, "other_tags": null}, "geometry": {"type": "LineString", "coordinates": [[-81.0266825, 38.2708249, 0.0], [-81.026606, 38.2709027, 0.0], [-81.0264616, 38.2709271, 0.0], [-81.0262323, 38.2708693, 0.0], [-81.0259916, 38.270760400000015, 0.0], [-81.0257085, 38.2707293, 0.0], [-81.025431, 38.2706937, 0.0], [-81.0252526, 38.2707204, 0.0], [-81.0250516, 38.2708227, 0.0], [-81.024811, 38.27111829999998, 0.0], [-81.0246156, 38.2713317, 0.0], [-81.024205, 38.2717452, 0.0], [-81.0240805, 38.271807399999986, 0.0], [-81.0238511, 38.2718674, 0.0], [-81.023635, 38.2718786, 0.0]]}}, {"type": "Feature", "properties": {"osm_id": "1432385659", "name": null, "highway": "service", "waterway": null, "aerialway": null, "barrier": null, "man_made": null, "railway": null, "z_order": 0, "other_tags": "\"service\"=>\"driveway\""}, "geometry": {"type": "LineString", "coordinates": [[-81.03358564193128, 38.258992097658485, 0.0], [-81.0335537, 38.2590506, 0.0], [-81.0334654, 38.2591281, 0.0]]}}, {"type": "Feature", "properties": {"osm_id": "1432385661", "name": null, "highway": "service", "waterway": null, "aerialway": null, "barrier": null, "man_made": null, "railway": null, "z_order": 0, "other_tags": "\"service\"=>\"driveway\""}, "geometry": {"type": "LineString", "coordinates": [[-81.0349465, 38.2589454, 0.0], [-81.0349278, 38.2592212, 0.0], [-81.0348979, 38.25939420000001, 0.0], [-81.034918, 38.25957, 0.0]]}}, {"type": "Feature", "properties": {"osm_id": "1432385662", "name": null, "highway": "service", "waterway": null, "aerialway": null, "barrier": null, "man_made": null, "railway": null, "z_order": 0, "other_tags": "\"service\"=>\"driveway\""}, "geometry": {"type": "LineString", "coordinates": [[-81.0339478, 38.2594268, 0.0], [-81.0340162, 38.2591874, 0.0], [-81.0340144, 38.2591126, 0.0], [-81.0339621, 38.2590715, 0.0], [-81.0338444, 38.2590774, 0.0], [-81.0336747, 38.2591358, 0.0], [-81.0335498, 38.2591972, 0.0]]}}, {"type": "Feature", "properties": {"osm_id": "1432385663", "name": null, "highway": "service", "waterway": null, "aerialway": null, "barrier": null, "man_made": null, "railway": null, "z_order": 0, "other_tags": "\"service\"=>\"driveway\""}, "geometry": {"type": "LineString", "coordinates": [[-81.0337117, 38.2596069, 0.0], [-81.0338091, 38.25936260000001, 0.0]]}}, {"type": "Feature", "properties": {"osm_id": "1432385670", "name": null, "highway": "service", "waterway": null, "aerialway": null, "barrier": null, "man_made": null, "railway": null, "z_order": 20, "other_tags": "\"bridge\"=>\"yes\",\"layer\"=>\"1\",\"tiger:cfcc\"=>\"A41\",\"tiger:county\"=>\"Nicholas, WV\",\"tiger:reviewed\"=>\"no\""}, "geometry": {"type": "LineString", "coordinates": [[-81.0237043, 38.262642, 0.0], [-81.0233292, 38.2626841, 0.0]]}}, {"type": "Feature", "properties": {"osm_id": "1432385680", "name": null, "highway": "service", "waterway": null, "aerialway": null, "barrier": null, "man_made": null, "railway": null, "z_order": 20, "other_tags": "\"bridge\"=>\"yes\",\"layer\"=>\"1\",\"tiger:cfcc\"=>\"A41\",\"tiger:county\"=>\"Nicholas, WV\",\"tiger:reviewed\"=>\"no\""}, "geometry": {"type": "LineString", "coordinates": [[-81.0214997, 38.2651241, 0.0], [-81.0214659, 38.265454, 0.0]]}}, {"type": "Feature", "properties": {"osm_id": "1432385681", "name": null, "highway": "service", "waterway": null, "aerialway": null, "barrier": null, "man_made": null, "railway": null, "z_order": 0, "other_tags": "\"tiger:cfcc\"=>\"A41\",\"tiger:county\"=>\"Nicholas, WV\",\"tiger:reviewed\"=>\"no\""}, "geometry": {"type": "LineString", "coordinates": [[-81.0214659, 38.265454, 0.0], [-81.0215591, 38.26568, 0.0]]}}]}