#{"t_start": 1763749154.972331, "env_id": "None"}
r,l,t
-1064.211,2,0.870146
-1091.0691,2,0.870232
-918.4202,3,0.890766
-994.62195,3,0.89084
-1055.9156,2,0.905647
-1005.2728,4,0.90572
-1783.8121,5,0.920506
-1108.1284,5,0.920569
-844.7438,5,0.920584
-941.06415,6,0.936956
-1085.9081,2,0.956205
-1066.3025,4,0.973572
-2123.2515,8,0.973672
-2212.5464,4,0.987206
-999.99805,4,1.002625
-1031.6904,2,1.0027
-1054.6254,2,1.031177
-2193.5972,12,1.031246
-2517.1997,12,1.031262
-1395.8486,10,1.031271
-2111.3198,13,1.044695
-1297.7672,13,1.044763
-1912.331,6,1.068339
-1176.9805,17,1.103278
-3395.6104,10,1.103348
-2094.599,6,1.121995
-1832.9138,10,1.12205
-2978.0542,18,1.122063
-2968.48,5,1.122071
-2204.0918,8,1.148899
-652.1803,21,1.169232
-1026.4537,4,1.169288
-976.5216,3,1.169302
-1645.4425,10,1.199047
-1010.5809,3,1.215045
-1995.3235,20,1.215117
-1247.388,25,1.227618
-1057.6571,4,1.227717
-569.054,26,1.242407
-1392.8339,6,1.242472
-1171.6199,4,1.267126
-2091.1384,14,1.283722
-1382.5905,6,1.335682
-677.36957,23,1.360377
-1626.01,16,1.360484
-1223.7742,8,1.3605
-1414.4052,22,1.37867
-2113.897,7,1.418333
-1767.3263,12,1.432976
-956.98505,14,1.433043
-1466.7959,4,1.433057
-1314.5588,23,1.488118
-955.2186,41,1.48818
-2219.9707,25,1.528724
-1469.6676,4,1.557205
-1852.9049,13,1.576944
-1103.8175,3,1.577032
-1276.3164,9,1.577049
-1212.896,46,1.577058
-1035.9783,2,1.610941
-946.8823,15,1.629391
-1721.0222,8,1.629483
-918.38025,5,1.650516
-3154.5493,14,1.666296
-984.4068,3,1.681932
475.235,34,1.682001
-3685.1528,47,1.682019
-3076.1548,31,1.682038
313.45422,53,1.696269
-1985.6614,25,1.696325
-47.026123,53,1.696341
-783.11884,50,1.696347
-970.65753,3,1.752749
-1495.2839,4,1.752821
-943.6899,5,1.78697
-1138.7289,7,1.800356
-981.8832,12,1.828211
-1904.9462,9,1.843988
-3325.6191,12,1.844047
-753.7862,39,1.85728
162.53625,64,1.877165
-3366.1018,18,1.87724
-2386.3623,11,1.877256
-1082.8801,29,1.893638
-1144.766,4,1.908303
800.6081,34,1.929679
-2069.3513,12,1.948966
201.3324,57,1.965714
-1376.0769,6,1.965794
-1062.7454,3,1.96581
-1515.381,10,1.965817
-2044.7852,22,1.978123
-1083.2188,5,1.978396
712.24963,25,1.993851
1714.9479,69,2.005314
-1042.5403,3,2.005371
-1089.3074,5,2.016438
-1762.352,13,2.030766
-1905.8647,5,2.030871
-1511.1099,12,2.03089
-1223.6967,11,2.044218
-925.1644,7,2.060249
-1430.7563,18,2.060308
-1018.4744,14,2.094792
-2011.7012,6,2.094886
-915.57416,5,2.114748
1246.182,47,2.11485
-231.9491,43,2.128816
-1608.3254,6,2.128919
-4007.2769,9,2.144107
-2644.91,6,2.157819
-1283.4249,7,2.17695
-1399.5819,4,2.194846
-945.6645,3,2.194912
-2822.5283,6,2.194928
-1609.884,15,2.210611
-1015.34973,2,2.226722
344.91785,41,2.23932
-986.79694,3,2.2394
-1194.6597,17,2.239418
-1802.0363,25,2.268753
-915.068,14,2.268828
-898.9012,39,2.289215
-1005.02893,21,2.289271
-1137.9554,12,2.303851
-669.2283,39,2.303962
-1508.0867,4,2.303981
-1044.7765,5,2.322339
-972.224,5,2.322396
-1080.4535,2,2.322411
-952.1355,3,2.337716
-2039.2422,4,2.337795
-810.06055,67,2.337813
-1853.2279,10,2.33782
-569.66833,38,2.349661
-1276.4095,9,2.365906
-1092.1698,3,2.365975
-647.07764,16,2.383726
-1389.3827,4,2.383847
-1152.9148,3,2.383866
-1646.9393,17,2.383875
-968.83997,4,2.400166
-1588.5575,4,2.400241
-1165.7059,14,2.415939
-1136.0339,6,2.416012
-996.8846,3,2.433248
-614.3741,21,2.433308
-1567.8718,4,2.433339
-1026.4708,26,2.44746
-1686.0059,4,2.44756
-3504.4832,35,2.4788
-1483.2411,3,2.478873
-2098.7554,13,2.509835
-1020.53064,2,2.50995
-868.1387,16,2.522844
-3448.4167,13,2.552527
-1383.9424,8,2.552623
-2086.646,8,2.570307
-1264.8595,7,2.589804
-202.34259,57,2.589893
-474.5797,19,2.617951
-793.2051,19,2.618026
-2123.8342,17,2.655713
-1470.6332,28,2.689097
-1517.0568,4,2.704877
-1288.5499,7,2.72165
-819.2795,17,2.721757
-929.17566,6,2.736563
-905.139,19,2.736676
-994.74146,7,2.736702
-385.68854,43,2.736712
-843.27875,17,2.750937
-1075.0311,2,2.751013
-2738.6865,14,2.766861
-1490.2361,9,2.76693
-3446.5369,13,2.766947
-2030.7395,11,2.766965
-1043.019,2,2.798135
-1073.2046,4,2.798203
-1155.7366,6,2.812655
-834.60645,6,2.837038
978.4644,52,2.851866
-1578.2081,5,2.851939
-1780.6816,12,2.865907
-823.9469,25,2.865966
-1035.1814,2,2.885082
-3070.9885,11,2.911969
-863.0824,7,2.938566
-1155.1117,5,2.938639
-49.549377,34,2.953549
-942.2209,5,2.953611
-1388.5999,13,2.964666
-2018.4388,12,2.978331
-2776.5408,17,2.995672
-1573.2731,29,2.995759
-1533.51,7,3.019681
363.10046,53,3.03443
-2023.1737,11,3.034764
-1623.4946,10,3.089176
-1298.2491,17,3.103695
-168.9137,22,3.103788
-2232.68,20,3.103825
-2490.3936,7,3.118042
-1595.5056,9,3.118138
-2199.8198,29,3.139278
-1839.0918,11,3.139353
-2021.9592,13,3.151
-1032.8077,4,3.164656
-3370.9443,48,3.164742
-1663.1455,10,3.178023
-1100.5597,3,3.178096
-2004.5746,5,3.194926
345.36084,53,3.194992
-2595.274,17,3.195006
-1031.6647,5,3.209743
-932.5748,4,3.229878
-1483.303,4,3.229933
-1020.8031,2,3.229946
-1483.0104,7,3.264421
-2254.1895,33,3.264546
-968.9149,2,3.264565
66.15997,31,3.294279
-1011.3214,6,3.294365
-1115.9197,18,3.313018
-1841.2898,12,3.313085
-1161.5383,4,3.331087
-1521.3699,57,3.331173
-1388.9882,9,3.3312
-989.97,2,3.343452
349.50275,26,3.361604
-1066.1439,4,3.377189
-1271.4167,7,3.377263
-4017.2036,27,3.422912
-3521.4404,20,3.42297
-1087.3334,3,3.422985
-1247.6473,16,3.458324
-1067.6698,24,3.458379
-2447.066,31,3.472786
-1255.6989,47,3.472856
-2595.5083,51,3.487233
-3360.6167,67,3.487294
-2996.086,6,3.50729
-1882.4163,15,3.522561
-213.65582,18,3.542938
-987.78015,4,3.543001
-997.53705,4,3.555704
-494.22174,23,3.555782
-923.20245,7,3.568259
-991.60614,16,3.56833
-3552.7136,64,3.582593
-1584.4818,32,3.596985
-1225.2672,25,3.608114
-1854.2933,26,3.619163
-1039.2904,7,3.635412
-974.1468,6,3.635485
-1041.4105,2,3.651291
-754.8437,12,3.65136
-2589.5308,10,3.667875
-841.01996,17,3.667949
-1134.5148,6,3.682119
-2790.3403,13,3.702296
-1083.0021,14,3.702356
-1024.1953,4,3.702372
-1497.4084,7,3.714604
-1033.3496,2,3.73325
-2410.275,30,3.747714
-1519.9288,5,3.747818
-2886.89,8,3.775712
-1106.6727,6,3.775754
-1473.3956,5,3.775764
-1060.7294,2,3.81505
-2203.9648,17,3.815153
-2279.9446,16,3.815181
-2337.44,27,3.833846
-1812.1707,6,3.855239
-2201.0913,10,3.871383
-1657.7172,19,3.871492
-260.60742,34,3.871524
-561.9572,45,3.885688
-1417.8705,4,3.885771
-1007.737,2,3.898558
-1925.2622,17,3.912921
-96.38788,22,3.933905
-1545.768,7,3.933985
-1974.2542,8,4.001466
-775.26355,36,4.035776
-1357.7898,32,4.061696
-832.92194,25,4.08349
-2119.8994,10,4.084132
-31.778442,44,4.084182
-1482.0004,10,4.09798
-1055.141,2,4.113017
-1550.5801,5,4.130165
-757.8635,24,4.145915
-1392.5071,15,4.145997
-763.343,18,4.163625
1127.0876,50,4.163686
-1142.6526,26,4.163701
553.7109,27,4.20621
-1310.4724,5,4.206268
653.10345,55,4.206282
-1384.5736,55,4.206289
-2286.709,8,4.206295
-4395.81,21,4.221698
-1463.1897,5,4.221779
-1043.3456,2,4.236154
-1080.5485,2,4.236214
-1101.5061,24,4.277411
-1043.2032,3,4.277493
-850.65436,5,4.297018
-1203.201,6,4.297379
-1619.9573,7,4.31597
-1415.9451,7,4.331792
-972.7792,2,4.331861
-2752.588,12,4.331876
-1192.4767,3,4.353251
-1273.5675,18,4.379291
-1752.3241,27,4.379344
-1128.0356,3,4.379357
-1295.2017,21,4.395403
-1355.877,19,4.410452
-1025.831,2,4.410513
-945.62573,6,4.425906
-2491.8188,17,4.42597
-942.20465,6,4.485228
-1819.4756,22,4.501174
-1148.628,5,4.501237
-1915.3148,11,4.518809
722.947,46,4.535343
-3265.014,22,4.550287
-626.6333,31,4.569489
-2585.2183,13,4.594345
-1563.5131,11,4.594406
-1143.6846,19,4.594422
-1100.9675,3,4.634327
-1548.7728,6,4.65245
109.972534,41,4.665628
-935.2448,6,4.678837
-1049.176,54,4.695018
-1025.1377,2,4.71249
-1774.7032,58,4.726089
-3862.1865,67,4.763154
-1470.3995,7,4.763213
-1103.8899,3,4.763228
-946.0504,30,4.763235
-2857.542,22,4.782089
-1019.19855,4,4.798156
-2206.5815,18,4.833288
-773.7008,20,4.846876
-1068.5165,62,4.846945
-2077.6582,10,4.866458
-1021.7928,6,4.866552
-1118.6017,31,4.885151
510.5595,19,4.885244
-1171.4727,7,4.885266
-1599.4037,5,4.885273
-964.8206,3,4.909463
-997.8829,2,4.925879
-1341.7772,20,4.92596
-1444.9641,3,4.93834
-1370.2268,19,4.94985
-1319.2324,27,4.949924
-1002.3156,3,4.964121
-2944.583,13,4.979511
-1603.5197,12,4.979605
960.13446,52,4.998462
-992.1283,8,4.998554
-2130.2856,5,5.01242
-2681.1162,43,5.026589
-1802.8823,13,5.042592
-1071.9056,5,5.059275
33.293823,46,5.059334
-1743.8613,11,5.059349
-2133.752,7,5.074105
-2587.497,5,5.07416
22.479736,38,5.103477
-2250.4927,6,5.134165
-1021.5584,2,5.134227
-71.31372,45,5.134243
-1794.5265,18,5.134248
-2280.13,11,5.15111
-1586.9724,9,5.16617
942.2173,41,5.166262
-1446.7894,3,5.185615
-1195.9703,7,5.185687
715.12427,61,5.221621
-752.27716,24,5.259059
-1880.6368,8,5.273554
-1717.0947,13,5.273625
-2278.2588,7,5.30174
-1539.6067,25,5.318177
-1120.8407,3,5.318244
-787.1765,6,5.358969
-2368.9019,9,5.359053
-733.75946,29,5.35907
-952.74384,4,5.373181
-1872.4014,44,5.373238
-1346.1216,13,5.373251
-632.24225,28,5.387688
-1466.3309,15,5.387767
-952.6011,22,5.405879
-1135.981,3,5.405942
-576.806,17,5.405955
-1468.6499,3,5.405961
-1995.8312,8,5.424393
-2781.869,92,5.424459
-2643.88,13,5.453236
-966.227,6,5.453288
-1680.7651,5,5.482127
-1581.8428,5,5.482185
-16.022217,32,5.503067
-977.7091,27,5.503157
-1071.5634,2,5.52313
-1466.894,6,5.548492
-1167.3105,10,5.610592
-988.15894,7,5.610694
-1551.0613,12,5.610712
-517.4124,54,5.627779
-584.58203,47,5.627852
-2643.157,16,5.639591
-1038.9728,2,5.639663
-1010.2824,2,5.654371
-409.6385,20,5.684934
101.259705,47,5.685025
-1789.6208,18,5.702095
-1771.9343,6,5.715926
-3143.2053,16,5.730301
-1013.73193,3,5.744822
-570.94464,26,5.783927
-2138.8467,7,5.799183
-1305.7605,6,5.811304
-1745.8217,11,5.834529
-695.52234,42,5.848762
-1461.8474,6,5.848832
-1368.5446,30,5.8806
-759.3484,31,5.904205
-2269.022,5,5.904279
-1460.8176,3,5.904295
-1395.9092,4,5.918878
-2178.46,8,5.956198
-2224.3706,58,5.973396
6395.58,62,5.988503
-1349.3793,7,6.001821
25.431396,29,6.001946
809.7009,39,6.104227
-1904.0897,7,6.104295
-1817.2528,48,6.13818
-112.16742,35,6.153104
-1078.8197,4,6.166455
-1356.0271,15,6.196134
576.5276,37,6.21284
58.624756,46,6.229378
745.37585,70,6.261903
714.6918,73,6.276941
-1442.5226,38,6.277008
-932.68304,4,6.293091
-1028.1409,2,6.30728
-1070.2329,2,6.307374
-2022.5464,35,6.344625
-1047.7158,2,6.344692
-1922.5347,9,6.344709
-1501.2959,4,6.366915
-590.2109,23,6.366975
-4761.7896,27,6.381834
-1493.7134,10,6.381917
65.05481,68,6.381938
-1628.6228,8,6.40367
-1422.3887,3,6.403756
-926.56836,66,6.421952
-913.2415,7,6.435478
-1031.5804,4,6.435548
-1164.9327,51,6.45415
-1040.786,2,6.478863
-652.2323,38,6.514467
-2998.8784,47,6.534824
-1411.7184,10,6.551249
-1078.4209,7,6.551327
-1376.8456,8,6.56944
-717.931,24,6.56954
-1158.8417,8,6.636959
-2229.3557,33,6.637045
-1716.1094,42,6.661972
-2028.8098,12,6.675755
-2917.204,21,6.689391
-2322.9888,52,6.703362
-3343.6506,18,6.703434
-1488.0365,10,6.718946
-2003.709,23,6.719029
-732.3952,14,6.766128
-213.33826,55,6.766205
-555.80237,24,6.779753
953.59595,56,6.779829
-1035.9353,2,6.794261
-903.67505,67,6.794339
-1043.3983,2,6.811081
-2395.3708,12,6.835842
-1604.606,4,6.835915
-2980.4177,81,6.87985
-1266.025,12,6.879934
-1251.5278,3,6.879953
-226.92303,35,6.912353
-3101.3682,34,6.912694
-2386.9375,26,6.928515
-1176.4082,10,6.961847
-989.4324,6,6.975008
-1004.7599,6,6.975122
-1014.01636,24,7.004817
-588.87695,39,7.004875
-643.4598,30,7.022457
-2422.6133,23,7.022752
-2476.025,15,7.022799
-424.68237,56,7.02281
-1245.9482,7,7.035261
-866.4154,6,7.051739
-1402.0198,9,7.051829
-1046.3959,3,7.063641
-1419.3225,4,7.079728
22.75415,26,7.079819
-1499.4285,5,7.079839
-918.79486,24,7.079846
201.39856,46,7.092736
-189.07922,37,7.106399
-1124.6844,4,7.106469
-1719.6777,9,7.106487
-1697.2056,32,7.121766
-909.5497,14,7.121819
-1187.9963,19,7.12183
-1677.5555,27,7.121838
-1032.4958,4,7.136433
-1453.1549,26,7.153732
-234.3294,25,7.165597
-926.3368,31,7.165735
-2618.81,13,7.192871
-1364.5645,7,7.208955
-1451.6738,6,7.20901
-2104.6091,5,7.209024
-1005.0466,14,7.222876
-981.6659,16,7.292007
-1081.4314,29,7.304
-1859.0757,15,7.340497
-941.5807,18,7.356173
-3043.9536,26,7.356276
-1925.3079,12,7.381392
-1558.7985,4,7.397515
-251.61786,22,7.397622
-954.92175,5,7.428628
2790.2656,84,7.445094
3.5786743,24,7.575545
-1154.8613,6,7.600054
-1069.1306,5,7.600137
-2212.97,24,7.600154
-1992.9136,3,7.616722
10.701416,32,7.616813
-1100.5967,3,7.638153
-1044.99,2,7.638216
-677.7301,21,7.638232
-883.463,24,7.652292
-1062.898,2,7.665898
-1472.3218,27,7.683629
-1068.6115,30,7.683723
-899.94525,4,7.700001
-316.20703,28,7.729147
-324.59424,37,7.729255
-973.8506,26,7.755717
-1028.8218,2,7.771651
-3334.5725,36,7.771742
-1618.1371,26,7.771751
73.187744,18,7.791921
-1723.1006,9,7.792014
-1658.2378,9,7.821997
-1030.835,3,7.822103
-1459.2458,25,7.855976
-882.9695,5,7.869288
-1055.7349,3,7.869398
-2730.8877,40,7.887059
-1929.6306,35,7.90202
-929.35925,12,7.902102
-1352.2957,10,7.902122
-397.3482,18,7.91517
-1548.9109,4,7.939255
-1000.871,2,7.939326
-2939.3413,14,7.974986
-2421.7732,14,7.99054
-739.25964,27,8.014352
-1560.554,14,8.041752
-1994.7246,21,8.060061
-1405.8307,24,8.073083
-1568.8528,9,8.073153
-1288.3103,27,8.088012
315.74237,25,8.10636
-978.9671,13,8.10645
-1337.9451,29,8.106468
-798.7177,22,8.143234
-1430.4443,9,8.143303
-3424.5354,15,8.143322
-895.04205,15,8.170222
-1056.9431,6,8.170282
-1579.863,7,8.184536
-1012.92303,2,8.198785
887.6493,29,8.22379
-974.71564,3,8.223858
-1504.1622,7,8.240453
-1432.1868,23,8.240545
-950.02625,45,8.25449
-1057.8695,3,8.290261
-1568.0367,12,8.3052
-1401.6869,5,8.30528
-3014.3008,22,8.339904
-1594.4067,22,8.372972
271.41974,26,8.373242
-2660.9473,18,8.373267
-1540.6741,12,8.373272
648.8552,36,8.420758
-668.7512,7,8.420838
-1064.1082,5,8.451232
-4089.7139,53,8.451303
-2506.602,21,8.45132
3.7009277,84,8.478501
-1751.8114,7,8.478884
-1019.6956,4,8.478911
-516.6939,18,8.495032
-1786.976,9,8.513076
-362.67987,30,8.562096
-783.51135,16,8.562159
-646.60284,4,8.562171
-256.30554,33,8.562179
-1462.1235,4,8.614325
-1055.6013,6,8.61439
-2574.2104,9,8.65428
-1423.3423,4,8.740384
-1079.918,3,8.740488
-369.10535,22,8.789169
-2563.2803,17,8.927691
133.26233,29,8.927828
-617.46454,82,9.05779
-1029.1865,2,9.059487
-2519.688,9,9.114136
-459.74847,18,9.114202
978.0759,26,9.143995
-1131.9358,5,9.309023
-1676.9111,102,9.309351
-1905.6793,21,9.372712
-1082.1411,5,9.421979
-886.3175,50,9.530232
-1351.6973,9,9.572579
-1947.8093,16,9.57268
-1536.8104,6,9.603102
-1732.8972,26,9.603173
2544.0842,68,9.655209
-1495.1663,22,9.655355
-1099.5316,3,9.760218
-1399.5851,14,9.760369
-1115.438,5,9.790718
-3664.3364,67,9.790882
-3360.7065,11,9.815282
-1603.4058,10,9.863026
-1332.8545,7,9.863087
-1280.3137,8,9.863101
-1105.226,3,9.897897
-904.8301,24,9.897992
-1099.188,3,9.931306
-1434.9811,3,9.950726
-964.9695,2,9.97243
101.59619,26,9.972516
-2189.0105,20,9.972538
1078.4259,62,9.986728
-1066.8862,7,10.021987
-1326.7474,6,10.022141
-1524.6533,5,10.041822
-1602.8253,48,10.057572
-2288.7583,44,10.06974
-2107.44,7,10.085514
-1867.4985,17,10.085653
-2676.6074,14,10.085675
-1047.2505,2,10.085682
-927.14325,5,10.112418
-1358.3765,12,10.112501
-981.8887,2,10.127595
686.45874,41,10.158698
-1731.1453,11,10.175614
-275.52673,17,10.175713
-618.6782,5,10.192241
-1311.7714,8,10.192322
-1158.0707,5,10.192339
-111.95776,44,10.213647
-578.4905,28,10.213853
-1095.5955,2,10.242873
-1364.1028,22,10.242928
-1146.6478,9,10.261473
-1342.1907,6,10.261546
-3920.0737,41,10.286832
-1089.7955,6,10.3016
-1571.4023,4,10.301728
-1540.7502,8,10.314517
-969.2999,13,10.326647
-1395.9414,7,10.352988
-1596.1631,3,10.370398
-2839.8506,17,10.37049
-1298.0718,12,10.37052
-1659.6115,11,10.370527
-772.8007,53,10.370533
-2118.1633,12,10.370539
-2353.9912,16,10.383779
-335.96545,24,10.407607
-2469.9893,37,10.464028
-1166.6929,3,10.464108
-1059.3335,37,10.464138
-1641.4307,6,10.48342
-1481.8594,13,10.483514
-927.7555,5,10.483538
-1731.7233,7,10.50945
-4259.3994,33,10.509578
-2335.338,8,10.536607
-2120.8613,10,10.553895
-1062.6337,9,10.55398
-1457.218,23,10.681715
-876.90356,6,10.681849
-1048.7748,2,10.730559
-1033.7842,29,10.752363
-1413.9648,8,10.768562
-1697.9434,20,10.768644
-2364.4517,17,10.784659
-2455.037,41,10.798842
-1011.2012,4,10.828324
-1510.1208,11,10.828395
-579.6333,25,10.828413
-876.2153,6,10.844246
-1399.9858,7,10.844324
-1497.9756,18,10.872487
-1293.1353,17,10.891702
-1609.2377,19,10.891768
-1422.1714,26,10.891786
-954.7975,5,10.906109
-235.41724,26,10.918358
-994.62177,3,10.931343
-2496.1538,9,10.958702
-1703.3578,9,10.958778
-730.77747,36,10.958796
-3326.1274,35,10.985803
-1026.5275,2,10.985896
-1006.7399,5,10.996286
-888.41547,28,11.010682
38.395874,24,11.010765
-1064.2463,3,11.039983
-1864.5435,11,11.040066
-1643.1438,14,11.040082
834.6558,30,11.053045
-983.3075,9,11.080563
-1376.9458,7,11.08088
-1785.5116,26,11.080932
-2140.9258,16,11.108202
-1569.5428,120,11.108261
-1050.6865,8,11.124578
-1578.395,7,11.136736
-933.0909,6,11.163697
-991.2886,4,11.163765
-336.4527,38,11.163781
-1531.9303,7,11.177311
-2014.144,4,11.192133
-2636.2979,26,11.20635
-843.71387,31,11.206466
-876.38513,23,11.221883
-2629.4905,8,11.237412
276.37048,127,11.279324
-1062.7716,14,11.295103
-1539.0511,8,11.295152
-1491.998,4,11.314462
-1853.3611,6,11.314557
-2920.3691,20,11.314575
-1737.2278,5,11.31458
-2167.7769,28,11.329242
-1192.951,75,11.345236
-1410.5779,15,11.345309
-977.6333,9,11.36018
-1042.9226,2,11.38786
-1866.9773,7,11.414778
-2059.1748,7,11.429999
-957.0957,5,11.430088
-958.4239,17,11.444019
-1177.8915,7,11.457908
-993.97516,26,11.457973
-2011.7009,18,11.474463
-1492.53,5,11.489627
-965.96857,2,11.489719
-1065.5132,2,11.489735
-2105.4094,41,11.48974
-1056.8806,5,11.510939
906.47375,58,11.511018
-1362.1592,6,11.52558
-1467.2622,3,11.541848
-1311.8408,5,11.558786
-779.659,5,11.575998
-468.80902,52,11.576057
-1007.50867,5,11.576073
-1637.0336,8,11.576081
-1453.7474,3,11.625151
-157.4997,21,11.639133
-1880.6266,44,11.667782
-1070.2919,8,11.667872
-808.8729,18,11.682297
-4340.3105,47,11.682372
-1014.2315,2,11.695872
-1069.6575,2,11.70967
-1318.0173,12,11.709737
-2056.794,26,11.722793
-180.84131,29,11.746823
-1829.1775,5,11.746907
-1071.3756,12,11.804974
-2597.3096,5,11.827024
-599.42004,40,11.841887
-2543.5747,23,11.877322
-1653.5156,16,11.891688
-2012.0464,15,11.919374
-699.5056,73,11.91946
-1424.4712,3,11.935833
-1902.6072,24,11.94943
-76.26019,24,11.949496
-1036.2422,2,11.980688
-1277.1178,18,11.980758
-1036.5929,10,11.99387
-4497.1904,43,11.993926
-1933.415,5,11.993942
-1074.2463,2,12.007811
872.26196,30,12.02257
-4032.901,35,12.046313
-2458.2842,34,12.046377
-1013.1708,11,12.046393
-1081.0249,3,12.046398
390.50195,65,12.060038
-1744.576,17,12.086724
-902.1116,6,12.099537
-672.9354,5,12.11156
-1280.5979,9,12.126042
-1119.8495,6,12.141302
-942.52637,5,12.154913
-1292.4746,53,12.155016
-995.47205,31,12.19108
-1250.9133,6,12.191149
-1419.8484,11,12.208067
-1891.2292,57,12.208205
-1414.3955,17,12.208552
-3111.558,13,12.238479
-976.76904,68,12.23856
-1583.0562,33,12.25655
-98.93402,78,12.256653
-2503.883,35,12.267735
-1496.3235,4,12.304852
-1739.7303,7,12.30496
-2546.5059,13,12.366163
-612.88617,26,12.399524
-853.5773,7,12.41933
-1292.7124,11,12.419449
-1768.6669,29,12.437335
-1268.6808,19,12.473812
-521.79517,16,12.473893
-2007.1996,13,12.47391
-1918.9584,4,12.535432
-2554.396,20,12.535513
-2056.4492,15,12.547134
-1230.5804,12,12.561773
-490.857,18,12.561853
-2678.4521,63,12.56187
-1428.1644,22,12.561877
-562.2565,28,12.574007
2182.4395,53,12.646455
-1529.271,15,12.662891
-2556.5518,7,12.682041
-1730.115,47,12.682118
-1452.5481,17,12.700089
-977.1909,14,12.700166
-3221.8843,31,12.700183
-896.81494,13,12.785359
-1522.323,5,12.877005
-1543.177,33,12.909704
-990.7697,2,12.952079
3424.2666,69,12.952252
-1076.3645,2,12.991002
-797.668,8,12.99108
-1069.5027,9,12.991097
-1401.729,9,12.991105
-3219.745,18,13.07788
-1384.942,4,13.138776
927.6445,53,13.138863
-1475.9231,5,13.138881
-536.47363,20,13.171289
-910.18274,5,13.171377
225.22272,63,13.186324
-1027.6011,2,13.186394
-1875.3461,7,13.18641
-1014.3138,2,13.200502
-808.0372,17,13.200593
205.1222,52,13.246482
-1022.3264,32,13.246547
-464.79053,54,13.246564
-1478.5149,19,13.259136
-1214.6616,62,13.278055
-994.405,2,13.278115
-1029.7,2,13.27813
-954.4575,6,13.278137
-2214.7244,13,13.292293
-3051.5222,39,13.292346
-2085.197,25,13.308973
-351.60895,30,13.309049
125.98584,31,13.329181
-1492.8025,3,13.329283
-1733.1565,6,13.346944
-1028.4841,2,13.347034
-1233.0723,10,13.347052
-1991.8198,5,13.364148
-1030.0223,3,13.36424
-2323.6355,14,13.376572
-1398.3264,4,13.389422
-3333.5166,12,13.389499
-1706.971,14,13.403494
-1144.7576,3,13.403571
-1317.811,4,13.403588
-1024.476,6,13.416078
-1975.6897,7,13.451756
-1432.5137,12,13.451825
126.69141,47,13.45184
-867.09796,4,13.470454
-1098.0408,3,13.516769
-1549.2559,8,13.531796
-409.80353,27,13.531893
-2100.9822,23,13.531921
-273.41003,44,13.531934
-1143.9625,14,13.531941
-941.5637,16,13.552215
-1034.6011,2,13.55228
-2878.5684,21,13.552294
-941.7271,3,13.604328
-1447.2402,4,13.626227
-1633.7661,8,13.66845
-2509.3838,13,13.668565
376.77222,20,13.668596
-1563.5353,4,13.668604
-1009.26416,28,13.693249
-1330.6572,6,13.718925
-1916.968,9,13.78022
-690.75574,23,13.780324
-991.8639,3,13.780642
-1027.0311,3,13.79644
-2469.2246,6,13.815971
-1840.6313,15,13.816039
-1191.2188,6,13.816055
-1090.7914,2,13.816062
-1453.7571,11,13.816067
-1458.3628,4,13.849588
-2081.3003,19,13.84968
-2151.935,17,13.849699
-1820.8044,46,13.864115
-1009.1188,4,13.896015
-2549.0542,23,13.92193
-977.17596,5,13.922006
-1393.2395,6,13.938251
-1073.5486,2,13.964337
-742.3479,17,13.964423
2180.0718,64,13.976985
-2402.6724,14,13.977054
-1919.18,8,14.017348
-1172.2769,8,14.017436
-1078.379,4,14.017462
-1784.0298,4,14.040647
-2746.367,19,14.077954
-1050.9436,4,14.101776
-1801.9365,39,14.146394
-1141.3035,6,14.190825
-1531.9061,4,14.203255
-2209.309,13,14.23637
1794.7827,47,14.287635
-2193.763,23,14.318811
-1092.1272,31,14.335936
-338.70227,29,14.336
-2709.207,22,14.353466
-808.59436,39,14.375314
-1078.6311,3,14.390196
-1325.0571,33,14.403261
-1057.4087,4,14.403332
-1049.53,5,14.403348
-1114.3241,3,14.420284
-2174.7676,8,14.420401
-888.12494,24,14.436755
-1500.1396,55,14.465436
-1124.616,3,14.465523
-2601.1846,5,14.503491
-1153.3125,9,14.503598
-1347.66,21,14.558887
-2261.2812,8,14.578537
-2219.4517,22,14.614288
-1703.1001,6,14.614585
-1218.6941,42,14.614616
-327.87982,66,14.631043
-1492.9093,8,14.647511
-1046.8928,2,14.647654
-1741.4272,11,14.66424
-620.6749,46,14.664341
-571.841,86,14.715199
-962.4238,2,14.715554
-2527.9507,6,14.755117
-48.99695,59,14.755188
-1063.1559,2,14.755206
-1897.0056,7,14.755213
-1003.25555,6,14.771595
-658.58026,54,14.77169
-1689.4924,46,14.771727
-2184.4487,12,14.788616
-1874.5245,5,14.804322
-1374.7234,51,14.804415
-1684.4753,8,14.822613
-948.8848,3,14.837406
787.70667,68,14.837489
-2177.4028,7,14.872171
-992.73883,2,14.872256
-572.9346,26,14.872285
-1197.3069,7,14.890179
-1020.95233,3,14.890253
-1072.0332,5,14.903982
-2461.6555,51,14.904063
-1074.984,2,14.942896
-857.2433,5,14.958242
-1023.35785,33,14.975109
-1214.0312,6,14.9902
-1595.3474,4,15.004636
-1038.3895,2,15.018159
-2308.1978,60,15.018228
-1255.0913,3,15.018251
313.60352,49,15.033778
-3349.629,11,15.051354
-1085.5266,19,15.074164
-2229.705,12,15.074258
-1090.7666,3,15.088138
-2535.4268,40,15.105218
586.0747,37,15.119568
-883.14325,27,15.119674
-1147.0206,7,15.139044
-1462.8732,4,15.166502
-1896.6422,15,15.166597
-634.0379,32,15.183505
-1440.0237,23,15.198325
-1710.1729,26,15.215066
288.59082,19,15.215161
-1844.7885,15,15.215179
167.00574,37,15.235011
-1393.6161,10,15.23509
-2774.15,14,15.251777
-961.5924,3,15.251867
-1915.0756,8,15.293804
-1255.67,9,15.293906
-1661.4672,4,15.332255
-1774.2587,5,15.35333
-1222.4017,10,15.353414
-1325.6533,9,15.396202
-679.58093,17,15.396309
-1007.2144,2,15.428964
-1526.157,22,15.429049
-1658.2034,12,15.468875
-1622.8256,9,15.468943
-1798.823,21,15.469018
-1075.3944,2,15.469026
-2104.0288,13,15.469031
-942.75287,14,15.50273
-1917.0066,6,15.502814
-1238.8448,19,15.525572
-421.8827,28,15.541473
699.8723,63,15.541584
-2683.1045,45,15.556978
-1175.198,5,15.557078
-2251.1218,12,15.557098
-1132.1562,4,15.570391
-1999.9131,13,15.59025
-1681.3191,44,15.590327
-3466.5967,22,15.590347
-1072.1066,4,15.606462
-1119.5321,5,15.623759
-3221.9744,50,15.638294
-2519.479,50,15.65936
-1508.6655,12,15.677844
-778.7403,5,15.677968
-2006.9246,10,15.693214
726.0091,92,15.693276
-1142.7317,7,15.693289
-1834.62,10,15.72029
-1118.0657,8,15.720387
-1177.1464,23,15.75934
-956.1254,17,15.759405
-2234.2734,20,15.775737
-1406.1013,7,15.826646
-4544.152,33,15.826779
-778.8449,7,15.873053
-1500.523,8,16.006147
-1067.8734,24,16.024146
-1467.8174,20,16.041576
-948.8268,4,16.058397
-1955.2485,6,16.058495
-1074.5123,47,16.094629
-1947.3945,28,16.094728
-858.84656,8,16.094747
1680.5938,48,16.132555
-1495.0573,13,16.132654
-1453.1538,6,16.146645
-1942.4595,26,16.183044
-886.4972,5,16.183109
-955.54846,16,16.183128
-1586.1005,21,16.197332
-1188.2567,8,16.228052
-126.25098,33,16.263523
-2360.123,28,16.263615
-1268.9059,7,16.296576
-2280.7578,13,16.31442
-806.47784,11,16.314512
-787.08655,29,16.314529
-2538.809,34,16.344894
-2017.9758,10,16.397488
-1072.3684,5,16.397915
781.6344,46,16.426543
264.59692,41,16.441561
-1387.6853,5,16.489881
-543.62085,21,16.579128
-99.137024,32,16.597408
-1455.7455,12,16.59751
-2037.0044,23,16.611194
-3054.2449,33,16.634231
-1017.5129,2,16.649265
-5425.72,47,16.649328
-992.11615,7,16.649344
80.260254,20,16.64935
-1045.2113,2,16.683839
-2644.0015,12,16.702204
-1385.7517,21,16.702304
-1167.1245,4,16.702327
-1468.9133,4,16.719739
-3161.3174,7,16.719863
-813.8842,25,16.748763
-980.0252,2,16.765441
-206.24792,38,16.765543
-1060.1454,34,16.782104
-1067.9458,2,16.795363
-442.88513,37,16.813
-1070.531,2,16.813111
-584.13947,56,16.829589
-162.21606,22,16.82971
-502.10028,27,16.82973
-1837.239,11,16.848088
-1904.8472,4,16.880207
-1479.3586,4,16.897109
-1746.4553,5,16.897216
-2914.9248,31,16.897241
-1537.0547,4,16.89725
-2103.872,9,16.921574
-1668.616,12,16.936593
-710.6532,48,16.936695
-1366.9647,3,16.952116
1491.4755,58,16.964159
-976.9251,4,16.994522
-969.3185,13,17.016162
581.24756,90,17.052553
-1522.3564,10,17.143703
-3670.0708,25,17.143783
-1982.471,21,17.165561
-1069.9017,2,17.180992
-1684.0781,14,17.181086
-1370.0205,10,17.232875
-1921.8271,5,17.253017
-2812.1,28,17.253092
-1464.0941,4,17.253111
-773.2945,56,17.2807
-4033.0442,11,17.280828
-1083.8483,2,17.300204
-1691.7227,17,17.300313
-1011.98126,3,17.30033
-979.8685,4,17.330604
-1446.8037,3,17.349673
-1584.8783,11,17.349734
-703.7008,5,17.382163
-1599.1995,83,17.485679
-2252.0505,24,17.486037
-3339.272,18,17.663576
-1528.5437,4,17.663934
154.34875,52,17.748533
-2939.7468,6,17.788232
-1231.3815,4,17.820122
-1580.125,8,17.820201
-1231.3036,35,17.820225
-1133.874,4,17.851243
-1996.4988,13,17.866305
-911.51526,22,17.866641
-1640.8049,32,17.883096
-2010.2429,33,17.883168
-1131.5105,4,17.883186
-1701.8657,5,17.900954
-2414.552,49,17.916177
-1474.076,3,17.933575
301.12378,43,17.933652
-1003.09344,3,17.93367
-1383.185,23,17.960364
-1897.7871,14,17.98076
-3058.5476,23,17.996004
-995.70166,6,17.996129
-1649.2395,4,18.0116
-940.9627,6,18.028241
-1248.1877,4,18.043343
-1308.5939,7,18.057614
-1097.4103,4,18.076558
-291.7345,21,18.097075
-2943.7512,11,18.127561
-995.5162,14,18.159245
-1475.503,4,18.159361
-1442.77,31,18.191351
-1935.5574,34,18.222211
-1772.2666,11,18.222328
-2985.873,9,18.222354
-5777.17,73,18.292395
-1070.365,12,18.32731
-1234.5796,7,18.353372
-1149.4846,58,18.353449
-859.22107,17,18.367945
-1504.232,7,18.382228
-2787.9226,72,18.397768
-1772.6001,26,18.39786
-1530.4801,10,18.42528
-2175.6436,12,18.425347
-1217.2046,7,18.456552
-1963.8069,6,18.456648
567.8072,43,18.456673
-2282.017,5,18.473841
200.89655,23,18.525076
-1871.7136,16,18.525161
-940.9389,5,18.541187
-1797.8616,83,18.557724
-826.6069,89,18.557784
-2126.8762,6,18.557798
-892.5129,39,18.589976
-1378.1284,3,18.604673
-1086.7545,6,18.621255
405.49866,43,18.621344
-1757.624,20,18.640108
-963.6842,5,18.64022
-1884.2727,13,18.675404
-1182.9467,17,18.675509
-542.88214,31,18.68933
-1778.3357,5,18.718065
2246.9883,81,18.73455
-1307.5791,5,18.734632
-469.18555,13,18.754963
-1910.7312,9,18.755032
-1043.6053,2,18.784455
-2255.2583,12,18.784554
-3054.2134,49,18.80084
-1611.3463,11,18.818242
-2729.5808,5,18.844777
-1135.8502,20,18.845049
-2528.468,4,18.84511
-996.43243,9,18.913179
-999.0626,5,18.929052
-1082.6005,4,18.929148
-1464.4729,9,18.929167
-1013.27026,4,18.952705
-1441.366,15,18.95279
-1128.4318,5,18.965218
-1797.4938,9,18.984459
7520.8975,76,19.02025
-805.35657,36,19.020318
-1034.517,5,19.020334
1731.0137,54,19.020341
-1420.9211,19,19.0436
-3141.2666,13,19.059696
-2220.2495,47,19.074945
-1283.1699,8,19.075061
-1064.1111,3,19.075089
-342.30206,27,19.0751
-1810.6207,8,19.100791
-909.43353,47,19.115694
-1068.6373,3,19.130111
-1323.6882,11,19.155891
-955.7396,4,19.155994
-1168.5386,5,19.171831
236.64136,40,19.193722
-1005.3561,3,19.247015
-1985.0762,6,19.284173
-1002.1165,9,19.284271
-4037.6318,17,19.284402
-1063.8932,7,19.318656
-1403.9736,14,19.31874
-1350.3811,10,19.337638
-940.1612,33,19.384606
-1435.6912,54,19.384691
-1006.9049,6,19.436808
-2257.847,20,19.454002
-316.6101,23,19.488276
-399.11957,40,19.506938
-2172.0898,27,19.533695
-1549.3021,12,19.549264
-928.91675,4,19.57089
-1222.3572,11,19.589011
-2499.2236,40,19.589105
-193.86902,64,19.621469
-703.8996,30,19.621627
-1107.1353,28,19.621642
-46.405334,13,19.621647
-1811.0934,4,19.656646
-1071.8142,9,19.672684
-965.3498,3,19.672789
-1487.6224,4,19.690495
-2736.8237,19,19.690579
-1523.4058,7,19.734488
-475.89172,34,19.753177
-1008.6,4,19.753265
-1349.9839,7,19.770249
-2777.118,45,19.770332
-1766.4706,12,19.785328
-2435.709,15,19.785386
-1376.2812,44,19.804146
-2618.8345,15,19.821128
-1552.4661,31,19.839823
-2162.5093,74,19.839914
-1036.3699,2,19.879768
-1305.2405,8,19.879861
-1999.9121,39,19.904364
-1897.01,10,19.943937
-1593.9888,9,19.966285
-3046.3914,38,19.98583
2405.3418,59,20.008948
-2293.0886,12,20.00902
-1190.354,31,20.009039
-913.3387,11,20.024394
-3019.0684,40,20.02449
-1843.6941,42,20.037234
-1076.0509,2,20.037295
-1025.0222,5,20.037313
-1821.2726,10,20.037319
-1045.1007,2,20.037324
-1522.5947,5,20.0681
-1047.5222,2,20.068192
-894.9789,7,20.081258
-961.555,7,20.113575
1793.9476,49,20.113627
-3703.8628,37,20.113639
-1009.3655,2,20.113645
-2992.4893,21,20.142446
-2022.6702,31,20.156749
-1045.2501,2,20.170636
-2515.7642,10,20.183158
-1496.1735,9,20.198845
-824.43,23,20.21838
-1348.9503,13,20.218478
-862.02356,4,20.233973
-1972.4958,13,20.234071
-1040.712,2,20.249307
-1406.4525,22,20.249395
-728.74426,31,20.272623
-1446.06,45,20.304966
-1611.8761,5,20.305026
-1086.9226,19,20.305041
-1076.6498,4,20.305048
-2330.6187,31,20.305055
353.32385,39,20.320829
-1462.5742,3,20.320894
-1021.88556,3,20.351469
-1357.4926,6,20.416081
-697.57434,8,20.437754
-2396.0303,8,20.43786
-1944.7054,19,20.458986
-1030.9789,2,20.485798
-1065.6301,3,20.501556
-1259.4398,50,20.521057
-271.327,31,20.536345
-1490.437,22,20.552498
-1171.5339,27,20.552574
-2950.1726,15,20.570781
-995.60547,18,20.620378
-1692.4438,11,20.620462
-1394.8074,8,20.620481
-1208.6838,25,20.636739
-27.955444,46,20.654905
-991.38525,2,20.654984
-1077.2115,6,20.655004
-2908.8516,6,20.670183
-3250.2148,12,20.670295
-1048.7131,2,20.703655
-1011.46643,2,20.703754
-1030.0348,4,20.723489
-1843.6025,4,20.723591
-1279.173,13,20.739792
-945.69507,44,20.757665
-2150.7983,39,20.757754
-1138.7377,31,20.772412
-1183.276,14,20.791278
65.33057,25,20.791765
-1744.7324,5,20.806442
-2018.928,11,20.806527
-1443.3257,58,20.875113
-1397.0674,6,20.875277
-982.5602,8,20.895129
1372.5416,50,20.895241
220.46704,24,20.911842
-1219.915,11,20.911932
-1932.8182,9,20.956072
-2140.7883,5,20.970247
-1110.9746,11,20.988627
-1814.5968,5,20.988717
-1305.2852,22,21.006465
-1927.4346,5,21.006563
-1071.1136,3,21.006582
-1043.9182,16,21.027646
-1132.6788,3,21.027727
-1160.0442,12,21.027745
1126.1571,54,21.027752
-1105.7917,3,21.071816
-1006.81757,3,21.071895
-1052.4697,5,21.106548
-828.224,12,21.106628
179.22186,27,21.121337
-1037.6791,2,21.147922
-1591.1931,7,21.148014
-1103.8861,8,21.148032
-1210.8247,53,21.148039
-1852.2993,9,21.165702
-719.3346,24,21.183956
-4382.876,87,21.184041
-1028.6571,4,21.200275
-4485.007,60,21.239976
-3362.2827,20,21.240078
-1468.9547,5,21.240106
-1943.401,25,21.255348
-1594.6787,15,21.255415
-1095.058,2,21.269083
-1003.70166,5,21.269156
37.003906,42,21.269176
-1357.0149,7,21.29107
-1574.7273,56,21.309658
-1949.8326,11,21.309751
-1884.0089,19,21.32523
-1182.3362,4,21.325272
-1348.6003,7,21.325283
-2278.647,6,21.340939
-1214.7881,4,21.341036
-1659.7684,10,21.35449
-1095.7423,3,21.371957
-1115.2361,7,21.398224
-942.1081,5,21.416206
-1280.6968,40,21.416319
-1264.6909,19,21.416336
-1384.9825,19,21.416343
-1385.1995,25,21.449944
-907.41907,4,21.464261
-1917.2178,7,21.477415
-1117.9484,3,21.529702
-2483.0781,7,21.56163
-572.8595,24,21.561718
54.025024,55,21.587486
-1001.0782,3,21.60253
-1755.4452,12,21.602632
-2564.168,28,21.61778
-4402.5737,19,21.63038
-3107.5613,24,21.646775
-1903.3041,8,21.646883
840.9949,26,21.660527
-984.1343,6,21.696228
-1364.6937,4,21.732933
-1386.0924,11,21.733027
-1614.398,20,21.733045
-2264.3916,18,21.748854
-2679.8223,28,21.764011
-1020.5143,2,21.764069
2733.509,62,21.764085
-366.29523,26,21.764092
-139.52179,98,21.764097
-1731.4326,8,21.764103
-1132.354,24,21.795163
-1021.1541,2,21.795269
-1314.044,7,21.812008
-1082.4746,3,21.812078
-1922.7747,28,21.830687
-987.00134,2,21.830769
-1391.9047,4,21.830786
-113.40546,43,21.861528
-958.7157,4,21.878759
-1470.3323,11,21.907961
-1504.3662,6,21.920148
-1781.3197,11,21.934418
-1813.7291,33,21.934493
-1879.6333,7,21.934507
-720.0858,38,21.950536
-2848.8252,21,21.95062
-2938.4336,43,21.977005
-1058.9165,7,21.977087
-1901.422,15,21.991594
-1186.514,47,22.017901
-1871.1733,14,22.03199
-3075.7524,11,22.081922
-453.02155,19,22.094434
-2069.281,12,22.119856
-1498.0625,13,22.119915
493.51477,76,22.148725
-763.8102,11,22.148802
-1528.1897,15,22.162483
-2236.8076,9,22.162585
-1044.1549,2,22.196948
-1370.9507,5,22.197018
-874.50757,8,22.197032
-1388.0491,30,22.197038
46.74341,19,22.218678
-2713.3804,37,22.218753
-1120.5364,3,22.260093
-1150.3041,13,22.298583
-1262.9785,21,22.298641
-2843.9429,63,22.298658
-1528.7263,9,22.31249
-2158.147,37,22.337881
723.1756,43,22.392558
113.77405,33,22.404608
-65.21234,31,22.445133
-2301.713,15,22.44523
-1451.5326,35,22.46017
-1032.8611,20,22.460228
-1802.7437,13,22.502022
-1434.7788,7,22.502088
-491.74866,31,22.502105
-1485.4475,24,22.502112
-1564.6849,21,22.544405
-2139.9204,15,22.544483
-638.75684,16,22.560662
-1316.1006,7,22.601842
-2641.759,12,22.632413
-985.2972,3,22.662099
-2048.3599,8,22.662173
-1984.9121,51,22.682287
-1091.1731,2,22.695969
-4622.728,69,22.712763
-321.50043,31,22.734902
-1336.6528,12,22.734987
-1660.0437,16,22.747514
-1669.1804,15,22.776318
-2651.0083,36,22.818286
-1023.58875,5,22.818392
-1127.4598,77,22.840168
-953.04425,3,22.877589
-1170.683,35,22.87772
84.27234,23,22.877743
-1164.7319,21,22.894733
-526.91315,80,22.95624
-1031.1334,20,22.969145
-1741.8643,18,23.025156
-639.8246,40,23.025316
-2377.8887,18,23.0906
-1372.8558,8,23.109856
-2348.6343,32,23.109987
-1997.6405,16,23.158745
-1540.5872,25,23.158852
-5627.3003,30,23.181658
-2185.421,85,23.20177
-1035.449,3,23.221088
-919.7463,4,23.237004
-330.89038,30,23.272315
-1026.875,5,23.272382
-1750.0166,10,23.285908
-1612.7004,26,23.286365
-2878.729,39,23.343829
-2074.3137,61,23.368602
-1097.2021,2,23.403869
-1583.7607,50,23.419925
-1137.4026,9,23.420001
-848.5836,5,23.437288
-480.04993,19,23.437386
-1055.142,2,23.449891
396.1629,26,23.467893
-891.9149,5,23.486483
-1386.7104,12,23.486697
-1019.552,3,23.527306
-1006.2834,5,23.527405
-1042.9946,2,23.566771
-1329.1243,7,23.584322
-1515.5991,3,23.584405
-1045.2501,2,23.606297
-1074.7552,6,23.606371
-191.94305,19,23.606391
-2516.0542,46,23.621522
-873.16785,22,23.621613
-1020.4673,2,23.637214
-2353.5981,12,23.637304
-929.4605,4,23.680123
-509.3344,48,23.69897
-2290.635,71,23.832397
4014.1118,92,23.846064
-1841.7368,9,23.846129
-1965.9493,68,23.86017
-1004.42267,2,23.860252
-1692.4797,10,23.87727
-670.9388,28,23.877328
-2669.392,10,23.877343
-1191.5436,33,23.891533
-575.7875,53,23.891603
-2749.5505,63,23.891618
-1872.9163,12,23.92019
-801.7937,8,23.9203
-564.7369,16,23.947576
-1032.9614,2,23.947684
-937.063,7,23.959979
-2366.4058,23,23.972328
-219.77228,52,24.000273
-1788.9375,11,24.015469
776.4071,58,24.032028
4749.709,104,24.068612
436.98798,46,24.068682
-1134.9215,9,24.084058
-1587.5427,9,24.084157
-1768.1766,5,24.084172
909.51263,68,24.115201
-1568.4303,21,24.130471
-2815.1895,26,24.150553
-2574.0833,17,24.150616
-1152.9633,4,24.186169
-513.62244,39,24.186237
-1485.1753,3,24.202291
-1102.5864,2,24.218647
-1607.4348,32,24.254417
-2863.454,23,24.254522
-2112.573,65,24.284478
-1173.6033,12,24.284566
198.8808,28,24.284582
-998.62006,3,24.303613
-1641.2074,7,24.303702
-1221.4316,5,24.303722
-922.97925,30,24.326325
-1007.5874,2,24.344434
-948.3017,4,24.36655
-1059.3342,3,24.366632
-907.82825,25,24.38104
-1629.0728,21,24.395111
-1259.4565,30,24.413861
-1416.3743,9,24.413959
-274.73364,33,24.41397
-2021.363,19,24.413975
-1517.8198,5,24.413979
-1070.9867,4,24.434734
-227.45105,35,24.451989
-1988.3657,17,24.452091
-1042.7113,3,24.465537
-989.35016,4,24.465601
-1250.4205,4,24.481408
-985.7389,3,24.481516
-1481.2256,7,24.49439
-1014.4924,4,24.514182
-1732.9277,10,24.514274
-1053.7465,3,24.514291
-520.6621,27,24.536366
-318.86725,27,24.536493
-1650.3724,10,24.536536
-1116.0115,3,24.536551
-1052.4882,2,24.536573
-1459.9769,40,24.536585
-189.22424,24,24.555063
-1029.1923,2,24.567487
-1020.1072,5,24.567633
-1036.0775,3,24.58446
-650.9455,18,24.59859
-596.95087,12,24.614633
-1593.5403,38,24.614742
-514.97174,32,24.629359
-694.67334,4,24.629426
-1745.1886,20,24.629442
-2526.2195,7,24.655078
-1317.0415,8,24.655149
-1929.354,9,24.672488
-1196.0308,10,24.701328
-2163.279,10,24.719689
-3472.3135,9,24.719772
-2375.8325,6,24.719789
-1923.9795,18,24.797329
-769.76245,8,24.823132
-1068.9567,9,24.823221
-1266.8898,10,24.83696
-585.4927,59,24.897966
-1739.1913,16,24.913736
-2849.7456,51,24.913842
-1207.6343,7,24.93172
-2178.2246,24,24.947919
-1048.823,2,24.948235
49.96057,20,24.961875
-2137.1313,10,24.961985
-1012.26447,2,24.978498
-1126.0319,4,24.99931
-1044.8586,2,24.999405
-894.5615,15,24.999427
-910.85004,3,25.029458
-1692.3433,36,25.051193
258.60645,43,25.067067
-2346.3574,20,25.08263
-2256.1675,12,25.099405
-1155.2715,3,25.115672
-1524.3186,27,25.11576
-711.45044,53,25.131636
-1075.726,2,25.15362
-385.42346,21,25.178862
-2161.498,5,25.178946
-1565.2056,25,25.178959
-762.57715,29,25.259171
-1554.7988,9,25.297024
-974.9749,3,25.344687
-1061.1807,3,25.344775
-1831.4326,23,25.344792
-973.47296,5,25.391247
-1161.4115,48,25.432274
-1000.418,5,25.481498
-2002.575,35,25.481737
-1995.6885,21,25.639319
-996.1549,2,25.639464
504.32745,19,25.684579
-485.86774,20,25.726513
-1355.3496,43,25.726561
-976.6442,4,25.8067
-1706.526,10,25.827983
-1455.7379,5,25.828061
-1883.1631,10,25.828084
-1769.2097,10,25.828093
-746.9056,5,25.848563
-879.1898,23,25.862968
-1054.4791,3,25.879366
-867.4693,20,25.879742
-984.0963,4,25.902742
-1044.4036,2,25.902849
-3273.415,29,25.964756
-3470.064,35,25.979227
-1137.731,4,25.979359
-1166.061,4,25.996178
-1221.2573,49,26.032018
-1343.397,7,26.032123
-1283.4415,27,26.053102
-1109.0549,10,26.053169
-1533.4397,14,26.053218
-1022.4829,2,26.070238
-1363.1906,13,26.088252
-1014.22205,13,26.088315
-2703.8506,20,26.088331
-1999.4293,63,26.103895
-1191.6141,27,26.132918
-902.464,5,26.133049
-1823.5718,3,26.133066
-1830.185,10,26.15154
-17.99231,30,26.151624
-1047.668,66,26.151641
-1271.0862,6,26.186094
-1283.009,11,26.215898
-859.99976,6,26.248794
-1015.3404,3,26.262698
-1960.835,14,26.285959
-1643.73,17,26.286024
-1720.364,10,26.303212
-1250.2188,9,26.30329
-974.56995,30,26.320723
-1005.1288,2,26.353435
-946.8782,3,26.353513
-970.9395,7,26.416872
-3681.7192,47,26.416956
-2544.7534,21,26.476619
-302.55597,23,26.476697
-1105.9473,5,26.476714
-1121.9707,3,26.492978
-567.6301,38,26.525982
-2514.2827,18,26.526072
-1556.5238,62,26.52609
-1135.059,4,26.540732
-1412.2351,25,26.559718
-1064.5055,5,26.559795
-3268.2656,18,26.597451
-995.445,6,26.628139
-1846.4675,5,26.65299
-1786.7485,9,26.653076
-1331.1202,19,26.669065
424.4262,39,26.669144
-1786.4629,41,26.722842
-1698.8062,24,26.722934
964.3181,56,26.722954
564.8914,32,26.722961
-1185.6412,5,26.752676
-1284.7854,13,26.752757
-1383.9961,8,26.786077
-339.29913,38,26.818306
-1534.0166,4,26.818383
-1394.6765,14,26.836202
-883.01843,18,26.836312
-1047.9734,2,26.851317
-2244.474,22,26.851397
214.61572,45,26.869714
-1060.3566,2,26.869821
-1660.0372,8,26.888554
-2108.7354,10,26.888659
-1128.2533,10,26.888682
717.8898,55,26.908684
-1156.9675,3,26.908761
-392.1416,32,26.944824
-1699.0542,18,26.965106
-1847.8386,5,26.981025
-953.8016,5,26.981115
-1285.6543,25,26.981134
-1114.4008,21,26.996266
-819.10956,12,27.028186
2276.2114,49,27.028282
-642.2566,28,27.046818
-1000.3138,2,27.067624
-1296.1066,5,27.082801
-1535.9478,10,27.082877
-1212.6554,12,27.100409
-1915.9253,3,27.133799
-305.20966,21,27.150208
-1036.8384,15,27.165579
-1046.6085,5,27.165667
-1791.5088,26,27.165685
-3472.3896,30,27.181988
-1733.4762,8,27.18208
-1089.3654,8,27.201349
-3928.912,51,27.201422
2591.5664,130,27.201439
-1922.5664,85,27.201446
-1076.9873,3,27.229613
-707.8447,13,27.242908
-1380.5105,18,27.243012
-1432.2637,4,27.271397
-1371.3147,17,27.271466
-1391.2971,11,27.289064
-1033.8828,2,27.289139
-2370.9316,25,27.289155
-3857.4932,19,27.302524
-3472.1604,25,27.302638
-1042.3069,3,27.331342
-1042.6608,9,27.345256
-1703.2745,9,27.345388
-1024.4862,2,27.363171
-1160.752,4,27.363247
2640.3806,54,27.363263
-427.40173,13,27.378514
-1581.0902,8,27.398216
-804.59174,34,27.413575
-1469.583,28,27.452781
-1006.5339,3,27.452863
-202.9696,20,27.470766
-1328.7548,12,27.470825
-1189.2042,6,27.470842
-1986.8287,14,27.482387
-1141.3381,10,27.513136
-896.51105,5,27.54366
-175.69678,24,27.570244
-854.8076,16,27.570389
-2138.9321,7,27.602145
-662.46204,26,27.602319
-2857.9587,13,27.621595
337.23743,53,27.646091
-1590.461,5,27.71411
-2366.4292,18,27.737
-1123.7623,3,27.737199
-1135.8278,31,27.787008
215.80322,49,27.787249
-1361.1606,31,27.80827
-992.10236,8,27.839865
-1046.896,2,27.840033
-2105.451,16,27.860082
-817.6957,35,27.860311
-2976.2917,6,27.896359
-1590.1108,9,27.979073
-1061.2704,4,27.979136
-1235.7837,22,27.979153
-1699.854,21,27.979159
-1338.9329,14,27.979164
-951.14355,15,28.013132
-1006.0771,3,28.072189
-1082.3046,3,28.07228
-2983.043,23,28.141511
-397.47125,31,28.200722
-1462.0026,12,28.200814
-1798.1143,12,28.225403
-657.60474,36,28.225494
-1916.5941,16,28.262406
-1559.6309,9,28.262493
-1085.6539,32,28.290659
-1340.4076,13,28.290742
-1603.3525,10,28.290759
-827.2481,4,28.307504
-1090.7756,62,28.307585
-1712.6193,39,28.324351
-1567.8446,28,28.324415
-1478.5359,44,28.32443
-1042.9545,2,28.33842
-1049.7732,3,28.338497
-1499.4077,4,28.352279
-882.5816,3,28.352334
-1540.331,7,28.367837
-773.4697,25,28.367896
-355.40112,51,28.380445
-1058.901,31,28.380519
-1054.6633,3,28.380537
-997.7257,4,28.401463
-1948.6743,11,28.417151
-2671.9517,6,28.417241
-957.7377,7,28.431815
1266.5973,52,28.447485
-2504.6187,12,28.447563
-1033.0568,2,28.460102
-1478.8611,5,28.480935
-3661.8599,19,28.481002
-3215.474,14,28.496641
-1516.2604,7,28.496741
-1203.8124,8,28.496773
-1737.8285,10,28.512315
-898.05646,4,28.544266
-1068.3813,2,28.544325
-1907.4966,32,28.561936
-1744.3767,11,28.592487
-1417.5369,29,28.592552
-1507.9119,7,28.605491
-2913.9192,13,28.621178
-995.93677,6,28.637156
-1088.964,2,28.651445
-3125.0024,18,28.6664
-1978.5532,41,28.679102
34.130005,33,28.694985
-1589.8307,32,28.716269
332.67175,18,28.740128
-1046.1064,2,28.740186
-1483.2119,9,28.740201
-1105.7767,5,28.754525
-1708.9742,10,28.754581
-3128.6147,18,28.781645
-1651.1611,12,28.840657
-1905.833,11,28.840732
-1053.19,6,28.840752
-1571.2942,4,28.853908
-931.36804,6,28.853969
-999.5679,29,28.963335
-2538.103,41,28.997196
-1721.7664,29,28.997243
-1793.1365,7,29.026989
-3104.0234,25,29.063838
-3827.1719,15,29.063955
-332.26294,36,29.063969
-1034.5715,2,29.099666
-1362.9294,43,29.099761
-2483.756,10,29.13741
-958.5649,4,29.137534
-1702.7446,17,29.170469
-1095.369,2,29.196634
-485.9878,34,29.23126
-929.663,12,29.231416
-1450.2941,5,29.266979
-2079.2053,9,29.350661
-2365.0095,40,29.366821
-2453.0835,51,29.382227
-2164.0176,19,29.382295
-1761.7908,7,29.394262
-1512.8657,34,29.394325
230.25348,39,29.407704
-1022.03,3,29.407818
2629.6448,65,29.419954
-3424.5415,33,29.44866
-412.02484,16,29.448715
-2821.145,30,29.448729
-1350.512,19,29.461266
-1052.9285,2,29.480826
-2117.7183,22,29.493514
-2928.6519,18,29.49359
-3689.201,15,29.493608
1031.9064,33,29.51471
-2043.8135,16,29.528826
-1034.9404,3,29.541768
-3031.1812,8,29.54184
-3053.3247,61,29.558957
-914.9238,13,29.572601
-1153.0396,5,29.609922
-1793.1099,9,29.627526
-2745.2751,16,29.627607
-3449.2993,65,29.647628
-1000.0833,17,29.675336
-120.06177,28,29.701647
145.46338,38,29.70178
-1463.9142,8,29.72261
-1091.3654,7,29.768203
-1279.116,21,29.76829
-1038.9286,3,29.789905
-1901.5654,6,29.82028
-1410.4298,15,29.845292
-2170.3022,7,29.845355
-984.59735,4,29.870699
-2160.462,26,29.870769
-2284.0938,13,29.886547
-1341.7976,25,29.905275
-1079.196,24,29.950179
-1713.2073,6,29.964348
-1163.8545,4,29.97683
-1840.5797,10,30.012862
27.059143,28,30.012947
542.5104,30,30.012964
-1242.3212,21,30.012974
-1983.8195,19,30.027146
-1486.6558,4,30.027208
-3377.69,28,30.067763
-967.617,5,30.067831
251.08252,50,30.067847
-4442.9087,12,30.084153
-312.13153,29,30.084221
-2061.4902,8,30.084235
-836.71814,18,30.105169
-376.8927,36,30.10523
-1844.8597,6,30.133054
-2956.312,34,30.161491
-1050.9319,5,30.197697
-994.7162,5,30.197772
-1156.3517,7,30.217249
-1867.0852,10,30.217334
1037.7635,46,30.239085
-1739.0625,19,30.239147
-1521.8745,24,30.239163
-1045.0757,7,30.239171
-1094.6858,11,30.257481
-1469.1152,3,30.257547
-2023.3708,10,30.2697
-1334.6266,9,30.283502
-1919.7493,4,30.315302
-1351.9266,12,30.315377
-1730.0408,15,30.315395
-993.93085,5,30.315402
-2076.4155,14,30.315408
-1084.9811,3,30.366492
-1453.4302,3,30.366558
-2214.7163,14,30.380762
18.466064,65,30.396057
-992.69763,14,30.396156
-987.0764,5,30.436812
-1492.2058,4,30.436904
-1120.6189,8,30.436922
-837.60376,14,30.472083
-1122.7604,8,30.485744
-1916.2506,4,30.497841
-1304.1481,15,30.517068
-2693.9043,16,30.517159
-1093.8344,28,30.517186
-1535.9736,3,30.517195
-1358.6057,15,30.577087
-620.9159,41,30.644666
-1156.0658,12,30.644728
1778.4231,52,30.676739
-956.61914,5,30.676821
-758.5525,41,30.688042
435.5193,23,30.688112
-2271.7026,73,30.701457
-1026.6587,2,30.715622
-1823.584,16,30.715739
-1780.1466,10,30.715775
-1801.7546,5,30.752324
-1284.731,6,30.752403
-1580.5156,13,30.766285
-3005.163,9,30.786426
-3198.277,11,30.819004
-2155.2603,15,30.819062
-1753.8782,30,30.83348
-2244.9172,5,30.851472
262.83984,38,30.85154
-974.7331,35,30.870424
-1601.9644,10,30.870567
-1571.336,23,30.870613
-1666.8577,18,30.870629
1503.1615,38,30.885269
-1466.3275,4,30.885339
-1104.1272,3,30.899971
-1050.0548,2,30.900048
-1134.5447,5,30.920447
-1611.7384,4,30.933312
-1041.0295,2,30.956668
-1506.1111,9,30.956744
-117.71277,94,30.967348
-1703.7515,44,31.016155
-474.46768,46,31.016214
-1482.6743,9,31.016229
-1172.8431,5,31.030255
-2113.4712,29,31.030329
-700.5239,18,31.090699
-1848.4917,10,31.090783
-1201.8406,3,31.122193
-184.77429,45,31.122312
-1848.072,23,31.187838
-1364.228,7,31.215994
-1016.984,17,31.216073
-1714.4336,6,31.237866
-1501.4028,9,31.237949
-2367.1697,20,31.259641
-1698.868,18,31.259717
-988.46686,2,31.291407
-1105.8372,21,31.306523
-126.92145,39,31.306595
-893.92017,5,31.344783
-2003.2257,6,31.344907
-1096.1836,3,31.360807
-1150.4774,8,31.360875
-428.07996,27,31.360891
-1005.0217,2,31.376699
-2259.3545,15,31.404245
-1057.7424,2,31.404304
-2057.0178,43,31.418641
-663.29333,12,31.418726
954.58466,41,31.487832
-2261.8223,11,31.487915
-892.9156,10,31.537604
-2216.4321,24,31.563734
-1329.9907,8,31.596354
-1124.0803,10,31.615925
-1041.3237,2,31.628603
-1422.8115,15,31.643822
-2118.0957,8,31.659398
-1091.0117,3,31.677449
-1968.2227,43,31.677525
-1054.4272,2,31.689454
1537.1113,67,31.689522
-986.36346,4,31.746508
-216.75452,29,31.746593
453.27087,42,31.761614
-3183.4941,44,31.775998
-787.7533,40,31.776054
-1088.2164,2,31.776069
-838.4347,25,31.792434
73.62927,37,31.792557
-2479.1018,9,31.805403
-1443.0176,19,31.819868
-1403.8044,5,31.838005
-1260.6934,13,31.838084
426.78003,44,31.838115
-824.4042,4,31.838122
-1940.9998,5,31.858244
-1941.0979,17,31.870914
-260.5578,27,31.891358
-1292.0967,15,31.90396
-1931.4768,14,31.904023
-1264.7256,42,31.904041
-1281.1259,8,31.92257
-1744.5046,30,31.922639
-357.8479,70,31.933735
-1207.7953,7,31.945598
-1667.8723,7,31.958211
-982.52563,2,31.974129
-1073.9495,5,31.974198
-211.6048,73,31.974213
-2239.8193,9,31.974221
-3568.81,13,31.974226
-953.1357,42,31.984714
-558.4164,18,32.098747
-2303.4314,41,32.098838
-928.8897,7,32.112463
-2648.7559,13,32.112547
-952.9128,3,32.112571
-1071.9462,2,32.139032
-1552.1947,15,32.13909
-1864.0684,7,32.159283
-3138.0972,8,32.159349
-1839.0123,18,32.175015
-1128.4484,20,32.175088
-1253.7777,14,32.18934
-1008.1393,13,32.18941
-1000.2283,6,32.189427
-1659.26,15,32.189433
-1898.4656,10,32.204445
-1102.2604,2,32.219392
-1094.039,2,32.219459
-1186.1663,7,32.219476
-1106.641,3,32.219483
-3822.2173,86,32.236253
-929.60266,4,32.280382
-1133.3486,6,32.323927
-1104.7051,4,32.383633
-853.29877,13,32.404928
-1125.8312,13,32.405003
-1044.5737,15,32.423586
-1154.4689,3,32.452337
-1244.9883,10,32.452484
-1277.2991,14,32.452504
-1192.6406,23,32.481915
-1069.372,2,32.49522
1442.9294,51,32.495283
-1465.7839,14,32.4953
-1061.905,2,32.509463
-728.6482,6,32.524565
-504.64716,29,32.568191
-1887.6343,41,32.583169
-2676.0244,10,32.612309
-1591.6228,24,32.627141
-1010.78595,4,32.644386
-1659.9478,9,32.644464
-1546.9271,26,32.656781
1363.0223,43,32.676075
-1053.2742,3,32.690555
-1022.4894,5,32.704586
-1145.1272,27,32.704666
-1044.871,5,32.72184
-1132.1742,19,32.72192
-1086.3171,2,32.738513
-1101.1366,29,32.738601
-963.1773,4,32.738622
-1367.9016,37,32.791084
156.29626,27,32.806898
-1781.6238,5,32.806974
995.9773,73,32.849098
-1296.249,11,32.865806
-1628.6923,22,32.865865
-2618.6194,6,32.880978
-287.49695,25,32.881068
-1697.9109,7,32.908468
-1103.4572,2,32.90854
-2014.1448,48,32.923739
-1609.5966,5,32.92382
17.647583,24,32.937412
-1290.8,18,32.937693
-1401.7778,14,32.955557
-984.7076,4,32.996647
-3495.6387,8,32.996712
-302.11194,57,32.99673
-836.99414,5,33.013065
-1006.97894,55,33.013156
94.63678,19,33.029533
-993.57526,2,33.029607
-538.617,28,33.04789
-973.50085,21,33.047974
-60.191956,17,33.061535
2471.4407,66,33.061626
347.54907,38,33.074566
-1990.2969,10,33.074621
-545.2751,16,33.110074
-2333.4136,6,33.11015
-1406.2344,10,33.110168
-1261.9578,7,33.11018
-847.62317,43,33.126397
-1425.6239,13,33.126463
-1005.1365,4,33.126479
-1140.7397,14,33.126488
-1968.9128,10,33.150934
-1171.9402,4,33.165132
-1064.2393,3,33.16522
-1014.5689,32,33.189078
-1697.1243,9,33.206579
-1386.062,5,33.219408
-1006.3325,4,33.219482
-3093.2734,77,33.233166
-1431.3,3,33.2462
-945.9536,24,33.263391
-962.26465,4,33.276875
-1039.2983,8,33.276939
-1506.8503,4,33.292272
-1036.0538,3,33.306012
-4093.0732,18,33.345791
-1094.4994,6,33.346068
-1931.478,11,33.36062
-2824.253,17,33.374882
-1537.3761,25,33.405315
-213.11108,63,33.405396
-2409.3975,5,33.429615
-1635.3464,21,33.429692
-306.40314,62,33.446311
-1603.5366,27,33.463232
-1054.3682,2,33.479809
-909.3943,13,33.494642
-811.3204,12,33.494713
-1480.5067,17,33.49473
-1523.9219,6,33.516382
-333.55994,35,33.556476
-1436.619,7,33.580326
-960.7973,35,33.580405
-1088.4729,2,33.617582
-1691.5181,8,33.632955
-2527.815,8,33.649056
-932.8714,3,33.664451
-855.3117,5,33.664541
-1149.7329,21,33.664567
-1927.046,36,33.692626
-1317.003,13,33.692694
-1054.921,2,33.69271
-2213.2764,18,33.704756
1231.3273,54,33.704818
-1076.0466,10,33.723759
-993.3688,4,33.753409
398.4759,26,33.784342
-922.7622,43,33.806388
-1446.5253,5,33.806475
-2040.2178,49,33.821728
-3348.9058,49,33.845785
-106.21759,25,33.845853
-1491.8267,29,33.864974
-2425.1196,47,33.865242
-1586.075,9,33.865261
447.7212,72,33.877949
-525.5716,23,33.878016
-2153.4316,5,33.892771
-974.1441,2,33.892832
-1328.1326,24,33.892846
-1165.8156,4,33.892852
-1264.7151,50,33.907105
-1251.7194,40,33.930077
-810.7392,18,33.944296
-1473.1167,5,33.956398
-1571.4089,11,33.967735
-1075.2499,18,33.983883
-2212.281,9,33.98394
-915.45825,7,33.983954
-429.8933,36,33.998112
-3184.963,10,34.009894
-2332.2363,13,34.023413
-1363.158,18,34.023494
-1357.4078,9,34.023511
-1986.3389,11,34.035445
-136.49463,44,34.035538
-1031.6263,13,34.046942
-1708.2318,28,34.062718
-1525.915,11,34.076493
-1026.8772,3,34.076565
-2823.2756,26,34.076581
-820.10425,9,34.089824
-1877.6221,5,34.089929
-983.57666,3,34.089947
-1044.3987,8,34.106516
-1374.412,9,34.106589
-966.36597,2,34.122034
-1015.9623,2,34.122154
-1053.9956,3,34.122186
-1092.0394,3,34.148427
-2619.818,9,34.165349
-1509.9968,11,34.19117
-1020.58734,2,34.191234
-1650.8419,9,34.19125
-1642.82,37,34.220596
-1425.1713,7,34.220675
-2165.0947,18,34.264113
-1019.98444,2,34.264237
-1373.4657,7,34.305532
-1042.7719,2,34.305627
-1532.4738,7,34.382143
-1349.4462,10,34.398783
-1217.2288,5,34.412452
-27.534302,31,34.426039
-2476.642,13,34.440132
-1294.4227,10,34.440203
-1031.2039,13,34.484668
-2293.789,13,34.517231
-1917.6094,9,34.531306
-749.34717,13,34.531368
-2193.7563,7,34.547265
-1266.1685,30,34.547337
-1328.2903,5,34.562475
134.92767,25,34.562546
-1056.2981,2,34.562574
-1563.8888,11,34.57931
-1138.9696,25,34.579375
-657.96173,13,34.579391
-977.3796,6,34.617425
-1010.0608,3,34.617528
-959.09216,38,34.638545
-1735.898,44,34.655304
-1234.802,3,34.672889
-1412.6173,6,34.672953
2429.4092,60,34.694255
-1427.8907,32,34.726701
545.3402,41,34.726816
-2102.1062,6,34.744326
-1340.227,13,34.761489
-1026.5643,2,34.761561
-3646.0981,12,34.791457
1986.7311,64,34.807088
-1838.5199,7,34.82395
-1045.6411,3,34.82402
-1923.3911,16,34.836998
-1764.2639,17,34.856945
-1224.5991,11,34.857023
-1149.4438,3,34.857035
-1944.1433,21,34.872671
-978.4735,3,34.872761
-5096.226,19,34.87278
-1805.1624,10,34.923045
-1030.4076,3,34.923106
-834.25415,9,34.936644
-49.972717,67,34.949674
-987.96423,2,34.949746
-2472.2383,12,34.96256
-2132.2712,9,34.976365
-916.5402,3,34.989592
-678.2705,57,35.040976
-1004.13214,6,35.041052
-2097.117,11,35.04107
-1369.2463,4,35.041079
-216.26746,39,35.056812
-340.51465,51,35.056903
-1595.1407,13,35.056921
-2017.8838,13,35.056929
-1073.4224,2,35.070341
-1014.723,2,35.070406
-1054.5063,2,35.084704
-51.57019,48,35.084774
-1212.6309,4,35.104176
-1102.2828,6,35.132936
-739.9458,17,35.133027
-1507.8392,11,35.158857
-1612.784,15,35.182681
-1336.2261,10,35.19675
-1912.4868,27,35.225638
-3402.1707,20,35.225697
-797.14435,42,35.225711
-1974.824,7,35.253569
-1200.7568,10,35.267287
-1299.4502,40,35.300282
-1009.33093,3,35.31331
-2163.139,7,35.33143
-1549.3396,10,35.347473
-1018.3501,8,35.347553
-1803.419,20,35.372324
-2167.9077,17,35.385251
-2243.1611,21,35.402295
-1408.5562,6,35.402351
-657.1121,61,35.402366
-155.28241,94,35.402373
-1297.4175,4,35.402379
40.770996,21,35.402384
-5400.621,71,35.418768
-1025.4589,2,35.431467
-462.343,25,35.447069
-1267.4628,53,35.468915
-966.7008,7,35.468972
-1411.0574,4,35.468986
-275.23065,25,35.481798
-1574.3962,7,35.499729
-951.2015,38,35.499802
-3288.7349,50,35.52332
-1567.6628,53,35.523377
-1159.6587,8,35.535396
-2168.3887,8,35.535848
-860.254,17,35.535895
-1135.7924,3,35.550592
-1417.5293,8,35.550688
-1487.0116,3,35.550706
-1493.162,8,35.562435
-1031.0288,2,35.584938
-644.4708,22,35.585036
-1335.6583,8,35.585052
-1020.7036,2,35.62118
-1527.1304,9,35.621234
-1489.075,6,35.621249
-1263.9908,9,35.621256
-1635.8611,4,35.63552
-1959.1394,37,35.635622
3092.0266,50,35.635637
-2167.2695,19,35.663585
-1136.9692,4,35.682578
-2046.7728,4,35.682652
-1424.8307,9,35.702995
-1010.2572,14,35.71841
-1993.7856,12,35.718494
-2396.5703,7,35.732095
-1286.4799,8,35.766328
-1625.9841,9,35.781629
-839.8152,15,35.804163
-1082.3467,2,35.832185
-679.42883,11,35.851919
-1352.3926,9,35.86595
-997.6411,7,35.886614
-1042.8612,2,35.900054
-3520.705,22,35.900125
-347.2444,35,35.900142
-1053.9855,2,35.914935
-1617.6052,3,35.947058
-1352.4531,7,35.947121
-4162.96,22,35.974909
-55.210815,35,35.974984
-1047.1774,3,35.988683
-433.4981,33,36.006329
-2981.6895,24,36.019446
-1176.5502,8,36.019521
-1654.5625,31,36.030981
-930.11707,5,36.065757
-1361.1042,23,36.065832
315.01855,33,36.065847
-1672.3806,65,36.080141
-2986.9023,12,36.080223
138.04285,44,36.08024
-41.09851,26,36.096305
640.11444,25,36.114147
-1312.1816,12,36.135427
-1420.4423,28,36.13549
-1692.8267,4,36.149134
-1009.03156,2,36.162157
-1911.509,27,36.205392
-3424.8772,51,36.219989
309.07812,24,36.220061
-497.22244,20,36.220076
-3353.901,11,36.233807
-1068.9116,2,36.252713
-814.7723,9,36.252847
-2421.912,11,36.252865
3098.9526,69,36.279186
-1105.1499,2,36.279239
-544.5424,14,36.279254
-1029.8557,2,36.279261
-995.4225,2,36.308921
-1111.3529,24,36.339281
-1436.7433,4,36.339336
-1606.7051,39,36.339349
-1260.5363,5,36.354944
-1788.7808,10,36.368993
-1176.1495,4,36.397075
-3536.9272,21,36.39717
-1401.1475,5,36.410487
-2649.3262,26,36.410555
-1302.237,14,36.422896
-1060.6357,3,36.466761
-525.46545,17,36.482726
-1583.6277,5,36.48282
-3305.744,34,36.482836
-5299.2954,58,36.482842
-1686.1165,23,36.498186
464.68427,27,36.535157
-1148.901,3,36.547293
-2154.172,15,36.561165
-1460.1963,14,36.573897
-1585.7407,8,36.602009
-33.880615,27,36.60209
-3776.873,31,36.602106
-1724.3047,15,36.615226
373.48877,39,36.615299
-766.07214,15,36.635407
-1059.5518,2,36.660606
-1649.8406,5,36.672941
-48.068115,44,36.673007
-949.0033,8,36.687556
-1014.34625,6,36.687635
-999.5624,5,36.687652
-784.18005,21,36.711327
-1140.8337,3,36.726496
-1081.2628,7,36.726571
-888.806,48,36.726588
-2495.149,18,36.756186
-1428.1174,35,36.767545
-1739.3218,17,36.799705
-1921.8022,22,36.813967
-1676.4819,9,36.831562
-1142.7467,5,36.831657
-3200.8618,81,36.831673
-1816.1409,9,36.83168
237.22992,25,36.854567
-2798.4995,9,36.866827
-850.4607,20,36.866906
-1116.4237,5,36.892348
-1652.3728,9,36.931121
-1090.314,16,36.946368
-938.7546,4,36.946475
-2036.3796,47,36.976703
-1096.6038,3,36.993384
-1473.1777,3,36.993694
-262.7514,34,36.993732
-2310.2742,47,37.010891
-4051.2583,13,37.024393
-854.303,3,37.039975
-432.28925,21,37.040038
-2510.5913,34,37.040055
-1585.3037,4,37.040063
-1209.0037,67,37.068209
-986.528,2,37.068295
-968.3272,3,37.068313
-1526.367,3,37.081788
-419.32587,18,37.102861
-1313.6792,35,37.12861
-808.04663,5,37.143377
-1134.0366,7,37.143454
-875.5757,23,37.169739
-963.73346,8,37.182772
-1020.34375,4,37.18285
-916.63776,24,37.199442
-1428.956,4,37.199535
-1078.3872,2,37.199552
-2267.671,9,37.222999
-752.85706,30,37.223059
-1071.248,2,37.238054
-1322.1373,37,37.238125
-1437.95,5,37.265869
-2892.7305,79,37.288339
-804.8561,12,37.288405
-1759.5621,16,37.28842
-1551.021,15,37.303416
906.8462,38,37.303498
55.916,22,37.329291
-1295.0457,44,37.329345
-1176.8834,31,37.32936
-1089.9385,7,37.345699
-1597.8068,28,37.364815
500.3457,68,37.381785
-1741.5173,26,37.400039
-1379.4325,12,37.400099
-991.5604,3,37.400114
-1161.8367,5,37.418327
214.47656,36,37.418388
-1443.3566,6,37.433802
-1084.4899,2,37.433867
-458.97302,39,37.43388
-789.38824,6,37.433885
-1993.563,11,37.461266
-1426.8867,3,37.474126
-2088.039,12,37.474204
-3069.4458,13,37.487636
-1120.2367,5,37.500894
-660.95776,10,37.514654
-1042.4901,3,37.532609
-1958.721,8,37.532689
-1029.1031,2,37.532704
-1376.9663,5,37.550441
-955.4698,21,37.550528
-1082.0548,21,37.565989
-2681.7163,22,37.566052
-1087.4536,3,37.587978
-1023.57446,2,37.588087
-1572.4309,10,37.621732
-1478.8712,7,37.656976
-1850.531,12,37.673882
4746.949,63,37.673958
-1095.3534,6,37.673981
-1025.1211,2,37.700369
-710.29724,19,37.712969
-1769.8135,8,37.746922
-2413.0442,22,37.776056
-2111.0195,17,37.791349
-519.38605,17,37.805669
-846.427,32,37.805739
-1441.204,10,37.819182
-2113.8398,28,37.83155
-1106.9298,42,37.866854
-1721.617,32,37.879208
-921.2067,4,37.89579
-883.774,6,37.895857
-18.108276,49,37.91121
-3721.4854,32,37.925739
37.272766,22,37.925826
-1051.3293,2,37.925843
-1017.8256,2,37.925851
-947.84924,19,37.941927
-1450.6729,9,37.941979
-1139.3671,5,37.958518
-1005.228,2,37.958616
-1513.1825,3,37.975666
-854.1463,12,37.975729
-520.6289,50,37.975742
-1026.0176,2,37.975749
-1552.3572,44,37.988228
-2035.582,4,37.988285
-717.39856,29,38.003906
-1218.3077,7,38.030642
-504.81268,29,38.030724
-1537.2319,8,38.030742
-2071.1584,8,38.078207
794.3251,26,38.094517
-1215.2052,34,38.094575
-119.362,70,38.09459
-1177.1179,4,38.094595
-1497.8455,8,38.108762
-1043.1669,2,38.122888
-1970.1437,10,38.122944
-1390.2346,10,38.122959
-2126.6387,24,38.139359
-1037.2672,2,38.139443
-1178.6146,10,38.179974
-1765.1816,9,38.210111
-332.3537,63,41.546917
-1188.7354,16,41.547071
-1359.9672,18,41.565681
-2161.5654,35,41.58078
-933.63043,21,41.595973
-2060.6992,14,41.612671
-964.70154,3,41.612767
-879.6457,19,41.639962
3.63385,26,41.655898
-949.1715,4,41.655972
-482.2981,34,41.65599
-1115.8525,3,41.670264
-2160.7246,7,41.670322
-498.64655,62,41.670336
-1060.864,2,41.68656
-1482.1606,17,41.700431
-1814.7185,4,41.718024
-1177.9434,4,41.718204
-864.3251,21,41.730151
-1295.2251,46,41.730211
-1138.2441,3,41.765391
-1103.785,3,41.765466
-1145.663,6,41.765483
-1004.339,2,41.76549
-2975.5781,17,41.791606
-1149.5829,6,41.791679
-1053.6733,3,41.805293
-967.6518,6,41.81719
-1034.2443,2,41.817241
-2225.3208,27,41.852565
-3511.9565,14,41.878022
-935.71576,5,41.8781
-2441.728,40,41.901253
-999.096,3,41.901314
-407.94208,48,41.917415
-1476.3549,10,41.917498
-3679.7725,31,41.917514
272.6172,29,41.952958
-1040.6699,2,41.953067
-701.47644,21,41.967707
-1494.26,34,41.985109
-1240.6552,10,41.985169
-1172.8658,6,42.002615
-2677.7183,30,42.029846
-2074.9443,7,42.029927
-3148.9473,23,42.073741
-631.3931,28,42.073807
-1567.3584,12,42.103423
-1874.3071,7,42.126692
-1960.3706,10,42.143886
238.85046,22,42.143998
-106.280334,47,42.176495
-1114.6803,3,42.189318
-3732.6494,18,42.205221
-1071.3695,3,42.228712
-98.3916,27,42.22879
-1696.7559,10,42.228806
651.52234,26,42.251908
-2798.645,12,42.276391
-1120.587,35,42.276463
-1042.8104,2,42.276479
-3962.1394,14,42.276486
-782.0424,5,42.341136
-1490.5676,14,42.341256
-103.48584,66,42.386926
-1570.3502,6,42.387012
-1325.777,44,42.412525
-2704.8198,13,42.412608
-844.5542,7,42.434301
-151.46765,27,42.459226
-637.22253,17,42.45934
-3797.3523,19,42.459364
682.7203,34,42.487887
-1722.7717,7,42.51308
-1051.1284,2,42.513165
-1048.6453,2,42.513186
-1008.95123,4,42.544889
-1221.0168,31,42.591027
-3437.6633,17,42.591113
-1523.3749,6,42.591131
-1454.6117,5,42.591139
-876.88794,5,42.591144
-527.66895,27,42.650517
-877.53784,14,42.650585
-1010.5163,4,42.650599
-1099.4264,9,42.678094
-1098.1859,3,42.690898
-2060.288,8,42.705525
-1044.0858,5,42.718625
-1867.1428,10,42.746085
-1068.5836,2,42.746125
-446.37164,74,42.746133
-2895.0571,18,42.746139
-1214.0717,4,42.761772
-2161.758,29,42.761843
-1207.7999,27,42.779541
-180.0556,24,42.779626
-940.6809,4,42.794604
-1922.388,10,42.809141
-1772.3044,5,42.82805
-1053.1875,3,42.828167
-1013.5762,2,42.828188
-1934.5048,10,42.839993
-1062.2454,6,42.851368
-1620.6935,27,42.85146
-2623.4966,33,42.878012
-843.1497,115,42.905538
-1196.877,4,42.905615
1696.4268,50,42.905628
-1977.3416,11,42.918586
-2462.6987,9,42.91895
-982.6939,5,42.944907
371.84784,37,42.944975
-1505.0962,7,42.944991
-1145.2114,5,42.944998
-1229.2676,3,42.962226
-1855.8582,10,42.984581
-935.94794,3,42.984646
99.663086,33,42.984662
-1041.3137,2,42.98467
-1130.8215,3,43.001571
-672.7057,35,43.025201
-1063.0028,2,43.02526
-1093.6243,11,43.025288
-2366.326,26,43.025295
-1146.7568,12,43.038414
-863.2994,3,43.038484
-235.1377,63,43.06336
-1338.9222,10,43.06367
-994.0614,7,43.075465
2599.7686,61,43.075521
-986.8745,4,43.094889
-102.36182,31,43.105751
-1745.7771,22,43.119589
-1131.8408,3,43.137113
-1324.1323,9,43.137184
-984.936,4,43.1372
-910.422,8,43.175533
-1040.5242,3,43.175606
-431.58984,16,43.18804
-1762.4987,12,43.200928
-1486.4016,14,43.213314
-1391.0905,10,43.213383
-1600.9446,13,43.213399
-1047.9956,8,43.228638
-950.49097,4,43.22872
-3871.6821,15,43.242006
-1348.6155,9,43.258138
-2304.8223,21,43.272678
-1532.6912,3,43.272988
-2660.4294,33,43.273029
-1258.7819,4,43.31973
-1666.7327,5,43.319801
-1249.103,23,43.335753
-1670.1844,10,43.335818
-1090.6205,4,43.335833
-1156.5468,20,43.335841
-1095.6738,4,43.335848
-1147.9756,22,43.360677
-1720.0388,38,43.360785
-1447.5665,4,43.383352
-978.74713,4,43.383436
-1461.7931,15,43.397407
-1027.8188,2,43.410791
-2520.4248,30,43.424169
-2399.2485,22,43.424251
303.823,73,43.436362
598.68176,34,43.436422
-1059.4801,3,43.490862
-875.5825,5,43.50559
-2596.3904,11,43.505671
-1906.1904,20,43.521197
-1118.8469,6,43.521295
-2168.2495,14,43.546014
-980.2263,3,43.54608
-1108.5925,3,43.560011
-1873.457,4,43.560076
-2919.8997,24,43.588301
-1331.5012,32,43.602044
-2181.7866,15,43.602124
405.81934,29,43.637742
-1030.2242,2,43.6378
644.4711,20,43.637813
-1086.299,4,43.697011
-988.10803,16,43.721889
-1501.8561,14,43.721962
-1051.2065,3,43.739264
-1050.6686,7,43.73934
116.37207,34,43.777563
262.6576,30,43.777629
-2082.6143,12,43.777646
-1642.984,11,43.795702
-1004.99817,5,43.796026
-685.52094,32,43.809229
-2777.2563,40,43.809284
-1147.5879,15,43.809299
-2278.4775,28,43.809306
-1471.8363,5,43.80931
-1235.4202,19,43.822731
-1078.178,2,43.834224
-473.581,32,43.834292
-1584.2887,5,43.848427
-2110.2083,20,43.848512
636.282,28,43.848534
-962.41644,4,43.862257
-1647.2053,24,43.886994
-2773.454,47,43.910806
-1009.6262,7,43.910864
-1570.4039,13,43.910878
-924.443,4,43.910885
-1620.4702,5,43.924938
-1327.3787,9,43.924984
773.945,67,43.924992
-1094.1293,3,43.937585
-1106.3284,8,43.949927
-1128.2168,4,43.959682
387.69336,42,43.970544
-1143.0848,5,43.988115
-1093.5012,2,43.988173
-999.1478,4,44.003456
-2122.234,14,44.003775
-1176.6456,9,44.030645
-2833.9058,9,44.03071
-929.5586,3,44.044893
-1201.3872,20,44.056907
-951.93823,5,44.056946
-937.3872,24,44.073086
-1593.0149,12,44.073178
-503.06732,18,44.118629
-1903.3608,17,44.160229
-2987.245,26,44.160307
-2357.748,18,44.17486
-2020.9148,8,44.174923
-1477.7145,17,44.174938
-923.5672,5,44.186828
-1890.4183,9,44.200464
-2103.9795,28,44.200574
-994.5112,2,44.200591
-1454.9635,4,44.22837
-2838.2969,15,44.242559
-1150.3923,3,44.242639
-1355.2983,7,44.255499
-2433.4756,84,44.268993
-1951.5066,16,44.293144
-1272.0469,8,44.30573
-3697.8547,55,44.331616
-1078.6909,36,44.331697
-72.71106,38,44.344141
1521.1804,124,44.360771
-992.3977,13,44.360846
-1255.919,15,44.360863
-1063.8793,7,44.384045
-2270.7625,10,44.384109
-1587.3823,11,44.421128
-778.49084,31,44.469758
-2366.223,37,44.515049
-1730.2417,10,44.545295
-2550.2715,9,44.558906
634.90955,27,44.558967
-1078.8975,4,44.572354
-1449.274,20,44.638046
-1527.1615,8,44.694556
-215.73999,49,44.694638
-645.4205,30,44.694654
-1391.1323,33,44.727167
-1052.3033,2,44.727225
-1465.6562,17,44.742088
-1107.852,3,44.772835
-1451.5078,6,44.786245
-926.87964,27,44.786312
-1699.8562,32,44.809454
164.45422,43,44.856738
-1737.1558,13,44.856822
-772.9619,17,44.856837
536.7637,74,44.868276
-4436.0044,57,44.895158
-38.889404,22,44.895233
-1878.9995,14,44.910009
145.39514,103,44.925113
-716.2376,45,44.925178
-1146.1017,39,44.939741
-1940.6494,11,44.939855
-1801.2131,10,44.939874
-1513.092,4,44.953497
-2949.8315,15,44.971926
-1139.5428,3,44.985014
-1469.9469,15,45.01136
-1020.6529,4,45.011432
-1100.1747,7,45.024011
-1068.1829,4,45.024081
-1182.6952,13,45.041485
-1853.0334,13,45.041866
-1114.6215,3,45.061611
-1131.2993,3,45.080527
-803.9024,4,45.097673
663.714,90,45.213311
865.65,75,45.213387
660.01514,54,45.22972
-1145.5201,8,45.242237
-1516.2385,18,45.242333
-350.72894,24,45.257747
-444.02985,23,45.270055
-1073.4008,34,45.27012
2217.4438,84,45.291019
-1992.6812,13,45.291094
123.218506,59,45.29111
-1207.002,16,45.314376
-1139.401,4,45.34026
-415.31244,62,45.340334
-3239.2708,21,45.352606
-880.51263,63,45.391174
-1691.8174,5,45.391267
-1877.3057,12,45.410799
-1165.8396,4,45.410885
-1048.0048,3,45.410902
-1225.893,35,45.410909
-1519.7407,4,45.410914
-1155.3625,9,45.410919
-202.5149,27,45.425883
-1025.0847,2,45.425979
-1097.4624,2,45.440543
-1256.198,34,45.478241
-1755.5636,4,45.478594
-463.03146,57,45.478639
-2172.9434,4,45.495931
-1523.4597,17,45.510682
-2144.0952,6,45.525632
-1080.8875,2,45.525742
-1140.6093,30,45.554603
-1477.3225,4,45.554749
-1049.6038,3,45.582598
-1009.0163,2,45.596483
-2625.3325,11,45.631936
-1221.3944,33,45.764237
-1082.6675,2,45.764331
-2887.9043,11,45.764347
-1742.1439,11,45.79986
-1037.231,3,45.841075
-2330.1667,16,45.841144
-1305.0227,30,45.859879
-1182.536,17,45.859975
-4228.5215,25,45.859993
-1058.07,2,45.876675
217.11723,28,45.876741
-1140.3335,31,45.876759
-979.8706,4,45.895329
-1324.8344,48,45.895423
-1045.5653,2,45.895493
-941.02356,3,45.923231
-914.70605,4,45.956596
-1071.9648,2,45.956738
-1162.7853,16,45.956761
-1460.7043,9,46.039518
-3301.4812,36,46.039598
-385.3233,37,46.039613
-2000.4196,22,46.054486
-1134.6086,67,46.054709
-621.6767,17,46.072184
-1166.5588,12,46.072234
258.0775,32,46.095314
-1981.0037,23,46.095454
-1115.4606,3,46.112566
-1043.3114,2,46.112909
-569.85614,23,46.131698
-1080.6797,4,46.148472
-1713.7449,7,46.167559
-1991.0065,8,46.184291
-942.0991,68,46.20046
-2425.8247,16,46.237187
-914.9413,4,46.237381
-1428.3777,8,46.263641
-868.3998,9,46.263753
-1255.19,8,46.263772
-1015.96564,8,46.280403
-2449.982,13,46.297209
-1052.5385,2,46.297281
-772.9553,27,46.331505
-1423.0486,4,46.331572
-975.51495,2,46.362356
-1740.9316,12,46.362456
-1899.0933,42,46.362475
-2224.8423,30,46.362483
-1051.0387,6,46.396965
-1020.20825,19,46.397045
-1561.9178,10,46.397071
40.97107,59,46.432799
-587.2016,27,46.487832
-1001.2496,6,46.488011
-4118.802,33,46.534403
-991.0663,5,46.534592
-1030.6343,15,46.534724
-1462.5886,4,46.534805
-1580.7737,10,46.560457
-1097.1036,14,46.58916
-1050.5647,23,46.589321
-1480.7155,43,46.615725
-1028.395,2,46.642133
-2005.4861,12,46.642436
-1895.9073,9,46.657687
-1078.5645,6,46.674583
-1149.1324,13,46.691219
-915.11224,3,46.724589
-1616.6604,15,46.724765
-1484.0155,5,46.756217
-161.75739,47,46.785058
-900.7428,6,46.785242
-1022.97406,2,46.785263
-1238.9297,5,46.808883
-3451.6719,44,46.82186
-1535.5408,6,46.839087
-1577.4131,4,46.839149
-962.0808,5,46.839163
1657.2059,68,46.839171
-1217.447,5,46.874743
-2036.2458,30,46.888712
-888.57764,11,46.928889
-1388.3899,66,46.928957
-820.9678,9,46.957009
-1261.7122,6,46.97343
-1817.6743,10,46.973531
-1114.8923,3,46.973546
-989.52814,33,46.989496
-2905.6548,42,47.015118
-1067.6122,2,47.015348
-1111.1311,4,47.03828
-1266.6731,22,47.038336
162.02948,31,47.038351
-747.99084,32,47.038357
-656.93286,19,47.054762
-2412.0967,8,47.054835
-1039.1334,2,47.075347
-1746.7009,5,47.106975
-3094.434,47,47.107051
-791.07385,18,47.107082
-1409.9878,4,47.130821
-1095.4948,5,47.130888
-1039.5549,4,47.130901
-75.79175,38,47.155975
-934.0245,4,47.176363
-2683.626,43,47.176449
-1113.8408,5,47.191496
-1008.3548,2,47.206317
-771.04065,14,47.206359
-1922.9794,40,47.206369
-2568.7388,17,47.238412
-992.3767,25,47.27122
-1399.3699,14,47.271271
-1026.6316,2,47.271299
-812.7629,6,47.271305
-1435.4275,11,47.28229
356.74768,30,47.29483
-1026.7256,2,47.294894
-965.5025,47,47.29491
-1044.3644,2,47.314098
-1590.4552,7,47.314178
-1760.4996,16,47.326888
-2135.6304,55,47.341312
-1046.9274,5,47.341415
-1761.3674,10,47.341438
-1116.8712,3,47.341448
-755.0574,48,47.354517
-1049.7837,2,47.371996
-936.5151,5,47.391498
-1048.6049,5,47.391591
-944.9118,4,47.405975
-1274.7524,7,47.406021
-1005.0111,2,47.427855
-156.8963,19,47.427916
-1195.4633,7,47.44007
-1888.6292,18,47.483381
-994.9069,3,47.483467
-1690.7772,10,47.495037
2870.4202,93,47.51303
-1164.572,34,47.513685
-1258.1787,7,47.53897
-1629.9366,8,47.564341
-2593.9858,17,47.585204
-934.3054,5,47.585281
-1435.4977,5,47.585302
-1068.387,5,47.616513
-1958.1411,11,47.616594
-1636.9121,12,47.616607
-1590.4053,11,47.616614
1365.8109,67,47.6936
-1024.1824,2,47.693701
-879.02563,4,47.776908
-707.84814,29,47.816699
-706.3788,55,47.855643
-1385.1598,40,47.855863
-1258.2965,9,47.886873
-1066.9978,2,47.886938
-1034.3362,2,47.921264
-1867.7251,13,47.94892
-1081.029,2,47.97638
-318.1532,40,47.976457
-633.79083,32,47.989083
-1228.3838,12,47.989154
-1721.2689,14,48.001678
-1973.3848,30,48.044135
-1681.8881,51,48.044201
261.91016,16,48.044217
-1184.2109,6,48.091586
-1546.126,6,48.120931
274.94348,49,48.146254
-984.4606,24,48.170246
-813.4184,35,48.206796
-2240.6328,18,48.206883
-865.6717,5,48.267332
-1371.7802,6,48.26738
-3755.185,25,48.26739
-1115.4752,5,48.322353
-1930.4767,10,48.322417
-1031.3639,2,48.322433
-1179.7332,4,48.322438
-3500.3354,26,48.369538
-2743.3984,22,48.369629
333.36316,33,48.392591
-1019.2513,6,48.425151
-1059.138,28,48.425239
-1020.38904,19,48.453447
1387.2372,46,48.453495
-1006.743,5,48.453507
-1130.8257,6,48.480132
85.15259,52,48.480217
-2070.9863,12,48.480234
-1569.0067,7,48.500372
-1366.4907,10,48.516571
-1480.2417,3,48.516648
-1129.8293,3,48.530063
-1079.6779,6,48.541951
-809.42847,5,48.555876
-1006.3097,5,48.555923
-1545.3667,16,48.584961
-891.2626,4,48.618027
-1230.6844,24,48.643662
-2163.5266,67,48.643763
-1034.2537,8,48.702445
-1218.383,9,48.702594
-901.7547,3,48.722374
-1602.3467,8,48.751913
-1344.3135,17,48.788378
-2446.0654,21,48.78846
-1056.3201,6,48.809186
-506.87555,33,48.820948
-1037.3113,2,48.83633
-1132.0128,19,48.836398
-394.28265,40,48.862367
-1525.1777,13,48.875087
-1591.1113,53,48.875138
-1426.2672,22,48.888147
-973.43866,2,48.911762
-154.92383,48,48.932819
-1558.151,10,48.932903
-1045.0355,2,48.951186
-1013.0856,2,48.966153
37.457214,29,48.983974
-1572.8926,7,48.984073
569.92303,51,49.010533
-1095.7761,2,49.010661
-2483.052,13,49.038513
-1025.5234,3,49.067963
-1701.8987,12,49.06803
-4250.219,25,49.068046
-673.9679,11,49.068052
-1009.60944,2,49.068058
-1686.0692,28,49.084571
-1975.2739,20,49.098563
-1118.4763,27,49.132765
-860.8579,5,49.132837
-985.98364,3,49.146695
-2301.656,8,49.162202
-1039.3369,2,49.162279
-1453.3527,7,49.175649
-1285.3085,62,49.202149
-2600.7378,42,49.218528
-1383.1019,4,49.23293
492.04236,60,49.233003
-439.43622,31,49.233017
-3548.4363,29,49.233022
-1688.3254,11,49.243217
-1034.6416,2,49.255703
-1007.0427,3,49.272338
-1258.0365,24,49.272458
-1532.6135,8,49.296395
-962.80347,5,49.310551
-3537.2708,24,49.310634
-2657.0884,23,49.310657
-1128.5687,3,49.323947
-1265.5474,6,49.337026
-999.48224,4,49.402375
-1954.44,7,49.402463
-1522.9163,26,49.402491
-1637.6763,21,49.429581
-1050.073,7,49.429677
-1148.2781,6,49.429727
-1084.6221,2,49.442458
-726.7701,56,49.455227
-816.26483,22,49.455289
-974.1369,2,49.4746
-2543.6367,28,49.490996
-1204.6426,11,49.508089
-1508.1646,9,49.590359
-769.57465,6,49.605244
-1156.1334,21,49.627584
-1566.0103,9,49.641408
-973.49927,32,49.641505
-1260.3079,12,49.663981
-1542.8711,14,49.678595
-1670.7234,58,49.678667
-1603.5498,49,49.694638
-1491.689,14,49.694741
-2651.3672,14,49.694762
-1033.8322,2,49.694769
-1314.1445,7,49.711268
-1307.06,5,49.71135
-1103.2413,3,49.726422
-1951.7668,5,49.726491
-1628.1244,28,49.72651
-2615.7341,30,49.737762
-1034.242,4,49.759954
-1043.1113,3,49.772786
-1563.5667,9,49.794869
-1433.2622,3,49.813265
-900.5428,6,49.826642
-1016.30286,37,49.840527
-1147.519,28,49.853389
-1067.2402,3,49.869132
-2432.8381,11,49.869221
-1441.7446,5,49.881792
-1263.6243,48,49.896098
-975.60803,2,49.896198
-1660.52,13,49.896215
-1454.4188,5,49.909976
-1025.6725,2,49.922557
-1026.0774,2,49.937808
-803.71765,11,49.938075
-2262.6597,14,49.938095
-1031.8016,6,49.956417
-1061.4906,5,49.956665
-952.13837,11,49.956692
-1217.8627,37,49.956701
-355.1422,28,49.970734
-3708.625,18,49.970819
-1333.7253,20,49.985511
-1079.082,2,49.985577
-1448.9963,5,49.997636
-1622.5673,19,49.997699
-1090.9615,4,50.011259
-1508.6647,20,50.011336
-960.6011,4,50.011354
-2017.612,9,50.023091
-2423.8384,6,50.023173
-1150.0557,6,50.045182
-1661.6793,54,50.058925
-1012.2398,6,50.072307
239.27698,57,50.088777
-986.40955,7,50.105569
-1022.21423,2,50.105644
-1329.8402,6,50.105659
-573.9855,15,50.135463
-1229.1702,6,50.135527
-432.0725,33,50.135543
-1198.4639,10,50.151011
-3582.003,20,50.165461
-2046.7708,70,50.165527
-1776.7368,10,50.179881
-2475.3096,8,50.179964
-1105.5219,5,50.225002
-1435.4463,8,50.240136
-4107.5015,10,50.254687
-1161.4286,10,50.278231
-923.7206,4,50.294064
-792.346,50,50.294166
-2854.5508,18,50.294181
-972.2392,8,50.308813
-1006.1699,2,50.308884
-937.8617,4,50.324016
-2357.0542,18,50.324128
-1071.019,2,50.356498
-1529.9158,11,50.356792
-2225.0864,40,50.374813
-1140.8585,4,50.388289
-1052.2491,2,50.388362
-974.04407,18,50.40581
-1207.6412,6,50.405849
-182.56635,54,50.405861
-754.22925,7,50.405866
-1509.5402,18,50.420501
-1294.9607,5,50.44211
-1733.6887,13,50.458382
-1337.513,21,50.486627
362.34558,73,50.510578
-1032.9736,2,50.510634
-1838.5974,36,50.564845
-1643.5955,7,50.564927
-1135.0885,26,50.619844
-1014.95966,2,50.619909
-1491.0173,9,50.635792
-2091.3965,10,50.635833
-1607.3491,13,50.674911
-498.7392,34,50.714637
-536.3416,30,50.793205
-1329.0205,44,50.793283
-1794.1063,11,50.84304
-919.22003,7,50.843149
-62.384216,17,50.897887
-2313.3218,24,50.897984
-1816.8469,17,50.898003
-957.626,19,50.89801
-826.6331,5,50.952933
-3427.6035,45,50.95304
-939.16437,2,50.953061
-993.4117,14,50.953068
-973.0068,7,51.000487
-1073.4331,2,51.000601
-1105.7213,3,51.066672
-1125.7886,4,51.06675
-881.099,10,51.066769
-1409.3317,10,51.066777
-1022.345,3,51.097564
-994.29816,5,51.138488
-883.7781,7,51.252325
-1065.2223,7,51.338557
-667.8898,34,51.338636
-1238.5247,7,51.370197
2611.4011,58,51.417404
-1824.0905,14,51.430704
-830.8933,57,51.455757
-717.1561,26,51.455832
-1682.3033,20,51.492543
-796.0508,16,51.515637
271.4557,19,51.547512
-1292.4663,44,51.547598
-1636.2753,4,51.562712
507.4491,40,51.562801
-1135.725,8,51.577154
-2812.8115,12,51.577224
-1036.7858,2,51.59244
-835.4009,35,51.629265
1024.5417,27,51.629333
-2118.3096,17,51.62935
-2526.2957,11,51.629358
-2053.3027,9,51.679347
-893.2715,4,51.679417
-1487.2056,29,51.692363
-1799.6416,5,51.692433
-2275.1152,68,51.74926
-1385.1226,13,51.749321
-2845.538,9,51.749335
-3607.6113,50,51.777581
-1044.5752,4,51.805573
-865.50037,16,51.805638
-1465.0317,21,51.805655
-1992.9158,37,51.840116
-951.5874,21,51.840184
-1101.6199,3,51.856216
-1063.3483,4,51.87712
1076.8473,46,51.877165
-863.09576,24,51.890816
-991.5421,3,51.90772
-1642.2815,11,51.934196
-703.86694,24,51.93428
-314.71667,34,51.950822
-950.39465,3,51.950919
-1830.2114,7,51.968468
-995.62476,5,51.968544
-1830.4404,10,51.984238
-3147.5488,65,51.984337
-1147.8359,41,51.999436
-2720.27,50,51.999599
-1065.257,13,51.999633
-2061.2769,50,52.021
-1001.74695,2,52.0211
-1463.2646,7,52.048869
-1377.2388,5,52.048963
-1013.8981,26,52.04898
-3248.5024,21,52.048985
-992.3517,2,52.04899
-917.32947,6,52.065083
-969.41266,2,52.065221
-1044.6772,2,52.065241
-1352.7219,13,52.079648
-1038.8643,2,52.079739
-1078.4155,3,52.094744
-1082.1797,3,52.094858
-1533.5455,10,52.11222
-1016.6012,2,52.112299
-968.30646,7,52.128255
-1091.116,3,52.12836
-1082.2388,2,52.142578
-1320.5732,8,52.142667
83.56311,28,52.142684
-411.6004,58,52.174394
-1911.3066,13,52.191068
-1130.9353,3,52.19117
-1068.5286,6,52.191191
-1410.5464,16,52.209483
-818.20734,10,52.22269
-1645.7644,3,52.238513
-1094.7595,3,52.238581
-1072.9504,8,52.270416
-750.0559,17,52.270494
-1661.3188,14,52.27051
2563.652,60,52.286923
5.541748,53,52.304315
-866.281,6,52.304392
-1043.6483,3,52.338614
-974.29443,20,52.365525
-1123.2106,9,52.380816
-980.3076,16,52.380887
-126.47095,25,52.380905
-1485.4583,7,52.380911
-1836.7646,7,52.408241
-823.6407,5,52.408302
-1224.3062,8,52.429965
-1237.6338,4,52.441905
-2307.8562,5,52.456575
-2004.1118,5,52.493695
-1576.2441,8,52.493798
-2257.5503,21,52.531111
-1378.4995,25,52.53142
-1832.6199,27,52.531489
471.3495,18,52.531501
-1277.3649,5,52.531507
-977.04834,4,52.556902
-876.08734,3,52.573576
-2450.3528,5,52.614081
-1134.8226,11,52.614144
-752.63525,44,52.61416
-935.9146,6,52.627751
-438.92633,28,52.627825
-909.6183,14,52.649931
-809.7763,7,52.650013
-1077.9537,7,52.650031
-1957.5923,59,52.665486
-1042.0608,2,52.66559
-1098.3372,3,52.693623
-1068.8256,3,52.693754
249.60413,58,52.712947
-1049.7719,35,52.713069
-1918.9487,6,52.729323
-3199.6328,10,52.729389
-6.019348,31,52.776189
-332.15436,27,52.819142
-1915.4878,15,52.819206
-2020.4119,11,52.830487
-1596.3936,49,52.844469
-1165.1252,15,52.844884
-1041.1641,2,52.861742
-2974.1414,11,52.884022
-996.19775,49,52.917817
-1592.8492,18,52.9179
-1285.9073,26,52.957745
-1775.3154,13,52.957908
-801.18964,15,53.007287
-910.163,5,53.007518
-709.63086,44,53.007545
-3065.769,36,53.080498
-782.4042,5,53.111848
-1011.68945,6,53.164018
-99.203125,24,53.198447
-998.9622,3,53.19854
-1555.2205,22,53.284908
-1078.0911,86,53.285001
-1223.1726,17,53.315844
-1201.2543,4,53.315925
-1417.0492,44,53.455689
-1457.7722,25,53.455802
-973.6917,6,53.489598
-1055.0304,2,53.519253
-990.62866,20,53.519366
-953.10913,3,53.547961
-1919.002,14,53.570074
-2173.7148,11,53.570148
-1271.2488,22,53.600256
-1796.133,4,53.616745
-4648.6274,27,53.616806
-1194.6548,45,53.647406
1873.9836,67,53.660693
-1192.0797,81,53.67788
-1866.6218,27,53.677971
-1185.3802,3,53.703836
-1024.4801,2,53.703898
-1049.7876,9,53.703913
-1337.5557,16,53.732224
-1144.2256,6,53.732314
-2125.538,30,53.746977
-199.02118,39,53.747072
-1082.3208,2,53.761281
-3015.8772,6,53.761365
-1400.1841,14,53.780328
-935.8999,5,53.780422
-1208.9116,7,53.806967
305.66882,51,53.807027
-1309.4312,20,53.831563
-1420.7844,5,53.83163
-1894.4526,7,53.848688
-2384.3333,16,53.848786
-2029.2754,30,53.864088
-1148.0486,5,53.864161
-1128.5272,4,53.879216
-1066.874,4,53.879305
-398.1233,41,53.891868
-161.54376,43,53.891922
-1088.0543,5,53.910463
-2319.3188,19,53.910542
-1210.8838,10,53.92631
1048.3496,60,53.92638
-1433.9772,6,53.940764
-1231.5867,7,53.940845
-1043.1306,3,53.954345
-1022.7316,2,53.967452
-1845.9916,5,53.9963
-1079.4231,6,54.010362
-2079.9702,15,54.010422
-1419.189,10,54.032775
1054.3221,63,54.032844
-1885.9856,28,54.046556
-1023.1413,2,54.04665
-3021.0825,6,54.061047
-1156.783,3,54.061106
635.66125,23,54.06112
1447.0182,36,54.079687
-1127.2642,3,54.079772
-989.0426,3,54.079788
-302.43463,59,54.094858
-1264.7843,3,54.094931
-1017.8088,2,54.094954
-1031.9996,3,54.115731
-1077.0803,3,54.153458
-3746.8237,58,54.153529
513.0629,25,54.153546
3.2392578,19,54.166817
855.5552,53,54.166882
-993.3512,20,54.181539
-327.89532,19,54.197087
-1701.8345,22,54.197182
-1507.2886,6,54.211979
-1520.0258,7,54.212046
-1025.6599,20,54.212063
-1066.7681,4,54.227724
-1224.1527,30,54.249647
-1756.4729,10,54.249714
-808.6781,18,54.249731
810.3428,54,54.269211
-965.12634,6,54.269301
-1031.2195,3,54.320766
-1099.0797,3,54.34174
-2245.0344,10,54.34204
-874.7543,11,54.379041
-2669.0713,9,54.379222
-1007.69995,2,54.411538
-1889.457,6,54.411735
-1630.7812,9,54.493076
-1652.3671,10,54.493417
-1455.5222,7,54.560799
-3591.1426,13,54.56086
-1238.863,10,54.560872
-1376.3663,5,54.591617
-1532.9087,14,54.620658
-1123.2087,3,54.654441
-1938.1096,5,54.654848
-993.5093,2,54.686681
-1774.8086,18,54.727699
-1079.172,4,54.727771
-947.1293,5,54.727782
-1434.9265,7,54.791589
-1100.975,2,54.791748
-742.44995,13,54.791824
-1725.8185,11,54.791894
1509.869,33,54.820304
-957.38074,33,54.925786
-955.6667,4,54.925966
-993.7255,3,54.926046
-2290.9785,5,54.959491
23.590149,41,54.959655
-1614.2871,44,54.992356
-3032.8218,11,55.08848
-634.63464,29,55.112558
-797.9335,10,55.112638
-1660.582,7,55.126259
-458.27893,37,55.126345
120.36975,40,55.144122
-1523.2095,6,55.144186
-1140.3801,7,55.1442
-3213.6812,18,55.171978
-968.3053,5,55.181315
-1200.105,4,55.194663
-3285.9473,12,55.207118
-4038.2507,14,55.221192
-1600.4983,14,55.221278
-1217.022,4,55.23414
-1342.3038,32,55.245296
-1962.7925,5,55.262274
-1462.6707,10,55.262336
-1024.2074,4,55.26235
-1067.8113,2,55.28464
-868.407,6,55.299877
-730.0089,33,55.299965
-1108.8671,3,55.299999
-2126.2231,52,55.312533
-1019.54767,2,55.342389
-3398.7905,15,55.342471
-2395.517,18,55.342491
-1379.1533,18,55.375527
-599.9862,41,55.400088
-1027.0972,2,55.400163
-1514.1409,4,55.453601
-1070.1106,3,55.489202
327.4181,48,55.489288
-866.6128,5,55.51633
-131.58734,19,55.516393
-1019.3008,3,55.555202
-1164.237,60,55.578952
-961.9201,5,55.592619
-669.3064,39,55.610007
-950.81287,18,55.668579
-494.36703,24,55.668668
-1686.8131,71,55.690134
-1478.7383,9,55.690193
-26.843628,25,55.705744
-1704.071,21,55.705813
-969.14307,6,55.70583
-2605.4724,49,55.721483
-2492.4995,14,55.757716
-1050.4707,2,55.757789
-1012.4238,2,55.757808
-377.11816,16,55.757815
-267.2074,26,55.809164
-1180.8134,5,55.8283
-2741.9834,38,55.828413
-1931.3667,4,55.84558
-928.1325,4,55.845654
-505.83887,32,55.845667
-1037.5183,2,55.858371
-1019.9394,2,55.858437
-1008.5635,5,55.85845
-1553.2189,9,55.871326
553.0254,29,55.871401
2058.184,58,55.888926
-902.69574,27,55.889001
-993.70087,2,55.900086
-1471.3435,14,55.91599
-924.233,4,55.91608
-1692.0758,7,55.942504
-1389.2834,7,55.965117
-1694.3872,99,55.965208
-1085.9005,3,55.965236
-1054.1372,2,55.983565
-1066.6912,2,55.998281
-1558.3657,10,55.99834
-83.86133,25,56.012937
-1046.9318,3,56.043909
-1042.0215,2,56.044222
-477.50348,15,56.044263
-1710.2178,11,56.07448
-1696.5562,7,56.074553
-1065.166,3,56.087777
-4184.7905,36,56.101683
-2808.624,57,56.101776
-995.1281,2,56.1018
-1407.2722,7,56.101809
-370.04852,21,56.101816
-132.07587,71,56.125887
-908.2366,5,56.125946
-1043.3131,2,56.144605
-1061.7734,2,56.145109
-1115.6112,3,56.145155
-1020.5467,3,56.162689
-1842.9255,50,56.162779
-1444.8014,3,56.179076
-1082.5021,4,56.202773
-1106.9408,20,56.202863
-1290.5059,22,56.202887
-1083.9918,3,56.24801
-594.2029,36,56.248508
-1117.332,3,56.300629
-2662.3682,35,56.315737
-1724.2498,7,56.31579
-1733.0365,6,56.3158
-948.6966,3,56.315806
-2607.0479,49,56.337631
-950.72577,5,56.337721
-1217.657,3,56.355288
-1075.636,2,56.355361
-2163.734,20,56.355378
-726.8475,35,56.384516
-907.83484,4,56.400806
-3250.1624,16,56.400864
-1080.6418,5,56.400879
-1050.9508,2,56.414431
-2375.8604,8,56.446526
-2169.3984,8,56.446598
-3122.3958,12,56.446617
-1090.3638,4,56.461326
-1515.489,31,56.474129
-657.84766,33,56.474254
-1007.5337,3,56.492124
-1038.6884,3,56.492182
-1137.5815,3,56.532105
-523.7759,49,56.563803
-1198.8837,14,56.564121
-1057.853,3,56.588227
-2301.6792,7,56.602371
-1041.1014,3,56.615666
-1566.5768,26,56.615741
-1024.7318,2,56.629671
-1195.2415,25,56.629728
-1758.2256,46,56.642529
-957.8812,12,56.660347
-833.22766,20,56.660407
-923.80286,3,56.660421
-1049.4784,3,56.682724
-1048.0323,2,56.682802
-1165.8925,4,56.701031
-2530.2764,3,56.727118
-2166.6882,22,56.752229
-916.9834,4,56.752304
942.52673,45,56.765575
-1448.1274,7,56.810354
-906.3612,24,56.823438
266.05933,26,56.823508
-1811.1895,8,56.865887
-1842.877,30,56.865986
-656.9333,7,56.866005
-1607.7576,20,56.887057
1614.9111,40,56.903605
-1278.6273,12,56.917259
-18.02356,30,56.936905
-990.16766,5,56.951689
-973.80255,5,56.951776
-1076.9059,4,56.96646
-2817.6177,64,56.966567
-1486.8208,41,56.983813
-1250.9359,10,56.983871
-869.51544,8,57.013652
3117.0977,58,57.02645
421.46246,36,57.05026
-1770.5771,16,57.064098
-1122.7356,3,57.080202
-1471.164,26,57.080282
-3359.7383,32,57.094455
-849.1835,6,57.108339
-1422.753,9,57.122478
-1163.4489,4,57.139008
-1758.1304,11,57.13909
-904.9989,3,57.139114
-5119.704,31,57.152511
-1027.5187,2,57.168241
-614.6609,14,57.168328
-855.7084,5,57.182524
-1905.5251,8,57.196839
-1165.9291,3,57.211611
-1153.9955,22,57.211705
-1048.4349,5,57.211726
-2713.9136,16,57.229107
-341.99268,68,57.241675
-1025.8475,6,57.252844
-1006.0724,2,57.282375
-834.4966,23,57.310211
-1076.101,2,57.310277
-3089.8083,14,57.32861
-2748.938,27,57.344936
-590.6603,40,57.363547
-1640.1359,45,57.363616
-945.8532,48,57.363633
489.03906,75,57.379597
-990.5141,2,57.400192
-2673.8464,13,57.400249
-1131.1127,3,57.412592
-1487.069,34,57.440669
790.46375,71,57.4523
-900.67444,4,57.452366
-1028.7625,6,57.452406
-1049.6162,2,57.473214
-652.98926,43,57.48856
-1531.254,7,57.50107
-995.2887,4,57.520471
-1329.0858,12,57.520555
-1325.305,5,57.53636
-1039.5813,2,57.554518
-1491.6254,15,57.554598
-162.24304,22,57.554613
-2229.6953,14,57.572309
-2017.2075,24,57.583506
-166.00177,23,57.583581
-1602.4026,4,57.64602
-1312.4176,30,57.646103
-231.47925,26,57.646121
-917.80743,19,57.646127
-3063.7944,10,57.661561
-2169.0498,10,57.675113
-1093.1932,2,57.675227
1761.8047,95,57.692888
210.94592,46,57.692985
-1207.5792,6,57.717035
-1567.7361,32,57.717123
-1078.5182,4,57.717138
-1003.2027,5,57.733458
-2487.7104,10,57.733529
-964.06067,5,57.759546
-893.3615,4,57.794777
-1007.6275,33,57.794819
-1056.5284,3,57.818277
-1811.0483,19,57.868282
-1194.2517,4,57.868342
-1088.7666,5,57.885347
-177.39099,18,57.911777
-594.7031,21,57.930573
-1988.322,15,57.930945
-750.03064,54,57.930969
238.9353,24,57.930977
-2430.2131,13,57.930982
-749.9374,7,57.97733
-2256.0613,17,57.977415
-2138.272,11,57.994333
-1176.7208,5,57.994401
-728.7224,17,58.012352
-1562.374,8,58.012393
-476.23975,25,58.012403
-1092.2859,3,58.042205
-920.59937,28,58.042275
-1232.5046,39,58.042302
-2149.5269,8,58.055306
-1743.2717,9,58.078315
-1290.2836,4,58.078403
-1028.6306,6,58.092774
-927.0601,5,58.092824
-2113.568,9,58.12487
-1035.3162,2,58.124946
-1791.2219,13,58.142921
-1801.027,10,58.177813
-5504.9355,45,58.177871
-2008.2783,6,58.177885
-3098.604,9,58.197848
27.392822,33,58.197933
-1601.7114,8,58.231469
-1701.5286,7,58.249875
-1059.0514,4,58.249915
-1743.0493,37,58.275134
-1189.1008,5,58.275191
-1160.8424,6,58.288889
-1249.4484,14,58.301813
-1610.3953,24,58.322824
3131.491,77,58.322901
-1453.9226,9,58.322921
-1954.0642,37,58.322928
-2075.0483,14,58.356043
-1212.4443,23,58.356105
-1448.022,5,58.370778
-994.04095,6,58.37084
-1098.7844,21,58.383946
-998.9922,20,58.38401
-1723.5955,7,58.411089
-2112.214,9,58.411151
-941.95624,5,58.430706
-1922.7029,35,58.430766
-1173.9392,8,58.451472
-541.9149,82,58.479432
-1131.3878,3,58.479522
-1096.5073,2,58.479535
-1005.0173,4,58.479594
-1039.0887,6,58.510419
-1875.599,50,58.510497
-1722.5731,11,58.537698
-955.69794,3,58.556072
-1014.3582,3,58.556138
-1170.0082,5,58.556165
-1975.9031,11,58.556175
-3401.6772,14,58.570582
-3296.808,40,58.570657
-1973.9741,16,58.570674
-805.96106,17,58.587115
-701.74536,13,58.587216
-1009.73035,8,58.604964
-1078.7659,4,58.617894
-1002.2885,4,58.63456
-3544.412,71,58.634626
-1736.5198,13,58.634643
-1299.2535,11,58.650017
-1014.5071,2,58.664565
-343.5473,32,58.679478
-902.12915,4,58.695804
-2050.2856,21,58.695881
-1861.5632,9,58.695895
-981.3268,2,58.695901
-3163.6987,15,58.712072
-1052.6498,2,58.712146
-649.29614,26,58.72661
-2765.644,12,58.753768
-1196.8925,7,58.753856
-1173.0632,33,58.768433
-1225.5275,5,58.785988
-926.37915,5,58.786077
-1131.0359,4,58.786093
-1031.0137,6,58.84356
-1878.6124,15,58.861659
-2034.5208,8,58.86174
-1644.2129,11,58.873271
-2568.5034,7,58.891389
301.07782,20,58.891479
-1198.7576,22,58.891496
-1427.294,7,58.891502
-1091.6282,2,58.891507
125.18872,53,58.891512
-760.8495,8,58.891517
-1500.4584,8,58.905615
-1239.6832,12,58.905693
-1106.4468,3,58.94325
-899.2081,6,58.989508
-704.0167,25,58.989582
-1062.8201,7,58.989598
-1792.3955,47,58.989606
-1526.2393,9,59.004758
-2052.9597,10,59.004892
-2715.3374,81,59.031956
-1021.4053,2,59.044855
-1209.9961,30,59.070571
-3405.8374,11,59.087384
-1192.8274,23,59.087497
-1034.5994,3,59.117521
-1715.3646,28,59.117608
-1009.57605,9,59.145587
-1016.63574,5,59.161662
-1143.0347,11,59.183582
-63.80426,39,59.199327
-2332.625,12,59.199397
-412.77808,36,59.199411
-1504.2092,19,59.218194
-1427.8264,7,59.233473
-2141.8396,20,59.249018
-942.73474,3,59.249086
2697.9485,63,59.249102
-1943.7007,6,59.265579
-329.04187,21,59.265649
-745.324,14,59.278275
-2580.95,17,59.305336
-1322.194,44,59.305438
1913.6008,78,59.384372
-172.65417,31,59.384429
-1476.8145,31,59.384442
-1944.5178,9,59.384449
-3383.5063,15,59.399696
-1111.6704,11,59.399754
-2276.8,28,59.427837
-1041.7455,3,59.427894
-3409.1663,13,59.442893
-1019.8734,4,59.442977
-1060.6494,2,59.453894
-871.53284,5,59.473716
-2286.1597,38,59.488181
-3586.9868,21,59.536615
-2335.6814,9,59.536723
-1591.0165,7,59.557966
-356.48364,17,59.558048
-102.57721,23,59.558065
-2605.4546,12,59.574081
-1833.2369,9,59.574129
-907.7513,6,59.585639
-1181.0808,32,59.598882
-1021.4083,4,59.614039
-751.1971,25,59.614161
-1057.014,4,59.614181
-986.9918,25,59.647646
-602.664,31,59.661843
-1761.5461,44,59.691114
-1047.2637,2,59.717317
-1153.8925,11,59.736351
-1625.0709,9,59.752101
-1811.9893,37,59.752172
-1007.50085,13,59.804892
-3187.0002,19,59.828527
-360.6659,37,59.844385
-431.51074,31,59.844475
-662.6796,47,59.844494
-2297.4565,27,59.858993
-1045.9326,2,59.87261
-1692.1211,20,59.898884
-263.02875,23,59.898993
-982.7656,7,59.934867
-1485.7146,11,59.969146
-123.834656,49,59.969214
-2142.3599,9,59.984759
-3320.0361,19,60.000087
-2670.573,9,60.000154
-371.38623,37,60.030857
-1668.067,10,60.030941
-1540.2163,19,60.030958
-888.7699,64,60.044423
-648.306,73,60.065945
-2318.062,9,60.086395
-713.98706,28,60.086487
-3690.3145,11,60.086505
-1042.9147,2,60.102526
-1630.197,4,60.102603
-1640.4463,23,60.10262
-842.7789,7,60.113904
-717.4503,35,60.127276
-1571.2739,10,60.127334
-995.53394,5,60.127348
-1056.1737,4,60.14016
-1667.7859,19,60.140215
-899.9111,4,60.14023
-874.8875,27,60.140238
-1528.6091,11,60.154979
-1038.6028,2,60.155046
-2275.3486,5,60.168905
-1025.7283,2,60.168985
-1058.0586,2,60.169004
-1160.3665,5,60.194631
506.4146,41,60.194714
-994.6025,3,60.217304
-717.47485,12,60.21738
-1147.733,3,60.217398
-927.74976,6,60.217405
-1800.3994,6,60.230405
-1051.3776,2,60.250979
-1046.2881,2,60.251039
37.73755,41,60.262952
-810.2604,4,60.277314
-2032.063,12,60.277393
-597.3192,26,60.311933
-1075.0847,3,60.326914
-1667.3168,58,60.326967
-823.7604,10,60.32698
598.01953,103,60.339167
-1429.5226,13,60.352958
-2407.043,7,60.353054
-1066.0658,3,60.353072
-980.2223,8,60.380357
-2175.8486,12,60.397602
-1750.1884,15,60.397679
-1414.998,7,60.397693
-2756.1482,57,60.415119
540.46027,25,60.428919
-1153.9313,6,60.429014
-1165.3746,3,60.446006
-1744.4446,14,60.44613
-111.09003,60,60.463859
-1463.2579,12,60.463928
-1073.6628,2,60.479048
-220.11627,30,60.479125
-1002.2058,5,60.479139
-1203.0387,8,60.493265
-1314.7711,26,60.493342
-1107.2351,3,60.518462
-3496.3022,27,60.518541
-1646.2726,12,60.518557
-1129.3085,6,60.532059
-1760.854,4,60.547553
-671.1112,20,60.547638
-842.17004,6,60.54765
-1675.03,10,60.575886
-1317.6001,6,60.616234
-1269.755,11,60.630527
-1558.5651,7,60.630628
-1205.3159,5,60.630643
-892.06647,5,60.630649
-688.948,13,60.630654
-2086.3975,14,60.63066
-856.3647,8,60.656248
-462.18707,34,60.656292
-1052.348,2,60.671172
-1374.164,3,60.67126
-1708.6985,17,60.671275
-1061.5604,6,60.684602
-904.3073,4,60.700022
-482.81503,47,60.716509
-1513.0564,4,60.716618
-610.36957,22,60.731807
-1595.7723,6,60.731894
-1249.9663,14,60.76611
-1048.6222,2,60.766182
-1545.1553,5,60.766211
-1148.2535,4,60.783347
-1500.3679,27,60.783427
-1140.6614,21,60.810312
-1698.9402,11,60.81039
-1827.174,7,60.810408
-1479.9948,32,60.843148
-951.09174,3,60.860084
-2618.3528,31,60.860158
-273.55127,41,60.860175
-2143.1118,13,60.860182
-963.86334,4,60.873518
-2003.4907,13,60.873611
-1086.3297,2,60.888062
-921.7102,5,60.888151
-1228.0559,8,60.888174
-1046.0748,2,60.902678
110.127075,34,60.902758
-1826.9795,4,60.902781
-770.6759,18,60.917194
-1100.2592,25,60.947963
-1590.7275,9,60.988493
-1102.5278,7,61.0029
-838.30225,7,61.047307
-2259.1787,12,61.062934
-1959.5718,12,61.063293
-1201.7798,23,61.08094
-286.50482,23,61.122827
-3072.2068,16,61.1229
-1292.699,28,61.137113
-1405.485,6,61.137169
-954.4352,24,61.137184
-2092.7334,17,61.153647
-1273.6008,17,61.153718
-1037.2637,3,61.16885
-47.802917,33,61.169137
524.12946,22,61.183236
-1025.0726,7,61.183336
-1538.4194,4,61.20215
-1370.9677,30,61.216836
-1524.473,10,61.216914
-950.8377,48,61.216931
-1001.4972,6,61.233266
-1034.0155,4,61.23333
487.7268,39,61.233346
-2587.625,8,61.25195
-1429.5569,4,61.252013
-1473.8531,5,61.252029
-1076.0958,3,61.252039
-522.91516,26,61.272342
-1596.3738,19,61.286429
-1155.8854,9,61.286495
-1544.1675,73,61.286512
-1271.0098,9,61.296427
-1016.3179,5,61.311079
-1069.598,4,61.311134
-2838.6665,10,61.311149
-1060.0583,2,61.311156
-2099.6465,43,61.327688
-1774.9258,6,61.341354
-915.4496,5,61.355239
-972.8477,4,61.355343
-2193.8416,23,61.355376
-3425.3271,12,61.37627
-1956.3425,9,61.37658
-1769.1531,10,61.376612
-2139.5354,10,61.388866
-1447.6674,21,61.388966
-732.86646,32,61.409436
-1045.9341,2,61.409515
-991.14185,43,61.423342
-1041.121,3,61.435278
-1218.2731,14,61.43538
-1131.6688,5,61.435398
-1919.7476,8,61.449472
-843.3267,5,61.449565
-1136.558,5,61.467145
-287.52557,63,61.467212
-995.4432,2,61.467227
-1576.2622,8,61.467235
-1020.8798,2,61.481021
-1039.1118,2,61.494831
-1949.1052,12,61.494891
-1920.0251,5,61.511147
-2156.379,9,61.511215
-998.43115,3,61.511231
-1393.7648,18,61.533484
-1361.1973,4,61.546779
-969.35425,2,61.546849
-1343.6892,9,61.558173
-685.56006,17,61.569874
-3000.177,10,61.597861
-752.5602,22,61.59797
-1383.6167,21,61.597987
-968.2669,10,61.612727
-737.9606,14,61.612819
-915.1651,3,61.612838
-1021.62836,2,61.629999
-5672.521,19,61.642895
-1155.1224,9,61.64296
-1048.467,2,61.642977
-1350.2283,6,61.642984
-2365.1958,8,61.658154
-2127.8428,18,61.670657
-1029.8967,5,61.683736
-1918.2498,15,61.684232
-1755.9113,17,61.684297
-1033.01,2,61.710008
-1032.5518,2,61.710072
-996.6698,5,61.71009
-1083.822,8,61.745868
-415.985,59,61.745922
-1216.076,17,61.767697
-2476.1025,36,61.767828
-95.97925,28,61.781981
-309.21118,21,61.811038
-2420.747,12,61.821808
-1468.3528,8,61.834377
-3369.9727,9,61.847114
-1328.8276,12,61.847212
-3650.8508,20,61.897223
-3348.7778,41,61.913038
-202.263,19,61.913119
-1314.9917,45,61.913135
-1825.1066,12,61.945812
-1038.7853,2,61.945869
-871.23157,22,61.962279
-2439.783,15,61.979353
-936.02625,5,61.994769
-942.5051,5,61.994805
-1224.662,17,61.994813
-1368.5647,13,61.994817
-1178.5211,12,62.017728
-1848.3801,13,62.045915
-1107.5488,4,62.045985
-2474.4194,36,62.07433
-966.1797,4,62.074411
-916.7703,39,62.074425
-257.18567,33,62.102459
-3995.244,33,62.102824
-762.3592,18,62.102869
-1043.969,2,62.129281
-2365.0168,12,62.147385
-1295.4617,9,62.147488
-1091.187,31,62.162527
-1992.1024,13,62.162615
-1034.0297,3,62.197157
-1786.5225,7,62.197237
-1828.6456,7,62.2092
-270.09753,30,62.224744
-2448.9219,15,62.240067
-1216.9508,7,62.253013
-1211.1168,5,62.266308
-1592.1721,19,62.26638
-1047.2231,2,62.287543
-1362.6708,9,62.300119
-991.4185,12,62.311962
-903.3129,15,62.325432
-1116.152,4,62.325538
-235.83368,32,62.338392
-1379.4609,10,62.338483
210.28589,39,62.338502
-1085.5836,3,62.384704
-1014.1322,8,62.384766
-1109.6014,4,62.39884
-1075.9521,6,62.41693
-1554.3856,50,62.417013
-803.9358,28,62.4321
1700.8324,61,62.445681
-2924.5679,12,62.457432
-1059.1528,3,62.486767
-944.7226,6,62.500349
-1567.89,8,62.529363
-1111.5416,6,62.55038
-2767.4282,16,62.550472
-1752.1252,16,62.565766
-1329.0947,13,62.579095
-968.1865,2,62.579151
-1862.6641,10,62.579165
-1642.4365,36,62.591692
-2205.5479,35,62.607105
-921.32336,8,62.622867
-2453.4023,15,62.623139
-2712.1768,39,62.63797
-897.78064,4,62.638055
-1024.5557,6,62.638079
-2374.0586,17,62.638088
-1087.8826,6,62.663739
-1050.1317,5,62.663804
-1041.1547,2,62.677659
-468.44287,32,62.689807
-1450.4343,4,62.705517
-950.743,2,62.723762
-2343.0269,6,62.723837
-1197.3556,6,62.761845
-2603.9194,8,62.796463
-1504.4343,95,62.796541
-1022.2298,3,62.83426
433.51672,33,62.846575
1659.1774,59,62.864447
-755.7269,7,62.879633
-2205.5742,11,62.879728
-1037.1538,3,62.900903
-858.8606,4,62.900962
-1037.4697,2,62.91501
-2909.4587,4,62.929963
157.07214,22,62.930032
-1087.0732,36,62.946978
-3823.2905,16,62.962006
-1886.7991,45,62.962075
-1078.893,3,62.976141
-3316.186,21,62.976218
-1460.4513,18,63.007169
-1156.4686,21,63.022877
-1334.9084,6,63.051321
-832.3811,18,63.051386
-1964.6337,25,63.051401
-2188.2803,10,63.051408
-1312.8044,5,63.084426
-3267.602,18,63.084497
-2657.057,12,63.099472
-2434.2476,31,63.114197
-974.1513,2,63.133501
-1006.11914,71,63.146908
-887.97034,5,63.16156
-1711.562,7,63.161602
-1443.4697,3,63.16161
-1081.5063,3,63.180824
-1620.8569,41,63.180929
-1018.3843,17,63.218451
-1404.8145,20,63.218521
-954.6031,3,63.218536
-1001.6972,2,63.248788
-1061.4845,2,63.248867
-3949.7007,74,63.281197
-1237.4348,8,63.281257
-1119.7625,3,63.293746
-1725.5713,18,63.306864
-2565.56,15,63.319434
-1490.4861,7,63.319587
-2172.5068,76,63.378927
-1128.113,11,63.407275
-776.68036,25,63.438008
3149.346,111,63.472749
-1021.89264,2,63.503696
-170.15186,22,63.503757
-1231.3136,29,63.503773
-2405.3623,7,63.521286
1166.3466,82,63.571837
-1125.7551,19,63.58782
-921.8343,5,63.602953
-2406.6,20,63.640058
-804.57623,45,63.640116
-1256.1368,57,63.654871
-909.1074,22,63.654946
-1583.8044,54,63.654959
-706.1334,18,63.679257
-2962.9468,11,63.696601
-1395.7305,9,63.726443
-3396.3955,46,63.726548
-2904.9272,48,63.741175
-1122.8567,5,63.741286
-1039.2887,2,63.75814
-2119.0525,14,63.758229
-1707.9448,4,63.769388
-435.21368,30,63.769471
-1197.7944,8,63.785621
-2393.4365,31,63.799853
-694.9106,30,63.812264
-1368.3192,10,63.826029
-1954.081,9,63.826109
57.7135,61,63.855948
-1566.5681,8,63.869242
-1027.191,2,63.884801
422.73718,52,63.885177
-1567.3141,7,63.915405
-976.7145,11,63.915498
-909.63367,3,63.936585
-2556.552,13,63.936659
-1116.8518,3,63.936675
-1076.1376,5,63.951727
-1368.7725,23,63.951808
-1100.6653,4,64.001119
-989.13025,4,64.001182
-905.23035,4,64.001198
-1344.0537,15,64.001204
-1802.5107,52,64.015421
-1530.5972,6,64.015484
-1095.0857,27,64.030121
-1306.3323,23,64.030182
-241.81555,36,64.030196
-925.3572,5,64.030204
-969.9254,3,64.049037
-2440.0598,32,64.049123
-826.7147,4,64.074946
-3757.7285,68,64.075008
-1678.0905,15,64.075024
-883.98816,3,64.10104
-896.7345,22,64.124221
-1132.7068,5,64.124287
-992.5183,6,64.124301
-1292.5367,19,64.144592
-2007.3425,6,64.14472
1495.703,60,64.144741
-1272.5956,5,64.144747
-1052.0994,4,64.15786
138.11243,27,64.157942
-1046.9777,2,64.157964
-1085.7588,2,64.183615
-1003.4831,3,64.183689
-1074.0808,7,64.262989
-966.99146,4,64.263059
-431.25067,29,64.263075
-3395.8276,15,64.282401
-1805.3741,9,64.282512
-1806.0239,13,64.333224
-989.21326,16,64.425423
-584.9431,16,64.425541
-784.7543,30,64.454789
-2391.7656,40,64.454859
-509.5022,24,64.470463
-2805.0188,20,64.470607
-993.84863,2,64.494533
-1795.3973,18,64.494605
-1054.6125,2,64.523832
-1189.2343,16,64.523902
-1046.1792,2,64.523921
-1352.296,16,64.523928
-1324.6754,16,64.544367
-1426.8542,3,64.585233
-1093.7274,3,64.597183
-899.523,4,64.597245
-4980.0537,22,64.628327
-643.7689,38,64.638534
597.05237,44,64.653593
-2132.2515,36,64.653684
-991.8866,5,64.668417
-1907.5259,32,64.668513
-1234.4702,4,64.680856
-4830.828,16,64.680946
-2400.0215,21,64.680962
-2036.0576,15,64.699145
-1781.9088,4,64.720962
-1049.569,4,64.734154
-1834.0374,4,64.753625
-2109.7554,11,64.768002
-1044.0609,5,64.768097
-1080.2478,2,64.783465
-1867.3843,8,64.783563
-1351.058,10,64.795104
-1039.169,2,64.808214
-1422.2151,10,64.821989
-1189.8085,6,64.822308
-999.04376,4,64.842191
-1396.515,17,64.842239
-1798.9528,9,64.842249
-1034.4767,2,64.861767
-798.55347,36,64.861845
-1551.4841,25,64.874884
-978.3633,2,64.874943
-785.62134,52,64.889093
-1125.3491,4,64.889146
-4066.3154,75,64.889163
-1029.1073,2,64.889168
-1015.2496,29,64.889172
-1148.2189,6,64.920586
-320.07953,24,64.920627
-1041.7668,2,64.920637
-1109.5835,3,64.94035
-3072.7104,57,64.951163
-2118.8423,16,64.951222
-4122.3486,75,64.962937
1775.8728,109,64.963027
-1283.4329,7,64.975196
-1044.9636,5,64.992542
-1305.8965,6,64.992611
-1040.6892,7,65.007323
-1633.9634,4,65.007362
-937.80554,6,65.007372
-1711.75,9,65.040289
-1733.4675,8,65.054134
-2433.0615,6,65.083757
-1019.7125,10,65.120993
-1517.7421,17,65.121061
-1016.47864,2,65.121078
-1974.4121,37,65.121086
-1284.4736,15,65.155512
-884.4512,22,65.15556
-1188.6226,4,65.196179
-1016.5905,3,65.209204
509.58832,29,65.246929
-4695.991,17,65.247211
-2780.266,14,65.247254
-1525.0544,12,65.264282
-1124.8235,4,65.264367
-566.94507,22,65.264384
-1011.41815,2,65.297678
-2959.8145,76,65.33038
-696.82117,19,65.330452
-1361.7017,24,65.384686
-1579.4797,8,65.384775
-994.2494,80,65.405066
-1440.9946,31,65.417428
-1346.0063,4,65.452559
-967.5409,2,65.45263
-1648.2004,20,65.478282
-2088.276,13,65.490591
-1786.6288,29,65.490672
-697.6137,62,65.503881
-438.22443,27,65.503981
-1470.9829,22,65.504001
-1209.274,40,65.524817
-3001.2769,16,65.524884
-1713.2498,11,65.524899
765.4968,46,65.542518
-991.1756,5,65.542618
-960.8843,4,65.555786
-1080.7327,3,65.568453
-1138.6157,4,65.581762
-1175.6091,3,65.581827
-1037.8081,4,65.581844
-959.3583,3,65.598186
-1320.1432,28,65.59828
-1043.8716,2,65.631551
-1491.977,9,65.631628
-1424.2822,7,65.646787
-762.64655,10,65.660393
-1632.4993,10,65.660469
-2753.0818,27,65.660485
-1057.0841,5,65.660491
-1944.4965,6,65.67461
-1511.838,6,65.674677
-1080.3429,2,65.688181
-1757.2234,16,65.719679
-551.6964,25,65.733025
-2466.934,32,65.762743
-51.212524,46,65.762806
-922.7534,5,65.796216
-1350.9546,22,65.796319
-1340.8767,9,65.79634
-1093.7369,4,65.796346
-391.01794,40,65.816547
-242.45331,32,65.816609
-2559.0342,10,65.816622
-609.0768,28,65.831363
-1038.1306,4,65.831425
-2429.3035,17,65.831442
-2470.7295,10,65.860836
-1107.8223,5,65.860906
-1109.1829,3,65.877783
-1109.6353,4,65.877855
-1284.8177,3,65.877871
-1076.3773,2,65.893184
-1192.2257,15,65.927131
-1334.1271,7,65.927187
-1394.2034,73,65.927202
-1658.834,4,65.94414
-1696.8043,21,65.944198
-1073.4899,4,65.944213
-936.7118,7,65.957778
322.5868,21,65.970497
-847.6996,4,65.985468
-1044.3774,2,65.999088
-1072.1124,4,65.999162
-1323.8005,11,65.9992
-1129.2277,10,65.999211
-58.19751,67,66.044214
-1472.6664,10,66.04429
-1621.5647,4,66.055572
-1286.3002,49,66.055637
-237.91205,41,66.055658
175.98053,36,66.077566
-1915.5181,6,66.097798
-924.8493,6,66.097855
-982.042,15,66.12549
-945.1966,8,66.125607
-1063.154,28,66.138885
-1322.0286,3,66.138955
-1133.5237,5,66.155452
-2156.938,21,66.155529
-1686.7227,7,66.167976
-1511.7561,6,66.168078
-1901.8306,7,66.168107
-1244.751,20,66.189394
-3213.308,23,66.189699
-1101.7755,3,66.204195
-1108.0211,4,66.221441
-1884.4209,8,66.236921
-1124.7876,37,66.236979
-2188.8179,18,66.236994
-1901.7098,9,66.254199
-1215.909,4,66.254264
-1041.9121,2,66.28159
-1455.835,3,66.281657
-475.47302,23,66.297084
374.71545,39,66.297142
-1064.5886,5,66.314813
-1771.3297,30,66.330454
-1017.28503,4,66.35238
-1458.4087,8,66.352503
-1520.5607,13,66.352521
-3963.4543,13,66.381327
-316.04114,23,66.381421
-1796.9097,12,66.399738
-1382.7253,7,66.420212
-1113.1874,4,66.420283
-1745.8943,9,66.433976
-875.7894,22,66.434064
-1242.8137,7,66.449692
-1041.5673,2,66.449787
-317.46045,17,66.465908
-1032.5194,6,66.48862
-944.9795,14,66.488706
-630.5042,34,66.488724
-2344.455,10,66.488732
-2363.5542,23,66.504027
423.1338,34,66.524423
-1597.1932,10,66.524517
-1038.218,2,66.524536
-745.1698,12,66.550408
-1714.0562,9,66.577004
-1964.3756,11,66.592308
-647.9807,27,66.609246
-1355.354,28,66.626439
-2290.768,15,66.639987
-1416.458,8,66.640064
-1380.219,25,66.640097
-1626.0503,13,66.653641
-1190.3099,7,66.653711
-349.52893,63,66.668658
-934.7209,5,66.668761
-687.6997,35,66.684557
-580.04755,46,66.68465
-2782.83,14,66.702226
-1765.813,8,66.733628
-1013.3672,6,66.733746
-766.7886,5,66.749095
-884.00977,16,66.74918
-1027.3622,2,66.770556
-1217.0679,7,66.770624
-5.6850586,17,66.789181
824.3765,41,66.80076
-998.8767,2,66.813944
-1160.4729,4,66.82656
-1473.3584,7,66.865543
-983.25006,6,66.893594
-903.8092,7,66.969475
-634.4225,35,66.99381
-1437.3055,20,66.993883
-871.1136,17,67.012299
-3432.017,38,67.028452
-959.015,47,67.042319
-2205.0298,7,67.100586
-684.9403,25,67.100674
-167.73578,45,67.100693
-1451.7756,3,67.1007
-3182.3271,18,67.117835
-1357.2637,28,67.132525
-1494.5372,7,67.132896
-1913.5027,6,67.132926
-1783.4491,42,67.15234
-986.9464,4,67.166113
-1527.1765,3,67.184617
-2099.854,11,67.184698
-1063.0327,3,67.184716
-683.85846,25,67.199401
-1777.7922,7,67.212515
-595.7159,46,67.212591
-47.05304,40,67.212606
-1110.0564,4,67.244528
-1042.4668,38,67.244594
-928.44525,9,67.244611
-1142.5565,10,67.260482
545.32825,48,67.274615
-1849.4304,10,67.274775
-2523.0557,35,67.290158
-2334.7441,8,67.290249
-3144.8623,35,67.304426
-1057.2155,2,67.304522
-1391.2502,10,67.304547
-1414.2938,7,67.317433
-266.7959,26,67.317508
-1783.3446,4,67.339508
-1193.4607,11,67.366363
-1466.7655,11,67.366446
-849.3707,45,67.366463
-974.0312,6,67.380037
-861.8838,7,67.398499
-1534.3883,11,67.411733
-2506.8403,15,67.41194
-1813.1664,13,67.452025
-1781.6499,17,67.479369
-2145.852,21,67.479446
-2899.288,13,67.479464
1041.6925,67,67.501635
-1087.6357,22,67.501728
1207.3966,57,67.518555
-1113.2151,3,67.553881
-1414.532,7,67.591435
-4126.1807,19,67.591508
-3277.195,8,67.619407
1070.4191,65,67.619484
-2808.998,15,67.633014
-1452.404,28,67.65443
-2408.0845,10,67.673125
-974.94116,20,67.673264
-1002.0582,2,67.691242
-2706.6255,18,67.691302
1534.4398,67,67.691317
-2097.744,14,67.705672
-498.32257,38,67.705731
-555.8849,23,67.726763
-1026.1158,6,67.726821
-1753.5271,8,67.726836
-1031.2194,2,67.762304
-371.049,20,67.804023
-913.39124,4,67.814324
-1894.0789,10,67.830509
-2012.898,9,67.844442
-1006.1358,33,67.879659
-1793.1128,10,67.879753
-665.6905,28,67.896466
-827.351,6,67.896564
-1445.2673,41,67.912059
-1035.3743,2,67.912116
-1486.1987,39,67.912131
-2174.1035,14,67.912138
-1856.0697,34,67.92652
-1650.4504,19,67.947194
-928.9008,3,67.959723
-1119.5729,4,67.960014
-2364.1475,4,67.975484
-1153.1277,6,68.001642
-887.0935,8,68.022082
-1244.8658,6,68.022157
-830.0242,67,68.036304
-1164.46,3,68.079972
-1183.3035,23,68.080068
474.97125,25,68.09424
-1440.6061,10,68.111163
-893.41437,18,68.126636
-1311.0798,8,68.126706
-1005.5869,2,68.14072
-2419.0955,29,68.140784
-1523.7441,31,68.157039
-1116.1272,5,68.157099
-4258.6465,38,68.183815
-2191.0933,21,68.204229
-2388.8535,15,68.204289
-557.1924,33,68.204303
-1029.5675,12,68.204316
149.19586,19,68.204323
3055.0535,63,68.204328
-1059.8333,2,68.230184
1716.9126,58,68.230293
-1428.0634,8,68.248925
-1182.8147,11,68.248982
-1134.7999,3,68.248996
-1045.2501,2,68.265798
-1127.4731,7,68.265856
-1439.4365,8,68.308701
-2338.0537,13,68.355637
-1077.4038,7,68.355743
-1019.2304,3,68.373547
-1008.10297,2,68.388828
-1627.396,16,68.388911
-1441.8337,3,68.409585
-2177.3083,19,68.409661
-2672.9697,9,68.421735
-921.8556,4,68.4358
-2946.8928,28,68.460696
-1831.827,34,68.486393
-2536.6182,18,68.486711
-1023.76904,16,68.509961
-4981.9243,23,68.510051
-1283.5475,21,68.541234
-1451.6798,3,68.541306
-1561.6106,12,68.582586
2598.1816,66,68.582666
-1246.1772,13,68.58269
-981.0944,2,68.614396
-4478.706,23,68.614475
-1704.2292,26,68.614492
-761.0984,6,68.632822
-1307.3911,51,68.632895
-913.5345,16,68.650436
818.8828,81,68.65053
-990.62354,3,68.667255
-1031.6809,4,68.685697
-1051.7657,3,68.698841
-125.45648,28,68.699178
-1950.563,9,68.727056
-934.08765,6,68.727135
-1014.9387,7,68.727153
-2155.9912,7,68.740479
-1254.4454,59,68.740594
-1175.5692,5,68.755484
-1111.057,3,68.770683
-987.8855,2,68.770745
-1896.6938,36,68.770755
-3125.2793,17,68.770762
-1668.271,9,68.784164
-876.1647,34,68.806269
-715.79517,8,68.822116
-1028.1637,5,68.836473
-654.7558,22,68.85104
-1774.8057,6,68.867866
-2680.2998,59,68.867931
-906.50085,4,68.880842
-476.20337,30,68.88091
-1057.865,3,68.880926
-110.77771,29,68.880935
-2302.8308,20,68.894056
-1055.1938,3,68.908042
-2004.8108,12,68.908435
-1019.4612,2,68.90847
-1900.9047,30,68.922764
-2717.018,12,68.922874
-924.5203,35,68.922893
-1784.3717,30,68.949253
-1820.8877,5,68.949345
-704.02637,20,68.970535
-1995.0098,5,68.986881
-1752.238,15,69.004659
-853.52527,20,69.004747
-1001.7219,31,69.019033
-1291.3136,19,69.019101
-1026.5381,12,69.032338
-1055.0793,2,69.032413
2746.5605,58,69.068829
-1813.196,11,69.069164
-758.86975,9,69.102709
-977.0676,2,69.102795
-1178.3593,6,69.102814
-1138.969,4,69.102824
-1837.5348,8,69.10283
-994.9427,3,69.117262
-1091.2872,2,69.146777
-1594.4377,7,69.146878
-971.26166,4,69.168218
-968.32623,16,69.168306
-978.14966,5,69.180799
-1592.1705,102,69.222572
-2313.4336,29,69.237814
-1284.0322,7,69.249972
194.40234,22,69.266076
-930.52075,8,69.282373
-997.0308,28,69.320502
-1362.4543,35,69.320569
-1232.1248,25,69.320584
-670.3225,33,69.320592
-747.6948,36,69.332604
-2456.0662,13,69.348932
-1967.2468,13,69.367427
-1242.6226,17,69.36752
-2937.2825,9,69.383568
-967.2717,4,69.383639
-2982.899,30,69.39937
-313.86243,34,69.39949
-1547.9304,6,69.41706
-2470.8872,13,69.430937
-974.9473,2,69.431
-990.16595,10,69.470486
-1431.2844,14,69.486108
-1307.4956,17,69.517999
-816.9579,39,69.518082
-2664.6094,42,69.534974
-1630.4117,11,69.535066
-1367.0641,17,69.549865
-945.33923,15,69.549908
-2977.5986,15,69.577253
-1618.7528,14,69.577311
-1045.2501,2,69.577324
-1069.3218,5,69.601773
-1163.3268,4,69.601853
640.97095,39,69.601871
-1070.345,2,69.6184
-2964.3232,12,69.618482
-557.7059,34,69.639163
-2729.4858,29,69.639225
-1559.5449,9,69.63924
-932.7021,7,69.639246
-1435.7422,4,69.654801
-1026.5549,2,69.669526
-1259.2056,21,69.66962
-949.69055,4,69.669636
-1530.4923,19,69.692421
-966.03284,6,69.729298
-1892.1501,5,69.742328
-649.1542,23,69.742409
-1149.1776,8,69.742431
-3863.3796,14,69.759481
-1606.8611,7,69.759571
1176.4677,48,69.773601
-1158.2488,19,69.773668
-1118.209,8,69.789843
-1689.3767,14,69.804389
-1226.4583,6,69.845138
-993.266,3,69.84521
-1114.5831,5,69.845226
-754.20557,16,69.8744
-1421.081,13,69.874515
-1135.6918,3,69.895273
-2602.846,17,69.89536
-2295.1125,10,69.895378
-1931.6064,11,69.908676
-1235.7109,33,69.92462
-936.1553,20,69.924705
-1027.6691,2,69.924734
-878.18225,20,69.96537
-1705.0076,61,69.965487
-930.29443,5,69.965513
94.06073,25,69.98251
-2012.6182,37,69.995345
-1033.7367,2,69.99543
-1098.3109,6,70.010464
-2495.2307,32,70.037121
-1219.6943,5,70.037205
-638.12085,62,70.051989
-1038.0593,20,70.069801
-1780.574,15,70.069908
-1758.7352,8,70.097762
-1065.9991,2,70.097829
1759.5142,75,70.111016
-1142.8439,6,70.132656
-1047.0343,19,70.15824
-2141.556,37,70.158376
-1100.0159,3,70.158396
-2427.366,17,70.176852
-183.56824,18,70.176909
-818.73804,6,70.190209
-1971.9004,18,70.229141
-1207.8156,9,70.229203
-92.00348,25,70.24512
-1069.8154,12,70.245213
-686.51843,36,70.256692
-1860.5275,7,70.267968
-1142.1676,10,70.295521
-1670.4915,8,70.295587
-1044.037,2,70.324499
-396.16345,63,70.336899
-1726.2299,41,70.350451
-1043.483,3,70.37008
-1528.8043,44,70.386646
-2098.7124,25,70.416242
-1253.2136,12,70.427718
-2799.731,31,70.466837
-1495.9727,7,70.466941
-1233.3301,33,70.490499
-667.17346,22,70.490588
-2282.9253,15,70.490604
-1050.0951,6,70.490615
-1657.4578,10,70.506173
-1005.1768,6,70.506304
-1095.988,2,70.52486
-2092.7156,6,70.524966
-1401.1707,9,70.524983
-2594.8552,14,70.524991
-1219.1978,4,70.537616
176.39288,23,70.59123
-1342.2661,6,70.607115
-2658.875,41,70.607172
-980.3719,5,70.607184
-1393.9962,9,70.630649
1687.2628,52,70.680506
-249.18237,27,70.696429
-967.275,6,70.696723
-1088.5398,11,70.696754
-273.0805,56,70.696765
-1001.829,5,70.696769
-1253.2438,5,70.696774
2058.8218,52,70.713686
-2299.5522,36,70.713754
-1055.9106,2,70.728471
-1444.8591,13,70.72856
-1064.8435,2,70.728579
-950.6617,46,70.758677
-892.1363,5,70.771465
393.38458,18,70.771565
-1338.4343,6,70.771584
-581.1005,18,70.821374
-875.79974,4,70.821432
-1422.2324,6,70.821446
-1038.3358,2,70.835989
-892.89575,5,70.836086
-1473.6486,3,70.854899
-1135.7537,4,70.854959
-1038.3805,2,70.886781
-1056.4949,40,70.886857
-1201.3116,4,70.886873
-835.24554,5,70.902389
-1151.5195,3,70.902873
-1744.9678,6,70.939106
-1120.2924,13,70.939168
-1119.8035,12,70.939184
-2190.5977,13,70.955088
-2144.6301,18,70.955197
-919.4927,6,70.984558
-993.1352,3,70.984624
-1062.6195,3,70.98464
-1345.0721,3,71.00165
-2078.4243,10,71.00172
-1010.9729,17,71.00174
-1958.5552,78,71.01863
-1363.1846,9,71.039691
-1072.6578,3,71.061841
-1114.5481,4,71.061917
-498.95966,19,71.07994
-675.0676,11,71.080026
-1138.2094,27,71.095792
-1611.7408,11,71.095882
-1487.113,9,71.109146
-1045.0852,4,71.1092
-931.1126,3,71.144001
3185.2083,63,71.156656
-1307.737,5,71.156727
-580.06415,18,71.201568
-755.31775,26,71.232755
209.33325,44,71.232824
-991.7626,9,71.294842
-3550.8503,13,71.310554
-1300.9067,10,71.310627
-3456.7273,15,71.325977
-1593.9484,49,71.326022
-234.83795,32,71.342125
-842.212,54,71.367714
759.15845,70,71.367783
-1124.8049,5,71.383275
-697.3001,13,71.396697
-1170.413,8,71.409009
-993.1629,2,71.424716
-1056.52,11,71.475414
-2550.5303,27,71.49037
-1630.543,60,71.505798
-1165.4858,8,71.505895
-930.1186,3,71.541856
-1234.0781,33,71.541966
-991.345,36,71.567286
-1094.8234,4,71.584976
-2194.8533,33,71.585065
-455.53912,15,71.585081
-1163.2559,4,71.585087
-1005.7937,3,71.606049
-1505.6115,14,71.606161
837.022,31,71.636663
-1070.8904,25,71.636742
-1098.0264,4,71.651038
-473.71283,34,71.651131
-1085.2488,4,71.670465
-1025.2025,2,71.685559
-1020.8287,2,71.71664
1332.4143,49,71.739365
-714.19165,42,71.739455
1521.8712,45,71.739471
-1251.5024,9,71.739477
-1745.544,6,71.739483
-1044.0746,2,71.753598
-1060.271,23,71.790943
-1046.0614,6,71.817856
-2229.8125,6,71.81795
1665.7249,54,71.850324
-1348.2837,15,71.888161
-1002.2242,6,71.888266
1482.3179,41,71.888297
-1441.6204,11,71.909075
-1961.5637,11,71.909144
-2189.3086,29,71.90916
-2181.2449,11,71.925123
-1051.5753,2,71.938054
-1206.5103,3,71.956901
-1024.0674,2,71.956946
-3535.3335,40,71.970683
-1183.4458,5,71.970775
-523.03033,61,71.988145
-2473.5913,27,72.02371
-490.05408,26,72.023753
-944.10486,4,72.023761
-936.4769,4,72.041073
-1792.9296,11,72.071317
-1124.3989,6,72.083745
1011.51917,119,72.09634
-3494.3638,34,72.110356
-1845.7882,29,72.122697
-1119.4441,5,72.147018
-2350.898,8,72.159952
-822.14374,6,72.176078
-2381.8606,11,72.188188
-2450.8538,15,72.202553
-1137.1558,3,72.202633
-600.80414,12,72.20265
-2091.5557,55,72.202667
-948.304,8,72.221403
-1026.8086,3,72.22154
-2151.8936,8,72.238786
-2106.1577,7,72.238852
-1074.2206,2,72.238867
-1076.1709,3,72.27311
-2075.478,34,72.273207
-675.31494,23,72.273235
-2448.8933,20,72.273244
-1040.3387,3,72.273252
-1032.7778,3,72.292945
201.89746,46,72.293009
-3423.2607,57,72.293037
-989.79944,4,72.308984
-1942.6179,28,72.309042
-998.0757,6,72.309057
-906.8884,4,72.336817
-1825.1401,4,72.336875
-1154.4753,4,72.348739
-1041.7222,2,72.363355
-1316.3555,27,72.363396
-1151.7429,7,72.378633
-1099.7145,7,72.378716
-848.72546,57,72.393224
-1762.7058,13,72.406164
-1825.4199,7,72.406237
-1546.7799,5,72.443794
-895.8353,7,72.458253
-1062.5918,3,72.458317
1872.5646,40,72.458332
-2959.0874,12,72.458338
2809.4429,56,72.473784
-2360.0088,12,72.473851
-1350.0403,8,72.505938
-1009.5725,3,72.522954
760.0554,57,72.537317
-1108.9258,46,72.551651
-1025.4313,2,72.551713
-2074.3926,6,72.551727
-2469.875,8,72.571854
-1980.0873,13,72.616589
-1688.8605,47,72.630479
-976.2874,5,72.630553
-1422.4923,18,72.656957
-1202.7933,21,72.657023
-1146.0046,3,72.657038
-2259.5754,15,72.684844
-3559.7793,11,72.700243
-1248.5681,10,72.70031
-2716.2144,16,72.700324
-1257.0088,10,72.700332
-1200.5522,9,72.700347
-1022.8515,3,72.731988
-2013.0876,23,72.745198
-1005.2554,3,72.745281
-1326.0531,7,72.7574
272.54993,49,72.772887
-1383.7823,8,72.818952
-3947.1719,43,72.851489
-320.2917,40,72.851557
-889.57025,7,72.851573
-1778.913,10,72.88619
-1054.0293,2,72.88625
-1648.8813,8,72.902698
-1080.0286,2,72.923544
-287.82452,41,72.939714
-1138.1017,31,72.939849
-3801.9604,16,72.963017
-1032.6912,2,72.96308
-1314.6277,21,72.963094
-924.56445,6,72.963102
-2561.5254,16,72.963108
-1056.8037,3,72.963113
-1437.3738,13,72.986837
-972.2971,3,73.003861
-1218.5925,10,73.003931
-781.70496,6,73.003942
-1684.8252,22,73.025326
29.68396,45,73.025487
-1831.2595,5,73.050092
-1364.453,42,73.05025
-1032.7223,2,73.050347
-1036.815,4,73.079419
-2593.9985,37,73.10786
-4634.779,39,73.107917
-594.1565,5,73.121846
-1165.4966,28,73.12197
-1396.8999,7,73.135403
-2067.5757,10,73.135476
-1023.0454,2,73.157248
-1855.2661,9,73.157326
-969.748,4,73.169954
-906.70667,19,73.185409
-2224.705,13,73.185494
-1325.7708,5,73.185509
-1044.5927,4,73.201183
-1012.00885,58,73.215293
-1658.9158,29,73.228562
-1055.191,5,73.245303
-1793.4243,9,73.287118
-1565.5935,12,73.31337
-1457.4832,12,73.360853
-398.3413,25,73.360961
-105.61688,26,73.374912
-1362.4119,17,73.402976
-947.6395,5,73.442515
-1054.9423,4,73.442609
-151.34454,78,73.442638
-982.3231,17,73.482328
-1197.2208,5,73.49516
-2579.392,49,73.495232
-1183.7145,9,73.512403
699.03394,33,73.512501
-255.00568,23,73.542125
-1332.3447,32,73.542201
-423.9947,28,73.556223
-1051.9258,2,73.573025
-92.969604,59,73.573094
-1058.8108,2,73.586714
-1424.6914,5,73.586837
-1182.229,4,73.61154
-1629.3853,26,73.611971
-1042.3038,2,73.612015
-118.951355,41,73.63061
-1420.5148,10,73.657367
-1517.9419,11,73.657425
-903.3286,27,73.657442
-1837.1028,13,73.657448
-892.57166,6,73.699154
-1689.2573,24,73.699237
-2273.9219,6,73.712255
-788.296,43,73.712575
-2484.964,9,73.730503
-879.5931,5,73.730588
640.07086,42,73.730605
-972.7425,5,73.730612
-1050.0143,2,73.730617
-1033.8472,2,73.744419
-723.1472,49,73.744505
-2064.1118,10,73.766167
-1086.0453,3,73.788944
-1041.3917,2,73.789015
-1072.7617,2,73.812559
-959.3648,4,73.827727
-1510.5428,23,73.827778
-3989.7373,20,73.827792
-1205.2948,5,73.827799
-689.32416,13,73.868089
-1002.97424,4,73.8815
-2838.76,10,73.896941
-1181.2601,6,73.917187
-1713.1577,8,73.935465
-795.58075,41,73.949079
-1297.6672,13,73.949121
-1177.5763,8,73.949131
-967.2811,5,73.96067
-894.58527,4,74.004614
-1279.1759,14,74.00477
-2351.1348,28,74.038445
-496.85944,20,74.038546
-1229.3993,9,74.038573
-1414.7838,20,74.060117
-2668.7363,39,74.073279
-962.2069,23,74.073371
-1537.9292,3,74.089267
-652.7551,68,74.100737
-1975.324,10,74.100784
792.4043,59,74.113391
-1172.9419,5,74.125762
-1099.6597,11,74.126114
-986.87195,5,74.153814
-1921.8242,8,74.153879
-1398.3423,14,74.153908
-1109.077,4,74.153916
-1704.4669,11,74.167056
-121.06818,42,74.167125
-828.54834,34,74.181941
1608.0565,130,74.19821
-1515.4595,5,74.198308
-159.75494,62,74.213675
-1053.541,41,74.213917
-965.3204,4,74.226112
-791.4743,16,74.241967
237.5277,26,74.257368
-1111.3276,4,74.270739
-1308.7883,5,74.270809
-1519.1859,31,74.281935
-1310.4812,14,74.311098
-1309.8877,6,74.325983
-1772.9492,12,74.326069
-974.59265,16,74.326085
-1796.4908,13,74.337676
-3255.0884,16,74.351646
-1495.6677,4,74.394453
-3189.334,12,74.419285
-999.6727,3,74.419378
-1384.1699,15,74.419404
-530.2843,25,74.45202
1951.0334,54,74.45208
-1025.5525,7,74.452096
-1027.4698,3,74.470057
-3067.7173,17,74.487782
-1018.4319,3,74.500415
-2047.1001,14,74.500484
-1849.6189,12,74.518165
-1237.842,23,74.518234
-2215.2441,15,74.532742
-1693.1108,8,74.532824
-1184.0381,6,74.545321
-1097.9612,3,74.557891
-1494.0898,7,74.574777
-1457.6263,42,74.574854
-3227.0654,6,74.57487
-1798.1382,16,74.587756
-816.03284,53,74.604548
-990.2306,7,74.628679
-1185.6305,5,74.643766
-5241.9253,25,74.643867
-1513.741,9,74.671693
-1554.2925,31,74.671812
-1693.3965,8,74.686524
-988.24316,7,74.686595
845.8436,42,74.702695
64.15881,28,74.702782
-1157.8699,4,74.734131
-1062.0198,3,74.780752
-1931.2751,11,74.797613
-1548.0951,6,74.797685
-1789.9241,17,74.810658
-2014.4504,14,74.810733
-1079.192,2,74.825358
-1842.0616,13,74.842945
-983.33936,10,74.843266
-996.0652,4,74.858399
-2015.3901,10,74.858475
-982.98474,2,74.858492
1610.1542,55,74.875451
-368.7304,28,74.875525
-1038.6356,4,74.875554
-986.2927,14,74.895495
-1094.7778,3,74.908116
-956.80695,7,74.946842
-2174.187,12,74.964919
-802.1692,7,74.980989
-565.83844,38,74.991478
-1554.2351,34,75.012158
-1473.0486,43,75.012223
-1412.3108,9,75.026806
-832.17596,4,75.02689
-1639.847,41,75.040278
2655.9316,59,75.054063
-1077.9102,2,75.054387
-3048.5327,35,75.054418
-1134.6138,7,75.086398
186.07385,78,75.100751
-1983.2041,11,75.115457
-2052.9268,18,75.127571
-1023.39655,6,75.146488
-1535.922,9,75.162341
-2183.2275,8,75.178024
-971.4441,40,75.17811
-1646.6891,67,75.190616
-1117.0076,4,75.208846
-1568.6208,21,75.223782
-1723.6799,5,75.243711
-1204.6523,4,75.243788
155.69055,26,75.260378
-3454.1494,27,75.285803
-1087.7004,4,75.285851
-1087.0424,18,75.285866
-917.5776,4,75.300744
-1735.075,14,75.315873
-1037.3749,2,75.315964
-1417.3248,12,75.31598
-916.5602,22,75.328707
-902.89124,18,75.328775
-2135.76,55,75.344131
-1090.2499,3,75.357287
-2331.7593,12,75.357419
-2210.6387,24,75.374561
-1014.79974,3,75.374621
-2175.545,18,75.389824
-1460.3096,3,75.404554
-910.8415,3,75.42548
-1123.068,3,75.44241
-1259.917,11,75.45622
-598.64276,6,75.456289
-1381.9861,42,75.487003
-2122.6484,9,75.520801
-1696.9076,13,75.541183
-1172.7896,7,75.541245
-1302.8496,22,75.55509
-1484.2496,10,75.568391
-1869.5569,6,75.584522
-1681.2676,17,75.584609
-773.10144,25,75.584624
-1671.7139,22,75.58463
2143.9717,73,75.619972
-946.9178,19,75.620059
-1374.7388,7,75.657501
-1760.6891,8,75.657581
-1009.73157,2,75.691339
277.24127,39,75.702733
-1322.9363,11,75.724638
-2423.489,27,75.736828
-1486.8116,10,75.753941
-931.4071,25,75.754008
-1025.7302,6,75.781688
-815.11646,64,75.813251
-1520.543,13,75.828175
-639.7412,24,75.847947
547.43115,35,75.848004
-2145.4214,8,75.879516
-1119.709,7,75.922759
-1252.064,4,75.933829
-1347.7617,7,75.950497
-3040.3223,21,76.047088
-1158.9238,51,76.047182
-381.40564,22,76.047202
-1103.3059,31,76.067986
-3014.5615,39,76.068053
-702.9499,20,76.081375
-3296.8982,31,76.098159
-979.752,6,76.1451
-2220.7905,7,76.158094
-603.4617,30,76.158163
-2093.7344,5,76.171642
-954.2554,6,76.171722
-1438.389,9,76.190151
593.14185,41,76.205781
-1452.3285,26,76.21872
-2083.9658,24,76.281528
-1529.8135,10,76.29564
-1414.5947,7,76.295684
-2001.4963,105,76.31453
-2471.5818,48,76.329653
-1209.3352,3,76.329731
-1065.7875,57,76.329747
-1142.2788,3,76.347506
-2416.604,12,76.347606
-1689.7302,18,76.347627
-1017.7695,2,77.620293
-970.8863,2,77.620362
-984.6183,4,77.620378
-1045.9042,3,77.634844
-625.3058,88,77.649257
-1050.7927,37,77.64935
-140.45947,25,77.738375
-1978.12,18,77.741264
-1918.629,34,77.741343
-1027.6145,5,77.741355
2645.8826,57,77.804309
-1065.3635,53,77.804388
104.31641,48,77.858375
-907.6097,7,77.858469
-1078.6492,2,77.901959
-1415.2107,3,77.902059
-1015.0175,2,77.998601
-1093.6382,3,78.000444
-1363.4629,25,78.04531
-1010.13525,2,78.072717
-2121.6719,9,78.155323
968.697,127,78.179343
-1240.5553,15,78.19205
-1211.0321,10,78.205122
-2399.3652,46,78.229537
-1940.5757,6,78.257771
-2096.9697,16,78.289822
2060.3337,119,78.289865
-1069.0275,3,78.302269
-1603.302,16,78.315217
-2767.1035,35,78.326731
-2085.9185,16,78.3382
-464.31268,30,78.35803
-927.23413,31,78.381124
-1726.7167,5,78.381205
-964.1793,5,78.407383
-1306.1091,28,78.407492
783.3775,26,78.422585
-1737.7145,31,78.422669
-1068.1741,7,78.452138
-1206.0519,4,78.468189
-969.84186,4,78.468284
364.77087,48,78.481248
-785.58167,25,78.497751
-1627.9504,32,78.512263
140.73438,43,78.533173
-1475.5049,5,78.563912
-918.4467,29,78.586622
-893.4143,19,78.586688
-2000.9366,11,78.606299
-2532.3176,54,78.628358
-2007.3577,6,78.642806
-1270.3204,21,78.658036
-1581.4537,9,78.658129
-1095.7139,27,78.658148
-904.7248,18,78.675182
-1024.0782,6,78.692178
-1281.5096,14,78.69224
165.14124,46,78.706138
-2236.4653,8,78.706241
-895.82135,4,78.722321
-1116.5951,33,78.722378
-2012.3993,8,78.722396
-999.8664,3,78.758116
-2279.837,55,78.770367
-1028.0752,4,78.780927
-3376.4795,27,78.793278
-1208.6077,26,78.793364
-1165.4789,33,78.808513
-3317.1987,11,78.823531
1057.6077,42,78.847972
-4083.5415,40,78.848034
-1196.5564,15,78.848048
-1093.7555,2,78.848055
-2531.2632,7,78.861024
-848.5807,111,78.861111
-1055.5079,2,78.873494
-996.942,2,78.873542
-2053.315,7,78.888327
-1573.6198,8,78.888699
-1035.438,4,78.90407
-1562.7927,14,78.904128
-898.82434,17,78.904143
-1463.6874,4,78.923844
-1012.9338,3,78.967698
-916.33105,17,78.967782
-444.79065,30,78.982572
-481.39166,31,79.001881
-1816.3158,12,79.018588
-651.8813,8,79.018652
-967.8434,3,79.018668
-1098.2004,5,79.049994
-995.51587,4,79.050055
-922.2938,6,79.05007
-555.53265,20,79.064036
-1077.8363,4,79.091959
-3269.5332,13,79.121626
-1035.0145,2,79.121696
-278.49615,27,79.121713
-2323.39,36,79.132507
-1444.3749,25,79.147327
-1910.2219,15,79.147394
-1044.2081,3,79.163731
-1264.5343,7,79.163825
-2188.4146,15,79.16384
-856.37024,16,79.189883
-1022.74817,3,79.209027
-1292.2363,4,79.209095
-460.94476,32,79.224025
75.0542,50,79.261709
-994.0676,2,79.261795
389.81213,38,79.261813
-217.7215,28,79.276091
-1230.7129,10,79.276164
-1213.902,18,79.300674
-1039.2697,2,79.300737
-1013.8624,12,79.300751
-1746.3958,11,79.322405
-2875.8237,23,79.374748
-1318.7478,40,79.37484
-1006.6162,3,79.37487
-1553.883,18,79.404293
-865.9957,8,79.418755
-1088.2759,8,79.418852
-1236.738,18,79.418869
-1035.8766,4,79.434985
981.2665,32,79.435064
-1899.7053,30,79.449004
-238.35138,38,79.449076
-1855.8682,38,79.46382
-1848.7307,11,79.463907
-2054.3474,31,79.479536
-1089.5299,2,79.514315
-588.80414,20,79.514404
-1668.771,32,79.530218
-1025.7104,8,79.530291
-1864.2153,23,79.557736
-2310.8696,12,79.557819
-2258.9731,8,79.572661
-1140.6024,3,79.572804
-1245.3552,36,79.593964
-1515.4884,6,79.606603
-949.1924,6,79.60668
-1631.6191,10,79.630122
-1780.7463,24,79.63025
-1775.7832,25,79.641997
-1889.169,6,79.65637
-1862.8547,5,79.656463
-1559.4935,16,79.693391
-742.5166,28,79.711075
-915.8444,29,79.711138
-2886.226,33,79.711152
-1048.2589,8,79.711158
-1197.5161,12,79.724987
-1098.5919,6,79.725086
-2358.489,11,79.738873
-1045.8763,2,79.758347
-1379.3102,11,79.784279
-2059.8684,23,79.798423
-806.8295,24,79.798501
-1547.8704,24,79.798522
-1808.2666,10,79.81419
-1451.8855,6,79.814272
-1038.821,2,79.82781
-1130.524,9,79.840815
-1153.1578,9,79.8409
-2859.907,28,79.854976
-537.0533,14,79.86969
1213.0088,47,79.891836
-618.95447,56,79.906658
-956.4846,4,79.906729
-1624.4045,9,79.934633
-1050.8164,2,79.934701
-1575.3323,10,79.934716
-1006.37476,20,79.94851
-1193.3496,16,79.948581
-1192.5197,3,79.948598
-487.17175,34,79.977102
-874.2239,17,79.996825
-1178.594,9,79.99691
-1984.7488,27,80.023292
-1099.3378,3,80.023361
-1811.0874,6,80.047944
-966.187,8,80.062728
-1031.9783,3,80.075192
-900.16565,6,80.10066
-3071.3384,31,80.114402
367.39337,35,80.13938
-1115.2057,3,80.13947
-1618.7749,10,80.159924
-1736.6049,16,80.211865
-2626.7712,10,80.231976
-1457.672,33,80.232308
-3753.9727,54,80.232352
-2092.068,10,80.246097
-1029.8878,2,80.259207
-1985.6997,4,80.281526
-986.3522,3,80.294824
-2908.4727,12,80.294899
-963.628,10,80.294915
1453.3367,39,80.294923
-2650.7356,28,80.322674
-1026.6475,2,80.322773
-243.64331,33,80.322792
-1055.861,3,80.343715
-1482.5623,35,80.357086
-2267.8215,34,80.35717
-1343.2032,11,80.399698
-1244.605,7,80.428468
-1001.43896,6,80.428555
2570.751,63,80.443156
-2724.6086,21,80.459788
-1074.3313,13,80.47143
-1545.9985,53,80.553946
-2127.3118,14,80.554311
-1364.2549,35,80.554376
-2080.1516,12,80.575202
2246.7786,49,80.589403
-1016.766,2,80.589497
-715.5639,45,80.628758
-1063.8962,3,80.628853
-547.26697,50,80.62887
-1672.3378,32,80.628877
-865.6288,6,80.645482
125.79291,25,80.690099
-3943.2598,23,80.690163
-1175.1936,4,80.704524
-1612.5801,29,80.720438
-1073.3811,2,80.720513
1268.7502,65,80.77575
-1007.0801,4,80.775818
-2417.1934,13,80.815574
-2120.6455,10,80.831197
-2880.4717,19,80.831279
-1260.1655,9,80.843765
-1001.9052,4,80.896524
-3220.1355,20,80.919796
-1095.7924,3,80.932428
-3679.2075,67,80.932497
-2464.8008,35,80.96624
-1141.3289,3,80.966299
-358.1015,29,80.980428
-980.42395,4,80.980783
-2515.5576,15,81.027658
-2264.6572,52,81.027743
-808.312,5,81.027762
-1092.951,2,81.060133
-2045.2979,43,81.0602
-2793.229,24,81.105424
-1482.5056,9,81.105521
329.91418,49,81.122492
-2212.4358,31,81.137421
544.87256,50,81.137506
-3340.8018,82,81.137528
-1690.5415,7,81.163518
-846.321,53,81.193672
-1179.9017,11,81.193818
-1072.9264,2,81.227003
-1013.94916,2,81.227078
-1053.9766,9,81.243369
-1419.8842,19,81.254917
-1026.9849,2,81.269154
-1193.5438,9,81.269224
-1900.4224,69,81.306418
-675.8734,38,81.306488
-1877.4524,13,81.323454
-1471.3047,5,81.346902
-3276.033,14,81.34697
2453.3208,79,81.346987
1633.6194,79,81.367601
-1873.0531,9,81.367692
-810.22076,8,81.381049
-1300.874,17,81.381122
-1471.4167,3,81.393073
-1454.7821,3,81.393404
-1162.3967,5,81.407414
-1094.7778,3,81.431107
-1145.5859,42,81.431153
354.19684,40,81.431164
-1014.55634,22,81.445268
-1956.9971,57,81.455959
-966.45337,4,81.480598
-1590.6389,4,81.492946
-1292.5018,17,81.493011
-550.4901,35,81.493029
-2409.878,12,81.506804
1271.6161,60,81.506869
-1064.8021,7,81.506888
-1009.38354,5,81.506894
-1677.7268,7,81.543442
-931.29126,3,81.543533
-2673.2222,24,81.543552
-2516.6208,14,81.543559
-4489.157,104,81.597383
-1327.9443,3,81.597493
-994.10913,4,81.612017
-2491.7927,8,81.612078
-1545.9082,6,81.612093
-2985.1328,16,81.62484
-1583.3518,7,81.624938
-1469.4266,16,81.636277
-2363.3013,14,81.665965
-1032.191,25,81.666022
-771.6404,21,81.680029
-877.28125,6,81.705956
-1396.6602,7,81.706259
-1277.075,7,81.721363
-3819.7632,54,81.721445
-1169.1931,21,81.721463
-1209.0708,6,81.72147
-1174.4211,10,81.742163
-927.55664,3,81.755011
-1320.4152,17,81.755073
-931.69196,7,81.777045
-1070.8704,2,81.777104
-273.136,46,81.777119
-2217.9736,13,81.788029
-992.32025,19,81.788081
-1660.2411,9,81.802685
-3237.9575,17,81.80276
-998.9282,3,81.802777
-1770.8623,5,81.802785
-1124.4899,6,81.81882
-1053.3575,4,81.818895
-1034.815,2,81.832769
-1559.9025,5,81.857849
-1392.6232,4,81.857937
-2830.4165,88,81.889601
-942.7526,5,81.889681
-1662.6666,9,81.909542
-852.4873,21,81.92262
-997.2562,7,81.935448
-651.97473,29,81.947653
-3568.025,32,81.947732
-3675.3945,23,81.947748
-2531.4487,13,81.974233
-1019.7698,2,81.974331
-1136.2532,40,81.97435
-1144.9977,3,81.987847
-1077.7535,10,82.002735
-3394.6985,10,82.002809
-1551.3718,10,82.028691
-1903.137,7,82.028818
-84.9306,25,82.047002
-3043.9915,22,82.047088
-1228.239,24,82.062967
-963.43097,20,82.063054
-2605.8237,69,82.081121
-154.68231,20,82.098876
-1161.5912,23,82.110971
-2554.2197,10,82.13437
-1699.1587,9,82.13471
-941.3047,6,82.13476
-926.6489,4,82.134771
-645.2257,5,82.134777
-1448.9186,10,82.161025
-1165.042,4,82.161088
-1035.5404,24,82.180418
-1001.10535,4,82.193338
-61.67224,45,82.193407
-1497.6562,5,82.205106
-589.61414,16,82.223396
-1006.4722,34,82.298265
-2632.245,18,82.31859
-2687.394,10,82.318662
-1093.9053,23,82.342556
481.62415,55,82.358082
-518.9906,27,82.380224
-1019.53687,34,82.404533
-1644.5059,19,82.404606
-1286.113,14,82.42093
-1548.553,8,82.421002
-1196.9512,7,82.421031
-1530.8624,21,82.437176
-1598.8317,22,82.437239
-985.3097,19,82.463885
-1056.0054,2,82.463967
-1885.5684,21,82.464026
113.32202,24,82.518464
-963.1033,7,82.535214
-1151.5742,31,82.535291
-1512.6554,9,82.547843
-583.4714,32,82.56071
-1193.6708,7,82.574845
-974.503,8,82.584756
-1040.6753,45,82.584928
-1638.8673,5,82.597048
-1263.882,4,82.59714
-5831.6484,15,82.597155
-1744.0122,9,82.597162
37.333252,49,82.609616
-1109.7739,5,82.639264
482.76917,41,82.639333
-861.0178,4,82.653722
-2400.7676,17,82.682236
-1380.2367,10,82.695447
-1580.1311,35,82.709407
-962.70044,4,82.709584
-4768.5635,28,82.72203
-1083.8218,2,82.737174
-2966.0962,42,82.737252
-1337.3497,10,82.737277
-1213.9932,9,82.737288
-1070.2601,5,82.750906
-3157.7673,28,82.761961
-1970.1837,18,82.776994
-1074.4146,4,82.777102
-1793.971,58,82.789095
-2892.2065,12,82.802126
-2084.3726,8,82.816186
-984.83545,2,82.82899
53.05017,45,82.829058
-2099.686,11,82.841036
-2084.6477,9,82.863493
-958.3511,10,82.876749
-4054.7961,26,82.876803
-1009.0108,4,82.876819
-988.4103,9,82.876826
-1650.429,8,82.890008
-942.01447,21,82.890086
-1050.8196,2,82.908581
-56.599487,39,82.908665
-1258.1832,5,82.931167
-991.9439,20,82.931406
-1155.8274,3,82.931525
-1055.0865,83,82.945557
-424.71942,25,82.945658
-965.8015,5,82.983355
-1802.5636,39,82.983419
-2413.4922,10,83.024202
-2297.0605,9,83.052937
-46.0235,34,83.076336
46.41211,23,83.076415
-1498.9166,11,83.104796
-1149.193,3,83.127016
-2268.84,19,83.127091
-1613.1217,25,83.138097
-4178.333,40,83.183771
-1337.8396,6,83.197685
-1337.6213,29,83.212213
-806.9702,18,83.21229
-1683.8298,9,83.212308
68.18457,55,83.212314
-552.04987,24,83.237702
-1548.2183,33,83.237771
-1382.7324,7,83.237787
-1618.3018,6,83.237795
-1945.585,14,83.252519
-572.3839,27,83.25261
-980.42126,4,83.299036
-909.6289,33,83.299111
-1096.4934,4,83.29914
-872.22577,26,83.299146
661.6329,27,83.312484
-1820.6758,7,83.312553
-1121.5016,7,83.327354
-1070.5328,2,83.327413
-983.4004,6,83.327428
-1033.1991,2,83.358743
-3087.7354,28,83.358815
-480.4181,24,83.358832
-1631.5864,10,83.370975
-1661.3289,29,83.371034
-490.82275,33,83.384355
-942.51,6,83.396091
-1039.7694,2,83.396166
256.2177,19,83.407282
-1586.3644,13,83.407349
-1978.3923,7,83.407365
-3315.7866,8,83.449356
-2017.4497,4,83.468224
-1275.7485,8,83.478993
-1034.0486,2,83.50432
-998.04736,15,83.51871
-2813.3728,13,83.518813
-1664.0436,11,83.531666
188.66577,36,83.531751
-1422.6328,8,83.558035
-2469.17,16,83.588844
-2247.6362,36,83.612078
-2124.2324,11,83.625547
-1359.0764,47,83.625636
-1093.8429,3,83.638423
-1330.555,27,83.651963
-2932.6438,20,83.652028
-3158.7778,8,83.652044
-2253.2412,10,83.668013
-1664.3566,4,83.668087
-773.49603,31,83.682027
-1097.7837,2,83.682084
-1043.2528,2,83.682097
-1179.1641,4,83.682104
-903.49756,3,83.68211
-789.5979,4,83.707669
-1548.78,13,83.728894
-1294.6831,8,83.740786
-2140.3872,22,83.74085
-1859.273,31,83.753871
-970.35345,6,83.753933
-868.3213,24,83.765157
-1118.478,7,83.777308
-2473.88,9,83.801043
-3245.8528,21,83.801138
-246.42285,36,83.813886
-3449.1108,18,83.81442
-1613.0038,10,83.843178
-848.8882,5,83.869019
-668.95074,45,83.88724
-1292.3472,27,83.901606
-2819.8691,12,83.901687
699.85114,36,83.901704
-1692.0078,8,83.932245
-1471.8799,3,83.944424
-467.32385,16,83.958307
-1842.8047,9,83.975751
513.91364,50,83.975822
-2416.9653,22,83.989391
-1074.5653,3,83.989457
-1359.718,10,84.014594
-2047.5815,21,84.014673
-1900.3242,109,84.014693
-1163.2695,3,84.0147
-3724.2588,43,84.032342
-1094.807,3,84.032425
-1066.805,2,84.047718
-932.8145,19,84.047779
-1423.1772,6,84.062239
-1278.7969,4,84.076152
-1700.3594,14,84.11149
-1404.3854,26,84.133549
-1617.8785,5,84.150555
-4298.51,28,84.167712
-1414.5376,9,84.182243
-1905.2527,20,84.196432
-1371.748,4,84.196512
-1842.0261,9,84.196543
-1486.5962,3,84.213454
-677.55145,6,84.213524
-1656.0709,12,84.213542
-1485.3103,36,84.21355
-1752.5784,14,84.213557
-2161.9355,12,84.213562
-1161.4431,5,84.233912
1041.7549,38,84.233988
-1033.4955,17,84.234007
-882.28986,3,84.25027
-1030.1146,2,84.250354
-704.40393,5,84.262511
-1024.2832,4,84.277757
-1006.07556,4,84.300119
-1002.19824,5,84.300183
-2600.9524,25,84.300197
-4181.4414,16,84.31457
-2333.9573,8,84.328357
-1843.1372,35,84.345666
-3279.456,8,84.345767
-1401.5125,8,84.345785
-1142.9344,5,84.379499
-1407.427,8,84.379583
-949.7951,7,84.395566
-2340.603,66,84.395627
-1541.1433,11,84.4172
-1130.7047,8,84.429166
-1167.7816,4,84.447613
-1407.9556,8,84.447668
-1135.9686,7,84.459758
-669.8217,16,84.459847
-148.25323,24,84.471262
-1250.5823,28,84.485001
-2382.2139,5,84.49866
-1697.488,87,84.498741
-955.5924,14,84.511067
-1619.0822,12,84.527044
-1090.3906,3,84.548794
-2913.2578,57,84.548885
-1411.4677,4,84.56283
-1879.0034,9,84.585717
-1003.829,2,84.600026
-2012.5891,10,84.600089
-1473.7958,9,84.623952
-3119.3608,13,84.670632
-2256.0908,16,84.670709
-701.2765,46,84.670721
-1004.24713,2,84.694352
-1561.2435,23,84.708194
-2200.074,7,84.70827
-3492.4077,30,84.740848
-2078.8174,59,84.74092
-2377.4656,11,84.753281
-976.946,2,84.767123
-566.6863,28,84.767189
-1160.787,7,84.767203
-1122.2891,3,84.784773
-504.20428,19,84.784842
-883.5299,5,84.784857
-981.6131,6,84.784866
-3849.0718,25,84.78487
-1909.5146,16,84.837314
-2039.8279,17,84.861658
-1134.7681,31,84.86172
-1177.9503,7,84.875519
-1506.2336,8,84.875578
-1542.3646,10,84.909236
-1397.654,10,84.909313
25.01477,43,84.909333
-2646.2407,9,84.909341
-273.24255,31,84.926097
-889.23425,27,84.949299
-1068.4236,3,84.962902
-3411.5864,12,84.962987
-1609.1575,6,84.974639
-1585.3164,6,84.974704
-948.5003,4,84.994277
17.807129,80,84.994377
-1150.368,6,85.009531
-1033.501,4,85.044948
-1485.4835,8,85.045026
-706.27893,34,85.075328
-931.26105,4,85.105117
-1767.5223,9,85.105248
-1039.6174,7,85.105286
428.7102,37,85.119279
277.20898,28,85.134471
-852.34125,4,85.157325
-1080.0731,2,85.157383
-1066.89,6,85.187475
975.52423,62,85.18756
-633.3888,64,85.200133
-1393.8994,18,85.214911
-1103.8693,31,85.273023
-1018.4969,2,85.273108
-1109.8629,3,85.273129
-982.5326,5,85.290287
-957.6486,11,85.290359
-3704.73,41,85.30269
-922.85486,7,85.321575
-805.0718,28,85.321649
-1375.4578,36,85.321667
-1824.3263,17,85.348287
-1040.2383,2,85.348352
-1690.4258,21,85.348368
-1092.0681,3,85.360934
-1092.5084,6,85.361066
-2037.5771,37,85.361595
-735.49854,24,85.381213
-966.336,6,85.381282
-1073.7471,2,85.400592
-3410.3218,57,85.41467
-1027.0234,2,85.426647
-998.7372,2,85.440964
-1371.6161,6,85.441057
-1190.2549,9,85.457669
-676.3692,39,85.457745
-1302.8967,8,85.473652
-1828.0701,36,85.489443
-817.41473,20,85.48952
-900.2444,3,85.489537
-2337.1926,14,85.501363
-1099.6078,4,85.514343
-1061.839,2,85.527186
-1661.873,5,85.542428
-1839.6217,39,85.569371
-3032.6265,20,85.569451
-1067.5265,4,85.569466
-2317.666,14,85.58452
-2898.7646,14,85.584633
-1338.4116,22,85.597011
-2506.1763,12,85.597098
-1026.8068,3,85.621824
-2072.962,18,85.621895
-951.94214,5,85.634802
-676.2876,23,85.634884
463.1742,43,85.634903
-1045.9236,4,85.649433
-1588.6989,4,85.649511
-1807.6001,12,85.649528
-1297.3387,7,85.663134
-1591.2933,14,85.684147
-1038.7281,2,85.684247
-1053.524,5,85.702796
-1357.7609,9,85.702865
-1602.3402,11,85.702881
1477.5284,38,85.702889
-1574.4752,14,85.725985
-1157.6788,4,85.726043
-1958.4457,18,85.738551
-2148.9546,7,85.780165
-2035.9099,30,85.794929
-596.3524,7,85.795044
-1758.3052,7,85.795063
-1013.2811,25,85.795071
-1233.825,11,85.807545
-1427.4673,44,85.822315
-1223.0858,11,85.850487
-2796.004,66,85.862805
-1172.2335,19,85.901042
-1117.2279,5,85.926053
3002.3271,102,85.926131
-1916.4182,9,85.956608
-1277.0076,20,85.972325
-1741.1755,17,85.972408
-1005.28033,2,85.98811
-1069.4004,2,86.002072
-1787.1682,13,86.002169
734.4221,31,86.036493
-1029.789,3,86.036551
-1839.8799,12,86.055029
-741.82227,18,86.065348
-1248.7583,20,86.07928
-1750.4211,19,86.079357
-327.4223,31,86.079415
-1887.1588,13,86.110365
-1658.4213,8,86.125638
-998.41614,3,86.125707
-1261.8782,9,86.142151
-4786.085,73,86.142251
-1878.4272,16,86.176328
-1099.7905,3,86.176387
-2080.6162,36,86.176407
-3540.5967,49,86.176414
-889.8755,8,86.211851
-1197.0901,5,86.252568
-762.0665,6,86.269484
-2486.396,31,86.26956
-699.8815,19,86.269575
-728.1998,16,86.284559
-253.99573,23,86.284643
-942.2291,3,86.298348
-1725.9805,11,86.313436
-2177.727,11,86.313488
-1496.3151,10,86.330449
-301.91077,35,86.330527
-1193.1394,4,86.330545
-1103.094,3,86.330552
-1000.37103,3,86.356534
-1391.6526,3,86.372083
-981.09235,5,86.406202
-1563.4048,8,86.406292
-1062.2944,6,86.41662
-1623.8282,8,86.430412
-1915.0533,48,86.458559
-2440.6982,27,86.487707
-2401.5586,29,86.48779
-1514.4286,3,86.500726
-73.10614,52,86.500811
-1084.8953,2,86.530642
-613.51416,58,86.557396
-1224.0498,9,86.557493
-1074.0283,3,86.572667
-1056.4326,2,86.586569
-738.90247,13,86.586673
-2169.3794,33,86.597807
-3728.8667,24,86.614618
-926.7864,4,86.614722
679.01196,86,86.614738
-1627.9636,16,86.634802
-1121.3351,3,86.634896
-3139.6157,19,86.634915
-1101.482,2,86.648313
-1045.1625,12,86.663469
-1818.0833,3,86.663562
-1023.7918,36,86.663585
-808.7743,17,86.663595
-1036.0472,3,86.683212
-1146.7992,5,86.683295
-1198.9313,14,86.694178
-3453.0479,44,86.731604
-1615.9998,8,86.765548
-1561.0452,8,86.786155
2017.3104,77,86.798722
-1892.0128,40,86.798806
2701.2058,78,86.798823
-1306.5383,37,86.813934
-575.03906,35,86.814048
-1036.1224,2,86.829459
-867.86523,4,86.854239
-872.4114,14,86.867223
-1968.759,12,86.867328
-989.2495,5,86.880215
-962.7494,18,86.88028
-3778.8345,49,86.896613
-1549.3774,23,86.918493
-1480.4503,20,86.91856
-2524.6938,39,86.932328
-313.30298,43,86.94615
-1136.0513,6,86.946235
-2007.0967,8,86.990882
-1227.178,15,87.017103
-3183.0332,16,87.01718
-759.9585,33,87.044097
-1225.0447,27,87.044175
-857.74,29,87.076885
-2118.587,12,87.091707
-1282.0416,11,87.106595
-1282.2488,31,87.120353
-221.77802,74,87.12042
-904.34094,5,87.147262
-1216.9348,7,87.147328
-1620.0955,21,87.160694
-1437.591,9,87.179132
-1045.1871,2,87.193066
-2176.7986,12,87.193131
-2689.326,5,87.193148
-3988.109,21,87.193156
-1034.7977,2,87.229522
-1039.778,32,87.246154
-1705.4082,36,87.246289
-1896.9207,34,87.266582
-1017.8643,8,87.283688
-1878.4258,11,87.283776
-2235.4185,23,87.283799
-2009.4398,20,87.300673
-929.39105,3,87.300766
-810.9947,6,87.300782
-927.6499,8,87.311901
-1110.1199,3,87.311963
-2326.5493,12,87.311977
-2593.5596,19,87.311985
-1101.1544,3,87.342245
-1077.4392,3,87.353355
880.3124,50,87.365211
-1001.47156,3,87.397758
-1774.7023,11,87.39783
-1329.5913,8,87.397847
-1969.464,10,87.444811
-1441.4333,4,87.458293
-951.43115,5,87.477765
-1762.8606,11,87.477846
-1847.2341,21,87.477861
-1132.4589,7,87.549492
-1802.6912,7,87.585791
-1083.2238,7,87.585864
-2046.7397,52,87.599566
-1058.3605,50,87.599645
-1471.5854,20,87.599663
-720.7428,26,87.599672
-926.06903,5,87.628139
-1000.5089,3,87.642721
-2791.237,12,87.655044
-540.40515,25,87.655371
159.39215,79,87.676561
-907.5495,5,87.676645
-921.039,5,87.702697
-1169.9314,33,87.702856
-2591.6128,43,87.742371
-841.20215,11,87.742473
-789.42206,31,87.782135
-1797.4653,8,87.782209
459.10065,34,87.829045
-788.0212,5,87.829131
-5256.7554,28,87.829152
-734.8889,25,87.850735
2372.3506,60,87.863981
-950.4339,18,87.864342
-438.9525,36,87.895891
-1735.3623,4,87.926133
-1206.8761,17,87.981677
-1052.7185,8,87.995315
-1691.5417,40,87.995406
-1362.0256,20,87.995423
-1433.0681,7,88.008744
-1100.8971,2,88.026631
-1067.9697,3,88.026726
-272.13654,76,88.040162
-2347.7607,14,88.07872
-1083.707,3,88.078806
-1156.7427,3,88.096666
171.62933,29,88.11711
-701.2001,21,88.128818
-1952.2998,5,88.142245
-2768.699,34,88.142325
-1434.0603,9,88.14234
-1073.7604,2,88.156439
-864.2381,59,88.173197
-4712.3,98,88.173254
-491.62415,57,88.173268
243.82239,29,88.173274
-1925.7688,12,88.185972
-1078.8025,7,88.207544
-803.1376,24,88.219472
-983.0481,7,88.247094
-893.1864,23,88.27349
-658.0289,15,88.273888
-707.1644,36,88.302772
-854.0913,5,88.316921
-1187.942,20,88.316983
-2061.3145,11,88.316999
-1295.2542,33,88.329879
-1737.0303,37,88.342752
-2023.0083,15,88.381727
-770.56714,19,88.410225
-1045.1261,2,88.410308
821.1443,50,88.431873
-1019.3048,10,88.431941
-1635.5537,21,88.446932
-835.91565,8,88.447004
-2186.843,20,88.481099
-1435.452,4,88.494748
-2011.7258,16,88.528857
-1060.1384,15,88.54084
-1781.4624,4,88.562869
-812.9901,9,88.562955
-2745.2778,10,88.590142
-1682.3722,12,88.603061
-599.40186,17,88.618875
-3796.6733,19,88.618922
-873.48004,31,88.630609
-2195.6348,12,88.630687
-1901.7461,8,88.650388
-1265.8098,13,88.650477
-2356.4211,41,88.663147
-1159.3451,4,88.676138
-1826.1759,6,88.676226
-758.1227,23,88.702019
-867.49866,3,88.702078
-1233.2031,9,88.702094
-1988.0702,5,88.715791
-1624.8169,3,88.738776
-1081.7521,5,88.753973
-2593.2207,76,88.7768
-752.7042,15,88.776886
-2554.6125,15,88.789859
1397.2693,62,88.789924
-42.067505,44,88.806247
595.83093,123,88.806305
-1039.2386,2,88.806319
-2795.7358,12,88.806326
-1036.2871,5,88.818825
-2021.1492,75,88.83956
-943.73035,4,88.862565
-1384.2104,5,88.879392
559.97144,36,88.879469
-1165.831,4,88.893087
-748.07654,55,88.905169
-891.9923,4,88.923093
-2354.4448,18,88.93802
-1399.0701,17,88.963809
-1033.9425,2,88.963892
-2236.5479,53,88.963908
-62.124878,23,88.995351
-1086.6877,2,88.995415
-1222.4506,13,88.995431
-1038.6133,3,89.041874
-201.20538,25,89.071308
-1168.1912,10,89.071373
-875.83014,7,89.071388
-1088.0645,2,89.098711
-2063.274,22,89.113202
-1043.4038,3,89.113254
-1799.0293,25,89.139899
-2272.5403,11,89.157137
-1076.6487,3,89.157202
-1033.2096,2,89.172114
24.25,28,89.172179
-366.6095,25,89.186112
-1276.1401,38,89.199335
341.29126,34,89.199443
-1754.1025,35,89.199472
653.0168,28,89.199484
-1045.2501,2,89.219342
-1418.6925,3,89.219669
-200.18951,67,89.219712
-1175.9963,5,89.236129
-987.55023,19,89.249554
-1459.224,10,89.249639
-1004.0951,2,89.262552
-1825.6709,5,89.275737
-1442.5543,4,89.275809
-2691.665,14,89.275824
-947.4542,8,89.311894
-156.35101,28,89.311977
-1243.2537,7,89.311998
-1540.2771,9,89.326195
-1305.445,15,89.326246
-2216.71,7,89.340882
-942.347,3,89.359656
-999.2042,2,89.359706
-1021.4177,2,89.359718
-1181.728,11,89.378911
-584.69037,34,89.378992
-2508.0928,5,89.392114
-1054.0753,2,89.409953
-1602.8499,25,89.410012
-1058.1053,3,89.410027
-1114.4122,7,89.424979
-1397.1924,17,89.425059
-1033.2029,5,89.425074
-1572.5072,11,89.438692
-1469.7476,5,89.464407
164.0252,33,89.474383
-1339.6997,9,89.499864
-1108.0471,17,89.518073
-1053.2363,8,89.518127
-1114.5127,4,89.51814
-2004.9912,11,89.518145
-2153.4507,12,89.532399
-965.8743,2,89.547225
-1744.9448,10,89.559355
565.9547,52,89.559413
-1465.3977,24,89.584237
-1149.5492,4,89.584401
-2144.9338,13,89.584743
-1814.2322,14,89.600071
-887.91394,6,89.600137
-1095.1445,4,89.600224
-1028.714,2,89.611045
911.14185,52,89.627431
-1525.678,4,89.650021
-1059.6538,3,89.650119
-1041.1226,2,89.666444
-992.40265,72,89.666551
-3311.2295,27,89.666569
-933.4635,7,89.666576
-1618.3307,12,89.697197
-1058.834,3,89.709023
-1192.4069,7,89.709111
-1072.066,5,89.725522
-2016.1191,32,89.72559
-962.21857,17,89.725606
-1078.69,2,89.725614
-1051.4126,6,89.747659
1137.948,41,89.795454
-949.37964,30,89.847928
-1620.4073,9,89.848266
-887.77454,5,89.860477
-752.0663,50,89.876418
-2047.3787,16,89.88956
-697.48627,15,89.919787
-2354.4575,25,89.919868
-947.972,20,89.962817
-1060.8254,2,89.962934
-15.17981,74,89.983961
-1001.77765,3,89.984031
-547.5636,18,89.984047
641.0061,25,90.001573
-1048.4764,2,90.001662
-1419.7081,24,90.015801
-880.8158,28,90.01592
-802.5702,17,90.015939
-1291.832,34,90.027578
-1137.7437,21,90.043655
-1047.1307,2,90.043726
-1088.609,5,90.043755
-1752.7606,12,90.043765
-2619.6135,21,90.043773
-1609.4695,5,90.057079
-636.6564,12,90.072713
-2052.7456,4,90.072771
-981.46344,5,90.072785
-1090.4739,2,90.072793
-1408.4451,3,90.091967
-422.8734,109,90.106366
-1687.6886,40,90.10647
-1041.239,2,90.106497
-989.7186,4,90.106508
-1189.1528,9,90.134241
-1151.6797,12,90.160721
-1084.7734,6,90.16081
-1317.695,6,90.183717
-1736.5228,9,90.197728
-1060.7699,2,90.210868
-1302.9586,16,90.210956
-1861.7131,9,90.222714
-1955.2706,34,90.222803
-1054.3124,2,90.235578
-4407.5723,56,90.25052
-1699.5834,18,90.266768
-403.84845,25,90.266874
-610.09186,12,90.266895
-1085.5419,4,90.302871
-219.64758,19,90.302953
-1037.7909,2,90.30297
-2811.5425,18,90.302976
-1056.373,6,90.327943
-1108.9425,3,90.32801
-982.6115,2,90.347053
-1156.2554,4,90.347125
-2017.8651,7,90.347139
-1051.4069,2,90.347145
1227.2131,62,90.34715
1991.2087,50,90.359614
-1064.0787,4,90.400933
-1286.7341,6,90.428709
-1889.3246,10,90.457743
-1168.299,40,90.45782
-943.5853,4,90.457837
-1929.452,18,90.47301
-1433.9193,10,90.488047
-847.02527,41,90.488128
-2938.5984,10,90.488144
-1104.1012,31,90.499673
-940.94604,4,90.514435
-1262.7288,18,90.528953
-1016.1322,3,90.529038
-2625.7383,30,90.546845
-2770.6333,33,90.559242
-3855.2676,15,90.581608
-1326.6826,31,90.599803
-1351.9049,4,90.599885
-1279.6958,7,90.599901
-574.30896,161,90.632713
-1048.2506,8,90.652919
-1112.0482,4,90.653
-2341.246,15,90.693736
-1937.6694,6,90.693804
-1480.8425,10,90.69382
-1355.1932,9,90.693828
-1157.111,7,90.710172
-1047.7526,2,90.737056
-2498.9712,16,90.757492
-2091.3232,8,90.773868
-1478.8525,9,90.773967
-1030.1254,2,90.773988
-1386.0455,13,90.801214
-663.41986,8,90.816246
-997.0108,33,90.829735
-992.2845,4,90.829814
-579.97205,34,90.848872
-1064.1765,6,90.903886
-2416.1023,8,90.91842
-2882.421,16,90.932103
-1339.4772,12,90.932151
-2260.7783,31,90.952335
-812.86975,17,90.952426
-2326.9224,50,90.978684
1243.8734,61,90.978763
-2423.7317,11,90.991733
-973.5822,5,90.99179
-1202.334,59,91.048442
-1550.299,4,91.048539
-4262.7793,47,91.048559
-729.8906,8,91.059654
-1038.721,8,91.083989
-761.5676,45,91.099803
-1009.80304,2,91.124736
-1176.9702,26,91.1376
-5487.282,41,91.164813
-3006.867,36,91.164896
-933.65735,10,91.179338
-1331.9175,7,91.179444
-1028.348,12,91.205375
-1601.0386,14,91.228579
-1532.3436,6,91.254012
-1051.3757,4,91.269011
-1049.7603,2,91.283607
-810.21204,23,91.296071
-1009.8821,57,91.296141
-2573.3472,68,91.317785
-377.89868,56,91.317837
-1491.5182,24,91.332925
-1029.9106,2,91.346577
-1049.0391,2,91.373232
-659.63947,14,91.387327
-389.98096,23,91.387419
-2197.1365,40,91.413671
-1985.2375,86,91.425241
-1184.163,5,91.492748
-1093.9427,2,91.492815
-3354.7446,16,91.510028
-1342.7659,23,91.547295
-1374.957,26,91.562944
-1668.8436,15,91.581678
-1558.4252,29,91.593844
511.2921,44,91.608345
-1533.549,4,91.625537
-906.5075,61,91.625604
-3203.0327,52,91.625619
-889.9707,3,91.625628
-1139.2938,3,91.637628
2469.2236,102,91.637714
-852.72546,3,91.660988
-1398.4336,11,91.700504
-735.6893,27,91.700591
-1319.4058,3,91.700607
-796.1959,20,91.717337
-2021.4911,28,91.737435
-1005.23236,2,91.753528
-1149.7753,8,91.7536
-1225.2118,4,91.801986
-702.8799,22,91.832864
-1329.7646,17,91.857877
-1055.3102,3,91.869354
-1880.0271,12,91.869431
-987.7123,6,91.885781
-831.2544,13,91.885843
-1044.8152,2,91.898813
-1045.3923,3,91.922674
-764.8248,39,91.922741
-972.37946,3,91.938259
-1500.2969,5,91.93834
-947.5731,32,91.954467
-2923.273,36,91.967605
-981.2578,26,91.983237
-1049.121,2,91.983322
-1532.682,20,91.98334
-1254.3129,25,91.983347
-948.9501,5,91.9964
-3330.968,74,91.996485
-1032.0255,2,92.013584
1139.2205,48,92.034981
-982.7239,4,92.04722
-1015.34686,5,92.047299
-1101.731,4,92.061755
-1558.8816,23,92.061835
3824.25,76,92.061851
254.69434,33,92.076295
1967.9155,59,92.07636
-1076.7557,5,92.076375
-2521.1401,6,92.103935
-1038.58,3,92.119043
-1200.7693,3,92.119117
-1054.3893,4,92.119133
-1337.6672,10,92.141839
-1404.1821,14,92.141922
-1287.6859,93,92.156765
46.659668,37,92.15683
-2183.1562,29,92.168922
-922.7329,3,92.184463
-1405.5222,3,92.200422
-1021.5655,4,92.200536
-1669.1576,19,92.234064
-2055.3655,8,92.234146
-1143.3561,8,92.251633
-1798.2229,12,92.25192
-1258.9786,15,92.268662
-1132.3386,4,92.268747
-1376.8488,65,92.294031
-944.93726,3,92.309086
-890.8453,8,92.309185
-693.51465,12,92.309207
-1052.1243,2,92.333516
-1650.4178,8,92.349944
-2405.1028,7,92.349998
-1087.6394,4,92.350012
-1714.4773,19,92.350019
-1409.893,22,92.377206
-1041.5222,2,92.377293
-2221.3125,23,92.391816
-1095.6664,17,92.406284
-921.239,3,92.435707
-2193.5427,6,92.462349
-917.3932,20,92.495761
-979.8852,4,92.530403
-486.8275,70,92.530501
39.975464,42,92.573162
-1408.44,16,92.589723
-869.1202,29,92.610086
-998.1778,5,92.610187
957.004,112,92.624547
604.4271,37,92.637498
-1687.209,8,92.648672
-2303.441,21,92.66004
-3010.8267,24,92.687865
-4719.914,27,92.699935
-2240.6028,9,92.700019
-2195.2822,9,92.713722
839.6398,56,92.71383
-1203.4174,59,92.730806
-931.56287,6,92.730896
-1039.297,2,92.730916
-2263.1821,10,92.743918
-2455.1526,11,92.762362
474.7071,28,92.762424
-1378.5897,9,92.76244
-1109.3809,4,92.798322
-1557.5514,9,92.798369
-3503.7988,95,92.816479
-2336.1743,34,92.816548
-529.8685,47,92.828688
-672.34515,39,92.828753
1348.9749,58,92.864682
-1322.6597,8,92.86473
-2193.7725,28,92.864742
-986.9498,2,92.891506
-2532.4805,18,92.891572
-1147.0132,4,92.891589
-2001.9535,8,92.891595
-1196.4052,33,92.905054
-1024.0817,6,92.905148
-2535.8145,9,92.905164
-3014.2554,11,92.920783
-1954.4703,12,92.920867
-1029.3035,2,92.920884
-1078.2958,3,92.959797
-1503.204,5,92.959874
-1092.5822,13,92.959892
-1622.3704,9,92.959901
-1835.729,6,92.972018
-657.797,18,92.987738
-1050.5162,7,93.004001
-1066.2936,3,93.004073
-836.7124,12,93.031785
-949.1597,5,93.031878
-1603.3628,10,93.045674
-1086.4003,4,93.045751
-872.2248,4,93.058005
-1067.8586,9,93.083686
-682.45514,8,93.083979
-1660.0485,14,93.084014
-1603.818,7,93.098604
-1647.7001,10,93.098665
-1254.1721,17,93.098681
-1445.3423,30,93.128681
-2268.8005,8,93.155329
3039.1929,61,93.155387
-1720.6378,7,93.155403
-1337.013,25,93.15541
-1738.2284,6,93.170479
-919.89166,5,93.170552
-1100.7063,5,93.170566
-1940.5074,10,93.190101
-513.2862,28,93.22173
-1125.818,3,93.221843
-1422.4692,9,93.240473
-1461.2109,4,93.240538
-993.15326,6,93.255151
-2559.7266,11,93.255233
-4864.2236,23,93.255257
-1028.0063,2,93.268949
-1051.8938,8,93.282592
-1950.6804,11,93.296542
-1062.5135,4,93.296626
-2610.724,54,93.296639
-1299.7362,9,93.316806
-1221.0538,16,93.328649
549.91907,75,93.343135
-1024.0226,3,93.343195
-1044.5723,2,93.343208
-1016.29865,3,93.343215
-2714.6,31,93.356658
-1926.1163,11,93.356714
-951.2186,4,93.356731
-1810.6787,14,93.371942
-2494.6016,24,93.384983
-1642.5134,9,93.385041
-977.74274,10,93.401526
-1214.8594,14,93.428648
-2313.4146,43,93.428843
-1037.3212,4,93.442099
-1426.7838,12,93.456019
-981.4375,2,93.456075
-817.27356,8,93.496318
-1150.9259,32,93.496642
-2585.7834,17,93.521688
-1650.7903,10,93.521798
-1109.7957,12,93.521822
-970.2153,5,93.521832
-2710.3213,42,93.537218
-859.2313,20,93.54929
-1073.2047,2,93.549399
-3080.608,15,93.562795
-969.13306,10,93.578523
-1428.6068,5,93.607982
2165.6697,61,93.608041
-992.5496,2,93.608052
-912.6261,7,93.622051
-978.865,2,93.644189
-1780.1829,11,93.66971
-636.2613,35,93.694946
-605.2903,90,93.720571
-3512.703,21,93.720638
-1032.6539,2,93.720655
-2685.0845,34,93.736742
-2400.152,8,93.736838
-1969.6572,26,93.736867
-1237.2936,26,93.75087
-1383.9983,10,93.765555
-494.43628,20,93.765601
-989.8231,3,93.765611
-1669.4338,7,93.779555
-1032.952,3,93.779652
-2125.7192,31,93.792568
-1400.4996,10,93.792665
-936.7423,5,93.792685
-2150.5173,19,93.806069
-1751.7498,31,93.806145
-1751.789,10,93.862613
-949.999,7,93.888688
-3567.3953,26,93.888762
-1138.8787,25,93.913082
-2667.6118,13,93.935561
-655.5563,32,93.935602
-1022.229,4,93.950144
-1428.6113,41,93.964787
-1252.7921,15,93.984472
-2262.3577,14,93.997146
-955.90674,8,94.010505
-1285.6101,17,94.025031
-2868.174,7,94.074327
-2912.1064,12,94.102911
-2815.058,17,94.117236
1212.4899,96,94.129818
-1632.2727,44,94.16147
-1751.9749,11,94.161568
-2328.1763,17,94.187611
-729.4197,27,94.187696
-5700.9863,31,94.199788
-1117.4895,4,94.220488
-984.2964,4,94.220788
-1057.8436,35,94.220813
-1307.5498,9,94.234818
-1040.4738,2,94.264099
-1518.5044,5,94.291695
-1063.1611,12,94.291771
135.23694,37,94.307651
-1024.0425,2,94.333046
-1105.9495,3,94.333108
-1001.7271,53,94.333122
767.8132,39,94.347369
-1375.7681,9,94.347465
-1595.6869,16,94.363212
-1514.8676,10,94.36328
-976.6761,40,94.379162
-1242.324,57,94.379234
-1544.4049,4,94.420125
-941.83484,5,94.420213
-1026.332,3,94.436211
-920.2894,5,94.436252
-991.06006,6,94.436263
-1887.8833,16,94.436269
-1367.9731,56,94.452233
-1322.6324,48,94.469271
-1082.5979,3,94.484636
-2421.8164,31,94.484695
-1049.3528,2,94.518201
-587.5787,16,94.518305
-1673.9121,31,94.550483
-2107.4907,8,94.561995
-1799.4894,12,94.573926
-1052.9557,6,94.605225
96.83142,45,94.605279
880.64575,45,94.632128
-887.00134,15,94.645118
-33.57202,87,94.645195
-2032.7253,14,94.645212
-215.24084,45,94.661367
1605.6218,50,94.661482
-1538.4194,13,94.674706
-1337.7551,11,94.703896
-1151.2261,7,94.703961
-1585.3035,6,94.729463
-1799.4403,6,94.729552
-1015.4994,3,94.750804
-989.2625,6,94.75088
1976.5933,69,94.750898
-656.4139,26,94.768483
-1034.4717,2,94.784428
-1069.1744,2,94.784513
-1320.5693,8,94.801302
-1784.6277,6,94.801397
-1052.2987,2,94.817415
669.1116,41,94.832534
-1035.1453,3,94.852462
-1213.9373,26,94.852547
-1107.1537,4,94.852564
-1708.4187,5,94.852573
-1686.0269,14,94.852579
-1900.6451,8,94.867338
-1059.5267,3,94.881044
-2036.9177,9,94.881114
-1148.729,3,94.892868
-1033.2538,2,94.906616
575.45715,40,94.90673
-1086.7312,3,94.9212
-893.82446,6,94.93514
-1342.0786,6,94.935208
-1003.9719,9,94.935224
-1229.4484,5,94.972757
-1174.6034,36,94.972827
-2239.436,23,95.002143
-1065.1028,5,95.00221
-1697.1499,8,95.002225
-1243.7799,5,95.002231
-1543.3826,36,95.002237
-689.5492,18,95.016681
-2083.8726,7,95.029079
-2851.062,26,95.029145
-1006.8957,2,95.029157
-1782.2483,13,95.08009
-1782.5325,6,95.092505
-924.8473,5,95.092598
-1033.3624,2,95.121383
-3565.459,16,95.138492
-1022.62524,12,95.13859
-2591.0425,22,95.160128
-3038.6055,40,95.160197
-3476.246,12,95.174354
-3489.269,23,95.189582
-1311.2739,13,95.189656
-993.1209,4,95.208169
-1085.4313,16,95.208259
-1605.5576,9,95.232704
-1069.3373,3,95.232786
198.39587,44,95.24761
-987.08276,6,95.2642
-1229.7339,3,95.279651
-3576.563,13,95.279714
-1412.8986,9,95.279729
-1013.2812,2,95.298496
-710.35736,20,95.298635
-1029.6868,31,95.298657
3525.6997,76,95.323737
-2779.0215,6,95.323805
-1728.8896,9,95.342012
-1053.7277,2,95.356211
-1104.5337,3,95.37132
-88.71008,71,95.39493
-2466.3652,16,95.395009
-1243.8237,13,95.395027
-1113.7258,3,95.408776
-1264.1039,29,95.423349
-594.12915,27,95.423418
-1087.1758,2,95.423435
-857.3818,6,95.423442
-1058.9348,2,95.439775
-1688.6425,3,95.439838
-907.09827,74,95.464708
-2096.3452,14,95.478815
-879.5424,5,95.492739
-2111.9172,14,95.49278
-2192.1455,15,95.49279
-2094.3374,24,95.507723
-1920.3722,19,95.522887
-1115.1084,30,95.56163
-1598.2378,19,95.561699
-3030.6538,11,95.576037
-1265.6998,16,95.576166
-1680.0133,6,95.576186
-1302.6702,7,95.59341
-1098.3333,2,95.593524
-2749.5044,14,95.593545
-1368.891,23,95.607877
-1075.989,3,95.622267
-1668.7476,10,95.636331
-946.43823,2,95.656887
-337.59186,17,95.681988
-2005.2699,13,95.699187
-950.18085,4,95.699279
-1832.365,10,95.713531
-1764.469,8,95.729703
-481.74377,21,95.729783
-2188.1797,19,95.746243
-2685.6697,10,95.746309
-980.40906,2,95.746326
-1903.0969,10,95.746333
1319.1798,50,95.759121
-1502.2327,5,95.759191
-2335.5142,19,95.759206
-1075.3823,2,95.779261
-1018.5007,3,95.779373
-1093.1494,3,95.797312
-1013.18884,3,95.797396
-595.0207,14,95.813931
-1444.0516,10,95.813999
-989.03204,2,95.829241
-1455.0742,6,95.829349
-1092.1715,95,95.829369
-1965.2614,5,95.854084
-2718.7266,90,95.854147
-1059.0741,4,95.854164
-1968.5048,9,95.85417
1041.9907,89,95.886811
-1365.5065,6,95.897202
-1050.3989,2,95.911994
-1557.4946,5,95.926633
-1482.5237,6,95.926701
-3147.6787,10,95.940774
-985.95074,6,95.940834
-993.90796,3,95.940848
-1419.7145,8,95.940855
-253.32306,17,95.967062
-992.34406,2,95.967148
-902.88635,8,95.967165
-2752.7437,15,95.977966
-2018.2583,11,95.990066
-1253.6874,16,96.004938
-1156.2347,6,96.081793
325.93134,44,96.082222
-4884.3657,11,96.096382
-448.3626,35,96.111335
-1404.2567,13,96.111429
-1819.7362,11,96.141325
-1096.8937,4,96.141364
-949.49475,41,96.141374
-1411.7572,13,96.161576
-1236.9012,13,96.16166
468.45728,91,96.161678
-2389.914,26,96.161686
-1362.8715,38,96.161691
-1023.3458,6,96.229122
-1966.4341,5,96.229205
-1039.1155,5,96.22922
-2358.0815,16,96.241581
-1067.926,72,96.256656
1280.8561,65,96.256711
-1531.6399,8,96.270023
-2190.2732,9,96.270087
-1844.8998,13,96.284218
-981.90094,5,96.298158
-1014.52905,2,96.330495
-1849.8271,33,96.330592
-447.24005,17,96.330619
606.7667,34,96.330631
-2443.6675,15,96.330639
-1050.4287,2,96.359907
-1093.3373,3,96.372863
-1554.3096,8,96.372939
-1029.7216,2,96.3897
-962.82404,4,96.389788
-2240.849,5,96.405255
-2713.0605,42,96.432368
-1050.8358,5,96.460072
-1110.7798,4,96.491472
-3376.8987,24,96.504692
-4.2961426,24,96.50476
-1330.5914,13,96.520728
-680.9973,16,96.520806
-1103.1127,2,96.520828
-2317.1575,27,96.54053
-1244.3357,12,96.576726
-1998.8984,5,96.594007
-417.3864,48,96.608448
-1032.5687,6,96.608854
-2564.5554,19,96.652775
-2102.2764,29,96.652861
-1070.9249,4,96.6648
-908.53735,21,96.684069
-3245.5283,16,96.698748
-1113.947,4,96.7134
-1910.1404,8,96.713476
-1155.5698,4,96.713494
-1582.791,52,96.726862
-2690.7837,32,96.742888
-288.2304,43,96.743121
-1309.4651,33,96.743163
-2791.9307,12,96.758559
-1506.6858,4,96.771711
-1853.9938,4,96.813495
-1272.948,19,96.813762
-1445.0209,4,96.832164
2176.856,61,96.832222
-2389.8623,23,96.845765
-1123.1038,9,96.845855
-988.87537,12,96.860098
-2744.4478,13,96.860168
-1034.4462,2,96.873582
-1858.1908,12,96.873717
-984.62494,4,96.873775
-1569.0833,19,96.89258
2124.1028,67,96.910838
-1746.4612,26,96.910903
-1172.6509,6,96.910918
464.03076,67,96.925809
-1062.5425,2,96.940325
-1776.8428,14,96.952768
-3400.3599,8,96.95284
-2328.495,15,96.965214
-1312.9955,9,96.965285
-1143.3838,4,96.979697
-1249.5295,6,96.994241
-2154.4468,6,96.994342
-2837.8232,10,97.00903
-2093.0198,10,97.009108
-1794.0089,11,97.009125
-1080.3007,4,97.009133
-1673.1094,20,97.021064
-383.16644,46,97.062312
-959.3705,5,97.077271
-850.5476,15,97.091168
-1644.7235,10,97.103644
-968.6276,2,97.119773
-1170.3406,8,97.119859
-1045.2094,7,97.119876
-2078.011,11,97.132154
-1000.79065,2,97.147755
846.2295,63,97.147829
-1110.8647,7,97.175734
-1522.7837,22,97.187419
-1896.122,25,97.226763
-2500.7625,8,97.226874
-2110.0723,8,97.241028
-709.43713,51,97.241104
-1002.6514,2,97.253876
-618.79004,27,97.26903
-1126.1709,4,97.281951
-1015.4916,5,97.30708
-1063.35,4,97.335571
-1792.4948,8,97.367813
-1163.4691,14,97.367905
-796.0473,19,97.379917
-1806.8181,78,97.39641
-1433.8445,35,97.421357
-2746.3823,21,97.435745
-30.815063,32,97.449924
-1048.7235,6,97.450055
-1537.2394,18,97.495477
455.55328,25,97.495548
-176.159,56,97.509165
-1100.1324,2,97.539097
-1097.9956,3,97.53939
907.46075,40,97.551717
-2539.659,13,97.551817
-1762.2185,8,97.565037
-1657.3547,46,97.59123
-2449.4736,11,97.591303
-926.48505,20,97.652802
-1851.2378,47,97.652872
-1742.2092,97,97.665749
-677.09106,33,97.680828
-1072.9211,3,97.693129
-1086.1993,3,97.693202
-3392.5908,11,97.731021
-824.7544,4,97.746781
-549.4969,32,97.747129
-1666.2871,9,97.747149
-1436.5149,72,97.78556
871.5826,161,97.808085
-1930.0464,25,97.808176
2110.6584,56,97.808193
-2045.7161,20,97.856258
-1575.9998,4,97.85634
-1328.5521,36,97.856359
-1036.3654,3,97.856366
-493.2036,55,97.869519
-445.38568,19,97.869586
-1798.9277,31,97.869603
-1345.2295,10,97.901261
-1100.7434,35,97.916353
-2878.1953,12,97.916459
-920.82544,3,97.916477
-1086.5583,2,97.932617
-921.521,5,97.932695
-425.31274,32,97.948435
-1116.8995,3,97.961856
-2063.144,6,97.96192
-1085.7073,22,97.999078
-996.55164,30,98.021016
-987.98193,22,98.021076
-1761.4813,16,98.049842
-3198.8042,20,98.050117
-712.9305,20,98.050136
-1120.1218,8,98.076892
-1546.2539,11,98.076952
-4591.919,75,98.101135
-1067.6119,4,98.101208
-1513.2527,7,98.101225
-1138.9131,6,98.127345
-857.4192,7,98.141909
-5684.842,71,98.141986
-2897.5845,16,98.159991
-1742.9792,21,98.160063
-1408.5938,17,98.173729
-1113.365,6,98.194074
-1021.57404,6,98.194161
-246.73907,24,98.211689
-3643.7002,13,98.211761
-1567.1996,8,98.224997
-1045.4844,3,98.252183
-216.21277,26,98.25253
-1094.5074,13,98.26478
-1041.6753,4,98.26485
257.66406,29,98.280806
-3664.8037,27,98.312678
-481.09445,24,98.312757
-1404.3193,36,98.339252
-1283.333,23,98.354234
-2982.1597,15,98.354306
-1757.8394,57,98.35432
-716.39404,14,98.373571
374.68213,55,98.373643
-1139.7307,8,98.373661
-1292.83,14,98.388943
-1703.0786,18,98.419884
-1431.1162,3,98.419974
-1396.5504,4,98.440383
-1228.0212,9,98.45527
-1088.3322,7,98.457562
-2616.346,12,98.457621
-2074.9558,13,98.457631
-1451.8875,3,98.492945
-728.8579,14,98.493032
-1784.687,24,98.526671
-1145.9125,3,98.543065
-1964.6807,39,98.543123
395.80945,59,98.556378
-1036.5813,3,98.579337
-2242.215,11,98.592041
-288.19415,28,98.592095
-1606.3811,9,98.592111
-1098.1785,25,98.608449
-1285.6489,38,98.64714
-2038.4597,8,98.64724
-1269.032,5,98.668676
-1455.7898,10,98.668747
-1392.3242,8,98.668765
-1267.7518,4,98.720157
-14.863159,19,98.75771
-1433.1997,22,98.77044
-1103.2084,2,98.787163
-1026.0541,2,98.800008
-1161.4595,30,98.800091
-3803.7388,26,98.827806
-1429.9678,13,98.827874
-717.5532,37,98.827889
-1415.2532,4,98.853772
-1671.9612,21,98.869241
-199.20135,20,98.881922
-240.31036,37,98.893496
-425.67218,88,98.907633
-842.3236,6,98.907717
-1527.3444,9,98.907735
-887.6569,5,98.922054
257.07532,38,98.935083
-1943.9419,5,98.935156
-2182.9424,54,98.979351
-1604.6565,11,98.979632
-1877.7733,28,98.979653
-1087.2589,5,98.993904
-957.33795,56,99.009625
322.0664,48,99.009697
-1113.6979,3,99.022957
-1066.0637,2,99.023027
-2634.7744,8,99.023042
-4865.118,27,99.040552
-1543.0928,11,99.055849
-1542.5417,29,99.069366
-1034.7673,6,99.069441
-1072.3185,4,99.08196
784.0,44,99.082028
-1950.9983,13,99.117977
-886.2961,3,99.118019
-1968.741,16,99.133017
-1026.0258,5,99.133099
-1004.6217,14,99.133118
-1867.379,17,99.148625
-1025.8313,2,99.175253
-1004.1542,6,99.205399
445.1748,60,99.219601
-921.2848,6,99.219682
-1413.7157,4,99.23435
-2463.6406,14,99.250853
-5645.505,38,99.250918
-1282.321,20,99.263465
-1086.0365,14,99.278544
-181.50476,22,99.331672
-898.25854,6,99.331767
-1146.5721,6,99.346809
-173.51935,51,99.358473
-874.8218,11,99.375732
-1092.7236,3,99.375801
-345.38593,40,99.391112
-84.39978,42,99.391226
-380.82288,37,99.404734
-1321.1346,70,99.417452
-1509.3148,21,99.435723
-3198.809,22,99.445729
-1108.1895,5,99.463975
-921.1763,3,99.464069
-2219.129,25,99.481614
-1037.128,3,99.511252
-1099.2723,3,99.511382
-1865.5747,10,99.524544
-1940.8508,10,99.548731
-325.55914,39,99.562699
-290.91394,40,99.578047
-1021.3075,4,99.622912
-1259.9241,7,99.622997
-1107.1323,43,99.647866
-1077.2836,28,99.647937
-887.82605,7,99.673785
-1137.3866,4,99.707888
-1800.9792,11,99.707971
4376.7114,94,99.720591
-967.48517,9,99.747187
-1008.7119,3,99.747244
-2130.4897,7,99.747258
137.52881,82,99.747264
222.85522,28,99.758714
-1973.4905,5,99.774269
-1126.6024,3,99.78827
-1063.9955,2,99.801584
-3843.0957,14,99.816031
-1675.8262,7,99.816086
-1504.5034,6,99.83213
-3615.107,56,99.858485
-2321.644,43,99.888135
-1318.6588,27,99.88823
-1176.6729,6,99.904251
-892.5679,3,99.904317
727.0547,39,99.904334
-2555.3704,37,99.919537
-608.70605,31,99.91962
-748.9663,14,99.95405
-884.33405,4,99.954124
-1064.3597,3,99.967309
-1518.8484,32,99.967378
-2120.9355,12,99.981884
-598.81335,39,99.997766
-2055.4485,14,99.997838
-5783.8315,68,99.997852
-1642.6947,8,100.027906
-711.92163,57,100.027963
-1013.2947,2,100.027978
-2607.6692,19,100.027986
-1510.76,15,100.040081
-3451.1836,57,100.040148
-1899.3975,11,100.05453
-763.1887,57,100.0546
-3675.4702,27,100.066644
79.81384,52,100.090008
-1418.5321,9,100.090087
-1351.6978,45,100.101289
-1060.9247,2,100.114894
-2133.059,10,100.114962
-941.33575,5,100.114973
-1646.8662,14,100.1289
-1178.4104,4,100.141742
-1211.1588,10,100.141845
-1173.4639,4,100.161403
-2435.7163,17,100.161472
-1150.3447,7,100.161487
-1041.7733,2,100.181907
-370.4544,19,100.19631
-2165.026,15,100.196383
-1499.9049,57,100.208191
-1086.4664,3,100.208261
-1028.6445,2,100.22246
-887.1784,7,100.222559
-570.77454,32,100.248542
-1474.6392,6,100.259594
-2379.8872,16,100.276393
-2396.6543,14,100.276459
-1029.1887,5,100.291435
-1757.9767,15,100.305566
-2078.0364,10,100.305632
-964.4793,6,100.305642
-1234.1626,4,100.324112
-1347.201,8,100.324187
-2477.252,9,100.324217
-1006.58923,7,100.338722
-1422.657,3,100.35094
-1039.0636,2,100.371175
-1252.9584,27,100.398761
-1597.8036,5,100.398835
-2179.8584,11,100.398855
-1125.2473,8,100.413128
-1164.0735,4,100.434574
-464.12085,31,100.434675
-1049.6483,6,100.454604
-1020.4828,3,100.454661
-2855.963,27,100.454676
-957.3021,5,100.481219
-1500.7887,11,100.481299
-1376.0803,12,100.495344
-1654.409,12,100.512043
-1546.87,9,100.535141
-2620.2856,36,100.552303
-136.82446,34,100.567275
-1040.8684,2,100.591698
-1108.052,9,100.591781
-1674.8027,8,100.607047
-1375.3833,8,100.607107
-2753.352,39,100.642722
-2069.499,6,100.642807
-1159.2795,16,100.673267
-974.1689,6,100.673356
-1888.2761,15,100.687902
-1872.6567,36,100.687984
-694.38257,24,100.701653
-1045.1868,4,100.701721
-1024.6665,2,100.717505
-1658.8496,35,100.717571
-1386.7778,7,100.717586
-1009.536,2,100.73287
-1950.1365,16,100.757555
-1490.959,6,100.757659
-280.3001,18,100.770057
-2658.9294,22,100.78169
-3174.3599,13,100.794732
-950.4908,6,100.794811
82.43286,46,100.821083
-986.5923,9,100.821164
225.40118,17,100.832849
-1036.95,4,100.848251
-1082.5919,3,100.864235
-1839.2542,11,100.864304
1327.5417,39,100.86432
-1656.2407,29,100.864327
-1070.2935,6,100.864333
-1283.5664,9,100.888864
-1050.0266,2,100.888928
-1917.406,10,100.888942
-3393.7688,70,100.888948
-975.3784,6,100.904072
-935.40063,51,100.904131
-1153.6398,4,100.919042
-50.259155,23,100.919087
-911.01624,7,100.94666
-1084.8175,7,100.959849
-893.78424,5,100.959923
-906.36804,13,100.975763
-1127.8741,4,100.975845
-3249.1802,22,100.988306
-878.74084,8,101.002777
-3225.8687,10,101.002853
-1363.7651,4,101.038089
753.8567,41,101.038189
-605.4215,11,101.050252
-2629.7278,24,101.050303
-1166.5653,4,101.050316
-1862.1757,9,101.050323
-971.7577,5,101.07578
-1856.8274,13,101.075851
-1077.3416,2,101.075868
-1799.9666,9,101.101198
-1723.7299,7,101.10127
-1024.221,3,101.11463
1427.2957,73,101.114683
859.61316,57,101.114694
-971.3074,7,101.129585
-1183.1289,17,101.151843
-936.49725,29,101.172765
-2558.3982,62,101.17284
-1139.5383,3,101.172856
-1011.4193,4,101.212362
-3067.8262,12,101.223823
-814.1152,9,101.236394
-1359.0479,11,101.236492
-377.06836,20,101.251491
-250.33826,24,101.251549
-340.9513,37,101.251561
-1237.6104,4,101.277479
-947.7892,8,101.29591
-750.54254,30,101.309942
-1306.8708,15,101.310042
-1859.4893,18,101.335918
-1298.2365,10,101.335993
-1032.4175,4,101.336
-945.6997,5,101.349955
-946.5545,5,101.350088
-1112.5542,8,101.367124
630.34845,29,101.413476
1164.0447,51,101.434787
-946.8447,7,101.468225
279.3565,27,101.468269
-1957.3209,20,101.468279
-1150.4026,3,101.468286
-2309.6748,12,101.485084
-1137.0417,8,101.485156
-2011.2236,11,101.499788
-2085.1372,10,101.530437
-953.5163,22,101.530502
-1008.1679,5,101.544038
-2655.1235,61,101.556419
-1512.028,5,101.566447
-2726.8794,23,101.60215
-1975.7773,10,101.602222
-2449.1484,11,101.623684
-2452.1633,21,101.623752
-799.5467,5,101.623769
-2222.2285,14,101.641018
-1053.4054,2,101.641105
-1003.2094,2,101.65214
2478.8816,55,101.668344
-2541.2188,40,101.6684
-2529.847,36,101.682629
-846.5484,24,101.696892
-1730.5308,6,101.696967
-1016.5611,2,101.713547
-845.6029,7,101.727947
-558.554,31,101.728018
-2276.2788,14,101.728032
-1045.3616,6,101.74419
-1042.6953,7,101.744261
-1117.8418,15,101.757438
-2586.2788,28,101.757514
-909.82825,6,101.781663
-940.4067,5,101.80096
-1200.3527,5,101.815133
-146.21375,23,101.815237
278.10986,24,101.835129
-2437.9941,9,101.835212
-1038.6582,2,101.83523
-2037.8403,12,101.855162
-967.4294,8,101.855222
-2729.4639,34,101.855236
-1149.7705,10,101.868584
-1559.7654,17,101.884618
-293.4004,50,101.884733
-1084.4133,14,101.884765
-679.25916,7,101.923678
-1037.5947,6,101.923766
-1056.7623,4,101.923784
-1124.0717,7,101.923789
-988.6617,5,101.923794
-2055.3547,7,101.941737
-1097.8956,5,101.952863
-1911.7302,6,101.967591
-979.11285,4,101.99353
-1794.6973,9,101.993602
-1205.2931,5,102.012356
-1038.7631,2,102.024764
-1401.726,4,102.037557
-801.69946,6,102.037631
-980.777,3,102.085588
-1103.9384,3,102.085699
-2273.976,22,102.106285
-1248.7346,9,102.106356
-741.8187,6,102.125238
-462.78595,27,102.153728
-1841.7024,10,102.153807
-1073.2013,2,102.153821
-1556.5431,55,102.172323
1154.2855,79,102.1724
-1055.4717,4,102.172419
328.14404,36,102.200431
-1595.4631,7,102.200502
-1106.3097,3,102.211838
-1125.3025,30,102.225365
-1770.3141,24,102.261206
-1342.6665,7,102.261274
908.9078,49,102.313642
-524.9541,77,102.313735
-1675.4512,31,102.32673
-1548.9911,11,102.326804
-1960.9219,13,102.343507
-4861.602,27,102.3436
-48.180176,34,102.358154
-1751.4019,4,102.373176
-1124.4495,13,102.391471
-1555.8794,42,102.431163
-2094.2915,5,102.431258
-2278.784,34,102.445043
-965.1086,2,102.457966
-2420.1157,9,102.470083
-924.9648,4,102.482862
-1108.7592,8,102.482956
-2104.1392,12,102.51189
-1187.5039,10,102.530685
-2362.3384,52,102.530782
39.02771,68,102.541924
-1134.3668,4,102.542014
-521.1068,37,102.557417
-1061.8298,3,102.557525
-1047.9569,3,102.573194
-526.46826,23,102.585847
-1029.7614,4,102.614312
-1051.114,3,102.629124
-1356.3777,10,102.62918
-1082.1908,6,102.629208
-1764.7395,13,102.629214
-1016.7189,2,102.659562
-757.7783,35,102.671525
-1169.5894,16,102.685732
-3223.12,37,102.685815
-1827.5188,5,102.685833
-906.1136,4,102.685843
-1054.2134,4,102.685852
-1046.636,2,102.698272
-1761.1758,6,102.709445
-4024.748,42,102.709517
-1134.5151,3,102.72348
-1766.9484,44,102.723566
-1791.657,13,102.738361
-1025.764,2,102.75017
-1250.7242,5,102.750262
-799.2162,4,102.764013
196.14514,41,102.781984
-1123.921,4,102.80631
-221.52747,40,102.82001
-1771.7688,8,102.820054
-946.80383,10,102.863045
-2080.7837,23,102.863099
-2953.4697,17,102.896911
-1493.324,8,102.89701
-1314.5161,11,102.897041
-920.0543,5,102.935524
-2655.923,29,102.935617
-1552.2638,18,102.935632
-984.3906,5,102.968328
-1953.096,46,102.984
-1613.9763,9,102.997046
-1025.0864,2,103.012807
-2053.8179,14,103.02487
-1082.082,7,103.039793
-1236.3524,7,103.039913
-938.1301,17,103.054486
-2191.3333,10,103.085493
-1152.7812,14,103.099176
-3.7835693,29,103.099262
-1105.9517,3,103.125892
-2103.4731,7,103.125963
-1560.1533,47,103.138338
-1542.5554,4,103.149678
-1339.959,23,103.149751
-967.2034,2,103.176971
-2253.7593,68,103.177046
-1769.8506,29,103.177063
733.48413,67,103.177072
-1832.0312,61,103.190399
-2398.2773,11,103.190481
-1265.546,10,103.227891
-1439.7155,5,103.240193
260.41333,35,103.240278
-1297.7416,7,103.240295
-1071.923,2,103.251348
-823.95825,5,103.251423
-856.20874,7,103.264768
-1000.0299,2,103.264852
-1872.6276,4,103.310801
-1058.0264,9,103.310887
-1024.0948,3,103.310901
-1898.8315,12,103.338398
-994.19116,9,103.361549
-1576.2655,20,103.388439
-1782.3086,77,103.388571
-1501.8765,10,103.411974
-1107.9485,3,103.41203
-1066.3389,38,103.424607
-917.00024,27,103.424707
-944.18854,12,103.486402
2350.5117,108,103.486488
-1035.3867,39,103.516432
-929.9332,6,103.516557
-1326.3967,7,103.516589
-1912.609,9,103.53069
-1147.2681,3,103.53077
-2146.7783,16,103.545717
2749.519,61,103.559743
-1913.4012,71,103.57363
-844.6158,31,103.573757
-1209.2882,41,103.573774
-881.9796,6,103.573779
-993.7956,2,103.611561
-1049.2328,6,103.62719
-1166.9451,5,103.627289
-1434.0388,5,103.653495
-839.0831,17,103.653539
-968.4116,6,103.653549
-1307.0667,10,103.667678
-3988.0952,34,103.66777
-1392.1683,31,103.693116
-1023.6092,2,103.693253
-2771.351,41,103.705543
-3876.223,155,103.718608
-1494.165,27,103.732282
-955.8005,4,103.776961
-1977.3083,11,103.79799
-3355.5962,10,103.798093
-1100.7838,3,103.812747
-2165.2664,14,103.812806
-1636.1812,16,103.8445
-1688.3448,8,103.858673
-909.5872,29,103.874445
-906.15485,5,103.874534
-2093.5881,5,103.8892
-1564.5531,9,103.889265
1238.2452,59,103.922783
-826.3607,4,103.936064
-2872.9768,15,103.955898
-1059.8406,2,103.955988
-2841.3499,30,103.993102
-1157.0139,4,104.013615
-1068.3579,2,104.044256
-2550.15,17,104.058737
-2551.9883,25,104.058817
-1075.1556,14,104.074122
-420.23383,28,104.07421
-1625.5073,54,104.091989
-1768.6575,13,104.092073
-1249.4132,37,104.10552
-2059.0208,27,104.105612
351.6377,52,104.120041
-1002.63446,2,104.120417
-1363.7534,17,104.138472
-1980.2751,23,104.163276
-1992.6542,32,104.163337
-2246.8003,9,104.174707
-753.6278,15,104.174777
-835.69226,5,104.174793
671.2908,79,104.190724
-1964.4875,8,104.190779
-1410.533,8,104.190794
-1517.158,10,104.203758
-1180.7778,5,104.203837
-1145.6344,9,104.224632
-1839.1328,11,104.224947
-1405.7944,8,104.237182
-1078.6193,5,104.262146
-801.93634,22,104.310547
-726.42505,7,104.326484
-879.68243,53,104.344258
-509.65747,17,104.355594
-1655.0149,12,104.355645
-984.6102,3,104.355659
-814.85486,10,104.355665
-1046.7446,4,104.379779
-985.43567,2,104.379853
-1035.5009,2,104.402987
-691.6001,16,104.418957
-1046.7444,5,104.419016
-1005.18414,5,104.453992
-2758.9512,40,104.469594
-1214.1349,4,104.498422
-1577.4603,70,104.498496
-1344.8663,50,104.530432
-942.96136,4,104.530502
528.8013,26,104.557057
-1398.7706,50,104.581163
-1668.0283,10,104.581204
-2035.9258,7,104.601343
-998.9673,14,104.625518
-2006.6072,11,104.640813
-1866.2357,7,104.653467
-816.90063,66,104.653528
-1640.7872,10,104.675099
-258.26227,31,104.675177
-1442.5145,3,104.714388
-1431.6619,9,104.730178
-295.31494,55,104.74204
-2449.54,34,104.75646
-1400.568,9,104.75656
-3286.8452,41,104.772677
-1498.9602,7,104.772755
-594.4027,21,104.802663
-2003.0037,10,104.802754
-1080.9503,3,104.80278
-986.6369,7,104.822579
365.37903,32,104.840104
-1039.704,2,104.840172
-694.94086,44,104.85663
-1074.5831,2,104.856713
-1301.5983,9,104.884305
-1085.8435,3,104.884382
-1594.1388,54,104.897391
-1358.6951,17,104.911931
-821.2246,38,104.911995
-1046.9132,5,104.926708
-3840.3008,19,104.926769
-393.74426,27,104.926784
-1504.854,12,104.952693
-937.5706,4,104.968686
-1143.6355,6,104.984479
-2163.0852,10,105.000162
601.08093,28,105.000228
-1870.5967,14,105.018305
-1222.0044,15,105.030404
1483.7986,59,105.03047
-1171.1719,4,105.044603
-1130.3833,20,105.070956
-2576.5825,162,105.091401
-913.22876,3,105.091471
-947.94244,4,105.091486
-1164.1016,5,105.091494
-2439.4263,11,105.104125
-1482.2654,9,105.104223
-2123.228,16,105.138173
-592.1117,23,105.138247
-1147.0836,4,105.138263
-1443.6736,3,105.13827
-2217.4844,36,105.138275
-924.46814,27,105.151075
-1089.7672,2,105.16732
-1411.0265,18,105.195675
-1093.4733,7,105.195777
-1615.4135,11,105.217744
-2828.935,9,105.217797
23.124146,72,105.246143
-3023.7153,28,105.260961
-514.59515,23,105.275582
-1339.3486,23,105.27571
-1345.2832,11,105.292158
-748.506,11,105.292247
-138.42267,77,105.312273
-175.03711,75,105.312331
-1733.0374,29,105.322328
-1098.5125,3,105.322387
-982.4206,3,105.340151
-607.708,8,105.340209
18.599792,24,105.340226
-1752.1195,65,105.340233
-944.9442,4,105.352327
-3901.7964,7,105.366154
-975.9854,4,105.394181
-1482.3777,4,105.394243
-1832.9243,7,105.430743
-932.5929,3,105.43081
-4160.4893,20,105.468402
-466.40033,28,105.483799
-1675.9092,13,105.522322
-80.59204,35,105.544385
-2085.7537,17,105.600552
-857.5052,23,105.600644
-610.6304,22,105.613429
-819.68164,25,105.652823
-1793.2399,6,105.690489
-755.5879,35,105.69058
-931.8899,26,105.690596
-935.2534,20,105.724607
-449.79047,43,105.752756
-873.2079,5,105.768668
-1012.02637,24,105.79389
-1458.1492,7,105.823835
-1821.0109,13,105.823978
-825.9593,5,105.824015
582.1403,39,105.84856
-1784.5099,48,105.873606
-962.04877,5,105.937797
-2656.7695,5,106.006061
-1083.4255,5,106.114483
-944.06104,55,106.143961
-1853.0688,10,106.144139
-1253.0287,52,106.181153
-1219.5907,5,106.227018
-2656.9966,44,106.293175
-1772.6346,11,106.293241
-971.174,6,106.337993
-693.3491,53,106.338207
-1654.9551,12,106.368498
-4052.254,46,106.368723
-1306.8253,21,106.368747
-2055.4934,23,106.368754
-3613.1445,35,106.36876
-1637.2706,3,106.412344
-1330.4083,8,106.412513
-1770.1836,18,106.412605
-912.4415,4,106.446642
2878.0361,62,106.446824
-3096.7974,13,106.46998
-3315.1455,41,106.492759
-1712.4692,47,106.492964
-1041.922,3,106.511085
-2230.2336,11,106.511364
-1323.1655,8,106.573833
-937.8045,8,106.58672
-1055.506,2,106.602244
-567.32306,44,106.622997
-3306.9814,20,106.623054
-907.29846,7,106.623063
-1568.4404,14,106.633107
-2892.2642,11,106.650633
-619.3661,30,106.669367
-2588.3608,19,106.669426
-1062.4708,12,106.69406
-2298.5889,12,106.711389
-935.6524,4,106.726389
1208.9971,89,106.751562
-2704.9905,24,106.751891
-2064.294,8,106.765072
-840.79333,22,106.765129
-3674.691,84,106.765145
-1209.7388,10,106.780171
-1920.5825,20,106.807286
-1811.6545,9,106.807369
-2516.896,9,106.821888
-967.2124,4,106.821961
-1082.5338,26,106.821976
-177.12616,35,106.845374
-454.86713,15,106.859207
-1012.995,2,106.859282
-1031.0441,6,106.859298
-1022.8046,2,106.888605
-1144.0123,6,106.902737
-1167.5277,7,106.915852
-487.107,64,106.916102
-940.23865,6,106.947281
-1681.925,9,106.973431
719.6858,35,106.986347
-683.3599,6,106.986388
-1103.5162,8,107.002162
2266.3274,65,107.017147
-2025.2285,13,107.043523
-1918.0586,16,107.05959
-1133.8276,5,107.059888
-1429.6357,16,107.059922
-1500.9238,19,107.059933
-1038.3943,2,107.077026
-895.4504,41,107.077123
-1434.402,28,107.090868
-149.64368,24,107.105186
-1018.50586,4,107.126214
-1189.5874,7,107.179255
-441.3127,39,107.179383
-2540.358,8,107.179402
-1486.2404,11,107.216412
-1014.05774,3,107.216515
-1455.8986,9,107.233351
-2503.3232,8,107.233448
-986.3498,2,107.250774
-1330.7306,12,107.266219
-1062.2576,3,107.284307
-1987.3479,35,107.284389
-1142.9746,4,107.341001
-703.57715,27,107.341083
-15.604126,62,107.355798
-1510.2991,27,107.376968
-3002.8892,10,107.377065
-1019.61414,2,107.377087
-1039.5079,31,107.3771
-1813.1821,14,107.393361
-1215.1833,22,107.393423
-1978.304,45,107.39344
-1747.5302,3,107.40676
-879.1056,53,107.418433
-2286.2905,35,107.435343
-1151.3523,4,107.435412
-681.16174,24,107.435429
-998.89465,2,107.435436
865.1139,46,107.435442
-1043.8696,3,107.435449
-3041.5388,5,107.452667
-1021.7544,2,107.46547
445.23535,69,107.465512
-928.4538,3,107.480454
-1860.7095,4,107.480546
-1556.6108,4,107.510613
-951.1211,3,107.524489
-3522.4282,18,107.55987
-1063.9382,3,107.55994
-2428.688,6,107.559973
-1036.5825,2,107.584897
-1930.7312,8,107.596468
-2140.5515,10,107.614797
-4518.3037,16,107.614874
-1007.5812,14,107.639036
-1029.227,7,107.663514
-1046.348,9,107.663598
-974.7639,3,107.663614
-3245.665,16,107.680938
-3072.1282,46,107.694846
-954.1306,3,107.694932
-943.90594,34,107.694949
-1001.9708,2,107.694956
-438.14038,73,107.707274
-1007.0715,2,107.726117
-1373.4219,7,107.726226
-319.82733,26,107.741128
-1062.6831,4,107.755656
-925.4768,25,107.755749
-1016.8554,4,107.76706
-1445.7441,34,107.785847
-1016.31647,5,107.798342
-1385.5757,8,107.798423
-4733.3677,24,107.798436
-1504.9458,8,107.812351
-2653.8372,26,107.825593
-714.7844,39,107.825679
-933.39575,6,107.84379
-987.7083,3,107.857045
-2163.081,5,107.877331
-1105.3341,5,107.877404
-1172.2202,8,107.903637
-935.90094,6,107.916963
-423.0522,35,107.917039
-2893.8396,37,107.939964
-4890.371,27,107.955049
-841.6713,24,107.955121
-4578.5474,20,107.955138
-1446.0281,3,107.955146
-2449.8613,19,107.980397
-2209.0303,16,107.999984
-1439.3286,8,108.000058
-949.66266,3,108.000076
-868.4981,4,108.02818
-990.1159,17,108.028246
-960.0041,5,108.043808
-279.70972,71,108.05936
-1279.3262,6,108.077176
-349.54773,54,108.077251
-1581.3765,4,108.090085
-963.12213,7,108.162927
-645.9828,14,108.189134
-1457.6051,33,108.211221
-1226.422,26,108.223846
-1685.0938,13,108.223935
-1069.0702,2,108.246051
-6230.502,82,108.246136
375.5285,26,108.260884
-239.29419,104,108.260983
-1887.1809,21,108.276114
-1448.1505,3,108.276196
-1835.5515,15,108.292464
-1134.3862,10,108.322022
-881.89746,5,108.322105
-1454.6726,4,108.344576
-1482.8651,22,108.358227
484.76526,29,108.358292
-250.53357,47,108.379611
-1937.6523,25,108.379673
-917.02686,8,108.395046
-1044.2018,2,108.406989
-1171.203,3,108.421258
-1019.36786,3,108.439136
-1911.3926,9,108.43926
-2430.037,11,108.43928
-3083.6528,27,108.466368
-1810.7589,8,108.48709
-1142.5703,3,108.4872
-710.2402,33,108.501151
-2945.9229,42,108.501215
-1102.1824,4,108.536904
-1869.0732,21,108.566267
-890.61206,5,108.578786
-1836.5684,45,108.594653
-2204.4795,20,108.594737
-1328.9181,7,108.609729
-1365.0249,8,108.609812
-1152.8081,5,108.636268
-2068.7102,13,108.636336
801.73047,28,108.636353
-2161.0823,37,108.649189
-1409.9271,70,108.649251
-1414.8433,22,108.664526
-1468.1265,62,108.680048
-1085.5331,2,108.680135
-2723.488,11,108.70022
-1544.8773,7,108.710826
-774.4729,19,108.726409
-1418.4719,11,108.751057
224.46667,28,108.765576
885.06525,64,108.765638
-706.29205,27,108.765666
-1100.2357,6,108.765675
-1001.5064,2,108.777724
-1545.3953,11,108.792676
-2509.727,32,108.805141
-1141.0288,3,108.805196
-1688.3711,5,108.83483
-1926.9839,5,108.834899
-1050.9675,15,108.846831
-453.18622,20,108.859273
-1061.1558,6,108.859346
-1568.0376,70,108.872636
-1026.4265,32,108.872707
-1420.2642,10,108.910555
-1531.9045,7,108.910623
-1804.5878,7,108.938457
-2473.0005,35,108.938533
-2059.535,17,108.969625
-1403.066,48,108.969717
-1089.0481,2,108.969734
-1089.893,2,108.969741
-825.0813,5,112.036931
-1073.5098,3,112.06488
-1070.3186,4,112.080698
-949.5746,3,112.080791
-1112.1802,17,112.092204
-1265.015,7,112.118915
-4532.7656,29,112.11897
-421.50323,33,112.118998
664.97546,26,112.134888
-2551.5222,16,112.134974
-3842.129,30,112.148304
-1010.2132,2,112.148362
222.81494,35,112.160677
-1069.6144,6,112.172367
-1380.565,22,112.172765
-1251.2849,17,112.172807
-345.22406,18,112.172818
-1137.803,3,112.200032
1103.6204,36,112.20012
-1001.1205,6,112.220037
-1426.3406,11,112.220122
247.58362,37,112.250097
-700.65344,16,112.277036
-1402.0715,12,112.292473
-1156.8927,5,112.292551
-2739.9414,9,112.29257
-1308.7867,29,112.292577
-3342.5242,12,112.310068
-1442.7141,9,112.326343
-560.597,55,112.326512
-1008.7484,2,112.326537
-2155.1587,7,112.326544
296.10608,90,112.339188
-1112.4384,3,112.339249
-1866.207,7,112.354154
-1018.6008,3,112.371163
-938.2393,4,112.371242
-1667.6687,14,112.397063
-358.70978,31,112.397128
-1032.1724,6,112.412671
-1805.1558,8,112.440637
-1368.2432,38,112.458656
-1106.1357,4,112.458772
-1247.7803,8,112.458792
-1338.7252,11,112.504386
-2824.5757,15,112.504532
-1693.2678,41,112.517887
-1134.3495,3,112.54161
-2179.5203,7,112.5532
-3218.6733,15,112.567426
-1453.7742,8,112.567526
-1192.0734,3,112.593953
-1507.2476,22,112.60716
-1715.7303,23,112.631329
-970.94604,3,112.657318
-1055.808,17,112.657412
-671.91675,34,112.657429
-1134.8632,34,112.657437
-1096.5397,39,112.670355
-1068.6205,3,112.705522
-930.2918,6,112.728742
-3170.0752,10,112.728828
-1570.1292,24,112.728845
-1008.8796,5,112.745004
-1831.7754,11,112.783246
-358.05963,28,112.798931
-1638.1765,8,112.799
-1055.2465,4,112.799018
-2216.6296,9,112.813393
-1064.6982,2,112.813489
-2071.9604,28,112.865696
-1384.6842,6,112.886679
-686.6754,37,112.886776
-3732.2534,59,112.886796
-2012.2136,12,112.908231
-935.57513,7,112.908291
-1052.3812,2,112.941787
-228.12207,55,112.941885
-1853.3507,12,112.941912
-1378.6709,4,112.966854
545.176,82,112.966934
-1906.6442,11,112.988659
-890.0404,26,112.988748
357.38306,62,113.010114
-1271.4846,35,113.010174
-1092.9885,3,113.01019
-1270.5132,39,113.010197
-1040.349,2,113.022953
-1337.4847,9,113.037386
-1880.0555,6,113.037459
-1247.5786,34,113.037477
-1138.9363,3,113.048822
-1104.3815,2,113.058685
-1091.588,3,113.072794
-1137.6923,3,113.072913
-662.46625,25,113.072932
-1050.6466,2,113.097642
523.9037,66,113.109459
-1716.4634,11,113.109584
-760.7344,21,113.123639
-1595.4017,13,113.123787
-1912.0615,23,113.134987
-1066.6256,3,113.146701
-1589.0857,43,113.157387
-2083.268,5,113.181458
-1528.9117,11,113.19511
-2162.0476,14,113.195171
-1052.9032,4,113.235332
-903.766,7,113.235417
-1242.6738,16,113.235443
-52.745483,35,113.257807
-1329.7909,5,113.281241
-1670.021,11,113.292265
1018.9662,77,113.318487
-533.2633,18,113.318549
-969.0528,6,113.335646
-279.08838,24,113.349136
-1226.1998,31,113.349205
-1101.0837,6,113.349222
-859.20917,5,113.373995
-3282.8667,54,113.374069
-1011.11,2,113.396753
-1141.7927,3,113.430993
-1489.0422,12,113.443262
-1000.49884,4,113.459917
-2294.9106,16,113.459961
-786.1599,40,113.597971
-1004.3978,4,113.611433
-1966.5487,8,113.611531
-1742.6062,10,113.625189
-2698.6484,40,113.625273
-1652.5383,34,113.625292
-1768.0765,12,113.637359
-1151.1738,6,113.64783
-2478.9197,32,113.659871
-386.15466,54,113.659919
-1372.4977,21,113.679682
-905.2277,40,113.691758
-1856.0314,17,113.691841
-1080.7152,45,113.72634
-1032.5925,4,113.726385
-1091.8026,2,113.726395
-821.8218,6,113.760908
-1034.1951,3,113.761034
-1066.733,12,113.779808
-1414.2063,11,113.779893
-1854.4053,11,113.789682
-2020.948,19,113.80137
-1076.6726,2,113.80145
-871.93243,43,113.814708
-3012.9678,15,113.827366
-1206.7355,4,113.840315
-808.6617,40,113.854233
-1120.8892,10,113.854311
-2403.6914,19,113.884763
-1497.8163,17,113.897493
-767.55334,8,113.912418
-858.3362,6,113.912495
-1123.7137,3,113.946837
-976.5205,17,113.984762
-2426.8013,9,114.010015
-1109.3124,4,114.010089
-808.0754,21,114.061544
-812.4766,34,114.08062
-869.357,25,114.107203
-516.9771,58,114.121534
-2277.1555,18,114.14845
-1460.3892,5,114.186148
653.4048,47,114.212895
1204.6213,60,114.238247
-1231.6874,3,114.252561
-953.2342,31,114.265664
-2520.2344,15,114.265745
-1739.8386,20,114.277726
-930.13696,36,114.299108
-1227.4272,17,114.312019
-1594.9802,6,114.349972
-1531.9213,80,114.350056
-743.48376,27,114.365414
-581.0827,66,114.365504
182.89368,27,114.378478
-2031.1692,42,114.391653
-1695.1738,54,114.391722
-1711.0605,36,114.406961
-1322.3904,13,114.419183
-1148.9736,5,114.477822
-2589.115,9,114.49028
-1212.5131,56,114.49036
-1104.8282,3,114.533973
-2678.4302,69,114.556785
-1069.3191,35,114.599156
-4414.5146,15,114.612366
-1637.0452,5,114.627553
-2662.5508,26,114.64357
-1392.6969,19,114.643623
69.41986,25,114.643633
-528.6061,69,114.660308
-892.5254,33,114.660364
-1254.6924,8,114.660374
-1044.3853,3,114.660381
-1889.5845,18,114.689252
-1009.4212,3,114.703503
-1531.3179,21,114.703578
1308.5096,63,114.734191
-1804.603,8,114.767087
-1856.3793,31,114.789001
-927.6301,47,114.800191
-795.3167,37,114.811094
-1053.4276,2,114.826148
-4198.301,13,114.826248
-3553.2432,11,114.850443
-143.05408,26,114.86465
-312.0407,28,114.880151
-1046.7356,2,114.880225
-468.33252,18,114.880244
-1700.428,17,114.880252
-1997.9502,16,114.925363
-938.91876,5,114.940234
-3849.6147,22,114.952275
-986.9108,15,114.952332
-290.84003,43,114.973932
-1241.4808,4,114.988927
-1111.0059,3,114.988992
2862.8535,123,115.005284
-1720.9814,28,115.005355
-1076.7335,11,115.047771
-1646.1677,4,115.04802
-4328.112,20,115.071528
-685.29803,28,115.071628
-257.66327,57,115.086561
-747.83777,17,115.10126
-1665.4456,20,115.101319
-1483.9838,14,115.101334
-3062.4329,7,115.115492
-1368.9465,7,115.15183
-1375.271,12,115.164026
-937.49133,37,115.175797
-1013.11707,7,115.200055
-1376.058,10,115.213457
-987.04944,7,115.21356
-1822.3674,8,115.21359
-1064.8323,2,115.228395
-2212.3188,37,115.228465
-2616.871,24,115.241026
-1711.6216,13,115.25539
-1063.1263,3,115.279243
-1035.611,6,115.279318
-3644.7676,21,115.279332
-1251.3705,4,115.279338
-3440.9985,67,115.292635
1615.3821,62,115.292717
-959.9561,5,115.292735
-867.78394,7,115.325527
-1209.6459,6,115.339374
-951.78076,3,115.339454
-3828.137,34,115.339473
-1068.664,5,115.359427
-1668.3049,5,115.375618
-1254.0934,6,115.375698
1384.2618,133,115.388839
-1248.1416,6,115.388925
163.32434,33,115.388938
-1859.3442,5,115.40239
1199.5175,107,115.402711
-1044.621,2,115.426301
-1460.5742,3,115.426397
-259.39185,31,115.44031
771.0282,32,115.440517
-1528.6251,10,115.475023
-842.9257,43,115.475116
-1941.0024,15,115.496064
-1101.0463,5,115.513789
-2031.8622,9,115.540949
-1158.0027,7,115.541067
-1003.359,7,115.555254
-1853.6157,38,115.582589
-1423.0184,29,115.597356
-1160.3646,7,115.59741
-1073.3613,2,115.608659
-1503.724,14,115.632571
-1093.357,18,115.632669
-1418.4164,37,115.632687
-1432.2922,7,115.645907
-1631.3,3,115.669034
-1097.192,5,115.697772
-1398.5688,32,115.697851
510.92297,23,115.711758
-1059.0677,7,115.723816
-1449.5519,49,115.766054
-93.163025,35,115.787742
-3436.3223,50,115.828487
13.440308,35,115.843753
-2471.165,10,115.84381
-1193.7585,5,115.857927
-719.9136,24,115.871366
-1428.0599,21,115.884905
-281.03912,26,115.89676
-2523.517,14,115.896864
-1435.1866,14,115.910187
-2559.0703,6,115.977496
-1414.4661,13,116.002534
-884.3996,29,116.002616
-1062.1025,2,116.002635
-457.50507,30,116.002642
-72.75525,27,116.017906
-1583.1482,54,116.033929
-2868.5466,14,116.033996
-1940.3308,19,116.03401
-2979.269,15,116.129673
-1027.098,2,116.12982
-1127.4406,3,116.193412
-1660.2463,5,116.261819
999.9955,64,116.261933
-2744.9983,42,116.261953
-983.19904,5,116.328727
-155.995,43,116.403207
-1124.1493,3,116.439461
-1056.601,3,116.439533
-1343.2009,5,116.439549
-2162.11,54,116.463128
-3511.9053,18,116.481936
-982.7416,5,116.499764
-2331.7695,23,116.511868
-1174.3357,34,116.533403
-1055.0352,5,116.533505
-1103.7224,6,116.556944
-1204.4102,4,116.557035
-1056.3783,5,116.557056
-1054.0703,16,116.568134
-3092.8115,41,116.58112
-1490.0522,18,116.595642
-1125.0061,3,116.616141
-1777.375,20,116.628549
-1239.5244,8,116.642823
-1552.408,12,116.643168
-1291.4545,7,116.667784
2073.3032,67,116.667868
-1097.0483,10,116.667881
-468.6943,32,116.684853
-1471.5165,18,116.696405
-985.59064,3,116.707577
-1121.1434,73,116.723007
-933.32587,7,116.723076
-2137.911,34,116.723093
-1480.0254,4,116.723098
-503.61163,38,116.723102
-1308.4304,21,116.723107
-1300.7195,12,116.723111
-734.41504,7,116.743998
101.0907,64,116.744331
-1866.1816,19,116.74436
-920.27924,4,116.75799
-999.81976,3,116.771569
-880.44617,3,116.771642
-1060.0859,4,116.794995
-1538.8627,8,116.795056
-707.50757,12,116.82832
-953.141,7,116.82845
-1757.3535,6,116.828484
-1977.1165,35,116.856689
-1016.0502,2,116.856778
-1149.6313,5,116.877486
-1399.8424,11,116.88948
-664.984,22,116.88955
-1604.0015,11,116.937745
-2818.5757,21,116.961757
-1448.2344,8,116.985274
-1365.8502,7,117.004511
-1638.7808,9,117.028887
-347.47205,32,117.029012
-73.91608,30,117.043614
-576.6125,26,117.057135
-1043.843,4,117.057254
-2448.4717,15,117.09234
-2478.9863,24,117.092432
-999.50397,3,117.092447
-1132.5385,5,117.105148
-1541.9021,9,117.105231
-1080.1409,2,117.118117
-2276.9182,19,117.118192
-820.06836,21,117.118211
-1041.0864,4,117.11822
-1031.2156,2,117.118226
-1047.8643,3,117.131393
50.796387,35,117.131468
-1453.4017,7,117.131483
-823.0337,39,117.144002
-981.6652,3,117.158231
-1823.4531,19,117.15829
-917.38055,4,117.172246
-1105.0385,3,117.172344
-1168.3439,16,117.172364
-1127.7677,4,117.172372
-1407.2167,4,117.172379
-998.40967,4,117.187806
-1566.5654,14,117.187871
1166.633,103,117.187887
-1931.0848,11,117.213172
-1044.732,3,117.213233
-1562.9597,32,117.236395
-1326.2286,11,117.249182
-1035.3308,6,117.249303
-986.3208,7,117.260143
-1033.0781,7,117.260207
-1161.1333,5,117.280066
-1094.6221,3,117.280143
-2771.3127,13,117.292616
-2449.2292,40,117.292688
-1766.1552,14,117.292705
-1419.2129,10,117.305672
-1178.5508,9,117.305738
49.762573,33,117.305757
-1059.7578,2,117.305763
-1335.8339,9,117.305768
-2091.516,5,117.326147
-1881.2317,13,117.326215
-1012.73395,2,117.338292
-3362.7744,15,117.338347
-1180.332,7,117.350116
-959.9503,5,117.350189
1167.4937,44,117.366636
948.5145,46,117.387939
-1885.269,45,117.400422
-1413.9391,7,117.400488
-2301.126,19,117.413776
-3058.6025,17,117.452219
-1781.9891,14,117.512945
-965.9851,10,117.513039
-3666.226,12,117.528579
-3208.2458,54,117.528672
-848.3917,78,117.541086
-1312.686,9,117.554272
-965.9315,3,117.566148
-1407.3636,3,117.582069
-2372.7092,23,117.597576
-1011.6721,2,117.610445
-1697.0305,8,117.629059
-1588.0055,16,117.647868
-1533.3557,10,117.662533
-2457.9324,21,117.662619
-1587.7034,22,117.662637
-1231.5687,27,117.662646
-2809.6985,17,117.662652
-1060.8282,2,117.699615
-1093.2795,27,117.699724
-71.43927,26,117.699742
-1861.5115,24,117.69975
-2556.8467,27,117.699756
-1834.8269,9,117.71373
-1014.1713,2,117.727606
-1077.4148,4,117.727699
-892.0819,37,117.727716
-257.1577,28,117.742708
-1074.1293,2,117.764299
-1545.1057,5,117.785867
-2653.0557,11,117.799884
-964.771,4,117.825829
-1838.8352,10,117.825892
-1998.9141,13,117.856759
-993.2349,3,117.875118
-875.16785,8,117.875207
-1559.7551,10,117.875226
-1937.251,9,117.875234
-1226.9835,38,117.875239
-2871.2505,14,117.887744
-1050.2223,3,117.903588
-2633.2622,50,117.903672
-976.4113,17,117.90369
-1975.7083,8,117.942784
-1152.8668,5,117.958022
-22.436401,26,117.958079
565.3181,34,117.97361
-616.7702,20,117.973682
-1355.5743,3,117.989531
-1049.7654,2,118.011886
-1399.7323,21,118.02422
-1023.6675,2,118.024278
-1577.4926,48,118.039924
-1126.8237,3,118.055211
-2615.8936,19,118.067314
-791.6678,8,118.080208
-514.4119,47,118.103433
-1056.2517,5,118.120283
-3153.0627,17,118.120382
-743.87427,41,118.144939
-2002.9512,9,118.145003
-1300.9779,9,118.145018
-1648.2913,20,118.159638
-1074.9354,3,118.159718
-1040.4949,2,118.18155
-1036.0685,6,118.193383
-985.5143,5,118.231897
340.607,19,118.245046
-1759.5195,5,118.257389
-974.11536,2,118.278321
-399.39172,29,118.290815
-285.89813,66,118.309026
-1126.8461,4,118.321468
-1208.8455,7,118.338279
-1571.0767,13,118.338339
-612.51355,22,118.351423
-2783.77,4,118.368054
-2191.1023,14,118.381176
-1478.0894,21,118.381234
-1024.2256,4,118.38125
-1069.9117,4,118.394362
-1013.89764,6,118.46528
-415.74957,53,118.479163
-1577.8228,40,118.479281
-968.1119,47,118.479299
-1075.0068,8,118.495333
-709.756,27,118.516264
-834.76135,9,118.538081
-944.43414,3,118.538145
-1175.9125,13,118.538163
-1745.2422,46,118.555518
-2242.477,46,118.555635
-1485.7946,18,118.570137
-1020.54504,2,118.570239
2005.4557,46,118.585434
-1037.8286,3,118.597072
-1204.3005,30,118.609516
-1018.7858,2,118.621426
-1648.8687,10,118.621513
1094.0659,61,118.636916
-1098.7346,5,118.636973
-2271.0486,46,118.63699
-1372.513,3,118.662178
-919.21094,11,118.662292
-1180.6735,21,118.677897
-1157.5593,37,118.69511
-991.9983,3,118.713962
-1531.1482,70,118.736744
-1917.6638,33,118.765533
-949.36035,6,118.765611
-872.76575,59,118.765628
-1004.7684,16,118.765637
-1221.4844,31,118.80745
-321.9065,22,118.807545
-1036.5521,2,118.832086
581.02515,34,118.868765
-535.12274,19,118.868829
-255.06146,25,118.883517
-2186.3542,14,118.883623
-1017.7267,2,118.895696
-987.69196,3,118.924983
-1034.6194,2,118.925053
-1519.0138,12,118.925071
-1811.4929,22,118.939203
499.17834,31,118.951484
-1070.1008,15,118.96504
-1853.7767,4,118.985983
-1953.1746,4,118.986051
-1059.8738,21,118.998109
-1124.8075,28,119.013797
-1225.7996,4,119.029774
-962.899,3,119.029835
-851.7607,28,119.02985
-1116.4128,3,119.029857
-444.08405,41,119.067585
994.28455,71,119.079763
-1036.543,2,119.097402
-1078.462,6,119.109599
-2141.7493,39,119.12742
1973.44,104,119.127508
-1079.5798,3,119.153598
-3875.624,36,119.153671
-1910.3958,31,119.179304
-983.9829,37,119.191552
-3482.6804,17,119.191589
-1422.6592,5,119.219321
-1085.5586,15,119.219388
-3108.4097,24,119.23278
-849.1667,4,119.232838
-1399.8137,21,119.232855
-967.68915,4,119.275686
-1182.5735,5,119.296736
-1178.6498,5,119.310204
-1847.4434,5,119.310264
-1040.7584,8,119.310279
-192.14569,20,119.331744
-1170.6912,5,119.355019
-1079.8785,3,119.355082
-863.224,4,119.368643
-1028.857,3,119.368712
-888.0766,38,119.382003
-3371.6099,15,119.408072
-2269.1172,7,119.408136
-2608.191,20,119.422508
-2005.0851,10,119.439221
-1274.4518,5,119.454128
-1053.6967,6,119.454201
-993.5218,2,119.467593
812.1045,66,119.497412
-1426.29,32,119.497508
-1120.044,4,119.514771
-2329.9912,11,119.514853
62.883545,35,119.531046
-1048.3668,4,119.531127
-1221.7585,8,119.531144
-1005.55,3,119.56164
-849.2552,30,119.561746
-1228.1395,32,119.618506
-3067.6462,15,119.630781
-1051.7358,2,119.642086
-1798.6785,7,119.655269
-1855.3833,13,119.708485
-2219.303,7,119.728499
-1274.6942,13,119.728566
-1176.8883,7,119.75168
445.24292,63,119.775601
-1119.6659,86,119.788977
-1410.1807,4,119.789021
-1777.427,10,119.837271
1595.7218,73,119.837355
-1678.4167,31,119.851701
-1690.0399,77,119.851767
-1189.7983,9,119.867817
-1274.1412,38,119.885393
-898.10315,3,119.885478
1056.4058,46,119.885491
-1833.6565,9,119.898895
-940.39453,8,119.898981
1690.0165,81,119.914026
-819.89307,28,119.914124
-3020.204,29,120.028793
-1490.3043,10,120.028862
-1373.7993,64,120.047795
494.4469,41,120.048061
-1101.9446,31,120.048123
-1082.3064,36,120.066757
2222.6934,62,120.078604
-1355.8484,8,120.078666
-1018.7152,2,120.078681
336.56934,27,120.111723
-1186.984,8,120.111835
-254.22308,19,120.111852
-1086.08,7,120.132797
-929.29865,8,120.132855
-1010.5027,3,120.132869
-1224.7748,4,120.171035
-1052.8483,4,120.186428
-1450.3284,10,120.186497
-1469.0881,16,120.203367
-1024.5603,42,120.203451
-803.7996,8,120.203472
-1042.4243,2,120.23221
-1037.7357,2,120.232297
-3106.2275,12,120.232321
-1146.8091,4,120.257591
-1588.8711,10,120.271602
410.93048,83,120.271668
-3368.0796,15,120.284478
-460.81784,19,120.284565
-1576.9541,4,120.307283
-1049.1538,2,120.307345
-1114.0289,3,120.31907
-3432.226,17,120.343792
-2114.9773,17,120.378632
-1337.7871,9,120.378702
-1237.1199,12,120.393589
-1103.0005,4,120.410211
-1710.9518,24,120.410293
-1104.2064,2,120.410322
-737.86084,7,120.410329
-462.30023,27,120.42975
-1740.701,9,120.441927
-1229.4532,3,120.454772
-1047.7666,3,120.454882
-966.1985,6,120.467655
-1028.4645,3,120.477849
-553.01514,34,120.489132
-1579.7844,19,120.5396
-1255.9835,15,120.55594
-1367.2654,11,120.569829
-823.8693,4,120.569903
-1076.5697,8,120.586694
1170.8894,41,120.586768
-1054.9482,2,120.586859
-1695.6694,10,120.586875
-2812.9136,20,120.5999
-969.92163,2,120.614605
-1368.9431,8,120.614693
-984.70056,2,120.61471
727.197,31,120.614717
-1181.863,12,120.643114
-931.43555,5,120.64317
-1075.2172,4,120.655524
1453.8175,75,120.707695
-988.76935,5,120.707764
-231.68646,42,120.707792
-1377.4315,7,120.707799
-1350.9163,13,120.725852
-2234.8455,10,120.762668
-1131.5847,3,120.76276
-972.76086,3,120.787198
-1047.4078,9,120.810047
-1251.2332,10,120.810122
-2456.669,15,120.832371
-1584.4131,52,120.846519
-1364.1384,9,120.870645
-467.3545,44,120.870728
-1885.5505,44,120.884689
-1619.9994,5,120.897218
-1619.4746,50,120.910994
-3069.3228,28,120.911058
-1584.466,60,120.924213
-2520.0186,43,120.924299
-488.95386,34,120.937945
-1026.8184,7,120.93805
-1263.7339,10,120.952102
-4625.162,15,120.95216
-1055.2467,3,120.952189
-3564.2026,15,120.952198
-1115.5066,3,120.952205
-2337.2002,13,120.964646
-1075.3986,2,120.977693
-1013.5101,2,120.977764
-2092.1594,118,121.005375
-1290.2986,7,121.005457
-589.31836,26,121.018235
-1124.8611,4,121.018322
-1165.791,4,121.029935
-744.2808,5,121.083698
-3593.8901,7,121.105046
-1151.2815,12,121.150229
-2018.6409,36,121.162848
-2283.322,23,121.180337
-871.51953,16,121.199359
-600.7538,15,121.238379
-2780.5251,13,121.251957
-1229.5977,6,121.266124
-2001.2092,44,121.266181
-400.42374,24,121.266196
-1048.0605,4,121.299543
-1215.7214,28,121.314232
-1003.6276,4,121.314303
645.5292,66,121.328844
-933.62134,4,121.328925
-1031.1848,3,121.350452
-1026.646,2,121.375462
-1081.6145,6,121.375557
-1751.0225,14,121.38846
-1044.5334,2,121.408181
-851.44104,31,121.44131
-321.66937,21,121.441365
-2279.211,29,121.441377
-1315.3252,8,121.455429
-513.27136,32,121.468239
-1177.7539,3,121.489027
-1149.8693,4,121.50301
-476.86255,29,121.503098
-1110.3779,4,121.503116
-930.9997,3,121.519678
-1136.4517,31,121.53452
-1312.3589,12,121.534604
-295.05475,32,121.534623
-1014.96594,3,121.534631
1192.7441,48,121.550435
-1537.5786,3,121.550527
-218.99683,23,121.565083
-1339.6611,4,121.565151
-1409.9241,59,121.565167
-1069.9623,16,121.591758
2256.5532,73,121.591866
-1216.3193,4,121.591902
-1631.8773,14,121.591915
-323.47388,44,121.591923
-1012.362,3,121.59193
-1022.03143,2,121.617626
-1121.3639,4,121.617709
-1040.9639,2,121.617733
-1393.3323,14,121.631626
-1038.3148,3,121.667897
-831.44556,6,121.680435
-1611.5598,6,121.680538
-1343.7122,8,121.694005
-1044.7598,5,121.694076
-1463.6471,7,121.694093
-1256.9844,7,121.694102
-1434.5763,11,121.735466
-916.96826,4,121.73555
-1809.6125,14,121.749272
-870.365,9,121.74934
-2001.6421,17,121.761019
-1109.4714,7,121.78707
-949.23486,6,121.787149
-597.4819,16,121.787169
-4230.593,28,121.814567
-1746.2437,16,121.814649
-1013.07715,5,121.826758
-870.9053,18,121.826826
-1570.0056,45,121.826842
504.33447,46,121.869092
-1457.353,6,121.869177
-1061.3783,3,121.869195
-1006.864,4,121.869202
-2019.6692,8,121.895645
-1820.8293,14,121.895719
-3993.2356,12,121.91103
-1132.4762,3,121.911106
-1336.9103,15,121.911136
-950.2068,3,121.949189
-1848.5369,12,121.97395
-1332.1074,31,121.993922
-1149.7948,12,121.993982
-873.27356,4,122.005641
-1019.7222,3,122.032315
814.73486,52,122.068731
-518.6338,45,122.068787
-964.47754,5,122.0688
-940.77985,82,122.068806
-2018.5774,26,122.068812
-890.8085,14,122.102764
-1187.868,6,122.102897
1689.4691,44,122.117398
-2248.565,10,122.12898
-1010.7443,5,122.15252
-1107.355,3,122.152614
135.20654,20,122.202519
-150.61273,27,122.220699
-1502.0115,8,122.241017
-807.7402,23,122.241087
-520.1992,41,122.241103
-1398.4197,11,122.241111
-983.86346,40,122.254296
-995.1373,2,122.2665
-1002.4259,2,122.294738
-2950.1582,10,122.294798
1353.9436,89,122.346324
-2727.4233,42,122.371031
-1694.7673,9,122.3711
-1932.2799,41,122.401917
-798.13116,43,122.401987
-901.6907,6,122.402006
-1525.1898,20,122.415089
151.1347,23,122.427428
-1099.9591,5,122.443947
-1037.7223,3,122.444012
-1281.1672,45,122.444029
-41.872925,38,122.444035
-1640.1544,40,122.471215
-1271.1497,11,122.471287
-935.8996,5,122.487139
-1270.9119,16,122.487211
-1018.4436,7,122.501058
-2344.5737,5,122.515129
-1628.014,20,122.515199
-1884.6659,4,122.528045
-1980.3231,18,122.528117
-1257.3512,10,122.586309
632.6211,48,122.586396
-1610.1409,9,122.610925
881.02185,25,122.610999
-1470.7046,11,122.623007
794.072,40,122.656442
-934.4735,5,122.678378
-947.3972,5,122.678472
-1676.1804,13,122.701145
-1054.957,20,122.724049
-995.57007,2,122.724143
-1034.7991,39,122.735975
-1258.0791,36,122.775964
-1498.0396,4,122.801227
-2055.11,15,122.817454
-3586.9875,61,122.830789
-2398.0857,23,122.842764
-1208.7604,9,122.842818
93.656494,29,122.867317
-1055.9746,3,122.890384
-2079.569,21,122.902669
2010.3962,57,122.902708
-3852.465,19,122.921106
-1313.1038,8,122.937314
-659.39026,27,122.93739
-3355.2314,38,122.96078
254.29688,30,122.960837
-1686.6487,42,122.986818
-1309.5911,7,122.998362
-567.04675,32,122.99843
-882.74133,15,122.998447
-861.77374,15,123.02182
-1016.756,10,123.033606
-2707.653,24,123.05147
-610.2165,23,123.06542
-1000.7235,29,123.11345
-1718.0984,10,123.113519
-922.7274,4,123.113536
-1557.8743,7,123.113544
-2485.4067,7,123.131328
-2630.8274,13,123.131413
421.69153,52,123.13143
-1845.9071,6,123.170438
-1748.1915,4,123.20098
-2012.5039,11,123.201151
-1685.4248,76,123.258862
-397.64343,52,123.259049
-2183.816,26,123.274794
-2205.2676,16,123.275132
-813.558,9,123.305499
-1445.821,24,123.305571
655.8486,37,123.325099
-1155.3809,4,123.338641
-1525.9921,10,123.353666
-1110.7294,3,123.353725
-1070.0925,4,123.373085
-674.0849,20,123.387796
-454.90826,83,123.428389
-2311.8308,28,123.475623
-953.7213,20,123.475689
-970.7223,3,123.475705
-1790.4114,15,123.487997
-68.27557,22,123.488074
529.49475,36,123.504207
-888.1863,34,123.514135
-1086.5192,3,123.53145
-871.15826,43,123.564051
-778.05505,17,123.593697
-3013.6497,9,123.607311
-13.474609,50,123.621833
-849.5376,7,123.621886
-1130.0736,4,123.6219
-345.513,27,123.621907
-1138.3785,26,123.658438
-1552.4943,20,123.6585
-1069.9409,2,123.658515
-1627.9272,26,123.670681
-1093.4419,3,123.670814
-1791.737,10,123.69281
-914.3487,6,123.728436
521.7682,49,123.728534
-1055.2324,22,123.728554
-911.4089,4,123.741725
855.1497,38,123.755339
-2260.2495,8,123.755402
-1817.895,7,123.770043
-1761.8976,7,123.770118
-2811.3936,41,123.785546
-1195.6653,4,123.785648
-1494.2195,29,123.812402
-915.26917,6,123.812691
-450.4715,43,123.812717
-2408.4019,15,123.825046
-1588.6903,5,123.83775
-913.66187,5,123.837822
-1188.1941,5,123.855701
-2231.4883,42,123.855771
-1220.364,24,123.876382
-1692.09,4,123.876461
-872.677,9,123.890926
-1183.6492,4,123.903563
-1853.8423,20,123.923891
-919.72046,5,123.923944
395.0985,37,123.923959
-2460.8518,16,123.955714
-1078.7742,7,123.96737
-1177.4132,33,123.96756
-492.8874,19,123.967597
-1083.2651,2,124.000057
-895.62134,6,124.000102
-962.058,7,124.023018
-678.4382,9,124.023069
-1291.7966,24,124.045412
-2605.1606,10,124.078828
-1269.0651,7,124.078916
3270.1445,103,124.092874
-92.92203,50,124.092962
-1049.0559,4,124.110904
-1984.7559,16,124.110966
-951.4704,3,124.123416
-448.75427,42,124.144015
-1691.4656,23,124.144132
-1328.1697,8,124.144154
-1087.8721,2,124.144165
-1150.0323,3,124.159667
899.9536,32,124.159746
-1039.5645,2,124.173312
-1152.0488,5,124.173407
-3589.3037,13,124.185358
-1051.1914,30,124.198584
-331.16907,25,124.198662
-1664.691,9,124.218116
-726.025,8,124.242103
-1097.0714,5,124.242177
-896.89905,30,124.279434
-1294.6517,11,124.292439
184.00208,24,124.334961
-2523.6855,12,124.335054
-1727.2927,15,124.407139
-1065.8674,5,124.40722
-1822.4719,15,124.407237
-1107.4519,27,124.421081
1314.4524,46,124.434017
-1036.2076,2,124.447375
-1313.8933,15,124.44748
-3509.0942,23,124.47087
-1359.602,22,124.470971
-2478.6826,38,124.470995
-1138.8628,14,124.495184
-92.122925,31,124.495239
-464.39032,32,124.495267
-762.70966,6,124.510095
-941.7932,6,124.510237
-643.7518,19,124.530078
-1585.4365,44,124.530173
-988.2525,4,124.55413
-973.07025,22,124.554209
-1131.882,4,124.583728
-784.3502,72,124.58379
1497.9766,48,124.616536
-1584.4131,5,124.629551
-1152.4066,3,124.629621
-3432.0166,11,124.642602
-366.54504,20,124.656315
-1171.108,5,124.656391
-955.96423,56,124.675498
-870.84863,34,124.675569
-744.28687,33,124.690356
-1154.6843,3,124.690437
-1937.3098,9,124.690452
-1358.0955,15,124.690459
-2898.8682,12,124.690465
-2889.7324,13,124.709153
-1025.1636,3,124.750759
-2108.4653,42,124.750845
-2229.7124,15,124.781807
-98.40088,24,124.804008
-1530.284,8,124.81628
-1377.5914,15,124.849615
-1605.306,11,124.861366
-1306.4258,12,124.886662
-1407.28,9,124.910919
-3570.2632,50,124.910983
-1733.0535,8,124.944713
-1429.5613,4,124.97406
-205.81061,28,124.974122
-745.44946,21,124.98643
-900.35785,4,125.000097
-968.90643,2,125.020503
-1223.3191,9,125.034752
-969.03564,36,125.059115
-982.8419,8,125.083341
-965.9213,6,125.083402
-2652.0889,17,125.109924
-2348.984,40,125.130287
-699.2406,33,125.153163
-144.15619,36,125.16782
-1152.8254,45,125.16791
-1662.2737,18,125.167926
-2485.9287,7,125.178311
-1061.9761,2,125.211874
-1087.0852,2,125.253107
-1152.6633,5,125.25319
-1389.5103,13,125.253209
-1710.0996,13,125.279892
619.74,53,125.293033
-133.85028,42,125.306391
-1627.8435,10,125.318667
-1152.6941,25,125.33796
-1105.1577,6,125.338037
-1959.9951,43,125.338054
699.81696,40,125.399257
-921.5046,4,125.399341
-2237.5789,6,125.399356
316.80737,51,125.399364
-1842.7244,26,125.399369
233.47955,45,125.413272
-1788.5247,45,125.413351
-1394.092,10,125.42587
-1029.855,2,125.425949
-2401.0146,18,125.439254
-1217.5583,40,125.439347
477.2682,51,125.451531
-1074.9745,4,125.463543
-1060.2529,3,125.479215
-1564.1748,13,125.479291
-1011.1635,6,125.479308
-1423.7999,4,125.490574
101.58319,24,125.501772
-1161.41,19,125.525
-1165.3481,4,125.537442
-996.2336,6,125.568301
-1197.1742,7,125.589016
-4449.0703,18,125.601887
-1656.6257,14,125.601938
-3140.2886,77,125.635335
-2948.727,65,125.655582
-4178.872,16,125.67034
-2210.19,11,125.714791
-1454.6938,5,125.739362
-1646.2632,7,125.755978
-920.7374,49,125.776091
-1479.0916,13,125.816285
-2010.5043,21,125.816437
-1506.6964,20,125.837931
-1141.3755,16,125.862574
-1392.6362,11,125.876597
-971.69946,4,125.894456
-1452.8372,16,125.89451
-1009.3655,6,125.894526
-223.94586,31,125.929693
-916.8933,5,125.946771
-1024.942,11,125.946846
-1030.7526,2,125.966444
-1089.6006,4,125.966494
-2307.4033,25,125.966505
-1575.856,7,126.008142
-2184.915,108,126.008243
-1007.2398,35,126.030241
-236.48334,43,126.053233
-1044.5211,5,126.067207
496.57446,58,126.092811
-1635.9478,7,126.092901
-796.6095,29,126.144879
-1094.1737,3,126.144993
-1722.2852,23,126.17309
-2375.4004,19,126.187438
-1537.8793,49,126.187558
-3191.442,9,126.187574
-992.999,2,126.187581
-1236.4216,42,126.204623
-1537.306,13,126.223611
-1029.9323,2,126.223731
-1030.531,4,126.273731
-1222.8303,16,126.273823
-1583.386,61,126.287319
-1473.117,13,126.287416
-553.49915,48,126.36303
-2900.7258,20,126.363112
-879.6698,27,126.378866
-1271.3829,15,126.430246
-1972.1746,60,126.430539
-935.77576,3,126.430574
-1374.816,28,126.444178
-1106.3717,3,126.482357
-572.77966,41,126.495825
-1277.6237,9,126.510973
-370.56525,29,126.52524
-1142.1898,20,126.537162
-1254.6664,21,126.552358
-4782.7544,68,126.552425
-1006.20447,2,126.552442
-1259.7871,8,126.566289
-2558.483,27,126.690152
-1018.20776,2,126.690212
-1083.4088,21,126.701127
-982.93195,4,126.71461
-457.50793,27,126.714679
-1031.5406,3,126.714697
-1086.1547,8,126.714705
-1038.5267,2,126.71471
-229.83221,34,126.737182
-2063.8774,33,126.737247
-1097.8268,3,126.737267
-1052.6129,3,126.761438
-2371.1416,12,126.761506
-973.3787,5,126.780258
-2666.0708,26,126.780339
-2276.012,16,126.780358
-1193.9167,32,126.780365
-2117.2378,12,126.791717
774.6785,32,126.791807
-1466.2988,6,126.815021
-1155.1953,4,126.828169
-56.365356,51,126.85217
-1474.0615,5,126.864876
-1974.5283,8,126.886939
-855.3355,103,126.887009
-1434.4209,4,126.887028
-2005.6592,7,126.887037
-1030.6029,3,126.902707
-1012.862,10,126.902785
-1202.2524,59,126.916174
-1535.3464,30,126.916273
-2493.7598,38,126.957241
-2041.0854,9,126.972049
-1612.4622,9,127.031311
-536.8794,18,127.031411
-1885.6533,30,127.077881
-1112.9976,4,127.092178
-240.8833,27,127.107119
-683.194,33,127.131791
-3675.983,17,127.153088
-4298.766,19,127.169309
-1856.7195,31,127.169396
-1524.3394,17,127.169414
-381.41315,31,127.16942
-1052.0907,5,127.169426
-4459.263,19,127.196769
-508.17688,32,127.196842
-1050.2765,3,127.212861
-807.2268,23,127.22372
-3840.9517,13,127.223795
-1572.9562,5,127.23523
-1155.5854,5,127.262678
-1074.696,2,127.262781
-337.28223,38,127.306319
-155.34143,54,127.319504
-469.59143,39,127.334159
-854.1178,5,127.334231
-2412.5134,17,127.370503
-928.77576,5,127.370553
-2505.5654,13,127.403646
-1101.2947,6,127.415435
-1156.0902,4,127.438765
-1009.9295,2,127.451428
-1540.4814,34,127.451508
-1104.1234,5,127.451526
-1589.0728,14,127.464435
-1002.8889,2,127.477636
-3846.2866,23,127.491755
-2138.3943,19,127.492183
383.37964,55,127.504753
-1071.8269,2,127.520318
898.1692,31,127.520373
-1774.8086,55,127.520385
698.41626,45,127.536357
-720.9373,28,127.566681
980.83417,29,127.566762
-2386.0908,8,127.566783
122.277954,29,127.585958
-947.7852,3,127.586282
-2484.2793,12,127.586311
-1171.5209,27,127.599295
-1475.487,54,127.599367
298.16858,35,127.615838
-980.7924,10,127.639418
-902.16815,12,127.639499
-1424.9614,4,127.639519
-1043.9667,2,127.665521
-1101.9879,3,127.679394
-1281.6774,7,127.692737
-987.6102,2,127.692802
-1199.7222,5,127.692818
-1014.29285,13,127.719083
-1051.938,2,127.719167
-2498.1094,27,127.732992
-1936.0925,12,127.75866
1446.7968,92,127.75876
-1028.0073,4,127.758797
-1456.7379,4,127.787051
-637.3578,18,127.787162
1782.5815,56,127.802505
-1104.1088,14,127.802579
-1033.7,8,127.802597
-1043.8842,3,127.802606
-919.2022,6,127.830265
-1024.0488,3,127.850015
-996.6567,66,127.868354
-1132.8969,28,127.868411
-1144.5399,19,127.868429
-2082.1646,6,127.892794
-1078.2861,3,127.907893
-1313.598,26,127.920482
-3093.6653,49,127.920555
-3293.1482,28,127.953285
-1693.5989,7,127.97537
-3730.0503,16,127.975524
-1035.7683,5,128.003741
-890.31555,11,128.026766
-1027.3083,6,128.044996
-959.02167,11,128.059019
-2470.6958,20,128.059072
-1512.6908,9,128.059081
-2647.794,15,128.081394
-1096.469,31,128.081471
-2115.4336,11,128.081488
-2995.6733,30,128.093742
-767.8595,27,128.108473
-1700.6003,52,128.108571
-2446.523,42,128.108583
-989.7091,2,128.140929
-1878.5276,36,128.14097
-605.0062,6,128.14098
-488.58795,35,128.140986
-974.5758,5,128.161128
-1403.8312,6,128.174032
490.06335,46,128.201072
-1488.0417,9,128.201169
-976.25244,4,128.201192
-2076.1309,15,128.229643
-1070.1628,3,128.251848
-563.13574,33,128.263846
-3255.4717,32,128.278261
-647.4386,29,128.278319
-1295.3398,8,128.278333
-1998.1765,12,128.294053
-1074.4471,7,128.316807
-2970.9539,33,128.316867
-2109.0046,35,128.353454
-1126.0939,3,128.36838
-1302.5369,20,128.403171
-997.00586,2,128.430218
-984.2834,23,128.430319
-1056.2999,12,128.444074
-1433.2424,15,128.455671
-898.0,11,128.468818
-967.29877,4,128.484148
-1035.9241,2,128.48421
939.80493,35,128.49959
-3867.5693,18,128.521399
-1347.5725,26,128.540526
-758.3386,18,128.564832
-532.62683,18,128.612517
-1785.6431,32,128.612863
-1028.5935,2,128.648642
-2929.7974,30,128.648715
-2916.0303,11,128.648735
-116.5896,33,128.66317
-1052.14,2,128.674704
-1192.4012,28,128.687284
-1358.6599,10,128.698924
-2156.3,5,128.712999
861.3885,62,128.713114
-2329.904,9,128.777376
-2395.5361,24,128.798004
-1435.7698,25,128.843748
-2168.4473,49,128.84386
-1503.8334,5,128.869346
-1478.5793,54,128.869412
-2180.4229,37,128.884676
-742.7032,61,128.884764
-1067.1025,2,128.904765
-989.16205,2,128.917048
-675.43,15,128.947867
-1946.3448,12,128.962457
571.459,39,129.00091
-1084.3668,3,129.001027
-1599.9182,8,129.01847
-2347.0623,27,129.018841
-1244.5204,67,129.031065
-2038.9783,14,129.044223
-1213.7131,23,129.04428
-3430.7266,52,129.044296
-2385.3296,13,129.054004
-1633.054,29,129.089144
-1103.4655,3,129.089222
-1080.3702,7,129.10058
-1482.5963,42,129.122468
-1963.0428,28,129.136954
-2386.3452,13,129.194424
-4088.776,35,129.208532
-734.4144,11,129.20866
-935.1413,8,129.235016
-2400.9387,14,129.235113
-1032.893,4,129.247992
-1135.9893,11,129.248055
-802.4325,50,129.248072
2509.1577,80,129.24808
-1193.1462,17,129.261597
-996.826,2,129.261677
-1033.8353,2,129.276213
-1593.0154,5,129.276274
-1104.4191,6,129.339962
275.48767,29,129.340022
1097.1448,81,129.340037
-1393.1245,32,129.351527
-1218.7802,16,129.370809
-2532.9863,7,129.370893
-1042.9277,2,129.387233
-1062.4185,9,129.387307
-1372.9176,12,129.436656
-2470.3867,7,129.44962
-977.47406,7,129.449705
-1040.0907,6,129.46538
261.70685,24,129.465448
-1047.9456,2,129.476369
-3496.4048,70,129.516109
-1068.0867,2,129.537445
-458.40283,42,129.551961
-164.70483,35,129.552082
-1717.6304,9,129.588776
328.53174,36,129.588851
-1129.7588,14,129.58887
2877.1602,72,129.588877
-2010.2977,12,129.602786
-1076.4441,4,129.602886
-1065.5507,2,129.614202
-1121.8629,4,129.649085
-1740.631,14,129.649209
-2361.6646,6,129.667657
-188.80573,41,129.682873
-2297.0625,21,129.682949
-1761.9229,18,129.698786
-2659.8838,8,129.698847
-1036.2645,2,129.711207
-1202.7773,5,129.725851
-1887.3259,10,129.739658
-1006.02734,3,129.754851
-1331.7844,7,129.774769
1645.312,64,129.774847
-803.7159,16,129.787712
-1469.2557,12,129.787816
-1987.4348,35,129.787837
-1640.7192,7,129.804332
-2189.3154,37,129.804441
-1017.5622,2,129.818636
-2181.355,78,129.818712
-1015.2067,3,129.853827
-1041.8773,2,129.853891
-2901.6372,42,129.854162
-2784.2773,27,129.868836
-1027.847,6,129.869091
-2107.032,19,129.869202
-1021.41797,4,129.892005
-698.9594,41,129.892078
-995.8356,2,129.915889
-1046.1935,9,129.930156
-984.9132,25,129.930261
-1031.0339,2,129.944339
-1024.3353,2,129.960633
-655.3541,7,129.960713
-2560.5933,6,129.971251
-1004.39386,7,129.971363
-1622.3053,8,129.986591
-1053.4719,2,130.003364
-1694.6722,9,130.003419
-1281.0283,26,130.038523
-508.2682,19,130.054201
-980.2153,6,130.069621
-917.582,8,130.069661
-927.88257,4,130.096951
-2449.3308,23,130.119183
-1175.8503,4,130.119228
-1076.7676,3,130.142813
-2327.9512,15,130.158927
-2232.1929,11,130.159003
-1704.11,9,130.185419
-971.6207,4,130.185515
-2065.1174,4,130.215645
1444.4338,61,130.258649
-1082.7886,5,130.297375
1506.2996,88,130.311932
-2514.5127,34,130.312036
-963.281,5,130.335297
-1470.7794,29,130.359896
-2569.8384,41,130.359957
-2575.1514,15,130.359972
-1792.0393,14,130.374252
442.17975,42,130.385288
-1719.2343,26,130.385356
-1144.698,71,130.385379
-1042.0419,37,130.402585
-494.24814,45,130.402681
-461.21704,47,130.402703
-830.1643,8,130.415359
-1051.1571,2,130.415424
-1051.8197,3,130.429592
-1507.5237,6,130.429703
-822.64685,4,130.455297
-991.49945,3,130.469063
-1149.4685,11,130.469143
-2327.092,34,130.469165
-1798.7332,8,130.469174
-990.88666,2,130.489149
-1429.5955,6,130.50252
-1488.9022,7,130.502577
-1175.4332,44,130.502589
-1234.2909,11,130.515691
-1172.842,4,130.532529
-2003.7466,5,130.546891
-1087.0022,4,130.559639
-1465.5096,10,130.559709
-963.70703,2,130.570282
-904.976,5,130.570346
-2254.1055,14,130.58385
-2025.5193,44,130.603727
-544.5251,96,130.618881
-794.69476,29,130.618964
-1073.407,2,130.618989
693.0647,63,130.618998
-2644.3828,4,130.619004
-1189.4777,9,130.633816
-238.00555,160,130.633922
-1023.0388,2,130.654509
-1031.1589,3,130.666642
-1016.6457,36,130.680268
-3514.276,14,130.680308
-911.86584,6,130.69301
-1758.7148,11,130.693281
-1205.4412,4,130.706049
-647.1461,23,130.706115
-1004.56067,2,130.706134
-1750.4739,6,130.706142
-1522.6359,44,130.717148
-1091.6001,3,130.75655
-821.8799,4,130.75666
-1000.4891,5,130.756678
-2863.1055,28,130.756687
-1336.9996,11,130.789456
9.117676,33,130.789546
-1429.6393,3,130.808954
-1708.7574,20,130.809028
-1099.8226,4,130.823388
-2550.9622,26,130.849553
-2458.7312,29,130.849612
-1100.5869,5,130.884758
-636.64844,31,130.923717
-1857.3292,9,130.923809
-1671.4905,13,130.936007
-119.450195,26,130.936092
-3409.5754,22,130.936116
-2558.7183,15,131.010227
-1702.1985,7,131.024349
-2047.6956,6,131.024446
-800.17834,25,131.049136
-762.6495,31,131.049204
-2339.013,9,131.062258
-1419.9973,24,131.085648
-875.64856,3,131.112339
-1004.18335,4,131.112399
754.0438,52,131.138906
-1026.8817,3,131.162536
-1124.9523,10,131.177114
500.2907,35,131.177172
-1041.6414,2,131.212783
-2634.4355,15,131.25357
-977.63025,20,131.253665
-514.935,39,131.283623
-1499.4006,16,131.283683
-1347.8186,8,131.283698
-1572.2863,10,131.283706
-766.28296,48,131.283712
-46.744507,42,131.317236
-1098.083,25,131.317669
-1408.3611,9,131.317704
-1310.215,6,131.317711
-1128.1238,4,131.351229
-1039.0177,5,131.364651
-1618.8933,34,131.364705
-937.8095,45,131.376245
-1711.6008,6,131.405408
-640.50635,7,131.418908
-3828.8286,55,131.434197
-1473.0063,40,131.454244
-1915.3354,9,131.454307
-1011.4821,4,131.473474
-1010.9013,2,131.488384
-1544.5278,9,131.488482
-414.53436,87,131.488499
-1000.1977,3,131.528103
-1097.0266,3,131.528182
-644.87885,66,131.540643
-857.18866,12,131.59297
-1363.7257,60,131.673206
-857.176,60,131.673289
-2324.0522,21,131.673308
-95.262085,29,131.703028
-1055.4658,2,131.703072
-2256.37,74,131.738925
-1145.3094,5,131.762445
2106.7056,61,131.777793
-2013.6499,35,131.777873
-197.0445,30,131.777889
-1974.428,17,131.819237
-1141.5093,22,131.840071
-1458.8575,24,131.854566
-208.23248,51,131.854648
-2175.312,46,131.854661
-1074.1378,29,131.867689
-1020.72705,2,131.889446
-926.10565,46,131.916345
-235.27075,18,131.930769
-468.12897,47,131.930846
-314.28503,44,131.944827
-2204.019,11,131.945164
-836.8678,31,131.961007
-1227.7754,62,131.973079
-913.3944,37,132.003815
-1504.8748,12,132.026708
-3095.9302,8,132.038942
553.49005,27,132.054795
-2329.2095,43,132.05487
-1514.8251,10,132.067665
736.68396,55,132.067733
-1108.6193,3,132.079594
-1036.7903,2,132.092127
-3372.8408,29,132.105718
-1935.0021,23,132.105808
-1078.0382,2,132.105826
-967.1437,2,132.121264
-1416.9519,13,132.134929
-536.74414,28,132.135042
-1481.7245,3,132.149774
-1285.9124,15,132.149864
-880.3628,4,132.165179
-915.06616,52,132.165244
-1040.3243,2,132.16526
-1708.9855,9,132.17928
-2365.4663,23,132.179351
-1122.2678,4,132.204652
-2357.481,10,132.204713
-1933.8008,23,132.236519
-2281.3274,5,132.257814
-1097.4585,3,132.258126
-1496.6411,19,132.273465
-2964.065,8,132.27353
408.9278,27,132.273539
-1338.7628,10,132.286937
-934.35266,8,132.286997
-382.62134,32,132.287013
-1142.332,5,132.344798
-843.7212,6,132.345038
-2300.4453,34,132.36487
-1647.5088,6,132.37855
-576.89777,21,132.43149
-2010.7256,24,132.456871
-4590.1436,30,132.456962
-1058.798,2,132.482212
-1924.1069,15,132.482279
-913.03326,15,132.495836
-991.4222,4,132.507971
-2840.7314,21,132.508047
-1052.066,83,132.534218
-1044.3444,3,132.547369
-2989.1875,15,132.547432
-1075.2205,2,132.56448
-2628.2043,57,132.589891
-1141.0398,3,132.589973
-1603.1936,58,132.589991
-470.258,19,132.606472
-2674.3538,13,132.606555
-1322.6418,9,132.6243
-463.55933,31,132.624358
-2558.8032,11,132.640037
-77.10193,47,132.640127
450.5868,28,132.656391
-1083.1434,4,132.65647
-3466.5464,35,132.667502
-2158.1304,4,132.680749
-1474.9819,6,132.694691
-1099.3969,2,132.708298
-1766.1317,12,132.720033
252.3291,47,132.720114
-2091.4082,5,132.732646
-2.4473267,40,132.732701
-1272.1586,5,132.758658
-1729.3027,8,132.758732
-186.87842,36,132.874685
-1586.8484,14,132.885974
-1689.0371,12,132.908355
-2167.3403,16,132.924861
-1801.5981,5,132.940185
-1269.3956,10,132.95156
934.9525,64,132.951626
-1172.5936,16,132.96513
-890.0278,4,132.978323
-972.61334,8,132.978391
-998.39233,3,132.993773
-840.6795,28,133.005381
-939.8272,25,133.025235
-947.90436,5,133.02532
-1999.8807,49,133.037138
3050.3828,78,133.05803
-1952.6251,43,133.071349
-1070.2773,6,133.071421
-1039.3518,5,133.089405
-983.8326,4,133.089485
-827.93933,6,133.130967
-894.13153,11,133.213604
97.489685,34,133.213703
-941.9492,10,133.226469
-878.4866,37,133.241104
-1337.6263,25,133.260945
-1427.0479,3,133.272959
-1446.989,31,133.273018
-1019.15955,25,133.273031
-2677.9292,15,133.300596
-995.59973,16,133.300679
-2221.9653,21,133.300697
-978.01654,5,133.314608
-952.89417,7,133.314673
-3247.728,27,133.328808
-1150.3707,4,133.3504
-1009.7385,2,133.350476
-2206.4065,33,133.35049
-406.93298,27,133.362054
-936.132,8,133.376969
607.7593,32,133.410706
-1177.1437,4,133.422035
-1052.4478,2,133.436279
2763.0793,76,133.446908
-1809.4604,25,133.464271
-1032.1119,15,133.464326
-936.6627,4,133.500866
-2951.7534,54,133.500945
-908.46796,4,133.521886
369.90692,37,133.535469
-1991.2999,14,133.55773
-1573.986,26,133.575892
-2276.0815,10,133.59083
-1941.4446,21,133.590917
-931.60767,20,133.590935
-935.70935,6,133.604273
-1124.0585,4,133.60434
451.76337,21,133.644949
-1138.7389,7,133.682918
-1100.6685,79,133.696739
-523.2113,62,133.696819
-777.57837,8,133.712935
-1000.2442,2,133.726877
-1974.1963,31,133.742765
-2874.6753,10,133.742848
-987.6532,17,133.761202
-2344.1038,12,133.761263
-929.70435,5,133.808937
-2098.0874,8,133.822045
-752.4359,39,133.822135
-2077.8564,34,133.841609
-1107.7495,3,133.882504
-3124.9727,10,133.910545
-1432.9281,27,133.925777
-1574.5255,8,133.939099
-1421.6617,15,133.939167
-1085.8402,2,133.952309
-1656.7587,11,133.974921
-1522.8506,5,134.020705
-921.31525,82,134.020782
-2565.7346,82,134.020801
-1005.8053,8,134.03496
-1656.4827,11,134.050698
238.12476,55,134.050795
1204.1617,69,134.06465
-268.11066,34,134.064731
-1020.8187,4,134.076192
381.50275,45,134.091304
-986.04803,5,134.091402
-1151.6012,35,134.091421
-1961.0979,10,134.102713
-756.01086,36,134.116971
-1414.7556,4,134.130686
-1919.3555,5,134.130749
-1904.9644,8,134.155422
-2212.2314,60,134.155537
-1245.4359,56,134.155556
-1140.163,6,134.166177
-1149.6664,4,134.182726
-1130.3907,16,134.19406
-1277.4396,30,134.194117
-1411.0249,9,134.208451
-1072.3921,4,134.208525
-506.10303,39,134.208542
-2004.4641,14,134.208548
-2199.1438,33,134.22446
-1744.1713,13,134.236043
-163.84912,22,134.255248
-1600.6956,8,134.267516
-2185.8975,7,134.282428
-1535.5952,8,134.282503
-1665.2373,4,134.29319
427.66174,129,134.306111
-1844.5438,10,134.341779
-1810.7362,9,134.341889
-998.79407,6,134.354824
-886.8303,6,134.369187
1420.9036,63,134.36926
-1382.295,9,134.369277
-2079.6287,9,134.382986
-3279.4214,19,134.383068
-1581.438,15,134.410153
113.1405,28,134.435701
1241.9099,52,134.435776
-3262.5225,25,134.435792
-958.6715,3,134.462604
-2819.104,31,134.46268
-1466.7216,4,134.48512
-1629.7595,9,134.501411
-635.1786,29,134.501542
-962.5705,12,134.521836
-1062.1528,3,134.537905
-2073.6104,13,134.561023
958.9152,57,134.573802
-2131.7534,14,134.586418
-1559.6624,9,134.602075
-1679.7041,12,134.611778
-2323.0605,19,134.648573
-1213.5315,24,134.648674
-2305.0283,7,134.648702
-3364.3345,36,134.660829
-1073.2875,5,134.661237
-1687.1917,11,134.675287
-1107.3279,6,134.69119
-964.84784,24,134.691286
384.95325,19,134.704404
-928.7653,4,134.728901
-2316.3022,25,134.739271
1516.6759,65,134.739326
-2157.378,41,134.765905
-1014.8081,3,134.784957
-1257.6794,9,134.785033
-1535.7632,10,134.802694
-783.67017,20,134.817453
-1772.6919,9,134.817556
-873.98346,3,134.817574
-1186.4493,19,134.830424
-1009.8359,14,134.847485
-1137.9923,3,134.859528
-3463.0002,15,134.859602
-1090.7887,9,134.876832
-2132.6555,48,134.890182
-2308.1062,4,134.902588
-2575.6294,7,134.918985
-388.20468,29,134.919064
-952.64136,5,134.955017
-2393.0232,18,134.955079
-982.1301,6,134.955095
-3397.1377,13,134.966329
-1310.1975,4,134.966403
-976.78265,34,134.984721
-1638.2208,9,134.984794
-1365.2345,8,135.036832
-4823.9814,58,135.037019
-1164.4767,4,135.048341
-819.8074,8,135.073809
-1230.2588,8,135.087589
-1828.9275,9,135.103311
-945.4306,5,135.103397
-694.1909,20,135.103416
-1374.4883,8,135.103424
-1450.382,11,135.124798
526.39575,71,135.124897
371.27435,30,135.124915
-1358.3983,17,135.149678
-1079.7063,4,135.166019
-1043.9025,4,135.166106
658.26855,62,135.166125
-1072.0664,2,135.18161
-1221.4753,5,135.181697
-969.63885,3,135.216576
66.31555,53,135.228456
-1097.9088,3,135.228546
-1174.1825,8,135.244696
-1171.4772,73,135.244786
-1004.0578,2,135.2668
-3053.338,15,135.282376
344.94275,30,135.282753
-3035.249,13,135.296918
-1508.4207,15,135.313918
-1618.3965,5,135.339904
-1519.927,10,135.339982
-1113.9133,3,135.339998
-3845.4346,41,135.340005
-841.95496,7,135.352137
-1349.1531,7,135.352205
-971.1044,6,135.367696
-1095.7638,2,135.367779
-4330.0527,54,135.367797
-650.00183,28,135.389995
-2282.5796,23,135.390354
-1081.9286,19,135.416349
-1511.2362,3,135.416426
3861.701,71,135.431101
-1062.5698,3,135.431157
-4095.2432,42,135.431172
-964.4715,4,135.445415
-1241.4874,6,135.445563
-968.4791,3,135.458848
-2387.6025,41,135.47203
-1501.1306,9,135.496093
-1456.0,14,135.508636
-1661.5654,10,135.508705
-1859.6384,6,135.508723
-939.7864,6,135.523739
-1548.2158,12,135.523856
-611.96954,18,135.538037
-1275.0667,16,135.565239
-1735.6195,9,135.56533
-783.8043,25,135.577997
-2303.3354,8,135.578053
-84.80029,31,135.578085
-1641.3589,17,135.578092
-1394.9342,11,135.578098
-898.97656,12,135.589875
-1177.4686,5,135.600221
-1979.8772,9,135.61035
-2219.0042,31,135.610653
-1020.7935,16,135.629522
-1133.6233,36,135.629598
-2302.7925,10,135.645943
-2779.5452,22,135.645998
-1095.0928,4,135.646013
-1188.7588,5,135.646019
-2016.774,11,135.656803
-2473.7698,70,135.656886
-1852.1099,8,135.681318
-1384.921,17,135.681381
-931.4788,9,135.694252
-1192.4348,4,135.69432
-1682.7144,11,135.707747
-2093.5046,4,135.708193
-1345.0358,5,135.708241
-1237.2449,5,135.723863
-2479.5613,9,135.724016
-1100.2562,3,135.724058
-646.3003,16,135.739933
1456.5918,67,135.752531
-1850.2288,14,135.764231
-916.20337,6,135.792317
-1141.0587,4,135.792381
-2007.2174,14,135.809808
-1435.8481,7,135.810132
-2624.8672,13,135.823711
-2067.395,10,135.867313
-1399.6403,12,135.867424
-1938.9526,8,135.881705
-664.67883,5,135.881769
-1619.732,11,135.903863
-3047.02,6,135.903951
-2323.712,9,135.931372
-507.56952,31,135.931433
-789.5621,23,135.947738
-1517.4841,23,135.947797
-1373.5104,7,136.004917
-1769.9465,9,136.005004
-998.14886,35,136.057313
-2256.8604,18,136.057376
-1143.8499,3,136.057392
-524.73315,63,136.070797
-1739.0005,10,136.087286
-1119.9854,5,136.087352
-1880.8276,25,136.153993
-3456.3975,39,136.177049
-830.09924,7,136.177121
-732.561,34,136.19034
-800.69434,44,136.207323
-4440.157,34,136.207409
-483.45007,23,136.207428
-649.23627,12,136.259273
537.71436,44,136.275567
385.05383,28,136.288363
-558.7992,54,136.288448
1327.2335,43,136.304535
-1055.3435,10,136.304624
-403.13092,75,136.304644
-1547.722,8,136.304651
-1124.2627,10,136.319576
-1785.3302,10,136.319668
-1649.9077,10,136.344569
-1043.1382,2,136.376425
-963.43274,35,136.3765
-1462.1771,30,136.376515
-1028.3632,6,136.387883
-1068.474,7,136.400232
-1078.8912,24,136.400285
-1083.5121,33,136.424944
-1292.1516,24,136.425013
-1103.7594,4,136.425031
-2989.2563,13,136.441383
-1367.5425,14,136.465847
-2183.1597,6,136.465903
-1034.1715,3,136.501714
-1306.8188,15,136.501788
-2361.898,12,136.560178
461.71106,43,136.560242
-2829.4648,36,136.560256
-2052.5083,10,136.560262
-2852.2202,19,136.574828
-1026.8981,2,136.588321
-939.7722,3,136.602276
-2840.509,13,136.619717
-669.2647,15,136.633187
-1997.8523,10,136.6469
-3308.1213,10,136.647199
-1098.2819,3,136.658857
-3275.6548,66,136.65892
-1308.4147,66,136.658936
-893.3224,8,136.674708
-305.92456,34,136.67487
-1019.9797,3,136.688743
408.47363,46,136.706163
-2099.0376,5,136.731948
-1026.332,6,136.745689
-1091.1499,7,136.745781
-1532.0679,27,136.7458
-2067.8455,8,136.770324
-1060.5206,3,136.770379
-2120.2954,11,136.786359
-2124.7344,14,136.786446
-1082.9873,5,136.814399
-1124.0936,3,136.82702
-1007.0354,3,136.851734
-1689.2433,12,136.851815
-1299.6232,9,136.86841
-1152.4768,42,136.868495
-1082.7024,43,136.881678
-1008.5519,2,136.881765
-1582.5677,30,136.881782
-2626.8623,25,136.907523
-1103.054,6,136.907603
-1035.0039,2,136.907628
-988.0094,5,136.92088
-3582.088,14,136.941169
-20.79663,41,136.941238
-2109.3726,12,136.941275
-157.01984,40,136.956606
606.2516,75,136.971363
-986.4305,7,136.971782
-696.97644,48,136.991089
-999.91516,6,137.002102
-1108.2059,3,137.014445
-972.8295,43,137.027305
-1375.1493,6,137.05145
-1084.1575,3,137.093442
-904.3854,5,137.093542
-1276.0571,8,137.106083
-1019.6188,2,137.11852
-1801.0759,14,137.170048
-2324.06,46,137.209952
-680.18286,32,137.23168
-693.38586,40,137.23178
-622.094,21,137.231804
-1214.5905,22,137.279245
-877.73834,3,137.30165
-1103.0502,3,137.301717
-856.4318,26,137.313409
-1070.4811,3,137.330428
-778.9501,30,137.3526
-2278.15,11,137.352688
-1036.1765,4,137.352705
-579.5959,54,137.383209
-1509.2379,31,137.406408
-1517.7739,26,137.406451
-1112.412,4,137.419232
-975.9026,5,137.430548
-1447.1501,14,137.466778
1725.0731,81,137.466892
-1180.1226,11,137.466915
-3047.5474,15,137.466922
-1135.8258,4,137.490891
-2120.4272,26,137.523697
-1519.5875,58,137.52379
-864.6593,11,137.559478
-3131.6245,29,137.559553
-1046.9058,5,137.574146
-1240.7941,8,137.585706
-43.873047,47,137.585755
-1116.2543,32,137.58577
-1902.2527,10,137.613092
-1146.9124,6,137.613132
-1052.2826,2,137.613143
-1126.4415,6,137.655633
-245.72034,66,137.673371
-1880.0776,5,137.688147
-1413.3357,5,137.688205
-2499.1099,21,137.719866
-1011.88715,10,137.741554
-1517.6309,6,137.755583
-2021.1147,11,137.755643
-1157.9663,4,137.75566
-1089.436,2,137.771098
-1406.3943,16,137.771158
-1727.7345,108,137.771173
-989.36975,2,137.795449
-3236.857,24,137.795526
-1064.1348,7,137.809942
-1058.71,2,137.810252
398.05054,26,137.810278
-989.91644,2,137.825708
-2167.8396,24,137.848444
-1799.7098,33,137.848505
-1220.9467,12,137.873702
-923.0392,4,137.873782
-1498.3582,5,137.885387
-1903.8566,8,137.910203
-1049.4086,5,137.91026
-2007.367,11,137.925493
-1971.2168,30,137.925576
-1241.6938,9,137.953938
-1062.3983,2,137.953995
-1101.7157,7,137.972169
-1052.7893,2,137.993427
-1281.6903,7,137.993502
-757.00275,69,137.993521
-248.3858,44,137.993531
-1105.3073,3,138.042653
-949.55457,8,138.093855
-1082.9563,30,138.093962
99.04651,81,138.113023
-1538.7538,81,138.123791
-904.8958,23,138.136031
-2804.149,10,138.14833
-1080.9669,3,138.148394
-916.3755,81,138.148411
-668.6177,23,138.161012
-1799.8086,5,138.161106
-1179.6667,7,138.194351
-2809.4187,14,138.206158
-1875.8898,22,138.206211
-209.9873,42,138.206227
-2463.251,13,138.236785
-916.69653,6,138.249793
-865.8506,24,138.272153
-1452.5542,9,138.272222
-3114.1548,15,138.343256
-1763.75,13,138.343311
39.12262,40,138.343322
-664.53766,14,138.36279
-874.2109,28,138.362861
-2646.982,12,138.392211
-643.4187,42,138.407859
1114.9734,109,138.420675
-1707.6733,6,138.440293
-673.543,5,138.463138
-1111.2987,9,138.486688
-888.1082,6,138.511881
-1402.9742,17,138.546992
-2212.1577,20,138.567502
-861.19354,7,138.590163
39.031006,39,138.590234
-1049.6626,2,138.590254
-481.79547,23,138.611289
-1241.2457,10,138.611346
-1073.112,2,138.627592
200.32043,17,138.627669
-1802.6221,31,138.627697
-1177.9299,6,138.627703
1405.0358,52,138.656494
-1036.0023,2,138.656564
-1746.1444,23,138.656579
2453.962,73,138.706126
-1023.9238,7,138.706205
-932.2614,6,138.723091
-2615.6997,22,138.723174
-2732.8198,33,138.723195
-1539.0732,8,138.737015
-981.24786,2,138.75906
-551.1062,62,138.759145
-71.26941,54,138.773736
-772.2937,35,138.773946
-792.24384,5,138.787555
-999.2273,6,138.798566
-1136.1625,3,138.829083
-1367.4321,14,138.829212
-1135.3531,6,138.847898
-1037.3915,3,138.847992
-1271.7722,7,138.861357
-2580.1577,16,138.876642
-2696.686,15,138.888462
-1033.4993,3,138.913728
-1247.3346,25,138.913794
-576.08826,16,138.91381
-2267.571,9,138.913817
-1139.481,4,138.946198
-713.63727,22,138.946287
-1107.6941,3,138.960247
-2481.9631,63,139.089114
-2789.9795,14,139.089186
-1463.9829,3,139.089204
873.6049,53,139.155932
-266.0274,22,139.171923
-1881.0801,21,139.172014
-1045.9797,2,139.18852
-1322.8958,6,139.188593
-1834.2738,6,139.188611
-100.273254,31,139.2128
-1964.3356,8,139.212887
-1816.3196,13,139.212914
-1965.1337,12,139.225456
746.44226,113,139.225557
-1827.3192,15,139.240145
-1020.17566,62,139.240211
-940.8276,4,139.240227
-1072.012,2,139.256461
-1150.0414,4,139.30504
-926.1254,31,139.30514
-1518.3315,19,139.305185
-1982.4469,7,139.319311
-1353.7961,11,139.33094
-888.4656,57,139.342432
-1864.5613,21,139.369022
-1708.2986,12,139.395237
-249.93262,47,139.395295
-1837.5402,5,139.395309
-868.44135,5,139.406137
741.4452,60,139.441202
-1014.8742,5,139.441274
-1220.4695,17,139.452998
-1414.2222,23,139.49988
-2272.0664,9,139.526632
-989.428,21,139.544399
781.2462,52,139.544469
-849.2279,8,139.580787
-1640.655,12,139.61637
-1358.9414,15,139.616444
-963.0376,32,139.64671
-3855.308,48,139.646796
-1145.0568,8,139.646814
-1054.2043,3,139.662135
1013.3219,46,139.68366
316.84222,32,139.712144
-1040.2588,2,139.747204
-2250.349,14,139.764056
-205.86786,38,139.798223
-1063.5082,7,139.829768
-2118.2578,57,139.829846
-931.38135,3,139.920048
-1006.50635,12,139.948047
-14.206543,38,139.979571
-3368.9473,16,140.049172
-693.0659,20,140.102869
560.64386,29,140.11507
-1307.5138,26,140.115166
-3546.9624,47,140.128569
-991.1532,25,140.128656
-1037.4902,2,140.128673
-1193.4033,5,140.143454
-1705.346,8,140.143539
-1378.0115,7,140.143557
0.037109375,40,140.171416
-1059.2048,2,140.171504
-962.5127,4,140.187849
363.74792,71,140.187904
-1131.4342,3,140.187916
-1439.7126,47,140.187923
-3197.141,73,140.214078
-1086.1511,7,140.214158
-1080.5619,18,140.226285
-1011.5722,5,140.248076
438.44238,62,140.281489
-1051.1672,5,140.296001
-1457.0718,8,140.296179
-1102.0433,12,140.316259
-1550.0984,8,140.316319
-704.17773,13,140.316334
-2047.9109,26,140.328716
-1076.3734,2,140.344075
-2689.1724,11,140.356252
-912.8432,6,140.370255
563.1776,50,140.370309
-1203.7606,18,140.394361
228.46667,54,140.394429
-1240.1241,15,140.415892
-1041.2006,2,140.432002
-977.7323,2,140.43206
-995.0254,16,140.432077
-1183.8394,15,140.465484
-1414.4543,8,140.465572
-1102.9639,3,140.46559
-3873.488,13,140.528819
-124.585205,71,140.542455
-954.0479,6,140.553471
-381.31696,28,140.576481
-1539.3219,13,140.576564
-1181.5969,18,140.591453
-1049.5562,2,140.615703
-909.17773,4,140.635775
577.0807,53,140.648693
-476.67896,13,140.674343
-998.375,6,140.711671
-1282.8384,17,140.711752
-735.6271,26,140.711783
-994.55963,11,140.735853
-678.9782,34,140.772778
-1196.9471,8,140.772837
-1359.2592,3,140.772851
-1704.5571,8,140.793939
-914.55945,5,140.809848
-897.1001,3,140.824107
-4749.208,17,140.824178
-1462.2081,24,140.845585
-1291.0817,52,140.845673
-1028.4465,5,140.858835
-1572.0457,25,140.858938
-1387.2208,5,140.858957
-1898.8859,38,140.872627
-2474.4463,36,140.890003
-1582.235,12,140.89005
-1056.0721,3,140.890062
-1326.962,9,140.890068
-1020.5546,2,140.927416
-976.65454,4,140.960259
-383.3758,29,140.960332
-1385.1726,7,140.984114
-1054.0093,8,140.984173
-1956.6727,40,140.984187
-471.9392,66,140.984194
-926.8838,5,140.984199
-2763.5166,10,140.997967
-1121.367,8,140.998064
-923.54736,38,141.012221
-842.2455,17,141.012284
-1018.99945,3,141.012301
-191.3706,24,141.012308
-996.1052,3,141.025187
-2250.954,15,141.04851
-1053.1484,4,141.062275
-906.7793,7,141.074305
2776.6382,71,141.074389
-1038.1044,2,141.094244
-1882.5059,8,141.094396
-1399.1631,4,141.116809
-886.38684,9,141.117149
-1128.9773,8,141.146659
-1146.8331,4,141.146759
-1192.7173,5,141.180236
-3897.232,110,141.19519
-1090.7305,8,141.209565
-1751.6201,17,141.223771
-1685.1324,7,141.22385
-46.962524,23,141.238361
-803.54663,24,141.238432
-2625.185,16,141.250109
-1129.4536,11,141.27202
629.6821,57,141.285905
-963.02295,7,141.315824
-1710.2754,4,141.315909
-658.0332,32,141.331008
-1014.6368,5,141.345335
204.48132,25,141.372202
-1893.4363,11,141.391147
-15.759705,26,141.391225
-1072.2109,3,141.424118
-501.46936,28,141.446355
-949.59576,4,141.462128
895.4984,54,141.462199
-639.46027,38,141.492581
-965.58923,4,141.492697
-2067.9785,11,141.492716
-1904.814,23,141.516856
-1874.345,5,141.538641
-1011.6616,2,141.556149
-965.5036,4,141.576218
-703.47754,17,141.576283
-1680.6116,16,141.591088
-2666.248,116,141.659593
-1338.9296,14,141.674781
-2251.879,13,141.689206
-2200.584,20,141.704936
-1700.2476,35,141.71816
-2337.52,13,141.759434
-1498.7732,14,141.759525
-656.35986,42,141.834713
-716.77094,67,141.834806
-3602.3691,19,141.84681
-2084.3096,10,141.879391
-666.78735,24,141.894155
-1057.582,5,141.908286
-1387.948,7,141.922079
776.3539,55,141.936066
-1491.4167,20,141.985921
-1366.1918,53,142.014546
-1100.4048,48,142.033101
-1186.6089,69,142.03317
-1272.6798,10,142.033185
-1950.5022,9,142.046766
-1151.2622,3,142.058116
-877.25604,24,142.07281
-2298.608,11,142.088814
-2071.0842,43,142.102135
-1915.6339,14,142.102219
2758.2476,68,142.148576
2826.083,82,142.148646
-970.7099,4,142.162397
-1307.1299,12,142.162495
-2762.4402,80,142.162513
-875.5522,9,142.175617
-1105.4253,2,142.175723
-242.88,47,142.187068
-797.9541,67,142.201502
-1017.619,3,142.201566
1338.0592,39,142.201583
-1786.1519,38,142.213878
-1205.8798,29,142.226404
-993.4833,9,142.267423
-1228.6226,17,142.267499
-3031.0276,17,142.305463
-1895.5388,13,142.330102
-1821.5895,33,142.330165
-1063.1946,69,142.330181
-1084.544,11,142.341001
-1100.3618,2,142.365565
-1906.9829,14,142.365638
-1267.9856,5,142.381524
-834.3602,25,142.381592
-2032.5981,14,142.381608
-924.3105,3,142.410313
-1784.0037,22,142.4104
-1063.3826,3,142.432212
-641.79364,52,142.432281
-987.7526,3,142.47404
-1072.9905,3,142.47415
-983.2327,10,142.49809
-1217.0068,7,142.49821
-1499.0746,8,142.513306
-790.6451,17,142.526765
-1037.8998,2,142.526913
-1488.8105,3,142.540284
-1341.4463,33,142.568949
-1185.2732,6,142.56904
-884.5259,4,142.583883
-2281.0337,11,142.58397
-2235.1572,16,142.58399
-1591.6488,92,142.583997
-1090.7262,3,142.620863
-1524.5659,5,142.635745
-882.82324,40,142.635843
-4156.045,34,142.649733
-843.78156,16,142.649798
-2160.2039,83,142.649813
-1047.9739,7,142.671173
-2592.2625,21,142.671227
-1001.60474,4,142.706398
-956.96564,3,142.706474
1027.7416,34,142.70649
-1614.3662,17,142.729737
-862.1903,6,142.72984
-3517.165,36,142.745911
-1073.7466,3,142.745985
-1718.3654,17,142.76042
-1485.1814,38,142.760509
-1081.4912,3,142.773601
-1741.6653,5,142.773674
3064.7085,78,142.784879
-1822.379,3,142.815919
-598.316,45,142.892355
-1602.0503,15,142.892423
-1191.6748,23,142.929518
-3786.634,61,142.929613
-1578.5479,13,142.943616
-1638.3501,12,142.963212
-2916.926,11,142.963277
-1273.431,9,142.963294
-1652.0239,15,142.991698
-991.5312,6,142.992038
-4069.7056,48,142.992058
-1224.2775,16,143.012538
-2245.7192,6,143.026205
-1815.5393,25,143.048432
256.1759,59,143.061199
-1131.2627,5,143.075642
-264.945,23,143.111012
-1417.38,38,143.122377
-3228.6777,35,143.122471
-1083.8657,7,143.142091
-2039.5029,9,143.142231
-3046.2356,11,143.188013
-2309.5566,34,143.202754
-2348.6975,7,143.226052
-5931.8174,46,143.237867
591.3727,56,143.237935
-1178.6709,33,143.25965
-1455.6877,3,143.285755
725.3278,45,143.285839
-1628.4066,11,143.300023
-70.84924,24,143.338011
-2916.3982,44,143.338132
-6216.592,26,143.349471
-3163.8105,48,143.366153
-1004.137,5,143.366235
-2132.0088,21,143.366252
-1605.5814,9,143.381564
-1024.3163,2,143.381676
-984.75635,3,143.381696
-102.15613,44,143.381701
-1540.6089,13,143.395198
-1003.9358,2,143.395279
-1032.744,2,143.411715
-1280.7114,5,143.41209
-1117.3229,3,143.423761
-978.6574,3,143.423851
-549.4922,31,143.433659
-1476.2932,17,143.433735
-746.5409,31,143.46381
-1834.072,6,143.476492
-1200.9388,5,143.476577
-1526.2217,4,143.488577
-930.0459,6,143.507128
-1086.7201,2,143.507198
-1141.6559,38,143.507227
-1248.8503,18,143.53522
-1441.4017,10,143.535292
-895.85706,33,143.551935
-669.14874,39,143.551994
-1053.179,8,143.55201
727.24164,33,143.566092
-958.77527,5,143.581165
-1107.2172,22,143.591426
-1105.2664,3,143.591497
-1772.9834,7,145.303077
-1099.6802,33,145.303152
-1443.9784,48,145.312665
-2056.3042,15,145.312754
-422.10574,21,145.350883
-1034.241,4,145.350969
-846.7037,6,145.372612
-1022.05316,6,145.390053
-1059.5673,2,145.390121
-1659.3252,10,145.390138
-986.41095,6,145.452651
-1063.2406,5,145.452728
-1982.695,10,145.463547
-997.67334,7,145.496915
-1012.362,3,145.518474
-1029.4648,28,145.540295
-1003.81384,31,145.540386
-119.82489,25,145.564514
-1652.8656,23,145.564597
215.05542,42,145.564614
-2786.0752,19,145.564623
-982.6164,2,145.594184
-1311.3082,10,145.634084
-392.3363,52,145.634169
-662.3685,14,145.634189
-452.39514,50,145.673795
-1392.0458,9,145.690843
-2318.0488,35,145.708899
-1175.4995,8,145.731611
-1417.0312,12,145.7457
-1343.6327,29,145.745793
-600.4911,22,145.75825
-1414.576,15,145.758319
-885.78577,34,145.780014
-994.82275,2,145.780073
-1008.5332,32,145.824169
-1570.1815,23,145.82424
-1976.1914,13,145.824259
-1056.3196,6,145.836224
-1416.4021,4,145.836311
-1091.8259,3,145.86054
-472.98462,54,145.880469
-885.28284,42,145.880542
-2211.1587,11,145.895537
-1960.7273,5,145.906637
-886.16583,6,145.919811
-1023.0837,5,145.932732
-4538.397,74,145.947425
-1246.0876,9,145.947534
-2353.9946,48,145.9602
-1247.1034,21,145.97708
-1036.902,4,145.99674
-423.6994,25,145.996815
-2345.7563,6,146.016632
-723.2323,20,146.028523
-1514.7827,8,146.028611
-1080.1085,3,146.050717
-2284.1724,34,146.132934
399.84766,40,146.160369
-2657.063,10,146.176044
-1100.1025,4,146.197236
-1133.932,29,146.209379
1645.4536,67,146.209466
-1332.4929,18,146.240798
-4253.084,63,146.25376
-2516.5745,37,146.253828
-1090.348,26,146.267597
-502.47955,26,146.280766
-2454.023,16,146.280873
-2313.27,7,146.299941
-975.4697,44,146.353335
-1128.8046,4,146.365532
-1792.8871,10,146.365605
-1020.08057,2,146.379519
-1662.9698,7,146.395573
-1796.8231,10,146.395714
-1196.342,16,146.411441
-113.22778,31,146.421553
-3047.9817,30,146.433183
-1473.5137,6,146.451624
-1054.4164,6,146.475908
-1401.7318,5,146.475976
-1173.7264,8,146.492088
-1328.6548,15,146.492143
-1716.1493,4,146.492158
-1066.0093,5,146.492164
-3871.5146,62,146.49217
-1018.26636,3,146.540496
-2624.573,11,146.560721
-1255.9431,24,146.576597
-1730.1069,37,146.58882
-1599.5289,10,146.599962
-1864.0757,21,146.60005
-1498.4429,10,146.623726
-2846.8074,9,146.623804
-1846.1462,27,146.650714
1668.0518,45,146.672194
-2141.0337,6,146.672252
-1044.46,3,146.672266
-1073.2994,6,146.691069
-2444.8967,6,146.691546
-1237.5015,11,146.703379
-1103.9459,3,146.703458
-2126.872,15,146.714688
-2476.8691,4,146.727286
-1047.8363,2,146.727351
2849.5527,81,146.744662
-1098.5868,8,146.744742
-1124.0946,3,146.760864
-1611.6876,13,146.760927
-2171.2046,19,146.760945
-1055.8535,2,146.779788
-927.7501,8,146.80645
-1031.0223,3,146.806551
-483.36078,22,146.821948
-1173.7782,8,146.822027
-271.50378,32,146.833707
-2544.842,7,146.833774
-1507.7063,13,146.864645
-1128.4238,7,146.885439
-1506.8186,22,146.885483
-1024.7362,4,146.885492
-1375.5977,11,146.936364
-1644.3972,8,146.936484
-972.7695,4,146.948724
-856.37964,7,146.948788
-1196.4972,5,146.948801
-898.8931,84,146.969895
-1159.3281,69,146.983418
-1039.8507,6,147.02604
585.75757,35,147.026119
-3080.955,6,147.044212
-363.66113,15,147.066965
-1040.8644,2,147.067041
-2071.929,19,147.067061
-3811.0562,17,147.079456
-1415.5034,23,147.093982
-2814.0366,13,147.094093
-761.3074,56,147.113186
-1076.7932,7,147.11325
-1026.1663,5,147.133017
-243.91718,62,147.133124
1827.8683,75,147.159896
-949.4556,26,147.15996
-935.86304,4,147.159977
-1095.4222,6,147.159985
-1663.7881,18,147.179775
-2094.652,14,147.179834
-1079.5913,3,147.201056
-1081.8226,6,147.20112
-3376.1885,35,147.221599
-981.0666,3,147.221677
-2004.2881,5,147.234609
-1950.6969,7,147.387615
-1018.3442,13,147.387691
-2979.21,13,147.403925
-495.19794,23,147.426382
-1431.0923,4,147.484462
-1471.9414,5,147.510227
-1721.3955,18,147.510311
-1038.3118,25,147.510328
3468.645,103,147.53438
-932.4774,24,147.547372
-857.543,4,147.576905
-2497.5737,14,147.57698
-2169.2896,5,147.600673
-3756.0576,32,147.60073
-1752.0497,7,147.637988
-1077.2322,4,147.684604
-1801.5269,19,147.684692
-5537.6196,132,147.695704
-1399.8082,58,147.708129
13.301514,34,147.7082
-1088.1013,2,147.726537
-1895.2103,33,147.74155
-3173.5747,13,147.754814
-1082.7041,4,147.774576
-2076.3574,7,147.79011
-1006.5405,55,147.815814
-1580.94,6,147.834527
-2798.5967,17,147.834595
-2368.193,21,147.847883
-1153.6101,8,147.847969
-1047.5901,6,147.869669
-3454.279,12,147.86975
-957.81506,42,147.893424
-2851.6753,42,147.89353
76.16589,37,147.893556
-925.89056,5,147.937589
-1520.7236,6,147.959878
-1007.15186,8,147.95994
-934.60297,28,147.994317
-1459.2378,3,147.994387
-1555.2684,11,148.010708
-1605.2471,44,148.010768
-882.4613,31,148.034805
641.276,134,148.048338
-714.5601,43,148.048419
-1145.1202,8,148.128069
-2890.189,20,148.153101
-4143.729,17,148.153184
-2023.0581,7,148.153215
-1520.917,8,148.166194
881.2175,57,148.226514
-946.6632,22,148.226568
-899.3525,61,148.226595
-1089.8717,26,148.226601
-724.8004,31,148.268376
-989.1509,2,148.268445
-1037.5573,2,148.26848
-1041.2151,8,148.282143
-496.86435,19,148.304088
-1621.8453,4,148.304158
-2524.1772,10,148.304175
-1213.2539,9,148.371185
-1433.1556,29,148.395992
-256.88208,65,148.441852
-1050.9425,38,148.455132
-3107.236,43,148.455189
-2007.5469,13,148.471513
-703.55884,48,148.471584
-743.0757,14,148.488966
-1043.0575,3,148.489065
-187.87988,33,148.489082
-692.5303,37,148.489089
-1736.8157,15,148.489095
-1928.974,23,148.516482
-1056.6564,2,148.516572
-1383.8478,9,148.529855
-1075.0529,3,148.540519
-1308.3928,4,148.565048
-1795.7986,21,148.584878
-2405.762,37,148.584966
-975.3675,6,148.597107
-2739.212,37,148.59719
-591.6735,84,148.60863
-1735.7051,8,148.608688
-1282.8267,9,148.608704
86.37012,60,148.626061
-1083.7164,3,148.639764
-1030.279,2,148.639838
-1205.5403,4,148.639855
-638.2352,20,148.669502
-1076.6932,9,148.705051
-1044.595,8,148.719307
-928.8959,9,148.719366
-1345.0449,6,148.731011
-1197.8568,19,148.778756
54.306885,42,148.778843
-2742.3154,19,148.79595
-1641.5776,12,148.796025
-1485.4619,8,148.814534
-1221.9261,10,148.814611
-1300.4421,7,148.81463
-1887.9858,37,148.838117
-1246.5928,4,148.838177
-1111.7871,4,148.862632
-1040.2616,2,148.873641
-917.9842,7,148.902243
-1469.8772,13,148.915499
-993.9037,3,148.915605
-1338.8773,9,148.962187
-1034.322,2,148.962278
-1776.9185,30,148.978162
-2852.6348,47,148.978235
-1435.0638,7,148.978254
-2172.3267,48,148.997843
-1858.0625,35,149.011619
-1083.3074,2,149.046549
-2068.9883,26,149.046638
-3326.375,36,149.064733
-1099.7639,5,149.064793
-1224.0916,60,149.076946
-304.08417,35,149.077024
-1018.8745,2,149.077047
-1015.768,8,149.09008
-4021.6506,15,149.090152
49.740417,29,149.090167
-1133.0168,32,149.102981
-3228.1226,25,149.103043
-1963.3269,12,149.118198
-1318.9177,19,149.118294
-1085.7029,3,149.118312
-1118.4207,4,149.118319
-1031.0369,8,149.180991
-1197.6853,18,149.181055
-859.0977,6,149.181071
-1468.5823,9,149.222271
-1050.496,2,149.222336
-2207.27,17,149.241242
-1820.1692,5,149.272967
-815.81573,19,149.273047
-1922.2417,49,149.296387
-1065.2343,2,149.296433
210.42493,46,149.308609
-1594.75,20,149.332011
-2024.1292,8,149.332071
869.0755,122,149.34571
-1455.6882,16,149.345829
-1081.7411,5,149.364845
-1262.6003,6,149.385278
235.31335,37,149.38534
-988.67664,2,149.398122
-1419.9159,4,149.398192
-2243.794,19,149.398209
-1040.1455,5,149.41259
-1656.3009,29,149.425155
-1525.2507,4,149.437563
-1621.2915,32,149.437638
-1607.8837,26,149.453285
-1384.4751,8,149.466505
-1109.5538,6,149.481205
-1144.3859,27,149.481318
-3279.6301,21,149.492898
-1832.7482,4,149.520582
-1512.3627,9,149.520658
-791.4111,9,149.549783
-1142.9557,31,149.562476
-1624.9332,13,149.577814
-1093.9717,3,149.60253
-1546.895,6,149.614724
-1782.9749,26,149.634976
-1808.4944,14,149.63505
-945.5861,6,149.646855
-1046.0465,2,149.665685
-986.2094,3,149.700552
773.68835,41,149.700629
-1222.3722,9,149.700647
-1371.3491,17,149.714338
-913.9005,14,149.714412
-976.6876,3,149.738476
-1106.2513,8,149.750183
-3183.824,12,149.750252
-2331.435,21,149.762758
-2330.066,50,149.762862
-1665.8513,49,149.77883
-630.19916,41,149.796893
1550.2673,168,149.796978
-1874.3889,26,149.808244
-1144.3846,6,149.829027
-1030.0088,5,149.849469
-1105.305,3,149.849571
-1118.6849,3,149.849591
-1026.8289,6,149.849597
553.125,26,149.860303
-982.1309,2,149.876642
-1069.8271,4,149.87701
-1479.4874,3,149.877042
-2984.7188,35,149.905185
-290.88232,38,149.927513
-13.891113,42,149.951912
-3376.6338,50,149.951972
-1123.1259,3,149.951989
-1614.94,81,149.983669
-987.82733,9,150.007996
-1345.8188,12,150.024633
-1344.8597,11,150.038909
-1026.4167,2,150.038965
-638.4447,19,150.038981
-266.82672,31,150.054821
-398.15955,47,150.109564
-2655.421,16,150.109681
-321.1067,22,150.155085
-2391.0503,60,150.155174
-1824.3583,15,150.15519
-4922.0703,38,150.167981
-1052.0538,2,150.183725
-1517.6074,11,150.18381
-1108.7264,3,150.203826
-2821.524,14,150.215971
2086.0884,80,150.242787
-1298.2369,11,150.26039
-1872.7446,4,150.278127
-2357.696,6,150.27819
-1913.2913,9,150.296485
-917.9548,40,150.296613
-3055.0884,19,150.317453
-1196.6611,26,150.329507
-926.6399,9,150.329628
-4041.5457,45,150.358762
-2055.2363,12,150.358838
-2048.513,5,150.358866
-435.2099,31,150.374516
-1179.1985,46,150.385931
-473.0715,24,150.386032
-1146.5244,30,150.41817
-1293.7137,8,150.41824
-1007.9141,2,150.449694
-359.55878,47,150.463406
-1079.0552,35,150.46345
-1007.29816,19,150.485741
-2191.8281,10,150.498592
-1999.3052,13,150.514948
-1006.66736,2,150.515099
-2242.688,47,150.536165
-3336.2263,18,150.576137
-2351.5273,10,150.599377
-1020.92346,4,150.599625
-1146.0118,7,150.702945
709.9879,45,150.721718
-1333.3374,14,150.721795
-2614.6875,60,150.747756
-3220.4736,25,150.747856
-1233.9076,24,150.833633
-734.4611,35,150.833705
-776.9135,32,150.848459
555.2169,28,150.848564
-1490.023,6,150.848581
-861.50616,7,150.86171
-497.76862,23,150.875444
-1034.9894,2,150.875516
-555.3596,53,150.915361
-297.5797,29,150.915426
-2059.659,39,150.927643
172.18921,82,150.927762
85.84656,38,150.945871
-1158.5907,5,150.964751
-1077.9818,2,150.97762
-3240.68,17,150.989741
-1277.7034,19,151.013497
-1939.7712,9,151.013576
-1164.9098,12,151.040357
-1012.362,3,151.057329
-1750.1726,31,151.057416
-1114.0182,53,151.069386
-994.996,6,151.06946
-1729.4912,16,151.082013
-151.08337,88,151.094523
-1053.4252,2,151.115971
-992.5511,5,151.128594
-986.6794,7,151.142175
-1046.6724,2,151.16782
-2971.4722,26,151.20482
-821.1046,19,151.204891
487.64978,47,151.204909
-1237.605,57,151.218832
-1119.333,16,151.218876
-2331.2554,23,151.218886
-939.088,13,151.218892
-1124.1116,23,151.218898
2723.7778,67,151.231505
-425.03186,38,151.242053
-1128.6527,7,151.258057
-1311.4827,6,151.283556
-932.0686,7,151.311705
-762.73987,8,151.331843
-913.39795,8,151.33191
-2117.1113,65,151.331924
-1656.8982,38,151.356366
-962.3635,7,151.356428
-1078.6877,2,151.356445
-2626.8484,18,151.367877
-1069.911,3,151.393656
-1209.4397,4,151.40587
-2923.463,36,151.444961
-1008.6053,8,151.46647
-2560.808,18,151.46655
-1114.0796,11,151.491265
-2042.9546,62,151.491327
-960.5899,18,151.504611
-2835.224,17,151.535233
-1048.8373,2,151.535308
-942.65784,6,151.557055
-3089.7349,37,151.557129
1518.8148,52,151.574219
-404.13766,33,151.588388
-1611.287,7,151.588496
-2093.7576,49,151.610901
-1018.1891,5,151.624079
-1032.5392,5,151.634446
-1936.8821,18,151.634524
-2155.8462,17,151.649933
-1601.9094,13,151.667778
-1524.2233,13,151.679993
-1034.4567,3,151.680071
750.4709,34,151.714739
-1079.7943,3,151.748642
-1149.7181,38,151.787666
-1519.8394,10,151.813692
-1581.7012,20,151.836283
-2186.0566,10,151.836351
-1652.6533,17,151.836367
-1784.568,18,151.847905
-1003.1357,17,151.867123
-1067.9816,2,151.867193
-633.4657,16,151.867209
-30.704712,38,151.892714
-1048.9731,4,151.918311
-1013.63544,6,151.91846
-1832.0793,18,151.944045
-3878.148,74,151.982554
-1889.5802,8,151.982637
-1820.406,15,151.982655
-1278.1301,7,151.999965
-1264.9078,56,152.024498
-1175.9989,3,152.024617
-1154.6317,7,152.072638
-3029.5408,31,152.086435
17.654541,61,152.086516
-176.26917,23,152.121629
2490.8037,128,152.143597
-2709.5112,76,152.14366
-2231.99,22,152.160517
-1218.1562,17,152.160598
276.4397,52,152.173673
-1040.0173,4,152.174537
-993.06146,2,152.174587
-4086.7832,18,152.206666
-1960.4287,27,152.206764
-884.4343,9,152.221137
-1097.5402,3,152.221222
-91.106995,51,152.24298
-955.57587,4,152.243043
-634.216,63,152.243073
-63.79773,50,152.278239
-1864.9542,6,152.31209
187.44263,27,152.312173
-2382.028,22,152.312192
-1838.073,11,152.332456
-1875.3633,10,152.365771
-2634.6265,24,152.378314
-1407.7045,12,152.415138
-1298.9718,14,152.449436
-1098.0089,16,152.44952
-2526.1392,17,152.476349
-358.72223,45,152.498984
-1041.31,13,152.519076
-697.37854,67,152.533517
-2128.0356,17,152.545803
-1024.838,2,152.571882
-1495.1637,8,152.585027
-1371.9518,28,152.597203
-647.4651,41,152.59727
-3230.368,18,152.597282
-1029.4635,6,152.617903
-3909.0273,12,152.617965
-1099.7496,32,152.643181
-1129.3441,4,152.643297
-565.44714,43,152.675509
-1075.0635,6,152.695215
-1817.7275,8,152.717466
-1284.707,15,152.737643
-1445.4142,27,152.757505
-1410.2161,5,152.757586
-469.9162,34,152.771496
-931.2565,3,152.785483
-1709.7538,62,152.797298
-2704.3774,77,152.811101
-1041.1984,4,152.811159
-1555.7083,33,152.822536
-1665.999,49,152.835443
-1865.9487,15,152.835511
-1015.54694,13,152.879221
-1856.7977,17,152.895272
-904.6727,19,152.895341
-961.07666,7,152.907616
-1441.8743,8,152.944335
-1136.5013,9,152.944404
-922.8756,23,152.980699
-1227.3203,10,152.980781
-1560.6417,28,152.980798
-1563.3098,42,153.004752
-1744.3599,62,153.004851
-3136.0933,8,153.004871
-2261.4395,15,153.004879
-1047.5394,2,153.029891
-1736.7319,5,153.04363
-1066.1064,5,153.043693
2371.8105,59,153.058683
-2000.8958,13,153.058761
-1057.1638,5,153.072996
-1950.0957,7,153.095801
-666.86,35,153.095885
-1754.5112,15,153.136165
3714.624,142,153.136227
-2588.229,26,153.136243
-1148.5151,18,153.148077
-1835.606,11,153.184844
-995.47595,3,153.200793
-3152.8752,16,153.200874
-965.9216,5,153.223691
-1031.2017,27,153.223761
-1571.8706,12,153.23683
-1738.6224,12,153.273457
-165.41467,54,153.273526
-2070.1333,18,153.298882
-1072.6184,4,153.320853
-3195.4595,44,153.340118
-1203.68,4,153.354262
-1630.4518,10,153.354325
-851.6159,22,153.367169
-1332.3553,13,153.380329
1177.8071,64,153.380401
-1188.1887,5,153.426267
-2742.0771,20,153.426585
-1646.8,5,153.426607
-1114.81,7,153.442256
-179.94391,49,153.442331
-290.59802,37,153.464723
-1014.8517,2,153.464771
-598.2698,26,153.475283
-1049.7672,2,153.475377
-2427.2798,30,153.475406
-2960.5576,20,153.487343
-1137.9282,3,153.505419
-513.0827,67,153.519571
-1599.7249,9,153.5197
-1978.0951,8,153.65025
-737.8208,34,153.664423
-547.5297,56,153.664529
-650.84717,24,153.664554
-961.89264,6,153.66456
-966.80707,5,153.684285
-1041.7225,6,153.684348
53.487183,49,153.695587
-305.8683,33,153.722788
-1083.6777,4,153.722855
-1089.9854,5,153.749608
-1117.9999,3,153.760694
-1535.281,8,153.772313
-975.4602,4,153.793865
-996.84186,2,153.793945
-2147.2068,27,153.806864
-1404.5092,23,153.806947
-1876.2576,17,153.806962
-885.27673,23,153.862878
-927.9005,22,153.882279
1358.6222,99,153.895697
-1112.0731,3,153.907271
-1085.46,3,153.929998
-2003.5706,12,153.930055
-1305.643,9,153.930068
-1033.7845,2,153.964302
-1149.5422,12,153.987247
517.21454,33,154.012203
-1902.2297,13,154.012265
-2636.0574,7,154.034816
-2351.4458,6,154.03488
-1687.3949,4,154.049116
687.9048,29,154.049191
-1324.6028,27,154.06476
-911.9904,23,154.064841
-1161.5447,7,154.082188
-1907.2327,18,154.093526
-2694.9846,30,154.093575
-1161.5024,5,154.108585
772.2532,70,154.129765
56.489685,34,154.129838
-2457.305,8,154.142567
-1131.7152,3,154.142624
-1095.6711,4,154.161587
-1399.8577,3,154.173943
-1432.9491,17,154.174017
-1568.1179,10,154.188171
801.8274,59,154.201855
-146.12122,26,154.223212
-1744.047,11,154.223281
-1607.8732,50,154.223295
-3698.1729,39,154.248122
-1027.5353,2,154.248195
-1137.9142,8,154.248211
-1639.7129,13,154.248217
-1452.3936,60,154.260663
-1287.3038,9,154.272009
-1129.0378,3,154.284013
-998.29694,5,154.306064
-741.40955,21,154.320693
-1034.0157,6,154.320793
-926.5307,9,154.334845
-1051.4896,2,154.334929
336.27258,73,154.348722
-1494.3905,8,154.373381
-537.9749,17,154.386845
-2020.0557,15,154.38696
-909.9069,8,154.386984
603.60156,50,154.40482
600.8915,34,154.429351
-1115.8877,19,154.429403
-777.82263,4,154.440082
-950.42786,14,154.440141
-197.82336,62,154.45243
-1432.6389,12,154.497201
-1466.6777,30,154.497285
-916.95416,7,154.497312
-689.3551,23,154.559155
-676.85486,4,154.559659
-4.98407,27,154.58433
-3228.3345,17,154.58441
-1657.0862,10,154.584429
-1562.0967,21,154.615946
-1768.5968,6,154.629028
-3072.4517,34,154.629115
-1011.5332,3,154.654245
-896.02313,3,154.670339
-3424.4546,13,154.670414
192.35956,44,154.670431
-3357.6797,18,154.670437
-2054.811,16,154.670441
-1131.1307,3,154.694605
-1126.8933,7,154.718271
-2140.1855,13,154.718375
52.974792,49,154.730835
-261.13318,32,154.750536
-1144.6902,3,154.778433
-1474.6074,10,154.805648
-327.19672,17,154.805741
-1364.497,8,154.805758
-2691.2197,12,154.840732
-1260.4749,8,154.840842
-902.34436,5,154.855354
-1084.6609,2,154.86647
-1575.4453,10,154.866552
-278.49054,83,154.86657
-1126.0396,34,154.891767
-2124.0122,39,154.918088
-1302.6665,12,154.918255
-909.7388,6,154.948693
-1810.8324,11,154.974194
-1533.5369,48,154.986376
-985.731,7,155.000315
-1288.4962,5,155.000404
-1452.7369,24,155.013003
-1464.8312,5,155.022427
-692.0978,15,155.0496
-433.03613,27,155.049641
-2012.3455,49,155.049651
-3031.1914,30,155.091966
1163.0293,37,155.092062
-1040.5687,3,155.09209
-975.5894,2,155.118564
-2267.4287,19,155.129674
-637.78033,50,155.129757
-1639.1575,11,155.145938
-1587.4929,12,155.162403
-1530.5085,8,155.162471
-1503.8259,10,155.162488
-956.08105,6,155.186121
-1047.5929,2,155.186206
-2664.293,4,155.201602
-90.66327,28,155.213092
-210.31232,51,155.213173
186.80054,45,155.213196
-1259.5055,21,155.226232
-1092.9059,4,155.240375
-2106.9805,20,155.25132
-1169.1947,4,155.261583
211.90112,83,155.261648
-1200.8658,10,155.261663
-1652.8937,3,155.274205
-2285.2432,8,155.274282
-1340.472,8,155.274299
-2937.7231,30,155.285272
-1454.5669,9,155.301124
-1066.1238,8,155.313947
-432.75134,83,155.341135
-3000.4763,6,155.341194
-929.5914,6,155.353823
-1084.365,2,155.365976
-1037.0206,6,155.380575
-468.78375,38,155.380656
-1047.7288,6,155.397991
-1108.3641,92,155.410168
-1107.7437,24,155.420144
-877.82526,18,155.439832
-1334.5385,11,155.439903
-1045.246,5,155.452242
-2085.897,14,155.452327
-1032.8163,3,155.465035
-1769.356,26,155.48692
-2638.1504,8,155.50164
-1755.2954,9,155.501742
-1089.0365,3,155.529902
-1472.5294,3,155.543815
-2090.1875,39,155.543874
-1870.5997,11,155.556427
-785.8159,9,155.570378
-1320.9944,86,155.57047
-1084.0526,6,155.591726
-831.4148,11,155.591816
-2029.4901,11,155.591842
-1447.2662,3,155.591852
-1088.8,7,155.667793
-2453.2307,32,155.68202
-1124.9955,30,155.682091
-2869.893,11,155.682104
-1701.9534,11,155.701077
-2057.548,40,155.720298
-1035.8732,2,155.720361
-1974.095,33,155.731333
-1079.1508,3,155.731403
-3679.1963,67,155.749131
-1082.5061,3,155.749197
-2400.014,6,155.774472
211.37085,30,155.787085
-977.3897,5,155.800344
-1144.8801,4,155.800529
-1404.0579,16,155.815845
-1103.2966,4,155.842025
-292.55164,27,155.842085
-1426.9828,35,155.842099
-1029.3074,2,155.856014
-1175.617,4,155.856147
-807.6555,27,155.856161
-1990.9934,9,155.856168
-1745.2914,19,155.856174
-1072.9436,2,155.890011
-1006.85913,12,155.902833
-2643.7168,24,155.915007
-1348.413,13,155.946525
-2067.763,7,155.946627
-843.0342,52,155.957724
-1502.224,6,155.968197
-735.558,8,155.968284
-1140.5219,3,156.008605
-1602.0941,13,156.020184
-1042.2852,2,156.031692
-940.8608,5,156.031753
-1105.1066,7,156.031769
-5330.8203,22,156.056264
-2105.2153,15,156.056353
-1530.9475,12,156.067575
-1117.7548,3,156.089092
-4048.7053,58,156.089171
-1144.9497,20,156.100729
-1381.1082,5,156.115019
-770.761,18,156.115088
-821.37476,38,156.146343
-1196.1321,5,156.195649
-2588.7495,35,156.195745
-1726.0636,11,156.208964
-1538.7863,27,156.20904
-1767.9977,10,156.224716
-3302.2825,71,156.224782
298.1115,26,156.243478
-802.11365,14,156.243546
-1031.8369,4,156.270481
-772.1378,5,156.282712
-1472.269,16,156.302862
-1563.8335,4,156.302942
-1710.174,8,156.317753
-829.39886,6,156.317849
-2440.638,28,156.329495
-1420.2764,10,156.341375
323.72107,51,156.341444
-1251.3871,7,156.389177
-1681.6968,7,156.411743
-1001.2198,5,156.411802
-1647.5044,32,156.43728
-2267.221,19,156.437335
-2254.832,14,156.450399
751.7445,103,156.46994
-1249.4347,5,156.503555
-3063.6836,11,156.503639
-1197.7776,4,156.503656
-1686.9619,19,156.517606
-6447.529,102,156.539231
-894.1975,7,156.53959
-2372.3857,29,156.553464
-1061.7206,29,156.565609
-2300.141,8,156.565686
-1952.9003,19,156.565702
-1148.8021,7,156.56571
-1018.4697,7,156.58866
-1831.7726,5,156.588718
-1002.81067,5,156.588735
-2830.8386,19,156.60094
-1100.3784,5,156.63717
-2834.975,38,156.637229
-1055.0222,4,156.637245
-497.66577,17,156.673495
-2172.6616,7,156.694214
-1965.6633,9,156.706498
-1039.2745,6,156.730291
-1224.4172,44,156.75508
-2092.0623,14,156.766168
-1919.6763,18,156.766239
-3227.9731,55,156.766257
-947.3518,32,156.812977
-801.95184,17,156.833262
-910.34357,7,156.852333
-1749.0737,10,156.90943
-1189.4426,4,156.909517
-767.92065,19,156.909531
-2106.4807,16,156.909538
-893.1988,11,156.937546
-2261.1162,110,156.973412
-995.00885,3,156.97348
-969.60565,31,156.989548
-1119.8151,5,156.989619
-1856.7761,15,156.989637
-1658.5598,32,157.03665
-1190.8376,4,157.036734
-928.30676,5,157.050849
-873.07745,6,157.050892
-546.7588,36,157.074771
-2504.5913,12,157.07484
-738.44006,40,157.106026
-213.50977,104,157.117882
-1383.268,57,157.144376
-1218.8541,44,157.144445
-1679.696,7,157.144462
-911.59717,6,157.158179
-1799.1884,8,157.15825
-1138.8153,10,157.173429
-257.81793,37,157.185371
510.9079,40,157.198052
1893.8403,64,157.21301
-1429.927,5,157.213071
-2313.9966,6,157.226562
-1033.7036,2,157.237824
-1742.0428,20,157.252442
-1051.0504,3,157.252535
-528.1202,81,157.265816
-2147.379,10,157.277565
-1571.7205,9,157.290351
-830.72424,8,157.302187
-1098.4349,42,157.302251
-852.2736,29,157.302266
-1398.2789,3,157.326533
-1599.0151,32,157.340684
-1772.5715,23,157.34076
-1494.2505,105,157.364398
-3396.559,16,157.364474
-1102.3892,2,157.364498
-510.64236,32,157.399968
-2394.734,11,157.400036
-1515.755,3,157.410889
1656.7373,53,157.421992
-1016.5391,4,157.422051
-977.9628,18,157.422067
-2294.3062,11,157.422073
-466.75275,21,157.434753
-1245.0123,16,157.446291
-1141.9484,3,157.446355
181.51758,25,157.446373
-1027.1549,5,157.459535
-1766.7083,11,157.473743
-1176.5463,4,157.473835
-1047.7056,2,157.473854
-784.3412,9,157.487739
-344.16376,49,157.499601
-1630.3301,18,157.499671
-787.874,16,157.51968
-993.29364,2,157.533905
-891.3375,4,157.533986
-3229.2017,53,157.545052
-490.8687,73,157.565778
-1751.5903,10,157.577319
-1423.909,12,157.587408
-1051.5914,23,157.612087
-143.53082,24,157.634578
-1124.373,28,157.634651
-911.5582,6,157.665551
-1654.49,14,157.687799
-2709.0586,17,157.707778
-1061.6124,3,157.721225
-1817.762,12,157.732116
-890.20166,6,157.732185
-2331.0127,8,157.746329
-20.993408,21,157.760008
-998.7792,5,157.76009
-1398.5825,14,157.772653
-1145.3464,17,157.785837
-1197.0723,6,157.798721
-764.27527,14,157.798778
-998.97705,3,157.811505
-2884.374,19,157.811616
-2246.1108,9,157.823236
-484.93286,23,157.844078
-649.7278,24,157.844141
-1594.139,5,157.872517
-2691.8691,38,157.885511
-1396.7144,11,157.885618
-885.57385,6,157.906295
-1030.3427,2,157.920185
-1985.4083,13,157.942164
-1120.4866,13,157.942232
-2679.9941,60,157.94225
-1805.8081,10,157.942257
-2535.5432,10,157.953013
47.833435,31,157.974547
-871.97424,9,157.974635
-1012.29175,3,158.010322
109.747375,43,158.021222
-1972.9792,11,158.03834
-64.33795,60,158.083184
-852.4435,11,158.083256
-1995.5411,9,158.083271
-2334.759,11,158.109999
-1333.7112,26,158.110296
-1029.7834,15,158.110319
-3045.8115,44,158.134895
147.16333,47,158.160204
-1823.5457,5,158.160262
-1369.6633,23,158.187181
-1056.1093,4,158.187235
421.3792,37,158.187251
726.4553,53,158.203604
-1982.3953,11,158.203678
-1940.8694,7,158.219829
260.40637,80,158.219913
-1110.1005,6,158.244856
-2965.0767,17,158.2575
-1986.6233,5,158.275746
-540.504,32,158.299192
-1638.2542,15,158.29925
-2084.7378,7,158.299266
-2730.5261,19,158.299272
-972.13403,6,158.322552
-1074.0878,2,158.322626
-2533.1382,11,158.337372
-1127.2085,19,158.34966
-1594.7687,5,158.361699
-1138.5027,3,158.361772
-814.8382,13,158.361793
596.59717,31,158.384938
-1596.4841,18,158.395135
-1104.8938,7,158.416674
-985.5127,4,158.416766
-1164.9677,44,158.416783
-1689.3533,48,158.429474
-791.7649,35,158.439244
-1991.3984,11,158.439301
-5431.6436,71,158.439316
-830.3745,34,158.453155
-1087.9807,4,158.45322
-983.8717,3,158.476473
-958.701,4,158.501492
-943.74146,7,158.501573
-1272.0178,12,158.51737
-424.40192,26,158.54193
-1066.2125,3,158.561223
-951.3911,6,158.575459
-972.68835,4,158.590791
-2071.484,36,158.618828
-1734.0122,12,158.618905
-1095.6172,3,158.61892
-1064.2485,2,158.618925
-1042.7797,2,158.654424
-1855.0864,28,158.669707
-1025.4205,2,158.692548
-1545.3534,16,158.704931
-1008.8473,7,158.737354
10.07312,43,158.737452
-1155.7557,15,158.753849
-2762.9082,22,158.753915
-1129.439,26,158.780887
-1040.0355,7,158.792898
915.66565,41,158.807503
-2254.7983,8,158.828261
-1328.3853,33,158.828322
-846.5161,33,158.849433
-986.42816,4,158.883354
-925.23804,6,158.903608
-823.79346,48,158.917096
-684.1068,24,158.917158
-1567.4867,7,158.930191
-867.58966,6,158.943306
-891.76953,4,158.989711
132.30249,29,159.008492
-1434.3536,14,159.008566
-848.0635,26,159.021228
-2406.3003,10,159.032438
-1076.4521,2,159.032511
-2996.4744,40,159.045746
-1077.8904,26,159.070965
-1917.2839,54,159.100653
-1250.5405,12,159.139619
-1003.63605,8,159.189197
-626.2168,18,159.254357
-784.2834,43,159.278755
-840.84406,90,159.30987
2519.7847,60,159.322288
811.74207,39,159.369656
-1636.8307,43,159.382902
-1862.632,32,159.395485
-2420.974,67,159.436707
-2808.6948,39,159.492014
-1048.5647,4,159.492094
-2709.815,10,159.507455
-2840.444,28,159.50752
-3555.2236,16,159.507537
-1694.8613,42,159.520185
-1886.9647,23,159.520281
-2283.2378,16,159.559464
-2751.7349,37,159.57155
-1008.90717,4,159.571627
-1497.3159,4,159.593171
-861.1103,6,159.609205
116.59216,38,159.609285
-1260.9357,38,159.624443
-1167.8776,6,159.624541
-1789.7681,5,159.735046
-1187.6769,4,159.735131
-1239.823,60,159.759105
-994.0754,18,159.759177
-937.41656,24,159.770523
-372.93127,97,159.79376
-1038.3569,4,159.793863
-1284.514,4,159.806123
-2248.0122,48,159.818853
-1603.0557,8,159.818948
-1160.1074,8,159.835926
-1567.3982,10,159.835999
-856.07385,48,159.850114
-1059.0067,2,159.850307
-1447.116,34,159.87111
-1032.9708,4,159.882651
-1039.6936,3,159.896768
-1686.3152,12,159.90737
-922.3791,9,159.92109
-1388.3679,11,159.921153
-1268.7372,4,159.921169
-1217.1731,4,159.966767
62.677856,24,159.966836
-1159.8524,4,159.979552
-2028.0428,78,159.993953
698.1752,135,159.99406
-1753.2982,35,160.006433
-985.4074,2,160.017179
61.75714,30,160.030861
-1717.7128,6,160.044406
-1045.3643,15,160.044478
-1057.5751,4,160.044506
-1128.7698,5,160.044514
-1040.4755,19,160.064913
-1144.4847,3,160.081548
329.5979,59,160.08165
-2702.352,19,160.092913
-1049.8193,112,160.092987
-1791.9023,7,160.107229
-2219.63,31,160.107318
-3600.1084,18,160.123672
-1249.1179,7,160.13591
-857.094,4,160.14851
-1108.4653,7,160.160337
-1356.5115,5,160.1743
-2217.2856,19,160.174431
-1144.6508,3,160.190817
-808.25964,11,160.190936
-1782.2803,92,160.190962
-1033.9407,2,160.204571
-1991.4172,6,160.204677
-958.63196,12,160.239962
-1033.305,3,160.240049
-1041.7463,5,160.254911
-1959.0691,7,160.26715
-3363.7095,32,160.287034
-3910.9216,17,160.321928
-1929.5007,15,160.332603
-3970.0708,19,160.359048
-667.92163,24,160.359158
-2091.8418,13,160.373414
-1555.5155,36,160.373485
-2491.2852,9,160.389462
-241.8706,32,160.389629
-1096.5153,4,160.389826
-4637.9272,16,160.401501
-1101.4888,3,160.401555
-1040.834,2,160.424394
-2592.3948,5,160.449019
-998.4446,5,160.449105
-1060.7979,4,160.449124
-1348.8823,3,160.461525
-582.50055,35,160.473713
-2752.4224,15,160.486578
-1523.4349,4,160.497588
-932.4814,14,160.514493
-1068.5381,8,160.514592
-1048.2681,2,160.531072
-1558.1338,5,160.531132
-1347.4546,31,160.587779
749.23584,64,160.587857
-2751.1099,9,160.601314
-1064.8386,2,160.614793
-1434.7185,31,160.614847
539.8711,61,160.628359
-2125.6624,9,160.656552
2282.2085,69,160.703138
-2308.0137,33,160.703233
-1123.4628,6,160.703253
-991.2429,46,160.723927
-1319.9924,13,160.724009
-1159.9136,10,160.737283
-1043.7122,2,160.737381
-1076.8248,2,160.755468
-2069.1787,9,160.768385
-1112.7683,22,160.768456
-1079.2979,2,160.795282
-1325.758,19,160.795368
-887.65125,5,160.807882
-1755.8596,14,160.80794
-957.20776,3,160.807952
-1837.6047,21,160.820965
-2454.191,9,160.836407
-467.2362,31,160.836512
-1108.4113,42,160.855275
-766.3938,8,160.855335
-1064.3524,2,160.880373
-1449.8599,17,160.908437
-2139.465,15,160.931499
1060.5338,64,160.931576
409.36908,48,160.931594
-1111.8944,21,160.931602
-8.641113,89,160.965945
-1003.25635,4,160.966039
-2540.0337,13,160.987684
-2116.5027,8,161.000159
-1065.1575,5,161.000532
-2543.1548,20,161.017506
-1102.459,3,161.017597
-894.50006,40,161.034426
-1232.3519,8,161.046462
-3214.5576,9,161.061374
-3122.2612,17,161.06168
-1675.1505,17,161.079434
-1452.7174,8,161.10956
-1060.738,7,161.109715
-2010.9438,21,161.109738
-2301.963,9,161.134801
-1495.7609,20,161.134856
-1009.28564,47,161.187386
-1169.3007,6,161.199655
-1075.4788,23,161.199752
-873.72485,20,161.269381
-2706.7734,14,161.269465
-2890.2197,24,161.289978
-1576.7262,30,161.290035
-255.37128,36,161.290051
-91.20709,61,161.311627
-2634.63,19,161.326532
-544.4873,20,161.326614
984.7103,103,161.395549
-1319.013,8,161.411156
-2926.2173,18,161.411218
-1102.0642,3,161.437238
74.48901,26,161.459883
-931.1591,12,161.459974
-1843.3313,46,161.483436
-2512.4233,14,161.509889
-2968.683,80,161.524401
-3386.4565,30,161.538313
-3577.1091,37,161.557046
-2894.8994,31,161.557126
703.12195,35,161.56908
-472.9253,20,161.569127
-1177.9636,13,161.584615
-970.4917,3,161.59704
-1100.9661,3,161.609283
-1575.1918,5,161.628682
-1111.9429,22,161.628764
-872.206,16,161.650853
644.4431,61,161.694488
-1479.255,9,161.694556
-4186.071,18,161.710701
-1136.1482,3,161.750533
-2848.104,14,161.791583
-1905.5455,10,161.80523
-520.10474,43,161.805288
-651.8322,46,161.805303
-1300.0874,15,161.817654
-1051.259,2,161.838865
-238.30237,158,161.865922
-1142.7859,10,161.886221
-692.45154,44,161.912877
-2124.2568,30,161.924279
-353.55682,36,161.924335
-1948.3218,8,161.924349
-2108.586,12,161.966501
-1054.4436,31,161.966604
-2829.1782,31,161.983
-1302.1654,10,161.983058
-2838.0544,31,161.99402
165.64862,25,161.994109
-1927.332,20,161.994132
-940.0152,14,162.009962
-738.4349,6,162.010031
-1091.0164,3,162.010046
-1229.4939,50,162.022362
-1985.3086,15,162.03759
-1035.5242,2,162.052335
-2183.793,5,162.052379
-1495.6194,9,162.052392
-1082.336,7,162.067658
-1006.78766,5,162.080478
-942.5519,11,162.080548
-1528.9308,7,162.091794
-1962.47,64,162.117557
3009.7454,74,162.11766
-547.23694,18,162.11768
-2482.5483,9,162.130128
-1126.9502,3,162.130198
114.53308,65,162.130215
-2197.1304,49,162.155647
-1102.8745,8,162.180119
-1487.8885,5,162.19732
-1389.7211,11,162.197387
-1099.7135,7,162.211832
-1793.7742,6,162.236777
-1781.9252,14,162.236846
-1483.303,3,162.236865
-2393.9683,13,162.23687
-1263.6125,3,162.247853
-1069.2811,3,162.267489
-1223.0752,4,162.27792
-1538.4443,14,162.304434
-1338.8254,6,162.320737
-709.86084,75,162.320791
-2535.1387,32,162.320801
-1934.6515,17,162.334355
-2540.4663,22,162.334476
-976.1027,5,162.334496
-2721.4685,11,162.377008
-999.1642,17,162.410836
-2532.5195,16,162.450982
-521.61926,35,162.476185
-2582.4858,32,162.476305
-1038.2975,2,162.499124
-967.9788,56,162.524714
-647.92834,27,162.524809
-1043.516,2,162.524825
-903.59406,37,162.524831
-835.1045,37,162.55068
-1027.5985,2,162.550762
-1726.5283,14,162.575291
-1209.9207,5,162.633864
-1741.8455,6,162.645804
-665.98914,38,162.660557
-839.93384,6,162.660637
-908.17004,8,162.701806
-1040.1891,3,162.720264
-2131.0752,17,162.744439
-1337.6177,5,162.744513
-2673.625,12,162.773249
-1800.1482,23,162.773338
-1037.6748,2,162.804956
-2496.361,14,162.830094
97.39685,29,162.83016
-1134.6635,3,162.830172
-856.1442,27,162.842113
-527.1125,37,162.842186
-1005.4077,6,162.901066
-2243.584,6,162.928212
-1136.1696,7,162.928315
-1025.4772,6,162.928342
-1525.9777,58,162.928352
-1153.4523,9,162.947701
-1374.5806,8,162.961777
-1075.4579,2,162.961865
-868.7046,25,162.974491
-797.16736,34,162.974583
-1638.8247,6,163.032824
-1735.9495,5,163.078737
785.589,72,163.090912
140.97961,43,163.114872
-1403.6642,10,163.114994
-2364.246,29,163.127531
-1035.9197,9,163.127694
-1662.4355,11,163.127839
-2220.3403,24,163.171893
-579.47534,42,163.171965
-2477.687,5,163.185165
-1093.6819,6,163.213013
-476.2261,100,163.213075
-1961.6428,31,163.224874
-923.0922,50,163.236891
-2024.1267,26,163.268468
-1207.859,19,163.268572
-1062.1969,3,163.288981
22.830933,34,163.307463
-1101.58,13,163.307533
-1592.613,17,163.307549
-369.42578,40,163.38004
-1051.3436,2,163.380135
-1091.3671,4,163.380153
-1339.5718,15,163.415824
597.4201,32,163.442565
-1848.4517,5,163.442654
-1046.574,3,163.527299
-2018.8147,14,163.551705
-2023.2861,9,163.588606
-1147.1936,32,163.625038
-3264.9778,14,163.671616
-952.80743,3,163.717475
457.17737,39,163.752956
1261.3505,121,163.838466
-1061.6821,3,163.838525
-1283.3027,16,163.838537
-1785.8123,7,163.838544
-1549.1533,28,163.838551
-789.8042,10,163.899964
-2186.439,17,163.929592
-1303.5061,17,163.929881
-986.6219,4,163.965099
-1051.7808,6,163.965173
-874.7579,31,164.068033
-560.38226,36,164.068137
-776.0332,28,164.107155
-1177.2119,4,164.107248
-1269.2067,5,164.180978
-921.44086,10,164.212603
-1047.0884,7,164.232125
-1282.2847,37,164.298509
-2730.768,26,164.298614
-5204.3496,50,164.31797
179.32788,39,164.318438
-1207.618,9,164.379651
-1168.6376,3,164.379741
-963.94775,14,164.416178
-1977.1091,26,164.416262
-1113.0017,3,164.505572
812.9137,51,164.536018
-2366.651,15,164.578963
-1783.5515,16,164.60545
-1557.6809,4,164.655359
-1859.9678,13,164.701323
-2408.335,11,164.748042
224.27417,39,164.789872
-833.59,6,164.814668
-2622.651,50,164.81478
-1046.3512,7,164.814811
-1405.6807,13,164.849254
-3322.9104,13,164.87528
-621.63055,14,164.990654
-1000.42426,30,165.057532
-2661.5723,13,165.057588
-1012.8584,4,165.089684
-779.4183,9,165.124353
97.57092,40,165.149672
-1018.5334,3,165.149745
-1204.7207,16,165.235885
-1546.294,8,165.288171
-980.49286,3,165.31892
-789.18506,25,165.36619
-1078.4182,8,165.366277
-1515.616,50,165.409946
-1548.776,65,165.44156
-1060.7151,4,165.477284
198.24512,27,165.47736
404.64758,44,165.50493
-285.7171,124,165.504992
-1381.3839,28,165.557941
-23.969543,45,165.558012
-1021.0369,2,165.610727
454.68713,57,165.68111
-2493.7441,59,165.681195
-667.1322,5,165.714318
-984.66815,3,165.761722
-3483.8262,46,165.790398
-4968.831,153,165.878465
-812.22266,14,165.904512
-2155.7002,9,165.953446
592.3688,56,165.95353
-665.73834,41,165.970908
-1973.6533,22,165.996294
-1704.2812,10,165.996353
-1088.4609,3,165.996367
-1219.1566,22,166.030053
-3922.7764,48,166.044512
-1355.9412,25,166.044598
-993.59503,7,166.058708
-584.5792,17,166.102011
-648.067,23,166.102097
-830.16223,33,166.102113
-3817.314,31,166.135949
-1527.3479,11,166.136009
-578.3047,36,166.147834
-1501.5339,7,166.147904
-1098.8512,3,166.180527
-220.21582,49,166.180638
-821.68463,7,166.192017
-1376.6299,7,166.192101
-1374.4705,13,166.217352
-876.915,6,166.217421
-155.64758,24,166.24146
-3307.2876,52,166.256334
-2058.8018,6,166.256473
-1740.2219,20,166.256508
-497.3601,34,166.269215
1066.2719,54,166.269275
-1747.4584,14,166.280232
-1438.9119,5,166.280294
-2482.9717,8,166.294702
-1402.4177,11,166.294796
-1714.2189,24,166.310749
-1337.2424,22,166.330282
-1026.3495,4,166.330346
-941.883,3,166.342213
-537.29694,36,166.407498
-896.6636,19,166.451467
1372.9515,90,166.485499
-2802.855,7,166.485548
-1568.8064,7,166.485559
-1994.7646,10,166.485565
-1101.5762,6,166.48557
1642.3624,76,166.485575
-1076.7462,2,166.54403
-1084.729,3,166.603426
-960.9944,6,166.675873
-801.23816,18,166.809092
-722.4344,42,166.889298
-2101.9712,7,166.889361
-742.4042,20,166.889376
-840.93317,8,166.926838
-1414.9951,5,166.926921
-1519.0138,9,167.076403
-1137.7114,4,167.076473
-1653.1179,11,167.076487
-1997.9335,24,167.145646
-3894.7964,24,167.148452
-2126.4285,14,167.270347
-1705.2292,9,167.270544
-1161.0702,4,167.321966
-1120.248,3,167.322343
-1964.4113,9,167.41061
156.34283,46,167.445734
-947.3027,6,167.445939
-758.9031,71,167.478248
-2991.6235,11,167.47843
-3334.8752,10,167.525284
-1382.5441,7,167.552
-885.0111,9,167.582563
-1996.4348,32,167.582711
-1077.3834,2,167.670169
-895.4181,7,167.670305
-936.8085,7,167.670376
-1125.2981,36,167.701572
-2105.7349,44,167.735966
-1053.3053,2,167.736013
-875.5548,5,167.736024
-1165.0723,21,167.766086
-2013.0576,18,167.810998
-998.0469,2,167.844425
-1188.237,10,167.869186
3177.2915,140,167.92041
-1217.4863,5,167.920609
-614.10034,17,167.920708
-1018.3553,4,167.955241
-1571.2047,7,167.978736
-2532.578,12,168.025532
-1307.9747,5,168.046126
-1141.7721,32,168.077575
-1142.3171,7,168.108861
-1003.7942,47,168.108926
-921.5371,9,168.16331
-3126.78,60,168.193032
-1382.958,10,168.253213
-1575.5521,6,168.317531
-3011.2246,16,168.317615
-2200.964,21,168.317633
1130.6215,60,168.343445
-1886.3264,14,168.34351
96.021484,30,168.343527
-2968.1108,30,168.343534
-1688.4878,13,168.343541
-1377.0853,10,168.343547
-1885.0975,5,168.343551
-1618.6571,32,168.343556
-1695.8237,65,168.356817
-1722.7319,12,168.369347
-1042.1239,3,168.3694
-3211.811,28,168.397913
-930.3844,7,168.461197
-507.1066,31,168.472788
-2496.3108,33,168.593389
-1728.291,11,168.619772
-1352.4857,12,168.619843
-544.3312,62,168.619861
-1041.7468,2,168.655772
-1688.5544,12,168.655829
-833.4238,22,168.674552
-565.8472,26,168.698197
-1487.8596,14,168.709303
-1989.4053,18,168.734952
-1423.7303,8,168.747531
-1125.3533,19,168.747614
-820.6095,19,168.74763
-1390.0837,11,168.762089
-2900.1284,9,168.76218
-1021.3279,2,168.773606
-941.4383,7,168.78601
-1592.4824,5,168.803814
-1392.9885,10,168.804005
-1452.0787,4,168.821121
-1218.2495,12,168.832664
-884.3154,7,168.862236
-586.3583,26,168.862304
-450.08508,68,168.862321
-259.68207,27,168.873988
-956.6184,19,168.874075
-1167.9502,4,168.887486
-1662.1476,12,168.887554
-384.04956,65,168.910617
-2452.3857,30,168.910736
-1091.8533,4,168.910754
-391.81177,138,168.922968
-1433.3503,50,168.923045
-931.0837,10,168.942249
-1202.3853,5,168.942327
-1473.9849,30,168.942345
-3329.9644,6,168.955707
-1299.7446,10,168.955746
-1037.6184,2,168.955757
-952.36664,5,168.955763
-1608.6663,15,168.97257
-1040.2649,2,168.992645
1062.2043,37,169.005377
-1092.8696,5,169.005438
-2679.5115,52,169.005454
-1967.0547,13,169.035765
-1175.627,6,169.035815
-1506.0391,8,169.035841
-1056.3064,2,169.05993
-987.10144,11,169.073002
-1127.1617,5,169.073073
-1096.588,3,169.073091
-1682.1703,16,169.08771
-1091.4747,7,169.102741
-2168.5195,8,169.114444
-1091.6224,3,169.114511
-669.0296,23,169.139771
-1297.681,13,169.16086
-4341.648,16,169.172783
-888.5313,5,169.172844
-1153.3083,4,169.172867
-976.93414,2,169.19923
-2584.3257,11,169.222492
-1149.1096,49,169.241366
-1101.2317,5,169.241455
-589.31854,33,169.253543
38.68701,21,169.253605
-1176.9958,9,169.263753
-419.0993,24,169.278321
-2112.5332,7,169.292171
-1088.4803,5,169.304311
-3378.838,31,169.315583
453.7588,45,169.315663
-1290.1348,14,169.342208
-1031.2245,2,169.342596
-1025.7296,8,169.355928
-924.6156,21,169.356004
-886.4281,8,169.356022
-1761.5521,6,169.377769
-1134.8993,3,169.400033
-1608.7781,13,169.425466
-1138.1078,6,169.482097
-451.5053,30,169.497599
797.7517,50,169.497677
-5434.095,22,169.497707
-337.00458,42,169.525504
-339.4886,65,169.525589
496.99615,38,169.537325
-1159.7175,4,169.548562
-1209.1348,5,169.56583
-1693.3357,24,169.578519
-2493.177,17,169.57859
-1094.8419,5,169.590228
-918.277,6,169.603558
-625.43994,16,169.603622
-857.5577,18,169.614285
-1892.4756,18,169.625526
-721.80865,48,169.637133
-1209.9912,20,169.649303
1596.3159,58,169.675983
-3126.6377,14,169.709744
-1208.9691,10,169.732681
-2776.6597,11,169.732766
652.6391,28,169.773563
-1253.7389,17,169.792823
-1881.4501,4,169.792882
-2020.7117,12,169.792897
-1024.1619,2,169.805132
-2701.4683,10,169.805193
-3138.5361,41,169.835372
275.87238,40,169.835432
-1610.0123,28,169.862276
-1560.6987,24,169.862348
-302.36975,66,169.874614
-959.78015,3,169.874704
-1058.6277,6,169.888079
-1544.0166,7,169.888152
-1446.6228,3,169.908611
-920.3306,4,169.908718
1307.5405,59,169.92112
-377.998,27,169.941643
-1155.5317,30,169.95227
-2077.6362,13,169.952308
-1802.9819,69,169.962897
-747.85443,33,169.976736
-1043.812,3,169.976814
163.24988,43,169.988523
566.63153,40,169.988599
-1042.0312,2,170.001289
-1961.7988,19,170.034876
-1376.5145,10,170.05777
-914.9561,13,170.057852
-1479.896,7,170.057865
14.660034,36,170.057872
-651.614,34,170.086175
-1123.2181,5,170.086235
-2167.7979,14,170.111051
-967.475,4,170.126702
-1425.8062,17,170.126772
-1086.006,4,170.12679
-1492.5396,9,170.137915
-1055.1068,2,170.165038
-1218.6732,10,170.165097
-2379.872,34,170.176615
-749.3588,7,170.176932
-1229.4702,10,170.191617
-1079.9551,2,170.191692
-2179.601,6,170.204441
-1120.5046,4,170.228132
-354.47235,31,170.228201
-1018.5936,6,170.242414
-1019.7297,2,170.256139
-1903.7341,5,170.256209
-1609.541,8,170.289376
-1909.1982,22,170.289455
-1082.0958,5,170.308912
-1256.4147,32,170.309018
-1350.8239,8,170.309044
762.109,34,170.309052
-1102.3643,4,170.322213
-1078.9672,3,170.334097
-437.36517,32,170.364981
-5229.452,78,170.389029
-979.48505,7,170.401605
139.49341,29,170.401687
-904.62463,6,170.413113
-3369.6724,14,170.479858
-940.55963,4,170.492829
-112.01721,62,170.518593
-1132.0923,3,170.518678
1173.8701,102,170.518697
-2741.414,12,170.548345
-1019.5552,2,170.548424
-2144.309,34,170.559631
-3312.0667,16,170.559698
-2253.1357,19,170.583802
-806.6853,19,170.583881
-1273.9912,7,170.5839
-1177.9889,5,170.610029
-1040.1866,35,170.627464
1095.4208,46,170.627561
-537.5872,36,170.645671
-1191.5048,7,170.67319
-2423.378,10,170.673312
-1069.5983,66,170.693341
164.08374,42,170.693517
-1021.36285,3,170.693538
-282.97437,30,170.710337
-1470.8457,20,170.727929
-1074.0234,2,170.764152
-1495.939,8,170.777605
-950.58655,6,170.777696
-1394.8508,4,170.777714
-1582.3118,6,170.790391
-1320.9419,37,170.790501
-1049.2074,2,170.812427
-1051.8544,2,170.824887
-1689.8608,5,170.825103
-1652.7638,34,170.836336
-1814.1477,9,170.847794
-1291.2012,12,170.84786
-925.6029,20,170.876382
-1106.7003,8,170.876451
-1580.5234,6,170.903753
-1703.9653,10,170.936471
-991.19244,2,170.948654
-993.6033,2,171.018511
-888.7574,6,171.018598
-1141.9908,8,171.018618
-326.3404,58,171.093504
-675.21594,20,171.093547
-649.3724,38,171.093557
23.957153,32,171.152385
-846.779,18,171.209279
-1376.4841,9,171.209407
-3478.8333,31,171.209421
-1122.3828,6,171.209428
-1769.1793,5,171.228068
-1058.0593,2,171.256344
-1063.9071,2,171.283108
-2204.5188,32,171.283175
-2894.1406,15,171.283193
-2159.502,11,171.305131
-2233.333,11,171.30519
-998.3093,6,171.317901
-1786.6005,10,171.318265
-1125.1534,3,171.318296
2945.9473,87,171.35253
-1147.4613,4,171.37724
-315.93384,39,171.410387
-1817.6432,14,171.410584
-1078.9996,2,171.457615
-1434.1055,16,171.538831
-1177.4806,7,171.539001
-1127.3738,14,171.564026
-1942.439,8,171.58478
-1067.555,2,171.628798
-1061.957,13,171.6292
-1699.2922,67,171.62938
-1160.3672,4,171.657199
-1025.7365,2,171.712849
-1259.5403,37,171.713102
-469.3004,35,171.713129
-3081.966,45,171.753802
-915.30835,4,171.807403
-337.38745,39,171.858401
-1172.3495,12,171.858453
-1012.8595,2,171.923886
-532.78796,44,171.970702
-326.35492,47,172.018838
-1338.8102,9,172.06329
-1441.9109,25,172.102899
-982.47266,4,172.103061
-1983.7383,15,172.133902
-1774.8561,12,172.13411
-999.34705,3,172.259513
-1366.8003,28,172.259704
1984.6107,63,172.259797
-1368.9742,17,172.295063
-2351.302,8,172.295268
-1189.1279,8,172.316113
-834.25415,14,172.352017
1467.0627,101,172.352258
-1071.3955,2,172.364654
-1289.4093,4,172.384743
-1306.3562,8,172.384988
-867.8894,3,172.414473
-1204.2372,10,172.414627
-1398.481,12,172.454528
-1181.2834,9,172.517043
-1036.7343,3,172.517202
-1160.6447,5,172.533134
-985.1863,11,172.533364
-842.336,6,172.563284
-808.58435,8,172.573859
-1074.2383,3,172.573915
-949.06635,46,172.603149
-1190.4751,5,172.62598
-1098.5951,6,172.640929
-1012.5343,2,172.641006
769.77637,43,172.641023
-951.5082,4,172.641032
219.48956,52,172.656231
-158.96228,50,172.656302
-1088.4158,2,172.656317
-481.53354,29,172.677409
215.06195,55,172.677541
-2668.6826,16,172.700674
-955.15375,8,172.714758
-1013.25726,3,172.745928
-1005.1519,5,172.746001
-1098.4717,7,172.76513
-1596.8894,7,172.765196
-1498.0586,7,172.765211
-1058.6987,2,172.778592
-999.41644,25,172.778651
-1011.98694,37,172.778667
-685.8511,27,172.809575
-1034.991,4,172.809699
-1144.6545,4,172.825619
-2882.2117,103,172.825697
-1468.3264,5,172.837511
-1088.916,3,172.850896
-1101.1993,3,172.865643
330.19025,28,172.865741
-1132.4364,13,172.865762
-778.40607,14,172.909629
-1053.0403,3,172.92163
613.37476,47,172.921707
-1022.3839,2,172.969172
-3638.6636,64,172.969233
-1072.9983,5,172.969248
-88.61218,27,172.98135
-984.9552,4,172.981412
-1890.338,41,172.981427
-2136.1084,12,172.981435
-1038.096,2,172.994665
-1440.685,12,173.006089
-1530.2014,22,173.006149
-2242.6597,9,173.018056
-924.6245,4,173.018121
-1243.8766,5,173.03157
-1021.9439,2,173.031643
-3590.975,55,173.046118
-1026.2153,3,173.046195
-1626.4636,14,173.059212
-1990.8867,7,173.070465
-808.91644,19,173.070535
-3299.2153,21,173.08493
-1845.6774,34,173.097704
-1669.4038,10,173.11105
-894.8407,7,173.111126
-1060.9463,5,173.111154
-858.9662,7,173.128387
-964.12897,3,173.128471
-1326.6196,10,173.128488
-2811.3296,23,173.128496
-1018.5711,2,173.158304
-1419.4783,8,173.19435
-858.2427,8,173.194478
-1084.4401,5,173.194496
-828.2977,25,173.208348
-1468.477,7,173.208409
-2859.6653,11,173.220233
-1333.3186,25,173.239577
-5183.8906,21,173.239661
-1054.9514,4,173.26841
-1086.318,6,173.287623
-1909.7761,10,173.2877
-1558.0927,8,173.287716
-807.732,37,173.287723
-1310.9702,17,173.309739
-1017.056,2,173.309829
-1058.0284,4,173.309848
-997.39594,6,173.309857
-2712.2888,41,173.321204
-1043.9905,2,173.342665
-2052.8838,25,173.361194
-978.136,3,173.373689
-2326.298,18,173.405595
-1433.301,7,173.405696
-1018.47943,8,173.427906
-1134.6938,8,173.427994
-1306.8396,5,173.42801
-2265.667,19,173.441037
-1433.4169,4,173.4411
-975.3893,3,173.459516
-856.8159,6,173.459585
-1999.973,52,173.489242
-910.81177,6,173.524961
-871.42786,8,173.543456
-3932.016,16,173.564304
-857.03735,9,173.580584
2090.316,90,173.593971
-902.3015,4,173.594063
-1866.4669,23,173.603336
-2945.514,39,173.61789
-1060.7086,2,173.617972
-1816.6411,11,173.61799
-1667.0608,22,173.630332
-1556.5514,7,173.654791
-1849.4679,12,173.654867
-613.9837,43,173.6778
-881.67426,6,173.709419
-2681.8623,34,173.709512
-1078.9576,8,173.722826
182.75873,52,173.756048
-2820.395,44,173.792903
-923.1037,13,173.804231
-1452.481,3,173.832057
284.55817,41,173.851938
-1377.1791,9,173.876155
-2298.35,92,173.892577
-634.7047,21,173.90389
-1236.2987,16,173.903976
623.8104,34,173.935022
-1588.7595,20,173.973015
-545.3473,39,173.997205
-1340.1768,20,173.997274
-2611.0698,26,173.997291
-1194.7341,3,174.011017
-955.3511,8,174.011081
-1363.9751,46,174.011097
-4364.6167,40,174.025069
-993.7718,8,174.025142
-977.4708,3,174.036563
-1432.2148,3,174.046734
-1091.9196,3,174.066818
-1093.1643,5,174.066876
-984.8188,5,174.066891
-1891.157,13,174.104079
-1016.71014,2,174.104137
715.58875,45,174.130645
-1654.3452,5,174.130719
-2369.9102,8,174.1514
-643.0773,29,174.163412
-991.25336,8,174.187476
-5012.948,58,174.18754
-1039.5762,5,174.200101
-1012.56915,12,174.210839
-898.9663,8,174.234363
-951.1254,4,174.234424
-1166.8997,4,174.249165
582.5092,46,174.249255
-1363.9604,10,174.292339
-968.76044,3,174.292406
-999.1361,42,174.346561
-1574.677,42,174.401302
-2397.19,9,174.401377
-1297.8638,14,174.401392
-1061.664,7,174.401401
42.563477,27,174.422519
-2666.1035,5,174.438605
-1481.363,15,174.464827
85.896484,40,174.478282
-1381.8503,41,174.478387
-1078.2804,2,174.516022
-1085.673,3,174.51612
-5242.117,16,174.516147
-1102.1204,6,174.528629
-2511.964,48,174.547583
-3232.7236,16,174.547668
-1644.7119,32,174.561217
-1147.0232,6,174.561312
-1207.7921,4,174.608779
-911.6759,9,174.633555
-1198.6135,4,174.660576
-238.31445,38,174.674454
-1673.7512,10,174.699632
-1291.5002,20,174.699708
2604.4517,77,174.699723
-1473.2279,30,174.713369
-1263.032,11,174.713419
-1666.3884,38,174.726205
-1387.4413,16,174.726298
1336.4033,49,174.739802
-2074.6045,8,174.73986
-2081.9001,17,174.756316
-659.9586,4,174.756385
-2015.9236,8,174.773596
-1266.8816,23,174.773662
-1063.8794,2,174.773679
-1111.6781,3,174.788032
-1164.7471,21,174.80049
-4091.6394,19,174.811711
-1073.916,3,174.8118
-1164.9457,3,174.824137
-1623.0194,9,174.837313
-1416.1792,85,174.879105
-1267.0686,13,174.879195
-1301.1925,112,174.87921
-2335.8535,8,174.879215
-1836.6475,12,174.925635
-973.82367,36,174.925691
669.00446,36,174.925705
-52.022217,72,174.942688
-1059.3973,2,174.96062
-538.5257,121,174.960697
-4040.477,17,174.982413
-1027.1638,15,174.982524
-1761.8455,18,174.996407
-1719.0942,7,174.996515
-1749.0745,13,175.008235
-963.2886,5,175.008323
-1234.0571,7,175.034924
1499.2732,75,175.045528
-754.55695,5,175.045603
-861.375,8,175.061557
-2759.3384,65,175.061614
-3108.877,12,175.061627
-1018.8752,7,175.073744
-1909.436,4,175.08692
-1011.45856,2,175.103813
-1244.8796,22,175.113884
-1318.3381,17,175.128551
-1740.5594,5,175.128618
-463.07977,32,175.128633
-2819.2397,11,175.140815
-979.1167,7,175.153375
-2506.513,19,175.153429
-1070.622,3,175.175889
-1044.8677,15,175.22397
-1001.29047,4,175.254431
-1280.2065,38,175.268394
-1103.0579,59,175.268468
-1044.8262,2,175.296047
-978.5799,31,175.296118
-1465.2451,14,175.346097
-2219.516,9,175.384495
-2900.2812,16,175.397562
-1101.4553,2,175.408564
-2263.7993,12,175.446615
-3318.9495,52,175.455599
-1037.7778,4,175.468604
-2108.104,26,175.468665
-1084.484,3,175.498621
-846.3119,25,175.498677
133.83105,21,175.528597
-1572.8478,9,175.528678
423.30792,32,175.528696
-3310.892,40,175.541429
-1077.0214,3,175.541543
-1063.6989,6,175.560558
-328.21802,31,175.571923
-1114.6838,4,175.700994
-1083.8943,6,175.723996
-1824.1831,7,175.724056
-1366.0583,44,175.735918
-1056.1792,8,175.735981
-2447.4756,60,175.786399
-1279.9199,11,175.786482
-1069.923,8,175.786498
-772.73474,7,175.796643
-1842.7987,12,175.829077
-1617.2158,9,175.859809
-1082.3092,3,175.873199
-824.67834,23,175.873293
-1123.5066,34,175.891421
-1018.8301,4,175.92574
-856.1566,38,175.938357
-2695.9724,15,175.952829
-1045.422,2,175.985379
-1440.5052,9,175.985451
-2102.8594,15,176.005813
1257.0214,79,176.017757
-2472.3237,9,176.017805
-978.0101,29,176.017817
-1086.6066,3,176.029687
876.9839,54,176.050999
-1350.4104,45,176.101856
-688.32605,21,176.114896
-1643.6904,11,176.114968
-1318.378,8,176.151129
-1449.2682,24,176.151184
669.36694,69,176.163632
1358.6783,66,176.176024
-1046.4794,3,176.200813
-1149.1151,3,176.200888
-1399.2144,11,176.200906
-1081.3109,2,176.234982
-1107.4783,75,176.269862
-2918.891,33,176.29651
-909.03394,6,176.296587
-1566.961,19,176.325626
1167.2788,85,176.325693
-1664.0065,14,176.340342
-2835.462,11,176.357279
-1127.737,6,176.357349
-2310.3918,16,176.357364
-2672.4553,15,176.357372
-2855.984,78,176.397168
-1017.7616,4,176.412893
-716.54834,32,176.423148
-1098.8318,3,176.447557
-1095.1617,2,176.447655
-1087.957,7,176.447684
-2377.3535,39,176.465096
-1266.8535,9,176.465187
-0.77337646,21,176.482259
-742.1639,50,176.482343
-776.0499,49,176.482362
-1057.9446,2,176.502284
421.29718,29,176.502739
2917.8562,107,176.524429
-641.9295,19,176.524508
1216.5869,97,176.537935
-1036.1045,5,176.538007
-360.94733,22,176.538023
-3817.225,17,176.551966
-1015.94965,13,176.552083
-1241.3134,5,176.568937
-880.60504,7,176.569022
-626.0265,5,176.586257
-1079.231,5,176.586326
-924.1242,3,176.621336
-1273.0436,4,176.621408
-1059.686,2,176.621424
-1479.1016,23,176.648579
-1065.8264,6,176.648649
-2647.853,11,176.669415
-1217.6332,8,176.669502
-1256.5663,10,176.683398
1409.2196,73,176.683476
-925.5822,5,176.696
-36.515747,44,176.696071
-957.85956,2,176.696094
-3658.163,11,176.696103
-1070.7207,3,176.714482
-1956.3982,26,176.732258
-815.6187,16,176.745882
-1499.682,13,176.745983
-1059.036,4,176.766593
-1020.6522,5,176.766679
-2062.1348,5,176.778739
-4771.6494,29,176.778834
-3048.7598,12,176.778852
-1079.8461,2,176.791749
-978.4501,2,176.804671
-1242.198,6,176.81983
-1897.563,8,176.832673
-354.70056,24,176.832769
-1207.8593,55,176.893496
-1986.0266,29,176.923743
-924.07275,10,176.939387
-3808.5806,35,176.939445
-2106.608,12,176.955096
-1526.254,10,176.955266
-1137.6296,12,176.955297
-823.2749,18,176.975525
-1038.3949,2,177.01211
-192.34753,22,177.012185
-1486.0525,5,177.035906
-1319.89,7,177.03597
-482.69965,21,177.050775
-1034.313,5,177.050824
-1111.1919,13,177.077831
-1038.9266,3,177.113366
-1396.3092,28,177.113454
-2160.2314,46,177.126106
-1031.8494,5,177.126184
-1024.2178,7,177.126201
-1084.3822,2,177.165725
-2192.5835,35,177.184561
-2438.81,6,177.215588
-1440.1696,13,177.228792
-1056.5365,8,177.25162
-1133.75,3,177.26427
-1018.02,8,177.264385
-1117.8589,3,177.286131
-1016.2394,2,177.305666
-1307.668,35,177.30571
-1815.7626,11,177.316319
-1149.9114,4,177.331772
-2689.57,20,177.332958
-1366.1924,18,177.33299
-965.94696,3,177.343891
-1132.8595,3,177.358308
-2070.534,11,177.358392
-2581.976,14,177.380577
-997.5522,8,177.402897
-2525.0679,10,177.416062
-2437.6562,23,177.416119
-1016.2951,3,177.454959
-1023.83887,7,177.45506
-1728.8304,9,177.455078
-130.69,36,177.455084
-1824.7854,15,177.474075
-1097.4973,3,177.507243
193.28467,40,177.50731
-1436.439,30,177.52476
-1196.5481,5,177.548887
-1153.5049,4,177.572125
-1118.8997,11,177.595237
-1086.0315,21,177.642887
-1040.7874,3,177.642949
-1189.245,8,177.654891
-1986.2845,14,177.669126
-1314.5679,13,177.66919
-3159.0222,22,177.669207
-2508.8608,15,177.680525
-1054.8179,2,177.693408
-900.68066,12,177.693454
-1045.9581,5,177.715615
-1410.0106,60,177.74977
-2700.1052,6,177.749865
1697.895,67,177.749891
-1138.4508,5,177.749898
-3329.5757,75,177.763041
-911.5892,4,177.763111
-296.86383,29,177.763127
-1524.8992,18,177.775
-1044.2429,9,177.812301
-1421.9608,67,177.829745
67.76404,68,177.852225
-1408.1792,10,177.87033
-880.4396,7,177.870391
-1202.7192,9,177.900958
-1881.4885,4,177.929581
-1071.9985,14,177.92965
-991.3053,2,177.929665
-840.6315,54,177.949509
155.97302,33,177.949593
-520.286,56,177.964231
-1093.3103,9,178.002528
-1422.1788,14,178.002623
-1102.685,85,178.015581
-1300.7183,5,178.015661
-3359.7783,14,178.015681
-1879.8774,22,178.029144
-1088.0869,41,178.029224
-1267.7126,18,178.048099
2201.5332,61,178.048167
-860.87964,5,178.048182
-973.42255,7,178.060231
-1078.2441,3,178.060294
-934.2219,3,178.060322
-1327.7776,27,178.073465
-1842.7969,5,178.073565
-1584.7651,10,178.090871
-1055.7408,4,178.10799
-1053.9879,3,178.123484
-457.4253,23,178.123577
-856.0419,6,178.141535
-2347.9678,16,178.141869
-3015.93,9,178.215421
-3264.463,57,178.263627
-1026.3644,31,178.277917
-896.01624,17,178.294821
-1008.21924,17,178.313476
-1415.0465,26,178.313546
-3043.392,24,178.327988
-1434.0747,4,178.328081
-1651.615,13,178.348477
-1567.5752,16,178.37041
-1175.118,14,178.370494
-772.2831,13,178.370507
-1051.6377,2,178.401864
-981.9259,6,178.401934
-989.0587,5,178.424722
-2036.6378,12,178.424798
165.00745,26,178.454826
-1471.0593,23,178.466709
2371.9407,152,178.478414
-911.9286,6,178.498366
-2727.0383,6,178.498428
-990.16583,8,178.521797
-1163.3038,11,178.521967
-1336.7194,10,178.522001
-2171.1406,10,178.546893
-1345.2078,9,178.577479
-1996.6555,8,178.644549
-192.89209,48,178.644614
-1947.2695,11,178.671871
-1036.527,2,178.67195
-1598.092,9,178.689524
-1667.9729,23,178.68961
-1663.9734,7,178.689628
-791.92413,22,178.689636
-1247.2742,37,178.703295
-3524.0679,16,178.70339
-1056.4506,2,178.716563
-894.8258,17,178.727476
2791.845,72,178.741004
-2594.2236,20,178.741067
-843.1266,5,178.752539
116.02356,50,178.772418
-1095.7559,3,178.797554
-1771.0758,46,178.809875
-2838.1533,23,178.823736
-1575.619,8,178.836246
1010.7395,47,178.868295
-1261.1257,9,178.868366
-886.22784,25,178.868383
-2421.9321,12,178.885512
-3220.9863,70,178.885588
-1715.5938,53,178.898096
-906.12366,6,178.898177
-2695.1975,17,178.921535
-1020.75885,5,178.933647
-1034.166,7,178.933722
-1092.1863,3,178.969906
-1125.2764,3,178.983883
-1690.7216,16,178.997981
-1330.6672,9,179.008508
-599.135,27,179.022501
-1268.2893,9,179.022604
-1917.3293,57,179.041453
-1133.8423,5,179.085261
-1615.7053,27,179.085352
-1038.3201,3,179.085369
-1043.153,5,179.097323
-991.9115,9,179.109105
-1190.7239,20,179.120926
-1853.4136,32,179.133581
-1152.5251,4,179.133671
459.46436,51,179.144913
-1016.736,2,179.157145
-1058.6378,4,179.185596
-975.6208,6,179.185695
-2193.0828,6,179.211545
-1151.4729,5,179.232463
-437.07245,49,179.243968
-1775.0251,10,179.244052
-1624.5496,4,179.254948
-2140.6287,39,179.266903
-1289.1067,25,179.266978
-728.49567,20,179.287213
-1124.8381,14,179.287306
-368.26135,30,179.316404
-1134.4607,3,179.326883
-1852.9441,6,179.326932
-1124.1771,21,179.356223
-1804.8989,6,179.369601
-1457.3334,39,179.369673
-737.2175,23,179.36969
-1332.8268,50,179.399577
-954.70233,6,179.399647
-1095.5599,3,179.413122
-2419.0552,13,179.467562
-1091.8389,4,179.467642
-1101.2515,39,179.467676
-1401.5659,9,179.509139
-1418.4617,7,179.521431
-932.86395,10,179.535804
-1096.631,2,179.535899
-1462.4707,4,179.535917
-1094.4832,2,179.549012
-660.73303,26,179.559851
-837.27,33,179.572109
-1528.0414,42,179.572178
-2479.4287,24,179.593438
-1745.0161,16,179.608883
-967.1191,5,179.608952
-995.0002,2,179.622846
-1954.294,29,179.622952
-2034.8882,14,179.676146
-1295.6542,10,179.67624
-530.53973,64,179.689457
2115.2974,67,179.689582
95.06622,31,179.689605
-1075.7136,3,179.710102
-2903.3643,20,179.710172
-2137.0225,19,181.931406
-4281.5527,38,181.960976
-2240.1968,10,181.961046
-1047.446,7,181.982943
-1387.2961,11,181.982989
1884.0162,86,181.983001
-1006.1424,3,181.98301
-2432.4648,13,181.997068
-1319.4658,9,182.015421
-930.1145,7,182.015497
-860.81934,8,182.02708
-3349.5876,23,182.077385
-1047.092,3,182.077531
-1925.0753,13,182.077552
-860.7729,7,182.108373
-877.19763,5,182.108475
272.08344,39,182.119509
-1196.8776,11,182.146312
-3.3513184,47,182.185916
2002.064,128,182.228437
-1952.0002,27,182.242728
-1345.3904,15,182.2428
-775.496,22,182.242816
-2643.5679,52,182.263494
-749.00073,47,182.26357
-938.35974,4,182.263586
-1431.1002,10,182.276357
-1690.3738,35,182.276416
-2865.664,32,182.276431
-1696.4824,11,182.301169
-1301.0049,16,182.334109
-913.2959,6,182.334193
-2297.4312,23,182.366019
185.38196,26,182.391984
-2761.461,26,182.409062
-997.01685,9,182.409138
-1734.2295,10,182.409154
-2845.1006,89,182.434223
-1613.3169,7,182.444238
-1233.1372,24,182.459261
-653.5154,26,182.459337
133.6369,25,182.472026
-1192.1294,13,182.472084
-1097.8616,4,182.472109
-1067.0443,5,182.472117
-852.3302,24,182.48476
-1863.54,14,182.484847
-1141.6663,5,182.484872
-1046.5558,2,182.518703
38.886597,50,182.530156
-1720.8582,19,182.549448
-1050.5255,4,182.549521
-1076.7725,2,182.562794
-1134.1578,7,182.562853
-981.8016,10,182.56287
-1064.7802,22,182.593718
-1535.9365,8,182.59381
-2831.6013,8,182.615697
-2013.2615,24,182.636086
142.64227,29,182.636158
-1024.2368,4,182.646031
-1072.3218,2,182.646094
-985.11566,4,182.682567
-1133.5487,3,182.682637
-1027.0242,17,182.692245
-776.9278,8,182.711269
-1063.4991,2,182.723112
347.01172,31,182.745728
-1371.6233,12,182.770314
-2303.1587,5,182.770405
-2024.8257,18,182.770418
-914.9179,10,182.783514
-1141.2854,15,182.807888
-831.6527,16,182.807956
-1011.2026,7,182.822375
-982.15424,2,182.847312
-3080.68,19,182.847367
-2014.9221,8,182.847382
-1553.883,14,182.847387
-992.1317,2,182.880908
-1027.486,2,182.880993
-1419.4281,3,182.900845
-1488.8478,3,182.901039
-1127.0317,14,182.901068
-1043.7631,7,182.921808
-2447.5356,38,182.936645
-1111.3024,3,182.949641
-313.77057,28,182.967688
-406.43646,76,182.96775
-1027.5852,2,182.986582
-1639.4415,12,182.997075
-1537.7988,18,183.029307
-1881.0095,4,183.029374
-2005.6508,36,183.040122
-1296.7986,7,183.052472
-2687.125,12,183.052557
-427.4353,22,183.080353
-979.62054,7,183.08042
-3510.8677,13,183.106313
-1888.4517,24,183.117194
-2019.7317,12,183.128175
-190.93585,60,183.141736
-1006.8795,7,183.153994
-1160.7432,4,183.169362
-3001.9526,50,183.207264
-1038.0721,2,183.234169
-1036.3605,5,183.234234
-3689.5166,51,183.247961
-655.03754,60,183.268445
-1090.2625,4,183.281303
-968.636,17,183.301694
-1674.6284,40,183.33043
1039.7405,50,183.330506
-872.79706,17,183.330522
-972.4763,4,183.362265
-733.0589,15,183.387174
-1900.5791,7,183.387263
-329.722,62,183.396853
-265.87457,37,183.412606
-1046.2666,3,183.429433
-80.40289,28,183.455081
-1430.4578,22,183.455146
-1590.0631,15,183.455162
-1789.2987,12,183.455168
-1445.4077,4,183.46581
-1836.7361,9,183.465884
-888.9056,16,183.479226
2389.8462,79,183.506209
-127.37915,28,183.506268
-1826.5964,3,183.506283
-2072.7688,12,183.534907
-1117.8545,4,183.535038
-1104.7793,2,183.550899
-620.036,46,183.587067
-989.61664,3,183.587111
-86.41748,55,183.61007
2922.1357,104,183.634968
1115.0863,46,183.635047
-2570.743,39,183.635062
-1041.7498,4,183.668789
-2929.4116,13,183.66886
-1139.279,10,183.668878
278.0036,39,183.701852
-1072.003,5,183.701936
-2675.4053,22,183.724234
-1513.6086,54,183.724307
-1693.1213,17,183.741578
-1436.0026,14,183.741854
-1137.8448,16,183.741895
-1772.7747,23,183.778751
-3017.143,48,183.778966
-1934.4999,4,183.799167
-990.2935,6,183.814167
-1224.9229,8,183.814253
-1036.4473,4,183.814268
-1020.19617,2,183.814276
-2044.7173,11,183.814281
-2417.0352,19,183.879212
472.66437,23,183.908612
-1459.3384,5,183.933454
-1121.9172,6,183.945247
-2672.7246,10,183.945338
-1931.509,12,183.957244
-1017.47174,7,183.957301
-1382.0184,15,183.957318
-1086.6304,19,183.970136
-1108.2761,10,183.994644
-2609.8616,15,184.009717
-1191.7909,33,184.009803
-929.13196,14,184.027686
-1064.6272,5,184.049721
-1832.3103,8,184.064953
-2.6479492,27,184.065034
-1204.0244,9,184.101559
-1773.6217,12,184.122941
-1881.8518,10,184.123071
-1226.8167,7,184.135038
-1091.125,5,184.149154
-1605.64,14,184.16336
-1500.8002,13,184.163442
-3170.263,35,184.188805
-1080.7252,7,184.223387
-628.54626,45,184.234738
-1185.7953,8,184.23482
-964.22144,16,184.257895
-1001.0236,2,184.281514
-1915.5289,13,184.333368
-1388.8945,8,184.333451
-3586.0903,51,184.34367
-2368.3994,58,184.354844
-1390.862,11,184.369335
-1002.0351,3,184.369396
-59.112976,28,184.399246
-2692.6152,16,184.532863
-863.6658,46,184.532953
-1539.4431,13,184.564387
-1084.8866,7,184.564472
1791.3612,72,184.580621
-1221.8739,9,184.580684
-1398.0919,23,184.609588
-346.7782,49,184.64491
-1976.4751,34,184.644972
-1295.4188,90,184.64499
-2476.4336,30,184.644997
-1277.9963,9,184.658348
-573.82513,46,184.678439
-1252.9716,31,184.691577
-1401.758,4,184.704961
-860.1036,14,184.705045
-1109.1334,4,184.717087
-190.58295,37,184.717147
-1540.1465,10,184.717173
-622.18054,41,184.729007
-2142.3777,21,184.729081
-1012.02783,3,184.773412
-962.2948,4,184.773506
-1126.2732,12,184.773524
-958.558,4,184.799081
-698.5883,10,184.799126
-1014.1139,5,184.799137
-1037.5685,16,184.829159
-931.9817,8,184.829206
-958.8679,23,184.829216
580.3827,48,184.849161
-1152.518,5,184.871256
-1821.3914,10,184.871353
-1038.122,6,184.884462
1743.066,62,184.898719
-947.15735,7,184.898802
-1770.1577,46,184.916688
-1556.7018,4,184.928576
-759.82104,26,184.928642
-1517.8206,8,184.928659
-1104.4266,4,184.94088
-1856.6025,8,184.940937
-1385.9529,9,184.940952
-1599.1367,4,184.955088
-2154.295,70,184.976506
-4323.4897,15,185.019429
-2148.3145,6,185.035236
-3258.3972,15,185.035297
-1273.039,12,185.059958
-2418.8086,17,185.071969
-1013.21356,3,185.072019
-2841.1216,10,185.072031
-3306.9717,37,185.107437
-886.3964,6,185.10753
-793.271,5,185.126356
-1219.7904,34,185.135597
-786.4281,31,185.149479
-1579.1536,6,185.149585
-763.9709,18,185.149603
-1221.2208,5,185.160876
-3843.1462,50,185.180291
-1467.9365,37,185.192417
-1159.9348,4,185.192484
1610.4944,95,185.1925
-812.5094,9,185.226163
-1053.2318,4,185.236742
-879.0547,15,185.258848
-1924.0845,30,185.330206
-4111.077,14,185.330266
-935.2174,11,185.341834
-856.55444,11,185.341922
-1803.1628,32,185.35868
272.18335,47,185.369407
-128.89795,53,185.382259
-1900.531,35,185.382324
1399.5668,59,185.382339
-1125.6323,5,185.39566
-1035.4624,6,185.477658
-1391.2258,17,185.477742
-637.4661,27,185.500496
-1456.8503,11,185.528506
-669.9222,34,185.540477
-2313.125,48,185.55137
-1054.5828,49,185.564803
-1376.1692,7,185.564871
-925.47485,9,185.597455
788.7448,59,185.61609
-1030.4965,6,185.642315
-1709.1807,29,185.642397
-986.8973,5,185.642415
-1128.4866,7,185.642423
-2094.4368,36,185.661657
-1462.1387,43,185.661736
-1115.8005,4,185.676673
408.08136,23,185.676751
-2126.7412,23,185.701031
-1082.4537,4,185.717202
-2138.503,25,185.717259
-1046.547,7,185.741934
-1011.63934,2,185.741994
-106.73334,30,185.756229
-3613.8516,57,185.756289
-1918.1714,6,185.756305
-4306.2046,53,185.756311
-1022.9714,2,185.781054
-1578.0126,6,185.781119
-860.66034,4,185.795127
-1198.8646,4,185.808212
-642.57086,23,185.855313
-1190.5479,4,185.867142
-1349.5112,15,185.87694
-1523.792,49,185.950979
-1566.4955,6,185.951069
-1051.5344,2,185.984817
-1929.3302,23,185.997775
-271.05255,26,186.017009
-1599.5271,18,186.017079
-1734.419,19,186.055057
-941.4715,29,186.05513
-1826.8843,18,186.068851
-1798.7344,49,186.079492
-1421.3079,23,186.079558
-1044.8462,3,186.091538
-1021.11835,2,186.115337
-1683.656,69,186.142671
544.78906,94,186.157036
-2685.1975,11,186.157106
-1142.6733,8,186.177792
-2577.6982,33,186.200396
-906.27716,45,186.218271
-4482.537,78,186.218333
-1956.6199,9,186.237683
-2899.626,8,186.265054
-182.02814,31,186.278417
-1086.7156,6,186.278558
-1137.4137,6,186.293922
-997.10913,3,186.30661
-2270.092,38,186.306679
-562.73694,34,186.306696
-1119.7084,3,186.36299
-2408.139,54,186.386139
-631.04767,29,186.401941
507.6671,33,186.416035
-1067.715,4,186.41613
-909.7787,60,186.435621
-1910.7362,53,186.468528
-1331.768,29,186.497938
-1079.4186,6,186.514127
-687.9131,61,186.514271
-1090.8097,2,186.532852
-2629.4917,14,186.532928
-1789.6608,26,186.562809
-1740.2705,19,186.573577
-1010.0403,5,186.586594
-1098.5255,18,186.58668
-1124.781,3,186.601949
-1718.9601,41,186.602095
-2015.681,85,186.602119
-1461.0388,39,186.613813
-1190.0419,6,186.613888
-1069.183,2,186.629061
114.510315,32,186.629138
1044.9375,92,186.667181
-410.84918,35,186.667274
-1082.2228,3,186.667289
-914.7849,18,186.677777
-984.38617,6,186.689082
-1002.3781,34,186.718877
-1871.7056,8,186.718953
-1074.9402,44,186.718969
-1576.9524,13,186.718976
-302.185,21,186.744283
-1735.5747,12,186.755445
-1123.1361,6,186.767853
-2656.9055,14,186.783296
-2589.33,22,186.783386
-887.36646,34,186.800964
-1475.3005,13,186.812196
-1365.2812,7,186.812252
-1648.9968,15,186.829399
-1077.1095,9,186.851497
-1181.6808,12,186.851645
-916.69104,18,186.887107
-773.1704,34,186.912977
-2306.2473,8,186.924252
-401.04865,49,186.959715
-1404.2549,4,186.975319
-2128.1804,23,186.985946
-1522.9136,15,187.003002
-1297.3339,23,187.047327
-1336.0201,76,187.074815
-1003.673,3,187.096514
-1451.479,3,187.120425
-1036.2568,9,187.129212
-447.43982,22,187.140046
-1005.55457,4,187.171412
-1209.142,27,187.171489
-4844.5615,62,187.182795
21.760315,48,187.201653
-1453.6987,5,187.201956
-1048.3851,4,187.201998
-982.9016,25,187.202008
-1853.059,19,187.232891
-830.3533,43,187.257072
-898.1189,6,187.257154
-1469.6921,14,187.271135
-777.4309,6,187.271235
-1105.9688,7,187.289906
-355.97998,35,187.289981
-2171.1243,29,187.33712
-1171.1102,5,187.357764
-1059.5552,2,187.390886
-580.52057,32,187.415353
-1787.4772,16,187.427238
-1177.4811,12,187.439058
-1913.785,11,187.451006
-3165.9507,49,187.451058
-3079.307,34,187.470734
-2708.8567,53,187.492861
-662.6282,14,187.492932
-2477.5205,48,187.49295
-1081.0013,11,187.492957
-985.74817,5,187.506624
-1212.108,4,187.525629
-1416.926,25,187.525709
-971.59235,4,187.547767
-1715.351,65,187.585478
-2519.7827,71,187.58555
-882.1676,6,187.604949
-1102.0311,4,187.641362
-1819.0725,7,187.668388
-1599.3464,5,187.731807
227.1737,28,187.78857
-429.38684,60,187.82011
-764.5287,15,187.844438
-882.35815,7,187.870263
794.11206,71,187.870339
458.1985,32,187.870357
-1090.0793,2,187.908872
-993.46497,8,187.976974
-1721.2954,23,188.021928
-841.5309,38,188.022057
1553.8893,73,188.10522
-1100.9031,3,188.144763
-752.5464,30,188.214491
-1041.1221,48,188.282483
-2558.3064,34,188.327323
-1556.7786,28,188.32742
-1210.8868,6,188.425778
-1785.2158,14,188.501978
-1757.2842,112,188.584628
-1111.3921,3,188.622897
-2211.4119,23,188.723835
-483.26257,27,188.756615
-1030.1621,25,188.793787
-2433.306,14,188.835664
-1173.2875,29,188.864472
-2384.5264,17,188.896943
-1323.7258,16,188.897098
-959.9685,6,188.954384
819.855,48,188.956565
-2501.5176,15,189.016804
-1024.0763,10,189.019065
-3717.0613,48,189.094416
-1057.709,4,189.094471
-1056.4624,4,189.221369
-2425.4023,46,189.25152
-1800.9163,12,189.293666
-1268.6221,37,189.29398
-1437.0779,16,189.360626
-901.7168,33,189.360939
-1720.7302,15,189.360985
227.66003,37,189.377028
-953.6861,7,189.441662
-792.864,38,189.472276
-1048.3726,4,189.472331
-1743.9653,45,189.506158
-1532.1226,16,189.542863
-3574.8003,106,189.582178
-1593.2285,17,189.582259
-1720.8632,10,189.613552
-1257.9125,73,189.657413
-1414.1147,9,189.65754
-1005.51526,2,189.657578
-2085.4468,65,189.72503
-2173.2542,7,189.807339
-1047.3188,6,189.878861
1722.9688,65,189.878942
-1245.948,19,189.948438
-1667.2996,8,189.948502
-271.17206,30,189.999319
-1079.8064,2,189.999381
-753.31635,32,190.038006
-2735.3982,99,190.038088
-1484.6241,5,190.038102
-2429.065,12,190.038107
-4225.7275,41,190.038113
-811.01685,14,190.076074
-899.23456,16,190.076389
-3873.672,13,190.116094
-1362.3772,21,190.116175
-1120.8718,5,190.116194
-1615.4668,20,190.148949
-2679.3606,11,190.179345
-1352.5834,6,190.242289
-1150.4128,7,190.242352
-2203.7996,38,190.268435
-1120.6783,32,190.328675
66.30115,29,190.328754
-2681.274,10,190.389683
-1577.1298,10,190.417515
-909.9951,13,190.446133
-2085.9146,13,190.446196
-2544.9746,23,190.468266
-441.98676,83,190.500026
-1796.123,14,190.523301
-883.62384,50,190.550896
-2677.8794,18,190.60112
-1513.8259,12,190.601191
-1823.6736,46,190.601209
-2738.0796,11,190.671726
-3425.9734,16,190.671856
-956.5245,4,190.726511
-1446.638,10,190.803148
-1396.082,5,190.803329
-1798.7634,25,190.836524
-1043.6903,2,190.866634
-1576.9565,7,190.866809
-629.1651,19,190.90827
-946.33673,11,190.908354
-1127.6058,23,190.90837
-1639.7191,21,190.946311
-1335.8025,29,191.099087
-397.68878,19,191.164989
-1738.2302,14,191.206267
-1331.5173,13,191.206337
-2014.8206,11,191.261877
-2237.0923,24,191.261956
-2369.4316,42,191.319714
-1122.2133,3,191.320132
-2651.1462,13,191.320168
-1626.3422,55,191.371038
-1081.7155,4,191.400511
-361.08594,41,191.439381
-547.6922,16,191.485535
-1073.1168,7,191.520705
-2629.236,42,191.520816
-1494.3811,17,191.520841
-2349.5972,13,191.545062
-1683.8859,18,191.545134
-1535.3623,7,191.545152
-5817.313,19,191.545161
-1250.8146,5,191.60944
-1045.2394,2,191.609543
-3565.4878,13,191.642385
-1554.0074,30,191.67672
-1073.5125,15,191.676914
-1584.5007,39,191.677075
-1100.6508,6,191.733835
321.88855,66,191.733907
-1001.51154,4,191.733951
-636.8483,9,191.765705
-1766.4741,8,191.765785
-1525.3312,12,191.818089
-909.2233,5,191.850296
-1007.45404,2,191.850375
-41.903442,26,191.850402
-3044.9495,41,191.887744
-1166.663,18,191.924745
-1173.1512,5,191.924795
-1479.7065,4,191.924805
-783.7583,8,191.952856
-882.48584,9,191.994122
-1053.2356,2,191.994179
-1183.1345,6,192.054852
-1474.0532,4,192.086957
-484.53302,22,192.12615
-1444.9392,42,192.165562
-1385.1709,9,192.165698
-3272.4478,16,192.205591
-816.8382,4,192.234724
-4009.9006,15,192.263021
-1171.1637,3,192.2631
-1532.1478,13,192.364464
-5625.821,18,192.364537
-882.9875,8,192.444211
-1119.1245,5,192.444264
-648.62085,47,192.444273
-1004.61426,27,192.545139
-2765.5234,30,192.585262
-969.879,4,192.58534
-537.6751,18,192.666711
-1207.0969,5,192.700607
-3495.5542,26,192.700693
-484.53625,16,192.715416
-1993.0344,44,192.727175
-1836.8539,14,192.738799
-1162.9152,4,192.754744
-826.2527,29,192.754815
-2721.7393,12,192.790363
-1025.8771,2,192.790447
-2464.6074,15,192.790469
-2947.1138,25,192.807664
-902.06195,30,192.821681
-265.9204,71,192.821766
-4225.61,78,192.852032
-1154.8683,4,192.928275
-362.15558,33,192.987282
592.2013,28,192.987347
-2285.9844,18,193.02033
-4144.7236,47,193.059607
-1306.0852,25,193.059678
-1206.2421,3,193.059697
-1472.365,15,193.091311
-1391.7338,23,193.091721
-931.1206,9,193.156116
-1037.6271,2,193.156225
-2192.981,16,193.192161
-1068.2454,6,193.256778
-879.32776,5,193.327307
-1848.0289,5,193.365093
-1369.7369,23,193.365293
-1362.1307,31,193.425064
-2310.0557,10,193.425118
-4198.9263,42,193.48804
-1221.9961,32,193.520583
-1449.8064,56,193.520729
-1103.7196,3,193.520745
-1054.3225,2,193.550089
-1419.0115,29,193.5503
-2011.3125,9,193.550391
-1952.3348,60,193.588315
-1525.4316,16,193.588479
-1145.9506,3,193.61433
-1469.7368,3,193.638773
-2013.1622,9,193.63897
-1201.1797,74,193.639048
-972.6988,4,193.674775
-1152.3342,3,193.760097
-1803.032,14,193.760316
-1103.4612,4,193.873438
-1082.6539,4,193.87353
-1459.6549,9,193.89603
-163.93195,30,193.896116
-951.66223,10,193.896137
-1772.4285,14,193.939238
-961.18024,13,193.960382
768.1527,87,194.07781
-914.8012,7,194.088715
-736.86,45,194.088763
-900.6223,22,194.088773
-2196.9963,91,194.128159
-3112.4766,36,194.138015
-999.5441,4,194.188931
-963.75653,56,194.270421
-632.91406,10,194.270527
-1625.1338,12,194.306874
-1493.4792,37,194.338859
-1110.9244,4,194.361693
-1061.4558,4,194.361747
-787.65967,20,194.361757
-487.5103,34,194.393001
-1566.9546,9,194.39311
-338.70197,83,194.426299
-3240.0574,14,194.461994
-1150.2004,4,194.485611
-994.95654,3,194.513217
-923.513,39,194.543525
-1269.0144,27,194.573456
-1033.147,2,194.573526
-1580.6925,9,194.613758
-3074.9937,71,194.613863
-1079.138,2,194.613877
-2008.3097,9,194.644422
-2103.8608,26,194.644516
-667.713,39,194.665361
2886.3843,74,194.665444
-1457.6832,10,194.701082
-1492.1875,3,194.735174
-1363.6633,28,194.735249
-1802.7046,8,194.735262
1361.7327,58,194.799013
-385.0865,19,194.894927
-3119.9866,7,194.895078
-1834.7732,17,194.895257
-1911.6344,7,194.951977
-861.33435,36,195.093779
-2056.9883,53,195.134606
-1009.1349,6,195.161561
-1034.8574,2,195.195676
-1092.8842,4,195.234826
-474.02008,19,195.319285
-2565.9216,24,195.524911
-1926.4603,19,195.574878
-442.26782,30,195.574951
-1023.2407,9,195.574967
-107.316284,28,195.642836
-2376.9634,12,195.707236
-1866.3151,71,195.760701
-3948.7065,61,195.787818
-1114.1517,3,195.788067
-1145.5981,8,195.82372
-1321.4147,34,195.8543
-276.22302,30,195.854371
1200.7145,92,195.930175
-1116.1664,5,195.930296
-1397.2936,12,195.962638
-825.32697,6,196.003595
-2970.8237,13,196.003699
-940.4448,23,196.003726
-1066.9391,3,196.039657
220.9046,28,196.039737
-1202.851,4,196.077989
-2448.599,16,196.078274
-1158.6376,3,196.078293
-956.0232,9,196.155236
-845.9923,43,196.155336
-2714.3718,9,196.199871
-926.8133,3,196.199948
-194.4549,36,196.264721
-1394.1088,8,196.324198
-1630.3157,45,196.324335
-1600.4159,4,196.384495
-1830.3904,47,196.444063
-1802.3124,11,196.444148
-1312.571,13,196.478096
-2116.719,5,196.545554
-2239.8472,11,196.545665
-1770.794,14,196.545684
511.53625,78,196.617666
-990.4233,4,196.70166
-1690.7239,29,196.810056
-369.6532,91,196.865522
-3852.4883,64,196.932456
-842.65784,8,196.961226
370.69214,58,196.996367
-2588.1245,17,197.035733
-183.80927,26,197.0648
-2367.0496,43,197.113963
-1878.367,4,197.115147
-888.5539,8,197.14596
-968.4041,4,197.253843
-1050.0333,23,197.254059
-1012.51013,11,197.330373
-991.6644,9,197.378355
-2159.826,43,197.378471
-1893.805,26,197.408189
-959.04877,2,197.426894
536.37,26,197.455304
-984.2777,77,197.455402
-1398.8574,39,197.471194
-984.51306,8,197.575344
-2780.6143,11,197.609365
-320.36017,47,197.609482
-1388.7869,6,197.644275
-2113.8218,9,197.644341
-679.35187,30,197.644351
-1170.2705,9,197.713662
-1058.2441,4,197.713744
-52.68689,52,197.744358
-973.08325,6,197.744484
-1093.1123,2,197.811195
-1911.5792,14,197.811363
-1053.336,3,197.909948
1115.9661,53,197.910043
-681.046,21,197.910063
-2523.3438,26,197.934843
-1075.4622,2,197.989997
-2562.9746,12,197.990109
-1201.2827,7,198.028541
-1045.1023,2,198.054198
-702.2839,40,198.089104
-1104.5537,3,198.089183
-1749.5793,83,198.117269
-1340.4146,8,198.146632
-1850.8264,24,198.146716
-857.89703,19,198.177892
-1156.9878,4,198.178416
-715.47375,17,198.295126
1946.4711,70,198.334565
-1032.1534,7,198.335378
-1597.2534,14,198.367106
-1620.675,8,198.36723
-1456.2703,5,198.485653
952.30774,123,198.585406
1319.5762,46,198.623121
1906.7815,64,198.663768
162.52759,34,198.725018
-1628.8125,5,198.807716
-1274.1654,8,198.838427
49.004395,21,198.838512
-1025.4038,18,198.860913
-1814.7714,78,198.860992
-1131.9802,16,198.861001
1516.7737,57,198.89257
-1622.4497,4,198.926772
-1098.2328,3,198.926917
-1026.0204,2,199.006021
-1226.529,5,199.006086
-1967.3029,22,199.034214
-959.696,3,199.03432
548.39233,83,199.034337
-690.57153,27,199.061967
-2534.5117,31,199.125661
-1069.3832,5,199.146804
-788.4846,46,199.164071
-934.7218,10,199.16416
-586.8689,32,199.18867
-4012.3599,37,199.188784
-708.0665,28,199.214391
2133.0322,70,199.214499
-1029.5305,2,199.214515
-1733.3693,17,199.355273
-1467.0634,48,199.388021
-1904.1819,15,199.468606
-2904.0588,17,199.494197
-777.7357,62,199.544745
-2447.375,12,199.576153
-1438.2019,7,199.611082
-1340.0973,21,199.647573
-1016.0683,3,199.687986
-1237.8171,5,199.720909
-1037.726,2,199.798933
-2828.867,68,199.841436
-1975.5952,28,199.841511
-1341.8112,7,199.841528
-856.8964,21,199.869705
-1052.8896,3,199.933736
-618.1328,6,199.966552
-979.8456,26,200.016167
-1082.5293,2,200.016233
-1308.3922,31,200.073689
-682.9143,30,200.109474
3150.212,90,200.293236
-1127.5444,14,200.293324
1228.78,69,200.335392
-1877.9989,9,200.377538
-1691.7227,15,200.377651
-1127.3743,16,200.37768
-2627.6797,50,200.467025
-1345.1454,7,200.53281
-1509.4717,33,200.560278
-1363.3699,15,200.589202
-972.873,3,200.618148
-2648.5142,64,200.618268
-1803.6179,9,200.647515
-1111.4526,3,200.701898
-1676.3538,47,200.702008
-1072.6049,5,200.735698
-854.54156,25,200.787761
-1061.2318,2,200.865267
-1283.6709,9,200.906488
-1033.7632,8,200.906674
-1179.1128,29,200.930694
-924.99316,3,200.960394
-1147.2223,47,201.007673
-1949.7178,24,201.02856
3246.245,76,201.052308
-979.0626,4,201.052548
1829.2191,84,201.089238
839.39453,56,201.119904
-1150.8142,4,201.155597
-1436.2744,74,201.155794
-3052.5054,26,201.155888
-1034.6478,3,201.186299
489.01666,68,201.25602
-1109.4662,3,201.256155
-1942.3944,31,201.285354
-3083.6245,75,201.349119
-1363.9586,14,201.349174
-1448.0557,16,201.377999
-1138.8839,3,201.378048
-2676.8853,11,201.406857
818.5569,71,201.406952
-1036.5255,2,201.406966
-786.19775,56,201.435598
-900.229,31,201.501662
-918.6893,3,201.501828
-2783.1055,50,201.534406
-274.59485,38,201.534504
-1052.1566,4,201.534523
-1158.3801,7,201.567152
-2821.9277,15,201.622648
-2963.2925,15,201.622703
-1016.719,4,201.648493
-3000.8076,17,201.648581
-855.48627,14,201.674819
-832.6357,6,201.67491
-2054.3433,9,201.674936
-1662.8477,17,201.703338
-1052.9631,2,201.732953
-1500.0486,33,201.733051
-1145.3367,4,201.762154
-1114.6375,3,201.762249
-1169.0723,5,201.762267
-1112.581,3,201.821073
-936.5295,5,201.821244
-1009.28253,11,201.850307
-1127.2893,8,201.938994
-1326.4949,10,201.939078
-1377.1536,23,201.939091
-999.3941,4,201.97708
606.92566,51,202.003847
-963.1086,4,202.061075
-1081.1903,3,202.061148
-1451.201,12,202.123182
-499.67993,22,202.147954
-1134.6921,3,202.148063
-941.5959,6,202.169147
-958.477,3,202.227405
-1222.6138,14,202.227469
-872.0843,29,202.227483
-955.5495,11,202.249861
-1184.2823,8,202.284067
-1024.8286,2,202.284134
-1160.798,5,202.370565
-1085.0809,51,202.394036
-79.12421,57,202.394137
-1474.822,23,202.394156
-1801.8433,17,202.424919
-2816.7212,48,202.425028
-316.2019,32,202.45127
-776.2593,29,202.451371
-1978.9633,4,202.508165
-1070.9203,3,202.508291
187.4519,40,202.548083
-1293.9437,15,202.611232
-1115.874,13,202.647521
-1143.3375,4,202.647611
-1070.4166,2,202.708755
1298.3566,68,202.748301
-1098.4014,3,202.750101
-1594.2656,6,202.811473
-1718.8381,20,202.902723
-1936.0405,27,202.934355
-695.5433,7,202.970192
-934.8374,41,202.997243
-1019.0026,7,203.029122
-1066.3987,3,203.02923
-1284.7865,16,203.056062
1687.3304,112,203.086821
-1026.8362,21,203.118366
-238.56635,69,203.146082
-140.112,47,203.180881
-1099.7726,3,203.217504
-1169.1371,5,203.217552
-1361.7599,5,203.308135
-1253.7366,6,203.364102
-1366.7104,21,203.386207
-2280.6792,14,203.406225
-403.67657,34,203.436131
-842.22406,15,203.464992
-1082.4359,2,203.492646
437.18567,56,203.492798
-2234.806,9,203.537634
-3593.5903,68,203.570855
-1109.1954,3,203.570933
-1746.9773,23,203.57095
-620.0029,22,203.594529
-1105.0374,8,203.594666
-417.0545,46,203.594686
-2586.675,42,203.619874
-1017.3654,2,203.652906
-1162.8469,4,203.676759
-1185.2612,5,203.710414
-1145.9504,6,203.738166
-1580.3582,7,203.738303
-1088.318,5,203.738321
490.53394,50,203.776428
-1369.7896,9,203.936513
-905.6086,47,203.936597
-1407.0608,7,203.936614
-1057.3259,25,203.936635
-2315.4553,42,203.971509
-1712.5297,22,204.00018
-1694.5269,11,204.083605
-888.31506,4,204.108902
-1693.2313,21,204.109048
-673.09644,56,204.139793
-1002.7421,7,204.170181
-1888.6194,14,204.198688
-1039.0963,61,204.269008
-1353.3645,19,204.330112
-801.11334,25,204.443276
137.41791,37,204.496306
-3862.5723,20,204.524229
-1674.199,71,204.524323
-1510.929,21,204.55663
-2981.937,27,204.556764
-1131.9886,13,204.58907
-553.36707,53,204.589138
-814.94415,22,204.589152
-1161.2979,4,204.679639
-870.92755,54,204.679984
-874.8294,4,204.716824
-2590.9443,18,204.716928
-2398.0898,4,204.825476
-1654.4517,23,204.825567
-917.3473,5,204.850848
-820.8669,7,205.031016
-1772.6345,18,205.031143
-1101.2664,18,205.130703
-1473.469,16,205.158806
-1682.6075,37,205.188368
-417.51862,58,205.188435
-4025.9497,53,205.188449
-1375.6987,37,205.224384
-1054.1962,3,205.276235
-1811.5016,28,205.276288
-2301.2085,43,205.380372
372.06445,29,205.380465
-858.0924,27,205.380491
-974.6062,5,205.417303
-48.46289,38,205.43999
-1038.3553,3,205.472833
-863.5596,53,205.506431
-1075.5647,3,205.50654
-1007.2141,5,205.619952
-1055.4595,117,205.620041
-1056.6932,2,205.668863
-216.26984,40,205.723223
-1569.0781,20,205.723302
84.01196,44,205.813498
-1845.1118,25,205.836464
-122.67572,90,205.836545
-988.1024,9,205.867925
-2557.2773,6,205.889239
-1034.9297,25,205.930187
-1587.581,17,205.930268
-925.4073,3,206.01286
-1909.5079,5,206.012941
-1051.726,42,206.066093
-437.34723,157,206.066179
-986.6701,4,206.123551
1189.7043,50,206.123927
481.8507,46,206.159776
-1040.6765,23,206.159858
-1103.1569,3,206.233423
-1162.2306,30,206.263013
-2273.4524,71,206.359539
-1283.2166,14,206.359641
-1215.9579,6,206.359659
-1846.9478,15,206.359667
-2091.3828,23,206.427176
-409.245,42,206.427254
-925.24347,3,206.464261
-690.6011,48,206.464341
-699.556,49,206.502576
-2213.6433,28,206.542162
-577.9529,22,206.542243
-2560.266,9,206.566776
-1421.6445,6,206.617617
-935.1819,8,206.698613
-175.7171,45,206.729909
-2274.7607,11,206.760097
-919.0904,32,206.804121
-2300.2302,16,206.934562
-599.12854,33,206.934621
1414.5004,109,206.995779
-1735.9205,13,207.335584
-352.69336,48,207.335673
-1219.7556,16,207.415091
-1441.936,11,207.494618
-2176.7703,12,207.494692
-1290.8964,8,207.494711
-2127.5864,9,207.528206
-2120.4124,67,207.580269
-2642.1497,16,207.580385
-1085.9974,28,207.602076
-1124.6224,4,207.613279
-1522.4218,41,207.630286
-2221.124,4,207.647834
-555.08075,30,207.686319
-2067.0444,9,207.686392
-1828.7556,16,207.720223
-1102.682,15,207.740117
-1927.0417,33,207.752691
-1216.3802,3,207.770342
-1255.0498,30,207.770406
-1505.6959,11,207.805519
-965.0187,3,207.805613
-5185.049,48,207.828637
-2861.0273,27,207.828727
-1048.811,5,207.828745
-814.5453,20,207.914645
-2353.0479,53,207.914732
-1854.6311,7,207.945566
-1590.8173,7,207.945652
-757.69507,29,207.984693
-1065.1627,8,208.072831
-1141.8872,22,208.100184
-2636.8164,13,208.205898
-1615.7554,22,208.206002
-3178.7373,29,208.206021
-1306.2961,13,208.23915
-1840.4255,15,208.286561
-2857.6606,38,208.316467
-1163.3345,3,208.316553
-51.56299,32,208.365235
-1433.6052,4,208.43145
-895.46844,4,208.492121
-2760.8286,58,208.492345
-1009.29755,4,208.5535
-956.6148,21,208.553662
-1605.5481,102,208.553754
-1953.776,14,208.613322
-805.3638,37,208.613624
-1458.5784,69,208.690284
-1189.5851,20,208.690472
-1003.69165,4,208.690565
-988.78503,6,208.690639
-1854.7136,80,208.750592
-1004.3135,4,208.813207
-1811.4733,17,208.845367
-815.0988,35,208.871852
-1474.1782,6,208.918828
795.8799,32,208.919049
-2082.5771,13,208.951578
-996.0585,9,208.951764
-1040.8839,2,208.964876
-3417.7007,26,208.964968
-930.919,6,208.98261
-716.64014,25,208.993048
-1306.9711,35,208.993093
-2437.018,49,209.006294
-1007.8334,2,209.006456
-1505.5573,4,209.006482
-1500.3922,5,209.032202
-1168.8801,3,209.032275
-1216.1598,37,209.078603
-908.7936,21,209.099493
-744.944,6,209.099586
-2489.5146,19,209.099603
-1540.6415,6,209.135496
-1304.5573,10,209.173002
-1057.9312,2,209.213474
-1990.2158,12,209.213558
218.80408,101,209.243844
-1067.1523,3,209.310596
-552.7872,9,209.310689
686.68506,102,209.335546
-1746.1304,54,209.335686
-1475.4532,15,209.358013
-1460.9006,4,209.483569
-3005.481,14,209.51107
-101.08441,28,209.544953
-858.22156,32,209.603661
-809.5383,10,209.603717
-359.46887,55,209.630539
-1464.8965,5,209.630641
144.60486,42,209.659433
-2178.5938,34,209.76524
-931.08246,7,209.765331
-1061.2856,4,209.815904
-1682.9514,16,209.844824
-1458.0847,16,209.844909
-1039.1321,6,209.844929
-1929.0151,11,209.8868
-2476.5137,35,209.932225
-1052.2433,10,209.95866
-1533.4961,10,209.985504
-2832.747,5,210.021014
-1291.4509,32,210.02122
-1219.0259,8,210.021329
-2878.3599,56,210.033465
-1341.2849,6,210.044895
-1047.611,4,210.044972
-1087.8823,29,210.059938
-2009.4055,10,210.060036
-817.2262,6,210.060055
-2524.6982,62,210.085169
-1378.73,28,210.085754
-1093.196,4,210.121758
-929.5138,17,210.183781
-160.63501,25,210.199501
-2023.9877,9,210.199622
-903.0982,13,210.213531
-2991.4822,48,210.250058
-1621.2195,63,210.276449
-2011.7786,15,210.299494
-1849.6135,42,210.299586
-669.0096,23,210.299602
-1111.4326,5,210.327398
-2027.6603,93,210.327516
-1758.3923,14,210.35495
-1226.8582,15,210.379338
-1816.9639,13,210.482343
-1173.8245,58,210.535563
-1181.7451,34,210.535664
-1626.2014,9,210.561746
2120.3608,79,210.584908
-1627.7374,11,210.585031
-2226.768,13,210.648477
-4421.959,19,210.683089
-1223.198,14,210.683166
-1042.3472,4,210.748107
-1017.1474,2,210.748298
-1221.2339,7,210.791762
-1084.8309,16,210.819459
-1049.6106,2,210.819593
-1783.2039,34,210.819612
-1153.4176,10,210.885792
-3488.174,43,210.925632
-1078.5126,36,210.955785
-906.63275,24,210.999781
742.25305,80,210.999894
-1898.931,9,211.10149
-366.49628,39,211.101741
-2930.4985,12,211.190271
-1999.4592,14,211.216315
-939.5483,8,211.216435
-1036.7207,8,211.238372
-1103.6898,6,211.284216
-896.3312,7,211.397507
-1055.5702,9,211.397671
-1721.2374,8,211.47465
-794.57837,16,211.506387
-4424.074,22,211.53346
-1077.4177,2,211.599541
-1792.8135,5,211.629376
-2969.704,43,211.629475
-1599.0736,60,211.663818
-406.2765,59,211.663913
-1387.4387,10,211.707013
-2657.995,17,211.733898
-1025.997,2,211.773357
-185.06238,40,211.812603
-2071.7336,58,211.862561
-1481.633,5,211.86268
-1488.8928,7,211.891434
-1330.0566,15,211.891551
-441.79987,47,211.891568
-573.31195,56,211.945773
-1059.167,6,211.978168
-2220.7292,10,211.978268
-4725.569,24,212.074454
-1218.0999,9,212.120098
-1275.8733,4,212.120235
-2004.5564,8,212.144825
-1272.991,20,212.18081
-1177.2925,11,212.214119
-1685.2751,38,212.248246
1710.4651,50,212.283633
-1030.8251,3,212.314561
-1517.9084,18,212.352622
-771.5277,6,212.352727
-1583.0901,12,212.38584
-1621.8264,47,212.385942
-1867.6692,24,212.486469
-1883.0748,11,212.599423
-1244.4126,23,212.623943
-1919.5272,17,212.623994
-1459.6702,55,212.624004
1308.0897,176,212.624009
-1386.4976,10,212.685825
-1079.5295,2,212.6859
-1258.0573,34,212.708834
-1344.3162,20,212.730559
-1209.8718,6,212.775944
-925.17896,7,212.810358
-938.16895,7,212.87478
145.00989,37,212.992263
-1200.2173,13,212.992333
-1363.861,5,213.038065
2346.7134,73,213.070037
-582.3824,79,213.117231
-1025.3704,12,213.157863
-1592.2666,5,213.157982
-3117.8806,15,213.201001
-2051.1414,17,213.20107
-3250.9756,73,213.22675
-543.549,33,213.339708
-915.9188,9,213.42265
-1097.9796,43,213.483799
553.47064,73,213.484212
-1005.7734,7,213.542931
218.05988,40,213.54302
-1089.1465,34,213.619516
-1600.7822,54,213.619625
292.40222,102,213.619651
-2151.3628,16,213.619658
-67.227234,44,213.650312
-846.4617,28,213.683692
-470.04572,51,213.683789
-1050.6797,3,213.736752
-1248.529,5,213.736847
-3714.5952,19,213.812583
-1063.3265,2,213.812682
-2457.8418,8,213.97478
-1122.974,12,213.974851
-1981.0286,8,213.974867
-1032.0736,7,214.036704
2.6114502,66,214.082374
-1532.7354,11,214.173877
-2282.1926,9,214.260612
-1160.9587,4,214.260751
-1091.7329,3,214.323272
-1171.233,34,214.323382
-414.2458,39,214.396215
-2995.2715,60,214.396377
-2923.2969,35,214.409867
212.82861,38,214.409925
-2042.0869,60,214.440917
-930.48376,9,214.456198
-1706.9337,27,214.456321
-1370.1298,5,214.472783
-1298.4912,9,214.472881
-2589.4158,17,214.486336
2.1954956,26,214.538291
-1027.6373,3,214.53835
-966.7278,8,214.538359
-561.26,32,214.592716
-999.059,2,214.59279
-1365.5098,8,214.606356
371.61188,22,214.60646
-1824.0175,26,214.606477
-1980.263,44,214.606484
1594.1073,62,214.634033
-1282.5571,13,214.651197
-1122.5353,4,214.671128
2123.0327,79,214.70014
-1126.8025,4,214.700249
-1621.2657,21,214.700269
-1036.7952,19,214.793241
-1680.4888,14,214.793334
-1273.4883,10,214.793351
-1843.0353,31,214.825013
-1439.3582,40,214.860463
-1699.1257,9,214.950496
-940.22565,9,214.980662
-1839.992,14,215.005568
-3022.3804,17,215.005681
-2176.339,22,215.03882
-1329.7449,9,215.070542
-1335.1644,15,215.070623
-3836.8318,53,215.070643
-1067.5153,2,215.098905
-1040.963,5,215.098969
-142.66882,28,215.165162
-1028.3616,36,215.206587
-1790.8943,8,215.283035
-3089.1243,16,215.314822
-928.78015,51,215.314918
-2857.2588,32,215.34747
-999.0243,9,215.384952
-1695.5693,13,215.418162
-765.74805,17,215.418241
-2741.4263,11,215.447737
-1122.515,5,215.472876
-1086.6276,30,215.488812
-1114.8607,4,215.502374
-1131.6708,11,215.516965
-1164.5459,10,215.535429
-1057.2988,6,215.535578
-621.4335,35,215.587589
-1715.7019,12,215.587676
-2546.5444,81,215.599559
-1974.1453,4,215.6567
-1530.3374,32,215.657103
-1345.2068,40,215.678763
-1432.0328,37,215.694239
-750.4784,24,215.694314
-1156.0139,3,215.718579
-2225.7632,4,215.718666
-2814.9246,13,215.754534
-162.38306,32,215.78538
1121.5034,69,215.785481
-856.0237,45,215.810994
-2084.7666,13,215.832058
-4125.6396,19,215.875204
-1545.1573,8,215.875328
-1109.6932,3,215.875349
-1383.6548,33,215.901856
-662.8844,23,215.926136
-1434.0907,4,215.984056
-3443.496,49,215.984153
-1070.757,4,215.984167
491.92395,46,216.011948
-1437.1404,11,216.06313
-1131.036,3,216.063232
-1338.9731,15,216.110782
-2792.5913,10,216.110876
-2131.415,34,216.110889
-1020.5784,8,216.157886
-2026.7157,10,216.157978
-2500.6968,6,216.157994
-1112.7559,5,216.158001
-3486.6494,16,216.256839
-983.01355,4,216.256931
-81.21698,44,216.285498
-2222.2866,7,216.346688
-1308.2924,4,216.374944
-1027.6666,7,216.375102
377.06873,51,216.400165
-1641.5596,10,216.428253
-941.5421,32,216.428326
-4452.7935,30,216.50541
-1418.4862,4,216.505598
-2135.9038,11,216.555025
-949.42896,5,216.555116
-1742.2125,14,216.555135
-4485.5483,16,216.610114
-955.34595,3,216.641869
-1114.1207,3,216.641956
-1019.2355,5,216.676735
-1203.4476,4,216.704591
-3830.7156,27,216.752866
-1235.5137,13,216.773737
306.12518,55,216.810763
-2078.6357,54,216.81084
-1127.3556,23,216.810857
-1149.6718,48,216.827772
-1207.7455,11,216.827867
-1606.994,23,216.840975
-1532.2413,23,216.862268
-136.47394,63,216.892823
-1063.1218,2,216.924828
-1127.6074,5,216.953012
-1082.1512,3,216.981723
-5412.3833,64,216.98177
-882.9832,43,216.981778
933.80176,51,217.017148
-2321.9119,7,217.01726
-909.8383,24,217.047694
-2600.58,17,217.122414
-1065.5394,7,217.155191
-1570.021,10,217.155281
-997.29645,5,217.1553
-2029.9202,16,217.182898
-915.6402,5,217.18305
-176.22327,41,217.211628
-1117.0104,6,217.211843
-59.69702,54,217.253277
-1914.9517,16,217.29382
-1039.9423,5,217.327077
-1688.9811,5,217.362652
-1372.4042,39,217.39082
-1021.3133,2,217.431493
-1056.6973,3,217.431602
603.43896,53,217.431621
-1919.1105,9,217.45277
-3895.3862,12,217.517883
-827.7623,9,217.517982
-1400.0457,16,217.517998
-1464.6465,12,217.580769
-1284.3398,6,217.6125
-2681.0667,15,217.643514
-1048.3516,11,217.643618
-1272.005,6,217.643638
-1104.5061,2,217.699053
-4423.7285,16,217.735803
-3314.7397,7,217.735931
-2320.1836,15,217.735947
31.535583,36,217.86717
-1032.6573,7,217.93435
919.2695,97,217.934451
-2283.0632,18,217.999388
-2000.3301,57,218.026736
-1636.8649,18,218.076713
-578.97363,34,218.076823
-713.19354,20,218.12914
-2.805542,51,218.129244
-1483.0295,10,218.153204
-1123.7169,10,218.216077
-1263.2672,21,218.253124
-1093.1414,4,218.2532
-913.10095,41,218.253214
-1649.137,7,218.280466
-2012.257,10,218.370225
-1894.2922,22,218.397864
-1043.8113,5,218.427438
-2564.9233,45,218.458775
-1134.2561,9,218.495502
-2589.5745,26,218.527349
-892.8319,14,218.565241
-1193.9052,4,218.614762
-2600.5986,39,218.614845
-2330.1418,14,218.670283
845.00214,92,218.699461
-818.75745,3,218.699605
-1823.2314,10,218.729117
-2368.7786,19,218.815274
-1621.2921,10,218.815368
-2361.233,42,218.845468
-2562.7266,33,218.899374
-911.77515,9,218.945358
-1045.0952,2,219.004527
-1894.2787,29,219.004608
1330.9207,84,219.00462
-1307.824,17,219.211107
-1379.3159,58,219.2444
-2177.5522,50,219.244497
-887.6032,11,219.277307
-4289.0083,79,219.307661
-1183.55,29,219.358435
-4285.436,31,219.382756
-418.2696,54,219.460328
-1288.6406,21,219.460709
-1788.8083,18,219.460752
-58.720703,84,219.460763
-1011.4942,4,219.583688
-2035.1997,11,219.583816
-1415.0521,16,219.62036
944.5552,32,219.620446
-1589.6272,27,219.620464
-1316.7871,12,219.652984
-546.2221,43,219.6531
-848.9878,14,219.653128
-1671.3774,18,219.68872
-1915.6951,12,219.756886
-3241.8486,15,219.789056
-1712.7345,12,219.789221
-1036.6401,5,219.837217
-1040.709,3,219.953402
-1531.6953,10,220.151485
-1949.4995,16,220.394216
-1062.934,10,220.394297
973.2582,68,220.430592
-1522.196,25,220.454241
-1143.0068,12,220.454311
-5246.1475,21,220.474388
-3635.9834,57,220.488924
-445.67413,24,220.507508
-1841.0742,7,220.5076
-1034.2731,8,220.522059
-896.05646,6,220.52212
1942.4323,87,220.544615
-870.67346,23,220.544705
-1558.1217,21,220.556671
-1116.5046,4,220.581389
-1483.5092,5,220.58149
353.2771,56,220.610667
-1404.4229,9,220.64009
-938.0526,6,220.702991
-1246.1006,11,220.733074
493.0998,28,220.733165
-2000.6549,37,220.733185
243.86316,34,220.756589
-1492.551,39,220.782467
-3135.5173,11,220.82353
-988.9193,11,220.860304
-1002.31384,7,220.957414
-3186.3904,15,220.957526
-1144.8519,4,220.985035
-1593.7543,8,220.98511
1157.7344,92,221.036446
-1688.0997,14,221.067545
-2359.3232,41,221.067623
-3117.727,31,221.067641
-592.58856,62,221.067647
-1237.2915,16,221.093029
-1145.4498,4,221.093151
1260.1282,56,221.124231
-1113.4929,4,221.188931
-1754.7917,11,221.189025
-1141.6372,20,221.219132
-2068.4033,8,221.276885
-1131.8971,10,221.276949
-1324.8843,3,221.3061
-2138.065,18,221.346505
-1116.7571,3,221.373105
-2681.9756,7,221.402818
-1594.8633,12,221.431845
-988.01917,6,221.472381
-1078.0557,8,221.493763
-983.3744,4,221.542762
-1548.877,9,221.558538
-482.203,21,221.558583
-2844.1687,19,221.558593
-2319.459,18,221.573076
-1115.5898,5,221.573149
-1905.3257,34,221.591715
1148.1332,86,221.591798
-1339.4119,21,221.610756
493.77075,34,221.650333
-226.6886,40,221.650434
-321.94592,44,221.671332
-1810.0005,7,221.688085
-3102.4448,30,221.72188
-1041.9708,6,221.72196
-967.08075,8,221.721975
-965.80035,4,221.796712
-1090.0106,57,221.855435
-942.31586,7,221.855513
-1729.1659,9,221.85553
-1985.9663,11,221.855538
-2394.3218,15,221.882016
-799.518,44,221.882107
43.163513,37,221.909326
-1032.1381,2,221.934684
-951.1169,35,221.972849
-1977.1936,15,221.973012
-974.091,2,222.003211
-1007.8755,3,222.003304
-966.9397,31,222.0615
1388.0459,101,222.101949
-1053.5726,3,222.102047
-737.78516,19,222.13185
-882.12646,8,222.131949
-1389.6981,87,222.157836
-1545.1659,10,222.15789
-795.5347,24,222.1579
-1842.9745,11,222.185646
-797.5135,7,222.226177
-1502.4705,48,222.275056
-1193.1205,4,222.275151
-1550.3909,5,222.303703
-1575.1356,7,222.341915
-1564.0292,15,222.429981
-1940.0771,9,222.430094
-1389.4478,9,222.489455
-668.4702,39,222.5424
-1493.6377,41,222.560542
-1220.4653,10,222.591439
-777.5197,9,222.591555
-2328.8394,72,222.628743
-1060.2756,2,222.628896
-934.6971,22,222.628927
1079.81,49,222.628938
-1320.5327,19,222.665732
-1392.9473,27,222.665786
-1128.4583,20,222.695996
-1040.5182,3,222.748554
-769.522,21,222.7489
-1092.5585,12,222.775579
-1801.594,24,222.775791
-2363.4878,13,222.816121
-1141.9728,6,222.816191
-999.07526,3,222.845214
-98.856445,49,222.845351
-1062.8453,5,222.84537
-1096.0758,2,222.916462
-1134.5901,9,222.916576
-1475.3057,9,222.916603
1922.4575,62,222.950321
-2688.3352,10,222.950454
-1020.15204,2,222.985259
-1722.0088,14,222.98548
-247.45557,44,222.985564
-1253.3102,14,223.056105
-1041.358,4,223.056567
-1200.9988,8,223.118039
-1088.3086,2,223.175601
-991.8607,6,223.175699
-1018.63586,8,223.190647
-2543.606,48,223.218684
-1480.2809,10,223.268036
-2099.7747,16,223.268127
-1134.1355,9,223.30153
-1495.7517,21,223.301631
-2092.2166,13,223.329338
-1211.46,6,223.366778
-1177.9069,4,223.402069
-1153.3756,10,223.467475
-1065.9541,2,223.541011
-363.78876,41,223.541106
-407.44672,31,223.563881
-1154.4996,8,223.656943
-914.2182,5,223.711822
-985.3311,6,223.711925
-2930.7026,48,223.755728
-2731.398,19,223.755816
-921.4241,4,223.794424
-2738.3293,13,223.794541
-4244.85,33,223.83853
-1829.386,16,223.838629
-1473.9719,20,223.870892
-1114.078,3,223.909587
-1114.5968,4,223.962186
-1398.3069,13,223.962295
-3609.6777,39,223.991118
-1070.7411,2,224.016894
-1426.4357,22,224.017021
-2356.4534,49,224.017053
-5277.909,39,224.048057
-967.45184,2,224.084853
-994.1126,3,224.085317
-1081.002,7,224.085366
-1018.37476,7,224.119186
-3045.2153,14,224.170336
1704.7994,91,224.210741
-1068.842,7,224.235817
-1358.3434,44,224.235924
-1072.0458,2,224.235942
-837.06964,17,224.267003
-2233.5127,16,224.267073
-1043.184,3,224.332818
-1212.224,7,224.332918
-1241.4596,71,224.384027
3679.3047,83,224.412916
516.97327,51,224.413011
-1423.7986,4,224.443348
-1234.613,14,224.443525
-127.756226,22,224.443559
-1059.7799,2,224.477342
-1501.0436,9,224.548509
-1460.7113,11,224.577603
-1177.3778,41,224.577701
80.64343,50,224.620205
-1050.7544,7,224.676052
-2285.3413,7,224.676548
-3010.0276,13,224.676662
-1384.8749,12,224.773812
-1155.5873,23,224.811479
-874.7119,60,224.811681
-453.08762,32,224.811763
-909.78876,4,224.811834
-1536.2645,19,224.843189
-1044.7808,3,224.905344
-2352.5476,13,224.905562
-849.6088,8,224.945242
-1434.1255,16,224.945606
3293.7866,63,224.977419
-2896.048,13,224.999847
-1008.7448,2,225.033235
-2316.2031,32,225.065137
-5450.252,55,225.099347
-337.87457,29,225.130937
-1863.1316,6,225.131257
-1918.9928,5,225.17149
-1720.0675,39,225.199478
-1115.2,4,225.199711
-900.4278,19,225.222859
-1251.7019,20,225.223096
-980.3483,11,225.273461
-1904.9971,30,225.30176
-1075.4639,5,225.327675
-1886.0188,6,225.328048
-690.3078,13,225.328098
-1024.7089,9,225.328109
-2052.9165,19,225.412401
-1079.9629,5,225.445445
-1156.1709,4,225.445569
-1165.2306,16,225.588659
-811.4901,6,225.609743
-2994.5215,24,225.674278
-1089.9943,15,225.716455
-1033.2905,5,225.797965
-236.49463,55,225.842963
-1051.5095,16,225.843082
491.74988,35,225.938812
-1342.4169,19,225.938917
-3239.2578,25,225.938932
-1051.3341,8,226.009958
-1030.9402,61,226.046093
-988.1517,5,226.116682
-506.68488,41,226.116738
-393.05145,28,226.151973
-904.22894,9,226.152074
-47.317993,23,226.217762
-1009.864,5,226.217917
-1509.7145,3,226.217937
-1185.0422,25,226.23907
-2570.4126,17,226.27666
-1086.8704,7,226.377562
-975.3713,3,226.377651
-524.9757,24,226.403561
991.8244,60,226.403638
-1997.4729,6,226.403657
-1810.4885,20,226.451623
-1480.4603,14,226.451718
386.11218,61,226.510866
503.76172,53,226.553387
-994.2843,8,226.636462
-1539.4214,13,226.636509
-39.50946,88,226.636518
-153.80945,46,226.662634
-1326.6449,10,226.662724
-910.6173,4,226.662738
-3118.8389,23,226.662743
19.123047,61,226.773679
-1039.0413,4,226.810467
-1441.7538,13,226.810566
-1803.4004,6,226.846272
-1845.5438,29,226.877607
-1018.99066,3,226.877716
-418.0714,50,226.945273
-1001.68933,3,226.945698
-1010.4567,6,227.04567
-5461.208,26,227.135126
-1098.7444,3,227.13603
-1814.3538,19,227.2571
-1381.0369,4,227.295436
-379.35498,31,227.32506
-2605.7666,23,227.325451
-3063.3564,16,227.32551
-1959.4291,11,227.351135
-2031.6932,17,227.351274
-1041.3304,2,227.382299
410.75128,44,227.382342
-4047.974,80,227.382351
-1024.0448,2,227.413455
-2437.7295,10,227.478125
-1444.2539,68,227.511437
-945.1495,4,227.51151
2185.0654,68,227.53709
-1086.3301,5,227.563709
-469.16223,25,227.563821
-968.65643,7,227.601541
368.55066,46,227.692803
-874.5955,7,227.692944
-2532.3735,5,227.727041
-1777.0177,39,227.727464
-1060.2552,2,227.779892
-952.8058,10,227.84171
-997.1238,23,227.842188
-1599.6973,12,227.934748
-996.4166,8,227.934865
-2719.7798,32,227.934883
333.7467,54,227.965224
-934.0746,7,228.00062
-1179.5631,24,228.041871
-1060.6304,33,228.041969
-1625.9519,24,228.07398
-1088.4077,3,228.074072
-2797.6973,26,228.074091
-1151.399,5,228.103287
-969.5757,5,228.103384
-1058.6217,2,228.103405
-1048.3964,2,228.103415
-2930.954,51,228.140424
-1087.2935,4,228.238751
-1421.5073,5,228.238894
-335.17853,24,228.27775
-1393.2249,13,228.277847
-3133.3394,18,228.309075
-996.1641,6,228.351923
-2006.7379,11,228.391787
-4265.9624,18,228.454439
-1639.3574,11,228.45491
-2775.545,23,228.454967
-2429.0945,37,228.509064
-1076.6733,7,228.50952
-1458.3878,9,228.55354
-1030.3501,3,228.553622
-2663.1602,32,228.553637
-1251.145,16,228.660445
-3446.0547,17,228.660871
-1336.4939,11,228.660912
-2820.8237,6,228.66092
-1492.5875,10,228.716599
-1194.8782,5,228.716651
-984.6843,15,228.748227
-870.9173,27,228.838967
-2053.041,7,228.926171
-644.6897,26,228.947289
842.0574,68,228.947405
-1930.7988,5,228.965347
-1347.9023,17,229.029368
-1044.9464,29,229.029464
-1088.7433,13,229.02948
-60.29016,53,229.029515
1406.4502,45,229.029523
-1500.0461,11,229.029528
-1292.7166,14,229.066324
-3389.4053,18,229.066464
-2589.373,9,229.19384
-1186.2168,5,229.194386
1850.2468,84,229.26136
-919.32074,29,229.261464
577.78284,78,229.287064
-1522.5848,11,229.367398
-2735.854,24,229.367482
-1300.337,11,229.367498
-978.84454,6,229.367503
-1433.5354,4,229.40374
-2840.3782,11,229.403827
-1064.6328,3,229.463705
-1094.4607,2,229.463774
-1605.2526,8,229.493725
-1667.1864,16,229.523153
-2896.1738,17,229.563183
-1084.1849,2,229.590288
-1631.3115,8,229.625466
-1190.1326,6,229.654752
-890.8827,36,229.654824
-1661.5234,30,229.65484
-2352.6853,20,229.679995
-1589.4791,35,229.714987
-2410.5815,44,229.785803
-1186.434,6,229.817897
-903.07574,8,229.847099
-1538.363,9,229.847166
-1126.4976,5,229.847177
-4069.331,18,229.902393
978.67303,81,229.902446
3560.245,91,229.902456
195.7284,45,229.902462
-1329.7052,19,229.964618
-1740.9005,5,230.001334
-2146.6135,17,230.001722
-1340.2114,19,230.035958
-1107.0927,13,230.036046
-1990.8025,16,230.111177
-1530.7698,3,230.111277
-1074.9572,7,230.111291
-945.8516,9,230.169277
-3457.6677,34,230.194168
-1406.8105,7,230.224304
-1934.9309,15,230.275939
-1968.7346,27,230.331443
-1291.0223,15,230.331552
-2856.266,46,230.331571
-922.71484,16,230.37955
346.78882,69,230.406287
-2224.1494,16,230.47278
-1124.9277,3,230.472944
-1470.2709,12,230.472962
-424.7783,45,230.614086
-1186.6165,9,230.650316
-952.39,4,230.775742
-594.62244,33,230.8103
-1428.6743,18,230.930084
-2948.462,15,230.963602
-1799.4033,25,231.02462
-865.2958,27,231.024719
-1165.4031,4,231.060916
-3060.6147,20,231.061037
-1054.8845,15,231.099652
265.99304,51,231.307653
-453.69208,38,231.387348
-996.9458,32,231.38741
167.2771,74,231.387419
1409.5171,64,231.446687
-891.7906,50,231.499746
-1484.168,10,231.568173
3310.1377,80,231.57006
-1057.3828,3,231.615488
-1328.1619,44,231.751747
-1028.2109,19,231.844839
2563.342,85,231.844948
-1276.8835,6,231.844976
-416.70807,18,231.904225
-1684.5938,36,231.951129
555.6454,53,232.003862
-1267.0598,21,232.092498
-1379.8085,13,232.093963
-1984.8909,11,232.138083
-64.98926,32,232.16549
-1055.35,2,232.21428
-2499.5498,19,232.268209
-1495.0668,17,232.38572
-1423.1534,56,232.385803
-1698.1868,9,232.41647
-144.47766,32,232.444195
-640.46094,22,232.501512
-1035.5217,4,232.551372
-1687.1062,11,232.551481
-1732.612,6,232.583488
-1969.3757,74,232.583631
-4190.39,23,232.740278
-1528.095,55,232.740362
-2375.6953,12,232.740377
-2308.6086,45,232.740383
-1945.0273,16,232.81565
-1532.3936,32,232.815776
-1156.0538,5,232.864251
241.71674,36,232.921369
-563.85724,16,232.951822
-1426.621,13,232.986437
-2680.9019,10,233.018319
-706.03937,31,233.018404
-847.8194,4,233.087111
-2575.5176,16,233.140618
-832.4413,17,233.140704
-832.30225,12,233.167827
-570.7444,34,233.167877
-746.85535,52,233.167885
-446.6228,31,233.16789
-1939.4453,9,233.196825
-795.57135,35,233.223411
-1017.6867,2,233.223478
-2221.638,18,233.256221
-1602.9365,10,233.305139
-1531.4188,21,233.337708
-2033.2397,18,233.337768
-1741.3281,13,233.370195
-818.3578,5,233.370278
-577.8613,44,233.390954
-2719.0127,10,233.450377
-1014.3081,8,233.466574
2296.1992,98,233.466655
-2693.0645,49,233.518532
-1128.6172,31,233.552618
-1047.9775,5,233.584009
-1702.7849,51,233.613649
-1196.2334,12,233.667987
-1835.081,11,233.69608
433.4862,25,233.70933
-1690.4583,9,233.709398
1761.023,94,233.709415
-1216.815,22,233.743567
-2364.5034,12,233.758744
-1307.9607,10,233.758812
-1277.9529,25,233.784213
-1397.9061,5,233.784281
-1337.1626,5,233.802484
-1321.458,18,233.802572
-1758.7573,23,233.854969
-1151.5507,46,233.855026
-32.606445,38,233.855049
-2322.974,31,233.855057
-4040.3687,27,233.855063
-944.28796,4,233.868363
-1501.6343,14,233.868427
-1078.0631,2,233.888
-899.33575,32,233.92856
-1277.3076,4,233.928689
-779.54803,35,233.998727
-1579.128,7,234.021414
-1706.0383,13,234.036905
238.38696,34,234.036991
-1071.3593,3,234.067386
-1216.9269,6,234.077763
-1441.4467,15,234.099139
-1229.1357,62,234.110321
-290.1053,26,234.13071
-1066.0568,3,234.157696
-1155.159,36,234.157766
-801.0112,8,234.16916
-1071.4407,5,234.25813
-1113.6777,5,234.258234
628.7452,42,234.258248
-730.2013,21,234.295694
-1846.4664,30,234.295787
-877.28204,8,234.295803
-1190.7422,5,234.340187
-1224.4514,5,234.34026
-724.7606,16,234.340276
-3212.7695,26,234.352232
-1040.4717,7,234.399553
-498.14764,17,234.410941
-635.538,14,234.411027
-1616.197,8,234.411055
-3375.7275,27,234.422945
-872.9277,7,234.433825
-1022.20154,6,234.43388
-1541.6602,7,234.433899
369.92395,31,234.433907
-1146.3632,37,234.445205
-1291.489,40,234.462774
-1590.4231,10,234.482063
-2950.1216,40,234.482135
-802.5039,7,234.543442
-2179.5066,32,234.59887
-1056.342,4,234.598993
-1443.7328,11,234.611553
-2072.692,11,234.632324
-671.8822,45,234.632395
-1032.3298,2,234.63241
-1058.9095,2,234.632417
-1536.7706,24,234.680252
-2242.8083,10,234.680315
-1315.7017,15,234.692383
-1072.4961,5,234.702994
-1089.3374,5,234.703069
-755.7021,45,234.717489
2384.8677,56,234.729229
-545.30286,41,234.740708
-2310.3323,19,234.766232
-2526.5654,20,234.780766
-1118.168,5,234.780809
-2415.5327,22,234.80338
-1559.0554,9,234.803462
-1248.354,8,234.803479
-948.7643,17,234.816274
-1942.805,32,234.816344
-3332.8481,20,234.83848
-631.5183,71,234.88571
-1910.0952,11,234.885803
-1133.7677,5,234.911287
-1121.4459,4,234.911367
-1154.4066,8,234.938402
-1720.6536,12,234.951313
-1016.6708,2,234.951385
-2194.9893,7,234.974874
-1102.1576,9,234.974931
-1209.1321,6,234.98637
-1143.0432,4,234.998144
-1161.9435,33,235.009779
-1171.6648,6,235.067102
-1341.5005,17,235.067497
-940.17944,6,235.092821
-2172.0903,19,235.092901
634.9553,72,235.129863
-1258.2938,23,235.129932
-1412.4906,10,235.129944
-1090.8499,2,235.129951
-1056.6982,2,235.152059
43.361633,34,235.182021
-1753.0579,12,235.203012
-1392.3237,5,235.226218
-1076.7664,2,235.226285
-620.8903,31,235.226302
-526.50165,23,235.226309
-1669.1848,9,235.274152
-1235.3193,11,235.274227
-1026.6123,2,235.29582
-1013.2965,6,235.295889
-1264.8647,7,235.319064
-1848.1064,14,235.342777
-2466.8193,12,235.342871
-1188.7777,3,235.404528
-1199.5304,78,235.421376
-1509.6891,11,235.421454
-1807.9683,16,235.42147
-1060.2971,3,235.421477
63.166138,37,235.432434
-347.45844,32,235.475082
-1710.302,49,235.490139
-1474.5933,16,235.490218
109.99829,62,235.516654
-1020.88916,39,235.530093
-1281.4927,16,235.555582
-1297.2701,10,235.56847
-151.31354,57,235.568613
-1046.5035,3,235.597893
-1185.5692,17,235.597983
-2302.7505,68,235.598005
-1814.659,10,235.629528
-890.4452,7,235.629624
2958.7231,114,235.656741
-1588.3782,6,235.723156
-1417.2786,19,235.79649
-2161.7334,15,235.81953
-3938.3867,26,235.844746
-1140.5573,56,235.844831
-915.30743,15,235.856915
-1165.7261,45,235.883687
-1959.2092,20,235.898242
-504.5063,25,235.898321
-2497.6172,37,235.91808
-5779.093,35,235.91815
-1023.5693,4,235.945036
-1341.9023,36,235.968835
-1012.4612,4,235.968908
-2578.5952,20,235.968922
-1078.3328,6,235.990109
-742.2781,40,236.003792
8245.836,86,236.003845
-1348.4396,3,236.00386
-1259.8682,27,236.003868
-919.9077,54,236.015942
-361.1632,20,236.112685
-1570.199,6,236.129754
-1393.8568,7,236.157449
-3990.1172,22,236.178445
-938.0861,6,236.213885
-1216.5996,14,236.264851
-986.4656,29,236.29722
-1255.2898,43,236.297262
-1090.0818,6,236.323254
105.5874,83,236.340762
-2518.6282,21,236.340845
-1157.4336,10,236.34086
-2646.5698,43,236.340865
-1029.1833,2,236.353055
485.77173,58,236.353118
-1042.2952,2,236.384373
-980.1223,14,236.384449
-941.2537,4,236.384467
-2677.6626,20,236.402466
2224.3208,89,236.40257
-1139.9697,3,236.427395
-1173.277,4,236.427483
-1053.7441,3,236.44278
-1033.2245,5,236.442889
-995.1155,5,236.442911
-1196.44,35,236.47357
-1053.8798,2,236.473655
-1124.0593,5,236.486056
-1194.3821,46,236.513088
-1930.7175,7,236.542858
-597.2374,30,236.542933
-2463.4976,7,236.559899
-1517.7134,24,236.574379
-1440.3175,70,236.596411
-2718.502,12,236.607338
-1469.6881,7,236.65609
-863.07385,70,236.709274
-904.59155,19,236.709383
-1566.1069,9,236.733125
-4150.5156,25,236.766615
-1465.819,5,236.766699
-2871.4524,10,236.79784
-760.0212,43,236.819226
-1005.6689,4,236.819558
-1040.4155,5,236.833665
-1107.0708,3,236.833759
-1714.968,24,236.833775
349.85266,19,236.867059
-563.927,56,236.879974
-1435.7804,5,236.880061
-936.72546,9,236.901177
-1527.5271,16,236.901251
-414.51697,31,236.915763
-555.2063,27,236.915853
-1892.0139,9,236.964669
-1080.0656,6,236.964736
-1856.0411,9,236.964753
-2482.8025,16,240.791078
-1111.1653,4,240.791144
-1330.29,8,240.791155
-2446.0793,5,240.818823
-2511.2146,9,240.837579
1042.4167,34,240.837759
-981.0082,2,240.837837
697.2732,62,240.837957
-1284.3049,35,240.87264
-1032.6531,2,240.872787
-1618.7904,12,240.872869
-1570.2498,33,240.892386
-2771.67,7,240.92875
-68.96893,44,240.96063
-852.6201,9,240.960762
-898.82916,8,240.960841
-2366.5654,21,240.975011
-1090.7897,2,240.988957
-1014.68207,9,240.989323
-918.21606,7,240.989364
-1025.8402,2,241.000925
-1091.5078,3,241.029045
-259.6997,42,241.05004
-1125.6311,4,241.05011
554.91925,29,241.050131
-97.60443,48,241.073205
-1506.3,7,241.073277
-1044.1797,3,241.084145
-221.73969,28,241.098216
-1465.0936,3,241.098312
-866.34924,23,241.118468
-1046.5457,33,241.130904
-1925.9524,13,241.131021
-1702.2014,10,241.157202
-1052.0176,20,241.176793
-341.98047,84,241.176895
-1053.1305,2,241.205758
-1895.9104,5,241.22262
-1075.9841,17,241.249949
-888.2003,23,241.259364
-155.82104,36,241.279635
-1174.7917,5,241.310747
-1016.2115,8,241.332849
1227.0654,47,241.348542
-1873.1616,22,241.377072
-1081.2614,19,241.40148
-1941.3711,19,241.433028
-1774.2627,6,241.443045
-1033.0516,5,241.458835
-579.3938,23,241.487257
-5075.477,110,241.487319
-683.9066,21,241.533757
-2437.1433,30,241.564057
105.41107,27,241.599229
-2178.421,90,241.599278
-1487.912,3,241.618072
-1650.0264,23,241.675534
-1450.7771,11,241.675604
-1293.1158,10,241.67562
-1380.573,37,241.69864
-2351.479,20,241.730352
-135.58864,36,241.752924
-2533.171,18,241.777475
-913.61255,6,241.803575
-1068.0815,2,241.828759
2160.6045,126,241.828854
-2950.6055,36,241.871899
-849.2229,10,241.894009
-1412.1582,13,241.89407
-1642.1572,23,241.90573
-1128.4412,3,241.91664
-1796.9382,57,241.916687
-1017.6174,10,241.951305
-1054.2723,7,241.95138
-1100.2538,5,241.970212
-2399.1438,6,241.970303
-1825.3389,10,241.991031
-1121.0804,5,241.991101
-2311.4175,20,242.002549
-1457.1809,13,242.023144
-1105.2993,51,242.070699
-1493.635,20,242.091231
-1681.194,10,242.130192
-1041.8031,3,242.146693
-693.8311,48,242.191422
-1076.7902,4,242.22813
-1581.7161,10,242.273048
-706.5823,42,242.288202
-395.86688,54,242.325329
-1193.5483,67,242.397867
-1361.4288,17,242.490068
-1712.5629,10,242.490131
-925.10394,30,242.52004
-1799.7634,51,242.520101
-2605.647,78,242.520118
-1081.5074,2,242.520125
1316.2931,60,242.533342
3811.12,94,242.548491
-152.87451,30,242.548575
-1058.2964,12,242.56056
-2833.2627,47,242.560639
-110.13245,44,242.560658
-1185.3645,4,242.570468
-147.50336,32,242.581677
-1142.0249,3,242.581746
-999.49817,3,242.593014
-1064.9865,2,242.603403
-1148.5747,5,242.603486
357.12695,101,242.645298
-1625.9343,12,242.656783
-1369.6506,8,242.656855
-1437.7751,40,242.656875
-983.39856,2,242.683269
-55.67639,41,242.699927
-157.97516,49,242.700009
-716.50226,48,242.729895
-1048.5845,2,242.741271
470.7033,34,242.769898
-1904.2854,12,242.783954
-1264.0425,6,242.794999
-3866.8208,14,242.809348
-1850.4976,15,242.809408
-1062.3186,21,242.809424
-1234.8489,21,242.809431
-1495.836,8,242.859555
-1148.3219,3,242.859638
-2529.2588,25,242.859694
-1082.7412,50,242.859703
-2139.4414,13,242.885985
-1096.4138,6,242.932039
-2362.27,15,242.932132
-1076.554,8,242.959283
-1663.0981,27,242.980167
-1881.4269,55,242.98021
-2950.7097,18,242.980219
-971.94714,31,243.00381
-828.4894,30,243.016845
-1878.4634,15,243.016904
-2022.0209,12,243.016919
2579.6543,84,243.083859
-2919.394,54,243.083922
-1078.2795,5,243.108697
-1449.4211,27,243.198632
-2435.8193,22,243.213391
572.5755,40,243.213479
-2016.686,17,243.229777
-1361.328,27,243.229835
-1170.5752,18,243.278364
-657.99316,26,243.291806
-1845.2529,6,243.31327
-2949.542,31,243.345881
-209.42615,30,243.345971
-1117.7253,25,243.406808
-387.97546,27,243.432146
-2225.8618,73,243.449764
-1104.0095,2,243.476294
-1056.2269,3,243.520921
-1810.5001,10,243.520989
-101.851685,27,243.521006
-741.70874,28,243.531876
-537.32965,45,243.552514
-1091.3042,2,243.552594
-916.77594,14,243.573844
-1042.2909,4,243.608948
-1526.0201,41,243.630343
-1024.2886,6,243.675827
-346.34912,42,243.696096
-877.7595,31,243.696164
-1578.8403,16,243.724886
-744.88055,10,243.724961
-1460.008,4,243.755619
319.4607,40,243.755731
-1379.8999,30,243.771939
-1347.135,15,243.772018
-1152.0992,4,243.772035
-1100.5894,3,243.772041
-1572.4025,53,243.79411
-1083.6514,7,243.897294
-1752.6302,10,243.939027
-1699.9023,11,243.950563
66.05878,61,243.97403
-1403.7866,46,243.974086
-875.18286,28,243.988017
-2370.2134,14,244.002435
-921.3298,42,244.002532
839.84216,98,244.002546
-600.8443,23,244.002555
-2787.7092,14,244.00256
-1006.4892,28,244.002566
-889.8016,5,244.016682
-38.4375,49,244.224792
-2533.6064,81,244.248171
-1436.3721,4,244.26232
-1178.407,21,244.272822
-1049.374,2,244.283151
-1188.9713,4,244.305931
-890.7645,10,244.30601
-994.5426,2,244.319974
-1058.6302,11,244.355542
-1105.7606,3,244.371141
-1151.3938,4,244.371186
-3400.232,30,244.382643
-1040.9559,2,244.393318
-1445.7153,33,244.40264
-3065.2822,15,244.402692
-1099.3527,3,244.414465
1715.4349,62,244.433074
-1681.0774,66,244.455433
-1329.3416,20,244.455501
-1143.3644,14,244.470967
-1833.8364,21,244.493676
-1031.666,3,244.526516
-1447.6892,11,244.545957
139.65393,46,244.569115
-244.1278,23,244.594307
-1550.2765,60,244.594367
-1025.8815,2,244.618459
-1808.5112,6,244.655667
-1082.8038,15,244.675518
-1628.8981,16,244.675588
269.29468,37,244.750313
-901.5668,36,244.763879
-1577.7769,9,244.763934
-1031.2382,2,244.77539
-535.8359,23,244.789913
1005.72375,105,244.815582
-1093.9998,20,244.815672
-1108.1548,3,244.815689
-856.60956,55,244.828699
-814.7426,29,244.828829
-1620.6104,10,244.828856
-985.64825,13,244.866889
-686.77545,21,244.866973
-2038.5403,34,244.86699
-1109.4916,5,244.897943
392.86627,27,244.93517
-1854.7338,5,244.935221
-2520.5342,23,244.949403
-1069.9448,4,244.94949
776.5666,51,244.991049
-1177.5017,4,244.991104
-1240.2819,13,245.012447
-2605.3591,60,245.024305
-970.5537,30,245.024372
-1987.5142,21,245.097173
-903.63586,19,245.097251
-1198.5115,42,245.12258
-1134.2683,22,245.12265
-1094.2144,2,245.146421
-2633.586,46,245.165771
-1977.9578,15,245.165813
-1586.919,9,245.165823
-1717.5095,6,245.189474
2761.6506,67,245.224572
-1683.8849,12,245.259886
-1819.5759,6,245.288786
-1119.9445,4,245.288879
315.2567,26,245.300483
-1693.5083,30,245.311619
-934.282,27,245.311698
-968.7977,5,245.311714
-1181.9698,4,245.333141
877.3828,142,245.343531
-4285.922,36,245.388846
-1142.7065,6,245.388893
-2384.5728,10,245.409626
-1212.6703,10,245.424893
-1340.1418,23,245.425246
-2838.5835,16,245.442681
-974.0437,10,245.477821
-1056.7611,6,245.497319
-1434.9282,34,245.49739
-2223.957,26,245.520702
-409.94513,45,245.572199
-2121.3699,5,245.58609
-1130.5837,8,245.586173
-3741.358,29,245.607898
-1032.4581,5,245.661716
-1038.8723,8,245.707042
-390.8969,32,245.707116
-1133.8027,19,245.707133
-2123.9949,7,245.731191
-1886.3906,19,245.751575
-168.70679,35,245.764942
-851.6047,30,245.795316
1404.4001,52,245.806872
-822.00525,33,245.818361
-943.2676,5,245.818459
-1522.638,8,245.829782
-1100.8915,3,245.84273
-1068.817,6,245.842796
1936.1986,83,245.875029
873.84155,56,245.895993
-2229.153,12,245.896058
-1369.8708,39,245.906567
-1094.156,3,245.933758
-107.947266,59,245.933806
-1249.4082,8,245.961997
-1172.4822,3,245.962397
-1318.8809,9,245.962439
-629.425,30,245.995789
-329.8457,29,245.995872
-1190.1901,11,245.995885
-1028.9271,2,246.013708
2117.1138,84,246.013784
-1072.2887,4,246.027099
559.4107,116,246.049134
-2152.5317,16,246.068462
-4646.5474,42,246.116395
-1786.6919,9,246.116643
-1132.5536,4,246.149659
-1055.0388,2,246.149775
-1328.124,6,246.171747
-677.1492,29,246.202183
-991.3187,3,246.238059
-715.621,53,246.238153
-1097.9601,4,246.238172
-1635.3699,14,246.23818
-1815.2864,41,246.250599
-14.528687,28,246.26342
-930.4325,7,246.296786
-1108.9957,56,246.31208
-998.27875,7,246.335933
-2312.8416,21,246.33601
-1560.1812,8,246.336027
-2691.5547,43,246.348773
-906.9536,5,246.365905
-1374.6794,4,246.407955
-2558.558,13,246.424408
-1003.29614,5,246.424503
-957.5894,4,246.447115
-1295.7491,12,246.447209
-1021.8486,2,246.467351
-1779.6787,27,246.477688
-975.66736,3,246.477946
-729.225,29,246.477977
-488.81232,32,246.490093
-3683.139,35,246.49018
-496.0197,30,246.531146
-950.5225,6,246.569784
-2555.6812,24,246.593256
-1575.0564,19,246.616097
-1366.6053,10,246.644737
-2292.7593,6,246.644817
-1751.5424,13,246.657718
-618.479,49,246.657801
-1406.0681,32,246.68698
-2960.9165,39,246.687027
-906.0147,5,246.710811
1113.4348,61,246.722347
-1154.5088,15,246.722469
-1424.8418,5,246.735085
-1063.3639,3,246.735139
-1134.6737,4,246.756242
-1288.6466,9,246.797928
-1062.5616,8,246.798
-1177.3308,7,246.798017
-373.4535,28,246.842599
-1009.5645,3,246.868782
555.50476,53,246.886512
29.880981,23,246.886885
-1076.8036,2,246.908109
-4215.417,61,246.91957
-1082.6754,4,246.919626
-1477.4246,86,246.935142
-3973.1448,29,246.95751
-895.7013,45,246.95759
-1324.3668,5,246.968928
-1025.1904,8,246.980426
144.797,33,246.980502
-2313.5117,13,246.992818
-987.9632,3,246.993147
-1132.0007,20,247.026053
-391.7035,44,247.046099
-903.781,6,247.066488
-3024.3215,24,247.089067
-1486.6101,11,247.089112
-1087.091,9,247.101293
-953.5657,9,247.121341
-923.6745,6,247.154469
-2215.3828,32,247.154544
-1594.8977,66,247.174327
1.9471436,31,247.191418
-1006.1379,2,247.191501
-423.85486,44,247.191519
-1446.9071,4,247.235513
-988.6161,3,247.235601
-1119.3478,3,247.262627
-867.21246,4,247.295947
-1000.3701,3,247.306406
-1069.6151,10,247.318429
-2360.2056,19,247.318619
-1074.1534,6,247.318654
-3016.4277,16,247.332273
-960.2557,5,247.332354
-1927.7007,4,247.345664
-1059.9518,2,247.359242
-2660.3447,26,247.374587
-1002.29596,8,247.403643
-810.69666,23,247.446935
-710.8295,20,247.446994
-1150.1498,9,247.479849
-1102.0305,2,247.492045
-1453.8752,6,247.525414
-1066.204,2,247.571652
739.3534,48,247.584818
-1220.4203,8,247.618674
-1032.9692,4,247.636019
-3450.5474,171,247.671105
-2123.4146,47,247.671353
-1097.6646,5,247.707288
376.58167,65,247.70736
-200.34125,49,247.734443
-1083.682,35,247.734542
647.01294,54,247.73456
-1294.7605,14,247.756974
-1120.2675,3,247.775719
-1018.0673,3,247.785997
-669.5356,21,247.786062
-2069.6199,10,247.832177
-1926.0797,5,247.832263
-2383.4,27,247.83229
-811.36707,9,247.855151
28.348022,49,247.883857
-2310.269,5,247.914916
-2039.6511,10,247.926659
-1070.1376,9,247.942049
-1278.2556,44,247.94213
1387.7239,89,247.970464
-1140.2799,3,247.970541
-1253.6781,33,247.996352
-884.0298,6,247.996408
-1602.9866,6,248.006389
-1079.2743,9,248.006459
-1159.6562,5,248.019586
-1129.1093,3,248.019681
-2590.9578,30,248.019706
-909.9121,6,248.034451
-543.2064,20,248.058357
-1360.0969,13,248.102307
-1071.7443,4,248.116875
-2357.1362,16,248.116932
-1031.7966,5,248.116946
-997.67633,4,248.116953
668.0532,68,248.132114
-1661.1892,15,248.147639
-1871.1985,45,248.176373
-77.7395,81,248.176466
-3356.1465,13,248.217309
-957.25305,6,248.217395
-1195.9285,3,248.23318
-1645.203,5,248.23326
-1258.7869,7,248.233286
-1568.8412,13,248.265756
-2780.2446,46,248.265885
-1056.8385,2,248.265916
-1155.6615,10,248.300237
-307.93066,22,248.362963
-386.1848,19,248.379766
-2564.9653,6,248.379838
-1989.8232,101,248.389925
-1037.2333,11,248.389982
-1104.4949,2,248.399765
-4463.9355,20,248.409801
-3023.1665,17,248.422567
-2838.6328,14,248.435591
-1083.4182,4,248.43568
-1141.112,9,248.47021
-2715.1572,17,248.4703
-1721.679,7,248.483056
-972.12244,6,248.522949
-2127.9878,22,248.540083
-1500.3309,33,248.540164
-194.6908,31,248.571112
-904.8999,6,248.587745
-1423.4652,9,248.587824
-1226.7454,10,248.58784
-3500.7559,13,248.587845
-1099.2479,3,248.613449
-1608.3711,32,248.613528
-1000.4969,2,248.639587
-965.42926,8,248.639656
86.387146,52,248.660386
-2779.441,11,248.678182
-1698.1147,7,248.678259
2826.9478,76,248.678277
-777.0138,7,248.709667
-1110.8015,4,248.709724
2089.2783,65,248.709739
-183.65308,53,248.723343
-2171.604,35,248.766823
-1287.3516,7,248.785374
-1333.3372,35,248.795743
-820.2115,46,248.795828
-844.75635,28,248.81772
-1074.3708,5,248.836923
-919.1558,16,248.837005
1498.163,53,248.847769
-1501.8904,8,248.847834
-1483.734,11,248.847851
-1523.8362,10,248.860422
-1076.8533,3,248.875674
-918.808,3,248.875764
-1809.5155,14,248.903938
-1555.3486,5,248.904022
-1043.1487,4,248.932731
-810.4531,5,248.949738
-1041.1562,2,248.963271
-3252.5176,72,248.963345
-1071.2642,5,248.974366
-1119.7911,16,248.974722
-783.52814,5,248.997654
-2817.923,36,249.009694
-1063.2882,2,249.021655
-3398.0305,29,249.021732
150.9508,25,249.021748
-1291.1526,9,249.021755
-1105.6029,3,249.021759
-1453.4841,30,249.114584
-1086.634,27,249.148564
-1038.8025,2,249.14914
-1274.6521,11,249.167861
-543.0282,33,249.167937
-1860.0164,5,249.266217
-775.18066,31,249.266276
-1928.5511,12,249.266292
-1371.6643,15,249.307702
-1590.0911,7,249.307808
-1192.4423,14,249.307835
-761.49976,19,249.335407
-1166.2285,22,249.335517
-1400.0398,20,249.335538
-1005.5671,3,249.335545
72.75012,31,249.361434
-981.0443,11,249.37964
2286.8027,72,249.480218
-1004.8411,7,249.480319
-613.56024,23,249.494076
-1768.8895,10,249.505998
-2807.4956,13,249.520962
-1279.485,11,249.601603
-1643.1079,32,249.617257
-1370.3828,55,249.617319
-1063.7864,2,249.637173
-1163.0208,5,249.637264
-2671.3203,15,249.63728
-3427.7495,39,249.665664
-900.47784,8,249.689434
-600.619,33,249.711351
-1002.2667,4,249.723333
-855.9623,34,249.723386
-2374.0918,7,249.76635
400.44507,135,249.766417
-1046.2252,4,249.779813
-979.6288,6,249.779878
-1275.5405,8,249.791834
-1919.8577,25,249.804688
-1151.4886,3,249.80477
-1199.2075,19,249.827345
-1026.8877,51,249.827404
-763.2309,28,249.855624
-1067.7627,2,249.855692
-1454.5994,14,249.85571
-1874.9109,37,249.855717
-1486.5262,4,249.883208
-1079.165,3,249.88328
-2412.8877,23,249.90427
-1600.5088,31,249.904331
-1042.6738,2,249.904346
-1376.5417,12,249.916331
-701.535,35,249.925795
-968.089,6,249.964359
-4380.4355,10,249.964423
-1699.8231,11,249.964439
-2559.1562,65,249.976806
-1039.3668,3,250.034302
-1889.27,11,250.047932
-985.27405,26,250.048014
-3007.6333,14,250.087808
-852.0069,20,250.107208
-1301.9182,8,250.10733
-904.0934,36,250.13516
-1185.2102,14,250.15643
2548.8508,80,250.255569
-1159.1172,10,250.280642
-87.60956,52,250.280738
-2080.6758,6,250.356619
-1277.9982,17,250.356703
445.91205,26,250.377399
-3213.6885,36,250.377481
-619.92554,20,250.401947
-2479.963,19,250.427041
-2087.5874,39,250.427143
-2182.6575,33,250.447036
-1021.98047,34,250.468128
-1049.6105,7,250.495438
-1422.5991,11,250.553848
1201.6416,43,250.597483
-1252.5321,30,250.620227
254.44934,29,250.645684
-3009.28,11,250.645764
-357.76788,21,250.656628
-993.8828,3,250.684074
1815.3097,77,250.68415
-2212.3667,19,250.721729
-1762.013,5,250.734124
-1411.7053,6,250.734189
-963.145,6,250.757794
-95.91803,48,250.825135
-2559.698,19,250.825223
-1411.2788,57,250.858835
-716.65295,40,250.85893
-1501.2212,51,250.885833
-1487.8861,27,250.910858
-1059.375,5,250.968081
-1501.455,72,250.968167
-2234.5264,25,250.968189
-917.7829,5,250.982223
216.6643,28,250.982297
-1112.7349,6,250.982315
-695.1807,9,250.996806
-1053.0726,5,251.070045
-3504.855,57,251.089559
86.88013,81,251.089655
-1801.5413,19,251.11792
-1100.8132,9,251.155751
1929.6892,47,251.155804
-1750.531,20,251.155816
-1737.1777,23,251.167003
-1233.5532,26,251.179176
-922.17365,7,251.189281
-2700.9385,27,251.189362
1350.5664,74,251.200037
-1644.5945,15,251.218714
-951.07434,12,251.229988
-1487.9055,12,251.240284
-1013.88025,2,251.240354
-2442.565,41,251.25161
-2476.926,48,251.285559
-1777.8516,10,251.285622
4754.7617,148,251.285638
-993.85614,2,251.337909
-1676.3062,12,251.524056
-1057.888,4,251.524124
-1056.9218,6,251.560454
-1630.6384,9,251.560538
-1266.4836,11,251.593127
-1061.7213,12,251.605138
-964.749,4,251.605218
-1023.20337,7,251.605234
-1335.7156,21,251.655007
-892.89233,27,251.682832
-1163.5845,4,251.682961
-1039.9164,21,251.699403
-1076.6268,2,251.710031
-801.3998,43,251.710097
-986.31537,6,251.710112
-982.08075,3,251.710119
-1049.6923,3,251.761228
-643.2279,41,251.81841
-343.28058,34,251.854768
619.15155,31,251.854837
-2373.2708,21,251.854854
-1013.78235,2,251.910126
-1995.063,21,251.931279
-1725.4185,29,251.961393
-2232.367,6,251.981648
-2503.3657,24,252.038198
-1708.6796,18,252.067686
-928.84564,10,252.067778
-2070.1265,19,252.067795
-596.74976,44,252.067801
-1285.0266,5,252.134574
-1128.1943,29,252.151909
-813.02625,65,252.190346
-2141.3408,9,252.217569
-3114.2935,15,252.265474
-1415.1475,12,252.285128
-1720.4878,9,252.304064
7193.4927,66,252.340499
1373.1815,83,252.378524
-1075.3278,3,252.378609
1000.64636,58,252.390506
-802.82056,73,252.430385
-2477.0684,31,252.430517
-924.6129,28,252.461502
-1104.9781,6,252.461586
-2112.3042,11,252.461612
-1856.376,8,252.461622
-1055.4688,14,252.486692
-1124.3119,5,252.486763
-1054.8849,2,252.486779
-1410.3408,4,252.536093
-2166.7666,39,252.6462
-1499.3331,13,252.646311
-802.2352,32,252.646338
-1455.2139,64,252.646347
-137.40149,49,252.6654
-1162.1946,52,252.665519
-364.53528,52,252.665537
-1059.4774,11,252.678259
-629.24243,40,252.678315
-1252.1737,4,252.689198
-1133.082,3,252.707668
-1440.4052,4,252.720573
-3779.7537,39,252.743175
190.6914,128,252.775284
-1060.3612,7,252.77536
2313.97,61,252.775375
-2618.5862,7,252.793009
-2659.2366,21,252.811935
-1442.9397,12,252.825321
-634.62805,22,252.825376
-772.9093,24,252.825402
1009.7999,39,252.825408
-1116.2695,3,252.850512
-2048.195,30,252.868788
-1063.8092,5,252.868853
-2248.7173,35,252.868884
1543.3492,120,252.882076
-1000.70746,4,252.90296
-1047.8849,2,252.934957
-1192.8677,3,252.935023
-1665.0574,5,252.935037
-1386.9425,11,252.961528
-1030.6078,3,253.019475
-3244.8838,17,253.019996
-25.749512,108,253.061069
-1246.9675,6,253.092716
-1186.8094,5,253.092804
-1024.9275,7,253.121243
-1482.5068,24,253.121576
-1045.2542,2,253.163252
-1092.7543,6,253.163313
-55.66687,27,253.183537
-1262.062,4,253.183622
-1137.8129,26,253.221301
-3965.8308,19,253.221359
-1861.0992,8,253.31391
-2939.9604,14,253.335553
-1052.1682,53,253.349579
-1354.7466,12,253.370855
-171.60278,27,253.404937
-836.72815,6,253.430273
-2234.1865,13,253.43037
-1525.3364,26,253.430387
-322.17188,33,253.468392
-1045.1173,2,253.468459
-968.9125,54,253.489311
-79.01813,58,253.502065
-1127.6108,5,253.54477
-2374.03,33,253.544845
-1038.2582,2,253.566209
-874.6472,7,253.566262
-924.8523,14,253.589791
-1057.7334,2,253.612348
-1295.5255,51,253.68273
-45.76355,49,253.695815
-740.6246,28,253.695875
-650.7296,29,253.708853
-1181.5935,12,253.742862
-1038.734,3,253.742937
-1984.5487,50,253.807596
-2133.436,46,253.807666
-2741.378,42,253.807684
-1200.6486,8,253.835048
617.8699,54,253.835116
-1018.7849,2,253.89383
-1092.4023,3,253.893955
-2236.3953,65,253.91998
-1069.0833,6,253.954875
-1662.3745,13,253.979089
479.81854,37,253.991184
296.73517,35,253.991278
-1186.9836,18,254.008912
-635.562,20,254.019093
-1420.688,9,254.031772
-1344.8579,12,254.031865
-1749.4504,6,254.05681
22.028381,33,254.086805
-3709.8447,44,254.123155
-1009.0271,8,254.149112
-2450.642,11,254.180908
-1006.6374,5,254.212589
-1148.5864,10,254.212694
-1830.6647,29,254.247229
-1813.3069,64,254.270717
-1746.4622,11,254.270812
-2093.7217,14,254.289576
-1166.5352,3,254.310436
-1870.8857,49,254.323964
-1438.6326,6,254.324023
-986.33057,2,254.324039
-1059.6273,2,254.34912
-475.25592,21,254.349401
-999.90735,4,254.371989
-1044.264,2,254.372108
-1329.1487,27,254.384686
-1008.83856,5,254.384756
208.081,112,254.404527
209.38599,60,254.404604
-2304.6973,18,254.436446
-1169.4489,3,254.451291
-1050.4773,17,254.481876
288.88562,62,254.510303
-1364.6338,9,254.534228
-1223.2917,14,254.534318
-2289.8652,11,254.534343
-1503.3903,17,254.550802
-370.748,39,254.596061
-2159.283,36,254.646086
2682.1797,102,254.662576
-1951.7395,9,254.662666
-844.63043,28,254.662684
-859.9049,7,254.676114
-1573.225,8,254.676194
-1765.343,18,254.706402
-1373.2341,10,254.706484
-955.6881,4,254.740174
-1192.4056,73,254.769415
-1235.2743,20,254.769706
-3774.363,18,254.769733
-2334.5645,4,254.783784
-1879.2512,7,254.783869
-1070.9438,2,254.816574
-1603.9906,36,254.874845
944.0205,75,254.884775
-2301.7576,14,254.901324
641.9236,93,254.901393
-1460.3772,14,254.901407
-1214.9495,10,254.91524
-2669.7246,49,254.929113
112.18152,109,254.941319
-1388.491,19,254.941399
703.6051,65,254.941415
-2331.2834,31,254.962972
-1199.576,5,254.963094
-669.2864,6,254.996385
-2058.1562,10,255.030111
-1909.6848,39,255.030172
-1089.3322,5,255.030189
-2023.8115,9,255.058819
-1080.7552,20,255.058909
-1751.0944,33,255.100956
-1046.064,3,255.10984
-2279.7212,21,255.125355
-1008.29584,2,255.138352
-1272.538,9,255.138409
-1138.4152,4,255.159869
-3160.1958,10,255.195731
-1162.386,6,255.211941
-3749.3381,15,255.266498
-1127.4147,8,255.266582
541.9667,38,255.321268
1382.1354,87,255.338585
-1818.2969,13,255.338658
-719.67285,50,255.338676
-78.82062,28,255.379575
-1040.3677,2,255.379665
-1046.7544,10,255.379682
-1851.5635,6,255.37969
-1126.023,3,255.394576
-1087.3693,3,255.456098
-4516.8193,30,255.456142
-1273.6146,4,255.467553
-140.51343,43,255.481036
-2146.3882,7,255.503347
-1329.4658,12,255.540553
-1219.1919,5,255.540637
-1727.3014,36,255.570688
84.08862,33,255.600767
-1054.6136,2,255.600826
-1145.9648,5,255.600842
-17.566345,47,255.600848
-1094.0222,6,255.662889
-1142.411,3,255.662976
-761.39105,15,255.688512
-1608.9856,4,255.688602
-1169.014,5,255.715245
-27.919922,41,255.715294
-2594.6606,14,255.715306
-862.3561,20,255.733738
-673.93164,48,255.733819
-960.7925,3,255.733833
-3962.8062,39,255.747313
-1639.4935,14,255.81295
363.71082,50,255.829833
-2182.0947,14,255.8672
-1136.5093,9,255.879823
-1973.1853,11,255.899372
-1034.3114,3,255.932374
-2221.1162,13,255.932448
-997.5216,5,255.932463
-2156.5496,67,255.932468
-1104.8464,27,255.951576
-1476.6948,15,256.02533
-1441.3926,4,256.092354
-1554.1145,84,256.136926
-881.5121,6,256.137009
-536.1344,20,256.164798
-615.5914,44,256.238614
-2431.5427,34,256.284849
-1567.452,25,256.330705
-1782.5098,52,256.360651
-1354.3042,7,256.393967
-1043.9572,7,256.394008
-1244.8248,4,256.394017
-1165.597,3,256.44544
-1042.0283,8,256.481891
-1474.9979,4,256.550853
-1627.6752,6,256.627304
-292.2152,31,256.679425
-1410.7743,20,256.679826
-6133.2197,73,256.720351
-951.65985,9,256.758557
-1425.7627,24,256.79209
-400.3064,111,256.792159
-2152.252,6,256.829762
-968.8795,12,256.829834
-1055.533,2,256.854528
1435.7031,103,256.889785
-1500.3804,21,256.914356
-1211.3323,14,256.914416
-1782.525,14,256.936815
-1184.1344,4,256.948718
-139.94281,36,256.974422
-1915.9609,39,256.988965
431.39734,44,257.011189
-1085.2454,3,257.046958
-804.83203,6,257.076028
-1082.5808,3,257.076133
-1204.0933,14,257.076148
-2405.583,36,257.109451
-1082.4829,12,257.154544
-1178.1166,4,257.169508
-685.6223,7,257.181445
-17.436462,26,257.203958
107.47693,25,257.217107
-2388.2256,17,257.217171
-1421.198,11,257.239426
-1508.6497,10,257.258353
-1266.9087,11,257.25842
-927.9269,4,257.258436
-1816.8381,12,257.278413
1410.9329,64,257.27848
2184.8223,84,257.32514
-2120.872,5,257.342481
2960.1663,68,257.365608
-1468.931,5,257.365699
782.4051,35,257.379942
-1951.8353,17,257.412881
-1726.9686,38,257.412927
-1015.0577,3,257.412941
-1454.6344,10,257.423623
-2471.7983,49,257.423711
-1667.0729,12,257.466035
-1120.0319,3,257.466133
-1206.3485,7,257.492089
-1955.4098,36,257.492395
-736.0431,44,257.492448
-1088.8774,2,257.514435
-3661.7983,20,257.536832
-3164.8162,15,257.574015
-995.415,5,257.574108
-1498.4647,38,257.574126
-389.8946,71,257.574132
-1804.9805,9,257.594553
-1656.1118,14,257.594627
-2864.9468,12,257.594644
2117.5986,58,257.617095
-1202.55,10,257.642273
-1644.0461,31,257.652299
-1125.5022,3,257.663776
-1056.0459,5,257.675059
-3228.0269,11,257.704764
-1613.6165,29,257.705104
1979.5874,123,257.705143
-1448.5846,16,257.731801
-1426.7731,29,257.759794
-967.3498,6,257.75988
-1065.0869,4,257.759898
-1252.6552,7,257.759905
-1825.7107,18,257.75991
-1346.1577,33,257.759928
-1857.5166,12,257.792599
-1801.2905,11,257.792668
1080.7114,82,257.817545
-1040.3271,4,257.817613
-1037.2671,5,257.81763
-1290.8966,25,257.817637
-1038.1871,3,257.827678
-1104.7443,6,257.847836
-1044.1259,2,257.847915
-1127.2188,3,257.859667
-1031.9888,7,257.859738
-1909.2091,8,257.869299
-1041.3093,2,257.881792
-1106.678,3,257.891545
-902.1389,47,257.905825
-2095.2922,22,257.924849
-2594.545,12,257.924949
-1771.9258,8,257.924969
-1015.3682,3,257.924977
-721.73975,35,257.98896
-1110.9666,4,258.013866
-1076.5188,5,258.031143
-1055.2805,3,258.05793
-1806.2156,16,258.058062
-2929.8442,10,258.058086
-1210.6628,111,258.093683
-1192.702,8,258.093746
129.6289,32,258.122453
-662.9104,5,258.13959
-1943.7302,4,258.156454
-850.79755,18,258.156525
-1495.6967,25,258.167793
-1350.3092,8,258.185332
-700.09125,24,258.222635
-1732.3359,38,258.238313
-3595.712,15,258.279472
-637.8468,25,258.279553
-1662.5938,14,258.279571
-1952.1287,34,258.291157
-1583.4856,10,258.316468
-1602.1884,37,258.332171
-1761.4316,11,258.332264
-1184.3318,25,258.36785
-2242.3933,11,258.367916
-3503.686,27,258.367933
-1781.4514,7,258.398532
-1063.2286,8,258.421556
-1324.2896,15,258.421632
-1021.664,3,258.421649
-472.16217,36,258.434198
161.52258,52,258.444155
622.1627,69,258.461637
-2289.5366,21,258.46171
-907.83875,5,258.511097
-1352.904,15,258.52961
-2365.2573,14,258.56346
-1097.1761,6,258.574247
-1561.5328,5,258.586452
-1201.5226,4,258.586533
-551.74475,72,258.610119
-279.16357,33,258.632043
-1952.0933,14,258.683235
-998.362,6,258.753747
-394.1148,31,258.766665
657.3384,63,258.785724
-1811.8473,67,258.795635
190.7782,27,258.850499
-3833.1504,31,258.985119
-2015.9026,8,258.995419
-2450.6152,13,258.995491
-468.93005,45,259.006067
-1003.7729,2,259.006144
-993.6009,56,259.019518
-1055.9548,34,259.019601
-397.7334,24,259.019619
-3570.877,19,259.019626
-1943.8248,37,259.031051
-846.01526,40,259.031114
-1765.0642,17,259.051245
-1040.5693,4,259.069823
-98.776306,32,259.137444
-622.24414,58,259.13754
-1480.5901,7,259.16692
-1461.9423,10,259.197074
-1912.6095,47,259.212383
552.5413,33,259.415285
-835.072,6,259.477939
-1307.637,9,259.478005
-1642.325,13,259.506173
-1961.5833,14,259.506233
83.78839,58,259.524453
-1694.7018,27,259.524528
-3370.168,16,259.55666
-1019.07825,3,259.599694
-1412.7749,13,259.638855
-427.9474,22,259.639153
-936.3455,5,259.649642
998.10596,85,259.677921
-965.6951,10,259.692267
-94.38904,54,259.692368
-1084.529,4,259.708132
-1848.921,11,259.708192
-1351.3423,9,259.70822
-807.62616,24,259.708228
-923.7476,38,259.736296
-1077.2942,2,259.73639
-2326.1445,11,259.736409
-726.3368,52,259.753256
-1481.1362,16,259.776687
-885.85675,5,259.776773
-2323.3125,30,259.804564
-1627.4877,4,259.844852
-1069.3948,54,259.857443
-2155.1548,24,259.896014
-1901.0198,34,259.918508
-1260.7014,11,259.943284
-1753.6506,6,259.943343
-868.93176,67,259.943358
-1026.0223,2,259.943374
-1859.1854,7,259.94338
-1077.5754,2,259.99267
-1601.6604,13,259.992746
-1877.946,15,260.025728
-1331.4836,15,260.042023
-1468.8198,11,260.083059
-1194.6802,4,260.083139
-5574.879,22,260.109829
-1672.2413,19,260.136858
-1981.3308,18,260.13695
-1075.7694,3,260.1512
-711.23474,13,260.168011
-921.02374,5,260.192359
-870.5818,21,260.233154
-2594.7769,13,260.233254
-2127.2896,30,260.233279
-1343.2478,21,260.233286
-2100.461,11,260.233292
-1001.4929,4,260.245383
119.26843,40,260.259677
-1031.7069,2,260.273412
-1679.3115,9,260.273451
-1101.9054,5,260.273461
-1029.9053,2,260.286546
-2539.5332,11,260.31099
-1983.6674,4,260.333751
-1118.8481,8,260.344358
-1178.636,11,260.428995
-491.01205,24,260.429077
-1834.6633,14,260.520701
-1033.0101,102,260.537992
-1990.8523,13,260.561489
-1617.5154,13,260.615928
-1204.1686,5,260.615993
-2067.623,65,260.628369
2125.7253,56,260.660867
-1046.6705,27,260.675811
-1872.7986,13,260.69561
435.70117,33,260.69566
-1173.5713,4,260.695671
-259.57,50,260.739285
-997.245,9,260.754934
-1124.9116,4,260.754976
-1697.6484,25,260.775538
-1345.205,22,260.775635
-767.0236,34,260.775655
-1257.0276,16,260.827082
-2165.5947,21,260.838985
-410.67572,46,260.850477
-1756.7572,10,260.85055
-1248.0023,14,260.92842
-1824.3256,9,260.928766
-1800.814,9,260.928796
-1533.7561,10,260.928804
548.27026,67,260.969035
-1129.4154,3,260.981125
-37.258484,41,260.981293
-971.0814,8,260.981373
-2322.5808,4,260.998989
-2838.7954,22,261.067239
-3207.1934,27,261.067284
-1548.5079,38,261.067294
-557.1333,60,261.096146
-1609.3087,45,261.106977
-894.99164,9,261.158437
-1976.5352,10,261.189371
-3376.8735,20,261.18956
-358.49506,51,261.189585
-571.38354,7,261.213133
-2145.7505,63,261.213194
-410.0832,28,261.249174
-1063.7784,37,261.310033
2084.8687,98,261.310111
-2981.976,14,261.319527
-1227.0845,31,261.319603
-953.7061,6,261.343945
-1160.2739,3,261.357226
-4667.554,25,261.3573
-1949.7426,8,261.423931
2750.5786,89,261.423998
-2185.9565,29,261.461654
-2269.585,22,261.461751
-1018.6588,34,261.521113
-1051.9932,5,261.521177
-1549.0344,10,261.531314
-2012.2815,32,261.546952
-2508.9705,7,261.594319
-1074.5548,6,261.645368
-1065.8059,5,261.645448
-296.95618,29,261.669342
-1419.6475,5,261.688608
-2608.499,10,261.700008
-837.5858,9,261.721786
-264.3191,37,261.721868
-281.7578,33,261.721885
-2223.6812,52,261.742329
-2400.4585,22,261.742387
-1515.4565,23,261.742403
-1065.9677,6,261.751698
-1123.6913,4,261.777762
-1199.8282,4,261.777841
-1456.2589,7,261.807323
-1061.781,2,261.807383
-1258.4832,10,261.807392
-1707.4866,73,261.843205
-991.95294,4,261.843284
773.11584,37,261.863592
-309.385,50,261.88803
-1835.427,6,261.888088
-1043.1714,2,261.888105
-912.6194,65,261.902117
-1217.0588,41,261.90218
-998.93854,2,261.924636
-1493.1448,4,261.947996
-942.2763,8,261.948057
-1501.1508,10,261.948073
-1326.3676,8,261.959432
-1052.1991,2,261.959522
-412.50006,65,261.980008
-1360.7764,6,261.991762
-1517.4718,8,262.004938
-2758.5835,10,262.005009
-1169.2843,4,262.005023
-1465.6926,8,262.00503
-1013.5302,3,262.005036
-1023.1542,6,262.06794
-1551.324,12,262.068075
-1179.0479,4,262.084839
-1586.7661,36,262.084951
-2152.5977,52,262.084966
-1105.1062,5,262.145891
-899.3629,21,262.168954
-1064.9078,12,262.185352
-1029.9668,2,262.203947
-1097.0194,7,262.204039
1391.8236,51,262.204057
-1717.8816,8,262.204086
-1016.12286,2,262.221667
-2368.0942,13,262.232921
-1060.7245,2,262.233033
-1985.2986,5,262.28721
-1478.9203,14,262.329425
-3497.1582,39,262.329516
-1087.7367,2,262.329556
-1092.8822,2,262.360843
-3519.8635,12,262.360944
276.43994,73,262.398727
-1213.0995,24,262.410421
-236.16705,23,262.410468
-1025.5928,2,262.453515
-1800.9606,3,262.469536
-864.6623,44,262.500542
-3367.6091,33,262.521042
-1755.6804,13,262.558117
-1704.2327,21,262.587261
-1668.6908,22,262.599479
-1353.8606,7,262.59952
-996.9869,11,262.59953
-2290.6116,45,262.617947
-1913.2693,9,262.617997
-1148.6471,17,262.662183
-1409.1237,39,262.662251
-1201.6833,3,262.675082
-1201.1475,5,262.723355
-1004.2804,6,262.7377
-1603.605,27,262.737766
661.75885,36,262.73778
-982.3821,8,262.763982
-1084.4619,5,262.764066
-1391.7572,8,262.76408
-518.72015,43,262.786435
-183.29492,74,262.799036
-127.37775,24,262.799092
-2105.8984,9,262.799106
-927.99164,5,262.819887
-916.35046,6,262.829184
-941.4637,7,262.850107
-2276.1116,10,262.860218
-1019.7289,10,262.870539
-1659.6815,40,262.901685
-1068.8967,3,262.901776
-3464.975,102,262.967591
-913.5328,28,262.967691
-1102.3993,25,262.997057
-964.65344,9,262.997135
-803.32544,46,263.03839
-2180.5972,15,263.051717
-938.94147,6,263.101299
-1914.8992,20,263.115277
-3016.4731,20,263.129371
-1141.8593,4,263.162513
-734.8894,47,263.179998
-1461.2341,19,263.21205
-492.33197,42,263.267742
-1164.2604,14,263.267826
41.87329,38,263.309886
-163.45172,74,263.322411
-1012.12054,3,263.322478
679.29126,92,263.338121
-1610.6492,19,263.338184
-1002.37964,5,263.350891
60.290894,32,263.350944
-539.9071,32,263.372
-976.79395,22,263.384145
-1224.0791,4,263.398996
-2255.5742,20,263.399078
-5812.401,39,263.399102
-1693.0074,6,263.411781
-1289.0381,30,263.423617
547.208,39,263.446784
-2663.2168,11,263.505691
991.29517,55,263.522322
1865.8362,126,263.536837
-1908.4607,22,263.54877
-1194.3582,4,263.56011
-1243.5063,13,263.604095
-1877.1912,9,263.604178
-1520.584,3,263.627193
-2102.413,13,263.646146
-1415.7546,11,263.662873
-2649.4844,56,263.725067
-1549.6316,7,263.747284
-1117.1217,12,263.763865
2546.0183,110,263.763943
-1426.4062,12,263.775541
-1077.52,3,263.796694
-2112.9897,9,263.796766
-1006.2685,2,263.818065
-1645.8257,33,263.818107
-897.5612,5,263.860682
-1144.5697,3,263.880495
-1966.2733,14,263.880568
-2885.4873,27,263.913925
-866.0464,11,264.0214
-1354.9113,42,264.068543
-2031.7034,23,264.103616
242.4259,64,264.103697
-1155.4032,10,264.12419
-2325.893,25,264.150743
-1731.3634,16,264.168125
-742.49585,34,264.16829
-938.564,9,264.182464
-1638.2928,56,264.212114
-3322.2393,60,264.212201
-1122.8157,10,264.274454
-2281.9666,11,264.303376
-688.2085,52,264.303454
-977.546,4,264.303469
-1241.492,26,264.303476
-2066.4685,51,264.303481
59.774048,57,264.350646
-861.371,51,264.35074
-1005.43317,7,264.397246
-2134.162,15,264.410592
-758.0747,30,264.410662
1251.3127,55,264.426266
-654.11194,37,264.426344
-1716.5055,34,264.426362
-1808.1677,61,264.47348
-370.04102,22,264.491384
-1540.1772,5,264.491494
-1747.9744,14,264.491517
-1164.9432,20,264.5119
-1931.1792,12,264.511974
-1741.5627,18,264.530183
-2199.6406,10,264.555875
-1055.1575,2,264.555929
-1298.099,25,264.579402
-1096.5845,3,264.579615
-1574.4294,5,264.63529
-1461.3121,3,264.63537
-1033.6691,30,264.652005
1472.441,48,264.684201
-1824.9031,19,264.684264
-1026.2922,2,264.704342
-890.31775,15,264.715799
-2941.7712,16,264.715868
1362.9438,59,264.715886
-1486.0803,20,264.715893
-1848.5884,12,264.748019
-1027.1458,2,264.748081
-520.79474,28,264.759357
-1037.8654,2,264.778098
-769.7076,26,264.817027
-1007.7209,7,264.842073
-847.2699,5,264.857307
1517.3136,52,264.915203
-1571.8115,22,264.915264
-579.58496,41,264.93443
-1016.85706,21,264.960617
-1494.6814,14,264.960695
-1234.4558,8,264.96072
-938.7726,22,264.98567
-1210.3627,16,264.985742
-1187.901,4,265.006212
-957.2575,16,265.006279
-960.25775,7,265.032157
-2179.3916,4,265.043264
-58.35736,59,265.072628
-1694.9612,35,265.072989
-1881.7407,119,265.116533
-1846.1332,8,265.116625
-1835.3097,10,265.178781
-1401.3376,12,265.1924
-1620.8855,15,265.192476
-2345.3643,11,265.260434
-2577.0093,13,265.260522
-1017.2264,45,265.279106
-1344.3169,26,265.279169
-1758.3369,41,265.279184
-844.3229,6,265.298324
-1101.8326,10,265.327185
-3058.8193,6,265.327244
-490.05554,61,265.327261
-374.3119,53,265.327267
-1128.5294,14,265.350549
-1042.6564,8,265.350633
-1009.0701,4,265.350652
-1199.697,7,265.380674
-1053.8273,28,265.380772
-932.376,4,265.380789
-1000.44214,5,265.406914
-1430.3724,45,265.459354
-1024.634,6,265.487213
-1006.8589,4,265.519772
-827.69934,23,265.562231
-974.4305,3,265.587947
2396.1418,136,265.5883
-870.9565,6,265.618635
2271.3848,75,265.648091
-1124.8223,3,265.679866
-1767.8842,15,265.679939
-1043.2365,2,265.741884
-975.43317,3,265.741955
-1631.4403,14,265.77346
-1992.0679,19,265.773557
-1174.3578,6,265.845675
-3668.7195,18,265.857938
-1036.4877,18,265.857997
-1153.165,11,265.872011
-1415.8154,13,265.910098
-3471.642,15,265.91016
-622.6833,25,265.931673
-1338.7615,7,265.951823
-263.6261,29,265.982613
-1051.3585,3,265.982683
-982.3575,9,266.015877
-2363.3928,13,266.015962
-437.63818,34,266.01598
-1670.0194,35,266.071269
-1540.6449,47,266.100478
-878.7336,7,266.100607
-1182.2367,5,266.100621
-975.6669,6,266.184139
-1116.7861,35,266.184224
-3407.5151,57,266.226711
-928.09576,6,266.243738
-1024.858,3,266.243811
-1655.4938,14,266.27862
-1662.5806,11,266.278709
-2359.329,17,266.291606
-3479.891,25,266.291669
-155.86304,37,266.323653
-1796.4468,15,266.343554
-2180.3354,18,266.361507
-1326.2886,5,266.361593
-2808.678,20,266.437284
-427.3592,16,266.462921
-2539.5747,8,266.462993
-2712.943,10,266.481581
-995.7097,24,266.526247
-215.39551,41,266.526305
-937.6822,4,266.542562
-2071.4,5,266.557303
-1098.3147,70,266.557373
-1898.3027,14,266.578241
-1917.4948,22,266.595938
-1021.07495,7,266.638247
-1179.4095,82,266.652017
-1777.1316,13,266.652088
1196.938,92,266.671218
-1863.1243,45,266.701785
-711.0299,51,266.70188
-689.5123,29,266.718826
-859.56573,106,266.756234
-1018.6285,7,266.786194
-940.8913,6,266.78626
-3819.8633,31,266.839941
-975.86884,4,266.862775
-1412.5747,20,266.87376
-1010.3019,8,266.873836
-2268.0042,11,266.914732
-18.058594,21,266.936565
-2671.6785,46,266.948001
-1118.2614,8,266.948077
-1244.0261,44,266.958688
-1094.6166,5,266.958752
-1602.7457,3,266.997631
-1190.7051,5,267.011081
-1489.0356,63,267.011157
1245.6301,88,267.021028
133.96918,41,267.021097
-767.2545,8,267.033017
-1098.0078,28,267.042775
-2444.7554,30,267.081065
-2106.1445,16,267.081156
-1002.69586,6,267.09817
-1465.0369,32,267.098322
-2415.4446,11,267.098351
-1244.3474,49,267.282684
-22.538086,123,267.30059
-1044.3097,7,267.300671
-1071.1893,3,267.324839
-1302.3015,19,267.324926
-3915.671,28,267.356023
-947.84,4,267.365913
-1180.4905,8,267.37773
-1035.1833,8,267.377809
-2486.329,15,267.389206
-1583.2592,14,267.408015
-1595.9445,9,267.408081
-1168.3373,4,267.469844
-1279.2511,6,267.469908
-956.9951,8,267.469922
-1145.2748,4,267.515742
-1159.7699,32,267.515819
-2158.776,24,267.528167
-396.30646,43,267.677165
-981.9872,7,267.688759
-504.46924,30,267.699994
-1979.2563,40,267.710534
-1804.0151,5,267.758625
-821.78253,22,267.773605
-1059.8832,4,267.785214
-1781.353,42,267.797558
-646.0758,38,267.840469
-1644.4307,11,267.853316
-957.8141,7,267.853359
-5129.33,31,267.868761
-2120.764,24,267.868848
-1195.7881,8,267.905366
-1669.39,60,267.905488
-2331.712,36,267.9055
-1070.341,3,267.933565
-522.0791,27,267.933653
-727.03973,9,267.945073
-599.9936,38,267.945151
-1292.1279,11,267.961403
-1593.7556,6,267.961481
-972.85114,6,267.961495
-1897.5769,8,268.01939
-897.7254,5,268.029527
1180.6321,79,268.053479
-2391.9521,14,268.081794
-1565.4785,14,268.102281
-1668.481,12,268.114034
-1698.0555,11,268.114421
-1893.2605,47,268.126675
-2913.7227,15,268.13676
3428.7239,81,268.155267
70.26062,39,268.15534
-1130.6332,3,268.182345
-712.41455,57,268.182431
-1449.4781,7,268.214649
-1073.5581,2,268.266329
261.5586,24,268.309952
-903.58936,7,268.321035
762.8845,93,268.336876
-475.6463,17,268.336924
-303.89276,38,268.336933
-1013.477,2,268.336939
-3270.978,30,268.358738
-1117.9734,9,268.358812
-3079.787,16,268.35883
3781.915,115,268.374023
-2869.8738,12,268.411032
-976.6863,3,268.411226
-2779.0793,64,268.41127
-110.25256,28,268.438989
-1080.4945,5,268.43906
-1430.4984,16,268.439091
-1780.3022,9,268.462933
-1118.019,6,268.505204
-2336.856,18,268.505283
-386.77063,30,268.51598
-1038.3828,8,268.516047
-1052.6724,5,268.541818
-1390.2164,9,268.541923
-988.7248,9,268.555625
-1368.4452,9,268.555696
-946.79913,3,268.588331
-1471.8473,5,268.58839
-351.78583,68,268.588408
-915.5803,7,268.600109
-891.8815,5,268.600203
-1091.0441,2,268.628315
-1746.2917,11,268.628416
-876.84766,7,268.62844
-1096.8588,3,268.643898
-1319.3503,14,268.644001
-2019.8701,34,268.644024
-571.05585,25,268.696482
-2482.289,27,268.747424
-1008.86597,7,268.79016
-1885.6298,6,268.790242
-1515.1635,9,268.850557
2240.504,87,268.850657
-5048.516,23,268.912495
-528.78925,23,268.935177
-1616.9392,12,269.082618
-875.72186,7,269.102732
-1554.2307,13,269.145393
-733.9061,29,269.232787
-660.16077,19,269.282518
-1298.335,34,269.282612
-3138.415,54,269.282631
-1685.5964,28,269.296138
-1021.20905,30,269.347999
-970.2516,3,269.34815
-916.66907,33,269.39918
1629.5537,42,269.421668
2215.4556,72,269.421794
1591.4891,50,269.435379
-2303.982,13,269.461364
-1103.17,4,269.461442
-2532.604,10,269.475265
-1283.4609,22,269.510453
-1357.2114,42,269.531287
-1106.4478,3,269.531426
-3200.3984,42,269.531452
-1015.03296,2,269.579052
-1468.0298,11,269.615083
-1454.1162,8,269.615165
-2171.6821,5,269.634218
-1188.9436,4,269.647113
-1738.9083,18,269.647186
-117.41254,59,269.647212
-472.22778,43,269.702452
-1553.995,11,269.727033
-1044.3213,4,269.727084
-401.03796,21,269.754594
-2135.489,7,269.75484
-1469.6072,55,269.774331
-1476.7168,13,269.80044
-4519.48,45,269.800593
-1064.1371,10,269.819044
-1447.0603,5,269.819266
-3337.2515,26,269.857025
-2190.8374,120,269.878173
-951.2381,7,269.878346
-1681.97,69,269.891499
-919.77594,7,269.891689
-2561.3823,8,269.904438
-2098.8257,41,269.916499
-1083.818,7,269.944845
-1371.547,8,269.96993
-858.66925,7,269.997755
-1995.0592,5,269.997799
-3061.185,52,269.997842
-1440.5376,9,270.063854
-975.4934,13,270.063926
-1035.5981,5,270.083618
-1234.9841,7,270.104384
-962.27515,41,270.104476
-2466.627,26,270.171663
-52.506897,40,270.186303
-1227.7142,5,270.186398
-1040.1509,10,270.186413
-2488.5093,24,270.235952
-3442.1157,31,270.236025
-3506.9082,14,270.288745
-2207.5566,18,270.298575
-811.6146,36,270.309346
-1711.4381,10,270.321089
2142.4985,98,270.364638
-1104.3069,3,270.438694
-1118.5392,5,270.43877
-3312.4683,30,270.450657
-1172.6313,35,270.4828
-209.92725,30,270.503994
-3562.976,21,270.51517
-933.684,6,270.540063
-1057.9731,2,270.583739
-961.7605,11,270.617321
-1020.1543,2,270.617393
-1832.9631,32,270.635122
16.606567,65,270.64645
-929.7085,13,270.646514
-1690.361,29,270.668611
32.97046,45,270.698042
-1040.4823,2,270.724695
184.26367,71,270.770904
-1556.5918,14,270.794484
-1164.2717,15,270.840669
-1707.3025,93,270.840955
-678.46234,50,270.857121
-2532.329,30,270.884506
-1238.012,4,270.935292
-983.74176,6,270.95907
-2045.908,14,270.959165
-2366.6074,20,271.015068
-1587.4344,8,271.046782
-1072.3829,19,271.086599
-2011.7426,21,271.08669
447.3341,24,271.098509
-577.9578,48,271.111055
-1717.4783,9,271.111132
-1349.8958,76,271.150154
-1598.1533,18,271.166128
-522.8382,60,271.16624
-1523.81,7,271.166259
-1792.5552,75,271.179701
553.1218,62,271.179786
-1400.52,6,271.192821
-1981.5385,6,271.242118
-1754.7855,54,271.254413
-353.77057,28,271.254477
-1499.849,10,271.254493
-1901.0134,13,271.267015
-240.61884,61,271.293453
-1071.6924,34,271.312573
-1478.783,10,271.31262
-781.06506,16,271.312631
-1063.2666,3,271.348672
-1024.5562,2,271.348774
-1571.4526,9,271.399722
-831.17896,6,271.411488
-1523.7104,4,271.41155
-1112.9822,10,271.411566
-1363.2832,40,271.424323
-1002.86865,3,271.480611
-1099.2693,4,271.480695
2411.5195,77,271.501012
-1033.1349,2,271.511657
-1376.3923,32,271.533102
1817.7446,71,271.544889
-1014.29584,18,271.544958
-1951.0544,26,271.565771
-690.10474,38,271.565874
-2209.3127,7,271.587372
2824.8306,155,271.631567
238.25568,57,271.631645
-1699.9775,20,271.655294
-1564.954,15,271.665375
-1064.711,8,271.687633
-1406.7108,12,271.709116
-3859.8145,38,271.70919
-456.05573,28,271.720863
-2307.3262,38,271.73272
-1058.5406,14,271.748627
-1117.6951,4,271.760279
-1224.6499,38,271.760346
-881.48804,24,271.787122
-2808.6572,20,271.811514
-1176.3041,6,271.811587
-2482.1921,17,271.811605
-1003.5629,5,271.811612
-1637.0669,4,271.835478
-2491.3174,38,271.855939
-2528.0762,16,271.904788
-1588.689,6,271.930426
-2946.0073,61,271.94942
-1300.1154,6,271.985348
-1417.7828,13,272.030863
-1430.0172,25,272.03095
-1959.5583,21,272.030968
-1099.8132,2,272.059413
-956.2094,4,272.059486
-2277.9766,24,272.059505
2693.4075,51,272.091372
-1122.5502,3,272.103478
-1997.7693,16,272.120415
-2692.7988,12,272.120516
-1070.98,10,272.148082
-102.19397,91,272.171161
-1044.459,2,272.202674
-1701.3252,7,272.215459
-1302.9099,18,272.24716
-1046.9668,2,272.247228
-1146.1261,9,272.266297
-2451.9824,19,272.26636
-1140.8699,10,272.282457
-1130.5304,7,272.282558
-1796.7764,12,272.309808
-1612.2756,30,272.3365
-1291.8114,23,272.336596
-1093.7145,6,272.35079
-1011.33636,5,272.350878
-633.08325,67,272.371763
-647.05756,15,272.396606
711.66797,36,272.396717
-2055.8477,7,272.39674
-982.93805,8,272.436664
-1542.9452,16,272.436737
-1481.3604,3,272.436753
-884.43,5,272.436761
-1599.8539,10,272.458545
-96.97504,61,272.481448
-1294.7969,14,272.481524
-1069.6636,3,272.481544
-414.88702,32,272.48155
-1323.557,10,272.506968
-1645.4597,15,272.542123
-2248.499,20,272.542185
-3418.2432,11,272.542232
-1422.4019,10,272.557686
-1235.6246,48,272.583998
-1215.8604,12,272.584107
-1279.2325,9,272.607794
-1004.2528,5,272.649758
-2332.4004,49,272.676037
-798.7133,9,272.676168
-1034.327,68,272.707482
-994.8778,11,272.780916
-1112.163,8,272.781007
-2675.2737,39,272.781026
-382.7558,33,272.817478
-1969.8787,63,272.851429
-1107.5775,7,272.888739
-1917.9384,8,272.980108
-1128.7056,3,272.980201
-2465.2031,32,272.980218
-1011.70447,6,273.032208
-1014.652,2,273.056941
-1082.7521,7,273.098734
-1886.9854,8,273.098785
-964.18854,5,273.098796
-1229.4021,4,273.122374
-1069.3843,2,273.154107
-336.72876,18,273.204355
-633.47784,26,273.324333
-990.8253,5,273.324416
-1453.6692,4,273.358152
-1295.3441,5,273.358233
-1892.7258,37,273.385921
-2867.142,11,273.385995
-1804.4425,16,273.386013
-2075.6018,9,273.4229
684.1637,30,273.455526
-815.4365,4,273.487439
-976.7643,4,273.489889
-1742.4442,6,273.527757
-1124.5677,6,273.582766
-1903.583,32,273.622389
-988.24243,7,273.622968
-299.79803,36,273.653482
-1163.2637,4,273.653604
-234.6908,39,273.69268
-4411.3945,19,273.729401
-1019.4116,3,273.779035
-1573.4507,10,273.779134
-3068.2712,30,273.779153
-1179.1217,5,273.824406
-1595.8063,13,273.848463
-1509.4895,11,273.873666
-1237.3877,8,273.873748
-648.1902,47,273.899509
-1440.1833,14,273.899587
-956.7714,4,273.914408
-990.05835,9,273.946953
-678.42285,23,273.965036
416.1319,29,273.965126
-340.76508,39,273.965155
-467.06946,58,274.007453
-1344.7404,16,274.018282
-2029.6821,12,274.029508
-1734.7761,18,274.071992
-1015.68,15,274.072045
-1116.1838,7,274.093952
-607.2894,57,274.115941
-2906.1514,54,274.116007
-1295.8082,22,274.127935
-2095.2593,14,274.143947
636.67957,47,274.191461
24.128052,61,274.204216
-851.86816,35,274.204302
-1642.4275,9,274.204318
-542.6791,33,274.229011
-914.02515,8,274.229109
-1057.3871,3,274.243073
-749.65283,30,274.256622
-1050.3231,5,274.318175
-1097.6119,7,274.318267
-1446.4624,31,274.331318
-986.75653,13,274.35378
-1934.099,10,274.353859
-2710.2397,15,274.402698
-157.0711,37,274.402775
-1058.7633,4,274.411582
-2574.0154,45,274.425305
-907.84894,29,274.425379
-974.77496,9,274.437762
-965.16034,7,274.449531
-507.2177,23,274.44961
-769.5212,37,274.461123
-475.59827,29,274.494415
-1506.5416,27,274.494496
-5084.0503,32,274.508662
1493.7878,93,274.520432
-987.836,6,274.556326
8.375732,33,274.567548
98.09155,45,274.579438
-975.4903,5,274.595035
-1124.2917,5,274.62219
-1277.5518,17,274.654587
-2183.4077,16,274.66558
-1634.1387,125,274.683857
-1816.3127,13,274.683934
-1061.9443,2,274.683951
-1194.2311,4,274.728411
-2283.755,12,274.761355
-1027.6743,5,274.78222
1927.1863,64,274.812526
1221.4761,48,274.823995
-3695.7036,21,274.824064
-1527.2743,6,274.86099
-2700.4956,38,274.883679
-842.61865,37,274.883782
-2740.649,28,274.945634
-704.54846,27,274.945821
-129.23285,42,274.965514
-1050.1357,6,274.965567
-3098.2275,9,274.965579
436.30865,80,274.987093
-2833.8296,23,275.008277
-1093.8561,3,275.029949
-2543.8154,39,275.062725
-1073.1636,5,275.062794
-830.2618,92,275.09593
-534.0842,28,275.12318
-909.9997,7,275.123293
-1042.6047,3,275.159333
932.2737,77,275.159405
-929.58966,6,275.159421
1094.6278,55,275.199397
-934.55804,25,275.293369
-1321.3643,47,275.321536
-2665.4365,16,275.32164
-576.6918,50,275.321889
-1300.8151,12,275.321905
-2185.21,7,275.537967
-2044.857,9,275.538054
-1001.0591,6,275.565732
825.29364,56,275.656677
-2910.5757,19,275.716955
1132.1721,59,275.717041
-2803.0308,9,275.740166
-770.7847,8,275.740231
-1838.477,10,275.750891
-1123.0741,11,275.77279
-166.58722,29,275.800674
-1148.902,6,275.834486
-1257.94,4,275.84801
-1159.8236,22,275.848109
-1114.4961,27,275.870891
-421.1991,18,275.895259
-989.9547,3,275.895321
-1787.7421,16,275.913254
-947.22754,5,275.936215
-443.58716,22,275.936293
-1301.5201,15,275.95165
-1139.9412,7,275.951702
-2348.1738,12,276.054195
-1191.4225,5,276.054271
-785.21436,21,276.054284
-1552.4694,41,276.122381
-1516.009,9,276.149121
-1033.9161,2,276.149195
-1623.9142,11,276.168197
-1252.3174,16,276.190462
2533.095,102,276.190576
-1444.8037,9,276.205237
-1573.9749,16,276.20534
-1140.2493,3,276.239174
741.10974,32,276.239255
-975.9232,8,276.275673
-1126.9052,4,276.275745
-1999.1979,50,276.331047
-1027.2656,52,276.331144
-1799.9712,14,276.362624
-1337.2415,10,276.362704
-2696.1243,49,276.377969
-1112.6127,10,276.393131
-1048.3011,2,276.393228
-2824.7976,14,276.409767
-1498.8134,11,276.409879
-1676.5558,18,276.438657
-976.6495,2,276.43879
-1152.2611,3,276.45588
-2085.2183,12,276.455954
-677.80994,44,276.455969
458.578,59,276.474491
-1276.2522,14,276.484259
-1028.7101,3,276.484342
-1278.7314,8,276.498363
-1096.4443,2,276.510571
-1013.0323,2,276.510646
-1362.5054,9,276.528231
-359.41614,35,276.542348
-891.3989,6,276.542416
-1743.0885,11,276.553101
-1086.0631,5,276.588716
-1876.2284,68,276.588801
-959.14374,3,276.624864
-1971.4484,5,276.624953
1368.5026,66,276.635551
1318.72,89,276.652376
-1398.122,10,276.675177
-1361.5375,9,276.675235
-2228.6836,17,276.696448
-802.07117,42,276.696515
-988.63184,2,276.696532
-1675.852,51,276.708294
-984.40717,2,276.719768
389.12866,62,276.735109
-1306.03,9,276.746964
-1650.9957,17,276.747026
-1073.4098,7,276.785351
-886.7464,7,276.785425
-1992.1685,35,276.824309
-2050.0674,13,276.839955
-589.9517,16,276.85525
-1034.3945,3,276.881572
-1195.8046,4,276.881892
-1703.9478,144,276.881926
-3408.8955,37,276.881934
-1843.7778,8,276.898112
-1821.3186,11,276.898192
-1491.7489,11,276.89821
-1402.0529,13,276.908342
-955.38074,16,276.920684
-2264.8877,35,276.920793
110.32843,32,276.93454
-894.00476,3,276.93466
2959.607,121,276.934684
-953.3063,24,276.955854
-974.1527,5,276.955952
-1250.6135,4,276.955977
-2026.4038,12,276.955983
-843.8729,37,276.968497
-1085.2616,6,276.979321
-1055.4491,4,276.991805
-1122.378,4,276.992146
-1305.7153,7,277.017983
-1879.2804,5,277.018051
-2779.2856,10,277.018067
-950.6455,35,277.018075
21.537476,51,277.054754
-1303.6024,5,277.065774
-1856.0637,8,277.078566
-2162.7578,8,277.09026
-796.74756,7,277.090333
-361.90723,71,277.090351
-1346.2194,6,277.105324
-990.772,46,277.105383
-400.1972,33,277.105398
-1250.2158,13,277.11932
-949.9182,29,277.119398
-950.076,6,277.128088
-1092.6274,4,277.128176
987.0488,124,277.140185
-1511.2225,3,277.1502
-2497.3413,10,277.150256
-1580.3906,4,277.172858
-1708.9333,23,277.186492
-1909.5918,18,277.186609
-1118.2236,48,277.234885
-1198.7991,7,277.249845
-280.79248,31,277.284205
-2164.1567,14,277.299148
-1233.506,26,277.313765
-941.1851,4,277.313891
-2430.1035,22,277.32498
-1184.8745,22,277.325042
-922.8424,3,277.339482
-1154.2201,5,277.350957
-1226.8229,19,277.372564
-1075.797,4,277.372646
-2028.0544,20,277.384142
-3492.5576,22,277.433528
-994.66534,10,277.449476
-1776.6697,18,277.449576
-1259.7552,8,277.474364
-1425.424,29,277.488432
-1795.0491,6,277.514933
-2755.6614,22,277.546684
-1100.2614,5,277.571315
-1366.2567,13,277.571466
-1534.263,6,277.571497
-1147.2012,16,277.586476
-1135.4813,31,277.586548
-1016.0741,36,277.598616
-1134.8439,18,277.598694
-883.3991,6,277.613998
-1026.8577,2,277.614078
-1571.2782,31,277.638692
-537.25415,52,277.650276
-2605.8086,7,277.664044
-306.67493,34,277.664157
-1074.8362,9,277.689466
-1369.3069,8,277.701699
-2050.8892,12,277.723796
-972.5644,19,277.724137
-938.2894,6,277.735344
-2122.1648,44,277.7663
-1647.168,13,277.778396
-685.1061,48,277.778462
-1034.2014,16,277.790198
711.883,54,277.80522
-850.3255,8,277.805281
-858.65247,35,277.805297
2636.7817,69,277.832364
-1046.9646,2,277.832427
-1543.5392,6,277.843756
-996.6143,2,277.8643
-1607.3276,19,277.879534
-27.371704,38,277.87968
-910.20703,4,277.879698
-1873.7551,20,277.976855
-2885.246,22,277.989448
-1939.6411,10,277.9896
-2883.954,67,277.989631
-503.21582,18,278.027752
-1203.5762,4,278.040179
-3359.9238,54,278.040577
-1849.6499,36,278.057661
-729.40375,87,278.082633
-2959.4536,9,278.106344
237.05463,26,278.134966
-1355.8628,12,278.147335
236.68549,31,278.170367
-1096.6459,5,278.213602
-1354.5177,29,278.251124
-1998.7616,22,278.267968
-1096.4017,4,278.268005
-5115.0156,62,278.268014
-1460.6205,14,278.268021
-3150.4717,55,278.279951
156.05988,46,278.280021
-1379.1356,11,278.280037
-2876.8125,32,278.299653
-1028.0823,2,278.299723
-3010.2363,20,278.299737
-1003.4353,4,278.315131
-317.1057,41,278.327263
-1917.6984,35,278.338253
-958.8851,5,279.484063
-1648.5774,6,279.511337
3033.491,105,279.511401
-1085.3888,4,279.521062
-1081.359,2,279.541069
-201.93689,56,279.541164
-964.23334,4,279.554448
-1299.8093,9,279.574222
-2078.2773,11,279.574283
-1315.2474,11,279.586039
-2270.4536,30,279.60402
-902.172,7,279.643338
-1633.6316,50,279.643405
-1436.4324,8,279.643435
-972.91705,6,279.655559
-1024.4004,7,279.667515
-2078.8152,10,279.685675
-1514.0742,58,279.697742
-1250.8625,6,279.721853
-1040.8531,7,279.73321
-1242.5999,7,279.745465
-1730.8484,25,279.762188
-1015.4279,3,279.762264
-1098.3003,2,279.776013
628.84564,71,279.80214
-1268.983,76,279.81864
-153.90613,41,279.818679
-3208.2163,11,279.81869
1903.2052,81,279.830908
-1362.3213,10,279.830971
-1505.013,48,279.840225
-866.5221,5,279.862166
-1039.4465,2,279.862226
-1585.0833,6,279.886216
-1431.6066,19,279.924906
-1496.0801,12,279.924984
-776.1573,31,279.925019
-3783.645,26,279.925031
-1253.4038,7,279.95088
-1732.4622,16,280.020341
-1402.9064,15,280.043721
-239.75458,23,280.043813
-2028.8134,25,280.043831
-1455.3066,5,280.114586
605.14813,60,280.114667
-77.19708,53,280.138025
-1039.9622,2,280.138102
-991.8046,8,280.158712
-1082.0304,26,280.158817
-1557.6489,20,280.187224
-748.84924,57,280.211659
-912.99066,8,280.225332
-1821.0619,6,280.225403
-326.19012,26,280.259454
-1782.4783,10,280.284468
-945.005,8,280.284583
-566.51215,29,280.301918
-2142.5251,83,280.301983
2117.8938,68,280.314259
-387.74237,39,280.314418
-1832.7861,25,280.346046
-2031.0598,17,280.358441
-938.68744,5,280.371368
-1397.8734,12,280.371432
1522.6912,72,280.383636
-2033.7725,64,280.383721
-253.80865,48,280.419322
-2443.2961,12,280.429142
-899.62683,6,280.429214
-951.4819,6,280.445101
331.35315,32,280.45644
1346.7985,76,280.472324
-1269.886,5,280.517649
-1225.4932,10,280.517725
-1961.1409,19,280.545005
-3578.2856,18,280.545102
-2254.1848,18,280.545117
-312.92725,74,280.57775
-874.42126,28,280.608383
-1103.5231,4,280.608834
-1071.8154,5,280.618895
-1599.4149,10,280.636645
484.4591,54,280.65091
-2932.1582,14,280.650972
-3280.3428,55,280.700501
-278.9649,40,280.715003
-1763.9128,11,280.715059
-3053.2686,19,280.715074
-1206.3491,5,280.726475
-2340.961,9,280.73784
-789.89417,65,280.764146
-2613.1162,16,280.764275
-2368.9214,6,280.788474
-1202.3549,17,280.810506
-2775.0312,15,280.810574
-3466.4653,89,280.823951
-1026.9788,3,280.84639
-3416.1152,17,280.873235
-2088.111,19,280.884862
-1682.7834,5,280.884937
-1517.5549,12,280.913258
3684.789,87,280.913317
-1377.4563,46,280.934696
-1863.4028,18,280.946792
-1023.87024,4,280.961101
-1039.4604,2,280.96118
-1100.975,5,280.973568
289.40002,44,280.973662
-1064.1128,3,280.986176
-1027.4171,14,281.017849
-2601.8835,43,281.017911
-1075.53,6,281.040995
-1604.2292,51,281.04106
-1102.9279,6,281.041078
-1882.6774,3,281.077928
-1202.9364,3,281.078055
99.32947,65,281.07809
-1739.2817,28,281.161543
-769.79846,36,281.161636
-632.2812,33,281.173752
-1609.9573,18,281.198765
-1040.0521,2,281.198828
-2660.3037,15,281.225273
618.48083,46,281.225344
-106.50348,35,281.23596
-989.7095,3,281.269538
229.87378,43,281.269617
-1138.8344,45,281.289471
-1697.7261,42,281.289541
-980.683,9,281.300792
-940.116,8,281.322273
-3574.926,22,281.322338
-2945.3696,70,281.332929
-943.88666,5,281.332974
-1069.7542,9,281.348178
253.38757,62,281.365797
-1046.1813,5,281.388505
-1304.7957,5,281.410848
-1371.8552,8,281.410912
-335.83112,44,281.4824
-1121.4336,5,281.48249
-1846.7064,9,281.494519
-1141.345,8,281.518578
-27.708252,33,281.541847
-2581.1504,18,281.541945
-514.13965,41,281.555364
2906.4658,96,281.578761
-998.8628,3,281.58935
-383.51752,40,281.602075
-1072.8765,2,281.621009
-1022.90204,6,281.648444
47.170044,29,281.684957
-1521.7616,25,281.685049
-2593.6733,33,281.685066
-1055.0459,2,281.717493
-1478.2998,12,281.746991
-1043.4062,4,281.74706
-1137.8123,7,281.747075
-2572.37,18,281.747082
-2741.7246,28,281.762522
31.948242,66,281.792487
-910.96075,5,281.817147
-1410.0675,6,281.81721
-1852.8904,33,281.85523
-516.55597,57,281.867143
-923.5648,6,281.867215
-332.53168,59,281.894187
-2005.1931,14,281.894285
-234.7713,52,281.8943
-1417.5775,14,281.91486
-1555.73,6,281.923227
-930.122,3,281.957672
-2007.358,73,281.958001
-408.2044,36,281.968426
-1097.8369,3,281.997011
2055.6675,113,281.997105
-1200.623,10,282.008666
-1034.0664,4,282.019286
-980.59076,7,282.048247
-915.44025,14,282.062681
-1802.064,35,282.062768
2391.0469,89,282.062789
-1043.0364,3,282.062797
-513.7278,64,282.099019
-1758.6625,17,282.123565
161.32593,43,282.145273
-1431.0605,12,282.154957
-893.2607,9,282.165228
332.60767,35,282.165309
-414.36957,30,282.17821
-1063.4098,2,282.18848
-1047.6624,6,282.188565
-1119.1383,3,282.219954
-2165.1284,14,282.230939
-1649.2935,55,282.230998
1842.923,73,282.242399
-229.09784,63,282.302169
-1209.4453,7,282.322609
-1856.2876,22,282.344191
-1501.2468,9,282.355262
-2702.6223,55,282.395559
-1078.1443,26,282.395635
-1064.4335,22,282.39565
-1115.4081,3,282.408323
-2704.4683,26,282.408397
-1704.1577,5,282.422715
-1089.9535,6,282.48142
-1819.1111,11,282.481493
547.10315,88,282.579723
86.60022,40,282.593157
424.3039,40,282.593247
-1408.02,10,282.593267
-1576.7227,24,282.593273
166.69824,56,282.604481
-1781.1489,17,282.604564
-1736.6138,6,282.617533
-4293.1416,30,282.62921
-964.31165,3,282.648352
-1019.88794,4,282.661542
-2229.3064,16,282.672326
-1082.7927,7,282.693807
-2178.5635,11,282.693932
-1918.5013,58,282.69396
-993.8021,5,282.720155
-1555.1217,58,282.720237
-3079.2156,18,282.720256
-972.9386,3,282.760425
-1661.0393,8,282.780064
-2599.4082,8,282.80609
-1905.9685,16,282.817369
-3358.1113,40,282.817434
-1081.5165,8,282.836681
-1174.2881,4,282.836786
-3238.0679,69,282.856844
-1115.3607,3,282.856933
-1058.8054,10,282.872034
-1022.26483,6,282.903822
-1045.2162,43,282.90393
338.5888,31,282.919928
92.62567,52,282.932843
-2204.5676,17,282.932941
-2604.654,23,282.948251
-1848.2009,7,282.94834
-816.4967,34,282.948361
2556.327,87,282.959365
630.03564,53,282.972435
-923.89716,10,282.972534
-817.5329,26,282.99664
-1272.164,5,282.997154
-1173.4902,5,283.008047
-984.3302,33,283.051791
-1221.7161,15,283.06726
-2344.4111,7,283.096585
-3585.604,111,283.09666
-924.7561,30,283.120531
-1895.1777,17,283.148205
-1297.3622,9,283.148327
-1484.4119,12,283.176184
-1924.6598,14,283.176253
-1137.2415,19,283.176269
163.31482,41,283.176278
116.43457,35,283.176285
-890.23975,6,283.186961
-741.4441,7,283.215658
-2823.3918,19,283.215722
86.58374,22,283.250663
-1034.2821,4,283.263545
-3867.9731,31,283.263632
-1788.576,24,283.283494
-1227.9009,24,283.296127
-1797.0991,10,283.296226
-1486.366,8,283.307818
-1868.9568,13,283.336647
-1187.1998,8,283.355279
-1994.9498,7,283.408097
-1020.0204,5,283.431016
-1146.0125,6,283.43109
-1119.8615,62,283.445735
-2363.6702,13,283.445841
143.88843,52,283.49569
-3151.3188,47,283.508104
-1135.7196,6,283.542408
-843.6748,6,283.542486
-1940.1025,16,283.556459
-3787.2417,50,283.621644
-952.19855,6,283.621731
-943.3734,7,283.621753
-3089.1797,25,283.641411
-1056.7225,3,283.65281
-1762.158,43,283.65287
-1142.3501,3,283.670577
-911.38684,39,283.692312
-2279.0664,13,283.692417
-2325.8884,65,283.70322
-1999.1929,11,283.744328
1475.1101,106,283.755016
-2010.2544,26,283.755094
-1098.9932,3,283.789337
-1450.2125,12,283.789412
-1089.0574,4,283.789428
-1253.1068,11,283.817593
-1100.2706,2,283.817908
-960.546,13,283.827758
-1038.4979,3,283.85106
-190.64258,55,283.85113
-1115.3815,3,283.896169
1260.0758,61,283.896251
-1396.8827,9,283.916102
-170.65839,67,283.935846
7.833557,36,283.945388
-983.07635,5,283.955755
-2045.4719,54,283.976431
738.90076,82,283.988209
-1912.6465,17,283.997578
-692.5967,29,283.997654
-1524.2021,8,283.997672
-2026.1012,15,284.008766
-1449.113,68,284.008846
-1914.1436,50,284.022651
-1095.4692,5,284.046829
-1260.7985,3,284.059005
-844.2595,5,284.059093
-980.2506,7,284.091779
-1055.292,5,284.102952
-552.3386,52,284.1229
-1430.609,17,284.149417
-2246.3848,41,284.178011
-1642.9268,11,284.219532
-905.77893,11,284.230733
-1700.5109,20,284.230803
-2328.9824,28,284.251592
-1524.3906,14,284.274259
131.86426,57,284.284557
-2089.3442,10,284.284627
295.2528,84,284.295256
-1637.4764,15,284.308128
-2366.5366,8,284.308196
1248.8573,91,284.308213
-1996.613,28,284.319211
-808.97485,8,284.319265
-803.3456,7,284.33155
-1924.7518,6,284.356864
-1573.9784,26,284.356951
-591.541,44,284.367111
-1367.054,5,284.367175
-3513.6868,31,284.367191
-13.769226,42,284.378262
-1033.2076,2,284.391049
-1364.6703,10,284.422418
-1095.2034,4,284.422513
-1335.8545,9,284.42254
-1365.3661,9,284.432191
-2336.705,7,284.432245
-5238.537,44,284.457888
-1070.9963,9,284.468956
-2048.5374,16,284.477701
-1652.6786,6,284.489398
-1067.1042,2,284.489471
-1389.8093,19,284.489488
27.671143,39,284.501359
-2566.1355,12,284.501423
-1047.514,4,284.501442
-1027.5367,4,284.551556
-3326.2283,28,284.551622
-1230.9575,12,284.573326
-1680.253,52,284.573385
-1766.1201,7,284.5734
-2047.3256,7,284.587089
-872.1437,8,284.587143
304.76007,76,284.587159
479.94434,72,284.605665
-1016.011,2,284.605739
-3523.8499,24,284.635088
-1614.7188,10,284.675037
-1102.7424,8,284.685469
-874.26807,8,284.696672
-948.7223,23,284.773416
-560.73975,41,284.794213
3417.1648,85,284.805333
-3118.9502,22,284.805387
-1229.7434,34,284.83717
-1256.9337,29,284.837227
-843.04254,4,284.894529
-15.312073,57,284.956809
-7.2193604,32,284.982301
-1022.0074,3,284.993289
-1425.6511,34,284.993348
-198.10028,28,285.006463
-3633.9963,17,285.018209
-1463.7915,52,285.044086
-1556.3804,17,285.044175
-864.28625,5,285.044195
-1253.8978,49,285.066557
-999.08295,4,285.06662
-712.6654,57,285.100517
1611.9918,159,285.100587
-1008.06067,140,285.100604
313.64105,68,285.112052
-1619.3878,19,285.112122
-972.45807,6,285.132092
-1094.9777,2,285.132157
-1596.3478,10,285.151036
-1142.3662,5,285.151099
-165.4729,46,285.173923
-910.27856,3,285.184731
-337.8684,36,285.197496
-2375.0916,18,285.206678
-491.6615,46,285.2174
-685.11,37,285.227385
-1004.2835,5,285.227448
-1683.5736,18,285.23783
-966.4308,4,285.249376
-486.04584,58,285.249442
-1136.3405,4,285.261081
-2519.7725,15,285.271266
-2129.5737,12,285.285976
-1098.6041,5,285.308149
-2231.5662,20,285.317409
-3613.3672,44,285.317469
-1687.1792,25,285.347813
-968.73224,21,285.365693
-3334.462,30,285.380256
-1439.3519,13,285.380314
-3365.1155,16,285.380327
-923.4863,36,285.40065
-1059.9791,2,285.400726
-2289.0613,74,285.433133
-1041.0168,3,285.433208
1541.063,64,285.433226
-1999.0144,6,285.444331
-3061.178,16,285.44439
-1110.0715,12,285.456457
-970.1747,17,285.466365
-3184.1055,21,285.466419
-1909.3743,16,285.488406
-1058.0244,2,285.510527
-2981.027,12,285.531673
-1992.8365,10,285.543598
-3135.843,10,285.5437
-1012.2178,9,285.569464
-1054.3486,6,285.580281
-950.8878,28,285.599441
-1251.7412,45,285.599511
-1598.7029,22,285.612063
-1106.9077,4,285.612128
-1099.0453,3,285.636021
-964.2136,23,285.636093
-1018.5006,5,285.636107
-1056.5668,4,285.667355
-1145.5933,4,285.667448
1970.7188,110,285.667482
-982.4656,7,285.686029
-966.4824,5,285.696818
-614.4016,21,285.708846
-2784.9575,46,285.708909
1845.5992,98,285.731588
-1022.9273,2,285.741744
-3267.9487,17,285.751967
-903.934,5,285.77355
-2376.6548,9,285.773695
-683.37134,28,285.773745
-1562.4634,9,285.793298
-1572.2603,22,285.793371
1004.9565,50,285.812699
439.2992,42,285.824458
-1133.9706,3,285.824524
-2494.8982,12,285.833398
-1126.2181,4,285.868312
-3186.8232,18,285.868417
-228.328,79,285.907274
-853.5063,9,285.907605
-1218.831,31,285.92398
-656.8334,8,285.924037
-3055.0286,15,285.95534
-2397.0276,16,285.970291
-1513.3679,46,285.994123
-2362.5718,7,286.009033
-1180.856,5,286.019549
-1108.1123,77,286.029624
-1231.8428,27,286.049968
-4736.4863,62,286.050052
-3971.3718,15,286.05879
-383.7691,15,286.05887
-701.7943,29,286.092308
-1190.5747,5,286.101621
353.38953,57,286.128675
-1595.1569,7,286.140759
452.1435,42,286.140821
-763.63525,21,286.151676
-2699.8582,77,286.151752
-1089.4072,2,286.162896
-1018.17285,2,286.172472
-1085.8945,7,286.17254
-1315.6841,15,286.194658
-2594.7568,40,286.207541
-1161.163,14,286.207624
-3923.8586,46,286.207641
-1147.1011,7,286.207649
-967.5656,4,286.219098
-1305.5685,50,286.226634
-1154.4762,6,286.236304
-1077.849,3,286.236364
-1127.6553,3,286.266947
-1012.2354,43,286.277337
-1825.127,6,286.277402
-995.908,5,286.296774
-1100.9939,3,286.312204
-1661.2529,7,286.387105
1236.2328,83,286.407511
-1629.576,24,286.430531
-1195.8868,4,286.430605
-1883.9287,32,286.430619
-1267.168,39,286.458879
-2950.7935,23,286.469163
-2250.5293,55,286.478452
-1244.3815,29,286.478518
-503.38293,44,286.518919
-1314.7083,4,286.570488
-6103.6294,50,286.570557
-4231.4106,9,286.581746
-1750.83,34,286.612989
-1056.6261,5,286.632836
-1288.1868,17,286.633157
518.4011,292,286.643556
-1678.2092,9,286.674477
-1622.1006,5,286.685538
-1825.4648,34,286.704954
-1739.3347,21,286.705022
-4810.5776,27,286.759961
-1383.8274,11,286.770777
-1005.77386,2,286.783355
1173.534,73,286.78341
-1163.3901,49,286.794191
-915.5266,8,286.818418
-1254.7732,5,286.828961
-1219.5043,32,286.839545
-1.5325928,57,286.839585
-1471.3787,84,286.839593
-1210.1497,14,286.858688
-1832.5002,6,286.869676
454.86694,32,286.869741
-1024.5352,2,286.899338
-1696.387,23,286.925621
1100.8774,54,286.935347
-507.93164,54,286.945077
-1165.7728,20,286.959274
-1798.4498,44,286.959332
-1143.3447,7,286.959345
-1045.2501,2,286.98246
-1052.9252,2,287.001977
-1125.4077,15,287.038461
-214.09998,31,287.038539
-151.76837,51,287.067617
1493.093,67,287.067713
-1552.9299,21,287.107328
-1226.4781,83,287.119199
-1520.4711,32,287.132381
-805.68304,28,287.143677
-1608.0151,24,287.155222
-1702.1516,21,287.180879
-1212.2706,5,287.2392
-1103.9022,3,287.240148
-2213.2285,27,287.308451
-3624.8323,24,287.30866
-689.1948,20,287.371397
-2289.7124,11,287.394264
-1201.0121,5,287.423136
-3000.6768,13,287.423214
230.45312,87,287.423234
-1255.3606,6,287.423241
-1056.1143,2,287.436631
-985.29834,4,287.495806
-934.8948,7,287.534596
-245.32251,22,287.534719
-505.924,44,287.534743
-2448.0938,34,287.547488
-535.9778,25,287.575689
-838.635,8,287.58717
-934.81775,9,287.628008
-1470.8075,19,287.637697
-1406.9769,11,287.660403
-2074.8877,18,287.687736
-1432.3811,13,287.6991
-1194.4918,4,287.710975
-3574.6055,16,287.722971
-1136.7949,23,287.759063
-1628.5322,15,287.759141
-1340.452,29,287.759159
-583.0616,138,287.781946
-1162.4193,5,287.782024
203.91492,39,287.782047
-944.65906,7,287.812547
-1679.2098,6,287.82251
-1074.0212,7,287.869858
-1489.392,31,287.880807
-1622.32,14,287.89161
2166.646,60,287.903569
-962.5194,9,287.915167
-915.3449,10,287.925226
-192.95697,30,287.925316
-1440.6783,13,287.935954
-1064.5422,3,287.95633
5450.212,93,287.956402
-1517.79,11,287.971724
-4725.554,21,287.989532
-902.74084,8,287.989603
-1232.2292,59,287.989619
-1217.916,6,288.002985
781.1859,51,288.003053
-2039.6796,12,288.023286
-1475.1212,9,288.056127
-1372.7227,7,288.077447
1875.2224,74,288.087363
-2880.3193,12,288.109417
-1409.1207,15,288.156276
863.8544,45,288.156353
138.96948,30,288.175448
3409.8254,74,288.175531
151.54932,28,288.195357
2227.9385,91,288.195411
-1107.4938,6,288.22447
-1811.4385,13,288.22455
-1025.2722,20,288.240041
-1691.0707,28,288.25942
-1150.9354,23,288.271244
-1270.2675,4,288.279943
2455.9978,172,288.280011
-2524.3645,25,288.293742
-1432.0569,6,288.305885
-2207.7568,18,288.305925
1908.9849,93,288.318382
-1149.9985,4,288.318426
-1869.2279,27,288.330055
-1795.2524,14,288.342618
-1103.3446,2,288.342713
-1006.66455,2,288.353347
-2215.3284,27,288.353402
-1625.9565,19,288.402014
-1045.4042,5,288.40208
-2790.4177,14,288.412933
-4062.4028,46,288.421894
-2158.7913,13,288.436623
-1139.5565,5,288.464394
-1961.9573,13,288.464462
-1413.4197,42,288.477373
771.1852,66,288.477439
-280.62177,47,288.477456
2237.357,116,288.477464
-1335.9121,6,288.47747
-4064.0693,16,288.490673
-1077.5037,2,288.523514
-1773.2493,13,288.523587
-2165.9849,10,288.560174
-1480.0503,29,288.560265
-1933.2981,25,288.572091
-902.7355,8,288.572147
-1097.3931,2,288.589418
-1154.9229,4,288.624192
-1427.6947,4,288.644737
-1678.5361,13,288.644804
-1258.9606,30,288.668482
-1613.4214,19,288.668572
-947.3191,5,288.688021
-943.9462,52,288.699812
-781.6487,11,288.699918
-990.8802,28,288.710598
-1486.3999,19,288.724993
-1176.3171,6,288.725054
-1036.758,3,288.734928
-998.97943,4,288.752164
-1509.092,36,288.762905
-1341.6053,8,288.762991
-1026.6003,4,288.773328
-1115.2267,9,288.773389
-1807.1095,21,288.786835
-1167.9396,4,288.807841
-3290.8037,28,288.819147
-975.61206,3,288.819431
-1025.0879,2,288.830077
-1691.9832,52,288.84133
-1435.2354,30,288.851141
-960.8805,31,288.863925
-1942.4772,15,288.863976
-2169.2646,15,288.892852
-3204.0688,61,288.903896
-1184.0554,5,288.914025
-1271.2532,9,288.925911
-758.9203,48,288.925979
-2209.4966,15,288.925996
-2422.305,9,288.934767
-251.5379,42,288.945265
-1639.1665,13,288.955056
3289.796,107,288.955109
-1918.7317,19,288.975351
-1594.6582,11,288.975407
-1122.6782,7,289.018383
-1620.1372,7,289.030906
-1512.849,12,289.041734
-2845.0032,49,289.05195
-9.092773,32,289.060993
-1006.6749,30,289.061073
-2147.349,37,289.061097
-1102.7356,48,289.073344
-1265.2858,14,289.07342
-1130.3682,48,289.108337
-781.5666,67,289.108409
-2784.725,29,289.144299
-1385.8394,6,289.144365
-1079.7021,11,289.163398
-2564.314,22,289.173531
-475.8379,36,289.173617
-913.93195,8,289.173633
-1564.6974,20,289.194319
-1045.2478,4,289.194396
-3609.3672,12,289.194412
-3120.8052,11,289.215417
-1128.7852,3,289.215487
-2021.7947,13,289.22556
-1261.0906,33,289.225621
-890.28864,9,289.225639
-1379.5536,8,289.242839
-744.0241,27,289.253598
-991.8141,23,289.253827
-985.03973,19,289.282564
-1017.60126,5,289.282634
-1005.8341,4,289.295292
-1251.1401,9,289.295424
-1531.5167,9,289.295444
-311.26703,24,289.314433
-1015.97266,2,289.346
-3538.706,14,289.376497
-2158.8447,32,289.376544
200.88715,106,289.409506
-1324.2249,11,289.450251
-988.15686,58,289.450313
-2846.1914,18,289.471088
-1436.0813,12,289.504372
-809.8956,11,289.516336
-1003.8361,5,289.528421
-2217.2334,23,289.542354
-1099.818,3,289.556963
-1918.9838,55,289.587626
-1578.5187,29,289.597348
-1691.2122,54,289.597415
-2525.115,32,289.597431
-2648.0308,13,289.61087
-2041.9248,18,289.610951
-3371.2036,58,289.610967
-2069.3809,23,289.610972
-4023.1958,24,289.610976
-1047.6058,6,289.62295
-1178.2059,3,289.637483
-1149.8804,3,289.651744
-1050.8376,5,289.651828
-1496.701,26,289.651845
-2759.5789,16,289.651853
-1211.4922,5,289.661189
-1004.72375,35,289.680593
-972.321,7,289.690778
-3142.37,7,289.701811
-1547.6964,5,289.701881
-973.1455,8,289.701898
-2471.0508,9,289.701906
-1837.4414,42,289.741473
-1623.7554,10,289.752384
-1590.4568,12,289.78036
-663.20087,18,289.803202
-1937.8904,10,289.80326
-1902.675,13,289.814495
-1649.1194,28,289.847605
-1973.142,15,289.86568
143.95703,65,289.865756
-1793.0764,16,289.880409
-1028.4714,3,289.906891
-3014.0464,60,289.906952
-1022.4302,2,289.906967
-590.9502,60,289.927092
-1001.76434,2,289.937197
220.3902,36,289.937268
-1443.2286,9,289.937286
-454.01288,69,289.97449
-710.443,60,290.003191
-1485.933,30,290.003267
-983.0471,8,290.013575
-3044.3257,7,290.013632
-1060.4697,3,290.036071
-1361.157,20,290.057211
-1946.0427,11,290.074346
-1286.0541,26,290.074405
-947.90497,5,290.074421
-3993.163,37,290.074427
-2201.1812,6,290.074433
-3010.404,38,290.10341
-222.74847,30,290.121768
-1557.5803,6,290.141706
-1127.7588,5,290.141776
-1161.7734,4,290.164366
-1197.0642,11,290.176675
-1958.4465,9,290.18662
-1325.4911,23,290.196145
-1442.3871,9,290.206058
-1064.4539,3,290.22648
-865.11554,33,290.226566
1005.1205,68,290.23686
-981.2041,9,290.246128
-784.01117,46,290.2462
-1067.0276,2,290.268698
-619.4287,49,290.290588
-1467.6136,11,290.301104
-701.56006,25,290.309946
-979.4314,60,290.319903
-3317.7974,22,290.329295
-876.1356,66,290.33988
-2078.144,12,290.35503
-1035.9204,2,290.364713
-1703.383,13,290.378114
-392.352,37,290.378205
-2555.6765,9,290.391892
-3802.256,17,290.391966
-1890.78,12,290.407916
-2535.7402,17,290.421168
-744.8479,40,290.421253
869.3745,47,290.441679
-1004.54565,5,290.454363
-3397.5342,11,290.454425
-1137.541,4,290.466933
-847.04065,5,290.466989
-1143.3192,3,290.467005
-4807.4243,18,290.467011
-1050.722,2,290.487824
-1074.3314,3,290.487889
-2349.1099,16,290.510142
-758.7544,31,290.531094
-1249.9816,15,290.587582
-1019.277,101,290.587878
-1514.9008,10,290.58791
-1168.4666,4,290.601673
-120.46277,35,290.622144
905.4143,32,290.634224
-2323.0024,21,290.634287
-1506.4001,7,290.700827
-353.66156,23,290.710967
-1738.2576,8,290.720808
-1260.3516,20,290.734124
-2062.1396,19,290.756165
-18.291382,63,290.766892
66.802734,57,290.787776
-1835.9165,27,290.787843
-935.63617,6,290.787858
-1141.0013,4,290.801349
-1536.9309,18,290.801403
-864.9856,27,290.801417
-1060.8765,25,290.8098
-1006.05347,3,290.820711
-1234.4504,19,290.843533
-1209.0448,5,290.856791
-2063.832,14,290.856858
1994.4086,81,290.88995
-863.4645,7,290.902514
-1637.9677,12,290.913586
-1743.7637,11,290.928514
-3522.335,10,290.9286
-1064.2042,6,290.943068
-778.51794,11,290.94313
-1447.1528,9,290.976032
-1993.2184,7,290.990905
2073.905,97,291.007762
371.24396,53,291.007799
-1101.8816,5,291.007808
-1433.5612,49,291.007814
-413.2691,36,291.020351
-938.0296,7,291.020416
-528.8596,42,291.031169
-1739.1956,12,291.039249
-220.09302,52,291.051653
-398.27588,39,291.051709
-1412.0835,4,291.051724
-1330.063,6,291.062942
-1164.1254,27,291.063032
-965.21216,8,291.07222
-1150.737,6,291.072278
-1083.7294,3,291.10218
-749.25195,6,291.112827
-2051.0605,18,291.134073
-886.64075,46,291.134154
-1055.8733,5,291.155926
-1103.1522,5,291.165926
-1137.5443,4,291.205184
-1874.7725,13,291.205268
-1154.2709,4,291.214916
-3243.7358,18,291.228669
-1040.0522,2,291.248809
-2155.9973,15,291.280236
-408.2478,22,291.312151
-742.0627,97,291.334296
-952.9152,8,291.414624
-974.3078,8,291.469935
-1525.9105,33,291.508592
-1458.7876,18,291.55388
-111.470215,72,291.595028
-745.422,11,291.63542
-1003.47314,2,291.712686
-1845.6605,6,291.712774
-2407.858,24,291.800815
214.94122,29,291.800908
-1546.783,11,291.838631
-1588.5681,31,291.838713
-1006.4053,6,291.838731
-1714.3698,33,291.871484
-1073.3627,3,291.953688
-3050.1206,51,291.953753
-1176.5134,5,291.993292
-373.10645,37,292.015079
-1110.9629,4,292.015199
-1038.9318,6,292.036422
-3232.5984,41,292.052342
-1149.9333,20,292.052419
-483.05753,23,292.072227
-1067.0834,5,292.072302
1341.5193,58,292.072317
-1033.7643,3,292.072323
-1041.6615,2,292.107154
-1190.7909,6,292.137734
-957.6877,5,292.157287
-1972.3674,18,292.188
880.89465,68,292.188099
-3295.1572,17,292.201817
-969.95825,3,292.227794
-2663.6865,8,292.25215
2456.8389,67,292.327032
-1023.48303,23,292.341853
-1822.9998,6,292.341938
-1325.4651,35,292.356108
-1068.1488,2,292.380107
-1502.9952,3,292.380165
-1183.9318,5,292.426386
-1418.125,25,292.437847
-1109.5605,5,292.437911
-3583.0757,68,292.448769
-1034.443,3,292.45881
-9.93689,37,292.49097
-766.78845,9,292.491026
-3435.4675,19,292.491042
413.33777,31,292.532248
-809.4418,44,292.53232
-1672.5886,38,292.541586
-2360.7285,6,292.554596
-1224.708,81,292.575557
-472.6012,41,292.591745
-1182.9785,4,292.602564
-2614.97,16,292.616425
-1021.90497,8,292.629585
-508.61694,44,292.655946
-1760.9003,9,292.70862
-929.36444,6,292.730429
-2138.6025,17,292.752707
-2363.196,27,292.763073
-1598.8445,27,292.775107
-955.75244,6,292.775198
-2074.5154,13,292.793703
-456.69623,55,292.805579
551.13354,143,292.823549
714.7368,53,292.833213
2508.4602,81,292.844398
-1394.7769,6,292.844473
-960.32104,3,292.853392
-888.78156,53,292.86538
-1569.3448,12,292.865453
-1947.4907,4,292.875529
-2544.2046,5,292.902361
-1092.1713,4,292.931737
38.123535,30,292.952265
-658.8217,43,292.952332
-1121.9022,8,292.952349
-1608.648,16,292.952356
-1302.703,28,292.961682
-1061.9006,2,292.970637
3289.5186,84,292.970687
-470.30908,41,292.978943
-2744.5571,10,292.988878
-3065.4211,19,292.988929
-1549.6208,18,292.997636
7296.4053,140,292.997706
-2271.301,41,293.021316
-3752.5474,36,293.032921
-1372.206,6,293.068341
-2376.0967,11,293.068412
-1618.7654,14,293.06847
-949.74084,4,293.079607
-848.67883,12,293.079677
-1324.1644,21,293.100405
-1866.1982,10,293.100527
-1118.3123,4,293.110572
-1397.2878,5,293.125228
-2695.4731,11,293.125291
-1532.415,13,293.136703
-1079.9258,8,293.155957
-1376.4391,19,293.173415
-1108.5906,5,293.186731
-1478.3707,7,293.186809
-975.4645,7,293.196721
-1479.982,118,293.2187
-1035.3108,7,293.218766
-62.70276,92,293.228875
-1087.8566,39,293.228954
-2192.0103,12,293.269356
-1227.6007,10,293.284035
-977.5715,9,293.284449
-845.6841,5,293.294542
-1188.0712,10,293.314846
-1231.6667,39,293.334195
-1193.7,35,293.346191
-3770.2734,74,293.366108
-1136.8036,3,293.377658
-882.3539,4,293.418947
-2180.207,19,293.41902
-76.53894,40,293.444969
-2152.832,12,293.465815
-1841.6503,8,293.47713
-776.36487,35,293.504412
-2360.9434,8,293.516118
-311.2345,50,293.584301
-1818.8723,21,293.584377
-1067.5972,8,293.616773
-1973.198,23,293.616844
-1269.6094,7,293.649744
320.42896,41,293.649822
-988.479,11,293.649837
-896.2858,103,293.661769
-1608.1978,28,293.661858
-1070.1082,2,293.684184
442.70886,35,293.694439
-4387.824,38,293.694503
-1072.709,4,293.704407
-1034.6377,4,293.738383
-3479.3337,58,293.763051
-1033.0137,12,293.763122
-1073.5126,13,293.802329
-2153.898,19,293.813029
320.96954,36,293.813106
253.47864,30,293.823904
-1581.8474,16,293.866497
2948.3013,86,293.866569
301.65698,34,293.890748
-55.784668,47,293.89082
-2130.128,15,293.914452
-926.3489,4,293.914521
-1485.1804,5,293.926625
2006.8904,139,293.926709
-2141.4512,27,293.943271
-2309.8135,31,293.953784
-2375.4307,15,293.978738
-911.03186,72,293.990391
-962.46277,8,294.016431
-3347.456,7,294.016515
-1485.2141,7,294.030092
-443.6942,35,294.061756
-4160.6606,22,294.073377
-977.53906,8,294.085763
-181.67108,92,294.112879
-1451.7705,13,294.112946
-1594.3835,8,294.112962
1219.5942,92,294.124855
-2427.6077,41,294.148198
-2177.729,36,294.148278
-1004.2649,3,294.161356
-2706.1025,12,294.171482
-1151.6755,4,294.19317
439.46753,76,294.193236
-1062.4478,7,294.206379
-652.84607,6,294.206737
-1216.8732,11,294.216731
-1754.5808,7,294.243492
-120.920166,38,294.283236
-1090.8235,4,294.301955
-2143.94,8,294.31597
-844.51,10,294.327488
-129.03162,46,294.33955
-1757.6927,21,294.339613
-1549.6472,32,294.339628
-979.61597,4,294.339634
-1316.5513,36,294.347565
-1617.7188,38,294.367444
1046.8806,36,294.367509
-1048.6002,6,294.400387
-2926.4219,53,294.409435
-2006.9877,17,294.422598
-1508.4803,24,294.433069
2634.439,61,294.433125
-878.9739,33,294.433141
-1312.9438,10,294.444176
-1082.5061,5,294.459192
-2383.8872,24,294.459248
-611.55005,41,294.479273
-933.5561,7,294.489846
-2351.5361,14,294.489905
-1044.6488,5,294.48992
-1544.9691,8,294.510616
-1030.5337,3,294.520831
-2821.7915,21,294.529131
-1100.4535,5,294.542927
-881.3279,105,294.542993
-1083.866,3,294.563721
934.0594,33,294.573424
-2076.6885,19,294.573571
-1042.61,7,294.585574
-1458.5331,14,294.596324
-1190.0178,4,294.61014
-1051.1335,4,294.62964
-1103.7667,4,294.641895
-1140.2253,12,294.663955
-911.0372,21,294.678905
-1709.2062,5,294.679014
-1344.3586,20,294.691728
182.54517,72,294.6918
-1211.887,29,294.704655
-858.35693,25,294.752383
-2903.9868,17,294.752459
-1212.8301,24,294.775262
-453.00385,39,294.7861
-817.9115,59,294.801091
-1023.99,2,294.801151
-1100.4938,10,294.812106
-1649.8953,16,294.835259
-1874.8182,16,294.869774
-1082.7534,3,294.869854
-4428.3516,57,294.885004
-783.32495,48,294.885067
-985.88495,35,294.896039
-1214.2661,9,294.908561
-2728.0132,8,294.908641
-1452.3269,3,294.923502
-1113.3148,10,294.923797
1895.9598,68,294.934312
-1064.647,2,294.934367
-1310.1163,6,294.952753
-683.07983,33,294.952822
-2417.5532,54,294.952839
-1109.0297,6,294.961158
92.94202,23,294.97489
-1104.9354,3,294.988164
-2695.5725,6,295.01218
-1199.8857,48,295.012249
-1574.8999,8,295.024393
-1507.8789,9,295.035186
-998.239,2,295.035244
2597.6729,125,295.056415
-911.3371,6,295.05648
-1364.0782,11,295.079594
-1133.811,4,295.079669
-1067.9135,5,295.079687
-795.5017,29,295.103231
-1073.4028,7,295.113878
-1624.9735,23,295.155146
-877.3996,43,295.155215
-367.00208,34,295.164633
-2648.213,19,295.16468
-1013.90564,2,295.185565
-1043.7158,5,295.206171
-2713.0488,52,295.229085
-1842.7698,6,295.229158
-4644.2676,17,295.249341
-6203.563,31,295.268923
-1120.2616,3,295.28043
-921.39087,8,295.293676
-965.04395,25,295.293764
-1341.9974,51,295.310689
-659.5593,29,295.310761
-1461.6829,12,295.330284
-108.03894,32,295.341537
-1842.6262,19,295.34161
-1090.325,3,295.341628
-1132.8705,4,295.360904
-1413.7664,7,295.379094
2621.8892,88,295.388996
-628.9184,29,295.400118
-924.7539,68,295.400175
-53.322754,61,295.400188
-990.8888,6,295.409662
-712.4138,23,295.421382
-993.9516,2,295.42145
-1047.3192,2,295.440265
-2030.8184,6,295.440581
-1996.835,46,295.453668
-244.94977,31,295.453762
-1051.8026,2,295.46357
-1791.8257,14,295.475313
-1073.7732,7,295.475367
-1887.0494,12,295.475382
-1388.4565,9,295.485506
-2167.8813,46,295.495924
-1369.497,11,295.525686
-2112.7607,8,295.53886
-1020.6402,7,295.549742
-1391.1788,13,295.571702
-1718.882,12,295.595486
-1743.9498,11,295.618815
-1591.4236,5,295.673794
-1893.3433,36,295.703681
-970.51794,35,295.725477
-1047.5582,2,295.759567
-1666.47,26,295.759631
1276.2917,55,295.759643
-1980.5942,7,295.781531
-2034.7582,14,295.781623
-2298.609,29,295.792857
1545.3685,93,295.802044
-606.3475,61,295.814362
-22.43811,85,295.814447
-926.9634,4,295.825814
-1523.5011,22,295.82587
-1017.9774,5,295.825885
-107.11145,30,295.849285
-2129.0015,7,295.85925
-564.3002,39,295.878375
350.48315,34,295.893631
-1059.7432,5,295.893713
825.1583,34,295.893756
-1119.4896,4,295.923348
-932.2265,5,295.954872
-1151.8002,17,296.001765
820.7261,76,296.001838
-1494.6676,10,296.011577
-887.6763,20,296.057618
-1219.6194,4,296.057688
-2011.5249,25,296.072268
-4206.015,24,296.111229
-930.4641,16,296.111282
-1598.3726,23,296.111294
-1991.0793,20,296.121221
-1170.8398,3,296.148019
1083.2201,49,296.148125
-2258.0972,13,296.160669
1589.9001,60,296.160751
-1240.8306,6,296.196283
-2685.8472,70,296.196369
-1057.328,3,296.231352
-2003.5294,11,296.244048
-31.32544,36,296.244117
451.28967,40,296.252815
1329.9031,86,296.273185
-1081.7761,3,296.285307
-1174.5322,88,296.295815
-960.93585,10,296.352017
-2561.692,14,296.35209
-928.11395,19,296.364398
-969.9488,13,296.386388
-343.11194,20,296.386459
-1187.9338,8,296.386476
-1630.3811,22,296.398982
-270.81714,34,296.399063
-6148.5054,68,296.399078
277.34485,50,296.423337
-968.72424,7,296.447803
-561.4493,19,296.447899
458.6549,92,296.447918
-756.156,6,296.460153
-1841.011,30,296.46021
-1018.5933,3,296.480302
-1847.8357,8,296.480392
-961.68677,12,296.492807
-2036.1342,8,296.492888
-994.0629,48,296.513779
196.36713,39,296.513851
-2495.755,21,296.513866
-816.30646,5,296.513873
-70.94202,68,296.525886
-1429.019,12,296.525969
-3781.3284,21,296.525986
-1736.065,84,296.543189
-990.44696,41,296.543253
-339.20148,33,296.543264
-1699.3096,10,296.54327
-992.75024,8,296.543276
-1078.0381,3,296.560782
-1090.7018,3,296.560861
-3301.431,60,296.570697
-1692.6018,15,296.582667
-1601.2275,44,296.592237
-656.32166,17,296.600453
-959.2752,9,296.644582
-2884.025,24,296.644633
-2851.1426,10,296.673446
-3014.0845,15,296.686334
-876.34186,6,296.686717
-2317.396,22,296.720567
-1451.9583,14,296.731931
-1130.064,7,296.764963
-1546.912,24,296.788242
-1440.2568,19,296.788316
-1972.7078,27,296.8134
-702.8124,23,296.823939
-987.91254,26,296.845226
-937.1785,7,296.845299
-2620.1655,25,296.888322
-1642.5215,18,296.888608
-1757.403,30,296.88867
-1070.4849,9,296.904099
-445.0047,39,296.940929
-1849.8347,22,296.953083
-1027.7021,25,296.953151
-2174.005,88,296.95317
-688.93823,30,296.964459
-1025.8262,39,296.964548
355.86792,35,296.977029
-2535.6401,13,296.977097
-2015.3802,11,296.994695
-926.5416,4,297.00615
-1135.8174,40,297.03756
-1667.7495,20,297.037629
-1105.3549,7,297.047952
-1732.8647,14,297.057311
-1100.8723,2,297.057367
-975.6378,2,297.076767
-1082.6411,4,297.10807
-1184.62,12,297.119832
-1723.8945,15,297.132378
1207.6106,39,297.187335
-848.459,54,297.19943
-1841.3772,8,297.223574
-659.94714,56,297.24696
-1838.3779,12,297.247018
-1089.8854,60,297.257846
-3190.1704,50,297.325571
-734.67395,34,297.335553
-1149.663,59,297.34709
-814.54315,32,297.347169
-131.01257,25,297.365711
-2025.9321,15,297.389312
-1190.2251,6,297.3894
992.5401,51,297.421427
691.37555,46,297.421488
-1147.9259,3,297.421504
-127.475525,46,297.421512
1165.1763,78,297.451834
-1006.1392,2,297.451899
-990.0735,3,297.465386
-1309.0981,40,297.465454
-1061.2107,2,297.479709
-1212.4103,4,297.479802
-1657.6221,19,297.479821
-2330.292,45,297.513335
-880.06213,41,297.529638
-1166.8206,4,297.529696
-1467.5602,52,297.587093
-1025.1705,4,297.587222
-1623.1322,21,297.608302
-2185.5962,15,297.621434
-676.8702,26,297.700146
-1030.9778,29,297.700214
-1318.7708,10,297.712532
218.83203,68,297.740676
-1163.6133,3,297.785514
-1467.5504,54,297.806085
-1058.8634,7,297.818785
-1955.4456,77,297.818867
-990.5717,2,297.840554
1871.6637,51,297.858351
-1213.5211,11,297.883689
-2050.019,19,297.898027
-479.94592,26,297.898101
-1298.9564,13,297.89812
-1229.0736,5,297.909186
-2232.61,42,297.909251
-433.66943,34,297.929474
47.121033,59,297.955671
-1145.6678,3,297.9684
-1069.5469,5,297.968478
-477.761,33,297.983711
-1688.8202,15,297.996288
-404.24683,39,298.008743
-1025.1082,2,298.021902
300.3017,40,298.021981
-978.66797,4,298.036632
-2113.455,85,298.037181
144.112,49,298.068285
-1076.5691,32,298.068368
-1090.8684,4,298.078429
-2473.5918,44,298.095735
-1142.1783,6,298.095843
-1208.4115,3,298.106535
-1039.8829,3,298.125382
-1123.8627,3,298.151475
-1080.6989,2,298.17849
-1735.6599,42,298.17858
-759.74536,76,298.268895
-1584.9795,30,298.314326
-1326.4598,29,298.330384
538.2747,39,298.354928
-1152.2697,3,298.36513
-1040.7319,9,298.390656
-1243.5054,7,298.402476
-3202.8076,21,298.413873
-2023.669,28,298.427163
-933.12115,28,298.427237
-384.4068,28,298.451149
-710.7274,31,298.45129
-897.17126,40,298.451327
685.35364,39,298.505991
35.152954,113,298.522069
247.11194,44,298.522152
-6547.2085,50,298.589539
-1862.8662,11,298.60058
-1719.9175,14,298.61138
-1482.0868,48,298.625595
-1064.8958,41,298.658125
-1204.9739,11,298.658197
973.14246,64,298.698826
-1098.0527,5,298.725207
-1103.1381,27,298.725286
-1229.4504,18,298.801404
-1352.1643,8,298.862267
-183.0188,54,298.862381
516.24976,119,298.877224
-1644.8964,19,298.906307
-1788.3328,13,298.906383
71.881226,40,298.920162
-2475.3418,15,298.956234
-1947.8516,13,298.970881
-1565.3044,6,298.980708
-893.1222,83,299.014651
-1736.5952,11,299.014694
-127.235596,46,299.023971
-944.67596,5,299.076063
-1587.6353,10,299.098065
-1965.9564,12,299.098147
-1260.2345,17,299.110439
-2516.099,13,299.125654
-1207.5107,34,299.125735
-1849.8181,45,299.13945
-1882.0098,10,299.139518
-1035.0637,4,299.15176
-1007.4499,3,299.163876
-1023.0886,2,299.163957
573.3332,74,299.184788
2976.5508,90,299.184843
-1645.31,9,299.205961
-1963.9438,4,299.20605
-1098.5546,29,299.219811
-1871.6531,6,299.219917
-1017.33673,8,299.230891
-1077.245,5,299.252252
-1806.6512,49,299.25233
-1297.5499,12,299.274984
-1106.117,4,299.29852
-1172.7477,67,299.298622
-959.6083,8,299.324546
-654.1227,136,299.335798
-246.76526,26,299.352034
-1050.6672,4,299.352092
-2341.151,35,299.352108
-903.59753,68,299.363879
652.52246,91,299.394872
-2582.6538,72,299.408161
-980.086,6,299.421425
-1477.7826,7,299.434274
-1360.0715,8,299.434364
-1398.1006,22,299.434393
-1408.7498,19,299.445955
-301.40277,65,299.457075
-1033.2498,12,299.470349
-1083.0754,6,299.48232
230.55322,67,299.503587
-1531.1033,8,299.526995
-1158.8185,6,299.527086
-1103.936,3,299.541117
-933.5934,6,299.541204
-510.34302,27,299.565355
-1104.4132,5,299.601782
-999.15967,6,299.616347
-1200.2705,7,299.616665
-978.8779,27,299.628546
-2424.2798,7,299.65769
2733.6885,94,299.657758
-1713.8933,19,299.657774
231.20728,97,299.682474
-852.09235,3,299.69243
-1075.0261,2,299.708914
-1112.5773,4,299.708987
881.2818,40,299.742827
-1189.4708,45,299.765526
-1720.1777,13,299.778887
-2099.7224,45,299.778947
-1129.4901,3,299.778961
-938.67395,18,299.830052
-827.4498,31,299.830397
-1479.4924,4,299.830431
669.14935,78,299.830441
-1044.0046,5,299.842745
-1550.0186,12,299.842821
-1283.4849,3,299.867528
-1516.9918,20,299.879447
-1675.5239,21,299.879529
-1251.6431,5,299.904632
-724.5322,19,299.939429
-895.67285,7,299.9614
-2096.6438,10,299.961472
-791.7718,12,299.981587
-1000.11505,3,300.010141
-1824.8511,24,300.010217
-2871.9553,14,300.010236
-1331.6742,13,300.062762
-2010.7239,25,300.074119
-2739.747,9,300.074206
1716.4977,79,300.085776
-786.08325,61,300.098851
1662.9817,74,300.098925
-2206.5398,26,300.098943
639.68066,67,300.098952
-390.60022,51,300.111473
-1301.7759,61,300.111549
-1342.3307,22,300.146361
-467.4961,88,300.157367
-1312.7491,59,300.15745
-3165.1821,15,300.185622
-1194.3331,6,300.185694
-914.02435,8,300.199355
-1155.9154,6,300.220086
-1750.9529,10,300.233547
-1022.68353,5,300.245733
-1873.625,21,300.262056
-3102.124,70,300.293366
-4491.9766,19,300.302881
-1987.3049,21,300.314904
-1251.076,5,300.314996
-1158.0342,7,300.328078
-955.7761,11,300.328145
-1042.326,11,300.360435
-1497.2983,22,300.378114
-972.1077,7,300.391995
-1047.8679,2,300.417343
99.958984,29,300.439726
3525.15,84,300.439793
-1228.576,8,300.439811
-1513.5875,10,300.471195
-1239.7758,30,300.47131
-997.8854,5,300.486263
-1558.0122,24,300.498567
-1105.3949,4,300.525097
-3536.4414,69,300.525181
-1536.0386,56,300.537654
-1104.5189,4,300.537721
-1398.6794,13,300.551841
-1855.8511,45,300.551936
-4790.5264,30,300.55196
-1120.4757,3,300.565467
-1092.2758,2,300.578693
2293.3586,87,300.633008
-1931.5157,7,300.644631
-1261.6741,9,300.659075
-1519.9309,38,300.659143
289.55048,27,300.671085
-1123.5468,4,300.691607
-1285.7797,10,300.6917
-1112.3008,8,300.691715
-2370.2412,15,300.703789
-1156.8423,4,300.703874
-1113.4431,3,300.70389
-1137.6128,37,300.731081
-1452.6831,68,300.743648
-1745.0406,14,300.850043
-3627.8975,32,300.877283
-274.65393,29,300.901165
-1469.0201,19,300.917796
-1209.4214,6,300.930337
-1122.3693,20,300.943412
-4321.9097,22,300.967743
-2374.5796,77,300.979406
-541.5827,37,300.992054
-1390.5828,21,300.992149
-3160.2073,26,301.0012
-2617.0293,54,301.016522
-1797.5,9,301.047149
1062.0977,57,301.066642
598.693,55,301.078562
-1797.6621,41,301.092123
222.60596,33,301.092181
80.05261,50,301.092198
387.7843,79,301.123492
-1054.382,7,301.123559
-1289.6995,11,301.134847
-3090.1743,19,301.134942
-961.6097,5,301.165106
-1060.221,2,301.165188
-999.7693,3,301.176618
-1609.7708,15,301.176963
-1765.3589,17,301.177011
-935.8169,8,301.188252
-2367.4822,14,301.198869
-910.7878,42,301.23256
-1229.1566,27,301.266616
-1568.5911,9,301.280644
-986.5863,4,301.280766
-1791.7498,10,301.292953
-1088.0962,9,301.293027
-444.11554,24,301.304985
-870.6771,68,301.320215
-1029.3842,3,301.320295
-1132.6077,21,301.329115
696.18744,109,301.329239
-1118.9128,4,301.343742
-1142.5629,4,301.343842
-988.27167,6,301.390156
-1173.0109,5,301.390225
-1608.9043,8,301.390241
-1048.5974,4,301.436946
-1843.4509,5,301.456159
-1252.6138,24,301.470284
-1252.8156,36,301.470333
-549.89435,29,301.470344
-1889.4419,10,301.470351
-1554.9033,29,301.470356
-1126.0535,25,301.493775
-1063.0121,2,301.493865
-1094.1902,4,301.493886
1561.7578,82,301.504065
-1924.4757,13,301.504136
-634.69666,31,301.518153
-1013.8626,2,301.543082
-1972.8063,5,301.566959
-1180.6904,6,301.580891
-1877.8047,7,301.580978
-1233.27,11,301.597033
-699.53015,10,301.597092
-1709.7039,10,301.597105
-2533.904,36,301.621376
-4103.463,45,301.634815
-1761.5789,58,301.657839
-817.0434,31,301.668223
-845.3742,38,301.680974
-974.0835,9,301.721184
-1848.0737,10,301.734039
-2662.5537,11,301.73412
-1340.4587,29,301.734138
3528.1714,83,301.734146
-143.21179,49,301.754138
-1361.0652,9,301.754268
-1973.1174,15,301.765295
-1490.0072,13,301.790853
-1215.489,8,301.827381
-1056.3966,6,301.838659
-1255.9633,9,301.838724
-882.8288,89,301.872483
-4755.0034,22,301.884657
-1176.479,6,301.909456
-2271.2437,21,301.947631
298.97192,46,301.959522
-1031.2338,28,301.959589
-944.26556,18,301.959605
-1394.1038,21,301.959612
-979.1806,7,301.970024
-1100.9011,2,301.991589
-873.3306,21,302.001545
-1046.4651,4,302.001614
-1151.5507,4,302.001629
555.31494,150,302.041166
-2826.664,4,302.051086
-1542.5276,47,302.073378
-1725.8522,11,302.085008
-1079.1989,3,302.111278
-747.6492,46,302.141737
-240.06287,51,302.153493
-455.3667,36,302.153565
-2303.1045,10,302.163335
-1602.1697,67,302.193053
-1151.4019,20,302.193129
-1169.8113,4,302.206322
-1036.1298,4,302.206405
-34.03778,38,302.226045
-2417.805,9,302.23948
-734.25714,25,302.239552
-1210.5162,66,302.253093
-1603.4209,23,302.253175
441.5907,58,302.25319
-1811.3457,33,302.276403
-782.16864,39,302.302947
-838.20435,8,302.319353
-2081.4053,35,302.345592
-952.0809,9,302.355467
-847.8339,9,302.366218
-932.74365,9,302.392565
-3852.5332,51,302.416049
-1559.9541,14,302.431111
-846.6112,46,302.442636
-1024.5739,2,302.466875
-2154.8452,58,302.50459
-1032.3857,3,302.504675
-1043.4626,6,302.504704
-1077.5498,21,302.504708
-1341.7524,17,302.537717
-945.8002,38,302.552754
-1388.0679,24,302.568596
-947.8814,7,302.600163
-1138.1599,3,302.600235
-1541.8765,18,302.600252
1265.2893,87,302.60026
-1037.1877,2,302.622612
-1130.9276,7,302.622679
-1042.3965,3,302.637282
-1092.4506,10,302.637374
-1058.1156,11,302.652802
-1106.8362,3,302.666624
-3420.7754,28,302.666712
-2143.6787,7,302.691607
-545.03345,53,302.691666
-467.435,41,302.730137
304.28027,40,302.748233
-1874.32,5,302.761143
-1193.7238,4,302.793687
-1303.423,15,302.812572
42.279297,31,302.812653
-4.163086,39,302.837012
-1136.4006,14,302.837081
-2918.291,26,302.837097
-1002.8459,2,302.837104
-1018.72723,3,302.850124
-1584.4155,13,302.850171
-1643.4104,9,302.862787
-1544.4971,16,302.862961
-1139.1415,3,302.875388
-1067.0118,3,302.875469
-1055.7588,2,302.875488
-1005.8172,3,302.89911
-1443.3359,10,302.911084
-1049.0424,6,302.932124
-3903.6716,75,302.947245
-2594.9795,9,302.947319
-1016.8378,2,302.977767
-2618.7456,10,302.97786
-1415.8564,22,303.001759
582.2515,79,303.014229
-506.16736,63,303.01438
-1780.4008,37,303.014592
-1064.5723,5,303.03963
-1044.5414,4,303.052459
-1009.5829,4,303.063953
-1002.4582,5,303.086031
621.69507,74,303.098662
33.816467,73,303.11919
-1734.8757,12,303.119257
-1426.7806,13,303.20246
-5002.419,24,303.220767
-1466.6765,83,303.256564
-1064.9694,4,303.270335
-1102.9072,5,303.311614
-836.8278,5,303.327666
-1073.8237,36,303.327742
-1748.4949,20,303.351557
-1808.2369,29,303.386763
133.50427,60,303.39725
-1948.2205,26,303.397302
580.5688,46,303.417706
-1466.409,44,303.427713
-3279.9863,9,303.439145
-590.98206,43,303.439274
-1755.5181,8,303.454728
-1106.291,4,303.468364
-1220.9489,12,303.468714
-881.2379,47,303.468746
-996.7142,3,303.484022
-1472.4045,13,303.493853
-839.72327,35,303.520724
1027.7372,43,303.52082
-556.08417,37,303.56216
-2102.8438,7,303.573113
-1649.9686,118,303.594924
-2685.0735,5,303.617258
-1160.665,43,303.641346
-1700.3372,14,303.641423
-2476.5723,100,303.651654
-1322.1945,12,303.667303
1442.0024,59,303.67847
-1107.4564,3,303.703069
-1760.1255,12,303.71341
-811.8087,8,303.741039
-50.032166,28,303.741095
-1867.2297,9,303.754116
76.5697,93,303.765651
-1936.2051,13,303.786658
-1022.3864,8,303.786743
-922.5034,4,303.798916
-1119.105,3,303.799014
-1200.6475,34,303.822877
-1263.0287,5,303.833762
1083.1428,96,303.8564
-1053.0831,6,303.866585
-1294.364,34,303.866657
-1161.9412,36,303.878637
-733.63403,67,303.898234
-1176.9395,5,303.898319
-1146.752,9,303.920091
-994.8596,5,303.931639
-2169.557,57,303.931705
-1006.0208,5,303.949231
-1146.974,5,303.949297
-1029.3895,3,303.949313
-1266.5449,15,303.994606
-1007.9364,3,303.994696
3948.5752,128,303.994718
-831.3284,8,304.027117
-1023.998,4,304.040102
-2480.0508,42,304.040169
-1067.912,2,304.059618
-1530.7593,48,304.070949
-1130.6339,20,304.113124
-2086.6387,12,304.139319
-1375.9656,29,304.139387
-1473.9764,13,304.139404
986.6668,41,304.162002
-899.40594,12,304.172631
-849.4154,4,304.186613
-501.38995,35,304.19781
-85.6192,33,304.210519
-878.76324,8,304.221241
291.62305,56,304.221334
-1335.5549,8,304.235056
-1440.8796,24,304.235122
-1164.7333,4,304.246199
-1089.924,7,304.246255
-3717.2205,65,304.246271
-1012.362,3,304.246277
1279.2671,126,304.272865
-1343.7117,17,304.286269
-1643.4967,25,304.286355
-1113.4894,5,304.286373
-1055.4867,6,304.296681
-5198.538,63,304.327572
-1030.3427,2,304.327616
-771.6797,20,304.327627
-1056.3726,2,304.364692
-685.04443,18,304.423941
-1016.20984,9,304.424021
-1353.5094,12,304.453456
10.790588,25,304.466586
-1036.0856,8,304.466626
-1005.77924,6,304.466634
-1668.8271,12,304.482497
-1584.6577,12,304.495405
-2578.6685,34,304.507695
-1821.6777,16,304.507759
2298.6548,70,304.507774
-1108.3485,3,304.507781
-1124.285,3,304.532322
-1320.778,22,304.532395
-2019.1176,13,304.553349
-1944.5629,10,304.565897
-1005.25244,43,304.565985
-1514.8413,62,304.566002
-932.7819,3,304.566009
-1141.3247,7,304.566015
-1788.9417,31,304.585049
-1045.1931,3,304.585104
-1483.9982,18,304.599867
-1954.6772,17,304.599941
-1084.9512,5,304.634357
-1914.302,15,304.634443
-1055.8964,8,304.658937
-1111.1932,7,304.659028
-1010.6591,11,304.659103
-1244.3271,10,304.694038
-1122.051,13,304.694116
-2246.8599,10,304.716528
-1074.554,7,304.739428
908.71313,68,304.766464
-1523.8821,25,304.805868
-1069.1991,40,304.81719
-1897.7112,22,304.817281
-2588.8247,27,304.828425
-1282.5997,15,304.839367
-680.39294,19,304.861186
-1017.6388,2,304.861253
-1003.5663,5,304.872855
-1438.3722,13,304.872974
-1249.1641,19,304.88606
-1223.2554,27,304.916499
-1090.9259,22,304.960372
-1523.9164,17,304.976127
-1478.01,59,304.988291
-542.59216,38,304.997896
-974.6619,55,305.012317
-1342.4658,10,305.012415
-1245.6261,9,305.047142
-1113.0588,6,305.047222
-1135.3643,5,305.067017
-1051.4713,5,305.096342
-1624.795,9,305.114976
-1055.1067,3,305.14707
-1148.122,21,305.164016
-1863.9121,48,305.164131
-2045.9073,7,305.175547
-1022.5737,2,305.175633
-1458.102,12,305.211723
66.98822,38,305.2118
-1697.7983,24,305.222812
-1404.2721,5,305.23405
-1221.0951,25,305.23413
548.7138,32,305.248789
-953.91113,4,305.259296
-80.74988,52,305.270283
-1107.475,4,305.282148
398.3476,94,305.28222
-1231.7075,5,305.312948
-1113.6263,3,305.313034
-1072.6166,38,305.323205
-1001.5538,3,305.349331
-3354.0322,15,305.361168
-218.51373,47,305.361227
-370.09937,40,305.361243
-309.11218,37,305.361254
-1804.7911,13,305.386199
-1067.8169,2,305.386258
-235.96057,63,305.386274
-2580.8057,26,305.399769
-816.2201,7,305.465725
-1623.322,13,305.516077
-1915.0952,75,305.527978
-463.29486,32,305.554784
161.64508,76,305.554858
-2520.7246,74,305.583365
-1872.0693,25,305.583493
-2257.1245,18,305.583517
-793.5106,38,305.597551
-1132.2904,5,305.597647
-1218.3187,17,305.610713
-1130.0349,5,305.654216
-1804.3481,4,305.654281
-983.3956,7,305.654292
441.1466,36,305.668683
-1202.6879,24,305.70025
-1371.8181,108,305.715747
-1043.6917,2,305.736587
-1052.3842,41,305.780709
-1074.5089,4,305.793499
563.3901,35,305.814643
-1929.6351,17,305.838959
-1823.9319,14,305.850978
-2060.4397,35,305.851024
-3321.9958,41,305.867531
-1055.6477,22,305.867651
-2641.3008,8,305.916533
-1122.6251,4,305.916625
461.90564,33,305.916642
-1487.6562,6,305.935355
-1096.0992,26,305.950453
-1029.8816,7,305.960221
316.79297,70,305.98946
-989.9532,4,305.989541
-1489.5922,24,305.989558
-953.68365,3,306.001178
-60.495117,48,306.001267
-1225.1082,29,306.014732
-945.18304,8,306.033394
306.5902,28,306.044907
-1554.8696,15,306.045266
-2460.7708,11,306.068065
-1213.6667,21,306.068165
-2240.5835,40,306.068181
-677.4658,7,306.084883
-1689.3794,36,306.084961
-1135.4999,4,306.09727
-1094.0347,2,306.097337
-1226.82,15,306.121525
-2213.2495,31,306.135725
-858.9453,4,306.147393
-686.9957,72,306.147761
-1049.8374,2,306.175274
-2331.9885,14,306.198214
-1074.4578,20,306.215122
-1059.27,3,306.248532
-911.7804,13,306.270447
-1732.4872,23,307.80595
-1019.2376,6,307.83305
-1920.9956,14,307.833109
-2238.9731,35,307.833124
-1636.0659,12,307.854567
2068.1494,77,307.854646
-956.43286,23,307.854662
-2531.4392,17,307.866681
-905.6771,8,307.892133
-932.14575,7,307.90215
-474.6717,23,307.902215
-1095.9781,4,307.913723
-1166.1732,24,307.913787
-503.1377,25,307.913804
-808.68756,31,307.913812
-1200.3164,7,307.937175
-3163.8506,27,307.937223
-540.79553,22,307.954237
-1021.20123,5,307.954315
-1039.6217,3,307.954333
-1087.1321,7,307.985013
-2687.5322,12,307.994971
-1978.5093,112,308.007019
-2023.6217,8,308.007075
-1669.8391,6,308.007089
-1721.2063,16,308.031096
-1145.798,9,308.050904
-1040.7863,5,308.05099
509.65594,43,308.063836
-1091.335,28,308.081925
-1094.6438,7,308.095941
-2481.1335,20,308.096029
-1114.9954,3,308.110081
3532.2986,114,308.163641
-1125.7754,11,308.18887
-3538.7505,8,308.189194
-321.1665,29,308.18924
-1764.0854,17,308.239372
-1266.5951,8,308.291281
-2534.4348,27,308.312263
1582.9773,61,308.334083
-273.4842,37,308.363111
-2162.3499,10,308.384847
-2001.3074,21,308.434593
-286.29883,31,308.454981
-4895.6074,21,308.466657
1436.3342,74,308.466761
-3779.7449,92,308.479185
-794.02686,56,308.542705
-2299.9204,13,308.542774
-1089.6108,7,308.542795
2592.1184,136,308.542806
-1391.8634,36,308.562339
-1235.0176,5,308.613098
-117.27026,49,308.642289
-1120.7174,8,308.654864
-1261.1277,25,308.654939
-1560.0371,25,308.666471
-1490.4939,29,308.686657
-722.47144,57,308.68674
-900.68884,46,308.686758
626.69403,60,308.686765
-1502.3003,12,308.708494
-1370.1671,21,308.74255
1385.1643,63,308.753196
-51.808777,67,308.787604
-3717.2979,24,308.78772
-1937.0928,13,308.82833
-2467.3354,29,308.828408
-1302.0066,66,308.83897
-1300.7363,10,308.850734
-646.0721,15,308.876638
-1157.6857,3,308.888659
-621.5509,20,308.901918
-945.0576,6,308.90198
-144.04639,37,308.901996
-1210.154,22,308.936351
-1799.5044,6,308.967014
-1453.6205,50,308.978313
-1565.5251,14,308.990539
-1060.4719,5,308.990607
-1037.1696,2,308.990623
-643.0574,64,308.990631
-1091.6813,3,309.022372
-1235.5363,5,309.045812
-1614.3923,14,309.056882
-2143.8975,42,309.056951
-1589.6687,15,309.056967
-3360.9019,38,309.056974
-2740.2358,37,309.086105
-1070.5916,18,309.086184
-3693.1475,27,309.106831
-2381.726,31,309.125891
-21.381775,39,309.125939
-160.49329,47,309.125951
-2290.4106,38,309.137161
-1198.2146,6,309.147274
-972.8756,2,309.147334
-1151.6287,9,309.166714
-966.88245,6,309.166777
-1070.064,4,309.166793
-1011.00836,3,309.1668
-1023.1767,2,309.192511
-1991.5444,46,309.192578
-1681.5802,17,309.210568
-1242.4348,3,309.210639
-1489.247,19,309.222356
-1955.6426,13,309.235753
-1504.6628,13,309.235848
-1430.3977,6,309.24827
1016.0498,91,309.248354
-1293.9442,33,309.248369
-1849.7876,8,309.248375
-1041.0526,2,309.259198
-1566.7476,11,309.278902
-1023.11176,3,309.278966
-2714.3542,16,309.301006
-1696.3135,19,309.332363
-1493.512,10,309.332423
-2124.2388,12,309.34272
-629.3423,57,309.366088
-2218.5747,13,309.366162
-5117.075,118,309.379121
-2425.4224,15,309.412695
-2974.8794,14,309.424136
-1064.9214,2,309.436898
-476.9574,33,309.436954
-1779.8594,14,309.450451
-880.43506,11,309.461913
-1126.1511,7,309.512298
-2597.4146,16,309.522381
-770.3286,21,309.563172
-77.81061,40,309.563262
-3088.893,16,309.563279
1930.1722,60,309.630975
-981.9586,6,309.631286
-2261.3174,34,309.656242
-601.8828,55,309.671409
-1156.5966,5,309.694169
-1121.9691,3,309.69423
-4906.474,21,309.704416
-2599.7124,45,309.719791
-916.44324,39,309.719877
242.19116,37,309.743398
-1677.4336,26,309.767969
-3621.815,43,309.78798
-1114.0127,5,309.81455
-382.75763,47,309.814638
-1875.2804,20,309.824033
-1590.8163,38,309.851126
-1138.496,7,309.865989
-264.82208,40,309.887211
-986.89343,30,309.899713
-1297.7545,4,309.899766
-1110.0922,3,309.899781
-531.19836,27,309.911991
-2370.5405,11,309.921383
-2224.9917,93,309.93351
-3162.9573,39,309.933583
-1187.055,5,309.970117
1784.1019,63,309.98
-997.2494,5,309.980123
-198.89081,42,309.991795
-1745.6335,23,310.018768
-1123.5251,3,310.018826
-1431.4705,12,310.05059
-2022.2515,12,310.050667
-1267.9395,5,310.094816
590.31757,29,310.094897
-1039.0826,3,310.124861
-1082.6847,21,310.158178
-1802.6469,16,310.171665
-930.8728,5,310.182011
-3571.0664,12,310.194643
-1107.569,4,310.20718
-3080.7087,42,310.20728
6251.5044,239,310.216946
-2254.5798,33,310.226502
-1880.1558,25,310.235089
-985.6302,5,310.235167
-1125.7439,3,310.265848
-969.1456,5,310.278803
-2613.46,44,310.278868
-3009.1738,24,310.278885
-1052.3203,48,310.301733
-955.1699,25,310.301817
-1004.5969,2,310.301834
-1349.1165,8,310.335977
-825.0134,39,310.356102
-3293.229,58,310.356179
-1425.6904,23,310.356193
-1733.3025,11,310.367022
-1642.6064,8,310.397955
-1729.24,8,310.398025
-1389.7498,14,310.429515
116.561035,51,310.429601
-962.3414,4,310.439874
1153.66,74,310.439947
-2235.6846,62,310.460334
-1059.5609,2,310.486056
-2175.1675,11,310.486138
-2240.3596,14,310.517385
-2296.486,16,310.517451
-2096.6895,29,310.548239
-754.6827,9,310.548291
-1045.8342,3,310.562082
-1042.6139,5,310.58425
-540.35034,33,310.59579
-1045.6605,4,310.605688
-1299.367,17,310.62563
-1283.792,50,310.635108
-1398.9446,23,310.63516
-2614.9158,13,310.635176
-1670.0325,34,310.667089
-1122.1522,4,310.682178
-1343.3568,48,310.721523
-879.268,9,310.733225
-1937.6719,19,310.753217
-1040.4597,5,310.774057
-1970.2512,75,310.811653
-1740.769,45,310.811732
-1139.7222,13,310.811754
-1105.158,9,310.832412
-1039.1022,5,310.832479
-153.80328,40,310.900159
-1688.194,24,310.912462
-2382.9546,8,310.912532
681.51917,150,310.94182
-1771.0605,50,310.941902
2517.664,58,311.069951
-1000.12134,10,311.08771
-990.9256,3,311.10378
-1716.6265,5,311.103865
-1133.5792,5,311.134073
-1111.0558,37,311.157244
-2602.8833,19,311.168093
20.56958,56,311.168147
-891.4645,36,311.168175
917.614,91,311.221697
1296.7996,47,311.221809
-2308.6494,29,311.233554
-1250.3716,5,311.23361
3378.1846,110,311.245348
-1178.0657,14,311.266011
687.5459,47,311.266097
-1762.5564,24,311.335258
-2153.1606,11,311.33533
1727.348,157,311.350776
-2179.4854,19,311.377811
-2287.5186,15,311.409126
-260.9032,74,311.431751
-906.9629,42,311.45492
-3713.9739,7,311.454992
-1359.023,19,311.455011
-4540.6934,56,311.47475
-2717.7898,74,311.496603
-985.0047,7,311.506436
-1372.5485,12,311.506499
2603.8247,100,311.506514
-1598.6481,22,311.519488
-1694.271,42,311.540039
-1089.006,2,311.54014
-1070.8699,6,311.553112
-1571.7554,14,311.566202
385.6488,50,311.579391
-3252.8413,28,311.62581
423.57422,43,311.625876
-797.52637,9,311.625893
-1078.2825,2,311.657176
-2216.6287,11,311.657243
-1404.6704,13,311.667095
-1510.3595,43,311.678252
-1833.2812,40,311.678332
-860.60803,20,311.689316
-1771.6719,10,311.720797
-1831.1582,4,311.73318
-297.5254,85,311.742883
-1144.7848,7,311.753341
-1513.8899,17,311.771099
-1297.967,12,311.780359
-2421.5444,18,311.800969
-1054.39,5,311.801291
-1479.7244,11,311.815188
-1859.0396,8,311.826815
-1052.0837,5,311.854557
-870.9087,6,311.864198
-341.0855,49,311.875316
-1091.1228,7,311.899045
-2214.8894,54,311.899138
-1006.57153,8,311.899172
-767.1958,30,311.920588
-1059.0901,2,311.92069
-2949.1338,19,311.931332
-973.2756,5,311.931427
-2376.448,8,311.954576
-1043.0042,5,311.954652
-3684.9395,31,311.992199
-1547.9958,9,312.011106
-1021.2116,5,312.022738
-2788.2422,23,312.033346
-2147.6396,77,312.04144
-896.02716,10,312.041519
-1687.6982,10,312.054306
-2325.061,49,312.054376
-1275.6729,17,312.054389
-1654.663,12,312.07299
-1056.3899,2,312.092139
-1839.2786,39,312.125881
-1301.5648,39,312.125952
1386.3103,63,312.139575
496.39734,90,312.151045
-2292.5918,15,312.151123
-1984.2682,6,312.163485
-1084.712,2,312.1811
-1072.3982,11,312.181207
-1547.929,10,312.18124
-1527.1213,10,312.2005
-1643.3457,37,312.200567
482.46704,62,312.221719
-2529.0654,24,312.23628
-588.7895,45,312.236393
-1352.9775,64,312.247901
-1538.8167,10,312.247972
-1298.1206,7,312.28603
-1675.7753,5,312.299094
-1286.1713,24,312.299158
-1032.2563,23,312.343432
-2314.7932,12,312.382999
-1059.4749,72,312.398736
-1390.2152,5,312.408548
-891.0562,22,312.452958
-414.07922,22,312.468916
-1946.5564,23,312.488386
-2961.2131,20,312.498834
-2129.304,28,312.510153
-684.55695,59,312.518927
-1785.7637,30,312.549002
-1119.708,3,312.549074
-903.6936,40,312.549092
-943.74066,6,312.561295
134.31909,110,312.561356
-1023.04663,11,312.574055
-1663.675,13,312.574132
1280.2767,36,312.592921
-1050.8762,5,312.607414
-1552.2213,13,312.634361
-2365.9336,33,312.634419
-1423.9309,26,312.634434
-981.36523,10,312.690872
-899.39124,5,312.690979
-904.5855,6,312.708183
-1411.9674,13,312.708251
-2245.2793,11,312.708284
-1025.604,6,312.708294
-1528.4357,18,312.7212
-3681.425,14,312.721294
-1513.2202,10,312.721314
-1966.4998,10,312.737058
-305.16766,95,312.760611
495.1151,53,312.760673
-1350.4668,34,312.76069
-1086.2358,2,312.760697
-1813.8154,38,312.760701
-1261.642,19,312.779316
-998.31104,2,312.790335
-1022.7058,7,312.802516
-1144.8005,7,312.823
-657.5192,59,312.840896
-1142.6877,5,312.84096
-870.5311,8,312.851443
505.84998,49,312.907212
-1255.193,27,312.928927
-1112.8816,74,312.985664
-1214.1963,17,312.98574
-2579.1006,62,313.008551
-449.45398,18,313.008656
-1479.4612,21,313.037472
-1954.2888,25,313.056521
-2393.0093,26,313.067343
-1057.4956,3,313.081784
-1910.9911,22,313.094529
-709.7532,20,313.094612
255.05957,28,313.104574
-974.16943,9,313.116724
-111.20068,31,313.126896
-1700.5658,25,313.137322
-390.15326,27,313.137388
-1252.7157,25,313.150321
-1204.6852,5,313.150391
-966.47766,34,313.150406
-1082.4858,9,313.161908
-1088.2467,13,313.162358
-1144.2725,16,313.184774
326.11298,56,313.184839
-1031.6735,3,313.19387
-1045.8162,12,313.205506
-1620.6086,9,313.205648
-1155.6748,37,313.234947
-1021.6093,8,313.235005
-1743.4016,21,313.235021
-1346.2192,73,313.249137
-1401.9841,14,313.249199
-1002.4886,12,313.249213
-2593.1045,34,313.264222
-1036.2715,6,313.27596
-1119.0948,42,313.276046
-2079.3003,8,313.29125
-2070.7483,12,313.291367
-1220.2697,4,313.301211
-1153.5553,6,313.313947
-1939.7083,9,313.314062
-1619.5,14,313.326005
-1356.7156,38,313.368793
-785.6842,41,313.408602
-2823.9062,22,313.435393
953.1332,72,313.463796
-2867.6123,18,313.487998
-2381.4355,30,313.499479
2104.8325,86,313.499546
-1636.4894,21,313.512701
-855.3427,5,313.526503
-1192.49,4,313.55143
-1023.5493,24,313.56618
-2420.0474,27,313.566288
-2538.5078,22,313.588847
-998.7549,3,313.599594
134.27515,38,313.630553
-1203.2561,7,313.630635
-3143.2185,43,313.630653
-1363.0642,13,313.639354
-41.919067,44,313.651525
-988.12555,3,313.662094
-937.217,4,313.67201
-834.7692,38,313.68416
-1150.5106,4,313.694077
-1137.6752,34,313.704777
693.7005,56,313.732875
-1149.031,36,313.732954
-1103.9067,19,313.760059
105.87915,53,313.771719
-995.12213,3,313.783068
-1459.8008,17,313.799565
-821.3136,6,313.821169
714.9763,48,313.840272
-1219.4979,12,313.850778
-300.76227,47,313.883818
-3477.7192,31,313.893925
-3370.6685,16,313.912662
-3171.173,6,313.939665
53.436035,43,313.939749
-1267.1465,13,313.950242
-924.17053,30,314.022582
-1143.2628,3,314.061182
-196.00952,42,314.124783
997.57043,71,314.124873
1349.6467,74,314.124891
971.05383,44,314.169606
339.32263,62,314.190284
-1391.3207,21,314.201997
-1888.6049,31,314.202058
-1676.7471,13,314.303581
-1241.398,8,314.30368
-845.3518,13,314.303696
-17.356201,63,314.354701
-752.2632,57,314.368048
307.64905,47,314.380096
-1644.3965,8,314.392416
-1483.8167,43,314.392495
-2696.2393,52,314.392512
-48.467712,48,314.410564
-789.4846,95,314.422559
-1705.8013,5,314.422631
583.4773,56,314.451509
-1307.2617,24,314.462846
-651.21484,47,314.462904
-1434.7253,23,314.471697
-1535.6924,5,314.503502
-991.07556,12,314.537487
-1512.3683,16,314.555372
-1387.2861,10,314.555443
-369.25586,40,314.55546
-2619.091,15,314.569811
-1994.4089,86,314.604302
-3405.582,15,314.621223
-2034.9158,16,314.621529
-128.70581,57,314.642082
-1141.1843,11,314.660486
-1391.7123,28,314.734416
730.1155,84,314.73456
-577.9509,37,314.747563
-3038.5273,16,314.747607
-1948.8,17,314.747617
-181.52588,47,314.756896
-2322.7014,52,314.769418
-1074.1799,2,314.769496
-2714.5645,26,314.780064
-1056.2804,2,314.791845
-1278.2887,12,314.791937
-1483.873,35,314.815622
-1011.47266,3,314.845032
-2172.477,8,314.868105
-1243.6759,127,314.888879
-1390.976,16,314.919584
-4274.5527,11,314.919661
-561.8465,27,314.919676
-2376.2358,82,314.919681
-1395.8953,16,314.955468
-1039.5264,41,314.974276
-1154.2003,4,314.985043
-2198.763,19,314.985107
-867.1499,42,314.997802
-1898.2432,38,315.024498
-1088.4069,4,315.055949
-2027.7168,7,315.056042
-416.3413,127,315.072927
-1985.7244,13,315.126523
-885.0867,19,315.146827
-537.4534,31,315.159743
-945.60284,7,315.159809
-1488.4647,113,315.159824
-1808.8018,8,315.185128
-2495.9443,22,315.205494
-825.2521,17,315.217124
-2017.7339,15,315.228182
-942.1486,22,315.228242
17.51416,36,315.242947
-1520.5759,7,315.243005
-222.83716,49,315.24302
-1761.8922,8,315.254389
-1138.1367,3,315.297008
-1446.2181,35,315.320331
-1117.9896,6,315.320385
-1207.9614,8,315.340039
-842.1961,7,315.340138
725.1153,61,315.352582
-1648.7405,18,315.352655
-86.54346,31,315.352673
2876.8445,83,315.352678
-1000.68274,5,315.362074
-1099.8302,10,315.373834
-1058.1222,4,315.373891
-1261.9712,5,315.406035
-2179.573,5,315.40611
-1194.03,3,315.406128
-990.5138,33,315.425488
-598.8618,24,315.445761
-1091.3035,8,315.445827
-19.705322,65,315.445843
-2075.9038,10,315.460553
-1196.0405,8,315.460716
-3003.299,57,315.471914
-1066.6323,3,315.483489
-1415.5133,6,315.518944
-18.784668,73,315.561181
-1285.6311,7,315.561244
-1798.9282,9,315.561295
-1962.3192,21,315.59019
-1481.0812,12,315.622686
-1021.57837,4,315.622726
-1050.0167,4,315.622736
-1223.4702,19,315.62275
-2474.7698,18,315.660055
-941.49384,7,315.673486
-3214.8992,35,315.685172
-1646.2047,14,315.685216
1330.6147,89,315.707266
-909.3891,6,315.707326
-2101.9023,22,315.707341
-1190.584,4,315.721136
-3467.9492,29,315.72122
-1072.2634,7,315.721238
-946.3421,8,315.735809
-1025.4855,3,315.754781
-960.2849,4,315.754862
-2182.8604,42,315.789279
-1026.7717,2,315.789339
-1161.8606,5,315.829521
-345.17072,47,315.829613
-1103.0161,11,315.853687
-1277.6414,5,315.853767
-424.5418,34,315.868865
-1007.8353,3,315.898914
-1174.8297,13,315.909045
-2449.5347,16,315.918208
-653.133,19,315.930641
-1219.6719,31,315.940264
-1156.1866,8,315.951653
-1119.2335,3,315.972231
-534.0646,44,315.992676
-1221.5769,5,316.013586
-1012.5321,7,316.013657
-1495.3442,24,316.023783
-1042.2578,24,316.023823
-1745.0045,75,316.040246
-979.92487,5,316.040367
-1162.986,4,316.060452
-1140.523,20,316.071211
-1521.2317,47,316.071265
174.5951,85,316.080512
-1235.374,24,316.114354
41.989685,77,316.142404
-1792.9729,7,316.142478
-1291.4922,12,316.163821
-997.2268,3,316.177749
-920.2486,8,316.177809
-2204.309,25,316.205594
-1630.2124,17,316.218956
-2293.5654,47,316.219017
-979.9138,4,316.229919
-1033.8672,2,316.229989
-1071.3257,6,316.245235
-4957.3994,20,316.290342
-2055.3794,34,316.290732
-1068.7102,12,316.418993
-2594.0005,42,316.436428
-3515.6006,37,316.469579
-1056.6283,3,316.469656
-1068.7938,10,316.481531
681.5903,80,316.495718
-1449.59,15,316.49579
-3329.4458,22,316.519936
-1206.3839,34,316.542083
-887.152,61,316.542174
-1694.8391,12,316.555354
-1040.4086,3,316.555412
-858.98145,60,316.555439
-868.47644,8,316.573047
-1084.2979,2,316.573104
-1761.9558,6,316.573117
-1770.2681,7,316.587095
391.8872,34,316.587168
-1045.4374,2,316.596441
-1704.0951,46,316.607406
1985.1117,132,316.618205
-1088.7407,71,316.618265
-781.96545,34,316.61828
-1115.5353,4,316.629612
-2654.415,21,316.629708
-1697.4929,11,316.670191
-1038.4554,6,316.680914
-1289.9146,10,316.68102
-940.0503,9,316.718957
-3443.747,10,316.719051
-1857.158,25,316.732398
-1169.918,5,316.749006
-1468.4124,16,316.77062
-1544.5024,11,316.781397
-2492.206,29,316.781464
-1418.8655,7,316.795359
-1077.2035,4,316.810663
-1003.7816,20,316.831018
-2353.4985,14,316.831092
-1708.0292,37,316.831108
-1155.0837,8,316.841328
-1629.6783,119,316.841385
-1235.9655,5,316.876973
-1838.8564,7,316.877052
-1053.7723,2,316.902787
-770.81647,14,316.916976
-2711.8481,28,316.936622
-1817.521,45,316.936663
-2842.5928,12,316.936674
-1673.9646,26,316.962411
-1116.0995,4,316.962474
-1069.9696,11,316.962491
-640.2197,21,316.975579
-1700.8423,31,316.98433
-978.63104,8,317.032369
-2251.626,12,317.043473
-323.13245,27,317.098078
-873.4038,26,317.135709
-3457.6594,25,317.135788
-3021.4888,28,317.135807
-2094.3337,11,317.166039
-2836.9941,15,317.166116
-1253.3094,78,317.176844
-71.104065,56,317.196727
-3375.9478,83,317.196822
-1091.8184,3,317.207988
-2265.5508,22,317.235971
332.9286,60,317.236048
-1810.3005,50,317.260934
-1032.3702,4,317.261014
-1595.3457,12,317.261042
-1033.4777,35,317.276351
-897.1489,7,317.292046
971.8688,75,317.30187
-1469.0745,10,317.321895
-1297.635,21,317.321964
-1171.0913,3,317.345581
-1201.6597,10,317.368541
-803.08905,18,317.380997
-3349.3887,11,317.406017
-1264.3866,38,317.450129
1182.6304,70,317.46824
-2508.2344,21,317.486419
-4022.169,24,317.500074
-1486.1646,41,317.517997
-1527.8906,10,317.518065
-1366.798,4,317.558363
975.45667,56,317.55846
-1563.0803,3,317.558485
-1148.5958,4,317.569357
726.56995,47,317.581778
134.47766,32,317.581851
-1060.6262,2,317.60699
-1228.1888,21,317.62691
-973.94904,7,317.637082
-3166.4116,17,317.637393
-1037.6433,8,317.652587
-1402.0043,8,317.652669
-1252.0,4,317.652687
-2241.5273,32,317.692444
-1252.2567,63,317.692512
-1136.4188,5,317.714328
-2658.9575,61,317.726017
-600.782,37,317.72607
-1475.9283,5,317.771397
-2644.5476,27,317.793502
-3990.3535,15,317.804528
-1984.9906,7,317.804597
-1016.9592,3,317.840208
-2555.0361,46,317.903623
-1386.9939,16,317.920141
-129.35223,36,317.9303
284.50482,31,317.950646
-1351.7767,19,317.999044
-1002.9533,57,317.999142
607.77136,31,318.009968
-642.0482,30,318.01004
-1015.07544,31,318.010056
-1015.68494,45,318.022385
-1082.3514,3,318.041617
-823.2139,70,318.041739
-98.66791,88,318.053658
-1407.0189,5,318.079395
1962.7509,106,318.088749
-1672.2124,4,318.088796
-1028.042,5,318.114751
-1085.5981,8,318.114887
-996.95667,7,318.128534
-1052.0317,2,318.138998
1963.4902,69,318.139054
-742.4519,66,318.151847
-1309.4187,31,318.175771
-2788.0903,70,318.17585
1042.7415,65,318.199687
-993.9666,7,318.226204
-1909.2258,26,318.238046
-1820.0156,12,318.238092
-1627.3837,12,318.238101
-905.8895,29,318.269766
-853.1387,7,318.269845
59.54419,38,318.280338
-1464.2905,14,318.291401
-5273.971,52,318.291481
-1089.8107,51,318.31224
-1875.2932,41,318.341766
-1495.1031,9,318.341813
-2010.4434,11,318.378589
-2147.829,25,318.391711
-988.96814,35,318.39182
-2284.1401,20,318.391852
-851.4437,10,318.405094
-1077.4785,6,318.437907
-796.8598,34,318.459931
-1021.64233,63,318.472726
-887.4919,7,318.472802
-1465.5359,9,318.472817
665.12115,39,318.505225
-1046.8999,23,318.516014
-415.09692,77,318.516091
-2474.1777,21,318.524238
-1137.4469,20,318.540539
-185.09991,46,318.587064
-2287.4807,14,318.587113
-1031.5104,28,318.604338
-1061.7949,4,318.60441
-1862.2708,11,318.649342
-1606.7913,10,318.649402
-1032.8691,5,318.64942
-1507.3572,6,318.662328
-2090.1567,21,318.662644
-3703.6367,41,318.702302
-1818.4844,20,318.722704
-1115.0956,17,318.752952
-1148.956,12,318.753017
-2987.7095,65,318.753034
-1106.3136,9,318.774451
-1983.4653,36,318.793747
-1791.1593,10,318.79382
-998.49066,2,318.793837
-1139.2676,4,318.793843
-1066.2562,4,318.814157
-1133.3391,4,318.827925
-986.75714,3,318.828015
-968.65454,6,318.839772
-960.30304,8,318.892293
-554.86707,48,318.914117
-912.00476,32,318.940503
-1701.9119,18,318.940622
-1065.4874,10,318.961766
-3074.9226,23,318.961824
-2683.733,5,318.982474
-1066.3444,3,318.982579
-1020.0186,2,319.011411
-970.09705,17,319.011503
-1236.7959,4,319.011523
-2096.9614,66,319.011533
-1088.999,47,319.011542
-1132.6716,63,319.027644
-1367.2675,27,319.027755
-1097.3922,16,319.049076
-1036.2327,6,319.070846
-1198.616,21,319.070902
-1003.77563,4,319.070916
-1477.9744,4,319.081367
-1454.3162,4,319.09157
-1581.2091,21,319.091637
-1101.9497,2,319.121035
-2210.7466,6,319.14219
-2932.7935,17,319.162901
-1210.9626,13,319.18509
571.96967,28,319.195575
-1137.4281,11,319.220659
-1313.378,17,319.220734
-1114.8359,14,319.236729
-1218.7072,18,319.236799
-445.91992,62,319.260174
-2325.166,30,319.279682
-565.0599,69,319.289215
3946.8096,92,319.311134
-1013.0045,8,319.333937
-1381.9246,72,319.389131
-893.9537,7,319.389202
-985.2141,9,319.389219
-3621.5515,20,319.408481
-1770.04,17,319.40858
-1497.5836,28,319.422478
-538.4434,64,319.422577
-1941.0283,34,319.433763
-841.35474,5,319.456815
-1446.6577,16,319.472476
-1400.2095,4,319.472557
-1236.8906,5,319.489224
1736.606,95,319.489301
-2022.9027,30,319.516385
-1793.4143,45,319.526826
-1082.4866,5,319.548273
-1723.8568,12,319.565361
-1105.7511,6,319.565439
-1946.2174,5,319.565457
-1411.3889,13,319.591848
-1888.8301,5,319.591892
989.8688,86,319.591904
-1857.898,42,319.601964
-942.7895,3,319.62903
-1332.1238,7,319.642748
718.60876,77,319.668673
-1410.2148,16,319.7048
-2175.0325,12,319.725166
-1734.4154,11,319.739591
-591.0491,101,319.753699
-2997.9407,17,319.765659
-1694.5874,14,319.778474
-353.30212,59,319.778558
-1159.6531,6,319.807926
-1486.0659,8,319.826387
-3112.6294,19,319.826457
-1213.1714,14,319.842622
-968.82904,5,319.859741
-1103.3514,3,319.871712
-1217.1794,7,319.871796
-317.4494,34,319.885289
-878.9295,7,319.885381
-1075.0387,2,319.885401
-1140.4421,4,319.897019
1173.3219,50,319.908366
-2779.104,33,319.919724
1224.3286,61,319.919794
-1962.036,9,319.931444
-963.13293,4,319.941767
-1094.5311,7,319.95235
-1094.9064,59,319.965424
-1082.486,4,319.96551
-4314.329,17,319.965529
-1906.9221,54,319.977097
-1810.7808,9,319.987741
442.47516,31,320.008317
-547.0471,46,320.008634
-1710.2405,12,320.018466
-4000.0195,62,320.030733
-1117.9122,10,320.043547
-1669.1543,32,320.043623
-844.63416,12,320.097018
-3013.0137,68,320.097104
-1067.776,8,320.097121
-1604.064,12,320.097129
-1396.8773,8,320.114425
-1567.2642,7,320.114509
-2232.4917,36,320.127715
-1431.704,4,320.149571
-791.6786,46,320.149651
-1214.7823,18,320.149671
-1065.0238,4,320.159968
-974.569,7,320.182997
-1037.397,24,320.197152
-1000.58606,8,320.220363
-1275.518,7,320.243935
-2155.0122,20,320.28351
-858.4683,6,320.299394
-1874.103,16,320.299484
-973.04395,13,320.315957
912.6401,45,320.316042
-923.0017,71,320.354325
-821.6043,32,320.369223
-327.79254,35,320.392275
-1128.8682,8,320.392319
-300.36737,26,320.451087
-1124.8765,46,320.476676
-3313.6118,26,320.487683
-2827.881,24,320.497924
439.72943,31,320.498016
-1214.9113,17,320.519711
-87.07037,42,320.530221
-845.91376,30,320.530496
-1206.7366,8,320.541686
-1182.6125,15,320.556672
-2435.3213,16,320.55677
-1084.8799,4,320.573029
-1101.3749,25,320.573102
-2434.9834,16,320.604641
-1641.6475,6,320.615343
-1142.5278,11,320.635055
-1960.5049,15,320.657124
377.90356,36,320.657192
-5386.9653,55,320.674888
-362.1562,50,320.67495
-1044.336,3,320.703331
-1187.9788,13,320.748769
-1582.9244,10,320.771627
-1006.5459,74,320.787037
-3040.4722,16,320.831191
-890.9509,117,320.831304
-663.2331,28,320.831324
-425.2757,26,320.88444
-573.5681,49,320.906081
-1266.5415,7,320.906138
-864.0012,4,320.930909
267.20398,35,320.954971
335.60468,38,320.955069
-2183.248,14,320.955086
-230.7616,34,320.964923
-1103.96,3,320.997674
-1427.3469,21,320.998262
-1943.1011,16,321.008898
-1045.6824,39,321.044169
322.69653,59,321.04424
601.2709,53,321.044259
-1796.6733,29,321.058641
-1022.0953,2,321.068182
-1437.6362,12,321.095776
2384.8184,106,321.122557
-2789.331,17,321.135063
-1199.2343,7,321.135134
-1139.8302,10,321.13515
2.848755,30,321.135156
-1159.2078,9,321.146804
-2029.4371,14,321.169214
-1188.2786,6,321.169275
-1204.7051,19,321.179547
313.05737,103,321.206321
-1910.4426,13,321.227705
-1133.8815,3,321.227774
-1696.7925,26,321.22779
-2076.1565,15,321.227798
-1454.7046,4,321.274678
-1733.0309,10,321.298397
-2785.6128,57,321.298486
-1148.547,30,321.323323
-1023.35535,2,321.323382
-2185.9663,19,321.367231
-1353.3982,7,321.379512
-3671.8774,13,321.3796
-1075.0022,21,321.39291
-1624.3987,21,321.392998
-1742.3909,70,321.402812
-1276.2568,18,321.427341
-4818.6943,24,321.437718
-2531.1497,10,321.437953
-1166.381,19,321.448732
-1353.7943,94,321.460056
-1255.464,13,321.471498
-1023.3747,9,321.471873
-1460.9342,40,321.485134
-893.17505,68,321.48519
-2499.7583,32,321.506477
-1195.4067,9,321.506543
643.5952,57,321.506561
-1358.2955,12,321.518905
-1145.6123,4,321.51897
-784.44714,5,321.544338
-1164.7185,4,321.554362
-1579.669,4,321.565398
-999.4244,11,321.580208
-1156.5449,27,321.592619
-1554.7896,7,321.592733
2121.0647,87,321.592751
415.94348,58,321.60547
-1161.5498,4,321.636221
-2035.0806,15,321.636277
-1613.3247,36,321.646076
-1126.5437,19,321.656989
-1884.3655,20,321.657046
-1788.9307,7,321.786547
110.52637,42,321.786613
-3345.8857,85,321.786629
-1503.7938,12,321.819748
-3337.358,16,321.830394
3959.9458,153,321.842188
-1623.5928,14,321.857011
-2269.7568,13,321.857058
-559.7704,29,321.857068
-2033.429,7,321.857074
-2905.3071,31,321.885336
-794.38275,18,321.885682
-4103.1436,22,321.896982
-1120.2947,4,321.908579
-1005.9079,4,321.908651
-1165.2505,4,321.948334
-1238.1017,13,321.985678
-908.69604,7,321.995658
365.3684,39,322.026046
-3481.044,45,322.039055
-1225.1687,14,322.049325
-1021.7178,10,322.059947
-2313.2754,25,322.060028
-1053.2881,4,322.073761
-878.51685,26,322.073901
-1126.59,3,322.07393
-1320.6671,32,322.095977
-1147.8921,3,322.105148
-1300.7693,44,322.115562
-800.4007,44,322.129938
-1073.3043,8,322.140915
-1119.1238,5,322.164043
-1102.8271,6,322.164129
-861.6655,32,322.179946
79.62836,33,322.180012
3846.319,79,322.202966
-3396.4058,34,322.20304
-321.9411,41,322.267819
-1119.4711,8,322.26789
-950.4353,12,322.267907
-491.60583,40,322.267916
-1745.8295,33,322.267922
-520.6945,27,322.291051
-1538.314,8,322.291365
-2860.8853,14,322.322135
-1852.4539,42,322.334531
-1286.3539,7,322.344844
-1166.3577,4,322.365225
-1295.2731,33,322.365288
-672.0962,10,322.375585
-880.66626,26,322.418034
-1003.66284,30,322.418115
-1790.1962,11,322.418133
-1192.7428,4,322.41814
-746.8744,48,322.418147
-1394.281,8,322.426728
40.653442,33,322.440063
-997.7894,3,322.452302
-1022.08075,7,322.452366
-609.5062,47,322.452382
-1005.3511,5,322.47532
-1150.6852,4,322.490239
-968.61975,7,322.501631
-2109.2432,58,322.512939
-2291.3413,24,322.554887
1154.5833,71,322.570272
-1154.8468,3,322.592601
-779.9031,46,322.608231
-1221.5642,5,322.654113
-1070.6553,43,322.687676
-3073.877,19,322.715803
-439.33057,38,322.749554
-1270.0103,27,322.762507
-1148.2681,3,322.798279
-488.92773,35,322.812008
-160.22137,54,322.812055
-3206.7332,33,322.82364
-1639.7783,9,322.823725
-858.3447,30,322.874975
-2029.2506,15,322.875081
-1168.813,6,322.886876
-1991.8115,32,322.886942
-1959.5891,5,322.886959
1444.4052,69,322.897267
-2443.5176,24,322.897326
-359.69098,36,322.897342
1654.2415,65,322.917776
-1125.8717,3,322.917854
-2661.2036,48,322.930099
-1116.2253,4,322.930193
-541.8484,62,322.94559
143.46075,31,322.945659
-1813.2915,57,322.954589
-386.26404,42,322.967541
-1671.7747,38,322.97681
-987.45294,9,322.997314
-1209.5355,6,322.997373
-1344.7537,9,323.007103
-1133.2242,3,323.007171
-896.823,10,323.019191
-2050.7468,50,323.031482
-840.055,6,323.031811
-989.2402,2,323.059379
-1031.7976,6,323.07643
-1276.6162,11,323.111823
-1469.0436,12,323.145883
-2081.37,8,323.194842
-1076.3696,2,323.19516
-3168.681,15,323.223475
-993.6126,9,323.318444
-915.39746,7,323.351813
1822.2983,73,323.351932
-1287.6736,8,323.351957
-362.62317,42,323.387378
-1083.2085,59,323.436296
-1017.7642,16,323.482415
-846.42664,7,323.586357
-1327.1445,30,323.621064
-3680.0073,14,323.621136
-2361.0913,24,323.630057
-1793.0078,12,323.655203
-1690.9916,12,323.665831
-2666.7573,12,323.682212
-53.609802,27,323.692946
-637.63995,44,323.693031
-2047.4098,124,323.706221
-1788.3733,50,323.716622
-2344.0981,45,323.726171
-2044.1185,24,323.753831
-253.09021,49,323.768256
-772.3414,23,323.786035
-1192.4635,9,323.837042
-1260.6931,15,323.847807
-2361.6777,32,323.847875
-1939.468,15,323.861265
-2306.0938,20,323.861393
-1177.4458,13,323.871723
-2691.0852,43,323.891785
-1002.7496,27,323.903157
-1163.7687,6,323.92223
-1077.4475,6,323.944591
-520.3772,26,323.944696
-1084.3833,2,323.944717
-1355.7153,3,323.979012
-1699.7458,5,324.008811
-1180.3885,38,324.008899
-2521.4705,28,324.064193
-933.2149,16,324.075104
-1890.5417,18,324.08941
-2953.2656,23,324.089473
-1891.8169,10,324.122882
-1526.6251,54,324.151741
-1160.302,6,324.165896
-5454.12,41,324.175699
-1514.2948,3,324.200824
-1238.9154,9,324.200909
-1066.0106,5,324.200926
-1614.8153,73,324.200933
-1639.2578,11,324.211984
1121.541,42,324.235878
-1667.6698,24,324.235953
-473.37854,50,324.26105
1508.1952,77,324.261164
-1366.0349,4,324.280428
-1531.0408,4,324.280499
-2558.9858,28,324.313758
1817.0248,88,324.330065
-925.48083,20,324.342221
-3470.7432,13,324.364547
-655.9152,47,324.364658
-2573.6235,17,324.389369
-2053.3042,5,324.410428
-1233.7982,16,324.410517
-1605.4866,20,324.431902
-1652.2875,13,324.442005
-992.798,8,324.463893
-2378.5986,18,324.486769
-654.89746,23,324.48697
186.45789,62,324.48699
-3498.3057,19,324.500673
390.3258,37,324.500742
-1083.3372,9,324.500759
-1798.7861,6,324.51189
321.27264,38,324.511985
-3178.5476,19,324.52451
-1966.5927,9,324.524574
-1068.4419,2,324.524589
-200.54926,27,324.53866
-1743.8792,49,324.538751
-2268.8955,17,324.538773
-1045.8622,3,324.551193
-2574.1997,13,324.571816
-306.95477,63,324.571883
-1257.9021,5,324.583052
-1038.7003,2,324.602575
-863.6915,7,324.614053
-958.9792,7,324.628528
-71.36981,36,324.648248
-2169.5327,64,324.663819
-1385.7104,14,324.673121
-1522.1853,64,324.687334
-1426.1318,8,324.687407
-1035.7566,3,324.687424
-1179.77,16,324.687431
-1334.2231,13,324.701376
-1538.4938,17,324.701417
-1175.5485,3,324.742437
-1156.1891,6,324.765424
-994.77405,6,324.765501
-1587.5488,15,324.76552
-2297.2336,14,324.776831
-916.1792,10,324.885837
214.76343,30,324.90799
-47.946716,51,324.962529
-181.86505,36,324.962615
-2179.3154,26,324.999529
-1491.9734,29,325.034922
-1136.978,4,325.050472
164.3905,123,325.050543
-3632.349,48,325.05056
-2898.5107,24,325.050567
-2312.5793,31,325.050573
614.91345,37,325.081955
-3000.4502,38,325.082037
-1542.1873,54,325.11618
3991.2383,152,325.143337
-2153.8486,14,325.165023
-1184.618,9,325.182601
-1741.1005,22,325.182665
-990.7383,6,325.182687
-930.2915,8,325.182696
-1760.6104,8,325.216216
-660.05566,42,325.281388
-2140.976,18,325.30447
-2412.2227,75,325.316099
-4193.0347,65,325.316192
-1509.8754,9,325.31621
-3506.483,14,325.331389
-1123.5054,4,325.33146
-1053.5947,2,325.331476
-1141.9603,3,325.361236
-1233.6471,34,325.362688
-3087.0908,46,325.376693
-3991.5493,16,325.376792
2003.5562,65,325.395575
-1388.6669,6,325.419317
-3964.9827,30,325.461349
317.0924,59,325.461451
430.5675,39,325.491952
-2726.4644,9,325.49202
-1403.9509,9,325.521811
-1583.4524,13,325.54686
737.8185,82,325.558254
-1888.0615,9,325.569069
-1726.2163,18,325.582542
-620.7655,73,325.593786
-929.84827,19,325.605006
-1037.4153,5,325.655788
-2164.9766,26,325.655857
-1146.5942,8,325.666304
-1025.5541,2,325.678032
427.99243,48,325.67815
-1082.005,45,325.702095
-2907.9375,12,325.702166
-2496.3218,11,325.715228
-1561.3834,75,325.715286
-1027.2028,6,325.779961
-1243.3735,9,325.790419
-1149.7114,10,325.800695
-598.1301,39,325.815233
-1142.791,5,325.862137
-3936.7012,26,325.862233
-1856.5216,34,325.872406
-1057.1339,18,325.882514
892.9873,47,325.895239
1288.8083,66,325.895329
-1114.1055,3,325.895346
-1708.8129,58,325.895356
-870.70013,11,325.914689
-1885.0322,9,325.924501
-2357.5415,18,325.934856
-1636.2649,27,325.986341
-1025.683,10,325.995588
-770.4851,7,326.005246
-1337.6099,11,326.030858
-1513.3711,4,326.030927
-301.17297,59,326.041271
-1034.1642,9,326.041326
-1430.6177,28,326.041341
-1017.93884,5,326.055038
-834.69135,5,326.06726
138.16272,72,326.067336
-995.0579,15,326.067354
-1034.1226,6,326.10069
-1481.1943,62,326.116642
1699.1013,79,326.153777
-1222.4027,8,326.165261
-1229.621,10,326.178619
-1321.324,13,326.194747
-1016.581,2,326.194849
-1280.8055,55,326.194866
-940.87396,4,326.251001
-1318.0964,16,326.272238
-937.8986,9,326.311493
-1592.8088,7,326.363525
-1950.3264,15,326.376866
-2388.9863,38,326.376927
-1156.9265,3,326.402006
-1090.0382,23,326.414353
-1774.9006,17,326.41445
-625.40497,40,326.414475
-1285.085,16,326.448023
3591.8535,156,326.457578
-993.74695,7,326.481916
-2467.9976,49,326.501784
-628.69025,65,326.518445
-912.96893,10,326.530327
-1749.2947,10,326.530406
-1095.1843,6,326.530423
2092.7422,76,326.540674
-1064.8284,6,326.554252
-42.64087,38,326.576884
-1146.7529,5,326.576944
-146.20996,35,326.591456
-1657.2865,5,326.609683
-2122.4697,20,326.621584
-954.3755,8,326.632961
-978.47394,6,326.633043
1260.9255,94,326.644019
-2006.6194,48,326.644089
-1316.5374,20,326.659688
-1973.9086,17,326.659772
-1598.5264,7,326.681318
-1108.8527,3,326.681388
-1006.48566,4,326.714732
-390.9026,32,326.714794
-2926.7883,99,326.714812
-888.72314,7,326.73853
-4350.8,24,326.797552
-1192.446,18,326.818442
-1564.9618,14,326.818551
-1670.4657,21,326.840612
-397.00598,64,326.86443
-1303.4963,8,326.897741
-1014.8104,5,326.897808
-1398.028,31,326.908261
1404.1553,86,326.9199
-996.9486,3,326.954075
-763.2474,26,326.979512
-3127.1274,89,326.991434
-5523.0317,24,326.991501
-664.50037,39,327.00294
-906.90186,4,327.002995
-1473.6665,23,327.00301
-1014.3065,2,327.003018
923.87634,79,327.023232
-1034.7028,2,327.023315
-2233.29,31,327.046458
-1025.9563,6,327.06534
-1612.9292,7,327.09403
-1040.3281,2,327.094095
1121.3655,87,327.11811
-912.0735,10,327.128708
887.52124,159,327.150377
2406.48,111,327.166149
149.78247,65,327.178013
-1204.2601,5,327.197127
-2555.921,14,327.211467
-1898.9922,5,327.266814
-712.31506,45,327.276824
-1513.3005,33,327.293668
-1036.6932,14,327.442471
265.10376,54,327.454829
-1221.8766,16,327.500582
-1071.2717,5,327.510962
1884.9751,55,327.526931
-1087.7684,3,327.546913
-1871.1442,31,327.585937
-1841.4639,9,327.58602
365.70386,43,327.586039
-1204.5933,35,327.597872
-1491.8057,26,327.61991
925.11646,57,327.667621
-1316.9299,22,327.667709
-1103.1349,40,327.667727
-996.8337,12,327.676974
-2626.307,59,327.687284
-881.7511,7,327.701555
-3250.811,44,327.701626
-1558.3738,11,327.712977
627.5341,42,327.752743
81.188354,58,327.752816
-1254.4271,6,327.752832
-971.68823,16,327.762012
-131.70306,37,327.790364
-912.0185,21,327.826496
-2666.628,14,327.869925
-2620.6646,53,327.889538
-3263.3423,27,327.912924
-1764.1882,13,327.913002
-1107.4934,3,327.913019
-331.09973,36,327.960491
-1142.3401,5,327.960578
-1398.1931,13,327.967676
-999.0799,2,327.986076
-3473.6514,9,327.998793
-718.13367,28,328.012892
-1189.4597,23,328.026439
-2805.4075,46,328.05132
-2053.955,10,328.080438
-1060.1703,2,328.080522
-2530.9653,18,328.092337
-619.79504,39,328.123223
-869.1791,20,328.145221
-1749.3777,30,328.1453
-2485.4062,42,328.163294
-248.46399,34,328.163367
360.90857,117,328.175407
-1392.9673,12,328.1924
-1153.473,7,328.192496
-1147.1549,5,328.201396
-1162.3994,4,328.201493
-3015.9158,66,328.21859
-1493.2213,17,328.218665
-996.7718,4,328.25439
-1226.402,4,328.254457
-941.48663,7,328.254474
-1502.822,8,328.254483
-3079.1777,50,328.263589
-1750.5856,20,328.263692
-1492.0902,8,328.277649
-1038.6254,2,328.277725
-983.9376,3,328.290329
-791.1518,50,328.299522
-1453.0227,13,328.320556
1923.3881,83,328.320611
-1603.3082,20,328.330985
-2521.1228,57,328.341402
-1048.8234,6,328.356374
-1096.2426,8,328.356459
-1719.136,107,328.356474
-1030.5563,5,328.392156
-1103.8439,3,328.402507
-1385.0983,10,328.402585
-1777.4829,15,328.433583
-386.2848,39,328.450405
-4377.0225,16,328.463248
-1061.9198,2,328.473073
-1896.3817,5,328.493586
-2639.0586,13,328.522558
-4676.393,25,328.522622
-1103.5497,6,328.535566
-1538.2249,19,328.535626
-1522.421,4,328.546769
-1901.943,30,328.558086
-3888.7866,19,328.583324
-1202.1786,40,328.583406
-1201.0092,68,328.58342
-185.82538,151,328.625407
-3665.2964,19,328.625478
-1850.2284,6,328.656631
-901.128,27,328.656704
-1056.9857,51,328.656718
-423.84045,34,328.666422
-1098.6394,5,328.67935
-3491.8894,23,328.679414
-2940.003,28,328.702307
-1193.5582,4,328.71202
-1096.1664,16,328.733427
1552.6919,162,328.743464
-721.651,38,328.743501
-924.29553,7,328.743511
-2039.6935,6,328.761186
-1130.9095,3,328.791805
-1987.321,20,328.81602
-984.9832,7,328.816109
-5175.1533,117,328.83907
-1060.46,9,328.849469
-1691.0442,17,328.87277
-782.8218,55,328.901439
-303.76514,26,328.912514
-1047.0358,13,328.962433
-978.0643,8,328.96248
-1241.4962,7,329.000556
-1160.9647,37,329.01569
-1130.5381,5,329.024566
-519.74414,45,329.046056
-1043.6082,2,329.047935
-1037.0137,52,329.066364
-1536.5682,43,329.075914
1064.0115,72,329.096806
-1954.9316,5,329.106607
-1032.0078,3,329.106727
-3574.6943,29,329.124274
-692.8013,29,329.124334
-1263.933,5,329.152389
-1218.6108,13,329.15278
-3789.2197,44,329.179494
-443.2765,37,329.179567
-1310.8901,29,329.209012
-749.38446,41,329.20908
-1933.8544,43,329.209097
-967.852,5,329.222636
-1262.2423,7,329.246856
1262.4292,75,329.276964
-1920.5648,29,329.277034
-2298.0305,61,329.287001
-917.472,8,329.315439
610.40625,59,329.330382
-1866.3564,26,329.330426
611.31775,41,329.330438
-2727.253,62,329.330444
-1133.1124,5,329.352678
-2402.9055,43,329.352797
-1824.0315,19,329.352822
-1293.834,13,329.362557
-3640.3264,27,329.390854
-1803.143,28,329.390933
-2665.0806,24,329.408208
-1029.57,4,329.408285
-870.57635,6,329.436691
-1125.85,4,329.447993
-1861.9697,22,329.448075
-1506.5178,14,329.448091
-2193.1428,21,329.45766
-2673.9946,9,329.457733
-1196.859,12,329.470249
-743.927,7,329.470302
-9.701782,31,329.482022
-1932.9291,7,329.482086
597.7575,30,329.482102
-524.3314,27,329.523966
-1044.5035,9,329.552674
-1164.8711,10,329.552785
-1329.6517,11,329.584922
-1319.856,12,329.596322
-1384.8063,10,329.608288
-979.4671,7,329.650045
-521.39014,57,329.662161
-1699.8798,7,329.675077
-1482.2661,15,329.675354
-2561.8982,35,329.675406
-622.69055,8,329.696665
-1439.6796,14,329.709441
-1130.3512,32,329.720718
-1824.4539,34,329.740379
-917.1128,24,329.749571
-1042.9614,36,329.749645
-633.14343,10,329.769314
-989.27814,8,329.769395
-1056.999,2,329.778722
-938.2417,11,329.806149
-437.09094,39,329.835612
-596.29004,53,329.835684
-1009.2982,2,329.835699
-2036.73,31,329.865543
-586.0864,34,329.887833
-2686.8313,11,329.887917
-1065.0647,9,329.900499
-1145.1101,3,329.900585
-945.372,7,329.923497
-1576.9199,21,329.956645
-2462.3984,46,329.95671
-1007.85315,10,329.956726
-342.9615,53,329.975462
-1057.7965,2,329.975525
-1160.1134,8,329.975541
-1127.7194,3,330.006456
-572.78564,29,330.024765
-2653.979,22,330.035569
-1555.913,14,330.059945
-414.16492,29,330.071706
-1839.7815,26,330.081156
-1039.4153,50,330.091453
1875.7168,109,330.107815
-925.94055,4,330.107877
-953.98987,7,330.119608
-1497.5586,14,330.152384
3658.4885,103,330.152473
-854.5421,75,330.195169
-1476.0525,14,330.195262
-1050.4081,2,330.225409
-1123.9236,45,330.314472
-1803.4791,35,330.314545
-2873.6138,17,330.32729
-1553.114,63,330.340349
-1355.6852,21,330.351273
-1595.3911,35,330.351376
-1421.7494,25,330.391464
-1075.4222,5,330.391534
-1261.9062,19,330.391552
-978.74664,7,330.403107
-2735.9043,18,330.433975
347.4037,79,330.456682
-801.093,66,330.476677
-1063.1677,5,330.491293
53.867737,41,330.491366
-998.7229,4,330.530437
-915.04584,25,330.547359
-281.75342,34,330.566643
-2017.2719,5,330.566718
-1050.4973,38,330.646677
58.494324,44,330.678431
136.23523,78,330.693148
-2009.6384,15,330.693231
-1596.4204,26,330.693248
-59.026245,60,330.718438
-1054.8837,5,330.778955
-1234.0643,9,330.796612
-1813.1384,13,330.811527
-1917.8435,20,330.822706
38.351807,33,330.822806
-1726.1208,11,330.833258
-3772.7705,57,330.833313
-1728.5027,12,330.843271
-1363.3314,81,330.856334
-2783.4849,23,330.856408
-1082.3506,3,330.856425
965.9424,71,330.856431
-1006.35736,7,330.894857
-1131.5707,3,330.894953
-554.2619,39,330.90579
-2074.391,5,330.916901
470.9474,43,330.940393
-1139.597,6,330.984508
2907.5034,92,331.051747
-3450.6592,14,331.063943
-1207.591,18,331.064006
-2366.582,44,331.085565
-961.4457,4,331.109114
-1029.5502,5,331.10919
-632.80676,25,331.133251
-1293.7803,19,331.133569
-3015.667,125,331.166957
-21.895264,51,331.182325
-1224.4922,8,331.182409
-2048.8145,12,331.205567
-616.5741,65,331.205624
-1428.606,30,331.21526
-675.5836,37,331.22631
-544.37683,34,331.235024
-1541.7793,9,331.235418
-1509.564,7,331.258448
-772.668,22,331.258532
-1187.0538,4,331.268504
-1629.2898,7,331.268598
-2858.8794,49,331.301913
-1783.814,40,331.323667
-1357.413,6,331.347721
-1379.168,18,331.347795
-1205.2745,7,331.357836
-1194.5623,9,331.357899
-701.69556,34,331.370107
-4336.5317,107,331.370166
-1111.0303,8,331.382484
-1893.7827,15,331.382555
-2448.1423,85,331.395679
-1007.3406,4,331.419259
-1794.6154,46,331.431743
-2865.3464,12,331.431827
-2232.1362,26,331.462327
-736.42194,22,331.495661
-1829.9365,15,331.511785
900.69507,93,331.52222
-2198.879,24,331.522282
-1137.9255,4,331.566262
-1277.1431,6,331.566455
-1566.4236,8,331.615453
-961.79614,17,331.664376
-1516.4906,14,331.664458
320.95856,43,331.68158
101.68555,103,331.681685
-1191.8671,4,331.716622
-1350.3705,32,331.736695
-987.1595,12,331.747644
1277.5725,74,331.747711
-1055.0745,6,331.765978
-1010.6476,2,331.766061
-107.356445,101,331.766075
-503.24777,70,331.802814
-1215.2533,14,331.850683
-1643.676,8,331.850766
-4144.985,18,331.859154
-4313.219,40,331.871129
-2277.3008,27,331.883849
-2464.4421,42,331.918968
-1724.7946,39,331.933202
-234.55713,45,331.945364
-296.42407,43,331.955839
-1337.7249,9,331.96905
-897.1239,21,332.017703
-1179.3928,4,332.017814
1116.4598,61,332.035724
-1252.8302,37,332.047796
-1099.6047,9,332.047867
-2126.4717,56,332.097597
-953.91095,5,332.097702
-1029.9084,2,332.12313
-857.5467,7,332.134347
-1762.905,16,332.145922
-2725.1177,23,332.145981
204.00757,30,332.156884
-121.590454,37,332.198276
-273.53918,41,332.220925
37.714355,33,332.243051
-2157.619,64,332.243127
-245.74518,73,332.272918
-2580.1416,13,332.287271
-2962.1777,33,332.287345
-1222.8232,22,332.28736
-1013.772,8,332.301413
-909.3002,5,332.359931
-1384.1724,7,332.37142
-1617.6105,29,332.371517
-871.19714,11,332.402744
-805.1534,60,332.412181
-1642.0286,15,332.425364
-729.44055,23,332.425421
-2040.8467,48,332.425436
1868.5637,83,332.425442
-3618.9507,24,332.437598
-1085.5887,7,332.437661
-2693.9116,25,332.437677
-121.46088,87,332.447752
-1074.1996,7,332.499994
-1042.4757,6,332.515279
-1758.395,39,332.56254
-11.4592285,37,332.600312
-2530.909,32,332.600369
-168.91522,70,332.600384
-2029.0178,16,332.61512
-2557.6177,28,332.615185
-958.7772,8,332.615199
-1177.9613,58,332.615208
512.5228,72,332.741297
-2216.3523,19,332.775535
-3384.9617,34,332.796643
-1023.7749,5,332.837131
-1102.841,14,332.847737
-1604.482,67,332.847817
-2217.9888,34,332.876706
-2160.3765,30,332.890481
-1032.2358,2,332.899224
-1165.1393,16,332.915779
434.2887,34,332.936458
-129.54504,43,332.986636
-1087.3627,131,332.986729
-3600.675,39,332.986747
-2692.5195,8,333.017571
-3761.2065,33,333.017691
-949.14435,72,333.030963
-1843.9296,27,333.045569
-920.2445,27,333.045664
-997.8645,4,333.087183
49.072876,47,333.087305
-2409.732,8,333.103957
-1086.6786,5,333.116487
-1109.6995,8,333.128129
-1165.9834,35,333.15927
-2452.8506,12,333.159337
-1062.3441,10,333.159353
-733.7803,50,333.169036
-1180.9315,8,333.219713
-975.63794,7,333.232213
-1473.1904,32,333.242726
-1078.035,8,333.242844
-1085.0951,12,333.255228
-2580.2605,42,333.255297
-657.5796,10,333.335135
-1630.6508,36,333.335245
-3946.4429,15,333.335263
-1044.9681,53,333.370021
-1100.6719,3,333.370082
-664.70557,25,333.382843
-986.5978,46,333.402441
-2840.1245,38,333.420204
-1594.4695,14,333.420275
-1984.8439,15,333.420292
-743.6185,7,333.433525
1203.3923,51,333.433615
-1090.5044,4,333.443655
194.53235,73,333.443995
-3250.2026,59,333.454935
-1016.73773,7,333.464817
-925.563,6,333.476752
-1763.6394,15,333.534435
169.36145,98,333.56407
-893.2144,15,333.611095
-159.3404,45,333.611154
-2197.6047,16,333.626008
-1037.2546,2,333.637309
-5697.403,31,333.649992
-1140.2698,19,333.681946
-965.05786,6,333.681998
-949.72534,6,333.722812
-2372.124,11,333.753153
-1002.4628,6,333.753429
-1375.6006,50,333.767636
-2020.3635,7,333.767708
-1036.3132,5,333.817286
-1057.8862,5,333.81736
-878.1093,34,333.829023
-2595.1528,38,333.840063
-969.4351,3,333.85248
-517.6763,34,333.852561
146.39209,80,333.901445
3463.7627,96,333.917121
-902.4354,42,333.948382
-2229.9512,44,333.977312
-932.43976,6,333.977389
-1082.3887,58,333.977405
-2500.0396,36,333.977412
-1903.9661,14,334.000445
-1048.6732,2,334.000514
-757.34106,43,334.013671
-1686.0144,24,334.013738
-1120.5958,12,334.013752
-1261.5543,21,334.013758
-1083.6134,47,334.037254
-810.4798,40,334.04859
-998.0391,77,334.048676
-1284.0056,9,334.084846
-1360.5675,8,334.105067
-1237.5891,7,334.13425
-2563.904,7,334.134299
-702.2166,31,334.134309
-1004.92523,9,334.14344
-1053.3604,13,334.154746
-2643.9302,14,334.166229
-481.48645,59,334.187345
-2202.6895,80,334.218746
-1108.25,94,334.23453
1535.4827,101,334.234614
446.768,50,334.234633
-966.99243,33,334.255118
-1044.7816,33,334.26542
-1133.3204,9,334.283532
-3304.0146,31,334.296207
-1139.3329,3,334.296281
-1142.4686,3,335.564937
-1100.2314,3,335.577148
-1166.9691,12,335.588479
-3737.925,18,335.598907
-996.6348,21,335.615862
-1971.5652,24,335.62821
-1423.2827,12,335.637559
1259.5505,125,335.637639
-1223.7812,5,335.662771
-1036.7738,9,335.681811
605.08704,27,335.739661
-1210.9185,12,335.761564
-1776.947,31,335.761634
1429.7344,44,335.761652
-1068.7798,19,335.770505
-1132.6804,4,335.784003
-1124.7247,13,335.792936
-2680.4155,19,335.819134
-924.27844,29,335.828744
-1038.573,3,335.849342
-924.22705,7,335.849409
-117.12543,31,335.862423
-1050.9735,11,335.884857
-4361.7544,12,335.894413
-1179.1934,13,335.906912
-1953.2498,24,335.906993
-1133.5989,34,335.916611
-1573.8779,6,335.91667
-199.2583,26,335.937451
-1260.9093,7,335.977789
-960.7827,7,335.977858
-1894.0112,63,336.003108
23.786255,56,336.040646
1187.3014,68,336.06221
-1283.2858,68,336.062277
2643.7808,74,336.088673
-1092.1589,4,336.101405
-1591.2761,37,336.101478
-1864.6594,51,336.101496
-1080.5043,2,336.112662
-1557.3826,20,336.124667
-769.2495,29,336.136712
-1504.6354,27,336.171405
-2416.6387,19,336.171469
-1574.8059,26,336.171517
-895.3886,4,336.171525
-1171.9977,26,336.2064
-1490.3636,16,336.206475
-1054.9072,10,336.215039
-1495.123,5,336.224307
-3051.063,20,336.224378
818.0467,49,336.264555
-345.12903,99,336.276317
-1601.5199,10,336.286571
-1746.6675,6,336.286637
-1972.4305,11,336.295891
-1135.5836,3,336.314803
-1256.9872,20,336.329658
-1207.3887,6,336.329726
-1985.8602,11,336.329743
-1239.1069,18,336.342818
-1031.0734,6,336.352564
-2901.5164,11,336.401707
-1217.6606,7,336.421088
1466.8456,87,336.44034
-1159.3214,3,336.454397
-1985.6919,11,336.476579
-1136.5387,3,336.476659
-2633.0073,21,336.491062
-1242.9353,55,336.491124
-1049.3015,5,336.491141
-3730.69,18,336.533088
-1017.3227,7,336.553383
-2879.1455,16,336.553505
214.43811,82,336.563554
-1788.9734,7,336.576448
-1179.7736,6,336.576494
-1226.3433,6,336.576506
-1075.2971,3,336.611212
-11.540222,41,336.611293
-962.95764,5,336.622422
-1442.2156,12,336.638765
-515.13153,60,336.659645
-1551.644,10,336.67007
-1177.7037,4,336.670139
1237.9023,75,336.696419
138.94409,50,336.696531
-1030.4204,18,336.748849
-1601.4548,18,336.769778
-1010.39545,24,336.790879
-2324.0166,15,336.790951
925.7627,72,336.801534
-978.253,9,336.801594
-1015.6352,5,336.82422
-3904.2048,58,336.824321
539.33167,133,336.833571
-1117.697,4,336.851166
-1345.4438,71,336.87129
-2388.6377,10,336.879015
-101.166626,45,336.890832
-1557.0588,9,336.911816
-3108.649,10,336.911889
-946.4992,8,336.929739
-309.28137,22,336.929808
-1146.2765,22,336.943018
-922.412,6,336.957935
-1121.9359,9,336.978032
-1158.7277,5,336.978097
-1050.3154,5,336.987931
-2356.2163,25,337.009869
-1356.7921,15,337.021079
-183.34894,55,337.051864
-2299.0938,17,337.061568
-2587.8074,9,337.093328
1148.9342,71,337.112325
-1176.0571,5,337.1124
-1740.9575,15,337.12448
-2625.7446,27,337.124565
-1437.0171,20,337.13661
-1009.8965,5,337.169029
-2925.6091,16,337.169093
-1864.038,21,337.205448
-2271.6887,12,337.205491
-1424.406,8,337.218263
-1001.7083,18,337.232084
-1120.2035,54,337.232172
-1122.2593,35,337.26328
-1109.5927,5,337.263339
-907.9647,8,337.263368
424.44092,55,337.271749
-951.73517,5,337.282798
-1232.9087,5,337.282865
-1956.9666,6,337.282879
635.1289,34,337.314078
-124.358826,94,337.314145
-1314.124,5,337.324918
-1769.0505,12,337.337788
-3439.435,81,337.337879
-1035.0942,3,337.352149
-1137.4669,16,337.352233
-953.61926,7,337.363911
-4780.6167,32,337.374361
-1293.8708,10,337.37443
-1079.7319,6,337.406896
-870.5335,7,337.406971
-1097.1204,5,337.419321
-178.93433,26,337.430109
2098.391,112,337.449795
-1500.0239,9,337.460716
-1032.6677,2,337.460787
-1080.1445,5,337.474501
-1077.4105,45,337.474645
-920.70184,7,337.474674
-1858.6741,10,337.493693
-4368.751,18,337.49379
-2245.5024,7,337.515678
-1544.0033,11,337.526741
-1694.0854,4,337.545197
-1050.3168,2,337.55711
-45.207153,80,337.568457
-1065.1449,4,337.599801
-1095.2548,4,337.610536
-694.3519,40,337.641282
-1394.6672,11,337.653443
-1698.1589,15,337.668166
-1388.2744,13,337.668269
-983.5133,2,337.693145
1801.7793,86,337.704477
1608.953,121,337.715137
-989.3538,6,337.753734
-858.9643,26,337.75388
393.25366,39,337.770018
864.19495,94,337.809956
-1986.9775,38,337.810046
52.24292,65,337.868646
-2431.8677,9,337.868713
-1754.5583,73,337.868728
-2105.2234,6,337.879676
-1755.8059,21,337.889531
-1425.9508,34,337.88984
100.718506,54,337.930057
-93.598755,40,337.944627
-2240.4443,26,337.978137
1247.3159,45,337.989839
-2838.6436,12,338.01192
-1153.157,3,338.011989
-2418.6553,55,338.031237
-1378.9391,8,338.031295
-2408.7854,50,338.031311
-1157.1597,3,338.062961
-834.88367,23,338.063065
-926.4374,5,338.063099
-1150.8685,4,338.081519
-855.01483,49,338.117183
-1399.8809,23,338.135675
-1055.7494,45,338.155742
-989.7199,40,338.164695
-1028.0596,6,338.2248
-1343.1215,17,338.224916
-1678.2612,33,338.284068
-1125.7476,37,338.312483
-2794.7925,87,338.312557
-1201.0483,8,338.326771
-1163.3564,14,338.337953
2572.6008,59,338.338036
-1998.5515,21,338.348831
-1532.5198,22,338.3489
-2716.8826,52,338.361086
-2367.4636,30,338.36117
-1125.2075,3,338.37271
-1014.52856,5,338.372789
-1049.6536,2,338.37281
-743.52026,41,338.38504
-968.26996,39,338.402702
-3077.9023,10,338.402803
-855.9602,70,338.414338
-1173.9052,5,338.425014
-2185.3694,9,338.425089
-1031.3715,10,338.448717
-1037.0774,3,338.448782
-2041.1216,31,338.448798
-1819.8733,27,338.448805
407.29126,61,338.460234
-842.81573,11,338.472768
609.72375,115,338.483233
-2300.0505,9,338.505126
-1746.0889,5,338.505182
-1091.3723,18,338.514256
-2576.0654,13,338.514313
-1037.3073,7,338.554661
326.02966,43,338.554734
-440.4953,83,338.554753
-1385.0521,10,338.579869
-119.71277,64,338.619422
-1113.3518,4,338.6195
1127.4492,48,338.645209
-3065.163,18,338.660289
-2998.1448,18,338.66038
-1679.7566,19,338.669163
-1276.69,14,338.669204
-1921.87,22,338.689099
-99.312805,46,338.689228
-1331.8894,17,338.744353
-2009.0986,18,338.755639
-3610.1997,16,338.767252
-944.9428,6,338.767312
-1649.1552,11,338.778539
172.86115,108,338.778621
-4569.873,30,338.778639
-1562.3857,17,338.778647
-3022.6733,11,338.81845
-1739.3997,4,338.83387
-1893.743,12,338.844278
-1515.5507,13,338.865931
-903.75964,7,338.865981
-972.1969,52,338.865993
-2107.733,10,338.876234
-1114.553,3,338.898599
-2013.4078,23,338.925779
-1706.5663,16,338.938529
-1099.8154,3,338.938629
-1867.6167,22,338.93865
-1378.543,7,338.965562
-2384.1,39,338.979154
-1068.7052,22,338.979219
-1145.744,5,339.000591
-1524.9585,19,339.000669
-316.1416,35,339.000688
-992.19403,11,339.000695
-2336.0034,16,339.01938
-127.165344,55,339.042633
-1192.9314,5,339.04269
-1038.2677,15,339.054858
-1938.9283,6,339.174285
-1127.6863,6,339.183259
-713.51685,54,339.196706
-1042.4376,9,339.207673
-898.7707,16,339.233391
-301.93292,63,339.246207
-1140.0203,18,339.246264
-1118.8878,9,339.24628
-1083.256,3,339.265503
-2111.3296,14,339.265594
-2247.5908,16,339.265608
-1639.6111,14,339.265614
-882.69543,6,339.276478
-1061.0983,2,339.288236
-946.99634,7,339.343695
293.99597,27,339.354331
-1396.9689,12,339.399473
-1018.79816,11,339.418665
-2275.0488,20,339.418736
-1262.8113,13,339.418753
-1221.2231,30,339.41876
-263.03955,23,339.418766
-1042.4365,2,339.435347
-496.74048,46,339.435434
-1308.4904,18,339.473018
296.5188,70,339.495099
552.8599,46,339.521555
-1578.1771,8,339.548109
-631.1097,85,339.548405
-1078.7097,8,339.548433
-1150.7539,6,339.570758
-2071.4453,12,339.601562
-2382.979,19,339.621167
-8123.606,33,339.635159
-335.4353,60,339.646368
-1475.9861,15,339.646465
-1171.874,8,339.658388
281.58167,32,339.668717
-1068.9595,20,339.713266
-954.4161,13,339.725485
-2472.0117,6,339.744077
-1123.2596,9,339.75695
-1099.5818,11,339.770359
-811.7369,14,339.789255
-954.5188,4,339.799928
-1111.9166,24,339.809893
-2720.8467,7,339.839154
-3050.534,17,339.849106
-1824.9966,26,339.849172
-2523.9983,15,339.893572
-1083.3328,4,339.893695
570.32007,36,339.907321
-325.4206,53,339.918419
-2482.8828,10,339.918493
-1794.1615,21,339.918509
515.8627,79,339.918516
-2124.457,40,339.962461
1856.6012,66,339.971729
-1000.1982,10,340.013491
2738.9512,93,340.026623
-834.6722,10,340.026698
-1212.663,9,340.026715
964.35657,129,340.05734
-1089.9948,5,340.067343
-287.41516,44,340.083498
726.4618,110,340.136625
-1075.5103,10,340.136694
341.37335,43,340.14911
-2183.9897,21,340.161639
-1566.6235,40,340.171508
-1529.8489,28,340.171562
-1190.6733,14,340.19035
-850.06085,9,340.190424
-1946.7943,11,340.205656
-2336.4863,22,340.216226
-1900.5992,55,340.227518
-912.329,3,340.253322
-1471.3304,6,340.263989
-986.4217,5,340.264087
-2427.49,18,340.276294
-1086.6556,3,340.29013
409.88525,74,340.290215
-594.5524,81,340.290235
285.57104,47,340.290243
-1700.2681,11,340.313339
-1509.6262,4,340.313396
-1184.1993,14,340.324879
-1284.2498,42,340.334906
-2788.1494,18,340.378866
-1366.8271,19,340.402671
-4269.065,37,340.402722
-962.9229,13,340.434014
-1971.6243,19,340.473468
-731.29144,10,340.493025
-1294.6624,9,340.501873
-1545.0433,33,340.524433
-712.9584,28,340.551493
-343.63757,36,340.571877
-1168.854,7,340.571974
-1922.1218,12,340.583922
-3288.0796,17,340.606311
-1481.2819,12,340.634327
-787.6238,31,340.64629
590.9032,30,340.657612
-624.0835,30,340.675457
-1972.6211,31,340.675526
-530.15826,58,340.703953
-4297.601,47,340.731854
-2291.542,14,340.73193
-1505.3668,41,340.75337
1472.6143,73,340.767543
-1226.3167,8,340.786405
-971.25183,22,340.796818
-978.03076,3,340.817271
-1726.4084,14,340.832573
-601.1695,48,340.832646
-2017.8096,21,340.862106
-1150.3557,7,340.872965
-290.88165,30,340.893763
-1820.8796,22,340.894171
-1058.4431,15,340.894206
-1465.8037,36,340.905594
-3545.7415,18,340.9373
-963.391,4,340.946012
-1171.8456,5,340.961261
-1206.2493,105,340.989479
2121.478,93,340.989555
-1230.3623,30,341.016823
-1332.0854,38,341.02728
-3302.4688,19,341.049166
-225.46545,46,341.049231
1895.0249,111,341.06974
1585.3428,160,341.086109
-82.079834,69,341.098277
-2268.917,14,341.110671
-552.1651,33,341.137719
-5309.8154,17,341.137787
-3108.34,26,341.137803
-971.6218,10,341.14805
-1478.3337,14,341.164701
-665.39764,52,341.164785
-1840.584,6,341.164799
-2216.519,18,341.174691
-911.8034,23,341.174767
-2574.9387,7,341.190593
-1047.6031,5,341.222564
-1727.4371,19,341.222662
-1511.9344,15,341.237997
-1359.209,16,341.268061
-867.78906,9,341.276817
-331.1706,56,341.287368
-1151.3774,7,341.297207
-1801.2153,16,341.318484
-2810.919,40,341.35307
1715.8811,51,341.36806
-977.2434,8,341.379581
-1052.1365,4,341.379667
-1241.3301,22,341.408268
-4045.438,13,341.437046
-1057.9592,10,341.43711
-1350.173,22,341.437126
-1499.9877,8,341.483858
-2115.0864,104,341.497502
-1163.4047,48,341.497586
-930.7365,6,341.506176
1102.238,138,341.516016
-2214.2148,24,341.516103
-1298.2156,7,341.51613
544.4094,59,341.527466
-2811.021,28,341.52754
-1051.0729,3,341.548424
-882.68665,6,341.566197
-1203.1488,5,341.576715
-2624.719,19,341.587091
-1021.94904,3,341.616725
-1178.7538,10,341.616792
-1212.2156,5,341.616809
-2569.0933,19,341.671357
-2199.2886,19,341.710506
-2856.7644,55,341.72171
-1940.7772,9,341.721817
-5325.4727,49,341.733341
-1575.3743,42,341.745053
-2148.2976,20,341.745126
-1093.7703,3,341.756877
-1094.7938,3,341.777933
-907.1673,24,341.80114
-1195.8818,7,341.801218
-1224.1714,6,341.818499
1085.6398,54,341.838712
-1156.8293,4,341.838794
-1656.582,18,341.838812
-1024.3561,2,341.860124
-1599.5466,25,341.903482
-954.6109,17,341.920122
-2564.19,5,341.961179
-16.533936,24,341.961263
-478.98965,37,341.985429
-846.6589,38,341.996278
-834.03125,15,341.996348
-2447.2432,14,341.996365
-1048.2888,2,342.017261
-1124.7637,3,342.037938
-1068.2162,5,342.058455
-2925.4365,20,342.058518
900.188,85,342.058538
-853.48413,38,342.076524
-1086.7843,3,342.087009
-931.3391,14,342.124181
-710.995,26,342.168617
-3.3255615,63,342.168693
-1591.2067,52,342.189399
1520.124,89,342.18952
-872.0785,5,342.216626
-1984.9227,21,342.216696
885.19904,40,342.227152
-1084.6434,2,342.238428
-849.6655,8,342.272887
-1458.5664,4,342.272954
47.3291,85,342.312763
-2078.2168,26,342.323879
-1789.612,14,342.348139
-598.54565,81,342.34823
-1909.7722,9,342.34825
-1168.4307,4,342.371807
-1011.57025,102,342.384281
-1020.4077,6,342.384346
302.8227,31,342.403633
-1096.6033,5,342.403717
-897.5344,6,342.42024
-320.4245,44,342.429719
1109.8503,42,342.485518
-1628.1887,9,342.512233
-106.63269,69,342.533192
-1287.5399,13,342.546401
-2418.3247,26,342.578408
2281.455,105,342.608744
-1220.1001,5,342.608827
-1232.2899,23,342.640598
-682.0033,28,342.690713
-349.0277,36,342.690832
-290.44702,57,342.707061
-1032.1029,54,342.707135
74.233154,76,342.719056
3741.309,132,342.719122
-992.3727,2,342.742967
-1106.1375,3,342.743039
-2654.644,15,342.754911
-1185.5857,10,342.766846
-1355.1366,6,342.792693
-661.89636,83,342.804206
-2437.3232,27,342.819387
-2119.7593,9,342.819453
615.9835,164,342.81947
-1008.6901,8,342.850466
-1002.08673,7,342.850563
-945.6213,4,342.860443
371.66687,78,342.860517
7.01886,22,342.870284
-490.7741,42,342.870351
1898.6005,70,342.881031
-1204.9333,6,342.881082
-853.7374,23,342.881096
-1061.8306,2,342.881104
-5107.9883,57,342.881109
-1087.271,3,342.902365
76.41211,71,342.936728
-2674.1929,14,342.953797
-1188.9678,4,342.95386
-1374.0116,36,342.964467
-909.14417,48,342.991448
-1405.1445,12,342.991546
-1029.0782,12,343.002086
-966.1402,12,343.01571
-2560.8367,27,343.015795
-1131.5498,5,343.015813
-1697.629,11,343.015821
-967.5061,12,343.030936
-1758.0564,25,343.04126
-1549.948,14,343.052578
-1054.8726,6,343.075277
-843.33167,17,343.085018
-1769.2107,13,343.094398
-1436.1427,13,343.142728
1344.5823,39,343.154312
-1433.9321,7,343.181886
-2029.2655,19,343.182203
-104.59143,67,343.191514
-3300.026,20,343.201477
-572.9962,35,343.210909
1593.7087,93,343.241794
-931.23804,4,343.253301
-858.525,21,343.271979
-1707.7173,47,343.290858
-1108.6528,11,343.336441
-1396.5942,12,343.336521
-1226.9928,22,343.33654
-1178.968,28,343.349147
-2801.5232,17,343.365508
-1355.7805,12,343.400714
-872.29,32,343.419203
-2723.5474,24,343.429323
-1011.0157,8,343.429388
427.51123,47,343.440933
-1151.8856,3,343.459846
-318.52747,37,343.485396
3090.634,98,343.495046
-934.2943,6,343.506077
-511.55328,30,343.529657
-1115.7039,3,343.529753
-1213.8179,11,343.542268
-689.82117,45,343.542331
-1112.4751,3,343.569349
-1613.042,26,343.578509
-475.39392,21,343.587837
2255.7139,65,343.616629
-3670.5342,25,343.628621
-2169.187,17,343.628689
-1883.8042,7,343.663795
2132.4878,73,343.675692
-2100.9116,16,343.695052
445.32886,30,343.735348
-1012.80176,11,343.749446
-2118.2068,16,343.749516
-2381.9092,25,343.749532
-3020.6357,9,343.761143
-1257.7205,8,343.761195
-515.4628,23,343.792901
-1716.2878,54,343.80501
-1152.3379,6,343.817082
-1985.5963,44,343.84428
-994.31177,19,343.844351
3669.212,113,343.844367
561.3401,76,343.873683
-1805.6267,6,343.890848
-699.92596,30,343.890918
-1061.1576,6,343.909832
-789.84705,39,343.932826
-941.38806,8,343.932908
-953.7854,3,343.948521
-1144.5623,5,343.948614
-898.684,22,343.94863
998.329,81,343.959093
-1907.2532,20,343.969983
-1212.7887,5,344.000371
-2131.125,22,344.000428
-2527.6084,23,344.009681
-1078.9584,36,344.02017
-985.7879,11,344.049911
4079.7817,91,344.06536
296.11462,73,344.201202
-1161.9624,14,344.201282
157.88159,71,344.211381
-2667.0554,21,344.211441
-1893.4192,11,344.222446
2701.544,90,344.222551
-2474.2622,26,344.232695
-1047.0085,2,344.232783
-1590.1484,22,344.232814
-1086.4828,2,344.243557
-2050.4954,5,344.254584
-846.5094,22,344.301591
-2110.5322,7,344.314996
1486.7521,77,344.336012
-2410.5894,16,344.386563
-1703.8359,43,344.386645
-1067.9878,7,344.399331
-965.7907,32,344.412093
-1068.3771,2,344.431273
-1939.7197,15,344.431329
-434.1706,25,344.442
-335.15186,49,344.469105
-1793.7147,21,344.489517
-1093.3569,40,344.528442
-1433.93,25,344.528513
-805.26135,6,344.537047
-4652.63,45,344.555037
-1045.0836,5,344.555151
-1029.4243,4,344.578257
145.6261,48,344.663594
-663.7953,49,344.686935
-1114.4056,10,344.686998
216.25842,75,344.716921
-1839.1588,54,344.717001
-520.86383,30,344.727375
1362.7928,95,344.72743
-1270.8866,44,344.736697
-987.23975,6,344.75155
-1091.914,5,344.773797
-1225.2426,21,344.773866
1098.6702,43,344.794904
-1004.1738,10,344.794976
-973.9888,5,344.831496
-1146.5498,10,344.845749
4381.918,102,344.857879
-1256.522,13,344.869374
-1553.461,11,344.869684
-1613.0787,18,344.869714
-899.6653,7,344.881061
-918.90173,11,344.88112
-2927.9526,39,344.892107
-1028.7452,48,344.892152
-876.9395,44,344.904755
-1179.1611,6,344.90484
-360.69962,62,344.937483
-1059.3835,3,344.937551
-1000.1787,6,344.937567
-1145.7687,14,344.966031
-863.0847,10,344.96611
-969.43677,6,344.980155
-2465.8074,10,344.980474
-1148.9535,8,344.989531
-1614.9187,13,345.033221
-1140.8184,5,345.0333
-1104.6444,7,345.047384
775.6887,45,345.047461
138.45898,103,345.047481
-1030.0311,2,345.067246
-888.83685,13,345.087304
-4132.209,20,345.105518
-1061.1908,5,345.105593
610.82745,60,345.130588
-927.97894,8,345.130672
-1519.5857,18,345.156464
-1743.365,18,345.156542
-1469.3888,15,345.166119
-1180.1586,54,345.179505
1150.9888,83,345.179577
-1085.1787,24,345.179594
-1371.8848,7,345.187728
-941.9242,8,345.199683
-1095.5609,3,345.219344
-1107.9937,69,345.23995
-1095.1521,4,345.251055
-2181.791,10,345.294083
-3130.2212,82,345.34372
-757.3822,16,345.343799
-2531.2085,31,345.343816
-755.6111,18,345.343823
-1572.2175,16,345.343829
-1087.8867,2,345.361496
-2447.5815,16,345.372106
-1685.347,12,345.38139
-1125.561,3,345.403266
-1121.7792,6,345.403359
1276.1489,32,345.416054
-1259.3566,22,345.41612
-1245.5095,31,345.425199
-1028.8959,4,345.446549
-1320.7566,10,345.470444
-885.22064,13,345.488913
473.57227,55,345.509148
1224.3291,47,345.573806
-1229.1599,69,345.573881
-1874.2461,44,345.600859
-1459.2428,24,345.611235
-296.14294,33,345.611316
-531.8448,96,345.655895
-1018.9925,24,345.655987
-2800.1152,24,345.699553
-1330.4362,5,345.723058
-2270.0862,36,345.758676
-1969.8091,75,345.758766
-906.6279,7,345.780954
4432.751,90,345.78104
-1707.3195,24,345.79171
1095.8209,53,345.79178
-1756.1093,58,345.802406
-1605.2852,34,345.815053
-1110.2646,4,345.82333
-903.28467,6,345.852104
-898.1303,38,345.86764
3821.5754,147,345.867758
-1530.253,23,345.881846
293.13373,58,345.881952
-1231.3574,4,345.931221
-819.7908,27,345.931274
-744.9169,30,345.931303
-1071.1602,7,345.953882
-1782.879,33,345.964015
-2547.141,14,345.976329
1.1090088,60,345.99101
-1420.5525,15,346.033721
-1560.6207,35,346.142682
-1897.6619,34,346.155854
506.01874,50,346.1748
-2017.5657,34,346.174872
-1788.3103,60,346.174888
-2050.969,14,346.186393
-1737.2305,26,346.224526
-3245.368,38,346.244552
-644.2428,36,346.24463
1858.3127,110,346.244649
-1049.3611,3,346.27723
-875.65247,34,346.327677
274.6515,52,346.327765
-2448.3286,59,346.347338
1028.8367,82,346.356725
-718.4326,37,346.356804
-3599.3745,17,346.376986
-1119.7878,4,346.397764
2027.5068,81,346.413283
-3232.5386,20,346.413388
-1092.9446,59,346.437649
-755.76733,41,346.456915
-799.15765,25,346.456956
-1126.1628,4,346.473514
-892.4231,51,346.48435
-1092.4794,25,346.484408
-526.25415,26,346.484422
-1743.2957,43,346.495091
-1482.6476,9,346.495161
-1543.9938,12,346.50377
-1174.4469,8,346.513358
-992.3573,5,346.539471
223.40332,26,346.555536
-1054.3208,7,346.555609
-1929.147,15,346.587001
-1881.8491,11,346.607546
-2327.8267,15,346.627927
156.12622,28,346.672964
-2061.0066,17,346.673074
-2525.0032,31,346.685152
-1217.0565,5,346.685215
-308.63867,36,346.697907
-178.74951,39,346.697975
-1017.3084,22,346.710618
-1027.9008,2,346.710675
-2357.7827,12,346.722419
73.217285,66,346.722493
-1143.6754,5,346.740225
-941.22437,3,346.740296
-2654.5317,18,346.763475
-1024.306,4,346.775163
-1136.6682,3,346.775263
-1213.2472,24,346.775282
-969.0847,10,346.820654
-1300.6277,6,346.835407
-976.4901,11,346.835491
-1116.6215,5,346.87518
-2360.0186,12,346.895149
-1163.967,14,346.895208
-1876.5576,17,346.895224
-2381.0312,31,346.907732
-1152.4058,4,346.930889
-160.02875,62,346.956674
-952.1849,5,346.972012
1167.7855,70,347.025645
-1704.4419,44,347.036603
-2952.1548,13,347.057278
-185.36542,51,347.094224
-1174.37,16,347.094299
270.80457,48,347.106074
92.31799,106,347.118343
55.693726,70,347.146206
26.425354,38,347.170629
38.433105,37,347.203043
-2038.6211,16,347.217381
-1301.7856,6,347.217448
-1510.8679,18,347.229205
-2309.599,16,347.241628
-1413.3303,5,347.268076
-2542.4734,30,347.292655
-722.16736,40,347.317003
-1147.8314,12,347.374744
-1528.1519,45,347.375169
-1260.0216,25,347.391353
3838.9526,122,347.408942
-898.41156,26,347.409014
413.39514,71,347.442493
-1143.9009,6,347.442558
-1217.3439,13,347.477198
-1017.38904,23,347.5053
559.02356,70,347.525401
-3809.5032,48,347.628956
-153.8446,39,347.701146
-1458.7755,7,347.732574
-411.17743,43,347.752223
-3015.082,20,347.773196
-655.64355,34,347.786262
-1185.7056,13,347.786322
-4068.3486,42,347.807674
53.518433,35,347.817487
-2917.1978,61,347.828729
-1709.0901,21,347.828802
-1082.6483,2,347.854825
-2082.3047,16,347.892757
-2081.8936,20,347.892842
-1247.472,5,347.90491
249.61182,49,347.924182
-743.89825,35,347.935279
-2194.2466,19,347.935339
-939.91785,5,347.955548
-1865.4722,15,347.966086
-1941.5654,14,347.977373
2907.9663,207,347.997843
-1063.684,3,347.99792
867.3806,85,348.02057
-676.1527,40,348.029831
-2121.9448,14,348.040331
-813.3642,25,348.063013
-1064.2839,3,348.063087
-2195.352,9,348.063104
-1166.6138,100,348.071731
-2116.1194,27,348.09397
2178.5742,130,348.104775
-1133.5747,16,348.121034
-970.12494,3,348.153164
-2204.5413,16,348.182413
-1075.7397,2,348.204541
-4333.2686,9,348.215293
-1072.0691,40,348.215357
-2310.2407,15,348.245722
-1446.2653,4,348.266149
-2732.5752,17,348.266218
1830.7098,142,348.307966
-1715.4175,14,348.328707
-961.589,6,348.32878
-795.8659,10,348.339534
-1006.5992,4,348.360563
-1093.2338,4,348.377063
-1297.0386,10,348.395989
-1042.0563,16,348.407102
-2884.995,55,348.434481
-1132.6879,9,348.455371
-1902.3933,5,348.455418
-1494.7701,38,348.481578
-1358.598,5,348.542979
-1778.7795,84,348.543037
-2350.9075,36,348.560365
-2244.5303,59,348.560451
-1456.6042,50,348.587979
260.66327,41,348.588054
-1822.8625,7,348.605639
-1018.63257,39,348.620781
-1115.2616,4,348.675554
-2800.5696,60,348.776805
967.7799,71,348.788999
850.6427,56,348.789063
-3537.1514,33,348.799412
-967.7459,19,348.809231
-693.8483,21,348.809309
-676.006,30,348.821441
-15.353455,60,348.834238
-1136.3063,3,348.866865
-1183.06,5,348.866934
-1060.6387,34,348.886051
-336.80768,105,348.886143
-1904.6462,14,348.945087
-2022.3433,15,348.945441
-3912.5015,15,348.965618
1709.8181,119,348.977299
-1936.5385,9,349.003946
49.345154,38,349.015467
-1327.0659,54,349.015542
-1667.8442,17,349.038084
-2049.942,8,349.065779
-1387.571,15,349.065849
-1045.0111,2,349.065864
-1125.037,3,349.06587
-1158.9912,44,349.098281
-1461.0663,4,349.117894
-345.7202,67,349.144076
-632.2379,27,349.154875
-1009.1564,4,349.154927
-2515.768,27,349.164522
-1072.1785,8,349.176066
-894.65027,4,349.176141
-1082.1512,4,349.197817
-1679.3435,13,349.197886
-936.07117,101,349.245427
-767.0905,13,349.262556
-1045.5371,6,349.283027
-974.9513,10,349.443631
2606.1636,204,349.45379
-2090.69,15,349.472243
-2343.6514,61,349.481426
2371.6367,156,349.495084
2495.5312,78,349.52039
-2551.774,76,349.520465
-2070.57,29,349.533839
-1143.7712,22,349.556943
-1547.1667,24,349.590627
-1613.257,64,349.590703
-2339.103,45,349.601366
-2332.62,22,349.621813
-1246.8367,12,349.635607
-2276.3433,36,349.64658
-2816.582,9,349.656617
-851.37366,7,349.713176
-1919.8699,12,349.737985
-1037.718,2,349.738043
598.9346,38,349.763528
-681.74146,29,349.78863
-1142.042,12,349.788698
-1028.2699,2,349.810739
-753.04126,30,349.81082
-990.8144,4,349.810838
1293.405,66,349.820792
-2456.356,21,349.830888
1625.3851,91,349.839949
-1133.2645,4,349.853864
-1395.028,8,349.873985
-1143.4711,3,349.874078
-2658.9888,64,349.892109
1551.2399,99,349.892192
-1032.901,8,349.903155
-349.7556,51,349.913438
-296.43854,28,349.91352
-1116.482,4,349.92414
-2206.3647,23,349.924183
-1515.2258,29,349.954065
-1177.4858,4,349.963635
-2608.7197,24,350.002957
-2873.8628,25,350.015866
12.390198,57,350.047159
2866.9854,80,350.047222
-315.43457,50,350.075696
-2476.2788,15,350.07575
-1393.5443,17,350.086788
-2000.2815,21,350.097353
-2886.044,21,350.133516
-1559.5435,28,350.133593
-973.0037,4,350.145273
-2562.6987,20,350.172609
1420.8269,72,350.194708
1288.1626,64,350.206045
618.9795,60,350.206101
-1896.8866,37,350.217912
-917.944,5,350.249233
-1528.2363,9,350.249296
-1125.8895,5,350.262245
-4180.1626,18,350.288868
-3200.788,23,350.300264
825.3778,105,350.34173
-2372.1948,43,350.36102
-1044.5275,2,350.385865
-1700.488,46,350.398911
-1861.2021,16,350.398995
-1595.4242,17,350.399012
-1589.9033,15,350.425987
-1129.1644,4,350.45333
-464.81543,86,350.45339
-1302.717,7,350.494262
64.921265,35,350.494638
-639.0647,29,350.515109
-1145.2714,3,350.526723
-2637.4272,19,350.55675
-1195.3992,8,350.571567
-1059.9349,6,350.58251
-155.01495,66,350.609969
-3140.4487,53,350.610022
30.829468,64,350.632436
-1326.599,15,350.654106
-1481.9131,10,350.688683
-310.1728,45,350.714064
-1061.2361,20,350.733749
655.3312,70,350.753392
201.00098,48,350.753446
-1507.7719,18,350.879654
-1026.9108,16,350.879735
-1227.044,8,350.879754
-1330.4225,22,350.899116
-912.4906,10,350.912024
2053.0928,113,350.912319
836.0754,45,350.923006
-2504.3252,22,350.923066
-2071.3618,13,350.935683
-1026.4706,27,350.945772
-1145.5978,6,350.955825
-300.68335,44,350.971381
-773.28076,74,350.971461
-1112.4329,6,350.984045
-1135.6309,6,350.984105
-3561.3704,22,351.01367
-1417.4326,6,351.023232
36.754395,35,351.04272
-2739.2925,48,351.08204
-1306.4807,14,351.082121
-905.00854,8,351.099609
-1275.0623,13,351.108945
-679.9685,17,351.129751
-881.0209,13,351.142519
-1304.365,6,351.198315
-4029.371,12,351.22697
-3576.774,72,351.227272
-52.775757,96,351.25225
-814.3109,24,351.262045
-1571.19,29,351.262116
-1087.9946,2,351.280107
-1760.6338,20,351.280176
-768.948,92,351.307707
1878.4081,66,351.362625
653.1373,54,351.399793
-630.2866,80,351.399903
-1656.7563,18,351.443436
-1419.9292,6,351.443525
-572.45233,26,351.443555
-1059.6724,5,351.466388
-1601.3103,31,351.485395
-460.15125,36,351.485435
-2470.1396,32,351.501298
-1774.1362,51,351.501366
302.25183,108,351.595796
-922.66864,11,351.668654
-1178.0568,7,351.699028
-900.6367,31,351.699128
-1613.1893,11,351.851518
-1096.2301,6,351.936599
-893.0657,5,351.93672
-137.57721,38,351.936744
-2509.773,13,351.936752
-2182.1907,15,351.936759
-1984.2102,25,351.994799
-1041.5907,3,352.037257
936.8685,46,352.03736
-974.6471,4,352.072692
-972.0399,4,352.072783
-1477.4515,17,352.115362
-4280.1553,22,352.165309
-930.41656,7,352.165368
-1036.7394,4,352.165381
-951.429,25,352.223655
439.36,34,352.241306
-962.623,6,352.2414
-851.08466,8,352.261447
-947.73566,5,352.315357
-1114.4634,8,352.315429
196.98547,88,352.336317
-1875.1672,18,352.336385
-2675.9507,14,352.348577
-1006.6861,6,352.362224
570.0341,42,352.403687
-2932.437,18,352.403766
-832.9988,9,352.40378
-939.0387,39,352.440745
-1633.9347,12,352.504697
-1080.814,8,352.533309
-1065.0896,27,352.575523
-2422.3906,47,352.640616
2409.1533,86,352.66226
-2370.892,22,352.674892
-229.83673,36,352.691446
508.63074,69,352.691521
-441.6626,70,352.712656
-1253.1838,30,352.737361
-1012.362,3,352.737425
-1037.4822,7,352.737439
-505.81757,36,352.748212
-972.39844,2,352.760035
-1843.9242,19,352.77177
-949.3052,9,352.808079
-1088.0204,8,352.808142
-631.0076,35,352.826183
-1458.668,13,352.835941
-939.48694,4,352.865469
-1799.7853,10,352.899423
-1546.1481,17,352.89953
-1055.7238,2,352.923258
-1016.57623,61,352.923322
-3061.2825,45,352.939601
-1595.7974,8,352.939671
469.88794,48,352.949906
-1200.0968,11,352.949972
1946.5868,79,352.974748
382.74536,88,352.986484
-987.22943,6,352.997852
1268.9795,63,352.998056
-2771.71,15,353.009632
-2047.7312,13,353.02945
-983.23303,3,353.064857
3758.3782,102,353.092123
-1542.0265,13,353.10279
2696.4763,81,353.117111
-1502.4519,30,353.139367
-1462.8589,13,353.150098
-2549.7827,63,353.150157
-2503.2705,117,353.160777
-1912.0707,35,353.172076
-1778.0088,17,353.19018
368.99268,49,353.200432
-1152.6508,4,353.211948
-3106.8481,65,353.227741
-2441.2139,60,353.250463
-1194.3207,8,353.250544
290.19373,42,353.273778
-643.0855,21,353.290699
207.81958,28,353.302564
-698.0947,24,353.312907
-1173.4265,15,353.312983
-1274.6493,19,353.343722
-1950.4734,11,353.356647
-1106.46,4,353.389976
-863.8613,31,353.390083
-1050.4879,11,353.412854
392.9701,42,353.425282
-322.30115,41,353.436297
-110.97711,57,353.467535
-1219.7977,84,353.467613
-692.04584,14,353.467628
-1016.54865,2,353.499216
-1282.9978,3,353.521609
-952.4423,6,353.52171
-2125.8408,45,353.548729
-947.8651,2,353.564089
-2238.458,18,353.564194
-1735.8173,26,353.564215
-150.29663,47,353.579673
-960.13135,2,353.593307
-1726.6394,25,353.605011
-1949.8247,39,353.616364
238.26154,36,353.635292
-1687.8945,7,353.654437
-1552.9128,13,353.66842
-995.484,15,353.668512
-2166.5122,10,353.687393
-3242.9841,26,353.706377
1091.1626,39,353.764153
-1312.5835,20,353.781646
-1187.863,13,353.781748
-699.08606,45,353.781765
-1541.7372,33,353.851512
-1905.8699,23,353.885403
-1086.9764,2,353.885488
-1641.1637,18,353.913412
-2022.255,39,353.913501
-895.27313,32,353.927709
-994.3786,5,353.948634
-1658.3628,13,353.948718
1080.1663,62,353.960528
-1000.9137,2,353.978791
-1583.7448,27,353.990114
-2100.165,17,353.990172
-1080.4485,3,354.001882
-1424.3453,55,354.030807
1178.2397,37,354.045822
-1577.5532,11,354.085711
-1515.5901,26,354.116071
464.18677,36,354.116173
-1856.069,82,354.130675
-3237.6367,12,354.15011
221.39258,49,354.177097
2072.8457,77,354.185903
-1168.1068,47,354.207397
-1104.5614,33,354.207464
2349.3228,72,354.207481
-2269.7334,26,354.218497
-3842.0518,53,354.247236
-747.04663,29,354.27287
-1832.5122,46,354.292598
-2012.0249,30,354.3141
-1049.1732,10,354.339652
-486.8015,30,354.386455
-944.61206,12,354.408234
-345.79565,60,354.429521
-1463.7917,19,354.429626
-924.4111,7,354.429644
-2500.7183,36,354.443179
-2887.3945,32,354.443352
-747.14514,24,354.4828
-133.88306,28,354.503452
-4271.608,86,354.516543
-1892.4371,30,354.516604
653.2313,100,354.537269
-1169.7769,4,354.576436
-2623.3003,41,354.576584
-1566.9329,13,354.601034
-1900.8545,13,354.662633
-3232.2468,27,354.732489
-1061.8851,18,354.748231
-1050.9094,38,354.788161
-625.1848,40,354.798839
-1757.0823,18,354.837858
-1717.4648,9,354.837969
-3721.374,27,354.851206
-2281.9229,40,354.875789
-1091.5966,7,354.875855
-1593.1433,19,354.889553
-1897.0796,5,354.902671
-1689.3611,6,354.941183
-603.8878,62,354.950302
-1015.6888,9,354.970641
-1054.0293,2,354.970716
-1059.478,14,354.992301
-224.33215,64,354.992357
-833.0857,40,355.001518
-421.695,35,355.001586
-1012.7365,3,355.022961
-469.7342,21,355.033643
-327.62555,37,355.033698
-1073.4171,2,355.063963
-1012.88293,11,355.064019
-881.85706,73,355.10226
-1264.7653,58,355.102355
-1138.2749,8,355.130337
-2435.5942,17,355.179066
136.06873,95,355.17915
-1153.122,14,355.179167
-1649.5669,52,355.192997
-1314.0426,12,355.193062
-1110.8348,30,355.2042
-1911.6453,11,355.204282
-817.5044,45,355.204299
-1063.7506,4,355.231818
-1140.9711,60,355.244905
-921.63727,9,355.244987
-1150.3303,4,355.24501
-1225.7695,23,355.257515
-899.16895,5,355.266462
-922.5921,7,355.266524
-1459.5867,48,355.307713
-970.10236,7,355.307785
-2240.061,7,355.31781
-1434.4916,29,355.444293
-2297.4048,104,355.455958
419.16547,41,355.466535
-1269.2,8,355.516063
-1696.2678,18,355.516134
-1545.4114,7,355.530652
-1506.6099,16,355.561009
-1008.81116,3,355.561073
-1060.9272,10,355.588759
1038.0293,98,355.605434
-1589.7794,7,355.617565
-1114.9341,7,355.629629
-1005.6593,5,355.62972
-4536.629,27,355.640136
3855.6724,87,355.640292
-1091.9014,39,355.649966
-1572.5183,31,355.659609
-1101.7634,6,355.670263
-3015.1494,39,355.684008
-1182.9193,5,355.684078
-1024.931,6,355.70776
-1814.923,43,355.736768
-650.0014,51,355.736837
-1819.1545,33,355.746057
-1199.0168,5,355.746117
-896.22327,33,355.756195
-2188.7305,34,355.756233
-1096.0615,2,355.756243
-243.99213,40,355.779551
-1044.1351,9,355.793494
-1121.7788,8,355.807874
-965.29175,7,355.836269
-2002.512,14,355.836342
-1473.924,90,355.847011
-1195.9716,9,355.856737
2540.6245,92,355.895437
-2026.0865,21,355.895511
-1128.635,6,355.91359
-1098.3184,32,355.950745
-3200.9233,7,355.968501
-4165.082,20,355.979164
-1062.7529,23,355.990132
-1435.6693,22,356.000616
96.00012,86,356.010453
-988.4923,22,356.036397
-1038.3763,9,356.070863
-941.9237,5,356.093296
-328.08472,27,356.131599
-4021.4763,26,356.13167
-1737.2568,14,356.14375
-1124.2343,3,356.172046
-588.01,44,356.185487
-978.78,23,356.185624
378.9784,39,356.207882
-1032.5175,5,356.207943
-1031.9349,3,356.231849
-1824.1628,73,356.24332
-1376.6786,70,356.265367
-2326.2434,39,356.287104
864.1067,67,356.298947
-1114.9996,3,356.299004
-2058.123,57,356.322325
-1160.6656,23,356.322371
-1072.406,17,356.332167
-1918.5684,60,356.348511
-924.1668,10,356.357261
-990.2156,44,356.369522
-1267.3452,8,356.379906
-437.188,21,356.411367
-512.0338,53,356.421576
-971.2655,8,356.445571
-1051.9982,18,356.459354
-1027.7275,2,356.468256
-1072.5277,2,356.492408
-2080.527,16,356.511206
1358.3618,47,356.546085
-550.05273,53,356.546204
115.98932,45,356.558337
2478.505,95,356.569983
-155.21698,31,356.579935
-1087.5203,44,356.630765
-1781.3229,19,356.650835
-1026.2593,9,356.662931
-1134.8146,17,356.662988
-976.6185,39,356.673905
-1120.5358,8,356.686117
-2009.3433,30,356.6862
-1151.1165,14,356.716865
-691.1474,7,356.725702
-771.77747,92,356.757231
-1645.4224,5,356.779352
-1461.4186,34,356.789334
-1147.6648,9,356.789398
-1052.0072,6,356.799465
-4186.265,13,356.820486
-1013.09644,45,356.832697
-3674.8735,28,356.843822
-1032.5076,2,356.858682
-1045.136,4,356.86938
2094.5103,109,356.878679
1952.4674,72,356.890753
-1266.1263,22,356.91001
-802.31506,11,356.920784
-1095.5122,12,356.920861
-905.975,6,356.920878
-1109.4779,8,356.932925
-1397.045,7,356.943376
-1753.4835,59,356.989784
-2285.5903,43,356.989889
-648.4789,65,357.01681
-1310.1107,9,357.037297
-3537.126,33,357.048259
-536.09607,65,357.048329
-1935.7375,24,357.06864
-150.04767,45,357.093916
-25.651978,62,357.094001
-1264.7101,28,357.10967
-1130.589,7,357.129754
-458.75095,46,357.129852
-1762.2234,11,357.14021
18.62146,68,357.151745
-1289.4502,13,357.161111
-1285.4513,6,357.174256
-2034.5002,24,357.183032
-1012.61523,4,357.194479
-1650.9626,20,357.194558
-1164.7266,11,357.214427
-1215.1772,6,357.214531
-1710.3447,10,357.256835
-383.37463,25,357.256902
62.746704,74,357.266095
-1817.2114,13,357.285207
-4582.923,22,357.314289
-549.3497,32,357.314375
-2415.3857,13,357.322724
-409.3167,25,357.322784
-941.8186,24,357.334163
126.33124,56,357.352823
-3380.7668,12,357.38917
-1268.4902,12,357.38927
-1042.8344,7,357.399704
-1011.32666,6,357.399797
-1523.7771,16,357.399815
-2799.6873,44,357.409789
-2086.7183,12,357.421046
-731.3213,16,357.443211
-1058.0377,3,357.452464
-2564.9185,61,357.472587
-140.23206,47,357.488242
-1142.7959,4,357.498606
-1067.6837,8,357.498693
-1422.7095,15,357.508353
-1575.9513,12,357.517776
-1425.0752,17,357.541428
353.83722,37,357.541539
-2017.0933,7,357.554694
-1508.2662,96,357.566578
295.59595,36,357.577964
-1993.6201,18,357.589578
-1479.4847,35,357.589692
-1446.0442,13,357.589717
-997.40735,5,357.601779
-2033.2661,5,357.612122
-1194.9545,5,357.63109
-865.0017,4,357.631156
-1024.9666,20,357.631172
-1279.0968,14,357.663421
-1080.325,3,357.663565
-1195.2498,8,357.686739
-205.81488,67,357.70927
1224.2288,36,357.726871
-1344.8374,10,357.726986
-2178.0122,19,357.745203
-1550.2366,11,357.755467
-5049.045,32,357.765061
-982.4393,4,357.774362
-1772.4331,17,357.78546
-969.3259,7,357.785527
-1001.148,6,357.794736
-2557.6758,52,357.808898
-1413.4304,53,357.808968
-3269.497,44,357.830083
-1122.9973,7,357.83016
-1843.5117,31,357.860322
-1121.3384,3,357.870777
-3880.6099,20,357.890342
-1365.9603,10,357.900408
-1354.7415,8,357.900482
-1048.3368,27,357.923579
-1853.6978,13,357.923639
-922.81067,7,357.923655
-1173.6927,3,357.934353
-3821.249,33,357.934412
-1647.3215,33,357.987673
-1937.6665,20,357.987772
-2151.181,50,357.987791
-378.5083,31,358.03637
-997.25024,4,358.036509
-1109.7014,5,358.046671
-1166.8959,3,358.066679
-937.809,38,358.077508
-2165.631,18,358.095623
-969.0491,9,358.140739
-1173.429,17,358.140808
-937.79504,13,358.140826
-1006.5378,8,358.140833
1195.2317,80,358.140839
-2494.2515,19,358.153079
10.247559,31,358.153158
188.00635,90,358.161805
-1125.8119,5,358.21595
-1038.9751,9,358.249055
-747.4282,10,358.26281
-944.1831,11,358.271808
-1687.9778,13,358.302561
-1537.1053,18,358.302649
-1173.5039,12,358.302684
-1200.7126,7,358.344229
1772.5383,71,358.344311
-789.70703,9,358.381832
-157.87744,38,358.381926
-1265.0402,7,358.392362
-1387.5011,50,358.403488
-2013.6553,44,358.44705
-1847.1699,9,358.481982
706.7915,156,358.493478
-1089.5923,8,358.493755
-1048.5052,2,358.505015
-1839.7607,49,358.516394
-2535.3823,32,358.526525
-780.10046,52,358.558379
-789.255,40,358.57691
-2847.7195,17,358.577
-1041.0868,2,358.577017
-1206.423,8,358.589033
-281.22095,66,358.598615
-2577.454,13,358.599005
-1310.9429,37,358.599032
-929.3926,8,358.608019
97.75244,78,358.618346
-690.3484,64,358.636833
-5505.017,26,358.648451
-1161.9794,13,358.660974
-1150.199,5,358.661046
-262.46002,52,358.692486
-954.87,5,358.692557
-1402.1719,37,358.711498
-1046.1354,4,358.744701
-1880.0483,18,358.744795
2239.8948,105,358.767867
1256.7174,40,358.781544
-964.3461,3,358.781629
-317.6577,81,358.79723
-938.7303,7,358.806752
-525.09045,48,358.806819
-2049.0957,17,358.818528
-1728.1207,20,358.842782
-1815.0093,15,358.873639
-1126.2795,8,358.900186
-2390.2234,15,358.926445
-1163.616,4,358.949697
-1170.7305,7,358.965834
-965.52716,3,358.965914
1136.9065,53,358.979043
-2765.4248,15,358.979115
-2620.052,31,358.979132
-735.4486,14,359.015308
-1122.5941,5,359.040568
-976.01,7,359.055106
-2336.8394,32,359.055181
-3611.9722,39,359.055198
-2274.8904,6,359.055207
534.19293,39,359.072477
-1574.404,5,359.085658
-955.13385,3,359.096652
-1812.0557,12,359.107561
51.010376,97,359.118381
-687.7218,27,359.118452
-1390.988,4,359.148407
1879.0094,64,359.160114
-1824.5854,7,359.173365
-1696.1497,17,359.173434
-1035.4534,2,359.173452
-1290.237,73,359.182702
-900.58093,13,359.197924
-959.4979,19,359.209065
-1137.2389,3,359.209131
-543.9977,45,359.209146
-1339.1965,14,359.221946
-209.64642,37,359.222029
-1227.4415,9,359.222273
611.79517,37,359.234206
-847.5602,9,359.261024
-575.1915,37,359.261083
-1119.4169,4,359.27441
-611.5679,39,359.274478
-2642.7646,14,359.274495
-2227.0957,9,359.285014
-1466.6833,19,359.296606
-1064.6841,3,359.308703
-3336.916,9,359.308784
-1303.4988,12,359.308801
1239.8245,73,359.35732
15.965271,27,359.357405
-1346.867,10,359.368239
-693.49725,69,359.387664
-1504.6294,8,359.387733
-2376.0337,17,359.387747
-758.9631,73,359.478481
-1259.4744,8,359.478551
-2928.4624,30,359.511796
-2946.8755,19,359.524954
-1500.4445,12,359.539277
-2105.8691,16,359.550511
-1177.5422,32,359.584356
-1163.4764,4,359.584433
-1709.9463,20,359.594644
-2422.0344,18,359.603038
-857.76624,10,359.642791
-798.965,30,359.65643
-854.5269,7,359.678616
-1248.8739,35,359.692625
-1484.3323,44,359.72336
-1016.71716,6,359.755431
-799.0637,48,359.767267
-2104.753,16,359.767362
-282.4095,44,359.779917
-1353.917,25,359.779996
-1190.2418,7,359.807212
-1307.4564,100,359.828468
-2841.7693,106,359.828554
-1836.6267,6,359.837922
-1504.4109,24,359.860382
-1583.606,22,359.860458
-1044.2297,2,359.881083
-2368.013,12,359.899161
-2086.4424,13,359.936375
508.12537,28,359.947147
-1154.6033,19,359.95811
-942.92786,10,359.958176
-1247.9998,4,359.997122
-2630.1963,12,360.007734
-1031.1973,11,360.016181
-1160.0123,5,360.052371
-544.21185,60,360.052714
-2093.4893,46,360.065646
-2339.1519,5,360.076033
-2160.8818,28,360.142297
-675.3924,75,360.142383
-1667.8765,13,360.15465
1235.1145,79,360.155017
-1193.8021,4,360.186181
-976.01215,6,360.218995
-1234.3241,36,360.21909
-1081.4135,5,360.248088
1092.5525,94,360.270746
-1051.1539,4,360.270817
-2437.8296,88,360.270832
-467.89337,29,360.296235
-754.52,97,360.296294
1964.726,108,360.296309
-1796.4137,14,360.31014
-1120.9255,3,360.310228
-923.3606,8,360.319434
-2124.314,16,360.359412
1646.885,73,360.359569
-2182.6062,24,360.359906
303.4015,75,360.359935
-2143.0193,11,360.488203
-1122.3772,3,360.488262
-1098.7948,6,360.524495
2058.5913,69,360.551121
-1188.1095,34,360.56819
-1068.7639,8,360.587826
-1122.7267,14,360.598684
2096.9597,64,360.621503
-163.08551,60,360.62158
-405.0985,49,360.621598
-977.26733,7,360.634791
-1154.7095,4,360.64478
-501.40967,66,360.644856
-2322.209,21,360.666655
-2426.516,16,360.715173
-1451.1565,9,360.731954
778.3602,137,360.742086
-2388.9414,22,360.75607
-1539.474,27,360.775676
-1651.6974,13,360.77577
-920.6245,17,360.823242
-1286.7427,6,360.847269
-857.74445,9,360.847346
-2968.3179,10,360.868125
-1206.1903,6,360.890918
344.83685,30,360.913094
-29.533875,43,360.913174
-1272.9863,24,360.924047
2866.466,100,360.935059
-2380.7405,49,360.975661
-1613.0544,11,360.986761
574.2147,46,360.987096
-2387.1592,52,360.987127
-1095.0662,71,360.987138
-1495.4788,15,361.0108
-1011.8123,9,361.010886
1778.7058,72,361.023306
-1165.4602,55,361.02337
-1560.7402,36,361.05636
-1386.2794,57,361.066447
-3819.955,17,361.078264
-913.11273,8,361.078321
-1212.3236,27,361.078336
-1460.6731,6,361.078342
-1261.4879,6,361.091413
-2350.417,7,361.091495
-1129.542,3,361.108455
-2871.2686,12,361.120556
-1697.738,17,361.120631
-1608.3469,13,361.130193
-2370.9468,19,361.130262
-1237.0201,39,361.161979
-1943.4786,6,361.173806
881.8009,96,361.173907
-2668.5378,49,361.184859
-1047.1459,4,361.203679
-1009.76465,8,361.216969
-1399.2998,18,361.217068
-1941.5215,16,361.232597
-1166.19,3,361.244656
-1099.709,17,361.265931
-3084.4072,26,361.276475
-1142.0585,5,361.289693
-954.70776,19,361.301431
-1536.7192,63,361.301507
-1069.8164,4,361.330189
-2018.7041,23,361.330253
-1143.8542,3,361.367008
-925.29834,8,361.387973
-383.02838,25,361.399735
-1121.9691,3,361.399806
-2902.8691,21,361.410628
-1277.8083,47,361.437866
-1031.8885,2,361.43791
317.2566,30,361.485832
-2941.0146,34,361.485963
-1445.1356,6,361.498082
-987.86475,4,361.516935
-4358.941,27,361.525871
-1143.9943,6,361.5368
-1786.6868,22,361.562665
-1276.9556,13,361.577484
-646.1766,98,361.577558
-279.7445,42,361.577576
-1118.0886,8,362.636929
-1645.6001,11,362.637008
-1931.1201,12,362.648141
446.31445,56,362.660259
913.3728,36,362.680563
-1060.9702,6,362.705526
-2323.2205,74,362.721236
3187.8713,86,362.732081
-1067.9064,2,362.743431
-903.21265,50,362.743522
-609.07117,54,362.743542
-1319.1094,17,362.777891
-1548.8899,19,362.790963
-1021.9076,10,362.791079
-1903.1793,5,362.803051
-1271.0892,5,362.833367
-3918.2458,16,362.83344
1619.3984,100,362.855282
-2998.044,26,362.85535
-2259.193,36,362.868493
-533.36505,50,362.86856
-3180.8267,7,362.898326
-1244.4982,11,362.898391
-1077.3837,13,362.924948
-985.8953,4,362.92501
-1551.5046,4,362.950707
-851.5841,35,362.95941
-1286.4478,7,362.970871
-1053.8438,8,362.97097
284.16492,57,363.004146
-1090.345,8,363.004211
-1087.2654,9,363.004227
-1164.134,4,363.0168
-1222.3031,6,363.03769
-1539.4973,9,363.037819
-1005.2672,4,363.066437
-581.2187,58,363.066525
-1927.7772,19,363.066544
152.41553,72,363.098234
-1084.3298,40,363.098323
1739.836,68,363.098379
-1407.745,35,363.098397
-1023.4381,6,363.112768
-1549.0183,5,363.123425
340.65955,61,363.139027
264.8813,33,363.139119
-2079.545,15,363.158563
-1026.1128,19,363.158635
-1363.7097,13,363.166684
-1228.2228,16,363.20136
-812.23816,31,363.220296
-1183.5845,7,363.240309
-1828.214,16,363.252104
-352.36713,40,363.26479
-2025.2076,20,363.264894
-2475.9937,15,363.281499
-1218.0153,17,363.304986
-1027.7479,3,363.315958
-1440.801,58,363.316017
-970.61774,9,363.316032
75.89807,36,363.326277
-1127.6558,5,363.32637
-2584.3164,24,363.371693
-1066.5867,25,363.389833
-746.80066,31,363.419502
-1693.5161,29,363.439634
-1862.4532,14,363.45704
-1320.0669,19,363.457125
-154.01294,31,363.487562
-1566.7264,30,363.505769
-1079.846,9,363.557278
-1168.7546,6,363.568155
-2124.721,13,363.592117
830.1477,49,363.603838
-1098.5133,3,363.636882
-925.91614,9,363.67328
582.5493,52,363.723819
-1035.5217,36,363.723879
-1038.7887,7,363.723893
-2411.2637,21,363.738938
-383.27405,32,363.763173
-3013.8577,41,363.787489
812.2284,75,363.800251
47.904053,47,363.800314
-981.8865,9,363.841538
-1092.8596,10,363.856368
-959.93726,9,363.856427
428.96448,58,363.856443
-1597.4517,6,363.876563
2165.0618,80,363.894309
-1714.2216,41,363.905122
-1845.5098,7,363.922022
-3516.2925,68,363.930133
-4183.0996,58,363.944262
-2134.893,12,363.944321
-2004.2649,23,363.944336
-1037.1351,8,363.944344
-2310.746,32,363.955966
-1343.458,50,363.966229
298.97174,59,364.005436
-1063.4679,5,364.005546
-1500.9498,9,364.037821
-2745.502,10,364.037897
-1170.2305,3,364.037914
-966.50323,7,364.081079
426.5056,66,364.095676
-1146.9792,5,364.095745
1902.873,56,364.119018
-1281.3425,68,364.119081
-1001.68396,5,364.14721
1747.9243,126,364.147283
1697.7174,135,364.1473
-2902.833,19,364.164649
-182.43518,24,364.180445
-236.0597,50,364.192361
-2484.9595,14,364.201933
-2523.2612,16,364.221107
-2626.7278,13,364.241541
-1185.8665,12,364.26318
-4487.03,33,364.263249
-954.3272,25,364.263267
-1063.5522,13,364.275736
-1669.4922,10,364.286519
-2533.0637,11,364.286602
-2344.78,5,364.320944
-1375.6838,9,364.350195
-1123.1617,7,364.350383
1345.9883,97,364.363244
-1098.8588,42,364.410116
-643.0995,49,364.430642
-1519.4738,25,364.45003
-884.02356,10,364.467613
-1729.532,17,364.497807
-606.3223,29,364.515012
-3965.386,47,364.531954
-2834.7998,25,364.549057
-2159.4148,15,364.571618
-880.96313,7,364.571687
-1186.4897,4,364.592299
-608.1417,32,364.602173
-664.15656,9,364.620435
-1555.1592,8,364.637787
-788.1449,8,364.647806
-1675.7537,74,364.657
-1117.6611,8,364.673655
-1173.6133,3,364.673724
-1578.6431,11,364.684075
-1553.6473,7,364.747895
-705.6589,77,364.772098
-33.157898,42,364.800715
-973.2273,30,364.801059
-20.63684,45,364.825053
51.38141,42,364.835322
-1308.5741,6,364.846431
-1185.961,7,364.876009
-911.9889,7,364.876067
-1065.4055,19,364.894271
-1308.5547,7,364.902644
403.53784,42,364.91408
-1396.7263,54,364.914161
-1077.325,5,364.936814
3560.8726,101,364.936894
794.6906,63,364.960042
-1793.145,68,364.985892
-903.2891,6,364.99774
-953.46405,9,365.027018
-801.5077,26,365.045179
-1915.9095,13,365.075396
-1352.6152,15,365.096219
-926.58057,8,365.106681
-945.8334,43,365.133066
-2648.3252,54,365.133139
-711.5043,43,365.173898
-1991.1732,21,365.185102
-1482.539,5,365.194992
-1077.4215,2,365.195073
-1980.6843,30,365.203557
777.1256,105,365.214144
-1132.4893,13,365.225778
-3571.9536,17,365.225843
-1154.4386,5,365.234756
4326.3867,121,365.245879
-1036.6472,3,365.264337
-3576.287,15,365.264402
-1027.8987,7,365.274925
-1212.7095,52,365.289234
-1359.3184,9,365.334
-955.8799,7,365.334095
-1026.9578,4,365.334115
-1057.6614,7,365.36385
-1007.7956,6,365.375107
-1093.7478,3,365.375168
-1716.5739,11,365.375183
-1015.211,4,365.385614
-1226.2192,41,365.403873
-1216.9341,8,365.449969
-1386.5415,21,365.465873
-1298.7594,8,365.466016
-1941.0836,64,365.466031
-849.1714,8,365.466036
-313.32385,41,365.483235
-4061.4685,13,365.493565
-1407.1118,32,365.50273
-822.6162,20,365.502805
-1207.4181,5,365.524209
-1418.4855,8,365.562882
223.51733,42,365.580333
-317.7196,39,365.5804
-960.07587,8,365.580416
-2657.7783,19,365.597842
-994.1879,4,365.610847
1497.0042,91,365.622338
-1120.5275,10,365.62241
2347.8452,125,365.622426
-1439.2854,11,365.667521
-926.3626,7,365.667758
-2558.751,33,365.679181
-1531.6249,19,365.690602
-563.12646,68,365.690712
-979.20416,10,365.714624
-2179.3115,9,365.746935
-1052.2858,6,365.75844
-2105.6196,9,365.758492
-1229.4474,6,365.783465
1309.1177,115,365.783537
-991.02295,3,365.811048
-2012.3464,13,365.834383
-1258.672,56,365.834455
-102.626526,34,365.834473
803.4878,155,365.84806
4103.6235,102,365.848116
-1021.9975,10,365.860476
-939.8927,9,365.860598
-1106.9917,13,365.870944
-507.29028,33,365.881635
-2406.042,18,365.917675
-2063.1487,44,365.941762
-822.2169,19,365.942084
-915.83514,9,365.968835
-1098.8752,87,365.968926
-1638.0061,13,366.00252
-3475.6035,14,366.002619
-994.51904,9,366.021638
-891.28204,15,366.021711
-1365.56,17,366.021725
-124.732605,44,366.021732
-1802.1669,22,366.044414
-4011.2183,18,366.083071
-2344.3438,9,366.083141
-956.4868,4,366.09497
-841.2842,21,366.106102
-1164.4097,20,366.116041
-1508.5747,9,366.116111
-1251.8533,75,366.137307
-1052.6794,7,366.167581
-994.3766,8,366.201998
-1078.6389,21,366.202093
213.30212,46,366.213358
-1234.7875,7,366.225838
-1022.9488,2,366.225934
-1127.2963,7,366.260973
-780.0758,34,366.261052
404.2271,52,366.293042
-5876.8477,21,366.293108
-2686.4824,17,366.343785
143.2826,58,366.343865
-1064.5677,5,366.353547
-1066.4004,2,366.361911
618.6516,27,366.361982
-2214.3801,14,366.379622
-1152.7316,9,366.379702
-1575.2617,13,366.390724
766.71893,71,366.400547
-1417.0079,35,366.414469
-990.03186,10,366.414535
-1183.2834,3,366.424704
1308.5571,74,366.424774
-2779.0098,71,366.476525
-954.50684,12,366.497858
1130.3491,47,366.515784
-1621.7963,12,366.515845
-1083.1077,2,366.543306
-909.5448,42,366.543365
-1853.5244,39,366.607479
1031.4133,66,366.607563
-1067.1274,3,366.644719
-1839.1045,16,366.655958
-1066.1267,23,366.689528
-2533.08,44,366.707461
-1062.8589,29,366.728084
-1262.6542,5,366.75221
-1116.6372,30,366.763566
-2448.4468,21,366.763667
-697.24084,32,366.798281
-2829.1204,20,366.806755
-1554.5254,42,366.81664
-1559.607,45,366.816709
-1902.0892,32,366.858913
-1148.6096,21,366.869069
-595.4719,51,366.880246
-1341.2532,8,366.892142
-1996.5236,15,366.916664
-1700.6797,16,366.951928
1601.2286,74,366.968135
-1939.0553,22,367.042287
-1732.1384,20,367.052687
-1527.6478,35,367.078721
-172.41595,52,367.078789
-1719.8875,31,367.090698
-952.678,5,367.108191
-1112.5149,5,367.148453
126.47363,100,367.165696
-904.1572,54,367.203866
-1494.1465,6,367.232861
-1722.3665,13,367.252049
-619.7196,24,367.28286
-648.7134,32,367.282931
-935.3688,39,367.31438
-2500.6265,13,367.338146
1313.2617,62,367.357599
-958.43317,11,367.380704
-1362.136,7,367.417475
-1088.2568,43,367.432845
-2389.479,15,367.460611
-866.1113,19,367.469491
-2267.3306,82,367.469575
-1233.7257,9,367.469594
-846.3905,49,367.528915
-2946.888,22,367.538574
-1085.2919,17,367.58246
92.22626,52,367.595758
-1044.0458,12,367.605612
-1006.6992,2,367.631548
-1220.068,15,367.642445
4494.1025,130,367.666983
-1124.5692,13,367.696827
-1355.8755,23,367.707761
-56.750732,34,367.728826
-624.00964,103,367.728913
-951.3525,13,367.769051
-1767.3157,130,367.769097
-1275.3721,58,367.779711
-1969.1978,21,367.788366
-2251.761,58,367.805991
-2755.9763,32,367.81489
3134.4722,94,367.833289
312.8496,81,367.833364
-1044.5214,5,367.850613
644.82324,106,367.898015
-1066.5012,9,367.932442
-1847.9329,17,367.93251
4237.292,92,367.983205
-1580.3054,13,367.996793
2689.8533,101,368.006965
-1590.69,21,368.007155
-1125.0325,7,368.079405
-1686.242,35,368.079501
-1299.0048,79,368.079518
-2275.5503,37,368.091372
-1911.611,23,368.102022
-1298.5411,28,368.111617
-2301.181,55,368.122539
-1466.7445,16,368.122606
-1191.2234,4,368.134671
-247.5398,105,368.169438
-1489.02,23,368.169518
636.83563,42,368.178866
-1615.5448,25,368.223517
-2028.2935,11,368.237623
-538.24756,49,368.293496
-1448.738,15,368.293586
-511.56024,46,368.303942
-1030.3756,7,368.304038
-1007.01935,12,368.30407
-3789.2002,17,368.313361
-1114.0834,3,368.323512
-684.1384,94,368.333597
-1719.5618,16,368.351033
-1518.9205,24,368.351118
-2577.978,24,368.351135
-1167.1012,6,368.381118
-1189.5612,6,368.381177
-1138.9276,3,368.381193
1412.6189,67,368.390314
-1014.23615,4,368.403926
-2250.9731,8,368.414347
-1050.2076,3,368.439113
-442.66364,29,368.47598
-1047.4396,9,368.495637
-1357.2268,59,368.508176
-2190.104,17,368.508229
-2000.3018,20,368.557967
-1150.058,42,368.576412
-1089.0886,15,368.576453
-1796.6306,21,368.593989
-2042.057,72,368.594048
-1613.0753,66,368.604395
-1140.4971,3,368.620557
-985.1242,52,368.638832
-1717.0507,7,368.639132
-2445.5386,22,368.693599
-163.03888,44,368.693669
-939.4867,51,368.693686
-2950.6616,25,368.703601
-1693.7263,28,368.703703
1053.7908,86,368.718767
-1547.8706,10,368.742142
-1202.5154,3,368.742585
-2373.5566,23,368.758015
-1091.8826,37,368.787034
-846.4316,26,368.796868
-1206.2998,6,368.809761
-3312.3247,39,368.809864
-1049.1135,7,368.833417
-1027.4653,12,368.833485
3764.4092,117,368.868723
-1009.1193,9,368.931211
-2177.9253,19,368.931287
-255.11908,39,368.941438
-2078.7136,18,368.941515
-274.9715,47,368.941534
-1009.64514,9,368.952118
-887.73114,9,368.97074
-1131.1078,24,369.02936
-1081.6273,10,369.058519
-2360.4514,14,369.073514
-1778.2218,40,369.086764
-1980.7261,51,369.086821
1312.4685,92,369.086834
-211.44672,28,369.13246
-69.44464,51,369.175967
-1193.5519,10,369.201632
-1038.941,4,369.201686
-655.0594,18,369.201699
-1137.5205,4,369.252344
-1095.62,57,369.271341
-1479.9592,15,369.287149
-2862.9844,21,369.300696
-4067.7297,61,369.320287
-1757.5575,17,369.329159
102.941284,42,369.357951
-1825.6523,14,369.358025
-916.1844,6,369.369407
-184.43042,57,369.401479
-1409.4718,12,369.4178
-1058.4774,5,369.417896
-1535.2919,18,369.466917
-2032.3066,12,369.466984
1711.0579,73,369.477814
-2116.0952,8,369.583777
-1443.3665,51,369.584051
-5485.655,17,369.58409
-867.82513,10,369.604879
-1787.8035,18,369.653521
-1030.5458,8,369.680957
-1787.0941,16,369.690155
-3144.0093,23,369.69971
-899.42065,9,369.707974
497.18518,65,369.739623
607.83154,76,369.769456
2620.4277,87,369.786108
-487.31323,53,369.861151
-2837.5098,41,369.882162
489.64636,56,369.89236
-1076.5071,3,369.939765
-845.47174,42,369.951048
-2527.0881,55,369.982792
-904.62225,8,369.994657
2057.795,97,370.00562
798.45654,167,370.044543
988.2009,75,370.055932
-1875.6802,6,370.06614
-999.3348,9,370.066238
14.468445,35,370.088077
-1071.196,9,370.088149
-1118.6914,4,370.100797
-985.021,9,370.116592
-3362.9302,35,370.129849
-399.02863,158,370.177581
479.6599,100,370.197385
-1026.6323,7,370.205851
-1603.2523,11,370.235268
-1812.5753,55,370.260625
-1101.4397,7,370.271443
-1029.2924,9,370.287813
-1332.4586,17,370.302048
-955.6044,18,370.313125
-1644.3164,20,370.313181
3.1047363,138,370.322071
404.85516,22,370.331362
-1027.5009,4,370.343475
-1135.2769,6,370.343585
2063.1714,88,370.395704
-1179.6714,20,370.424424
-586.09064,63,370.433367
-733.1935,50,370.453244
-2084.694,58,370.464094
-2481.8633,19,370.517997
-1110.0385,5,370.543406
1673.4617,136,370.6044
416.75226,76,370.636406
-1584.0356,19,370.703146
-1970.3915,23,370.712947
-2727.899,33,370.735882
-1036.1351,2,370.735977
2830.3657,88,370.772275
-351.14697,38,370.791909
-964.3799,5,370.823166
-835.9638,9,370.834079
2314.259,75,370.834181
-1135.2496,3,370.870979
-3930.1628,95,370.889578
-1838.9839,51,370.889657
-1913.6587,24,370.901035
-1094.7069,52,370.935919
-1097.401,4,370.936108
-1061.2943,3,370.936194
-416.7755,75,370.952806
-2878.933,10,370.970409
-1763.5508,60,370.992882
-980.3013,4,371.002129
-864.4223,102,371.018193
-1066.7394,2,371.018248
1050.6746,46,371.018263
-790.84985,56,371.018272
-1060.7428,8,371.042091
-1075.2217,2,371.042183
-1037.6685,7,371.050655
-959.4984,4,371.068775
-1053.291,2,371.090719
-2319.8528,63,371.090813
-3530.6904,25,371.108535
-1436.9362,7,371.119118
-1530.9312,12,371.149042
-3834.8052,129,371.149104
-2390.5176,19,371.160355
374.85193,86,371.160403
3221.3096,167,371.160414
-2619.3096,6,371.17361
-1905.8463,27,371.228179
-1465.9789,6,371.240722
-1324.6576,70,371.261005
-1162.1022,6,371.261075
-1579.9237,18,371.261105
-4617.5215,35,371.279062
-1113.1246,5,371.299862
-1044.9865,14,371.351456
-1962.683,19,371.367472
-1013.32495,8,371.367542
-991.36597,9,371.377296
-761.7122,8,371.398672
-1775.8774,24,371.398751
-4262.8125,27,371.398768
790.7444,37,371.408511
1843.8046,95,371.408572
-1104.7723,3,371.408592
-1153.5167,3,371.437853
-2419.1565,33,371.437934
-1518.4744,60,371.462328
-1119.3984,4,371.462435
-1053.2202,4,371.462453
452.08258,37,371.472456
633.3622,75,371.472527
-918.4575,10,371.481334
-1211.9822,5,371.498137
-418.4878,68,371.498204
-1984.7891,8,371.509503
-1882.1156,5,371.519132
-1220.7622,6,371.546202
-1757.7777,18,371.546275
-868.90204,13,371.55966
-1501.7903,24,371.570672
-1217.1193,5,371.581626
-965.11743,3,371.581707
-2152.255,11,371.600535
-1065.4521,2,371.600624
-1717.6436,16,371.658241
-1634.1819,14,371.658312
-2104.3384,12,371.658327
-1062.222,2,371.683959
1186.8022,41,371.696609
805.1891,77,371.750258
-1177.4121,3,371.762902
-3216.4385,19,371.776234
-868.2111,10,371.817378
-1050.5659,6,371.834654
-2458.4712,53,371.865098
-1626.662,22,371.887104
-923.60626,38,371.887186
-642.4216,55,371.887208
-991.4528,6,371.904003
-1121.6985,16,371.923844
-1109.8917,7,371.943425
-894.9544,26,371.943543
867.9441,113,371.978928
-1815.8184,42,372.010194
-1229.8561,4,372.020489
-493.9433,25,372.033163
-1032.0375,38,372.033216
-1584.9718,10,372.033232
1106.8777,76,372.057395
-1372.8458,15,372.057469
-2711.4316,32,372.075961
-1789.961,5,372.103048
-1048.7126,4,372.125507
583.2383,44,372.138213
-1124.6752,7,372.138298
-1270.6716,8,372.185905
-1026.2845,19,372.18598
-1049.8079,5,372.202929
-871.75464,8,372.222967
2870.1147,63,372.223055
-1542.0857,14,372.223073
1740.2523,105,372.260197
-3577.9646,79,372.260291
-1210.5897,5,372.270984
-1562.2,31,372.271428
-1018.6863,26,372.351263
2403.1714,76,372.351344
-2922.585,40,372.399324
-794.8406,44,372.432523
-1195.5886,14,372.442841
-1246.8872,42,372.47059
-1056.0677,2,372.470671
-1155.3297,4,372.488575
-1221.6074,12,372.504699
-962.14233,31,372.524006
-320.6894,28,372.552368
-2592.2896,35,372.57215
-1640.1995,90,372.593854
-1062.0143,63,372.602715
-1185.006,9,372.62145
-422.21558,79,372.621521
-229.82074,34,372.641612
-2036.9331,83,372.652114
-953.4446,5,372.652203
-5905.3413,47,372.669362
-1032.1962,3,372.687347
-931.6443,33,372.698295
-1525.6455,38,372.698376
-1056.1735,14,372.7112
2934.2793,95,372.720883
-2088.7979,29,372.720978
1096.1697,44,372.747124
-1064.2457,2,372.747209
-1248.0411,11,372.747226
-1116.035,8,372.757647
-1087.9021,4,372.757725
-1369.3359,6,372.770178
-1583.8989,29,372.770261
-975.5235,3,372.786453
-2405.5044,8,372.7967
-1649.2529,11,372.796866
-1036.575,5,372.826795
-1197.9167,5,372.838697
-1502.6993,10,372.848781
449.3316,87,372.861411
-1109.9043,3,372.861469
-1035.2599,10,372.87568
-1749.3181,8,372.885382
25.390137,50,372.905226
-1261.299,6,372.920972
-1665.7971,20,372.947984
-1715.1565,15,372.948062
-1099.8152,3,372.957504
-3894.995,23,372.972519
-1684.2782,13,372.9726
-1033.06,10,373.027842
-1053.0221,38,373.04699
-714.5204,72,373.087684
-1472.7716,13,373.100494
-668.0022,44,373.146921
-981.5775,23,373.147004
136.01001,46,373.169486
-1018.4321,9,373.185972
-3235.3892,17,373.241875
3622.1946,96,373.241949
87.08234,81,373.27089
-4498.546,44,373.298194
-4650.398,39,373.325217
83.64209,33,373.344348
232.98523,47,373.356753
-1813.8784,7,373.379298
-1038.7355,2,373.37936
-2639.3914,76,373.417991
-165.41418,72,373.427978
-308.34155,25,373.479689
587.44354,39,373.479759
-929.96045,12,373.492555
-512.3819,53,373.56316
-953.1277,12,373.563376
-883.72,9,373.582965
-2641.876,56,373.594915
-995.8683,38,373.605984
-938.51337,63,373.606073
-1518.0973,12,373.633778
807.1218,96,373.643417
-914.6486,44,373.676206
419.44208,40,373.703981
-1875.9988,11,373.728594
534.26355,67,373.746367
-1661.4126,26,373.780545
-2103.645,21,373.805277
-945.8062,8,373.805346
-3249.0217,86,373.857403
-3209.1038,24,373.86647
-877.3861,12,373.866543
-108.68628,43,373.879987
659.42566,43,373.88006
-590.07135,118,373.890433
-1205.5864,17,373.938039
-1744.6436,27,373.93813
-69.946594,93,373.952412
370.07184,54,373.967103
-922.26056,9,373.98314
-2727.2734,17,374.006098
-1099.0339,7,374.023322
4138.506,108,374.031775
-1230.2931,4,374.041643
-2778.2869,9,374.058781
-1736.9016,15,374.071677
-1102.6375,8,374.071759
-1720.0977,56,374.088261
-3789.586,26,374.088332
-3020.389,12,374.088356
-1163.4188,6,374.107196
-1224.9202,6,374.127915
-1021.0447,4,374.140185
-3097.6282,48,374.156444
-1339.9174,22,374.15652
4212.6997,90,374.164796
-1083.2103,8,374.186464
-546.80756,80,374.186538
-2591.6528,79,374.19679
-1092.2809,8,374.196866
-738.4211,28,374.208412
-2297.8342,55,374.208476
-1985.4749,7,374.245199
-1013.20557,3,374.245272
-922.90375,14,374.24529
-826.0129,52,374.258511
-3684.5396,56,374.266635
-1190.7654,8,374.326164
4048.4082,98,374.339008
-2920.142,23,374.339086
-2289.602,24,374.3391
-1404.9618,12,374.372157
-1030.2543,3,374.372227
-2811.615,21,374.372247
-2723.9814,16,374.372255
103.084045,30,374.383108
-1593.0828,14,374.402038
-883.31744,6,374.423244
-1035.7576,2,374.436539
-1337.1448,12,374.486671
-482.69382,58,374.486769
-1323.1838,9,374.505282
-2392.0796,16,374.526701
-1483.4084,10,374.535119
-1924.8798,10,374.552835
-2181.217,34,374.552908
-2210.1772,50,374.564227
-1163.0275,26,374.574657
-320.37177,61,374.585763
-1224.377,5,374.613958
-918.5718,6,374.614045
-1126.3739,37,374.614061
-1199.152,5,374.638578
-1052.1859,2,374.65045
-5155.9355,86,374.695156
-1781.802,9,374.695232
-393.66418,46,374.695248
-2372.3516,21,374.751585
-2284.4292,11,374.781089
266.50305,50,374.781147
-1628.9174,25,374.794642
395.7954,34,374.794708
-682.5748,22,374.794726
-940.2611,46,374.804321
-1721.0515,58,374.822523
-1335.5483,5,374.856675
-1549.7449,14,374.874331
-709.9688,9,374.900228
-982.70197,59,374.909425
-1215.9211,4,374.922519
-4082.458,25,374.931059
-1076.5728,31,374.931123
226.68982,47,374.951344
-205.11102,47,374.951707
1506.8317,91,374.972505
-1532.4712,16,374.992797
-976.2978,5,374.992878
-1184.707,4,375.004607
-2779.2773,12,375.004683
-1563.7861,18,375.019917
-3417.5344,27,375.029626
-1177.3873,5,375.064491
-1435.356,43,375.064698
1115.2017,80,375.17315
-2473.7136,33,375.188378
-592.0584,20,375.202481
-1825.4917,23,375.220031
-1660.1625,12,375.220089
712.9884,68,375.220105
387.29285,44,375.24083
-513.6253,18,375.253794
996.42944,62,375.253874
-1044.0787,4,375.253892
-1143.0195,8,375.278822
-1345.4518,9,375.323626
1067.2292,35,375.323738
-2159.272,8,375.349929
-319.37213,46,375.383372
1617.7004,63,375.403209
-991.5696,17,375.421531
-647.77673,65,375.436607
-1081.0779,2,375.448063
-1740.4617,12,375.47492
-1207.3872,19,375.474989
-1162.7777,20,375.503277
965.8374,60,375.503479
-1041.1227,6,375.513453
-43.779663,42,375.513516
-1561.9215,15,375.532701
-1844.5724,27,375.546439
-2101.4844,7,375.564929
-996.0661,63,375.583666
77.302185,33,375.591981
-886.9815,9,375.61643
-1819.6217,28,375.616505
-1264.0796,13,375.635134
-1139.4901,3,375.663498
-1019.32056,3,375.663578
-1661.4473,14,375.675727
-311.3153,58,375.696224
-224.22925,31,375.704374
181.5509,58,375.719941
1578.3228,136,375.737693
-390.1272,40,375.737763
-194.51868,68,375.737781
-2631.5107,17,375.751773
-862.9207,31,375.768381
-1070.0021,3,375.80751
-965.27374,9,375.824538
-1100.8583,4,375.834648
-1270.4565,10,375.844436
-831.2263,10,375.853463
-1710.3174,26,375.873053
-781.1058,29,375.87312
-1093.943,6,375.889162
-1071.0491,18,375.906442
-2767.7146,22,375.935617
-1316.6251,82,375.955718
-1265.852,7,375.967443
200.35461,71,375.967482
-3164.912,19,375.996258
-2341.4736,20,376.00611
-1519.313,13,376.052202
-1524.761,10,376.071748
-1625.6001,15,376.071826
-936.83716,24,376.138326
-134.20264,50,376.138406
-382.59625,97,376.194357
927.12256,42,376.194431
-2927.0388,50,376.20303
-1772.7069,10,376.243412
-679.079,35,376.243491
-1130.1189,6,376.256814
-1172.2646,5,376.256938
-943.1701,56,376.335811
-2853.0657,27,376.35756
-1066.904,51,376.35766
-1351.8767,16,376.418151
-1850.679,17,376.438522
-2713.8452,23,376.438617
-1054.1906,2,376.470402
-2524.2725,12,376.495346
1453.6433,79,376.509425
-901.1044,56,376.518737
-588.5269,24,376.528609
-30.448364,79,376.546771
-1090.8909,2,376.557819
-1149.9362,4,376.568949
-5.921875,64,376.569036
-2476.7095,18,376.569067
-1300.2025,7,376.582814
-1474.4624,50,376.627301
749.3551,54,376.677388
-1203.0142,13,376.705733
-5066.3213,17,376.706015
-1380.6609,22,376.706034
-1102.8541,14,376.735915
-1829.3895,69,376.754789
-1479.0455,67,376.771374
-1149.1886,7,376.850953
-2443.6855,22,376.864088
-2638.6404,30,376.864155
-1259.0605,10,376.864171
-396.49493,42,376.86418
-982.7672,7,376.873935
-3557.0698,17,376.874071
-1598.7263,23,376.890886
-1166.1854,4,376.912375
-1719.1257,64,376.912455
-1015.9337,10,376.927068
-574.4778,29,376.92714
-1741.7589,16,376.944842
4291.8115,126,376.957384
-512.01715,82,376.957464
-1041.2893,3,376.969621
-1829.209,7,377.001926
-1043.4535,2,377.022848
-1001.90186,16,377.049165
-2600.0024,17,377.065622
511.83026,132,377.065706
-1467.7644,17,377.089802
-943.8726,19,377.10956
1853.7577,170,377.109656
-3684.3384,16,377.122574
-1317.8988,47,377.173414
-1066.0452,11,377.183087
-2304.8757,21,377.191174
-1037.9956,28,377.216783
-1051.6445,4,377.216838
-811.4841,8,377.216857
-820.8571,23,377.227462
-2600.6826,20,377.261859
-12.459839,111,377.261925
-2905.4783,18,377.286097
-1186.4395,3,377.302308
-536.8092,120,377.312727
-1259.7516,13,377.341267
30.948792,52,377.353396
-1296.4279,36,377.353458
304.15588,51,377.367672
-1702.4541,26,377.392947
-968.2044,16,377.415092
-2338.504,17,377.42424
-1600.1322,27,377.441107
-1872.0382,11,377.44119
-1079.9218,3,377.475175
-1091.5083,6,377.510171
-1551.7567,15,377.551314
-4041.3918,21,377.551392
453.9452,91,377.563313
-193.2279,38,377.577062
311.98114,53,377.606417
-1091.6394,3,377.606492
169.57019,55,377.620265
-2407.4014,18,377.642111
-531.18085,20,377.653162
-837.9297,9,377.653226
-2293.6187,26,377.671884
-2419.5918,11,377.696269
-776.4432,8,377.710047
-3343.5667,19,377.710135
-1135.1868,5,377.718955
-2379.873,15,377.736331
-1332.8839,4,377.748073
-1370.4054,30,377.763126
-1137.5175,4,377.7632
431.10718,73,377.763215
2704.6,144,377.763223
-1962.4438,75,377.784787
-747.06946,48,377.813336
-1054.8434,7,377.834236
-1469.2058,8,377.8343
-1184.0781,62,377.844269
-135.57745,42,377.85662
-1557.2571,10,377.872106
-807.32556,19,377.872178
-1992.2812,47,377.892619
156.4563,46,377.913133
-1174.5063,6,377.930742
-1061.7386,5,377.941616
-1140.0466,4,377.941672
-1207.4172,8,377.941684
2206.2505,139,377.960388
-1445.1061,6,377.960459
1345.0475,63,377.979074
-2591.1038,17,377.979135
2269.996,57,377.979165
-134.15009,39,378.009635
-382.1012,24,378.029997
-2333.1438,13,378.041443
-1902.6616,30,378.041521
-844.09033,7,378.059924
-1066.0712,2,378.059989
-3732.0078,35,378.134152
73.66376,39,378.148973
-1629.4039,31,378.15809
-1777.102,15,378.176736
-1484.1849,46,378.191752
-1645.0753,25,378.23388
-1057.2678,9,378.25397
-1291.316,23,378.254281
-2644.4644,84,378.254306
-1864.2607,25,378.273136
-812.79865,30,378.273203
-75.30536,27,378.273221
-856.6369,20,378.28895
-1108.0653,4,378.303411
-2354.2114,13,378.322839
-1762.71,13,378.343325
-785.6656,41,378.35772
-1983.6603,61,378.369582
-799.88983,53,378.388724
-912.5555,6,378.403881
-1237.7539,10,378.415257
-1591.9661,3,378.464347
-1255.1472,17,378.464701
-1200.7085,41,378.482555
-1754.057,18,378.494641
-884.27185,9,378.494708
-2014.6602,13,378.51424
-225.77759,30,378.545587
-875.4061,5,378.563816
-860.12036,65,378.587912
-3745.5642,43,378.587985
-1268.8065,14,378.605326
-1005.3447,10,378.605383
-1104.8795,5,378.622928
385.92065,29,378.64311
-978.9385,7,378.652211
-1155.0602,29,378.660701
-1218.3109,4,378.690116
-2028.6537,7,378.690199
-1641.9062,15,378.690222
406.04694,52,378.705444
-1097.4426,3,378.731061
1586.6016,71,378.731117
-1065.0115,4,378.740345
-2234.0117,42,378.740417
-1221.5741,4,378.778934
716.39264,39,378.788816
-954.0372,35,378.81373
-1004.2314,3,378.813813
-1643.9536,17,378.813845
-1345.6647,17,378.856046
-1453.2656,4,378.856113
-1162.9828,17,378.867511
-2388.3643,11,378.867585
-2664.8318,8,378.876791
-1116.61,13,378.876876
-613.9036,67,378.893613
-1348.6553,26,378.913272
-1443.5093,32,378.923532
-3810.482,6,378.943917
-2892.272,11,378.943983
-4881.5166,28,378.955294
-443.63635,39,378.965032
-2246.8105,32,378.977227
-1033.8362,9,378.988894
-962.67017,21,378.98896
-312.60876,56,378.988991
-94.09741,52,379.040383
-2673.2002,9,379.040466
-877.1047,13,379.040484
-2234.3357,18,379.063719
-1586.6896,16,379.063784
-1014.9446,7,379.0638
-1016.22015,4,379.092396
966.8496,63,379.09244
-1037.5701,2,379.092453
-991.5492,5,379.10916
-2105.2163,6,379.120439
887.75574,95,379.130533
-718.02625,57,379.163885
-1351.9736,15,379.163949
-915.7091,6,379.186842
-788.42615,9,379.198149
-964.69104,24,379.198213
-2088.8506,22,379.198229
-1863.715,45,379.222876
-941.8621,5,379.22298
-1124.618,3,379.235001
-1333.8411,4,379.244262
-821.618,6,379.256494
-1344.2981,18,379.280144
-760.4233,29,379.307214
-4659.551,34,379.353509
-1340.9062,47,379.371761
-1132.4039,5,379.371825
-2433.912,24,379.401846
-938.3618,38,379.43483
-296.8841,49,379.444093
434.33643,38,379.444151
-1137.5361,6,379.463914
-478.2342,23,379.497689
-598.09937,27,379.527188
-2371.3323,7,379.527264
-1063.9476,9,379.550468
1778.8695,130,379.579768
1414.4297,60,379.589151
-1093.4624,2,379.598257
-1114.0817,3,379.629109
732.0719,137,379.641891
-2955.5571,16,379.662696
-1037.9354,3,379.662775
-1034.8298,2,379.687576
-664.45154,46,379.687676
-1046.4042,14,379.696137
-1567.0612,15,379.712136
-194.6018,46,379.730981
-522.45856,41,379.740826
-1745.5562,11,379.740886
-953.8099,8,379.792763
-1477.0115,46,379.792853
-732.67896,10,379.79287
97.20984,42,379.807281
-1229.175,36,379.819624
-2165.7603,11,379.830375
-2832.5405,7,379.830456
-1054.9818,4,379.841031
-2852.3918,14,379.876963
-1515.5315,7,379.877019
-1064.5763,5,379.877035
-4.350342,41,379.877042
-1562.0869,51,379.88628
-1036.9264,6,379.896858
-880.003,32,379.896917
-84.6333,69,379.911985
-1297.622,3,379.912068
-2327.0295,23,379.925042
1594.4951,84,379.925219
-1035.9613,5,379.953318
233.80042,34,379.968838
-2314.0095,52,379.986825
-1740.5486,10,379.994032
-1106.3741,4,380.008816
-1822.1814,20,380.036279
1402.5453,66,380.054424
-2201.6855,20,380.066552
-1552.5961,29,380.079019
-4371.069,16,380.099932
-1027.6783,29,380.141071
-2163.4226,10,380.141145
-1399.5059,87,380.157574
-1317.6875,13,380.175945
-796.5377,9,380.184953
-1027.8997,8,380.185024
-1701.0901,8,380.210944
442.51495,127,380.243043
-1547.0903,6,380.252251
1555.2505,98,380.288921
-1477.0667,5,380.32353
-1067.4042,23,380.338271
-933.218,8,380.357862
-1122.9989,4,380.357964
-2162.8657,17,380.370963
-1294.3474,51,380.384428
-1116.2991,3,380.384501
-3054.0635,38,380.404904
527.9522,45,380.404966
-1591.8464,43,380.415402
1003.6155,79,380.415484
-2899.79,40,380.415499
-2029.1199,22,380.454413
-2290.3833,41,380.469276
-2755.8423,26,380.469337
-1069.6486,2,380.476879
-1268.1796,11,380.498136
-1779.0167,14,380.514234
-1079.4213,4,380.514292
-1325.5757,15,380.523109
-1110.759,3,380.53398
-1613.3022,54,380.534069
-3384.6323,18,380.603514
-923.23206,21,380.615639
-422.77124,61,380.615706
-178.42438,39,380.62931
-1452.0203,16,380.652435
-2864.4893,22,380.662785
-1361.5217,12,380.662883
37.09436,64,380.680406
-315.4225,53,380.70339
-1495.5234,14,380.70346
1584.5095,42,380.716771
-955.81226,60,380.73405
-1115.9458,5,380.761627
-992.58966,14,380.788281
1652.9026,76,380.83265
-3504.331,15,380.86609
-6997.6777,47,380.866164
-1035.9509,2,380.887933
-798.2539,21,380.898374
-4024.04,23,380.919004
-464.11646,63,380.919088
1074.5596,45,380.928423
-5186.0654,28,380.939283
-1202.1516,6,380.968453
2428.9087,106,380.978587
-1683.4478,33,380.97867
-2184.7488,18,380.988851
-1126.9937,5,380.988907
-1076.7803,3,381.007621
-284.485,45,381.026819
64.74548,44,381.038571
-1311.8334,11,381.038651
-1914.3496,30,381.05849
-50.899536,52,381.092854
297.59094,62,381.09293
-1125.6852,3,381.092947
600.53174,59,381.102842
-1752.2129,6,381.111912
-3636.523,38,381.120536
-1119.009,7,381.144953
-1587.6462,16,381.16713
-1540.4895,6,381.176913
-2942.1416,24,381.17698
-455.43646,48,381.176996
-1451.1658,8,381.187983
-1550.1785,37,381.188041
-71.30328,58,381.188055
-1852.6342,30,381.222291
-1116.5945,5,381.235491
-1030.6953,73,381.245458
-1034.7194,2,381.245526
-2140.4429,6,381.25457
-1023.2593,2,381.264832
-941.33734,4,381.274691
-1272.2269,25,381.350954
-1724.2527,23,381.367387
-1104.5962,28,381.367464
-1047.6805,2,381.383505
-1134.2487,3,381.416093
-1332.164,12,381.416154
-1760.6793,18,381.416167
-2112.609,6,381.439972
-1459.5634,3,381.464319
-1160.5792,3,381.464391
-1817.7439,62,381.480864
-3652.3943,31,381.480957
-1042.5032,2,381.502533
-1094.9336,6,381.502608
-2261.9905,20,381.512306
-1389.4216,42,381.52142
-1047.9441,29,381.544525
-942.209,4,381.544632
-1254.514,4,381.544656
-862.7273,21,381.558618
-1194.693,5,381.580162
-1137.1674,12,381.589155
358.43292,56,381.602754
-1552.5354,13,381.617869
-530.01324,41,381.645592
-847.7201,11,381.668643
352.53284,63,381.687877
-977.1103,43,381.708623
-2962.5356,17,381.734689
-1467.6731,55,381.753085
-1705.9432,9,381.753164
-908.38513,22,381.76275
-1078.1472,3,381.796473
-1491.7427,35,381.796594
-1987.6295,10,381.8222
-1809.7292,5,381.822259
-2618.2878,20,381.841991
-3486.3408,20,381.856531
-1624.1285,8,381.886995
-1462.2839,12,381.887094
-1256.2413,9,381.94746
4654.215,104,381.958083
-577.657,38,381.958151
-2770.1106,62,381.980009
-1062.5092,3,381.980081
-1939.6431,9,382.013797
1539.999,80,382.013859
-1143.322,61,382.075251
-1960.9275,37,382.075331
-1598.5353,9,382.091108
-1421.9492,11,382.110683
-1234.6736,17,382.110758
-1005.77594,41,382.110773
-1183.8728,5,382.167538
-1147.5868,7,382.167606
-2537.9783,54,382.180167
-1155.532,11,382.237357
656.73865,49,382.237453
3009.0415,112,382.258443
-56.357117,31,382.258486
-575.1102,98,382.258497
-1726.6271,16,382.301805
-1751.5718,17,382.301897
-2371.7822,23,382.320573
754.8974,43,382.32065
-1269.5842,8,382.372588
-3336.7903,62,382.372698
-1551.4275,14,382.372713
-329.34497,36,382.422792
-1732.3391,49,382.4441
-2308.4888,57,382.444207
-3485.817,27,382.455701
-1258.3464,38,382.46954
-1836.4868,13,382.469614
-588.8922,35,382.469631
-3288.3403,12,382.469641
-2761.6406,20,382.497549
-1149.6322,28,382.526726
-1711.4849,9,382.557948
-1624.0159,107,382.574319
-993.7079,8,382.574378
-342.26178,50,382.584678
-2565.4653,26,382.628663
668.9448,55,382.659922
-1037.302,10,382.696152
-1369.2325,36,382.718232
-2526.3096,18,382.727097
-571.461,34,382.741494
-1894.8484,17,382.741585
-1201.9581,23,382.750835
-40.45569,32,382.759753
312.1139,72,382.772577
-1058.552,3,382.795413
-2324.5376,37,382.814646
-1938.0361,19,382.903372
-1325.2617,24,382.903457
1115.4863,61,382.926253
-2667.6538,17,382.948345
-1044.8005,2,382.948411
-1172.8756,58,382.959875
-292.90875,22,383.01709
-1568.0823,8,383.033425
-944.2767,32,383.033489
-890.89087,9,383.044995
-1055.6746,2,383.064285
-2145.109,14,383.064354
-1601.2131,15,383.076651
-994.8318,6,383.097757
971.8421,57,383.125456
1649.0316,162,383.148958
1418.3889,70,383.188751
-1706.8092,57,383.206929
-3720.0908,45,383.228012
1057.0842,67,383.239346
-1118.2502,4,383.267866
1075.023,74,383.267941
-2566.044,52,383.307289
-1137.7639,24,383.325314
-1116.0657,11,383.377826
-1439.8284,14,383.442727
781.05164,34,383.458567
-1314.329,11,383.479887
-1812.1919,68,383.491584
-1699.2368,15,383.502248
-184.268,82,383.522919
1215.2817,108,383.548752
-1016.1765,4,383.565669
-1523.9424,48,383.590012
744.99066,45,383.600677
1634.6752,91,383.632531
-839.15137,8,383.655665
-911.7775,34,383.655744
-1225.168,10,383.665005
-2043.736,12,383.6743
-1461.5132,6,383.719165
-1020.23755,5,383.74067
-1199.7146,9,383.740753
-1976.144,14,383.750688
-582.4872,22,383.761127
-3158.3623,63,383.770707
-987.1448,9,383.770778
-1084.3724,2,383.801362
335.37927,73,383.810633
-3006.359,54,383.832525
-2089.1077,8,383.844902
-5863.123,21,383.844988
-2576.8853,60,383.845006
-986.5215,9,383.845016
-249.92078,119,383.854604
-862.7099,3,383.866207
-1564.3945,19,383.877349
-1046.9478,2,383.891988
-1139.4944,4,383.892066
-922.8697,42,383.929744
-951.3378,10,383.947636
-1447.0112,3,383.947701
-2553.829,18,383.957162
2443.1978,128,383.966714
1060.0588,42,383.977724
-912.2134,11,384.046705
-1801.6621,68,384.046796
-1805.102,5,384.046815
-3037.1929,106,384.059469
-1945.22,16,384.079055
-1362.5322,11,384.079141
-2759.0684,27,384.109171
1194.24,80,384.119209
-1150.8977,21,384.119251
-1264.4236,21,384.119261
-1090.431,8,384.15043
-1663.1368,20,384.189906
-451.11176,32,384.202508
-946.2901,8,384.217271
-1020.36926,9,384.217369
-1215.0673,15,384.231166
-1547.5055,11,384.259885
-534.0572,120,384.25995
821.7011,32,384.25997
-2583.9536,20,384.303318
-3100.2744,30,384.326497
-1155.1399,4,384.358189
-1054.982,8,384.358269
-1167.1178,19,384.379117
-1029.7345,3,384.390249
-1005.74493,11,384.390306
305.30304,36,384.390323
-1202.04,52,384.39033
-1689.1289,6,384.408745
19.920532,38,384.457223
624.8689,82,384.476169
-2054.2612,23,384.514969
-2020.3977,13,384.543394
-638.9414,43,384.564423
-2799.003,15,384.582503
-998.8634,7,384.591662
-2562.004,19,384.612795
2292.02,157,384.612872
-2471.195,21,384.62453
-1126.244,4,384.624599
-919.0695,48,384.646504
-1049.6927,2,384.667569
-987.02673,11,384.689528
-1097.1049,3,384.701129
-858.8683,9,384.7133
-689.58813,8,384.713378
-1062.1376,2,384.724042
-958.9363,8,384.785993
-3801.7861,37,384.786064
-124.544495,63,384.826946
-897.6011,19,384.842891
-1301.373,10,384.860817
-1804.8507,32,384.931195
1628.7458,85,384.931302
856.6327,60,384.942656
876.2339,62,384.942717
176.2218,47,384.953692
-1412.2863,4,384.978357
-459.99188,49,384.97842
864.2766,123,384.995081
-997.77905,11,384.995138
-1015.773,5,385.034314
3491.8916,157,385.034387
-2030.4348,47,385.058207
-2584.0884,9,385.091548
-1074.2961,6,385.101162
-1553.4141,22,385.125819
-573.5785,33,385.148151
-1679.1875,13,385.157787
-2551.0776,60,385.177521
-2482.508,19,385.190283
-2016.5161,32,385.201149
-1183.7087,14,385.215187
-1700.7163,22,385.215512
-1981.5356,17,385.215562
-3233.8394,56,385.284343
521.0157,39,385.284425
59.217102,84,385.284441
-1092.4059,9,385.318396
-989.42847,10,385.32946
-1609.8892,22,385.358795
-1709.663,29,385.369854
-808.90466,31,385.369923
-2569.2986,15,385.379385
1879.0789,131,385.387179
-2841.6104,106,385.407826
967.828,62,385.46284
-1101.2092,7,385.473736
-1753.592,11,385.473821
-1464.2482,12,385.482837
-2564.1946,20,385.495206
-1017.4821,6,385.537387
647.30145,39,385.556418
-93.16846,115,385.581182
-1900.9028,18,385.581246
-1454.9575,11,385.617447
-977.0955,7,385.643759
-1146.8225,5,385.643818
159.51874,52,385.675295
2061.6523,91,385.712032
835.699,73,385.712142
-545.8703,31,385.732743
1090.6567,50,385.753348
-4638.289,53,385.753395
-1261.1726,25,385.763725
-2604.8843,19,385.778966
-2286.7227,14,385.806114
-952.27325,55,385.826475
-940.5384,6,385.826546
-1179.6233,6,385.826563
-1240.0237,20,385.826572
-1002.03973,4,385.857981
-952.21204,4,385.868518
-3114.5488,15,385.888044
-1504.4242,50,385.897032
-1003.18994,6,385.926005
-1748.3784,7,385.926076
2868.497,144,385.926091
-3254.1152,19,385.926098
-725.24,39,385.947458
-1075.093,13,385.960131
-2153.4639,18,385.960211
-1101.9163,7,385.998873
-1569.8889,9,386.018205
-578.6841,74,386.045958
-1917.8092,62,386.046045
-152.93463,52,386.074385
818.19946,38,386.07445
-1455.8269,14,386.083972
-704.3817,28,386.084058
-1126.3289,7,386.135348
-1113.8389,5,386.153321
-1434.9912,20,386.167512
-349.14258,48,386.177906
-1188.8616,3,386.198062
-3161.532,35,386.236551
1935.9471,83,386.273259
-2033.175,16,386.287407
3787.2317,112,386.30827
2901.1187,90,386.323128
-2792.1929,23,386.335176
-1234.9003,31,386.335265
-1056.4999,2,386.359958
-1230.1237,6,386.360307
-480.32068,35,386.376926
-2823.707,45,386.431238
-490.27643,44,386.431315
92.263794,109,386.431332
-938.62964,6,386.457121
-2244.6353,8,386.468966
-1178.1014,16,386.477051
-3388.4194,21,386.487213
-1608.647,33,386.487284
-1018.6875,2,386.514801
-1310.8497,7,386.514919
-1096.0317,2,386.532778
-9.501038,60,386.532851
-1510.1213,73,386.543361
-964.067,8,386.559297
-1152.6826,4,386.582664
-120.23822,41,386.582735
-1237.3975,15,386.628762
-281.61548,57,386.654006
-1857.6327,27,386.654073
-1529.4877,44,386.679165
1256.1205,56,386.714932
3167.1714,86,386.748086
-1747.4396,17,386.748188
-975.7613,10,386.775443
-253.48413,128,386.787185
-3219.7437,11,386.80988
-782.1201,29,386.828938
-2302.6343,18,386.842633
-2228.7876,45,386.85563
156.92517,57,386.855945
-2661.0544,33,386.866493
-2937.2754,47,386.895906
102.83191,62,386.924758
-1819.9717,14,386.94026
-1008.0813,10,386.940341
-2688.6545,65,387.003433
-1010.865,11,387.015182
338.95776,46,387.015276
-1250.3424,11,387.031698
-1354.171,12,387.055472
-2723.5713,36,387.055544
-1548.2153,37,387.068753
-2552.1616,18,387.068879
-807.6255,8,387.08512
2317.3423,86,387.099283
-2727.7852,33,387.099352
-2089.2402,7,387.157043
-1145.6567,9,387.157102
-1772.9164,25,387.185583
-749.2196,9,387.185669
-1914.1392,18,387.205885
1453.7039,63,387.21757
-2315.5498,18,387.248402
-2886.3125,19,387.248532
-1618.3733,16,387.263548
-1417.8374,40,387.274094
-885.0859,43,387.274159
631.94965,59,387.286105
2074.3877,62,387.296154
-1111.5004,3,387.307446
-549.4856,59,387.307533
-1305.0334,7,387.307548
-1806.6013,44,387.320992
-1353.2787,25,387.321051
-1214.0635,6,387.330692
-3237.9592,24,387.341923
3043.7854,81,387.38073
-607.4563,10,387.415207
-811.4324,8,387.43948
-1121.352,9,387.457268
-2078.4941,17,387.46901
-1201.1671,4,387.488499
-1834.5105,10,387.488585
-3714.5005,25,387.529302
-1599.5295,17,387.529385
-2084.0532,22,387.558071
-4131.672,37,387.558137
-1807.5676,20,387.575205
-974.7156,2,387.589238
-1058.2825,3,387.622568
-762.5216,36,387.62264
-2865.5288,14,387.633069
-918.8137,13,387.674999
1375.1284,60,387.686718
-986.01935,8,387.706661
-1327.7693,25,387.717968
-1342.5247,75,387.736706
-951.7354,11,387.753473
-1096.7183,3,387.753557
-606.53455,58,387.800253
